$MeshFormat
2.2 0 8
$EndMeshFormat
$PhysicalNames
4
1 2 "boundary::domain"
1 3 "geology::active_interfaces"
1 4 "river::trace"
2 1 "zone::domain"
$EndPhysicalNames
$Nodes
1955
1 286012.5 6800887.5 0
2 286012.5 6818437.5 0
3 311887.5 6818437.5 0
4 311887.5 6800887.5 0
5 307800 6806437.35309621 0
6 307800 6806475 0
7 307800 6806550 0
8 307800 6806625 0
9 307875 6806700 0
10 307950 6806775 0
11 307950 6806850 0
12 308025 6806925 0
13 308100 6807000 0
14 308175 6807075 0
15 308250 6807150 0
16 308325 6807150 0
17 308325 6807225 0
18 308400 6807300 0
19 308437.5 6807337.5 0
20 308475 6807375 0
21 308550 6807375 0
22 308475 6807450 0
23 308400 6807525 0
24 308400 6807600 0
25 308325 6807675 0
26 308250 6807675 0
27 308175 6807675 0
28 308100 6807750 0
29 308025 6807750 0
30 307950 6807750 0
31 307875 6807750 0
32 307800 6807750 0
33 307725 6807750 0
34 307650 6807825 0
35 307575 6807900 0
36 307650 6807975 0
37 307725 6808050 0
38 307725 6808125 0
39 307800 6808200 0
40 307848.8321883808 6808248.832188381 0
41 306007.4242412638 6808810.018206366 0
42 305338.1353108237 6809088.080029776 0
43 305667.5024725484 6808617.502472549 0
44 305977.3692042817 6808174.785812753 0
45 306560.3339111932 6807297.625684011 0
46 306948.5084865228 6806898.508486521 0
47 306953.7753835057 6806893.093115973 0
48 307050 6806794.229241912 0
49 307264.6656417341 6806573.675731358 0
50 300525 6807450 0
51 300600 6807450 0
52 300675 6807375 0
53 300750 6807375 0
54 300825 6807300 0
55 300900 6807225 0
56 300900 6807150 0
57 300975 6807150 0
58 301050 6807150 0
59 301125 6807150 0
60 301200 6807075 0
61 301275 6807075 0
62 301350 6807075 0
63 301425 6807075 0
64 301500 6807075 0
65 301575 6807075 0
66 301650 6807075 0
67 301725 6807000 0
68 301800 6807000 0
69 301875 6807000 0
70 301950 6806925 0
71 302025 6806925 0
72 302100 6807000 0
73 302175 6807000 0
74 302250 6807000 0
75 302325 6807000 0
76 302400 6807000 0
77 302475 6807075 0
78 302550 6807000 0
79 302625 6807075 0
80 302700 6807075 0
81 302775 6807150 0
82 302850 6807150 0
83 302925 6807150 0
84 303000 6807225 0
85 303075 6807225 0
86 303150 6807225 0
87 303225 6807300 0
88 303300 6807300 0
89 303375 6807375 0
90 303450 6807450 0
91 303525 6807525 0
92 303600 6807525 0
93 303675 6807600 0
94 303750 6807600 0
95 303825 6807675 0
96 303825 6807750 0
97 303900 6807750 0
98 303975 6807825 0
99 304050 6807825 0
100 304125 6807900 0
101 304200 6807900 0
102 304275 6807900 0
103 304275 6807975 0
104 304350 6808050 0
105 304425 6808125 0
106 304500 6808200 0
107 304500 6808275 0
108 304575 6808350 0
109 304650 6808425 0
110 304725 6808500 0
111 304725 6808575 0
112 304650 6808650 0
113 304575 6808650 0
114 304500 6808725 0
115 304425 6808800 0
116 304350 6808875 0
117 304275 6808875 0
118 304200 6808875 0
119 304125 6808950 0
120 304050 6809025 0
121 303975 6809100 0
122 303900 6809175 0
123 303825 6809175 0
124 303750 6809175 0
125 303675 6809175 0
126 303600 6809175 0
127 303525 6809175 0
128 303450 6809175 0
129 303375 6809175 0
130 303300 6809175 0
131 303225 6809175 0
132 303150 6809175 0
133 303075 6809175 0
134 303000 6809175 0
135 302925 6809175 0
136 302850 6809250 0
137 302775 6809250 0
138 302700 6809325 0
139 302625 6809325 0
140 302550 6809325 0
141 302475 6809400 0
142 302400 6809400 0
143 302325 6809400 0
144 302250 6809400 0
145 302175 6809400 0
146 302100 6809400 0
147 302025 6809400 0
148 301950 6809400 0
149 301875 6809400 0
150 301800 6809400 0
151 301725 6809400 0
152 301650 6809400 0
153 301575 6809400 0
154 301500 6809400 0
155 301425 6809400 0
156 301350 6809400 0
157 301275 6809400 0
158 301200 6809475 0
159 301125 6809475 0
160 301050 6809475 0
161 300975 6809475 0
162 300900 6809475 0
163 300825 6809550 0
164 300750 6809550 0
165 300675 6809550 0
166 300675 6809625 0
167 300600 6809700 0
168 300600 6809775 0
169 300600 6809850 0
170 300600 6809925 0
171 300600 6810000 0
172 300600 6810075 0
173 300525 6810150 0
174 300450 6810225 0
175 300375 6810300 0
176 300300 6810375 0
177 300225 6810450 0
178 300225 6810525 0
179 300150 6810600 0
180 300075 6810675 0
181 300075 6810750 0
182 300075 6810818.512256155 0
183 300500.5761443801 6811055.53040417 0
184 301136.9313904894 6811040.564015061 0
185 301399.107263334 6811034.435366046 0
186 300685.1361396705 6811421.885767606 0
187 298609.8994098278 6812267.904018848 0
188 297825 6812417.880722358 0
189 296909.4699018982 6812592.818025608 0
190 296432.6937126754 6812667.54565772 0
191 296325 6812667.194675769 0
192 295396.9521457159 6812664.170097645 0
193 294832.5711068436 6812542.428893156 0
194 294597.7789928488 6812491.782480904 0
195 294156.6752768531 6812283.307239666 0
196 293824.8068538036 6811915.949360412 0
197 293853.4483143992 6811875 0
198 293959.8467034416 6811722.879755798 0
199 294111.376895669 6811566.85147317 0
200 293670.296156001 6811668.469958888 0
201 293271.3709427604 6811632.836797889 0
202 293049.443703317 6811426.977788613 0
203 292932.0020427835 6811240.156725489 0
204 293469.6117223235 6810825 0
205 294338.7307393613 6810153.842803794 0
206 294659.4695715981 6810455.234409574 0
207 294792.2648875212 6810675 0
208 294825 6810675 0
209 294900 6810750 0
210 294975 6810750 0
211 295050 6810750 0
212 295125 6810750 0
213 295200 6810750 0
214 295275 6810825 0
215 295350 6810825 0
216 295374.3117114654 6810849.311711465 0
217 295639.4199262158 6810762.66179497 0
218 296070.0918933219 6810495.091893322 0
219 296547.2275374319 6810198.654820287 0
220 297225 6809562.311228483 0
221 297225 6809550 0
222 297300 6809475 0
223 297375 6809400 0
224 297375 6809325 0
225 297450 6809250 0
226 297525 6809175 0
227 297600 6809100 0
228 297675 6809100 0
229 297729.8943930546 6809100 0
230 297907.8605590749 6808950 0
231 298350 6808577.339748775 0
232 298350 6808575 0
233 298352.7759741257 6808575 0
234 298738.2115156727 6808250.133018118 0
235 299370.686835709 6807967.176907724 0
236 299511.2058325544 6808013.794167445 0
237 299550 6807975 0
238 299625 6807975 0
239 299700 6807900 0
240 299775 6807900 0
241 299850 6807825 0
242 299925 6807750 0
243 300000 6807750 0
244 300075 6807675 0
245 300150 6807675 0
246 300225 6807600 0
247 300300 6807600 0
248 300375 6807525 0
249 300450 6807525 0
250 307050 6806850 0
251 307050 6806925 0
252 307125 6807000 0
253 307125 6807075 0
254 307200 6807075 0
255 307275 6807075 0
256 307350 6807075 0
257 307425 6807075 0
258 307500 6807075 0
259 307575 6807075 0
260 307650 6807075 0
261 307725 6807000 0
262 307800 6807000 0
263 307875 6807000 0
264 307950 6807000 0
265 306975 6806925 0
266 305700 6808650 0
267 305775 6808650 0
268 305850 6808650 0
269 305925 6808575 0
270 306000 6808650 0
271 306075 6808650 0
272 306150 6808575 0
273 306225 6808500 0
274 306300 6808425 0
275 306375 6808425 0
276 306450 6808500 0
277 306525 6808425 0
278 306600 6808500 0
279 306675 6808425 0
280 306750 6808350 0
281 306825 6808350 0
282 306900 6808275 0
283 306975 6808200 0
284 307050 6808200 0
285 307125 6808125 0
286 307200 6808125 0
287 307275 6808050 0
288 307350 6807975 0
289 307425 6807975 0
290 307500 6807900 0
291 300010.4877955554 6808179.43125187 0
292 300214.2093360088 6808505.856564028 0
293 300152.3186373158 6809030.110683935 0
294 299725.1694792042 6809750.705241919 0
295 299649.0849314136 6809992.063457373 0
296 299694.8510528705 6810397.021813343 0
297 299978.8574777035 6810764.967143533 0
298 297975 6808950 0
299 298050 6808950 0
300 298125 6808875 0
301 298200 6808800 0
302 298275 6808800 0
303 298350 6808725 0
304 298350 6808650 0
305 297750 6809100 0
306 297825 6809100 0
307 297900 6809025 0
308 297607.8187543903 6809202.892286827 0
309 297225 6809625 0
310 297150 6809700 0
311 297075 6809775 0
312 297075 6809850 0
313 297000 6809925 0
314 297000 6810000 0
315 297000 6810075 0
316 297000 6810150 0
317 297000 6810225 0
318 297000 6810300 0
319 296925 6810375 0
320 296850 6810450 0
321 296850 6810525 0
322 296925 6810600 0
323 296925 6810675 0
324 297000 6810750 0
325 297000 6810825 0
326 297075 6810900 0
327 297075 6810975 0
328 297075 6811050 0
329 297150 6811125 0
330 297150 6811200 0
331 297150 6811275 0
332 297225 6811350 0
333 297300 6811350 0
334 297375 6811350 0
335 297450 6811350 0
336 297525 6811425 0
337 297600 6811425 0
338 297600 6811500 0
339 297675 6811575 0
340 297750 6811650 0
341 297825 6811725 0
342 297900 6811800 0
343 297900 6811875 0
344 297975 6811950 0
345 297975 6812025 0
346 298050 6812100 0
347 298050 6812175 0
348 297975 6812250 0
349 297900 6812325 0
350 297825 6812400 0
351 299475 6808050 0
352 299400 6808125 0
353 299325 6808200 0
354 299250 6808275 0
355 299175 6808275 0
356 299100 6808275 0
357 299025 6808275 0
358 298950 6808275 0
359 298875 6808275 0
360 298800 6808350 0
361 298725 6808350 0
362 298650 6808350 0
363 298575 6808425 0
364 298500 6808500 0
365 298425 6808575 0
366 293475 6810825 0
367 293550 6810900 0
368 293625 6810975 0
369 293700 6810975 0
370 293775 6810975 0
371 293850 6811050 0
372 293925 6811050 0
373 294000 6811050 0
374 294075 6811125 0
375 294150 6811125 0
376 294225 6811125 0
377 294300 6811050 0
378 294375 6810975 0
379 294450 6810900 0
380 294525 6810825 0
381 294600 6810825 0
382 294675 6810750 0
383 294750 6810675 0
384 294771.4074365041 6810886.937091389 0
385 294863.1769859358 6810792.353831858 0
386 294925.7915134134 6810995.909347998 0
387 295425 6810900 0
388 295500 6810975 0
389 295500 6811050 0
390 295575 6811125 0
391 295650 6811125 0
392 295725 6811125 0
393 295800 6811125 0
394 295875 6811125 0
395 295950 6811200 0
396 296025 6811200 0
397 296100 6811200 0
398 296175 6811200 0
399 296250 6811200 0
400 296325 6811125 0
401 296400 6811125 0
402 296475 6811125 0
403 296550 6811050 0
404 296475 6810975 0
405 296475 6810900 0
406 296550 6810825 0
407 296475 6810750 0
408 296550 6810675 0
409 296625 6810600 0
410 296550 6810600 0
411 296475 6810600 0
412 296400 6810600 0
413 296325 6810525 0
414 296250 6810450 0
415 296175 6810525 0
416 296100 6810525 0
417 293925 6811875 0
418 294000 6811950 0
419 294075 6811950 0
420 294150 6812025 0
421 294150 6812100 0
422 294225 6812175 0
423 294300 6812175 0
424 294375 6812175 0
425 294450 6812100 0
426 294525 6812025 0
427 294600 6812025 0
428 294675 6812025 0
429 294750 6812025 0
430 294825 6812025 0
431 294900 6812025 0
432 294975 6812025 0
433 295050 6812025 0
434 295125 6812100 0
435 295200 6812100 0
436 295275 6812100 0
437 295350 6812100 0
438 295425 6812100 0
439 295500 6812025 0
440 295575 6812025 0
441 295650 6812025 0
442 295650 6811950 0
443 295725 6811875 0
444 295725 6811800 0
445 295800 6811725 0
446 295800 6811650 0
447 295800 6811575 0
448 295875 6811500 0
449 295875 6811425 0
450 295875 6811350 0
451 295950 6811275 0
452 295350 6812175 0
453 295275 6812250 0
454 295200 6812325 0
455 295125 6812325 0
456 295050 6812400 0
457 294975 6812475 0
458 294900 6812475 0
459 296325 6812625 0
460 296325 6812550 0
461 296325 6812475 0
462 296250 6812400 0
463 296250 6812325 0
464 296325 6812250 0
465 296400 6812175 0
466 296475 6812100 0
467 296550 6812025 0
468 296625 6811950 0
469 296700 6811875 0
470 296700 6811800 0
471 296700 6811725 0
472 296700 6811650 0
473 296625 6811575 0
474 296625 6811500 0
475 296625 6811425 0
476 296550 6811350 0
477 296550 6811275 0
478 296550 6811200 0
479 296775 6810525 0
480 296700 6810600 0
481 306975 6805800 0
482 306975 6805875 0
483 306975 6805950 0
484 307050 6806025 0
485 307050 6806100 0
486 307050 6806175 0
487 306975 6806250 0
488 306975 6806325 0
489 306450 6805800 0
490 306525 6805875 0
491 306525 6805950 0
492 306600 6806025 0
493 306675 6806100 0
494 306750 6806175 0
495 306825 6806175 0
496 306900 6806250 0
497 305550 6806250 0
498 305625 6806325 0
499 305700 6806325 0
500 305775 6806400 0
501 305850 6806475 0
502 305925 6806550 0
503 306000 6806625 0
504 306075 6806625 0
505 306150 6806700 0
506 306225 6806700 0
507 306300 6806775 0
508 305400 6807075 0
509 305475 6807000 0
510 305550 6807000 0
511 305625 6807000 0
512 305700 6806925 0
513 305775 6806925 0
514 305850 6806925 0
515 305925 6806850 0
516 306000 6806850 0
517 306075 6806775 0
518 306150 6806775 0
519 306225 6806775 0
520 296475 6807825 0
521 296550 6807900 0
522 296625 6807975 0
523 296700 6808050 0
524 296775 6808125 0
525 296850 6808200 0
526 296925 6808275 0
527 297000 6808350 0
528 297075 6808425 0
529 297075 6808500 0
530 297150 6808575 0
531 297225 6808650 0
532 294600 6808800 0
533 294675 6808875 0
534 294750 6808950 0
535 294825 6808950 0
536 294900 6808875 0
537 294975 6808875 0
538 295050 6808800 0
539 295125 6808800 0
540 295200 6808800 0
541 295275 6808800 0
542 295350 6808800 0
543 295425 6808800 0
544 295500 6808725 0
545 295575 6808725 0
546 295650 6808650 0
547 295725 6808650 0
548 295800 6808575 0
549 295875 6808500 0
550 295950 6808500 0
551 296025 6808500 0
552 296100 6808500 0
553 296175 6808500 0
554 296250 6808425 0
555 296325 6808425 0
556 296400 6808425 0
557 296475 6808500 0
558 296550 6808500 0
559 296625 6808500 0
560 296700 6808500 0
561 296775 6808575 0
562 296850 6808575 0
563 296925 6808575 0
564 297000 6808650 0
565 297075 6808650 0
566 297150 6808650 0
567 293925 6809100 0
568 293925 6809175 0
569 294000 6809250 0
570 294075 6809250 0
571 294150 6809250 0
572 294225 6809250 0
573 294300 6809250 0
574 294375 6809250 0
575 294450 6809250 0
576 294525 6809250 0
577 294600 6809175 0
578 294675 6809175 0
579 294750 6809175 0
580 294825 6809100 0
581 294825 6809025 0
582 292575 6809850 0
583 292650 6809925 0
584 292650 6810000 0
585 292725 6810075 0
586 292725 6810150 0
587 292725 6810225 0
588 292800 6810300 0
589 292875 6810375 0
590 292950 6810375 0
591 293025 6810450 0
592 293100 6810525 0
593 293175 6810600 0
594 293250 6810675 0
595 293325 6810750 0
596 293400 6810825 0
597 292200 6811125 0
598 292275 6811125 0
599 292350 6811125 0
600 292425 6811125 0
601 292500 6811125 0
602 292575 6811125 0
603 292650 6811050 0
604 292725 6811050 0
605 292800 6811050 0
606 292875 6810975 0
607 292950 6810900 0
608 293025 6810900 0
609 293100 6810900 0
610 293175 6810825 0
611 293250 6810825 0
612 293325 6810825 0
613 290925 6812550 0
614 291000 6812625 0
615 291075 6812625 0
616 291150 6812625 0
617 291225 6812625 0
618 291300 6812625 0
619 291375 6812625 0
620 291450 6812625 0
621 291525 6812700 0
622 291600 6812775 0
623 291675 6812775 0
624 291750 6812850 0
625 291825 6812850 0
626 291900 6812850 0
627 291975 6812925 0
628 292050 6813000 0
629 292125 6813000 0
630 292200 6813075 0
631 290400 6813600 0
632 290475 6813525 0
633 290550 6813450 0
634 290625 6813450 0
635 290700 6813450 0
636 290775 6813450 0
637 290850 6813450 0
638 290925 6813450 0
639 291000 6813450 0
640 291075 6813450 0
641 291150 6813375 0
642 291225 6813300 0
643 291300 6813300 0
644 291375 6813375 0
645 291450 6813375 0
646 291525 6813375 0
647 291600 6813300 0
648 291675 6813300 0
649 291750 6813300 0
650 291825 6813225 0
651 291825 6813150 0
652 291900 6813075 0
653 291975 6813075 0
654 292050 6813075 0
655 292125 6813075 0
656 290400 6814350 0
657 290475 6814350 0
658 290550 6814275 0
659 290625 6814200 0
660 290700 6814200 0
661 290775 6814125 0
662 290850 6814050 0
663 290925 6814050 0
664 291000 6813975 0
665 291075 6813975 0
666 291150 6813900 0
667 291225 6813825 0
668 291300 6813825 0
669 291375 6813750 0
670 291450 6813675 0
671 291525 6813600 0
672 291600 6813600 0
673 291675 6813525 0
674 291675 6813450 0
675 291675 6813375 0
676 295711.7424550471 6815242.142324637 0
677 296088.9962393108 6815196.265865233 0
678 296330.2502464328 6815111.859911256 0
679 294905.0537430333 6814332.863492738 0
680 293760.2156976097 6814653.159189019 0
681 293648.9049559454 6814458.393003349 0
682 292845.6242032083 6814623.217797289 0
683 296226.3615421844 6815258.859342007 0
684 296411.4525629542 6815156.440764013 0
685 296644.1457044794 6814989.413590849 0
686 299038.3208605057 6813232.136905392 0
687 296787.0265415397 6813806.409006367 0
688 300195.6058258131 6812936.930515515 0
689 300596.4968409307 6812834.669108122 0
690 302360.7119661429 6811678.384896652 0
691 303644.5740720314 6811091.631995283 0
692 308007.3295553924 6806384.556725309 0
693 309174.5419243511 6806505.154016621 0
694 299078.3136045717 6805673.08262124 0
695 298776.0498652851 6806058.888037183 0
696 298533.8884928256 6805822.615782113 0
697 298532.7584748958 6805744.452938845 0
698 289744.0709856935 6816030.778143748 0
699 290957.4267103048 6815275.229393565 0
700 291193.1682856911 6815176.128361044 0
701 286012.5 6802837.5 0
702 286012.5 6804787.5 0
703 286012.5 6806737.5 0
704 286012.5 6808687.5 0
705 286012.5 6810637.5 0
706 286012.5 6812587.5 0
707 286012.5 6814537.5 0
708 286012.5 6816487.5 0
709 288002.8846153846 6818437.5 0
710 289993.2692307692 6818437.5 0
711 291983.6538461538 6818437.5 0
712 293974.0384615384 6818437.5 0
713 295964.4230769231 6818437.5 0
714 297954.8076923077 6818437.5 0
715 299945.1923076923 6818437.5 0
716 301935.5769230769 6818437.5 0
717 303925.9615384615 6818437.5 0
718 305916.3461538461 6818437.5 0
719 307906.7307692308 6818437.5 0
720 309897.1153846154 6818437.5 0
721 311887.5 6816487.5 0
722 311887.5 6814537.5 0
723 311887.5 6812587.5 0
724 311887.5 6810637.5 0
725 311887.5 6808687.5 0
726 311887.5 6806737.5 0
727 311887.5 6804787.5 0
728 311887.5 6802837.5 0
729 309897.1153846154 6800887.5 0
730 307906.7307692308 6800887.5 0
731 305916.3461538462 6800887.5 0
732 303925.9615384616 6800887.5 0
733 301935.5769230769 6800887.5 0
734 299945.1923076923 6800887.5 0
735 297954.8076923077 6800887.5 0
736 295964.4230769231 6800887.5 0
737 293974.0384615385 6800887.5 0
738 291983.6538461539 6800887.5 0
739 289993.2692307692 6800887.5 0
740 288002.8846153846 6800887.5 0
741 307541.9308638613 6808342.363191378 0
742 307235.0295393418 6808435.894194376 0
743 306928.1282148223 6808529.425197374 0
744 306621.2268903028 6808622.956200371 0
745 306314.3255657832 6808716.487203369 0
746 305786.8517135451 6808901.656953792 0
747 305551.3433443157 6808999.500924607 0
748 305502.818891686 6808852.791251163 0
749 305822.4358384151 6808396.144142651 0
750 306157.8757656842 6807903.1859084 0
751 306379.8186572062 6807569.238667696 0
752 306754.421198858 6807098.067085266 0
753 307532.3328208671 6806505.514413784 0
754 300287.7880721901 6810937.021330163 0
755 300780.2298098268 6811048.953251552 0
756 301013.8924706887 6811243.479711329 0
757 300237.3596980411 6811604.432190695 0
758 299714.6272956778 6811817.536144839 0
759 299241.8531820327 6812010.273447098 0
760 298884.917015042 6812155.786731178 0
761 298348.2662732185 6812317.896253351 0
762 298086.6331366093 6812367.888487855 0
763 297519.8233006328 6812476.193156774 0
764 297214.6466012655 6812534.505591191 0
765 296670.5786771212 6812630.260699893 0
766 296015.6507152386 6812666.186483061 0
767 295706.3014304772 6812665.178290353 0
768 295114.7616262797 6812603.299495401 0
769 294381.5566801457 6812389.591097863 0
770 293990.4484398254 6812099.304381652 0
771 293897.0649294428 6811616.225783859 0
772 293200.8068825535 6811032.578362744 0
773 293686.8914765829 6810657.210700949 0
774 293904.1712308424 6810489.421401897 0
775 294121.4509851018 6810321.632102845 0
776 294499.0911203233 6810304.530116536 0
777 295854.7559097689 6810628.876844146 0
778 296308.6597153769 6810346.873356804 0
779 296773.1516916212 6809986.540289685 0
780 296999.0758458106 6809774.425759085 0
781 298128.9302795375 6808763.669874387 0
782 298545.4937448992 6808412.566509059 0
783 299047.7859895772 6808111.635931768 0
784 299760.8468140549 6808096.612709657 0
785 300105.3925732551 6808331.498243003 0
786 299938.74405826 6809390.407962927 0
787 299849.0957230017 6810596.853933742 0
788 297416.4093771952 6809382.601757655 0
789 294346.3347786817 6811324.815334098 0
790 294566.7348218386 6811097.775599091 0
791 295150.0516124394 6810922.610529731 0
792 295851.4487260291 6814850.152372201 0
793 295378.0457829394 6814591.395634934 0
794 294394.304824371 6814475.757661203 0
795 298445.4770886539 6813383.362640535 0
796 297892.6602396158 6813524.378095813 0
797 297339.8433905778 6813665.39355109 0
798 296159.7022753709 6813981.893835157 0
799 295532.3780092021 6814157.378663948 0
800 301189.7495546938 6812445.845354979 0
801 301766.8402091276 6812067.614376924 0
802 302973.472362984 6811398.340070155 0
803 308317.7616103868 6806416.630807082 0
804 308710.758740289 6806457.23557672 0
805 290366.5393619764 6815643.171117886 0
806 301162.5 6804937.5 0
807 303711.4436619718 6805165.669014084 0
808 296521.0140520194 6805812.626773743 0
809 294793.3488305008 6807041.466972508 0
810 289189.6668777236 6812221.159332049 0
811 304265.4530004546 6806390.346330352 0
812 297604.2195739267 6806920.780426073 0
813 291346.410816415 6811524.593743891 0
814 292312.5 6812036.413043479 0
815 291933.5247706889 6810358.712597499 0
816 307015.5504713199 6811881.689414228 0
817 291822.5943498056 6806905.66982965 0
818 301296.6707384957 6806335.097204289 0
819 302275.408528051 6806299.046848985 0
820 303174.3340480717 6809947.892086922 0
821 301537.5 6810187.5 0
822 295210.575113219 6808073.661643531 0
823 293412.3161685388 6809845.553896066 0
824 300288.7441299759 6806712.756787574 0
825 296679.9143510072 6809143.699581008 0
826 308351.3556207221 6804573.17783385 0
827 295349.9894509417 6809436.639942204 0
828 304965.6077047958 6807640.184435545 0
829 304721.0973747179 6810000.008202512 0
830 299381.2294016892 6807178.094102534 0
831 292190.4102612501 6813569.862511941 0
832 304931.9923014458 6806461.219543349 0
833 293242.8700180028 6812534.918705761 0
834 295762.4211996653 6807936.755986554 0
835 300904.6349093947 6806648.315732692 0
836 301087.5 6809962.5 0
837 292480.2122309515 6810683.240516995 0
838 290631.2495445281 6812918.59985617 0
839 307656.0031658491 6805620.787343287 0
840 297640.5159168643 6808134.741117441 0
841 296108.6437582609 6808973.863399516 0
842 305829.2237061472 6805735.458794535 0
843 306694.7014442798 6804032.061438272 0
844 291156.8327432369 6812008.28750127 0
845 304161.0528795062 6807396.782894148 0
846 291430.4190049808 6814600.006599948 0
847 306674.4265208429 6806572.695097972 0
848 288590.5675540256 6813970.223871497 0
849 297116.0605985691 6809093.611106823 0
850 308348.8244800789 6808237.245378871 0
851 308849.7733081332 6807716.493705336 0
852 306240.8253207839 6806237.948207208 0
853 295552.6152027076 6808259.914981888 0
854 291804.1639951433 6812375.856765208 0
855 292206.4461786442 6812565.405352741 0
856 290812.5 6814612.5 0
857 294828.0497363062 6809758.090438472 0
858 290986.2656075121 6812988.498618048 0
859 293756.6218548927 6807728.812468921 0
860 305496.0134364067 6806700.408597698 0
861 294042.532093575 6813489.276326421 0
862 303764.6248054541 6807155.552123652 0
863 305006.4718449979 6808101.151053795 0
864 304762.5 6809062.5 0
865 300623.9842773405 6810664.49109644 0
866 291665.6575248785 6814063.826552646 0
867 292780.0143457843 6808429.725884309 0
868 294304.728368053 6808855.375976906 0
869 298805.7075426161 6815329.647698215 0
870 290727.0833333333 6813766.979166667 0
871 293993.3306329643 6809724.861121525 0
872 294807.4007986419 6808496.048304231 0
873 290371.1614459697 6813943.720472205 0
874 291425 6812989.968185551 0
875 308587.5 6807112.5 0
876 295087.2310653521 6810397.663005152 0
877 304457.7700590476 6809250.90017188 0
878 296210.9685720173 6808060.521151671 0
879 306765.6523838646 6805589.282568436 0
880 294647.1054515793 6815850.821603166 0
881 305949.0796016959 6810299.255083608 0
882 308022.9353176738 6808041.561104945 0
883 308277.8690214907 6807929.336830058 0
884 301571.7322173116 6806746.910153943 0
885 302230.398829393 6806716.992637962 0
886 302909.6395003933 6806828.259262022 0
887 303057.0477211531 6809495.846484011 0
888 302662.5 6809587.5 0
889 301410.4591836735 6809732.45237767 0
890 300893.4766763849 6809809.311224489 0
891 307244.4919288185 6805844.398802006 0
892 305815.7457610554 6807209.800383106 0
893 306151.4014348653 6807047.677414776 0
894 295125.850765719 6809125.984509368 0
895 295335.5317193211 6808478.215151856 0
896 296505.9753172722 6808766.38762192 0
897 294712.5 6809437.5 0
898 292464.5995179334 6810234.335701743 0
899 291926.2630290114 6813490.811771759 0
900 304780.8309453434 6814808.758336594 0
901 299428.4977982177 6807706.207610031 0
902 289696.9903470452 6810344.719015965 0
903 292817.1703885555 6810675.61732549 0
904 302100.9645714694 6810113.175469348 0
905 291059.6354166667 6813653.098958333 0
906 305198.3360931173 6808526.507648674 0
907 300657.9827199101 6807042.653217181 0
908 292980.1204789705 6810021.192792928 0
909 306794.2753973107 6805818.526261406 0
910 297510.06162479 6808739.2262249 0
911 291478.8139663976 6808959.044008112 0
912 298196.1185789714 6803177.178353479 0
913 289893.5601521994 6812937.608234973 0
914 295451.5147342071 6810504.92808085 0
915 307145.9751499546 6809794.521741826 0
916 296571.3164688438 6808228.306523214 0
917 305749.5016795509 6806690.676074713 0
918 308000.301509559 6809334.811256375 0
919 294101.6721933092 6809120.220315062 0
920 291656.3888888889 6813158.052020617 0
921 291975.1328008144 6813257.394784421 0
922 292634.5693331009 6811678.619271208 0
923 296341.1585104708 6808566.689583589 0
924 302302.8793869633 6814791.210403003 0
925 303862.5 6809857.142857143 0
926 297288.3855271199 6807528.234724672 0
927 295115.6116301733 6813447.103217619 0
928 297323.5761331163 6816800.154965206 0
929 293271.3501041562 6809178.942667829 0
930 289381.5146569303 6814949.82994468 0
931 307831.2392402236 6807910.753729962 0
932 296376.754096044 6813309.503258451 0
933 294507.0380613421 6808967.562662818 0
934 291262.5 6813562.5 0
935 290196.9369385752 6811715.74646159 0
936 293038.7284800768 6810721.038397137 0
937 295955.375153447 6815671.530818503 0
938 293474.1080406514 6810379.47022509 0
939 293962.6558235105 6804264.337678667 0
940 309211.6917060201 6805289.231245384 0
941 305112.1596189417 6804356.382909002 0
942 304857.2352508707 6805469.314850968 0
943 308396.6089377545 6806778.391062246 0
944 291790.1984126984 6812995.793145803 0
945 298614.5528033008 6807410.604132697 0
946 303412.5 6809571.428571428 0
947 301768.7677301166 6809787.91086919 0
948 291988.8112168276 6816620.134375588 0
949 296188.8473366919 6814537.809355812 0
950 306821.1594246639 6806008.565782676 0
951 298039.0920322562 6806392.364726486 0
952 297650.8332611418 6805669.73773087 0
953 306168.9073035106 6809665.581565418 0
954 299946.0592373358 6807216.558611398 0
955 296837.5 6808412.5 0
956 294673.004229038 6809060.284740313 0
957 291412.5 6813498.214285715 0
958 295314.3617069977 6810709.415970493 0
959 307266.8353681515 6805092.681336764 0
960 310113.9309515422 6809144.046670039 0
961 293122.9274839601 6813683.584876741 0
962 304952.4345385801 6811139.698501433 0
963 308410.471487616 6814689.724715559 0
964 303150.0829564263 6802694.342308082 0
965 293330.5118743792 6811993.656688568 0
966 300320.0611083104 6807192.630503897 0
967 295690.4958610036 6809122.516259554 0
968 296071.8419568191 6809699.594215605 0
969 308437.5 6807187.5 0
970 294972.6233584447 6810630.90571721 0
971 310157.458190764 6803782.819261077 0
972 289431.6418393719 6804285.194848503 0
973 292963.802025372 6809536.197974628 0
974 299587.5 6807862.5 0
975 290464.0282210743 6814840.003175015 0
976 289277.3706416375 6807518.649923834 0
977 306175.2560682234 6805201.419154501 0
978 302351.8968730227 6809768.278631937 0
979 307412.548657252 6806123.257386771 0
980 294416.1956287296 6809583.705449108 0
981 303454.4784877606 6813349.765015336 0
982 305516.6181005018 6807788.583259633 0
983 287529.1752202381 6815737.881301867 0
984 297248.7294329773 6814462.303240448 0
985 292282.1824050861 6811595.893148329 0
986 307765.1121264371 6802689.240397193 0
987 310451.7670786128 6807635.856106409 0
988 293685.54610482 6808428.946663533 0
989 300634.5087323947 6814528.827931941 0
990 307257.6023132958 6806351.619432769 0
991 292195.339048003 6809174.048958726 0
992 299631.840352936 6806550.254955255 0
993 292722.9686350203 6811182.110702196 0
994 307831.3781246835 6808091.849236674 0
995 308093.7022124914 6806615.973823005 0
996 289617.0620787508 6814285.701085714 0
997 300342.8375137891 6810717.83751379 0
998 293316.1878894404 6805997.24624479 0
999 303385.7142857143 6806941.071428572 0
1000 303227.6884202717 6806101.252459632 0
1001 308212.5 6807787.5 0
1002 300559.9886172172 6807324.583361595 0
1003 300415.4249542546 6807417.452310915 0
1004 301095.3092461475 6807035.691497126 0
1005 301612.5 6806962.5 0
1006 301788.8188881874 6806904.915736278 0
1007 302161.4855470561 6806884.822765041 0
1008 302837.0913571991 6807061.179894575 0
1009 303059.3701020809 6807107.41165939 0
1010 303269.1026062992 6807175.65863966 0
1011 303712.5 6807487.5 0
1012 304007.9405899295 6807682.464520592 0
1013 304162.5 6807787.5 0
1014 302976.0068173076 6809278.233171185 0
1015 302801.1506483515 6809374.868522171 0
1016 302587.5 6809437.5 0
1017 301326.4941690962 6809520.962584565 0
1018 300941.9252394835 6809592.401603498 0
1019 300748.5764033505 6809675.190314221 0
1020 299962.5 6807637.5 0
1021 300112.5 6807562.5 0
1022 300242.0064714144 6807444.877346601 0
1023 307087.5 6805912.5 0
1024 306955.769928083 6806116.695722834 0
1025 307087.5 6806287.5 0
1026 306787.7218338355 6806306.968651682 0
1027 305940.5627099439 6806731.647009339 0
1028 306192.936879738 6806557.692041594 0
1029 305560.9392423614 6806892.449178997 0
1030 305737.5 6807037.5 0
1031 305815.3227990722 6806819.976185446 0
1032 305941.735313703 6806972.496828269 0
1033 306115.0909640812 6806872.779993905 0
1034 297194.5594232421 6808480.967557669 0
1035 296967.8571428572 6808485.714285715 0
1036 294933.0863102509 6809005.419680219 0
1037 294934.5667997737 6808743.091384038 0
1038 295092.34815371 6808906.527129125 0
1039 295380.075959903 6808696.632776796 0
1040 295544.2493101673 6808860.002709926 0
1041 295529.1553961155 6808590.537031688 0
1042 295716.1726624951 6808781.186761589 0
1043 296134.0136922384 6808374.767808033 0
1044 295912.5 6808225 0
1045 296520.902352692 6808396.577782224 0
1046 296662.5 6808612.5 0
1047 296828.2044346678 6808705.368915323 0
1048 294487.5 6809137.5 0
1049 294655.3281539889 6809270.510791696 0
1050 292762.5 6809962.5 0
1051 292637.8499196556 6810107.805950291 0
1052 292537.5 6811012.5 0
1053 291615.5839002267 6812897.330478853 0
1054 291787.5 6812737.5 0
1055 291257.1428571428 6813408.673469388 0
1056 291449.2361111111 6813247.185561486 0
1057 291557.8125 6813479.464285715 0
1058 291787.5 6813412.5 0
1059 290887.5 6813937.5 0
1060 291061.6071428572 6814084.821428572 0
1061 291323.9243955615 6814160.944741805 0
1062 298142.7742304694 6812971.74437643 0
1063 305180.7944759342 6802383.031170652 0
1064 294611.6815007855 6813116.250764704 0
1065 307301.7791659171 6809125.618694985 0
1066 298302.0279092919 6808413.254450458 0
1067 301204.4067301928 6806799.621184773 0
1068 292064.3109954543 6815278.070328446 0
1069 297166.8657494092 6813112.169284994 0
1070 299400.0922496416 6812743.697645396 0
1071 302284.7050332583 6810724.425421746 0
1072 300229.7837078596 6812310.324856248 0
1073 294984.4436945796 6809383.275828448 0
1074 310696.6387211698 6805880.324457768 0
1075 294065.8023446821 6812927.555304158 0
1076 291452.718327096 6810883.433663583 0
1077 290701.6407618391 6809990.136785229 0
1078 294286.2349921995 6808357.558223134 0
1079 297226.2476679443 6807967.127789275 0
1080 296772.4288694202 6807504.4087723 0
1081 296007.7961255358 6806872.932411226 0
1082 287739.0500405572 6812664.651239605 0
1083 290279.7144398487 6812484.573211334 0
1084 289709.5877551328 6813530.772394147 0
1085 308390.8250610271 6811025.984086425 0
1086 309436.1713549872 6807155.18475426 0
1087 305658.5895481703 6809554.688677425 0
1088 302068.1881957681 6809731.059563584 0
1089 300175.8036551399 6810717.624442873 0
1090 298724.4826141553 6804371.257620425 0
1091 307048.3909853884 6806501.420447257 0
1092 299718.75 6807618.75 0
1093 306567.5563761581 6806299.670142746 0
1094 292763.7052902493 6809745.192287158 0
1095 293690.9491174765 6809484.050882524 0
1096 294896.6619850188 6814981.82622378 0
1097 307903.7188239834 6806589.361506902 0
1098 308076.0847842508 6806823.446513553 0
1099 308293.4617152507 6807034.604696975 0
1100 308481.25 6807281.25 0
1101 308534.3372180222 6807578.790617556 0
1102 308535.8673214046 6807825.171213403 0
1103 300752.5673338753 6807256.033796968 0
1104 302682.7884762654 6806964.608907051 0
1105 303560.8832709647 6807393.216415679 0
1106 304398.4375 6807945.3125 0
1107 304619.0024356848 6807983.80685562 0
1108 304633.7154066369 6808236.350825667 0
1109 304613.8422141816 6808779.460706476 0
1110 304852.1698717984 6808784.821577847 0
1111 304247.1223524269 6808999.08709882 0
1112 300353.058779734 6810489.549138912 0
1113 297245.833174851 6809363.896650572 0
1114 299745.4719387755 6807795.471938776 0
1115 306394.1991614189 6805946.995724475 0
1116 306645.1336553035 6805924.511943273 0
1117 305676.2096673985 6806141.758487444 0
1118 305909.1976661831 6806199.388295946 0
1119 305662.3609762644 6806452.559879024 0
1120 306032.4314771651 6806489.360681104 0
1121 305562.7958384106 6807110.832151379 0
1122 294786.7364639145 6808831.053269778 0
1123 295692.2551184396 6808523.309048427 0
1124 295912.5 6808612.5 0
1125 292541.9944589651 6809988.246792906 0
1126 291952.3114848017 6809569.802935031 0
1127 292837.5 6810187.5 0
1128 292920.3237008983 6810501.728383013 0
1129 292750.4228598537 6810932.778691804 0
1130 292983.2584179053 6810999.676441176 0
1131 291037.5 6812512.5 0
1132 291412.5 6812737.5 0
1133 291631.7710620342 6812635.312795675 0
1134 292086.3713649857 6812868.29083469 0
1135 292349.9606029355 6812920.181350616 0
1136 292853.6916407112 6813139.368190496 0
1137 290592.8146258504 6813557.527028669 0
1138 291037.1027583273 6813325.323271698 0
1139 290450.4445767109 6814205.662724921 0
1140 290655.666909621 6814329.5601123 0
1141 290925.8797470184 6814324.987091785 0
1142 290673.2736695017 6814053.607795474 0
1143 290887.5 6814162.5 0
1144 291037.5 6813862.5 0
1145 291232.8661126312 6813959.328202911 0
1146 291278.6892361111 6813715.099826389 0
1147 291561.4035180591 6813732.132851033 0
1148 291806.25 6813731.25 0
1149 305156.1004324336 6806806.447808609 0
1150 298906.9732726307 6812643.280430164 0
1151 290451.0623876328 6811012.316283691 0
1152 300204.4538552919 6805289.239960785 0
1153 303682.5 6809496.376889638 0
1154 302774.2001586044 6805142.387134874 0
1155 290211.4336030034 6813167.948574743 0
1156 300855.8002340075 6810377.845894262 0
1157 298073.144578986 6808474.452526852 0
1158 308127.5927811812 6805976.121583142 0
1159 291721.4225441135 6808029.01158544 0
1160 307857.8520396353 6808832.991434758 0
1161 296986.5969523361 6807807.041939452 0
1162 306617.3354269385 6809206.586830948 0
1163 296547.1670818027 6815785.188840211 0
1164 302538.7097791475 6806756.992625925 0
1165 301454.8610954221 6811596.623202753 0
1166 293804.1283665426 6811778.467039159 0
1167 299050.5143878493 6807684.624318422 0
1168 296837.4293019103 6806891.532447971 0
1169 297011.049218472 6809528.215514722 0
1170 295561.4896221662 6813104.546180155 0
1171 307363.8099895992 6804456.141512511 0
1172 309587.9451559443 6812725.992157471 0
1173 295754.0721211213 6810226.627998034 0
1174 298779.9420656441 6806606.806065558 0
1175 301132.0074638872 6802421.179212794 0
1176 294032.1635291685 6814013.832418122 0
1177 288038.0262468464 6810983.988064179 0
1178 305017.0145186416 6805984.741939368 0
1179 296448.0757514911 6807344.483810402 0
1180 288967.3471735357 6813367.271757577 0
1181 304467.269848948 6807679.048302534 0
1182 294808.6324437606 6810515.105586745 0
1183 291662.386419452 6803293.71782433 0
1184 293595.4581899768 6809121.693985362 0
1185 291431.264011884 6812316.69739878 0
1186 301257.2424716278 6810576.479417787 0
1187 293410.5905549828 6810649.022611531 0
1188 296313.3767308543 6803484.498697659 0
1189 296166.8967980006 6808631.34865786 0
1190 295544.5992127081 6806033.124561249 0
1191 297025.8928571428 6808578.869047619 0
1192 293174.1629162535 6815629.792850054 0
1193 292876.4025537073 6812074.813687228 0
1194 297384.6928347381 6808958.342735127 0
1195 301984.4799116272 6806703.328352681 0
1196 301129.3569085798 6809630.328473778 0
1197 300778.7925638068 6810048.234634389 0
1198 295100.0820615651 6808578.818681339 0
1199 295389.0121982616 6809012.061305048 0
1200 305944.4778139521 6804378.91942287 0
1201 293805.5441907988 6812524.322594054 0
1202 292536.6873469458 6811323.356499971 0
1203 290649.3575858786 6807901.757330953 0
1204 298376.7456762825 6807814.204662872 0
1205 304263.4205063012 6810493.55599645 0
1206 295425.9216157772 6810730.263511555 0
1207 291715.2351801284 6811310.623546112 0
1208 294193.254376949 6809439.364565441 0
1209 306657.4193578681 6816237.088787062 0
1210 293528.9883848247 6814885.008601297 0
1211 302160.7346921653 6813297.970958197 0
1212 290645.521360299 6812077.315246113 0
1213 307781.4252071064 6806109.760678973 0
1214 293797.5837132668 6810108.499200922 0
1215 306058.8437849907 6806699.024501557 0
1216 291611.71875 6813386.160714285 0
1217 304646.6761314368 6807060.980463564 0
1218 306445.3469189386 6807013.08653744 0
1219 294452.0797987719 6807606.648029535 0
1220 293980.8941316369 6806950.89804758 0
1221 305479.6875 6805851.5625 0
1222 305478.9106508994 6805126.287791638 0
1223 296607.638175301 6813006.206227899 0
1224 299576.858269262 6813327.887597485 0
1225 305996.7658701065 6807594.316468915 0
1226 302942.1656942027 6810668.936505038 0
1227 294829.7616595987 6810210.841332677 0
1228 301873.8006718908 6803810.684910689 0
1229 292214.732879367 6810864.194127494 0
1230 290246.6608964334 6809048.545803771 0
1231 290811.1863183946 6813179.847601126 0
1232 290551.2243676337 6813270.630508463 0
1233 304116.1229940219 6809223.678000041 0
1234 306500.4301430602 6806093.269012405 0
1235 287918.32962562 6805823.370372545 0
1236 300817.6549594767 6816528.65237175 0
1237 295477.2512846363 6807369.709698745 0
1238 309903.0555732661 6816382.527496031 0
1239 296673.2887908135 6809653.802169534 0
1240 299176.0372663082 6814268.995105812 0
1241 305015.8675807802 6809450.813860541 0
1242 305305.7326301931 6810142.324729199 0
1243 306389.4995337589 6806561.235123504 0
1244 306650.741981676 6813631.640688601 0
1245 308972.4821167368 6805940.803211281 0
1246 300071.9485286299 6803968.516843528 0
1247 305384.9502903604 6807339.160407234 0
1248 288115.6730105392 6809224.832727087 0
1249 295174.4749235298 6813011.014097447 0
1250 292726.0436911912 6810427.845989605 0
1251 300716.2200800347 6805939.464096041 0
1252 293132.8125 6810267.1875 0
1253 306042.3725583268 6809205.414145954 0
1254 300689.39253226 6811982.046624909 0
1255 303703.2252246065 6816405.004283755 0
1256 298439.5540141764 6806156.564286028 0
1257 292501.2113421945 6809539.251839874 0
1258 304391.6937428485 6804726.223123753 0
1259 298549.3197992396 6812660.483536519 0
1260 288000.4978448848 6802835.880048887 0
1261 302007.4559878138 6805538.897012283 0
1262 293227.449564843 6810898.366527174 0
1263 308467.1714360923 6808830.136579584 0
1264 308987.7629207298 6808390.479135551 0
1265 308892.2000370916 6809816.475365314 0
1266 310115.191439894 6811012.221932241 0
1267 303253.2579535255 6809342.810869765 0
1268 301604.8711522984 6809568.18880273 0
1269 288507.0981462873 6814795.420820223 0
1270 288885.0362026912 6815692.857830185 0
1271 288847.8778650046 6816899.620184998 0
1272 305465.615473735 6808311.297771243 0
1273 291192.7082953448 6815780.325691647 0
1274 290586.7730013288 6816742.556969667 0
1275 289155.226460224 6811222.987727024 0
1276 307840.8000200241 6804870.761860925 0
1277 290048.1161013051 6814583.274249105 0
1278 290047.1451770175 6815131.314367817 0
1279 299489.5780932962 6807904.93573704 0
1280 292091.584657425 6814242.792618195 0
1281 293214.4612114396 6810740.505485306 0
1282 291931.0445011338 6812982.88331659 0
1283 301933.9983286646 6811286.190408035 0
1284 294009.3053599295 6814381.611389195 0
1285 308880.7107247013 6806869.260053281 0
1286 290950.778154048 6814929.472212631 0
1287 291224.845700939 6812809.468048031 0
1288 303869.0883249842 6807529.971362627 0
1289 291235.3500254128 6813137.206240688 0
1290 297341.1505498545 6815192.809699468 0
1291 297971.9224166144 6807562.252174356 0
1292 296169.2293478497 6813002.985253739 0
1293 287519.6723735355 6813946.378948598 0
1294 293162.6435031036 6808011.676628162 0
1295 293041.5926634299 6807127.912491701 0
1296 292452.3053839717 6807804.079659696 0
1297 290842.5003900842 6812734.449353498 0
1298 302818.7826903705 6806394.130019554 0
1299 306695.9732555294 6804725.629012855 0
1300 303768.8826088216 6812111.760511301 0
1301 294600.8234069397 6813811.599559189 0
1302 294066.9065432762 6815079.394354753 0
1303 297819.9531790524 6814351.477741508 0
1304 305439.314516129 6806435.685483871 0
1305 304926.4418277174 6808586.240932249 0
1306 295322.7419837916 6810012.108731876 0
1307 293586.1744083145 6813858.267445065 0
1308 297214.5349280471 6808254.001614074 0
1309 297007.6681820753 6808118.124802371 0
1310 300937.5 6807000 0
1311 294328.7055175292 6809118.665564969 0
1312 292380.4075183864 6810989.155774081 0
1313 291184.4952603806 6812456.796237153 0
1314 290736.4795918367 6813563.963739067 0
1315 303442.5541614054 6807223.416434593 0
1316 304856.6608620782 6808395.875076731 0
1317 304476.039104276 6808961.157996196 0
1318 291409.808591855 6813915.2053914 0
1319 303862.5 6809364.004285379 0
1320 303557.5 6809344.735726464 0
1321 290502.2830619274 6815202.733842559 0
1322 298733.0027177506 6807901.861504065 0
1323 306575.1888640414 6810089.89848558 0
1324 303671.4609257894 6806575.899250926 0
1325 291063.6102119595 6805020.25802147 0
1326 300930.8376366584 6810741.66673502 0
1327 302211.6808447985 6809566.01479502 0
1328 301914.4926543141 6809569.286834563 0
1329 301749.8367918644 6810664.434569809 0
1330 296378.1022100237 6812895.854069706 0
1331 294603.1156960589 6810033.157040382 0
1332 298467.2695593403 6808153.057217046 0
1333 291881.0216597155 6810944.585209441 0
1334 291341.1670858086 6809676.008766924 0
1335 302665.1097072415 6810097.143350036 0
1336 303577.3988641214 6810411.831888167 0
1337 290076.7555845592 6814193.51911498 0
1338 308443.0512306219 6805406.698677753 0
1339 300124.9283848309 6806131.285906922 0
1340 299659.250767649 6805770.547992507 0
1341 299411.641788577 6805035.787816217 0
1342 295572.9646034768 6813656.311836283 0
1343 292303.4460083718 6811251.022006706 0
1344 297668.4093112536 6808947.135715648 0
1345 296710.0539246593 6807830.858830925 0
1346 290763.9082018479 6811518.840109601 0
1347 304179.8883565483 6805682.952677481 0
1348 297735.2463136605 6812775.880613425 0
1349 309480.4539717139 6807845.96825977 0
1350 297182.6506866614 6808830.899698128 0
1351 301414.448421072 6806951.684802215 0
1352 295171.5329807145 6810641.844681958 0
1353 300555.5547688419 6810380.395241931 0
1354 301006.606358547 6811737.976132316 0
1355 306901.4025426859 6808876.294448087 0
1356 294374.9656616342 6812721.829938697 0
1357 291347.0789624823 6812499.185310311 0
1358 290877.3468179181 6813567.386433241 0
1359 302084.7840188494 6804709.048226506 0
1360 309370.9329547766 6804501.463222433 0
1361 308917.3245914549 6807293.546370208 0
1362 295377.544955725 6806743.594302406 0
1363 294037.5 6809413.810411007 0
1364 294332.8250009464 6809361.559977346 0
1365 308239.3837778147 6803448.35648256 0
1366 307427.1073334347 6803664.446697594 0
1367 293669.8154365749 6812173.151803661 0
1368 296474.9912960877 6809903.032491044 0
1369 299200.5104149993 6812377.750303587 0
1370 294897.423615034 6812822.26117851 0
1371 295459.4747372586 6814916.379138888 0
1372 290464.9180038096 6814521.047031593 0
1373 306516.1119702643 6803163.476632637 0
1374 293531.3631685778 6813165.327634671 0
1375 304421.578951474 6803652.650754897 0
1376 298501.132499251 6814109.313529755 0
1377 294495.2641119522 6809343.325174022 0
1378 298947.5651967961 6813664.339155796 0
1379 308826.4118776728 6803971.819217215 0
1380 295077.4442924724 6802650.525145017 0
1381 310131.2194656627 6814401.650098527 0
1382 293832.3476034605 6809303.844174203 0
1383 301256.5273995687 6807001.999580685 0
1384 307476.3187826416 6808664.80209915 0
1385 291046.4352830892 6812734.569336596 0
1386 298005.5969286536 6812653.408903511 0
1387 301244.9383525224 6813587.678959797 0
1388 291308.3920845378 6810341.628018389 0
1389 290015.6185803098 6802654.012772612 0
1390 297037.5 6808802.544648687 0
1391 307618.8823252803 6806270.579610457 0
1392 302362.5 6809549.483855234 0
1393 301762.5902195327 6809503.626643783 0
1394 292165.1665640537 6813211.593146155 0
1395 303707.5 6809272.159557355 0
1396 303410.4654219322 6809279.85359538 0
1397 293710.8363419578 6808863.946870537 0
1398 294662.8841754292 6812738.910651194 0
1399 307168.5316490817 6808726.406926794 0
1400 309261.6563045421 6802661.034303425 0
1401 295822.0844260467 6814423.72597241 0
1402 303201.0834517236 6804271.572210412 0
1403 290336.476069022 6813431.846229598 0
1404 307927.730589749 6810069.917270325 0
1405 305147.3990232665 6807142.138782588 0
1406 304123.3235479521 6806912.295060444 0
1407 297402.5211558208 6812792.777332422 0
1408 306480.5608226989 6805546.469802254 0
1409 295873.5533954214 6812950.175846918 0
1410 289077.8198593918 6814379.228136227 0
1411 299185.0793312172 6806131.915934348 0
1412 308096.1552717102 6808520.360606788 0
1413 297349.4311013597 6809194.30841542 0
1414 308536.4614173446 6806077.462249199 0
1415 293186.4677804324 6802662.046227752 0
1416 310149.7201086078 6806687.344049389 0
1417 295126.5640087286 6813915.696005051 0
1418 306893.3125032025 6806716.637676631 0
1419 301411.1684178726 6805794.979398372 0
1420 297442.6712766769 6808490.219593932 0
1421 292700.1380767219 6812589.53730776 0
1422 296077.9904236805 6810184.748938633 0
1423 305738.3514928811 6809180.435982012 0
1424 305308.1055926805 6812540.491110438 0
1425 307154.9553624208 6806102.409452694 0
1426 290672.6709271932 6812500.223642441 0
1427 301757.8193001953 6806236.376495092 0
1428 298243.4888607543 6812583.215030852 0
1429 289819.1154121459 6811183.065601404 0
1430 300407.7847038465 6813603.714050451 0
1431 298963.8483764584 6817105.723020199 0
1432 306735.482348115 6801959.976184725 0
1433 305729.5253817436 6808115.104796218 0
1434 305865.5882917844 6807904.712994808 0
1435 296359.6309289133 6808299.415864954 0
1436 299620.9181376523 6812307.571606372 0
1437 289554.3572617373 6815486.592899479 0
1438 291801.0826844486 6811837.43896919 0
1439 293177.2788143304 6814153.190828741 0
1440 296063.585488891 6807568.2338431 0
1441 293245.7713755245 6810469.767358605 0
1442 308838.0652832657 6804814.599287132 0
1443 306277.6480610248 6807305.543482502 0
1444 298240.8205535631 6808560.743320094 0
1445 295367.2754664872 6816881.485607544 0
1446 308380.9638507848 6816826.78916089 0
1447 296682.1873820882 6814508.559001478 0
1448 305133.3933056196 6816939.018447977 0
1449 287467.2746555593 6807598.370604693 0
1450 298201.9457783484 6806978.561505034 0
1451 290121.9414350499 6813655.578784587 0
1452 292328.1069290973 6809923.391644509 0
1453 306722.0609815646 6806868.675672732 0
1454 296881.3779908577 6812919.35662616 0
1455 297112.6198355993 6812792.359162446 0
1456 307279.4878789866 6810662.792303381 0
1457 306179.9744912174 6811102.304149779 0
1458 297341.4833767077 6804596.664596533 0
1459 305144.789538654 6808817.014026864 0
1460 305537.0240229507 6803555.536406151 0
1461 302747.5200545003 6812317.305971428 0
1462 289763.0084654962 6812302.177139445 0
1463 289496.9424965858 6811710.276943039 0
1464 289901.6413398407 6806094.571825577 0
1465 307106.4569492756 6805523.283543784 0
1466 290937.0033818516 6812350.853771163 0
1467 292424.5134436529 6813255.185105472 0
1468 294156.9088308228 6812569.321234887 0
1469 307996.5463034355 6812728.155227919 0
1470 292775.4505874949 6809072.014498376 0
1471 296865.4530995172 6802165.035166953 0
1472 304955.8093008182 6804898.400490195 0
1473 305244.5143372548 6806193.734746795 0
1474 289192.4768841673 6813906.639449032 0
1475 293775.4354114312 6809128.533894322 0
1476 293983.5775530929 6808828.307957852 0
1477 294109.7746596801 6810035.555426751 0
1478 297595.6332515445 6813148.646666043 0
1479 296473.6965102964 6808057.073388764 0
1480 306229.8564207754 6808989.600315109 0
1481 302725.636289423 6805830.691755597 0
1482 302351.0637139648 6806880.661834501 0
1483 302462.9546986225 6806942.530892085 0
1484 306188.5474383064 6805788.985618194 0
1485 297767.3705067405 6808642.777864737 0
1486 294950.9479880704 6807578.518564301 0
1487 292055.2523065706 6811337.904398645 0
1488 309722.484410291 6805957.735867528 0
1489 296339.3758791443 6814799.558846319 0
1490 308008.1447698779 6804164.117267443 0
1491 306511.8338903834 6806765.996168808 0
1492 293000.5961349373 6811705.736172774 0
1493 310174.4509971702 6805033.179009032 0
1494 307641.5493218601 6809635.021431253 0
1495 300627.5245944427 6810209.41262843 0
1496 294726.3786292037 6808057.037416792 0
1497 306739.7879096778 6805237.062959263 0
1498 296316.4310300915 6810093.276975401 0
1499 292672.2900720768 6813809.600275554 0
1500 295953.867061715 6808392.107958091 0
1501 304810.6712624481 6810443.896857399 0
1502 287459.0814079473 6804260.253542068 0
1503 292812.7111993508 6811426.159526709 0
1504 307764.2178292458 6808521.869904091 0
1505 304320.468546679 6809651.754444206 0
1506 306603.6243417668 6805743.859742803 0
1507 306867.6551317183 6806482.007354249 0
1508 294875.538356035 6809228.739203868 0
1509 302063.4802421258 6809495.194456167 0
1510 296838.9877881808 6813350.248845313 0
1511 303229.6793268858 6805635.811622483 0
1512 294372.289256696 6809871.542386853 0
1513 306173.0788128617 6803782.498474983 0
1514 291979.5389325279 6812657.352342106 0
1515 295942.0420752197 6813331.253115768 0
1516 303186.8182192605 6806584.109423738 0
1517 303709.4281041584 6805939.057748227 0
1518 293522.50789314 6816976.205739392 0
1519 292565.1133036627 6804683.524429325 0
1520 300713.4727145439 6809878.041995124 0
1521 308059.9347970554 6807845.593094995 0
1522 303122.7187486644 6809273.648420827 0
1523 301473.6374175113 6809503.600627494 0
1524 306262.5 6806914.285714285 0
1525 295238.7018529484 6808907.428823924 0
1526 295235.9482901315 6808692.277768332 0
1527 296508.519118249 6808603.449804869 0
1528 290724.9851143381 6813351.882421547 0
1529 290853.8790318433 6813367.842215728 0
1530 297046.0187015546 6814846.584352175 0
1531 305527.6795206096 6809243.425768399 0
1532 305331.0595805722 6806931.059580572 0
1533 309117.2064980899 6809101.854931855 0
1534 298274.0151676887 6805812.070810193 0
1535 296807.7598655815 6808015.146510392 0
1536 292233.8909792941 6808577.987432443 0
1537 294581.6206520377 6806012.161710859 0
1538 290975.4309537365 6811092.284169183 0
1539 298430.5040411055 6805271.864876332 0
1540 296663.3785481806 6808381.138639648 0
1541 290812.7067914513 6810567.398241164 0
1542 291532.8556063088 6812490.410453995 0
1543 302324.9765358919 6817022.54599693 0
1544 296732.8658361707 6808232.82419381 0
1545 299511.9163626053 6802283.397839367 0
1546 293283.0427396134 6808729.563885444 0
1547 310637.2811569723 6802140.778048509 0
1548 299804.6516380457 6812725.282444203 0
1549 298654.0350827894 6813022.251762943 0
1550 300700.7898549971 6812406.587968808 0
1551 288271.6161803452 6813318.060530621 0
1552 288701.9980535484 6812706.634925473 0
1553 288691.964523296 6811894.273488977 0
1554 295440.4817376108 6804608.122538594 0
1555 300508.6318760591 6806357.955630807 0
1556 287194.7155984414 6817271.603445833 0
1557 305043.5094411829 6809057.656459899 0
1558 304578.6027525524 6806002.849405055 0
1559 297330.5176442509 6806337.408421028 0
1560 293595.1549383436 6811860.421941429 0
1561 298108.1357921451 6808126.323157704 0
1562 295797.2474765725 6808380.066397681 0
1563 302506.2769885789 6811172.677967328 0
1564 289370.8614129393 6812844.270630611 0
1565 287007.2660986745 6801862.210723015 0
1566 310893.7927394704 6817436.256874007 0
1567 307676.5598100559 6807902.68843249 0
1568 303885.4057829828 6807677.487176644 0
1569 300712.1441008376 6809600.047578556 0
1570 306187.5 6806737.5 0
1571 306108.4609462477 6806737.256125389 0
1572 297095.1785714286 6808590.773809524 0
1573 294779.6008458076 6809017.056948063 0
1574 293278.6153028599 6810785.126371326 0
1575 292087.5 6813037.5 0
1576 292001.5111252834 6813033.220829147 0
1577 291640.4296875 6813340.290178572 0
1578 291717.2831632653 6813342.283163265 0
1579 307514.747968118 6806760.164918694 0
1580 307774.7132344531 6806822.15463705 0
1581 307162.5 6806887.5 0
1582 307600.2801717959 6806963.29054878 0
1583 307895.7855390755 6806932.859106175 0
1584 307656.2373142247 6806587.5 0
1585 307312.8216916802 6806915.492342257 0
1586 307450.4749719324 6806977.324634955 0
1587 307200.05361528 6807004.665390376 0
1588 307212.1673471364 6807557.381574755 0
1589 307937.5507305195 6807370.121171918 0
1590 306637.5 6807937.5 0
1591 307537.5 6807437.5 0
1592 308163.4689529221 6807489.893030818 0
1593 308350.7479933261 6807394.070004867 0
1594 307012.1065383207 6807074.418113586 0
1595 306337.5 6808134.524362579 0
1596 308002.2892146916 6807104.919773113 0
1597 306600 6808275 0
1598 308287.5 6807562.5 0
1599 308044.7469064737 6807629.593285994 0
1600 307800.3342778873 6807110.240574525 0
1601 306983.0357142857 6808079.464285715 0
1602 307361.4028911894 6807839.771929125 0
1603 306002.0385153385 6808405.056360011 0
1604 307143.75 6807843.75 0
1605 307538.5737171249 6807762.173310126 0
1606 305810.197786833 6808558.025164817 0
1607 306052.5234467812 6808535.760527408 0
1608 306803.6260932945 6808217.547376093 0
1609 307162.5 6808012.5 0
1610 307333.2778911894 6807271.447743468 0
1611 307723.3749210921 6807555.91965124 0
1612 307888.4454263475 6807634.272351525 0
1613 306753.465596093 6807599.410580028 0
1614 307149.8963790473 6807212.510773808 0
1615 307459.7129818649 6807192.598470018 0
1616 307612.5 6807221.64307664 0
1617 306431.25 6808351.587393763 0
1618 308019.3223036729 6807007.479943278 0
1619 306445.3125 6808425.396848441 0
1620 306902.6816517489 6807321.642973224 0
1621 308189.7842239616 6807265.321699008 0
1622 306149.0718610669 6808362.521177125 0
1623 308272.4460559904 6807197.580424752 0
1624 306600 6808420.119221157 0
1625 307015.7550767012 6806877.464471577 0
1626 301951.8287671934 6808270.500769522 0
1627 302995.3753187819 6808293.315050255 0
1628 303830.1339285714 6808337.633928572 0
1629 301315.5328246884 6807831.24996507 0
1630 302287.5 6808912.5 0
1631 301012.5 6808987.5 0
1632 302212.5 6807487.5 0
1633 300600.1593426946 6808015.80222716 0
1634 303094.2535336351 6807710.467317915 0
1635 304195.593741323 6808487.697725774 0
1636 303750 6808800 0
1637 300226.0671605097 6809930.932434726 0
1638 301168.963704174 6807460.812128481 0
1639 301923.0113636364 6807313.931381118 0
1640 302806.5199905768 6807428.831126532 0
1641 302580.1339285714 6809045.089285715 0
1642 300626.1256466259 6809264.661296665 0
1643 300212.8813354733 6807957.7762943 0
1644 301489.3001898869 6808813.022235906 0
1645 303355.0264538116 6808612.527198612 0
1646 300279.1662743791 6809449.47211407 0
1647 301462.0129421361 6807503.014691438 0
1648 303464.5319629285 6807974.194173692 0
1649 304478.6770823692 6808494.466413975 0
1650 299961.9407821497 6810440.395475309 0
1651 299945.3675704315 6807995.367570432 0
1652 300592.6605174216 6807559.697489049 0
1653 300730.8122703252 6807504.855403891 0
1654 301013.9058495376 6807255.32239115 0
1655 301237.5 6807187.5 0
1656 301796.1444805195 6807102.436625874 0
1657 301979.7854113816 6807055.863333096 0
1658 302662.5 6807187.5 0
1659 302887.5 6807262.5 0
1660 303076.8547789475 6807345.473075397 0
1661 303551.2501188215 6807663.537570615 0
1662 303707.6117259643 6807732.175963473 0
1663 303816.3968024949 6807900.929152248 0
1664 304010.880519757 6807970.831857203 0
1665 304131.6843698683 6808200.354040097 0
1666 304172.5252441496 6808004.492185407 0
1667 304627.8187002821 6808545.769811188 0
1668 302816.8048469388 6809119.523340807 0
1669 302962.2307428637 6808856.035182626 0
1670 302640.6341107872 6809239.587518075 0
1671 302444.7800038436 6809289.254358444 0
1672 301166.4046230737 6809356.765084861 0
1673 301284.7435447086 6809139.673374985 0
1674 300785.6042744376 6809439.943549444 0
1675 300537.1319868342 6809554.438901789 0
1676 300110.4802225789 6807772.129382383 0
1677 300235.1435930087 6807707.06761278 0
1678 300433.0234625719 6807675.671464132 0
1679 301889.8041367258 6808955.379126307 0
1680 301583.5579785535 6809098.847737531 0
1681 302357.1428571428 6807081.018799515 0
1682 303263.5260249696 6807429.844871962 0
1683 304374.0770605674 6808254.848793861 0
1684 304312.5 6808762.5 0
1685 303862.5 6809062.5 0
1686 300487.5 6810037.5 0
1687 300112.5 6810487.5 0
1688 299994.4915629147 6807847.651577038 0
1689 303509.1710756352 6808907.424228503 0
1690 300975.0472611057 6809326.692913244 0
1691 303268.0611817586 6808967.237119323 0
1692 302121.2173561209 6809191.39378774 0
1693 300589.7903846221 6808743.577483969 0
1694 304040.7159587368 6808787.541456793 0
1695 300388.5963893994 6809711.999455925 0
1696 300263.1275129226 6810163.238256583 0
1697 302137.5 6807248.076923077 0
1698 301626.4819494968 6807274.793945285 0
1699 299964.0664062411 6810084.436305867 0
1700 301387.5 6807225 0
1701 303712.5 6809025 0
1702 302287.5 6809250 0
1703 300483.6939249848 6809871.738648442 0
1704 302593.1103218635 6807872.830098971 0
1705 303361.5698673771 6807634.825164472 0
1706 299737.5 6807996.116322773 0
1707 301781.9088736113 6809248.3206491 0
1708 301453.050253877 6809257.399823707 0
1709 301026.8363661587 6808342.355827207 0
1710 301970.1969761692 6809269.433433011 0
1711 300911.25 6807461.25 0
1712 303572.3618459392 6809081.19788889 0
1713 303423.9381738095 6809075.42815615 0
1714 303107.1319874371 6809062.891066981 0
1715 302975.7342353857 6809075.384217889 0
1716 301748.5613078585 6807613.498458738 0
1717 302561.6965132123 6808541.711731181 0
1718 300399.6163156546 6808269.009001734 0
1719 300049.3687029768 6809698.681231543 0
1720 302558.5714285714 6807123.214285715 0
1721 302446.1493997949 6807292.945844702 0
1722 300849.8500377258 6807753.382704888 0
1723 301325.6997369432 6809325.639713925 0
1724 301609.788158006 6809314.938315762 0
1725 300190.1535021099 6808177.556669093 0
1726 300166.3503191123 6810318.17007191 0
1727 302212.5 6807132.541368515 0
1728 300947.2264623844 6807195.080597787 0
1729 304230.6313110374 6807944.873046352 0
1730 307557.9848985591 6808067.39849923 0
1731 307162.5 6808237.5 0
1732 307010.8082505949 6808318.259913107 0
1733 306337.5 6808537.5 0
1734 306759.8091075787 6808462.702499808 0
1735 307365.015644245 6808119.907900828 0
1736 305742.4749499007 6808767.932765717 0
1737 305907.0358435299 6808736.864199841 0
1738 305920.5089608825 6808652.96604996 0
1739 306474.6754093477 6808562.823900623 0
1740 306049.365882712 6808720.396804085 0
1741 306512.4188523369 6808496.955975156 0
1742 298322.0367731936 6810328.304765862 0
1743 299221.223103537 6808992.060483589 0
1744 297553.1331061525 6810915.371996796 0
1745 297471.9515715596 6810150.141793188 0
1746 298775.0742937778 6808831.362296539 0
1747 298328.039871869 6809265.646751141 0
1748 297269.4575842395 6810511.408025825 0
1749 298440.9025590289 6811559.896496246 0
1750 297984.8413326251 6811230.81420871 0
1751 297362.9475865932 6811186.12457097 0
1752 298978.5495662192 6808597.951415735 0
1753 299591.3663539593 6808581.340651899 0
1754 299205.6925189901 6811195.522833339 0
1755 297905.2703408221 6809728.432025772 0
1756 297782.6250914728 6809268.436952961 0
1757 298838.8392479013 6810278.217394101 0
1758 299788.8611133266 6811219.200225638 0
1759 298462.5 6808687.5 0
1760 299570.0870889586 6808226.844682984 0
1761 297112.5 6809962.5 0
1762 297034.9028558027 6810636.344219883 0
1763 297136.7342234836 6810790.278734877 0
1764 297203.9735594613 6810991.682186092 0
1765 297262.5 6811237.5 0
1766 297588.1042883031 6811292.837834334 0
1767 298055.7754265048 6811794.357749375 0
1768 298143.2459123185 6811956.629194879 0
1769 298912.5 6808387.5 0
1770 299099.0070197824 6809684.748276339 0
1771 298462.6552606823 6808942.767477619 0
1772 298251.3290451296 6812137.5 0
1773 297975.1550324652 6811600.517189218 0
1774 298018.0607976148 6809259.721178497 0
1775 297434.4955083051 6809593.655614242 0
1776 297355.2453458124 6809854.9613476 0
1777 298037.6123132127 6809065.088564249 0
1778 298224.0748867175 6808935.167842056 0
1779 297187.5 6809812.5 0
1780 296979.1943485775 6810485.393177958 0
1781 297726.0277444164 6811465.172684567 0
1782 298693.0279009902 6808471.663245415 0
1783 297178.2818311598 6810259.809963803 0
1784 299641.9349226185 6810890.891690617 0
1785 299212.5 6808500 0
1786 299391.4922404863 6808318.030889147 0
1787 300280.0405519982 6811243.170119743 0
1788 299523.144167186 6809438.369045613 0
1789 298382.9951184977 6808613.669874388 0
1790 298530.227628568 6810932.569048517 0
1791 299357.8263341119 6810230.045163122 0
1792 297150 6810112.5 0
1793 300072.1576870724 6811060.477827019 0
1794 298957.9652756035 6811738.49926765 0
1795 298559.2747246335 6809764.143987013 0
1796 299829.9403417853 6808329.332966468 0
1797 299937.4487540136 6808633.704746464 0
1798 299919.9448909494 6810949.237721832 0
1799 298142.2456909915 6812249.656948241 0
1800 298548.0432028251 6811969.3692848 0
1801 299727.3741790453 6809010.998929071 0
1802 299354.6529035058 6811589.631563813 0
1803 299534.8559181409 6810566.463775756 0
1804 298046.9542463408 6810790.235416237 0
1805 299457.2491504067 6809810.333866183 0
1806 297629.3238144371 6809435.203727491 0
1807 299184.8960950551 6810682.284984242 0
1808 297811.6888145928 6810446.364054961 0
1809 299067.2582610365 6808385.075235956 0
1810 298740.8790457137 6809246.78821204 0
1811 300651.9750233128 6811202.60385088 0
1812 299219.9694307208 6808163.190972801 0
1813 299068.6934011999 6808205.335680981 0
1814 293978.2989446801 6810763.023144026 0
1815 294144.6547840149 6810979.553529995 0
1816 294186.5118406572 6810557.514008485 0
1817 294508.5811609378 6810612.409126013 0
1818 293887.5 6810937.5 0
1819 293674.7894894466 6810866.005500474 0
1820 294330.8731692763 6810389.985631535 0
1821 294309.72096147 6810801.785686932 0
1822 293662.5 6811237.5 0
1823 294112.5 6811344.335848668 0
1824 293737.5 6811087.5 0
1825 293924.3780888846 6811168.622062218 0
1826 294562.5 6810937.5 0
1827 293424.6017491607 6811080.702350426 0
1828 294771.1324437606 6810767.871016956 0
1829 294362.613920104 6811114.518186638 0
1830 293393.7188165194 6811381.318603302 0
1831 294676.0079760529 6810833.461621669 0
1832 293144.1882071974 6811237.094068347 0
1833 293749.3784224559 6811438.925706984 0
1834 295017.9596663652 6810874.913266482 0
1835 294908.8892670365 6810841.685589621 0
1836 295143.8108665243 6810817.971118583 0
1837 296120.9069887211 6810855.68823363 0
1838 296285.1295698173 6810663.312604805 0
1839 295873.3471374509 6810909.83377746 0
1840 295621.7028466022 6811023.133940998 0
1841 296022.393446596 6811082.574573013 0
1842 296193.6857764739 6811096.537543806 0
1843 296344.0115956494 6810994.028222179 0
1844 296448.8023191299 6811053.805644436 0
1845 296419.3606630735 6810678.072929143 0
1846 296370.6298310373 6810809.443141393 0
1847 296467.6574577593 6810821.110785348 0
1848 296234.5259139634 6810560.162520961 0
1849 296137.5 6810637.5 0
1850 295760.038259856 6811003.829652642 0
1851 296493.8721326147 6810660.614585829 0
1852 295282.0089934326 6811540.52358611 0
1853 295584.0369990618 6811351.324798016 0
1854 295219.9181655721 6811842.303402741 0
1855 294692.9490940435 6811584.217231092 0
1856 294396.318332337 6811908.970561049 0
1857 295771.4383184976 6811256.030612187 0
1858 294043.1888213227 6811830.139134401 0
1859 295358.6890206356 6811017.775215242 0
1860 294280.9851040421 6812069.676007631 0
1861 295181.416880796 6812004.762733946 0
1862 295364.6770455478 6812005.05776905 0
1863 295535.1145860394 6811884.848911279 0
1864 295674.0217205698 6811654.9232969 0
1865 295779.2138625899 6811444.611243872 0
1866 295401.9623485757 6811211.774744591 0
1867 294959.4111212392 6811687.308073803 0
1868 294562.5 6811778.874143968 0
1869 295143.0445764091 6811169.199745217 0
1870 294792.4825269103 6811862.162743158 0
1871 294814.1771653615 6811286.22475253 0
1872 294754.2695169724 6811075.063138162 0
1873 294385.1736001219 6811677.027707229 0
1874 295011.1755277882 6811924.505279092 0
1875 294206.0061076418 6811861.094983354 0
1876 294644.3012352815 6811925.750802166 0
1877 295602.5286465099 6811971.212227819 0
1878 296245.8333333333 6811579.166666667 0
1879 295961.4326362413 6812099.215070643 0
1880 295675.2221654032 6812252.594755759 0
1881 296432.7047902494 6811746.593679138 0
1882 296407.0833333333 6811279.166666667 0
1883 295516.5252879998 6812124.007086623 0
1884 295762.5 6811987.5 0
1885 295857.7392592013 6811851.382293778 0
1886 295928.7774504617 6811630.575754394 0
1887 296222.2613266667 6812535.125879833 0
1888 296587.5 6811687.5 0
1889 296512.3322729389 6811502.002411827 0
1890 295423.988432032 6812441.232999059 0
1891 296081.25 6811281.25 0
1892 295202.4645480985 6812453.41697525 0
1893 296579.6173614003 6811850.673402864 0
1894 296174.7065135525 6811900.387262944 0
1895 296030.3609380996 6812388.164963802 0
1896 296197.3611111111 6811333.680555556 0
1897 296003.5277368632 6811421.834122077 0
1898 296190.2500146489 6812189.627882899 0
1899 296409.1454081633 6811959.145408163 0
1900 295403.7254558268 6812260.572288073 0
1901 295409.0501487653 6812151.915874938 0
1902 297254.8115526145 6811915.474698983 0
1903 297580.4815639394 6812077.274213678 0
1904 297019.3048339284 6811514.428125659 0
1905 296889.0944505485 6811286.326190134 0
1906 297279.8175921309 6811653.316877741 0
1907 296981.3779527424 6812214.475078419 0
1908 296740.2445035985 6810851.785714285 0
1909 296511.0511869583 6812407.747532496 0
1910 296812.5 6810637.5 0
1911 296897.299702687 6810783.400145773 0
1912 296953.7613481873 6810967.064175181 0
1913 297051.3848829051 6811175.673875407 0
1914 297411.4266233584 6811464.813399661 0
1915 297851.706278088 6812003.804867719 0
1916 297934.7586581139 6812152.82994277 0
1917 296760.5669560141 6811503.219289474 0
1918 296663.4104188218 6811309.220782802 0
1919 297770.05743286 6811843.541232795 0
1920 297528.6272560469 6811796.33527141 0
1921 296587.5 6810937.5 0
1922 296658.4185348218 6810710.707060833 0
1923 296355.5789107725 6812353.859786959 0
1924 296889.6343304556 6811790.13784874 0
1925 296431.5539294592 6812559.258981685 0
1926 296639.6135628994 6812198.406650803 0
1927 296695.132821586 6811100.615791285 0
1928 296750.8024341902 6812020.730259412 0
1929 297742.9611955176 6812235.296523686 0
1930 297313.7573204099 6812238.805910936 0
1931 296742.4182563239 6812408.741597444 0
1932 296567.5332053965 6811118.903947822 0
1933 297092.4930429402 6811380.976180943 0
1934 297543.9102102194 6811585.995078402 0
1935 297221.3403487263 6811452.255764001 0
1936 297536.0673667156 6811480.161695613 0
1937 296558.3546337055 6810740.176765208 0
1938 296460.5719528894 6810448.442290985 0
1939 296770.6780411673 6810228.854464537 0
1940 296895.5743727932 6810259.854319054 0
1941 296662.5 6810487.5 0
1942 296883.951532489 6810037.5 0
1943 296336.0579170666 6810442.578911947 0
1944 294760.1821928828 6812199.704554527 0
1945 294986.0415529998 6812207.882027637 0
1946 295162.5 6812212.5 0
1947 294528.9359294671 6812273.314762345 0
1948 294589.8530203917 6812108.003219479 0
1949 294929.3954478924 6812362.152273583 0
1950 294332.5823032709 6812263.980625338 0
1951 294073.0896879651 6812024.86087633 0
1952 295268.6224489796 6812168.62244898 0
1953 294865.0266364146 6812102.926974067 0
1954 294766.9695698593 6812409.398463015 0
1955 295311.3611516035 6812136.361151603 0
$EndNodes
$Elements
4677
1 1 2 2 1 1 701
2 1 2 2 1 701 702
3 1 2 2 1 702 703
4 1 2 2 1 703 704
5 1 2 2 1 704 705
6 1 2 2 1 705 706
7 1 2 2 1 706 707
8 1 2 2 1 707 708
9 1 2 2 1 708 2
10 1 2 2 2 2 709
11 1 2 2 2 709 710
12 1 2 2 2 710 711
13 1 2 2 2 711 712
14 1 2 2 2 712 713
15 1 2 2 2 713 714
16 1 2 2 2 714 715
17 1 2 2 2 715 716
18 1 2 2 2 716 717
19 1 2 2 2 717 718
20 1 2 2 2 718 719
21 1 2 2 2 719 720
22 1 2 2 2 720 3
23 1 2 2 3 3 721
24 1 2 2 3 721 722
25 1 2 2 3 722 723
26 1 2 2 3 723 724
27 1 2 2 3 724 725
28 1 2 2 3 725 726
29 1 2 2 3 726 727
30 1 2 2 3 727 728
31 1 2 2 3 728 4
32 1 2 2 4 4 729
33 1 2 2 4 729 730
34 1 2 2 4 730 731
35 1 2 2 4 731 732
36 1 2 2 4 732 733
37 1 2 2 4 733 734
38 1 2 2 4 734 735
39 1 2 2 4 735 736
40 1 2 2 4 736 737
41 1 2 2 4 737 738
42 1 2 2 4 738 739
43 1 2 2 4 739 740
44 1 2 2 4 740 1
45 1 2 4 5 5 6
46 1 2 4 6 6 7
47 1 2 4 7 7 8
48 1 2 4 8 8 9
49 1 2 4 9 9 10
50 1 2 4 10 10 11
51 1 2 4 11 11 12
52 1 2 4 12 12 13
53 1 2 4 13 13 14
54 1 2 4 14 14 15
55 1 2 4 15 15 16
56 1 2 4 16 16 17
57 1 2 4 17 17 18
58 1 2 4 18 18 19
59 1 2 4 19 19 20
60 1 2 4 20 20 21
61 1 2 4 21 21 22
62 1 2 4 22 22 23
63 1 2 4 23 23 24
64 1 2 4 24 24 25
65 1 2 4 25 25 26
66 1 2 4 26 26 27
67 1 2 4 27 27 28
68 1 2 4 28 28 29
69 1 2 4 29 29 30
70 1 2 4 30 30 31
71 1 2 4 31 31 32
72 1 2 4 32 32 33
73 1 2 4 33 33 34
74 1 2 4 34 34 35
75 1 2 4 35 35 36
76 1 2 4 36 36 37
77 1 2 4 37 37 38
78 1 2 4 38 38 39
79 1 2 4 39 39 40
80 1 2 4 40 40 741
81 1 2 4 40 741 742
82 1 2 4 40 742 743
83 1 2 4 40 743 744
84 1 2 4 40 744 745
85 1 2 4 40 745 41
86 1 2 3 41 41 746
87 1 2 3 41 746 747
88 1 2 3 41 747 42
89 1 2 4 42 42 748
90 1 2 4 42 748 43
91 1 2 4 43 43 749
92 1 2 4 43 749 44
93 1 2 3 44 44 750
94 1 2 3 44 750 751
95 1 2 3 44 751 45
96 1 2 4 45 45 752
97 1 2 4 45 752 46
98 1 2 4 46 46 47
99 1 2 4 47 47 48
100 1 2 4 48 48 49
101 1 2 4 49 49 753
102 1 2 4 49 753 5
103 1 2 4 50 50 51
104 1 2 4 51 51 52
105 1 2 4 52 52 53
106 1 2 4 53 53 54
107 1 2 4 54 54 55
108 1 2 4 55 55 56
109 1 2 4 56 56 57
110 1 2 4 57 57 58
111 1 2 4 58 58 59
112 1 2 4 59 59 60
113 1 2 4 60 60 61
114 1 2 4 61 61 62
115 1 2 4 62 62 63
116 1 2 4 63 63 64
117 1 2 4 64 64 65
118 1 2 4 65 65 66
119 1 2 4 66 66 67
120 1 2 4 67 67 68
121 1 2 4 68 68 69
122 1 2 4 69 69 70
123 1 2 4 70 70 71
124 1 2 4 71 71 72
125 1 2 4 72 72 73
126 1 2 4 73 73 74
127 1 2 4 74 74 75
128 1 2 4 75 75 76
129 1 2 4 76 76 77
130 1 2 4 77 77 78
131 1 2 4 78 78 79
132 1 2 4 79 79 80
133 1 2 4 80 80 81
134 1 2 4 81 81 82
135 1 2 4 82 82 83
136 1 2 4 83 83 84
137 1 2 4 84 84 85
138 1 2 4 85 85 86
139 1 2 4 86 86 87
140 1 2 4 87 87 88
141 1 2 4 88 88 89
142 1 2 4 89 89 90
143 1 2 4 90 90 91
144 1 2 4 91 91 92
145 1 2 4 92 92 93
146 1 2 4 93 93 94
147 1 2 4 94 94 95
148 1 2 4 95 95 96
149 1 2 4 96 96 97
150 1 2 4 97 97 98
151 1 2 4 98 98 99
152 1 2 4 99 99 100
153 1 2 4 100 100 101
154 1 2 4 101 101 102
155 1 2 4 102 102 103
156 1 2 4 103 103 104
157 1 2 4 104 104 105
158 1 2 4 105 105 106
159 1 2 4 106 106 107
160 1 2 4 107 107 108
161 1 2 4 108 108 109
162 1 2 4 109 109 110
163 1 2 4 110 110 111
164 1 2 4 111 111 112
165 1 2 4 112 112 113
166 1 2 4 113 113 114
167 1 2 4 114 114 115
168 1 2 4 115 115 116
169 1 2 4 116 116 117
170 1 2 4 117 117 118
171 1 2 4 118 118 119
172 1 2 4 119 119 120
173 1 2 4 120 120 121
174 1 2 4 121 121 122
175 1 2 4 122 122 123
176 1 2 4 123 123 124
177 1 2 4 124 124 125
178 1 2 4 125 125 126
179 1 2 4 126 126 127
180 1 2 4 127 127 128
181 1 2 4 128 128 129
182 1 2 4 129 129 130
183 1 2 4 130 130 131
184 1 2 4 131 131 132
185 1 2 4 132 132 133
186 1 2 4 133 133 134
187 1 2 4 134 134 135
188 1 2 4 135 135 136
189 1 2 4 136 136 137
190 1 2 4 137 137 138
191 1 2 4 138 138 139
192 1 2 4 139 139 140
193 1 2 4 140 140 141
194 1 2 4 141 141 142
195 1 2 4 142 142 143
196 1 2 4 143 143 144
197 1 2 4 144 144 145
198 1 2 4 145 145 146
199 1 2 4 146 146 147
200 1 2 4 147 147 148
201 1 2 4 148 148 149
202 1 2 4 149 149 150
203 1 2 4 150 150 151
204 1 2 4 151 151 152
205 1 2 4 152 152 153
206 1 2 4 153 153 154
207 1 2 4 154 154 155
208 1 2 4 155 155 156
209 1 2 4 156 156 157
210 1 2 4 157 157 158
211 1 2 4 158 158 159
212 1 2 4 159 159 160
213 1 2 4 160 160 161
214 1 2 4 161 161 162
215 1 2 4 162 162 163
216 1 2 4 163 163 164
217 1 2 4 164 164 165
218 1 2 4 165 165 166
219 1 2 4 166 166 167
220 1 2 4 167 167 168
221 1 2 4 168 168 169
222 1 2 4 169 169 170
223 1 2 4 170 170 171
224 1 2 4 171 171 172
225 1 2 4 172 172 173
226 1 2 4 173 173 174
227 1 2 4 174 174 175
228 1 2 4 175 175 176
229 1 2 4 176 176 177
230 1 2 4 177 177 178
231 1 2 4 178 178 179
232 1 2 4 179 179 180
233 1 2 4 180 180 181
234 1 2 4 181 181 182
235 1 2 4 182 182 754
236 1 2 4 182 754 183
237 1 2 3 183 183 755
238 1 2 3 183 755 184
239 1 2 3 184 184 185
240 1 2 3 185 185 756
241 1 2 3 185 756 186
242 1 2 3 186 186 757
243 1 2 3 186 757 758
244 1 2 3 186 758 759
245 1 2 3 186 759 760
246 1 2 3 186 760 187
247 1 2 4 187 187 761
248 1 2 4 187 761 762
249 1 2 4 187 762 188
250 1 2 4 188 188 763
251 1 2 4 188 763 764
252 1 2 4 188 764 189
253 1 2 3 189 189 765
254 1 2 3 189 765 190
255 1 2 4 190 190 191
256 1 2 4 191 191 766
257 1 2 4 191 766 767
258 1 2 4 191 767 192
259 1 2 4 192 192 768
260 1 2 4 192 768 193
261 1 2 4 193 193 194
262 1 2 3 194 194 769
263 1 2 3 194 769 195
264 1 2 3 195 195 770
265 1 2 3 195 770 196
266 1 2 4 196 196 197
267 1 2 4 197 197 198
268 1 2 3 198 198 199
269 1 2 3 199 199 771
270 1 2 3 199 771 200
271 1 2 3 200 200 201
272 1 2 3 201 201 202
273 1 2 3 202 202 203
274 1 2 4 203 203 772
275 1 2 4 203 772 204
276 1 2 4 204 204 773
277 1 2 4 204 773 774
278 1 2 4 204 774 775
279 1 2 4 204 775 205
280 1 2 3 205 205 776
281 1 2 3 205 776 206
282 1 2 4 206 206 207
283 1 2 4 207 207 208
284 1 2 4 208 208 209
285 1 2 4 209 209 210
286 1 2 4 210 210 211
287 1 2 4 211 211 212
288 1 2 4 212 212 213
289 1 2 4 213 213 214
290 1 2 4 214 214 215
291 1 2 4 215 215 216
292 1 2 4 216 216 217
293 1 2 4 217 217 777
294 1 2 4 217 777 218
295 1 2 4 218 218 778
296 1 2 4 218 778 219
297 1 2 4 219 219 779
298 1 2 4 219 779 780
299 1 2 4 219 780 220
300 1 2 4 220 220 221
301 1 2 4 221 221 222
302 1 2 4 222 222 223
303 1 2 4 223 223 224
304 1 2 4 224 224 225
305 1 2 4 225 225 226
306 1 2 4 226 226 227
307 1 2 4 227 227 228
308 1 2 4 228 228 229
309 1 2 4 229 229 230
310 1 2 4 230 230 781
311 1 2 4 230 781 231
312 1 2 4 231 231 232
313 1 2 4 232 232 233
314 1 2 4 233 233 782
315 1 2 4 233 782 234
316 1 2 3 234 234 783
317 1 2 3 234 783 235
318 1 2 4 235 235 236
319 1 2 4 236 236 237
320 1 2 4 237 237 238
321 1 2 4 238 238 239
322 1 2 4 239 239 240
323 1 2 4 240 240 241
324 1 2 4 241 241 242
325 1 2 4 242 242 243
326 1 2 4 243 243 244
327 1 2 4 244 244 245
328 1 2 4 245 245 246
329 1 2 4 246 246 247
330 1 2 4 247 247 248
331 1 2 4 248 248 249
332 1 2 4 249 249 50
333 1 2 4 250 48 250
334 1 2 4 251 250 251
335 1 2 4 252 251 252
336 1 2 4 253 252 253
337 1 2 4 254 253 254
338 1 2 4 255 254 255
339 1 2 4 256 255 256
340 1 2 4 257 256 257
341 1 2 4 258 257 258
342 1 2 4 259 258 259
343 1 2 4 260 259 260
344 1 2 4 261 260 261
345 1 2 4 262 261 262
346 1 2 4 263 262 263
347 1 2 4 264 263 264
348 1 2 4 265 264 12
349 1 2 4 266 251 265
350 1 2 4 267 265 46
351 1 2 4 268 43 266
352 1 2 4 269 266 267
353 1 2 4 270 267 268
354 1 2 4 271 268 269
355 1 2 4 272 269 270
356 1 2 4 273 270 271
357 1 2 4 274 271 272
358 1 2 4 275 272 273
359 1 2 4 276 273 274
360 1 2 4 277 274 275
361 1 2 4 278 275 276
362 1 2 4 279 276 277
363 1 2 4 280 277 278
364 1 2 4 281 278 279
365 1 2 4 282 279 280
366 1 2 4 283 280 281
367 1 2 4 284 281 282
368 1 2 4 285 282 283
369 1 2 4 286 283 284
370 1 2 4 287 284 285
371 1 2 4 288 285 286
372 1 2 4 289 286 287
373 1 2 4 290 287 288
374 1 2 4 291 288 289
375 1 2 4 292 289 290
376 1 2 4 293 290 35
377 1 2 4 294 236 784
378 1 2 4 294 784 291
379 1 2 3 295 291 785
380 1 2 3 295 785 292
381 1 2 3 296 292 293
382 1 2 3 297 293 786
383 1 2 3 297 786 294
384 1 2 3 298 294 295
385 1 2 3 299 295 296
386 1 2 3 300 296 787
387 1 2 3 300 787 297
388 1 2 4 301 297 182
389 1 2 4 302 230 298
390 1 2 4 303 298 299
391 1 2 4 304 299 300
392 1 2 4 305 300 301
393 1 2 4 306 301 302
394 1 2 4 307 302 303
395 1 2 4 308 303 304
396 1 2 4 309 304 231
397 1 2 4 310 229 305
398 1 2 4 311 305 306
399 1 2 4 312 306 307
400 1 2 4 313 307 298
401 1 2 4 314 229 308
402 1 2 4 315 308 788
403 1 2 4 315 788 220
404 1 2 4 316 220 309
405 1 2 4 317 309 310
406 1 2 4 318 310 311
407 1 2 4 319 311 312
408 1 2 4 320 312 313
409 1 2 4 321 313 314
410 1 2 4 322 314 315
411 1 2 4 323 315 316
412 1 2 4 324 316 317
413 1 2 4 325 317 318
414 1 2 4 326 318 319
415 1 2 4 327 319 320
416 1 2 4 328 320 321
417 1 2 4 329 321 322
418 1 2 4 330 322 323
419 1 2 4 331 323 324
420 1 2 4 332 324 325
421 1 2 4 333 325 326
422 1 2 4 334 326 327
423 1 2 4 335 327 328
424 1 2 4 336 328 329
425 1 2 4 337 329 330
426 1 2 4 338 330 331
427 1 2 4 339 331 332
428 1 2 4 340 332 333
429 1 2 4 341 333 334
430 1 2 4 342 334 335
431 1 2 4 343 335 336
432 1 2 4 344 336 337
433 1 2 4 345 337 338
434 1 2 4 346 338 339
435 1 2 4 347 339 340
436 1 2 4 348 340 341
437 1 2 4 349 341 342
438 1 2 4 350 342 343
439 1 2 4 351 343 344
440 1 2 4 352 344 345
441 1 2 4 353 345 346
442 1 2 4 354 346 347
443 1 2 4 355 347 348
444 1 2 4 356 348 349
445 1 2 4 357 349 350
446 1 2 4 358 350 188
447 1 2 4 359 236 351
448 1 2 4 360 351 352
449 1 2 4 361 352 353
450 1 2 4 362 353 354
451 1 2 4 363 354 355
452 1 2 4 364 355 356
453 1 2 4 365 356 357
454 1 2 4 366 357 358
455 1 2 4 367 358 359
456 1 2 4 368 359 360
457 1 2 4 369 360 361
458 1 2 4 370 361 362
459 1 2 4 371 362 363
460 1 2 4 372 363 364
461 1 2 4 373 364 365
462 1 2 4 374 365 233
463 1 2 4 375 233 231
464 1 2 4 376 204 366
465 1 2 4 377 366 367
466 1 2 4 378 367 368
467 1 2 4 379 368 369
468 1 2 4 380 369 370
469 1 2 4 381 370 371
470 1 2 4 382 371 372
471 1 2 4 383 372 373
472 1 2 4 384 373 374
473 1 2 4 385 374 375
474 1 2 4 386 375 376
475 1 2 4 387 376 377
476 1 2 4 388 377 378
477 1 2 4 389 378 379
478 1 2 4 390 379 380
479 1 2 4 391 380 381
480 1 2 4 392 381 382
481 1 2 4 393 382 383
482 1 2 4 394 383 207
483 1 2 3 395 199 789
484 1 2 3 395 789 790
485 1 2 3 395 790 384
486 1 2 3 396 384 385
487 1 2 4 397 385 207
488 1 2 3 398 384 386
489 1 2 4 399 386 791
490 1 2 4 399 791 216
491 1 2 4 400 216 387
492 1 2 4 401 387 388
493 1 2 4 402 388 389
494 1 2 4 403 389 390
495 1 2 4 404 390 391
496 1 2 4 405 391 392
497 1 2 4 406 392 393
498 1 2 4 407 393 394
499 1 2 4 408 394 395
500 1 2 4 409 395 396
501 1 2 4 410 396 397
502 1 2 4 411 397 398
503 1 2 4 412 398 399
504 1 2 4 413 399 400
505 1 2 4 414 400 401
506 1 2 4 415 401 402
507 1 2 4 416 402 403
508 1 2 4 417 403 404
509 1 2 4 418 404 405
510 1 2 4 419 405 406
511 1 2 4 420 406 407
512 1 2 4 421 407 408
513 1 2 4 422 408 409
514 1 2 4 423 409 410
515 1 2 4 424 410 411
516 1 2 4 425 411 412
517 1 2 4 426 412 413
518 1 2 4 427 413 414
519 1 2 4 428 414 415
520 1 2 4 429 415 416
521 1 2 4 430 416 218
522 1 2 4 431 197 417
523 1 2 4 432 417 418
524 1 2 4 433 418 419
525 1 2 4 434 419 420
526 1 2 4 435 420 421
527 1 2 4 436 421 422
528 1 2 4 437 422 423
529 1 2 4 438 423 424
530 1 2 4 439 424 425
531 1 2 4 440 425 426
532 1 2 4 441 426 427
533 1 2 4 442 427 428
534 1 2 4 443 428 429
535 1 2 4 444 429 430
536 1 2 4 445 430 431
537 1 2 4 446 431 432
538 1 2 4 447 432 433
539 1 2 4 448 433 434
540 1 2 4 449 434 435
541 1 2 4 450 435 436
542 1 2 4 451 436 437
543 1 2 4 452 437 438
544 1 2 4 453 438 439
545 1 2 4 454 439 440
546 1 2 4 455 440 441
547 1 2 4 456 441 442
548 1 2 4 457 442 443
549 1 2 4 458 443 444
550 1 2 4 459 444 445
551 1 2 4 460 445 446
552 1 2 4 461 446 447
553 1 2 4 462 447 448
554 1 2 4 463 448 449
555 1 2 4 464 449 450
556 1 2 4 465 450 451
557 1 2 4 466 451 396
558 1 2 4 467 437 452
559 1 2 4 468 452 453
560 1 2 4 469 453 454
561 1 2 4 470 454 455
562 1 2 4 471 455 456
563 1 2 4 472 456 457
564 1 2 4 473 457 458
565 1 2 4 474 458 193
566 1 2 4 475 191 459
567 1 2 4 476 459 460
568 1 2 4 477 460 461
569 1 2 4 478 461 462
570 1 2 4 479 462 463
571 1 2 4 480 463 464
572 1 2 4 481 464 465
573 1 2 4 482 465 466
574 1 2 4 483 466 467
575 1 2 4 484 467 468
576 1 2 4 485 468 469
577 1 2 4 486 469 470
578 1 2 4 487 470 471
579 1 2 4 488 471 472
580 1 2 4 489 472 473
581 1 2 4 490 473 474
582 1 2 4 491 474 475
583 1 2 4 492 475 476
584 1 2 4 493 476 477
585 1 2 4 494 477 478
586 1 2 4 495 478 402
587 1 2 4 496 320 479
588 1 2 4 497 479 480
589 1 2 4 498 480 409
590 1 2 4 499 481 482
591 1 2 4 500 482 483
592 1 2 4 501 483 484
593 1 2 4 502 484 485
594 1 2 4 503 485 486
595 1 2 4 504 486 487
596 1 2 4 505 487 488
597 1 2 4 506 489 490
598 1 2 4 507 490 491
599 1 2 4 508 491 492
600 1 2 4 509 492 493
601 1 2 4 510 493 494
602 1 2 4 511 494 495
603 1 2 4 512 495 496
604 1 2 4 513 496 488
605 1 2 4 514 497 498
606 1 2 4 515 498 499
607 1 2 4 516 499 500
608 1 2 4 517 500 501
609 1 2 4 518 501 502
610 1 2 4 519 502 503
611 1 2 4 520 503 504
612 1 2 4 521 504 505
613 1 2 4 522 505 506
614 1 2 4 523 506 507
615 1 2 4 524 508 509
616 1 2 4 525 509 510
617 1 2 4 526 510 511
618 1 2 4 527 511 512
619 1 2 4 528 512 513
620 1 2 4 529 513 514
621 1 2 4 530 514 515
622 1 2 4 531 515 516
623 1 2 4 532 516 517
624 1 2 4 533 517 518
625 1 2 4 534 518 519
626 1 2 4 535 519 507
627 1 2 4 536 520 521
628 1 2 4 537 521 522
629 1 2 4 538 522 523
630 1 2 4 539 523 524
631 1 2 4 540 524 525
632 1 2 4 541 525 526
633 1 2 4 542 526 527
634 1 2 4 543 527 528
635 1 2 4 544 528 529
636 1 2 4 545 529 530
637 1 2 4 546 530 531
638 1 2 4 547 532 533
639 1 2 4 548 533 534
640 1 2 4 549 534 535
641 1 2 4 550 535 536
642 1 2 4 551 536 537
643 1 2 4 552 537 538
644 1 2 4 553 538 539
645 1 2 4 554 539 540
646 1 2 4 555 540 541
647 1 2 4 556 541 542
648 1 2 4 557 542 543
649 1 2 4 558 543 544
650 1 2 4 559 544 545
651 1 2 4 560 545 546
652 1 2 4 561 546 547
653 1 2 4 562 547 548
654 1 2 4 563 548 549
655 1 2 4 564 549 550
656 1 2 4 565 550 551
657 1 2 4 566 551 552
658 1 2 4 567 552 553
659 1 2 4 568 553 554
660 1 2 4 569 554 555
661 1 2 4 570 555 556
662 1 2 4 571 556 557
663 1 2 4 572 557 558
664 1 2 4 573 558 559
665 1 2 4 574 559 560
666 1 2 4 575 560 561
667 1 2 4 576 561 562
668 1 2 4 577 562 563
669 1 2 4 578 563 564
670 1 2 4 579 564 565
671 1 2 4 580 565 566
672 1 2 4 581 566 531
673 1 2 4 582 567 568
674 1 2 4 583 568 569
675 1 2 4 584 569 570
676 1 2 4 585 570 571
677 1 2 4 586 571 572
678 1 2 4 587 572 573
679 1 2 4 588 573 574
680 1 2 4 589 574 575
681 1 2 4 590 575 576
682 1 2 4 591 576 577
683 1 2 4 592 577 578
684 1 2 4 593 578 579
685 1 2 4 594 579 580
686 1 2 4 595 580 581
687 1 2 4 596 581 535
688 1 2 4 597 582 583
689 1 2 4 598 583 584
690 1 2 4 599 584 585
691 1 2 4 600 585 586
692 1 2 4 601 586 587
693 1 2 4 602 587 588
694 1 2 4 603 588 589
695 1 2 4 604 589 590
696 1 2 4 605 590 591
697 1 2 4 606 591 592
698 1 2 4 607 592 593
699 1 2 4 608 593 594
700 1 2 4 609 594 595
701 1 2 4 610 595 596
702 1 2 4 611 597 598
703 1 2 4 612 598 599
704 1 2 4 613 599 600
705 1 2 4 614 600 601
706 1 2 4 615 601 602
707 1 2 4 616 602 603
708 1 2 4 617 603 604
709 1 2 4 618 604 605
710 1 2 4 619 605 606
711 1 2 4 620 606 607
712 1 2 4 621 607 608
713 1 2 4 622 608 609
714 1 2 4 623 609 610
715 1 2 4 624 610 611
716 1 2 4 625 611 612
717 1 2 4 626 612 596
718 1 2 4 627 613 614
719 1 2 4 628 614 615
720 1 2 4 629 615 616
721 1 2 4 630 616 617
722 1 2 4 631 617 618
723 1 2 4 632 618 619
724 1 2 4 633 619 620
725 1 2 4 634 620 621
726 1 2 4 635 621 622
727 1 2 4 636 622 623
728 1 2 4 637 623 624
729 1 2 4 638 624 625
730 1 2 4 639 625 626
731 1 2 4 640 626 627
732 1 2 4 641 627 628
733 1 2 4 642 628 629
734 1 2 4 643 629 630
735 1 2 4 644 631 632
736 1 2 4 645 632 633
737 1 2 4 646 633 634
738 1 2 4 647 634 635
739 1 2 4 648 635 636
740 1 2 4 649 636 637
741 1 2 4 650 637 638
742 1 2 4 651 638 639
743 1 2 4 652 639 640
744 1 2 4 653 640 641
745 1 2 4 654 641 642
746 1 2 4 655 642 643
747 1 2 4 656 643 644
748 1 2 4 657 644 645
749 1 2 4 658 645 646
750 1 2 4 659 646 647
751 1 2 4 660 647 648
752 1 2 4 661 648 649
753 1 2 4 662 649 650
754 1 2 4 663 650 651
755 1 2 4 664 651 652
756 1 2 4 665 652 653
757 1 2 4 666 653 654
758 1 2 4 667 654 655
759 1 2 4 668 655 630
760 1 2 4 669 656 657
761 1 2 4 670 657 658
762 1 2 4 671 658 659
763 1 2 4 672 659 660
764 1 2 4 673 660 661
765 1 2 4 674 661 662
766 1 2 4 675 662 663
767 1 2 4 676 663 664
768 1 2 4 677 664 665
769 1 2 4 678 665 666
770 1 2 4 679 666 667
771 1 2 4 680 667 668
772 1 2 4 681 668 669
773 1 2 4 682 669 670
774 1 2 4 683 670 671
775 1 2 4 684 671 672
776 1 2 4 685 672 673
777 1 2 4 686 673 674
778 1 2 4 687 674 675
779 1 2 4 688 675 648
780 1 2 3 689 676 677
781 1 2 3 690 677 678
782 1 2 3 691 678 792
783 1 2 3 691 792 793
784 1 2 3 691 793 679
785 1 2 3 692 679 794
786 1 2 3 692 794 680
787 1 2 3 693 680 681
788 1 2 3 694 681 682
789 1 2 3 695 683 678
790 1 2 3 696 684 678
791 1 2 3 697 685 678
792 1 2 3 698 686 795
793 1 2 3 698 795 796
794 1 2 3 698 796 797
795 1 2 3 698 797 687
796 1 2 3 699 687 798
797 1 2 3 699 798 799
798 1 2 3 699 799 679
799 1 2 3 700 688 689
800 1 2 3 701 689 800
801 1 2 3 701 800 801
802 1 2 3 701 801 690
803 1 2 3 702 690 802
804 1 2 3 702 802 691
805 1 2 3 703 692 803
806 1 2 3 703 803 804
807 1 2 3 703 804 693
808 1 2 3 704 694 695
809 1 2 3 705 695 696
810 1 2 3 706 696 697
811 1 2 3 707 698 805
812 1 2 3 707 805 699
813 1 2 3 708 699 700
814 2 2 1 1 187 1150 760
815 2 2 1 1 926 1168 1080
816 2 2 1 1 772 1130 203
817 2 2 1 1 587 1250 588
818 2 2 1 1 121 1233 120
819 2 2 1 1 941 1222 1200
820 2 2 1 1 911 1536 1159
821 2 2 1 1 745 1162 744
822 2 2 1 1 872 1078 532
823 2 2 1 1 501 1118 500
824 2 2 1 1 633 1403 632
825 2 2 1 1 756 1165 185
826 2 2 1 1 833 1367 965
827 2 2 1 1 689 1072 688
828 2 2 1 1 1200 1222 977
829 2 2 1 1 935 1346 1151
830 2 2 1 1 192 1170 767
831 2 2 1 1 954 992 830
832 2 2 1 1 532 1078 868
833 2 2 1 1 803 1158 692
834 2 2 1 1 819 1481 1261
835 2 2 1 1 863 1272 982
836 2 2 1 1 991 1536 911
837 2 2 1 1 678 1489 792
838 2 2 1 1 520 1345 1080
839 2 2 1 1 598 1229 597
840 2 2 1 1 824 992 954
841 2 2 1 1 1162 1323 915
842 2 2 1 1 722 1381 721
843 2 2 1 1 692 1213 5
844 2 2 1 1 21 1101 851
845 2 2 1 1 1221 1222 942
846 2 2 1 1 733 1175 964
847 2 2 1 1 1071 1335 904
848 2 2 1 1 201 1560 200
849 2 2 1 1 812 1168 926
850 2 2 1 1 777 914 217
851 2 2 1 1 1226 1335 1071
852 2 2 1 1 1080 1179 520
853 2 2 1 1 521 1345 520
854 2 2 1 1 160 1196 159
855 2 2 1 1 190 1223 765
856 2 2 1 1 1171 1299 959
857 2 2 1 1 843 1299 1171
858 2 2 1 1 676 1371 1096
859 2 2 1 1 56 1103 55
860 2 2 1 1 168 1019 167
861 2 2 1 1 590 1127 589
862 2 2 1 1 721 1381 1238
863 2 2 1 1 679 793 799
864 2 2 1 1 963 1244 1209
865 2 2 1 1 1209 1244 900
866 2 2 1 1 870 1137 631
867 2 2 1 1 1154 1511 807
868 2 2 1 1 945 1167 830
869 2 2 1 1 1296 1536 867
870 2 2 1 1 992 1174 830
871 2 2 1 1 1200 1299 843
872 2 2 1 1 977 1299 1200
873 2 2 1 1 757 1254 186
874 2 2 1 1 1237 1440 1081
875 2 2 1 1 1174 1411 695
876 2 2 1 1 1269 1293 983
877 2 2 1 1 911 1126 991
878 2 2 1 1 227 1194 226
879 2 2 1 1 964 1063 732
880 2 2 1 1 1081 1440 1179
881 2 2 1 1 923 1189 896
882 2 2 1 1 1269 1410 848
883 2 2 1 1 930 1410 1269
884 2 2 1 1 1151 1429 935
885 2 2 1 1 953 1323 1162
886 2 2 1 1 631 873 870
887 2 2 1 1 595 1187 594
888 2 2 1 1 687 984 797
889 2 2 1 1 738 1389 1183
890 2 2 1 1 43 906 748
891 2 2 1 1 758 1072 757
892 2 2 1 1 1379 1400 1365
893 2 2 1 1 1171 1366 843
894 2 2 1 1 841 968 825
895 2 2 1 1 869 1376 1303
896 2 2 1 1 740 1389 739
897 2 2 1 1 1195 1427 884
898 2 2 1 1 1078 1219 859
899 2 2 1 1 520 1440 878
900 2 2 1 1 1159 1536 1296
901 2 2 1 1 1260 1389 740
902 2 2 1 1 596 1187 595
903 2 2 1 1 492 1234 493
904 2 2 1 1 849 1169 1113
905 2 2 1 1 1126 1334 815
906 2 2 1 1 719 1209 718
907 2 2 1 1 1334 1388 815
908 2 2 1 1 869 1236 989
909 2 2 1 1 527 1309 526
910 2 2 1 1 846 1141 856
911 2 2 1 1 1338 1414 1245
912 2 2 1 1 911 1334 1126
913 2 2 1 1 617 1287 618
914 2 2 1 1 705 1248 704
915 2 2 1 1 706 1177 705
916 2 2 1 1 1177 1248 705
917 2 2 1 1 1241 1531 42
918 2 2 1 1 25 1102 24
919 2 2 1 1 112 1110 111
920 2 2 1 1 672 1148 673
921 2 2 1 1 630 1135 629
922 2 2 1 1 733 964 732
923 2 2 1 1 1258 1347 942
924 2 2 1 1 798 1447 687
925 2 2 1 1 739 1389 738
926 2 2 1 1 235 1167 783
927 2 2 1 1 1083 1155 838
928 2 2 1 1 774 938 773
929 2 2 1 1 1151 1541 902
930 2 2 1 1 600 1202 601
931 2 2 1 1 13 1099 1098
932 2 2 1 1 1159 1203 911
933 2 2 1 1 1102 1264 851
934 2 2 1 1 1113 1169 221
935 2 2 1 1 551 1189 552
936 2 2 1 1 1251 1419 806
937 2 2 1 1 507 1243 506
938 2 2 1 1 902 1541 1077
939 2 2 1 1 830 1174 945
940 2 2 1 1 913 1564 1084
941 2 2 1 1 167 1019 166
942 2 2 1 1 496 1026 488
943 2 2 1 1 531 1034 530
944 2 2 1 1 649 1058 650
945 2 2 1 1 1294 1296 867
946 2 2 1 1 877 1241 864
947 2 2 1 1 657 1372 1140
948 2 2 1 1 690 1461 802
949 2 2 1 1 642 1289 1138
950 2 2 1 1 850 882 40
951 2 2 1 1 968 1239 825
952 2 2 1 1 924 1255 900
953 2 2 1 1 597 1343 598
954 2 2 1 1 599 1343 600
955 2 2 1 1 1084 1564 1180
956 2 2 1 1 1165 1354 800
957 2 2 1 1 1087 1242 881
958 2 2 1 1 226 1413 225
959 2 2 1 1 1077 1334 1230
960 2 2 1 1 1230 1334 911
961 2 2 1 1 183 997 754
962 2 2 1 1 1172 1381 723
963 2 2 1 1 1121 1247 892
964 2 2 1 1 106 1107 105
965 2 2 1 1 481 1465 879
966 2 2 1 1 801 1165 800
967 2 2 1 1 571 1208 572
968 2 2 1 1 968 1306 1173
969 2 2 1 1 1006 1195 884
970 2 2 1 1 699 1321 805
971 2 2 1 1 1082 1177 706
972 2 2 1 1 755 865 183
973 2 2 1 1 953 1087 881
974 2 2 1 1 859 1295 1294
975 2 2 1 1 1179 1440 520
976 2 2 1 1 866 1280 1148
977 2 2 1 1 691 1226 802
978 2 2 1 1 900 981 924
979 2 2 1 1 592 1441 591
980 2 2 1 1 594 1441 593
981 2 2 1 1 766 1292 191
982 2 2 1 1 1178 1221 942
983 2 2 1 1 222 1113 221
984 2 2 1 1 1135 1467 1136
985 2 2 1 1 988 1078 859
986 2 2 1 1 959 1276 1171
987 2 2 1 1 1424 1457 962
988 2 2 1 1 846 1286 700
989 2 2 1 1 940 1338 1245
990 2 2 1 1 908 1094 1050
991 2 2 1 1 1261 1481 1154
992 2 2 1 1 1168 1179 1080
993 2 2 1 1 1270 1271 698
994 2 2 1 1 723 1381 722
995 2 2 1 1 1061 1141 846
996 2 2 1 1 918 1404 1265
997 2 2 1 1 1269 1270 930
998 2 2 1 1 1201 1367 833
999 2 2 1 1 822 853 834
1000 2 2 1 1 1230 1248 902
1001 2 2 1 1 1333 1487 597
1002 2 2 1 1 1175 1228 964
1003 2 2 1 1 800 1550 689
1004 2 2 1 1 816 1457 1424
1005 2 2 1 1 197 1166 196
1006 2 2 1 1 719 1446 1209
1007 2 2 1 1 918 1265 1263
1008 2 2 1 1 745 1480 1162
1009 2 2 1 1 482 950 483
1010 2 2 1 1 569 919 568
1011 2 2 1 1 650 920 649
1012 2 2 1 1 651 921 652
1013 2 2 1 1 732 1063 731
1014 2 2 1 1 967 968 841
1015 2 2 1 1 639 905 640
1016 2 2 1 1 977 1222 842
1017 2 2 1 1 850 1264 1102
1018 2 2 1 1 122 1233 121
1019 2 2 1 1 95 1288 94
1020 2 2 1 1 989 1240 869
1021 2 2 1 1 965 1193 833
1022 2 2 1 1 522 1479 523
1023 2 2 1 1 520 1479 521
1024 2 2 1 1 613 1297 614
1025 2 2 1 1 800 1211 801
1026 2 2 1 1 834 1237 822
1027 2 2 1 1 1462 1564 913
1028 2 2 1 1 218 1173 777
1029 2 2 1 1 206 1227 776
1030 2 2 1 1 842 1222 1221
1031 2 2 1 1 1404 1494 915
1032 2 2 1 1 918 1494 1404
1033 2 2 1 1 1083 1462 913
1034 2 2 1 1 904 1329 1071
1035 2 2 1 1 818 1251 835
1036 2 2 1 1 1085 1469 1172
1037 2 2 1 1 1261 1427 819
1038 2 2 1 1 851 1361 21
1039 2 2 1 1 1277 1372 656
1040 2 2 1 1 568 919 567
1041 2 2 1 1 570 919 569
1042 2 2 1 1 572 919 571
1043 2 2 1 1 649 920 648
1044 2 2 1 1 651 920 650
1045 2 2 1 1 650 921 651
1046 2 2 1 1 652 921 653
1047 2 2 1 1 887 888 820
1048 2 2 1 1 877 1505 1241
1049 2 2 1 1 493 1093 494
1050 2 2 1 1 500 1118 499
1051 2 2 1 1 583 1094 582
1052 2 2 1 1 775 1214 774
1053 2 2 1 1 217 1206 216
1054 2 2 1 1 1366 1373 843
1055 2 2 1 1 770 1201 195
1056 2 2 1 1 1148 1280 831
1057 2 2 1 1 811 1217 832
1058 2 2 1 1 907 1310 835
1059 2 2 1 1 1117 1221 497
1060 2 2 1 1 875 1100 21
1061 2 2 1 1 898 1452 815
1062 2 2 1 1 723 1266 1172
1063 2 2 1 1 913 1155 1083
1064 2 2 1 1 973 1094 908
1065 2 2 1 1 976 1248 1230
1066 2 2 1 1 1065 1162 915
1067 2 2 1 1 1152 1251 806
1068 2 2 1 1 695 1256 1174
1069 2 2 1 1 1158 1414 1338
1070 2 2 1 1 1155 1451 1403
1071 2 2 1 1 1172 1266 1085
1072 2 2 1 1 1272 1433 982
1073 2 2 1 1 986 1373 1366
1074 2 2 1 1 71 1195 70
1075 2 2 1 1 159 1196 158
1076 2 2 1 1 539 1198 538
1077 2 2 1 1 542 1199 543
1078 2 2 1 1 172 1197 171
1079 2 2 1 1 481 909 482
1080 2 2 1 1 525 1535 524
1081 2 2 1 1 523 1535 522
1082 2 2 1 1 634 1232 633
1083 2 2 1 1 185 1186 184
1084 2 2 1 1 131 1267 130
1085 2 2 1 1 153 1268 152
1086 2 2 1 1 1060 1141 1061
1087 2 2 1 1 902 1429 1151
1088 2 2 1 1 174 1495 173
1089 2 2 1 1 111 1305 110
1090 2 2 1 1 682 1210 681
1091 2 2 1 1 679 1301 794
1092 2 2 1 1 876 1352 914
1093 2 2 1 1 708 983 707
1094 2 2 1 1 898 1250 587
1095 2 2 1 1 1042 1124 547
1096 2 2 1 1 1059 1142 662
1097 2 2 1 1 1060 1145 665
1098 2 2 1 1 622 1132 1053
1099 2 2 1 1 659 1142 1139
1100 2 2 1 1 811 1406 1217
1101 2 2 1 1 805 1273 699
1102 2 2 1 1 1180 1474 1084
1103 2 2 1 1 848 1474 1180
1104 2 2 1 1 746 1253 41
1105 2 2 1 1 869 1431 1236
1106 2 2 1 1 863 982 828
1107 2 2 1 1 690 1283 801
1108 2 2 1 1 962 1457 881
1109 2 2 1 1 1366 1490 1365
1110 2 2 1 1 1171 1490 1366
1111 2 2 1 1 10 1097 9
1112 2 2 1 1 22 1101 21
1113 2 2 1 1 55 1103 54
1114 2 2 1 1 179 1089 178
1115 2 2 1 1 242 1114 241
1116 2 2 1 1 502 1027 503
1117 2 2 1 1 547 1124 548
1118 2 2 1 1 549 1123 548
1119 2 2 1 1 589 1127 588
1120 2 2 1 1 605 1130 606
1121 2 2 1 1 607 1129 606
1122 2 2 1 1 621 1133 620
1123 2 2 1 1 621 1132 622
1124 2 2 1 1 627 1134 626
1125 2 2 1 1 640 1055 641
1126 2 2 1 1 642 1138 641
1127 2 2 1 1 657 1140 658
1128 2 2 1 1 659 1139 658
1129 2 2 1 1 660 1143 661
1130 2 2 1 1 662 1142 661
1131 2 2 1 1 665 1145 666
1132 2 2 1 1 667 1144 666
1133 2 2 1 1 844 1346 1212
1134 2 2 1 1 1185 1438 844
1135 2 2 1 1 725 960 724
1136 2 2 1 1 1270 1437 930
1137 2 2 1 1 964 1375 1063
1138 2 2 1 1 724 1266 723
1139 2 2 1 1 912 1545 735
1140 2 2 1 1 508 1532 1405
1141 2 2 1 1 1251 1555 835
1142 2 2 1 1 1072 1254 757
1143 2 2 1 1 1219 1220 859
1144 2 2 1 1 809 1220 1219
1145 2 2 1 1 6 1097 692
1146 2 2 1 1 1205 1505 925
1147 2 2 1 1 691 1336 1226
1148 2 2 1 1 687 932 798
1149 2 2 1 1 233 1066 232
1150 2 2 1 1 819 1195 885
1151 2 2 1 1 1276 1490 1171
1152 2 2 1 1 826 1490 1276
1153 2 2 1 1 827 1306 968
1154 2 2 1 1 825 896 841
1155 2 2 1 1 40 1412 850
1156 2 2 1 1 839 1338 1276
1157 2 2 1 1 829 1505 1205
1158 2 2 1 1 930 1278 1277
1159 2 2 1 1 735 1471 912
1160 2 2 1 1 896 1189 841
1161 2 2 1 1 824 1339 992
1162 2 2 1 1 824 907 835
1163 2 2 1 1 992 1411 1174
1164 2 2 1 1 528 1308 527
1165 2 2 1 1 1094 1257 582
1166 2 2 1 1 983 1293 707
1167 2 2 1 1 915 1456 1404
1168 2 2 1 1 941 1472 1222
1169 2 2 1 1 817 1464 1203
1170 2 2 1 1 861 1374 1307
1171 2 2 1 1 676 1096 880
1172 2 2 1 1 1190 1362 1081
1173 2 2 1 1 1139 1337 656
1174 2 2 1 1 825 1390 1047
1175 2 2 1 1 734 1175 733
1176 2 2 1 1 881 1242 962
1177 2 2 1 1 64 1351 63
1178 2 2 1 1 212 1352 211
1179 2 2 1 1 834 1440 1237
1180 2 2 1 1 972 1325 1183
1181 2 2 1 1 486 1425 485
1182 2 2 1 1 602 993 603
1183 2 2 1 1 761 1259 187
1184 2 2 1 1 1337 1451 1084
1185 2 2 1 1 1278 1437 805
1186 2 2 1 1 703 1235 702
1187 2 2 1 1 716 1236 715
1188 2 2 1 1 711 1274 710
1189 2 2 1 1 805 1437 698
1190 2 2 1 1 203 1130 605
1191 2 2 1 1 508 1247 1121
1192 2 2 1 1 730 1400 729
1193 2 2 1 1 1241 1242 1087
1194 2 2 1 1 555 1435 554
1195 2 2 1 1 1183 1415 738
1196 2 2 1 1 1232 1403 633
1197 2 2 1 1 900 1448 1209
1198 2 2 1 1 1081 1179 1168
1199 2 2 1 1 603 993 604
1200 2 2 1 1 988 1476 1078
1201 2 2 1 1 949 1447 798
1202 2 2 1 1 31 931 30
1203 2 2 1 1 33 931 32
1204 2 2 1 1 768 1249 192
1205 2 2 1 1 693 1245 804
1206 2 2 1 1 1420 1485 840
1207 2 2 1 1 823 1252 938
1208 2 2 1 1 580 956 579
1209 2 2 1 1 698 1437 1270
1210 2 2 1 1 826 1442 1379
1211 2 2 1 1 116 1317 115
1212 2 2 1 1 668 1318 669
1213 2 2 1 1 89 1315 88
1214 2 2 1 1 110 1316 109
1215 2 2 1 1 120 1233 1111
1216 2 2 1 1 838 1426 1083
1217 2 2 1 1 1210 1302 680
1218 2 2 1 1 1238 1446 720
1219 2 2 1 1 501 1120 1118
1220 2 2 1 1 1221 1473 497
1221 2 2 1 1 1170 1409 767
1222 2 2 1 1 1162 1355 744
1223 2 2 1 1 977 1484 1408
1224 2 2 1 1 1160 1384 1065
1225 2 2 1 1 487 1024 496
1226 2 2 1 1 1183 1389 972
1227 2 2 1 1 1271 1274 698
1228 2 2 1 1 1136 1374 833
1229 2 2 1 1 813 1346 844
1230 2 2 1 1 1257 1452 582
1231 2 2 1 1 523 1544 524
1232 2 2 1 1 1078 1476 868
1233 2 2 1 1 821 1329 904
1234 2 2 1 1 720 1446 719
1235 2 2 1 1 616 1287 617
1236 2 2 1 1 42 1557 1241
1237 2 2 1 1 570 1363 571
1238 2 2 1 1 572 1364 573
1239 2 2 1 1 986 1400 730
1240 2 2 1 1 1159 1296 817
1241 2 2 1 1 960 1266 724
1242 2 2 1 1 196 1367 770
1243 2 2 1 1 501 917 502
1244 2 2 1 1 926 1079 840
1245 2 2 1 1 872 1198 822
1246 2 2 1 1 625 1282 626
1247 2 2 1 1 1283 1329 185
1248 2 2 1 1 1295 1296 1294
1249 2 2 1 1 231 1444 781
1250 2 2 1 1 807 1347 1258
1251 2 2 1 1 531 1194 910
1252 2 2 1 1 861 1301 1064
1253 2 2 1 1 842 1484 977
1254 2 2 1 1 1209 1446 963
1255 2 2 1 1 1290 1303 984
1256 2 2 1 1 886 1009 999
1257 2 2 1 1 801 1283 1165
1258 2 2 1 1 1136 1421 1135
1259 2 2 1 1 818 1427 1419
1260 2 2 1 1 1419 1427 1261
1261 2 2 1 1 910 1485 1420
1262 2 2 1 1 1226 1336 820
1263 2 2 1 1 1158 1338 839
1264 2 2 1 1 604 993 605
1265 2 2 1 1 800 1354 1254
1266 2 2 1 1 656 1337 1277
1267 2 2 1 1 601 1202 602
1268 2 2 1 1 873 1451 1337
1269 2 2 1 1 1084 1451 1155
1270 2 2 1 1 827 968 967
1271 2 2 1 1 880 937 676
1272 2 2 1 1 21 1361 875
1273 2 2 1 1 843 1513 1200
1274 2 2 1 1 881 1323 953
1275 2 2 1 1 833 1374 1201
1276 2 2 1 1 552 1189 553
1277 2 2 1 1 902 1248 1177
1278 2 2 1 1 777 1173 914
1279 2 2 1 1 687 1447 984
1280 2 2 1 1 930 1277 996
1281 2 2 1 1 774 1214 938
1282 2 2 1 1 799 1417 679
1283 2 2 1 1 968 1368 1239
1284 2 2 1 1 486 1024 487
1285 2 2 1 1 496 1024 495
1286 2 2 1 1 647 1056 646
1287 2 2 1 1 1176 1307 681
1288 2 2 1 1 886 1164 1104
1289 2 2 1 1 229 1344 228
1290 2 2 1 1 689 1387 800
1291 2 2 1 1 630 1467 1135
1292 2 2 1 1 1323 1456 915
1293 2 2 1 1 803 943 804
1294 2 2 1 1 34 931 33
1295 2 2 1 1 839 1276 959
1296 2 2 1 1 207 1182 206
1297 2 2 1 1 794 1301 1176
1298 2 2 1 1 817 1519 1325
1299 2 2 1 1 998 1519 817
1300 2 2 1 1 948 1274 711
1301 2 2 1 1 840 1485 1157
1302 2 2 1 1 1462 1463 810
1303 2 2 1 1 699 1273 700
1304 2 2 1 1 615 1385 616
1305 2 2 1 1 13 1098 12
1306 2 2 1 1 14 1099 13
1307 2 2 1 1 90 1105 89
1308 2 2 1 1 105 1106 104
1309 2 2 1 1 109 1108 108
1310 2 2 1 1 115 1109 114
1311 2 2 1 1 120 1111 119
1312 2 2 1 1 176 1112 175
1313 2 2 1 1 493 1116 492
1314 2 2 1 1 500 1119 501
1315 2 2 1 1 502 1120 501
1316 2 2 1 1 533 1122 532
1317 2 2 1 1 591 1128 592
1318 2 2 1 1 631 1137 632
1319 2 2 1 1 670 1146 669
1320 2 2 1 1 669 1147 670
1321 2 2 1 1 1228 1246 806
1322 2 2 1 1 1165 1283 185
1323 2 2 1 1 1408 1484 489
1324 2 2 1 1 228 1344 227
1325 2 2 1 1 862 1324 999
1326 2 2 1 1 598 1343 599
1327 2 2 1 1 49 1091 48
1328 2 2 1 1 1365 1490 1379
1329 2 2 1 1 1379 1490 826
1330 2 2 1 1 684 1163 685
1331 2 2 1 1 588 1250 589
1332 2 2 1 1 221 1169 220
1333 2 2 1 1 1229 1333 597
1334 2 2 1 1 1319 1505 1233
1335 2 2 1 1 998 1537 939
1336 2 2 1 1 497 1304 498
1337 2 2 1 1 959 1465 839
1338 2 2 1 1 840 1291 926
1339 2 2 1 1 1255 1448 900
1340 2 2 1 1 1236 1543 924
1341 2 2 1 1 187 1259 1150
1342 2 2 1 1 1360 1442 940
1343 2 2 1 1 230 1344 229
1344 2 2 1 1 681 1284 1176
1345 2 2 1 1 1183 1519 1415
1346 2 2 1 1 908 1252 823
1347 2 2 1 1 565 1390 566
1348 2 2 1 1 522 1345 521
1349 2 2 1 1 1111 1317 116
1350 2 2 1 1 1220 1295 859
1351 2 2 1 1 1415 1519 939
1352 2 2 1 1 556 923 557
1353 2 2 1 1 553 923 554
1354 2 2 1 1 610 936 609
1355 2 2 1 1 1276 1338 826
1356 2 2 1 1 1172 1469 963
1357 2 2 1 1 728 971 727
1358 2 2 1 1 918 1160 1065
1359 2 2 1 1 631 1451 873
1360 2 2 1 1 1308 1420 840
1361 2 2 1 1 926 1291 812
1362 2 2 1 1 491 1234 492
1363 2 2 1 1 531 1350 1194
1364 2 2 1 1 235 1279 901
1365 2 2 1 1 763 1348 188
1366 2 2 1 1 749 1272 43
1367 2 2 1 1 508 1405 1247
1368 2 2 1 1 1537 1554 939
1369 2 2 1 1 1397 1475 567
1370 2 2 1 1 1209 1448 718
1371 2 2 1 1 124 1395 123
1372 2 2 1 1 126 1395 125
1373 2 2 1 1 128 1396 127
1374 2 2 1 1 130 1396 129
1375 2 2 1 1 192 1249 1170
1376 2 2 1 1 989 1236 924
1377 2 2 1 1 573 1311 572
1378 2 2 1 1 599 1312 598
1379 2 2 1 1 654 1394 655
1380 2 2 1 1 1201 1374 1075
1381 2 2 1 1 901 1167 235
1382 2 2 1 1 862 1406 1324
1383 2 2 1 1 142 1392 141
1384 2 2 1 1 144 1392 143
1385 2 2 1 1 150 1393 149
1386 2 2 1 1 152 1393 151
1387 2 2 1 1 566 1350 531
1388 2 2 1 1 884 1427 818
1389 2 2 1 1 568 1382 569
1390 2 2 1 1 1249 1370 1064
1391 2 2 1 1 1158 1213 692
1392 2 2 1 1 816 1424 1244
1393 2 2 1 1 825 1047 896
1394 2 2 1 1 1076 1333 815
1395 2 2 1 1 47 1418 46
1396 2 2 1 1 1307 1374 961
1397 2 2 1 1 859 1294 988
1398 2 2 1 1 591 1252 590
1399 2 2 1 1 75 1482 74
1400 2 2 1 1 963 1381 1172
1401 2 2 1 1 554 923 555
1402 2 2 1 1 555 923 556
1403 2 2 1 1 608 936 607
1404 2 2 1 1 609 936 608
1405 2 2 1 1 1081 1168 808
1406 2 2 1 1 962 1205 691
1407 2 2 1 1 976 1464 1235
1408 2 2 1 1 951 1559 812
1409 2 2 1 1 525 955 526
1410 2 2 1 1 146 1509 145
1411 2 2 1 1 148 1509 147
1412 2 2 1 1 62 1383 61
1413 2 2 1 1 1162 1480 1253
1414 2 2 1 1 829 1242 1241
1415 2 2 1 1 1076 1541 1538
1416 2 2 1 1 175 1353 174
1417 2 2 1 1 1388 1541 1076
1418 2 2 1 1 1235 1449 976
1419 2 2 1 1 741 1504 40
1420 2 2 1 1 574 1377 575
1421 2 2 1 1 799 1401 798
1422 2 2 1 1 1241 1505 829
1423 2 2 1 1 1439 1499 682
1424 2 2 1 1 951 1450 1174
1425 2 2 1 1 1236 1431 715
1426 2 2 1 1 1173 1422 968
1427 2 2 1 1 912 1471 1188
1428 2 2 1 1 656 1372 657
1429 2 2 1 1 40 1504 1412
1430 2 2 1 1 758 1436 1072
1431 2 2 1 1 618 1357 617
1432 2 2 1 1 620 1357 619
1433 2 2 1 1 636 1358 637
1434 2 2 1 1 638 1358 639
1435 2 2 1 1 1052 1129 837
1436 2 2 1 1 769 1356 194
1437 2 2 1 1 550 1500 549
1438 2 2 1 1 815 1333 1229
1439 2 2 1 1 795 1062 796
1440 2 2 1 1 856 1286 846
1441 2 2 1 1 996 1337 1084
1442 2 2 1 1 900 1424 981
1443 2 2 1 1 963 1446 1238
1444 2 2 1 1 643 1289 642
1445 2 2 1 1 818 1419 1251
1446 2 2 1 1 1226 1563 802
1447 2 2 1 1 832 1558 811
1448 2 2 1 1 1325 1464 817
1449 2 2 1 1 489 1506 1408
1450 2 2 1 1 220 1169 780
1451 2 2 1 1 910 1420 531
1452 2 2 1 1 839 1465 891
1453 2 2 1 1 854 1438 1185
1454 2 2 1 1 806 1246 1152
1455 2 2 1 1 43 1272 906
1456 2 2 1 1 924 1543 1255
1457 2 2 1 1 714 928 713
1458 2 2 1 1 984 1303 797
1459 2 2 1 1 961 1374 1136
1460 2 2 1 1 1445 1518 712
1461 2 2 1 1 1071 1563 1226
1462 2 2 1 1 201 1492 965
1463 2 2 1 1 1085 1266 1265
1464 2 2 1 1 906 1272 863
1465 2 2 1 1 822 1198 895
1466 2 2 1 1 823 973 908
1467 2 2 1 1 5 1391 753
1468 2 2 1 1 816 1469 1085
1469 2 2 1 1 828 1217 1181
1470 2 2 1 1 846 1280 866
1471 2 2 1 1 1200 1460 941
1472 2 2 1 1 1070 1150 686
1473 2 2 1 1 753 990 49
1474 2 2 1 1 798 1342 799
1475 2 2 1 1 689 1550 1072
1476 2 2 1 1 868 933 532
1477 2 2 1 1 707 1293 706
1478 2 2 1 1 1188 1458 912
1479 2 2 1 1 1181 1217 845
1480 2 2 1 1 865 997 183
1481 2 2 1 1 854 1514 855
1482 2 2 1 1 1534 1539 952
1483 2 2 1 1 204 1187 596
1484 2 2 1 1 169 1520 168
1485 2 2 1 1 171 1520 170
1486 2 2 1 1 30 1521 29
1487 2 2 1 1 132 1522 131
1488 2 2 1 1 154 1523 153
1489 2 2 1 1 540 1526 539
1490 2 2 1 1 541 1525 542
1491 2 2 1 1 635 1528 634
1492 2 2 1 1 637 1529 636
1493 2 2 1 1 1203 1464 976
1494 2 2 1 1 1263 1264 850
1495 2 2 1 1 1174 1450 945
1496 2 2 1 1 892 1247 982
1497 2 2 1 1 1347 1517 811
1498 2 2 1 1 862 1288 845
1499 2 2 1 1 190 1330 1223
1500 2 2 1 1 56 1310 907
1501 2 2 1 1 579 956 578
1502 2 2 1 1 1087 1531 1241
1503 2 2 1 1 1255 1543 717
1504 2 2 1 1 7 1097 6
1505 2 2 1 1 831 1499 1467
1506 2 2 1 1 1238 1381 963
1507 2 2 1 1 1064 1301 927
1508 2 2 1 1 613 1466 1426
1509 2 2 1 1 1373 1513 843
1510 2 2 1 1 744 1355 743
1511 2 2 1 1 609 1130 772
1512 2 2 1 1 682 1499 1280
1513 2 2 1 1 1156 1186 836
1514 2 2 1 1 783 1322 234
1515 2 2 1 1 1177 1275 902
1516 2 2 1 1 532 1122 872
1517 2 2 1 1 1078 1496 1219
1518 2 2 1 1 532 933 533
1519 2 2 1 1 833 1421 1136
1520 2 2 1 1 1065 1355 1162
1521 2 2 1 1 123 1319 122
1522 2 2 1 1 127 1320 126
1523 2 2 1 1 735 1545 734
1524 2 2 1 1 1077 1388 1334
1525 2 2 1 1 848 1293 1269
1526 2 2 1 1 717 1543 716
1527 2 2 1 1 817 1203 1159
1528 2 2 1 1 1240 1430 1224
1529 2 2 1 1 971 1493 727
1530 2 2 1 1 815 1452 1126
1531 2 2 1 1 880 1518 1445
1532 2 2 1 1 48 1418 47
1533 2 2 1 1 1380 1471 736
1534 2 2 1 1 693 1285 1086
1535 2 2 1 1 854 855 814
1536 2 2 1 1 904 947 821
1537 2 2 1 1 844 1438 813
1538 2 2 1 1 1072 1548 688
1539 2 2 1 1 820 1336 925
1540 2 2 1 1 820 1335 1226
1541 2 2 1 1 704 1449 703
1542 2 2 1 1 1244 1424 900
1543 2 2 1 1 571 919 570
1544 2 2 1 1 648 920 647
1545 2 2 1 1 653 921 654
1546 2 2 1 1 961 1499 1439
1547 2 2 1 1 754 1089 182
1548 2 2 1 1 972 1389 1260
1549 2 2 1 1 914 1206 217
1550 2 2 1 1 891 979 839
1551 2 2 1 1 702 1502 701
1552 2 2 1 1 1259 1428 1062
1553 2 2 1 1 225 1413 224
1554 2 2 1 1 1291 1561 1204
1555 2 2 1 1 737 1380 736
1556 2 2 1 1 701 1502 1260
1557 2 2 1 1 932 1515 798
1558 2 2 1 1 986 1366 1365
1559 2 2 1 1 972 1502 1235
1560 2 2 1 1 963 1469 1244
1561 2 2 1 1 873 1142 870
1562 2 2 1 1 696 1256 695
1563 2 2 1 1 925 1336 1205
1564 2 2 1 1 1342 1417 799
1565 2 2 1 1 892 1443 893
1566 2 2 1 1 717 1448 1255
1567 2 2 1 1 605 993 203
1568 2 2 1 1 885 1164 819
1569 2 2 1 1 1066 1444 232
1570 2 2 1 1 815 1388 1076
1571 2 2 1 1 1248 1449 704
1572 2 2 1 1 145 1327 144
1573 2 2 1 1 149 1328 148
1574 2 2 1 1 906 1459 748
1575 2 2 1 1 888 1335 820
1576 2 2 1 1 914 1306 876
1577 2 2 1 1 1021 1022 954
1578 2 2 1 1 1020 1021 954
1579 2 2 1 1 1292 1330 191
1580 2 2 1 1 1212 1346 935
1581 2 2 1 1 813 1207 1076
1582 2 2 1 1 1213 1391 5
1583 2 2 1 1 1065 1494 918
1584 2 2 1 1 526 1309 525
1585 2 2 1 1 1217 1405 1149
1586 2 2 1 1 925 946 820
1587 2 2 1 1 954 1092 1020
1588 2 2 1 1 825 1169 849
1589 2 2 1 1 960 1349 1264
1590 2 2 1 1 632 1403 631
1591 2 2 1 1 1235 1464 972
1592 2 2 1 1 1467 1499 1136
1593 2 2 1 1 861 1307 1176
1594 2 2 1 1 1219 1486 809
1595 2 2 1 1 938 1214 823
1596 2 2 1 1 692 995 803
1597 2 2 1 1 46 1453 752
1598 2 2 1 1 812 1450 951
1599 2 2 1 1 691 1300 962
1600 2 2 1 1 193 1370 768
1601 2 2 1 1 863 1316 906
1602 2 2 1 1 718 1448 717
1603 2 2 1 1 1176 1301 861
1604 2 2 1 1 742 1384 741
1605 2 2 1 1 817 1295 998
1606 2 2 1 1 738 1415 737
1607 2 2 1 1 1085 1456 816
1608 2 2 1 1 1222 1472 942
1609 2 2 1 1 700 1068 846
1610 2 2 1 1 1188 1471 1380
1611 2 2 1 1 1029 1532 509
1612 2 2 1 1 1212 1466 844
1613 2 2 1 1 878 1479 520
1614 2 2 1 1 1237 1486 822
1615 2 2 1 1 37 931 36
1616 2 2 1 1 828 1181 1107
1617 2 2 1 1 855 1421 814
1618 2 2 1 1 726 987 725
1619 2 2 1 1 102 1181 1013
1620 2 2 1 1 780 1239 779
1621 2 2 1 1 703 1449 1235
1622 2 2 1 1 1263 1412 1160
1623 2 2 1 1 1152 1339 1251
1624 2 2 1 1 886 1298 1164
1625 2 2 1 1 1265 1266 960
1626 2 2 1 1 1049 1508 579
1627 2 2 1 1 580 1508 1036
1628 2 2 1 1 1260 1502 972
1629 2 2 1 1 837 1129 903
1630 2 2 1 1 713 1445 712
1631 2 2 1 1 734 1545 1175
1632 2 2 1 1 819 1427 1195
1633 2 2 1 1 725 987 960
1634 2 2 1 1 567 1476 1397
1635 2 2 1 1 945 1291 1204
1636 2 2 1 1 1187 1441 594
1637 2 2 1 1 679 1096 793
1638 2 2 1 1 1277 1278 975
1639 2 2 1 1 918 1263 1160
1640 2 2 1 1 806 1359 1228
1641 2 2 1 1 903 1129 607
1642 2 2 1 1 613 1426 1297
1643 2 2 1 1 205 1477 775
1644 2 2 1 1 927 1342 1170
1645 2 2 1 1 891 1465 481
1646 2 2 1 1 802 1300 691
1647 2 2 1 1 1205 1336 691
1648 2 2 1 1 1076 1538 813
1649 2 2 1 1 1084 1155 913
1650 2 2 1 1 1083 1212 935
1651 2 2 1 1 716 1543 1236
1652 2 2 1 1 1178 1558 832
1653 2 2 1 1 830 1092 954
1654 2 2 1 1 982 1247 828
1655 2 2 1 1 1174 1256 951
1656 2 2 1 1 867 1546 1294
1657 2 2 1 1 1347 1558 942
1658 2 2 1 1 810 1564 1462
1659 2 2 1 1 811 1517 1324
1660 2 2 1 1 41 1480 745
1661 2 2 1 1 814 1421 1193
1662 2 2 1 1 727 1493 1074
1663 2 2 1 1 1211 1387 924
1664 2 2 1 1 927 1417 1342
1665 2 2 1 1 710 1274 1271
1666 2 2 1 1 852 1484 1118
1667 2 2 1 1 1244 1469 816
1668 2 2 1 1 1297 1426 838
1669 2 2 1 1 812 1559 1168
1670 2 2 1 1 809 1486 1237
1671 2 2 1 1 748 1459 42
1672 2 2 1 1 1064 1075 861
1673 2 2 1 1 797 1303 796
1674 2 2 1 1 876 1306 1227
1675 2 2 1 1 915 1494 1065
1676 2 2 1 1 1349 1361 851
1677 2 2 1 1 1365 1400 986
1678 2 2 1 1 1240 1376 869
1679 2 2 1 1 1307 1439 681
1680 2 2 1 1 1238 1566 721
1681 2 2 1 1 837 898 815
1682 2 2 1 1 827 1073 857
1683 2 2 1 1 1235 1502 702
1684 2 2 1 1 996 1410 930
1685 2 2 1 1 830 1167 901
1686 2 2 1 1 823 1095 929
1687 2 2 1 1 818 1067 884
1688 2 2 1 1 191 1330 190
1689 2 2 1 1 901 1092 830
1690 2 2 1 1 969 1099 16
1691 2 2 1 1 67 1006 1005
1692 2 2 1 1 83 1009 1008
1693 2 2 1 1 86 1010 1009
1694 2 2 1 1 138 1016 1015
1695 2 2 1 1 511 1121 1030
1696 2 2 1 1 1030 1032 514
1697 2 2 1 1 1046 1047 561
1698 2 2 1 1 585 1127 1050
1699 2 2 1 1 603 1129 1052
1700 2 2 1 1 185 1329 1186
1701 2 2 1 1 1106 1181 102
1702 2 2 1 1 1079 1308 840
1703 2 2 1 1 495 950 494
1704 2 2 1 1 488 1091 1025
1705 2 2 1 1 1237 1362 809
1706 2 2 1 1 1190 1554 1537
1707 2 2 1 1 720 1566 1238
1708 2 2 1 1 1081 1362 1237
1709 2 2 1 1 850 1412 1263
1710 2 2 1 1 942 1472 1258
1711 2 2 1 1 189 1455 764
1712 2 2 1 1 798 1401 949
1713 2 2 1 1 1193 1421 833
1714 2 2 1 1 1180 1564 1552
1715 2 2 1 1 928 1445 713
1716 2 2 1 1 1084 1474 996
1717 2 2 1 1 979 990 753
1718 2 2 1 1 836 1197 1156
1719 2 2 1 1 782 1066 233
1720 2 2 1 1 779 1368 219
1721 2 2 1 1 778 1422 218
1722 2 2 1 1 1380 1554 1188
1723 2 2 1 1 939 1554 1380
1724 2 2 1 1 869 1303 1290
1725 2 2 1 1 840 1561 1291
1726 2 2 1 1 561 955 560
1727 2 2 1 1 835 1555 824
1728 2 2 1 1 1075 1374 861
1729 2 2 1 1 776 1331 205
1730 2 2 1 1 860 1304 1149
1731 2 2 1 1 930 1437 1278
1732 2 2 1 1 1429 1463 935
1733 2 2 1 1 1403 1451 631
1734 2 2 1 1 706 1293 1082
1735 2 2 1 1 753 1391 979
1736 2 2 1 1 775 1477 1214
1737 2 2 1 1 1077 1230 902
1738 2 2 1 1 976 1449 1248
1739 2 2 1 1 985 1487 1438
1740 2 2 1 1 965 1560 201
1741 2 2 1 1 800 1387 1211
1742 2 2 1 1 1182 1227 206
1743 2 2 1 1 792 1401 793
1744 2 2 1 1 887 1015 888
1745 2 2 1 1 893 1032 892
1746 2 2 1 1 1552 1564 810
1747 2 2 1 1 928 1431 869
1748 2 2 1 1 751 1225 750
1749 2 2 1 1 1062 1549 1259
1750 2 2 1 1 1125 1452 898
1751 2 2 1 1 1458 1554 808
1752 2 2 1 1 715 1431 714
1753 2 2 1 1 63 1351 62
1754 2 2 1 1 213 1352 212
1755 2 2 1 1 485 1425 484
1756 2 2 1 1 1254 1354 186
1757 2 2 1 1 1025 1425 486
1758 2 2 1 1 683 1163 684
1759 2 2 1 1 554 1435 1043
1760 2 2 1 1 759 1436 758
1761 2 2 1 1 773 1187 204
1762 2 2 1 1 1064 1356 1075
1763 2 2 1 1 141 1392 1016
1764 2 2 1 1 927 1249 1064
1765 2 2 1 1 592 936 593
1766 2 2 1 1 979 1213 839
1767 2 2 1 1 811 1558 1347
1768 2 2 1 1 796 1478 797
1769 2 2 1 1 794 1096 679
1770 2 2 1 1 770 1367 1201
1771 2 2 1 1 507 1524 1218
1772 2 2 1 1 1470 1536 991
1773 2 2 1 1 797 1510 687
1774 2 2 1 1 808 1190 1081
1775 2 2 1 1 781 1485 230
1776 2 2 1 1 680 1284 681
1777 2 2 1 1 556 1435 555
1778 2 2 1 1 1203 1230 911
1779 2 2 1 1 814 1193 922
1780 2 2 1 1 929 973 823
1781 2 2 1 1 832 1217 1149
1782 2 2 1 1 188 1386 762
1783 2 2 1 1 935 1462 1083
1784 2 2 1 1 798 1515 1342
1785 2 2 1 1 26 1001 25
1786 2 2 1 1 58 1004 57
1787 2 2 1 1 65 1005 64
1788 2 2 1 1 68 1006 67
1789 2 2 1 1 74 1007 73
1790 2 2 1 1 83 1008 82
1791 2 2 1 1 86 1009 85
1792 2 2 1 1 102 1013 101
1793 2 2 1 1 117 1111 116
1794 2 2 1 1 134 1014 133
1795 2 2 1 1 139 1016 138
1796 2 2 1 1 156 1017 155
1797 2 2 1 1 161 1018 160
1798 2 2 1 1 211 970 210
1799 2 2 1 1 482 1023 481
1800 2 2 1 1 485 1024 486
1801 2 2 1 1 510 1029 509
1802 2 2 1 1 510 1121 511
1803 2 2 1 1 513 1031 512
1804 2 2 1 1 513 1030 514
1805 2 2 1 1 518 1033 519
1806 2 2 1 1 539 1038 540
1807 2 2 1 1 542 1039 541
1808 2 2 1 1 550 1124 551
1809 2 2 1 1 552 1043 551
1810 2 2 1 1 559 1045 558
1811 2 2 1 1 558 1046 559
1812 2 2 1 1 561 1047 562
1813 2 2 1 1 563 1035 562
1814 2 2 1 1 575 1048 574
1815 2 2 1 1 578 1049 579
1816 2 2 1 1 580 1036 581
1817 2 2 1 1 581 1573 580
1818 2 2 1 1 586 1127 585
1819 2 2 1 1 586 1051 587
1820 2 2 1 1 601 1052 600
1821 2 2 1 1 604 1129 603
1822 2 2 1 1 608 1130 609
1823 2 2 1 1 616 1131 615
1824 2 2 1 1 618 1132 619
1825 2 2 1 1 626 1054 625
1826 2 2 1 1 634 1137 635
1827 2 2 1 1 639 1138 638
1828 2 2 1 1 646 1056 645
1829 2 2 1 1 645 1057 646
1830 2 2 1 1 673 1058 674
1831 2 2 1 1 924 1387 989
1832 2 2 1 1 1294 1546 988
1833 2 2 1 1 729 1547 4
1834 2 2 1 1 196 1560 1367
1835 2 2 1 1 698 1274 805
1836 2 2 1 1 803 995 943
1837 2 2 1 1 849 1390 825
1838 2 2 1 1 807 1517 1347
1839 2 2 1 1 743 1399 742
1840 2 2 1 1 1117 1118 842
1841 2 2 1 1 1324 1406 811
1842 2 2 1 1 32 931 31
1843 2 2 1 1 1258 1402 807
1844 2 2 1 1 841 1124 1042
1845 2 2 1 1 710 1271 709
1846 2 2 1 1 690 1563 1283
1847 2 2 1 1 727 1074 726
1848 2 2 1 1 562 955 561
1849 2 2 1 1 939 1519 998
1850 2 2 1 1 815 1229 837
1851 2 2 1 1 218 1422 1173
1852 2 2 1 1 1205 1501 829
1853 2 2 1 1 764 1407 763
1854 2 2 1 1 943 1285 804
1855 2 2 1 1 946 1267 887
1856 2 2 1 1 947 1268 889
1857 2 2 1 1 767 1409 766
1858 2 2 1 1 1258 1472 941
1859 2 2 1 1 497 1473 1304
1860 2 2 1 1 4 1547 728
1861 2 2 1 1 1275 1429 902
1862 2 2 1 1 712 1518 711
1863 2 2 1 1 925 1505 1319
1864 2 2 1 1 945 1322 1167
1865 2 2 1 1 624 944 625
1866 2 2 1 1 1404 1456 1085
1867 2 2 1 1 1217 1406 845
1868 2 2 1 1 869 1290 928
1869 2 2 1 1 802 1461 1300
1870 2 2 1 1 793 1371 792
1871 2 2 1 1 752 1218 45
1872 2 2 1 1 582 1452 1125
1873 2 2 1 1 920 1056 647
1874 2 2 1 1 650 1058 921
1875 2 2 1 1 736 1471 735
1876 2 2 1 1 971 1379 1360
1877 2 2 1 1 1465 1497 879
1878 2 2 1 1 200 1166 771
1879 2 2 1 1 198 1166 197
1880 2 2 1 1 1338 1442 826
1881 2 2 1 1 1095 1184 929
1882 2 2 1 1 1150 1369 760
1883 2 2 1 1 184 1326 755
1884 2 2 1 1 835 1067 818
1885 2 2 1 1 593 1441 592
1886 2 2 1 1 1394 1467 630
1887 2 2 1 1 695 1411 694
1888 2 2 1 1 709 1556 2
1889 2 2 1 1 822 1496 872
1890 2 2 1 1 845 1406 862
1891 2 2 1 1 795 1549 1062
1892 2 2 1 1 806 1419 1261
1893 2 2 1 1 820 946 887
1894 2 2 1 1 821 947 889
1895 2 2 1 1 1175 1246 1228
1896 2 2 1 1 808 1554 1190
1897 2 2 1 1 494 950 493
1898 2 2 1 1 821 889 836
1899 2 2 1 1 879 909 481
1900 2 2 1 1 728 1547 971
1901 2 2 1 1 1067 1310 1004
1902 2 2 1 1 925 1319 1153
1903 2 2 1 1 896 1527 923
1904 2 2 1 1 1380 1415 939
1905 2 2 1 1 1322 1332 234
1906 2 2 1 1 1011 1288 862
1907 2 2 1 1 2 1556 708
1908 2 2 1 1 1260 1565 701
1909 2 2 1 1 1463 1553 810
1910 2 2 1 1 922 985 814
1911 2 2 1 1 987 1349 960
1912 2 2 1 1 1422 1498 968
1913 2 2 1 1 44 1433 749
1914 2 2 1 1 1113 1413 849
1915 2 2 1 1 867 1536 1470
1916 2 2 1 1 569 1363 570
1917 2 2 1 1 573 1364 574
1918 2 2 1 1 687 1510 932
1919 2 2 1 1 871 1095 823
1920 2 2 1 1 945 1450 1291
1921 2 2 1 1 1115 1484 852
1922 2 2 1 1 714 1431 928
1923 2 2 1 1 1253 1480 41
1924 2 2 1 1 828 1405 1217
1925 2 2 1 1 750 1434 44
1926 2 2 1 1 829 1501 1242
1927 2 2 1 1 814 1438 854
1928 2 2 1 1 952 1539 1458
1929 2 2 1 1 796 1376 795
1930 2 2 1 1 679 1417 1301
1931 2 2 1 1 1162 1253 953
1932 2 2 1 1 1339 1340 992
1933 2 2 1 1 1291 1450 812
1934 2 2 1 1 740 1565 1260
1935 2 2 1 1 194 1398 193
1936 2 2 1 1 1 1565 740
1937 2 2 1 1 3 1566 720
1938 2 2 1 1 686 1378 1224
1939 2 2 1 1 680 1302 794
1940 2 2 1 1 761 1428 1259
1941 2 2 1 1 1460 1513 1373
1942 2 2 1 1 1397 1476 988
1943 2 2 1 1 1068 1280 846
1944 2 2 1 1 186 1354 756
1945 2 2 1 1 567 1475 568
1946 2 2 1 1 1375 1460 1063
1947 2 2 1 1 1107 1181 1106
1948 2 2 1 1 802 1563 690
1949 2 2 1 1 824 966 907
1950 2 2 1 1 1227 1331 776
1951 2 2 1 1 1155 1232 838
1952 2 2 1 1 1028 1243 852
1953 2 2 1 1 652 944 651
1954 2 2 1 1 1069 1510 797
1955 2 2 1 1 1438 1487 1207
1956 2 2 1 1 1201 1468 195
1957 2 2 1 1 1062 1478 796
1958 2 2 1 1 1242 1501 962
1959 2 2 1 1 1164 1298 819
1960 2 2 1 1 823 1214 871
1961 2 2 1 1 686 1549 795
1962 2 2 1 1 768 1370 1249
1963 2 2 1 1 731 1432 730
1964 2 2 1 1 1126 1452 1257
1965 2 2 1 1 737 1415 1380
1966 2 2 1 1 942 1558 1178
1967 2 2 1 1 531 1420 1034
1968 2 2 1 1 697 1539 1534
1969 2 2 1 1 825 1239 1169
1970 2 2 1 1 836 1186 821
1971 2 2 1 1 1044 1500 1043
1972 2 2 1 1 1134 1514 626
1973 2 2 1 1 832 1473 1178
1974 2 2 1 1 822 895 853
1975 2 2 1 1 760 1369 759
1976 2 2 1 1 230 1485 1344
1977 2 2 1 1 1280 1499 831
1978 2 2 1 1 1000 1481 1298
1979 2 2 1 1 842 1221 1117
1980 2 2 1 1 1009 1010 999
1981 2 2 1 1 804 1285 693
1982 2 2 1 1 857 1306 827
1983 2 2 1 1 1180 1551 848
1984 2 2 1 1 682 1280 1068
1985 2 2 1 1 611 1262 612
1986 2 2 1 1 25 1001 883
1987 2 2 1 1 481 1023 891
1988 2 2 1 1 587 1051 898
1989 2 2 1 1 899 1058 673
1990 2 2 1 1 864 1317 877
1991 2 2 1 1 756 1354 1165
1992 2 2 1 1 1200 1513 1460
1993 2 2 1 1 701 1565 1
1994 2 2 1 1 721 1566 3
1995 2 2 1 1 986 1432 1373
1996 2 2 1 1 807 1402 1154
1997 2 2 1 1 1154 1359 1261
1998 2 2 1 1 1298 1481 819
1999 2 2 1 1 234 1332 782
2000 2 2 1 1 1224 1378 1240
2001 2 2 1 1 949 1401 792
2002 2 2 1 1 804 1414 803
2003 2 2 1 1 1397 1546 1184
2004 2 2 1 1 45 1443 751
2005 2 2 1 1 937 1445 1163
2006 2 2 1 1 982 1225 892
2007 2 2 1 1 972 1464 1325
2008 2 2 1 1 883 1102 25
2009 2 2 1 1 673 1148 899
2010 2 2 1 1 1118 1484 842
2011 2 2 1 1 1379 1442 1360
2012 2 2 1 1 1126 1257 991
2013 2 2 1 1 1511 1517 807
2014 2 2 1 1 1245 1488 940
2015 2 2 1 1 1313 1466 1131
2016 2 2 1 1 1265 1533 1263
2017 2 2 1 1 889 1196 836
2018 2 2 1 1 981 1211 924
2019 2 2 1 1 1470 1546 867
2020 2 2 1 1 1304 1473 832
2021 2 2 1 1 762 1428 761
2022 2 2 1 1 1149 1304 832
2023 2 2 1 1 489 1484 1115
2024 2 2 1 1 979 1391 1213
2025 2 2 1 1 173 1495 172
2026 2 2 1 1 1219 1496 1486
2027 2 2 1 1 978 1335 888
2028 2 2 1 1 813 1538 1346
2029 2 2 1 1 765 1454 189
2030 2 2 1 1 938 1187 773
2031 2 2 1 1 996 1474 1410
2032 2 2 1 1 1290 1530 685
2033 2 2 1 1 983 1271 1270
2034 2 2 1 1 837 1250 898
2035 2 2 1 1 954 1022 966
2036 2 2 1 1 521 1479 522
2037 2 2 1 1 1325 1519 1183
2038 2 2 1 1 1082 1553 1177
2039 2 2 1 1 1283 1563 1071
2040 2 2 1 1 1004 1383 1067
2041 2 2 1 1 1265 1404 1085
2042 2 2 1 1 973 1257 1094
2043 2 2 1 1 227 1344 1194
2044 2 2 1 1 1131 1466 613
2045 2 2 1 1 693 1488 1245
2046 2 2 1 1 1245 1414 804
2047 2 2 1 1 1104 1164 78
2048 2 2 1 1 797 1478 1069
2049 2 2 1 1 837 1312 1052
2050 2 2 1 1 216 1206 215
2051 2 2 1 1 232 1444 231
2052 2 2 1 1 1211 1461 801
2053 2 2 1 1 614 1385 615
2054 2 2 1 1 579 1508 580
2055 2 2 1 1 1223 1510 1454
2056 2 2 1 1 906 1316 1305
2057 2 2 1 1 1086 1361 1349
2058 2 2 1 1 831 1467 1394
2059 2 2 1 1 1018 1196 160
2060 2 2 1 1 1086 1416 693
2061 2 2 1 1 875 1285 943
2062 2 2 1 1 977 1497 1299
2063 2 2 1 1 1169 1239 780
2064 2 2 1 1 688 1548 1224
2065 2 2 1 1 1218 1491 507
2066 2 2 1 1 501 1119 917
2067 2 2 1 1 205 1512 1477
2068 2 2 1 1 1324 1516 999
2069 2 2 1 1 935 1463 1462
2070 2 2 1 1 1152 1340 1339
2071 2 2 1 1 1299 1497 959
2072 2 2 1 1 168 1520 1019
2073 2 2 1 1 841 1042 967
2074 2 2 1 1 1231 1529 1138
2075 2 2 1 1 976 1230 1203
2076 2 2 1 1 1110 1459 1305
2077 2 2 1 1 1300 1424 962
2078 2 2 1 1 597 1487 1343
2079 2 2 1 1 803 1414 1158
2080 2 2 1 1 730 1432 986
2081 2 2 1 1 694 1411 1340
2082 2 2 1 1 490 1506 489
2083 2 2 1 1 941 1375 1258
2084 2 2 1 1 971 1400 1379
2085 2 2 1 1 903 1250 837
2086 2 2 1 1 925 1153 946
2087 2 2 1 1 941 1460 1375
2088 2 2 1 1 817 1296 1295
2089 2 2 1 1 1034 1420 1308
2090 2 2 1 1 564 1390 565
2091 2 2 1 1 1405 1532 1149
2092 2 2 1 1 1167 1322 783
2093 2 2 1 1 708 1556 983
2094 2 2 1 1 1348 1386 188
2095 2 2 1 1 1218 1443 45
2096 2 2 1 1 801 1461 690
2097 2 2 1 1 533 956 534
2098 2 2 1 1 671 957 670
2099 2 2 1 1 1241 1557 864
2100 2 2 1 1 989 1430 1240
2101 2 2 1 1 1355 1399 743
2102 2 2 1 1 999 1516 886
2103 2 2 1 1 40 994 39
2104 2 2 1 1 105 1107 1106
2105 2 2 1 1 1362 1537 809
2106 2 2 1 1 882 994 40
2107 2 2 1 1 219 1498 778
2108 2 2 1 1 981 1424 1300
2109 2 2 1 1 1223 1454 765
2110 2 2 1 1 878 1044 1043
2111 2 2 1 1 1286 1321 699
2112 2 2 1 1 202 1492 201
2113 2 2 1 1 1136 1499 961
2114 2 2 1 1 808 1559 952
2115 2 2 1 1 726 1416 987
2116 2 2 1 1 1257 1470 991
2117 2 2 1 1 1140 1372 856
2118 2 2 1 1 685 1489 678
2119 2 2 1 1 929 1546 1470
2120 2 2 1 1 852 1243 1093
2121 2 2 1 1 985 1438 814
2122 2 2 1 1 1278 1321 975
2123 2 2 1 1 872 1496 1078
2124 2 2 1 1 1400 1547 729
2125 2 2 1 1 1486 1496 822
2126 2 2 1 1 1384 1504 741
2127 2 2 1 1 948 1192 1068
2128 2 2 1 1 125 1395 124
2129 2 2 1 1 129 1396 128
2130 2 2 1 1 1176 1284 794
2131 2 2 1 1 1225 1443 892
2132 2 2 1 1 948 1518 1192
2133 2 2 1 1 1173 1306 914
2134 2 2 1 1 618 1287 1132
2135 2 2 1 1 57 1310 56
2136 2 2 1 1 574 1311 573
2137 2 2 1 1 600 1312 599
2138 2 2 1 1 617 1313 616
2139 2 2 1 1 655 1394 630
2140 2 2 1 1 635 1314 636
2141 2 2 1 1 1074 1416 726
2142 2 2 1 1 509 1532 508
2143 2 2 1 1 1110 1305 111
2144 2 2 1 1 143 1392 142
2145 2 2 1 1 151 1393 150
2146 2 2 1 1 1356 1398 194
2147 2 2 1 1 766 1409 1292
2148 2 2 1 1 42 1531 747
2149 2 2 1 1 763 1407 1348
2150 2 2 1 1 749 1433 1272
2151 2 2 1 1 1124 1189 551
2152 2 2 1 1 1139 1142 873
2153 2 2 1 1 1163 1445 928
2154 2 2 1 1 1071 1329 1283
2155 2 2 1 1 1410 1474 848
2156 2 2 1 1 694 1539 697
2157 2 2 1 1 1194 1413 226
2158 2 2 1 1 1000 1511 1481
2159 2 2 1 1 747 1423 746
2160 2 2 1 1 908 1127 590
2161 2 2 1 1 880 1445 937
2162 2 2 1 1 626 1282 627
2163 2 2 1 1 961 1439 1307
2164 2 2 1 1 827 1199 894
2165 2 2 1 1 76 1482 75
2166 2 2 1 1 968 1498 1368
2167 2 2 1 1 1000 1517 1511
2168 2 2 1 1 1246 1545 912
2169 2 2 1 1 106 1108 1107
2170 2 2 1 1 1363 1382 1095
2171 2 2 1 1 742 1399 1384
2172 2 2 1 1 907 1103 56
2173 2 2 1 1 711 1518 948
2174 2 2 1 1 995 1098 943
2175 2 2 1 1 147 1509 146
2176 2 2 1 1 61 1383 60
2177 2 2 1 1 1204 1322 945
2178 2 2 1 1 973 1470 1257
2179 2 2 1 1 1086 1349 987
2180 2 2 1 1 526 955 527
2181 2 2 1 1 965 1492 1193
2182 2 2 1 1 1252 1441 938
2183 2 2 1 1 940 1442 1338
2184 2 2 1 1 1339 1555 1251
2185 2 2 1 1 824 1555 1339
2186 2 2 1 1 1000 1516 1324
2187 2 2 1 1 524 1535 523
2188 2 2 1 1 575 1377 576
2189 2 2 1 1 208 1182 207
2190 2 2 1 1 954 966 824
2191 2 2 1 1 953 1253 1087
2192 2 2 1 1 592 1128 936
2193 2 2 1 1 1253 1423 1087
2194 2 2 1 1 905 934 640
2195 2 2 1 1 1301 1417 927
2196 2 2 1 1 598 1312 1229
2197 2 2 1 1 1305 1316 110
2198 2 2 1 1 600 1343 1202
2199 2 2 1 1 122 1319 1233
2200 2 2 1 1 619 1357 618
2201 2 2 1 1 637 1358 638
2202 2 2 1 1 607 936 903
2203 2 2 1 1 919 1476 567
2204 2 2 1 1 551 1500 550
2205 2 2 1 1 1481 1511 1154
2206 2 2 1 1 1454 1510 1069
2207 2 2 1 1 1239 1368 779
2208 2 2 1 1 813 1438 1207
2209 2 2 1 1 95 1568 1288
2210 2 2 1 1 1188 1554 1458
2211 2 2 1 1 1096 1371 793
2212 2 2 1 1 912 1458 1090
2213 2 2 1 1 182 1089 181
2214 2 2 1 1 1264 1349 851
2215 2 2 1 1 1063 1432 731
2216 2 2 1 1 852 1234 1115
2217 2 2 1 1 853 1562 1044
2218 2 2 1 1 795 1378 686
2219 2 2 1 1 881 1457 1323
2220 2 2 1 1 1246 1341 1152
2221 2 2 1 1 894 1073 827
2222 2 2 1 1 792 1489 949
2223 2 2 1 1 686 1224 1070
2224 2 2 1 1 1297 1385 614
2225 2 2 1 1 904 1088 947
2226 2 2 1 1 878 1440 834
2227 2 2 1 1 1346 1538 1151
2228 2 2 1 1 1098 1099 943
2229 2 2 1 1 523 1479 916
2230 2 2 1 1 852 1120 1028
2231 2 2 1 1 1041 1123 853
2232 2 2 1 1 854 1133 1054
2233 2 2 1 1 862 1105 1011
2234 2 2 1 1 1186 1326 184
2235 2 2 1 1 1303 1376 796
2236 2 2 1 1 1012 1013 845
2237 2 2 1 1 620 1542 1357
2238 2 2 1 1 1538 1541 1151
2239 2 2 1 1 681 1210 680
2240 2 2 1 1 746 1423 1253
2241 2 2 1 1 493 1234 1093
2242 2 2 1 1 626 1514 1054
2243 2 2 1 1 1077 1541 1388
2244 2 2 1 1 1192 1210 682
2245 2 2 1 1 1170 1249 927
2246 2 2 1 1 572 1311 919
2247 2 2 1 1 943 1099 875
2248 2 2 1 1 975 1321 1286
2249 2 2 1 1 1323 1457 1456
2250 2 2 1 1 1185 1542 854
2251 2 2 1 1 24 1102 1101
2252 2 2 1 1 1109 1110 112
2253 2 2 1 1 1020 1092 242
2254 2 2 1 1 494 1093 1026
2255 2 2 1 1 499 1118 1117
2256 2 2 1 1 1050 1094 583
2257 2 2 1 1 629 1135 1134
2258 2 2 1 1 1140 1141 660
2259 2 2 1 1 1147 1148 672
2260 2 2 1 1 1005 1351 64
2261 2 2 1 1 211 1352 970
2262 2 2 1 1 109 1316 1108
2263 2 2 1 1 1105 1315 89
2264 2 2 1 1 115 1317 1109
2265 2 2 1 1 669 1318 1147
2266 2 2 1 1 1112 1353 175
2267 2 2 1 1 688 1430 689
2268 2 2 1 1 1500 1562 549
2269 2 2 1 1 755 1326 865
2270 2 2 1 1 980 1512 857
2271 2 2 1 1 1324 1517 1000
2272 2 2 1 1 1308 1309 527
2273 2 2 1 1 1168 1559 808
2274 2 2 1 1 1072 1550 1254
2275 2 2 1 1 952 1458 808
2276 2 2 1 1 1193 1492 922
2277 2 2 1 1 1192 1518 880
2278 2 2 1 1 507 1491 1243
2279 2 2 1 1 917 1029 512
2280 2 2 1 1 764 1455 1407
2281 2 2 1 1 983 1270 1269
2282 2 2 1 1 848 1551 1293
2283 2 2 1 1 506 1243 1028
2284 2 2 1 1 590 1252 908
2285 2 2 1 1 931 1521 30
2286 2 2 1 1 1154 1402 1359
2287 2 2 1 1 875 1361 1285
2288 2 2 1 1 793 1401 799
2289 2 2 1 1 170 1520 169
2290 2 2 1 1 29 1521 28
2291 2 2 1 1 133 1522 132
2292 2 2 1 1 155 1523 154
2293 2 2 1 1 519 1524 507
2294 2 2 1 1 540 1525 541
2295 2 2 1 1 541 1526 540
2296 2 2 1 1 557 1527 558
2297 2 2 1 1 967 1042 1040
2298 2 2 1 1 871 1363 1095
2299 2 2 1 1 636 1528 635
2300 2 2 1 1 638 1529 637
2301 2 2 1 1 1459 1557 42
2302 2 2 1 1 1227 1306 857
2303 2 2 1 1 857 1073 897
2304 2 2 1 1 74 1482 1007
2305 2 2 1 1 975 1286 856
2306 2 2 1 1 781 1444 1157
2307 2 2 1 1 895 1041 853
2308 2 2 1 1 522 1535 1345
2309 2 2 1 1 1207 1487 1333
2310 2 2 1 1 1164 1483 78
2311 2 2 1 1 1175 1545 1246
2312 2 2 1 1 193 1398 1370
2313 2 2 1 1 578 956 577
2314 2 2 1 1 644 957 645
2315 2 2 1 1 172 1495 1197
2316 2 2 1 1 1061 1145 1060
2317 2 2 1 1 195 1468 769
2318 2 2 1 1 1353 1495 174
2319 2 2 1 1 917 1027 502
2320 2 2 1 1 1135 1421 855
2321 2 2 1 1 1110 1557 1459
2322 2 2 1 1 1384 1399 1065
2323 2 2 1 1 792 1371 676
2324 2 2 1 1 1138 1289 858
2325 2 2 1 1 1373 1432 1063
2326 2 2 1 1 697 1534 696
2327 2 2 1 1 1436 1548 1072
2328 2 2 1 1 1458 1539 1090
2329 2 2 1 1 853 1044 834
2330 2 2 1 1 967 1199 827
2331 2 2 1 1 593 1281 594
2332 2 2 1 1 70 1195 1006
2333 2 2 1 1 158 1196 1017
2334 2 2 1 1 538 1198 1037
2335 2 2 1 1 543 1199 1040
2336 2 2 1 1 1007 1195 71
2337 2 2 1 1 870 1142 1059
2338 2 2 1 1 700 1286 699
2339 2 2 1 1 1184 1546 929
2340 2 2 1 1 591 1441 1252
2341 2 2 1 1 1092 1114 242
2342 2 2 1 1 1141 1143 660
2343 2 2 1 1 959 1497 1465
2344 2 2 1 1 952 1559 951
2345 2 2 1 1 857 1512 1331
2346 2 2 1 1 1054 1514 854
2347 2 2 1 1 1013 1181 845
2348 2 2 1 1 488 1507 1091
2349 2 2 1 1 1408 1497 977
2350 2 2 1 1 1034 1308 528
2351 2 2 1 1 1156 1326 1186
2352 2 2 1 1 876 1227 1182
2353 2 2 1 1 1331 1512 205
2354 2 2 1 1 1454 1455 189
2355 2 2 1 1 1309 1535 525
2356 2 2 1 1 1348 1478 1062
2357 2 2 1 1 1036 1508 894
2358 2 2 1 1 1083 1426 1212
2359 2 2 1 1 850 1102 883
2360 2 2 1 1 875 1099 969
2361 2 2 1 1 897 980 857
2362 2 2 1 1 512 1031 917
2363 2 2 1 1 971 1547 1400
2364 2 2 1 1 1340 1411 992
2365 2 2 1 1 203 1503 202
2366 2 2 1 1 1157 1485 781
2367 2 2 1 1 1133 1542 620
2368 2 2 1 1 778 1498 1422
2369 2 2 1 1 805 1321 1278
2370 2 2 1 1 88 1315 1010
2371 2 2 1 1 94 1288 1011
2372 2 2 1 1 1145 1318 668
2373 2 2 1 1 873 1337 1139
2374 2 2 1 1 1261 1359 806
2375 2 2 1 1 560 1540 559
2376 2 2 1 1 850 883 882
2377 2 2 1 1 805 1274 1273
2378 2 2 1 1 44 1434 1433
2379 2 2 1 1 905 1144 667
2380 2 2 1 1 998 1295 1220
2381 2 2 1 1 1090 1246 912
2382 2 2 1 1 828 1107 863
2383 2 2 1 1 667 1146 905
2384 2 2 1 1 975 1372 1277
2385 2 2 1 1 1254 1550 800
2386 2 2 1 1 1375 1402 1258
2387 2 2 1 1 997 1112 178
2388 2 2 1 1 1332 1561 1066
2389 2 2 1 1 929 1470 973
2390 2 2 1 1 1386 1428 762
2391 2 2 1 1 1178 1473 1221
2392 2 2 1 1 983 1556 1271
2393 2 2 1 1 1166 1560 196
2394 2 2 1 1 1132 1287 874
2395 2 2 1 1 1271 1556 709
2396 2 2 1 1 1368 1498 219
2397 2 2 1 1 752 1453 1218
2398 2 2 1 1 839 1213 1158
2399 2 2 1 1 1150 1549 686
2400 2 2 1 1 772 1262 609
2401 2 2 1 1 751 1443 1225
2402 2 2 1 1 1447 1489 685
2403 2 2 1 1 1552 1553 1082
2404 2 2 1 1 1202 1343 985
2405 2 2 1 1 1225 1434 750
2406 2 2 1 1 700 1273 1068
2407 2 2 1 1 1062 1428 1386
2408 2 2 1 1 1118 1120 852
2409 2 2 1 1 1264 1533 960
2410 2 2 1 1 1186 1329 821
2411 2 2 1 1 1065 1399 1355
2412 2 2 1 1 886 1516 1298
2413 2 2 1 1 1263 1533 1264
2414 2 2 1 1 904 1335 978
2415 2 2 1 1 1207 1333 1076
2416 2 2 1 1 549 1562 1123
2417 2 2 1 1 1224 1548 1070
2418 2 2 1 1 1069 1455 1454
2419 2 2 1 1 1369 1436 759
2420 2 2 1 1 841 1189 1124
2421 2 2 1 1 571 1363 1208
2422 2 2 1 1 1208 1364 572
2423 2 2 1 1 1340 1341 694
2424 2 2 1 1 1059 1144 870
2425 2 2 1 1 835 1310 1067
2426 2 2 1 1 1093 1234 852
2427 2 2 1 1 916 1544 523
2428 2 2 1 1 984 1530 1290
2429 2 2 1 1 866 1061 846
2430 2 2 1 1 18 969 17
2431 2 2 1 1 209 970 208
2432 2 2 1 1 1157 1561 840
2433 2 2 1 1 831 1394 921
2434 2 2 1 1 858 1231 1138
2435 2 2 1 1 639 1358 905
2436 2 2 1 1 909 950 482
2437 2 2 1 1 1091 1418 48
2438 2 2 1 1 677 937 683
2439 2 2 1 1 589 1250 1128
2440 2 2 1 1 1070 1369 1150
2441 2 2 1 1 498 1304 1119
2442 2 2 1 1 1305 1459 906
2443 2 2 1 1 1407 1455 1069
2444 2 2 1 1 1247 1405 828
2445 2 2 1 1 844 1466 1313
2446 2 2 1 1 1026 1507 488
2447 2 2 1 1 877 1317 1111
2448 2 2 1 1 940 1493 1360
2449 2 2 1 1 879 1497 1408
2450 2 2 1 1 896 1047 1046
2451 2 2 1 1 1005 1006 884
2452 2 2 1 1 1030 1121 892
2453 2 2 1 1 1115 1234 491
2454 2 2 1 1 178 1089 997
2455 2 2 1 1 1418 1453 46
2456 2 2 1 1 10 1098 995
2457 2 2 1 1 782 1332 1066
2458 2 2 1 1 809 1537 1220
2459 2 2 1 1 769 1468 1356
2460 2 2 1 1 893 1443 1218
2461 2 2 1 1 899 1148 831
2462 2 2 1 1 960 1533 1265
2463 2 2 1 1 1068 1273 948
2464 2 2 1 1 1064 1398 1356
2465 2 2 1 1 1275 1553 1463
2466 2 2 1 1 202 1503 1492
2467 2 2 1 1 602 1202 993
2468 2 2 1 1 539 1526 1198
2469 2 2 1 1 542 1525 1199
2470 2 2 1 1 1197 1520 171
2471 2 2 1 1 634 1528 1232
2472 2 2 1 1 131 1522 1267
2473 2 2 1 1 153 1523 1268
2474 2 2 1 1 1155 1403 1232
2475 2 2 1 1 1407 1478 1348
2476 2 2 1 1 1053 1132 874
2477 2 2 1 1 966 1002 907
2478 2 2 1 1 569 1382 1363
2479 2 2 1 1 860 1532 1029
2480 2 2 1 1 1066 1561 1157
2481 2 2 1 1 1224 1430 688
2482 2 2 1 1 568 1475 1382
2483 2 2 1 1 980 1208 871
2484 2 2 1 1 891 1425 979
2485 2 2 1 1 215 958 214
2486 2 2 1 1 1268 1393 152
2487 2 2 1 1 1267 1396 130
2488 2 2 1 1 1111 1233 877
2489 2 2 1 1 856 1372 975
2490 2 2 1 1 834 1044 878
2491 2 2 1 1 553 1189 923
2492 2 2 1 1 1298 1516 1000
2493 2 2 1 1 1275 1463 1429
2494 2 2 1 1 1043 1435 878
2495 2 2 1 1 1214 1477 871
2496 2 2 1 1 1285 1361 1086
2497 2 2 1 1 39 994 38
2498 2 2 1 1 847 1507 1026
2499 2 2 1 1 1056 1289 643
2500 2 2 1 1 934 1055 640
2501 2 2 1 1 890 1196 1018
2502 2 2 1 1 1433 1434 982
2503 2 2 1 1 1408 1506 879
2504 2 2 1 1 1370 1398 1064
2505 2 2 1 1 1376 1378 795
2506 2 2 1 1 990 1091 49
2507 2 2 1 1 771 1166 198
2508 2 2 1 1 1202 1503 993
2509 2 2 1 1 1069 1478 1407
2510 2 2 1 1 922 1202 985
2511 2 2 1 1 894 1508 1073
2512 2 2 1 1 1360 1493 971
2513 2 2 1 1 871 1512 980
2514 2 2 1 1 1412 1504 1160
2515 2 2 1 1 1026 1093 847
2516 2 2 1 1 28 1001 27
2517 2 2 1 1 50 1003 249
2518 2 2 1 1 52 1002 51
2519 2 2 1 1 60 1004 59
2520 2 2 1 1 67 1005 66
2521 2 2 1 1 70 1006 69
2522 2 2 1 1 72 1007 71
2523 2 2 1 1 81 1008 80
2524 2 2 1 1 84 1009 83
2525 2 2 1 1 87 1010 86
2526 2 2 1 1 93 1011 92
2527 2 2 1 1 98 1012 97
2528 2 2 1 1 100 1013 99
2529 2 2 1 1 136 1014 135
2530 2 2 1 1 138 1015 137
2531 2 2 1 1 141 1016 140
2532 2 2 1 1 158 1017 157
2533 2 2 1 1 163 1018 162
2534 2 2 1 1 214 958 213
2535 2 2 1 1 239 974 238
2536 2 2 1 1 244 1020 243
2537 2 2 1 1 246 1021 245
2538 2 2 1 1 248 1022 247
2539 2 2 1 1 484 1023 483
2540 2 2 1 1 483 1024 484
2541 2 2 1 1 487 1025 486
2542 2 2 1 1 495 1026 496
2543 2 2 1 1 505 1028 504
2544 2 2 1 1 512 1029 511
2545 2 2 1 1 511 1030 512
2546 2 2 1 1 515 1031 514
2547 2 2 1 1 514 1032 515
2548 2 2 1 1 517 1027 516
2549 2 2 1 1 516 1033 517
2550 2 2 1 1 530 1034 529
2551 2 2 1 1 535 1036 536
2552 2 2 1 1 536 1122 535
2553 2 2 1 1 538 1037 537
2554 2 2 1 1 537 1038 538
2555 2 2 1 1 544 1039 543
2556 2 2 1 1 543 1040 544
2557 2 2 1 1 546 1041 545
2558 2 2 1 1 545 1042 546
2559 2 2 1 1 554 1043 553
2560 2 2 1 1 557 1045 556
2561 2 2 1 1 560 1046 561
2562 2 2 1 1 563 1047 564
2563 2 2 1 1 577 1048 576
2564 2 2 1 1 576 1049 577
2565 2 2 1 1 585 1050 584
2566 2 2 1 1 584 1051 585
2567 2 2 1 1 603 1052 602
2568 2 2 1 1 623 1053 624
2569 2 2 1 1 624 1054 623
2570 2 2 1 1 643 1055 644
2571 2 2 1 1 644 1056 643
2572 2 2 1 1 664 1059 663
2573 2 2 1 1 663 1060 664
2574 2 2 1 1 673 1057 672
2575 2 2 1 1 1342 1515 1170
2576 2 2 1 1 1068 1192 682
2577 2 2 1 1 525 1544 955
2578 2 2 1 1 944 1282 625
2579 2 2 1 1 995 1097 10
2580 2 2 1 1 1409 1515 1292
2581 2 2 1 1 224 1413 1113
2582 2 2 1 1 883 1521 882
2583 2 2 1 1 1170 1515 1409
2584 2 2 1 1 974 1114 1092
2585 2 2 1 1 1060 1143 1141
2586 2 2 1 1 865 1326 1156
2587 2 2 1 1 870 1144 905
2588 2 2 1 1 950 1116 493
2589 2 2 1 1 1016 1392 888
2590 2 2 1 1 1040 1199 967
2591 2 2 1 1 926 1161 1079
2592 2 2 1 1 1080 1161 926
2593 2 2 1 1 865 1112 997
2594 2 2 1 1 987 1416 1086
2595 2 2 1 1 1184 1475 1397
2596 2 2 1 1 1382 1475 1184
2597 2 2 1 1 676 937 677
2598 2 2 1 1 897 1377 980
2599 2 2 1 1 616 1385 1287
2600 2 2 1 1 238 974 237
2601 2 2 1 1 1426 1466 1212
2602 2 2 1 1 1287 1289 874
2603 2 2 1 1 19 1100 18
2604 2 2 1 1 1123 1562 853
2605 2 2 1 1 1101 1102 851
2606 2 2 1 1 1134 1135 855
2607 2 2 1 1 856 1141 1140
2608 2 2 1 1 864 1110 1109
2609 2 2 1 1 866 1148 1147
2610 2 2 1 1 524 1544 525
2611 2 2 1 1 1163 1290 685
2612 2 2 1 1 831 921 899
2613 2 2 1 1 1204 1332 1322
2614 2 2 1 1 932 1330 1292
2615 2 2 1 1 854 1542 1133
2616 2 2 1 1 1256 1534 951
2617 2 2 1 1 934 1146 670
2618 2 2 1 1 1259 1549 1150
2619 2 2 1 1 1107 1108 863
2620 2 2 1 1 888 1392 978
2621 2 2 1 1 988 1546 1397
2622 2 2 1 1 1233 1505 877
2623 2 2 1 1 858 1385 1297
2624 2 2 1 1 1180 1552 1551
2625 2 2 1 1 689 1430 1387
2626 2 2 1 1 1223 1330 932
2627 2 2 1 1 932 1510 1223
2628 2 2 1 1 1075 1468 1201
2629 2 2 1 1 1157 1444 1066
2630 2 2 1 1 566 1390 1350
2631 2 2 1 1 866 1318 1061
2632 2 2 1 1 1095 1382 1184
2633 2 2 1 1 580 1573 956
2634 2 2 1 1 609 1262 610
2635 2 2 1 1 862 1315 1105
2636 2 2 1 1 865 1353 1112
2637 2 2 1 1 1108 1316 863
2638 2 2 1 1 1109 1317 864
2639 2 2 1 1 1147 1318 866
2640 2 2 1 1 181 1089 180
2641 2 2 1 1 34 1567 931
2642 2 2 1 1 855 1514 1134
2643 2 2 1 1 845 1288 1012
2644 2 2 1 1 1090 1341 1246
2645 2 2 1 1 1160 1504 1384
2646 2 2 1 1 933 956 533
2647 2 2 1 1 670 957 934
2648 2 2 1 1 872 1122 1037
2649 2 2 1 1 966 1003 1002
2650 2 2 1 1 966 1022 1003
2651 2 2 1 1 958 1352 213
2652 2 2 1 1 484 1425 1023
2653 2 2 1 1 810 1553 1552
2654 2 2 1 1 1416 1488 693
2655 2 2 1 1 1063 1460 1373
2656 2 2 1 1 905 1358 870
2657 2 2 1 1 1277 1337 996
2658 2 2 1 1 1488 1493 940
2659 2 2 1 1 1045 1435 556
2660 2 2 1 1 1192 1302 1210
2661 2 2 1 1 123 1395 1319
2662 2 2 1 1 127 1396 1320
2663 2 2 1 1 1320 1395 126
2664 2 2 1 1 1204 1561 1332
2665 2 2 1 1 921 1394 654
2666 2 2 1 1 8 1097 7
2667 2 2 1 1 11 1098 10
2668 2 2 1 1 16 1099 15
2669 2 2 1 1 17 969 16
2670 2 2 1 1 24 1101 23
2671 2 2 1 1 27 1001 26
2672 2 2 1 1 38 994 37
2673 2 2 1 1 51 1002 50
2674 2 2 1 1 53 1103 52
2675 2 2 1 1 59 1004 58
2676 2 2 1 1 66 1005 65
2677 2 2 1 1 69 1006 68
2678 2 2 1 1 73 1007 72
2679 2 2 1 1 80 1104 79
2680 2 2 1 1 82 1008 81
2681 2 2 1 1 85 1009 84
2682 2 2 1 1 88 1010 87
2683 2 2 1 1 92 1105 91
2684 2 2 1 1 94 1011 93
2685 2 2 1 1 99 1012 98
2686 2 2 1 1 101 1013 100
2687 2 2 1 1 103 1106 102
2688 2 2 1 1 107 1108 106
2689 2 2 1 1 113 1109 112
2690 2 2 1 1 118 1111 117
2691 2 2 1 1 135 1014 134
2692 2 2 1 1 137 1015 136
2693 2 2 1 1 140 1016 139
2694 2 2 1 1 157 1017 156
2695 2 2 1 1 162 1018 161
2696 2 2 1 1 164 1019 163
2697 2 2 1 1 178 1112 177
2698 2 2 1 1 210 970 209
2699 2 2 1 1 224 1113 223
2700 2 2 1 1 240 1114 239
2701 2 2 1 1 243 1020 242
2702 2 2 1 1 245 1021 244
2703 2 2 1 1 247 1022 246
2704 2 2 1 1 249 1003 248
2705 2 2 1 1 483 1023 482
2706 2 2 1 1 484 1024 485
2707 2 2 1 1 488 1025 487
2708 2 2 1 1 490 1115 491
2709 2 2 1 1 491 1116 490
2710 2 2 1 1 494 1026 495
2711 2 2 1 1 499 1117 498
2712 2 2 1 1 498 1119 499
2713 2 2 1 1 504 1120 503
2714 2 2 1 1 506 1028 505
2715 2 2 1 1 509 1121 510
2716 2 2 1 1 511 1029 510
2717 2 2 1 1 512 1030 513
2718 2 2 1 1 514 1031 513
2719 2 2 1 1 516 1027 515
2720 2 2 1 1 515 1032 516
2721 2 2 1 1 517 1033 518
2722 2 2 1 1 529 1034 528
2723 2 2 1 1 528 1035 529
2724 2 2 1 1 535 1122 534
2725 2 2 1 1 581 1036 535
2726 2 2 1 1 536 1036 537
2727 2 2 1 1 537 1037 536
2728 2 2 1 1 538 1038 539
2729 2 2 1 1 543 1039 542
2730 2 2 1 1 544 1040 545
2731 2 2 1 1 545 1041 544
2732 2 2 1 1 546 1042 547
2733 2 2 1 1 547 1123 546
2734 2 2 1 1 549 1124 550
2735 2 2 1 1 553 1043 552
2736 2 2 1 1 558 1045 557
2737 2 2 1 1 559 1046 560
2738 2 2 1 1 562 1047 563
2739 2 2 1 1 576 1048 575
2740 2 2 1 1 577 1049 578
2741 2 2 1 1 584 1050 583
2742 2 2 1 1 583 1125 584
2743 2 2 1 1 585 1051 586
2744 2 2 1 1 587 1127 586
2745 2 2 1 1 589 1128 590
2746 2 2 1 1 602 1052 601
2747 2 2 1 1 605 1129 604
2748 2 2 1 1 607 1130 608
2749 2 2 1 1 615 1131 614
2750 2 2 1 1 619 1132 620
2751 2 2 1 1 622 1053 623
2752 2 2 1 1 623 1133 622
2753 2 2 1 1 625 1054 624
2754 2 2 1 1 629 1134 628
2755 2 2 1 1 633 1137 634
2756 2 2 1 1 640 1138 639
2757 2 2 1 1 642 1055 643
2758 2 2 1 1 645 1056 644
2759 2 2 1 1 657 1139 656
2760 2 2 1 1 659 1140 660
2761 2 2 1 1 660 1142 659
2762 2 2 1 1 663 1059 662
2763 2 2 1 1 662 1143 663
2764 2 2 1 1 664 1060 665
2765 2 2 1 1 665 1144 664
2766 2 2 1 1 667 1145 668
2767 2 2 1 1 668 1146 667
2768 2 2 1 1 672 1057 671
2769 2 2 1 1 671 1147 672
2770 2 2 1 1 674 1057 673
2771 2 2 1 1 674 1058 675
2772 2 2 1 1 1300 1461 981
2773 2 2 1 1 1190 1537 1362
2774 2 2 1 1 997 1089 754
2775 2 2 1 1 962 1501 1205
2776 2 2 1 1 9 1097 8
2777 2 2 1 1 12 1098 11
2778 2 2 1 1 15 1099 14
2779 2 2 1 1 23 1101 22
2780 2 2 1 1 54 1103 53
2781 2 2 1 1 79 1104 78
2782 2 2 1 1 91 1105 90
2783 2 2 1 1 104 1106 103
2784 2 2 1 1 108 1108 107
2785 2 2 1 1 114 1109 113
2786 2 2 1 1 119 1111 118
2787 2 2 1 1 177 1112 176
2788 2 2 1 1 180 1089 179
2789 2 2 1 1 223 1113 222
2790 2 2 1 1 241 1114 240
2791 2 2 1 1 489 1115 490
2792 2 2 1 1 492 1116 491
2793 2 2 1 1 498 1117 497
2794 2 2 1 1 499 1119 500
2795 2 2 1 1 503 1120 502
2796 2 2 1 1 508 1121 509
2797 2 2 1 1 527 1035 528
2798 2 2 1 1 534 1122 533
2799 2 2 1 1 548 1123 547
2800 2 2 1 1 548 1124 549
2801 2 2 1 1 582 1125 583
2802 2 2 1 1 588 1127 587
2803 2 2 1 1 590 1128 591
2804 2 2 1 1 606 1129 605
2805 2 2 1 1 606 1130 607
2806 2 2 1 1 614 1131 613
2807 2 2 1 1 620 1132 621
2808 2 2 1 1 622 1133 621
2809 2 2 1 1 628 1134 627
2810 2 2 1 1 632 1137 633
2811 2 2 1 1 641 1138 640
2812 2 2 1 1 641 1055 642
2813 2 2 1 1 658 1139 657
2814 2 2 1 1 658 1140 659
2815 2 2 1 1 661 1142 660
2816 2 2 1 1 661 1143 662
2817 2 2 1 1 666 1144 665
2818 2 2 1 1 666 1145 667
2819 2 2 1 1 669 1146 668
2820 2 2 1 1 670 1147 671
2821 2 2 1 1 990 1425 1025
2822 2 2 1 1 149 1393 1328
2823 2 2 1 1 1327 1392 144
2824 2 2 1 1 145 1509 1327
2825 2 2 1 1 1328 1509 148
2826 2 2 1 1 1477 1512 871
2827 2 2 1 1 864 1557 1110
2828 2 2 1 1 923 1527 557
2829 2 2 1 1 999 1315 862
2830 2 2 1 1 1367 1560 965
2831 2 2 1 1 858 1297 838
2832 2 2 1 1 1313 1357 1185
2833 2 2 1 1 1292 1515 932
2834 2 2 1 1 1025 1091 990
2835 2 2 1 1 236 1279 235
2836 2 2 1 1 200 1560 1166
2837 2 2 1 1 747 1531 1423
2838 2 2 1 1 1067 1351 884
2839 2 2 1 1 1152 1341 1340
2840 2 2 1 1 936 1281 593
2841 2 2 1 1 844 1313 1185
2842 2 2 1 1 76 1483 1482
2843 2 2 1 1 1351 1383 62
2844 2 2 1 1 1492 1503 922
2845 2 2 1 1 1228 1402 964
2846 2 2 1 1 1149 1532 860
2847 2 2 1 1 1344 1485 910
2848 2 2 1 1 970 1182 208
2849 2 2 1 1 696 1534 1256
2850 2 2 1 1 215 1206 958
2851 2 2 1 1 1197 1495 1156
2852 2 2 1 1 838 1231 858
2853 2 2 1 1 981 1461 1211
2854 2 2 1 1 1364 1377 574
2855 2 2 1 1 928 1290 1163
2856 2 2 1 1 1070 1436 1369
2857 2 2 1 1 917 1119 860
2858 2 2 1 1 901 1279 974
2859 2 2 1 1 1116 1506 490
2860 2 2 1 1 1047 1390 564
2861 2 2 1 1 1050 1127 908
2862 2 2 1 1 892 1032 1030
2863 2 2 1 1 1008 1009 886
2864 2 2 1 1 1015 1016 888
2865 2 2 1 1 897 1508 1049
2866 2 2 1 1 685 1530 1447
2867 2 2 1 1 651 944 920
2868 2 2 1 1 692 1097 995
2869 2 2 1 1 914 1352 958
2870 2 2 1 1 610 1281 936
2871 2 2 1 1 1194 1344 910
2872 2 2 1 1 617 1357 1313
2873 2 2 1 1 1314 1358 636
2874 2 2 1 1 1229 1312 837
2875 2 2 1 1 982 1434 1225
2876 2 2 1 1 1208 1363 871
2877 2 2 1 1 60 1383 1004
2878 2 2 1 1 504 1215 505
2879 2 2 1 1 529 1572 530
2880 2 2 1 1 646 1216 647
2881 2 2 1 1 1093 1243 847
2882 2 2 1 1 1218 1524 893
2883 2 2 1 1 576 1377 1049
2884 2 2 1 1 1062 1386 1348
2885 2 2 1 1 955 1540 560
2886 2 2 1 1 931 1567 36
2887 2 2 1 1 1070 1548 1436
2888 2 2 1 1 1387 1430 989
2889 2 2 1 1 794 1302 1096
2890 2 2 1 1 636 1529 1528
2891 2 2 1 1 1177 1553 1275
2892 2 2 1 1 1073 1508 897
2893 2 2 1 1 857 1331 1227
2894 2 2 1 1 978 1088 904
2895 2 2 1 1 974 1092 901
2896 2 2 1 1 1453 1491 1218
2897 2 2 1 1 1359 1402 1228
2898 2 2 1 1 922 1503 1202
2899 2 2 1 1 28 1521 1001
2900 2 2 1 1 1010 1315 999
2901 2 2 1 1 1423 1531 1087
2902 2 2 1 1 956 1048 577
2903 2 2 1 1 644 1055 957
2904 2 2 1 1 951 1534 952
2905 2 2 1 1 921 1058 899
2906 2 2 1 1 1288 1568 1012
2907 2 2 1 1 860 1029 917
2908 2 2 1 1 1220 1537 998
2909 2 2 1 1 1037 1198 872
2910 2 2 1 1 993 1503 203
2911 2 2 1 1 1161 1309 1079
2912 2 2 1 1 652 1282 944
2913 2 2 1 1 610 1262 611
2914 2 2 1 1 836 1196 890
2915 2 2 1 1 1004 1310 57
2916 2 2 1 1 1048 1311 574
2917 2 2 1 1 1052 1312 600
2918 2 2 1 1 616 1313 1131
2919 2 2 1 1 1137 1314 635
2920 2 2 1 1 874 1056 920
2921 2 2 1 1 938 1441 1187
2922 2 2 1 1 37 994 931
2923 2 2 1 1 949 1489 1447
2924 2 2 1 1 1043 1500 551
2925 2 2 1 1 979 1425 990
2926 2 2 1 1 1240 1378 1376
2927 2 2 1 1 1156 1353 865
2928 2 2 1 1 1080 1345 1161
2929 2 2 1 1 880 1302 1192
2930 2 2 1 1 978 1327 1088
2931 2 2 1 1 558 1527 1046
2932 2 2 1 1 1014 1522 133
2933 2 2 1 1 1017 1523 155
2934 2 2 1 1 1033 1524 519
2935 2 2 1 1 1038 1525 540
2936 2 2 1 1 1039 1526 541
2937 2 2 1 1 495 1024 950
2938 2 2 1 1 1138 1529 638
2939 2 2 1 1 1088 1328 947
2940 2 2 1 1 957 1057 645
2941 2 2 1 1 624 1053 944
2942 2 2 1 1 958 1206 914
2943 2 2 1 1 1119 1304 860
2944 2 2 1 1 559 1540 1045
2945 2 2 1 1 868 1311 933
2946 2 2 1 1 562 1035 955
2947 2 2 1 1 1061 1318 1145
2948 2 2 1 1 964 1402 1375
2949 2 2 1 1 594 1281 595
2950 2 2 1 1 627 1282 628
2951 2 2 1 1 1293 1551 1082
2952 2 2 1 1 1153 1320 946
2953 2 2 1 1 858 1289 1287
2954 2 2 1 1 564 1191 563
2955 2 2 1 1 847 1491 1453
2956 2 2 1 1 1482 1483 1164
2957 2 2 1 1 847 1453 1418
2958 2 2 1 1 905 1146 934
2959 2 2 1 1 237 1279 236
2960 2 2 1 1 1002 1003 50
2961 2 2 1 1 52 1103 1002
2962 2 2 1 1 1008 1104 80
2963 2 2 1 1 1011 1105 92
2964 2 2 1 1 1012 1568 97
2965 2 2 1 1 99 1013 1012
2966 2 2 1 1 136 1015 1014
2967 2 2 1 1 163 1019 1018
2968 2 2 1 1 239 1114 974
2969 2 2 1 1 244 1021 1020
2970 2 2 1 1 246 1022 1021
2971 2 2 1 1 1003 1022 248
2972 2 2 1 1 1028 1120 504
2973 2 2 1 1 1027 1031 515
2974 2 2 1 1 1032 1033 516
2975 2 2 1 1 1037 1122 536
2976 2 2 1 1 1036 1038 537
2977 2 2 1 1 544 1041 1039
2978 2 2 1 1 1040 1042 545
2979 2 2 1 1 546 1123 1041
2980 2 2 1 1 584 1125 1051
2981 2 2 1 1 1054 1133 623
2982 2 2 1 1 663 1143 1060
2983 2 2 1 1 664 1144 1059
2984 2 2 1 1 565 1191 564
2985 2 2 1 1 937 1163 683
2986 2 2 1 1 916 1479 1435
2987 2 2 1 1 870 1314 1137
2988 2 2 1 1 1356 1468 1075
2989 2 2 1 1 920 1053 874
2990 2 2 1 1 936 1128 903
2991 2 2 1 1 885 1482 1164
2992 2 2 1 1 919 1311 868
2993 2 2 1 1 950 1024 483
2994 2 2 1 1 1341 1539 694
2995 2 2 1 1 1091 1507 1418
2996 2 2 1 1 955 1035 527
2997 2 2 1 1 1456 1457 816
2998 2 2 1 1 1273 1274 948
2999 2 2 1 1 868 1476 919
3000 2 2 1 1 886 1104 1008
3001 2 2 1 1 1014 1015 887
3002 2 2 1 1 1018 1019 890
3003 2 2 1 1 893 1033 1032
3004 2 2 1 1 894 1038 1036
3005 2 2 1 1 1039 1041 895
3006 2 2 1 1 1051 1125 898
3007 2 2 1 1 1002 1103 907
3008 2 2 1 1 1017 1196 889
3009 2 2 1 1 885 1195 1007
3010 2 2 1 1 671 1057 957
3011 2 2 1 1 917 1031 1027
3012 2 2 1 1 1328 1393 947
3013 2 2 1 1 944 1053 920
3014 2 2 1 1 874 1289 1056
3015 2 2 1 1 956 1573 534
3016 2 2 1 1 1320 1396 946
3017 2 2 1 1 890 1197 836
3018 2 2 1 1 1096 1302 880
3019 2 2 1 1 1343 1487 985
3020 2 2 1 1 849 1413 1194
3021 2 2 1 1 1001 1521 883
3022 2 2 1 1 1019 1520 890
3023 2 2 1 1 1049 1377 897
3024 2 2 1 1 1357 1542 1185
3025 2 2 1 1 838 1232 1231
3026 2 2 1 1 1007 1482 885
3027 2 2 1 1 1074 1488 1416
3028 2 2 1 1 1194 1350 849
3029 2 2 1 1 1044 1562 1500
3030 2 2 1 1 1128 1250 903
3031 2 2 1 1 1023 1425 891
3032 2 2 1 1 970 1352 876
3033 2 2 1 1 884 1351 1005
3034 2 2 1 1 77 1483 76
3035 2 2 1 1 1551 1552 1082
3036 2 2 1 1 1161 1535 1309
3037 2 2 1 1 1243 1491 847
3038 2 2 1 1 21 1100 20
3039 2 2 1 1 1447 1530 984
3040 2 2 1 1 1079 1309 1308
3041 2 2 1 1 20 1100 19
3042 2 2 1 1 1156 1495 1353
3043 2 2 1 1 947 1393 1268
3044 2 2 1 1 1074 1493 1488
3045 2 2 1 1 882 1521 931
3046 2 2 1 1 1345 1535 1161
3047 2 2 1 1 946 1396 1267
3048 2 2 1 1 916 1435 1045
3049 2 2 1 1 955 1544 1540
3050 2 2 1 1 1350 1390 849
3051 2 2 1 1 974 1279 237
3052 2 2 1 1 18 1100 969
3053 2 2 1 1 876 1182 970
3054 2 2 1 1 35 1567 34
3055 2 2 1 1 36 1567 35
3056 2 2 1 1 78 1483 77
3057 2 2 1 1 1418 1507 847
3058 2 2 1 1 980 1364 1208
3059 2 2 1 1 1267 1522 887
3060 2 2 1 1 1268 1523 889
3061 2 2 1 1 1232 1528 1231
3062 2 2 1 1 1199 1525 894
3063 2 2 1 1 1198 1526 895
3064 2 2 1 1 890 1520 1197
3065 2 2 1 1 503 1215 504
3066 2 2 1 1 611 1281 610
3067 2 2 1 1 653 1282 652
3068 2 2 1 1 675 1216 674
3069 2 2 1 1 870 1358 1314
3070 2 2 1 1 879 1506 909
3071 2 2 1 1 1435 1479 878
3072 2 2 1 1 909 1116 950
3073 2 2 1 1 909 1506 1116
3074 2 2 1 1 969 1100 875
3075 2 2 1 1 1287 1385 858
3076 2 2 1 1 933 1311 1048
3077 2 2 1 1 978 1392 1327
3078 2 2 1 1 1090 1539 1341
3079 2 2 1 1 957 1055 934
3080 2 2 1 1 933 1048 956
3081 2 2 1 1 980 1377 1364
3082 2 2 1 1 931 994 882
3083 2 2 1 1 1067 1383 1351
3084 2 2 1 1 1035 1191 529
3085 2 2 1 1 1191 1572 529
3086 2 2 1 1 563 1191 1035
3087 2 2 1 1 1319 1395 1153
3088 2 2 1 1 1153 1395 1320
3089 2 2 1 1 1088 1509 1328
3090 2 2 1 1 1327 1509 1088
3091 2 2 1 1 1046 1527 896
3092 2 2 1 1 887 1522 1014
3093 2 2 1 1 889 1523 1017
3094 2 2 1 1 893 1524 1033
3095 2 2 1 1 894 1525 1038
3096 2 2 1 1 895 1526 1039
3097 2 2 1 1 164 1569 1019
3098 2 2 1 1 1019 1569 166
3099 2 2 1 1 1027 1215 503
3100 2 2 1 1 1215 1571 505
3101 2 2 1 1 517 1215 1027
3102 2 2 1 1 1281 1574 595
3103 2 2 1 1 1282 1576 628
3104 2 2 1 1 1057 1216 646
3105 2 2 1 1 1216 1577 647
3106 2 2 1 1 649 1578 1058
3107 2 2 1 1 674 1216 1057
3108 2 2 1 1 1058 1578 675
3109 2 2 1 1 96 1568 95
3110 2 2 1 1 97 1568 96
3111 2 2 1 1 165 1569 164
3112 2 2 1 1 166 1569 165
3113 2 2 1 1 505 1570 506
3114 2 2 1 1 518 1570 505
3115 2 2 1 1 505 1571 518
3116 2 2 1 1 506 1570 519
3117 2 2 1 1 518 1571 517
3118 2 2 1 1 519 1570 518
3119 2 2 1 1 530 1572 566
3120 2 2 1 1 534 1573 535
3121 2 2 1 1 535 1573 581
3122 2 2 1 1 566 1572 565
3123 2 2 1 1 595 1574 612
3124 2 2 1 1 612 1574 611
3125 2 2 1 1 628 1575 629
3126 2 2 1 1 654 1575 628
3127 2 2 1 1 628 1576 654
3128 2 2 1 1 629 1575 655
3129 2 2 1 1 647 1577 648
3130 2 2 1 1 648 1578 649
3131 2 2 1 1 648 1577 675
3132 2 2 1 1 675 1578 648
3133 2 2 1 1 654 1576 653
3134 2 2 1 1 655 1575 654
3135 2 2 1 1 1045 1540 916
3136 2 2 1 1 565 1572 1191
3137 2 2 1 1 1528 1529 1231
3138 2 2 1 1 1540 1544 916
3139 2 2 1 1 517 1571 1215
3140 2 2 1 1 611 1574 1281
3141 2 2 1 1 653 1576 1282
3142 2 2 1 1 675 1577 1216
3143 2 2 1 1 204 596 772
3144 2 2 1 1 612 1262 596
3145 2 2 1 1 596 1262 772
3146 2 2 1 1 677 683 678
3147 2 2 1 1 678 792 677
3148 2 2 1 1 684 685 678
3149 2 2 1 1 794 1284 680
3150 2 2 1 1 681 1439 682
3151 2 2 1 1 5 6 692
3152 2 2 1 1 771 198 199
3153 2 2 1 1 487 496 488
3154 2 2 1 1 506 519 507
3155 2 2 1 1 566 531 530
3156 2 2 1 1 596 595 612
3157 2 2 1 1 630 629 655
3158 2 2 1 1 677 792 676
3159 2 2 1 1 683 684 678
3160 2 2 1 1 695 694 697
3161 2 2 1 1 696 695 697
3162 2 2 1 2 48 1581 49
3163 2 2 1 2 6 1584 7
3164 2 2 1 2 8 1580 9
3165 2 2 1 2 49 1579 753
3166 2 2 1 2 10 1580 11
3167 2 2 1 2 753 1584 5
3168 2 2 1 2 257 1586 256
3169 2 2 1 2 1581 1585 49
3170 2 2 1 2 49 1585 1579
3171 2 2 1 2 9 1580 10
3172 2 2 1 2 255 1587 254
3173 2 2 1 2 259 1582 258
3174 2 2 1 2 262 1580 261
3175 2 2 1 2 8 1584 1580
3176 2 2 1 2 256 1585 255
3177 2 2 1 2 7 1584 8
3178 2 2 1 2 263 1583 262
3179 2 2 1 2 258 1586 257
3180 2 2 1 2 1579 1584 753
3181 2 2 1 2 250 1581 48
3182 2 2 1 2 252 1581 251
3183 2 2 1 2 261 1582 260
3184 2 2 1 2 251 1581 250
3185 2 2 1 2 1580 1582 261
3186 2 2 1 2 260 1582 259
3187 2 2 1 2 1580 1584 1579
3188 2 2 1 2 1585 1586 1579
3189 2 2 1 2 1585 1587 255
3190 2 2 1 2 262 1583 1580
3191 2 2 1 2 256 1586 1585
3192 2 2 1 2 1580 1583 11
3193 2 2 1 2 1582 1586 258
3194 2 2 1 2 11 1583 12
3195 2 2 1 2 12 1583 264
3196 2 2 1 2 252 1587 1581
3197 2 2 1 2 1579 1582 1580
3198 2 2 1 2 264 1583 263
3199 2 2 1 2 1581 1587 1585
3200 2 2 1 2 1579 1586 1582
3201 2 2 1 2 253 1587 252
3202 2 2 1 2 254 1587 253
3203 2 2 1 2 5 1584 6
3204 2 2 1 3 263 1596 264
3205 2 2 1 3 275 1617 274
3206 2 2 1 3 33 1611 1605
3207 2 2 1 3 255 1610 256
3208 2 2 1 3 750 1590 751
3209 2 2 1 3 752 1594 265
3210 2 2 1 3 14 1621 15
3211 2 2 1 3 1601 1608 283
3212 2 2 1 3 33 1605 34
3213 2 2 1 3 283 1608 282
3214 2 2 1 3 288 1609 287
3215 2 2 1 3 17 1593 18
3216 2 2 1 3 32 1611 33
3217 2 2 1 3 254 1614 255
3218 2 2 1 3 256 1615 257
3219 2 2 1 3 1601 1604 1590
3220 2 2 1 3 273 1607 272
3221 2 2 1 3 31 1612 32
3222 2 2 1 3 258 1616 259
3223 2 2 1 3 1594 1614 253
3224 2 2 1 3 1604 1613 1590
3225 2 2 1 3 44 1595 750
3226 2 2 1 3 750 1595 1590
3227 2 2 1 3 269 1603 749
3228 2 2 1 3 1602 1605 1588
3229 2 2 1 3 751 1613 45
3230 2 2 1 3 45 1620 752
3231 2 2 1 3 19 1593 20
3232 2 2 1 3 44 1622 1595
3233 2 2 1 3 1595 1622 274
3234 2 2 1 3 26 1598 27
3235 2 2 1 3 29 1599 30
3236 2 2 1 3 262 1600 263
3237 2 2 1 3 263 1600 1596
3238 2 2 1 3 253 1614 254
3239 2 2 1 3 257 1615 258
3240 2 2 1 3 20 1593 22
3241 2 2 1 3 752 1620 1594
3242 2 2 1 3 274 1617 1595
3243 2 2 1 3 1590 1613 751
3244 2 2 1 3 1590 1608 1601
3245 2 2 1 3 1588 1613 1604
3246 2 2 1 3 749 1603 44
3247 2 2 1 3 749 1606 269
3248 2 2 1 3 1588 1605 1591
3249 2 2 1 3 280 1597 279
3250 2 2 1 3 22 1593 23
3251 2 2 1 3 30 1612 31
3252 2 2 1 3 259 1616 260
3253 2 2 1 3 1613 1620 45
3254 2 2 1 3 13 1596 14
3255 2 2 1 3 18 1593 19
3256 2 2 1 3 1594 1620 1614
3257 2 2 1 3 1602 1604 288
3258 2 2 1 3 1592 1599 27
3259 2 2 1 3 267 1606 43
3260 2 2 1 3 27 1598 1592
3261 2 2 1 3 1605 1611 1591
3262 2 2 1 3 1604 1609 288
3263 2 2 1 3 1588 1604 1602
3264 2 2 1 3 255 1614 1610
3265 2 2 1 3 1610 1615 256
3266 2 2 1 3 1588 1620 1613
3267 2 2 1 3 1603 1622 44
3268 2 2 1 3 1595 1617 1597
3269 2 2 1 3 1589 1616 1611
3270 2 2 1 3 274 1622 273
3271 2 2 1 3 1595 1597 1590
3272 2 2 1 3 269 1607 1603
3273 2 2 1 3 1597 1608 1590
3274 2 2 1 3 1600 1616 1589
3275 2 2 1 3 1596 1621 14
3276 2 2 1 3 265 1594 251
3277 2 2 1 3 1611 1616 1591
3278 2 2 1 3 273 1622 1607
3279 2 2 1 3 24 1598 25
3280 2 2 1 3 27 1599 28
3281 2 2 1 3 251 1594 252
3282 2 2 1 3 260 1600 261
3283 2 2 1 3 285 1601 284
3284 2 2 1 3 290 1602 289
3285 2 2 1 3 32 1612 1611
3286 2 2 1 3 1601 1609 1604
3287 2 2 1 3 17 1621 1593
3288 2 2 1 3 1596 1600 1589
3289 2 2 1 3 1591 1610 1588
3290 2 2 1 3 1589 1612 1599
3291 2 2 1 3 1614 1620 1588
3292 2 2 1 3 23 1598 24
3293 2 2 1 3 25 1598 26
3294 2 2 1 3 28 1599 29
3295 2 2 1 3 35 1605 290
3296 2 2 1 3 252 1594 253
3297 2 2 1 3 261 1600 262
3298 2 2 1 3 268 1606 267
3299 2 2 1 3 271 1607 270
3300 2 2 1 3 281 1608 280
3301 2 2 1 3 284 1601 283
3302 2 2 1 3 286 1609 285
3303 2 2 1 3 289 1602 288
3304 2 2 1 3 34 1605 35
3305 2 2 1 3 269 1606 268
3306 2 2 1 3 270 1607 269
3307 2 2 1 3 272 1607 271
3308 2 2 1 3 282 1608 281
3309 2 2 1 3 287 1609 286
3310 2 2 1 3 280 1608 1597
3311 2 2 1 3 1615 1616 258
3312 2 2 1 3 1589 1621 1596
3313 2 2 1 3 1589 1599 1592
3314 2 2 1 3 260 1616 1600
3315 2 2 1 3 1599 1612 30
3316 2 2 1 3 1592 1621 1589
3317 2 2 1 3 285 1609 1601
3318 2 2 1 3 290 1605 1602
3319 2 2 1 3 1610 1614 1588
3320 2 2 1 3 1597 1617 277
3321 2 2 1 3 1596 1618 264
3322 2 2 1 3 1593 1598 23
3323 2 2 1 3 13 1618 1596
3324 2 2 1 3 277 1624 1597
3325 2 2 1 3 1597 1624 279
3326 2 2 1 3 1607 1622 1603
3327 2 2 1 3 264 1618 12
3328 2 2 1 3 276 1619 275
3329 2 2 1 3 275 1619 1617
3330 2 2 1 3 1591 1615 1610
3331 2 2 1 3 12 1618 13
3332 2 2 1 3 277 1619 276
3333 2 2 1 3 278 1624 277
3334 2 2 1 3 279 1624 278
3335 2 2 1 3 1591 1616 1615
3336 2 2 1 3 1617 1619 277
3337 2 2 1 3 1611 1612 1589
3338 2 2 1 3 17 1623 1621
3339 2 2 1 3 1621 1623 15
3340 2 2 1 3 1592 1598 1593
3341 2 2 1 3 1593 1621 1592
3342 2 2 1 3 15 1623 16
3343 2 2 1 3 16 1623 17
3344 2 2 1 3 43 1606 749
3345 2 2 1 3 20 22 21
3346 2 2 1 3 266 267 43
3347 2 2 1 3 265 46 752
3348 2 2 1 4 47 1625 48
3349 2 2 1 4 46 265 47
3350 2 2 1 4 48 1625 250
3351 2 2 1 4 251 1625 265
3352 2 2 1 4 250 1625 251
3353 2 2 1 4 265 1625 47
3354 2 2 1 5 174 1696 175
3355 2 2 1 5 119 1694 120
3356 2 2 1 5 181 297 182
3357 2 2 1 5 160 1690 161
3358 2 2 1 5 1643 1678 1677
3359 2 2 1 5 1626 1679 1630
3360 2 2 1 5 145 1692 146
3361 2 2 1 5 293 1646 1642
3362 2 2 1 5 64 1698 65
3363 2 2 1 5 295 1699 294
3364 2 2 1 5 1629 1709 1626
3365 2 2 1 5 1642 1675 165
3366 2 2 1 5 107 1649 108
3367 2 2 1 5 113 1649 114
3368 2 2 1 5 1644 1679 1626
3369 2 2 1 5 1626 1709 1644
3370 2 2 1 5 167 1695 168
3371 2 2 1 5 118 1694 119
3372 2 2 1 5 1633 1718 1709
3373 2 2 1 5 293 1693 292
3374 2 2 1 5 1678 1722 1652
3375 2 2 1 5 130 1691 131
3376 2 2 1 5 149 1707 150
3377 2 2 1 5 1709 1718 1693
3378 2 2 1 5 161 1690 162
3379 2 2 1 5 1628 1664 1663
3380 2 2 1 5 1626 1717 1704
3381 2 2 1 5 1640 1721 1704
3382 2 2 1 5 54 1654 55
3383 2 2 1 5 103 1666 104
3384 2 2 1 5 179 1687 180
3385 2 2 1 5 1642 1693 293
3386 2 2 1 5 1649 1684 114
3387 2 2 1 5 1630 1717 1626
3388 2 2 1 5 175 1726 176
3389 2 2 1 5 65 1698 66
3390 2 2 1 5 1628 1648 1645
3391 2 2 1 5 146 1710 147
3392 2 2 1 5 148 1710 149
3393 2 2 1 5 1626 1716 1629
3394 2 2 1 5 90 1705 91
3395 2 2 1 5 1645 1648 1627
3396 2 2 1 5 1686 1696 174
3397 2 2 1 5 120 1694 1685
3398 2 2 1 5 180 1650 787
3399 2 2 1 5 1626 1704 1632
3400 2 2 1 5 1632 1716 1626
3401 2 2 1 5 1631 1673 1644
3402 2 2 1 5 1684 1694 118
3403 2 2 1 5 131 1714 132
3404 2 2 1 5 107 1683 1649
3405 2 2 1 5 89 1682 90
3406 2 2 1 5 104 1683 105
3407 2 2 1 5 114 1684 115
3408 2 2 1 5 120 1685 121
3409 2 2 1 5 173 1686 174
3410 2 2 1 5 1693 1718 292
3411 2 2 1 5 63 1700 64
3412 2 2 1 5 144 1702 145
3413 2 2 1 5 168 1703 169
3414 2 2 1 5 1628 1663 1648
3415 2 2 1 5 296 1699 295
3416 2 2 1 5 155 1723 156
3417 2 2 1 5 151 1724 152
3418 2 2 1 5 153 1724 154
3419 2 2 1 5 133 1715 134
3420 2 2 1 5 125 1712 126
3421 2 2 1 5 127 1713 128
3422 2 2 1 5 129 1713 130
3423 2 2 1 5 240 1651 241
3424 2 2 1 5 1628 1665 1664
3425 2 2 1 5 1704 1721 1632
3426 2 2 1 5 291 1651 784
3427 2 2 1 5 1704 1717 1627
3428 2 2 1 5 1711 1722 1638
3429 2 2 1 5 72 1727 73
3430 2 2 1 5 150 1707 151
3431 2 2 1 5 154 1708 155
3432 2 2 1 5 1644 1709 1631
3433 2 2 1 5 1640 1704 1634
3434 2 2 1 5 1631 1709 1693
3435 2 2 1 5 786 1646 293
3436 2 2 1 5 787 1650 296
3437 2 2 1 5 1633 1678 1643
3438 2 2 1 5 1627 1669 1645
3439 2 2 1 5 1645 1689 1636
3440 2 2 1 5 1654 1655 59
3441 2 2 1 5 1656 1657 69
3442 2 2 1 5 1658 1659 81
3443 2 2 1 5 1659 1660 84
3444 2 2 1 5 1662 1663 96
3445 2 2 1 5 1670 1671 140
3446 2 2 1 5 1629 1722 1709
3447 2 2 1 5 1699 1719 294
3448 2 2 1 5 1709 1722 1633
3449 2 2 1 5 1668 1669 1641
3450 2 2 1 5 53 1711 54
3451 2 2 1 5 1627 1717 1669
3452 2 2 1 5 1627 1648 1634
3453 2 2 1 5 147 1710 148
3454 2 2 1 5 58 1654 59
3455 2 2 1 5 61 1655 62
3456 2 2 1 5 68 1656 69
3457 2 2 1 5 74 1681 75
3458 2 2 1 5 81 1659 82
3459 2 2 1 5 84 1660 85
3460 2 2 1 5 117 1684 118
3461 2 2 1 5 123 1685 124
3462 2 2 1 5 139 1670 140
3463 2 2 1 5 142 1671 143
3464 2 2 1 5 159 1672 160
3465 2 2 1 5 164 1674 165
3466 2 2 1 5 170 1686 171
3467 2 2 1 5 1648 1663 1662
3468 2 2 1 5 1665 1683 104
3469 2 2 1 5 1646 1675 1642
3470 2 2 1 5 1634 1704 1627
3471 2 2 1 5 1673 1690 1672
3472 2 2 1 5 1633 1722 1678
3473 2 2 1 5 784 1706 238
3474 2 2 1 5 1638 1700 1655
3475 2 2 1 5 1641 1702 1671
3476 2 2 1 5 1634 1660 1640
3477 2 2 1 5 104 1666 1665
3478 2 2 1 5 132 1714 133
3479 2 2 1 5 165 1674 1642
3480 2 2 1 5 292 1718 785
3481 2 2 1 5 1642 1690 1631
3482 2 2 1 5 1672 1723 1673
3483 2 2 1 5 1628 1645 1636
3484 2 2 1 5 1668 1715 1669
3485 2 2 1 5 1672 1690 160
3486 2 2 1 5 180 1687 1650
3487 2 2 1 5 1681 1727 1721
3488 2 2 1 5 1643 1725 1718
3489 2 2 1 5 294 1719 786
3490 2 2 1 5 62 1700 63
3491 2 2 1 5 124 1701 125
3492 2 2 1 5 143 1702 144
3493 2 2 1 5 169 1703 170
3494 2 2 1 5 1631 1693 1642
3495 2 2 1 5 1657 1697 72
3496 2 2 1 5 1698 1716 1639
3497 2 2 1 5 64 1700 1698
3498 2 2 1 5 156 1723 157
3499 2 2 1 5 1632 1697 1639
3500 2 2 1 5 1697 1727 72
3501 2 2 1 5 152 1724 153
3502 2 2 1 5 134 1715 135
3503 2 2 1 5 1652 1722 1653
3504 2 2 1 5 1658 1721 1640
3505 2 2 1 5 1669 1717 1641
3506 2 2 1 5 126 1712 127
3507 2 2 1 5 128 1713 129
3508 2 2 1 5 108 1649 109
3509 2 2 1 5 1638 1722 1629
3510 2 2 1 5 1634 1682 1660
3511 2 2 1 5 1629 1716 1647
3512 2 2 1 5 1682 1705 90
3513 2 2 1 5 149 1710 1707
3514 2 2 1 5 145 1702 1692
3515 2 2 1 5 1675 1695 167
3516 2 2 1 5 176 1726 177
3517 2 2 1 5 1639 1716 1632
3518 2 2 1 5 785 1725 291
3519 2 2 1 5 1629 1647 1638
3520 2 2 1 5 1648 1662 1661
3521 2 2 1 5 1643 1651 291
3522 2 2 1 5 1647 1700 1638
3523 2 2 1 5 1692 1710 146
3524 2 2 1 5 1721 1727 1697
3525 2 2 1 5 1647 1716 1698
3526 2 2 1 5 1637 1699 1696
3527 2 2 1 5 162 1690 1674
3528 2 2 1 5 1637 1719 1699
3529 2 2 1 5 91 1705 1661
3530 2 2 1 5 73 1727 74
3531 2 2 1 5 1649 1683 1635
3532 2 2 1 5 1635 1684 1649
3533 2 2 1 5 66 1698 1656
3534 2 2 1 5 1653 1722 1711
3535 2 2 1 5 1630 1702 1641
3536 2 2 1 5 1648 1705 1634
3537 2 2 1 5 1696 1726 175
3538 2 2 1 5 54 1711 1654
3539 2 2 1 5 1661 1705 1648
3540 2 2 1 5 1673 1680 1644
3541 2 2 1 5 1695 1703 168
3542 2 2 1 5 291 1725 1643
3543 2 2 1 5 1635 1694 1684
3544 2 2 1 5 1640 1660 1659
3545 2 2 1 5 1628 1694 1635
3546 2 2 1 5 1650 1699 296
3547 2 2 1 5 130 1713 1691
3548 2 2 1 5 1631 1690 1673
3549 2 2 1 5 1691 1714 131
3550 2 2 1 5 1637 1696 1686
3551 2 2 1 5 1685 1694 1636
3552 2 2 1 5 1643 1718 1633
3553 2 2 1 5 240 1706 1651
3554 2 2 1 5 1669 1714 1691
3555 2 2 1 5 1718 1725 785
3556 2 2 1 5 249 1652 50
3557 2 2 1 5 51 1653 52
3558 2 2 1 5 59 1655 60
3559 2 2 1 5 66 1656 67
3560 2 2 1 5 69 1657 70
3561 2 2 1 5 71 1657 72
3562 2 2 1 5 80 1658 81
3563 2 2 1 5 83 1659 84
3564 2 2 1 5 86 1660 87
3565 2 2 1 5 92 1661 93
3566 2 2 1 5 94 1662 95
3567 2 2 1 5 97 1663 98
3568 2 2 1 5 99 1664 100
3569 2 2 1 5 111 1667 112
3570 2 2 1 5 135 1668 136
3571 2 2 1 5 137 1670 138
3572 2 2 1 5 140 1671 141
3573 2 2 1 5 157 1672 158
3574 2 2 1 5 162 1674 163
3575 2 2 1 5 166 1675 167
3576 2 2 1 5 243 1676 244
3577 2 2 1 5 245 1677 246
3578 2 2 1 5 247 1678 248
3579 2 2 1 5 1635 1665 1628
3580 2 2 1 5 1641 1717 1630
3581 2 2 1 5 1639 1697 1657
3582 2 2 1 5 1635 1683 1665
3583 2 2 1 5 1665 1666 1664
3584 2 2 1 5 1632 1721 1697
3585 2 2 1 5 1634 1705 1682
3586 2 2 1 5 1653 1711 53
3587 2 2 1 5 77 1721 1720
3588 2 2 1 5 786 1719 1646
3589 2 2 1 5 50 1652 51
3590 2 2 1 5 52 1653 53
3591 2 2 1 5 57 1654 58
3592 2 2 1 5 60 1655 61
3593 2 2 1 5 67 1656 68
3594 2 2 1 5 70 1657 71
3595 2 2 1 5 75 1681 76
3596 2 2 1 5 79 1658 80
3597 2 2 1 5 82 1659 83
3598 2 2 1 5 85 1660 86
3599 2 2 1 5 87 1682 88
3600 2 2 1 5 91 1661 92
3601 2 2 1 5 93 1662 94
3602 2 2 1 5 95 1662 96
3603 2 2 1 5 96 1663 97
3604 2 2 1 5 98 1664 99
3605 2 2 1 5 100 1666 101
3606 2 2 1 5 106 1683 107
3607 2 2 1 5 110 1667 111
3608 2 2 1 5 112 1667 113
3609 2 2 1 5 116 1684 117
3610 2 2 1 5 122 1685 123
3611 2 2 1 5 136 1668 137
3612 2 2 1 5 138 1670 139
3613 2 2 1 5 141 1671 142
3614 2 2 1 5 158 1672 159
3615 2 2 1 5 163 1674 164
3616 2 2 1 5 165 1675 166
3617 2 2 1 5 171 1686 172
3618 2 2 1 5 177 1687 178
3619 2 2 1 5 242 1688 243
3620 2 2 1 5 244 1676 245
3621 2 2 1 5 246 1677 247
3622 2 2 1 5 248 1678 249
3623 2 2 1 5 238 1706 239
3624 2 2 1 5 76 1681 77
3625 2 2 1 5 88 1682 89
3626 2 2 1 5 105 1683 106
3627 2 2 1 5 109 1667 110
3628 2 2 1 5 115 1684 116
3629 2 2 1 5 121 1685 122
3630 2 2 1 5 172 1686 173
3631 2 2 1 5 178 1687 179
3632 2 2 1 5 241 1688 242
3633 2 2 1 5 1708 1723 155
3634 2 2 1 5 1707 1724 151
3635 2 2 1 5 154 1724 1708
3636 2 2 1 5 1681 1721 77
3637 2 2 1 5 1636 1694 1628
3638 2 2 1 5 1689 1712 1701
3639 2 2 1 5 1669 1691 1645
3640 2 2 1 5 1679 1692 1630
3641 2 2 1 5 1650 1726 1699
3642 2 2 1 5 1646 1695 1675
3643 2 2 1 5 1651 1688 241
3644 2 2 1 5 1644 1680 1679
3645 2 2 1 5 1714 1715 133
3646 2 2 1 5 1651 1706 784
3647 2 2 1 5 1638 1655 1654
3648 2 2 1 5 1639 1657 1656
3649 2 2 1 5 1640 1659 1658
3650 2 2 1 5 1641 1671 1670
3651 2 2 1 5 1692 1702 1630
3652 2 2 1 5 1701 1712 125
3653 2 2 1 5 1712 1713 127
3654 2 2 1 5 1646 1719 1695
3655 2 2 1 5 157 1723 1672
3656 2 2 1 5 1699 1726 1696
3657 2 2 1 5 135 1715 1668
3658 2 2 1 5 1673 1708 1680
3659 2 2 1 5 177 1726 1687
3660 2 2 1 5 1636 1701 1685
3661 2 2 1 5 1686 1703 1637
3662 2 2 1 5 1655 1700 62
3663 2 2 1 5 1685 1701 124
3664 2 2 1 5 1671 1702 143
3665 2 2 1 5 170 1703 1686
3666 2 2 1 5 1643 1688 1651
3667 2 2 1 5 1680 1707 1679
3668 2 2 1 5 74 1727 1681
3669 2 2 1 5 1689 1701 1636
3670 2 2 1 5 239 1706 240
3671 2 2 1 5 1643 1677 1676
3672 2 2 1 5 1676 1688 1643
3673 2 2 1 5 1695 1719 1637
3674 2 2 1 5 1645 1691 1689
3675 2 2 1 5 1652 1653 51
3676 2 2 1 5 79 1720 1658
3677 2 2 1 5 1660 1682 87
3678 2 2 1 5 1661 1662 93
3679 2 2 1 5 1663 1664 98
3680 2 2 1 5 1664 1666 100
3681 2 2 1 5 1668 1670 137
3682 2 2 1 5 243 1688 1676
3683 2 2 1 5 1676 1677 245
3684 2 2 1 5 1677 1678 247
3685 2 2 1 5 249 1678 1652
3686 2 2 1 5 113 1667 1649
3687 2 2 1 5 1707 1710 1679
3688 2 2 1 5 1641 1670 1668
3689 2 2 1 5 1674 1690 1642
3690 2 2 1 5 1720 1721 1658
3691 2 2 1 5 1656 1698 1639
3692 2 2 1 5 1698 1700 1647
3693 2 2 1 5 1649 1667 109
3694 2 2 1 5 78 1720 79
3695 2 2 1 5 1679 1710 1692
3696 2 2 1 5 1654 1711 1638
3697 2 2 1 5 1637 1703 1695
3698 2 2 1 5 77 1720 78
3699 2 2 1 5 1691 1713 1689
3700 2 2 1 5 1687 1726 1650
3701 2 2 1 5 1669 1715 1714
3702 2 2 1 5 1673 1723 1708
3703 2 2 1 5 1708 1724 1680
3704 2 2 1 5 1680 1724 1707
3705 2 2 1 5 1654 1728 55
3706 2 2 1 5 57 1728 1654
3707 2 2 1 5 1666 1729 101
3708 2 2 1 5 103 1729 1666
3709 2 2 1 5 55 1728 56
3710 2 2 1 5 56 1728 57
3711 2 2 1 5 101 1729 102
3712 2 2 1 5 102 1729 103
3713 2 2 1 5 1689 1713 1712
3714 2 2 1 5 238 237 236
3715 2 2 1 5 236 784 238
3716 2 2 1 5 180 297 181
3717 2 2 1 5 180 787 297
3718 2 2 1 6 271 1740 745
3719 2 2 1 6 281 1732 282
3720 2 2 1 6 290 1730 35
3721 2 2 1 6 289 1730 290
3722 2 2 1 6 741 1735 742
3723 2 2 1 6 742 1732 743
3724 2 2 1 6 1731 1735 286
3725 2 2 1 6 283 1732 284
3726 2 2 1 6 286 1735 287
3727 2 2 1 6 35 1730 36
3728 2 2 1 6 742 1735 1731
3729 2 2 1 6 746 1736 748
3730 2 2 1 6 282 1732 283
3731 2 2 1 6 743 1732 281
3732 2 2 1 6 272 1733 273
3733 2 2 1 6 278 1734 279
3734 2 2 1 6 38 1730 741
3735 2 2 1 6 744 1734 278
3736 2 2 1 6 37 1730 38
3737 2 2 1 6 36 1730 37
3738 2 2 1 6 267 1736 268
3739 2 2 1 6 745 1733 272
3740 2 2 1 6 281 1734 743
3741 2 2 1 6 41 1737 746
3742 2 2 1 6 1730 1735 741
3743 2 2 1 6 266 1736 267
3744 2 2 1 6 745 1739 1733
3745 2 2 1 6 1733 1739 276
3746 2 2 1 6 284 1731 285
3747 2 2 1 6 284 1732 1731
3748 2 2 1 6 1736 1737 268
3749 2 2 1 6 274 1733 275
3750 2 2 1 6 280 1734 281
3751 2 2 1 6 285 1731 286
3752 2 2 1 6 288 1735 289
3753 2 2 1 6 273 1733 274
3754 2 2 1 6 275 1733 276
3755 2 2 1 6 279 1734 280
3756 2 2 1 6 287 1735 288
3757 2 2 1 6 746 1737 1736
3758 2 2 1 6 289 1735 1730
3759 2 2 1 6 1731 1732 742
3760 2 2 1 6 278 1739 744
3761 2 2 1 6 268 1738 269
3762 2 2 1 6 269 1738 270
3763 2 2 1 6 270 1740 271
3764 2 2 1 6 276 1741 277
3765 2 2 1 6 277 1741 278
3766 2 2 1 6 1737 1740 270
3767 2 2 1 6 1737 1738 268
3768 2 2 1 6 270 1738 1737
3769 2 2 1 6 41 1740 1737
3770 2 2 1 6 278 1741 1739
3771 2 2 1 6 1739 1741 276
3772 2 2 1 6 39 741 40
3773 2 2 1 6 745 1740 41
3774 2 2 1 6 748 42 747
3775 2 2 1 6 748 266 43
3776 2 2 1 6 743 1734 744
3777 2 2 1 6 744 1739 745
3778 2 2 1 6 38 741 39
3779 2 2 1 6 748 1736 266
3780 2 2 1 6 272 271 745
3781 2 2 1 6 747 746 748
3782 2 2 1 7 781 300 301
3783 2 2 1 7 781 230 298
3784 2 2 1 7 231 781 304
3785 2 2 1 7 300 298 299
3786 2 2 1 7 781 298 300
3787 2 2 1 7 304 781 301
3788 2 2 1 7 303 301 302
3789 2 2 1 7 304 301 303
3790 2 2 1 8 307 298 230
3791 2 2 1 8 230 229 305
3792 2 2 1 8 230 305 307
3793 2 2 1 8 307 305 306
3794 2 2 1 9 1768 1800 1772
3795 2 2 1 9 340 1773 341
3796 2 2 1 9 334 1751 335
3797 2 2 1 9 293 1797 292
3798 2 2 1 9 297 1784 787
3799 2 2 1 9 317 1783 318
3800 2 2 1 9 1749 1768 1767
3801 2 2 1 9 1749 1790 1754
3802 2 2 1 9 352 1786 353
3803 2 2 1 9 303 1771 302
3804 2 2 1 9 364 1782 1759
3805 2 2 1 9 236 1760 351
3806 2 2 1 9 761 1772 187
3807 2 2 1 9 1754 1794 1749
3808 2 2 1 9 1755 1776 1775
3809 2 2 1 9 758 1758 757
3810 2 2 1 9 305 1756 229
3811 2 2 1 9 351 1760 352
3812 2 2 1 9 309 1779 310
3813 2 2 1 9 306 1756 305
3814 2 2 1 9 341 1773 342
3815 2 2 1 9 1750 1766 1744
3816 2 2 1 9 354 1785 355
3817 2 2 1 9 1757 1790 1742
3818 2 2 1 9 299 1778 1777
3819 2 2 1 9 364 1759 365
3820 2 2 1 9 1767 1773 1749
3821 2 2 1 9 300 1778 299
3822 2 2 1 9 307 1777 306
3823 2 2 1 9 318 1780 319
3824 2 2 1 9 1743 1785 1753
3825 2 2 1 9 1749 1800 1768
3826 2 2 1 9 756 1811 755
3827 2 2 1 9 1775 1806 1755
3828 2 2 1 9 340 1781 1773
3829 2 2 1 9 1755 1774 1747
3830 2 2 1 9 1772 1800 187
3831 2 2 1 9 1790 1807 1754
3832 2 2 1 9 1757 1807 1790
3833 2 2 1 9 346 1772 347
3834 2 2 1 9 339 1781 340
3835 2 2 1 9 363 1782 364
3836 2 2 1 9 1755 1808 1745
3837 2 2 1 9 1750 1781 1766
3838 2 2 1 9 1742 1795 1757
3839 2 2 1 9 1745 1776 1755
3840 2 2 1 9 1758 1787 757
3841 2 2 1 9 757 1787 186
3842 2 2 1 9 186 1811 756
3843 2 2 1 9 316 1792 317
3844 2 2 1 9 220 1775 309
3845 2 2 1 9 785 1796 291
3846 2 2 1 9 1748 1780 318
3847 2 2 1 9 353 1786 354
3848 2 2 1 9 294 1788 786
3849 2 2 1 9 1750 1790 1749
3850 2 2 1 9 296 1791 295
3851 2 2 1 9 754 1793 182
3852 2 2 1 9 1742 1808 1755
3853 2 2 1 9 1787 1811 186
3854 2 2 1 9 183 1787 754
3855 2 2 1 9 1752 1785 1743
3856 2 2 1 9 355 1809 356
3857 2 2 1 9 1744 1764 1763
3858 2 2 1 9 1748 1783 1745
3859 2 2 1 9 762 1799 761
3860 2 2 1 9 1755 1795 1742
3861 2 2 1 9 1747 1795 1755
3862 2 2 1 9 297 1798 1784
3863 2 2 1 9 183 1811 1787
3864 2 2 1 9 187 1800 760
3865 2 2 1 9 784 1760 236
3866 2 2 1 9 293 1801 1797
3867 2 2 1 9 229 1756 308
3868 2 2 1 9 1749 1773 1750
3869 2 2 1 9 758 1802 1758
3870 2 2 1 9 788 1775 220
3871 2 2 1 9 1753 1801 1743
3872 2 2 1 9 1754 1802 1794
3873 2 2 1 9 1763 1764 326
3874 2 2 1 9 1766 1781 337
3875 2 2 1 9 1769 1782 360
3876 2 2 1 9 1744 1766 1751
3877 2 2 1 9 291 1796 784
3878 2 2 1 9 1757 1795 1770
3879 2 2 1 9 318 1783 1748
3880 2 2 1 9 760 1794 759
3881 2 2 1 9 1746 1810 1771
3882 2 2 1 9 1744 1763 1748
3883 2 2 1 9 1744 1804 1750
3884 2 2 1 9 314 1761 315
3885 2 2 1 9 326 1764 327
3886 2 2 1 9 329 1765 330
3887 2 2 1 9 333 1765 334
3888 2 2 1 9 357 1769 358
3889 2 2 1 9 360 1782 361
3890 2 2 1 9 1755 1806 1756
3891 2 2 1 9 759 1802 758
3892 2 2 1 9 308 1806 788
3893 2 2 1 9 1750 1804 1790
3894 2 2 1 9 1771 1810 1747
3895 2 2 1 9 1785 1786 1753
3896 2 2 1 9 1777 1778 1747
3897 2 2 1 9 1746 1752 1743
3898 2 2 1 9 1745 1808 1748
3899 2 2 1 9 1759 1782 1746
3900 2 2 1 9 1775 1776 309
3901 2 2 1 9 1751 1764 1744
3902 2 2 1 9 1756 1774 1755
3903 2 2 1 9 1748 1808 1744
3904 2 2 1 9 1751 1766 335
3905 2 2 1 9 306 1774 1756
3906 2 2 1 9 1790 1804 1742
3907 2 2 1 9 786 1801 293
3908 2 2 1 9 1758 1793 1787
3909 2 2 1 9 296 1803 1791
3910 2 2 1 9 182 1798 297
3911 2 2 1 9 1776 1792 1761
3912 2 2 1 9 315 1792 316
3913 2 2 1 9 1784 1807 1803
3914 2 2 1 9 1746 1782 1752
3915 2 2 1 9 1743 1788 1770
3916 2 2 1 9 329 1764 1751
3917 2 2 1 9 1751 1765 329
3918 2 2 1 9 334 1765 1751
3919 2 2 1 9 306 1777 1774
3920 2 2 1 9 1770 1810 1743
3921 2 2 1 9 1747 1810 1795
3922 2 2 1 9 1776 1779 309
3923 2 2 1 9 1774 1777 1747
3924 2 2 1 9 1760 1786 352
3925 2 2 1 9 755 1811 183
3926 2 2 1 9 354 1786 1785
3927 2 2 1 9 317 1792 1783
3928 2 2 1 9 1770 1791 1757
3929 2 2 1 9 1758 1802 1754
3930 2 2 1 9 1771 1778 302
3931 2 2 1 9 1759 1771 303
3932 2 2 1 9 342 1773 1767
3933 2 2 1 9 1787 1793 754
3934 2 2 1 9 1754 1807 1784
3935 2 2 1 9 1803 1807 1791
3936 2 2 1 9 1797 1801 1753
3937 2 2 1 9 356 1809 357
3938 2 2 1 9 787 1803 296
3939 2 2 1 9 760 1800 1794
3940 2 2 1 9 1743 1810 1746
3941 2 2 1 9 294 1805 1788
3942 2 2 1 9 1743 1801 1788
3943 2 2 1 9 1795 1810 1770
3944 2 2 1 9 292 1797 785
3945 2 2 1 9 1794 1802 759
3946 2 2 1 9 1770 1805 1791
3947 2 2 1 9 1784 1803 787
3948 2 2 1 9 348 1799 762
3949 2 2 1 9 1773 1781 1750
3950 2 2 1 9 761 1799 1772
3951 2 2 1 9 1793 1798 182
3952 2 2 1 9 1754 1784 1758
3953 2 2 1 9 295 1805 294
3954 2 2 1 9 1788 1801 786
3955 2 2 1 9 785 1797 1796
3956 2 2 1 9 1752 1782 1769
3957 2 2 1 9 1791 1805 295
3958 2 2 1 9 1772 1799 347
3959 2 2 1 9 1768 1772 346
3960 2 2 1 9 1804 1808 1742
3961 2 2 1 9 1785 1809 355
3962 2 2 1 9 1745 1792 1776
3963 2 2 1 9 1744 1808 1804
3964 2 2 1 9 788 1806 1775
3965 2 2 1 9 312 1761 313
3966 2 2 1 9 321 1780 322
3967 2 2 1 9 323 1762 324
3968 2 2 1 9 325 1763 326
3969 2 2 1 9 328 1764 329
3970 2 2 1 9 331 1765 332
3971 2 2 1 9 335 1766 336
3972 2 2 1 9 343 1767 344
3973 2 2 1 9 345 1768 346
3974 2 2 1 9 359 1769 360
3975 2 2 1 9 1791 1807 1757
3976 2 2 1 9 1761 1779 1776
3977 2 2 1 9 784 1796 1760
3978 2 2 1 9 1760 1796 1753
3979 2 2 1 9 1746 1771 1759
3980 2 2 1 9 1747 1778 1771
3981 2 2 1 9 1753 1786 1760
3982 2 2 1 9 1756 1806 308
3983 2 2 1 9 1784 1798 1758
3984 2 2 1 9 1748 1763 1762
3985 2 2 1 9 1762 1780 1748
3986 2 2 1 9 304 1759 303
3987 2 2 1 9 299 1777 298
3988 2 2 1 9 302 1778 301
3989 2 2 1 9 311 1779 312
3990 2 2 1 9 313 1761 314
3991 2 2 1 9 320 1780 321
3992 2 2 1 9 322 1762 323
3993 2 2 1 9 324 1763 325
3994 2 2 1 9 327 1764 328
3995 2 2 1 9 330 1765 331
3996 2 2 1 9 332 1765 333
3997 2 2 1 9 336 1766 337
3998 2 2 1 9 337 1781 338
3999 2 2 1 9 342 1767 343
4000 2 2 1 9 344 1768 345
4001 2 2 1 9 358 1769 359
4002 2 2 1 9 361 1782 362
4003 2 2 1 9 298 1777 307
4004 2 2 1 9 301 1778 300
4005 2 2 1 9 310 1779 311
4006 2 2 1 9 319 1780 320
4007 2 2 1 9 338 1781 339
4008 2 2 1 9 362 1782 363
4009 2 2 1 9 1783 1792 1745
4010 2 2 1 9 1788 1805 1770
4011 2 2 1 9 1758 1798 1793
4012 2 2 1 9 1794 1800 1749
4013 2 2 1 9 1761 1792 315
4014 2 2 1 9 357 1809 1769
4015 2 2 1 9 1796 1797 1753
4016 2 2 1 9 347 1799 348
4017 2 2 1 9 312 1779 1761
4018 2 2 1 9 322 1780 1762
4019 2 2 1 9 1762 1763 324
4020 2 2 1 9 1767 1768 344
4021 2 2 1 9 1752 1809 1785
4022 2 2 1 9 231 1789 304
4023 2 2 1 9 365 1789 233
4024 2 2 1 9 1769 1809 1752
4025 2 2 1 9 1759 1789 365
4026 2 2 1 9 304 1789 1759
4027 2 2 1 9 233 1789 231
4028 2 2 1 9 185 756 184
4029 2 2 1 9 349 188 350
4030 2 2 1 9 762 188 349
4031 2 2 1 9 184 756 755
4032 2 2 1 9 349 348 762
4033 2 2 1 10 231 233 232
4034 2 2 1 11 360 234 359
4035 2 2 1 11 362 234 361
4036 2 2 1 11 352 1812 235
4037 2 2 1 11 353 1812 352
4038 2 2 1 11 364 782 363
4039 2 2 1 11 361 234 360
4040 2 2 1 11 783 1813 358
4041 2 2 1 11 356 1813 355
4042 2 2 1 11 358 1813 357
4043 2 2 1 11 355 1812 354
4044 2 2 1 11 354 1812 353
4045 2 2 1 11 355 1813 1812
4046 2 2 1 11 1812 1813 783
4047 2 2 1 11 357 1813 356
4048 2 2 1 11 364 365 233
4049 2 2 1 11 233 782 364
4050 2 2 1 11 234 783 359
4051 2 2 1 11 362 782 234
4052 2 2 1 11 235 236 351
4053 2 2 1 11 235 1812 783
4054 2 2 1 11 359 783 358
4055 2 2 1 11 363 782 362
4056 2 2 1 11 351 352 235
4057 2 2 1 12 383 1817 382
4058 2 2 1 12 380 1821 379
4059 2 2 1 12 367 1819 366
4060 2 2 1 12 381 1817 380
4061 2 2 1 12 366 1819 773
4062 2 2 1 12 206 1817 383
4063 2 2 1 12 382 1817 381
4064 2 2 1 12 774 1816 775
4065 2 2 1 12 378 1815 377
4066 2 2 1 12 374 1815 373
4067 2 2 1 12 375 1815 374
4068 2 2 1 12 376 1815 375
4069 2 2 1 12 776 1817 206
4070 2 2 1 12 377 1815 376
4071 2 2 1 12 1817 1821 380
4072 2 2 1 12 776 1820 1817
4073 2 2 1 12 1818 1819 370
4074 2 2 1 12 773 1814 774
4075 2 2 1 12 1814 1816 774
4076 2 2 1 12 370 1819 369
4077 2 2 1 12 373 1818 372
4078 2 2 1 12 1815 1818 373
4079 2 2 1 12 775 1820 205
4080 2 2 1 12 379 1821 378
4081 2 2 1 12 1816 1820 775
4082 2 2 1 12 773 1819 1814
4083 2 2 1 12 205 1820 776
4084 2 2 1 12 1817 1820 1816
4085 2 2 1 12 1815 1821 1814
4086 2 2 1 12 1814 1819 1818
4087 2 2 1 12 378 1821 1815
4088 2 2 1 12 1814 1821 1816
4089 2 2 1 12 371 1818 370
4090 2 2 1 12 369 1819 368
4091 2 2 1 12 372 1818 371
4092 2 2 1 12 368 1819 367
4093 2 2 1 12 1816 1821 1817
4094 2 2 1 12 1814 1818 1815
4095 2 2 1 12 366 773 204
4096 2 2 1 12 207 206 383
4097 2 2 1 13 200 1830 201
4098 2 2 1 13 375 1823 376
4099 2 2 1 13 790 1829 789
4100 2 2 1 13 204 1827 367
4101 2 2 1 13 367 1827 368
4102 2 2 1 13 199 1823 771
4103 2 2 1 13 384 1826 790
4104 2 2 1 13 374 1823 375
4105 2 2 1 13 377 1829 378
4106 2 2 1 13 789 1823 199
4107 2 2 1 13 203 1832 772
4108 2 2 1 13 200 1833 1830
4109 2 2 1 13 378 1826 379
4110 2 2 1 13 376 1823 789
4111 2 2 1 13 772 1827 204
4112 2 2 1 13 789 1829 376
4113 2 2 1 13 378 1829 790
4114 2 2 1 13 1824 1825 371
4115 2 2 1 13 1823 1833 771
4116 2 2 1 13 790 1826 378
4117 2 2 1 13 368 1824 369
4118 2 2 1 13 371 1825 372
4119 2 2 1 13 368 1827 1822
4120 2 2 1 13 201 1830 202
4121 2 2 1 13 1822 1824 368
4122 2 2 1 13 1825 1833 1823
4123 2 2 1 13 202 1832 203
4124 2 2 1 13 1830 1833 1822
4125 2 2 1 13 772 1832 1827
4126 2 2 1 13 376 1829 377
4127 2 2 1 13 374 1825 1823
4128 2 2 1 13 1822 1833 1825
4129 2 2 1 13 384 1831 1826
4130 2 2 1 13 1827 1830 1822
4131 2 2 1 13 1822 1825 1824
4132 2 2 1 13 771 1833 200
4133 2 2 1 13 370 1824 371
4134 2 2 1 13 373 1825 374
4135 2 2 1 13 1830 1832 202
4136 2 2 1 13 1827 1832 1830
4137 2 2 1 13 369 1824 370
4138 2 2 1 13 372 1825 373
4139 2 2 1 13 380 1826 381
4140 2 2 1 13 379 1826 380
4141 2 2 1 13 207 1828 385
4142 2 2 1 13 382 1828 383
4143 2 2 1 13 385 1828 384
4144 2 2 1 13 381 1831 382
4145 2 2 1 13 1826 1831 381
4146 2 2 1 13 383 1828 207
4147 2 2 1 13 1828 1831 384
4148 2 2 1 13 382 1831 1828
4149 2 2 1 13 367 366 204
4150 2 2 1 14 791 1834 386
4151 2 2 1 14 384 1835 385
4152 2 2 1 14 386 1835 384
4153 2 2 1 14 211 1836 212
4154 2 2 1 14 210 1834 211
4155 2 2 1 14 214 1836 791
4156 2 2 1 14 213 1836 214
4157 2 2 1 14 1834 1836 211
4158 2 2 1 14 212 1836 213
4159 2 2 1 14 1834 1835 386
4160 2 2 1 14 791 1836 1834
4161 2 2 1 14 209 1835 210
4162 2 2 1 14 210 1835 1834
4163 2 2 1 14 385 1835 209
4164 2 2 1 14 208 207 385
4165 2 2 1 14 215 214 216
4166 2 2 1 14 214 791 216
4167 2 2 1 14 209 208 385
4168 2 2 1 15 777 1849 416
4169 2 2 1 15 388 1840 217
4170 2 2 1 15 394 1850 393
4171 2 2 1 15 392 1840 391
4172 2 2 1 15 397 1841 396
4173 2 2 1 15 398 1842 397
4174 2 2 1 15 405 1843 404
4175 2 2 1 15 413 1838 412
4176 2 2 1 15 1837 1849 777
4177 2 2 1 15 217 1839 777
4178 2 2 1 15 777 1839 1837
4179 2 2 1 15 394 1841 1839
4180 2 2 1 15 397 1842 1841
4181 2 2 1 15 1839 1850 394
4182 2 2 1 15 1840 1850 217
4183 2 2 1 15 393 1850 392
4184 2 2 1 15 416 1849 415
4185 2 2 1 15 390 1840 389
4186 2 2 1 15 395 1841 394
4187 2 2 1 15 400 1842 399
4188 2 2 1 15 217 1850 1839
4189 2 2 1 15 405 1846 1843
4190 2 2 1 15 389 1840 388
4191 2 2 1 15 391 1840 390
4192 2 2 1 15 396 1841 395
4193 2 2 1 15 399 1842 398
4194 2 2 1 15 401 1843 400
4195 2 2 1 15 1842 1843 1837
4196 2 2 1 15 1839 1841 1837
4197 2 2 1 15 1843 1846 1837
4198 2 2 1 15 1841 1842 1837
4199 2 2 1 15 1838 1845 412
4200 2 2 1 15 1845 1846 407
4201 2 2 1 15 403 1844 402
4202 2 2 1 15 404 1844 403
4203 2 2 1 15 408 1851 407
4204 2 2 1 15 392 1850 1840
4205 2 2 1 15 400 1843 1842
4206 2 2 1 15 415 1849 1848
4207 2 2 1 15 405 1847 1846
4208 2 2 1 15 413 1848 1838
4209 2 2 1 15 1846 1847 407
4210 2 2 1 15 406 1847 405
4211 2 2 1 15 415 1848 414
4212 2 2 1 15 1838 1849 1837
4213 2 2 1 15 1837 1846 1838
4214 2 2 1 15 1838 1846 1845
4215 2 2 1 15 407 1847 406
4216 2 2 1 15 414 1848 413
4217 2 2 1 15 402 1844 401
4218 2 2 1 15 412 1845 411
4219 2 2 1 15 1848 1849 1838
4220 2 2 1 15 401 1844 1843
4221 2 2 1 15 1843 1844 404
4222 2 2 1 15 410 1851 408
4223 2 2 1 15 411 1851 410
4224 2 2 1 15 407 1851 1845
4225 2 2 1 15 1845 1851 411
4226 2 2 1 15 216 387 217
4227 2 2 1 15 217 387 388
4228 2 2 1 15 416 218 777
4229 2 2 1 15 409 410 408
4230 2 2 1 16 390 1853 391
4231 2 2 1 16 444 1863 443
4232 2 2 1 16 389 1866 390
4233 2 2 1 16 789 1871 790
4234 2 2 1 16 443 1863 442
4235 2 2 1 16 431 1870 430
4236 2 2 1 16 198 1858 199
4237 2 2 1 16 394 1857 395
4238 2 2 1 16 395 1857 451
4239 2 2 1 16 426 1856 425
4240 2 2 1 16 1858 1875 199
4241 2 2 1 16 451 1857 450
4242 2 2 1 16 432 1874 431
4243 2 2 1 16 791 1859 216
4244 2 2 1 16 391 1857 392
4245 2 2 1 16 393 1857 394
4246 2 2 1 16 425 1860 424
4247 2 2 1 16 444 1864 1863
4248 2 2 1 16 427 1876 426
4249 2 2 1 16 429 1876 428
4250 2 2 1 16 1863 1864 1852
4251 2 2 1 16 1855 1871 789
4252 2 2 1 16 1852 1871 1867
4253 2 2 1 16 430 1870 429
4254 2 2 1 16 386 1869 791
4255 2 2 1 16 447 1865 1864
4256 2 2 1 16 1869 1871 1852
4257 2 2 1 16 790 1872 384
4258 2 2 1 16 216 1859 387
4259 2 2 1 16 424 1860 423
4260 2 2 1 16 436 1861 435
4261 2 2 1 16 437 1862 436
4262 2 2 1 16 447 1864 446
4263 2 2 1 16 450 1865 449
4264 2 2 1 16 199 1875 1873
4265 2 2 1 16 1867 1871 1855
4266 2 2 1 16 791 1869 1859
4267 2 2 1 16 1854 1863 1852
4268 2 2 1 16 390 1866 1853
4269 2 2 1 16 1852 1864 1853
4270 2 2 1 16 386 1871 1869
4271 2 2 1 16 426 1868 1856
4272 2 2 1 16 199 1873 789
4273 2 2 1 16 789 1873 1855
4274 2 2 1 16 433 1874 432
4275 2 2 1 16 1853 1857 391
4276 2 2 1 16 426 1876 1868
4277 2 2 1 16 420 1875 419
4278 2 2 1 16 1859 1866 389
4279 2 2 1 16 431 1874 1870
4280 2 2 1 16 386 1872 1871
4281 2 2 1 16 436 1862 1861
4282 2 2 1 16 392 1857 393
4283 2 2 1 16 1862 1863 1854
4284 2 2 1 16 428 1876 427
4285 2 2 1 16 417 1858 198
4286 2 2 1 16 384 1872 386
4287 2 2 1 16 1859 1869 1866
4288 2 2 1 16 1864 1865 1853
4289 2 2 1 16 1873 1875 1856
4290 2 2 1 16 1871 1872 790
4291 2 2 1 16 418 1858 417
4292 2 2 1 16 387 1859 388
4293 2 2 1 16 1866 1869 1852
4294 2 2 1 16 422 1860 421
4295 2 2 1 16 434 1861 433
4296 2 2 1 16 439 1862 438
4297 2 2 1 16 445 1864 444
4298 2 2 1 16 448 1865 447
4299 2 2 1 16 1867 1874 1854
4300 2 2 1 16 1856 1860 425
4301 2 2 1 16 1857 1865 450
4302 2 2 1 16 1853 1866 1852
4303 2 2 1 16 1852 1867 1854
4304 2 2 1 16 388 1859 389
4305 2 2 1 16 419 1858 418
4306 2 2 1 16 421 1860 420
4307 2 2 1 16 423 1860 422
4308 2 2 1 16 435 1861 434
4309 2 2 1 16 438 1862 437
4310 2 2 1 16 440 1863 439
4311 2 2 1 16 446 1864 445
4312 2 2 1 16 449 1865 448
4313 2 2 1 16 1870 1876 429
4314 2 2 1 16 1868 1873 1856
4315 2 2 1 16 1861 1874 433
4316 2 2 1 16 1860 1875 420
4317 2 2 1 16 419 1875 1858
4318 2 2 1 16 439 1863 1862
4319 2 2 1 16 1855 1873 1868
4320 2 2 1 16 1868 1870 1855
4321 2 2 1 16 1868 1876 1870
4322 2 2 1 16 1855 1870 1867
4323 2 2 1 16 1861 1862 1854
4324 2 2 1 16 1854 1874 1861
4325 2 2 1 16 1853 1865 1857
4326 2 2 1 16 1870 1874 1867
4327 2 2 1 16 1856 1875 1860
4328 2 2 1 16 440 1877 1863
4329 2 2 1 16 1863 1877 442
4330 2 2 1 16 441 1877 440
4331 2 2 1 16 442 1877 441
4332 2 2 1 16 198 197 417
4333 2 2 1 16 451 396 395
4334 2 2 1 17 463 1895 462
4335 2 2 1 17 1880 1884 441
4336 2 2 1 17 1885 1894 1886
4337 2 2 1 17 454 1900 453
4338 2 2 1 17 465 1898 464
4339 2 2 1 17 402 1882 478
4340 2 2 1 17 466 1899 465
4341 2 2 1 17 401 1882 402
4342 2 2 1 17 478 1882 477
4343 2 2 1 17 192 1892 768
4344 2 2 1 17 766 1895 767
4345 2 2 1 17 767 1895 1880
4346 2 2 1 17 468 1893 467
4347 2 2 1 17 767 1890 192
4348 2 2 1 17 191 1887 766
4349 2 2 1 17 449 1897 450
4350 2 2 1 17 450 1897 451
4351 2 2 1 17 400 1882 401
4352 2 2 1 17 399 1882 400
4353 2 2 1 17 1886 1894 1878
4354 2 2 1 17 460 1887 459
4355 2 2 1 17 1880 1890 767
4356 2 2 1 17 1885 1886 445
4357 2 2 1 17 473 1889 1888
4358 2 2 1 17 464 1898 463
4359 2 2 1 17 397 1891 398
4360 2 2 1 17 440 1883 441
4361 2 2 1 17 445 1886 446
4362 2 2 1 17 471 1888 470
4363 2 2 1 17 474 1889 473
4364 2 2 1 17 477 1882 476
4365 2 2 1 17 1879 1894 1885
4366 2 2 1 17 768 1892 456
4367 2 2 1 17 1879 1884 1880
4368 2 2 1 17 441 1883 1880
4369 2 2 1 17 462 1895 1887
4370 2 2 1 17 463 1898 1895
4371 2 2 1 17 1890 1892 192
4372 2 2 1 17 398 1896 399
4373 2 2 1 17 448 1897 449
4374 2 2 1 17 1880 1895 1879
4375 2 2 1 17 1894 1898 465
4376 2 2 1 17 465 1899 1894
4377 2 2 1 17 1887 1895 766
4378 2 2 1 17 467 1899 466
4379 2 2 1 17 453 1900 452
4380 2 2 1 17 454 1892 1890
4381 2 2 1 17 1888 1889 1881
4382 2 2 1 17 1878 1897 1886
4383 2 2 1 17 1890 1900 454
4384 2 2 1 17 1893 1899 467
4385 2 2 1 17 438 1883 439
4386 2 2 1 17 442 1884 443
4387 2 2 1 17 444 1885 445
4388 2 2 1 17 447 1886 448
4389 2 2 1 17 462 1887 461
4390 2 2 1 17 473 1888 472
4391 2 2 1 17 476 1889 475
4392 2 2 1 17 1878 1894 1881
4393 2 2 1 17 1881 1889 1878
4394 2 2 1 17 1879 1885 1884
4395 2 2 1 17 1878 1889 1882
4396 2 2 1 17 1882 1889 476
4397 2 2 1 17 396 1891 397
4398 2 2 1 17 439 1883 440
4399 2 2 1 17 441 1884 442
4400 2 2 1 17 443 1885 444
4401 2 2 1 17 446 1886 447
4402 2 2 1 17 455 1892 454
4403 2 2 1 17 461 1887 460
4404 2 2 1 17 470 1893 469
4405 2 2 1 17 472 1888 471
4406 2 2 1 17 475 1889 474
4407 2 2 1 17 451 1891 396
4408 2 2 1 17 456 1892 455
4409 2 2 1 17 469 1893 468
4410 2 2 1 17 451 1897 1891
4411 2 2 1 17 1886 1897 448
4412 2 2 1 17 399 1896 1882
4413 2 2 1 17 1882 1896 1878
4414 2 2 1 17 1900 1901 452
4415 2 2 1 17 1891 1896 398
4416 2 2 1 17 1879 1898 1894
4417 2 2 1 17 1880 1900 1890
4418 2 2 1 17 438 1901 1883
4419 2 2 1 17 1884 1885 443
4420 2 2 1 17 1888 1893 470
4421 2 2 1 17 1896 1897 1878
4422 2 2 1 17 1894 1899 1881
4423 2 2 1 17 1895 1898 1879
4424 2 2 1 17 1883 1901 1900
4425 2 2 1 17 1891 1897 1896
4426 2 2 1 17 1883 1900 1880
4427 2 2 1 17 1881 1899 1893
4428 2 2 1 17 1881 1893 1888
4429 2 2 1 17 437 1901 438
4430 2 2 1 17 452 1901 437
4431 2 2 1 17 193 457 458
4432 2 2 1 17 768 457 193
4433 2 2 1 17 459 1887 191
4434 2 2 1 17 456 457 768
4435 2 2 1 18 469 1924 470
4436 2 2 1 18 471 1924 472
4437 2 2 1 18 350 1929 763
4438 2 2 1 18 465 1926 466
4439 2 2 1 18 467 1928 468
4440 2 2 1 18 470 1924 471
4441 2 2 1 18 764 1907 189
4442 2 2 1 18 339 1934 340
4443 2 2 1 18 765 1925 190
4444 2 2 1 18 340 1919 341
4445 2 2 1 18 348 1916 349
4446 2 2 1 18 464 1923 465
4447 2 2 1 18 468 1928 469
4448 2 2 1 18 349 1929 350
4449 2 2 1 18 472 1924 1917
4450 2 2 1 18 469 1928 1924
4451 2 2 1 18 466 1926 467
4452 2 2 1 18 1913 1933 331
4453 2 2 1 18 1912 1913 328
4454 2 2 1 18 1917 1918 475
4455 2 2 1 18 764 1930 1907
4456 2 2 1 18 1907 1931 189
4457 2 2 1 18 1924 1928 1907
4458 2 2 1 18 327 1912 328
4459 2 2 1 18 330 1913 331
4460 2 2 1 18 333 1914 334
4461 2 2 1 18 474 1917 475
4462 2 2 1 18 477 1918 478
4463 2 2 1 18 763 1930 764
4464 2 2 1 18 1909 1925 765
4465 2 2 1 18 1906 1935 1904
4466 2 2 1 18 331 1933 332
4467 2 2 1 18 1904 1924 1906
4468 2 2 1 18 763 1929 1903
4469 2 2 1 18 340 1920 1919
4470 2 2 1 18 1903 1930 763
4471 2 2 1 18 460 1925 461
4472 2 2 1 18 461 1925 1909
4473 2 2 1 18 338 1934 339
4474 2 2 1 18 189 1931 765
4475 2 2 1 18 1909 1926 465
4476 2 2 1 18 332 1935 333
4477 2 2 1 18 765 1931 1909
4478 2 2 1 18 1926 1928 467
4479 2 2 1 18 1902 1924 1907
4480 2 2 1 18 340 1934 1920
4481 2 2 1 18 1905 1913 1912
4482 2 2 1 18 1906 1924 1902
4483 2 2 1 18 1916 1929 349
4484 2 2 1 18 1907 1930 1902
4485 2 2 1 18 1912 1927 1905
4486 2 2 1 18 1909 1923 461
4487 2 2 1 18 1908 1927 1912
4488 2 2 1 18 1902 1930 1903
4489 2 2 1 18 403 1927 1921
4490 2 2 1 18 1903 1920 1902
4491 2 2 1 18 1905 1918 1917
4492 2 2 1 18 1919 1920 1903
4493 2 2 1 18 1915 1919 1903
4494 2 2 1 18 321 1910 322
4495 2 2 1 18 323 1911 324
4496 2 2 1 18 325 1912 326
4497 2 2 1 18 328 1913 329
4498 2 2 1 18 335 1914 336
4499 2 2 1 18 343 1915 344
4500 2 2 1 18 345 1916 346
4501 2 2 1 18 461 1923 462
4502 2 2 1 18 472 1917 473
4503 2 2 1 18 475 1918 476
4504 2 2 1 18 480 1910 479
4505 2 2 1 18 1904 1935 1933
4506 2 2 1 18 406 1921 1908
4507 2 2 1 18 1905 1917 1904
4508 2 2 1 18 1908 1922 406
4509 2 2 1 18 1918 1927 478
4510 2 2 1 18 465 1923 1909
4511 2 2 1 18 1915 1929 1916
4512 2 2 1 18 1921 1927 1908
4513 2 2 1 18 479 1910 321
4514 2 2 1 18 322 1910 323
4515 2 2 1 18 324 1911 325
4516 2 2 1 18 326 1912 327
4517 2 2 1 18 329 1913 330
4518 2 2 1 18 334 1914 335
4519 2 2 1 18 342 1919 343
4520 2 2 1 18 344 1915 345
4521 2 2 1 18 346 1916 347
4522 2 2 1 18 404 1921 405
4523 2 2 1 18 409 1922 480
4524 2 2 1 18 462 1923 463
4525 2 2 1 18 473 1917 474
4526 2 2 1 18 476 1918 477
4527 2 2 1 18 341 1919 342
4528 2 2 1 18 347 1916 348
4529 2 2 1 18 403 1921 404
4530 2 2 1 18 405 1921 406
4531 2 2 1 18 408 1922 409
4532 2 2 1 18 463 1923 464
4533 2 2 1 18 1905 1933 1913
4534 2 2 1 18 1917 1924 1904
4535 2 2 1 18 1933 1935 332
4536 2 2 1 18 338 1936 1934
4537 2 2 1 18 1903 1929 1915
4538 2 2 1 18 1904 1933 1905
4539 2 2 1 18 1926 1931 1907
4540 2 2 1 18 1927 1932 478
4541 2 2 1 18 190 1925 459
4542 2 2 1 18 333 1935 1914
4543 2 2 1 18 1902 1920 1906
4544 2 2 1 18 403 1932 1927
4545 2 2 1 18 1909 1931 1926
4546 2 2 1 18 1910 1911 323
4547 2 2 1 18 1911 1912 325
4548 2 2 1 18 1914 1936 336
4549 2 2 1 18 343 1919 1915
4550 2 2 1 18 1915 1916 345
4551 2 2 1 18 480 1922 1910
4552 2 2 1 18 1920 1934 1906
4553 2 2 1 18 1907 1928 1926
4554 2 2 1 18 1922 1937 406
4555 2 2 1 18 1934 1936 1914
4556 2 2 1 18 459 1925 460
4557 2 2 1 18 478 1932 402
4558 2 2 1 18 1906 1934 1914
4559 2 2 1 18 1910 1922 1908
4560 2 2 1 18 1905 1927 1918
4561 2 2 1 18 1908 1911 1910
4562 2 2 1 18 1908 1912 1911
4563 2 2 1 18 402 1932 403
4564 2 2 1 18 406 1937 407
4565 2 2 1 18 407 1937 408
4566 2 2 1 18 1914 1935 1906
4567 2 2 1 18 408 1937 1922
4568 2 2 1 18 336 1936 337
4569 2 2 1 18 337 1936 338
4570 2 2 1 18 763 188 350
4571 2 2 1 18 190 459 191
4572 2 2 1 18 479 321 320
4573 2 2 1 19 313 1942 779
4574 2 2 1 19 320 1940 319
4575 2 2 1 19 479 1941 320
4576 2 2 1 19 411 1938 410
4577 2 2 1 19 412 1938 411
4578 2 2 1 19 320 1941 1939
4579 2 2 1 19 219 1938 778
4580 2 2 1 19 413 1938 412
4581 2 2 1 19 779 1939 219
4582 2 2 1 19 312 780 311
4583 2 2 1 19 314 1942 313
4584 2 2 1 19 316 1942 315
4585 2 2 1 19 317 1940 316
4586 2 2 1 19 410 1941 409
4587 2 2 1 19 1939 1941 219
4588 2 2 1 19 1939 1940 320
4589 2 2 1 19 219 1941 1938
4590 2 2 1 19 1940 1942 316
4591 2 2 1 19 1938 1941 410
4592 2 2 1 19 315 1942 314
4593 2 2 1 19 318 1940 317
4594 2 2 1 19 409 1941 480
4595 2 2 1 19 319 1940 318
4596 2 2 1 19 480 1941 479
4597 2 2 1 19 779 1942 1939
4598 2 2 1 19 413 1943 1938
4599 2 2 1 19 1938 1943 778
4600 2 2 1 19 1939 1942 1940
4601 2 2 1 19 778 1943 414
4602 2 2 1 19 414 1943 413
4603 2 2 1 19 218 414 415
4604 2 2 1 19 218 778 414
4605 2 2 1 19 310 220 309
4606 2 2 1 19 780 220 310
4607 2 2 1 19 311 780 310
4608 2 2 1 19 313 779 780
4609 2 2 1 19 415 416 218
4610 2 2 1 19 313 780 312
4611 2 2 1 20 224 788 225
4612 2 2 1 20 226 308 227
4613 2 2 1 20 223 788 224
4614 2 2 1 20 220 222 221
4615 2 2 1 20 220 788 222
4616 2 2 1 20 222 788 223
4617 2 2 1 20 225 788 308
4618 2 2 1 20 308 229 228
4619 2 2 1 20 225 308 226
4620 2 2 1 20 227 308 228
4621 2 2 1 21 428 1944 429
4622 2 2 1 21 769 1950 195
4623 2 2 1 21 433 1945 434
4624 2 2 1 21 432 1945 433
4625 2 2 1 21 424 1947 425
4626 2 2 1 21 455 1945 456
4627 2 2 1 21 429 1953 430
4628 2 2 1 21 431 1953 432
4629 2 2 1 21 193 1954 194
4630 2 2 1 21 427 1948 428
4631 2 2 1 21 195 1950 422
4632 2 2 1 21 422 1950 423
4633 2 2 1 21 428 1948 1944
4634 2 2 1 21 194 1947 769
4635 2 2 1 21 1944 1953 429
4636 2 2 1 21 421 1951 770
4637 2 2 1 21 458 1954 193
4638 2 2 1 21 430 1953 431
4639 2 2 1 21 424 1950 1947
4640 2 2 1 21 194 1954 1947
4641 2 2 1 21 770 1951 418
4642 2 2 1 21 426 1948 427
4643 2 2 1 21 434 1946 435
4644 2 2 1 21 454 1946 455
4645 2 2 1 21 457 1949 458
4646 2 2 1 21 425 1948 426
4647 2 2 1 21 453 1946 454
4648 2 2 1 21 456 1949 457
4649 2 2 1 21 1947 1948 425
4650 2 2 1 21 1945 1946 434
4651 2 2 1 21 455 1946 1945
4652 2 2 1 21 423 1950 424
4653 2 2 1 21 1945 1949 456
4654 2 2 1 21 432 1953 1945
4655 2 2 1 21 1949 1954 458
4656 2 2 1 21 1947 1950 769
4657 2 2 1 21 419 1951 420
4658 2 2 1 21 1944 1948 1947
4659 2 2 1 21 1947 1954 1944
4660 2 2 1 21 418 1951 419
4661 2 2 1 21 420 1951 421
4662 2 2 1 21 435 1952 436
4663 2 2 1 21 452 1952 453
4664 2 2 1 21 1944 1949 1945
4665 2 2 1 21 1944 1954 1949
4666 2 2 1 21 1946 1952 435
4667 2 2 1 21 1945 1953 1944
4668 2 2 1 21 453 1952 1946
4669 2 2 1 21 436 1955 437
4670 2 2 1 21 437 1955 452
4671 2 2 1 21 1952 1955 436
4672 2 2 1 21 452 1955 1952
4673 2 2 1 21 195 421 770
4674 2 2 1 21 770 418 196
4675 2 2 1 21 422 421 195
4676 2 2 1 21 196 417 197
4677 2 2 1 21 418 417 196
$EndElements
