cell_id,geom_type,n0,n1,n2,n3,centroid_x,centroid_y,area_m2,z_top_centroid,z_top_mean,z_bottom_centroid,z_bottom_mean,geology_code,geology_key,hydraulic_conductivity_m_s,storage_coefficient
0,triangle,186,1149,759,,298800.5965658335,6812355.657060064,68271.11865234375,185.71826422524748,184.4705134407471,135.71826422524748,134.4705134407471,18,2041,4.715378710055714e-06,
1,triangle,925,1167,1079,,296966.0812328168,6807308.058648314,158883.15869140625,196.05095639351538,192.40377720385027,146.05095639351538,142.40377720385027,18,2041,4.30886938006e-06,
2,triangle,771,1129,202,,293038.6891144141,6811090.803843136,27001.27490234375,210.9297157651238,208.53401752860069,160.92971576512377,158.53401752860069,18,2041,5.807602325765714e-06,
3,triangle,586,1249,587,,292750.3478970637,6810317.615329869,7567.5859375,212.45642611274005,214.84471777726284,162.45642611274002,164.84471777726282,18,2041,4.30886938006e-06,
4,triangle,120,1232,119,,304047.04099800735,6809116.226000014,9930.03759765625,108.96975934863173,110.87551427218243,58.96975934863171,60.875514272182436,18,2041,4.30886938006e-06,
5,triangle,940,1221,1199,,305511.8493612644,6804620.530041169,316270.2763671875,139.5798993724116,132.17508295385448,89.57989937241159,82.17508295385448,18,2041,4.30886938006e-06,
6,triangle,910,1535,1158,,291811.375829935,6808522.014341998,304899.2548828125,280.45345845694965,280.80959182699775,230.45345845694965,230.80959182699772,18,2041,4.30886938006e-06,
7,triangle,744,1161,743,,306517.6292943415,6808848.676744896,89376.5205078125,107.69884918824033,108.21806403286949,57.69884918824032,58.218064032869485,18,2041,4.512124045057858e-06,
8,triangle,871,1077,531,,294564.5452636138,6808551.202175789,93566.091796875,208.0324624402122,202.68025025518173,158.0324624402122,152.68025025518173,18,2041,4.30886938006e-06,
9,triangle,500,1117,499,,305844.73255539435,6806358.129431982,12555.3515625,107.34014998178509,107.71395953197562,57.340149981785075,57.713959531975625,18,2041,4.30886938006e-06,
10,triangle,632,1402,631,,290453.8253563407,6813468.948743199,8687.91357421875,226.28191566897124,226.88074246758654,176.28191566897124,176.88074246758654,18,2041,4.30886938006e-06,
11,triangle,755,1164,184,,301289.28694314824,6811291.512760043,114109.046875,165.8235759133202,164.23899159363893,115.82357591332024,114.23899159363894,18,2041,4.30886938006e-06,
12,triangle,832,1366,964,,293414.39910965227,6812233.909065996,99691.70751953125,185.69734655793246,188.01132184088087,135.69734655793246,138.01132184088087,18,2041,4.30886938006e-06,
13,triangle,688,1071,687,,300340.6287915344,6812693.974826629,123852.75,159.82980289348887,167.47669438032858,109.82980289348889,117.47669438032862,18,2041,4.30886938006e-06,
14,triangle,1199,1221,976,,305866.2148443583,6804902.208789669,277702.61669921875,132.7617495270854,131.09095233121255,82.76174952708541,81.09095233121255,18,2041,4.30886938006e-06,
15,triangle,934,1345,1150,,290470.6358426853,6811415.634284961,174392.890625,293.2510755677383,281.40825690067726,243.2510755677383,231.4082569006772,18,2041,4.30886938006e-06,
16,triangle,191,1169,766,,295554.9143994531,6812811.298189384,68032.0703125,183.03465801266265,183.4296481111478,133.03465801266265,133.4296481111478,18,2041,4.30886938006e-06,
17,triangle,953,991,829,,299653.04299732036,6806981.635889729,182130.95458984375,132.3030138217066,142.7034171359452,82.3030138217066,92.7034171359452,18,2041,4.30886938006e-06,
18,triangle,531,1077,867,,294396.98778675083,6808670.97806668,74007.77490234375,194.03958047558584,206.06376894243965,144.0395804755858,156.06376894243965,18,2041,4.30886938006e-06,
19,triangle,802,1157,691,,308150.8946489868,6806259.103038511,65324.3466796875,94.44214531514467,100.12676638836916,44.44214531514466,50.12676638836916,18,2041,4.918633375053572e-06,
20,triangle,818,1480,1260,,302336.166935096,6805889.545205622,233868.74853515625,143.62228756369797,137.76903035445324,93.62228756369795,87.76903035445325,18,2041,4.30886938006e-06,
21,triangle,862,1271,981,,305329.56847307825,6808067.010694891,125359.53662109375,119.67642092098404,114.29676015569414,69.67642092098404,64.29676015569414,18,2041,4.30886938006e-06,
22,triangle,990,1535,910,,291969.34799789824,6808903.693466428,217690.9453125,290.7419278890115,284.2223999057215,240.7419278890115,234.22239990572152,18,2041,4.30886938006e-06,
23,triangle,677,1488,791,,296173.6916172021,6814920.523709926,75959.23583984375,216.11079834144815,210.59961224534996,166.11079834144817,160.59961224535,2,1381,1.0067573969642858e-05,
24,triangle,519,1344,1079,,296652.4942646932,6807720.089201075,38549.4052734375,189.67818005692502,180.67392625609094,139.67818005692502,130.67392625609094,18,2041,4.30886938006e-06,
25,triangle,597,1228,596,,292229.910959789,6811038.064709164,9780.22021484375,222.56165343619804,224.69980809752232,172.56165343619804,174.69980809752232,18,2041,4.30886938006e-06,
26,triangle,823,991,953,,299955.54790674924,6806826.523451409,193318.1220703125,140.31258007130822,140.03663287354541,90.3125800713082,90.03663287354544,18,2041,4.30886938006e-06,
27,triangle,1161,1322,914,,306779.49981364486,6809697.002352784,245866.5322265625,137.8680194807495,131.36383366998126,87.86801948074951,81.36383366998128,18,2041,4.30886938006e-06,
28,triangle,721,1380,720,,311302.0731552209,6815142.216699508,1712373.5209960938,92.45109667669357,88.99806838112175,42.45109667669356,38.99806838112175,98,2021,4.30886938006e-06,
29,triangle,691,1212,4,,307862.91825416626,6806310.556833497,34450.1357421875,95.14508525022083,97.70452750424188,45.145085250220816,47.704527504241874,18,2041,4.918633375053572e-06,
30,triangle,20,1100,850,,308644.70350871846,6807556.7614409635,33219.8642578125,86.48835499026535,86.09192141298013,36.48835499026535,36.09192141298011,33,1321,1e-05,
31,triangle,1220,1221,941,,305271.9444672567,6805482.388380869,225575.96240234375,131.03917890374458,129.12726044379818,81.03917890374458,79.12726044379818,18,2041,4.30886938006e-06,
32,triangle,732,1174,963,,302072.55578113016,6802001.007173625,1657292.9765625,148.81320516141847,137.94166590288862,98.81320516141845,87.9416659028886,18,2041,4.30886938006e-06,
33,triangle,1070,1334,903,,302350.2597706564,6810311.581413711,173889.71875,139.94830895368247,138.0106678843908,89.94830895368247,88.0106678843908,18,2041,4.30886938006e-06,
34,triangle,200,1559,199,,293512.27401236835,6811720.576232736,39626.00244140625,187.00886539564374,186.591595877705,137.0088653956437,136.591595877705,18,2041,6.182285562192143e-06,
35,triangle,811,1167,925,,297243.34480098565,6807113.515866239,237513.77685546875,191.20429900935983,188.51812527828565,141.20429900935983,138.51812527828565,18,2041,4.30886938006e-06,
36,triangle,776,913,216,,295648.56352339726,6810632.155573322,40319.115234375,172.9330675715093,169.30539009803587,122.9330675715093,119.30539009803586,18,2041,4.512124045057858e-06,
37,triangle,1225,1334,1070,,302630.66014490084,6810496.835092274,195652.52099609375,128.95641508655882,133.11761753381725,78.95641508655882,83.11761753381727,18,2041,4.30886938006e-06,
38,triangle,1079,1178,519,,296565.16820697044,6807557.964194234,75775.5322265625,187.12806504426723,184.05967567895357,137.12806504426726,134.05967567895357,18,2041,4.30886938006e-06,
39,triangle,520,1344,519,,296578.3513082198,6807851.952943642,8594.81591796875,169.7779133508419,168.62026329801458,119.77791335084191,118.62026329801455,18,2041,4.30886938006e-06,
40,triangle,159,1195,158,,301101.4523028599,6809526.776157926,5824.81787109375,126.13005158058296,126.36611415470479,76.13005158058296,76.36611415470476,18,2041,4.30886938006e-06,
41,triangle,189,1222,764,,296570.3035216992,6812768.004195171,43542.52734375,187.25150035357686,186.17298080607057,137.2515003535769,136.17298080607057,18,2041,4.512124045057858e-06,
42,triangle,1170,1298,958,,307108.8728710934,6804758.15062071,199485.61474609375,121.5530180809389,126.55155395401971,71.5530180809389,76.5515539540197,18,2041,4.30886938006e-06,
43,triangle,842,1298,1170,,306918.16156313615,6804404.610654545,231766.32080078125,129.6667910740633,132.40587700530304,79.66679107406328,82.40587700530303,18,2041,4.30886938006e-06,
44,triangle,675,1370,1095,,295355.9597257748,6815046.782562435,99926.9306640625,211.88381388360253,204.57737317275075,161.88381388360253,154.57737317275073,52,1561,1.189207115e-05,
45,triangle,55,1102,54,,300850.8557779584,6807210.344598989,5528.72509765625,117.13825730335803,116.90774254977991,67.13825730335803,66.9077425497799,18,2041,4.30886938006e-06,
46,triangle,167,1018,166,,300649.5254677835,6809716.730104741,5571.615234375,130.760127005413,129.12199221183553,80.76012700541301,79.12199221183552,18,2041,4.30886938006e-06,
47,triangle,589,1126,588,,292887.5,6810312.5,7031.25,209.7083299424913,211.09999974568686,159.70832994249133,161.09999974568686,18,2041,4.30886938006e-06,
48,triangle,720,1380,1237,,310640.59167964297,6815757.225864853,1977446.0229492188,62.59266966611379,71.16175779516195,12.592669666113796,21.161757795161947,98,2021,4.30886938006e-06,
49,triangle,678,792,798,,295271.82584505825,6814360.545930539,122593.20703125,212.19359761157224,210.57272690142204,162.19359761157224,160.57272690142204,2,1381,9.864319304645001e-06,
50,triangle,962,1243,1208,,307239.5442757201,6814852.818063741,2288909.3349609375,69.8447125160933,81.16760449859134,19.84471251609329,31.167604498591345,98,2021,4.418126294960715e-06,
51,triangle,1208,1243,899,,306029.66409496247,6814892.495937419,2439908.10546875,87.7871462618172,109.43527334056785,37.7871462618172,59.435273340567846,98,2021,5.292181614166429e-06,
52,triangle,869,1136,630,,290573.29931972787,6813641.502065112,23044.11328125,237.12745005220782,232.54876306830383,187.1274500522078,182.54876306830383,18,2041,4.30886938006e-06,
53,triangle,1153,1510,806,,303238.441049154,6805314.622590481,225927.2421875,142.29163422799004,137.51799659741633,92.29163422799004,87.51799659741634,18,2041,4.30886938006e-06,
54,triangle,944,1166,829,,299015.4321976131,6807424.440851218,155725.15283203125,156.03816492570192,153.02777605379387,106.0381649257019,103.02777605379386,18,2041,4.30886938006e-06,
55,triangle,1295,1535,866,,292488.73690301675,6808270.597658816,195133.33056640625,289.1018380823296,278.6378800839079,239.10183808232964,228.6378800839079,18,2041,4.30886938006e-06,
56,triangle,991,1173,829,,299264.3372734231,6806778.385041117,260341.38330078125,143.87517731226066,154.784318424066,93.87517731226066,104.78431842406599,18,2041,4.30886938006e-06,
57,triangle,1199,1298,842,,306445.05083792045,6804378.869957998,260385.96044921875,134.8563557158822,133.74397217630357,84.8563557158822,83.74397217630356,18,2041,4.30886938006e-06,
58,triangle,976,1298,1199,,306271.90237923496,6804768.655863408,269045.8828125,127.21846171437825,129.8744968443173,77.21846171437826,79.87449684431728,18,2041,4.30886938006e-06,
59,triangle,756,1253,185,,300537.29612332385,6811669.45486107,125801.91259765625,163.4022427273912,168.4028691829478,113.4022427273912,118.40286918294778,18,2041,4.30886938006e-06,
60,triangle,1236,1439,1080,,295849.5442996877,6807270.291984357,198301.73876953125,220.29740931062761,210.37837424573277,170.2974093106276,160.37837424573277,18,2041,4.30886938006e-06,
61,triangle,1173,1410,694,,298913.69042071543,6806265.8700123625,111915.189453125,161.2469244008006,155.93267933867295,111.2469244008006,105.93267933867297,18,2041,4.30886938006e-06,
62,triangle,1268,1292,982,,287851.9819133536,6814826.560356895,880453.640625,277.04826655957186,256.72005636891186,227.04826655957183,206.72005636891186,18,2041,4.30886938006e-06,
63,triangle,910,1125,990,,291875.48816640076,6809234.298633956,167909.8896484375,273.4153340930549,272.51012382664356,223.41533409305495,222.51012382664354,18,2041,4.30886938006e-06,
64,triangle,226,1193,225,,297503.2309449127,6809077.780911709,13386.16650390625,133.93982401238858,137.10628283680478,83.93982401238858,87.1062828368048,18,2041,4.30886938006e-06,
65,triangle,963,1062,731,,304085.61299027404,6801988.291159578,1713817.9223632812,142.7202721605162,124.52107713403733,92.7202721605162,74.52107713403733,18,2041,4.30886938006e-06,
66,triangle,1080,1439,1178,,296173.152455306,6807261.88335491,139909.75048828125,206.00943004613214,198.83968242280392,156.00943004613214,148.83968242280392,18,2041,4.30886938006e-06,
67,triangle,922,1188,895,,296338.01020858117,6808654.808621123,22728.31201171875,164.94639015484813,163.3680037088934,114.94639015484813,113.36800370889343,18,2041,4.30886938006e-06,
68,triangle,1268,1409,847,,288725.1618532349,6814381.624275982,218109.22998046875,262.1423180545624,282.18417979770874,212.1423180545624,232.1841797977087,18,2041,4.30886938006e-06,
69,triangle,929,1409,1268,,288988.81088753644,6814708.159633711,226025.197265625,294.96060007193773,293.7531992394813,244.9606000719377,243.75319923948132,18,2041,4.30886938006e-06,
70,triangle,1150,1428,934,,290155.7049127847,6811303.709448895,200569.4130859375,288.48841158858784,277.96717771701304,238.48841158858778,227.96717771701307,18,2041,4.30886938006e-06,
71,triangle,952,1322,1161,,306453.8105314968,6809654.022293982,188378.369140625,133.81467947470122,129.98282538362608,83.81467947470125,79.98282538362609,18,2041,4.30886938006e-06,
72,triangle,630,872,869,,290499.41492643434,6813770.233212958,58620.33740234375,247.46807117159912,241.50389401971816,197.4680711715991,191.50389401971816,18,2041,4.30886938006e-06,
73,triangle,594,1186,593,,293328.5301849943,6810691.340870511,6996.2978515625,198.3902035070921,198.65817824851914,148.3902035070921,148.65817824851916,18,2041,4.30886938006e-06,
74,triangle,686,983,796,,297125.19978836493,6813978.035265968,213848.3134765625,214.35226305052396,201.90797456290184,164.35226305052393,151.90797456290184,2,1381,1e-05,
75,triangle,737,1388,1182,,291220.55294863856,6802278.41019898,2083999.2612304688,162.77645226514605,179.6319798999566,112.77645226514606,129.63197989995663,33,1321,7.357689355027857e-06,
76,triangle,42,905,747,,305456.21915245056,6808665.6004574625,62687.4697265625,99.92370641101192,101.56720748216814,49.92370641101192,51.567207482168136,18,2041,4.512124045057858e-06,
77,triangle,757,1071,756,,300060.5902338595,6811910.76439726,183689.248046875,163.55934493378095,168.478964320924,113.55934493378095,118.47896432092402,18,2041,4.30886938006e-06,
78,triangle,1378,1399,1364,,308775.81732000987,6803360.403334399,498650.90771484375,119.45889264108737,121.54108232359238,69.45889264108739,71.54108232359236,18,2041,4.30886938006e-06,
79,triangle,1170,1365,842,,307161.8729224379,6804050.883216125,278286.4541015625,134.10147659241272,132.0497343132998,84.10147659241272,82.04973431329978,18,2041,4.30886938006e-06,
80,triangle,840,967,824,,296286.8000220291,6809272.385732044,210419.47509765625,173.74470288468734,170.39893226720042,123.74470288468733,120.39893226720045,18,2041,4.30886938006e-06,
81,triangle,868,1375,1302,,298375.5977403065,6814596.812989826,452511.787109375,159.98203759508962,169.7599529969116,109.98203759508964,119.75995299691162,52,1561,1.121633145357143e-05,
82,triangle,739,1388,738,,289337.2574754879,6801476.33759087,1758019.9228515625,134.7581750810014,166.47308977515425,84.75817508100141,116.47308977515426,18,2041,4.30886938006e-06,
83,triangle,1194,1426,883,,301771.34380971134,6806562.205000572,101305.7900390625,131.68489668288282,127.16472823198501,81.68489668288282,77.16472823198502,18,2041,4.30886938006e-06,
84,triangle,1077,1218,858,,294164.9788819547,6807897.672907196,250983.06103515625,254.13178328504665,239.31366925846154,204.13178328504665,189.31366925846154,18,2041,4.30886938006e-06,
85,triangle,519,1439,877,,296249.85135363607,6807817.9183315905,82345.5771484375,173.9238420526136,179.51388405108642,123.92384205261358,129.51388405108645,18,2041,4.30886938006e-06,
86,triangle,1158,1535,1295,,292135.8729691264,6808137.02622586,258253.76904296875,280.3452335523511,269.9556524542833,230.3452335523511,219.9556524542833,18,2041,4.30886938006e-06,
87,triangle,1259,1388,739,,288673.00034685974,6802125.797607166,1962893.48046875,144.56771221144425,156.80409184598366,94.56771221144423,106.8040918459837,18,2041,4.30886938006e-06,
88,triangle,595,1186,594,,293378.5301849943,6810741.340870511,6996.2978515625,196.56000743923795,197.35817519676132,146.56000743923795,147.35817519676135,18,2041,4.30886938006e-06,
89,triangle,491,1233,492,,306591.81004768674,6806072.7563374685,6293.95751953125,103.89290288835548,104.15994082971757,53.89290288835547,54.15994082971756,18,2041,4.30886938006e-06,
90,triangle,848,1168,1112,,297124.3143306307,6809328.57442404,42391.39599609375,140.5305691311516,145.0017628315403,90.5305691311516,95.0017628315403,18,2041,4.30886938006e-06,
91,triangle,1125,1333,814,,291742.33444709977,6809868.174766485,240071.2314453125,261.7725974433002,269.4964549555494,211.77259744330019,219.4964549555494,18,2041,4.30886938006e-06,
92,triangle,718,1208,717,,306826.8320936483,6817704.029595688,2189832.3129882812,61.79939041139999,60.83894269388802,11.799390411399996,10.838942693888024,98,2021,4.30886938006e-06,
93,triangle,1333,1387,814,,291527.69464701175,6810125.44979427,208330.14892578125,266.4932664955458,268.68654429059666,216.49326649554584,218.68654429059666,18,2041,4.30886938006e-06,
94,triangle,868,1235,988,,300085.9570781625,6815462.376000635,1901974.216796875,134.53140367052475,132.937180993745,84.53140367052472,82.937180993745,3,1481,1.0337869848214285e-05,
95,triangle,526,1308,525,,296977.5560606918,6808247.708267457,8982.87646484375,154.51328631883874,153.1628912341374,104.51328631883872,103.16289123413738,18,2041,4.30886938006e-06,
96,triangle,845,1140,855,,291056.2662506664,6814512.497897245,88121.595703125,242.6669471615204,232.742510983981,192.6669471615204,182.742510983981,18,2041,4.30886938006e-06,
97,triangle,1337,1413,1244,,308650.6649215677,6805808.321379411,152616.07421875,106.12349198743007,104.28826056502778,56.12349198743008,54.2882605650278,18,2041,4.30886938006e-06,
98,triangle,910,1333,1125,,291590.7641790026,6809401.618570022,211775.0478515625,285.8127780931974,280.2501708690856,235.81277809319735,230.25017086908557,18,2041,4.30886938006e-06,
99,triangle,616,1286,617,,291249.94856697967,6812686.489349344,6917.5517578125,213.67099050235606,214.5039965962667,163.6709905023561,164.50399659626672,18,2041,4.30886938006e-06,
100,triangle,704,1247,703,,286713.55767017975,6809516.610909029,2050593.6850585938,191.41495715921354,185.927906787813,141.41495715921354,135.92790678781301,62,1981,8.577217345015001e-06,
101,triangle,705,1176,704,,286687.6754156155,6811402.996021393,1974888.0903320312,160.95456340354502,174.52202722327343,110.95456340354505,124.52202722327343,18,2041,4.715378710055714e-06,
102,triangle,1176,1247,704,,287388.73308579525,6810282.106930423,1795059.4926757812,215.30199728266706,188.6166006777531,165.30199728266706,138.6166006777531,62,1981,7.96745335002143e-06,
103,triangle,1240,1530,41,,305293.8941374045,6809260.773219573,59408.50830078125,119.91765937584799,120.64001775794993,69.91765937584799,70.64001775794993,18,2041,4.30886938006e-06,
104,triangle,24,1101,23,,308420.28910713486,6807700.057071134,13538.9453125,87.77241673109778,87.78291158844941,37.77241673109778,37.782911588449416,33,1321,1e-05,
105,triangle,111,1109,110,,304742.38995726616,6808669.940525949,12637.17919921875,104.58732311747133,105.08746533285553,54.58732311747134,55.087465332855515,18,2041,4.30886938006e-06,
106,triangle,671,1147,672,,291693.75,6813618.75,12656.25,211.33749866485596,210.86666933695474,161.33749866485596,160.86666933695474,18,2041,4.30886938006e-06,
107,triangle,629,1134,628,,292224.9868676452,6812998.393783539,11429.22216796875,195.82666176469348,196.49007610017767,145.8266617646935,146.49007610017767,18,2041,4.30886938006e-06,
108,triangle,732,963,731,,303003.8738059883,6801489.78076936,1798155.56640625,130.41117993664062,126.9127425083412,80.4111799366406,76.9127425083412,18,2041,4.30886938006e-06,
109,triangle,1257,1346,941,,304476.27245008916,6805292.8302174015,301394.0751953125,129.96647882235516,131.4539056708552,79.96647882235516,81.4539056708552,18,2041,4.30886938006e-06,
110,triangle,797,1446,686,,296542.97206633294,6814098.953947668,211039.0244140625,206.6988593206538,204.5197355552058,156.6988593206538,154.5197355552058,2,1381,1e-05,
111,triangle,738,1388,737,,290664.18055241095,6801476.33759087,1758019.9228515625,148.7111619691383,175.51026957533517,98.71116196913829,125.51026957533519,18,2041,4.918633375053572e-06,
112,triangle,234,1166,782,,299156.32907104515,6807921.145719305,68744.134765625,132.5353258240694,133.53512756198836,82.53532582406936,83.53512756198836,18,2041,4.30886938006e-06,
113,triangle,1082,1154,837,,290374.1325291267,6812857.040547416,134933.06640625,257.3733707028742,249.18635549051973,207.3733707028742,199.18635549051973,18,2041,4.30886938006e-06,
114,triangle,773,937,772,,293688.39024935896,6810508.700775978,48025.08349609375,204.17700113295416,205.18040227619258,154.1770011329542,155.1804022761926,18,2041,4.6835526164864286e-06,
115,triangle,1150,1540,901,,290320.25317537645,6810641.47784694,288466.5361328125,266.40405533605247,263.82099863950396,216.40405533605247,213.82099863950393,18,2041,4.30886938006e-06,
116,triangle,599,1201,600,,292487.2291156486,6811191.118833323,7438.36865234375,213.96508523830545,215.21951628190334,163.9650852383054,165.2195162819033,18,2041,4.30886938006e-06,
117,triangle,12,1098,1097,,308156.51549983385,6806952.683736842,16664.380859375,84.93674100642147,86.5693430981006,34.936741006421464,36.5693430981006,33,1321,1e-05,
118,triangle,1158,1202,910,,291283.19803212985,6808296.604308168,513964.07177734375,272.11387287215587,270.99607355810923,222.1138728721559,220.99607355810926,18,2041,4.30886938006e-06,
119,triangle,1101,1263,850,,308791.1345167559,6807977.38135143,113282.21484375,95.68184742600569,98.49764982934114,45.68184742600568,48.49764982934115,33,1321,7.357689355027857e-06,
120,triangle,1112,1168,220,,297160.627464441,6809480.704055098,20135.39892578125,140.50412712746945,137.78715561497248,90.50412712746945,87.78715561497249,18,2041,4.30886938006e-06,
121,triangle,550,1188,551,,296097.2989326669,6808543.782885954,4925.57421875,157.88208649747767,158.79160747344235,107.88208649747767,108.79160747344235,18,2041,4.30886938006e-06,
122,triangle,1250,1418,805,,301096.6294993024,6805557.314498138,315916.33154296875,139.12342921383532,146.73952960282193,89.12342921383534,96.73952960282195,18,2041,4.30886938006e-06,
123,triangle,506,1242,505,,306304.8331779197,6806678.745041168,11372.41552734375,99.32570197495517,99.65325162931663,49.325701974955166,49.65325162931663,18,2041,4.30886938006e-06,
124,triangle,901,1540,1076,,290403.77930011187,6810300.751347452,309664.0009765625,249.35467508154954,258.2847971488204,199.35467508154952,208.28479714882042,18,2041,4.30886938006e-06,
125,triangle,829,1173,944,,298925.2414235447,6807065.168100263,288899.25244140625,146.75854137490154,160.33156399606526,96.75854137490153,110.33156399606524,18,2041,4.30886938006e-06,
126,triangle,912,1563,1083,,289658.0031067572,6813104.217086577,163608.85009765625,266.48594671435734,275.2785814015915,216.48594671435734,225.27858140159154,18,2041,4.30886938006e-06,
127,triangle,166,1018,165,,300674.5254677835,6809666.730104741,4641.251953125,129.06182009427422,128.92199272046182,79.06182009427422,78.92199272046183,18,2041,4.30886938006e-06,
128,triangle,495,1025,487,,306887.5739446118,6806293.989550561,6346.755859375,98.97840716742095,98.88692061619237,48.97840716742096,48.88692061619236,18,2041,4.30886938006e-06,
129,triangle,530,1033,529,,297189.8531410807,6808568.655852556,5197.19482421875,142.01749179843156,142.8725319159586,92.01749179843158,92.87253191595862,18,2041,4.30886938006e-06,
130,triangle,648,1057,649,,291787.5,6813312.5,5625.0,202.73332977294922,202.84999974568686,152.73332977294922,152.84999974568686,18,2041,4.30886938006e-06,
131,triangle,1293,1295,866,,292798.32107761985,6808081.827390723,188194.48779296875,278.5074637015446,272.104239654248,228.50746370154462,222.10423965424798,18,2041,4.30886938006e-06,
132,triangle,876,1240,863,,304745.3792132759,6809254.738010806,83032.677734375,128.17791294926232,125.5840550386555,78.1779129492623,75.5840550386555,18,2041,4.30886938006e-06,
133,triangle,656,1371,1139,,290531.8616378102,6814400.202381298,15348.2314453125,247.55460040865694,245.6854937791395,197.55460040865694,195.6854937791395,18,2041,4.30886938006e-06,
134,triangle,689,1460,801,,302693.90146120905,6811798.010312744,249914.5673828125,138.67293392942133,141.11928011701974,88.67293392942133,91.11928011701974,2,1381,1e-05,
135,triangle,641,1288,1137,,291165.81759458006,6813254.176504129,15163.20068359375,216.30000305175784,216.4115651837849,166.3000030517578,166.4115651837849,18,2041,4.30886938006e-06,
136,triangle,849,881,39,,308073.5306620445,6808175.879557398,50808.322265625,110.82690283775405,107.2067532569025,60.82690283775405,57.206753256902516,33,1321,7.15443469003e-06,
137,triangle,967,1238,824,,296475.01503287995,6809499.031988717,153248.09423828125,168.90323044005842,159.8481664642452,118.90323044005842,109.8481664642452,18,2041,4.30886938006e-06,
138,triangle,923,1254,899,,303595.64518563775,6815334.991007785,1987164.9428710938,94.13857413207438,121.10252153745678,44.13857413207439,71.10252153745678,52,1561,1.1081183514285715e-05,
139,triangle,596,1342,597,,292259.4820027906,6811167.007335569,4725.8251953125,219.6092166478585,219.81540507387808,169.6092166478585,169.8154050738781,18,2041,4.30886938006e-06,
140,triangle,598,1342,599,,292359.4820027906,6811167.007335569,4725.8251953125,216.922984275392,217.58207275779736,166.92298427539197,167.58207275779736,18,2041,4.30886938006e-06,
141,triangle,1083,1563,1179,,289349.2654472026,6813247.438260779,227083.74755859375,288.0500470503593,282.49171908570344,238.05004705035927,232.4917190857035,18,2041,4.30886938006e-06,
142,triangle,1164,1353,799,,301217.072336221,6811926.814896683,171596.779296875,179.36195819055607,175.73961415613599,129.36195819055604,125.73961415613599,18,2041,4.30886938006e-06,
143,triangle,1086,1241,880,,305637.80059335305,6809998.756163411,216713.91796875,127.00827989007364,124.38368759986251,77.00827989007364,74.38368759986251,18,2041,4.30886938006e-06,
144,triangle,225,1412,224,,297441.47703378653,6809206.436138473,5859.76806640625,132.86805032105303,133.99344345547115,82.86805032105303,83.99344345547115,18,2041,4.30886938006e-06,
145,triangle,1076,1333,1229,,290763.15624802705,6809571.563785308,372547.0712890625,266.7009452679059,264.9647530488263,216.70094526790595,214.9647530488263,18,2041,4.30886938006e-06,
146,triangle,1229,1333,910,,291022.2139828799,6809227.866192936,435545.3427734375,260.8828060712156,274.0505396408618,210.88280607121564,224.05053964086179,18,2041,4.30886938006e-06,
147,triangle,182,996,753,,300377.0672434531,6810903.4630827075,26581.7802734375,145.3395755735657,144.54587080013337,95.33957557356568,94.54587080013339,18,2041,4.715378710055714e-06,
148,triangle,1171,1380,722,,310535.554873869,6813238.380752,1964253.283203125,90.47560173501182,96.5830668936771,40.47560173501183,46.583066893677106,98,2021,4.30886938006e-06,
149,triangle,1120,1246,891,,305587.8306299421,6807219.930980573,37678.3369140625,120.21722257241191,118.13760781934485,70.2172225724119,68.13760781934485,18,2041,4.30886938006e-06,
150,triangle,105,1106,104,,304514.6674785616,6808102.935618539,12569.83447265625,103.583586331,104.82901280968595,53.58358633099999,54.829012809685956,18,2041,4.30886938006e-06,
151,triangle,480,1464,878,,306949.0364443801,6805637.522037406,42815.1005859375,107.93699707321673,110.52380185817135,57.93699707321673,60.52380185817136,18,2041,4.30886938006e-06,
152,triangle,800,1164,799,,301470.48361974786,6812036.694311552,194902.38525390625,178.10062677639453,169.39667476246416,128.10062677639456,119.39667476246416,18,2041,4.30886938006e-06,
153,triangle,570,1207,571,,294189.4181256497,6809313.121521813,7101.17138671875,195.65763997243096,198.23418097427364,145.65763997243096,148.23418097427364,18,2041,4.30886938006e-06,
154,triangle,967,1305,1172,,295716.218687244,6809979.443648505,147746.65283203125,175.68456797701734,165.98852809416772,125.68456797701734,115.98852809416773,18,2041,4.30886938006e-06,
155,triangle,1005,1194,883,,301781.67700570874,6806785.051414301,37338.73388671875,118.57227447779346,119.62008226767496,68.57227447779346,69.62008226767499,18,2041,4.30886938006e-06,
156,triangle,698,1320,804,,290608.74971140287,6815373.711451337,105151.521484375,242.8307124505486,248.6995299460808,192.83071245054856,198.6995299460808,18,2041,5.121355283982143e-06,
157,triangle,1081,1176,705,,287263.19209580123,6812078.713101261,1462407.7290039062,183.64990652912525,200.27344363503377,133.64990652912525,150.27344363503377,18,2041,4.512124045057858e-06,
158,triangle,754,864,182,,300634.9300771824,6810922.991584054,54271.951171875,146.36407941714896,151.13877274964435,96.36407941714897,101.13877274964433,18,2041,4.715378710055714e-06,
159,triangle,952,1086,880,,305925.5254844589,6809839.841775484,173876.087890625,128.71127241068967,127.1512293997934,78.71127241068967,77.15122939979338,18,2041,4.30886938006e-06,
160,triangle,858,1294,1293,,293320.2860071421,6807622.8005295945,279588.8544921875,270.49890218022705,258.61942715336176,220.49890218022705,208.61942715336178,18,2041,4.30886938006e-06,
161,triangle,1178,1439,519,,296328.8870801274,6807579.239217834,95389.04833984375,179.7918108562568,181.91096874295533,129.79181085625683,131.91096874295536,18,2041,4.30886938006e-06,
162,triangle,865,1279,1147,,291854.49739410117,6814012.623056947,83407.330078125,207.9018051791943,203.23750497044568,157.90180517919427,153.23750497044568,18,2041,4.30886938006e-06,
163,triangle,690,1225,801,,303186.73737640603,6811052.969523492,249552.99365234375,132.1510511612227,128.56155420563854,82.15105116122271,78.56155420563853,18,2041,4.30886938006e-06,
164,triangle,899,980,923,,303512.7296066891,6814316.577918311,1796020.0151367188,122.30160748726662,142.41928397312438,72.30160748726664,92.41928397312438,13,2061,9.940190146095719e-06,
165,triangle,591,1440,590,,293123.5904585082,6810481.589119535,7537.650390625,204.09601043566872,204.61899136014222,154.09601043566872,154.61899136014225,18,2041,4.30886938006e-06,
166,triangle,593,1440,592,,293223.5904585082,6810581.589119535,7537.650390625,200.91252480198358,201.78565802680887,150.91252480198358,151.7856580268089,18,2041,4.30886938006e-06,
167,triangle,765,1291,190,,296169.9600210294,6812778.788804189,52016.81103515625,179.65127039041988,180.89342726130306,129.6512703904199,130.89342726130306,18,2041,4.30886938006e-06,
168,triangle,1177,1220,941,,305117.97908983746,6805768.539763446,129876.75048828125,124.47923667978421,123.88840305403751,74.47923667978421,73.88840305403751,18,2041,4.30886938006e-06,
169,triangle,221,1112,220,,297256.944391617,6809462.965550191,6197.6318359375,134.6524566961987,135.25740565888066,84.6524566961987,85.25740565888064,18,2041,4.30886938006e-06,
170,triangle,1134,1466,1135,,292542.7218957665,6813104.911548861,76205.39404296875,193.4905702934592,196.24037526698694,143.4905702934592,146.24037526698694,18,2041,4.30886938006e-06,
171,triangle,987,1077,858,,293909.46765063744,6808171.772451863,207744.42138671875,229.83301519067362,241.72686423262704,179.8330151906736,191.72686423262704,18,2041,4.30886938006e-06,
172,triangle,958,1275,1170,,307490.48179259157,6804806.528236735,171915.400390625,119.70361673469446,121.99600327669573,69.70361673469446,71.99600327669575,18,2041,4.30886938006e-06,
173,triangle,1423,1456,961,,305480.17154082604,6811594.164587217,866414.4907226562,144.958026473518,112.10813568926244,94.95802647351803,62.10813568926243,2,1381,9.212404711501429e-06,
174,triangle,845,1285,699,,291191.45514824,6814901.869057874,99082.7890625,213.89486612752492,226.36741943351282,163.89486612752492,176.36741943351282,18,2041,4.30886938006e-06,
175,triangle,939,1337,1244,,308875.74168445956,6805545.577711473,236362.62451171875,107.05292307895996,106.07660890003092,57.05292307895995,56.07660890003092,18,2041,4.30886938006e-06,
176,triangle,907,1093,1049,,292835.44192307326,6809909.628360028,23680.67578125,231.79605550105813,230.1375369341399,181.79605550105813,180.1375369341399,18,2041,4.30886938006e-06,
177,triangle,1260,1480,1153,,302502.43081194704,6805503.991967584,254248.7509765625,136.45697179277715,138.64992264324766,86.45697179277714,88.64992264324765,18,2041,4.30886938006e-06,
178,triangle,1167,1178,1079,,296685.9779742739,6807246.808343559,104591.76904296875,197.04201810742103,192.9910368068771,147.04201810742103,142.9910368068771,18,2041,4.30886938006e-06,
179,triangle,1269,1270,697,,289158.99501779646,6816207.752052978,524603.697265625,244.40243823464868,254.453300137252,194.40243823464868,204.453300137252,18,2041,4.30886938006e-06,
180,triangle,722,1380,721,,311302.0731552209,6813842.216699508,1712373.5209960938,94.65958005908467,93.48140069720249,44.659580059084675,43.48140069720248,98,2021,4.30886938006e-06,
181,triangle,1060,1140,845,,291226.7410491869,6814361.979477846,96117.92431640625,234.49366709641015,230.32841950525872,184.49366709641015,180.32841950525872,18,2041,4.30886938006e-06,
182,triangle,917,1403,1264,,308273.4107121332,6809740.401297338,345297.38916015625,138.84859728475976,135.91373157052735,88.84859728475976,85.91373157052733,18,2041,4.30886938006e-06,
183,triangle,1268,1269,929,,288924.54966863623,6815146.036198363,363188.3271484375,304.27657220514027,292.1377734508935,254.2765722051402,242.13777345089352,18,2041,4.30886938006e-06,
184,triangle,1200,1366,832,,293572.7432151255,6812410.797701159,99516.4658203125,189.22369037285887,189.7220804824617,139.22369037285887,139.72208048246168,18,2041,4.30886938006e-06,
185,triangle,821,852,833,,295508.53717186395,6808090.110870657,74805.19970703125,182.59337205984772,187.0643525222325,132.59337205984772,137.0643525222325,18,2041,4.30886938006e-06,
186,triangle,1229,1247,901,,289353.1080846726,6809539.365848941,1332614.8413085938,221.6840322544607,233.71258183071748,171.68403225446073,183.71258183071754,62,1981,9.186981340008571e-06,
187,triangle,1332,1486,596,,292045.4246554287,6811135.8298693625,47013.2587890625,223.19336406159607,229.03517520147207,173.19336406159607,179.03517520147207,18,2041,4.30886938006e-06,
188,triangle,1174,1227,963,,302051.9636974014,6802975.402143855,1300748.43359375,130.9044789628864,137.8339428774547,80.9044789628864,87.8339428774547,18,2041,4.30886938006e-06,
189,triangle,799,1549,688,,300829.0120835406,6812562.367477302,106704.34814453125,176.86518782819627,176.53114238362863,126.86518782819627,126.53114238362866,18,2041,4.512124045057858e-06,
190,triangle,815,1456,1423,,306167.87685173925,6811841.494891481,940618.1254882812,148.88234153038582,120.35272413258299,98.8823415303858,70.35272413258299,59,1641,7.899745897337143e-06,
191,triangle,196,1165,195,,293827.46117824846,6811856.472133189,2392.23291015625,180.24628659590368,180.8210538750631,130.24628659590368,130.8210538750631,18,2041,4.30886938006e-06,
192,triangle,718,1445,1208,,307648.37132596126,6817167.12598265,1527893.6108398438,61.13206788784139,67.56723158675153,11.13206788784139,17.567231586751536,98,2021,4.30886938006e-06,
193,triangle,917,1264,1262,,308453.224327581,6809327.141067091,337496.5439453125,128.2628332062205,127.73159237448499,78.2628332062205,77.73159237448498,18,2041,4.30886938006e-06,
194,triangle,744,1479,1161,,306387.1724711657,6808970.891449809,62077.130859375,108.69155393712079,111.61407020282661,58.69155393712078,61.61407020282661,18,2041,4.30886938006e-06,
195,triangle,481,949,482,,306923.7198082213,6805944.521927559,5769.021484375,104.15994797556964,103.56682629807347,54.15994797556964,53.56682629807346,18,2041,4.30886938006e-06,
196,triangle,568,918,567,,294008.8907311031,6809181.740105021,8679.44580078125,202.1879688061639,203.67130473411854,152.18796880616392,153.67130473411854,18,2041,4.30886938006e-06,
197,triangle,649,919,648,,291743.7962962963,6813227.684006873,8833.4658203125,201.80423389640995,201.16306686969847,151.80423389640995,151.16306686969844,18,2041,4.30886938006e-06,
198,triangle,650,920,651,,291900.0442669382,6813160.798261474,9657.28466796875,201.1708262583085,202.51226154610302,151.17082625830852,152.51226154610302,18,2041,4.30886938006e-06,
199,triangle,731,1062,730,,305007.7007227473,6801386.010390217,1488341.1171875,131.60165363396112,124.80576976019283,81.60165363396112,74.80576976019283,18,2041,4.30886938006e-06,
200,triangle,966,967,840,,295956.9938586945,6809265.324624892,148996.060546875,187.67975421829834,180.58624925090282,137.6797542182983,130.58624925090282,18,2041,4.30886938006e-06,
201,triangle,638,904,639,,291044.87847222225,6813517.699652777,7616.2109375,218.42940292597135,219.16139624097278,168.42940292597135,169.16139624097278,18,2041,4.30886938006e-06,
202,triangle,976,1221,841,,305827.7968084233,6805354.3885802245,198936.9697265625,120.39073791099908,128.18402224502992,70.39073791099906,78.18402224502994,18,2041,4.30886938006e-06,
203,triangle,849,1263,1101,,308624.1515740711,6808150.965242608,145975.65087890625,100.81798803641792,104.98175035270349,50.81798803641792,54.9817503527035,18,2041,5.325142705049286e-06,
204,triangle,121,1232,120,,303997.04099800735,6809166.226000014,9930.037109375,109.1367482197396,111.17551478080873,59.1367482197396,61.17551478080873,18,2041,4.30886938006e-06,
205,triangle,94,1287,93,,303814.69610832806,6807601.657120876,7091.88623046875,106.11213444361194,107.3003149056291,56.112134443611936,57.3003149056291,18,2041,4.30886938006e-06,
206,triangle,988,1239,868,,299538.7511804397,6814709.156911989,821577.6801757812,166.06688409501842,156.19978236552103,116.0668840950184,106.19978236552102,52,1561,1.1283905423214287e-05,
207,triangle,964,1192,832,,293149.92814869643,6812201.129693852,119339.6884765625,188.72544173906158,191.37554225323183,138.7254417390616,141.37554225323177,18,2041,4.30886938006e-06,
208,triangle,521,1478,522,,296599.5655034321,6808027.357796255,8751.6328125,161.9078609349954,162.27691237739245,111.9078609349954,112.27691237739243,18,2041,4.30886938006e-06,
209,triangle,519,1478,520,,296499.5655034321,6807927.357796255,8751.6328125,165.0864022210418,165.7435770095539,115.08640222104178,115.7435770095539,18,2041,4.30886938006e-06,
210,triangle,612,1296,613,,290922.50013002806,6812636.483117833,10010.5859375,223.56193324527987,224.36032435340178,173.56193324527987,174.36032435340178,18,2041,4.30886938006e-06,
211,triangle,799,1210,800,,301705.77481866226,6812603.810230033,429505.18994140625,177.3441509270441,163.70728822406116,127.34415092704411,113.70728822406117,2,1381,1e-05,
212,triangle,833,1236,821,,295483.4158658402,6807793.375776276,175981.82470703125,203.67615094575763,204.47207317600908,153.67615094575763,154.47207317600908,18,2041,4.30886938006e-06,
213,triangle,1461,1563,912,,289675.8100102116,6812694.685335009,159976.8251953125,286.42741986609,279.2847610395943,236.42741986609,229.28476103959437,18,2041,4.30886938006e-06,
214,triangle,217,1172,776,,295892.97330807074,6810450.198911834,50044.31298828125,153.88469760288197,160.5377288297962,103.88469760288197,110.53772882979622,18,2041,4.512124045057858e-06,
215,triangle,205,1226,775,,294662.77411717334,6810323.535286263,32429.56591796875,194.69059898145454,192.88780533665496,144.6905989814545,142.8878053366549,18,2041,4.30886938006e-06,
216,triangle,841,1221,1220,,305595.94061901554,6805571.103028725,126799.98193359375,127.78212948478512,125.8381209857829,77.78212948478512,75.8381209857829,18,2041,4.30886938006e-06,
217,triangle,1403,1493,914,,307571.75168718793,6809833.153481134,130584.5732421875,139.32633405874228,137.48167128491107,89.32633405874229,87.48167128491109,18,2041,4.30886938006e-06,
218,triangle,917,1493,1403,,307856.5271403894,6809679.916652651,120967.181640625,139.15954607677446,135.1673411716481,89.15954607677449,85.1673411716481,18,2041,4.30886938006e-06,
219,triangle,1082,1461,912,,289978.76101918146,6812574.786195251,152259.4638671875,263.28449994300894,269.1799706697382,213.28449994300897,219.17997066973828,18,2041,4.30886938006e-06,
220,triangle,903,1328,1070,,302045.16879886406,6810500.678486968,157957.72021484375,139.84144108855722,144.2702150081229,89.84144108855725,94.27021500812293,18,2041,4.30886938006e-06,
221,triangle,817,1250,834,,300972.508575975,6806307.625677674,168455.1279296875,142.328200033543,142.596032407975,92.32820003354298,92.59603240797497,18,2041,4.30886938006e-06,
222,triangle,1084,1468,1171,,308658.43884013564,6812160.043823939,1353990.1748046875,102.24322450359652,111.07164140403223,52.24322450359652,61.07164140403224,59,1641,7.110495765240714e-06,
223,triangle,1260,1426,818,,302013.56127202004,6806024.773452121,188326.3427734375,141.93765644767183,135.05684293469673,91.93765644767183,85.05684293469672,18,2041,4.30886938006e-06,
224,triangle,850,1360,20,,308772.36596652935,6807461.680025182,74928.32958984375,82.32043014262659,83.6602402904562,32.3204301426266,33.660240290456194,33,1321,1e-05,
225,triangle,1276,1371,655,,290304.34470170486,6814484.773760232,37666.19775390625,249.01157432210738,252.02416699401,199.01157432210735,202.02416699400996,18,2041,4.30886938006e-06,
226,triangle,567,918,566,,293983.8907311031,6809131.740105021,6625.20703125,205.12811321400886,205.27130575137116,155.12811321400886,155.27130575137116,18,2041,4.30886938006e-06,
227,triangle,569,918,568,,294058.8907311031,6809206.740105021,4866.73828125,203.22296514975866,202.7046401019571,153.22296514975866,152.7046401019571,18,2041,4.30886938006e-06,
228,triangle,571,918,570,,294158.8907311031,6809206.740105021,4866.73779296875,202.43509336885782,200.63797445254303,152.43509336885782,150.63797445254303,18,2041,4.30886938006e-06,
229,triangle,648,919,647,,291693.7962962963,6813252.684006873,5323.04931640625,201.886330354795,201.32973353636513,151.886330354795,151.32973353636513,18,2041,4.30886938006e-06,
230,triangle,650,919,649,,291768.7962962963,6813177.684006873,6322.9169921875,201.12286920598382,201.02973557087034,151.1228692059838,151.02973557087032,18,2041,4.30886938006e-06,
231,triangle,649,920,650,,291875.0442669382,6813210.798261474,5629.97998046875,201.4055038989762,202.8789302472749,151.4055038989762,152.8789302472749,18,2041,4.30886938006e-06,
232,triangle,651,920,652,,291950.0442669382,6813135.798261474,6839.80419921875,198.9601841634952,201.11226256335564,148.9601841634952,151.11226256335564,18,2041,4.30886938006e-06,
233,triangle,886,887,819,,302964.6272564083,6809677.079523644,94551.63330078125,119.79949949239005,127.63985890800136,69.79949949239005,77.63985890800133,18,2041,4.30886938006e-06,
234,triangle,876,1504,1240,,304598.0353955023,6809451.156158876,125582.11328125,134.52217490123468,129.72847577115706,84.52217490123468,79.72847577115708,18,2041,4.30886938006e-06,
235,triangle,492,1092,493,,306664.1854587193,6806191.556714249,11516.76611328125,103.93545175553857,104.86073005430815,53.93545175553856,54.860730054308156,18,2041,4.30886938006e-06,
236,triangle,499,1117,498,,305794.73255539435,6806308.129431982,12555.3515625,107.15414664398399,108.44729439118787,57.15414664398399,58.44729439118786,18,2041,4.30886938006e-06,
237,triangle,582,1093,581,,292662.9017634164,6809840.06409572,11006.73779296875,222.82291816359606,224.0419761060967,172.82291816359606,174.0419761060967,18,2041,4.30886938006e-06,
238,triangle,774,1213,773,,293941.06864307035,6810306.517568556,50325.46337890625,197.59699589620885,199.89535039926375,147.59699589620885,149.89535039926375,18,2041,4.6835526164864286e-06,
239,triangle,216,1205,215,,295479.8844178195,6810780.745672663,13544.3310546875,171.40299140165934,171.29931071718136,121.40299140165934,121.29931071718136,18,2041,5.121888040051429e-06,
240,triangle,1365,1372,842,,306879.30691599293,6803619.994922834,350904.375,126.84144158615466,124.68702425886067,76.84144158615467,74.68702425886067,18,2041,4.30886938006e-06,
241,triangle,769,1200,194,,293984.2226358258,6812302.311405123,52336.171875,184.419240360679,185.10732419782028,134.419240360679,135.10732419782028,18,2041,4.918633375053572e-06,
242,triangle,1147,1279,830,,292029.41497289174,6813847.968376712,121281.89501953125,201.65529289876054,206.68776556966046,151.65529289876054,156.68776556966046,18,2041,4.30886938006e-06,
243,triangle,810,1216,831,,304614.7071444457,6806637.515445755,209992.7490234375,123.9568427480416,126.84229629220484,73.9568427480416,76.84229629220486,18,2041,4.30886938006e-06,
244,triangle,906,1309,834,,300833.3725431016,6806896.989649958,49851.8154296875,122.01852048565364,125.75501820548425,72.01852048565362,75.75501820548423,18,2041,4.30886938006e-06,
245,triangle,1116,1220,496,,305568.6323891328,6806081.1069958145,28948.69775390625,113.66251017178425,112.70765791701074,63.66251017178425,62.70765791701073,18,2041,4.30886938006e-06,
246,triangle,874,1099,20,,308539.5833333333,6807256.25,10781.25,82.93379421587417,86.08472140630089,32.93379421587419,36.08472140630087,33,1321,1e-05,
247,triangle,897,1451,814,,292242.0770725732,6810172.146647918,91055.5302734375,231.3228645326983,244.80907378589882,181.32286453269833,194.8090737858988,18,2041,4.30886938006e-06,
248,triangle,722,1265,1171,,310530.2121986128,6812108.571363237,1933944.5737304688,131.31983040787134,109.78161327300408,81.31983040787134,59.781613273004076,98,2021,5.689393663392857e-06,
249,triangle,912,1154,1082,,290128.2360650171,6812863.3766736835,116477.35791015625,263.8683201925413,257.04597143431334,213.86832019254132,207.04597143431337,18,2041,4.30886938006e-06,
250,triangle,972,1093,907,,292902.54259819724,6809767.527684905,50228.171875,242.42105025031947,240.2762764656536,192.42105025031944,190.2762764656536,18,2041,4.30886938006e-06,
251,triangle,975,1247,1229,,289213.2348495367,6808597.34281823,1715531.3916015625,244.00760796245186,245.76504872802465,194.00760796245186,195.76504872802468,62,1981,8.373962680017143e-06,
252,triangle,1064,1161,914,,307021.6965809367,6809375.575755919,222605.6708984375,132.74897740955979,129.59087728337457,82.74897740955979,79.59087728337455,18,2041,4.30886938006e-06,
253,triangle,1151,1250,805,,300694.3913117755,6805388.734685608,401476.6787109375,144.43360317869477,143.16052734523973,94.43360317869477,93.16052734523974,18,2041,4.30886938006e-06,
254,triangle,694,1255,1173,,298665.18198170187,6806274.08612959,92376.15966796875,160.53100581383643,156.25541623087716,110.53100581383644,106.25541623087717,18,2041,4.30886938006e-06,
255,triangle,1157,1413,1337,,308369.03514304926,6805820.094170031,132393.96826171875,98.86647361818237,105.79203056800662,48.866473618182376,55.79203056800662,18,2041,4.30886938006e-06,
256,triangle,1154,1450,1402,,290223.2837023584,6813418.457862976,42295.62890625,235.2450950493993,238.80763048048985,185.2450950493993,188.80763048048982,18,2041,4.30886938006e-06,
257,triangle,1171,1265,1084,,309364.6538856218,6811588.066058713,1473955.8564453125,116.34830035935147,109.20822782993098,66.34830035935147,59.20822782993096,59,1641,7.020700337798572e-06,
258,triangle,1271,1432,981,,305570.5863186601,6808071.661942366,63971.5908203125,115.29061791984167,115.20422610305525,65.29061791984167,65.20422610305526,18,2041,4.30886938006e-06,
259,triangle,985,1372,1365,,307236.110476712,6803172.38790914,528869.3505859375,119.2039486583563,117.19828592039188,69.20394865835631,67.19828592039188,18,2041,4.30886938006e-06,
260,triangle,70,1194,69,,301986.49330387573,6806851.109450894,8312.6865234375,114.32579091837397,114.7450512680021,64.32579091837395,64.7450512680021,18,2041,4.30886938006e-06,
261,triangle,158,1195,157,,301151.4523028599,6809526.776157926,5824.81787109375,126.43831010803189,126.06611364607848,76.43831010803187,76.06611364607846,18,2041,4.30886938006e-06,
262,triangle,538,1197,537,,295091.69402052165,6808726.272893779,8294.29931640625,188.4084592454357,176.5763465386232,138.4084592454357,126.57634653862318,18,2041,4.30886938006e-06,
263,triangle,541,1198,542,,295388.00406608725,6808870.687101682,7952.298828125,170.7970582900885,172.42340823728296,120.79705829008849,122.42340823728294,18,2041,4.30886938006e-06,
264,triangle,171,1196,170,,300659.59752126894,6810041.078211463,6704.72119140625,134.97221902928038,134.8202489017695,84.97221902928038,84.8202489017695,18,2041,4.30886938006e-06,
265,triangle,480,908,481,,306914.7584657702,6805831.175420468,6777.17236328125,104.7592388738745,105.26580202309503,54.759238873874494,55.265802023095034,18,2041,4.30886938006e-06,
266,triangle,524,1534,523,,296810.9199551938,6808113.3821701305,5348.00048828125,156.48699629487976,156.59148244823686,106.48699629487975,106.59148244823685,18,2041,4.30886938006e-06,
267,triangle,522,1534,521,,296710.9199551938,6808013.3821701305,5348.0009765625,160.68819610977454,160.3248198505806,110.68819610977454,110.3248198505806,18,2041,4.30886938006e-06,
268,triangle,633,1231,632,,290575.4081225446,6813390.210169488,6726.35595703125,227.41679541781136,227.36351389329127,177.4167954178114,177.36351389329127,18,2041,4.30886938006e-06,
269,triangle,184,1185,183,,301264.42704181705,6810883.826266297,60467.22021484375,159.60851924676044,159.37769016487698,109.60851924676041,109.37769016487698,18,2041,4.30886938006e-06,
270,triangle,130,1266,129,,303259.4193178418,6809230.936956588,6292.9072265625,113.63502602271804,113.74726986955989,63.63502602271804,63.74726986955988,18,2041,4.30886938006e-06,
271,triangle,152,1267,151,,301609.95705076616,6809456.062934243,6307.080078125,123.26070659762365,122.7874028461744,73.26070659762367,72.7874028461744,18,2041,4.30886938006e-06,
272,triangle,1059,1140,1060,,291103.8037618124,6814190.251087387,36665.80810546875,240.87117886508807,236.62710572334495,190.87117886508804,186.62710572334495,18,2041,4.30886938006e-06,
273,triangle,901,1428,1150,,289989.0560489413,6810846.700300354,275321.68017578125,271.0448737950039,262.0772128729098,221.04487379500395,212.07721287290983,18,2041,4.30886938006e-06,
274,triangle,173,1494,172,,300534.1748648142,6810194.804209477,6072.64599609375,130.93813151707585,131.80389651250508,80.93813151707585,81.80389651250509,18,2041,4.30886938006e-06,
275,triangle,110,1304,109,,304792.1472759058,6808553.746977416,7554.068359375,102.26130034439191,102.25835654393752,52.26130034439189,52.25835654393754,18,2041,4.30886938006e-06,
276,triangle,681,1209,680,,293341.1725146595,6814655.539800645,161463.4375,166.9146207151213,174.25343059757233,116.91462071512129,124.25343059757233,52,1561,1.1621242515359287e-05,
277,triangle,678,1300,793,,294633.39399144804,6814206.74023771,154853.865234375,211.7605204179556,201.72935381186093,161.7605204179556,151.72935381186096,18,2041,4.30886938006e-06,
278,triangle,875,1351,913,,295236.7595934246,6810514.811922654,39954.37255859375,176.8216652817189,176.86631728168211,126.8216652817189,126.86631728168213,18,2041,4.30886938006e-06,
279,triangle,707,982,706,,286518.058406746,6815587.627100621,1478758.33984375,272.434862972277,263.4301678585476,222.434862972277,213.43016785854755,18,2041,4.30886938006e-06,
280,triangle,897,1249,586,,292638.54773637484,6810295.727230449,26415.46875,214.31182395182424,219.95606852012725,164.3118239518242,169.95606852012722,18,2041,4.30886938006e-06,
281,triangle,1041,1123,546,,295784.5575541651,6808681.22892053,12133.24609375,168.83064868256952,167.93556555035693,118.8306486825695,117.93556555035691,18,2041,4.30886938006e-06,
282,triangle,1058,1141,661,,290803.59122316726,6814013.702598491,9873.2099609375,231.59032216932218,233.19278105753867,181.59032216932215,183.19278105753867,18,2041,4.30886938006e-06,
283,triangle,1059,1144,664,,291123.1577518295,6814006.383210494,8563.59619140625,227.38509259694013,226.09570201729454,177.38509259694013,176.09570201729454,18,2041,4.30886938006e-06,
284,triangle,621,1131,1052,,291542.6946334089,6812803.276826285,11176.28369140625,205.97123171626794,205.7842531595702,155.9712317162679,155.7842531595702,18,2041,4.30886938006e-06,
285,triangle,658,1141,1138,,290582.9060820709,6814153.090173464,12640.0966796875,243.29293149000156,241.73567624775401,193.29293149000156,191.73567624775401,18,2041,4.30886938006e-06,
286,triangle,810,1405,1216,,304345.15089328116,6806787.873951454,147147.8955078125,130.12335913954473,133.73214730806015,80.12335913954473,83.73214730806016,18,2041,4.30886938006e-06,
287,triangle,804,1272,698,,290838.8914558753,6815566.242067699,192512.4619140625,215.8210461425363,223.1174959174838,165.8210461425363,173.11749591748378,52,1561,1.189207115e-05,
288,triangle,1179,1473,1083,,289289.8039376119,6813601.561200251,181765.869140625,288.81606766426177,284.76866973103716,238.81606766426177,234.7686697310372,18,2041,4.30886938006e-06,
289,triangle,847,1473,1179,,288916.79720390955,6813748.045026035,169482.59423828125,277.2902840394193,286.1591652412497,227.2902840394193,236.15916524124975,18,2041,4.30886938006e-06,
290,triangle,745,1252,40,,305945.5495043786,6808972.363102037,45208.05126953125,113.62440907372827,112.52957880120118,63.624409073728266,62.52957880120118,18,2041,4.715378710055714e-06,
291,triangle,868,1430,1235,,299529.07029285043,6816321.341030055,1691879.2783203125,146.9019009499819,117.88297840074455,96.9019009499819,67.88297840074456,52,1561,9.861655524298572e-06,
292,triangle,862,981,827,,305162.89921676513,6807843.306249659,123966.6044921875,124.50155981043545,120.14662251942077,74.50155981043545,70.14662251942079,18,2041,4.30886938006e-06,
293,triangle,689,1282,800,,302020.516834645,6811677.396560538,199501.37890625,155.258792102554,152.73721806123595,105.258792102554,102.73721806123596,18,2041,4.512124045057858e-06,
294,triangle,961,1456,880,,305693.8295438311,6810847.085911606,497204.48876953125,95.22915187641865,106.33442157698015,45.229151876418655,56.33442157698013,2,1381,7.96745335002143e-06,
295,triangle,1365,1489,1364,,307891.5452937091,6803758.9734825315,265713.56884765625,132.66638427879022,129.5635140288506,82.66638427879022,79.56351402885058,18,2041,4.30886938006e-06,
296,triangle,1170,1489,1365,,307599.687364304,6804094.901825849,245816.07275390625,136.25557143767298,130.47033196311895,86.25557143767297,80.47033196311897,18,2041,4.30886938006e-06,
297,triangle,9,1096,8,,307909.57294132776,6806688.120502301,5225.8994140625,90.8882364212679,90.73780120524151,40.888236421267905,40.7378012052415,33,1321,1e-05,
298,triangle,21,1100,20,,308519.77907267405,6807467.930205852,7054.79345703125,83.29447952543843,83.96476447452653,33.29447952543843,33.96476447452653,33,1321,1e-05,
299,triangle,54,1102,53,,300825.8557779584,6807260.344598989,4364.9580078125,117.19758374288811,117.1077420411536,67.19758374288813,67.1077420411536,18,2041,4.30886938006e-06,
300,triangle,178,1088,177,,300183.60121838,6810614.208147624,5378.5537109375,133.549982635934,133.80010853603332,83.54998263593399,83.8001085360333,18,2041,4.30886938006e-06,
301,triangle,241,1113,240,,299840.15731292515,6807790.157312925,5027.1044921875,121.2172992301883,121.24307423981936,71.21729923018832,71.24307423981936,18,2041,4.30886938006e-06,
302,triangle,501,1026,502,,305955.18756998127,6806635.549003113,6228.1611328125,102.11998408904898,101.67828266801148,52.119984089049,51.67828266801147,18,2041,4.30886938006e-06,
303,triangle,546,1123,547,,295812.5,6808612.5,5625.0,162.9083366394043,162.4750010172526,112.9083366394043,112.47500101725261,18,2041,4.30886938006e-06,
304,triangle,548,1122,547,,295789.0850394799,6808532.76968281,5978.84375,161.01541714191876,161.62916693943131,111.01541714191876,111.62916693943133,18,2041,4.30886938006e-06,
305,triangle,588,1126,587,,292837.5,6810287.5,5625.0,211.0249964396159,212.43333307902017,161.02499643961593,162.43333307902017,18,2041,4.30886938006e-06,
306,triangle,604,1129,605,,292886.08613930177,6811008.225480393,4985.05712890625,205.44803704220783,205.33911155289664,155.4480370422078,155.33911155289664,18,2041,4.30886938006e-06,
307,triangle,606,1128,605,,292858.4742866179,6810935.926230602,6254.94189453125,205.4765960424075,205.51708446840908,155.4765960424075,155.51708446840905,18,2041,4.30886938006e-06,
308,triangle,620,1132,619,,291535.5903540114,6812653.437598559,6429.68505859375,204.09552643221804,205.05816412255254,154.09552643221807,155.05816412255254,18,2041,4.30886938006e-06,
309,triangle,620,1131,621,,291512.5,6812737.5,5625.0,204.72499847412112,205.29166793823242,154.72499847412112,155.29166793823242,18,2041,4.30886938006e-06,
310,triangle,626,1133,625,,291987.12378832855,6812881.096944897,6303.02001953125,200.49338685791463,200.60353828135365,150.49338685791466,150.60353828135365,18,2041,4.30886938006e-06,
311,triangle,639,1054,640,,291160.71428571426,6813411.224489796,5280.6123046875,217.52167394580698,217.08999298659378,167.52167394580698,167.0899929865938,18,2041,4.30886938006e-06,
312,triangle,641,1137,640,,291137.3675861091,6813333.441090566,6096.52392578125,216.3000030517578,216.4115651837849,166.3000030517578,166.4115651837849,18,2041,4.30886938006e-06,
313,triangle,656,1139,657,,290560.222303207,6814318.1867041,6008.513671875,241.79346996466066,241.56280679887027,191.79346996466066,191.56280679887027,18,2041,4.30886938006e-06,
314,triangle,658,1138,657,,290541.81485890364,6814226.8875749735,6333.4765625,242.73620585439835,241.45123182961967,192.73620585439835,191.45123182961967,18,2041,4.30886938006e-06,
315,triangle,659,1142,660,,290787.5,6814162.5,5625.0,232.30833435058594,231.23333740234375,182.30833435058594,181.23333740234375,18,2041,4.30886938006e-06,
316,triangle,661,1141,660,,290766.09122316726,6814076.202598491,6491.9453125,231.75011024207524,232.38445052165,181.75011024207524,182.38445052165,18,2041,4.30886938006e-06,
317,triangle,664,1144,665,,291152.62203754374,6813944.776067637,5332.28662109375,224.64885268301805,221.97610296038928,174.64885268301805,171.97610296038928,18,2041,4.30886938006e-06,
318,triangle,666,1143,665,,291137.5,6813862.5,5625.0,223.15833536783856,222.77500025431314,173.15833536783856,172.77500025431314,18,2041,4.30886938006e-06,
319,triangle,843,1345,1211,,290855.42076846125,6811868.147618994,138691.35888671875,260.22825844108763,257.15224961243126,210.22825844108763,207.15224961243123,18,2041,4.30886938006e-06,
320,triangle,1184,1437,843,,291463.05981318984,6812054.141289745,122789.61865234375,226.49132090303743,235.52307296756155,176.4913209030374,185.52307296756155,18,2041,4.30886938006e-06,
321,triangle,724,959,723,,311296.31031718076,6809489.682223346,1729229.822265625,133.1740223859914,124.54676089066088,83.17402238599144,74.54676089066088,18,2041,4.30886938006e-06,
322,triangle,1269,1436,929,,289273.6360404529,6815376.426891449,197459.05908203125,293.4621642325071,294.341461630198,243.46216423250712,244.34146163019804,18,2041,4.30886938006e-06,
323,triangle,963,1374,1062,,304250.81879461155,6802910.008077878,1170939.4331054688,124.63916646172612,125.15309111743981,74.63916646172612,75.15309111743979,18,2041,4.30886938006e-06,
324,triangle,723,1265,722,,311296.7304799647,6811412.407310747,1728000.8461914062,134.5489917819698,113.44661348888297,84.5489917819698,63.446613488882974,59,1641,6.3694658888307145e-06,
325,triangle,911,1544,734,,298554.2808779615,6802116.025397616,1614216.3354492188,132.33851809738283,148.17620591830033,82.33851809738283,98.17620591830034,18,2041,4.30886938006e-06,
326,triangle,507,1531,1404,,305292.8195346129,6807049.399454386,20494.033203125,112.08273425397277,114.15825016168321,62.08273425397277,64.1582501616832,18,2041,4.30886938006e-06,
327,triangle,1250,1554,834,,300709.82895516284,6806315.24515318,112999.62451171875,146.5821074214709,143.35392141453033,96.58210742147091,93.35392141453032,18,2041,4.30886938006e-06,
328,triangle,1071,1253,756,,300385.5119793869,6811965.60122395,160973.732421875,174.33267699253372,170.41046824816434,124.33267699253372,120.41046824816438,18,2041,4.30886938006e-06,
329,triangle,1218,1219,858,,294063.1985951005,6807428.786182012,256804.333984375,232.305361761698,245.57820848519978,182.305361761698,195.57820848519978,18,2041,4.30886938006e-06,
330,triangle,808,1219,1218,,294408.77425363654,6807199.671016541,245046.1875,218.8980412738786,228.11013570289973,168.89804127387862,178.11013570289973,18,2041,4.30886938006e-06,
331,triangle,5,1096,691,,307903.6827931252,6806482.97274407,16545.59521484375,100.18629271073024,94.22536158122314,50.18629271073023,44.22536158122313,33,1321,1e-05,
332,triangle,1204,1504,924,,304148.7963509934,6810000.8177659325,186900.8134765625,136.83351081750905,130.20715151785672,86.83351081750905,80.2071515178567,18,2041,4.30886938006e-06,
333,triangle,690,1335,1225,,303388.0462101185,6810724.133462829,224551.31640625,136.83261862715239,132.7757336334615,86.83261862715239,82.77573363346146,18,2041,4.30886938006e-06,
334,triangle,686,931,797,,296441.1609709849,6813699.2686999915,191858.8115234375,204.22369747762815,204.7948577271442,154.22369747762818,154.79485772714426,18,2041,4.30886938006e-06,
335,triangle,232,1065,231,,298334.9346278059,6808521.08481682,224.50048828125,129.54195227753524,129.51048042743506,79.54195227753524,79.51048042743507,18,2041,4.30886938006e-06,
336,triangle,818,1194,884,,302163.4290896904,6806573.122613209,51697.900390625,123.81107420387275,123.8275890766483,73.81107420387275,73.82758907664831,18,2041,4.30886938006e-06,
337,triangle,1275,1489,1170,,307737.58492650045,6804497.006880294,203223.482421875,129.40264557129518,126.27092397779825,79.4026455712952,76.27092397779825,18,2041,4.30886938006e-06,
338,triangle,825,1489,1275,,308066.7668035414,6804536.018987406,155491.115234375,127.6678838975132,126.20479076032137,77.6678838975132,76.20479076032139,18,2041,4.30886938006e-06,
339,triangle,826,1305,967,,295581.5244638508,6809716.114296562,211284.212890625,179.13756622387515,176.6404694633012,129.13756622387513,126.64046946330122,18,2041,4.30886938006e-06,
340,triangle,824,895,840,,296431.51114218007,6808961.316867482,93003.04248046875,175.11872297362981,172.46950767241128,125.11872297362981,122.4695076724113,18,2041,4.30886938006e-06,
341,triangle,39,1411,849,,308097.93731338996,6808335.479391347,69313.90087890625,109.4189570500785,107.66711742032561,59.4189570500785,57.66711742032561,18,2041,4.30886938006e-06,
342,triangle,838,1337,1275,,307979.95147216506,6805299.415960655,275371.59619140625,106.71105230145164,115.67713767911899,56.71105230145165,65.677137679119,18,2041,4.30886938006e-06,
343,triangle,828,1504,1204,,304434.99547589937,6810048.439547722,178558.58203125,135.37927147477473,130.56764881432142,85.37927147477471,80.56764881432143,18,2041,4.30886938006e-06,
344,triangle,929,1277,1276,,289825.59197841765,6814888.139520533,182484.21826171875,282.62012097954323,286.6884130193896,232.62012097954323,236.68841301938969,18,2041,4.30886938006e-06,
345,triangle,734,1470,911,,297672.1264569321,6802076.571173477,1401277.3872070312,150.79589265949292,146.21416286067162,100.79589265949292,96.21416286067159,18,2041,4.30886938006e-06,
346,triangle,895,1188,840,,296260.5052911779,6808790.533226431,62002.91064453125,175.79721571386395,173.39337253768414,125.79721571386398,123.39337253768416,18,2041,4.30886938006e-06,
347,triangle,823,1338,991,,300015.17095591425,6806464.765883251,177675.02978515625,150.57258117068383,147.81706194751644,100.57258117068383,97.81706194751644,18,2041,4.30886938006e-06,
348,triangle,823,906,834,,300617.1205864269,6806801.241912481,113487.14697265625,128.36532305843383,132.81722336430641,78.36532305843383,82.8172233643064,18,2041,4.30886938006e-06,
349,triangle,991,1410,1173,,299198.9539165991,6806429.658985053,190823.5634765625,156.84617746988738,156.27849856992898,106.84617746988737,106.27849856992901,18,2041,4.30886938006e-06,
350,triangle,527,1307,526,,297096.51164268237,6808343.000538025,11644.9990234375,152.27234271284036,150.73761374989155,102.27234271284033,100.73761374989154,18,2041,4.30886938006e-06,
351,triangle,1093,1256,581,,292613.30554414797,6809711.481375677,33186.7216796875,231.70456428624584,234.3184886720929,181.70456428624584,184.3184886720929,18,2041,4.30886938006e-06,
352,triangle,982,1292,706,,287020.4491979245,6814740.586750154,1352860.0927734375,255.36270412167988,240.5522114423305,205.36270412167988,190.5522114423305,18,2041,4.30886938006e-06,
353,triangle,914,1455,1403,,307451.0645395634,6810175.743771844,321003.212890625,125.5080473524854,124.26159791560166,75.50804735248542,74.26159791560163,18,2041,4.30886938006e-06,
354,triangle,940,1471,1221,,305182.29319021973,6804793.690396945,159580.1904296875,139.0870326083726,133.19035875485613,89.0870326083726,83.19035875485612,18,2041,4.30886938006e-06,
355,triangle,816,1463,1202,,290791.1977585083,6806967.332995393,1432523.640625,228.54613583938428,247.81137449069843,178.54613583938425,197.81137449069843,18,2041,4.30886938006e-06,
356,triangle,860,1373,1306,,293720.0232234891,6813504.290468719,168226.634765625,179.3719418105278,192.26224067273634,129.3719418105278,142.26224067273634,18,2041,4.30886938006e-06,
357,triangle,675,1095,879,,295085.1699638817,6815358.263383861,386632.373046875,168.72859763814208,187.25230358899466,118.72859763814206,137.25230358899464,98,2021,7.558812995748572e-06,
358,triangle,1189,1361,1080,,295643.313431323,6806549.883758294,234690.43408203125,197.79545696008353,203.17153713960624,147.79545696008353,153.17153713960622,18,2041,4.30886938006e-06,
359,triangle,1138,1336,655,,290309.06672042335,6814249.727279966,27274.9150390625,252.48656326616265,252.28927812486765,202.48656326616265,202.28927812486765,18,2041,4.30886938006e-06,
360,triangle,824,1389,1046,,296848.53959522495,6808883.87104834,53075.43115234375,160.8634977809632,154.742173527044,110.8634977809632,104.74217352704399,18,2041,4.30886938006e-06,
361,triangle,733,1174,732,,301004.2588982188,6801398.726404265,1526305.7548828125,154.3374990377725,138.77123042172835,104.3374990377725,88.77123042172836,18,2041,4.30886938006e-06,
362,triangle,880,1241,961,,305402.4155901564,6810527.092771414,348550.29541015625,104.56105653248332,116.72227995381981,54.561056532483306,66.72227995381981,18,2041,4.715378710055714e-06,
363,triangle,63,1350,62,,301446.482807024,6807033.894934072,4624.31982421875,114.69751923897567,115.01826763493416,64.69751923897566,65.01826763493416,18,2041,4.30886938006e-06,
364,triangle,211,1351,210,,295115.5109935715,6810713.948227319,4055.82421875,177.21169575218437,176.78022178517654,127.21169575218437,126.78022178517655,18,2041,4.30886938006e-06,
365,triangle,833,1439,1236,,295767.7526577309,6807624.8998428,137932.76025390625,194.84568710901004,203.02169748822985,144.84568710901004,153.02169748822988,18,2041,4.30886938006e-06,
366,triangle,971,1324,1182,,290719.21282359445,6804199.723564767,1628898.6669921875,193.76101046006477,190.20994722473833,143.76101046006477,140.20994722473833,18,2041,4.30886938006e-06,
367,triangle,485,1424,484,,307084.9851208069,6806125.803150897,3935.82568359375,101.54903296200631,101.72505653673731,51.54903296200631,51.725056536737306,18,2041,4.30886938006e-06,
368,triangle,601,992,602,,292649.3228783401,6811119.036900732,7690.47509765625,210.54080033668566,211.27822251720045,160.54080033668566,161.27822251720045,18,2041,4.30886938006e-06,
369,triangle,760,1258,186,,298502.49516076193,6812415.42793624,49841.650390625,190.0994095513265,189.03744225982715,140.0994095513265,139.03744225982715,18,2041,4.30886938006e-06,
370,triangle,1336,1450,1083,,289969.4282582473,6813793.290097904,113730.5791015625,241.92224019683388,258.8927589918364,191.92224019683385,208.89275899183642,18,2041,4.30886938006e-06,
371,triangle,1277,1436,804,,289989.34726691036,6815420.359461728,182855.35888671875,295.25038398204373,270.90673949540985,245.25038398204373,220.90673949540985,18,2041,4.30886938006e-06,
372,triangle,702,1234,701,,286647.77654187335,6805782.790124182,1858183.884765625,220.54921125611304,209.99553509438832,170.54921125611304,159.99553509438832,18,2041,4.30886938006e-06,
373,triangle,715,1235,714,,300899.4747300819,6817801.21745725,1899670.4760742188,87.61753475234387,84.74290479710423,37.617534752343865,34.742904797104245,98,2021,6.475498457185715e-06,
374,triangle,710,1273,709,,290854.5653594173,6817872.518989888,1686794.2661132812,182.16924102596934,189.74512575464598,132.16924102596934,139.745125754646,32,1341,1e-05,
375,triangle,804,1436,697,,289888.32253646903,6815720.180720371,206136.23876953125,264.11006569817204,255.37370066651658,214.110065698172,205.37370066651656,18,2041,4.30886938006e-06,
376,triangle,202,1129,604,,292905.0868202296,6811096.611055556,20745.31689453125,209.00386877868718,207.59128830050778,159.0038687786872,157.59128830050778,18,2041,4.30886938006e-06,
377,triangle,507,1246,1120,,305449.24870959035,6807174.997519538,21771.7392578125,117.76448490635724,116.77006915428392,67.76448490635724,66.7700691542839,18,2041,4.30886938006e-06,
378,triangle,729,1399,728,,309021.83415279613,6801478.678101142,1765007.6962890625,95.12719229905039,112.03643425814862,45.12719229905039,62.036434258148624,18,2041,4.30886938006e-06,
379,triangle,1240,1241,1086,,305326.72991971456,6809715.942422387,207169.7734375,135.41663034579773,128.41977125884304,85.41663034579771,78.41977125884307,18,2041,4.30886938006e-06,
380,triangle,554,1434,553,,296311.54364297114,6808383.138621651,4709.4052734375,153.6897018645052,153.72886466584413,103.6897018645052,103.72886466584413,18,2041,4.30886938006e-06,
381,triangle,1182,1414,737,,292277.5026820128,6802281.08801736,1732168.1137695312,189.92157472367438,190.7465203286223,139.92157472367438,140.74652032862232,18,2041,4.918633375053572e-06,
382,triangle,1231,1402,632,,290479.2334788852,6813384.158912688,19160.953125,229.47272076173326,230.34425737813044,179.47272076173326,180.34425737813044,18,2041,4.30886938006e-06,
383,triangle,899,1447,1208,,305523.8812029437,6815994.955190544,1747022.9423828125,71.28255220148468,88.21628843303246,21.282552201484666,38.21628843303245,98,2021,4.688954929601429e-06,
384,triangle,1080,1178,1167,,296431.1003929791,6807036.3162232,191512.73388671875,206.71232404055803,199.13275012630552,156.712324040558,149.13275012630558,18,2041,4.30886938006e-06,
385,triangle,602,992,603,,292699.3228783401,6811094.036900732,4954.1513671875,209.75387873223053,210.24488714936192,159.75387873223053,160.24488714936192,18,2041,4.30886938006e-06,
386,triangle,987,1475,1077,,293985.1195500375,6808538.270948174,130583.94580078125,222.78967376739197,229.24800310147347,172.789673767392,179.24800310147347,18,2041,4.30886938006e-06,
387,triangle,948,1446,797,,296343.57899805036,6814342.754064149,137553.94580078125,215.05154805608186,209.2937910968485,165.05154805608186,159.29379109684848,2,1381,1e-05,
388,triangle,30,930,29,,307885.41308007453,6807803.584576654,6028.26513671875,103.49464033321797,96.61335061258893,53.49464033321797,46.61335061258893,33,1321,1e-05,
389,triangle,32,930,31,,307785.41308007453,6807803.584576654,6028.26513671875,101.4042973286315,98.64668343729596,51.40429732863149,48.64668343729596,33,1321,1e-05,
390,triangle,767,1248,191,,295228.7295651751,6812759.494563498,55709.20556640625,177.0962271100872,179.09472242866264,127.09622711008721,129.09472242866266,18,2041,4.512124045057858e-06,
391,triangle,692,1244,803,,308952.594260459,6806301.064268208,126027.01123046875,92.69959658099724,96.26794130486725,42.69959658099723,46.26794130486726,18,2041,4.30886938006e-06,
392,triangle,1419,1484,839,,297616.85256676056,6808422.57952537,72803.2119140625,150.56575576917595,149.7498496516441,100.56575576917596,99.74984965164407,18,2041,4.30886938006e-06,
393,triangle,822,1251,937,,293339.74556973006,6810164.070540386,87642.55078125,226.28834485558414,223.63018477771584,176.28834485558414,173.63018477771584,18,2041,4.30886938006e-06,
394,triangle,579,955,578,,294749.3347430127,6809111.761580105,7189.1640625,183.0860324576293,183.59176144677193,133.08603245762927,133.59176144677193,18,2041,4.30886938006e-06,
395,triangle,697,1436,1269,,289394.4881500407,6815736.742957804,201682.9658203125,252.50311625915435,272.5505061189969,202.50311625915435,222.55050611899685,18,2041,4.30886938006e-06,
396,triangle,825,1441,1378,,308671.9442605535,6804453.1987793995,203687.91064453125,126.87855273110637,125.06403213733245,76.87855273110635,75.06403213733245,18,2041,4.30886938006e-06,
397,triangle,115,1316,114,,304417.0130347587,6808878.719332065,7957.39111328125,105.74386516711249,107.21536563205662,55.74386516711249,57.21536563205661,18,2041,4.30886938006e-06,
398,triangle,667,1317,668,,291361.60286395164,6813830.0684638,7500.5244140625,218.246245668151,219.4429119570982,168.246245668151,169.4429119570982,18,2041,4.30886938006e-06,
399,triangle,88,1314,87,,303372.5180538018,6807299.4721448645,8217.6650390625,108.23804972789765,110.59392315319114,58.23804972789765,60.59392315319113,18,2041,4.30886938006e-06,
400,triangle,109,1315,108,,304743.88695402606,6808440.291692243,8841.96728515625,102.4136503876956,102.36427362917327,52.4136503876956,52.364273629173276,18,2041,4.30886938006e-06,
401,triangle,119,1232,1110,,304137.7484488163,6809082.588366288,20438.65673828125,113.69285428523314,112.02207060791325,63.69285428523314,62.02207060791326,18,2041,4.30886938006e-06,
402,triangle,837,1425,1082,,290527.87830385665,6812634.465569981,82525.955078125,240.43931086746045,244.80884276698762,190.43931086746045,194.8088427669876,18,2041,4.30886938006e-06,
403,triangle,1209,1301,679,,293785.3702085702,6814872.520715023,84831.65234375,171.70805203864822,174.0270166990425,121.70805203864825,124.02701669904245,52,1561,1.189207115e-05,
404,triangle,1237,1445,719,,309393.71160288877,6817215.605552307,1562608.8203125,57.82688846968499,66.01633680198023,7.826888469684986,16.01633680198023,98,2021,4.30886938006e-06,
405,triangle,500,1119,1117,,305930.54304778273,6806387.916325684,25565.18505859375,108.42653647334362,108.4455444339634,58.42653647334362,58.44554443396341,18,2041,4.30886938006e-06,
406,triangle,1220,1472,496,,305424.7339457516,6806098.432415598,58880.396484375,110.73585566356184,112.25220943994748,60.73585566356183,62.2522094399475,18,2041,4.30886938006e-06,
407,triangle,1169,1408,766,,295713.78148268827,6812906.633439142,57378.07763671875,185.22912651532232,186.88976652346318,135.22912651532232,136.8897665234632,18,2041,4.30886938006e-06,
408,triangle,1161,1354,743,,306713.3216199757,6808901.945826468,82252.474609375,111.30704278641717,113.78764467871956,61.30704278641717,63.78764467871955,18,2041,4.30886938006e-06,
409,triangle,976,1483,1407,,306281.45477640955,6805512.291524983,87400.31982421875,117.84794802804657,118.09971013986255,67.84794802804657,68.09971013986255,18,2041,4.30886938006e-06,
410,triangle,1159,1383,1064,,307545.31666273135,6808874.470742963,102586.279296875,114.40226934531864,117.26890163795179,64.40226934531864,67.26890163795179,18,2041,4.30886938006e-06,
411,triangle,486,1023,495,,306943.58997602767,6806205.565240945,4998.91015625,98.79124498340994,98.78294952316291,48.791244983409925,48.78294952316292,18,2041,4.30886938006e-06,
412,triangle,1182,1388,971,,290369.88227971125,6803410.975148481,1529875.5268554688,177.64492512705866,175.4875048162984,127.64492512705866,125.48750481629844,18,2041,4.918633375053572e-06,
413,triangle,1270,1273,697,,289726.2406173423,6816557.651766137,685033.11328125,216.9986812759916,230.13938202851986,166.99868127599163,180.13938202851986,52,1561,1.1756923210714288e-05,
414,triangle,1135,1373,832,,293209.30827576393,6812946.538176976,209860.52978515625,200.81850688679202,191.81908740446474,150.81850688679205,141.81908740446474,18,2041,4.30886938006e-06,
415,triangle,812,1345,843,,291089.0505871666,6811683.907118253,141421.8203125,257.94671523208393,258.971545967221,207.94671523208393,208.971545967221,18,2041,4.30886938006e-06,
416,triangle,1256,1451,581,,292468.10609043064,6809770.881161462,41068.51953125,226.66783059219537,240.2744205681109,176.66783059219534,190.27442056811094,18,2041,4.30886938006e-06,
417,triangle,522,1543,523,,296735.95527872356,6808135.941397936,5623.4384765625,154.96955352787455,155.10099611195972,104.96955352787455,105.10099611195972,18,2041,4.30886938006e-06,
418,triangle,1077,1475,867,,294191.5136377818,6808680.414052631,79686.9990234375,207.22598700639753,218.2606294904625,157.22598700639753,168.26062949046246,18,2041,4.30886938006e-06,
419,triangle,820,1328,903,,301796.1004544446,6810321.703346387,142258.78271484375,151.87217108159126,147.56191227711562,101.87217108159128,97.56191227711564,18,2041,4.30886938006e-06,
420,triangle,719,1445,718,,308728.2700015437,6817900.596386963,1602967.0366210938,81.00576831620262,70.57957057245754,31.00576831620263,20.57957057245754,98,2021,4.30886938006e-06,
421,triangle,615,1286,616,,291199.94856697967,6812686.489349344,6917.5517578125,215.04568467128664,215.30399456176147,165.04568467128664,165.3039945617615,18,2041,4.30886938006e-06,
422,triangle,41,1556,1240,,305132.5041109289,6809198.85011674,58337.65234375,114.07169986364926,117.2070979896702,64.07169986364926,67.2070979896702,18,2041,4.30886938006e-06,
423,triangle,569,1362,570,,294087.5,6809304.603470336,6142.89013671875,197.28083508534053,199.1432552390868,147.28083508534056,149.1432552390868,18,2041,4.30886938006e-06,
424,triangle,571,1363,572,,294285.94166698214,6809287.186659115,4183.4990234375,193.4411607558078,195.05112845824405,143.4411607558078,145.05112845824405,18,2041,4.30886938006e-06,
425,triangle,985,1399,729,,308311.16640007,6802079.25823354,1346194.7963867188,94.55831583037374,113.29670714450315,44.55831583037374,63.29670714450314,18,2041,4.30886938006e-06,
426,triangle,1158,1295,816,,291998.7740926303,6807579.587024928,399137.2216796875,271.5476091262292,256.8674466913853,221.54760912622916,206.86744669138525,18,2041,4.30886938006e-06,
427,triangle,959,1265,723,,310705.5407971454,6810264.589534094,1655727.6708984375,136.8699940092769,123.94337387091754,86.86999400927691,73.94337387091754,18,2041,4.800079179383572e-06,
428,triangle,195,1366,769,,293828.3569100679,6812062.8018485755,35510.9375,185.9253314082688,184.0364878398415,135.9253314082688,134.03648783984153,18,2041,4.918633375053572e-06,
429,triangle,500,916,501,,305841.5005598503,6806571.8920249045,11856.53955078125,105.7236630485269,104.12661037596297,55.7236630485269,54.126610375962976,18,2041,4.30886938006e-06,
430,triangle,925,1078,839,,297385.0497039762,6807876.7012104625,96117.29736328125,172.0158989481853,173.82628675324494,122.01589894818534,123.82628675324491,18,2041,4.30886938006e-06,
431,triangle,871,1197,821,,295039.35265780863,6808382.842876367,78497.77587890625,192.90469751068787,195.21137953275698,142.90469751068787,145.21137953275698,18,2041,4.30886938006e-06,
432,triangle,624,1281,625,,291885.3481670446,6812894.294438864,4983.12451171875,200.4008191305978,200.15219960369487,150.4008191305978,150.15219960369487,18,2041,4.30886938006e-06,
433,triangle,1282,1328,184,,301694.3141279543,6810995.02011463,143104.0234375,153.00687510090683,152.50025400753663,103.00687510090683,102.50025400753664,18,2041,4.30886938006e-06,
434,triangle,1294,1295,1293,,292885.5138501684,6807647.889593187,301320.78369140625,251.74438546492576,258.5432970559268,201.74438546492576,208.5432970559268,18,2041,4.30886938006e-06,
435,triangle,230,1443,780,,298239.9169443669,6808633.917647752,12006.19384765625,129.727039929385,129.79048305132318,79.727039929385,79.79048305132318,18,2041,5.731652035045001e-06,
436,triangle,806,1346,1257,,304094.3419204562,6805191.614938441,278869.1748046875,135.37541396798918,130.84820839796234,85.37541396798918,80.84820839796234,18,2041,4.30886938006e-06,
437,triangle,530,1193,909,,297373.2514865094,6808782.522986676,36823.9462890625,139.26009929805764,141.40741361570986,89.26009929805767,91.40741361570986,18,2041,4.30886938006e-06,
438,triangle,860,1300,1063,,294418.34566710005,6813472.375550105,195853.50390625,182.2928376891154,183.7890041829572,132.2928376891154,133.7890041829572,18,2041,4.30886938006e-06,
439,triangle,841,1483,976,,306064.34240422567,6805575.287855743,105207.56494140625,115.0884092907319,121.39519473680934,65.08840929073192,71.39519473680936,18,2041,4.30886938006e-06,
440,triangle,1208,1445,962,,307816.2848987563,6815917.8675545035,1850363.16015625,58.203530642067165,64.956764901352,8.203530642067161,14.956764901352008,98,2021,4.30886938006e-06,
441,triangle,1289,1302,983,,297469.94438729476,6814668.863560475,213762.62646484375,200.20101013652513,191.8404658303381,150.20101013652516,141.8404658303381,2,1381,1.0946035575e-05,
442,triangle,885,1008,998,,303118.2412960629,6806958.914116661,58002.9921875,118.64394902384228,122.87639438814922,68.64394902384228,72.87639438814921,18,2041,4.30886938006e-06,
443,triangle,800,1282,1164,,301718.5665444048,6811650.142662571,161258.97802734375,164.18797577949175,161.3669714481237,114.18797577949175,111.3669714481237,18,2041,4.30886938006e-06,
444,triangle,1135,1420,1134,,292634.5967734562,6812883.028949623,121654.97998046875,193.7793850225046,195.25385688811994,143.7793850225046,145.25385688811994,18,2041,4.30886938006e-06,
445,triangle,817,1426,1418,,301488.5528188546,6806122.151032585,118885.62841796875,148.1730057516158,142.62234006591504,98.1730057516158,92.62234006591503,18,2041,4.30886938006e-06,
446,triangle,1418,1426,1260,,301725.4812352939,6805856.750968582,175985.39404296875,147.42688415382062,140.05617359677623,97.42688415382062,90.05617359677622,18,2041,4.30886938006e-06,
447,triangle,909,1484,1419,,297573.3678027358,6808624.07456119,35285.6533203125,142.3875677265798,143.08795051127404,92.38756772657979,93.08795051127402,18,2041,4.30886938006e-06,
448,triangle,1225,1335,819,,303231.29953546525,6810342.886826709,199169.88818359375,143.09398350841613,138.64391994573444,93.09398350841613,88.64391994573442,18,2041,4.30886938006e-06,
449,triangle,1157,1337,838,,308075.5490592174,6805667.869201395,190313.55859375,102.82236013026477,111.80253982495431,52.82236013026477,61.8025398249543,18,2041,4.30886938006e-06,
450,triangle,603,992,604,,292749.3228783401,6811094.036900732,4954.1513671875,209.26545669025572,209.11155076427076,159.26545669025572,159.11155076427076,18,2041,4.30886938006e-06,
451,triangle,799,1353,1253,,300961.9161485003,6812055.289370734,134622.87744140625,177.50039599365442,178.2568808608438,127.5003959936544,128.2568808608438,18,2041,4.30886938006e-06,
452,triangle,655,1336,1276,,290174.9572286214,6814375.597788028,65233.85107421875,253.85999398365746,257.37286269407986,203.85999398365746,207.37286269407983,18,2041,4.30886938006e-06,
453,triangle,600,1201,601,,292537.2291156486,6811191.118833323,7438.36865234375,213.4968747948558,214.38618294857,163.49687479485578,164.38618294857,18,2041,4.30886938006e-06,
454,triangle,872,1450,1336,,290189.9528218596,6813930.939457257,73542.7109375,259.3656049404216,255.094162656276,209.36560494042158,205.09416265627598,18,2041,4.30886938006e-06,
455,triangle,1083,1450,1154,,290014.32093106204,6813451.433251158,106122.6533203125,249.1500936213025,250.98979790489648,199.1500936213025,200.98979790489648,18,2041,4.30886938006e-06,
456,triangle,826,967,966,,295704.1090895881,6809419.583472454,158144.291015625,183.08033503650654,183.13451395551087,133.08033503650654,133.1345139555109,18,2041,4.30886938006e-06,
457,triangle,879,936,675,,295438.0743533578,6815588.164915435,302718.52734375,158.73648615552077,172.77345431800836,108.73648615552075,122.77345431800832,98,2021,4.30886938006e-06,
458,triangle,20,1360,874,,308684.94153048494,6807260.348790069,46684.0966796875,81.21884013407592,85.18308360631576,31.21884013407591,35.18308360631576,33,1321,1e-05,
459,triangle,842,1512,1199,,306270.75269036455,6804064.493112042,184078.50341796875,133.7687952795031,134.0437222039458,83.76879527950311,84.04372220394582,18,2041,4.30886938006e-06,
460,triangle,880,1322,952,,306231.05858974933,6810018.245044868,175363.23974609375,123.14285894047806,126.34878913514528,73.14285894047805,76.34878913514528,18,2041,4.30886938006e-06,
461,triangle,832,1373,1200,,293526.59245912643,6812741.522978161,178885.8642578125,196.50216167470688,192.76543843277022,146.50216167470688,142.76543843277022,18,2041,4.30886938006e-06,
462,triangle,551,1188,552,,296147.2989326669,6808543.782885954,4925.57470703125,157.4377075088129,158.2249418240283,107.43770750881292,108.22494182402829,18,2041,4.30886938006e-06,
463,triangle,901,1247,1176,,288616.89653481025,6810184.513269077,1434369.1889648438,217.1635319571206,212.81553839169092,167.1635319571206,162.8155383916909,62,1981,8.780472010012858e-06,
464,triangle,776,1172,913,,295686.7809216991,6810453.47764101,74861.83349609375,159.29203204319919,165.83218852755854,109.29203204319919,115.83218852755856,18,2041,4.30886938006e-06,
465,triangle,686,1446,983,,296905.9811188684,6814259.090416099,196474.04150390625,207.07564362123634,199.32460888446155,157.07564362123634,149.32460888446153,2,1381,1e-05,
466,triangle,929,1276,995,,289682.2309456621,6814606.268426499,178184.00341796875,282.1946519353004,283.1361083795314,232.19465193530033,233.13610837953138,18,2041,4.30886938006e-06,
467,triangle,773,1213,937,,293725.2876615869,6810325.796942636,76050.59716796875,205.39818249083967,207.6872309010511,155.39818249083964,157.6872309010511,18,2041,4.30886938006e-06,
468,triangle,798,1416,678,,295187.998586988,6814135.312720579,111413.79833984375,212.72897544274053,211.5463257180305,162.72897544274053,161.54632571803046,18,2041,4.715378710055714e-06,
469,triangle,967,1367,1238,,296406.7073479067,6809752.142958728,70409.169921875,161.62315834130544,155.77665567257796,111.62315834130543,105.77665567257797,18,2041,4.30886938006e-06,
470,triangle,485,1023,486,,306993.58997602767,6806180.565240945,5720.0380859375,99.28751891327569,99.24961669845588,49.287518913275704,49.24961669845589,18,2041,4.30886938006e-06,
471,triangle,495,1023,494,,306893.58997602767,6806180.565240945,7090.28271484375,99.43023102774414,99.24961669845588,49.430231027744135,49.24961669845589,18,2041,4.30886938006e-06,
472,triangle,646,1055,645,,291524.7453703704,6813307.395187162,7634.18701171875,205.95091371035258,206.8230512434445,155.95091371035258,156.8230512434445,18,2041,4.30886938006e-06,
473,triangle,1175,1306,680,,293755.74763114285,6814110.164288845,128945.39697265625,197.03259185823063,192.61923814904586,147.0325918582306,142.61923814904586,18,2041,4.30886938006e-06,
474,triangle,885,1163,1103,,302710.3792519354,6806849.953598333,33371.52294921875,117.36817475157105,119.64138262788644,67.36817475157103,69.64138262788641,18,2041,4.30886938006e-06,
475,triangle,228,1343,227,,297691.1012347694,6809049.04523855,4195.6962890625,132.55578929977997,134.71989250003298,82.55578929977996,84.71989250003298,18,2041,4.918633375053572e-06,
476,triangle,688,1386,799,,301010.394916049,6812956.0644743,349427.2998046875,160.75976561878034,167.35251210891485,110.75976561878032,117.35251210891487,2,1381,1e-05,
477,triangle,629,1466,1134,,292324.82468219614,6813083.455485363,30889.767578125,194.65018512245302,198.6925996451047,144.65018512245302,148.69259964510468,18,2041,4.30886938006e-06,
478,triangle,1322,1455,914,,307000.2172976609,6810182.404176929,267516.7421875,123.54062610344042,122.81738601451497,73.54062610344043,72.81738601451497,18,2041,4.30886938006e-06,
479,triangle,802,942,803,,308475.04309614346,6806550.752482016,69484.58203125,96.91823758929739,96.8715675998334,46.918237589297384,46.871567599833405,33,1321,1e-05,
480,triangle,33,930,32,,307735.41308007453,6807828.584576654,10012.236328125,98.97738603089347,99.2800172792556,48.97738603089346,49.280017279255595,33,1321,1e-05,
481,triangle,838,1275,958,,307587.87951800827,6805194.743513659,194739.046875,109.65706689246468,116.8691752877424,59.6570668924647,66.8691752877424,18,2041,4.30886938006e-06,
482,triangle,206,1181,205,,294753.4556342933,6810548.44666544,12415.12744140625,182.73733090449915,183.1500931261779,132.73733090449915,133.1500931261779,18,2041,5.432919089339286e-06,
483,triangle,793,1300,1175,,294342.43058682646,6814100.396546171,167957.61083984375,203.76526474000448,199.90158487679142,153.76526474000448,149.90158487679142,18,2041,4.30886938006e-06,
484,triangle,816,1518,1324,,291817.1059551426,6805536.484093483,1543263.5571289062,257.2708933605851,232.44257361391809,207.2708933605851,182.44257361391806,18,2041,4.30886938006e-06,
485,triangle,997,1518,816,,292567.96518096956,6805862.146834589,1322230.1420898438,243.15561310769849,229.09711134979284,193.1556131076985,179.09711134979284,18,2041,4.30886938006e-06,
486,triangle,947,1273,710,,291519.74602143676,6817266.730448418,1273692.3393554688,215.57767877411936,190.78093040998013,165.5776787741194,140.78093040998013,32,1341,9.186981340008571e-06,
487,triangle,839,1484,1156,,297827.0103341969,6808417.323836344,88348.65283203125,148.6625701245478,147.6414110728101,98.66257012454778,97.64141107281007,18,2041,4.30886938006e-06,
488,triangle,1461,1462,809,,289483.20594660187,6812077.871138178,158902.45849609375,264.4338290664416,261.00699633867754,214.4338290664416,211.00699633867757,18,2041,4.30886938006e-06,
489,triangle,698,1272,699,,291114.43443044694,6815410.561148752,71194.42236328125,216.47614602568254,219.88473486486774,166.47614602568254,169.88473486486774,52,1561,1.189207115e-05,
490,triangle,614,1384,615,,291090.4784276964,6812661.523112199,4108.849609375,218.0188192793079,218.0989232115587,168.0188192793079,168.0989232115587,18,2041,4.30886938006e-06,
491,triangle,12,1097,11,,308067.02826141694,6806916.14883785,5723.93505859375,84.89296601178431,85.64041937482494,34.892966011784296,35.64041937482494,33,1321,1e-05,
492,triangle,13,1098,12,,308189.4872384169,6807036.534898992,5957.138671875,83.39402474865332,84.59559038994233,33.39402474865333,34.59559038994234,33,1321,1e-05,
493,triangle,89,1104,88,,303461.9610903216,6807406.07213856,6287.5068359375,107.45958646369013,107.68757724317759,57.459586463690115,57.68757724317759,18,2041,4.30886938006e-06,
494,triangle,104,1105,103,,304391.1458333333,6808040.104166667,5742.1875,103.94463392025042,104.12705617260052,53.94463392025043,54.12705617260051,18,2041,4.30886938006e-06,
495,triangle,108,1107,107,,304619.57180221233,6808337.116941889,6463.671875,102.78189436017729,102.88273581651121,52.781894360177276,52.88273581651121,18,2041,4.30886938006e-06,
496,triangle,114,1108,113,,304512.94740472717,6808768.153568826,6311.35986328125,104.45870662640031,105.30567623208385,54.458706626400314,55.30567623208386,18,2041,4.30886938006e-06,
497,triangle,119,1110,118,,304140.70745080896,6808991.362366274,6420.3544921875,107.45340656015362,107.1132235110238,57.453406560153624,57.11322351102379,18,2041,4.30886938006e-06,
498,triangle,175,1111,174,,300342.68625991134,6810388.183046304,6285.296875,132.79354999005074,132.8958585553994,82.79354999005074,82.89585855539939,18,2041,4.30886938006e-06,
499,triangle,492,1115,491,,306640.0445517678,6806016.503981091,5460.81396484375,103.40949703925965,103.84251264267944,53.40949703925966,53.842512642679445,18,2041,4.30886938006e-06,
500,triangle,499,1118,500,,305762.45365875476,6806442.519959674,6194.958984375,105.14948273929909,105.13672853380069,55.1494827392991,55.13672853380069,18,2041,4.30886938006e-06,
501,triangle,501,1119,500,,305935.8104923884,6806504.7868937,6302.654296875,103.60938242467864,103.7649177266948,53.60938242467865,53.76491772669481,18,2041,4.30886938006e-06,
502,triangle,532,1121,531,,294687.2454879715,6808835.3510899255,5838.11962890625,184.71736978012936,184.3837555097915,134.71736978012933,134.3837555097915,18,2041,4.30886938006e-06,
503,triangle,590,1127,591,,293015.1079002994,6810492.242794338,5865.17529296875,204.46034240183465,205.7169735810793,154.46034240183465,155.7169735810793,18,2041,4.30886938006e-06,
504,triangle,630,1136,631,,290489.2715419501,6813560.84234289,5637.81201171875,229.24001480408856,227.94251899010962,179.24001480408856,177.94251899010962,18,2041,4.30886938006e-06,
505,triangle,669,1145,668,,291367.896412037,6813713.366608796,4920.41015625,217.38435232124402,216.88150552777176,167.38435232124402,166.88150552777176,18,2041,4.30886938006e-06,
506,triangle,668,1146,669,,291462.1345060197,6813719.044283678,6320.11376953125,214.97776221742922,215.02863348923893,164.97776221742922,165.0286334892389,18,2041,4.30886938006e-06,
507,triangle,1227,1245,805,,301036.08306684025,6804238.900584739,959044.1118164062,137.3805902613717,143.9952384455657,87.38059026137172,93.99523844556569,18,2041,1.0444152035045e-05,
508,triangle,1164,1282,184,,301595.9888958069,6811305.749658945,143336.47119140625,160.46798677585534,159.9252915608552,110.46798677585531,109.92529156085517,18,2041,4.30886938006e-06,
509,triangle,1407,1483,488,,306373.03608700173,6805711.818473483,33311.3642578125,108.7592800431928,111.81761110302637,58.75928004319279,61.81761110302636,18,2041,4.30886938006e-06,
510,triangle,227,1343,226,,297647.8031037512,6809049.04523855,5732.41064453125,131.67665823976455,134.82641741373288,81.67665823976455,84.82641741373288,18,2041,4.30886938006e-06,
511,triangle,861,1323,998,,303607.26667231927,6806890.840934384,99827.35888671875,137.1418454093738,133.4988834057,87.14184540937379,83.4988834057,18,2041,4.30886938006e-06,
512,triangle,597,1342,598,,292309.4820027906,6811167.007335569,4725.8251953125,218.254660189693,218.81540507387808,168.254660189693,168.8154050738781,18,2041,4.30886938006e-06,
513,triangle,48,1090,47,,307121.01887570746,6806623.10847351,31605.4306640625,99.95382840894986,99.48864790392257,49.95382840894988,49.48864790392256,18,2041,4.30886938006e-06,
514,triangle,1364,1489,1378,,308357.9801417885,6803861.430989073,270608.34814453125,128.61444281004066,129.48835823262263,78.61444281004064,79.48835823262264,18,2041,4.30886938006e-06,
515,triangle,1378,1489,825,,308395.30408942426,6804236.371439502,200359.79150390625,131.78323729820778,130.32904294941417,81.78323729820777,80.32904294941416,18,2041,4.30886938006e-06,
516,triangle,683,1162,684,,296534.2551164121,6815310.347731691,84486.68896484375,167.938912584282,166.16150775559504,117.93891258428201,116.16150775559504,3,1481,1.0608165726785716e-05,
517,triangle,587,1249,588,,292800.3478970637,6810367.615329869,7567.58642578125,212.1940134574321,213.27805212784878,162.19401345743208,163.27805212784875,18,2041,4.30886938006e-06,
518,triangle,220,1168,219,,297153.683072824,6809546.842247736,1316.998046875,134.69886192496102,136.46307922041476,84.69886192496104,86.46307922041477,18,2041,4.30886938006e-06,
519,triangle,1228,1332,596,,292098.58484636084,6810977.926445645,42924.72705078125,226.76831646541677,229.71335970621365,176.76831646541675,179.71335970621362,18,2041,4.30886938006e-06,
520,triangle,1318,1504,1232,,304099.69718023366,6809413.145576541,68622.541015625,121.6427080879213,122.67731156034301,71.6427080879213,72.677311560343,18,2041,4.30886938006e-06,
521,triangle,997,1536,938,,293953.4881216629,6805424.581878106,1101260.822265625,190.84043832433886,203.839557397959,140.84043832433886,153.839557397959,18,2041,4.30886938006e-06,
522,triangle,496,1303,497,,305538.10483870964,6806336.895161291,11113.91162109375,107.89300922682392,108.31994744418954,57.893009226823935,58.31994744418952,18,2041,4.30886938006e-06,
523,triangle,958,1464,838,,307343.0984944254,6805412.250741278,126136.6591796875,119.41733867306203,117.37683581721063,69.41733867306203,67.37683581721063,18,2041,4.30886938006e-06,
524,triangle,839,1290,925,,297633.6079535329,6807741.742672157,201295.45751953125,179.9049655373931,175.55405304994656,129.9049655373931,125.55405304994656,18,2041,4.30886938006e-06,
525,triangle,1254,1447,899,,304539.1498251899,6816050.927022775,1429178.361328125,96.56559304477484,93.65140624897596,46.56559304477484,43.65140624897597,98,2021,5.392183918622857e-06,
526,triangle,1235,1542,923,,301815.17029411066,6816114.1362572275,1676213.3217773438,101.59191266699803,121.8243045748386,51.591912666998034,71.8243045748386,3,1481,1.0743313666071427e-05,
527,triangle,186,1258,1149,,298688.73082723265,6812523.8893285105,69682.6357421875,194.82311509921274,191.9516316079993,144.8231150992127,141.95163160799927,18,2041,4.30886938006e-06,
528,triangle,1359,1441,939,,309140.22998135415,6804868.43125165,184955.966796875,113.53749934538675,113.33624300810783,63.53749934538675,63.33624300810783,18,2041,4.30886938006e-06,
529,triangle,229,1343,228,,297768.7214211277,6808999.04523855,18213.71630859375,138.2907244916808,134.74463982751462,88.29072449168083,84.74463982751462,18,2041,5.325142705049286e-06,
530,triangle,680,1283,1175,,293896.7912816811,6814284.612270222,65396.30126953125,184.88779944768044,183.33869064970997,134.8877994476804,133.33869064970997,18,2041,4.30886938006e-06,
531,triangle,1182,1518,1414,,292471.3225011824,6803546.429493803,1344202.6372070312,179.47197438619037,204.8148928988459,129.47197438619042,154.8148928988459,18,2041,4.30886938006e-06,
532,triangle,907,1251,822,,293175.08304916974,6810044.644729664,66568.2548828125,235.6265124160351,230.107985208075,185.62651241603513,180.107985208075,18,2041,4.30886938006e-06,
533,triangle,564,1389,565,,297087.5,6808700.848216229,5720.42431640625,143.1963631302211,143.92604375092517,93.19636313022109,93.92604375092516,18,2041,4.30886938006e-06,
534,triangle,521,1344,520,,296628.3513082198,6807901.952943642,8594.81591796875,162.03884226500267,166.68693403369164,112.03884226500267,116.68693403369163,18,2041,4.30886938006e-06,
535,triangle,1110,1316,115,,304357.72048556764,6808945.0816983385,12251.77978515625,107.37771300524872,109.09525428386816,57.37771300524872,59.095254283868165,18,2041,4.30886938006e-06,
536,triangle,1219,1294,858,,293593.0362166532,6807269.207669401,345498.3623046875,254.15137024469948,245.2871783196898,204.15137024469948,195.2871783196898,18,2041,4.30886938006e-06,
537,triangle,1414,1518,938,,293238.07896920183,6803869.969445248,1282319.087890625,210.00669172531525,204.87313925399144,160.00669172531525,154.87313925399144,18,2041,4.30886938006e-06,
538,triangle,555,922,556,,296405.38617015694,6808497.229861196,7519.91552734375,151.92823195959357,152.89464696499616,101.92823195959353,102.89464696499617,18,2041,4.30886938006e-06,
539,triangle,552,922,553,,296255.38617015694,6808497.229861196,8731.80322265625,154.1212528171387,154.8279813155821,104.12125281713868,104.82798131558211,18,2041,4.30886938006e-06,
540,triangle,609,935,608,,293104.5761600256,6810815.346132379,9008.7421875,204.93609463491217,202.26350807942,154.9360946349122,152.26350807942,18,2041,4.30886938006e-06,
541,triangle,1275,1337,825,,308211.7356237893,6804950.212790842,226422.94189453125,124.44250738356335,120.73783245059549,74.44250738356335,70.7378324505955,18,2041,4.30886938006e-06,
542,triangle,1171,1468,962,,308664.9876489986,6813381.290700316,1561267.3901367188,70.99367882925515,99.12815077582945,20.993678829255153,49.12815077582945,98,2021,4.964410869464286e-06,
543,triangle,727,970,726,,311310.8193969214,6803802.60642036,1686790.7641601562,121.5323532442692,126.78312055675866,71.5323532442692,76.78312055675866,18,2041,4.30886938006e-06,
544,triangle,917,1159,1064,,307719.9775717038,6809097.807128705,160366.494140625,118.18243360835707,122.62596229232338,68.18243360835704,72.6259622923234,18,2041,4.30886938006e-06,
545,triangle,630,1450,872,,290297.7009603399,6813733.099752265,46985.8046875,244.52200918489336,242.35611229201763,194.52200918489336,192.35611229201757,18,2041,4.30886938006e-06,
546,triangle,1307,1419,839,,297432.57404052943,6808292.987441815,63916.01123046875,163.37050139753302,157.7001595373139,113.37050139753302,107.70015953731388,18,2041,4.30886938006e-06,
547,triangle,925,1290,811,,297621.50917255366,6807337.0891083665,212980.6455078125,187.47279094865246,185.2257038816077,137.47279094865243,135.2257038816077,18,2041,4.30886938006e-06,
548,triangle,490,1233,491,,306541.81004768674,6806022.7563374685,6293.95751953125,104.47424956085425,104.95994133834387,54.47424956085425,54.95994133834387,18,2041,4.30886938006e-06,
549,triangle,530,1349,1193,,297264.1145071332,6808813.080811084,20973.24462890625,142.26556940073965,144.55396112693495,92.26556940073965,94.55396112693495,18,2041,4.30886938006e-06,
550,triangle,234,1278,900,,299429.58757574094,6807859.440084931,13714.373046875,125.32208006019528,126.55829098431074,75.32208006019528,76.55829098431072,18,2041,4.30886938006e-06,
551,triangle,762,1347,187,,297693.3565380978,6812556.65149752,52009.73486328125,179.28158278430075,178.04568680570125,129.28158278430072,128.04568680570125,18,2041,4.512124045057858e-06,
552,triangle,748,1271,42,,305651.85126156616,6808441.648128815,46065.34716796875,102.33970607403357,103.9445587665911,52.33970607403357,53.94455876659109,18,2041,4.715378710055714e-06,
553,triangle,507,1404,1246,,305310.7831045423,6807185.433063273,32858.37890625,117.6609389017479,118.44948770190068,67.66093890174791,68.44948770190068,18,2041,4.30886938006e-06,
554,triangle,1536,1553,938,,294661.586071053,6804961.540642706,1185094.4555664062,186.08765171460612,198.38817340997778,136.08765171460612,148.38817340997778,18,2041,4.30886938006e-06,
555,triangle,1396,1474,566,,293803.75725112966,6809030.8269216195,20708.056640625,206.39065853159093,210.09811362672585,156.39065853159093,160.09811362672585,18,2041,4.30886938006e-06,
556,triangle,1208,1447,717,,305902.38627244456,6817204.535745013,1416651.375,58.190170007940324,61.270624151117,8.190170007940328,11.270624151117005,98,2021,4.30886938006e-06,
557,triangle,123,1394,122,,303760.8333333333,6809207.386519118,3643.4833984375,108.35990152905639,108.65770901723494,58.35990152905638,58.657709017234936,18,2041,4.30886938006e-06,
558,triangle,125,1394,124,,303660.8333333333,6809207.386519118,3643.4833984375,109.23414599267454,109.22437720978051,59.23414599267454,59.224377209780506,18,2041,4.30886938006e-06,
559,triangle,127,1395,126,,303461.82180731074,6809209.95119846,3932.009765625,110.07525368704627,110.42634070292043,60.075253687046256,60.42634070292044,18,2041,4.30886938006e-06,
560,triangle,129,1395,128,,303361.82180731074,6809209.95119846,3932.009765625,110.96713872562705,111.22634375467824,60.96713872562705,61.226343754678254,18,2041,4.30886938006e-06,
561,triangle,191,1248,1169,,295377.63889713725,6812926.576791748,77521.2421875,182.3820772052119,185.89103310528046,132.3820772052119,135.89103310528046,18,2041,4.30886938006e-06,
562,triangle,988,1235,923,,301251.68102627824,6815282.896902231,1644197.0249023438,133.52718930431962,129.983495075898,83.52718930431962,79.98349507589798,3,1481,1.0202721908928573e-05,
563,triangle,572,1310,571,,294284.5685058431,6809206.221854989,4925.04150390625,196.37970433926895,196.1596350985698,146.37970433926893,146.15963509856982,18,2041,4.30886938006e-06,
564,triangle,598,1311,597,,292335.1358394621,6811079.718591359,5094.158203125,218.33363788911925,218.32439517091677,168.33363788911925,168.32439517091677,18,2041,4.30886938006e-06,
565,triangle,653,1393,654,,292113.38885468454,6813120.531048718,5122.2431640625,198.4997266586722,199.45391309213198,148.4997266586722,149.45391309213198,18,2041,4.30886938006e-06,
566,triangle,1200,1373,1074,,293800.90323468624,6812872.401844294,138692.7724609375,201.90806120372923,193.90722232445978,151.90806120372923,143.9072223244598,18,2041,4.30886938006e-06,
567,triangle,900,1166,234,,299283.2330072587,6807786.002945392,49944.908203125,132.8770366812971,133.76567006288303,82.87703668129714,83.76567006288303,18,2041,4.30886938006e-06,
568,triangle,861,1405,1323,,303853.13642639853,6806881.248811674,115291.76416015625,138.23329574902613,135.7032559972913,88.23329574902614,85.70325599729132,18,2041,4.30886938006e-06,
569,triangle,141,1391,140,,302412.5,6809449.827951744,5605.64453125,119.2211750771303,119.91555222493753,69.2211750771303,69.91555222493753,18,2041,4.30886938006e-06,
570,triangle,143,1391,142,,302312.5,6809449.827951744,5605.64453125,119.1424309776016,120.81555375081643,69.1424309776016,70.81555375081643,18,2041,4.30886938006e-06,
571,triangle,149,1392,148,,301812.5300731776,6809434.542214595,3885.9990234375,119.72162246986203,119.98871456473815,69.72162246986204,69.98871456473815,18,2041,4.30886938006e-06,
572,triangle,151,1392,150,,301712.5300731776,6809434.542214595,3885.9990234375,120.44709924298523,120.45538174003111,70.44709924298523,70.45538174003111,18,2041,4.30886938006e-06,
573,triangle,565,1349,530,,297185.8835622205,6808710.299899376,6783.73876953125,141.09801152593369,141.84767727287758,91.09801152593369,91.84767727287756,18,2041,4.30886938006e-06,
574,triangle,883,1426,817,,301542.07408533426,6806439.461284441,108530.60693359375,141.40880109823,134.6751250545698,91.40880109822996,84.67512505456982,18,2041,4.30886938006e-06,
575,triangle,567,1381,568,,293919.11586782016,6809242.948058068,8306.12158203125,202.64240196692552,202.76778443126682,152.6424019669255,152.76778443126685,18,2041,4.30886938006e-06,
576,triangle,1248,1369,1063,,294894.52667978307,6812983.175346888,67692.42919921875,173.83045333683094,177.33009528866432,123.83045333683096,127.33009528866434,18,2041,4.30886938006e-06,
577,triangle,1157,1212,691,,307972.11584789335,6806156.812995807,62657.56689453125,98.33013043004232,102.70039439335363,48.330130430042324,52.700394393353626,18,2041,4.30886938006e-06,
578,triangle,815,1423,1243,,306324.7993485588,6812684.60707109,1373804.4448242188,115.22485552128148,130.95744035166345,65.2248555212815,80.95744035166346,59,1641,6.455821201756429e-06,
579,triangle,824,1046,895,,296671.36470098235,6808871.818706084,66097.21728515625,168.50222979057776,160.49787904657373,118.50222979057774,110.49787904657374,18,2041,4.30886938006e-06,
580,triangle,1075,1332,814,,291755.75491916685,6810728.910490175,127070.91943359375,237.98768317396056,249.98202586309472,187.9876831739606,199.98202586309466,18,2041,4.30886938006e-06,
581,triangle,46,1417,45,,306931.8654577437,6806836.079759709,628.40087890625,97.12272946099615,99.20141615365576,47.12272946099615,49.201416153655764,18,2041,4.30886938006e-06,
582,triangle,1306,1373,960,,293413.4883536175,6813569.059985492,155713.833984375,189.86110083315285,200.72711285957016,139.86110083315282,150.72711285957016,18,2041,4.30886938006e-06,
583,triangle,858,1293,987,,293534.9371542721,6808056.478586872,197879.88671875,255.89614892806756,261.32365229303724,205.89614892806756,211.32365229303727,18,2041,4.30886938006e-06,
584,triangle,590,1251,589,,293035.9375,6810364.0625,10898.4375,208.1604555514123,209.11263211568198,158.16045555141235,159.11263211568198,18,2041,4.30886938006e-06,
585,triangle,74,1481,73,,302308.68790465494,6806960.220611501,4475.1806640625,112.15081823625317,112.54440534157611,62.15081823625319,62.54440534157609,18,2041,4.30886938006e-06,
586,triangle,962,1380,1171,,309376.545369741,6813939.122323852,1519944.2763671875,69.98672514989708,84.0661908224012,19.986725149897087,34.06619082240119,98,2021,4.30886938006e-06,
587,triangle,553,922,554,,296305.38617015694,6808472.229861196,5313.359375,153.25878368878836,153.89464696499616,103.25878368878837,103.89464696499617,18,2041,4.30886938006e-06,
588,triangle,554,922,555,,296355.38617015694,6808472.229861196,5313.359375,152.55861699253074,153.39464696499616,102.55861699253074,103.39464696499617,18,2041,4.30886938006e-06,
589,triangle,607,935,606,,293004.5761600256,6810840.346132379,6711.06005859375,203.6926845990156,203.89684446451113,153.69268459901556,153.89684446451113,18,2041,4.30886938006e-06,
590,triangle,608,935,607,,293054.5761600256,6810840.346132379,6711.06005859375,203.67585412434067,202.76350807942,153.67585412434065,152.76350807942,18,2041,4.30886938006e-06,
591,triangle,1080,1167,807,,296455.4131598218,6806525.69721098,444605.302734375,188.04664677770347,195.35047341601998,138.04664677770347,145.35047341601998,18,2041,4.30886938006e-06,
592,triangle,961,1204,690,,304286.80970563757,6810908.295497722,405972.87060546875,109.67492009243688,118.22011742088847,59.67492009243688,68.22011742088846,18,2041,6.544670695036429e-06,
593,triangle,975,1463,1234,,289032.4472023661,6806478.864040651,1496846.9477539062,249.66371287644125,235.46475404184446,199.66371287644125,185.4647540418445,18,2041,4.30886938006e-06,
594,triangle,950,1558,811,,297657.9430834779,6806550.184524529,199160.4072265625,178.67741410832912,174.33845738584273,128.67741410832912,124.33845738584273,18,2041,4.30886938006e-06,
595,triangle,524,954,525,,296870.8333333333,6808295.833333333,8437.5,149.34537280047883,149.23147992734553,99.34537280047881,99.23147992734555,18,2041,4.30886938006e-06,
596,triangle,145,1508,144,,302112.82674737525,6809431.731485389,3569.7919921875,118.70520019414799,119.04675600723499,68.70520019414798,69.04675600723499,18,2041,4.30886938006e-06,
597,triangle,147,1508,146,,302012.82674737525,6809431.731485389,3569.7919921875,119.5330852231084,119.58008883194202,69.5330852231084,69.58008883194202,18,2041,4.30886938006e-06,
598,triangle,61,1382,60,,301293.8424665229,6807050.666526895,2737.515625,115.32063636090601,115.3855258928556,65.32063636090602,65.3855258928556,18,2041,4.30886938006e-06,
599,triangle,1161,1479,1252,,306296.52146868024,6809133.867097337,62152.3994140625,115.06908046674569,118.54253768988617,65.0690804667457,68.54253768988617,18,2041,4.30886938006e-06,
600,triangle,828,1241,1240,,305014.2325285637,6809864.382264084,181514.52294921875,133.47578849312166,128.2160183247131,83.47578849312164,78.2160183247131,18,2041,4.30886938006e-06,
601,triangle,1075,1540,1537,,291080.28535742796,6810847.705357976,142253.224609375,279.5680497691144,272.05548921407035,229.5680497691144,222.05548921407032,18,2041,4.30886938006e-06,
602,triangle,174,1352,173,,300460.1849229473,6810301.798413977,9785.625,131.56734886029616,133.11275353378218,81.56734886029618,83.1127535337822,18,2041,4.30886938006e-06,
603,triangle,1387,1540,1075,,291191.2724010284,6810597.486641046,150574.8291015625,269.714706813893,263.9122291264259,219.71470681389295,213.91222912642593,18,2041,4.30886938006e-06,
604,triangle,1234,1448,975,,288220.9916409389,6806980.130300358,1588481.193359375,248.1526324256755,231.67327573322055,198.15263242567548,181.67327573322055,18,2041,4.30886938006e-06,
605,triangle,740,1503,39,,307718.32696049596,6808371.021761283,37940.78515625,105.24826548560796,105.11218971586014,55.248265485607945,55.11218971586015,18,2041,4.512124045057858e-06,
606,triangle,573,1376,574,,294440.0880373174,6809281.108391341,3499.69384765625,192.28461643670363,193.19355934541818,142.28461643670363,143.19355934541818,18,2041,4.30886938006e-06,
607,triangle,798,1400,797,,295838.0549035399,6814187.666157171,108962.60498046875,214.86119514246363,214.6937359405788,164.86119514246363,164.69373594057876,2,1381,9.796745335002144e-06,
608,triangle,1240,1504,828,,304685.81116739236,6809700.858835753,161338.958984375,137.4596155003582,131.56637350821396,87.45961550035818,81.56637350821394,18,2041,4.30886938006e-06,
609,triangle,1438,1498,681,,292898.39769653854,6814195.336300527,175655.85986328125,209.20091268478444,200.2117408154012,159.20091268478444,150.2117408154012,18,2041,4.30886938006e-06,
610,triangle,950,1449,1173,,298340.32662541623,6806659.244099026,199680.6640625,175.60154373426764,167.65982260535318,125.60154373426764,117.6598226053532,18,2041,4.30886938006e-06,
611,triangle,1235,1430,714,,299908.89854787575,6817357.291797317,1517580.85546875,144.77675201515783,92.60034190081474,94.77675201515783,42.60034190081475,98,2021,6.475498457185715e-06,
612,triangle,1172,1421,967,,295967.968167207,6810036.990384091,78703.9931640625,169.2493391976904,161.1206004172117,119.24933919769039,111.12060041721172,18,2041,4.30886938006e-06,
613,triangle,911,1470,1187,,297124.9828031143,6802942.23740603,1157272.453125,162.85754615408203,157.03945681464467,112.85754615408204,107.03945681464462,18,2041,4.30886938006e-06,
614,triangle,655,1371,656,,290446.6393346032,6814407.015677198,6414.263671875,243.9947644465671,243.4893556814411,193.99476444656713,193.4893556814411,18,2041,4.30886938006e-06,
615,triangle,39,1503,1411,,307903.06842977897,6808430.354233086,45251.8662109375,102.78861200810894,107.06227485133066,52.78861200810894,57.06227485133065,18,2041,4.30886938006e-06,
616,triangle,757,1435,1071,,299855.1097137299,6812145.144202486,149311.86279296875,170.25397923558722,171.55730738013835,120.2539792355872,121.55730738013831,18,2041,4.30886938006e-06,
617,triangle,617,1356,616,,291290.6929874941,6812583.061770104,4718.05078125,216.003075771581,216.02942833861508,166.003075771581,166.02942833861508,18,2041,4.30886938006e-06,
618,triangle,619,1356,618,,291390.6929874941,6812583.061770104,4718.05078125,212.06337757424515,212.8294263041099,162.06337757424515,162.82942630410986,18,2041,4.30886938006e-06,
619,triangle,635,1357,636,,290834.1156059727,6813489.12881108,4401.9912109375,219.37760169402344,220.0991469784077,169.37760169402347,170.0991469784077,18,2041,4.30886938006e-06,
620,triangle,637,1357,638,,290934.1156059727,6813489.12881108,4401.9912109375,217.2976044964815,218.26581364507436,167.2976044964815,168.26581364507436,18,2041,4.30886938006e-06,
621,triangle,1051,1128,836,,292589.37836360175,6810876.1730696,37336.962890625,215.30791789763623,217.1356602491904,165.30791789763626,167.1356602491904,18,2041,4.30886938006e-06,
622,triangle,768,1355,193,,294451.43377820955,6812534.401172488,36255.49755859375,187.52237337689778,186.6882424434017,137.52237337689778,136.6882424434017,18,2041,4.512124045057858e-06,
623,triangle,549,1499,548,,295926.2890205717,6808464.035986031,4045.95166015625,158.80507867385893,159.14480753226425,108.80507867385893,109.14480753226424,18,2041,4.30886938006e-06,
624,triangle,814,1332,1228,,292009.7597699238,6810722.497311478,95645.74072265625,243.8317525662685,243.57984141379998,193.83175256626853,193.57984141379993,18,2041,4.30886938006e-06,
625,triangle,794,1061,795,,298160.303852913,6813293.16170426,135117.64697265625,197.85329343651972,198.80693313712447,147.8532934365197,148.80693313712447,18,2041,4.512124045057858e-06,
626,triangle,855,1285,845,,291064.56571967626,6814713.992937527,98795.35888671875,211.53067684709512,229.35448124102277,161.53067684709515,179.35448124102277,18,2041,4.30886938006e-06,
627,triangle,995,1336,1083,,289801.135139481,6814003.330864946,169253.30859375,257.61228823423494,270.61316479531644,207.61228823423497,220.61316479531646,18,2041,4.30886938006e-06,
628,triangle,899,1423,980,,304514.47167526145,6813566.338154122,1888905.9990234375,122.9572109609105,137.8380163384891,72.95721096091052,87.83801633848908,13,2061,9.343670592917857e-06,
629,triangle,962,1445,1237,,308898.1636372223,6815966.347124159,1619849.4956054688,73.78886309927188,59.39689662814016,23.788863099271865,9.39689662814016,98,2021,4.30886938006e-06,
630,triangle,642,1288,641,,291253.450008471,6813245.7354135625,6104.76611328125,216.3000030517578,216.3000030517578,166.3000030517578,166.3000030517578,18,2041,4.30886938006e-06,
631,triangle,817,1418,1250,,301141.353078801,6806023.1802329,179405.404296875,150.32563467274613,147.39497921928776,100.32563467274612,97.39497921928773,18,2041,4.30886938006e-06,
632,triangle,1225,1562,801,,302807.3050152552,6811079.984847507,166854.62109375,141.51612392105216,135.85549800564903,91.51612392105216,85.85549800564901,18,2041,4.30886938006e-06,
633,triangle,831,1557,810,,304592.01601815096,6806284.805092919,140237.9296875,128.43724048247478,127.77541712655,78.43724048247478,77.77541712655001,18,2041,4.30886938006e-06,
634,triangle,1324,1463,816,,290929.2819672019,6806006.833225566,1503088.4838867188,237.86467663426816,230.50996182859794,187.86467663426816,180.50996182859794,18,2041,4.30886938006e-06,
635,triangle,488,1505,1407,,306511.3950548219,6805696.776515018,18616.35888671875,110.67699529205657,111.07838848722189,60.676995292056574,61.07838848722187,18,2041,4.30886938006e-06,
636,triangle,219,1168,779,,297078.3750214275,6809621.6508340975,26542.5576171875,135.06252201277357,136.77844492486065,85.06252201277354,86.77844492486065,18,2041,4.30886938006e-06,
637,triangle,909,1419,530,,297392.5776338223,6808626.481939611,32484.62353515625,141.80133028154762,143.33397692862783,91.8013302815476,93.33397692862782,18,2041,4.30886938006e-06,
638,triangle,838,1464,890,,307335.6506813144,6805662.823229692,81504.3701171875,120.82716054742558,116.36202937572695,70.82716054742558,66.36202937572695,18,2041,4.30886938006e-06,
639,triangle,853,1437,1184,,291678.83689715865,6812176.664377727,100296.849609375,219.66812402239935,226.15349720065478,169.66812402239933,176.15349720065478,18,2041,4.30886938006e-06,
640,triangle,805,1245,1151,,300479.634127974,6804731.752268105,655960.5546875,139.5772514638914,144.27231719911126,89.5772514638914,94.27231719911124,18,2041,4.30886938006e-06,
641,triangle,42,1271,905,,305443.81801313354,6808485.102630821,62645.1396484375,102.50280511749942,103.21863494558522,52.50280511749941,53.21863494558522,18,2041,4.30886938006e-06,
642,triangle,923,1542,1254,,302777.02704915387,6816072.920227896,1544490.6337890625,92.40732872510316,110.8195635950451,42.40732872510315,60.81956359504509,52,1561,1.114875748392857e-05,
643,triangle,713,927,712,,297080.9356341157,6817891.718321736,1629473.1840820312,86.09815259697787,105.3933242943845,36.098152596977876,55.393324294384485,98,2021,4.30886938006e-06,
644,triangle,983,1302,796,,297469.50866753585,6814159.724844349,222557.99365234375,191.82857979665934,194.5289756383096,141.82857979665934,144.5289756383096,2,1381,1e-05,
645,triangle,960,1373,1135,,293169.327431083,6813329.426900636,180905.47021484375,185.18138607196138,194.69398350580528,135.18138607196138,144.6939835058053,18,2041,4.30886938006e-06,
646,triangle,1444,1517,711,,294287.9406070552,6817431.730448979,1369258.6513671875,148.75365657564873,131.8300264527472,98.75365657564872,81.83002645274722,98,2021,4.918633375053572e-06,
647,triangle,1070,1562,1225,,302577.7159053467,6810855.3466313705,153501.6015625,135.14876188192093,138.8362420942069,85.14876188192093,88.83624209420691,18,2041,4.30886938006e-06,
648,triangle,200,1491,964,,293200.82631735894,6811777.4098864095,51006.13671875,188.5113222284791,190.55309467665765,138.51132222847903,140.5530946766576,18,2041,4.30886938006e-06,
649,triangle,1084,1265,1264,,309132.73884600424,6810618.227127993,1039368.0869140625,122.21770665513174,119.41535217796927,72.21770665513174,69.41535217796925,18,2041,6.9511800250321435e-06,
650,triangle,905,1271,862,,305223.4744706167,6808312.985491238,77490.06396484375,109.87409302957133,106.64699927430938,59.87409302957133,56.64699927430937,18,2041,4.30886938006e-06,
651,triangle,821,1197,894,,295215.39629803505,6808376.898492242,53911.5302734375,193.68314308394048,189.66852480284547,143.68314308394048,139.66852480284544,18,2041,4.30886938006e-06,
652,triangle,822,972,907,,293118.7462242938,6809800.981554541,106239.41259765625,248.4282651341548,242.60909491272514,198.42826513415483,192.60909491272514,18,2041,4.30886938006e-06,
653,triangle,4,1390,752,,307650.40504871577,6806404.4823734835,28492.50390625,102.07926852197352,100.4704762907591,52.07926852197351,50.47047629075909,18,2041,4.715378710055714e-06,
654,triangle,815,1468,1084,,307800.9739452608,6811878.609576191,1001783.142578125,97.64583870641185,119.57137295140774,47.64583870641185,69.57137295140772,59,1641,6.980884727422142e-06,
655,triangle,827,1216,1180,,304693.1845617268,6807460.071067214,150517.09033203125,127.81618706844199,124.6306073138677,77.81618706844199,74.6306073138677,18,2041,4.30886938006e-06,
656,triangle,845,1279,865,,291729.2203957614,6814302.208590263,135236.67138671875,188.46733662030024,202.6250879091589,138.46733662030024,152.6250879091589,18,2041,4.30886938006e-06,
657,triangle,1199,1459,940,,305531.2204852815,6804096.946246008,338067.0390625,119.27534424502473,123.00845955457198,69.27534424502473,73.00845955457198,18,2041,4.30886938006e-06,
658,triangle,1069,1149,685,,299115.12879425933,6812873.038326983,138593.3720703125,183.6109922357561,182.6824998258219,133.6109922357561,132.6824998258219,18,2041,4.30886938006e-06,
659,triangle,752,989,48,,307351.5335919657,6806476.936525971,29959.314453125,110.96268788336866,107.08442393448563,60.96268788336864,57.08442393448564,18,2041,4.715378710055714e-06,
660,triangle,797,1341,798,,295755.01496268326,6813931.861445129,153604.52392578125,206.3009638444123,207.63990799566992,156.3009638444123,157.63990799566992,18,2041,4.715378710055714e-06,
661,triangle,688,1549,1071,,300509.02346792916,6812517.193977726,105834.208984375,167.44389161292446,174.05538724909619,117.44389161292446,124.05538724909621,18,2041,4.30886938006e-06,
662,triangle,867,932,531,,294470.58880979836,6808874.312879908,22164.32177734375,199.3782385223144,199.34597752812974,149.3782385223144,149.3459775281297,18,2041,4.30886938006e-06,
663,triangle,706,1292,705,,286514.8907911785,6813690.459649533,1469493.064453125,218.3270809748156,207.87204358378298,168.32708097481563,157.87204358378295,18,2041,5.121888040051429e-06,
664,triangle,1187,1457,911,,297283.6595621778,6803752.780549224,1204939.6840820312,169.49737626660774,166.91841699144817,119.49737626660774,116.91841699144815,18,2041,4.30886938006e-06,
665,triangle,1180,1216,844,,304424.99961996364,6807378.937220082,119951.52392578125,126.56900803296871,122.6359535724846,76.56900803296871,72.6359535724846,18,2041,4.30886938006e-06,
666,triangle,864,996,182,,300489.1326451699,6810812.619671467,51678.02734375,141.6901725854921,145.41955434261837,91.69017258549208,95.41955434261835,18,2041,4.30886938006e-06,
667,triangle,853,1513,854,,291996.7163687718,6812532.871486685,39999.2919921875,218.31465105720451,214.06293589769066,168.31465105720451,164.06293589769066,18,2041,4.30886938006e-06,
668,triangle,1533,1538,951,,298118.450823312,6805584.557805799,179460.0537109375,161.09865808849446,160.15883676409032,111.09865808849449,110.15883676409032,18,2041,4.30886938006e-06,
669,triangle,203,1186,595,,293426.7340924354,6810766.340870511,6125.044921875,196.08074121154368,196.3797281613009,146.08074121154368,146.3797281613009,18,2041,6.182285562192143e-06,
670,triangle,168,1519,167,,300637.8242381813,6809834.347331707,4255.2265625,131.62538220901575,130.81647154858388,81.62538220901574,80.81647154858388,18,2041,4.30886938006e-06,
671,triangle,170,1519,169,,300637.8242381813,6809934.347331707,4255.2265625,131.44462208450074,131.91647002270497,81.44462208450074,81.91647002270497,18,2041,4.30886938006e-06,
672,triangle,29,1520,28,,308011.6449323518,6807781.864364999,3584.7412109375,89.95018091125965,91.3846553713589,39.95018091125965,41.384655371358896,33,1321,1e-05,
673,triangle,131,1521,130,,303165.9062495548,6809207.882806942,3699.31591796875,113.0512987118159,112.74818318866346,63.05129871181592,62.74818318866347,18,2041,4.30886938006e-06,
674,triangle,153,1522,152,,301516.2124725038,6809434.533542498,3885.0234375,123.25137990933463,122.24378661749445,73.25137990933462,72.24378661749445,18,2041,4.30886938006e-06,
675,triangle,539,1525,538,,295186.9827633772,6808764.0925894445,4039.583984375,173.90519213880634,171.61808219277654,123.90519213880633,121.61808219277651,18,2041,4.30886938006e-06,
676,triangle,540,1524,541,,295287.9006176495,6808835.809607975,4028.5810546875,169.3185227564387,169.27122502569287,119.31852275643874,119.27122502569284,18,2041,4.30886938006e-06,
677,triangle,634,1527,633,,290683.32837144606,6813417.294140515,3679.4091796875,223.5203187428549,223.1529611974249,173.5203187428549,173.15296119742484,18,2041,4.30886938006e-06,
678,triangle,636,1528,635,,290826.2930106144,6813422.614071909,3080.9169921875,219.4412662935959,219.2444076468515,169.4412662935959,169.2444076468515,18,2041,4.30886938006e-06,
679,triangle,1202,1463,975,,289942.7898557856,6807171.659693454,1096489.6430664062,250.03594765162865,252.10334226307825,200.03594765162865,202.10334226307828,18,2041,4.30886938006e-06,
680,triangle,1262,1263,849,,308601.25294563366,6808485.953698002,180343.115234375,102.80215815889204,110.09335608945496,52.802158158892034,60.09335608945495,18,2041,4.30886938006e-06,
681,triangle,1173,1449,944,,298532.1468824311,6806998.65723443,201553.97021484375,158.72155146929427,168.17583971710624,108.72155146929427,118.17583971710626,18,2041,4.30886938006e-06,
682,triangle,891,1246,981,,305572.4380506392,6807445.848016657,105320.9404296875,129.0241535111294,122.27172747279424,79.02415351112941,72.27172747279423,18,2041,4.30886938006e-06,
683,triangle,1346,1516,810,,304051.58982038713,6806004.118918687,177357.06787109375,143.05888504787174,138.33573933260976,93.05888504787174,88.33573933260976,18,2041,4.30886938006e-06,
684,triangle,861,1287,844,,303931.5886699815,6807360.768793476,61615.2412109375,121.44468780812264,118.52781260400302,71.44468780812265,68.52781260400299,18,2041,4.30886938006e-06,
685,triangle,189,1329,1222,,296472.81136600004,6812856.535318442,29214.640625,187.98564932318715,187.5744498420802,137.98564932318712,137.5744498420802,18,2041,4.30886938006e-06,
686,triangle,55,1309,906,,300831.82757330337,6807064.2177390605,20164.04833984375,119.21748800935974,119.729965692461,69.21748800935976,69.729965692461,18,2041,4.30886938006e-06,
687,triangle,578,955,577,,294699.3347430127,6809136.761580105,4301.822265625,184.87037464449944,184.49176042951933,134.87037464449944,134.49176042951933,18,2041,4.30886938006e-06,
688,triangle,1086,1530,1240,,305400.71221652004,6809416.309435454,93228.626953125,130.74533752670604,127.88578909080555,80.74533752670602,77.88578909080557,18,2041,4.30886938006e-06,
689,triangle,1254,1542,716,,303318.0544329866,6817288.350093562,1469416.7607421875,59.979459888217555,83.55343266503213,9.979459888217553,33.55343266503214,98,2021,4.30886938006e-06,
690,triangle,6,1096,5,,307834.57294132776,6806538.120502301,3889.4560546875,95.77133538261725,93.60446736328187,45.77133538261725,43.60446736328188,33,1321,1e-05,
691,triangle,830,1498,1466,,292429.07125899324,6813544.882630989,103880.03125,208.95908877438416,209.9389984309927,158.95908877438416,159.9389984309927,18,2041,4.30886938006e-06,
692,triangle,1237,1380,962,,309481.58217551495,6815157.967436706,1671431.2749023438,83.48540343746127,63.12821403996677,33.48540343746128,13.12821403996677,98,2021,4.30886938006e-06,
693,triangle,1063,1300,926,,294776.03884596616,6813458.31784717,176999.8173828125,185.4995367431648,193.72040532854444,135.4995367431648,143.72040532854444,18,2041,4.30886938006e-06,
694,triangle,612,1465,1425,,290844.89143634826,6812467.025804535,25423.93408203125,224.61510330836356,229.7360959349122,174.6151033083636,179.73609593491219,18,2041,4.30886938006e-06,
695,triangle,1372,1512,842,,306461.2974091353,6803659.345515297,204252.0869140625,131.86019734513013,125.34291697850615,81.86019734513013,75.34291697850618,18,2041,4.30886938006e-06,
696,triangle,743,1354,742,,306816.91921593697,6808676.225281944,51977.47705078125,106.11363847958302,107.98622803532805,56.11363847958301,57.986228035328054,18,2041,4.715378710055714e-06,
697,triangle,608,1129,771,,293094.68843348627,6810977.418267973,12762.7392578125,204.62558512438116,204.68183976373697,154.62558512438116,154.68183976373697,18,2041,4.30886938006e-06,
698,triangle,681,1498,1279,,292536.4996442367,6814225.203563679,273779.5595703125,190.22809582336654,194.70261664115412,140.22809582336654,144.70261664115412,18,2041,4.30886938006e-06,
699,triangle,1155,1185,835,,301066.8475685451,6810305.608437349,106380.36328125,158.11806400014183,154.0817199826553,108.11806400014183,104.08171998265531,18,2041,4.30886938006e-06,
700,triangle,782,1321,233,,298839.6667410002,6808087.876817984,54268.68701171875,138.94668986507813,135.27725674383456,88.94668986507813,85.27725674383454,18,2041,4.715378710055714e-06,
701,triangle,1176,1274,901,,288963.4143513719,6810850.564935722,555341.6884765625,203.8173351766734,213.75388224707834,153.8173351766734,163.75388224707834,18,2041,4.918633375053572e-06,
702,triangle,531,1121,871,,294731.37908751884,6808709.033858002,31599.6689453125,202.28496586287423,190.83012346073463,152.28496586287426,140.8301234607346,18,2041,4.30886938006e-06,
703,triangle,1077,1495,1218,,294488.2311400584,6808007.0812231535,140334.26416015625,234.84315706530697,226.23502207967817,184.84315706530697,176.23502207967817,18,2041,4.30886938006e-06,
704,triangle,531,932,532,,294594.012687114,6808880.854220939,9769.67236328125,185.77767581373772,189.51609088992868,135.77767581373772,139.51609088992868,18,2041,4.30886938006e-06,
705,triangle,832,1420,1135,,292932.2332451453,6812754.608068005,153398.83154296875,197.90724886569802,193.4311522309304,147.90724886569802,143.4311522309304,18,2041,4.30886938006e-06,
706,triangle,1064,1354,1161,,306940.1723785138,6809069.49999134,101533.08447265625,125.50496918322128,122.71267209573496,75.50496918322126,72.71267209573496,18,2041,4.30886938006e-06,
707,triangle,122,1318,121,,303862.5,6809238.00142846,7087.66015625,108.29402995498056,108.74071116055809,58.294029954980566,58.740711160558085,18,2041,4.30886938006e-06,
708,triangle,126,1319,125,,303560.8333333333,6809231.578575488,6365.08984375,110.49626480710118,111.25740630711478,60.4962648071012,61.257406307114785,18,2041,4.30886938006e-06,
709,triangle,734,1544,733,,299137.30545420176,6801352.799279789,1389186.7924804688,133.1831639186218,139.1285409048871,83.1831639186218,89.12854090488709,18,2041,4.30886938006e-06,
710,triangle,1076,1387,1333,,291117.0666440618,6810002.591190181,207692.74365234375,287.77467557423245,270.35447361209737,237.77467557423245,220.35447361209734,18,2041,4.30886938006e-06,
711,triangle,847,1292,1268,,288205.7793579495,6814237.34121344,442844.87841796875,255.88331414603522,254.80995956198413,205.88331414603522,204.80995956198413,18,2041,4.30886938006e-06,
712,triangle,716,1542,715,,302728.83833247673,6817965.8486656435,1408151.33984375,72.58821964017413,77.74347536486779,22.58821964017413,27.743475364867788,98,2021,4.30886938006e-06,
713,triangle,816,1202,1158,,291397.7914932659,6807612.146248681,608584.9379882812,235.39031644609847,259.6186456005589,185.39031644609847,209.61864560055892,18,2041,4.30886938006e-06,
714,triangle,1239,1429,1223,,299720.22674647224,6813733.53225125,446274.0712890625,148.81623327434545,165.66418109687206,98.81623327434544,115.66418109687204,2,1381,1.0135147939285717e-05,
715,triangle,970,1492,726,,310739.8030626447,6804534.49942337,1073051.1474609375,124.9798249218978,128.96062898478706,74.9798249218978,78.96062898478705,18,2041,4.30886938006e-06,
716,triangle,814,1451,1125,,292071.3143948627,6809950.63572568,151555.7138671875,255.61424555816794,257.08309007434593,205.61424555816794,207.0830900743459,18,2041,4.30886938006e-06,
717,triangle,879,1517,1444,,294512.2962704022,6816569.5043167,984775.06640625,123.72299346764842,138.43821822034752,73.72299346764842,88.43821822034754,98,2021,4.30886938006e-06,
718,triangle,47,1417,46,,306965.6959622361,6806801.320011505,11478.4755859375,98.17813374660525,98.27442472195146,48.178133746605255,48.27442472195147,18,2041,4.30886938006e-06,
719,triangle,1379,1470,735,,295969.1068229709,6801901.02010399,1360842.5883789062,156.54557320887218,153.1680166426668,106.54557320887218,103.16801664266677,18,2041,4.30886938006e-06,
720,triangle,692,1284,1085,,309163.80800134654,6806843.199608054,143130.0830078125,102.62113833218916,93.8144945405216,52.62113833218917,43.81449454052159,33,1321,1e-05,
721,triangle,853,854,813,,292107.7033912625,6812325.891720477,116453.26611328125,228.13341823294772,213.48708853623498,178.13341823294772,163.48708853623498,18,2041,4.30886938006e-06,
722,triangle,903,946,820,,301802.41076719534,6810029.528779513,103982.7265625,144.26357097140968,144.3892990967146,94.26357097140969,94.38929909671462,18,2041,4.30886938006e-06,
723,triangle,843,1437,812,,291434.77541470015,6811790.106738117,139615.26904296875,252.39508135815606,245.67475156922353,202.3950813581561,195.6747515692235,18,2041,4.30886938006e-06,
724,triangle,1071,1547,687,,300076.6803905728,6812657.512605322,126103.89453125,150.97130251370282,162.59789078339517,100.97130251370281,112.59789078339516,18,2041,4.30886938006e-06,
725,triangle,819,1335,924,,303538.0776373977,6810072.288944077,177922.6982421875,137.75141852278918,137.63510130754457,87.75141852278917,87.63510130754457,18,2041,4.30886938006e-06,
726,triangle,819,1334,1225,,302927.20314983866,6810237.990647332,166260.97412109375,131.76605715997297,133.0987120870441,81.76605715997296,83.09871208704412,18,2041,4.30886938006e-06,
727,triangle,703,1448,702,,286497.4248851864,6807674.456868231,1418405.2895507812,174.7116352294435,192.97633144995055,124.71163522944349,142.97633144995055,62,1981,7.96745335002143e-06,
728,triangle,1243,1423,899,,305579.8928399,6813660.296711877,1810396.8134765625,137.1276784418575,131.74016794890784,87.12767844185751,81.74016794890784,59,1641,7.110495765240714e-06,
729,triangle,570,918,569,,294108.8907311031,6809206.740105021,4866.73828125,203.3975998763604,201.63797445254303,153.3975998763604,151.63797445254303,18,2041,4.30886938006e-06,
730,triangle,647,919,646,,291643.7962962963,6813252.684006873,5323.04931640625,202.3181939917879,202.12973658812294,152.3181939917879,152.12973658812294,18,2041,4.30886938006e-06,
731,triangle,652,920,653,,292000.0442669382,6813135.798261474,6839.8046875,198.33632170929172,199.94559589668896,148.33632170929178,149.94559589668896,18,2041,4.30886938006e-06,
732,triangle,960,1498,1438,,292990.83212345577,6813882.1253270125,109235.5576171875,212.29257978590272,202.77714377047425,162.29257978590272,152.77714377047425,18,2041,4.30886938006e-06,
733,triangle,753,1088,181,,300179.53057577665,6810824.38600973,16706.935546875,139.37431631796818,139.34714586033647,89.37431631796817,89.34714586033647,18,2041,4.512124045057858e-06,
734,triangle,971,1388,1259,,289149.2527548555,6803258.362556667,1590411.2822265625,176.5846798637815,161.69679656250642,126.5846798637815,111.6967965625064,33,1321,9.186981340008571e-06,
735,triangle,913,1205,216,,295505.6187587333,6810665.951129126,24468.953125,171.75066052381507,171.6443970545713,121.75066052381507,121.6443970545713,18,2041,4.30886938006e-06,
736,triangle,890,978,838,,307437.6812506399,6805862.814510688,76166.42578125,120.86750389213586,116.08938259505935,70.86750389213587,66.08938259505935,18,2041,4.30886938006e-06,
737,triangle,701,1501,700,,286494.6938026491,6803961.75118069,1410416.873046875,174.93016642389856,178.43117920816962,124.93016642389856,128.43117920816965,18,2041,4.30886938006e-06,
738,triangle,1258,1427,1061,,298311.86096348776,6812738.480981268,63303.181640625,198.2171016307159,195.615577962604,148.21710163071592,145.61557796260396,18,2041,4.30886938006e-06,
739,triangle,224,1412,223,,297391.47703378653,6809256.436138473,5859.767578125,133.005241430686,134.46011317389562,83.00524143068603,84.46011317389564,18,2041,4.30886938006e-06,
740,triangle,1290,1560,1203,,298152.26796168066,6807834.25999831,97014.87744140625,170.1124691280824,164.93567073637152,120.11246912808244,114.9356707363715,18,2041,4.30886938006e-06,
741,triangle,736,1379,735,,295005.3019436447,6801475.175048339,1754549.0625,149.98993975830354,158.7271598014869,99.98993975830355,108.72715980148688,18,2041,4.30886938006e-06,
742,triangle,700,1501,1259,,287157.359750944,6803311.211196985,1415387.18359375,153.36481494656758,156.4301300751974,103.3648149465676,106.4301300751974,18,2041,4.512124045057858e-06,
743,triangle,931,1514,797,,296159.4994822115,6813540.883403125,143787.7099609375,205.90055184238852,201.39887042074784,155.9005518423885,151.39887042074784,18,2041,4.30886938006e-06,
744,triangle,985,1365,1364,,307810.53441256215,6803267.347859114,359548.7890625,127.00750722113048,123.65417804056261,77.00750722113047,73.6541780405626,18,2041,4.30886938006e-06,
745,triangle,971,1501,1234,,288269.68429097976,6804789.606254372,1535944.0795898438,174.0960788145792,184.11429277020753,124.09607881457917,134.11429277020753,18,2041,4.30886938006e-06,
746,triangle,962,1468,1243,,307685.9199242425,6813683.173544027,1506932.0395507812,92.92838016196286,104.40407412863671,42.92838016196286,54.404074128636715,98,2021,5.182924699265715e-06,
747,triangle,872,1141,869,,290590.5061496016,6813921.435811449,46253.505859375,247.051948296557,245.05500612177184,197.051948296557,195.05500612177184,18,2041,4.30886938006e-06,
748,triangle,695,1255,694,,298583.16412409575,6806012.689368442,51579.0244140625,150.18592978160927,153.15240646203432,100.1859297816093,103.15240646203432,18,2041,4.30886938006e-06,
749,triangle,924,1335,1204,,303901.1064568075,6810254.17691392,201914.15869140625,138.45493999076393,132.43780193464764,88.45493999076393,82.43780193464764,18,2041,4.30886938006e-06,
750,triangle,1341,1416,798,,295410.63554046914,6813909.795501761,106574.5048828125,206.4570355384154,207.5334893085122,156.4570355384154,157.5334893085122,18,2041,4.30886938006e-06,
751,triangle,891,1442,892,,306081.5984189818,6807187.673760127,53510.84326171875,109.95464138683732,112.41429433889986,59.95464138683733,62.41429433889985,18,2041,4.30886938006e-06,
752,triangle,716,1447,1254,,304254.1933562292,6817260.507577244,1393933.0751953125,54.282244059393776,68.61086990809584,4.282244059393783,18.610869908095847,98,2021,4.30886938006e-06,
753,triangle,604,992,202,,292818.3235592679,6811157.422475894,16043.45703125,211.40909190697718,210.23039621305375,161.4090919069772,160.23039621305375,18,2041,4.30886938006e-06,
754,triangle,884,1163,818,,302348.17237886385,6806591.010704291,65328.8251953125,127.33959945666004,124.1393264065796,77.33959945666005,74.1393264065796,18,2041,4.30886938006e-06,
755,triangle,1065,1443,231,,298297.616154285,6808516.332590184,8487.68359375,131.42121078587857,131.1138196977249,81.42121078587857,81.11381969772488,18,2041,4.30886938006e-06,
756,triangle,814,1387,1075,,291564.87839410757,6810527.924759824,168117.33251953125,258.06403663792537,259.31059830468143,208.06403663792537,209.31059830468143,18,2041,4.30886938006e-06,
757,triangle,1247,1448,703,,287198.4825553662,6808503.56777726,1536162.7905273438,202.29879237555272,200.10424027226875,152.29879237555272,150.10424027226875,62,1981,1e-05,
758,triangle,144,1326,143,,302212.22694826615,6809455.338265006,6225.55517578125,119.15716381105514,120.4898386314885,69.15716381105514,70.4898386314885,18,2041,4.30886938006e-06,
759,triangle,148,1327,147,,301913.1642181047,6809456.428944855,6348.255859375,120.1891610716413,121.32439275829586,70.18916107164131,71.32439275829586,18,2041,4.30886938006e-06,
760,triangle,905,1458,747,,305281.9815078191,6808732.1043089,52962.77880859375,101.07146909671013,103.92838442198372,51.07146909671013,53.928384421983736,18,2041,4.30886938006e-06,
761,triangle,887,1334,819,,302833.9812517711,6809877.511812319,129956.150390625,121.18788481823762,130.85259263660387,71.18788481823762,80.85259263660389,18,2041,4.30886938006e-06,
762,triangle,913,1305,875,,295287.1625944503,6810304.899939292,82856.611328125,172.63489653314645,174.24711161342043,122.63489653314647,124.24711161342042,18,2041,4.30886938006e-06,
763,triangle,1020,1021,953,,300100.1885695834,6807407.978652666,32189.42626953125,127.0117090088,124.7018430325964,77.0117090088,74.7018430325964,18,2041,4.30886938006e-06,
764,triangle,1019,1020,953,,300007.0197457786,6807472.186203799,32187.1328125,126.8006538099812,125.07986909407828,76.80065380998118,75.07986909407829,18,2041,4.30886938006e-06,
765,triangle,1291,1329,190,,296290.7771859578,6812855.344666406,26724.822265625,179.60956925288468,181.51500363569878,129.60956925288468,131.51500363569878,18,2041,4.30886938006e-06,
766,triangle,1211,1345,934,,290535.4555002407,6811770.633939101,146664.1162109375,272.36143061758406,271.3204650781635,222.3614306175841,221.3204650781635,18,2041,4.30886938006e-06,
767,triangle,812,1206,1075,,291504.78810787975,6811239.550317862,106864.40966796875,251.88376284580295,249.95413355034466,201.88376284580295,199.95413355034466,18,2041,4.30886938006e-06,
768,triangle,1212,1390,4,,307733.4358441289,6806272.564461879,28117.4970703125,102.95590819101956,102.36560492967517,52.95590819101957,52.365604929675186,18,2041,4.30886938006e-06,
769,triangle,1064,1493,917,,307647.8766657787,6809365.150460872,142375.90234375,130.21754892704945,131.9501728839547,80.21754892704942,81.95017288395472,18,2041,4.30886938006e-06,
770,triangle,525,1308,524,,296927.5560606918,6808197.708267457,8982.876953125,156.80457177194293,155.06289021688477,106.80457177194292,105.06289021688478,18,2041,4.30886938006e-06,
771,triangle,1216,1404,1148,,304983.391862379,6807003.189018253,84397.17333984375,120.87058234259277,121.76347081901174,70.87058234259277,71.76347081901176,18,2041,4.30886938006e-06,
772,triangle,924,945,819,,303483.11134935723,6809792.154505164,118727.99853515625,132.18467267127508,133.1481260139599,82.18467267127508,83.1481260139599,18,2041,4.30886938006e-06,
773,triangle,953,1091,1019,,299875.7697457786,6807490.936203799,51148.09912109375,138.21421108970227,130.00278455275748,88.21421108970227,80.00278455275749,18,2041,4.30886938006e-06,
774,triangle,824,1168,848,,296935.67472268274,6809255.175400852,92145.6103515625,147.9056611760513,152.978763395738,97.90566117605131,102.978763395738,18,2041,4.30886938006e-06,
775,triangle,959,1348,1263,,309527.382614662,6808460.164688453,492243.36083984375,105.98814886256496,111.21748878741448,55.98814886256496,61.21748878741448,18,2041,4.30886938006e-06,
776,triangle,631,1402,630,,290403.8253563407,6813518.948743199,8687.9140625,229.3373300142437,228.5140788526777,179.3373300142437,178.5140788526777,18,2041,4.30886938006e-06,
777,triangle,1234,1463,971,,289083.8709349442,6805401.045682208,1730547.0029296875,203.7076031009755,200.90092535511758,153.70760310097552,150.90092535511755,18,2041,4.30886938006e-06,
778,triangle,1466,1498,1135,,292650.16505214694,6813401.384523842,133319.81396484375,196.3445063450266,198.8708573986703,146.34450634502656,148.87085739867027,18,2041,4.30886938006e-06,
779,triangle,860,1306,1175,,293886.95667701936,6813787.125396536,117779.64794921875,196.53365319721118,195.44088314031262,146.5336531972112,145.4408831403126,18,2041,4.30886938006e-06,
780,triangle,1218,1485,808,,294732.1255391144,6807408.877855447,136175.5673828125,224.9243994185024,224.8594326929991,174.9243994185024,174.8594326929991,18,2041,4.30886938006e-06,
781,triangle,937,1213,822,,293561.3359741524,6810111.174440693,94726.37548828125,219.65756062118956,221.20219058030065,169.6575606211896,171.20219058030065,18,2041,4.30886938006e-06,
782,triangle,691,994,802,,308139.59779275686,6806472.387118466,34534.48095703125,100.71528495934922,97.16427221088433,50.71528495934921,47.16427221088435,33,1321,9.186981340008571e-06,
783,triangle,45,1452,751,,306808.33022231515,6806955.083748173,25489.8583984375,98.4185939431211,99.33737568750495,48.418593943121095,49.33737568750493,18,2041,4.30886938006e-06,
784,triangle,811,1449,950,,297948.4191281771,6806763.902219198,170487.6552734375,179.33145088334996,174.22539760625182,129.33145088335,124.22539760625183,18,2041,4.30886938006e-06,
785,triangle,690,1299,961,,304121.96373981104,6811447.697002673,664105.33984375,116.7989962554079,126.67334560480829,66.79899625540789,76.67334560480829,2,1381,1e-05,
786,triangle,192,1369,767,,294948.25211605243,6812655.996522356,37509.203125,174.9744465749664,171.14800696711868,124.9744465749664,121.14800696711869,18,2041,4.918633375053572e-06,
787,triangle,862,1315,905,,305020.48960006447,6808341.1779264,60135.04638671875,102.73820359790619,104.48565358878771,52.7382035979062,54.485653588787706,18,2041,4.30886938006e-06,
788,triangle,717,1447,716,,304991.9003326424,6817938.0061493255,1491277.3139648438,64.79313219051917,60.890655464079316,14.793132190519172,10.890655464079321,98,2021,4.30886938006e-06,
789,triangle,1175,1300,860,,294225.1730098944,6813771.569434577,148098.5693359375,201.21209912275575,195.6753478701227,151.21209912275575,145.67534787012266,18,2041,4.30886938006e-06,
790,triangle,741,1383,740,,307417.7597286149,6808481.019828301,46410.08203125,113.58904900592839,111.49383008091958,63.589049005928366,61.49383008091959,18,2041,4.715378710055714e-06,
791,triangle,816,1294,997,,292726.7916342253,6806676.9428553805,719653.5112304688,225.27792594344712,234.0930557056366,175.27792594344712,184.09305570563654,18,2041,4.30886938006e-06,
792,triangle,737,1414,736,,293048.05336270825,6801479.015409251,1766014.755859375,177.53974158653273,180.88763227745156,127.53974158653273,130.88763227745156,18,2041,5.528397370047142e-06,
793,triangle,1084,1455,815,,307561.95447044447,6811190.155268011,725232.7890625,86.84333563134058,107.95367241043455,36.84333563134058,57.95367241043456,2,1381,9.665479453585716e-06,
794,triangle,1221,1471,941,,305097.3184008628,6805164.667710934,160554.92333984375,139.17561110264498,135.37180551350514,89.17561110264496,85.37180551350514,18,2041,4.30886938006e-06,
795,triangle,699,1067,845,,291562.63276204205,6815018.068429813,263035.03857421875,187.60038522716457,204.4736393141262,137.6003852271646,154.47363931412616,52,1561,8.10047026503e-06,
796,triangle,1187,1470,1379,,296085.42470761464,6802766.6863365425,1045592.4345703125,154.66700969159524,161.94587552083155,104.66700969159527,111.94587552083154,18,2041,4.30886938006e-06,
797,triangle,1028,1531,508,,305455.6662743112,6806941.169586523,10702.798828125,111.96880951096081,111.10433890874766,61.96880951096081,61.10433890874766,18,2041,4.30886938006e-06,
798,triangle,1211,1465,843,,290913.1191617959,6812145.485506182,79991.8544921875,256.7269846842518,243.33202869657023,206.7269846842518,193.33202869657023,18,2041,4.30886938006e-06,
799,triangle,877,1478,519,,296386.55502743786,6807980.864846812,30483.83447265625,175.5436236813952,172.4858363373903,125.54362368139519,122.48583633739031,18,2041,4.30886938006e-06,
800,triangle,1236,1485,821,,295212.92479530856,6807673.963302192,157403.93994140625,211.18658742879578,215.9144224586589,161.18658742879578,165.9144224586589,18,2041,4.30886938006e-06,
801,triangle,36,930,35,,307735.41308007453,6807978.584576654,9205.70654296875,101.32142569573193,102.31335010396263,51.321425695731946,52.31335010396263,33,1321,1e-05,
802,triangle,827,1180,1106,,304683.9599964762,6807767.679864566,78884.81982421875,118.960666614703,117.4215653259879,68.960666614703,67.4215653259879,18,2041,4.30886938006e-06,
803,triangle,854,1420,813,,292406.3614184554,6812397.118567993,131859.251953125,213.32025190783807,209.4019798337615,163.32025190783807,159.40197983376152,18,2041,4.30886938006e-06,
804,triangle,725,986,724,,311408.9223595376,6807686.952035469,1399839.5981445312,106.84116447838653,100.69416749414745,56.84116447838651,50.69416749414745,18,2041,4.30886938006e-06,
805,triangle,101,1180,1012,,304301.58994964935,6807788.849434178,23243.7119140625,109.21831902204917,109.29206969347119,59.21831902204917,59.292069693471184,18,2041,4.30886938006e-06,
806,triangle,779,1238,778,,296815.17210941506,6809804.922739435,48177.97509765625,146.45735599053725,147.4000111133277,96.45735599053725,97.40001111332771,18,2041,4.918633375053572e-06,
807,triangle,702,1448,1234,,287132.7014270598,6806719.746992413,1485262.658203125,231.53301561226795,208.0218695960967,181.53301561226797,158.0218695960967,18,2041,4.30886938006e-06,
808,triangle,1262,1411,1159,,308140.3929158126,6808727.829540377,94905.85302734375,118.67223418714141,111.77766507115801,68.67223418714141,61.77766507115802,18,2041,4.30886938006e-06,
809,triangle,1151,1338,1250,,300348.53410671913,6805786.663321249,241320.02734375,148.79850007250448,147.92916088112756,98.79850007250448,97.92916088112757,18,2041,4.30886938006e-06,
810,triangle,885,1297,1163,,302755.7106566371,6806659.793969166,77278.18994140625,123.55875807877528,126.49991437927424,73.55875807877527,76.49991437927424,18,2041,4.30886938006e-06,
811,triangle,1264,1265,959,,309707.10747617594,6809990.914655864,1141627.5302734375,140.30795009467698,130.48549800307694,90.30795009467697,80.48549800307694,18,2041,4.512124045057858e-06,
812,triangle,1048,1507,578,,294760.28883667465,6809224.749998521,8538.9287109375,192.89401820185347,191.42977876326714,142.89401820185347,141.42977876326714,18,2041,4.30886938006e-06,
813,triangle,579,1507,1035,,294877.87488876196,6809111.386294696,9347.439453125,186.80788205613652,187.89605187562844,136.80788205613652,137.89605187562844,18,2041,4.30886938006e-06,
814,triangle,1259,1501,971,,288297.0736974013,6803793.776146486,1411583.212890625,165.9588931935285,159.66770650834175,115.9588931935285,109.66770650834177,33,1321,8.983726675010714e-06,
815,triangle,836,1128,902,,292682.6018264536,6810763.878844763,43071.8955078125,220.73719054589876,219.82250569126708,170.73719054589876,169.82250569126705,18,2041,4.30886938006e-06,
816,triangle,712,1444,711,,295101.9123349829,6817918.828535847,1548533.5541992188,92.07137690213958,120.30124304961025,42.07137690213958,70.30124304961025,98,2021,5.121888040051429e-06,
817,triangle,733,1544,1174,,300196.37204472825,6801864.025684054,1160589.5107421875,150.18277675342753,141.5292600515439,100.18277675342753,91.52926005154389,18,2041,4.30886938006e-06,
818,triangle,818,1426,1194,,302005.90257995785,6806412.917232253,113742.17578125,124.70574706691859,130.11261258125074,74.7057470669186,80.11261258125074,18,2041,4.30886938006e-06,
819,triangle,724,986,959,,310817.7326767183,6808489.134258815,1260321.0717773438,113.05094272366398,117.25759479716184,63.05094272366399,67.25759479716184,18,2041,4.30886938006e-06,
820,triangle,566,1475,1396,,293873.13796501694,6808930.751609463,36006.98828125,215.00258227292986,215.26614871138543,165.00258227292986,165.26614871138543,18,2041,4.30886938006e-06,
821,triangle,944,1290,1203,,298321.0736320659,6807595.686989974,111651.490234375,168.9900251085834,169.45041908362762,118.99002510858342,119.45041908362764,18,2041,4.30886938006e-06,
822,triangle,1186,1440,593,,293302.1206435024,6810597.929990046,16534.13623046875,200.79718341125673,201.74383424082285,150.79718341125673,151.74383424082285,18,2041,4.30886938006e-06,
823,triangle,678,1095,792,,295059.9205036639,6814635.361783817,154561.87255859375,203.444393547321,204.0262766583265,153.444393547321,154.02627665832648,52,1561,1.189207115e-05,
824,triangle,1276,1277,974,,290186.4298331323,6814851.530597311,114092.896484375,263.776972313604,273.94351890651825,213.776972313604,223.94351890651828,18,2041,4.30886938006e-06,
825,triangle,917,1262,1159,,308108.4416617622,6808999.313090239,153087.61181640625,122.57897942502235,117.6609913839744,72.57897942502234,67.6609913839744,18,2041,4.30886938006e-06,
826,triangle,805,1358,1227,,301707.0282302467,6804485.744379065,438372.82421875,136.94198505302188,137.1186583428117,86.94198505302188,87.11865834281168,55,161,2.1838248394302858e-05,
827,triangle,902,1128,606,,292839.1977494697,6810836.132005765,24567.81689453125,207.82688575864094,211.12059784871815,157.82688575864094,161.12059784871815,18,2041,4.30886938006e-06,
828,triangle,612,1425,1296,,290813.3904390925,6812594.890998647,25324.232421875,226.7678646284699,227.71789988993558,176.7678646284699,177.71789988993555,18,2041,4.30886938006e-06,
829,triangle,204,1476,774,,294189.98546138103,6810170.343444464,32058.91650390625,196.7324213746437,199.1186988148717,146.7324213746437,149.1186988148717,18,2041,4.6835526164864286e-06,
830,triangle,926,1341,1169,,295416.68861860543,6813402.653744685,124975.4990234375,201.6447696186538,199.25243100799472,151.6447696186538,149.25243100799472,18,2041,4.30886938006e-06,
831,triangle,890,1464,480,,307108.64962603134,6805722.56078193,40204.69091796875,114.3106878794163,112.9948188227197,64.31068787941632,62.99481882271969,18,2041,4.30886938006e-06,
832,triangle,801,1299,690,,303462.309681279,6811533.910858913,361368.21142578125,119.20575898905902,132.84409418378868,69.20575898905902,82.84409418378868,2,1381,1e-05,
833,triangle,1204,1335,690,,303828.464480818,6810665.6732933,230433.8759765625,125.9775196162364,128.6050454276918,75.97751961623639,78.60504542769178,18,2041,4.30886938006e-06,
834,triangle,1075,1537,812,,291258.1866990825,6811166.770525552,141907.61669921875,265.94017524332753,266.38949373678605,215.9401752433275,216.38949373678602,18,2041,4.30886938006e-06,
835,triangle,1083,1154,912,,289938.1938367786,6813212.109734621,115463.701171875,247.2156214559588,260.4023024944176,197.21562145595877,210.40230249441757,18,2041,4.30886938006e-06,
836,triangle,1082,1211,934,,290374.05757957435,6812092.544973012,157476.97119140625,254.45063007379383,264.0949702797324,204.45063007379386,214.09497027973237,18,2041,4.30886938006e-06,
837,triangle,715,1542,1235,,301692.7361394818,6817329.566122893,1162556.3427734375,87.423671164807,94.56330284764249,37.423671164807,44.5633028476425,52,1561,8.64212753431143e-06,
838,triangle,1177,1557,831,,304842.53652421327,6806149.6036292575,103676.92529296875,125.05854127520811,122.1813818849834,75.05854127520811,72.1813818849834,18,2041,4.30886938006e-06,
839,triangle,829,1091,953,,299682.012879675,6807337.800904644,117956.51708984375,145.3747914196636,138.10677397397941,95.37479141966361,88.10677397397943,18,2041,4.30886938006e-06,
840,triangle,981,1246,827,,305289.0586985526,6807589.30936747,114048.65771484375,130.53307035475882,126.01300534536709,80.5330703547588,76.01300534536709,18,2041,4.30886938006e-06,
841,triangle,1173,1255,950,,298419.5293706922,6806385.245026025,130284.18359375,167.11616076804344,161.6324639223794,117.11616076804344,111.63246392237939,18,2041,4.30886938006e-06,
842,triangle,866,1545,1293,,293075.23352950043,6808390.322132639,162508.7041015625,261.0557761406203,262.93338335796847,211.05577614062037,212.9333833579685,18,2041,4.30886938006e-06,
843,triangle,1346,1557,941,,304538.57545332384,6805718.372311167,150930.76611328125,133.69146639713566,134.35787590126472,83.69146639713564,84.35787590126473,18,2041,4.30886938006e-06,
844,triangle,809,1563,1461,,289441.1789187197,6812455.869034036,171287.81884765625,263.81906530795777,275.5505620572048,213.81906530795774,225.55056205720476,18,2041,4.30886938006e-06,
845,triangle,810,1516,1323,,303882.1140101341,6806301.767776501,185616.9423828125,145.16893413420456,141.45777635849024,95.16893413420459,91.45777635849021,18,2041,4.30886938006e-06,
846,triangle,40,1479,744,,306183.8687426075,6808838.70190828,37959.1455078125,104.6744283108316,105.58604470880566,54.67442831083161,55.586044708805645,18,2041,4.512124045057858e-06,
847,triangle,813,1420,1192,,292629.6802101431,6812233.588012822,148511.31689453125,199.65020323172152,202.4342832984496,149.65020323172155,152.4342832984496,18,2041,4.30886938006e-06,
848,triangle,726,1492,1073,,310919.52990611334,6805233.667822267,789746.1142578125,122.12094785205383,122.3762832073578,72.12094785205385,72.3762832073578,18,2041,4.30886938006e-06,
849,triangle,1210,1386,923,,301902.8508105503,6813892.286773666,704341.8364257812,148.11596757425016,148.16583774092743,98.11596757425018,98.16583774092742,52,1561,1.1426817478238573e-05,
850,triangle,926,1416,1341,,295271.71341412625,6813673.037019651,106010.486328125,206.95793393612865,206.17900608699856,156.95793393612865,156.1790060869985,18,2041,4.30886938006e-06,
851,triangle,709,1273,1270,,289809.30669903423,6817359.892384888,1427055.2905273438,210.07892452885181,211.37842508588037,160.07892452885184,161.37842508588037,32,1341,1e-05,
852,triangle,851,1483,1117,,306112.85680842446,6806075.440707116,73436.2900390625,120.27629702691928,116.13978591738048,70.27629702691928,66.13978591738048,18,2041,4.30886938006e-06,
853,triangle,1243,1468,815,,307220.94625214377,6812747.161776916,1012746.4106445312,134.7401070943583,131.88901537336884,84.7401070943583,81.88901537336885,59,1641,6.4736278456171425e-06,
854,triangle,1296,1425,837,,290715.4736206019,6812717.757617369,40377.2802734375,236.9842298497104,236.19592060458115,186.98422984971043,186.19592060458112,18,2041,4.30886938006e-06,
855,triangle,811,1558,1167,,297257.3888400293,6806716.573765025,219659.37548828125,179.51157197461168,183.3356963193497,129.51157197461168,133.33569631934972,18,2041,4.30886938006e-06,
856,triangle,808,1485,1236,,295073.84936773585,6807329.898411851,157780.0625,226.7401319018754,220.0000719617586,176.74013190187537,170.00007196175858,18,2041,4.30886938006e-06,
857,triangle,747,1458,41,,305328.58124705456,6808919.295102601,45066.10546875,104.51729907264041,107.4251082649651,54.5172990726404,57.425108264965104,18,2041,4.512124045057858e-06,
858,triangle,1063,1074,860,,294240.0053130142,6813177.694131761,155511.39453125,177.89686766783166,180.7161292490267,127.89686766783167,130.71612924902672,18,2041,4.30886938006e-06,
859,triangle,796,1302,795,,297684.1522697487,6813847.08312947,223490.900390625,194.19555708449735,195.2804825567683,144.19555708449735,145.2804825567683,2,1381,1e-05,
860,triangle,875,1305,1226,,295079.9115695808,6810206.871023235,71633.48681640625,186.26185820428674,184.39892456901475,136.26185820428674,134.39892456901475,18,2041,4.30886938006e-06,
861,triangle,914,1493,1064,,307363.10121257725,6809518.3872893555,153320.14208984375,134.994355296946,134.2645029972177,84.99435529694598,84.26450299721769,18,2041,4.30886938006e-06,
862,triangle,1348,1360,850,,309082.51729043404,6807618.669445105,137745.43896484375,86.411459531639,89.91005355143834,36.411459531639,39.91005355143832,33,1321,9.796745335002144e-06,
863,triangle,1364,1399,985,,308422.0507362646,6802932.877061059,574714.0541992188,122.68127214127557,116.60828760686952,72.68127214127556,66.60828760686952,18,2041,4.30886938006e-06,
864,triangle,1239,1375,868,,298827.62576939183,6814569.318777927,387487.16259765625,159.19551893824763,171.11865583663726,109.19551893824762,121.11865583663729,52,1561,1.1621775271428572e-05,
865,triangle,1306,1438,680,,293470.78605953016,6814156.617092385,131944.70068359375,195.6762600022033,191.01763389931088,145.67626000220332,141.01763389931088,18,2041,4.30886938006e-06,
866,triangle,1237,1565,720,,310894.78277091216,6816768.76145668,993533.6147460938,57.396634948812164,62.52767390603878,7.396634948812163,12.527673906038777,98,2021,4.30886938006e-06,
867,triangle,836,897,814,,292292.77883985796,6810425.429605412,120171.9365234375,234.51424605902395,238.47974334475748,184.51424605902395,188.47974334475745,18,2041,4.30886938006e-06,
868,triangle,826,1072,856,,295054.16096060915,6809526.002069708,72678.85791015625,201.85541977310447,199.8785317494754,151.8554197731045,149.87853174947543,18,2041,4.30886938006e-06,
869,triangle,1234,1501,701,,287129.97034452244,6804957.041304871,1251656.3706054688,198.54432226633503,198.5767158284369,148.54432226633503,148.57671582843687,18,2041,4.30886938006e-06,
870,triangle,995,1409,929,,289358.7988650243,6814538.25305554,168048.13232421875,289.05092603929904,293.1475588519648,239.05092603929901,243.14755885196482,18,2041,4.30886938006e-06,
871,triangle,829,1166,900,,299286.74719591875,6807522.975343662,99298.96875,146.81742512852793,141.521469647336,96.81742512852793,91.521469647336,18,2041,4.30886938006e-06,
872,triangle,822,1094,928,,293458.2051300572,6809502.849148806,118349.7548828125,240.57695483726332,232.03491073456885,190.57695483726332,182.03491073456885,18,2041,4.30886938006e-06,
873,triangle,817,1066,883,,301357.6032286667,6806627.209514335,82884.08349609375,128.94551020240792,129.60351010114093,78.94551020240792,79.60351010114094,18,2041,4.30886938006e-06,
874,triangle,190,1329,189,,296378.5986408997,6812743.531467732,12303.2705078125,180.4810572238441,180.97385099513954,130.4810572238441,130.97385099513954,18,2041,4.30886938006e-06,
875,triangle,900,1091,829,,299509.49239996896,6807501.017237522,78710.044921875,143.44849017816745,138.7957347278551,93.44849017816745,88.79573472785508,18,2041,4.30886938006e-06,
876,triangle,968,1098,15,,308351.9872384169,6807124.034898992,5899.64306640625,86.15720948877282,85.65392474052828,36.15720948877283,35.653924740528275,33,1321,1e-05,
877,triangle,66,1005,1004,,301708.77296272916,6806955.805245426,6545.09375,114.74239769098895,114.47324643236892,64.74239769098897,64.47324643236894,18,2041,4.30886938006e-06,
878,triangle,82,1008,1007,,302940.4871530934,6807106.197184655,7839.32470703125,110.0901644755324,110.36878340946964,60.090164475532404,60.36878340946964,18,2041,4.30886938006e-06,
879,triangle,85,1009,1008,,303159.49090279336,6807169.356766351,9238.4404296875,111.45242785569505,112.13091175063967,61.452427855695035,62.130911750639676,18,2041,4.30886938006e-06,
880,triangle,137,1015,1014,,302696.21688278386,6809379.122840724,8494.82861328125,114.3331763056216,115.98150768548653,64.33317630562159,65.98150768548653,18,2041,4.30886938006e-06,
881,triangle,510,1120,1029,,305641.7652794702,6807049.44405046,7400.63671875,107.90726787928996,108.61636249004437,57.90726787928997,58.61636249004436,18,2041,4.30886938006e-06,
882,triangle,1029,1031,513,,305843.07843790104,6806978.33227609,7831.80810546875,104.566464018702,104.8399921729211,54.566464018702014,54.83999217292109,18,2041,4.30886938006e-06,
883,triangle,1045,1046,560,,296755.2348115559,6808630.956305108,8330.83447265625,149.7446161933197,149.381722790101,99.74461619331967,99.38172279010102,18,2041,4.30886938006e-06,
884,triangle,584,1126,1049,,292775.0,6810075.0,8437.5,219.23333740234378,219.04166666666666,169.23333740234378,169.04166666666666,18,2041,4.30886938006e-06,
885,triangle,602,1128,1051,,292645.9742866179,6810998.426230602,8476.626953125,210.72415075021604,210.66708472272225,160.7241507502161,160.6670847227222,18,2041,4.30886938006e-06,
886,triangle,184,1328,1185,,301468.7288422754,6810758.449784547,106554.3798828125,150.71851274033662,152.16755662268812,100.71851274033665,102.16755662268814,18,2041,4.30886938006e-06,
887,triangle,1105,1180,101,,304380.23578298267,6807841.453600845,17992.9765625,108.6716063257785,109.01079113401603,58.671606325778484,59.010791134016024,18,2041,4.30886938006e-06,
888,triangle,1078,1307,839,,297360.4328376186,6808118.62350693,60402.9638671875,170.280887998397,165.44515043704394,120.28088799839696,115.44515043704394,18,2041,4.30886938006e-06,
889,triangle,494,949,493,,306798.7198082213,6806119.521927559,6241.283203125,100.80699459512496,101.70015759690159,50.80699459512496,51.70015759690158,18,2041,4.30886938006e-06,
890,triangle,487,1090,1024,,307036.9636617961,6806371.306815752,11299.73095703125,97.56915088221787,97.9072193916474,47.56915088221787,47.9072193916474,18,2041,4.30886938006e-06,
891,triangle,1236,1361,808,,295216.04835695407,6807051.590324554,197736.98974609375,220.61635059112618,213.93049988505086,170.6163505911262,163.93049988505086,18,2041,4.30886938006e-06,
892,triangle,1189,1553,1536,,295188.9005341189,6805551.136270233,685031.8984375,203.43121341600198,197.20494850978574,153.431213416002,147.2049485097858,18,2041,4.30886938006e-06,
893,triangle,719,1565,1237,,310231.3212324506,6817418.761456679,1021098.4931640625,53.47672247734979,61.11357032468367,3.4767224773497896,11.11357032468367,98,2021,4.30886938006e-06,
894,triangle,1080,1361,1236,,295620.8641219657,6806995.412137459,190857.06591796875,228.43914735684928,216.68489494959863,178.43914735684928,166.68489494959863,18,2041,4.30886938006e-06,
895,triangle,849,1411,1262,,308304.05039596045,6808529.247521748,91655.587890625,114.46536970792633,110.86739888269881,64.46536970792631,60.867398882698815,18,2041,4.30886938006e-06,
896,triangle,941,1471,1257,,304734.9127648458,6805031.312821639,169516.947265625,130.22165460481474,131.86229285947024,80.22165460481473,81.86229285947024,18,2041,4.30886938006e-06,
897,triangle,188,1454,763,,297078.912112921,6812639.894259748,36370.736328125,185.56872268016198,185.29696608307287,135.56872268016195,135.29696608307287,18,2041,4.918633375053572e-06,
898,triangle,797,1400,948,,296056.87801270315,6814314.476387794,100282.11376953125,222.34530190599037,216.4674885492267,172.34530190599034,166.4674885492267,2,1381,1e-05,
899,triangle,1192,1420,832,,292939.80354947736,6812399.756566917,134864.81591796875,196.85089404864112,196.4748460773516,146.85089404864115,146.47484607735157,18,2041,4.30886938006e-06,
900,triangle,1179,1563,1551,,289013.40221334115,6812972.7257712195,202677.12890625,261.1466942288055,275.99693590017756,211.14669422880544,225.9969359001776,18,2041,4.30886938006e-06,
901,triangle,927,1444,712,,296218.42489217554,6817373.046857583,1546299.1962890625,97.61470543356214,119.55995186156672,47.614705433562136,69.55995186156669,98,2021,4.30886938006e-06,
902,triangle,1083,1473,995,,289506.37557268364,6813907.704309631,177802.23974609375,274.0405758602613,279.86343326088416,224.0405758602613,229.86343326088422,18,2041,4.30886938006e-06,
903,triangle,978,989,752,,307400.8279304716,6806326.797077775,43291.7431640625,114.52759315556946,110.30661851491077,64.52759315556946,60.30661851491076,18,2041,4.30886938006e-06,
904,triangle,835,1196,1155,,300907.36426593806,6810129.526842884,54177.8359375,153.27361269729093,150.270194445352,103.27361269729093,100.27019444535198,18,2041,4.30886938006e-06,
905,triangle,781,1065,232,,298400.09920943895,6808466.940319839,19707.21337890625,129.0351296143302,129.45325847331765,79.03512961433023,79.45325847331763,18,2041,4.512124045057858e-06,
906,triangle,778,1367,218,,296598.4568417136,6810029.409200338,41055.29052734375,150.40153517260916,149.50176342572146,100.40153517260916,99.50176342572149,18,2041,4.918633375053572e-06,
907,triangle,777,1421,217,,296152.24734412646,6810342.238062919,36433.5673828125,153.30365514674412,156.52264000245256,103.30365514674409,106.52264000245255,18,2041,4.512124045057858e-06,
908,triangle,1379,1553,1187,,295610.4342536458,6803581.0487937555,1058347.2465820312,182.5170120898453,178.56011404592292,132.5170120898453,128.56011404592294,18,2041,4.30886938006e-06,
909,triangle,938,1553,1379,,294826.8606178646,6803840.995120759,1384090.6899414062,172.56813132881715,183.52375191319263,122.56813132881716,133.52375191319263,18,2041,4.30886938006e-06,
910,triangle,868,1302,1289,,297988.93709050765,6814957.97837973,648848.4975585938,191.10124285816084,176.7698876996229,141.10124285816087,126.76988769962288,52,1561,1.14190533625e-05,
911,triangle,839,1560,1290,,297906.8580418746,6807941.105483167,132458.720703125,174.25973020187266,164.20402218983784,124.25973020187266,114.20402218983786,18,2041,4.30886938006e-06,
912,triangle,560,954,559,,296770.8333333333,6808495.833333333,8437.5,146.58919190772696,146.93148196185075,96.58919190772691,96.93148196185075,18,2041,4.30886938006e-06,
913,triangle,834,1554,823,,300567.3369718099,6806573.009383691,102174.48095703125,134.10066241300726,139.31726067271487,84.10066241300726,89.31726067271488,18,2041,4.30886938006e-06,
914,triangle,1074,1373,860,,293879.8992022783,6813194.053088416,147336.34912109375,191.551598241898,189.42383046861596,141.551598241898,139.42383046861593,18,2041,4.30886938006e-06,
915,triangle,775,1330,204,,294480.3125185812,6810163.843320237,29596.3369140625,199.65237491312237,199.89692704190497,149.65237491312237,149.89692704190497,18,2041,4.30886938006e-06,
916,triangle,859,1303,1148,,305363.80946165643,6806647.513963393,47997.56884765625,111.30323179079542,112.78751096398425,61.30323179079541,62.78751096398425,18,2041,4.30886938006e-06,
917,triangle,929,1436,1277,,289661.00569856167,6815189.245737325,162958.7822265625,302.0721817349448,293.3084650942822,252.0721817349448,243.30846509428218,18,2041,4.30886938006e-06,
918,triangle,1428,1462,934,,289837.6649491023,6811536.363002011,185403.56982421875,270.78636408570213,265.3977009965411,220.78636408570213,215.3977009965411,18,2041,4.30886938006e-06,
919,triangle,1402,1450,630,,290286.139168024,6813562.475004728,25143.58935546875,236.78009078735596,233.97254120317135,186.78009078735593,183.97254120317135,18,2041,4.30886938006e-06,
920,triangle,705,1292,1081,,287090.4074713643,6813066.176729401,1114946.1435546875,196.99585986868038,211.0234615214222,146.99585986868038,161.0234615214222,18,2041,4.512124045057858e-06,
921,triangle,752,1390,978,,307521.2546011331,6806299.783803671,30612.8125,110.00783446245359,109.57595478283618,60.007834462453594,59.575954782836185,18,2041,4.30886938006e-06,
922,triangle,774,1476,1213,,294009.6031193496,6810155.228910173,45081.1318359375,198.79041819846205,202.5755474663122,148.79041819846202,152.57554746631223,18,2041,4.30886938006e-06,
923,triangle,1076,1229,901,,290215.09733510594,6809794.467201655,553648.7729492188,242.09518316018267,248.23575273865814,192.09518316018267,198.23575273865814,18,2041,4.30886938006e-06,
924,triangle,975,1448,1247,,288286.7727692453,6808113.951085205,1497871.6586914062,221.83263175329017,232.80564691801897,171.8326317532902,182.80564691801897,62,1981,9.796745335002144e-06,
925,triangle,984,1486,1437,,292046.17246536847,6811590.412172056,89466.166015625,234.60033617391292,234.39057732140964,184.60033617391292,184.39057732140964,18,2041,4.30886938006e-06,
926,triangle,964,1559,200,,293399.0125851611,6811828.971809295,51684.0546875,184.99045796250496,186.31497826607946,134.990457962505,136.31497826607946,18,2041,4.30886938006e-06,
927,triangle,799,1386,1210,,301531.80753312714,6813110.498424324,530837.8359375,162.31897767184148,160.70029574640657,112.31897767184148,110.70029574640658,2,1381,1e-05,
928,triangle,1181,1226,205,,294765.9545583191,6810393.727109666,23324.98046875,190.25614897391733,190.1516118875834,140.25614897391733,140.15161188758339,18,2041,4.30886938006e-06,
929,triangle,791,1400,792,,295683.859645005,6814621.757993181,97136.65087890625,219.98517728667576,219.0371577067871,169.98517728667574,169.03715770678713,2,1381,1.0067573969642858e-05,
930,triangle,886,1014,887,,302840.2327898349,6809486.071668726,35592.72265625,122.11369076164566,119.96530213396075,72.11369076164564,69.96530213396078,18,2041,4.30886938006e-06,
931,triangle,892,1031,891,,305969.62750320794,6807076.658208717,29613.24267578125,109.31689730903372,108.97504204054466,59.31689730903372,58.97504204054464,18,2041,4.30886938006e-06,
932,triangle,1551,1563,809,,289087.50878140377,6812590.688296043,195918.73974609375,260.3996622070482,265.04959923367613,210.3996622070482,215.0495992336761,18,2041,4.30886938006e-06,
933,triangle,927,1430,868,,298364.3773507303,6816411.84189454,1432462.1328125,128.84186449008388,127.60775769401118,78.84186449008386,77.6077576940112,98,2021,6.815499329677144e-06,
934,triangle,750,1224,749,,306178.15343099897,6807688.91368167,61176.791015625,122.33326529419105,119.85994496217518,72.33326529419105,69.85994496217519,18,2041,4.715378710055714e-06,
935,triangle,1061,1548,1258,,298448.7097041661,6812884.826558631,89834.51806640625,202.29216789771124,199.88277837118622,152.29216789771124,149.8827783711862,18,2041,4.30886938006e-06,
936,triangle,1124,1451,897,,292444.90030199854,6810048.658046386,28827.404296875,235.3543502009067,233.15312717675022,185.3543502009067,183.1531271767502,18,2041,4.30886938006e-06,
937,triangle,1457,1553,807,,296434.32638877933,6805005.804636289,1151072.6005859375,192.05895940666835,179.19352285022512,142.05895940666835,129.19352285022512,18,2041,4.30886938006e-06,
938,triangle,714,1430,713,,298954.61612548615,6817993.574340067,1325374.2055664062,108.5217882623578,78.69205364251646,58.52178826235781,28.692053642516452,98,2021,4.30886938006e-06,
939,triangle,62,1350,61,,301396.482807024,6807033.894934072,4624.31982421875,114.88605892146813,115.21826712630786,64.88605892146812,65.21826712630785,18,2041,4.30886938006e-06,
940,triangle,212,1351,211,,295165.5109935715,6810713.948227319,4055.82421875,176.81863717795468,175.88022280242913,126.81863717795468,125.88022280242916,18,2041,4.30886938006e-06,
941,triangle,484,1424,483,,307084.9851208069,6806075.803150897,3935.826171875,102.16354559034549,102.45839139594955,52.16354559034551,52.45839139594955,18,2041,4.30886938006e-06,
942,triangle,1253,1353,185,,300793.7116768258,6811713.969508276,89364.814453125,173.33959487825547,173.7735266610948,123.33959487825545,123.77352666109478,18,2041,4.30886938006e-06,
943,triangle,1024,1424,485,,307097.4851208069,6806188.303150897,7264.8115234375,101.30004228945725,101.61672422065658,51.300042289457245,51.61672422065658,18,2041,4.30886938006e-06,
944,triangle,682,1162,683,,296394.9937289804,6815400.162982077,65137.65576171875,167.89580686892916,167.85788594089658,117.89580686892916,117.85788594089657,3,1481,1e-05,
945,triangle,553,1434,1042,,296247.8815403839,6808366.394557662,10036.52099609375,155.52548209898822,155.79416659086965,105.5254820989882,105.79416659086966,18,2041,4.30886938006e-06,
946,triangle,758,1435,757,,299525.7995384543,6812045.127066103,106807.41552734375,172.3914117645141,170.74560241667825,122.39141176451406,120.74560241667824,18,2041,4.30886938006e-06,
947,triangle,772,1186,203,,293522.3645846297,6810710.41110416,24069.72216796875,200.53739045360356,198.39087078804246,150.53739045360354,148.39087078804246,18,2041,4.6835526164864286e-06,
948,triangle,1063,1355,1074,,294350.8165023673,6812921.8786691865,85319.4521484375,188.2340595854044,184.61701182413853,138.23405958540442,134.6170118241385,18,2041,4.30886938006e-06,
949,triangle,140,1391,1015,,302475.0,6809462.327951744,10517.841796875,120.52002775259106,120.9322199088568,70.52002775259106,70.9322199088568,18,2041,4.30886938006e-06,
950,triangle,926,1248,1063,,294967.2560181629,6813191.45602659,119616.75537109375,191.2977230145044,187.29712918709978,141.2977230145044,137.29712918709978,18,2041,4.30886938006e-06,
951,triangle,591,935,592,,293104.5761600256,6810615.346132379,9649.12158203125,202.07668078813177,203.33017881509707,152.0766807881318,153.33017881509707,18,2041,4.30886938006e-06,
952,triangle,978,1212,838,,307616.65901006915,6805951.268469676,91031.791015625,117.82547210236919,113.2896571905972,67.82547210236919,63.28965719059719,18,2041,4.30886938006e-06,
953,triangle,810,1557,1346,,304341.3147031851,6806025.382804296,127338.091796875,138.1589441650291,134.4087620571465,88.15894416502911,84.4087620571465,18,2041,4.30886938006e-06,
954,triangle,795,1477,796,,297609.37896057934,6813446.1394376485,124798.0302734375,201.86971043397406,197.35375171819922,151.86971043397406,147.3537517181992,18,2041,4.715378710055714e-06,
955,triangle,793,1095,678,,294732.00685080775,6814596.815792575,165128.93994140625,203.3974999312668,196.66415302475298,153.3974999312668,146.664153024753,52,1561,1.189207115e-05,
956,triangle,769,1366,1200,,293821.9360223997,6812265.592926455,61310.08154296875,187.49549066424757,187.02002982983265,137.49549066424757,137.02002982983265,18,2041,4.30886938006e-06,
957,triangle,506,1523,1217,,306335.94897297956,6806900.790750575,14586.4970703125,99.83090569257931,100.29049572439094,49.8309056925793,50.29049572439093,18,2041,4.30886938006e-06,
958,triangle,1469,1535,990,,292401.56020493066,6808941.350296515,170924.27197265625,290.39969639545035,273.9979047739001,240.39969639545032,223.99790477390005,18,2041,4.30886938006e-06,
959,triangle,796,1509,686,,296988.61924009945,6813607.35046759,122422.841796875,198.44116249877925,201.53414202428758,148.44116249877925,151.5341420242876,18,2041,4.30886938006e-06,
960,triangle,807,1189,1080,,296024.4697967544,6806239.561248739,461067.37060546875,186.52272624664997,192.31712772308194,136.52272624665,142.31712772308194,18,2041,4.30886938006e-06,
961,triangle,780,1484,229,,297934.72044845094,6808785.482579708,47047.5205078125,133.70101582401807,133.09503642074475,83.70101582401807,83.09503642074473,18,2041,4.512124045057858e-06,
962,triangle,679,1283,680,,293806.14200449485,6814497.721193854,39370.21533203125,168.6409934368034,170.98168340845464,118.64099343680341,120.98168340845467,18,2041,4.850526649341429e-06,
963,triangle,555,1434,554,,296361.54364297114,6808383.138621651,4709.4052734375,153.00902889462262,153.22886466584413,103.00902889462262,103.22886466584413,18,2041,4.30886938006e-06,
964,triangle,1202,1229,910,,290791.6108162365,6808636.449047613,688488.4301757812,277.76849492870156,268.3567259496306,227.76849492870159,218.35672594963057,18,2041,4.30886938006e-06,
965,triangle,813,1192,921,,292607.8239622694,6811929.9486673055,107064.24560546875,206.00248789069195,206.3949696411527,156.00248789069198,156.3949696411527,18,2041,4.30886938006e-06,
966,triangle,928,972,822,,293215.8227660223,6809520.231512841,127687.9384765625,250.31110798198242,240.4961951370793,200.3111079819824,190.4961951370793,18,2041,4.30886938006e-06,
967,triangle,831,1216,1148,,304911.58962177206,6806776.215938508,116455.2529296875,119.71023026035769,121.24836692178872,69.71023026035768,71.24836692178873,18,2041,4.30886938006e-06,
968,triangle,187,1385,761,,297972.4100217543,6812479.726037907,35325.21044921875,181.97682679091588,180.0657673116633,131.9768267909159,130.06576731166328,18,2041,4.918633375053572e-06,
969,triangle,934,1461,1082,,290079.88661464,6812167.498937457,191079.5419921875,272.65277632067716,273.41457142855234,222.65277632067716,223.41457142855234,18,2041,4.30886938006e-06,
970,triangle,797,1514,1341,,295891.5696513558,6813656.4862624025,155444.5888671875,204.97189272203042,201.2436177562788,154.97189272203042,151.24361775627878,18,2041,4.30886938006e-06,
971,triangle,25,1000,24,,308262.5,6807712.5,4218.75,87.76666641235349,88.60833231608073,37.76666641235349,38.60833231608073,33,1321,1e-05,
972,triangle,57,1003,56,,301040.1030820492,6807111.897165708,4286.56884765625,116.2224043955236,116.33437833001922,66.22240439552358,66.33437833001922,18,2041,4.30886938006e-06,
973,triangle,64,1004,63,,301562.5,6807037.5,4218.75,114.13333257039388,114.44166692097981,64.13333257039388,64.44166692097981,18,2041,4.30886938006e-06,
974,triangle,67,1005,66,,301771.27296272916,6806968.305245426,3565.66015625,113.98060280722484,113.86491284472244,63.980602807224855,63.864912844722454,18,2041,4.30886938006e-06,
975,triangle,73,1006,72,,302195.495182352,6806961.607588347,4319.14599609375,112.34967816913954,112.38779142585354,62.34967816913954,62.387791425853514,18,2041,4.30886938006e-06,
976,triangle,82,1007,81,,302870.6971190664,6807120.393298191,3330.75390625,109.55826784992087,109.41576183196646,59.55826784992085,59.41576183196647,18,2041,4.30886938006e-06,
977,triangle,85,1008,84,,303094.790034027,6807185.803886463,4409.56298828125,109.57727692294426,109.55302259475577,59.577276922944264,59.55302259475577,18,2041,4.30886938006e-06,
978,triangle,101,1012,100,,304212.5,6807862.5,4218.75,105.19166628519693,104.6416670481364,55.19166628519693,54.64166704813639,18,2041,4.30886938006e-06,
979,triangle,116,1110,115,,304290.70745080896,6808916.362366274,4653.26611328125,106.11162479446182,106.5132224937712,56.11162479446182,56.51322249377119,18,2041,4.30886938006e-06,
980,triangle,133,1013,132,,303017.0022724359,6809209.4110570615,3871.244140625,111.97738179213714,112.05750795640138,61.977381792137145,62.05750795640139,18,2041,4.30886938006e-06,
981,triangle,138,1015,137,,302637.5,6809362.5,4218.75,114.65000025431316,115.68333435058594,64.65000025431316,65.68333435058594,18,2041,4.30886938006e-06,
982,triangle,155,1016,154,,301367.1647230321,6809440.320861522,4536.0966796875,122.61393575789046,122.8086066409179,72.61393575789046,72.80860664091792,18,2041,4.30886938006e-06,
983,triangle,160,1017,159,,300988.9750798278,6809514.133867833,4402.560546875,124.89521367178583,125.06016424513605,74.89521367178583,75.06016424513606,18,2041,4.30886938006e-06,
984,triangle,210,969,209,,294999.20778614824,6810710.301905736,4466.03515625,178.3023070512767,178.00732885609662,128.3023070512767,128.00732885609662,18,2041,4.30886938006e-06,
985,triangle,481,1022,480,,307012.5,6805862.5,4218.75,104.55000114440915,104.65000089009602,54.55000114440916,54.65000089009603,18,2041,4.30886938006e-06,
986,triangle,484,1023,485,,307018.58997602767,6806130.565240945,3533.62744140625,100.18102643190383,100.21628387374885,50.18102643190384,50.21628387374886,18,2041,4.30886938006e-06,
987,triangle,509,1028,508,,305528.64641412045,6806964.149726332,4033.15625,109.73459977912499,109.26687003903875,59.734599779125,59.26687003903874,18,2041,4.30886938006e-06,
988,triangle,509,1120,510,,305579.2652794702,6807036.94405046,4156.20556640625,108.6137227185828,109.17469556906455,58.61372271858279,59.17469556906454,18,2041,4.30886938006e-06,
989,triangle,512,1030,511,,305763.44093302405,6806889.992061815,3938.392578125,103.46530599805402,103.80145795112405,53.46530599805402,53.80145795112404,18,2041,4.30886938006e-06,
990,triangle,512,1029,513,,305787.5,6806962.5,4218.75,104.04166603088379,104.30833307902019,54.04166603088379,54.30833307902018,18,2041,4.30886938006e-06,
991,triangle,517,1032,518,,306163.36365469376,6806807.5933313025,3666.74951171875,99.59984771082219,99.55003118284509,49.599847710822196,49.55003118284509,18,2041,4.30886938006e-06,
992,triangle,538,1037,539,,295139.1160512367,6808835.509043042,3994.76708984375,170.7089547428437,171.25823518109277,120.70895474284373,121.25823518109274,18,2041,4.30886938006e-06,
993,triangle,541,1038,540,,295335.02531996765,6808765.544258933,3876.27099609375,168.22309835010293,168.40214846727216,118.22309835010294,118.40214846727217,18,2041,4.30886938006e-06,
994,triangle,549,1123,550,,295962.5,6808537.5,4218.75,158.36666361490887,158.94166564941406,108.36666361490886,108.94166564941406,18,2041,4.30886938006e-06,
995,triangle,551,1042,550,,296086.33789741277,6808458.255936012,4696.20751953125,156.28372272743576,156.46530090777296,106.28372272743573,106.46530090777294,18,2041,4.30886938006e-06,
996,triangle,558,1044,557,,296565.30078423064,6808465.525927409,3878.33349609375,149.3560247634244,149.59823463160262,99.35602476342439,99.59823463160262,18,2041,4.30886938006e-06,
997,triangle,557,1045,558,,296612.5,6808537.5,4218.75,149.12499745686847,149.50000127156576,99.12499745686847,99.50000127156575,18,2041,4.30886938006e-06,
998,triangle,560,1046,561,,296817.7348115559,6808618.456305108,4888.833984375,146.93493258612014,147.04838818520193,96.93493258612014,97.04838818520193,18,2041,4.30886938006e-06,
999,triangle,562,1034,561,,296914.28571428574,6808545.238095239,3348.21435546875,144.29727951359524,144.2308382825774,94.29727951359524,94.23083828257741,18,2041,4.30886938006e-06,
1000,triangle,574,1047,573,,294437.5,6809212.5,4218.75,190.4333330790202,190.67499796549478,140.4333330790202,140.67499796549478,18,2041,4.30886938006e-06,
1001,triangle,577,1048,578,,294693.4427179963,6809206.836930566,3581.65478515625,187.31238582776427,186.68330385725378,137.31238582776427,136.68330385725378,18,2041,4.30886938006e-06,
1002,triangle,579,1035,580,,294861.0287700836,6809043.47322674,4053.23681640625,183.12017825014289,181.91624465353433,133.1201782501429,131.91624465353433,18,2041,4.30886938006e-06,
1003,triangle,580,1572,579,,294809.86694860255,6809047.352316021,1702.46826171875,180.3583007511041,180.39621300692374,130.3583007511041,130.39621300692374,18,2041,4.30886938006e-06,
1004,triangle,585,1126,584,,292762.5,6810137.5,4218.75,215.84167226155603,216.1333351135254,165.841672261556,166.1333351135254,18,2041,4.30886938006e-06,
1005,triangle,585,1050,586,,292695.94997321855,6810160.935316764,3268.1279296875,215.06352776046418,214.959872527627,165.0635277604642,164.95987252762697,18,2041,4.30886938006e-06,
1006,triangle,600,1051,599,,292487.5,6811087.5,4218.75,213.16666793823242,212.98333358764648,163.16666793823242,162.98333358764648,18,2041,4.30886938006e-06,
1007,triangle,603,1128,602,,292708.4742866179,6811010.926230602,4395.79931640625,208.90321090017693,208.88374808331795,158.90321090017693,158.8837480833179,18,2041,4.30886938006e-06,
1008,triangle,607,1129,608,,293036.08613930177,6810933.225480393,3737.86669921875,202.2935834214937,202.0724438689774,152.2935834214937,152.0724438689774,18,2041,4.30886938006e-06,
1009,triangle,615,1130,614,,291087.5,6812587.5,4218.75,218.6166674296061,219.50000127156576,168.6166674296061,169.50000127156576,18,2041,4.30886938006e-06,
1010,triangle,617,1131,618,,291362.5,6812662.5,4218.75,211.44166437784833,211.22500228881836,161.44166437784833,161.22500228881836,18,2041,4.30886938006e-06,
1011,triangle,625,1053,624,,291837.5,6812812.5,4218.75,202.06666564941403,201.63333002726236,152.06666564941403,151.63333002726236,18,2041,4.30886938006e-06,
1012,triangle,633,1136,634,,290639.2715419501,6813485.84234289,4032.263671875,223.82804699445364,224.27584723717993,173.82804699445367,174.27584723717993,18,2041,4.30886938006e-06,
1013,triangle,638,1137,637,,290987.3675861091,6813408.441090566,4675.37744140625,216.40266678027075,216.4115651837849,166.40266678027075,166.4115651837849,18,2041,4.30886938006e-06,
1014,triangle,645,1055,644,,291474.7453703704,6813332.395187162,4793.04150390625,208.92200305524796,209.2563805077674,158.92200305524793,159.2563805077674,18,2041,4.30886938006e-06,
1015,triangle,644,1056,645,,291510.9375,6813409.821428572,3917.41064453125,208.9122768810934,209.02447661899615,158.91227688109342,159.0244766189962,18,2041,4.30886938006e-06,
1016,triangle,672,1057,673,,291712.5,6813462.5,4218.75,205.85833231608075,205.98333613077799,155.85833231608075,155.98333613077799,18,2041,4.30886938006e-06,
1017,triangle,923,1386,988,,301394.1088239602,6814302.57243158,865175.6796875,118.16067597936814,142.23446805337937,68.16067597936815,92.23446805337933,52,1561,1.1486627332142857e-05,
1018,triangle,1293,1545,987,,293377.07744917896,6808390.06239238,162573.060546875,258.10570591467473,252.07666589932276,208.10570591467473,202.07666589932276,18,2041,4.30886938006e-06,
1019,triangle,728,1546,3,,310807.29884719587,6801305.259349503,1247252.6733398438,117.88614364531625,117.25324050333154,67.88614364531625,67.25324050333155,18,2041,4.30886938006e-06,
1020,triangle,195,1559,1366,,293696.592409574,6811983.174368501,33836.65380859375,181.97024935028497,183.25560442948517,131.97024935028497,133.2556044294852,18,2041,4.30886938006e-06,
1021,triangle,697,1273,804,,290232.46111633285,6816138.835410434,384848.51611328125,211.79169587400338,232.83575516673747,161.7916958740034,182.83575516673747,52,1561,1.189207115e-05,
1022,triangle,802,994,942,,308269.3575868776,6806603.665230777,48386.724609375,98.31984746941961,99.2611358418442,48.31984746941963,49.2611358418442,33,1321,1e-05,
1023,triangle,848,1389,824,,296944.49164985877,6809013.285112172,65441.26220703125,162.33607069653863,156.14172487449062,112.33607069653863,106.1417248744906,18,2041,4.30886938006e-06,
1024,triangle,806,1516,1346,,303866.92004089284,6805595.893146597,181666.232421875,139.83786492092594,137.67915590383515,89.83786492092592,87.67915590383514,18,2041,4.30886938006e-06,
1025,triangle,742,1398,741,,307110.56313441525,6808563.908772849,41469.564453125,115.0241526175572,113.69235147946172,65.0241526175572,63.69235147946173,18,2041,4.715378710055714e-06,
1026,triangle,1116,1117,841,,305804.877013243,6806025.535192641,51740.560546875,120.92939354696347,118.24395663150905,70.92939354696347,68.24395663150905,18,2041,4.30886938006e-06,
1027,triangle,1323,1405,810,,304020.0791580653,6806626.180213907,141830.43701171875,138.8347441451415,138.92181852838928,88.8347441451415,88.92181852838928,18,2041,4.30886938006e-06,
1028,triangle,31,930,30,,307835.41308007453,6807803.584576654,6028.2646484375,103.69907586584061,97.31335010396263,53.69907586584061,47.31335010396263,33,1321,1e-05,
1029,triangle,1257,1401,806,,303768.07361884793,6804721.15478275,416242.56005859375,130.34649337211152,125.17693759720441,80.34649337211152,75.1769375972044,18,2041,4.30886938006e-06,
1030,triangle,840,1123,1041,,295912.4388069187,6808789.183387035,52016.1845703125,180.87643459031736,175.78891569472975,130.87643459031736,125.78891569472974,18,2041,4.30886938006e-06,
1031,triangle,709,1270,708,,288948.01057038613,6817924.873395,1530486.162109375,210.46529948989132,215.53843015774564,160.46529948989132,165.53843015774567,32,1341,1e-05,
1032,triangle,689,1562,1282,,302266.9957611288,6811379.084424005,136440.92138671875,147.70878621042127,147.2309901321431,97.70878621042125,97.23099013214312,18,2041,4.30886938006e-06,
1033,triangle,726,1073,725,,311490.54624038993,6805801.774819256,1161089.7470703125,125.60767703594017,103.6487742707031,75.60767703594017,53.64877427070311,18,2041,4.512124045057858e-06,
1034,triangle,561,954,560,,296820.8333333333,6808520.833333333,6093.75,145.5987621825476,145.7648152951841,95.59876218254759,95.76481529518408,18,2041,4.30886938006e-06,
1035,triangle,938,1518,997,,293281.31900553784,6804981.70278426,1075411.3056640625,222.9116529328477,205.1355789696404,172.9116529328477,155.1355789696404,18,2041,4.30886938006e-06,
1036,triangle,814,1228,836,,292209.48996033584,6810635.382413995,92540.26513671875,242.2677371517732,242.56820069941534,192.26773715177316,192.5682006994153,18,2041,4.30886938006e-06,
1037,triangle,217,1421,1172,,295967.38481270784,6810302.156276663,50097.490234375,157.8204000902607,157.93134136118837,107.8204000902607,107.93134136118834,18,2041,4.30886938006e-06,
1038,triangle,1204,1500,828,,304598.39638115576,6810312.487018786,123683.2822265625,122.00437086603412,122.1633337857146,72.00437086603412,72.16333378571458,18,2041,4.30886938006e-06,
1039,triangle,763,1406,762,,297378.9970192397,6812601.158693463,44886.97021484375,180.85405095792686,182.2724294630098,130.85405095792686,132.2724294630098,18,2041,4.715378710055714e-06,
1040,triangle,942,1284,803,,308662.6928009149,6806701.628897415,92009.2099609375,93.41743888734413,92.8177565725379,43.41743888734414,42.817756572537895,33,1321,1e-05,
1041,triangle,945,1266,886,,303240.93522489286,6809470.028641735,34613.41845703125,122.83078693829833,121.21916246256029,72.83078693829835,71.21916246256029,18,2041,4.30886938006e-06,
1042,triangle,946,1267,888,,301594.69935536286,6809696.1840165295,34819.4189453125,133.83545311016798,132.4348124039458,83.83545311016795,82.43481240394581,18,2041,4.30886938006e-06,
1043,triangle,766,1408,765,,295865.1685137124,6812760.5135401115,43997.583984375,184.92649724184062,184.12283490942573,134.92649724184065,134.1228349094258,18,2041,4.30886938006e-06,
1044,triangle,1257,1471,940,,304819.8875542028,6804660.33550765,166340.267578125,122.4654826009266,129.68084610082124,72.4654826009266,79.68084610082123,18,2041,4.30886938006e-06,
1045,triangle,496,1472,1303,,305411.27628446126,6806293.140076888,31476.0,109.76057935967006,110.40262424733561,59.76057935967007,60.40262424733561,18,2041,4.30886938006e-06,
1046,triangle,3,1546,727,,311470.7603856574,6801955.259349503,1218963.3720703125,113.7237944265453,121.15067659639294,63.7237944265453,71.15067659639294,18,2041,4.30886938006e-06,
1047,triangle,1274,1428,901,,289557.11073980504,6810916.924114798,280722.26416015625,251.02856180229242,242.9561843296731,201.02856180229242,192.9561843296731,18,2041,4.30886938006e-06,
1048,triangle,711,1517,710,,293160.06673361076,6817950.401913132,1454268.8071289062,164.02639120534172,149.21596384888178,114.02639120534172,99.2159638488818,32,1341,9.186981340008571e-06,
1049,triangle,924,1504,1318,,304015.1561822263,6809624.30052891,112920.9775390625,123.22236007041771,126.70576476707761,73.22236007041771,76.70576476707761,18,2041,4.30886938006e-06,
1050,triangle,944,1321,1166,,298799.3566363002,6807665.696651728,90855.83740234375,151.30513045181834,151.56221309653932,101.30513045181831,101.56221309653931,18,2041,4.30886938006e-06,
1051,triangle,623,943,624,,291788.3994708995,6812898.597715267,5467.2431640625,201.74590556816736,202.11782931190933,151.7459055681674,152.11782931190933,18,2041,4.30886938006e-06,
1052,triangle,1403,1455,1084,,307866.0145099209,6810586.231220043,447160.24755859375,101.09530197911552,108.01226324959528,51.09530197911554,58.012263249595264,18,2041,4.918633375053572e-06,
1053,triangle,1216,1405,844,,304310.3508529651,6807123.352806051,123974.0791015625,132.8122902001016,128.78108035500898,82.81229020010159,78.78108035500901,18,2041,4.30886938006e-06,
1054,triangle,868,1289,927,,297823.4780751956,6815774.204120964,1178226.7983398438,177.33775400035674,164.59076846083914,127.33775400035674,114.59076846083917,3,1481,9.796745335002144e-06,
1055,triangle,801,1460,1299,,303163.2916754353,6811942.468850962,446076.94482421875,145.88775812374067,143.61324471053186,95.88775812374068,93.61324471053187,2,1381,1e-05,
1056,triangle,792,1370,791,,295562.9897487424,6814785.97571534,66388.92822265625,218.3446482579307,218.1318983669638,168.34464825793066,168.13189836696378,52,1561,1.168934924107143e-05,
1057,triangle,751,1217,44,,306586.70067632996,6807136.259768906,39086.037109375,104.90558315427474,106.10831838227539,54.90558315427474,56.10831838227538,18,2041,4.30886938006e-06,
1058,triangle,581,1451,1124,,292481.70046268747,6809920.546145804,15854.921875,234.182783968082,231.80844411780507,184.18278396808202,181.80844411780507,18,2041,4.30886938006e-06,
1059,triangle,919,1055,646,,291568.5416666667,6813235.079194034,12189.38818359375,203.10702438668895,204.7527857970622,153.10702438668895,154.7527857970622,18,2041,4.30886938006e-06,
1060,triangle,649,1057,920,,291862.5442669382,6813298.298261474,14682.35205078125,204.48156467502767,204.62892897570916,154.48156467502767,154.62892897570916,18,2041,4.30886938006e-06,
1061,triangle,735,1470,734,,296928.2279562494,6801313.345055651,1271393.1713867188,150.7183884130713,141.6370087702035,100.71838841307132,91.63700877020347,18,2041,4.30886938006e-06,
1062,triangle,970,1378,1359,,309451.60100773786,6804085.367233574,403947.580078125,124.44331244380751,126.79611757059314,74.44331244380751,76.79611757059314,18,2041,4.30886938006e-06,
1063,triangle,1464,1496,878,,306870.6324142727,6805449.8763571605,60872.5400390625,113.51590724137273,115.42450492203666,63.51590724137273,65.42450492203666,18,2041,4.30886938006e-06,
1064,triangle,199,1165,770,,293790.4964839954,6811687.720927302,15967.92822265625,183.48913868071247,184.4525825371695,133.4891386807125,134.45258253716943,18,2041,5.432919089339286e-06,
1065,triangle,197,1165,196,,293872.4744614611,6811792.115598318,8886.7568359375,182.090323135458,182.32307876011524,132.09032313545802,132.32307876011524,18,2041,5.325142705049286e-06,
1066,triangle,1337,1441,825,,308544.15737820324,6804931.491932911,191772.6806640625,119.07300265834837,120.5736150991717,69.07300265834836,70.5736150991717,18,2041,4.30886938006e-06,
1067,triangle,1094,1183,928,,293519.2524705365,6809261.562511905,61454.76513671875,224.48699620996433,226.53350355009607,174.48699620996433,176.53350355009607,18,2041,4.30886938006e-06,
1068,triangle,1149,1368,759,,298997.4669008907,6812392.27248831,74477.05419921875,186.01738363572142,182.77045698046368,136.01738363572142,132.77045698046365,18,2041,4.30886938006e-06,
1069,triangle,183,1325,754,,300949.3329456582,6810943.728000544,54173.05029296875,161.9702099040818,161.5708754149757,111.97020990408177,111.57087541497572,18,2041,5.731652035045001e-06,
1070,triangle,834,1066,817,,301135.2374593611,6806594.3447072515,76605.623046875,129.39695206178263,132.7517783011734,79.3969520617826,82.75177830117339,18,2041,4.30886938006e-06,
1071,triangle,592,1440,591,,293173.5904585082,6810531.589119535,7537.650390625,202.5780297816729,203.01899034288962,152.5780297816729,153.01899034288962,18,2041,4.30886938006e-06,
1072,triangle,1393,1466,629,,292263.22666923556,6813180.592750542,18471.73193359375,202.36869648448635,200.9564346025538,152.36869648448635,150.9564346025538,18,2041,4.30886938006e-06,
1073,triangle,694,1410,693,,299013.14760035794,6805954.628864258,89939.734375,147.35672732174055,152.39443820874558,97.35672732174056,102.39443820874557,18,2041,6.061807281484286e-06,
1074,triangle,708,1555,1,,287070.03340460866,6818048.867815278,1160291.2822265625,260.2527822396212,266.9576134918916,210.25278223962118,216.9576134918916,18,2041,6.001947913616429e-06,
1075,triangle,821,1495,871,,294914.7848470215,6808208.915788185,105610.298828125,199.91057721789187,206.36544387961797,149.9105772178919,156.36544387961797,18,2041,4.30886938006e-06,
1076,triangle,844,1405,861,,304016.3337443042,6807154.876692747,91481.5517578125,128.11470772990072,127.45635893368753,78.11470772990072,77.45635893368753,18,2041,4.30886938006e-06,
1077,triangle,794,1548,1061,,298414.0954673043,6813125.786259969,97577.787109375,205.64769593449304,199.85495590654446,155.64769593449307,149.85495590654446,18,2041,4.30886938006e-06,
1078,triangle,805,1418,1260,,301527.04146856215,6805423.792136885,287491.9541015625,132.48103740884395,140.57994659519815,82.48103740884397,90.57994659519814,18,2041,4.30886938006e-06,
1079,triangle,819,945,886,,303214.6272564083,6809671.722380787,75907.94677734375,127.49108946461143,127.67795501802233,77.49108946461143,77.67795501802232,18,2041,4.30886938006e-06,
1080,triangle,820,946,888,,301572.2423045967,6809902.621082286,78000.98046875,137.08984779037715,138.83074136522586,87.08984779037715,88.83074136522585,18,2041,4.30886938006e-06,
1081,triangle,1174,1245,1227,,301025.918888136,6803400.126989003,1310381.23828125,156.7628220224138,146.42159842223802,106.76282202241379,96.42159842223803,18,2041,4.30886938006e-06,
1082,triangle,807,1553,1189,,295835.36500077945,6805484.624624529,707175.396484375,191.69623287961525,183.60761533836595,141.69623287961525,133.60761533836592,18,2041,4.30886938006e-06,
1083,triangle,493,949,492,,306748.7198082213,6806094.521927559,8909.76171875,101.56643420793907,102.70015759690159,51.566434207939054,52.70015759690158,18,2041,4.30886938006e-06,
1084,triangle,820,888,835,,301345.1530612245,6809960.817459223,88093.62353515625,139.8739141991414,144.68894438560574,89.8739141991414,94.68894438560574,18,2041,4.30886938006e-06,
1085,triangle,878,908,480,,306844.97592705843,6805735.936276615,20980.126953125,106.74647854018612,107.24389660126884,56.74647854018611,57.24389660126884,18,2041,4.30886938006e-06,
1086,triangle,727,1546,970,,310894.0797825788,6802920.365769862,1193607.029296875,126.58066605787516,125.96713124942438,76.58066605787518,75.96713124942438,18,2041,4.30886938006e-06,
1087,triangle,1066,1309,1003,,301079.07199211343,6806945.1042273,20573.96484375,118.72245199053232,119.18898859797633,68.72245199053232,69.18898859797635,18,2041,4.30886938006e-06,
1088,triangle,924,1318,1152,,303802.5,6809572.50801072,44382.4716796875,118.84020492188014,122.16812389674062,68.84020492188014,72.16812389674065,18,2041,4.30886938006e-06,
1089,triangle,895,1526,922,,296451.8843153307,6808645.5090034595,13681.44140625,159.9097703940916,159.92001686626142,109.9097703940916,109.9200168662614,18,2041,4.30886938006e-06,
1090,triangle,1379,1414,938,,294075.5226321384,6803192.303017146,1519419.0126953125,185.90870630299443,188.7126961855249,135.9087063029944,138.7126961855249,18,2041,4.30886938006e-06,
1091,triangle,1321,1331,233,,298646.16126425454,6808101.683913075,46927.8583984375,143.5385198475849,139.4469482628953,93.53851984758492,89.4469482628953,18,2041,4.30886938006e-06,
1092,triangle,1010,1287,861,,303782.07104347943,6807391.00782876,27096.48681640625,112.76432233813262,114.27198339539878,62.7643223381326,64.27198339539876,18,2041,4.30886938006e-06,
1093,triangle,1,1555,707,,286406.57186614716,6817398.867815278,1152660.2080078125,300.35155483737043,284.2306884978388,250.35155483737043,234.23068849783877,18,2041,4.30886938006e-06,
1094,triangle,1259,1564,700,,287006.7546478531,6802511.863590634,968630.7543945312,162.1393012021251,153.2323977886403,112.1393012021251,103.23239778864031,18,2041,4.30886938006e-06,
1095,triangle,1462,1552,809,,289126.19129920175,6811941.903254688,177355.70849609375,249.2752364835461,239.54605386119025,199.2752364835461,189.54605386119022,18,2041,4.30886938006e-06,
1096,triangle,921,984,813,,292409.7505793957,6811770.308487672,76362.69775390625,213.41748305480075,216.9038433703274,163.41748305480075,166.9038433703274,18,2041,4.30886938006e-06,
1097,triangle,986,1348,959,,310015.38400062296,6808208.623678739,696970.8930664062,104.8439986760643,107.35740653226505,54.8439986760643,57.35740653226505,18,2041,4.30886938006e-06,
1098,triangle,1421,1497,967,,296155.4211368637,6809992.5400432125,58121.49951171875,158.02546145323737,157.46221519828316,108.02546145323734,107.46221519828316,18,2041,4.30886938006e-06,
1099,triangle,43,1432,748,,305843.1101414801,6808228.67825054,32054.4375,107.56227724399133,107.5167209065911,57.56227724399133,57.516720906591125,18,2041,4.715378710055714e-06,
1100,triangle,1112,1412,848,,297237.10829159326,6809217.272057605,25004.4619140625,142.06547657099216,143.89879068150557,92.06547657099215,93.89879068150553,18,2041,4.30886938006e-06,
1101,triangle,866,1535,1469,,292596.45197085774,6808693.242605043,175046.09521484375,289.05587865683617,279.2673243248009,239.05587865683617,229.26732432480085,18,2041,4.30886938006e-06,
1102,triangle,568,1362,569,,294037.5,6809304.603470336,6142.890625,198.9148729229181,200.20992088850087,148.9148729229181,150.20992088850087,18,2041,4.30886938006e-06,
1103,triangle,572,1363,573,,294335.94166698214,6809287.186659115,4183.4990234375,192.9339168267734,193.48445772256696,142.93391682677338,143.48445772256696,18,2041,4.30886938006e-06,
1104,triangle,686,1509,931,,296667.5894752548,6813488.720370044,106484.8935546875,199.05984855770382,199.2258985177857,149.0598485577038,149.2258985177857,18,2041,4.30886938006e-06,
1105,triangle,870,1094,822,,293698.8653063266,6809684.821966705,88204.748046875,230.14295435302836,229.14453963488964,180.14295435302833,179.1445396348896,18,2041,4.30886938006e-06,
1106,triangle,944,1449,1290,,298262.8069994212,6807317.139270696,170107.38427734375,174.19873158401776,173.47900601439497,124.19873158401776,123.47900601439498,18,2041,4.30886938006e-06,
1107,triangle,1114,1483,851,,306274.52397350303,6805991.309849959,42034.748046875,113.9221979578281,113.79440975788238,63.922197957828104,63.794409757882384,18,2041,4.30886938006e-06,
1108,triangle,713,1430,927,,298080.7440672941,6817447.792661802,1246403.70703125,88.05970542201726,100.29948007062764,38.05970542201725,50.299480070627645,98,2021,4.30886938006e-06,
1109,triangle,1252,1479,40,,306093.217740122,6809001.67755581,40836.34423828125,111.13417105702813,112.51451219586521,61.13417105702812,62.5145121958652,18,2041,4.30886938006e-06,
1110,triangle,827,1404,1216,,304919.89428649965,6807281.101227232,132068.36865234375,125.53704024720086,124.40098697775979,75.53704024720086,74.40098697775981,18,2041,4.30886938006e-06,
1111,triangle,749,1433,43,,306000.27775391674,6807994.228238654,39554.80029296875,111.11988488728966,113.37580593745997,61.11988488728966,63.37580593745998,18,2041,4.715378710055714e-06,
1112,triangle,828,1500,1241,,304945.83375578636,6810195.409929703,123382.55615234375,118.52722089310528,123.03196834435794,68.52722089310528,73.03196834435794,18,2041,4.30886938006e-06,
1113,triangle,813,1437,853,,291972.58222653065,6812083.236259293,137371.54150390625,227.89545247939668,220.92987046611418,177.89545247939665,170.92987046611418,18,2041,4.30886938006e-06,
1114,triangle,951,1538,1457,,297807.606892985,6805179.422401245,479862.8447265625,176.12747764304532,164.06004870862725,126.12747764304534,114.06004870862722,18,2041,4.30886938006e-06,
1115,triangle,795,1375,794,,298279.75660917355,6813672.351422034,204583.078125,189.1177525325297,192.00719920341348,139.11775253252966,142.00719920341348,2,1381,1e-05,
1116,triangle,678,1416,1300,,294877.4803862339,6814020.053018992,121190.15869140625,218.88126764044148,210.06507626204282,168.88126764044148,160.06507626204282,18,2041,4.30886938006e-06,
1117,triangle,1161,1252,952,,306276.2050962586,6809359.194180773,132215.3974609375,127.60568668512963,126.55701214859897,77.60568668512963,76.55701214859896,18,2041,4.30886938006e-06,
1118,triangle,1338,1339,991,,299805.3398351386,6806150.696284895,186490.0283203125,148.59180690374728,149.97088228925108,98.59180690374728,99.97088228925107,18,2041,4.30886938006e-06,
1119,triangle,1290,1449,811,,297926.0292562965,6807153.8647018215,181089.103515625,179.68022636460688,179.93021514308086,129.68022636460688,129.93021514308086,18,2041,4.30886938006e-06,
1120,triangle,739,1564,1259,,287670.21618631465,6801861.863590634,968758.421875,135.73857241132885,151.57726950526194,85.73857241132886,101.57726950526194,18,2041,4.30886938006e-06,
1121,triangle,193,1397,192,,294697.7447583739,6812591.040675085,27363.20068359375,171.879552412495,173.31462269263375,121.87955241249502,123.31462269263376,18,2041,4.512124045057858e-06,
1122,triangle,0,1564,739,,287007.5502380197,6801212.403574337,970024.61328125,160.32111949740502,149.04498581352712,110.32111949740502,99.04498581352715,18,2041,6.1381613650407155e-06,
1123,triangle,2,1565,719,,310892.8027080286,6818103.752291336,996429.4575195312,43.73191877059925,60.66654681437069,-6.268081229400745,10.666546814370685,98,2021,4.30886938006e-06,
1124,triangle,685,1377,1223,,299187.58144218795,6813408.121219558,120723.49853515625,183.95671203981343,180.57678909322033,133.95671203981345,130.57678909322033,2,1381,1e-05,
1125,triangle,679,1301,793,,294073.80902175227,6814736.103734992,162339.25439453125,186.72437420489533,183.50984562814884,136.72437420489535,133.50984562814884,52,1561,1.1621242515359287e-05,
1126,triangle,760,1427,1258,,298380.35831107077,6812520.531606908,44619.34228515625,190.0437099017088,190.21066499880484,140.0437099017088,140.21066499880484,18,2041,4.30886938006e-06,
1127,triangle,1459,1512,1372,,306075.40493535885,6803500.5038379235,235793.66162109375,119.39363179249852,115.26810393260416,69.39363179249852,65.26810393260416,18,2041,4.30886938006e-06,
1128,triangle,1396,1475,987,,293793.31999995693,6808707.067163974,59771.89990234375,234.40622586989463,229.3500766445167,184.40622586989463,179.3500766445167,18,2041,4.30886938006e-06,
1129,triangle,1067,1279,845,,291862.10488595336,6814706.956515529,337373.7646484375,183.25634969816358,189.05755347031945,133.25634969816358,139.05755347031948,18,2041,6.204669822545e-06,
1130,triangle,185,1353,755,,300901.8783229687,6811467.780537084,80634.4716796875,178.05618763655139,172.80332048484354,128.05618763655139,122.80332048484354,18,2041,4.30886938006e-06,
1131,triangle,566,1474,567,,293875.1451371437,6809134.511298108,5608.67236328125,203.44282196189332,203.52882546336323,153.44282196189332,153.52882546336323,18,2041,4.30886938006e-06,
1132,triangle,1374,1459,1062,,305046.4658167863,6803197.072777233,671230.0932617188,115.07510992342183,117.52352016886687,65.07510992342183,67.52352016886687,18,2041,4.30886938006e-06,
1133,triangle,1106,1180,1105,,304494.90326154424,6807869.389219385,30689.10107421875,110.4860085120888,110.37313676840903,60.48600851208879,60.37313676840902,18,2041,4.30886938006e-06,
1134,triangle,801,1562,689,,302613.48710590194,6811416.467644711,134556.2236328125,135.50350763639833,137.64407339028705,85.50350763639833,87.64407339028703,18,2041,4.918633375053572e-06,
1135,triangle,823,965,906,,300422.26265273214,6806982.68016955,83428.267578125,130.69667584007607,129.23047197856832,80.69667584007605,79.23047197856835,18,2041,4.30886938006e-06,
1136,triangle,1226,1330,775,,294643.9894919936,6810182.8428298645,39994.57275390625,201.7317218694422,199.9706595882421,151.73172186944217,149.9706595882421,18,2041,4.30886938006e-06,
1137,triangle,1154,1231,837,,290464.6358383884,6813119.059646458,63916.9521484375,246.0822466343086,241.9766269370131,196.0822466343086,191.9766269370131,18,2041,4.30886938006e-06,
1138,triangle,1027,1242,851,,306274.4205780936,6806452.2917907685,31509.6845703125,114.52518915372562,108.95604934725138,64.52518915372562,58.956049347251394,18,2041,4.30886938006e-06,
1139,triangle,651,943,650,,291838.3994708995,6813073.597715267,7087.81640625,202.17769805103708,201.6511646797479,152.17769805103708,151.6511646797479,18,2041,4.30886938006e-06,
1140,triangle,1068,1509,796,,297115.2323093893,6813375.937227133,111286.24267578125,192.92607346805718,198.25870732017322,142.92607346805718,148.25870732017322,18,2041,4.30886938006e-06,
1141,triangle,1437,1486,1206,,291857.1900570492,6811495.322304648,88392.13671875,244.4710675511904,236.9402590926652,194.4710675511904,186.94025909266523,18,2041,4.30886938006e-06,
1142,triangle,1200,1467,194,,294039.7094328249,6812458.983689535,50242.34765625,183.9089468515435,185.6583493998008,133.9089468515435,135.6583493998008,18,2041,4.30886938006e-06,
1143,triangle,1061,1477,795,,297877.0225738766,6813214.923046096,129061.408203125,191.78087317693118,194.45504114122753,141.78087317693118,144.4550411412275,18,2041,4.30886938006e-06,
1144,triangle,1241,1500,961,,305022.94614374044,6810575.30669601,193608.18310546875,105.60860996595878,115.57431363244518,55.60860996595879,65.57431363244518,18,2041,4.715378710055714e-06,
1145,triangle,1163,1297,818,,302544.300332523,6806483.389831488,111900.19287109375,125.9719547036978,128.89236604989995,75.9719547036978,78.89236604989996,18,2041,4.30886938006e-06,
1146,triangle,822,1213,870,,293734.41017159,6809892.97140617,99637.017578125,218.58564825345007,222.6767201353347,168.58564825345007,172.6767201353347,18,2041,4.30886938006e-06,
1147,triangle,685,1548,794,,298712.6110106497,6813212.583769624,91271.49951171875,204.56152619635668,197.08840126383632,154.5615261963567,147.08840126383632,18,2041,4.715378710055714e-06,
1148,triangle,767,1369,1248,,295062.22005494783,6812812.1915904535,50843.40234375,180.13355085650025,178.6169979975654,130.13355085650022,128.61699799756545,18,2041,4.30886938006e-06,
1149,triangle,730,1431,729,,306852.8530903973,6801244.992061575,1067320.0493164062,123.53596491982515,125.05166210334,73.53596491982515,75.05166210334,18,2041,4.30886938006e-06,
1150,triangle,1125,1451,1256,,292260.54325203114,6809677.482139804,102782.87744140625,246.81980577162582,253.89311991550323,196.8198057716258,203.8931199155032,18,2041,4.30886938006e-06,
1151,triangle,736,1414,1379,,294079.31684481446,6802066.69045759,1673275.7846679688,173.16421245738132,178.79556177920858,123.16421245738131,128.79556177920858,18,2041,4.30886938006e-06,
1152,triangle,941,1557,1177,,304817.6175073549,6805818.968731797,114431.2490234375,125.67263096165105,128.59004757502592,75.67263096165105,78.59004757502593,18,2041,4.30886938006e-06,
1153,triangle,530,1419,1033,,297287.41023330635,6808540.3957172,20828.6572265625,146.01599422746975,147.30537704842877,96.01599422746976,97.30537704842875,18,2041,4.30886938006e-06,
1154,triangle,696,1538,1533,,298412.4258945633,6805609.462875123,64596.61279296875,159.49382283147082,158.89784821228426,109.49382283147082,108.89784821228425,18,2041,4.30886938006e-06,
1155,triangle,824,1238,1168,,296788.0841200975,6809441.905755089,85730.193359375,155.6202644609603,153.00007487117372,105.6202644609603,103.00007487117371,18,2041,4.30886938006e-06,
1156,triangle,835,1185,820,,301294.0808238759,6810242.159805928,119049.3408203125,147.162697524707,152.67344364887103,97.16269752470703,102.67344364887101,18,2041,4.30886938006e-06,
1157,triangle,1043,1499,1042,,296000.1269179845,6808330.625255375,15410.62353515625,163.14094373127557,163.92122158565348,113.14094373127558,113.92122158565348,18,2041,4.30886938006e-06,
1158,triangle,1133,1513,625,,291988.63676583784,6812791.881058932,18679.42041015625,205.51121171668134,205.23953374374446,155.51121171668134,155.23953374374446,18,2041,4.30886938006e-06,
1159,triangle,831,1472,1177,,305064.5070524474,6806213.232076503,63083.80078125,117.68320273484747,115.49288254759226,67.68320273484748,65.49288254759226,18,2041,4.30886938006e-06,
1160,triangle,821,894,852,,295366.2406784159,6808270.597259092,57549.966796875,181.79530302858063,184.26249752209029,131.79530302858063,134.26249752209026,18,2041,4.30886938006e-06,
1161,triangle,759,1368,758,,299109.09353735804,6812181.27016062,62574.92919921875,179.57729089372512,177.1389331292352,129.57729089372512,127.13893312923517,18,2041,4.512124045057858e-06,
1162,triangle,229,1484,1343,,297781.213459023,6808846.637860128,36581.15966796875,133.6477131021614,137.10513832386073,83.64771310216138,87.10513832386071,18,2041,4.30886938006e-06,
1163,triangle,1279,1498,830,,292318.0949969173,6813874.08513523,173981.8310546875,186.97255239624715,203.40832926925418,136.97255239624715,153.4083292692542,18,2041,4.30886938006e-06,
1164,triangle,999,1480,1297,,302924.03580002167,6806108.691411595,128836.8125,146.64092747871499,141.96026111891652,96.64092747871496,91.96026111891653,18,2041,4.30886938006e-06,
1165,triangle,841,1220,1116,,305661.70695784857,6805909.59326066,62125.47802734375,122.52717929008153,118.9995277018296,72.52717929008155,68.99952770182962,18,2041,4.30886938006e-06,
1166,triangle,1008,1009,998,,303238.0623313648,6807074.713909208,28579.47900390625,122.47805462968007,119.25540141161457,72.47805462968009,69.25540141161457,18,2041,4.30886938006e-06,
1167,triangle,803,1284,692,,308922.0037964471,6806610.549882207,91473.09521484375,103.83189636131833,92.03021104334039,53.83189636131834,42.03021104334039,33,1321,9.593490670004288e-06,
1168,triangle,856,1305,826,,295166.92705701315,6809735.613037516,145800.65185546875,191.6772668493648,189.25053801742354,141.67726684936483,139.25053801742357,18,2041,4.30886938006e-06,
1169,triangle,1179,1550,847,,288609.84363596886,6813551.8520532325,219017.13037109375,288.4804599493657,281.73609034229025,238.48045994936572,231.73609034229025,18,2041,4.30886938006e-06,
1170,triangle,681,1279,1067,,292333.83995202923,6814714.69358131,395507.9609375,166.50270561512266,182.24684058859464,116.50270561512264,132.24684058859467,52,1561,8.10047026503e-06,
1171,triangle,610,1261,611,,293267.483188281,6810849.455509058,2751.24462890625,198.33499470271224,198.0256499893832,148.3349947027122,148.02564998938317,18,2041,4.30886938006e-06,
1172,triangle,24,1000,882,,308271.7896738302,6807797.278943352,11655.3291015625,98.19167981751512,95.2029197369879,48.191679817515116,45.20291973698789,33,1321,1e-05,
1173,triangle,480,1022,890,,307102.3306429395,6805852.299600668,12661.48828125,110.17304308034528,109.09911243281817,60.17304308034528,59.09911243281817,18,2041,4.30886938006e-06,
1174,triangle,586,1050,897,,292609.1498125296,6810189.047217344,15665.4970703125,217.99822889199345,218.8712212359862,167.99822889199348,168.87122123598618,18,2041,4.30886938006e-06,
1175,triangle,898,1057,672,,291796.2543430038,6813476.10392392,12210.45751953125,207.56155900684536,210.3350839237045,157.56155900684536,160.3350839237045,18,2041,4.30886938006e-06,
1176,triangle,863,1316,876,,304565.43638777453,6809091.519389358,42425.6123046875,121.58409221674471,121.22526473214907,71.58409221674472,71.22526473214907,18,2041,4.30886938006e-06,
1177,triangle,755,1353,1164,,301158.45330821926,6811526.0263487995,110315.224609375,176.19711998092933,172.0236108745793,126.19711998092933,122.02361087457928,18,2041,4.30886938006e-06,
1178,triangle,1199,1512,1459,,305884.86021658813,6803905.651434667,215620.078125,120.28483587924153,123.96890915804379,70.28483587924153,73.9689091580438,18,2041,4.30886938006e-06,
1179,triangle,700,1564,0,,286344.08869955817,6801862.403574337,969896.9462890625,166.36395367519745,150.7001140969055,116.36395367519746,100.70011409690551,18,2041,5.325142705049286e-06,
1180,triangle,720,1565,2,,311556.26424649014,6817453.752291336,968864.5791015625,64.8291982179973,62.0806503957258,14.829198217997307,12.080650395725792,98,2021,4.30886938006e-06,
1181,triangle,985,1431,1372,,307005.56881493883,6802604.231071518,699569.4331054688,102.12477823502397,116.57916157824046,52.12477823502397,66.57916157824046,18,2041,4.30886938006e-06,
1182,triangle,806,1401,1153,,303228.9090907666,6804859.87611979,413052.13818359375,139.40127198845667,129.54862546283468,89.40127198845667,79.54862546283468,18,2041,4.30886938006e-06,
1183,triangle,1153,1358,1260,,302288.81338842254,6805130.110791221,302810.19580078125,124.50462358724793,134.94558412798133,74.50462358724792,84.94558412798135,18,2041,4.30886938006e-06,
1184,triangle,1297,1480,818,,302606.6091692815,6806174.622874712,148650.56982421875,138.3875430702833,137.62399034742225,88.38754307028329,87.62399034742225,18,2041,4.30886938006e-06,
1185,triangle,233,1331,781,,298583.6582733041,6808271.91891474,31359.14013671875,133.37053482676487,134.07630060774994,83.37053482676485,84.07630060774994,18,2041,4.918633375053572e-06,
1186,triangle,1223,1377,1239,,299233.48691078875,6813753.740619698,228687.79248046875,180.57212307194717,178.79039628612418,130.57212307194715,128.79039628612415,2,1381,1.0067573969642858e-05,
1187,triangle,948,1400,791,,295954.12682958925,6814603.895900141,76523.70458984375,223.60856799265184,220.50843404229374,173.60856799265184,170.50843404229377,2,1381,1e-05,
1188,triangle,803,1413,802,,308521.6605893401,6806317.109544334,71086.2626953125,99.34706680986793,95.2438459062041,49.34706680986794,45.24384590620409,18,2041,4.30886938006e-06,
1189,triangle,1396,1545,1183,,293529.77909051604,6808905.068247114,62883.7138671875,223.85207356914873,224.37141081752,173.85207356914873,174.37141081751997,18,2041,4.30886938006e-06,
1190,triangle,44,1442,750,,306405.9335431414,6807390.802611403,37675.93212890625,116.65487697497952,114.96703836747247,66.6548769749795,64.96703836747247,18,2041,4.512124045057858e-06,
1191,triangle,936,1444,1162,,295956.60590057896,6816112.7350887535,391441.86279296875,155.41887559759513,132.10287566313932,105.41887559759513,82.10287566313932,98,2021,5.731652035045001e-06,
1192,triangle,981,1224,891,,305776.3765772212,6807530.900037218,109895.3681640625,125.41893722023877,120.56536026150728,75.41893722023877,70.56536026150728,18,2041,4.30886938006e-06,
1193,triangle,971,1463,1324,,290132.29779705737,6805133.341565183,1303683.3383789062,174.51746783375336,200.23810091425085,124.51746783375339,150.23810091425082,18,2041,4.30886938006e-06,
1194,triangle,882,1101,24,,308379.5787809651,6807809.836014487,30354.5205078125,92.5033401385341,94.64416415014433,42.503340138534085,44.64416415014434,33,1321,1e-05,
1195,triangle,672,1147,898,,291802.5043430038,6813582.35392392,28155.10205078125,213.86024664753344,213.78508277929532,163.86024664753344,163.78508277929532,18,2041,4.30886938006e-06,
1196,triangle,1117,1483,841,,305975.65627021226,6805907.944236225,81210.06396484375,122.7453764687727,118.29372240724176,72.74537646877272,68.29372240724176,18,2041,4.30886938006e-06,
1197,triangle,1378,1441,1359,,309011.80337190506,6804429.293908927,226369.677734375,123.63282797256686,122.4534907907883,73.63282797256684,72.45349079078831,18,2041,4.30886938006e-06,
1198,triangle,1125,1256,990,,292216.28729166643,6809427.701244544,104902.271484375,244.21205659441543,258.56643775426465,194.21205659441546,208.56643775426468,18,2041,4.30886938006e-06,
1199,triangle,1510,1516,806,,303550.1836976719,6805580.179461598,185821.7548828125,138.81677322949045,139.97725623765885,88.81677322949047,89.97725623765884,18,2041,4.30886938006e-06,
1200,triangle,1244,1487,939,,309302.219411016,6805729.256774731,246365.4609375,96.86272573081175,103.19664866907387,46.862725730811746,53.19664866907385,18,2041,4.30886938006e-06,
1201,triangle,1312,1465,1130,,291052.99954741076,6812440.050002772,14679.634765625,234.31081633186577,231.93827814792803,184.31081633186574,181.93827814792803,18,2041,4.30886938006e-06,
1202,triangle,1264,1532,1262,,308825.5259904246,6809249.488958918,262833.361328125,131.7267427794797,125.80343037863645,81.72674277947971,75.80343037863643,18,2041,4.30886938006e-06,
1203,triangle,888,1195,835,,301209.1053640844,6809775.09361715,48824.38134765625,142.06385552964036,139.70506006618942,92.06385552964035,89.7050600661894,18,2041,4.30886938006e-06,
1204,triangle,980,1210,923,,302639.3641889631,6813812.982125512,962253.5078125,130.9507562838216,146.2268862193201,80.9507562838216,96.2268862193201,59,1641,8.444219712349286e-06,
1205,triangle,1469,1545,866,,292946.1692242975,6808743.768089376,162228.89892578125,249.1613136327368,257.5317508504592,199.16131363273684,207.53175085045925,18,2041,4.30886938006e-06,
1206,triangle,1303,1472,831,,305205.2737182765,6806363.546591339,63860.51171875,114.96333707231165,113.57496780012724,64.96333707231163,63.57496780012724,18,2041,4.30886938006e-06,
1207,triangle,761,1427,760,,298226.12942352734,6812422.999924019,32089.0634765625,183.4133768965676,183.3664561657118,133.41337689656757,133.36645616571175,18,2041,5.121888040051429e-06,
1208,triangle,1148,1303,831,,305175.8024166695,6806567.78427861,90432.1787109375,113.89078876796844,115.63025804253358,63.890788767968445,65.63025804253358,18,2041,4.30886938006e-06,
1209,triangle,488,1483,1114,,306344.2488665751,6805845.327114222,19523.509765625,110.33563728724116,109.6898092876318,60.335637287241155,59.689809287631796,18,2041,4.30886938006e-06,
1210,triangle,978,1390,1212,,307604.2853965462,6806167.865892068,28564.26953125,113.21425959900002,111.47108342175227,63.214259599,61.47108342175227,18,2041,4.30886938006e-06,
1211,triangle,172,1494,171,,300584.1748648142,6810144.804209477,6072.6455078125,131.08469615870032,131.53722882858582,81.08469615870035,81.53722882858582,18,2041,4.30886938006e-06,
1212,triangle,1218,1495,1485,,294709.802138682,6807747.401336876,116200.4091796875,233.85602254526194,229.24885829651575,183.8560225452619,179.24885829651575,18,2041,4.30886938006e-06,
1213,triangle,977,1334,887,,302559.8355267548,6809817.640660658,79384.298828125,135.86326707457167,131.4457018597931,85.86326707457165,81.44570185979309,18,2041,4.30886938006e-06,
1214,triangle,812,1537,1345,,291028.5833239998,6811378.572674225,124843.48779296875,270.9688428493939,273.7195748202892,220.96884284939392,223.71957482028915,18,2041,4.30886938006e-06,
1215,triangle,764,1453,188,,296820.4755232924,6812714.1451172205,38477.68505859375,186.57243682183798,187.8079569227009,136.57243682183798,137.8079569227009,18,2041,4.715378710055714e-06,
1216,triangle,937,1186,772,,293523.8633574057,6810561.90117919,37498.82958984375,207.8156210234547,206.31207898412632,157.81562102345472,156.31207898412634,18,2041,4.30886938006e-06,
1217,triangle,995,1473,1409,,289295.7862741033,6814190.522890325,122058.11962890625,290.54589795190145,289.2134538550651,240.54589795190145,239.21345385506515,18,2041,4.30886938006e-06,
1218,triangle,1289,1529,684,,297010.4383186295,6815009.6025474975,90646.0380859375,182.85907156028156,188.69437723053218,132.8590715602816,138.69437723053218,52,1561,1.189207115e-05,
1219,triangle,982,1270,1269,,288420.6964293113,6816110.1197723495,817264.4975585938,281.77125626861033,266.58533301360825,231.7712562686103,216.58533301360828,18,2041,4.30886938006e-06,
1220,triangle,836,1249,897,,292556.95181335864,6810448.474069449,57171.1640625,227.2153368810553,225.457979414434,177.2153368810553,175.45797941443394,18,2041,4.30886938006e-06,
1221,triangle,953,1021,965,,300169.37560568686,6807284.688820631,46236.54541015625,126.10846595735394,125.49014390556842,76.10846595735396,75.49014390556843,18,2041,4.30886938006e-06,
1222,triangle,520,1478,521,,296549.5655034321,6807977.357796255,8751.6328125,164.2769641625949,163.81024774523098,114.27696416259491,113.81024774523098,18,2041,4.30886938006e-06,
1223,triangle,1324,1518,1182,,291763.7033116914,6804332.500091708,1195388.6909179688,219.72468691562847,208.42279487862012,169.72468691562847,158.42279487862012,18,2041,4.30886938006e-06,
1224,triangle,1081,1552,1176,,288156.3469368999,6811847.637597587,685601.83203125,190.44408185816695,212.19825633695652,140.44408185816695,162.19825633695652,18,2041,4.512124045057858e-06,
1225,triangle,1282,1562,1070,,302241.6601168339,6811061.097932369,140838.26953125,149.6631668339609,146.4879313614055,99.6631668339609,96.4879313614055,18,2041,4.30886938006e-06,
1226,triangle,1003,1382,1066,,301185.41445863637,6806945.770754195,17191.55810546875,118.1849967591559,118.25785011298363,68.1849967591559,68.25785011298363,18,2041,4.30886938006e-06,
1227,triangle,1264,1403,1084,,308403.5852292892,6810304.125574022,519732.3896484375,128.08130864115145,121.97872701778397,78.08130864115145,71.97872701778394,18,2041,4.512124045057858e-06,
1228,triangle,972,1256,1093,,292742.90621927194,6809606.880700554,48033.87646484375,236.21595458441766,244.7988941073339,186.21595458441766,194.7988941073339,18,2041,4.30886938006e-06,
1229,triangle,226,1343,1193,,297551.0340486639,6809001.826150258,21301.7255859375,136.91641081625218,140.39936996896213,86.91641081625218,90.39936996896216,18,2041,4.30886938006e-06,
1230,triangle,1130,1465,612,,290966.50112728385,6812471.117923722,10976.912109375,228.57921907587144,228.31185093426708,178.57921907587144,178.31185093426708,18,2041,4.30886938006e-06,
1231,triangle,692,1487,1244,,309289.83615045965,6806134.564365144,209921.4951171875,99.35525003840985,102.24847649850254,49.35525003840985,52.24847649850253,18,2041,4.30886938006e-06,
1232,triangle,1244,1413,803,,308739.90075812343,6806158.500345733,94704.16796875,99.008643238709,95.42776514043548,49.00864323870899,45.42776514043546,18,2041,4.30886938006e-06,
1233,triangle,1103,1163,77,,302590.49941847095,6806907.200510993,16334.076171875,113.3017124137119,114.20916563625565,63.301712413711904,64.20916563625563,18,2041,4.30886938006e-06,
1234,triangle,796,1477,1068,,297367.4474638438,6813308.736500709,115447.40771484375,193.6444810800649,194.13914005646828,143.6444810800649,144.13914005646828,18,2041,4.30886938006e-06,
1235,triangle,836,1311,1051,,292466.03991644597,6810894.965430359,25193.42578125,221.53903144555392,221.47630631953666,171.53903144555392,171.47630631953666,18,2041,4.30886938006e-06,
1236,triangle,215,1205,214,,295383.41110908083,6810801.52507434,2074.49560546875,168.28766381465243,168.6097710346952,118.28766381465243,118.60977103469519,18,2041,4.30886938006e-06,
1237,triangle,231,1443,230,,298313.6068511877,6808571.027689624,127.72607421875,128.6199465480303,129.1074988395344,78.6199465480303,79.1074988395344,18,2041,4.30886938006e-06,
1238,triangle,1210,1460,800,,302225.03165193106,6812560.96376885,554116.8798828125,162.1801216864768,153.95347102411964,112.18012168647681,103.95347102411961,2,1381,1e-05,
1239,triangle,613,1384,614,,291040.4784276964,6812661.523112199,4108.8505859375,219.74321961492794,219.79892524606393,169.74321961492794,169.79892524606393,18,2041,4.30886938006e-06,
1240,triangle,578,1507,579,,294816.84611867834,6809167.913067956,6722.90869140625,188.49832907363603,186.51313750366964,138.49832907363603,136.51313750366964,18,2041,4.30886938006e-06,
1241,triangle,1222,1509,1453,,296776.0013181132,6813091.937233124,57135.39208984375,199.06918905460708,196.15709012574305,149.06918905460708,146.15709012574305,18,2041,4.30886938006e-06,
1242,triangle,905,1315,1304,,304993.81292763766,6808502.874552552,27963.8154296875,101.5371042391821,102.04835474129072,51.5371042391821,52.04835474129073,18,2041,4.30886938006e-06,
1243,triangle,1085,1360,1348,,309277.983306052,6807431.566461413,182268.89990234375,80.50919053253763,91.91189941174197,30.50919053253763,41.91189941174196,33,1321,1e-05,
1244,triangle,830,1466,1393,,292260.0300896522,6813345.546921189,45907.81005859375,214.4648403475731,209.57235125675848,164.46484034757307,159.57235125675848,18,2041,4.30886938006e-06,
1245,triangle,1017,1195,159,,301040.42738268775,6809565.910025758,13051.8583984375,128.03857592059907,128.35961275042678,78.03857592059907,78.35961275042678,18,2041,4.30886938006e-06,
1246,triangle,1085,1415,692,,309586.81112931535,6806782.56094009,293114.759765625,95.69860033879591,93.66028488348894,45.69860033879593,43.66028488348894,33,1321,1e-05,
1247,triangle,874,1284,942,,308621.6065541519,6806920.0503718415,72198.32763671875,97.8549865956391,94.12303752527502,47.854986595639105,44.123037525275016,33,1321,1e-05,
1248,triangle,976,1496,1298,,306537.00574447686,6805054.703708872,143579.5126953125,121.88086590609404,124.94306619522143,71.88086590609404,74.94306619522143,18,2041,4.30886938006e-06,
1249,triangle,1168,1238,779,,296894.47128503205,6809652.147814448,40828.19091796875,142.7767041559861,144.01436361686413,92.77670415598611,94.01436361686415,18,2041,4.30886938006e-06,
1250,triangle,687,1547,1223,,299859.0385777069,6812996.700185735,141901.517578125,148.1709410689108,160.45202048697695,98.17094106891076,110.45202048697695,18,2041,6.747925360034285e-06,
1251,triangle,1217,1490,506,,306419.060269774,6806851.360902083,25871.73828125,97.75372610370303,98.49547219754125,47.75372610370302,48.49547219754124,18,2041,4.30886938006e-06,
1252,triangle,500,1118,916,,305753.95421860507,6806539.411984579,21362.2216796875,107.79022461224028,106.23000608505663,57.79022461224029,56.23000608505664,18,2041,4.30886938006e-06,
1253,triangle,204,1511,1476,,294273.59821857914,6810020.3135391325,34301.97314453125,204.4730298123843,206.97633698763192,154.47302981238428,156.9763369876319,18,2041,4.30886938006e-06,
1254,triangle,1323,1515,998,,303414.6644769214,6806700.360034413,87316.00146484375,132.61647237187896,136.75891611385381,82.61647237187894,86.75891611385383,18,2041,4.30886938006e-06,
1255,triangle,934,1462,1461,,289818.9626335523,6811909.400181358,206435.796875,254.65425253344748,268.97579607988115,204.65425253344748,218.97579607988112,18,2041,4.30886938006e-06,
1256,triangle,1151,1339,1338,,299996.2110025906,6805730.357953404,210404.9013671875,140.1229891576569,146.04632048104676,90.12298915765689,96.04632048104675,18,2041,4.30886938006e-06,
1257,triangle,1298,1496,958,,306900.8655111196,6805018.457769628,137937.99609375,127.4820857633283,122.9582184759244,77.4820857633283,72.9582184759244,18,2041,4.30886938006e-06,
1258,triangle,167,1519,1018,,300687.3497059648,6809776.077436448,13317.642578125,137.93229809222623,133.27179709375272,87.93229809222625,83.27179709375274,18,2041,4.30886938006e-06,
1259,triangle,840,1041,966,,295838.43742725323,6808959.188806887,69454.64111328125,189.56462749374458,185.5356409360157,139.56462749374458,135.5356409360157,18,2041,4.30886938006e-06,
1260,triangle,1230,1528,1137,,290900.72270285507,6813291.004362851,18130.1611328125,221.16092982355931,222.30515910613315,171.1609298235593,172.30515910613315,18,2041,4.30886938006e-06,
1261,triangle,975,1229,1202,,290057.7963746498,6808156.317686186,863827.4482421875,289.60749116185286,261.27126576446005,239.60749116185286,211.27126576446008,18,2041,4.30886938006e-06,
1262,triangle,1109,1458,1304,,304974.4670793899,6808729.358845654,30249.79931640625,106.53687145357398,106.17429191382423,56.53687145357399,56.17429191382422,18,2041,4.30886938006e-06,
1263,triangle,1299,1423,961,,304676.47424669407,6811930.650041058,1001822.5576171875,143.94384868947895,130.0805876913786,93.94384868947893,80.0805876913786,2,1381,8.556075304419285e-06,
1264,triangle,596,1486,1342,,292186.23277164745,6811237.97546845,20132.751953125,226.87590763076662,226.10369635057813,176.87590763076662,176.10369635057813,18,2041,4.30886938006e-06,
1265,triangle,802,1413,1157,,308327.27193630417,6806156.7382131405,80419.28515625,98.69556445729543,100.59590832569972,48.69556445729544,50.59590832569972,18,2041,4.30886938006e-06,
1266,triangle,729,1431,985,,307469.1084145943,6801845.572193973,979201.4868164062,124.07043296612474,119.72347323604477,74.07043296612473,69.7234732360448,18,2041,4.30886938006e-06,
1267,triangle,693,1410,1339,,299307.54790114594,6805858.5155160315,128073.68115234375,148.79173056065304,151.47005714462048,98.79173056065305,101.4700571446205,18,2041,4.30886938006e-06,
1268,triangle,489,1505,488,,306526.2081139223,6805806.286580934,7866.17236328125,106.72078223927231,107.7153345981779,56.72078223927232,57.71533459817791,18,2041,4.30886938006e-06,
1269,triangle,940,1374,1257,,304641.81077108806,6804245.085595883,381209.7529296875,122.00326271437399,122.46288562650693,72.00326271437399,72.46288562650692,18,2041,4.30886938006e-06,
1270,triangle,970,1399,1378,,309415.17545765964,6803471.890927239,831227.1245117188,129.66608314674386,122.27031636893157,79.66608314674386,72.27031636893157,18,2041,4.30886938006e-06,
1271,triangle,902,1249,836,,292674.4754368994,6810595.56794403,42091.62451171875,228.1842777288834,223.95014205187863,178.18427772888342,173.95014205187863,18,2041,4.30886938006e-06,
1272,triangle,924,1152,945,,303652.5,6809641.649439403,55458.05712890625,124.92556026757624,127.6321755128702,74.92556026757626,77.6321755128702,18,2041,4.30886938006e-06,
1273,triangle,940,1459,1374,,305023.58753112215,6803854.856690017,426019.92724609375,109.12533103012257,116.80577488125932,59.12533103012257,66.80577488125932,18,2041,4.30886938006e-06,
1274,triangle,816,1295,1294,,292438.8307990691,6807279.220660348,477605.7060546875,246.5356775234682,251.98873172268864,196.5356775234682,201.98873172268864,18,2041,4.30886938006e-06,
1275,triangle,1033,1419,1307,,297283.92187598866,6808408.396255225,28248.87744140625,155.50799653904753,155.0096605167448,105.50799653904753,105.00966051674477,18,2041,4.30886938006e-06,
1276,triangle,563,1389,564,,297037.5,6808700.848216229,5720.42431640625,144.47461422432676,144.82604273367258,94.47461422432676,94.82604273367257,18,2041,4.30886938006e-06,
1277,triangle,1404,1531,1148,,305211.51967875747,6806959.882057256,29908.251953125,114.00000309920198,116.62955054056897,64.00000309920198,66.62955054056897,18,2041,4.30886938006e-06,
1278,triangle,1166,1321,782,,298943.76769839233,6807899.373918085,67494.23046875,136.06637305186638,139.82536418918679,86.06637305186638,89.82536418918677,18,2041,4.30886938006e-06,
1279,triangle,707,1555,982,,286912.1302728932,6816498.9949159,1037720.5922851562,297.37576281749443,283.1275260748109,247.37576281749443,233.12752607481085,18,2041,4.30886938006e-06,
1280,triangle,1347,1385,187,,297855.2810807714,6812615.723413099,42896.6015625,178.1778098595306,180.97247749823268,128.17780985953064,130.97247749823268,18,2041,4.30886938006e-06,
1281,triangle,1217,1442,44,,306427.7762970522,6807205.418567984,40672.8173828125,109.49475329564513,109.63048114694129,59.494753295645125,59.6304811469413,18,2041,4.30886938006e-06,
1282,triangle,800,1460,689,,302291.69074325694,6812021.101748335,264997.14599609375,139.80662720869313,151.01310417563485,89.80662720869309,101.01310417563485,2,1381,1e-05,
1283,triangle,532,955,533,,294699.3347430127,6808961.761580105,7023.01904296875,183.15412794869664,183.82509884911568,133.15412794869664,133.82509884911568,18,2041,4.30886938006e-06,
1284,triangle,670,956,669,,291462.5,6813591.071428572,8035.71435546875,211.9817497616671,212.44285746983226,161.9817497616671,162.44285746983226,18,2041,4.30886938006e-06,
1285,triangle,1240,1556,863,,304940.62567398767,6809190.323440147,55173.5283203125,119.37458433531299,120.80131853399394,69.374584335313,70.80131853399394,18,2041,4.30886938006e-06,
1286,triangle,988,1429,1239,,300072.7769008498,6814133.845696068,645170.9267578125,154.36148931249835,153.4019864918584,104.36148931249835,103.40198649185838,52,1561,1.1824497180357143e-05,
1287,triangle,1354,1398,742,,306999.35413553,6808710.708857418,44326.513671875,117.77771894184343,115.37903002463895,67.77771894184343,65.37903002463895,18,2041,4.30886938006e-06,
1288,triangle,998,1515,885,,303160.7240017894,6806784.48003811,73751.35693359375,126.59514014555346,130.69673940367045,76.59514014555344,80.69673940367045,18,2041,4.30886938006e-06,
1289,triangle,39,993,38,,307826.73677102145,6808180.227141685,3406.75048828125,102.03300192596714,102.51267812969077,52.033001925967135,52.51267812969078,33,1321,1e-05,
1290,triangle,104,1106,1105,,304480.81331189495,6808018.039785206,19305.1279296875,104.24106441027823,105.4894018069935,54.241064410278234,55.4894018069935,18,2041,4.30886938006e-06,
1291,triangle,1361,1536,808,,294917.5048127545,6806599.074328591,332192.091796875,197.87099656967376,212.20686452325626,147.87099656967376,162.20686452325626,18,2041,4.30886938006e-06,
1292,triangle,881,993,39,,307901.0485435794,6808127.414176666,15474.47314453125,107.45179949035199,106.31393958782859,57.451799490352,56.3139395878286,33,1321,1e-05,
1293,triangle,218,1497,777,,296390.77276096673,6810212.93505083,29674.0419921875,153.53097226392376,152.92239657319945,103.53097226392376,102.92239657319946,18,2041,4.918633375053572e-06,
1294,triangle,980,1423,1299,,304177.1555630876,6812667.338879026,1020179.8271484375,140.78110649570579,141.1992163297122,90.78110649570577,91.19921632971217,59,1641,6.455821201756429e-06,
1295,triangle,1222,1453,764,,296719.86494775995,6812851.941184651,48722.451171875,191.65261704755312,191.1462312932887,141.6526170475531,141.14623129328874,18,2041,4.30886938006e-06,
1296,triangle,877,1043,1042,,296085.82742141857,6808220.096319902,40567.650390625,171.19745411777487,170.75200569730637,121.19745411777487,120.75200569730639,18,2041,4.30886938006e-06,
1297,triangle,1285,1320,698,,290803.49597542675,6815135.811816252,78443.59716796875,250.59554802332843,247.20406373534001,200.59554802332843,197.20406373534001,18,2041,4.30886938006e-06,
1298,triangle,201,1491,200,,293107.1369270049,6811588.516919759,35959.89501953125,195.03555242815605,196.5879927109677,145.03555242815602,146.58799271096768,18,2041,5.058235852912858e-06,
1299,triangle,1135,1498,960,,292882.9697322494,6813544.184447598,139586.130859375,199.85981723681837,198.4772741682542,149.85981723681834,148.4772741682542,18,2041,4.30886938006e-06,
1300,triangle,807,1558,951,,297167.454985804,6805939.924308547,354288.78955078125,162.87577042397712,170.52632755921346,112.87577042397712,120.52632755921347,18,2041,4.30886938006e-06,
1301,triangle,725,1415,986,,310829.6623957402,6807020.233385266,816577.8637695312,75.71348138422712,86.51190443446852,25.713481384227123,36.51190443446851,33,1321,7.96745335002143e-06,
1302,triangle,1256,1469,990,,292490.66699256416,6809261.77176566,121533.9599609375,268.8985654349221,258.34344089617343,218.8985654349221,208.34344089617343,18,2041,4.30886938006e-06,
1303,triangle,1139,1371,855,,290644.3616378102,6814487.702381298,42000.9794921875,253.2820971831783,245.19382507796763,203.28209718317834,195.19382507796763,18,2041,4.30886938006e-06,
1304,triangle,684,1488,677,,296437.9239433522,6814966.944116142,48456.24267578125,193.79661452742064,194.48635657779928,143.79661452742064,144.4863565777993,2,1381,1.0067573969642858e-05,
1305,triangle,928,1545,1469,,293109.9478104215,6808993.507017217,112048.49609375,246.05108915431177,241.83210162460492,196.0510891543118,191.83210162460492,18,2041,4.30886938006e-06,
1306,triangle,851,1242,1092,,306399.2937435669,6806366.284491152,48225.7080078125,115.86606177049435,111.6519149785824,65.86606177049435,61.6519149785824,18,2041,4.30886938006e-06,
1307,triangle,984,1437,813,,292131.92169651156,6811823.2483870005,109628.54345703125,220.53649869226433,226.06243312839214,170.53649869226433,176.06243312839214,18,2041,4.30886938006e-06,
1308,triangle,1277,1320,974,,290337.8188200064,6815058.017128463,81180.16455078125,281.35311406648873,277.4051960295292,231.3531140664887,227.40519602952918,18,2041,4.30886938006e-06,
1309,triangle,871,1495,1077,,294606.67147334834,6808303.547981386,108788.34765625,211.37549383394494,214.27732475557477,161.37549383394492,164.27732475557477,18,2041,4.30886938006e-06,
1310,triangle,1399,1546,728,,309932.01761537656,6801896.437450645,1054558.1518554688,126.22499052241794,115.0448032796096,76.22499052241794,65.0448032796096,18,2041,4.30886938006e-06,
1311,triangle,1485,1495,821,,294962.63391016435,6807903.072541541,117715.21875,216.09454390751608,215.06679343249846,166.09454390751608,165.06679343249846,18,2041,4.30886938006e-06,
1312,triangle,1383,1503,740,,307594.15582524956,6808509.678398206,41725.8876953125,109.91795741251639,109.47251281695743,59.91795741251638,59.47251281695744,18,2041,4.30886938006e-06,
1313,triangle,947,1191,1067,,292409.0950428451,6815842.665851362,758023.6665039062,162.604395336741,170.38908013268227,112.60439533674096,120.38908013268225,52,1561,1.0267099342155714e-05,
1314,triangle,124,1394,123,,303710.8333333333,6809207.386519118,3643.4833984375,108.80795753597558,109.0243751752753,58.807957535975575,59.0243751752753,18,2041,4.30886938006e-06,
1315,triangle,128,1395,127,,303411.82180731074,6809209.95119846,3932.009765625,110.46117939080315,110.7930094040923,60.461179390803146,60.79300940409232,18,2041,4.30886938006e-06,
1316,triangle,1175,1283,793,,294145.2579044897,6814290.400489506,71873.359375,186.96513221782735,190.38657264764547,136.96513221782732,140.3865726476455,18,2041,4.30886938006e-06,
1317,triangle,1224,1442,891,,306030.0532307289,6807369.886778175,80138.7197265625,116.25909216232863,117.4274559226232,66.25909216232861,67.4274559226232,18,2041,4.30886938006e-06,
1318,triangle,947,1517,1191,,292895.1606754071,6816408.710988346,970476.6513671875,157.86966477338254,159.46974373898567,107.86966477338251,109.46974373898564,98,2021,4.30886938006e-06,
1319,triangle,1172,1305,913,,295509.4429463733,6810247.888270252,92471.80078125,163.72569137916602,168.0937287359067,113.725691379166,118.09372873590671,18,2041,4.30886938006e-06,
1320,triangle,617,1286,1131,,291312.44856697967,6812723.989349344,14603.7568359375,213.33144505573836,213.46233120116577,163.33144505573836,163.4623312011658,18,2041,4.30886938006e-06,
1321,triangle,56,1309,55,,300937.5,6807100.0,5625.0,117.36666615804035,117.28333155314128,67.36666615804035,67.28333155314128,18,2041,4.30886938006e-06,
1322,triangle,573,1310,572,,294334.5685058431,6809206.221854989,4925.041015625,193.56838906374287,194.59296436289273,143.56838906374284,144.59296436289273,18,2041,4.30886938006e-06,
1323,triangle,599,1311,598,,292385.1358394621,6811079.718591359,5094.15869140625,216.3792754802426,217.09106285483605,166.3792754802426,167.09106285483605,18,2041,4.30886938006e-06,
1324,triangle,616,1312,615,,291186.4984201269,6812568.932079051,6307.64111328125,218.2392356194827,220.3597595297417,168.2392356194827,170.3597595297417,18,2041,4.30886938006e-06,
1325,triangle,654,1393,629,,292163.38885468454,6813120.531048718,5122.24267578125,198.39348429377188,198.6872454082127,148.39348429377188,148.6872454082127,18,2041,4.30886938006e-06,
1326,triangle,634,1313,635,,290737.15986394556,6813487.987913023,4273.64013671875,222.3539465484617,222.57959979612357,172.3539465484617,172.57959979612357,18,2041,4.30886938006e-06,
1327,triangle,1073,1415,725,,310911.2862765925,6806435.056169053,714926.8203125,86.74247359293754,89.9165132455294,36.74247359293754,39.91651324552939,18,2041,6.1381613650407155e-06,
1328,triangle,508,1531,507,,305402.01986019075,6807002.01986019,7983.03125,111.25487220555705,111.67080220304224,61.25487220555706,61.67080220304225,18,2041,4.30886938006e-06,
1329,triangle,1109,1304,110,,304834.5372331719,6808648.687503365,20418.66748046875,103.93678258873722,104.94582289404566,53.93678258873721,54.94582289404567,18,2041,4.30886938006e-06,
1330,triangle,142,1391,141,,302362.5,6809449.827951744,5605.64501953125,119.19002195885245,120.31555375081643,69.19002195885245,70.31555375081643,18,2041,4.30886938006e-06,
1331,triangle,150,1392,149,,301762.5300731776,6809434.542214595,3885.99951171875,120.00242647352255,120.28871507336446,70.00242647352255,70.28871507336444,18,2041,4.30886938006e-06,
1332,triangle,1355,1397,193,,294545.20960997074,6812650.841023598,35020.36572265625,184.63576830212068,181.3031375285237,134.63576830212065,131.3031375285237,18,2041,4.30886938006e-06,
1333,triangle,765,1408,1291,,296019.4778195032,6812873.11586124,45736.45068359375,184.06197875651543,184.8813324132415,134.06197875651543,134.8813324132415,18,2041,4.30886938006e-06,
1334,triangle,41,1530,746,,305472.386058583,6809110.335574261,24955.30810546875,116.46886606111343,115.60565263248408,66.46886606111343,65.6056526324841,18,2041,4.918633375053572e-06,
1335,triangle,762,1406,1347,,297552.5302567047,6812681.617034207,51676.7490234375,184.36039878670167,182.46496003923917,134.3603987867017,132.46496003923923,18,2041,4.30886938006e-06,
1336,triangle,748,1432,1271,,305672.5255646312,6808274.182236704,46198.72314453125,107.81339043972737,108.28038904267635,57.81339043972736,58.280389042676354,18,2041,4.30886938006e-06,
1337,triangle,1123,1188,550,,296034.7989326669,6808581.282885954,15370.056640625,160.30024982551762,161.4999408067757,110.30024982551761,111.49994080677568,18,2041,4.30886938006e-06,
1338,triangle,1138,1141,872,,290498.2932307275,6814067.663664199,35211.873046875,251.55522693678915,248.73332212026756,201.55522693678915,198.73332212026753,18,2041,4.30886938006e-06,
1339,triangle,1162,1444,927,,296412.6728938021,6816488.943137654,1024362.376953125,112.87199328693336,130.5697540808505,62.87199328693336,80.56975408085049,98,2021,6.1381613650407155e-06,
1340,triangle,1070,1328,1282,,301989.51338459575,6810891.68346653,160754.7216796875,151.240370061735,147.02885392474795,101.240370061735,97.02885392474796,18,2041,4.30886938006e-06,
1341,triangle,1409,1473,847,,288953.6214325282,6814085.363818918,138582.5693359375,292.12973321365166,287.45465573545863,242.1297332136517,237.45465573545872,18,2041,4.30886938006e-06,
1342,triangle,693,1538,696,,298680.5253735243,6805563.133478805,132560.38671875,156.73125964414936,158.11266951400594,106.73125964414938,108.11266951400593,55,161,2.7097062098575714e-05,
1343,triangle,1193,1412,225,,297419.7079786993,6809109.217050183,20373.693359375,136.98907376793,139.16639194169,86.98907376793001,89.16639194169,18,2041,4.30886938006e-06,
1344,triangle,999,1510,1480,,303061.00134552683,6805855.9186125705,117107.1123046875,146.59266721936973,145.1531421636709,96.59266721936974,95.15314216367089,18,2041,4.30886938006e-06,
1345,triangle,746,1422,745,,305692.18218358065,6809027.19795347,30454.67041015625,111.91021049558951,114.2604060683593,61.91021049558951,64.2604060683593,18,2041,4.512124045057858e-06,
1346,triangle,907,1126,589,,292922.54015965684,6810194.56426431,22725.4501953125,225.03774009938974,220.85389467000277,175.03774009938974,170.85389467000277,18,2041,4.30886938006e-06,
1347,triangle,879,1444,936,,295323.2520238378,6816134.612676404,738753.1684570312,161.19204721090352,142.03075264525657,111.19204721090351,92.03075264525656,98,2021,4.30886938006e-06,
1348,triangle,625,1281,626,,291935.3481670446,6812919.294438864,3818.95556640625,199.70295819457675,199.4855329370282,149.70295819457672,149.48553293702818,18,2041,4.30886938006e-06,
1349,triangle,960,1438,1306,,293295.460235535,6813898.347716849,104024.6416015625,210.0576805905316,202.30415107741138,160.05768059053156,152.30415107741138,18,2041,4.30886938006e-06,
1350,triangle,826,1198,893,,295288.28413830744,6809191.561918873,53643.56298828125,194.56613886659434,190.342217531316,144.56613886659437,140.342217531316,18,2041,4.30886938006e-06,
1351,triangle,75,1481,74,,302358.68790465494,6806960.220611501,4475.181640625,111.99564075830712,112.37773867490944,61.99564075830713,62.377738674909416,18,2041,4.30886938006e-06,
1352,triangle,967,1497,1367,,296287.7547609994,6809898.634560683,54477.08203125,151.87589099934246,154.5653595920792,101.87589099934246,104.56535959207923,18,2041,4.30886938006e-06,
1353,triangle,999,1516,1510,,303388.9319504386,6805892.040610113,111949.20361328125,145.9088173328628,144.59621550892277,95.90881733286282,94.59621550892273,18,2041,4.30886938006e-06,
1354,triangle,1245,1544,911,,299259.9944900689,6803143.031012125,1358910.8442382812,162.57135225099438,153.51122109710707,112.5713522509944,103.51122109710707,18,2041,4.30886938006e-06,
1355,triangle,105,1107,1106,,304584.2392807739,6808140.052560429,16617.09521484375,103.68390255261816,104.77841427561123,53.68390255261818,54.778414275611226,18,2041,4.30886938006e-06,
1356,triangle,1362,1381,1094,,293853.598906979,6809400.568489245,26259.44873046875,213.46036090615513,214.29682940425607,163.46036090615513,164.29682940425604,18,2041,4.30886938006e-06,
1357,triangle,741,1398,1383,,307293.2933236884,6808609.034406774,42659.7451171875,118.16317328013326,116.24288471675526,68.16317328013326,66.24288471675526,18,2041,4.30886938006e-06,
1358,triangle,906,1102,55,,300770.1833512618,6807149.5623380495,20744.216796875,118.71369661944138,119.28770849655405,68.7136966194414,69.28770849655403,18,2041,4.30886938006e-06,
1359,triangle,710,1517,947,,292498.32431870716,6817344.61337166,1394562.0048828125,189.9694054555396,163.60946034240794,139.9694054555396,113.60946034240794,32,1341,7.96745335002143e-06,
1360,triangle,994,1097,942,,308188.7986448323,6806739.270466268,32853.1240234375,93.0618844068164,95.39246273280769,43.061884406816404,45.39246273280768,33,1321,1e-05,
1361,triangle,146,1508,145,,302062.82674737525,6809431.731485389,3569.7919921875,119.19423389152807,119.48009035782093,69.19423389152806,69.48009035782093,18,2041,4.30886938006e-06,
1362,triangle,60,1382,59,,301243.8424665229,6807050.666526895,2737.515625,115.46316837846553,115.45219408540117,65.46316837846553,65.45219408540117,18,2041,4.30886938006e-06,
1363,triangle,1203,1321,944,,298574.76706577797,6807708.890099878,82315.47607421875,151.83638571386942,156.49157375458185,101.83638571386942,106.49157375458185,18,2041,4.30886938006e-06,
1364,triangle,972,1469,1256,,292746.8213183538,6809382.488104294,107651.0751953125,253.47752285576448,255.35262252504342,203.47752285576448,205.35262252504342,18,2041,4.30886938006e-06,
1365,triangle,1085,1348,986,,309789.4641351046,6807545.669706813,340135.69482421875,92.17949070836946,98.07298228232105,42.17949070836946,48.07298228232105,33,1321,8.373962680017143e-06,
1366,triangle,525,954,526,,296920.8333333333,6808345.833333333,8437.5,147.72315329092936,147.33148094459816,97.72315329092935,97.33148094459814,18,2041,4.30886938006e-06,
1367,triangle,964,1491,1192,,293069.17018767464,6811924.7355161905,78761.18017578125,191.08978524727337,192.13072460082458,141.08978524727334,142.13072460082458,18,2041,4.30886938006e-06,
1368,triangle,1251,1440,937,,293284.23063872533,6810372.141694565,28228.13623046875,213.93736777662338,213.2743805674372,163.9373677766234,163.2743805674372,18,2041,4.30886938006e-06,
1369,triangle,939,1441,1337,,308830.9360733026,6805170.176403423,204355.13525390625,107.795203035573,111.29075940575063,57.79520303557299,61.290759405750634,18,2041,4.30886938006e-06,
1370,triangle,1338,1554,1250,,300449.92678030825,6806142.901877924,103815.31201171875,151.64225532326896,149.63083526210195,101.64225532326894,99.63083526210194,18,2041,4.30886938006e-06,
1371,triangle,823,1554,1338,,300307.43479695526,6806400.666108434,92990.16845703125,144.02820933140066,145.5941745202865,94.02820933140065,95.5941745202865,18,2041,4.30886938006e-06,
1372,triangle,999,1515,1323,,303361.98918844055,6806420.420378099,116838.77685546875,140.97781793991624,142.49536537800338,90.97781793991624,92.49536537800338,18,2041,4.30886938006e-06,
1373,triangle,523,1534,522,,296760.9199551938,6808063.3821701305,5348.0009765625,158.4703228419637,158.45815114940874,108.47032284196372,108.45815114940872,18,2041,4.30886938006e-06,
1374,triangle,574,1376,575,,294490.0880373174,6809281.108391341,3499.6943359375,192.62572349729857,192.36022601208484,142.62572349729857,142.36022601208484,18,2041,4.30886938006e-06,
1375,triangle,207,1181,206,,294808.6324437606,6810621.701862249,2617.0810546875,179.58308735378648,180.1156272032006,129.58308735378648,130.1156272032006,18,2041,4.30886938006e-06,
1376,triangle,953,965,823,,300184.9548252074,6807040.648634289,90111.51220703125,129.9537078058703,131.30537512587247,79.95370780587028,81.30537512587249,18,2041,4.30886938006e-06,
1377,triangle,952,1252,1086,,305956.6231366692,6809475.228129598,110399.90087890625,132.57814632166503,129.6864546633807,82.57814632166503,79.68645466338069,18,2041,4.30886938006e-06,
1378,triangle,591,1127,935,,293019.6840603251,6810582.588926717,18324.67041015625,204.35675198604628,206.41381601108523,154.35675198604628,156.41381601108523,18,2041,4.30886938006e-06,
1379,triangle,1252,1422,1086,,305813.10453312605,6809313.512935129,57886.5048828125,128.5690261685386,125.88326409140905,78.56902616853861,75.88326409140905,18,2041,4.30886938006e-06,
1380,triangle,904,933,639,,291132.37847222225,6813555.199652777,19904.78515625,222.00082917409804,220.24472830274036,172.00082917409804,170.24472830274036,18,2041,4.30886938006e-06,
1381,triangle,1300,1416,926,,294947.66634861386,6813724.7995939525,122609.0751953125,207.5078858950354,208.73019379306717,157.50788589503543,158.73019379306717,18,2041,4.30886938006e-06,
1382,triangle,597,1311,1228,,292290.0467992511,6810992.7833005255,17838.919921875,227.3837193565941,225.75753558451981,177.3837193565941,175.7575355845198,18,2041,4.30886938006e-06,
1383,triangle,1304,1315,109,,304836.0342299319,6808494.038669661,16164.8349609375,102.19702400966386,102.18929836565638,52.19702400966385,52.189298365656384,18,2041,4.30886938006e-06,
1384,triangle,599,1342,1201,,292421.7111184392,6811233.126168892,19093.04443359375,217.75305659791286,218.96825570636736,167.75305659791286,168.96825570636736,18,2041,4.30886938006e-06,
1385,triangle,121,1318,1232,,303959.54099800735,6809254.2274284735,21336.798828125,110.53735992377163,113.11622543274052,60.537359923771625,63.11622543274052,18,2041,4.30886938006e-06,
1386,triangle,618,1356,617,,291340.6929874941,6812583.061770104,4718.05078125,214.14663318386184,214.76276065469582,164.14663318386184,164.7627606546958,18,2041,4.30886938006e-06,
1387,triangle,636,1357,637,,290884.1156059727,6813489.12881108,4401.9912109375,218.06867468099344,218.93248031174105,168.06867468099344,168.93248031174105,18,2041,4.30886938006e-06,
1388,triangle,606,935,902,,292935.29962287744,6810765.551907542,21840.26708984375,209.95055417968027,210.53369321265873,159.95055417968024,160.53369321265876,18,2041,4.30886938006e-06,
1389,triangle,918,1475,566,,294003.416582134,6809016.176090972,24592.4423828125,213.28378975217936,212.90150064997988,163.28378975217942,162.90150064997988,18,2041,4.30886938006e-06,
1390,triangle,550,1499,549,,295976.2890205717,6808464.035986031,4045.95166015625,157.80604701472527,158.24480854951685,107.80604701472527,108.24480854951685,18,2041,4.30886938006e-06,
1391,triangle,1480,1510,1153,,302909.83859163773,6805536.29683765,168735.5087890625,143.0042859656033,141.69776368097106,93.00428596560326,91.69776368097105,18,2041,4.30886938006e-06,
1392,triangle,1453,1509,1068,,296962.41050948255,6813127.258252156,65593.91064453125,197.4620070589566,194.65233307016823,147.4620070589566,144.65233307016823,18,2041,4.30886938006e-06,
1393,triangle,1238,1367,778,,296640.47725950746,6809847.791650088,45434.9990234375,156.9073560523052,152.31421157597,106.90735605230519,102.31421157597003,18,2041,4.30886938006e-06,
1394,triangle,812,1437,1206,,291620.9095603307,6811557.552086398,106335.5859375,251.91646570543446,243.98742023585032,201.91646570543446,193.9874202358503,18,2041,4.30886938006e-06,
1395,triangle,94,1567,1287,,303859.8313693223,6807627.486179757,4435.11181640625,106.24911880535132,107.33007328335981,56.24911880535132,57.33007328335981,18,2041,4.30886938006e-06,
1396,triangle,1187,1553,1457,,296365.1139483909,6804229.761944261,1063004.591796875,178.36326849904395,177.2207206063695,128.36326849904395,127.22072060636951,18,2041,4.30886938006e-06,
1397,triangle,1095,1370,792,,295244.72750173893,6814829.8669992015,94117.07421875,204.3234469565788,206.16200885389375,154.3234469565788,156.16200885389372,52,1561,1.189207115e-05,
1398,triangle,911,1457,1089,,298087.3615232781,6804048.3668568125,885253.8271484375,169.3373823488676,160.32534648501408,119.33738234886764,110.32534648501407,18,2041,4.30886938006e-06,
1399,triangle,181,1088,180,,300108.60121838,6810762.045566343,3453.142578125,135.36233764625683,135.23055970889723,85.3623376462568,85.23055970889725,18,2041,5.121888040051429e-06,
1400,triangle,1263,1348,850,,309105.9967335256,6807984.313700219,203601.716796875,100.90721089961411,99.93121867716684,50.907210899614114,49.93121867716682,18,2041,5.325142705049286e-06,
1401,triangle,1062,1431,730,,305944.2076592985,6801743.502451792,1006952.6840820312,137.15240660898493,129.5266635717665,87.15240660898495,79.5266635717665,18,2041,4.30886938006e-06,
1402,triangle,851,1233,1114,,306378.4848750877,6806092.73764803,26671.33154296875,111.43969455079699,111.66646004028422,61.439694550796986,61.66646004028422,18,2041,4.30886938006e-06,
1403,triangle,852,1561,1043,,295754.12089309335,6808288.327126523,25890.99951171875,169.30980579779512,169.52964297750626,119.30980579779512,119.52964297750627,18,2041,4.30886938006e-06,
1404,triangle,794,1377,685,,298810.45438198524,6813426.612900574,121251.91015625,197.39073895132177,190.54671276083187,147.39073895132174,140.54671276083184,2,1381,9.796745335002144e-06,
1405,triangle,880,1456,1322,,306234.74765231827,6810497.152572989,275567.91357421875,101.90316108307513,113.19338895837473,51.90316108307513,63.193388958374726,18,2041,4.918633375053572e-06,
1406,triangle,1245,1340,1151,,299896.0147241663,6804764.514873509,506750.73291015625,144.51894175556293,150.45261487601047,94.5189417555629,100.45261487601049,18,2041,6.061807281484286e-06,
1407,triangle,893,1072,826,,295153.4279704134,6809315.300093341,50798.90673828125,200.58014648648097,196.80781507398933,150.58014648648094,146.80781507398936,18,2041,4.30886938006e-06,
1408,triangle,791,1488,948,,296126.5573139551,6814729.173524777,67665.22705078125,220.2825642167133,218.65683507464448,170.2825642167133,168.65683507464448,2,1381,1e-05,
1409,triangle,685,1223,1069,,299338.42379313643,6813101.240716091,148841.3369140625,171.88697887886488,175.7168106416353,121.88697887886488,125.71681064163529,18,2041,6.544670695036429e-06,
1410,triangle,1296,1384,613,,290962.97855772445,6812698.006230031,11169.7197265625,224.00935844067445,224.52591321437455,174.00935844067445,174.52591321437455,18,2041,4.30886938006e-06,
1411,triangle,903,1087,946,,301979.3068324514,6809877.381967373,58138.35107421875,147.132050599203,142.15793144971352,97.132050599203,92.15793144971354,18,2041,4.30886938006e-06,
1412,triangle,877,1439,833,,296012.32508685783,6807855.170327108,101286.64306640625,184.50802435089776,189.08592097343208,134.50802435089776,139.0859209734321,18,2041,4.30886938006e-06,
1413,triangle,1345,1537,1150,,290730.133847739,6811207.8135208255,120293.77685546875,292.7337744606816,281.98807028801315,242.73377446068162,231.98807028801312,18,2041,4.30886938006e-06,
1414,triangle,1097,1098,942,,308255.385145752,6806878.814090925,38737.6572265625,93.0712518132934,92.35376659641578,43.071251813293394,42.35376659641579,33,1321,1e-05,
1415,triangle,522,1478,915,,296581.67099304666,6808111.793303993,19720.57958984375,161.4142308891984,161.55280112050104,111.41423088919841,111.55280112050104,18,2041,4.30886938006e-06,
1416,triangle,851,1119,1027,,306155.3978925623,6806428.333643302,27296.44775390625,114.4555942505138,109.60105081246813,64.4555942505138,59.60105081246812,18,2041,4.30886938006e-06,
1417,triangle,1040,1122,852,,295591.34190575423,6808457.920354001,26173.60498046875,168.74991449170832,169.26662253520576,118.74991449170832,119.26662253520574,18,2041,4.30886938006e-06,
1418,triangle,853,1132,1053,,291741.1450190591,6812582.889853627,29010.58203125,206.81119160057366,207.75927570226773,156.8111916005737,157.7592757022677,18,2041,4.30886938006e-06,
1419,triangle,861,1104,1010,,303679.33602547296,6807345.422846444,27621.68212890625,112.45836903238457,113.92591087373502,62.45836903238457,63.92591087373503,18,2041,4.30886938006e-06,
1420,triangle,1185,1325,183,,301108.33716625854,6810786.236722622,65802.79541015625,165.9168149564087,162.45643175467328,115.9168149564087,112.45643175467326,18,2041,4.30886938006e-06,
1421,triangle,1302,1375,795,,298071.2486393064,6813995.056455691,272898.0634765625,177.82109558732833,185.5820380460856,127.82109558732832,135.58203804608556,2,1381,1e-05,
1422,triangle,1011,1012,844,,304110.49782314524,6807622.249138246,30118.50341796875,109.90201376055023,110.86999063685084,59.90201376055024,60.869990636850844,18,2041,4.30886938006e-06,
1423,triangle,619,1541,1356,,291443.31152293034,6812538.198588102,12138.2744140625,212.9849990270322,213.9071641279958,162.98499902703216,163.9071641279958,18,2041,4.30886938006e-06,
1424,triangle,1537,1540,1150,,290746.4000442735,6810890.666231346,131110.4873046875,282.2627553342081,280.2907768709431,232.26275533420815,230.29077687094306,18,2041,4.30886938006e-06,
1425,triangle,680,1209,679,,293646.03634612664,6814665.520264555,35421.2958984375,163.47159826887724,165.4354688040497,113.47159826887727,115.43546880404968,52,1561,1.189207115e-05,
1426,triangle,745,1422,1252,,305855.858588251,6809095.835693919,42983.072265625,120.11123866511177,117.79391279843192,70.11123866511177,67.79391279843192,18,2041,4.30886938006e-06,
1427,triangle,492,1233,1092,,306580.99550640606,6806164.313051716,17789.794921875,106.3750023044067,107.15400472598536,56.37500230440671,57.15400472598535,18,2041,4.30886938006e-06,
1428,triangle,625,1513,1053,,291889.0129775093,6812748.284114036,15310.49560546875,201.94942698996135,205.6026588229865,151.94942698996135,155.6026588229865,18,2041,4.30886938006e-06,
1429,triangle,1076,1540,1387,,290940.9132126094,6810299.721014928,155607.70849609375,283.21788614587297,266.6113152926152,233.21788614587297,216.61131529261513,18,2041,4.30886938006e-06,
1430,triangle,1191,1209,681,,293182.92516809556,6815046.006416214,300924.4619140625,168.84946155434005,169.58231966789887,118.84946155434005,119.58231966789886,52,1561,1.189207115e-05,
1431,triangle,1169,1248,926,,295283.85872528976,6813187.554498407,87139.2529296875,195.23157169755078,195.3803425726187,145.23157169755075,145.3803425726187,18,2041,4.30886938006e-06,
1432,triangle,571,1310,918,,294218.45923694613,6809162.96196001,14828.02880859375,207.10165332142503,203.33093983268836,157.10165332142503,153.33093983268836,18,2041,4.30886938006e-06,
1433,triangle,942,1098,874,,308425.8568843351,6806975.165253073,41685.65087890625,96.94701099597631,93.863347475904,46.94701099597631,43.863347475904014,33,1321,1e-05,
1434,triangle,974,1320,1285,,290639.0298123499,6814990.736410069,86568.25244140625,271.297214867254,259.7659209022239,221.29721486725398,209.7659209022239,18,2041,4.30886938006e-06,
1435,triangle,1322,1456,1455,,306678.2170780818,6810618.331646246,469726.091796875,98.68954056780534,108.28097755138923,48.68954056780534,58.28097755138922,18,2041,5.121888040051429e-06,
1436,triangle,1184,1541,853,,291589.427871112,6812394.3215393275,29383.75048828125,214.80804289752885,217.49595477496544,164.80804289752885,167.49595477496544,18,2041,4.30886938006e-06,
1437,triangle,23,1101,1100,,308490.06817980896,6807667.987276986,16565.26806640625,92.18012899426726,89.18101041356188,42.18012899426726,39.18101041356189,33,1321,1e-05,
1438,triangle,1108,1109,111,,304705.3373619933,6808738.094094775,15523.9521484375,108.10227019168713,106.92647438964643,58.10227019168713,56.926474389646415,18,2041,4.30886938006e-06,
1439,triangle,1019,1091,241,,299868.75,6807668.75,14062.5,125.82916434605922,126.847913424174,75.82916434605922,76.847913424174,18,2041,4.30886938006e-06,
1440,triangle,493,1092,1025,,306701.75940333115,6806260.54626481,14389.8125,104.57170044207228,104.88098451246016,54.571700442072284,54.88098451246015,18,2041,4.30886938006e-06,
1441,triangle,498,1117,1116,,305761.8024445272,6806222.048927796,20661.02001953125,109.69629063123455,111.65208633806385,59.69629063123456,61.65208633806386,18,2041,4.30886938006e-06,
1442,triangle,1049,1093,582,,292725.4017634164,6809877.56409572,12246.158203125,222.32377006010333,224.38364200982392,172.32377006010333,174.38364200982392,18,2041,4.30886938006e-06,
1443,triangle,628,1134,1133,,292187.1106559737,6812929.490728435,16356.3291015625,196.4390690063101,199.3602871517136,146.43906900631006,149.3602871517136,18,2041,4.30886938006e-06,
1444,triangle,1139,1140,659,,290760.5155522131,6814284.849068028,17403.03466796875,244.34943926973193,240.20940087502183,194.3494392697319,190.20940087502183,18,2041,4.30886938006e-06,
1445,triangle,1146,1147,671,,291655.8845060197,6813687.794283678,16159.09423828125,213.81515776309004,213.59529977443586,163.81515776309004,163.59529977443583,18,2041,4.30886938006e-06,
1446,triangle,1004,1350,63,,301508.982807024,6806996.394934072,11748.75634765625,114.6133658561711,115.05993557316658,64.6133658561711,65.05993557316658,18,2041,4.30886938006e-06,
1447,triangle,210,1351,969,,295064.7187797197,6810674.250133056,11421.2890625,181.52934957521717,179.78755064127316,131.5293495752172,129.78755064127319,18,2041,4.30886938006e-06,
1448,triangle,108,1315,1107,,304713.4587562384,6808352.408634133,19730.34423828125,102.85786068259162,102.71367662097744,52.85786068259162,52.71367662097745,18,2041,4.30886938006e-06,
1449,triangle,1104,1314,88,,303459.4791441234,6807330.544283424,14703.7216796875,109.48916853920178,110.84816604578278,59.489168539201785,60.84816604578278,18,2041,4.30886938006e-06,
1450,triangle,114,1316,1108,,304504.9604394859,6808846.872900891,15740.8701171875,107.55656076224382,108.35437519747381,57.556560762243826,58.35437519747381,18,2041,4.30886938006e-06,
1451,triangle,668,1317,1146,,291448.73736997135,6813799.112747478,15708.3984375,217.88242825955825,218.90487979692307,167.88242825955822,168.90487979692304,18,2041,4.30886938006e-06,
1452,triangle,1111,1352,174,,300427.87118285865,6810389.981460281,17993.9853515625,134.08534076619426,134.60861310643418,84.08534076619428,84.60861310643419,18,2041,4.30886938006e-06,
1453,triangle,687,1429,688,,300399.96245686343,6813125.104558029,144502.619140625,143.53129482532682,157.57388155356628,93.53129482532681,107.5738815535663,2,1381,1e-05,
1454,triangle,1499,1561,548,,295875.3715127625,6808424.05811859,8923.8447265625,161.43863173999492,161.62635754313513,111.43863173999492,111.62635754313514,18,2041,4.30886938006e-06,
1455,triangle,754,1325,864,,300778.3505746086,6810818.370361004,52957.57763671875,156.3809152878098,156.2782701078618,106.3809152878098,106.27827010786179,18,2041,4.30886938006e-06,
1456,triangle,979,1511,856,,294538.8448739106,6809737.779424812,63101.71875,220.2016811452243,212.65791053747174,170.2016811452243,162.65791053747174,18,2041,4.30886938006e-06,
1457,triangle,1323,1516,999,,303536.1924834065,6806205.403152928,150316.87451171875,146.7845449765686,145.4201522009795,96.78454497656863,95.42015220097947,18,2041,4.30886938006e-06,
1458,triangle,1307,1308,526,,297074.06770337414,6808240.708805482,24504.59765625,159.23409066466877,157.70050803578673,109.23409066466878,107.70050803578674,18,2041,4.30886938006e-06,
1459,triangle,1167,1558,807,,296896.3203327269,6806347.189214247,353664.55126953125,183.62248393228555,180.52475259625763,133.62248393228558,130.52475259625766,18,2041,4.30886938006e-06,
1460,triangle,1071,1549,1253,,300539.9886983722,6812232.9864833215,99432.220703125,178.27523425176275,175.60982412969872,128.27523425176275,125.60982412969872,18,2041,4.30886938006e-06,
1461,triangle,951,1457,807,,297171.1102299563,6805359.676367049,628290.6743164062,175.52670111164912,169.9072576459719,125.52670111164913,119.90725764597191,18,2041,4.30886938006e-06,
1462,triangle,1192,1491,921,,292837.1893405818,6811819.723043736,69230.00390625,200.30392113345204,201.1907147676474,150.30392113345204,151.19071476764742,18,2041,4.30886938006e-06,
1463,triangle,1191,1517,879,,293781.25875365763,6816152.273397538,953097.2797851562,115.16023076584493,151.68443901305983,65.16023076584493,101.68443901305983,98,2021,4.30886938006e-06,
1464,triangle,506,1490,1242,,306400.4444747141,6806700.743764103,22238.4033203125,97.55426850744917,98.8867996400267,47.554268507449166,48.8867996400267,18,2041,4.30886938006e-06,
1465,triangle,916,1028,511,,305670.14697397075,6806836.041751237,17098.29150390625,104.86844427229339,107.02681425696136,54.86844427229339,57.02681425696136,18,2041,4.30886938006e-06,
1466,triangle,763,1454,1406,,297243.26253089524,6812706.547362019,37397.37744140625,185.68487958345753,185.82578744125757,135.68487958345753,135.8257874412576,18,2041,4.30886938006e-06,
1467,triangle,982,1269,1268,,288307.1031897389,6815408.719984092,616907.9541015625,314.0489090655578,282.4788508160486,264.0489090655578,232.47885081604855,18,2041,4.30886938006e-06,
1468,triangle,847,1550,1292,,288127.28536930215,6813744.887783572,345396.60400390625,269.926964527214,255.6573606007747,219.926964527214,205.6573606007747,18,2041,4.30886938006e-06,
1469,triangle,505,1242,1027,,306269.14547116566,6806606.309055033,13929.4140625,103.4765232866742,102.01811554366746,53.47652328667419,52.01811554366747,18,2041,4.30886938006e-06,
1470,triangle,589,1251,907,,293020.97765965684,6810221.12676431,30716.5078125,223.04797253114612,219.83319167215936,173.04797253114612,169.83319167215936,18,2041,4.30886938006e-06,
1471,triangle,930,1520,29,,307947.0580124263,6807835.448941653,14512.56884765625,100.85225562672696,99.9646731592408,50.85225562672696,49.96467315924079,33,1321,1e-05,
1472,triangle,1153,1401,1358,,302686.6892097258,6804707.669190597,392669.501953125,120.36672388992224,130.0240540311231,70.36672388992224,80.02405403112309,18,2041,4.30886938006e-06,
1473,triangle,874,1360,1284,,308795.1784387187,6807091.768807829,66655.62646484375,89.89574269438744,87.30503172954839,39.89574269438743,37.30503172954838,33,1321,1e-05,
1474,triangle,792,1400,798,,295577.50273939606,6814390.8334237635,83421.7373046875,214.68388671517553,213.61371843681263,164.68388671517553,163.61371843681263,2,1381,1e-05,
1475,triangle,169,1519,168,,300637.8242381813,6809884.347331707,4255.22705078125,131.39968510806438,131.1164720572102,81.39968510806436,81.11647205721017,18,2041,4.30886938006e-06,
1476,triangle,28,1520,27,,308061.6449323518,6807781.864364999,3584.74072265625,89.8303047836731,90.3846553713589,39.83030478367309,40.384655371358896,33,1321,1e-05,
1477,triangle,132,1521,131,,303115.9062495548,6809207.882806942,3699.31591796875,112.57662197655398,112.74818318866346,62.57662197655399,62.74818318866347,18,2041,4.30886938006e-06,
1478,triangle,154,1522,153,,301466.2124725038,6809434.533542498,3885.02392578125,122.9168671272763,122.74378661749445,72.9168671272763,72.74378661749445,18,2041,4.30886938006e-06,
1479,triangle,518,1523,506,,306262.5,6806821.428571428,5223.2138671875,98.22857211884201,98.52857408069127,48.22857211884201,48.52857408069127,18,2041,4.30886938006e-06,
1480,triangle,539,1524,540,,295237.9006176495,6808835.809607975,4028.58056640625,169.50875131376932,170.03789270961212,119.50875131376932,120.03789270961211,18,2041,4.30886938006e-06,
1481,triangle,540,1525,539,,295236.9827633772,6808764.0925894445,4039.58349609375,171.33079548886946,170.8847498766958,121.33079548886944,120.88474987669578,18,2041,4.30886938006e-06,
1482,triangle,556,1526,557,,296511.1730394163,6808534.48326829,3879.36767578125,150.74724683375496,151.17695396414368,100.74724683375496,101.17695396414366,18,2041,4.30886938006e-06,
1483,triangle,966,1041,1039,,295650.3059445553,6808921.235243689,28329.384765625,185.37516259867144,181.63544570514776,135.37516259867147,131.63544570514782,18,2041,4.30886938006e-06,
1484,triangle,870,1362,1094,,293907.25991681364,6809540.907471686,52346.21044921875,220.2688286400391,218.4130003208082,170.2688286400391,168.41300032080818,18,2041,4.30886938006e-06,
1485,triangle,635,1527,634,,290733.32837144606,6813417.294140515,3679.4091796875,222.37551658690592,222.3529632319301,172.37551658690595,172.35296323193006,18,2041,4.30886938006e-06,
1486,triangle,637,1528,636,,290876.2930106144,6813422.614071909,3080.9169921875,218.0005130376946,218.0777409801848,168.0005130376946,168.0777409801848,18,2041,4.30886938006e-06,
1487,triangle,1458,1556,41,,305175.4780968868,6808987.583505514,36990.39453125,108.13749945511736,110.661411579512,58.137499455117364,60.66141157951202,18,2041,4.30886938006e-06,
1488,triangle,1226,1305,856,,294993.51779323217,6809993.680167675,111768.7490234375,188.8159655801979,190.28377628043413,138.8159655801979,140.28377628043413,18,2041,4.30886938006e-06,
1489,triangle,856,1072,896,,294841.6644769619,6809526.28875564,46724.068359375,207.59153691836164,205.09358433010064,157.5915369183616,155.0935843301007,18,2041,4.30886938006e-06,
1490,triangle,73,1481,1006,,302254.18308700697,6806921.828199848,11101.69580078125,112.6665008471777,113.03219524155071,62.6665008471777,63.03219524155069,18,2041,4.30886938006e-06,
1491,triangle,974,1285,855,,290742.43545837415,6814793.991795883,70957.294921875,258.3270598655244,247.27776376547226,208.32705986552443,197.27776376547226,18,2041,4.30886938006e-06,
1492,triangle,780,1443,1156,,298147.6318040289,6808599.621907111,21840.5048828125,137.32606766996133,136.4773987368866,87.32606766996132,86.47739873688663,18,2041,4.30886938006e-06,
1493,triangle,894,1040,852,,295472.4341060481,6808442.889055144,33325.6533203125,174.55319073550007,175.8409667823008,124.55319073550005,125.84096678230075,18,2041,4.30886938006e-06,
1494,triangle,521,1534,1344,,296714.2712634136,6807940.335113772,14878.91943359375,166.62777206738653,167.61174981526185,116.62777206738654,117.61174981526182,18,2041,4.30886938006e-06,
1495,triangle,1206,1486,1332,,291883.83638213814,6811197.704384733,64491.0498046875,229.02010829711088,234.55186378511462,179.02010829711088,184.55186378511462,18,2041,4.30886938006e-06,
1496,triangle,1163,1482,77,,302517.22149259,6806899.84117267,10251.90576171875,113.68766764537217,114.11521273739827,63.68766764537217,64.11521273739827,18,2041,4.30886938006e-06,
1497,triangle,1174,1544,1245,,300238.62411837414,6802891.031298563,1326442.1513671875,158.97154018526024,149.28735107748744,108.97154018526024,99.28735107748746,18,2041,4.30886938006e-06,
1498,triangle,192,1397,1369,,294797.62629910227,6812701.200240954,30113.1083984375,169.6677064116991,170.41579854122702,119.66770641169907,120.41579854122703,18,2041,4.30886938006e-06,
1499,triangle,577,955,576,,294649.3347430127,6809136.761580105,4301.822265625,187.35949417332012,185.42509478010527,137.35949417332012,135.42509478010527,18,2041,4.30886938006e-06,
1500,triangle,643,956,644,,291412.5,6813416.071428572,4620.53564453125,213.4333312625014,213.4761877514078,163.43333126250138,163.4761877514078,18,2041,4.30886938006e-06,
1501,triangle,171,1494,1196,,300668.77238608315,6810110.882420939,12384.34228515625,135.72672090777448,136.9241484660324,85.72672090777448,86.92414846603242,18,2041,4.30886938006e-06,
1502,triangle,1060,1144,1059,,291206.13255035,6814068.364791095,22977.91943359375,233.56554282356188,229.723277205239,183.56554282356188,179.723277205239,18,2041,4.30886938006e-06,
1503,triangle,194,1467,768,,294231.7135959405,6812414.0731908055,32147.203125,183.67238295239576,184.66692773417233,133.67238295239576,134.66692773417233,18,2041,4.512124045057858e-06,
1504,triangle,1352,1494,173,,300544.3597877615,6810271.602623454,14615.89892578125,133.08787405933225,134.3166541152977,83.08787405933226,84.31665411529771,18,2041,4.30886938006e-06,
1505,triangle,916,1026,501,,305871.68812983163,6806657.441028018,17034.02294921875,105.09402126963674,103.83822586868148,55.09402126963675,53.838225868681484,18,2041,4.30886938006e-06,
1506,triangle,1134,1420,854,,292418.84828610055,6812691.708003706,85843.3759765625,203.64570557026175,205.265247269853,153.64570557026173,155.265247269853,18,2041,4.30886938006e-06,
1507,triangle,1109,1556,1458,,305013.48961721174,6808886.49735487,36838.58154296875,111.16093669590659,109.99309771100441,61.16093669590659,59.993097711004424,18,2041,4.30886938006e-06,
1508,triangle,1383,1398,1064,,307315.54319921345,6808838.942573643,65540.46826171875,119.84657899798867,120.94130695156237,69.84657899798867,70.94130695156237,18,2041,4.30886938006e-06,
1509,triangle,791,1370,675,,295674.22197277826,6815002.891278575,72198.78515625,222.57821313819306,216.5472626858208,172.5782131381931,166.5472626858208,52,1561,1.189207115e-05,
1510,triangle,1137,1288,857,,291086.23946375074,6813150.342710145,38168.95068359375,218.3356734064531,220.17394565448922,168.3356734064531,170.17394565448922,18,2041,4.30886938006e-06,
1511,triangle,1372,1431,1062,,306144.12959810445,6802502.161329337,889130.9096679688,121.96283171542572,122.00030049497245,71.96283171542571,72.00030049497245,18,2041,4.30886938006e-06,
1512,triangle,696,1533,695,,298446.88737847004,6805793.0465103835,10150.2607421875,158.68503380639254,157.88741610297953,108.68503380639254,107.8874161029795,18,2041,4.30886938006e-06,
1513,triangle,1435,1547,1071,,299885.11782785255,6812447.726302274,126911.94189453125,157.32618259052379,167.0555708298427,107.32618259052379,117.05557082984274,18,2041,4.30886938006e-06,
1514,triangle,1457,1538,1089,,298165.4900106561,6804746.595697763,589637.1630859375,160.3965865880245,160.65164457922165,110.39658658802452,110.65164457922162,18,2041,4.30886938006e-06,
1515,triangle,852,1043,833,,295742.5121341243,6808140.55698948,54487.318359375,176.85111648640466,179.35346220506176,126.85111648640468,129.35346220506173,18,2041,4.30886938006e-06,
1516,triangle,966,1198,826,,295476.49917006894,6809190.4058356015,66156.8896484375,192.80835199849543,191.18008572989348,142.8083519984954,141.1800857298935,18,2041,4.30886938006e-06,
1517,triangle,592,1280,593,,293213.1537371465,6810671.835161768,3789.16015625,199.84930874443543,199.80647062634355,149.84930874443543,149.80647062634355,18,2041,4.30886938006e-06,
1518,triangle,69,1194,1005,,301907.7662666049,6806844.41469632,18210.89306640625,114.65511219693042,115.50996563860345,64.65511219693042,65.50996563860346,18,2041,4.30886938006e-06,
1519,triangle,157,1195,1016,,301218.617025892,6809542.097019448,11447.54248046875,128.22602375470882,127.27472181287528,78.22602375470883,77.27472181287528,18,2041,4.30886938006e-06,
1520,triangle,537,1197,1036,,295028.2162871129,6808707.303355125,14190.88427734375,193.98820585156,184.17918315332238,143.98820585156,134.17918315332238,18,2041,4.30886938006e-06,
1521,triangle,542,1198,1039,,295452.753836143,6808890.688004992,13723.76513671875,174.3635534102051,175.47656416804045,124.36355341020513,125.47656416804045,18,2041,4.30886938006e-06,
1522,triangle,1006,1194,70,,302056.98848622775,6806837.717039241,15941.48095703125,114.45739870090833,114.79950681739076,64.45739870090834,64.79950681739076,18,2041,4.30886938006e-06,
1523,triangle,869,1141,1058,,290762.619000945,6813919.362320714,27577.83935546875,236.56771783529985,236.96569180239953,186.56771783529985,186.96569180239956,18,2041,4.30886938006e-06,
1524,triangle,699,1285,698,,291033.7910500146,6815126.943322414,41084.11083984375,235.9604281807991,231.72884479107836,185.96042818079908,181.72884479107836,18,2041,4.579698014700715e-06,
1525,triangle,1183,1545,928,,293383.28367791546,6809010.066846211,72488.95458984375,234.74203593800098,228.10978446949412,184.742035938001,178.10978446949412,18,2041,4.30886938006e-06,
1526,triangle,590,1440,1251,,293134.5279585082,6810395.651619535,21245.4677734375,208.06213607702136,209.03162144131898,158.06213607702136,159.031621441319,18,2041,4.30886938006e-06,
1527,triangle,1091,1113,241,,299796.40731292515,6807721.407312925,16470.82275390625,123.24484141084852,126.28265712810469,73.24484141084852,76.28265712810469,18,2041,4.30886938006e-06,
1528,triangle,1140,1142,659,,290837.79324900615,6814229.162363929,15952.78515625,239.70999813719254,236.3799314784953,189.70999813719254,186.3799314784953,18,2041,4.30886938006e-06,
1529,triangle,958,1496,1464,,307037.693409035,6805284.34261327,101896.0517578125,124.41652154932473,118.9103283280687,74.41652154932473,68.91032832806867,18,2041,4.30886938006e-06,
1530,triangle,951,1558,950,,297673.4809792163,6806133.170292795,245348.85693359375,169.1186139778847,166.37004504186658,119.1186139778847,116.37004504186659,18,2041,4.30886938006e-06,
1531,triangle,856,1511,1330,,294601.15156302036,6809887.596621904,49922.640625,213.05878616893318,208.34708142552708,163.05878616893318,158.34708142552708,18,2041,4.30886938006e-06,
1532,triangle,1053,1513,853,,291857.067642557,6812590.236369104,34057.0,207.15727567830493,209.73710602485335,157.15727567830493,159.73710602485335,18,2041,4.30886938006e-06,
1533,triangle,1012,1180,844,,304263.6075761514,6807621.110398893,59617.8681640625,111.91417431716881,114.80623147246929,61.91417431716881,64.80623147246929,18,2041,4.30886938006e-06,
1534,triangle,487,1506,1090,,306963.6820390356,6806436.142600502,15230.376953125,98.70735895301603,99.70300108238753,48.70735895301602,49.70300108238754,18,2041,4.30886938006e-06,
1535,triangle,1407,1496,976,,306465.20160020003,6805328.317305339,91954.9267578125,118.27868765549962,119.87918932307882,68.27868765549962,69.8791893230788,18,2041,4.30886938006e-06,
1536,triangle,1033,1307,527,,297161.36478376307,6808386.656390581,14126.94873046875,153.3729255000361,151.84347798193087,103.37292550003609,101.84347798193089,18,2041,4.30886938006e-06,
1537,triangle,1155,1325,1185,,301014.62678076455,6810565.330682356,65574.05419921875,162.98702329937805,157.9984972109546,112.98702329937805,107.9984972109546,18,2041,4.30886938006e-06,
1538,triangle,875,1226,1181,,294908.5417229038,6810374.536641524,41143.06591796875,191.85648872535535,188.58686797138128,141.85648872535535,138.58686797138128,18,2041,4.30886938006e-06,
1539,triangle,1330,1511,204,,294438.04523070547,6810019.514077011,35292.97412109375,207.0928511615909,207.92029392240102,157.09285116159086,157.920293922401,18,2041,4.30886938006e-06,
1540,triangle,1453,1454,188,,296967.8225761184,6812768.177938071,35970.8935546875,190.24262333941093,190.177998300353,140.24262333941093,140.17799830035304,18,2041,4.30886938006e-06,
1541,triangle,1308,1534,524,,296888.4760158856,6808111.090437587,16301.96630859375,160.87208596891057,160.35437469962685,110.87208596891054,110.35437469962683,18,2041,4.30886938006e-06,
1542,triangle,1347,1477,1061,,297824.5512652248,6812965.4238853,89628.8564453125,183.34217349385648,187.65235023446462,133.34217349385648,137.6523502344646,18,2041,4.30886938006e-06,
1543,triangle,1035,1507,893,,294978.158477335,6809120.047797819,24993.1630859375,192.23556279373707,191.2132442861754,142.23556279373707,141.2132442861754,18,2041,4.30886938006e-06,
1544,triangle,1082,1425,1211,,290532.63557578035,6812354.037366629,82879.84765625,238.44139797155282,246.51364478410406,188.44139797155282,196.51364478410406,18,2041,4.30886938006e-06,
1545,triangle,849,1101,882,,308387.52027432475,6807997.251140777,43415.50048828125,98.96801477542485,102.62208777000063,48.96801477542485,52.622087770000626,33,1321,8.780472010012858e-06,
1546,triangle,874,1098,968,,308439.4872384169,6807111.534898992,16868.5830078125,91.70382177365623,89.20392397758883,41.703821773656244,39.20392397758882,33,1321,1e-05,
1547,triangle,896,979,856,,294652.2484550119,6809593.098629194,55943.17431640625,215.81347267487848,210.26605913548164,165.81347267487848,160.26605913548164,18,2041,4.30886938006e-06,
1548,triangle,511,1030,916,,305754.94149287435,6806811.88408672,10912.017578125,104.22705663478672,105.09473499375368,54.22705663478671,55.09473499375368,18,2041,4.30886938006e-06,
1549,triangle,970,1546,1399,,310018.7985507595,6802861.543871003,1004600.9008789062,128.32859575998526,121.2920281219752,78.32859575998526,71.29202812197522,18,2041,4.30886938006e-06,
1550,triangle,1339,1410,991,,299492.0568172674,6806150.906294037,179904.7626953125,149.63485268709104,149.57541857476136,99.63485268709107,99.57541857476137,18,2041,4.30886938006e-06,
1551,triangle,202,1502,201,,292931.3856484838,6811364.431346937,22065.259765625,209.54385342533828,209.4457249953639,159.54385342533826,159.44572499536392,18,2041,5.058235852912858e-06,
1552,triangle,1156,1484,780,,297989.8151217547,6808626.966755326,48912.65673828125,147.02254624688229,138.46136638257636,97.02254624688231,88.46136638257637,18,2041,4.30886938006e-06,
1553,triangle,1132,1541,619,,291538.2088894477,6812583.574416556,12659.47900390625,208.54379347193472,209.03590092918589,158.54379347193472,159.03590092918589,18,2041,4.30886938006e-06,
1554,triangle,777,1497,1421,,296234.3603897163,6810208.299756947,29878.4091796875,157.6165880784513,156.6253478047366,107.61658807845126,106.62534780473663,18,2041,4.30886938006e-06,
1555,triangle,804,1320,1277,,290305.32253364037,6815325.739776087,105077.216796875,280.52331541101046,267.7483645435282,230.52331541101051,217.7483645435282,18,2041,4.30886938006e-06,
1556,triangle,87,1314,1009,,303337.2189225682,6807233.025024752,10045.80517578125,113.08595770730969,113.50514564240837,63.08595770730969,63.505145642408365,18,2041,4.30886938006e-06,
1557,triangle,93,1287,1010,,303777.19610832806,6807539.157120876,8011.75537109375,106.98118950578859,107.82531515994225,56.9811895057886,57.82531515994225,18,2041,4.30886938006e-06,
1558,triangle,1144,1317,667,,291314.22490149544,6813899.844531436,10403.11474609375,224.3436094826039,221.71901288298227,174.34360948260394,171.7190128829823,18,2041,4.30886938006e-06,
1559,triangle,872,1336,1138,,290299.45386907994,6814114.300770701,48461.07666015625,260.14502450243526,257.92026038247235,210.14502450243523,207.92026038247232,18,2041,4.30886938006e-06,
1560,triangle,1260,1358,805,,301751.58000222105,6805061.815079597,373845.2734375,135.6926097706898,135.77335600163744,85.69260977068983,85.77335600163745,18,2041,4.30886938006e-06,
1561,triangle,559,1539,558,,296662.79284939356,6808460.379546549,4457.30078125,149.18045020175822,149.57293818322816,99.1804502017582,99.57293818322815,18,2041,4.30886938006e-06,
1562,triangle,849,882,881,,308216.54293974774,6808069.381104625,43229.59619140625,105.72145037303471,107.90710532360829,55.7214503730347,57.9071053236083,33,1321,8.983726675010714e-06,
1563,triangle,804,1273,1272,,290715.34021955,6816055.351259734,439036.19287109375,221.53573687084378,218.88540894211488,171.53573687084378,168.88540894211488,52,1561,1.189207115e-05,
1564,triangle,43,1433,1432,,305857.4942926033,6808064.867867927,30132.34033203125,108.33849103616747,111.20646856949624,58.338491036167476,61.20646856949625,18,2041,4.30886938006e-06,
1565,triangle,904,1143,666,,291107.37847222225,6813780.199652777,19216.30859375,224.76082511268672,224.0363924262755,174.7608251126867,174.0363924262755,18,2041,4.30886938006e-06,
1566,triangle,997,1294,1219,,293446.2248948358,6806692.018928024,506714.572265625,229.8182704494705,227.31537220520272,179.81827044947045,177.31537220520272,18,2041,4.30886938006e-06,
1567,triangle,1089,1245,911,,298997.5165739188,6803838.984272477,910887.4267578125,161.4399437077826,155.46874723091094,111.43994370778259,105.46874723091089,18,2041,4.30886938006e-06,
1568,triangle,827,1106,862,,304863.6939951595,6807908.380781653,86907.646484375,117.83543086229139,114.5334862646332,67.83543086229139,64.5334862646332,18,2041,4.30886938006e-06,
1569,triangle,666,1145,904,,291187.77488425927,6813731.066261574,13701.416015625,223.48312937167015,221.47623103306748,173.48312937167012,171.47623103306748,18,2041,4.30886938006e-06,
1570,triangle,974,1371,1276,,290325.687442063,6814648.108151904,66443.0791015625,254.0765554733677,261.66836642628886,204.07655547336773,211.66836642628883,18,2041,4.30886938006e-06,
1571,triangle,1253,1549,799,,300859.97731398366,6812278.159982898,103568.08935546875,180.51906323146565,178.0855792642312,130.51906323146565,128.0855792642312,18,2041,4.30886938006e-06,
1572,triangle,1374,1401,1257,,304004.7853820154,6804216.81536302,645896.82421875,128.22223169055687,119.19774082495195,78.22223169055687,69.19774082495194,18,2041,4.30886938006e-06,
1573,triangle,996,1111,177,,300306.9654311744,6810577.462217567,14435.9892578125,134.42365355675236,135.0228592650013,84.42365355675234,85.02285926500129,18,2041,4.30886938006e-06,
1574,triangle,1331,1560,1065,,298292.4777535924,6808230.878275069,48931.59619140625,142.47510112433957,143.59551590188266,92.47510112433959,93.59551590188266,18,2041,4.30886938006e-06,
1575,triangle,928,1469,972,,293003.5342390077,6809262.385046944,105024.1435546875,250.46906164813726,248.7171051077173,200.46906164813726,198.7171051077173,18,2041,4.30886938006e-06,
1576,triangle,1385,1427,761,,298111.9063086724,6812534.837474073,31117.37890625,187.49749319055132,185.78517052459827,137.49749319055132,135.78517052459827,18,2041,4.30886938006e-06,
1577,triangle,1177,1472,1220,,305247.0721186321,6806010.013062055,63496.81201171875,114.99021518692642,116.29006959709682,64.9902151869264,66.29006959709682,18,2041,4.30886938006e-06,
1578,triangle,982,1555,1270,,287857.2562278947,6816636.3683108995,1205539.09765625,289.18868204438166,266.1351855150326,239.1886820443817,216.13518551503262,18,2041,4.30886938006e-06,
1579,triangle,1165,1559,195,,293741.3633862299,6811851.612780333,15212.427734375,180.92201899203016,181.88135555484382,130.92201899203016,131.8813555548438,18,2041,4.30886938006e-06,
1580,triangle,1131,1286,873,,291354.1152336463,6812845.645411194,24138.17041015625,216.03899817795846,213.34824605052253,166.03899817795846,163.34824605052253,18,2041,4.30886938006e-06,
1581,triangle,1270,1555,708,,288015.15935961023,6817536.241210277,1114020.7685546875,245.345230649095,250.41527496661857,195.34523064909501,200.41527496661857,18,2041,6.1381613650407155e-06,
1582,triangle,1367,1497,218,,296446.21662120376,6810064.988095577,30308.2509765625,147.09712074427185,149.87765626859013,97.09712074427186,99.87765626859014,18,2041,4.30886938006e-06,
1583,triangle,751,1452,1217,,306640.6096997871,6806993.276431813,34074.49853515625,99.37357924418522,101.45007511358438,49.373579244185215,51.450075113584376,18,2041,4.30886938006e-06,
1584,triangle,838,1212,1157,,307855.0070513789,6805902.2232018,93014.00048828125,109.72519756091702,109.18004558763187,59.72519756091703,59.18004558763186,18,2041,4.30886938006e-06,
1585,triangle,1149,1548,685,,298866.44307197526,6812965.8896995,99360.63037109375,195.7739781245008,194.08416678041138,145.7739781245008,144.08416678041138,18,2041,4.30886938006e-06,
1586,triangle,771,1261,608,,293176.0854824655,6810943.648296639,8530.85986328125,203.73262306367633,203.16837616571829,153.73262306367636,153.16837616571829,18,2041,4.30886938006e-06,
1587,triangle,750,1442,1224,,306218.0775294458,6807489.699539703,51785.6943359375,120.26445109444278,118.75839713904567,70.26445109444278,68.75839713904567,18,2041,4.30886938006e-06,
1588,triangle,1446,1488,684,,296555.236321904,6814765.843812882,76886.18115234375,199.96258196656447,196.61752012892023,149.9625819665645,146.61752012892023,2,1381,1e-05,
1589,triangle,1551,1552,1081,,288377.67087246716,6812421.853218018,390920.29345703125,256.7744594649269,234.47769067936267,206.7744594649269,184.4776906793626,18,2041,4.30886938006e-06,
1590,triangle,1201,1342,984,,292374.1052534679,6811390.09055167,40988.1494140625,227.30607557740413,223.7019302026736,177.30607557740413,173.7019302026736,18,2041,4.30886938006e-06,
1591,triangle,1224,1433,749,,306006.7433091917,6807800.738457374,45262.34814453125,119.92203127256064,118.50285858965117,69.92203127256063,68.50285858965117,18,2041,4.30886938006e-06,
1592,triangle,699,1272,1067,,291483.3958588301,6815411.508127046,263194.49609375,202.88884878054324,199.40051421562328,152.88884878054327,149.40051421562328,52,1561,1.189207115e-05,
1593,triangle,1061,1427,1385,,298130.6200066258,6812736.122770265,42679.2236328125,195.00473855372667,192.08804602525166,145.00473855372667,142.08804602525166,18,2041,4.30886938006e-06,
1594,triangle,1117,1119,851,,306060.8181547107,6806308.899061419,45705.48876953125,117.55512597557947,113.61681309675957,67.55512597557947,63.616813096759564,18,2041,4.30886938006e-06,
1595,triangle,1263,1532,959,,309406.300123454,6808878.793579147,351792.1015625,113.49365799117209,119.48446597358743,63.49365799117208,69.48446597358743,18,2041,4.30886938006e-06,
1596,triangle,1185,1328,820,,301514.8597544974,6810476.137995865,108129.572265625,153.6968478866878,149.98785380889217,103.69684788668778,99.98785380889217,18,2041,4.30886938006e-06,
1597,triangle,1064,1398,1354,,307123.9044525616,6808909.440023288,63306.611328125,126.33399453358422,121.73449253155736,76.33399453358422,71.73449253155736,18,2041,4.30886938006e-06,
1598,triangle,885,1515,1297,,302971.74680334143,6806602.166235104,71257.03125,134.24303358095335,131.74982519907226,84.24303358095335,81.74982519907228,18,2041,4.30886938006e-06,
1599,triangle,1262,1532,1263,,308857.3802849707,6808774.15688233,213623.50732421875,117.01287559002286,115.83222240812745,67.01287559002286,65.83222240812745,18,2041,4.30886938006e-06,
1600,triangle,903,1334,977,,302372.65705057787,6809992.865817107,95274.4482421875,138.43625846850233,138.58487166080684,88.43625846850232,88.58487166080685,18,2041,4.30886938006e-06,
1601,triangle,1206,1332,1075,,291682.9917223133,6811046.214139712,83456.76953125,243.59715607578494,241.63223273915096,193.5971560757849,191.63223273915096,18,2041,4.30886938006e-06,
1602,triangle,548,1561,1122,,295788.1675316707,6808467.79181537,11864.79443359375,161.91419060327271,163.17738259971628,111.91419060327273,113.1773825997163,18,2041,4.30886938006e-06,
1603,triangle,1223,1547,1069,,299593.86738564976,6812932.289229028,119797.35595703125,168.85390891701894,164.4695403326391,118.85390891701894,114.46954033263911,18,2041,4.918633375053572e-06,
1604,triangle,1068,1454,1453,,297053.6211919554,6812941.295024534,40421.28857421875,195.10524539278435,192.01151561536605,145.10524539278435,142.01151561536605,18,2041,4.30886938006e-06,
1605,triangle,1368,1435,758,,299354.42724489473,6812231.865119019,75794.36279296875,177.89590069046628,175.57175957234253,127.89590069046628,125.57175957234249,18,2041,4.30886938006e-06,
1606,triangle,840,1188,1123,,296062.6801854205,6808739.237352458,44116.32275390625,176.1243614745527,171.95329196840112,126.12436147455271,121.95329196840112,18,2041,4.30886938006e-06,
1607,triangle,570,1362,1207,,294126.9181256497,6809367.724992149,14194.51513671875,199.61439465296615,201.91076649493598,149.61439465296615,151.91076649493598,18,2041,4.30886938006e-06,
1608,triangle,1207,1363,571,,294250.3597926318,6809350.308180929,11979.88818359375,198.16419844136783,199.81863971409322,148.16419844136783,149.81863971409322,18,2041,4.30886938006e-06,
1609,triangle,1339,1340,693,,299383.06872026593,6805493.139476654,201358.095703125,154.20044309795495,153.2771850001216,104.20044309795493,103.2771850001216,18,2041,1.2197089936469286e-05,
1610,triangle,1058,1143,869,,290884.02777777775,6813855.659722223,18804.6875,234.95358270014694,233.3229112534872,184.9535827001469,183.3229112534872,18,2041,4.30886938006e-06,
1611,triangle,834,1309,1066,,301015.51387986244,6806815.978972488,50226.18359375,124.94801724348653,125.24632893902073,74.94801724348653,75.24632893902073,18,2041,4.30886938006e-06,
1612,triangle,1092,1233,851,,306436.2706133341,6806210.295787453,31647.2490234375,112.4106228418093,112.69193954682187,62.4106228418093,62.69193954682188,18,2041,4.30886938006e-06,
1613,triangle,915,1543,522,,296668.06076833815,6808170.376905675,14693.328125,156.61907796716332,156.2435535562402,106.61907796716332,106.2435535562402,18,2041,4.30886938006e-06,
1614,triangle,983,1529,1289,,297211.9662281288,6814833.899097363,91798.59423828125,196.10639222557015,195.57156073427154,146.10639222557018,145.57156073427154,52,1561,1.1013609544642858e-05,
1615,triangle,865,1060,845,,291473.33364180697,6814274.9259648,80192.27294921875,215.48116188891595,218.61414408175332,165.481161888916,168.61414408175332,18,2041,4.30886938006e-06,
1616,triangle,17,968,16,,308387.5,6807237.5,5625.0,82.58055771721735,83.79166666666667,32.580557717217346,33.791666666666664,33,1321,1e-05,
1617,triangle,208,969,207,,294899.20778614824,6810685.301905736,7189.41162109375,177.35614734097385,178.3739975572685,127.35614734097385,128.3739975572685,18,2041,4.30886938006e-06,
1618,triangle,1156,1560,839,,297940.5987626651,6808245.172267333,81248.82861328125,156.24605941662384,152.6228264145722,106.24605941662384,102.62282641457217,18,2041,4.30886938006e-06,
1619,triangle,830,1393,920,,292110.2365420394,6813346.283480839,34619.7392578125,215.9989530361641,210.74875795910634,165.99895303616407,160.74875795910637,18,2041,4.30886938006e-06,
1620,triangle,857,1230,1137,,290944.85156141134,6813164.556496958,34349.3291015625,224.1447827463728,224.95646831507713,174.1447827463728,174.95646831507713,18,2041,4.30886938006e-06,
1621,triangle,638,1357,904,,290978.99407819496,6813556.828463857,15955.56103515625,220.83517664837862,221.12720683428935,170.8351766483786,171.12720683428935,18,2041,4.30886938006e-06,
1622,triangle,908,949,481,,306863.47827399155,6805900.6973480275,16413.2880859375,106.28005601227224,105.6326262866633,56.28005601227223,55.63262628666328,18,2041,4.30886938006e-06,
1623,triangle,1090,1417,47,,306997.23449619696,6806670.762455267,22877.31591796875,98.41578915970697,98.20854562550967,48.415789159706975,48.208545625509664,18,2041,4.30886938006e-06,
1624,triangle,676,936,682,,296090.24431164743,6815375.552008581,36824.361328125,178.845255920247,176.3625467721777,128.845255920247,126.36254677217771,98,2021,4.918633375053572e-06,
1625,triangle,588,1249,1127,,292840.45579736313,6810434.858124207,10636.08447265625,213.88169367028058,212.9616903410895,163.8816936702806,162.96169034108948,18,2041,4.30886938006e-06,
1626,triangle,1069,1368,1149,,299169.1919790905,6812588.242793049,80207.0634765625,183.10519532106713,180.7631232227856,133.10519532106713,130.7631232227856,18,2041,4.30886938006e-06,
1627,triangle,497,1303,1118,,305575.55849746446,6806404.415120964,13910.66748046875,109.59897812372247,108.95667597799023,59.59897812372246,58.956675977990216,18,2041,4.30886938006e-06,
1628,triangle,1304,1458,905,,305089.85581982957,6808643.254202596,37894.25341796875,101.46289945887517,103.34588193935046,51.46289945887517,53.34588193935045,18,2041,4.30886938006e-06,
1629,triangle,1406,1454,1068,,297227.33558027644,6812899.10192662,46345.34619140625,190.80304870152872,189.60639726251895,140.80304870152872,139.60639726251895,18,2041,4.30886938006e-06,
1630,triangle,1246,1404,827,,305165.98567280755,6807373.827875122,77064.0986328125,125.3765503855545,123.5583042395345,75.37655038555448,73.5583042395345,18,2041,4.30886938006e-06,
1631,triangle,843,1465,1312,,291092.7771284897,6812271.979169861,54035.81689453125,247.13717658335608,236.7756331784692,197.13717658335608,186.7756331784692,18,2041,4.30886938006e-06,
1632,triangle,1025,1506,487,,306876.79232185124,6806371.32533531,15669.8115234375,101.15288083080888,101.54103716614475,51.152880830808876,51.54103716614474,18,2041,4.30886938006e-06,
1633,triangle,876,1316,1110,,304393.6438385835,6809070.381755632,32816.95458984375,114.83754435797852,116.85515465552639,64.83754435797852,66.85515465552638,18,2041,4.30886938006e-06,
1634,triangle,939,1492,1359,,309585.6918859889,6804941.291158949,358828.45263671875,110.45240769669941,117.50658946663684,60.45240769669941,67.50658946663683,18,2041,4.30886938006e-06,
1635,triangle,878,1496,1407,,306662.0003720804,6805457.605109985,49653.7548828125,112.2602059416821,114.40851819774976,62.260205941682116,64.40851819774974,18,2041,4.30886938006e-06,
1636,triangle,895,1046,1045,,296665.55991731334,6808694.752179082,20018.0693359375,157.46866559643152,156.86347002605072,107.4686655964315,106.86347002605072,18,2041,4.30886938006e-06,
1637,triangle,1004,1005,883,,301657.683701833,6806871.441963407,20180.072265625,116.65731125960515,118.35003074535973,66.65731125960517,68.35003074535973,18,2041,4.30886938006e-06,
1638,triangle,1029,1120,891,,305705.347199822,6807119.377511495,17919.76220703125,112.03612299818413,111.4505683303983,62.03612299818412,61.450568330398276,18,2041,4.30886938006e-06,
1639,triangle,1114,1233,490,,306473.2097681597,6805996.7549122935,9406.76123046875,106.36359836863511,106.928525728074,56.3635983686351,56.92852572807399,18,2041,4.30886938006e-06,
1640,triangle,177,1088,996,,300247.88038964296,6810653.487318887,16092.64306640625,134.95369639561574,135.26044257896854,84.95369639561572,85.26044257896855,18,2041,4.30886938006e-06,
1641,triangle,1417,1452,45,,306854.62732376327,6806827.940611961,19768.77001953125,95.75447605771782,99.09272250786108,45.75447605771783,49.092722507861076,18,2041,4.30886938006e-06,
1642,triangle,9,1097,994,,308039.9289989141,6806738.140112187,13506.32568359375,90.54201087652507,90.24137307645213,40.54201087652507,40.241373076452135,33,1321,1e-05,
1643,triangle,781,1331,1065,,298438.26373784384,6808326.292725521,31617.73046875,134.79698485709903,134.9695716900236,84.79698485709903,84.96957169002359,18,2041,4.30886938006e-06,
1644,triangle,808,1536,1219,,294451.9545380585,6806668.175576982,408543.95166015625,219.44688551668298,221.52713960986463,169.44688551668298,171.52713960986466,18,2041,4.30886938006e-06,
1645,triangle,768,1467,1355,,294304.4770575342,6812560.247423816,36726.068359375,187.06310656391895,187.26400167968782,137.06310656391895,137.26400167968782,18,2041,4.30886938006e-06,
1646,triangle,892,1442,1217,,306291.46547160955,6807122.10247824,40082.77392578125,108.28586711626679,108.40867833479116,58.285867116266765,58.40867833479117,18,2041,4.30886938006e-06,
1647,triangle,898,1147,830,,291974.3077634205,6813597.308094566,36499.10546875,220.22226844059512,218.16766203115625,170.22226844059514,168.16766203115625,18,2041,4.30886938006e-06,
1648,triangle,959,1532,1264,,309374.44582890795,6809354.125655736,360886.53759765625,125.62808269822074,129.45567394409645,75.62808269822074,79.45567394409643,18,2041,4.30886938006e-06,
1649,triangle,1067,1272,947,,291748.6101692089,6815892.843465227,565913.2392578125,180.47856417481918,185.51889306860517,130.47856417481918,135.51889306860517,52,1561,1.1621242515359287e-05,
1650,triangle,1063,1397,1355,,294549.84377928294,6812858.997118197,54758.8916015625,177.16903847812586,175.99211712229308,127.16903847812583,125.9921171222931,18,2041,4.30886938006e-06,
1651,triangle,1274,1552,1462,,289114.7111600353,6811609.179386347,227565.82763671875,227.61793980997797,228.09220219617956,177.61793980997797,178.09220219617956,18,2041,4.30886938006e-06,
1652,triangle,201,1502,1491,,292954.25034586835,6811519.624496032,33015.5703125,202.88007490672783,204.18277277401077,152.88007490672783,154.18277277401077,18,2041,4.30886938006e-06,
1653,triangle,601,1201,992,,292611.5519939887,6811210.155734055,15769.30126953125,214.1573801316074,214.66440546577044,164.1573801316074,164.66440546577041,18,2041,4.30886938006e-06,
1654,triangle,538,1525,1197,,295153.67678389885,6808690.365483224,13611.95263671875,183.42057338563106,177.82776003022784,133.4205733856311,127.82776003022782,18,2041,4.30886938006e-06,
1655,triangle,541,1524,1198,,295325.9046837367,6808906.496709657,13896.5322265625,174.41752757911445,175.06130196414767,124.41752757911445,125.06130196414767,18,2041,4.30886938006e-06,
1656,triangle,1196,1519,170,,300697.4217594503,6809975.425543171,13639.24951171875,138.24884565933945,138.07005480093932,88.24884565933944,88.07005480093932,18,2041,4.30886938006e-06,
1657,triangle,633,1527,1231,,290633.7364939906,6813357.5043100035,12586.4833984375,228.60907808271958,228.08314582639323,178.60907808271955,178.0831458263932,18,2041,4.30886938006e-06,
1658,triangle,130,1521,1266,,303200.32556739665,6809263.819763531,9975.75439453125,115.95017848852567,115.29545356684964,65.95017848852567,65.29545356684964,18,2041,4.30886938006e-06,
1659,triangle,152,1522,1267,,301551.1695232699,6809490.596476741,10071.36083984375,126.3293089568877,124.89785816484071,76.3293089568877,74.89785816484073,18,2041,4.30886938006e-06,
1660,triangle,1154,1402,1231,,290366.3780132197,6813290.141770936,38415.19189453125,235.18679439046775,236.81268304054007,185.18679439046775,186.81268304054007,18,2041,4.30886938006e-06,
1661,triangle,1406,1477,1347,,297577.8002403419,6812905.7682039635,60834.82080078125,183.7502218767223,184.53956820858423,133.7502218767223,134.53956820858423,18,2041,4.30886938006e-06,
1662,triangle,1052,1131,873,,291484.3613000756,6812874.932888135,24637.17138671875,208.12811946676405,208.70350337676544,158.12811946676402,158.70350337676544,18,2041,4.30886938006e-06,
1663,triangle,965,1001,906,,300512.6774818126,6807186.622360892,40286.69921875,122.70313286394446,122.27582509903836,72.70313286394446,72.27582509903836,18,2041,4.30886938006e-06,
1664,triangle,568,1381,1362,,293956.61586782016,6809322.551528403,14741.18212890625,203.02406324319858,204.47770531976775,153.02406324319858,154.4777053197677,18,2041,4.30886938006e-06,
1665,triangle,859,1531,1028,,305462.6707531134,6806841.305785756,23326.51806640625,111.60008498999804,110.23393589161627,61.600084989998045,60.233935891616255,18,2041,4.30886938006e-06,
1666,triangle,1065,1560,1156,,298161.10276014096,6808338.010045004,38769.8076171875,143.21945351145837,144.77027793998477,93.2194535114584,94.77027793998475,18,2041,4.30886938006e-06,
1667,triangle,1223,1429,687,,300060.0829329738,6813289.51072115,247761.7587890625,137.0728397075762,157.25249010852357,87.07283970757622,107.25249010852356,2,1381,1e-05,
1668,triangle,567,1474,1381,,293844.2610049639,6809202.459356175,11787.86083984375,205.2237748057974,205.76327961305455,155.2237748057974,155.76327961305455,18,2041,4.30886938006e-06,
1669,triangle,979,1207,870,,294200.9268795476,6809582.643712025,46253.06494140625,215.89089801811406,216.07962097644022,165.89089801811406,166.07962097644025,18,2041,4.30886938006e-06,
1670,triangle,890,1424,978,,307270.6653161638,6806023.355213824,34164.23291015625,112.77096269963111,113.08056242074905,62.77096269963111,63.08056242074904,18,2041,4.30886938006e-06,
1671,triangle,214,957,213,,295313.12056899926,6810786.471990164,4334.4013671875,168.55065861969993,169.45248332618144,118.55065861969993,119.45248332618144,18,2041,4.30886938006e-06,
1672,triangle,1267,1392,151,,301672.4871239437,6809490.605148838,11806.482421875,123.33499604502569,123.5427850948318,73.33499604502572,73.5427850948318,18,2041,4.30886938006e-06,
1673,triangle,1266,1395,129,,303321.2411251526,6809265.888155048,11719.18505859375,113.8525457178028,114.30694695757147,63.8525457178028,64.30694695757147,18,2041,4.30886938006e-06,
1674,triangle,1110,1232,876,,304273.67180183216,6809157.888423581,40148.4541015625,120.6819339177695,119.34863662898552,70.6819339177695,69.34863662898553,18,2041,4.30886938006e-06,
1675,triangle,855,1371,974,,290580.4820749613,6814657.85006887,55472.39306640625,260.24908092777105,252.64188641254813,210.24908092777105,202.64188641254813,18,2041,4.30886938006e-06,
1676,triangle,833,1043,877,,295961.9632572275,6808074.092379409,55358.28369140625,182.8391749434881,182.82540634404054,132.8391749434881,132.82540634404057,18,2041,4.30886938006e-06,
1677,triangle,552,1188,922,,296227.68510282383,6808566.01274715,11182.54833984375,158.461701008594,158.9529221223578,108.46170100859398,108.95292212235779,18,2041,4.30886938006e-06,
1678,triangle,1297,1515,999,,303077.7631099676,6806359.830634308,92736.50732421875,142.88908238015156,138.47854764119225,92.88908238015154,88.47854764119228,18,2041,4.30886938006e-06,
1679,triangle,1274,1462,1428,,289490.42812298523,6811372.1100904895,168573.978515625,262.4057478015156,245.97504959032685,212.4057478015156,195.97504959032685,18,2041,4.30886938006e-06,
1680,triangle,1042,1434,877,,296234.87106438965,6808244.901608218,32550.3818359375,165.26476937772307,165.5697612865446,115.26476937772307,115.56976128654462,18,2041,4.30886938006e-06,
1681,triangle,1213,1476,870,,293966.8963353038,6809956.305249733,52744.908203125,210.93781668683826,211.8419575231337,160.93781668683826,161.8419575231337,18,2041,4.30886938006e-06,
1682,triangle,1284,1360,1085,,309078.06889038114,6807105.997059249,112602.7685546875,82.89206954486211,87.78403427399246,32.89206954486211,37.78403427399246,33,1321,1e-05,
1683,triangle,38,993,37,,307785.4593748945,6808138.949745558,5232.33349609375,101.63061500372714,101.8184422668631,51.630615003727144,51.81844226686311,33,1321,1e-05,
1684,triangle,846,1506,1025,,306776.6011621322,6806453.890367967,20535.72802734375,108.59698206366957,106.11048104197324,58.596982063669564,56.11048104197325,18,2041,4.30886938006e-06,
1685,triangle,1055,1288,642,,291328.1953788413,6813228.130600724,13854.580078125,216.30471075156248,214.08971892736375,166.30471075156248,164.08971892736375,18,2041,4.30886938006e-06,
1686,triangle,933,1054,639,,291198.21428571426,6813473.724489796,14119.89794921875,219.87368610927052,218.17332504836136,169.87368610927055,168.1733250483614,18,2041,4.30886938006e-06,
1687,triangle,889,1195,1017,,300988.25294148276,6809677.3471005885,21246.61767578125,134.3763010156518,135.34989036617392,84.3763010156518,85.34989036617394,18,2041,4.30886938006e-06,
1688,triangle,1432,1433,981,,305703.91059134324,6807936.133683552,44610.7080078125,116.99021403350264,117.28666543810748,66.99021403350262,67.28666543810749,18,2041,4.30886938006e-06,
1689,triangle,1407,1505,878,,306616.6125161101,6805626.537371163,25502.75830078125,113.33214306487608,111.88981639872902,63.33214306487607,61.88981639872901,18,2041,4.30886938006e-06,
1690,triangle,1369,1397,1063,,294723.9964304162,6812892.4741981365,46384.4541015625,167.85811959667888,172.05560179433306,117.85811959667889,122.0556017943331,18,2041,4.30886938006e-06,
1691,triangle,1375,1377,794,,298631.39159490034,6813719.0051086955,174426.72265625,190.53778781087914,186.513533469829,140.5377878108791,136.51353346982899,2,1381,1e-05,
1692,triangle,989,1090,48,,307190.21964680613,6806475.571870461,23757.39306640625,107.24239023894656,105.24571712561728,57.24239023894655,55.24571712561728,18,2041,4.30886938006e-06,
1693,triangle,770,1165,197,,293887.0133331423,6811705.857526273,10048.92333984375,184.237198413022,184.4052064621858,134.23719841302199,134.4052064621858,18,2041,4.30886938006e-06,
1694,triangle,1201,1502,992,,292690.789060439,6811310.542242959,29068.7451171875,217.7243423546705,215.73968970511143,167.7243423546705,165.73968970511143,18,2041,4.30886938006e-06,
1695,triangle,1068,1477,1406,,297388.34005225817,6813017.86442782,72770.49072265625,186.5103534278365,188.1276474536162,136.5103534278365,138.1276474536162,18,2041,4.30886938006e-06,
1696,triangle,921,1201,984,,292484.4796950443,6811532.622973169,58546.27978515625,222.96937935037855,219.8632146030534,172.96937935037855,169.8632146030534,18,2041,4.30886938006e-06,
1697,triangle,893,1507,1072,,294995.2776054446,6809245.999847229,24936.48486328125,199.29041290059791,197.45267309651663,149.29041290059791,147.45267309651663,18,2041,4.30886938006e-06,
1698,triangle,1359,1492,970,,309900.94738090364,6804439.153830848,497825.63623046875,120.68545214205054,126.67799448860558,70.68545214205054,76.67799448860558,18,2041,4.30886938006e-06,
1699,triangle,870,1511,979,,294260.60517279664,6809726.702985828,57759.26611328125,221.52435346860534,220.28729318434878,171.52435346860534,170.28729318434878,18,2041,4.30886938006e-06,
1700,triangle,1411,1503,1159,,307906.07504686376,6808625.073981878,51707.103515625,106.40989751749868,110.02289648073774,56.40989751749869,60.022896480737735,18,2041,4.30886938006e-06,
1701,triangle,1025,1092,846,,306676.5682436121,6806393.111297466,29665.33544921875,109.64739665961513,108.21709607220794,59.64739665961513,58.21709607220794,18,2041,4.30886938006e-06,
1702,triangle,27,1000,26,,308162.5,6807737.5,5625.0,88.49722120496959,89.0749994913737,38.49722120496959,39.074999491373696,33,1321,1e-05,
1703,triangle,49,1002,248,,300463.47498475155,6807464.150770306,5329.6025390625,118.27039710459601,118.33334328557244,68.270397104596,68.33334328557245,18,2041,4.30886938006e-06,
1704,triangle,51,1001,50,,300611.6628724057,6807383.194453865,6203.55078125,117.86864092679625,118.15755751635275,67.86864092679626,68.15755751635275,18,2041,4.30886938006e-06,
1705,triangle,59,1003,58,,301140.1030820492,6807086.897165708,5399.97216796875,115.63244423902748,115.76771268060516,65.63244423902746,65.76771268060516,18,2041,4.30886938006e-06,
1706,triangle,66,1004,65,,301662.5,6807012.5,5625.0,113.9222223493788,114.07500076293945,63.92222234937879,64.07500076293945,18,2041,4.30886938006e-06,
1707,triangle,69,1005,68,,301871.27296272916,6806943.305245426,6797.45166015625,113.32801382112032,113.59824770393469,63.32801382112032,63.598247703934696,18,2041,4.30886938006e-06,
1708,triangle,71,1006,70,,302095.495182352,6806936.607588347,6624.85400390625,112.50417496727297,112.55445554938869,62.504174967272974,62.55445554938867,18,2041,4.30886938006e-06,
1709,triangle,80,1007,79,,302770.6971190664,6807095.393298191,5659.18017578125,109.97063027522651,110.3490961825524,59.970630275226526,60.34909618255241,18,2041,4.30886938006e-06,
1710,triangle,83,1008,82,,302994.790034027,6807160.803886463,6635.94140625,109.46653022069528,109.38635592808912,59.46653022069529,59.3863559280891,18,2041,4.30886938006e-06,
1711,triangle,86,1009,85,,303214.7008687664,6807233.552879888,6316.64892578125,108.6347482107294,110.94455785705577,58.6347482107294,60.94455785705578,18,2041,4.30886938006e-06,
1712,triangle,92,1010,91,,303662.5,6807537.5,5625.0,106.89166747199164,107.05833307902019,56.89166747199164,57.05833307902018,18,2041,4.30886938006e-06,
1713,triangle,97,1011,96,,303960.98019664316,6807752.48817353,6580.3525390625,105.36916251153224,105.64749361717077,55.36916251153224,55.64749361717076,18,2041,4.30886938006e-06,
1714,triangle,99,1012,98,,304112.5,6807837.5,5625.0,104.84722137451172,104.97499783833821,54.84722137451172,54.97499783833822,18,2041,4.30886938006e-06,
1715,triangle,135,1013,134,,302917.0022724359,6809234.4110570615,5783.99951171875,112.54525318313009,112.42417411444175,62.54525318313009,62.42417411444175,18,2041,4.30886938006e-06,
1716,triangle,137,1014,136,,302758.71688278386,6809316.622840724,5663.21875,113.37695944094602,113.99817536940581,63.37695944094601,63.99817536940581,18,2041,4.30886938006e-06,
1717,triangle,140,1015,139,,302537.5,6809387.5,5625.0,116.30277760823569,116.78333282470703,66.30277760823569,66.78333282470703,18,2041,4.30886938006e-06,
1718,triangle,157,1016,156,,301267.1647230321,6809465.320861522,6467.12841796875,123.08278432479872,123.34193946562493,73.08278432479872,73.34193946562495,18,2041,4.30886938006e-06,
1719,triangle,162,1017,161,,300888.9750798278,6809539.133867833,5974.7568359375,125.30617755071665,125.82683192905533,75.30617755071667,75.82683192905533,18,2041,4.30886938006e-06,
1720,triangle,213,957,212,,295263.12056899926,6810761.471990164,5810.46533203125,171.22618516578945,171.9191479583429,121.22618516578946,121.91914795834289,18,2041,4.30886938006e-06,
1721,triangle,238,973,237,,299637.5,6807912.5,5625.0,122.16388681199814,122.16666603088379,72.16388681199815,72.16666603088379,18,2041,4.30886938006e-06,
1722,triangle,243,1019,242,,300012.5,6807687.5,5625.0,120.51110988193089,121.2083346048991,70.51110988193089,71.2083346048991,18,2041,4.30886938006e-06,
1723,triangle,245,1020,244,,300162.5,6807612.5,5625.0,119.98888672722711,120.18333307902019,69.98888672722711,70.18333307902019,18,2041,4.30886938006e-06,
1724,triangle,247,1021,246,,300305.66882380476,6807523.292448867,7991.85693359375,119.37724562576699,120.06363831636641,69.37724562576699,70.06363831636641,18,2041,4.30886938006e-06,
1725,triangle,483,1022,482,,307037.5,6805962.5,5625.0,102.70277765062121,103.4166685740153,52.70277765062121,53.4166685740153,18,2041,4.30886938006e-06,
1726,triangle,482,1023,483,,306993.58997602767,6806030.565240945,6972.21728515625,101.62412728974715,101.51628692550666,51.62412728974715,51.51628692550667,18,2041,4.30886938006e-06,
1727,triangle,486,1024,485,,307037.5,6806237.5,5625.0,98.43055597941078,99.02499898274739,48.43055597941079,49.0249989827474,18,2041,4.30886938006e-06,
1728,triangle,494,1025,495,,306837.5739446118,6806243.989550561,6346.75537109375,99.12050761144535,99.65358575698014,49.120507611445355,49.65358575698013,18,2041,4.30886938006e-06,
1729,triangle,504,1027,503,,306139.312293246,6806627.564013865,6946.681640625,99.76580753312516,100.79819826493679,49.765807533125155,50.79819826493678,18,2041,4.30886938006e-06,
1730,triangle,511,1028,510,,305628.64641412045,6806939.149726332,6435.43408203125,107.66215579165483,106.80020286374578,57.66215579165483,56.800202863745774,18,2041,4.30886938006e-06,
1731,triangle,510,1029,511,,305687.5,6806987.5,5625.0,105.3777754041884,106.00833257039388,55.3777754041884,56.00833257039388,18,2041,4.30886938006e-06,
1732,triangle,514,1030,513,,305863.44093302405,6806864.992061815,5238.7880859375,102.39094807414342,102.60145591661883,52.39094807414343,52.60145591661884,18,2041,4.30886938006e-06,
1733,triangle,513,1031,514,,305905.57843790104,6806915.83227609,5221.205078125,102.25512233816953,103.09832474331499,52.25512233816953,53.098324743314976,18,2041,4.30886938006e-06,
1734,triangle,516,1026,515,,306005.18756998127,6806785.549003113,6667.13525390625,100.63038435934094,100.87827961625366,50.630384359340944,50.87827961625366,18,2041,4.30886938006e-06,
1735,triangle,515,1032,516,,306063.36365469376,6806832.5933313025,5170.1611328125,100.68663545720248,100.81669632363285,50.6866354572025,50.81669632363285,18,2041,4.30886938006e-06,
1736,triangle,529,1033,528,,297139.8531410807,6808518.655852556,5197.19482421875,144.55259318772355,144.272530898706,94.55259318772355,94.27253089870601,18,2041,4.30886938006e-06,
1737,triangle,534,1035,535,,294886.0287700836,6808943.47322674,6131.474609375,182.90870429449237,179.91624973979734,132.90870429449237,129.91624973979734,18,2041,4.30886938006e-06,
1738,triangle,535,1121,534,,294837.2454879715,6808885.3510899255,5895.384765625,178.0881620181393,179.08375754429673,128.08816201813931,129.08375754429673,18,2041,4.30886938006e-06,
1739,triangle,537,1036,536,,294986.52226659126,6808806.030461346,6462.81787109375,174.49742257614668,179.9695053158711,124.49742257614666,129.9695053158711,18,2041,4.30886938006e-06,
1740,triangle,536,1037,537,,295039.1160512367,6808860.509043042,5582.8232421875,173.19693550438024,173.62490388226465,123.19693550438022,123.62490388226462,18,2041,4.30886938006e-06,
1741,triangle,543,1038,542,,295435.02531996765,6808740.544258933,5560.92236328125,166.32847109596108,166.70214643276697,116.32847109596108,116.70214643276695,18,2041,4.30886938006e-06,
1742,triangle,542,1039,543,,295489.74977005576,6808795.000903308,6721.95068359375,166.2132295028997,168.58648621233306,116.2132295028997,118.58648621233306,18,2041,4.30886938006e-06,
1743,triangle,545,1040,544,,295584.7184653718,6808655.179010563,6761.53369140625,164.62359582501063,165.63380300457308,114.62359582501063,115.63380300457307,18,2041,4.30886938006e-06,
1744,triangle,544,1041,545,,295647.0575541651,6808718.72892053,7400.978515625,166.55925715844586,167.627231199771,116.55925715844583,117.62723119977097,18,2041,4.30886938006e-06,
1745,triangle,553,1042,552,,296186.33789741277,6808433.255936012,6233.19384765625,154.45256475174986,154.96530090777296,104.45256475174988,104.96530090777294,18,2041,4.30886938006e-06,
1746,triangle,556,1044,555,,296465.30078423064,6808440.525927409,5599.67138671875,150.95430328015811,150.8982325970974,100.95430328015811,100.89823259709742,18,2041,4.30886938006e-06,
1747,triangle,559,1045,560,,296712.5,6808562.5,5625.0,147.60833740234375,148.06666692097983,97.60833740234376,98.06666692097981,18,2041,4.30886938006e-06,
1748,triangle,562,1046,563,,296917.7348115559,6808643.456305108,8518.66796875,144.6573936937145,145.94838716794933,94.65739369371451,95.94838716794932,18,2041,4.30886938006e-06,
1749,triangle,576,1047,575,,294537.5,6809187.5,5625.0,188.89444775051538,189.04166666666666,138.89444775051538,139.04166666666666,18,2041,4.30886938006e-06,
1750,triangle,575,1048,576,,294593.4427179963,6809231.836930566,5656.4609375,187.44689018281275,188.94997154117303,137.44689018281272,138.94997154117303,18,2041,4.30886938006e-06,
1751,triangle,584,1049,583,,292712.5,6810012.5,5625.0,217.55277591281464,218.20833460489908,167.55277591281464,168.20833460489908,18,2041,4.30886938006e-06,
1752,triangle,583,1050,584,,292670.94997321855,6810060.935316764,4498.35107421875,217.15479813696206,216.62653919429366,167.15479813696206,166.62653919429366,18,2041,4.30886938006e-06,
1753,triangle,602,1051,601,,292587.5,6811062.5,5625.0,211.03055826822916,211.35000228881836,161.03055826822916,161.35000228881836,18,2041,4.30886938006e-06,
1754,triangle,622,1052,623,,291680.1946334089,6812840.776826285,6815.49658203125,205.9026584476618,203.05925087075184,155.90265844766176,153.05925087075184,18,2041,4.30886938006e-06,
1755,triangle,623,1053,622,,291737.5,6812787.5,5625.0,205.0666681925456,203.43333307902017,155.06666819254556,153.43333307902017,18,2041,4.30886938006e-06,
1756,triangle,642,1054,643,,291310.71428571426,6813361.224489796,5682.39794921875,217.08921738338327,216.7233242854219,167.08921738338324,166.72332428542194,18,2041,4.30886938006e-06,
1757,triangle,643,1055,642,,291374.7453703704,6813307.395187162,7576.8955078125,216.46184703851043,213.72305022619187,166.4618470385104,163.72305022619187,18,2041,4.30886938006e-06,
1758,triangle,663,1058,662,,290937.5,6813987.5,5625.0,227.69721942477753,227.47499720255533,177.6972194247775,177.47499720255533,18,2041,4.30886938006e-06,
1759,triangle,662,1059,663,,290995.53571428574,6814036.607142857,6428.5712890625,226.87700195702422,227.95293239023854,176.87700195702422,177.95293239023854,18,2041,4.30886938006e-06,
1760,triangle,672,1056,671,,291610.9375,6813534.821428572,6102.12060546875,208.85799203978848,208.39115040643105,158.85799203978846,158.39115040643108,18,2041,4.30886938006e-06,
1761,triangle,1341,1514,1169,,295692.16543362086,6813364.037044068,103687.158203125,193.87594504241008,194.21062399011726,143.87594504241005,144.21062399011726,18,2041,4.30886938006e-06,
1762,triangle,1067,1191,681,,292694.6993716387,6815177.026991929,500797.3955078125,190.24959511617436,172.4262984121431,140.24959511617433,122.42629841214311,52,1561,1.189207115e-05,
1763,triangle,524,1543,954,,296806.78861205693,6808281.77473127,12240.353515625,151.5211964764573,151.1658093726386,101.52119647645733,101.16580937263859,18,2041,4.30886938006e-06,
1764,triangle,943,1281,624,,291848.74763794406,6812942.892154131,10042.5556640625,201.57270892360856,201.50336631794792,151.57270892360853,151.50336631794792,18,2041,4.30886938006e-06,
1765,triangle,994,1096,9,,307982.47367882496,6806660.111776635,17018.2900390625,94.60096402395143,93.43875592412131,44.60096402395142,43.4387559241213,33,1321,1e-05,
1766,triangle,1408,1514,1291,,295994.9416061636,6813094.804738808,54529.26904296875,184.71717048752407,186.90247377714186,134.7171704875241,136.90247377714184,18,2041,4.30886938006e-06,
1767,triangle,223,1412,1112,,297323.42142540356,6809294.401688664,8937.7802734375,135.94600622204462,136.3175198500289,85.9460062220446,86.31751985002889,18,2041,4.30886938006e-06,
1768,triangle,882,1520,881,,308120.2463787399,6807938.830343333,22903.3056640625,108.99628418307655,104.7138386009898,58.996284183076554,54.71383860098981,33,1321,1e-05,
1769,triangle,1169,1514,1408,,295792.3616976025,6813128.658380947,64746.515625,190.58339589455002,190.859386875637,140.58339589455002,140.859386875637,18,2041,4.30886938006e-06,
1770,triangle,973,1113,1091,,299683.90731292515,6807758.907312925,14854.11328125,122.87566876400288,126.88265750957441,72.87566876400288,76.88265750957441,18,2041,4.30886938006e-06,
1771,triangle,1059,1142,1140,,290958.3289632919,6814190.769506785,15635.72412109375,239.8017326949636,237.66619720206722,189.8017326949636,187.66619720206722,18,2041,4.30886938006e-06,
1772,triangle,864,1325,1155,,300803.5407160022,6810594.667908574,52924.29443359375,157.3128701806866,155.5903247818867,107.31287018068657,105.5903247818867,18,2041,4.30886938006e-06,
1773,triangle,869,1143,904,,290941.40625,6813760.859375,33557.9833984375,232.2893038953344,230.9426395562276,182.28930389533443,180.94263955622753,18,2041,4.30886938006e-06,
1774,triangle,949,1115,492,,306713.76435998915,6806011.02590865,14190.01953125,104.61562064653015,104.67600408154067,54.61562064653014,54.67600408154066,18,2041,4.30886938006e-06,
1775,triangle,1015,1391,887,,302537.5,6809524.827951744,21074.39453125,126.35803552278783,125.2322204174831,76.35803552278782,75.2322204174831,18,2041,4.30886938006e-06,
1776,triangle,1039,1198,966,,295541.25245647755,6808998.193424843,31494.9453125,187.42398314087262,184.7316257944175,137.42398314087262,134.73162579441757,18,2041,4.30886938006e-06,
1777,triangle,925,1160,1078,,297167.0767158001,6807767.468151133,57564.21484375,185.38388044762408,183.5868814270392,135.38388044762408,133.58688142703917,18,2041,4.30886938006e-06,
1778,triangle,1079,1160,925,,297015.80378295877,6807613.228478808,75521.41943359375,194.39515186369294,190.46270835291534,144.39515186369294,140.46270835291537,18,2041,4.30886938006e-06,
1779,triangle,864,1111,996,,300439.96019028785,6810623.959249713,31818.63525390625,140.47994204251313,140.74646636126923,90.47994204251313,90.74646636126924,18,2041,4.30886938006e-06,
1780,triangle,986,1415,1085,,310012.5528474026,6807159.461636686,409059.7314453125,81.6696434937177,93.7909074875389,31.669643493717693,43.7909074875389,33,1321,9.39023600500643e-06,
1781,triangle,1183,1474,1396,,293693.90998112195,6809038.058250073,23588.892578125,211.13133292169232,215.97150099542128,161.13133292169232,165.97150099542134,18,2041,4.30886938006e-06,
1782,triangle,1381,1474,1183,,293734.4137349562,6809184.690684629,15581.291015625,209.52755435776618,212.7033326311641,159.52755435776615,162.7033326311641,18,2041,4.30886938006e-06,
1783,triangle,675,936,676,,295918.704615935,6815369.979669458,86582.72021484375,185.63252770073012,184.07382557645073,135.63252770073012,134.07382557645067,98,2021,4.30886938006e-06,
1784,triangle,896,1376,979,,294541.3199135606,6809454.843541044,29832.7412109375,214.3313070242885,211.40504781446313,164.33130702428846,161.40504781446313,18,2041,4.30886938006e-06,
1785,triangle,615,1384,1286,,291140.42699467606,6812723.012461543,13652.587890625,218.17251742525949,217.86958240548165,168.1725174252595,167.86958240548168,18,2041,4.30886938006e-06,
1786,triangle,237,973,236,,299587.5,6807937.5,4218.75,122.14999771118164,122.26666450500488,72.14999771118164,72.26666450500488,18,2041,4.30886938006e-06,
1787,triangle,1425,1465,1211,,290751.7318897813,6812309.464219905,57921.87109375,236.3463613093237,239.91891866667422,186.34636130932364,189.91891866667416,18,2041,4.30886938006e-06,
1788,triangle,1286,1288,873,,291295.06524211727,6812978.880824757,31851.08837890625,216.02801804377273,215.1565791295427,166.0280180437727,165.1565791295427,18,2041,4.30886938006e-06,
1789,triangle,18,1099,17,,308439.5833333333,6807306.25,1875.0,82.11388817539904,82.50138807296754,32.11388817539903,32.501388072967536,33,1321,1e-05,
1790,triangle,1122,1561,852,,295680.70593257324,6808387.763475998,23828.37744140625,165.71380785912646,167.3477018575843,115.71380785912646,117.3477018575843,18,2041,4.30886938006e-06,
1791,triangle,1100,1101,850,,308639.9926158534,6807706.818512098,38753.31591796875,94.06075543602968,90.90816582613657,44.06075543602968,40.90816582613657,33,1321,1e-05,
1792,triangle,1133,1134,854,,292214.2593821885,6812784.625846016,43034.048828125,208.8435613660514,206.25278648866228,158.8435613660514,156.25278648866228,18,2041,4.30886938006e-06,
1793,triangle,855,1140,1139,,290798.0155522131,6814422.349068028,38585.59521484375,246.62801623310034,243.21773217384995,196.62801623310037,193.21773217384995,18,2041,4.30886938006e-06,
1794,triangle,863,1109,1108,,304742.8373619933,6808875.594094775,33329.578125,115.64247978641983,113.77647413533327,65.64247978641984,63.77647413533325,18,2041,4.30886938006e-06,
1795,triangle,865,1147,1146,,291677.7703476459,6813842.403134559,40653.0380859375,217.62773283225,213.86095176041536,167.62773283225002,163.86095176041533,18,2041,4.30886938006e-06,
1796,triangle,523,1543,524,,296785.95527872356,6808185.941397936,5623.4384765625,153.15729019367583,153.23432741078784,103.15729019367586,103.23432741078784,18,2041,4.30886938006e-06,
1797,triangle,1162,1289,684,,296844.15444537887,6815322.470710176,287192.1396484375,164.27326974876308,170.2057690613417,114.2732697487631,120.2057690613417,52,1561,1.114875748392857e-05,
1798,triangle,830,920,898,,292030.6020303587,6813439.35635604,32759.82080078125,220.48891231167542,214.87992497598165,170.48891231167542,164.87992497598162,18,2041,4.30886938006e-06,
1799,triangle,1203,1331,1321,,298525.6726511245,6807956.374461328,56391.78564453125,151.59260530401983,148.92441636629005,101.59260530401983,98.92441636629003,18,2041,4.30886938006e-06,
1800,triangle,931,1329,1291,,296308.0285513058,6813069.4475273,43127.83251953125,186.04600891030378,189.00939856658655,136.0460089103038,139.00939856658655,18,2041,4.30886938006e-06,
1801,triangle,853,1541,1132,,291656.26355449547,6812500.526671626,25322.17529296875,209.98865138176865,210.87034507929494,159.98865138176865,160.8703450792949,18,2041,4.30886938006e-06,
1802,triangle,1255,1533,950,,298250.88707137376,6806120.333274235,88495.33642578125,153.61100996242436,158.87940149073032,103.61100996242433,108.87940149073033,18,2041,4.30886938006e-06,
1803,triangle,933,1145,669,,291330.396412037,6813650.866608796,13395.58935546875,218.21089247569427,217.56483860679194,168.21089247569424,167.56483860679194,18,2041,4.30886938006e-06,
1804,triangle,1258,1548,1149,,298703.4427182199,6812775.338576543,65594.544921875,195.8620528471928,197.39205475555923,145.8620528471928,147.3920547555592,18,2041,4.30886938006e-06,
1805,triangle,1106,1107,862,,304753.06322910654,6808107.102911693,48063.29052734375,107.32564606178286,106.84073836821761,57.32564606178286,56.84073836821762,18,2041,4.30886938006e-06,
1806,triangle,887,1391,977,,302458.96562434087,6809635.087495725,33020.76171875,134.65937668948533,132.3813930829468,84.65937668948534,82.38139308294679,18,2041,4.30886938006e-06,
1807,triangle,987,1545,1396,,293559.80839546374,6808674.152473171,91345.8642578125,227.30785769095974,232.58195138195583,177.30785769095974,182.5819513819558,18,2041,4.30886938006e-06,
1808,triangle,1232,1504,876,,304298.1205332495,6809375.444205376,70344.166015625,131.64593164697862,127.86316743810978,81.64593164697865,77.8631674381098,18,2041,4.30886938006e-06,
1809,triangle,857,1384,1296,,290958.4004268952,6812819.172436047,25896.1298828125,228.32474875111322,227.02162600115958,178.32474875111322,177.0216260011596,18,2041,4.30886938006e-06,
1810,triangle,1179,1551,1550,,288646.9871358098,6813130.655737891,223283.68115234375,271.0824146155842,273.8508116465518,221.08241461558418,223.85081164655176,18,2041,4.30886938006e-06,
1811,triangle,688,1429,1386,,300749.7399657665,6813342.020706124,320391.38134765625,154.99581431937068,154.97394414762007,104.99581431937068,104.97394414762009,2,1381,1e-05,
1812,triangle,1222,1329,931,,296454.1648271229,6813070.5211853525,47548.06640625,193.2926154201447,193.84583107280147,143.2926154201447,143.84583107280147,18,2041,4.30886938006e-06,
1813,triangle,931,1509,1222,,296607.7933531753,6813221.986110554,74800.806640625,199.56340680444762,197.45522086924612,149.5634068044476,147.45522086924618,18,2041,4.30886938006e-06,
1814,triangle,1074,1467,1200,,294009.41845543456,6812673.733044366,64985.22607421875,190.8819145972474,191.08630074738733,140.88191459724743,141.08630074738733,18,2041,4.30886938006e-06,
1815,triangle,1156,1443,1065,,298205.331013947,6808482.816765801,15005.9853515625,137.7911235708451,137.80489495253292,87.79112357084509,87.80489495253293,18,2041,4.30886938006e-06,
1816,triangle,565,1389,1349,,297123.3835622205,6808761.148115605,12665.95166015625,145.0713812977014,145.67372000655016,95.07138129770142,95.67372000655011,18,2041,4.30886938006e-06,
1817,triangle,865,1317,1060,,291466.46350409836,6814046.658895284,37818.1796875,226.36562067180603,221.73614320003253,176.36562067180606,171.73614320003253,18,2041,4.30886938006e-06,
1818,triangle,1094,1381,1183,,293706.25163697125,6809303.196347363,34222.4111328125,217.0170813626327,219.5269615338647,167.01708136263272,169.5269615338647,18,2041,4.30886938006e-06,
1819,triangle,579,1572,955,,294759.2016916152,6809059.113896125,5401.97705078125,183.1476583623676,183.45464417212017,133.14765836236762,133.45464417212017,18,2041,4.30886938006e-06,
1820,triangle,608,1261,609,,293167.483188281,6810874.455509058,4718.103515625,200.12361773850907,200.05898027095873,150.1236177385091,150.0589802709587,18,2041,4.30886938006e-06,
1821,triangle,861,1314,1104,,303589.35407927475,6807257.394991308,31358.9560546875,115.80935391648961,116.92816558006744,65.80935391648961,66.92816558006743,18,2041,4.30886938006e-06,
1822,triangle,864,1352,1111,,300510.8659419722,6810511.478492428,32498.8095703125,139.94922533646786,140.6655535360355,89.94922533646786,90.66555353603549,18,2041,4.30886938006e-06,
1823,triangle,1107,1315,862,,304832.28270457103,6808244.458985397,44802.93310546875,104.06390133002476,104.97600020495754,54.06390133002477,54.976000204957536,18,2041,4.30886938006e-06,
1824,triangle,1108,1316,863,,304617.4604394859,6808934.372900891,33007.2060546875,117.47684358348351,114.60437392590806,67.47684358348351,64.60437392590806,18,2041,4.30886938006e-06,
1825,triangle,1146,1317,865,,291545.6232115975,6813903.72159836,34684.56396484375,220.77870892699798,216.3705338174078,170.77870892699798,166.37053381740773,18,2041,4.30886938006e-06,
1826,triangle,180,1088,179,,300108.60121838,6810714.208147624,3780.13720703125,134.55571483006966,134.83344390387185,84.55571483006966,84.83344390387185,18,2041,4.30886938006e-06,
1827,triangle,33,1566,930,,307719.2663500931,6807879.480720818,5901.294921875,102.55393249606945,101.06820671857076,52.55393249606944,51.068206718570764,33,1321,1e-05,
1828,triangle,854,1513,1133,,292090.7854920526,6812697.016176513,28843.1962890625,214.66972030599683,210.96536641402645,164.6697203059968,160.96536641402645,18,2041,4.30886938006e-06,
1829,triangle,844,1287,1011,,304012.69393147324,6807536.406259122,31508.05859375,113.62495951365617,112.0953066868891,63.624959513656165,62.09530668688911,18,2041,4.30886938006e-06,
1830,triangle,1089,1340,1245,,299402.6909771208,6804458.520760057,586089.4033203125,142.74819274332197,154.99881491151817,92.74819274332198,104.9988149115182,18,2041,6.061807281484286e-06,
1831,triangle,1159,1503,1383,,307699.46288384084,6808673.221146,51477.46728515625,108.87938539524448,110.54916213918251,58.87938539524448,60.54916213918252,18,2041,4.30886938006e-06,
1832,triangle,932,955,532,,294618.3474301267,6808967.615801044,15468.02490234375,188.8695694981842,190.20785335395325,138.86956949818418,140.20785335395323,18,2041,4.30886938006e-06,
1833,triangle,669,956,933,,291375.0,6813578.571428572,14464.28564453125,216.74285888672352,215.39285823277172,166.74285888672352,165.39285823277172,18,2041,4.30886938006e-06,
1834,triangle,871,1121,1036,,294842.90135411004,6808690.06431935,23853.111328125,201.1532271946891,193.16629239151453,151.1532271946891,143.16629239151453,18,2041,4.30886938006e-06,
1835,triangle,965,1002,1001,,300431.8248932608,6807311.555392136,20678.7021484375,121.09941669451274,120.66253678842263,71.09941669451275,70.66253678842263,18,2041,4.30886938006e-06,
1836,triangle,965,1021,1002,,300325.8308446598,6807351.653387138,20801.806640625,120.98726982913635,121.80195244764855,70.98726982913635,71.80195244764853,18,2041,4.30886938006e-06,
1837,triangle,957,1351,212,,295228.63156257075,6810700.420217484,6762.06689453125,177.6151715134609,176.23270002509494,127.6151715134609,126.23270002509499,18,2041,4.30886938006e-06,
1838,triangle,483,1424,1022,,307097.4851208069,6806013.303150897,7355.16650390625,103.48186715049769,104.47505844408595,53.4818671504977,54.47505844408594,18,2041,4.30886938006e-06,
1839,triangle,809,1552,1551,,288861.2098181893,6812274.022582166,200517.1904296875,222.8410499456193,240.84637708443975,172.8410499456193,190.84637708443972,18,2041,4.30886938006e-06,
1840,triangle,1415,1487,692,,309682.24881441664,6806383.411311179,316829.94775390625,107.37601697286057,97.85653657994301,57.37601697286056,47.85653657994302,18,2041,5.121888040051429e-06,
1841,triangle,1062,1459,1372,,305744.64348971634,6803034.01473648,643824.509765625,109.83748200005769,115.02539961673989,59.83748200005769,65.02539961673989,18,2041,4.30886938006e-06,
1842,triangle,904,1357,869,,290888.0218559727,6813662.48818608,24631.47119140625,228.6408446562708,228.83345192973616,178.64084465627076,178.83345192973616,18,2041,4.30886938006e-06,
1843,triangle,1276,1336,995,,289913.9779215384,6814354.164816599,88263.9296875,269.9909651241093,269.95173491706396,219.99096512410932,219.95173491706396,18,2041,4.30886938006e-06,
1844,triangle,1487,1492,939,,309702.8757044938,6805426.715373982,387199.3251953125,104.74153838111002,112.58114563332258,54.741538381110026,62.58114563332257,18,2041,4.30886938006e-06,
1845,triangle,1044,1434,555,,296426.8444272017,6808373.664549059,8165.39794921875,152.68787586348685,153.16043263078006,102.68787586348687,103.16043263078006,18,2041,4.30886938006e-06,
1846,triangle,1191,1301,1209,,293590.0192814515,6815198.065268702,234802.99365234375,142.96072629917023,169.45275333986413,92.96072629917022,119.45275333986412,52,1561,1.189207115e-05,
1847,triangle,122,1394,1318,,303798.3333333333,6809270.387947578,12925.7431640625,110.03506340439208,110.19842068641931,60.035063404392076,60.198420686419325,18,2041,4.30886938006e-06,
1848,triangle,126,1395,1319,,303497.6551406441,6809266.529773948,11424.17626953125,112.05873722025183,112.95041469395449,62.05873722025183,62.95041469395451,18,2041,4.30886938006e-06,
1849,triangle,1319,1394,125,,303621.6666666667,6809263.965094606,11187.935546875,111.89363129908654,112.0817845341479,61.893631299086536,62.08178453414789,18,2041,4.30886938006e-06,
1850,triangle,1203,1560,1331,,298317.38367592264,6808031.195012541,59636.66162109375,153.8639962320924,152.17971292300373,103.86399623209243,102.17971292300375,18,2041,4.30886938006e-06,
1851,triangle,920,1393,653,,292063.4331216227,6813181.329310191,15616.06298828125,202.95358690037813,202.89950898882094,152.9535869003781,152.89950898882094,18,2041,4.30886938006e-06,
1852,triangle,7,1096,6,,307834.57294132776,6806588.120502301,3889.45556640625,95.80935487149141,95.50446634602928,45.809354871491415,45.50446634602927,33,1321,1e-05,
1853,triangle,10,1097,9,,307992.02826141694,6806816.14883785,4728.17919921875,86.50512175017309,86.57375372541088,36.50512175017309,36.573753725410874,33,1321,1e-05,
1854,triangle,15,1098,14,,308289.4872384169,6807111.534898992,4327.32373046875,84.12188098147281,84.16225858248791,34.12188098147281,34.16225858248791,33,1321,1e-05,
1855,triangle,16,968,15,,308362.5,6807187.5,4218.75,83.9000015258789,84.05833435058594,33.900001525878906,34.05833435058594,33,1321,1e-05,
1856,triangle,23,1100,22,,308444.77907267405,6807567.930205852,5037.6455078125,84.4348965368911,84.66476650903174,34.4348965368911,34.66476650903174,33,1321,1e-05,
1857,triangle,26,1000,25,,308212.5,6807712.5,4218.75,87.625,88.74166615804036,37.625,38.74166615804037,33,1321,1e-05,
1858,triangle,37,993,36,,307760.4593748945,6808088.949745558,3989.1796875,101.28420634957006,101.15177560019644,51.28420634957005,51.15177560019644,33,1321,1e-05,
1859,triangle,50,1001,49,,300561.6628724057,6807408.194453865,4703.1240234375,118.05420000948675,118.19089034105978,68.05420000948675,68.19089034105978,18,2041,4.30886938006e-06,
1860,triangle,52,1102,51,,300725.8557779584,6807335.344598989,4461.23291015625,117.18535858839616,117.37440718194136,67.18535858839617,67.37440718194135,18,2041,4.30886938006e-06,
1861,triangle,58,1003,57,,301090.1030820492,6807111.897165708,4286.56884765625,115.83500190375779,115.96771217197886,65.83500190375779,65.96771217197885,18,2041,4.30886938006e-06,
1862,triangle,65,1004,64,,301612.5,6807037.5,4218.75,113.97500038146973,114.2083346048991,63.97500038146973,64.2083346048991,18,2041,4.30886938006e-06,
1863,triangle,68,1005,67,,301821.27296272916,6806968.305245426,3565.65966796875,113.54621184465995,113.63158052864172,63.546211844659936,63.63158052864173,18,2041,4.30886938006e-06,
1864,triangle,72,1006,71,,302145.495182352,6806961.607588347,4319.146484375,112.34571150223144,112.42112425056057,62.34571150223144,62.421124250560545,18,2041,4.30886938006e-06,
1865,triangle,79,1103,78,,302669.2628254218,6807038.202969017,4139.666015625,110.87979817661775,111.11904421361521,60.87979817661774,61.11904421361521,18,2041,4.30886938006e-06,
1866,triangle,81,1007,80,,302820.6971190664,6807120.393298191,3330.75390625,109.72824759944106,109.91576183196646,59.72824759944106,59.91576183196647,18,2041,4.30886938006e-06,
1867,triangle,84,1008,83,,303044.790034027,6807185.803886463,4409.56298828125,109.18229049069761,109.38635592808912,59.18229049069761,59.3863559280891,18,2041,4.30886938006e-06,
1868,triangle,87,1009,86,,303264.7008687664,6807258.552879888,4662.80078125,109.4794383021333,110.74455836568207,59.47943830213329,60.74455836568208,18,2041,4.30886938006e-06,
1869,triangle,91,1104,90,,303561.9610903216,6807481.07213856,4941.88427734375,107.03571918382333,107.4209095592583,57.035719183823346,57.42090955925832,18,2041,4.30886938006e-06,
1870,triangle,93,1010,92,,303712.5,6807562.5,4218.75,106.67499923706055,106.89166641235352,56.67499923706055,56.891666412353516,18,2041,4.30886938006e-06,
1871,triangle,98,1011,97,,304010.98019664316,6807777.48817353,5345.08056640625,105.04938667390053,105.14749361717077,55.04938667390054,55.14749361717076,18,2041,4.30886938006e-06,
1872,triangle,100,1012,99,,304162.5,6807862.5,4218.75,104.94999885559082,104.94166501363118,54.94999885559082,54.94166501363119,18,2041,4.30886938006e-06,
1873,triangle,102,1105,101,,304316.1458333333,6807940.104166667,4628.90625,104.08598164422752,104.22705464672161,54.085981644227516,54.227054646721605,18,2041,4.30886938006e-06,
1874,triangle,106,1107,105,,304544.57180221233,6808237.116941889,5014.32763671875,103.18052834499748,103.182733782006,53.1805283449975,53.182733782006004,18,2041,4.30886938006e-06,
1875,triangle,112,1108,111,,304612.94740472717,6808693.153568826,4854.7763671875,103.85524674579236,104.60567674071017,53.85524674579234,54.60567674071016,18,2041,4.30886938006e-06,
1876,triangle,117,1110,116,,304240.70745080896,6808916.362366274,4653.26611328125,105.91706211844314,106.7132219851449,55.917062118443134,56.713221985144884,18,2041,4.30886938006e-06,
1877,triangle,134,1013,133,,302967.0022724359,6809209.4110570615,3871.244140625,112.11000785996669,112.19084179836102,62.110007859966686,62.19084179836102,18,2041,4.30886938006e-06,
1878,triangle,136,1014,135,,302808.71688278386,6809291.622840724,4682.5693359375,113.09231456660493,113.56484101881988,63.09231456660492,63.56484101881987,18,2041,4.30886938006e-06,
1879,triangle,139,1015,138,,302587.5,6809362.5,4218.75,115.47500038146973,116.38333384195964,65.47500038146973,66.38333384195964,18,2041,4.30886938006e-06,
1880,triangle,156,1016,155,,301317.1647230321,6809440.320861522,4536.0966796875,122.62329863174669,122.94194048287754,72.62329863174669,72.94194048287754,18,2041,4.30886938006e-06,
1881,triangle,161,1017,160,,300938.9750798278,6809514.133867833,4402.56005859375,124.77312117140596,125.2934991043483,74.77312117140598,75.2934991043483,18,2041,4.30886938006e-06,
1882,triangle,163,1018,162,,300774.5254677835,6809591.730104741,4694.63671875,127.79424500427683,128.15532503654256,77.79424500427683,78.15532503654255,18,2041,4.30886938006e-06,
1883,triangle,177,1111,176,,300267.68625991134,6810488.183046304,4802.20458984375,132.96939276912474,133.19585652089418,82.96939276912474,83.19585652089418,18,2041,4.30886938006e-06,
1884,triangle,209,969,208,,294949.20778614824,6810710.301905736,4466.03564453125,177.5111556455137,177.84066218942996,127.5111556455137,127.84066218942996,18,2041,4.30886938006e-06,
1885,triangle,223,1112,222,,297331.944391617,6809362.965550191,4843.755859375,134.47208048619746,134.79074611298222,84.47208048619746,84.7907461129822,18,2041,4.30886938006e-06,
1886,triangle,239,1113,238,,299740.15731292515,6807865.157312925,3919.80224609375,121.61070398516506,121.67641113353682,71.61070398516506,71.67641113353682,18,2041,4.30886938006e-06,
1887,triangle,242,1019,241,,299962.5,6807712.5,4218.75,121.07499885559082,121.50833257039388,71.07499885559082,71.50833257039388,18,2041,4.30886938006e-06,
1888,triangle,244,1020,243,,300112.5,6807637.5,4218.75,120.17499923706055,120.34999974568684,70.17499923706055,70.34999974568684,18,2041,4.30886938006e-06,
1889,triangle,246,1021,245,,300255.66882380476,6807548.292448867,5817.09912109375,119.66955359375513,120.26364035087163,69.66955359375513,70.26364035087163,18,2041,4.30886938006e-06,
1890,triangle,248,1002,247,,300413.47498475155,6807489.150770306,4033.03857421875,118.58565269248793,118.66667661890578,68.58565269248793,68.66667661890578,18,2041,4.30886938006e-06,
1891,triangle,482,1022,481,,307012.5,6805912.5,4218.75,103.42500114440918,103.95000139872234,53.42500114440918,53.95000139872233,18,2041,4.30886938006e-06,
1892,triangle,483,1023,484,,307018.58997602767,6806080.565240945,3533.6279296875,100.99079090465602,100.94961873296108,50.99079090465604,50.94961873296109,18,2041,4.30886938006e-06,
1893,triangle,487,1024,486,,307012.5,6806287.5,4218.75,97.70000076293945,98.25833384195964,47.70000076293945,48.25833384195963,18,2041,4.30886938006e-06,
1894,triangle,489,1114,490,,306481.399720473,6805923.998574826,4905.03125,105.93634751452686,106.20191670581086,55.936347514526844,56.201916705810866,18,2041,4.30886938006e-06,
1895,triangle,490,1115,489,,306565.0445517678,6805916.503981091,4505.01171875,105.3553842539732,105.37584546738647,55.3553842539732,55.375845467386476,18,2041,4.30886938006e-06,
1896,triangle,493,1025,494,,306787.5739446118,6806218.989550561,4948.82421875,100.38433669712566,100.58692010756607,50.38433669712567,50.586920107566065,18,2041,4.30886938006e-06,
1897,triangle,498,1116,497,,305667.0698891328,6806263.9194958145,6871.556640625,107.04195024486745,108.33812578883563,57.04195024486745,58.33812578883563,18,2041,4.30886938006e-06,
1898,triangle,497,1118,498,,305662.45365875476,6806367.519959674,4783.49560546875,106.46632540704688,106.5367300596796,56.46632540704688,56.5367300596796,18,2041,4.30886938006e-06,
1899,triangle,503,1119,502,,306035.8104923884,6806579.7868937,5086.474609375,101.32834637615458,102.2649202698263,51.32834637615459,52.26492026982632,18,2041,4.30886938006e-06,
1900,triangle,505,1027,504,,306189.312293246,6806652.564013865,5336.54833984375,99.47368198669128,100.16486442297715,49.473681986691275,50.16486442297714,18,2041,4.30886938006e-06,
1901,triangle,508,1120,509,,305529.2652794702,6807036.94405046,4156.20556640625,109.50443806051904,110.27469658631715,59.504438060519036,60.27469658631714,18,2041,4.30886938006e-06,
1902,triangle,510,1028,509,,305578.64641412045,6806964.149726332,4033.15576171875,108.52355711080125,108.16686902178616,58.52355711080125,58.16686902178614,18,2041,4.30886938006e-06,
1903,triangle,511,1029,512,,305737.5,6806962.5,4218.75,104.44999885559082,104.94166692097981,54.44999885559082,54.94166692097982,18,2041,4.30886938006e-06,
1904,triangle,513,1030,512,,305813.44093302405,6806889.992061815,3938.3935546875,102.9432868041155,103.16812410916441,52.94328680411549,53.16812410916441,18,2041,4.30886938006e-06,
1905,triangle,515,1026,514,,305955.18756998127,6806810.549003113,4438.2373046875,101.43556452256081,101.54494628292032,51.43556452256081,51.54494628292033,18,2041,4.30886938006e-06,
1906,triangle,514,1031,515,,305955.57843790104,6806890.83227609,4593.630859375,102.05645987379329,102.43165807664832,52.05645987379329,52.43165807664831,18,2041,4.30886938006e-06,
1907,triangle,516,1032,517,,306113.36365469376,6806807.5933313025,3666.75,100.0424158061146,100.18336248167321,50.042415806114604,50.183362481673214,18,2041,4.30886938006e-06,
1908,triangle,528,1033,527,,297114.8531410807,6808468.655852556,4483.47802734375,146.05067918075127,145.53919349636226,96.05067918075127,95.53919349636226,18,2041,4.30886938006e-06,
1909,triangle,527,1034,528,,297039.28571428574,6808470.238095239,4017.85693359375,144.14406312925837,144.19750291473886,94.14406312925837,94.19750291473888,18,2041,4.30886938006e-06,
1910,triangle,534,1121,533,,294787.2454879715,6808910.3510899255,4460.50244140625,179.6007523943511,180.51709189488267,129.6007523943511,130.51709189488267,18,2041,4.30886938006e-06,
1911,triangle,580,1035,534,,294861.0287700836,6808993.47322674,4053.236328125,182.0899176575564,181.04958103862546,132.0899176575564,131.04958103862546,18,2041,4.30886938006e-06,
1912,triangle,535,1035,536,,294936.0287700836,6808918.47322674,4890.73828125,180.41199415516314,179.04958103862546,130.41199415516311,129.04958103862546,18,2041,4.30886938006e-06,
1913,triangle,536,1036,535,,294936.52226659126,6808831.030461346,4946.57275390625,177.21506878756068,181.3695042986185,127.21506878756067,131.3695042986185,18,2041,4.30886938006e-06,
1914,triangle,537,1037,538,,295089.1160512367,6808835.509043042,3994.767578125,171.63566783474735,172.12490388226465,121.63566783474735,122.12490388226462,18,2041,4.30886938006e-06,
1915,triangle,542,1038,541,,295385.02531996765,6808765.544258933,3876.2705078125,166.92512720410176,167.26881208218103,116.92512720410174,117.26881208218101,18,2041,4.30886938006e-06,
1916,triangle,543,1039,544,,295539.74977005576,6808770.000903308,5062.6015625,166.9176491684228,168.019820562919,116.9176491684228,118.019820562919,18,2041,4.30886938006e-06,
1917,triangle,544,1040,543,,295534.7184653718,6808680.179010563,5042.361328125,165.66415155201344,166.20046865398714,115.66415155201344,116.20046865398713,18,2041,4.30886938006e-06,
1918,triangle,545,1041,546,,295697.0575541651,6808693.72892053,4919.50390625,167.17689059374197,167.89389888369024,117.17689059374196,117.89389888369026,18,2041,4.30886938006e-06,
1919,triangle,546,1122,545,,295689.0850394799,6808607.76968281,4750.91064453125,164.55697353937614,164.42916999118913,114.55697353937612,114.42916999118914,18,2041,4.30886938006e-06,
1920,triangle,548,1123,549,,295912.5,6808537.5,4218.75,158.89999771118164,159.84166463216147,108.89999771118164,109.84166463216145,18,2041,4.30886938006e-06,
1921,triangle,552,1042,551,,296136.33789741277,6808458.255936012,4696.20703125,155.39498237074167,155.8986352583589,105.39498237074169,105.89863525835888,18,2041,4.30886938006e-06,
1922,triangle,557,1044,556,,296515.30078423064,6808465.525927409,3878.3330078125,149.93550670186005,150.16490028101668,99.93550670186006,100.16490028101668,18,2041,4.30886938006e-06,
1923,triangle,558,1045,559,,296662.5,6808537.5,4218.75,148.42499923706055,149.1333325703939,98.42499923706055,99.13333257039388,18,2041,4.30886938006e-06,
1924,triangle,561,1046,562,,296867.7348115559,6808618.456305108,4888.83447265625,145.49870207496002,146.44838716794933,95.49870207496,96.44838716794932,18,2041,4.30886938006e-06,
1925,triangle,575,1047,574,,294487.5,6809212.5,4218.75,189.375,189.84166463216147,139.375,139.84166463216147,18,2041,4.30886938006e-06,
1926,triangle,576,1048,577,,294643.4427179963,6809206.836930566,3581.65478515625,186.6418527249399,187.6166382078397,136.6418527249399,137.6166382078397,18,2041,4.30886938006e-06,
1927,triangle,583,1049,582,,292687.5,6809962.5,4218.75,218.67499923706055,219.70833460489908,168.67499923706055,169.70833460489908,18,2041,4.30886938006e-06,
1928,triangle,582,1124,583,,292613.9981529883,6809971.082264301,4050.2080078125,219.37135664098082,220.5772037996096,169.37135664098088,170.5772037996096,18,2041,4.30886938006e-06,
1929,triangle,584,1050,585,,292695.94997321855,6810110.935316764,3268.1279296875,215.87016164133735,215.89320687821294,165.87016164133735,165.8932068782129,18,2041,4.30886938006e-06,
1930,triangle,586,1126,585,,292762.5,6810187.5,4218.75,213.95000076293945,215.20000076293945,163.95000076293945,165.20000076293945,18,2041,4.30886938006e-06,
1931,triangle,588,1127,589,,292915.1079002994,6810417.242794338,4752.31396484375,208.22247485208374,208.01697154657407,158.22247485208374,158.01697154657407,18,2041,4.30886938006e-06,
1932,triangle,601,1051,600,,292537.5,6811087.5,4218.75,212.0250015258789,212.15000025431314,162.0250015258789,162.15000025431314,18,2041,4.30886938006e-06,
1933,triangle,604,1128,603,,292758.4742866179,6811010.926230602,4395.79931640625,207.6175706753153,207.7504116982268,157.6175706753153,157.75041169822677,18,2041,4.30886938006e-06,
1934,triangle,606,1129,607,,292986.08613930177,6810933.225480393,3737.86669921875,202.88889508481006,203.20578025406851,152.88889508481003,153.20578025406851,18,2041,4.30886938006e-06,
1935,triangle,614,1130,613,,291037.5,6812587.5,4218.75,220.0500030517578,221.20000330607095,170.0500030517578,171.20000330607095,18,2041,4.30886938006e-06,
1936,triangle,618,1131,619,,291412.5,6812662.5,4218.75,209.20000076293945,209.29166793823242,159.20000076293945,159.29166793823242,18,2041,4.30886938006e-06,
1937,triangle,621,1052,622,,291630.1946334089,6812815.776826285,4587.39306640625,204.97234571883337,203.7259175374185,154.97234571883337,153.7259175374185,18,2041,4.30886938006e-06,
1938,triangle,622,1132,621,,291635.5903540114,6812728.437598559,5238.2705078125,204.862872687339,205.024828754714,154.862872687339,155.024828754714,18,2041,4.30886938006e-06,
1939,triangle,624,1053,623,,291787.5,6812812.5,4218.75,203.07500076293945,202.16666539510092,153.07500076293945,152.16666539510092,18,2041,4.30886938006e-06,
1940,triangle,628,1133,627,,292087.12378832855,6812956.096944897,4939.09375,197.8935252739472,198.8368756836974,147.8935252739472,148.8368756836974,18,2041,4.30886938006e-06,
1941,triangle,632,1136,633,,290589.2715419501,6813485.84234289,4032.263671875,224.78258037013163,225.1758462199273,174.78258037013163,175.1758462199273,18,2041,4.30886938006e-06,
1942,triangle,639,1137,638,,291037.3675861091,6813408.441090566,4675.376953125,216.3000030517578,216.4115651837849,166.3000030517578,166.4115651837849,18,2041,4.30886938006e-06,
1943,triangle,641,1054,642,,291260.71428571426,6813336.224489796,4075.2548828125,216.9784941974499,217.08999298659378,166.97849419744986,167.0899929865938,18,2041,4.30886938006e-06,
1944,triangle,644,1055,643,,291424.7453703704,6813332.395187162,4793.04150390625,212.12591495992052,211.92304717443406,162.12591495992052,161.92304717443406,18,2041,4.30886938006e-06,
1945,triangle,656,1138,655,,290441.81485890364,6814301.8875749735,5412.64794921875,243.58759690323728,243.31789544452852,193.58759690323728,193.31789544452852,18,2041,4.30886938006e-06,
1946,triangle,658,1139,659,,290660.222303207,6814243.1867041,4858.50439453125,237.10540011250984,236.96280578161767,187.1054001125098,186.96280578161767,18,2041,4.30886938006e-06,
1947,triangle,659,1141,658,,290666.09122316726,6814151.202598491,5489.70751953125,236.04347397839467,234.78444950439737,186.04347397839467,184.78444950439737,18,2041,4.30886938006e-06,
1948,triangle,662,1058,661,,290887.5,6814012.5,4218.75,228.75,229.04166793823242,178.75,179.04166793823242,18,2041,4.30886938006e-06,
1949,triangle,661,1142,662,,290887.5,6814087.5,4218.75,229.07500076293945,229.86666870117188,179.07500076293945,179.86666870117188,18,2041,4.30886938006e-06,
1950,triangle,663,1059,664,,291045.53571428574,6814011.607142857,4118.3037109375,225.55624994292356,225.7862657235719,175.55624994292356,175.7862657235719,18,2041,4.30886938006e-06,
1951,triangle,664,1143,663,,291037.5,6813937.5,4218.75,224.64999771118164,224.14166386922201,174.64999771118164,174.14166386922201,18,2041,4.30886938006e-06,
1952,triangle,666,1144,667,,291252.62203754374,6813869.776067637,5037.3076171875,220.9966606982778,219.97609787412625,170.9966606982778,169.97609787412628,18,2041,4.30886938006e-06,
1953,triangle,667,1145,666,,291267.896412037,6813788.366608796,4121.2568359375,219.62408848133205,218.81483479209467,169.62408848133202,168.81483479209467,18,2041,4.30886938006e-06,
1954,triangle,671,1056,670,,291560.9375,6813559.821428572,4520.0888671875,210.0170408771143,209.59114735467324,160.0170408771143,159.59114735467327,18,2041,4.30886938006e-06,
1955,triangle,670,1146,671,,291562.1345060197,6813644.044283678,4954.98193359375,211.43180448204993,211.69530015590558,161.43180448204998,161.69530015590556,18,2041,4.30886938006e-06,
1956,triangle,673,1056,672,,291635.9375,6813484.821428572,4394.53125,206.79791858084062,206.95781605584511,156.7979185808406,156.95781605584514,18,2041,4.30886938006e-06,
1957,triangle,673,1057,674,,291712.5,6813412.5,4218.75,204.75,204.81666946411133,154.75,154.81666946411133,18,2041,4.30886938006e-06,
1958,triangle,1299,1460,980,,303323.62705036084,6812592.943832688,599913.5517578125,153.28258121586413,148.56112476988505,103.28258121586411,98.56112476988505,2,1381,8.424809423002857e-06,
1959,triangle,1189,1536,1361,,295167.9216068236,6806262.960191504,343834.53076171875,194.64410199320886,203.93056134294093,144.64410199320884,153.93056134294096,18,2041,4.30886938006e-06,
1960,triangle,996,1088,753,,300268.80974703975,6810790.827762275,18311.42431640625,140.394828596242,140.11036613275152,90.39482859624201,90.11036613275151,18,2041,4.30886938006e-06,
1961,triangle,961,1500,1204,,304675.5087691098,6810692.383785094,193908.9091796875,106.67132023533573,114.70567907380185,56.67132023533573,64.70567907380183,18,2041,4.918633375053572e-06,
1962,triangle,8,1096,7,,307859.57294132776,6806638.120502301,5225.8994140625,94.77317836922049,93.8377996793626,44.77317836922049,43.837799679362604,33,1321,1e-05,
1963,triangle,11,1097,10,,308017.02826141694,6806866.14883785,5723.93505859375,85.75338316205476,86.07375372541088,35.75338316205476,36.073753725410874,33,1321,1e-05,
1964,triangle,14,1098,13,,308239.4872384169,6807086.534898992,5957.13818359375,82.88813125804116,84.22892423190197,32.88813125804114,34.22892423190197,33,1321,1e-05,
1965,triangle,22,1100,21,,308469.77907267405,6807517.930205852,7054.7939453125,83.39449678212354,84.26476498315283,33.39449678212354,34.26476498315284,33,1321,1e-05,
1966,triangle,53,1102,52,,300775.8557779584,6807310.344598989,4364.95751953125,117.02635422693305,117.24107333998172,67.02635422693305,67.24107333998172,18,2041,4.30886938006e-06,
1967,triangle,78,1103,77,,302619.2628254218,6807013.202969017,6306.73388671875,110.9097585682365,111.2190426877363,60.9097585682365,61.219042687736305,18,2041,4.30886938006e-06,
1968,triangle,90,1104,89,,303511.9610903216,6807456.07213856,6287.5068359375,107.24973749948845,107.55424340121795,57.24973749948844,57.55424340121795,18,2041,4.30886938006e-06,
1969,triangle,103,1105,102,,304341.1458333333,6807990.104166667,5742.1875,103.86813883133857,104.22705464672161,53.86813883133856,54.227054646721605,18,2041,4.30886938006e-06,
1970,triangle,107,1107,106,,304569.57180221233,6808287.116941889,6463.671875,103.06790158275963,103.04940248317787,53.06790158275963,53.04940248317788,18,2041,4.30886938006e-06,
1971,triangle,113,1108,112,,304562.94740472717,6808718.153568826,6311.359375,103.4376825897339,104.97234289875053,53.437682589733875,54.972342898750526,18,2041,4.30886938006e-06,
1972,triangle,118,1110,117,,304190.70745080896,6808941.362366274,6420.35400390625,105.94769153636572,106.87988865181156,55.94769153636572,56.87988865181155,18,2041,4.30886938006e-06,
1973,triangle,176,1111,175,,300292.68625991134,6810438.183046304,6285.296875,132.78219139197913,132.92919392323793,82.78219139197913,82.92919392323793,18,2041,4.30886938006e-06,
1974,triangle,179,1088,178,,300133.60121838,6810664.208147624,5378.5537109375,133.74930123792913,134.1667772372052,83.74930123792915,84.16677723720518,18,2041,4.30886938006e-06,
1975,triangle,222,1112,221,,297306.944391617,6809412.965550191,6197.6318359375,134.41034899272663,134.8907420439718,84.4103489927266,84.8907420439718,18,2041,4.30886938006e-06,
1976,triangle,240,1113,239,,299790.15731292515,6807840.157312925,5027.1044921875,121.50084749295047,121.47640909903161,71.50084749295048,71.47640909903161,18,2041,4.30886938006e-06,
1977,triangle,488,1114,489,,306456.399720473,6805873.998574826,7604.87109375,106.47991730136413,106.8352505477705,56.47991730136412,56.8352505477705,18,2041,4.30886938006e-06,
1978,triangle,491,1115,490,,306590.0445517678,6805966.503981091,5460.81396484375,104.15777814337811,104.64251315130575,54.15777814337811,54.64251315130574,18,2041,4.30886938006e-06,
1979,triangle,497,1116,496,,305617.0698891328,6806238.9194958145,8791.91943359375,107.66944555758423,108.63812629746194,57.66944555758424,58.63812629746193,18,2041,4.30886938006e-06,
1980,triangle,498,1118,499,,305712.45365875476,6806392.519959674,6194.958984375,105.57273128136148,105.87006339301293,55.572731281361484,55.870063393012934,18,2041,4.30886938006e-06,
1981,triangle,502,1119,501,,305985.8104923884,6806554.7868937,6302.65478515625,101.78045500690729,102.96491976120001,51.78045500690729,52.964919761200015,18,2041,4.30886938006e-06,
1982,triangle,507,1120,508,,305479.2652794702,6807061.94405046,7448.5498046875,110.35450050318454,111.07469709494346,60.354500503184525,61.074697094943446,18,2041,4.30886938006e-06,
1983,triangle,526,1034,527,,297014.28571428574,6808420.238095239,6294.64306640625,144.91964643250333,145.03083624807218,94.91964643250334,95.0308362480722,18,2041,4.30886938006e-06,
1984,triangle,533,1121,532,,294737.2454879715,6808885.3510899255,5838.11962890625,182.04040116204737,182.31708986037745,132.04040116204737,132.31708986037745,18,2041,4.30886938006e-06,
1985,triangle,547,1122,546,,295739.0850394799,6808582.76968281,5978.84375,163.43055826679472,163.32916897393653,113.43055826679469,113.32916897393653,18,2041,4.30886938006e-06,
1986,triangle,547,1123,548,,295862.5,6808562.5,5625.0,159.72777896457245,160.7749989827474,109.72777896457248,110.77499898274739,18,2041,4.30886938006e-06,
1987,triangle,581,1124,582,,292588.9981529883,6809921.082264301,6421.96240234375,220.560452874633,222.41053713294295,170.560452874633,172.41053713294295,18,2041,4.30886938006e-06,
1988,triangle,587,1126,586,,292787.5,6810237.5,5625.0,212.16943995157877,213.99999872843424,162.16943995157877,163.99999872843424,18,2041,4.30886938006e-06,
1989,triangle,589,1127,590,,292965.1079002994,6810442.242794338,5865.17529296875,205.83632227446975,207.05030691441263,155.83632227446975,157.05030691441263,18,2041,4.30886938006e-06,
1990,triangle,605,1128,604,,292808.4742866179,6810985.926230602,6254.94189453125,206.44886485628388,206.61708039939867,156.4488648562839,156.61708039939865,18,2041,4.30886938006e-06,
1991,triangle,605,1129,606,,292936.08613930177,6810958.225480393,4985.05712890625,203.77645684061702,204.23911562190708,153.77645684061702,154.23911562190708,18,2041,4.30886938006e-06,
1992,triangle,613,1130,612,,290987.5,6812562.5,5625.0,221.86111365424262,222.40000025431314,171.86111365424262,172.40000025431314,18,2041,4.30886938006e-06,
1993,triangle,619,1131,620,,291462.5,6812687.5,5625.0,206.56944910685218,206.39166895548502,156.5694491068522,156.39166895548502,18,2041,4.30886938006e-06,
1994,triangle,621,1132,620,,291585.5903540114,6812703.437598559,6429.68505859375,204.54641238975228,203.95816310529995,154.54641238975228,153.95816310529995,18,2041,4.30886938006e-06,
1995,triangle,627,1133,626,,292037.12378832855,6812931.096944897,6303.02001953125,198.6999074067396,199.67020901703074,148.6999074067396,149.67020901703074,18,2041,4.30886938006e-06,
1996,triangle,631,1136,632,,290539.2715419501,6813510.84234289,5637.81201171875,226.57363078365222,226.30918260501846,176.57363078365222,176.30918260501846,18,2041,4.30886938006e-06,
1997,triangle,640,1137,639,,291087.3675861091,6813383.441090566,6096.52392578125,216.33712159911107,216.4115651837849,166.33712159911104,166.4115651837849,18,2041,4.30886938006e-06,
1998,triangle,640,1054,641,,291210.71428571426,6813361.224489796,5280.6123046875,217.29125669607322,217.08999298659378,167.2912566960732,167.0899929865938,18,2041,4.30886938006e-06,
1999,triangle,657,1138,656,,290491.81485890364,6814276.8875749735,6333.4765625,243.8001792303277,243.05123284687227,193.8001792303277,193.05123284687227,18,2041,4.30886938006e-06,
2000,triangle,657,1139,658,,290610.222303207,6814268.1867041,6008.513671875,238.16393207650336,239.96280578161767,188.1639320765034,189.96280578161767,18,2041,4.30886938006e-06,
2001,triangle,660,1141,659,,290716.09122316726,6814126.202598491,6491.9453125,233.79096858613576,232.88445052165,183.79096858613576,182.88445052165,18,2041,4.30886938006e-06,
2002,triangle,660,1142,661,,290837.5,6814112.5,5625.0,228.82777743869357,230.73333740234375,178.82777743869354,180.73333740234375,18,2041,4.30886938006e-06,
2003,triangle,665,1143,664,,291087.5,6813912.5,5625.0,222.78055233425562,223.37500127156576,172.78055233425565,173.37500127156576,18,2041,4.30886938006e-06,
2004,triangle,665,1144,666,,291202.62203754374,6813894.776067637,5332.28662109375,221.6408550067764,221.37610194313666,171.6408550067764,171.37610194313666,18,2041,4.30886938006e-06,
2005,triangle,668,1145,667,,291317.896412037,6813763.366608796,4920.41015625,219.38373159092038,218.4148358093473,169.38373159092038,168.4148358093473,18,2041,4.30886938006e-06,
2006,triangle,669,1146,670,,291512.1345060197,6813669.044283678,6320.11376953125,212.5733543001002,212.76196580531965,162.5733543001002,162.76196580531962,18,2041,4.30886938006e-06,
2007,triangle,989,1424,1024,,307166.68589190557,6806247.176295154,17904.76513671875,105.51756422129124,105.66269242081279,55.51756422129124,55.66269242081279,18,2041,4.30886938006e-06,
2008,triangle,148,1392,1327,,301850.69429128227,6809490.97115945,11560.99365234375,121.47369310896227,122.74644167361993,71.47369310896227,72.74644167361993,18,2041,4.30886938006e-06,
2009,triangle,1326,1391,143,,302274.72694826615,6809505.166216751,12202.3798828125,122.43589325519183,124.20539390818384,72.43589325519183,74.20539390818384,18,2041,4.30886938006e-06,
2010,triangle,144,1508,1326,,302150.05369564146,6809487.069750396,11002.87109375,121.31457975801709,122.26992949793572,71.31457975801709,72.26992949793572,18,2041,4.30886938006e-06,
2011,triangle,1327,1508,147,,301975.99096548,6809488.160430242,11295.40673828125,121.8835381494347,122.50448260749049,71.88353814943471,72.50448260749049,18,2041,4.30886938006e-06,
2012,triangle,1476,1511,870,,294158.46484978014,6809877.319645043,50330.06494140625,216.0896631161953,215.032507137635,166.0896631161953,165.032507137635,18,2041,4.30886938006e-06,
2013,triangle,863,1556,1109,,304886.05977099383,6808968.326012582,38797.96875,117.88630783282937,115.61462843691271,67.88630783282937,65.61462843691271,18,2041,4.30886938006e-06,
2014,triangle,922,1526,556,,296441.55920957326,6808556.713129486,8040.6259765625,153.7121008268408,154.07160092913986,103.71210082684078,104.07160092913983,18,2041,4.30886938006e-06,
2015,triangle,998,1314,861,,303530.96441752464,6807106.679995605,47396.21875,125.06367913055828,123.99841183982439,75.06367913055828,73.99841183982436,18,2041,4.30886938006e-06,
2016,triangle,1366,1559,964,,293531.82741643256,6812009.07681122,46354.58056640625,182.02087288889447,184.52838777789552,132.02087288889444,134.5283877778955,18,2041,4.30886938006e-06,
2017,triangle,857,1296,837,,290820.00518070813,6812880.515942571,40071.27978515625,236.7924006072876,235.33405785483237,186.79240060728756,185.33405785483237,18,2041,4.30886938006e-06,
2018,triangle,1312,1356,1184,,291320.94607824896,6812424.226315414,16619.04345703125,228.66004597770387,226.77295863482206,178.66004597770387,176.77295863482206,18,2041,4.30886938006e-06,
2019,triangle,1291,1514,931,,296162.67517303774,6813214.580542653,68880.34716796875,192.00282824695415,190.40896355609118,142.00282824695415,140.40896355609118,18,2041,4.30886938006e-06,
2020,triangle,1024,1090,989,,307131.16443289473,6806380.179960009,19448.00537109375,103.49531372106466,102.71985273259138,53.49531372106465,52.71985273259136,18,2041,4.30886938006e-06,
2021,triangle,235,1278,234,,299457.1569205199,6807961.968937402,7144.2255859375,122.91040503318419,123.33451808435113,72.91040503318419,73.33451808435113,18,2041,4.30886938006e-06,
2022,triangle,199,1559,1165,,293689.85982029577,6811769.119646492,16977.33642578125,183.00037547997417,183.43075651487968,133.00037547997417,133.43075651487965,18,2041,4.6835526164864286e-06,
2023,triangle,746,1530,1422,,305605.79145260213,6809141.120891673,24948.77392578125,117.24234197380588,118.95828995376776,67.24234197380588,68.95828995376777,18,2041,4.30886938006e-06,
2024,triangle,1066,1350,883,,301396.8624561921,6806832.7387136435,33464.17822265625,119.48720099980437,121.1663301541145,69.48720099980437,71.1663301541145,18,2041,4.30886938006e-06,
2025,triangle,1151,1340,1339,,299758.4488038393,6805365.1919231685,259884.85400390625,149.95628070735404,147.45798462205815,99.95628070735403,97.45798462205816,18,2041,7.81474518290857e-06,
2026,triangle,935,1280,592,,293142.72989717213,6810687.181294148,11961.60888671875,202.13919937977218,202.6033140736021,152.1391993797722,152.60331407360212,18,2041,4.30886938006e-06,
2027,triangle,843,1312,1184,,291257.53067183384,6812260.593712402,57276.71337890625,238.9869318347854,233.0808865983139,188.98693183478537,183.08088659831392,18,2041,4.30886938006e-06,
2028,triangle,75,1482,1481,,302404.6728041957,6806941.064242195,5162.61181640625,112.09427026636862,112.56949665633392,62.09427026636861,62.56949665633392,18,2041,4.30886938006e-06,
2029,triangle,1350,1382,61,,301340.3252735469,6807009.561460967,8115.6767578125,115.1804292624106,115.60379556229498,65.18042926241058,65.60379556229496,18,2041,4.30886938006e-06,
2030,triangle,1491,1502,921,,292815.95888912963,6811603.50499023,48618.84423828125,206.48334567087647,207.2078649065235,156.48334567087647,157.20786490652353,18,2041,4.30886938006e-06,
2031,triangle,1227,1401,963,,302741.6556933469,6803592.199809727,1034962.3046875,133.25643010698874,128.57533595125108,83.25643010698876,78.57533595125108,18,2041,8.691214133620715e-06,
2032,triangle,1148,1531,859,,305327.7244831375,6806812.638662294,30454.845703125,115.32593555045374,113.2716995647966,65.32593555045374,63.27169956479661,18,2041,4.30886938006e-06,
2033,triangle,1343,1484,909,,297648.61381426133,6808776.379935094,34384.6669921875,135.92057934411056,138.98152279253677,85.92057934411055,88.98152279253675,18,2041,4.30886938006e-06,
2034,triangle,969,1181,207,,294868.75193406845,6810607.003767985,12162.93310546875,181.42427953602635,181.8896237432165,131.42427953602635,131.8896237432165,18,2041,4.30886938006e-06,
2035,triangle,695,1533,1255,,298415.8192248969,6805930.416959445,43889.53125,153.4749229933731,156.1780429614278,103.47492299337308,106.1780429614278,18,2041,4.30886938006e-06,
2036,triangle,214,1205,957,,295363.42777425825,6810754.893160683,6075.7861328125,169.55308987384885,171.22429647285904,119.55308987384882,121.22429647285905,18,2041,4.30886938006e-06,
2037,triangle,1196,1494,1155,,300754.03913075227,6810211.83105236,31135.78369140625,142.31274155663385,144.64909299236228,92.31274155663385,94.64909299236228,18,2041,4.30886938006e-06,
2038,triangle,837,1230,857,,290809.5671568116,6813028.982025114,40084.8935546875,237.08887775481537,234.9562581965237,187.08887775481537,184.95625819652375,18,2041,4.30886938006e-06,
2039,triangle,980,1460,1210,,302787.5777448087,6812988.347314986,649560.6181640625,147.15981937265872,149.00752702485772,97.15981937265869,99.00752702485771,59,1641,7.374682371671429e-06,
2040,triangle,1363,1376,573,,294401.0297042995,6809318.295050456,8676.32568359375,196.4781335518981,197.37801910249036,146.47813355189808,147.37801910249036,18,2041,4.30886938006e-06,
2041,triangle,927,1289,1162,,297070.63125492446,6815926.051168296,632897.4252929688,148.15714802146056,158.33716436254716,98.15714802146054,108.33716436254717,3,1481,9.593490670004288e-06,
2042,triangle,1069,1435,1368,,299407.1736007644,6812476.3398517845,83926.74072265625,173.76158983814568,174.74688844670735,123.76158983814568,124.74688844670736,18,2041,4.30886938006e-06,
2043,triangle,916,1118,859,,305635.95869740733,6806614.548183811,30603.87744140625,109.10124199548011,107.59293792713747,59.101241995480116,57.59293792713746,18,2041,4.30886938006e-06,
2044,triangle,900,1278,973,,299501.85863050463,6807824.547782357,11025.91259765625,124.17935675814167,125.86843460803168,74.17935675814167,75.86843460803168,18,2041,4.30886938006e-06,
2045,triangle,1115,1505,489,,306591.2526656901,6805847.790562025,9823.60107421875,108.25308090300196,107.72451390752401,58.253080903001944,57.72451390752402,18,2041,4.30886938006e-06,
2046,triangle,1046,1389,563,,296955.2348115559,6808719.304521337,14141.41455078125,147.8015336588877,148.27442990162191,97.80153365888769,98.2744299016219,18,2041,4.30886938006e-06,
2047,triangle,1049,1126,907,,292860.04015965684,6810057.06426431,22281.32373046875,229.15607109406142,226.2955615909826,179.15607109406142,176.2955615909826,18,2041,4.30886938006e-06,
2048,triangle,891,1031,1029,,305831.66035825276,6807073.265737125,20138.0224609375,108.44611003453564,109.00753134660836,58.446110034535636,59.007531346608346,18,2041,4.30886938006e-06,
2049,triangle,1007,1008,885,,302935.3669865578,6806998.950271995,27563.66748046875,114.79276294076952,116.56766554188819,64.79276294076953,66.56766554188819,18,2041,4.30886938006e-06,
2050,triangle,1014,1015,887,,302683.71688278386,6809466.622840724,18372.47900390625,119.6099437428958,120.91483949294097,69.60994374289581,70.91483949294097,18,2041,4.30886938006e-06,
2051,triangle,896,1507,1048,,294747.78883667465,6809312.249998521,19580.443359375,203.63927227634505,200.9797805434592,153.63927227634508,150.9797805434592,18,2041,4.30886938006e-06,
2052,triangle,684,1529,1446,,296790.78392937407,6814781.518981501,93904.50537109375,186.27739362345366,188.79952136006332,136.2773936234537,138.79952136006332,2,1381,1.0135147939285717e-05,
2053,triangle,650,943,919,,291757.1957671958,6813101.28172214,13140.60595703125,203.08502329397342,201.91423256669893,153.08502329397342,151.91423256669893,18,2041,4.30886938006e-06,
2054,triangle,691,1096,994,,308001.5835306224,6806529.9640184045,20833.4140625,100.73033925494471,96.492981949517,50.73033925494471,46.492981949517,33,1321,1e-05,
2055,triangle,913,1351,957,,295312.4698073065,6810618.729577768,19237.17578125,176.7509531675991,174.51574018149208,126.7509531675991,124.51574018149206,18,2041,4.30886938006e-06,
2056,triangle,609,1280,935,,293142.72989717213,6810762.181294148,7808.32275390625,203.77453006824902,202.46997768851097,153.77453006824902,152.46997768851097,18,2041,4.30886938006e-06,
2057,triangle,1193,1343,909,,297521.0545902606,6808881.5682252245,30380.9765625,146.04205372108828,142.26716639728127,96.04205372108828,92.26716639728129,18,2041,4.30886938006e-06,
2058,triangle,616,1356,1312,,291252.19140762097,6812526.993849155,12815.11572265625,222.06291707214916,222.5225191671849,172.0629170721492,172.5225191671849,18,2041,4.30886938006e-06,
2059,triangle,1313,1357,635,,290796.27546991827,6813527.116724103,8092.7998046875,222.54334390140087,222.912079090612,172.5433439014009,172.912079090612,18,2041,4.30886938006e-06,
2060,triangle,1228,1311,836,,292358.450876235,6810845.530139524,31577.08056640625,231.79581117446384,229.75944647882656,181.79581117446378,179.75944647882656,18,2041,4.30886938006e-06,
2061,triangle,981,1433,1224,,305792.9907541309,6807762.537574452,61776.3759765625,119.66773326711798,120.53921510540573,69.66773326711797,70.53921510540573,18,2041,4.30886938006e-06,
2062,triangle,1207,1362,870,,294074.69500330446,6809526.012032658,24788.1103515625,213.10656552222775,210.9280582278461,163.10656552222775,160.92805822784607,18,2041,4.30886938006e-06,
2063,triangle,59,1382,1003,,301183.94554857205,6807037.563692603,4932.23828125,115.80631388051495,115.886573432673,65.80631388051496,65.88657343267299,18,2041,4.30886938006e-06,
2064,triangle,503,1214,504,,306094.6145949969,6806674.674833853,3381.77685546875,99.41381613905759,99.38771420897979,49.41381613905759,49.387714208979794,18,2041,4.30886938006e-06,
2065,triangle,528,1571,529,,297106.7261904762,6808555.257936507,2647.32177734375,142.25610252203492,141.779833342103,92.2561025220349,91.779833342103,18,2041,4.30886938006e-06,
2066,triangle,645,1215,646,,291578.90625,6813353.720238094,3670.4794921875,205.27301368824908,205.28558659458767,155.27301368824908,155.28558659458767,18,2041,4.30886938006e-06,
2067,triangle,1092,1242,846,,306543.8274769199,6806477.866788074,38283.724609375,113.28233512441795,108.9167588927866,63.28233512441796,58.91675889278662,18,2041,4.30886938006e-06,
2068,triangle,1217,1523,892,,306286.4161179347,6806991.683222167,17683.4453125,104.69608857839728,103.63300514676148,54.69608857839727,53.63300514676146,18,2041,4.30886938006e-06,
2069,triangle,575,1376,1048,,294558.5307553137,6809287.945321906,6386.40185546875,195.24705925066704,194.87686828893496,145.24705925066704,144.87686828893496,18,2041,4.30886938006e-06,
2070,triangle,1061,1385,1347,,297961.2058242612,6812800.3446311215,51431.2646484375,186.39219827096485,188.504532757651,136.39219827096485,138.504532757651,18,2041,4.30886938006e-06,
2071,triangle,954,1539,559,,296733.6261827269,6808431.212879882,9773.9072265625,149.09377737714502,149.33775347841222,99.09377737714502,99.33775347841224,18,2041,4.30886938006e-06,
2072,triangle,930,1566,35,,307719.2663500931,6807929.480720818,5699.66259765625,102.91538441848768,102.03487389386373,52.915384418487676,52.03487389386373,33,1321,1e-05,
2073,triangle,1069,1547,1435,,299608.5540084466,6812592.183898658,86186.1650390625,158.95253149674232,165.4189947407475,108.95253149674232,115.41899474074751,18,2041,4.30886938006e-06,
2074,triangle,1386,1429,988,,300762.4105962545,6813906.740314063,389049.0009765625,129.2934946406126,142.39035809756373,79.29349464061258,92.39035809756372,52,1561,1.1621775271428572e-05,
2075,triangle,793,1301,1095,,294452.62445088866,6814845.6594132455,234463.59619140625,206.98914194442528,191.1677723139161,156.98914194442526,141.1677723139161,52,1561,1.189207115e-05,
2076,triangle,635,1528,1527,,290784.62138206046,6813389.908212424,5924.26611328125,222.09532557082264,221.8307031948623,172.09532557082264,171.83070319486228,18,2041,4.30886938006e-06,
2077,triangle,1176,1552,1274,,288628.40574345546,6811367.083093394,430340.02197265625,189.4221112101001,207.11309107702291,139.4221112101001,157.11309107702291,18,2041,4.918633375053572e-06,
2078,triangle,1072,1507,896,,294857.49401687155,6809349.8383441055,23965.28125,205.3276367400794,204.35214913282837,155.3276367400794,154.3521491328284,18,2041,4.30886938006e-06,
2079,triangle,856,1330,1226,,294753.6423639879,6810000.696270511,51154.990234375,202.98380774745056,201.77341570592228,152.98380774745056,151.77341570592228,18,2041,4.30886938006e-06,
2080,triangle,977,1087,903,,302173.68321342004,6809870.83788829,53594.84619140625,146.39485491212025,143.95697380222379,96.39485491212024,93.95697380222379,18,2041,4.30886938006e-06,
2081,triangle,973,1091,900,,299578.2492660726,6807729.152536676,29635.08154296875,125.94653261962699,130.35007876712305,75.94653261962699,80.35007876712307,18,2041,4.30886938006e-06,
2082,triangle,1452,1490,1217,,306559.74726362893,6806882.586126327,29385.9697265625,96.92354054146311,98.40154116337091,46.923540541463105,48.401541163370915,18,2041,4.30886938006e-06,
2083,triangle,1358,1401,1227,,302386.55604748795,6804263.768449202,547571.3071289062,123.36053349538051,130.28641139328042,73.36053349538051,80.2864113932804,18,2041,1.3950027837893571e-05,
2084,triangle,921,1502,1201,,292661.3226264659,6811476.045099296,43999.2177734375,216.81417184678963,215.37149101275483,166.8141718467897,165.3714910127548,18,2041,4.30886938006e-06,
2085,triangle,27,1520,1000,,308124.1449323518,6807794.364364999,6128.333984375,94.42340881288723,93.72632254665187,44.42340881288723,43.726322546651865,33,1321,1e-05,
2086,triangle,1009,1314,998,,303365.7903511397,6807113.382167608,23129.31640625,124.0020770197329,120.82963479475696,74.0020770197329,70.82963479475696,18,2041,4.30886938006e-06,
2087,triangle,1422,1530,1086,,305641.5401872203,6809326.183475945,36910.1826171875,127.29943964547203,126.72005018351562,77.29943964547203,76.72005018351562,18,2041,4.30886938006e-06,
2088,triangle,955,1047,576,,294586.8347430127,6809124.261580105,7821.5625,192.4786350108597,189.53343218244902,142.4786350108597,139.53343218244902,18,2041,4.30886938006e-06,
2089,triangle,643,1054,956,,291348.21428571426,6813427.295918368,7892.2197265625,216.47551315797443,216.06618073800158,166.47551315797443,166.06618073800158,18,2041,4.30886938006e-06,
2090,triangle,950,1533,951,,297987.98015369556,6805958.05775585,197533.00146484375,156.37569937847866,161.84976318408812,106.37569937847863,111.8497631840881,18,2041,4.30886938006e-06,
2091,triangle,920,1057,898,,291896.29860994196,6813386.902185393,18108.36376953125,212.41479827325497,210.1473434353023,162.41479827325497,160.1473434353023,18,2041,4.30886938006e-06,
2092,triangle,1287,1567,1011,,303920.8115659655,6807629.974353287,8997.30224609375,106.62119548753552,107.4109012511165,56.62119548753553,57.41090125111649,18,2041,4.30886938006e-06,
2093,triangle,859,1028,916,,305602.151452773,6806761.177950469,24655.96044921875,105.93411628586766,107.95641174845626,55.93411628586767,57.956411748456254,18,2041,4.30886938006e-06,
2094,triangle,1219,1536,997,,293959.56755770504,6806320.102001076,598433.916015625,230.59228511514704,221.02340627767762,180.59228511514704,171.02340627767762,18,2041,4.30886938006e-06,
2095,triangle,1036,1197,871,,294947.34988666023,6808605.986123203,30889.6513671875,200.706180157768,194.4255490697603,150.706180157768,144.42554906976028,18,2041,4.30886938006e-06,
2096,triangle,992,1502,202,,292822.5606257182,6811282.808984797,22902.5791015625,214.22831959779774,212.83901582023327,164.22831959779774,162.8390158202333,18,2041,4.30886938006e-06,
2097,triangle,1160,1308,1078,,297073.5042674519,6807964.098177032,35589.01220703125,174.48601566244218,176.26435389391216,124.48601566244218,126.26435389391214,18,2041,4.30886938006e-06,
2098,triangle,651,1281,943,,291873.74763794406,6813017.892154131,6286.748046875,201.19617910555246,201.2700340018672,151.19617910555246,151.2700340018672,18,2041,4.30886938006e-06,
2099,triangle,609,1261,610,,293217.483188281,6810849.455509058,2751.24462890625,199.1826585672788,199.325647954878,149.1826585672788,149.32564795487795,18,2041,4.30886938006e-06,
2100,triangle,835,1195,889,,301036.77786165493,6809800.713232756,35430.515625,143.39930849691683,143.28139227907823,93.3993084969168,93.28139227907822,18,2041,4.30886938006e-06,
2101,triangle,1003,1309,56,,301002.6030820492,6807061.897165708,11166.4775390625,117.16063911605846,117.25104372512014,67.16063911605846,67.25104372512013,18,2041,4.30886938006e-06,
2102,triangle,1047,1310,573,,294397.0685058431,6809168.721854989,9991.62646484375,193.90932295667713,195.96796436289273,143.9093229566771,145.96796436289273,18,2041,4.30886938006e-06,
2103,triangle,1051,1311,599,,292447.6358394621,6811042.218591359,10149.564453125,215.25604086375694,216.2410631091492,165.2560408637569,166.2410631091492,18,2041,4.30886938006e-06,
2104,triangle,615,1312,1130,,291123.9984201269,6812531.432079051,11401.8203125,222.47193706048338,224.3264254334689,172.47193706048338,174.3264254334689,18,2041,4.30886938006e-06,
2105,triangle,1136,1313,634,,290676.4314058957,6813523.830255912,8068.8935546875,225.01589884648536,225.78878138388941,175.01589884648533,175.78878138388941,18,2041,4.30886938006e-06,
2106,triangle,873,1055,919,,291510.2083333333,6813131.735255885,27721.7724609375,205.92544825690882,207.63870064641893,155.92544825690882,157.63870064641893,18,2041,4.30886938006e-06,
2107,triangle,937,1440,1186,,293376.82332371955,6810499.420065075,27906.623046875,209.71945222493264,208.08659438419363,159.71945222493264,158.08659438419366,18,2041,4.30886938006e-06,
2108,triangle,36,993,930,,307795.87245496904,6808017.534322212,9629.39404296875,105.65611650682317,105.73179338807834,55.65611650682317,55.73179338807833,33,1321,1e-05,
2109,triangle,948,1488,1446,,296403.4701993081,6814615.3090678705,66767.25927734375,210.900877166628,209.08108913514437,160.90087716662802,159.08108913514437,2,1381,1e-05,
2110,triangle,1042,1499,550,,296037.6269179845,6808422.291922041,10334.921875,157.88223459513108,158.47677714120906,107.88223459513112,108.47677714120904,18,2041,4.30886938006e-06,
2111,triangle,978,1424,989,,307275.03544432286,6806192.428757411,31027.421875,112.87818131016688,111.41075139426384,62.87818131016688,61.41075139426383,18,2041,4.30886938006e-06,
2112,triangle,1239,1377,1375,,298874.91165411845,6814014.215930454,185801.201171875,181.13288319873192,181.4470751522268,131.13288319873192,131.44707515222674,2,1381,1.0202721908928573e-05,
2113,triangle,1155,1352,864,,300678.44642672996,6810474.244077545,42736.47119140625,146.33230903930647,146.6279708057941,96.33230903930647,96.62797080579408,18,2041,4.30886938006e-06,
2114,triangle,1079,1344,1160,,296823.02658213855,6807714.103180893,44395.955078125,193.87907644794097,187.6642185330796,143.87907644794097,137.6642185330796,18,2041,4.30886938006e-06,
2115,triangle,879,1301,1191,,293962.72497036966,6815520.002935991,504013.68310546875,181.10768303160387,170.78629148867583,131.10768303160387,120.78629148867583,98,2021,7.558812995748572e-06,
2116,triangle,977,1326,1087,,302210.5886378631,6809688.450996847,26082.64794921875,136.46479098267235,136.30764517583006,86.46479098267235,86.30764517583002,18,2041,4.30886938006e-06,
2117,triangle,557,1526,1045,,296573.6730394163,6808571.98326829,8152.35107421875,150.55435192541776,151.51028856904276,100.55435192541775,101.51028856904276,18,2041,4.30886938006e-06,
2118,triangle,1013,1521,132,,303057.9085219907,6809242.293864004,7345.83935546875,112.40763062865953,113.17235730310522,62.40763062865954,63.17235730310521,18,2041,4.30886938006e-06,
2119,triangle,1016,1522,154,,301408.37719553587,6809474.85440402,8044.28662109375,123.62817294204075,124.41906195958423,73.62817294204075,74.41906195958423,18,2041,4.30886938006e-06,
2120,triangle,1032,1523,518,,306200.86365469376,6806854.02190273,9487.75390625,100.1913308385856,100.3119375796171,50.1913308385856,50.31193757961709,18,2041,4.30886938006e-06,
2121,triangle,1037,1524,539,,295177.0166688861,6808871.318651016,7843.85400390625,170.5424824864491,172.02946020678561,120.5424824864491,122.0294602067856,18,2041,4.30886938006e-06,
2122,triangle,1038,1525,540,,295297.00808334484,6808729.636848375,7677.841796875,170.33603867668734,171.28689834396792,120.33603867668734,121.28689834396795,18,2041,4.30886938006e-06,
2123,triangle,494,1023,949,,306867.309784249,6806100.087168504,10994.255859375,101.70501223919058,101.84977582123638,51.705012239190594,51.84977582123637,18,2041,4.30886938006e-06,
2124,triangle,1137,1528,637,,290938.6605967235,6813381.055162475,9038.6220703125,217.1270074951451,217.52263644554523,167.1270074951451,167.52263644554523,18,2041,4.30886938006e-06,
2125,triangle,1087,1327,946,,301917.1495267329,6809696.085755779,28587.92919921875,136.89456667163722,134.57648926620786,86.89456667163721,84.57648926620787,18,2041,4.30886938006e-06,
2126,triangle,956,1056,644,,291473.4375,6813450.892857143,8600.7255859375,211.40089264369948,211.4006684394144,161.40089264369948,161.40066843941437,18,2041,4.30886938006e-06,
2127,triangle,623,1052,943,,291718.5941043084,6812914.374541552,10749.77783203125,202.85876533391303,202.81041656775233,152.85876533391303,152.81041656775233,18,2041,4.30886938006e-06,
2128,triangle,957,1205,913,,295397.266018994,6810648.2025209665,12835.97705078125,174.07316766262124,171.9740012614176,124.07316766262122,121.97400126141763,18,2041,4.30886938006e-06,
2129,triangle,1118,1303,859,,305532.56297626666,6806529.551320198,29044.396484375,111.096511696992,109.38627346948512,61.09651169699199,59.38627346948511,18,2041,4.30886938006e-06,
2130,triangle,558,1539,1044,,296603.0936336242,6808425.905473958,8171.19091796875,150.26269155028456,150.83783948149744,100.26269155028456,100.83783948149744,18,2041,4.30886938006e-06,
2131,triangle,867,1310,932,,294380.15731564147,6808980.534734897,25288.05908203125,208.37288450370477,205.0056075404365,158.37288450370477,155.0056075404365,18,2041,4.30886938006e-06,
2132,triangle,561,1034,954,,296885.1190476191,6808491.071428572,10133.9287109375,145.68645160988524,145.66232024442814,95.68645160988524,95.66232024442816,18,2041,4.30886938006e-06,
2133,triangle,1060,1317,1144,,291322.1997000159,6814011.826112038,19846.13916015625,228.4933819312505,226.54659010543187,178.49338193125055,176.54659010543193,18,2041,4.30886938006e-06,
2134,triangle,963,1401,1374,,303590.9151198747,6803539.521757796,978283.6494140625,123.21505238920582,121.17020102827728,73.21505238920582,71.17020102827725,18,2041,4.30886938006e-06,
2135,triangle,593,1280,594,,293263.1537371465,6810721.835161768,3789.16015625,198.4483785237293,198.70646960909096,148.44837852372933,148.70646960909096,18,2041,4.30886938006e-06,
2136,triangle,626,1281,627,,291985.3481670446,6812969.294438864,3818.95556640625,198.6458499016669,198.5522036727053,148.6458499016669,148.55220367270528,18,2041,4.30886938006e-06,
2137,triangle,1292,1550,1081,,287843.44619814603,6813309.696906275,412974.09228515625,272.5754579475401,245.0053721189555,222.57545794754014,195.0053721189555,18,2041,4.30886938006e-06,
2138,triangle,1152,1319,945,,303550.8333333333,6809470.8470625095,25162.287109375,123.0417892553689,122.45228151636093,73.04178925536887,72.45228151636093,18,2041,4.30886938006e-06,
2139,triangle,857,1288,1286,,291148.8204446213,6812978.3909689225,40036.2021484375,220.72464058003317,220.26637706697102,170.72464058003314,170.26637706697105,18,2041,4.30886938006e-06,
2140,triangle,563,1190,562,,296983.6309523809,6808601.28968254,3638.39306640625,143.20496580528027,142.9963661589344,93.20496580528027,92.99636615893439,18,2041,4.30886938006e-06,
2141,triangle,846,1490,1452,,306636.1071309303,6806735.788979837,28666.0263671875,104.23382655873881,100.87573006216644,54.23382655873882,50.87573006216643,18,2041,4.30886938006e-06,
2142,triangle,1481,1482,1163,,302450.9093972449,6806860.061784171,12723.47705078125,115.4415457108228,115.32628474564103,65.4415457108228,65.32628474564102,18,2041,4.30886938006e-06,
2143,triangle,846,1452,1417,,306763.2666685367,6806719.336149111,28964.68603515625,103.94929311771826,103.67961083273603,53.94929311771825,53.679610832736046,18,2041,4.30886938006e-06,
2144,triangle,904,1145,933,,291200.27488425927,6813643.566261575,16211.9140625,222.8786909526412,221.75956512934025,172.8786909526412,171.75956512934025,18,2041,4.30886938006e-06,
2145,triangle,236,1278,235,,299516.9279752835,6807964.576634828,2531.0517578125,122.31315350961293,122.51132850189532,72.31315350961293,72.51132850189532,18,2041,4.30886938006e-06,
2146,triangle,1001,1002,49,,300500.1378571573,6807397.345224169,7440.66650390625,118.6104489564118,118.59090181917782,68.6104489564118,68.5909018191778,18,2041,4.30886938006e-06,
2147,triangle,51,1102,1001,,300662.51865036413,6807318.539052854,8796.576171875,117.70003719904567,117.96529904888003,67.70003719904567,67.96529904888003,18,2041,4.30886938006e-06,
2148,triangle,1007,1103,79,,302739.9599444882,6807033.596267208,7685.76513671875,110.97547695493586,111.23480553695538,60.97547695493584,61.234805536955385,18,2041,4.30886938006e-06,
2149,triangle,1010,1104,91,,303624.4610903216,6807468.57213856,8146.26513671875,107.18886993693518,107.64590930494516,57.18886993693517,57.64590930494517,18,2041,4.30886938006e-06,
2150,triangle,1011,1567,96,,303931.11545763747,6807703.317232412,4406.35205078125,105.86646384078598,106.07725097764887,55.86646384078599,56.077250977648866,18,2041,4.30886938006e-06,
2151,triangle,98,1012,1011,,304073.48019664316,6807764.98817353,8806.234375,105.3306297619761,105.48916015668085,55.330629761976084,55.489160156680846,18,2041,4.30886938006e-06,
2152,triangle,135,1014,1013,,302875.7191552197,6809301.033897785,8556.728515625,113.32945728067031,113.52234795796865,63.32945728067031,63.522347957968655,18,2041,4.30886938006e-06,
2153,triangle,162,1018,1017,,300838.50054761133,6809605.863972574,8939.1953125,129.53845331055618,129.2821574742242,79.53845331055616,79.28215747422419,18,2041,4.30886938006e-06,
2154,triangle,238,1113,973,,299677.65731292515,6807852.657312925,6732.30224609375,121.97557682338291,122.04307665579431,71.97557682338291,72.04307665579431,18,2041,4.30886938006e-06,
2155,triangle,243,1020,1019,,300050.0,6807625.0,7031.25,121.05555555555556,121.625,71.05555555555556,71.625,18,2041,4.30886938006e-06,
2156,triangle,245,1021,1020,,300193.16882380476,6807535.792448867,9044.5205078125,120.74313788914579,121.08030727185144,70.74313788914577,71.08030727185144,18,2041,4.30886938006e-06,
2157,triangle,1002,1021,247,,300344.1438085563,6807462.443219173,8771.05078125,119.66478543421631,120.06365081173705,69.66478543421631,70.06365081173705,18,2041,4.30886938006e-06,
2158,triangle,1027,1119,503,,306100.12278563436,6806557.350907565,9431.0390625,102.20648087853687,103.29645085084383,52.206480878536865,53.296450850843826,18,2041,4.30886938006e-06,
2159,triangle,1026,1030,514,,305893.62850300537,6806800.541064928,6723.93798828125,102.61261031401142,102.51307090071104,52.612610314011434,52.513070900711035,18,2041,4.30886938006e-06,
2160,triangle,1031,1032,515,,306018.94209259475,6806898.425607391,7712.77392578125,102.73655357351544,102.58169027674599,52.73655357351543,52.581690276746,18,2041,4.30886938006e-06,
2161,triangle,1036,1121,535,,294873.7677545627,6808816.381551272,8229.767578125,181.6722279957025,184.31992545782404,131.67222799570249,134.31992545782407,18,2041,4.30886938006e-06,
2162,triangle,1035,1037,536,,295000.1448213203,6808928.982269782,8312.9638671875,179.67159669563918,178.54114853579895,129.6715966956392,128.54114853579895,18,2041,4.30886938006e-06,
2163,triangle,543,1040,1038,,295469.74378533947,6808670.723269495,8476.2001953125,168.78297152962443,168.53595147184524,118.78297152962443,118.53595147184525,18,2041,4.30886938006e-06,
2164,triangle,1039,1041,544,,295611.80732422083,6808788.729823838,10393.23681640625,172.10824876957068,171.81371842935664,122.1082487695707,121.81371842935664,18,2041,4.30886938006e-06,
2165,triangle,545,1122,1040,,295623.8035048517,6808587.948693372,8911.2666015625,166.6219739676098,166.56297299576224,116.62197396760978,116.56297299576222,18,2041,4.30886938006e-06,
2166,triangle,583,1124,1050,,292609.9481262069,6810032.017581065,5893.22119140625,219.34961542515424,219.937075309984,169.34961542515424,169.93707530998398,18,2041,4.30886938006e-06,
2167,triangle,1053,1132,622,,291698.0903540114,6812715.937598559,8667.9482421875,204.5716218569286,205.22482951765346,154.5716218569286,155.22482951765346,18,2041,4.30886938006e-06,
2168,triangle,662,1142,1059,,290958.03571428574,6814099.107142857,8337.0537109375,231.58649645263807,231.65293442474376,181.5864964526381,181.65293442474376,18,2041,4.30886938006e-06,
2169,triangle,663,1143,1058,,290975.0,6813925.0,7031.25,229.70000033908417,227.98332977294922,179.70000033908417,177.98332977294922,18,2041,4.30886938006e-06,
2170,triangle,564,1190,563,,297033.6309523809,6808626.28968254,2667.41064453125,142.27281915277248,142.26303384285367,92.27281915277247,92.26303384285366,18,2041,4.30886938006e-06,
2171,triangle,936,1162,682,,296242.96792581136,6815571.859666906,137507.71337890625,151.9613843523051,155.1342985316181,101.96138435230509,105.13429853161809,3,1481,1e-05,
2172,triangle,915,1478,1434,,296468.2146360178,6808194.931925644,21594.63525390625,160.87212961277135,161.54833347026445,110.87212961277133,111.54833347026444,18,2041,4.30886938006e-06,
2173,triangle,869,1313,1136,,290685.45918367343,6813629.489978135,14613.34326171875,232.78081622705403,231.86169518050812,182.78081622705406,181.86169518050812,18,2041,4.30886938006e-06,
2174,triangle,1355,1467,1074,,294199.22561237967,6812739.5688259145,46004.958984375,190.53406116211022,190.50379146665523,140.53406116211022,140.50379146665523,18,2041,4.30886938006e-06,
2175,triangle,919,1052,873,,291565.65759637184,6813015.116895008,26734.70458984375,205.909130685344,205.40823564156483,155.909130685344,155.40823564156483,18,2041,4.30886938006e-06,
2176,triangle,935,1127,902,,292925.4075231769,6810632.794701879,21605.91845703125,214.07529425203523,212.68399605806098,164.07529425203523,162.68399605806096,18,2041,4.30886938006e-06,
2177,triangle,884,1481,1163,,302373.3907741684,6806784.882366129,22817.20556640625,118.5202439345045,117.52572975256585,68.52024393450449,67.52572975256585,18,2041,4.30886938006e-06,
2178,triangle,918,1310,867,,294245.0353596304,6809031.420618978,29906.39501953125,214.4896808817476,209.4608244363842,164.4896808817476,159.46082443638417,18,2041,4.30886938006e-06,
2179,triangle,949,1023,482,,306917.309784249,6806025.087168504,12259.1708984375,103.5671903684923,102.91644401378194,53.567190368492305,52.91644401378195,18,2041,4.30886938006e-06,
2180,triangle,1340,1538,693,,298973.4864780847,6805326.911771263,273291.42578125,160.97207181949653,157.88768733575114,110.97207181949655,107.88768733575114,55,161,2.7973531049287855e-05,
2181,triangle,1090,1506,1417,,306936.45287343644,6806566.688492713,20954.01171875,102.87008962596178,102.10709602170759,52.87008962596178,52.107096021707584,18,2041,4.30886938006e-06,
2182,triangle,954,1034,526,,296935.1190476191,6808416.071428572,10022.3212890625,146.48647464915885,146.16232024442814,96.48647464915886,96.16232024442816,18,2041,4.30886938006e-06,
2183,triangle,1455,1456,815,,306825.004280508,6811215.59528913,612095.037109375,109.13933508145982,109.6665986133152,59.13933508145982,59.66659861331519,2,1381,9.796745335002144e-06,
2184,triangle,1272,1273,947,,291256.0975045004,6816381.005678967,637452.4267578125,174.28862247430988,201.77102674248076,124.28862247430986,151.77102674248076,52,1561,1.053792797679643e-05,
2185,triangle,867,1475,918,,294129.9927048184,6808934.634749941,45275.6513671875,219.4914567535622,215.99805497210022,169.49145675356218,165.99805497210016,18,2041,4.30886938006e-06,
2186,triangle,885,1103,1007,,302809.8397779526,6806951.349354549,21473.18505859375,115.34388704915483,116.76702100270727,65.34388704915483,66.76702100270727,18,2041,4.30886938006e-06,
2187,triangle,1013,1014,886,,302944.7350622707,6809382.982725789,22941.22314453125,116.06986653670066,114.65614393232177,66.06986653670066,64.6561439323218,18,2041,4.30886938006e-06,
2188,triangle,1017,1018,889,,300861.3261064063,6809692.301047402,18964.11376953125,135.97768043364232,135.60576842330468,85.97768043364232,85.6057684233047,18,2041,4.30886938006e-06,
2189,triangle,892,1032,1031,,306069.4092375499,6806964.318078984,16970.1103515625,106.20556114523586,104.65753455832879,56.205561145235855,54.65753455832877,18,2041,4.30886938006e-06,
2190,triangle,893,1037,1035,,295050.4284098933,6809012.643772904,19132.1728515625,183.40788501619875,183.59167326242664,133.40788501619875,133.59167326242664,18,2041,4.30886938006e-06,
2191,triangle,1038,1040,894,,295414.9210251132,6808588.461653446,18643.765625,177.19011003905052,175.43946469287678,127.19011003905052,125.43946469287681,18,2041,4.30886938006e-06,
2192,triangle,1050,1124,897,,292548.147965518,6810110.129481646,16421.1201171875,223.54610195990327,223.11509170226248,173.54610195990327,173.11509170226245,18,2041,4.30886938006e-06,
2193,triangle,1001,1102,906,,300656.84622366756,6807207.756791915,23788.14599609375,119.28439934514485,120.07859985486641,69.28439934514485,70.07859985486641,18,2041,4.30886938006e-06,
2194,triangle,1016,1195,888,,301288.7700871165,6809627.914478671,25437.7138671875,132.75889442854836,130.98866772435994,82.75889442854836,80.98866772435993,18,2041,4.30886938006e-06,
2195,triangle,884,1194,1006,,302125.45476269204,6806768.381251895,21107.126953125,115.3106023697192,116.82404364769975,65.31060236971922,66.82404364769974,18,2041,4.30886938006e-06,
2196,triangle,670,1056,956,,291498.4375,6813525.892857143,8450.05615234375,211.77222115653007,211.33400279000034,161.77222115653007,161.33400279000034,18,2041,4.30886938006e-06,
2197,triangle,916,1030,1026,,305835.1290628557,6806747.433089833,11003.72998046875,104.71842593014317,104.37301613588625,54.71842593014316,54.373016135886246,18,2041,4.30886938006e-06,
2198,triangle,1327,1392,946,,301815.2835346545,6809620.274782512,21388.9248046875,127.26012074565571,128.01323865324005,77.2601207456557,78.01323865324005,18,2041,4.30886938006e-06,
2199,triangle,943,1052,919,,291687.39040060464,6813017.058548424,20753.99853515625,204.6089982471835,202.64015010411742,154.60899824718354,152.64015010411745,18,2041,4.30886938006e-06,
2200,triangle,873,1288,1055,,291369.862045508,6813124.786662575,26174.873046875,216.3000030517578,212.74230146063974,166.3000030517578,162.74230146063974,18,2041,4.30886938006e-06,
2201,triangle,955,1572,533,,294734.2016916152,6809009.113896125,4213.8115234375,183.94884443748387,183.42131389054464,133.94884443748387,133.42131389054464,18,2041,4.30886938006e-06,
2202,triangle,1319,1395,945,,303460.1551406441,6809398.672631091,21369.7978515625,120.32275627159734,119.62184464593513,70.32275627159733,69.62184464593513,18,2041,4.30886938006e-06,
2203,triangle,889,1196,835,,300919.9230800639,6809940.015286293,31962.5166015625,150.50575563174678,147.43552906064818,100.50575563174678,97.43552906064816,18,2041,4.30886938006e-06,
2204,triangle,1095,1301,879,,294536.8913266248,6815304.014060567,348352.4404296875,175.08530315840775,183.0184815336214,125.08530315840774,133.01848153362138,52,1561,9.183784803592859e-06,
2205,triangle,1342,1486,984,,292213.62690667616,6811394.939851227,41873.7060546875,233.01323522731514,229.07070316296506,183.01323522731514,179.07070316296506,18,2041,4.30886938006e-06,
2206,triangle,848,1412,1193,,297283.394844889,6809082.087419123,29309.095703125,151.18539516176438,147.21433249159114,101.18539516176439,97.21433249159115,18,2041,4.30886938006e-06,
2207,triangle,1000,1520,882,,308183.434606182,6807854.143308352,12718.4267578125,105.6535970805048,99.9875766342257,55.653597080504795,49.98757663422569,33,1321,1e-05,
2208,triangle,1018,1519,889,,300785.17526475975,6809787.514511277,17050.701171875,142.08254659840873,139.12874086754024,92.08254659840875,89.12874086754026,18,2041,4.30886938006e-06,
2209,triangle,1048,1376,896,,294621.03075531375,6809350.445321905,15445.9501953125,206.86473376163266,202.86020441971297,156.86473376163266,152.86020441971297,18,2041,4.30886938006e-06,
2210,triangle,1356,1541,1184,,291437.06619355833,6812435.431054361,16581.6396484375,220.71092374226356,220.55760257838037,170.71092374226356,170.55760257838037,18,2041,4.30886938006e-06,
2211,triangle,837,1231,1230,,290664.55341018544,6813123.025988586,42124.828125,241.15469319248734,237.75739365361588,191.15469319248734,187.75739365361585,18,2041,4.30886938006e-06,
2212,triangle,1006,1481,884,,302247.64936347125,6806827.492412501,15765.091796875,114.35504723871763,115.35673003735447,64.35504723871762,65.35673003735445,18,2041,4.30886938006e-06,
2213,triangle,1073,1487,1415,,310189.6144133562,6806175.134791561,371911.93701171875,105.09671161132866,101.39176799505384,55.096711611328644,51.39176799505384,18,2041,4.30886938006e-06,
2214,triangle,1193,1349,848,,297227.8013733229,6808960.951180026,30782.6103515625,151.25908664079265,150.16856732625016,101.25908664079265,100.16856732625017,18,2041,4.30886938006e-06,
2215,triangle,1043,1561,1499,,295887.8715127625,6808332.391451925,12837.12744140625,166.24359037562147,166.17080300483215,116.24359037562148,116.17080300483217,18,2041,4.30886938006e-06,
2216,triangle,1127,1249,902,,292821.17926021497,6810535.063899371,20702.1796875,220.73355153851784,217.39853705473192,170.73355153851784,167.3985370547319,18,2041,4.30886938006e-06,
2217,triangle,1022,1424,890,,307162.31576374645,6805953.102751567,17204.02099609375,108.78604035513209,109.45750281151511,58.786040355132094,59.45750281151512,18,2041,4.30886938006e-06,
2218,triangle,969,1351,875,,295077.12913483713,6810556.8044681065,23823.95458984375,183.93086279724076,181.79060801588685,133.93086279724076,131.79060801588687,18,2041,4.30886938006e-06,
2219,triangle,883,1350,1004,,301532.8935461279,6806887.031652053,21128.49951171875,117.41433226001112,118.63671937753107,67.41433226001112,68.63671937753107,18,2041,4.30886938006e-06,
2220,triangle,76,1482,75,,302445.98489954084,6807005.843630695,4515.892578125,111.23089449143356,111.52509131475783,61.23089449143355,61.52509131475784,18,2041,4.30886938006e-06,
2221,triangle,1550,1551,1081,,288237.5547581503,6812896.448898566,303420.04443359375,272.00722106507453,256.5347885749732,222.00722106507453,206.5347885749732,18,2041,4.30886938006e-06,
2222,triangle,1160,1534,1308,,296934.008333331,6807980.104417405,30009.0859375,169.9932741591997,172.01133364328214,119.99327415919967,122.01133364328213,18,2041,4.30886938006e-06,
2223,triangle,1242,1490,846,,306525.25331499503,6806633.308796761,28470.0,100.88175389556865,103.4562435158552,50.88175389556866,53.45624351585521,18,2041,4.30886938006e-06,
2224,triangle,20,1099,19,,308502.0833333333,6807343.75,3515.625,82.13773149914233,82.53472216924034,32.137731499142326,32.534722169240325,33,1321,1e-05,
2225,triangle,1446,1529,983,,296992.3118388734,6814605.8155313665,104167.43505859375,200.26372797316907,195.67670486380268,150.26372797316907,145.67670486380268,2,1381,1e-05,
2226,triangle,1078,1308,1307,,297149.48359268886,6808113.08473524,30468.072265625,168.92039552590464,168.17834711974476,118.92039552590465,118.17834711974474,18,2041,4.30886938006e-06,
2227,triangle,19,1099,18,,308464.5833333333,6807331.25,1875.0,82.40277802502658,82.76805575688682,32.40277802502657,32.76805575688681,33,1321,1e-05,
2228,triangle,1155,1494,1352,,300679.6265324307,6810322.551254875,25576.638671875,141.25074171084302,141.77493095770828,91.250741710843,91.7749309577083,18,2041,4.30886938006e-06,
2229,triangle,946,1392,1267,,301712.0763673159,6809619.908771901,22617.93798828125,128.62413927334956,128.64291540778527,78.62413927334956,78.64291540778527,18,2041,4.30886938006e-06,
2230,triangle,1073,1492,1487,,310197.858042877,6805623.746444777,432836.8388671875,119.49665884954413,115.16820487786208,69.49665884954413,65.16820487786207,18,2041,4.30886938006e-06,
2231,triangle,881,1520,930,,307971.3697849843,6807932.635976634,21203.0517578125,110.39623092860552,107.89926845933824,60.396230928605505,57.89926845933824,33,1321,1e-05,
2232,triangle,1344,1534,1160,,296834.803580859,6807884.34909359,26645.26220703125,175.45917830749576,176.5353713565734,125.45917830749576,126.53537135657336,18,2041,4.30886938006e-06,
2233,triangle,945,1395,1266,,303358.7411251526,6809398.031012191,22982.92822265625,120.64796064664884,120.37837589229947,70.64796064664884,70.37837589229947,18,2041,4.30886938006e-06,
2234,triangle,915,1434,1044,,296483.9499168164,6808308.100056797,16017.8388671875,154.93639599857542,155.30299007506053,104.9363959985754,105.30299007506055,18,2041,4.30886938006e-06,
2235,triangle,954,1543,1539,,296744.5814614505,6808342.154277819,14001.97119140625,152.58655368943596,151.53875060762456,102.58655368943597,101.53875060762455,18,2041,4.30886938006e-06,
2236,triangle,1349,1389,848,,297112.0704284102,6808909.018484547,20010.45361328125,154.89897705393227,150.954992872532,104.89897705393227,100.95499287253199,18,2041,4.30886938006e-06,
2237,triangle,973,1278,236,,299542.35936443205,6807914.14524568,4712.4375,122.19034525317119,122.49126990086548,72.19034525317119,72.49126990086548,18,2041,4.30886938006e-06,
2238,triangle,17,1099,968,,308439.5833333333,6807256.25,4218.75,83.94490794782216,84.19305499394737,33.94490794782216,34.19305499394736,33,1321,1e-05,
2239,triangle,875,1181,969,,294956.16228918586,6810514.558103035,25760.63671875,187.50369626943194,183.3593457499917,137.50369626943194,133.35934574999166,18,2041,4.30886938006e-06,
2240,triangle,34,1566,33,,307633.85327001865,6807875.896144164,3909.30859375,92.88586572765612,94.02152429852741,42.88586572765612,44.0215242985274,33,1321,1e-05,
2241,triangle,35,1566,34,,307633.85327001865,6807925.896144164,3707.6767578125,93.75346063739434,94.98819147382038,43.75346063739434,44.98819147382037,33,1321,1e-05,
2242,triangle,77,1482,76,,302495.98489954084,6807005.843630695,5419.29052734375,111.03522705709106,111.29175645554558,61.03522705709107,61.291756455545595,18,2041,4.30886938006e-06,
2243,triangle,1417,1506,846,,306811.79805192124,6806590.446709618,23832.0498046875,108.59464512961756,106.72765638235353,58.59464512961756,56.72765638235353,18,2041,4.30886938006e-06,
2244,triangle,979,1363,1207,,294314.091668875,6809461.543330632,18745.7998046875,210.50515077670016,208.64678798334975,160.50515077670013,158.64678798334975,18,2041,4.30886938006e-06,
2245,triangle,1266,1521,886,,303144.3414744477,6809370.768591534,16773.763671875,119.48823241427444,116.69591722512206,69.48823241427444,66.69591722512206,18,2041,4.30886938006e-06,
2246,triangle,1267,1522,888,,301496.3225844944,6809601.413935964,17056.818359375,127.6511490417549,129.44513740965866,77.6511490417549,79.44513740965868,18,2041,4.30886938006e-06,
2247,triangle,1231,1527,1230,,290695.79860012216,6813267.4535103785,18448.45556640625,232.11250158157875,230.89900385481974,182.11250158157875,180.89900385481965,18,2041,4.30886938006e-06,
2248,triangle,1198,1524,893,,295251.1882723097,6809015.15821278,22329.53515625,179.29513242579876,182.87849437469467,129.29513242579873,132.87849437469467,18,2041,4.30886938006e-06,
2249,triangle,1197,1525,894,,295223.8540236726,6808583.103867176,20191.2626953125,182.8896328078922,182.89793991792604,132.8896328078922,132.89793991792604,18,2041,4.30886938006e-06,
2250,triangle,889,1519,1196,,300795.24731824524,6809911.862618,17562.41650390625,144.83933290298697,143.02699959197943,94.83933290298695,93.02699959197945,18,2041,4.30886938006e-06,
2251,triangle,502,1214,503,,306044.6145949969,6806649.674833853,2775.91845703125,100.10019971162762,100.08771624348499,50.100199711627624,50.087716243485005,18,2041,4.30886938006e-06,
2252,triangle,610,1280,609,,293213.1537371465,6810796.835161768,3168.54443359375,199.34979735120942,199.2397998906665,149.34979735120942,149.2397998906665,18,2041,4.30886938006e-06,
2253,triangle,652,1281,651,,291935.3481670446,6813044.294438864,3454.37548828125,198.93014432261143,198.81887135662456,148.9301443226114,148.81887135662456,18,2041,4.30886938006e-06,
2254,triangle,674,1215,673,,291653.90625,6813403.720238094,2373.046875,204.49217284764785,204.48558862909286,154.49217284764785,154.48558862909286,18,2041,4.30886938006e-06,
2255,triangle,869,1357,1313,,290780.303247696,6813632.776446325,14315.1904296875,230.24786011231802,229.45165751939214,180.24786011231802,179.45165751939214,18,2041,4.30886938006e-06,
2256,triangle,878,1505,908,,306721.1840409807,6805717.222857547,20784.185546875,110.15790897465116,109.6258978661134,60.15790897465116,59.62589786611341,18,2041,4.30886938006e-06,
2257,triangle,1434,1478,877,,296348.098670409,6808139.003468464,31638.4345703125,173.4224205753748,169.68137072165894,123.42242057537482,119.68137072165892,18,2041,4.30886938006e-06,
2258,triangle,908,1115,949,,306753.52282575937,6805917.201329119,15596.07373046875,108.19161066360621,106.80847226267606,58.191610663606234,56.808472262676055,18,2041,4.30886938006e-06,
2259,triangle,908,1505,1115,,306681.0111314604,6805828.965982494,15671.087890625,109.77165086704649,108.82364926395239,59.771650867046496,58.82364926395238,18,2041,4.30886938006e-06,
2260,triangle,968,1099,874,,308502.0833333333,6807193.75,8671.875,88.27129461147216,88.00972191492718,38.27129461147216,38.00972191492718,33,1321,1e-05,
2261,triangle,1286,1384,857,,291085.8488638468,6812844.178667557,24905.1298828125,223.21754937988763,222.06529722677192,173.21754937988763,172.06529722677192,18,2041,4.30886938006e-06,
2262,triangle,932,1310,1047,,294441.08119295706,6809074.576075929,13676.5498046875,201.25199290890308,199.2507229367407,151.2519929089031,149.2507229367407,18,2041,4.30886938006e-06,
2263,triangle,977,1391,1326,,302308.692572607,6809627.925760731,16411.58203125,133.3839042725137,131.87123425756678,83.38390427251369,81.8712342575668,18,2041,4.30886938006e-06,
2264,triangle,1089,1538,1340,,298855.5428146126,6804892.970104325,407109.08837890625,152.9342797853249,156.61468699319542,102.93427978532489,106.61468699319543,18,2041,1.0444152035045e-05,
2265,triangle,956,1054,933,,291310.71428571426,6813489.795918368,11709.18408203125,217.93557441199206,217.51618150094103,167.9355744119921,167.51618150094103,18,2041,4.30886938006e-06,
2266,triangle,932,1047,955,,294555.8474301267,6809055.115801044,15007.72900390625,196.66966528854414,194.28285538845844,146.66966528854414,144.28285538845844,18,2041,4.30886938006e-06,
2267,triangle,979,1376,1363,,294414.7615805427,6809429.530200158,18802.68017578125,209.94302540506231,207.77283810742395,159.94302540506231,157.77283810742395,18,2041,4.30886938006e-06,
2268,triangle,930,993,881,,307895.18422752694,6808014.721357194,17348.5654296875,110.81574325018023,110.19972151288282,60.81574325018023,60.19972151288281,33,1321,1e-05,
2269,triangle,1066,1382,1350,,301291.7941836112,6806917.768522558,17291.12158203125,117.73445177095383,118.04174043515117,67.73445177095383,68.04174043515117,18,2041,4.30886938006e-06,
2270,triangle,1034,1190,528,,297022.9166666667,6808521.527777779,4575.89306640625,143.74717004405176,143.66053879209773,93.74717004405174,93.66053879209774,18,2041,4.30886938006e-06,
2271,triangle,1190,1571,528,,297065.3571428571,6808556.547619048,3024.5537109375,142.51839308273895,142.50953181711813,92.51839308273895,92.50953181711812,18,2041,4.30886938006e-06,
2272,triangle,562,1190,1034,,296972.9166666667,6808546.527777779,4587.0537109375,143.8703952993159,143.76053980935032,93.8703952993159,93.76053980935035,18,2041,4.30886938006e-06,
2273,triangle,1318,1394,1152,,303750.8333333333,6809377.5135774575,18524.90283203125,115.83879589445256,115.12186746956375,65.83879589445256,65.12186746956375,18,2041,4.30886938006e-06,
2274,triangle,1152,1394,1319,,303649.1666666667,6809371.090724486,15909.09765625,117.76709519380358,116.60522979141342,67.7670951938036,66.60522979141342,18,2041,4.30886938006e-06,
2275,triangle,1087,1508,1327,,302015.387030736,6809598.513618104,17744.8984375,130.96401159409965,130.4897821357824,80.96401159409963,80.48978213578238,18,2041,4.30886938006e-06,
2276,triangle,1326,1508,1087,,302114.4497608975,6809597.422938257,17310.9658203125,131.64456610162037,130.42189569289428,81.64456610162037,80.4218956928943,18,2041,4.30886938006e-06,
2277,triangle,1045,1526,895,,296558.9981451737,6808660.779142263,12556.1650390625,157.73943297203152,157.82536913832578,107.73943297203152,107.8253691383258,18,2041,4.30886938006e-06,
2278,triangle,886,1521,1013,,303051.92442904174,6809349.242692008,16149.0107421875,114.58199804466521,114.57282096137762,64.58199804466521,64.57282096137762,18,2041,4.30886938006e-06,
2279,triangle,888,1522,1016,,301403.5302567603,6809585.671863243,16288.5458984375,127.79596465111815,128.4663412044022,77.79596465111817,78.4663412044022,18,2041,4.30886938006e-06,
2280,triangle,892,1523,1032,,306176.33079964883,6806944.914374322,12137.18408203125,103.5930363186344,103.32111366865429,53.5930363186344,53.3211136686543,18,2041,4.30886938006e-06,
2281,triangle,893,1524,1037,,295152.30025745917,6808979.980154139,16044.095703125,177.1252656922789,179.07998493341333,127.1252656922789,129.0799849334133,18,2041,4.30886938006e-06,
2282,triangle,894,1525,1038,,295317.1853231185,6808622.375232328,15643.01611328125,177.76893266298256,177.09041054774693,127.76893266298258,127.0904105477469,18,2041,4.30886938006e-06,
2283,triangle,163,1568,1018,,300736.9068347294,6809608.412630926,2333.9716796875,127.93866461490123,128.73010659149216,77.93866461490121,78.73010659149215,18,2041,4.30886938006e-06,
2284,triangle,1018,1568,165,,300711.90683472937,6809633.412630926,1850.091796875,128.3063070293557,128.96344145070438,78.30630702935572,78.9634414507044,18,2041,4.30886938006e-06,
2285,triangle,1026,1214,502,,305999.8021649782,6806685.223836966,5337.66455078125,100.64605287832485,100.93266303503164,50.64605287832484,50.93266303503163,18,2041,4.30886938006e-06,
2286,triangle,1214,1570,504,,306105.76824374613,6806712.093542315,1718.32470703125,99.14135793050193,99.17779115270024,49.14135793050191,49.17779115270023,18,2041,4.30886938006e-06,
2287,triangle,516,1214,1026,,306024.8021649782,6806735.223836966,4756.76025390625,100.28119107713337,100.56599433385976,50.281191077133364,50.565994333859756,18,2041,4.30886938006e-06,
2288,triangle,1280,1573,594,,293272.6921714332,6810758.543952211,2161.61328125,197.93223720852558,198.25958270021258,147.93223720852558,148.25958270021258,18,2041,4.30886938006e-06,
2289,triangle,1281,1575,627,,291994.1852088057,6813005.3680485785,2390.884765625,198.17153479565394,198.07567941123457,148.17153479565394,148.07567941123457,18,2041,4.30886938006e-06,
2290,triangle,1056,1215,645,,291564.84375,6813413.541666667,4346.40087890625,207.01740519868753,207.0767308975031,157.01740519868753,157.0767308975031,18,2041,4.30886938006e-06,
2291,triangle,1215,1576,646,,291617.3828125,6813342.150297619,1505.64990234375,204.06490108452334,204.05971164889183,154.06490108452334,154.05971164889186,18,2041,4.30886938006e-06,
2292,triangle,648,1577,1057,,291751.5943877551,6813351.594387755,2633.1318359375,203.33208539890776,203.36931284996913,153.33208539890776,153.36931284996916,18,2041,4.30886938006e-06,
2293,triangle,673,1215,1056,,291614.84375,6813438.541666667,4672.85205078125,205.88774324567757,206.2767329320083,155.88774324567763,156.27673293200834,18,2041,4.30886938006e-06,
2294,triangle,1057,1577,674,,291726.5943877551,6813376.594387755,2633.1318359375,204.05288930617925,204.16931590172695,154.05288930617925,154.16931590172697,18,2041,4.30886938006e-06,
2295,triangle,95,1567,94,,303845.13526099426,6807700.829058881,2265.216796875,105.48842304452,105.36309171106404,55.488423044520005,55.363091711064044,18,2041,4.30886938006e-06,
2296,triangle,96,1567,95,,303870.13526099426,6807725.829058881,2719.23095703125,105.36151762994547,105.26309069381144,55.36151762994546,55.26309069381144,18,2041,4.30886938006e-06,
2297,triangle,164,1568,163,,300712.38136694586,6809566.682526186,1876.7841796875,125.81064712210537,125.80811387103033,75.81064712210537,75.80811387103033,18,2041,4.30886938006e-06,
2298,triangle,165,1568,164,,300687.38136694586,6809591.682526186,1392.90380859375,125.9751633167972,126.04144873024256,75.97516331679721,76.04144873024256,18,2041,4.30886938006e-06,
2299,triangle,504,1569,505,,306187.5,6806712.5,1406.25,98.29166603088379,98.29166603088379,48.29166603088379,48.29166603088379,18,2041,4.30886938006e-06,
2300,triangle,517,1569,504,,306162.5,6806737.5,1406.25,98.55833117167154,98.55833117167155,48.558331171671526,48.55833117167155,18,2041,4.30886938006e-06,
2301,triangle,504,1570,517,,306136.1536487492,6806737.418708463,1557.71435546875,98.85686265436152,98.85674259313448,48.85686265436152,48.8567425931345,18,2041,4.30886938006e-06,
2302,triangle,505,1569,518,,306212.5,6806737.5,1406.25,97.991668065389,97.99166806538899,47.991668065389014,47.991668065389,18,2041,4.30886938006e-06,
2303,triangle,517,1570,516,,306111.1536487492,6806762.418708463,1415.3955078125,99.19188270824249,99.19007592646783,49.191882708242474,49.190075926467834,18,2041,4.30886938006e-06,
2304,triangle,518,1569,517,,306187.5,6806762.5,1406.25,98.25833320617676,98.25833320617676,48.25833320617676,48.25833320617676,18,2041,4.30886938006e-06,
2305,triangle,529,1571,565,,297131.7261904762,6808605.257936507,2055.8037109375,140.70375698553227,140.71316769268893,90.70375698553227,90.71316769268894,18,2041,4.30886938006e-06,
2306,triangle,533,1572,534,,294784.86694860255,6808972.352316021,2514.6357421875,179.7814222348606,179.8295524437727,129.7814222348606,129.8295524437727,18,2041,4.30886938006e-06,
2307,triangle,534,1572,580,,294809.86694860255,6808997.352316021,1702.46826171875,179.40762215792245,179.5295493920149,129.40762215792245,129.5295493920149,18,2041,4.30886938006e-06,
2308,triangle,565,1571,564,,297106.7261904762,6808630.257936507,2220.98193359375,140.93839439633743,140.94650000876968,90.93839439633744,90.94650000876966,18,2041,4.30886938006e-06,
2309,triangle,594,1573,611,,293309.53843428666,6810786.708790441,1739.42626953125,196.8197807750529,196.81978077504087,146.81978077505286,146.81978077504087,18,2041,4.30886938006e-06,
2310,triangle,611,1573,610,,293284.53843428666,6810811.708790441,1495.26123046875,196.98644744171952,196.98644744170755,146.98644744171955,146.98644744170753,18,2041,4.30886938006e-06,
2311,triangle,627,1574,628,,292087.5,6813012.5,1406.25,196.69999949137372,196.6999994913737,146.69999949137372,146.6999994913737,18,2041,4.30886938006e-06,
2312,triangle,653,1574,627,,292062.5,6813037.5,1406.25,196.8000005086263,196.8000005086263,146.8000005086263,146.8000005086263,18,2041,4.30886938006e-06,
2313,triangle,627,1575,653,,292033.8370417611,6813036.073609716,1818.33251953125,197.07620626080018,197.09014138794336,147.07620626080018,147.09014138794336,18,2041,4.30886938006e-06,
2314,triangle,628,1574,654,,292112.5,6813037.5,1406.25,196.3999964396159,196.39999643961588,146.3999964396159,146.39999643961588,18,2041,4.30886938006e-06,
2315,triangle,646,1576,647,,291638.4765625,6813313.430059523,1510.8818359375,202.97272811003097,202.9741270888094,152.97272811003097,152.9741270888094,18,2041,4.30886938006e-06,
2316,triangle,647,1577,648,,291714.0943877551,6813314.094387755,1585.61865234375,201.94305946036087,201.95264745486824,151.94305946036087,151.95264745486824,18,2041,4.30886938006e-06,
2317,triangle,647,1576,674,,291663.4765625,6813338.430059523,1296.38671875,202.97527029858895,202.9741270888094,152.97527029858895,152.9741270888094,18,2041,4.30886938006e-06,
2318,triangle,674,1577,647,,291689.0943877551,6813339.094387755,1585.61865234375,202.7430625121202,202.75265050662605,152.7430625121202,152.75265050662605,18,2041,4.30886938006e-06,
2319,triangle,653,1575,652,,292008.8370417611,6813061.073609716,1566.71875,196.8926412627068,196.92347472127668,146.8926412627068,146.92347472127668,18,2041,4.30886938006e-06,
2320,triangle,654,1574,653,,292087.5,6813062.5,1406.25,196.49999745686847,196.4999974568685,146.4999974568685,146.4999974568685,18,2041,4.30886938006e-06,
2321,triangle,1044,1539,915,,296585.19912323874,6808335.340981696,11598.14892578125,154.14270423220808,153.81373025911122,104.14270423220808,103.81373025911121,18,2041,4.30886938006e-06,
2322,triangle,564,1571,1190,,297065.3571428571,6808606.547619048,2171.875,141.92114893249482,141.87620051829,91.92114893249483,91.87620051828999,18,2041,4.30886938006e-06,
2323,triangle,1527,1528,1230,,290796.683488192,6813299.8574128,11774.998046875,224.92847904976227,225.44655918878357,174.92847904976227,175.44655918878357,18,2041,4.30886938006e-06,
2324,triangle,1539,1543,915,,296655.8536177317,6808280.756452224,12137.01318359375,155.73992421659798,154.74982609005428,105.739924216598,104.74982609005428,18,2041,4.30886938006e-06,
2325,triangle,516,1570,1214,,306080.76824374613,6806737.093542315,1576.00537109375,99.48312486657196,99.51112448603355,49.483124866571956,49.511124486033566,18,2041,4.30886938006e-06,
2326,triangle,610,1573,1280,,293247.6921714332,6810783.543952211,1917.4482421875,198.1538115157136,198.42624936687923,148.1538115157136,148.42624936687923,18,2041,4.30886938006e-06,
2327,triangle,652,1575,1281,,291969.18520880566,6813030.368048579,2139.2705078125,198.0365295410291,197.90901274456792,148.0365295410291,147.9090127445679,18,2041,4.30886938006e-06,
2328,triangle,674,1576,1215,,291642.3828125,6813367.150297619,1291.1552734375,204.07761202731697,204.05971164889186,154.077612027317,154.05971164889186,18,2041,4.30886938006e-06,
2329,triangle,203,595,771,,293356.8062016257,6810894.192787581,7224.94384765625,199.2406918557855,199.39761145695536,149.2406918557855,149.39761145695536,18,2041,9.554434690030001e-06,
2330,triangle,611,1261,595,,293317.483188281,6810849.455509058,2751.2451171875,197.55237700545177,197.15898128821132,147.55237700545177,147.1589812882113,18,2041,4.30886938006e-06,
2331,triangle,595,1261,771,,293276.0854824655,6810918.648296639,10601.81494140625,202.0471549528335,201.56837514846566,152.0471549528335,151.56837514846566,18,2041,4.30886938006e-06,
2332,triangle,676,682,677,,296215.20267597603,6815188.9950394975,13347.6884765625,190.65437273514004,191.10437606561308,140.65437273514004,141.10437606561305,98,2021,5.460290644335e-06,
2333,triangle,677,791,676,,296090.23173725756,6815052.759382896,51775.845703125,212.09544039900052,205.52125354786222,162.09544039900052,155.52125354786222,52,1561,1.1486094576073574e-05,
2334,triangle,683,684,677,,296461.9495046222,6815085.904755373,11968.326171875,184.0377003120452,185.0148526577926,134.03770031204516,135.01485265779257,52,1561,1.1351479392857144e-05,
2335,triangle,793,1283,679,,294054.6086273034,6814503.509413139,63998.31005859375,180.78019592786399,178.02956540639016,130.78019592786396,128.02956540639016,18,2041,4.850526649341429e-06,
2336,triangle,680,1438,681,,293223.9359911613,6814411.600543126,161449.35693359375,182.60300153526597,187.3469329497684,132.603001535266,137.3469329497684,18,2041,4.850526649341429e-06,
2337,triangle,4,5,691,,307869.10985179746,6806432.303273839,3902.658203125,94.90949677857068,91.58847419068893,44.909496778570684,41.588474190688935,33,1321,7.764198685023572e-06,
2338,triangle,770,197,198,,293989.42950951774,6811635.319004276,12978.5146484375,187.5922046035846,187.99867429937976,137.59220460358458,137.99867429937976,18,2041,6.931652035045e-06,
2339,triangle,486,495,487,,306950.0,6806275.0,2812.5,97.67777676052516,97.39999898274739,47.67777676052516,47.3999989827474,18,2041,4.30886938006e-06,
2340,triangle,505,518,506,,306250.0,6806750.0,2812.5,97.60000271267363,97.50000254313152,47.600002712673636,47.50000254313151,18,2041,4.30886938006e-06,
2341,triangle,565,530,529,,297175.0,6808625.0,2812.5,140.16666836208768,139.86666870117188,90.16666836208768,89.86666870117188,18,2041,4.30886938006e-06,
2342,triangle,595,594,611,,293350.0,6810800.0,2812.5,195.97777642144098,195.96666463216147,145.97777642144098,145.96666463216147,18,2041,4.30886938006e-06,
2343,triangle,629,628,654,,292150.0,6813050.0,2812.5,195.85555182562933,195.66666158040366,145.85555182562933,145.66666158040366,18,2041,4.30886938006e-06,
2344,triangle,676,791,675,,295884.06247346237,6815096.1868540235,70735.23193359375,216.16820857461622,210.52256436050706,166.16820857461622,160.52256436050706,52,1561,1.189207115e-05,
2345,triangle,682,683,677,,296322.6881171905,6815175.720005758,8284.07080078125,187.03196289586268,186.7112308430941,137.0319628958627,136.7112308430941,3,1481,9.39023600500643e-06,
2346,triangle,694,693,696,,298795.7073149175,6805825.474532423,94452.73193359375,152.92959244893632,154.42654824250147,102.92959244893633,104.42654824250148,55,161,2.7973531049287855e-05,
2347,triangle,695,694,696,,298614.23227766884,6805875.31891938,9330.51513671875,154.93458368110163,154.86177960358603,104.93458368110163,104.86177960358602,55,161,1.745590364074214e-05,
2348,triangle,47,1580,48,,307159.0552139114,6806751.801657756,22417.1484375,100.30950894029407,100.58976362580056,50.309508940294066,50.58976362580055,33,1321,8.577217345015001e-06,
2349,triangle,5,1583,6,,307752.07910474157,6806537.5,5391.1005859375,95.3627425526986,93.83197952406131,45.362742552698606,43.831979524061325,33,1321,1e-05,
2350,triangle,7,1579,8,,307816.57107815106,6806715.71821235,8341.552734375,93.77597535457795,92.64998142077866,43.775975354577945,42.649981420778666,33,1321,1e-05,
2351,triangle,48,1578,752,,307437.2488102397,6806613.118354612,33481.48779296875,103.6790560415246,103.49652633916509,53.67905604152459,53.49652633916509,33,1321,9.39023600500643e-06,
2352,triangle,9,1579,10,,307891.57107815106,6806815.71821235,6573.25341796875,86.93207191599379,88.58331831449611,36.93207191599379,38.58331831449612,33,1321,1e-05,
2353,triangle,752,1583,4,,307662.85671169724,6806510.122503332,15195.17236328125,97.45269654954292,97.05381953928436,47.452696549542914,47.05381953928438,33,1321,8.373962680017143e-06,
2354,triangle,256,1585,255,,307408.4916573108,6807042.4415449845,3662.826171875,91.45232816622573,91.35134552225476,41.452328166225726,41.35134552225476,33,1321,1e-05,
2355,triangle,1580,1584,48,,307246.66244447144,6806792.222691204,25017.22509765625,100.37328997725568,101.67264500209326,50.37328997725568,51.672645002093276,33,1321,1e-05,
2356,triangle,48,1584,1578,,307364.0784338441,6806749.777664103,38250.85546875,100.57486248487605,101.84738151065613,50.57486248487605,51.847381510656135,33,1321,1e-05,
2357,triangle,8,1579,9,,307866.57107815106,6806765.71821235,8341.552734375,88.02132818476359,89.54998294665756,38.0213281847636,39.54998294665757,33,1321,1e-05,
2358,triangle,254,1586,253,,307225.01787176,6807051.555130125,2637.5478515625,92.5172402502703,92.68372080106882,42.51724025027031,42.68372080106881,33,1321,1e-05,
2359,triangle,258,1581,257,,307558.426723932,6807037.763516259,4189.1044921875,92.23220474550467,91.26381217057525,42.23220474550467,41.26381217057525,33,1321,1e-05,
2360,triangle,261,1579,260,,307766.57107815106,6806940.71821235,6669.201171875,88.83646336918261,88.84998345528386,38.83646336918261,38.849983455283876,33,1321,1e-05,
2361,triangle,7,1583,1579,,307743.6501828926,6806678.21821235,14645.8671875,98.57775465359703,96.1819629793452,48.577754653597026,46.1819629793452,33,1321,1e-05,
2362,triangle,255,1584,254,,307312.6072305601,6807021.830780752,5981.53759765625,94.00977265614753,92.33844498691566,44.009772656147526,42.33844498691567,33,1321,1e-05,
2363,triangle,6,1583,7,,307752.07910474157,6806587.5,5391.10107421875,96.7557780286918,95.73197850680872,46.75577802869179,45.73197850680872,33,1321,1e-05,
2364,triangle,262,1582,261,,307856.92851302517,6806977.619702059,2517.783203125,85.41502654982925,85.37415729844774,35.41502654982925,35.374157298447734,33,1321,1e-05,
2365,triangle,257,1585,256,,307458.4916573108,6807042.4415449845,3662.826171875,91.04860352893516,90.61801320617404,41.04860352893516,40.618013206174034,33,1321,1e-05,
2366,triangle,1578,1583,752,,307567.7727010699,6806617.72644416,16497.0234375,100.1986142276189,100.4776419788268,50.198614227618904,50.477641978826796,33,1321,1e-05,
2367,triangle,249,1580,47,,307087.5,6806843.909747303,3137.10546875,96.26902381269329,95.63889872414835,46.26902381269329,45.63889872414833,33,1321,9.796745335002144e-06,
2368,triangle,251,1580,250,,307112.5,6806937.5,5625.0,97.3916681077745,94.91666793823242,47.39166810777451,44.91666793823242,33,1321,1e-05,
2369,triangle,260,1581,259,,307658.426723932,6807012.763516259,6053.59814453125,91.57935211067877,91.43047883724192,41.57935211067878,41.430478837241914,33,1321,1e-05,
2370,triangle,250,1580,249,,307087.5,6806887.5,4218.75,96.30000114440918,95.45000076293945,46.30000114440918,45.45000076293945,33,1321,1e-05,
2371,triangle,1579,1581,260,,307699.997802083,6806928.48172861,12002.89453125,94.43326660695921,92.24712946781877,44.43326660695921,42.24712946781876,33,1321,1e-05,
2372,triangle,259,1581,258,,307608.426723932,6807037.763516259,4189.1044921875,92.36124384692052,92.63047832861561,42.3612438469205,42.63047832861562,33,1321,1e-05,
2373,triangle,1579,1583,1578,,307648.5661722653,6806723.2731852485,26828.8828125,100.61206234283136,97.94003409280715,50.612062342831365,47.94003409280716,33,1321,1e-05,
2374,triangle,1584,1585,1578,,307426.0148772435,6806884.327298635,16933.44677734375,96.15794059584528,97.38119597321833,46.15794059584526,47.38119597321832,33,1321,1e-05,
2375,triangle,1584,1586,254,,307262.62510232005,6806998.385910877,7307.34814453125,97.18022362097469,95.05550115582302,47.18022362097469,45.055501155823016,33,1321,1e-05,
2376,triangle,261,1582,1579,,307823.4995911762,6806918.337914408,9366.39453125,86.65194686349102,88.49080843765087,36.65194686349102,38.490808437650884,33,1321,1e-05,
2377,triangle,255,1585,1584,,307371.09888787084,6806989.2723257365,9828.96630859375,94.53275818082435,93.9564581930897,44.532758180824345,43.9564581930897,33,1321,1e-05,
2378,triangle,1579,1582,10,,307873.4995911762,6806868.337914408,8016.86279296875,87.03846099323161,88.35747713882274,37.03846099323161,38.35747713882276,33,1321,1e-05,
2379,triangle,1581,1585,257,,307516.9183812428,6807005.205061245,7663.658203125,94.15351884890173,92.78182435949668,44.153518848901726,42.78182435949668,33,1321,1e-05,
2380,triangle,10,1582,11,,307956.92851302517,6806902.619702059,5140.2587890625,85.13912111988171,84.97416085883185,35.13912111988172,34.97416085883185,33,1321,1e-05,
2381,triangle,11,1582,263,,307956.92851302517,6806952.619702059,4550.826171875,84.87501530374135,84.74082599961962,34.87501530374136,34.74082599961961,33,1321,1e-05,
2382,triangle,251,1586,1580,,307162.51787176,6806964.055130125,4309.24169921875,97.40358049944615,96.5670559145942,47.403580499446164,46.5670559145942,33,1321,1e-05,
2383,triangle,1578,1581,1579,,307629.9137914557,6806848.536701508,23751.74560546875,99.49886070708969,96.97186521344217,49.49886070708969,46.971865213442165,33,1321,1e-05,
2384,triangle,263,1582,262,,307906.92851302517,6806977.619702059,2517.78369140625,85.02522477750148,85.00749114040737,35.02522477750147,35.007491140407375,33,1321,1e-05,
2385,triangle,1580,1586,1584,,307225.12510232005,6806935.885910877,8280.64306640625,99.45057141903446,98.50550191876248,49.45057141903445,48.50550191876247,33,1321,1e-05,
2386,triangle,1578,1585,1581,,307521.8343706154,6806900.260034143,15814.82080078125,97.55724649859862,96.93989445570604,47.55724649859862,46.939894455706025,33,1321,1e-05,
2387,triangle,252,1586,251,,307150.01787176,6807026.555130125,2814.5107421875,92.62648400159189,93.38372283557402,42.62648400159189,43.38372283557402,33,1321,1e-05,
2388,triangle,253,1586,252,,307175.01787176,6807051.555130125,2637.5478515625,92.1386188976563,92.95038848498808,42.138618897656286,42.95038848498808,33,1321,1e-05,
2389,triangle,4,1583,5,,307752.07910474157,6806499.9510320695,2706.10986328125,94.18209643400952,92.83289486464753,44.18209643400952,42.83289486464753,33,1321,1e-05,
2390,triangle,262,1595,263,,307942.42973823054,6807034.973257705,3934.49169921875,84.85649895445886,85.11895360641347,34.85649895445885,35.11895360641347,33,1321,1e-05,
2391,triangle,274,1616,273,,306368.75,6808400.529131253,2752.97265625,97.02949646462147,97.18267107002366,47.029496464621474,47.18267107002365,33,1321,1e-05,
2392,triangle,32,1610,1604,,307662.316212739,6807689.364320456,18100.72998046875,107.41822228383946,99.87741911419239,57.418222283839455,49.8774191141924,33,1321,1e-05,
2393,triangle,254,1609,255,,307319.4259637298,6807140.482581156,7366.79052734375,95.94697242469898,96.18814799016752,45.946972424698984,46.18814799016752,33,1321,1e-05,
2394,triangle,749,1589,750,,306391.73147429683,6807803.308192032,83892.4794921875,114.42576654920563,114.29593998696511,64.42576654920563,64.29593998696511,33,1321,1e-05,
2395,triangle,751,1593,264,,306913.8425790596,6807032.495066284,19690.19482421875,102.90163219124057,100.16606186364032,52.901632191240566,50.16606186364032,33,1321,9.796745335002144e-06,
2396,triangle,13,1620,14,,308204.9280746539,6807163.440566336,6582.6552734375,83.75473721310904,84.00372083190214,33.75473721310904,34.00372083190214,33,1321,1e-05,
2397,triangle,1600,1607,282,,306920.55393586005,6808165.670553937,10257.8349609375,96.73091247692739,97.1553307335206,46.73091247692739,47.1553307335206,33,1321,1e-05,
2398,triangle,32,1604,33,,307637.8579057083,6807779.057770043,6534.486328125,95.49463713058893,93.53391304768621,45.494637130588934,43.53391304768621,33,1321,1e-05,
2399,triangle,282,1607,281,,306892.8753644315,6808230.849125364,5768.4951171875,95.55243259177445,95.71986962433674,45.55243259177444,45.71986962433673,33,1321,1e-05,
2400,triangle,287,1608,286,,307262.5,6808012.5,5625.0,94.59999974568686,94.12499809265137,44.59999974568686,44.12499809265137,33,1321,1e-05,
2401,triangle,16,1592,17,,308358.582664442,6807306.356668289,5374.57568359375,82.35964658341317,82.30519589917404,32.35964658341317,32.30519589917404,33,1321,1e-05,
2402,triangle,31,1610,32,,307749.45830703067,6807685.306550413,7278.01318359375,104.04743212717487,97.8768388912132,54.04743212717487,47.876838891213204,33,1321,1e-05,
2403,triangle,253,1613,254,,307208.29879301577,6807120.836924602,5156.65380859375,91.93850778311662,91.70634942483474,41.93850778311661,41.70634942483474,33,1321,1e-05,
2404,triangle,255,1614,256,,307411.57099395496,6807114.199490006,4409.94287109375,93.79161970748936,94.88383477401995,43.79161970748936,44.88383477401996,33,1321,1e-05,
2405,triangle,1600,1603,1589,,306921.4285714286,6807953.571428572,52131.6962890625,108.7448985819744,103.44171037803356,58.744898581974404,53.441710378033555,33,1321,1e-05,
2406,triangle,272,1606,271,,306142.50781559374,6808536.920175803,5126.85107421875,98.04193806227181,98.18042988545538,48.041938062271825,48.180429885455375,33,1321,1e-05,
2407,triangle,30,1611,31,,307854.4818087825,6807711.424117175,4339.787109375,97.22792195125933,95.32361641591007,47.22792195125933,45.32361641591007,33,1321,1e-05,
2408,triangle,257,1615,258,,307562.5,6807123.881025546,5499.115234375,101.20615374856278,96.088829616709,51.206153748562784,46.088829616709006,33,1321,1e-05,
2409,triangle,1593,1613,252,,307095.66763912264,6807120.642962464,7754.79052734375,93.57230051502049,95.62366469539006,43.57230051502048,45.62366469539007,33,1321,1e-05,
2410,triangle,1603,1612,1589,,306844.90519869764,6807793.553526676,80142.99755859375,113.43686822523811,107.97552674312091,63.43686822523812,57.975526743120916,33,1321,1e-05,
2411,triangle,43,1594,749,,306157.5816566553,6808070.832027911,45272.0166015625,114.51652563041128,111.46588740696147,64.51652563041127,61.46588740696148,33,1321,9.593490670004288e-06,
2412,triangle,749,1594,1589,,306377.6252552281,6807991.7367569925,52395.943359375,113.94317256901785,111.02893508394259,63.94317256901786,61.02893508394259,33,1321,1e-05,
2413,triangle,268,1602,748,,305916.49145125115,6808458.733500887,15604.45849609375,101.20562358938656,101.07340255836546,51.20562358938655,51.07340255836548,33,1321,1e-05,
2414,triangle,1601,1604,1587,,307370.71465181693,6807719.775604669,30805.90185546875,100.84637407483095,101.46093712276489,50.846374074830955,51.46093712276488,33,1321,1e-05,
2415,triangle,750,1612,44,,306564.5393881641,6807488.758310579,53466.92529296875,116.38953659431589,114.39873625694197,66.3895365943159,64.398736256942,33,1321,9.593490670004288e-06,
2416,triangle,44,1619,751,,306739.14558726666,6807239.111914166,36489.943359375,109.73382205451414,105.61442222101444,59.733822054514135,55.61442222101444,33,1321,9.593490670004288e-06,
2417,triangle,18,1592,19,,308421.082664442,6807368.856668289,2687.28759765625,82.55319589776387,82.53852948682052,32.55319589776389,32.53852948682052,33,1321,1e-05,
2418,triangle,43,1621,1594,,306154.6470217829,6808223.943784152,37261.14208984375,108.26351044969897,105.94937190859518,58.263510449698984,55.9493719085952,33,1321,1e-05,
2419,triangle,1594,1621,273,,306262.1906203556,6808307.348513234,23091.95166015625,102.26425452380577,102.85408485352063,52.26425452380578,52.85408485352065,33,1321,1e-05,
2420,triangle,25,1597,26,,308237.5,6807637.5,4218.75,84.38333384195965,84.13333384195964,34.383333841959654,34.13333384195963,33,1321,1e-05,
2421,triangle,28,1598,29,,308006.58230215794,6807709.864428665,4515.25146484375,92.63115827945819,89.93540922557331,42.631158279458184,39.935409225573316,33,1321,1e-05,
2422,triangle,261,1599,262,,307825.1114259625,6807036.746858175,4134.021484375,85.98952070699914,86.82008542722095,35.98952070699913,36.82008542722095,33,1321,1e-05,
2423,triangle,262,1599,1595,,307892.541164193,6807071.720115879,10933.17333984375,85.58870291082236,86.77237491009926,35.588702910822356,36.772374910099266,33,1321,1e-05,
2424,triangle,252,1613,253,,307158.29879301577,6807120.836924602,5156.654296875,91.43434719667033,91.97301710875401,41.43434719667033,41.973017108754014,33,1321,1e-05,
2425,triangle,256,1614,257,,307461.57099395496,6807114.199490006,4409.9423828125,94.86360022526627,94.15050245793923,44.863600225266275,44.15050245793923,33,1321,1e-05,
2426,triangle,19,1592,21,,308433.582664442,6807406.356668289,4659.45068359375,82.55568301062348,82.47186256584071,32.55568301062348,32.4718625658407,33,1321,1e-05,
2427,triangle,751,1619,1593,,306889.73646297585,6807164.709390692,30559.21826171875,104.52836813876183,102.46742271391759,54.528368138761834,52.467422713917585,33,1321,9.796745335002144e-06,
2428,triangle,273,1616,1594,,306356.25,6808303.70391878,17685.9775390625,101.29226868230418,101.48081220652493,51.29226868230418,51.48081220652494,33,1321,1e-05,
2429,triangle,1589,1612,750,,306590.2614177664,6807702.049749241,64912.490234375,114.744846752221,112.62609005330512,64.744846752221,62.62609005330512,33,1321,1e-05,
2430,triangle,1589,1607,1600,,306808.05393586005,6808078.170553935,36591.19921875,99.29639426694914,100.48033213224294,49.296394266949136,50.48033213224293,33,1321,1e-05,
2431,triangle,1587,1612,1603,,307036.46098107647,6807666.847384927,64241.0927734375,115.54499237992638,110.44092378456033,65.5449923799264,60.44092378456033,33,1321,1e-05,
2432,triangle,748,1602,43,,305933.9478526784,6808325.328771804,20568.67431640625,104.2007521529141,103.7686880875611,54.200752152914085,53.768688087561124,33,1321,8.780472010012858e-06,
2433,triangle,748,1605,268,,305852.54454174935,6808509.72310249,9396.01904296875,99.74015896112137,100.45753954174724,49.74015896112136,50.457539541747245,33,1321,1e-05,
2434,triangle,1587,1604,1590,,307429.4136880871,6807585.684961627,52877.7744140625,103.54599426330395,106.04930975004142,53.545994263303946,56.049309750041424,33,1321,1e-05,
2435,triangle,279,1596,278,,306675.0,6808350.0,8437.5,96.5,97.03333282470703,46.5,47.03333282470703,33,1321,1e-05,
2436,triangle,21,1592,22,,308408.582664442,6807456.356668289,6756.8251953125,82.7929786037239,82.50519539054774,32.79297860372391,32.50519539054773,33,1321,1e-05,
2437,triangle,29,1611,30,,307904.4818087825,6807711.424117175,4339.78662109375,97.39483008957293,94.62361692453636,47.39483008957294,44.62361692453637,33,1321,1e-05,
2438,triangle,258,1615,259,,307612.5,6807123.881025546,5499.11572265625,101.06948927354931,97.45549577474937,51.06948927354931,47.45549577474937,33,1321,1e-05,
2439,triangle,1612,1619,44,,306738.8270530117,6807406.22641242,49338.439453125,110.30894600695356,108.56828287514988,60.30894600695356,58.56828287514988,33,1321,1e-05,
2440,triangle,12,1595,13,,308092.42973823054,6807059.973257705,7598.6455078125,84.34006380050063,84.05228795699941,34.340063800500644,34.05228795699941,33,1321,1e-05,
2441,triangle,17,1592,18,,308396.082664442,6807343.856668289,2687.28759765625,82.27753270980676,82.27186180290126,32.27753270980677,32.27186180290125,33,1321,1e-05,
2442,triangle,1593,1619,1613,,307021.56152303895,6807202.857286873,24587.923828125,96.63159362382686,99.35835735312175,46.631593623826866,49.358357353121754,33,1321,1e-05,
2443,triangle,1601,1603,287,,307285.0509637298,6807886.173976376,14693.70947265625,96.09058612640166,97.95120989013543,46.09058612640166,47.95120989013543,33,1321,1e-05,
2444,triangle,1591,1598,26,,308127.7386197986,6807598.162105604,11793.583984375,86.21918526290293,90.29164085259326,36.21918526290293,40.291640852593254,33,1321,1e-05,
2445,triangle,266,1605,42,,305750.90008646046,6808608.509212456,5515.4541015625,98.8605515662291,98.93985091644369,48.86055156622911,48.93985091644368,33,1321,1e-05,
2446,triangle,26,1597,1591,,308208.65631764074,6807575.7976769395,11060.88818359375,85.75526267460842,86.92289727643401,35.755262674608424,36.92289727643401,33,1321,1e-05,
2447,triangle,1604,1610,1590,,307599.81621273904,6807585.197653789,30110.73779296875,108.8978506680455,105.56908455167883,58.8978506680455,55.56908455167882,33,1321,1e-05,
2448,triangle,1603,1608,287,,307218.75,6807943.75,16171.875,96.59999926884967,97.93958234786987,46.59999926884967,47.93958234786987,33,1321,1e-05,
2449,triangle,1587,1603,1601,,307239.10674610856,6807746.967834626,31028.37353515625,104.73628835726687,104.44160782167087,54.73628835726686,54.441607821670864,33,1321,1e-05,
2450,triangle,254,1613,1609,,307252.72475674556,6807186.319505759,16295.08056640625,97.81582892208557,97.92783278284081,47.81582892208557,47.9278327828408,33,1321,1e-05,
2451,triangle,1609,1614,255,,307380.9969576848,6807179.682071161,11759.68115234375,101.39492924156161,101.33865044810675,51.39492924156159,51.338650448106755,33,1321,1e-05,
2452,triangle,1587,1619,1612,,306956.1048649928,6807492.811709336,60570.54296875,113.38816106648278,109.2610337129524,63.38816106648278,59.26103371295241,33,1321,1e-05,
2453,triangle,1602,1621,43,,306042.8265268957,6808314.12111663,17453.3818359375,104.31842899047007,103.13965313381918,54.318428990470075,53.13965313381917,33,1321,1e-05,
2454,triangle,1594,1616,1596,,306456.25,6808253.70391878,21904.72705078125,101.99906347414542,101.9474793818179,51.999063474145416,51.94747938181791,33,1321,1e-05,
2455,triangle,1588,1615,1610,,307757.80855053716,6807382.561299932,46097.173828125,106.99504696125814,106.68788487179422,56.99504696125813,56.68788487179423,33,1321,1e-05,
2456,triangle,273,1621,272,,306224.6906203556,6808429.173725708,8002.76123046875,97.9939344011299,99.02261089231233,47.993934401129906,49.02261089231234,33,1321,1e-05,
2457,triangle,1594,1596,1589,,306525.0,6808115.674787526,46930.79296875,105.79840698888934,104.35647485130433,55.79840698888933,54.356474851304334,33,1321,1e-05,
2458,triangle,268,1606,1602,,305993.1873207066,6808505.272295807,9324.423828125,99.1880390156291,99.26885326443323,49.188039015629116,49.26885326443323,33,1321,1e-05,
2459,triangle,1596,1607,1589,,306680.3753644315,6808143.349125364,33284.66650390625,101.18379787750371,100.01153819835203,51.18379787750371,50.011538198352035,33,1321,1e-05,
2460,triangle,1599,1615,1588,,307783.46166946896,6807234.001607694,32050.3701171875,100.93790425036968,99.49780010897386,50.9379042503697,49.497800108973856,33,1321,1e-05,
2461,triangle,1595,1620,13,,308122.35781288444,6807148.41382404,16656.4755859375,85.02768845858547,84.88934212223488,35.02768845858549,34.889342122234886,33,1321,1e-05,
2462,triangle,264,1593,250,,307012.36884610687,6806974.806037862,5603.17919921875,97.20909367702828,96.38397990271677,47.20909367702829,46.38397990271678,33,1321,1e-05,
2463,triangle,1610,1615,1590,,307624.45830703067,6807405.020909294,24501.931640625,110.1720240103939,110.29066778736826,60.172024010393905,60.29066778736827,33,1321,1e-05,
2464,triangle,272,1621,1606,,306142.19843594934,6808466.09390151,13213.5517578125,98.53483796522742,99.46970846168698,48.534837965227425,49.469708461686984,33,1321,1e-05,
2465,triangle,23,1597,24,,308337.5,6807612.5,5625.0,84.06388727823892,83.73333485921223,34.06388727823892,33.73333485921224,33,1321,1e-05,
2466,triangle,26,1598,27,,308106.58230215794,6807684.864428665,6587.2431640625,85.73816548234574,87.83541075145222,35.73816548234573,37.83541075145222,33,1321,1e-05,
2467,triangle,250,1593,251,,307062.36884610687,6806999.806037862,7024.1845703125,96.15538798376598,95.28398142859568,46.15538798376596,45.28398142859569,33,1321,1e-05,
2468,triangle,259,1599,260,,307725.1114259625,6807061.746858175,6959.05712890625,88.76666198973776,89.32008797035246,38.76666198973775,39.32008797035247,33,1321,1e-05,
2469,triangle,284,1600,283,,307052.6785714286,6808134.821428572,7031.25,94.99753412259697,96.60212777585053,44.997534122596974,46.60212777585053,33,1321,1e-05,
2470,triangle,289,1601,288,,307428.8009637298,6807904.923976376,7455.94384765625,94.23994194040442,94.3032948447151,44.23994194040443,44.303294844715104,33,1321,1e-05,
2471,triangle,31,1611,1610,,307803.94011581317,6807646.730667588,13016.57958984375,103.94140643843576,102.93378762320401,53.94140643843577,52.93378762320399,33,1321,1e-05,
2472,triangle,1600,1608,1603,,307096.4285714286,6807978.571428572,15770.08935546875,99.10000191684466,100.24170961509411,49.10000191684467,50.2417096150941,33,1321,1e-05,
2473,triangle,16,1620,1592,,308288.5107390959,6807294.797234625,11949.56787109375,83.98909810818918,83.94225057303582,33.989098108189175,33.942250573035814,33,1321,1e-05,
2474,triangle,1595,1599,1588,,307913.3914076995,6807195.093839851,26607.1357421875,90.53750521013077,91.22792613318353,40.53750521013077,41.22792613318353,33,1321,1e-05,
2475,triangle,1590,1609,1587,,307360.98174610856,6807422.109772741,39252.34423828125,109.5258272820672,110.23688006036127,59.52582728206718,60.23688006036127,33,1321,1e-05,
2476,triangle,1588,1611,1598,,307956.91435444687,6807544.662269812,20528.7265625,104.13971312156086,100.01457737319394,54.13971312156087,50.01457737319394,33,1321,1e-05,
2477,triangle,1613,1619,1587,,307088.2484593109,6807363.845107262,46026.4541015625,105.24560568239914,103.19810769802115,55.245605682399145,53.19810769802115,33,1321,1e-05,
2478,triangle,22,1597,23,,308362.5,6807562.5,4218.75,83.32500076293945,83.23333485921223,33.32500076293945,33.23333485921224,33,1321,1e-05,
2479,triangle,24,1597,25,,308287.5,6807637.5,4218.75,84.14999961853027,84.0,34.14999961853027,34.0,33,1321,1e-05,
2480,triangle,27,1598,28,,308056.58230215794,6807709.864428665,4515.251953125,88.83006793666614,88.93540922557331,38.83006793666614,38.935409225573316,33,1321,1e-05,
2481,triangle,34,1604,289,,307537.8579057083,6807854.057770043,5168.50048828125,93.56239640705604,93.93391457356512,43.562396407056035,43.93391457356512,33,1321,1e-05,
2482,triangle,251,1593,252,,307087.36884610687,6807049.806037862,4233.5048828125,94.62881145850388,94.28398142859568,44.62881145850388,44.28398142859569,33,1321,1e-05,
2483,triangle,260,1599,261,,307775.1114259625,6807036.746858175,4134.021484375,86.74698723696729,87.18675412839282,36.74698723696729,37.18675412839283,33,1321,1e-05,
2484,triangle,267,1605,266,,305811.73259561096,6808619.3417216055,3449.05615234375,98.68380060743449,98.7392255031474,48.68380060743449,48.73922550314739,33,1321,1e-05,
2485,triangle,270,1606,269,,306042.50781559374,6808611.920175803,4283.97998046875,98.11886954120274,98.01376321878871,48.11886954120275,48.01376321878871,33,1321,1e-05,
2486,triangle,280,1607,279,,306792.8753644315,6808305.849125364,4966.9736328125,96.30680387506547,96.15320651805418,46.30680387506547,46.15320651805418,33,1321,1e-05,
2487,triangle,283,1600,282,,307002.6785714286,6808159.821428572,4520.08935546875,96.17402224636966,96.73545907467866,46.174022246369674,46.73545907467866,33,1321,1e-05,
2488,triangle,285,1608,284,,307162.5,6808087.5,4218.75,94.42499923706055,94.8583329518636,44.42499923706055,44.85833295186361,33,1321,1e-05,
2489,triangle,288,1601,287,,307378.8009637298,6807929.923976376,5071.052734375,94.10719654861859,94.23662665216953,44.10719654861859,44.23662665216953,33,1321,1e-05,
2490,triangle,33,1604,34,,307587.8579057083,6807829.057770043,6534.486328125,93.45244476966337,93.53391304768621,43.452444769663366,43.53391304768621,33,1321,1e-05,
2491,triangle,268,1605,267,,305861.73259561096,6808594.3417216055,4941.63916015625,98.61762704314907,98.6392270290263,48.61762704314907,48.639227029026294,33,1321,1e-05,
2492,triangle,269,1606,268,,305992.50781559374,6808586.920175803,6253.60986328125,98.22733175480563,98.21376271016241,48.22733175480563,48.213762710162406,33,1321,1e-05,
2493,triangle,271,1606,270,,306092.50781559374,6808586.920175803,5126.85107421875,98.43512761768987,98.18042988545538,48.43512761768987,48.180429885455375,33,1321,1e-05,
2494,triangle,281,1607,280,,306842.8753644315,6808280.849125364,5768.49462890625,96.14996716347393,95.95320448354897,46.14996716347393,45.95320448354897,33,1321,1e-05,
2495,triangle,286,1608,285,,307212.5,6808062.5,5625.0,94.02499919467502,94.49166425069173,44.02499919467502,44.491664250691734,33,1321,1e-05,
2496,triangle,279,1607,1596,,306717.8753644315,6808280.849125364,11944.92529296875,97.10990155581067,97.05320550080158,47.10990155581068,47.053205500801575,33,1321,1e-05,
2497,triangle,1614,1615,257,,307524.07099395496,6807163.080515552,9568.8203125,105.99785273906022,101.13933105739564,55.99785273906021,51.13933105739562,33,1321,1e-05,
2498,triangle,1588,1620,1595,,308043.2080563909,6807246.787548013,30054.05810546875,89.8605275260851,90.21155950335951,39.86052752608509,40.21155950335952,33,1321,1e-05,
2499,triangle,1588,1598,1591,,308048.5888633051,6807496.535829577,22890.197265625,99.46776235577403,95.01385721646527,49.46776235577402,45.01385721646528,33,1321,1e-05,
2500,triangle,259,1615,1599,,307687.6114259625,6807135.627883721,11683.501953125,99.30031467608944,97.34224939451589,49.30031467608945,47.342249394515896,33,1321,1e-05,
2501,triangle,1598,1611,29,,307961.0641109404,6807671.2885458395,9188.21044921875,103.11613749700223,96.52569332540264,53.116137497002235,46.52569332540264,33,1321,1e-05,
2502,triangle,1591,1620,1588,,308096.93463580107,6807375.111967248,26943.29248046875,94.31454866645166,92.51550063024854,44.31454866645166,42.51550063024854,33,1321,1e-05,
2503,triangle,284,1608,1600,,307090.1785714286,6808072.321428572,8839.28564453125,95.6704925355396,96.79379406104748,45.670492535539594,46.79379406104747,33,1321,1e-05,
2504,triangle,289,1604,1601,,307466.6588694381,6807833.9817464175,10712.80078125,94.50740040818232,95.03720738377501,44.50740040818233,45.03720738377501,33,1321,1e-05,
2505,triangle,1609,1613,1587,,307231.78053912433,6807347.11336401,29786.43359375,108.02380254995457,105.58489738104292,58.02380254995457,55.584897381042914,33,1321,1e-05,
2506,triangle,1596,1616,276,,306518.75,6808350.529131253,9784.22265625,97.34676933574926,97.81600491198328,47.34676933574925,47.81600491198329,33,1321,1e-05,
2507,triangle,1595,1617,263,,307990.5371727882,6807037.466572131,3441.080078125,84.66481749590096,84.91688808272355,34.66481749590096,34.916888082723545,33,1321,1e-05,
2508,triangle,1592,1597,22,,308346.082664442,6807493.856668289,8288.287109375,83.12181106504453,83.10519640780034,33.121811065044525,33.10519640780034,33,1321,1e-05,
2509,triangle,12,1617,1595,,308040.5371727882,6807037.466572131,3866.9072265625,84.4774911500032,84.71688859134984,34.477491150003225,34.71688859134985,33,1321,1e-05,
2510,triangle,276,1623,1596,,306575.0,6808373.373073719,5441.970703125,96.97968255243754,97.31518508771461,46.979682552437524,47.31518508771461,33,1321,1e-05,
2511,triangle,1596,1623,278,,306625.0,6808373.373073719,5441.970703125,96.72340274277369,97.08185022850238,46.723402742773665,47.08185022850237,33,1321,1e-05,
2512,triangle,1606,1621,1602,,306067.8779410622,6808434.446021515,10682.62890625,99.77565077029888,100.49146364811925,49.775650770298896,50.491463648119264,33,1321,1e-05,
2513,triangle,263,1617,11,,307998.10743455763,6806977.493314426,2880.08447265625,84.61530279073052,84.53126679239081,34.61530279073054,34.5312667923908,33,1321,1e-05,
2514,triangle,275,1618,274,,306423.4375,6808450.132282813,2621.8369140625,96.68835375653114,96.55792694986337,46.68835375653113,46.55792694986337,33,1321,1e-05,
2515,triangle,274,1618,1616,,306417.1875,6808400.661414067,2592.0732421875,97.08134994198127,97.04059852851333,47.08134994198127,47.040598528513335,33,1321,1e-05,
2516,triangle,1590,1614,1609,,307443.4969576848,6807300.515404495,18548.79833984375,112.77060291605255,107.7303179200984,62.77060291605255,57.73031792009839,33,1321,1e-05,
2517,triangle,11,1617,12,,308048.10743455763,6806977.493314426,3305.91162109375,84.43833347331132,84.3312673010171,34.43833347331131,34.33126730101711,33,1321,1e-05,
2518,triangle,276,1618,275,,306473.4375,6808450.132282813,2973.3994140625,96.77260971884166,96.72459361653004,46.77260971884168,46.724593616530036,33,1321,1e-05,
2519,triangle,277,1623,276,,306575.0,6808448.373073719,2995.529296875,96.53550298469136,96.51518457908831,46.53550298469137,46.515184579088306,33,1321,1e-05,
2520,triangle,278,1623,277,,306625.0,6808448.373073719,2995.529296875,96.3956605788657,96.28184971987606,46.3956605788657,46.28184971987607,33,1321,1e-05,
2521,triangle,1590,1615,1614,,307536.57099395496,6807283.913848885,17579.24072265625,111.53709937893328,108.264330845468,61.53709937893326,58.26433084546799,33,1321,1e-05,
2522,triangle,1616,1618,276,,306467.1875,6808400.661414068,2943.6357421875,97.12782749650596,97.20726519518001,47.12782749650596,47.20726519518001,33,1321,1e-05,
2523,triangle,1610,1611,1588,,307849.7903593197,6807520.104391561,23725.55126953125,107.95744518712097,105.7226721796216,57.95744518712097,55.72267217962159,33,1321,1e-05,
2524,triangle,16,1622,1620,,308262.41009331733,6807229.30070792,2913.3115234375,83.40886778127441,83.97608288452446,33.40886778127441,33.97608288452446,33,1321,1e-05,
2525,triangle,1620,1622,14,,308237.41009331733,6807204.30070792,2726.8046875,83.61628708417945,84.14274955119113,33.61628708417944,34.14274955119113,33,1321,1e-05,
2526,triangle,1591,1597,1592,,308267.23898208275,6807482.154345229,12741.3974609375,85.75291526401666,86.42809266698174,35.75291526401667,36.42809266698174,33,1321,1e-05,
2527,triangle,1592,1620,1591,,308234.6670567366,6807383.094911564,19767.947265625,88.3665642975844,87.29847965692424,38.366564297584404,37.29847965692425,33,1321,1e-05,
2528,triangle,14,1622,15,,308282.4820186635,6807165.860141584,1784.26611328125,82.75538428027296,82.77236256124861,32.75538428027297,32.77236256124862,33,1321,1e-05,
2529,triangle,15,1622,16,,308307.4820186635,6807190.860141584,1970.77294921875,82.59313850837083,82.60569589458196,32.59313850837082,32.60569589458195,33,1321,1e-05,
2530,triangle,42,1605,748,,305766.71203259885,6808523.890593339,11185.888671875,99.34640790650923,100.69149777975058,49.346407906509235,50.69149777975057,33,1321,9.39023600500643e-06,
2531,triangle,19,21,20,,308500.0,6807400.0,2812.5,82.27777777777777,82.03333282470703,32.277777777777786,32.03333282470703,33,1321,1e-05,
2532,triangle,265,266,42,,305714.16749084945,6808639.16749085,1218.6572265625,98.82171319001905,98.86729207996297,48.821713190019054,48.867292079962965,33,1321,1e-05,
2533,triangle,264,45,751,,306892.6432284603,6806973.858523929,5214.1376953125,101.08133063113169,98.73130468717005,51.081330631131706,48.73130468717005,33,1321,8.170708015019286e-06,
2534,triangle,46,1624,47,,307006.5101534023,6806854.9289431535,2311.845703125,96.70559430970445,95.37125918747468,46.70559430970444,45.371259187474685,18,2041,5.934906700042857e-06,
2535,triangle,45,264,46,,306959.09462334285,6806905.533867498,141.4951171875,96.36941771647325,96.09731917983049,46.36941771647325,46.09731917983049,33,1321,1e-05,
2536,triangle,47,1624,249,,307038.5850255671,6806840.564571164,954.9326171875,94.10669471916036,94.08982889193106,44.10669471916038,44.08982889193106,33,1321,9.593490670004288e-06,
2537,triangle,250,1624,264,,307013.5850255671,6806909.154823859,1782.58203125,94.50060603821149,94.46759658013623,44.50060603821148,44.46759658013624,33,1321,1e-05,
2538,triangle,249,1624,250,,307038.5850255671,6806884.154823859,1284.1845703125,93.82761551776429,93.90093093072217,43.82761551776428,43.900930930722176,33,1321,1e-05,
2539,triangle,264,1624,46,,306981.51015340234,6806898.51919585,1154.6455078125,96.18704324984004,95.61569303372022,46.18704324984003,45.61569303372023,33,1321,9.593490670004288e-06,
2540,triangle,173,1695,174,,300362.7091709742,6810229.412752193,9323.78369140625,134.7901063920801,133.51238066892847,84.79010639208012,83.51238066892847,18,2041,4.30886938006e-06,
2541,triangle,118,1693,119,,304071.90531957895,6808920.847152264,9252.8466796875,106.69135339747741,107.2060316328579,56.691353397477414,57.2060316328579,18,2041,4.30886938006e-06,
2542,triangle,180,296,181,,300042.9524925678,6810777.826466563,3293.470703125,136.54794067838145,136.69974260639825,86.54794067838147,86.69974260639823,18,2041,5.528397370047142e-06,
2543,triangle,159,1689,160,,301000.01575370185,6809425.564304414,5561.515625,126.59642345713107,125.9438276234162,76.59642345713105,75.94382762341618,18,2041,4.30886938006e-06,
2544,triangle,1642,1677,1676,,300293.682797018,6807780.171790403,24455.6259765625,129.67499841710062,129.17021338326072,79.67499841710061,79.17021338326073,18,2041,4.30886938006e-06,
2545,triangle,1625,1678,1629,,302043.0443013064,6808712.79329861,134856.86376953125,132.44927034983525,132.1969774648775,82.44927034983525,82.19697746487749,18,2041,4.30886938006e-06,
2546,triangle,144,1691,145,,302132.07245204033,6809330.464595914,7822.73291015625,117.60603617688005,120.03846368414382,67.60603617688005,70.03846368414382,18,2041,4.30886938006e-06,
2547,triangle,292,1645,1641,,300352.53685277357,6809248.08136489,84472.09716796875,139.87544818581557,136.80056744112258,89.87544818581556,86.80056744112257,18,2041,4.30886938006e-06,
2548,triangle,63,1697,64,,301567.1606498323,6807141.597981761,7492.27294921875,117.78701560643009,118.15513060683695,67.78701560643009,68.15513060683692,18,2041,4.30886938006e-06,
2549,triangle,294,1698,293,,299779.4402722863,6809942.401668386,41525.75634765625,142.2872496461939,142.5342652423044,92.2872496461939,92.5342652423044,18,2041,4.512124045057858e-06,
2550,triangle,1628,1708,1625,,301431.3993193468,6808148.035520599,226012.36865234375,152.6811866806308,145.2934383124439,102.68118668063079,95.29343831244391,18,2041,4.30886938006e-06,
2551,triangle,1641,1674,164,,300612.7525444867,6809456.366732818,19778.01416015625,128.8235484614563,131.2376943982915,78.8235484614563,81.23769439829148,18,2041,4.30886938006e-06,
2552,triangle,106,1648,107,,304517.89236078976,6808373.155471325,9029.60009765625,104.90664099903175,105.12173836965805,54.90664099903175,55.121738369658054,18,2041,4.30886938006e-06,
2553,triangle,112,1648,113,,304517.89236078976,6808623.155471325,9444.619140625,104.9617427203587,105.45507170299139,54.9617427203587,55.45507170299138,18,2041,4.30886938006e-06,
2554,triangle,1643,1678,1625,,301776.97769793536,6808679.634043912,141563.0595703125,135.77810771133375,140.45248889253483,85.77810771133372,90.45248889253484,18,2041,4.30886938006e-06,
2555,triangle,1625,1708,1643,,301489.32177441305,6808475.2929442115,234296.6083984375,151.91875578293238,147.36387241369522,101.91875578293237,97.3638724136952,18,2041,4.30886938006e-06,
2556,triangle,166,1694,167,,300529.5321297998,6809728.999818642,7927.63525390625,130.32458994370984,128.64554696424946,80.32458994370985,78.64554696424948,18,2041,4.30886938006e-06,
2557,triangle,117,1693,118,,304121.90531957895,6808870.847152264,9252.84716796875,106.53655288192037,106.97269677364567,56.536552881920365,56.97269677364566,18,2041,4.30886938006e-06,
2558,triangle,1632,1717,1708,,300675.53734150267,6808209.0556853665,86762.7802734375,143.60992163059908,149.1833340578255,93.6099216305991,99.1833340578255,18,2041,4.30886938006e-06,
2559,triangle,292,1692,291,,300318.7727859823,6808759.848243977,105806.3125,150.97799226818665,149.3819646640337,100.97799226818663,99.3819646640337,18,2041,4.512124045057858e-06,
2560,triangle,1677,1721,1651,,300625.17800590646,6807662.917219356,30373.31396484375,124.87297494928274,128.10986611514753,74.87297494928272,78.10986611514754,18,2041,4.30886938006e-06,
2561,triangle,129,1690,130,,303264.35372725286,6809105.745706442,7791.10791015625,111.5896179794589,115.05704822366981,61.58961797945891,65.05704822366981,18,2041,4.30886938006e-06,
2562,triangle,148,1706,149,,301818.9696245371,6809349.440216366,5687.9755859375,120.24674676285696,120.53982344906763,70.24674676285696,70.53982344906763,18,2041,4.30886938006e-06,
2563,triangle,1708,1717,1692,,300672.08102214517,6808451.647437637,141855.1015625,155.5023129778528,153.7682106275053,105.50231297785277,103.76821062750533,18,2041,4.30886938006e-06,
2564,triangle,160,1689,161,,300950.01575370185,6809425.564304414,5561.515625,126.85165349070337,126.17716248262843,76.85165349070337,76.17716248262842,18,2041,4.30886938006e-06,
2565,triangle,1627,1663,1662,,303885.8037502744,6808069.798312674,41985.853515625,114.55451959665332,112.48175647174308,64.55451959665332,62.48175647174307,18,2041,4.30886938006e-06,
2566,triangle,1625,1716,1703,,302368.8785340898,6808228.347533225,208224.55126953125,138.88544703567095,134.0728874393175,88.88544703567095,84.07288743931751,18,2041,4.30886938006e-06,
2567,triangle,1639,1720,1703,,302615.2599040784,6807531.535690068,94501.70263671875,129.93222584685378,122.66385532452017,79.93222584685378,72.66385532452017,18,2041,4.30886938006e-06,
2568,triangle,53,1653,54,,300912.96861651255,6807260.1074637165,5408.55908203125,117.05898346350978,117.20481771156676,67.0589834635098,67.20481771156675,18,2041,4.30886938006e-06,
2569,triangle,102,1665,103,,304265.8417480499,6808009.8307284685,4948.76025390625,103.94027656044685,104.01246632224739,53.94027656044683,54.012466322247384,18,2041,4.30886938006e-06,
2570,triangle,178,1686,179,,300112.5,6810587.5,5625.0,133.39166895548504,133.85000228881836,83.39166895548504,83.85000228881836,18,2041,4.30886938006e-06,
2571,triangle,1641,1692,292,,300456.0782228546,6809012.7831548555,119185.3525390625,143.0290757674151,143.0538792115004,93.0290757674151,93.05387921150042,18,2041,4.30886938006e-06,
2572,triangle,1648,1683,113,,304430.39236078976,6808660.655471325,22012.328125,106.00367090061643,106.27173735240545,56.00367090061641,56.271737352405445,18,2041,4.30886938006e-06,
2573,triangle,1629,1716,1625,,302267.00842680194,6808574.904166901,150248.453125,128.84158954564583,131.6480036597337,78.84158954564582,81.64800365973366,18,2041,4.30886938006e-06,
2574,triangle,174,1725,175,,300280.4501063708,6810331.056690637,7142.9853515625,132.53553910123796,132.47946877412127,82.53553910123796,82.47946877412126,18,2041,4.30886938006e-06,
2575,triangle,64,1697,65,,301617.1606498323,6807141.597981761,7492.27294921875,117.90552405355947,117.92179829075621,67.90552405355949,67.9217982907562,18,2041,4.30886938006e-06,
2576,triangle,1627,1647,1644,,303549.89744843723,6808308.118433625,136587.23193359375,132.28640278763763,123.93779568410396,82.28640278763763,73.93779568410396,18,2041,4.30886938006e-06,
2577,triangle,145,1709,146,,302031.73232538975,6809356.477811004,4896.24658203125,118.73901817537445,119.73470289549515,68.73901817537445,69.73470289549515,18,2041,4.30886938006e-06,
2578,triangle,147,1709,148,,301931.73232538975,6809356.477811004,4896.24658203125,119.44209568901216,120.0013680362829,69.44209568901216,70.0013680362829,18,2041,4.30886938006e-06,
2579,triangle,1625,1715,1628,,301671.97429991345,6807905.083064444,164381.2548828125,147.5622722716081,138.86223283434705,97.5622722716081,88.86223283434704,18,2041,4.30886938006e-06,
2580,triangle,89,1704,90,,303445.5232891257,6807536.608388157,10247.07373046875,108.33340086707022,109.31272719677435,58.333400867070225,59.31272719677435,18,2041,4.30886938006e-06,
2581,triangle,1644,1647,1626,,303271.64457850734,6808293.345474186,132266.3427734375,136.73576945952382,131.4656489641751,86.73576945952382,81.46564896417509,18,2041,4.30886938006e-06,
2582,triangle,1685,1695,173,,300400.2091709742,6810141.912752193,18677.32861328125,136.64709377879444,134.05404987872666,86.64709377879448,84.05404987872664,18,2041,4.30886938006e-06,
2583,triangle,119,1693,1684,,303984.40531957895,6808958.347152264,22435.81396484375,107.10087864321208,108.31436585628727,57.10087864321208,58.31436585628726,18,2041,4.30886938006e-06,
2584,triangle,179,1649,786,,299962.01216838375,6810570.749803017,22081.51611328125,135.67189475882202,137.3163831256629,85.671894758822,87.31638312566291,18,2041,4.512124045057858e-06,
2585,triangle,1625,1703,1631,,302252.4796963523,6807876.943622831,199231.3232421875,138.1215080251453,130.4479659190426,88.12150802514529,80.44796591904259,18,2041,4.30886938006e-06,
2586,triangle,1631,1715,1625,,301970.9633583506,6807790.499742754,165210.08984375,136.5221577659191,132.5688225560774,86.5221577659191,82.56882255607741,18,2041,4.30886938006e-06,
2587,triangle,1630,1672,1643,,301262.1812448651,6808980.065203629,60028.36962890625,143.71904225845458,140.54692183559362,93.71904225845458,90.5469218355936,18,2041,4.30886938006e-06,
2588,triangle,1683,1693,117,,304184.40531957895,6808808.347152264,13879.2705078125,106.35669589438085,107.056030106979,56.35669589438084,57.056030106978994,18,2041,4.30886938006e-06,
2589,triangle,130,1713,131,,303160.71066247905,6809137.63035566,4204.0849609375,111.72045338102961,112.4628536416853,61.72045338102963,62.46285364168529,18,2041,4.30886938006e-06,
2590,triangle,106,1682,1648,,304450.91804764554,6808341.438402612,14032.76953125,105.2281907983873,105.64067385417015,55.228190798387296,55.64067385417015,18,2041,4.30886938006e-06,
2591,triangle,88,1681,89,,303362.8420083232,6807418.281623987,6236.95654296875,108.0323418332487,107.88880106364498,58.03234183324871,57.88880106364498,18,2041,4.30886938006e-06,
2592,triangle,103,1682,104,,304383.02568685584,6808143.282931287,6778.9404296875,103.61955952354795,103.85227136097694,53.61955952354794,53.85227136097694,18,2041,4.30886938006e-06,
2593,triangle,113,1683,114,,304412.5,6808762.5,5625.0,104.57500139872232,104.5500005086263,54.57500139872232,54.550000508626304,18,2041,4.30886938006e-06,
2594,triangle,119,1684,120,,303962.5,6809062.5,5625.0,106.7666664123535,107.07500139872234,56.7666664123535,57.07500139872233,18,2041,4.30886938006e-06,
2595,triangle,172,1685,173,,300487.5,6810137.5,5625.0,131.20832951863608,131.14166514078775,81.20832951863608,81.14166514078777,18,2041,4.30886938006e-06,
2596,triangle,1692,1717,291,,300401.20534542855,6808506.147683243,66515.28662109375,159.04218276014475,154.34596931405807,109.04218276014475,104.34596931405804,18,2041,4.30886938006e-06,
2597,triangle,62,1699,63,,301437.5,6807125.0,5625.0,116.43333095974391,116.33333206176758,66.4333309597439,66.33333206176758,18,2041,4.30886938006e-06,
2598,triangle,143,1701,144,,302237.5,6809350.0,5625.0,117.27777862548828,118.28333155314128,67.27777862548828,68.28333155314128,18,2041,4.30886938006e-06,
2599,triangle,167,1702,168,,300561.2313083283,6809832.246216147,4361.4775390625,127.81450769535397,128.35087158820133,77.81450769535397,78.35087158820131,18,2041,4.30886938006e-06,
2600,triangle,1627,1662,1647,,303703.6875646649,6808070.919084837,77333.75390625,122.16785959417794,119.01310412679167,72.16785959417795,69.01310412679167,18,2041,4.30886938006e-06,
2601,triangle,295,1698,294,,299769.3341301751,6810157.8405255275,61663.4169921875,144.31909962350417,141.06437208670613,94.31909962350417,91.06437208670614,18,2041,4.30886938006e-06,
2602,triangle,154,1722,155,,301366.89991231443,6809375.213237975,2788.5107421875,121.34576833481545,121.69753277306427,71.34576833481543,71.69753277306428,18,2041,4.30886938006e-06,
2603,triangle,150,1723,151,,301661.5960526687,6809371.646105255,3189.8134765625,120.4485235404419,120.44611141262187,70.44852354044188,70.44611141262187,18,2041,4.30886938006e-06,
2604,triangle,152,1723,153,,301561.5960526687,6809371.646105255,3189.81298828125,120.34339580759705,120.94610886949037,70.34339580759706,70.94610886949037,18,2041,4.30886938006e-06,
2605,triangle,132,1714,133,,303016.91141179524,6809141.794739296,3735.591796875,112.58306262087387,112.8553687614633,62.583062620873875,62.855368761463296,18,2041,4.30886938006e-06,
2606,triangle,124,1711,125,,303615.78728197975,6809143.73262963,3517.57958984375,109.09519769383952,109.16162455982446,59.09519769383952,59.16162455982445,18,2041,4.30886938006e-06,
2607,triangle,126,1712,127,,303466.31272460317,6809141.809385383,3733.9443359375,109.72042952957315,109.81542384370158,59.720429529573146,59.81542384370158,18,2041,4.30886938006e-06,
2608,triangle,128,1712,129,,303366.31272460317,6809141.809385383,3733.94384765625,110.27424310544865,110.6154268954594,60.27424310544865,60.61542689545939,18,2041,4.30886938006e-06,
2609,triangle,239,1650,240,,299856.7891901438,6807906.789190143,9965.0673828125,123.53282965059036,124.20172363199559,73.53282965059037,74.20172363199558,18,2041,4.30886938006e-06,
2610,triangle,1627,1664,1663,,303990.8996060656,6808169.606608625,42898.2275390625,111.88605168069205,112.2582781069674,61.88605168069204,62.258278106967396,18,2041,4.30886938006e-06,
2611,triangle,1703,1720,1631,,302417.2532405528,6807551.091981225,82040.7333984375,131.5077600359852,123.84320368081954,81.50776003598517,73.84320368081954,18,2041,4.30886938006e-06,
2612,triangle,290,1650,783,,299905.5673933473,6808090.470510653,20278.337890625,133.17374809144258,133.59326667976694,83.17374809144258,83.59326667976696,18,2041,4.715378710055714e-06,
2613,triangle,1703,1716,1626,,302716.72738461924,6808235.95229347,141138.3505859375,138.7165954954441,136.31376710191464,88.7165954954441,86.3137671019146,18,2041,4.30886938006e-06,
2614,triangle,1710,1721,1637,,300976.6879139666,6807558.481611122,37629.85791015625,134.64455379312525,133.27054613846687,84.64455379312525,83.27054613846688,18,2041,4.30886938006e-06,
2615,triangle,71,1726,72,,302162.5,6807044.180456172,4970.30126953125,112.74386404883299,112.8982569496053,62.74386404883299,62.8982569496053,18,2041,4.30886938006e-06,
2616,triangle,149,1706,150,,301768.9696245371,6809349.440216366,5687.9755859375,120.54164814703786,120.83982395769392,70.54164814703785,70.83982395769392,18,2041,4.30886938006e-06,
2617,triangle,153,1707,154,,301459.35008462565,6809352.466607902,5347.5068359375,121.55123905200693,124.05854537124507,71.55123905200693,74.05854537124507,18,2041,4.30886938006e-06,
2618,triangle,1643,1708,1630,,301176.21218534856,6808714.292687704,152551.74365234375,149.58063986622707,146.27412398903954,99.5806398662271,96.27412398903954,18,2041,4.30886938006e-06,
2619,triangle,1639,1703,1633,,302831.2946153584,6807670.709514472,93928.64208984375,121.89056671489479,123.70515026574164,71.89056671489477,73.70515026574164,18,2041,4.30886938006e-06,
2620,triangle,1630,1708,1692,,300876.37558359356,6808691.144437059,138102.8037109375,150.79629371129826,147.43216852257066,100.79629371129826,97.43216852257068,18,2041,4.30886938006e-06,
2621,triangle,785,1645,292,,300123.4096566516,6809289.99692031,67633.89990234375,133.95390664842645,136.41450329286656,83.95390664842647,86.41450329286654,18,2041,4.512124045057858e-06,
2622,triangle,786,1649,295,,299835.29585267394,6810478.090407465,23341.47509765625,140.80754505659542,139.78612521854032,90.80754505659542,89.78612521854033,18,2041,5.121888040051429e-06,
2623,triangle,1632,1677,1642,,300415.35471357993,6807883.08332853,61013.47412109375,135.46017743365718,134.11009905830545,85.46017743365717,84.11009905830544,18,2041,4.30886938006e-06,
2624,triangle,1626,1668,1644,,303104.21083848574,6808587.292477164,106481.54248046875,136.59770821383245,132.02938572797095,86.59770821383243,82.02938572797095,18,2041,4.30886938006e-06,
2625,triangle,1644,1688,1635,,303538.0658431489,6808773.317142372,43789.30126953125,119.6094360135075,118.23244747855746,69.60943601350752,68.23244747855746,18,2041,4.30886938006e-06,
2626,triangle,1653,1654,58,,301125.46861651255,6807197.6074637165,8007.3994140625,117.09395689705424,116.92148425107685,67.09395689705424,66.92148425107683,18,2041,4.30886938006e-06,
2627,triangle,1655,1656,68,,301883.6432973004,6807052.76665299,7569.49853515625,113.87217994198431,114.11033572067122,63.87217994198432,64.11033572067122,18,2041,4.30886938006e-06,
2628,triangle,1657,1658,80,,302775.0,6807200.0,8437.5,110.66666666666666,110.81666692097981,60.66666666666666,60.81666692097982,18,2041,4.30886938006e-06,
2629,triangle,1658,1659,83,,302988.1182596492,6807277.657691799,8217.6376953125,109.4312070118154,109.50942887302601,59.4312070118154,59.509428873026,18,2041,4.30886938006e-06,
2630,triangle,1661,1662,95,,303783.0028428197,6807794.368371907,8935.328125,106.99039627570745,106.93924319558012,56.990396275707454,56.939243195580126,18,2041,4.30886938006e-06,
2631,triangle,1669,1670,139,,302545.1380382103,6809284.613958839,6113.4375,117.27163429176423,116.50613327124262,67.27163429176423,66.50613327124262,18,2041,4.30886938006e-06,
2632,triangle,1628,1721,1708,,301064.07307619095,6807975.662832388,130246.6025390625,148.27428013143307,145.9894912591237,98.27428013143309,95.98949125912371,18,2041,4.30886938006e-06,
2633,triangle,1698,1718,293,,299912.8681961407,6809844.607593109,60311.86376953125,147.13413189511448,142.95876319325802,97.13413189511446,92.958763193258,18,2041,4.30886938006e-06,
2634,triangle,1708,1721,1632,,300825.6152488597,6808037.180253085,96752.88818359375,141.6912065233762,144.63309332422634,91.6912065233762,94.63309332422632,18,2041,4.30886938006e-06,
2635,triangle,1667,1668,1640,,302786.389839458,6809006.882603049,36592.3115234375,119.44120649956707,119.67619868042038,69.44120649956709,69.6761986804204,18,2041,4.30886938006e-06,
2636,triangle,52,1710,53,,300828.75,6807378.75,9281.25,118.67150276184091,120.5370816675822,68.67150276184091,70.5370816675822,18,2041,4.30886938006e-06,
2637,triangle,1626,1716,1668,,302839.76752495265,6808563.687321354,117903.396484375,141.2158417900595,135.31364714161631,91.21584179005951,85.3136471416163,18,2041,4.30886938006e-06,
2638,triangle,1626,1647,1633,,303184.7202717818,6807992.658847287,120946.39208984375,131.42466084313077,130.57626922226015,81.42466084313077,80.57626922226015,18,2041,4.30886938006e-06,
2639,triangle,146,1709,147,,301981.73232538975,6809356.477811004,4896.24609375,119.08968050713607,119.83470136961624,69.08968050713607,69.83470136961624,18,2041,4.30886938006e-06,
2640,triangle,57,1653,58,,301062.96861651255,6807185.1074637165,3949.58984375,116.071903967862,116.3381515535264,66.071903967862,66.33815155352637,18,2041,4.30886938006e-06,
2641,triangle,60,1654,61,,301287.5,6807112.5,4218.75,115.84166526794434,115.98333168029785,65.84166526794434,65.98333168029785,18,2041,4.30886938006e-06,
2642,triangle,67,1655,68,,301823.7148268398,6807034.1455419585,3841.37353515625,113.6057648579447,113.82763889772168,63.605764857944706,63.82763889772169,18,2041,4.30886938006e-06,
2643,triangle,73,1680,74,,302310.71428571426,6807027.0062665045,3038.205078125,111.65181184353598,111.66111333082904,61.651811843535974,61.66111333082903,18,2041,4.30886938006e-06,
2644,triangle,80,1658,81,,302837.5,6807187.5,4218.75,109.74166552225748,109.93333371480306,59.74166552225748,59.93333371480306,18,2041,4.30886938006e-06,
2645,triangle,83,1659,84,,303050.6182596492,6807265.157691799,4517.740234375,108.7513433725026,108.60943052606149,58.7513433725026,58.60943052606149,18,2041,4.30886938006e-06,
2646,triangle,116,1683,117,,304262.5,6808837.5,4218.75,105.15833218892415,105.31666564941406,55.15833218892415,55.31666564941406,18,2041,4.30886938006e-06,
2647,triangle,122,1684,123,,303812.5,6809137.5,4218.75,108.06666692097981,107.87499936421712,58.06666692097981,57.874999364217125,18,2041,4.30886938006e-06,
2648,triangle,138,1669,139,,302605.2113702624,6809296.5291726915,3202.9677734375,115.62280069916014,115.45430449539494,65.62280069916014,65.45430449539494,18,2041,4.30886938006e-06,
2649,triangle,141,1670,142,,302389.92666794785,6809363.084786148,4152.9619140625,116.29387615328781,116.75182826722137,66.29387615328781,66.75182826722138,18,2041,4.30886938006e-06,
2650,triangle,158,1671,159,,301113.8015410246,6809435.588361621,4433.80908203125,124.59470203111331,123.6096987059089,74.59470203111331,73.6096987059089,18,2041,4.30886938006e-06,
2651,triangle,163,1673,164,,300736.8680914792,6809513.314516481,4127.11669921875,125.71806498005625,126.06966444997403,75.71806498005627,76.06966444997403,18,2041,4.30886938006e-06,
2652,triangle,169,1685,170,,300562.5,6809987.5,4218.75,129.65833473205566,130.04166666666666,79.65833473205565,80.04166666666667,18,2041,4.30886938006e-06,
2653,triangle,1647,1662,1661,,303662.8468304626,6807869.099763137,33674.22705078125,113.78759208092589,114.27526936097377,63.78759208092589,64.27526936097377,18,2041,4.30886938006e-06,
2654,triangle,1664,1682,103,,304285.25381014525,6808168.400944653,24170.88818359375,104.70051369591091,105.54476154551855,54.70051369591091,55.544761545518554,18,2041,4.30886938006e-06,
2655,triangle,1645,1674,1641,,300480.80796927976,6809422.857437507,42047.0322265625,133.7534016008657,133.67293820763243,83.75340160086569,83.6729382076324,18,2041,4.30886938006e-06,
2656,triangle,1633,1703,1626,,302894.24639142683,6807958.87082238,138018.02099609375,127.98292893127669,132.14012594635435,77.98292893127667,82.14012594635433,18,2041,4.30886938006e-06,
2657,triangle,1672,1689,1671,,301142.0651429627,6809274.3771243645,22550.40234375,126.75499931710499,131.77827172363018,76.75499931710497,81.77827172363016,18,2041,4.30886938006e-06,
2658,triangle,1632,1721,1677,,300627.6776143308,6807814.95213206,64393.6025390625,131.46037046438298,134.05020680341886,81.46037046438299,84.05020680341886,18,2041,4.30886938006e-06,
2659,triangle,783,1705,237,,299707.7822713516,6808022.576344144,5406.42236328125,123.63412417030233,124.5932135465679,73.63412417030233,74.5932135465679,18,2041,4.30886938006e-06,
2660,triangle,1637,1699,1654,,301264.654568058,6807291.104042827,21783.46533203125,120.89618689637351,123.33932760455407,70.89618689637351,73.33932760455409,18,2041,4.30886938006e-06,
2661,triangle,1640,1701,1670,,302437.471310805,6809194.781214719,21857.7578125,119.980883665926,118.3000860556504,69.980883665926,68.3000860556504,18,2041,4.30886938006e-06,
2662,triangle,1633,1659,1639,,302992.5427677198,6807494.923839948,50060.48388671875,112.75268786987769,116.71469586781011,62.7526878698777,66.71469586781011,18,2041,4.30886938006e-06,
2663,triangle,103,1665,1664,,304218.0698713393,6808084.948741835,18309.55712890625,104.92475161707823,105.60495803266792,54.924751617078236,55.6049580326679,18,2041,4.30886938006e-06,
2664,triangle,131,1713,132,,303110.71066247905,6809137.63035566,4204.0849609375,112.01272551291065,112.4628536416853,62.01272551291065,62.46285364168529,18,2041,4.30886938006e-06,
2665,triangle,164,1673,1641,,300695.57664035447,6809418.20161537,18469.30908203125,129.80206540381025,130.63795138978483,79.80206540381026,80.63795138978485,18,2041,4.30886938006e-06,
2666,triangle,291,1717,784,,300239.73940830614,6808368.787936255,29050.1171875,156.22076777958543,154.79463196262648,106.22076777958546,104.79463196262645,18,2041,4.715378710055714e-06,
2667,triangle,1641,1689,1630,,300871.22430257715,6809192.951403302,60337.49658203125,133.70539460494834,134.93711380028756,83.70539460494834,84.93711380028755,18,2041,4.30886938006e-06,
2668,triangle,1671,1722,1672,,301258.94930157514,6809274.026057924,15449.15283203125,129.59444843697182,128.9986440485712,79.59444843697182,78.99864404857121,18,2041,4.30886938006e-06,
2669,triangle,1627,1644,1635,,303645.0534607943,6808583.387042395,98822.6494140625,120.52239392789686,119.5017685014577,70.52239392789684,69.5017685014577,18,2041,4.30886938006e-06,
2670,triangle,1667,1714,1668,,302918.2566083961,6809016.980913774,17728.52001953125,118.27123804106664,119.0999770830608,68.27123804106662,69.0999770830608,18,2041,4.30886938006e-06,
2671,triangle,1671,1689,159,,301063.81729472644,6809386.152666035,13062.8310546875,128.10661774873742,126.48686067991103,78.1066177487374,76.486860679911,18,2041,4.30886938006e-06,
2672,triangle,179,1686,1649,,300049.8135940499,6810534.2984917695,14998.13671875,134.75818419446648,136.34035539896487,84.75818419446647,86.34035539896489,18,2041,4.30886938006e-06,
2673,triangle,1680,1726,1720,,302338.5974189792,6807168.835337578,17619.7890625,114.03667394324036,114.73602084471526,64.03667394324036,64.73602084471526,18,2041,4.30886938006e-06,
2674,triangle,1642,1724,1717,,300267.55038441264,6808134.780655041,24057.16455078125,147.71311881897367,147.03087237243878,97.71311881897365,97.03087237243881,18,2041,4.30886938006e-06,
2675,triangle,293,1718,785,,299904.42741348036,6809613.26481213,52848.54638671875,141.63220764413865,142.43911301171798,91.63220764413867,92.439113011718,18,2041,4.512124045057858e-06,
2676,triangle,61,1699,62,,301387.5,6807125.0,5625.0,116.19999821980792,116.53333155314128,66.19999821980792,66.53333155314128,18,2041,4.30886938006e-06,
2677,triangle,123,1700,124,,303712.5,6809125.0,5625.0,109.18333180745444,109.69999821980794,59.18333180745444,59.699998219807945,18,2041,4.30886938006e-06,
2678,triangle,142,1701,143,,302287.5,6809350.0,5625.0,117.11666742960611,118.18333307902019,67.11666742960611,68.18333307902019,18,2041,4.30886938006e-06,
2679,triangle,168,1702,169,,300561.2313083283,6809882.246216147,4361.47802734375,128.14349245480219,128.6508720968276,78.14349245480219,78.65087209682763,18,2041,4.30886938006e-06,
2680,triangle,1630,1692,1641,,300742.8053437493,6808998.579593544,105702.07470703125,136.92885561161393,141.6818417565901,86.92885561161391,91.68184175659012,18,2041,4.30886938006e-06,
2681,triangle,1656,1696,71,,302072.4284704605,6807101.313418724,15958.669921875,114.91915901585722,115.13526161020361,64.91915901585722,65.13526161020361,18,2041,4.30886938006e-06,
2682,triangle,1697,1715,1638,,301766.01820699725,6807400.741261713,47828.9892578125,129.484327520821,129.074118588935,79.48432752082101,79.074118588935,18,2041,4.30886938006e-06,
2683,triangle,63,1699,1697,,301504.6606498323,6807191.597981761,20724.55517578125,120.38250714441558,120.08846368585712,70.38250714441558,70.0884636858571,18,2041,4.30886938006e-06,
2684,triangle,155,1722,156,,301316.89991231443,6809375.213237975,2788.5107421875,121.91617561914273,121.83086661502391,71.91617561914273,71.83086661502391,18,2041,4.30886938006e-06,
2685,triangle,1631,1696,1638,,302091.00378787884,6807349.836101398,28146.306640625,123.17648868929686,122.31747889224356,73.17648868929685,72.31747889224356,18,2041,4.30886938006e-06,
2686,triangle,1696,1726,71,,302150.0,6807126.872763865,11469.17626953125,115.11352705858394,115.35082021098047,65.11352705858394,65.35082021098047,18,2041,4.30886938006e-06,
2687,triangle,151,1723,152,,301611.5960526687,6809371.646105255,3189.81298828125,120.276524490351,120.37944322007631,70.276524490351,70.37944322007631,18,2041,4.30886938006e-06,
2688,triangle,133,1714,134,,302966.91141179524,6809141.794739296,3735.591796875,112.85689532717765,112.98870260342294,62.85689532717766,62.98870260342293,18,2041,4.30886938006e-06,
2689,triangle,1651,1721,1652,,300724.44094182417,6807605.9785326095,20431.380859375,127.18964402983066,127.21053436589408,77.18964402983067,77.21053436589409,18,2041,4.30886938006e-06,
2690,triangle,1657,1720,1639,,302638.38979679055,6807303.092323746,33699.22216796875,116.37321815587771,116.38063795728984,66.37321815587771,66.38063795728984,18,2041,4.30886938006e-06,
2691,triangle,1668,1716,1640,,302701.35372821585,6808814.278733174,97912.314453125,128.29210245672957,126.02294300083288,78.29210245672957,76.0229430008329,18,2041,4.30886938006e-06,
2692,triangle,125,1711,126,,303565.78728197975,6809143.73262963,3517.5791015625,109.22117648677028,109.32829122649112,59.221176486770275,59.328291226491125,18,2041,4.30886938006e-06,
2693,triangle,127,1712,128,,303416.31272460317,6809141.809385383,3733.9443359375,109.9896684022551,110.18209254487346,59.989668402255106,60.182092544873456,18,2041,4.30886938006e-06,
2694,triangle,107,1648,108,,304567.89236078976,6808423.155471325,9029.599609375,105.04987931888196,104.95507170299139,55.04987931888196,54.95507170299138,18,2041,4.30886938006e-06,
2695,triangle,1637,1721,1628,,301111.44885552936,6807681.814932813,80546.79443359375,139.53426645772836,138.1268732232754,89.53426645772836,88.12687322327542,18,2041,4.30886938006e-06,
2696,triangle,1633,1681,1659,,303144.87811251736,6807495.261755091,33332.98291015625,112.29525109062908,113.34951093716853,62.29525109062907,63.34951093716851,18,2041,4.30886938006e-06,
2697,triangle,1628,1715,1646,,301508.7023582277,6807649.254371748,55119.47802734375,139.30027299845767,137.32373280032607,89.30027299845767,87.32373280032607,18,2041,4.30886938006e-06,
2698,triangle,1681,1704,89,,303358.3652974489,6807504.890012145,18123.7021484375,109.69250107055112,110.10152724316674,59.69250107055111,60.10152724316672,18,2041,4.30886938006e-06,
2699,triangle,148,1709,1706,,301875.70194992685,6809305.91802737,13297.001953125,121.59006250775255,121.97452583593646,71.59006250775253,71.97452583593646,18,2041,4.30886938006e-06,
2700,triangle,144,1701,1691,,302194.57245204033,6809280.464595914,15767.7978515625,119.27668656716297,121.05513009649734,69.27668656716298,71.05513009649734,18,2041,4.30886938006e-06,
2701,triangle,1674,1694,166,,300508.5761254112,6809655.479452572,15763.26171875,131.78103630702466,129.61495493135646,81.78103630702468,79.61495493135645,18,2041,4.30886938006e-06,
2702,triangle,175,1725,176,,300230.4501063708,6810381.056690637,7142.9853515625,132.4387709608696,132.5128041419598,82.4387709608696,82.5128041419598,18,2041,4.30886938006e-06,
2703,triangle,1638,1715,1631,,301961.35755716497,6807471.643279952,58500.16015625,128.38011604667213,128.05232182405769,78.38011604667214,78.0523218240577,18,2041,4.30886938006e-06,
2704,triangle,784,1724,290,,300102.0112903068,6808229.495387989,13749.5654296875,147.94090864320077,147.7702814443205,97.94090864320076,97.77028144432046,18,2041,4.512124045057858e-06,
2705,triangle,1628,1646,1637,,301315.50315699953,6807598.358928329,51185.46630859375,130.89418485411844,135.89232024257464,80.89418485411842,85.89232024257463,18,2041,4.30886938006e-06,
2706,triangle,1647,1661,1660,,303574.4646025714,6807789.969235927,27263.48046875,113.61584265297205,114.549703634639,63.61584265297204,64.549703634639,18,2041,4.30886938006e-06,
2707,triangle,1642,1650,290,,300056.2455671534,6808044.191705533,25843.759765625,135.0461924738379,137.83967640336274,85.04619247383789,87.83967640336272,18,2041,4.30886938006e-06,
2708,triangle,1646,1699,1637,,301339.49221543665,6807396.27560664,39163.67822265625,124.23901836294516,128.5655758680322,74.23901836294516,78.56557586803221,18,2041,4.30886938006e-06,
2709,triangle,1691,1709,145,,302063.80477743,6809286.942406918,14923.99755859375,120.45535545090073,122.07316708826527,70.45535545090073,72.07316708826525,18,2041,4.30886938006e-06,
2710,triangle,1720,1726,1696,,302265.38313326496,6807224.521378764,19512.57421875,116.77716711967723,117.42747230114031,66.77716711967723,67.42747230114031,18,2041,4.30886938006e-06,
2711,triangle,1646,1715,1697,,301612.35206649714,6807463.76903182,41783.71875,134.16055026834954,132.05211928693373,84.16055026834954,82.05211928693372,18,2041,4.30886938006e-06,
2712,triangle,1636,1698,1695,,300151.0870265578,6810059.535665725,33276.6044921875,141.50570497049173,140.53473851631156,91.50570497049172,90.53473851631156,18,2041,4.30886938006e-06,
2713,triangle,161,1689,1673,,300886.88384518103,6809413.878820896,9798.29345703125,128.15430236604084,127.54682744122876,78.15430236604085,77.54682744122876,18,2041,4.30886938006e-06,
2714,triangle,1636,1718,1698,,300079.8340899092,6809904.6833240455,43986.94384765625,145.99858287876023,142.30627745123206,95.99858287876025,92.30627745123206,18,2041,4.30886938006e-06,
2715,triangle,90,1704,1660,,303479.2733287329,6807607.787578362,12762.06884765625,109.72736112213485,110.26979770367613,59.727361122134845,60.269797703676126,18,2041,4.30886938006e-06,
2716,triangle,72,1726,73,,302212.5,6807044.180456172,4970.30126953125,112.3150839910809,112.86492412489827,62.315083991080904,62.864924124898266,18,2041,4.30886938006e-06,
2717,triangle,1648,1682,1634,,304349.4492947532,6808412.337644536,33561.8759765625,110.02795493831792,108.9879431286799,60.027954938317926,58.987943128679916,18,2041,4.30886938006e-06,
2718,triangle,1634,1683,1648,,304328.9236078974,6808581.554713249,38500.322265625,110.30281108210401,109.45233996024854,60.302811082104014,59.452339960248544,18,2041,4.30886938006e-06,
2719,triangle,65,1697,1655,,301690.8754766721,6807150.74352372,14922.01953125,118.59686078398681,118.4494366798516,68.59686078398681,68.44943667985159,18,2041,4.30886938006e-06,
2720,triangle,1652,1721,1710,,300830.637436017,6807573.1627029255,25017.19580078125,132.04066997449408,129.65094590425423,82.04066997449412,79.65094590425424,18,2041,4.30886938006e-06,
2721,triangle,1629,1701,1640,,302385.0446428571,6809069.196428572,49381.9755859375,120.73438015601171,120.15659074029263,70.73438015601172,70.15659074029261,18,2041,4.30886938006e-06,
2722,triangle,1647,1704,1633,,303306.7851213135,6807773.162218693,49253.57666015625,121.6418148221752,120.33336858609488,71.64181482217522,70.33336858609488,18,2041,4.30886938006e-06,
2723,triangle,1695,1725,174,,300268.159277345,6810260.46944283,15284.0126953125,134.2510325704922,134.59185046030234,84.25103257049223,84.59185046030234,18,2041,4.30886938006e-06,
2724,triangle,53,1710,1653,,300916.71861651255,6807338.8574637165,17157.255859375,119.08147818510993,120.6752337297349,69.08147818510993,70.67523372973488,18,2041,4.30886938006e-06,
2725,triangle,1660,1704,1647,,303459.11731637566,6807757.518969593,30707.65478515625,115.88216269083553,116.57249104436274,65.88216269083554,66.57249104436275,18,2041,4.30886938006e-06,
2726,triangle,1672,1679,1643,,301452.533904383,6809017.181116141,44628.4599609375,142.97115254135753,140.37196923277438,92.9711525413575,90.37196923277439,18,2041,4.30886938006e-06,
2727,triangle,1694,1702,167,,300490.76343812805,6809786.246034789,13889.123046875,130.14908039670613,130.32975188578413,80.14908039670614,80.32975188578413,18,2041,4.30886938006e-06,
2728,triangle,290,1724,1642,,300137.8408777129,6808104.921405087,19722.1953125,141.93755974217686,143.57042274598257,91.93755974217686,93.57042274598257,18,2041,4.512124045057858e-06,
2729,triangle,1634,1693,1683,,304182.93656668655,6808679.24639419,38807.1875,110.02812049509913,109.70329989011505,60.02812049509913,59.70329989011506,18,2041,4.30886938006e-06,
2730,triangle,1639,1659,1658,,302923.62492317474,6807345.601400644,19107.376953125,112.51724891574489,113.29674769201961,62.51724891574489,63.29674769201961,18,2041,4.30886938006e-06,
2731,triangle,1627,1693,1634,,304022.1478762104,6808537.62437038,66411.19091796875,115.39326838305507,115.14774110965021,65.39326838305509,65.14774110965023,18,2041,4.30886938006e-06,
2732,triangle,1649,1698,295,,299873.61941375374,6810307.284531507,47582.6171875,143.73964403867723,140.428635860038,93.73964403867724,90.42863586003801,18,2041,4.30886938006e-06,
2733,triangle,129,1712,1690,,303330.666451856,6809072.555091823,14464.9794921875,113.02761493035612,115.00580845246255,63.02761493035613,65.00580845246253,18,2041,4.30886938006e-06,
2734,triangle,1630,1689,1672,,301090.7636019381,6809151.288762744,49021.19580078125,129.8073766579893,134.96023841282218,79.80737665798932,84.96023841282216,18,2041,4.30886938006e-06,
2735,triangle,1690,1713,130,,303200.0643897319,6809068.376062102,14658.0703125,114.71411575365363,116.3199023739814,64.71411575365363,66.3199023739814,18,2041,4.30886938006e-06,
2736,triangle,1636,1695,1685,,300325.5648911441,6810043.890230436,28391.4697265625,142.05882416689917,138.60786706909568,92.05882416689919,88.60786706909569,18,2041,4.30886938006e-06,
2737,triangle,1684,1693,1635,,303884.40531957895,6808883.347152264,38857.2626953125,109.60556263052861,110.51436534766096,59.60556263052861,60.51436534766096,18,2041,4.30886938006e-06,
2738,triangle,1642,1717,1632,,300404.2189979408,6808080.862507731,54849.05615234375,144.7627427930665,143.86874807452898,94.76274279306651,93.86874807452898,18,2041,4.30886938006e-06,
2739,triangle,239,1705,1650,,299819.2891901438,6807963.827964402,9975.69384765625,125.32420693893737,125.17065556475558,75.32420693893735,75.17065556475556,18,2041,4.30886938006e-06,
2740,triangle,1668,1713,1690,,303112.4746373531,6808962.054456309,23574.76318359375,120.95967488443216,121.5863340043428,70.95967488443216,71.58633400434279,18,2041,4.30886938006e-06,
2741,triangle,1717,1724,784,,300231.72079700656,6808259.354637943,19998.3095703125,151.94103758881707,151.2307310707767,101.94103758881704,101.2307310707767,18,2041,4.30886938006e-06,
2742,triangle,248,1651,49,,300522.5535058072,6807511.565829683,6650.92529296875,118.35275855951461,118.59667012922205,68.35275855951461,68.59667012922206,18,2041,4.30886938006e-06,
2743,triangle,50,1652,51,,300668.60409010836,6807443.285134631,6962.53759765625,118.37512596941585,119.06972775181117,68.37512596941585,69.06972775181117,18,2041,4.30886938006e-06,
2744,triangle,58,1654,59,,301187.5,6807137.5,5625.0,116.17222256130643,116.15000089009602,66.17222256130644,66.15000089009602,18,2041,4.30886938006e-06,
2745,triangle,65,1655,66,,301723.7148268398,6807059.1455419585,6509.291015625,114.06920531836028,114.32763889772168,64.06920531836028,64.32763889772168,18,2041,4.30886938006e-06,
2746,triangle,68,1656,69,,301934.9284704605,6806993.621111032,6024.328125,112.98165474442824,113.21603117353546,62.98165474442824,63.21603117353546,18,2041,4.30886938006e-06,
2747,triangle,70,1656,71,,302034.9284704605,6806993.621111032,6602.921875,112.60197522650851,112.81602964765655,62.60197522650851,62.816029647656556,18,2041,4.30886938006e-06,
2748,triangle,79,1657,80,,302712.5,6807137.5,5625.0,110.43055534362793,110.58333524068196,60.43055534362794,60.58333524068197,18,2041,4.30886938006e-06,
2749,triangle,82,1658,83,,302937.5,6807212.5,5625.0,109.13333384195964,109.10000038146973,59.13333384195965,59.10000038146973,18,2041,4.30886938006e-06,
2750,triangle,85,1659,86,,303150.6182596492,6807290.157691799,7260.68603515625,108.58494348560443,108.77609719272816,58.58494348560444,58.77609719272815,18,2041,4.30886938006e-06,
2751,triangle,91,1660,92,,303608.75003960717,6807596.1791902045,7023.279296875,107.47783116554254,107.85706948964918,57.47783116554254,57.85706948964918,18,2041,4.30886938006e-06,
2752,triangle,93,1661,94,,303760.87057532143,6807669.058654491,6546.15869140625,106.25089446874694,106.689938769798,56.250894468746964,56.68993876979798,18,2041,4.30886938006e-06,
2753,triangle,96,1662,97,,303897.1322674983,6807825.309717417,8794.962890625,106.13946155973157,106.61596804069099,56.13946155973157,56.615968040690994,18,2041,4.30886938006e-06,
2754,triangle,98,1663,99,,304061.96017325233,6807898.610619068,6935.67529296875,104.94058831150022,105.03801082642578,54.94058831150021,55.03801082642578,18,2041,4.30886938006e-06,
2755,triangle,110,1666,111,,304667.60623342736,6808590.256603729,4740.4306640625,102.72585433420304,102.80768238686674,52.72585433420302,52.80768238686674,18,2041,4.30886938006e-06,
2756,triangle,134,1667,135,,302863.9349489796,6809181.507780269,6137.69287109375,114.06955340946251,113.11151053319577,64.06955340946251,63.11151053319576,18,2041,4.30886938006e-06,
2757,triangle,136,1669,137,,302705.2113702624,6809271.5291726915,5429.18896484375,114.07219387129362,114.18763935460719,64.07219387129362,64.18763935460717,18,2041,4.30886938006e-06,
2758,triangle,139,1670,140,,302489.92666794785,6809338.084786148,5286.21142578125,116.22350387580471,116.41849493388804,66.22350387580471,66.41849493388806,18,2041,4.30886938006e-06,
2759,triangle,156,1671,157,,301213.8015410246,6809410.588361621,5693.6357421875,122.97728878960535,122.97636486394926,72.97728878960535,72.97636486394926,18,2041,4.30886938006e-06,
2760,triangle,161,1673,162,,300836.8680914792,6809488.314516481,5604.45654296875,125.01408255221665,125.50299880055996,75.01408255221665,75.50299880055996,18,2041,4.30886938006e-06,
2761,triangle,165,1674,166,,300604.0439956114,6809626.47963393,7816.091796875,128.42502234229715,127.33607412514733,78.42502234229715,77.33607412514733,18,2041,4.30886938006e-06,
2762,triangle,242,1675,243,,300061.8267408596,6807732.376460794,4972.8603515625,120.28272196930965,121.01882998250382,70.28272196930965,71.01882998250382,18,2041,4.30886938006e-06,
2763,triangle,244,1676,245,,300203.38119766954,6807660.689204261,4395.419921875,119.61558157592987,120.6304605102872,69.61558157592988,70.6304605102872,18,2041,4.30886938006e-06,
2764,triangle,246,1677,247,,300369.34115419065,6807600.223821376,7826.0595703125,119.75621292303804,120.7357246418524,69.75621292303804,70.7357246418524,18,2041,4.30886938006e-06,
2765,triangle,1634,1664,1627,,304052.47067992087,6808341.895231481,47711.04345703125,113.95185181033156,114.56753401191988,63.95185181033156,64.56753401191986,18,2041,4.30886938006e-06,
2766,triangle,1640,1716,1629,,302476.44348059455,6808833.100338966,72430.3740234375,120.48118953164646,124.59817918154737,70.48118953164645,74.59817918154737,18,2041,4.30886938006e-06,
2767,triangle,1638,1696,1656,,302013.43225833937,6807205.9572124295,25806.92041015625,119.38442389567051,119.30017520656678,69.38442389567052,69.30017520656678,18,2041,4.30886938006e-06,
2768,triangle,1634,1682,1664,,304233.7850572529,6808314.300186577,33083.64208984375,109.08313521851505,108.65869596081609,59.08313521851506,58.65869596081608,18,2041,4.30886938006e-06,
2769,triangle,1664,1665,1663,,304105.0300445917,6808058.559360902,16517.3759765625,106.19230705519618,106.40963654301298,56.19230705519618,56.409636543012965,18,2041,4.30886938006e-06,
2770,triangle,1631,1720,1696,,302265.38313326496,6807342.840922593,35266.31005859375,119.02866154584981,120.22921738604025,69.02866154584981,70.22921738604023,18,2041,4.30886938006e-06,
2771,triangle,1633,1704,1681,,303239.7831419939,6807591.7124514505,31105.41357421875,116.34800948765294,114.81947529180066,66.34800948765293,64.81947529180064,18,2041,4.30886938006e-06,
2772,triangle,1652,1710,52,,300797.35409010836,6807447.035134631,11297.0625,121.56359232982587,122.04014376997931,71.56359232982587,72.04014376997932,18,2041,4.30886938006e-06,
2773,triangle,76,1720,1719,,302493.24027612206,6807163.720043473,9802.5283203125,112.96276989866985,113.57780878422278,62.96276989866984,63.57780878422278,18,2041,4.30886938006e-06,
2774,triangle,785,1718,1645,,300089.09301187197,6809512.853769514,49204.55908203125,138.5358189008207,138.06805541454284,88.53581890082066,88.06805541454287,18,2041,4.30886938006e-06,
2775,triangle,49,1651,50,,300572.5535058072,6807486.565829683,4113.65576171875,118.24775832596964,118.49667165510095,68.24775832596964,68.49667165510097,18,2041,4.30886938006e-06,
2776,triangle,51,1652,52,,300718.60409010836,6807418.285134631,4869.578125,117.78620466336254,118.83639289259894,67.78620466336253,68.83639289259894,18,2041,4.30886938006e-06,
2777,triangle,56,1653,57,,301012.96861651255,6807185.1074637165,3949.58984375,116.29243550230981,116.70481771156676,66.29243550230983,66.70481771156675,18,2041,4.30886938006e-06,
2778,triangle,59,1654,60,,301237.5,6807112.5,4218.75,115.875,116.04999987284343,65.875,66.04999987284343,18,2041,4.30886938006e-06,
2779,triangle,66,1655,67,,301773.7148268398,6807034.1455419585,3841.37353515625,113.72001700834838,114.06097121380242,63.72001700834838,64.06097121380242,18,2041,4.30886938006e-06,
2780,triangle,69,1656,70,,301984.9284704605,6806968.621111032,4907.375,112.83793125887375,113.14936298098989,62.837931258873745,63.149362980989885,18,2041,4.30886938006e-06,
2781,triangle,74,1680,75,,302360.71428571426,6807027.0062665045,3038.20458984375,111.43999562865537,111.49444666416237,61.439995628655375,61.49444666416236,18,2041,4.30886938006e-06,
2782,triangle,78,1657,79,,302662.5,6807112.5,4218.75,110.64999961853027,110.85000038146973,60.64999961853027,60.85000038146973,18,2041,4.30886938006e-06,
2783,triangle,81,1658,82,,302887.5,6807187.5,4218.75,109.25,109.43333371480306,59.25,59.43333371480306,18,2041,4.30886938006e-06,
2784,triangle,84,1659,85,,303100.6182596492,6807265.157691799,4517.740234375,108.63338565154376,108.77609719272816,58.63338565154376,58.77609719272815,18,2041,4.30886938006e-06,
2785,triangle,86,1681,87,,303262.8420083232,6807343.281623987,4869.1826171875,108.18552962858055,108.48880208089759,58.18552962858056,58.488802080897585,18,2041,4.30886938006e-06,
2786,triangle,90,1660,91,,303558.75003960717,6807571.1791902045,5195.15869140625,107.66893087806015,107.85706948964918,57.66893087806015,57.85706948964918,18,2041,4.30886938006e-06,
2787,triangle,92,1661,93,,303710.87057532143,6807644.058654491,4956.5986328125,106.77719695801122,106.9899392784243,56.77719695801123,56.98993927842429,18,2041,4.30886938006e-06,
2788,triangle,94,1661,95,,303785.87057532143,6807719.058654491,4402.060546875,105.84489159303155,105.88994080430321,55.844891593031555,55.889940804303194,18,2041,4.30886938006e-06,
2789,triangle,95,1662,96,,303847.1322674983,6807800.309717417,5659.84326171875,105.95297247452874,106.2159690579436,55.95297247452873,56.215969057943596,18,2041,4.30886938006e-06,
2790,triangle,97,1663,98,,304011.96017325233,6807873.610619068,5468.6943359375,105.45300781208421,105.13801184367838,55.4530078120842,55.138011843678385,18,2041,4.30886938006e-06,
2791,triangle,99,1665,100,,304165.8417480499,6807934.8307284685,3918.45703125,104.35211288553705,104.44579812970181,54.35211288553705,54.445798129701814,18,2041,4.30886938006e-06,
2792,triangle,105,1682,106,,304458.02568685584,6808243.282931287,4722.10986328125,103.43937933373803,103.55226830921913,53.43937933373803,53.55226830921913,18,2041,4.30886938006e-06,
2793,triangle,109,1666,110,,304692.60623342736,6808540.256603729,3644.298828125,102.55062703453909,102.70768136961414,52.5506270345391,52.707681369614136,18,2041,4.30886938006e-06,
2794,triangle,111,1666,112,,304617.60623342736,6808615.256603729,3908.6318359375,103.14457567998903,103.07435007078601,53.14457567998904,53.07435007078601,18,2041,4.30886938006e-06,
2795,triangle,115,1683,116,,304312.5,6808837.5,4218.75,104.92499923706055,105.11666615804036,54.92499923706055,55.11666615804037,18,2041,4.30886938006e-06,
2796,triangle,121,1684,122,,303862.5,6809137.5,4218.75,107.5250015258789,107.57500139872234,57.525001525878906,57.57500139872233,18,2041,4.30886938006e-06,
2797,triangle,135,1667,136,,302813.9349489796,6809206.507780269,4892.875,113.36232532559481,113.344845392408,63.36232532559481,63.344845392408,18,2041,4.30886938006e-06,
2798,triangle,137,1669,138,,302655.2113702624,6809296.5291726915,3202.96826171875,114.70254045103503,114.75430500402125,64.70254045103502,64.75430500402123,18,2041,4.30886938006e-06,
2799,triangle,140,1670,141,,302439.92666794785,6809363.084786148,4152.96142578125,116.11359291983146,116.35182674134246,66.11359291983146,66.35182674134248,18,2041,4.30886938006e-06,
2800,triangle,157,1671,158,,301163.8015410246,6809435.588361621,4433.8095703125,123.58161895858169,123.3096981972826,73.5816189585817,73.3096981972826,18,2041,4.30886938006e-06,
2801,triangle,162,1673,163,,300786.8680914792,6809513.314516481,4127.1171875,125.39870712273691,125.96966343272142,75.39870712273691,75.96966343272142,18,2041,4.30886938006e-06,
2802,triangle,164,1674,165,,300629.0439956114,6809576.47963393,5170.05078125,126.87417940746505,126.90274231769291,76.87417940746505,76.90274231769291,18,2041,4.30886938006e-06,
2803,triangle,170,1685,171,,300562.5,6810037.5,4218.75,129.82500076293945,130.7083307902018,79.82500076293945,80.70833079020183,18,2041,4.30886938006e-06,
2804,triangle,176,1686,177,,300187.5,6810487.5,4218.75,132.9749984741211,133.1166648864746,82.9749984741211,83.11666488647461,18,2041,4.30886938006e-06,
2805,triangle,241,1687,242,,299973.1638543049,6807782.550525679,3661.93408203125,120.99458483778949,121.18767699437883,70.99458483778949,71.18767699437883,18,2041,4.30886938006e-06,
2806,triangle,243,1675,244,,300111.8267408596,6807707.376460794,3642.3515625,120.43384621195142,120.81882794799861,70.43384621195142,70.8188279479986,18,2041,4.30886938006e-06,
2807,triangle,245,1676,246,,300253.38119766954,6807635.689204261,4015.03564453125,119.6912020694563,120.43046101891349,69.69120206945627,70.43046101891349,18,2041,4.30886938006e-06,
2808,triangle,247,1677,248,,300419.34115419065,6807575.223821376,5650.18017578125,119.45773393382275,120.43572413322609,69.45773393382275,70.43572413322609,18,2041,4.30886938006e-06,
2809,triangle,237,1705,238,,299687.5,6807957.038774257,5010.6123046875,122.56380830837179,122.70226424884072,72.56380830837178,72.70226424884072,18,2041,4.30886938006e-06,
2810,triangle,75,1680,76,,302410.71428571426,6807052.0062665045,4645.34765625,111.21637130035226,111.32777999749571,61.21637130035226,61.327779997495696,18,2041,4.30886938006e-06,
2811,triangle,87,1681,88,,303312.8420083232,6807368.281623987,6236.95654296875,108.03742648963532,108.15546874756426,58.03742648963531,58.15546874756425,18,2041,4.30886938006e-06,
2812,triangle,104,1682,105,,304433.02568685584,6808193.282931287,6778.93994140625,103.46373289017049,103.65226932647174,53.46373289017049,53.65226932647173,18,2041,4.30886938006e-06,
2813,triangle,108,1666,109,,304667.60623342736,6808490.256603729,5360.66650390625,102.64841740027728,102.74101419432117,52.64841740027728,52.74101419432117,18,2041,4.30886938006e-06,
2814,triangle,114,1683,115,,304362.5,6808812.5,5625.0,104.86666679382324,104.88333384195964,54.86666679382325,54.88333384195963,18,2041,4.30886938006e-06,
2815,triangle,120,1684,121,,303912.5,6809112.5,5625.0,107.1833347744412,107.37500190734863,57.1833347744412,57.37500190734863,18,2041,4.30886938006e-06,
2816,triangle,171,1685,172,,300537.5,6810087.5,5625.0,129.98889202541778,130.8749974568685,79.98889202541775,80.87499745686848,18,2041,4.30886938006e-06,
2817,triangle,177,1686,178,,300162.5,6810537.5,5625.0,133.15555360582138,133.48333358764648,83.15555360582141,83.48333358764648,18,2041,4.30886938006e-06,
2818,triangle,240,1687,241,,299923.1638543049,6807807.550525679,6267.8681640625,121.0859455122819,121.48767495987363,71.08594551228188,71.48767495987363,18,2041,4.30886938006e-06,
2819,triangle,1707,1722,154,,301401.2499969401,6809327.679845877,8123.02978515625,121.83737054831049,124.62274684548122,71.83737054831049,74.62274684548122,18,2041,4.30886938006e-06,
2820,triangle,1706,1723,150,,301705.56567720574,6809321.086321621,11158.01123046875,121.68417961133008,121.81926819502284,71.6841796113301,71.81926819502284,18,2041,4.30886938006e-06,
2821,triangle,153,1723,1707,,301520.94613729435,6809324.112713155,9824.7177734375,121.52589480223772,124.30465729249325,71.52589480223773,74.30465729249325,18,2041,4.30886938006e-06,
2822,triangle,1680,1720,76,,302426.0974189792,6807149.654881406,12756.4140625,112.82274423550285,113.60443157902922,62.82274423550283,63.60443157902923,18,2041,4.30886938006e-06,
2823,triangle,1635,1693,1627,,303873.61662910273,6808641.725128454,66709.42138671875,115.36137329144785,114.9338056771001,65.36137329144785,64.9338056771001,18,2041,4.30886938006e-06,
2824,triangle,1688,1711,1700,,303598.0109738581,6809004.540705797,13951.75439453125,114.06992469631325,114.15341167743918,64.06992469631327,64.15341167743918,18,2041,4.30886938006e-06,
2825,triangle,1668,1690,1644,,303195.1061261447,6808811.933166854,59075.8984375,130.5703097486978,124.7974738026204,80.57030974869782,74.79747380262042,18,2041,4.30886938006e-06,
2826,triangle,1678,1691,1629,,302099.5071642822,6809019.757638015,51892.42578125,130.46520076385158,128.05402682063843,80.4652007638516,78.05402682063844,18,2041,4.30886938006e-06,
2827,triangle,1649,1725,1698,,300030.7858358344,6810281.000617695,36250.82177734375,136.32101617369807,137.77169587461518,86.32101617369808,87.77169587461519,18,2041,4.30886938006e-06,
2828,triangle,1645,1694,1674,,300401.63155020424,6809571.970157262,28118.2626953125,130.78629674368133,131.61686693324293,80.78629674368133,81.61686693324293,18,2041,4.30886938006e-06,
2829,triangle,1650,1687,240,,299929.95304444875,6807889.3397158235,11228.22509765625,123.60952510812825,124.58940011774813,73.60952510812822,74.58940011774811,18,2041,4.30886938006e-06,
2830,triangle,1643,1679,1678,,301654.22076838877,6808955.749699914,50527.998046875,137.88875679323684,139.18778786505996,87.88875679323682,89.18778786505995,18,2041,4.30886938006e-06,
2831,triangle,1713,1714,132,,303052.6220742743,6809104.425094957,7164.7158203125,113.08365190424273,113.68488856118897,63.083651904242735,63.684888561188956,18,2041,4.30886938006e-06,
2832,triangle,1650,1705,783,,299814.5714614954,6808029.365534287,10453.71044921875,127.54446854126674,127.1949387044424,77.54446854126674,77.19493870444238,18,2041,4.30886938006e-06,
2833,triangle,1637,1654,1653,,301140.1231845705,6807301.211506543,28231.34912109375,123.44206772284282,122.61081223710066,73.44206772284281,72.61081223710066,18,2041,4.30886938006e-06,
2834,triangle,1638,1656,1655,,301899.64708517917,6807157.410446696,22373.8515625,117.4913375982466,117.94191598370105,67.4913375982466,67.94191598370105,18,2041,4.30886938006e-06,
2835,triangle,1639,1658,1657,,302785.5066635256,6807292.9437088445,21749.001953125,113.67897597103742,114.00398472272082,63.67897597103741,64.00398472272082,18,2041,4.30886938006e-06,
2836,triangle,1640,1670,1669,,302555.1826810674,6809191.310387411,20549.06494140625,119.45826322639913,116.80438978810588,69.45826322639914,66.80438978810587,18,2041,4.30886938006e-06,
2837,triangle,1691,1701,1629,,302232.07245204033,6809117.964595914,28060.1962890625,125.4334290594995,123.06346457423984,75.4334290594995,73.06346457423984,18,2041,4.30886938006e-06,
2838,triangle,1700,1711,124,,303653.28728197975,6809093.73262963,9456.6513671875,110.36371491160712,110.79495713021834,60.36371491160712,60.794957130218336,18,2041,4.30886938006e-06,
2839,triangle,1711,1712,126,,303507.1000065829,6809110.542015013,7097.859375,110.08797829473238,110.41038275411198,60.08797829473238,60.41038275411197,18,2041,4.30886938006e-06,
2840,triangle,1645,1718,1694,,300239.04378891847,6809620.050933846,43799.56396484375,135.27736343953293,136.3980482884094,85.27736343953295,86.39804828840941,18,2041,4.30886938006e-06,
2841,triangle,156,1722,1671,,301255.701453339,6809360.801599595,5133.59130859375,123.41286916982851,123.20723300485209,73.41286916982851,73.20723300485207,18,2041,4.30886938006e-06,
2842,triangle,1698,1725,1695,,300131.18141275865,6810188.614878121,26980.15576171875,135.32296681184158,137.0603911173164,85.32296681184158,87.0603911173164,18,2041,4.30886938006e-06,
2843,triangle,134,1714,1667,,302905.8463607748,6809123.3025195645,6796.255859375,113.96359059065242,113.96687929465907,63.96359059065242,63.96687929465906,18,2041,4.30886938006e-06,
2844,triangle,1672,1707,1679,,301440.4505923797,6809165.306978741,21024.794921875,134.82245254725547,134.30000508371074,84.82245254725545,84.30000508371073,18,2041,4.30886938006e-06,
2845,triangle,176,1725,1686,,300167.9501063708,6810418.556690637,8515.11474609375,133.51504191683478,133.29613569510107,83.51504191683476,83.29613569510109,18,2041,4.30886938006e-06,
2846,triangle,1635,1700,1684,,303775.0,6808962.5,17578.125,112.60000016954208,111.50833447774251,62.60000016954207,61.508334477742515,18,2041,4.30886938006e-06,
2847,triangle,1685,1702,1636,,300399.0870284981,6809946.723694389,21464.92822265625,138.5927154724551,136.37968725269144,88.5927154724551,86.37968725269145,18,2041,4.30886938006e-06,
2848,triangle,1654,1699,61,,301325.0,6807162.5,10546.875,116.87222247653536,117.51666577657063,66.87222247653536,67.51666577657063,18,2041,4.30886938006e-06,
2849,triangle,1684,1700,123,,303775.0,6809087.5,10546.875,109.82222239176433,109.90833346048991,59.82222239176433,59.90833346048991,18,2041,4.30886938006e-06,
2850,triangle,1670,1701,142,,302352.42666794785,6809313.084786148,11059.98095703125,117.34792947219404,118.33516287212046,67.34792947219404,68.33516287212048,18,2041,4.30886938006e-06,
2851,triangle,169,1702,1685,,300523.7313083283,6809944.746216147,9538.16796875,129.89288954926303,130.892538254868,79.892889549263,80.89253825486799,18,2041,4.30886938006e-06,
2852,triangle,1642,1687,1650,,300050.91348960646,6807933.59848059,18834.7138671875,129.63498084378347,130.9267611735763,79.63498084378347,80.9267611735763,18,2041,4.30886938006e-06,
2853,triangle,1679,1706,1678,,301751.75699629687,6809100.849170979,37116.31591796875,130.44121819584802,131.06376642598033,80.44121819584801,81.06376642598032,18,2041,4.30886938006e-06,
2854,triangle,73,1726,1680,,302273.21428571426,6807071.186722676,8619.533203125,111.8691688384983,112.6260359298484,61.86916883849829,62.62603592984838,18,2041,4.30886938006e-06,
2855,triangle,1688,1700,1635,,303657.2236918784,6808910.808076168,25079.0498046875,115.86927319067308,114.65845378428139,65.86927319067308,64.65845378428139,18,2041,4.30886938006e-06,
2856,triangle,238,1705,239,,299737.5,6807932.038774257,3604.36181640625,122.45436960232752,122.43559910805295,72.45436960232752,72.43559910805295,18,2041,4.30886938006e-06,
2857,triangle,1642,1676,1675,,300186.168383687,6807812.324429821,14902.8837890625,130.85157270867913,128.68664849686138,80.85157270867913,78.68664849686137,18,2041,4.30886938006e-06,
2858,triangle,1675,1687,1642,,300105.95104032237,6807859.18575124,14633.24658203125,129.3857910616706,128.57719831428633,79.3857910616706,78.57719831428635,18,2041,4.30886938006e-06,
2859,triangle,1694,1718,1636,,300221.34408429527,6809780.537707399,38216.36474609375,140.69712223796375,140.1166201435586,90.69712223796375,90.11662014355863,18,2041,4.30886938006e-06,
2860,triangle,1644,1690,1688,,303377.4195704018,6808829.062848813,40161.212890625,125.27163994395676,121.72283005281322,75.27163994395676,71.72283005281321,18,2041,4.30886938006e-06,
2861,triangle,1651,1652,50,,300641.1575959156,6807504.850964312,7376.19384765625,119.28881349016805,119.83306709083142,69.28881349016805,69.83306709083142,18,2041,4.30886938006e-06,
2862,triangle,78,1719,1657,,302615.3571428571,6807128.571428572,4640.625,111.04530493288954,111.25115605828006,61.04530493288956,61.25115605828006,18,2041,4.30886938006e-06,
2863,triangle,1659,1681,86,,303188.4602679724,6807358.439315786,10493.8974609375,108.59800793344145,109.03156441441352,58.59800793344145,59.03156441441351,18,2041,4.30886938006e-06,
2864,triangle,1660,1661,92,,303644.6206149286,6807665.237844695,9214.41455078125,108.0225448818243,108.24701029395237,58.0225448818243,58.24701029395238,18,2041,4.30886938006e-06,
2865,triangle,1662,1663,97,,303934.0924407506,6807898.920336484,12926.8876953125,107.05151921571003,106.78731525220792,57.05151921571005,56.78731525220792,18,2041,4.30886938006e-06,
2866,triangle,1663,1665,99,,304102.8019213022,6807958.441347537,7645.447265625,104.84924634070201,105.15047816592578,54.84924634070201,55.15047816592577,18,2041,4.30886938006e-06,
2867,triangle,1667,1669,136,,302744.146319242,6809203.03695296,8983.45263671875,113.51655024585091,114.49914937917663,63.51655024585091,64.49914937917663,18,2041,4.30886938006e-06,
2868,triangle,242,1687,1675,,300034.99059516453,6807789.926986474,5455.23291015625,121.6490546777462,121.93983929296338,71.64905467774618,71.93983929296338,18,2041,4.30886938006e-06,
2869,triangle,1675,1676,244,,300165.2079385292,6807718.065665054,4768.625,121.71990495542983,121.8492874410332,71.71990495542983,71.84928744103318,18,2041,4.30886938006e-06,
2870,triangle,1676,1677,246,,300322.7223518602,6807660.913025637,9575.14208984375,121.26369857048856,122.13285283605886,71.26369857048859,72.13285283605886,18,2041,4.30886938006e-06,
2871,triangle,248,1677,1651,,300491.89465999784,6807586.789651061,11041.9560546875,120.25505888286662,120.83239731420595,70.2550588828666,70.83239731420596,18,2041,4.30886938006e-06,
2872,triangle,112,1666,1648,,304560.4985942171,6808563.412075054,9127.41845703125,105.11411236853877,105.39608793181776,55.11411236853876,55.39608793181777,18,2041,4.30886938006e-06,
2873,triangle,1706,1709,1678,,301880.6366621687,6809157.711069472,28717.6865234375,129.03975645080718,127.44842166998153,79.03975645080718,77.44842166998154,18,2041,4.30886938006e-06,
2874,triangle,1640,1669,1667,,302679.1909620991,6809134.733381532,20764.400390625,114.97241937822164,115.83073872074692,64.97241937822164,65.83073872074691,18,2041,4.30886938006e-06,
2875,triangle,1673,1689,1641,,300795.5923940564,6809343.765919785,25633.5244140625,133.076948132386,132.58177901320104,83.07694813238601,82.58177901320103,18,2041,4.30886938006e-06,
2876,triangle,1719,1720,1657,,302555.74027612206,6807201.220043473,12433.544921875,113.514744708658,113.76114249902584,63.514744708658,63.76114249902583,18,2041,4.30886938006e-06,
2877,triangle,1655,1697,1638,,301781.8792645509,6807230.387317426,28874.58544921875,121.74800130065744,121.98101643425512,71.74800130065744,71.98101643425512,18,2041,4.30886938006e-06,
2878,triangle,1697,1699,1646,,301491.99829721096,6807334.269545574,31365.099609375,128.23527727272864,126.36471182217866,78.23527727272864,76.36471182217865,18,2041,4.30886938006e-06,
2879,triangle,1648,1666,108,,304585.49859421706,6808488.412075054,9574.89013671875,105.17013730027352,105.16275307260553,55.17013730027352,55.16275307260553,18,2041,4.30886938006e-06,
2880,triangle,77,1719,78,,302577.8571428571,6807066.071428572,4299.107421875,110.83918306000449,110.90115567681033,60.83918306000449,60.90115567681033,18,2041,4.30886938006e-06,
2881,triangle,1678,1709,1691,,301993.73948967195,6809138.735449019,26851.21484375,130.80248130645788,128.08039574701738,80.80248130645786,78.08039574701736,18,2041,4.30886938006e-06,
2882,triangle,1653,1710,1637,,301031.3731845705,6807392.461506543,26512.70849609375,126.06075644933922,125.79789606634465,76.06075644933922,75.79789606634465,18,2041,4.30886938006e-06,
2883,triangle,1636,1702,1694,,300366.11915829795,6809838.22351303,23391.13720703125,137.1764810445938,136.1169013922339,87.17648104459379,86.1169013922339,18,2041,4.30886938006e-06,
2884,triangle,76,1719,77,,302527.8571428571,6807066.071428572,4941.9638671875,110.9994778259015,111.067822343477,60.999477825901494,61.067822343477,18,2041,4.30886938006e-06,
2885,triangle,1690,1712,1688,,303400.3901437344,6808983.363167993,17704.69140625,117.0451939405921,117.59759531576412,67.0451939405921,67.59759531576411,18,2041,4.30886938006e-06,
2886,triangle,1686,1725,1649,,300080.2637004207,6810415.3551824065,14015.3876953125,136.0913185763737,136.1531575064195,86.0913185763737,86.15315750641948,18,2041,4.30886938006e-06,
2887,triangle,1668,1714,1713,,303015.03232189553,6808998.103489165,14495.3359375,118.65966431826219,118.95132019155035,68.65966431826219,68.95132019155035,18,2041,4.30886938006e-06,
2888,triangle,1672,1722,1707,,301354.4978451762,6809240.904304206,13238.8779296875,132.89296400426892,130.54749173116,82.8929640042689,80.54749173116,18,2041,4.30886938006e-06,
2889,triangle,1707,1723,1679,,301548.79879681213,6809223.728625666,16180.16943359375,128.22113613028287,128.62137211928015,78.22113613028287,78.62137211928014,18,2041,4.30886938006e-06,
2890,triangle,1679,1723,1706,,301658.41833672364,6809220.70223413,19470.529296875,126.70691135691459,126.56931482926416,76.7069113569146,76.56931482926416,18,2041,4.30886938006e-06,
2891,triangle,1653,1727,54,,300953.7107706407,6807225.134329646,2420.0068359375,116.73051166490595,117.03227373036009,66.73051166490595,67.03227373036009,18,2041,4.30886938006e-06,
2892,triangle,56,1727,1653,,300978.7107706407,6807200.134329646,2339.537109375,116.63220951867521,116.96560553781451,66.63220951867523,66.96560553781451,18,2041,4.30886938006e-06,
2893,triangle,1665,1728,100,,304201.0521850623,6807949.788410586,2216.8046875,104.09485842352639,104.19681171119801,54.09485842352639,54.196811711198016,18,2041,4.30886938006e-06,
2894,triangle,102,1728,1665,,304226.0521850623,6807974.788410586,2197.890625,103.96115096069806,104.06347786923838,53.96115096069808,54.063477869238376,18,2041,4.30886938006e-06,
2895,triangle,54,1727,55,,300915.74215412815,6807190.026865929,1770.99267578125,116.69553660317371,116.69412217683372,66.69553660317371,66.69412217683372,18,2041,4.30886938006e-06,
2896,triangle,55,1727,56,,300940.74215412815,6807165.026865929,1690.5224609375,116.62918633589769,116.62745398428814,66.62918633589769,66.62745398428814,18,2041,4.30886938006e-06,
2897,triangle,100,1728,101,,304235.2104370124,6807914.957682118,1682.7392578125,103.94979534324838,103.9510130728699,53.9497953432484,53.9510130728699,18,2041,4.30886938006e-06,
2898,triangle,101,1728,102,,304260.2104370124,6807939.957682118,1663.82568359375,103.81638677711479,103.81767923091026,53.816386777114786,53.817679230910265,18,2041,4.30886938006e-06,
2899,triangle,1688,1712,1711,,303501.8236984613,6809021.350091182,12713.765625,112.97621182154066,113.60217063466615,62.976211821540666,63.60217063466615,18,2041,4.30886938006e-06,
2900,triangle,237,236,235,,299562.0686108515,6807987.931389148,1454.78125,122.26789740045074,122.28672310603473,72.26789740045075,72.28672310603473,18,2041,4.30886938006e-06,
2901,triangle,235,783,237,,299632.3508822031,6808028.4689590335,9554.44091796875,123.15347797449098,124.07767392964081,73.15347797449097,74.07767392964082,18,2041,4.918633375053572e-06,
2902,triangle,179,296,180,,300042.9524925678,6810729.989047844,3605.34423828125,135.6410850950844,136.30262680137284,85.64108509508442,86.30262680137285,18,2041,4.30886938006e-06,
2903,triangle,179,786,296,,299967.65106690174,6810678.940359092,13918.5615234375,136.24963131711098,137.06198608121215,86.24963131711098,87.06198608121214,18,2041,4.512124045057858e-06,
2904,triangle,270,1739,744,,306146.2304828317,6808695.628002484,9276.04833984375,100.84043139562611,100.26606445081741,50.84043139562611,50.26606445081742,33,1321,9.796745335002144e-06,
2905,triangle,280,1731,281,,306911.93608353165,6808314.419971037,5777.55615234375,96.54966988648897,97.32560622685564,46.549669886488964,47.32560622685563,33,1321,1e-05,
2906,triangle,289,1729,34,,307544.32829951966,6807955.799499743,6277.443359375,94.79213697615806,95.5050381711262,44.792136976158055,45.505038171126195,33,1321,1e-05,
2907,triangle,288,1729,289,,307494.32829951966,6807980.799499743,8451.87744140625,96.28142841229143,96.07170382054026,46.28142841229143,46.07170382054026,33,1321,1e-05,
2908,triangle,740,1734,741,,307380.6586824827,6808299.38842886,42409.44091796875,104.79491369786231,105.76350339364859,54.7949136978623,55.7635033936486,33,1321,9.593490670004288e-06,
2909,triangle,741,1731,742,,307057.988668253,6808427.859768286,28536.87939453125,108.46545076876174,106.59069642635092,58.465450768761734,56.59069642635092,33,1321,9.39023600500643e-06,
2910,triangle,1730,1734,285,,307242.5052147484,6808160.80263361,9186.6533203125,96.40285816411549,97.04089754459831,46.40285816411548,47.04089754459833,33,1321,1e-05,
2911,triangle,282,1731,283,,307011.93608353165,6808239.419971037,4434.74658203125,96.40759741556852,96.85893905156267,46.40759741556852,46.858939051562665,33,1321,1e-05,
2912,triangle,285,1734,286,,307280.0052147484,6808098.30263361,5997.1328125,94.92312781262878,95.19089589156283,44.92312781262879,45.19089589156285,33,1321,1e-05,
2913,triangle,34,1729,35,,307594.32829951966,6807980.799499743,6915.509765625,95.45815301457722,96.07170382054026,45.458153014577206,46.07170382054026,33,1321,1e-05,
2914,triangle,741,1734,1730,,307254.1817278623,6808264.434031735,24353.4140625,102.25977067568184,103.0352968766744,52.259770675681835,53.03529687667441,33,1321,9.796745335002144e-06,
2915,triangle,745,1735,747,,305677.3818517106,6808840.79365689,17906.7783203125,103.64455107816217,105.50077697759014,53.64455107816215,55.500776977590135,33,1321,1e-05,
2916,triangle,281,1731,282,,306961.93608353165,6808264.419971037,5777.5556640625,96.34369713966286,97.09227136764339,46.343697139662865,47.0922713676434,33,1321,1e-05,
2917,triangle,742,1731,280,,306921.3121551391,6808399.22837016,18305.98974609375,100.20150923312386,101.16296528682041,50.20150923312386,51.162965286820416,33,1321,1e-05,
2918,triangle,271,1732,272,,306237.5,6808537.5,5625.0,97.85833549499512,97.85833358764648,47.85833549499512,47.858333587646484,33,1321,1e-05,
2919,triangle,277,1733,278,,306678.2697025262,6808462.567499936,4594.18505859375,96.71179219853086,96.51657893995154,46.71179219853086,46.51657893995153,33,1321,1e-05,
2920,triangle,37,1729,740,,307608.3052541401,6808178.25389687,23423.99658203125,103.14328155452087,102.68324227212547,53.14328155452086,52.683242272125455,33,1321,1e-05,
2921,triangle,743,1733,277,,306660.3453326272,6808528.55290006,10220.615234375,97.94980424132224,97.61770642315264,47.94980424132224,47.61770642315265,33,1321,1e-05,
2922,triangle,36,1729,37,,307669.32829951966,6808080.799499743,6263.06640625,99.60779917294795,99.70503511936839,49.607799172947956,49.70503511936838,33,1321,1e-05,
2923,triangle,35,1729,36,,307644.32829951966,6808030.799499743,6915.509765625,98.05667723688697,98.13836946995433,48.05667723688697,48.13836946995432,33,1321,1e-05,
2924,triangle,266,1735,267,,305789.1583166336,6808689.310921905,4422.47900390625,100.32480417054788,100.0477166752725,50.324804170547885,50.04771667527249,33,1321,1e-05,
2925,triangle,744,1732,271,,306267.2751885944,6808609.662401122,16345.52978515625,98.58174837117984,98.76982878454449,48.58174837117984,48.7698287845445,33,1321,9.796745335002144e-06,
2926,triangle,280,1733,742,,306837.6457741337,6808447.375899061,11659.84814453125,98.30948861468674,100.08727285912856,48.309488614686735,50.087272859128554,33,1321,1e-05,
2927,triangle,40,1736,745,,305900.43726611295,6808816.179786667,12667.615234375,107.181573910261,106.6762679025976,57.181573910260994,56.6762679025976,33,1321,9.796745335002144e-06,
2928,triangle,1729,1734,740,,307488.31046888843,6808176.556530478,26108.37255859375,103.21427313556688,102.00747454877944,53.2142731355669,52.00747454877945,33,1321,1e-05,
2929,triangle,265,1735,266,,305739.1583166336,6808689.310921905,4422.478515625,99.86240303280096,100.14771769252509,49.86240303280095,50.1477176925251,33,1321,1e-05,
2930,triangle,744,1738,1732,,306375.5003250436,6808605.603701331,12569.7548828125,98.48593153373754,98.62279339390854,48.485931533737535,48.622793393908545,33,1321,9.796745335002144e-06,
2931,triangle,1732,1738,275,,306420.72513644927,6808533.441300209,3996.50830078125,97.27995158308977,97.27796384642458,47.27995158308976,47.27796384642459,33,1321,1e-05,
2932,triangle,283,1730,284,,307112.5,6808187.5,5625.0,95.52778032090929,96.35000165303548,45.52778032090929,46.350001653035484,33,1321,1e-05,
2933,triangle,283,1731,1730,,307074.43608353165,6808251.919971037,7386.96533203125,98.13468524452323,98.20894070459815,48.13468524452322,48.20894070459815,33,1321,1e-05,
2934,triangle,1735,1736,267,,305833.17026447685,6808718.265655186,8033.23583984375,102.7673437402184,101.7343704951317,52.76734374021841,51.73437049513169,33,1321,1e-05,
2935,triangle,273,1732,274,,306337.5,6808462.5,4218.75,97.07499885559082,97.05833307902019,47.07499885559082,47.05833307902018,33,1321,1e-05,
2936,triangle,279,1733,280,,306778.2697025262,6808387.567499936,4226.34375,96.30605095307392,96.44991583366898,46.30605095307392,46.449915833668975,33,1321,1e-05,
2937,triangle,284,1730,285,,307162.5,6808162.5,4218.75,95.67500114440918,96.08333396911621,45.67500114440918,46.08333396911621,33,1321,1e-05,
2938,triangle,287,1734,288,,307380.0052147484,6808023.30263361,5434.04638671875,95.44379049241904,94.92423075077507,45.44379049241904,44.92423075077509,33,1321,1e-05,
2939,triangle,272,1732,273,,306287.5,6808487.5,5625.0,97.5138888888889,97.52500025431316,47.5138888888889,47.52500025431315,33,1321,1e-05,
2940,triangle,274,1732,275,,306387.5,6808487.5,5625.0,96.98055373297798,96.82500076293945,46.980553732977974,46.82500076293945,33,1321,1e-05,
2941,triangle,278,1733,279,,306728.2697025262,6808412.567499936,4594.185546875,96.4039394915819,96.54991430779008,46.4039394915819,46.54991430779007,33,1321,1e-05,
2942,triangle,286,1734,287,,307330.0052147484,6808048.30263361,5997.13330078125,94.84658387893049,94.82422973352247,44.846583878930495,44.824229733522486,33,1321,1e-05,
2943,triangle,745,1736,1735,,305812.12083565857,6808802.15130645,11692.2470703125,107.01021919606052,105.47990306970665,57.01021919606052,55.479903069706644,33,1321,1e-05,
2944,triangle,288,1734,1729,,307449.33351426804,6808054.102133353,12406.51318359375,99.14254943776658,97.52926739602236,49.14254943776656,47.52926739602237,33,1321,1e-05,
2945,triangle,1730,1731,741,,307136.11259664554,6808330.55136916,17976.12060546875,105.38969028879059,103.93667235275495,55.38969028879059,53.936672352754954,33,1321,1e-05,
2946,triangle,277,1738,743,,306565.3007665502,6808561.926700331,8371.49609375,97.57208551760694,97.820755707474,47.57208551760694,47.820755707474014,33,1321,1e-05,
2947,triangle,267,1737,268,,305898.5029869608,6808625.988683321,2755.31298828125,98.54588266351487,98.55787757000667,48.545882663514874,48.55787757000666,33,1321,1e-05,
2948,triangle,268,1737,269,,305948.5029869608,6808625.988683321,3092.14111328125,98.33419461429698,98.2912098860874,48.33419461429699,48.29120988608739,33,1321,1e-05,
2949,triangle,269,1739,270,,306041.4552942373,6808673.465601362,2639.88037109375,99.34103427054697,99.32123388608086,49.34103427054697,49.32123388608087,33,1321,1e-05,
2950,triangle,275,1740,276,,306495.80628411233,6808473.985325052,2226.5556640625,96.82469613152577,96.77159731535357,46.824696131525776,46.771597315353574,33,1321,1e-05,
2951,triangle,276,1740,277,,306545.80628411233,6808473.985325052,3170.142578125,96.7722477108181,96.67159629810097,46.7722477108181,46.67159629810097,33,1321,1e-05,
2952,triangle,1736,1739,269,,305985.46724208066,6808702.420334642,5416.25341796875,101.52676536765074,101.30788567143486,51.526765367650746,51.30788567143486,33,1321,1e-05,
2953,triangle,1736,1737,267,,305892.5149348041,6808679.9434166,2977.7666015625,100.47433901652337,100.34452986398696,50.47433901652337,50.344529863986956,33,1321,1e-05,
2954,triangle,269,1737,1736,,305942.5149348041,6808679.9434166,3314.5947265625,100.27033715673457,100.0778621800677,50.27033715673456,50.07786218006768,33,1321,1e-05,
2955,triangle,40,1739,1736,,305987.9419891686,6808755.759736764,6032.57421875,104.36480660204235,104.25196921410351,54.36480660204235,54.251969214103504,33,1321,1e-05,
2956,triangle,277,1740,1738,,306529.03142056154,6808519.926625259,2941.83984375,97.06098358384969,96.95789271491942,47.0609835838497,46.95789271491944,33,1321,1e-05,
2957,triangle,1738,1740,275,,306479.03142056154,6808519.926625259,1998.25439453125,97.01751642390863,97.05789373217203,47.01751642390864,47.05789373217203,33,1321,1e-05,
2958,triangle,38,740,39,,307730.2543507474,6808263.731793252,9776.99365234375,103.77513864794733,103.23910866499881,53.77513864794733,53.23910866499882,33,1321,8.577217345015001e-06,
2959,triangle,744,1739,40,,306123.7052299197,6808748.967404607,11791.04150390625,103.04556529033071,103.17681262564753,53.045565290330714,53.17681262564753,33,1321,8.577217345015001e-06,
2960,triangle,747,41,746,,305464.0991822751,6808980.124068514,17788.966796875,109.69899928302868,108.93642954965743,59.698999283028684,58.93642954965744,33,1321,9.186981340008571e-06,
2961,triangle,747,265,42,,305623.4404547448,6808706.7645745715,6499.056640625,99.81955188617931,100.57481980770565,49.8195518861793,50.574819807705666,33,1321,8.373962680017143e-06,
2962,triangle,742,1733,743,,306769.7214042346,6808538.361299184,18110.169921875,100.11029259199111,101.28839881645077,50.110292591991104,51.28839881645077,33,1321,9.39023600500643e-06,
2963,triangle,743,1738,744,,306470.07595514454,6808634.089101453,16080.89453125,99.34620787277493,99.26558627221057,49.34620787277492,49.26558627221058,33,1321,9.39023600500643e-06,
2964,triangle,37,740,38,,307688.9769546204,6808222.454397126,15016.21240234375,103.53399335636865,102.54487280217114,53.53399335636865,52.54487280217114,33,1321,1e-05,
2965,triangle,747,1735,265,,305648.4312805289,6808756.908005626,15933.8310546875,100.84659689528684,101.8552454202678,50.84659689528682,51.855245420267785,33,1321,1e-05,
2966,triangle,271,270,744,,306179.7751885944,6808647.162401122,11467.978515625,98.90720865310394,98.84482954748394,48.90720865310395,48.844829547483954,33,1321,9.796745335002144e-06,
2967,triangle,746,745,747,,305613.6713165156,6808917.983043187,19649.5908203125,106.01102756696483,108.09284958953594,56.01102756696484,58.092849589535945,33,1321,9.39023600500643e-06,
2968,triangle,780,299,300,,298151.31009317917,6808812.889958128,4027.49462890625,129.17313378660464,129.2163144933643,79.17313378660464,79.2163144933643,33,1321,1e-05,
2969,triangle,780,229,297,,298003.9302795375,6808887.889958128,6255.0498046875,130.21279757500074,130.47439413692666,80.21279757500072,80.47439413692666,33,1321,7.15443469003e-06,
2970,triangle,230,780,303,,298276.31009317917,6808663.669874388,8031.49072265625,128.54483605865408,128.32047762299302,78.5448360586541,78.32047762299301,33,1321,9.186981340008571e-06,
2971,triangle,299,297,298,,298050.0,6808925.0,2812.5,129.73333231608075,129.76666259765625,79.73333231608072,79.76666259765625,33,1321,1e-05,
2972,triangle,780,297,299,,298076.31009317917,6808862.889958128,8202.3740234375,129.68386141505914,129.7163144933643,79.68386141505916,79.7163144933643,33,1321,9.796745335002144e-06,
2973,triangle,303,780,300,,298226.31009317917,6808737.889958128,8054.98876953125,128.79910157178352,128.78298268590987,78.79910157178355,78.78298268590987,33,1321,9.796745335002144e-06,
2974,triangle,302,300,301,,298275.0,6808775.0,2812.5,128.6666717529297,128.63333129882812,78.66667175292969,78.63333129882812,33,1321,1e-05,
2975,triangle,303,300,302,,298300.0,6808725.0,5625.0,128.66666666666666,128.39999643961588,78.66666666666666,78.39999643961589,33,1321,1e-05,
2976,triangle,306,297,229,,297927.6201863583,6808975.0,2517.72900390625,131.10887767280195,130.924741223966,81.10887767280197,80.92474122396601,18,2041,6.747925360034285e-06,
2977,triangle,229,228,304,,297795.91831737646,6809050.0,1507.92041015625,134.82109131095245,131.25155574711508,84.82109131095244,81.25155574711506,33,1321,8.373962680017143e-06,
2978,triangle,229,304,306,,297852.6201863583,6809025.0,5330.22900390625,133.61643847316572,131.15807862630976,83.61643847316572,81.15807862630976,33,1321,9.186981340008571e-06,
2979,triangle,306,304,305,,297825.0,6809075.0,2812.5,132.39999898274738,131.0,82.39999898274738,81.0,33,1321,1e-05,
2980,triangle,1767,1799,1771,,298314.20605342445,6812021.166159893,35919.51123046875,180.34719021127336,178.6725702157331,130.34719021127336,128.6725702157331,33,1321,1e-05,
2981,triangle,339,1772,340,,297850.05167748843,6811658.50572974,10298.91943359375,167.55430884018938,168.27281375538482,117.55430884018938,118.27281375538485,33,1321,1e-05,
2982,triangle,333,1750,334,,297395.9825288644,6811295.37485699,6145.32861328125,165.91548566107565,161.69484727085415,115.91548566107564,111.69484727085415,33,1321,1e-05,
2983,triangle,292,1796,291,,300101.3255757794,6808723.2239981415,68590.130859375,152.11833253280366,147.5058571415305,102.11833253280366,97.5058571415305,33,1321,9.796745335002144e-06,
2984,triangle,296,1783,786,,299823.2960411079,6810750.904255964,36490.6611328125,146.45972971876847,143.62958341845174,96.45972971876844,93.62958341845173,33,1321,9.796745335002144e-06,
2985,triangle,316,1782,317,,297059.42727705324,6810261.603321268,6685.56884765625,144.33249371120772,141.37147583350816,94.33249371120772,91.37147583350816,33,1321,1e-05,
2986,triangle,1748,1767,1766,,298213.30796595075,6811770.294480167,41501.7880859375,175.67104904156446,175.43233690600337,125.67104904156446,125.43233690600336,33,1321,1e-05,
2987,triangle,1748,1789,1753,,298725.6075688623,6811229.329459368,223613.01513671875,174.0846908808584,169.6065643401841,124.08469088085839,119.60656434018411,33,1321,1e-05,
2988,triangle,351,1785,352,,299372.1640801621,6808214.343629715,6919.61767578125,126.36194551936649,127.85110354419213,76.36194551936649,77.85110354419213,33,1321,1e-05,
2989,triangle,302,1770,301,,298362.5517535608,6808822.5891592065,12390.8525390625,130.99407712841042,130.8411931176816,80.99407712841042,80.8411931176816,33,1321,1e-05,
2990,triangle,363,1781,1758,,298551.8426336634,6808553.054415139,17565.0517578125,128.5438100374646,127.90269986773433,78.5438100374646,77.90269986773433,33,1321,1e-05,
2991,triangle,235,1759,350,,299518.764307171,6808096.879616809,4922.7578125,124.55157395172618,125.29494805805268,74.55157395172617,75.29494805805268,33,1321,1e-05,
2992,triangle,760,1771,186,,298403.16490939196,6812241.100090734,26021.873046875,182.8833305141565,181.7559037747144,132.8833305141565,131.75590377471443,33,1321,9.39023600500643e-06,
2993,triangle,1753,1793,1748,,298868.1867845408,6811497.972865745,162498.8212890625,165.80063872670593,164.40350620386258,115.80063872670593,114.40350620386259,33,1321,1e-05,
2994,triangle,1754,1775,1774,,297565.0037316465,6809725.682995871,66848.607421875,160.03998881762968,158.86781274787117,110.03998881762968,108.86781274787116,33,1321,1e-05,
2995,triangle,757,1757,756,,299913.61603568186,6811547.056187057,148475.0263671875,161.75140421512828,158.99446057048593,111.75140421512825,108.99446057048594,33,1321,9.796745335002144e-06,
2996,triangle,304,1755,228,,297754.17316150916,6809156.145650987,1693.263671875,136.38445193523629,136.70073405621648,86.38445193523627,86.70073405621646,33,1321,1e-05,
2997,triangle,350,1759,351,,299481.6956963195,6808133.948227662,10197.44140625,124.73095114870252,125.44155675947236,74.7309511487025,75.44155675947238,33,1321,1e-05,
2998,triangle,308,1778,309,,297187.5,6809712.5,5625.0,135.55000305175784,135.9499994913737,85.55000305175783,85.9499994913737,33,1321,1e-05,
2999,triangle,305,1755,304,,297785.875030491,6809156.145650987,6316.3857421875,135.58274871086522,136.6405923032497,85.58274871086522,86.6405923032497,33,1321,1e-05,
3000,triangle,340,1772,341,,297900.05167748843,6811708.50572974,10298.91943359375,168.17269834758912,169.07281172087963,118.17269834758913,119.07281172087964,33,1321,1e-05,
3001,triangle,1749,1765,1743,,297708.6929090269,6811146.341346614,75961.85986328125,167.4773462200601,169.81776212873788,117.47734622006008,119.81776212873787,33,1321,1e-05,
3002,triangle,353,1784,354,,299212.5,6808350.0,8437.5,129.3000030517578,127.53333282470703,79.30000305175781,77.53333282470703,33,1321,1e-05,
3003,triangle,1756,1789,1741,,298563.7012165543,6810513.030402827,161356.50439453125,175.4205863636231,175.5931470409797,125.4205863636231,125.59314704097967,33,1321,1e-05,
3004,triangle,298,1777,1776,,298103.8957333101,6808983.418802102,9925.146484375,132.64267551465312,134.06937446692123,82.64267551465312,84.06937446692125,33,1321,1e-05,
3005,triangle,363,1758,364,,298462.5,6808587.5,5625.0,127.78333282470703,127.71666717529297,77.78333282470703,77.71666717529297,33,1321,1e-05,
3006,triangle,1766,1772,1748,,298157.2776726663,6811651.590478279,46777.80859375,178.19365957470637,174.98572486212268,128.19365957470634,124.9857248621227,33,1321,1e-05,
3007,triangle,299,1777,298,,298133.02496223914,6808920.055947352,5971.6025390625,129.6565753112626,130.54223849817546,79.6565753112626,80.54223849817545,33,1321,1e-05,
3008,triangle,306,1776,305,,297920.8707710709,6809063.362854749,6663.78271484375,134.5827512013898,133.89379958365464,84.58275120138981,83.89379958365465,33,1321,1e-05,
3009,triangle,317,1779,318,,296968.0647828592,6810386.797725986,6172.0322265625,139.6608440724878,139.71521323285765,89.66084407248782,89.71521323285766,33,1321,1e-05,
3010,triangle,1742,1784,1752,,299341.6964858321,6808691.13371183,92857.8095703125,143.75828005980827,141.67747039473034,93.75828005980824,91.67747039473034,33,1321,1e-05,
3011,triangle,1748,1799,1767,,298377.39722472423,6811828.631658641,82194.2470703125,179.3251883566357,178.8328581063297,129.3251883566357,128.8328581063297,33,1321,1e-05,
3012,triangle,755,1810,754,,300815.3657679428,6811165.012271252,30425.6787109375,163.08054872633232,161.34199114050608,113.08054872633235,111.3419911405061,33,1321,1e-05,
3013,triangle,1774,1805,1754,,297656.3632211881,6809585.763789169,50426.71044921875,170.34912329610745,163.13968560725138,120.34912329610745,113.13968560725137,33,1321,1e-05,
3014,triangle,339,1780,1772,,297817.0609256272,6811571.896624595,21400.50732421875,171.06936145063526,169.27137847645287,121.06936145063524,119.27137847645288,33,1321,1e-05,
3015,triangle,1754,1773,1746,,298083.79033676867,6809417.933318471,72979.451171875,152.97607604023904,156.19939174271283,102.97607604023904,106.19939174271285,33,1321,1e-05,
3016,triangle,1771,1799,186,,298469.75721926085,6812124.92443455,49489.705078125,185.45463563281504,182.59623518988906,135.45463563281504,132.5962351898891,33,1321,1e-05,
3017,triangle,1789,1806,1753,,298973.60541420436,6810936.792288699,170602.82421875,168.38931311353406,162.25079575614592,118.38931311353403,112.25079575614593,33,1321,1e-05,
3018,triangle,1756,1806,1789,,298851.32099050813,6810631.023808953,175571.41162109375,167.79049611269943,168.99103984555646,117.7904961126994,118.99103984555647,33,1321,1e-05,
3019,triangle,345,1771,346,,298117.10968170984,6812137.5,7549.83935546875,172.45277476507408,172.45543114188658,122.45277476507411,122.45543114188656,33,1321,1e-05,
3020,triangle,338,1780,339,,297717.0092481388,6811563.390894855,6032.06494140625,166.5126465997355,165.89856370381543,116.51264659973548,115.89856370381544,33,1321,1e-05,
3021,triangle,362,1781,363,,298589.3426336634,6808465.554415139,6175.91796875,126.85008095420277,127.05269885048172,76.85008095420278,77.05269885048172,33,1321,1e-05,
3022,triangle,1754,1807,1744,,297729.6369089915,6810108.312624641,135814.58984375,176.8228485614825,169.05362559593684,126.82284856148249,119.05362559593682,33,1321,1e-05,
3023,triangle,1749,1780,1765,,297766.32445511484,6811329.608242537,38463.06591796875,168.2075439019558,170.15794166715864,118.20754390195582,120.15794166715862,33,1321,1e-05,
3024,triangle,1741,1794,1756,,298573.3835819094,6810123.555382326,139838.5302734375,171.18300003144654,169.06046478595036,121.18300003144654,119.06046478595037,33,1321,1e-05,
3025,triangle,1744,1775,1754,,297577.48908606474,6809911.178388854,88561.69091796875,165.7578576229492,158.95721457506713,115.75785762294919,108.95721457506711,33,1321,1e-05,
3026,triangle,1757,1786,756,,300102.087121122,6811355.600845358,89233.7783203125,153.31910685432464,153.85428774037064,103.31910685432464,103.85428774037064,33,1321,1e-05,
3027,triangle,756,1786,185,,300400.8454632366,6811423.162692681,76986.70361328125,161.48675154469905,161.33119242559215,111.48675154469906,111.33119242559214,33,1321,9.796745335002144e-06,
3028,triangle,185,1810,755,,300783.6678778907,6811289.323109939,39003.2314453125,168.04198512604216,166.10659397964358,118.04198512604216,116.10659397964359,33,1321,9.593490670004288e-06,
3029,triangle,315,1791,316,,297050.0,6810162.5,5625.0,139.83888838026257,138.56666819254556,89.83888838026255,88.56666819254558,33,1321,1e-05,
3030,triangle,219,1774,308,,297294.83183610166,6809593.655614242,6566.5078125,138.59413540094715,141.97596340106182,88.59413540094715,91.97596340106183,33,1321,9.39023600500643e-06,
3031,triangle,784,1795,290,,299981.94023686525,6808280.087487114,20840.8486328125,146.11000988034505,144.36960883716176,96.11000988034503,94.36960883716176,33,1321,9.39023600500643e-06,
3032,triangle,1747,1779,317,,297082.88397760567,6810432.267067928,27177.0400390625,148.12039090177282,148.11125834923178,98.12039090177282,98.11125834923178,33,1321,1e-05,
3033,triangle,352,1785,353,,299322.1640801621,6808264.343629715,6919.6171875,129.54624851164422,127.88443636889916,79.54624851164422,77.88443636889916,33,1321,1e-05,
3034,triangle,293,1787,785,,299729.0192348834,6809526.4940834865,69748.12109375,142.35364186150554,144.62020121386,92.35364186150552,94.62020121386001,33,1321,9.593490670004288e-06,
3035,triangle,1749,1789,1748,,298318.6571734073,6811241.093251158,157747.51171875,178.9883961843887,177.61736538710235,128.98839618438868,127.61736538710234,33,1321,1e-05,
3036,triangle,295,1790,294,,299567.254106132,6810206.37681128,64419.55126953125,145.09101379592295,145.5757223629277,95.09101379592293,95.57572236292769,33,1321,9.593490670004288e-06,
3037,triangle,753,1792,181,,300144.9819197541,6810938.670471112,25912.11376953125,147.98100418467277,144.07174259323187,97.98100418467277,94.07174259323187,33,1321,9.39023600500643e-06,
3038,triangle,1741,1807,1754,,298012.9986428695,6810167.700282198,177673.48828125,186.2234031899362,174.7503119080316,136.2234031899362,124.75031190803162,33,1321,1e-05,
3039,triangle,1786,1810,185,,300539.05057166045,6811289.219912742,41451.86328125,158.32074452790437,160.0051233985392,108.32074452790437,110.0051233985392,33,1321,1e-05,
3040,triangle,182,1786,753,,300356.13492285606,6811078.573951359,33031.48095703125,154.33904968795576,149.6955723833848,104.33904968795575,99.6955723833848,33,1321,9.593490670004288e-06,
3041,triangle,1751,1784,1742,,299137.42422325205,6808696.670633108,57986.1025390625,138.81650527883116,140.53825049476083,88.81650527883117,90.53825049476082,33,1321,1e-05,
3042,triangle,354,1808,355,,299114.08608701214,6808311.6917453185,4127.8212890625,125.29722699922037,125.73920652939825,75.29722699922036,75.73920652939825,33,1321,1e-05,
3043,triangle,1743,1763,1762,,297297.9469630325,6810899.110972588,37726.49169921875,167.81294935294102,163.19739032033442,117.81294935294099,113.19739032033443,33,1321,1e-05,
3044,triangle,1747,1782,1744,,297306.5636623196,6810307.119927605,41942.90771484375,158.26648741473352,157.43288719539265,108.26648741473355,107.43288719539265,33,1321,1e-05,
3045,triangle,761,1798,760,,298192.3817002731,6812311.813896482,14076.54638671875,179.3308535661454,178.34324029833775,129.3308535661454,128.34324029833775,33,1321,1e-05,
3046,triangle,1754,1794,1741,,298262.19394621643,6809940.293592882,188717.92724609375,174.0129363375486,168.48673308797643,124.01293633754861,118.4867330879764,33,1321,1e-05,
3047,triangle,1746,1794,1754,,298264.19497910823,6809586.074254642,158880.76416015625,163.44283393823713,161.3188677330503,113.44283393823713,111.3188677330503,33,1321,1e-05,
3048,triangle,296,1797,1783,,299846.9124304238,6810868.36551866,27333.1865234375,151.0148295320186,146.89735820944338,101.01482953201861,96.89735820944338,33,1321,1e-05,
3049,triangle,182,1810,1786,,300477.53057323035,6811167.101458264,30421.6865234375,153.624184811316,153.26324594501708,103.624184811316,103.2632459450171,33,1321,9.796745335002144e-06,
3050,triangle,186,1799,759,,298680.9532092316,6812131.0200116085,44518.72900390625,183.27481591644028,182.39665550774964,133.2748159164403,132.39665550774964,33,1321,9.796745335002144e-06,
3051,triangle,783,1759,235,,299614.0465785226,6808112.417186695,24154.84033203125,125.80524169604584,126.88589939028508,75.80524169604585,76.88589939028508,33,1321,9.186981340008571e-06,
3052,triangle,292,1800,1796,,299939.04719012487,6808891.60478649,82171.982421875,146.85653063216068,143.73043989998078,96.85653063216067,93.73043989998081,33,1321,1e-05,
3053,triangle,228,1755,307,,297706.77941297257,6809190.443079929,12993.81494140625,139.65293270147015,138.94508347987983,89.65293270147014,88.94508347987983,33,1321,9.593490670004288e-06,
3054,triangle,1748,1772,1749,,298133.63297470636,6811463.742631391,85897.39208984375,182.43915472413536,175.8391323413433,132.43915472413536,125.83913234134327,33,1321,1e-05,
3055,triangle,757,1801,1757,,299619.3804375034,6811542.122644763,116151.91796875,161.974234974331,158.16814779625292,111.97423497433101,108.16814779625292,33,1321,1e-05,
3056,triangle,787,1774,219,,297358.6349618334,6809512.856200126,21823.9677734375,140.32215890540118,142.83770153467682,90.32215890540121,92.83770153467684,33,1321,8.577217345015001e-06,
3057,triangle,1752,1800,1742,,299513.32121218054,6808861.466688186,107448.111328125,147.79636639389426,145.3317583702318,97.79636639389425,95.33175837023178,33,1321,1e-05,
3058,triangle,1753,1801,1793,,299172.7702326998,6811507.884554934,89256.7236328125,158.8042698913829,158.57180924078648,108.80426989138289,108.5718092407865,33,1321,1e-05,
3059,triangle,1762,1763,325,,297138.56926098163,6810893.986973655,9905.53515625,159.59662441640126,156.83900818944494,109.59662441640128,106.83900818944495,33,1321,1e-05,
3060,triangle,1765,1780,336,,297638.0440109065,6811394.336839634,8089.1083984375,163.584729693289,165.5740057285922,113.584729693289,115.57400572859221,33,1321,1e-05,
3061,triangle,1768,1781,359,,298801.8426336634,6808403.054415139,8849.28466796875,126.2373217918298,127.319366534401,76.23732179182979,77.319366534401,33,1321,1e-05,
3062,triangle,1743,1765,1750,,297501.3949936829,6811131.4448007,40628.537109375,170.49083903868222,166.828672443773,120.4908390386822,116.82867244377303,33,1321,1e-05,
3063,triangle,290,1795,783,,299867.0916504652,6808201.792309332,26187.1435546875,135.25659217352973,135.9233404152281,85.25659217352973,85.92334041522808,33,1321,9.186981340008571e-06,
3064,triangle,1756,1794,1769,,298832.3736641057,6809909.036552484,149829.1220703125,166.58808258595985,161.1042435081678,116.58808258595984,111.10424350816781,33,1321,1e-05,
3065,triangle,317,1782,1747,,297149.24647179974,6810357.07266321,24259.85986328125,154.97942503188685,150.26752094988228,104.97942503188685,100.26752094988227,33,1321,1e-05,
3066,triangle,759,1793,758,,299028.2451575594,6811968.186481975,69157.74755859375,172.24053893505732,171.0438874809195,122.24053893505733,121.04388748091948,33,1321,9.593490670004288e-06,
3067,triangle,1745,1809,1770,,298659.53620005795,6809006.972662066,62988.71728515625,147.45648067452439,145.54708615787146,97.45648067452437,95.54708615787148,33,1321,1e-05,
3068,triangle,1743,1762,1747,,297319.7749712919,6810739.019585833,66362.12548828125,167.79665614892542,164.4778014958334,117.7966561489254,114.47780149583339,33,1321,1e-05,
3069,triangle,1743,1803,1749,,297861.64289503946,6810978.807207248,104897.26220703125,169.86296168661045,171.09111586435415,119.86296168661048,121.09111586435417,33,1321,1e-05,
3070,triangle,313,1760,314,,297037.5,6810012.5,4218.75,136.20000457763672,136.80000178019205,86.20000457763672,86.80000178019206,33,1321,1e-05,
3071,triangle,325,1763,326,,297117.9911864871,6810955.560728698,4836.50830078125,153.47177962203574,152.54896829146108,103.47177962203574,102.5489682914611,33,1321,1e-05,
3072,triangle,328,1764,329,,297187.5,6811187.5,4218.75,156.89999771118164,157.16666539510092,106.89999771118161,107.1666653951009,33,1321,1e-05,
3073,triangle,332,1764,333,,297312.5,6811312.5,4218.75,162.19167073567706,159.90000279744467,112.19167073567706,109.90000279744466,33,1321,1e-05,
3074,triangle,356,1768,357,,298962.5,6808312.5,4218.75,125.6666653951009,126.0999984741211,75.6666653951009,76.0999984741211,33,1321,1e-05,
3075,triangle,359,1781,360,,298739.3426336634,6808390.554415139,4562.37158203125,125.99982480782936,126.51936602577469,75.99982480782934,76.51936602577469,33,1321,1e-05,
3076,triangle,1754,1805,1755,,297772.40641557734,6809477.357568741,45485.4921875,163.6689238133014,159.90431044042882,113.6689238133014,109.90431044042883,33,1321,1e-05,
3077,triangle,758,1801,757,,299437.0444604054,6811805.813718583,88563.93994140625,164.8221792419214,166.8409465832309,114.82217924192136,116.84094658323089,33,1321,9.796745335002144e-06,
3078,triangle,307,1805,787,,297551.1839820075,6809340.232590658,24165.62548828125,150.02337132866944,145.4968271125446,100.02337132866944,95.49682711254458,33,1321,9.593490670004288e-06,
3079,triangle,1749,1803,1789,,298187.34106917796,6810984.539557821,110880.3798828125,175.68596252574125,175.35044618402264,125.68596252574125,125.35044618402264,33,1321,1e-05,
3080,triangle,1770,1809,1746,,298510.52472608833,6809151.734146933,65379.28173828125,144.08706599922752,148.34549985660323,94.08706599922752,98.34549985660323,33,1321,1e-05,
3081,triangle,1784,1785,1752,,299398.4528648152,6808466.457180348,41750.6591796875,137.92577922768325,136.99718601740705,87.92577922768325,86.99718601740705,33,1321,1e-05,
3082,triangle,1776,1777,1746,,298196.57569059974,6809088.634385814,37564.5771484375,142.92996416842297,141.9635637041055,92.92996416842297,91.96356370410551,33,1321,1e-05,
3083,triangle,1745,1751,1742,,298991.6156545113,6808807.124731954,68417.046875,138.57552807729087,143.66735885792036,88.57552807729085,93.66735885792036,33,1321,1e-05,
3084,triangle,1744,1807,1747,,297517.69932346395,6810369.304624658,91359.41064453125,167.8797890673529,166.7766890786402,117.8797890673529,116.77668907864023,33,1321,1e-05,
3085,triangle,1758,1781,1745,,298643.53406492266,6808663.508513984,50314.64697265625,137.28623018524218,133.99847540618683,87.28623018524216,83.99847540618684,33,1321,1e-05,
3086,triangle,1774,1775,308,,297338.24695137254,6809691.205653948,26129.1650390625,149.9141486643846,146.92816343028116,99.91414866438463,96.92816343028119,33,1321,1e-05,
3087,triangle,1750,1763,1743,,297373.35141740233,6811031.05958462,40011.376953125,163.71045512866965,164.4355310265381,113.71045512866964,114.43553102653807,33,1321,1e-05,
3088,triangle,1755,1773,1754,,297901.98540996993,6809418.863385743,54684.1064453125,154.92554926666344,154.34579379152567,104.92554926666347,104.34579379152568,33,1321,1e-05,
3089,triangle,1747,1807,1743,,297544.75983499497,6810624.381359194,118746.6318359375,169.1797945472465,169.96970496401931,119.17979454724653,119.96970496401933,33,1321,1e-05,
3090,triangle,1750,1765,334,,297467.0172916321,6811276.320801768,13804.001953125,169.2918867481989,164.27028827837833,119.29188674819889,114.27028827837835,33,1321,1e-05,
3091,triangle,305,1773,1755,,297875.2286296959,6809209.38604382,19643.37158203125,139.52953920855145,141.33947882452162,89.52953920855145,91.33947882452162,33,1321,1e-05,
3092,triangle,1789,1803,1741,,298299.73954936746,6810683.703076872,131196.14111328125,177.34889116944305,175.1285628030614,127.34889116944305,125.12856280306141,33,1321,1e-05,
3093,triangle,785,1800,292,,299939.478958207,6809143.839191978,78594.05810546875,143.06532963921225,141.0335464417745,93.06532963921224,91.03354644177449,33,1321,9.593490670004288e-06,
3094,triangle,1757,1792,1786,,300047.0197841324,6811174.282724134,42375.8837890625,147.07799011233624,149.66866223466968,97.07799011233624,99.66866223466968,33,1321,1e-05,
3095,triangle,295,1802,1790,,299529.1777683744,6810397.843584073,41910.79052734375,145.63009387178533,146.88046275483114,95.63009387178535,96.88046275483116,33,1321,9.796745335002144e-06,
3096,triangle,181,1797,296,,299991.2674562176,6810844.239040506,10435.359375,140.74017328719492,140.72687667722917,90.74017328719493,90.72687667722919,33,1321,9.796745335002144e-06,
3097,triangle,1775,1791,1760,,297205.9151152708,6809976.653782534,20222.25048828125,144.9327352348442,143.28553463411842,94.93273523484419,93.28553463411845,33,1321,1e-05,
3098,triangle,314,1791,315,,297050.0,6810112.5,5625.0,138.0999984741211,138.53333282470703,88.09999847412107,88.53333282470703,33,1321,1e-05,
3099,triangle,1783,1806,1802,,299453.8956452715,6810713.2134835385,62969.37744140625,158.9371285365329,151.72504214656416,108.9371285365329,101.72504214656414,33,1321,1e-05,
3100,triangle,1745,1781,1751,,298815.5505869957,6808633.658985897,46170.19140625,139.73402400490215,136.05533594492704,89.73402400490215,86.05533594492704,33,1321,1e-05,
3101,triangle,1742,1787,1769,,299281.1247635018,6809371.72593518,131841.5595703125,154.32855869734746,150.7355654269254,104.32855869734748,100.73556542692539,33,1321,1e-05,
3102,triangle,328,1763,1750,,297238.9737153515,6811100.935585688,15844.40869140625,156.02044330679354,159.7104801944767,106.02044330679351,109.71048019447672,33,1321,1e-05,
3103,triangle,1750,1764,328,,297258.4825288644,6811182.87485699,8540.04443359375,159.74462153700998,160.52817933262173,109.74462153700998,110.52817933262173,33,1321,1e-05,
3104,triangle,333,1764,1750,,297333.4825288644,6811257.87485699,8540.044921875,166.07405561152362,162.3948480337936,116.07405561152362,112.39484803379361,33,1321,1e-05,
3105,triangle,305,1776,1773,,297960.22437027586,6809141.603247582,20349.359375,142.57604362433005,138.65935684060364,92.57604362433005,88.65935684060366,33,1321,1e-05,
3106,triangle,1769,1809,1742,,299020.36972301104,6809307.865657323,150798.31982421875,159.06201875177325,152.68067308816657,109.06201875177328,102.68067308816656,33,1321,1e-05,
3107,triangle,1746,1809,1794,,298542.7312140721,6809425.526316732,105079.96923828125,154.0028503486275,156.68933795170287,104.0028503486275,106.68933795170288,33,1321,1e-05,
3108,triangle,1775,1778,308,,297255.9151152708,6809764.153782534,16522.27685546875,140.7191174581205,140.93552980216856,90.7191174581205,90.93552980216857,33,1321,1e-05,
3109,triangle,1773,1776,1746,,298127.9043275655,6809196.818831295,30223.94580078125,148.84499105355746,146.120211727202,98.84499105355744,96.12021172720199,33,1321,1e-05,
3110,triangle,1759,1785,351,,299453.85977648164,6808223.291857377,16849.265625,130.01242384717608,130.1593290048364,80.01242384717608,80.15932900483638,33,1321,1e-05,
3111,triangle,754,1810,182,,300644.2603258399,6811102.3625022,21062.70068359375,153.2764113338591,153.83276276879164,103.2764113338591,103.83276276879167,33,1321,7.96745335002143e-06,
3112,triangle,353,1785,1784,,299284.6640801621,6808364.343629715,16724.7060546875,134.9042565810285,131.8511035441921,84.90425658102852,81.85110354419213,33,1321,1e-05,
3113,triangle,316,1791,1782,,297109.42727705324,6810199.103321268,12639.10009765625,145.1504510255007,143.4048086582152,95.1504510255007,93.40480865821519,33,1321,1e-05,
3114,triangle,1769,1790,1756,,299098.55753393186,6810064.3369445205,147734.97265625,157.98934110703593,158.5324345274503,107.98934110703595,108.53243452745032,33,1321,1e-05,
3115,triangle,1757,1801,1753,,299449.73551194085,6811334.784874264,113152.42041015625,155.54095052563733,152.55773988101322,105.54095052563731,102.55773988101322,33,1321,1e-05,
3116,triangle,1770,1777,301,,298320.5767157999,6808892.645106559,16317.703125,134.07839088511003,132.28343568486744,84.07839088511001,82.28343568486747,33,1321,1e-05,
3117,triangle,1758,1770,302,,298425.0517535608,6808785.0891592065,14361.70703125,130.2421444910964,130.95785927572197,80.24214449109641,80.95785927572196,33,1321,1e-05,
3118,triangle,341,1772,1766,,297976.9768196567,6811731.62497953,15325.23876953125,168.81035232376212,171.60334323198325,118.81035232376212,121.60334323198326,33,1321,1e-05,
3119,triangle,1786,1792,753,,300213.3287704202,6811080.223092307,32529.25,154.5758237368663,149.98466444889834,104.57582373686631,99.98466444889836,33,1321,1e-05,
3120,triangle,1753,1806,1783,,299344.17451222125,6810922.899836066,115115.67529296875,168.48529735371875,153.43401295890828,118.48529735371875,103.43401295890828,33,1321,1e-05,
3121,triangle,1802,1806,1790,,299359.192782436,6810492.931307707,69118.38916015625,151.87750593854324,151.43733370805498,101.87750593854324,101.43733370805496,33,1321,1e-05,
3122,triangle,1796,1800,1752,,299752.06309567275,6808742.014775812,70787.62060546875,140.67078021961441,143.64615133063896,90.67078021961441,93.64615133063893,33,1321,1e-05,
3123,triangle,355,1808,356,,299064.08608701214,6808311.6917453185,4127.8212890625,125.66800316906344,126.1058726874386,75.66800316906344,76.1058726874386,33,1321,1e-05,
3124,triangle,786,1802,295,,299692.9342313377,6810520.113174281,29053.84375,138.15367177571008,141.7266018371119,88.15367177571008,91.7266018371119,33,1321,9.796745335002144e-06,
3125,triangle,759,1799,1793,,298796.9751644902,6811954.551761209,77095.3447265625,173.42144406473523,174.6015533991505,123.42144406473524,124.60155339915049,33,1321,1e-05,
3126,triangle,1742,1809,1745,,298912.39214767615,6809023.403664056,95418.44580078125,149.84052077456047,150.67061531229123,99.84052077456049,100.67061531229122,33,1321,1e-05,
3127,triangle,293,1804,1787,,299568.5209322656,6809666.469384571,47863.85400390625,147.19772289016697,146.74993133386903,97.19772289016699,96.74993133386903,33,1321,1e-05,
3128,triangle,1742,1800,1787,,299490.5804832561,6809147.142819424,110090.82177734375,153.14162050691078,149.25068726339197,103.14162050691078,99.25068726339195,33,1321,1e-05,
3129,triangle,1794,1809,1769,,298799.72026337654,6809565.22682513,132407.5078125,157.8326728119398,155.90098202884644,107.83267281193979,105.90098202884644,33,1321,1e-05,
3130,triangle,291,1796,784,,300085.68355442584,6808490.353184499,31083.767578125,155.74154677255112,152.17937201118016,105.74154677255112,102.17937201118015,33,1321,9.796745335002144e-06,
3131,triangle,1793,1801,758,,299184.82378704735,6811779.468092854,75035.59765625,166.12158464299995,165.57205809057947,116.12158464299993,115.57205809057946,33,1321,1e-05,
3132,triangle,1769,1804,1790,,299304.6941681003,6809908.375768547,81422.17138671875,146.58603024342113,149.33100642345016,96.58603024342115,99.3310064234502,33,1321,1e-05,
3133,triangle,1783,1802,786,,299675.2955212537,6810684.736466706,49347.00830078125,148.8275312364993,145.82445708147407,98.82753123649931,95.82445708147407,33,1321,1e-05,
3134,triangle,347,1798,761,,298067.95960920025,6812289.181812033,9877.31884765625,174.6597408511763,175.31918973775953,124.6597408511763,125.31918973775953,33,1321,1e-05,
3135,triangle,1772,1780,1749,,297895.3413698356,6811432.168027498,46707.04443359375,177.67037670960923,172.92198006443334,127.67037670960922,122.92198006443334,33,1321,1e-05,
3136,triangle,760,1798,1771,,298247.28033644654,6812235.0177338645,15275.2060546875,177.45346296724202,177.90591064631806,127.45346296724202,127.90591064631808,33,1321,9.796745335002144e-06,
3137,triangle,1792,1797,181,,300022.3675260073,6810942.7426016675,18573.2177734375,139.8284147996101,143.9822905126236,89.82841479961012,93.98229051262359,33,1321,1e-05,
3138,triangle,1753,1783,1757,,299545.4961849784,6811101.871583198,93990.19921875,148.73533801006343,150.5746525511895,98.73533801006343,100.57465255118949,33,1321,1e-05,
3139,triangle,294,1804,293,,299610.50118700817,6809851.034188491,30063.97802734375,142.8118309326137,144.1443451807734,92.8118309326137,94.14434518077343,33,1321,9.39023600500643e-06,
3140,triangle,1787,1800,785,,299729.75413483044,6809279.925312537,83909.9404296875,143.37978549543266,144.86818676559278,93.37978549543267,94.8681867655928,33,1321,1e-05,
3141,triangle,784,1796,1795,,299957.59388968465,6808431.511985312,41803.5498046875,147.3937836676668,145.21479851217168,97.39378366766681,95.21479851217168,33,1321,1e-05,
3142,triangle,1751,1781,1768,,298861.35915573646,6808485.70488705,25873.57958984375,130.47520961556705,130.4262275817675,80.47520961556707,80.42622758176749,33,1321,1e-05,
3143,triangle,1790,1804,294,,299488.0534719774,6810010.814162225,49291.85595703125,145.52786041951936,146.48459883102814,95.52786041951934,96.48459883102815,33,1321,1e-05,
3144,triangle,1771,1798,346,,298147.8582453737,6812187.385649414,9244.91259765625,174.3617965086077,174.7151934190732,124.36179650860771,124.71519341907317,33,1321,1e-05,
3145,triangle,1767,1771,345,,298148.19165248267,6812064.709731626,16180.71533203125,173.78761068177928,174.14152157331353,123.78761068177928,124.14152157331353,33,1321,1e-05,
3146,triangle,1803,1807,1741,,298060.22661137575,6810521.634745687,101634.658203125,175.96720952744045,174.8594593680873,125.96720952744045,124.8594593680873,33,1321,1e-05,
3147,triangle,1784,1808,354,,299151.58608701214,6808386.6917453185,14184.8564453125,128.588268272937,129.4058731960649,78.58826827293699,79.40587319606492,33,1321,1e-05,
3148,triangle,1744,1791,1775,,297325.73230579065,6810039.201046929,45320.388671875,151.14086477980197,149.75090011668937,101.14086477980197,99.75090011668938,33,1321,1e-05,
3149,triangle,1743,1807,1803,,297803.9253890287,6810717.323822665,99625.62939453125,172.36739142220065,172.35578894137157,122.36739142220065,122.35578894137161,33,1321,1e-05,
3150,triangle,787,1805,1774,,297493.40956664574,6809470.487033129,21992.52392578125,150.44126560193138,152.06177442327638,100.44126560193139,102.06177442327639,33,1321,1e-05,
3151,triangle,311,1760,312,,297062.5,6809912.5,5625.0,135.83889304267035,136.30000178019205,85.83889304267035,86.30000178019206,33,1321,1e-05,
3152,triangle,320,1779,321,,296918.0647828592,6810536.797725986,6330.0439453125,139.8263111714224,141.1485475834436,89.82631117142239,91.1485475834436,33,1321,1e-05,
3153,triangle,322,1761,323,,296986.63428526756,6810687.114739961,5570.94873046875,148.71518142122994,147.58028379282757,98.71518142122993,97.58028379282757,33,1321,1e-05,
3154,triangle,324,1762,325,,297070.57807449455,6810838.426244959,6429.58056640625,158.38003441894273,153.19003888073124,108.38003441894276,103.19003888073125,33,1321,1e-05,
3155,triangle,327,1763,328,,297142.9911864871,6811055.560728698,7023.42626953125,151.94448527701576,154.54896829146108,101.94448527701579,104.5489682914611,33,1321,1e-05,
3156,triangle,330,1764,331,,297212.5,6811287.5,5625.0,159.358336130778,159.4666633605957,109.35833613077801,109.4666633605957,33,1321,1e-05,
3157,triangle,334,1765,335,,297521.03476276767,6811355.945944779,7322.49169921875,162.72714880099784,162.57544100752418,112.72714880099784,112.57544100752416,33,1321,1e-05,
3158,triangle,342,1766,343,,297976.92514216824,6811873.119249791,8865.6630859375,170.01871871797158,170.03052642484062,120.01871871797158,120.03052642484062,33,1321,1e-05,
3159,triangle,344,1767,345,,298056.0819707729,6812027.209731626,8873.12646484375,171.49128331624865,172.01942885102332,121.49128331624867,122.01942885102333,33,1321,1e-05,
3160,triangle,358,1768,359,,298862.5,6808337.5,5625.0,125.86666806538899,126.46666717529297,75.86666806538899,76.46666717529297,33,1321,1e-05,
3161,triangle,1790,1806,1756,,299127.1872256894,6810396.849180489,113188.095703125,162.6816138549728,159.88654860980967,112.6816138549728,109.88654860980967,33,1321,1e-05,
3162,triangle,1760,1778,1775,,297218.4151152708,6809876.653782534,14173.20166015625,144.39953491954125,142.33553259961323,94.39953491954125,92.33553259961324,33,1321,1e-05,
3163,triangle,783,1795,1759,,299720.29141493293,6808217.59678637,26695.919921875,129.33756239299336,131.69763930112114,79.33756239299336,81.69763930112113,33,1321,1e-05,
3164,triangle,1759,1795,1752,,299663.7979282344,6808379.172767118,44968.02783203125,132.3181891362594,135.3861042840633,82.31818913625942,85.38610428406328,33,1321,1e-05,
3165,triangle,1745,1770,1758,,298566.74318482005,6808820.543258053,39883.85791015625,134.3098092420874,136.4869691647604,84.3098092420874,86.48696916476041,33,1321,1e-05,
3166,triangle,1746,1777,1770,,298338.25667308964,6809047.860690272,39027.8427734375,142.32872145307763,140.54428853696058,92.32872145307765,90.5442885369606,33,1321,1e-05,
3167,triangle,1752,1785,1759,,299517.64856113476,6808375.40540801,32625.7646484375,136.5062367640504,135.33874430275833,86.50623676405041,85.33874430275834,33,1321,1e-05,
3168,triangle,1755,1805,307,,297673.25588676677,6809302.177655759,19599.98486328125,153.01628138957238,149.17568026492668,103.01628138957238,99.17568026492667,33,1321,1e-05,
3169,triangle,1783,1797,1757,,299783.5803089649,6811019.776546028,41350.2421875,150.55185106238667,149.12865274762487,100.55185106238667,99.12865274762486,33,1321,1e-05,
3170,triangle,1747,1762,1761,,297147.0315545086,6810646.010326861,24414.24609375,160.03729632184204,159.46636575542774,110.037296321842,109.46636575542773,33,1321,1e-05,
3171,triangle,1761,1779,1747,,297094.51826287323,6810544.381807889,21183.14501953125,153.81402635586448,153.4582047397156,103.8140263558645,103.4582047397156,33,1321,1e-05,
3172,triangle,303,1758,302,,298387.5,6808687.5,4218.75,128.35000038146973,128.41666666666666,78.35000038146973,78.41666666666667,33,1321,1e-05,
3173,triangle,298,1776,297,,298020.8707710709,6808988.362854749,4315.82080078125,131.82014695813342,133.29379856640205,81.82014695813345,83.29379856640205,33,1321,1e-05,
3174,triangle,301,1777,300,,298233.02496223914,6808845.055947352,5068.7939453125,130.02501848820242,130.075573866014,80.02501848820243,80.07557386601398,33,1321,1e-05,
3175,triangle,310,1778,311,,297112.5,6809812.5,4218.75,136.02499771118164,136.4499994913737,86.02499771118164,86.4499994913737,33,1321,1e-05,
3176,triangle,312,1760,313,,297037.5,6809962.5,4218.75,135.95000457763672,136.50000381469727,85.95000457763672,86.50000381469727,33,1321,1e-05,
3177,triangle,319,1779,320,,296893.0647828592,6810486.797725986,4844.7880859375,138.9847384832845,140.71521323285765,88.98473848328452,90.71521323285766,33,1321,1e-05,
3178,triangle,321,1761,322,,296961.63428526756,6810637.114739961,4121.35693359375,144.89043416499248,144.58028379282757,94.89043416499247,94.58028379282757,33,1321,1e-05,
3179,triangle,323,1762,324,,297045.57807449455,6810788.426244959,5127.533203125,155.8035311869982,153.29003989798386,105.80353118699821,103.29003989798385,33,1321,1e-05,
3180,triangle,326,1763,327,,297117.9911864871,6811005.560728698,4836.5087890625,152.23140652933353,153.48230264204702,102.23140652933355,103.48230264204703,33,1321,1e-05,
3181,triangle,329,1764,330,,297187.5,6811237.5,4218.75,158.17499923706055,158.66666539510092,108.17499923706055,108.6666653951009,33,1321,1e-05,
3182,triangle,331,1764,332,,297262.5,6811312.5,4218.75,160.60000228881836,159.93333307902017,110.60000228881836,109.93333307902019,33,1321,1e-05,
3183,triangle,335,1765,336,,297571.03476276767,6811380.945944779,4956.0810546875,162.8536523529021,163.27544304202937,112.85365235290209,113.27544304202938,33,1321,1e-05,
3184,triangle,336,1780,337,,297642.0092481388,6811463.390894855,4726.04052734375,164.16433887351488,164.4652293532295,114.16433887351488,114.4652293532295,33,1321,1e-05,
3185,triangle,341,1766,342,,297951.92514216824,6811823.119249791,5841.57861328125,169.811500525081,169.2971941087599,119.81150052508099,119.29719410875988,33,1321,1e-05,
3186,triangle,343,1767,344,,298031.0819707729,6811977.209731626,6309.2216796875,171.39507860134097,171.88609246593217,121.39507860134098,121.88609246593218,33,1321,1e-05,
3187,triangle,357,1768,358,,298912.5,6808312.5,4218.75,125.64999961853027,126.26666514078777,75.64999961853027,76.26666514078777,33,1321,1e-05,
3188,triangle,360,1781,361,,298689.3426336634,6808390.554415139,4562.37158203125,126.01790577275737,126.51936602577469,76.01790577275737,76.51936602577469,33,1321,1e-05,
3189,triangle,297,1776,306,,297970.8707710709,6809013.362854749,6663.78271484375,131.07216395514928,133.69379754914942,81.07216395514928,83.69379754914944,33,1321,1e-05,
3190,triangle,300,1777,299,,298183.02496223914,6808870.055947352,5971.6025390625,129.9073621542504,130.27557081425618,79.90736215425038,80.27557081425617,33,1321,1e-05,
3191,triangle,309,1778,310,,297137.5,6809762.5,5625.0,134.77777481079102,136.1500015258789,84.77777481079102,86.1500015258789,33,1321,1e-05,
3192,triangle,318,1779,319,,296918.0647828592,6810436.797725986,6172.0322265625,138.48943426048356,140.3818798995243,88.48943426048355,90.38187989952434,33,1321,1e-05,
3193,triangle,337,1780,338,,297667.0092481388,6811513.390894855,6032.06494140625,165.4331166531074,165.43189398539096,115.43311665310739,115.43189398539096,33,1321,1e-05,
3194,triangle,361,1781,362,,298639.3426336634,6808415.554415139,6175.91796875,126.2995614007984,126.75270088498694,76.29956140079838,76.75270088498694,33,1321,1e-05,
3195,triangle,1782,1791,1744,,297266.74446757307,6810174.1505856635,23181.0478515625,146.04055614805736,150.50350925431152,96.04055614805733,100.50350925431151,33,1321,1e-05,
3196,triangle,1787,1804,1769,,299359.80011245835,6809644.483729378,70764.466796875,149.8967279569627,148.48279504913523,99.8967279569627,98.48279504913523,33,1321,1e-05,
3197,triangle,1757,1797,1792,,299926.98789711617,6811076.305258163,27836.7607421875,143.1362137512962,147.75242734598064,93.13621375129618,97.75242734598065,33,1321,1e-05,
3198,triangle,1793,1799,1748,,298648.9703458192,6811755.921682899,96293.748046875,177.1081990073164,174.96142097188655,127.10819900731639,124.96142097188654,33,1321,1e-05,
3199,triangle,1760,1791,314,,297087.5,6810050.0,10546.875,137.55000220404727,139.06666692097983,87.55000220404727,89.06666692097981,33,1321,1e-05,
3200,triangle,356,1808,1768,,299001.58608701214,6808349.1917453185,8568.75927734375,126.67029823140815,127.27253935410528,76.67029823140815,77.27253935410528,33,1321,1e-05,
3201,triangle,1795,1796,1752,,299786.25181658607,6808514.792788277,49854.06787109375,136.72374427160946,140.45699507318014,86.72374427160948,90.45699507318017,33,1321,1e-05,
3202,triangle,346,1798,347,,298055.74856366386,6812224.885649414,6258.84912109375,172.64230115797974,173.0264350473689,122.64230115797974,123.02643504736892,33,1321,1e-05,
3203,triangle,311,1778,1760,,297125.0,6809875.0,7031.25,138.32222154405378,137.65000025431314,88.32222154405378,87.65000025431316,33,1321,1e-05,
3204,triangle,321,1779,1761,,296979.69906812673,6810573.912465948,7282.63427734375,145.89405829526086,145.59549499118,95.89405829526088,95.59549499118003,33,1321,1e-05,
3205,triangle,1761,1762,323,,297057.2123597621,6810725.54098492,8473.23876953125,156.51948931107432,154.60365600689215,106.51948931107435,104.60365600689215,33,1321,1e-05,
3206,triangle,1766,1767,343,,298058.00711294106,6811900.328981418,13360.82421875,173.17709316310936,172.78328759194468,123.17709316310939,122.78328759194467,33,1321,1e-05,
3207,triangle,1751,1808,1784,,299086.1026090852,6808494.34221723,20556.666015625,133.73999750553085,133.14606808539102,83.73999750553087,83.14606808539104,33,1321,1e-05,
3208,triangle,230,1788,303,,298360.99837283255,6808613.669874388,1198.716796875,127.73648419277805,127.73648419277646,77.73648419277806,77.73648419277646,18,2041,6.747925360034285e-06,
3209,triangle,364,1788,232,,298386.9236975411,6808587.889958129,1396.447265625,127.60259180646472,127.59899078157223,77.6025918064647,77.59899078157223,33,1321,7.357689355027857e-06,
3210,triangle,1768,1808,1751,,298986.1026090852,6808456.84221723,16364.625,133.33170241191152,130.64606808539102,83.3317024119115,80.64606808539104,33,1321,1e-05,
3211,triangle,1758,1788,364,,298423.49837283255,6808625.389958129,3087.8349609375,128.0321141570855,128.08232564078446,78.03211415708549,78.08232564078446,33,1321,1e-05,
3212,triangle,303,1788,1758,,298398.49837283255,6808650.389958129,2662.228515625,128.16126020786575,128.2156594827441,78.16126020786575,78.2156594827441,33,1321,1e-05,
3213,triangle,232,1788,230,,298361.9236975412,6808588.669874388,89.02587890625,127.5844971064513,127.60315035081682,77.58449710645127,77.60315035081682,18,2041,4.30886938006e-06,
3214,triangle,184,755,183,,301183.31037483737,6811106.159697478,26222.7685546875,164.53676413051943,164.02408758250928,114.5367641305194,114.02408758250927,33,1321,9.593490670004288e-06,
3215,triangle,348,187,349,,297850.0,6812380.960240786,670.52685546875,174.01435212975784,173.5635800178887,124.01435212975782,123.5635800178887,33,1321,1e-05,
3216,triangle,761,187,348,,297937.21104553645,6812370.256403404,10275.62890625,174.76170736260624,174.85633470827932,124.76170736260624,124.8563347082793,33,1321,8.170708015019286e-06,
3217,triangle,183,755,754,,300977.01789033494,6811110.998992647,35674.0732421875,168.2439490637413,163.94060642847268,118.2439490637413,113.94060642847269,33,1321,1e-05,
3218,triangle,348,347,761,,297987.21104553645,6812314.296162617,8607.06103515625,173.24378570638987,173.95942644332033,123.24378570638986,123.9594264433203,33,1321,1e-05,
3219,triangle,230,232,231,,298350.9253247086,6808575.779916258,3.24755859375,127.50421088860391,127.5041595692446,77.50421088860391,77.5041595692446,18,2041,4.30886938006e-06,
3220,triangle,359,233,358,,298804.4038385576,6808291.711006039,6062.080078125,126.81178893073356,127.3838770290807,76.81178893073357,77.3838770290807,33,1321,1e-05,
3221,triangle,361,233,360,,298704.4038385576,6808316.711006039,3745.01171875,127.43595521515581,127.45054267849476,77.4359552151558,77.45054267849476,33,1321,1e-05,
3222,triangle,351,1811,234,,299330.2187554766,6808085.122626841,14766.23974609375,124.04335134780492,124.2641883860562,74.04335134780492,74.2641883860562,33,1321,9.796745335002144e-06,
3223,triangle,352,1811,351,,299314.9898102403,6808162.730324267,5318.98486328125,123.87981177443876,123.97433162830743,73.87981177443876,73.97433162830743,33,1321,1e-05,
3224,triangle,363,781,362,,298540.1645816331,6808445.85550302,1572.740234375,126.96400533245648,126.80944420392292,76.96400533245647,76.80944420392292,33,1321,8.577217345015001e-06,
3225,triangle,360,233,359,,298754.4038385576,6808316.711006039,3745.01171875,126.87329489037276,127.45054267849476,76.87329489037278,77.45054267849476,33,1321,1e-05,
3226,triangle,782,1812,357,,299022.15979692567,6808197.323870917,6289.02099609375,127.3056457440751,127.7881816176676,77.30564574407511,77.7881816176676,33,1321,1e-05,
3227,triangle,355,1812,354,,299114.5644670666,6808251.778560326,2612.41162109375,125.04121406346005,125.041560937275,75.04121406346006,75.04156093727501,33,1321,1e-05,
3228,triangle,357,1812,356,,299014.5644670666,6808251.778560326,2612.412109375,125.77630770701415,125.60822658668906,75.77630770701415,75.60822658668907,33,1321,1e-05,
3229,triangle,354,1811,353,,299214.9898102403,6808237.730324267,4192.8388671875,124.17244083177003,124.07433264556003,74.17244083177002,74.07433264556003,33,1321,1e-05,
3230,triangle,353,1811,352,,299264.9898102403,6808212.730324267,5318.98486328125,124.45726461199116,124.00766445301446,74.45726461199116,74.00766445301446,33,1321,1e-05,
3231,triangle,354,1812,1811,,299154.5542773069,6808214.508884594,7509.4013671875,125.29324838936373,125.24922742479468,75.29324838936371,75.24922742479467,33,1321,1e-05,
3232,triangle,1811,1812,782,,299112.14960716595,6808160.054195183,7527.8310546875,127.85323408180918,127.79584861381359,77.85323408180919,77.79584861381358,33,1321,1e-05,
3233,triangle,356,1812,355,,299064.5644670666,6808251.778560326,2612.412109375,125.40822709533204,125.40822709531535,75.40822709533204,75.40822709531537,33,1321,1e-05,
3234,triangle,363,364,232,,298425.9253247086,6808550.0,2708.40087890625,127.53127651620059,127.23333231608073,77.53127651620058,77.23333231608073,33,1321,8.373962680017143e-06,
3235,triangle,232,781,363,,298466.0899063416,6808495.85550302,4730.1396484375,127.18466520482629,127.1761103619633,77.18466520482627,77.1761103619633,33,1321,7.15443469003e-06,
3236,triangle,233,782,358,,298886.99916841666,6808212.256316629,13321.49462890625,131.18093768331977,129.29716437614,81.18093768331977,79.29716437613996,33,1321,9.186981340008571e-06,
3237,triangle,361,781,233,,298644.56842019066,6808337.56650906,2458.818359375,126.87541295719684,127.99332174162991,76.87541295719686,77.99332174162991,33,1321,8.577217345015001e-06,
3238,triangle,234,235,350,,299452.2975560878,6808010.323691723,3387.7119140625,122.81486827288438,123.27657935515721,72.81486827288438,73.2765793551572,18,2041,6.544670695036429e-06,
3239,triangle,234,1811,782,,299212.81408533565,6808080.6679374315,20760.30908203125,126.97697204964608,127.11081008370142,76.97697204964606,77.11081008370142,33,1321,8.780472010012858e-06,
3240,triangle,358,782,357,,298957.59532985906,6808220.5453105895,6126.15234375,128.58946829653615,127.41328734705928,78.58946829653617,77.41328734705928,33,1321,1e-05,
3241,triangle,362,781,361,,298590.1645816331,6808395.85550302,1572.74072265625,127.02254628641018,126.50944623842814,77.02254628641018,76.50944623842814,33,1321,9.39023600500643e-06,
3242,triangle,350,351,234,,299415.22894523636,6808047.3923025755,7017.60986328125,122.88014541297397,123.42318805657692,72.88014541297397,73.4231880565769,33,1321,9.186981340008571e-06,
3243,triangle,382,1816,381,,294644.5270536459,6810679.136375338,11400.3642578125,178.71970766361108,178.7668171808339,128.71970766361108,128.7668171808339,27,301,1.48e-05,
3244,triangle,379,1820,378,,294428.24032049,6810842.2618956445,8943.50048828125,181.9785208587159,182.12470656009017,131.9785208587159,132.1247065600902,27,301,1.48e-05,
3245,triangle,366,1818,365,,293566.5964964822,6810863.668500158,5954.39990234375,193.48789382892704,193.3132241837884,143.48789382892704,143.3132241837884,27,301,1.48e-05,
3246,triangle,380,1816,379,,294544.5270536459,6810754.136375338,7972.158203125,179.95746131056183,180.53348486475318,129.95746131056185,130.53348486475318,27,301,1.48e-05,
3247,triangle,365,1818,772,,293612.2269886765,6810782.738733807,21105.626953125,196.72390156209923,195.89103245994406,146.72390156209923,145.89103245994406,27,301,1.2926583817867857e-05,
3248,triangle,205,1816,382,,294639.3502441786,6810580.881178529,23694.58740234375,181.0742904301428,181.76795282223566,131.0742904301428,131.76795282223566,27,301,1.4425316763573572e-05,
3249,triangle,381,1816,380,,294594.5270536459,6810729.136375338,11400.36376953125,179.52814406252855,179.53348486475318,129.52814406252855,129.53348486475318,27,301,1.48e-05,
3250,triangle,773,1815,774,,294070.7113522005,6810456.189171076,31084.4384765625,192.01707987940935,193.44046391193555,142.01707987940935,143.44046391193555,27,301,1.4425316763573572e-05,
3251,triangle,377,1814,376,,294273.2182613383,6811001.517843331,8467.1884765625,183.80610405908038,184.19671937842404,133.80610405908038,134.19671937842404,27,301,1.48e-05,
3252,triangle,373,1814,372,,294073.2182613383,6811051.517843331,8066.296875,187.28063055018885,186.43005678076779,137.28063055018882,136.43005678076779,27,301,1.48e-05,
3253,triangle,374,1814,373,,294123.2182613383,6811076.517843331,5454.2431640625,186.31522834936675,185.9633870623433,136.31522834936675,135.96338706234332,27,301,1.48e-05,
3254,triangle,375,1814,374,,294173.2182613383,6811076.517843331,5454.2421875,185.51309990587728,185.43005169450475,135.5130999058773,135.43005169450478,27,301,1.48e-05,
3255,triangle,775,1816,205,,294555.71395095304,6810457.391217374,23973.484375,186.66858217434458,187.31977042275,136.6685821743446,137.31977042275,27,301,1.3675950290720716e-05,
3256,triangle,376,1814,375,,294223.2182613383,6811051.517843331,8467.18798828125,184.44388358405055,184.7633850278381,134.44388358405058,134.7633850278381,27,301,1.48e-05,
3257,triangle,1816,1820,379,,294447.76737413596,6810746.398270982,22692.603515625,182.46509807810682,182.29152272367148,132.46509807810682,132.29152272367148,27,301,1.48e-05,
3258,triangle,775,1819,1816,,294446.1818168458,6810435.641624694,26300.8759765625,187.14934761066633,187.83399477699206,137.14934761066633,137.83399477699206,27,301,1.4425316763573572e-05,
3259,triangle,1817,1818,369,,293779.0964964822,6810926.168500158,8009.8876953125,190.54095778163028,190.6548900875156,140.54095778163025,140.6548900875156,27,301,1.48e-05,
3260,triangle,772,1813,773,,293856.4538840351,6810636.5517489575,35942.97802734375,195.16373113369949,194.85417081605507,145.16373113369949,144.85417081605507,27,301,1.4050633527147144e-05,
3261,triangle,1813,1815,773,,294022.99400539324,6810603.319518137,36100.6669921875,191.7276471605635,190.9061129535854,141.7276471605635,140.9061129535854,27,301,1.48e-05,
3262,triangle,369,1818,368,,293716.5964964822,6810938.668500158,4087.2939453125,191.21329867832816,191.54655649986913,141.21329867832816,141.54655649986913,27,301,1.48e-05,
3263,triangle,372,1817,371,,293937.5,6811012.5,4218.75,187.98333485921222,188.07500330607095,137.98333485921225,138.07500330607095,27,301,1.48e-05,
3264,triangle,1814,1817,372,,294010.7182613383,6810989.017843331,12099.4453125,186.99797214885464,187.271722684495,136.99797214885461,137.27172268449502,27,301,1.48e-05,
3265,triangle,774,1819,204,,294263.6849645798,6810288.486846059,24995.31982421875,192.02304234684206,193.49402585229566,142.02304234684206,143.49402585229566,27,301,1.3675950290720716e-05,
3266,triangle,378,1820,377,,294378.24032049,6810892.2618956445,8943.50048828125,182.54170885830038,182.99137526126205,132.5417088583004,132.99137526126208,27,301,1.48e-05,
3267,triangle,1815,1819,774,,294212.94533167843,6810423.043914288,22475.8828125,189.13552498010444,190.495988016408,139.13552498010444,140.495988016408,27,301,1.48e-05,
3268,triangle,772,1818,1813,,293779.9933035699,6810762.079781816,31062.45263671875,193.91351300375948,193.5075621604299,143.91351300375948,143.50756216042996,27,301,1.48e-05,
3269,triangle,204,1819,775,,294389.5650096536,6810282.786183954,19525.9951171875,192.521092901174,193.32829714455988,142.521092901174,143.32829714455988,27,301,1.4050633527147144e-05,
3270,triangle,1816,1819,1815,,294341.98872362374,6810519.969588677,30940.24169921875,185.61353687424432,186.2119255556585,135.61353687424435,136.2119255556585,27,301,1.48e-05,
3271,triangle,1814,1820,1813,,294144.2248967216,6810848.1207869835,32657.28125,185.97648274946346,185.80462434017196,135.97648274946349,135.80462434017196,27,301,1.48e-05,
3272,triangle,1813,1818,1817,,293846.8628113756,6810855.509548168,21802.34326171875,190.83987394173553,189.4714218225067,140.83987394173553,139.4714218225067,27,301,1.48e-05,
3273,triangle,377,1820,1814,,294276.4585818283,6810918.779738975,20098.16943359375,183.51102744485735,184.52142797301943,133.51102744485735,134.52142797301946,27,301,1.48e-05,
3274,triangle,1813,1820,1815,,294158.17724893574,6810707.440946481,38090.556640625,187.7601391625306,186.93765232367608,137.76013916253058,136.9376523236761,27,301,1.48e-05,
3275,triangle,370,1817,369,,293837.5,6810987.5,5625.0,189.6361134847005,189.37499618530273,139.6361134847005,139.37499618530273,27,301,1.48e-05,
3276,triangle,368,1818,367,,293666.5964964822,6810938.668500158,4087.29345703125,191.88748361192071,192.14655751712175,141.88748361192071,142.14655751712175,27,301,1.48e-05,
3277,triangle,371,1817,370,,293887.5,6811012.5,4218.75,188.70000076293945,188.60833358764648,138.70000076293945,138.60833358764648,27,301,1.48e-05,
3278,triangle,367,1818,366,,293616.5964964822,6810913.668500158,5954.39990234375,192.76610246172726,192.7132231665358,142.76610246172726,142.7132231665358,27,301,1.48e-05,
3279,triangle,1815,1820,1816,,294334.93798768835,6810657.23627381,35954.4169921875,186.31572921937487,185.18794082127673,136.31572921937487,135.18794082127673,27,301,1.48e-05,
3280,triangle,1813,1817,1814,,294003.4845762316,6810893.358891341,24342.98681640625,186.88385566862965,187.1215847010616,136.88385566862965,137.1215847010616,27,301,1.48e-05,
3281,triangle,365,772,203,,293543.8343996355,6810769.07023365,452.04736328125,197.17323077233766,196.3326935567759,147.17323077233763,146.33269355677592,27,301,1.0303801162882857e-05,
3282,triangle,206,205,382,,294733.9114863731,6810601.744803191,4644.18408203125,180.1794257916671,180.33446897473513,130.1794257916671,130.33446897473507,18,2041,8.805068217177143e-06,
3283,triangle,199,1829,200,,293445.12863842695,6811560.875120026,52348.29541015625,191.15159080414494,191.39215831188713,141.15159080414492,141.3921583118871,27,301,1.3675950290720716e-05,
3284,triangle,374,1822,375,,294162.5,6811198.111949556,8225.09423828125,185.68375623000793,186.06948501012002,135.683756230008,136.06948501012002,27,301,1.48e-05,
3285,triangle,789,1828,788,,294425.22784020804,6811179.036373275,21326.744140625,188.32397253792158,187.78808399609042,138.32397253792155,137.78808399609045,27,301,1.48e-05,
3286,triangle,203,1826,366,,293481.4044904947,6810935.2341168085,11965.60986328125,196.73675345386974,196.57439779191301,146.73675345386977,146.57439779191301,27,301,1.48e-05,
3287,triangle,366,1826,367,,293533.2005830536,6810985.2341168085,11478.7724609375,195.24687359757337,195.95284381012087,145.2468735975734,145.95284381012087,27,301,1.48e-05,
3288,triangle,198,1822,770,,294040.3139417039,6811509.137701899,23816.154296875,189.74371778014608,188.72222151718066,139.74371778014608,138.7222215171807,27,301,1.48e-05,
3289,triangle,383,1825,789,,294633.5474194475,6810974.070896827,16848.44482421875,187.00787447568635,186.11622677920698,137.00787447568638,136.11622677920698,27,301,1.48e-05,
3290,triangle,373,1822,374,,294112.5,6811198.111949556,8225.09423828125,186.24622386069868,186.60282037795855,136.24622386069865,136.60282037795855,27,301,1.48e-05,
3291,triangle,376,1828,377,,294345.87130670133,6811046.506062212,4767.4541015625,184.91312118383334,184.27295838894668,134.91312118383334,134.27295838894668,27,301,1.48e-05,
3292,triangle,788,1822,198,,294190.07055811683,6811412.000885312,26004.98388671875,190.22147631515512,190.4318510011267,140.22147631515512,140.43185100112672,27,301,1.48e-05,
3293,triangle,202,1831,771,,293092.3323775115,6811169.943052192,21610.99951171875,212.6097044315963,210.13128141923562,162.60970443159633,160.13128141923562,27,301,1.4050633527147144e-05,
3294,triangle,199,1832,1829,,293604.4644649921,6811496.238089725,43097.6591796875,190.88108982138988,190.60821654655152,140.88108982138988,140.60821654655152,27,301,1.48e-05,
3295,triangle,377,1825,378,,294462.5,6810937.5,5625.0,183.55833435058597,183.3083356221517,133.55833435058597,133.3083356221517,27,301,1.48e-05,
3296,triangle,375,1822,788,,294227.9449262272,6811264.717060921,24546.1455078125,185.94421148801916,187.75205066654084,135.94421148801916,137.75205066654087,27,301,1.48e-05,
3297,triangle,771,1826,203,,293365.0067846792,6810979.426904391,29695.46630859375,203.21149343125364,201.91712600275332,153.21149343125364,151.91712600275332,27,301,1.4425316763573572e-05,
3298,triangle,788,1828,375,,294311.31623292854,6811188.111173579,14384.58984375,185.79406358143547,187.18885636144822,135.79406358143547,137.18885636144825,27,301,1.48e-05,
3299,triangle,377,1828,789,,294434.78291398083,6811062.431261909,14135.60107421875,188.35106806746364,185.13885370750813,138.35106806746364,135.13885370750813,27,301,1.48e-05,
3300,triangle,1823,1824,370,,293837.29269629484,6811102.0406874055,8067.080078125,189.6034359801583,189.45257602967658,139.6034359801583,139.45257602967658,27,301,1.48e-05,
3301,triangle,1822,1832,770,,293919.6477839662,6811466.4957798375,39175.564453125,187.7827871148587,187.50565127747646,137.7827871148587,137.50565127747652,27,301,1.48e-05,
3302,triangle,789,1825,377,,294501.4116072795,6811003.425199698,15105.24072265625,187.77549893338397,185.10756020503607,137.77549893338397,135.10756020503607,27,301,1.48e-05,
3303,triangle,367,1823,368,,293687.5,6811012.5,4218.75,191.625,191.54166539510092,141.625,141.54166539510092,27,301,1.48e-05,
3304,triangle,370,1824,371,,293899.79269629484,6811089.5406874055,4448.3271484375,188.47563165342135,188.51091165182825,138.47563165342135,138.51091165182828,27,301,1.48e-05,
3305,triangle,367,1826,1821,,293570.7005830536,6811097.7341168085,28284.189453125,194.69562701730973,195.56951251129274,144.69562701730973,145.56951251129274,27,301,1.48e-05,
3306,triangle,200,1829,201,,293238.1778208656,6811480.377729935,40502.57568359375,196.93141357271617,197.15043873457168,146.93141357271614,147.15043873457165,27,301,1.4050633527147144e-05,
3307,triangle,1821,1823,367,,293675.0,6811100.0,12656.25,191.56666564941406,191.72499974568686,141.56666564941406,141.72499974568686,27,301,1.48e-05,
3308,triangle,1824,1832,1822,,293928.75217044685,6811317.2945392905,40799.9462890625,189.02988037235312,188.4102954580018,139.02988037235312,138.4102954580018,27,301,1.48e-05,
3309,triangle,201,1831,202,,293041.8779844327,6811301.409527483,20000.26416015625,208.70147427235398,208.00681823405966,158.701474272354,158.0068182340597,27,301,1.3301267054294286e-05,
3310,triangle,1829,1832,1821,,293601.8657463251,6811352.581436762,33317.0869140625,192.36184934156068,192.76490064474356,142.36184934156068,142.76490064474356,27,301,1.48e-05,
3311,triangle,771,1831,1826,,293256.53227963723,6811116.791593839,24247.140625,209.1526067341707,207.19861718291722,159.15260673417072,157.19861718291725,27,301,1.4050633527147144e-05,
3312,triangle,375,1828,376,,294295.87130670133,6811096.506062212,4767.4541015625,184.2893302024145,184.83962403836074,134.2893302024145,134.83962403836074,27,301,1.48e-05,
3313,triangle,373,1824,1822,,294037.29269629484,6811212.652636961,17336.30615234375,187.65554338882134,187.48040073095868,137.65554338882134,137.48040073095873,27,301,1.48e-05,
3314,triangle,1821,1832,1824,,293778.7521704468,6811281.682589733,29366.4931640625,190.12799960356142,189.8908084133766,140.12799960356142,139.8908084133766,27,301,1.48e-05,
3315,triangle,383,1830,1825,,294669.97180418565,6810885.966237687,7997.548828125,183.93338993588304,184.37868470005947,133.93338993588304,134.3786847000595,27,301,1.48e-05,
3316,triangle,1826,1829,1821,,293493.6068552267,6811233.173651244,38179.22607421875,197.85829029760149,197.2211840784073,147.85829029760146,147.22118407840728,27,301,1.48e-05,
3317,triangle,1821,1824,1823,,293774.79269629484,6811164.5406874055,17057.93359375,190.46119281915333,190.5025790814344,140.4611928191533,140.5025790814344,27,301,1.48e-05,
3318,triangle,770,1832,199,,293772.2465026332,6811574.540483244,23960.9404296875,186.54905243481153,186.82948013465924,136.54905243481153,136.82948013465924,27,301,1.3301267054294286e-05,
3319,triangle,369,1823,370,,293787.5,6811037.5,5625.0,190.169438680013,190.07499567667642,140.16943868001303,140.07499567667642,27,301,1.48e-05,
3320,triangle,372,1824,373,,293999.79269629484,6811114.5406874055,7284.14892578125,187.98851017931628,187.37758035300013,137.98851017931628,137.37758035300016,27,301,1.48e-05,
3321,triangle,1829,1831,201,,293195.78357567795,6811348.463486753,30523.14111328125,203.03560492896452,203.3063120363105,153.0356049289645,153.3063120363105,27,301,1.48e-05,
3322,triangle,1826,1831,1829,,293320.83625762584,6811233.0383406915,39733.5166015625,203.99107626713982,203.1742272058581,153.99107626713982,153.1742272058581,27,301,1.48e-05,
3323,triangle,368,1823,369,,293737.5,6811012.5,4218.75,190.9499969482422,190.9416643778483,140.9499969482422,140.9416643778483,27,301,1.48e-05,
3324,triangle,371,1824,372,,293949.79269629484,6811089.5406874055,4448.32763671875,187.93967836941798,187.97758137025275,137.93967836941795,137.97758137025275,27,301,1.48e-05,
3325,triangle,379,1825,380,,294562.5,6810862.5,4218.75,181.9000015258789,181.94166692097983,131.9000015258789,131.94166692097983,27,301,1.48e-05,
3326,triangle,378,1825,379,,294512.5,6810887.5,5625.0,182.53333536783853,182.44166692097983,132.53333536783853,132.44166692097983,27,301,1.48e-05,
3327,triangle,206,1827,384,,294808.8581057392,6810745.074949604,4532.82568359375,177.53419460945892,179.0368222039805,127.53419460945892,129.0368222039805,27,301,1.3301267054294286e-05,
3328,triangle,381,1827,382,,294732.04414792015,6810730.957005653,4275.1298828125,177.83262973084092,178.0547843156452,127.83262973084092,128.0547843156452,27,301,1.48e-05,
3329,triangle,384,1827,383,,294801.90562206676,6810815.720646734,5476.3251953125,183.68188698576148,181.9454877608988,133.68188698576148,131.9454877608988,27,301,1.48e-05,
3330,triangle,380,1830,381,,294650.3359920176,6810802.820540556,3167.60986328125,179.72083551614935,179.42835120490875,129.72083551614938,129.42835120490875,27,301,1.48e-05,
3331,triangle,1825,1830,380,,294612.8359920176,6810865.320540556,4434.10400390625,182.25852570744385,182.23668682706045,132.25852570744385,132.23668682706045,27,301,1.48e-05,
3332,triangle,382,1827,206,,294771.1324437606,6810705.957005653,1962.59130859375,177.54879974725685,178.0214540340697,127.54879974725685,128.0214540340697,27,301,1.48e-05,
3333,triangle,1827,1830,383,,294739.51595210587,6810829.423243337,5672.06689453125,184.0151588177968,182.25846977864418,134.0151588177968,132.25846977864418,27,301,1.48e-05,
3334,triangle,381,1830,1827,,294707.3801399378,6810783.777546208,4002.677734375,179.7973368218532,179.38313450330136,129.7973368218532,129.38313450330136,27,301,1.48e-05,
3335,triangle,366,365,203,,293498.2039074412,6810850.0,202.060546875,194.3136339626969,193.75488528062024,144.3136339626969,143.75488528062024,27,301,1.48e-05,
3336,triangle,790,1833,385,,295031.267597406,6810931.144381404,10189.38818359375,187.80193339284608,183.75159082133658,137.80193339284608,133.75159082133658,18,2041,5.121888040051429e-06,
3337,triangle,383,1834,384,,294847.8245631588,6810840.325504289,4425.384765625,184.46442792880518,183.05561682113876,134.4644279288052,133.05561682113873,27,301,1.1053167635735716e-05,
3338,triangle,385,1834,383,,294868.69607231795,6810908.1773430025,10983.90869140625,186.16779579769684,184.74354321862836,136.16779579769687,134.74354321862836,18,2041,4.512124045057858e-06,
3339,triangle,210,1835,211,,295106.2702888414,6810772.657039528,2548.9169921875,174.42659496642162,174.5138524904379,124.42659496642162,124.5138524904379,18,2041,4.30886938006e-06,
3340,triangle,209,1833,210,,295014.3198887884,6810791.637755494,4684.24755859375,176.79364215424468,178.3779371752098,126.7936421542447,128.3779371752098,18,2041,4.30886938006e-06,
3341,triangle,213,1835,790,,295189.6208263212,6810855.193882772,6841.84423828125,175.86205091301866,174.81754286799233,125.86205091301866,124.81754286799236,18,2041,4.30886938006e-06,
3342,triangle,212,1835,213,,295206.2702888414,6810797.657039528,4656.009765625,172.63269038899472,171.78052017435718,122.63269038899473,121.78052017435716,18,2041,4.30886938006e-06,
3343,triangle,1833,1835,210,,295070.59017762984,6810814.294795021,6948.01953125,175.65466468153787,177.8917896656477,125.65466468153787,127.8917896656477,18,2041,4.30886938006e-06,
3344,triangle,211,1835,212,,295156.2702888414,6810772.657039528,2548.9169921875,173.54861216145025,173.6138535076905,123.54861216145025,123.61385350769051,18,2041,4.30886938006e-06,
3345,triangle,1833,1834,385,,294950.8801489384,6810904.169401367,8129.8125,185.05828022870134,183.97948252083913,135.05828022870134,133.97948252083913,18,2041,4.30886938006e-06,
3346,triangle,790,1835,1833,,295103.94071510964,6810871.831638265,6762.17822265625,181.18378040578438,180.02881337653548,131.18378040578438,130.0288133765355,18,2041,4.30886938006e-06,
3347,triangle,208,1834,209,,294927.96308901213,6810780.561863206,3438.2099609375,177.78860150292007,177.89824569196585,127.7886015029201,127.89824569196587,18,2041,4.30886938006e-06,
3348,triangle,209,1834,1833,,294967.2829778005,6810822.199618701,6098.44482421875,179.55707615587153,180.74285258560016,129.55707615587156,130.74285258560016,18,2041,4.30886938006e-06,
3349,triangle,384,1834,208,,294890.6887509907,6810794.67980716,1876.31689453125,179.76238733818354,179.44694922971522,129.76238733818354,129.44694922971522,18,2041,4.30886938006e-06,
3350,triangle,207,206,384,,294826.813957819,6810714.117943953,1920.79541015625,177.32903144154668,178.31537122166864,127.32903144154668,128.3153712216686,18,2041,8.055701744324286e-06,
3351,triangle,214,213,215,,295333.10390382184,6810833.103903822,911.689453125,166.57226479187142,166.83795788801757,116.5722647918714,116.83795788801757,18,2041,4.30886938006e-06,
3352,triangle,213,790,215,,295266.4544413016,6810865.640747066,6365.7890625,171.8268447215466,172.34164521381422,121.82684472154659,122.34164521381422,18,2041,5.528397370047142e-06,
3353,triangle,208,207,384,,294862.7256619786,6810739.117943953,2969.1318359375,176.46862463398696,177.61536918716342,126.46862463398693,127.61536918716341,18,2041,7.306335271471429e-06,
3354,triangle,776,1848,415,,296030.751969923,6810597.125614715,15742.6708984375,155.69681772331748,157.49947565425353,105.69681772331748,107.49947565425354,33,1321,9.796745335002144e-06,
3355,triangle,387,1839,216,,295587.0409242727,6810920.265245323,16276.4970703125,174.2753347818902,169.72884650264282,124.27533478189018,119.72884650264284,33,1321,1e-05,
3356,triangle,393,1849,392,,295811.679419952,6811084.609884214,4543.88818359375,155.07383301263027,156.5725618947433,105.07383301263027,106.57256189474332,33,1321,1e-05,
3357,triangle,391,1839,390,,295665.56761553406,6811091.044647,3819.9775390625,160.17484698126452,160.57264218799523,110.17484698126451,110.57264218799521,33,1321,1e-05,
3358,triangle,396,1840,395,,296049.13114886533,6811160.858191005,4403.45361328125,154.11115229150508,153.81848882683462,104.11115229150508,103.81848882683464,33,1321,1e-05,
3359,triangle,397,1841,396,,296156.228592158,6811165.512514602,3879.841796875,151.9457868224228,152.45590810473115,101.9457868224228,102.45590810473114,33,1321,1e-05,
3360,triangle,404,1842,403,,296431.3371985498,6810956.342740727,4912.06494140625,153.00293700008194,151.33035431389632,103.00293700008196,101.33035431389631,33,1321,1e-05,
3361,triangle,412,1837,411,,296336.7098566058,6810596.104201603,6681.86376953125,148.5852814572443,147.26391980296646,98.58528145724425,97.26391980296644,33,1321,1e-05,
3362,triangle,1836,1848,776,,296037.7209661633,6810707.355025925,30917.25927734375,158.22372634233363,161.9697479791752,108.22372634233362,111.96974797917521,33,1321,1e-05,
3363,triangle,216,1838,776,,295789.1743244785,6810767.124138858,31493.6826171875,173.4316998973248,167.8484234160523,123.43169989732482,117.84842341605231,33,1321,9.796745335002144e-06,
3364,triangle,776,1838,1836,,295949.6700119803,6810798.132951745,35280.14404296875,164.54919982274984,164.69582170790184,114.54919982274984,114.69582170790189,33,1321,1e-05,
3365,triangle,393,1840,1838,,295923.5801946823,6811039.136116825,15892.107421875,158.52203930856294,158.74456331850078,108.52203930856295,108.74456331850077,33,1321,1e-05,
3366,triangle,396,1841,1840,,296105.35974102333,6811126.370705607,9515.228515625,155.89014855770498,155.7077312821517,105.89014855770499,105.70773128215171,33,1321,1e-05,
3367,triangle,1838,1849,393,,295836.12846576894,6811012.887810034,12267.802734375,158.04655476166562,159.7653040703287,108.04655476166559,109.76530407032872,33,1321,1e-05,
3368,triangle,1839,1849,216,,295673.72034422465,6810929.875129536,17845.2529296875,174.45213054092432,169.06808116756847,124.45213054092433,119.06808116756845,33,1321,1e-05,
3369,triangle,392,1849,391,,295761.679419952,6811084.609884214,4543.88818359375,156.62203458574942,157.37256494650111,106.62203458574943,107.37256494650113,33,1321,1e-05,
3370,triangle,415,1848,414,,296137.5,6810562.5,4218.75,152.29999923706055,152.33333206176758,102.29999923706055,102.33333206176758,33,1321,1e-05,
3371,triangle,389,1839,388,,295565.56761553406,6811066.044647,5571.33349609375,166.69973482880624,163.5726371017322,116.69973482880626,113.5726371017322,33,1321,1e-05,
3372,triangle,394,1840,393,,295949.13114886533,6811135.858191005,7118.2080078125,153.88344305827565,154.75182317742056,103.88344305827565,104.75182317742058,33,1321,1e-05,
3373,triangle,399,1841,398,,296256.228592158,6811140.512514602,5991.62548828125,150.999326686544,151.55590912198375,100.99932668654401,101.55590912198375,33,1321,1e-05,
3374,triangle,216,1849,1838,,295757.6017745076,6810892.108408358,19332.04296875,172.75019852659568,166.68818115515865,122.75019852659568,116.68818115515863,33,1321,9.796745335002144e-06,
3375,triangle,404,1845,1842,,296396.54714222887,6810901.157121192,10837.81982421875,155.0836213347694,152.37801817582604,105.08362133476939,102.37801817582606,33,1321,1e-05,
3376,triangle,388,1839,387,,295540.56761553406,6811016.044647,4563.85693359375,168.47210232157536,166.0726371017322,118.47210232157535,116.0726371017322,33,1321,1e-05,
3377,triangle,390,1839,389,,295615.56761553406,6811091.044647,3819.97705078125,161.8754284223203,161.27263913623742,111.87542842232031,111.2726391362374,33,1321,1e-05,
3378,triangle,395,1840,394,,295999.13114886533,6811160.858191005,4403.45361328125,153.92716337194116,154.1851575280065,103.92716337194116,104.18515752800651,33,1321,1e-05,
3379,triangle,398,1841,397,,296206.228592158,6811165.512514602,3879.84228515625,151.06269828906812,152.05590912198375,101.06269828906812,102.05590912198375,33,1321,1e-05,
3380,triangle,400,1842,399,,296356.3371985498,6811081.342740727,4911.44140625,152.23442155174524,151.93035533114892,102.23442155174524,101.93035533114892,33,1321,1e-05,
3381,triangle,1841,1842,1836,,296219.5347869482,6810982.084666538,21833.1865234375,165.71844501798023,160.18986909413505,115.71844501798023,110.18986909413506,33,1321,1e-05,
3382,triangle,1838,1840,1836,,296005.54919092264,6810949.365528035,25416.93994140625,163.8047500837831,162.51483869518026,113.80475008378309,112.51483869518025,33,1321,1e-05,
3383,triangle,1842,1845,1836,,296278.5161384693,6810886.386532401,22432.07421875,162.35381423754094,158.38162586858627,112.35381423754096,108.38162586858626,33,1321,1e-05,
3384,triangle,1840,1841,1836,,296112.3287372636,6811011.600116816,20119.7158203125,165.18491672392634,160.31133999216453,115.18491672392632,110.31133999216452,33,1321,1e-05,
3385,triangle,1837,1844,411,,296368.16341096355,6810647.128511316,5097.0224609375,146.46787099889414,146.59250072314111,96.46787099889414,96.5925007231411,33,1321,1e-05,
3386,triangle,1844,1845,406,,296421.66349803697,6810745.838690179,5407.208984375,144.94630683301895,145.80957913269035,94.94630683301898,95.80957913269033,33,1321,1e-05,
3387,triangle,402,1843,401,,296491.26743971,6811076.268548146,3652.20166015625,147.9263910977478,147.95125190970586,97.9263910977478,97.95125190970585,33,1321,1e-05,
3388,triangle,403,1843,402,,296491.26743971,6811026.268548146,3937.62451171875,148.0580816326734,148.11791857637252,98.05808163267342,98.11791857637252,33,1321,1e-05,
3389,triangle,407,1850,406,,296506.2907108716,6810695.204861943,2644.248046875,142.09609335422007,141.99809324268213,92.09609335422009,91.99809324268215,33,1321,1e-05,
3390,triangle,391,1849,1839,,295702.24703548604,6811050.654531213,8042.88037109375,162.20349103403885,162.94520713449637,112.20349103403886,112.94520713449634,33,1321,1e-05,
3391,triangle,399,1842,1841,,296287.56579070777,6811071.855255328,8869.787109375,156.06313028597665,154.98626445313266,106.06313028597667,104.98626445313265,33,1321,1e-05,
3392,triangle,414,1848,1847,,296182.3419713211,6810574.22084032,4007.6298828125,153.22188850942413,153.26172378457161,103.22188850942413,103.2617237845716,33,1321,1e-05,
3393,triangle,404,1846,1845,,296437.7624295989,6810843.517975581,3784.38134765625,148.14691341382283,147.72924311043752,98.14691341382283,97.72924311043754,33,1321,1e-05,
3394,triangle,412,1847,1837,,296281.5518279269,6810582.825041923,5555.880859375,151.92400112609,150.69231152577046,101.92400112609002,100.69231152577048,33,1321,1e-05,
3395,triangle,1845,1846,406,,296437.7624295989,6810793.517975581,3492.6904296875,146.02123130653365,146.36257949552868,96.02123130653365,96.36257949552868,33,1321,1e-05,
3396,triangle,405,1846,404,,296497.5524859198,6810848.703595117,3233.69091796875,145.1366598291118,145.04824286341665,95.1366598291118,95.04824286341665,33,1321,1e-05,
3397,triangle,414,1847,413,,296219.8419713211,6810511.72084032,3550.81640625,152.3000123308761,152.12838867104622,102.30001233087606,102.12838867104621,33,1321,1e-05,
3398,triangle,1837,1848,1836,,296181.17885284615,6810718.833612812,16319.671875,158.29495948537885,157.3675272414135,108.29495948537885,107.3675272414135,33,1321,1e-05,
3399,triangle,1836,1845,1837,,296258.88879652525,6810776.147993277,20223.05029296875,158.22124935135184,156.08185904157565,108.22124935135184,106.08185904157567,33,1321,1e-05,
3400,triangle,1837,1845,1844,,296358.3733546427,6810716.94289178,9176.625,148.490286526655,149.30683125173752,98.49028652665501,99.3068312517375,33,1321,1e-05,
3401,triangle,406,1846,405,,296497.5524859198,6810798.703595117,2941.99951171875,143.84918337522421,143.6815792485078,93.8491833752242,93.68157924850779,33,1321,1e-05,
3402,triangle,413,1847,412,,296269.8419713211,6810511.72084032,4711.37255859375,151.9137338382198,150.46172200437954,101.91373383821976,100.46172200437955,33,1321,1e-05,
3403,triangle,401,1843,400,,296441.26743971,6811101.268548146,2669.7880859375,148.71655658015106,148.55125292695845,98.71655658015108,98.55125292695845,33,1321,1e-05,
3404,triangle,411,1844,410,,296431.4535543578,6810626.024309714,2927.73486328125,143.11506740824183,143.1952445350835,93.11506740824183,93.19524453508352,33,1321,1e-05,
3405,triangle,1847,1848,1837,,296219.0518279269,6810620.325041923,6960.89501953125,154.77208802278824,153.82564663929585,104.77208802278824,103.82564663929587,33,1321,1e-05,
3406,triangle,400,1843,1842,,296397.6046382598,6811057.611288872,5188.89306640625,153.07877937163914,152.44827289026884,103.07877937163914,102.44827289026883,33,1321,1e-05,
3407,triangle,1842,1843,403,,296422.6046382598,6811007.611288872,4912.0654296875,153.52920576162643,152.64827492477403,103.52920576162643,102.64827492477404,33,1321,1e-05,
3408,triangle,409,1850,407,,296531.2907108716,6810645.204861943,2104.79541015625,141.71088839324744,141.66475990934882,91.71088839324744,91.6647599093488,33,1321,1e-05,
3409,triangle,410,1850,409,,296506.2907108716,6810620.204861943,2273.046875,141.90490309080263,141.864756857591,91.90490309080263,91.86475685759099,33,1321,1e-05,
3410,triangle,406,1850,1844,,296462.7442652294,6810696.229171657,3165.380859375,142.6190774670423,142.69333777776566,92.61907746704232,92.69333777776565,33,1321,1e-05,
3411,triangle,1844,1850,410,,296462.7442652294,6810646.229171657,2422.9794921875,142.55472826249294,142.79333370875523,92.55472826249296,92.79333370875524,33,1321,1e-05,
3412,triangle,215,386,216,,295479.5772125604,6810837.324502145,8915.0087890625,168.7875247325191,168.02749757050375,118.78752473251913,118.02749757050374,33,1321,7.96745335002143e-06,
3413,triangle,216,386,387,,295521.4733087386,6810879.220598322,13190.9296875,169.50539443037084,167.38954171699137,119.50539443037084,117.38954171699136,33,1321,9.796745335002144e-06,
3414,triangle,415,217,776,,296008.28260103025,6810549.656245823,5220.77294921875,154.88481172649105,156.38805636720141,104.88481172649105,106.38805636720144,33,1321,9.39023600500643e-06,
3415,triangle,408,409,407,,296575.0,6810625.0,2812.5,141.3888922797309,141.0666707356771,91.3888922797309,91.06667073567708,33,1321,1e-05,
3416,triangle,389,1852,390,,295603.0123330206,6811200.441599339,8487.18017578125,157.07073512018042,158.69178596938534,107.0707351201804,108.69178596938532,33,1321,1e-05,
3417,triangle,443,1862,442,,295661.70486201317,6811853.282970426,7120.703125,156.6369722587733,156.85010508545056,106.63697225877328,106.85010508545058,33,1321,1e-05,
3418,triangle,388,1865,389,,295492.3207828586,6811128.924914864,9742.96484375,164.50288816079143,161.43185347009324,114.50288816079146,111.43185347009324,33,1321,1e-05,
3419,triangle,788,1870,789,,294575.7489219606,6811236.27189524,48856.72265625,187.56018004253895,184.03169951416487,137.56018004253895,134.0316995141649,33,1321,1.0514285714285714e-05,
3420,triangle,442,1862,441,,295636.70486201317,6811903.282970426,6751.36865234375,156.81624464999186,157.15010813720838,106.81624464999183,107.15010813720839,33,1321,1e-05,
3421,triangle,430,1869,429,,294839.1608423034,6811970.720914386,6106.39697265625,166.0704727091664,165.21284231828454,116.07047270916642,115.21284231828456,33,1321,1e-05,
3422,triangle,197,1857,198,,294038.13747347775,6811706.623454456,14628.380859375,187.99234319150605,187.77325079192386,137.99234319150602,137.77325079192389,33,1321,9.764919241432858e-06,
3423,triangle,393,1856,394,,295865.4794394992,6811193.676870729,8797.2109375,153.54717552517204,154.3430085504921,103.54717552517204,104.34300855049212,33,1321,1e-05,
3424,triangle,394,1856,450,,295890.4794394992,6811243.676870729,6696.06298828125,152.64314639985946,153.9096792861692,102.64314639985949,103.9096792861692,33,1321,1e-05,
3425,triangle,425,1855,424,,294457.10611077904,6812011.32352035,9176.66650390625,170.92964962385025,173.91316951849203,120.92964962385025,123.91316951849201,33,1321,1e-05,
3426,triangle,1857,1874,198,,294120.19060821115,6811752.695196975,22489.30078125,191.18522551297866,189.34011481940797,141.18522551297866,139.34011481940794,33,1321,1e-05,
3427,triangle,450,1856,449,,295865.4794394992,6811293.676870729,7407.41552734375,153.29935309119116,154.27634798734107,103.29935309119116,104.27634798734107,33,1321,1e-05,
3428,triangle,431,1873,430,,294962.05850926274,6811991.501759698,3768.55224609375,163.7053012836989,164.0547356118901,113.7053012836989,114.05473561189008,33,1321,1e-05,
3429,triangle,790,1858,215,,295294.35078151344,6810929.899152146,18317.2587890625,174.31247928606788,174.3759588330541,124.31247928606787,124.3759588330541,33,1321,8.983726675010714e-06,
3430,triangle,390,1856,391,,295715.4794394992,6811168.676870729,4913.64794921875,157.2030309357528,156.57634595283585,107.20303093575279,106.57634595283587,33,1321,1e-05,
3431,triangle,392,1856,393,,295815.4794394992,6811168.676870729,4913.64794921875,155.1503525660236,155.1430065159869,105.15035256602357,105.1430065159869,33,1321,1e-05,
3432,triangle,424,1859,423,,294368.6617013474,6812114.892002544,7475.2080078125,177.69439192252145,176.76089846991556,127.69439192252143,126.76089846991556,33,1321,1e-05,
3433,triangle,443,1863,1862,,295644.7121022031,6811779.9240693925,15936.701171875,157.76692050039108,157.6650261332031,107.76692050039108,107.66502613320313,33,1321,1e-05,
3434,triangle,426,1875,425,,294589.7670784272,6811991.916934055,3721.8447265625,168.67567931104503,168.68171811184433,118.67567931104506,118.68171811184432,33,1321,1e-05,
3435,triangle,428,1875,427,,294689.7670784272,6811991.916934055,3721.8447265625,167.41095075006885,167.1483878302688,117.41095075006885,117.1483878302688,33,1321,1e-05,
3436,triangle,1862,1863,1851,,295497.0484333473,6811693.43193143,53012.3515625,162.52372958843574,160.6252853801113,112.52372958843576,110.62528538011132,33,1321,1e-05,
3437,triangle,1854,1870,788,,294617.82034602895,6811398.419105907,67367.62548828125,185.45590591712116,178.8532538124789,135.45590591712116,128.8532538124789,33,1321,1e-05,
3438,triangle,1851,1870,1866,,295018.5324266778,6811504.685470815,75353.35888671875,169.9173559320271,170.01752349697537,119.9173559320271,120.01752349697539,33,1321,1e-05,
3439,triangle,429,1869,428,,294789.1608423034,6811970.720914386,6106.39697265625,167.57396850010227,165.8461787033757,117.57396850010227,115.8461787033757,33,1321,1e-05,
3440,triangle,385,1868,790,,295072.9625674206,6811029.239874315,27393.25732421875,183.24162877090953,181.35047903256418,133.24162877090953,131.35047903256418,33,1321,9.39023600500643e-06,
3441,triangle,446,1864,1863,,295751.0785277199,6811558.178180258,9043.72412109375,156.54729498552058,155.64817285715512,106.54729498552058,105.64817285715513,33,1321,1e-05,
3442,triangle,1868,1870,1851,,295079.7435784011,6811331.982694619,69189.3115234375,171.2869020890181,171.75366159212456,121.28690208901811,121.75366159212454,33,1321,1e-05,
3443,triangle,789,1871,383,,294697.4705917717,6811019.925276213,17445.4580078125,185.9741602266578,185.81582223830267,135.9741602266578,135.81582223830267,33,1321,1.1200000000000001e-05,
3444,triangle,215,1858,386,,295386.0002440337,6810922.362308902,4665.5068359375,168.1275614692806,168.20560484059078,118.12756146928058,118.2056048405908,33,1321,1e-05,
3445,triangle,423,1859,422,,294318.6617013474,6812139.892002544,3949.64990234375,177.8509041893888,177.72756310207703,127.85090418938881,127.72756310207701,33,1321,1e-05,
3446,triangle,435,1860,434,,295218.805626932,6812068.254244648,3571.3974609375,161.0176393882824,161.07022555111627,111.01763938828242,111.07022555111625,33,1321,1e-05,
3447,triangle,436,1861,435,,295329.892348516,6812068.352589683,3560.33349609375,159.0265087617393,159.0063888270772,109.02650876173931,109.0063888270772,33,1321,1e-05,
3448,triangle,446,1863,445,,295758.00724018994,6811626.641098966,4724.185546875,155.85230793802552,155.1815846626614,105.85230793802552,105.18158466266141,33,1321,1e-05,
3449,triangle,449,1864,448,,295843.07128752995,6811406.537081291,3591.98046875,153.54595378336379,153.59991949332183,103.54595378336377,103.59991949332185,33,1321,1e-05,
3450,triangle,198,1874,1872,,294234.1855344775,6811701.658054586,35068.50634765625,192.29674883532005,188.68622446035033,142.29674883532005,138.68622446035036,33,1321,1e-05,
3451,triangle,1866,1870,1854,,294822.17912688147,6811519.2500191415,45950.591796875,173.00138490739135,172.31137951635674,123.00138490739135,122.31137951635672,33,1321,1e-05,
3452,triangle,790,1868,1858,,295217.2617364947,6811036.52849673,26057.2783203125,178.1039523016442,177.61483243498958,128.1039523016442,127.61483243498957,33,1321,1e-05,
3453,triangle,1853,1862,1851,,295345.6805816814,6811755.891966711,48880.8017578125,165.094864234215,163.64929371855737,115.09486423421502,113.64929371855737,33,1321,1e-05,
3454,triangle,389,1865,1852,,295520.33311587916,6811229.366514202,19973.44775390625,160.23048659651542,161.49030814065046,110.23048659651542,111.49030814065044,33,1321,1e-05,
3455,triangle,1851,1863,1852,,295513.3559043548,6811515.590560342,54360.125,162.71486527977117,161.5669672812987,112.71486527977117,111.56696728129867,33,1321,1e-05,
3456,triangle,385,1870,1868,,294961.0044183947,6811150.444615249,41206.802734375,181.51486259845524,178.86336561378866,131.51486259845524,128.86336561378866,33,1321,1e-05,
3457,triangle,425,1867,1855,,294494.60611077904,6811904.28156834,18011.49462890625,177.79162094194788,175.81857711621572,127.79162094194785,125.81857711621576,33,1321,1e-05,
3458,triangle,198,1872,788,,294280.96175815753,6811522.898171499,46077.73583984375,194.41946453724336,188.95598321070497,144.41946453724336,138.955983210705,33,1321,1.0514285714285714e-05,
3459,triangle,788,1872,1854,,294474.8191576157,6811528.686757472,56003.4931640625,189.30130523553413,181.69696480907535,139.30130523553416,131.69696480907535,33,1321,1e-05,
3460,triangle,432,1873,431,,295012.05850926274,6811991.501759698,3768.5517578125,164.98182023968212,164.48806996247603,114.98182023968215,114.48806996247602,33,1321,1e-05,
3461,triangle,1852,1856,390,,295668.49177251983,6811244.118470068,18063.837890625,159.82412335486052,159.10146525555453,109.82412335486052,109.10146525555452,33,1321,1e-05,
3462,triangle,425,1875,1867,,294577.2670784272,6811909.874982045,12820.63671875,174.3510529587824,172.6537913589821,124.35105295878239,122.65379135898212,33,1321,1e-05,
3463,triangle,419,1874,418,,294143.66870254726,6811945.364994451,8246.6669921875,184.18245234296825,181.6461392221469,134.18245234296825,131.64613922214693,33,1321,1e-05,
3464,triangle,1858,1865,388,,295420.21712307044,6811093.183319944,13009.89501953125,169.17471166965964,167.0328378250102,119.17471166965966,117.03283782501022,33,1321,1e-05,
3465,triangle,430,1873,1869,,294901.21935156616,6811937.222674083,14454.22802734375,164.0607785058878,167.20091228076058,114.06077850588784,117.20091228076058,33,1321,1e-05,
3466,triangle,385,1871,1870,,294831.41273191577,6811119.06574623,20480.39013671875,182.94020303730233,181.6611339062549,132.94020303730235,131.6611339062549,33,1321,1e-05,
3467,triangle,435,1861,1860,,295273.6979754479,6812036.606834332,8712.79345703125,160.87276009898576,161.0099487287794,110.87276009898576,111.0099487287794,33,1321,1e-05,
3468,triangle,391,1856,392,,295765.4794394992,6811168.676870729,4913.64794921875,156.43010618208507,155.94300956774472,106.43010618208507,105.94300956774471,33,1321,1e-05,
3469,triangle,1861,1862,1853,,295373.2365990531,6811910.736694357,22570.376953125,162.72198719561663,162.3287596838175,112.72198719561665,112.32875968381752,33,1321,1e-05,
3470,triangle,427,1875,426,,294639.7670784272,6811991.916934055,3721.84521484375,168.03040811864398,167.5483868130162,118.03040811864398,117.5483868130162,33,1321,1e-05,
3471,triangle,416,1857,197,,293976.01184158813,6811809.339630066,8207.82958984375,183.09242884544693,183.19345147459066,133.09242884544693,133.19345147459066,33,1321,9.796745335002144e-06,
3472,triangle,383,1871,385,,294817.15615562996,6810985.969859183,15455.61181640625,186.49734104206905,185.45322453889946,136.49734104206902,135.4532245388995,33,1321,9.326583817867858e-06,
3473,triangle,1858,1868,1865,,295301.23198187345,6811132.91656835,24193.78271484375,171.94862597441008,171.64299959653877,121.94862597441009,121.64299959653876,33,1321,1e-05,
3474,triangle,1863,1864,1852,,295679.0908607405,6811483.619779597,25430.52392578125,160.79721635318387,158.6399618782983,110.79721635318387,108.63996187829827,33,1321,1e-05,
3475,triangle,1872,1874,1855,,294329.16601336695,6811815.697750545,21804.0,187.99305968296378,185.2862623454284,137.99305968296378,135.2862623454284,33,1321,1e-05,
3476,triangle,1870,1871,789,,294711.7271680575,6811153.0211632615,20480.3896484375,182.21537365600742,182.0237316056581,132.21537365600744,132.0237316056581,33,1321,1e-05,
3477,triangle,417,1857,416,,293989.39627377427,6811885.046378133,6114.36328125,180.23835054847478,180.64751164776635,130.23835054847478,130.64751164776635,33,1321,1e-05,
3478,triangle,386,1858,387,,295427.89634021185,6810964.258405081,6903.23193359375,169.42987846825497,167.56764898707843,119.42987846825498,117.56764898707843,33,1321,1e-05,
3479,triangle,1865,1868,1851,,295275.6719728058,6811307.166025306,45112.9658203125,169.73671119202533,168.2689421724493,119.73671119202533,118.26894217244926,33,1321,1e-05,
3480,triangle,421,1859,420,,294218.6617013474,6812114.892002544,6049.09130859375,177.53816911149994,178.0942318032489,127.53816911149994,128.0942318032489,33,1321,1e-05,
3481,triangle,433,1860,432,,295118.805626932,6812043.254244648,5687.03076171875,163.3666716750382,163.4035588844496,113.36667167503819,113.40355888444958,33,1321,1e-05,
3482,triangle,438,1861,437,,295429.892348516,6812043.352589683,5822.4443359375,157.98755732625216,158.306391878835,107.98755732625217,108.30639187883502,33,1321,1e-05,
3483,triangle,444,1863,443,,295733.00724018994,6811726.641098966,7352.0615234375,155.42173858420728,155.91492206500516,105.42173858420728,105.91492206500516,33,1321,1e-05,
3484,triangle,447,1864,446,,295818.07128752995,6811506.537081291,5669.05859375,154.10987484566212,154.43325282665518,104.10987484566213,104.43325282665518,33,1321,1e-05,
3485,triangle,1866,1873,1853,,295063.5016048665,6811818.038918545,26884.15087890625,170.455058227528,168.90102505955923,120.45505822752801,118.90102505955923,33,1321,1e-05,
3486,triangle,1855,1859,424,,294375.7678121264,6812026.215522893,15329.4892578125,178.97867604553227,178.8074043734987,128.97867604553227,128.8074043734987,33,1321,1e-05,
3487,triangle,1856,1864,449,,295808.55072702916,6811350.21395202,9399.5322265625,155.69576206287303,155.50959877949103,105.69576206287306,105.50959877949104,33,1321,1e-05,
3488,triangle,1852,1865,1851,,295422.66944702336,6811367.874376238,38298.1630859375,165.71324760472714,163.71723507147794,115.71324760472714,113.7172350714779,33,1321,1e-05,
3489,triangle,1851,1866,1853,,295153.779426748,6811690.045020885,44119.7783203125,168.82547022328535,167.40654462556694,118.8254702232854,117.40654462556692,33,1321,1e-05,
3490,triangle,387,1858,388,,295452.89634021185,6811014.258405081,5299.16162109375,167.82142028753475,167.26764593532062,117.82142028753474,117.26764593532062,33,1321,1e-05,
3491,triangle,418,1857,417,,294039.39627377427,6811910.046378133,4494.7822265625,181.1158864784099,180.41417933168563,131.1158864784099,130.41417933168563,33,1321,1e-05,
3492,triangle,420,1859,419,,294193.6617013474,6812064.892002544,4911.94140625,178.87918890101054,178.42756513658222,128.87918890101054,128.42756513658222,33,1321,1e-05,
3493,triangle,422,1859,421,,294268.6617013474,6812139.892002544,3949.6494140625,177.52002072331084,177.42756513658222,127.52002072331081,127.42756513658223,33,1321,1e-05,
3494,triangle,434,1860,433,,295168.805626932,6812068.254244648,3571.3974609375,161.97951519183104,162.17022656836886,111.97951519183104,112.17022656836885,33,1321,1e-05,
3495,triangle,437,1861,436,,295379.892348516,6812068.352589683,3560.33349609375,158.349877170446,158.53972419491575,108.34987717044604,108.53972419491573,33,1321,1e-05,
3496,triangle,439,1862,438,,295536.70486201317,6811978.282970426,5255.666015625,157.74148460828638,158.15010813720838,107.74148460828638,108.15010813720839,33,1321,1e-05,
3497,triangle,445,1863,444,,295758.00724018994,6811676.641098966,4724.185546875,155.55026888448094,155.48158771441922,105.55026888448097,105.48158771441922,33,1321,1e-05,
3498,triangle,448,1864,447,,295843.07128752995,6811456.537081291,3591.97998046875,153.67596922043364,154.09991949332183,103.67596922043364,104.09991949332185,33,1321,1e-05,
3499,triangle,1869,1875,428,,294728.9279207306,6811937.6378484415,10714.02685546875,170.99597402987894,169.32789478071481,120.99597402987891,119.32789478071481,33,1321,1e-05,
3500,triangle,1867,1872,1855,,294447.9973108196,6811788.290804082,19997.27001953125,183.32489785985706,181.1455317382578,133.32489785985703,131.1455317382578,33,1321,1e-05,
3501,triangle,1860,1873,432,,295080.86413619475,6811984.756004346,6996.20166015625,166.26593085474386,165.52496523201677,116.26593085474383,115.52496523201677,33,1321,1e-05,
3502,triangle,1859,1874,419,,294212.33040389465,6811985.256996996,11985.62255859375,184.40480055730967,182.8403720426484,134.40480055730967,132.8403720426484,33,1321,1e-05,
3503,triangle,418,1874,1857,,294108.06497632153,6811880.411372584,9265.33935546875,187.08412741487498,184.526983185994,137.08412741487498,134.526983185994,33,1321,1e-05,
3504,triangle,438,1862,1861,,295466.5972105291,6811971.635560109,9832.9609375,159.1561661616518,159.15649696428557,109.15616616165181,109.15649696428557,33,1321,1e-05,
3505,triangle,1854,1872,1867,,294546.8742313885,6811680.039694097,23901.79248046875,176.04619117907012,177.28647545155013,126.04619117907012,127.28647545155012,33,1321,1e-05,
3506,triangle,1867,1869,1854,,294682.6438736513,6811741.75137274,27816.3056640625,173.33925169620053,173.00569648112594,123.33925169620055,123.00569648112594,33,1321,1e-05,
3507,triangle,1867,1875,1869,,294666.4279207306,6811855.59589643,13482.97705078125,174.47566891921244,173.69996701059998,124.47566891921244,123.69996701059999,33,1321,1e-05,
3508,triangle,1854,1869,1866,,294814.947580731,6811711.2293493515,31900.46923828125,168.57610652186588,170.874311542529,118.57610652186587,120.87431154252899,33,1321,1e-05,
3509,triangle,1860,1861,1853,,295255.337363972,6811950.707968579,14891.841796875,164.91453497029147,163.64888116673583,114.91453497029147,113.6488811667358,33,1321,1e-05,
3510,triangle,1853,1873,1860,,295137.50352471875,6811923.857138594,15373.6552734375,167.79650071489246,166.463895635468,117.79650071489243,116.46389563546798,33,1321,1e-05,
3511,triangle,1852,1864,1856,,295711.5630600498,6811350.655551359,18040.61181640625,161.35199530426587,158.9347170649571,111.35199530426584,108.9347170649571,33,1321,1e-05,
3512,triangle,1869,1873,1866,,294921.0230586459,6811824.658698685,24323.1220703125,167.26272610634464,170.07493595713996,117.26272610634463,120.07493595713997,33,1321,1e-05,
3513,triangle,1855,1874,1859,,294294.43651467364,6811946.580517345,18052.92822265625,186.09406885879744,184.85354257839302,136.09406885879744,134.85354257839307,33,1321,1e-05,
3514,triangle,439,1876,1862,,295570.8810775164,6811960.353713032,3001.7587890625,157.26818303240375,157.98314340463884,107.26818303240373,107.98314340463885,33,1321,1e-05,
3515,triangle,1862,1876,441,,295595.8810775164,6811935.353713033,2764.892578125,157.2591235032836,157.6498100713055,107.25912350328363,107.64981007130552,33,1321,1e-05,
3516,triangle,440,1876,439,,295609.1762155033,6812007.070742606,2017.04150390625,156.72668300972964,156.7330393364409,106.72668300972965,106.73303933644088,33,1321,1e-05,
3517,triangle,441,1876,440,,295634.1762155033,6811982.070742606,1780.17578125,156.39054249342936,156.39970600310755,106.39054249342936,106.39970600310755,33,1321,1e-05,
3518,triangle,197,196,416,,293912.7650059469,6811824.293251933,5442.22998046875,180.94681682645478,181.33674727997598,130.94681682645478,131.33674727997598,33,1321,8.780472010012858e-06,
3519,triangle,450,395,394,,295975.0,6811225.0,2812.5,151.7888895670573,151.43333435058594,101.7888895670573,101.43333435058594,33,1321,1e-05,
3520,triangle,462,1894,461,,296176.78697936656,6812371.054987934,8236.46484375,177.16208220748655,173.69358621753284,127.16208220748656,123.69358621753285,33,1321,1e-05,
3521,triangle,1879,1883,440,,295695.90738846775,6812088.364918587,13275.12060546875,161.11231934414565,161.70237444347484,111.11231934414565,111.70237444347485,33,1321,1e-05,
3522,triangle,1884,1893,1885,,295987.07440773846,6811794.115103706,36734.8330078125,164.31510900664364,163.11275649160922,114.31510900664368,113.11275649160922,33,1321,1e-05,
3523,triangle,453,1899,452,,295292.90848527564,6812278.524096024,5223.66552734375,163.03245157918545,161.58317442945017,113.03245157918543,111.58317442945015,33,1321,1e-05,
3524,triangle,464,1897,463,,296305.0833382163,6812204.875960966,7317.07861328125,169.1116338674487,169.77473897894063,119.11163386744872,119.77473897894062,33,1321,1e-05,
3525,triangle,401,1881,477,,296477.36111111107,6811201.388888889,8328.125,150.37965489925944,150.06543258541967,100.37965489925942,100.06543258541967,33,1321,1e-05,
3526,triangle,465,1898,464,,296428.04846938775,6812078.048469387,7751.59423828125,167.5963358055514,166.85525991774236,117.59633580555139,116.85525991774239,33,1321,1e-05,
3527,triangle,400,1881,401,,296427.36111111107,6811176.388888889,5781.25,149.95318198446537,150.1987638842478,99.95318198446539,100.1987638842478,33,1321,1e-05,
3528,triangle,477,1881,476,,296502.36111111107,6811251.388888889,5359.375,151.9218860280933,150.9987669360056,101.92188602809327,100.99876693600561,33,1321,1e-05,
3529,triangle,191,1891,767,,295238.05944003136,6812573.628856097,23816.97802734375,171.28697280380095,172.8739725922396,121.28697280380095,122.87397259223958,33,1321,8.983726675010714e-06,
3530,triangle,765,1894,766,,295917.43769460515,6812573.176579072,43010.29443359375,181.34948902927715,181.27014494322225,131.34948902927715,131.27014494322225,33,1321,1e-05,
3531,triangle,766,1894,1879,,295803.96151132666,6812435.312669973,71155.4931640625,176.40333736567948,175.793333863049,126.40333736567948,125.793333863049,33,1321,1e-05,
3532,triangle,467,1892,466,,296584.8724538001,6811941.891134288,5426.59619140625,161.5291439599177,161.03630505376483,111.52914395991773,111.03630505376482,33,1321,1e-05,
3533,triangle,766,1889,191,,295509.0806694084,6812590.193795686,34496.3447265625,176.77394314188393,176.32806173670727,126.77394314188395,126.32806173670728,33,1321,1e-05,
3534,triangle,190,1886,765,,296187.63734730176,6812622.835679553,20375.90380859375,181.39145214955406,179.8227938370776,131.39145214955406,129.82279383707757,33,1321,1e-05,
3535,triangle,448,1896,449,,295917.84257895435,6811398.944707359,4819.7900390625,154.66397028502007,154.51604718106458,104.66397028502006,104.51604718106456,33,1321,1e-05,
3536,triangle,449,1896,450,,295942.84257895435,6811348.944707359,7513.5693359375,154.28203731210579,154.08271791674164,104.28203731210577,104.08271791674166,33,1321,1e-05,
3537,triangle,399,1881,400,,296377.36111111107,6811176.388888889,5781.25,150.0660494894688,150.46543156816708,100.06604948946881,100.46543156816706,33,1321,1e-05,
3538,triangle,398,1881,399,,296327.36111111107,6811201.388888889,8859.375,150.53445239597636,150.96543156816708,100.53445239597634,100.96543156816706,33,1321,1e-05,
3539,triangle,1885,1893,1877,,296116.43909911584,6811703.376561335,49094.15771484375,165.08255186993125,164.79409211710126,115.08255186993128,114.79409211710124,33,1321,1e-05,
3540,triangle,459,1886,458,,296290.7537755556,6812570.041959944,3852.7001953125,175.8837841261096,175.98523626437893,125.88378412610959,125.98523626437891,33,1321,1e-05,
3541,triangle,1879,1889,766,,295601.8373426375,6812453.002015057,54758.8203125,170.31022249871887,173.27761174209445,120.31022249871887,123.27761174209449,33,1321,1e-05,
3542,triangle,1884,1885,444,,295862.1722365543,6811735.652682724,10863.58740234375,158.1627457104297,158.03822018153505,108.1627457104297,108.03822018153504,33,1321,1e-05,
3543,triangle,472,1888,1887,,296574.94409097964,6811588.167470609,7706.26416015625,158.0802041549567,157.59659262217136,108.08020415495669,107.59659262217134,33,1321,1e-05,
3544,triangle,463,1897,462,,296255.0833382163,6812254.875960966,7317.07861328125,170.706679399494,171.60807231227395,120.706679399494,121.60807231227396,33,1321,1e-05,
3545,triangle,396,1890,397,,296118.75,6811227.083333333,3046.875,152.21180470782346,151.9722227520413,102.21180470782346,101.97222275204128,33,1321,1e-05,
3546,triangle,439,1882,440,,295580.5084293333,6812058.0023622075,3712.765625,157.60284444962952,157.2264892192837,107.60284444962954,107.22648921928369,33,1321,1e-05,
3547,triangle,444,1885,445,,295842.9258168205,6811668.525251464,4829.154296875,155.90933565108088,155.83498416644767,105.90933565108088,105.83498416644767,33,1321,1e-05,
3548,triangle,470,1887,469,,296662.5,6811737.5,4218.75,157.95833206176758,158.06666310628256,107.95833206176758,108.06666310628255,33,1321,1e-05,
3549,triangle,473,1888,472,,296587.44409097964,6811525.667470609,4225.03955078125,155.84854256159826,155.4632587802117,105.84854256159826,105.46325878021172,33,1321,1e-05,
3550,triangle,476,1881,475,,296502.36111111107,6811301.388888889,5359.375,154.32088284329674,153.13209823483373,104.32088284329674,103.13209823483373,33,1321,1e-05,
3551,triangle,1878,1893,1884,,295997.9594696651,6811950.328209122,36736.69140625,168.6797613666899,167.0282056942648,118.67976136668989,117.02820569426483,33,1321,1e-05,
3552,triangle,767,1891,455,,295122.4087247927,6812485.572156884,13768.2978515625,168.51791918819947,167.42114611964672,118.51791918819944,117.42114611964672,33,1321,1e-05,
3553,triangle,1878,1883,1879,,295799.71826721483,6812113.103275468,31243.1240234375,165.7398092012084,166.45280781257813,115.7398092012084,116.45280781257811,33,1321,1e-05,
3554,triangle,440,1882,1879,,295613.91581780097,6812133.867280793,16437.658203125,160.12588860262838,161.06219496158667,110.12588860262836,111.06219496158667,33,1321,1e-05,
3555,triangle,461,1894,1886,,296167.54075492214,6812441.096947879,15003.60498046875,179.0083445657383,176.04549118308364,129.00834456573833,126.04549118308364,33,1321,1e-05,
3556,triangle,462,1897,1894,,296156.8703175828,6812300.930948901,16753.55517578125,176.67709574927355,175.63499186314016,126.67709574927352,125.63499186314016,33,1321,1e-05,
3557,triangle,1889,1891,191,,295341.1350419488,6812519.606690652,24528.24072265625,174.2294811245649,172.56869689441692,124.22948112456493,122.56869689441687,33,1321,1e-05,
3558,triangle,397,1895,398,,296207.4537037037,6811244.560185186,5013.02099609375,153.83125756327036,152.99991159570655,103.83125756327036,102.99991159570654,33,1321,1e-05,
3559,triangle,447,1896,448,,295917.84257895435,6811448.944707359,4819.7900390625,155.31272556882175,155.01604718106458,105.31272556882173,105.01604718106456,33,1321,1e-05,
3560,triangle,1879,1894,1878,,295889.0052465814,6812246.658263401,46636.34326171875,175.44071916483415,172.91306171403025,125.44071916483414,122.91306171403026,33,1321,1e-05,
3561,triangle,1893,1897,464,,296254.9855094005,6812088.338381947,30447.79248046875,174.2685987421382,170.61594297293405,124.26859874213822,120.61594297293406,33,1321,1e-05,
3562,triangle,464,1898,1893,,296327.95064057194,6812011.510890369,25571.03955078125,172.76877118162633,168.6964639117358,122.76877118162633,118.69646391173582,33,1321,1e-05,
3563,triangle,1886,1894,765,,296089.4243266683,6812529.8257755665,27757.1328125,183.87516301942463,180.9580090228125,133.87516301942466,130.95800902281246,33,1321,1e-05,
3564,triangle,466,1898,465,,296478.04846938775,6812028.048469387,7751.59423828125,166.53477673749887,165.75525890048976,116.53477673749887,115.75525890048978,33,1321,1e-05,
3565,triangle,452,1899,451,,295342.90848527564,6812228.524096024,5223.66552734375,161.8618545577478,161.38317748120798,111.86185455774779,111.38317748120797,33,1321,1e-05,
3566,triangle,453,1891,1889,,295275.48432671017,6812406.549991436,14238.7275390625,170.36163563313886,166.71587143907664,120.36163563313885,116.71587143907662,33,1321,1e-05,
3567,triangle,1887,1888,1880,,296510.8456877295,6811645.365363655,16578.03759765625,161.42388147587442,161.0307928242409,111.42388147587442,111.0307928242409,33,1321,1e-05,
3568,triangle,1877,1896,1885,,296059.37950688606,6811543.858847712,31169.958984375,160.16620994544925,160.8022686375057,110.16620994544925,110.80226863750572,33,1321,1e-05,
3569,triangle,1889,1899,453,,295342.57129595295,6812342.268429044,19055.34130859375,168.28571099501667,165.52770620994775,118.28571099501667,115.52770620994774,33,1321,1e-05,
3570,triangle,1892,1898,466,,296512.92092318786,6811944.939603675,13252.57080078125,165.09692698709767,164.4915659887598,115.09692698709767,114.49156598875982,33,1321,1e-05,
3571,triangle,437,1882,438,,295480.5084293333,6812083.0023622075,4332.4638671875,157.6221566352061,157.69315385144515,107.62215663520611,107.69315385144516,33,1321,1e-05,
3572,triangle,441,1883,442,,295712.5,6811937.5,5625.0,157.9472194247776,157.20000203450522,107.94721942477759,107.2000020345052,33,1321,1e-05,
3573,triangle,443,1884,444,,295794.2464197338,6811792.127431259,6904.55810546875,155.65947466595608,156.83656731391548,105.65947466595608,106.8365673139155,33,1321,1e-05,
3574,triangle,446,1885,447,,295867.9258168205,6811568.525251464,6913.2451171875,154.9930010329723,155.60165185036695,104.99300103297229,105.60165185036693,33,1321,1e-05,
3575,triangle,461,1886,460,,296265.7537755556,6812470.041959944,6107.42041015625,174.26817327313137,174.3519049655508,124.26817327313134,124.35190496555079,33,1321,1e-05,
3576,triangle,472,1887,471,,296637.5,6811637.5,5625.0,157.6388859219021,156.83333587646484,107.63888592190212,106.83333587646484,33,1321,1e-05,
3577,triangle,475,1888,474,,296562.44409097964,6811425.667470609,7112.6298828125,154.90374758772126,154.9632587802117,104.90374758772124,104.96325878021172,33,1321,1e-05,
3578,triangle,1877,1893,1880,,296284.41487904504,6811742.049202916,35967.755859375,166.2279007557329,166.5599748193898,116.22790075573289,116.55997481938981,33,1321,1e-05,
3579,triangle,1880,1888,1877,,296396.95679884055,6811609.254252545,29519.458984375,164.28727575654577,163.01536293894142,114.28727575654577,113.01536293894141,33,1321,1e-05,
3580,triangle,1878,1884,1883,,295860.5572984808,6811979.36578814,18858.95751953125,163.72939059692763,163.75366734968543,113.72939059692763,113.75366734968544,33,1321,1e-05,
3581,triangle,1877,1888,1881,,296388.41631320183,6811453.445248388,33753.47265625,162.17217606794742,160.01325893720036,112.17217606794742,110.01325893720036,33,1321,1e-05,
3582,triangle,1881,1888,475,,296489.8052020907,6811377.056359499,12195.904296875,157.93869291549248,156.06202164720688,107.93869291549247,106.06202164720689,33,1321,1e-05,
3583,triangle,395,1890,396,,296068.75,6811227.083333333,3046.875,152.2620345927876,152.33888636695013,102.26203459278759,102.33888636695013,33,1321,1e-05,
3584,triangle,438,1882,439,,295530.5084293333,6812058.0023622075,3712.765625,157.5199547662064,157.55982255261702,107.51995476620638,107.55982255261704,33,1321,1e-05,
3585,triangle,440,1883,441,,295687.5,6811987.5,4218.75,157.70000076293945,157.53333536783853,107.70000076293945,107.53333536783855,33,1321,1e-05,
3586,triangle,442,1884,443,,295769.2464197338,6811842.127431259,4977.72265625,156.47171888796862,157.00323398058217,106.4717188879686,107.00323398058215,33,1321,1e-05,
3587,triangle,445,1885,446,,295842.9258168205,6811618.525251464,4829.154296875,155.17548892275,155.53498111468986,105.17548892274999,105.53498111468986,33,1321,1e-05,
3588,triangle,454,1891,453,,295175.82151603285,6812367.805658416,4815.63671875,163.00966515238377,162.8380053079931,113.00966515238377,112.83800530799307,33,1321,1e-05,
3589,triangle,460,1886,459,,296290.7537755556,6812520.041959944,3852.7001953125,175.11508608287346,175.65190293104558,125.11508608287349,125.65190293104558,33,1321,1e-05,
3590,triangle,469,1892,468,,296659.8724538001,6811841.891134288,4514.3486328125,158.9509545815683,158.9029737549367,108.95095458156833,108.9029737549367,33,1321,1e-05,
3591,triangle,471,1887,470,,296662.5,6811687.5,4218.75,157.79999923706055,157.86666615804037,107.79999923706055,107.86666615804036,33,1321,1e-05,
3592,triangle,474,1888,473,,296587.44409097964,6811475.667470609,4225.0400390625,154.83535321128258,154.79659211354505,104.83535321128258,104.79659211354505,33,1321,1e-05,
3593,triangle,450,1890,395,,296018.75,6811252.083333333,5156.25,153.33148097990687,152.73889043596054,103.33148097990687,102.73889043596056,33,1321,1e-05,
3594,triangle,455,1891,454,,295125.82151603285,6812392.805658416,7720.55712890625,164.20384361709716,163.2380042907405,114.20384361709715,113.23800429074048,33,1321,1e-05,
3595,triangle,468,1892,467,,296634.8724538001,6811891.891134288,5426.59619140625,159.92355191454647,159.66964143885596,109.92355191454647,109.66964143885598,33,1321,1e-05,
3596,triangle,450,1896,1890,,296011.59257895435,6811326.028040692,9468.71484375,155.9546608980933,155.0216053009444,105.9546608980933,105.02160530094439,33,1321,1e-05,
3597,triangle,1885,1896,447,,295935.76839577494,6811517.469958823,10493.08349609375,156.59497552158007,156.98436773260337,106.59497552158007,106.98436773260339,33,1321,1e-05,
3598,triangle,398,1895,1881,,296284.81481481483,6811270.949074075,12583.1162109375,156.3081782383519,154.66534011211579,106.3081782383519,104.66534011211577,33,1321,1e-05,
3599,triangle,1881,1895,1877,,296283.4259259259,6811397.337962964,27063.15087890625,161.97947989665323,160.11657740210924,111.97947989665322,110.11657740210926,33,1321,1e-05,
3600,triangle,1899,1900,451,,295387.59186819737,6812195.829387669,3146.630859375,160.15436067721555,160.70613601198136,110.15436067721555,110.70613601198137,33,1321,1e-05,
3601,triangle,1890,1895,397,,296151.2037037037,6811271.643518519,7174.69580078125,155.72370919547143,155.07213536500043,105.72370919547144,105.07213536500042,33,1321,1e-05,
3602,triangle,1878,1897,1893,,296108.7963881476,6812063.07673883,32388.97412109375,175.1150063569178,172.23304504320922,125.11500635691782,122.2330450432092,33,1321,1e-05,
3603,triangle,1879,1899,1889,,295500.9786844207,6812318.1333476305,24605.21875,168.33378036001918,168.3300816706752,118.33378036001919,118.3300816706752,33,1321,1e-05,
3604,triangle,437,1900,1882,,295450.191812255,6812125.307653855,2567.2626953125,157.86031393840167,157.98277701438002,107.86031393840167,107.98277701438002,33,1321,1e-05,
3605,triangle,1883,1884,442,,295781.7464197338,6811904.627431259,7909.4150390625,158.78462850866913,158.66990064724882,108.7846285086691,108.66990064724882,33,1321,1e-05,
3606,triangle,1887,1892,469,,296622.3724538001,6811779.391134288,9621.90234375,159.21104277703932,159.33630556239112,109.21104277703932,109.33630556239113,33,1321,1e-05,
3607,triangle,1895,1896,1877,,296148.9073937692,6811444.893781434,25928.2001953125,162.36970004364633,161.1005273655927,112.36970004364633,111.10052736559271,33,1321,1e-05,
3608,triangle,1893,1898,1880,,296338.8522373217,6811868.708783415,25607.3486328125,169.7899140506731,168.1639994816439,119.78991405067312,118.16399948164393,33,1321,1e-05,
3609,triangle,1894,1897,1878,,296060.68119632994,6812225.669305782,29942.37744140625,175.8744599302088,175.41876060008198,125.87445993020879,125.41876060008197,33,1321,1e-05,
3610,triangle,1882,1900,1899,,295443.10029753065,6812178.831749878,5764.62890625,158.6491162735003,160.26595347833538,108.64911627350031,110.26595347833536,33,1321,1e-05,
3611,triangle,1890,1896,1895,,296094.04628265806,6811345.588225878,10199.2001953125,159.0056551502856,157.7215138448931,109.0056551502856,107.72151384489312,33,1321,1e-05,
3612,triangle,1882,1899,1879,,295531.8243030766,6812212.3913768185,18088.5693359375,161.97291150238243,163.74537040828943,111.97291150238242,113.74537040828942,33,1321,1e-05,
3613,triangle,1880,1898,1892,,296473.8225199377,6811852.137496722,16839.28759765625,164.67595092098605,165.0591025759205,114.67595092098605,115.05910257592052,33,1321,1e-05,
3614,triangle,1880,1892,1887,,296533.2740505499,6811761.589027334,12396.3232421875,160.97298502174323,161.47050779896588,110.97298502174323,111.4705077989659,33,1321,1e-05,
3615,triangle,436,1900,437,,295394.6833829218,6812117.305291645,1946.84521484375,157.93382348203323,157.88962418018747,107.93382348203323,107.88962418018747,33,1321,1e-05,
3616,triangle,451,1900,436,,295369.6833829218,6812142.305291645,2214.38037109375,158.62325622197594,158.5896262146927,108.62325622197592,108.58962621469267,33,1321,1e-05,
3617,triangle,192,456,457,,294902.52370228124,6812497.4762977185,2528.583984375,162.92111683594987,162.92310253356575,112.9211168359499,112.92310253356574,33,1321,9.593490670004288e-06,
3618,triangle,767,456,192,,294974.1109110411,6812540.242796185,13848.763671875,170.82851735755253,166.47290797738086,120.8285173575525,116.47290797738084,33,1321,9.796745335002144e-06,
3619,triangle,458,1886,190,,296290.7537755556,6812609.106851867,2167.51220703125,176.58469188811378,176.64360831342947,126.5846918881138,126.64360831342947,33,1321,1e-05,
3620,triangle,455,456,767,,295046.5872087599,6812492.766498466,10052.2919921875,170.510078467219,165.5498054438151,120.51007846721896,115.5498054438151,33,1321,1e-05,
3621,triangle,468,1923,469,,296763.2114434852,6811821.712616247,7111.28759765625,160.28463107130705,160.63962401407127,110.28463107130705,110.63962401407127,33,1321,1e-05,
3622,triangle,470,1923,471,,296763.2114434852,6811721.712616247,7111.287109375,159.36033209691075,159.97295734740462,109.36033209691074,109.9729573474046,33,1321,1e-05,
3623,triangle,349,1928,762,,297695.92816538346,6812370.496560154,28257.22900390625,178.34457172697896,177.2480255434443,128.34457172697896,127.24802554344427,33,1321,9.593490670004288e-06,
3624,triangle,464,1925,465,,296504.87118763314,6812157.802216935,9863.2578125,165.99626707270184,166.83634713760293,115.99626707270184,116.83634713760291,33,1321,1e-05,
3625,triangle,466,1927,467,,296641.93414473004,6811998.576753137,7369.97607421875,162.0915782120549,162.2339513300568,112.09157821205494,112.23395133005681,33,1321,1e-05,
3626,triangle,469,1923,470,,296763.2114434852,6811771.712616247,7111.28759765625,159.68496446477891,160.1729542956468,109.68496446477891,110.17295429564679,33,1321,1e-05,
3627,triangle,763,1906,188,,297035.1648186354,6812447.266231739,55634.15869140625,182.34141387205074,180.6052640612941,132.34141387205077,130.6052640612941,33,1321,9.593490670004288e-06,
3628,triangle,338,1933,339,,297656.30340340646,6811603.665026133,5328.1826171875,167.0724844368582,166.23460405557958,117.07248443685819,116.23460405557957,33,1321,1e-05,
3629,triangle,764,1924,189,,296511.6087730853,6812619.021779765,12901.13427734375,181.407292650557,180.2491805668153,131.407292650557,130.2491805668153,33,1321,1e-05,
3630,triangle,339,1918,340,,297781.6858109533,6811739.513744265,6505.642578125,168.36774236669885,167.51752295696508,118.36774236669885,117.51752295696508,33,1321,1e-05,
3631,triangle,347,1915,348,,297936.5862193713,6812242.609980923,5152.92724609375,172.50532281306795,172.2103214064177,122.50532281306793,122.21032140641769,33,1321,1e-05,
3632,triangle,463,1922,464,,296360.1929702575,6812259.619928986,5041.451171875,168.1850677113918,168.6113106885099,118.1850677113918,118.61131068850989,33,1321,1e-05,
3633,triangle,467,1927,468,,296691.93414473004,6811948.576753137,7369.9755859375,160.84693278128347,160.86728771514797,110.84693278128348,110.86728771514795,33,1321,1e-05,
3634,triangle,348,1928,349,,297822.6537318392,6812320.0988412285,9252.8359375,174.37671213560253,174.96538363259174,124.3767121356025,124.96538363259172,33,1321,1e-05,
3635,triangle,471,1923,1916,,296783.40042882325,6811647.7857127385,18161.19287109375,160.58433043118455,161.3702011971772,110.58433043118457,111.37020119717721,33,1321,1e-05,
3636,triangle,468,1927,1923,,296780.14558821527,6811895.289369385,15973.33203125,162.43883057129426,162.84024506255255,112.43883057129428,112.84024506255257,33,1321,1e-05,
3637,triangle,465,1925,466,,296554.87118763314,6812107.802216935,9863.25830078125,165.021602097529,165.7363461203503,115.02160209752903,115.73634612035032,33,1321,1e-05,
3638,triangle,1912,1932,330,,297097.9593086151,6811277.216685451,8081.3984375,161.75425042043835,161.5084399670218,111.75425042043834,111.50843996702177,33,1321,1e-05,
3639,triangle,1911,1912,327,,297026.71541036415,6811064.246016863,8597.53564453125,156.27566666984097,157.0990838891214,106.27566666984097,107.0990838891214,33,1321,1e-05,
3640,triangle,1916,1917,474,,296682.9924582786,6811412.480024092,9350.1357421875,157.04749582314642,156.53968362024548,107.04749582314639,106.53968362024547,33,1321,1e-05,
3641,triangle,763,1929,1906,,297169.9272914726,6812329.262193516,50347.958984375,180.90521147978927,177.04977815117886,130.9052114797893,127.04977815117883,33,1321,1e-05,
3642,triangle,1906,1930,188,,296877.7553703215,6812405.34490049,38219.69482421875,179.84213152238462,179.34376108895606,129.84213152238462,129.3437610889561,33,1321,1e-05,
3643,triangle,1923,1927,1906,,296873.93823912943,6812008.447728857,40033.462890625,167.99465000332813,168.65120959654078,117.99465000332815,118.65120959654081,33,1321,1e-05,
3644,triangle,326,1911,327,,297034.5871160624,6810997.35472506,4546.44970703125,154.72097094060268,153.54833729331253,104.72097094060267,103.54833729331254,33,1321,1e-05,
3645,triangle,329,1912,330,,297117.1282943017,6811216.891291802,3698.06689453125,159.2345534774562,158.2840789118896,109.23455347745619,108.28407891188958,33,1321,1e-05,
3646,triangle,332,1913,333,,297362.14220778615,6811388.271133221,4305.50244140625,159.2698794174782,160.2260521121163,109.2698794174782,110.22605211211629,33,1321,1e-05,
3647,triangle,473,1916,474,,296670.188985338,6811476.073096491,5083.7607421875,157.08004278740128,155.36390848193406,107.08004278740128,105.36390848193406,33,1321,1e-05,
3648,triangle,476,1917,477,,296587.8034729406,6811261.4069276005,4252.890625,151.60003505520052,151.5424438394833,101.60003505520054,101.54244383948328,33,1321,1e-05,
3649,triangle,762,1929,763,,297349.40907410276,6812416.501552966,42230.63232421875,175.20617038760872,178.18812219470985,125.2061703876087,128.1881221947098,33,1321,1e-05,
3650,triangle,1908,1924,764,,296537.7279311796,6812532.422404692,20929.7138671875,180.54662332527562,179.1262452428376,130.54662332527562,129.1262452428376,33,1321,1e-05,
3651,triangle,1905,1934,1903,,297173.4875915952,6811540.000255801,22128.5771484375,169.15535157614687,167.14076620580752,119.15535157614687,117.14076620580754,33,1321,1e-05,
3652,triangle,330,1932,331,,297155.83101431344,6811335.325393647,6130.61767578125,162.40312277013652,160.92435800337435,112.40312277013655,110.92435800337437,33,1321,1e-05,
3653,triangle,1903,1923,1905,,297062.9189188383,6811652.627617381,44917.8369140625,171.2334492078593,167.03526918686933,121.23344920785931,117.03526918686936,33,1321,1e-05,
3654,triangle,762,1928,1902,,297614.42202003,6812262.921298046,37200.78076171875,179.0758031292007,178.04346862113917,129.07580312920066,128.04346862113914,33,1321,1e-05,
3655,triangle,339,1919,1918,,297682.8948963023,6811763.292168069,22889.931640625,174.25432486296947,170.46112139950017,124.25432486296947,120.46112139950019,33,1321,1e-05,
3656,triangle,1902,1929,762,,297471.35406166076,6812264.091093796,48301.560546875,174.36197826648285,176.9766309716741,124.36197826648284,126.97663097167408,33,1321,1e-05,
3657,triangle,459,1924,460,,296360.5179764864,6812528.086327229,3995.7724609375,175.7317598579549,175.63516862223074,125.7317598579549,125.63516862223075,33,1321,1e-05,
3658,triangle,460,1924,1908,,296422.53503880586,6812480.668838061,11421.2490234375,177.15636074820304,176.3936190474701,127.15636074820304,126.39361904747011,33,1321,1e-05,
3659,triangle,337,1933,338,,297606.30340340646,6811553.665026133,5328.1826171875,166.30164777084792,165.76793433715508,116.30164777084791,115.7679343371551,33,1321,1e-05,
3660,triangle,188,1930,764,,296774.1556117811,6812543.940107648,25114.55224609375,181.12905148021568,181.6654217330827,131.12905148021568,131.6654217330827,33,1321,9.186981340008571e-06,
3661,triangle,1908,1925,464,,296516.8882499526,6812260.384727766,26585.064453125,171.12095855360218,170.82812987892302,121.12095855360216,120.82812987892301,33,1321,1e-05,
3662,triangle,331,1934,332,,297248.7801162421,6811384.085254666,3834.59130859375,161.5383759661903,161.41178769967613,111.53837596619032,111.41178769967611,33,1321,1e-05,
3663,triangle,764,1930,1908,,296641.3493734678,6812482.249943279,25661.8193359375,180.26617871312206,178.50317563291867,130.26617871312206,128.50317563291867,33,1321,1e-05,
3664,triangle,1925,1927,466,,296646.8053323632,6812081.378970072,17601.55224609375,165.78155005457617,165.67029948491233,115.78155005457617,115.67029948491233,33,1321,1e-05,
3665,triangle,1901,1923,1906,,297041.94127860415,6811973.362542048,71729.71728515625,173.4089083410489,171.36723569948768,123.4089083410489,121.36723569948771,33,1321,1e-05,
3666,triangle,339,1933,1919,,297607.51248875546,6811677.443449937,22163.5751953125,172.03894040740545,169.41153481419542,122.03894040740546,119.41153481419542,33,1321,1e-05,
3667,triangle,1904,1912,1911,,296964.74689388025,6811143.021413575,22328.81396484375,162.74392911528338,161.42731960106934,112.74392911528335,111.42731960106933,33,1321,1e-05,
3668,triangle,1905,1923,1901,,297141.42115840036,6811786.309808488,49434.1220703125,172.7731424331323,168.24414276708524,122.77314243313232,118.24414276708524,33,1321,1e-05,
3669,triangle,1915,1928,348,,297859.2399512105,6812237.708822153,15077.67578125,174.7420359637311,174.5090332860797,124.74203596373111,124.50903328607971,33,1321,1e-05,
3670,triangle,1906,1929,1901,,297183.3156085889,6812122.91856278,53017.21240234375,177.78389479659543,174.49282128345195,127.78389479659543,124.49282128345197,33,1321,1e-05,
3671,triangle,1911,1926,1904,,296845.9962067739,6811118.0020522,36966.94775390625,164.7609082548435,160.29733554806407,114.76090825484351,110.29733554806408,33,1321,1e-05,
3672,triangle,1908,1922,460,,296397.2100325769,6812412.2024398185,10240.88671875,175.46151561752765,174.53642778041595,125.46151561752765,124.53642778041592,33,1321,1e-05,
3673,triangle,1907,1926,1911,,296796.3795577905,6810973.155226917,29164.9091796875,160.9041810680296,157.2959343754438,110.9041810680296,107.29593437544382,33,1321,1e-05,
3674,triangle,1901,1929,1902,,297383.01681232126,6812077.184941199,47880.94140625,170.96361256659875,174.74396751107784,120.96361256659871,124.74396751107787,33,1321,1e-05,
3675,triangle,402,1926,1920,,296610.87760719535,6811029.371930428,9112.76708984375,151.58762745785944,150.96242666633876,101.58762745785943,100.96242666633877,33,1321,1e-05,
3676,triangle,1902,1919,1901,,297454.6401242003,6811929.694728024,41551.693359375,170.52469369811539,174.38902098773892,120.52469369811537,124.3890209877389,33,1321,1e-05,
3677,triangle,1904,1917,1916,,296771.0239417948,6811366.255420804,23003.36279296875,160.96878489635782,160.63458701611268,110.96878489635779,110.63458701611268,33,1321,1e-05,
3678,triangle,1918,1919,1902,,297626.38875094877,6811905.716905962,32689.65283203125,177.272908631831,174.42323114386173,127.272908631831,124.42323114386171,33,1321,1e-05,
3679,triangle,1914,1918,1902,,297734.0817582958,6811974.873438064,24733.07275390625,176.74226840266354,174.0816365762461,126.74226840266354,124.08163657624607,33,1321,1e-05,
3680,triangle,320,1909,321,,296862.5,6810587.5,5625.0,141.60833825005423,141.10833485921225,91.60833825005426,91.10833485921223,33,1321,1e-05,
3681,triangle,322,1910,323,,296940.7665675623,6810736.133381925,5103.7666015625,148.31300942360608,147.45935145224965,98.3130094236061,97.45935145224966,33,1321,1e-05,
3682,triangle,324,1911,325,,297009.5871160624,6810897.35472506,7061.35595703125,150.8859200068529,152.08166757488806,100.88592000685287,102.08166757488806,33,1321,1e-05,
3683,triangle,327,1912,328,,297092.1282943017,6811116.891291802,5598.33740234375,154.71320155017239,154.9840809463948,104.7132015501724,104.98408094639478,33,1321,1e-05,
3684,triangle,334,1913,335,,297462.14220778615,6811413.271133221,5752.00390625,162.43332023380123,161.32604804310589,112.43332023380125,111.32604804310587,33,1321,1e-05,
3685,triangle,342,1914,343,,297908.902092696,6811942.934955906,6641.197265625,169.9780175003511,170.10199878865646,119.97801750035109,120.10199878865645,33,1321,1e-05,
3686,triangle,344,1915,345,,297986.5862193713,6812092.609980923,6302.6728515625,170.59884503799407,170.87698807308436,120.59884503799407,120.87698807308436,33,1321,1e-05,
3687,triangle,460,1922,461,,296310.1929702575,6812409.619928986,5689.46728515625,173.14750094502392,172.47797938968176,123.1475009450239,122.47797938968176,33,1321,1e-05,
3688,triangle,471,1916,472,,296695.188985338,6811576.073096491,7775.53759765625,160.02891173409512,157.33057820035853,110.0289117340951,107.33057820035854,33,1321,1e-05,
3689,triangle,474,1917,475,,296612.8034729406,6811361.4069276005,5782.111328125,153.64453752073695,154.0757741210588,103.64453752073696,104.07577412105881,33,1321,1e-05,
3690,triangle,479,1909,478,,296762.5,6810587.5,5625.0,140.92499754163956,140.9749984741211,90.92499754163956,90.9749984741211,33,1321,1e-05,
3691,triangle,1903,1934,1932,,297111.04607519833,6811449.220023535,11205.8740234375,168.13822100154135,167.07725464210134,118.13822100154132,117.07725464210132,33,1321,1e-05,
3692,triangle,405,1920,1907,,296625.9148345328,6810871.428571428,10199.02099609375,151.1523301989793,149.40183403070137,101.15233019897927,99.40183403070137,33,1321,1e-05,
3693,triangle,1904,1916,1903,,296889.655413497,6811434.657868423,28779.5517578125,164.21452391486343,164.66658544901358,114.21452391486343,114.66658544901357,33,1321,1e-05,
3694,triangle,1907,1921,405,,296649.55434614007,6810795.83092504,12323.83544921875,150.63382253686626,148.5891667658942,100.63382253686626,98.58916676589418,33,1321,1e-05,
3695,triangle,1917,1926,477,,296636.1810801359,6811203.278858029,13561.36279296875,154.626526231293,153.76320434778168,104.62652623129303,103.7632043477817,33,1321,1e-05,
3696,triangle,464,1922,1908,,296422.2100325769,6812312.2024398185,15100.74560546875,170.8346551686887,171.60309342982998,120.83465516868873,121.60309342982998,33,1321,1e-05,
3697,triangle,1914,1928,1915,,297843.1420439065,6812130.643778059,17715.83837890625,175.76118792768315,174.8110341092414,125.76118792768314,124.81103410924136,33,1321,1e-05,
3698,triangle,1920,1926,1907,,296674.2924417281,6810963.300501857,17070.35546875,155.3568718818556,154.02259860801018,105.35687188185562,104.02259860801018,33,1321,1e-05,
3699,triangle,478,1909,320,,296812.5,6810562.5,4218.75,140.6500015258789,141.00833384195963,90.6500015258789,91.00833384195964,33,1321,1e-05,
3700,triangle,321,1909,322,,296887.5,6810637.5,4218.75,142.72500228881836,142.0416692097982,92.72500228881836,92.04166920979817,33,1321,1e-05,
3701,triangle,323,1910,324,,296965.7665675623,6810786.133381925,3851.26123046875,149.68577985836595,149.65934840049184,99.68577985836599,99.65934840049185,33,1321,1e-05,
3702,triangle,325,1911,326,,297034.5871160624,6810947.35472506,4546.44921875,152.89512781912094,152.6150029427266,102.89512781912094,102.6150029427266,33,1321,1e-05,
3703,triangle,328,1912,329,,297117.1282943017,6811166.891291802,3698.06689453125,156.8978415704914,156.7840789118896,106.89784157049141,106.78407891188958,33,1321,1e-05,
3704,triangle,333,1913,334,,297412.14220778615,6811388.271133221,4305.50244140625,160.13066629321875,160.42604906035848,110.13066629321875,110.42604906035848,33,1321,1e-05,
3705,triangle,341,1918,342,,297856.6858109533,6811839.513744265,4872.84619140625,168.70557044567315,169.1508542557932,118.70557044567316,119.1508542557932,33,1321,1e-05,
3706,triangle,343,1914,344,,297933.902092696,6811992.934955906,4623.5146484375,170.71480976002667,170.90200184041427,120.71480976002668,120.90200184041426,33,1321,1e-05,
3707,triangle,345,1915,346,,298011.5862193713,6812142.609980923,4321.55078125,170.95042657442428,171.14365575700364,120.95042657442428,121.14365575700363,33,1321,1e-05,
3708,triangle,403,1920,404,,296512.5,6810937.5,4218.75,147.125,148.0749994913737,97.125,98.0749994913737,33,1321,1e-05,
3709,triangle,408,1921,479,,296661.1395116073,6810636.902353611,4151.5146484375,142.41619559921782,142.16233120931392,92.41619559921782,92.1623312093139,33,1321,1e-05,
3710,triangle,461,1922,462,,296285.1929702575,6812359.619928986,3959.208984375,171.65092808578294,171.37797837242917,121.65092808578295,121.37797837242915,33,1321,1e-05,
3711,triangle,472,1916,473,,296670.188985338,6811526.073096491,5083.76123046875,157.75991312857718,156.03057514860072,107.75991312857718,106.03057514860073,33,1321,1e-05,
3712,triangle,475,1917,476,,296587.8034729406,6811311.4069276005,4252.890625,152.80217917892065,153.67577513831142,102.80217917892065,103.67577513831141,33,1321,1e-05,
3713,triangle,340,1918,341,,297831.6858109533,6811789.513744265,6505.642578125,167.97896739941368,168.31752092245986,117.9789673994137,118.31752092245988,33,1321,1e-05,
3714,triangle,346,1915,347,,297986.5862193713,6812192.609980923,5152.927734375,171.78939881045102,171.8103224236703,121.78939881045103,121.8103224236703,33,1321,1e-05,
3715,triangle,402,1920,403,,296537.5,6810987.5,5625.0,148.0416620042589,147.9749984741211,98.04166200425888,97.9749984741211,33,1321,1e-05,
3716,triangle,404,1920,405,,296537.5,6810887.5,5625.0,145.36944749620224,146.44166310628256,95.36944749620224,96.44166310628255,33,1321,1e-05,
3717,triangle,407,1921,408,,296611.1395116073,6810661.902353611,5404.70947265625,142.97681012855534,143.1290009277384,92.97681012855536,93.12900092773839,33,1321,1e-05,
3718,triangle,462,1922,463,,296310.1929702575,6812309.619928986,5041.451171875,170.9616978316643,170.44464402184323,120.9616978316643,120.44464402184322,33,1321,1e-05,
3719,triangle,1904,1932,1912,,297010.9907921313,6811280.992082161,18933.65673828125,164.27452261919345,163.6366787307275,114.27452261919345,113.63667873072751,33,1321,1e-05,
3720,triangle,1916,1923,1903,,296889.8353734661,6811602.595087958,36395.00244140625,164.58002600254906,165.2779717166317,114.58002600254906,115.27797171663171,33,1321,1e-05,
3721,triangle,1932,1934,331,,297179.6111305555,6811394.410648315,6718.119140625,164.5813485952293,163.76948005363644,114.5813485952293,113.76948005363643,33,1321,1e-05,
3722,triangle,337,1935,1933,,297559.992525645,6811522.052258004,3305.30859375,165.98856400504778,165.76980520409217,115.98856400504778,115.76980520409217,33,1321,1e-05,
3723,triangle,1902,1928,1914,,297725.0496791817,6812105.458535028,27398.4140625,179.04518612624494,176.06282753344826,129.04518612624497,126.06282753344823,33,1321,1e-05,
3724,triangle,1903,1932,1904,,297000.29744247237,6811393.910165578,17035.6005859375,166.43837910288778,166.36037135554503,116.43837910288777,116.36037135554504,33,1321,1e-05,
3725,triangle,1925,1930,1906,,296787.8032573219,6812273.8744422225,35116.54248046875,172.41958693703404,174.12608040232746,122.41958693703404,124.12608040232745,33,1321,1e-05,
3726,triangle,1926,1931,477,,296604.22200899414,6811139.839913036,5013.587890625,150.43881822972767,151.1098552297292,100.43881822972767,101.10985522972919,33,1321,1e-05,
3727,triangle,189,1924,458,,296396.4158807115,6812617.268213135,5806.650390625,177.57864294490884,177.84988770478117,127.57864294490884,127.84988770478117,33,1321,1e-05,
3728,triangle,332,1934,1913,,297310.9223240283,6811422.356387887,10212.59765625,162.61464731804378,162.70450546120648,112.61464731804375,112.70450546120647,33,1321,1e-05,
3729,triangle,1901,1919,1905,,297354.41880026413,6811788.375616045,34401.86181640625,167.62859836224303,171.01478182771052,117.62859836224304,121.01478182771054,33,1321,1e-05,
3730,triangle,402,1931,1926,,296604.22200899414,6811089.839913036,4556.3837890625,150.3718689696199,150.64318551130472,100.37186896961987,100.64318551130471,33,1321,1e-05,
3731,triangle,1908,1930,1925,,296631.0276687272,6812338.298593581,24281.19287109375,175.52269909140603,174.3735642590734,125.52269909140601,124.37356425907338,33,1321,1e-05,
3732,triangle,1909,1910,322,,296878.2665675623,6810698.633381925,6616.888671875,146.8859626823058,146.1676822424515,96.88596268230582,96.16768224245148,33,1321,1e-05,
3733,triangle,1910,1911,324,,296950.35368362477,6810858.488106985,8256.77734375,152.80727026076062,153.307681624794,102.80727026076063,103.30768162479399,33,1321,1e-05,
3734,triangle,1913,1935,335,,297490.83133002464,6811456.65836509,3352.7646484375,163.90891872069352,162.99458557670962,113.90891872069353,112.99458557670961,33,1321,1e-05,
3735,triangle,342,1918,1914,,297840.5879036493,6811907.448700171,9128.248046875,171.00865160714574,171.21952276287413,121.00865160714574,121.21952276287412,33,1321,1e-05,
3736,triangle,1914,1915,344,,297920.4883120673,6812060.544936829,8306.77490234375,172.3350791095404,172.07898787899342,122.33507910954037,122.0789878789934,33,1321,1e-05,
3737,triangle,479,1921,1909,,296723.6395116073,6810649.402353611,7006.9248046875,144.59178239790498,143.637329683435,94.59178239790499,93.637329683435,33,1321,1e-05,
3738,triangle,1919,1933,1905,,297450.7850194657,6811678.54907585,27260.20849609375,169.4424449393834,169.99940539852858,119.4424449393834,119.9994053985286,33,1321,1e-05,
3739,triangle,1906,1927,1925,,296790.59798327734,6812144.537329544,31255.04736328125,167.23169986658323,170.11460040399172,117.23169986658321,120.1146004039917,33,1321,1e-05,
3740,triangle,1921,1936,405,,296588.9243895091,6810758.627942014,4120.767578125,145.69130490578868,144.5624719247235,95.69130490578868,94.56247192472347,33,1321,1e-05,
3741,triangle,1933,1935,1913,,297497.1347334311,6811510.323391225,6535.388671875,166.59810168948457,165.62918861503658,116.59810168948457,115.62918861503658,33,1321,1e-05,
3742,triangle,458,1924,459,,296360.5179764864,6812578.086327229,3995.7724609375,176.08416337243105,175.96850195556408,126.08416337243105,125.96850195556408,33,1321,1e-05,
3743,triangle,477,1931,401,,296530.84440179885,6811147.967982608,3698.59716796875,148.1476364652051,147.95576037084484,98.1476364652051,97.95576037084486,33,1321,1e-05,
3744,triangle,1905,1933,1913,,297411.7181419029,6811568.041785267,20461.1103515625,165.91157071007922,166.18185805085716,115.91157071007922,116.18185805085716,33,1321,1e-05,
3745,triangle,1909,1921,1907,,296737.05434614007,6810733.33092504,13863.921875,150.55145764056613,149.03083495843975,100.55145764056611,99.03083495843975,33,1321,1e-05,
3746,triangle,1904,1926,1917,,296749.2125636521,6811232.0542547405,23176.27197265625,162.12143033253415,159.3581077436489,112.12143033253415,109.35810774364889,33,1321,1e-05,
3747,triangle,1907,1910,1909,,296816.6814020952,6810757.561953354,14356.7265625,152.23200201242838,150.59451779903176,102.23200201242835,100.59451779903175,33,1321,1e-05,
3748,triangle,1907,1911,1910,,296863.7685181576,6810867.416678414,16353.2763671875,156.99992025661945,155.53452023313207,106.99992025661945,105.53452023313207,33,1321,1e-05,
3749,triangle,401,1931,402,,296530.84440179885,6811097.967982608,3241.3935546875,147.59264507371603,147.48909065242037,97.59264507371606,97.48909065242037,33,1321,1e-05,
3750,triangle,405,1936,406,,296527.78487790184,6810771.725588403,3494.169921875,142.83957145403843,142.83347506599551,92.83957145403846,92.8334750659955,33,1321,1e-05,
3751,triangle,406,1936,407,,296527.78487790184,6810721.725588403,2757.427734375,142.20695898777032,142.30014478441998,92.20695898777032,92.30014478441997,33,1321,1e-05,
3752,triangle,1913,1934,1905,,297304.1948547386,6811523.462013801,18742.310546875,164.8400680672396,165.12570937887298,114.84006806723961,115.12570937887297,33,1321,1e-05,
3753,triangle,407,1936,1921,,296588.9243895091,6810708.627942014,3384.02490234375,144.0647397943297,144.02914164314797,94.0647397943297,94.02914164314795,33,1321,1e-05,
3754,triangle,335,1935,336,,297553.6891222385,6811443.3872318715,2068.56396484375,162.47268775537987,162.66853753360374,112.47268775537987,112.66853753360374,33,1321,1e-05,
3755,triangle,336,1935,337,,297578.6891222385,6811468.3872318715,2397.47412109375,163.08353306165114,163.2352031830178,113.08353306165114,113.2352031830178,33,1321,1e-05,
3756,triangle,762,187,349,,297723.2744335443,6812431.35795971,2728.3896484375,177.43667884742018,175.84622192874124,127.43667884742018,125.84622192874126,33,1321,7.96745335002143e-06,
3757,triangle,189,458,190,,296360.89790422516,6812653.24677783,2272.05078125,177.13113990859458,177.17308909709575,127.13113990859458,127.17308909709577,33,1321,8.577217345015001e-06,
3758,triangle,478,320,319,,296825.0,6810500.0,2812.5,138.92222425672745,138.86666870117188,88.92222425672745,88.86666870117188,33,1321,1e-05,
3759,triangle,312,1941,778,,296885.70107470336,6809983.013429895,9189.3896484375,138.33433976416447,141.4211481124,88.33433976416444,91.42114811240002,33,1321,1e-05,
3760,triangle,319,1939,318,,296890.1914575977,6810361.618106351,5421.423828125,139.33623414307735,139.24902038779246,89.33623414307735,89.24902038779244,33,1321,1e-05,
3761,triangle,478,1940,319,,296762.5,6810487.5,5625.0,139.51667022705078,140.5083351135254,89.51667022705077,90.50833511352539,33,1321,1e-05,
3762,triangle,410,1937,409,,296495.19065096317,6810549.480763662,5683.4140625,147.76005095899694,146.71483802354473,97.76005095899694,96.71483802354476,33,1321,1e-05,
3763,triangle,411,1937,410,,296445.19065096317,6810549.480763662,5683.4140625,148.30009812016658,147.44817033962548,98.30009812016658,97.44817033962549,33,1321,1e-05,
3764,triangle,319,1940,1938,,296761.0593470558,6810388.784821513,22219.6806640625,144.23376775494054,144.9808592640056,94.23376775494054,94.98085926400559,33,1321,1e-05,
3765,triangle,218,1937,777,,296438.81973523274,6810331.323489358,23373.64501953125,156.68853899060713,154.37927966915868,106.68853899060713,104.37927966915869,33,1321,9.39023600500643e-06,
3766,triangle,412,1937,411,,296395.19065096317,6810524.480763662,7954.8623046875,149.4347544104852,148.61483700629213,99.43475441048517,98.61483700629215,33,1321,1e-05,
3767,triangle,778,1938,218,,296697.0190900735,6810138.016524836,27109.9638671875,141.75064479123887,150.4447234436187,91.75064479123886,100.44472344361871,33,1321,1e-05,
3768,triangle,311,779,310,,297049.69194860355,6809799.808586362,2847.15576171875,134.95622892485278,134.98203237111252,84.95622892485278,84.98203237111254,33,1321,1e-05,
3769,triangle,313,1941,312,,296961.3171774963,6809987.5,4351.8173828125,135.9701613979395,136.23908806218836,85.97016139793949,86.23908806218837,33,1321,1e-05,
3770,triangle,315,1941,314,,296961.3171774963,6810087.5,4351.81787109375,136.6471824520498,136.93908501043055,86.64718245204979,86.93908501043056,33,1321,1e-05,
3771,triangle,316,1939,315,,296965.1914575977,6810211.618106351,3915.9609375,137.0226501579357,138.24902038779246,87.02265015793567,88.24902038779244,33,1321,1e-05,
3772,triangle,409,1940,408,,296612.5,6810562.5,4218.75,141.65833791097003,141.77500279744467,91.65833791097003,91.77500279744466,33,1321,1e-05,
3773,triangle,1938,1940,218,,296660.13519286644,6810305.003094941,30530.70654296875,155.45517092065833,148.0376611045887,105.45517092065833,98.03766110458871,33,1321,1e-05,
3774,triangle,1938,1939,319,,296838.7508046535,6810312.902927863,12580.6484375,145.753369614223,144.15487888885858,95.75336961422302,94.15487888885859,33,1321,1e-05,
3775,triangle,218,1940,1937,,296556.7664967738,6810378.19903709,26911.83251953125,155.2225506179484,149.34664062706727,105.2225506179484,99.34664062706729,33,1321,1e-05,
3776,triangle,1939,1941,315,,296926.5086350941,6810149.118106351,12248.15380859375,137.37976498313753,138.62143974880894,87.37976498313749,88.62143974880894,33,1321,1e-05,
3777,triangle,1937,1940,409,,296557.69065096317,6810511.980763662,13555.44873046875,147.69875711565845,147.22317313707012,97.69875711565842,97.22317313707015,33,1321,1e-05,
3778,triangle,314,1941,313,,296961.3171774963,6810037.5,4351.8173828125,136.28367167068149,136.53908602768317,86.28367167068149,86.53908602768315,33,1321,1e-05,
3779,triangle,317,1939,316,,296965.1914575977,6810261.618106351,3915.9609375,137.59267675411178,138.08235372112577,87.59267675411176,88.08235372112578,33,1321,1e-05,
3780,triangle,408,1940,479,,296662.5,6810562.5,4218.75,140.2750015258789,141.04166539510092,90.2750015258789,91.0416653951009,33,1321,1e-05,
3781,triangle,318,1939,317,,296940.1914575977,6810311.618106351,5421.423828125,139.3828754148366,138.58235372112577,89.3828754148366,88.58235372112578,33,1321,1e-05,
3782,triangle,479,1940,478,,296712.5,6810537.5,5625.0,139.65833494398328,140.70833206176758,89.6583349439833,90.70833206176758,33,1321,1e-05,
3783,triangle,778,1941,1938,,296809.26042175916,6810084.298251408,13487.21435546875,140.8961515475356,147.1603399467995,90.8961515475356,97.16033994679951,33,1321,1e-05,
3784,triangle,412,1942,1937,,296373.8766233187,6810472.007067644,5163.7099609375,156.60433164881448,154.3356238418693,106.60433164881448,104.33562384186934,33,1321,1e-05,
3785,triangle,1937,1942,777,,296368.42986177764,6810412.631519913,5878.01953125,159.79579766301458,158.70993133081944,109.79579766301458,108.70993133081947,33,1321,1e-05,
3786,triangle,1938,1941,1939,,296850.06798214983,6810175.402927864,13705.46630859375,140.62937193810237,143.92729723262246,90.62937193810237,93.92729723262248,33,1321,1e-05,
3787,triangle,777,1942,413,,296298.2392108145,6810413.15075625,4219.7724609375,158.1030665192436,157.12842460610284,108.10306651924361,107.12842460610284,33,1321,9.593490670004288e-06,
3788,triangle,413,1942,412,,296303.68597235554,6810472.526303981,3505.462890625,155.14525808576767,152.7541171171527,105.14525808576765,102.75411711715272,33,1321,1e-05,
3789,triangle,217,413,414,,296165.0306311073,6810490.030631107,5055.6083984375,151.31873365022017,151.58857638962434,101.31873365022017,101.58857638962434,33,1321,9.796745335002144e-06,
3790,triangle,217,777,413,,296209.58386956627,6810430.655083376,7954.12060546875,152.5262003574579,154.29621721190782,102.5262003574579,104.2962172119078,33,1321,7.96745335002143e-06,
3791,triangle,309,219,308,,297200.0,6809629.103742828,2350.8291015625,134.30628802243092,134.16666666666666,84.30628802243092,84.16666666666667,33,1321,9.39023600500643e-06,
3792,triangle,779,219,309,,297124.69194860355,6809678.9123291895,7599.31494140625,134.44095831277292,134.48203237111252,84.44095831277292,84.48203237111254,18,2041,6.747925360034285e-06,
3793,triangle,310,779,309,,297074.69194860355,6809749.808586362,2868.68994140625,134.86979094789882,134.68203440561774,84.86979094789882,84.68203440561776,33,1321,9.186981340008571e-06,
3794,triangle,312,778,779,,296924.0758458106,6809895.322016257,17107.1923828125,136.6449393180396,140.59742677191014,86.6449393180396,90.59742677191014,33,1321,1e-05,
3795,triangle,414,415,217,,296115.0306311073,6810515.030631107,1121.55419921875,150.96093088524,151.2219127747155,100.96093088523997,101.22191277471548,33,1321,1e-05,
3796,triangle,312,779,311,,297024.69194860355,6809849.808586362,5681.18994140625,135.13381353228007,135.21536468719327,85.13381353228007,85.21536468719327,33,1321,1e-05,
3797,triangle,223,787,224,,297413.8031257317,6809319.200585884,3712.91748046875,133.22320774521617,134.16174118537282,83.22320774521616,84.16174118537282,18,2041,4.512124045057858e-06,
3798,triangle,225,307,226,,297577.60625146347,6809159.297428942,4151.6640625,132.58293643327534,133.67768377424932,82.58293643327534,83.6776837742493,18,2041,4.30886938006e-06,
3799,triangle,222,787,223,,297388.8031257317,6809369.200585884,1552.8515625,134.05546234920672,134.32840785203948,84.05546234920669,84.32840785203949,18,2041,4.30886938006e-06,
3800,triangle,219,221,220,,297250.0,6809529.103742828,461.67138671875,134.66781693038106,133.9333292643229,84.66781693038108,83.93332926432292,18,2041,4.30886938006e-06,
3801,triangle,219,787,221,,297313.8031257317,6809473.304328713,1616.98828125,134.07029962866088,134.7950673979379,84.07029962866089,84.79506739793793,18,2041,5.121888040051429e-06,
3802,triangle,221,787,222,,297363.8031257317,6809419.200585884,900.41796875,134.1385572897272,134.42840378302907,84.1385572897272,84.42840378302907,18,2041,4.512124045057858e-06,
3803,triangle,224,787,307,,297491.4093771952,6809278.498014827,9672.33349609375,135.31106650881253,135.7394239423695,85.31106650881252,85.73942394236951,18,2041,4.512124045057858e-06,
3804,triangle,307,228,227,,297670.90438248165,6809134.297428942,2824.10498046875,133.95790177967075,133.47115784329682,83.95790177967075,83.4711578432968,18,2041,6.544670695036429e-06,
3805,triangle,224,307,225,,297527.60625146347,6809209.297428942,4151.6640625,132.2425622182871,134.0443524754212,82.24256221828713,84.04435247542118,18,2041,4.512124045057858e-06,
3806,triangle,226,307,227,,297627.60625146347,6809134.297428942,3858.4609375,132.95962578237808,133.57768275699672,82.95962578237808,83.5776827569967,18,2041,4.30886938006e-06,
3807,triangle,427,1943,428,,294728.39406429423,6812083.234851509,6551.4208984375,167.22522893969753,167.7870073493394,117.2252289396975,117.78700734933939,33,1321,1e-05,
3808,triangle,768,1949,194,,294290.27142008994,6812312.292987622,11521.13671875,184.33469708649267,183.29247693291725,134.3346970864927,133.29247693291722,33,1321,8.373962680017143e-06,
3809,triangle,432,1944,433,,295053.68051766657,6812110.960675879,9256.51806640625,166.68695636325012,167.2080301314127,116.68695636325012,117.20803013141271,33,1321,1e-05,
3810,triangle,431,1944,432,,295003.68051766657,6812085.960675879,6858.076171875,167.31822038046457,166.77469578082676,117.3182203804646,116.77469578082678,33,1321,1e-05,
3811,triangle,423,1946,424,,294451.311976489,6812182.771587449,9459.40087890625,179.95844778911606,176.8848949473451,129.95844778911606,126.88489494734507,33,1321,1e-05,
3812,triangle,454,1944,455,,295053.68051766657,6812310.960675879,9602.86572265625,166.3354328024083,165.74136041298823,116.33543280240829,115.74136041298823,33,1321,1e-05,
3813,triangle,428,1952,429,,294813.3422121382,6812050.975658022,2922.26171875,165.0853011207097,165.98889543288064,115.0853011207097,115.98889543288062,33,1321,1e-05,
3814,triangle,430,1952,431,,294913.3422121382,6812050.975658022,2922.26171875,165.4399173104894,164.7888883121124,115.4399173104894,114.7888883121124,33,1321,1e-05,
3815,triangle,192,1953,193,,294732.4398898506,6812481.203279025,13956.00634765625,178.55391391125062,177.29468318286015,128.55391391125062,127.29468318286013,33,1321,9.186981340008571e-06,
3816,triangle,426,1947,427,,294621.6176734639,6812052.667739826,3112.62060546875,167.99833428875348,168.13737600575973,117.9983342887535,118.13737600575972,33,1321,1e-05,
3817,triangle,194,1949,421,,294238.0858600413,6812240.762621668,8865.759765625,177.47550712196934,179.4897739828632,127.47550712196933,129.4897739828632,33,1321,1e-05,
3818,triangle,421,1949,422,,294285.860767757,6812204.660208446,3336.7734375,177.21088468098336,177.67523055892306,127.21088468098336,127.67523055892305,33,1321,1e-05,
3819,triangle,427,1947,1943,,294675.0117377581,6812110.902591336,10972.98095703125,169.9957262298791,171.1910459527554,119.99572622987911,121.19104595275537,33,1321,1e-05,
3820,triangle,193,1946,768,,294502.75720082055,6812384.896113704,20101.21435546875,184.35776549315543,184.7281907569682,134.35776549315545,134.7281907569682,33,1321,9.593490670004288e-06,
3821,triangle,1943,1952,428,,294791.73627643246,6812109.210509531,9651.1044921875,169.22700134027906,170.10923102929033,119.22700134027906,120.10923102929036,33,1321,1e-05,
3822,triangle,420,1950,769,,294071.17937593017,6812074.721752661,5967.5322265625,181.81256167409543,180.4601776447414,131.81256167409543,130.46017764474144,33,1321,1e-05,
3823,triangle,457,1953,192,,294833.18022556766,6812475.609118723,6696.76708984375,170.2628078531479,169.72076004171555,120.2628078531479,119.72076004171555,33,1321,9.593490670004288e-06,
3824,triangle,429,1952,430,,294863.3422121382,6812050.975658022,2922.26123046875,165.377298988677,165.35555904778948,115.37729898867701,115.35555904778948,33,1321,1e-05,
3825,triangle,423,1949,1946,,294412.172744246,6812237.431795895,8933.80078125,182.78990764245086,180.42679420744003,132.78990764245088,130.42679420744,33,1321,1e-05,
3826,triangle,193,1953,1946,,294631.2281640584,6812391.498568755,21317.1240234375,185.0870273526177,183.32314633231658,135.0870273526177,133.32314633231655,33,1321,1e-05,
3827,triangle,769,1950,417,,294021.17937593017,6812024.721752661,5813.8251953125,181.72577403923503,180.76018069649925,131.725774039235,130.76018069649925,33,1321,1e-05,
3828,triangle,425,1947,426,,294571.6176734639,6812052.667739826,3112.62060546875,169.50338579413312,169.27070730458786,119.50338579413312,119.27070730458784,33,1321,1e-05,
3829,triangle,433,1945,434,,295162.5,6812137.5,4218.75,162.9749984741211,162.24166615804037,112.9749984741211,112.24166615804036,33,1321,1e-05,
3830,triangle,453,1945,454,,295162.5,6812287.5,4218.75,162.02499771118164,161.60832977294922,112.02499771118164,111.60832977294922,33,1321,1e-05,
3831,triangle,456,1948,457,,294934.7984826308,6812437.384091195,4231.78955078125,165.86991923750733,166.10893429490858,115.86991923750733,116.10893429490858,33,1321,1e-05,
3832,triangle,424,1947,425,,294521.6176734639,6812077.667739826,5544.609375,173.48371835873598,171.33737295400192,123.48371835873598,121.3373729540019,33,1321,1e-05,
3833,triangle,452,1945,453,,295212.5,6812262.5,5625.0,161.13055674235025,161.54166412353516,111.13055674235028,111.54166412353516,33,1321,1e-05,
3834,triangle,455,1948,456,,294984.7984826308,6812412.384091195,5941.9609375,163.0146917976458,165.80893124315077,113.01469179764582,115.80893124315077,33,1321,1e-05,
3835,triangle,1946,1947,424,,294522.929649953,6812160.439327274,11803.42578125,180.81028214128168,176.35560428643814,130.81028214128168,126.35560428643812,33,1321,1e-05,
3836,triangle,1944,1945,433,,295091.18051766657,6812173.460675879,9839.2001953125,168.23560288479337,167.28302962278642,118.23560288479337,117.2830296227864,33,1321,1e-05,
3837,triangle,454,1945,1944,,295091.18051766657,6812248.460675879,10012.375,168.4961042213157,166.6830286055338,118.49610422131569,116.6830286055338,33,1321,1e-05,
3838,triangle,422,1949,423,,294335.860767757,6812204.660208446,3336.7734375,178.0743076778082,177.97522852441784,128.0743076778082,127.97522852441784,33,1321,1e-05,
3839,triangle,1944,1948,455,,294988.47900029743,6812323.344767074,10374.810546875,172.87599197652318,170.18362804123015,122.87599197652318,120.18362804123016,33,1321,1e-05,
3840,triangle,431,1952,1944,,294942.0227298048,6812111.936333902,10486.29345703125,171.45784913917657,169.03025381136365,121.45784913917657,119.03025381136366,33,1321,1e-05,
3841,triangle,1948,1953,457,,294865.45500591723,6812415.5169122,8470.2841796875,175.04414861248483,172.9065918030584,125.04414861248483,122.9065918030584,33,1321,1e-05,
3842,triangle,1946,1949,768,,294414.3583042945,6812308.962161849,12103.46923828125,185.98598222993311,183.92949919199927,135.98598222993314,133.92949919199927,33,1321,9.796745335002144e-06,
3843,triangle,418,1950,419,,294099.3632293217,6811999.953625443,2878.91943359375,179.02197789553844,178.0615225037964,129.02197789553844,128.0615225037964,33,1321,1e-05,
3844,triangle,1943,1947,1946,,294626.3237142472,6812193.674178784,16871.7783203125,176.78204675484506,177.34260858401976,126.78204675484506,127.34260858401973,33,1321,1e-05,
3845,triangle,1946,1953,1943,,294685.36256406974,6812294.139259963,24495.2763671875,182.2658004427832,179.9695598048343,132.2658004427832,129.9695598048343,33,1321,1e-05,
3846,triangle,417,1950,418,,294049.3632293217,6811974.953625443,2807.28271484375,178.9053519510008,178.49485685438233,128.9053519510008,128.49485685438233,33,1321,1e-05,
3847,triangle,419,1950,420,,294124.3632293217,6812049.953625443,2884.13671875,177.9541262741749,177.59485278537193,127.95412627417491,127.59485278537193,33,1321,1e-05,
3848,triangle,434,1951,435,,295247.8741496599,6812122.874149661,2573.341796875,159.9825749410768,159.91507734646427,109.98257494107679,109.91507734646427,33,1321,1e-05,
3849,triangle,451,1951,452,,295297.8741496599,6812197.874149661,3290.81640625,160.47818116323947,160.1150793809695,110.47818116323948,110.11507938096948,33,1321,1e-05,
3850,triangle,1943,1948,1944,,294891.8730645917,6812256.579618583,17653.30029296875,180.16194923219865,174.70396770665027,130.16194923219865,124.70396770665029,33,1321,1e-05,
3851,triangle,1943,1953,1948,,294818.84907021147,6812323.751763709,17190.197265625,183.40501616150797,177.1269284167207,133.40501616150797,127.12692841672072,33,1321,1e-05,
3852,triangle,1945,1951,434,,295210.3741496599,6812160.374149661,5146.68359375,161.94924211637348,161.69007887234318,111.94924211637348,111.69007887234318,33,1321,1e-05,
3853,triangle,1944,1952,1943,,294870.4167940991,6812170.171185411,11357.74267578125,175.50250559536488,173.71726014345043,125.5025055953649,123.71726014345047,33,1321,1e-05,
3854,triangle,452,1951,1945,,295235.3741496599,6812210.374149661,4457.908203125,161.24674467012483,161.65674350450465,111.24674467012484,111.65674350450463,33,1321,1e-05,
3855,triangle,435,1954,436,,295312.1203838678,6812112.120383867,1363.54345703125,158.71312148645848,158.7131214864715,108.71312148645848,108.7131214864715,33,1321,1e-05,
3856,triangle,436,1954,451,,295337.1203838678,6812137.120383867,1448.95703125,158.94645888880223,158.94645888881524,108.94645888880223,108.94645888881524,33,1321,1e-05,
3857,triangle,1951,1954,435,,295284.9945335277,6812134.994533528,1363.54296875,159.52661320396132,159.56153318352168,109.52661320396133,109.5615331835217,33,1321,1e-05,
3858,triangle,451,1954,1951,,295309.9945335277,6812159.994533528,1448.95654296875,159.75995060630507,159.79487058586543,109.75995060630507,109.79487058586545,33,1321,1e-05,
3859,triangle,194,420,769,,294099.0412388928,6812160.87054044,14621.15625,182.96525797313726,180.77986421429924,132.96525797313726,130.77986421429924,33,1321,9.796745335002144e-06,
3860,triangle,769,417,195,,293938.41843120963,6811988.417914021,13241.17041015625,182.26450318098364,181.2759085023135,132.26450318098364,131.2759085023135,33,1321,9.39023600500643e-06,
3861,triangle,421,420,194,,294177.2250922844,6812186.102413222,6623.69873046875,179.66451743120365,177.5812060215964,129.66451743120368,127.5812060215964,33,1321,1e-05,
3862,triangle,195,416,196,,293867.75172273425,6811888.649786804,1464.998046875,179.9747962679233,179.8347223949238,129.9747962679233,129.83472239492383,18,2041,5.121888040051429e-06,
3863,triangle,417,416,195,,293916.6022846012,6811913.649786804,5292.84375,180.16131430879176,179.24391697627735,130.1613143087918,129.24391697627735,33,1321,8.983726675010714e-06,
