node_id,x,y,z_top,z_bottom
0,155512.5,6834937.5,93.66000366210938,43.660003662109375
1,155512.5,6851962.5,60.5,10.5
2,177187.5,6851962.5,84.0999984741211,34.099998474121094
3,177187.5,6834937.5,99.4000015258789,49.400001525878906
4,162965.8560439382,6840750.0,0.9687416743406021,-49.031258325659394
5,162975.0,6840750.0,0.8199999928474426,-49.18000000715256
6,163050.0,6840750.0,-2.7899999618530273,-52.78999996185303
7,163050.0,6840675.0,1.2400000095367432,-48.75999999046326
8,163050.0,6840600.0,3.0,-47.0
9,163050.0,6840564.173606394,3.492015905746693,-46.5079840942533
10,163050.0,6840525.0,4.03000020980835,-45.96999979019165
11,163125.0,6840450.0,4.03000020980835,-45.96999979019165
12,163125.0,6840375.0,4.78000020980835,-45.21999979019165
13,163125.0,6840300.0,6.610000133514404,-43.389999866485596
14,163125.0,6840225.0,8.880000114440918,-41.11999988555908
15,163125.0,6840151.410838386,11.274100427225099,-38.7258995727749
16,163125.0,6840150.0,11.319999694824219,-38.68000030517578
17,163125.0,6840075.0,16.450000762939453,-33.54999923706055
18,163200.0,6840000.0,19.350000381469727,-30.649999618530273
19,163275.0,6839925.0,23.0,-27.0
20,163350.0,6839850.0,28.170000076293945,-21.829999923706055
21,163425.0,6839775.0,31.3700008392334,-18.6299991607666
22,163500.0,6839700.0,36.33000183105469,-13.669998168945312
23,163500.0,6839625.0,38.0,-12.0
24,163500.0,6839550.0,40.61000061035156,-9.389999389648438
25,163575.0,6839475.0,46.290000915527344,-3.7099990844726562
26,163575.0,6839400.0,49.45000076293945,-0.5499992370605469
27,163625.9851586624,6839349.014841338,58.253180645980365,8.25318064598037
28,165062.7285907338,6840257.234082131,117.12324296361643,67.12324296361643
29,165701.908409756,6840718.416237115,82.35297663407906,32.35297663407906
30,166714.1018584293,6841448.53693257,122.14452862271146,72.14452862271146
31,168469.4237643023,6842429.142927284,94.9833653621437,44.983365362143694
32,168363.9847953886,6842625.0,40.52094772306221,-9.479052276937793
33,168338.5559039732,6842672.235175821,54.031237913526,4.031237913525991
34,169228.1552792609,6843121.844720739,82.65419505071307,32.654195050713064
35,171995.4584941542,6844520.458494154,33.90534002759628,-16.094659972403722
36,172167.5601594516,6844607.439840549,26.92185881867313,-23.07814118132687
37,173905.6380132112,6845485.876150835,95.97378328318773,45.97378328318773
38,172240.2481955752,6845391.798170835,82.17387155439874,32.173871554398744
39,171450.0,6845289.196011325,33.179397130916854,-16.820602869083146
40,171450.0,6845325.0,33.79999923706055,-16.200000762939453
41,171525.0,6845400.0,38.0,-12.0
42,171600.0,6845475.0,34.79999923706055,-15.200000762939453
43,171600.0,6845483.836968526,34.94139082337475,-15.058609176625247
44,170908.5139576598,6845218.891975708,83.32507365262495,33.32507365262495
45,170400.0,6844988.958599173,48.38920986814075,-1.6107901318592464
46,168225.0,6844005.49475038,27.26044983746049,-22.73955016253951
47,167758.7223318509,6843794.659242278,26.45547951209352,-23.54452048790648
48,167701.7644111464,6843945.11889981,39.945582093261336,-10.054417906738667
49,167400.0,6843851.084511312,14.66955901196465,-35.33044098803535
50,167400.0,6843900.0,14.800000190734863,-35.19999980926514
51,167325.0,6843975.0,15.100000381469727,-34.89999961853027
52,167325.0,6844050.0,14.399999618530273,-35.60000038146973
53,167250.0,6844125.0,17.799999237060547,-32.20000076293945
54,167175.0,6844200.0,19.899999618530273,-30.100000381469727
55,167175.0,6844275.0,26.5,-23.5
56,167100.0,6844350.0,24.0,-26.0
57,167100.0,6844425.0,27.700000762939453,-22.299999237060547
58,167100.0,6844500.0,33.5,-16.5
59,167100.0,6844575.0,32.400001525878906,-17.599998474121094
60,167100.0,6844650.0,32.400001525878906,-17.599998474121094
61,167100.0,6844725.0,29.5,-20.5
62,167100.0,6844798.793532824,29.893565133062115,-20.106434866937885
63,167100.0,6844800.0,29.899999618530273,-20.100000381469727
64,167100.0,6844875.0,33.900001525878906,-16.099998474121094
65,167100.0,6844950.0,41.20000076293945,-8.799999237060547
66,167100.0,6845025.0,42.5,-7.5
67,167025.0,6845100.0,37.599998474121094,-12.400001525878906
68,167025.0,6845175.0,40.599998474121094,-9.400001525878906
69,167100.0,6845250.0,39.79999923706055,-10.200000762939453
70,167175.0,6845325.0,42.79999923706055,-7.200000762939453
71,167250.0,6845325.0,36.20000076293945,-13.799999237060547
72,167325.0,6845400.0,41.79999923706055,-8.200000762939453
73,167400.0,6845475.0,46.29999923706055,-3.700000762939453
74,167475.0,6845475.0,41.29999923706055,-8.700000762939453
75,167475.0,6845550.0,46.5,-3.5
76,167475.0,6845625.0,45.599998474121094,-4.400001525878906
77,167550.0,6845700.0,58.400001525878906,8.400001525878906
78,167475.0,6845775.0,47.099998474121094,-2.9000015258789062
79,167475.0,6845850.0,47.900001525878906,-2.0999984741210938
80,167475.0,6845897.602466088,48.59817006002514,-1.401829939974856
81,167205.7365172338,6845649.398682244,77.03798320332231,27.037983203322312
82,166278.4593651581,6844853.736347417,74.88373443592582,24.8837344359258
83,166125.0,6844698.735287846,57.08600046506348,7.086000465063474
84,165509.8361200667,6844077.391304694,79.67529084612082,29.67529084612082
85,165150.0,6843895.000945956,60.08668882043256,10.086688820432562
86,164356.9651323243,6843493.034867676,55.64855906263159,5.648559062631587
87,163694.6383384636,6843157.320872339,93.2866033504239,43.2866033504239
88,162825.0,6842806.101606891,68.47495045958216,18.47495045958216
89,161570.3412167214,6842299.384829629,91.0046575905925,41.0046575905925
90,160878.9253324956,6842103.925332496,56.562281009274706,6.562281009274708
91,160800.0,6842081.613571727,55.23559452484676,5.235594524846761
92,160800.0,6842025.0,45.79999923706055,-4.200000762939453
93,160875.0,6841950.0,43.79999923706055,-6.200000762939453
94,160800.0,6841875.0,43.400001525878906,-6.599998474121094
95,160800.0,6841800.0,46.400001525878906,-3.5999984741210938
96,160725.0,6841725.0,45.09000015258789,-4.909999847412109
97,160800.0,6841650.0,42.900001525878906,-7.099998474121094
98,160800.0,6841575.0,35.970001220703125,-14.029998779296875
99,160800.0,6841500.0,34.720001220703125,-15.279998779296875
100,160800.0,6841425.0,34.77000045776367,-15.229999542236328
101,160875.0,6841350.0,35.040000915527344,-14.959999084472656
102,160875.0,6841275.0,31.049999237060547,-18.950000762939453
103,160800.0,6841200.0,31.25,-18.75
104,160875.0,6841125.0,28.709999084472656,-21.290000915527344
105,160950.0,6841050.0,27.25,-22.75
106,161025.0,6841050.0,27.3799991607666,-22.6200008392334
107,161100.0,6841050.0,24.309999465942383,-25.690000534057617
108,161175.0,6841050.0,21.200000762939453,-28.799999237060547
109,161180.3986576192,6841044.601342381,22.126658241942657,-27.873341758057343
110,161250.0,6840975.0,25.479999542236328,-24.520000457763672
111,161325.0,6840975.0,21.649999618530273,-28.350000381469727
112,161400.0,6841050.0,18.670000076293945,-31.329999923706055
113,161475.0,6841050.0,17.5,-32.5
114,161550.0,6841050.0,18.209999084472656,-31.790000915527344
115,161625.0,6841050.0,14.569999694824219,-35.43000030517578
116,161700.0,6841050.0,14.600000381469727,-35.39999961853027
117,161775.0,6841050.0,10.260000228881836,-39.739999771118164
118,161850.0,6840975.0,11.180000305175781,-38.81999969482422
119,161925.0,6840975.0,9.550000190734863,-40.44999980926514
120,162000.0,6840900.0,9.3100004196167,-40.6899995803833
121,162000.0,6840825.0,10.140000343322754,-39.859999656677246
122,162000.0,6840750.0,14.770000457763672,-35.22999954223633
123,162075.0,6840675.0,7.28000020980835,-42.71999979019165
124,162150.0,6840600.0,7.110000133514404,-42.889999866485596
125,162150.0,6840525.0,6.800000190734863,-43.19999980926514
126,162225.0,6840450.0,4.880000114440918,-45.11999988555908
127,162300.0,6840450.0,4.960000038146973,-45.03999996185303
128,162349.4474852305,6840400.552514769,4.98421098925855,-45.01578901074145
129,162375.0,6840375.0,4.840000152587891,-45.15999984741211
130,162412.5,6840337.5,4.802500128746033,-45.19749987125397
131,162450.0,6840300.0,4.380000114440918,-45.61999988555908
132,162525.0,6840300.0,-2.7899999618530273,-52.78999996185303
133,162600.0,6840375.0,0.2800000011920929,-49.71999999880791
134,162525.0,6840450.0,0.7400000095367432,-49.25999999046326
135,162600.0,6840525.0,-2.7899999618530273,-52.78999996185303
136,162600.0,6840556.210080885,-1.2919160942394419,-51.29191609423944
137,162833.2275932117,6840701.104413891,1.433211530411821,-48.56678846958818
138,167504.7221713791,6845925.0,50.46629409038557,0.4662940903855657
139,167475.0,6845925.0,49.0,-1.0
140,167550.0,6845925.0,52.70000076293945,2.700000762939453
141,167625.0,6846000.0,54.599998474121094,4.599998474121094
142,167700.0,6846000.0,58.0,8.0
143,167775.0,6846000.0,58.599998474121094,8.599998474121094
144,167850.0,6846075.0,60.29999923706055,10.299999237060547
145,167925.0,6846150.0,64.4000015258789,14.400001525878906
146,168000.0,6846150.0,63.79999923706055,13.799999237060547
147,168075.0,6846225.0,66.9000015258789,16.900001525878906
148,168150.0,6846225.0,65.9000015258789,15.900001525878906
149,168225.0,6846225.0,68.9000015258789,18.900001525878906
150,168300.0,6846300.0,66.5,16.5
151,168375.0,6846375.0,69.5999984741211,19.599998474121094
152,168450.0,6846375.0,69.4000015258789,19.400001525878906
153,168525.0,6846450.0,69.30000305175781,19.300003051757812
154,168600.0,6846525.0,70.5999984741211,20.599998474121094
155,168675.0,6846600.0,72.0999984741211,22.099998474121094
156,168750.0,6846675.0,71.4000015258789,21.400001525878906
157,168825.0,6846750.0,75.19999694824219,25.199996948242188
158,168900.0,6846825.0,79.0999984741211,29.099998474121094
159,168900.0,6846900.0,79.0,29.0
160,168900.0,6846975.0,79.5,29.5
161,168900.0,6847050.0,80.0999984741211,30.099998474121094
162,168975.0,6847125.0,81.69999694824219,31.699996948242188
163,168975.0,6847200.0,82.9000015258789,32.900001525878906
164,169050.0,6847275.0,82.80000305175781,32.80000305175781
165,169050.0,6847350.0,84.19999694824219,34.19999694824219
166,169050.0,6847425.0,84.5999984741211,34.599998474121094
167,169050.0,6847474.441866848,84.33630751170274,34.33630751170274
168,168576.8822227416,6846913.304016945,92.19419566541447,42.194195665414455
169,169187.3778365008,6847637.377836501,85.59927952782968,35.59927952782968
170,169125.0,6847575.0,84.5,34.5
171,169050.0,6847500.0,84.19999694824219,34.19999694824219
172,169200.0,6847650.0,85.30000305175781,35.30000305175781
173,169200.0,6847652.348260416,85.32505101953235,35.32505101953236
174,168300.0,6842625.0,38.900001525878906,-11.099998474121094
175,168225.0,6842700.0,35.5,-14.5
176,168225.0,6842775.0,35.29999923706055,-14.700000762939453
177,168150.0,6842850.0,37.099998474121094,-12.900001525878906
178,168150.0,6842925.0,32.70000076293945,-17.299999237060547
179,168150.0,6843000.0,33.599998474121094,-16.400001525878906
180,168150.0,6843075.0,32.20000076293945,-17.799999237060547
181,168150.0,6843150.0,31.0,-19.0
182,168225.0,6843225.0,28.600000381469727,-21.399999618530273
183,168190.2446247154,6843259.755375284,28.377348312815492,-21.622651687184508
184,168496.9865560256,6843450.166045194,59.585879874478465,9.585879874478465
185,168902.4490068991,6843747.550993101,25.156923227196636,-24.843076772803368
186,168975.0,6843675.0,28.049999237060547,-21.950000762939453
187,168975.0,6843600.0,32.68000030517578,-17.31999969482422
188,168975.0,6843525.0,36.79999923706055,-13.200000762939453
189,168975.0,6843450.0,42.70000076293945,-7.299999237060547
190,169050.0,6843375.0,50.599998474121094,0.5999984741210938
191,169050.0,6843300.0,57.099998474121094,7.099998474121094
192,169125.0,6843225.0,65.9000015258789,15.900001525878906
193,169200.0,6843150.0,75.5999984741211,25.599998474121094
194,165203.8498288483,6841457.429140589,8.984462052435921,-41.01553794756408
195,165290.9869416967,6841509.013058303,10.155346463060857,-39.84465353693915
196,166057.6461419457,6841962.864279759,32.41831700997879,-17.581682990021207
197,168065.6193094928,6843182.393960567,39.26760149817696,-10.732398501823042
198,168150.0,6843300.0,27.100000381469727,-22.899999618530273
199,168075.0,6843375.0,22.399999618530273,-27.600000381469727
200,168000.0,6843450.0,19.600000381469727,-30.399999618530273
201,168000.0,6843525.0,21.1200008392334,-28.8799991607666
202,168075.0,6843600.0,14.470000267028809,-35.52999973297119
203,168000.0,6843675.0,12.170000076293945,-37.829999923706055
204,168075.0,6843675.0,13.600000381469727,-36.39999961853027
205,168150.0,6843675.0,13.350000381469727,-36.64999961853027
206,168225.0,6843675.0,14.6899995803833,-35.3100004196167
207,168300.0,6843675.0,13.180000305175781,-36.81999969482422
208,168375.0,6843675.0,14.890000343322754,-35.109999656677246
209,168450.0,6843750.0,15.420000076293945,-34.579999923706055
210,168525.0,6843750.0,13.930000305175781,-36.06999969482422
211,168600.0,6843750.0,14.180000305175781,-35.81999969482422
212,168675.0,6843825.0,17.219999313354492,-32.78000068664551
213,168750.0,6843825.0,14.520000457763672,-35.47999954223633
214,168825.0,6843825.0,14.270000457763672,-35.72999954223633
215,168900.0,6843825.0,16.030000686645508,-33.96999931335449
216,168900.0,6843750.0,24.959999084472656,-25.040000915527344
217,165225.0,6841575.0,4.0,-46.0
218,165300.0,6841650.0,3.5999999046325684,-46.40000009536743
219,165375.0,6841725.0,4.75,-45.25
220,165375.0,6841800.0,4.480000019073486,-45.519999980926514
221,165450.0,6841875.0,4.53000020980835,-45.46999979019165
222,165450.0,6841950.0,4.070000171661377,-45.92999982833862
223,165525.0,6842025.0,4.440000057220459,-45.55999994277954
224,165600.0,6842100.0,5.670000076293945,-44.329999923706055
225,165675.0,6842025.0,5.960000038146973,-44.03999996185303
226,165750.0,6842100.0,3.4000000953674316,-46.59999990463257
227,165825.0,6842175.0,3.859999895095825,-46.140000104904175
228,165900.0,6842175.0,6.03000020980835,-43.96999979019165
229,165975.0,6842250.0,5.320000171661377,-44.67999982833862
230,166050.0,6842325.0,4.130000114440918,-45.86999988555908
231,166125.0,6842325.0,7.630000114440918,-42.36999988555908
232,166200.0,6842400.0,5.690000057220459,-44.30999994277954
233,166275.0,6842475.0,5.610000133514404,-44.389999866485596
234,166350.0,6842550.0,5.420000076293945,-44.579999923706055
235,166425.0,6842625.0,6.840000152587891,-43.15999984741211
236,166500.0,6842700.0,6.630000114440918,-43.36999988555908
237,166575.0,6842775.0,6.630000114440918,-43.36999988555908
238,166650.0,6842850.0,7.130000114440918,-42.86999988555908
239,166725.0,6842925.0,6.110000133514404,-43.889999866485596
240,166725.0,6843000.0,7.630000114440918,-42.36999988555908
241,166800.0,6843075.0,8.34000015258789,-41.65999984741211
242,166875.0,6843150.0,7.230000019073486,-42.769999980926514
243,166950.0,6843150.0,7.590000152587891,-42.40999984741211
244,167025.0,6843150.0,9.600000381469727,-40.39999961853027
245,167100.0,6843150.0,11.979999542236328,-38.02000045776367
246,167175.0,6843075.0,9.050000190734863,-40.94999980926514
247,167250.0,6843075.0,9.510000228881836,-40.489999771118164
248,167325.0,6843150.0,11.84000015258789,-38.15999984741211
249,167400.0,6843225.0,9.600000381469727,-40.39999961853027
250,167400.0,6843300.0,10.180000305175781,-39.81999969482422
251,167475.0,6843375.0,11.0600004196167,-38.9399995803833
252,167475.0,6843450.0,10.890000343322754,-39.109999656677246
253,167475.0,6843525.0,10.569999694824219,-39.43000030517578
254,167475.0,6843600.0,11.380000114440918,-38.61999988555908
255,167550.0,6843675.0,11.180000305175781,-38.81999969482422
256,167625.0,6843750.0,10.270000457763672,-39.72999954223633
257,167700.0,6843750.0,11.680000305175781,-38.31999969482422
258,167775.0,6843675.0,12.680000305175781,-37.31999969482422
259,167850.0,6843675.0,13.140000343322754,-36.859999656677246
260,167925.0,6843675.0,11.520000457763672,-38.47999954223633
261,167550.0,6843750.0,11.350000381469727,-38.64999961853027
262,167475.0,6843750.0,11.8100004196167,-38.1899995803833
263,167400.0,6843825.0,14.600000381469727,-35.39999961853027
264,168225.0,6843975.0,26.0,-24.0
265,168300.0,6843900.0,20.700000762939453,-29.299999237060547
266,168300.0,6843825.0,18.06999969482422,-31.93000030517578
267,168225.0,6843750.0,14.920000076293945,-35.079999923706055
268,166575.0,6842925.0,13.5,-36.5
269,166500.0,6843000.0,14.800000190734863,-35.19999980926514
270,166425.0,6843075.0,17.5,-32.5
271,166350.0,6843075.0,18.5,-31.5
272,166275.0,6843150.0,20.799999237060547,-29.200000762939453
273,166200.0,6843150.0,22.399999618530273,-27.600000381469727
274,166125.0,6843225.0,24.399999618530273,-25.600000381469727
275,166125.0,6843300.0,28.600000381469727,-21.399999618530273
276,166050.0,6843375.0,29.399999618530273,-20.600000381469727
277,166050.0,6843418.566151368,28.702941861402074,-21.297058138597926
278,166124.3435061617,6843453.570510651,38.91140230511828,-11.08859769488172
279,165450.0,6842025.0,6.110000133514404,-43.889999866485596
280,165375.0,6842100.0,8.4399995803833,-41.5600004196167
281,165300.0,6842175.0,11.100000381469727,-38.89999961853027
282,165225.0,6842175.0,13.199999809265137,-36.80000019073486
283,165150.0,6842250.0,14.899999618530273,-35.10000038146973
284,165075.0,6842325.0,16.899999618530273,-33.10000038146973
285,165000.0,6842325.0,18.899999618530273,-31.100000381469727
286,164925.0,6842325.0,20.899999618530273,-29.100000381469727
287,164850.0,6842400.0,22.299999237060547,-27.700000762939453
288,164775.0,6842475.0,25.299999237060547,-24.700000762939453
289,164775.0,6842550.0,26.200000762939453,-23.799999237060547
290,164775.0,6842625.0,29.899999618530273,-20.100000381469727
291,164700.0,6842700.0,30.799999237060547,-19.200000762939453
292,164645.9921547087,6842754.007845291,34.172193412260796,-15.827806587739213
293,164801.6087248886,6842830.765831261,56.137258390987036,6.137258390987035
294,165150.0,6841575.0,3.930000066757202,-46.0699999332428
295,165075.0,6841500.0,4.28000020980835,-45.71999979019165
296,165000.0,6841425.0,5.210000038146973,-44.78999996185303
297,164925.0,6841350.0,4.050000190734863,-45.94999980926514
298,164850.0,6841275.0,4.070000171661377,-45.92999982833862
299,164775.0,6841275.0,3.4200000762939453,-46.579999923706055
300,164700.0,6841275.0,4.5,-45.5
301,164625.0,6841200.0,0.05000000074505806,-49.94999999925494
302,164550.0,6841125.0,-0.27000001072883606,-50.270000010728836
303,164475.0,6841125.0,0.0,-50.0
304,164400.0,6841125.0,0.5799999833106995,-49.4200000166893
305,164325.0,6841125.0,4.650000095367432,-45.34999990463257
306,164250.0,6841050.0,0.20000000298023224,-49.79999999701977
307,164175.0,6841050.0,-0.15000000596046448,-50.150000005960464
308,164100.0,6841050.0,2.240000009536743,-47.75999999046326
309,164025.0,6841125.0,4.190000057220459,-45.80999994277954
310,163950.0,6841050.0,3.930000066757202,-46.0699999332428
311,163875.0,6840975.0,0.0,-50.0
312,163800.0,6840975.0,-0.4099999964237213,-50.40999999642372
313,163725.0,6840975.0,4.650000095367432,-45.34999990463257
314,163650.0,6840900.0,5.210000038146973,-44.78999996185303
315,163575.0,6840900.0,1.0399999618530273,-48.96000003814697
316,163575.0,6840975.0,4.360000133514404,-45.639999866485596
317,163575.0,6841050.0,5.480000019073486,-44.519999980926514
318,163500.0,6841125.0,6.630000114440918,-43.36999988555908
319,163500.0,6841200.0,9.180000305175781,-40.81999969482422
320,163575.0,6841275.0,11.430000305175781,-38.56999969482422
321,163575.0,6841350.0,14.890000343322754,-35.109999656677246
322,163500.0,6841425.0,18.399999618530273,-31.600000381469727
323,163500.0,6841500.0,14.770000457763672,-35.22999954223633
324,163500.0,6841575.0,16.889999389648438,-33.11000061035156
325,163500.0,6841650.0,20.520000457763672,-29.479999542236328
326,163425.0,6841725.0,29.25,-20.75
327,163350.0,6841800.0,24.360000610351562,-25.639999389648438
328,163275.0,6841800.0,26.540000915527344,-23.459999084472656
329,163200.0,6841875.0,30.299999237060547,-19.700000762939453
330,163125.0,6841875.0,30.31999969482422,-19.68000030517578
331,163050.0,6841950.0,34.36000061035156,-15.639999389648438
332,163038.7603879426,6841961.239612058,37.44025651869929,-12.559743481300709
333,163218.4771453941,6840825.0,0.16777610563850587,-49.83222389436149
334,163275.0,6840825.0,2.700000047683716,-47.299999952316284
335,163350.0,6840825.0,5.130000114440918,-44.86999988555908
336,163425.0,6840900.0,4.480000019073486,-45.519999980926514
337,163500.0,6840900.0,-0.15000000596046448,-50.150000005960464
338,163233.850748485,6840848.800506838,2.5136881395909016,-47.4863118604091
339,162900.0,6840750.0,2.0399999618530273,-47.96000003814697
340,162825.0,6840750.0,-2.7899999618530273,-52.78999996185303
341,162750.0,6840675.0,1.8899999856948853,-48.110000014305115
342,162675.0,6840675.0,0.3100000023841858,-49.689999997615814
343,162600.0,6840600.0,0.8100000023841858,-49.189999997615814
344,163200.0,6840825.0,-0.6600000262260437,-50.660000026226044
345,163125.0,6840750.0,3.0,-47.0
346,160875.0,6842100.0,55.70000076293945,5.700000762939453
347,162825.0,6842775.0,67.94000244140625,17.94000244140625
348,162750.0,6842700.0,62.58000183105469,12.580001831054688
349,162750.0,6842625.0,59.220001220703125,9.220001220703125
350,162750.0,6842550.0,57.5,7.5
351,162750.0,6842475.0,55.5,5.5
352,162825.0,6842400.0,52.68000030517578,2.6800003051757812
353,162825.0,6842325.0,50.61000061035156,0.6100006103515625
354,162750.0,6842250.0,60.220001220703125,10.220001220703125
355,162825.0,6842175.0,49.43000030517578,-0.5699996948242188
356,162825.0,6842100.0,42.84000015258789,-7.159999847412109
357,162900.0,6842025.0,39.220001220703125,-10.779998779296875
358,162975.0,6842025.0,39.45000076293945,-10.549999237060547
359,172050.0,6844575.0,29.700000762939453,-20.299999237060547
360,172125.0,6844650.0,25.899999618530273,-24.100000381469727
361,169110.3019880461,6843900.0,15.113959933902365,-34.886040066097635
362,169125.0,6843900.0,14.819999694824219,-35.18000030517578
363,169200.0,6843900.0,14.710000038146973,-35.28999996185303
364,169275.0,6843900.0,15.470000267028809,-34.52999973297119
365,169350.0,6843900.0,14.75,-35.25
366,169425.0,6843975.0,18.040000915527344,-31.959999084472656
367,169500.0,6843975.0,14.720000267028809,-35.27999973297119
368,169575.0,6844050.0,16.520000457763672,-33.47999954223633
369,169650.0,6844050.0,16.969999313354492,-33.03000068664551
370,169725.0,6844050.0,16.0,-34.0
371,169800.0,6844050.0,16.8700008392334,-33.1299991607666
372,169875.0,6844050.0,19.40999984741211,-30.59000015258789
373,169950.0,6844050.0,15.300000190734863,-34.69999980926514
374,170025.0,6844050.0,17.700000762939453,-32.29999923706055
375,170100.0,6844125.0,19.100000381469727,-30.899999618530273
376,170175.0,6844200.0,19.0,-31.0
377,170250.0,6844275.0,18.899999618530273,-31.100000381469727
378,170325.0,6844350.0,17.200000762939453,-32.79999923706055
379,170400.0,6844425.0,17.0,-33.0
380,170400.0,6844500.0,21.299999237060547,-28.700000762939453
381,170475.0,6844575.0,18.5,-31.5
382,170550.0,6844650.0,20.0,-30.0
383,170625.0,6844650.0,19.5,-30.5
384,170700.0,6844650.0,20.700000762939453,-29.299999237060547
385,170775.0,6844725.0,22.5,-27.5
386,170850.0,6844725.0,21.299999237060547,-28.700000762939453
387,170925.0,6844725.0,19.5,-30.5
388,171000.0,6844725.0,22.0,-28.0
389,171075.0,6844800.0,21.299999237060547,-28.700000762939453
390,171150.0,6844800.0,20.0,-30.0
391,171225.0,6844800.0,23.0,-27.0
392,171300.0,6844875.0,23.899999618530273,-26.100000381469727
393,171375.0,6844875.0,22.299999237060547,-27.700000762939453
394,171450.0,6844875.0,22.100000381469727,-27.899999618530273
395,171525.0,6844875.0,21.899999618530273,-28.100000381469727
396,171600.0,6844875.0,21.5,-28.5
397,171675.0,6844875.0,22.399999618530273,-27.600000381469727
398,171750.0,6844875.0,22.899999618530273,-27.100000381469727
399,171825.0,6844950.0,23.5,-26.5
400,171900.0,6844950.0,22.899999618530273,-27.100000381469727
401,171975.0,6844950.0,23.200000762939453,-26.799999237060547
402,172050.0,6844875.0,22.0,-28.0
403,172050.0,6844800.0,23.5,-26.5
404,172050.0,6844725.0,24.899999618530273,-25.100000381469727
405,171450.0,6844950.0,31.799999237060547,-18.200000762939453
406,171450.0,6845025.0,31.0,-19.0
407,171450.0,6845100.0,31.0,-19.0
408,171450.0,6845175.0,31.0,-19.0
409,171450.0,6845250.0,32.5,-17.5
410,170550.0,6844725.0,28.0,-22.0
411,170475.0,6844800.0,34.599998474121094,-15.400001525878906
412,170416.773361504,6844858.226638496,42.02431280286873,-7.9756871971312755
413,169050.0,6843900.0,16.31999969482422,-33.68000030517578
414,168975.0,6843825.0,17.56999969482422,-32.43000030517578
415,170400.0,6844950.0,42.0,-8.0
416,170400.0,6844875.0,36.0,-14.0
417,164400.0,6843450.0,46.900001525878906,-3.0999984741210938
418,164400.0,6843375.0,45.70000076293945,-4.299999237060547
419,164325.0,6843300.0,47.599998474121094,-2.4000015258789062
420,164325.0,6843225.0,43.5,-6.5
421,164400.0,6843150.0,37.20000076293945,-12.799999237060547
422,164475.0,6843075.0,36.599998474121094,-13.400001525878906
423,164475.0,6843000.0,37.900001525878906,-12.099998474121094
424,164550.0,6842925.0,36.599998474121094,-13.400001525878906
425,164550.0,6842850.0,33.400001525878906,-16.599998474121094
426,164625.0,6842775.0,32.599998474121094,-17.400001525878906
427,165150.0,6843825.0,58.5,8.5
428,165225.0,6843750.0,63.20000076293945,13.200000762939453
429,165300.0,6843750.0,54.099998474121094,4.099998474121094
430,165375.0,6843675.0,50.20000076293945,0.20000076293945312
431,165450.0,6843675.0,47.599998474121094,-2.4000015258789062
432,165525.0,6843675.0,43.79999923706055,-6.200000762939453
433,165600.0,6843675.0,47.099998474121094,-2.9000015258789062
434,165675.0,6843675.0,44.20000076293945,-5.799999237060547
435,165750.0,6843600.0,41.20000076293945,-8.799999237060547
436,165825.0,6843600.0,39.400001525878906,-10.599998474121094
437,165900.0,6843525.0,34.400001525878906,-15.599998474121094
438,165975.0,6843525.0,32.599998474121094,-17.400001525878906
439,166050.0,6843450.0,28.200000762939453,-21.799999237060547
440,166128.1476850751,6844353.147685075,51.60557412559662,1.6055741255966236
441,166125.0,6844350.0,50.900001525878906,0.9000015258789062
442,166200.0,6844275.0,52.79999923706055,2.799999237060547
443,166200.0,6844200.0,45.400001525878906,-4.599998474121094
444,166200.0,6844125.0,42.599998474121094,-7.400001525878906
445,166200.0,6844050.0,42.5,-7.5
446,166125.0,6843975.0,43.20000076293945,-6.799999237060547
447,166125.0,6843900.0,40.400001525878906,-9.599998474121094
448,166125.0,6843825.0,38.599998474121094,-11.400001525878906
449,166125.0,6843750.0,35.70000076293945,-14.299999237060547
450,166125.0,6843675.0,34.29999923706055,-15.700000762939453
451,166125.0,6843600.0,38.599998474121094,-11.400001525878906
452,166050.0,6843525.0,31.0,-19.0
453,166440.7619564775,6844492.568302149,76.0966526035634,26.096652603563392
454,166125.0,6844650.0,60.400001525878906,10.400001525878906
455,166125.0,6844575.0,58.20000076293945,8.200000762939453
456,166200.0,6844500.0,55.900001525878906,5.900001525878906
457,166200.0,6844425.0,52.0,2.0
458,166350.0,6839250.0,136.10000610351562,86.10000610351562
459,166425.0,6839325.0,131.8000030517578,81.80000305175781
460,166500.0,6839325.0,129.1999969482422,79.19999694824219
461,166575.0,6839325.0,126.4000015258789,76.4000015258789
462,166650.0,6839400.0,124.0,74.0
463,166725.0,6839475.0,120.4000015258789,70.4000015258789
464,166800.0,6839475.0,118.0,68.0
465,166875.0,6839475.0,116.69999694824219,66.69999694824219
466,166950.0,6839550.0,113.5999984741211,63.599998474121094
467,167025.0,6839550.0,111.69999694824219,61.69999694824219
468,167100.0,6839550.0,111.80000305175781,61.80000305175781
469,167175.0,6839550.0,109.30000305175781,59.30000305175781
470,167250.0,6839550.0,107.19999694824219,57.19999694824219
471,167325.0,6839550.0,106.0,56.0
472,167400.0,6839550.0,104.80000305175781,54.80000305175781
473,167475.0,6839625.0,102.69999694824219,52.69999694824219
474,167550.0,6839700.0,99.19999694824219,49.19999694824219
475,167625.0,6839775.0,96.9000015258789,46.900001525878906
476,167625.0,6839850.0,95.80000305175781,45.80000305175781
477,167625.0,6839925.0,94.5999984741211,44.599998474121094
478,167625.0,6840000.0,92.30000305175781,42.30000305175781
479,167625.0,6840075.0,91.69999694824219,41.69999694824219
480,167625.0,6840150.0,90.4000015258789,40.400001525878906
481,167625.0,6840225.0,88.9000015258789,38.900001525878906
482,167625.0,6840300.0,87.30000305175781,37.30000305175781
483,167625.0,6840375.0,85.5999984741211,35.599998474121094
484,167625.0,6840450.0,85.19999694824219,35.19999694824219
485,167625.0,6840525.0,84.19999694824219,34.19999694824219
486,167700.0,6840600.0,83.0999984741211,33.099998474121094
487,167775.0,6840675.0,81.80000305175781,31.800003051757812
488,167850.0,6840750.0,79.5,29.5
489,167925.0,6840825.0,79.4000015258789,29.400001525878906
490,168000.0,6840825.0,78.0,28.0
491,168075.0,6840825.0,77.0,27.0
492,168150.0,6840825.0,77.0,27.0
493,168225.0,6840825.0,76.4000015258789,26.400001525878906
494,168300.0,6840825.0,75.19999694824219,25.199996948242188
495,168375.0,6840900.0,73.9000015258789,23.900001525878906
496,168450.0,6840900.0,73.19999694824219,23.199996948242188
497,168525.0,6840975.0,71.9000015258789,21.900001525878906
498,168600.0,6840975.0,72.19999694824219,22.199996948242188
499,168675.0,6841050.0,71.19999694824219,21.199996948242188
500,168750.0,6841125.0,68.30000305175781,18.300003051757812
501,168825.0,6841200.0,69.30000305175781,19.300003051757812
502,168825.0,6841275.0,67.0999984741211,17.099998474121094
503,168825.0,6841350.0,67.19999694824219,17.199996948242188
504,168900.0,6841425.0,65.69999694824219,15.699996948242188
505,168075.0,6839400.0,111.69999694824219,61.69999694824219
506,168075.0,6839475.0,109.69999694824219,59.69999694824219
507,168075.0,6839550.0,107.30000305175781,57.30000305175781
508,168075.0,6839625.0,104.80000305175781,54.80000305175781
509,168075.0,6839700.0,101.9000015258789,51.900001525878906
510,168075.0,6839775.0,99.30000305175781,49.30000305175781
511,168150.0,6839850.0,96.30000305175781,46.30000305175781
512,168150.0,6839925.0,94.5,44.5
513,168225.0,6840000.0,92.19999694824219,42.19999694824219
514,168300.0,6840075.0,90.80000305175781,40.80000305175781
515,168300.0,6840150.0,88.5,38.5
516,168300.0,6840225.0,86.69999694824219,36.69999694824219
517,168300.0,6840300.0,85.4000015258789,35.400001525878906
518,168300.0,6840375.0,83.5999984741211,33.599998474121094
519,168300.0,6840450.0,82.0999984741211,32.099998474121094
520,168300.0,6840525.0,80.80000305175781,30.800003051757812
521,168300.0,6840600.0,78.80000305175781,28.800003051757812
522,168300.0,6840675.0,77.69999694824219,27.699996948242188
523,168300.0,6840750.0,76.0,26.0
524,167025.0,6840450.0,94.0999984741211,44.099998474121094
525,167100.0,6840450.0,92.69999694824219,42.69999694824219
526,167175.0,6840450.0,91.0999984741211,41.099998474121094
527,167250.0,6840450.0,88.69999694824219,38.69999694824219
528,167325.0,6840450.0,88.5,38.5
529,167400.0,6840450.0,87.0,37.0
530,167475.0,6840450.0,86.4000015258789,36.400001525878906
531,167550.0,6840525.0,85.30000305175781,35.30000305175781
532,168375.0,6840600.0,79.0999984741211,29.099998474121094
533,170100.0,6841125.0,130.0,80.0
534,170025.0,6841125.0,127.69999694824219,77.69999694824219
535,169950.0,6841125.0,124.4000015258789,74.4000015258789
536,169875.0,6841125.0,121.19999694824219,71.19999694824219
537,169800.0,6841125.0,117.0,67.0
538,169725.0,6841125.0,113.19999694824219,63.19999694824219
539,169650.0,6841125.0,109.5,59.5
540,169575.0,6841125.0,106.0999984741211,56.099998474121094
541,169500.0,6841200.0,103.5,53.5
542,169425.0,6841200.0,99.80000305175781,49.80000305175781
543,169350.0,6841200.0,88.0,38.0
544,169275.0,6841200.0,82.30000305175781,32.30000305175781
545,169200.0,6841275.0,76.9000015258789,26.900001525878906
546,169125.0,6841275.0,74.9000015258789,24.900001525878906
547,169050.0,6841350.0,71.9000015258789,21.900001525878906
548,168975.0,6841425.0,68.5999984741211,18.599998474121094
549,172275.0,6842025.0,139.10000610351562,89.10000610351562
550,172275.0,6842100.0,136.60000610351562,86.60000610351562
551,172275.0,6842175.0,134.6999969482422,84.69999694824219
552,172275.0,6842250.0,133.10000610351562,83.10000610351562
553,172275.0,6842325.0,130.6999969482422,80.69999694824219
554,172275.0,6842400.0,128.6999969482422,78.69999694824219
555,172275.0,6842475.0,126.80000305175781,76.80000305175781
556,172275.0,6842550.0,124.0999984741211,74.0999984741211
557,172275.0,6842625.0,121.9000015258789,71.9000015258789
558,172200.0,6842700.0,119.80000305175781,69.80000305175781
559,172200.0,6842775.0,118.0,68.0
560,172200.0,6842850.0,114.0999984741211,64.0999984741211
561,172200.0,6842925.0,112.69999694824219,62.69999694824219
562,172200.0,6843000.0,112.0999984741211,62.099998474121094
563,172200.0,6843075.0,110.19999694824219,60.19999694824219
564,172200.0,6843150.0,98.69999694824219,48.69999694824219
565,172275.0,6843225.0,95.4000015258789,45.400001525878906
566,172725.0,6843000.0,117.0999984741211,67.0999984741211
567,172650.0,6843000.0,113.69999694824219,63.69999694824219
568,172575.0,6843075.0,110.5999984741211,60.599998474121094
569,172500.0,6843075.0,108.19999694824219,58.19999694824219
570,172425.0,6843150.0,104.5999984741211,54.599998474121094
571,172350.0,6843150.0,100.4000015258789,50.400001525878906
572,172575.0,6846300.0,69.4000015258789,19.400001525878906
573,172575.0,6846225.0,70.5999984741211,20.599998474121094
574,172575.0,6846150.0,69.0,19.0
575,172500.0,6846075.0,65.0,15.0
576,172425.0,6846000.0,60.0,10.0
577,172350.0,6846000.0,56.599998474121094,6.599998474121094
578,172275.0,6846000.0,59.400001525878906,9.400001525878906
579,172200.0,6846000.0,58.70000076293945,8.700000762939453
580,172125.0,6846000.0,40.099998474121094,-9.900001525878906
581,172050.0,6845925.0,53.70000076293945,3.700000762939453
582,171975.0,6846000.0,53.5,3.5
583,171900.0,6846000.0,48.400001525878906,-1.5999984741210938
584,171825.0,6845925.0,46.5,-3.5
585,171750.0,6845925.0,44.5,-5.5
586,171675.0,6845850.0,43.20000076293945,-6.799999237060547
587,171600.0,6845775.0,42.099998474121094,-7.900001525878906
588,170700.0,6846525.0,64.5,14.5
589,170775.0,6846525.0,64.9000015258789,14.900001525878906
590,170850.0,6846525.0,63.79999923706055,13.799999237060547
591,170925.0,6846450.0,62.70000076293945,12.700000762939453
592,171000.0,6846375.0,61.70000076293945,11.700000762939453
593,171075.0,6846375.0,59.400001525878906,9.400001525878906
594,171150.0,6846375.0,59.900001525878906,9.900001525878906
595,171225.0,6846300.0,55.599998474121094,5.599998474121094
596,171300.0,6846225.0,57.099998474121094,7.099998474121094
597,171375.0,6846150.0,56.400001525878906,6.400001525878906
598,171375.0,6846075.0,49.900001525878906,-0.09999847412109375
599,171450.0,6846000.0,48.400001525878906,-1.5999984741210938
600,171450.0,6845925.0,48.900001525878906,-1.0999984741210938
601,171525.0,6845850.0,44.099998474121094,-5.900001525878906
602,171300.0,6846825.0,65.5,15.5
603,171225.0,6846750.0,64.9000015258789,14.900001525878906
604,171225.0,6846675.0,62.400001525878906,12.400001525878906
605,171225.0,6846600.0,65.30000305175781,15.300003051757812
606,171150.0,6846525.0,59.29999923706055,9.299999237060547
607,171075.0,6846450.0,64.19999694824219,14.199996948242188
608,167100.0,6847050.0,80.9000015258789,30.900001525878906
609,167100.0,6846975.0,79.69999694824219,29.699996948242188
610,167100.0,6846900.0,81.19999694824219,31.199996948242188
611,167175.0,6846825.0,76.5999984741211,26.599998474121094
612,167175.0,6846750.0,77.0999984741211,27.099998474121094
613,167250.0,6846675.0,77.0,27.0
614,167250.0,6846600.0,71.19999694824219,21.199996948242188
615,166650.0,6847200.0,83.80000305175781,33.80000305175781
616,166725.0,6847125.0,83.80000305175781,33.80000305175781
617,166800.0,6847050.0,83.30000305175781,33.30000305175781
618,166800.0,6846975.0,81.5999984741211,31.599998474121094
619,166800.0,6846900.0,80.9000015258789,30.900001525878906
620,166800.0,6846825.0,80.19999694824219,30.199996948242188
621,166875.0,6846750.0,79.5,29.5
622,166950.0,6846750.0,81.30000305175781,31.300003051757812
623,167025.0,6846675.0,82.19999694824219,32.19999694824219
624,167100.0,6846600.0,78.19999694824219,28.199996948242188
625,167175.0,6846600.0,76.0999984741211,26.099998474121094
626,171900.0,6847575.0,75.4000015258789,25.400001525878906
627,171900.0,6847500.0,74.5,24.5
628,171975.0,6847425.0,72.0,22.0
629,171975.0,6847350.0,71.30000305175781,21.300003051757812
630,171975.0,6847275.0,70.80000305175781,20.800003051757812
631,171975.0,6847200.0,69.9000015258789,19.900001525878906
632,171975.0,6847125.0,69.5999984741211,19.599998474121094
633,172050.0,6847050.0,70.30000305175781,20.300003051757812
634,171975.0,6846975.0,71.5999984741211,21.599998474121094
635,172050.0,6846900.0,69.0999984741211,19.099998474121094
636,172050.0,6846825.0,63.099998474121094,13.099998474121094
637,172050.0,6846750.0,63.5,13.5
638,172050.0,6846675.0,64.5999984741211,14.599998474121094
639,172050.0,6846600.0,59.70000076293945,9.700000762939453
640,172125.0,6846525.0,66.0,16.0
641,172050.0,6846450.0,64.5,14.5
642,172050.0,6846375.0,60.400001525878906,10.400001525878906
643,171975.0,6846300.0,61.29999923706055,11.299999237060547
644,171900.0,6846300.0,55.70000076293945,5.700000762939453
645,171825.0,6846225.0,50.79999923706055,0.7999992370605469
646,171825.0,6846150.0,48.70000076293945,-1.2999992370605469
647,171750.0,6846075.0,54.0,4.0
648,171750.0,6846000.0,47.5,-2.5
649,161440.6969675198,6839836.030247936,5.066865914526741,-44.93313408547327
650,161685.161127146,6839987.859799238,7.651791873648448,-42.348208126351544
651,163008.5032124199,6840499.930723922,4.320836731129718,-45.67916326887029
652,162268.8190517224,6839628.295192854,21.351864597016117,-28.648135402983883
653,159007.549727249,6840028.364817633,90.45759387734205,40.457593877342056
654,160092.2574922929,6840507.874924337,87.4971942343602,37.497194234360194
655,158317.6252666311,6841399.804006649,100.55128325607257,50.55128325607255
656,158557.0743114004,6841447.550720114,103.18111267070056,53.18111267070056
657,167271.5184901605,6844878.466254584,76.05192145499134,26.05192145499134
658,167152.7886652997,6845127.357599337,57.95193967572973,7.951939675729731
659,167679.3089272956,6845496.703250574,75.1016956900537,25.10169569005371
660,170370.212411267,6847334.451959163,104.17593291466463,54.17593291466462
661,170814.909168376,6847331.986395848,88.99495398380382,38.99495398380381
662,173324.5278164614,6848070.178266599,93.30675918791943,43.30675918791943
663,173663.2527096724,6848122.748307008,87.07587779301365,37.07587779301364
664,174226.2590612851,6846273.69922682,86.51462894867856,36.51462894867856
665,172325.6600943259,6845761.87585392,76.34643285592176,26.346432855921776
666,170223.0863587344,6849426.68896623,96.81308483123668,46.81308483123668
667,170172.8328761961,6849267.892983587,99.83598109344774,49.83598109344774
668,170008.455212325,6848908.242302496,99.75107948365536,49.75107948365537
669,169518.0257886347,6848029.540401201,95.4404005510331,45.44040055103308
670,162515.5686643792,6838675.928341433,86.67108901532643,36.67108901532644
671,162584.0551177021,6838711.08772679,98.85500541086105,48.85500541086105
672,162757.8560446911,6838800.237970532,104.9043895023185,54.90438950231849
673,155512.5,6836829.166666667,-2.7899999618530273,-52.78999996185303
674,155512.5,6838720.833333333,70.76222398547364,20.76222398547364
675,155512.5,6840612.5,59.350001017252694,9.35000101725269
676,155512.5,6842504.166666667,101.58889134726834,51.58889134726836
677,155512.5,6844395.833333333,96.16666878594046,46.166668785940445
678,155512.5,6846287.5,82.91666920979817,32.91666920979818
679,155512.5,6848179.166666667,64.07777637905379,14.077776379053791
680,155512.5,6850070.833333333,64.29999902512547,14.299999025125473
681,157482.9545454546,6851962.5,53.722727688876006,3.7227276888760086
682,159453.4090909091,6851962.5,73.1909106861463,23.190910686146285
683,161423.8636363636,6851962.5,79.99091165715961,29.9909116571596
684,163394.3181818182,6851962.5,82.7090939608484,32.709093960848406
685,165364.7727272727,6851962.5,93.6909117265179,43.69091172651789
686,167335.2272727273,6851962.5,88.96363483775718,38.96363483775718
687,169305.6818181818,6851962.5,91.88181998512955,41.88181998512955
688,171276.1363636364,6851962.5,64.66818237304832,14.668182373048325
689,173246.5909090909,6851962.5,98.61363497647372,48.613634976473705
690,175217.0454545455,6851962.5,91.89545371315774,41.89545371315772
691,177187.5,6850070.833333333,114.61111068726166,64.61111068726166
692,177187.5,6848179.166666667,82.5111139085715,32.511113908571495
693,177187.5,6846287.5,66.01666386922199,16.016663869221986
694,177187.5,6844395.833333333,108.81110805938636,58.81110805938635
695,177187.5,6842504.166666667,127.35555648803133,77.35555648803133
696,177187.5,6840612.5,57.91666603088376,7.9166660308837535
697,177187.5,6838720.833333333,111.12222374808044,61.12222374808045
698,177187.5,6836829.166666667,126.61666403877278,76.61666403877278
699,175217.0454545454,6834937.5,99.89545371315626,49.89545371315624
700,173246.5909090909,6834937.5,76.9000015258789,26.900001525878906
701,171276.1363636364,6834937.5,51.45454441417574,1.4545444141757427
702,169305.6818181818,6834937.5,59.52727317810034,9.527273178100334
703,167335.2272727273,6834937.5,48.627273386176846,-1.3727266138231553
704,165364.7727272727,6834937.5,75.03636585582234,25.036365855822332
705,163394.3181818182,6834937.5,107.94090964577481,57.94090964577481
706,161423.8636363636,6834937.5,101.0272747386583,51.027274738658306
707,159453.4090909091,6834937.5,112.43636668812134,62.436366688121346
708,157482.9545454545,6834937.5,111.37272782759291,61.37272782759291
709,163913.3338450767,6839530.658689496,95.11980709644313,45.11980709644315
710,164200.682531491,6839712.302537655,100.4308377950058,50.43083779500579
711,164488.0312179053,6839893.946385814,101.38489458158827,51.384894581588284
712,164775.3799043196,6840075.590233972,111.34991788157302,61.34991788157302
713,165335.124835509,6840453.773903064,106.97982656221932,56.979826562219316
714,166208.0051340926,6841083.476584842,103.41470416623531,53.414704166235325
715,167264.6942736128,6841756.123946193,118.9699053496652,68.96990534966521
716,167786.4919417491,6842047.624849639,124.58319749455987,74.58319749455988
717,168177.6506445321,6842266.144636552,117.92506423183536,67.92506423183536
718,168635.0890290691,6842822.105024127,100.15053642819568,50.15053642819568
719,168931.622154165,6842971.974872433,106.81112616031609,56.811126160316086
720,169504.8856007502,6843261.706098081,102.0381979995342,52.0381979995342
721,169781.6159222395,6843401.567475422,101.97351319084689,51.97351319084687
722,170058.3462437289,6843541.428852763,70.96278317745254,20.962783177452522
723,170335.0765652182,6843681.290230105,69.05118640488826,19.05118640488825
724,170611.8068867075,6843821.151607446,85.5025002508173,35.502500250817306
725,170888.5372081969,6843961.012984788,94.22791281955055,44.22791281955056
726,171165.2675296862,6844100.87436213,97.28816813208054,47.28816813208054
727,171441.9978511755,6844240.73573947,99.88581361780737,49.885813617807386
728,171718.7281726649,6844380.597116812,78.9154062078784,28.91540620787841
729,172457.2398017448,6844753.845892263,58.795939366996734,8.795939366996729
730,172746.9194440381,6844900.251943978,90.96501308932946,40.96501308932946
731,173036.5990863314,6845046.657995692,91.36457587929064,41.36457587929064
732,173326.2787286247,6845193.064047406,80.45682243578104,30.45682243578104
733,173615.9583709179,6845339.47009912,88.92239825725375,38.92239825725375
734,173623.0411890081,6845469.912237706,94.37877153865965,44.378771538659656
735,173313.3279745699,6845452.416517913,94.01075785219234,44.01075785219234
736,172922.366623804,6845430.331085573,92.77575691897655,42.77575691897656
737,172537.0628658358,6845408.565251021,93.71759272782455,43.71759272782455
738,171976.8321303835,6845357.597450999,74.87430674185767,24.874306741857673
739,171713.4160651917,6845323.396731162,65.45423810535613,15.454238105356126
740,171369.5046525533,6845395.52197092,57.17715891208983,7.177158912089832
741,171139.0093051066,6845307.206973314,74.48782827761191,24.48782827761191
742,170654.2569788299,6845103.92528744,78.4992966180791,28.499296618079104
743,170128.125,6844866.025618074,71.88386403913239,21.88386403913239
744,169856.25,6844743.092636975,68.74035770190463,18.740357701904635
745,169584.375,6844620.159655876,85.55101321242351,35.551013212423506
746,169312.5,6844497.226674776,80.59630076357867,30.59630076357866
747,169040.625,6844374.293693677,75.63376427576323,25.63376427576323
748,168768.75,6844251.360712578,68.14737727984533,18.14737727984534
749,168496.875,6844128.427731479,55.08105910450999,5.081059104509991
750,167991.8611659255,6843900.076996329,58.39449970741546,8.394499707415463
751,167340.3682586169,6845773.500574166,67.99728179319459,17.99728179319457
752,166996.9133777911,6845470.215245746,78.47569783477729,28.47569783477729
753,166748.0649808795,6845256.687611574,79.54658273985241,29.546582739852404
754,166487.1011550179,6845032.764174525,83.45712112864003,33.45712112864003
755,165919.9453733556,6844491.620626795,77.60891045380815,27.608910453808154
756,165714.8907467111,6844284.505965745,84.49384748483519,34.49384748483517
757,165329.9180600333,6843986.196125325,80.73760536204948,30.73760536204947
758,164885.6550441081,6843761.012253196,82.0703231794019,32.070323179401896
759,164621.3100882162,6843627.023560436,71.26902750954463,21.269027509544625
760,164136.1895343708,6843381.130202563,74.18698855175828,24.18698855175827
761,163915.4139364172,6843269.225537452,86.15083340608771,36.15083340608772
762,163404.7588923091,6843040.247783856,94.86047802504669,44.86047802504669
763,163114.8794461545,6842923.174695374,87.32716376377431,37.32716376377433
764,162511.3353041804,6842679.422412576,76.15799608424854,26.15799608424855
765,162197.6706083607,6842552.743218261,83.8755315621851,33.875531562185095
766,161884.0059125411,6842426.064023945,98.9230522952508,48.92305229525081
767,161339.8692553128,6842234.231663918,74.95598056362242,24.9559805636224
768,161109.3972939042,6842169.078498207,72.98836030342203,22.988360303422034
769,168892.2940742472,6847287.39591688,86.04546160858919,36.04546160858919
770,168734.5881484944,6847100.349966913,88.94713700444096,38.947137004440975
771,168362.4502124691,6846715.643213556,98.20368065047091,48.203680650470915
772,168148.0182021966,6846517.982410167,100.9279721492615,50.92797214926152
773,167933.5861919241,6846320.321606778,90.4023412885466,40.4023412885466
774,167719.1541816516,6846122.660803389,73.04979169078747,23.049791690787476
775,168343.6155903705,6843354.96071024,55.0889249980897,5.088924998089702
776,168699.7177814624,6843598.858519147,29.991548499277837,-20.008451500722167
777,163384.856228606,6840314.663126161,27.234234927122557,-22.765765072877443
778,163644.7124572121,6840477.915413937,23.036974444516876,-26.96302555548312
779,163904.5686858181,6840641.167701712,12.462702366697831,-37.53729763330217
780,164164.4249144241,6840804.419989487,8.64480203135706,-41.35519796864294
781,164424.2811430302,6840967.672277263,12.246322477522433,-37.75367752247757
782,164684.1373716362,6841130.924565039,6.089863165896892,-43.910136834103106
783,164943.9936002422,6841294.176852814,7.518942908447315,-42.481057091552685
784,165546.5400084464,6841660.296798788,17.536116342028794,-32.4638836579712
785,165802.0930751961,6841811.580539274,23.763199844339642,-26.23680015566036
786,166322.5996376585,6842123.782093442,30.493156789642832,-19.506843210357168
787,166667.0732950592,6842332.995969526,38.492442094323295,-11.507557905676709
788,167076.9489419638,6842581.931326293,43.37729400559073,-6.622705994409278
789,167461.5460004737,6842815.513893822,49.72560273642492,-0.27439726357508076
790,167801.9239975458,6843022.24029676,58.99846821583297,8.998468215832967
791,166443.2576296213,6843552.949010816,64.3387727894646,14.338772789464597
792,166762.1717530809,6843652.327510981,69.48142250178765,19.481422501787655
793,167081.0858765404,6843751.706011146,58.530309914316845,8.530309914316838
794,165051.2869799109,6842948.325895282,66.13227058746628,16.132270587466273
795,165300.9652349332,6843065.885959304,63.089331892619235,13.08933189261923
796,165550.6434899555,6843183.446023325,69.19600078112126,19.19600078112126
797,165800.3217449777,6843301.006087347,59.4326574134617,9.432657413461696
798,163306.6323490703,6842093.36765093,52.89863408423332,2.898634084233321
799,163574.504310198,6842225.495689802,73.65756840461803,23.65756840461803
800,163842.3762713257,6842357.623728674,81.07216579524334,31.072165795243347
801,164110.2482324534,6842489.751767547,68.03483415326254,18.034834153262544
802,164378.120193581,6842621.879806419,65.4884496958435,15.488449695843508
803,161445.8789048083,6841175.549666621,37.00035009940048,-12.99964990059952
804,161711.3591519973,6841306.49799086,53.482595814318344,3.4825958143183433
805,161976.8393991864,6841437.446315099,62.55756598091197,12.557565980911967
806,162242.3196463754,6841568.394639339,88.68352523711702,38.68352523711703
807,162507.7998935645,6841699.342963579,90.772668663124,40.77266866312398
808,162773.2801407535,6841830.291287818,84.05581669632555,34.05581669632555
809,170662.6436595819,6845038.559307102,74.25296917125233,24.25296917125234
810,171179.2569788299,6845254.043993517,74.98640080268453,24.986400802684532
811,169371.5962627377,6844091.645327699,42.305512901552255,-7.694487098447744
812,169632.8905374293,6844283.290655399,81.23085719992827,31.230857199928266
813,169894.1848121208,6844474.935983097,75.84765153998934,25.84765153998935
814,170155.4790868124,6844666.581310797,54.83502319537216,4.835023195372161
815,165818.9919025709,6844215.269494885,85.72627722919373,35.72627722919373
816,166660.507970985,6844594.643379041,76.44752242487303,26.447522424873036
817,166880.2539854925,6844696.718455932,72.1724937757719,22.172493775771905
818,162805.7834764411,6840261.048057351,10.167688969953307,-39.83231103004669
819,162569.9010427693,6839983.086839216,9.547555864879424,-40.45244413512057
820,159563.5656778798,6840274.159377613,80.00123529666558,30.00123529666558
821,167414.4928045181,6845310.938921288,73.0233753775852,23.023375377585204
822,168061.6372195222,6845757.813814175,88.62406599245253,38.62406599245252
823,168460.8676918263,6846030.46769763,95.30094224179099,45.30094224179099
824,168846.1676473685,6846293.607754468,97.82424903829335,47.824249038293345
825,169276.4410945837,6846587.462393503,101.32741523308755,51.32741523308756
826,169809.444996158,6846951.476650285,105.51384278248653,55.51384278248654
827,171312.2743207696,6847478.283887131,101.01109489550075,51.01109489550075
828,171680.7722052264,6847586.675711085,87.42288552619628,37.42288552619628
829,171971.9643213856,6847672.328426942,76.80704693410054,26.80704693410054
830,172303.5506851372,6847769.862910263,91.19302671184924,41.19302671184924
831,172751.1281766057,6847901.515608168,103.65838323857588,53.65838323857588
832,173624.9600928437,6846111.771923113,102.54420264480714,52.54420264480714
833,173083.2869128871,6845965.901595498,96.42389482263215,46.42389482263215
834,172661.6830998194,6845852.365447482,79.13278027216336,29.132780272163355
835,169759.3814818101,6848461.977152009,98.61500097270135,48.61500097270136
836,167603.070237448,6849176.711627303,98.1548246911986,48.1548246911986
837,170245.4160037024,6838947.099572406,125.2710550185885,75.2710550185885
838,162506.7329957218,6847592.273707795,78.88079405113957,28.880794051139574
839,167313.9087426957,6837990.455903655,168.28069871191047,118.28069871191047
840,170822.9635260242,6842243.752420382,160.85445767656708,110.85445767656708
841,173286.0106471558,6842053.515544553,144.41212529761228,94.41212529761228
842,164811.9562900501,6846247.810003303,97.67224983574846,47.67224983574846
843,169434.6209189682,6840126.526946918,139.34877680005258,89.34877680005255
844,169556.6742009751,6841996.424465779,124.14389683862274,74.14389683862274
845,164926.5693150278,6837609.681114781,167.6230145227716,117.62301452277163
846,167220.542167219,6838806.6738949,161.9987898298168,111.99878982981679
847,160049.2728565466,6842053.306785863,93.21776824472582,43.21776824472581
848,160687.8078554308,6844809.329330469,98.73388389115806,48.73388389115805
849,168749.8882526358,6848205.400680335,95.1610092631829,45.161009263182905
850,171534.827864126,6848977.683241125,102.09314783276452,52.09314783276454
851,172741.0714285714,6846975.0,94.49999727521201,44.49999727521201
852,172789.1958876845,6842444.336482527,149.8060384946025,99.80603849460249
853,166734.0404431955,6839994.246166104,124.59602180360746,74.59602180360746
854,167165.0982728562,6846092.019063131,83.17172951439329,33.17172951439329
855,174367.7659888933,6843871.486172528,111.60751475769311,61.607514757693096
856,160955.5885819633,6840588.573278398,57.89636832597643,7.896368325976425
857,168201.3318978768,6841323.775540165,119.48368588971452,69.48368588971452
858,168540.0288895737,6839579.755752318,126.66607802194778,76.66607802194778
859,168797.5100071147,6840352.310388606,97.18631685589479,47.18631685589479
860,167268.733780089,6840912.777160143,111.85204264825285,61.852042648252834
861,169268.7346755196,6840702.896229284,115.41276078386409,65.41276078386409
862,171757.4265241381,6842465.359195832,146.80779106113857,96.80779106113856
863,166112.7425708986,6846062.742570898,97.66295008104926,47.66295008104925
864,173181.472578627,6843936.219345767,106.32016713500244,56.32016713500246
865,162168.5117365781,6840044.544345589,3.721104168605279,-46.27889583139472
866,171801.4766008206,6840091.223214683,185.29797695069186,135.2979769506919
867,167167.6040574282,6840008.151477568,111.314894345445,61.314894345445005
868,161602.6828028037,6840636.296840142,67.2915423964169,17.2915423964169
869,163239.7976820569,6837263.625481596,77.112426810435,27.112426810435004
870,160271.607457304,6841563.933025383,75.21754740940689,25.217547409406897
871,162917.9790851648,6845009.565411124,111.71983066138785,61.71983066138785
872,170468.8098142094,6845845.344421225,81.69932995690817,31.699329956908173
873,166421.2359131312,6846872.815969268,87.00671046826436,37.006710468264366
874,169451.013856365,6847327.533619965,95.69071802026664,45.69071802026664
875,171597.1153846154,6846527.884615385,70.19141865341797,20.191418653417976
876,167538.6564684641,6844424.148913794,76.79106663364955,26.791066633649553
877,169302.9645919078,6841619.299830486,109.62457349798754,59.62457349798754
878,160455.5763313679,6843500.137456389,98.41959277361349,48.41959277361349
879,164767.0870856963,6848714.879020866,87.35206094312952,37.352060943129516
880,167798.8130363223,6847204.416407567,100.83820928660725,50.83820928660725
881,170987.5,6845975.0,77.87777625189885,27.87777625189885
882,163064.7633684183,6839238.631684209,83.12724787945139,33.127247879451396
883,169060.4094479584,6840971.659506531,90.10295996094214,40.102959960942144
884,165832.0097604998,6839842.9902395,159.71907059301012,109.71907059301012
885,167998.3737244898,6840251.785714285,96.4771591192127,46.47715911921269
886,166989.0869118921,6847521.746310893,91.09923647598302,41.09923647598302
887,167664.1160143599,6839307.695445855,124.6528512424538,74.65285124245382
888,166425.0,6839700.0,140.6999969482422,90.69999694824219
889,166818.8403612032,6839081.112315817,145.73492157970708,95.73492157970708
890,160417.3164974895,6841921.726070742,87.5128741133983,37.5128741133983
891,160343.0874897861,6838166.463829208,32.16123608162608,-17.83876391837392
892,171814.3948899322,6843722.888860502,63.833582039337045,13.833582039337038
893,171544.2119888125,6846985.063106541,79.6983727184471,29.698372718447104
894,168566.4964835207,6840650.1402491,89.11046076562393,39.11046076562392
895,172351.6741071429,6846296.409328817,78.77854402123886,28.778544021238872
896,169162.5,6846937.5,92.77499961853027,42.77499961853027
897,166751.9429023669,6839721.606751643,127.72788715454683,77.72788715454683
898,167061.855109841,6839262.679642814,123.71345695490133,73.71345695490133
899,167837.9385230862,6839597.993180732,109.50364224677247,59.503642246772465
900,167874.2966297096,6839979.910714285,100.33242380014755,50.33242380014755
901,167416.6536321785,6840243.423670027,92.58862987731617,42.58862987731615
902,168037.5,6840562.5,93.67499923706055,43.67499923706055
903,169667.4483989833,6841476.96537106,129.25593971902407,79.2559397190241
904,172481.25,6842805.0,130.15500030517575,80.15500030517576
905,167380.9720331493,6846974.999816957,85.20296439901324,35.20296439901324
906,171587.9217412806,6847285.066890667,85.34701012746864,35.34701012746864
907,168466.5206923257,6841783.479307674,116.61610366135905,66.61610366135906
908,164678.5158059585,6845048.264274011,103.49888837402136,53.49888837402136
909,158616.9571692613,6843169.010409296,112.07007619397733,62.070076193977314
910,161665.4751008669,6838856.127660677,38.70898953237918,-11.291010467620826
911,168831.8857312853,6837950.238983505,145.25478532040876,95.25478532040873
912,168780.0265760634,6849894.463390115,93.58765780411296,43.587657804112965
913,171595.0082186835,6846258.067374201,61.646850605885064,11.646850605885056
914,161643.347459774,6843978.414606847,111.22688333563912,61.226883335639116
915,170987.2330496451,6846705.42492982,74.20881071239499,24.208810712394992
916,168285.2177930894,6844921.746725141,61.08838870156273,11.088388701562728
917,163208.2917642179,6839628.936483516,60.18283129966014,10.182831299660135
918,166519.4646932051,6839063.176685641,145.89858531588482,95.89858531588482
919,168562.5,6841312.5,91.19999885559082,41.19999885559082
920,170723.284245112,6846229.195387641,79.71452872441263,29.714528724412624
921,172383.0419986909,6847191.607188921,89.79749463844615,39.79749463844615
922,171724.7814615101,6846837.563960275,73.36388181942897,23.363881819428983
923,172433.7076721195,6846757.861279193,84.73385212016586,34.73385212016587
924,169292.0592664757,6845542.636000475,74.19074869011807,24.190748690118088
925,163803.4670959491,6844453.617691903,94.89687994285464,44.89687994285463
926,167749.3513391344,6846594.134089652,91.54972354169556,41.54972354169555
927,170044.2038291949,6840388.783333471,155.31931527970528,105.31931527970526
928,164270.8259971655,6838431.083244335,147.98484780124124,97.98484780124123
929,167370.4824502586,6844690.59733198,67.06820200394054,17.06820200394054
930,165677.6232187127,6838441.977075507,175.57279460756922,125.57279460756922
931,171559.0909090909,6843037.5,130.95454337380144,80.95454337380144
932,162977.3632868798,6840326.821197793,11.428012193883198,-38.5719878061168
933,172951.6802132362,6840806.70921149,184.60614616353146,134.60614616353146
934,174065.255024121,6837946.523137075,102.57916819692292,52.57916819692291
935,161846.4430795876,6840817.166415884,30.18468377113292,-19.81531622886708
936,162749.9131510737,6840493.797509906,3.195896164002689,-46.80410383599731
937,160647.9494983397,6842770.225642628,86.86813897192134,36.868138971921354
938,162951.7909265168,6840582.086803197,3.068359317491089,-46.93164068250892
939,167732.0713933522,6845786.111508094,73.14568218765501,23.145682187655012
940,158335.8404963299,6845917.88902031,76.03490669570964,26.034906695709648
941,162405.8652837994,6839137.358880887,59.9585540034854,9.958554003485407
942,171861.8945433736,6845631.19423885,68.0686945630334,18.068694563033407
943,163621.770988774,6838566.68656275,101.90364864715225,51.90364864715225
944,162898.578302178,6839759.162459942,36.39491901851284,-13.60508098148716
945,162888.0269433458,6843902.289366675,103.57914116509038,53.57914116509037
946,165746.9466104285,6845421.481096532,92.42045160236651,42.42045160236651
947,172354.0178571429,6842972.678571428,123.27849736410498,73.278497364105
948,172701.6592021288,6849128.7144069,106.48622956318559,56.48622956318559
949,171483.1899980791,6841173.837422783,183.94994398364133,133.94994398364136
950,158241.4762313807,6842395.951176124,119.73950982091206,69.73950982091205
951,172050.0,6846150.0,68.19999694824219,18.199996948242188
952,168403.6245604401,6840770.330031137,81.37858391624205,31.37858391624205
953,167517.947801847,6844077.198730692,41.831459240253146,-8.168540759746854
954,169201.0171374365,6847456.432686652,89.14729013368463,39.14729013368463
955,158493.9662727902,6840544.17473056,88.86672805575535,38.866728055755345
956,162973.73071445,6838165.394144733,62.878252952523525,12.878252952523518
957,165140.1375689859,6839263.515176446,167.34108528273666,117.34108528273666
958,166252.951743613,6837087.647008545,149.65478604187587,99.6547860418759
959,171241.5694429698,6845669.731882128,71.80381728515246,21.803817285152455
960,170633.6419481194,6848235.565421551,105.70215169357726,55.70215169357728
961,174718.4229469004,6850419.28059104,106.44477813161666,56.44477813161666
962,171613.1825653349,6846003.006124928,57.9365682591838,7.936568259183801
963,166961.71875,6847008.147321428,85.17448534603668,35.174485346036676
964,170056.289122555,6841551.031122356,147.83947116377905,97.83947116377904
965,161374.9329988199,6843021.871871678,87.89641805061672,37.89641805061671
966,173594.3896407955,6847210.479308217,93.81459606389504,43.81459606389504
967,175758.5714045987,6847783.02128246,71.39065219645623,21.390652196456237
968,172698.7531100806,6843535.638488497,124.06665555201317,74.06665555201317
969,175079.3441741107,6840945.95237857,155.680475367919,105.68047536791899
970,159437.0948912126,6841184.038514405,89.45446983577668,39.45446983577667
971,159435.7594060306,6844369.504524375,104.53863695630321,54.5386369563032
972,161107.1814303272,6840874.224027291,45.50090811749473,-4.4990918825052635
973,160457.0869052691,6840748.826180122,77.3342865681487,27.334286568148705
974,175862.1014639642,6845135.414316699,37.508933991546606,-12.491066008453396
975,166008.8190826891,6848215.237419374,95.32108847281978,45.32108847281978
976,169031.7496161467,6842473.021910791,108.5477113795877,58.54771137958768
977,170276.4624243405,6842766.162652076,134.94791989386832,84.94791989386832
978,168965.512098642,6841247.694796807,77.4233908967936,27.423390896793613
979,171668.449356171,6848306.859688884,108.04663689602266,58.04663689602266
980,170896.6223322217,6849171.11907788,96.15874602220975,46.158746022209755
981,172267.863303945,6837799.230885442,91.54574491639308,41.54574491639308
982,165100.3205398894,6844575.338865456,92.57768672383084,42.57768672383085
983,174150.378030222,6844641.848785133,41.52199805942885,-8.47800194057115
984,160497.7517592169,6839765.172455708,57.14220974010949,7.142209740109493
985,169534.8237224808,6847677.807506398,94.6422278540698,44.6422278540698
986,167660.0327322254,6845922.164418016,59.58302441528529,9.583024415285289
987,171292.0339389842,6846461.534527681,68.15051849526226,18.150518495262265
988,161608.4223008025,6837229.343805595,111.43777288745052,61.43777288745052
989,172936.3492221991,6846288.292497781,77.58280708156099,27.582807081560983
990,163725.3558833039,6845902.696245315,101.74373923683245,51.74373923683246
991,166496.1256898562,6846397.610124774,90.47989591559458,40.47989591559458
992,162964.9562120074,6840116.360939749,20.7896336362271,-29.2103663637729
993,173573.3786424885,6843039.429563659,130.440247090366,80.44024709036597
994,175161.4411352244,6842335.121202516,122.09324754247342,72.09324754247342
995,165923.6324329866,6847555.175637845,88.94034041279068,38.94034041279067
996,156954.9902871314,6839364.379791996,107.78013704525023,57.78013704525023
997,168952.1559000639,6841870.839042265,64.82485635249658,14.824856352496592
998,159169.0685271071,6842108.73866832,119.32234384399061,69.32234384399061
999,170890.7221773033,6840813.799434225,182.95355789437355,132.95355789437355
1000,167427.4933861805,6845062.726333568,83.20106297209064,33.20106297209065
1001,164440.550813748,6844311.397840787,98.70673281516669,48.70673281516668
1002,170077.9238847274,6846302.203412103,93.7898983848208,43.7898983848208
1003,172282.1692572014,6841182.101854342,179.0132546277001,129.0132546277001
1004,173404.7034006547,6848962.54864972,109.26862240085467,59.268622400854674
1005,163519.4124698593,6843776.757561698,100.66743770503788,50.667437705037884
1006,156802.5074392421,6842024.467500849,115.58939321159775,65.58939321159778
1007,161290.6061801635,6840747.321801065,64.03177556349809,14.031775563498085
1008,163437.9692083145,6839443.869243531,61.7078127203471,11.707812720347105
1009,169710.0099039471,6840634.28302627,125.20157952431651,75.20157952431651
1010,162484.4359957878,6843387.983411152,101.0904937083624,51.09049370836241
1011,170833.5093951845,6841284.302065154,173.13052626477997,123.13052626477997
1012,158525.8511065502,6848984.500151351,63.51971091705687,13.519710917056878
1013,167217.1396842904,6844390.171203629,57.82796646528017,7.827966465280172
1014,160744.0527441272,6841310.517581375,55.22404134430612,5.22404134430612
1015,161437.5,6840937.5,28.869999885559082,-21.130000114440918
1016,161730.6571799313,6840973.694402647,18.27236101375493,-31.727638986245065
1017,168133.5721301927,6846092.968787401,78.71750361038919,28.71750361038919
1018,169012.5,6847012.5,87.92499923706055,37.92499923706055
1019,169061.1793486418,6847143.75,86.20726904788978,36.207269047889774
1020,166837.5,6839587.5,120.07500076293945,70.07500076293945
1021,166987.5,6839437.5,116.55000114440918,66.55000114440918
1022,167512.5,6840337.5,88.37499809265137,38.37499809265137
1023,168187.5,6840712.5,83.49999809265137,33.49999809265137
1024,168262.5,6840937.5,83.02499961853027,33.02499961853027
1025,168417.737948763,6841048.089340833,84.52735427640101,34.52735427640101
1026,168555.6816563283,6840855.250231038,79.07178350789802,29.07178350789801
1027,168187.5,6839737.5,103.42499923706055,53.42499923706055
1028,168037.5,6839887.5,98.17499923706055,48.17499923706055
1029,168412.5,6840487.5,82.10000038146973,32.10000038146973
1030,167437.5,6840562.5,91.77499961853027,41.77499961853027
1031,169620.3497712833,6841238.035869335,119.04523526409787,69.04523526409785
1032,169462.5,6841098.641593312,104.08803466578226,54.08803466578225
1033,169312.5,6841312.5,90.74999809265137,40.74999809265137
1034,169162.5,6841162.5,82.27499961853027,32.27499961853027
1035,172159.9375911079,6842598.432944606,131.1763591386551,81.1763591386551
1036,171900.0,6842737.5,132.3000030517578,82.30000305175781
1037,172315.7525510204,6842759.311224489,127.9482485744584,77.9482485744584
1038,172687.5,6843112.5,120.0,70.0
1039,172541.2946428571,6842950.446428572,120.94877462277637,70.94877462277637
1040,172537.5,6843187.5,118.55000114440918,68.55000114440918
1041,171927.4517408851,6845844.917893203,66.53285537081382,16.53285537081382
1042,171910.9375,6846148.4375,64.8213124937482,14.821312493748184
1043,171481.0091464859,6846121.135227703,64.43991687155464,14.439916871554647
1044,171322.2814973032,6845948.423074502,57.23231468108527,7.232314681085263
1045,167212.5,6846937.5,84.94999885559082,34.94999885559082
1046,167067.8571428571,6846776.785714285,83.9438770839125,33.9438770839125
1047,167274.824898848,6846799.999969493,82.7920007132936,32.79200071329361
1048,166912.5,6846862.5,81.60000038146973,31.600000381469727
1049,172012.5,6847537.5,79.125,29.125
1050,171848.1903443958,6847374.412510383,75.89591763602665,25.895917636026656
1051,171948.0040824858,6846425.72040731,64.78809557308946,14.788095573089464
1052,171715.348115926,6846186.572276755,61.82265957820625,11.822659578206247
1053,166047.7630578337,6850573.665220603,80.95181888659772,30.951818886597728
1054,162262.5,6840363.05251477,6.88756455328708,-43.112435446712915
1055,171848.7573408422,6842068.134302439,156.73027410159938,106.73027410159938
1056,161765.9242761199,6845121.202415613,103.11934549888741,53.11934549888741
1057,172826.3577225389,6841556.491357828,174.78237516302966,124.78237516302967
1058,167353.6317204262,6839187.265813053,136.33780383814576,86.33780383814576
1059,156758.8485203431,6843615.167496852,99.78989816088378,49.78989816088378
1060,168062.1118701963,6838541.365089465,162.7810226309159,112.78102263091593
1061,172727.2951844054,6842074.541377149,161.30549578207385,111.30549578207383
1062,168387.6438211443,6847588.106166758,101.45215017399802,51.452150173998014
1063,169927.6768721205,6845428.977402557,75.04501793372027,25.045017933720274
1064,167489.8610856895,6846156.265540808,61.2258531575581,11.225853157558094
1065,172314.2680574323,6844040.842933087,77.0274171381805,27.027417138180507
1066,168975.1438042303,6845021.678312412,67.79647664667411,17.79647664667411
1067,166607.7349647031,6838087.527568379,161.14865993130786,111.14865993130788
1068,170805.7109123626,6843214.836238559,128.67154146433518,78.6715414643352
1069,171902.34375,6843037.5,120.31562435626984,70.31562435626984
1070,172304.8927763262,6848529.594078669,107.19992276471703,57.19992276471704
1071,168845.0682848373,6847487.220933424,89.58202308350758,39.582023083507565
1072,168588.6881973044,6836683.172614632,148.9432061805992,98.94320618059919
1073,169661.0018207789,6842590.523646303,128.61940607969177,78.61940607969177
1074,170737.5,6846788.4,76.68839962770141,26.68839962770142
1075,171068.3653846154,6846981.634615385,75.58607645361775,25.58607645361775
1076,163054.5191023111,6840412.648972935,6.674334265111732,-43.32566573488826
1077,167594.3689060399,6841154.595755584,110.07012580005667,60.070125800056665
1078,166087.0623108159,6839589.230697982,161.48692547332425,111.48692547332425
1079,165675.1558984922,6839001.09722961,171.60878745519994,121.60878745519996
1080,164079.225128708,6838913.670351124,105.8750010226911,55.87500102269109
1081,168522.5507414531,6838963.868072222,162.06402230268958,112.06402230268958
1082,163395.2631705737,6839660.09422142,47.45063213875406,-2.5493678612459414
1083,167301.0746322596,6844228.682131787,53.16260065969228,3.1626006596922833
1084,167581.4860266837,6845592.177511049,54.574638227909745,4.574638227909748
1085,160670.9203953282,6841864.290408087,73.62613546415095,23.626135464150952
1086,160718.75,6841606.25,59.202292654249376,9.202292654249378
1087,162012.8639452301,6840566.688487613,24.30407581427899,-25.69592418572101
1088,167952.8232560491,6846028.180747221,77.12001541183838,27.120015411838395
1089,168412.5,6846262.5,79.39999961853027,29.399999618530273
1090,166470.637813315,6839244.73952652,132.81465975786793,82.81465975786791
1091,166530.643667817,6839433.200266258,128.11814509808406,78.11814509808406
1092,166775.294000906,6839363.518194198,121.77381532949606,71.77381532949606
1093,167362.5,6839662.5,108.39999961853027,58.39999961853027
1094,167397.6454713934,6839879.719018012,109.47784327996953,59.477843279969534
1095,167512.5,6839812.5,101.3499984741211,51.349998474121094
1096,167737.5,6840487.5,86.5,36.5
1097,167576.2625638222,6840663.953284782,89.4860664200873,39.486066420087305
1098,167966.6835247219,6840719.472541203,83.74675816985898,33.74675816985898
1099,168584.747663904,6841095.560447583,78.23749838198489,28.237498381984896
1100,168728.0840946423,6841255.620814693,75.45442479834503,25.45442479834503
1101,168288.3851550077,6839873.074616174,98.77651105040007,48.77651105040009
1102,168177.3095224848,6840105.101359056,95.07299605174143,45.07299605174142
1103,169153.7783584187,6841393.663371941,78.03349569738623,28.033495697386222
1104,172387.5,6843262.5,111.45000076293945,61.45000076293945
1105,172455.4320221392,6846167.58168881,73.61651305410996,23.616513054109966
1106,172207.9896767354,6845883.352538659,64.18127196855775,14.181271968557757
1107,171768.7219907658,6845804.70339769,58.19799282810574,8.19799282810574
1108,170812.5,6846412.5,68.5,18.5
1109,171112.5,6846262.5,64.17499923706055,14.174999237060547
1110,171245.3802495505,6846105.987179084,65.9868490793121,15.986849079312085
1111,171365.1239013981,6846710.079477671,70.83582287562348,20.835822875623467
1112,171119.7691727146,6846615.118435118,68.84265350904528,18.842653509045277
1113,166689.9588857967,6847005.052184349,86.82486973594105,36.82486973594105
1114,166934.1145871255,6846634.873839403,84.73134486462368,34.731344864623665
1115,172097.5872701169,6847165.967679556,78.82382263451645,28.823822634516446
1116,171954.7254816802,6846820.843993379,71.75625359685704,21.756253596857043
1117,172181.6234392647,6846657.673982571,75.43167489297242,25.43167489297242
1118,172193.112244898,6846388.991027446,76.24081229001963,26.24081229001964
1119,171008.6345648292,6850563.798178969,86.12246927413472,36.1224692741347
1120,159663.2782458272,6842963.81841702,104.61059102234692,54.610591022346924
1121,160988.7099779133,6846570.468722257,87.26673318629383,37.266733186293834
1122,161811.4153728148,6839537.368935965,8.219976222845196,-41.78002377715481
1123,167737.3890799975,6845168.648285816,85.48691352432974,35.486913524329736
1124,167344.1174869307,6845929.637652043,67.82970877225124,17.829708772251244
1125,170062.5,6840804.322427853,146.1511720550257,96.15117205502571
1126,173352.2847794393,6838980.399624096,99.13554560967575,49.13554560967573
1127,163857.8146253432,6847359.89033747,87.96362719217356,37.96362719217356
1128,173425.8395713815,6844507.370140268,35.047308172728464,-14.952691827271531
1129,173183.3415824071,6843348.815705894,133.84629987643225,83.84629987643227
1130,167184.6296706208,6844749.107139924,65.32208202765312,15.32208202765312
1131,162521.6243470037,6849765.381172584,82.543880302095,32.543880302095005
1132,170888.8740466889,6839755.195130832,178.15694184819316,128.15694184819316
1133,167673.5433808252,6847887.973120016,94.78171834066836,44.78171834066836
1134,166415.620227267,6847799.16972517,90.77467240298606,40.774672402986056
1135,168915.7415352371,6847721.622607853,94.80227014970647,44.802270149706466
1136,169143.0532958253,6847997.578106344,92.21532796856823,42.21532796856823
1137,164025.5915562027,6843932.798262445,73.82382594179171,23.82382594179171
1138,162976.9106519524,6840681.527316727,3.517588487955392,-46.482411512044614
1139,164856.6157599944,6847364.990572849,91.54842000446727,41.54842000446729
1140,165409.6804644403,6846783.304194699,98.03297687173458,48.03297687173458
1141,166760.1623159714,6845926.727149619,95.72788780494312,45.72788780494313
1142,166286.2282860365,6840596.858077676,120.99880023821432,70.99880023821432
1143,168560.6242252619,6845455.788910505,77.21604322338209,27.216043223382094
1144,166333.7888249305,6845517.782865391,92.70146075606493,42.70146075606494
1145,172279.0916645962,6846996.848021096,89.31892225965166,39.318922259651664
1146,159768.4490260724,6845966.325347994,88.37700693727837,38.37700693727837
1147,170073.0037014134,6847912.90522691,101.67032558397517,51.67032558397517
1148,158366.1115368091,6841859.872005725,124.09748344563259,74.09748344563259
1149,160769.5852453754,6842440.956466808,81.84990239166662,31.849902391666618
1150,170233.6252857512,6837531.20927286,149.0145220107888,99.0145220107888
1151,161120.3594511379,6842570.511948669,74.8695617964486,24.869561796448593
1152,157533.035429001,6840820.625184669,85.29729962884852,35.29729962884852
1153,162100.8026053791,6846018.86850761,104.25921060720243,54.25921060720243
1154,160886.1316085124,6844101.493195269,88.6602926214435,38.660292621443496
1155,173664.8426085114,6841216.161600689,144.68344209274449,94.68344209274449
1156,165177.8158579108,6839748.60784913,164.75593766439457,114.75593766439457
1157,171244.3981107285,6843602.683308701,95.13260314043126,45.13260314043126
1158,164607.9668073721,6839433.671216878,123.37731535931047,73.37731535931047
1159,165701.3533769678,6844913.103302764,83.84924673382493,33.84924673382494
1160,167048.8554231921,6840726.627891012,104.09308013086701,54.093080130866994
1161,168625.1180762657,6840129.622435797,97.71448962944993,47.71448962944992
1162,171820.5729166667,6846055.989583333,52.919628954434366,2.919628954434371
1163,169017.9388463454,6846625.713056071,92.08849665474197,42.088496654741974
1164,172815.6854148892,6844375.447414026,48.369872676395914,-1.63012732360408
1165,160188.1101542191,6844232.919148906,99.08142750020976,49.081427500209756
1166,166972.3234253738,6839707.688049414,121.23418841222554,71.23418841222554
1167,172449.4466798381,6842599.518463377,135.83477437679554,85.83477437679556
1168,172443.7975745427,6842338.237040382,144.76822296894343,94.76822296894343
1169,172673.9167295318,6842803.472103584,126.50393127974206,76.50393127974208
1170,163084.3132478873,6843413.454632936,106.86564298141647,56.86564298141648
1171,170300.650270267,6846733.374991175,90.17914486177231,40.179144861772315
1172,171976.0234002675,6843350.12873524,81.08595369093406,31.08595369093405
1173,172064.4445775186,6842280.582249712,146.8361147347713,96.83611473477127
1174,168175.3824106893,6844477.329471288,86.90291398577673,36.90291398577672
1175,158383.6853470717,6836874.021667842,50.678789702683304,0.6787897026832981
1176,167001.3886647115,6848641.060493556,90.24836071549458,40.2483607154946
1177,162359.3352894297,6840258.857723564,4.977953474342346,-45.02204652565765
1178,162677.9026268053,6838501.129304375,84.0197866927499,34.0197866927499
1179,172900.6975531465,6848452.04702923,111.78718380115268,61.787183801152686
1180,169298.9621038328,6839336.500647211,157.96098446148113,107.96098446148113
1181,162485.4839799918,6840148.201157389,0.31470796129825346,-49.685292038701746
1182,158245.7630875918,6844300.871789997,97.88843794260873,47.88843794260874
1183,162029.1465689328,6840320.522263328,21.71176257232584,-28.28823742767416
1184,159948.9159639796,6845020.989879252,102.22859046242475,52.228590462424734
1185,162471.377074887,6844477.087688063,110.1718012191159,60.17180121911592
1186,170893.6525888453,6845602.624062958,76.72880560620004,26.728805606200034
1187,159714.2641487084,6847612.881824899,79.62730059720559,29.627300597205597
1188,167562.5,6840437.5,86.01666726006403,36.01666726006401
1189,172263.1696428571,6843095.446428572,110.47283233432606,60.47283233432606
1190,167143.6224489796,6846673.469387755,81.41572382208987,31.41572382208988
1191,172071.8723437975,6848054.384468143,90.553883563632,40.553883563631985
1192,168799.5451631145,6846551.859387594,84.50446081612844,34.504460816128436
1193,160218.4619442908,6849889.883394651,77.50857793933883,27.50857793933883
1194,169300.9877238958,6846112.829027309,101.25919358234307,51.259193582343066
1195,168892.1413109657,6845887.065878077,93.27902652190531,43.279026521905294
1196,169537.2145384202,6845086.560264669,83.55562900687178,33.55562900687177
1197,172597.6530918396,6847462.570764486,84.37497596541937,34.37497596541936
1198,161865.6421051041,6842923.198997467,107.46420881191746,57.46420881191746
1199,173081.2298963426,6842825.00335061,126.78336298819093,76.78336298819093
1200,159741.100990437,6843609.319212232,102.32938024638668,52.32938024638668
1201,161363.2973945423,6840257.65944712,70.5249057223445,20.524905722344506
1202,167215.6978064841,6845241.528747843,54.51516113589786,4.515161135897858
1203,167935.5516805596,6841084.736737734,99.4949598970043,49.494959897004314
1204,168280.978144209,6839356.262083049,122.00766007583725,72.00766007583724
1205,173093.5816597803,6847556.191742802,108.82101803547462,58.82101803547463
1206,163455.7574206687,6839229.772262006,96.39569163242919,46.39569163242921
1207,164839.8478057895,6844179.141007088,88.90690720713559,38.90690720713559
1208,167858.4353763454,6844138.227960383,61.618020080367316,11.61802008036731
1209,174361.014492329,6848809.614930601,97.98785407775459,47.98785407775459
1210,169451.6897506731,6849516.074659372,94.14841605110111,44.148416051101094
1211,169021.7072612086,6848934.853298395,97.07708154900206,47.07708154900206
1212,164361.2653787225,6836176.74369346,129.96982201800702,79.96982201800702
1213,163976.308521063,6845158.871810536,108.0289232431504,58.0289232431504
1214,168666.2860071289,6841583.713992871,86.47233913749875,36.472339137498736
1215,161139.5966813244,6841007.304228279,25.799231841919635,-24.200768158080365
1216,166155.4477980273,6838867.947798028,169.1379535086641,119.13795350866408
1217,172013.9798466395,6841647.163979582,165.40715747057877,115.40715747057874
1218,168788.9688940092,6840861.031105991,86.09527580647858,36.09527580647857
1219,169580.8851734305,6840905.817824564,118.07089694759651,68.0708969475965
1220,169814.7707253397,6840936.433719584,132.1406371040789,82.1406371040789
1221,171761.7989229228,6847885.339591027,93.84502135238019,43.845021352380186
1222,167985.6566246857,6839021.190087914,130.34418836801302,80.34418836801301
1223,168064.8354490333,6845360.140197243,85.06789612635032,35.06789612635032
1224,172659.1070796292,6846029.774136709,76.43694552631598,26.436945526315974
1225,159105.3587405147,6841542.238874303,111.52529340333466,61.52529340333465
1226,164404.9867475409,6845677.722950343,103.15742264758227,53.15742264758227
1227,164995.7240251641,6838297.713306128,174.0589160606899,124.05891606068988
1228,173333.0626941198,6846637.790848697,94.73467334994746,44.73467334994745
1229,170201.3383288718,6842134.507361628,152.39074922609944,102.39074922609944
1230,168209.8254289801,6847096.361484269,94.63602308193066,44.63602308193066
1231,175565.6777524494,6843657.754419796,96.49821782058511,46.49821782058511
1232,170940.4900457516,6847823.64194333,105.03585703295924,55.03585703295924
1233,164100.0507608497,6846572.495570048,101.3902474051951,51.39024740519509
1234,163095.2904448591,6846581.174731535,93.73549459595537,43.73549459595538
1235,169895.6229202564,6841304.434075149,138.95330681415683,88.95330681415685
1236,160731.2661802701,6840906.26618027,65.83047230902024,15.830472309020239
1237,172380.7255842586,6845896.475564798,64.23271718826054,14.23271718826054
1238,170415.9059037117,6840845.406456857,163.21050261737568,113.21050261737567
1239,171326.5697851063,6841812.327954908,169.3890863125603,119.3890863125603
1240,163022.0588277873,6840554.238226702,3.4807081160681745,-46.51929188393183
1241,168651.448223244,6846373.83946544,85.5137183014552,35.513718301455185
1242,160541.9025868295,6841159.23753751,44.779155414331484,-5.2208445856685115
1243,167015.7669413193,6840243.510295537,101.588829950111,51.588829950111005
1244,168578.9026913218,6842614.390410201,62.576057089912,12.576057089912
1245,173459.6278266492,6849912.78370309,101.34423371518493,51.34423371518494
1246,158495.6421654398,6838710.349221092,42.65032056519316,-7.349679434806842
1247,167992.5425501897,6837762.984292835,152.56658640812785,102.56658640812785
1248,159062.9645755702,6843750.819978945,99.23764305828347,49.23764305828347
1249,159805.0344945102,6839394.853671308,59.363793882616655,9.363793882616655
1250,172375.353689702,6841614.924875487,162.1590260309263,112.15902603092628
1251,173647.0724004192,6844918.124029182,72.73114969096277,22.731149690962777
1252,167626.581590479,6850533.214486502,90.91514174648259,40.91514174648258
1253,157306.9550810578,6847367.972455584,67.28389896642076,17.283898966420765
1254,161605.2262351706,6842664.672763354,96.06980990373226,46.06980990373226
1255,163156.1742931909,6844442.534830066,107.17508940588678,57.17508940588677
1256,173386.1345755448,6845744.225625504,98.15397251332615,48.15397251332614
1257,165514.2142737877,6846109.468606244,99.85749637797952,49.857496377979516
1258,170041.203643677,6843231.646685221,110.69323232734784,60.69323232734783
1259,164419.6403513667,6850172.028993453,79.03640245550137,29.036402455501374
1260,160752.5093330273,6841953.51943879,64.57946233217567,14.57946233217567
1261,167230.1297533763,6844568.43208419,48.01817176540114,-1.981828234598859
1262,160650.0,6841462.5,67.69000244140625,17.69000244140625
1263,161603.73439397,6840903.927214448,32.82159477115038,-17.178405228849623
1264,167203.5818505993,6839701.151220714,115.72455861829955,65.72455861829954
1265,167777.8288994169,6840330.612244898,91.17284495653541,41.172844956535414
1266,168104.0639297394,6840970.168712983,86.68236864172906,36.682368641729056
1267,168205.5845056304,6839553.919639228,111.23658300385549,61.23658300385547
1268,168186.0741493949,6840258.877414669,92.59629010743228,42.59629010743229
1269,168465.3435870221,6840321.082723164,87.0520618941515,37.0520618941515
1270,167265.6113268096,6840608.266798568,96.86523648405924,46.86523648405924
1271,169471.3771270291,6841341.133511813,114.11409146650752,64.1140914665075
1272,169312.5,6841050.0,89.6500015258789,39.650001525878906
1273,172125.0,6842437.5,139.3499984741211,89.3499984741211
1274,166681.0736886532,6846849.408359591,85.66124879147323,35.66124879147323
1275,172361.1706902322,6840593.885843106,181.84034320108492,131.84034320108492
1276,170081.5117392952,6850338.471423393,95.5270083985713,45.52700839857132
1277,167227.9929424142,6846439.407713716,83.93042014073099,33.93042014073099
1278,168300.7794894708,6848719.863036642,98.60354949154431,48.60354949154432
1279,166896.7275032993,6847223.578024803,88.74296927119218,38.74296927119218
1280,158939.7850619291,6841124.43811546,103.63188734533882,53.63188734533883
1281,169517.7944194828,6838503.474660193,153.24430023135025,103.24430023135027
1282,158510.0034937032,6841059.320134918,97.40609082108492,47.406090821084916
1283,170379.4671936575,6845373.005363677,66.66054774721555,16.660547747215546
1284,172393.1402519411,6842122.240470788,143.99508842333566,93.99508842333566
1285,165448.103940753,6840013.245901264,145.94319271923456,95.94319271923456
1286,166960.513878415,6846390.069392075,84.3986803397369,34.398680339736906
1287,172071.2532515467,6842914.285714285,124.80245974599616,74.80245974599616
1288,166165.1817331669,6845196.842939055,84.54836819697331,34.548368196973314
1289,170213.4271115016,6848486.639617562,101.20103574026203,51.20103574026202
1290,163443.8609768339,6843384.831909181,98.9872042299672,48.98720422996721
1291,174536.8372736073,6845426.356274989,92.93933678558663,42.939336785586626
1292,171418.255689071,6847932.016850908,108.22043111911015,58.22043111911015
1293,168755.9043863784,6844641.871603208,77.32115585184124,27.321155851841244
1294,173552.7198044085,6847717.406509344,92.52909860220736,42.52909860220735
1295,160654.0540360629,6842055.589341699,68.32211699032923,18.322116990329228
1296,160023.8895553517,6841069.710578016,81.8145668876939,31.814566887693893
1297,175320.554618084,6836732.92478626,83.07301209059824,33.07301209059824
1298,169574.0235020677,6848948.171345469,96.8855900329931,46.885590032993086
1299,166710.252790882,6846655.135856684,85.4510396068876,35.451039606887605
1300,171959.7586225148,6849898.3205827,95.33553711373534,45.33553711373534
1301,160484.2584198233,6845581.4865417,96.58222555792572,46.582225557925725
1302,161190.190911236,6845434.694705466,104.64015557339263,54.64015557339264
1303,165149.5331956794,6844182.838727248,81.46260728985371,31.462607289853715
1304,167374.7146141765,6846605.686732946,75.48339380465477,25.483393804654774
1305,159160.7037323657,6845143.205294968,92.4998072553052,42.49980725530519
1306,167275.4206997934,6847410.205301101,91.2151572674252,41.215157267425205
1307,171628.4325861165,6838995.092082692,160.75643168724795,110.75643168724795
1308,166311.9251879347,6847300.423119587,88.11016212702648,38.11016212702649
1309,169258.3090619341,6842799.067533685,116.57334936948578,66.57334936948578
1310,170081.5056443545,6839795.874303789,172.9419438503269,122.94194385032691
1311,160054.8662042194,6839980.318460685,65.03754207889652,15.03754207889653
1312,161303.5091881762,6844602.067040961,110.41819189534907,60.41819189534907
1313,167752.5628871876,6839810.900649169,97.0638376598047,47.06383765980472
1314,167765.4882837913,6840128.885471827,97.94596001271547,47.945960012715474
1315,167903.5714285714,6839437.5,117.34285681588315,67.34285681588317
1316,172146.4285714286,6847387.5,79.70714296613272,29.70714296613272
1317,171842.2339484443,6847123.011829763,74.05344126690458,24.053441266904578
1318,171892.7404026065,6846627.129015165,66.60808734694525,16.608087346945254
1319,167184.3552614667,6839420.029676093,114.0269789448126,64.0269789448126
1320,169888.6555697503,6847434.852545216,102.72114111605799,52.72114111605799
1321,165802.2789615685,6840289.330555043,132.6525510838941,82.6525510838941
1322,172140.4050369193,6842120.39664642,144.43968678961124,94.43968678961126
1323,173971.1768176755,6845162.335067852,71.29430067356286,21.294300673562855
1324,157267.0663798427,6850215.284601145,50.48463116552965,0.4846311655296507
1325,172430.005291819,6844420.926865517,28.937171860411546,-21.062828139588458
1326,168239.8961540936,6839145.474440894,130.8518412409791,80.8518412409791
1327,166018.1063171178,6844958.032801277,73.14539412191883,23.14539412191883
1328,174307.270811697,6842408.095807894,131.37205764114557,81.37205764114559
1329,174341.7733255337,6843055.298340514,131.14740602080138,81.1474060208014
1330,171980.0108507645,6844187.921532759,59.788736659907116,9.788736659907123
1331,172177.4605707243,6844355.517933213,38.924480407566406,-11.075519592433592
1332,163396.8066319347,6845363.259409036,108.09461721477027,58.09461721477027
1333,160963.4337417944,6840898.226446476,46.09245087261636,-3.9075491273836414
1334,172739.526627835,6846574.798062612,83.62086443208102,33.62086443208102
1335,167144.077791667,6840522.482448263,92.3903892322516,42.3903892322516
1336,168426.5412254669,6840178.778202825,93.40705282256607,43.40705282256607
1337,168172.3434440798,6840403.94435282,88.96467504518414,38.96467504518414
1338,164237.9327489681,6839298.525797733,94.86817001947969,44.86817001947969
1339,164837.8662712988,6839683.066172448,141.57544934346618,91.57544934346619
1340,172536.4889041821,6845648.123359899,88.98892653674783,38.988926536747826
1341,168953.3838082765,6841565.262607935,67.70332301836204,17.70332301836204
1342,167207.1463758466,6840327.869349019,93.46381552266831,43.46381552266831
1343,174007.0022774171,6845835.961361754,98.05018434215837,48.05018434215838
1344,169139.4503899653,6847742.155752639,90.57505555273238,40.57505555273237
1345,170482.96563987,6848876.587295152,100.7658738203014,50.765873820301394
1346,170504.5164624015,6849250.276246969,98.28191816267484,48.281918162674856
1347,164353.0144218968,6843828.58529506,84.29283584141106,34.29283584141106
1348,167497.4147372857,6840040.184880801,95.58964256585715,45.589642565857154
1349,170069.0905956394,6841261.111467448,136.1348221007254,86.13482210072539
1350,170320.297790066,6841295.112825652,142.1625151104264,92.1625151104264
1351,167730.6048282297,6841544.807486266,127.05642925984436,77.05642925984436
1352,172050.0,6846004.880778843,60.32950996472847,10.329509964728476
1353,170999.4390022816,6846489.086057647,64.54899243941725,14.548992439417248
1354,171150.0,6846450.0,65.5999984741211,15.599998474121094
1355,172013.1488970185,6846525.569884495,67.26233824265137,17.262338242651353
1356,169975.8655625404,6841019.017463252,132.38661926915438,82.3866192691544
1357,168646.3412172037,6847334.761549789,93.64457204487393,43.64457204487392
1358,173059.0649317174,6844722.664487001,73.460201979718,23.460201979717997
1359,170848.1391565975,6843616.632870969,101.53959278669373,51.53959278669375
1360,171466.4129106441,6843929.407084615,76.9842115324494,26.984211532449393
1361,162254.1170132444,6842997.667286667,106.04537445670573,56.04537445670574
1362,162568.6802869241,6843010.167118235,94.47800776224915,44.478007762249156
1363,162838.7400423565,6843118.599006974,94.63737823436163,44.63737823436164
1364,163892.4242506481,6843588.316979703,85.10741611222298,35.10741611222296
1365,164047.7676089577,6837698.474612975,119.11086410547311,69.11086410547311
1366,167362.5,6839402.762276785,113.19927237716973,63.199272377169734
1367,173906.3342453484,6840152.819329898,150.98086385117256,100.98086385117256
1368,163181.8339892855,6838790.573883774,98.51265188936631,48.51265188936631
1369,167928.1421703297,6839737.5,104.40992438662113,54.40992438662113
1370,167032.5891648548,6847962.176232545,91.67534999194794,41.67534999194795
1371,171249.956576103,6840484.916318782,189.0923235176064,139.0923235176064
1372,166703.2368192698,6838622.721502341,171.04877547349105,121.04877547349103
1373,172084.2966258969,6845685.105163781,74.16811818050633,24.168118180506323
1374,173309.6967855716,6844866.089433474,83.4236673144015,33.4236673144015
1375,160603.593129004,6836364.180575578,147.6968966212688,97.69689662126882
1376,167155.8202872258,6844914.278672841,61.717460477661575,11.717460477661579
1377,171684.3089350362,6844092.310066831,51.869886550132705,1.8698865501327022
1378,163736.8922916276,6848586.245851091,79.47057084215105,29.47057084215104
1379,175156.9675487291,6839155.993227033,121.25679379339789,71.25679379339789
1380,165055.8384790016,6845600.263108673,93.60900280472735,43.609002804727346
1381,171781.8880291882,6846364.339098402,67.05186646166182,17.051866461661817
1382,170660.9401066404,6845428.758222202,84.22896231609717,34.22896231609716
1383,165507.5991008624,6844620.37199616,84.72430150436085,34.72430150436084
1384,165419.4407737961,6844350.376424216,87.67486218953155,37.67486218953156
1385,169304.3080823304,6844794.054529345,88.28252439113272,38.282524391132725
1386,169895.9502778057,6845066.552569829,85.43282166950085,35.43282166950085
1387,170151.2915769259,6845154.77439972,83.72888456256872,33.72888456256873
1388,163120.5095075329,6839864.287467066,36.80919147992705,-13.190808520072952
1389,170583.7167476129,6843541.116942754,97.73649860775605,47.73649860775605
1390,170350.08608949,6843329.413600246,105.01742654221837,55.01742654221838
1391,164657.4646869686,6846814.054451207,97.54757105555576,47.547571055555785
1392,173745.8993876,6843562.271716711,130.1090718497262,80.10907184972619
1393,174131.1016737858,6841811.918249308,117.23254440013136,67.23254440013136
1394,166397.627134352,6849207.633543747,84.07176987881114,34.071769878811146
1395,171469.1130412015,6845629.418484263,60.59444558547685,10.594445585476846
1396,169792.1707783928,6843033.884728956,118.94554960768525,68.94554960768525
1397,169488.9045082234,6842961.405345553,103.23685486957547,53.23685486957546
1398,169192.0760918506,6847312.5,91.13021761969529,41.13021761969529
1399,169069.0496063105,6844673.532568093,79.64077733245256,29.640777332452554
1400,172090.1449895915,6849064.470009394,104.5534509057581,54.55345090575809
1401,164630.3291953132,6843936.985964153,86.17625968717667,36.17625968717667
1402,170442.0319862541,6846333.558840295,72.67186068674052,22.671860686740516
1403,169304.9276863389,6848426.072000352,99.89839831642462,49.89839831642461
1404,161408.9490395857,6842442.200301393,84.0856360837342,34.0856360837342
1405,162618.7282877684,6840460.949377476,1.5968220955471066,-48.40317790445289
1406,163012.9776629881,6840714.131829182,0.6832495645248278,-49.31675043547517
1407,167616.1989995778,6839545.711418731,105.84701835125362,55.847018351253624
1408,168496.4259180314,6844484.147248738,58.77178518862778,8.771785188627781
1409,166765.209210913,6845572.864011554,87.66072025249127,37.660720252491274
1410,168682.2220345859,6842199.645949522,105.33258753225353,55.33258753225351
1411,168068.9286222034,6846818.926131546,101.8494804514035,51.8494804514035
1412,173266.2298935081,6836774.860747897,71.08349264718356,21.08349264718358
1413,160522.9517981921,6840275.434709629,85.3174623180786,35.31746231807859
1414,167653.5180124043,6844816.978831274,82.75268638152389,32.75268638152389
1415,172750.8651615584,6846187.5,75.69827046622527,25.698270466225267
1416,163721.0567611912,6839032.16525781,74.36045935651786,24.360459356517868
1417,163915.5067285213,6839224.806987501,77.95791390907803,27.957913909078027
1418,159181.0181622401,6842726.365702488,113.87373000198961,63.873730001989614
1419,158066.0875865215,6839876.707490528,96.06726918796107,46.067269187961074
1420,168383.6759833658,6842116.76249492,121.75720533696308,71.75720533696308
1421,167133.7665677669,6845844.031717774,85.76439295357534,35.76439295357534
1422,167703.5595615015,6840866.580419749,88.30836805385984,38.30836805385982
1423,156878.4096686192,6845275.452547257,85.06231271607686,35.062312716076875
1424,165279.2408643989,6847950.772602135,92.09403845684528,42.09403845684528
1425,159253.0638286672,6843243.866743996,108.92665000240652,58.92665000240652
1426,172252.6272783942,6843479.618164817,118.92770517604346,68.92770517604347
1427,165398.8572123058,6837909.702545596,177.32842179350405,127.32842179350405
1428,166007.9206916045,6837878.524971163,175.6692773101355,125.66927731013548
1429,168493.670405595,6847143.470293587,89.71828370832662,39.718283708326624
1430,159668.7706526429,6841700.726062135,99.94429782420096,49.94429782420096
1431,159139.1848962222,6840602.541580032,109.06305886702745,59.06305886702745
1432,174300.4524618966,6847559.604683478,67.84775291979733,17.84775291979733
1433,166715.6597112198,6840900.088722118,116.20382706370054,66.20382706370054
1434,168860.4011985393,6839911.497121959,119.2322654798268,69.2322654798268
1435,174055.9281865987,6846722.831337481,66.07657960460698,16.07657960460698
1436,161043.8465191764,6843494.987548052,94.47511849561573,44.475118495615725
1437,163520.3409031107,6837953.9978897,88.05759880819592,38.05759880819592
1438,168166.3115067666,6848152.153649912,102.80151962591964,52.801519625919646
1439,163703.129089208,6843414.304875297,96.73073340622452,46.730733406224516
1440,164152.8369790885,6843644.773121489,67.33815245453025,17.33815245453025
1441,160077.6448900092,6842591.565422677,103.17931328223887,53.17931328223885
1442,167301.2976527505,6845319.366917282,46.35168783923773,-3.6483121607622766
1443,171271.2804339757,6847147.839149262,87.72757866020322,37.727578660203235
1444,166972.3575979352,6845692.647361387,92.83435187787856,42.83435187787857
1445,173530.8391944528,6848483.427436631,99.70291090195556,49.70291090195555
1446,165425.5293209933,6847349.359410709,96.11075374238214,46.11075374238215
1447,171093.868880347,6842694.069208284,154.15684582755202,104.15684582755202
1448,164521.5890829458,6837998.34190267,165.43286366943244,115.43286366943244
1449,173709.355229605,6845729.549459782,100.884456462787,50.88445646278701
1450,172922.8389140894,6845722.149905475,88.60880957980814,38.60880957980815
1451,162904.6272040835,6845698.783761796,107.7810067789432,57.781006778943194
1452,166765.8778976742,6840615.663565514,102.21155465583081,52.21155465583081
1453,171727.9436946661,6845483.4073123,58.63430172918869,8.634301729188698
1454,160941.985250804,6842321.068840193,69.60975628984673,19.60975628984674
1455,160749.6330198544,6842225.007376282,67.30458019576223,17.304580195762238
1456,162416.7576301716,6836069.207740093,110.05720219049493,60.05720219049494
1457,165982.6321058315,6846531.982248138,99.0340733903355,49.034073390335486
1458,159634.8422223955,6842357.420176418,123.49044339255622,73.49044339255623
1459,168844.1484067683,6841075.897568221,74.82336256801969,24.823362568019693
1460,167080.5577330599,6845135.471519867,40.97291162730737,-9.027088372692635
1461,172096.1820981685,6843118.322880594,112.02338706370526,62.02338706370527
1462,160970.9441405842,6839999.039427227,71.11632006652916,21.11632006652914
1463,172187.3297081692,6846855.98795453,78.0846939492937,28.084693949293694
1464,171960.5584871111,6847068.252957441,72.74084715258121,22.740847152581217
1465,172108.2842745531,6846955.567195125,77.58001370448979,27.580013704489787
1466,175847.1297548562,6849322.038613961,119.59649281278442,69.59649281278442
1467,162205.1160485975,6843938.594154235,119.37010908131711,69.37010908131711
1468,166020.7687536618,6839247.028107013,160.07244304005206,110.07244304005204
1469,164659.9020432478,6838906.761851585,132.92343308476822,82.9234330847682
1470,161872.5704454286,6843408.917712891,112.69156822736072,62.69156822736072
1471,158589.5486134095,6850602.93362943,68.92249534009328,18.92249534009328
1472,161918.2142104532,6844503.688393172,112.3177698945361,62.317769894536106
1473,171409.309526967,6846291.945963567,71.23242648687088,21.232426486870878
1474,166692.9912905457,6840332.288020395,109.82302778606581,59.82302778606581
1475,161137.9597888865,6848347.245756344,73.58026281291103,23.580262812911034
1476,156958.3576049357,6837798.592866974,33.28250059159127,-16.71749940840873
1477,167362.0547467468,6836929.548795307,147.1777441624306,97.17774416243059
1478,172371.3777273229,6846500.10481152,80.06563412400658,30.06563412400657
1479,162346.4874093479,6845138.199362896,101.51448203739398,51.514482037393975
1480,171835.5926244873,6840705.192930739,189.70163651007627,139.7016365100763
1481,172440.852345725,6848129.717966795,98.72573261380951,48.72573261380951
1482,157712.0259223013,6842864.852699162,116.49735151872159,66.49735151872159
1483,162146.2835113067,6838122.573223946,96.68619791251027,46.68619791251027
1484,168123.8603169855,6841863.756367116,132.56097992678446,82.56097992678446
1485,172142.180953733,6843282.605021521,99.02090147148124,49.020901471481245
1486,175132.5214074215,6846455.489588846,60.57388041414178,10.57388041414179
1487,171082.1789821901,6848474.781931262,104.74944977767818,54.74944977767818
1488,166265.6587218088,6840049.277679529,144.3130067914613,94.31300679146129
1489,157765.3130037783,6841834.086588765,106.94148650185639,56.9414865018564
1490,172098.0487954362,6841921.285485952,145.40667488493546,95.40667488493548
1491,171430.8856122997,6836458.12493071,86.54646066982326,36.54646066982326
1492,173266.3799479437,6846265.025501827,89.32227638662798,39.322276386627976
1493,169307.0706393812,6847819.8860054,87.91366574682039,37.91366574682037
1494,170625.4453214296,6847059.718202477,94.1288889152077,44.128888915207696
1495,156829.1807225841,6836283.903316518,52.82072834999236,2.82072834999236
1496,161719.7040685529,6840330.640630475,47.561344389095616,-2.438655610904381
1497,170446.9917233053,6841703.825842096,162.29753197372972,112.29753197372972
1498,166306.4124553824,6839424.076511876,149.5510090989037,99.55100909890369
1499,176246.334545949,6841558.333333333,167.8454936976219,117.84549369762188
1500,172121.8651404424,6842762.536443149,125.86821283656298,75.86821283656298
1501,163456.4733184127,6844878.508783149,103.75357419345936,53.75357419345936
1502,167591.0783355762,6838411.645043493,163.21161379620236,113.2116137962023
1503,165229.7085509206,6838782.212927856,172.30384056266865,122.30384056266864
1504,172237.5,6846141.271551725,72.96249793341205,22.962497933412067
1505,170810.6761499493,6846628.320206375,70.15655418213947,20.156554182139473
1506,164499.5301254121,6847995.355676883,86.8950939667063,36.89509396670629
1507,165300.707108585,6837096.4507129,156.22298023288204,106.22298023288204
1508,170566.4514549855,6847727.710189361,103.72710968212112,53.727109682121124
1509,169763.9035150871,6841232.405885924,127.54662241609213,77.54662241609213
1510,165298.4289855181,6845029.803773933,99.69260623374183,49.69260623374184
1511,167314.5007292801,6841363.368256151,125.1604756335735,75.1604756335735
1512,172904.7746491809,6843148.872095515,128.59669124880764,78.59669124880766
1513,169707.1499178592,6846529.031401488,106.26512109780685,56.26512109780687
1514,162641.5854097774,6839549.307011422,37.99334188332069,-12.006658116679318
1515,175911.8745233848,6850690.38871036,105.27192589970954,55.271925899709565
1516,165806.0779120854,6836081.150798267,109.3672295130651,59.3672295130651
1517,174896.5521018273,6844546.571993829,68.61548416477744,18.615484164777435
1518,170766.5330815607,6849819.456615707,92.90484956258254,42.90484956258254
1519,167573.6840209296,6845826.379321018,62.9496210203579,12.949621020357899
1520,168506.7457574756,6839957.954688179,103.84197933375586,53.84197933375587
1521,173786.9334902578,6842509.094036305,130.11178779696982,80.1117877969698
1522,168769.6404048262,6841457.725443421,74.30507997976603,24.305079979766045
1523,169871.5268967793,6849450.595735873,100.96985712842198,50.969857128421985
1524,169295.7054254638,6847566.916651655,87.61676534447716,37.61676534447715
1525,167646.1894554105,6838879.30589578,142.99592967252119,92.99592967252117
1526,167592.5934902587,6848453.457425131,97.90343941775066,47.90343941775066
1527,170595.1946962261,6840347.329162993,181.89530913607464,131.89530913607467
1528,171655.3476071098,6845633.114852841,47.9654107118688,-2.034589288131204
1529,158731.8311225133,6842406.224803405,127.01185162970634,77.01185162970636
1530,159651.1985025918,6840727.664994881,103.56448330038295,53.564483300382946
1531,164239.7004618916,6846103.623581515,98.97136589939018,48.971365899390165
1532,156787.7862864495,6848905.766408813,81.15129381493956,31.151293814939557
1533,172480.2462793098,6841885.604583011,152.2731990865556,102.27319908655559
1534,172255.6248351526,6841812.271934205,147.4763275842696,97.4763275842696
1535,165547.1617015102,6848734.778119053,92.2155308233217,42.21553082332171
1536,173827.6642076503,6844122.381171904,95.06478010336515,45.06478010336515
1537,166205.0753851283,6838387.464575496,176.10151827464543,126.10151827464541
1538,160757.8918921944,6841074.45668308,52.31187861177102,2.3118786117710184
1539,165361.0045066071,6849531.913402203,82.40934488459007,32.40934488459007
1540,158785.8888476689,6841872.925014374,123.95493031438525,73.95493031438524
1541,166675.7170672053,6847515.149485022,87.42533893065941,37.4253389306594
1542,166571.2088547749,6848365.055482878,97.42797393305855,47.42797393305856
1543,166820.0632874249,6837519.380410557,145.96430179324872,95.96430179324871
1544,160564.7136131098,6841700.440417168,75.82761856748542,25.827618567485416
1545,172822.6814742326,6839999.230828157,160.12181841519276,110.12181841519275
1546,160138.8737976002,6843081.615874557,96.88448026813563,46.88448026813563
1547,169690.942649795,6841057.041924025,122.40144995730438,72.40144995730438
1548,170927.1568490224,6846250.839077529,76.84735715562792,26.847357155627922
1549,171434.6606635791,6845799.595573482,59.94047499480335,9.940474994803356
1550,165349.5451068924,6844159.016723266,85.37766919409927,35.37766919409926
1551,164224.7105591797,6844743.037904309,101.10645895630337,51.10645895630337
1552,161004.6014226,6839305.492375012,-0.22898435002498868,-50.22898435002498
1553,165625.8648701599,6839529.38788585,171.62840726845738,121.62840726845737
1554,160480.7794348111,6842294.053872386,80.17714296434984,30.177142964349844
1555,169789.9508720942,6845914.55319837,86.22308906134796,36.223089061347984
1556,171356.6509355512,6842272.654141282,164.49130998426713,114.49130998426713
1557,165912.4392375529,6847065.510096707,97.90030920770732,47.900309207707316
1558,164387.501369473,6837112.567847502,144.76182884045318,94.76182884045318
1559,167589.0943877551,6840485.905612245,85.14805440871174,35.148054408711744
1560,168253.125,6840778.125,77.62187373638153,27.62187373638153
1561,168346.875,6840553.125,80.1203144788742,30.120314478874207
1562,171809.1145833333,6845981.197916667,47.85182722529168,-2.1481727747083212
1563,171603.2956413337,6845869.501531232,46.43503017750238,-3.5649698224976207
1564,171037.3597505704,6846422.271514412,62.25112447158053,12.251124471580535
1565,171112.5,6846412.5,62.27499961853027,12.274999618530273
1566,167204.6556122449,6846637.117346939,76.31480004905112,26.31480004905112
1567,168426.1285388898,6843049.77909177,93.40213920467748,43.40213920467747
1568,168722.4041594432,6843201.653729907,96.39790761345373,46.397907613453725
1569,168247.7684684107,6843085.480381681,44.09594958681308,-5.904050413186927
1570,168262.5,6842887.5,52.45000076293945,2.450000762939453
1571,168937.5,6843337.5,72.14999961853027,22.149999618530273
1572,168835.5071879788,6843488.841160919,58.327042697434585,8.327042697434589
1573,168978.1982067467,6843163.499609124,92.4273389479745,42.4273389479745
1574,168509.2548646601,6843242.138367748,86.88370509543432,36.88370509543433
1575,168356.1812774716,6843197.075101633,72.70748451197773,22.707484511977718
1576,163854.6265696901,6840004.051278839,69.07146074989396,19.071460749893962
1577,167794.6085774212,6842602.225017405,90.48771358101177,40.487713581011775
1578,165512.2890017718,6841118.676920132,30.235879045981356,-19.76412095401864
1579,163237.5,6840112.5,23.68499994277954,-26.31500005722046
1580,163599.8511452321,6839627.738619302,60.54624339879723,10.54624339879723
1581,168098.3005182023,6842730.480632843,56.665226578788634,6.66522657878863
1582,168102.0062970856,6842493.277465016,104.61556491843578,54.615564918435766
1583,164279.6212534332,6840332.617898636,64.96887787521277,14.968877875212772
1584,164837.7898169746,6840659.826023963,60.48371005857454,10.483710058574543
1585,163490.625,6840065.625,48.0737509727478,-1.9262490272521973
1586,167998.7572729893,6842861.240991168,54.145556077370976,4.1455560773709745
1587,168319.1385614197,6842483.092974331,71.14438296005936,21.144382960059353
1588,166144.2289199249,6841525.120182092,58.70130142659604,8.701301426596045
1589,163605.4934320912,6839861.700556639,58.93557414247363,8.93557414247362
1590,166699.5983916101,6841891.245575191,93.5351475074942,43.53514750749421
1591,167300.6106204008,6842250.884815499,100.85101486003148,50.85101486003148
1592,168052.716763338,6843010.979208083,42.48254812814936,-7.517451871850639
1593,164979.1886523065,6840991.826331573,20.830532210289533,-29.16946778971046
1594,164496.2994064363,6840568.025284665,53.38285415122899,3.382854151228992
1595,166387.6349899137,6841790.309812611,88.46966656571516,38.46966656571515
1596,165792.4940242699,6841429.325902146,39.642218047118774,-10.357781952881226
1597,165519.4933887567,6841391.756150396,19.571579545952773,-30.42842045404722
1598,165334.9630727475,6841346.890424569,16.741734876263376,-33.25826512373662
1599,163934.5800804331,6840320.459338224,42.45738704943072,-7.542612950569278
1600,165272.1266918475,6840834.762514585,53.927086255132146,3.927086255132144
1601,164202.6932516696,6840027.22704711,69.93565271706879,19.935652717068784
1602,165190.7240159711,6841197.850789582,19.434553241243258,-30.56544675875675
1603,168146.5128433745,6843496.53638089,35.963233894801334,-14.036766105198659
1604,168497.743476784,6843646.484468874,20.50926045898202,-29.49073954101798
1605,168776.8333485452,6843763.613689031,19.017868464150304,-30.9821315358497
1606,168850.4583371363,6843790.903422258,18.254510604331838,-31.745489395668166
1607,168340.6940666506,6843567.592515028,23.6726869393993,-26.327313060600698
1608,168134.3025686749,6843624.307276178,17.116817450922007,-32.883182549077986
1609,167713.9843136067,6843405.130569075,22.462886874716503,-27.537113125283497
1610,166987.5,6842887.5,17.90499973297119,-32.09500026702881
1611,167926.1570782637,6843286.169056262,48.84792374310795,-1.1520762568920526
1612,167887.5,6843562.5,18.15750002861023,-31.84249997138977
1613,167041.0714285714,6843032.142857143,14.600306403883025,-35.399693596116975
1614,167526.6350667208,6843249.475184554,21.225441422857937,-28.774558577142063
1615,165600.0,6841893.75,9.489999890327454,-40.510000109672546
1616,165842.8260972788,6842047.552954647,11.529607551950923,-38.470392448049076
1617,166071.707629934,6842193.607728867,17.184432445482084,-32.81556755451791
1618,166862.2244021242,6843000.05238359,9.987556374953623,-40.01244362504637
1619,167593.1750200004,6843583.554245477,14.638176712978613,-35.36182328702139
1620,167515.9978724947,6843041.932908423,43.04824217219151,-6.951757827808491
1621,166742.7876447105,6842599.002261858,29.753208099300334,-20.24679190069966
1622,167195.7702402173,6842926.966109535,26.868680247259253,-23.131319752740744
1623,166366.4416359889,6842308.558364011,20.849242420122984,-29.150757579877013
1624,167962.5,6843600.0,18.425000190734863,-31.574999809265137
1625,165474.4454580379,6841782.78122871,10.270207399526122,-39.72979260047388
1626,166570.5723099883,6842535.782290759,19.559219216491492,-30.4407807835085
1627,168054.4685079858,6843279.468507986,33.69262973483024,-16.307370265169762
1628,166794.223788422,6842780.776211578,15.486890271716442,-34.51310972828356
1629,167358.0523521976,6843039.06881863,23.884599371924708,-26.11540062807529
1630,165600.0,6842021.339415869,5.851248354608432,-44.14875164539157
1631,168179.8935276542,6843856.519775637,37.50510380331182,-12.494896196688178
1632,167633.9865170235,6843818.552181749,23.283337456467315,-26.716662543532685
1633,168037.5,6843789.041657498,34.43856873854092,-15.561431261459076
1634,167212.5,6843487.5,46.097500801086426,-3.902499198913574
1635,166647.5300103573,6843229.936552863,52.332626304261105,2.332626304261102
1636,167334.3476460901,6843675.284335191,37.83805369789555,-12.161946302104447
1637,167254.1666666667,6843241.145833333,13.47303270998255,-36.526967290017446
1638,166946.3812733298,6843450.054825343,56.12866553885931,6.128665538859311
1639,167362.5,6843412.5,16.40249991416931,-33.59750008583069
1640,166396.3812733298,6843224.23092728,43.76978684550649,-6.23021315449352
1641,166226.9720922716,6843304.068097226,42.44890418816316,-7.551095811836838
1642,166612.5,6843037.5,30.537500381469727,-19.462499618530273
1643,167451.557941015,6843662.547389198,16.299651370637633,-33.70034862936237
1644,167071.4938023805,6843294.16631378,24.67944425629161,-25.320555743708393
1645,166655.3571428571,6842941.071428572,12.074132955875191,-37.92586704412481
1646,166115.2631196867,6843370.240951849,33.91877300558302,-16.08122699441698
1647,166914.9541475989,6843266.714466815,36.44427091197857,-13.55572908802143
1648,167380.6053634916,6843553.41339099,33.00068945925894,-16.999310540741057
1649,167506.6394852537,6843709.3868473,11.50823491609763,-38.49176508390237
1650,165568.7971707777,6842574.195404051,40.020331117725945,-9.979668882274053
1651,165987.3339964831,6842783.746542295,40.370414406969616,-9.629585593030384
1652,164990.4367298846,6842560.929625881,40.799355691276304,-9.200644308723703
1653,166276.2279633778,6842814.785459752,35.429242649000756,-14.570757350999243
1654,165487.5,6842287.5,19.675000190734863,-30.324999809265137
1655,165999.4247142324,6843245.039883108,39.00088919062013,-10.999110809379873
1656,165675.699685642,6842248.521711561,10.536385873704628,-39.463614126295376
1657,166227.7528241136,6843021.764175748,37.4916558433101,-12.508344156689896
1658,165871.9718088171,6842442.743942984,18.52268197921122,-31.47731802078878
1659,165487.5,6842137.5,9.112500071525574,-40.887499928474426
1660,165872.9312495288,6842278.253882189,7.7703285650726,-42.2296714349274
1661,166090.2179742475,6842450.058260751,9.817605933627416,-40.18239406637258
1662,166370.4551312486,6842969.633272584,34.792683970992655,-15.207316029007341
1663,165262.0426300472,6842324.217848628,20.83629911284708,-29.16370088715292
1664,164937.2038432861,6842430.096911508,23.98991435036133,-26.010085649638672
1665,166035.4545577349,6843064.997755867,50.267548180870804,0.26754818087080584
1666,164849.2199647499,6842698.902745014,49.14036979742773,-0.8596302025722653
1667,165240.1708113164,6842736.813038189,45.460321448178675,-4.539678551821325
1668,165528.6125646848,6842906.318266251,58.261732443387174,8.261732443387176
1669,166233.9633223514,6842616.431710466,16.617038383417384,-33.38296161658261
1670,166451.7767041931,6842831.556471664,26.23771177295106,-23.76228822704894
1671,165800.7444027023,6843075.489712859,63.08072883472172,13.080728834721718
1672,164982.8759369221,6842766.251512417,58.40228393946234,8.402283939462338
1673,165675.1749214105,6842118.38042789,6.690617548615904,-43.309382451384096
1674,166562.9441760483,6842845.389117916,20.672070706681136,-29.327929293318864
1675,164618.5093340335,6841853.639227909,24.059254357536858,-25.940745642463142
1676,163987.5,6841612.5,21.114999771118164,-28.885000228881836
1677,164405.520716802,6841505.629592472,13.472045970769372,-36.52795402923063
1678,165075.3564825484,6841947.896090497,13.575060780636777,-36.424939219363225
1679,164737.5,6841537.5,9.455000162124634,-40.544999837875366
1680,163783.3333333333,6841325.0,13.182222013120668,-36.817777986879335
1681,165304.1949589324,6841964.713975436,7.921513380870777,-42.07848661912922
1682,164175.0,6841237.5,5.610000133514404,-44.389999866485596
1683,163789.0725485822,6841954.877273679,48.26221331316361,-1.7377866868363827
1684,163626.1054421769,6841156.12244898,10.961208532299029,-39.038791467700975
1685,163592.6587301587,6841463.988095238,20.130554904682132,-29.869445095317875
1686,163324.0520521272,6841897.15709525,32.46119764260266,-17.538802357397337
1687,164606.3525993939,6842529.303669691,48.57272158012747,-1.4272784198725268
1688,164612.2878969655,6842243.564066607,39.821195025397614,-10.178804974602388
1689,165211.022903274,6841725.777231316,4.707781148407709,-45.292218851592295
1690,165037.5,6842212.5,24.97499990463257,-25.02500009536743
1691,164812.5,6841387.5,5.3500001430511475,-44.64999985694885
1692,164507.4359123034,6841235.177084,5.45132177450402,-44.548678225495976
1693,163820.5636974177,6841080.71571741,5.296691498786778,-44.70330850121322
1694,164191.4809764426,6842040.493751318,36.34611133087778,-13.653888669122217
1695,163650.0,6841012.5,7.18500018119812,-42.81499981880188
1696,164958.905075188,6841691.094924812,7.2626141424930015,-42.737385857507
1697,164362.5465948067,6841260.031293518,6.277031970012919,-43.72296802998708
1698,163650.0,6841612.5,26.790000915527344,-23.209999084472656
1699,164830.2188648325,6842099.446549766,27.09126808051065,-22.90873191948935
1700,164357.129221279,6842364.706178118,48.48628317117809,-1.5137168288219116
1701,163489.9076574972,6841869.799713708,34.30627146650227,-15.693728533497733
1702,164794.3695686069,6842294.441547832,31.677275309678617,-18.322724690321387
1703,163612.5,6840946.875,4.468750059604645,-45.531249940395355
1704,163328.430078498,6840604.927268247,6.961820727678869,-43.03817927232113
1705,164011.8618367501,6840910.105560131,5.0653847722525915,-44.93461522774741
1706,163796.9900746526,6840875.181894549,5.010533646292215,-44.98946635370779
1707,163464.3964379164,6840805.94372241,5.325621055243012,-44.674378944756995
1708,163237.3946492159,6840422.208945375,11.019256648953327,-38.98074335104667
1709,163156.6430152655,6840555.113078778,9.340132271005444,-40.659867728994556
1710,164211.694085617,6840945.316121551,6.158702579685581,-43.84129742031442
1711,164329.1256333285,6841038.583456309,5.554533642096729,-44.44546635790327
1712,163612.5,6840750.0,5.325000047683716,-44.674999952316284
1713,164021.7154591875,6841033.776390033,4.33978239834441,-45.66021760165559
1714,162375.0,6840900.0,56.34000015258789,6.340000152587891
1715,163005.501260848,6841332.671266296,50.0024590603577,0.0024590603577018255
1716,163204.6677828678,6841600.376797122,58.347967957035465,8.347967957035463
1717,163331.3053502901,6841165.747763287,12.043022279041045,-37.95697772095895
1718,162425.7611604061,6840591.851304373,16.807814657965825,-33.19218534203417
1719,162248.3230229152,6840614.907329196,26.559845403814517,-23.44015459618548
1720,161878.1001952928,6841109.254244701,26.360263520161,-23.639736479839
1721,163469.5381687863,6840998.819324001,5.192715127858123,-44.80728487214188
1722,163462.5,6841312.5,16.34250020980835,-33.65749979019165
1723,163159.9053317573,6841768.79272317,55.792741873050176,5.792741873050177
1724,162694.1326530612,6840814.895044361,22.338972635683568,-27.661027364316432
1725,162131.25,6841106.25,49.77812600135803,-0.22187399864196777
1726,162117.5748101349,6840792.038094974,37.71903279955934,-12.280967200440655
1727,163389.4227585728,6841639.109599641,39.802888439789605,-10.197111560210399
1728,162957.9938295271,6841782.993829527,72.50343716968696,22.50343716968696
1729,163308.4126474723,6840933.350837784,5.280240073435916,-44.71975992656408
1730,162785.283317499,6841033.910425275,37.06998729267038,-12.930012707329615
1731,162543.0297659189,6841299.679780836,75.68981598437793,25.689815984377937
1732,161662.5,6841180.161226264,31.85585906263566,-18.14414093736434
1733,162553.9787626935,6840716.349269747,20.956854514618538,-29.043145485381466
1734,163070.3870526475,6840994.135649576,14.552429512359552,-35.44757048764045
1735,161551.6757809617,6841101.142178576,22.274519491315832,-27.725480508684168
1736,162758.3130896734,6841569.86364445,76.66270545148173,26.66270545148172
1737,162873.4431778577,6840848.823519869,10.959123962316145,-39.04087603768386
1738,163360.7142857143,6841462.5,30.155000686645323,-19.844999313354677
1739,163529.8845421966,6840943.454831,2.728740898352412,-47.271259101647594
1740,162487.5,6840375.0,3.140000104904175,-46.859999895095825
1741,161112.5252915385,6841404.289216391,74.53835433459005,24.538354334590053
1742,161108.679602317,6841731.566763169,85.86495159584459,35.86495159584458
1743,162518.4751879334,6842011.669755048,74.5436857734174,24.543685773417387
1744,162497.7484703155,6842347.143146327,76.16869359969176,26.168693599691768
1745,161919.9500817847,6841920.822587032,86.30913203534935,36.30913203534936
1746,160965.6281614423,6841204.002948924,64.62440370836431,14.624403708364312
1747,160889.5875485897,6841477.798202732,40.04423291557801,-9.955767084421986
1748,162703.8315533517,6842384.940524388,72.03819156035945,22.038191560359447
1749,160907.2992989806,6841830.032630319,61.77697083307951,11.776970833079513
1750,162697.8065361867,6842142.404743374,72.84289109584304,22.84289109584304
1751,162660.4858879746,6842510.251013882,60.80395338092109,10.803953380921083
1752,160953.9253325021,6842025.0,55.60021039002113,5.600210390021136
1753,162750.8275689451,6842007.22812914,54.90351339134898,4.9035133913489855
1754,161546.8185381367,6841928.776884595,97.70319037644035,47.70319037644035
1755,161420.0626766142,6841590.55329416,98.56498464644882,48.56498464644883
1756,160916.8702487751,6841627.669544659,64.59022047766982,14.59022047766982
1757,162213.5806323727,6842186.368892117,90.72166516979516,40.72166516979516
1758,160829.8339095511,6841726.540434996,56.489546121586606,6.489546121586608
1759,161143.4901450583,6841139.777596331,52.1167233977501,2.116723397750097
1760,160875.2554490643,6842025.0,56.49386922505515,6.493869225055149
1761,161715.0059695439,6841636.819414349,84.66460813617158,34.66460813617157
1762,162280.4250884061,6841877.319767423,95.44694920217314,45.446949202173144
1763,161258.2001486257,6841955.833704705,96.5623270227915,46.56232702279149
1764,160878.9070403606,6841201.000737231,42.84057704249692,-7.159422957503079
1765,169366.2158154294,6843550.587980346,64.31899155772051,14.318991557720505
1766,169678.3133021034,6843751.725466149,50.67930143638749,0.6793014363874844
1767,170887.5,6844462.5,79.64999961853027,29.649999618530273
1768,171166.2792658808,6844453.353498494,93.9867463039308,43.98674630393081
1769,169143.9397254344,6843720.385997543,37.05569771711059,-12.94430228288941
1770,171895.4487321469,6844772.102665404,34.47106877190842,-15.528931228091576
1771,170622.6598758227,6844158.387562063,79.35113652258401,29.35113652258401
1772,171487.5,6844575.148968766,59.521299827225675,9.521299827225677
1773,169987.5,6843792.162376418,45.371820546286685,-4.628179453713316
1774,170388.2360390562,6844004.326082171,67.82240547945771,17.82240547945771
1775,169092.5222201234,6843508.353425412,61.97189702326266,11.971897023262665
1776,169463.0123263508,6843848.091359074,36.02184001543065,-13.97815998456935
1777,169632.6893754935,6843943.570415527,26.511563489654467,-23.488436510345537
1778,170823.2142857143,6844624.744897959,29.575437734896113,-20.424562265103894
1779,171130.897037983,6844703.795397745,29.95279573014841,-20.04720426985159
1780,171337.5,6844762.5,28.500000476837158,-21.499999523162842
1781,169164.085961881,6843346.480848086,74.89368033568465,24.893680335684646
1782,170495.5353360828,6844390.889236898,39.03658068876413,-10.963419311235866
1783,171712.5,6844698.4375,37.48020748297378,-12.519792517026216
1784,170662.5,6844500.0,39.89999961853027,-10.100000381469727
1785,169821.9025275216,6843918.530724415,34.36115316539365,-15.638846834606344
1786,169299.6946445358,6843803.177556161,34.63986608561933,-15.360133914380667
1787,171551.5670553936,6844759.578756528,30.68890800301654,-19.31109199698346
1788,172030.8438894716,6844648.937308508,35.07471265728323,-14.925287342716768
1789,170400.8211049726,6844212.716698656,55.0770861767653,5.0770861767652935
1790,170171.8207659146,6843978.179234086,42.44682645516491,-7.5531735448350865
1791,169282.7506262775,6843275.115734277,91.97602697193973,41.97602697193974
1792,170988.815098263,6844615.732299033,39.96939366042767,-10.030606339572332
1793,170916.7554300687,6844242.892099242,92.91641403540461,42.916414035404614
1794,171687.8902434431,6845059.671016872,61.831133472314804,11.831133472314816
1795,172209.6465312585,6845109.646531259,78.02618676872704,28.026186768727047
1796,172162.5,6844762.5,30.875,-19.125
1797,171562.5,6844987.5,41.47499942779541,-8.52500057220459
1798,171924.4114657859,6845088.477310788,57.83011962583794,7.830119625837932
1799,172788.1575506307,6845187.365252425,93.69933096509037,43.69933096509037
1800,171533.5510514391,6845199.543959893,43.636989052008275,-6.363010947991716
1801,172493.0359996154,6845042.803099147,86.79705319835784,36.797053198357844
1802,173102.9081006426,6845275.242413006,88.78640006067084,38.78640006067084
1803,172085.4684108057,6844981.801660296,46.10639712579284,-3.8936028742071525
1804,171496.875,6844921.875,28.23281168937683,-21.76718831062317
1805,171262.5,6845062.5,76.0250015258789,26.025001525878906
1806,170966.0262695403,6844988.066482089,69.44502037131326,19.445020371313277
1807,170662.5,6844762.5,28.625000476837158,-21.374999523162842
1808,170962.5,6844837.5,37.07499980926514,-12.925000190734863
1809,171149.5945173,6844889.598620621,54.33729935200215,4.337299352002148
1810,170813.1116548537,6844846.104298199,40.44702429543294,-9.552975704567068
1811,170596.875,6844696.875,22.34375,-27.65625
1812,171381.25,6844943.75,37.47708321942225,-12.522916780577754
1813,169850.0321859099,6844223.942807677,73.18519203893656,23.185192038936563
1814,170437.5,6844687.5,32.5,-17.5
1815,169987.5,6844162.5,44.97500038146973,-5.024999618530273
1816,170267.2715064386,6844432.23855983,30.238727218259754,-19.761272781740246
1817,170082.7810844688,6844347.885523058,65.28987798231205,15.289877982312047
1818,169493.2973382999,6844075.191630738,29.56907580439257,-20.43092419560743
1819,169312.7481831146,6843979.64987267,20.407045760786637,-29.592954239213363
1820,169692.1821950637,6844156.447705918,58.94868912890831,8.948689128908313
1821,168901.687588752,6843959.540970354,43.85045995946578,-6.149540040534228
1822,168412.5,6843862.5,36.207499980926514,-13.792500019073486
1823,168553.125,6843872.309928928,39.593607215757324,-10.406392784242676
1824,168712.5,6844040.241771012,68.71879435941766,18.718794359417643
1825,169080.150994023,6844137.835472654,66.77421699642933,16.774216996429338
1826,168350.0,6843750.0,18.366666158040424,-31.633333841959576
1827,168777.0267983931,6843908.517794974,37.424335775092324,-12.575664224907673
1828,168280.0,6843735.0,19.08773310343415,-30.912266896565853
1829,163063.4709543808,6842572.788210732,89.14393311418692,39.143933114186936
1830,163070.0255499445,6842232.145372762,75.52331349781164,25.52331349781165
1831,164087.7703360717,6842920.582147457,86.98341331117844,36.98341331117844
1832,162862.5,6842662.5,72.63000106811523,22.630001068115234
1833,162851.9244220544,6842521.112601534,68.806263309706,18.806263309706
1834,162937.5,6842137.5,59.73750114440918,9.73750114440918
1835,164418.6556572834,6842890.047785194,64.7618084642899,14.761808464289892
1836,163730.7503687279,6842739.583574008,88.76952345002219,38.76952345002219
1837,164344.6066248505,6843048.874324092,60.57936229105036,10.579362291050352
1838,164110.5768995937,6843157.925793885,79.83182765595379,29.83182765595379
1839,164197.050877237,6843262.5,66.85634905189953,16.85634905189952
1840,163278.9419534379,6842385.407948916,77.86454701578594,27.864547015785945
1841,163315.9906083615,6842703.529124364,93.6798355958488,43.6798355958488
1842,162895.0042583241,6842247.024228794,71.68811071426137,21.68811071426137
1843,163008.4929399131,6842773.664313304,82.4820258821601,32.4820258821601
1844,163103.2980518984,6842099.436471147,61.792444282360236,11.792444282360236
1845,162962.5,6842362.5,82.78250185648596,32.782501856485965
1846,163548.5127024102,6842482.328013153,76.92584498829221,26.925844988292205
1847,164790.6388672801,6843126.896695299,76.74164468631369,26.74164468631369
1848,165121.0507877131,6843365.011595414,80.11018114122813,30.110181141228132
1849,164614.0734304081,6843238.370808941,79.1473654540806,29.147365454080603
1850,165407.5176798123,6843406.123188375,76.78035478388728,26.780354783887283
1851,164662.5,6842887.5,49.20000076293945,-0.7999992370605469
1852,164594.535382948,6843042.127917374,57.24437385495088,7.244373854950871
1853,165272.0142862252,6843613.500429197,71.3035792167207,21.3035792167207
1854,165633.0453432235,6843547.335568061,62.279539776285404,12.279539776285397
1855,165781.6734176402,6843514.668331082,52.04474362619129,2.0447436261912872
1856,165082.9203055358,6843638.392072693,84.5403645265485,34.5403645265485
1857,164441.296204344,6843253.695829849,61.6587349459129,11.658734945912895
1858,164550.0,6843412.5,75.39999771118164,25.39999771118164
1859,164809.3783604659,6843452.74385514,87.38330698396928,37.38330698396929
1860,165456.2592034834,6843580.506635997,67.34145995339152,17.341459953391528
1861,165837.191237657,6843894.493858979,65.07388014695259,15.073880146952588
1862,165964.335066908,6843706.157800229,62.75884573765617,12.758845737656173
1863,165645.7524075368,6843839.019332319,65.83286165159964,15.83286165159964
1864,166086.2983805142,6844225.553898977,69.75650411345022,19.756504113450212
1865,165412.5,6843787.5,69.10000038146973,19.100000381469727
1866,165787.5,6843712.5,53.20000076293945,3.200000762939453
1867,166087.6303240019,6844091.807111392,65.87769932708545,15.877699327085457
1868,165260.3221801733,6843852.78534705,72.3813209890811,22.3813209890811
1869,166011.8783615911,6843943.961180784,70.34739453581257,20.347394535812573
1870,166441.0049108156,6843833.890990945,64.46612673393008,14.466126733930084
1871,166707.4958806444,6844197.968018311,82.56048873923869,32.5604887392387
1872,166383.2604090301,6844250.607264092,74.61816422835322,24.61816422835323
1873,166840.1172838407,6844497.865970657,60.362784641748256,10.36278464174826
1874,167053.8832026314,6844236.598379942,61.69159517228926,11.691595172289256
1875,166235.4764047328,6843922.698712992,52.40853159434383,2.4085315943438337
1876,167043.75,6843993.75,52.36250019073486,2.3625001907348633
1877,167199.9726460901,6844015.909335191,36.27991060473694,-13.720089395263061
1878,166265.0540044806,6843646.775061001,53.48177061738321,3.481770617383215
1879,166977.1881953524,6844612.5,55.280411111141234,5.280411111141235
1880,166338.1768007462,6844082.880712334,69.73145942936243,19.731459429362438
1881,166219.4225533382,6843775.560794156,44.456958201453226,-5.543041798546776
1882,166982.6692232098,6844402.847481273,42.56022949641728,-7.439770503582722
1883,166051.0612888238,6844463.002455303,68.22488882897693,18.22488882897692
1884,166252.388570599,6844640.321136944,66.78958797667609,16.78958797667609
1885,166783.7029801983,6844913.681639182,66.49226470673023,16.49226470673023
1886,166991.6970072346,6844976.954519883,48.68877716814864,-1.3112228318513555
1887,167362.5,6845587.5,64.45000076293945,14.450000762939453
1888,167221.8502075443,6845449.682770332,66.96212372373779,16.962123723737797
1889,166871.2044274189,6845123.003691819,67.89518277617385,17.895182776173858
1890,167431.4129147955,6845694.428653453,67.20060831732398,17.20060831732399
1891,166514.1866702349,6844790.107204637,80.07335407573183,30.073354075731817
1892,167031.128360873,6845313.526977199,55.14059316447836,5.1405931644783625
1893,166992.6089954876,6844843.524691303,49.36408536765431,-0.6359146323456881
1894,167428.125,6845521.875,52.12812530994415,2.128125309944153
1895,168895.3764445483,6847152.549176758,83.27080822891914,33.27080822891914
1896,168759.9006149578,6846926.68244506,88.78479777107314,38.784797771073144
1897,168183.5620721322,6846331.022193764,81.7807566868298,31.780756686829804
1898,168410.078069111,6846493.10427062,90.40894495484116,40.40894495484116
1899,168601.1209498832,6846748.879050117,93.8082054854751,43.808205485475085
1900,168973.6074234629,6847312.5,84.29549084771112,34.29549084771112
