{"type":"FeatureCollection","name":"finistere_department_outline","hydromodpy_coordinate_crs":"EPSG:2154","features":[{"type":"Feature","properties":{"name":"Finistere","department_code":"029","source":"hydromodpy_admin_departments"},"geometry":{"type":"MultiPolygon","coordinates":[[[[116574.90000000014,6799150.3],[116904.90000000014,6799175.500000001],[116735.1000000001,6798954.600000001],[116566.70000000007,6799089.6],[116574.90000000014,6799150.3]]],[[[116039.5,6799679.2],[115834.40000000014,6799591.6],[115852.5,6799390.899999999],[116323.90000000014,6799251.100000001],[116398.89999999979,6799463.999999998],[116335.90000000002,6799259.800000001],[116426.90000000002,6799233.8],[116455.5,6799207.6],[115892.90000000014,6799208.300000001],[115684.90000000014,6799597.700000001],[115414.8999999999,6799288.3999999985],[115608.00000000012,6799716.6],[115478.40000000014,6800048.6],[114851.90000000002,6800262.699999999],[114696.0,6799936.8],[114600.09999999998,6800205.600000001],[114371.80000000016,6800317.600000001],[114756.90000000014,6800720.700000001],[115038.90000000002,6800331.5],[115482.69999999984,6800295.599999999],[115590.90000000002,6799986.5],[115834.90000000002,6800215.8],[116002.80000000028,6799916.800000003],[115889.79999999981,6799760.599999999],[116039.5,6799679.2]]],[[[116360.19999999995,6800178.6],[116343.90000000002,6800149.999999999],[116316.90000000014,6800180.000000002],[116360.19999999995,6800178.6]]],[[[116319.69999999984,6800214.599999999],[116289.90000000014,6800169.600000001],[116271.90000000014,6800241.599999999],[116319.69999999984,6800214.599999999]]],[[[116310.40000000014,6800300.6000000015],[116287.0,6800263.599999999],[116239.90000000014,6800296.599999999],[116310.40000000014,6800300.6000000015]]],[[[116237.10000000021,6800301.6000000015],[116213.59999999998,6800318.599999999],[116265.99999999988,6800321.6],[116237.10000000021,6800301.6000000015]]],[[[116891.40000000014,6831040.999999999],[116917.5,6831042.999999999],[116894.19999999984,6831002.0],[116891.40000000014,6831040.999999999]]],[[[115693.29999999993,6831010.999999999],[115658.59999999998,6831024.999999999],[115668.0,6831043.899999999],[115693.29999999993,6831010.999999999]]],[[[115704.59999999998,6831047.3],[115685.49999999988,6831048.499999999],[115696.0,6831071.4],[115704.59999999998,6831047.3]]],[[[116731.1000000001,6831123.0],[116747.0,6831126.800000001],[116757.99999999988,6831091.3999999985],[116731.1000000001,6831123.0]]],[[[116807.0,6837407.5],[116846.20000000007,6837399.000000001],[116797.20000000019,6837388.000000001],[116807.0,6837407.5]]],[[[115277.30000000028,6837654.000000002],[115692.0,6837448.599999999],[116154.49999999988,6837634.0],[116460.59999999998,6837298.0],[116364.80000000005,6837172.499999999],[115825.00000000012,6837339.1],[115556.00000000012,6837264.5],[115154.19999999984,6837491.999999998],[115277.30000000028,6837654.000000002]]],[[[113348.00000000023,6837846.5],[113544.10000000021,6837686.000000002],[113197.0,6837416.0],[112567.80000000005,6837300.0],[112676.80000000028,6837507.000000001],[112983.69999999995,6837539.0],[113348.00000000023,6837846.5]]],[[[116887.00000000012,6837854.5],[116936.99999999988,6837773.499999998],[116910.00000000012,6837776.000000001],[116887.00000000012,6837854.5]]],[[[116047.00000000012,6838463.5],[116263.50000000012,6838069.0],[116133.00000000012,6837957.900000001],[116020.50000000012,6838098.0],[116047.00000000012,6838463.5]]],[[[113171.8999999999,6838363.7],[113216.00000000012,6838227.499999999],[113099.30000000028,6838213.0],[113171.8999999999,6838363.7]]],[[[111263.70000000007,6840609.000000002],[112130.20000000007,6840990.799999999],[111880.5,6840735.000000001],[112187.09999999998,6840486.699999999],[112210.3999999999,6839958.699999999],[111911.99999999988,6839711.700000001],[111396.19999999995,6839945.999999999],[111426.1000000001,6840410.1000000015],[111263.70000000007,6840609.000000002]]],[[[112374.80000000016,6840760.000000001],[112792.00000000012,6840969.600000001],[112911.99999999988,6840789.099999999],[112505.00000000012,6840450.0],[112374.80000000016,6840760.000000001]]],[[[110473.30000000016,6840870.999999998],[110459.90000000014,6840840.6],[110451.99999999988,6840868.6],[110473.30000000016,6840870.999999998]]],[[[112993.0,6841334.4],[113007.69999999984,6841295.0],[112882.19999999995,6841147.999999999],[112993.0,6841334.4]]],[[[110015.69999999995,6842498.100000001],[110016.0,6842524.3],[110048.00000000012,6842530.100000001],[110015.69999999995,6842498.100000001]]],[[[109957.00000000023,6842685.500000002],[109981.00000000012,6842676.100000001],[109960.00000000012,6842660.200000001],[109957.00000000023,6842685.500000002]]],[[[110700.19999999995,6842787.999999999],[110638.70000000007,6842874.000000001],[110862.6000000001,6842929.0],[110700.19999999995,6842787.999999999]]],[[[110393.20000000007,6843202.000000001],[110527.80000000016,6842641.0],[110351.0,6842771.999999999],[110105.00000000012,6842535.400000001],[110026.70000000007,6842550.000000001],[110120.50000000012,6842965.0],[110393.20000000007,6843202.000000001]]],[[[110947.19999999984,6842849.999999999],[110938.80000000016,6842844.9],[110911.0,6842893.299999999],[110947.19999999984,6842849.999999999]]],[[[110126.0,6842977.2],[110066.80000000005,6843015.000000001],[110109.00000000012,6843008.400000001],[110126.0,6842977.2]]],[[[107608.00000000012,6843229.4],[107624.6000000001,6843205.000000001],[107554.69999999995,6843186.0],[107608.00000000012,6843229.4]]],[[[107954.0,6843642.7],[107810.5,6843551.0],[107796.00000000012,6843601.2],[107954.0,6843642.7]]],[[[107965.70000000007,6843819.0],[108045.99999999988,6843828.4],[108004.0,6843759.399999999],[107965.70000000007,6843819.0]]],[[[108309.00000000012,6844239.1],[108438.90000000002,6844100.999999999],[108247.99999999988,6843817.499999999],[108287.8999999999,6844579.0],[108423.20000000007,6844585.000000001],[108309.00000000012,6844239.1]]],[[[108098.7999999997,6845289.199999999],[108104.0,6845313.8],[108119.00000000012,6845295.700000001],[108098.7999999997,6845289.199999999]]],[[[100716.00000000012,6846908.4],[100707.8999999999,6846914.0],[100730.30000000005,6846923.0],[100716.00000000012,6846908.4]]],[[[100731.1000000001,6846912.0],[100751.00000000012,6846973.499999999],[100840.8999999999,6846933.999999999],[100731.1000000001,6846912.0]]],[[[100884.09999999998,6847020.200000001],[100881.00000000012,6846965.6],[100876.6000000001,6847002.000000001],[100884.09999999998,6847020.200000001]]],[[[99360.0,6848099.4],[99393.19999999995,6848093.999999999],[99379.0,6848073.500000001],[99360.0,6848099.4]]],[[[107162.90000000014,6848256.0],[107177.90000000002,6848295.000000001],[107179.20000000007,6848244.0],[107162.90000000014,6848256.0]]],[[[99693.50000000012,6848457.000000001],[99957.0,6848722.300000001],[100260.0,6848658.2],[100496.0,6848904.3],[100694.0,6848818.000000002],[101009.0,6849116.3999999985],[101147.00000000012,6848989.1],[101186.00000000012,6849148.2],[101718.0,6849064.6],[101818.19999999984,6849207.999999998],[101590.70000000019,6849444.000000001],[101932.0,6849877.199999998],[102716.6000000001,6849819.999999999],[102718.59999999986,6850054.999999999],[103045.00000000012,6850192.3],[102934.30000000005,6849945.0],[103078.80000000016,6849961.000000001],[103011.0,6849834.000000001],[103216.0,6849714.899999999],[103356.0,6849862.6],[103657.00000000023,6849630.800000001],[103736.00000000012,6849801.300000001],[104133.00000000012,6849797.200000001],[104267.99999999977,6850114.199999998],[104651.00000000012,6850323.0],[104521.0,6850477.1],[104163.09999999998,6850463.0],[104442.0,6850820.3],[104578.50000000012,6850619.000000001],[104935.00000000012,6850629.1],[105118.00000000012,6850462.7],[104904.0,6850344.0],[105245.99999999977,6850187.7],[105316.60000000033,6849867.000000002],[105835.00000000012,6850057.2],[106038.20000000007,6849892.000000001],[106000.0,6849727.999999999],[105444.09999999998,6849386.0],[105793.00000000012,6849247.999999999],[105673.90000000026,6849055.700000001],[105492.1000000001,6849138.800000001],[105315.0,6848885.9],[105634.00000000012,6848812.400000001],[105589.00000000012,6848643.8],[105965.09999999986,6848794.0],[106048.3999999999,6848672.999999999],[105902.30000000005,6848501.999999999],[106066.40000000014,6848274.5],[106267.00000000012,6848519.0],[106396.00000000012,6848440.1],[106354.99999999988,6848591.099999999],[106593.20000000007,6848458.0],[106657.0,6848586.1],[106679.0,6848355.899999999],[106775.00000000012,6848481.700000002],[107059.09999999986,6848262.999999999],[106775.09999999998,6847795.0],[106582.00000000012,6847849.6],[106506.99999999988,6847716.699999999],[105807.90000000014,6847952.0],[105421.0,6847390.699999999],[105152.99999999988,6847314.099999998],[105031.0,6846976.8],[104811.0,6846945.899999999],[104723.70000000007,6847170.000000001],[104507.0,6847001.6],[104323.00000000012,6847351.6000000015],[103779.0,6847017.200000001],[103532.0,6847317.900000001],[103259.99999999988,6846838.9],[102999.0,6846817.600000001],[102811.1000000001,6846230.6],[102371.19999999995,6846149.0],[102324.90000000014,6846343.0],[102051.0,6846061.6],[101924.59999999998,6846150.0],[101724.99999999977,6845822.599999998],[101605.0,6845963.8],[101077.0,6845805.8],[100616.90000000002,6846193.000000001],[100939.00000000012,6846347.7],[101014.99999999988,6846170.800000001],[101230.00000000012,6846198.800000002],[101343.6000000001,6846406.0],[101136.89999999979,6846629.999999997],[101547.0,6846812.1],[101794.0,6846678.6],[101940.90000000014,6846851.0],[102152.20000000007,6846773.8],[102230.00000000035,6847084.900000002],[102681.59999999986,6847289.999999999],[102657.19999999984,6847538.199999999],[102437.20000000019,6847646.1000000015],[102467.70000000007,6847942.300000001],[102289.20000000007,6847700.600000001],[102211.00000000023,6848053.400000001],[101148.0,6847866.1],[100799.00000000012,6847617.100000001],[100613.00000000012,6847859.200000001],[100564.0,6847694.800000001],[100387.60000000021,6847802.0],[100332.1000000001,6847559.000000001],[100299.80000000005,6847680.000000001],[100235.40000000014,6847520.000000001],[100000.00000000012,6847580.9],[99722.19999999995,6847378.9],[99419.00000000012,6847623.500000002],[99095.0,6847456.2],[99146.70000000007,6847875.000000001],[99422.0,6847930.0],[99405.6000000001,6848151.000000001],[99362.40000000026,6848188.000000002],[99425.70000000007,6848175.999999999],[99505.0,6848058.3999999985],[99732.20000000007,6848204.0],[99693.50000000012,6848457.000000001]]],[[[107033.19999999995,6848342.0],[107082.99999999988,6848390.2],[107136.09999999998,6848243.0],[107033.19999999995,6848342.0]]],[[[107088.09999999998,6848407.999999999],[107132.5,6848419.0],[107161.1000000001,6848364.0],[107088.09999999998,6848407.999999999]]],[[[100929.0,6849062.2],[100940.00000000023,6849098.4],[100952.0,6849070.7],[100929.0,6849062.2]]],[[[101658.0,6849690.0],[101601.0,6849679.800000001],[101673.99999999988,6849778.199999999],[101658.0,6849690.0]]],[[[101725.99999999977,6849743.9],[101778.0,6849761.4],[101774.69999999995,6849707.0],[101725.99999999977,6849743.9]]],[[[104043.00000000023,6850592.000000001],[104152.99999999988,6850693.500000001],[104273.1000000001,6850669.999999999],[104115.00000000012,6850578.2],[104043.00000000023,6850592.000000001]]],[[[102126.0,6850782.1],[102343.00000000023,6850995.1],[102261.0,6850790.9],[102400.00000000012,6850721.900000001],[102979.00000000012,6850809.500000001],[103169.1000000001,6850473.000000001],[102498.99999999988,6850418.799999999],[102264.69999999984,6850560.999999999],[102126.0,6850782.1]]],[[[104443.90000000014,6850954.000000001],[104460.00000000012,6850957.6],[104471.00000000012,6850821.600000001],[104443.90000000014,6850954.000000001]]],[[[126489.19999999995,6798089.7],[126517.80000000005,6798020.499999998],[126469.79999999981,6798114.999999998],[126489.19999999995,6798089.7]]],[[[125028.80000000005,6798391.8],[124973.49999999988,6798423.299999998],[125042.90000000026,6798410.700000001],[125028.80000000005,6798391.8]]],[[[126249.80000000016,6800800.6000000015],[126234.30000000028,6800826.600000001],[126317.90000000014,6800822.6],[126249.80000000016,6800800.6000000015]]],[[[126353.80000000005,6800860.699999999],[126382.99999999977,6800844.599999998],[126333.80000000016,6800820.4],[126353.80000000005,6800860.699999999]]],[[[126245.80000000005,6800957.300000001],[126323.00000000012,6800893.600000001],[126218.5,6800928.599999999],[126245.80000000005,6800957.300000001]]],[[[126236.80000000005,6801362.6],[126192.8000000004,6801348.400000003],[126196.79999999993,6801390.199999999],[126236.80000000005,6801362.6]]],[[[126047.80000000016,6801482.6],[126100.7999999997,6801521.599999998],[126124.80000000005,6801408.0],[126047.80000000016,6801482.6]]],[[[128076.00000000023,6801630.6000000015],[128044.6999999996,6801620.199999997],[128049.69999999995,6801648.6],[128076.00000000023,6801630.6000000015]]],[[[128092.90000000014,6801783.6],[128130.10000000021,6801768.6],[128105.70000000007,6801752.500000001],[128092.90000000014,6801783.6]]],[[[128191.90000000002,6801773.6],[128153.1000000001,6801793.600000001],[128204.00000000012,6801785.600000001],[128191.90000000002,6801773.6]]],[[[133666.90000000014,6801884.600000001],[133669.59999999974,6801903.999999997],[133735.50000000012,6801855.600000001],[133666.90000000014,6801884.600000001]]],[[[126279.80000000005,6802017.8],[126310.1000000001,6802005.6],[126272.80000000016,6801987.2],[126279.80000000005,6802017.8]]],[[[133713.59999999986,6802088.899999999],[133780.5,6802010.600000001],[133685.19999999984,6802063.599999999],[133713.59999999986,6802088.899999999]]],[[[134030.20000000007,6802048.600000001],[133993.79999999993,6802069.599999999],[134019.59999999998,6802070.499999999],[134030.20000000007,6802048.600000001]]],[[[133664.99999999988,6802146.599999999],[133681.59999999986,6802156.599999999],[133696.59999999998,6802133.2],[133664.99999999988,6802146.599999999]]],[[[133807.80000000016,6824352.000000001],[133753.90000000014,6824416.0],[133808.79999999993,6824381.999999998],[133807.80000000016,6824352.000000001]]],[[[133969.80000000016,6824392.0],[133935.49999999988,6824420.999999998],[133968.90000000002,6824430.2],[133969.80000000016,6824392.0]]],[[[133911.80000000005,6824402.0],[133861.0,6824373.3],[133847.70000000007,6824474.000000002],[133911.80000000005,6824402.0]]],[[[125521.50000000012,6830970.000000002],[125517.59999999998,6830940.999999999],[125494.00000000012,6830979.7],[125521.50000000012,6830970.000000002]]],[[[125643.0,6831120.499999999],[125642.0,6831069.3],[125603.70000000007,6831074.0],[125643.0,6831120.499999999]]],[[[116874.99999999977,6831247.1],[116962.69999999995,6831230.499999999],[116901.00000000012,6831148.000000001],[116874.99999999977,6831247.1]]],[[[125642.69999999995,6831298.000000001],[125683.00000000012,6831323.300000002],[125674.20000000007,6831288.000000002],[125642.69999999995,6831298.000000001]]],[[[129631.20000000007,6831332.0],[129646.40000000014,6831363.0],[129650.6000000001,6831333.000000001],[129631.20000000007,6831332.0]]],[[[126383.00000000012,6831355.100000001],[126361.49999999988,6831374.999999997],[126418.69999999995,6831374.0],[126383.00000000012,6831355.100000001]]],[[[126405.90000000014,6831427.000000001],[126421.29999999993,6831444.999999999],[126428.1000000001,6831398.0],[126405.90000000014,6831427.000000001]]],[[[125020.50000000012,6831524.000000001],[124986.00000000012,6831467.6],[124947.0,6831497.899999999],[125020.50000000012,6831524.000000001]]],[[[127120.69999999995,6831581.0],[127115.70000000007,6831561.0],[127096.00000000012,6831563.0],[127120.69999999995,6831581.0]]],[[[124749.40000000002,6831836.500000001],[124777.00000000023,6831846.200000001],[124773.80000000005,6831823.899999999],[124749.40000000002,6831836.500000001]]],[[[130463.19999999995,6831913.0],[130534.40000000002,6831848.9],[130428.0,6831836.3],[130463.19999999995,6831913.0]]],[[[130435.00000000012,6831925.000000002],[130403.09999999998,6831935.0],[130449.30000000005,6831959.000000001],[130435.00000000012,6831925.000000002]]],[[[118688.99999999988,6833523.8999999985],[118538.00000000012,6833629.5],[118147.00000000012,6833516.6],[118309.50000000023,6833880.000000001],[118639.00000000023,6834003.000000002],[118797.90000000014,6834569.000000002],[119411.80000000005,6834817.0],[119589.70000000007,6835166.000000001],[120024.70000000019,6834973.0],[118957.99999999988,6834214.899999999],[118713.8999999999,6833927.999999999],[118688.99999999988,6833523.8999999985]]],[[[124172.0,6836046.900000001],[124199.0,6836167.6],[124228.00000000012,6836105.000000001],[124172.0,6836046.900000001]]],[[[117355.90000000002,6836947.100000001],[117270.09999999998,6836999.9],[117345.00000000023,6836999.900000002],[117355.90000000002,6836947.100000001]]],[[[117158.20000000007,6837320.0],[116868.59999999998,6837426.0],[116949.99999999977,6837692.799999999],[117158.20000000007,6837320.0]]],[[[124019.99999999988,6842771.6],[124063.09999999998,6842742.000000001],[124004.70000000007,6842737.000000001],[124019.99999999988,6842771.6]]],[[[124961.69999999995,6843667.0],[124777.20000000019,6843703.000000001],[124849.00000000012,6843803.1],[124961.69999999995,6843667.0]]],[[[125484.6000000001,6843959.000000001],[125511.00000000023,6843962.600000001],[125508.00000000012,6843933.700000001],[125484.6000000001,6843959.000000001]]],[[[126235.49999999988,6849017.999999999],[126315.1000000001,6848826.000000001],[126230.0,6848659.000000001],[126115.0,6848916.0],[126235.49999999988,6849017.999999999]]],[[[126288.20000000007,6849624.000000001],[126216.40000000026,6849578.000000002],[126203.00000000023,6849645.100000001],[126288.20000000007,6849624.000000001]]],[[[126682.40000000014,6853777.2],[126965.90000000014,6853863.5],[126997.90000000002,6853557.300000001],[126765.5,6853445.1],[126682.40000000014,6853777.2]]],[[[130805.80000000016,6857330.0],[130832.80000000016,6857357.999999998],[130846.80000000005,6857316.500000002],[130805.80000000016,6857330.0]]],[[[132270.69999999995,6857598.0],[132357.1000000001,6857610.000000001],[132299.80000000005,6857540.800000001],[132270.69999999995,6857598.0]]],[[[133083.6000000001,6857809.900000001],[133120.80000000016,6857857.699999999],[133143.30000000016,6857797.000000002],[133083.6000000001,6857809.900000001]]],[[[133303.80000000028,6858105.200000001],[133297.0,6858161.0],[133485.90000000014,6858153.0],[133303.80000000028,6858105.200000001]]],[[[132831.30000000016,6858326.000000001],[132818.40000000014,6858297.999999999],[132794.80000000016,6858303.000000001],[132831.30000000016,6858326.000000001]]],[[[134225.49999999988,6802172.599999998],[134230.6000000001,6802188.300000001],[134289.6000000001,6802087.0],[134225.49999999988,6802172.599999998]]],[[[135271.19999999984,6802225.599999999],[135298.09999999998,6802181.599999998],[135281.6000000001,6802192.7],[135271.19999999984,6802225.599999999]]],[[[142983.49999999988,6802787.699999998],[142950.90000000002,6802797.599999999],[142968.80000000005,6802859.6],[142983.49999999988,6802787.699999998]]],[[[135916.70000000007,6802896.600000001],[135884.80000000005,6802922.600000001],[135916.80000000028,6802923.6000000015],[135916.70000000007,6802896.600000001]]],[[[138954.20000000007,6813200.000000001],[139002.0,6813235.199999999],[139017.40000000014,6813220.0],[138954.20000000007,6813200.000000001]]],[[[141886.80000000005,6814369.0],[141843.00000000012,6814357.9],[141863.0,6814394.199999999],[141886.80000000005,6814369.0]]],[[[134267.69999999995,6821498.999999999],[134298.50000000023,6821467.000000002],[134197.59999999986,6821484.999999999],[134267.69999999995,6821498.999999999]]],[[[134590.69999999995,6821728.0],[134648.50000000012,6821788.000000001],[134648.19999999995,6821684.0],[134590.69999999995,6821728.0]]],[[[134742.00000000012,6821685.500000001],[134749.5,6821751.0],[134884.0,6821801.099999999],[134742.00000000012,6821685.500000001]]],[[[134944.8999999999,6821827.999999999],[135084.99999999988,6821930.499999999],[135030.99999999988,6821797.899999999],[134944.8999999999,6821827.999999999]]],[[[134810.70000000007,6825022.0],[134791.1000000001,6825036.999999999],[134772.00000000012,6825055.5],[134810.70000000007,6825022.0]]],[[[134863.59999999998,6825161.0],[134836.00000000012,6825157.6000000015],[134823.0,6825186.1],[134863.59999999998,6825161.0]]],[[[134803.00000000012,6825268.200000001],[134821.19999999984,6825271.999999999],[134820.00000000012,6825248.000000001],[134803.00000000012,6825268.200000001]]],[[[136315.90000000002,6825442.0],[136338.0,6825486.899999999],[136373.00000000023,6825441.800000001],[136315.90000000002,6825442.0]]],[[[136235.0,6825501.0],[136302.49999999988,6825469.0],[136254.99999999988,6825462.6],[136235.0,6825501.0]]],[[[142125.80000000005,6826950.0],[141813.99999999988,6826864.5],[142022.00000000012,6827104.6000000015],[142125.80000000005,6826950.0]]],[[[142542.19999999995,6827079.0],[142332.00000000012,6826969.2],[142589.0,6827335.3],[142542.19999999995,6827079.0]]],[[[139069.50000000012,6827955.0],[139081.0,6827973.6],[139097.0,6827943.599999999],[139069.50000000012,6827955.0]]],[[[138713.00000000012,6828997.000000001],[138731.00000000012,6829110.0],[138747.00000000012,6828984.6],[138713.00000000012,6828997.000000001]]],[[[136573.00000000012,6831181.100000001],[136597.80000000016,6831201.000000001],[136633.00000000012,6831213.9],[136573.00000000012,6831181.100000001]]],[[[136833.30000000005,6857860.000000001],[136832.3999999999,6857870.0],[136881.5,6857882.999999999],[136833.30000000005,6857860.000000001]]],[[[135561.69999999995,6858425.0],[135501.7000000002,6858358.300000002],[135447.59999999998,6858513.999999999],[135561.69999999995,6858425.0]]],[[[134409.80000000028,6858545.500000002],[134341.30000000005,6858582.0],[134413.00000000023,6858584.600000001],[134409.80000000028,6858545.500000002]]],[[[139173.79999999993,6858698.0],[138864.30000000016,6858803.0],[139193.6000000001,6858921.0],[139173.79999999993,6858698.0]]],[[[135164.5,6858906.999999998],[135104.69999999995,6858802.7],[135007.1000000001,6858935.000000001],[135164.5,6858906.999999998]]],[[[137341.69999999995,6858957.9],[137282.69999999995,6859009.5],[137347.59999999998,6859093.0],[137341.69999999995,6858957.9]]],[[[137394.09999999998,6859154.000000001],[137362.69999999995,6859113.6],[137358.69999999984,6859163.099999999],[137394.09999999998,6859154.000000001]]],[[[137330.69999999995,6859289.399999999],[137354.80000000016,6859272.000000002],[137336.30000000005,6859218.0],[137330.69999999995,6859289.399999999]]],[[[139428.6000000001,6859518.0],[139417.59999999986,6859610.3],[139477.29999999993,6859589.999999999],[139428.6000000001,6859518.0]]],[[[139153.19999999995,6860174.9],[139069.6000000001,6860266.900000001],[139168.00000000023,6860196.900000002],[139153.19999999995,6860174.9]]],[[[141734.99999999988,6860338.899999999],[141870.6000000001,6860423.8],[141899.59999999998,6860322.8],[141734.99999999988,6860338.899999999]]],[[[143423.09999999998,6860442.9],[143293.50000000012,6860327.200000001],[143214.09999999998,6860370.9],[143313.5,6860518.799999999],[143423.09999999998,6860442.9]]],[[[138834.6000000001,6860623.7],[138918.69999999995,6860500.9],[138920.6000000001,6860364.600000001],[138744.1000000001,6860513.9],[138834.6000000001,6860623.7]]],[[[137793.69999999984,6860720.900000001],[138030.70000000007,6860525.900000001],[137968.70000000007,6860370.7],[137736.69999999995,6860546.1],[137793.69999999984,6860720.900000001]]],[[[141664.69999999995,6860897.899999999],[141551.6000000002,6860767.600000001],[141448.29999999993,6860925.900000001],[141664.69999999995,6860897.899999999]]],[[[142587.50000000012,6860594.100000001],[142422.70000000007,6861291.900000001],[142808.09999999998,6860895.899999999],[142587.50000000012,6860594.100000001]]],[[[142102.30000000005,6861584.9],[142072.59999999986,6861557.399999999],[142080.59999999998,6861617.2],[142102.30000000005,6861584.9]]],[[[142231.90000000014,6861578.9],[142130.30000000005,6861650.9],[142203.30000000005,6861627.9],[142231.90000000014,6861578.9]]],[[[140301.59999999986,6861833.5],[140270.6000000001,6861972.200000001],[140328.80000000005,6861848.899999999],[140301.59999999986,6861833.5]]],[[[142581.30000000005,6861996.900000001],[142409.59999999986,6861681.799999999],[142540.5,6862156.4],[142581.30000000005,6861996.900000001]]],[[[142716.19999999995,6862343.900000001],[142771.90000000014,6862530.900000001],[142864.90000000002,6862356.900000001],[142716.19999999995,6862343.900000001]]],[[[141086.40000000002,6862887.8],[141109.59999999998,6863084.399999999],[141336.20000000007,6863039.800000001],[141210.6000000001,6862677.899999999],[141086.40000000002,6862887.8]]],[[[140594.8999999999,6863152.799999999],[140520.40000000002,6863212.8],[140574.20000000007,6863185.800000002],[140594.8999999999,6863152.799999999]]],[[[142798.50000000012,6864036.300000002],[142924.90000000002,6863884.8],[142879.09999999998,6863779.8],[142801.29999999993,6863876.799999999],[142798.50000000012,6864036.300000002]]],[[[143359.00000000012,6864376.8],[143184.50000000012,6864179.4],[143151.50000000012,6864378.000000001],[143066.49999999988,6864177.300000001],[142979.50000000012,6864310.200000001],[143129.50000000023,6864510.700000001],[143359.00000000012,6864376.8]]],[[[177208.70000000013,6756888.400000002],[177265.40000000002,6756875.4],[177207.60000000003,6756769.400000001],[177208.70000000013,6756888.400000002]]],[[[175876.7,6757311.3999999985],[175590.09999999986,6757289.399999999],[175790.09999999992,6757737.399999999],[176026.2,6757443.299999999],[176295.90000000008,6757418.1],[176343.20000000007,6756692.600000001],[176197.20000000007,6756836.399999999],[175958.2,6756686.9],[175693.19999999995,6756763.099999999],[175876.7,6757311.3999999985]]],[[[174647.30000000005,6757468.399999999],[174590.30000000005,6757450.099999999],[174610.5,6757513.4],[174647.30000000005,6757468.399999999]]],[[[174795.69999999995,6757626.4],[174761.30000000005,6757586.3],[174671.0,6757675.4],[174795.69999999995,6757626.4]]],[[[174412.59999999998,6757728.400000001],[174438.30000000016,6757758.7],[174578.70000000007,6757716.400000001],[174412.59999999998,6757728.400000001]]],[[[175471.40000000026,6758349.400000001],[175490.40000000014,6758287.4],[175410.90000000002,6758327.4],[175471.40000000026,6758349.400000001]]],[[[176244.2000000002,6758416.4],[176379.1999999999,6758399.199999998],[176296.20000000013,6758274.1],[176244.2000000002,6758416.4]]],[[[174850.90000000026,6758466.400000002],[175117.20000000007,6758682.400000002],[175302.29999999993,6758489.899999999],[174991.09999999986,6758366.399999999],[174850.90000000026,6758466.400000002]]],[[[175418.2000000002,6758529.700000002],[175537.49999999988,6758578.3999999985],[175483.90000000002,6758493.900000001],[175418.2000000002,6758529.700000002]]],[[[176583.2000000002,6758964.000000002],[176334.3,6758995.599999998],[176268.90000000026,6759041.700000002],[176543.20000000007,6759099.500000001],[176583.2000000002,6758964.000000002]]],[[[175285.30000000005,6759197.8],[175301.90000000002,6759179.4],[175221.59999999998,6759162.400000001],[175285.30000000005,6759197.8]]],[[[175656.59999999998,6759009.7],[175419.40000000002,6759152.4],[175830.20000000007,6759408.0],[176126.20000000007,6759349.7],[176115.20000000007,6759178.9],[175656.59999999998,6759009.7]]],[[[173435.19999999995,6759545.499999999],[173389.2999999998,6759474.399999999],[173309.00000000012,6759488.3],[173435.19999999995,6759545.499999999]]],[[[173268.69999999995,6759510.3],[173352.30000000016,6759572.000000001],[173305.29999999993,6759506.199999998],[173268.69999999995,6759510.3]]],[[[175949.20000000007,6759815.600000001],[176023.70000000024,6759817.300000001],[175944.00000000006,6759738.600000001],[175949.20000000007,6759815.600000001]]],[[[174157.59999999986,6765166.2],[174296.30000000016,6765166.9],[174362.19999999995,6764965.2],[174237.2999999998,6764940.299999997],[174157.59999999986,6765166.2]]],[[[174766.0,6765050.2],[174766.09999999998,6765150.2],[174817.40000000014,6765136.200000001],[174766.0,6765050.2]]],[[[174454.30000000005,6765195.399999999],[174399.30000000005,6765202.100000001],[174430.29999999993,6765262.299999999],[174454.30000000005,6765195.399999999]]],[[[148468.40000000014,6771546.200000001],[148548.40000000002,6771614.5],[148577.30000000005,6771574.2],[148401.40000000002,6771500.299999999],[148468.40000000014,6771546.200000001]]],[[[148477.19999999995,6771589.199999998],[148475.30000000005,6771602.2],[148514.1000000001,6771586.2],[148477.19999999995,6771589.199999998]]],[[[148440.40000000002,6772457.6],[148440.40000000002,6772526.200000001],[148518.90000000026,6772491.200000001],[148440.40000000002,6772457.6]]],[[[163388.6000000001,6773758.000000001],[163383.90000000002,6773976.599999999],[163594.19999999995,6774082.199999999],[163938.40000000014,6773633.899999999],[163904.79999999993,6773289.399999999],[163388.6000000001,6773758.000000001]]],[[[163439.6000000001,6774700.100000001],[163483.50000000012,6774678.6],[163413.40000000002,6774659.499999999],[163439.6000000001,6774700.100000001]]],[[[157435.10000000033,6802242.000000001],[157422.00000000012,6802227.3],[157419.00000000023,6802254.700000002],[157435.10000000033,6802242.000000001]]],[[[154517.59999999998,6803190.999999999],[154562.0,6803462.999999999],[154743.0,6803287.7],[154728.90000000002,6803078.8],[154517.59999999998,6803190.999999999]]],[[[153538.0,6803967.799999999],[153496.80000000005,6804016.999999999],[153553.50000000012,6803985.0],[153538.0,6803967.799999999]]],[[[159696.3999999999,6807803.999999999],[159768.00000000012,6807807.100000001],[159746.00000000023,6807736.300000001],[159696.3999999999,6807803.999999999]]],[[[207387.70000000013,6785664.7],[207622.2,6786031.1],[208536.89999999997,6786115.5],[208992.49999999988,6785948.0],[209393.8,6785366.8],[209619.1000000001,6785455.1000000015],[209652.90000000037,6785710.800000003],[209843.50000000006,6785714.2],[209987.80000000016,6786008.300000001],[210286.00000000012,6785861.900000001],[210490.00000000006,6786155.4],[211190.49999999983,6785990.799999998],[211403.1000000001,6786270.300000001],[212022.4000000002,6785856.300000001],[212218.2000000002,6785365.400000001],[212425.40000000026,6785453.400000002],[212695.60000000015,6785330.300000001],[213318.20000000013,6785553.500000002],[213719.40000000002,6784446.899999999],[214134.90000000014,6784052.300000001],[214651.29999999993,6783841.899999999],[214971.3999999999,6783978.999999999],[215513.8000000001,6783855.400000001],[215776.30000000005,6783968.400000001],[216192.90000000008,6783743.599999999],[216605.20000000036,6782794.800000003],[216518.50000000023,6782008.6000000015],[216748.3000000001,6781804.400000001],[216741.5,6781113.1],[216970.09999999998,6780771.7],[217284.70000000007,6780814.100000001],[217769.59999999998,6780538.799999999],[217705.00000000012,6780311.700000002],[218129.70000000007,6780685.5],[218360.7,6781969.2],[218654.40000000008,6781520.4],[218801.79999999993,6781492.3],[218990.20000000024,6781734.100000002],[219467.79999999993,6781647.299999998],[220402.90000000014,6782332.4],[220499.40000000014,6782197.8],[221332.59999999992,6782485.099999999],[221862.40000000014,6783287.300000002],[222048.2999999998,6783175.699999998],[222299.70000000013,6782351.500000001],[222649.90000000008,6782319.3],[222671.90000000002,6781594.0],[222961.0,6781610.5],[223071.60000000015,6781280.7],[223308.7,6781350.299999999],[223435.0,6781186.200000001],[223292.19999999995,6780486.6],[222576.90000000008,6779706.6],[222746.69999999995,6778719.8],[223355.60000000003,6778265.0],[223522.2,6777637.3999999985],[223107.60000000015,6777231.600000001],[222939.70000000013,6776768.9],[222424.30000000005,6776989.0],[221798.39999999997,6776720.799999998],[221703.00000000023,6776031.700000001],[222101.6000000002,6775881.800000003],[221966.40000000002,6775608.300000001],[221554.79999999993,6775533.8],[221110.8000000001,6775758.300000001],[220921.8000000001,6775576.200000002],[221169.8000000001,6775392.000000001],[221639.20000000007,6775383.1],[221940.70000000007,6775145.7],[221985.60000000003,6774834.6],[221648.99999999994,6774543.499999999],[221846.9000000002,6774218.300000002],[222009.3,6773195.3],[221854.09999999998,6772669.6],[221976.49999999994,6771962.8],[221703.59999999992,6771208.199999999],[222118.59999999998,6770795.0],[221699.59999999998,6770736.099999999],[221182.20000000007,6770893.1000000015],[221198.00000000006,6771357.2],[220600.00000000006,6771584.800000001],[219645.40000000002,6771491.2],[219017.70000000007,6771007.099999999],[218833.30000000005,6771190.900000001],[218392.8,6771152.1],[218070.4000000002,6770597.8],[218171.40000000002,6769261.700000002],[217786.50000000012,6769072.000000001],[217439.70000000007,6768223.700000001],[217163.89999999997,6768337.5],[216876.09999999998,6768194.8],[216142.49999999988,6768207.299999999],[216001.80000000022,6767847.200000001],[215724.10000000015,6767740.800000002],[215301.39999999997,6767043.799999999],[215069.50000000006,6766963.7],[214954.6000000002,6767113.600000001],[214760.0,6767055.899999999],[214519.3,6767532.899999999],[214274.3,6767494.9],[214047.2000000002,6767793.100000001],[213349.20000000007,6768045.6],[213114.6999999999,6768862.8999999985],[212679.5,6768988.5],[212978.70000000007,6769986.499999999],[212686.50000000012,6770043.700000001],[212240.90000000014,6769642.100000001],[212364.50000000006,6769327.000000001],[212015.19999999995,6769371.1],[211282.2,6768602.0],[211179.3,6767203.000000002],[211686.20000000007,6766884.100000001],[211316.5,6766482.800000001],[211428.49999999983,6766089.8999999985],[212293.50000000006,6765713.4],[212171.8999999999,6765058.099999998],[212546.2,6764889.399999999],[212358.09999999992,6764717.499999999],[212401.50000000006,6764394.0],[211883.10000000015,6764248.000000001],[211748.30000000016,6763759.000000002],[211484.49999999988,6763567.699999998],[211725.59999999986,6763079.999999999],[211392.69999999984,6762778.299999998],[211241.70000000013,6761942.000000001],[210864.1999999999,6761939.999999999],[211223.0000000003,6761788.200000003],[211301.50000000017,6761170.000000002],[211223.00000000012,6760995.7],[210827.0,6760863.4],[210744.0,6760541.4],[210424.00000000006,6760735.9],[210300.10000000003,6760652.999999999],[210299.00000000012,6760801.200000001],[209991.10000000015,6760967.000000001],[209665.99999999988,6760656.799999998],[209495.30000000005,6760742.000000001],[209529.49999999988,6760786.799999999],[209436.00000000006,6760948.0],[209515.00000000006,6760995.9],[209144.99999999983,6760965.999999998],[208975.8000000001,6761285.000000001],[208866.0,6761256.8],[208860.00000000012,6761350.900000001],[208623.00000000006,6761429.0],[208488.99999999988,6761379.099999997],[208231.30000000016,6761537.0],[207901.00000000006,6761464.800000001],[207840.00000000006,6761297.500000001],[207758.00000000006,6761452.200000001],[207649.00000000012,6761244.800000002],[207201.20000000007,6761543.0],[207128.0,6761389.499999999],[206861.90000000008,6761588.0],[206705.39999999997,6761447.0],[206330.00000000012,6761739.3],[206001.00000000006,6761595.400000001],[205908.3,6761779.0],[205607.59999999998,6761808.0],[205583.70000000013,6761986.000000002],[205886.00000000006,6762240.0],[205960.00000000012,6762527.8],[206119.79999999993,6762452.199999998],[206019.60000000015,6762529.000000001],[206214.00000000006,6762730.3],[205935.79999999993,6762664.999999998],[205800.00000000012,6762276.500000001],[205470.0,6762183.8],[205527.99999999994,6761914.299999998],[205380.0,6761839.4],[205500.1000000001,6761779.000000001],[205268.5,6761837.599999999],[205294.00000000017,6761645.700000002],[205114.19999999995,6761826.0],[204956.39999999997,6761746.999999998],[204680.99999999983,6762083.499999999],[204249.99999999983,6761878.199999998],[204093.80000000005,6762085.000000001],[204169.0,6762401.9],[204014.0,6762159.499999999],[203699.0,6762249.2],[203620.99999999994,6762446.1],[203295.0,6762359.400000001],[203366.99999999988,6762760.899999999],[203248.9000000002,6762562.000000001],[202837.7,6762467.0],[202879.50000000017,6762814.000000002],[202626.90000000008,6763085.8],[202666.5,6763313.500000001],[202997.00000000012,6763472.900000001],[203260.2,6764150.0],[203489.0,6764199.099999999],[203572.9000000002,6764472.900000001],[203405.90000000002,6764255.0],[203206.70000000013,6764287.0],[202930.99999999994,6763616.9],[202506.90000000008,6763392.999999999],[202406.0,6763063.7],[201788.00000000017,6763176.900000001],[201621.0,6763530.399999999],[201325.00000000017,6763321.600000001],[201196.00000000017,6763406.500000001],[201095.2000000002,6763718.000000001],[201318.1000000002,6764059.000000002],[201285.0,6764449.7],[201238.6000000002,6763999.000000002],[201038.99999999994,6763889.699999999],[201099.1000000001,6763439.4],[200888.00000000006,6763229.000000002],[200894.69999999978,6763055.699999997],[200919.10000000015,6763031.000000001],[200880.09999999992,6763046.999999999],[200762.4000000002,6762951.100000001],[200765.99999999994,6762896.999999999],[200568.2000000002,6762916.4],[200478.00000000006,6762812.5],[200476.90000000008,6762933.200000001],[200141.50000000023,6763019.000000001],[200083.20000000007,6763279.0],[199787.90000000008,6763311.599999999],[199368.1000000002,6763733.000000003],[199366.2,6763975.0],[199197.0,6764023.699999999],[199261.4000000002,6764218.600000001],[199116.00000000023,6764097.000000001],[198861.0,6764221.9],[198076.0,6765103.199999999],[197295.8000000001,6765595.000000002],[197533.90000000008,6765954.6],[197331.4000000002,6766124.0],[197752.00000000012,6766557.700000001],[198112.00000000017,6766509.700000001],[198251.3000000001,6766924.000000001],[198570.99999999994,6767184.799999998],[198933.7000000002,6767065.6000000015],[199048.9000000002,6766581.000000001],[199188.00000000012,6766599.500000001],[199076.50000000023,6766873.000000002],[199248.2,6767028.000000001],[198996.10000000003,6767217.0],[199433.00000000012,6767747.900000001],[200317.00000000012,6767635.3],[200697.00000000012,6768011.7],[201420.00000000006,6768188.700000001],[201929.8999999999,6768043.999999998],[201781.50000000023,6767905.000000002],[202133.00000000006,6767869.299999999],[202118.0,6767624.0],[202325.00000000006,6767911.5],[202520.00000000006,6767688.300000001],[202763.00000000006,6767713.200000001],[202775.7000000002,6767561.000000001],[202874.69999999995,6767758.699999998],[202395.8,6768109.999999999],[201487.99999999988,6768296.999999998],[201275.00000000006,6768681.5],[201302.0,6768357.400000001],[201095.00000000012,6768196.900000002],[200465.00000000017,6768166.7],[200261.00000000006,6767843.899999999],[199639.50000000006,6767903.900000001],[199456.50000000012,6767985.6000000015],[199454.80000000005,6768327.0],[199809.80000000016,6768660.0],[199710.7,6769151.0],[199571.0,6769045.699999999],[199474.00000000006,6769174.8],[199621.30000000022,6768706.000000001],[199240.00000000017,6768406.000000002],[199355.7000000002,6768087.0],[198855.90000000014,6767610.000000001],[198764.69999999995,6767232.599999999],[198562.70000000007,6767415.200000001],[198373.99999999994,6767217.8999999985],[198283.00000000012,6767360.4],[198040.80000000005,6766844.0],[197806.99999999994,6766861.999999999],[197250.00000000012,6766389.6],[197005.99999999988,6766448.4],[196633.00000000006,6766213.0],[196246.39999999997,6766793.199999999],[196329.7,6766968.000000001],[196026.00000000017,6767295.000000003],[195906.1000000001,6767886.0],[196161.60000000003,6767957.0],[195905.7,6768272.5],[196094.40000000014,6768746.000000002],[195978.00000000006,6768709.8],[196030.60000000003,6769079.0],[195778.30000000005,6769437.0],[195921.3000000001,6769587.000000001],[195654.00000000006,6769584.9],[195580.09999999986,6769825.999999999],[195694.50000000012,6769971.0],[195755.0,6769809.499999999],[196017.20000000007,6769894.0],[195787.70000000013,6770139.000000002],[195922.50000000006,6770600.0],[196237.00000000023,6770428.000000002],[196127.79999999993,6770632.999999999],[195846.9000000002,6770688.000000001],[195672.99999999994,6771045.999999999],[195970.3999999999,6771372.999999998],[196044.00000000006,6771657.6],[195976.5,6771959.199999999],[195853.80000000005,6771328.7],[195323.5,6770885.400000001],[195661.00000000012,6770967.300000001],[195780.70000000013,6770478.0],[195469.0,6770329.3],[195401.00000000023,6770516.700000001],[195276.00000000017,6770416.000000002],[195476.20000000007,6770200.0],[195260.50000000012,6769997.000000001],[195233.00000000012,6770088.500000001],[195105.5,6770052.699999999],[195460.70000000007,6769273.0],[195426.00000000012,6769001.3],[195621.99999999994,6769153.299999999],[195589.00000000006,6768947.9],[195748.00000000012,6769064.100000001],[195854.10000000003,6768912.000000001],[195830.80000000022,6768059.000000002],[195601.6000000001,6768070.000000001],[195586.20000000007,6767898.0],[195369.00000000012,6767821.3],[195294.99999999994,6768016.599999999],[195051.7,6768011.0],[195154.30000000016,6768237.0],[195031.0,6768393.9],[195016.50000000006,6767981.0],[194927.00000000006,6768049.0],[194782.79999999987,6767860.0],[195111.00000000006,6767928.4],[195323.0,6767557.699999999],[195500.00000000023,6767475.400000001],[195658.99999999994,6767714.899999999],[195806.99999999994,6767533.199999998],[195716.49999999994,6766989.999999999],[195886.90000000026,6767162.700000001],[196037.6000000001,6766955.000000001],[196143.00000000006,6766504.800000002],[196024.69999999995,6766152.999999998],[196215.2,6765944.9],[195869.00000000017,6765629.500000002],[194393.40000000002,6764993.999999999],[194094.8,6765098.0],[194006.29999999987,6765466.299999999],[193985.40000000014,6765164.0],[193732.0,6765006.1],[192368.99999999988,6765243.199999998],[191461.3000000001,6764932.000000002],[191316.00000000017,6765106.900000002],[190962.29999999993,6765142.6],[190688.89999999997,6765729.799999999],[190115.99999999994,6766041.3],[189588.00000000006,6766107.9],[189388.99999999994,6765746.599999999],[189290.2,6766056.5],[188915.0,6766115.6],[188651.0,6766389.0],[188573.70000000024,6766137.000000002],[188072.2,6765763.999999999],[187636.3,6765817.2],[187341.0,6765567.599999999],[187299.40000000008,6765717.0],[187476.40000000026,6765774.000000002],[187346.90000000014,6765900.000000001],[187355.69999999995,6765964.199999999],[187551.3000000001,6765890.000000001],[187797.20000000013,6766332.6],[187712.00000000012,6766503.300000002],[187833.3,6766548.699999999],[188381.3000000001,6767250.500000001],[187816.1000000002,6766653.000000002],[187718.09999999998,6766925.5],[187752.50000000017,6766531.0],[187500.60000000003,6767148.999999999],[186785.30000000005,6767772.100000001],[185872.0,6769211.0],[185553.2,6769479.999999999],[185397.09999999992,6769975.0],[185019.60000000003,6770269.999999999],[184934.00000000012,6770584.100000001],[184313.0999999998,6770773.999999998],[184374.00000000012,6771454.500000001],[184651.00000000017,6771563.500000002],[184653.20000000007,6772106.9],[185091.9000000002,6772051.900000001],[184950.00000000012,6771788.700000001],[184979.2,6771575.3],[185196.20000000013,6771696.000000002],[185153.0,6771826.6],[185295.0,6771765.499999999],[185239.7,6772193.9],[185588.99999999988,6772314.899999998],[184758.0,6772368.700000001],[184497.0,6772546.5],[184361.00000000006,6772428.8],[184201.19999999984,6772705.899999999],[183875.79999999987,6772556.899999999],[183845.99999999994,6772919.8999999985],[183227.00000000006,6773269.900000002],[183674.00000000017,6773600.7],[184139.0,6773204.799999999],[184568.00000000023,6773607.000000002],[184779.00000000006,6773471.199999999],[184696.0,6773862.899999999],[184315.09999999998,6773672.9],[184143.40000000002,6773911.899999999],[184242.3999999999,6774108.2],[183909.40000000002,6774393.9],[183947.1000000001,6774924.900000002],[184070.20000000007,6775100.2],[184335.6000000001,6775072.800000001],[184202.60000000003,6775161.0],[184455.50000000006,6775513.900000001],[184136.4000000002,6775296.700000002],[183989.2,6775464.400000001],[183539.00000000017,6775232.600000001],[183615.70000000013,6774728.900000001],[183755.5,6774674.1],[183514.0,6774592.0],[182563.00000000012,6775040.600000001],[182668.40000000014,6775368.800000002],[182527.00000000012,6776072.300000002],[181419.3999999999,6776974.799999998],[181503.50000000006,6777244.8],[181969.10000000003,6777654.199999999],[181812.20000000013,6777695.800000001],[181549.10000000003,6777374.699999999],[181295.8000000001,6777316.800000001],[181729.20000000007,6778891.7],[181493.90000000002,6778273.7],[181262.1000000001,6778170.700000002],[181034.0999999998,6777702.699999998],[180669.3999999999,6778097.8],[179780.10000000015,6778016.9],[179603.40000000002,6777770.8],[179635.90000000002,6777931.3999999985],[179426.40000000008,6778230.599999999],[179397.60000000015,6778355.700000001],[179586.89999999997,6778255.799999999],[179613.09999999992,6778704.899999999],[179405.09999999998,6778631.299999999],[179339.09999999992,6778406.8],[179193.09999999992,6778776.2],[178967.09999999998,6778223.699999999],[179185.8000000001,6778018.700000001],[178879.09999999992,6777826.299999998],[178674.70000000013,6778116.8],[178203.69999999995,6778270.099999999],[178483.90000000008,6777598.8],[178741.1000000001,6777578.8],[178902.49999999994,6777332.8],[179696.40000000026,6777544.800000001],[178719.20000000024,6777160.400000002],[178217.0,6776736.799999999],[178515.40000000008,6775896.8],[178524.09999999998,6775220.8],[178352.79999999993,6774941.9],[178447.70000000007,6774261.6],[179089.0,6773542.900000001],[178858.20000000013,6773409.3],[175123.30000000028,6773345.100000001],[174493.29999999993,6773160.299999998],[174096.59999999998,6772798.0],[173588.49999999988,6773591.8999999985],[172838.49999999988,6774276.899999999],[170639.0,6775090.8],[171726.90000000002,6774921.900000001],[173347.6000000001,6773995.600000001],[172867.6000000001,6774603.900000002],[173045.80000000016,6774838.0],[172520.29999999993,6774748.299999999],[172434.70000000007,6774957.800000001],[172697.29999999993,6775316.8],[172615.90000000014,6775490.800000001],[172315.30000000005,6775040.2],[171849.70000000007,6775261.400000002],[172337.29999999993,6775901.3999999985],[171738.90000000002,6775583.399999999],[171445.30000000028,6775788.800000002],[171489.40000000002,6776276.199999999],[171284.3999999999,6776202.5],[171188.00000000023,6776365.200000003],[171124.50000000023,6776165.300000003],[171565.7000000003,6775506.700000003],[171246.90000000002,6775307.3],[170742.1000000001,6775345.2],[170496.90000000026,6774970.9],[169924.40000000002,6775176.400000001],[169705.80000000016,6775665.800000001],[169783.40000000002,6776070.999999999],[169087.40000000002,6776262.699999999],[168722.1000000001,6776897.700000001],[168689.6000000001,6777171.5],[168931.80000000016,6777488.600000001],[169574.40000000026,6777310.800000002],[169174.40000000014,6777728.1],[168947.40000000002,6777808.1],[168782.40000000014,6777655.800000001],[168270.6000000001,6778202.700000002],[168234.40000000014,6778565.7],[168771.40000000014,6778721.700000001],[168714.6000000001,6778843.700000002],[168944.40000000014,6779033.700000001],[168957.49999999988,6779103.3],[168419.3999999999,6778767.499999999],[168252.20000000007,6778759.700000001],[168191.30000000005,6778980.7],[167986.59999999998,6778767.699999999],[167739.80000000005,6779405.699999999],[167549.50000000012,6779558.1],[167359.5,6779402.900000001],[167125.70000000007,6779670.7],[167175.2000000002,6780381.700000002],[167016.5,6780538.699999999],[167153.69999999995,6780633.699999999],[166974.40000000014,6780695.700000001],[167493.40000000026,6781968.600000002],[167522.00000000012,6782458.6],[167762.50000000012,6782308.400000001],[168160.5,6782358.199999999],[168304.50000000012,6782872.6000000015],[169622.40000000014,6782893.200000002],[169585.3999999999,6783113.6000000015],[169913.69999999995,6783439.600000001],[169982.40000000002,6784081.199999999],[170287.40000000002,6783759.6],[170444.40000000014,6784075.300000001],[170666.40000000026,6784095.6000000015],[170901.20000000007,6783846.6000000015],[170841.40000000002,6783578.500000001],[171780.40000000002,6783317.599999999],[171930.30000000005,6783136.0],[172089.30000000005,6783266.1],[172041.80000000016,6783130.6],[172275.30000000005,6782941.6],[172560.7000000002,6782790.700000002],[172823.40000000002,6782784.299999999],[172289.30000000005,6783009.1],[172199.30000000005,6783417.299999999],[171587.3999999999,6783450.499999999],[171391.3999999999,6783720.999999999],[171107.40000000002,6783674.699999999],[170960.5,6783914.599999998],[171144.40000000026,6783932.300000003],[171468.40000000037,6784325.200000003],[171919.49999999988,6784184.599999999],[171767.40000000002,6784435.6],[171555.40000000026,6784475.700000001],[171840.29999999993,6784815.299999999],[172525.50000000012,6784508.6000000015],[172308.30000000016,6784974.3],[171911.90000000014,6784948.5],[172153.19999999995,6785408.599999999],[171913.5,6785414.499999998],[171830.30000000016,6784981.4],[171600.40000000002,6784951.1],[171569.40000000014,6784728.3],[171320.80000000016,6784722.999999999],[171399.69999999995,6784645.5],[171367.80000000005,6784431.5],[171100.80000000005,6784328.599999999],[170910.40000000014,6783994.0],[170541.3999999999,6784282.7],[170356.3999999999,6784035.2],[169907.69999999995,6784125.6],[170046.40000000002,6784920.3],[170533.40000000002,6784930.0],[170917.90000000014,6785242.5],[171231.80000000016,6786291.500000001],[171207.30000000016,6787056.500000001],[170899.30000000016,6787584.399999999],[169849.69999999984,6787890.399999999],[169985.29999999993,6787966.399999999],[169875.80000000005,6788736.199999999],[169629.90000000002,6788307.4],[169694.19999999995,6787782.399999999],[170019.40000000014,6787394.500000001],[170829.69999999984,6787226.499999999],[170661.69999999984,6786842.5],[170174.40000000014,6786483.000000001],[169901.40000000026,6786798.6000000015],[169655.40000000002,6786631.699999999],[169544.40000000014,6786729.599999999],[169303.00000000012,6786722.7],[169707.40000000002,6786485.500000001],[169823.90000000002,6786282.499999999],[169695.40000000002,6786233.5],[169900.50000000012,6786144.5],[169776.40000000002,6785522.399999999],[169001.3999999999,6785429.2],[169103.40000000002,6785189.599999999],[169727.0,6785257.5],[169804.80000000016,6784951.500000001],[169582.99999999988,6784649.499999998],[169701.30000000028,6784559.500000002],[169607.1000000002,6784160.6000000015],[169765.19999999995,6784001.399999999],[169694.40000000014,6783409.2],[169173.40000000014,6782956.5],[168632.40000000014,6783161.700000001],[168161.50000000012,6783103.1],[168040.50000000012,6782455.700000002],[167409.30000000005,6782547.599999999],[167276.20000000007,6781794.600000001],[166752.50000000012,6781076.000000001],[166605.1000000001,6781095.7],[166726.5,6780929.2],[166455.00000000012,6780866.6000000015],[166749.50000000023,6780718.700000002],[166558.80000000005,6780554.2],[166782.70000000007,6780154.700000001],[166773.5,6779364.000000001],[166300.49999999988,6779454.199999998],[165771.49999999988,6779114.3],[165572.5,6779479.6],[165238.49999999988,6779300.899999999],[165074.50000000012,6779784.7],[164786.90000000026,6779909.700000002],[164760.90000000002,6780683.100000001],[164579.20000000007,6780649.7],[164703.59999999998,6779753.999999999],[164976.19999999995,6779423.7],[164824.09999999974,6779226.699999998],[165465.5,6779085.8],[165645.50000000023,6778894.500000002],[165717.50000000023,6779017.000000002],[165895.5,6778812.699999999],[166001.30000000005,6779212.7],[166315.50000000023,6779087.700000002],[166282.1000000001,6778686.700000001],[166508.49999999988,6778479.699999999],[166469.69999999995,6778993.700000001],[166875.50000000012,6779184.000000001],[166947.80000000005,6778913.6],[167132.5,6779175.500000001],[167834.59999999986,6778441.699999998],[167710.50000000012,6778128.200000001],[168341.40000000002,6777760.9],[168430.40000000014,6777532.800000001],[168138.90000000014,6777096.8],[168296.5,6777121.2],[168393.00000000012,6776643.500000002],[168841.5,6776272.9],[168849.19999999995,6775265.8],[168229.19999999995,6775577.800000001],[166606.5,6775049.299999998],[165006.29999999993,6774079.900000001],[164450.79999999993,6773092.799999998],[164317.90000000002,6773297.8999999985],[164507.40000000002,6773436.599999999],[164604.90000000014,6774243.399999999],[164864.49999999988,6774495.9],[164805.90000000002,6775248.8],[164514.59999999998,6775645.099999998],[164761.70000000007,6775987.4],[164231.1000000001,6776803.800000001],[164633.59999999998,6776823.3],[164608.80000000005,6777073.8],[164138.00000000012,6777508.800000001],[164152.59999999986,6777695.299999998],[163965.59999999998,6777585.499999999],[163702.59999999986,6777809.599999999],[163824.09999999986,6777532.799999999],[163657.6000000002,6777145.400000001],[163219.6000000001,6777348.100000001],[162844.8999999999,6777301.899999999],[163058.69999999995,6776892.799999999],[163034.5,6776335.8],[163205.6000000001,6776196.600000001],[163318.59999999998,6776312.4],[163366.80000000016,6776153.800000001],[163489.6000000001,6776312.200000001],[163771.20000000007,6776284.400000001],[163636.80000000028,6775866.000000002],[164076.3999999999,6774869.2],[163888.59999999974,6774403.599999999],[163513.90000000026,6774980.900000003],[163572.5,6775128.800000001],[163242.49999999977,6775327.799999999],[162909.80000000016,6776016.800000001],[163168.6000000001,6776199.9],[163070.69999999972,6776296.2],[162819.59999999974,6776133.3],[162598.29999999993,6776328.8],[162762.30000000016,6776011.800000002],[162603.50000000012,6775837.800000001],[162560.59999999998,6775360.5],[162061.19999999984,6775909.8],[161978.40000000014,6776254.800000001],[162127.6000000002,6776413.700000001],[161907.6000000002,6776310.400000001],[161600.59999999998,6776518.300000001],[160815.80000000016,6776616.800000001],[161817.40000000026,6776241.400000002],[162038.30000000016,6775729.800000002],[162299.6000000001,6775603.4],[162476.19999999995,6775246.2],[162606.90000000014,6775245.0],[162748.90000000014,6775178.5],[162618.90000000014,6775234.800000001],[162863.50000000012,6774602.1],[163056.19999999995,6774565.9],[163182.20000000007,6774299.399999999],[163286.30000000005,6774492.900000001],[163480.70000000007,6774441.900000001],[163471.50000000023,6774275.000000002],[163003.59999999986,6774295.7],[162976.20000000007,6774095.900000002],[162844.2000000003,6774115.900000002],[163607.30000000005,6773343.0],[163675.59999999998,6773111.799999999],[163236.2000000002,6773135.6000000015],[163435.00000000012,6772959.400000001],[163372.6000000001,6772779.600000001],[163489.30000000005,6772693.9],[163604.6000000001,6772832.500000001],[163710.5,6772452.3],[163935.59999999986,6772439.799999999],[163700.09999999998,6772912.7],[164010.59999999998,6772996.2],[164172.09999999998,6772850.199999999],[163848.59999999998,6772748.999999999],[164154.6000000001,6772542.7],[164273.6000000001,6772547.900000001],[164176.50000000023,6772764.500000001],[164493.3999999999,6772691.0],[165112.49999999988,6772142.599999999],[164773.19999999995,6771776.099999999],[164854.69999999984,6771320.999999998],[164389.90000000026,6770797.6000000015],[164473.6000000001,6770296.000000001],[163674.69999999984,6770049.4],[163789.50000000023,6769538.000000001],[163198.6000000001,6769197.400000002],[162991.59999999998,6768880.800000001],[162465.0,6768750.999999999],[162276.6000000001,6768449.699999999],[161566.59999999998,6768933.0],[160922.7000000002,6768949.400000001],[161191.30000000016,6769057.3],[160991.1000000001,6769392.400000001],[160794.00000000012,6769354.999999999],[160684.40000000002,6769051.6],[160875.09999999998,6768913.100000001],[160891.40000000026,6768658.100000001],[160794.69999999995,6768566.399999999],[160636.69999999984,6768799.3999999985],[160705.8999999999,6768568.8999999985],[160478.69999999995,6768574.899999999],[160512.00000000012,6768481.700000001],[160850.80000000005,6768468.699999999],[160894.40000000002,6768463.500000001],[160892.90000000014,6768451.100000001],[160518.90000000037,6768478.400000002],[160271.80000000028,6768211.800000002],[160024.70000000007,6768383.4],[159869.70000000007,6768189.2],[159713.69999999995,6768402.6],[159237.90000000026,6768477.100000001],[159000.40000000014,6768345.700000001],[157078.30000000005,6768458.7],[156638.30000000016,6768345.399999999],[156205.30000000005,6768577.5],[155975.80000000005,6768507.799999999],[155756.80000000016,6768722.500000001],[155447.30000000005,6768503.1],[155331.1000000001,6768473.900000001],[155733.80000000016,6768845.4],[156203.40000000037,6768989.600000002],[156193.70000000007,6769199.2],[156409.00000000023,6769248.300000002],[156359.29999999993,6769538.099999999],[156133.5,6769398.199999999],[156128.30000000005,6769130.0],[155320.40000000014,6768598.700000001],[155225.49999999988,6768798.199999998],[154772.30000000005,6768680.500000001],[154545.30000000016,6768814.000000001],[154720.19999999995,6768953.9],[154743.90000000002,6769260.8],[154546.90000000014,6769533.2],[154194.09999999998,6769796.300000001],[153208.30000000005,6769792.7],[152391.30000000005,6769570.999999999],[150908.40000000014,6769904.900000001],[150514.40000000002,6769775.499999998],[150592.1000000001,6769467.700000001],[150522.19999999995,6769328.000000001],[150507.59999999986,6769776.799999998],[150170.1000000001,6769686.699999999],[150216.40000000002,6769531.3],[150158.99999999977,6769696.799999999],[149709.59999999998,6769741.2],[149545.40000000002,6769611.5],[148681.40000000014,6769870.900000001],[148753.50000000012,6770610.200000001],[149030.80000000016,6770992.1],[149034.5,6771331.8],[148789.40000000014,6771680.2],[148564.80000000005,6771691.199999999],[148860.5,6771821.399999999],[148475.79999999993,6771861.199999999],[148678.40000000014,6772106.9],[148215.70000000007,6771716.800000001],[148303.5,6771588.2],[148198.30000000005,6771720.699999999],[148296.1000000001,6771863.200000001],[148127.6000000001,6771657.500000001],[148238.1000000001,6771464.200000001],[148111.50000000012,6771593.2],[148131.40000000002,6771601.999999999],[148124.70000000007,6771659.000000001],[148165.40000000014,6771723.499999999],[148339.49999999977,6771932.499999998],[148296.40000000014,6772019.3],[148479.0,6772136.700000001],[148532.80000000016,6772579.800000001],[148741.30000000005,6772578.3],[148838.79999999993,6772873.6],[149277.40000000014,6773016.900000001],[149478.3999999999,6772859.9],[149642.40000000002,6773235.5],[149936.40000000014,6773240.600000001],[149995.3999999999,6772949.799999999],[150395.40000000026,6772993.200000002],[151084.40000000002,6773616.9],[150991.29999999993,6774071.2],[150636.40000000026,6774037.500000002],[150543.1000000001,6774089.2],[151124.40000000002,6774132.900000002],[151308.7000000002,6774432.1000000015],[150916.8999999999,6777825.099999998],[150377.40000000002,6780422.000000001],[149145.59999999998,6784125.000000001],[148278.79999999993,6785640.1],[147695.00000000012,6786183.9],[146983.50000000012,6788223.900000001],[146665.3999999999,6788632.099999999],[146483.40000000026,6788651.3],[145952.99999999988,6789431.799999998],[145330.5,6789896.0],[144937.69999999984,6790736.799999999],[144051.50000000012,6791231.300000001],[144147.40000000014,6791333.800000001],[143999.40000000014,6791209.9],[143528.5,6791252.400000001],[143137.3999999999,6791447.8],[142714.50000000012,6792342.300000001],[141364.50000000012,6793459.000000002],[140351.09999999998,6793984.699999998],[140093.5,6793829.0],[139685.50000000012,6793994.5],[139010.40000000014,6794500.200000002],[138870.09999999998,6794763.699999999],[139326.90000000002,6795710.7],[139142.79999999993,6796143.099999999],[138880.80000000005,6796013.699999999],[139101.69999999972,6795538.699999999],[138542.6000000001,6794813.500000001],[138553.59999999998,6794689.9],[138594.6000000001,6794786.800000001],[138564.5,6794472.8],[138577.59999999986,6794662.399999999],[137951.80000000016,6794839.500000001],[137530.00000000012,6794675.700000001],[137308.50000000023,6794275.700000002],[137397.80000000016,6794179.100000001],[136579.6000000001,6793602.2],[135836.59999999998,6794228.6],[135567.59999999998,6794159.1],[135018.6000000001,6794599.400000002],[134710.59999999986,6794543.699999999],[134806.30000000005,6794940.7],[134360.6000000001,6795558.3],[133623.59999999998,6795703.599999999],[133386.19999999984,6796018.3999999985],[133281.6000000001,6795837.600000001],[132998.59999999998,6795849.8],[132798.69999999995,6796053.799999999],[132561.70000000007,6796000.6],[132622.1000000001,6796292.700000002],[132226.59999999998,6796527.7],[132217.20000000007,6796888.700000001],[131936.50000000023,6797390.500000001],[131301.69999999995,6797087.8],[131144.69999999995,6796768.599999999],[130680.69999999972,6796856.699999997],[130539.69999999995,6796639.599999999],[129635.00000000012,6797086.700000001],[129717.8999999999,6797217.699999999],[129593.70000000007,6797315.700000001],[129121.70000000007,6797250.3],[128869.69999999995,6797456.100000001],[128814.70000000007,6797348.800000001],[128790.0,6797506.7],[128678.70000000007,6797381.600000001],[128185.70000000007,6797509.800000001],[127687.70000000007,6797432.8],[127352.70000000007,6797740.000000001],[127122.69999999984,6797454.599999999],[126121.80000000016,6798481.6],[125817.80000000016,6798333.2],[125374.80000000005,6798532.7],[125044.80000000016,6798435.299999999],[124648.80000000016,6798971.1],[124030.90000000002,6799355.600000001],[124317.80000000016,6799311.3],[124339.80000000016,6799432.500000001],[124498.80000000028,6799274.800000002],[124632.79999999993,6799454.2],[124746.80000000016,6799308.799999999],[125081.80000000005,6799415.099999999],[125396.80000000016,6799284.700000001],[125341.80000000005,6799449.3],[125517.80000000028,6799248.500000002],[125625.80000000016,6799410.400000001],[126106.80000000005,6799283.2],[126625.50000000012,6799604.6000000015],[126774.80000000016,6800085.9],[126374.80000000005,6800372.2],[126534.80000000005,6800451.6],[126472.5,6800552.600000001],[126148.3999999999,6800588.599999998],[126442.80000000016,6800814.6],[126144.09999999998,6801112.6],[126360.0,6801262.6],[126122.80000000016,6801599.799999999],[126272.80000000005,6801906.999999998],[127134.19999999995,6801450.6],[127414.69999999984,6801506.2],[127786.70000000007,6801169.200000001],[127828.70000000007,6801350.000000001],[128116.00000000023,6801350.600000001],[128043.40000000002,6801573.6],[128108.59999999998,6801666.599999998],[128054.69999999995,6801770.1],[128398.8999999999,6801223.499999999],[128691.70000000007,6801405.2],[128827.40000000014,6801224.600000001],[129145.40000000014,6801292.400000002],[129385.90000000014,6801085.6],[129402.90000000014,6801473.600000001],[129765.49999999988,6801784.599999999],[129637.10000000033,6802031.6000000015],[129795.70000000019,6802027.600000002],[129779.3999999999,6802272.599999999],[130002.69999999995,6802384.6],[130184.70000000007,6802227.6],[130153.69999999984,6801929.099999998],[130422.69999999995,6801972.699999999],[130658.70000000019,6801777.500000002],[130753.70000000007,6801917.6],[131012.70000000007,6801807.5],[131061.70000000007,6801987.599999999],[131542.69999999984,6801614.499999999],[131776.20000000007,6801585.6],[132020.69999999995,6801771.3],[132439.69999999995,6801516.099999999],[132674.5,6801748.6],[132536.69999999995,6802164.299999999],[133017.69999999984,6801880.799999999],[133204.6000000002,6801584.800000002],[133465.6000000001,6801801.999999999],[133764.6000000001,6801746.800000002],[133756.6000000001,6801949.800000002],[134055.40000000002,6801871.6],[134068.6000000001,6802097.400000001],[134241.99999999988,6801957.599999997],[134223.6000000002,6802045.600000001],[134275.20000000007,6802014.600000001],[134309.59999999998,6802148.599999999],[134524.6000000001,6802161.300000002],[134521.59999999986,6802327.799999999],[134749.59999999998,6802192.300000001],[134764.59999999998,6802327.0],[134904.59999999998,6802209.499999999],[134947.6000000002,6802335.700000002],[135506.69999999995,6801963.6],[135485.0,6802281.600000001],[135868.09999999998,6802444.599999999],[135754.00000000012,6802600.600000001],[136214.00000000023,6802582.600000001],[136300.59999999998,6802866.5],[136552.6000000001,6802694.5],[136585.59999999963,6802813.199999998],[137008.59999999998,6802642.500000001],[137372.6000000002,6802743.100000001],[137893.69999999984,6802209.6],[138073.6000000002,6802311.700000002],[138441.59999999986,6801943.999999999],[138568.59999999998,6802105.399999999],[138902.59999999998,6802094.1],[139000.6000000001,6802624.3],[139323.59999999986,6802457.599999999],[139223.30000000016,6802736.6000000015],[139424.40000000002,6802708.599999999],[139431.30000000016,6803157.6],[139712.5,6803204.4],[139764.49999999988,6803369.8],[140053.5,6802970.099999999],[140232.50000000012,6803021.900000001],[140498.5,6802796.3],[140632.5,6802946.3],[140691.50000000012,6802782.8],[140863.69999999984,6802935.599999998],[140824.19999999995,6803406.599999998],[140997.59999999974,6803265.6],[140980.49999999977,6803026.099999998],[141638.50000000012,6803131.5],[141570.5,6803292.900000001],[141737.5,6803043.900000001],[141866.5,6803214.2],[142111.5,6802929.299999999],[142155.19999999995,6803169.599999999],[142286.30000000016,6803143.600000001],[142214.5,6803260.900000001],[142207.50000000012,6803314.600000001],[142432.80000000005,6803241.599999999],[142597.5,6802874.399999999],[143406.50000000012,6802627.6000000015],[143429.50000000012,6802811.400000001],[143714.40000000002,6802885.599999999],[143767.80000000028,6803161.6],[144177.50000000023,6803253.200000002],[144203.49999999988,6803598.999999999],[145029.50000000012,6803542.400000001],[145015.50000000012,6803912.2],[145700.40000000026,6803534.300000002],[146270.0,6803717.1],[146660.0,6803611.699999998],[146785.00000000012,6803407.800000001],[147245.00000000012,6803547.5],[147450.00000000012,6803379.799999999],[147813.00000000023,6803742.300000002],[148244.50000000023,6803689.000000001],[148237.0,6804014.1],[148843.80000000005,6804393.000000001],[149069.00000000012,6804408.200000001],[149554.99999999988,6803962.0],[149753.0,6804174.3],[150418.00000000012,6803962.200000001],[151057.00000000012,6804014.9],[151838.99999999988,6804299.000000001],[151977.00000000012,6804484.1],[152846.6000000001,6804288.000000001],[152931.99999999988,6804013.999999999],[153508.00000000012,6803444.700000001],[153794.00000000012,6803457.400000001],[154215.99999999988,6803162.0],[154354.1000000001,6803280.399999999],[154462.30000000016,6802894.999999999],[154185.00000000012,6802801.000000001],[154242.00000000012,6802673.800000002],[154489.00000000012,6802754.100000001],[154557.00000000023,6802508.300000002],[154726.50000000023,6802496.600000001],[154784.00000000012,6802820.0],[155104.90000000002,6802674.9],[155314.00000000012,6803060.299999999],[155376.20000000007,6803051.3],[155338.6000000002,6802837.200000002],[155665.79999999993,6802644.000000001],[155807.80000000016,6802648.600000001],[155790.70000000007,6802824.0],[155814.99999999988,6802590.8],[155637.0,6802458.100000001],[155533.19999999995,6802662.6],[155560.79999999993,6802216.000000001],[156245.5,6802110.999999999],[156845.00000000023,6801659.900000002],[157523.50000000035,6801924.000000002],[157377.99999999988,6802222.999999999],[157421.0,6802202.8],[157709.30000000016,6802491.000000002],[157838.99999999988,6802813.399999998],[158166.00000000012,6802850.2],[158396.49999999988,6803111.0],[159015.80000000005,6804788.000000001],[158807.1000000001,6804936.0],[158708.49999999988,6805634.999999999],[159205.00000000012,6805856.100000001],[159471.0,6806152.0],[159473.99999999988,6806445.2],[159807.59999999998,6806325.999999998],[159890.90000000014,6806092.999999999],[160076.30000000005,6805984.0],[159865.40000000014,6806712.000000001],[159927.6000000001,6807943.000000002],[159656.49999999988,6808272.999999998],[159979.90000000014,6808396.000000002],[159833.80000000005,6808828.0],[159227.00000000023,6809015.500000001],[158961.0,6808910.9],[158798.0,6809317.1],[158501.00000000012,6809164.600000001],[158262.40000000002,6809363.0],[158508.09999999998,6809908.999999999],[158186.20000000007,6810054.0],[158260.19999999995,6810199.0],[158124.2000000002,6810324.000000002],[158291.0,6810429.7],[158613.00000000012,6810333.000000001],[158811.00000000012,6811229.000000001],[158090.00000000012,6813512.4],[157454.00000000012,6813673.800000001],[157225.00000000012,6814443.999999999],[156366.00000000012,6814316.400000001],[156468.40000000002,6814536.0],[155909.99999999988,6814933.099999999],[155625.80000000005,6814765.8],[154839.0,6815050.4],[154067.00000000012,6814866.4],[154098.00000000012,6815001.899999999],[153878.0,6815074.499999999],[153376.00000000012,6814957.8],[152968.19999999995,6815149.999999999],[153388.09999999998,6815465.0],[152821.70000000007,6816522.000000001],[152200.00000000035,6816667.300000002],[151720.0,6816452.600000001],[151770.0,6816789.899999999],[151216.00000000012,6816808.3],[150705.99999999988,6817264.6],[150211.00000000012,6817214.6],[150235.99999999988,6817531.999999999],[149899.0,6817787.7],[149655.00000000012,6817692.3],[149361.00000000012,6818057.7],[148795.0,6817966.999999999],[149250.19999999995,6818613.0],[149003.49999999988,6819012.1],[148251.6000000001,6818686.500000001],[148696.09999999998,6818595.199999999],[148566.80000000005,6818386.900000001],[148835.0,6818333.599999999],[148840.00000000012,6818455.499999999],[148969.30000000005,6818265.999999999],[148843.0,6818200.899999999],[147789.00000000012,6818892.899999999],[146877.00000000012,6818916.6],[146918.09999999998,6819111.999999999],[146634.99999999988,6819412.100000001],[146080.00000000012,6819296.7],[145916.99999999988,6819104.300000001],[145296.00000000012,6819190.100000001],[145000.0,6819015.400000001],[144785.0,6819228.100000001],[144088.30000000005,6818950.5],[143570.20000000007,6818105.0],[143846.0,6817906.500000001],[143900.00000000012,6818087.300000001],[144233.0,6817789.600000001],[144356.3999999999,6818096.999999999],[144359.69999999984,6817908.0],[144164.80000000028,6817703.000000003],[144283.00000000012,6817539.999999999],[143919.0,6817110.3],[143527.00000000012,6817113.9],[142951.59999999974,6816673.000000001],[142518.80000000005,6815831.0],[142568.0,6815618.0],[142792.30000000016,6815509.999999999],[142508.0,6815515.1],[142007.0,6814922.000000001],[142155.70000000007,6814518.0],[141851.00000000023,6814492.000000001],[141462.00000000012,6813900.2],[140627.0,6813662.299999998],[140419.80000000028,6813467.000000001],[140338.80000000005,6813216.0],[140489.40000000014,6813018.999999999],[140234.0,6812704.0],[140396.30000000016,6812363.0],[140175.99999999988,6812080.999999999],[139273.00000000012,6812140.900000001],[139141.99999999988,6812362.199999999],[138892.0,6812384.599999999],[139104.79999999993,6812833.999999997],[138915.59999999986,6813137.0],[139452.40000000002,6813370.999999999],[139656.50000000023,6813678.000000001],[139521.0,6814032.0],[139364.69999999995,6813999.999999999],[139692.30000000016,6814205.000000001],[139705.40000000014,6814460.000000001],[139454.90000000014,6814599.000000001],[139735.30000000016,6814720.000000001],[139868.80000000005,6815013.999999999],[139773.1000000002,6816337.0],[139664.69999999984,6816379.999999999],[139851.30000000016,6816640.000000001],[139674.70000000007,6817123.000000001],[139393.59999999963,6817076.999999997],[139583.09999999998,6817467.000000001],[139316.90000000002,6817877.0],[139529.80000000005,6818387.0],[139275.30000000016,6818867.0],[139375.99999999988,6819077.999999998],[139152.99999999988,6819322.4],[138586.00000000012,6819253.2],[138753.6000000001,6819629.000000002],[138578.80000000028,6819626.000000001],[138545.6000000001,6819773.0],[138986.0,6819647.199999999],[139141.0,6819890.599999999],[139434.00000000012,6819672.000000001],[139989.0,6820045.3999999985],[140665.99999999988,6820085.3],[140904.40000000014,6821039.000000001],[140575.0,6821734.8],[139780.30000000005,6822284.0],[139488.6000000001,6821897.000000001],[138822.00000000012,6821724.4],[138479.99999999988,6821862.7],[138046.0,6821480.5],[137992.0,6821713.300000001],[137666.00000000012,6821838.300000001],[137032.0,6821729.7],[137114.80000000016,6822085.0],[136997.09999999986,6822275.999999998],[136788.99999999988,6822282.0],[136787.99999999988,6822458.999999999],[136667.00000000012,6822394.399999999],[136580.00000000023,6822747.700000002],[135980.00000000023,6822959.300000001],[135517.40000000002,6822871.0],[135105.00000000012,6821984.900000002],[135202.49999999988,6822293.999999999],[134913.40000000014,6822519.000000001],[135108.00000000012,6822545.200000001],[134988.99999999988,6822728.799999999],[135149.40000000002,6822747.999999999],[135190.0,6823052.399999999],[135399.20000000007,6823098.0],[135565.40000000014,6823580.000000002],[135717.19999999995,6823591.0],[135627.39999999967,6823724.999999998],[135859.00000000023,6824287.000000001],[135593.19999999995,6824759.999999999],[135382.99999999988,6824712.2],[134804.50000000012,6825072.0],[135841.00000000012,6825165.1],[136154.0,6824927.200000001],[136580.40000000014,6825613.900000001],[137059.00000000012,6825716.5],[137013.7000000002,6825135.000000001],[137924.19999999984,6824866.5],[137730.70000000007,6824848.700000001],[137689.3999999999,6824690.299999999],[137500.0,6824915.100000001],[137184.29999999993,6824955.999999999],[137424.5,6824322.999999999],[137591.0,6824248.099999998],[137868.0,6824458.3],[137909.00000000012,6824203.800000001],[138710.0,6824497.9],[138944.99999999988,6824915.2],[139309.00000000012,6824899.8],[139654.5,6825546.0],[139454.30000000028,6826147.000000001],[139591.19999999984,6826392.999999999],[139220.90000000014,6826811.000000001],[139426.0,6826920.5],[139503.90000000002,6827460.000000001],[139243.50000000023,6827607.000000001],[139392.1000000002,6827628.0],[139265.00000000012,6827745.0],[139324.79999999993,6827947.999999999],[139140.0,6827962.999999999],[139356.0,6828297.999999999],[139167.00000000023,6828806.000000001],[138819.80000000016,6829082.000000001],[139185.00000000023,6829408.700000001],[139128.00000000023,6829670.300000003],[139735.0,6829861.0],[139727.20000000007,6830210.000000002],[140324.19999999995,6830305.000000001],[141014.00000000012,6831001.800000001],[142711.20000000007,6831193.0],[142180.80000000016,6830157.000000001],[141568.99999999988,6829448.0],[141649.30000000028,6828859.000000002],[141431.19999999995,6828621.000000001],[141474.40000000002,6828259.999999999],[141328.90000000014,6828234.000000002],[140970.99999999988,6827389.999999997],[140572.00000000012,6827214.300000001],[140484.09999999998,6826764.0],[140669.99999999988,6826155.5],[140966.99999999988,6825843.899999999],[141427.0,6825573.9],[141728.2000000002,6825874.000000001],[141808.40000000014,6825802.000000001],[141655.99999999988,6825439.799999999],[141449.00000000012,6825553.000000001],[141470.30000000005,6825266.899999999],[141845.0,6824842.0],[142904.90000000002,6825411.000000001],[142923.0,6825656.8],[142643.99999999988,6825700.3999999985],[142682.0,6826007.399999999],[143314.19999999972,6826232.0],[143669.00000000035,6826931.400000001],[144294.0,6827606.5],[144809.99999999977,6827591.299999997],[145073.1000000001,6827430.0],[145070.19999999984,6827157.399999999],[145055.8999999999,6827379.699999999],[144797.69999999995,6827529.000000001],[144607.6000000002,6827011.000000001],[144844.1000000001,6826862.8],[144941.90000000014,6826950.999999999],[144887.90000000026,6826863.400000001],[144843.49999999988,6826852.299999999],[144587.00000000012,6826991.099999999],[143718.70000000007,6826169.000000002],[143797.6000000001,6826028.2],[143245.09999999998,6825885.999999999],[143443.5,6825384.000000001],[143739.99999999988,6825377.399999999],[143923.69999999995,6824978.8],[144118.00000000012,6824948.000000001],[143821.19999999995,6824692.700000001],[144134.0,6824329.399999999],[144794.00000000012,6824282.100000001],[146756.0,6824749.499999999],[147259.20000000007,6825098.000000001],[147015.0,6825251.400000001],[147495.0,6825482.799999999],[147650.30000000005,6825196.9],[148146.99999999988,6825216.1],[148425.00000000012,6825000.0],[149164.0,6825051.799999999],[149981.00000000012,6824839.700000001],[150543.99999999988,6825094.1],[150593.5,6824747.0],[150321.59999999998,6824306.0],[150488.5,6823985.800000001],[150718.90000000002,6824071.9],[150550.0,6823980.9],[150927.69999999984,6823210.899999999],[151153.99999999988,6823008.4],[151991.0,6822835.099999999],[152940.09999999998,6822792.2],[154328.09999999998,6822998.0],[155326.00000000012,6823792.0],[156243.00000000012,6823730.6],[156383.69999999972,6823649.3],[156362.69999999995,6823397.799999999],[157051.00000000012,6824101.400000001],[157688.09999999998,6824166.999999999],[158782.99999999988,6824714.8999999985],[160265.00000000023,6824757.700000001],[159819.90000000002,6824654.0],[161384.0,6824347.499999999],[161961.70000000007,6823923.6],[161775.0,6823015.299999999],[161492.40000000002,6823068.0],[161291.99999999988,6823556.299999998],[160842.0,6823706.299999999],[160439.00000000012,6823571.900000001],[160239.99999999988,6822993.999999998],[159998.99999999988,6822834.999999999],[160351.6000000002,6822438.000000002],[159961.19999999995,6821943.0],[160559.0,6822078.0],[160694.99999999988,6821693.999999999],[161054.00000000012,6821637.8],[161929.99999999988,6821072.499999999],[162337.40000000014,6820593.000000001],[162307.00000000012,6820491.900000001],[162145.00000000012,6820537.4],[161869.0,6820325.3],[161324.00000000012,6820201.6],[161176.0,6820144.1],[161173.0,6820119.499999998],[161362.50000000012,6819992.000000001],[162354.0,6820172.799999999],[162459.90000000002,6819882.0],[162105.5,6819824.0],[162996.00000000012,6819488.400000001],[163014.0,6819318.0],[162714.0,6819132.900000001],[162999.0,6819148.8],[163116.59999999986,6818900.899999999],[163276.00000000012,6819128.500000001],[163832.00000000012,6818990.4],[164221.00000000012,6819097.000000001],[165031.0,6819831.0],[165287.50000000012,6819151.999999999],[165199.5,6818645.0],[165340.40000000002,6818633.000000001],[165355.6000000002,6818235.000000001],[165191.3999999999,6818132.999999998],[165130.00000000012,6818026.000000002],[165336.00000000012,6818104.3],[165594.0,6817931.4],[165736.00000000012,6817421.000000001],[165467.19999999995,6818514.0],[165998.0,6818203.499999998],[166213.49999999988,6818279.0],[166234.1000000001,6818709.0],[165964.70000000007,6818709.0],[165720.30000000005,6818927.0],[165727.30000000028,6819422.000000002],[165391.99999999988,6819973.399999999],[164632.00000000012,6820087.1],[164200.40000000014,6819733.000000002],[163945.0,6819848.399999999],[163930.19999999995,6819673.0],[163697.5,6819700.000000001],[163608.19999999995,6819442.0],[163399.00000000012,6819476.6],[163126.49999999988,6819889.999999999],[162880.0,6820790.000000001],[162500.0,6821149.699999999],[161935.80000000016,6821381.000000001],[160686.19999999984,6822497.299999999],[160932.0,6822714.0],[161495.0,6822457.1],[162134.0,6822471.0],[163769.00000000012,6823303.200000001],[163912.00000000023,6823098.900000001],[163859.6000000002,6823502.0],[164094.0,6823412.700000001],[164268.00000000012,6823613.900000001],[164653.0,6823459.4],[164780.00000000023,6823047.300000002],[165272.00000000012,6823273.5],[165916.0,6823191.299999999],[165925.90000000002,6823398.000000001],[166565.00000000012,6823667.700000001],[167047.80000000016,6823343.000000001],[167169.99999999988,6823559.399999999],[167423.00000000012,6823653.400000001],[167534.50000000023,6823471.800000001],[167624.0,6823689.0],[168261.0,6823695.999999998],[168358.0,6823799.300000001],[167735.20000000007,6823801.000000001],[167144.00000000023,6824098.300000001],[166954.00000000023,6823925.6000000015],[165884.0,6824149.999999999],[165124.00000000012,6823992.9],[164644.00000000012,6824111.5],[164209.0,6824469.2],[163911.80000000016,6824447.0],[164156.19999999995,6824768.000000001],[163826.09999999998,6825184.0],[163871.0,6825427.0],[165381.00000000023,6825903.600000002],[165429.00000000012,6825987.900000001],[164719.00000000012,6825948.1000000015],[164646.00000000023,6826094.700000001],[164481.00000000023,6825835.300000001],[163714.99999999988,6825699.3],[163651.99999999988,6825807.099999998],[163592.3999999999,6825822.0],[163557.40000000026,6825301.000000001],[163212.59999999998,6824883.0],[163361.99999999988,6824491.8],[162806.09999999986,6825312.0],[162453.0,6825430.999999998],[162778.00000000012,6825534.799999999],[162783.00000000012,6825734.600000001],[162413.00000000012,6825737.600000001],[162496.00000000012,6825525.400000002],[162285.00000000012,6825735.6],[161597.99999999988,6825750.3],[160879.69999999995,6826243.0],[160901.30000000005,6826413.0],[161424.00000000012,6826646.600000001],[162069.00000000012,6826749.800000001],[162109.80000000016,6827040.700000001],[162350.0,6826908.800000001],[162853.99999999988,6827169.8],[163037.00000000023,6827063.300000001],[163043.30000000005,6827179.0],[163399.0,6827314.100000001],[163416.00000000012,6827397.199999999],[163892.90000000002,6827656.1],[163997.5,6827733.000000001],[163970.8999999999,6827759.999999998],[163173.00000000023,6827511.500000001],[162992.0,6827711.4],[162940.90000000026,6827494.000000001],[162540.0,6827294.3],[162195.0,6827413.7],[161747.30000000016,6827116.000000003],[161962.1000000001,6827029.999999999],[161777.0,6826924.500000001],[161383.00000000012,6827146.1],[161068.40000000026,6826943.000000001],[160857.80000000016,6827132.000000001],[160881.00000000012,6827407.100000001],[160770.50000000012,6827122.0],[160932.7999999998,6826999.999999999],[160837.50000000023,6826738.000000002],[160578.59999999998,6826740.4],[160418.0,6826390.0],[160038.99999999988,6826204.899999999],[158944.29999999993,6826809.0],[159102.99999999988,6827099.1],[158730.19999999995,6826921.0],[158865.0,6826648.6],[158519.0,6826839.9],[158260.00000000012,6826702.2],[157754.0,6826881.9],[157283.00000000012,6826762.900000001],[157041.00000000035,6826887.300000003],[157113.99999999988,6826638.2],[156944.00000000023,6826684.300000001],[157046.09999999986,6826789.000000001],[156863.50000000012,6826857.000000001],[156942.30000000016,6827087.999999999],[157184.99999999988,6827069.0],[157471.99999999988,6827437.399999999],[157713.0,6827349.0],[157850.5,6827733.999999999],[158272.00000000012,6827549.799999999],[158444.69999999995,6827913.999999998],[158268.5,6827926.999999999],[158255.6000000001,6827787.0],[158213.00000000012,6828011.300000001],[157981.40000000002,6828018.999999999],[158291.00000000012,6828302.400000001],[159040.00000000012,6828049.900000002],[159608.99999999988,6828479.2],[159201.0,6828679.8],[158550.00000000012,6828554.500000001],[158505.90000000014,6828978.600000001],[159016.09999999998,6828997.999999999],[159277.00000000012,6829230.6000000015],[159775.2000000002,6829098.000000001],[160541.00000000012,6829552.3],[160840.99999999977,6829546.399999999],[160777.30000000005,6829395.000000001],[160866.00000000012,6829409.5],[161502.0,6829740.000000001],[161134.0,6829983.999999999],[161153.2000000002,6829827.000000001],[161128.0,6829661.999999999],[161148.19999999995,6829653.000000001],[161123.70000000007,6829639.0],[161085.30000000005,6830062.0],[160781.0,6830309.3],[160531.0,6830186.9],[160492.99999999988,6830496.0],[160735.90000000014,6830381.200000001],[162393.30000000028,6830778.000000002],[162820.69999999984,6831179.8],[162906.00000000012,6831538.1000000015],[162648.8999999999,6831164.0],[162292.40000000037,6831175.400000002],[161860.0,6830938.399999999],[161218.00000000012,6830908.4],[161134.00000000012,6831162.0],[160943.6000000002,6831105.000000001],[161058.09999999998,6830945.0],[160901.00000000023,6830762.900000001],[160405.00000000012,6830845.800000001],[160073.5,6831232.0],[159517.99999999988,6831057.8999999985],[159598.1000000001,6830760.999999999],[159380.09999999998,6830368.0],[159573.99999999988,6830370.099999999],[159642.59999999998,6830337.999999999],[159571.0,6830180.8],[159951.0,6830166.199999999],[159949.90000000037,6829976.000000001],[158784.99999999988,6829790.799999999],[158454.00000000012,6829891.5],[157594.00000000012,6829480.8],[157594.19999999984,6830314.999999999],[158013.19999999984,6830653.000000001],[157952.69999999995,6830897.000000002],[158777.20000000007,6831965.400000001],[158661.00000000023,6832006.6000000015],[158221.80000000016,6831454.0],[158054.00000000012,6831453.300000001],[157588.00000000012,6830870.900000001],[157332.99999999988,6830876.4],[156789.0,6830513.8],[156587.99999999988,6830565.0],[156656.0,6830394.7],[156835.59999999998,6830512.0],[156828.70000000007,6830258.000000001],[156440.99999999988,6829986.099999998],[156104.90000000014,6830250.0],[155935.00000000012,6830061.900000003],[155800.00000000012,6830134.7],[155997.00000000012,6830658.4],[156447.0,6831039.7],[156608.90000000026,6831010.000000002],[156513.30000000005,6831096.000000001],[156876.30000000028,6831385.000000001],[157025.0,6831721.5],[156248.0,6831074.5],[156046.19999999995,6831156.999999999],[156156.80000000016,6831044.0],[156049.0,6830947.7],[154932.00000000012,6830399.100000001],[154671.8999999999,6829660.299999999],[154691.0,6829398.2],[154883.40000000002,6829423.999999999],[154301.99999999988,6828940.599999999],[154482.30000000016,6828693.0],[154353.99999999988,6828499.5],[153936.00000000012,6828303.000000001],[152791.00000000012,6828470.600000001],[151967.00000000012,6828300.500000001],[150954.99999999988,6828491.0],[151809.59999999998,6829553.9],[152060.0,6829606.3],[152070.0,6829800.099999999],[152749.00000000023,6830152.600000001],[153008.00000000023,6830058.000000001],[153163.09999999998,6830236.5],[153168.00000000035,6830339.800000002],[153066.99999999988,6830224.6],[152401.99999999988,6830350.999999998],[151833.69999999995,6829989.000000001],[151955.1000000002,6829836.000000001],[152002.00000000012,6829738.4],[151753.00000000012,6830019.5],[151459.0,6829993.599999999],[151389.00000000012,6829798.800000001],[150831.0,6829453.9],[149287.0,6828924.8],[148754.0,6828798.700000001],[147975.30000000016,6829048.000000001],[148747.90000000014,6829306.0],[148884.00000000012,6829890.3],[148700.70000000007,6830051.000000001],[149574.40000000002,6830511.999999999],[149615.99999999988,6830796.399999999],[149250.1000000001,6830929.0],[149380.09999999986,6831066.999999999],[149239.7000000002,6831440.000000003],[149518.40000000002,6831872.999999998],[149948.8999999998,6832046.000000001],[149916.00000000023,6832549.6000000015],[150478.00000000023,6833061.300000001],[151436.00000000023,6833402.600000001],[152241.80000000005,6834302.799999999],[152308.30000000005,6834696.5],[152928.00000000023,6834872.200000001],[153254.0,6835199.599999999],[154380.00000000012,6835741.8],[155482.0,6835971.899999999],[155998.1000000001,6836608.000000001],[156367.00000000023,6836727.5],[156906.99999999988,6836569.399999999],[157478.0,6836737.2],[158941.69999999995,6837708.999999998],[159822.20000000007,6837985.0],[159979.99999999988,6838255.799999998],[160840.00000000023,6838739.800000001],[161771.99999999988,6839637.199999999],[162153.80000000016,6839392.999999999],[162118.40000000002,6839736.5],[162827.1000000001,6840418.800000001],[163118.49999999988,6840452.699999999],[162905.0,6840682.1],[163087.1000000002,6840632.800000002],[163144.40000000014,6840826.8],[162497.80000000016,6840543.1],[162349.69999999995,6840052.199999999],[161716.0,6840001.4],[161265.59999999986,6839771.999999998],[160536.0,6839160.899999999],[160620.0,6838945.200000001],[160029.00000000012,6838901.100000001],[159613.0,6838345.399999999],[159369.00000000012,6838399.3],[158844.0,6838130.799999999],[158474.99999999988,6838198.300000002],[158479.30000000005,6837930.999999999],[158207.99999999988,6837844.499999999],[157811.0,6837950.0],[157381.0,6837680.8],[157042.09999999974,6837176.699999998],[156519.00000000012,6837488.200000001],[156399.00000000012,6837310.6],[156043.00000000012,6837566.7],[156088.99999999988,6837406.0],[155423.5,6837222.8],[155378.00000000012,6836675.2],[154823.59999999998,6836587.0],[154248.80000000016,6836209.6],[153995.00000000012,6836399.0],[153580.30000000005,6836390.8],[152840.00000000012,6835607.1],[152439.00000000023,6835692.700000001],[151307.2000000002,6836609.000000001],[150926.99999999988,6836670.6],[150507.5,6836463.5],[150501.69999999995,6836089.4],[150763.0,6836081.1],[150534.19999999984,6836074.499999999],[150520.2000000002,6835782.000000001],[150734.6000000001,6835803.9],[150497.6000000001,6835735.0],[150286.0,6835127.6],[149670.0,6834763.399999999],[149260.50000000012,6834896.399999999],[149517.50000000012,6835192.5],[149240.80000000005,6835431.6],[149210.1000000001,6835364.900000002],[148929.69999999995,6835040.299999999],[148917.79999999993,6835039.9],[149092.90000000002,6835498.599999999],[148782.40000000026,6835157.200000001],[149070.59999999986,6835565.399999999],[148909.7000000002,6835722.700000002],[148514.0,6835442.8],[148736.90000000014,6835782.900000001],[148498.59999999986,6835537.8],[148310.6000000001,6835605.900000001],[147908.59999999998,6835088.1],[147670.30000000016,6835084.700000001],[147680.19999999995,6835380.000000001],[147460.00000000012,6835390.4],[147317.50000000012,6834963.1],[147210.5,6835401.700000001],[147379.59999999998,6835632.199999999],[146852.0,6835369.3],[146874.90000000014,6835193.3],[146735.30000000005,6835173.1],[146717.30000000005,6835395.099999999],[146663.59999999998,6835242.399999999],[146582.40000000014,6835355.8],[146566.40000000014,6835207.500000001],[146381.30000000016,6835257.600000001],[146582.1000000001,6834880.1],[146316.30000000005,6835224.699999999],[145662.40000000002,6834767.1],[145771.20000000007,6834944.300000001],[145628.00000000012,6834801.6],[145091.00000000023,6835137.000000001],[145311.00000000023,6834907.900000001],[145024.70000000007,6835060.5],[145215.40000000002,6834790.000000002],[144928.0,6834732.099999999],[144511.09999999998,6834415.700000001],[144596.30000000016,6834305.199999999],[144502.19999999995,6834408.9],[143691.30000000005,6833725.8],[143616.59999999998,6833818.9],[143680.2000000002,6833694.000000002],[143992.19999999984,6833428.699999998],[144438.5,6833523.2],[144593.70000000007,6833751.600000001],[144482.59999999986,6833532.2],[144691.50000000023,6833577.800000001],[144846.49999999988,6833805.4],[144735.49999999988,6833585.599999999],[146064.29999999993,6833863.8],[143970.59999999998,6833406.499999999],[143891.40000000014,6833424.7],[143550.59999999986,6833827.6],[143081.40000000014,6833586.8],[142783.49999999988,6833000.999999999],[142483.50000000012,6832964.000000002],[141640.5,6833574.999999999],[141344.0,6833597.099999999],[141556.0,6833180.799999999],[141300.00000000012,6833375.100000001],[140908.90000000002,6832793.400000001],[140777.00000000012,6833017.4],[140460.00000000023,6833025.1000000015],[140287.69999999995,6832910.999999999],[140276.00000000012,6832587.900000001],[140034.3999999999,6832563.4],[139847.99999999988,6832320.099999999],[138796.00000000012,6832334.2],[138752.09999999998,6832120.1],[138008.0,6831921.9],[137042.99999999988,6831344.799999999],[136825.59999999998,6831438.0],[136604.00000000012,6831295.200000001],[136542.30000000016,6831575.4],[135618.0,6831425.599999999],[135296.20000000007,6831759.000000002],[135358.99999999988,6832088.300000001],[135028.00000000023,6832071.500000002],[134832.00000000012,6832568.199999999],[134554.00000000012,6832309.1],[134581.19999999984,6832433.899999999],[133997.00000000012,6832411.000000001],[133073.00000000012,6833329.6000000015],[131912.70000000007,6833820.7],[131615.0,6833558.9],[131137.8999999999,6833773.999999999],[130343.00000000012,6833303.800000002],[130131.40000000002,6832840.999999999],[130307.50000000012,6832783.0],[130250.80000000005,6832528.0],[130421.30000000028,6832428.000000001],[130267.0,6832137.5],[130443.59999999998,6832003.0],[130080.60000000021,6831771.0],[129860.20000000007,6831840.000000001],[129498.00000000012,6831252.5],[129241.00000000012,6831405.300000002],[128977.99999999977,6831122.3],[128940.40000000002,6831343.0],[128066.00000000023,6831316.100000001],[127884.00000000023,6831621.100000002],[127427.00000000023,6831764.400000002],[127383.00000000035,6831598.400000001],[126968.00000000012,6831574.0],[126879.0,6831386.100000001],[126640.0,6831357.4],[126302.00000000012,6831497.1000000015],[126190.59999999986,6831335.999999999],[125814.0,6831384.0],[125571.0,6831319.8],[125062.99999999988,6831433.999999999],[125087.0,6831549.900000002],[124891.00000000012,6831548.900000001],[124754.70000000007,6831722.0],[125011.80000000005,6832203.000000001],[124693.70000000007,6832332.000000001],[125238.80000000005,6833563.999999999],[124924.20000000007,6834062.0],[124711.0,6834039.7],[124471.00000000023,6834308.200000001],[124741.1000000001,6834609.800000001],[124645.00000000012,6834807.999999999],[124544.99999999988,6834806.199999999],[124549.70000000007,6834843.999999999],[124437.20000000019,6834925.900000001],[124420.39999999979,6834984.799999999],[124521.99999999988,6834874.4],[124896.49999999988,6835105.7],[125615.30000000016,6835102.9],[125712.80000000016,6835297.7],[124987.0,6835398.7],[124236.0,6835186.300000001],[123923.30000000016,6835293.200000001],[124337.00000000012,6835686.000000001],[124123.79999999981,6835791.999999999],[124289.99999999988,6835974.400000001],[124752.19999999995,6835459.000000002],[125487.00000000012,6835485.0],[126251.20000000007,6836430.0],[126119.80000000016,6836765.0],[126245.70000000007,6836932.000000001],[125896.8999999999,6837162.999999999],[126195.69999999995,6837420.4],[126027.19999999995,6837585.0],[125615.00000000023,6837599.6000000015],[125510.00000000023,6838048.200000001],[125242.20000000019,6838312.000000001],[125228.80000000005,6838542.999999998],[125453.00000000023,6838662.2],[125441.19999999984,6839533.999999999],[125597.69999999972,6839981.999999999],[125340.00000000012,6840202.3],[124770.00000000023,6839996.300000002],[124901.1000000001,6840217.000000001],[124796.6000000001,6840446.000000002],[124428.30000000028,6840687.0],[124323.6000000001,6840983.800000001],[124103.30000000005,6840986.999999999],[124451.50000000012,6841551.0],[124439.1000000001,6841870.000000002],[124721.40000000002,6842024.999999999],[125108.19999999984,6842772.699999998],[125055.89999999979,6843441.999999998],[125518.40000000002,6843797.1],[125586.00000000012,6844197.100000001],[125840.8999999999,6844241.999999999],[125651.99999999988,6844562.899999999],[125373.99999999988,6844234.299999999],[125336.99999999977,6844528.9],[125720.6000000001,6844732.0],[125634.09999999998,6845057.0],[125968.20000000007,6845107.999999999],[126005.00000000035,6845335.300000003],[126296.19999999995,6845503.0],[126501.40000000014,6846193.000000001],[126398.70000000007,6846353.000000001],[126707.09999999998,6846239.000000001],[127182.99999999977,6846964.299999999],[127526.60000000021,6846680.000000001],[127221.30000000005,6845889.399999999],[127602.40000000002,6846489.000000001],[127789.50000000012,6846335.000000001],[127694.5,6846644.000000001],[127801.70000000007,6846993.000000001],[128067.00000000023,6847097.400000002],[128236.0,6846963.800000001],[128572.00000000012,6847147.600000001],[128788.0,6846884.5],[129079.00000000012,6847076.4],[129380.99999999988,6846950.8999999985],[129299.09999999998,6847138.0],[129516.0,6847260.5],[130016.0,6847142.299999999],[130263.0,6847272.5],[130486.09999999998,6846565.3],[130442.5,6847324.999999999],[129952.0,6847438.499999999],[129073.0,6847204.4],[129079.30000000028,6847322.500000001],[128982.0,6847193.499999999],[128776.90000000002,6847285.9],[128741.00000000012,6847173.6],[128521.0,6847298.5],[128140.00000000012,6847236.200000002],[128046.40000000002,6847435.1],[127726.90000000002,6847280.800000001],[127624.0,6847376.400000001],[127631.90000000014,6847092.000000001],[127347.80000000016,6847076.0],[127078.90000000014,6847289.0],[127033.29999999981,6847631.999999999],[126810.0,6847740.299999999],[126858.29999999993,6847959.5],[126633.0,6848094.1],[126936.20000000007,6848287.0],[126377.20000000007,6848757.0],[126610.00000000023,6848721.300000002],[126667.50000000023,6848962.000000002],[126371.09999999998,6849196.999999999],[126516.50000000012,6849669.7],[126152.79999999993,6850228.999999999],[126501.40000000014,6850581.0],[126304.09999999998,6850917.300000001],[127276.90000000002,6851537.0],[127045.70000000007,6851830.000000001],[127087.99999999988,6852223.599999999],[126832.30000000016,6852116.500000001],[126692.29999999993,6852216.299999999],[126673.6000000001,6852115.0],[126605.00000000023,6852049.400000002],[126505.00000000023,6852313.300000002],[126702.0,6852307.999999998],[126708.0,6852593.7],[126900.0,6852570.2],[127023.00000000012,6852292.000000001],[127311.19999999995,6852135.899999999],[127586.00000000012,6852588.900000002],[127173.5,6852794.0],[127513.99999999988,6852964.399999999],[127643.00000000023,6852552.300000001],[128013.00000000012,6852623.500000001],[127976.40000000002,6852913.300000001],[127652.59999999986,6852914.4],[127907.80000000005,6853274.699999999],[127545.19999999995,6853485.2],[127707.40000000014,6853498.200000002],[127657.90000000002,6853800.8],[128165.19999999995,6853648.9],[128252.0,6853879.1],[128108.09999999998,6854139.999999999],[128585.0,6853716.199999999],[128731.90000000014,6853347.0],[128976.90000000014,6853465.600000001],[128754.90000000014,6853463.500000001],[128682.40000000002,6853705.300000002],[128653.90000000014,6853977.1],[128866.40000000002,6854331.1],[128636.70000000007,6855141.1],[128867.90000000002,6855061.899999999],[129170.90000000014,6855369.700000001],[129682.49999999977,6855463.799999999],[130054.40000000002,6855751.199999999],[130387.09999999998,6856340.099999999],[130929.80000000005,6856478.799999999],[131031.80000000028,6856652.500000002],[131217.40000000002,6856502.199999999],[131550.80000000016,6856616.100000001],[131361.80000000016,6856219.399999999],[131705.5,6855924.499999999],[131777.6000000001,6856127.100000001],[132044.79999999993,6856107.599999999],[132298.69999999984,6855486.099999999],[132306.09999999998,6855913.1],[132711.79999999993,6856053.500000001],[132638.80000000016,6856258.200000001],[132169.20000000007,6856285.5],[132510.90000000002,6856656.699999999],[132399.50000000012,6857021.000000001],[132694.59999999986,6857201.000000002],[132410.80000000005,6857590.1],[132491.80000000016,6857709.000000001],[132846.80000000016,6857664.9],[133032.80000000016,6857824.300000001],[133313.40000000002,6857553.0],[133577.80000000005,6857845.4],[133981.40000000002,6857781.0],[133855.80000000016,6857401.5],[134240.80000000005,6857125.1],[134891.19999999995,6857544.1],[135051.69999999995,6858112.199999999],[135489.30000000016,6857539.300000002],[136286.70000000007,6857487.4],[136274.90000000002,6857382.1],[137279.69999999995,6857635.300000001],[138239.90000000014,6858132.6000000015],[138378.70000000007,6858076.200000001],[138373.7000000002,6857663.900000003],[139074.5,6857700.700000001],[139258.59999999998,6857347.100000001],[140414.30000000005,6857101.0],[140438.3999999999,6856116.099999999],[140717.8999999999,6855737.199999999],[140627.6000000002,6855439.300000002],[140211.69999999995,6855396.099999999],[140535.6000000001,6855361.100000001],[140316.0,6855059.999999999],[141049.6000000001,6855335.000000001],[141501.59999999986,6855166.5],[141126.6000000002,6855701.300000002],[143270.5,6855517.9],[143394.49999999988,6855270.999999999],[143992.80000000016,6854925.1],[144240.5,6855117.599999999],[144366.00000000012,6854806.4],[144779.3999999999,6854730.999999999],[144690.8000000004,6854394.100000002],[145027.09999999986,6854361.1],[145004.8999999999,6854011.799999999],[145199.00000000012,6854323.100000001],[144995.09999999986,6854578.099999998],[145318.5,6854752.0],[145857.80000000005,6854463.1],[146161.59999999998,6854022.7],[146521.70000000007,6854020.000000001],[146671.8999999998,6853659.999999998],[146872.59999999998,6853604.199999999],[146676.19999999995,6853895.0],[146719.1000000001,6854370.1],[147008.40000000014,6854280.0],[147103.40000000014,6854330.399999999],[146703.40000000002,6854446.5],[146241.50000000012,6854234.100000001],[146107.90000000014,6854652.099999999],[145777.5,6854612.299999999],[145365.50000000012,6854905.1],[145509.50000000012,6855122.3],[144805.09999999998,6854770.700000001],[144515.49999999988,6855679.0],[144424.79999999993,6855430.1],[144094.49999999988,6855444.599999999],[143864.50000000012,6855233.0],[143511.69999999995,6855579.099999999],[143583.49999999988,6856036.199999998],[143480.50000000012,6855760.7],[143024.5,6855618.199999999],[142736.5,6855805.8],[142304.80000000005,6855730.1],[141985.6000000001,6855920.100000001],[141033.6000000001,6856029.700000002],[140915.3999999999,6857058.0],[140647.59999999998,6857402.299999999],[140251.6000000001,6857386.600000001],[139782.69999999995,6857625.0],[139579.6000000001,6857532.7],[139337.30000000016,6857944.0],[139703.59999999986,6857985.099999998],[140091.00000000012,6858598.0],[140006.19999999995,6858987.499999999],[139721.1000000001,6859023.0],[140007.3999999998,6859323.699999999],[139852.90000000002,6859955.899999999],[140191.59999999986,6860580.9],[140056.30000000016,6860821.9],[140421.59999999998,6860823.499999999],[140702.59999999998,6861174.500000001],[140955.6000000001,6860680.7],[141538.1000000002,6860399.900000001],[141346.6000000001,6860136.7],[140884.29999999993,6859996.099999999],[140736.59999999998,6859481.7],[141457.59999999998,6859651.499999999],[141766.59999999986,6859502.899999999],[141963.59999999998,6859678.5],[142444.19999999995,6859601.299999999],[143226.00000000012,6859937.800000002],[143168.30000000016,6859835.0],[143482.50000000023,6859638.700000001],[143561.50000000012,6859328.900000001],[144622.5,6859698.799999999],[145670.1000000001,6859170.0],[145620.0,6858900.0],[145776.50000000012,6859057.700000001],[146067.1000000001,6858847.0],[146041.50000000012,6857982.100000001],[146547.40000000002,6858169.0],[146563.40000000002,6858381.499999999],[146174.30000000005,6858531.0],[146182.50000000012,6858973.3],[146537.3999999999,6858992.099999999],[146065.50000000012,6859063.000000001],[145117.5,6859567.999999999],[144878.79999999993,6859962.9],[144206.6000000001,6860134.700000002],[144125.5,6860401.4],[143472.20000000007,6860390.900000002],[144077.0,6861145.899999999],[143635.50000000012,6861012.9],[143482.50000000012,6861204.1],[143271.49999999988,6860908.399999999],[142885.20000000007,6861057.9],[142972.50000000023,6861452.500000001],[143299.2000000002,6861630.900000001],[143181.50000000012,6861886.300000001],[142860.5,6861888.0],[142943.3999999999,6862258.8999999985],[143211.49999999988,6862086.800000001],[143454.70000000007,6862287.900000001],[143238.00000000012,6862855.8],[143728.5,6862546.7],[144380.5,6862619.799999999],[144461.50000000012,6862822.7],[144693.50000000012,6862540.1],[145012.50000000012,6862560.200000001],[144992.80000000028,6862832.800000002],[144677.30000000005,6863141.8],[144844.69999999995,6863292.8],[144641.30000000005,6863546.8],[144715.5,6863776.7],[144948.5,6863623.499999999],[145113.1000000001,6863950.800000001],[145417.5,6863934.799999999],[145210.20000000007,6863612.8],[145250.50000000012,6863295.8],[145446.49999999988,6863276.2],[145562.49999999988,6863536.599999998],[145533.19999999984,6863255.799999999],[145872.49999999988,6863021.199999999],[146190.50000000012,6863031.600000001],[146622.40000000002,6863569.0],[147219.5,6863539.8],[147168.70000000007,6863338.800000001],[147341.2000000002,6863309.800000003],[147249.30000000005,6862896.800000001],[147482.40000000014,6862861.8],[147526.40000000002,6863069.300000001],[147752.19999999984,6862805.799999999],[147163.40000000037,6862763.200000002],[147351.69999999995,6862120.900000001],[147682.40000000002,6862127.900000001],[147997.40000000002,6861874.899999999],[148574.40000000002,6862363.300000001],[148659.40000000002,6862225.499999998],[149067.3999999999,6862248.4],[149564.40000000014,6862019.599999999],[150382.30000000016,6862299.200000001],[150680.30000000016,6862226.8],[152070.69999999984,6863406.8],[151987.19999999995,6863633.8],[151994.30000000005,6863999.8],[152120.30000000005,6863555.7],[152408.30000000028,6863552.300000001],[152646.30000000028,6863743.8],[152590.7000000002,6863342.800000002],[152977.29999999993,6863020.3],[153188.30000000028,6863005.100000001],[153300.30000000005,6863203.800000001],[153282.09999999998,6863467.8],[153099.99999999977,6863608.799999998],[153171.30000000005,6863748.499999999],[153448.5,6863440.800000001],[153693.30000000028,6863513.800000001],[154050.20000000007,6863158.800000002],[154692.19999999995,6863226.699999999],[155647.19999999984,6862858.7],[155693.1000000001,6863074.5],[155246.80000000028,6863512.800000001],[154293.19999999984,6863616.7],[153831.30000000005,6864202.0],[153237.2000000002,6864345.800000001],[153215.30000000005,6864856.199999998],[152955.80000000005,6864978.8],[153133.59999999986,6865298.800000001],[153410.90000000014,6865268.8],[153476.99999999988,6864939.099999999],[153731.1000000001,6864836.2],[154439.2000000002,6865068.500000001],[155038.19999999984,6864924.2],[155882.20000000007,6865028.300000001],[156336.3999999999,6865192.799999999],[156685.19999999995,6865590.699999999],[156829.8999999999,6865407.899999999],[157057.19999999984,6865562.300000001],[157052.19999999995,6865526.800000001],[157279.20000000007,6865292.6000000015],[157357.59999999986,6865551.8],[157171.99999999965,6865494.799999999],[157231.19999999995,6865353.4],[157133.90000000002,6865532.7],[157197.49999999988,6865668.2],[157591.30000000016,6865820.8],[157587.59999999998,6866039.699999999],[157883.30000000005,6866277.699999999],[157811.19999999995,6866400.999999999],[158360.09999999986,6866254.9],[159317.1000000002,6866875.800000002],[159849.09999999998,6866990.399999999],[159865.09999999998,6867167.2],[160689.6000000001,6866799.4],[161098.1000000001,6866926.199999999],[161047.1000000001,6866712.9],[161453.09999999998,6866645.199999999],[161010.70000000007,6866026.900000001],[161290.59999999998,6865679.6],[161702.90000000014,6865712.800000001],[161607.19999999995,6865880.5],[161932.3999999999,6866064.099999998],[161905.99999999988,6866283.699999999],[162134.99999999988,6866154.2],[162305.0,6866296.299999999],[162278.09999999998,6865857.799999999],[163429.19999999995,6865316.8],[163567.80000000005,6864950.799999999],[163080.0,6864713.1],[163128.0,6864159.8],[162996.80000000016,6863997.8],[162670.6000000001,6863876.800000001],[162273.99999999988,6863352.999999999],[162103.80000000005,6863332.699999999],[162301.20000000007,6863458.8],[162157.80000000005,6863616.199999998],[161702.1000000001,6863540.4],[161572.6000000001,6863418.800000001],[161775.19999999984,6863506.799999999],[161822.09999999998,6863367.5],[161607.5,6863260.200000001],[162329.80000000005,6863120.4],[162026.40000000014,6862812.8],[162045.40000000002,6862616.2],[162008.1000000001,6862821.800000001],[162080.90000000026,6862881.800000001],[161735.1000000002,6862772.900000002],[161707.00000000023,6862458.800000001],[161870.5,6862259.2],[163086.99999999988,6861752.699999999],[163369.6000000001,6862293.900000001],[162930.0,6862443.899999999],[162772.00000000012,6862734.600000001],[164182.00000000012,6862681.8],[164577.00000000012,6862898.299999999],[164638.90000000014,6863336.8],[164858.0,6863482.599999999],[165795.00000000012,6863536.7],[167219.0,6863311.2],[168731.00000000012,6863835.1],[167520.49999999988,6863191.999999999],[167944.5,6863127.699999999],[167984.00000000012,6862950.1],[168046.00000000012,6863153.800000002],[168749.0,6862981.699999999],[170452.00000000012,6863299.799999998],[170755.40000000026,6863200.100000001],[170736.69999999984,6863510.600000001],[170231.00000000012,6863803.8],[169513.80000000016,6864006.6],[169378.00000000012,6863832.400000001],[168857.69999999995,6863935.0],[168807.0,6864153.999999999],[169459.0,6864696.6],[169538.0,6865127.200000001],[169237.80000000005,6864946.699999999],[169357.90000000002,6865123.000000001],[169819.80000000016,6865247.1000000015],[169967.00000000012,6865454.200000001],[170186.30000000005,6865413.6],[170094.49999999988,6865608.999999999],[170522.0,6865965.599999999],[170846.50000000012,6866025.1000000015],[171124.0,6866560.7],[171294.00000000012,6866674.700000002],[171424.99999999988,6866561.199999997],[171697.09999999986,6867025.4],[171929.99999999988,6867064.599999999],[171962.0,6866773.3],[172124.00000000012,6866684.699999999],[172455.0,6866968.699999999],[172831.80000000028,6866834.000000001],[172996.59999999986,6866950.999999999],[172971.0,6867170.4],[173238.99999999988,6867041.699999999],[173555.5,6867197.0],[173578.7000000002,6867357.000000002],[173820.00000000012,6867151.900000001],[174115.00000000012,6867399.6],[175340.0,6867371.699999999],[175967.00000000017,6867771.2],[176127.0,6867402.000000001],[176604.00000000006,6867295.2],[176909.89999999997,6867320.399999999],[177011.90000000014,6867507.0],[177641.00000000006,6867404.7],[177669.00000000006,6867208.599999999],[177923.00000000012,6867302.600000001],[178092.00000000006,6867107.2],[178176.99999999994,6867440.399999999],[178481.8999999999,6867043.999999999],[178350.2000000002,6866305.400000001],[178685.00000000006,6866960.1],[178875.00000000012,6866999.100000001],[179101.00000000012,6866765.199999999],[179296.2000000002,6866877.000000001],[179287.0,6867111.500000002],[179490.00000000012,6867015.600000001],[179495.29999999993,6866741.000000001],[179914.6999999999,6866559.099999999],[179763.59999999998,6866596.6],[179767.59999999998,6866512.1],[179674.0,6866529.7],[179598.90000000002,6866355.999999999],[179686.10000000003,6866472.999999999],[179884.00000000017,6866230.400000001],[180092.0,6866221.6],[180106.70000000007,6865889.999999999],[180406.59999999992,6865708.0],[180235.90000000008,6865609.0],[180270.49999999988,6865445.999999999],[181022.1000000002,6864900.000000002],[180987.50000000012,6864267.000000001],[181100.0,6864183.799999999],[181082.59999999998,6864934.000000001],[180265.30000000016,6866365.000000001],[180375.00000000012,6866462.2],[180585.80000000016,6866163.000000001],[180904.00000000006,6866300.500000001],[181409.40000000026,6865972.400000003],[182168.99999999988,6866228.299999999],[182560.0,6865991.7],[182783.1999999999,6866145.199999998],[182562.00000000006,6866093.4],[182430.80000000005,6866307.0],[182274.49999999994,6866279.0],[182397.0,6866424.9],[181219.00000000006,6866161.5],[181365.09999999992,6867702.0],[181535.00000000012,6867936.6],[181683.00000000012,6867888.900000001],[181668.00000000006,6868301.0],[182415.70000000007,6867807.0],[182849.00000000006,6868203.5],[183058.00000000006,6869038.8],[183776.0,6868589.0],[184559.99999999994,6868783.599999999],[184852.50000000012,6869163.000000001],[184727.60000000003,6869395.0],[185198.9000000002,6869867.0],[185285.00000000006,6870350.199999999],[185447.40000000002,6870142.0],[185707.40000000026,6870251.0],[185136.50000000012,6869610.700000002],[185484.20000000013,6869169.0],[185294.00000000012,6868990.8],[185568.90000000008,6868536.800000001],[185795.00000000006,6868621.2],[186307.30000000005,6869085.8],[186279.00000000006,6869805.2],[186571.50000000006,6870188.999999999],[187147.40000000014,6870096.700000001],[187113.40000000002,6870587.999999998],[187150.70000000013,6870096.2],[187416.60000000015,6869985.100000001],[187100.20000000013,6870049.400000002],[187272.8,6869830.699999999],[187047.6000000001,6869938.0],[187216.40000000008,6869627.0],[187613.0,6869675.1],[187614.79999999993,6870019.899999999],[187750.3,6869794.799999999],[187885.2,6870021.7],[188012.8,6870085.499999999],[188065.99999999994,6869589.699999999],[188362.00000000023,6869496.5],[188546.60000000003,6869235.100000001],[188273.99999999994,6869447.199999999],[188214.00000000017,6869067.900000002],[188045.2000000002,6869040.900000001],[188212.5,6868976.000000001],[187964.90000000002,6868964.5],[187999.8,6868814.000000001],[187681.10000000015,6868569.000000001],[187830.2,6868228.000000001],[187544.99999999994,6868233.3],[187500.49999999994,6867995.899999999],[187672.3,6867719.999999999],[187255.70000000013,6867048.100000001],[187671.8000000001,6866374.300000001],[188012.3,6866263.0],[187913.39999999997,6865867.799999999],[188498.80000000005,6865683.0],[188192.90000000014,6865513.000000001],[188355.70000000013,6865230.600000001],[188332.40000000002,6865120.3],[188157.59999999986,6865451.999999999],[188245.00000000012,6865639.800000001],[187750.00000000012,6865948.100000001],[187514.2,6865395.2],[187623.3000000001,6864884.100000001],[187530.80000000005,6864419.0],[187331.10000000003,6864254.4],[187570.0,6864101.599999999],[187849.0,6864446.3],[187987.7000000002,6864178.800000002],[188353.00000000006,6863995.9],[188666.8,6864257.799999999],[188639.00000000012,6864029.0],[188898.50000000012,6863910.0],[188836.0,6863683.400000001],[188664.00000000006,6863793.499999999],[188468.8000000001,6863540.000000002],[188665.10000000003,6862885.0],[188605.60000000003,6862204.399999999],[188106.40000000014,6861223.900000001],[188588.30000000005,6860817.900000001],[188678.59999999992,6861743.999999998],[188884.0,6861668.5],[189243.3,6861861.0],[189411.50000000012,6862318.000000001],[189764.99999999988,6862091.799999999],[190219.40000000002,6862134.6],[190529.99999999994,6863020.499999999],[190871.30000000016,6863494.100000001],[190982.8000000001,6864063.100000001],[191226.80000000005,6863793.0],[191615.6000000001,6863778.000000002],[191744.2000000002,6863333.900000001],[192603.99999999988,6863366.799999999],[192613.00000000006,6863698.8],[192869.00000000006,6863422.6],[193239.90000000002,6863340.2],[193195.0,6862888.3],[192250.29999999993,6862713.0],[192022.7,6862372.999999999],[192478.10000000015,6860690.000000002],[192908.00000000006,6860193.700000002],[194912.09999999998,6859037.999999999],[195131.00000000017,6858832.200000001],[195279.09999999998,6858158.1],[195236.70000000013,6857411.100000001],[194780.70000000007,6856791.8],[195085.50000000012,6856217.300000001],[194619.00000000012,6856222.900000001],[194379.00000000006,6855918.899999999],[193960.00000000006,6855835.3],[193899.00000000006,6855768.300000001],[193850.90000000002,6855634.300000001],[193870.50000000012,6855608.800000001],[193977.00000000012,6855783.900000002],[194352.09999999992,6855814.999999998],[194684.0,6856119.4],[194985.00000000017,6856071.9],[195095.3,6856209.999999999],[195654.90000000014,6855626.500000001],[195086.2,6856416.8],[194994.00000000012,6856873.500000001],[195728.99999999988,6857843.8999999985],[196306.3000000001,6858328.000000002],[196100.70000000013,6858510.900000001],[195964.09999999998,6858389.599999999],[195988.80000000005,6859362.3],[195783.00000000023,6860253.900000001],[195533.5,6860595.000000001],[195511.90000000008,6861622.0],[195658.00000000006,6862041.0],[195163.49999999994,6863202.999999999],[195388.0,6863397.999999999],[195895.8000000001,6863413.000000001],[195857.09999999986,6862117.199999998],[196132.39999999997,6861996.299999999],[196152.99999999988,6861839.299999999],[196429.2,6861857.4],[196373.69999999995,6862477.999999998],[195984.4000000002,6862400.000000001],[196411.00000000006,6862532.3],[196375.2000000002,6862912.000000001],[196550.1000000001,6863151.000000002],[196439.99999999983,6863629.099999998],[196096.00000000012,6863700.700000001],[196416.20000000007,6864049.999999999],[196363.8000000001,6864470.0],[196146.00000000023,6864596.000000001],[196017.99999999994,6864494.799999998],[195957.10000000003,6864627.0],[196130.09999999998,6864833.0],[196035.20000000007,6865138.0],[196440.09999999992,6865368.999999999],[196462.6000000001,6865815.000000001],[196782.00000000006,6865901.2],[196937.00000000006,6865732.2],[197212.99999999994,6865894.999999998],[197176.70000000007,6866943.0],[197293.99999999988,6867095.1],[197443.99999999994,6866884.099999999],[197643.09999999992,6866947.0],[197642.3,6867339.3],[198017.70000000007,6867527.000000001],[198029.00000000006,6867746.5],[198132.59999999992,6867622.999999999],[198036.0,6867405.599999999],[198473.29999999993,6867550.599999998],[198089.50000000006,6867406.9],[198134.0,6867019.0],[198345.90000000008,6866975.199999999],[198144.29999999993,6866629.099999999],[198696.30000000005,6866178.0],[198708.00000000017,6867047.700000002],[199053.59999999992,6867383.0],[198798.60000000003,6867591.999999999],[198961.00000000006,6867863.0],[198769.00000000006,6868167.7],[199053.00000000006,6868116.4],[199336.30000000005,6867534.999999999],[199647.49999999988,6867324.299999999],[199978.00000000012,6867237.7],[200379.00000000006,6867408.9],[200530.5,6866605.000000001],[201289.0,6866004.1],[201974.00000000006,6866139.9],[202084.99999999994,6866458.999999999],[202436.00000000006,6866646.6],[202660.00000000017,6866578.000000001],[202769.99999999983,6866783.699999997],[203107.00000000006,6866621.0],[203345.00000000012,6866822.5],[203369.0,6866659.4],[203644.00000000006,6866708.000000001],[203872.0,6866434.2],[204354.7000000002,6866608.000000001],[204511.00000000012,6866337.200000001],[204911.00000000006,6866562.799999999],[205441.00000000006,6866136.7],[205900.00000000017,6866192.700000002],[206039.00000000012,6865988.8],[206348.00000000017,6865958.0],[206161.00000000012,6865525.900000001],[207114.60000000003,6864765.0],[207254.99999999994,6864274.899999999],[208256.00000000012,6864361.1],[208467.00000000012,6864137.000000001],[208438.70000000013,6863947.000000001],[208805.00000000012,6863730.200000001],[209148.29999999993,6863773.899999999],[209251.00000000006,6864066.800000001],[209583.29999999993,6863978.999999999],[210706.0,6864701.1],[210878.6000000001,6864371.6],[211103.00000000006,6864309.300000001],[211382.10000000003,6864349.999999999],[211536.99999999994,6864652.999999999],[211585.09999999992,6864675.999999999],[211512.7,6864058.999999998],[210896.79999999987,6863676.099999998],[210661.69999999995,6863075.0],[211375.00000000006,6862371.000000001],[211740.00000000012,6862279.900000001],[211716.80000000016,6862027.000000001],[210478.00000000017,6861237.000000002],[209553.60000000015,6859712.200000001],[209839.00000000006,6859192.2],[209833.09999999986,6857876.799999999],[210141.6999999999,6856687.299999999],[209994.00000000012,6856184.4],[210068.8000000001,6855865.300000002],[210297.29999999993,6855743.299999999],[210375.00000000006,6855097.0],[211169.50000000006,6855223.1],[210840.8,6853583.399999999],[211643.49999999994,6852477.8999999985],[212540.7,6852661.0],[213557.20000000007,6852076.599999999],[213761.09999999998,6851799.5],[213942.90000000002,6851830.0],[214001.40000000014,6852031.200000001],[214089.60000000003,6851906.3],[214220.50000000006,6852018.8],[214370.10000000003,6851654.400000001],[214590.0,6851652.7],[214612.20000000007,6851182.8],[214864.50000000006,6850702.999999999],[214259.40000000002,6849532.5],[213940.90000000008,6849632.0],[213807.3000000001,6849330.700000001],[213633.40000000026,6849306.000000001],[213612.80000000005,6848879.0],[213787.1000000001,6848636.400000001],[214610.3,6848593.500000001],[214968.70000000013,6848297.800000001],[215635.70000000013,6848849.0],[215709.30000000005,6848423.700000001],[216529.2,6847609.599999999],[216760.59999999992,6846809.299999999],[217769.10000000003,6846422.4],[217411.79999999993,6846276.099999999],[217063.79999999993,6845819.899999999],[216309.0,6845466.799999999],[215887.90000000014,6844778.000000002],[215034.30000000005,6844135.700000001],[214193.2,6842957.399999999],[213617.69999999995,6842545.599999999],[212626.1000000001,6842172.200000001],[212748.40000000008,6840885.400000001],[212220.30000000005,6840088.2],[212790.7,6840175.5],[212922.40000000008,6839539.9],[212739.50000000017,6839314.600000001],[213124.50000000006,6839244.1],[213159.60000000003,6838533.1],[214031.70000000007,6838545.6],[214015.80000000005,6838368.300000001],[214224.99999999994,6838329.5],[214121.70000000007,6837954.7],[214433.50000000006,6837808.8],[214591.80000000005,6837376.9],[214929.8,6837088.6],[215973.2,6837118.5],[216127.80000000005,6836477.0],[215060.59999999998,6835601.499999999],[214224.50000000006,6835371.6],[214000.09999999992,6835093.799999998],[213385.6000000001,6835025.6],[212251.59999999992,6833924.699999999],[212088.00000000006,6833466.6000000015],[212213.5,6832061.799999999],[212010.69999999995,6831596.899999999],[211840.6000000001,6831532.300000001],[211721.59999999992,6831009.9],[211916.20000000024,6830763.500000001],[211365.3,6830262.799999998],[211630.40000000002,6829974.1],[212375.00000000012,6829928.200000002],[212856.3000000001,6829264.700000001],[213138.60000000003,6829394.700000001],[214024.40000000008,6829094.700000001],[214229.20000000024,6828698.500000001],[214300.8000000001,6828995.200000002],[215243.40000000002,6828823.7],[215124.2000000002,6828649.300000001],[215301.40000000002,6828420.9],[215181.1000000001,6828144.1],[215359.79999999993,6828007.499999999],[214742.70000000007,6827452.700000001],[214986.40000000008,6827166.400000001],[214722.40000000008,6826696.199999999],[214922.49999999988,6826341.9],[214644.90000000026,6826283.500000002],[214674.9000000002,6825949.700000002],[214444.09999999986,6825882.999999999],[214283.60000000003,6825405.200000001],[214470.90000000008,6825420.700000001],[214846.7,6825092.900000001],[214632.19999999995,6824139.199999999],[214887.00000000006,6823641.600000001],[214910.0999999998,6822663.899999998],[215129.40000000008,6822467.3],[214813.50000000012,6821906.700000001],[215098.6000000001,6821571.400000001],[215031.8000000001,6821433.1000000015],[215592.00000000006,6821571.9],[215590.2,6821311.1],[216885.40000000002,6822551.300000001],[217050.90000000002,6822144.299999999],[217336.70000000007,6821958.0],[216536.09999999992,6821785.299999999],[215474.00000000012,6819924.700000002],[214656.8000000001,6820067.400000001],[214398.50000000006,6819422.1],[215092.2,6819199.7],[215187.8,6818864.8],[215506.79999999987,6818573.3],[216446.70000000007,6818458.500000001],[216511.30000000005,6817858.199999999],[217025.70000000007,6817939.2],[216785.99999999983,6817061.599999999],[216392.80000000005,6817164.7],[216286.80000000005,6816910.7],[216409.70000000013,6816224.2],[216346.39999999997,6815834.3],[216174.7,6815735.900000001],[216417.79999999993,6815027.299999999],[216313.10000000003,6815146.4],[215976.90000000002,6814653.8],[215775.3,6815099.6],[215407.4000000002,6815099.900000002],[215078.49999999994,6814842.4],[215122.59999999998,6814452.6],[214956.50000000006,6814262.0],[214906.40000000002,6813773.700000001],[214359.8000000001,6813911.000000002],[214360.1000000001,6813646.100000001],[213848.2,6813714.8],[214041.7,6812862.800000002],[213868.0,6812806.799999999],[213586.8,6812240.700000001],[213820.49999999994,6812138.599999999],[213588.80000000016,6811849.800000001],[213913.90000000008,6811892.2],[213787.00000000006,6811393.6],[214498.30000000005,6810435.8],[214747.59999999998,6809682.899999999],[215762.59999999992,6809403.9],[216094.00000000012,6809157.000000001],[216073.40000000014,6807667.600000001],[215861.5,6807575.7],[215510.5,6807887.000000002],[214374.59999999992,6808300.9],[213264.10000000003,6808144.9],[212922.8000000001,6807947.800000002],[212597.70000000024,6808024.200000001],[212676.00000000006,6807544.4],[211476.90000000008,6807266.699999999],[210862.40000000008,6806802.599999999],[209223.8,6806529.5],[207796.39999999985,6806065.599999999],[205908.70000000013,6804847.900000001],[204417.30000000016,6804429.700000001],[202658.09999999992,6804637.799999998],[202731.8000000001,6804487.300000001],[202459.29999999993,6803920.899999999],[201181.40000000026,6803747.800000002],[201139.89999999985,6803257.3999999985],[201538.40000000002,6802874.1],[200621.6000000001,6802427.7],[200310.7,6801740.9],[200794.6000000001,6801316.800000001],[200447.00000000006,6801024.8],[199917.1000000002,6800922.600000001],[199401.9000000002,6800500.500000001],[199718.49999999988,6799601.699999998],[199352.29999999993,6798694.599999999],[199886.1000000001,6798493.6000000015],[200776.8,6798854.4],[201507.80000000016,6798718.700000001],[202169.3,6798148.5],[201401.79999999993,6797440.299999999],[201397.00000000017,6796510.900000001],[201631.89999999997,6796153.299999998],[201681.20000000007,6795408.2],[200983.1000000001,6795569.100000001],[200905.5,6795241.1],[201329.39999999997,6795096.099999999],[201348.59999999986,6794840.599999999],[201562.59999999986,6794716.199999999],[202100.80000000005,6794767.7],[202450.2,6794238.7],[202629.70000000007,6794349.4],[203441.60000000015,6794135.700000001],[203164.09999999998,6792917.2],[203560.80000000005,6792309.600000001],[203594.7000000002,6792047.800000003],[203400.70000000007,6791741.5],[203955.40000000008,6791662.900000002],[204022.99999999994,6790912.799999999],[203839.8000000001,6790837.9],[204015.70000000013,6790200.900000001],[203766.80000000005,6790101.899999999],[203991.99999999994,6789259.799999999],[204519.30000000005,6788777.1],[204821.4000000003,6788205.1000000015],[205000.20000000013,6786733.000000001],[205228.5,6786437.0],[205133.70000000013,6785853.0],[205554.2000000002,6785833.000000002],[205718.90000000014,6785581.9],[205914.0,6785897.0],[206102.6000000002,6785524.000000002],[206479.30000000005,6785514.4],[206776.09999999992,6785277.199999999],[206970.09999999998,6785532.9],[207387.70000000013,6785664.7]]],[[[148435.09999999986,6817246.999999999],[148506.99999999988,6817285.5],[148464.00000000012,6817231.3],[148435.09999999986,6817246.999999999]]],[[[148354.40000000014,6817600.0],[148423.49999999988,6817721.999999999],[148741.7000000002,6817915.000000001],[148636.0,6817504.900000001],[148354.40000000014,6817600.0]]],[[[160909.00000000012,6823086.999999999],[160851.99999999988,6822836.199999999],[160588.50000000023,6822997.000000001],[160705.99999999988,6823179.599999999],[160909.00000000012,6823086.999999999]]],[[[163681.5,6823641.0],[163813.30000000005,6823653.0],[163799.0,6823625.499999999],[163681.5,6823641.0]]],[[[156607.80000000016,6826658.0],[156762.00000000012,6826658.8],[156909.90000000014,6826660.0],[156761.99999999977,6826565.299999998],[156607.80000000016,6826658.0]]],[[[147651.00000000012,6828619.000000001],[147617.19999999995,6828789.000000001],[147739.0,6828707.000000001],[147651.00000000012,6828619.000000001]]],[[[158123.80000000005,6828794.000000001],[158107.0,6828758.0],[158102.00000000012,6828805.500000001],[158123.80000000005,6828794.000000001]]],[[[147592.80000000016,6862394.899999999],[147558.09999999998,6862386.9],[147590.09999999998,6862467.9],[147592.80000000016,6862394.899999999]]],[[[143551.49999999988,6862901.7],[143498.5,6862877.300000001],[143591.6000000001,6863011.8],[143551.49999999988,6862901.7]]],[[[147903.30000000016,6863065.800000002],[147867.40000000002,6863056.699999999],[147864.40000000014,6863079.000000001],[147903.30000000016,6863065.800000002]]],[[[148010.40000000002,6863190.8],[147921.3999999999,6863092.099999999],[147917.30000000016,6863166.8],[148010.40000000002,6863190.8]]],[[[144061.30000000028,6863189.800000001],[144321.50000000023,6863189.300000002],[144371.50000000023,6863048.300000001],[143995.6000000002,6862992.800000002],[143836.5,6863186.700000001],[144120.49999999988,6863443.099999999],[144061.30000000028,6863189.800000001]]],[[[144565.5,6863326.399999999],[144609.09999999998,6863263.800000001],[144541.80000000016,6863315.800000002],[144565.5,6863326.399999999]]],[[[155325.80000000005,6863369.8],[155294.2000000002,6863225.000000001],[155095.19999999984,6863230.1],[155214.19999999995,6863348.199999999],[155325.80000000005,6863369.8]]],[[[151314.30000000005,6863477.100000001],[151318.6000000001,6863579.800000001],[151337.70000000007,6863481.800000001],[151314.30000000005,6863477.100000001]]],[[[150912.59999999986,6863521.799999998],[150851.30000000005,6863603.3],[150920.90000000002,6863552.8],[150912.59999999986,6863521.799999998]]],[[[153048.30000000005,6865300.6],[152998.80000000005,6865397.800000001],[153071.3999999999,6865578.799999999],[153048.30000000005,6865300.6]]],[[[178418.6999999999,6757722.4],[178283.2,6757617.0],[178165.49999999988,6757809.3999999985],[178418.6999999999,6757722.4]]],[[[179004.69999999995,6757564.7],[178983.09999999986,6758435.099999997],[179290.59999999998,6758681.399999999],[179259.09999999998,6758972.999999999],[179545.70000000024,6758457.400000002],[179268.6000000001,6758240.4],[179093.80000000005,6757902.4],[179156.90000000002,6757652.4],[179004.69999999995,6757564.7]]],[[[177837.90000000002,6759170.5],[177849.20000000013,6759191.000000001],[177856.20000000024,6759144.000000002],[177837.90000000002,6759170.5]]],[[[209509.49999999983,6760791.999999999],[209498.10000000003,6760771.0],[209501.0,6760795.099999999],[209509.49999999983,6760791.999999999]]],[[[207866.3,6761259.0],[207845.99999999994,6761261.599999999],[207870.3,6761273.999999999],[207866.3,6761259.0]]],[[[208813.99999999983,6761329.099999999],[208786.7999999998,6761355.999999999],[208822.40000000014,6761347.000000002],[208813.99999999983,6761329.099999999]]],[[[206626.49999999983,6761495.999999998],[206579.99999999988,6761494.899999999],[206616.00000000017,6761514.900000001],[206626.49999999983,6761495.999999998]]],[[[203272.30000000016,6762380.000000001],[203242.50000000012,6762392.0],[203260.0,6762409.200000001],[203272.30000000016,6762380.000000001]]],[[[203046.30000000005,6762446.000000001],[203028.00000000006,6762421.3],[203018.0,6762446.1],[203046.30000000005,6762446.000000001]]],[[[200765.1000000002,6762872.000000001],[200740.00000000012,6762863.1000000015],[200754.00000000006,6762892.2],[200765.1000000002,6762872.000000001]]],[[[200862.40000000002,6763023.0],[200898.00000000012,6763000.9],[200883.80000000016,6762981.000000001],[200862.40000000002,6763023.0]]],[[[191214.50000000006,6763031.999999999],[191189.0,6763013.000000001],[191179.90000000008,6763036.0],[191214.50000000006,6763031.999999999]]],[[[200954.80000000005,6763035.0],[200926.0,6763037.0],[200939.00000000017,6763060.9],[200954.80000000005,6763035.0]]],[[[191217.80000000022,6763114.000000001],[191196.00000000012,6763233.1],[191392.6000000001,6763161.000000001],[191217.80000000022,6763114.000000001]]],[[[199751.00000000006,6763295.3],[199759.4000000002,6763262.000000002],[199732.40000000014,6763266.000000001],[199751.00000000006,6763295.3]]],[[[198497.0,6764306.800000001],[198541.0,6764350.199999999],[198538.00000000006,6764298.100000001],[198497.0,6764306.800000001]]],[[[191478.09999999998,6764445.0],[191194.39999999997,6764554.999999999],[191445.00000000012,6764661.6],[191478.09999999998,6764445.0]]],[[[196679.90000000008,6766215.000000001],[196664.00000000006,6766193.8],[196662.00000000012,6766221.9],[196679.90000000008,6766215.000000001]]],[[[184499.2,6770593.999999999],[184540.00000000006,6770620.5],[184525.00000000012,6770572.300000001],[184499.2,6770593.999999999]]],[[[184266.0,6770699.699999999],[184293.00000000006,6770759.8],[184320.49999999988,6770727.199999998],[184266.0,6770699.699999999]]],[[[183580.59999999992,6775000.199999999],[183869.10000000015,6775158.1000000015],[183959.99999999983,6775098.799999999],[183845.5999999998,6774921.299999998],[183580.59999999992,6775000.199999999]]],[[[189413.0,6862508.200000001],[189442.00000000006,6862390.0],[189318.0,6862454.200000001],[189319.8,6862491.0],[189413.0,6862508.200000001]]],[[[193458.00000000023,6863563.800000002],[193398.30000000016,6863581.0],[193469.60000000027,6863575.000000003],[193458.00000000023,6863563.800000002]]],[[[192935.2,6863630.0],[192952.0,6863660.299999999],[192933.20000000024,6863595.000000002],[192935.2,6863630.0]]],[[[195097.00000000006,6863877.5],[195170.90000000002,6863775.399999999],[195180.99999999994,6863666.799999999],[195097.00000000006,6863877.5]]],[[[193773.2000000002,6863788.2],[193741.50000000017,6863802.300000001],[193777.00000000017,6863823.100000001],[193773.2000000002,6863788.2]]],[[[190529.00000000006,6864333.800000001],[190543.30000000005,6864296.0],[190491.40000000002,6864315.0],[190529.00000000006,6864333.800000001]]],[[[190651.50000000006,6864324.0],[190652.0000000003,6864373.000000003],[190671.00000000023,6864313.000000001],[190651.50000000006,6864324.0]]],[[[190723.00000000006,6864786.499999999],[190686.00000000023,6864745.700000002],[190660.2,6864782.0],[190723.00000000006,6864786.499999999]]],[[[193211.0,6865467.4],[193183.40000000002,6865566.0],[193291.30000000016,6865487.0],[193211.0,6865467.4]]],[[[191293.80000000016,6864929.0],[191047.0,6864874.0],[190980.99999999988,6864514.099999998],[190700.5,6864645.0],[191012.80000000005,6864966.000000001],[190767.59999999998,6865212.0],[190866.60000000015,6865656.9],[190666.99999999994,6866011.4],[190964.0,6866691.9],[191153.80000000016,6866403.000000003],[190952.99999999994,6866314.999999999],[191114.49999999994,6865943.999999998],[190918.2,6865667.0],[191188.70000000007,6865455.0],[191062.8,6865263.0],[191293.80000000016,6864929.0]]],[[[191282.40000000008,6865653.000000001],[191266.99999999994,6865591.3],[191261.00000000012,6865663.500000001],[191282.40000000008,6865653.000000001]]],[[[192185.10000000003,6867054.0],[192218.1000000001,6866954.0],[192110.80000000005,6867015.999999999],[192185.10000000003,6867054.0]]],[[[198372.00000000006,6867243.000000001],[198341.00000000006,6867247.099999999],[198342.00000000012,6867256.8],[198372.00000000006,6867243.000000001]]],[[[181182.80000000005,6868247.0],[181142.40000000002,6867957.999999999],[180234.2,6868363.799999999],[180397.99999999994,6868485.600000001],[180855.99999999988,6868411.399999999],[181182.80000000005,6868247.0]]],[[[198722.00000000012,6868171.9],[198646.00000000012,6868306.7],[198761.40000000008,6868284.0],[198722.00000000012,6868171.9]]],[[[179984.00000000012,6868454.900000001],[179897.79999999993,6868568.999999999],[179990.10000000015,6868561.000000001],[179984.00000000012,6868454.900000001]]],[[[188263.1000000001,6869054.400000001],[188378.89999999997,6868717.999999999],[188330.00000000012,6868611.8],[188257.10000000003,6868580.0],[188263.1000000001,6869054.400000001]]],[[[185050.79999999987,6870408.0],[185145.00000000012,6870415.100000001],[185123.50000000006,6870331.699999999],[185050.79999999987,6870408.0]]],[[[186709.1000000002,6870617.000000002],[186734.00000000006,6870688.0],[186806.00000000012,6870591.000000001],[186709.1000000002,6870617.000000002]]],[[[187992.00000000012,6871169.100000001],[188107.40000000008,6871101.000000001],[188026.49999999994,6870941.999999999],[187954.79999999993,6871014.999999999],[187992.00000000012,6871169.100000001]]],[[[184588.00000000012,6873306.4],[184650.00000000006,6873111.499999999],[185563.0,6873175.199999999],[185582.00000000012,6872849.800000001],[185991.00000000023,6872354.000000002],[186678.0,6872216.8],[186534.8,6871969.999999999],[186719.30000000005,6871533.0],[186340.00000000006,6871300.5],[186321.99999999994,6871774.899999999],[185873.00000000006,6871728.1],[185647.0,6871892.3],[185541.00000000006,6871747.8],[185329.00000000006,6871788.0],[185288.20000000007,6872064.800000001],[185000.90000000002,6872254.899999999],[184813.60000000003,6872187.100000001],[184878.09999999992,6871926.6],[184732.09999999992,6872112.999999999],[184615.40000000014,6872057.900000001],[184560.59999999998,6871767.1],[185029.50000000023,6871556.000000003],[185026.59999999998,6871549.3],[184636.40000000002,6871727.0],[184610.6000000001,6871625.0],[184449.59999999998,6871847.400000001],[184241.00000000012,6871690.600000001],[183830.00000000012,6872150.400000001],[183717.2000000002,6872071.000000001],[183513.00000000006,6872244.9],[183319.00000000017,6872037.900000001],[182979.40000000002,6872578.999999999],[183357.0,6872835.1],[183552.00000000017,6872670.900000001],[183656.0,6872931.3],[183789.00000000006,6872845.599999999],[184033.00000000023,6872990.700000002],[184159.99999999988,6872867.999999998],[184318.00000000012,6873311.9],[184588.00000000012,6873306.4]]]]}}]}
