cell_id,geom_type,n0,n1,n2,n3,centroid_x,centroid_y,area_m2,z_top_centroid,z_top_mean,z_bottom_centroid,z_bottom_mean,geology_code,geology_key,hydraulic_conductivity_m_s,storage_coefficient
0,triangle,793,1023,14,,358440.12525943253,6952561.901783414,16265.92578125,46.27418588133866,45.75884427382429,-3.725814118661342,-4.241155726175712,12,1841,7.95270728767e-06,
1,triangle,14,1024,793,,358524.8201749178,6952581.9757722765,12093.4833984375,51.480401440422796,45.64709670277114,1.4804014404228003,-4.352903297228862,12,1841,7.95270728767e-06,
2,triangle,803,1057,442,,358510.71428571426,6951103.571428572,11049.107421875,59.48843562844928,58.7188774874395,9.488435628449288,8.718877487439498,12,1841,7.95270728767e-06,
3,triangle,53,1154,52,,360687.898850616,6952162.898850616,11160.2587890625,50.26777338478824,48.0595863794569,0.2677733847882438,-1.9404136205430944,12,1841,7.95270728767e-06,
4,triangle,729,1244,680,,358585.5943195664,6957321.678711803,163363.68359375,171.6085374223016,160.56109636909798,121.6085374223016,110.56109636909798,65,1681,6.32455532034e-06,
5,triangle,522,1074,523,,365914.3435594556,6956072.525840969,99547.09033203125,92.63228022467815,88.26303094391415,42.632280224678155,38.263030943914146,65,1681,6.3827036048875e-06,
6,triangle,1281,1292,545,,353810.4768986011,6951221.148784816,156934.181640625,118.3234972872767,117.19109559832805,68.32349728727671,67.19109559832805,65,1681,6.32455532034e-06,
7,triangle,446,1141,447,,358706.1579321137,6951356.009627028,8420.81591796875,46.69043628165841,46.94314501266533,-3.309563718341596,-3.0568549873346638,12,1841,7.95270728767e-06,
8,triangle,713,1123,832,,354961.8420361455,6953186.960120272,249052.1435546875,121.3827988302485,123.75853663026555,71.3827988302485,73.75853663026558,65,1681,6.32455532034e-06,
9,triangle,36,880,35,,360092.1469809728,6952908.07263695,6645.86376953125,32.18688644314444,33.11341372876734,-17.813113556855562,-16.886586271232662,12,1841,7.95270728767e-06,
10,triangle,690,1310,540,,360690.3910753051,6946817.109482519,107911.61474609375,105.25692438023691,102.67513638349646,55.25692438023691,52.67513638349647,52,1561,1.1469996450464645e-05,
11,triangle,136,1196,135,,355805.1760057081,6951490.848062188,530.11181640625,65.4747842880652,65.79312921367413,15.474784288065182,15.79312921367414,65,1681,6.7315933121724995e-06,
12,triangle,368,1198,369,,360237.703067457,6948439.1002114,7008.4052734375,76.69252048029401,76.88479106946896,26.692520480294,26.88479106946897,12,1841,7.95270728767e-06,
13,triangle,435,1158,434,,361095.3340750846,6949321.399095611,8557.31494140625,78.8412745348405,77.96855462263625,28.841274534840494,27.96855462263625,12,1841,7.95270728767e-06,
14,triangle,437,1158,436,,360995.3340750846,6949221.399095611,8557.314453125,74.2116539435873,74.66855411400995,24.21165394358729,24.66855411400995,12,1841,7.95270728767e-06,
15,triangle,158,791,157,,357297.29591836734,6952254.591836735,10429.208984375,55.04930975456441,47.74406298751635,5.049309754564414,-2.255937012483649,12,1841,7.95270728767e-06,
16,triangle,207,792,206,,355918.57126423664,6955191.450814742,12935.0166015625,81.97338934339008,82.66892177199385,31.97338934339009,32.66892177199386,6,1721,1.189207115e-05,
17,triangle,417,764,418,,360950.0,6948725.0,14062.5,77.38888888888891,73.63333384195964,27.388888888888907,23.633333841959637,12,1841,7.95270728767e-06,
18,triangle,508,1370,817,,364045.0445475721,6956869.994367774,157646.05419921875,104.69227426015664,104.64469519365618,54.69227426015664,54.64469519365616,12,1841,7.95270728767e-06,
19,triangle,529,1270,687,,361841.79088562797,6949178.219065371,64363.521484375,96.03968772202475,93.496089164839,46.03968772202476,43.496089164839,12,1841,7.6619658649325e-06,
20,triangle,497,1466,854,,358529.98661107366,6944796.290106364,243873.09765625,107.92223901879369,113.46498118556838,57.92223901879369,63.46498118556837,18,2041,4.30886938006e-06,
21,triangle,706,1108,905,,355170.79355220956,6948164.225801304,247434.9619140625,73.5242106516967,73.48331118293036,23.5242106516967,23.483311182930354,12,1841,7.95270728767e-06,
22,triangle,441,1482,440,,359713.09296190046,6950596.611124023,6716.70947265625,59.20722639343792,56.3831868844116,9.207226393437923,6.383186884411596,12,1841,7.95270728767e-06,
23,triangle,694,1281,545,,353483.53207686887,6951161.805351071,122409.66552734375,116.17396134598606,114.16498736812584,66.17396134598606,64.16498736812585,65,1681,6.32455532034e-06,
24,triangle,371,1225,372,,360405.0561963752,6948687.3177939905,6441.9296875,70.97075403940252,71.33450765971553,20.970754039402514,21.334507659715523,12,1841,7.95270728767e-06,
25,triangle,415,966,414,,359193.75,6951543.75,12656.25,45.18749928474426,45.20416673024496,-4.812500715255737,-4.795833269755046,12,1841,7.95270728767e-06,
26,triangle,972,989,967,,358881.8857011088,6951673.430442549,33999.1474609375,52.589839806450044,49.691116526179094,2.5898398064500436,-0.3088834738208985,12,1841,7.95270728767e-06,
27,triangle,590,1309,1184,,369792.0733879521,6957935.194945351,2071558.7919921875,17.319599502718937,58.8171422768516,-32.68040049728106,8.817142276851598,49,21,2.9182306138414284e-05,
28,triangle,586,1204,585,,364602.4752195323,6960648.308283783,2071416.787109375,10.897172714161503,10.629570119366239,-39.1028272858385,-6712.456809960211,23,2151,7.214138902786072e-06,
29,triangle,838,1433,987,,356787.6916590804,6951551.507497891,14258.62158203125,60.991028577391305,59.52948912431314,10.991028577391301,9.529489124313137,12,1841,7.95270728767e-06,
30,triangle,454,1423,1147,,359460.73418918037,6955420.019739408,24345.208984375,81.55253927884786,86.80188672662621,31.552539278847856,36.80188672662621,65,1681,6.32455532034e-06,
31,triangle,692,789,495,,359587.25613358687,6945164.331895876,206162.943359375,111.58877417900433,115.07877126710999,61.58877417900434,65.07877126710999,52,1561,1.189207115e-05,
32,triangle,890,1160,712,,360304.0170050075,6955845.044408311,137886.29541015625,141.76582562927211,140.86596641013185,91.76582562927211,90.86596641013183,65,1681,6.32455532034e-06,
33,triangle,494,1429,671,,359238.28662618477,6946215.110338926,31301.888671875,97.16597291328614,100.1769742931849,47.16597291328614,50.17697429318489,12,1841,7.822570219541072e-06,
34,triangle,1133,1191,899,,353701.8812496892,6946932.733676624,1296138.9780273438,53.427416732531526,67.27822217552993,3.427416732531525,17.278222175529933,12,1841,8.50943840271679e-06,
35,triangle,590,1184,589,,370353.7914709756,6958791.755918958,1803692.900390625,69.11594376145558,50.67810276891499,19.115943761455572,0.6781027689149903,12,1841,2.2497455611836427e-05,
36,triangle,1098,1128,857,,359970.9081583359,6952482.186542347,52878.55126953125,46.272641376993676,46.04756946020233,-3.727358623006326,-3.9524305397976645,12,1841,7.95270728767e-06,
37,triangle,149,1433,148,,356744.7916666667,6951730.208333333,7265.625,57.41919444963459,57.135416613684754,7.419194449634592,7.135416613684753,12,1841,7.95270728767e-06,
38,triangle,391,1434,392,,359833.6309294589,6949760.321256939,6305.37890625,58.60983199656057,57.339493950075955,8.609831996560573,7.339493950075952,12,1841,7.95270728767e-06,
39,triangle,186,1200,185,,356662.0461872358,6956797.4018554725,6790.0126953125,113.80106414563585,112.46838030916767,63.80106414563585,62.468380309167685,6,1721,1.1096711745762857e-05,
40,triangle,686,1087,687,,362056.3027944549,6949554.911500066,62635.96533203125,94.03626571855706,92.7513363512707,44.03626571855707,42.75133635127069,65,1681,6.32455532034e-06,
41,triangle,95,1030,94,,363811.4692041707,6955759.569208242,5411.25048828125,20.469435145232048,20.56431580037883,-29.530564854767952,-29.435684199621168,12,1841,7.95270728767e-06,
42,triangle,310,1038,309,,359137.38154710346,6946964.721846682,5861.6318359375,85.68070547228606,86.21733858954293,35.68070547228605,36.21733858954294,12,1841,7.95270728767e-06,
43,triangle,310,1037,311,,359064.0846919892,6946933.530466276,5893.294921875,85.40641077671239,86.38397757538452,35.40641077671239,36.38397757538453,12,1841,7.95270728767e-06,
44,triangle,333,937,334,,358386.84922948777,6948593.356934611,5039.306640625,68.5722654950954,68.56876205684677,18.57226549509538,18.568762056846758,12,1841,7.95270728767e-06,
45,triangle,345,1042,344,,357512.5,6948562.5,5625.0,64.0333340962728,63.19999980926514,14.033334096272789,13.199999809265137,12,1841,7.95270728767e-06,
46,triangle,345,1041,346,,357539.2649957126,6948489.133082628,5639.8408203125,63.41917659322539,62.83979157184234,13.419176593225377,12.83979157184234,12,1841,7.95270728767e-06,
47,triangle,405,1051,404,,359514.0333829918,6950790.90269544,6180.30859375,48.160485531278624,48.83266968255942,-1.839514468721376,-1.1673303174405734,12,1841,7.95270728767e-06,
48,triangle,405,1050,406,,359437.5,6950762.5,5625.0,47.84999942779538,47.94166628519694,-2.150000572204621,-2.05833371480306,12,1841,7.95270728767e-06,
49,triangle,489,976,490,,359637.5,6956287.5,5625.0,94.2416687011719,93.72500101725261,44.241668701171896,43.7250010172526,65,1681,6.32455532034e-06,
50,triangle,572,836,571,,350951.2460632648,6947372.646185902,1462249.732421875,56.84452624181074,41.00706578422867,6.844526241810748,-8.992934215771326,16,1441,1e-05,
51,triangle,677,1522,511,,362059.4035961793,6957226.936075087,207294.07666015625,101.4980817138395,111.48948486978334,51.4980817138395,61.48948486978333,12,1841,7.95270728767e-06,
52,triangle,562,1186,561,,363822.13245108235,6952000.928601307,103802.751953125,96.323575765512,101.99909927648064,46.32357576551199,51.99909927648065,65,1681,6.4408518894350004e-06,
53,triangle,648,1155,133,,357415.42940328555,6952826.661253363,38052.33544921875,51.53017690218424,53.68059089617221,1.5301769021842357,3.680590896172214,65,1681,6.32455532034e-06,
54,triangle,565,1085,564,,363474.4050113936,6951284.1260700645,66471.65576171875,97.03729236139769,100.72542363082346,47.0372923613977,50.72542363082345,65,1681,6.32455532034e-06,
55,triangle,742,893,416,,361319.7337640295,6948776.210936776,63455.47119140625,80.34292813395925,79.6688065500183,30.34292813395924,29.668806550018292,12,1841,7.95270728767e-06,
56,triangle,554,1268,697,,368339.05505235726,6953428.6555882795,243285.0458984375,110.9138978489635,144.18305389874686,60.913897848963494,94.18305389874688,6,1721,1.189207115e-05,
57,triangle,1212,1370,508,,363941.94971197844,6957107.918967192,129088.36328125,124.67853612178509,117.84208477786505,74.67853612178509,67.84208477786503,12,1841,7.95270728767e-06,
58,triangle,809,1497,1319,,367024.99833206506,6954051.979818303,181868.375,147.72577681636747,149.75542099141725,97.72577681636746,99.75542099141724,65,1681,6.32455532034e-06,
59,triangle,836,1133,571,,351693.3383714819,6946713.5873182975,1840127.1811523438,55.97198398703386,57.60833679996276,5.971983987033861,7.608336799962754,16,1441,1e-05,
60,triangle,747,1197,715,,368037.45121113694,6950482.596584603,1560533.6557617188,134.24041878738888,143.54443227231698,84.24041878738888,93.544432272317,6,1721,1.189207115e-05,
61,triangle,715,756,747,,367096.0578948674,6950826.015556745,1649763.357421875,137.03135688188198,130.84174162516317,87.03135688188198,80.84174162516315,6,1721,1.189207115e-05,
62,triangle,809,1319,1015,,366754.0663628473,6953816.2058002055,212637.95556640625,167.48958790333822,155.70560818680005,117.48958790333819,105.70560818680003,65,1681,6.32455532034e-06,
63,triangle,948,1181,775,,356331.78186890605,6948072.286105798,30577.1357421875,65.23444179562698,65.60936648925379,15.23444179562697,15.609366489253782,12,1841,7.95270728767e-06,
64,triangle,556,1329,1015,,366268.37513072556,6953278.688699745,144366.06494140625,171.41917956622146,153.15505562256882,121.41917956622147,103.15505562256884,65,1681,6.32455532034e-06,
65,triangle,508,883,509,,363438.8603958723,6956831.983115113,65925.25341796875,132.92429417079808,122.36811376761186,82.92429417079808,72.36811376761187,65,1681,6.3827036048875e-06,
66,triangle,669,1308,183,,356873.4830798004,6956773.168310858,6495.9150390625,122.17097633505396,120.49676276248847,72.17097633505396,70.49676276248847,65,1681,6.722235022458572e-06,
67,triangle,382,955,381,,360408.96132818057,6949362.694287337,5248.7568359375,63.39588448193403,60.627323246107814,13.395884481934033,10.627323246107817,12,1841,7.95270728767e-06,
68,triangle,1319,1497,1130,,367343.5872168609,6953944.498634871,167151.8681640625,159.5297268117313,163.36826058197894,109.52972681173128,113.36826058197896,65,1681,6.32455532034e-06,
69,triangle,538,530,689,,361772.7994315507,6947958.450382289,108168.2880859375,106.04495520424541,104.89540406483532,56.04495520424541,54.89540406483533,12,1841,8.093398854181786e-06,
70,triangle,832,1164,713,,355311.2488097788,6953269.250680122,185766.013671875,126.3604360625997,123.82462562577147,76.36043606259972,73.82462562577147,65,1681,6.32455532034e-06,
71,triangle,736,1507,843,,367285.34601173346,6955881.203027889,275925.32470703125,129.3354071567276,130.2479717376259,79.33540715672758,80.24797173762593,65,1681,6.32455532034e-06,
72,triangle,1078,1275,779,,360611.312085094,6956590.217160076,111228.37451171875,133.06441650802392,133.4213788303091,83.06441650802392,83.4213788303091,65,1681,6.32455532034e-06,
73,triangle,1020,1178,832,,354849.0295311615,6954031.437428133,298642.29736328125,107.85389607265537,104.26393440788223,57.85389607265539,54.26393440788223,6,1721,1.189207115e-05,
74,triangle,179,1533,665,,358985.1449072673,6955824.433482514,25454.5771484375,103.89631864593038,104.3119991433568,53.89631864593037,54.311999143356815,65,1681,6.32455532034e-06,
75,triangle,779,1101,1078,,360358.19188604085,6956622.257903664,43256.3232421875,130.9070683395527,129.10574212028325,80.90706833955268,79.10574212028325,65,1681,6.32455532034e-06,
76,triangle,368,1545,1189,,360247.9205931625,6948222.796037156,41120.11474609375,77.28825396626058,80.20967840640985,27.28825396626059,30.20967840640984,12,1841,7.95270728767e-06,
77,triangle,1148,1149,442,,358600.0016387947,6950837.430147576,45372.8505859375,65.25405512941329,65.22621080087315,15.254055129413283,15.226210800873147,12,1841,7.95270728767e-06,
78,triangle,460,816,459,,359927.7918599448,6956400.288436432,8155.865234375,101.420496103949,105.17174338843888,51.42049610394901,55.17174338843889,65,1681,6.32455532034e-06,
79,triangle,73,1458,616,,363287.8062843615,6953367.6416234905,6691.04150390625,74.29985152241639,75.59645962749867,24.2998515224164,25.59645962749867,65,1681,6.3827036048875e-06,
80,triangle,516,1013,517,,357104.90504987957,6958151.365276854,117555.0283203125,175.17175997107816,172.12858385229598,125.17175997107816,122.12858385229595,65,1681,6.32455532034e-06,
81,triangle,843,1183,736,,367127.0094903678,6956377.923865887,475743.77880859375,134.3389189666223,106.15675672594699,84.33891896662229,56.15675672594699,65,1681,6.32455532034e-06,
82,triangle,596,1472,595,,370498.05022635893,6946756.488105297,1393096.4184570312,55.79436808843654,84.4857682350504,5.794368088436551,34.48576823505041,12,1841,7.95270728767e-06,
83,triangle,544,863,693,,353295.0717025629,6950391.513546162,124621.458984375,109.48341097172803,109.79556599987541,59.48341097172805,59.7955659998754,6,1721,1.189207115e-05,
84,triangle,724,1010,829,,362599.4886885854,6951145.08587963,163051.80517578125,101.40082514562013,106.14485699785887,51.40082514562014,56.14485699785885,65,1681,6.32455532034e-06,
85,triangle,724,1085,1010,,362906.4710261314,6951191.665951937,152860.2041015625,115.5022191865438,115.90468857421202,65.5022191865438,65.90468857421202,65,1681,6.32455532034e-06,
86,triangle,721,882,806,,364354.40347498143,6953040.812616211,185797.33837890625,122.29622805718986,124.00799039449322,72.29622805718986,74.00799039449322,65,1681,6.32455532034e-06,
87,triangle,519,1138,518,,356125.7541120119,6958225.576814524,144427.759765625,173.24209996629372,168.82480228865248,123.24209996629375,118.82480228865246,12,1841,7.95270728767e-06,
88,triangle,988,1510,741,,359632.20195146976,6949525.478432738,45802.18896484375,77.04665256510157,76.404982246356,27.046652565101564,26.404982246356003,12,1841,7.95270728767e-06,
89,triangle,1076,1508,1077,,368230.44794731477,6954931.112340088,358020.75634765625,149.51762286814974,138.78107901891337,99.51762286814974,88.78107901891339,65,1681,6.6152967430775e-06,
90,triangle,309,1038,750,,359237.83970669657,6947034.788916496,27375.2587890625,91.0909526620863,90.67388075850886,41.090952662086295,40.67388075850886,12,1841,7.95270728767e-06,
91,triangle,952,1198,738,,360153.4764694712,6948670.418420289,31872.8759765625,82.02727274095406,83.48738730941754,32.027272740954054,33.48738730941754,12,1841,7.95270728767e-06,
92,triangle,416,814,742,,361240.39501827274,6948902.7774751,24214.9384765625,80.1507300435955,80.0755687937729,30.150730043595505,30.075568793772902,12,1841,7.95270728767e-06,
93,triangle,595,1472,1082,,369705.1778350346,6947131.490877454,1987533.46484375,74.18774776762963,82.13968999439327,24.187747767629634,32.13968999439325,12,1841,7.778262434027501e-06,
94,triangle,819,1357,732,,357960.7675459869,6951856.389125715,118872.359375,60.76829701234545,63.874181706362684,10.768297012345453,13.874181706362684,12,1841,7.95270728767e-06,
95,triangle,554,1262,1077,,368602.2352968816,6954334.038224812,303583.220703125,143.57099074161331,132.9207407965384,93.57099074161331,82.9207407965384,65,1681,6.6152967430775e-06,
96,triangle,543,840,542,,353279.35042058787,6949756.1543156775,60095.689453125,96.3898251729532,104.76660913636118,46.3898251729532,54.76660913636118,65,1681,6.523395171399286e-06,
97,triangle,1086,1231,719,,362198.8533209946,6955626.28143375,68400.22509765625,65.53738540887387,60.94676832503412,15.537385408873869,10.94676832503412,65,1681,6.32455532034e-06,
98,triangle,681,1013,516,,357408.72222724673,6958239.040731128,152571.24560546875,177.86549562723263,172.54362996296268,127.86549562723262,122.54362996296267,65,1681,6.32455532034e-06,
99,triangle,459,816,458,,359952.7918599448,6956450.288436432,5310.91552734375,106.04377487497132,106.27174440569149,56.043774874971334,56.27174440569149,65,1681,6.32455532034e-06,
100,triangle,461,816,460,,359877.7918599448,6956375.288436432,5657.44921875,102.58669197405956,103.4717438970652,52.586691974059555,53.47174389706519,65,1681,6.32455532034e-06,
101,triangle,594,1197,593,,370313.6866338309,6950727.776002324,1917841.2939453125,163.31653906182785,147.988616194929,113.31653906182785,97.98861619492898,6,1721,9.704832788347857e-06,
102,triangle,871,891,701,,357105.0966583756,6946655.769305505,453153.1123046875,87.82552143512277,89.05922037712476,37.82552143512275,39.059220377124774,12,1841,7.95270728767e-06,
103,triangle,1138,1139,784,,355979.6387774429,6958802.946055154,222924.146484375,149.45403829783453,143.30743745604204,99.45403829783454,93.30743745604205,12,1841,7.95270728767e-06,
104,triangle,822,1292,1068,,354613.62510166207,6951032.008812319,231788.58642578125,94.1812433057146,107.71756622065611,44.1812433057146,57.71756622065612,65,1681,6.32455532034e-06,
105,triangle,847,891,871,,356657.85854405485,6946478.255159676,487582.4052734375,86.38189865361531,85.61462449856295,36.38189865361531,35.61462449856296,12,1841,7.95270728767e-06,
106,triangle,1137,1455,553,,353684.90131739783,6956986.693467685,64006.419921875,138.3067925917405,133.52872204645288,88.30679259174052,83.52872204645284,65,1681,8.710633533051428e-06,
107,triangle,846,1108,706,,355504.3590951713,6947975.941623616,238404.87646484375,73.03021305775896,73.64262387198583,23.03021305775897,23.64262387198582,12,1841,7.95270728767e-06,
108,triangle,1135,1536,1529,,364503.7227421435,6956362.0227056,52769.26220703125,35.64938029844539,43.862880040503995,-14.350619701554614,-6.137119959496005,12,1841,7.95270728767e-06,
109,triangle,473,1177,1092,,358117.9536143414,6956790.871700221,54420.25390625,132.6863520492641,133.88539996004872,82.68635204926409,83.88539996004872,65,1681,6.32455532034e-06,
110,triangle,524,1014,684,,364989.469674463,6955627.749605236,7336.9755859375,71.69617427960108,71.01369717380038,21.696174279601085,21.01369717380038,12,1841,7.8945590031225e-06,
111,triangle,730,1162,874,,356769.8880724739,6953245.930840656,148215.0986328125,67.86941514950297,82.4128626054529,17.86941514950298,32.4128626054529,65,1681,6.32455532034e-06,
112,triangle,1075,1308,1200,,356820.97033761046,6956993.1059025815,33645.60302734375,118.64799190805681,122.41635700934943,68.64799190805681,72.41635700934943,65,1681,6.32455532034e-06,
113,triangle,1065,1388,1326,,356987.9431884756,6949575.675705443,178892.29052734375,85.9719588828944,79.28113256565608,35.9719588828944,29.281132565656076,12,1841,7.95270728767e-06,
114,triangle,125,1088,124,,361190.99062627245,6954746.107903644,44797.06640625,121.9746135467889,106.82714055321624,71.9746135467889,56.827140553216246,65,1681,6.32455532034e-06,
115,triangle,548,1123,1113,,354123.77168505994,6953077.754571156,191590.37939453125,119.18652021622854,112.40772942467174,69.18652021622856,62.407729424671736,65,1681,6.32455532034e-06,
116,triangle,122,1231,1086,,362069.68642141344,6955455.44833333,36486.34228515625,49.027564356006266,53.646281782782836,-0.9724356439937276,3.646281782782838,65,1681,6.32455532034e-06,
117,triangle,1115,1435,900,,353930.4108716397,6954702.228957466,203024.27099609375,117.21154785552737,107.1299239479825,67.21154785552737,57.12992394798251,6,1721,1.189207115e-05,
118,triangle,846,1409,1108,,355550.2754205647,6947632.561096441,155584.841796875,73.01056464911005,70.0147921452237,23.010564649110044,20.01479214522368,12,1841,7.95270728767e-06,
119,triangle,627,1231,122,,361941.91306032735,6955377.7508481145,22670.3955078125,49.20245873330124,51.820488018939976,-0.7975412666987605,1.8204880189399653,65,1681,6.4990001739825e-06,
120,triangle,680,1244,904,,358378.6147363518,6957465.237402211,122498.55615234375,162.1004212803661,161.72623893238764,112.1004212803661,111.72623893238766,65,1681,6.32455532034e-06,
121,triangle,952,1225,371,,360342.03084560897,6948668.364953083,10801.04248046875,73.45202661694753,74.42041384974492,23.45202661694755,24.42041384974492,12,1841,7.95270728767e-06,
122,triangle,558,870,700,,365270.05545536015,6952350.172377139,107292.13525390625,111.76376821126985,112.6887841872216,61.76376821126985,62.68878418722161,12,1841,7.8945590031225e-06,
123,triangle,454,1147,1090,,359374.1189147895,6955342.692739899,42776.51416015625,74.33253957329683,87.39736890089439,24.332539573296835,37.39736890089441,65,1681,6.32455532034e-06,
124,triangle,900,1435,1020,,354095.19285680115,6954397.224485698,231181.08837890625,106.59315381290185,104.89151593773227,56.59315381290184,54.891515937732265,6,1721,1.189207115e-05,
125,triangle,998,1269,1203,,364828.36402201233,6947614.502773739,1839996.251953125,74.16653335307316,84.63125299570673,24.166533353073163,34.63125299570674,6,1721,1.189207115e-05,
126,triangle,585,1204,821,,363902.6373380877,6959877.471041194,1869388.8276367188,20.79882591035102,43.67819061934878,-29.201174089648973,-3353.8812062537672,14,2121,8.676552883632144e-06,
127,triangle,509,883,510,,363172.4785919118,6956894.124461939,146019.220703125,134.17638716306914,119.91270909666666,84.17638716306912,69.91270909666666,65,1681,6.32455532034e-06,
128,triangle,874,1162,828,,356546.9304357785,6953091.8691742895,165359.30078125,85.54956287284985,88.50947179679598,35.54956287284984,38.509471796795985,65,1681,6.32455532034e-06,
129,triangle,790,1296,520,,354495.59395994275,6957916.201524881,279034.8486328125,150.14224080940767,128.9648866353921,100.14224080940765,78.96488663539209,12,1841,7.95270728767e-06,
130,triangle,1075,1200,855,,356712.1489455689,6957082.00547272,47671.58935546875,131.77976117927307,129.5793543219296,81.77976117927305,79.57935432192961,65,1681,6.32455532034e-06,
131,triangle,356,944,355,,356779.2280030946,6948438.052813613,7569.091796875,58.9077682453039,58.769135772274375,8.907768245303895,8.769135772274376,12,1841,7.95270728767e-06,
132,triangle,1201,1275,677,,361456.5472856452,6956693.784553952,238083.35546875,136.84439508596108,134.0581418437145,86.84439508596108,84.05814184371451,65,1681,6.32455532034e-06,
133,triangle,1020,1435,1178,,354637.98938826955,6954386.8072565645,243024.73779296875,103.61878970848065,102.85284841505643,53.618789708480634,52.85284841505643,6,1721,1.189207115e-05,
134,triangle,434,1146,433,,361196.5667536975,6949432.483202596,9665.6005859375,76.89499716051496,77.80615357611109,26.89499716051497,27.806153576111083,12,1841,7.95270728767e-06,
135,triangle,443,1148,442,,358668.75,6950981.25,12656.25,62.662500619888306,60.716666062672935,12.662500619888306,10.716666062672934,12,1841,7.95270728767e-06,
136,triangle,447,989,448,,358788.15045609,6951473.255693545,12386.8388671875,46.918029400129214,46.420610682991885,-3.0819705998707843,-3.579389317008111,12,1841,7.95270728767e-06,
137,triangle,706,1016,1009,,355748.9948228271,6948741.910494707,172427.341796875,57.18716926293788,72.97578322604727,7.187169262937871,22.975783226047273,12,1841,7.95270728767e-06,
138,triangle,905,1511,706,,355211.4989076615,6948508.695928775,104936.0751953125,81.50785124817119,80.26021884309932,31.507851248171196,30.260218843099313,12,1841,7.95270728767e-06,
139,triangle,1189,1198,368,,360145.4450891909,6948319.931962841,42631.64794921875,79.30366252297098,80.9033123943777,29.303662522970985,30.903312394377707,12,1841,7.95270728767e-06,
140,triangle,35,1098,34,,359962.5,6952800.0,8437.5,33.39999961853027,37.14999961853027,-16.600000381469727,-12.850000381469727,12,1841,7.95270728767e-06,
141,triangle,484,1102,485,,359230.9064908799,6956612.063801598,6982.177734375,108.90931115411158,111.76558411354786,58.90931115411159,61.76558411354787,65,1681,6.32455532034e-06,
142,triangle,455,1101,456,,360124.4903634064,6956661.113629989,5567.666015625,113.90812108057128,114.4756295221913,63.90812108057128,64.4756295221913,65,1681,6.32455532034e-06,
143,triangle,451,1533,452,,359121.44121769007,6955689.557523762,4450.22119140625,85.10297473379487,84.74714570575647,35.10297473379486,34.74714570575646,65,1681,6.32455532034e-06,
144,triangle,76,1173,620,,364224.14253163105,6954335.820662563,29667.7294921875,82.19945293359919,86.98436573884567,32.19945293359918,36.98436573884567,65,1681,6.4990001739825e-06,
145,triangle,547,1113,807,,353473.52074324695,6952834.787022911,271915.73291015625,91.09649682217955,98.54728609589625,41.09649682217953,48.547286095896254,65,1681,6.722235022458572e-06,
146,triangle,1058,1148,443,,358735.2678571429,6951038.871173468,19266.880859375,64.92526656977563,61.827931507166454,14.925266569775625,11.827931507166454,12,1841,7.95270728767e-06,
147,triangle,1077,1262,1076,,368344.6939652783,6954580.516581762,336265.74267578125,151.19577883014952,138.2450571227868,101.1957788301495,88.2450571227868,65,1681,6.673445027625e-06,
148,triangle,872,1201,719,,362017.62369193,6956060.65206452,193069.69873046875,115.18014148559597,105.96890884717975,65.18014148559598,55.96890884717973,65,1681,6.32455532034e-06,
149,triangle,992,1352,1015,,366151.8488606549,6953830.105413765,145614.9716796875,137.89628494234933,143.89523104010934,87.89628494234931,93.89523104010932,65,1681,6.32455532034e-06,
150,triangle,997,1280,768,,356014.4776531818,6956498.298651756,22810.62646484375,100.82390934879224,100.98138680852583,50.82390934879224,50.98138680852585,6,1721,1.189207115e-05,
151,triangle,676,883,507,,363406.6733132555,6956265.116325007,104064.03125,83.47748016281854,81.59643023542493,33.47748016281854,31.596430235424936,65,1681,6.32455532034e-06,
152,triangle,494,770,304,,359135.8813043372,6946453.995270136,27166.49365234375,95.8101159593092,96.67119534952303,45.8101159593092,46.67119534952303,12,1841,7.95270728767e-06,
153,triangle,1082,1269,715,,367435.76877483336,6948149.157887787,2386901.5126953125,101.96829326093884,99.13445181756485,51.968293260938836,49.13445181756484,6,1721,9.704832788347857e-06,
154,triangle,593,1197,906,,369698.4164203344,6951390.008086142,1584494.8857421875,159.41547339956008,146.42722154454603,109.4154733995601,96.42722154454604,65,1681,6.523395171399286e-06,
155,triangle,693,863,694,,353210.2563687575,6950634.750505793,172885.970703125,111.40267353924675,108.89698423961518,61.40267353924675,58.8969842396152,6,1721,1.189207115e-05,
156,triangle,702,1388,1065,,357240.86628901836,6949813.668124066,176010.337890625,66.39702431265019,76.93243533451788,16.397024312650174,26.932435334517876,12,1841,7.95270728767e-06,
157,triangle,684,1259,524,,365007.5446177093,6955562.081823937,13205.05615234375,59.1442691769025,61.36440912581074,9.144269176902501,11.364409125810738,65,1681,6.789741596720001e-06,
158,triangle,890,1249,779,,360195.91458953824,6956235.803400426,31283.34228515625,122.42953107808877,120.13110360078987,72.42953107808879,70.13110360078987,65,1681,6.32455532034e-06,
159,triangle,52,1383,51,,360578.4214586776,6952303.421458677,7667.671875,44.36692927541202,44.6028607378085,-5.633070724587981,-5.397139262191504,12,1841,7.95270728767e-06,
160,triangle,883,1297,510,,362882.16954260366,6956712.65011508,174952.33203125,137.2532751594764,120.4370380192679,87.2532751594764,70.43703801926792,65,1681,6.32455532034e-06,
161,triangle,879,1136,744,,359246.585883864,6954364.998636617,191481.474609375,59.72339890948108,80.30144214674537,9.723398909481078,30.301442146745362,65,1681,6.32455532034e-06,
162,triangle,754,1203,873,,363323.9783533714,6947311.816549342,747653.42578125,67.82002515124076,86.0782242222565,17.82002515124075,36.078224222256495,6,1721,1.189207115e-05,
163,triangle,786,1427,886,,355280.32878325507,6952232.577357828,195959.2978515625,122.07443336338952,115.64001244218564,72.0744333633895,65.64001244218564,65,1681,6.32455532034e-06,
164,triangle,1092,1244,473,,358181.9794331775,6956947.068075933,70677.126953125,131.7104948896399,136.54661855424175,81.71049488963993,86.54661855424177,65,1681,6.32455532034e-06,
165,triangle,705,1357,819,,357856.10631124646,6951623.980544719,149740.85595703125,68.57895714884741,68.16362224838709,18.57895714884741,18.16362224838708,12,1841,7.95270728767e-06,
166,triangle,893,1418,416,,361207.1417473141,6948641.107125681,24318.33740234375,77.28769528630178,76.54176102019402,27.287695286301776,26.541761020194013,12,1841,7.95270728767e-06,
167,triangle,552,1119,553,,353777.84279729263,6956781.559299,14237.904296875,119.5227663870818,127.65967419094932,69.52276638708182,77.6596741909493,6,1721,1.189207115e-05,
168,triangle,676,917,506,,363259.92213775264,6955790.282547583,36495.55859375,55.16410199771,48.514424828265106,5.164101997709989,-1.4855751717348895,12,1841,7.603817580385e-06,
169,triangle,715,856,756,,366318.8301048767,6950038.031995408,2036995.1948242188,106.34898234259353,109.72268764368589,56.34898234259353,59.72268764368588,6,1721,1.189207115e-05,
170,triangle,1009,1016,788,,355973.49957751157,6949044.864791305,156860.2724609375,56.939174230845474,67.02860297333712,6.939174230845468,17.028602973337122,12,1841,7.95270728767e-06,
171,triangle,723,1370,823,,364489.55058399076,6957493.927322287,267857.5576171875,87.16891175998205,87.41475497659336,37.16891175998205,37.41475497659336,12,1841,7.95270728767e-06,
172,triangle,89,1132,88,,364210.0,6956052.5,5203.125,23.72488900078666,31.996332791646296,-26.275110999213336,-18.003667208353704,12,1841,7.95270728767e-06,
173,triangle,503,1391,675,,356254.3788642546,6951127.253541323,19727.4765625,83.74092726275602,81.6083491982791,33.74092726275602,31.608349198279104,65,1681,6.4990001739825e-06,
174,triangle,712,1160,835,,360561.0552028881,6955667.4071965115,198997.8974609375,157.9167882506081,154.967403936016,107.9167882506081,104.96740393601601,65,1681,6.32455532034e-06,
175,triangle,549,1199,997,,356179.0741000047,6956920.943842082,103651.5693359375,115.28768213251027,122.33572482036571,65.28768213251028,72.33572482036571,6,1721,1.189207115e-05,
176,triangle,605,1005,604,,357354.46322472807,6942865.182476047,1268539.7563476562,108.06511732401663,91.4764874140124,58.06511732401663,41.47648741401239,18,2041,5.121355283982143e-06,
177,triangle,717,1419,1149,,358509.44707710267,6950394.087849335,150112.0673828125,78.51064305817152,80.63942684824697,28.51064305817151,30.639426848246988,12,1841,7.95270728767e-06,
178,triangle,923,1064,165,,356099.9463780671,6953887.686132626,5392.96533203125,77.28455172240876,76.6687415341617,27.284551722408764,26.668741534161686,65,1681,6.32455532034e-06,
179,triangle,807,1430,547,,353149.9297451962,6953126.993917715,384709.51953125,91.54714376633575,97.61895050982461,41.54714376633576,47.61895050982462,65,1681,8.710633533051428e-06,
180,triangle,557,1456,699,,365514.2249938191,6952838.523714464,71162.6201171875,119.14828413880217,123.89284662642565,69.14828413880215,73.89284662642565,65,1681,6.4408518894350004e-06,
181,triangle,18,1238,17,,358708.8764344762,6952692.44889685,3661.9990234375,37.02556305225387,36.82370983379845,-12.974436947746131,-13.176290166201552,12,1841,7.95270728767e-06,
182,triangle,20,1238,19,,358808.8764344762,6952692.44889685,3661.9990234375,35.26583844033834,36.05704342144494,-14.73416155966166,-13.942956578555068,12,1841,7.95270728767e-06,
183,triangle,341,1239,342,,357802.79937211284,6948559.306312986,4578.03955078125,66.12892498816545,66.25765011599378,16.128924988165444,16.257650115993787,12,1841,7.95270728767e-06,
184,triangle,401,1237,402,,359508.17797532975,6950494.647520885,4704.9775390625,55.12606327382202,54.4345712991235,5.1260632738220195,4.4345712991235,12,1841,7.95270728767e-06,
185,triangle,823,889,821,,363560.19991435186,6958370.119239897,544354.2114257812,75.37654865698175,78.2040365672584,25.376548656981754,28.2040365672584,12,1841,7.95270728767e-06,
186,triangle,542,1073,863,,352612.3178862787,6949839.727703345,360450.59619140625,94.56640152049312,100.68575393793425,44.56640152049311,50.68575393793426,6,1721,1.189207115e-05,
187,triangle,170,1305,169,,356416.0624665354,6953819.8652846655,3390.15576171875,72.65135758166382,72.77990888259912,22.65135758166381,22.779908882599127,65,1681,6.32455532034e-06,
188,triangle,423,1306,422,,358518.0172555233,6948867.696292737,4803.3330078125,69.25739986615407,70.52250490096118,19.25739986615407,20.522504900961177,12,1841,7.95270728767e-06,
189,triangle,305,1304,304,,359284.1216424957,6946557.357741286,3838.68505859375,92.24137104874428,92.46460241177049,42.241371048744284,42.46460241177049,12,1841,7.95270728767e-06,
190,triangle,122,1340,121,,362129.4677113619,6955314.647617493,5470.80908203125,43.420207076794135,44.69684517665718,-6.579792923205867,-5.303154823342818,12,1841,7.4293727267425005e-06,
191,triangle,727,1107,774,,358021.3403834358,6949216.26985088,107133.548828125,90.87559883554354,86.69040783105159,40.87559883554354,36.69040783105159,12,1841,7.95270728767e-06,
192,triangle,436,1300,437,,361014.66560261435,6949108.24189728,6347.6669921875,71.16872170414422,71.84192590553158,21.168721704144218,21.84192590553158,12,1841,7.95270728767e-06,
193,triangle,1108,1126,899,,355003.57433415257,6947088.864251497,405842.31201171875,65.87824399156085,62.476648601109844,15.878243991560854,12.476648601109838,12,1841,7.95270728767e-06,
194,triangle,514,1230,680,,358525.43462445005,6958123.969028544,214429.23388671875,172.7766882430787,163.19868258685324,122.77668824307868,113.19868258685324,12,1841,7.95270728767e-06,
195,triangle,11,1023,10,,358213.42425205925,6952599.057172321,7241.29638671875,39.65291431731141,39.45668975554258,-10.347085682688595,-10.543310244457421,12,1841,7.95270728767e-06,
196,triangle,24,1026,23,,359186.6775883371,6952681.971816984,6154.39892578125,37.67105844220029,37.50708313358991,-12.32894155779971,-12.492916866410086,12,1841,7.95270728767e-06,
197,triangle,83,1028,82,,364662.5,6955687.5,5625.0,40.42499955495188,40.28333282470703,-9.575000445048115,-9.716667175292969,12,1841,7.95270728767e-06,
198,triangle,112,1031,111,,362737.5,6955137.5,5625.0,22.741666475931808,22.483332951863606,-27.258333524068192,-27.516667048136394,12,1841,7.95270728767e-06,
199,triangle,118,1032,117,,362291.43601376616,6955061.1720034005,5918.40234375,31.688147558812265,32.295393696547805,-18.31185244118774,-17.704606303452195,12,1841,7.95270728767e-06,
200,triangle,188,1035,187,,356460.3926015234,6956588.305857453,5952.7412109375,100.6474677835107,100.36909077144647,50.64746778351069,50.36909077144646,6,1721,1.189207115e-05,
201,triangle,380,1044,381,,360477.2464607074,6949181.654860951,7436.10107421875,63.753050939506096,62.282496467719,13.753050939506101,12.282496467719001,12,1841,7.95270728767e-06,
202,triangle,418,953,419,,360886.58892128285,6948864.549927113,5496.8798828125,69.8928099884233,68.26755892224581,19.8928099884233,18.2675589222458,12,1841,7.95270728767e-06,
203,triangle,434,1056,435,,361208.6407231831,6949306.616873075,5852.68310546875,77.58367754695448,77.10392379480905,27.58367754695447,27.10392379480905,12,1841,7.95270728767e-06,
204,triangle,447,1058,446,,358766.5178571429,6951282.621173468,6625.876953125,48.34054285756115,49.24459928645316,-1.6594571424388493,-0.7554007135468428,12,1841,7.95270728767e-06,
205,triangle,489,1062,488,,359464.4848865727,6956363.177678753,5325.46142578125,96.90597826579528,96.89028173771239,46.90597826579527,46.89028173771239,65,1681,6.32455532034e-06,
206,triangle,897,1326,763,,356707.4944042111,6949004.304503497,89836.767578125,76.74374242089716,75.9558388618977,26.743742420897163,25.955838861897703,12,1841,7.95270728767e-06,
207,triangle,749,1144,722,,365658.6719357487,6954703.864924528,231661.1640625,108.53259691117677,107.85153623724239,58.532596911176746,57.85153623724239,65,1681,6.32455532034e-06,
208,triangle,994,1457,1068,,354560.03084521665,6951693.58311426,167818.9306640625,117.67999551899773,102.65367603474171,67.67999551899773,52.65367603474172,65,1681,6.32455532034e-06,
209,triangle,951,1043,720,,360565.2947084272,6948387.447314707,26866.318359375,83.63943471631573,83.79625203867987,33.63943471631573,33.79625203867985,12,1841,7.95270728767e-06,
210,triangle,62,1240,61,,361412.96729336603,6951864.645133759,3977.4228515625,62.710713607793764,63.22245246303561,12.710713607793764,13.222452463035614,12,1841,7.95270728767e-06,
211,triangle,64,1240,63,,361512.96729336603,6951864.645133759,3977.42236328125,68.4102032244392,69.5557870679347,18.410203224439208,19.555787067934702,12,1841,7.95270728767e-06,
212,triangle,731,1115,900,,353471.5703314788,6954885.667756627,288135.2548828125,114.66726665901095,100.0420086549803,64.66726665901096,50.042008654980286,6,1721,1.189207115e-05,
213,triangle,557,870,558,,365354.27221884875,6952513.840342765,44400.32861328125,113.25735620902054,116.69550957553163,63.25735620902053,66.69550957553162,12,1841,7.836410718575001e-06,
214,triangle,492,1125,493,,358279.33128628024,6945717.9628726905,163345.52978515625,110.43749651802213,112.49014454253211,60.43749651802213,62.4901445425321,12,1841,7.95270728767e-06,
215,triangle,1070,1242,908,,362461.60925022856,6952038.847693202,40601.498046875,106.25929792870588,108.52533146193196,56.25929792870589,58.525331461931955,65,1681,6.32455532034e-06,
216,triangle,721,1129,882,,364687.6370901987,6952978.108974894,201451.1484375,154.97728539438117,145.6102815511407,104.97728539438117,95.6102815511407,65,1681,6.32455532034e-06,
217,triangle,886,1427,713,,355321.9825173211,6952548.0870740255,181439.2783203125,134.97707855244798,125.16248696480915,84.977078552448,75.16248696480915,65,1681,6.32455532034e-06,
218,triangle,326,1222,327,,358376.22464829375,6948104.158829796,5487.2275390625,76.90765655025704,76.25417412524052,26.907656550257045,26.254174125240535,12,1841,7.95270728767e-06,
219,triangle,819,1141,803,,358429.9550687061,6951418.811695651,58377.60791015625,56.09003309929926,61.250811419538074,6.090033099299261,11.250811419538072,12,1841,7.95270728767e-06,
220,triangle,1082,1323,595,,369665.5754862463,6948096.649903376,1501971.0146484375,103.47196250827972,90.82623976516618,53.4719625082797,40.82623976516618,65,1681,6.523395171399286e-06,
221,triangle,739,1312,881,,358320.09005842375,6946816.362987637,181299.63671875,122.74918409009469,116.0999722026407,72.7491840900947,66.0999722026407,12,1841,7.95270728767e-06,
222,triangle,90,1521,89,,364177.87846129254,6955975.490698877,2678.1884765625,23.668045426775247,26.369233017265405,-26.331954573224756,-23.630766982734595,12,1841,7.95270728767e-06,
223,triangle,713,1427,1123,,354937.8189515939,6952798.76000798,198829.55859375,140.8380562835337,132.11918827060686,90.83805628353369,82.11918827060684,65,1681,6.32455532034e-06,
224,triangle,584,824,583,,360657.111736161,6960769.7939653015,1730980.7744140625,26.873091828042874,61.801899214224875,-23.126908171957126,11.801899214224875,17,2101,6.880301546545001e-06,
225,triangle,819,1428,705,,357990.61360094213,6951391.055546272,137095.5576171875,69.11270467233412,69.63166035483103,19.112704672334125,19.631660354831027,12,1841,7.95270728767e-06,
226,triangle,743,1095,1001,,358911.97050484107,6948452.052396666,61382.1806640625,91.31595390647273,88.20933250648427,41.31595390647273,38.20933250648428,12,1841,7.95270728767e-06,
227,triangle,861,1005,605,,356942.78681673174,6943503.752988647,1551946.4389648438,90.84538247433495,96.07151450135245,40.845382474334976,46.07151450135245,18,2041,4.30886938006e-06,
228,triangle,806,1121,721,,364209.41822179867,6953352.892858524,179610.89794921875,100.62096167014231,106.27167415573581,50.62096167014232,56.2716741557358,65,1681,6.32455532034e-06,
229,triangle,578,1558,878,,351489.31403971696,6959210.87100714,1420954.7006835938,84.68353560724765,85.87183805564587,34.68353560724764,35.871838055645874,6,1721,1.189207115e-05,
230,triangle,881,1312,839,,358115.8950971036,6947032.32450144,142914.35302734375,105.76588124023232,110.17236121633765,55.76588124023232,60.172361216337634,12,1841,7.95270728767e-06,
231,triangle,740,1465,1092,,357682.5781072746,6957345.507575716,168494.638671875,153.60670518051296,149.1188404855245,103.60670518051296,99.11884048552447,65,1681,6.32455532034e-06,
232,triangle,541,1112,540,,360186.56477201614,6946726.085786114,178146.0361328125,115.39325448671083,117.28699250582395,65.39325448671083,67.28699250582393,12,1841,8.093398854181786e-06,
233,triangle,1009,1548,706,,355909.2973827005,6948489.421381466,131896.20751953125,60.96234666299269,76.09892939266922,10.962346662992681,26.09892939266922,12,1841,7.95270728767e-06,
234,triangle,743,1001,708,,359132.0121527584,6948335.4545422075,143953.93994140625,97.51210460128988,92.93866977318392,47.51210460128988,42.93866977318391,12,1841,7.95270728767e-06,
235,triangle,631,1444,128,,361351.8417189962,6954055.71343745,19957.47119140625,26.67573878637483,29.849250248092634,-23.32426121362517,-20.150749751907362,65,1681,6.55714845853e-06,
236,triangle,698,1130,697,,367783.76845292066,6953609.4376469925,137118.23828125,167.45357640942177,161.95097937603722,117.4535764094218,111.95097937603721,65,1681,6.523395171399286e-06,
237,triangle,874,895,730,,356754.18101230654,6953509.540844087,74847.64453125,88.54159991172153,84.84209437501143,38.54159991172153,34.84209437501142,65,1681,6.32455532034e-06,
238,triangle,601,1134,600,,364448.8636363636,6943085.593219749,1886190.7729492188,120.51610363269832,103.59370691579784,70.51610363269833,53.593706915797846,65,1681,6.4990001739825e-06,
239,triangle,695,1104,551,,354997.49142937333,6956570.590850748,149702.20556640625,115.70188742202616,117.91487517345656,65.70188742202616,67.91487517345656,6,1721,1.189207115e-05,
240,triangle,1065,1547,702,,357145.8452544921,6950100.994110019,122351.2802734375,71.19956488167851,73.6083675216193,21.19956488167852,23.6083675216193,12,1841,7.95270728767e-06,
241,triangle,1273,1522,677,,361816.98905096954,6957479.508437548,328201.85107421875,93.63749986065945,103.60891190344528,43.63749986065944,53.60891190344529,12,1841,7.95270728767e-06,
242,triangle,722,1352,992,,365838.534730816,6954086.183492827,162335.50439453125,115.86390496183752,126.66984844719009,65.86390496183753,76.6698484471901,65,1681,6.32455532034e-06,
243,triangle,565,1246,1085,,363401.2380965262,6951025.339535314,109325.43896484375,119.77033376802936,109.88242586559868,69.77033376802936,59.88242586559866,65,1681,6.32455532034e-06,
244,triangle,687,1254,529,,361993.26034925546,6949155.177237899,45420.09814453125,97.96938941907445,95.30791296030655,47.96938941907444,45.307912960306545,65,1681,6.32455532034e-06,
245,triangle,783,1133,899,,353857.52386573027,6946093.041471678,1116135.00390625,79.55298883264595,69.78401406022975,29.55298883264595,19.784014060229747,12,1841,7.95270728767e-06,
246,triangle,1201,1297,719,,362282.65559684654,6956268.652788647,241470.60546875,126.44293553506719,114.19580964756575,76.44293553506719,64.19580964756575,65,1681,6.32455532034e-06,
247,triangle,139,1000,138,,355959.18208686635,6951401.150785004,5495.537109375,66.40897406493112,65.98963659953772,16.408974064931122,15.989636599537713,12,1841,7.95270728767e-06,
248,triangle,714,839,701,,357709.0067423492,6947330.150271532,152434.05615234375,99.03657775623512,93.61579947365227,49.03657775623512,43.61579947365228,12,1841,7.95270728767e-06,
249,triangle,715,1323,1082,,368490.4451089056,6948557.406265582,1724214.18359375,132.7792858847249,99.53634141638535,82.77928588472491,49.53634141638533,6,1721,1.0301352341525715e-05,
250,triangle,694,545,693,,353481.3469896854,6950850.642135912,81618.376953125,120.51560284505905,113.53708935079116,70.51560284505905,63.53708935079115,6,1721,1.189207115e-05,
251,triangle,69,1512,859,,361840.6178036884,6951741.818958089,12070.37939453125,96.37069861698755,94.58998215122541,46.370698616987546,44.58998215122542,12,1841,7.4293727267425005e-06,
252,triangle,774,1107,877,,358283.53784904495,6949293.31635362,95059.74755859375,90.75175553772672,87.5183694578519,40.751755537726716,37.518369457851904,12,1841,7.95270728767e-06,
253,triangle,711,1288,845,,359837.5320564659,6951572.255576708,181696.2001953125,62.90878027080724,61.5485643818649,12.908780270807242,11.548564381864898,12,1841,7.95270728767e-06,
254,triangle,611,1389,70,,362322.0866255222,6952502.71138972,20070.4345703125,106.997684024676,107.58768664126154,56.997684024676005,57.58768664126154,65,1681,6.3827036048875e-06,
255,triangle,185,1200,184,,356700.1538719891,6956835.509540225,3560.0537109375,115.9743884456745,114.93345075484052,65.9743884456745,64.93345075484054,65,1681,7.915274128814286e-06,
256,triangle,69,1493,860,,362039.2048430934,6951759.535110269,29976.4912109375,89.42170370199483,93.76308473686873,39.42170370199483,43.76308473686874,65,1681,6.32455532034e-06,
257,triangle,689,873,538,,362013.2217423156,6947646.936362612,160542.130859375,105.51474591843521,102.6451153426791,55.514745918435224,52.645115342679105,52,1561,1.189207115e-05,
258,triangle,708,1001,869,,359414.93042587425,6948444.321018398,135682.14208984375,97.2705111080868,95.0858286870489,47.27051110808679,45.085828687048895,12,1841,7.95270728767e-06,
259,triangle,804,1275,1201,,361364.44096720876,6956347.335086219,219489.8544921875,143.34657513677416,142.32203756085536,93.34657513677413,92.32203756085538,65,1681,6.32455532034e-06,
260,triangle,541,1111,876,,359758.490575999,6946341.151801373,99031.2099609375,111.22562548829158,111.68265851266158,61.22562548829158,61.682658512661554,12,1841,7.95270728767e-06,
261,triangle,629,1142,123,,361439.61163424334,6955143.533703718,20173.8193359375,95.1279852140623,96.04414620015768,45.127985214062306,46.044146200157684,65,1681,6.3827036048875e-06,
262,triangle,746,1517,1178,,355568.16033021413,6954316.312989049,89958.99072265625,93.3017511883881,93.2057167576426,43.301751188388096,43.20571675764261,6,1721,1.189207115e-05,
263,triangle,1068,1457,786,,354875.9436945345,6951771.274326395,190178.95947265625,108.03972691621084,102.57076431998324,58.039726916210846,52.57076431998323,65,1681,6.32455532034e-06,
264,triangle,685,1150,528,,362040.5631502331,6950426.619408332,144671.685546875,103.13409822633467,103.55540269501223,53.13409822633466,53.555402695012226,65,1681,6.32455532034e-06,
265,triangle,860,1070,724,,362364.6789333536,6951634.028323119,95397.0595703125,101.3243857826161,103.64413573701779,51.32438578261609,53.64413573701779,65,1681,6.32455532034e-06,
266,triangle,779,1275,1160,,360655.79809731344,6956325.998286717,149555.52783203125,138.50140502707492,137.32002176182274,88.50140502707494,87.32002176182272,65,1681,6.32455532034e-06,
267,triangle,129,1376,632,,360978.72682722006,6953805.813698503,13472.38671875,35.574415692747145,35.02545278739664,-14.425584307252855,-14.974547212603357,65,1681,6.6152967430775e-06,
268,triangle,994,1292,1281,,354006.2979288222,6951451.64048579,179297.30908203125,115.99760930484165,114.73890035050105,65.99760930484163,64.73890035050105,65,1681,6.32455532034e-06,
269,triangle,1031,1140,108,,362780.9000583349,6955361.745772533,13642.7138671875,22.679951426390126,23.484352622465323,-27.32004857360987,-26.515647377534677,12,1841,7.95270728767e-06,
270,triangle,1015,1343,556,,366547.0924751622,6953300.5605376,97991.046875,164.32451525654545,145.53911126016945,114.32451525654545,95.53911126016946,65,1681,6.32455532034e-06,
271,triangle,538,1083,539,,361411.28876821557,6947313.447165697,176874.30224609375,92.00426004568125,95.58296883209663,42.004260045681264,45.58296883209662,52,1561,1.189207115e-05,
272,triangle,30,1346,29,,359609.53307181766,6952838.684225385,4085.5244140625,35.090274810811785,34.24810747173549,-14.909725189188215,-15.751892528264511,12,1841,7.95270728767e-06,
273,triangle,327,1245,328,,358388.9504599603,6948211.308404257,4055.5732421875,74.08765238515804,73.63552178945359,24.087652385158037,23.635521789453588,12,1841,7.95270728767e-06,
274,triangle,329,1245,330,,358388.9504599603,6948311.308404257,4055.5732421875,71.88693954227801,72.16885461416062,21.886939542278014,22.16885461416062,12,1841,7.95270728767e-06,
275,triangle,992,1336,722,,365541.39358279906,6953981.033663847,168358.7587890625,115.54837590880736,126.26318186121485,65.54837590880734,76.26318186121485,65,1681,6.32455532034e-06,
276,triangle,575,910,574,,350914.5157865868,6953036.030381496,1357706.1826171875,29.87229448519145,37.50938185598069,-20.127705514808554,-12.490618144019308,1,1,5.056502541071429e-05,
277,triangle,786,1161,887,,355470.9978638761,6951835.027262299,50252.017578125,90.06005067520809,94.11887396833356,40.0600506752081,44.11887396833357,65,1681,6.32455532034e-06,
278,triangle,824,1109,867,,359635.5786328069,6959368.111752178,804826.8559570312,100.07721516590456,93.6695795990875,50.07721516590457,43.66957959908749,12,1841,7.95270728767e-06,
279,triangle,824,867,583,,359721.60142922547,6960244.629530228,1474367.0834960938,72.27989695901277,87.3789494880462,22.279896959012778,37.37894948804621,14,2121,9.707529612524286e-06,
280,triangle,187,1199,186,,356531.0277914931,6956718.972208507,12706.2470703125,110.8972072713777,108.05742610846279,60.897207271377695,58.0574261084628,6,1721,1.189207115e-05,
281,triangle,871,1125,492,,357815.6590299209,6945788.495197306,291037.7431640625,106.30916060611555,102.2622384163118,56.309160606115555,52.26223841631181,12,1841,7.95270728767e-06,
282,triangle,665,973,178,,358992.719426831,6955534.098352476,27429.8974609375,91.65088598937348,98.37900487004434,41.650885989373485,48.379004870044334,65,1681,6.32455532034e-06,
283,triangle,940,942,727,,357900.90783332667,6948847.405507281,35068.7431640625,78.6876482217482,74.88130587574688,28.6876482217482,24.88130587574687,12,1841,7.95270728767e-06,
284,triangle,592,1077,591,,370341.9396984813,6954814.743797385,1837426.0078125,148.00890093763957,112.19074548277759,98.00890093763954,62.190745482777594,65,1681,6.4990001739825e-06,
285,triangle,774,940,727,,358019.2084414366,6948968.808944746,55733.919921875,84.0888594306551,79.84039644635975,34.08885943065509,29.840396446359737,12,1841,7.95270728767e-06,
286,triangle,1015,1329,992,,366082.4214233555,6953523.46547879,138338.56005859375,161.8643293766744,156.89514605282167,111.86432937667436,106.89514605282166,65,1681,6.32455532034e-06,
287,triangle,830,1447,528,,361617.66426581936,6950187.748868017,106521.86669921875,106.48269148227921,99.99666769051161,56.48269148227921,49.9966676905116,12,1841,7.95270728767e-06,
288,triangle,180,1004,179,,358876.90844558243,6956197.710046571,23587.3212890625,134.35372526263708,128.5873169159663,84.35372526263707,78.5873169159663,65,1681,6.722235022458572e-06,
289,triangle,1129,1456,557,,365248.12726604665,6952848.189548586,56906.68701171875,132.15473045736397,140.6912141016618,82.15473045736397,90.6912141016618,65,1681,6.32455532034e-06,
290,triangle,1226,1495,1094,,367695.3424233511,6944953.8459735,1363119.3447265625,66.37328762938955,50.65482707537823,16.373287629389544,0.6548270753782303,12,1841,7.95270728767e-06,
291,triangle,71,1378,613,,362793.11080168537,6953024.563161689,19235.84130859375,83.11160961939889,84.43305813752077,33.11160961939888,34.43305813752079,65,1681,6.32455532034e-06,
292,triangle,1184,1309,1021,,368754.0805803815,6958038.739760949,1588777.248046875,12.115601336229359,27.379446642363035,-37.88439866377063,-22.620553357636965,49,21,5.442429093483928e-05,
293,triangle,131,1255,639,,359448.57098374475,6953469.761658359,22547.1611328125,51.046045693843226,50.303083781942384,1.0460456938432259,0.3030837819423879,65,1681,6.32455532034e-06,
294,triangle,108,1140,107,,362843.4000583349,6955424.245772533,9095.14306640625,22.530436958933347,23.501019670601718,-27.46956304106665,-26.498980329398282,12,1841,7.95270728767e-06,
295,triangle,836,1191,1133,,352870.38832665543,6947301.738118745,1726187.2138671875,45.98818214531043,64.18417260151985,-4.011817854689563,14.184172601519839,16,1441,8.556075304419285e-06,
296,triangle,682,1156,520,,355206.17703224445,6957644.246914369,142145.76123046875,141.9103128150168,132.55074746479724,91.91031281501678,82.55074746479728,65,1681,6.32455532034e-06,
297,triangle,832,1354,1020,,354550.8194501023,6953767.858000182,177744.28515625,105.11439464613358,104.51090986033057,55.11439464613359,54.51090986033057,6,1721,1.149439144788143e-05,
298,triangle,543,863,544,,353198.1364096594,6950176.307525043,94999.46142578125,108.01504280628501,107.70108449483672,58.01504280628502,57.70108449483672,6,1721,1.189207115e-05,
299,triangle,1068,1292,994,,354426.0077849088,6951388.564513527,166287.6953125,108.21937014559893,106.12511404190245,58.21937014559893,56.12511404190244,65,1681,6.32455532034e-06,
300,triangle,1178,1517,1071,,355486.1412137582,6954115.50146111,100220.1083984375,89.1863656310967,90.97606392386787,39.18636563109671,40.976063923867876,6,1721,1.189207115e-05,
301,triangle,545,1127,693,,353771.75116468064,6950747.761077076,97715.74658203125,109.87443037428852,113.27985717852384,59.87443037428852,63.279857178523834,65,1681,6.32455532034e-06,
302,triangle,1104,1163,837,,354818.22798455553,6955845.590686199,182557.2431640625,94.24338186897262,104.35036596113594,44.24338186897262,54.35036596113596,6,1721,1.189207115e-05,
303,triangle,707,1419,717,,358622.6152783209,6950105.459478895,212657.9775390625,91.81453322592388,88.58227667060794,41.81453322592389,38.582276670607946,12,1841,7.95270728767e-06,
304,triangle,1043,1440,764,,360652.3998550479,6948595.401856522,17182.638671875,78.98382364317882,76.41007247863024,28.983823643178813,26.41007247863024,12,1841,7.95270728767e-06,
305,triangle,1127,1292,822,,354366.8379147418,6950797.846432635,176564.31640625,103.99557625846792,114.18193798815747,53.99557625846791,64.18193798815747,65,1681,6.32455532034e-06,
306,triangle,878,1558,1289,,352390.45904014836,6959342.742772604,1336508.5322265625,164.48139433611703,134.29750702974388,114.48139433611703,84.29750702974387,12,1841,8.374781987205358e-06,
307,triangle,1015,1352,809,,366434.4456307574,6953999.27645902,176653.30810546875,139.47922109700798,141.1832869905081,89.47922109700798,91.18328699050805,65,1681,6.32455532034e-06,
308,triangle,578,878,577,,351060.03298757103,6958392.080545039,1771884.5161132812,118.1788522056744,68.20669398993753,68.17885220567439,18.206693989937524,6,1721,2.2634558444642858e-05,
309,triangle,1123,1427,909,,354628.96290475037,6952695.975759647,154826.216796875,135.05571402185097,125.72495955188566,85.05571402185099,75.72495955188566,65,1681,6.32455532034e-06,
310,triangle,830,971,709,,361187.9650738205,6949980.4878022885,104507.76806640625,104.16572365021509,98.51915852397498,54.16572365021509,48.519158523975,12,1841,7.95270728767e-06,
311,triangle,916,1030,98,,363604.1947690433,6955703.385562626,8108.6357421875,22.735770612147075,23.93849770370264,-27.264229387852925,-26.06150229629736,12,1841,7.95270728767e-06,
312,triangle,200,926,925,,355980.67775974027,6955732.142857143,7014.8134765625,86.36920306892311,85.95366043505253,36.36920306892311,35.95366043505252,6,1721,1.189207115e-05,
313,triangle,928,1037,307,,359126.5846919892,6946721.030466276,7946.796875,92.27371257806107,91.44231192597046,42.273712578061065,41.442311925970465,12,1841,7.95270728767e-06,
314,triangle,336,940,939,,358183.4121455739,6948800.865139779,9166.47900390625,69.74879362944407,69.6389807903841,19.74879362944406,19.63898079038409,12,1841,7.95270728767e-06,
315,triangle,339,942,940,,357966.5120587011,6948730.717408452,8924.8662109375,70.89397284934815,69.97035101879699,20.89397284934815,19.97035101879699,12,1841,7.95270728767e-06,
316,triangle,361,949,947,,356602.97176990873,6947998.932438899,8090.3896484375,60.875679478957075,61.02680800396225,10.87567947895707,11.026808003962245,12,1841,7.95270728767e-06,
317,triangle,948,950,363,,356500.0,6948150.0,8437.5,60.366666158040374,60.7416664759318,10.36666615804037,10.741666475931803,12,1841,7.95270728767e-06,
318,triangle,961,1051,408,,359457.9132338061,6951004.667540472,9705.9375,55.43300615696755,53.33103345007731,5.4330061569675445,3.331033450077309,12,1841,7.95270728767e-06,
319,triangle,80,1028,79,,364812.5,6955612.5,4218.75,45.491667111714605,44.41666730244955,-4.508332888285398,-5.583332697550456,12,1841,7.95270728767e-06,
320,triangle,344,1166,343,,357657.56258405925,6948639.690133589,4465.140625,64.86021084097118,65.38932802338832,14.86021084097117,15.389328023388316,12,1841,7.95270728767e-06,
321,triangle,213,1243,212,,355983.2592725081,6954758.780786629,4695.83203125,81.80481606799565,81.07951047685295,31.804816067995638,31.079510476852935,6,1721,1.189207115e-05,
322,triangle,113,850,112,,362611.94444444444,6955024.722222223,7062.5,23.042011733690234,23.698435968157767,-26.957988266309766,-26.301564031842233,12,1841,7.95270728767e-06,
323,triangle,467,851,466,,359499.98791337153,6956046.71327995,8069.103515625,93.70386294408321,91.24204064709862,43.70386294408321,41.24204064709861,65,1681,6.32455532034e-06,
324,triangle,1200,1308,184,,356754.6982570878,6956868.1855086265,8689.572265625,114.47022226387574,116.66380285120421,64.47022226387575,66.66380285120422,65,1681,6.32455532034e-06,
325,triangle,539,1220,1193,,361058.3556582679,6947729.870757607,136889.591796875,99.26617074377644,102.45224978953011,49.26617074377644,52.45224978953011,12,1841,7.95270728767e-06,
326,triangle,845,966,711,,359556.12686629145,6951689.3408351345,108444.275390625,56.463971741361824,53.699696876221346,6.463971741361832,3.6996968762213425,12,1841,7.95270728767e-06,
327,triangle,873,1203,735,,363061.004568676,6946557.244643035,1433807.705078125,68.97464522301877,87.48716846119824,18.97464522301877,37.48716846119826,6,1721,1.189207115e-05,
328,triangle,784,1139,827,,355524.51214639185,6959106.594855701,621763.3076171875,144.57028379968128,144.36778697584833,94.57028379968128,94.36778697584835,12,1841,7.95270728767e-06,
329,triangle,159,922,158,,357379.9708454811,6952366.727405247,7114.88720703125,47.082170988495626,45.13757098340121,-2.917829011504381,-4.862429016598786,12,1841,7.95270728767e-06,
330,triangle,208,927,207,,356040.1530377481,6955118.421544963,7472.859375,80.07855056520818,79.91065151136965,30.078550565208182,29.91065151136965,6,1721,1.189207115e-05,
331,triangle,420,954,438,,360815.991576318,6949033.91116603,7640.9541015625,65.05749067432541,65.68055092386122,15.05749067432542,15.68055092386122,12,1841,7.95270728767e-06,
332,triangle,818,1288,711,,360087.75196761655,6951728.499107074,169076.0341796875,63.43506773006938,64.26695005909416,13.435067730069383,14.266950059094166,12,1841,7.95270728767e-06,
333,triangle,790,1455,1137,,353716.2486012659,6957259.823342661,222359.9052734375,153.70904432885496,144.01815190783657,103.70904432885496,94.01815190783657,65,1681,6.838531591553571e-06,
334,triangle,513,1210,679,,359529.3196825667,6957574.49415768,157926.6259765625,146.70791322619448,142.08616649729154,96.70791322619448,92.08616649729156,12,1841,7.95270728767e-06,
335,triangle,998,1203,754,,363867.66524337296,6947698.483201928,657952.8725585938,71.26947806520266,78.91242439177061,21.26947806520266,28.912424391770617,6,1721,1.189207115e-05,
336,triangle,850,1031,112,,362649.44444444444,6955112.222222223,17718.75,23.759231626630285,23.615102634824435,-26.24076837336971,-26.384897365175565,12,1841,7.95270728767e-06,
337,triangle,916,917,676,,363389.3855200962,6955772.884555015,31204.423828125,48.09377422655141,43.574862591658075,-1.9062257734485974,-6.425137408341928,12,1841,7.95270728767e-06,
338,triangle,744,1136,986,,359251.14663892664,6954683.456529814,136673.7255859375,90.85416020289244,91.58123023284297,40.854160202892444,41.58123023284296,65,1681,6.32455532034e-06,
339,triangle,1077,1333,554,,369083.7825054081,6954040.090194773,657993.5859375,88.94458760225234,126.3971450969007,38.94458760225234,76.3971450969007,65,1681,6.755988309589285e-06,
340,triangle,509,1212,508,,363642.37996727397,6957081.830555367,58554.1357421875,130.95377218603062,126.31794972153064,80.95377218603062,76.31794972153064,12,1841,7.95270728767e-06,
341,triangle,78,1259,626,,364912.118105923,6955475.481755677,10384.5400390625,46.57484393123042,49.89817470887089,-3.4251560687695832,-0.10182529112910761,65,1681,6.9641864503624995e-06,
342,triangle,177,1136,664,,358652.45055696816,6954839.779519868,87285.06982421875,118.46903428640476,115.75007541486791,68.46903428640475,65.75007541486791,65,1681,6.722235022458572e-06,
343,triangle,518,1278,519,,356145.23007029836,6957963.362435162,106410.755859375,161.2469000417835,164.93526584204645,111.24690004178349,114.93526584204642,65,1681,6.4408518894350004e-06,
344,triangle,1126,1353,899,,355067.6362833928,6946592.706363416,319432.0244140625,75.5590344918589,61.651071628698766,25.559034491858892,11.651071628698773,12,1841,7.95270728767e-06,
345,triangle,399,1241,400,,359515.05697635707,6950333.990259876,3931.09033203125,52.35802336255668,56.338115396876844,2.358023362556684,6.338115396876841,12,1841,7.95270728767e-06,
346,triangle,205,1303,204,,355911.6719167076,6955368.568407651,4311.9091796875,82.84884703120649,82.79005408446632,32.84884703120648,32.79005408446631,6,1721,1.189207115e-05,
347,triangle,528,1447,685,,361712.0899388152,6950405.537706052,120293.5498046875,106.44698784615053,102.41131474422662,56.446987846150535,52.411314744226615,12,1841,7.8945590031225e-06,
348,triangle,856,1063,756,,365439.2991272825,6950513.097285386,1157963.1650390625,91.43884046169629,97.00704805479108,41.438840461696294,47.00704805479108,6,1721,1.1751379583488215e-05,
349,triangle,54,1154,53,,360737.898850616,6952112.898850616,11160.2587890625,49.48771248866501,49.39291971279024,-0.5122875113349807,-0.607080287209761,12,1841,7.95270728767e-06,
350,triangle,822,1206,990,,354668.2781741652,6950226.569803749,191599.833984375,122.18130462938963,122.73999826240923,72.18130462938963,72.73999826240923,65,1681,6.32455532034e-06,
351,triangle,517,1080,518,,356617.743906566,6957944.963741559,93825.9697265625,165.13437628403307,165.55423867880657,115.13437628403307,115.55423867880656,65,1681,6.32455532034e-06,
352,triangle,674,999,501,,355753.8529757254,6950345.16445475,94161.02099609375,134.54265086662173,117.7117288339363,84.54265086662173,67.7117288339363,65,1681,6.32455532034e-06,
353,triangle,701,1312,871,,357540.3205639633,6946521.557185616,320747.78125,115.82287609433787,99.48145627282042,65.82287609433786,49.481456272820445,12,1841,7.95270728767e-06,
354,triangle,910,1218,574,,351482.8684512465,6952358.270727876,1384975.8154296875,67.29476002904147,52.08806887967711,17.294760029041466,2.0880688796771047,6,1721,1.4040568608928572e-05,
355,triangle,32,1347,31,,359759.53307181766,6952842.0499303425,3706.8828125,33.55801880596953,33.681346818257104,-16.44198119403047,-16.3186531817429,12,1841,7.95270728767e-06,
356,triangle,34,1347,33,,359859.53307181766,6952842.0499303425,3706.8828125,33.18254649248124,33.54801424786322,-16.817453507518763,-16.451985752136782,12,1841,7.95270728767e-06,
357,triangle,886,1161,786,,355547.95461059787,6952043.860087047,123051.154296875,105.16147179165553,100.88696763838942,55.16147179165552,50.88696763838943,65,1681,6.32455532034e-06,
358,triangle,346,1224,347,,357384.5238095238,6948418.532509158,3540.0927734375,60.8138007584835,60.97233843225581,10.813800758483506,10.972338432255805,12,1841,7.95270728767e-06,
359,triangle,348,1224,349,,357284.5238095238,6948418.532509158,3540.0927734375,60.11317577255224,60.239006116175084,10.113175772552236,10.239006116175078,12,1841,7.95270728767e-06,
360,triangle,673,1206,500,,355107.5501067732,6949784.714176893,144700.3388671875,120.05097310487376,121.02124945169022,70.05097310487376,71.02124945169022,65,1681,6.4408518894350004e-06,
361,triangle,701,1276,714,,357434.45885451045,6947410.051350587,186627.59228515625,97.74826182456692,88.5301540668021,47.74826182456692,38.530154066802105,12,1841,7.95270728767e-06,
362,triangle,1092,1465,904,,357946.6231799477,6957393.8615187695,130693.7919921875,163.23847938253977,157.70407428478867,113.23847938253977,107.70407428478869,65,1681,6.32455532034e-06,
363,triangle,1021,1309,736,,368334.74224937876,6956970.073468403,1319826.5913085938,82.21342880553969,76.69929535503563,32.2134288055397,26.69929535503563,65,1681,1.1013715476248571e-05,
364,triangle,561,1506,882,,364099.5856184621,6952478.434453495,113851.7919921875,130.1369260909385,131.9587509804082,80.13692609093847,81.95875098040823,65,1681,6.32455532034e-06,
365,triangle,418,1481,953,,360831.6836864,6948806.798725523,14577.31982421875,72.3490422359824,69.19368876431749,22.34904223598239,19.193688764317486,12,1841,7.95270728767e-06,
366,triangle,749,1523,1144,,365853.04538909416,6955000.204094843,199032.66748046875,108.31324726656923,100.08165396136985,58.31324726656924,50.08165396136985,65,1681,6.32455532034e-06,
367,triangle,702,1360,868,,357653.8508581664,6950483.415200791,191459.27001953125,87.1412128479048,79.38151795312962,37.1412128479048,29.381517953129617,12,1841,7.95270728767e-06,
368,triangle,869,1001,710,,359459.52105587086,6948705.11365831,107442.72216796875,91.19764916400264,92.02060448697601,41.19764916400264,42.020604486976005,12,1841,7.95270728767e-06,
369,triangle,610,1242,609,,362192.9509436805,6952217.218059388,25881.802734375,100.74392659208594,101.87093573234252,50.74392659208594,51.8709357323425,65,1681,6.4408518894350004e-06,
370,triangle,855,1199,549,,356344.0705626028,6957073.245911079,77281.09033203125,128.10990682568942,130.07888874080015,78.10990682568941,80.07888874080017,65,1681,8.710633533051428e-06,
371,triangle,1126,1553,847,,355837.52807163075,6946778.378390272,144243.99951171875,65.96323004612665,75.83676707008699,15.963230046126647,25.836767070087006,12,1841,7.95270728767e-06,
372,triangle,1178,1435,703,,354814.28739186004,6954663.280580826,176803.580078125,100.13888449326512,99.16093704796545,50.13888449326511,49.160937047965454,6,1721,1.189207115e-05,
373,triangle,74,1121,618,,363797.019177021,6953761.420663376,49390.16357421875,89.29534486212084,90.97010739329342,39.29534486212084,40.97010739329341,65,1681,6.32455532034e-06,
374,triangle,680,904,514,,358328.6666232383,6957778.541325978,133002.24853515625,171.2840482395599,171.57500574816183,121.2840482395599,121.57500574816181,65,1681,6.4408518894350004e-06,
375,triangle,752,1136,879,,358943.3238258355,6954211.487320647,180561.52734375,74.97369396389433,85.8526303992003,24.97369396389434,35.85263039920031,65,1681,6.32455532034e-06,
376,triangle,115,850,114,,362511.94444444444,6954949.722222223,5593.75,23.938550133344584,23.965102380511283,-26.061449866655416,-26.034897619488717,12,1841,7.95270728767e-06,
377,triangle,116,850,115,,362461.94444444444,6954949.722222223,5593.75,24.83684404340957,24.56510276198101,-25.163155956590423,-25.43489723801899,12,1841,7.95270728767e-06,
378,triangle,465,851,491,,359574.98791337153,6956146.71327995,5626.359375,91.86455465471298,92.04204115572492,41.86455465471297,42.04204115572492,65,1681,6.32455532034e-06,
379,triangle,491,851,490,,359574.98791337153,6956196.71327995,5626.35986328125,91.62352202713083,93.40870731376528,41.62352202713083,43.408707313765284,65,1681,6.32455532034e-06,
380,triangle,50,1383,912,,360465.1454927115,6952412.846214243,11365.5361328125,46.367923019547895,46.498466188283665,-3.632076980452111,-3.5015338117163353,12,1841,7.95270728767e-06,
381,triangle,1149,1209,442,,358430.49604683014,6950854.0144426385,48524.892578125,69.25250818256553,66.23179733703944,19.252508182565535,16.23179733703945,12,1841,7.95270728767e-06,
382,triangle,897,1009,788,,356280.3140255779,6949014.655170952,99764.50439453125,80.74552787847074,70.90072322689333,30.74552787847074,20.900723226893344,12,1841,7.95270728767e-06,
383,triangle,957,1415,387,,360238.5823996286,6949702.039970256,9443.505859375,60.28060804173438,59.9886637397185,10.280608041734386,9.988663739718495,12,1841,7.95270728767e-06,
384,triangle,495,1264,496,,359320.0041634135,6944871.97338307,53109.21923828125,122.48711074607203,128.19259708259867,72.48711074607203,78.19259708259868,52,1561,1.1350413880718573e-05,
385,triangle,147,1433,919,,356639.1387263664,6951622.8291422175,9256.4580078125,63.038467113505966,61.817241426010185,13.038467113505966,11.817241426010176,12,1841,7.95270728767e-06,
386,triangle,445,1141,446,,358656.1579321137,6951306.009627028,8420.81591796875,49.17991677216885,48.74314424972588,-0.8200832278311483,-1.2568557502741171,12,1841,7.95270728767e-06,
387,triangle,1082,1495,1269,,367495.51834582567,6946964.717711109,1801890.0961914062,80.10740847311067,70.19291342134626,30.107408473110674,20.192913421346265,65,1681,6.789741596720001e-06,
388,triangle,544,1256,543,,353496.32601372804,6950039.788403686,64948.75146484375,107.74723372573956,106.9855999023144,57.74723372573956,56.98559990231442,65,1681,6.32455532034e-06,
389,triangle,804,1106,835,,361229.19160432904,6955698.118777248,134771.63623046875,120.9136395597744,131.89594342199317,70.9136395597744,81.89594342199318,65,1681,6.32455532034e-06,
390,triangle,374,831,375,,360617.3735119048,6948823.251488094,6286.2724609375,66.58416016299219,66.1740795434677,16.584160162992195,16.174079543467705,12,1841,7.95270728767e-06,
391,triangle,140,1122,139,,356074.4413737321,6951410.250677803,4471.798828125,65.4586578838433,65.3393017098981,15.458657883843296,15.339301709898086,12,1841,7.95270728767e-06,
392,triangle,833,1088,125,,361131.7361761728,6954556.82938406,63582.0546875,85.99878624781729,89.6663834925747,35.998786247817286,39.66638349257469,65,1681,6.32455532034e-06,
393,triangle,542,863,543,,353067.67165369744,6950039.4777915375,67289.6865234375,105.78752313321426,103.07315974931838,55.787523133214265,53.07315974931837,6,1721,1.189207115e-05,
394,triangle,885,1145,506,,362967.6916647507,6955855.126729347,35900.84033203125,55.80758234246884,59.27748812847853,5.807582342468849,9.277488128478543,65,1681,6.32455532034e-06,
395,triangle,1145,1297,883,,362901.1439846616,6956375.996459849,153855.72998046875,118.43473917097148,107.54393877544861,68.4347391709715,57.5439387754486,65,1681,6.32455532034e-06,
396,triangle,896,1557,717,,359145.42047664785,6950258.276038003,45491.52880859375,86.10271625109863,85.1184732634677,36.10271625109861,35.118473263467706,12,1841,7.95270728767e-06,
397,triangle,902,903,521,,365717.32313720306,6956931.612476985,310924.69482421875,57.087584718718986,38.56988475779444,7.0875847187189835,-11.430115242205561,12,1841,7.95270728767e-06,
398,triangle,513,729,680,,358879.14381983137,6957453.2437293185,159317.8544921875,170.79315550147973,162.91824486735436,120.79315550147973,112.91824486735436,65,1681,6.32455532034e-06,
399,triangle,459,1249,460,,360004.27717280685,6956324.575951512,8966.3876953125,105.84648139358083,104.76537546496884,55.84648139358084,54.76537546496885,65,1681,6.32455532034e-06,
400,triangle,462,1250,463,,359856.0096153847,6956168.990384616,9789.6640625,95.93042128403211,96.55123548136594,45.93042128403212,46.55123548136594,65,1681,6.32455532034e-06,
401,triangle,1090,1484,454,,359250.4382970378,6955425.798000491,8332.5498046875,82.92585699023287,83.85031826240173,32.92585699023287,33.850318262401736,65,1681,6.32455532034e-06,
402,triangle,386,1415,955,,360354.6999645442,6949583.432923701,10471.5654296875,59.11891601583375,61.638604602280076,9.118916015833742,11.638604602280068,12,1841,7.95270728767e-06,
403,triangle,350,1424,349,,357199.2212914813,6948485.967984582,4046.3984375,59.65997434334016,59.7489949337431,9.659974343340163,9.748994933743106,12,1841,7.95270728767e-06,
404,triangle,482,1426,481,,359010.65104877297,6956517.92916118,3607.96875,115.76673399183339,114.9942469828016,65.76673399183339,64.9942469828016,65,1681,6.32455532034e-06,
405,triangle,483,1425,484,,359120.2300768229,6956583.260200436,3741.7724609375,109.56743922680975,109.68323609029358,59.567439226809746,59.68323609029357,65,1681,6.32455532034e-06,
406,triangle,744,1261,894,,359896.7668862967,6954506.141602763,149627.46875,105.70129457197112,104.66156362646278,55.70129457197111,54.66156362646277,65,1681,6.32455532034e-06,
407,triangle,803,1428,819,,358233.672653143,6951326.613928854,96292.021484375,60.9866754004102,66.59413104765734,10.986675400410196,16.594131047657353,12,1841,7.95270728767e-06,
408,triangle,691,1111,541,,359828.3672687258,6946138.811637352,84535.19921875,116.43080479893318,113.71545428823633,66.43080479893318,63.715454288236316,12,1841,8.374781987205358e-06,
409,triangle,416,1052,814,,361122.1136018688,6948851.520896806,7859.9365234375,79.22924459180831,77.18056831788124,29.229244591808317,27.18056831788125,12,1841,7.95270728767e-06,
410,triangle,539,1193,538,,361332.5060847528,6947759.13826942,102197.23779296875,97.92391273497505,99.08159486371578,47.92391273497505,49.081594863715786,12,1841,8.093398854181786e-06,
411,triangle,739,881,798,,358587.4766313957,6946937.481988004,84304.30908203125,113.42399800055126,109.8246128123155,63.423998000551265,59.8246128123155,12,1841,7.95270728767e-06,
412,triangle,72,1176,615,,363115.1723207003,6953222.34932487,15863.9140625,69.44113708068029,71.44990422107924,19.441137080680296,21.449904221079233,65,1681,6.3827036048875e-06,
413,triangle,738,1198,869,,359969.20480123156,6948636.822569259,82389.2138671875,89.70393561208684,89.82584172651575,39.70393561208684,39.82584172651575,12,1841,7.95270728767e-06,
414,triangle,495,1286,672,,359109.2939061211,6945371.868345925,69818.25341796875,135.9620365012089,130.90595818229698,85.9620365012089,80.90595818229697,18,2041,4.30886938006e-06,
415,triangle,1190,1354,548,,353961.50100688514,6953583.725825526,111438.2021484375,102.66176265578736,103.16351843896967,52.661762655787356,53.16351843896968,6,1721,1.189207115e-05,
416,triangle,999,1318,822,,355206.29393662914,6950473.936509213,129532.42236328125,128.5000743115578,125.69796977587767,78.50007431155777,75.69796977587767,65,1681,6.32455532034e-06,
417,triangle,721,1121,991,,364308.5380362641,6953603.599208144,104547.8232421875,107.71525896777553,106.94128745596122,57.71525896777551,56.9412874559612,65,1681,6.32455532034e-06,
418,triangle,876,1112,541,,359883.3960474325,6946616.849520345,149517.3681640625,120.97721084726463,116.42129922599308,70.97721084726464,66.42129922599307,12,1841,7.95270728767e-06,
419,triangle,877,1107,707,,358472.15708094806,6949526.964693293,161181.001953125,90.99157918965383,90.2616734478002,40.991579189653834,40.261673447800206,12,1841,7.95270728767e-06,
420,triangle,967,1448,1342,,359179.9604587685,6952098.7269979315,71187.42724609375,48.37318982823889,49.00431546652525,-1.6268101717611045,-0.9956845334747554,12,1841,7.95270728767e-06,
421,triangle,500,1524,673,,355245.5738111546,6949576.938849545,100842.6064453125,105.5571272510654,107.65364233723794,55.5571272510654,57.653642337237955,12,1841,7.72011414948e-06,
422,triangle,750,1112,771,,359596.6315141232,6946991.57748207,85106.083984375,104.27568137685053,107.85935590700329,54.27568137685053,57.859355907003284,12,1841,7.95270728767e-06,
423,triangle,657,810,656,,356783.9874217681,6954146.795952223,28242.681640625,82.95470476379384,83.27159697755837,32.95470476379383,33.27159697755837,65,1681,6.722235022458572e-06,
424,triangle,550,1156,549,,355746.19594269217,6957145.252975501,139096.24951171875,126.31097618454099,130.03052769773944,76.31097618454099,80.03052769773944,65,1681,6.32455532034e-06,
425,triangle,1114,1224,346,,357397.0238095238,6948320.45558608,16093.96435546875,62.65373716210958,64.59541558030924,12.653737162109579,14.595415580309236,12,1841,7.95270728767e-06,
426,triangle,721,991,844,,364588.0776665704,6953783.292163284,154516.85791015625,121.64705939239593,109.38604615537132,71.64705939239593,59.38604615537131,65,1681,6.32455532034e-06,
427,triangle,566,1246,565,,363656.2780674817,6950802.727831166,139052.8798828125,95.11100986912379,94.32368028548791,45.11100986912379,44.32368028548792,65,1681,6.4408518894350004e-06,
428,triangle,510,1297,511,,362543.86074832553,6956858.956532251,172962.52001953125,128.00494530314097,125.68560971193966,78.00494530314094,75.68560971193966,65,1681,6.32455532034e-06,
429,triangle,1147,1261,744,,359744.7596335993,6954846.7533064755,174677.45361328125,84.81401958408267,98.4957604295969,34.81401958408267,48.49576042959691,65,1681,6.32455532034e-06,
430,triangle,1020,1190,900,,353853.18758392305,6954102.443693391,229114.095703125,108.9886700970956,107.61631362483267,58.98867009709561,57.616313624832664,6,1721,1.189207115e-05,
431,triangle,750,1257,1112,,359650.65348536434,6947253.678835131,139899.701171875,104.42891133422374,107.05941898033585,54.428911334223756,57.05941898033584,12,1841,7.95270728767e-06,
432,triangle,822,1371,999,,355185.3569224624,6950735.716467336,147484.04248046875,113.47391252642811,112.11350568722882,63.473912526428094,62.1135056872288,65,1681,6.32455532034e-06,
433,triangle,800,1114,346,,357521.4020376488,6948302.934185197,39785.466796875,64.9457218435057,67.49542091985484,14.945721843505689,17.495420919854848,12,1841,7.95270728767e-06,
434,triangle,990,1127,822,,354389.75409222767,6950436.415542453,210450.18798828125,108.81639421180583,113.84843747200095,58.81639421180584,63.84843747200096,65,1681,6.32455532034e-06,
435,triangle,502,1391,503,,356266.98137100396,6950994.553717285,41718.8955078125,82.18453269977773,83.76128396518199,32.184532699777726,33.76128396518198,65,1681,6.4408518894350004e-06,
436,triangle,717,1557,707,,358991.72660034825,6950076.293516896,141470.3388671875,90.3975727977652,87.80943659215787,40.397572797765214,37.80943659215787,12,1841,7.95270728767e-06,
437,triangle,844,1336,721,,364899.9824481667,6953797.293335601,190844.8779296875,123.63192986787904,115.91036934191351,73.63192986787904,65.9103693419135,65,1681,6.32455532034e-06,
438,triangle,702,1547,1360,,357355.1225314334,6950398.024612232,163927.8720703125,81.5095790838882,76.0935703233901,31.509579083888205,26.093570323390086,12,1841,7.95270728767e-06,
439,triangle,894,1261,758,,360195.20703754696,6954507.839410115,134968.02001953125,129.22158670903863,121.69085880857631,79.22158670903863,71.6908588085763,65,1681,6.32455532034e-06,
440,triangle,506,1145,676,,363123.4871269157,6955931.98580195,58666.69970703125,52.02366572833575,65.25468049968804,2.023665728335754,15.25468049968803,65,1681,6.32455532034e-06,
441,triangle,1094,1528,1226,,367876.63232060865,6944123.48451428,1066841.64453125,63.11272843630495,63.45684348097533,13.112728436304941,13.456843480975328,12,1841,7.95270728767e-06,
442,triangle,1144,1352,722,,365914.93954961374,6954402.315717947,161517.77392578125,121.5322045150759,118.34046896384196,71.53220451507592,68.34046896384194,65,1681,6.32455532034e-06,
443,triangle,682,1139,519,,355569.6795912447,6958160.912711612,150322.27392578125,160.87650202493725,148.98053115085716,110.87650202493725,98.98053115085717,12,1841,7.8945590031225e-06,
444,triangle,558,1129,557,,365142.0833080066,6952698.665029928,23960.8515625,138.30735241113737,141.03387155252793,88.30735241113736,91.03387155252794,65,1681,6.3827036048875e-06,
445,triangle,1181,1548,775,,356210.0607396215,6948155.019631568,48833.55419921875,71.93092320035949,70.2909985619449,21.930923200359494,20.29099856194491,12,1841,7.95270728767e-06,
446,triangle,1026,1448,23,,359179.1557957851,6952566.921293027,25541.79296875,42.170559688301246,39.25070151413157,-7.829440311698757,-10.749298485868431,12,1841,7.95270728767e-06,
447,triangle,750,771,309,,359342.28110032756,6946954.142218371,44689.49072265625,94.31321041391739,95.97958234126507,44.31321041391739,45.979582341265065,12,1841,7.95270728767e-06,
448,triangle,837,1260,1104,,354660.7712289489,6956137.2315477235,145485.16796875,104.22804353861177,109.96370605497157,54.22804353861177,59.963706054971574,6,1721,1.189207115e-05,
449,triangle,515,1322,1207,,357134.76999148587,6959173.957540113,223981.873046875,105.5159923353638,133.19415731718843,55.51599233536378,83.19415731718841,12,1841,7.95270728767e-06,
450,triangle,524,1259,78,,364947.0570476135,6955519.579198141,624.7138671875,46.327997221221146,46.45712936994261,-3.672002778778855,-3.5428706300573816,65,1681,6.7315933121724995e-06,
451,triangle,856,1269,998,,365222.1393517358,6948474.048916992,1445934.9575195312,60.22506465878864,86.19802913193558,10.225064658788643,36.1980291319356,6,1721,1.189207115e-05,
452,triangle,731,1124,841,,352728.50910784636,6955875.839419174,628451.1791992188,123.27892228023511,105.09434855285421,73.27892228023511,55.09434855285421,6,1721,1.189207115e-05,
453,triangle,855,1080,1075,,356683.213517485,6957313.447945591,93673.02880859375,139.73404567897188,137.9454544307711,89.7340456789719,87.94545443077111,65,1681,6.32455532034e-06,
454,triangle,473,1244,1061,,358382.98457332345,6956909.900466553,25774.755859375,135.34947942738046,135.03266765033422,85.34947942738044,85.03266765033423,65,1681,6.32455532034e-06,
455,triangle,718,1448,967,,358981.58876135177,6952110.04630175,87317.65771484375,44.32972155703723,49.24957659407476,-5.6702784429627755,-0.7504234059252459,12,1841,7.95270728767e-06,
456,triangle,821,1204,823,,364135.08831669483,6958755.30730407,901104.0893554688,49.7032206998747,53.19001421396835,-0.29677930012530096,3.1900142139683516,12,1841,7.95270728767e-06,
457,triangle,1119,1137,553,,353568.0842594295,6956826.028717984,85992.578125,128.8356649897679,126.79752562863563,78.83566498976792,76.79752562863561,6,1721,1.189207115e-05,
458,triangle,603,1143,602,,360384.343673676,6942826.11912952,1159073.6064453125,111.6001942691088,121.22475043315514,61.600194269108805,71.22475043315514,6,1721,1.189207115e-05,
459,triangle,817,1364,508,,363874.0997945562,6956669.028275068,63834.5771484375,94.86902036117468,97.41733580962573,44.86902036117468,47.41733580962571,12,1841,7.95270728767e-06,
460,triangle,853,1495,1226,,366830.6370812194,6945286.999502587,1342008.748046875,73.18075399837203,73.5720827238707,23.180753998372015,23.572082723870693,12,1841,7.95270728767e-06,
461,triangle,1003,1088,833,,360949.9136820699,6954372.011733636,85427.419921875,84.62687774982635,85.62876785447251,34.626877749826335,35.6287678544725,65,1681,6.32455532034e-06,
462,triangle,505,1000,504,,355840.47132817627,6951186.853938076,30011.9716796875,81.07025348855319,81.65893891551077,31.0702534885532,31.658938915510777,12,1841,7.8945590031225e-06,
463,triangle,1069,1129,721,,365006.73253398604,6953202.059787438,179641.64697265625,163.24184761560525,154.9778130495566,113.24184761560525,104.97781304955662,65,1681,6.32455532034e-06,
464,triangle,668,1182,182,,357307.5357987852,6956689.187106886,56920.58642578125,141.13317202519832,137.31325383380363,91.13317202519832,87.31325383380364,65,1681,6.722235022458572e-06,
465,triangle,529,1254,531,,362027.685766083,6948943.410484012,26269.38671875,97.43727838631604,97.88321694663675,47.437278386316024,47.883216946636736,65,1681,6.32455532034e-06,
466,triangle,1012,1246,566,,363656.32943788706,6950428.163966988,178891.09765625,89.0356305238708,95.9582220214777,39.03563052387079,45.95822202147769,65,1681,6.32455532034e-06,
467,triangle,592,1333,1077,,369876.9486333697,6954008.988345675,1308371.7138671875,114.5808606686652,133.03581330880664,64.5808606686652,83.03581330880662,65,1681,6.3827036048875e-06,
468,triangle,891,1276,701,,357072.4529412168,6947182.955114521,176933.00732421875,93.48596576761416,87.32842095361605,43.48596576761415,37.328420953616046,12,1841,7.95270728767e-06,
469,triangle,548,1354,1123,,354267.2556504992,6953348.370075327,120781.32763671875,107.56895689954001,108.25926287468128,57.56895689954002,58.2592628746813,65,1681,7.318754575636428e-06,
470,triangle,75,1283,619,,364007.3804380175,6954044.642534624,14421.56640625,95.54956869133127,96.74594160772888,45.549568691331274,46.745941607728895,65,1681,6.4990001739825e-06,
471,triangle,714,1114,800,,357615.73661406967,6948069.000852048,82535.1015625,73.58480243206341,77.2009736181554,23.58480243206342,27.200973618155416,12,1841,7.95270728767e-06,
472,triangle,1010,1150,829,,362508.4940395061,6950823.464105286,164018.4697265625,98.5737672229004,104.63634321830153,48.57376722290039,54.63634321830153,65,1681,6.32455532034e-06,
473,triangle,1204,1363,823,,364740.02569372935,6958435.854203754,475691.96826171875,49.718779213463975,49.32834223993438,-0.28122078653602034,-0.6716577600656244,12,1841,7.95270728767e-06,
474,triangle,871,1312,1125,,357755.6583253685,6946207.61989485,273170.33447265625,122.75136991549809,107.96622335150842,72.75136991549809,57.966223351508425,12,1841,7.95270728767e-06,
475,triangle,847,1553,891,,356245.4239212477,6946838.112928405,170500.3720703125,79.48977623290756,79.50774723226924,29.489776232907566,29.507747232269235,12,1841,7.95270728767e-06,
476,triangle,481,1004,480,,358912.5,6956487.04449576,7082.494140625,121.362689899737,118.83913971649486,71.362689899737,68.83913971649487,65,1681,6.32455532034e-06,
477,triangle,133,1251,132,,357622.298779008,6952878.671669349,20711.7666015625,45.52609899075512,46.4904342897759,-4.473901009244877,-3.5095657102240936,65,1681,6.4990001739825e-06,
478,triangle,216,1159,215,,356113.81218643533,6954515.114483166,7995.75,77.83974720064923,78.65189516957598,27.839747200649228,28.651895169575976,6,1721,1.189207115e-05,
479,triangle,719,1231,872,,362036.7375928666,6955753.711983445,106951.96240234375,73.49468643193447,76.60713214223198,23.49468643193447,26.607132142231972,65,1681,6.32455532034e-06,
480,triangle,637,1298,636,,360127.2685259749,6953627.251583323,25768.990234375,63.21912798820155,63.68421781953932,13.219127988201556,13.68421781953932,65,1681,6.3827036048875e-06,
481,triangle,825,1084,1002,,358171.9416881854,6953843.646642064,111614.5517578125,98.25551468012539,95.79531432210344,48.25551468012539,45.79531432210343,65,1681,6.32455532034e-06,
482,triangle,912,1128,765,,360270.46262827347,6952492.454469546,40351.71044921875,50.537521002105024,48.025297272742506,0.5375210021050277,-1.9747027272574933,12,1841,7.95270728767e-06,
483,triangle,1134,1226,600,,365547.7480611638,6943670.798842485,2262194.5556640625,85.15600630847952,86.33235809226004,35.15600630847952,36.33235809226004,12,1841,7.6619658649325e-06,
484,triangle,1213,1463,520,,354756.67595781706,6957350.427392487,146521.92626953125,105.19027342136097,118.73176040519265,55.19027342136098,68.73176040519267,65,1681,6.32455532034e-06,
485,triangle,4,1194,162,,357638.57809948566,6952291.039520157,6633.0537109375,39.80299082778593,42.40919516137012,-10.197009172214065,-7.590804838629876,12,1841,7.95270728767e-06,
486,triangle,212,1195,211,,355979.9182392999,6954870.454280554,5071.6982421875,79.29112791027494,78.72455650254824,29.29112791027494,28.72455650254824,6,1721,1.189207115e-05,
487,triangle,458,816,457,,359952.7918599448,6956500.288436432,5310.91552734375,109.64309320535169,108.03840954647926,59.64309320535169,58.03840954647925,65,1681,6.32455532034e-06,
488,triangle,797,1357,815,,357287.23153005395,6951691.66962808,133997.4189453125,64.10247818401962,61.82085149191915,14.102478184019624,11.820851491919152,12,1841,7.95270728767e-06,
489,triangle,991,1173,844,,364509.69577748113,6954061.176610642,88695.93505859375,89.95742900120302,93.87705354208619,39.95742900120301,43.877053542086195,65,1681,6.32455532034e-06,
490,triangle,465,1445,466,,359606.6194832032,6956013.855767728,7623.41796875,87.9651208468134,90.82805503051047,37.96512084681341,40.828055030510455,65,1681,6.32455532034e-06,
491,triangle,5,1501,4,,357748.7279636709,6952357.964258651,7398.41650390625,39.49554192910058,42.528628805311,-10.50445807089942,-7.471371194688996,12,1841,7.95270728767e-06,
492,triangle,497,1143,1005,,358979.316898804,6944049.311126682,828722.0009765625,132.42356074935884,114.09070966338537,82.42356074935884,64.09070966338535,52,1561,9.183784803592857e-06,
493,triangle,1065,1326,1174,,356608.0518133331,6949713.347477031,188352.876953125,76.22814344556636,75.42410573510203,26.228143445566364,25.424105735102028,12,1841,7.95270728767e-06,
494,triangle,1021,1489,1184,,368202.3612365451,6959045.402466715,1392654.6943359375,5.996288500140022,6.461917695710153,-44.00371149985998,-143.05710092973746,1,1,7.087495272898929e-05,
495,triangle,1174,1326,788,,356395.82671374077,6949510.188663517,152417.99072265625,55.580093010478784,74.89299237619872,5.5800930104787785,24.89299237619871,12,1841,7.95270728767e-06,
496,triangle,1092,1182,740,,357554.5410312731,6957090.582337219,110000.49560546875,133.0727007039672,136.1425017842277,83.0727007039672,86.1425017842277,65,1681,6.32455532034e-06,
497,triangle,677,1275,678,,361140.9505854449,6956906.633920248,175940.16015625,137.84984322020742,131.76915647814315,87.8498432202074,81.76915647814313,65,1681,6.3827036048875e-06,
498,triangle,643,1258,642,,358730.9057752839,6953254.772489463,30149.7099609375,52.76980107877878,53.67550054851784,2.7698010787787783,3.675500548517841,65,1681,6.32455532034e-06,
499,triangle,94,796,795,,363813.379507806,6955933.4196727015,34257.7080078125,34.67142396624423,32.3211672932242,-15.328576033755775,-17.678832706775797,12,1841,7.95270728767e-06,
500,triangle,597,1474,1472,,370040.6209746837,6944694.566044894,1492198.0126953125,70.31088769026805,56.57844828578163,20.310887690268054,6.578448285781633,12,1841,9.641006085811428e-06,
501,triangle,422,1469,423,,358511.64725909167,6948794.041196741,3482.865234375,68.55067600019798,68.49156027542143,18.550676000197974,18.491560275421445,12,1841,7.95270728767e-06,
502,triangle,422,1306,1263,,358612.344108969,6948931.284571537,22471.7734375,71.00627358485931,72.96613707895408,21.006273584859322,22.966137078954066,12,1841,7.95270728767e-06,
503,triangle,815,1360,884,,357186.24474565894,6950971.86625973,154085.6044921875,57.40490006985196,66.28633652232197,7.404900069851962,16.286336522321985,12,1841,7.95270728767e-06,
504,triangle,61,1240,915,,361352.896705873,6951844.340019961,9048.8076171875,63.77158749827087,62.23148784087369,13.771587498270868,12.231487840873696,12,1841,7.95270728767e-06,
505,triangle,721,1336,1069,,365084.52351483057,6953529.470950693,179863.14990234375,145.59098557230152,140.56945837967672,95.59098557230153,90.5694583796767,65,1681,6.32455532034e-06,
506,triangle,720,1043,764,,360695.3662882412,6948456.503645266,47924.5244140625,85.37697110086252,84.02991507672438,35.37697110086253,34.02991507672437,12,1841,7.95270728767e-06,
507,triangle,1150,1542,805,,362740.21679664025,6950221.209488671,175357.50830078125,123.47766323090156,115.0695845553603,73.47766323090153,65.06958455536031,65,1681,6.32455532034e-06,
508,triangle,779,1160,890,,360378.02082559344,6956154.723730646,92005.82177734375,137.628805629207,133.09319027783798,87.628805629207,83.09319027783799,65,1681,6.32455532034e-06,
509,triangle,375,831,376,,360642.3735119048,6948873.251488094,3670.47998046875,65.55489508688687,65.57407979778085,15.55489508688687,15.574079797780856,12,1841,7.95270728767e-06,
510,triangle,373,831,374,,360567.3735119048,6948798.251488094,5428.29248046875,68.34883139291249,67.44074468425546,18.34883139291249,17.440744684255467,12,1841,7.95270728767e-06,
511,triangle,811,1489,1021,,367297.3107274862,6958814.320086862,1451411.5913085938,5.263085072704969,6.534040224017443,-44.736914927295025,-142.9849784014302,1,1,6.604796244006071e-05,
512,triangle,438,826,437,,360889.12579236244,6949132.48251005,10502.630859375,69.90076019455148,70.78063268907498,19.900760194551474,20.78063268907498,12,1841,7.95270728767e-06,
513,triangle,523,1171,683,,365560.9408196372,6955821.293846972,81246.16064453125,96.66286894941332,81.9376822299485,46.662868949413316,31.937682229948507,65,1681,6.3827036048875e-06,
514,triangle,351,1518,350,,357089.1958135869,6948482.670925956,3675.4794921875,59.24034700325145,59.361899743662946,9.240347003251449,9.361899743662947,12,1841,7.95270728767e-06,
515,triangle,196,1519,195,,356072.04241071426,6956039.285714286,3145.228515625,87.08818949973174,87.30170080369912,37.08818949973174,37.301700803699106,6,1721,1.189207115e-05,
516,triangle,509,1543,1212,,363477.4490219402,6957265.795897261,115355.45263671875,117.80755729361327,115.69945334720093,67.80755729361327,65.69945334720093,12,1841,7.95270728767e-06,
517,triangle,528,1227,686,,362050.413804143,6949932.1858595265,60515.0,94.52115366944247,94.05130736312601,44.52115366944246,44.051307363126035,65,1681,6.32455532034e-06,
518,triangle,765,1128,1098,,360121.2385942396,6952533.029713981,48089.5595703125,48.21858864486141,48.41302464697437,-1.7814113551385875,-1.58697535302563,12,1841,7.95270728767e-06,
519,triangle,498,1561,499,,354123.3065783482,6949187.099522357,104896.8583984375,116.51362225648978,109.74372543362016,66.51362225648978,59.74372543362015,65,1681,6.32455532034e-06,
520,triangle,184,1308,669,,356811.667488238,6956813.6503560245,6495.88818359375,113.76150111552786,115.21039624838876,63.761501115527864,65.21039624838876,65,1681,7.716434277755e-06,
521,triangle,564,1295,563,,363623.21448948205,6951577.962263106,10879.30419921875,92.51106147418861,91.05000026405666,42.51106147418863,41.05000026405665,65,1681,6.55714845853e-06,
522,triangle,835,1509,712,,360541.01630603307,6955350.012699959,177139.4169921875,156.510575306394,155.47257231659407,106.51057530639399,105.47257231659405,65,1681,6.32455532034e-06,
523,triangle,492,1466,871,,357747.8185981535,6945297.0285934815,430533.453125,96.3569792450085,98.16145329656236,46.356979245008475,48.161453296562364,12,1841,6.521199538251786e-06,
524,triangle,584,1499,824,,361395.1990543508,6960299.533659206,1096773.556640625,76.45879180430661,57.633202737942646,26.458791804306617,7.633202737942654,14,2121,8.4401507732725e-06,
525,triangle,857,1128,711,,359910.12795391254,6952268.298668618,107378.42138671875,42.492601682340464,47.325633656492776,-7.507398317659532,-2.6743663435072267,12,1841,7.95270728767e-06,
526,triangle,1016,1348,788,,355856.16343282507,6949322.207653276,150852.03564453125,70.58485946329647,70.19393487654509,20.584859463296457,20.19393487654509,12,1841,7.95270728767e-06,
527,triangle,884,1293,815,,356944.8912713332,6951071.63516817,92831.21435546875,47.88607108324744,60.64914672411398,-2.1139289167525654,10.649146724113983,12,1841,7.95270728767e-06,
528,triangle,1134,1203,853,,364886.3889340639,6945642.605429553,2017304.19921875,108.04390974009502,98.04816037966884,58.04390974009501,48.04816037966884,65,1681,7.716434277755e-06,
529,triangle,138,1000,137,,355909.18208686635,6951401.150785004,5495.5361328125,67.14730848140323,67.25630174032547,17.147308481403222,17.256301740325473,12,1841,7.95270728767e-06,
530,triangle,853,1226,1134,,365766.4724330224,6944786.276536807,1777388.0913085938,102.69771701539113,98.33601589105967,52.69771701539113,48.33601589105967,12,1841,7.371224442195001e-06,
531,triangle,839,1312,701,,357782.2247346434,6946968.841915578,142944.6513671875,101.09395273787952,102.83630225616189,51.093952737879505,52.83630225616188,12,1841,7.95270728767e-06,
532,triangle,114,850,113,,362561.94444444444,6954974.722222223,7062.5,23.402500622522886,23.798435713844615,-26.597499377477106,-26.201564286155385,12,1841,7.95270728767e-06,
533,triangle,117,850,116,,362411.94444444444,6954974.722222223,9750.0,26.453511049162362,26.0317693014911,-23.54648895083764,-23.9682306985089,12,1841,7.95270728767e-06,
534,triangle,466,851,465,,359549.98791337153,6956096.71327995,8069.103515625,94.95463287781953,91.80870883964418,44.954632877819535,41.80870883964419,65,1681,6.32455532034e-06,
535,triangle,490,851,489,,359549.98791337153,6956246.71327995,8808.6162109375,92.258756296364,94.67537499768456,42.258756296363984,44.67537499768455,65,1681,6.32455532034e-06,
536,triangle,1106,1142,835,,361241.9745586575,6955450.677209944,78902.15234375,111.06855691255248,121.37557236134937,61.06855691255249,71.37557236134937,65,1681,6.32455532034e-06,
537,triangle,10,1299,9,,358128.0396041355,6952496.711945166,9149.36181640625,41.54589996305689,42.61029271392386,-8.454100036943112,-7.389707286076135,12,1841,7.95270728767e-06,
538,triangle,564,1085,892,,363339.11759359034,6951504.096986777,111041.93701171875,96.57968804969445,102.71037659235532,46.57968804969446,52.71037659235532,65,1681,6.32455532034e-06,
539,triangle,94,1030,796,,363753.5243024931,6955824.440346538,17158.27783203125,24.344389991395136,27.38224263952706,-25.65561000860486,-22.617757360472936,12,1841,7.95270728767e-06,
540,triangle,346,1041,800,,357598.16703336145,6948415.144190903,19503.2939453125,65.64691578433495,65.2121366152095,15.64691578433495,15.212136615209516,12,1841,7.95270728767e-06,
541,triangle,974,1202,455,,359990.9743813404,6956767.164178148,17500.72216796875,121.28251196764822,121.38209095595175,71.28251196764822,71.38209095595175,65,1681,6.32455532034e-06,
542,triangle,8,1022,7,,357917.1875,6952472.395833333,3105.46875,37.16539421567535,37.58272580636874,-12.834605784324655,-12.417274193631258,12,1841,7.95270728767e-06,
543,triangle,17,1024,16,,358598.1191675445,6952694.131161184,3472.74462890625,37.286373468221605,37.744941167236824,-12.713626531778388,-12.255058832763176,12,1841,7.95270728767e-06,
544,triangle,21,1025,20,,358929.0161001115,6952683.066880672,4717.4755859375,34.271467360205996,34.280186702111244,-15.728532639794006,-15.719813297888756,12,1841,7.95270728767e-06,
545,triangle,46,911,45,,360417.04552927514,6952775.29729937,3707.3779296875,38.24233064948232,38.00160439980832,-11.757669350517677,-11.998395600191676,12,1841,7.95270728767e-06,
546,triangle,50,912,49,,360486.7240340339,6952484.424755566,4306.0458984375,43.18745422358728,42.362272625768135,-6.812545776412718,-7.637727374231862,12,1841,7.95270728767e-06,
547,triangle,55,913,54,,360887.5,6952087.5,4218.75,46.7666680018107,47.02500089009603,-3.2333319981892967,-2.974999109903971,12,1841,7.95270728767e-06,
548,triangle,94,1029,93,,363960.9463582719,6955831.895658858,3588.26171875,21.129424959558023,21.864445290127126,-28.870575040441977,-28.135554709872878,12,1841,7.95270728767e-06,
549,triangle,98,1030,97,,363661.4692041707,6955684.569208242,3889.0361328125,21.00517748979933,20.730982467045497,-28.994822510200674,-29.269017532954503,12,1841,7.95270728767e-06,
550,triangle,109,1031,108,,362812.5,6955287.5,4218.75,21.808333237965904,22.083333333333332,-28.191666762034096,-27.916666666666668,12,1841,7.95270728767e-06,
551,triangle,147,919,146,,356569.3470596997,6951642.6208088845,3642.6591796875,60.33502262314105,59.11515789134561,10.33502262314105,9.115157891345605,12,1841,7.95270728767e-06,
552,triangle,160,922,159,,357429.9708454811,6952391.727405247,3743.1669921875,44.579703198927135,44.370904571047696,-5.420296801072866,-5.629095428952302,12,1841,7.95270728767e-06,
553,triangle,166,923,165,,356157.0743497918,6953894.814104351,3395.91357421875,75.89989015983394,75.37800085910652,25.89989015983395,25.378000859106525,65,1681,6.32455532034e-06,
554,triangle,193,924,192,,356137.5,6956262.5,4218.75,90.78333346048991,91.09166463216145,40.783333460489914,41.09166463216146,6,1721,1.189207115e-05,
555,triangle,198,925,197,,356060.546875,6955887.5,4438.4765625,85.40156172381506,85.70807200670242,35.40156172381508,35.70807200670242,6,1721,1.189207115e-05,
556,triangle,201,926,200,,355995.13088474027,6955669.642857143,3360.27587890625,84.84047340170616,84.8455869024712,34.84047340170616,34.84558690247119,6,1721,1.189207115e-05,
557,triangle,209,927,208,,356065.1530377481,6955068.421544963,3920.283203125,79.76270171453018,79.77731766941001,29.76270171453018,29.777317669410014,6,1721,1.189207115e-05,
558,triangle,304,928,305,,359212.5,6946562.5,4218.75,91.49999936421712,91.49166615804036,41.49999936421711,41.49166615804037,12,1841,7.95270728767e-06,
559,triangle,307,1037,308,,359139.0846919892,6946783.530466276,4040.47216796875,90.05368319688743,89.28397910126343,40.05368319688745,39.283979101263434,12,1841,7.95270728767e-06,
560,triangle,309,929,308,,359212.5,6946812.5,4218.75,88.96666781107587,89.18333498636882,38.96666781107586,39.18333498636881,12,1841,7.95270728767e-06,
561,triangle,311,1039,312,,358995.4065236145,6947085.979551877,3329.26611328125,84.65922881837061,84.80888335131273,34.65922881837059,34.80888335131274,12,1841,7.95270728767e-06,
562,triangle,313,1038,312,,359062.38154710346,6947114.721846682,4205.42431640625,85.38699736605227,85.45067344875518,35.38699736605226,35.45067344875518,12,1841,7.95270728767e-06,
563,triangle,324,933,323,,358533.67523453984,6947864.246961982,3788.4638671875,75.32206121099752,75.59761766870034,25.322061210997514,25.597617668700337,12,1841,7.95270728767e-06,
564,triangle,323,934,324,,358460.26547496207,6947909.369122346,4470.1337890625,75.42620908964182,75.90291443087716,25.4262090896418,25.902914430877164,12,1841,7.95270728767e-06,
565,triangle,328,935,327,,358464.81618275814,6948169.797833125,4479.3203125,73.8951120569094,74.67860017295932,23.895112056909404,24.678600172959325,12,1841,7.95270728767e-06,
566,triangle,329,936,328,,358465.4271017771,6948286.959296419,4548.04931640625,73.13939503694542,73.10092368991532,23.13939503694542,23.100923689915316,12,1841,7.95270728767e-06,
567,triangle,336,939,335,,358254.4000868728,6948782.6477313265,3672.86962890625,66.47118316297143,66.48529796413267,16.47118316297142,16.485297964132673,12,1841,7.95270728767e-06,
568,triangle,337,941,338,,358062.5,6948637.5,4218.75,66.54166539510092,66.40000089009602,16.541665395100917,16.400000890096027,12,1841,7.95270728767e-06,
569,triangle,339,940,338,,358029.0120587011,6948718.217408452,4861.958984375,68.57146621374002,68.38701768546366,18.571466213740024,18.387017685463658,12,1841,7.95270728767e-06,
570,triangle,342,942,341,,357812.5,6948637.5,4218.75,66.04999987284342,66.38333384195964,16.049999872843426,16.383333841959637,12,1841,7.95270728767e-06,
571,triangle,342,1041,343,,357689.2649957126,6948564.133082628,4035.02783203125,63.913519606811825,63.97312668536773,13.913519606811823,13.973126685367731,12,1841,7.95270728767e-06,
572,triangle,348,1042,347,,357362.5,6948487.5,4218.75,60.82499980926514,61.166666984558105,10.824999809265135,11.166666984558105,12,1841,7.95270728767e-06,
573,triangle,350,943,351,,357084.19051071495,6948412.152402074,4257.85498046875,59.22740301391072,59.3573588768791,9.22740301391072,9.357358876879092,12,1841,7.95270728767e-06,
574,triangle,355,944,354,,356829.2280030946,6948413.052813613,4280.94140625,59.034162202655764,59.1024691056077,9.03416220265577,9.10246910560771,12,1841,7.95270728767e-06,
575,triangle,362,949,361,,356582.8534128493,6948058.277939365,3696.00927734375,60.01972973391879,59.95843804071216,10.019729733918792,9.958438040712158,12,1841,7.95270728767e-06,
576,triangle,362,948,363,,356512.5,6948087.5,4218.75,59.85833263397216,60.28333314259847,9.858332633972164,10.28333314259847,12,1841,7.95270728767e-06,
577,triangle,365,946,366,,356590.4383141391,6948353.422619048,3888.189453125,58.73619934219001,58.86301547454233,8.736199342190007,8.863015474542326,12,1841,7.95270728767e-06,
578,triangle,384,956,385,,360262.5,6949487.5,4218.75,58.26666609446207,57.78333314259847,8.266666094462064,7.78333314259847,12,1841,7.95270728767e-06,
579,triangle,388,957,387,,360167.843763265,6949681.301333893,3521.400390625,56.64108209918967,56.77738289217255,6.6410820991896715,6.777382892172544,12,1841,7.95270728767e-06,
580,triangle,388,956,389,,360137.5,6949612.5,4218.75,57.30833435058592,56.15000057220459,7.308334350585923,6.15000057220459,12,1841,7.95270728767e-06,
581,triangle,400,1049,399,,359578.23719693854,6950385.848159936,3176.6845703125,57.12051001533637,55.16677236815897,7.120510015336381,5.166772368158976,12,1841,7.95270728767e-06,
582,triangle,402,1050,403,,359512.5,6950612.5,4218.75,49.799999554951945,48.74166679382324,-0.20000044504805678,-1.2583332061767578,12,1841,7.95270728767e-06,
583,triangle,406,960,407,,359362.5,6950912.5,4218.75,49.4916671117147,48.10000038146973,-0.5083328882852989,-1.8999996185302734,12,1841,7.95270728767e-06,
584,triangle,408,1051,407,,359439.0333829918,6950940.90269544,4391.25537109375,51.160508812447894,48.86600377883221,1.160508812447893,-1.133996221167787,12,1841,7.95270728767e-06,
585,triangle,421,954,420,,360765.991576318,6949008.91116603,3815.00634765625,64.93519697652901,65.04721835346734,14.93519697652901,15.047218353467342,12,1841,7.95270728767e-06,
586,triangle,444,1058,443,,358691.5178571429,6951132.621173468,4670.7587890625,56.3103058414699,54.84459903214,6.310305841469897,4.844599032140006,12,1841,7.95270728767e-06,
587,triangle,444,1057,445,,358623.21428571426,6951166.071428572,3013.39306640625,50.69846935661046,51.09387716954806,0.6984693566104591,1.0938771695480582,12,1841,7.95270728767e-06,
588,triangle,458,975,459,,360038.5206587701,6956463.467512061,4333.57421875,104.6600360784832,105.15911157713958,54.66003607848319,55.15911157713958,65,1681,6.32455532034e-06,
589,triangle,471,979,472,,359360.4685737433,6955635.221977773,3990.21484375,79.61613098535706,79.64318673395918,29.61613098535705,29.64318673395918,65,1681,6.32455532034e-06,
590,triangle,477,981,478,,358662.5,6956662.5,4218.75,118.85833231608072,118.4333324432373,68.85833231608073,68.4333324432373,65,1681,6.32455532034e-06,
591,triangle,478,982,477,,358712.5,6956587.5,4218.75,117.52499834696451,117.56666628519694,67.52499834696452,67.56666628519694,65,1681,6.32455532034e-06,
592,triangle,481,983,482,,358967.5592462572,6956585.490746555,3992.708984375,113.61956120017392,114.33526608204106,63.61956120017391,64.33526608204104,65,1681,6.32455532034e-06,
593,triangle,484,984,483,,359159.5507865797,6956517.0752374865,3704.03564453125,109.8265566321744,109.10574416951413,59.826556632174395,59.10574416951413,65,1681,6.32455532034e-06,
594,triangle,442,1209,803,,358411.7444080354,6951035.334295063,35977.865234375,66.21115757135524,65.01391958339734,16.211157571355244,15.013919583397339,12,1841,7.95270728767e-06,
595,triangle,843,1507,812,,366879.28830753546,6955649.916125222,179103.6259765625,128.1994864249188,125.30173653880536,78.19948642491877,75.30173653880534,65,1681,6.32455532034e-06,
596,triangle,1108,1409,1126,,355405.29049002455,6947316.266196129,177281.50390625,76.11312854318932,70.03276010392479,26.113128543189312,20.03276010392479,12,1841,7.95270728767e-06,
597,triangle,736,1309,1077,,368727.1747554306,6955986.272450191,1346004.4013671875,136.14991231680102,101.61773738782911,86.14991231680104,51.617737387829116,65,1681,6.847889881267501e-06,
598,triangle,735,1203,1134,,363728.44536055083,6945594.935010537,2006704.53515625,103.36284280753944,91.98626014049925,53.362842807539444,41.98626014049927,6,1721,1.1693231298940716e-05,
599,triangle,1113,1123,909,,354274.5591208276,6952806.333622846,160659.15380859375,130.41618521369557,120.23591509171344,80.41618521369557,70.23591509171345,65,1681,6.32455532034e-06,
600,triangle,1010,1542,1150,,362788.6664379106,6950528.453039095,183756.76513671875,111.51561509254284,115.19532161434005,61.51561509254283,65.19532161434003,65,1681,6.32455532034e-06,
601,triangle,783,1211,1133,,353397.7319421814,6945256.758923081,1571957.3056640625,85.05953064166552,79.16259690401309,35.059530641665525,29.162596904013082,12,1841,7.95270728767e-06,
602,triangle,678,1078,512,,360549.14708901214,6957016.934086449,105787.5419921875,144.26543734674235,136.6063946629553,94.26543734674236,86.60639466295528,65,1681,6.4408518894350004e-06,
603,triangle,1203,1269,853,,365482.2059321079,6946707.910963229,1841821.337890625,79.49623022208196,91.37275974322559,29.49623022208196,41.37275974322559,6,1721,9.505992937288572e-06,
604,triangle,986,1147,744,,359482.89294839295,6954882.886591467,117095.42724609375,67.19403414678746,92.10320583740103,17.19403414678745,42.10320583740102,65,1681,6.32455532034e-06,
605,triangle,497,1264,1143,,359465.73946089554,6944327.216719318,214775.0146484375,125.64051371977652,125.80734657522358,75.64051371977652,75.80734657522359,52,1561,1.189207115e-05,
606,triangle,514,1341,1230,,358363.6751898216,6958375.547193387,137342.451171875,155.92779094602696,153.4381641782646,105.92779094602695,103.43816417826459,12,1841,7.95270728767e-06,
607,triangle,1197,1323,715,,368609.5041340609,6949540.179495749,1246426.6254882812,125.6950825637462,127.23103493644412,75.6950825637462,77.2310349364441,6,1721,1.189207115e-05,
608,triangle,554,1333,1268,,368842.6484739401,6953324.713192572,620215.1806640625,91.83196532614559,143.13814673858994,41.83196532614559,93.13814673858995,6,1721,9.307153086229285e-06,
609,triangle,650,1162,649,,356971.69313809153,6952585.353133273,72020.37744140625,84.31011541422757,76.66469173725412,34.31011541422758,26.664691737254113,65,1681,6.32455532034e-06,
610,triangle,549,997,550,,355953.4472420817,6956931.420473911,88206.515625,118.6234661985192,121.34561773496632,68.62346619851918,71.34561773496632,6,1721,1.1693231298940716e-05,
611,triangle,183,1247,668,,357045.5345758554,6956727.377304363,23917.0107421875,132.44995256277218,130.59551524496942,82.44995256277218,80.59551524496943,65,1681,6.921074873517858e-06,
612,triangle,77,1317,623,,364543.848615129,6954928.602291662,20729.1259765625,105.5825839449011,102.5589058901275,55.5825839449011,52.558905890127505,65,1681,6.4408518894350004e-06,
613,triangle,1143,1170,602,,360904.71853592916,6943413.74006338,1500571.8125,133.00033832593687,134.46156130702968,83.00033832593687,84.46156130702967,6,1721,1.189207115e-05,
614,triangle,741,1510,1187,,359426.2452551425,6949409.506356803,129041.01318359375,85.33373929333494,81.62529499258882,35.333739293334936,31.625294992588824,12,1841,7.95270728767e-06,
615,triangle,530,893,688,,361653.5509617627,6948470.821968841,69060.0712890625,95.89609361231152,97.43927794012508,45.8960936123115,47.43927794012507,12,1841,7.95270728767e-06,
616,triangle,515,1277,681,,357692.2023820579,6958708.760549906,191187.54248046875,134.29384589624976,143.14487001385274,84.29384589624978,93.14487001385272,12,1841,7.95270728767e-06,
617,triangle,398,848,397,,359622.66037856974,6950238.437119561,6873.46875,57.56637079488675,57.43301700941867,7.566370794886756,7.433017009418667,12,1841,7.95270728767e-06,
618,triangle,517,1079,516,,356852.9613114667,6958363.148256184,98942.7607421875,178.19689254443486,173.0950457256838,128.1968925444349,123.09504572568376,12,1841,7.836410718575001e-06,
619,triangle,1077,1508,736,,368228.1085468524,6955416.621760455,548246.376953125,149.08142502022037,136.63738263029913,99.08142502022035,86.63738263029914,65,1681,6.6152967430775e-06,
620,triangle,1441,1505,1046,,359901.63634671643,6949924.264902101,8095.80322265625,65.7460487921347,63.712726113429426,15.746048792134705,13.71272611342942,12,1841,7.95270728767e-06,
621,triangle,659,1271,658,,357142.61086204386,6954266.189422431,26121.83642578125,78.62106366176937,83.41257082568075,28.621063661769362,33.41257082568074,65,1681,6.921074873517858e-06,
622,triangle,580,1289,579,,353206.8268186133,6960886.871765465,1402896.8481445312,167.57507333072527,162.80282136501168,117.57507333072526,112.8028213650117,12,1841,7.95270728767e-06,
623,triangle,597,1472,596,,370498.05022635893,6945491.488105297,1393096.41796875,76.19229110697657,62.9057681841878,26.192291106976562,12.905768184187798,12,1841,8.515473553717143e-06,
624,triangle,909,1457,1368,,354284.145973105,6952251.792957631,174688.13720703125,108.91483968787746,108.27043969685162,58.91483968787748,58.27043969685164,65,1681,6.32455532034e-06,
625,triangle,751,1288,1066,,359954.22627313697,6951038.069748577,86941.619140625,73.60590886574207,71.9317161704795,23.605908865742062,21.93171617047952,12,1841,7.95270728767e-06,
626,triangle,511,1201,677,,361865.0576953751,6956841.798357776,187463.80908203125,139.84183643296336,129.30743931867417,89.84183643296336,79.30743931867418,65,1681,6.32455532034e-06,
627,triangle,1071,1164,832,,355385.8993800157,6953595.112860157,141678.099609375,109.01885558399393,106.29352516276568,59.018855583993926,56.2935251627657,65,1681,6.32455532034e-06,
628,triangle,720,1545,951,,360526.99894130236,6948279.105686083,28979.787109375,85.37557189453098,85.32099650748728,35.37557189453098,35.32099650748727,12,1841,7.95270728767e-06,
629,triangle,170,1361,1305,,356489.77696222434,6953796.150788977,10227.64013671875,70.79103907795799,75.85779854353693,20.79103907795799,25.857798543536934,65,1681,6.32455532034e-06,
630,triangle,906,1197,747,,368597.3113749812,6951316.572306216,1217798.224609375,151.82500163042397,142.6729374965938,101.82500163042396,92.6729374965938,65,1681,7.119914724577143e-06,
631,triangle,699,1329,556,,366058.6341773634,6953029.474363777,113092.62158203125,129.11006567611744,135.38460341472376,79.11006567611746,85.38460341472376,65,1681,6.3827036048875e-06,
632,triangle,354,945,355,,356792.7617258762,6948335.341369558,4461.595703125,59.28842618653826,59.18147544090622,9.288426186538263,9.18147544090622,12,1841,7.95270728767e-06,
633,triangle,386,955,385,,360333.96132818057,6949512.694287337,3820.6494140625,58.94253792517175,59.39398965846133,8.94253792517175,9.393989658461333,12,1841,7.95270728767e-06,
634,triangle,827,1289,580,,354017.34733340115,6960237.164730377,1429717.1987304688,155.52789828065914,165.5743056013907,105.52789828065916,115.57430560139073,12,1841,7.95270728767e-06,
635,triangle,501,1174,674,,355990.2031719561,6950112.85695316,89777.384765625,98.78688515966083,99.22457471218172,48.78688515966083,49.22457471218174,12,1841,7.95270728767e-06,
636,triangle,1218,1282,546,,352612.43781208387,6951406.108418106,259235.1328125,96.6484833148684,84.75681897722566,46.648483314868386,34.756818977225656,65,1681,6.523395171399286e-06,
637,triangle,854,1356,497,,358892.7706808841,6944946.4456559075,58131.48046875,126.07964810649027,122.62667719576253,76.07964810649027,72.62667719576251,18,2041,4.30886938006e-06,
638,triangle,436,1158,435,,361045.3340750846,6949271.399095611,8557.314453125,75.91417648823914,76.83522078067661,25.914176488239136,26.835220780676618,12,1841,7.95270728767e-06,
639,triangle,696,1351,552,,354095.3600688297,6956733.947958744,56875.853515625,103.35601352540996,100.35612676755723,53.35601352540997,50.35612676755724,6,1721,1.149439144788143e-05,
640,triangle,821,1499,585,,362930.2948912906,6960146.402451317,1596759.7319335938,57.5927531373193,72.52922483533138,7.5927531373193045,-3334.647183443112,14,2121,8.8924228610275e-06,
641,triangle,667,1177,181,,358108.98956046323,6956511.5953425495,37307.1005859375,146.23585779747833,143.7940525162858,96.23585779747832,93.79405251628582,65,1681,6.32455532034e-06,
642,triangle,735,1170,1067,,361607.4366295563,6945102.473687317,1125732.673828125,112.54535614554399,101.1565656564265,62.545356145544,51.156565656426494,52,1561,1.1892071150000002e-05,
643,triangle,1150,1227,528,,362197.98705167376,6950188.17453432,107131.515625,107.5400698662727,100.70647358075955,57.5400698662727,50.706473580759535,65,1681,6.32455532034e-06,
644,triangle,586,1544,1204,,365535.0309704501,6960218.124994792,1335982.236328125,6.170000076293945,10.629570119366239,-9314.908253816278,-6712.456809960211,10,2191,8.471798795012145e-06,
645,triangle,559,1063,560,,364645.9393850972,6951508.9097741945,259341.3779296875,81.88005285292705,93.93158004869395,31.88005285292705,43.931580048693945,65,1681,7.02233473491e-06,
646,triangle,694,863,546,,352940.8954181943,6950741.38415239,137266.35546875,98.30155648248342,104.80807686051871,48.30155648248343,54.808076860518696,6,1721,1.189207115e-05,
647,triangle,1017,1393,1018,,357418.6308674556,6953681.770514023,115763.908203125,99.57193344393346,93.32288770687667,49.57193344393347,43.322887706876685,65,1681,6.32455532034e-06,
648,triangle,192,1280,191,,356172.97685253137,6956401.192733402,8799.2861328125,94.53745859900246,94.5288059168938,44.53745859900247,44.52880591689381,6,1721,1.189207115e-05,
649,triangle,673,1284,499,,354733.5233895555,6949230.448708941,153218.4482421875,119.05359620015757,114.78695200865405,69.05359620015757,64.78695200865405,12,1841,7.95270728767e-06,
650,triangle,1123,1354,832,,354622.5813278476,6953431.708704047,179980.94873046875,109.25227101047096,111.15107307540556,59.25227101047096,61.15107307540558,65,1681,6.921074873517858e-06,
651,triangle,724,1070,908,,362556.38574140467,6951822.365397189,100832.703125,111.48378818695346,110.62073439858953,61.48378818695346,60.62073439858954,65,1681,6.32455532034e-06,
652,triangle,731,1454,1115,,353558.05538542854,6955282.735599893,251158.56591796875,97.76054314688164,100.11586945881074,47.76054314688165,50.11586945881074,6,1721,1.189207115e-05,
653,triangle,837,1454,1118,,354087.5872522476,6955876.6298874235,162811.1025390625,99.58938950650648,103.43496681378333,49.58938950650647,53.43496681378334,6,1721,1.189207115e-05,
654,triangle,1206,1496,990,,354558.2523400918,6949891.832334973,143652.9638671875,123.11330205063565,124.78426054303849,73.11330205063567,74.78426054303849,65,1681,6.32455532034e-06,
655,triangle,727,1388,1107,,357736.8346722017,6949349.510817225,173630.61962890625,88.77016617944771,86.89500494842774,38.77016617944771,36.89500494842773,12,1841,7.95270728767e-06,
656,triangle,1130,1262,697,,367965.8090286523,6953891.02901306,129037.55419921875,170.81813543433904,165.45349641670725,120.81813543433904,115.45349641670724,65,1681,6.32455532034e-06,
657,triangle,829,860,724,,362340.88760936004,6951386.3944949,114740.02734375,92.99779624400082,98.79178496855036,42.99779624400083,48.79178496855036,65,1681,6.32455532034e-06,
658,triangle,549,1080,855,,356396.15353026165,6957333.118030917,110578.57470703125,134.72221029754002,140.58927536642727,84.72221029754,90.58927536642727,65,1681,6.32455532034e-06,
659,triangle,539,1083,690,,361177.2226680527,6947125.387069409,167003.3193359375,91.15483880745967,96.15891262012163,41.154838807459676,46.15891262012163,52,1561,1.189207115e-05,
660,triangle,1178,1219,852,,355392.9932029378,6954745.6524341265,131406.6181640625,90.05493328704412,97.34178559135655,40.054933287044115,47.34178559135654,6,1721,1.189207115e-05,
661,triangle,666,1168,180,,358646.6741365019,6956340.5971460575,22717.892578125,131.18922223599006,130.9536898318404,81.18922223599006,80.95368983184039,65,1681,6.523395171399286e-06,
662,triangle,607,1211,606,,353191.1288809315,6943004.859195185,1659952.017578125,87.09761017741006,88.27033327051232,37.097610177410075,38.27033327051232,12,1841,7.822570219541072e-06,
663,triangle,65,1475,64,,361627.9845159881,6951859.794224501,4523.1494140625,76.21787255002678,76.5485808358879,26.21787255002679,26.5485808358879,12,1841,7.95270728767e-06,
664,triangle,699,870,557,,365574.1540908034,6952611.283500175,136904.083984375,106.38410198668251,112.3573776192871,56.3841019866825,62.35737761928713,12,1841,7.8945590031225e-06,
665,triangle,1144,1478,809,,366463.7866059116,6954604.891860868,168470.2275390625,106.03833837223257,122.71518031983312,56.03833837223258,72.71518031983312,65,1681,6.32455532034e-06,
666,triangle,1191,1325,498,,353621.4261601942,6948583.254837188,478517.4931640625,117.33789524614484,94.42541275929368,67.33789524614485,44.42541275929366,65,1681,6.7315933121724995e-06,
667,triangle,1187,1263,877,,358822.6858681895,6949171.0051379865,65130.4013671875,81.86580965719374,81.33588638798557,31.865809657193733,31.33588638798558,12,1841,7.95270728767e-06,
668,triangle,594,1323,1197,,369784.6345114016,6949711.923133544,1383262.3256835938,122.30131855430291,127.92093481110385,72.30131855430291,77.92093481110385,6,1721,1.189207115e-05,
669,triangle,566,1216,1012,,363963.21546200104,6950013.180151813,304114.19775390625,94.76701548180223,83.74000940789585,44.76701548180223,33.74000940789586,65,1681,6.3827036048875e-06,
670,triangle,595,1323,594,,370458.4478775707,6948986.6471312195,1505814.603515625,131.5297356369077,109.67898660526993,81.5297356369077,59.67898660526993,65,1681,8.312953830932858e-06,
671,triangle,882,1506,806,,364074.01560544525,6952755.097397323,140917.3798828125,120.78241833182993,128.1290678573712,70.78241833182994,78.12906785737123,65,1681,6.32455532034e-06,
672,triangle,706,1511,1016,,355456.1230174147,6948722.603597137,103917.22802734375,75.71206231332219,77.34647937090442,25.71206231332219,27.346479370904415,12,1841,7.95270728767e-06,
673,triangle,1076,1497,1157,,367403.49355410057,6954601.089405506,192967.36328125,169.71969824261646,160.2097235987017,119.71969824261646,110.2097235987017,65,1681,6.32455532034e-06,
674,triangle,1020,1354,1190,,354097.77403433225,6953828.447036306,170332.775390625,110.75133539222917,105.82462155460514,60.75133539222917,55.82462155460515,6,1721,1.189207115e-05,
675,triangle,514,1465,681,,357891.0015895478,6958036.066724726,131805.7490234375,178.8468055141324,175.46690307225094,128.84680551413237,125.46690307225096,65,1681,6.3827036048875e-06,
676,triangle,399,848,398,,359597.66037856974,6950288.437119561,5361.7919921875,57.37771704506035,56.29968443902479,7.377717045060358,6.299684439024787,12,1841,7.95270728767e-06,
677,triangle,985,1102,733,,359419.49696084886,6956700.14464945,27305.9072265625,126.2859150218774,124.87419844482675,76.28591502187739,74.87419844482675,65,1681,6.32455532034e-06,
678,triangle,707,1187,877,,358822.77885475685,6949424.968636323,146493.50341796875,86.15159170685423,87.07798108663458,36.151591706854234,37.07798108663459,12,1841,7.95270728767e-06,
679,triangle,822,1318,1206,,355010.2598905773,6950285.027015497,120917.7587890625,130.8963632219694,127.58352154943664,80.89636322196941,77.58352154943663,65,1681,6.32455532034e-06,
680,triangle,707,1557,741,,359167.81952177314,6949839.0410184935,107310.96630859375,82.9826604967979,85.7204278119524,32.982660496797905,35.72042781195241,12,1841,7.95270728767e-06,
681,triangle,510,1543,509,,363148.6105346699,6957183.304050337,113165.9765625,116.44322645736142,118.5451448186363,66.44322645736142,68.5451448186363,12,1841,7.95270728767e-06,
682,triangle,809,1352,1144,,366316.59194422094,6954366.30166582,150252.5283203125,127.93412785234722,122.70035004021695,77.93412785234723,72.70035004021693,65,1681,6.32455532034e-06,
683,triangle,604,1005,603,,358599.91777018266,6942865.182476047,1268539.7568359375,84.02750675759273,92.9052747610529,34.02750675759275,42.90527476105288,6,1721,1.1079585246077857e-05,
684,triangle,881,1554,930,,358399.79898829333,6947424.780023001,45494.57421875,89.61055099552303,93.41062352206195,39.61055099552303,43.41062352206196,12,1841,7.95270728767e-06,
685,triangle,547,1190,548,,353715.26427495416,6953479.865208385,93714.59326171875,102.7267315687352,100.03757815564745,52.72673156873519,50.037578155647445,6,1721,1.1693231298940716e-05,
686,triangle,316,1291,317,,358725.0336368281,6947321.495101217,8828.0166015625,82.55772971547638,83.33932428305415,32.557729715476384,33.33932428305414,12,1841,7.95270728767e-06,
687,triangle,551,1213,695,,354968.6677621149,6956884.5653579915,94462.49755859375,129.7824054330793,119.08235148484552,79.7824054330793,69.08235148484552,65,1681,6.523395171399286e-06,
688,triangle,1281,1368,994,,353891.9490603536,6951791.371536265,186876.97412109375,97.70633287389924,107.56261775349628,47.706332873899235,57.56261775349626,65,1681,6.32455532034e-06,
689,triangle,358,1491,1417,,356494.1551451061,6948569.503473662,13305.53466796875,56.66337699699613,60.308191407094135,6.663376996996124,10.308191407094133,12,1841,7.95270728767e-06,
690,triangle,1002,1084,752,,358416.9234099051,6953928.473179354,123049.32470703125,95.09197840158185,94.02964351073537,45.091978401581855,44.029643510735376,65,1681,6.32455532034e-06,
691,triangle,943,1167,761,,357038.78431772435,6948244.102108539,21542.1337890625,61.88814368983863,62.230361549219445,11.888143689838628,12.230361549219445,12,1841,7.95270728767e-06,
692,triangle,182,1408,667,,357665.54578353633,6956564.298726124,55547.0009765625,145.58156645003055,144.1749771322101,95.58156645003055,94.17497713221009,65,1681,7.119914724577143e-06,
693,triangle,377,831,378,,360617.3735119048,6948973.251488094,6679.6875,65.44882861224185,64.90741185954843,15.448828612241854,14.907411859548434,12,1841,7.95270728767e-06,
694,triangle,1107,1388,702,,357646.7416186645,6949686.309112952,191845.9697265625,91.79751605633867,86.65680625253447,41.79751605633867,36.656806252534466,12,1841,7.95270728767e-06,
695,triangle,1112,1257,820,,359908.92819381336,6947395.772747918,172087.791015625,107.78861554136978,107.99726442024108,57.78861554136978,57.997264420241066,12,1841,7.95270728767e-06,
696,triangle,838,987,815,,356913.85976583365,6951462.390435625,51238.79833984375,46.26169012194057,61.01823574655898,-3.7383098780594373,11.01823574655898,12,1841,7.95270728767e-06,
697,triangle,812,1507,1157,,366973.78859887744,6955260.33077718,179562.88916015625,159.1333509951426,154.32163454683806,109.1333509951426,104.32163454683807,65,1681,6.32455532034e-06,
698,triangle,519,1139,1138,,355822.5422576046,6958376.491391896,145457.908203125,165.60522622711582,154.26451175767906,115.60522622711579,104.26451175767905,12,1841,7.95270728767e-06,
699,triangle,1108,1191,905,,354646.804690606,6948017.952386164,375559.08251953125,71.89511298007653,70.84675634507651,21.895112980076526,20.846756345076503,12,1841,7.95270728767e-06,
700,triangle,512,1272,678,,360600.1113771097,6957322.416221497,188456.421875,137.0969760411326,126.75484696203235,87.09697604113258,76.75484696203235,12,1841,7.95270728767e-06,
701,triangle,601,1375,1134,,363579.531908318,6943559.640179952,1411149.474609375,125.60896991286445,121.79418775145858,75.60896991286447,71.79418775145858,6,1721,9.903672639407145e-06,
702,triangle,582,1207,581,,357043.2643908425,6960878.998077982,1424961.0678710938,117.29013465669878,103.81981384123384,67.2901346566988,53.81981384123383,14,2121,9.634412015655358e-06,
703,triangle,304,1429,494,,359262.0273741724,6946380.968452883,18471.67529296875,93.31165274894957,93.63959471002913,43.311652748949555,43.63959471002912,12,1841,7.95270728767e-06,
704,triangle,1219,1392,875,,355449.5474285478,6955391.734809029,74439.68212890625,88.1320629332482,90.45881824951609,38.1320629332482,40.45881824951609,6,1721,1.189207115e-05,
705,triangle,1089,1258,752,,358790.1302019609,6953716.7594127925,84698.5458984375,74.93878470021883,72.78302263709496,24.93878470021884,22.783022637094962,65,1681,6.32455532034e-06,
706,triangle,498,1325,840,,353458.3328769873,6949088.955027103,324946.33349609375,127.09907876440909,106.33598273244245,77.0990787644091,56.335982732442424,65,1681,6.32455532034e-06,
707,triangle,736,1183,1021,,367474.2525691124,6956996.214799315,1026390.046875,129.0051237686368,81.76221625058618,79.00512376863679,31.762216250586192,65,1681,6.32455532034e-06,
708,triangle,502,1235,501,,356266.0857476842,6950517.703877613,109655.17626953125,90.29455625019416,86.54349313647405,40.29455625019416,36.54349313647405,12,1841,7.8945590031225e-06,
709,triangle,1230,1320,680,,358860.36488321074,6958142.335131128,178375.20166015625,158.3193071869107,154.42052828125057,108.31930718691068,104.42052828125055,12,1841,7.95270728767e-06,
710,triangle,865,1460,1358,,360969.93957448174,6951485.630821639,84677.67138671875,70.83527975352993,75.8791861948974,20.83527975352993,25.87918619489741,12,1841,7.95270728767e-06,
711,triangle,763,1326,716,,356946.4822385443,6949020.273798078,121701.72412109375,71.5265958207852,75.34236041896501,21.52659582078519,25.342360418965004,12,1841,7.95270728767e-06,
712,triangle,583,867,582,,358842.8987839736,6960862.335564926,1471653.974609375,75.76049826156239,85.23053618608556,25.760498261562386,35.230536186085565,14,2121,9.926882403131073e-06,
713,triangle,702,1419,1107,,357917.94254261843,6949904.580671146,190365.3056640625,95.36118513563899,87.47964955969275,45.361185135639,37.47964955969275,12,1841,7.95270728767e-06,
714,triangle,746,1178,852,,355539.9164724867,6954523.872494619,97046.9873046875,97.76407344632581,96.30726058652333,47.76407344632581,46.307260586523334,6,1721,1.189207115e-05,
715,triangle,548,1113,547,,353789.8828222498,6953141.433923167,107271.09716796875,105.48535108797469,101.59547364154191,55.48535108797469,51.59547364154192,65,1681,6.32455532034e-06,
716,triangle,860,1512,69,,361938.8062937779,6951664.804920348,41697.443359375,98.845876397982,95.29366622261195,48.845876397982,45.293666222611954,65,1681,6.32455532034e-06,
717,triangle,712,1147,780,,359796.45736793213,6955447.823380067,101957.158203125,129.99084547513843,120.79829501769287,79.99084547513843,70.79829501769287,65,1681,6.32455532034e-06,
718,triangle,809,1478,1157,,366804.4000580542,6954668.968540963,167892.833984375,128.88993546154705,141.51067209564658,78.88993546154705,91.5106720956466,65,1681,6.32455532034e-06,
719,triangle,815,987,797,,357055.6133031992,6951626.182769402,63181.2958984375,50.09366396454019,59.829508704170685,0.09366396454019266,9.829508704170689,12,1841,7.95270728767e-06,
720,triangle,468,1180,467,,359396.5880522541,6955951.018212105,8935.89306640625,89.04600995428899,90.01702398580805,39.046009954289,40.01702398580806,65,1681,6.32455532034e-06,
721,triangle,878,1124,577,,351552.0763866769,6957321.373178919,1597542.390625,135.6831458306859,94.42747382459156,85.68314583068589,44.42747382459155,6,1721,1.4040568608928572e-05,
722,triangle,493,854,492,,358448.5976217407,6945386.924815024,144167.14453125,107.67403668625887,109.52903806336542,57.67403668625887,59.52903806336543,18,2041,4.439006448188929e-06,
723,triangle,892,1295,564,,363465.43424700206,6951656.479339376,46731.84912109375,94.33030575754503,93.65098403283535,44.33030575754505,43.650984032835346,65,1681,6.32455532034e-06,
724,triangle,1156,1213,520,,355077.6448731224,6957393.71348313,148467.17724609375,133.4156815156635,119.56341308393108,83.41568151566347,69.56341308393108,65,1681,6.32455532034e-06,
725,triangle,1157,1497,809,,367029.0439178545,6954473.139873627,163900.90869140625,141.20407269029732,150.51942743716117,91.20407269029734,100.51942743716116,65,1681,6.32455532034e-06,
726,triangle,709,907,725,,360576.03439225396,6950096.201421193,91550.2314453125,85.84802175754216,84.53461754947693,35.84802175754217,34.534617549476955,12,1841,7.95270728767e-06,
727,triangle,518,1138,1079,,356391.18778232037,6958399.447928536,109356.521484375,178.97039453787224,169.4287186314762,128.97039453787224,119.42871863147617,12,1841,7.95270728767e-06,
728,triangle,522,1450,521,,365859.6183475735,6956414.389323488,35590.50634765625,75.34700466750193,48.87839811765627,25.347004667501945,-1.1216018823437324,12,1841,7.836410718575001e-06,
729,triangle,698,1319,1130,,367457.5717588526,6953618.259181801,161807.06396484375,173.9649938144143,166.3970735159941,123.9649938144143,116.39707351599408,65,1681,6.32455532034e-06,
730,triangle,1104,1260,551,,354742.79358092137,6956426.707114059,127768.3505859375,113.50175741486281,118.47885299481813,63.50175741486281,68.47885299481813,6,1721,1.189207115e-05,
731,triangle,1269,1495,853,,366638.93329082686,6946440.192633275,1479838.7524414062,81.44659438354905,79.25477039549263,31.446594383549055,29.254770395492628,65,1681,6.930433163231786e-06,
732,triangle,894,1131,744,,359778.9202997312,6954179.70096996,128298.6201171875,77.28455543691065,81.87841171155564,27.284555436910654,31.878411711555646,65,1681,6.32455532034e-06,
733,triangle,745,1385,1148,,358987.6505466697,6950893.320741393,47546.1181640625,73.14629652509277,67.66933253437276,23.14629652509277,17.66933253437276,12,1841,7.95270728767e-06,
734,triangle,782,864,179,,359079.4318607536,6956059.824316916,39165.8466796875,118.6239878143838,115.34321272399762,68.6239878143838,65.34321272399764,65,1681,6.32455532034e-06,
735,triangle,1125,1253,493,,358430.66078195145,6945956.704786525,109796.060546875,116.06760403822248,116.29519560882078,66.06760403822247,66.29519560882078,12,1841,7.95270728767e-06,
736,triangle,738,1045,1044,,360293.54521348776,6949069.425910748,41107.5517578125,76.12522253888858,72.67418778920393,26.125222538888586,22.674187789203927,12,1841,7.95270728767e-06,
737,triangle,695,1156,550,,355463.8446845033,6956994.562749301,128644.4921875,126.05607595561656,123.98538782390865,76.05607595561656,73.98538782390865,65,1681,6.523395171399286e-06,
738,triangle,400,1237,401,,359508.17797532975,6950444.647520885,4704.9775390625,54.485459686249996,56.20123771147701,4.485459686249998,6.201237711477016,12,1841,7.95270728767e-06,
739,triangle,19,1238,18,,358758.8764344762,6952692.44889685,3661.9990234375,36.17424766973465,36.29037700909142,-13.82575233026535,-13.709622990908583,12,1841,7.95270728767e-06,
740,triangle,340,1239,341,,357852.79937211284,6948559.306312986,4578.0400390625,66.6202634089782,66.32431576540785,16.6202634089782,16.32431576540785,12,1841,7.95270728767e-06,
741,triangle,204,1302,203,,355912.2588934729,6955472.023809523,4245.875,84.51561044322737,84.53274744867753,34.51561044322737,34.53274744867752,6,1721,1.189207115e-05,
742,triangle,306,1304,305,,359284.1216424957,6946607.357741286,3838.6845703125,92.44250879421602,92.43126958706345,42.44250879421603,42.43126958706346,12,1841,7.95270728767e-06,
743,triangle,169,1305,168,,356366.0624665354,6953819.8652846655,3390.15576171875,74.0044396868468,73.77990888259912,24.004439686846798,23.779908882599127,65,1681,6.32455532034e-06,
744,triangle,424,1306,423,,358468.0172555233,6948867.696292737,4803.3330078125,69.17037302764928,69.82250286645598,19.170373027649283,19.822502866455967,12,1841,7.95270728767e-06,
745,triangle,1368,1457,994,,354235.43543656444,6951961.37627763,157511.8212890625,93.22253500491139,105.2251056077078,43.2225350049114,55.2251056077078,65,1681,6.32455532034e-06,
746,triangle,142,1541,141,,356226.83444111067,6951446.251576398,6253.072265625,62.25346659722936,64.3412073034222,12.253466597229359,14.341207303422204,12,1841,7.95270728767e-06,
747,triangle,600,1226,599,,366481.8389702547,6942997.705622736,1639905.7563476562,57.214680860499925,69.52804393676968,7.2146808604999215,19.528043936769674,12,1841,7.95270728767e-06,
748,triangle,1157,1478,812,,366770.4525896399,6955051.140590542,135522.0673828125,152.2446292240814,144.11103666975228,102.24462922408138,94.11103666975227,65,1681,6.32455532034e-06,
749,triangle,804,1201,872,,361630.4274253697,6956118.9954513265,152973.2939453125,136.35038746610581,133.1613925155191,86.35038746610584,83.16139251551915,65,1681,6.32455532034e-06,
750,triangle,981,1061,729,,358631.30991094426,6956893.049572823,30391.07275390625,139.4684351262921,138.39633544072163,89.4684351262921,88.39633544072164,65,1681,6.32455532034e-06,
751,triangle,585,1499,584,,362384.6782272807,6960917.239693905,1317797.630859375,6.8946235166196645,38.011273849297,-43.10537648338034,-3357.659150767135,17,2101,4.708640671723571e-06,
752,triangle,538,1193,530,,361509.9926204249,6948018.54422167,108463.30322265625,105.64356101955083,103.08971721739063,55.64356101955085,53.08971721739064,12,1841,7.95270728767e-06,
753,triangle,769,1099,925,,355873.046875,6955862.5,32651.3671875,90.7075526184506,90.533072133859,40.7075526184506,40.533072133859,6,1721,1.189207115e-05,
754,triangle,685,1420,1150,,362007.10500820604,6950711.341387488,97385.99072265625,103.64329951290355,106.31251389887065,53.64329951290357,56.31251389887064,65,1681,6.32455532034e-06,
755,triangle,512,1202,679,,359990.37413158064,6957128.929172491,82621.91064453125,129.59257570330317,129.80711713525355,79.59257570330317,79.80711713525356,65,1681,6.4408518894350004e-06,
756,triangle,1288,1345,1066,,360173.6827612634,6950936.427646539,119135.22216796875,80.93768048300836,74.56147749715497,30.93768048300837,24.56147749715497,12,1841,7.95270728767e-06,
757,triangle,716,1100,763,,357072.19999377336,6948813.157996739,41751.568359375,67.15798042174494,67.8090890970117,17.157980421744938,17.80908909701169,12,1841,7.95270728767e-06,
758,triangle,729,1369,781,,359024.3648242147,6956997.257474673,51403.29345703125,150.913565659122,149.07904731947434,100.913565659122,99.07904731947433,65,1681,6.32455532034e-06,
759,triangle,798,1007,739,,358726.9855599672,6946801.990916575,47796.0029296875,110.81347545426368,106.24834978964111,60.813475454263674,56.24834978964112,12,1841,7.95270728767e-06,
760,triangle,180,1168,982,,358721.3799120582,6956402.131590736,21934.1494140625,127.99611165937506,126.91485900947261,77.99611165937505,76.91485900947261,65,1681,6.32455532034e-06,
761,triangle,466,1445,467,,359556.6194832032,6955963.855767728,7623.41796875,88.20887239698084,90.26138683796489,38.20887239698082,40.261386837964885,65,1681,6.32455532034e-06,
762,triangle,1529,1536,817,,364366.42929393565,6956494.436949077,92779.05810546875,72.76929485975604,63.66353218603823,22.769294859756048,13.66353218603824,12,1841,7.95270728767e-06,
763,triangle,868,1419,702,,357886.8007310009,6950253.763334878,164817.47021484375,91.98288374833226,84.08685516966018,41.982883748332256,34.08685516966018,12,1841,7.95270728767e-06,
764,triangle,1115,1454,1410,,354023.59931782493,6955287.39780549,162683.544921875,105.27463156954222,108.93106487715295,55.27463156954223,58.93106487715294,6,1721,1.189207115e-05,
765,triangle,1410,1454,837,,354229.692915736,6955569.826498295,188781.20751953125,104.07956759362331,105.17373624056104,54.07956759362331,55.173736240561034,6,1721,1.189207115e-05,
766,triangle,612,1234,611,,362511.4204434336,6952658.667336154,38683.87744140625,106.38438906401512,108.7146785015887,56.38438906401512,58.71467850158871,65,1681,6.4408518894350004e-06,
767,triangle,1211,1552,1133,,352477.16183775075,6945079.406250707,1218888.98828125,78.80575646792634,86.24401623379809,28.805756467926344,36.24401623379808,12,1841,7.95270728767e-06,
768,triangle,474,1366,473,,358361.7641378906,6956693.773110665,7814.55908203125,127.6792399774178,128.30395241016484,77.67923997741782,78.30395241016485,65,1681,6.32455532034e-06,
769,triangle,1157,1508,1076,,367585.27265386033,6954907.037076831,205461.6044921875,166.1038353869452,167.27707546951342,116.1038353869452,117.27707546951342,65,1681,6.32455532034e-06,
770,triangle,807,1218,910,,352333.61902924156,6952539.519253247,790495.6987304688,88.136729717402,77.60423003221065,38.13672971740199,27.604230032210648,6,1721,1.189207115e-05,
771,triangle,1326,1388,716,,357113.95311066316,6949266.120692982,135842.287109375,78.59079910960656,82.66893578143464,28.59079910960656,32.66893578143464,12,1841,7.95270728767e-06,
772,triangle,1304,1429,304,,359324.1483057241,6946477.514609429,14249.29541015625,92.93380267242577,94.58894174143536,42.93380267242577,44.58894174143538,12,1841,7.95270728767e-06,
773,triangle,744,1131,879,,359515.76869683294,6954109.308313158,130952.86767578125,84.15018142066455,66.24034055423287,34.15018142066455,16.240340554232862,65,1681,6.32455532034e-06,
774,triangle,1183,1265,521,,366353.5200397971,6956613.25890436,156969.134765625,27.534204271261483,53.065279074725744,-22.465795728738517,3.0652790747257463,65,1681,6.32455532034e-06,
775,triangle,737,907,709,,360740.53614058596,6949907.399050749,86656.7509765625,84.57456861780362,87.53395210248324,34.57456861780362,37.53395210248325,12,1841,7.95270728767e-06,
776,triangle,719,1145,885,,362741.0064287372,6955882.3354358785,71066.31005859375,54.60166685902793,65.89733654125699,4.601666859027934,15.897336541256998,65,1681,6.32455532034e-06,
777,triangle,562,834,563,,363806.40835254587,6951524.91422622,32742.54541015625,88.51885414051067,85.07969144711542,38.51885414051069,35.079691447115415,12,1841,7.778262434027501e-06,
778,triangle,714,800,734,,357812.16518549825,6948079.577775125,81439.1220703125,77.41409990665852,78.99337267874343,27.41409990665852,28.993372678743423,12,1841,7.95270728767e-06,
779,triangle,376,831,377,,360642.3735119048,6948923.251488094,3670.4794921875,65.27487010254436,65.40741185954843,15.274870102544357,15.407411859548434,12,1841,7.95270728767e-06,
780,triangle,722,995,749,,365288.1728882421,6954694.555962187,167786.9365234375,107.02319003802901,103.1191704604491,57.023190038029014,53.11917046044911,65,1681,6.32455532034e-06,
781,triangle,670,1287,494,,358980.3593050537,6946222.8530364,44630.08544921875,101.06456453501518,100.85447214225651,51.06456453501518,50.85447214225652,12,1841,7.692433151412143e-06,
782,triangle,493,1253,670,,358709.0648676006,6945947.652877193,74575.3056640625,115.84850908290278,113.16134181748845,65.84850908290278,63.16134181748845,12,1841,7.822570219541072e-06,
783,triangle,503,1538,502,,356416.0028588535,6950951.320086069,67590.966796875,72.26173266653956,78.59280994735154,22.26173266653956,28.592809947351537,12,1841,7.836410718575001e-06,
784,triangle,771,1112,876,,359663.5673115116,6946783.019682076,83500.2490234375,113.40557589487781,111.0924024644645,63.40557589487781,61.0924024644645,12,1841,7.95270728767e-06,
785,triangle,177,1483,1136,,358859.3116930223,6954913.879469682,64780.43017578125,119.04378649130071,115.88820794696187,69.04378649130072,65.88820794696187,65,1681,6.32455532034e-06,
786,triangle,795,1364,1132,,363946.38737601746,6956248.879176022,52126.53369140625,52.23218321115872,58.07121049312889,2.23218321115871,8.071210493128893,12,1841,7.95270728767e-06,
787,triangle,1017,1018,825,,357684.6828123371,6953677.595639178,128508.42431640625,100.63127566381183,94.59887177799237,50.631275663811834,44.598871777992365,65,1681,6.32455532034e-06,
788,triangle,560,1233,559,,364563.5861480926,6951936.544101168,107796.29443359375,123.67449783453027,111.23180785129125,73.67449783453027,61.23180785129123,65,1681,6.32455532034e-06,
789,triangle,1184,1489,588,,368617.6267713884,6960206.857651118,1518021.546875,,4.834421368589091,-10049.0,-3479.2960710463885,23,2151,2.136660196625e-05,
790,triangle,588,1489,587,,368005.8807549583,6960905.10173216,1351811.509765625,,4.562532782484001,-10049.0,-6813.99817436462,23,2151,4.472135955e-06,
791,triangle,181,980,666,,358436.72148491396,6956448.804041921,25825.212890625,130.46151794202348,133.10474554563544,80.46151794202348,83.10474554563544,65,1681,6.921074873517858e-06,
792,triangle,1171,1523,749,,365724.74848637014,6955298.982197311,154674.7041015625,68.44197339327336,84.58073011016579,18.441973393273365,34.58073011016578,65,1681,6.32455532034e-06,
793,triangle,835,1160,804,,360942.63557743747,6955845.423840555,157959.923828125,154.69539595523236,154.486079084041,104.69539595523236,104.48607908404101,65,1681,6.32455532034e-06,
794,triangle,790,1137,878,,353159.5304044948,6957594.426903394,703954.0454101562,146.99028968225548,140.14844431550625,96.99028968225547,90.14844431550625,6,1721,1.0063080785346786e-05,
795,triangle,591,1309,590,,370425.7819169765,6956735.939026393,1598790.09375,63.289956501039,86.66837198677779,13.289956501039006,36.668371986777764,12,1841,7.95270728767e-06,
796,triangle,426,1188,686,,361843.006441487,6949788.580745682,11473.60302734375,85.45883581660219,87.32502264547635,35.45883581660219,37.325022645476366,12,1841,7.95270728767e-06,
797,triangle,1134,1375,735,,363263.0399793908,6944627.447455257,1553445.6762695312,111.17465145078037,105.90564223454835,61.174651450780374,55.905642234548345,6,1721,1.1693231298940716e-05,
798,triangle,602,1375,601,,362645.4409992271,6942886.546960204,1328408.8671875,138.02781835011646,133.98078132283254,88.02781835011646,83.98078132283253,6,1721,1.1693231298940716e-05,
799,triangle,63,1240,62,,361462.96729336603,6951864.645133759,3977.42236328125,65.13433192165164,66.12245398891451,15.134331921651626,16.12245398891452,12,1841,7.95270728767e-06,
800,triangle,1202,1372,455,,360087.58523088344,6956831.014778674,24200.060546875,116.55218796304221,121.42913187523264,66.55218796304221,71.42913187523264,65,1681,6.32455532034e-06,
801,triangle,567,1117,556,,366432.29383467697,6952769.799561936,78554.29736328125,111.66699011630843,114.88074883281553,61.66699011630843,64.88074883281553,12,1841,7.95270728767e-06,
802,triangle,738,1225,952,,360245.82959838933,6948768.63600288,32998.0751953125,80.95295801824949,80.40377107495706,30.95295801824949,30.403771074957064,12,1841,7.95270728767e-06,
803,triangle,499,1496,673,,354574.2401979852,6949431.848191381,97810.1455078125,135.24652242084278,123.14828346501815,85.24652242084278,73.14828346501814,65,1681,6.4408518894350004e-06,
804,triangle,786,1274,1068,,355134.36399946734,6951553.638995797,144567.8330078125,86.51590618655521,90.87907040236358,36.51590618655521,40.87907040236359,65,1681,6.32455532034e-06,
805,triangle,532,1316,531,,362287.59930478735,6948840.640376661,77159.2080078125,107.75554928472897,109.4717924301088,57.75554928472897,59.47179243010881,12,1841,7.778262434027501e-06,
806,triangle,691,1365,692,,359803.825989418,6945639.892144547,123819.66796875,101.38762061850679,111.279858245009,51.38762061850678,61.279858245008995,52,1561,1.161068801697643e-05,
807,triangle,705,1360,815,,357424.9466692144,6951183.100716397,142961.4130859375,68.7995541776304,72.05122022725892,18.799554177630394,22.051220227258934,12,1841,7.95270728767e-06,
808,triangle,565,834,566,,363846.48613089934,6951011.638612912,124946.3896484375,82.7359343455905,81.91220626197065,32.7359343455905,31.912206261970656,12,1841,7.95270728767e-06,
809,triangle,784,1534,1207,,356367.29107798456,6959815.139468387,609657.109375,143.41555008144934,135.99734296280187,93.41555008144934,85.99734296280185,12,1841,7.95270728767e-06,
810,triangle,656,858,175,,356568.0461913482,6954155.294511892,7448.2294921875,80.65026026370228,79.64045729582145,30.650260263702283,29.64045729582145,65,1681,6.722235022458572e-06,
811,triangle,54,913,766,,360878.28653133655,6952005.36986467,11195.48291015625,49.49475828621977,50.159280409573036,-0.5052417137802283,0.15928040957303877,12,1841,7.95270728767e-06,
812,triangle,795,1029,94,,363932.2707677555,6955925.444193264,15659.84033203125,29.561634039626522,27.367685744203097,-20.438365960373478,-22.632314255796903,12,1841,7.95270728767e-06,
813,triangle,192,924,768,,356048.2742701914,6956290.332448813,15534.81787109375,92.15563551376685,91.99406105253668,42.15563551376686,41.99406105253667,6,1721,1.189207115e-05,
814,triangle,770,928,304,,359126.3805933932,6946555.683685395,11464.15283203125,96.67467973334922,96.64760612719915,46.67467973334921,46.64760612719917,12,1841,7.95270728767e-06,
815,triangle,771,929,309,,359304.3229407344,6946821.575148557,12807.802734375,93.24649850755802,94.27304080808203,43.24649850755803,44.27304080808204,12,1841,7.95270728767e-06,
816,triangle,798,1039,311,,358905.3456653016,6947061.85686314,14464.740234375,88.327163776631,89.75957867885825,38.327163776631004,39.759578678858254,12,1841,7.95270728767e-06,
817,triangle,445,1057,803,,358535.71428571426,6951178.571428572,11852.6787109375,55.61111093810644,56.31887723312635,5.611110938106441,6.318877233126346,12,1841,7.95270728767e-06,
818,triangle,459,975,779,,360155.324784762,6956441.896630645,19624.82421875,111.98648047866129,112.42706959688967,61.98648047866129,62.42706959688966,65,1681,6.32455532034e-06,
819,triangle,967,989,718,,358827.2610099938,6951848.352519251,77927.17724609375,56.26482225900786,51.79323505456535,6.26482225900786,1.7932350545653526,12,1841,7.95270728767e-06,
820,triangle,1472,1474,1094,,369255.86887049215,6944844.390210129,1005539.05078125,64.78805211612674,54.8503043480733,14.78805211612674,4.850304348073297,12,1841,7.95270728767e-06,
821,triangle,1193,1220,720,,360902.64270081295,6947986.057568866,150931.017578125,101.55634448995846,101.20018124391616,51.55634448995846,51.200181243916155,12,1841,7.95270728767e-06,
822,triangle,315,1314,314,,358948.1026367659,6947326.592689395,8403.224609375,83.92390702602168,85.52189175316664,33.923907026021695,35.521891753166635,12,1841,7.95270728767e-06,
823,triangle,171,1361,170,,356548.7144956889,6953851.285504311,8148.26123046875,71.21258263008474,75.21122350289744,21.212582630084743,25.21122350289744,65,1681,6.32455532034e-06,
824,triangle,533,1179,534,,363224.3931032739,6949327.743770645,67846.37890625,98.23118137602063,100.52530227985801,48.23118137602062,50.52530227985802,65,1681,6.32455532034e-06,
825,triangle,676,1145,883,,363159.65471085435,6956201.551728052,126568.9609375,78.39223887122994,85.19959682112095,28.392238871229942,35.199596821120956,65,1681,6.32455532034e-06,
826,triangle,709,1447,830,,361265.04108706367,6950209.987039876,134941.81689453125,103.57814859730323,99.59136487957151,53.57814859730324,49.59136487957151,12,1841,7.95270728767e-06,
827,triangle,574,1307,573,,350905.6994852889,6950804.067102221,1332612.78515625,71.88758126187223,61.048322142422194,21.88758126187222,11.048322142422194,6,1721,1.1693231298940716e-05,
828,triangle,878,1479,790,,353325.88757934514,6958162.319299216,759504.3041992188,175.6955448835919,153.78812076156686,125.69554488359191,103.78812076156687,12,1841,8.234090420693573e-06,
829,triangle,787,848,439,,359806.2830285581,6950332.496956486,26198.33642578125,69.93037914758769,65.78928769816024,19.93037914758768,15.789287698160242,12,1841,7.95270728767e-06,
830,triangle,605,1367,861,,355934.34161845973,6943593.633835592,1431251.1499023438,99.91483692712943,96.38333261158255,49.91483692712943,46.38333261158255,18,2041,6.000651265736071e-06,
831,triangle,452,1533,1152,,359168.25799873244,6955707.340125345,6168.90234375,84.31797813206188,84.29125048208316,34.31797813206189,34.291250482083164,65,1681,6.32455532034e-06,
832,triangle,577,1124,576,,350929.54339910595,6956521.79263388,1400478.5249023438,102.1375260065948,52.269780447548726,52.1375260065948,2.269780447548719,1,1,6.560450762321429e-05,
833,triangle,179,1004,782,,358998.80502523266,6956212.182230438,40145.310546875,130.21815426832933,124.33576746367748,80.21815426832933,74.3357674636775,65,1681,6.32455532034e-06,
834,triangle,1005,1143,603,,359205.85235294956,6943278.801605567,1000227.984375,120.20677314334134,100.29366310684331,70.20677314334134,50.293663106843304,6,1721,1.1350413880718573e-05,
835,triangle,501,1252,502,,356054.30782737024,6950654.2304553455,74067.8916015625,101.73112598691353,98.0589570342233,51.73112598691352,48.05895703422332,65,1681,6.32455532034e-06,
836,triangle,865,1358,757,,361182.279685833,6951466.970163965,56749.69921875,76.53587303985671,76.4062373979762,26.535873039856718,26.4062373979762,12,1841,7.95270728767e-06,
837,triangle,1071,1355,1164,,355659.43801728706,6953602.975631806,63921.115234375,104.83084641689847,104.04346115711837,54.83084641689848,54.043461157118394,65,1681,6.32455532034e-06,
838,triangle,1130,1497,1076,,367587.6609380585,6954282.5703621125,175045.4736328125,167.11873029388866,160.64450684719682,117.11873029388865,110.64450684719681,65,1681,6.32455532034e-06,
839,triangle,1077,1309,591,,369780.22161545785,6955855.682823778,1812785.220703125,61.0994733062477,80.1491183850827,11.0994733062477,30.14911838508269,12,1841,7.95270728767e-06,
840,triangle,540,1310,541,,360440.01554832916,6946534.4881148115,140142.8427734375,107.63263628754626,109.41955934776526,57.63263628754626,59.419559347765265,52,1561,1.1751379583488215e-05,
841,triangle,521,1450,902,,365660.86282690655,6956552.3689384265,95501.32177734375,18.87258619098609,38.627764345174505,-31.127413809013902,-11.372235654825497,12,1841,7.95270728767e-06,
842,triangle,777,988,958,,359903.05393830786,6949548.08238466,19577.6826171875,68.63464249985546,67.10534244181947,18.63464249985547,17.10534244181948,12,1841,7.95270728767e-06,
843,triangle,311,1037,1007,,358986.4061205606,6946880.851894848,20680.19482421875,88.13225276498807,92.1299806744155,38.13225276498805,42.12998067441551,12,1841,7.95270728767e-06,
844,triangle,1417,1491,1009,,356349.1348403141,6948651.7671137685,45421.34912109375,59.15896293027367,64.74676412617448,9.158962930273667,14.746764126174478,12,1841,7.95270728767e-06,
845,triangle,1210,1362,679,,359841.8029213533,6957622.627232216,125102.02880859375,139.86270791725318,131.90012625819716,89.86270791725318,81.9001262581972,12,1841,7.95270728767e-06,
846,triangle,1148,1385,717,,358947.457307005,6950678.593093396,79104.31640625,77.80780555622074,73.70240096912062,27.807805556220735,23.702400969120617,12,1841,7.95270728767e-06,
847,triangle,395,1513,396,,359616.0714285714,6950035.714285714,8236.607421875,58.43503429134004,57.94489869617251,8.435034291340038,7.944898696172504,12,1841,7.95270728767e-06,
848,triangle,431,1514,430,,361435.71428571426,6949583.928571428,8236.60693359375,82.90442413534261,83.20544324602044,32.90442413534261,33.20544324602045,12,1841,7.95270728767e-06,
849,triangle,431,1515,432,,361414.28571428574,6949416.071428572,8236.607421875,79.42925140482214,81.20170030139583,29.429251404822136,31.201700301395828,12,1841,7.95270728767e-06,
850,triangle,797,987,920,,356975.84578474244,6951801.356748057,28726.93994140625,59.561824380927156,57.98205661996605,9.561824380927153,7.982056619966049,12,1841,7.95270728767e-06,
851,triangle,791,1357,797,,357363.5676750014,6951955.170193747,66116.6015625,44.15076935527858,55.840751497818054,-5.8492306447214215,5.840751497818055,12,1841,7.95270728767e-06,
852,triangle,761,1416,943,,356939.452281357,6948230.142259366,11663.5166015625,61.64917902743256,61.68094723303144,11.649179027432561,11.680947233031432,12,1841,7.95270728767e-06,
853,triangle,1067,1170,789,,360763.1955644034,6944844.367739373,735573.6953125,105.06693370619803,105.68739541340096,55.06693370619803,55.68739541340094,52,1561,1.189207115e-05,
854,triangle,507,796,676,,363549.2986451103,6956049.207190248,49366.6318359375,60.40849320764956,60.25569699467912,10.40849320764957,10.255696994679122,12,1841,7.778262434027501e-06,
855,triangle,990,1266,1127,,354068.52632789966,6950334.809240476,104692.974609375,111.85451550143755,112.47135657159193,61.854515501437554,62.47135657159194,65,1681,6.32455532034e-06,
856,triangle,825,1097,1084,,357977.3817122925,6954025.596027787,76777.0283203125,105.24398485008736,100.64276377033184,55.243984850087344,50.64276377033183,65,1681,6.32455532034e-06,
857,triangle,395,1505,394,,359784.6193741054,6949999.0036272975,6595.087890625,59.34539336417891,56.73323677972889,9.345393364178907,6.7332367797288954,12,1841,7.95270728767e-06,
858,triangle,812,1074,843,,366536.5196660834,6955762.397774428,195238.2216796875,91.7778203801472,106.99837497214321,41.777820380147205,56.99837497214321,65,1681,6.32455532034e-06,
859,triangle,79,1014,524,,364917.73253948224,6955596.496544325,2962.076171875,53.999137110342566,54.957438006191104,3.9991371103425677,4.957438006191112,12,1841,7.95270728767e-06,
860,triangle,781,1369,1102,,359185.1232146838,6956879.140458371,38540.09033203125,139.60046877481852,137.80025124267647,89.60046877481852,87.80025124267645,65,1681,6.32455532034e-06,
861,triangle,1080,1551,1075,,356843.1428172248,6957479.992271397,98554.8623046875,149.79301975809162,145.9771354097975,99.79301975809162,95.97713540979753,65,1681,6.32455532034e-06,
862,triangle,560,834,562,,364005.3705973501,6951595.174106793,107907.1044921875,80.05158992747218,86.44213161455055,30.051589927472182,36.44213161455055,12,1841,7.95270728767e-06,
863,triangle,788,1326,897,,356491.71395091555,6949197.885506779,98474.67822265625,86.01061182468383,76.38360415432096,36.01061182468382,26.383604154320963,12,1841,7.95270728767e-06,
864,triangle,530,996,689,,361994.5781853518,6948156.366238386,105972.896484375,116.1901996127063,114.09737340468627,66.19019961270631,64.09737340468628,12,1841,7.95270728767e-06,
865,triangle,697,1262,554,,368279.2111117059,6953879.981371424,140025.1865234375,159.13826791943478,156.20663666143767,109.13826791943477,106.20663666143768,65,1681,6.523395171399286e-06,
866,triangle,879,1089,752,,358975.8059901654,6953892.421334711,98704.75048828125,78.55966870404053,75.78880447427012,28.559668704040533,25.78880447427011,65,1681,6.32455532034e-06,
867,triangle,1234,1394,1011,,362831.483211417,6952700.999407609,39651.47607421875,102.13508805148832,99.68552491761984,52.13508805148833,49.68552491761984,65,1681,6.32455532034e-06,
868,triangle,966,1342,711,,359479.57898952253,6951909.021177736,88145.787109375,56.199861522286184,53.44297834960407,6.199861522286194,3.442978349604068,12,1841,7.95270728767e-06,
869,triangle,758,1088,1003,,360729.3551667046,6954423.284191202,114567.17578125,113.21196896724948,109.4881412534814,63.21196896724949,59.488141253481416,65,1681,6.32455532034e-06,
870,triangle,555,1319,698,,367273.76864689233,6953322.595877167,142370.87890625,153.37546220635488,157.5197358644858,103.37546220635488,107.51973586448581,65,1681,6.32455532034e-06,
871,triangle,1068,1371,822,,354957.5859813934,6950990.815092008,153117.11767578125,89.74772436532275,98.64312490287813,39.74772436532275,48.64312490287813,65,1681,6.32455532034e-06,
872,triangle,1133,1552,571,,351591.7147750011,6945752.047055521,1383000.7021484375,92.2746531445037,78.8369859801809,42.2746531445037,28.8369859801809,16,1441,8.16227766017e-06,
873,triangle,606,1367,605,,355100.5634810015,6942955.063322994,1520410.4033203125,97.01872034477523,89.08679021089405,47.01872034477523,39.086790210894065,18,2041,5.610240061349286e-06,
874,triangle,1061,1244,729,,358528.1326737343,6957015.081284453,59650.2158203125,151.34506179128508,146.64371349009403,101.34506179128506,96.64371349009404,65,1681,6.32455532034e-06,
875,triangle,844,995,722,,365098.2943792064,6954385.870975476,162201.1796875,111.9912052577977,102.39811836975791,61.991205257797695,52.39811836975789,65,1681,6.32455532034e-06,
876,triangle,359,1560,1464,,356459.5349449098,6947753.219119504,18764.6845703125,63.440249987298074,63.70575467423652,13.440249987298083,13.705754674236523,12,1841,7.95270728767e-06,
877,triangle,1006,1539,1257,,359316.883614863,6947630.7301720595,82524.26708984375,102.36247289667922,98.61934608729747,52.36247289667923,48.61934608729748,12,1841,7.95270728767e-06,
878,triangle,725,1345,709,,360537.3481439914,6950382.705958801,145971.37255859375,83.97672570407602,83.38282747864162,33.97672570407602,33.38282747864162,12,1841,7.95270728767e-06,
879,triangle,1085,1246,1010,,363153.56748286047,6950923.23713732,137559.8427734375,121.45759205229524,117.2780013377314,71.45759205229524,67.27800133773138,65,1681,6.32455532034e-06,
880,triangle,689,996,537,,362247.16552717396,6948077.913998026,89114.17578125,114.48121837596494,113.58927081425254,64.48121837596493,63.58927081425253,12,1841,8.093398854181786e-06,
881,triangle,760,819,732,,358211.5688742161,6952003.729046543,106803.7412109375,66.63675085736287,63.733936364790566,16.636750857362863,13.73393636479056,12,1841,7.95270728767e-06,
882,triangle,805,1227,1150,,362458.90591864707,6950119.023757086,134855.7490234375,113.14372669734695,107.27699941039606,63.14372669734695,57.27699941039606,65,1681,6.32455532034e-06,
883,triangle,847,1353,1126,,355611.8013203133,6946518.380387944,261482.56298828125,59.60336224830904,72.11456776196457,9.603362248309047,22.114567761964576,12,1841,7.95270728767e-06,
884,triangle,1155,1251,133,,357475.25023608375,6952950.2315274505,38212.5302734375,51.11916670113318,51.91013940894524,1.1191667011331812,1.9101394089452421,65,1681,6.32455532034e-06,
885,triangle,1069,1336,992,,365492.1961041279,6953643.0099101355,149811.05810546875,146.81661688600835,141.96389585809297,96.81661688600833,91.96389585809294,65,1681,6.32455532034e-06,
886,triangle,518,1079,517,,356632.32513389434,6958258.273753067,81891.28125,177.9889592352179,171.79010432450892,127.98895923521789,121.7901043245089,12,1841,7.95270728767e-06,
887,triangle,311,1007,798,,358882.26057025854,6946948.198739834,31689.06396484375,90.40379071021513,95.06336458461686,40.40379071021513,45.06336458461686,12,1841,7.95270728767e-06,
888,triangle,76,1339,1173,,364324.6326187433,6954388.8049283745,24050.58740234375,96.61324626361902,90.23020005830928,46.61324626361902,40.23020005830927,65,1681,6.32455532034e-06,
889,triangle,655,842,654,,356216.7867667929,6954131.81947044,14482.03076171875,82.50406961304348,81.74972459608294,32.50406961304349,31.749724596082952,6,1721,1.0897871894703572e-05,
890,triangle,1194,1501,732,,357811.4082456963,6952183.353977221,29429.107421875,52.60077823980566,53.64424638305517,2.6007782398056727,3.6442463830551795,12,1841,7.95270728767e-06,
891,triangle,965,966,845,,359396.854879636,6951489.680472523,34530.873046875,49.98384925874877,52.257018549427784,-0.016150741251236056,2.2570185494277872,12,1841,7.95270728767e-06,
892,triangle,752,1258,1002,,358585.5321094813,6953692.758632195,87643.8955078125,77.18435092938344,79.09822501353325,27.18435092938345,29.098225013533256,65,1681,6.32455532034e-06,
893,triangle,23,1448,1025,,359071.49430755945,6952543.016356714,19965.75732421875,35.52598041712419,37.12380482833975,-14.474019582875812,-12.876195171660251,12,1841,7.95270728767e-06,
894,triangle,791,921,157,,357255.6036945703,6952189.832766588,11872.822265625,57.42587301327706,52.45886344863084,7.425873013277066,2.45886344863084,12,1841,7.95270728767e-06,
895,triangle,1063,1216,566,,364366.5425536802,6950312.956803155,556918.5239257812,69.78978046584392,81.1658969249048,19.789780465843915,31.1658969249048,12,1841,7.95270728767e-06,
896,triangle,1165,1299,760,,358191.70915921946,6952340.788724673,20226.072265625,53.523666409731796,55.77180685855601,3.5236664097317947,5.7718068585560145,12,1841,7.95270728767e-06,
897,triangle,724,908,892,,362843.56328193686,6951799.955141733,173587.43359375,111.94073768899253,107.57771146200645,61.94073768899253,57.57771146200645,65,1681,6.32455532034e-06,
898,triangle,741,1187,707,,359112.978153425,6949571.473276111,161158.0400390625,79.80743101292057,85.84340642895211,29.80743101292058,35.84340642895211,12,1841,7.95270728767e-06,
899,triangle,862,890,712,,360047.73872927175,6955794.355866824,78530.13623046875,133.91183731560542,130.97588725619255,83.91183731560544,80.97588725619255,65,1681,6.32455532034e-06,
900,triangle,1044,1225,738,,360311.101409863,6948919.243704739,46775.353515625,76.01027455654697,76.96702878225278,26.01027455654697,26.967028782252783,12,1841,7.95270728767e-06,
901,triangle,708,1539,743,,359138.35092873144,6948051.989921006,95042.69482421875,93.23402850114813,95.06890391002194,43.23402850114814,45.06890391002194,12,1841,7.95270728767e-06,
902,triangle,570,1462,0,,350870.57296295307,6943497.229288057,1232633.9208984375,71.62860986369574,56.9545868550386,21.62860986369575,6.954586855038599,12,1841,1.710946338943143e-05,
903,triangle,910,1430,807,,352585.68683240283,6953170.377606926,636051.9775390625,101.56276164738468,97.70297333176114,51.56276164738469,47.702973331761136,6,1721,1.1295551596822145e-05,
904,triangle,1431,1555,731,,352399.2601893129,6954795.615428671,524669.6166992188,98.46040712136866,62.98177326779057,48.46040712136867,12.981773267790572,6,1721,1.189207115e-05,
905,triangle,1464,1487,359,,356383.9478981089,6947809.009978651,12259.248046875,63.36678666581099,63.01383677945415,13.366786665810988,13.01383677945415,12,1841,7.95270728767e-06,
906,triangle,0,1462,607,,351493.30023568036,6942864.729288057,1267269.8002929688,67.04330315198774,59.312345255695526,17.043303151987743,9.312345255695531,12,1841,7.95270728767e-06,
907,triangle,947,949,761,,356720.06557691813,6948030.882145364,25710.9306640625,63.24649129448921,62.449811184928905,13.246491294489205,12.4498111849289,12,1841,7.95270728767e-06,
908,triangle,136,1453,1196,,355786.08373781294,6951472.433540616,5679.57177734375,65.89954166192206,66.52326791994689,15.899541661922058,16.523267919946896,65,1681,6.3827036048875e-06,
909,triangle,970,1514,830,,361483.1684877307,6949791.118021697,24787.33447265625,93.7849481481567,93.51997774679985,43.78494814815671,43.51997774679986,12,1841,7.95270728767e-06,
910,triangle,121,1340,120,,362172.0576644275,6955272.057664428,7775.47412109375,42.056846735237194,42.630406087178976,-7.943153264762808,-7.369593912821029,12,1841,7.95270728767e-06,
911,triangle,1050,1385,406,,359330.5076895268,6950757.351353638,24756.1982421875,56.51472788477414,54.83405058537145,6.514727884774139,4.83405058537145,12,1841,7.95270728767e-06,
912,triangle,797,921,791,,357221.5072243496,6952068.674264922,23881.125,55.664408499351126,54.03712593321817,5.6644084993511274,4.03712593321818,12,1841,7.95270728767e-06,
913,triangle,651,1217,134,,356402.1912767743,6952166.587469266,67672.15283203125,90.1458220977286,83.0694466534729,40.14582209772859,33.06944665347289,65,1681,6.4408518894350004e-06,
914,triangle,754,873,569,,362872.4498602946,6947703.802679427,165954.9169921875,95.86395282604641,96.72254803040768,45.8639528260464,46.72254803040769,6,1721,1.189207115e-05,
915,triangle,768,1267,997,,355837.09837973583,6956501.480860148,70777.09326171875,99.38185013642553,101.98878458058876,49.38185013642552,51.98878458058875,6,1721,1.189207115e-05,
916,triangle,1076,1262,1130,,367883.68605578184,6954237.922275111,149798.18994140625,172.37260923603841,167.17583682188197,122.3726092360384,117.17583682188196,65,1681,6.32455532034e-06,
917,triangle,1156,1494,549,,355754.0780999926,6957405.720661183,118313.6552734375,129.55717214959643,140.55262598714742,79.55717214959641,90.55262598714744,65,1681,6.32455532034e-06,
918,triangle,832,1178,1071,,355247.0505565624,6953943.941697411,185419.84765625,89.94119849579107,98.2941452150039,39.94119849579107,48.2941452150039,6,1721,1.0897871894703572e-05,
919,triangle,620,1285,75,,364089.9731580892,6954187.933892918,17848.4736328125,93.70357944875741,92.76118968507724,43.7035794487574,42.761189685077255,65,1681,6.4408518894350004e-06,
920,triangle,738,869,710,,359783.63401168847,6948779.417143314,105261.61083984375,94.80900321018456,91.23016435945641,44.809003210184564,41.2301643594564,12,1841,7.95270728767e-06,
921,triangle,556,1117,699,,366152.35371969285,6952809.837356162,109335.12060546875,112.03000683541084,114.77941830964336,62.03000683541084,64.77941830964336,12,1841,7.8945590031225e-06,
922,triangle,531,1254,532,,362184.28383228625,6948994.53653247,53565.3583984375,99.94472250734165,99.7536040955706,49.94472250734165,49.75360409557059,65,1681,6.3827036048875e-06,
923,triangle,614,1378,71,,362873.5734005373,6953092.238853824,14063.14404296875,77.64851047240587,79.4078302901571,27.64851047240587,29.40783029015709,65,1681,6.4990001739825e-06,
924,triangle,1284,1524,1016,,355296.0835251492,6949146.526639823,117645.21826171875,84.01344367548148,86.24282850556989,34.01344367548149,36.24282850556989,12,1841,7.95270728767e-06,
925,triangle,723,903,902,,365348.2185249108,6957195.113816374,304531.35791015625,78.37923918376613,61.84001342680127,28.37923918376614,11.840013426801258,12,1841,7.95270728767e-06,
926,triangle,766,1460,1154,,360737.17681019683,6951823.430135429,46732.24658203125,58.210540257586054,63.18264663553898,8.21054025758605,13.18264663553897,12,1841,7.95270728767e-06,
927,triangle,1104,1392,1163,,355121.57555915596,6955787.0633211145,144291.171875,91.96932525663638,100.46281261449734,41.96932525663638,50.46281261449733,6,1721,1.189207115e-05,
928,triangle,846,1548,1181,,356046.41028469865,6948014.092091198,69754.7041015625,75.49675104933962,73.25133099244069,25.496751049339615,23.25133099244069,12,1841,7.95270728767e-06,
929,triangle,681,1465,1013,,357631.2626647645,6957993.602449849,131772.57861328125,175.46745615616356,171.1746412530189,125.46745615616356,121.17464125301892,65,1681,6.32455532034e-06,
930,triangle,997,1199,1035,,356272.1469234755,6956701.551535499,40869.236328125,107.44435265786532,109.87670287704499,57.44435265786534,59.876702877044984,6,1721,1.189207115e-05,
931,triangle,885,1140,719,,362691.3211944153,6955695.098997258,62051.671875,38.39460664724914,45.7372675689601,-11.605393352750855,-4.262732431039898,65,1681,6.55714845853e-06,
932,triangle,1017,1155,730,,357314.3773485951,6953236.144080616,94149.5537109375,63.05067468597771,76.0807363885079,13.050674685977716,26.080736388507898,65,1681,6.32455532034e-06,
933,triangle,899,1353,783,,354738.3960410971,6946114.429066267,528412.25,56.799203514811715,63.71619404424505,6.799203514811718,13.716194044245057,12,1841,7.95270728767e-06,
934,triangle,709,971,737,,360955.9792818106,6949869.14940736,86886.53125,95.64605403094843,94.7834662708956,45.646054030948456,44.78346627089561,12,1841,7.95270728767e-06,
935,triangle,1097,1332,1084,,357971.9892320186,6954229.503778831,45488.533203125,95.64184285055599,97.50278873368534,45.64184285055599,47.50278873368533,65,1681,6.32455532034e-06,
936,triangle,730,1393,1017,,357266.13638373633,6953482.673915247,139181.9306640625,94.56654611086863,88.34862395114544,44.56654611086862,38.34862395114545,65,1681,6.32455532034e-06,
937,triangle,1348,1524,500,,355529.70353140496,6949609.320456729,76073.43505859375,91.63394323193374,91.70714391608944,41.633943231933735,41.70714391608944,12,1841,7.95270728767e-06,
938,triangle,1189,1257,708,,359686.1285816268,6947947.910398603,153117.60400390625,90.02299603237682,94.46262863106335,40.02299603237682,44.46262863106333,12,1841,7.95270728767e-06,
939,triangle,645,1327,644,,358350.9612573369,6953105.323004946,22422.994140625,63.3374291005019,61.32931067241294,13.337429100501893,11.329310672412939,65,1681,6.3827036048875e-06,
940,triangle,647,1328,646,,357980.2157953712,6952986.612787646,22424.80419921875,59.233427908702915,56.49178273258943,9.233427908702916,6.491782732589428,65,1681,6.4408518894350004e-06,
941,triangle,503,1541,1033,,356353.5661253249,6951353.939204997,19081.5048828125,76.32604244066418,72.2568643301074,26.32604244066419,22.25686433010741,12,1841,7.95270728767e-06,
942,triangle,3,1474,597,,370530.0707483248,6943513.077939597,1301958.0073242188,46.988939179413634,43.99934610704636,-3.0110608205863687,-6.000653892953644,6,1721,1.160956644356e-05,
943,triangle,780,862,712,,359887.2568833066,6955658.111380904,64826.505859375,134.85100335423363,129.97664824034763,84.85100335423363,79.97664824034763,65,1681,6.32455532034e-06,
944,triangle,176,1332,662,,357872.3950678106,6954513.245246336,20700.07373046875,97.39056635742512,98.80855392021193,47.390566357425115,48.80855392021194,65,1681,7.318754575636428e-06,
945,triangle,661,1331,660,,357504.275321386,6954394.215134761,21894.14404296875,89.63872917704126,90.1813826292966,39.638729177041256,40.181382629296614,65,1681,6.32455532034e-06,
946,triangle,1234,1389,611,,362479.66390493483,6952514.4394990355,41841.3251953125,106.6011547769305,108.65020174266057,56.60115477693049,58.65020174266058,65,1681,6.32455532034e-06,
947,triangle,1462,1552,1211,,352168.1424924867,6944293.194406371,794662.3720703125,62.43297874273495,74.82266547764361,12.432978742734957,24.822665477643596,12,1841,7.95270728767e-06,
948,triangle,422,1263,1236,,358712.1676490618,6948856.482064727,29428.66015625,74.08332124998557,74.79274263675238,24.083321249985577,24.792742636752376,12,1841,7.95270728767e-06,
949,triangle,598,1474,3,,369907.3434755975,6942880.577939597,1311682.0444335938,22.75059026670065,45.10449786726329,-27.249409733299352,-4.895502132736711,6,1721,1.175081879678e-05,
950,triangle,681,1341,514,,358024.56761892093,6958312.025425684,105041.04150390625,169.84589718258445,165.71374484577845,119.84589718258445,115.71374484577848,12,1841,7.95270728767e-06,
951,triangle,511,1297,1201,,362207.19962252054,6956657.316425391,193248.9697265625,147.3904275789997,132.769449248892,97.39042757899969,82.76944924889199,65,1681,6.32455532034e-06,
952,triangle,1173,1285,620,,364228.35860417987,6954217.613231744,26658.7294921875,82.28307496653632,89.04776508374687,32.28307496653632,39.04776508374687,65,1681,6.32455532034e-06,
953,triangle,942,1166,727,,357779.45835868485,6948818.878232419,25480.22802734375,75.38456797939878,73.21694954700486,25.384567979398778,23.216949547004862,12,1841,7.95270728767e-06,
954,triangle,729,1169,981,,358731.82929927605,6956865.321082058,30033.57177734375,138.2206216328821,137.4857589931868,88.2206216328821,87.48575899318678,65,1681,6.32455532034e-06,
955,triangle,545,1292,1127,,353983.39956776734,6950923.910432869,124078.6650390625,112.79937364599856,115.04168105723079,62.79937364599858,65.04168105723079,65,1681,6.32455532034e-06,
956,triangle,823,1363,723,,364740.46054184926,6957824.84024506,336524.68994140625,81.09968807379566,74.20469039545752,31.099688073795654,24.20469039545752,12,1841,7.95270728767e-06,
957,triangle,892,908,753,,363025.8500288834,6952082.709283003,142764.65673828125,124.16867767069348,116.26976899029323,74.16867767069347,66.26976899029323,65,1681,6.32455532034e-06,
958,triangle,888,1506,753,,363494.99295161985,6952589.763956013,139483.6943359375,133.2389466473514,130.54790126736177,83.23894664735143,80.54790126736175,65,1681,6.32455532034e-06,
959,triangle,1155,1330,1162,,357099.1802883793,6952903.816805887,40340.6376953125,73.80032966978457,72.22923398768991,23.800329669784574,22.229233987689913,65,1681,6.32455532034e-06,
960,triangle,1016,1524,1348,,355565.16284519574,6949347.767997009,100448.34130859375,81.786294175746,80.24081689689864,31.786294175745986,30.24081689689865,12,1841,7.95270728767e-06,
961,triangle,1017,1251,1155,,357501.6212760564,6953134.2602796955,41737.5263671875,56.28158101185403,63.903123441278105,6.281581011854028,13.903123441278103,65,1681,6.32455532034e-06,
962,triangle,715,1269,856,,366350.30833081383,6948810.235774365,1856355.8017578125,83.43186965096552,102.04052587075209,33.43186965096553,52.040525870752084,6,1721,1.189207115e-05,
963,triangle,1207,1534,581,,356283.61806015624,6960507.90157929,945362.408203125,129.84547326929618,124.40162453141618,79.8454732692962,74.40162453141616,12,1841,8.830118450097143e-06,
964,triangle,328,936,935,,358505.2432845352,6948231.757129543,12116.53955078125,75.15935673268709,76.646190020915,25.159356732687087,26.646190020915004,12,1841,7.95270728767e-06,
965,triangle,31,1346,30,,359659.53307181766,6952838.684225385,4085.52490234375,34.09089721140822,34.114773629775854,-15.90910278859178,-15.885226370224146,12,1841,7.95270728767e-06,
966,triangle,328,1245,329,,358388.9504599603,6948261.308404257,4055.5732421875,72.90089430224596,72.50218794749395,22.90089430224596,22.50218794749395,12,1841,7.95270728767e-06,
967,triangle,573,1073,572,,350928.09838084126,6949156.678949449,1396365.6416015625,62.24818429716235,72.99343629883036,12.248184297162348,22.993436298830357,16,1441,1.0608165726785716e-05,
968,triangle,78,79,524,,364899.4817198885,6955555.0031542,227.037109375,44.70325447048632,44.315076452714614,-5.296745529513676,-5.684923547285386,12,1841,7.95270728767e-06,
969,triangle,507,1364,795,,363788.99127107556,6956283.92598413,48877.78125,65.76755423105557,65.02446585314726,15.767554231055566,15.024465853147268,12,1841,7.95270728767e-06,
970,triangle,703,1219,1178,,355139.3917571586,6954804.389071179,156052.73388671875,90.9520055188185,97.6357046014321,40.9520055188185,47.635704601432074,6,1721,1.189207115e-05,
971,triangle,559,1233,700,,364802.989667759,6952076.291280194,73515.8955078125,115.46316901494755,118.29454271621942,65.46316901494755,68.2945427162194,65,1681,6.3827036048875e-06,
972,triangle,887,1274,786,,355351.9359962295,6951673.37827571,56274.3193359375,87.43884290869359,89.32978946673762,37.43884290869357,39.329789466737616,65,1681,6.32455532034e-06,
973,triangle,714,1276,728,,357357.7023825152,6947709.77150302,119216.15869140625,89.68429397350897,84.05811281240217,39.68429397350896,34.058112812402165,12,1841,7.95270728767e-06,
974,triangle,369,1198,952,,360224.6777166908,6948520.147370492,14885.576171875,80.17047027603044,78.37069624224576,30.170470276030443,28.370696242245767,12,1841,7.95270728767e-06,
975,triangle,728,1114,714,,357454.22024196543,6947937.039810344,79649.5625,84.89978839194912,79.50946114858459,34.89978839194912,29.50946114858459,12,1841,7.95270728767e-06,
976,triangle,439,1344,787,,359924.3175143567,6950402.281324771,35202.70068359375,60.59350815333686,64.2820523837068,10.59350815333686,14.282052383706798,12,1841,7.95270728767e-06,
977,triangle,608,1493,69,,362004.56631916965,6951914.722096489,15353.9619140625,95.54648440786227,95.88798245043866,45.54648440786227,45.88798245043866,65,1681,6.4990001739825e-06,
978,triangle,686,1227,1087,,362168.85253424617,6949729.564718679,72557.0146484375,90.31441380561606,95.47729905899223,40.314413805616056,45.47729905899225,65,1681,6.32455532034e-06,
979,triangle,1107,1419,707,,358343.059661543,6949818.646053724,196230.537109375,89.23049621178885,91.95928745057101,39.230496211788854,41.959287450571004,12,1841,7.95270728767e-06,
980,triangle,387,1415,386,,360295.7386363636,6949645.738636363,7478.69287109375,57.84735135252885,58.64461392656614,7.847351352528842,8.644613926566132,12,1841,7.95270728767e-06,
981,triangle,27,849,26,,359400.0,6952800.0,8437.5,38.900001525878906,37.63333384195963,-11.099998474121094,-12.366666158040365,12,1841,7.95270728767e-06,
982,triangle,419,1300,418,,360964.66560261435,6948908.24189728,8202.09375,71.42698309393683,71.54192539690528,21.42698309393682,21.541925396905274,12,1841,7.95270728767e-06,
983,triangle,1150,1420,829,,362165.6673892353,6950870.093311254,138283.578125,96.40543047322896,100.69719153354372,46.40543047322897,50.6971915335437,65,1681,6.32455532034e-06,
984,triangle,697,1268,698,,368003.642330949,6953236.654951443,221893.74169921875,136.6087096243816,149.7612013186313,86.60870962438159,99.76120131863131,6,1721,1.189207115e-05,
985,triangle,930,1554,932,,358400.7376128155,6947580.312582676,21127.02099609375,81.9409276720078,81.95565717889075,31.94092767200781,31.955657178890746,12,1841,7.95270728767e-06,
986,triangle,1125,1312,739,,358201.75745736854,6946438.943111007,175894.7509765625,123.56248123579122,117.24868032115295,73.56248123579122,67.24868032115295,12,1841,7.95270728767e-06,
987,triangle,535,754,536,,363190.9208572477,6948199.446111905,3333.73828125,88.19870820068773,90.4996268982094,38.19870820068773,40.49962689820941,6,1721,1.189207115e-05,
988,triangle,712,1261,1147,,359926.69463097764,6955180.109522756,163614.24853515625,124.15461339064129,121.32553608464559,74.15461339064129,71.3255360846456,65,1681,6.32455532034e-06,
989,triangle,163,1338,655,,356041.51109605056,6954088.1671914635,17174.85986328125,80.12859682814563,80.42825451786344,30.128596828145643,30.42825451786344,6,1721,1.1096711745762857e-05,
990,triangle,764,1481,418,,360845.09476511716,6948717.24879841,19598.99658203125,76.46082920772612,73.82612882481908,26.46082920772613,23.82612882481908,12,1841,7.95270728767e-06,
991,triangle,902,1529,723,,364960.3440092236,6956904.058706638,228915.6005859375,79.13636399867974,72.85156607080364,29.13636399867973,22.851566070803642,12,1841,7.95270728767e-06,
992,triangle,593,1333,592,,370522.50893488835,6952991.744548291,1323480.8188476562,175.71719712730413,157.21173449269568,125.7171971273041,107.21173449269571,65,1681,6.32455532034e-06,
993,triangle,820,1401,1112,,360187.55236459896,6947277.816903531,120466.376953125,118.35705037026835,114.86966076111246,68.35705037026835,64.86966076111246,12,1841,7.95270728767e-06,
994,triangle,792,1303,206,,355855.2431809441,6955235.019222393,14813.4140625,83.27695519456776,83.99230868116722,33.27695519456776,33.992308681167195,6,1721,1.189207115e-05,
995,triangle,417,1418,764,,360987.5,6948650.78125,19423.828125,77.13524214426678,75.7567728360494,27.13524214426679,25.756772836049397,12,1841,7.95270728767e-06,
996,triangle,1075,1551,740,,357109.15550259594,6957401.533508308,90389.4677734375,141.33686166696188,142.0002788053718,91.3368616669619,92.00027880537182,65,1681,6.32455532034e-06,
997,triangle,875,1303,792,,355745.2431809441,6955272.519222394,26414.279296875,84.94674144729413,85.54564170932476,34.94674144729413,35.54564170932475,6,1721,1.189207115e-05,
998,triangle,381,1279,380,,360531.3980557299,6949279.75280962,9691.97265625,67.28635035488112,66.26520854320381,17.286350354881126,16.26520854320381,12,1841,7.95270728767e-06,
999,triangle,1218,1307,574,,351474.05214994866,6951391.307448602,1089912.4907226562,35.27890315104028,47.889674898820225,-14.721096848959714,-2.1103251011797752,6,1721,9.903672639407145e-06,
1000,triangle,1345,1467,709,,360754.6220061965,6950560.347995665,164689.3330078125,87.93186743118011,87.57046720676716,37.931867431180116,37.57046720676717,12,1841,7.95270728767e-06,
1001,triangle,1120,1276,891,,356803.5298479732,6947341.235482353,100268.71533203125,80.75765241771553,80.84309919598621,30.757652417715526,30.843099195986216,12,1841,7.95270728767e-06,
1002,triangle,731,1555,1124,,352182.9553916794,6955445.671280905,926822.4135742188,86.02061618979772,73.9986344920177,36.02061618979772,23.9986344920177,6,1721,2.0486060985714288e-05,
1003,triangle,1086,1340,122,,362185.1804601105,6955387.950319308,14733.90576171875,52.70555476070358,51.60043689692617,2.705554760703576,1.6004368969261786,65,1681,6.847889881267501e-06,
1004,triangle,513,1320,1210,,359334.65590863134,6957835.094812803,148991.44140625,147.4702142790881,148.64079335622407,97.47021427908808,98.64079335622405,12,1841,7.95270728767e-06,
1005,triangle,534,1468,1216,,363778.7351425292,6949396.830855161,142632.91943359375,107.43029173307612,96.5638835911793,57.430291733076125,46.5638835911793,65,1681,6.4408518894350004e-06,
1006,triangle,872,1106,804,,361515.91713632946,6955818.690910225,99421.3984375,124.4118223720695,112.8606923347575,74.41182237206948,62.860692334757495,65,1681,6.32455532034e-06,
1007,triangle,389,956,777,,360090.3314674716,6949543.428051107,15396.83203125,62.600447171033096,60.847318924110425,12.600447171033094,10.847318924110425,12,1841,7.95270728767e-06,
1008,triangle,777,958,389,,360015.3314674716,6949568.428051107,10408.9111328125,65.60380214479208,62.13898590866853,15.603802144792079,12.13898590866853,12,1841,7.95270728767e-06,
1009,triangle,831,1225,1044,,360474.67616898735,6948917.224143037,22866.54638671875,69.81310179574719,70.75774957462944,19.81310179574719,20.75774957462944,12,1841,7.95270728767e-06,
1010,triangle,549,1278,1080,,356270.7809140572,6957533.4722773805,107245.44921875,152.20863086723068,147.1720707917256,102.2086308672307,97.17207079172562,65,1681,6.32455532034e-06,
1011,triangle,891,1553,1096,,356265.8796597975,6947136.944587219,123959.689453125,77.64829388810642,75.31225375213053,27.648293888106416,25.31225375213052,12,1841,7.95270728767e-06,
1012,triangle,1135,1529,755,,364696.5202520111,6956372.260551606,71304.9296875,55.39976090259236,42.31447716766475,5.399760902592365,-7.685522832335258,12,1841,7.95270728767e-06,
1013,triangle,967,1459,972,,359008.0563270173,6951692.327053827,16174.0927734375,48.27709167484654,47.26335596070519,-1.7229083251534658,-2.736644039294799,12,1841,7.95270728767e-06,
1014,triangle,522,1265,1074,,366139.10295362986,6956154.244515437,90264.1064453125,77.07461782191689,80.22186253640899,27.074617821916892,30.221862536408995,65,1681,6.32455532034e-06,
1015,triangle,1042,1516,344,,357505.5314360868,6948644.605543855,17859.166015625,65.20080493474242,65.01753513689475,15.200804934742425,15.01753513689475,12,1841,7.95270728767e-06,
1016,triangle,753,1234,1011,,362976.3125575101,6952541.091029567,91734.87060546875,119.17372673426028,114.73658780949204,69.1737267342603,64.73658780949204,65,1681,6.32455532034e-06,
1017,triangle,869,1189,708,,359717.98665064544,6948249.185205047,120461.88818359375,90.94761117893793,93.19721881726628,40.94761117893793,43.197218817266254,12,1841,7.95270728767e-06,
1018,triangle,722,1336,844,,365188.5994129593,6954116.017392424,150165.064453125,101.3487330652984,110.2329816943535,51.3487330652984,60.23298169435348,65,1681,6.32455532034e-06,
1019,triangle,904,1465,514,,358033.3411592366,6957754.160789865,98781.5732421875,176.69369933272367,171.56764556604568,126.69369933272364,121.56764556604567,65,1681,6.32455532034e-06,
1020,triangle,541,1373,691,,360082.1654577485,6946062.1234880565,102499.521484375,110.84754660037203,114.7992219860232,60.84754660037201,64.79922198602318,52,1561,1.1751379583488215e-05,
1021,triangle,766,1154,54,,360778.6853819525,6952005.768715286,25587.33447265625,53.467133622586935,53.66053307422689,3.467133622586934,3.6605330742268847,12,1841,7.95270728767e-06,
1022,triangle,1035,1199,187,,356441.4203930165,6956682.278065958,22366.49462890625,106.64839573902064,106.4598497046163,56.64839573902065,56.45984970461629,6,1721,1.189207115e-05,
1023,triangle,634,1349,633,,360670.5078435272,6953733.525866024,19894.93505859375,53.06586677976556,52.35961534305927,3.0658667797655568,2.3596153430592683,65,1681,6.3827036048875e-06,
1024,triangle,504,1252,505,,355845.633538749,6951027.460128203,55213.6591796875,89.38063054767684,90.06761207380873,39.380630547676844,40.06761207380873,65,1681,6.4990001739825e-06,
1025,triangle,803,1141,445,,358543.6579321137,6951268.509627028,23113.65673828125,54.71412229911785,55.534811234283985,4.714122299117846,5.534811234283988,12,1841,7.95270728767e-06,
1026,triangle,783,1502,1367,,355108.7608112471,6944963.306232992,949014.4638671875,81.46589333741294,85.06504003441249,31.465893337412936,35.06504003441248,12,1841,7.95270728767e-06,
1027,triangle,1074,1171,523,,365841.0769866615,6955826.378011904,114991.94384765625,99.01882269908458,84.10188437396938,49.01882269908458,34.10188437396939,65,1681,6.32455532034e-06,
1028,triangle,779,1249,459,,360146.0812987986,6956353.005070094,26955.59375,113.89226932131993,113.13333450197155,63.892269321319915,63.133334501971525,65,1681,6.32455532034e-06,
1029,triangle,768,1280,192,,356058.7511227228,6956379.025182215,20210.25341796875,94.44455711083937,94.39786696943048,44.444557110839355,44.39786696943048,6,1721,1.189207115e-05,
1030,triangle,753,1011,888,,363240.57413603953,6952661.924784094,106638.892578125,116.28235979098882,114.05256951312701,66.28235979098882,64.05256951312701,65,1681,6.32455532034e-06,
1031,triangle,125,1500,833,,361276.1874808389,6954467.698440316,31839.798828125,63.219843067239765,61.686783092337784,13.219843067239767,11.686783092337784,65,1681,6.32455532034e-06,
1032,triangle,488,1221,489,,359553.125,6956403.125,9140.625,99.11684009763937,100.75781452655792,49.11684009763936,50.75781452655792,65,1681,6.32455532034e-06,
1033,triangle,704,1460,865,,360851.36343866633,6951296.207398201,109021.82763671875,78.89144023200556,82.08592441803866,28.89144023200556,32.08592441803865,12,1841,7.95270728767e-06,
1034,triangle,823,1212,889,,363743.6689518476,6957784.0841957955,360343.6611328125,87.70320031124245,91.43692902178402,37.70320031124246,41.43692902178403,12,1841,7.95270728767e-06,
1035,triangle,640,1334,131,,359274.7225640675,6953383.03099747,17409.822265625,53.16485584162922,52.95943993629919,3.1648558416292194,2.9594399362991894,65,1681,6.6152967430775e-06,
1036,triangle,656,1384,858,,356631.65144602983,6954097.421565351,10446.36865234375,84.04456279908877,80.9093270071209,34.04456279908877,30.909327007120883,65,1681,6.523395171399286e-06,
1037,triangle,734,773,714,,357968.74715070316,6947944.150523275,76341.17236328125,88.07541462082726,84.53553085553033,38.07541462082726,34.535530855530304,12,1841,7.95270728767e-06,
1038,triangle,1046,1505,778,,360008.1387615812,6949932.027458757,21544.68603515625,71.7549879406767,69.25061939038908,21.754987940676703,19.250619390389087,12,1841,7.95270728767e-06,
1039,triangle,513,1369,729,,359079.32236346946,6957211.347549357,107590.2724609375,157.418250223068,155.40101799834284,107.418250223068,105.40101799834285,65,1681,6.32455532034e-06,
1040,triangle,768,1099,726,,355789.0087990233,6956155.530655541,39465.59912109375,93.66068146055812,95.01377681711718,43.66068146055812,45.01377681711718,6,1721,1.189207115e-05,
1041,triangle,751,961,845,,359593.90238879435,6951188.660326354,45516.216796875,62.29833450104165,60.16888012523929,12.298334501041648,10.168880125239289,12,1841,7.95270728767e-06,
1042,triangle,1226,1528,599,,367415.9298793457,6943341.160349045,1046483.78125,60.485172366951986,74.49316973624546,10.485172366951993,24.49316973624546,12,1841,7.95270728767e-06,
1043,triangle,679,1362,512,,360039.72085198987,6957369.704692081,115493.38232421875,135.71235242845336,128.67704905291296,85.71235242845336,78.67704905291295,12,1841,7.8945590031225e-06,
1044,triangle,1012,1542,1246,,363374.4795277899,6950309.184532635,141400.95166015625,108.2095051457373,112.31611442127377,58.209505145737296,62.31611442127377,65,1681,6.32455532034e-06,
1045,triangle,1170,1375,602,,361920.36131602566,6943474.167894064,1212918.7055664062,125.63765957504651,133.1630474588633,75.63765957504651,83.16304745886332,6,1721,1.189207115e-05,
1046,triangle,1109,1230,867,,359038.40341505385,6959042.484997749,471637.3359375,110.75021980689512,107.37709235300298,60.75021980689512,57.37709235300298,12,1841,7.95270728767e-06,
1047,triangle,719,1297,1145,,362638.29116470955,6956133.639240277,139693.140625,87.45756038252057,94.21887086679412,37.45756038252057,44.21887086679413,65,1681,6.32455532034e-06,
1048,triangle,1035,1525,997,,356201.38590009115,6956597.312558885,18087.892578125,103.31503497634404,103.44429083439985,53.31503497634403,53.444290834399844,6,1721,1.189207115e-05,
1049,triangle,580,1534,827,,354847.4650931926,6960366.696466218,1106746.2006835938,135.93203142115902,156.74572057926753,85.93203142115901,106.74572057926754,12,1841,7.95270728767e-06,
1050,triangle,1367,1502,861,,355855.3009229452,6944588.418150089,974587.1860351562,103.71033974212295,96.05149896835376,53.71033974212293,46.05149896835376,12,1841,7.95270728767e-06,
1051,triangle,402,1237,1050,,359470.67797532975,6950557.147520885,12179.447265625,59.58923698519142,56.009571426280075,9.589236985191427,6.0095714262800755,12,1841,7.95270728767e-06,
1052,triangle,1025,1238,20,,358862.8925345877,6952650.515777521,12010.2548828125,35.53789926015592,36.67056345688951,-14.462100739844086,-13.32943654311049,12,1841,7.95270728767e-06,
1053,triangle,17,1238,1024,,358656.9956020207,6952661.580058034,8643.27197265625,40.31966702578112,39.6353179220151,-9.680332974218874,-10.36468207798491,12,1841,7.95270728767e-06,
1054,triangle,342,1239,1041,,357742.06436782546,6948523.439395614,11030.701171875,65.3163529058495,65.96410911744225,15.316352905849495,15.964109117442248,12,1841,7.95270728767e-06,
1055,triangle,817,1536,1132,,364192.9513637426,6956329.669968031,44747.12646484375,66.589349177511,53.70367652390731,16.589349177510993,3.7036765239073084,12,1841,7.95270728767e-06,
1056,triangle,64,1475,1240,,361565.95180935407,6951824.43935826,11152.4287109375,73.68297864550709,74.43770123715593,23.6829786455071,24.437701237155938,12,1841,7.95270728767e-06,
1057,triangle,1185,1377,1081,,364992.9209851531,6955209.561157313,30792.7822265625,83.20446416305106,77.5500605818019,33.20446416305106,27.550060581801898,65,1681,6.32455532034e-06,
1058,triangle,671,1429,1111,,359370.73085760284,6946166.036298911,48944.8935546875,103.04706949147882,104.50285125660105,53.04706949147881,54.50285125660105,12,1841,7.95270728767e-06,
1059,triangle,621,1339,76,,364277.19675201905,6954515.6948938845,14972.10546875,99.93196222315774,95.76252190423695,49.931962223157754,45.762521904236934,65,1681,6.4990001739825e-06,
1060,triangle,912,1383,1128,,360353.8552201412,6952364.367469576,32844.03515625,52.871177135890335,50.2461254061462,2.8711771358903375,0.2461254061461994,12,1841,7.95270728767e-06,
1061,triangle,547,1430,1190,,353368.57208577736,6953577.568482815,186489.92919921875,109.02781439358046,104.87265995046916,59.02781439358046,54.87265995046915,6,1721,1.189207115e-05,
1062,triangle,758,1091,894,,360307.8270486619,6954229.751017285,92210.56298828125,122.63558193296808,113.12048329395964,72.63558193296808,63.12048329395964,65,1681,6.32455532034e-06,
1063,triangle,1136,1483,986,,359052.58984334907,6954881.805192967,70543.71875,112.72487835432409,106.59232322904244,62.724878354324105,56.59232322904244,65,1681,6.32455532034e-06,
1064,triangle,372,1225,373,,360455.0561963752,6948737.3177939905,6441.9296875,71.28887800812751,70.90117330912959,21.288878008127508,20.901173309129586,12,1841,7.95270728767e-06,
1065,triangle,588,1559,1184,,369416.9552478104,6960356.5698986985,986149.0224609375,,5.2685749104009325,-10049.0,-4021.635981655492,23,2151,1.653961167732143e-05,
1066,triangle,1099,1519,925,,355957.58928571426,6955964.285714286,12163.4345703125,87.88389982928759,88.1764394770682,37.88389982928759,38.17643947706819,6,1721,1.189207115e-05,
1067,triangle,1005,1466,497,,358366.6126923055,6944362.118016708,511013.228515625,109.19872398874449,107.54978316533682,59.19872398874449,57.54978316533683,18,2041,4.30886938006e-06,
1068,triangle,673,1524,1284,,355069.1210445783,6949301.028895702,106571.935546875,106.01770932458149,106.51807942131887,56.01770932458148,56.51807942131887,12,1841,7.95270728767e-06,
1069,triangle,1163,1219,703,,355053.91367180675,6955173.285673422,126821.2236328125,101.70370323097413,98.52032506237684,51.70370323097413,48.520325062376834,6,1721,1.189207115e-05,
1070,triangle,668,1247,1182,,357203.37221590214,6956807.412072438,40649.16259765625,138.52484271640557,132.7963835620476,88.52484271640557,82.7963835620476,65,1681,6.32455532034e-06,
1071,triangle,572,1073,836,,351441.84444410604,6948424.325135353,1189528.4453125,39.12088443678347,55.834833722666794,-10.879115563216526,5.834833722666791,16,1441,1.0202721908928573e-05,
1072,triangle,1069,1456,1129,,365285.08476134087,6953067.572790481,86353.873046875,143.47810519455066,152.7508302924491,93.47810519455066,102.75083029244911,65,1681,6.32455532034e-06,
1073,triangle,1113,1368,807,,353572.44901964837,6952459.655795653,273058.828125,76.03801700774177,99.75545741176455,26.038017007741782,49.75545741176455,65,1681,6.921074873517858e-06,
1074,triangle,735,1375,1170,,362226.5966598258,6944541.975169369,1242729.9174804688,116.64670921009274,109.99116888605177,66.64670921009274,59.99116888605176,6,1721,1.189207115e-05,
1075,triangle,755,1529,902,,364955.5477326279,6956548.9690817,140123.09033203125,52.99468372230464,52.7715285069282,2.9946837223046416,2.771528506928193,12,1841,7.95270728767e-06,
1076,triangle,9,1165,8,,358012.5,6952450.0,5625.0,38.15000025431316,41.91666603088379,-11.84999974568684,-8.083333969116211,12,1841,7.95270728767e-06,
1077,triangle,343,1166,342,,357707.56258405925,6948639.690133589,4465.1396484375,65.72535972110754,65.85599519868128,15.725359721107536,15.855995198681285,12,1841,7.95270728767e-06,
1078,triangle,349,1167,350,,357187.5,6948400.0,5625.0,59.81666628519693,60.25,9.81666628519693,10.25,12,1841,7.95270728767e-06,
1079,triangle,477,1168,476,,358613.92098565056,6956575.648540768,5552.0390625,119.30282267288777,119.5179756676908,69.30282267288777,69.5179756676908,65,1681,6.32455532034e-06,
1080,triangle,478,1169,479,,358774.18119886523,6956672.640264157,5359.52978515625,120.10375620342921,120.04137918431077,70.10375620342921,70.04137918431077,65,1681,6.32455532034e-06,
1081,triangle,214,1243,213,,355983.2592725081,6954708.780786629,4695.83203125,81.06348740808576,80.81284279293367,31.063487408085756,30.812842792933665,6,1721,1.189207115e-05,
1082,triangle,992,1329,1069,,365719.90981484554,6953441.51980414,138866.27783203125,160.79516012657507,155.37047745678055,110.79516012657503,105.37047745678053,65,1681,6.32455532034e-06,
1083,triangle,1116,1121,806,,363891.3072523976,6953304.246611304,86229.72119140625,84.35705732349695,87.63678342054423,34.35705732349695,37.636783420544226,65,1681,6.32455532034e-06,
1084,triangle,713,1527,886,,355636.26768935495,6952674.387823821,139226.48193359375,125.83825088530355,119.98032428627396,75.83825088530355,69.98032428627396,65,1681,6.32455532034e-06,
1085,triangle,830,1514,971,,361353.88147721934,6949811.764508021,40369.5673828125,100.67327976662457,98.22322493923275,50.67327976662456,48.22322493923276,12,1841,7.95270728767e-06,
1086,triangle,670,1248,493,,358833.0414278966,6945819.064832068,53136.4384765625,116.40001508216925,116.8232208177538,66.40001508216925,66.8232208177538,18,2041,4.959554720704643e-06,
1087,triangle,1147,1423,780,,359575.0856339548,6955466.573583819,38658.1015625,102.56742285059991,101.3670850021452,52.5674228505999,51.367085002145195,65,1681,6.32455532034e-06,
1088,triangle,1212,1543,889,,363390.18877337524,6957588.707794372,199617.71630859375,97.14823203148738,100.85680448306846,47.148232031487375,50.85680448306846,12,1841,7.95270728767e-06,
1089,triangle,961,963,845,,359466.69144575205,6951261.209659767,22914.205078125,57.76301979791752,55.00706315947434,7.763019797917524,5.007063159474339,12,1841,7.95270728767e-06,
1090,triangle,963,965,845,,359415.259403859,6951358.896578394,20161.9345703125,52.92419535078933,51.39408577007964,2.9241953507893372,1.394085770079642,12,1841,7.95270728767e-06,
1091,triangle,1360,1547,884,,357166.5588345887,6950635.2453784235,114612.015625,66.59237033433733,68.685126240502,16.592370334337335,18.685126240502008,12,1841,7.95270728767e-06,
1092,triangle,1184,1559,589,,370039.68252053764,6959724.0698986985,947904.6616210938,8.165895120123952,17.811716973144893,-41.83410487987605,-674.3366479559471,1,1,6.004592488012142e-05,
1093,triangle,897,1417,1009,,356398.970499872,6948797.383732258,61769.26806640625,69.53125570426457,69.66671350106809,19.53125570426456,19.666713501068084,12,1841,7.95270728767e-06,
1094,triangle,810,1384,656,,356725.5701026791,6954050.925130251,21500.00732421875,80.13388024795265,80.60686770611862,30.133880247952643,30.606867706118617,65,1681,6.32455532034e-06,
1095,triangle,1112,1401,540,,360299.382178122,6947036.40145652,110031.66943359375,126.14229088956782,118.03055515849933,76.14229088956783,68.03055515849931,12,1841,7.95270728767e-06,
1096,triangle,1016,1511,1284,,355261.1484311127,6948919.044526439,97025.60498046875,78.58724223251826,82.39033798552433,28.58724223251826,32.39033798552433,12,1841,7.95270728767e-06,
1097,triangle,617,1470,73,,363446.25769203325,6953470.747410442,13997.67626953125,87.87275092292928,85.42833009460166,37.872750922929285,35.42833009460167,65,1681,6.6152967430775e-06,
1098,triangle,533,1359,1179,,363008.1510044222,6949415.632685996,92674.78955078125,98.94602154945744,103.90628689988131,48.94602154945742,53.90628689988133,65,1681,6.32455532034e-06,
1099,triangle,673,1496,1206,,354771.81414862676,6949710.203705492,111786.3369140625,136.2538181854896,128.24701799213526,86.25381818548959,78.24701799213524,65,1681,6.32455532034e-06,
1100,triangle,1321,1444,631,,361230.9035382993,6954063.25604326,33937.30517578125,30.439294827927487,34.03037790752358,-19.56070517207251,-15.969622092476415,65,1681,6.3827036048875e-06,
1101,triangle,552,1455,696,,354066.32724920026,6956908.834371087,54924.609375,127.79748231358735,120.53826169419612,77.79748231358735,70.53826169419612,65,1681,6.32455532034e-06,
1102,triangle,745,1059,964,,359028.9308929527,6951214.955683477,26504.2880859375,60.583728828769196,56.433820576099585,10.58372882876921,6.433820576099589,12,1841,7.95270728767e-06,
1103,triangle,693,1266,544,,353628.372906137,6950379.73487407,66622.4384765625,112.38701049502212,112.198847141569,62.387010495022096,62.19884714156902,65,1681,6.921074873517858e-06,
1104,triangle,172,1384,171,,356588.6052546816,6953968.276416118,4343.0908203125,74.98637438474758,74.47959665763408,24.986374384747577,24.479596657634065,65,1681,6.32455532034e-06,
1105,triangle,128,1444,127,,361446.9056590726,6954141.73547854,17824.6240234375,27.31451349560588,29.461793745268213,-22.685486504394124,-20.538206254731787,65,1681,6.4408518894350004e-06,
1106,triangle,794,1448,718,,358920.3909047577,6952299.976353173,51295.6181640625,40.97979420831291,47.10477755257863,-9.020205791687092,-2.895222447421377,12,1841,7.95270728767e-06,
1107,triangle,796,916,676,,363501.9203149248,6955867.976736522,36258.10498046875,49.172979003634254,45.07195684080034,-0.8270209963657451,-4.92804315919966,12,1841,7.95270728767e-06,
1108,triangle,733,1550,985,,359498.43031732715,6956633.562177765,18405.3642578125,122.54490989257826,120.41157304955361,72.54490989257826,70.41157304955361,65,1681,6.32455532034e-06,
1109,triangle,158,922,791,,357377.2667638484,6952271.319241982,16586.77978515625,54.04199361005125,47.04830063758423,4.04199361005125,-2.9516993624157686,12,1841,7.95270728767e-06,
1110,triangle,207,927,792,,355933.7243019847,6955109.872359705,19245.39453125,83.91485183433078,82.91290661669684,33.914851834330776,32.91290661669684,6,1721,1.189207115e-05,
1111,triangle,1255,1398,639,,359513.4446511964,6953537.088269901,17243.587890625,48.742573647552085,47.91054787526219,-1.2574263524479101,-2.089452124737807,65,1681,6.32455532034e-06,
1112,triangle,543,1256,840,,353497.8763293715,6949793.435372873,106270.060546875,100.16426063835688,106.5280530133944,50.16426063835687,56.528053013394384,65,1681,6.32455532034e-06,
1113,triangle,1051,1229,404,,359586.11378288997,6950785.726414836,14940.56005859375,52.3237980137157,54.35645203755006,2.3237980137157037,4.356452037550063,12,1841,7.95270728767e-06,
1114,triangle,497,1356,496,,359083.7251363489,6944884.279060845,21776.09765625,131.54615740652497,129.90288443819108,81.54615740652498,79.9028844381911,18,2041,4.850526649341429e-06,
1115,triangle,461,976,816,,359815.2918599448,6956362.788436432,8329.1318359375,103.97969586023554,103.53007824765113,53.97969586023553,53.530078247651126,65,1681,6.32455532034e-06,
1116,triangle,680,1320,513,,359003.3006278577,6957789.264649401,151151.7861328125,166.23117570809518,160.25852152174946,116.23117570809518,110.25852152174947,12,1841,7.95270728767e-06,
1117,triangle,969,1270,1054,,361630.89359473716,6949389.463777605,22065.4453125,84.87426215402624,85.52199315705396,34.87426215402624,35.52199315705397,12,1841,7.95270728767e-06,
1118,triangle,718,819,760,,358473.2041882056,6952009.857203414,120928.51025390625,66.17753824103087,62.05018942001451,16.17753824103087,12.05018942001451,12,1841,7.95270728767e-06,
1119,triangle,1243,1498,746,,355888.31137479516,6954565.236331836,18332.9951171875,88.58968215726185,87.71321058148953,38.58968215726186,37.71321058148954,6,1721,1.189207115e-05,
1120,triangle,174,858,173,,356507.03357575997,6954108.996435101,3603.77734375,75.1230727419036,75.41721037094764,25.123072741903595,25.41721037094764,65,1681,6.32455532034e-06,
1121,triangle,1001,1187,710,,359263.5838493857,6948946.344607864,123794.8203125,85.48797032466007,88.14958058883828,35.48797032466007,38.14958058883829,12,1841,7.95270728767e-06,
1122,triangle,906,1333,593,,369907.2387213919,6952388.97663211,1209304.521484375,144.9080594984483,144.5770076279573,94.90805949844828,94.5770076279573,65,1681,6.32455532034e-06,
1123,triangle,782,1180,864,,359206.57039383304,6956064.160028179,28809.28271484375,112.75674777829764,109.20894170770686,62.75674777829764,59.20894170770688,65,1681,6.32455532034e-06,
1124,triangle,920,987,149,,356859.94225496316,6951772.515249722,15946.07470703125,62.20232864532313,58.070460802045375,12.202328645323126,8.070460802045377,12,1841,7.95270728767e-06,
1125,triangle,958,988,391,,359875.22247083625,6949642.154333551,13060.0263671875,61.544627110815945,61.741357423246974,11.544627110815942,11.741357423246976,12,1841,7.95270728767e-06,
1126,triangle,414,966,965,,359261.19780892116,6951505.20176366,15799.599609375,50.415972036124465,47.28955259974183,0.4159720361244653,-2.710447400258163,12,1841,7.95270728767e-06,
1127,triangle,433,1146,1055,,361225.7233763871,6949499.947376507,10818.0859375,82.64993183821886,82.59698187492826,32.649931838218876,32.596981874928254,12,1841,7.95270728767e-06,
1128,triangle,448,989,972,,358828.5126437342,6951538.811972126,14623.6513671875,51.16974649597655,48.707833784244,1.1697464959765456,-1.292166215755994,12,1841,7.95270728767e-06,
1129,triangle,501,1235,1174,,356260.05317395116,6950220.64872506,135231.9775390625,81.1392816719562,81.20298351069316,31.139281671956205,31.202983510693162,12,1841,7.95270728767e-06,
1130,triangle,551,1260,696,,354504.5990851258,6956626.294501822,77756.759765625,116.44059236857372,112.17486598088078,66.44059236857372,62.174865980880774,6,1721,1.149439144788143e-05,
1131,triangle,353,1416,354,,356888.1679636327,6948336.040150826,4382.9833984375,59.372335849300086,59.46725209616551,9.37233584930009,9.467252096165504,12,1841,7.95270728767e-06,
1132,triangle,358,1417,357,,356581.7000457556,6948572.607073493,5355.7958984375,57.74933769488539,58.280867892117385,7.74933769488539,8.28086789211738,12,1841,7.95270728767e-06,
1133,triangle,416,1418,417,,361087.5,6948700.78125,5537.109375,72.89531254768372,73.0567733446757,22.895312547683716,23.0567733446757,12,1841,7.95270728767e-06,
1134,triangle,679,1202,733,,359776.9792033084,6957003.52629485,87750.369140625,134.59479188279985,132.62346778901073,84.59479188279984,82.6234677890107,65,1681,6.32455532034e-06,
1135,triangle,751,1051,961,,359572.2787010712,6951020.08431293,29190.3359375,62.202127041385474,60.03408385811276,12.20212704138548,10.034083858112766,12,1841,7.95270728767e-06,
1136,triangle,808,941,337,,358125.0,6948575.0,16875.0,69.93333180745445,68.89166768391927,19.933331807454447,18.89166768391927,12,1841,7.95270728767e-06,
1137,triangle,1142,1414,123,,361476.8585754563,6955237.602055694,22461.16552734375,91.15239439143167,93.57106251478478,41.15239439143168,43.57106251478478,65,1681,6.32455532034e-06,
1138,triangle,734,941,808,,358083.9285714286,6948412.5,42589.28564453125,70.97857066563213,72.40714236668181,20.97857066563214,22.4071423666818,12,1841,7.95270728767e-06,
1139,triangle,127,1444,630,,361480.972207956,6954240.944680263,14356.07275390625,33.52838107366676,33.65387004700339,-16.471618926333246,-16.346129952996606,65,1681,6.4408518894350004e-06,
1140,triangle,711,1128,818,,360101.30650487187,6952053.355620832,102903.517578125,51.20668184897952,55.561574786755045,1.2066818489795215,5.561574786755043,12,1841,7.95270728767e-06,
1141,triangle,995,1185,749,,365094.98253461206,6954922.688561124,85848.04248046875,91.94778450259129,96.00765463963096,41.94778450259129,46.00765463963095,65,1681,6.32455532034e-06,
1142,triangle,792,1195,852,,355769.2746373512,6954912.258418913,34255.98974609375,82.55818282510072,87.31643088286182,32.55818282510072,37.31643088286183,6,1721,1.189207115e-05,
1143,triangle,1110,1210,1109,,359819.7938191034,6958303.076362421,284651.4794921875,109.00801959493208,116.91442659984602,59.00801959493208,66.91442659984604,12,1841,7.95270728767e-06,
1144,triangle,695,1267,1104,,355278.8693592918,6956490.440425225,129514.9560546875,111.72153892205009,109.37940035362396,61.721538922050094,59.379400353623964,6,1721,1.189207115e-05,
1145,triangle,398,1241,399,,359515.05697635707,6950283.990259876,3931.08984375,55.94982115050281,56.17144873021018,5.9498211505028085,6.171448730210174,12,1841,7.95270728767e-06,
1146,triangle,206,1303,205,,355911.6719167076,6955318.568407651,4311.90966796875,82.01311981209203,81.92338792642595,32.013119812092036,31.923387926425946,6,1721,1.189207115e-05,
1147,triangle,719,1140,759,,362562.4770048505,6955560.168826018,69009.658203125,44.17369457348897,43.955611292524885,-5.826305426511029,-6.04438870747511,65,1681,6.9641864503624995e-06,
1148,triangle,982,1004,180,,358819.9589264076,6956363.527545728,20472.76611328125,130.25751641874234,128.43602254965037,80.25751641874234,78.43602254965036,65,1681,6.32455532034e-06,
1149,triangle,1181,1464,846,,356129.0537431596,6947815.719240334,44844.001953125,69.55306951884751,69.31504456018378,19.5530695188475,19.31504456018378,12,1841,7.95270728767e-06,
1150,triangle,726,1392,1104,,355337.08266096935,6955980.778188224,116024.2646484375,103.26703002995134,99.40725063532254,53.26703002995134,49.407250635322534,6,1721,1.189207115e-05,
1151,triangle,748,857,711,,359669.6838432611,6952309.029573921,74790.90478515625,44.148877262289034,47.328944088184905,-5.8511227377109645,-2.671055911815099,12,1841,7.95270728767e-06,
1152,triangle,930,1537,881,,358524.4492204192,6947351.174687039,18235.859375,89.632165322899,93.5740486021325,39.632165322899006,43.574048602132514,12,1841,7.95270728767e-06,
1153,triangle,1261,1509,758,,360370.23867910466,6954792.033159598,135667.94970703125,135.91773535115743,135.0986563688825,85.91773535115743,85.09865636888252,65,1681,6.32455532034e-06,
1154,triangle,333,866,332,,358506.5308136412,6948583.288377193,7292.1591796875,69.21136080605628,69.32290968239148,19.211360806056266,19.322909682391487,12,1841,7.95270728767e-06,
1155,triangle,1136,1301,664,,358554.32052895107,6954651.4189518215,96643.4951171875,106.52502167655511,105.25195419409073,56.52502167655511,55.25195419409073,65,1681,6.32455532034e-06,
1156,triangle,991,1285,1173,,364305.49162839074,6954051.494079727,39926.57763671875,88.5546650986991,92.8180534989,38.554665098699104,42.81805349890001,65,1681,6.32455532034e-06,
1157,triangle,828,1387,874,,356282.31980533147,6953230.733481418,107791.0029296875,102.14729586509867,94.863901869281,52.14729586509867,44.863901869280994,65,1681,6.32455532034e-06,
1158,triangle,846,1464,1096,,356115.1998349956,6947633.038894992,84791.46728515625,67.55965352173743,69.15633395382017,17.55965352173744,19.156333953820162,12,1841,7.95270728767e-06,
1159,triangle,789,1170,1143,,360366.7128145763,6944223.441390742,877944.7963867188,112.17320846998373,115.82051249119257,62.17320846998374,65.82051249119257,52,1561,1.189207115e-05,
1160,triangle,422,1236,866,,358649.3716092573,6948726.182163119,19422.404296875,73.0936264504492,73.23868579056504,23.09362645044918,23.23868579056503,12,1841,7.95270728767e-06,
1161,triangle,1211,1367,606,,354117.82872556924,6943547.422518179,1689245.119140625,85.67746592256455,86.78439627803375,35.67746592256455,36.784396278033746,12,1841,7.95270728767e-06,
1162,triangle,35,880,765,,360137.17584778275,6952814.581095596,23239.4296875,41.72862055919359,38.395446587485296,-8.27137944080641,-11.604553412514706,12,1841,7.95270728767e-06,
1163,triangle,350,1518,1424,,357138.41710506816,6948518.638910537,9356.11376953125,59.779956059147395,60.04422775642623,9.779956059147398,10.044227756426237,12,1841,7.95270728767e-06,
1164,triangle,690,1220,539,,360931.57498808316,6947434.856213219,96960.1103515625,102.8718815890305,101.29197675321848,52.87188158903048,51.29197675321848,12,1841,7.95270728767e-06,
1165,triangle,1230,1341,1277,,358318.42319309834,6958717.346152011,157939.388671875,120.29320700454497,127.38171579726468,70.293207004545,77.38171579726469,12,1841,7.95270728767e-06,
1166,triangle,654,1192,175,,356384.1412815445,6954152.92272801,6841.697265625,75.46874380302562,77.23965982603845,25.468743803025617,27.23965982603845,6,1721,1.149439144788143e-05,
1167,triangle,678,1275,1078,,360791.3609836959,6956821.133167315,119489.75830078125,139.17937043648126,138.4357959476781,89.17937043648126,88.43579594767806,65,1681,6.32455532034e-06,
1168,triangle,663,1485,176,,358066.50280259736,6954599.085540851,22785.52685546875,104.37940613453279,105.7941942843051,54.379406134532786,55.7941942843051,65,1681,6.921074873517858e-06,
1169,triangle,1096,1553,1409,,355943.0061388405,6947241.517844848,98530.728515625,71.11395243348699,70.20932723188649,21.11395243348699,20.20932723188648,12,1841,7.95270728767e-06,
1170,triangle,1104,1267,726,,355397.1353682599,6956248.63069412,111354.6591796875,106.46059483233415,103.2744761019751,56.46059483233414,53.27447610197512,6,1721,1.189207115e-05,
1171,triangle,33,1347,32,,359809.53307181766,6952842.0499303425,3706.8828125,33.48751942256083,33.94801450217637,-16.51248057743917,-16.05198549782363,12,1841,7.95270728767e-06,
1172,triangle,871,1466,861,,357261.9980077988,6944937.465492728,878118.533203125,98.39882503819017,102.82380352336865,48.398825038190175,52.82380352336864,12,1841,6.781473674509644e-06,
1173,triangle,1013,1551,517,,357072.29978783027,6957886.461213759,109329.89794921875,166.55480787574206,165.95598104354872,116.55480787574203,115.9559810435487,65,1681,6.32455532034e-06,
1174,triangle,1058,1059,745,,358907.9487500956,6951185.076856946,28889.56689453125,60.94785800657511,59.19508595701482,10.947858006575103,9.195085957014824,12,1841,7.95270728767e-06,
1175,triangle,74,1488,1121,,363913.4705932233,6953816.582617129,23103.5068359375,89.51922354441905,90.71773539540595,39.51922354441904,40.717735395405946,65,1681,6.32455532034e-06,
1176,triangle,760,1299,1023,,358292.6334112787,6952414.845896994,19718.3251953125,55.31537105517564,52.87849623262887,5.315371055175639,2.8784962326288674,12,1841,7.95270728767e-06,
1177,triangle,347,1224,348,,357334.5238095238,6948418.532509158,3540.0927734375,60.40164037646745,60.5056725285286,10.401640376467444,10.505672528528594,12,1841,7.95270728767e-06,
1178,triangle,581,1534,580,,355282.3991238593,6961016.403501307,1039913.59765625,125.41774120426479,133.0333247319729,75.41774120426479,83.03332473197288,14,2121,9.268824031310716e-06,
1179,triangle,1013,1465,740,,357509.55716178025,6957663.342571934,110450.5234375,158.13466371097087,158.69014994754943,108.13466371097086,108.69014994754944,65,1681,6.32455532034e-06,
1180,triangle,84,1386,83,,364571.9328562394,6955788.41438451,6789.06494140625,35.876502364117506,36.31012266268866,-14.123497635882497,-13.689877337311332,12,1841,7.95270728767e-06,
1181,triangle,1067,1083,735,,361653.5159609456,6945952.202548658,967667.6083984375,92.59033557878156,89.30103699204352,42.59033557878158,39.30103699204353,52,1561,1.189207115e-05,
1182,triangle,1079,1138,784,,356337.92124105664,6958796.036393312,199197.40869140625,162.28892601703186,155.94538022067908,112.28892601703184,105.94538022067907,12,1841,7.95270728767e-06,
1183,triangle,563,834,564,,363753.5113366383,6951440.348799986,23669.06298828125,86.89805633843186,84.88733313085548,36.89805633843185,34.88733313085549,12,1841,7.95270728767e-06,
1184,triangle,1187,1510,710,,359466.5849941534,6949150.9619009,107789.03857421875,86.9181108701307,84.9767325183448,36.918110870130704,34.9767325183448,12,1841,7.95270728767e-06,
1185,triangle,773,1554,714,,358045.79790324747,6947740.885415335,74509.69873046875,91.48419800611958,87.1397321750688,41.484198006119584,37.139732175068794,12,1841,7.95270728767e-06,
1186,triangle,937,938,334,,358327.3466316675,6948606.212676509,9442.048828125,69.34483335757857,68.91023458994785,19.344833357578565,18.91023458994786,12,1841,7.95270728767e-06,
1187,triangle,1163,1392,1219,,355222.2748555662,6955425.718148649,125540.12890625,96.43100026897329,96.80576245648756,46.431000268973314,46.80576245648754,6,1721,1.189207115e-05,
1188,triangle,734,1239,941,,357949.2279435414,6948409.306312986,33128.49072265625,70.29755069099411,71.37312518022605,20.297550690994118,21.373125180226044,12,1841,7.95270728767e-06,
1189,triangle,694,1282,1281,,353243.2222076889,6951341.838621095,182944.83349609375,112.04642150094497,108.5846421086372,62.04642150094497,58.584642108637205,65,1681,6.32455532034e-06,
1190,triangle,703,1410,1163,,354735.5126987437,6955220.278187827,146021.1396484375,104.89273018931989,101.77283763425021,54.89273018931989,51.77283763425021,6,1721,1.189207115e-05,
1191,triangle,1163,1410,837,,354600.5263079028,6955531.238028139,158506.4658203125,105.57761305617916,103.94582837499951,55.57761305617916,53.94582837499951,6,1721,1.189207115e-05,
1192,triangle,439,1482,1344,,359878.78782626893,6950529.832611869,18538.857421875,65.00737608724121,63.308968579376824,15.00737608724122,13.308968579376819,12,1841,7.95270728767e-06,
1193,triangle,841,1137,1119,,353388.55094626866,6956570.498210363,153539.15869140625,123.748873288125,124.09309086189478,73.748873288125,74.0930908618948,6,1721,1.189207115e-05,
1194,triangle,1255,1334,1089,,359207.13369894074,6953604.721488826,34755.4296875,60.68249627443708,58.46745520773408,10.68249627443708,8.467455207734089,65,1681,6.32455532034e-06,
1195,triangle,884,1547,1235,,356858.1351043465,6950500.407947909,102101.02490234375,52.39625117432188,65.57011114667871,2.3962511743218826,15.570111146678713,12,1841,7.95270728767e-06,
1196,triangle,687,1270,969,,361762.90927600884,6949370.469970186,36929.43359375,88.22401953605171,90.00374833147782,38.22401953605172,40.003748331477816,12,1841,7.95270728767e-06,
1197,triangle,357,1480,356,,356685.67886765813,6948516.70819943,5893.54541015625,57.78493149889565,57.947005322001765,7.784931498895651,7.947005322001767,12,1841,7.95270728767e-06,
1198,triangle,375,1481,374,,360670.09476511716,6948767.24879841,5945.17138671875,65.9168351485128,66.89279701736466,15.9168351485128,16.892797017364654,12,1841,7.95270728767e-06,
1199,triangle,626,1377,625,,364806.58732904604,6955328.683261879,12401.39990234375,62.47903474292622,69.12817654948624,12.479034742926219,19.12817654948623,65,1681,6.4990001739825e-06,
1200,triangle,718,989,819,,358585.1850892116,6951789.036117452,98206.4130859375,60.2952597492383,57.65928506827822,10.295259749238296,7.659285068278223,12,1841,7.95270728767e-06,
1201,triangle,51,1383,50,,360528.4214586776,6952353.421458677,7667.671875,42.95193389680852,44.06952664153571,-7.048066103191483,-5.93047335846429,12,1841,7.95270728767e-06,
1202,triangle,692,1205,691,,359592.6795146069,6945766.396674719,59825.3759765625,113.23166872341139,117.23257482098721,63.23166872341139,67.23257482098721,12,1841,8.374781987205358e-06,
1203,triangle,717,1149,1148,,358710.70125627285,6950639.921887334,92010.16796875,76.17362005254628,74.95289524910595,26.173620052546276,24.952895249105953,12,1841,7.95270728767e-06,
1204,triangle,727,1516,716,,357503.705803954,6948932.275955923,66324.61328125,74.62780368433869,74.99561771053733,24.627803684338694,24.995617710537335,12,1841,7.95270728767e-06,
1205,triangle,455,1372,1101,,360171.0668128575,6956743.6741245715,15729.6044921875,118.28154087089234,119.18954224723088,68.28154087089234,69.18954224723088,65,1681,6.32455532034e-06,
1206,triangle,698,1503,555,,367454.9614525182,6953008.373201602,161919.3017578125,158.0208264014484,152.78905415700766,108.02082640144842,102.78905415700763,6,1721,1.189207115e-05,
1207,triangle,542,1325,1073,,352633.5497681271,6949366.876993418,486754.03857421875,93.02822974976263,102.27049710274856,43.02822974976262,52.27049710274857,65,1681,8.710633533051428e-06,
1208,triangle,126,1500,125,,361401.6146214539,6954523.276954419,20960.2314453125,57.53694010847346,58.24562538588783,7.536940108473466,8.245625385887827,65,1681,6.6152967430775e-06,
1209,triangle,415,1459,966,,359158.07108199847,6951610.9023048235,15143.28076171875,42.68182039572621,45.69701557619718,-7.318179604273785,-4.302984423802813,12,1841,7.95270728767e-06,
1210,triangle,1080,1278,518,,356396.0825132786,6957823.923537667,97105.64111328125,166.23778585374964,159.30331653916778,116.23778585374961,109.30331653916778,65,1681,6.32455532034e-06,
1211,triangle,139,1122,1000,,356008.62346059846,6951361.401462807,12673.91796875,69.20085829224155,69.56227062551653,19.20085829224154,19.56227062551653,12,1841,7.95270728767e-06,
1212,triangle,485,1102,985,,359297.4952213453,6956625.673721552,11253.455078125,112.5130983822566,113.86264798436298,62.5130983822566,63.86264798436298,65,1681,6.32455532034e-06,
1213,triangle,195,1099,924,,356012.5,6956125.0,13359.375,88.89999728732639,89.8249994913737,38.89999728732638,39.824999491373696,6,1721,1.189207115e-05,
1214,triangle,456,1101,975,,360138.01102217654,6956599.581142052,8812.21337890625,114.82254961790204,114.46807443266421,64.82254961790204,64.46807443266421,65,1681,6.32455532034e-06,
1215,triangle,52,1154,1153,,360590.003072002,6952140.003072002,25963.7041015625,59.6517273595409,53.94194596975601,9.6517273595409,3.941945969756009,12,1841,7.95270728767e-06,
1216,triangle,948,1487,1181,,356334.2392388652,6947947.977076209,12529.8955078125,64.38516319507066,64.47331903958634,14.385163195070657,14.473319039586338,12,1841,7.95270728767e-06,
1217,triangle,878,1137,1124,,352494.2851491249,6957118.555051324,1087937.134765625,112.89218751008517,123.39961550573753,62.892187510085165,73.39961550573751,6,1721,1.189207115e-05,
1218,triangle,1067,1310,1083,,361031.2181708905,6946217.732865748,383483.38330078125,96.33110823581013,94.55949992265602,46.331108235810134,44.55949992265602,52,1561,1.189207115e-05,
1219,triangle,678,1273,677,,361307.0464499651,6957307.220086534,232035.8154296875,124.9157185842847,119.13788098676476,74.9157185842847,69.13788098676474,12,1841,7.95270728767e-06,
1220,triangle,511,1522,510,,362492.02744838665,6957231.856033448,189354.38427734375,94.50670115918398,112.6814922525934,44.50670115918397,62.68149225259341,12,1841,7.95270728767e-06,
1221,triangle,503,1033,838,,356500.881676628,6951372.736793157,40269.22607421875,68.80704108404694,66.61597963268103,18.807041084046944,16.615979632681025,12,1841,7.95270728767e-06,
1222,triangle,1206,1318,500,,355235.9700146503,6950024.8000181215,93198.77587890625,129.65876096298143,122.40201528962088,79.65876096298143,72.40201528962088,65,1681,6.32455532034e-06,
1223,triangle,183,1308,1247,,356958.26164004015,6956812.3274570005,20004.58740234375,125.18286120285211,123.40272615884608,75.1828612028521,73.4027261588461,65,1681,6.32455532034e-06,
1224,triangle,1190,1430,900,,353370.2223672991,6953955.425757042,236509.0283203125,109.50878921307716,109.7902923040189,59.508789213077165,59.7902923040189,6,1721,1.189207115e-05,
1225,triangle,997,1267,550,,355781.72504311457,6956678.097251671,72660.61083984375,103.18272019701195,109.12037435856992,53.18272019701193,59.120374358569926,6,1721,1.189207115e-05,
1226,triangle,818,1460,1288,,360394.52360028424,6951585.048400946,131110.24072265625,75.28036585490688,71.4943330117623,25.280365854906872,21.494333011762297,12,1841,7.95270728767e-06,
1227,triangle,178,1483,177,,358870.8243443917,6955167.790550336,46433.82763671875,125.70350471070194,119.66275078931231,75.70350471070194,69.6627507893123,65,1681,6.722235022458572e-06,
1228,triangle,37,880,36,,360142.1469809728,6952958.07263695,6645.86376953125,31.873394106755192,33.04674680778752,-18.12660589324481,-16.95325319221248,12,1841,7.95270728767e-06,
1229,triangle,993,1000,505,,355739.1600547354,6951252.510809558,25036.66943359375,77.55632855801953,77.82558509683383,27.55632855801953,27.825585096833834,12,1841,7.313076157647499e-06,
1230,triangle,132,1402,647,,357800.3566137992,6952910.048658379,17152.45849609375,50.20230191320938,50.70418819960641,0.20230191320938384,0.7041881996064167,65,1681,6.3827036048875e-06,
1231,triangle,865,1467,704,,360943.8741789116,6951022.467437607,93425.4619140625,92.75286098358768,89.4334233399798,42.752860983587695,39.43342333997978,12,1841,7.95270728767e-06,
1232,triangle,536,754,569,,363091.5227286928,6948049.745085235,124011.2734375,89.67290463927046,94.98091126482181,39.672904639270456,44.98091126482182,6,1721,1.1892071150000002e-05,
1233,triangle,758,1509,1088,,360663.5481506945,6954738.061553593,121586.87548828125,143.2668510877945,138.72757688562334,93.26685108779449,88.72757688562335,65,1681,6.32455532034e-06,
1234,triangle,695,1213,1156,,355202.9233440174,6957083.145961806,103435.642578125,126.31839403567506,122.94576944459135,76.31839403567506,72.94576944459136,65,1681,6.32455532034e-06,
1235,triangle,999,1371,505,,355459.9118769858,6950905.152083005,99630.2451171875,97.93909393631824,102.47347827140759,47.93909393631826,52.47347827140758,65,1681,6.32455532034e-06,
1236,triangle,739,1253,1125,,358413.08765759226,6946258.560327299,115021.716796875,116.16553531337755,115.34974645224501,66.16553531337753,65.349746452245,12,1841,7.95270728767e-06,
1237,triangle,632,1376,1321,,361017.4194045863,6953913.5308075845,24097.72412109375,37.81457610446209,37.01390300305167,-12.185423895537905,-12.986096996948332,65,1681,6.32455532034e-06,
1238,triangle,664,1301,663,,358295.74823640427,6954681.331952233,48452.2783203125,113.97643846258129,111.58166001641946,63.97643846258127,61.581660016419455,65,1681,6.32455532034e-06,
1239,triangle,762,1316,532,,362549.4442907053,6948841.541208335,80580.126953125,111.40995384777304,112.32852141521796,61.409953847773046,62.32852141521798,12,1841,7.95270728767e-06,
1240,triangle,141,1122,140,,356124.4413737321,6951410.250677803,4471.798828125,65.26395313744463,64.77263478891827,15.263953137444634,14.772634788918268,12,1841,7.95270728767e-06,
1241,triangle,700,1432,558,,365001.2935792259,6952403.327903893,48762.75927734375,141.34803230801603,135.653003047996,91.34803230801603,85.65300304799602,65,1681,6.3827036048875e-06,
1242,triangle,734,1222,773,,358150.637222576,6948057.2426862195,31767.1005859375,84.79872006431297,81.68415202815713,34.79872006431296,31.68415202815712,12,1841,7.95270728767e-06,
1243,triangle,688,1324,529,,361805.4863285246,6948780.384814713,39697.38427734375,92.01218458355504,94.24088308753174,42.01218458355503,44.24088308753172,12,1841,7.8945590031225e-06,
1244,triangle,576,1555,575,,350838.35434127995,6954773.835965085,1140931.6689453125,14.433854992683617,15.091363532299878,-35.56614500731638,-34.90863646770013,1,1,7.205e-05,
1245,triangle,450,1459,415,,359064.32108199847,6951567.1523048235,4742.1337890625,41.647759173827104,41.75951525830575,-8.352240826172894,-8.240484741694251,12,1841,7.95270728767e-06,
1246,triangle,135,1442,653,,355898.36187322676,6951573.815140906,12335.47705078125,69.89206701125994,70.72539586364549,19.892067011259925,20.725395863645474,65,1681,6.4990001739825e-06,
1247,triangle,499,1374,498,,354247.56737363385,6948908.332922719,101084.8251953125,101.02035583850156,104.88689789879213,51.02035583850156,54.88689789879212,12,1841,7.95270728767e-06,
1248,triangle,882,1233,561,,364358.3853512695,6952363.1849820735,110901.341796875,129.20703110899518,130.34617111823053,79.20703110899517,80.34617111823053,65,1681,6.32455532034e-06,
1249,triangle,549,1494,1278,,356000.95324577583,6957544.544475053,93565.2314453125,142.89547297439697,146.19367537010712,92.89547297439694,96.19367537010713,65,1681,6.32455532034e-06,
1250,triangle,815,1357,705,,357465.7689480738,6951514.769747163,113967.873046875,71.96194748547944,68.87178580768989,21.961947485479442,18.871785807689893,12,1841,7.95270728767e-06,
1251,triangle,1229,1482,441,,359710.17336179875,6950666.434843418,13063.00048828125,63.22855807178385,59.50696898508909,13.228558071783851,9.50696898508908,12,1841,7.95270728767e-06,
1252,triangle,528,1188,830,,361749.71602717537,6949999.197132195,38855.861328125,98.96465694518406,97.22012394372568,48.96465694518406,47.22012394372567,12,1841,7.95270728767e-06,
1253,triangle,1,1558,578,,350866.78105214593,6960308.790462102,1221841.1948242188,152.799640740225,88.1101451592549,102.79964074022499,38.1101451592549,6,1721,1.189207115e-05,
1254,triangle,589,1559,2,,370673.391049562,6960422.31397974,894032.6000976562,,24.16442048237025,-10049.0,-4009.0387512741786,23,2151,1.4126116532857142e-05,
1255,triangle,749,1313,1171,,365475.11133930314,6955403.11133285,89716.0517578125,66.25000463813042,75.27637863749636,16.250004638130413,25.276378637496375,65,1681,6.32455532034e-06,
1256,triangle,1096,1409,846,,355901.2326479896,6947529.7219084995,112198.81005859375,67.45199393071158,71.6285479813448,17.45199393071159,21.62854798134479,12,1841,7.95270728767e-06,
1257,triangle,1127,1266,693,,353833.96174732706,6950520.090774865,85583.24658203125,109.69171336593308,111.04303320904148,59.69171336593307,61.0430332090415,65,1681,6.32455532034e-06,
1258,triangle,665,1533,451,,359040.6953880926,6955702.750981671,9711.96484375,90.81569164026472,91.42737182517726,40.81569164026472,41.42737182517727,65,1681,6.32455532034e-06,
1259,triangle,1207,1277,515,,357505.54691630206,6959207.1131847175,434768.337890625,100.40897081587597,125.69832793014233,50.408970815875975,75.69832793014233,12,1841,7.95270728767e-06,
1260,triangle,544,1266,1256,,353685.9529741183,6950153.755160178,65160.455078125,110.8938985563999,108.96666368184883,60.893898556399904,58.96666368184884,65,1681,6.32455532034e-06,
1261,triangle,447,1141,989,,358694.3083882037,6951454.265320573,21697.29638671875,48.40139143703634,48.76375467840462,-1.5986085629636682,-1.2362453215953788,12,1841,7.95270728767e-06,
1262,triangle,765,1098,35,,360057.52886680997,6952731.508458647,27487.3916015625,45.99339532600244,42.16536606489471,-4.006604673997554,-7.834633935105288,12,1841,7.95270728767e-06,
1263,triangle,679,1369,513,,359398.1429454311,6957286.767814319,118735.4599609375,141.92467797963278,146.18666779380544,91.92467797963276,96.18666779380544,65,1681,6.32455532034e-06,
1264,triangle,434,1158,1146,,361091.900828782,6949403.882298206,21068.27099609375,84.12238915017396,80.84137639129291,34.12238915017397,30.841376391292908,12,1841,7.95270728767e-06,
1265,triangle,1001,1263,1187,,359005.77842491743,6948978.23810121,94276.0966796875,81.12848375747171,83.70410059030046,31.128483757471713,33.70410059030046,12,1841,7.95270728767e-06,
1266,triangle,642,1379,641,,358919.9068325744,6953271.788548436,18061.82763671875,44.785110997284015,47.53827215824432,-5.214889002715986,-2.461727841755685,65,1681,6.4990001739825e-06,
1267,triangle,70,1389,610,,362255.88687881565,6952404.597101356,19544.85791015625,104.04841066546479,104.08791893692994,54.04841066546479,54.08791893692993,65,1681,6.4990001739825e-06,
1268,triangle,609,1390,608,,362084.8001619514,6952072.991837279,16475.7626953125,103.4128859567165,102.34799875228858,53.412885956716494,52.34799875228856,65,1681,6.4990001739825e-06,
1269,triangle,1329,1456,1069,,365590.58945290296,6953193.49384774,94063.33251953125,145.6946620989886,151.74905722125683,95.69466209898862,101.74905722125682,65,1681,6.32455532034e-06,
1270,triangle,1118,1454,841,,353689.2980125,6955963.084189795,189469.47265625,80.15900867340952,110.74951337775666,30.159008673409524,60.74951337775665,6,1721,1.189207115e-05,
1271,triangle,783,1367,1211,,354205.06675132946,6944560.881113681,1358426.623046875,69.50709861869687,83.09447974478097,19.507098618696872,33.09447974478096,12,1841,7.95270728767e-06,
1272,triangle,1155,1162,730,,357052.19862073037,6953085.631607574,87016.7021484375,72.35321412594399,77.33347489400877,22.35321412594399,27.333474894008777,65,1681,6.32455532034e-06,
1273,triangle,1021,1183,811,,366988.54039105633,6957833.798712005,1080677.4643554688,14.102226167975585,32.51449006622088,-35.89777383202441,-17.485509933779113,65,1681,2.7447833878197145e-05,
1274,triangle,571,1552,570,,350849.62246678397,6945146.105923127,1173003.5708007812,115.75494312061603,81.8970474127704,65.75494312061603,31.897047412770416,65,1681,7.1066069816125e-06,
1275,triangle,173,858,172,,356532.03357575997,6954058.996435101,4615.87646484375,74.94510407307922,75.68387805486691,24.94510407307922,25.68387805486691,65,1681,6.32455532034e-06,
1276,triangle,861,1466,1005,,357558.7444657274,6944230.179008192,527933.0463867188,106.20621915792672,102.68261169547496,56.206219157926725,52.682611695474954,18,2041,4.30886938006e-06,
1277,triangle,1089,1379,1258,,358865.43389087514,6953508.17709607,29970.1181640625,58.59781595086193,57.60926812283383,8.59781595086193,7.6092681228338295,65,1681,6.32455532034e-06,
1278,triangle,760,1023,793,,358416.29481451656,6952430.978562921,39626.0478515625,55.52943547418727,54.20369187894635,5.529435474187265,4.203691878946347,12,1841,7.95270728767e-06,
1279,triangle,692,1365,789,,359877.41325472045,6945277.924366109,180256.58349609375,112.54996670835767,105.44218199430121,62.549966708357665,55.442181994301194,52,1561,1.189207115e-05,
1280,triangle,1084,1301,752,,358422.79387403885,6954222.137248893,88018.4033203125,97.65560467858464,98.90552628656826,47.65560467858462,48.90552628656826,65,1681,6.32455532034e-06,
1281,triangle,1360,1428,868,,357819.4236536285,6950843.740666464,132857.1044921875,77.808442508718,75.72855874893834,27.808442508717995,25.728558748938354,12,1841,7.95270728767e-06,
1282,triangle,322,1421,323,,358453.9358713041,6947809.349839988,5182.21484375,75.56091496612333,76.01480429754174,25.560914966123338,26.014804297541755,12,1841,7.95270728767e-06,
1283,triangle,325,1422,324,,358545.7060175982,6947966.527071502,5141.92724609375,78.35603324094316,77.73192853055161,28.356033240943162,27.731928530551613,12,1841,7.95270728767e-06,
1284,triangle,472,1423,454,,359371.4285714286,6955537.5,5223.21435546875,78.20475932530046,80.07618876865773,28.204759325300458,30.07618876865772,65,1681,6.32455532034e-06,
1285,triangle,349,1424,348,,357249.2212914813,6948485.967984582,4046.3984375,59.98883104020979,60.0489954423694,9.988831040209787,10.048995442369408,12,1841,7.95270728767e-06,
1286,triangle,482,1425,483,,359070.2300768229,6956583.260200436,3741.77294921875,111.25784284145789,112.0165694236269,61.25784284145789,62.0165694236269,65,1681,6.32455532034e-06,
1287,triangle,483,1426,482,,359060.65104877297,6956517.92916118,3607.9697265625,114.17989360005181,113.6942464741753,64.17989360005181,63.694246474175294,65,1681,6.32455532034e-06,
1288,triangle,1023,1299,10,,358216.4638561947,6952520.769117487,15089.93408203125,46.15735934277679,44.50031554848662,-3.8426406572232086,-5.499684451513372,12,1841,7.95270728767e-06,
1289,triangle,599,1528,598,,368185.2272727273,6942755.954726309,962453.8125,58.70101201510565,61.84391333147542,8.701012015105645,11.84391333147542,12,1841,9.359622952787858e-06,
1290,triangle,632,1321,631,,361145.7467084059,6953929.325598896,21883.46240234375,30.68665914954124,32.10851639113543,-19.313340850458758,-17.891483608864565,65,1681,6.3827036048875e-06,
1291,triangle,1492,1510,777,,359949.28371890145,6949329.13719486,35244.14013671875,68.85862201490417,73.09457232316139,18.858622014904174,23.094572323161376,12,1841,7.95270728767e-06,
1292,triangle,845,1288,751,,359825.1777281544,6951251.560222897,93598.32421875,67.04042443510758,66.29021751458974,17.04042443510758,16.29021751458973,12,1841,7.95270728767e-06,
1293,triangle,587,1544,586,,366315.5102963724,6960957.3167110095,1205490.8984375,,,-10048.999999999998,-10049.0,10,2191,7.828339125178572e-06,
1294,triangle,1064,1451,163,,355938.73693031404,6953934.877456919,8377.2236328125,77.66688179013896,78.46230484494542,27.666881790138966,28.462304844945425,65,1681,6.921074873517858e-06,
1295,triangle,607,1462,1211,,352378.74729843,6943457.088483243,1040188.7607421875,86.1139270723705,72.0023755652616,36.113927072370494,22.002375565261598,12,1841,7.95270728767e-06,
1296,triangle,1154,1460,818,,360557.2672607259,6951821.282509987,71049.96923828125,65.34401306452268,66.33421848866404,15.344013064522684,16.334218488664032,12,1841,7.95270728767e-06,
1297,triangle,934,1222,326,,358361.4901232558,6948038.527952142,9193.7861328125,78.84031355347376,78.12375318827915,28.840313553473777,28.123753188279156,12,1841,7.95270728767e-06,
1298,triangle,569,873,537,,362582.0558800725,6947749.888129377,118520.8447265625,99.03814048017502,106.35987172320853,49.03814048017502,56.35987172320853,52,1561,1.1892071150000002e-05,
1299,triangle,909,1368,1113,,354039.5985344188,6952494.881747599,164378.00390625,106.27532339862172,110.63183062445194,56.275323398621715,60.63183062445194,65,1681,6.32455532034e-06,
1300,triangle,440,1482,439,,359763.09296190046,6950546.611124023,6716.70947265625,57.71322327010331,59.31651996343178,7.713223270103307,9.316519963431778,12,1841,7.95270728767e-06,
1301,triangle,795,796,507,,363728.4834028641,6956083.46648081,39772.2822265625,54.443714189471486,50.84575588993689,4.443714189471489,0.8457558899368903,12,1841,7.95270728767e-06,
1302,triangle,826,1158,437,,360909.4598674469,6949228.88160566,18876.611328125,79.29061413643146,77.34918832896382,29.290614136431465,27.349188328963834,12,1841,7.95270728767e-06,
1303,triangle,830,1053,970,,361582.1386643758,6949824.213522836,19509.52880859375,92.51189262028983,92.05711797053483,42.51189262028983,42.057117970534826,12,1841,7.95270728767e-06,
1304,triangle,811,1363,1204,,365459.7247679481,6958628.691479981,715932.6826171875,12.240650110210847,27.031347618737225,-37.75934988978915,-22.96865238126277,12,1841,2.1687841440312146e-05,
1305,triangle,638,1396,637,,359949.82523278054,6953550.658590928,16409.525390625,52.91105045659424,53.58272659347764,2.911050456594236,3.58272659347764,65,1681,6.673445027625e-06,
1306,triangle,636,1395,635,,360320.0476490815,6953637.3363207625,16244.48046875,64.63434710427802,64.23714550773259,14.634347104278032,14.23714550773259,65,1681,6.4990001739825e-06,
1307,triangle,521,1265,522,,366089.34842604137,6956387.696332623,45312.74853515625,60.20304575201858,52.08212451466582,10.203045752018578,2.08212451466582,65,1681,6.3827036048875e-06,
1308,triangle,579,1558,1,,351489.50832487317,6960941.290462102,1250400.8188476562,175.8542742849704,130.7693586241652,125.85427428497039,80.76935862416518,12,1841,8.093398854181786e-06,
1309,triangle,2,1559,588,,370050.6637768348,6961054.81397974,932276.9614257812,,5.430839866107684,-10049.0,-7356.338084973722,23,2151,4.472135955e-06,
1310,triangle,824,1110,1109,,360114.4268181251,6958845.073982049,557815.8642578125,104.51879863958075,102.95516975959985,54.51879863958075,52.95516975959985,12,1841,7.95270728767e-06,
1311,triangle,330,1245,808,,358326.4504599603,6948373.808404257,16965.37109375,73.59419486852535,73.1938542326909,23.594194868525356,23.193854232690892,12,1841,7.95270728767e-06,
1312,triangle,175,858,174,,356507.03357575997,6954135.145797759,165.681640625,75.39478123678205,75.0612691247367,25.39478123678204,25.061269124736697,65,1681,6.32455532034e-06,
1313,triangle,1410,1435,1115,,354205.60347442765,6954978.929878493,149611.54296875,107.01899808032809,106.93128538009056,57.01899808032809,56.93128538009055,6,1721,1.189207115e-05,
1314,triangle,703,1435,1410,,354546.68346317956,6954950.398730986,139957.80517578125,98.4996251676546,101.00096600274935,48.49962516765461,51.000966002749344,6,1721,1.189207115e-05,
1315,triangle,520,1463,790,,354406.98501920863,6957542.559825596,247481.4130859375,159.3793800857745,135.60233585582048,109.37938008577453,85.60233585582047,65,1681,6.847889881267501e-06,
1316,triangle,756,1520,747,,366810.2786612212,6951685.278812173,496116.205078125,129.3884902595487,132.64678941011948,79.38849025954867,82.64678941011948,6,1721,1.189207115e-05,
1317,triangle,841,1454,731,,353365.85974359204,6955651.61859507,316517.72998046875,71.60171967767968,103.67308738619215,21.601719677679675,53.67308738619215,6,1721,1.189207115e-05,
1318,triangle,739,1007,770,,358805.9270116733,6946644.297290706,49352.71044921875,114.96301153625369,108.18692674733514,64.96301153625369,58.18692674733514,12,1841,7.95270728767e-06,
1319,triangle,568,1504,567,,366849.6176916235,6952689.930316468,46268.6640625,130.93346348405294,128.95000341285368,80.93346348405295,78.95000341285368,6,1721,1.189207115e-05,
1320,triangle,1105,1220,820,,360447.09519549756,6947724.369776972,89771.2490234375,98.65563169857364,100.26615528539446,48.65563169857364,50.26615528539447,12,1841,7.95270728767e-06,
1321,triangle,1118,1260,837,,354300.96388880786,6956129.682278793,126715.0966796875,112.43885612324796,107.82039904205745,62.43885612324796,57.82039904205743,6,1721,1.189207115e-05,
1322,triangle,1507,1508,1157,,367372.1088715011,6955199.81639009,203611.43701171875,171.21550839120115,165.70393616470554,121.21550839120115,115.70393616470555,65,1681,6.32455532034e-06,
1323,triangle,1409,1553,1126,,355695.0791905822,6947080.106310376,127338.8232421875,75.92578148612719,72.92938243963617,25.925781486127192,22.929382439636157,12,1841,7.95270728767e-06,
1324,triangle,610,1389,1242,,362305.9191533995,6952282.783304315,31259.9306640625,101.78466163560633,102.81362065336118,51.78466163560633,52.81362065336118,65,1681,6.32455532034e-06,
1325,triangle,1242,1390,609,,362210.96892322856,6952110.695268407,21178.78173828125,103.71540791506892,103.83675293251433,53.71540791506892,53.83675293251431,65,1681,6.32455532034e-06,
1326,triangle,706,1548,846,,355823.7354315429,6948177.688534322,132787.86767578125,82.31211784848267,78.00856096252706,32.31211784848268,28.008560962527074,12,1841,7.95270728767e-06,
1327,triangle,759,1086,719,,362399.78969526413,6955559.225755299,52550.22412109375,54.18339118594219,55.39151743846495,4.183391185942198,5.391517438464956,65,1681,6.789741596720001e-06,
1328,triangle,148,1433,147,,356694.7916666667,6951680.208333333,7265.625,57.96932880232568,57.50208404329087,7.969328802325672,7.502084043290872,12,1841,7.95270728767e-06,
1329,triangle,392,1434,393,,359783.6309294589,6949810.321256939,6305.37939453125,58.92471839545573,57.839493950075955,8.924718395455724,7.839493950075952,12,1841,7.95270728767e-06,
1330,triangle,980,1168,666,,358539.2152100943,6956464.11409609,15829.00830078125,125.58442160297574,127.55680649005859,75.58442160297572,77.55680649005859,65,1681,6.32455532034e-06,
1331,triangle,1179,1359,805,,362890.84135967604,6949660.5625275625,106574.076171875,116.38548155891745,111.02219916100061,66.38548155891745,61.02219916100061,65,1681,6.32455532034e-06,
1332,triangle,741,1434,988,,359633.1459391981,6949680.214831849,24627.87744140625,73.35691996944826,71.4101933265472,23.356919969448253,21.410193326547216,12,1841,7.95270728767e-06,
1333,triangle,999,1252,501,,355811.92505740654,6950589.482804381,104465.24609375,129.53086486845982,111.205601530197,79.5308648684598,61.205601530196994,65,1681,6.32455532034e-06,
1334,triangle,849,1346,857,,359629.2315027239,6952669.349512398,24406.1240234375,42.277482835470565,42.098018858484465,-7.722517164529434,-7.90198114151553,12,1841,7.95270728767e-06,
1335,triangle,738,1510,1492,,359975.2510042102,6949148.480193548,69802.392578125,73.04494706843448,79.28061145078084,23.04494706843448,29.28061145078084,12,1841,7.95270728767e-06,
1336,triangle,658,1452,657,,356954.81930233614,6954231.4306698,19610.9697265625,80.85985351897783,81.66180234320589,30.859853518977825,31.661802343205892,65,1681,7.318754575636428e-06,
1337,triangle,1253,1287,670,,358787.2413630484,6946161.416978846,44949.3330078125,110.28064171847045,106.6996704355621,60.280641718470456,56.6996704355621,12,1841,7.95270728767e-06,
1338,triangle,493,1286,854,,358710.09791493934,6945377.972244453,94364.6669921875,115.67025685890765,118.79749193227339,65.67025685890763,68.79749193227339,18,2041,4.30886938006e-06,
1339,triangle,1006,1257,750,,359406.3172015203,6947408.294298283,75220.08642578125,102.85827023038016,99.2385224161077,52.85827023038016,49.23852241610769,12,1841,7.95270728767e-06,
1340,triangle,770,1037,928,,359065.4652853824,6946664.21415167,17575.9052734375,98.1194277180602,96.76491856179594,48.1194277180602,46.764918561795945,12,1841,7.95270728767e-06,
1341,triangle,775,950,948,,356433.0681989735,6948186.458333333,18253.544921875,62.777329954734284,63.196205255354045,12.777329954734284,13.196205255354043,12,1841,7.95270728767e-06,
1342,triangle,908,1234,753,,362853.9409959778,6952328.376907271,107574.02001953125,126.20027903609784,120.27778475034904,76.20027903609784,70.27778475034904,65,1681,6.32455532034e-06,
1343,triangle,738,1492,1045,,360180.06406247965,6949130.395335719,39168.341796875,77.54004703535753,73.42132832658295,27.54004703535753,23.421328326582948,12,1841,7.95270728767e-06,
1344,triangle,628,1413,627,,361777.3122409678,6955281.656392227,15399.0810546875,63.31507625473873,64.0331989647199,13.315076254738727,14.033198964719887,65,1681,6.4408518894350004e-06,
1345,triangle,633,1376,129,,360872.6338096769,6953762.681554477,14923.0439453125,37.41491122042322,38.01919588226293,-12.585088779576784,-11.980804117737065,65,1681,6.4990001739825e-06,
1346,triangle,1207,1322,784,,356791.87404589873,6959380.2149164975,319402.11328125,118.49335345012886,126.04045089255855,68.49335345012884,76.04045089255855,12,1841,7.95270728767e-06,
1347,triangle,79,1028,1014,,364867.00038447866,6955642.743825242,10081.8349609375,59.94109719747145,57.87467493433386,9.941097197471457,7.87467493433386,12,1841,7.95270728767e-06,
1348,triangle,747,1268,906,,368384.4304081635,6952158.163099077,720966.45703125,142.2376885472537,135.32273651695195,92.23768854725367,85.32273651695196,6,1721,1.0500192192585e-05,
1349,triangle,1019,1499,821,,362497.5285610521,6959179.878043688,859939.2236328125,64.87476202714402,69.64416298190953,14.874762027144017,19.644162981909524,12,1841,8.172060078276786e-06,
1350,triangle,1171,1313,683,,365459.0048156201,6955656.739992231,50684.6337890625,80.54238006644819,75.52317581011489,30.54238006644819,25.523175810114893,65,1681,6.32455532034e-06,
1351,triangle,130,1397,638,,359778.7849090998,6953500.311317064,13714.27685546875,46.45563496043669,45.2377070502585,-3.5443650395633157,-4.7622929497415,65,1681,6.32455532034e-06,
1352,triangle,1091,1395,1298,,360261.69011311996,6953855.037008278,29729.77880859375,88.32434806366915,84.32696272582302,38.32434806366915,34.32696272582302,65,1681,6.32455532034e-06,
1353,triangle,137,1453,136,,355845.083659814,6951445.314440761,931.1376953125,65.85873014379776,66.07344082856599,15.858730143797766,16.073440828565996,12,1841,7.5456692958375e-06,
1354,triangle,1139,1296,827,,355001.2725668799,6958775.318546374,458577.29443359375,137.48024562270194,138.4244271432185,87.48024562270193,88.42442714321851,12,1841,7.95270728767e-06,
1355,triangle,699,1456,1329,,365743.3601080508,6953026.2251864225,78692.83642578125,127.69800982556518,135.50327360945286,77.69800982556518,85.50327360945285,65,1681,6.32455532034e-06,
1356,triangle,489,1221,976,,359640.625,6956365.625,16523.4375,101.59305581781601,101.94948017597198,51.593055817816,51.949480175971985,65,1681,6.32455532034e-06,
1357,triangle,753,1506,1186,,363532.44212969235,6952313.906203915,120419.4228515625,136.45908219951667,129.60026324350156,86.45908219951667,79.60026324350156,65,1681,6.32455532034e-06,
1358,triangle,1175,1458,73,,363347.8926182955,6953305.795628879,16612.689453125,71.99665693301515,76.94641431945506,21.99665693301513,26.94641431945507,65,1681,6.32455532034e-06,
1359,triangle,473,1366,1177,,358257.0610818444,6956672.108446586,17387.1357421875,134.70488654371297,134.29011148387445,84.70488654371299,84.29011148387445,65,1681,6.32455532034e-06,
1360,triangle,732,1357,1194,,357738.04850888014,6952022.126577248,61219.93115234375,55.46785502088798,58.300710270125215,5.467855020887986,8.300710270125206,12,1841,7.95270728767e-06,
1361,triangle,512,1362,1272,,360343.6138543575,6957502.300899357,136141.78271484375,120.09296235388021,121.95762441864467,70.09296235388021,71.95762441864467,12,1841,7.95270728767e-06,
1362,triangle,936,1531,1095,,358634.38027336745,6948436.28039265,12526.720703125,80.00750690626822,79.34685120703999,30.00750690626823,29.346851207039993,12,1841,7.95270728767e-06,
1363,triangle,765,1530,912,,360326.47920718725,6952625.394716152,11416.01904296875,47.72577787949221,46.48623119372676,-2.274222120507787,-3.513768806273235,12,1841,7.95270728767e-06,
1364,triangle,903,1363,811,,365757.01108520525,6958076.205286981,554350.337890625,15.398243452859996,40.64112703994811,-34.601756547140006,-9.3588729600519,12,1841,1.4820274363991074e-05,
1365,triangle,778,1505,787,,359999.87226772687,6950061.577900014,33876.244140625,74.18737787967271,71.50851626684847,24.187377879672724,21.508516266848478,12,1841,7.95270728767e-06,
1366,triangle,500,1318,674,,355508.2229509575,6950049.02446035,76664.97314453125,124.18640507750054,116.9104184231544,74.18640507750054,66.91041842315441,65,1681,6.32455532034e-06,
1367,triangle,1289,1479,878,,353069.7439253007,6958889.026578732,1058129.02734375,177.05391376233152,159.2441810912421,127.05391376233149,109.24418109124208,12,1841,7.95270728767e-06,
1368,triangle,1088,1382,124,,361100.3839180609,6954891.804434123,68630.42919921875,144.24511008656904,132.86508170587615,94.24511008656906,82.86508170587616,65,1681,6.32455532034e-06,
1369,triangle,1257,1539,708,,359389.41113282874,6947859.581590752,105342.81787109375,98.4204433846724,98.481472637684,48.42044338467239,48.48147263768399,12,1841,7.95270728767e-06,
1370,triangle,517,1551,1080,,356805.77482208906,6957784.934181583,105467.0615234375,157.66489811268227,160.6865772712342,107.66489811268227,110.68657727123417,65,1681,6.32455532034e-06,
1371,triangle,1083,1310,690,,361012.41895101866,6946771.213742133,272363.6943359375,101.74741216878614,96.68901586011617,51.74741216878615,46.68901586011617,52,1561,1.189207115e-05,
1372,triangle,1047,1434,741,,359605.9082660771,6949779.865481677,21258.6044921875,68.93351854150701,67.82723453789983,18.933518541507013,17.82723453789983,12,1841,7.95270728767e-06,
1373,triangle,915,1240,757,,361348.7282454685,6951718.340782429,32645.724609375,71.45294844956916,67.64732003487069,21.45294844956916,17.64732003487069,12,1841,7.95270728767e-06,
1374,triangle,505,1252,999,,355688.2594504435,6950842.818363893,92943.35791015625,101.08282397802287,105.15841580691854,51.08282397802287,55.15841580691853,65,1681,6.32455532034e-06,
1375,triangle,988,1434,391,,359796.35340029513,6949689.975590493,16435.494140625,65.41539575229696,62.67251791283302,15.415395752296968,12.67251791283302,12,1841,7.95270728767e-06,
1376,triangle,987,1433,149,,356813.5416666667,6951686.458333333,15351.5625,61.99569798179207,58.429166264004174,11.995697981792063,8.42916626400417,12,1841,7.95270728767e-06,
1377,triangle,536,1228,535,,363075.26767978555,6948415.370836735,1213.5283203125,100.85740089664631,103.23100343474253,50.857400896646304,53.231003434742526,12,1841,7.95270728767e-06,
1378,triangle,1096,1464,1120,,356376.00113524107,6947515.118383999,66956.9794921875,65.64946212639057,67.6090143058423,15.649462126390581,17.609014305842297,12,1841,7.95270728767e-06,
1379,triangle,784,1322,1079,,356605.3925506275,6958943.371178366,176645.66748046875,135.98944424674767,141.21522392092754,85.98944424674768,91.21522392092754,12,1841,7.95270728767e-06,
1380,triangle,1153,1383,52,,360530.5256800636,6952230.525680064,16549.740234375,55.20311036485086,51.55188724908742,5.20311036485086,1.5518872490874174,12,1841,7.95270728767e-06,
1381,triangle,131,1334,1255,,359340.0989577127,6953501.914396693,26334.2802734375,54.01848399299349,54.46447773353106,4.0184839929934855,4.464477733531069,65,1681,6.32455532034e-06,
1382,triangle,873,1083,538,,361829.19761465257,6947261.339098272,466833.9033203125,91.11090373890642,97.34080246361525,41.110903738906416,47.34080246361526,52,1561,1.189207115e-05,
1383,triangle,840,1561,498,,353838.31792150554,6949288.591843563,187307.30908203125,120.66379904922371,106.64916621393648,70.6637990492237,56.649166213936475,65,1681,6.32455532034e-06,
1384,triangle,955,1279,381,,360490.3593839105,6949367.447096958,18058.6416015625,73.00897894553975,67.79253204362477,23.008978945539745,17.792532043624774,12,1841,7.95270728767e-06,
1385,triangle,1277,1341,681,,357979.31562219776,6958653.824384308,134192.0751953125,147.72494422013514,139.65729646477857,97.72494422013514,89.65729646477858,12,1841,7.95270728767e-06,
1386,triangle,827,1534,784,,355553.8653837482,6959673.934355316,707942.0029296875,147.46266875650966,151.7278027626191,97.46266875650963,101.7278027626191,12,1841,7.95270728767e-06,
1387,triangle,899,1191,1108,,354518.6914758158,6947450.2791592935,655910.67578125,68.38826909664985,62.03597913195631,18.388269096649854,12.03597913195631,12,1841,7.95270728767e-06,
1388,triangle,726,1267,768,,355684.6063781087,6956297.405597336,70363.29736328125,97.45623101264715,98.34998101470019,47.456231012647144,48.3499810147002,6,1721,1.189207115e-05,
1389,triangle,808,937,330,,358349.34922948777,6948455.856934611,9974.9453125,72.2537438689282,71.06042885067001,22.2537438689282,21.06042885067,12,1841,7.95270728767e-06,
1390,triangle,337,938,808,,358202.99740217975,6948600.3557418985,9340.55078125,69.84299593421709,69.0998070108436,19.842995934217086,19.09980701084361,12,1841,7.95270728767e-06,
1391,triangle,1044,1045,381,,360414.7464607074,6949194.154860951,11659.60595703125,65.65008754780207,63.25749621340585,15.650087547802068,13.257496213405851,12,1841,7.95270728767e-06,
1392,triangle,447,1059,1058,,358832.0558929528,6951292.857469191,12854.849609375,49.6377896742491,51.301470452156174,-0.36221032575089923,1.3014704521561755,12,1841,7.95270728767e-06,
1393,triangle,826,1279,1158,,360790.8579231769,6949308.634415281,22065.96875,81.82917520309965,81.14773096844043,31.829175203099652,31.14773096844043,12,1841,7.95270728767e-06,
1394,triangle,1144,1523,1478,,366256.5076646499,6954937.245083311,137253.50048828125,94.58577487902865,110.58541696758557,44.58577487902865,60.58541696758559,65,1681,6.32455532034e-06,
1395,triangle,1478,1523,812,,366428.7521475404,6955172.455953024,131276.1171875,123.77606594442837,118.80321697543816,73.77606594442837,68.80321697543818,65,1681,6.32455532034e-06,
1396,triangle,618,1335,617,,363578.80487740965,6953605.907184581,20043.87744140625,90.24548411333524,88.28537964508229,40.245484113335245,38.28537964508228,65,1681,6.32455532034e-06,
1397,triangle,1124,1137,841,,352818.16021900094,6956460.478609637,588222.53515625,100.7988271330282,119.46899982673527,50.798827133028205,69.46899982673527,6,1721,1.189207115e-05,
1398,triangle,1160,1275,804,,360963.3746512769,6956194.335608424,176162.53173828125,144.27709489215337,144.61147304214157,94.27709489215337,94.61147304214154,65,1681,6.32455532034e-06,
1399,triangle,123,1414,628,,361613.1672496432,6955211.899107781,14540.904296875,77.92724534539425,78.09094512189957,27.92724534539426,28.09094512189957,65,1681,6.4990001739825e-06,
1400,triangle,761,1350,947,,356786.491133955,6947916.236690926,44135.7763671875,65.65713597954387,64.55273489417509,15.65713597954386,14.55273489417509,12,1841,7.95270728767e-06,
1401,triangle,531,1316,996,,362231.3291957265,6948593.275064573,76217.97265625,124.78762316153544,118.1471623515195,74.78762316153542,68.1471623515195,12,1841,7.95270728767e-06,
1402,triangle,973,1484,1090,,359179.83159381145,6955434.70213665,9519.08984375,92.76381299488484,88.670832834517,42.763812994884844,38.67083283451699,65,1681,6.32455532034e-06,
1403,triangle,674,1318,999,,355518.2592794089,6950301.873038602,95281.7060546875,133.85561429932451,126.31275400115214,83.85561429932453,76.31275400115216,65,1681,6.32455532034e-06,
1404,triangle,770,1287,739,,358799.08019261755,6946487.676599756,52574.02001953125,108.47005700020787,107.94301996131115,58.47005700020787,57.94301996131116,12,1841,7.95270728767e-06,
1405,triangle,1008,1135,755,,364697.3359446718,6956161.207884483,36919.29296875,18.38222152033321,26.890393685780584,-31.61777847966679,-23.109606314219416,12,1841,7.95270728767e-06,
1406,triangle,714,1554,839,,357970.84392878227,6947520.055249456,110260.09716796875,94.37016770743676,91.48260317363592,44.37016770743677,41.482603173635916,12,1841,7.95270728767e-06,
1407,triangle,359,1487,360,,356435.5255689325,6947887.149303745,4440.87353515625,61.89436013968792,61.85182415446183,11.894360139687912,11.851824154461825,12,1841,7.95270728767e-06,
1408,triangle,716,1516,801,,357346.7616939226,6948830.860574569,29489.53759765625,71.16252385496918,70.075022600656,21.162523854969187,20.07502260065599,12,1841,7.95270728767e-06,
1409,triangle,1096,1120,891,,356484.90746919205,6947307.228139876,98836.04296875,74.08336312967988,75.18415485361096,24.083363129679878,25.184154853610966,12,1841,7.95270728767e-06,
1410,triangle,540,1401,690,,360607.0589679577,6947099.492547358,79374.85400390625,116.7768274689019,110.45829505369373,66.77682746890191,60.458295053693725,12,1841,7.95270728767e-06,
1411,triangle,1204,1544,811,,365864.4537505487,6959288.798533897,1077499.953125,5.546102175607923,7.976123829491142,-44.45389782439209,-3377.6825841136724,23,2151,1.7161142272441075e-05,
1412,triangle,646,1400,645,,358170.80387468264,6953028.476000107,17101.3515625,56.688835946621325,57.256206661828834,6.688835946621317,7.256206661828841,65,1681,6.6152967430775e-06,
1413,triangle,644,1399,643,,358540.33297889977,6953160.5027199425,20913.56005859375,56.74536883608111,57.85290759040333,6.745368836081115,7.85290759040334,65,1681,6.3827036048875e-06,
1414,triangle,657,1452,810,,356897.74111805327,6954110.785566445,23152.900390625,77.14867157832042,80.26611130235358,27.14867157832042,30.26611130235357,65,1681,6.32455532034e-06,
1415,triangle,537,873,689,,362319.8072231585,6947739.314543351,155940.953125,99.4345194815053,105.89580260069762,49.43451948150529,55.895802600697635,52,1561,1.189207115e-05,
1416,triangle,815,1293,838,,356863.3022395032,6951295.977171979,64151.76123046875,45.8127067863681,60.55182315566848,-4.187293213631899,10.551823155668481,12,1841,7.95270728767e-06,
1417,triangle,917,1223,506,,363177.98717457923,6955666.244619697,15765.314453125,45.85932211539311,40.002267887962056,-4.140677884606891,-9.997732112037944,12,1841,7.95270728767e-06,
1418,triangle,535,1072,998,,363502.9840782692,6948529.695426688,174088.60009765625,71.57263631369221,86.63308753813898,21.572636313692215,36.63308753813899,6,1721,1.0485155484882145e-05,
1419,triangle,498,1374,1191,,354125.6719999981,6948504.125054009,193411.85400390625,85.91581976871656,89.8817687059597,35.91581976871655,39.88176870595968,12,1841,7.95270728767e-06,
1420,triangle,889,1019,821,,362894.9826055062,6958525.7585693905,536941.7255859375,87.74511831710606,75.42416252454451,37.74511831710606,25.42416252454451,12,1841,7.95270728767e-06,
1421,triangle,530,1193,893,,361458.54106394487,6948295.283646528,107176.8779296875,99.733250905923,97.47646906196098,49.73325090592299,47.476469061960984,12,1841,7.95270728767e-06,
1422,triangle,1217,1527,828,,356147.97534253664,6952690.349378742,118327.16796875,101.97517792580639,104.8769807127058,51.97517792580639,54.876980712705794,65,1681,6.32455532034e-06,
1423,triangle,1298,1396,1131,,359900.2766788653,6953776.421971385,31740.2578125,67.32369919055117,64.08677176601283,17.32369919055116,14.086771766012836,65,1681,6.32455532034e-06,
1424,triangle,1259,1377,626,,364908.8236146132,6955387.696435727,16725.98046875,60.128263177295004,60.3106150989336,10.128263177295004,10.310615098933605,65,1681,6.32455532034e-06,
1425,triangle,561,1233,560,,364316.90301660774,6952064.337408073,106132.0263671875,117.45988878332335,116.58462617262096,67.45988878332336,66.58462617262094,65,1681,6.3827036048875e-06,
1426,triangle,792,1219,875,,355582.5738209895,6955196.663187874,62181.5546875,91.7506104735853,90.12542846587247,41.75061047358529,40.125428465872474,6,1721,1.189207115e-05,
1427,triangle,83,1386,1028,,364659.4328562394,6955750.91438451,12037.7685546875,46.12745445716823,44.36012253553209,-3.8725455428317677,-5.639877464467908,12,1841,7.95270728767e-06,
1428,triangle,671,1205,672,,359275.5102379897,6945819.42618959,52365.69921875,120.65187300472415,120.86894039978749,70.65187300472414,70.86894039978749,12,1841,7.0417478107675e-06,
1429,triangle,805,1542,1179,,363015.63551034924,6949920.315041241,135909.77978515625,125.62013384565843,116.65753466188636,75.62013384565842,66.65753466188636,65,1681,6.32455532034e-06,
1430,triangle,550,1267,695,,355510.9670325192,6956715.831719965,89885.7236328125,105.41962834006924,111.58649504433022,55.41962834006924,61.58649504433023,6,1721,1.1693231298940716e-05,
1431,triangle,672,1248,671,,359110.8503250874,6945783.419327505,45330.12060546875,123.29301342592223,121.97993034409166,73.29301342592221,71.97993034409167,18,2041,4.30886938006e-06,
1432,triangle,662,1406,661,,357682.99022231926,6954470.302659814,16284.3935546875,97.57982022796003,96.64188555145968,47.579820227960035,46.64188555145969,65,1681,6.722235022458572e-06,
1433,triangle,660,1407,659,,357315.91386863956,6954354.374362533,16728.0927734375,81.77663022410032,83.02360963963743,31.77663022410032,33.023609639637435,65,1681,6.722235022458572e-06,
1434,triangle,649,1330,648,,357236.4007623058,6952662.899413454,32547.33447265625,65.76448061677186,64.4063751591483,15.764480616771863,14.40637515914829,65,1681,6.4408518894350004e-06,
1435,triangle,1056,1486,435,,361203.18985350983,6949233.354952742,13317.6064453125,81.94926766831695,80.32216043593478,31.94926766831696,30.322160435934773,12,1841,7.95270728767e-06,
1436,triangle,808,1245,734,,358185.37903138885,6948311.308404257,38841.8779296875,75.38679725606764,75.24266428329197,25.38679725606765,25.242664283291962,12,1841,7.95270728767e-06,
1437,triangle,1471,1499,1019,,361774.0435411546,6959000.295618025,816025.716796875,63.0100492581786,74.64405478391377,13.010049258178597,24.64405478391377,12,1841,8.172060078276786e-06,
1438,triangle,1284,1374,499,,354570.26518601296,6948955.917787167,147830.94677734375,107.71974992050234,104.42027144128933,57.71974992050232,54.42027144128932,12,1841,7.95270728767e-06,
1439,triangle,868,1428,1209,,358084.12211366865,6950876.507133614,72887.47021484375,76.59271107560059,75.75295090249418,26.592711075600597,25.75295090249418,12,1841,7.95270728767e-06,
1440,triangle,77,1477,1317,,364629.24001352984,6954973.917058584,16436.427734375,105.88217449808275,102.71705666692846,55.88217449808276,52.717056666928464,65,1681,6.3827036048875e-06,
1441,triangle,643,1399,1258,,358618.8000999884,6953294.076107816,30199.4248046875,56.94927972356695,58.334655113788905,6.949279723566949,8.334655113788907,65,1681,6.32455532034e-06,
1442,triangle,1378,1394,613,,362788.53298522456,6952923.236033845,23765.048828125,84.37904936341279,86.96411621361399,34.37904936341279,36.964116213614005,65,1681,6.32455532034e-06,
1443,triangle,504,1122,675,,356096.70237625757,6951216.587271084,18552.298828125,81.67397755313806,80.26988098837153,31.67397755313806,30.26988098837151,12,1841,7.72011414948e-06,
1444,triangle,1235,1547,1065,,356827.6647511567,6950227.738112859,116344.66357421875,50.46135806247159,68.55178953672981,0.4613580624715852,18.551789536729828,12,1841,7.95270728767e-06,
1445,triangle,1102,1369,733,,359384.2102303872,6956851.604731806,53791.3046875,140.12383578247162,138.1292462158497,90.12383578247162,88.12924621584968,65,1681,6.32455532034e-06,
1446,triangle,648,1330,1155,,357277.31031108025,6952834.734684068,37688.3828125,59.22138780432846,61.41415407274955,9.221387804328458,11.414154072749545,65,1681,6.32455532034e-06,
1447,triangle,1132,1364,817,,364031.1071399968,6956423.033755507,70056.12353515625,68.46655606165696,71.51240994914679,18.46655606165696,21.512409949146804,12,1841,7.95270728767e-06,
1448,triangle,1210,1320,1109,,359446.8972127942,6958254.980305606,200795.6064453125,130.87416800985682,130.03947329449898,80.87416800985682,80.03947329449899,12,1841,7.95270728767e-06,
1449,triangle,1003,1091,758,,360548.6657062296,6954199.167404379,86374.5263671875,96.82510322888939,97.28884522212392,46.82510322888938,47.28884522212393,65,1681,6.32455532034e-06,
1450,triangle,623,1449,622,,364428.92719934107,6954795.462773097,12655.04052734375,105.28784046197372,105.13631359140437,55.287840461973715,55.13631359140438,65,1681,6.4408518894350004e-06,
1451,triangle,1164,1527,713,,355601.5108972609,6953007.351317626,137828.30419921875,124.52283640915377,127.00311458757756,74.52283640915375,77.00311458757756,65,1681,6.32455532034e-06,
1452,triangle,134,1405,650,,356698.6347180984,6952359.044626981,50485.74609375,78.11685693068095,81.52542428211913,28.116856930680957,31.52542428211913,65,1681,6.3827036048875e-06,
1453,triangle,881,1291,798,,358617.7852785152,6947155.18491248,23510.7275390625,107.06974474517004,101.04562008289098,57.06974474517003,51.04562008289097,12,1841,7.95270728767e-06,
1454,triangle,1110,1362,1210,,360020.03575372713,6957931.323944154,158299.0625,120.26210299651592,125.32970642247672,70.26210299651592,75.32970642247675,12,1841,7.95270728767e-06,
1455,triangle,767,1387,1355,,356016.355333656,6953520.697960856,57086.619140625,92.90027840675701,95.73752068416862,42.900278406757,45.73752068416862,65,1681,6.32455532034e-06,
1456,triangle,72,1458,1176,,363197.9283393793,6953227.653267021,14049.77587890625,69.99514437011302,71.42931712502403,19.995144370113017,21.42931712502403,65,1681,6.32455532034e-06,
1457,triangle,674,1348,500,,355663.9327633307,6949841.320226308,65730.77880859375,94.95040380686322,99.58315416407525,44.95040380686321,49.583154164075246,12,1841,7.836410718575001e-06,
1458,triangle,613,1394,612,,362641.79279921623,6952867.650894217,22763.47314453125,95.18400188191097,95.76372640757711,45.184001881910966,45.7637264075771,65,1681,6.673445027625e-06,
1459,triangle,717,1385,802,,359099.4186590721,6950560.341441348,44948.04443359375,70.95946911342702,75.72782657529777,20.95946911342702,25.727826575297765,12,1841,7.95270728767e-06,
1460,triangle,641,1381,640,,359098.59103051876,6953323.571107934,16547.22265625,47.23626384130941,48.028742489703404,-2.7637361586905977,-1.9712575102966003,65,1681,6.55714845853e-06,
1461,triangle,704,1345,1288,,360417.2514430464,6951047.944255404,128789.447265625,87.35955779280155,79.42540773956152,37.35955779280156,29.42540773956152,12,1841,7.95270728767e-06,
1462,triangle,560,1063,834,,364355.5536362922,6951329.8494089795,261628.3798828125,79.67221994614103,87.34233374926771,29.672219946141027,37.342333749267716,12,1841,7.836410718575001e-06,
1463,triangle,1289,1558,579,,352390.6533253047,6960440.662227566,994847.7841796875,123.34667608508657,143.25036079935367,73.34667608508657,93.25036079935369,12,1841,7.95270728767e-06,
1464,triangle,1451,1517,163,,355844.8938935809,6954009.799246691,22623.69140625,77.47827981368272,80.42630729991522,27.478279813682718,30.426307299915223,6,1721,1.0699032043644285e-05,
1465,triangle,900,1431,731,,353041.31482893485,6954657.283430099,434202.1103515625,106.93172452957683,89.02740117649039,56.93172452957681,39.02740117649038,6,1721,1.189207115e-05,
1466,triangle,436,1486,1300,,361084.214732941,6949109.979976947,14464.8603515625,76.05409920372195,76.69349638861694,26.054099203721957,26.693496388616936,12,1841,7.95270728767e-06,
1467,triangle,221,1192,220,,356413.89397648745,6954242.674012522,4886.10107421875,74.38306137576846,75.05439146739515,24.383061375768467,25.054391467395146,6,1721,1.189207115e-05,
1468,triangle,996,1103,537,,362463.4926385332,6948249.8750204155,79249.3271484375,120.62669463260579,121.45744460604192,70.62669463260579,71.45744460604192,12,1841,7.95270728767e-06,
1469,triangle,546,1282,694,,352971.67616994196,6951137.309052534,135815.57861328125,105.10320960466379,103.86783671220599,55.10320960466379,53.86783671220599,65,1681,6.32455532034e-06,
1470,triangle,838,1293,503,,356624.89980038366,6951252.318928937,47098.35791015625,56.97938759080607,61.943590277827376,6.979387590806068,11.943590277827377,12,1841,7.95270728767e-06,
1471,triangle,163,1517,1338,,355900.04404678853,6954113.911220991,28623.0390625,81.00714603149589,81.46014853532422,31.007146031495893,31.460148535324223,6,1721,1.189207115e-05,
1472,triangle,502,1538,1235,,356459.5677423062,6950684.1174554415,73900.3115234375,79.5552957014768,75.92639135307566,29.55529570147679,25.926391353075662,12,1841,7.95270728767e-06,
1473,triangle,195,1519,1099,,355997.04241071426,6956051.785714286,10480.95703125,87.76938613702671,88.63503413703245,37.7693861370267,38.63503413703244,6,1721,1.189207115e-05,
1474,triangle,69,859,68,,361863.17087996355,6951848.658240072,3744.072265625,87.61925896492448,87.9601330063273,37.619258964924484,37.960133006327304,12,1841,7.95270728767e-06,
1475,triangle,1006,1314,799,,359048.7593685955,6947484.735031283,20227.4697265625,96.62488229571686,94.96363719310754,46.62488229571686,44.96363719310754,12,1841,7.95270728767e-06,
1476,triangle,1189,1545,1105,,360289.3400433087,6948075.685892515,53286.95849609375,80.57657369150054,86.34588764225161,30.576573691500545,36.3458876422516,12,1841,7.95270728767e-06,
1477,triangle,820,1189,1105,,360207.8943399222,6947870.8825894,89315.6513671875,86.58520331237948,92.38245150295496,36.58520331237948,42.38245150295497,12,1841,7.95270728767e-06,
1478,triangle,1258,1379,642,,358812.9924766675,6953346.003715212,23095.4892578125,49.47377898329593,52.94609151473159,-0.5262210167040698,2.9460915147315934,65,1681,6.32455532034e-06,
1479,triangle,1162,1330,649,,357058.2707396049,6952731.981535274,39881.7705078125,79.5065566355585,75.22145507408867,29.50655663555849,25.221455074088656,65,1681,6.32455532034e-06,
1480,triangle,993,1274,1196,,355586.5954278572,6951422.209097321,30035.0703125,69.25963681694351,70.46083127489378,19.259636816943505,20.460831274893778,65,1681,6.32455532034e-06,
1481,triangle,767,1355,1064,,355995.4974201603,6953724.926238269,44516.5087890625,89.94592074298785,86.64510859305072,39.94592074298785,36.645108593050715,65,1681,6.32455532034e-06,
1482,triangle,683,1313,684,,365252.88790044055,6955685.123096641,33716.87451171875,86.40991020172565,83.12244225901055,36.409910201725644,33.122442259010555,65,1681,6.4408518894350004e-06,
1483,triangle,973,1090,178,,359083.2785534663,6955406.077895057,26434.626953125,100.28251992886422,95.47045071080207,50.282519928864204,45.470450710802055,65,1681,6.32455532034e-06,
1484,triangle,1235,1538,884,,356692.87067108345,6950672.953288243,80700.92529296875,66.17992050498214,65.09353345665464,16.179920504982125,15.093533456654647,12,1841,7.95270728767e-06,
1485,triangle,1199,1200,186,,356568.0739787289,6956816.374063979,24855.35986328125,118.85703796822835,115.59247206704454,68.85703796822835,65.59247206704454,6,1721,1.1693231298940716e-05,
1486,triangle,735,1083,873,,362163.2032910222,6946553.059922755,860083.888671875,85.7720632306028,92.36311026777469,35.7720632306028,42.363110267774694,52,1561,1.189207115e-05,
1487,triangle,752,1301,1136,,358656.4764025542,6954373.658922513,133860.5478515625,81.35814862002755,95.93018198244015,31.358148620027556,45.93018198244016,65,1681,6.32455532034e-06,
1488,triangle,1087,1254,687,,362116.5760399767,6949350.228220337,58430.50830078125,98.68218083093106,97.18613416291595,48.68218083093107,47.186134162915955,65,1681,6.32455532034e-06,
1489,triangle,782,1062,851,,359331.3283060021,6956263.346192538,27270.08984375,111.82566612795958,109.27765563852113,61.825666127959586,59.27765563852112,65,1681,6.32455532034e-06,
1490,triangle,667,1408,1177,,357902.8851659814,6956603.83317858,42325.42724609375,141.73987404555768,143.62333035733272,91.7398740455577,93.6233303573327,65,1681,6.32455532034e-06,
1491,triangle,637,1396,1298,,360018.17190847546,6953662.493928869,23564.47802734375,64.28253239617736,64.47631042878378,14.282532396177356,14.476310428783771,65,1681,6.32455532034e-06,
1492,triangle,1298,1395,636,,360208.94306490273,6953706.861738072,23342.3212890625,72.40831359300901,71.79856342503588,22.408313593009012,21.79856342503589,65,1681,6.32455532034e-06,
1493,triangle,840,1325,542,,353156.9080592525,6949409.049034334,206454.7001953125,103.60264802906485,105.92913493901631,53.602648029064845,55.9291349390163,65,1681,6.32455532034e-06,
1494,triangle,616,1458,72,,363218.1322753678,6953327.241681236,6691.01953125,69.28277722429264,70.85809391157706,19.282777224292644,20.858093911577058,65,1681,6.4408518894350004e-06,
1495,triangle,812,1523,1074,,366289.3195153259,6955494.127788869,150883.88671875,110.58003150531502,110.71045328586183,60.58003150531502,60.71045328586183,65,1681,6.32455532034e-06,
1496,triangle,564,834,565,,363731.0185119616,6951298.894959544,55880.88671875,80.70887107316304,85.50336393810232,30.708871073163042,35.50336393810231,12,1841,7.5456692958375e-06,
1497,triangle,1216,1468,1012,,363853.42244868056,6949670.172142252,152492.03759765625,110.50080957305954,96.4801419223921,60.500809573059556,46.4801419223921,65,1681,6.3827036048875e-06,
1498,triangle,842,1192,654,,356290.1847024762,6954182.4436944425,9830.9287109375,81.20307688440911,80.41459774111574,31.20307688440911,30.41459774111574,6,1721,1.189207115e-05,
1499,triangle,47,1530,46,,360419.7263063435,6952684.461501941,3405.791015625,42.108509308312065,41.84192570924068,-7.891490691687935,-8.158074290759327,12,1841,7.95270728767e-06,
1500,triangle,332,1531,331,,358531.45317159034,6948486.82109623,3538.482421875,71.30443928492619,71.22092789859441,21.304439284926193,21.220927898594407,12,1841,7.95270728767e-06,
1501,triangle,383,1532,384,,360260.8193554342,6949392.210467406,4407.822265625,60.39385425822666,59.62319668228628,10.393854258226666,9.623196682286283,12,1841,7.95270728767e-06,
1502,triangle,73,1470,1175,,363432.80953402485,6953346.657527126,19382.029296875,76.50243201082795,81.08522366523327,26.502432010827935,31.085223665233286,65,1681,6.32455532034e-06,
1503,triangle,871,1502,847,,356377.17100359476,6945921.569043388,689091.59765625,63.44856946277859,84.30472960891882,13.44856946277859,34.30472960891883,12,1841,7.95270728767e-06,
1504,triangle,903,1183,521,,366180.2502716258,6957019.195433783,388394.001953125,41.27599392100338,49.80367309033613,-8.72400607899662,-0.19632690966387165,65,1681,7.0804830194575e-06,
1505,triangle,1270,1515,1054,,361556.51681818906,6949330.542730808,17757.97802734375,87.85592841171096,86.69491850743732,37.85592841171097,36.694918507437336,12,1841,7.95270728767e-06,
1506,triangle,1116,1335,1121,,363769.7483760028,6953455.810775924,41767.75146484375,77.15850506676827,81.11843192198684,27.158505066768267,31.11843192198685,65,1681,6.32455532034e-06,
1507,triangle,1078,1372,512,,360323.8705138695,6956940.149455209,41142.421875,131.7812361800929,131.43793123362323,81.7812361800929,81.43793123362322,65,1681,6.32455532034e-06,
1508,triangle,720,1220,1105,,360630.2542771432,6947943.4065253,91362.17236328125,97.27634937306144,97.70193731584699,47.27634937306143,47.701937315847,12,1841,7.95270728767e-06,
1509,triangle,519,1494,682,,355643.5531592487,6957851.765235937,87743.4775390625,157.77883578450584,154.40421284817333,107.77883578450584,104.40421284817334,65,1681,6.3827036048875e-06,
1510,triangle,87,1473,86,,364418.4270589097,6955941.572382212,6749.93701171875,31.86025039780342,29.421692056211523,-18.13974960219658,-20.578307943788477,12,1841,7.95270728767e-06,
1511,triangle,748,1026,849,,359409.9432051153,6952599.223977621,30562.1337890625,48.230798038668276,46.65805303745773,-1.7692019613317322,-3.3419469625422735,12,1841,7.95270728767e-06,
1512,triangle,635,1412,634,,360495.2089568596,6953673.57340765,14885.16162109375,62.41994500562693,61.61138230568661,12.41994500562692,11.611382305686604,65,1681,6.673445027625e-06,
1513,triangle,627,1413,1231,,361835.4035582279,6955397.590145603,22682.94091796875,58.1946070817178,60.68386191592267,8.194607081717793,10.683861915922657,65,1681,6.32455532034e-06,
1514,triangle,843,1265,1183,,366624.6785644467,6956447.219800831,228910.03173828125,74.56804634292098,75.54938014043223,24.568046342920972,25.549380140432238,65,1681,6.32455532034e-06,
1515,triangle,863,1307,546,,352481.50388096523,6950592.010273804,287437.99462890625,80.16227783163872,95.33536001892742,30.162277831638725,45.33536001892744,6,1721,1.189207115e-05,
1516,triangle,820,1257,1189,,359937.3198017516,6947764.169235662,140541.736328125,96.22856802991582,95.3360116707853,46.22856802991583,45.3360116707853,12,1841,7.95270728767e-06,
1517,triangle,852,1219,792,,355588.3589548042,6954984.5165114915,75799.57177734375,87.8280398957301,92.89504957191356,37.82803989573009,42.89504957191357,6,1721,1.189207115e-05,
1518,triangle,716,1388,727,,357456.9692647431,6949167.314815876,129079.623046875,80.49940352287109,80.55843724618971,30.499403522871077,30.558437246189712,12,1841,7.95270728767e-06,
1519,triangle,562,1295,1186,,363648.1329866059,6951831.688392309,34907.71630859375,91.5600669782636,96.21970178892587,41.560066978263606,46.219701788925875,65,1681,6.32455532034e-06,
1520,triangle,684,1294,683,,365163.63538547093,6955803.519874374,30056.099609375,102.15040794412808,87.69736775770885,52.150407944128084,37.697367757708854,12,1841,7.836410718575001e-06,
1521,triangle,1229,1568,404,,359615.1004998728,6950712.279649246,3205.814453125,53.2917751254389,52.470371671174625,3.2917751254389,2.4703716711746218,12,1841,7.95270728767e-06,
1522,triangle,441,1568,1229,,359640.10049987276,6950687.279649246,3142.34521484375,55.20807186380756,53.370371925487774,5.208071863807566,3.3703719254877726,12,1841,7.95270728767e-06,
1523,triangle,1036,1159,216,,356151.31218643533,6954452.614483166,8069.00390625,80.86460473045179,79.7852290115356,30.864604730451788,29.78522901153561,6,1721,1.189207115e-05,
1524,triangle,105,1223,104,,363110.2046885563,6955535.251315956,3965.7734375,28.78553523552802,27.967691539494968,-21.214464764471977,-22.032308460505035,12,1841,7.95270728767e-06,
1525,triangle,659,1407,1271,,357251.4168697844,6954239.1370333545,21424.97314453125,79.67221538967345,82.94898331917878,29.672215389673454,32.94898331917878,65,1681,6.32455532034e-06,
1526,triangle,732,1165,760,,358112.7717376237,6952228.42697792,48232.91796875,62.07292567545315,58.96793630669305,12.072925675453147,8.96793630669305,12,1841,7.95270728767e-06,
1527,triangle,406,1385,960,,359280.5076895268,6950857.351353638,18923.78662109375,54.148465813783105,54.95905058537145,4.148465813783109,4.959050585371451,12,1841,7.95270728767e-06,
1528,triangle,44,911,43,,360392.04552927514,6952875.29729937,6486.431640625,34.147518772737165,35.234937987454806,-15.852481227262837,-14.765062012545192,12,1841,7.95270728767e-06,
1529,triangle,48,912,47,,360461.7240340339,6952584.424755566,6058.26123046875,41.529488350131366,42.862272625768135,-8.47051164986864,-7.137727374231862,12,1841,7.95270728767e-06,
1530,triangle,57,913,56,,360987.5,6952062.5,5625.0,49.78889009687636,49.72500038146973,-0.2111099031236424,-0.27499961853027344,12,1841,7.95270728767e-06,
1531,triangle,59,914,58,,361137.5,6951987.5,5625.0,53.30833233727349,53.291666984558105,3.308332337273482,3.2916669845581055,12,1841,7.95270728767e-06,
1532,triangle,61,915,60,,361289.929412507,6951904.694886203,6229.7666015625,57.24821264512866,57.742367693918816,7.2482126451286675,7.742367693918811,12,1841,7.95270728767e-06,
1533,triangle,99,916,98,,363542.7255648726,6955643.816354384,5747.7138671875,20.698281895312515,23.44084882430363,-29.301718104687485,-26.55915117569637,12,1841,7.95270728767e-06,
1534,triangle,101,917,100,,363379.52030349383,6955569.778956789,7341.59814453125,22.613736195526357,25.687499383829206,-27.386263804473646,-24.312500616170794,12,1841,7.95270728767e-06,
1535,triangle,106,918,105,,363010.87927226437,6955488.867183011,5961.1396484375,23.22774048599077,23.476597800083397,-26.77225951400923,-26.523402199916603,12,1841,7.95270728767e-06,
1536,triangle,145,919,144,,356469.3470596997,6951617.6208088845,5819.203125,60.592084075248295,60.78182455801228,10.592084075248295,10.781824558012273,12,1841,7.95270728767e-06,
1537,triangle,151,920,150,,356841.19225496316,6951916.265249722,5616.7880859375,58.810501679530745,56.17671140603911,8.810501679530752,6.17671140603911,12,1841,7.95270728767e-06,
1538,triangle,156,921,155,,357133.307776203,6952210.240929853,5407.5205078125,53.67347617769916,52.24813455738727,3.6734761776991505,2.2481345573872757,12,1841,7.95270728767e-06,
1539,triangle,162,922,161,,357529.9708454811,6952366.727405247,5996.4462890625,41.81952475952001,42.30423765006788,-8.180475240479987,-7.69576234993212,12,1841,7.95270728767e-06,
1540,triangle,168,923,167,,356257.0743497918,6953869.814104351,5412.548828125,74.92472464168513,75.54466498264168,24.924724641685142,25.54466498264168,65,1681,6.32455532034e-06,
1541,triangle,195,924,194,,356112.5,6956162.5,5625.0,89.46666505601671,89.4250005086263,39.46666505601671,39.425000508626304,6,1721,1.189207115e-05,
1542,triangle,200,925,199,,356035.546875,6955787.5,5844.7265625,85.12708558638892,85.44140686591466,35.1270855863889,35.441406865914665,6,1721,1.189207115e-05,
1543,triangle,203,926,202,,355970.13088474027,6955569.642857143,5570.0966796875,84.04568707726125,84.37891972717823,34.045687077261235,34.37891972717822,6,1721,1.189207115e-05,
1544,triangle,211,927,210,,356040.1530377481,6954968.421544963,5992.70703125,78.99412299239759,79.31065303724856,28.99412299239759,29.310653037248557,6,1721,1.189207115e-05,
1545,triangle,306,928,307,,359187.5,6946662.5,5625.0,90.5222231547038,91.29166666666667,40.52222315470379,41.291666666666664,12,1841,7.95270728767e-06,
1546,triangle,307,929,306,,359237.5,6946712.5,5625.0,90.45555750528972,90.64999961853027,40.45555750528972,40.64999961853027,12,1841,7.95270728767e-06,
1547,triangle,319,930,320,,358581.00716432044,6947557.732630941,6891.77294921875,79.4991835778774,79.90201320551,29.49918357787742,29.90201320551,12,1841,7.95270728767e-06,
1548,triangle,320,931,319,,358637.5,6947612.5,5625.0,78.63333511352539,79.14166641235352,28.633335113525387,29.141666412353516,12,1841,7.95270728767e-06,
1549,triangle,321,932,322,,358508.7511245222,6947713.345059675,5951.67919921875,75.88321801229321,76.36729977853416,25.883218012293213,26.367299778534157,12,1841,7.95270728767e-06,
1550,triangle,322,933,321,,358558.67523453984,6947764.246961982,5391.2470703125,75.45550525703797,76.13095049340737,25.455505257037974,26.13095049340737,12,1841,7.95270728767e-06,
1551,triangle,325,934,326,,358435.26547496207,6948009.369122346,6228.60791015625,75.25298315794487,75.93624725558419,25.25298315794487,25.936247255584195,12,1841,7.95270728767e-06,
1552,triangle,326,935,325,,358489.81618275814,6948069.797833125,6706.57666015625,75.47100899593616,76.47860068158563,25.47100899593616,26.47860068158563,12,1841,7.95270728767e-06,
1553,triangle,331,936,330,,358490.4271017771,6948386.959296419,6015.12841796875,72.33569326744691,72.73425753187495,22.33569326744691,22.73425753187495,12,1841,7.95270728767e-06,
1554,triangle,330,937,331,,358436.84922948777,6948443.356934611,6357.11669921875,69.65332565784392,70.0020964074327,19.653325657843915,20.002096407432695,12,1841,7.95270728767e-06,
1555,triangle,334,938,335,,358290.49740217975,6948687.8557418985,5247.771484375,67.2278006596087,67.17480586643443,17.227800659608697,17.17480586643443,12,1841,7.95270728767e-06,
1556,triangle,336,938,337,,358190.49740217975,6948687.8557418985,5922.18701171875,66.67910537798335,66.67480586643443,16.679105377983355,16.67480586643443,12,1841,7.95270728767e-06,
1557,triangle,337,940,336,,358129.0120587011,6948743.217408452,7223.1015625,66.896275743989,68.58701717683736,16.896275743988998,18.587017176837353,12,1841,7.95270728767e-06,
1558,triangle,339,941,340,,357962.5,6948612.5,5625.0,65.72499995761447,66.13333320617676,15.724999957614473,16.133333206176758,12,1841,7.95270728767e-06,
1559,triangle,340,942,339,,357912.5,6948662.5,5625.0,65.79166560702855,66.58333333333333,15.791665607028548,16.583333333333332,12,1841,7.95270728767e-06,
1560,triangle,352,943,353,,356984.19051071495,6948387.152402074,5291.787109375,59.00181334447129,59.257357859626495,9.001813344471287,9.257357859626488,12,1841,7.95270728767e-06,
1561,triangle,353,944,352,,356929.2280030946,6948438.052813613,6617.791015625,58.88202614378371,59.1024691056077,8.882026143783715,9.10246910560771,12,1841,7.95270728767e-06,
1562,triangle,367,946,358,,356565.4383141391,6948453.422619048,6315.6455078125,57.73579233881442,57.92968239552215,7.73579233881442,7.929682395522144,12,1841,7.95270728767e-06,
1563,triangle,361,947,360,,356545.1183570594,6947940.654499534,6127.18408203125,60.59048198151787,61.035035866977296,10.590481981517872,11.035035866977301,12,1841,7.95270728767e-06,
1564,triangle,360,948,361,,356487.5,6947987.5,5625.0,60.4249996609158,60.749999046325684,10.424999660915795,10.749999046325684,12,1841,7.95270728767e-06,
1565,triangle,364,949,363,,356607.8534128493,6948158.277939365,5577.240234375,59.53614685515118,59.691771628358644,9.53614685515118,9.691771628358643,12,1841,7.95270728767e-06,
1566,triangle,363,950,364,,356562.5,6948212.5,5625.0,59.711112128363716,59.791666666666664,9.711112128363714,9.791666666666666,12,1841,7.95270728767e-06,
1567,triangle,370,951,369,,360369.92842018604,6948455.943669441,7198.2841796875,76.29041453971112,74.69967131254141,26.29041453971113,24.699671312541422,12,1841,7.95270728767e-06,
1568,triangle,369,952,370,,360311.97464923374,6948531.047159093,7770.6572265625,72.94802638081786,74.0859061900294,22.948026380817872,24.0859061900294,12,1841,7.95270728767e-06,
1569,triangle,378,954,377,,360665.991576318,6949033.91116603,5614.05810546875,64.04872547817789,64.51388425719456,14.04872547817789,14.513884257194555,12,1841,7.95270728767e-06,
1570,triangle,386,956,387,,360237.5,6949587.5,5625.0,56.14166694217258,56.71666622161865,6.141666942172579,6.716666221618652,12,1841,7.95270728767e-06,
1571,triangle,390,957,389,,360067.843763265,6949706.301333893,5528.8232421875,57.148910542838095,56.8773826378594,7.148910542838097,6.877382637859394,12,1841,7.95270728767e-06,
1572,triangle,389,958,390,,360012.5,6949662.5,5625.0,56.86111100514731,57.57500012715658,6.861111005147306,7.575000127156575,12,1841,7.95270728767e-06,
1573,triangle,397,959,398,,359562.5,6950187.5,5625.0,54.8972232606676,56.65000025431315,4.897223260667596,6.650000254313151,12,1841,7.95270728767e-06,
1574,triangle,408,960,409,,359337.5,6951012.5,5625.0,47.22500027550594,48.000000635782875,-2.7749997244940667,-1.9999993642171223,12,1841,7.95270728767e-06,
1575,triangle,409,961,408,,359393.8798508143,6951063.764845033,6485.02880859375,50.60048302368951,49.231697355164364,0.6004830236895109,-0.7683026448356335,12,1841,7.95270728767e-06,
1576,triangle,410,962,411,,359266.8154761905,6951165.369897959,4816.6455078125,46.132996997210576,46.707815718471636,-3.8670030027894247,-3.292184281528358,12,1841,7.95270728767e-06,
1577,triangle,411,963,410,,359312.15452422295,6951212.966105871,5638.5712890625,45.236939683136484,46.5412334422705,-4.763060316863518,-3.458766557729492,12,1841,7.95270728767e-06,
1578,triangle,412,964,413,,359187.5,6951312.5,5625.0,44.01111030578615,45.316667238871254,-5.98888969421385,-4.683332761128743,12,1841,7.95270728767e-06,
1579,triangle,413,965,412,,359242.44780892116,6951361.45176366,6063.7021484375,44.35435520489342,44.05205304478985,-5.645644795106582,-5.947946955210149,12,1841,7.95270728767e-06,
1580,triangle,414,968,415,,359114.28571428574,6951464.285714286,5223.21435546875,44.19863851807909,43.446258544919054,-5.8013614819209085,-6.553741455080952,12,1841,7.95270728767e-06,
1581,triangle,425,939,424,,358354.4000868728,6948807.6477313265,5990.3603515625,66.93729229278738,67.38529694688008,16.937292292787376,17.385296946880068,12,1841,7.95270728767e-06,
1582,triangle,428,969,429,,361638.6624908338,6949574.992475368,7162.876953125,79.94307803226938,80.39544110905283,29.943078032269376,30.395441109052825,12,1841,7.95270728767e-06,
1583,triangle,429,970,428,,361592.2383553901,6949643.3740031,5752.76025390625,80.16924172115681,80.96420186054587,30.16924172115681,30.96420186054586,12,1841,7.95270728767e-06,
1584,triangle,450,968,449,,359014.28571428574,6951464.285714286,5625.0,45.95510280371296,44.17959086099978,-4.044897196287043,-5.820409139000223,12,1841,7.95270728767e-06,
1585,triangle,449,972,450,,358965.36218764423,6951515.556278582,5646.83544921875,45.91161250819608,45.05388951360563,-4.0883874918039265,-4.946110486394368,12,1841,7.95270728767e-06,
1586,triangle,453,973,452,,359179.3932967737,6955583.9041361585,6941.5390625,82.62314559449545,82.12051508074155,32.62314559449545,32.12051508074156,65,1681,6.32455532034e-06,
1587,triangle,457,974,456,,359999.965599908,6956618.709894055,7733.7333984375,112.79945012203704,113.20020208733422,62.799450122037044,63.20020208733422,65,1681,6.32455532034e-06,
1588,triangle,456,975,457,,360063.5206587701,6956563.467512061,5630.978515625,109.9180697832947,109.32577570067474,59.91806978329471,59.32577570067474,65,1681,6.32455532034e-06,
1589,triangle,463,976,462,,359787.5,6956237.5,5625.0,95.63333235846623,95.29166666666667,45.633332358466234,45.291666666666664,65,1681,6.32455532034e-06,
1590,triangle,464,977,465,,359689.74471350963,6956111.249354647,6018.2275390625,92.20945235588519,90.401129679949,42.20945235588518,40.401129679948994,65,1681,6.32455532034e-06,
1591,triangle,470,978,469,,359337.5,6955787.5,5625.0,80.72222349378796,82.3000005086263,30.722223493787972,32.300000508626304,65,1681,6.32455532034e-06,
1592,triangle,469,979,470,,359385.4685737433,6955735.221977773,5652.7421875,81.08353387803251,81.94318724258548,31.08353387803251,31.94318724258548,65,1681,6.32455532034e-06,
1593,triangle,476,980,475,,358512.5,6956637.5,5625.0,120.1888870663113,121.03333473205566,70.1888870663113,71.03333473205566,65,1681,6.32455532034e-06,
1594,triangle,475,981,476,,358562.5,6956687.5,5625.0,119.58889113532172,120.53333346048991,69.58889113532172,70.53333346048991,65,1681,6.32455532034e-06,
1595,triangle,480,982,479,,358812.5,6956562.5,5625.0,116.64166937934027,117.10000165303548,66.64166937934026,67.10000165303548,65,1681,6.32455532034e-06,
1596,triangle,479,983,480,,358867.5592462572,6956610.490746555,5968.1240234375,115.47721291912801,116.10193376596033,65.477212919128,66.10193376596031,65,1681,6.32455532034e-06,
1597,triangle,486,984,485,,359259.5507865797,6956492.0752374865,5442.07275390625,107.84059544944056,106.77241083618078,57.840595449440556,56.772410836180796,65,1681,6.32455532034e-06,
1598,triangle,485,985,486,,359316.5887304654,6956538.609919955,6209.84814453125,103.41698371149064,106.09706387081512,53.41698371149066,56.09706387081511,65,1681,6.32455532034e-06,
1599,triangle,1272,1273,678,,361008.42113631364,6957527.201468647,258893.47998046875,117.8499742635162,115.95297275537673,67.8499742635162,65.95297275537673,12,1841,7.95270728767e-06,
1600,triangle,107,1140,918,,362879.2793305993,6955488.112955545,11086.455078125,23.13023800863784,24.84428426450836,-26.86976199136216,-25.15571573549164,12,1841,7.95270728767e-06,
1601,triangle,563,1295,562,,363676.1115053895,6951662.527689339,15049.8623046875,92.28555855553427,91.24235858031659,42.28555855553426,41.24235858031658,65,1681,6.3827036048875e-06,
1602,triangle,1344,1345,725,,360258.24512604455,6950488.275580951,82597.44873046875,77.23294847517631,73.40723336009677,27.23294847517632,23.407233360096768,12,1841,7.95270728767e-06,
1603,triangle,799,931,772,,358804.9406722284,6947703.320348918,25668.10498046875,86.77729628665142,86.44472035760491,36.77729628665142,36.4447203576049,12,1841,7.95270728767e-06,
1604,triangle,1176,1526,615,,363073.7706777355,6953153.660834968,11516.3095703125,70.30651966149094,72.56101883005844,20.30651966149094,22.561018830058448,65,1681,6.32455532034e-06,
1605,triangle,1251,1402,132,,357687.99361664784,6952961.388789002,19137.8369140625,48.75389045699845,50.0021478239181,-1.2461095430015583,0.002147823918095426,65,1681,6.32455532034e-06,
1606,triangle,435,1486,436,,361119.54913032666,6949201.738079667,7628.7431640625,76.467457415893,76.11823562387312,26.46745741589301,26.11823562387312,12,1841,7.95270728767e-06,
1607,triangle,546,1307,1218,,352247.5786405488,6951067.07615396,511821.4560546875,88.62482632415863,77.47675679964972,38.624826324158626,27.476756799649735,65,1681,7.716434277755e-06,
1608,triangle,743,1539,772,,358932.6073511645,6947955.816509344,56547.3193359375,87.60099577095957,90.60141868965293,37.600995770959585,40.60141868965294,12,1841,7.95270728767e-06,
1609,triangle,520,1296,682,,354973.8170576733,6957974.60252301,153964.50537109375,128.08849857266566,125.08164556563047,78.08849857266567,75.0816455656305,12,1841,7.95270728767e-06,
1610,triangle,1161,1442,1196,,355760.25645702006,6951689.738532297,23895.0869140625,73.97937342167361,75.88386896355254,23.979373421673618,25.88386896355254,65,1681,6.32455532034e-06,
1611,triangle,856,1216,1063,,364830.4835091831,6949887.212884758,796827.380859375,73.70950559322546,83.30848172865161,23.70950559322547,33.30848172865162,6,1721,1.1751379583488215e-05,
1612,triangle,869,1198,1189,,359948.14807018515,6948367.383270905,82086.5751953125,88.50572596756967,88.72767198425271,38.50572596756967,38.72767198425271,12,1841,7.95270728767e-06,
1613,triangle,1179,1542,1012,,363311.80713569064,6949955.097125481,144272.4091796875,109.95820686683055,111.02223798472316,59.95820686683055,61.02223798472315,65,1681,6.32455532034e-06,
1614,triangle,1070,1390,1242,,362304.0367564259,6952005.513768475,21855.0576171875,107.0943244965741,105.8223551617239,57.0943244965741,55.8223551617239,65,1681,6.32455532034e-06,
1615,triangle,117,1032,850,,362378.3804582106,6955060.8942256225,18004.43896484375,30.191484707985403,30.260496712841967,-19.808515292014597,-19.739503287158033,12,1841,7.95270728767e-06,
1616,triangle,851,1062,489,,359464.4727999442,6956284.890958703,15994.13916015625,101.14744223680364,99.0323213675584,51.14744223680365,49.03232136755839,65,1681,6.32455532034e-06,
1617,triangle,1103,1228,536,,362929.9480056758,6948427.057246427,34342.298828125,123.26724480151017,115.11639247063341,73.26724480151017,65.11639247063341,12,1841,7.95270728767e-06,
1618,triangle,1271,1452,658,,357073.341258555,6954173.185512167,22026.5029296875,78.42116423498084,82.54664288097796,28.421164234980843,32.54664288097795,65,1681,6.32455532034e-06,
1619,triangle,1120,1350,1276,,356870.480154732,6947570.897536495,66767.033203125,74.76590065338311,74.20064186945636,24.765900653383106,24.20064186945636,12,1841,7.95270728767e-06,
1620,triangle,742,1486,1056,,361303.2818702252,6949144.240013838,27076.9775390625,86.43863686710547,83.77264445122252,36.438636867105465,33.77264445122251,12,1841,7.95270728767e-06,
1621,triangle,951,1545,368,,360385.1069916146,6948322.907955155,12808.17431640625,78.13953165697244,78.92416121874955,28.139531656972448,28.92416121874955,12,1841,7.95270728767e-06,
1622,triangle,1109,1320,1230,,359144.35499406286,6958471.351170807,216049.96484375,126.09878680218414,129.78772920816832,76.09878680218412,79.7877292081683,12,1841,7.95270728767e-06,
1623,triangle,1283,1285,991,,364211.16722650366,6953953.563719367,21711.8076171875,94.00524786026766,94.53681310565098,44.005247860267666,44.53681310565097,65,1681,6.32455532034e-06,
1624,triangle,639,1398,130,,359611.8842761717,6953462.047554947,11940.2275390625,42.01919178517502,42.95587007359834,-7.980808214824986,-7.044129926401657,65,1681,6.673445027625e-06,
1625,triangle,1094,1495,1472,,368597.9173158189,6945550.12845606,1114126.0263671875,40.59492250380487,48.05285457504774,-9.405077496195133,-1.9471454249522668,12,1841,7.95270728767e-06,
1626,triangle,1472,1495,1082,,368589.79702868615,6946407.807062981,1301968.7680664062,56.90251010941562,61.90825324939383,6.902510109415624,11.908253249393832,12,1841,7.95270728767e-06,
1627,triangle,480,1004,982,,358850.0,6956474.54449576,11326.8662109375,123.29379547960646,121.57247266835846,73.29379547960646,71.57247266835847,65,1681,6.32455532034e-06,
1628,triangle,1440,1481,764,,360719.02028161165,6948662.344740592,11758.86669921875,75.61154071631604,74.0031230413416,25.611540716316043,24.00312304134158,12,1841,7.95270728767e-06,
1629,triangle,867,1207,582,,357975.9359020887,6960353.833642908,1286419.9350585938,85.2177541779442,99.11353170215648,35.217754177944194,49.11353170215648,12,1841,8.4645304657525e-06,
1630,triangle,484,1425,1102,,359176.1365677028,6956645.324002034,12940.158203125,112.59481811917777,115.28215353717478,62.59481811917777,65.28215353717478,65,1681,6.32455532034e-06,
1631,triangle,652,1380,651,,356187.20398329594,6951906.221131638,39844.138671875,81.623057764522,81.70634697733917,31.623057764522006,31.706346977339155,65,1681,6.55714845853e-06,
1632,triangle,861,1502,871,,356566.99966328865,6945205.823787678,972207.66796875,90.94750854221857,95.88087268601736,40.94750854221858,45.88087268601735,12,1841,7.95270728767e-06,
1633,triangle,1158,1279,737,,360799.962185431,6949453.628957473,52616.7294921875,87.94484997084719,85.68173815789329,37.94484997084719,35.6817381578933,12,1841,7.95270728767e-06,
1634,triangle,424,1469,425,,358411.64725909167,6948769.041196741,4793.18212890625,66.97926677545573,67.02489055699697,16.979266775455738,17.024890556996965,12,1841,7.95270728767e-06,
1635,triangle,1019,1522,1273,,362039.3266314303,6957957.268121894,392964.94091796875,71.58471797077368,84.43807807887252,21.584717970773674,34.438078078872515,12,1841,7.95270728767e-06,
1636,triangle,733,974,816,,359799.7591993564,6956643.469258384,34771.61083984375,128.863706364257,125.55016514603506,78.863706364257,75.55016514603504,65,1681,6.32455532034e-06,
1637,triangle,162,1194,922,,357568.5489449667,6952282.766925405,12452.7001953125,40.42045008378486,44.98009922379151,-9.579549916215143,-5.019900776208481,12,1841,7.95270728767e-06,
1638,triangle,211,1195,927,,355970.071277048,6954938.875825517,9010.26611328125,79.1736404759903,79.80187468058456,29.1736404759903,29.801874680584557,6,1721,1.189207115e-05,
1639,triangle,816,974,457,,359927.7574598529,6956568.998330488,12069.458984375,116.42072005637017,115.10528033498535,66.42072005637017,65.10528033498535,65,1681,6.32455532034e-06,
1640,triangle,682,1494,1156,,355509.77007414633,6957616.587981229,108053.9013671875,148.2336847471584,144.97288061307327,98.2336847471584,94.9728806130733,65,1681,6.32455532034e-06,
1641,triangle,1182,1247,1075,,357140.9346602641,6956997.714335383,54181.654296875,116.61417317123147,130.8908674920049,66.61417317123147,80.8908674920049,65,1681,6.32455532034e-06,
1642,triangle,559,1208,1063,,365013.3139897445,6951508.484187794,253061.75,79.31863829157112,89.67377538688731,29.31863829157111,39.673775386887314,12,1841,7.95270728767e-06,
1643,triangle,1002,1093,825,,358125.1935598748,6953576.685491785,77965.3583984375,85.34794772779803,86.77717246721518,35.34794772779804,36.77717246721519,65,1681,6.32455532034e-06,
1644,triangle,799,1539,1006,,359086.68130476534,6947625.64528548,47981.9169921875,96.21030097311669,96.01244359617733,46.21030097311669,46.01244359617732,12,1841,7.95270728767e-06,
1645,triangle,9,1299,1165,,358090.5396041355,6952421.711945166,13525.11376953125,41.82192406714392,46.99362592010062,-8.17807593285608,-3.006374079899377,12,1841,7.95270728767e-06,
1646,triangle,1071,1517,1451,,355698.05654687627,6953954.920152377,36367.95361328125,80.86015925345727,84.57962831717393,30.86015925345726,34.57962831717393,6,1721,1.0699032043644285e-05,
1647,triangle,1098,1347,34,,359897.03307181766,6952767.0499303425,15511.029296875,37.080716032811395,38.49801373923692,-12.919283967188605,-11.501986260763083,12,1841,7.95270728767e-06,
1648,triangle,700,1208,559,,365070.79411680746,6951934.732300672,100491.3798828125,97.78691100167553,98.42249035900507,47.786911001675534,48.422490359005074,12,1841,7.95270728767e-06,
1649,triangle,749,1185,1081,,365151.79638486047,6955140.2243863465,57686.71337890625,68.9151197831117,82.96678875709371,18.915119783111706,32.966788757093724,65,1681,6.32455532034e-06,
1650,triangle,684,1313,1259,,365149.73927856603,6955564.442137002,29203.33251953125,70.00715455994515,68.03955002652434,20.007154559945157,18.03955002652435,65,1681,6.32455532034e-06,
1651,triangle,733,1369,679,,359542.2724218797,6957045.142013069,111414.951171875,139.27636621257264,140.19369208811017,89.27636621257264,90.19369208811015,65,1681,6.32455532034e-06,
1652,triangle,1231,1413,1106,,361705.4036063189,6955498.176147428,33006.177734375,67.04833251409713,70.91005710613236,17.04833251409713,20.910057106132346,65,1681,6.32455532034e-06,
1653,triangle,555,1343,1319,,366997.235490547,6953321.305705407,97851.509765625,140.9534290593166,150.85130795965287,90.95342905931659,100.85130795965289,65,1681,6.32455532034e-06,
1654,triangle,1427,1457,909,,354642.37424711796,6952349.811434661,124351.1962890625,126.22869598575723,119.8257196744682,76.22869598575723,69.8257196744682,65,1681,6.32455532034e-06,
1655,triangle,753,1186,892,,363334.9292196166,6952065.780535068,105178.59912109375,111.39338830503104,113.6119792872597,61.39338830503104,63.611979287259715,65,1681,6.32455532034e-06,
1656,triangle,1053,1188,426,,361756.76358183724,6949796.992063754,9748.52490234375,88.39484964562295,88.27236078095882,38.39484964562296,38.27236078095883,12,1841,7.95270728767e-06,
1657,triangle,947,1560,359,,356556.2309727928,6947822.012944132,11404.62158203125,63.3774882703818,63.24544585445392,13.377488270381793,13.245445854453921,12,1841,7.95270728767e-06,
1658,triangle,889,1522,1019,,362607.2979307308,6958040.7292888155,372084.38037109375,92.04304086725737,80.76863153856696,42.043040867257375,30.76863153856698,12,1841,7.95270728767e-06,
1659,triangle,215,1498,214,,356034.1262759853,6954610.523111585,6226.9443359375,76.6917906822455,78.29838426845579,26.691790682245497,28.298384268455795,6,1721,1.189207115e-05,
1660,triangle,1378,1526,1176,,363047.3953302251,6953060.47279345,13251.58056640625,74.34730026171479,75.35947502556435,24.347300261714786,25.35947502556435,65,1681,6.32455532034e-06,
1661,triangle,712,1509,1261,,360253.7335252327,6955123.691568526,158556.12890625,131.50149569142505,140.8991368418177,81.50149569142505,90.89913684181766,65,1681,6.32455532034e-06,
1662,triangle,705,1428,1360,,357713.8624123451,6951105.821305561,120826.021484375,77.0842806414049,72.18018753584016,27.084280641404902,22.18018753584016,12,1841,7.95270728767e-06,
1663,triangle,683,1315,523,,365428.66004336433,6956025.912075773,60345.58642578125,82.9946657241422,75.44986082511201,32.994665724142195,25.449860825112022,12,1841,7.8945590031225e-06,
1664,triangle,759,1140,1031,,362663.4000583349,6955359.245772533,32157.7373046875,28.604297247429674,29.97201886697216,-21.39570275257033,-20.02798113302784,12,1841,7.95270728767e-06,
1665,triangle,1081,1313,749,,365289.7230447689,6955312.560093266,50066.0107421875,65.06862422389939,73.00407082936992,15.06862422389939,23.004070829369926,65,1681,6.32455532034e-06,
1666,triangle,851,1180,782,,359313.4314716834,6956151.186725889,29862.60107421875,110.90119546108487,109.33773223720272,60.90119546108489,59.33773223720274,65,1681,6.32455532034e-06,
1667,triangle,1361,1384,810,,356713.2719827797,6953907.06192043,19182.13232421875,76.08887171801274,79.13890456381021,26.08887171801273,29.13890456381021,65,1681,6.32455532034e-06,
1668,triangle,789,1365,1067,,360345.35005546204,6945274.536619488,258190.06640625,100.78797053573558,97.12133294567195,50.787970535735596,47.12133294567195,52,1561,1.189207115e-05,
1669,triangle,1236,1263,1001,,358891.8534460245,6948807.449629519,48276.4677734375,82.28434283884577,81.59987281419114,32.28434283884578,31.599872814191144,12,1841,7.95270728767e-06,
1670,triangle,675,1541,503,,356294.2253641281,6951253.255756409,19201.359375,79.349170791674,76.434706711158,29.34917079167401,26.434706711157997,12,1841,7.95270728767e-06,
1671,triangle,836,1325,1191,,352951.805805363,6948232.620742649,1032038.3837890625,101.94158817923054,74.63693488358376,51.94158817923054,24.636934883583752,65,1681,6.455821201756429e-06,
1672,triangle,438,954,826,,360805.1173686804,6949116.393676079,13825.220703125,71.35384752909256,70.42785078822918,21.35384752909256,20.42785078822917,12,1841,7.95270728767e-06,
1673,triangle,811,1183,903,,366297.8856445073,6957703.575987189,646000.8330078125,9.521225648974731,46.42848941056974,-40.478774351025265,-3.5715105894302543,65,1681,1.841013157756429e-05,
1674,triangle,761,1167,728,,357101.9794725539,6948100.999773034,59247.70703125,66.79858053008763,67.88716857947004,16.798580530087634,17.88716857947004,12,1841,7.95270728767e-06,
1675,triangle,352,1518,351,,357039.1958135869,6948482.670925956,3675.4794921875,59.219576448084275,59.295232822683126,9.219576448084275,9.295232822683131,12,1841,7.95270728767e-06,
1676,triangle,197,1519,196,,356072.04241071426,6955989.285714286,3145.22900390625,86.25730065262483,86.26836543586057,36.257300652624835,36.26836543586057,6,1721,1.189207115e-05,
1677,triangle,523,1450,522,,365735.8755784156,6956248.76322468,47772.13818359375,76.04324903772572,72.1847324442456,26.043249037725733,22.184732444245586,12,1841,7.836410718575001e-06,
1678,triangle,313,1540,1038,,359116.0994621461,6947160.173007306,11968.041015625,87.33651092984336,87.11274795714212,37.33651092984336,37.11274795714211,12,1841,7.95270728767e-06,
1679,triangle,496,1264,497,,359281.0964770897,6944738.285560441,42833.4541015625,121.33952403053195,127.6823059601864,71.33952403053195,77.6823059601864,52,1561,1.189207115e-05,
1680,triangle,682,1296,1139,,355203.5365315711,6958256.091065544,257895.509765625,135.8715326062997,132.08009701659034,85.8715326062997,82.08009701659033,12,1841,7.95270728767e-06,
1681,triangle,534,1072,533,,363260.9957843023,6949038.441038404,68824.0234375,91.56510179287919,91.45616575692594,41.565101792879176,41.45616575692594,12,1841,7.8945590031225e-06,
1682,triangle,777,1510,988,,359823.24088003836,6949441.16724249,41275.861328125,76.12262064825617,73.0312918512143,26.122620648256174,23.03129185121431,12,1841,7.95270728767e-06,
1683,triangle,1066,1345,1344,,360139.22243545746,6950667.984392811,56075.16259765625,66.58785513864014,70.33422521054484,16.587855138640137,20.33422521054484,12,1841,7.95270728767e-06,
1684,triangle,1230,1277,867,,358537.41250078933,6959146.137369823,484360.7353515625,104.87560945971825,107.41358235124595,54.875609459718255,57.41358235124594,12,1841,7.95270728767e-06,
1685,triangle,741,1513,1047,,359538.3487651896,6949855.258510452,23219.990234375,65.21274239070631,70.33263826674377,15.212742390706314,20.332638266743775,12,1841,7.95270728767e-06,
1686,triangle,463,1250,977,,359820.7543288942,6956105.239739262,11197.89599609375,96.86155931891514,96.78569849464827,46.86155931891514,46.78569849464827,65,1681,6.32455532034e-06,
1687,triangle,1284,1511,905,,355016.5243213595,6948705.136858077,98044.4521484375,84.51809352083336,85.30407745771925,34.51809352083336,35.30407745771924,12,1841,7.95270728767e-06,
1688,triangle,1310,1373,541,,360377.69599814876,6946223.791974653,126266.82958984375,118.85618771514606,109.68917890895342,68.85618771514605,59.68917890895343,52,1561,1.189207115e-05,
1689,triangle,757,1358,915,,361212.6113853985,6951675.623915519,38034.8505859375,68.46016831964313,67.8910236880498,18.460168319643127,17.89102368804981,12,1841,7.95270728767e-06,
1690,triangle,622,1461,621,,364347.13262463413,6954659.898909914,12000.7138671875,109.7250506170536,106.38689145181843,59.7250506170536,56.38689145181843,65,1681,6.4408518894350004e-06,
1691,triangle,75,1285,1283,,364102.42127857875,6954065.261361045,18856.47998046875,92.2114133983355,93.09801273736805,42.211413398335495,43.09801273736806,65,1681,6.3827036048875e-06,
1692,triangle,625,1476,624,,364695.75259726174,6955205.808703794,9878.45947265625,89.66993981267836,87.39688169430902,39.669939812678365,37.39688169430902,65,1681,6.3827036048875e-06,
1693,triangle,437,1300,438,,360964.66560261435,6949058.24189728,6347.666015625,71.07013429369286,70.34192590553158,21.070134293692853,20.34192590553158,12,1841,7.95270728767e-06,
1694,triangle,849,857,748,,359567.9640476845,6952547.91744765,46457.119140625,46.390263969842,46.100880400520765,-3.6097360301579977,-3.899119599479235,12,1841,7.95270728767e-06,
1695,triangle,1172,1449,1317,,364601.90931989596,6954699.9920419855,24117.6298828125,103.1162441891128,102.89237051905826,53.11624418911281,52.89237051905828,65,1681,6.32455532034e-06,
1696,triangle,165,1064,164,,356042.8720282752,6953942.872028275,4416.29296875,75.2199250417989,75.65740937622704,25.219925041798906,25.657409376227037,65,1681,6.32455532034e-06,
1697,triangle,1393,1452,1271,,357111.8804252607,6953991.271010363,31259.2998046875,89.09973652173818,87.62136759321616,39.099736521738166,37.62136759321616,65,1681,6.32455532034e-06,
1698,triangle,467,1180,851,,359421.5759656255,6956047.731492055,17235.14111328125,98.08626070275861,96.49239694898739,48.086260702758615,46.4923969489874,65,1681,6.32455532034e-06,
1699,triangle,344,1516,1166,,357600.594020146,6948696.795677443,14077.53271484375,65.03435244410173,67.10686233376532,15.034352444101733,17.106862333765324,12,1841,7.95270728767e-06,
1700,triangle,828,1405,1217,,356385.2332892124,6952591.821146489,84025.25390625,95.35419306865904,97.09419746619483,45.35419306865904,47.09419746619485,65,1681,6.32455532034e-06,
1701,triangle,852,1243,746,,355774.97023262456,6954630.06654387,37364.2607421875,93.2334832440489,91.30444609664646,43.233483244048905,41.30444609664646,6,1721,1.189207115e-05,
1702,triangle,505,1371,1274,,355414.3377609738,6951175.6960907085,69272.66259765625,82.58599140454947,83.58767773224741,32.585991404549475,33.587677732247414,65,1681,6.32455532034e-06,
1703,triangle,876,1304,771,,359468.3385402116,6946652.942159665,31815.9365234375,105.3811428842454,102.9772318191231,55.381142884245406,52.977231819123084,12,1841,7.95270728767e-06,
1704,triangle,767,1305,874,,356322.7108868028,6953637.822668663,29888.27001953125,74.52557565629085,77.50818132241828,24.52557565629085,27.508181322418277,65,1681,6.32455532034e-06,
1705,triangle,769,1302,875,,355739.7588934729,6955522.023809523,25137.03759765625,90.37592090490621,88.67774828791092,40.37592090490622,38.677748287910916,6,1721,1.189207115e-05,
1706,triangle,877,1306,774,,358420.4111038681,6949095.33433177,44953.90771484375,81.27597450224259,80.40384376277866,31.275974502242608,30.403843762778664,12,1841,7.95270728767e-06,
1707,triangle,191,1525,190,,356260.26676810876,6956464.733231891,6127.47705078125,95.16801826554668,95.79168073248434,45.168018265546685,45.791680732484316,6,1721,1.189207115e-05,
1708,triangle,89,1521,1132,,364150.37846129254,6956040.490698877,11044.13720703125,37.19028646698797,37.80723304778296,-12.809713533012033,-12.192766952217042,12,1841,7.95270728767e-06,
1709,triangle,829,901,860,,362042.73494550725,6951321.237507987,96675.46875,97.38567108892151,96.2736467484745,47.385671088921505,46.273646748474505,65,1681,6.32455532034e-06,
1710,triangle,316,1438,1291,,358759.26352051646,6947260.387095276,9302.77099609375,85.04021560888077,86.11140341153903,35.04021560888077,36.11140341153904,12,1841,7.95270728767e-06,
1711,triangle,1174,1348,674,,355910.319288013,6949861.861302972,115396.5390625,89.70682998733815,90.49833562031843,39.706829987338146,40.498335620318436,12,1841,7.95270728767e-06,
1712,triangle,356,1480,944,,356764.9068707528,6948504.761013043,9550.6337890625,59.20411400905173,58.749475190548935,9.204114009051723,8.74947519054893,12,1841,7.95270728767e-06,
1713,triangle,709,1467,1447,,361085.82740892685,6950465.093052256,133759.15234375,99.19841183694038,97.04397780161135,49.19841183694039,47.043977801611355,12,1841,7.95270728767e-06,
1714,triangle,1276,1350,728,,357062.64677598054,6947712.337321095,72867.32177734375,74.3615786517159,76.21392237268626,24.36157865171591,26.213922372686255,12,1841,7.95270728767e-06,
1715,triangle,844,1172,995,,364798.5399518216,6954442.22586181,84478.42431640625,104.71738699180415,97.75689037869249,54.71738699180415,47.7568903786925,65,1681,6.32455532034e-06,
1716,triangle,888,1116,806,,363730.42022925825,6953068.077369485,79164.24365234375,95.02199891776067,96.17409577872643,45.02199891776067,46.17409577872642,65,1681,6.32455532034e-06,
1717,triangle,1060,1445,780,,359607.8905719596,6955794.335196577,19607.85107421875,105.29069026180008,102.56697696896656,55.29069026180009,52.56697696896657,65,1681,6.32455532034e-06,
1718,triangle,742,1324,893,,361498.85822046734,6948802.774959698,53222.4599609375,87.73547779972904,84.22464361855579,37.73547779972904,34.22464361855578,12,1841,7.95270728767e-06,
1719,triangle,725,907,778,,360337.8667535719,6950012.063991287,54787.96875,78.03596291737112,78.31891821826413,28.035962917371144,28.318918218264145,12,1841,7.95270728767e-06,
1720,triangle,805,1359,1087,,362587.78186760144,6949624.648098693,99752.4189453125,115.9330551311873,107.31650884013708,65.93305513118732,57.31650884013707,65,1681,6.32455532034e-06,
1721,triangle,1056,1515,742,,361398.0184541843,6949208.573362742,25735.0478515625,88.06631091912901,84.9227747781593,38.06631091912901,34.92277477815929,12,1841,7.95270728767e-06,
1722,triangle,1143,1264,789,,359776.99646641547,6944366.408525565,238457.267578125,126.00210711696282,114.7071289965895,76.00210711696283,64.70712899658952,52,1561,1.1892071150000002e-05,
1723,triangle,1317,1449,623,,364542.6728100688,6954825.13374307,19419.76123046875,103.1759757531654,102.77099016943036,53.17597575316539,52.77099016943037,65,1681,6.32455532034e-06,
1724,triangle,960,1385,745,,359156.4005466697,6950924.570741393,32315.130859375,64.34412368922962,62.25266634454325,14.344123689229615,12.252666344543249,12,1841,7.95270728767e-06,
1725,triangle,807,1282,1218,,352689.6618994787,6951911.58823812,370382.93994140625,50.66435126609596,80.6858982289297,0.664351266095966,30.68589822892969,6,1721,1.010251249046643e-05,
1726,triangle,1370,1529,817,,364375.52982320584,6956788.766829259,125179.09521484375,89.91872319273504,88.69962499530818,39.91872319273505,38.69962499530819,12,1841,7.95270728767e-06,
1727,triangle,505,1274,993,,355564.4571773598,6951284.027709243,35181.31201171875,77.81964492856774,77.46063011261845,27.819644928567747,27.46063011261845,65,1681,6.32455532034e-06,
1728,triangle,786,1457,1427,,354909.5765598954,6952137.085966797,140407.44287109375,116.64448980340406,116.69747387056589,66.64448980340406,66.69747387056589,65,1681,6.32455532034e-06,
1729,triangle,317,1537,318,,358660.6295560988,6947410.629556098,6045.849609375,79.46497491072128,80.74976825766454,29.464974910721274,30.749768257664538,12,1841,7.95270728767e-06,
1730,triangle,1222,1245,327,,358340.175108254,6948165.467234052,11350.2138671875,78.30461853251245,77.18969642332041,28.304618532512443,27.189696423320424,12,1841,7.95270728767e-06,
1731,triangle,793,1238,794,,358727.75264262996,6952504.84202979,25652.1962890625,47.90971481698275,46.36434957839803,-2.0902851830172544,-3.6356504216019707,12,1841,7.95270728767e-06,
1732,triangle,629,1411,1142,,361340.8213075432,6955131.099678878,18759.5419921875,115.71464198374667,113.60978165262837,65.71464198374669,63.609781652628364,65,1681,6.32455532034e-06,
1733,triangle,739,1287,1253,,358664.0823681631,6946343.868441549,62903.76123046875,105.14337747894791,110.38086852503439,55.14337747894791,60.38086852503441,12,1841,7.95270728767e-06,
1734,triangle,1110,1471,1272,,360681.0584799626,6958164.575416684,276223.91845703125,109.41710199868838,105.27904434340927,59.41710199868839,55.27904434340926,12,1841,7.95270728767e-06,
1735,triangle,898,1418,893,,361190.4714914314,6948532.036539742,29053.04296875,82.27193722183569,79.86713912406042,32.27193722183568,29.86713912406042,12,1841,7.95270728767e-06,
1736,triangle,696,1463,551,,354501.83472947805,6956902.990181166,82765.30810546875,92.37882369952757,116.9980247577936,42.37882369952757,66.9980247577936,65,1681,6.722235022458572e-06,
1737,triangle,978,1180,468,,359334.0880522541,6955913.518212105,10207.4951171875,90.22775534224776,90.81702449443435,40.22775534224776,40.81702449443436,65,1681,6.32455532034e-06,
1738,triangle,1447,1467,1311,,361298.03835187433,6950698.5729410285,108187.54296875,95.57418213086783,101.45256985421913,45.574182130867825,51.45256985421912,12,1841,7.95270728767e-06,
1739,triangle,615,1526,614,,362978.90248655673,6953186.525554652,8066.3037109375,72.23350885863579,72.87250481397005,22.233508858635794,22.87250481397005,65,1681,6.673445027625e-06,
1740,triangle,1166,1516,727,,357659.98979477165,6948838.483776272,31722.10595703125,71.67376568775386,72.81781769934152,21.673765687753857,22.817817699341507,12,1841,7.95270728767e-06,
1741,triangle,691,1373,1365,,360074.17949804134,6945774.508315206,118753.10302734375,97.91484493367535,109.00591222310084,47.914844933675354,59.005912223100836,52,1561,1.189207115e-05,
1742,triangle,810,1452,1393,,356997.2881276803,6953947.868929905,33526.09228515625,86.8379336877146,84.34028603827528,36.837933687714596,34.34028603827529,65,1681,6.32455532034e-06,
1743,triangle,893,1193,898,,361241.7793652474,6948351.7961886665,72634.99560546875,92.12638633207422,88.77815481976047,42.12638633207421,38.77815481976049,12,1841,7.95270728767e-06,
1744,triangle,1186,1295,892,,363459.65014566033,6951861.121824044,65237.3486328125,98.14880686143404,100.04442763217618,48.148806861434046,50.044427632176195,65,1681,6.32455532034e-06,
1745,triangle,1522,1543,510,,362806.4681854229,6957374.729204676,161790.2978515625,88.84227390672545,106.06535628189128,38.84227390672545,56.06535628189129,12,1841,7.95270728767e-06,
1746,triangle,1018,1097,825,,357735.0469164974,6953949.27601935,75497.05712890625,101.7229398591668,99.59210047511358,51.72293985916679,49.592100475113575,65,1681,6.32455532034e-06,
1747,triangle,1353,1502,783,,355182.298177466,6945680.571636982,530441.58984375,87.98362850243154,75.06533717765991,37.98362850243154,25.065337177659913,12,1841,7.95270728767e-06,
1748,triangle,1464,1560,1120,,356514.75398920587,6947630.8294014735,31891.12841796875,66.25999468953343,66.90663956951,16.25999468953343,16.90663956951001,12,1841,7.95270728767e-06,
1749,triangle,624,1477,77,,364603.90158844116,6955081.298349685,11152.8671875,104.12528418965117,102.31333272979732,54.12528418965117,52.31333272979733,65,1681,6.847889881267501e-06,
1750,triangle,801,1100,716,,357220.82763361064,6948807.1332053095,26127.2265625,66.23467565486182,68.51233702718714,16.23467565486181,18.512337027187144,12,1841,7.95270728767e-06,
1751,triangle,1090,1147,986,,359356.8409374031,6955157.66601199,67191.4833984375,86.74249110186652,96.09725365117025,36.74249110186651,46.09725365117024,65,1681,6.32455532034e-06,
1752,triangle,740,1551,1013,,357254.41146221315,6957643.876790118,96156.310546875,146.29931617266467,153.88653584874595,96.29931617266467,103.88653584874595,65,1681,6.32455532034e-06,
1753,triangle,745,1148,1058,,358861.16071428574,6951031.090561223,38083.54541015625,68.74156090713785,65.68821418731807,18.741560907137853,15.688214187318072,12,1841,7.95270728767e-06,
1754,triangle,29,1346,849,,359559.53307181766,6952788.684225385,11855.4658203125,40.99980252624235,39.5814414408517,-9.00019747375765,-10.4185585591483,12,1841,7.95270728767e-06,
1755,triangle,1149,1419,868,,358198.74964870716,6950456.457087897,113550.2490234375,85.42500906337806,80.62364323817748,35.42500906337805,30.623643238177483,12,1841,7.95270728767e-06,
1756,triangle,176,1485,1332,,357999.74483486405,6954487.046340439,24224.076171875,96.887746307245,98.58194298332363,46.887746307244996,48.58194298332362,65,1681,6.32455532034e-06,
1757,triangle,886,1527,1217,,355938.6966068938,6952509.054054503,123062.15966796875,106.72170372846605,105.1851465279617,56.72170372846605,55.185146527961685,65,1681,6.32455532034e-06,
1758,triangle,124,1411,629,,361342.7760980024,6955006.872255226,16402.1201171875,108.12703212479849,112.11238075394466,58.127032124798475,62.11238075394467,65,1681,6.55714845853e-06,
1759,triangle,935,936,743,,358650.02799241344,6948220.341961418,31672.63134765625,84.81297073408697,83.22339222280392,34.812970734086974,33.22339222280394,12,1841,7.95270728767e-06,
1760,triangle,977,1445,465,,359671.36419671285,6956025.105122375,10526.1201171875,91.14131081782674,93.62918369320685,41.14131081782673,43.62918369320685,65,1681,6.32455532034e-06,
1761,triangle,825,1093,1017,,357880.26947982167,6953486.954497337,83966.83447265625,88.23239254709435,86.63139321832239,38.23239254709434,36.631393218322366,65,1681,6.32455532034e-06,
1762,triangle,1233,1432,700,,364807.3971731825,6952286.374729198,58706.6376953125,144.45191821605385,140.04582595493773,94.45191821605388,90.04582595493771,65,1681,6.32455532034e-06,
1763,triangle,551,1463,1213,,354711.2055580153,6957017.377300646,108183.3232421875,95.2394001038943,124.46948808311993,45.23940010389431,74.46948808311993,65,1681,6.32455532034e-06,
1764,triangle,748,1448,1026,,359302.42141256324,6952484.1734536635,44734.35595703125,48.40478492940907,44.968337067413444,-1.5952150705909236,-5.031662932586556,12,1841,7.95270728767e-06,
1765,triangle,380,1546,379,,360590.59062772273,6949181.369307446,5282.9931640625,64.13766699686657,64.00903640204214,14.137666996866567,14.009036402042142,12,1841,7.95270728767e-06,
1766,triangle,1074,1523,1171,,365988.77812971146,6955557.695021622,128141.82177734375,83.10034015570274,86.9917294268052,33.100340155702746,36.991729426805186,65,1681,6.32455532034e-06,
1767,triangle,941,1239,340,,357915.29937211284,6948546.806312986,8115.8447265625,67.39406704991278,67.4576489715846,17.394067049912778,17.457648971584607,12,1841,7.95270728767e-06,
1768,triangle,203,1302,926,,355907.38977821317,6955541.666666667,7647.1298828125,85.80566672922228,85.64500203506799,35.80566672922229,35.64500203506798,6,1721,1.189207115e-05,
1769,triangle,168,1305,923,,356298.1368163272,6953814.679389016,6195.82763671875,76.01701830593836,75.3245738652408,26.01701830593837,25.324573865240808,65,1681,6.32455532034e-06,
1770,triangle,939,1306,424,,358397.41734239616,6948875.344024063,9381.32275390625,69.89499769576463,70.04113314666938,19.894997695764634,20.04113314666937,12,1841,7.95270728767e-06,
1771,triangle,929,1304,306,,359296.6216424957,6946669.857741286,6750.40478515625,93.52287185078454,93.51460355617967,43.52287185078454,43.51460355617967,12,1841,7.95270728767e-06,
1772,triangle,726,1099,769,,355740.73452883185,6955940.198206729,54885.89990234375,95.89160826600951,95.2030482078178,45.89160826600951,45.20304820781781,6,1721,1.189207115e-05,
1773,triangle,723,1529,1370,,364631.4866264859,6957033.358040457,168153.38818359375,94.43697496393912,91.50805661385952,44.43697496393912,41.50805661385953,12,1841,7.95270728767e-06,
1774,triangle,454,1484,453,,359265.625,6955515.625,4921.875,78.69843902852804,79.11197912693024,28.698439028528032,29.111979126930237,65,1681,6.32455532034e-06,
1775,triangle,745,962,960,,359180.2083333333,6951045.089285714,17838.80810546875,57.6758029111072,57.4347651924465,7.675802911107196,7.434765192446501,12,1841,7.95270728767e-06,
1776,triangle,745,964,962,,359130.2083333333,6951145.089285714,17035.2353515625,59.171345711404456,56.3180987165147,9.171345711404449,6.318098716514697,12,1841,7.95270728767e-06,
1777,triangle,516,1322,515,,357113.8540645806,6958697.983389568,82289.76171875,160.13131458922138,151.59621951306866,110.13131458922139,101.59621951306865,12,1841,7.8945590031225e-06,
1778,triangle,1350,1560,947,,356680.509942679,6947790.645429059,23028.21044921875,64.75473838497194,65.04014119205875,14.754738384971935,15.040141192058755,12,1841,7.95270728767e-06,
1779,triangle,314,1549,313,,359017.36693635205,6947242.818915374,6770.908203125,83.70471937505974,85.15865742063424,33.70471937505974,35.158657420634235,12,1841,7.95270728767e-06,
1780,triangle,487,1550,488,,359459.8398473582,6956470.481329913,6223.6318359375,102.29644428020339,102.40295973552732,52.296444280203396,52.40295973552733,65,1681,6.32455532034e-06,
1781,triangle,781,1169,729,,358867.2440230763,6956904.827736519,36215.017578125,142.4303263976467,141.76831486194703,92.4303263976467,91.76831486194703,65,1681,6.32455532034e-06,
1782,triangle,827,1479,1289,,353880.4587252449,6959337.238998603,816953.6103515625,175.18254657961478,170.9685190972309,125.18254657961477,120.96851909723095,12,1841,7.95270728767e-06,
1783,triangle,904,1244,1092,,358120.14795037376,6957195.807584241,95373.09130859375,146.54165280653672,149.32280695729125,96.54165280653673,99.32280695729123,65,1681,6.32455532034e-06,
1784,triangle,1040,1314,315,,358911.8507105666,6947388.299470209,9292.10400390625,85.79598000353677,86.11422607910538,35.79598000353676,36.11422607910537,12,1841,7.95270728767e-06,
1785,triangle,553,1455,552,,353894.659855261,6956942.224048701,10793.251953125,135.62419709878708,134.39087060876656,85.62419709878708,84.39087060876653,65,1681,6.921074873517858e-06,
1786,triangle,1278,1494,519,,355915.89178389515,6957805.12953686,73555.12353515625,153.5969342316451,155.7986570083892,103.5969342316451,105.79865700838918,65,1681,6.32455532034e-06,
1787,triangle,893,1324,688,,361632.5839753858,6948662.96911984,51823.0087890625,86.95803051581785,89.97142266259567,36.95803051581786,39.971422662595664,12,1841,7.95270728767e-06,
1788,triangle,1246,1542,1010,,363126.7575437189,6950581.645998818,137257.1279296875,124.09109011663917,118.07714815741672,74.09109011663917,68.07714815741672,65,1681,6.32455532034e-06,
1789,triangle,1355,1451,1064,,355886.46984538116,6953813.974282917,22839.3046875,86.98278467916536,86.56605813452397,36.98278467916537,36.56605813452396,65,1681,6.32455532034e-06,
1790,triangle,704,1467,1345,,360693.0984213616,6950865.200973379,100375.783203125,85.828960912287,85.7086531622192,35.828960912287,35.708653162219186,12,1841,7.95270728767e-06,
1791,triangle,355,1151,356,,356721.7102876461,6948395.473561592,3691.81689453125,58.51062637302596,58.423406519788216,8.510626373025962,8.423406519788214,12,1841,7.95270728767e-06,
1792,triangle,452,1152,453,,359221.8167810424,6955642.782601583,4454.93017578125,78.62767424536659,79.41077347749858,28.627674245366592,29.410773477498577,65,1681,6.32455532034e-06,
1793,triangle,1221,1550,733,,359584.96658686176,6956598.077257809,18288.3193359375,123.2753396719036,121.50565551275083,73.2753396719036,71.50565551275083,65,1681,6.32455532034e-06,
1794,triangle,834,1063,566,,364249.8645929838,6950936.851400076,306477.15478515625,71.93694944082091,80.97263551496935,21.93694944082091,30.972635514969372,12,1841,7.95270728767e-06,
1795,triangle,1268,1333,906,,369020.5443884051,6952690.843427294,708642.9682617188,118.13890933777361,137.14208808575748,68.13890933777363,87.14208808575745,65,1681,7.5175944266957145e-06,
1796,triangle,785,1008,755,,364791.04146462126,6956044.486302099,45256.7998046875,35.30057247361282,43.49645161426299,-14.699427526387177,-6.503548385737017,12,1841,7.95270728767e-06,
1797,triangle,767,1064,923,,356119.09479833447,6953790.643516623,20656.80810546875,83.2616270457585,79.5336798268454,33.261627045758495,29.533679826845404,65,1681,6.32455532034e-06,
1798,triangle,710,1510,738,,359788.6179724248,6949037.550693079,100098.40869140625,79.08055766313154,85.50675405181966,29.080557663131543,35.506754051819655,12,1841,7.95270728767e-06,
1799,triangle,723,1363,903,,365270.2711000315,6957655.326072964,330764.12109375,62.367484392158175,67.2864393887213,12.367484392158177,17.286439388721305,12,1841,7.95270728767e-06,
1800,triangle,512,1372,1202,,360147.9818986593,6956980.8885842115,34457.0576171875,120.37208429634666,127.09099885723221,70.37208429634667,77.09099885723221,65,1681,6.32455532034e-06,
1801,triangle,733,1202,974,,359837.976120844,6956791.635106045,39169.3291015625,134.21562264199267,129.8603085917085,84.21562264199265,79.86030859170847,65,1681,6.32455532034e-06,
1802,triangle,790,1479,1296,,354131.96984827245,6958236.200333949,444330.76708984375,128.33763235458332,147.4524215190169,78.33763235458333,97.45242151901691,12,1841,7.95270728767e-06,
1803,triangle,858,1384,172,,356595.6388304416,6954027.2728512185,6118.79296875,77.9776471968517,76.59680651995541,27.9776471968517,26.596806519955404,65,1681,6.32455532034e-06,
1804,triangle,839,1554,881,,358209.3218523615,6947336.801082605,91307.14453125,95.67659511215481,98.86598300939424,45.67659511215482,48.865983009394235,12,1841,7.95270728767e-06,
1805,triangle,88,1535,87,,364337.8299796143,6956016.888995116,6155.884765625,23.433629960229652,21.951554772413544,-26.566370039770344,-28.048445227586456,12,1841,7.95270728767e-06,
1806,triangle,759,1031,850,,362581.94444444444,6955209.722222223,34500.0,30.9211593838846,29.936102212664604,-19.0788406161154,-20.063897787335396,12,1841,7.95270728767e-06,
1807,triangle,1191,1374,905,,354415.6577829908,6948352.159744218,218973.474609375,87.40134024558812,81.99811761738006,37.40134024558811,31.998117617380064,12,1841,7.95270728767e-06,
1808,triangle,874,1387,767,,356220.3783620384,6953481.601134859,53216.83837890625,93.02319443773217,87.8780928899115,43.023194437732165,37.87809288991149,65,1681,6.32455532034e-06,
1809,triangle,575,1555,910,,351315.37012786674,6954012.366346579,970709.466796875,18.173817076605275,43.43474554659051,-31.82618292339472,-6.56525445340949,6,1721,3.337704573928572e-05,
1810,triangle,7,1022,6,,357867.1875,6952472.395833333,3105.46875,37.46627612743306,37.91605913970208,-12.533723872566933,-12.083940860297924,12,1841,7.95270728767e-06,
1811,triangle,13,1023,12,,358313.42425205925,6952674.057172321,5731.068359375,37.608167894278424,39.19002207162331,-12.391832105721578,-10.809977928376691,12,1841,7.95270728767e-06,
1812,triangle,16,1024,15,,358548.1191675445,6952694.131161184,3472.74462890625,36.96411089509047,38.14494142154998,-13.035889104909526,-11.855058578450025,12,1841,7.95270728767e-06,
1813,triangle,22,1025,21,,358979.0161001115,6952683.066880672,4717.47607421875,34.03020348880305,34.280186702111244,-15.969796511196947,-15.719813297888756,12,1841,7.95270728767e-06,
1814,triangle,26,1026,25,,359286.6775883371,6952756.971816984,4840.67041015625,34.98451914435077,36.0404172298627,-15.015480855649228,-13.9595827701373,12,1841,7.95270728767e-06,
1815,triangle,43,1027,42,,360338.9580766133,6952991.37522423,4054.71630859375,31.554998825304516,31.46413956152529,-18.445001174695484,-18.53586043847471,12,1841,7.95270728767e-06,
1816,triangle,45,911,44,,360417.04552927514,6952825.29729937,3707.37841796875,35.91834255986883,36.301604908434626,-14.081657440131165,-13.698395091565374,12,1841,7.95270728767e-06,
1817,triangle,49,912,48,,360486.7240340339,6952534.424755566,4306.04638671875,42.38653590522504,43.09560621341462,-7.613464094774961,-6.904393786585378,12,1841,7.95270728767e-06,
1818,triangle,56,913,55,,360937.5,6952087.5,4218.75,48.150001525878906,48.591667811075844,-1.8499984741210938,-1.4083321889241536,12,1841,7.95270728767e-06,
1819,triangle,58,914,57,,361087.5,6952012.5,4218.75,52.42499923706055,52.15833314259847,2.424999237060547,2.15833314259847,12,1841,7.95270728767e-06,
1820,triangle,60,915,59,,361239.929412507,6951929.694886203,5096.82568359375,55.16762849865554,55.7757017901916,5.167628498655539,5.775701790191597,12,1841,7.95270728767e-06,
1821,triangle,81,1028,80,,364762.5,6955612.5,4218.75,41.27499961853027,42.78333346048991,-8.725000381469727,-7.216666539510091,12,1841,7.95270728767e-06,
1822,triangle,93,1029,92,,364010.9463582719,6955831.895658858,3588.26171875,20.283562729965205,21.59777887777361,-29.716437270034795,-28.402221122226393,12,1841,7.95270728767e-06,
1823,triangle,97,1030,96,,363711.4692041707,6955684.569208242,3889.03564453125,20.485637321188186,20.697649006555586,-29.514362678811814,-29.30235099344441,12,1841,7.95270728767e-06,
1824,triangle,100,916,99,,363492.7255648726,6955618.816354384,4929.33984375,21.664850165425655,23.44084882430363,-28.335149834574345,-26.55915117569637,12,1841,7.95270728767e-06,
1825,triangle,102,917,101,,363329.52030349383,6955544.778956789,5037.6328125,24.386277902368242,26.254165669026147,-25.613722097631758,-23.745834330973853,12,1841,7.95270728767e-06,
1826,triangle,107,918,106,,362960.87927226437,6955463.867183011,4372.55859375,23.18945386176773,23.84326459390664,-26.81054613823227,-26.15673540609336,12,1841,7.95270728767e-06,
1827,triangle,110,1031,109,,362812.5,6955237.5,4218.75,21.949999809265137,22.116666793823242,-28.050000190734863,-27.883333206176758,12,1841,7.95270728767e-06,
1828,triangle,120,1032,119,,362216.43601376616,6955161.1720034005,4661.5517578125,36.296038492112174,36.06206138046708,-13.703961507887827,-13.937938619532924,12,1841,7.95270728767e-06,
1829,triangle,144,1033,143,,356369.1743499139,6951560.254600572,4471.357421875,62.18527965642501,62.966393589575524,12.18527965642501,12.966393589575532,12,1841,7.95270728767e-06,
1830,triangle,146,919,145,,356519.3470596997,6951642.6208088845,3642.6591796875,59.93884172723716,59.881824303699126,9.938841727237161,9.881824303699121,12,1841,7.95270728767e-06,
1831,triangle,150,920,149,,356816.19225496316,6951866.265249722,4634.12841796875,58.075529243544395,56.376710897412806,8.075529243544398,6.376710897412807,12,1841,7.95270728767e-06,
1832,triangle,152,1034,151,,356882.4326307904,6952010.017791343,3648.6708984375,55.918736668091285,55.55714239912356,5.91873666809128,5.557142399123563,12,1841,7.95270728767e-06,
1833,triangle,157,921,156,,357183.307776203,6952235.240929853,4472.8955078125,53.07745022264392,51.81480020680133,3.0774502226439155,1.814800206801338,12,1841,7.95270728767e-06,
1834,triangle,161,922,160,,357479.9708454811,6952391.727405247,3743.1669921875,43.096354564113774,43.304237650067876,-6.903645435886222,-6.69576234993212,12,1841,7.95270728767e-06,
1835,triangle,167,923,166,,356207.0743497918,6953894.814104351,3395.9130859375,75.38256934275643,75.74466701714688,25.38256934275643,25.74466701714689,65,1681,6.32455532034e-06,
1836,triangle,190,1035,189,,356360.3926015234,6956513.305857453,4309.40869140625,97.06702123620438,97.4024235961535,47.067021236204376,47.40242359615349,6,1721,1.189207115e-05,
1837,triangle,194,924,193,,356137.5,6956212.5,4218.75,90.04999923706055,90.2249984741211,40.04999923706055,40.224998474121094,6,1721,1.189207115e-05,
1838,triangle,199,925,198,,356060.546875,6955837.5,4438.4765625,85.18932404120764,85.5747407078743,35.189324041207634,35.5747407078743,6,1721,1.189207115e-05,
1839,triangle,202,926,201,,355995.13088474027,6955619.642857143,3360.275390625,84.1767625174464,84.37891972717823,34.1767625174464,34.37891972717822,6,1721,1.189207115e-05,
1840,triangle,210,927,209,,356065.1530377481,6955018.421544963,3920.283203125,79.480952830103,79.74398484470298,29.480952830103,29.743984844702982,6,1721,1.189207115e-05,
1841,triangle,217,1036,216,,356212.5,6954487.5,4218.75,76.14999961853027,75.83333333333333,26.149999618530273,25.833333333333332,6,1721,1.189207115e-05,
1842,triangle,305,928,306,,359212.5,6946612.5,4218.75,90.875,91.45833333333333,40.875,41.458333333333336,12,1841,7.95270728767e-06,
1843,triangle,308,929,307,,359212.5,6946762.5,4218.75,89.55000114440918,90.08333396911621,39.55000114440918,40.08333396911621,12,1841,7.95270728767e-06,
1844,triangle,308,1037,309,,359139.0846919892,6946833.530466276,4040.47216796875,88.43251625611427,88.38398011851604,38.432516256114276,38.38398011851604,12,1841,7.95270728767e-06,
1845,triangle,312,1038,311,,359062.38154710346,6947064.721846682,4205.423828125,85.0681739735447,85.3840052562096,35.0681739735447,35.38400525620961,12,1841,7.95270728767e-06,
1846,triangle,312,1039,313,,358995.4065236145,6947135.979551877,3329.26611328125,84.68182225595974,84.87555154385831,34.68182225595975,34.875551543858315,12,1841,7.95270728767e-06,
1847,triangle,316,1040,315,,358838.74807380076,6947361.706780814,4129.51318359375,81.0720012071013,81.69233280005983,31.072001207101295,31.692332800059827,12,1841,7.95270728767e-06,
1848,triangle,318,930,319,,358606.00716432044,6947507.732630941,4949.1943359375,80.14532720582812,80.2020137141363,30.145327205828117,30.2020137141363,12,1841,7.95270728767e-06,
1849,triangle,321,931,320,,358612.5,6947662.5,4218.75,77.85000038146973,78.34166590372722,27.850000381469727,28.341665903727215,12,1841,7.95270728767e-06,
1850,triangle,320,932,321,,358533.7511245222,6947663.345059675,4640.4990234375,77.33892348441587,77.33396441069561,27.338923484415847,27.333964410695614,12,1841,7.95270728767e-06,
1851,triangle,323,933,322,,358533.67523453984,6947814.246961982,3788.4638671875,75.12178758207266,75.59761766870034,25.121787582072667,25.597617668700337,12,1841,7.95270728767e-06,
1852,triangle,324,934,325,,358460.26547496207,6947959.369122346,4470.1337890625,75.42652392325036,76.16958211479643,25.426523923250357,26.169582114796437,12,1841,7.95270728767e-06,
1853,triangle,327,935,326,,358464.81618275814,6948119.797833125,4479.3203125,74.5217243203577,75.64526734825229,24.521724320357702,25.645267348252293,12,1841,7.95270728767e-06,
1854,triangle,330,936,329,,358465.4271017771,6948336.959296419,4548.048828125,72.5314805340155,72.76759035658198,22.531480534015508,22.76759035658198,12,1841,7.95270728767e-06,
1855,triangle,331,937,332,,358461.84922948777,6948493.356934611,4291.96142578125,69.16155117566703,69.60209742468531,19.161551175667036,19.6020974246853,12,1841,7.95270728767e-06,
1856,triangle,335,938,336,,358240.49740217975,6948712.8557418985,4178.72900390625,66.32869411942198,66.50813919976777,16.328694119421982,16.508139199767765,12,1841,7.95270728767e-06,
1857,triangle,335,939,425,,358304.4000868728,6948782.6477313265,3672.86962890625,66.2026309513371,66.75196564805195,16.202630951337095,16.751965648051943,12,1841,7.95270728767e-06,
1858,triangle,338,940,337,,358079.0120587011,6948718.217408452,4861.9580078125,67.54254866621984,68.5203515274233,17.542548666219837,18.52035152742329,12,1841,7.95270728767e-06,
1859,triangle,338,941,339,,358012.5,6948637.5,4218.75,66.02499961853027,66.2666670481364,16.024999618530273,16.266667048136394,12,1841,7.95270728767e-06,
1860,triangle,341,942,340,,357862.5,6948637.5,4218.75,65.67499923706055,66.4499994913737,15.674999237060547,16.4499994913737,12,1841,7.95270728767e-06,
1861,triangle,343,1041,344,,357639.2649957126,6948564.133082628,4035.0283203125,63.26849015038782,63.50645951007476,13.268490150387816,13.506459510074762,12,1841,7.95270728767e-06,
1862,triangle,347,1042,346,,357412.5,6948487.5,4218.75,61.54999923706055,61.63333288828532,11.549999237060547,11.633332888285318,12,1841,7.95270728767e-06,
1863,triangle,351,943,352,,357034.19051071495,6948412.152402074,4257.8544921875,59.065992323405354,59.290691955899284,9.065992323405354,9.290691955899275,12,1841,7.95270728767e-06,
1864,triangle,354,944,353,,356879.2280030946,6948413.052813613,4280.94140625,59.005559995773304,59.1024691056077,9.005559995773302,9.10246910560771,12,1841,7.95270728767e-06,
1865,triangle,360,947,359,,356520.1183570594,6947890.654499534,5075.8154296875,61.43549617969357,61.601702787957116,11.435496179693565,11.601702787957118,12,1841,7.95270728767e-06,
1866,triangle,361,948,362,,356512.5,6948037.5,4218.75,59.97499942779541,60.38333288828532,9.97499942779541,10.383332888285318,12,1841,7.95270728767e-06,
1867,triangle,363,949,362,,356582.8534128493,6948108.277939365,3696.0087890625,59.738750344185284,59.85843829502531,9.738750344185288,9.85843829502531,12,1841,7.95270728767e-06,
1868,triangle,364,950,365,,356587.5,6948262.5,4218.75,59.35000038146973,59.52500025431315,9.350000381469727,9.52500025431315,12,1841,7.95270728767e-06,
1869,triangle,366,946,367,,356590.4383141391,6948403.422619048,3888.18994140625,58.24290723061095,58.529682141209,8.24290723061096,8.529682141208992,12,1841,7.95270728767e-06,
1870,triangle,369,951,368,,360344.92842018604,6948405.943669441,5054.447265625,75.33716297363789,75.36633797920808,25.337162973637888,25.366337979208087,12,1841,7.95270728767e-06,
1871,triangle,370,952,371,,360336.97464923374,6948581.047159093,4277.8525390625,72.40810341096169,73.21924003198903,22.408103410961687,23.219240031989035,12,1841,7.95270728767e-06,
1872,triangle,371,1043,370,,360428.4743385534,6948550.305914339,6015.86328125,74.97181353472978,73.13307978798666,24.971813534729776,23.133079787986645,12,1841,7.95270728767e-06,
1873,triangle,376,953,375,,360711.58892128285,6948864.549927113,4116.25390625,64.57341556876324,65.0008950530238,14.57341556876325,15.000895053023795,12,1841,7.95270728767e-06,
1874,triangle,377,954,421,,360715.991576318,6949008.91116603,3815.005859375,64.58922876015062,65.01388425719456,14.589228760150611,15.013884257194555,12,1841,7.95270728767e-06,
1875,triangle,379,954,378,,360640.991576318,6949083.91116603,4611.552734375,64.11860635043892,63.74721784484104,14.11860635043892,13.747217844841039,12,1841,7.95270728767e-06,
1876,triangle,378,1044,379,,360552.2464607074,6949081.654860951,5372.2734375,62.97001937986472,63.91583030967863,12.97001937986472,13.915830309678638,12,1841,7.95270728767e-06,
1877,triangle,382,1045,383,,360337.5,6949312.5,4218.75,58.94999980926514,59.641666412353516,8.949999809265137,9.641666412353516,12,1841,7.95270728767e-06,
1878,triangle,385,956,386,,360262.5,6949537.5,4218.75,57.14999961853027,57.48333263397217,7.149999618530273,7.483332633972168,12,1841,7.95270728767e-06,
1879,triangle,387,956,388,,360187.5,6949612.5,4218.75,56.40000057220459,56.18333339691162,6.40000057220459,6.183333396911621,12,1841,7.95270728767e-06,
1880,triangle,389,957,388,,360117.843763265,6949681.301333893,3521.400390625,56.24984700020589,56.744050067465515,6.249847000205893,6.744050067465513,12,1841,7.95270728767e-06,
1881,triangle,390,958,391,,359962.5,6949687.5,4218.75,55.92500019073486,56.74166679382324,5.925000190734863,6.741666793823242,12,1841,7.95270728767e-06,
1882,triangle,391,1046,390,,359966.88914384256,6949764.509395669,4444.80712890625,57.44978126044492,57.631706636989215,7.449781260444926,7.631706636989214,12,1841,7.95270728767e-06,
1883,triangle,393,1047,394,,359735.4847977152,6949904.304983381,4445.46044921875,54.147812638147855,55.083398507443015,4.147812638147855,5.083398507443017,12,1841,7.95270728767e-06,
1884,triangle,396,959,397,,359587.5,6950137.5,4218.75,56.20000076293945,55.983333587646484,6.200000762939453,5.983333587646484,12,1841,7.95270728767e-06,
1885,triangle,397,1048,396,,359662.5,6950137.5,4218.75,57.0,56.07500012715658,7.0,6.075000127156575,12,1841,7.95270728767e-06,
1886,triangle,401,1049,400,,359578.23719693854,6950435.848159936,3176.6845703125,55.90564039685798,55.46677160521952,5.905640396857987,5.466771605219523,12,1841,7.95270728767e-06,
1887,triangle,403,1050,404,,359512.5,6950662.5,4218.75,47.625,48.17499987284342,-2.375,-1.8250001271565754,12,1841,7.95270728767e-06,
1888,triangle,407,1051,406,,359439.0333829918,6950890.90269544,4391.25537109375,49.41701799628248,48.699337112165544,-0.5829820037175151,-1.3006628878344537,12,1841,7.95270728767e-06,
1889,triangle,407,960,408,,359362.5,6950962.5,4218.75,48.35000038146973,48.26666704813639,-1.6499996185302734,-1.7333329518636067,12,1841,7.95270728767e-06,
1890,triangle,410,961,409,,359368.8798508143,6951113.764845033,4936.48291015625,49.57341379866543,48.86502992555825,-0.4265862013345776,-1.1349700744417532,12,1841,7.95270728767e-06,
1891,triangle,409,962,410,,359291.8154761905,6951115.369897959,3733.2587890625,46.19674738387785,46.44114930611812,-3.8032526161221574,-3.558850693881874,12,1841,7.95270728767e-06,
1892,triangle,412,963,411,,359287.15452422295,6951262.966105871,4179.8837890625,45.36578935707462,46.074567538543285,-4.634210642925386,-3.925432461456706,12,1841,7.95270728767e-06,
1893,triangle,411,964,412,,359212.5,6951262.5,4218.75,46.0,46.316667238871254,-4.0,-3.6833327611287436,12,1841,7.95270728767e-06,
1894,triangle,414,965,413,,359217.44780892116,6951411.45176366,4775.3779296875,44.96900558647776,43.55205304478985,-5.0309944135222375,-6.447946955210149,12,1841,7.95270728767e-06,
1895,triangle,413,968,414,,359139.28571428574,6951414.285714286,4017.857421875,43.89727858458269,43.67959213256554,-6.102721415417305,-6.320407867434468,12,1841,7.95270728767e-06,
1896,triangle,415,968,450,,359064.28571428574,6951489.285714286,4017.857421875,43.62358235118652,43.2462577819796,-6.37641764881348,-6.753742218020405,12,1841,7.95270728767e-06,
1897,triangle,417,1052,416,,361081.8106003115,6948784.628482801,3895.7041015625,73.48837675594007,73.28881839860833,23.48837675594006,23.28881839860833,12,1841,7.95270728767e-06,
1898,triangle,420,953,421,,360786.58892128285,6948939.549927113,3988.1328125,64.77179814208768,64.86756121106417,14.771798142087675,14.867561211064158,12,1841,7.95270728767e-06,
1899,triangle,427,969,428,,361688.6624908338,6949599.992475368,5625.8466796875,81.06556966822602,80.82877545963876,31.06556966822601,30.828775459638763,12,1841,7.95270728767e-06,
1900,triangle,428,1053,427,,361684.68446235935,6949692.024072566,4727.7080078125,82.1012018164207,82.60924962779579,32.101201816420705,32.60924962779579,12,1841,7.95270728767e-06,
1901,triangle,430,970,429,,361542.2383553901,6949618.3740031,4879.5751953125,80.53135053223295,80.39753621113181,30.531350532232956,30.397536211131797,12,1841,7.95270728767e-06,
1902,triangle,429,1054,430,,361537.5,6949537.5,4218.75,78.20000076293945,78.80833371480306,28.200000762939453,28.80833371480306,12,1841,7.95270728767e-06,
1903,triangle,433,1055,432,,361304.1566226896,6949467.46417391,4777.21923828125,80.3770152302266,80.72416010627161,30.377015230226604,30.724160106271608,12,1841,7.95270728767e-06,
1904,triangle,432,1056,433,,361308.6407231831,6949381.616873075,4880.60205078125,77.59113549520907,79.00392277755644,27.591135495209066,29.003922777556443,12,1841,7.95270728767e-06,
1905,triangle,443,1057,444,,358623.21428571426,6951116.071428572,3013.392578125,53.198809370676514,53.32721075719454,3.198809370676509,3.3272107571945426,12,1841,7.95270728767e-06,
1906,triangle,445,1058,444,,358691.5178571429,6951182.621173468,4670.75927734375,52.508739438242024,52.61126544449352,2.508739438242025,2.611265444493522,12,1841,7.95270728767e-06,
1907,triangle,448,972,449,,358915.36218764423,6951490.556278582,4562.5810546875,47.035067505296325,46.48722386419157,-2.964932494703678,-3.5127761358084304,12,1841,7.95270728767e-06,
1908,triangle,449,1059,448,,358915.53803580994,6951410.236295722,4473.41650390625,46.843499894677244,46.79020475334951,-3.1565001053227566,-3.209795246650497,12,1841,7.95270728767e-06,
1909,triangle,452,973,451,,359129.3932967737,6955608.9041361585,4623.28466796875,83.15788065458769,84.12051508074155,33.157880654587686,34.12051508074156,65,1681,6.32455532034e-06,
1910,triangle,456,974,455,,360024.965599908,6956668.709894055,5628.8701171875,114.34468064418908,115.16686926262719,64.34468064418908,65.16686926262719,65,1681,6.32455532034e-06,
1911,triangle,457,975,458,,360038.5206587701,6956513.467512061,4333.57421875,106.70631834204194,106.92577671792735,56.70631834204195,56.92577671792734,65,1681,6.32455532034e-06,
1912,triangle,462,976,461,,359812.5,6956287.5,4218.75,97.75,96.75833384195964,47.75,46.75833384195963,65,1681,6.32455532034e-06,
1913,triangle,464,976,463,,359737.5,6956212.5,4218.75,93.17499923706055,93.45833333333333,43.17499923706055,43.458333333333336,65,1681,6.32455532034e-06,
1914,triangle,463,977,464,,359739.74471350963,6956136.249354647,4359.447265625,92.91557191756425,92.26779583798935,42.91557191756425,42.26779583798936,65,1681,6.32455532034e-06,
1915,triangle,469,978,468,,359362.5,6955837.5,4218.75,82.5250015258789,83.4000015258789,32.525001525878906,33.400001525878906,65,1681,6.32455532034e-06,
1916,triangle,468,1060,469,,359436.9196439819,6955833.925584438,4153.4599609375,83.20466532315851,84.40706106528087,33.2046653231585,34.40706106528087,65,1681,6.32455532034e-06,
1917,triangle,470,979,471,,359360.4685737433,6955685.221977773,3990.2138671875,80.14616462863826,80.90985441787845,30.14616462863826,30.90985441787845,65,1681,6.32455532034e-06,
1918,triangle,475,980,474,,358462.5,6956662.5,4218.75,122.72500038146973,122.43333371480306,72.72500038146973,72.43333371480306,65,1681,6.32455532034e-06,
1919,triangle,474,1061,475,,358473.66181053343,6956750.368754922,5666.4853515625,122.95299192524391,124.65195512321934,72.95299192524392,74.65195512321934,65,1681,6.32455532034e-06,
1920,triangle,476,981,477,,358612.5,6956662.5,4218.75,118.92500114440918,119.33333396911621,68.92500114440918,69.33333396911621,65,1681,6.32455532034e-06,
1921,triangle,479,982,478,,358762.5,6956587.5,4218.75,116.875,117.36666679382324,66.875,67.36666679382324,65,1681,6.32455532034e-06,
1922,triangle,480,983,481,,358917.5592462572,6956585.490746555,3992.708984375,114.47633738822,115.268600432627,64.47633738822,65.26860043262698,65,1681,6.32455532034e-06,
1923,triangle,485,984,484,,359209.5507865797,6956517.0752374865,3704.0361328125,108.0197125187583,107.60574416951413,58.019712518758304,57.60574416951413,65,1681,6.32455532034e-06,
1924,triangle,486,985,487,,359366.5887304654,6956513.609919955,4343.61572265625,103.02637649384565,104.26373053748178,53.02637649384565,54.263730537481784,65,1681,6.32455532034e-06,
1925,triangle,487,1062,486,,359364.4848865727,6956438.177678753,4142.51171875,101.47368104586057,101.49028021183348,51.47368104586057,51.490280211833486,65,1681,6.32455532034e-06,
1926,triangle,902,1315,755,,365180.1430763221,6956401.690285954,112528.3701171875,15.982419238321366,40.47617797011646,-34.01758076167864,-9.52382202988354,12,1841,7.95270728767e-06,
1927,triangle,743,1422,935,,358680.30690823466,6948099.9097365,27774.36279296875,87.0753407229844,84.68772785364206,37.075340722984386,34.68772785364205,12,1841,7.95270728767e-06,
1928,triangle,1209,1428,803,,358221.619924586,6951074.146155294,47418.009765625,71.94245522197986,69.16705038222231,21.942455221979863,19.167050382222317,12,1841,7.95270728767e-06,
1929,triangle,789,1264,495,,359606.16138855397,6944856.986739788,162471.5341796875,106.77604006024937,117.29123033041328,56.77604006024937,67.29123033041328,52,1561,1.189207115e-05,
1930,triangle,650,1405,1162,,356780.2505071135,6952588.2940965695,76070.5537109375,95.32691278194363,84.25705587749907,45.326912781943626,34.25705587749906,65,1681,6.32455532034e-06,
1931,triangle,1272,1471,1273,,361082.563392196,6958004.936674573,328627.56640625,99.77904013752564,100.07942646003904,49.779040137525634,50.07942646003905,12,1841,7.95270728767e-06,
1932,triangle,1220,1401,820,,360455.1448281125,6947499.700578846,101313.849609375,109.53458613283712,110.09211179409617,59.53458613283712,60.092111794096176,12,1841,7.95270728767e-06,
1933,triangle,998,1072,534,,363594.5468550929,6948806.677468199,179116.2060546875,85.79701941134614,87.23581170796926,35.79701941134614,37.23581170796926,12,1841,9.500314519299643e-06,
1934,triangle,1196,1453,993,,355728.17987920746,6951428.875852366,11038.67578125,67.28373862073673,68.83229566944537,17.28373862073673,18.83229566944537,65,1681,6.32455532034e-06,
1935,triangle,1095,1236,1001,,358885.0265925788,6948631.361350719,40869.19189453125,87.43714346569963,84.38123974610222,37.43714346569962,34.38123974610223,12,1841,7.95270728767e-06,
1936,triangle,806,1506,888,,363768.1433291232,6952831.008397815,120183.06005859375,122.10990043807256,118.930063976796,72.10990043807256,68.930063976796,65,1681,6.32455532034e-06,
1937,triangle,860,1493,1070,,362183.029187775,6951760.696027421,36710.8388671875,101.56511727704593,100.58447857333522,51.56511727704593,50.58447857333521,65,1681,6.32455532034e-06,
1938,triangle,334,1469,333,,358411.64725909167,6948669.041196741,6264.951171875,67.72887324885156,67.69155722366362,17.728873248851556,17.691557223663633,12,1841,7.95270728767e-06,
1939,triangle,1223,1290,104,,363158.1496869664,6955546.2573705055,4372.5576171875,31.0837777581134,30.320055560287305,-18.916222241886597,-19.679944439712695,12,1841,7.95270728767e-06,
1940,triangle,552,1351,1119,,353860.18543065636,6956674.615259989,58826.689453125,107.67108551090135,112.57342776890216,57.67108551090136,62.57342776890218,6,1721,1.189207115e-05,
1941,triangle,690,1401,1220,,360683.4391637016,6947363.065950782,93298.958984375,109.11262530628555,109.60523866341026,59.11262530628556,59.60523866341026,12,1841,7.95270728767e-06,
1942,triangle,847,1502,1353,,355739.00962947024,6946021.428809789,388439.326171875,57.99354544769527,74.47565303450267,7.993545447695265,24.47565303450267,12,1841,7.95270728767e-06,
1943,triangle,1174,1235,1065,,356542.7944105405,6950078.083898495,158342.896484375,56.02509575127998,68.01883051907436,6.025095751279981,18.018830519074346,12,1841,7.95270728767e-06,
1944,triangle,423,1469,424,,358461.64725909167,6948794.041196741,3482.86572265625,67.75672398131515,67.79155824091623,17.756723981315158,17.791558240916235,12,1841,7.95270728767e-06,
1945,triangle,425,1469,334,,358386.64725909167,6948719.041196741,4122.81689453125,66.93198416042253,67.02489055699697,16.93198416042253,17.024890556996965,12,1841,7.95270728767e-06,
1946,triangle,793,794,718,,358729.6137046831,6952327.871488224,46287.1533203125,52.70027708814753,51.49664829521777,2.7002770881475286,1.4966482952177653,12,1841,7.95270728767e-06,
1947,triangle,1194,1357,791,,357536.2422447077,6952042.368215569,48325.43115234375,56.57258555940562,54.471684683227146,6.572585559405624,4.47168468322714,12,1841,7.95270728767e-06,
1948,triangle,171,1384,1361,,356612.3197503705,6953894.56192043,10413.2314453125,74.17106194668236,77.32415400249114,24.17106194668236,27.324154002491145,65,1681,6.32455532034e-06,
1949,triangle,1007,1037,770,,358975.28671395377,6946724.035580243,25871.99560546875,100.16522347167238,99.11925397690766,50.16522347167238,49.11925397690766,12,1841,7.95270728767e-06,
1950,triangle,780,1445,862,,359726.07606110396,6955803.217352384,29790.55859375,119.60194497490289,113.86396759293525,69.60194497490289,63.86396759293524,65,1681,6.32455532034e-06,
1951,triangle,1105,1545,720,,360523.4899712626,6948126.051872001,40849.75439453125,88.34461587407125,89.35753544804022,38.34461587407126,39.35753544804022,12,1841,7.95270728767e-06,
1952,triangle,6,1022,5,,357817.1875,6952447.395833333,5039.0625,38.13512625517707,38.51605888538892,-11.864873744822932,-11.483941114611076,12,1841,7.95270728767e-06,
1953,triangle,12,1023,11,,358263.42425205925,6952649.057172321,7241.296875,37.55316055176624,39.05668950122943,-12.44683944823376,-10.943310498770572,12,1841,7.95270728767e-06,
1954,triangle,14,1023,13,,358363.42425205925,6952649.057172321,7033.33935546875,38.0332881482324,39.52335540495664,-11.966711851767595,-10.476644595043359,12,1841,7.95270728767e-06,
1955,triangle,15,1024,14,,358498.1191675445,6952669.131161184,6073.65087890625,37.078950510425784,39.07827450057016,-12.921049489574216,-10.921725499429842,12,1841,7.95270728767e-06,
1956,triangle,23,1025,22,,359029.0161001115,6952658.066880672,7078.1650390625,33.82582986108807,34.01352028975773,-16.174170138911936,-15.986479710242271,12,1841,7.95270728767e-06,
1957,triangle,25,1026,24,,359236.6775883371,6952731.971816984,6154.3994140625,34.88867617338262,37.57375005456973,-15.111323826617383,-12.42624994543027,12,1841,7.95270728767e-06,
1958,triangle,82,1028,81,,364712.5,6955637.5,5625.0,38.955554220411535,42.249999364217125,-11.044445779588463,-7.750000635782878,12,1841,7.95270728767e-06,
1959,triangle,92,1029,91,,364060.9463582719,6955856.895658858,5169.2958984375,20.103348737262397,21.831112465420095,-29.896651262737603,-28.16888753457991,12,1841,7.95270728767e-06,
1960,triangle,96,1030,95,,363761.4692041707,6955709.569208242,5411.25,20.318302240135584,20.630982721358645,-29.681697759864413,-29.36901727864135,12,1841,7.95270728767e-06,
1961,triangle,111,1031,110,,362787.5,6955187.5,5625.0,22.308332761128742,22.349999745686848,-27.691667238871258,-27.650000254313152,12,1841,7.95270728767e-06,
1962,triangle,119,1032,118,,362241.43601376616,6955111.1720034005,5918.40234375,34.090390524336996,34.49539445948726,-15.909609475663004,-15.504605540512742,12,1841,7.95270728767e-06,
1963,triangle,143,1033,142,,356319.1743499139,6951535.254600572,6628.4716796875,60.816853573030706,63.39972666859571,10.816853573030704,13.399726668595713,12,1841,7.95270728767e-06,
1964,triangle,153,1034,152,,356907.4326307904,6952060.017791343,5334.1689453125,55.39450220018192,54.42380855716393,5.39450220018192,4.4238085571639285,12,1841,7.95270728767e-06,
1965,triangle,189,1035,188,,356410.3926015234,6956538.305857453,5952.7412109375,98.16183834839838,98.86909077144647,48.16183834839839,48.86909077144646,6,1721,1.189207115e-05,
1966,triangle,218,1036,217,,356262.5,6954462.5,5625.0,75.31944317287866,75.23333231608073,25.319443172878668,25.23333231608073,6,1721,1.189207115e-05,
1967,triangle,309,1037,310,,359114.0846919892,6946883.530466276,5893.2939453125,86.94713409572748,87.1506452593038,36.94713409572747,37.1506452593038,12,1841,7.95270728767e-06,
1968,triangle,311,1038,310,,359087.38154710346,6947014.721846682,5861.6318359375,85.03906796738335,85.45067090562367,35.03906796738334,35.450670905623674,12,1841,7.95270728767e-06,
1969,triangle,313,1039,314,,358970.4065236145,6947185.979551877,4906.56640625,84.883191772761,84.40888436856534,34.88319177276101,34.408884368565346,12,1841,7.95270728767e-06,
1970,triangle,317,1040,316,,358788.74807380076,6947386.706780814,5676.1708984375,79.82525651460544,81.1589999753528,29.82525651460543,31.158999975352796,12,1841,7.95270728767e-06,
1971,triangle,332,937,333,,358436.84922948777,6948543.356934611,5039.306640625,68.73418609636884,69.16876307409937,18.734186096368845,19.168763074099363,12,1841,7.95270728767e-06,
1972,triangle,344,1041,345,,357589.2649957126,6948539.133082628,5639.83984375,62.78200585784145,63.40645849282216,12.782005857841446,13.406458492822159,12,1841,7.95270728767e-06,
1973,triangle,346,1042,345,,357462.5,6948512.5,5625.0,62.866665310329886,62.63333288828532,12.866665310329875,12.633332888285318,12,1841,7.95270728767e-06,
1974,triangle,372,1043,371,,360453.4743385534,6948600.305914339,8793.9482421875,73.53737776432574,72.19974543740072,23.53737776432574,22.199745437400708,12,1841,7.95270728767e-06,
1975,triangle,379,1044,380,,360527.2464607074,6949131.654860951,7436.10107421875,62.682190139752166,63.082496976345304,12.68219013975217,13.082496976345304,12,1841,7.95270728767e-06,
1976,triangle,381,1045,382,,360387.5,6949287.5,5625.0,59.13333426581485,60.074999491373696,9.133334265814858,10.074999491373697,12,1841,7.95270728767e-06,
1977,triangle,392,1046,391,,359916.88914384256,6949789.509395669,6344.8349609375,55.551839044577235,57.298373303655886,5.551839044577234,7.29837330365588,12,1841,7.95270728767e-06,
1978,triangle,394,1047,395,,359710.4847977152,6949954.304983381,6773.6494140625,54.50156675852634,53.98339876175617,4.501566758526331,3.9833987617561686,12,1841,7.95270728767e-06,
1979,triangle,396,1048,395,,359687.5,6950087.5,5625.0,57.25000137752959,55.77500089009603,7.2500013775295935,5.775000890096028,12,1841,7.95270728767e-06,
1980,triangle,404,1050,405,,359487.5,6950712.5,5625.0,46.35000038146974,48.10833295186361,-3.6499996185302632,-1.8916670481363933,12,1841,7.95270728767e-06,
1981,triangle,406,1051,405,,359464.0333829918,6950840.90269544,6180.30859375,48.74902013480686,48.666003015892755,-1.2509798651931385,-1.33399698410724,12,1841,7.95270728767e-06,
1982,triangle,418,1052,417,,361031.8106003115,6948809.628482801,4661.89697265625,72.98150488790083,72.25548303076978,22.981504887900833,22.255483030769792,12,1841,7.95270728767e-06,
1983,triangle,419,953,420,,360836.58892128285,6948914.549927113,5496.87939453125,67.08236584890997,66.33422711479137,17.082365848909987,16.33422711479137,12,1841,7.95270728767e-06,
1984,triangle,427,1053,426,,361734.68446235935,6949717.024072566,6450.7060546875,82.98663555236014,83.60924962779579,32.98663555236015,33.60924962779579,12,1841,7.95270728767e-06,
1985,triangle,430,1054,431,,361487.5,6949512.5,5625.0,77.9666661156548,78.9416675567627,27.96666611565481,28.941667556762695,12,1841,7.95270728767e-06,
1986,triangle,432,1055,431,,361354.1566226896,6949492.46417391,7122.099609375,80.86383852195226,81.62416163215052,30.863838521952264,31.624161632150514,12,1841,7.95270728767e-06,
1987,triangle,433,1056,434,,361258.6407231831,6949356.616873075,5852.68310546875,75.58788509968443,77.47058995284941,25.587885099684428,27.470589952849412,12,1841,7.95270728767e-06,
1988,triangle,442,1057,443,,358598.21428571426,6951066.071428572,4821.42822265625,56.5713714180003,55.427210502881394,6.571371418000303,5.427210502881391,12,1841,7.95270728767e-06,
1989,triangle,446,1058,445,,358716.5178571429,6951232.621173468,6625.876953125,48.70460876504606,51.044598523513706,-1.2953912349539383,1.044598523513704,12,1841,7.95270728767e-06,
1990,triangle,448,1059,447,,358865.53803580994,6951385.236295722,6221.4453125,45.4067700740266,46.656872182955624,-4.593229925973393,-3.3431278170443774,12,1841,7.95270728767e-06,
1991,triangle,467,1060,468,,359461.9196439819,6955883.925584438,5961.83154296875,83.62998355304393,85.47372671469493,33.62998355304393,35.47372671469493,65,1681,6.32455532034e-06,
1992,triangle,473,1061,474,,358423.66181053343,6956775.368754922,8328.43896484375,123.94778168737358,126.38528998243157,73.94778168737356,76.38528998243157,65,1681,6.32455532034e-06,
1993,triangle,488,1062,487,,359414.4848865727,6956413.177678753,5325.4609375,98.71317056952344,99.25694789575276,48.713170569523456,49.25694789575275,65,1681,6.32455532034e-06,
1994,triangle,1305,1361,874,,356477.2769622244,6953686.150788977,30323.97705078125,71.04021837386374,77.52113319929866,21.040218373863738,27.521133199298664,65,1681,6.32455532034e-06,
1995,triangle,932,1554,1421,,358348.66631979914,6947681.929791723,18970.99951171875,79.58958588783503,80.3684462364173,29.589585887835042,30.368446236417295,12,1841,7.95270728767e-06,
1996,triangle,532,1254,1087,,362271.20252536115,6949240.589646767,57190.0830078125,100.3023862244332,99.08754871562286,50.30238622443319,49.08754871562286,65,1681,6.32455532034e-06,
1997,triangle,365,945,364,,356667.7617258762,6948260.341369558,4810.6943359375,59.146993997067355,59.21480953717901,9.146993997067357,9.214809537179006,12,1841,7.95270728767e-06,
1998,triangle,385,955,384,,360333.96132818057,6949462.694287337,3820.6494140625,58.985663192414485,59.693990167087634,8.985663192414481,9.693990167087636,12,1841,7.95270728767e-06,
1999,triangle,1288,1460,704,,360516.92091589916,6951326.831005126,132042.357421875,86.04013016603705,79.28137623282937,36.04013016603704,29.28137623282936,12,1841,7.95270728767e-06,
2000,triangle,1186,1506,561,,363831.1625202124,6952278.48770189,102066.544921875,121.62192079057031,121.8121090759728,71.62192079057033,71.8121090759728,65,1681,6.32455532034e-06,
2001,triangle,1382,1411,124,,361207.69520903775,6955031.13846927,20500.16162109375,141.9676101721021,134.1037476453583,91.96761017210208,84.1037476453583,65,1681,6.32455532034e-06,
2002,triangle,91,1521,90,,364140.37846129254,6955937.990698877,5356.376953125,23.416680599548013,26.244233335156846,-26.583319400451987,-23.755766664843154,12,1841,7.95270728767e-06,
2003,triangle,833,1321,1003,,360994.4663766746,6954163.856680746,44452.2412109375,55.58999428212134,54.63302993465655,5.589994282121334,4.633029934656543,65,1681,6.32455532034e-06,
2004,triangle,1217,1405,134,,356475.86820885475,6952360.261390078,65022.3466796875,88.24195430374078,88.67387513440939,38.2419543037408,38.673875134409364,65,1681,6.32455532034e-06,
2005,triangle,1311,1467,865,,361217.60870669404,6950951.094348668,112776.02392578125,90.48633797297342,95.70382943713554,40.48633797297342,45.70382943713553,12,1841,7.95270728767e-06,
2006,triangle,1132,1536,88,,364236.9071902796,6956136.966854141,19595.4638671875,28.734656744924536,34.85923635950027,-21.265343255075464,-15.140763640499722,12,1841,7.95270728767e-06,
2007,triangle,824,1499,1471,,361217.33069846313,6959349.113990955,847148.80078125,57.964217729247444,85.64506186396981,7.9642177292474425,35.645061863969815,12,1841,8.757000853228215e-06,
2008,triangle,653,1443,652,,356031.339351422,6951712.049050105,19119.9853515625,79.0504672761778,78.33576291495667,29.050467276177795,28.335762914956664,65,1681,6.4990001739825e-06,
2009,triangle,760,793,718,,358563.60805898655,6952272.399745884,59860.40576171875,61.756480077614206,58.73634477029474,11.756480077614201,8.736344770294739,12,1841,7.95270728767e-06,
2010,triangle,816,1221,733,,359702.9185994484,6956577.884364329,32294.15478515625,124.55957208116203,122.50777402487465,74.55957208116205,72.50777402487462,65,1681,6.32455532034e-06,
2011,triangle,1256,1266,990,,353950.9986395312,6950094.904663372,92916.671875,113.38850006894978,110.76068963563431,63.38850006894976,60.760689635634314,65,1681,6.32455532034e-06,
2012,triangle,879,1255,1089,,359219.7631151912,6953770.843734498,67510.65185546875,67.03038433526191,62.297855924005,17.03038433526191,12.297855924004992,65,1681,6.32455532034e-06,
2013,triangle,807,1368,1281,,353473.51008212357,6952046.5622643195,307825.923828125,71.54413855112901,99.73157862995272,21.544138551128988,49.731578629952715,65,1681,7.119914724577143e-06,
2014,triangle,1000,1122,504,,355996.0508744067,6951258.166904102,17127.8017578125,77.05708280580346,77.04861469630329,27.05708280580346,27.048614696303286,12,1841,7.95270728767e-06,
2015,triangle,971,1146,737,,361032.7481531927,6949648.98074426,39398.9111328125,91.08490805682858,91.45491171741588,41.08490805682859,41.45491171741588,12,1841,7.95270728767e-06,
2016,triangle,849,1026,26,,359361.6775883371,6952731.971816984,11180.1123046875,41.579778715875804,40.87375056319603,-8.420221284124196,-9.126249436803967,12,1841,7.95270728767e-06,
2017,triangle,892,1085,724,,363018.8542219939,6951513.739266646,146589.4033203125,122.63375740321428,110.49406606361117,72.63375740321428,60.49406606361117,65,1681,6.32455532034e-06,
2018,triangle,1196,1442,135,,355801.871308619,6951553.170822326,14369.9716796875,66.48889811907489,68.73611015023543,16.488898119074882,18.736110150235422,65,1681,6.32455532034e-06,
2019,triangle,1014,1294,684,,365042.41182035016,6955748.506696033,15374.32568359375,94.1999020808322,82.2637635732123,44.19990208083221,32.26376357321229,12,1841,7.8945590031225e-06,
2020,triangle,535,998,754,,363515.5348788511,6948240.170358685,246245.18359375,71.43242005013913,85.07546383330939,21.43242005013913,35.07546383330939,6,1721,1.189207115e-05,
2021,triangle,854,1466,492,,358207.93897485035,6945023.914198603,231492.71240234375,98.74804042865587,103.93545948890022,48.74804042865588,53.93545948890022,18,2041,4.30886938006e-06,
2022,triangle,1177,1408,1092,,357898.27648032986,6956768.448022851,60859.98681640625,136.65620837148987,139.08059048985805,86.65620837148985,89.08059048985804,65,1681,6.32455532034e-06,
2023,triangle,1063,1208,756,,365448.4218197354,6951331.413626288,454840.3330078125,100.65964818295873,96.97635682353598,50.65964818295874,46.97635682353597,12,1841,9.641006085811428e-06,
2024,triangle,570,1552,1462,,351282.69542973704,6944333.335211185,731114.2392578125,81.23420028142817,78.40063392702938,31.23420028142817,28.40063392702937,12,1841,7.95270728767e-06,
2025,triangle,1121,1335,618,,363745.9599533104,6953616.713759459,36931.19140625,82.44434235140332,85.77235360928849,32.444342351403314,35.77235360928848,65,1681,6.32455532034e-06,
2026,triangle,598,1528,1474,,368973.2525665066,6943224.032665906,911316.7622070312,25.776825141169446,60.681744092802376,-24.223174858830554,10.681744092802376,6,1721,1.1047921750929286e-05,
2027,triangle,647,1402,1328,,357869.6200414339,6953012.882542212,19789.0966796875,59.4659470400117,58.20182627677184,9.465947040011702,8.201826276771834,65,1681,6.3827036048875e-06,
2028,triangle,788,1348,1174,,356067.0906437165,6949604.301189658,129982.09423828125,66.31363872545269,72.57544335197906,16.3136387254527,22.575443351979064,12,1841,7.95270728767e-06,
2029,triangle,645,1400,1327,,358240.06948328746,6953131.309958238,19891.14453125,62.50020499376609,62.59343445671423,12.50020499376609,12.593434456714222,65,1681,6.32455532034e-06,
2030,triangle,1328,1400,646,,358054.68795471103,6953071.952344661,19635.60791015625,61.40591911960442,59.84324011879399,11.405919119604421,9.84324011879399,65,1681,6.32455532034e-06,
2031,triangle,1327,1399,644,,358424.2172016623,6953203.978486163,22544.869140625,63.300630527472975,63.057005279380114,13.300630527472975,13.057005279380114,65,1681,6.32455532034e-06,
2032,triangle,481,1426,1004,,358973.15104877297,6956454.97365694,11903.91845703125,122.8594501123169,120.60005184008423,72.8594501123169,70.60005184008422,65,1681,6.32455532034e-06,
2033,triangle,925,926,769,,355893.17775974027,6955719.642857143,18836.787109375,90.27553333200777,89.0786610708354,40.27553333200777,39.0786610708354,6,1721,1.189207115e-05,
2034,triangle,796,1030,916,,363621.2498673657,6955793.256700921,18483.67578125,29.5228687993808,30.723091082360966,-20.4771312006192,-19.27690891763903,12,1841,7.95270728767e-06,
2035,triangle,939,940,774,,358189.21275368385,6948909.768577243,27401.919921875,76.91673581548154,76.11473904491623,26.916735815481548,26.114739044916224,12,1841,7.95270728767e-06,
2036,triangle,830,1188,1053,,361661.9794284636,6949885.8075109245,21381.1494140625,95.62180761950371,95.0560277717783,45.62180761950372,45.056027771778304,12,1841,7.95270728767e-06,
2037,triangle,772,1422,743,,358767.28879582696,6948004.8406372545,32122.0517578125,85.36627787634563,86.2626465208366,35.366277876345634,36.26264652083662,12,1841,7.95270728767e-06,
2038,triangle,1091,1298,894,,360176.6910937768,6954003.863577443,64636.50830078125,110.31889543416145,96.57195885149194,60.31889543416145,46.571958851491935,65,1681,6.32455532034e-06,
2039,triangle,1177,1366,181,,358243.4883423147,6956557.446933184,17492.4306640625,142.98862378365152,139.6560241726369,92.98862378365152,89.65602417263689,65,1681,6.32455532034e-06,
2040,triangle,1124,1555,576,,351330.39774038596,6955600.628598963,989632.2548828125,101.08881893493128,49.835476932347994,51.08881893493127,-0.16452306765200575,1,1,6.775300508214286e-05,
2041,triangle,496,1356,495,,359122.6328226726,6945017.966883474,26580.09423828125,132.20074903727522,130.41317556060335,82.2007490372752,80.41317556060336,18,2041,4.30886938006e-06,
2042,triangle,212,1243,1195,,355938.177511808,6954804.235067182,12204.05078125,83.633423599411,81.60406494489597,33.63342359941102,31.604064944895967,6,1721,1.189207115e-05,
2043,triangle,1332,1406,662,,357799.1697790139,6954431.128825441,18854.9736328125,93.6927182001983,94.4714077093701,43.692718200198286,44.471407709370084,65,1681,6.32455532034e-06,
2044,triangle,219,1437,218,,356343.6086222295,6954386.2962875515,5073.19775390625,74.93157052553846,75.31479082431909,24.931570525538472,25.31479082431909,6,1721,1.189207115e-05,
2045,triangle,318,1439,317,,358706.9817792798,6947465.049732643,5291.04541015625,78.87306781737598,79.78650700700774,28.873067817375976,29.786507007007746,12,1841,7.95270728767e-06,
2046,triangle,393,1441,392,,359825.12782876845,6949860.751879133,4036.466796875,54.68619040446772,55.5811162843578,4.6861904044677205,5.581116284357795,12,1841,7.95270728767e-06,
2047,triangle,314,1438,315,,358884.2298836883,6947263.891994059,5836.2890625,84.13113493965726,83.63874528652525,34.13113493965726,33.63874528652526,12,1841,7.95270728767e-06,
2048,triangle,154,1436,153,,356987.5,6952140.0,5343.75,54.919998931884734,53.43333282470704,4.91999893188473,3.433332824707037,12,1841,7.95270728767e-06,
2049,triangle,373,1440,372,,360523.9255164945,6948695.095942183,6055.8271484375,68.70271249138831,69.14365884868396,18.70271249138831,19.14365884868396,12,1841,7.95270728767e-06,
2050,triangle,737,1279,776,,360660.55220905785,6949535.1892459495,33218.84228515625,83.2752976196002,82.03397202634822,33.275297619600195,32.033972026348216,12,1841,7.95270728767e-06,
2051,triangle,661,1406,1331,,357614.1149551743,6954369.1051997105,19623.716796875,90.27449014355798,90.73539428081335,40.27449014355799,40.735394280813345,65,1681,6.32455532034e-06,
2052,triangle,1045,1492,383,,360251.26530969935,6949280.124285922,12154.48779296875,63.517622533252165,63.57130367176469,13.517622533252158,13.571303671764683,12,1841,7.95270728767e-06,
2053,triangle,1331,1407,660,,357430.06225450785,6954310.170536913,19311.01904296875,82.72772228837808,84.33658353399767,32.72772228837807,34.336583533997675,65,1681,6.32455532034e-06,
2054,triangle,467,1445,1060,,359543.5391271852,6955897.781352166,9867.49560546875,89.61459230760127,90.96844586874055,39.61459230760128,40.968445868740545,65,1681,6.32455532034e-06,
2055,triangle,1022,1501,5,,357815.9154636709,6952380.360091984,7702.16064453125,43.41629094749615,42.61135461167975,-6.5837090525038455,-7.388645388320254,12,1841,7.95270728767e-06,
2056,triangle,946,1491,358,,356477.8934134895,6948475.319019216,12975.7587890625,58.45008077197778,59.82367206853926,8.450080771977783,9.82367206853926,12,1841,7.95270728767e-06,
2057,triangle,1117,1520,870,,366159.33545031905,6952321.515270889,199236.3623046875,103.82015063458212,109.31403393167398,53.82015063458212,59.314033931673976,12,1841,9.218931386276073e-06,
2058,triangle,102,1290,917,,363277.4653019039,6955555.785011337,5675.6044921875,28.26807157785277,28.873196737954874,-21.731928422147234,-21.12680326204512,12,1841,7.95270728767e-06,
2059,triangle,764,898,720,,360875.2216938051,6948422.12714499,53349.6357421875,86.53359352040336,85.58888209377601,36.53359352040335,35.58888209377601,12,1841,7.95270728767e-06,
2060,triangle,964,1059,968,,359042.3237500957,6951337.022010007,14394.5771484375,52.88302980375569,49.953129519887206,2.883029803755691,-0.04687048011279682,12,1841,7.95270728767e-06,
2061,triangle,214,1498,1243,,355967.3855484934,6954644.3038982125,8042.2998046875,81.11832652389121,82.04456141197541,31.118326523891216,32.044561411975394,6,1721,1.189207115e-05,
2062,triangle,1417,1480,357,,356642.37891341373,6948589.3152729245,9019.4658203125,58.55277186641476,58.96120680176563,8.552771866414757,8.961206801765632,12,1841,7.95270728767e-06,
2063,triangle,175,1192,221,,356438.89397648745,6954193.82337518,3875.1826171875,73.941667525476,74.6984502211842,23.941667525476007,24.698450221184203,6,1721,1.0301352341525715e-05,
2064,triangle,1011,1176,888,,363235.31100058294,6952913.558963745,63469.0419921875,91.70283447426243,93.77177990651921,41.702834474262424,43.771779906519214,65,1681,6.32455532034e-06,
2065,triangle,1382,1509,835,,360846.5833145354,6955223.101507403,100677.60546875,169.73153510372757,158.63392368772494,119.73153510372758,108.63392368772496,65,1681,6.32455532034e-06,
2066,triangle,476,1168,980,,358551.42098565056,6956563.148540768,9111.1142578125,120.9253792258659,122.5846432244535,70.9253792258659,72.5846432244535,65,1681,6.32455532034e-06,
2067,triangle,479,1169,983,,358841.7404451224,6956683.131010714,9162.55615234375,121.20376632555681,120.87664526635183,71.20376632555681,70.87664526635182,65,1681,6.32455532034e-06,
2068,triangle,866,1531,332,,358562.98398523155,6948545.109473423,6581.54931640625,71.34168191887099,71.77716989706663,21.34168191887099,21.777169897066624,12,1841,7.95270728767e-06,
2069,triangle,888,1175,1116,,363532.29698622087,6953116.2095269365,41263.8330078125,88.78028090466623,88.28987494119379,38.780280904666235,38.2898749411938,65,1681,6.32455532034e-06,
2070,triangle,1087,1359,532,,362478.5841062131,6949347.252801101,93098.142578125,105.31960729921276,102.16414065269119,55.319607299212755,52.1641406526912,65,1681,6.32455532034e-06,
2071,triangle,1073,1307,863,,352198.57577120623,6950070.420517895,569129.8393554688,81.91793144418762,94.94238008160114,31.917931444187612,44.94238008160114,6,1721,1.189207115e-05,
2072,triangle,823,1370,1212,,364130.498945117,6957487.26071051,216644.25439453125,95.01747547301838,97.8037129422509,45.01747547301837,47.803712942250876,12,1841,7.95270728767e-06,
2073,triangle,802,896,717,,359129.52468585776,6950415.024385954,31801.90478515625,77.91364399225165,82.2302073489539,27.913643992251657,32.2302073489539,12,1841,7.95270728767e-06,
2074,triangle,1167,1224,1114,,357309.5238095238,6948270.45558608,16428.1416015625,64.36297753773694,64.97874942226888,14.362977537736937,14.978749422268871,12,1841,7.95270728767e-06,
2075,triangle,555,1504,568,,367002.54256760544,6952796.101985532,82618.92822265625,139.94317471787093,138.4891255200358,89.94317471787096,88.48912552003578,6,1721,1.1751379583488215e-05,
2076,triangle,1111,1205,671,,359398.22343651135,6946002.673774916,51795.3837890625,111.1454460756128,112.52318951577939,61.145446075612796,62.52318951577939,12,1841,7.95270728767e-06,
2077,triangle,943,1416,353,,356947.3584743477,6948323.192552902,6678.3173828125,59.841908843130234,59.92461071873145,9.841908843130236,9.924610718731445,12,1841,7.95270728767e-06,
2078,triangle,772,1539,799,,358953.4652451642,6947758.323292509,39846.18408203125,89.51037346052199,91.40708492619484,39.510373460522004,41.40708492619485,12,1841,7.95270728767e-06,
2079,triangle,967,1342,966,,359231.2322513205,6951857.52752189,59622.9423828125,48.67697422051549,52.36486407054169,-1.3230257794845128,2.3648640705416946,12,1841,7.95270728767e-06,
2080,triangle,810,1393,895,,356935.15532785753,6953802.120048714,46317.2333984375,90.77345136620806,89.5912067068138,40.773451366208064,39.591206706813786,65,1681,6.32455532034e-06,
2081,triangle,959,1241,398,,359502.55697635707,6950221.490259876,6402.33740234375,62.192815727415564,62.021448475897024,12.192815727415567,12.021448475897023,12,1841,7.95270728767e-06,
2082,triangle,1111,1429,876,,359511.8655625721,6946343.403682687,39573.236328125,101.75440027974264,103.8217270665391,51.75440027974263,53.82172706653909,12,1841,7.95270728767e-06,
2083,triangle,1430,1431,900,,353009.1776454624,6954132.8394482145,351200.41015625,90.90942903963287,99.46967405641584,40.909429039632855,49.46967405641584,6,1721,1.189207115e-05,
2084,triangle,120,1340,1032,,362238.4936781937,6955233.2296678275,10147.029296875,42.03854261137286,41.92579978372678,-7.961457388627135,-8.074200216273221,12,1841,7.95270728767e-06,
2085,triangle,220,1437,219,,356368.6086222295,6954336.2962875515,3531.5302734375,76.06410908884787,75.74812517490503,26.06410908884788,25.748125174905027,6,1721,1.189207115e-05,
2086,triangle,319,1439,318,,358681.9817792798,6947515.049732643,3597.9501953125,79.10717329596089,79.61984034034107,29.107173295960887,29.61984034034108,12,1841,7.95270728767e-06,
2087,triangle,394,1441,393,,359800.12782876845,6949910.751879133,2826.880859375,54.95985366804158,54.78111704729725,4.959853668041581,4.781117047297248,12,1841,7.95270728767e-06,
2088,triangle,155,1436,154,,357037.5,6952165.0,3937.5,54.36666692097983,53.53333384195964,4.366666920979835,3.533333841959641,12,1841,7.95270728767e-06,
2089,triangle,315,1438,316,,358834.2298836883,6947288.891994059,4062.15087890625,82.61746244984012,82.53874426927264,32.617462449840104,32.53874426927265,12,1841,7.95270728767e-06,
2090,triangle,374,1440,373,,360573.9255164945,6948720.095942183,3364.2060546875,67.47718577025383,67.94365935731027,17.47718577025383,17.943659357310263,12,1841,7.95270728767e-06,
2091,triangle,66,1475,65,,361677.9845159881,6951859.794224501,4523.150390625,78.95506814009457,79.6485818531405,28.955068140094557,29.648581853140502,12,1841,7.95270728767e-06,
2092,triangle,894,1298,1131,,359946.2244960964,6953955.511337469,73496.4873046875,84.11268670541087,82.35918245120148,34.112686705410866,32.35918245120147,65,1681,6.32455532034e-06,
2093,triangle,672,1286,1248,,359023.6446395412,6945575.958484244,44901.728515625,131.16105664787045,128.3330754297706,81.16105664787047,78.33307542977059,18,2041,4.30886938006e-06,
2094,triangle,898,1193,720,,361014.0295676211,6948242.668043914,77992.0888671875,90.39717208119438,92.8900019243536,40.397172081194384,42.89000192435359,12,1841,7.95270728767e-06,
2095,triangle,1002,1327,1093,,358247.2764918877,6953405.174252826,47063.5712890625,74.7134664980168,75.771253864349,24.7134664980168,25.771253864349006,65,1681,6.32455532034e-06,
2096,triangle,875,1392,769,,355588.0448717948,6955586.522435897,56920.853515625,91.754361552042,89.38064471095161,41.75436155204199,39.38064471095161,6,1721,1.189207115e-05,
2097,triangle,494,1287,770,,359001.3559138528,6946394.696007756,38207.79296875,98.00224278655753,100.3399583291967,48.002242786557524,50.33995832919671,12,1841,7.95270728767e-06,
2098,triangle,1159,1498,215,,356047.9384624208,6954525.637594749,10286.0068359375,79.96759748897856,81.25027994665807,29.967597488978562,31.250279946658072,6,1721,1.189207115e-05,
2099,triangle,778,1415,957,,360220.2126432618,6949795.554406048,22462.6689453125,67.02860085172128,66.57434047632893,17.02860085172128,16.574340476328924,12,1841,7.95270728767e-06,
2100,triangle,1248,1286,493,,358829.2110097687,6945599.405160811,60767.255859375,124.30527353912055,124.20995837103654,74.30527353912055,74.20995837103655,18,2041,4.30886938006e-06,
2101,triangle,1355,1387,1164,,355834.26124921214,6953421.498476982,73343.0693359375,109.21137568973425,110.0542857800976,59.211375689734254,60.054285780097615,65,1681,6.32455532034e-06,
2102,triangle,619,1488,74,,363893.7652338779,6953965.974214934,10684.40576171875,95.24961549371614,95.75142292199071,45.24961549371614,45.751422921990695,65,1681,6.4408518894350004e-06,
2103,triangle,868,1209,1149,,358230.4982359128,6950718.875420959,68630.494140625,76.71772862405278,75.94269817520274,26.717728624052782,25.94269817520275,12,1841,7.95270728767e-06,
2104,triangle,400,1241,1237,,359473.2349516868,6950378.63778076,10807.443359375,54.677458453149406,62.40601926639422,4.677458453149402,12.40601926639422,12,1841,7.95270728767e-06,
2105,triangle,204,1303,1302,,355873.9308101805,6955415.592217174,9136.7705078125,84.51729396998357,84.4894681998105,34.51729396998357,34.489468199810496,6,1721,1.189207115e-05,
2106,triangle,1131,1398,1255,,359566.1828951182,6953691.247229311,32832.74560546875,46.62608204731286,50.79153330650814,-3.3739179526871337,0.7915333065081462,65,1681,6.32455532034e-06,
2107,triangle,1074,1265,843,,366440.2464443603,6956062.9806120405,133443.04150390625,75.41091308516764,81.33723358544904,25.410913085167643,31.33723358544904,65,1681,6.32455532034e-06,
2108,triangle,88,1536,1535,,364327.2371698939,6956113.855849258,11156.3173828125,19.563501832928154,24.406125197669052,-30.436498167071843,-25.593874802330948,12,1841,7.95270728767e-06,
2109,triangle,655,1338,842,,356111.8104604317,6954168.837520555,18161.79345703125,83.15789398944773,83.02824406079466,33.15789398944772,33.02824406079466,6,1721,1.189207115e-05,
2110,triangle,917,1290,1223,,363212.6699904602,6955591.036327294,9180.68115234375,36.47077053236421,34.64088815029327,-13.529229467635783,-15.35911184970673,12,1841,7.95270728767e-06,
2111,triangle,862,1250,890,,359985.94803925045,6955994.596455191,24898.9228515625,112.45578862926452,116.15305525218123,62.45578862926452,66.15305525218123,65,1681,6.32455532034e-06,
2112,triangle,651,1380,1217,,356211.429114568,6952110.426111246,61657.00927734375,88.02427134094681,87.35130670336753,38.02427134094681,37.35130670336751,65,1681,6.32455532034e-06,
2113,triangle,905,1374,1284,,354744.6720582924,6948694.87408866,144561.57470703125,89.40057039178744,89.67853106985383,39.40057039178744,39.67853106985384,12,1841,7.95270728767e-06,
2114,triangle,955,1415,776,,360435.6240632557,6949586.392307787,19945.8251953125,64.79443248547264,67.6593938563107,14.794432485472633,17.659393856310697,12,1841,7.95270728767e-06,
2115,triangle,634,1412,1349,,360568.43137162155,6953764.750956084,17390.46875,65.65778282269584,64.05093020511829,15.657782822695843,14.050930205118293,65,1681,6.32455532034e-06,
2116,triangle,1161,1196,887,,355639.3955363322,6951708.397352702,40898.6435546875,78.4141476726751,79.15441160829984,28.4141476726751,29.15441160829984,65,1681,6.32455532034e-06,
2117,triangle,1095,1531,866,,358650.48398523155,6948532.609473423,11719.30908203125,75.72487735491457,76.76883669088987,25.72487735491457,26.768836690889867,12,1841,7.95270728767e-06,
2118,triangle,874,1361,895,,356623.8480077396,6953654.674951475,35257.82763671875,88.9006538102474,83.96584646386539,38.90065381024739,33.9658464638654,65,1681,6.32455532034e-06,
2119,triangle,1474,1528,1094,,368811.22773504234,6944006.356831141,857615.1860351562,33.33361613492253,57.8484483948771,-16.66638386507747,7.8484483948771055,12,1841,8.234090420693573e-06,
2120,triangle,919,1433,838,,356663.2887187801,6951537.878306775,20952.36181640625,64.55490031477588,62.55089685671303,14.554900314775885,12.550896856713024,12,1841,7.95270728767e-06,
2121,triangle,1093,1328,1017,,357878.77047035773,6953275.873563282,45696.935546875,74.7855500576051,75.16545454256521,24.785550057605107,25.165454542565215,65,1681,6.32455532034e-06,
2122,triangle,4,1501,1194,,357712.3060631566,6952274.003778808,13804.220703125,43.813245300271575,46.037823712367974,-6.186754699728423,-3.962176287632024,12,1841,7.95270728767e-06,
2123,triangle,1349,1376,633,,360766.3720163622,6953811.541413954,23564.9404296875,47.562198434748495,48.95188439454341,-2.4378015652515113,-1.0481156054565812,65,1681,6.32455532034e-06,
2124,triangle,1489,1544,587,,367070.2546876943,6960474.918443169,934800.2763671875,,4.562532782484001,-10049.0,-6813.99817436462,23,2151,5.0644071026785715e-06,
2125,triangle,525,1512,901,,361754.52926435793,6951424.302173478,11828.84033203125,102.83598352809787,103.03055898639532,52.83598352809786,53.03055898639533,65,1681,6.32455532034e-06,
2126,triangle,972,1459,450,,359004.6832696427,6951582.708583404,7572.80859375,46.21612850213163,44.84673886818416,-3.7838714978683727,-5.153261131815833,12,1841,7.95270728767e-06,
2127,triangle,1142,1382,835,,361092.4024368121,6955296.324595213,66005.8671875,140.77246629138543,145.3069975625954,90.77246629138543,95.30699756259543,65,1681,6.32455532034e-06,
2128,triangle,1260,1351,696,,354286.16343993024,6956571.859706468,71432.26171875,100.34604087941905,98.59245394970122,50.34604087941905,48.59245394970122,6,1721,1.189207115e-05,
2129,triangle,1182,1408,182,,357496.04134385963,6956719.037613753,60896.8837890625,142.3536122975315,139.0519703564189,92.3536122975315,89.0519703564189,65,1681,6.32455532034e-06,
2130,triangle,558,1432,1129,,365009.14076538413,6952628.776284218,54651.04345703125,162.67721019680178,152.27192849052554,112.6772101968018,102.27192849052555,65,1681,6.32455532034e-06,
2131,triangle,1179,1468,534,,363409.17672631587,6949457.7272631815,85026.42724609375,108.72014317131851,107.48821976821051,58.72014317131853,57.48821976821051,65,1681,6.32455532034e-06,
2132,triangle,1387,1527,1164,,355850.9846994229,6953151.736342837,109643.01611328125,113.4969106478534,115.482838747551,63.49691064785341,65.482838747551,65,1681,6.32455532034e-06,
2133,triangle,932,1421,322,,358437.68699582625,6947747.694899663,8281.8095703125,76.451391471746,77.24877023411626,26.451391471746,27.248770234116275,12,1841,7.95270728767e-06,
2134,triangle,935,1422,325,,358560.5222003563,6948036.324904627,9778.80078125,81.61906184977246,79.477194352925,31.619061849772464,29.477194352925,12,1841,7.95270728767e-06,
2135,triangle,1272,1362,1110,,360350.41870132805,6957866.724888618,154218.09033203125,121.12377892198043,116.35536809535925,71.12377892198043,66.35536809535927,12,1841,7.95270728767e-06,
2136,triangle,870,1208,700,,365343.9634983653,6952091.660222921,162187.7685546875,95.8265404423403,97.20955473694896,45.82654044234029,47.209554736948945,12,1841,7.95270728767e-06,
2137,triangle,1173,1339,1172,,364467.0369583328,6954406.83628361,26267.79541015625,101.2360964877585,97.6697464962164,51.2360964877585,47.66974649621641,65,1681,6.32455532034e-06,
2138,triangle,529,1324,1270,,361751.39966079406,6948986.276895713,49812.9892578125,90.03799686322161,91.16183887002849,40.037996863221615,41.16183887002848,12,1841,7.95270728767e-06,
2139,triangle,526,1337,525,,361618.65257546445,6951364.440074821,10620.3076171875,98.16083277842054,97.58021322403937,48.16083277842053,47.580213224039376,12,1841,7.6619658649325e-06,
2140,triangle,313,1549,1540,,359096.08485139464,6947238.270075996,8752.359375,85.70425657082872,87.28739910431413,35.70425657082872,37.28739910431414,12,1841,7.95270728767e-06,
2141,triangle,393,1434,1047,,359719.1157271741,6949839.6262403205,7372.7197265625,58.41898081703728,59.589559124185634,8.418980817037282,9.589559124185635,12,1841,7.95270728767e-06,
2142,triangle,711,1342,748,,359534.0946063008,6952157.523338373,75757.18212890625,52.00979093086873,52.589781014600625,2.0097909308687285,2.5897810146006237,12,1841,7.95270728767e-06,
2143,triangle,755,1294,785,,364935.4221426582,6956012.781798058,47694.19091796875,52.947264114714635,57.37217592290421,2.9472641147146423,7.372175922904208,12,1841,7.95270728767e-06,
2144,triangle,1455,1463,696,,354254.36626465316,6957023.441798155,91861.0556640625,135.89189498570988,123.59774765325294,85.8918949857099,73.59774765325294,65,1681,6.32455532034e-06,
2145,triangle,915,1358,914,,361129.27984580287,6951814.123153052,22940.923828125,61.55143645733428,62.000192066257405,11.55143645733429,12.000192066257403,12,1841,7.95270728767e-06,
2146,triangle,699,1117,870,,365897.00874736457,6952579.347964521,125321.978515625,101.25801719577619,103.36261949723394,51.25801719577619,53.36261949723394,12,1841,7.95270728767e-06,
2147,triangle,31,1347,1346,,359719.06614363537,6952805.7341557285,7936.79248046875,34.31479376309241,35.362788004795654,-15.68520623690758,-14.637211995204352,12,1841,7.95270728767e-06,
2148,triangle,1003,1349,1091,,360601.8567502852,6953994.932095661,36969.974609375,74.83956799682942,75.61845076178462,24.839567996829427,25.618450761784615,65,1681,6.32455532034e-06,
2149,triangle,1018,1331,1097,,357605.6096894485,6954110.158705643,42527.81689453125,93.58617855248978,94.05021956531904,43.58617855248978,44.05021956531905,65,1681,6.32455532034e-06,
2150,triangle,672,1205,692,,359387.1406087389,6945660.717528318,48237.9501953125,122.47643394837068,123.59707507265269,72.4764339483707,73.5970750726527,12,1841,7.95270728767e-06,
2151,triangle,802,1237,896,,359302.0030437093,6950432.180167082,17641.34765625,78.75992986373232,76.03809394553144,28.759929863732317,26.038093945531443,12,1841,7.95270728767e-06,
2152,triangle,349,1224,1167,,357247.0238095238,6948368.532509158,9537.9033203125,60.75507667834867,61.08900586186193,10.755076678348667,11.089005861861926,12,1841,7.95270728767e-06,
2153,triangle,1283,1488,619,,363998.69979730604,6953963.856116158,13124.560546875,93.45439466333697,94.30816857390623,43.45439466333697,44.30816857390622,65,1681,6.32455532034e-06,
2154,triangle,462,1446,1250,,359920.65116340836,6956179.348836591,7948.2548828125,100.76301625424146,100.99213638055828,50.763016254241464,50.99213638055829,65,1681,6.32455532034e-06,
2155,triangle,1249,1446,460,,359993.91872083064,6956259.9344034875,8007.22705078125,106.09163161576956,106.03960969749454,56.09163161576956,56.039609697494534,65,1681,6.32455532034e-06,
2156,triangle,1301,1485,663,,358219.71019543736,6954554.626626133,31329.62109375,105.70594402789457,104.16355804010043,55.70594402789458,54.16355804010042,65,1681,6.32455532034e-06,
2157,triangle,1002,1399,1327,,358395.6422235405,6953381.721328284,32083.90478515625,72.11188563752256,71.74620344734778,22.11188563752255,21.74620344734778,65,1681,6.32455532034e-06,
2158,triangle,1088,1509,1382,,360852.610005325,6954942.8087699665,97804.7587890625,155.9887566930669,147.6894087296894,105.9887566930669,97.68940872968939,65,1681,6.32455532034e-06,
2159,triangle,848,1048,397,,359685.16037856974,6950200.937119561,7760.91064453125,64.38758617496185,62.10801688226209,14.387586174961857,12.108016882262092,12,1841,7.95270728767e-06,
2160,triangle,39,1214,38,,360279.4096794356,6953121.479204039,3704.6787109375,29.792620606106624,29.560383343408706,-20.207379393893376,-20.43961665659129,12,1841,7.95270728767e-06,
2161,triangle,440,1215,441,,359644.289532823,6950570.5580266565,3954.6494140625,51.48214969114014,50.66915958614817,1.4821496911401406,0.6691595861481753,12,1841,7.95270728767e-06,
2162,triangle,864,1533,179,,359059.01757238596,6955895.926606844,18572.7021484375,104.40706633514046,104.9783554576195,54.407066335140456,54.9783554576195,65,1681,6.32455532034e-06,
2163,triangle,1079,1322,516,,356879.2952694636,6958651.657216705,120646.478515625,162.7569931344963,156.00350373289947,112.7569931344963,106.00350373289949,12,1841,7.95270728767e-06,
2164,triangle,1268,1503,698,,367858.63844250684,6952931.253810688,221284.06787109375,142.6655800108561,149.47661375111,92.6655800108561,99.47661375111,6,1721,1.189207115e-05,
2165,triangle,360,1487,948,,356423.0255689325,6947949.649303745,7384.16162109375,62.089771962311374,61.96849063039363,12.089771962311373,11.96849063039363,12,1841,7.95270728767e-06,
2166,triangle,895,1361,810,,356762.3002401488,6953802.174951474,30778.9921875,89.27003136491044,84.6839305619683,39.27003136491043,34.683930561968296,65,1681,6.32455532034e-06,
2167,triangle,1358,1460,766,,360876.1283928768,6951707.459551661,45826.76123046875,61.908515549571874,66.02255072288274,11.908515549571868,16.022550722882734,12,1841,7.95270728767e-06,
2168,triangle,829,1420,901,,361958.50937446184,6951126.558098684,74999.8583984375,98.66855180228858,99.68756709302517,48.668551802288576,49.687567093025166,65,1681,6.32455532034e-06,
2169,triangle,813,1512,525,,361698.6641044174,6951527.160556455,19763.8212890625,99.1880372963941,98.67846211636929,49.188037296394086,48.67846211636928,12,1841,7.6619658649325e-06,
2170,triangle,811,1544,1489,,366776.95019506564,6959545.591982272,994741.30859375,,4.9426051610500235,-10048.999999999998,-3479.223948518081,23,2151,1.653961167732143e-05,
2171,triangle,1342,1448,748,,359324.85301817214,6952281.360688145,52550.4599609375,50.26243967016755,49.67200135689222,0.2624396701675521,-0.327998643107794,12,1841,7.95270728767e-06,
2172,triangle,38,1027,37,,360213.9580766133,6953041.37522423,5353.07080078125,31.091781969809432,31.03080584672223,-18.908218030190564,-18.96919415327777,12,1841,7.95270728767e-06,
2173,triangle,439,1049,440,,359703.23719693854,6950485.848159936,6852.8974609375,61.78248440999602,57.800104938552856,11.782484409996027,7.800104938552856,12,1841,7.95270728767e-06,
2174,triangle,953,1481,375,,360731.6836864,6948806.798725523,6708.1875,66.57798610060512,67.3936907988227,16.577986100605116,17.393690798822693,12,1841,7.95270728767e-06,
2175,triangle,1165,1501,1022,,357903.4154636709,6952355.360091984,9900.7197265625,50.84759608705859,46.92802089687668,0.8475960870585902,-3.0719791031233132,12,1841,7.95270728767e-06,
2176,triangle,936,1095,743,,358722.7118096554,6948338.044128294,39423.576171875,86.3480655210258,84.53645884366786,36.348065521025795,34.53645884366785,12,1841,7.95270728767e-06,
2177,triangle,828,1527,1387,,356095.02022715984,6953000.068173272,103172.328125,108.43273273967216,108.15188263099151,58.43273273967216,58.15188263099153,65,1681,6.32455532034e-06,
2178,triangle,1121,1488,1283,,364018.40515665134,6953814.464518354,23443.24560546875,89.60736710535232,89.27448104732146,39.60736710535234,39.27448104732147,65,1681,6.32455532034e-06,
2179,triangle,640,1381,1334,,359164.7230465659,6953407.325950958,14731.45458984375,52.90408351947519,52.61194296709491,2.9040835194751935,2.6119429670949157,65,1681,6.32455532034e-06,
2180,triangle,1379,1381,641,,358995.3139880523,6953355.449790649,15089.6982421875,46.18873785778048,47.85097432293926,-3.8112621422195176,-2.149025677060742,65,1681,6.32455532034e-06,
2181,triangle,8,1165,1022,,357954.6875,6952422.395833333,8935.546875,38.42527544061877,42.49939183725253,-11.574724559381236,-7.5006081627474686,12,1841,7.95270728767e-06,
2182,triangle,342,1166,942,,357770.06258405925,6948677.190133589,9640.27392578125,68.01685808863951,67.97266135672164,18.016858088639516,17.972661356721648,12,1841,7.95270728767e-06,
2183,triangle,350,1167,943,,357121.69051071495,6948362.152402074,11311.06298828125,60.027096694667534,60.540691955899284,10.02709669466753,10.540691955899275,12,1841,7.95270728767e-06,
2184,triangle,982,1168,477,,358676.42098565056,6956538.148540768,10197.642578125,120.60490646329481,120.45130811092811,70.60490646329481,70.45130811092811,65,1681,6.32455532034e-06,
2185,triangle,981,1169,478,,358711.68119886523,6956710.140264157,12119.87158203125,123.38499369828313,122.80804496088142,73.38499369828314,72.80804496088142,65,1681,6.32455532034e-06,
2186,triangle,831,1044,378,,360544.61997261224,6949004.906349047,11348.6748046875,65.04340082208495,66.32324216922707,15.043400822084946,16.323242169227072,12,1841,7.95270728767e-06,
2187,triangle,1087,1227,805,,362431.2651402815,6949782.214880788,95279.74609375,100.4357881001344,105.15925919605858,50.43578810013442,55.15925919605859,65,1681,6.32455532034e-06,
2188,triangle,740,1182,1075,,357236.2641261615,6957166.074051626,98644.021484375,122.00022915211316,133.82755420287853,72.00022915211316,83.82755420287852,65,1681,6.32455532034e-06,
2189,triangle,331,1531,936,,358546.88027336745,6948423.78039265,6204.896484375,74.88330197551942,74.45518543046936,24.88330197551942,24.455185430469356,12,1841,7.95270728767e-06,
2190,triangle,912,1530,47,,360406.4503403774,6952618.886257506,6092.87939453125,44.7192672455744,44.337532176968445,-5.280732754425593,-5.662467823031554,12,1841,7.95270728767e-06,
2191,triangle,732,1501,1165,,357935.33014621056,6952242.314457064,24987.06298828125,56.754425425544596,54.45171776119515,6.754425425544597,4.451717761195147,12,1841,7.95270728767e-06,
2192,triangle,499,1561,1496,,354286.721199157,6949436.083869246,84116.9228515625,120.23162686773213,117.63843043248143,70.23162686773212,67.63843043248143,65,1681,6.32455532034e-06,
2193,triangle,1196,1274,887,,355520.3336686857,6951546.748366114,42916.5,73.86391782622357,74.36532710670387,23.863917826223574,24.365327106703887,65,1681,6.32455532034e-06,
2194,triangle,1032,1340,759,,362345.9936781937,6955280.7296678275,23448.53125,44.647388473597154,43.58013269490027,-5.352611526402848,-6.4198673050997215,12,1841,7.95270728767e-06,
2195,triangle,534,1216,998,,363927.5025902777,6949035.083792421,413440.05859375,89.79679813325535,85.38061205387014,39.79679813325535,35.38061205387013,12,1841,9.301474668240358e-06,
2196,triangle,614,1526,1378,,362952.5271390464,6953093.337513134,10849.10302734375,74.19694518029436,75.67096100947596,24.19694518029438,25.67096100947595,65,1681,6.32455532034e-06,
2197,triangle,918,1223,105,,363046.0839608207,6955549.118498967,6842.552734375,30.08484657592379,28.944289339578365,-19.91515342407621,-21.055710660421635,12,1841,7.95270728767e-06,
2198,triangle,872,1231,1106,,361723.1000821046,6955661.480148385,65718.37890625,76.40765994105118,83.51086683243126,26.407659941051165,33.51086683243127,65,1681,6.32455532034e-06,
2199,triangle,1025,1448,794,,358988.66950834,6952467.564878561,28833.341796875,35.956032199429444,40.028955449758534,-14.043967800570558,-9.97104455024147,12,1841,7.95270728767e-06,
2200,triangle,763,1480,1417,,356721.2029381708,6948660.612781827,19259.115234375,59.84486791480191,60.94831938159816,9.844867914801908,10.948319381598163,12,1841,7.95270728767e-06,
2201,triangle,621,1461,1339,,364360.5641675608,6954563.012271491,12234.484375,104.97237299621932,104.76400234220874,54.97237299621932,54.76400234220872,65,1681,6.32455532034e-06,
2202,triangle,374,1481,1440,,360644.02028161165,6948712.344740592,6105.80322265625,69.09410442486914,68.86978919938194,19.09410442486915,18.869789199381945,12,1841,7.95270728767e-06,
2203,triangle,895,1393,730,,356988.2505957042,6953595.771445637,63878.7333984375,95.62330365193029,92.03059422620487,45.62330365193028,42.03059422620487,65,1681,6.32455532034e-06,
2204,triangle,1192,1437,220,,356357.50259871694,6954278.970300075,5130.9638671875,78.58784671732415,77.00251613367386,28.587846717324148,27.00251613367387,6,1721,1.189207115e-05,
2205,triangle,1263,1306,877,,358608.9373492039,6949075.019173107,43376.13623046875,76.56684402643957,77.40505305407795,26.566844026439572,27.405053054077957,12,1841,7.95270728767e-06,
2206,triangle,842,1437,1192,,356288.5460196486,6954259.640629165,10169.720703125,81.88563911062847,79.82151280254023,31.885639110628475,29.821512802540212,6,1721,1.189207115e-05,
2207,triangle,728,1167,1114,,357272.38566554454,6948120.973143492,42056.876953125,71.77252899322,70.18724229224365,21.77252899322,20.187242292243663,12,1841,7.95270728767e-06,
2208,triangle,778,787,725,,360148.981199906,6950128.853695401,55691.130859375,78.62744918963536,76.55725325949983,28.627449189635353,26.557253259499845,12,1841,7.95270728767e-06,
2209,triangle,866,1236,1095,,358711.8716092573,6948613.682163119,21348.54541015625,76.09550108376456,78.13035156713568,26.095501083764553,28.130351567135666,12,1841,7.95270728767e-06,
2210,triangle,1033,1541,142,,356296.00879102456,6951456.506176971,10562.634765625,67.71240681883414,68.00760038437143,17.71240681883414,18.007600384371433,12,1841,7.95270728767e-06,
2211,triangle,354,1416,945,,356830.92968950886,6948296.381520384,8001.99755859375,59.83835477253542,59.84872830001118,9.838354772535412,9.848728300011176,12,1841,7.95270728767e-06,
2212,triangle,1332,1485,1084,,358085.51516320446,6954340.4684490925,35726.77392578125,96.0769318613404,98.79939181590606,46.0769318613404,48.79939181590606,65,1681,6.32455532034e-06,
2213,triangle,824,1471,1110,,360645.30853138334,6958771.172091846,500525.99560546875,86.72352472787769,100.29412583028055,36.72352472787768,50.29412583028054,12,1841,7.95270728767e-06,
2214,triangle,190,1525,1035,,356295.65936963214,6956528.0390893435,7538.09423828125,97.57253125160025,97.86077099530449,47.572531251600246,47.860770995304485,6,1721,1.189207115e-05,
2215,triangle,1000,1453,137,,355860.2457477075,6951390.485224738,5702.416015625,68.32253666620213,68.78578057490643,18.32253666620212,18.785780574906425,12,1841,7.95270728767e-06,
2216,triangle,504,1391,1252,,356013.75965248444,6950983.771777738,28770.41943359375,91.23873956294868,90.66617003151926,41.23873956294868,40.66617003151926,65,1681,6.32455532034e-06,
2217,triangle,348,1424,1042,,357311.7212914813,6948523.467984582,10419.7548828125,61.085333103768214,61.44899601457399,11.085333103768216,11.448996014573998,12,1841,7.95270728767e-06,
2218,triangle,323,1421,934,,358414.20134626614,6947868.718962334,9922.6591796875,76.43278977659864,77.2177166939137,26.43278977659864,27.21771669391371,12,1841,7.95270728767e-06,
2219,triangle,324,1422,933,,358579.3812521381,6947905.774033484,9858.06982421875,77.47904704289648,78.46287749808008,27.479047042896482,28.462877498080072,12,1841,7.95270728767e-06,
2220,triangle,979,1423,472,,359406.8971451719,6955597.721977773,9353.9853515625,82.80844691144316,83.48604318653616,32.80844691144315,33.48604318653617,65,1681,6.32455532034e-06,
2221,triangle,983,1425,482,,359012.78932308004,6956618.750946991,8086.3486328125,113.3957843883571,115.05183499704164,63.39578438835711,65.05183499704164,65,1681,6.32455532034e-06,
2222,triangle,984,1426,483,,359120.20183535264,6956485.004398666,7112.2890625,115.64209161090892,114.13332397702277,65.64209161090892,64.13332397702276,65,1681,6.32455532034e-06,
2223,triangle,944,1518,352,,356968.42381668143,6948495.723739569,7563.189453125,59.45175163936828,59.56436859495751,9.451751639368275,9.564368594957507,12,1841,7.95270728767e-06,
2224,triangle,318,1537,930,,358591.6367204192,6947443.362187038,8294.12451171875,82.18522642951918,82.25178248042715,32.18522642951918,32.251782480427146,12,1841,7.95270728767e-06,
2225,triangle,908,1389,1234,,362589.05463157897,6952343.136344421,57523.34130859375,109.85419256003496,109.81922753870883,59.85419256003495,59.81922753870882,65,1681,6.32455532034e-06,
2226,triangle,1280,1525,191,,356183.24362064013,6956465.925965293,7565.1484375,96.14243881042705,96.65381998271147,46.14243881042705,46.65381998271146,6,1721,1.189207115e-05,
2227,triangle,68,1232,67,,361825.0,6951924.14287797,2908.92578125,86.90501656462192,86.3872370344484,36.90501656462191,36.38723703444841,12,1841,7.95270728767e-06,
2228,triangle,1092,1408,1182,,357660.7404527383,6956867.773094594,60050.5400390625,138.3578954616067,137.14673771025176,88.35789546160669,87.14673771025174,65,1681,6.32455532034e-06,
2229,triangle,379,1546,954,,360656.5822040408,6949140.280473475,6915.205078125,67.22875594349247,66.62292040492355,17.228755943492473,16.622920404923544,12,1841,7.95270728767e-06,
2230,triangle,567,1520,1117,,366493.1843822333,6952456.636329703,140400.2158203125,118.74571957919069,116.95535895660629,68.7457195791907,66.95535895660629,6,1721,1.0766538617905715e-05,
2231,triangle,612,1394,1234,,362652.86849140975,6952718.097748118,36707.69970703125,102.89985682010409,102.25715510293303,52.89985682010409,52.257155102933034,65,1681,6.32455532034e-06,
2232,triangle,985,1550,487,,359426.42857782356,6956534.091249868,6828.4697265625,106.92401888810369,107.5666892557565,56.92401888810369,57.56668925575651,65,1681,6.32455532034e-06,
2233,triangle,959,1557,1241,,359414.1641192142,6950152.740259876,19033.3046875,77.5638058155862,73.0851391382811,27.563805815586214,23.085139138281097,12,1841,7.95270728767e-06,
2234,triangle,1492,1532,383,,360199.58466513344,6949334.83475333,10450.70556640625,65.97536980229094,63.98616702071763,15.975369802290945,13.986167020717632,12,1841,7.95270728767e-06,
2235,triangle,399,1049,848,,359625.89757550834,6950349.2852794975,9157.6806640625,64.76501383533433,60.36645578993116,14.765013835334328,10.366455789931159,12,1841,7.95270728767e-06,
2236,triangle,573,1307,1073,,351396.2978661301,6949958.24605167,822693.8364257812,85.66607536445532,90.24242410592541,35.666075364455324,40.24242410592541,6,1721,1.189207115e-05,
2237,triangle,850,1032,759,,362435.8804582106,6955183.3942256225,30294.71435546875,34.68943418729344,34.81482987832862,-15.31056581270656,-15.185170121671382,12,1841,7.95270728767e-06,
2238,triangle,750,1540,1006,,359264.1902045873,6947282.568957287,23833.77392578125,92.8454031354475,95.31082752082254,42.84540313544751,45.310827520822535,12,1841,7.95270728767e-06,
2239,triangle,57,914,913,,361025.0,6952000.0,7031.25,53.69999949137372,52.31666660308838,3.69999949137372,2.316666603088379,12,1841,7.95270728767e-06,
2240,triangle,59,915,914,,361177.429412507,6951917.194886203,8485.017578125,55.14238342634791,56.40070210808304,5.1423834263479105,6.400702108083036,12,1841,7.95270728767e-06,
2241,triangle,100,917,916,,363422.24586836644,6955638.595311172,10545.064453125,27.519149598908786,28.72834795381969,-22.480850401091217,-21.271652046180314,12,1841,7.95270728767e-06,
2242,triangle,919,1033,144,,356438.5214096137,6951552.875409457,8125.11083984375,66.09835549663302,65.34821789327465,16.098355496633022,15.348217893274652,12,1841,7.95270728767e-06,
2243,triangle,151,1034,920,,356898.62488575367,6951951.283041065,5653.427734375,60.09601436247533,58.80052072614249,10.096014362475332,8.800520726142492,12,1841,7.95270728767e-06,
2244,triangle,930,932,320,,358514.7582888426,6947596.077690616,8986.23828125,79.99920351735577,79.8026458087512,29.999203517355767,29.802645808751183,12,1841,7.95270728767e-06,
2245,triangle,321,933,931,,358621.17523453984,6947726.746961982,7110.9072265625,78.09724279470558,78.27261690576088,28.09724279470558,28.272616905760884,12,1841,7.95270728767e-06,
2246,triangle,365,950,946,,356552.9383141391,6948315.922619048,6740.41162109375,59.51045940614253,59.654682141209,9.510459406142541,9.654682141208992,12,1841,7.95270728767e-06,
2247,triangle,370,1043,951,,360448.4027587394,6948481.24958378,10628.90771484375,79.85825084908365,76.73275008327546,29.858250849083646,26.732750083275462,12,1841,7.95270728767e-06,
2248,triangle,390,1046,957,,360034.73290710757,6949770.810729562,7847.28173828125,62.020647079175504,60.17575594151527,12.020647079175507,10.175755941515273,12,1841,7.95270728767e-06,
2249,triangle,960,962,409,,359279.3154761905,6951052.869897959,6464.4453125,49.20191098627376,49.70781635425451,-0.7980890137262409,-0.2921836457454807,12,1841,7.95270728767e-06,
2250,triangle,410,963,961,,359381.03437503724,6951176.730950904,8111.2724609375,51.98875443520058,51.006263113515594,1.9887544352005824,1.006263113515603,12,1841,7.95270728767e-06,
2251,triangle,962,964,411,,359204.3154761905,6951202.869897959,6304.20947265625,49.75437395741643,48.857816290676226,-0.24562604258356796,-1.1421837093237686,12,1841,7.95270728767e-06,
2252,triangle,412,965,963,,359304.6023331441,6951324.417869531,7039.40869140625,46.82476490599933,46.92661982039368,-3.1752350940006724,-3.0733801796063083,12,1841,7.95270728767e-06,
2253,triangle,964,968,413,,359126.78571428574,6951351.785714286,6830.35693359375,46.40731241910137,46.79625860849734,-3.592687580898624,-3.203741391502664,12,1841,7.95270728767e-06,
2254,triangle,970,1053,428,,361626.92281774944,6949710.398075665,6996.240234375,83.62470140541888,84.27345097971535,33.62470140541888,34.273450979715356,12,1841,7.95270728767e-06,
2255,triangle,969,1054,429,,361601.1624908338,6949512.492475368,7930.96826171875,79.45934021612155,80.53710815718922,29.459340216121554,30.53710815718922,12,1841,7.95270728767e-06,
2256,triangle,968,1059,449,,358979.8237500956,6951399.522010007,7485.85693359375,49.70511070818694,47.5364625353291,-0.2948892918130632,-2.4635374646709023,12,1841,7.95270728767e-06,
2257,triangle,469,1060,979,,359447.38821772527,6955769.14756221,7029.12890625,84.66231073081846,85.28358011532079,34.66231073081847,35.28358011532078,65,1681,6.32455532034e-06,
2258,triangle,475,1061,981,,358536.16181053343,6956762.868754922,8575.00048828125,124.07779844297434,125.05195474174961,74.07779844297434,75.05195474174961,65,1681,6.32455532034e-06,
2259,triangle,486,1062,984,,359299.0356731524,6956430.252916239,7219.00390625,106.74590855916566,106.26269104801429,56.74590855916565,56.26269104801428,65,1681,6.32455532034e-06,
2260,triangle,849,1403,29,,359500.0,6952823.373073719,5441.970703125,40.125600252628686,38.11829866128054,-9.874399747371319,-11.881701338719461,12,1841,7.95270728767e-06,
2261,triangle,1172,1317,995,,364759.31127581163,6954675.871666871,54642.36962890625,97.52736868974466,100.76899701541197,47.52736868974466,50.76899701541199,65,1681,6.32455532034e-06,
2262,triangle,638,1397,1396,,359849.1499623179,6953577.866037847,13626.5302734375,51.966865996756795,51.60694277179706,1.9668659967567927,1.6069427717970557,65,1681,6.32455532034e-06,
2263,triangle,1395,1412,635,,360397.4223637854,6953710.871314179,14215.2880859375,70.13715124634301,69.81356850200376,20.13715124634301,19.813568502003758,65,1681,6.32455532034e-06,
2264,triangle,46,1530,911,,360386.77183561865,6952734.758801311,5750.5751953125,42.28062115243556,41.44352985473585,-7.719378847564439,-8.556470145264152,12,1841,7.95270728767e-06,
2265,triangle,384,1532,956,,360223.3193554342,6949454.710467406,7926.2177734375,60.355554049353934,59.87319700017772,10.355554049353938,9.87319700017772,12,1841,7.95270728767e-06,
2266,triangle,533,1072,762,,363071.95762108517,6948898.3775950195,102253.2265625,93.35954649756167,95.38597099658857,43.35954649756165,45.385970996588554,12,1841,7.95270728767e-06,
2267,triangle,691,1205,1111,,359609.23483420745,6945977.700994671,52003.1865234375,118.52271664002936,113.8748611012922,68.52271664002936,63.8748611012922,12,1841,7.95270728767e-06,
2268,triangle,876,1429,1304,,359441.5422627057,6946489.023879249,32122.3857421875,99.25951055664287,100.44519713452918,49.25951055664286,50.44519713452919,12,1841,7.95270728767e-06,
2269,triangle,763,1417,897,,356647.814829421,6948786.417601056,43548.5595703125,66.43138758932234,67.41525285319398,16.431387589322345,17.415252853193966,12,1841,7.95270728767e-06,
2270,triangle,764,1418,898,,360995.82974411733,6948541.710664061,23551.99951171875,79.16665932175229,79.91548427324913,29.16665932175229,29.915484273249138,12,1841,7.95270728767e-06,
2271,triangle,1421,1554,773,,358255.3991981307,6947759.168588472,27485.501953125,83.84137727440711,83.24898301137053,33.84137727440711,33.24898301137053,12,1841,7.95270728767e-06,
2272,triangle,1311,1556,527,,361543.3019158421,6951123.044548392,31311.3115234375,103.04719195359102,100.83219371612601,53.047191953591025,50.83219371612602,12,1841,7.8945590031225e-06,
2273,triangle,373,1225,831,,360497.42970827996,6948810.569282086,10721.7392578125,71.91969060906602,70.77525234397099,21.91969060906602,20.775252343970987,12,1841,7.95270728767e-06,
2274,triangle,925,1519,197,,356032.58928571426,6955926.785714286,7254.115234375,86.04974520720741,86.34310614373487,36.049745207207415,36.343106143734865,6,1721,1.189207115e-05,
2275,triangle,1011,1378,1176,,363054.17801545555,6952940.027562012,31850.474609375,81.81695457336181,83.71275463618562,31.816954573361805,33.71275463618563,65,1681,6.32455532034e-06,
2276,triangle,844,1173,1172,,364606.57970214385,6954299.748086945,67169.62451171875,96.81931619286334,93.91520554713259,46.81931619286334,43.91520554713261,65,1681,6.32455532034e-06,
2277,triangle,1159,1338,746,,355950.00901143305,6954357.164319734,29456.32080078125,90.0906276054257,88.4736067419894,40.09062760542569,38.47360674198942,6,1721,1.189207115e-05,
2278,triangle,945,949,364,,356675.61513872544,6948193.619308923,8393.951171875,59.76891388335712,59.83991424455783,9.768913883357124,9.839914244557832,12,1841,7.95270728767e-06,
2279,triangle,907,1415,778,,360349.877083651,6949841.523204965,33262.71875,69.80545649420989,72.18155964401576,19.805456494209885,22.181559644015767,12,1841,7.95270728767e-06,
2280,triangle,776,1415,907,,360474.17093872913,6949725.968153261,25276.6689453125,71.38264704737995,71.9500054947693,21.382647047379944,21.9500054947693,12,1841,7.95270728767e-06,
2281,triangle,1390,1493,608,,362098.718243544,6951967.71120809,16094.73779296875,104.435140624833,101.9975261929781,54.435140624833004,51.99752619297809,65,1681,6.32455532034e-06,
2282,triangle,976,1221,816,,359743.4168599448,6956415.913436432,21611.27587890625,110.56764090274316,109.78789023107754,60.56764090274315,59.78789023107754,65,1681,6.32455532034e-06,
2283,triangle,978,1152,864,,359227.44361656345,6955814.969183822,10494.9423828125,89.18268335964527,89.95735540255576,39.182683359645274,39.95735540255576,65,1681,6.32455532034e-06,
2284,triangle,776,907,737,,360626.662356982,6949707.70656914,42179.90283203125,78.24347953705153,81.08669862202397,28.243479537051513,31.086698622023977,12,1841,7.95270728767e-06,
2285,triangle,1291,1537,317,,358660.6631929269,6947332.124657315,7864.80224609375,83.91962553929729,84.98909406659759,33.919625539297286,34.98909406659759,12,1841,7.95270728767e-06,
2286,triangle,1054,1515,431,,361476.78571428574,6949428.571428572,9140.625,80.59648523307686,81.84336734953222,30.596485233076862,31.84336734953222,12,1841,7.95270728767e-06,
2287,triangle,1055,1514,431,,361364.87090840394,6949576.392745338,11033.984375,86.43598168753729,86.52960436954466,36.435981687537286,36.52960436954466,12,1841,7.95270728767e-06,
2288,triangle,1047,1513,395,,359626.55622628663,6949965.019269095,11184.2197265625,66.14543473167154,60.994963107342734,16.14543473167155,10.994963107342734,12,1841,7.95270728767e-06,
2289,triangle,931,1439,319,,358694.4817792798,6947577.549732643,5956.6279296875,80.41607520378948,80.49484161190684,30.416075203789482,30.494841611906836,12,1841,7.95270728767e-06,
2290,triangle,921,1436,155,,357095.807776203,6952150.240929853,6076.171875,58.05465314253786,56.34813404876098,8.054653142537859,6.348134048760979,12,1841,7.95270728767e-06,
2291,triangle,1018,1407,1331,,357456.5627096382,6954144.279122976,30438.5283203125,90.50287642049791,88.39452693372046,40.50287642049791,38.39452693372045,65,1681,6.32455532034e-06,
2292,triangle,630,1500,126,,361475.09620292863,6954410.514805325,13505.0302734375,43.87046892375038,44.718050579821146,-6.129531076249619,-5.28194942017885,65,1681,6.32455532034e-06,
2293,triangle,1048,1505,395,,359772.1193741054,6950061.5036272975,10116.81494140625,64.78916161379514,61.574903319238985,14.789161613795144,11.574903319238986,12,1841,7.95270728767e-06,
2294,triangle,966,1459,967,,359136.444139373,6951720.520775246,24193.15234375,42.812753876113845,48.14696549342525,-7.18724612388616,-1.8530345065747478,12,1841,7.95270728767e-06,
2295,triangle,418,1300,1052,,361021.47620292584,6948892.870380081,7701.759765625,75.22913147178875,74.4307422696347,25.22913147178875,24.430742269634703,12,1841,7.95270728767e-06,
2296,triangle,728,1350,761,,356988.7584424401,6947919.632257961,58733.6748046875,69.44785617477278,69.36519699609505,19.447856174772795,19.365196996095055,12,1841,7.95270728767e-06,
2297,triangle,914,1358,766,,361005.1369646325,6951827.298131518,28287.7236328125,62.44171291272308,60.65877030416912,12.441712912723075,10.658770304169119,12,1841,7.95270728767e-06,
2298,triangle,980,1366,474,,358399.2641378906,6956631.273110665,8208.814453125,129.8647950630804,128.4372856163416,79.86479506308042,78.43728561634161,65,1681,6.32455532034e-06,
2299,triangle,685,1447,1311,,361571.67770300695,6950661.255766685,74471.47265625,106.43031811791488,106.41460398589429,56.430318117914894,56.414603985894274,12,1841,7.95270728767e-06,
2300,triangle,736,1508,1507,,367609.7976064471,6955602.237482375,270124.1572265625,152.8312466364132,160.07247959556526,102.83124663641318,110.07247959556526,65,1681,6.32455532034e-06,
2301,triangle,1296,1479,827,,354407.9289813118,6958813.828812909,541707.5737304688,172.8298666502378,149.91351057588346,122.82986665023779,99.91351057588345,12,1841,7.95270728767e-06,
2302,triangle,628,1414,1413,,361670.06799739116,6955297.691917253,15569.49755859375,73.92446406666211,73.72636877938909,23.924464066662107,23.72636877938908,65,1681,6.32455532034e-06,
2303,triangle,800,1239,734,,357845.6299811902,6948322.81742126,33847.21044921875,72.74896812774459,71.97880317545683,22.748968127744597,21.97880317545682,12,1841,7.95270728767e-06,
2304,triangle,742,1515,1270,,361519.10883490444,6949178.927791904,33475.2216796875,91.35355165562115,88.50373547458871,41.35355165562116,38.503735474588694,12,1841,7.95270728767e-06,
2305,triangle,1274,1371,1068,,355147.7583179059,6951253.980680588,102048.7001953125,77.71924138062222,83.97815368189997,27.719241380622222,33.978153681899975,65,1681,6.32455532034e-06,
2306,triangle,769,1392,726,,355576.2794006267,6955814.220642626,73214.451171875,96.30613821866771,94.67202693874826,46.30613821866771,44.67202693874825,6,1721,1.189207115e-05,
2307,triangle,181,1366,980,,358360.6913983608,6956541.611597265,13350.7998046875,136.11400474361733,134.56986598902333,86.11400474361733,84.56986598902331,65,1681,6.32455532034e-06,
2308,triangle,1377,1476,625,,364791.32280768873,6955242.803365309,12112.9833984375,74.58210731535966,80.09282291012006,24.58210731535966,30.09282291012006,65,1681,6.32455532034e-06,
2309,triangle,1319,1343,1015,,366774.111452943,6953504.38616654,95156.015625,164.77963559752686,158.9813075371437,114.77963559752689,108.9813075371437,65,1681,6.32455532034e-06,
2310,triangle,977,1250,862,,359850.85946202045,6955998.047479506,21814.6865234375,104.65688957688162,107.45641481605928,54.65688957688161,57.45641481605927,65,1681,6.32455532034e-06,
2311,triangle,787,1048,848,,359793.7830285581,6950219.996956486,18410.03515625,71.32517414929178,68.797620904337,21.325174149291783,18.797620904337,12,1841,7.95270728767e-06,
2312,triangle,996,1316,1103,,362445.3298939282,6948468.94370781,70399.46337890625,132.42136893499398,128.35675096302666,82.42136893499398,78.35675096302667,12,1841,7.95270728767e-06,
2313,triangle,1131,1255,879,,359456.4637638301,6953834.219396974,64748.73046875,51.72469043989646,58.3005802564227,1.7246904398964629,8.300580256422696,65,1681,6.32455532034e-06,
2314,triangle,1242,1389,908,,362481.50962675014,6952209.594438064,36777.966796875,104.4435975919496,107.48241415374103,54.44359759194961,57.482414153741026,65,1681,6.32455532034e-06,
2315,triangle,1152,1533,864,,359161.3848342535,6955792.026707585,12355.2197265625,90.64196678718373,91.63783291576665,40.64196678718373,41.63783291576665,65,1681,6.32455532034e-06,
2316,triangle,751,1229,1051,,359650.47925015516,6950901.143187292,28554.1640625,58.28352909907176,61.059502445585515,8.283529099071758,11.059502445585517,12,1841,7.95270728767e-06,
2317,triangle,130,1398,1397,,359681.842479241,6953529.485918759,12949.38232421875,42.54023158938071,44.25061034593464,-7.459768410619294,-5.749389654065351,65,1681,6.32455532034e-06,
2318,triangle,1038,1540,750,,359241.55762173916,6947155.240077119,19857.232421875,94.22931945335404,91.66928860022911,44.22931945335404,41.669288600229116,12,1841,7.95270728767e-06,
2319,triangle,470,1152,978,,359284.3167810424,6955755.282601583,5161.896484375,82.27249905233438,82.51077195161967,32.27249905233438,32.51077195161967,65,1681,6.32455532034e-06,
2320,triangle,866,1469,422,,358543.1780727329,6948727.329573934,12423.41796875,69.22932335283329,69.381135607227,19.229323352833305,19.381135607226994,12,1841,7.95270728767e-06,
2321,triangle,990,1561,1256,,354018.9143623239,6949833.469441995,127736.4697265625,107.84052114333915,110.25533514024907,57.84052114333915,60.255335140249066,65,1681,6.32455532034e-06,
2322,triangle,1089,1381,1379,,358985.95562541444,6953497.835192271,20729.20068359375,54.66343915678693,55.15104194757035,4.663439156786932,5.151041947570341,65,1681,6.32455532034e-06,
2323,triangle,141,1541,1122,,356176.2758148427,6951381.5022542,8106.39501953125,67.53896555019064,69.08050799606768,17.53896555019064,19.080507996067684,12,1841,7.95270728767e-06,
2324,triangle,1335,1470,617,,363548.0713323064,6953492.133419511,15127.48583984375,87.20281518218476,84.98388044718268,37.20281518218476,34.98388044718269,65,1681,6.32455532034e-06,
2325,triangle,1334,1381,1089,,359093.58053780184,6953529.92837822,20611.8759765625,54.97825542239576,57.05234464303601,4.978255422395764,7.052344643036012,65,1681,6.32455532034e-06,
2326,triangle,1328,1402,1017,,357781.4849166482,6953160.246993606,32204.36083984375,67.31557121340227,68.83257879774997,17.31557121340226,18.83257879774997,65,1681,6.32455532034e-06,
2327,triangle,1317,1477,1185,,364767.3144149596,6954972.822568416,22932.529296875,102.2596081526233,99.68417175593207,52.259608152623294,49.684171755932056,65,1681,6.32455532034e-06,
2328,triangle,1258,1399,1002,,358528.42324259476,6953452.030297513,39663.505859375,66.95706215971427,68.5386182991462,16.95706215971427,18.538618299146194,65,1681,6.32455532034e-06,
2329,triangle,1181,1487,1464,,356295.1615680416,6947832.337751116,15096.6083984375,64.87434585905494,65.21866468002055,14.874345859054948,15.218664680020554,12,1841,7.95270728767e-06,
2330,triangle,1279,1546,380,,360596.98868345266,6949261.122117066,9101.1015625,70.5216733399833,70.1742451995591,20.521673339983295,20.1742451995591,12,1841,7.95270728767e-06,
2331,triangle,506,1223,885,,363034.8110606501,6955703.895834149,17587.81787109375,38.24159102488371,43.584091025074905,-11.758408975116286,-6.415908974925103,12,1841,7.4293727267425005e-06,
2332,triangle,29,1403,28,,359500.0,6952898.373073719,2995.529296875,32.8731743256344,33.01829764402793,-17.1268256743656,-16.981702355972065,12,1841,7.95270728767e-06,
2333,triangle,67,1232,66,,361775.0,6951924.14287797,2908.9267578125,85.72533426982739,85.15390471836768,35.725334269827385,35.15390471836768,12,1841,7.95270728767e-06,
2334,triangle,103,1290,102,,363247.94499841006,6955486.0060545495,4281.86865234375,23.619883260960883,24.41903094177216,-26.380116739039117,-25.58096905822784,12,1841,7.95270728767e-06,
2335,triangle,104,1290,103,,363197.94499841006,6955486.0060545495,3819.49365234375,23.793734308038893,24.81903119608531,-26.206265691961107,-25.18096880391469,12,1841,7.95270728767e-06,
2336,triangle,420,1404,419,,360878.66640065354,6948952.06047432,3456.77392578125,67.42590051373453,67.06325105981,17.42590051373453,17.06325105981,12,1841,7.95270728767e-06,
2337,triangle,438,1404,420,,360878.66640065354,6949002.06047432,2993.16650390625,66.57624913354613,66.22991772647667,16.576249133546124,16.229917726476668,12,1841,7.95270728767e-06,
2338,triangle,535,1228,1072,,363146.20302208484,6948545.929828296,37426.87890625,99.26639445538288,98.63512634407964,49.26639445538288,48.63512634407962,12,1841,8.093398854181786e-06,
2339,triangle,675,1391,504,,356109.24894376256,6951101.585954592,19641.33056640625,86.98281169737675,85.47876316528952,36.98281169737674,35.47876316528953,65,1681,6.4990001739825e-06,
2340,triangle,1162,1405,828,,356596.8888042826,6952762.675633889,89288.5107421875,96.34705786520288,94.01466931199555,46.34705786520289,44.01466931199557,65,1681,6.32455532034e-06,
2341,triangle,1106,1414,1142,,361455.7982141233,6955382.156833037,33042.9833984375,88.79658735012336,94.54733350774217,38.79658735012336,44.54733350774217,65,1681,6.32455532034e-06,
2342,triangle,910,1555,1431,,352023.71832460625,6954189.103128225,596962.333984375,43.82132978486282,67.1619977224115,-6.178670215137185,17.161997722411503,6,1721,1.189207115e-05,
2343,triangle,1081,1377,1259,,365022.99615692627,6955352.859876023,22166.86669921875,72.87541392259423,61.588158392558476,22.875413922594237,11.588158392558483,65,1681,6.32455532034e-06,
2344,triangle,164,1064,163,,356003.6160848257,6953967.872028275,2061.06591796875,75.44202405841628,76.0097503441218,25.442024058416287,26.009750344121798,65,1681,6.32455532034e-06,
2345,triangle,419,1404,1300,,360943.3320032679,6948960.302371602,4281.71337890625,71.74447848451777,71.37184414063455,21.74447848451777,21.371844140634547,12,1841,7.95270728767e-06,
2346,triangle,1128,1153,818,,360326.69093068124,6952094.347715948,43528.587890625,57.94769626698482,58.415870180763704,7.947696266984819,8.415870180763706,12,1841,7.95270728767e-06,
2347,triangle,1055,1146,971,,361188.67472126585,6949613.967865929,20394.84423828125,90.42366844446505,90.16443245378593,40.42366844446505,40.164432453785935,12,1841,7.95270728767e-06,
2348,triangle,761,949,945,,356767.70894573483,6948150.569015388,19944.9462890625,61.76329634447772,61.529583837878,11.763296344477721,11.529583837878002,12,1841,7.95270728767e-06,
2349,triangle,27,1403,849,,359450.0,6952823.373073719,5441.970703125,39.706535629819015,37.95163199461387,-10.293464370180983,-12.048368005386129,12,1841,7.95270728767e-06,
2350,triangle,1293,1538,503,,356586.75923705654,6951064.285494474,52110.2001953125,64.58517368005593,67.58964344454442,14.585173680055924,17.58964344454442,12,1841,7.95270728767e-06,
2351,triangle,1338,1517,746,,355835.2258165398,6954259.843654615,39556.69921875,89.3224020058025,87.84312238635766,39.322402005802495,37.84312238635767,6,1721,1.189207115e-05,
2352,triangle,671,1248,670,,359022.002565841,6945926.270082143,37178.8427734375,110.39525004056287,113.23016603930955,60.39525004056287,63.23016603930955,18,2041,4.30886938006e-06,
2353,triangle,998,1216,856,,364581.84550769936,6949075.960737406,509051.77685546875,79.4386432181865,80.18162457872994,29.438643218186503,30.181624578729934,6,1721,1.189207115e-05,
2354,triangle,1314,1549,314,,359015.46957311797,6947319.411604769,7983.7216796875,87.27158174880378,88.04721533184124,37.27158174880378,38.04721533184124,12,1841,7.95270728767e-06,
2355,triangle,488,1550,1221,,359537.9648473582,6956473.606329913,9627.52490234375,107.2048669522745,107.59410606953968,57.204866952274514,57.594106069539684,65,1681,6.32455532034e-06,
2356,triangle,814,1486,742,,361259.9441485994,6949029.515554767,22471.244140625,83.66413315226399,83.52713775097935,33.664133152264,33.52713775097936,12,1841,7.95270728767e-06,
2357,triangle,1449,1461,622,,364429.12678512046,6954699.607094385,10748.1357421875,108.80014195592231,106.81962794109695,58.800141955922314,56.81962794109696,65,1681,6.32455532034e-06,
2358,triangle,882,1432,1233,,364609.4759881779,6952445.475124176,88811.39892578125,150.7022544606077,146.74463603561912,100.70225446060769,96.74463603561912,65,1681,6.32455532034e-06,
2359,triangle,1252,1391,502,,356098.7683341427,6950863.877664391,30885.4619140625,93.48798347676143,92.61032926865539,43.48798347676143,42.61032926865538,65,1681,6.32455532034e-06,
2360,triangle,1066,1229,751,,359801.15148286085,6950856.228726398,39753.8935546875,66.67252381087471,66.83579736860183,16.672523810874715,16.835797368601828,12,1841,7.95270728767e-06,
2361,triangle,1397,1398,1131,,359683.5846004954,6953671.621324227,22825.8466796875,44.298357107635745,48.14337635872541,-5.701642892364258,-1.8566236412745807,65,1681,6.32455532034e-06,
2362,triangle,1103,1316,762,,362643.2439203502,6948615.081671256,66956.302734375,135.93428971231245,123.21199946034842,85.93428971231245,73.21199946034844,12,1841,7.95270728767e-06,
2363,triangle,396,1513,959,,359553.5714285714,6950073.214285714,8537.94677734375,67.42789263307041,62.961565108526024,17.427892633070417,12.961565108526019,12,1841,7.95270728767e-06,
2364,triangle,430,1514,970,,361477.95264110435,6949652.302574527,10299.83203125,86.0600919131452,85.1696451065663,36.0600919131452,35.169645106566314,12,1841,7.95270728767e-06,
2365,triangle,432,1515,1056,,361372.9264374689,6949347.688301648,10167.2275390625,81.5755566038083,82.47229076287154,31.575556603808295,32.472290762871545,12,1841,7.95270728767e-06,
2366,triangle,833,1444,1321,,361187.4775534212,6954199.48107377,33690.16845703125,41.767360556809486,44.21339126579317,-8.23263944319051,-5.786608734206832,65,1681,6.32455532034e-06,
2367,triangle,746,1498,1159,,355943.86428872246,6954471.570028373,18203.09033203125,89.17335946333311,87.55226295813185,39.17335946333311,37.552262958131855,6,1721,1.189207115e-05,
2368,triangle,1496,1561,990,,354265.2278920838,6949725.078724459,104961.037109375,114.21156940632957,116.79544405550327,64.21156940632957,66.79544405550325,65,1681,6.32455532034e-06,
2369,triangle,394,1505,1441,,359834.74720287387,6949959.755506431,4933.890625,61.69274097281512,59.247686143106876,11.69274097281512,9.247686143106874,12,1841,7.95270728767e-06,
2370,triangle,785,1294,1014,,364957.71782698965,6955810.820923152,26072.44921875,86.71142291904297,74.72401651099858,36.71142291904296,24.724016510998567,12,1841,7.95270728767e-06,
2371,triangle,757,1240,813,,361464.27622778714,6951637.570495921,29801.185546875,79.23451351110594,77.6936408021217,29.234513511105934,27.69364080212171,12,1841,7.95270728767e-06,
2372,triangle,1121,1283,991,,364135.8317452878,6953783.553295143,42504.00244140625,92.86732242127317,93.15105444942706,42.86732242127318,43.15105444942706,65,1681,6.32455532034e-06,
2373,triangle,1321,1376,1003,,360909.5650577331,6954011.836858925,31653.9931640625,50.12418205459868,49.35540318830319,0.12418205459867948,-0.6445968116968087,65,1681,6.32455532034e-06,
2374,triangle,43,911,880,,360309.1925102479,6952883.36993632,12333.61376953125,36.02350425318081,36.048351843378725,-13.976495746819195,-13.951648156621275,12,1841,7.95270728767e-06,
2375,triangle,880,1027,43,,360281.10505758616,6952949.44786118,7008.5283203125,33.15556626050989,33.477553544605776,-16.84443373949011,-16.52244645539422,12,1841,7.95270728767e-06,
2376,triangle,1100,1518,763,,357010.11721411865,6948662.346609457,21764.5576171875,62.613108636593125,62.43719413942383,12.61310863659313,12.437194139423823,12,1841,7.95270728767e-06,
2377,triangle,797,1436,921,,357111.71130598226,6952054.082428187,15194.02001953125,60.76470651680589,57.49306218276238,10.76470651680589,7.493062182762382,12,1841,7.95270728767e-06,
2378,triangle,799,1439,931,,358785.1243811578,6947593.641347681,14808.662109375,86.4368272069216,85.44437569975173,36.4368272069216,35.44437569975174,12,1841,7.95270728767e-06,
2379,triangle,1294,1315,683,,365237.47152437764,6955979.754998763,45885.6376953125,81.48809185486536,73.61027990397669,31.488091854865353,23.6102799039767,12,1841,7.95270728767e-06,
2380,triangle,787,1344,725,,360108.04582064116,6950318.560747457,50597.10498046875,74.43403669724171,72.79735847216779,24.434036697241698,22.79735847216779,12,1841,7.95270728767e-06,
2381,triangle,1146,1158,737,,360965.13088339847,6949506.359350449,37403.841796875,91.54212597744268,86.92268395374002,41.54212597744268,36.92268395374003,12,1841,7.95270728767e-06,
2382,triangle,913,914,766,,360965.78653133655,6951942.86986467,12484.5458984375,55.86179835886273,54.31761355217151,5.861798358862723,4.317613552171509,12,1841,7.95270728767e-06,
2383,triangle,957,1046,778,,360091.3631507408,6949839.325165354,16325.40234375,69.68125431385775,66.82809959910553,19.68125431385775,16.82809959910552,12,1841,7.95270728767e-06,
2384,triangle,984,1062,782,,359240.8911792103,6956358.708150074,18028.1611328125,114.74798382198671,112.97469249426996,64.74798382198671,62.97469249426998,65,1681,6.32455532034e-06,
2385,triangle,931,933,772,,358697.97330489027,6947776.475695861,17222.77978515625,82.6641785166708,81.1594695878744,32.6641785166708,31.1594695878744,12,1841,7.95270728767e-06,
2386,triangle,979,1060,780,,359536.73966249963,6955715.701406621,18915.376953125,98.37535107299017,97.94877686496086,48.37535107299018,47.94877686496087,65,1681,6.32455532034e-06,
2387,triangle,920,1034,797,,356989.52841553296,6951930.124539399,13790.54248046875,62.17019487077917,58.91211603543687,12.17019487077917,8.912116035436863,12,1841,7.95270728767e-06,
2388,triangle,1281,1282,807,,353166.38176316605,6951837.146165661,291234.279296875,82.3052957532594,101.68909833273996,32.305295753259394,51.68909833273997,65,1681,7.318754575636428e-06,
2389,triangle,838,1033,919,,356537.6714020274,6951492.924574015,19851.41259765625,69.66949642261477,64.91520665731083,19.66949642261477,14.915206657310833,12,1841,7.95270728767e-06,
2390,triangle,525,1337,813,,361606.78841307294,6951470.474949644,15629.01318359375,93.75533465392937,93.6584241107269,43.75533465392937,43.65842411072691,12,1841,7.95270728767e-06,
2391,triangle,1271,1407,1018,,357338.9229383973,6954092.242790434,32244.13671875,90.62442431504127,89.47108957424966,40.62442431504126,39.471089574249646,65,1681,6.32455532034e-06,
2392,triangle,1073,1325,836,,352265.3542310307,6948696.14889165,762214.4809570312,77.52134341584384,82.88886702046479,27.52134341584385,32.88886702046478,6,1721,1.0699032043644285e-05,
2393,triangle,1513,1557,959,,359440.1785714286,6950054.464285714,18187.97802734375,77.89298374800467,74.69192243757676,27.892983748004667,24.69192243757676,12,1841,7.95270728767e-06,
2394,triangle,841,1119,1118,,353622.33810402214,6956297.3246146245,160370.5302734375,111.84369817303677,116.79486557957824,61.84369817303677,66.79486557957824,6,1721,1.189207115e-05,
2395,triangle,1018,1393,1271,,357268.65609736234,6953937.380677707,47186.98486328125,96.7483720896545,95.00940179298982,46.748372089654495,45.00940179298982,65,1681,6.32455532034e-06,
2396,triangle,775,1548,1491,,356261.3021690393,6948353.588259272,35655.830078125,69.67569624507158,68.7134939220421,19.67569624507158,18.713493922042105,12,1841,7.95270728767e-06,
2397,triangle,495,1356,1286,,359036.9856992685,6945182.459955615,42603.60791015625,133.49735027885646,130.35095855929188,83.49735027885644,80.35095855929188,18,2041,4.30886938006e-06,
2398,triangle,1120,1560,1350,,356690.61062991567,6947652.601211493,32298.53173828125,68.41304115786127,67.83932279074882,18.413041157861272,17.83932279074882,12,1841,7.95270728767e-06,
2399,triangle,842,1338,1159,,356085.1266060629,6954291.902215201,19409.48046875,84.75063528236898,84.6906224338872,34.750635282368954,34.69062243388719,6,1721,1.189207115e-05,
2400,triangle,802,1385,1050,,359276.2190415939,6950645.34970159,30772.0283203125,67.26185077292496,65.34280866657505,17.261850772924966,15.342808666575051,12,1841,7.95270728767e-06,
2401,triangle,859,1512,1475,,361755.43143971293,6951714.784062552,14550.55859375,92.99027899937678,92.75794923511705,42.990278999376784,42.75794923511705,12,1841,7.8945590031225e-06,
2402,triangle,1504,1520,567,,366783.57768698066,6952425.776901436,146653.525390625,130.13111560129843,132.43240236634608,80.13111560129843,82.43240236634608,6,1721,1.189207115e-05,
2403,triangle,989,1141,819,,358530.6055247961,6951554.567389197,42280.5087890625,53.16642128092083,56.27975410071925,3.1664212809208205,6.279754100719253,12,1841,7.95270728767e-06,
2404,triangle,901,1420,527,,361747.0779989643,6951162.764500554,21286.671875,103.16758418585366,102.80384687114251,53.167584185853656,52.8038468711425,65,1681,6.32455532034e-06,
2405,triangle,889,1543,1522,,362919.0350611042,6957689.713557898,214971.79052734375,82.09670882933895,92.96838104256528,32.09670882933896,42.968381042565305,12,1841,7.95270728767e-06,
2406,triangle,1259,1313,1081,,365170.4678992114,6955445.5077930065,31227.8095703125,50.13343516599075,58.16797576950224,0.13343516599074773,8.167975769502242,65,1681,6.32455532034e-06,
2407,triangle,527,1556,526,,361578.6346477964,6951254.802518797,4031.19775390625,100.03312619802271,98.93270418742992,50.03312619802273,48.93270418742992,12,1841,7.5456692958375e-06,
2408,triangle,1476,1477,624,,364687.5045258749,6955120.201914336,9731.1220703125,98.7568225739436,97.04828068992565,48.756822573943595,47.048280689925626,65,1681,6.32455532034e-06,
2409,triangle,741,1557,1513,,359414.4711103316,6949907.203527071,36846.5361328125,72.78651304816634,79.01293118462429,22.78651304816634,29.01293118462429,12,1841,7.95270728767e-06,
2410,triangle,1217,1380,886,,355994.45880606194,6952239.087978776,85348.93017578125,94.83404428416033,97.01278429319738,44.83404428416033,47.01278429319736,65,1681,6.32455532034e-06,
2411,triangle,755,1315,1294,,365093.95227492537,6956126.70269533,68281.5263671875,47.63492121941387,50.82483513138578,-2.3650787805861353,0.8248351313857741,12,1841,7.95270728767e-06,
2412,triangle,945,1416,761,,356848.0234965182,6948203.331226849,11064.541015625,61.71153063412177,61.60506481431116,11.711530634121768,11.605064814311165,12,1841,7.95270728767e-06,
2413,triangle,886,1380,1161,,355831.31482605153,6952079.479693718,71180.01318359375,95.50938086266453,94.08496470301607,45.50938086266454,44.08496470301608,65,1681,6.32455532034e-06,
2414,triangle,652,1443,1380,,356049.8113298118,6951853.654247794,24216.1240234375,85.83263200604577,84.50893662620699,35.83263200604576,34.50893662620698,65,1681,6.32455532034e-06,
2415,triangle,1142,1411,1382,,361205.7404185785,6955155.365892922,19638.095703125,143.3709475415804,135.601148544042,93.37094754158038,85.601148544042,65,1681,6.32455532034e-06,
2416,triangle,848,1049,439,,359700.89757550834,6950399.2852794975,11213.7607421875,68.29491188407424,63.29978886895134,18.29491188407425,13.29978886895134,12,1841,7.95270728767e-06,
2417,triangle,1344,1482,1066,,359943.49344196654,6950625.820846413,26159.1689453125,69.78806091034629,68.75126651828589,19.788060910346285,18.751266518285888,12,1841,7.95270728767e-06,
2418,triangle,785,1386,1008,,364705.76962071337,6955900.695986462,16205.90234375,52.37431123276056,50.93374018502531,2.374311232760568,0.933740185025305,12,1841,7.95270728767e-06,
2419,triangle,1011,1394,1378,,362914.611804819,6952848.301760405,26954.962890625,85.78072683179596,88.94248135092123,35.78072683179596,38.94248135092122,65,1681,6.32455532034e-06,
2420,triangle,995,1317,1185,,364865.87534956634,6954847.649379474,50694.89892578125,88.47037980213702,98.2987091856592,38.47037980213701,48.29870918565921,65,1681,6.32455532034e-06,
2421,triangle,901,1512,860,,361886.97796858056,6951474.0420170305,42436.71337890625,103.10989638423196,100.32050421416507,53.109896384231945,50.32050421416508,65,1681,6.32455532034e-06,
2422,triangle,924,1099,768,,355948.2742701914,6956202.832448813,22981.7900390625,90.66627208585466,91.52739387724371,40.66627208585465,41.5273938772437,6,1721,1.189207115e-05,
2423,triangle,975,1101,779,,360229.8151481684,6956528.010260634,22456.00830078125,118.838592535251,119.3360334696669,68.838592535251,69.33603346966689,65,1681,6.32455532034e-06,
2424,triangle,1491,1548,1009,,356183.213665274,6948524.393566045,65591.02978515625,65.90663029407358,69.76419478268002,15.906630294073564,19.76419478268003,12,1841,7.95270728767e-06,
2425,triangle,888,1176,1175,,363364.8532409416,6953061.04662924,39939.10498046875,88.87201945213974,87.23543241644613,38.87201945213973,37.23543241644612,65,1681,6.32455532034e-06,
2426,triangle,1090,1483,178,,359041.1937691427,6955255.91600202,39962.5654296875,110.6812704109906,106.97198864913412,60.68127041099059,56.97198864913412,65,1681,6.32455532034e-06,
2427,triangle,1017,1402,1251,,357661.65382555005,6953128.539796956,28037.728515625,64.55394940781964,62.8138922214622,14.55394940781964,12.81389222146219,65,1681,6.32455532034e-06,
2428,triangle,37,1027,880,,360206.10505758616,6952974.44786118,6684.84228515625,32.25821466112943,33.210886496469385,-17.741785338870578,-16.78911350353061,12,1841,7.95270728767e-06,
2429,triangle,756,1208,870,,365725.9380437988,6951798.285432327,270123.62548828125,89.68268781730639,98.00563526118692,39.68268781730639,48.00563526118693,6,1721,1.0063080785346786e-05,
2430,triangle,1413,1414,1106,,361594.5351246744,6955420.261210603,23645.15380859375,81.5885328239216,79.43810825477799,31.588532823921597,29.438108254777973,65,1681,6.32455532034e-06,
2431,triangle,1118,1351,1260,,354164.5505955848,6956364.723049775,90572.64111328125,110.08939000596526,102.75313395072446,60.08939000596525,52.75313395072445,6,1721,1.189207115e-05,
2432,triangle,28,1403,27,,359450.0,6952898.373073719,2995.529296875,33.04931266093182,32.85163097736127,-16.950687339068185,-17.148369022638732,12,1841,7.95270728767e-06,
2433,triangle,1365,1373,1067,,360442.735271836,6945637.384687558,187019.5615234375,97.2602720807975,102.061526261824,47.260272080797506,52.061526261824014,52,1561,1.189207115e-05,
2434,triangle,971,1514,1055,,361277.82225328265,6949665.413234762,17850.1591796875,95.10360515674606,93.19705342252344,45.10360515674607,43.19705342252343,12,1841,7.95270728767e-06,
2435,triangle,773,1222,934,,358276.97412610956,6947979.111808565,16942.3095703125,82.84003621943438,82.37158974176656,32.84003621943438,32.37158974176655,12,1841,7.95270728767e-06,
2436,triangle,1153,1154,818,,360475.8800538676,6952005.725311231,30905.50390625,63.36899784237855,61.961130930004565,13.36899784237855,11.961130930004563,12,1841,7.95270728767e-06,
2437,triangle,759,1340,1086,,362335.2704131761,6955392.860366243,19686.00244140625,52.28931482274532,51.188330718621465,2.289314822745316,1.1883307186214702,12,1841,7.778262434027501e-06,
2438,triangle,801,1516,1042,,357407.9831006811,6948684.878261329,18228.53369140625,66.98401086824465,65.8078953925896,16.984010868244663,15.807895392589584,12,1841,7.95270728767e-06,
2439,triangle,1071,1451,1355,,355732.5045269518,6953791.223160327,37899.33642578125,90.75327054778329,89.64764560266264,40.75327054778329,39.647645602662635,65,1681,6.32455532034e-06,
2440,triangle,1176,1458,1175,,363292.8516220034,6953186.007211179,17438.74853515625,73.28510805782832,74.35736385455142,23.285108057828324,24.357363854551437,65,1681,6.32455532034e-06,
2441,triangle,1424,1518,1100,,357130.5144808429,6948602.017085135,13282.8017578125,61.52253525277291,61.665743668627364,11.522535252772915,11.665743668627366,12,1841,7.95270728767e-06,
2442,triangle,862,1445,977,,359751.4693298391,6955942.91286262,18809.8623046875,103.61886946661784,106.16656617265822,53.61886946661784,56.166566172658214,65,1681,6.32455532034e-06,
2443,triangle,1161,1443,1442,,355845.6451619607,6951777.1850873865,19941.60546875,81.66384459063036,81.63406854439764,31.663844590630355,31.634068544397635,65,1681,6.32455532034e-06,
2444,triangle,84,1490,1386,,364555.20844590646,6955844.447897951,6054.65771484375,37.97557700898394,38.284453158362226,-12.024422991016065,-11.715546841637776,12,1841,7.95270728767e-06,
2445,triangle,1240,1475,813,,361571.4292041797,6951723.363957954,18300.392578125,81.14329360869974,80.05972430322485,31.14329360869973,30.059724303224858,12,1841,7.95270728767e-06,
2446,triangle,983,1169,781,,358914.6551689227,6956760.137665175,18058.59716796875,127.94840978978223,127.92586691168272,77.94840978978223,77.92586691168272,65,1681,6.32455532034e-06,
2447,triangle,1442,1443,653,,355929.5947274301,6951680.631834545,13035.02587890625,77.50649053934366,76.85941472364401,27.506490539343666,26.859414723644008,65,1681,6.32455532034e-06,
2448,triangle,1014,1028,785,,364854.0435260989,6955736.311113271,17705.78564453125,74.28597427091343,66.39118703972942,24.285974270913435,16.391187039729413,12,1841,7.95270728767e-06,
2449,triangle,1396,1397,1131,,359791.0692548744,6953705.896782608,21775.25146484375,55.37319877669432,53.01808378077411,5.3731987766943305,3.0180837807741216,65,1681,6.32455532034e-06,
2450,triangle,42,1214,41,,360354.4096794356,6953071.479204039,2316.4111328125,30.120476686837815,30.127050264388526,-19.87952331316218,-19.872949735611474,12,1841,7.95270728767e-06,
2451,triangle,366,1151,365,,356646.7102876461,6948345.473561592,2442.4072265625,58.64187212278469,58.62340728272767,8.641872122784687,8.623407282727667,12,1841,7.95270728767e-06,
2452,triangle,402,1215,401,,359569.289532823,6950520.5580266565,2170.072265625,49.96120072484582,49.502492919481504,-0.038799275154183244,-0.4975070805184914,12,1841,7.95270728767e-06,
2453,triangle,471,1152,470,,359296.8167810424,6955692.782601583,3170.6123046875,79.43424296225962,79.61077296887227,29.434242962259617,29.610772968872272,65,1681,6.32455532034e-06,
2454,triangle,1003,1376,1349,,360764.6106870521,6953952.979609321,28929.92138671875,55.53611008164291,58.29964148492866,5.536110081642913,8.299641484928651,65,1681,6.32455532034e-06,
2455,triangle,1004,1426,782,,359040.00655483076,6956358.428890775,18307.0185546875,125.15553445180412,123.84538611104695,75.1555344518041,73.84538611104695,65,1681,6.32455532034e-06,
2456,triangle,771,1304,929,,359363.44458323,6946728.932889845,15578.908203125,98.65226487179115,98.03764372847883,48.65226487179115,48.03764372847883,12,1841,7.95270728767e-06,
2457,triangle,774,1306,939,,358328.21795050614,6948959.247461528,25552.349609375,75.61854072897327,75.85022473453485,25.618540728973272,25.850224734534844,12,1841,7.95270728767e-06,
2458,triangle,926,1302,769,,355844.88977821317,6955604.166666667,14990.974609375,89.67253195216225,89.1033360041842,39.67253195216225,39.10333600418419,6,1721,1.189207115e-05,
2459,triangle,923,1305,767,,356242.2852365947,6953742.636773013,19198.07373046875,79.98589516268501,78.2561803504701,29.98589516268501,28.2561803504701,65,1681,6.32455532034e-06,
2460,triangle,763,1518,944,,356922.2478414385,6948592.021248474,22499.673828125,60.96000292936516,61.051481174790034,10.960002929365166,11.05148117479004,12,1841,7.95270728767e-06,
2461,triangle,1050,1237,802,,359366.3893273968,6950545.145868837,19430.2265625,71.09371896263283,65.78499591983719,21.09371896263283,15.784995919837192,12,1841,7.95270728767e-06,
2462,triangle,1024,1238,793,,358633.696609394,6952574.424669127,15362.06103515625,51.86075556437397,46.60414037852922,1.8607555643739617,-3.3958596214707772,12,1841,7.95270728767e-06,
2463,triangle,1041,1239,800,,357725.96640547435,6948424.4505038895,17620.3427734375,68.50245348513835,67.90311981022347,18.502453485138354,17.903119810223483,12,1841,7.95270728767e-06,
2464,triangle,794,1238,1025,,358855.0677353682,6952550.064299368,20025.4501953125,40.32837389134426,39.47571433262144,-9.671626108655737,-10.524285667378555,12,1841,7.95270728767e-06,
2465,triangle,1101,1372,1078,,360312.96420950006,6956776.389279663,30320.935546875,129.7992095916788,128.95169580832015,79.7992095916788,78.95169580832015,65,1681,6.32455532034e-06,
2466,triangle,808,938,937,,358289.8466316674,6948543.712676509,11103.5771484375,71.74281960058578,70.66856906769037,21.74281960058577,20.668569067690367,12,1841,7.95270728767e-06,
2467,triangle,1012,1468,1179,,363483.8640324673,6949731.068550273,94885.54541015625,116.00547404290458,107.40447809942333,66.00547404290458,57.40447809942332,65,1681,6.32455532034e-06,
2468,triangle,859,1232,68,,361825.0,6951860.971998006,4197.7978515625,87.82611812101455,87.93342346407242,37.82611812101454,37.933423464072426,12,1841,7.95270728767e-06,
2469,triangle,1273,1471,1019,,361603.5262863082,6958262.714976807,417198.8583984375,96.58306797801279,84.09350086685428,46.58306797801278,34.09350086685429,12,1841,7.95270728767e-06,
2470,triangle,884,1538,1293,,356759.94092699996,6950907.559627198,56659.5361328125,66.42913286356466,62.57135875226994,16.429132863564664,12.571358752269944,12,1841,7.95270728767e-06,
2471,triangle,1028,1386,785,,364746.4759978596,6955794.48167254,15858.39892578125,61.93576382044675,56.476635022397375,11.935763820446759,6.47663502239737,12,1841,7.95270728767e-06,
2472,triangle,986,1483,1090,,359154.8438321014,6955108.888515703,47096.93994140625,114.10673738338988,105.52694153698242,64.1067373833899,55.52694153698241,65,1681,6.32455532034e-06,
2473,triangle,1122,1541,675,,356186.1094035599,6951291.073406186,13700.708984375,76.50756941695987,76.9247434580675,26.507569416959864,26.924743458067507,12,1841,7.95270728767e-06,
2474,triangle,734,1245,1222,,358199.1036796826,6948177.967234053,25645.3876953125,80.97140540284863,78.37183777274963,30.971405402848625,28.37183777274962,12,1841,7.95270728767e-06,
2475,triangle,826,1546,1279,,360686.1144758151,6949268.604627117,10613.404296875,75.91962979651004,76.32154531824021,25.919629796510026,26.321545318240197,12,1841,7.95270728767e-06,
2476,triangle,787,1505,1048,,359855.7420240936,6950130.563464223,19012.697265625,69.30744756089175,68.56450657837443,19.30744756089176,18.564506578374438,12,1841,7.95270728767e-06,
2477,triangle,867,1277,1207,,358011.6494641329,6959580.968236931,638281.1635742188,107.40445825560744,102.2426209350494,57.40445825560742,52.242620935049416,12,1841,7.95270728767e-06,
2478,triangle,333,1469,866,,358493.1780727329,6948652.329573934,10769.16455078125,68.79697494409393,68.94780125664106,18.796974944093932,18.947801256641057,12,1841,7.95270728767e-06,
2479,triangle,1241,1557,896,,359324.7778355268,6950214.7745581195,27157.5576171875,84.26888882588527,79.36323678250562,34.26888882588527,29.363236782505624,12,1841,7.95270728767e-06,
2480,triangle,1128,1383,1153,,360369.2354074933,6952232.046935397,20705.6484375,55.47935277632858,54.76621237067716,5.4793527763285805,4.766212370677166,12,1841,7.95270728767e-06,
2481,triangle,1291,1438,798,,358744.20266220346,6947161.2644065395,17617.1298828125,91.9198254973864,92.62876693163012,41.9198254973864,42.628766931630125,12,1841,7.95270728767e-06,
2482,triangle,1444,1500,630,,361419.9677924342,6954316.0661772825,16702.9013671875,40.16860651133592,40.48521806972058,-9.831393488664085,-9.514781930279412,65,1681,6.32455532034e-06,
2483,triangle,1256,1561,840,,353755.4190125544,6949645.966907986,121276.97509765625,104.70289938807679,108.00376229754356,54.70289938807678,58.00376229754355,65,1681,6.32455532034e-06,
2484,triangle,1172,1461,1449,,364516.08518980857,6954622.188514435,14130.591796875,106.77098435776162,105.75934493222319,56.77098435776161,55.75934493222319,65,1681,6.32455532034e-06,
2485,triangle,870,1520,756,,366134.23857570277,6951896.408050324,415053.498046875,97.23504911208268,115.09814718965511,47.235049112082685,65.09814718965512,6,1721,1.1047921750929286e-05,
2486,triangle,1503,1504,555,,367283.8237988129,6952734.714756106,149121.12939453125,155.05410572720288,148.6084289192335,105.05410572720288,98.60842891923348,6,1721,1.189207115e-05,
2487,triangle,1091,1412,1395,,360390.35699414863,6953844.944378282,19539.541015625,83.6588762705517,82.10531999326845,33.658876270551694,32.10531999326846,65,1681,6.32455532034e-06,
2488,triangle,1185,1477,1476,,364792.6198186784,6955077.508785916,14796.81494140625,95.53552530767263,96.28675721040422,45.53552530767263,46.286757210404225,65,1681,6.32455532034e-06,
2489,triangle,799,1314,1040,,358927.4933124446,6947479.3910852475,15750.0078125,91.88682208235173,90.36376067557659,41.88682208235173,40.36376067557657,12,1841,7.95270728767e-06,
2490,triangle,1475,1512,813,,361685.9088345385,6951651.879542212,20297.18994140625,92.62219099814936,92.30045304685491,42.62219099814936,42.30045304685493,12,1841,7.8945590031225e-06,
2491,triangle,1300,1404,438,,360943.3320032679,6949010.302371602,3818.10693359375,70.8836449645192,70.53851080730122,20.883644964519206,20.53851080730121,12,1841,7.95270728767e-06,
2492,triangle,922,1194,791,,357490.84486333403,6952212.3587621385,23840.1806640625,43.366517985563306,48.62416246562102,-6.633482014436689,-1.375837534378979,12,1841,7.95270728767e-06,
2493,triangle,927,1195,792,,355888.6425412846,6955005.326640259,19102.56103515625,82.94056066634859,83.23746159336616,32.94056066634859,33.23746159336617,6,1721,1.189207115e-05,
2494,triangle,885,1223,918,,362982.42815038544,6955631.548670207,17579.517578125,32.52290570822024,37.34694506669717,-17.477094291779753,-12.653054933302831,12,1841,7.72011414948e-06,
2495,triangle,776,1279,955,,360521.28348262195,6949470.406481045,20086.626953125,76.66819166447087,72.87998821863522,26.66819166447086,22.87998821863522,12,1841,7.95270728767e-06,
2496,triangle,66,1232,859,,361775.0,6951860.971998006,4197.7978515625,86.07241112163727,86.7000911479917,36.07241112163728,36.70009114799169,12,1841,7.95270728767e-06,
2497,triangle,1066,1482,1229,,359824.8789774962,6950712.423077963,20310.578125,69.85730795550879,67.88260000301834,19.857307955508794,17.88260000301833,12,1841,7.95270728767e-06,
2498,triangle,902,1450,1315,,365425.33051175874,6956436.06413803,84481.3720703125,17.12520093477795,49.3475263870597,-32.87479906522205,-0.6524736129402932,12,1841,7.95270728767e-06,
2499,triangle,842,1159,1036,,356157.35560736695,6954358.284812257,12527.0693359375,81.51455219848125,82.4375590137353,31.514552198481255,32.437559013735296,6,1721,1.189207115e-05,
2500,triangle,1067,1373,1310,,360646.87074499653,6945952.932465975,220313.5263671875,111.47193962236634,100.81524000722447,61.47193962236633,50.81524000722448,52,1561,1.189207115e-05,
2501,triangle,1270,1324,742,,361583.94757705653,6949014.420386255,44762.5361328125,90.04516484434191,88.45787325898296,40.0451648443419,38.45787325898296,12,1841,7.95270728767e-06,
2502,triangle,918,1140,885,,362865.62352016405,6955595.543126785,22433.9140625,29.501516425899258,32.880273197803916,-20.498483574100746,-17.119726802196077,12,1841,7.8945590031225e-06,
2503,triangle,864,1180,978,,359252.2148877752,6955923.2047943445,13590.61572265625,98.84612942951472,97.16360692811783,48.846129429514704,47.16360692811785,65,1681,6.32455532034e-06,
2504,triangle,911,1530,765,,360306.8007024285,6952716.267259958,9168.07958984375,45.599606347490464,44.12556296776696,-4.400393652509533,-5.874437032233047,12,1841,7.95270728767e-06,
2505,triangle,956,1532,777,,360126.1508229058,6949460.638518512,11921.8447265625,62.75997129055132,63.73718201875022,12.75997129055132,13.737182018750223,12,1841,7.95270728767e-06,
2506,triangle,1175,1470,1116,,363545.21228301205,6953282.032007121,22757.732421875,77.10810705586739,79.55061572507732,27.108107055867386,29.550615725077332,65,1681,6.32455532034e-06,
2507,triangle,747,1503,1268,,367886.11224652344,6952386.216818499,340661.166015625,146.89213142225486,144.6361835233368,96.89213142225486,94.6361835233368,6,1721,1.189207115e-05,
2508,triangle,1247,1308,1075,,356962.71812900045,6956977.729896122,35273.23828125,114.92045790583028,123.8689138028916,64.92045790583028,73.86891380289158,65,1681,6.32455532034e-06,
2509,triangle,859,1475,66,,361727.9845159881,6951821.623344537,8304.7265625,82.12483772561716,84.89476777413822,32.12483772561717,34.89476777413822,12,1841,7.95270728767e-06,
2510,triangle,1473,1490,86,,364476.7026485768,6955922.605895652,5724.7451171875,34.07442985408122,34.26268934570832,-15.925570145918783,-15.737310654291681,12,1841,7.95270728767e-06,
2511,triangle,1315,1450,523,,365530.32822934864,6956207.233624415,53433.58642578125,63.78625829225514,61.53576446946435,13.78625829225514,11.535764469464342,12,1841,7.95270728767e-06,
2512,triangle,1093,1400,1328,,358041.3777544832,6953213.848668903,23286.025390625,68.48426714891436,67.88615940779164,18.484267148914352,17.886159407791645,65,1681,6.32455532034e-06,
2513,triangle,1327,1400,1093,,358164.9596959601,6953253.418363999,23797.271484375,65.82889482398224,68.34617948068262,15.828894823982232,18.346179480682622,65,1681,6.32455532034e-06,
2514,triangle,1300,1486,814,,361124.5177344983,6949026.872390953,13949.32861328125,82.00981493901027,80.65191450043541,32.00981493901028,30.651914500435424,12,1841,7.95270728767e-06,
2515,triangle,1097,1406,1332,,357812.99361488136,6954293.965249281,23021.5029296875,88.90732238165961,92.94819369026102,38.90732238165961,42.94819369026103,65,1681,6.32455532034e-06,
2516,triangle,1331,1406,1097,,357688.9488681064,6954250.94018453,23351.681640625,88.03162750866082,90.546287817113,38.03162750866082,40.54628781711299,65,1681,6.32455532034e-06,
2517,triangle,880,911,765,,360254.2213770578,6952789.878394966,16766.939453125,43.03930133230375,41.030384193470375,-6.9606986676962475,-8.969615806529623,12,1841,7.95270728767e-06,
2518,triangle,39,1562,1214,,360318.01209929446,6953133.099005048,1480.2724609375,29.403921986775288,29.339741083047397,-20.596078013224716,-20.660258916952603,12,1841,7.95270728767e-06,
2519,triangle,1215,1567,441,,359605.36191602884,6950581.947533321,1495.50341796875,49.03460392318923,49.35520632075201,-0.9653960768107697,-0.6447936792479906,12,1841,7.95270728767e-06,
2520,triangle,1151,1564,356,,356683.3878595575,6948406.841951991,1568.33837890625,58.23820212751046,58.21771391713143,8.238202127510462,8.217713917131427,12,1841,7.95270728767e-06,
2521,triangle,1152,1569,453,,359258.52097630297,6955634.728251978,2496.048828125,77.58898054891321,78.58712162606402,27.588980548913216,28.587121626064015,65,1681,6.32455532034e-06,
2522,triangle,857,1347,1098,,359841.7315027239,6952647.715217357,23396.96142578125,43.12140218320128,41.14792499882932,-6.878597816798726,-8.852075001170677,12,1841,7.95270728767e-06,
2523,triangle,462,1570,1446,,359905.8019350297,6956244.198064971,2641.630859375,99.5681137556091,99.48481364064037,49.56811375560912,49.484813640640375,65,1681,6.32455532034e-06,
2524,triangle,1446,1570,460,,359930.8019350297,6956269.198064971,2641.630859375,101.06269974941966,100.85147979868073,51.06269974941966,50.85147979868074,65,1681,6.32455532034e-06,
2525,triangle,910,1431,1430,,352443.2844511473,6953798.365863199,386981.76123046875,99.69003121862609,94.63606452480262,49.690031218626075,44.63606452480261,6,1721,1.189207115e-05,
2526,triangle,1102,1425,781,,359124.05129150307,6956747.330656496,21663.22802734375,124.52656804692288,125.79804235779864,74.52656804692288,75.79804235779864,65,1681,6.32455532034e-06,
2527,triangle,801,1424,1100,,357218.77033185033,6948659.618876652,13872.99609375,62.90777579814858,63.394204689285566,12.907775798148583,13.394204689285557,12,1841,7.95270728767e-06,
2528,triangle,997,1525,1280,,356113.97015109914,6956560.1994348345,12475.36328125,102.05583118391073,102.67067162926126,52.055831183910726,52.67067162926125,6,1721,1.189207115e-05,
2529,triangle,790,1463,1455,,354114.046154582,6957329.9613507455,151875.81884765625,158.74491845122998,147.9397864292071,108.74491845122996,97.93978642920706,65,1681,6.4408518894350004e-06,
2530,triangle,1349,1412,1091,,360501.54160768964,6953884.718990352,22213.28662109375,79.0380987738146,77.9620085334584,29.038098773814603,27.962008533458405,65,1681,6.32455532034e-06,
2531,triangle,1119,1351,1118,,353884.2140505466,6956445.911083234,89739.68212890625,99.11505184237943,104.41305392427195,49.11505184237942,54.41305392427194,6,1721,1.189207115e-05,
2532,triangle,1195,1243,852,,355808.96264562267,6954779.5883908,24027.5986328125,86.68572641619605,86.76035241242793,36.685726416196054,36.76035241242794,6,1721,1.189207115e-05,
2533,triangle,1070,1493,1390,,362217.1635020234,6951915.699176762,18482.0068359375,105.85261036671528,104.8581009346989,55.85261036671528,54.8581009346989,65,1681,6.32455532034e-06,
2534,triangle,762,1228,1103,,362836.14746771514,6948565.852258741,52352.5546875,127.086501114257,119.40674594709598,77.086501114257,69.40674594709596,12,1841,7.95270728767e-06,
2535,triangle,813,1337,757,,361486.88016680157,6951509.400473367,21554.78564453125,84.85045648890866,84.91433154010939,34.850456488908655,34.9143315401094,12,1841,7.95270728767e-06,
2536,triangle,87,1535,1473,,364406.25703852397,6956008.461377327,7229.216796875,31.121942403402624,27.339914003918036,-18.878057596597372,-22.660085996081964,12,1841,7.95270728767e-06,
2537,triangle,1084,1485,1301,,358244.5999594689,6954373.191952102,39708.09375,96.92715121980355,100.8091965218998,46.92715121980354,50.8091965218998,65,1681,6.32455532034e-06,
2538,triangle,1250,1446,890,,360020.484454148,6956112.147166924,13246.70166015625,108.4102197291852,109.92323982996258,58.410219729185194,59.923239829962576,65,1681,6.32455532034e-06,
2539,triangle,890,1446,1249,,360068.75201157015,6956167.73273382,13225.63232421875,113.74979689696377,113.60404698885846,63.74979689696376,63.60404698885844,65,1681,6.32455532034e-06,
2540,triangle,1132,1521,795,,364034.2028707762,6956071.539233282,17140.8232421875,52.829504382003144,42.952140232103886,2.829504382003141,-7.047859767896115,12,1841,7.95270728767e-06,
2541,triangle,1339,1461,1172,,364475.24446078227,6954533.316801783,14861.8955078125,104.87802967628534,104.42205747094079,54.87802967628534,54.422057470940786,65,1681,6.32455532034e-06,
2542,triangle,881,1537,1291,,358568.4756929269,6947264.937157315,12724.86474609375,96.25739357245246,96.17802634634334,46.25739357245246,46.17802634634332,12,1841,7.95270728767e-06,
2543,triangle,453,1484,973,,359195.0182967737,6955524.5291361585,6375.7421875,85.7784107564215,83.9324936990455,35.7784107564215,33.932493699045494,65,1681,6.32455532034e-06,
2544,triangle,1129,1432,882,,364757.15653840353,6952669.537290402,105029.3095703125,165.47465283402627,154.81204864766912,115.4746528340263,104.8120486476691,65,1681,6.32455532034e-06,
2545,triangle,993,1453,1000,,355796.36188807484,6951352.907537515,10874.833984375,70.77961086742776,71.17210568622848,20.779610867427767,21.17210568622848,12,1841,7.48752101129e-06,
2546,triangle,1008,1473,1135,,364558.5583034342,6956070.575566548,16262.1279296875,32.09900159045884,30.70591869820215,-17.900998409541163,-19.29408130179785,12,1841,7.95270728767e-06,
2547,triangle,855,1200,1199,,356538.79697178607,6956962.949602518,32329.06494140625,128.5515050594027,125.68582096736212,78.55150505940267,75.68582096736212,65,1681,8.511793681992141e-06,
2548,triangle,775,1491,946,,356410.961612463,6948386.777352549,21228.74365234375,63.55229014446613,63.211543926981676,13.552290144466122,13.211543926981681,12,1841,7.95270728767e-06,
2549,triangle,376,1565,953,,360726.9861516035,6948899.4374088915,2352.03515625,64.0588724144569,64.86800850362577,14.058872414456902,14.868008503625761,12,1841,7.95270728767e-06,
2550,triangle,953,1565,421,,360751.9861516035,6948924.4374088915,2320.0048828125,64.09950922041864,64.86800850362577,14.09950922041864,14.868008503625761,12,1841,7.95270728767e-06,
2551,triangle,464,1571,976,,359701.5943877551,6956226.594387755,2633.130859375,93.41746495797094,93.37049177943209,43.417464957970935,43.37049177943209,65,1681,6.32455532034e-06,
2552,triangle,976,1571,490,,359676.5943877551,6956251.594387755,2633.130859375,93.62828133922925,93.4704927966847,43.62828133922925,43.4704927966847,65,1681,6.32455532034e-06,
2553,triangle,1337,1556,757,,361445.9233374012,6951395.826056755,18448.884765625,84.1234007891195,86.0485972173097,34.12340078911951,36.04859721730972,12,1841,7.95270728767e-06,
2554,triangle,382,1566,955,,360373.7016602257,6949403.367859173,2372.34130859375,60.088773336607495,60.56351026187496,10.0887733366075,10.563510261874956,12,1841,7.95270728767e-06,
2555,triangle,955,1566,384,,360348.7016602257,6949428.367859173,2267.3515625,59.54980953066381,60.13017718285477,9.54980953066381,10.130177182854775,12,1841,7.95270728767e-06,
2556,triangle,1039,1438,314,,358904.63640730287,6947199.871545937,6929.296875,86.38582218226442,85.41429581313095,36.38582218226441,35.41429581313096,12,1841,7.95270728767e-06,
2557,triangle,153,1436,1034,,356969.9326307904,6952075.017791343,6412.529296875,58.173186920162344,56.9904752238306,8.173186920162346,6.9904752238306,12,1841,7.95270728767e-06,
2558,triangle,372,1440,1043,,360527.3998550479,6948620.401856522,10312.51025390625,73.12020717340084,72.4767381280443,23.120207173400843,22.476738128044303,12,1841,7.95270728767e-06,
2559,triangle,218,1437,1036,,356281.1086222295,6954398.7962875515,6171.736328125,76.6741913460614,77.11479133294539,26.67419134606141,27.11479133294539,6,1721,1.189207115e-05,
2560,triangle,317,1439,1040,,358770.7298530806,6947451.756513457,6615.521484375,81.87812557807038,81.84550850823945,31.878125578070385,31.845508508239448,12,1841,7.95270728767e-06,
2561,triangle,392,1441,1046,,359892.01697261113,6949850.261274803,6730.92431640625,58.53761398488402,59.212822921347005,8.53761398488402,9.212822921347007,12,1841,7.95270728767e-06,
2562,triangle,757,1556,865,,361319.9498179623,6951330.3920802,44669.7900390625,76.87131796900002,84.19636875346494,26.871317969000017,34.196368753464945,12,1841,7.95270728767e-06,
2563,triangle,954,1546,826,,360720.70799640316,6949172.762983524,10492.4931640625,73.00725102643344,72.17022077791779,23.007251026433426,22.17022077791779,12,1841,7.95270728767e-06,
2564,triangle,1540,1549,1006,,359156.09898134624,6947330.320802845,12345.95947265625,91.77098084438228,92.0462755971979,41.77098084438228,42.0462755971979,12,1841,7.95270728767e-06,
2565,triangle,40,1562,39,,360338.60241985886,6953161.61980101,1505.2724609375,28.681455208854665,28.67935735816896,-21.318544791145335,-21.32064264183104,12,1841,7.95270728767e-06,
2566,triangle,41,1562,40,,360363.60241985886,6953136.61980101,1282.22802734375,29.077930827604778,29.079357612482113,-20.922069172395226,-20.920642387517887,12,1841,7.95270728767e-06,
2567,triangle,85,1563,84,,364464.5688974168,6955814.00837836,1575.9423828125,30.29476472780904,30.32361782896154,-19.70523527219096,-19.67638217103846,12,1841,7.95270728767e-06,
2568,triangle,86,1563,85,,364439.5688974168,6955839.00837836,1639.0009765625,29.90173982460416,29.92361757464839,-20.09826017539584,-20.076382425351607,12,1841,7.95270728767e-06,
2569,triangle,377,1565,376,,360690.39723032067,6948934.887481779,1732.1884765625,63.79186642801932,63.80044780118791,13.791866428019322,13.800447801187905,12,1841,7.95270728767e-06,
2570,triangle,421,1565,377,,360715.39723032067,6948959.887481779,1700.158203125,63.79110720251182,63.80044780118791,13.791107202511808,13.800447801187905,12,1841,7.95270728767e-06,
2571,triangle,383,1566,382,,360339.7403320451,6949365.673571835,1763.27685546875,58.366646507121104,58.40285291949436,8.366646507121104,8.402852919494352,12,1841,7.95270728767e-06,
2572,triangle,384,1566,383,,360314.7403320451,6949390.673571835,1658.287109375,57.9212850136325,57.96951984047417,7.921285013632497,7.96951984047417,12,1841,7.95270728767e-06,
2573,triangle,403,1567,402,,359561.0723832058,6950586.389506664,1245.64306640625,46.68517237939557,46.68604673460383,-3.3148276206044303,-3.3139532653961656,12,1841,7.95270728767e-06,
2574,triangle,404,1568,403,,359568.0200999745,6950667.455929849,2027.26123046875,46.8544895114619,47.0132562371638,-3.145510488538104,-2.986743762836196,12,1841,7.95270728767e-06,
2575,triangle,441,1567,403,,359586.0723832058,6950611.389506664,1531.18017578125,47.02076177619693,47.01938006793716,-2.9792382238030757,-2.9806199320628326,12,1841,7.95270728767e-06,
2576,triangle,403,1568,441,,359593.0200999745,6950642.455929849,1963.7919921875,47.74195266144608,47.91325649147695,-2.258047338553919,-2.086743508523045,12,1841,7.95270728767e-06,
2577,triangle,460,1570,461,,359891.16038700595,6956308.839612994,1818.0439453125,97.82256203402484,97.87724607478135,47.82256203402485,47.87724607478136,65,1681,6.32455532034e-06,
2578,triangle,461,1570,462,,359866.16038700595,6956283.839612994,1818.0439453125,96.4558958759878,96.510579916741,46.45589587598781,46.510579916740994,65,1681,6.32455532034e-06,
2579,triangle,356,1564,367,,356661.67757191154,6948436.368390399,1533.55615234375,57.8943071430235,57.89430714303006,7.8943071430234975,7.894307143030062,12,1841,7.95270728767e-06,
2580,triangle,367,1564,366,,356636.67757191154,6948411.368390399,1313.72705078125,58.12764073066997,58.127640730676546,8.127640730669967,8.127640730676546,12,1841,7.95270728767e-06,
2581,triangle,453,1569,472,,359286.7041952606,6955591.945650396,1906.3857421875,76.64876912880962,76.6430153238584,26.64876912880962,26.643015323858407,65,1681,6.32455532034e-06,
2582,triangle,491,1571,464,,359664.0943877551,6956189.094387755,1585.61865234375,89.58259490362344,89.61215793747245,39.582594903623445,39.61215793747246,65,1681,6.32455532034e-06,
2583,triangle,472,1569,471,,359311.7041952606,6955616.945650396,1495.77783203125,76.96823555519373,76.9430158324847,26.968235555193715,26.943015832484708,65,1681,6.32455532034e-06,
2584,triangle,490,1571,491,,359639.0943877551,6956214.094387755,1585.61865234375,89.68259592088083,89.71215895472506,39.682595920880836,39.71215895472506,65,1681,6.32455532034e-06,
2585,triangle,1535,1536,1135,,364420.5747915646,6956174.1447196705,18332.046875,17.548827359899825,23.44991321654184,-32.451172640100175,-26.55008678345816,12,1841,7.95270728767e-06,
2586,triangle,944,1480,763,,356818.7308955099,6948601.058521948,16261.462890625,60.25655736080192,60.56992110371479,10.256557360801919,10.569921103714794,12,1841,7.95270728767e-06,
2587,triangle,1006,1549,1314,,359100.48370306956,6947386.462331616,10749.47900390625,93.6149904228638,93.23942617531094,43.614990422863784,43.23942617531094,12,1841,7.95270728767e-06,
2588,triangle,1029,1521,91,,364076.3248195644,6955919.886357735,6377.97802734375,27.028761393038437,28.04201234008703,-22.97123860696156,-21.95798765991297,12,1841,7.95270728767e-06,
2589,triangle,946,950,775,,356461.0065131125,6948302.380952381,10009.93994140625,62.59363810676833,62.375887332984746,12.59363810676833,12.375887332984746,12,1841,7.95270728767e-06,
2590,triangle,1027,1214,42,,360318.3677560489,6953037.854428269,4282.82421875,30.670515026228994,30.824522777777428,-19.329484973771006,-19.175477222222575,12,1841,7.95270728767e-06,
2591,triangle,401,1215,1049,,359597.5267297616,6950481.406186593,3840.67578125,56.35610122400715,55.16926401607473,6.356101224007142,5.169264016074729,12,1841,7.95270728767e-06,
2592,triangle,795,1521,1029,,363997.6492290481,6955988.43489214,13709.7890625,42.92647407326062,33.311919206516514,-7.073525926739383,-16.688080793483483,12,1841,7.95270728767e-06,
2593,triangle,945,1151,355,,356739.47201352223,6948330.814931151,4901.25439453125,59.12384819119379,59.138216056967224,9.123848191193781,9.138216056967218,12,1841,7.95270728767e-06,
2594,triangle,365,1151,945,,356689.47201352223,6948305.814931151,5371.775390625,59.00834835909686,59.10488323226019,9.008348359096857,9.104883232260189,12,1841,7.95270728767e-06,
2595,triangle,833,1500,1444,,361287.3761634827,6954318.5051829135,21436.2451171875,45.82249504940664,47.22952878537222,-4.177504950593355,-2.7704712146277815,65,1681,6.32455532034e-06,
2596,triangle,1185,1476,1377,,364863.48392148275,6955158.517820448,17815.16650390625,87.9324419279711,87.23716364881085,37.93244192797109,37.23716364881085,65,1681,6.32455532034e-06,
2597,triangle,1116,1470,1335,,363621.77664965484,6953385.464014289,18857.07568359375,77.2621400324619,80.91648506405255,27.262140032461897,30.91648506405257,65,1681,6.32455532034e-06,
2598,triangle,798,1438,1039,,358839.5755489899,6947125.7488572,13309.5302734375,90.81462463970772,90.83165831596943,40.814624639707716,40.83165831596945,12,1841,7.95270728767e-06,
2599,triangle,1380,1443,1161,,355910.89248107345,6951898.250942347,28480.841796875,88.21707684420528,87.22607676205405,38.21707684420528,37.22607676205405,65,1681,6.32455532034e-06,
2600,triangle,1040,1439,799,,358836.37245495856,6947517.848128495,11204.4375,88.64837831107371,86.62837592941769,38.64837831107372,36.62837592941768,12,1841,7.95270728767e-06,
2601,triangle,1034,1436,797,,357035.8361605697,6952003.859289676,12107.140625,61.86452360229733,58.23540437508461,11.864523602297336,8.235404375084608,12,1841,7.95270728767e-06,
2602,triangle,84,1563,1490,,364497.8444870839,6955845.041891801,1978.3857421875,32.52747586056937,32.897948070321945,-17.472524139430625,-17.10205192967805,12,1841,7.95270728767e-06,
2603,triangle,1490,1563,86,,364472.8444870839,6955870.041891801,2041.4453125,32.162352361807116,32.4979478160088,-17.837647638192887,-17.502052183991204,12,1841,7.95270728767e-06,
2604,triangle,1302,1303,875,,355763.9308101805,6955403.092217174,17290.6357421875,85.54713640214311,85.1761350699277,35.54713640214312,35.17613506992769,6,1721,1.189207115e-05,
2605,triangle,1237,1241,896,,359371.34866799944,6950353.172079004,17791.50341796875,74.1353407650774,73.10078357728541,24.13534076507741,23.10078357728541,12,1841,7.95270728767e-06,
2606,triangle,525,901,526,,361694.4238978503,6951324.031180336,8018.4619140625,102.16824358001332,101.61118868754528,52.168243580013325,51.61118868754528,65,1681,6.4990001739825e-06,
2607,triangle,38,1214,1027,,360268.3677560489,6953062.854428269,4228.876953125,30.616458425845522,30.65785611111076,-19.38354157415448,-19.342143888889243,12,1841,7.95270728767e-06,
2608,triangle,1049,1215,440,,359647.5267297616,6950506.406186593,4975.65625,57.60576343905465,56.00259734940806,7.6057634390546465,6.002597349408063,12,1841,7.95270728767e-06,
2609,triangle,1072,1228,762,,363048.72763569123,6948682.848426425,58381.96826171875,101.63562692120938,103.16765575357253,51.63562692120937,53.16765575357251,12,1841,7.95270728767e-06,
2610,triangle,526,1556,1337,,361542.43335502275,6951314.71501916,11437.90673828125,95.59616054832821,94.84324386936078,45.59616054832821,44.843243869360776,12,1841,7.95270728767e-06,
2611,triangle,747,1520,1504,,367125.76884058473,6952079.526604471,324587.36865234375,147.81414517093913,142.33971956187813,97.81414517093914,92.33971956187814,6,1721,1.189207115e-05,
2612,triangle,1286,1356,854,,358832.2233378594,6945165.117177576,62738.71875,122.59241222840475,122.36560936800235,72.59241222840475,72.36560936800234,18,2041,4.30886938006e-06,
2613,triangle,1052,1300,814,,361086.77920448314,6948934.762794086,9816.052734375,80.09060479888319,78.52249422341282,30.090604798883202,28.522494223412824,12,1841,7.95270728767e-06,
2614,triangle,865,1556,1311,,361381.1271036296,6951117.523072202,59776.16455078125,89.54675767548844,94.8905049342121,39.546757675488436,44.890504934212096,12,1841,7.95270728767e-06,
2615,triangle,1042,1424,801,,357314.1729560755,6948613.740702055,15268.8779296875,63.07446154971288,63.272689094975874,13.074461549712872,13.272689094975865,12,1841,7.95270728767e-06,
2616,triangle,780,1423,979,,359521.24858994625,6955619.275822184,16265.8974609375,97.71721470240689,97.88457479538847,47.71721470240689,47.884574795388495,65,1681,6.32455532034e-06,
2617,triangle,781,1425,983,,359010.7040468803,6956720.757601454,16070.20849609375,122.5823653805744,123.23439048433217,72.58236538057439,73.23439048433217,65,1681,6.32455532034e-06,
2618,triangle,782,1426,984,,359137.0573414105,6956388.459632501,14067.50390625,119.19307788805123,118.6786587566118,69.19307788805122,68.67865875661178,65,1681,6.32455532034e-06,
2619,triangle,933,1422,772,,358681.17932248855,6947880.502767363,15459.14453125,80.84775369559073,81.78306198764801,30.84775369559073,31.783061987648015,12,1841,7.95270728767e-06,
2620,triangle,934,1421,773,,358304.6853491199,6947884.3028187575,15171.8212890625,81.81814844823367,81.33221940544148,31.818148448233682,31.332219405441464,12,1841,7.95270728767e-06,
2621,triangle,777,1532,1492,,360102.41613260517,6949365.7628044365,14300.66796875,65.34072698682411,67.65015254791643,15.340726986824102,17.650152547916438,12,1841,7.95270728767e-06,
2622,triangle,1008,1490,1473,,364548.4962714307,6955966.320209575,8677.76318359375,39.33388495628542,37.16979463549283,-10.666115043714584,-12.83020536450717,12,1841,7.95270728767e-06,
2623,triangle,526,901,527,,361675.45663713734,6951265.518552433,3296.17919921875,102.66552446094414,102.15053538025565,52.66552446094414,52.150535380255654,65,1681,6.32455532034e-06,
2624,triangle,1346,1347,857,,359738.76457454165,6952686.399442743,19211.8642578125,37.155138431545026,38.012699264388054,-12.84486156845497,-11.987300735611946,12,1841,7.95270728767e-06,
2625,triangle,1386,1490,1008,,364602.0020687603,6955913.162211873,9608.80859375,43.59634983798177,40.79155819383359,-6.403650162018229,-9.208441806166418,12,1841,7.95270728767e-06,
2626,triangle,1036,1437,842,,356237.15204316116,6954329.466616643,8716.8564453125,80.86207355065378,80.36712235239769,30.86207355065377,30.367122352397672,6,1721,1.189207115e-05,
2627,triangle,747,1504,1503,,367473.09007643507,6952282.292790078,280785.12109375,156.12887989680894,148.97662400758344,106.12887989680895,98.97662400758344,6,1721,1.189207115e-05,
2628,triangle,1214,1562,41,,360343.01209929446,6953108.099005048,1257.2275390625,29.786299063269556,29.739741337360552,-20.213700936730447,-20.260258662639448,12,1841,7.95270728767e-06,
2629,triangle,402,1567,1215,,359580.3619160289,6950556.947533321,1209.966796875,48.689990272518244,49.021872987418675,-1.3100097274817615,-0.9781270125813238,12,1841,7.95270728767e-06,
2630,triangle,366,1564,1151,,356658.3878595576,6948381.841951991,1348.51025390625,58.47153571515703,58.45104750477791,8.471535715157032,8.451047504777911,12,1841,7.95270728767e-06,
2631,triangle,471,1569,1152,,359283.52097630297,6955659.728251978,2085.44140625,78.24289306193036,78.88712213469032,28.24289306193036,28.887122134690316,65,1681,6.32455532034e-06,
2632,triangle,1473,1535,1135,,364474.59466019465,6956093.750247742,12299.287109375,23.588723731272335,25.717035356124153,-26.41127626872767,-24.282964643875847,12,1841,7.95270728767e-06,
2633,triangle,508,1364,507,,363708.15951615135,6956551.371969285,59132.248046875,97.77525985757603,96.9641510357546,47.77525985757603,46.96415103575461,12,1841,7.95270728767e-06,
2634,triangle,685,1311,527,,361653.4228700392,6950919.298650515,62347.39892578125,108.9274272476679,106.60755235072459,58.92742724766789,56.6075523507246,12,1841,7.778262434027501e-06,
2635,triangle,527,1420,685,,361760.3769638203,6950948.30256904,38385.09716796875,106.21296322526183,105.36137431291536,56.212963225261845,55.36137431291536,65,1681,6.55714845853e-06,
2636,triangle,686,1188,528,,361890.4275025581,6949918.99443952,27085.49853515625,91.12643750906706,91.43170177855285,41.12643750906707,41.43170177855285,12,1841,7.4293727267425005e-06,
2637,triangle,688,529,531,,361930.3029701861,6948760.560230485,26029.30029296875,98.3308469644756,99.15043736867244,48.3308469644756,49.15043736867242,65,1681,6.7315933121724995e-06,
2638,triangle,688,531,530,,361862.850312548,6948537.235531854,26029.2998046875,108.49924643234351,104.25301494761828,58.49924643234351,54.25301494761829,65,1681,6.9641864503624995e-06,
2639,triangle,532,1359,533,,362738.37388782966,6949235.793323147,112449.6318359375,95.5674691058156,100.19276252534223,45.56746910581561,50.19276252534223,65,1681,6.3827036048875e-06,
2640,triangle,537,536,569,,362801.12874847074,6948095.830535185,89013.451171875,116.78600676617876,104.61823495762265,66.78600676617876,54.61823495762266,52,1561,1.1469996450464645e-05,
2641,triangle,537,1103,536,,362755.207202916,6948257.217971548,84578.45068359375,123.17146161524532,112.02233962690114,73.17146161524532,62.022339626901136,12,1841,8.093398854181786e-06,
2642,triangle,556,555,568,,366780.4589121372,6952966.342068634,57211.01220703125,123.65594039057325,131.6974771219818,73.65594039057324,81.69747712198178,12,1841,7.603817580385e-06,
2643,triangle,556,1343,555,,366770.216512766,6953117.480076469,100686.54150390625,130.77707476682033,137.40911168267863,80.77707476682033,87.40911168267864,65,1681,6.4408518894350004e-06,
2644,triangle,335,425,334,,358325.0,6948725.0,2812.5,66.29999966091582,66.16666666666667,16.299999660915816,16.166666666666668,12,1841,7.95270728767e-06,
2645,triangle,356,367,357,,356650.0,6948475.0,2812.5,57.655555725097656,57.59999974568685,7.655555725097653,7.599999745686849,12,1841,7.95270728767e-06,
2646,triangle,357,367,358,,356600.0,6948500.0,2812.5,57.31111102634007,57.233333587646484,7.311111026340069,7.233333587646484,12,1841,7.95270728767e-06,
2647,triangle,687,427,426,,361819.5156812717,6949593.506192581,16988.5673828125,86.04957991208673,85.29008888922691,36.04957991208673,35.2900888892269,12,1841,7.95270728767e-06,
2648,triangle,687,426,686,,361890.4430032807,6949627.118947077,23734.70068359375,86.62984298943226,87.21866552232798,36.629842989432255,37.21866552232799,12,1841,7.5456692958375e-06,
2649,triangle,687,969,427,,361783.17817210546,6949518.498667949,19801.09765625,85.71767123752849,85.45219768219899,35.71767123752848,35.45219768219899,12,1841,7.95270728767e-06,
2650,triangle,451,973,665,,359048.64746717614,6955622.097594067,10048.3212890625,85.66382748593367,90.80074120016236,35.66382748593366,40.80074120016237,65,1681,6.32455532034e-06,
2651,triangle,453,472,454,,359300.0,6955550.0,2812.5,76.36666531032985,75.93333180745442,26.366665310329847,25.933331807454426,65,1681,6.32455532034e-06,
2652,triangle,465,491,464,,359650.0,6956150.0,2812.5,88.55555555555554,87.83333333333333,38.555555555555536,37.833333333333336,65,1681,6.32455532034e-06,
2653,triangle,670,494,671,,359091.1439475503,6946116.294184823,37911.55078125,100.26568124256823,103.72308874573861,50.265681242568235,53.72308874573861,18,2041,4.959554720704643e-06,
2654,triangle,692,495,672,,359308.1299624164,6945420.620527915,76434.41064453125,129.26319686026318,127.28094776948326,79.26319686026318,77.28094776948326,12,1841,8.234090420693573e-06,
2655,triangle,507,883,508,,363505.0263160852,6956566.821600725,133721.9560546875,111.60271723939536,104.12617431329006,61.60271723939536,54.12617431329005,65,1681,6.32455532034e-06,
2656,triangle,516,515,681,,357391.3372839508,6958497.1498833215,86770.3779296875,169.44294328949442,169.10280761651964,119.44294328949445,119.10280761651966,65,1681,6.3827036048875e-06,
2657,triangle,531,996,530,,361996.90459850925,6948452.658617538,117448.078125,123.23346293847305,111.75595858496848,73.23346293847304,61.75595858496848,12,1841,7.95270728767e-06,
2658,triangle,533,762,532,,362765.57782346406,6949007.840964414,123872.75390625,97.40493969446129,100.74158314498156,47.40493969446129,50.74158314498154,12,1841,7.8945590031225e-06,
2659,triangle,567,556,568,,366627.53403615527,6952860.170399572,37159.607421875,117.69944783359699,122.15835501479968,67.69944783359699,72.15835501479968,12,1841,8.515473553717143e-06,
2660,triangle,561,560,562,,364049.0732146702,6951902.027778911,120268.2451171875,92.77805865255378,98.38419623530649,42.77805865255378,48.38419623530649,12,1841,7.778262434027501e-06,
2661,triangle,162,1572,4,,357652.8188501173,6952418.100850164,7661.345703125,40.48877302179229,40.348136543015414,-9.511226978207706,-9.651863456984586,12,1841,7.95270728767e-06,
2662,triangle,649,1575,650,,357035.213128251,6952397.845449366,19221.83544921875,70.28328072826692,67.95046404737504,20.283280728266927,17.950464047375032,12,1841,7.603817580385e-06,
2663,triangle,161,1572,162,,357602.8188501173,6952443.100850164,10790.96630859375,41.6246746687,41.14813705164172,-8.375325331300004,-8.851862948358283,12,1841,7.95270728767e-06,
2664,triangle,134,1581,152,,356784.7309351982,6952147.281628679,20893.68701171875,61.560934187936084,62.96361336507968,11.560934187936084,12.963613365079679,12,1841,7.8945590031225e-06,
2665,triangle,142,1576,143,,356237.5,6951562.5,5625.0,62.87499968210858,61.98333326975504,12.874999682108578,11.983333269755045,12,1841,7.95270728767e-06,
2666,triangle,158,1578,159,,357287.5,6952387.5,5625.0,48.14166736602786,48.758334159851074,-1.8583326339721342,-1.2416658401489258,12,1841,7.95270728767e-06,
2667,triangle,152,1581,153,,356888.00615199533,6952126.751654535,4358.869140625,52.381989665856764,53.43318740755932,2.381989665856758,3.4331874075593234,12,1841,7.95270728767e-06,
2668,triangle,650,1581,134,,356799.1825015896,6952249.989821915,20890.75390625,64.95842788459258,70.0900812989092,14.958427884592583,20.090081298909194,12,1841,7.72011414948e-06,
2669,triangle,152,1574,134,,356729.90827530803,6952080.867789678,13732.15673828125,66.88040334342398,64.89193010617554,16.880403343423975,14.891930106175538,12,1841,7.95270728767e-06,
2670,triangle,134,1574,651,,356568.6897117317,6952048.000328467,35328.63818359375,75.62549655401743,72.42269969992759,25.625496554017438,22.42269969992759,12,1841,7.836410718575001e-06,
2671,triangle,1574,1583,651,,356579.1631705092,6951940.906475871,23071.90478515625,69.59097279346462,67.0107920703905,19.59097279346462,17.01079207039049,12,1841,7.95270728767e-06,
2672,triangle,4,1572,5,,357702.8188501173,6952443.100850164,7344.224609375,40.257816328345115,40.18146987634875,-9.742183671654878,-9.818530123651252,12,1841,7.95270728767e-06,
2673,triangle,648,1579,159,,357418.970594919,6952551.043509186,12297.296875,52.83108880119851,49.226697097842894,2.8310888011985087,-0.7733029021571035,12,1841,7.95270728767e-06,
2674,triangle,1573,1577,145,,356466.0147504033,6951720.538460877,5487.4541015625,59.338668433009175,60.0086141861533,9.338668433009179,10.008614186153304,12,1841,7.95270728767e-06,
2675,triangle,143,1576,652,,356204.9599258757,6951637.219976724,17220.37255859375,70.66142385653978,68.37995874219997,20.661423856539784,18.379958742199964,12,1841,7.95270728767e-06,
2676,triangle,159,1578,649,,357241.4009994821,6952445.365496305,13242.7392578125,58.08907966794811,57.06783450664816,8.089079667948111,7.067834506648164,12,1841,7.95270728767e-06,
2677,triangle,159,1579,160,,357437.5,6952470.346187272,5101.4462890625,46.5974386055148,45.31305355615576,-3.402561394485199,-4.686946443844241,12,1841,7.95270728767e-06,
2678,triangle,652,1573,143,,356287.25015292567,6951692.112062643,15404.4599609375,69.64754143641677,67.23736802601854,19.647541436416773,17.23736802601853,12,1841,7.95270728767e-06,
2679,triangle,5,1572,6,,357752.8188501173,6952493.100850164,7344.2255859375,40.15281522952602,39.848136543015414,-9.84718477047398,-10.151863456984586,12,1841,7.95270728767e-06,
2680,triangle,224,1572,223,,357752.8188501173,6952643.100850164,8896.533203125,42.47562708969357,42.414803463995234,-7.524372910306435,-7.585196536004768,12,1841,7.95270728767e-06,
2681,triangle,145,1577,146,,356521.2245233534,6951703.146374959,3166.466796875,57.42086840811134,57.501204965913026,7.420868408111337,7.5012049659130255,12,1841,7.95270728767e-06,
2682,triangle,132,1580,133,,357660.3664424715,6952786.904073347,3946.62451171875,44.20063809861905,44.814505592116205,-5.799361901380951,-5.18549440788379,12,1841,7.603817580385e-06,
2683,triangle,653,1584,135,,355947.88871003006,6951525.300704904,5824.87744140625,64.66073548465194,67.31006358536594,14.660735484651939,17.31006358536593,12,1841,7.603817580385e-06,
2684,triangle,651,1583,1577,,356517.20420175744,6951858.715035294,19480.37548828125,67.03725943706522,65.78382545804222,17.037259437065224,15.78382545804221,12,1841,7.95270728767e-06,
2685,triangle,139,1584,140,,356040.24213868706,6951469.788325162,2226.1865234375,62.094855946483506,62.104946020105324,12.094855946483504,12.104946020105322,12,1841,7.95270728767e-06,
2686,triangle,651,1573,652,,356301.03158934927,6951809.244601432,25810.5146484375,73.53565271626582,72.36813736545744,23.535652716265815,22.36813736545743,12,1841,7.95270728767e-06,
2687,triangle,652,1576,653,,356092.4505684825,6951634.98339516,14231.19140625,73.32014448853818,72.55240386307166,23.320144488538173,22.55240386307165,12,1841,7.8945590031225e-06,
2688,triangle,133,1579,648,,357483.1188550291,6952667.306673716,14141.51025390625,48.859674161114796,49.976364428990166,-1.1403258388852013,-0.023635571009826755,12,1841,7.836410718575001e-06,
2689,triangle,651,1577,1573,,356429.79618682695,6951812.670999666,17589.79345703125,65.16544120798406,66.13938352559221,15.165441207984049,16.139383525592205,12,1841,7.95270728767e-06,
2690,triangle,135,1584,138,,355935.3980674233,6951477.537286468,3189.03662109375,63.92285541653141,64.13761846449425,13.92285541653141,14.137618464494244,12,1841,7.95270728767e-06,
2691,triangle,649,1578,1575,,357133.2615618597,6952407.63725613,10293.2705078125,63.87533181824949,62.3489966857501,13.875331818249498,12.348996685750103,12,1841,7.95270728767e-06,
2692,triangle,160,1579,161,,357487.5,6952470.346187272,5101.44580078125,44.57192480362653,44.246386635175945,-5.428075196373471,-5.7536133648240595,12,1841,7.95270728767e-06,
2693,triangle,144,1573,145,,356419.7902270499,6951667.392085918,5355.208984375,59.33742968520913,59.407409474553425,9.337429685209122,9.40740947455343,12,1841,7.95270728767e-06,
2694,triangle,150,1574,151,,356783.18349210516,6951960.337815534,5867.361328125,55.25554409940458,56.56150491159463,5.255544099404582,6.5615049115946364,12,1841,7.95270728767e-06,
2695,triangle,155,1575,156,,357091.8605623776,6952262.271759824,5108.75927734375,52.50341740536869,52.78116345066769,2.5034174053686935,2.7811634506676945,12,1841,7.95270728767e-06,
2696,triangle,1572,1582,6,,357777.113226948,6952541.68691796,4950.20458984375,40.758567984059376,40.326464668094516,-9.241432015940628,-9.673535331905486,12,1841,7.95270728767e-06,
2697,triangle,1572,1580,223,,357707.17794129805,6952680.600850164,6532.71533203125,43.25396379657423,43.115400408442184,-6.7460362034257635,-6.884599591557815,12,1841,7.95270728767e-06,
2698,triangle,224,1582,1572,,357777.1132269481,6952591.68691796,5506.78857421875,41.87237756535115,41.559798255741,-8.127622434648849,-8.440201744259001,12,1841,7.95270728767e-06,
2699,triangle,140,1576,141,,356137.5,6951487.5,4218.75,61.47500038146973,62.35000069936117,11.475000381469727,12.350000699361166,12,1841,7.95270728767e-06,
2700,triangle,143,1573,144,,356369.7902270499,6951642.392085918,4769.1103515625,60.920645121947025,60.407409474553425,10.920645121947027,10.40740947455343,12,1841,7.95270728767e-06,
2701,triangle,146,1577,147,,356571.2245233534,6951703.146374959,3166.4677734375,56.513475344640796,56.73453855355951,6.513475344640796,6.73453855355951,12,1841,7.95270728767e-06,
2702,triangle,151,1574,152,,356808.18349210516,6952010.337815534,4704.35693359375,56.25651029721219,56.49483799061482,6.256510297212186,6.494837990614819,12,1841,7.95270728767e-06,
2703,triangle,154,1575,155,,357041.8605623776,6952237.271759824,4193.0732421875,53.305534861233376,53.447830117334355,3.3055348612333795,3.447830117334361,12,1841,7.95270728767e-06,
2704,triangle,156,1578,157,,357187.5,6952312.5,4218.75,50.89999961853027,51.39166673024496,0.8999996185302734,1.3916667302449544,12,1841,7.95270728767e-06,
2705,triangle,153,1581,154,,356938.00615199533,6952176.751654535,4358.86865234375,53.839345128305744,52.566521249518956,3.839345128305742,2.5665212495189587,12,1841,7.95270728767e-06,
2706,triangle,1572,1579,133,,357579.4671102275,6952629.710201965,21114.2236328125,45.69827008663567,46.34419050933863,-4.301729913364333,-3.6558094906613676,12,1841,7.95270728767e-06,
2707,triangle,141,1576,142,,356187.5,6951512.5,5625.0,61.14444510142009,61.8833335240682,11.14444510142009,11.883333524068197,12,1841,7.95270728767e-06,
2708,triangle,147,1577,148,,356621.2245233534,6951728.146374959,6403.7080078125,56.42003443133737,56.30120547453933,6.420034431337371,6.301205474539327,12,1841,7.95270728767e-06,
2709,triangle,157,1578,158,,357237.5,6952337.5,5625.0,49.04444366031222,50.15833314259847,-0.9555563396877835,0.15833314259847006,12,1841,7.95270728767e-06,
2710,triangle,133,1580,1572,,357646.32620140817,6952696.864014693,12583.771484375,44.2440736423584,44.431734660569276,-5.7559263576415995,-5.56826533943072,12,1841,7.95270728767e-06,
2711,triangle,148,1583,149,,356707.19824198034,6951813.436121547,6326.76123046875,55.80438320036452,56.58518423171048,5.804383200364512,6.5851842317104685,12,1841,7.95270728767e-06,
2712,triangle,149,1583,150,,356732.19824198034,6951863.436121547,4815.1982421875,56.00324677133015,56.18518397739732,6.003246771330147,6.185183977397318,12,1841,7.95270728767e-06,
2713,triangle,140,1584,1576,,356077.74213868706,6951507.288325162,6978.482421875,63.20143987546274,63.78827878123406,13.201439875462741,13.788278781234064,12,1841,7.95270728767e-06,
2714,triangle,161,1579,1572,,357565.3188501173,6952513.447037436,13202.5234375,44.413554158471015,44.52785625721154,-5.5864458415289855,-5.472143742788462,12,1841,7.95270728767e-06,
2715,triangle,154,1581,1575,,356979.86671437294,6952239.0234143585,6337.6181640625,56.67995304916054,56.11435111254017,6.679953049160537,6.114351112540169,12,1841,7.95270728767e-06,
2716,triangle,1575,1578,156,,357129.3605623776,6952324.771759824,6282.56640625,55.66352256905724,55.27282992659949,5.663522569057244,5.272829926599498,12,1841,7.95270728767e-06,
2717,triangle,150,1583,1574,,356715.3817340855,6951923.773937081,7681.4306640625,59.64831750117113,59.54668939761826,9.648317501171135,9.546689397618257,12,1841,7.95270728767e-06,
2718,triangle,225,1582,224,,357849.29437683075,6952598.586067796,3050.9501953125,40.390432986379835,40.34499555468522,-9.609567013620168,-9.655004445314779,12,1841,7.95270728767e-06,
2719,triangle,223,1580,222,,357729.35909118067,6952762.5,2322.10205078125,43.1339300234678,43.13393002346714,-6.866069976532204,-6.866069976532864,12,1841,7.95270728767e-06,
2720,triangle,1576,1584,653,,356040.2327812938,6951555.051743598,6168.4951171875,67.64106653230483,67.66072339347944,17.641066532304833,17.660723393479447,12,1841,7.95270728767e-06,
2721,triangle,1575,1581,650,,356944.31828076433,6952291.7316075945,12118.01904296875,65.43866485316526,64.10748520441005,15.43866485316527,14.107485204410048,12,1841,7.95270728767e-06,
2722,triangle,138,1584,139,,355990.24213868706,6951469.788325162,2226.1865234375,62.77600560106991,62.80494551147902,12.776005601069913,12.80494551147902,12,1841,7.95270728767e-06,
2723,triangle,222,1580,132,,357721.2181823614,6952795.64090882,1214.0869140625,43.35207203151109,43.631503910382996,-6.647927968488915,-6.368496089617004,12,1841,7.95270728767e-06,
2724,triangle,135,137,136,,355864.1759277091,6951463.728962333,78.1708984375,65.36611416686966,65.34330212229325,15.366114166869668,15.343302122293238,12,1841,7.95270728767e-06,
2725,triangle,1577,1583,148,,356628.42276533373,6951791.582496505,9049.09423828125,59.20061376536675,58.71972303958313,9.200613765366747,8.71972303958313,12,1841,7.95270728767e-06,
2726,triangle,6,1585,7,,357862.32359420764,6952512.146516949,1366.48291015625,37.74886549734058,37.748789313046984,-12.251134502659419,-12.251210686953016,12,1841,7.95270728767e-06,
2727,triangle,7,1585,225,,357887.32359420764,6952537.146516949,1426.095703125,38.28196409105429,38.28212340931977,-11.718035908945708,-11.717876590680229,12,1841,7.95270728767e-06,
2728,triangle,1582,1585,6,,357836.6179710384,6952535.732584745,1346.5615234375,38.811407534410876,38.82711718381294,-11.188592465589121,-11.172882816187068,12,1841,7.95270728767e-06,
2729,triangle,225,1585,1582,,357861.6179710384,6952560.732584745,1406.1748046875,39.34356411788828,39.36045128008572,-10.656435882111726,-10.639548719914279,12,1841,7.95270728767e-06,
2730,triangle,135,138,137,,355895.15592873626,6951457.748961306,871.75830078125,64.67584989495971,64.53267244438892,14.675849894959715,14.532672444388924,12,1841,7.95270728767e-06,
2731,triangle,648,159,649,,357310.3715944011,6952538.562818219,26775.7119140625,58.47175922578554,55.923144651423684,8.471759225785538,5.92314465142368,12,1841,7.778262434027501e-06,
2732,triangle,224,1589,225,,357866.7439116564,6952657.297211327,5517.12646484375,41.40495117714489,41.285499115470195,-8.595048822855112,-8.714500884529807,12,1841,7.95270728767e-06,
2733,triangle,640,1586,641,,359113.09316491924,6953205.4784122035,17576.96044921875,42.150110975175636,44.68438416255275,-7.849889024824369,-5.3156158374472495,12,1841,7.836410718575001e-06,
2734,triangle,10,1590,11,,358112.5,6952612.5,5625.0,39.1666660308838,38.933334032694496,-10.8333339691162,-11.066665967305502,12,1841,7.95270728767e-06,
2735,triangle,27,1592,28,,359388.45825624996,6952917.352962598,6063.154296875,34.95048766793981,36.01366905407732,-15.049512332060187,-13.986330945922687,12,1841,7.95270728767e-06,
2736,triangle,18,1588,19,,358760.5700493229,6952789.613825541,7269.05517578125,35.541321022666985,36.52428588375269,-14.45867897733302,-13.475714116247309,12,1841,7.95270728767e-06,
2737,triangle,1592,1601,28,,359372.67950019194,6953014.402842697,21356.60400390625,43.4600699262007,42.04408898347404,-6.539930073799295,-7.955911016525964,12,1841,7.95270728767e-06,
2738,triangle,15,1595,16,,358562.5,6952776.88196038,5836.720703125,38.861544514067724,38.366139650172784,-11.13845548593227,-11.633860349827215,12,1841,7.95270728767e-06,
2739,triangle,17,1595,18,,358662.5,6952776.88196038,5836.720703125,36.65634011732751,37.53280631683945,-13.343659882672487,-12.467193683160547,12,1841,7.95270728767e-06,
2740,triangle,19,1596,20,,358862.5,6952776.88196038,5836.720703125,35.06798752019324,35.789079565964414,-14.932012479806751,-14.210920434035586,12,1841,7.95270728767e-06,
2741,triangle,21,1596,22,,358962.5,6952776.88196038,5836.720703125,34.965835022869825,35.95574623263108,-15.034164977130175,-14.04425376736892,12,1841,7.95270728767e-06,
2742,triangle,640,1601,1586,,359222.9145736079,6953180.890002102,22720.7841796875,49.601038120651765,47.30830963868627,-0.3989618793482276,-2.6916903613137353,12,1841,7.95270728767e-06,
2743,triangle,231,1593,230,,359665.1865259057,6953036.478350092,3916.515625,34.86583519610898,34.55975301459826,-15.134164803891018,-15.440246985401743,12,1841,7.95270728767e-06,
2744,triangle,641,1586,642,,358989.5092419476,6953165.907458606,17581.40771484375,44.81508506850475,44.46160923039161,-5.184914931495244,-5.53839076960839,12,1841,7.836410718575001e-06,
2745,triangle,230,1603,229,,359675.92264585756,6953160.2899289755,2708.7021484375,36.712461569533076,36.6775341446538,-13.287538430466928,-13.322465855346202,12,1841,7.95270728767e-06,
2746,triangle,643,1595,644,,358577.3385957873,6953021.230751007,21114.4638671875,50.21081356223822,50.91650745982616,0.21081356223822492,0.9165074598261557,12,1841,7.6619658649325e-06,
2747,triangle,647,1589,222,,357845.39833652484,6952810.224676706,9520.35546875,44.073223348360955,45.59739744934589,-5.926776651639041,-4.402602550654105,12,1841,7.836410718575001e-06,
2748,triangle,28,1601,1587,,359454.28570729407,6953078.1517177895,16800.3232421875,41.27326885233918,40.7314381560744,-8.726731147660827,-9.268561843925609,12,1841,7.95270728767e-06,
2749,triangle,645,1600,646,,358230.17729047436,6952928.849516928,15891.53173828125,53.90175814135355,53.10075947404519,3.901758141353551,3.1007594740451947,12,1841,7.8945590031225e-06,
2750,triangle,1586,1601,1592,,359250.18884847825,6953056.821700142,26536.3095703125,50.097541660227506,44.85581879943669,0.0975416602275062,-5.144181200563314,12,1841,7.95270728767e-06,
2751,triangle,647,1594,1589,,357967.1238513452,6952804.017597291,15806.974609375,48.82607076170054,45.7343881760176,-1.173929238299459,-4.2656118239823995,12,1841,7.95270728767e-06,
2752,triangle,642,1596,1588,,358835.67010773084,6952993.346096882,21934.4794921875,45.08425541192188,44.123417331862676,-4.91574458807812,-5.876582668137321,12,1841,7.8945590031225e-06,
2753,triangle,646,1594,647,,358040.8187913762,6952869.430915579,15550.37060546875,51.108082143225445,48.76689406557373,1.108082143225448,-1.2331059344262647,12,1841,7.778262434027501e-06,
2754,triangle,16,1595,17,,358612.5,6952776.88196038,5836.72021484375,37.65198249649014,37.966139395859635,-12.348017503509858,-12.033860604140365,12,1841,7.95270728767e-06,
2755,triangle,20,1596,21,,358912.5,6952776.88196038,5836.72021484375,35.06434273240528,35.95574623263108,-14.935657267594715,-14.04425376736892,12,1841,7.95270728767e-06,
2756,triangle,1586,1596,642,,358952.60940669425,6953046.151128787,36588.33935546875,46.26605135505675,43.844194343092816,-3.733948644943251,-6.155805656907183,12,1841,7.95270728767e-06,
2757,triangle,642,1588,643,,358748.99034526036,6953073.532858029,21846.4111328125,49.46543639660081,48.152139034873564,-0.5345636033991907,-1.847860965126437,12,1841,7.72011414948e-06,
2758,triangle,1596,1599,22,,359020.5846577909,6952814.70750044,14107.29541015625,35.85604399850499,37.80282310458252,-14.143956001495013,-12.197176895417476,12,1841,7.95270728767e-06,
2759,triangle,1589,1590,225,,357929.2439116564,6952644.797211327,10133.30859375,42.00622042345111,41.25216597287172,-7.993779576548889,-8.747834027128276,12,1841,7.95270728767e-06,
2760,triangle,11,1594,12,,358196.7255148205,6952718.792920585,8107.5830078125,39.40051183543372,39.236990472358556,-10.599488164566278,-10.763009527641444,12,1841,7.95270728767e-06,
2761,triangle,222,1589,223,,357791.7439116564,6952757.297211327,4696.1904296875,42.87225157104896,42.91883168586407,-7.127748428951037,-7.081168314135926,12,1841,7.95270728767e-06,
2762,triangle,131,1601,640,,359318.41195670894,6953274.687744345,16623.3359375,52.313412896353015,51.00016493504119,2.3134128963530114,1.0001649350411885,12,1841,7.72011414948e-06,
2763,triangle,1589,1594,1590,,358000.9694264768,6952713.59013191,18490.2822265625,46.162638898483316,42.62248901562416,-3.8373611015166875,-7.377510984375841,12,1841,7.95270728767e-06,
2764,triangle,1590,1594,11,,358109.2255148205,6952681.292920585,13907.19873046875,40.51169737603206,40.60365758407324,-9.488302623967934,-9.396342415926764,12,1841,7.95270728767e-06,
2765,triangle,639,1602,131,,359482.4820205134,6953340.094730735,9044.56103515625,48.33470231047352,47.409267228303655,-1.6652976895264877,-2.5907327716963384,12,1841,7.5456692958375e-06,
2766,triangle,644,1591,645,,358393.96626321896,6952978.995353331,16525.49951171875,56.24776018045287,55.284103944647484,6.247760180452867,5.2841039446474944,12,1841,7.603817580385e-06,
2767,triangle,1591,1595,15,,358515.20946617407,6952826.098796512,13509.486328125,44.31740816692027,43.17616521369274,-5.68259183307973,-6.823834786307253,12,1841,7.95270728767e-06,
2768,triangle,646,1600,1594,,358174.6643665077,6952855.143989414,16520.30224609375,48.826456909742014,47.96290426399465,-1.173543090257978,-2.03709573600535,12,1841,7.95270728767e-06,
2769,triangle,18,1595,1588,,358698.0700493229,6952841.495785921,13371.3603515625,38.487283745533645,39.79042578823863,-11.512716254466358,-10.209574211761371,12,1841,7.95270728767e-06,
2770,triangle,1588,1596,19,,358823.0700493229,6952841.495785921,14272.5263671875,38.0533588992414,38.58003186207062,-11.946641100758598,-11.419968137929379,12,1841,7.95270728767e-06,
2771,triangle,12,1600,13,,358312.5,6952763.640539215,4347.06103515625,41.29285495593833,40.97457570758959,-8.707145044061669,-9.025424292410415,12,1841,7.95270728767e-06,
2772,triangle,227,1602,639,,359559.4752891259,6953328.878131048,6399.0166015625,41.77774273264691,42.605682878925535,-8.222257267353095,-7.394317121074459,12,1841,7.836410718575001e-06,
2773,triangle,8,1590,9,,358012.5,6952537.5,4218.75,38.22499942779541,38.49999968210856,-11.77500057220459,-11.50000031789144,12,1841,7.95270728767e-06,
2774,triangle,25,1592,26,,359288.45825624996,6952842.352962598,4764.7080078125,36.247381096202695,36.61367007132992,-13.752618903797302,-13.386329928670081,12,1841,7.95270728767e-06,
2775,triangle,29,1593,30,,359590.1865259057,6952911.478350092,4103.814453125,32.58503234333641,32.8264187911689,-17.414967656663595,-17.173581208831106,12,1841,7.95270728767e-06,
2776,triangle,232,1593,231,,359665.1865259057,6952986.478350092,3916.51611328125,33.93472186953886,33.82641942695177,-16.065278130461145,-16.173580573048227,12,1841,7.95270728767e-06,
2777,triangle,223,1589,224,,357816.7439116564,6952707.297211327,5517.12646484375,42.44273921514446,42.38549886115704,-7.557260784855539,-7.614501138842957,12,1841,7.95270728767e-06,
2778,triangle,230,1593,1587,,359610.25098925777,6953067.580187783,10478.85205078125,35.955152821358354,36.327438162255746,-14.044847178641646,-13.672561837744256,12,1841,7.95270728767e-06,
2779,triangle,9,1590,10,,358062.5,6952562.5,5625.0,38.82499885559081,39.06666660308838,-11.175001144409185,-10.933333396911621,12,1841,7.95270728767e-06,
2780,triangle,24,1599,25,,359183.0846577909,6952787.825540061,6158.349609375,37.0152829746951,36.847076871951444,-12.984717025304903,-13.152923128048556,12,1841,7.95270728767e-06,
2781,triangle,26,1592,27,,359338.45825624996,6952867.352962598,6063.154296875,34.273205421580585,36.14700289603695,-15.726794578419415,-13.85299710396305,12,1841,7.95270728767e-06,
2782,triangle,28,1593,29,,359540.1865259057,6952936.478350092,5812.298828125,32.74097454466706,33.0597517430325,-17.259025455332935,-16.940248256967497,12,1841,7.95270728767e-06,
2783,triangle,644,1595,1591,,358504.22782443184,6952938.378865614,16832.00146484375,51.03972653349699,50.07539842103748,1.039726533496991,0.07539842103748251,12,1841,7.95270728767e-06,
2784,triangle,15,1597,1591,,358445.75135940895,6952786.788311201,5816.93359375,43.862454876050876,42.68957772888132,-6.137545123949124,-7.310422271118678,12,1841,7.95270728767e-06,
2785,triangle,1588,1595,643,,358673.89028685243,6952973.564507446,16582.455078125,45.345627024791014,45.874893469567446,-4.654372975208993,-4.1251065304325545,12,1841,7.95270728767e-06,
2786,triangle,22,1599,1598,,359086.2096577909,6952765.950540061,4322.0419921875,35.19023616580516,35.89863965805374,-14.809763834194841,-14.101360341946261,12,1841,7.95270728767e-06,
2787,triangle,13,1600,1597,,358355.54189323477,6952776.212014285,3844.3134765625,42.061806706735645,42.48746171491058,-7.938193293264357,-7.512538285089419,12,1841,7.95270728767e-06,
2788,triangle,228,1603,227,,359650.92264585756,6953260.2899289755,4363.5859375,38.128406364066315,37.87753363602749,-11.871593635933687,-12.122466363972505,12,1841,7.95270728767e-06,
2789,triangle,1594,1600,12,,358234.2255148205,6952782.433459799,10320.59765625,44.8796397966673,43.04489951328147,-5.120360203332702,-6.9551004867185275,12,1841,7.95270728767e-06,
2790,triangle,1587,1603,230,,359620.98710920964,6953141.391766666,8062.89794921875,37.39661928217197,37.7118857046648,-12.60338071782803,-12.2881142953352,12,1841,7.95270728767e-06,
2791,triangle,229,1603,228,,359675.92264585756,6953210.2899289755,2708.70263671875,37.42338852222998,37.44420055700731,-12.576611477770022,-12.555799442992686,12,1841,7.95270728767e-06,
2792,triangle,1587,1593,28,,359535.25098925777,6953017.580187783,9109.0400390625,35.27913889528631,35.39410381166981,-14.720861104713691,-14.605896188330194,12,1841,7.95270728767e-06,
2793,triangle,25,1599,1592,,359221.54291404085,6952855.178502659,8765.3173828125,41.295464003510524,38.79408027661469,-8.704535996489474,-11.205919723385307,12,1841,7.95270728767e-06,
2794,triangle,131,1602,1601,,359417.6993871227,6953263.904215946,12714.88525390625,50.94879644897651,49.61138617863435,0.9487964489765134,-0.3886138213656584,12,1841,7.95270728767e-06,
2795,triangle,13,1597,14,,358393.04189323477,6952712.571475069,3444.00341796875,38.10777527030312,39.146218577714876,-11.892224729696885,-10.853781422285124,12,1841,7.95270728767e-06,
2796,triangle,14,1597,15,,358443.04189323477,6952712.571475069,5009.578125,38.11218353497901,38.81288524438154,-11.887816465020988,-11.187114755618458,12,1841,7.95270728767e-06,
2797,triangle,22,1598,23,,359078.125,6952703.125,3515.625,33.672744108570946,33.78489637374878,-16.327255891429058,-16.21510362625122,12,1841,7.95270728767e-06,
2798,triangle,1592,1599,1586,,359174.05226232717,6952947.597360104,20573.96826171875,46.77151253733521,41.33914240865807,-3.2284874626647797,-8.660857591341925,12,1841,7.95270728767e-06,
2799,triangle,23,1598,24,,359128.125,6952703.125,2812.5,35.12708365917205,35.151562531789146,-14.872916340827945,-14.848437468210856,12,1841,7.95270728767e-06,
2800,triangle,1591,1600,645,,358342.4479049611,6952905.355823445,10233.57177734375,52.50600386009744,52.39278054116513,2.5060038600974313,2.3927805411651293,12,1841,7.95270728767e-06,
2801,triangle,1586,1599,1596,,359048.0940060772,6952932.126357886,24928.64208984375,40.81865343848139,40.314552411918875,-9.18134656151861,-9.685447588081127,12,1841,7.95270728767e-06,
2802,triangle,227,1603,1602,,359586.3940576509,6953265.927665134,7143.9638671875,40.57863113047146,40.85491502726069,-9.421368869528546,-9.145084972739307,12,1841,7.95270728767e-06,
2803,triangle,1597,1600,1591,,358383.25135940895,6952825.428850416,6170.5947265625,46.79463881427148,46.697487532743686,-3.205361185728519,-3.3025124672563066,12,1841,7.95270728767e-06,
2804,triangle,8,1604,1590,,357976.5943877551,6952551.594387755,2633.13134765625,38.78952581264058,38.86006629486895,-11.210474187359418,-11.139933705131051,12,1841,7.95270728767e-06,
2805,triangle,1593,1605,30,,359625.23315738206,6952926.847937614,2327.91015625,32.79888992540242,32.90314536509072,-17.201110074597576,-17.09685463490928,12,1841,7.95270728767e-06,
2806,triangle,1590,1604,225,,357951.5943877551,6952576.594387755,2633.13134765625,39.6790786476532,39.72673372447507,-10.320921352346803,-10.273266275524934,12,1841,7.95270728767e-06,
2807,triangle,232,1605,1593,,359650.23315738206,6952951.847937615,2281.0859375,33.24262437240617,33.33647907989378,-16.75737562759383,-16.663520920106222,12,1841,7.95270728767e-06,
2808,triangle,1601,1602,1587,,359464.75711908744,6953183.789453949,12874.19921875,46.911138391020074,45.408820310247044,-3.088861608979929,-4.591179689752959,12,1841,7.95270728767e-06,
2809,triangle,1598,1599,24,,359136.2096577909,6952765.950540061,3485.57958984375,36.39609417786207,37.265305816094106,-13.603905822137925,-12.734694183905896,12,1841,7.95270728767e-06,
2810,triangle,7,1604,8,,357939.0943877551,6952514.094387755,1585.619140625,37.35687059426371,37.360066612760384,-12.643129405736293,-12.639933387239614,12,1841,7.95270728767e-06,
2811,triangle,225,1604,7,,357914.0943877551,6952539.094387755,1585.619140625,38.22353802387033,38.22673404236651,-11.776461976129667,-11.773265957633493,12,1841,7.95270728767e-06,
2812,triangle,30,1605,31,,359660.0466314764,6952890.369587523,1729.078125,32.240711214833176,32.243392604805614,-17.75928878516682,-17.75660739519439,12,1841,7.95270728767e-06,
2813,triangle,31,1605,232,,359685.0466314764,6952915.369587523,1682.25390625,32.6736749593094,32.67672631960867,-17.326325040690598,-17.323273680391328,12,1841,7.95270728767e-06,
2814,triangle,1602,1603,1587,,359556.4585210031,6953197.029502827,8138.658203125,41.532145945000266,41.45593350825151,-8.467854054999734,-8.544066491748488,12,1841,7.95270728767e-06,
2815,triangle,639,130,226,,359649.0038773326,6953408.504343717,2355.3974609375,39.90349890439765,41.07815445560745,-10.096501095602342,-8.921845544392552,12,1841,7.778262434027501e-06,
2816,triangle,647,222,132,,357795.51351604913,6952836.068374199,2988.67822265625,45.09393663289225,46.00947298373101,-4.906063367107745,-3.9905270162689868,12,1841,7.313076157647499e-06,
2817,triangle,226,227,639,,359624.0038773326,6953373.240394889,5539.1083984375,39.102429255039326,40.16163431239937,-10.897570744960674,-9.838365687600625,12,1841,7.836410718575001e-06,
2818,triangle,40,1609,264,,360398.79396963416,6953227.829857056,5943.359375,29.17542999860613,31.51946946757712,-20.82457000139387,-18.48053053242288,12,1841,7.95270728767e-06,
2819,triangle,237,1629,236,,362141.0714285714,6954583.928571428,10446.4287109375,24.357483263724674,25.234864088950342,-25.64251673627533,-24.765135911049658,12,1841,7.95270728767e-06,
2820,triangle,37,1626,38,,360171.25,6953128.75,9281.25,30.79191643185087,32.72833315531414,-19.20808356814913,-17.27166684468586,12,1841,7.95270728767e-06,
2821,triangle,261,1622,260,,360707.2904270931,6953469.453058183,4180.7958984375,28.35258855384615,29.38657057159,-21.64741144615385,-20.61342942841,12,1841,7.95270728767e-06,
2822,triangle,627,1611,628,,361868.16698350647,6955196.354785359,14496.2890625,55.567991499327206,55.62176760805494,5.5679914993272135,5.621767608054927,12,1841,7.778262434027501e-06,
2823,triangle,263,1619,262,,360560.7312223648,6953341.048561677,6223.20068359375,29.037532941168056,29.692216677039752,-20.96246705883194,-20.307783322960248,12,1841,7.95270728767e-06,
2824,triangle,636,1626,637,,360145.3490215821,6953444.797635846,24496.94970703125,48.75297233609653,49.12082199252555,-1.247027663903463,-0.8791780074744507,12,1841,7.778262434027501e-06,
2825,triangle,117,1610,118,,362275.0,6954950.0,8437.5,27.977777481079105,28.099999745686848,-22.022222518920902,-21.900000254313152,12,1841,7.95270728767e-06,
2826,triangle,236,1610,235,,362275.0,6954700.0,8437.5,24.166666666666664,24.066666920979817,-25.833333333333336,-25.933333079020183,12,1841,7.95270728767e-06,
2827,triangle,242,1608,241,,361801.649805506,6954309.604888613,9332.44677734375,27.93958784759759,29.364564142540384,-22.06041215240241,-20.63543585745962,12,1841,7.95270728767e-06,
2828,triangle,264,1609,263,,360448.79396963416,6953252.829857056,8891.537109375,29.22152257932667,31.186136134243785,-20.77847742067333,-18.81386386575621,12,1841,7.95270728767e-06,
2829,triangle,243,1608,242,,361751.649805506,6954284.604888613,6705.5498046875,29.21712385739107,29.297897857343443,-20.782876142608924,-20.70210214265656,12,1841,7.95270728767e-06,
2830,triangle,130,1615,226,,359732.9581876868,6953384.2840641225,1522.265625,41.470995625664514,41.05765597163045,-8.52900437433549,-8.942344028369549,12,1841,7.95270728767e-06,
2831,triangle,36,1616,37,,360063.72491413774,6952993.190262401,6127.3515625,31.74309758303068,32.18559514376619,-18.256902416969318,-17.814404856233807,12,1841,7.95270728767e-06,
2832,triangle,239,1617,238,,362018.25860834,6954411.950124153,4915.2958984375,23.932160394952355,24.603224415831423,-26.067839605047645,-25.396775584168577,12,1841,7.95270728767e-06,
2833,triangle,123,1628,629,,361572.6247932142,6955058.783896363,13773.9912109375,79.8140258167697,80.5930810218025,29.8140258167697,30.593081021802494,12,1841,7.8945590031225e-06,
2834,triangle,121,1611,122,,362049.1653343078,6955244.717596752,6420.80419921875,40.92816995310857,42.051487894567124,-9.071830046891435,-7.9485121054328784,12,1841,7.95270728767e-06,
2835,triangle,39,1609,40,,360348.79396963416,6953227.829857056,5943.3583984375,29.743045841760917,31.686136134243785,-20.256954158239083,-18.31386386575621,12,1841,7.95270728767e-06,
2836,triangle,637,1607,638,,359970.0357666839,6953406.10449284,23782.0341796875,46.53121044896166,46.98911699184023,-3.4687895510383413,-3.0108830081597815,12,1841,7.95270728767e-06,
2837,triangle,236,1629,1610,,362166.0714285714,6954683.928571428,28325.89306640625,24.625623126687074,25.76819754944025,-25.37437687331293,-24.23180245055975,12,1841,7.95270728767e-06,
2838,triangle,228,1632,229,,359735.67981270654,6953192.5678498885,4013.978515625,38.08412908102771,37.84995225112893,-11.915870918972281,-12.150047748871065,12,1841,7.95270728767e-06,
2839,triangle,120,1611,121,,362091.75528737344,6955202.127643687,9125.67041015625,37.93543858081418,39.985048805088915,-12.06456141918582,-10.014951194911088,12,1841,7.95270728767e-06,
2840,triangle,119,1611,120,,362116.75528737344,6955152.127643687,6552.52978515625,36.89948165484965,38.318382138422244,-13.100518345150354,-11.681617861577754,12,1841,7.95270728767e-06,
2841,triangle,258,1623,257,,360923.2346611875,6953574.591352217,2766.52734375,28.215802396982888,28.380008610196885,-21.78419760301711,-21.619991389803115,12,1841,7.95270728767e-06,
2842,triangle,1611,1628,628,,361810.40438909834,6955115.324634395,25105.0576171875,59.25967171092219,60.165275537405755,9.259671710922195,10.165275537405748,12,1841,7.8945590031225e-06,
2843,triangle,33,1612,34,,359862.5,6952912.5,4218.75,33.000000953674316,33.04999987284342,-16.999999046325684,-16.950000127156574,12,1841,7.95270728767e-06,
2844,triangle,230,1612,231,,359737.5,6953037.5,4218.75,34.508333524068206,34.58333396911621,-15.491666475931796,-15.416666030883789,12,1841,7.95270728767e-06,
2845,triangle,1614,1629,1608,,361773.9249617386,6954598.01286796,63436.92236328125,41.45355293738062,43.8352794034868,-8.546447062619382,-6.164720596513196,12,1841,7.95270728767e-06,
2846,triangle,118,1630,119,,362179.0317768172,6955054.203706336,7511.0087890625,33.01817906335812,33.216408979207934,-16.98182093664188,-16.783591020792066,12,1841,7.95270728767e-06,
2847,triangle,238,1629,237,,362091.0714285714,6954533.928571428,10446.4287109375,24.476019781457868,25.401530755617006,-25.523980218542135,-24.598469244382994,12,1841,7.95270728767e-06,
2848,triangle,256,1624,255,,361070.64269038656,6953579.87227754,3360.630859375,27.461289427752128,27.446346239981295,-22.538710572247872,-22.553653760018705,12,1841,7.95270728767e-06,
2849,triangle,629,1614,124,,361453.770355277,6954897.149246904,26700.9990234375,86.85038987388572,88.42154022351885,36.85038987388571,38.42154022351885,12,1841,7.8945590031225e-06,
2850,triangle,38,1626,39,,360221.25,6953178.75,9281.25,29.910500235557574,31.761666615804046,-20.089499764442422,-18.23833338419595,12,1841,7.95270728767e-06,
2851,triangle,126,1614,1608,,361613.14464842534,6954555.481740386,31991.587890625,47.786376588259884,50.20680455485302,-2.2136234117401252,0.20680455485301982,12,1841,7.95270728767e-06,
2852,triangle,628,1628,123,,361662.6488988116,6955114.833431789,14147.8974609375,73.04315762989663,72.9412832365812,23.04315762989663,22.941283236581196,12,1841,7.778262434027501e-06,
2853,triangle,122,1611,627,,361977.1047219704,6955240.32281335,14497.2421875,46.12134688861832,47.12928585099325,-3.8786531113816887,-2.8707141490067545,12,1841,7.8945590031225e-06,
2854,triangle,128,246,247,,361478.38905471127,6954034.170722398,2431.23095703125,25.659842435869184,25.64449338986962,-24.340157564130816,-24.35550661013038,12,1841,7.8945590031225e-06,
2855,triangle,1608,1629,1617,,361885.9798424174,6954480.483584195,21334.03564453125,31.367240178468304,31.369319949771697,-18.6327598215317,-18.630680050228307,12,1841,7.95270728767e-06,
2856,triangle,1609,1626,636,,360249.5056403517,6953384.15618112,30886.439453125,43.37110152128236,44.10813330799956,-6.628898478717647,-5.891866692000444,12,1841,7.95270728767e-06,
2857,triangle,125,1614,126,,361475.4688650391,6954642.018924986,32669.623046875,63.7807851217323,63.77305119518105,13.780785121732304,13.773051195181049,12,1841,7.95270728767e-06,
2858,triangle,128,1618,631,,361364.2585379661,6953944.714119886,9496.361328125,26.420699823618882,26.747320803576628,-23.57930017638111,-23.252679196423372,12,1841,7.778262434027501e-06,
2859,triangle,129,1623,633,,360875.90581516275,6953678.473798763,7962.2373046875,32.84536222413562,33.462617625379984,-17.15463777586438,-16.537382374620012,12,1841,7.48752101129e-06,
2860,triangle,116,1610,117,,362325.0,6954900.0,8437.5,25.600000381469727,25.700000127156574,-24.399999618530273,-24.299999872843426,12,1841,7.95270728767e-06,
2861,triangle,124,1614,125,,361409.2961745239,6954775.718930468,32747.47705078125,82.04886973750163,84.37496596227255,32.04886973750163,34.374965962272555,12,1841,7.95270728767e-06,
2862,triangle,631,1621,632,,361205.49560780375,6953845.345488596,9976.7685546875,27.515988525150412,28.296580431472027,-22.484011474849584,-21.703419568527966,12,1841,7.72011414948e-06,
2863,triangle,637,1626,1607,,360056.462937986,6953335.485883306,22481.34423828125,42.79260577959474,43.31930500013258,-7.207394220405271,-6.68069499986742,12,1841,7.95270728767e-06,
2864,triangle,638,1615,130,,359792.7810163847,6953408.652673659,11848.8271484375,45.36702458790121,43.9224682939452,-4.632975412098794,-6.077531706054803,12,1841,7.603817580385e-06,
2865,triangle,37,1616,1607,,360029.3005012592,6953086.454833925,20644.119140625,33.95058433950688,35.011075248835034,-16.049415660493118,-14.988924751164964,12,1841,7.95270728767e-06,
2866,triangle,635,1609,636,,360342.52972892317,6953497.084711288,22931.77587890625,50.258304883308085,51.11011121771003,0.25830488330808943,1.110111217710026,12,1841,7.95270728767e-06,
2867,triangle,1606,1629,1614,,361844.4565922942,6954751.420565732,44124.4091796875,44.13839137160509,45.665862463787526,-5.861608628394914,-4.334137536212467,12,1841,7.95270728767e-06,
2868,triangle,126,1608,630,,361594.3965243588,6954409.382256589,17605.24560546875,42.898582071836486,41.67418986828498,-7.101417928163511,-8.325810131715022,12,1841,7.778262434027501e-06,
2869,triangle,1607,1615,638,,359883.3566035061,6953341.653296355,16772.3359375,44.994666108316736,43.69809441384634,-5.005333891683261,-6.301905586153668,12,1841,7.95270728767e-06,
2870,triangle,262,1619,261,,360610.7312223648,6953391.048561677,6223.20068359375,28.383166112438143,29.958883725176147,-21.616833887561857,-20.041116274823853,12,1841,7.95270728767e-06,
2871,triangle,1619,1622,261,,360643.021649458,6953460.501619861,8381.7822265625,29.958403504113377,31.478787502942904,-20.041596495886623,-18.521212497057096,12,1841,7.95270728767e-06,
2872,triangle,235,1610,234,,362325.0,6954750.0,8437.5,23.700000762939453,24.200000127156574,-26.299999237060547,-25.799999872843426,12,1841,7.95270728767e-06,
2873,triangle,1609,1619,263,,360484.525191999,6953343.878418733,16563.298828125,34.40761097129347,33.24501960510678,-15.592389028706528,-16.75498039489322,12,1841,7.95270728767e-06,
2874,triangle,1617,1629,238,,362009.33003691136,6954495.878695582,17039.0380859375,25.1719382463445,26.57142209242825,-24.828061753655504,-23.428577907571746,12,1841,7.95270728767e-06,
2875,triangle,229,1632,230,,359735.67981270654,6953142.5678498885,4013.9794921875,36.91518023853723,37.08328583877542,-13.084819761462764,-12.916714161224581,12,1841,7.95270728767e-06,
2876,triangle,247,1631,128,,361473.52742306056,6953987.045039631,2352.337890625,25.980269087772154,26.01959396923735,-24.01973091222785,-23.98040603076265,12,1841,7.95270728767e-06,
2877,triangle,1607,1626,37,,360086.8255871215,6953172.014571525,19906.56201171875,34.886908862049395,36.020479799893074,-15.113091137950605,-13.979520200106927,12,1841,7.95270728767e-06,
2878,triangle,632,1624,129,,361029.40686190483,6953726.886868112,9572.1962890625,29.745208372606434,30.06854562078802,-20.254791627393566,-19.93145437921198,12,1841,7.8945590031225e-06,
2879,triangle,1610,1630,118,,362204.0317768172,6954954.203706336,15514.27490234375,29.4673282665921,29.983075391561453,-20.532671733407895,-20.01692460843855,12,1841,7.95270728767e-06,
2880,triangle,39,1626,1609,,360270.04396963416,6953256.579857056,15856.56640625,32.47089772954678,34.54780313151756,-17.529102270453222,-15.452196868482437,12,1841,7.95270728767e-06,
2881,triangle,633,1622,634,,360690.30176728684,6953620.122845608,11885.3154296875,41.72709945217336,41.34299336254649,-8.272900547826644,-8.657006637453515,12,1841,7.836410718575001e-06,
2882,triangle,629,1628,1614,,361584.82872378855,6954936.6268632,33736.6865234375,76.40175798334366,74.46787594384737,26.401757983343646,24.46787594384737,12,1841,7.95270728767e-06,
2883,triangle,633,1623,259,,360832.14751851466,6953619.477579638,6473.3447265625,30.83257387768004,31.89211383987084,-19.167426122319963,-18.10788616012916,12,1841,7.836410718575001e-06,
2884,triangle,259,1622,633,,360766.20328442025,6953589.339285605,9028.376953125,32.22917298503074,32.898675801263956,-17.770827014969257,-17.101324198736044,12,1841,7.95270728767e-06,
2885,triangle,254,1613,253,,361212.5,6953612.5,5625.0,26.763888359069828,26.633333206176758,-23.236111640930172,-23.366666793823242,12,1841,7.95270728767e-06,
2886,triangle,252,1621,251,,361292.19977341226,6953757.733217905,4560.0126953125,26.75050508972975,26.713684581010856,-23.249494910270247,-23.286315418989144,12,1841,7.95270728767e-06,
2887,triangle,243,1620,1608,,361694.559690289,6954289.3716807915,8642.6640625,32.189525940755935,30.583563146007453,-17.81047405924406,-19.416436853992547,12,1841,7.95270728767e-06,
2888,triangle,634,1619,635,,360524.10379380296,6953563.510651846,16578.83935546875,49.44391359974202,48.36684593912977,-0.5560864002579808,-1.6331540608702328,12,1841,7.836410718575001e-06,
2889,triangle,1608,1617,241,,361844.9084138459,6954371.555012766,10882.72265625,28.901851287498477,29.934455733664777,-21.098148712501516,-20.065544266335227,12,1841,7.95270728767e-06,
2890,triangle,1606,1628,1611,,361884.11351668945,6955004.715295703,35421.97265625,52.84165493225157,52.03483548135346,2.841654932251575,2.0348354813534524,12,1841,7.95270728767e-06,
2891,triangle,260,1622,259,,360757.2904270931,6953519.453058183,4180.79638671875,28.813971568756667,29.25323736541324,-21.186028431243333,-20.74676263458676,12,1841,7.95270728767e-06,
2892,triangle,1615,1632,228,,359768.63800039334,6953241.587965183,8666.72119140625,40.208192832226196,40.19108757092501,-9.79180716777381,-9.808912429074988,12,1841,7.95270728767e-06,
2893,triangle,34,1616,35,,359963.72491413774,6952918.190262401,4858.904296875,32.50126277168263,32.51892847709953,-17.498737228317367,-17.481071522900475,12,1841,7.95270728767e-06,
2894,triangle,241,1617,240,,361918.25860834,6954336.950124153,4156.88916015625,25.333634310977068,25.303224542988,-24.666365689022935,-24.696775457012,12,1841,7.95270728767e-06,
2895,triangle,251,1618,250,,361387.5795237335,6953810.949498246,4044.31884765625,26.223592930665603,26.238293825210082,-23.776407069334397,-23.761706174789918,12,1841,7.95270728767e-06,
2896,triangle,253,1613,252,,361237.5,6953662.5,4218.75,26.69999933242798,26.66666603088379,-23.30000066757202,-23.33333396911621,12,1841,7.95270728767e-06,
2897,triangle,255,1613,254,,361162.5,6953587.5,4218.75,26.84999990463257,26.833333333333332,-23.15000009536743,-23.166666666666668,12,1841,7.95270728767e-06,
2898,triangle,630,1620,127,,361573.71938797535,6954248.76265663,5786.32080078125,31.136629427104875,31.36597847829483,-18.86337057289512,-18.634021521705165,12,1841,7.95270728767e-06,
2899,triangle,119,1630,1611,,362095.78706419066,6955081.331350024,12204.0224609375,36.572243892217905,37.3014575299837,-13.427756107782098,-12.698542470016307,12,1841,7.95270728767e-06,
2900,triangle,245,1620,244,,361617.90988478303,6954179.766792178,3348.763671875,26.061194167254627,26.352331573860955,-23.938805832745377,-23.647668426139045,12,1841,7.95270728767e-06,
2901,triangle,634,1622,1619,,360617.1201323246,6953541.285179864,11854.4384765625,39.05874113912374,39.789771858048674,-10.941258860876255,-10.210228141951326,12,1841,7.95270728767e-06,
2902,triangle,35,1616,36,,360013.72491413774,6952943.190262401,6127.35205078125,32.29622722587414,32.25226206474601,-17.70377277412586,-17.74773793525399,12,1841,7.95270728767e-06,
2903,triangle,240,1617,239,,361968.25860834,6954361.950124153,4915.2958984375,24.833366987375637,24.76989108249809,-25.166633012624363,-25.23010891750191,12,1841,7.95270728767e-06,
2904,triangle,250,1618,249,,361437.5795237335,6953835.949498246,5441.6220703125,26.100119505816497,26.138294079523234,-23.899880494183503,-23.861705920476766,12,1841,7.95270728767e-06,
2905,triangle,32,1612,33,,359812.5,6952912.5,4218.75,33.17500019073486,33.45000012715658,-16.824999809265137,-16.549999872843426,12,1841,7.95270728767e-06,
2906,triangle,231,1612,232,,359737.5,6952987.5,4218.75,33.75,33.85000038146973,-16.25,-16.149999618530273,12,1841,7.95270728767e-06,
2907,triangle,635,1619,1609,,360448.7992805705,6953460.556948901,22101.357421875,43.07565418147991,43.44199784542436,-6.924345818520084,-6.558002154575642,12,1841,7.95270728767e-06,
2908,triangle,1614,1628,1606,,361748.5619569772,6954882.067059935,38530.388671875,60.16305088144532,58.68563810257377,10.16305088144532,8.68563810257377,12,1841,7.95270728767e-06,
2909,triangle,1611,1630,1606,,362017.9685002523,6954994.343936407,19169.7861328125,40.03520856878717,40.42993781184499,-9.964791431212829,-9.570062188155013,12,1841,7.95270728767e-06,
2910,triangle,1610,1629,1606,,362063.252864633,6954771.941157813,35484.7373046875,29.917886896018835,32.56334513375109,-20.082113103981165,-17.43665486624891,12,1841,7.95270728767e-06,
2911,triangle,244,1620,243,,361667.90988478303,6954204.766792178,4146.40234375,25.963071681751984,26.252331828174107,-24.036928318248016,-23.747668171825893,12,1841,7.95270728767e-06,
2912,triangle,1608,1620,630,,361632.0152938837,6954322.751604911,11859.56884765625,37.266993885117074,35.15346578947585,-12.733006114882928,-14.846534210524146,12,1841,7.95270728767e-06,
2913,triangle,1613,1624,632,,361098.14856525674,6953705.390648988,10287.63916015625,27.14991229149804,28.23137478714248,-22.850087708501967,-21.76862521285752,12,1841,7.95270728767e-06,
2914,triangle,127,1620,245,,361586.2637843808,6954190.38273251,1745.8349609375,26.751680897181426,26.89607558051328,-23.248319102818574,-23.10392441948672,12,1841,7.95270728767e-06,
2915,triangle,226,1625,227,,359676.98954692174,6953349.755028824,3063.8828125,38.60381660899478,38.58333769085518,-11.39618339100522,-11.416662309144817,12,1841,7.95270728767e-06,
2916,triangle,259,1623,258,,360873.2346611875,6953574.591352217,2766.52734375,28.43860452054091,28.21334194353022,-21.561395479459087,-21.78665805646978,12,1841,7.95270728767e-06,
2917,triangle,1623,1624,257,,360968.8773515741,6953604.463629759,5882.2802734375,28.37186421383988,28.426355231647914,-21.62813578616012,-21.573644768352086,12,1841,7.95270728767e-06,
2918,triangle,116,1627,1610,,362350.0,6954850.0,5625.0,24.377778159247494,24.3000005086263,-25.62222184075251,-25.6999994913737,12,1841,7.95270728767e-06,
2919,triangle,230,1632,1612,,359773.17981270654,6953080.0678498885,8985.54345703125,35.680152122002916,36.33328520299254,-14.319847877997084,-13.666714797007458,12,1841,7.95270728767e-06,
2920,triangle,251,1621,1618,,361329.7792971458,6953818.682716151,5743.943359375,26.554952522513155,26.55197878769066,-23.445047477486842,-23.44802121230934,12,1841,7.95270728767e-06,
2921,triangle,1613,1621,252,,361229.69977341226,6953720.233217905,5962.4931640625,26.844105141103867,26.880351247677524,-23.155894858896133,-23.119648752322476,12,1841,7.95270728767e-06,
2922,triangle,1606,1630,1610,,362101.21321287873,6954892.21629272,22387.41845703125,31.151005150686398,33.97822310302886,-18.848994849313602,-16.021776896971136,12,1841,7.95270728767e-06,
2923,triangle,1612,1616,34,,359901.22491413774,6952955.690262401,9604.435546875,33.50277190660545,33.36892822278637,-16.497228093394547,-16.631071777213624,12,1841,7.95270728767e-06,
2924,triangle,1615,1625,226,,359734.9477346085,6953348.775144119,3511.53125,40.94465159672319,40.491139931631075,-9.05534840327681,-9.508860068368923,12,1841,7.95270728767e-06,
2925,triangle,255,1624,1613,,361108.14269038656,6953617.37227754,6634.36181640625,27.18525955809624,27.24634611282472,-22.81474044190376,-22.75365388717528,12,1841,7.95270728767e-06,
2926,triangle,257,1624,256,,361020.64269038656,6953579.87227754,3360.63134765625,27.90213925278227,27.879679954784354,-22.09786074721773,-22.120320045215646,12,1841,7.95270728767e-06,
2927,triangle,248,1631,247,,361520.1383683493,6953952.874317235,3036.07275390625,26.15975064917197,26.0417672460344,-23.840249350828035,-23.9582327539656,12,1841,7.95270728767e-06,
2928,triangle,632,1621,1613,,361169.70564828254,6953758.251589351,11330.39697265625,26.947820375925346,27.898713382485187,-23.052179624074654,-22.101286617514813,12,1841,7.95270728767e-06,
2929,triangle,227,1625,228,,359676.98954692174,6953299.755028824,3008.76513671875,38.09419634657777,38.05000486614815,-11.90580365342223,-11.949995133851848,12,1841,7.95270728767e-06,
2930,triangle,234,1627,233,,362425.0,6954800.0,2812.5,23.94444465637207,23.53333346048991,-26.05555534362793,-26.46666653951009,12,1841,7.95270728767e-06,
2931,triangle,1610,1627,234,,362350.0,6954800.0,5625.0,23.86666700575087,24.03333346048991,-26.133332994249134,-25.96666653951009,12,1841,7.95270728767e-06,
2932,triangle,228,1625,1615,,359734.94773460855,6953298.775144119,3456.41259765625,39.99140650592353,39.957807106924044,-10.008593494076475,-10.042192893075955,12,1841,7.95270728767e-06,
2933,triangle,128,1631,1618,,361436.1069467941,6953947.994537878,5861.0419921875,26.187630691632638,26.157888048760583,-23.812369308367362,-23.842111951239417,12,1841,7.95270728767e-06,
2934,triangle,249,1631,248,,361520.1383683493,6953902.874317235,3682.79443359375,26.311903944745165,26.10843416701422,-23.688096055254835,-23.89156583298578,12,1841,7.95270728767e-06,
2935,triangle,1618,1621,631,,361303.06925666705,6953868.276615393,7775.03271484375,26.98437816273352,27.116512503344172,-23.01562183726648,-22.883487496655828,12,1841,7.95270728767e-06,
2936,triangle,1616,1632,1607,,359914.98031396576,6953129.022683814,18331.677734375,39.48871551317821,37.69436019751443,-10.51128448682179,-12.305639802485572,12,1841,7.95270728767e-06,
2937,triangle,1612,1632,1616,,359861.9047268443,6953048.258112289,12740.4140625,36.77610879200126,35.81888021960216,-13.22389120799874,-14.181119780397841,12,1841,7.95270728767e-06,
2938,triangle,129,1624,1623,,360962.6356482222,6953663.459848882,6852.07421875,29.65921587218604,29.83019235049039,-20.340784127813954,-20.16980764950961,12,1841,7.95270728767e-06,
2939,triangle,32,1633,1612,,359776.5943877551,6952926.594387755,2633.13134765625,33.29588315106977,33.49901829590231,-16.704116848930227,-16.500981704097686,12,1841,7.95270728767e-06,
2940,triangle,1612,1633,232,,359751.5943877551,6952951.594387755,2633.130859375,33.29005073365303,33.46568547119528,-16.70994926634696,-16.534314528804718,12,1841,7.95270728767e-06,
2941,triangle,1618,1631,249,,361457.7178920828,6953888.823815481,4454.27099609375,26.226111977026576,26.246728246537447,-23.773888022973424,-23.753271753462553,12,1841,7.95270728767e-06,
2942,triangle,31,1633,32,,359739.0943877551,6952889.094387755,1585.61865234375,32.82447361669215,32.815684581099255,-17.175526383307847,-17.18431541890075,12,1841,7.95270728767e-06,
2943,triangle,232,1633,31,,359714.0943877551,6952914.094387755,1585.61865234375,32.7911407919837,32.782351756392224,-17.2088592080163,-17.21764824360778,12,1841,7.95270728767e-06,
2944,triangle,115,1634,116,,362437.5,6954887.5,1406.25,23.900000095367428,23.90000009536743,-26.09999990463257,-26.09999990463257,12,1841,7.95270728767e-06,
2945,triangle,233,1634,115,,362462.5,6954862.5,1406.25,23.43333355585733,23.43333355585734,-26.56666644414267,-26.56666644414266,12,1841,7.95270728767e-06,
2946,triangle,1607,1632,1615,,359859.2135875148,6953234.852536708,14260.1748046875,42.71975398390038,40.88323383403422,-7.28024601609962,-9.116766165965782,12,1841,7.95270728767e-06,
2947,triangle,116,1634,1627,,362412.5,6954862.5,1406.25,23.966667016347255,23.966667016347248,-26.033332983652745,-26.033332983652752,12,1841,7.95270728767e-06,
2948,triangle,1627,1634,233,,362437.5,6954837.5,1406.25,23.50000047683716,23.500000476837158,-26.49999952316284,-26.499999523162842,12,1841,7.95270728767e-06,
2949,triangle,127,246,128,,361496.74295430904,6954094.78666273,2156.2431640625,25.306318199267707,25.988237269365367,-24.693681800732296,-24.011762730634633,12,1841,7.371224442195001e-06,
2950,triangle,127,245,246,,361543.35389959766,6954135.615940332,1941.97998046875,25.252371036657962,25.710410673318993,-24.747628963342038,-24.289589326681007,12,1841,7.6619658649325e-06,
2951,triangle,114,233,115,,362500.0,6954875.0,2812.5,23.266666412353516,23.133333206176758,-26.733333587646488,-26.866666793823242,12,1841,7.95270728767e-06,
2952,triangle,255,1668,254,,361172.9530510016,6953473.894959203,8561.8173828125,28.7659441551768,28.814110239199817,-21.234055844823196,-21.185889760800183,12,1841,7.95270728767e-06,
2953,triangle,254,1657,253,,361293.75,6953531.25,12656.25,30.49999976158142,30.78333353996277,-19.50000023841858,-19.21666646003723,12,1841,7.95270728767e-06,
2954,triangle,250,1688,249,,361506.5476190476,6953813.095238094,4888.392578125,26.60973828360648,27.584807386567075,-23.39026171639352,-22.415192613432925,12,1841,7.95270728767e-06,
2955,triangle,240,1685,239,,362031.72407906014,6954336.464147779,5091.7421875,24.866111722072773,27.02523046723176,-25.133888277927227,-22.97476953276824,12,1841,7.95270728767e-06,
2956,triangle,264,1648,263,,360487.5,6953162.5,5625.0,29.56666707992556,29.5583332379659,-20.43333292007444,-20.4416667620341,12,1841,7.95270728767e-06,
2957,triangle,1636,1657,1635,,361564.59931247815,6953225.757846457,114115.31005859375,52.56770868748197,54.15449608537036,2.5677086874819732,4.154496085370361,12,1841,7.95270728767e-06,
2958,triangle,281,1693,282,,362902.0833333333,6953527.083333333,2578.125,66.68456876425252,66.62986184932568,16.684568764252518,16.629861849325675,12,1841,7.95270728767e-06,
2959,triangle,284,1693,285,,362977.0833333333,6953452.083333333,2578.125,67.67939897231722,67.49652800736604,17.679398972317223,17.49652800736604,12,1841,7.95270728767e-06,
2960,triangle,1679,1688,1659,,361662.7976190476,6953794.345238094,16339.2861328125,35.92456759279088,35.3410573706725,-14.075432407209119,-14.6589426293275,12,1841,7.95270728767e-06,
2961,triangle,1641,1669,1639,,360721.5778555274,6952869.996809366,30533.01904296875,48.19418862759173,47.786345810623914,-1.8058113724082703,-2.2136541893760815,12,1841,7.95270728767e-06,
2962,triangle,44,1648,43,,360437.5,6952962.5,8437.5,32.67777787314522,33.19166707992554,-17.32222212685479,-16.808332920074463,12,1841,7.95270728767e-06,
2963,triangle,261,1665,260,,360762.5,6953437.5,5625.0,28.366666634877518,28.43333339691162,-21.633333365122482,-21.56666660308838,12,1841,7.95270728767e-06,
2964,triangle,1657,1668,1635,,361339.0829317753,6953221.825274353,52958.14453125,41.13474557955067,42.95350062613892,-8.865254420449336,-7.0464993738610815,12,1841,7.95270728767e-06,
2965,triangle,262,1691,261,,360637.3829559901,6953314.814753762,5351.4228515625,29.17591058967102,29.888432721601713,-20.824089410328977,-20.11156727839829,12,1841,7.95270728767e-06,
2966,triangle,273,1674,274,,362417.47349078645,6953969.065363176,6471.73193359375,38.19911410413683,40.8641298232078,-11.800885895863175,-9.135870176792197,12,1841,7.95270728767e-06,
2967,triangle,274,1675,275,,362431.6213198328,6953858.490570704,4880.1015625,39.846320698941895,42.994125516733995,-10.153679301058103,-7.005874483266005,12,1841,7.95270728767e-06,
2968,triangle,48,1662,1649,,360572.73078196443,6952589.384499428,7245.44140625,48.81311507889609,46.90320421531914,-1.1868849211039054,-3.0967957846808574,12,1841,7.95270728767e-06,
2969,triangle,1650,1663,56,,360991.6585012087,6952170.321545151,6710.9697265625,57.18306634524016,54.371141437809264,7.183066345240159,4.37114143780927,12,1841,7.95270728767e-06,
2970,triangle,256,1670,255,,361062.5,6953500.0,5625.0,28.144444677564845,28.21666653951009,-21.85555532243516,-21.78333346048991,12,1841,7.95270728767e-06,
2971,triangle,266,1645,267,,362388.7068553421,6954459.8999034455,8594.23974609375,30.217690734583627,31.579025635000434,-19.782309265416373,-18.420974364999562,12,1841,7.95270728767e-06,
2972,triangle,1640,1660,1646,,361476.4559134974,6952340.135977883,71372.80810546875,74.69311372264109,80.55714163458458,24.693113722641076,30.557141634584582,12,1841,7.95270728767e-06,
2973,triangle,267,1645,268,,362413.7068553421,6954409.8999034455,6895.478515625,31.49282373589969,32.91235896833377,-18.507176264100305,-17.08764103166623,12,1841,7.95270728767e-06,
2974,triangle,1637,1679,1659,,361813.8818370279,6953812.793048053,43767.45654296875,39.01758238091918,40.319502296920234,-10.982417619080817,-9.680497703079764,12,1841,7.95270728767e-06,
2975,triangle,1635,1666,1636,,361745.3091099214,6953041.992308318,121541.53759765625,72.52029227696036,72.5654219630295,22.52029227696036,22.56542196302947,12,1841,7.95270728767e-06,
2976,triangle,272,1682,273,,362441.8480345838,6954060.455909331,3729.59619140625,35.93824979272067,37.08249515126364,-14.061750207279328,-12.917504848736359,12,1841,7.95270728767e-06,
2977,triangle,69,1676,68,,361891.8176065574,6951914.898658183,1879.7900390625,87.43564626026163,87.87328307563867,37.435646260261635,37.87328307563868,12,1841,7.95270728767e-06,
2978,triangle,614,1644,71,,362830.68107486353,6953221.189095028,13707.84521484375,80.34915279452693,79.23387217335448,30.349152794526937,29.233872173354495,12,1841,7.95270728767e-06,
2979,triangle,240,1653,1642,,362007.89280673716,6954213.289165318,16669.10107421875,30.092375169000178,31.788623313298142,-19.907624830999826,-18.211376686701858,12,1841,7.95270728767e-06,
2980,triangle,280,1644,281,,362812.5,6953487.5,7031.25,67.29166475931801,68.84999974568684,17.291664759318017,18.849999745686848,12,1841,7.95270728767e-06,
2981,triangle,268,1681,269,,362437.75301863765,6954310.820961811,4190.28564453125,34.548978781398446,34.60858887504518,-15.451021218601557,-15.391411124954816,12,1841,7.95270728767e-06,
2982,triangle,270,1681,271,,362437.75301863765,6954210.820961811,4190.28515625,36.05102625903473,35.87525592318158,-13.948973740965275,-14.124744076818423,12,1841,7.95270728767e-06,
2983,triangle,46,1649,45,,360487.5,6952737.5,4218.75,39.04999891916909,39.90833314259847,-10.950001080830907,-10.09166685740153,12,1841,7.95270728767e-06,
2984,triangle,49,1662,48,,360560.23078196443,6952526.884499428,3963.46337890625,47.21557200706344,45.62820491468031,-2.7844279929365605,-4.371795085319692,12,1841,7.95270728767e-06,
2985,triangle,56,1663,55,,360929.1585012087,6952157.821545151,3692.423828125,52.11577863935642,50.73780854952395,2.1157786393564173,0.7378085495239516,12,1841,7.95270728767e-06,
2986,triangle,63,1652,62,,361444.3809688164,6951932.116591613,3613.11669921875,65.62585812870917,64.95652497888015,15.625858128709165,14.956524978880154,12,1841,7.95270728767e-06,
2987,triangle,65,1664,64,,361629.2906642328,6951934.328146921,3861.91650390625,76.18553451546804,76.26195440303397,26.185534515468035,26.261954403033968,12,1841,7.95270728767e-06,
2988,triangle,258,1665,257,,360912.5,6953512.5,4218.75,28.283333460489906,28.43333339691162,-21.716666539510094,-21.56666660308838,12,1841,7.95270728767e-06,
2989,triangle,615,1673,614,,362960.6019745372,6953248.756853465,5083.74755859375,72.18951049010829,72.58036184047694,22.189510490108276,22.580361840476954,12,1841,7.836410718575001e-06,
2990,triangle,43,1648,42,,360412.5,6953012.5,4218.75,31.43333323796591,31.991666952768963,-18.566666762034092,-18.008333047231037,12,1841,7.95270728767e-06,
2991,triangle,1642,1685,240,,362077.58577713906,6954269.313278786,14415.02197265625,33.26325564266244,33.56491475202029,-16.73674435733755,-16.435085247979703,12,1841,7.95270728767e-06,
2992,triangle,1638,1641,1639,,360859.7265871164,6952944.72241952,47115.8935546875,51.5366195606024,48.94996814936047,1.5366195606023876,-1.0500318506395303,12,1841,7.95270728767e-06,
2993,triangle,1636,1659,1657,,361635.96943170443,6953465.327531308,61810.39208984375,48.7610264766572,48.97135588916613,-1.2389735233428005,-1.0286441108338782,12,1841,7.95270728767e-06,
2994,triangle,1640,1664,1661,,361671.8253138627,6952103.196603942,23239.4072265625,86.15330025575315,84.47021177826562,36.15330025575316,34.47021177826562,12,1841,7.95270728767e-06,
2995,triangle,277,1677,278,,362549.2938081648,6953622.0019153245,8854.23046875,58.8529677637664,59.02758401886416,8.852967763766403,9.027584018864166,12,1841,7.95270728767e-06,
2996,triangle,1637,1659,1636,,361849.8512687324,6953615.620579361,91646.1962890625,51.2709262896551,51.05127453486159,1.2709262896551037,1.0512745348615848,12,1841,7.95270728767e-06,
2997,triangle,1646,1684,1663,,360967.41181305377,6952336.972687629,33972.169921875,61.09747215804866,61.626322960222886,11.097472158048655,11.62632296022288,12,1841,7.95270728767e-06,
2998,triangle,44,1669,1648,,360508.43969364674,6952933.213829909,13161.63623046875,34.65196963633,35.674421914807446,-15.348030363669997,-14.325578085192552,12,1841,7.95270728767e-06,
2999,triangle,52,1684,51,,360690.625,6952340.625,9140.625,46.844269812107136,45.09895849227905,-3.1557301878928694,-4.901041507720947,12,1841,7.95270728767e-06,
3000,triangle,53,1684,52,,360740.625,6952290.625,9140.625,45.177603145440386,46.16562541325887,-4.822396854559615,-3.8343745867411294,12,1841,7.95270728767e-06,
3001,triangle,1654,1679,1653,,361805.70296010125,6954070.930040031,16887.73046875,29.58217515597514,29.689150541842015,-20.417824844024857,-20.310849458157985,12,1841,7.95270728767e-06,
3002,triangle,1639,1669,1649,,360670.576356898,6952758.5569243105,25613.2802734375,49.82943045470785,48.579691575962975,-0.17056954529215107,-1.4203084240370227,12,1841,7.95270728767e-06,
3003,triangle,238,1645,237,,362188.7068553421,6954459.8999034455,8865.7822265625,30.25129206322102,28.31235858686404,-19.748707936778978,-21.687641413135953,12,1841,7.95270728767e-06,
3004,triangle,1640,1683,1664,,361573.0918332303,6952053.265299741,11125.80029296875,79.96186814036488,78.07882326015972,29.961868140364896,28.07882326015971,12,1841,7.95270728767e-06,
3005,triangle,613,1667,612,,362499.93394711503,6952965.61365749,37316.48193359375,102.03086890776429,100.331366516096,52.03086890776429,50.33136651609598,12,1841,7.95270728767e-06,
3006,triangle,1646,1663,1650,,361064.28681305377,6952258.847687628,23172.03271484375,66.05922220194574,62.12736453152212,16.059222201945744,12.127364531522117,12,1841,7.95270728767e-06,
3007,triangle,1646,1660,1635,,361441.28009228146,6952593.776122105,130784.79296875,83.27861244275641,73.8083130144215,33.27861244275641,23.808313014421497,12,1841,7.95270728767e-06,
3008,triangle,1644,1690,71,,362738.6894383617,6953221.060707979,20349.599609375,86.84124790624944,85.46387350681816,36.84124790624945,35.463873506818146,12,1841,7.95270728767e-06,
3009,triangle,70,1678,610,,362120.9265173292,6952453.7251058025,18362.72705078125,104.27590574978413,104.01728662818932,54.27590574978413,54.01728662818933,12,1841,7.8945590031225e-06,
3010,triangle,1638,1639,1635,,361093.60496926075,6952912.462849614,86095.728515625,54.64206628741641,53.55770441290064,4.6420662874164105,3.5577044129006357,12,1841,7.95270728767e-06,
3011,triangle,275,1675,276,,362431.6213198328,6953808.490570704,4880.1015625,41.370526346309646,44.027458341441026,-8.62947365369035,-5.972541658558974,12,1841,7.95270728767e-06,
3012,triangle,1660,1678,1666,,361887.6669367863,6952618.918912833,50859.41357421875,101.67715213102392,97.07875084435513,51.67715213102392,47.07875084435512,12,1841,7.95270728767e-06,
3013,triangle,1635,1668,1638,,361204.42135701113,6953111.014714416,64273.654296875,39.768892808874014,44.21654451410777,-10.231107191125991,-5.783455485892236,12,1841,7.95270728767e-06,
3014,triangle,237,1672,236,,362243.951142557,6954559.983317241,3821.38037109375,23.707738072506604,24.148329490777513,-26.292261927493396,-25.851670509222487,12,1841,7.95270728767e-06,
3015,triangle,608,1676,69,,361930.36757272313,6951954.900726701,6988.8212890625,91.97920307645609,92.44805078159284,41.97920307645609,42.44805078159284,12,1841,7.603817580385e-06,
3016,triangle,254,1668,1657,,361266.7030510016,6953430.144959203,23947.98974609375,33.20941347573999,32.964110572985824,-16.790586524260007,-17.035889427014173,12,1841,7.95270728767e-06,
3017,triangle,1660,1666,1635,,361693.1115778796,6952752.734441486,113465.27099609375,85.74888114324895,81.1130154963709,35.74888114324895,31.113015496370895,12,1841,7.95270728767e-06,
3018,triangle,1647,1675,1637,,362224.6282334788,6953726.997017409,45202.29052734375,58.400089199049276,55.5055358777466,8.400089199049285,5.5055358777466035,12,1841,7.95270728767e-06,
3019,triangle,1636,1647,1637,,362066.47634535044,6953571.333978013,94358.443359375,60.23783076866311,60.926515677974145,10.237830768663109,10.92651567797414,12,1841,7.95270728767e-06,
3020,triangle,257,1670,256,,361012.5,6953500.0,5625.0,28.38333384195964,28.650000254313152,-21.61666615804036,-21.349999745686848,12,1841,7.95270728767e-06,
3021,triangle,45,1669,44,,360495.93969364674,6952845.713829909,5168.2158203125,35.57455817851341,36.349422264488034,-14.425441821486586,-13.650577735511968,12,1841,7.95270728767e-06,
3022,triangle,609,1661,608,,361962.4563052537,6952114.001891733,17479.8310546875,100.88398493843108,98.89454433751666,50.88398493843109,48.894544337516656,12,1841,7.778262434027501e-06,
3023,triangle,1656,1659,250,,361483.3333333333,6953691.666666667,14296.875,29.996296023126902,32.04560202580911,-20.003703976873098,-17.954397974190893,12,1841,7.95270728767e-06,
3024,triangle,253,1657,1656,,361358.3333333333,6953566.666666667,14296.875,32.343210479348116,31.556018533530054,-17.65678952065188,-18.443981466469946,12,1841,7.95270728767e-06,
3025,triangle,1649,1662,1639,,360684.8674452156,6952639.727593831,28491.5693359375,55.36032017937712,53.42514114713507,5.360320179377125,3.425141147135071,12,1841,7.95270728767e-06,
3026,triangle,261,1671,1665,,360785.79623731086,6953364.94863752,16090.48388671875,29.72520543477763,30.278603114107057,-20.27479456522237,-19.72139688589294,12,1841,7.95270728767e-06,
3027,triangle,1639,1646,1635,,361157.14485587,6952680.549552028,126193.68359375,73.93043795856026,63.4008839206415,23.93043795856027,13.4008839206415,12,1841,7.95270728767e-06,
3028,triangle,1640,1661,1660,,361688.8065492925,6952257.438121497,48402.3193359375,86.21560795097287,88.13762212926183,36.215607950972874,38.13762212926182,12,1841,7.95270728767e-06,
3029,triangle,1644,1693,281,,362864.5833333333,6953464.583333333,8906.25,67.4378836007962,70.37986057775991,17.437883600796198,20.37986057775992,12,1841,7.95270728767e-06,
3030,triangle,285,1693,1644,,362914.5833333333,6953414.583333333,8906.25,69.63788563529548,71.07986006913362,19.637885635295472,21.07986006913362,12,1841,7.95270728767e-06,
3031,triangle,271,1682,272,,362441.8480345838,6954110.455909331,3729.59619140625,35.72239080782751,36.115827975970674,-14.277609192172495,-13.884172024029327,12,1841,7.95270728767e-06,
3032,triangle,64,1683,63,,361536.2454670078,6951930.896981892,3475.91015625,72.40523503658352,72.04531608753678,22.405235036583512,22.045316087536776,12,1841,7.95270728767e-06,
3033,triangle,1666,1680,1667,,362181.4834026399,6952935.970056015,42972.6044921875,100.73190046966549,104.0407018782076,50.731900469665476,54.04070187820759,12,1841,7.95270728767e-06,
3034,triangle,611,1687,70,,362237.8942042163,6952601.166800462,15038.728515625,111.40774109118571,110.899509481635,61.40774109118571,60.899509481635,12,1841,7.778262434027501e-06,
3035,triangle,1661,1664,67,,361764.269611873,6952040.156433013,11902.3154296875,87.57282236383546,87.56532516671702,37.572822363835456,37.565325166717024,12,1841,7.95270728767e-06,
3036,triangle,255,1670,1668,,361110.4530510016,6953423.894959203,18007.162109375,28.920088001688217,29.997443318219997,-21.079911998311786,-20.002556681780003,12,1841,7.95270728767e-06,
3037,triangle,1659,1688,250,,361550.2976190476,6953744.345238094,15184.15185546875,31.38446357549867,32.5910573706725,-18.615536424501325,-17.408942629327502,12,1841,7.95270728767e-06,
3038,triangle,71,1690,613,,362687.37747844,6953094.36126008,14566.73046875,89.924989573819,89.88744649496341,39.924989573819,39.88744649496343,12,1841,7.371224442195001e-06,
3039,triangle,1648,1691,263,,360549.8829559901,6953177.314753762,11086.87646484375,31.829760923878567,31.54676570525446,-18.170239076121433,-18.45323429474554,12,1841,7.95270728767e-06,
3040,triangle,1639,1684,1646,,360950.38997509633,6952504.494236879,65377.357421875,64.06080226082099,62.94378543878764,14.060802260820985,12.943785438787643,12,1841,7.95270728767e-06,
3041,triangle,612,1680,611,,362366.08654898737,6952759.057038087,23590.96630859375,111.03570186446018,109.39322714050839,61.03570186446019,59.393227140508394,12,1841,7.95270728767e-06,
3042,triangle,1653,1679,1637,,361907.16294568614,6953986.983082365,38549.70703125,35.009907275804714,35.96219159563756,-14.99009272419528,-14.037808404362437,12,1841,7.95270728767e-06,
3043,triangle,1642,1653,1637,,362040.52464376506,6954069.832213372,37802.021484375,38.330361860599886,38.85187562611295,-11.669638139400112,-11.148124373887052,12,1841,7.95270728767e-06,
3044,triangle,610,1686,609,,362055.3914597477,6952282.4141377015,14476.3388671875,97.16379166509306,98.69254745006731,47.16379166509307,48.6925474500673,12,1841,7.836410718575001e-06,
3045,triangle,48,1649,47,,360512.5,6952637.5,5625.0,41.15833388434517,42.40833314259847,-8.841666115654835,-7.59166685740153,12,1841,7.95270728767e-06,
3046,triangle,57,1650,56,,361037.5,6952112.5,5625.0,50.78889009687637,51.83333365122477,0.7888900968763632,1.8333336512247722,12,1841,7.95270728767e-06,
3047,triangle,59,1651,58,,361190.6110797256,6952040.347398937,6295.3291015625,52.732944989365755,53.305118828564154,2.7329449893657545,3.3051188285641526,12,1841,7.95270728767e-06,
3048,triangle,61,1652,60,,361344.3809688164,6951957.116591613,5793.47509765625,59.22852952967811,59.72319011966791,9.228529529678116,9.723190119667914,12,1841,7.95270728767e-06,
3049,triangle,242,1653,241,,361862.03110865824,6954230.440034312,6366.49560546875,25.00806501581151,25.94893915566618,-24.99193498418849,-24.05106084433382,12,1841,7.95270728767e-06,
3050,triangle,244,1654,243,,361706.17185144307,6954165.4900057195,4576.70703125,25.690583413035647,25.590211131862684,-24.309416586964353,-24.409788868137316,12,1841,7.95270728767e-06,
3051,triangle,246,1655,245,,361562.5,6954087.5,5625.0,25.663888719346794,25.525000254313152,-24.336111280653213,-24.474999745686848,12,1841,7.95270728767e-06,
3052,triangle,252,1656,251,,361339.5833333333,6953710.416666667,6093.75,27.048765846237746,27.406018199744043,-22.95123415376225,-22.59398180025596,12,1841,7.95270728767e-06,
3053,triangle,279,1658,280,,362709.5493553761,6953561.739192051,6042.5380859375,61.92128869588308,63.5807368154153,11.921288695883074,13.580736815415298,12,1841,7.95270728767e-06,
3054,triangle,1666,1667,1636,,362053.02299651894,6953102.160479386,100601.0185546875,87.82977381142412,88.57692404804122,37.82977381142412,38.5769240480412,12,1841,7.95270728767e-06,
3055,triangle,1657,1659,1656,,361477.0833333333,6953572.916666667,28125.0,36.06010745923987,36.49560223243854,-13.939892540760127,-13.504397767561459,12,1841,7.95270728767e-06,
3056,triangle,1646,1651,1640,,361320.79509356036,6952216.913712341,42457.888671875,62.81941167207272,68.9328944375528,12.819411672072722,18.932894437552807,12,1841,7.95270728767e-06,
3057,triangle,1665,1671,1670,,360898.29623731086,6953364.94863752,14310.5185546875,31.46312785926719,30.995269653617147,-18.53687214073281,-19.00473034638285,12,1841,7.95270728767e-06,
3058,triangle,249,1688,248,,361556.5476190476,6953863.095238094,4888.392578125,26.833345467043706,27.551473926077165,-23.166654532956294,-22.448526073922835,12,1841,7.95270728767e-06,
3059,triangle,280,1658,1644,,362747.0493553761,6953474.239192051,12122.6640625,73.18805211568862,70.030736306789,23.188052115688624,20.030736306788995,12,1841,7.95270728767e-06,
3060,triangle,269,1681,270,,362437.75301863765,6954260.820961811,4190.28564453125,35.50545740441518,35.34192246269166,-14.494542595584818,-14.658077537308332,12,1841,7.95270728767e-06,
3061,triangle,613,1690,1667,,362540.9408098778,6953090.99689551,30119.125,100.2068343472639,96.98614467957553,50.20683434726388,46.986144679575524,12,1841,7.95270728767e-06,
3062,triangle,614,1673,1644,,362891.33430135314,6953284.519053149,10709.55859375,75.45540286339578,75.20485991918025,25.455402863395776,25.20485991918026,12,1841,7.8945590031225e-06,
3063,triangle,67,1676,1661,,361838.62567423406,6952033.89782424,7059.0009765625,90.56322180962081,90.72937189477989,40.5632218096208,40.729371894779895,12,1841,7.95270728767e-06,
3064,triangle,239,1685,238,,362081.72407906014,6954386.464147779,5091.7421875,26.734596817247894,26.858563800565094,-23.26540318275211,-23.141436199434906,12,1841,7.95270728767e-06,
3065,triangle,1647,1689,1675,,362352.63217946753,6953656.089752373,17178.38330078125,59.160245052007596,58.577078503822314,9.1602450520076,8.577078503822312,12,1841,7.95270728767e-06,
3066,triangle,273,1682,1674,,362384.32152537024,6954029.521272509,10063.7978515625,39.78639141045623,41.57995754486532,-10.213608589543767,-8.420042455134675,12,1841,7.95270728767e-06,
3067,triangle,278,1677,1658,,362583.8431635409,6953558.741107375,9933.40625,59.490228349241754,63.04165391329965,9.490228349241756,13.041653913299646,12,1841,7.95270728767e-06,
3068,triangle,1647,1667,1643,,362383.45161274803,6953325.189281702,45738.1865234375,88.71971660314398,88.19275115518771,38.719716603143986,38.192751155187715,12,1841,7.95270728767e-06,
3069,triangle,1644,1673,285,,362924.6836624229,6953356.04280891,8126.416015625,71.4240386999199,72.48984785741885,21.424038699919898,22.48984785741885,12,1841,7.95270728767e-06,
3070,triangle,276,1689,277,,362485.63578301674,6953710.635783017,6044.44921875,48.28954559176307,51.301460969774304,-1.7104544082369262,1.3014609697743051,12,1841,7.95270728767e-06,
3071,triangle,1674,1675,274,,362374.09481061925,6953902.555933881,14467.15283203125,42.226303007435796,45.45825508562865,-7.773696992564208,-4.541744914371353,12,1841,7.95270728767e-06,
3072,triangle,1636,1667,1647,,362163.9382756937,6953316.63941618,88488.3427734375,83.03854496773776,80.63082255146055,33.038544967737764,30.63082255146055,12,1841,7.95270728767e-06,
3073,triangle,1645,1672,237,,362257.65799789916,6954494.883220687,9669.90576171875,28.82627115907946,28.994021538131467,-21.17372884092054,-21.005978461868533,12,1841,7.95270728767e-06,
3074,triangle,1650,1651,1646,,361175.7393915707,6952216.373541414,21672.06298828125,60.765677448719146,62.2280089068351,10.765677448719153,12.228008906835102,12,1841,7.95270728767e-06,
3075,triangle,261,1691,1671,,360710.67919330095,6953292.263391282,15780.05419921875,31.58671038512479,31.833702184483997,-18.41328961487521,-18.166297815516003,12,1841,7.95270728767e-06,
3076,triangle,263,1691,262,,360587.3829559901,6953264.814753762,5351.4228515625,28.55377632823801,29.62176567346532,-21.446223671762,-20.378234326534685,12,1841,7.95270728767e-06,
3077,triangle,70,1687,1678,,362124.3248724003,6952564.576275977,18055.4033203125,109.46041626699515,108.96385945447071,59.46041626699516,58.9638594544707,12,1841,7.95270728767e-06,
3078,triangle,1643,1677,1647,,362427.65165354166,6953470.342710808,18281.93310546875,74.18466182293469,74.01944227294759,24.18466182293468,24.0194422729476,12,1841,7.95270728767e-06,
3079,triangle,47,1649,46,,360487.5,6952687.5,4218.75,40.27499961853027,41.67499955495199,-9.725000381469727,-8.325000445048014,12,1841,7.95270728767e-06,
3080,triangle,50,1662,49,,360560.23078196443,6952476.884499428,3963.462890625,46.016305644827796,44.894871327033826,-3.983694355172202,-5.105128672966177,12,1841,7.95270728767e-06,
3081,triangle,55,1663,54,,360879.1585012087,6952157.821545151,3692.423828125,48.802016198413035,49.17114162854413,-1.1979838015869624,-0.828858371455866,12,1841,7.95270728767e-06,
3082,triangle,58,1650,57,,361087.5,6952087.5,4218.75,50.69999980926514,52.03333314259847,0.6999998092651367,2.03333314259847,12,1841,7.95270728767e-06,
3083,triangle,60,1651,59,,361240.6110797256,6952015.347398937,4539.08251953125,54.701723928596905,55.07178524091767,4.7017239285969055,5.071785240917668,12,1841,7.95270728767e-06,
3084,triangle,62,1652,61,,361394.3809688164,6951932.116591613,3613.1162109375,62.01284186633461,62.05652345300124,12.012841866334611,12.056523453001248,12,1841,7.95270728767e-06,
3085,triangle,66,1664,65,,361679.2906642328,6951934.328146921,3861.91650390625,79.4448795828543,79.36195542028658,29.44487958285429,29.361955420286574,12,1841,7.95270728767e-06,
3086,triangle,241,1653,240,,361912.03110865824,6954255.440034312,5012.99658203125,25.12323174600579,25.782272488999514,-24.87676825399421,-24.217727511000486,12,1841,7.95270728767e-06,
3087,triangle,243,1654,242,,361756.17185144307,6954190.4900057195,3882.3740234375,25.476919842608226,25.456877925685927,-24.52308015739177,-24.543122074314073,12,1841,7.95270728767e-06,
3088,triangle,245,1655,244,,361612.5,6954112.5,4218.75,25.674999713897705,25.558333079020183,-24.325000286102295,-24.441666920979817,12,1841,7.95270728767e-06,
3089,triangle,247,1655,246,,361537.5,6954037.5,4218.75,25.800000190734863,25.825000127156574,-24.199999809265137,-24.174999872843426,12,1841,7.95270728767e-06,
3090,triangle,251,1656,250,,361389.5833333333,6953735.416666667,4453.125,26.52754640137457,27.139351787390527,-23.472453598625435,-22.860648212609476,12,1841,7.95270728767e-06,
3091,triangle,253,1656,252,,361314.5833333333,6953660.416666667,4453.125,27.72214510410775,27.372684739254137,-22.27785489589225,-22.62731526074587,12,1841,7.95270728767e-06,
3092,triangle,259,1665,258,,360862.5,6953512.5,4218.75,28.125,28.266666730244953,-21.875,-21.733333269755047,12,1841,7.95270728767e-06,
3093,triangle,278,1658,279,,362659.5493553761,6953586.739192051,4304.3408203125,59.44616224987526,61.880737324041604,9.446162249875258,11.880737324041599,12,1841,7.95270728767e-06,
3094,triangle,266,1672,1645,,362332.65799789916,6954494.883220687,7233.24658203125,30.729084593037687,30.36068833195471,-19.27091540696231,-19.63931166804529,12,1841,7.95270728767e-06,
3095,triangle,51,1662,50,,360585.23078196443,6952426.884499428,6987.96923828125,46.06667756670565,44.19487056409437,-3.93332243329435,-5.80512943590563,12,1841,7.95270728767e-06,
3096,triangle,54,1663,53,,360829.1585012087,6952182.821545151,6972.75537109375,45.27537404326927,48.037807786584494,-4.724625956730736,-1.9621922134155014,12,1841,7.95270728767e-06,
3097,triangle,67,1664,66,,361729.2906642328,6951959.328146921,6191.716796875,85.36603129955215,83.06195491166027,35.36603129955214,33.06195491166027,12,1841,7.95270728767e-06,
3098,triangle,248,1655,247,,361562.5,6953987.5,5625.0,26.122222635481098,26.058333079020183,-23.877777364518906,-23.941666920979817,12,1841,7.95270728767e-06,
3099,triangle,260,1665,259,,360812.5,6953487.5,5625.0,28.197221755981445,28.300000190734863,-21.802778244018555,-21.699999809265137,12,1841,7.95270728767e-06,
3100,triangle,42,1648,41,,360412.5,6953062.5,4218.75,30.625,31.158333619435627,-19.375,-18.841666380564373,12,1841,7.95270728767e-06,
3101,triangle,1675,1689,276,,362417.2571028496,6953744.126353721,8232.87744140625,45.47501541544413,48.86225340748812,-4.5249845845558605,-1.1377465925118821,12,1841,7.95270728767e-06,
3102,triangle,51,1684,1662,,360675.85578196443,6952417.509499428,14602.78955078125,50.69826289033731,49.59382956499973,0.6982628903373024,-0.40617043500027467,12,1841,7.95270728767e-06,
3103,triangle,1663,1684,53,,360819.7835012087,6952273.446545151,15443.72998046875,49.21376372592233,51.57009935788373,-0.7862362740776752,1.5700993578837334,12,1841,7.95270728767e-06,
3104,triangle,285,1673,286,,363012.1836624229,6953343.54280891,4980.77197265625,69.1229223344639,69.3398476031057,19.122922334463894,19.339847603105703,12,1841,7.95270728767e-06,
3105,triangle,1678,1686,610,,362033.39930798026,6952397.107387073,17938.5986328125,98.89655611132804,99.56460006234538,48.89655611132804,49.56460006234537,12,1841,7.95270728767e-06,
3106,triangle,68,1676,67,,361853.64672659384,6951953.069538147,3568.07958984375,87.7857138309036,87.45933395580387,37.78571383090361,37.45933395580388,12,1841,7.95270728767e-06,
3107,triangle,1661,1676,608,,361902.1756403998,6952048.899892756,9288.921875,94.99971579039021,95.10414010936036,44.99971579039021,45.104140109360365,12,1841,7.95270728767e-06,
3108,triangle,1678,1687,1666,,362034.0982169845,6952687.541441147,30064.60400390625,110.31714921943345,104.62029921097023,60.317149219433446,54.62029921097022,12,1841,7.95270728767e-06,
3109,triangle,235,1672,265,,362343.951142557,6954609.983317241,5182.373046875,24.678327201511028,25.081663205580572,-25.321672798488976,-24.918336794419428,12,1841,7.95270728767e-06,
3110,triangle,248,1679,1655,,361650.0,6953962.5,10546.875,28.25,28.84166653951009,-21.75,-21.15833346048991,12,1841,7.95270728767e-06,
3111,triangle,1645,1681,268,,362376.45987397974,6954345.720865256,12465.666015625,36.928097044141204,36.6209475890658,-13.071902955858796,-13.379052410934198,12,1841,7.95270728767e-06,
3112,triangle,238,1685,1645,,362170.4309344022,6954396.364051224,10590.58642578125,34.36821057017552,31.737589308408953,-15.631789429824483,-18.262410691591047,12,1841,7.95270728767e-06,
3113,triangle,1665,1670,257,,360950.0,6953462.5,10546.875,29.06111176808676,29.250000317891438,-20.93888823191324,-20.749999682108562,12,1841,7.95270728767e-06,
3114,triangle,1649,1669,45,,360533.43969364674,6952783.213829909,11247.7822265625,38.530940865179986,40.091088740419835,-11.469059134820013,-9.908911259580165,12,1841,7.95270728767e-06,
3115,triangle,248,1688,1679,,361644.0476190476,6953888.095238094,10379.46435546875,30.85595950425968,30.268140465587255,-19.14404049574032,-19.731859534412745,12,1841,7.95270728767e-06,
3116,triangle,1670,1671,1638,,360944.8846625467,6953247.888077584,29479.30322265625,34.38577262617594,35.608313684637146,-15.614227373824054,-14.391686315362856,12,1841,7.95270728767e-06,
3117,triangle,609,1686,1661,,361951.0655825981,6952216.901401174,19709.76513671875,98.37680067973805,97.2049102354672,48.376800679738054,47.204910235467196,12,1841,7.95270728767e-06,
3118,triangle,63,1683,1652,,361480.6264358242,6951963.013573505,5882.40771484375,71.17628796965639,69.60184081210377,21.176287969656382,19.601840812103777,12,1841,7.95270728767e-06,
3119,triangle,1664,1683,64,,361590.53613124066,6951965.225128814,6197.2236328125,77.43576449168532,76.64060382390409,27.43576449168531,26.640603823904083,12,1841,7.95270728767e-06,
3120,triangle,1681,1682,271,,362404.60105322144,6954171.276871142,7781.6640625,38.44648946090598,38.2910831362128,-11.553510539094022,-11.708916863787204,12,1841,7.95270728767e-06,
3121,triangle,1643,1690,1644,,362655.14177118725,6953302.225254019,24841.58056640625,92.47560752914175,87.37204680728746,42.47560752914176,37.372046807287454,12,1841,7.95270728767e-06,
3122,triangle,1637,1674,1642,,362170.9670258933,6954008.457542237,32222.26220703125,46.990421832607296,45.40039886404845,-3.009578167392707,-4.5996011359515485,12,1841,7.95270728767e-06,
3123,triangle,58,1651,1650,,361153.1110797256,6952102.847398937,7716.4111328125,52.56241949704263,54.671785304495955,2.5624194970426286,4.671785304495956,12,1841,7.95270728767e-06,
3124,triangle,60,1652,1651,,361309.992048542,6952022.46399055,8358.6328125,58.53442619053763,59.26164253587856,8.534426190537626,9.26164253587855,12,1841,7.95270728767e-06,
3125,triangle,242,1654,1653,,361818.20296010125,6954170.930040031,7407.99560546875,26.449417312494205,26.572483748018772,-23.5505826875058,-23.427516251981228,12,1841,7.95270728767e-06,
3126,triangle,244,1655,1654,,361668.67185144307,6954102.9900057195,5795.18701171875,26.24203487580671,26.148544210882864,-23.75796512419329,-23.851455789117136,12,1841,7.95270728767e-06,
3127,triangle,1638,1671,1641,,360845.8861611761,6953121.82796264,30403.525390625,39.863292650488006,39.806634395229885,-10.136707349511997,-10.193365604770113,12,1841,7.95270728767e-06,
3128,triangle,1662,1684,1639,,360762.9924452156,6952542.852593831,30859.8759765625,58.34210303249817,56.782433163482324,8.342103032498173,6.78243316348232,12,1841,7.95270728767e-06,
3129,triangle,277,1689,1677,,362484.9295911815,6953632.637698341,7726.404296875,58.91037355404188,58.1623783219718,8.910373554041875,8.162378321971802,12,1841,7.95270728767e-06,
3130,triangle,1667,1680,612,,362365.6757448623,6952916.450213325,34274.39794921875,109.67448356132644,107.5033438503716,59.67448356132644,57.503343850371586,12,1841,7.95270728767e-06,
3131,triangle,1648,1669,1641,,360596.94119227614,6952982.153714965,20800.8134765625,38.64628500931187,38.62274262540019,-11.353714990688129,-11.377257374599807,12,1841,7.95270728767e-06,
3132,triangle,236,1672,235,,362293.951142557,6954609.983317241,3821.3798828125,24.11381111392735,24.481662824110845,-25.886188886072645,-25.518337175889155,12,1841,7.95270728767e-06,
3133,triangle,1680,1687,611,,362250.13758918276,6952713.28461171,17348.20703125,114.66785307149455,112.64057322195372,64.66785307149455,62.64057322195372,12,1841,7.95270728767e-06,
3134,triangle,1651,1652,1640,,361392.5477505317,6952085.504161477,19240.1181640625,66.07244709160442,66.4665283844877,16.072447091604417,16.46652838448769,12,1841,7.95270728767e-06,
3135,triangle,1667,1690,1643,,362497.7355385584,6953216.573740239,28471.3974609375,98.99116963223442,96.2562727874119,48.991169632234424,46.25627278741191,12,1841,7.95270728767e-06,
3136,triangle,1644,1658,1643,,362665.032124135,6953410.616588882,21210.2763671875,87.56752791057184,78.90777048179085,37.567527910571826,28.907770481790838,12,1841,7.95270728767e-06,
3137,triangle,1668,1670,1638,,361069.5414762374,6953269.334399267,28845.28857421875,33.50044112803554,35.41048753997486,-16.499558871964464,-14.589512460025146,12,1841,7.95270728767e-06,
3138,triangle,1658,1677,1643,,362551.8259322997,6953470.118504207,15575.23828125,74.49106177907395,73.61868757967518,24.491061779073945,23.618687579675186,12,1841,7.95270728767e-06,
3139,triangle,286,1673,615,,363018.95133560704,6953295.280609225,3428.8271484375,69.71310823093684,70.03201644538221,19.713108230936843,20.032016445382215,12,1841,7.95270728767e-06,
3140,triangle,265,1672,266,,362368.951142557,6954559.983317241,3492.99658203125,26.327958746277513,26.114996666070482,-23.672041253722483,-23.885003333929518,12,1841,7.95270728767e-06,
3141,triangle,1655,1679,1654,,361706.17185144307,6954027.9900057195,13667.3759765625,28.19489040443414,29.13187779852935,-21.80510959556586,-20.86812220147065,12,1841,7.95270728767e-06,
3142,triangle,1641,1691,1648,,360613.38445461943,6953101.254638818,20935.8828125,39.44126412974695,36.72842000349369,-10.558735870253049,-13.271579996506311,12,1841,7.95270728767e-06,
3143,triangle,1637,1675,1674,,362231.7266476473,6953884.098981935,25515.56201171875,52.14673014594479,47.82150727128688,2.1467301459447823,-2.1784927287131217,12,1841,7.95270728767e-06,
3144,triangle,1661,1686,1660,,361833.410090813,6952312.299528528,31262.5673828125,90.65348693949852,93.91786963024423,40.65348693949852,43.91786963024423,12,1841,7.95270728767e-06,
3145,triangle,1666,1687,1680,,362119.0928151296,6952791.3137625875,26776.0859375,109.17003862513339,107.37739029029417,59.170038625133394,57.37739029029416,12,1841,7.95270728767e-06,
3146,triangle,1660,1686,1678,,361890.3663828531,6952439.336028931,26682.71826171875,96.74847995752461,96.96962452201164,46.7484799575246,46.96962452201165,12,1841,7.95270728767e-06,
3147,triangle,1674,1682,1642,,362280.18322344916,6954087.370403516,15677.9453125,46.98977632806914,43.75297440004774,-3.0102236719308566,-6.247025599952258,12,1841,7.95270728767e-06,
3148,triangle,1677,1689,1647,,362395.30466779956,6953569.601096994,11729.40283203125,62.80336497583352,62.5772029096797,12.803364975833519,12.577202909679697,12,1841,7.95270728767e-06,
3149,triangle,1671,1691,1641,,360724.1806919303,6953166.203276337,19541.8486328125,38.14881293477362,36.74868943458683,-11.851187065226378,-13.251310565413169,12,1841,7.95270728767e-06,
3150,triangle,1648,1692,41,,360426.5943877551,6953098.405612245,2633.13134765625,30.209590378692077,30.770999016036914,-19.790409621307916,-19.229000983963086,12,1841,7.95270728767e-06,
3151,triangle,264,1692,1648,,360451.5943877551,6953123.405612245,2633.130859375,29.742731820824773,30.204332095057097,-20.257268179175227,-19.795667904942903,12,1841,7.95270728767e-06,
3152,triangle,41,1692,40,,360389.0943877551,6953135.905612245,1585.61865234375,29.07134193561027,29.079331936111377,-20.928658064389726,-20.920668063888623,12,1841,7.95270728767e-06,
3153,triangle,40,1692,264,,360414.0943877551,6953160.905612245,1585.61865234375,28.50467501462917,28.51266501513156,-21.495324985370832,-21.48733498486844,12,1841,7.95270728767e-06,
3154,triangle,282,1693,283,,362952.0833333333,6953527.083333333,2578.125,66.88865803495035,66.8631941654064,16.888658034950346,16.863194165406405,12,1841,7.95270728767e-06,
3155,triangle,283,1693,284,,362977.0833333333,6953502.083333333,2578.125,67.0553247016174,67.02986083207307,17.055324701617398,17.029860832073073,12,1841,7.95270728767e-06,
3156,triangle,1642,1681,1645,,362272.32157205866,6954278.569996263,17800.06787109375,42.97946218921582,40.5272980318947,-7.02053781078418,-9.472701968105296,12,1841,7.95270728767e-06,
3157,triangle,1645,1685,1642,,362191.29263248114,6954304.2131822305,15239.0625,40.26137012716441,38.077273466040914,-9.738629872835594,-11.922726533959084,12,1841,7.95270728767e-06,
3158,triangle,1652,1683,1640,,361488.18213781394,6952051.0537444325,10744.96875,73.8546747728483,72.80672538914718,23.8546747728483,22.806725389147164,12,1841,7.95270728767e-06,
3159,triangle,1642,1682,1681,,362300.46275130037,6954179.126002149,15675.88525390625,45.130347892027785,41.430767166688184,-4.869652107972211,-8.569232833311817,12,1841,7.95270728767e-06,
3160,triangle,286,615,72,,363078.6534905914,6953301.737800315,2291.00537109375,68.73867812340475,69.21304480989609,18.738678123404767,19.213044809896097,12,1841,7.5456692958375e-06,
3161,triangle,297,1717,298,,363768.1599752892,6954745.418125707,6909.9638671875,57.4120079660062,61.09640166691266,7.412007966006201,11.09640166691266,12,1841,7.95270728767e-06,
3162,triangle,1695,1712,1701,,363014.4597377332,6953786.449042816,33308.50244140625,76.8299128612519,73.23114922193707,26.829912861251895,23.23114922193707,12,1841,7.95270728767e-06,
3163,triangle,75,1720,619,,363937.25028667133,6954158.443767144,9174.60546875,101.85863867589057,101.47922685301258,51.85863867589056,51.479226853012584,12,1841,7.836410718575001e-06,
3164,triangle,291,1699,292,,363374.0277797209,6955135.765957408,7335.705078125,40.52449683564268,37.740471492845536,-9.475503164357328,-12.259528507154462,12,1841,7.95270728767e-06,
3165,triangle,301,1700,302,,364040.9846904972,6954602.911065008,9124.2275390625,75.06628877245095,75.3813496153882,25.066288772450942,25.3813496153882,12,1841,7.95270728767e-06,
3166,triangle,1696,1713,1698,,362888.2443571675,6954781.655525143,34460.306640625,30.596427138782595,33.619203201713,-19.403572861217405,-16.380796798286998,12,1841,7.95270728767e-06,
3167,triangle,72,1703,286,,363114.42226623086,6953366.847811796,4121.43115234375,68.9071924445619,69.49318846101387,18.9071924445619,19.493188461013872,12,1841,7.603817580385e-06,
3168,triangle,290,1699,291,,363324.0277797209,6955160.765957408,4413.830078125,34.877850434157565,35.640470475592934,-15.122149565842433,-14.359529524407066,12,1841,7.95270728767e-06,
3169,triangle,292,1699,293,,363399.0277797209,6955085.765957408,5734.375,39.8522391902968,37.47380508049202,-10.147760809703202,-12.526194919507978,12,1841,7.95270728767e-06,
3170,triangle,300,1700,301,,363990.9846904972,6954627.911065008,5297.505859375,72.7888688438348,74.41468244009523,22.788868843834805,24.41468244009523,12,1841,7.95270728767e-06,
3171,triangle,302,1700,303,,364065.9846904972,6954552.911065008,6639.22216796875,78.8652663345642,78.54801628205486,28.8652663345642,28.548016282054864,12,1841,7.95270728767e-06,
3172,triangle,270,1714,269,,362516.83203452494,6954233.765897763,4706.10400390625,35.37024875946395,35.90603703717758,-14.62975124053605,-14.093962962822422,12,1841,7.95270728767e-06,
3173,triangle,272,1714,271,,362516.83203452494,6954133.765897763,4706.103515625,36.65304468970358,36.706036910021005,-13.346955310296424,-13.293963089978996,12,1841,7.95270728767e-06,
3174,triangle,286,1703,285,,363067.5364488236,6953391.847811796,6680.7294921875,68.4862071405169,69.23897763418205,18.486207140516882,19.238977634182046,12,1841,7.95270728767e-06,
3175,triangle,1709,1717,297,,363683.4248532797,6954778.502546544,14920.88671875,56.12493941828335,57.74712157549008,6.124939418283347,7.747121575490073,12,1841,7.95270728767e-06,
3176,triangle,112,1724,111,,362792.5916745393,6955082.054905415,6810.38623046875,22.8374997991638,23.43981277816535,-27.162500200836202,-26.56018722183465,12,1841,7.95270728767e-06,
3177,triangle,1706,1716,1696,,363316.1227541859,6954790.529441518,41855.517578125,52.72468431093306,50.34020355634508,2.724684310933054,0.3402035563450821,12,1841,7.95270728767e-06,
3178,triangle,108,1704,107,,362914.49652777775,6955350.83912037,7161.4580078125,23.963282082139376,23.901961590311284,-26.036717917860624,-26.098038409688716,12,1841,7.95270728767e-06,
3179,triangle,107,1704,106,,362964.49652777775,6955375.83912037,5530.5986328125,24.00854018351596,24.1686280026648,-25.99145981648404,-25.8313719973352,12,1841,7.95270728767e-06,
3180,triangle,233,1727,114,,362568.47426470584,6954856.5257352935,6969.2099609375,23.974002338048304,24.63789207366209,-26.025997661951696,-25.36210792633791,12,1841,7.95270728767e-06,
3181,triangle,113,1727,112,,362668.47426470584,6954956.5257352935,6969.20947265625,23.300078703759105,24.437891946505516,-26.69992129624089,-25.562108053494484,12,1841,7.95270728767e-06,
3182,triangle,296,1709,297,,363665.2648779905,6954858.084420837,5810.70361328125,49.86900490844825,50.98405324191074,-0.13099509155175665,0.9840532419107454,12,1841,7.95270728767e-06,
3183,triangle,1701,1710,1695,,363169.27020883624,6953889.178057317,81376.31640625,83.0426890152424,81.83720499060473,33.0426890152424,31.83720499060472,12,1841,7.95270728767e-06,
3184,triangle,269,1721,268,,362511.10286385333,6954359.554650043,4061.57177734375,33.67170845370834,33.616672208783974,-16.32829154629166,-16.383327791216022,12,1841,7.95270728767e-06,
3185,triangle,285,1703,284,,363042.5364488236,6953441.847811796,4785.3505859375,68.3868132232327,68.80564582672763,18.386813223232707,18.80564582672762,12,1841,7.95270728767e-06,
3186,triangle,273,1711,272,,362514.8199913022,6954011.032566194,4479.7490234375,38.795102139122335,38.383640142804026,-11.20489786087766,-11.616359857195974,12,1841,7.95270728767e-06,
3187,triangle,298,1717,299,,363818.1599752892,6954695.418125707,6909.96337890625,63.38305333633221,64.46306782495303,13.38305333633221,14.463067824953024,12,1841,7.95270728767e-06,
3188,triangle,109,1704,108,,362889.49652777775,6955300.83912037,4443.359375,23.708449810839433,23.535294796488042,-26.291550189160567,-26.464705203511958,12,1841,7.95270728767e-06,
3189,triangle,1701,1723,1710,,363354.14828128245,6953820.120608707,26266.2353515625,89.88294807208408,89.99444077974188,39.882948072084076,39.994440779741865,12,1841,7.95270728767e-06,
3190,triangle,1696,1698,1694,,362992.4015275614,6954629.639208625,78882.33837890625,39.898936282056695,43.64615240217634,-10.101063717943312,-6.353847597823663,12,1841,7.95270728767e-06,
3191,triangle,74,1710,618,,363617.14934878494,6953894.6877416475,45655.41845703125,98.46760838890259,95.95651047839338,48.46760838890259,45.95651047839336,12,1841,7.836410718575001e-06,
3192,triangle,617,1701,73,,363341.940265124,6953572.026383064,23375.48046875,87.05391050823562,84.72543833330259,37.05391050823563,34.7254383333026,12,1841,7.778262434027501e-06,
3193,triangle,289,1699,290,,363274.0277797209,6955160.765957408,4413.82958984375,32.00378700421926,32.40713688794645,-17.996212995780738,-17.59286311205355,12,1841,7.95270728767e-06,
3194,triangle,299,1700,300,,363940.9846904972,6954627.911065008,5297.5048828125,73.58207009618411,73.21468294872153,23.58207009618411,23.21468294872153,12,1841,7.95270728767e-06,
3195,triangle,271,1714,270,,362516.83203452494,6954183.765897763,4706.10400390625,35.973113611704534,36.43937049766749,-14.026886388295463,-13.560629502332512,12,1841,7.95270728767e-06,
3196,triangle,1694,1706,1696,,363229.47930656676,6954628.794766635,68218.75,53.9196193983102,54.19388334154217,3.919619398310204,4.193883341542164,12,1841,7.95270728767e-06,
3197,triangle,106,1704,287,,363014.49652777775,6955350.83912037,6712.240234375,24.745387498404803,24.535294160705163,-25.254612501595197,-25.464705839294837,12,1841,7.95270728767e-06,
3198,triangle,275,1708,274,,362497.9166666667,6953866.25,2578.125,41.4912494023655,41.55361059506732,-8.508750597634503,-8.44638940493268,12,1841,7.95270728767e-06,
3199,triangle,282,1705,281,,362865.2292174927,6953589.068280481,4395.18115234375,67.80661237273931,67.07977908187974,17.806612372739313,17.079779081879735,12,1841,7.95270728767e-06,
3200,triangle,76,1715,620,,364109.37516742805,6954399.983147073,7565.6962890625,87.04094887698756,87.62672447780308,37.040948876987564,37.62672447780307,12,1841,7.836410718575001e-06,
3201,triangle,616,1703,72,,363171.14503232826,6953387.047750563,6955.681640625,70.27399359621111,71.15882465875005,20.273993596211128,21.15882465875003,12,1841,7.72011414948e-06,
3202,triangle,73,1703,616,,363240.819041322,6953427.447692819,6955.70361328125,75.97831284614772,75.89719037467165,25.978312846147716,25.89719037467164,12,1841,7.5456692958375e-06,
3203,triangle,293,1716,294,,363457.9164874139,6954976.339974252,7396.14794921875,40.06472448141385,41.50955149184307,-9.935275518586154,-8.490448508156932,12,1841,7.95270728767e-06,
3204,triangle,1695,1710,1694,,363145.42006794777,6954129.60074335,121189.849609375,74.91040507190651,74.02627001596461,24.910405071906506,24.026270015964595,12,1841,7.95270728767e-06,
3205,triangle,1696,1716,1699,,363265.57275490137,6954939.639840915,30181.6962890625,43.5562048880837,39.41627699811011,-6.443795111916304,-10.583723001889886,12,1841,7.95270728767e-06,
3206,triangle,1698,1707,1694,,362894.6610522434,6954460.221951914,55164.669921875,42.77166030053295,46.951235207235804,-7.228339699467049,-3.048764792764197,12,1841,7.95270728767e-06,
3207,triangle,268,1721,267,,362511.10286385333,6954409.554650043,4061.572265625,33.11365221817606,32.85000579643046,-16.88634778182394,-17.149994203569538,12,1841,7.95270728767e-06,
3208,triangle,1701,1712,283,,363057.8552152847,6953647.971079454,18110.5791015625,71.64509625506297,73.13351589589469,21.645096255062963,23.133515895894693,12,1841,7.95270728767e-06,
3209,triangle,284,1703,283,,363042.5364488236,6953491.847811796,4785.3505859375,68.55433198489403,68.33897865143466,18.554331984894027,18.33897865143465,12,1841,7.95270728767e-06,
3210,triangle,111,1724,110,,362842.5916745393,6955132.054905415,6810.38623046875,23.34442852825901,23.306479571988593,-26.65557147174099,-26.693520428011407,12,1841,7.95270728767e-06,
3211,triangle,283,1712,282,,362962.73203460145,6953598.788466117,5488.70263671875,68.11536415581274,68.5926847577398,18.115364155812745,18.592684757739807,12,1841,7.95270728767e-06,
3212,triangle,274,1711,273,,362514.8199913022,6953961.032566194,4479.7490234375,39.844391800856855,39.816973221824206,-10.155608199143144,-10.183026778175792,12,1841,7.95270728767e-06,
3213,triangle,620,1720,75,,363996.4624453995,6954242.849055334,12864.130859375,100.60782738227947,99.39900465545811,50.60782738227945,49.39900465545813,12,1841,7.72011414948e-06,
3214,triangle,619,1719,74,,363815.6656031941,6954044.397209394,13762.76123046875,100.94536505585754,101.04730653203087,50.945365055857536,51.04730653203088,12,1841,7.8945590031225e-06,
3215,triangle,1711,1714,272,,362556.65202582715,6954069.798463956,13385.90185546875,41.123801430694144,40.38967628988558,-8.876198569305863,-9.610323710114423,12,1841,7.95270728767e-06,
3216,triangle,1714,1721,269,,362552.9348983783,6954293.320547807,13203.72265625,36.41632641203814,37.35604194351202,-13.583673587961862,-12.643958056487987,12,1841,7.95270728767e-06,
3217,triangle,283,1703,1701,,363112.6596295068,6953566.030425131,19875.5576171875,73.70866235045801,72.71314312292287,23.708662350458013,22.713143122922872,12,1841,7.95270728767e-06,
3218,triangle,234,1702,233,,362469.74571078434,6954763.587622549,6317.78515625,26.20921620735154,26.110580322626262,-23.790783792648458,-23.88941967737374,12,1841,7.95270728767e-06,
3219,triangle,1694,1707,1695,,362938.7655746919,6954236.199915276,62363.9462890625,54.81804631486735,56.96553424627052,4.818046314867354,6.9655342462705265,12,1841,7.95270728767e-06,
3220,triangle,1713,1724,112,,362809.7075439401,6954998.676521302,19093.5732421875,23.93247080353086,24.97609434611586,-26.06752919646914,-25.02390565388414,12,1841,7.95270728767e-06,
3221,triangle,287,1704,288,,363064.49652777775,6955300.83912037,6712.2392578125,25.803394980683493,26.468627875508222,-24.196605019316507,-23.531372124491778,12,1841,7.95270728767e-06,
3222,triangle,619,1720,1719,,363850.47001527593,6954156.080343139,20305.9912109375,104.82944060922696,104.33733742923009,54.829440609226964,54.33733742923008,12,1841,7.95270728767e-06,
3223,triangle,110,1704,109,,362889.49652777775,6955250.83912037,4443.359375,24.24961809105667,23.56862825697795,-25.750381908943325,-26.43137174302205,12,1841,7.95270728767e-06,
3224,triangle,1708,1725,1711,,362601.84528755414,6953843.465424069,10207.798828125,49.99768529665564,50.03606529555822,-0.002314703344360014,0.036065295558225095,12,1841,7.95270728767e-06,
3225,triangle,299,1717,1700,,363859.14466578636,6954623.329190713,12373.9921875,73.10316477727872,73.67775077367456,23.103164777278725,23.677750773674557,12,1841,7.95270728767e-06,
3226,triangle,288,1718,289,,363157.9008368301,6955204.389692389,7054.8154296875,29.37038758304739,29.553928048099237,-20.62961241695261,-20.446071951900763,12,1841,7.95270728767e-06,
3227,triangle,1702,1727,233,,362563.2199754903,6954795.113357843,11799.7470703125,27.84062189973185,27.481805983934837,-22.15937810026815,-22.518194016065166,12,1841,7.95270728767e-06,
3228,triangle,1707,1714,1695,,362759.3245694221,6954155.360513671,41778.63916015625,53.94067326123152,52.10834038787768,3.94067326123152,2.108340387877684,12,1841,7.95270728767e-06,
3229,triangle,1701,1703,73,,363229.2194559078,6953531.430367387,27605.8896484375,80.85556079406392,78.17238684096928,30.855560794063905,28.172386840969278,12,1841,7.95270728767e-06,
3230,triangle,267,1726,266,,362461.39967382775,6954515.122828159,5796.28125,28.44494841204718,29.27630223347157,-21.55505158795282,-20.723697766528435,12,1841,7.95270728767e-06,
3231,triangle,280,1705,279,,362765.2292174927,6953614.068280481,6108.4677734375,62.59527464088431,63.21311165227362,12.59527464088431,13.213111652273616,12,1841,7.95270728767e-06,
3232,triangle,1706,1717,1709,,363583.00263228506,6954715.158104554,28475.75927734375,65.05151777709997,62.478185275984636,15.051517777099978,12.478185275984643,12,1841,7.95270728767e-06,
3233,triangle,74,1719,1710,,363655.5011343032,6954028.27268986,34078.27734375,104.58748117275636,101.0000220905461,54.587481172756355,51.000022090546075,12,1841,7.95270728767e-06,
3234,triangle,289,1718,1699,,363206.9286165509,6955140.155649796,9661.23095703125,31.98224811158478,31.961065571828566,-18.01775188841522,-18.038934428171434,12,1841,7.95270728767e-06,
3235,triangle,112,1727,1713,,362735.59013410675,6954923.147351182,14691.66748046875,24.3778456194971,25.774173387299452,-25.6221543805029,-24.225826612700548,12,1841,7.95270728767e-06,
3236,triangle,114,1727,113,,362618.47426470584,6954906.5257352935,6969.2099609375,23.2300182261893,24.537891692192364,-26.7699817738107,-25.462108307807636,12,1841,7.95270728767e-06,
3237,triangle,1695,1725,1705,,362785.9423695264,6953793.729101717,24866.5087890625,66.88973752396002,65.04289210639674,16.889737523960022,15.042892106396744,12,1841,7.95270728767e-06,
3238,triangle,303,1715,76,,364122.45603410463,6954472.93585873,4553.92529296875,82.15005004583512,82.82758786550563,32.150050045835115,32.827587865505635,12,1841,7.8945590031225e-06,
3239,triangle,1697,1706,1694,,363417.1432983312,6954471.536693468,65731.5947265625,76.94489828359357,75.17433243197245,26.944898283593588,25.17433243197244,12,1841,7.95270728767e-06,
3240,triangle,266,1726,265,,362436.39967382775,6954565.122828159,4094.9638671875,27.124477622623363,27.80963569396148,-22.875522377376637,-22.19036430603853,12,1841,7.95270728767e-06,
3241,triangle,276,1708,275,,362497.9166666667,6953816.25,2578.125,42.59305455419904,42.58694341977435,-7.406945445800955,-7.413056580225647,12,1841,7.95270728767e-06,
3242,triangle,281,1705,280,,362815.2292174927,6953589.068280481,4395.181640625,65.49641082728921,65.6464447312938,15.49641082728921,15.646444731293798,12,1841,7.95270728767e-06,
3243,triangle,294,1709,295,,363565.2648779905,6954933.084420837,4715.5029296875,43.90425804620191,44.88405349622389,-6.095741953798089,-5.115946503776104,12,1841,7.95270728767e-06,
3244,triangle,618,1723,617,,363501.9140056302,6953688.541748007,17283.29833984375,92.68513753388892,91.52545468963437,42.68513753388892,41.52545468963436,12,1841,7.603817580385e-06,
3245,triangle,277,1708,276,,362522.9166666667,6953766.25,4406.25,46.26736025810391,48.320277007420835,-3.7326397418960866,-1.6797229925791626,12,1841,7.95270728767e-06,
3246,triangle,295,1709,296,,363615.2648779905,6954908.084420837,5810.7041015625,46.42271285063879,47.617385812304626,-3.577287149361212,-2.3826141876953746,12,1841,7.95270728767e-06,
3247,triangle,1700,1715,303,,364044.9089819941,6954494.378666345,9181.2490234375,85.46843268053605,84.84090739493028,35.46843268053606,34.84090739493028,12,1841,7.95270728767e-06,
3248,triangle,110,1724,1704,,362907.08820231707,6955182.894025785,9678.310546875,26.053016820454943,24.875107828966545,-23.946983179545065,-25.124892171033455,12,1841,7.95270728767e-06,
3249,triangle,1705,1712,1695,,362884.56577454257,6953776.334709958,20533.8095703125,72.37048708485348,69.23676179782338,22.37048708485348,19.236761797823373,12,1841,7.95270728767e-06,
3250,triangle,1721,1726,267,,362522.5025376812,6954474.677478202,7310.79443359375,33.10160348452085,32.79297406078582,-16.898396515479153,-17.207025939214184,12,1841,7.95270728767e-06,
3251,triangle,278,1725,277,,362614.10862958524,6953691.182857875,6220.29248046875,57.88929092422022,58.19881557493948,7.889290924220219,8.198815574939482,12,1841,7.95270728767e-06,
3252,triangle,265,1726,1722,,362447.84881598473,6954610.340352667,3820.484375,26.82604751263602,27.366441104620005,-23.173952487363977,-22.633558895380002,12,1841,7.95270728767e-06,
3253,triangle,294,1716,1709,,363498.18136540445,6954909.424395089,9563.04931640625,43.09522194952538,45.26027114610733,-6.904778050474619,-4.739728853892672,12,1841,7.95270728767e-06,
3254,triangle,1715,1720,620,,364020.08052728703,6954336.69087867,10551.45751953125,97.68838470486847,96.32793879308515,47.688384704868476,46.32793879308516,12,1841,7.95270728767e-06,
3255,triangle,279,1725,278,,362664.10862958524,6953666.182857875,4633.07177734375,59.065904391168445,58.59881582925263,9.065904391168448,8.598815829252633,12,1841,7.95270728767e-06,
3256,triangle,1710,1723,618,,363489.19925329485,6953832.615401155,23566.908203125,95.34327261386628,93.99883173894052,45.34327261386629,43.99883173894052,12,1841,7.95270728767e-06,
3257,triangle,1711,1725,1695,,362710.53314333595,6953890.69338743,29117.33154296875,56.353092170104375,57.08008675496752,6.353092170104381,7.08008675496752,12,1841,7.95270728767e-06,
3258,triangle,1699,1716,293,,363381.9442671347,6955012.105931659,11989.0341796875,40.14392018927282,39.81668863410267,-9.856079810727179,-10.18331136589733,12,1841,7.95270728767e-06,
3259,triangle,1694,1710,1697,,363410.10802503023,6954261.3986160755,100382.470703125,89.3659447095232,85.00867541592571,39.3659447095232,35.008675415925694,12,1841,7.95270728767e-06,
3260,triangle,1709,1716,1706,,363472.7591444098,6954796.0799531,21775.93115234375,54.63501418138653,54.491334846601895,4.635014181386532,4.491334846601898,12,1841,7.95270728767e-06,
3261,triangle,282,1712,1705,,362902.9612520941,6953637.856746596,9872.2431640625,69.60264113773454,69.17246383961954,19.60264113773453,19.172463839619542,12,1841,7.95270728767e-06,
3262,triangle,1708,1711,274,,362537.7366579689,6953902.282566194,7185.39453125,42.77123083847239,42.97058356257838,-7.228769161527611,-7.029416437421621,12,1841,7.95270728767e-06,
3263,triangle,1697,1717,1706,,363614.03023382556,6954552.349519804,41309.6396484375,81.41870042951477,79.30750307615811,31.418700429514782,29.307503076158103,12,1841,7.95270728767e-06,
3264,triangle,1705,1725,279,,362729.3378470779,6953680.251138355,8144.896484375,62.91363248130426,62.27859338525345,12.913632481304257,12.278593385253464,12,1841,7.95270728767e-06,
3265,triangle,617,1723,1701,,363366.8630336178,6953676.046955559,21156.2568359375,88.71845597368443,87.5210637304357,38.71845597368443,37.521063730435706,12,1841,7.95270728767e-06,
3266,triangle,1697,1720,1700,,363841.514272495,6954391.362890084,33060.04541015625,112.29199754759522,98.09729839205136,62.29199754759523,48.097298392051364,12,1841,7.95270728767e-06,
3267,triangle,1695,1714,1711,,362688.25654827553,6954033.276427318,30018.935546875,51.37868096701327,51.32064167769553,1.3786809670132734,1.3206416776955272,12,1841,7.95270728767e-06,
3268,triangle,265,1722,235,,362386.44914215687,6954645.21752451,3562.5,24.69134940330227,25.05680604644141,-25.30865059669773,-24.94319395355859,12,1841,7.95270728767e-06,
3269,triangle,1698,1726,1721,,362610.0025376812,6954537.177478202,21516.947265625,37.99880938588446,35.24297387005095,-12.001190614115533,-14.757026129949047,12,1841,7.95270728767e-06,
3270,triangle,1698,1721,1707,,362709.49087630206,6954455.1713025905,32345.96337890625,41.5706899904324,40.53801010809584,-8.429310009567589,-9.461989891904155,12,1841,7.95270728767e-06,
3271,triangle,234,1722,1702,,362456.1948529412,6954708.805147059,5408.89306640625,26.410132385136187,27.00071906661812,-23.58986761486381,-22.99928093338188,12,1841,7.95270728767e-06,
3272,triangle,1700,1717,1697,,363780.43714531744,6954518.605026801,37000.60546875,91.6118147065015,85.49112181575875,41.611814706501505,35.49112181575876,12,1841,7.95270728767e-06,
3273,triangle,1704,1718,288,,363072.39736460784,6955230.228812759,12482.68603515625,28.36243728635361,28.78922297174385,-21.63756271364639,-21.210777028256146,12,1841,7.95270728767e-06,
3274,triangle,1700,1720,1715,,363974.1460844609,6954412.554655335,16393.22021484375,97.83557284809376,94.71015230480221,47.83557284809375,44.710152304802214,12,1841,7.95270728767e-06,
3275,triangle,235,1722,234,,362386.44914215687,6954695.21752451,4638.5576171875,24.25364323777324,24.59013887114844,-25.746356762226753,-25.40986112885156,12,1841,7.95270728767e-06,
3276,triangle,1699,1718,1696,,363165.55710431765,6955017.689559053,30248.3701171875,36.25669337734928,34.52732111112898,-13.74330662265072,-15.472678888871021,12,1841,7.95270728767e-06,
3277,triangle,1710,1719,1697,,363607.3609234495,6954167.055670705,38464.734375,108.90139946477701,101.8675129619172,58.901399464777015,51.86751296191719,12,1841,7.95270728767e-06,
3278,triangle,1702,1726,1698,,362593.6453846122,6954641.210450706,15756.4169921875,35.601916507993415,33.103548777716476,-14.398083492006585,-16.89645122228352,12,1841,7.95270728767e-06,
3279,triangle,1704,1724,1718,,362989.9890391472,6955162.283718175,18013.4970703125,29.692195590521877,27.76236921039911,-20.307804409478123,-22.237630789600885,12,1841,7.95270728767e-06,
3280,triangle,1698,1727,1702,,362650.7199754903,6954732.613357843,18812.04052734375,35.35460734034925,32.065138999376735,-14.645392659650753,-17.93486100062327,12,1841,7.95270728767e-06,
3281,triangle,1719,1720,1697,,363769.05552021175,6954258.714179075,25287.48779296875,111.52303648203676,104.90468350342202,61.52303648203676,54.904683503422035,12,1841,7.95270728767e-06,
3282,triangle,1696,1724,1713,,362943.3360317068,6954926.210430559,28560.90283203125,29.069913032247086,29.80901629776979,-20.930086967752914,-20.19098370223021,12,1841,7.95270728767e-06,
3283,triangle,1713,1727,1698,,362748.09013410675,6954785.647351182,15973.21826171875,30.784910247148595,30.59083999038783,-19.215089752851405,-19.40916000961217,12,1841,7.95270728767e-06,
3284,triangle,1718,1724,1696,,363034.12099913607,6955013.97850706,30007.6552734375,31.763419610103,31.09332982605491,-18.236580389897,-18.90667017394509,12,1841,7.95270728767e-06,
3285,triangle,1707,1721,1714,,362663.82291082694,6954301.437200353,24823.82373046875,43.37036560976248,42.36071349404866,-6.62963439023752,-7.639286505951348,12,1841,7.95270728767e-06,
3286,triangle,277,1725,1708,,362587.02529625193,6953757.432857875,7411.25341796875,53.48953189711652,54.35242591569365,3.489531897116524,4.352425915693653,12,1841,7.95270728767e-06,
3287,triangle,1722,1726,1702,,362492.59452676895,6954648.927975216,6571.77197265625,28.784547180323038,29.410354506266447,-21.21545281967696,-20.589645493733553,12,1841,7.95270728767e-06,
3288,triangle,1739,1744,82,,364588.6526091476,6955592.081451935,17811.01806640625,44.2544250563351,46.846970968390956,-5.745574943664897,-3.1530290316090466,12,1841,7.95270728767e-06,
3289,triangle,82,1744,81,,364673.5855225708,6955559.146696605,7567.62548828125,42.43416206321869,45.452034139832215,-7.565837936781303,-4.547965860167788,12,1841,7.95270728767e-06,
3290,triangle,96,1741,95,,363837.5,6955687.5,5625.0,23.50833352406814,23.52500057220459,-26.49166647593186,-26.47499942779541,12,1841,7.95270728767e-06,
3291,triangle,296,1752,295,,363691.16048397636,6954940.2586832335,6347.15673828125,50.66109686908514,51.11776275665803,0.6610968690851489,1.1177627566580277,12,1841,7.95270728767e-06,
3292,triangle,290,1734,289,,363285.13888888893,6955246.25,5203.125,35.95309439753637,34.84572118229352,-14.046905602463635,-15.154278817706478,12,1841,7.95270728767e-06,
3293,triangle,289,1734,288,,363235.13888888893,6955271.25,9156.25,33.745749760737795,33.67905515140973,-16.254250239262213,-16.32094484859027,12,1841,7.95270728767e-06,
3294,triangle,91,1740,90,,364203.9663657663,6955901.044976431,5953.65625,23.027595652449808,23.10489255116804,-26.972404347550196,-26.89510744883196,12,1841,7.95270728767e-06,
3295,triangle,83,1739,82,,364565.0670865768,6955682.934755329,5849.79296875,34.5416053851373,35.66160260512938,-15.458394614862698,-14.33839739487062,12,1841,7.95270728767e-06,
3296,triangle,298,1742,297,,363837.5,6954787.5,5625.0,62.49166647593171,62.89166704813639,12.491666475931712,12.891667048136393,12,1841,7.95270728767e-06,
3297,triangle,90,1740,89,,364241.4663657663,6955938.544976431,2976.828125,22.272451488880392,23.2298922332766,-27.727548511119608,-26.7701077667234,12,1841,7.95270728767e-06,
3298,triangle,288,1734,103,,363235.13888888893,6955346.25,11140.625,37.182073965782806,31.47905566003603,-12.817926034217185,-18.520944339963965,12,1841,7.95270728767e-06,
3299,triangle,92,1733,91,,364140.2645603642,6955794.814835015,10738.09375,27.16713210285157,25.08062610123596,-22.83286789714843,-24.91937389876404,12,1841,7.95270728767e-06,
3300,triangle,1738,1742,301,,364042.99812830146,6954740.829698603,9927.19580078125,77.97606231135522,79.56211862729964,27.97606231135522,29.56211862729965,12,1841,7.95270728767e-06,
3301,triangle,77,1745,623,,364397.3371906751,6955015.544161732,21587.208984375,99.4427237549966,99.56342729857703,49.44272375499659,49.56342729857702,12,1841,7.8945590031225e-06,
3302,triangle,79,1749,78,,364859.2709483464,6955546.259169839,2251.20068359375,41.47231665602945,42.95455686009939,-8.527683343970548,-7.045443139900617,12,1841,7.95270728767e-06,
3303,triangle,80,1749,79,,364823.0213834615,6955557.508734723,1967.767578125,39.45576866216355,40.138910781691564,-10.544231337836447,-9.861089218308434,12,1841,7.95270728767e-06,
3304,triangle,292,1743,291,,363453.63441336976,6955198.616127789,8690.685546875,41.029559869453465,41.16106243435875,-8.970440130546539,-8.838937565641247,12,1841,7.95270728767e-06,
3305,triangle,1729,1731,96,,363835.1430683394,6955529.902606897,32920.45556640625,47.67120564473454,39.62242159135192,-2.328794355265459,-10.377578408648075,12,1841,7.95270728767e-06,
3306,triangle,1731,1741,96,,363900.0,6955625.0,15468.75,39.933334350585895,32.42500019073486,-10.066665649414105,-17.574999809265137,12,1841,7.95270728767e-06,
3307,triangle,93,1741,92,,363987.5,6955762.5,4218.75,22.925000349680538,23.158333778381348,-27.074999650319462,-26.841666221618652,12,1841,7.95270728767e-06,
3308,triangle,97,1735,96,,363685.73131765943,6955619.03602463,3483.447265625,22.79680937152249,22.460334242454607,-27.20319062847751,-27.539665757545393,12,1841,7.95270728767e-06,
3309,triangle,301,1742,300,,363987.5,6954712.5,4218.75,70.72499910990393,70.29166603088379,20.724999109903933,20.29166603088379,12,1841,7.95270728767e-06,
3310,triangle,89,1740,87,,364291.4663657663,6955938.544976431,5225.5517578125,23.405657139784747,23.89655889994327,-26.59434286021525,-26.10344110005673,12,1841,7.95270728767e-06,
3311,triangle,103,1746,288,,363162.5,6955375.0,8437.5,27.89999983045789,24.733333587646484,-22.100000169542113,-25.266666412353516,12,1841,7.95270728767e-06,
3312,triangle,92,1741,1731,,364000.0,6955675.0,12656.25,35.88888973659948,32.09166685740153,-14.11111026340052,-17.90833314259847,12,1841,7.95270728767e-06,
3313,triangle,96,1735,1729,,363708.37438599876,6955536.438631527,14267.29931640625,37.695090401735115,33.01608954860959,-12.304909598264885,-16.983910451390408,12,1841,7.95270728767e-06,
3314,triangle,102,1734,101,,363335.13888888893,6955446.25,6046.875,26.53852478881298,28.61238823042991,-23.46147521118702,-21.387611769570086,12,1841,7.95270728767e-06,
3315,triangle,291,1734,290,,363335.13888888893,6955246.25,5203.125,39.34156686983282,38.07905476994,-10.658433130167179,-11.920945230059994,12,1841,7.95270728767e-06,
3316,triangle,288,1746,287,,363112.5,6955350.0,4218.75,26.399999618530273,25.099999745686848,-23.600000381469727,-24.900000254313152,12,1841,7.95270728767e-06,
3317,triangle,1731,1733,92,,364102.7645603642,6955682.314835015,27395.83642578125,34.27022927261714,33.78062559260966,-15.729770727382867,-16.219374407390344,12,1841,7.95270728767e-06,
3318,triangle,302,1738,301,,364105.49812830146,6954678.329698603,6618.130859375,77.33645413797626,78.27045259641585,27.33645413797626,28.27045259641586,12,1841,7.95270728767e-06,
3319,triangle,624,1750,77,,364517.13074869645,6955142.999610066,14241.38623046875,100.73233601254427,98.36278541680015,50.73233601254428,48.36278541680016,12,1841,7.95270728767e-06,
3320,triangle,103,1734,102,,363285.13888888893,6955421.25,7187.5,25.01375011302925,29.245722072389544,-24.986249886970747,-20.75427792761045,12,1841,7.95270728767e-06,
3321,triangle,1730,1744,1739,,364483.00453169673,6955518.285297032,36701.9921875,63.382642653447704,55.10012581980241,13.382642653447709,5.100125819802415,12,1841,7.95270728767e-06,
3322,triangle,78,1749,626,,364837.56416165945,6955493.414446459,6229.81640625,44.32285767035739,47.86169847706166,-5.677142329642602,-2.138301522938333,12,1841,7.95270728767e-06,
3323,triangle,1737,1747,1743,,363616.3846884242,6955163.017749775,17832.296875,45.50263356644843,47.42446622436057,-4.4973664335515675,-2.5755337756394288,12,1841,7.95270728767e-06,
3324,triangle,295,1747,1737,,363637.7502750543,6955064.401621986,11399.2001953125,46.62561979131744,46.83007071098164,-3.3743802086825605,-3.169929289018363,12,1841,7.95270728767e-06,
3325,triangle,621,1738,302,,364176.75391727715,6954657.524780939,10996.83935546875,92.8638815001334,90.38664116684744,42.863881500133395,40.38664116684745,12,1841,7.8945590031225e-06,
3326,triangle,1733,1739,85,,364380.33164694096,6955727.749590344,13354.1474609375,39.78886111943389,35.1755624211684,-10.211138880566109,-14.824437578831601,12,1841,7.95270728767e-06,
3327,triangle,623,1748,622,,364339.1469147859,6954854.181450038,13950.70751953125,102.43190503128359,102.87280996267492,52.43190503128359,52.87280996267492,12,1841,7.836410718575001e-06,
3328,triangle,1742,1752,297,,363828.66048397636,6954852.7586832335,12231.78125,62.96339731289259,63.04276390106721,12.963397312892587,13.04276390106721,12,1841,7.95270728767e-06,
3329,triangle,1745,1748,623,,364306.3811010597,6954970.794290081,18790.1953125,95.6868138717551,97.51200794915042,45.686813871755106,47.512007949150416,12,1841,7.95270728767e-06,
3330,triangle,77,1750,1745,,364395.95774933114,6955122.560189035,20762.79638671875,96.54630056995133,95.7710307623808,46.54630056995132,45.771030762380796,12,1841,7.95270728767e-06,
3331,triangle,295,1752,1747,,363716.41075903067,6955017.16030522,17655.03125,52.32438552943174,52.797834167000836,2.3243855294317406,2.7978341670008304,12,1841,7.95270728767e-06,
3332,triangle,99,1735,98,,363585.73131765943,6955594.03602463,4690.720703125,20.475491975531867,22.460334878237486,-29.52450802446813,-27.539665121762514,12,1841,7.95270728767e-06,
3333,triangle,101,1736,100,,363439.7224101151,6955512.460531011,5879.4609375,22.704685071553584,25.767082170087132,-27.295314928446416,-24.232917829912868,12,1841,7.95270728767e-06,
3334,triangle,294,1737,293,,363512.5,6955037.5,5625.0,39.94444370269777,40.383334159851074,-10.055556297302225,-9.616665840148926,12,1841,7.95270728767e-06,
3335,triangle,85,1740,1733,,364319.2309261305,6955795.859811445,13254.0341796875,33.706344848156945,30.952185064757515,-16.29365515184306,-19.047814935242485,12,1841,7.95270728767e-06,
3336,triangle,622,1738,621,,364250.7315947862,6954709.442973517,14882.33984375,106.22675961351243,102.28783352429893,56.22675961351244,52.287833524298925,12,1841,7.836410718575001e-06,
3337,triangle,1733,1740,91,,364219.23092613043,6955820.859811445,13590.982421875,29.265990222654448,28.15218519191409,-20.734009777345552,-21.84781480808591,12,1841,7.95270728767e-06,
3338,triangle,1730,1751,1744,,364508.1337414103,6955397.658782996,20776.2080078125,80.74597796859459,71.03346335689771,30.74597796859459,21.033463356897702,12,1841,7.95270728767e-06,
3339,triangle,1743,1747,1729,,363676.52775676345,6955267.920356672,28617.802734375,50.98997459996222,50.730221212624116,0.9899745999622154,0.7302212126241171,12,1841,7.95270728767e-06,
3340,triangle,625,1751,624,,364622.92020159634,6955256.841565036,11321.13720703125,89.16679557306632,87.2200342404073,39.16679557306632,37.2200342404073,12,1841,7.6619658649325e-06,
3341,triangle,1728,1745,1730,,364188.7898200433,6955261.277681335,48711.3115234375,72.84975769200838,71.37713285313343,22.849757692008374,21.377132853133435,12,1841,7.95270728767e-06,
3342,triangle,297,1752,296,,363741.16048397636,6954890.2586832335,6347.15625,55.10469118495106,54.48443018626415,5.104691184951067,4.484430186264148,12,1841,7.95270728767e-06,
3343,triangle,1737,1743,292,,363516.13441336976,6955161.116127789,9814.65771484375,41.06289269416051,42.177729164603704,-8.937107305839493,-7.822270835396293,12,1841,7.95270728767e-06,
3344,triangle,1730,1731,1728,,364110.0779562604,6955405.246648714,47654.1904296875,48.079083081034355,56.80340841293367,-1.9209169189656476,6.80340841293367,12,1841,7.95270728767e-06,
3345,triangle,626,1744,625,,364722.21777804167,6955386.864843319,12017.66357421875,57.45649741480285,65.15212472947421,7.456497414802845,15.152124729474215,12,1841,7.8945590031225e-06,
3346,triangle,85,1739,84,,364465.0670865768,6955757.934755329,4732.33984375,33.99920255544178,33.59493695571532,-16.000797444558227,-16.405063044284685,12,1841,7.95270728767e-06,
3347,triangle,86,1740,85,,364378.9663657663,6955851.044976431,5178.7841796875,30.56131995154058,28.97155934499128,-19.43868004845942,-21.02844065500872,12,1841,7.95270728767e-06,
3348,triangle,94,1741,93,,363937.5,6955762.5,4218.75,21.075000286102295,23.425000190734863,-28.924999713897705,-26.574999809265137,12,1841,7.95270728767e-06,
3349,triangle,98,1735,97,,363635.73131765943,6955619.03602463,3483.447265625,21.199544912016623,22.493667702944517,-28.80045508798338,-27.506332297055483,12,1841,7.95270728767e-06,
3350,triangle,100,1736,99,,363489.7224101151,6955537.460531011,4223.1904296875,24.184570948998598,25.567082678713433,-25.815429051001402,-24.432917321286567,12,1841,7.95270728767e-06,
3351,triangle,293,1737,292,,363487.5,6955087.5,4218.75,39.17500019073486,39.55000082651774,-10.824999809265137,-10.44999917348226,12,1841,7.95270728767e-06,
3352,triangle,295,1737,294,,363562.5,6955012.5,4218.75,42.42500019073486,42.416666984558105,-7.574999809265137,-7.5833330154418945,12,1841,7.95270728767e-06,
3353,triangle,300,1742,299,,363937.5,6954712.5,4218.75,68.22500038146973,69.09166653951009,18.225000381469727,19.09166653951009,12,1841,7.95270728767e-06,
3354,triangle,84,1739,83,,364515.0670865768,6955732.934755329,5849.79248046875,35.157205261440915,34.19493670140216,-14.842794738559082,-15.805063298597835,12,1841,7.95270728767e-06,
3355,triangle,87,1740,86,,364353.9663657663,6955901.044976431,5061.2236328125,27.507132431740736,26.70489229685489,-22.492867568259268,-23.29510770314511,12,1841,7.95270728767e-06,
3356,triangle,95,1741,94,,363887.5,6955737.5,5625.0,20.15833388434516,23.458333651224773,-29.841666115654842,-26.541666348775227,12,1841,7.95270728767e-06,
3357,triangle,299,1742,298,,363887.5,6954737.5,5625.0,66.45277998182515,66.25833320617676,16.452779981825145,16.258333206176758,12,1841,7.95270728767e-06,
3358,triangle,291,1743,1734,,363413.7733022587,6955269.866127789,12741.9912109375,44.16827323289527,42.74011720429875,-5.8317267671047315,-7.259882795701244,12,1841,7.95270728767e-06,
3359,triangle,1732,1742,1738,,364034.9350924489,6954841.268068389,20473.3671875,91.01810061587703,86.04976227344575,41.018100615877024,36.04976227344575,12,1841,7.95270728767e-06,
3360,triangle,1745,1750,1730,,364335.8839173582,6955251.392218734,23811.6455078125,83.31660792538628,80.687344833385,33.31660792538628,30.687344833384984,12,1841,7.95270728767e-06,
3361,triangle,1730,1733,1731,,364197.1164829133,6955558.518680113,40260.39697265625,38.922256316521285,47.36711314157157,-11.07774368347871,-2.6328868584284257,12,1841,7.95270728767e-06,
3362,triangle,104,1746,103,,363162.5,6955450.0,4218.75,23.244444211324055,22.900000254313152,-26.755555788675945,-27.099999745686848,12,1841,7.95270728767e-06,
3363,triangle,106,1746,105,,363062.5,6955450.0,4218.75,22.344444486829964,22.433333079020183,-27.655555513170036,-27.566666920979817,12,1841,7.95270728767e-06,
3364,triangle,1730,1739,1733,,364349.6835694902,6955603.953435442,29955.50244140625,52.63997690254785,45.428716636796985,2.6399769025478483,-4.571283363203018,12,1841,7.95270728767e-06,
3365,triangle,622,1748,1738,,364242.94547071727,6954807.869834929,15399.22607421875,103.0296004422566,100.457066384848,53.02960044225661,50.45706638484801,12,1841,7.836410718575001e-06,
3366,triangle,1734,1736,101,,363399.861299004,6955433.710531011,10446.43505859375,34.55927092193606,33.41280386100695,-15.440729078063937,-16.58719613899305,12,1841,7.95270728767e-06,
3367,triangle,99,1736,1735,,363550.4537277746,6955531.496555641,6311.83544921875,28.87011383486058,27.82741679401146,-21.129886165139418,-22.17258320598854,12,1841,7.95270728767e-06,
3368,triangle,1732,1745,1728,,364086.37486164155,6955110.512206023,33109.2587890625,74.86159075524833,80.61162164786808,24.861590755248343,30.611621647868077,12,1841,7.95270728767e-06,
3369,triangle,1738,1748,1732,,364135.90475735575,6954881.390012138,19252.3505859375,97.25540107134906,94.11018332295669,47.25540107134905,44.11018332295669,12,1841,7.95270728767e-06,
3370,triangle,624,1751,1750,,364527.9012904646,6955232.93603596,11734.3134765625,94.25804455996129,92.92088592302673,44.25804455996129,42.92088592302673,12,1841,7.95270728767e-06,
3371,triangle,1728,1731,1729,,363913.36910205055,6955396.445410512,36918.84375,55.390239953703805,54.17267578865701,5.390239953703803,4.172675788657011,12,1841,7.95270728767e-06,
3372,triangle,1747,1752,1732,,363858.34772317816,6955017.598675006,21748.70654296875,65.99135598380778,67.21881089216713,15.991355983807779,17.218810892167117,12,1841,7.95270728767e-06,
3373,triangle,287,1746,106,,363062.5,6955400.0,4218.75,23.033333036634644,23.16666603088379,-26.966666963365356,-26.83333396911621,12,1841,7.95270728767e-06,
3374,triangle,1732,1748,1745,,364171.61849283706,6954996.591346155,21497.50048828125,90.43661162411613,92.34678824576078,40.436611624116125,42.346788245760784,12,1841,7.95270728767e-06,
3375,triangle,1728,1747,1732,,363920.413272913,6955118.882795389,34413.546875,68.53968139748915,68.48463503036463,18.539681397489144,18.48463503036463,12,1841,7.95270728767e-06,
3376,triangle,1735,1736,1729,,363623.096796114,6955473.899162538,15934.9677734375,43.15095964135441,38.41650492487347,-6.849040358645585,-11.583495075126523,12,1841,7.95270728767e-06,
3377,triangle,1744,1749,81,,364721.6069060322,6955516.655431329,6311.349609375,46.52360982740015,47.757611588190436,-3.4763901725998476,-2.242388411809556,12,1841,7.95270728767e-06,
3378,triangle,81,1749,80,,364773.0213834615,6955557.508734723,1967.76708984375,38.82620221838138,38.50557693973193,-11.173797781618612,-11.49442306026807,12,1841,7.95270728767e-06,
3379,triangle,1729,1747,1728,,363826.11937710486,6955260.8470324995,32221.060546875,57.60476448040053,56.61941361135333,7.604764480400538,6.619413611353328,12,1841,7.95270728767e-06,
3380,triangle,1736,1743,1729,,363590.99989182426,6955378.479265697,22567.3837890625,47.14244005116832,44.78389914766141,-2.857559948831674,-5.216100852338589,12,1841,7.95270728767e-06,
3381,triangle,1744,1751,625,,364634.120861019,6955352.01780799,12636.1064453125,77.47470417197506,75.93992363620633,27.47470417197507,25.939923636206327,12,1841,7.95270728767e-06,
3382,triangle,1732,1752,1742,,363920.5974481238,6954903.19705302,20113.150390625,77.18651836516938,74.09707319662738,27.186518365169377,24.097073196627374,12,1841,7.95270728767e-06,
3383,triangle,105,1746,104,,363112.5,6955475.0,2812.5,22.533333460489906,22.53333346048991,-27.466666539510094,-27.46666653951009,12,1841,7.95270728767e-06,
3384,triangle,1734,1743,1736,,363453.4957123739,6955357.3266588,18261.7802734375,45.626058603286566,41.84053270771921,-4.373941396713431,-8.159467292280782,12,1841,7.95270728767e-06,
3385,triangle,1750,1751,1730,,364434.8683498657,6955320.169427407,16751.03125,82.82307924169577,80.10856142550593,32.82307924169578,30.108561425505915,12,1841,7.95270728767e-06,
3386,triangle,626,1749,1744,,364749.90011934534,6955463.810707949,8419.001953125,50.451678750677566,54.29808704711237,0.4516787506775677,4.298087047112364,12,1841,7.95270728767e-06,
3387,triangle,621,303,76,,364189.7875315834,6954535.663339729,6292.06298828125,84.53692387139172,87.71755097247588,34.53692387139173,37.71755097247587,12,1841,7.836410718575001e-06,
3388,triangle,89,87,88,,364287.5,6955987.5,2812.5,21.708333015441877,21.22499942779541,-28.291666984558123,-28.77500057220459,12,1841,7.95270728767e-06,
3389,triangle,302,303,621,,364171.2557889757,6954579.195082337,5203.7763671875,83.51039002846116,84.31618806180529,33.510390028461146,34.316188061805285,12,1841,7.8945590031225e-06,
3390,triangle,171,1753,172,,356495.0593099252,6953960.239959091,6180.8271484375,74.07850194474197,74.56571140845737,24.07850194474197,24.56571140845738,65,1681,6.32455532034e-06,
3391,triangle,170,1753,171,,356470.0593099252,6953910.239959091,7332.8232421875,73.40976933801461,73.46571039120478,23.409769338014602,23.465710391204777,65,1681,6.32455532034e-06,
3392,triangle,172,1753,173,,356470.0593099252,6954010.239959091,7841.33203125,75.18980856157837,75.19904525041702,25.189808561578374,25.199045250417015,65,1681,6.32455532034e-06,
3393,triangle,169,1753,170,,356420.0593099252,6953885.239959091,3964.4951171875,73.90166549499524,73.76571089983108,23.90166549499524,23.765710899831078,65,1681,6.32455532034e-06,
3394,triangle,173,1753,654,,356390.30661498226,6954044.33931192,11022.3466796875,79.93090200581932,77.70692203056423,29.930902005819316,27.706922030564233,65,1681,6.32455532034e-06,
3395,triangle,654,1754,655,,356223.24334586126,6954051.073273058,5907.6416015625,81.52660801380686,80.72561870013176,31.52660801380687,30.725618700131758,65,1681,7.716434277755e-06,
3396,triangle,164,1755,165,,356085.5992081608,6953968.394784045,3261.82421875,75.87031016415061,75.33251906746928,25.87031016415061,25.33251906746928,65,1681,6.32455532034e-06,
3397,triangle,655,1755,164,,356101.095248965,6954010.444572565,3934.998046875,78.20707708945957,77.68870202199308,28.207077089459567,27.688702021993095,65,1681,6.523395171399286e-06,
3398,triangle,167,1753,168,,356320.0593099252,6953910.239959091,6221.16748046875,75.21118410987513,75.33237654924514,25.211184109875127,25.33237654924514,65,1681,6.32455532034e-06,
3399,triangle,168,1753,169,,356370.0593099252,6953885.239959091,3964.4951171875,74.55003365102684,74.76571089983108,24.550033651026833,24.765710899831078,65,1681,6.32455532034e-06,
3400,triangle,167,1754,1753,,356282.5593099252,6953960.1640908,5629.7861328125,77.6312774793405,77.3272693566655,27.63127747934049,27.3272693566655,65,1681,6.32455532034e-06,
3401,triangle,1753,1754,654,,356302.80661498226,6954019.263443629,11015.86181640625,80.91619861007086,79.5018128034794,30.916198610070868,29.501812803479385,65,1681,6.32455532034e-06,
3402,triangle,166,1754,167,,356212.5,6953949.924131709,2803.96484375,76.32822614075369,76.3282261407537,26.328226140753696,26.328226140753696,65,1681,6.32455532034e-06,
3403,triangle,165,1755,166,,356135.5992081608,6953943.394784045,2069.4130859375,75.14868105473386,75.13251957609559,25.14868105473385,25.132519576095586,65,1681,6.32455532034e-06,
3404,triangle,166,1755,1754,,356173.0992081608,6953968.318915755,2649.87890625,77.15876338419521,77.06074419097037,27.15876338419521,27.06074419097037,65,1681,6.32455532034e-06,
3405,triangle,1754,1755,655,,356163.595248965,6954010.368704274,2719.64453125,79.46974674276065,79.28359330353454,29.46974674276065,29.28359330353455,65,1681,6.523395171399286e-06,
3406,triangle,163,655,164,,356051.24009735463,6954017.04978852,1093.7734375,76.76987351422746,76.94185878163081,26.76987351422746,26.941858781630813,65,1681,6.523395171399286e-06,
3407,triangle,175,174,654,,356420.24730505707,6954135.248715487,283.1884765625,74.89424808158059,75.98526886726961,24.894248081580578,25.98526886726961,65,1681,9.10831323517e-06,
3408,triangle,654,174,173,,356420.24730505707,6954109.099352829,6159.6787109375,76.4740765361056,76.34121011348056,26.474076536105592,26.341210113480553,65,1681,7.716434277755e-06,
3409,triangle,188,1780,187,,356520.5947632489,6956533.933905485,6936.8466796875,101.38428031457383,100.7488201899506,51.38428031457383,50.74882018995061,6,1721,1.189207115e-05,
3410,triangle,208,1775,207,,356062.04135692026,6955208.493837948,5122.70947265625,79.73168002358179,80.35487384198332,29.731680023581788,30.35487384198332,6,1721,1.189207115e-05,
3411,triangle,218,1800,217,,356339.2026248386,6954488.385133577,5916.123046875,73.62941556299766,75.49193971994697,23.629415562997657,25.49193971994697,6,1721,1.189207115e-05,
3412,triangle,663,1793,176,,357972.55759605515,6954704.178702541,20741.88720703125,107.91565445319867,108.83884107301212,57.91565445319867,58.83884107301211,6,1721,1.149439144788143e-05,
3413,triangle,181,1785,666,,358310.3892270419,6956290.842498298,47999.328125,138.509811673919,137.74534825328553,88.50981167391899,87.74534825328556,6,1721,1.1693231298940716e-05,
3414,triangle,208,1790,1759,,356204.3777742596,6955173.9953932315,24451.13330078125,81.67359813191212,84.24123627999504,31.67359813191211,34.24123627999503,6,1721,1.189207115e-05,
3415,triangle,1763,1777,1756,,357346.32006543427,6955658.712097759,158456.376953125,107.80294816422024,115.5299277099392,57.80294816422024,65.52992770993917,6,1721,1.189207115e-05,
3416,triangle,209,1790,208,,356142.97448626737,6955068.115496919,4834.6298828125,81.57744278132529,82.27756007993138,31.577442781325303,32.27756007993137,6,1721,1.189207115e-05,
3417,triangle,1770,1798,194,,356216.5353976007,6956165.250517708,6460.68994140625,90.86792668586895,91.21727923990768,40.867926685868945,41.217279239907676,6,1721,1.189207115e-05,
3418,triangle,666,1767,180,,358629.44544204645,6956150.816561758,50319.021484375,133.42952394551418,129.9995580511027,83.42952394551415,79.99955805110271,6,1721,1.149439144788143e-05,
3419,triangle,202,1772,1771,,356079.049593109,6955565.366843299,9192.615234375,85.90289863206846,85.5735548023713,35.90289863206845,35.57355480237131,6,1721,1.189207115e-05,
3420,triangle,199,1782,198,,356142.0360467381,6955859.798249398,4729.0556640625,85.94635945919572,86.39270354168126,35.946359459195726,36.39270354168125,6,1721,1.189207115e-05,
3421,triangle,186,1787,185,,356684.9666340954,6956733.09024223,3023.59375,108.58975995689225,108.269544542034,58.58975995689225,58.269544542034,6,1721,1.189207115e-05,
3422,triangle,662,1783,661,,357633.97110114916,6954622.472562867,29683.962890625,104.30885512270254,100.58103715082255,54.30885512270254,50.581037150822546,6,1721,1.1096711745762857e-05,
3423,triangle,187,1766,186,,356642.71006733767,6956634.476823528,9363.73974609375,106.58624935000913,107.3688283617704,56.586249350009105,57.36882836177039,6,1721,1.189207115e-05,
3424,triangle,1763,1792,1778,,357128.6292666865,6955144.478483264,147242.28662109375,109.26737225326652,103.89964945453609,59.267372253266515,53.899649454536096,6,1721,1.189207115e-05,
3425,triangle,180,1767,179,,358761.1007367775,6956046.533507279,45153.5029296875,128.72182746513138,126.11202159505086,78.7218274651314,76.11202159505086,6,1721,1.1693231298940716e-05,
3426,triangle,189,1780,188,,356470.5947632489,6956483.933905485,6936.84619140625,99.44894182452788,99.2488201899506,49.44894182452788,49.24882018995061,6,1721,1.189207115e-05,
3427,triangle,1759,1775,208,,356148.44464491244,6955264.373734262,20879.13525390625,81.1987960440015,82.18521620008734,31.19879604400149,32.185216200087346,6,1721,1.189207115e-05,
3428,triangle,1756,1792,1763,,357084.2258914765,6955476.07104436,176515.8720703125,98.42080309534256,107.03856671675652,48.42080309534254,57.03856671675651,6,1721,1.189207115e-05,
3429,triangle,178,1795,177,,358742.19039054407,6955303.609174804,68774.55712890625,115.81441628611881,114.76057818281534,65.81441628611883,64.76057818281534,6,1721,1.189207115e-05,
3430,triangle,1762,1777,1763,,357689.77186032425,6955545.502052906,174850.78955078125,124.40332041528283,123.11982726546135,74.40332041528283,73.11982726546135,6,1721,1.189207115e-05,
3431,triangle,1760,1764,1758,,356564.8532231138,6956074.794686248,62683.69189453125,106.55847401114883,102.85183693509843,56.55847401114883,52.851836935098426,6,1721,1.189207115e-05,
3432,triangle,1763,1779,1762,,357766.4472041298,6955279.267141095,102148.82763671875,117.98637251893184,118.30257564463868,67.98637251893183,68.30257564463868,6,1721,1.189207115e-05,
3433,triangle,179,1767,665,,358810.3959807723,6955870.743915219,59898.6806640625,118.22352424080786,114.26203116651311,68.22352424080786,64.26203116651311,6,1721,1.189207115e-05,
3434,triangle,1778,1792,1757,,356884.26217372244,6954985.381851915,121670.01953125,100.57017432450218,95.44645132512512,50.570174324502176,45.44645132512513,6,1721,1.189207115e-05,
3435,triangle,1764,1771,1759,,356311.2493467424,6955619.086507627,59682.4697265625,92.42972983284048,91.028975181453,42.429729832840486,41.02897518145299,6,1721,1.189207115e-05,
3436,triangle,657,1765,656,,356721.68324099405,6954328.441389267,26953.7236328125,88.26057094766438,87.6446093607913,38.26057094766438,37.644609360791314,6,1721,1.1693231298940716e-05,
3437,triangle,1771,1782,199,,356161.3415297095,6955789.696750246,11554.58544921875,86.56810518984491,87.67312157367361,36.56810518984492,37.67312157367362,6,1721,1.189207115e-05,
3438,triangle,197,1770,196,,356137.5,6956012.5,4218.75,87.48333295186359,87.52499834696452,37.4833329518636,37.524998346964516,6,1721,1.189207115e-05,
3439,triangle,202,1771,201,,356069.3054829713,6955629.898500848,4984.3662109375,84.9434314547136,85.21374983944679,34.943431454713604,35.21374983944679,6,1721,1.189207115e-05,
3440,triangle,205,1772,204,,355984.7441101377,6955410.468342452,3908.71240234375,83.03355666085497,83.19313829625786,33.03355666085496,33.19313829625785,6,1721,1.189207115e-05,
3441,triangle,213,1773,212,,356059.25237330137,6954809.6740653,3853.39208984375,79.5097860368398,79.81396804660231,29.5097860368398,29.813968046602316,6,1721,1.189207115e-05,
3442,triangle,194,1798,193,,356204.0353976007,6956227.750517708,3266.482421875,91.32759873304572,91.22561117451869,41.327598733045704,41.22561117451868,6,1721,1.189207115e-05,
3443,triangle,182,1801,667,,357643.51765090803,6956415.085335538,59710.521484375,147.19828654166815,145.1409324015327,97.19828654166815,95.14093240153268,6,1721,1.189207115e-05,
3444,triangle,1777,1784,1756,,357250.7101141846,6955992.996235368,112712.783203125,117.32115897458071,119.22236439420662,67.32115897458071,69.22236439420662,6,1721,1.189207115e-05,
3445,triangle,1779,1791,1762,,357992.1672902312,6955193.320068602,76513.6748046875,122.66323476981803,121.30639666692271,72.663234769818,71.30639666692271,6,1721,1.189207115e-05,
3446,triangle,1770,1782,1760,,356286.442315155,6956040.179383871,17080.3896484375,93.9192549105696,93.1580247887061,43.9192549105696,43.15802478870609,6,1721,1.189207115e-05,
3447,triangle,210,1790,209,,356142.97448626737,6955018.115496919,4834.62939453125,82.45835978115359,82.24422725522435,32.45835978115358,32.24422725522434,6,1721,1.189207115e-05,
3448,triangle,656,1769,221,,356547.0489700718,6954262.790649275,11948.564453125,82.14660080924986,81.16410236297385,32.146600809249854,31.164102362973846,6,1721,1.189207115e-05,
3449,triangle,1791,1793,663,,358031.2351191898,6954837.342097412,38912.6181640625,114.96015397266513,115.92316035183838,64.96015397266513,65.92316035183838,6,1721,1.189207115e-05,
3450,triangle,667,1785,181,,358099.8603586373,6956337.7984630065,68135.9697265625,145.95844057200202,143.34849704032234,95.95844057200199,93.34849704032234,6,1721,1.149439144788143e-05,
3451,triangle,659,1789,658,,357090.88497469964,6954432.29675955,23900.6337890625,83.80339781712034,84.59580484861384,33.80339781712033,34.59580484861384,6,1721,1.189207115e-05,
3452,triangle,669,1766,183,,356836.6487620394,6956674.969165987,10517.1943359375,124.3711005100797,121.20190467730924,74.37110051007971,71.20190467730923,6,1721,1.1295551596822145e-05,
3453,triangle,187,1780,1766,,356613.3048305866,6956543.410729012,20437.75341796875,105.06733613612315,106.15098137642804,55.067336136123146,56.150981376428035,6,1721,1.189207115e-05,
3454,triangle,666,1785,1767,,358395.65425776667,6956116.371968168,98451.31103515625,132.64201171073591,131.243277416971,82.64201171073591,81.24327741697103,6,1721,1.189207115e-05,
3455,triangle,177,1786,664,,358470.1760925251,6955047.854412441,65959.3642578125,130.73761750586797,127.14311524161549,80.73761750586796,77.14311524161549,6,1721,1.189207115e-05,
3456,triangle,668,1784,182,,357225.22881963616,6956468.067199674,46332.724609375,134.54675647837664,134.39549928821347,84.54675647837664,84.39549928821346,6,1721,1.149439144788143e-05,
3457,triangle,183,1788,668,,356999.20279336936,6956597.346299477,20416.7783203125,129.2034814552257,128.3538057615195,79.2034814552257,78.3538057615195,6,1721,1.149439144788143e-05,
3458,triangle,1757,1797,1789,,356867.35873419273,6954625.490534582,34436.74169921875,94.01068953037031,90.77379537960807,44.01068953037031,40.77379537960809,6,1721,1.189207115e-05,
3459,triangle,198,1782,197,,356142.0360467381,6955909.798249398,4729.0546875,86.09762044049953,86.52603484050938,36.09762044049951,36.526034840509375,6,1721,1.189207115e-05,
3460,triangle,1764,1782,1771,,356291.88210548833,6955798.004860713,34531.31396484375,91.78128600285096,92.49133534777762,41.78128600285097,42.491335347777614,6,1721,1.189207115e-05,
3461,triangle,1765,1797,1757,,356742.1881431824,6954597.62655405,26960.19970703125,91.5386246513189,90.68249218496705,41.53862465131891,40.68249218496705,6,1721,1.189207115e-05,
3462,triangle,1759,1792,1764,,356518.49404467345,6955505.426145048,117834.01806640625,88.968194353791,94.24405437102659,38.968194353791006,44.244054371026586,6,1721,1.189207115e-05,
3463,triangle,1762,1791,1786,,358177.1324354078,6955251.840359077,63609.03564453125,129.7165810642484,127.63355123590217,79.7165810642484,77.63355123590217,6,1721,1.189207115e-05,
3464,triangle,1758,1764,1756,,356769.558776808,6955969.490095027,112456.56298828125,112.33039623444225,105.6458028165689,62.330396234442254,55.645802816568896,6,1721,1.189207115e-05,
3465,triangle,1765,1769,656,,356610.6970217068,6954356.93608632,22826.931640625,87.47931432107042,86.85186530752587,37.479314321070426,36.851865307525856,6,1721,1.189207115e-05,
3466,triangle,176,1793,662,,357850.630148692,6954650.311897479,18815.52099609375,106.48997647284585,105.13117516952893,56.48997647284587,55.13117516952894,6,1721,1.189207115e-05,
3467,triangle,661,1794,660,,357458.0051168667,6954527.472849497,18645.5400390625,95.9496431408204,94.1264607800191,45.94964314082041,44.1264607800191,6,1721,1.0699032043644285e-05,
3468,triangle,1771,1772,1759,,356165.4528811013,6955496.246739612,28552.8427734375,89.20178362266962,86.1705648443946,39.20178362266962,36.17056484439461,6,1721,1.189207115e-05,
3469,triangle,1761,1781,1757,,356482.72307795036,6954741.206397562,33140.3505859375,86.36098024900343,86.05073955419637,36.360980249003426,36.05073955419637,6,1721,1.189207115e-05,
3470,triangle,1783,1794,661,,357518.8256294849,6954654.532817501,26281.85205078125,100.76705460125328,98.6196240308987,50.76705460125328,48.619624030898706,6,1721,1.189207115e-05,
3471,triangle,662,1793,1783,,357728.38573872513,6954720.365379636,35114.67333984375,106.9565909092187,104.73318055804994,56.956590909218704,54.733180558049945,6,1721,1.189207115e-05,
3472,triangle,1758,1780,1760,,356579.907410584,6956275.4204812655,44024.36328125,100.66106056752714,103.48244284231875,50.66106056752714,53.482442842318754,6,1721,1.189207115e-05,
3473,triangle,664,1791,663,,358201.218366699,6954858.954261822,36498.78466796875,121.8962268553429,120.29661553945039,71.89622685534292,70.2966155394504,6,1721,1.1295551596822145e-05,
3474,triangle,665,1795,178,,358822.0006886597,6955519.755083906,50298.0478515625,97.7002631577171,104.97837020187944,47.700263157717096,54.97837020187942,6,1721,1.189207115e-05,
3475,triangle,658,1797,657,,356906.89628651115,6954362.613726958,20500.3662109375,86.42034585467026,86.22724599486588,36.42034585467026,36.22724599486588,6,1721,1.149439144788143e-05,
3476,triangle,1760,1782,1764,,356379.48289093375,6955960.987494337,40822.34765625,97.99168157020588,96.01790586525965,47.99168157020589,46.01790586525963,6,1721,1.189207115e-05,
3477,triangle,177,1795,1786,,358548.40327473165,6955257.772986725,66209.822265625,123.25831354084151,122.37907516721248,73.25831354084153,72.37907516721249,6,1721,1.189207115e-05,
3478,triangle,1778,1783,1763,,357392.9411272469,6954976.439722635,88880.0771484375,103.13361622557537,104.86777442919463,53.13361622557536,54.86777442919462,6,1721,1.189207115e-05,
3479,triangle,1781,1799,217,,356305.4194066964,6954596.596890043,10807.611328125,76.4786840168634,77.29035984041693,26.478684016863387,27.290359840416926,6,1721,1.189207115e-05,
3480,triangle,1774,1780,189,,356437.7353913184,6956420.507844563,8452.33447265625,97.84788263857567,97.92611579744721,47.84788263857567,47.92611579744722,6,1721,1.189207115e-05,
3481,triangle,660,1796,659,,357280.24252038385,6954466.775883399,17178.41015625,84.24057434970317,85.38954884630304,34.24057434970317,35.389548846303036,6,1721,1.149439144788143e-05,
3482,triangle,1784,1801,182,,357391.7062320823,6956348.704315957,59607.923828125,140.1559525069368,137.10017108015134,90.15595250693683,87.10017108015131,6,1721,1.189207115e-05,
3483,triangle,657,1797,1765,,356787.51392145414,6954423.614060648,21745.2529296875,90.11302334718603,89.2045673372465,40.11302334718603,39.204567337246495,6,1721,1.189207115e-05,
3484,triangle,1757,1781,1765,,356601.2351982941,6954642.633377501,35314.73486328125,85.96204171473282,86.66309805647283,35.96204171473282,36.66309805647282,6,1721,1.189207115e-05,
3485,triangle,221,1769,220,,356461.0363544835,6954292.641935143,6038.8076171875,76.6167884301436,76.95158289306097,26.616788430143597,26.95158289306097,6,1721,1.189207115e-05,
3486,triangle,1766,1787,186,,356702.6767014331,6956667.567065758,7931.22265625,110.60606761797547,110.70503855321844,60.60606761797548,60.70503855321845,6,1721,1.189207115e-05,
3487,triangle,1757,1768,1761,,356492.2251905343,6954890.137639683,55225.43212890625,92.3143305950513,91.37896735763672,42.31433059505131,41.378967357636725,6,1721,1.189207115e-05,
3488,triangle,195,1770,194,,356162.5,6956112.5,5625.0,89.20000245836046,89.49166806538899,39.20000245836046,39.491668065389,6,1721,1.189207115e-05,
3489,triangle,200,1771,199,,356094.3054829713,6955729.898500848,7245.78564453125,84.70191152388928,86.08041854061867,34.70191152388928,36.080418540618666,6,1721,1.189207115e-05,
3490,triangle,203,1772,202,,356009.7441101377,6955510.468342452,5543.52392578125,83.64677655014229,83.82646959508598,33.64677655014229,33.826469595085975,6,1721,1.189207115e-05,
3491,triangle,211,1773,210,,356084.25237330137,6954909.6740653,5577.5595703125,78.98968710347032,79.81396804660231,28.989687103470324,29.813968046602316,6,1721,1.189207115e-05,
3492,triangle,219,1800,218,,356389.2026248386,6954438.385133577,5916.123046875,73.81463467608289,75.19193921132067,23.814634676082886,25.19193921132067,6,1721,1.189207115e-05,
3493,triangle,1778,1794,1783,,357383.7913354952,6954770.379487529,36480.0234375,95.28661309739184,98.69000750002846,45.28661309739182,48.69000750002846,6,1721,1.189207115e-05,
3494,triangle,1768,1792,1759,,356508.3459326389,6955256.3774856655,67917.87548828125,92.8317278828769,93.00715171823678,42.83172788287691,43.00715171823678,6,1721,1.189207115e-05,
3495,triangle,668,1788,1784,,357074.7334542672,6956456.26116034,32810.1962890625,124.59088212359933,127.63691953300747,74.5908821235993,77.63691953300746,6,1721,1.1693231298940716e-05,
3496,triangle,1759,1790,1768,,356324.7702380037,6955158.254844316,37946.150390625,86.79329545376419,89.72254892718813,36.79329545376417,39.72254892718812,6,1721,1.189207115e-05,
3497,triangle,217,1800,1781,,356375.0929759988,6954548.71334254,13389.287109375,76.11069771623237,77.67835738840674,26.110697716232366,27.678357388406738,6,1721,1.189207115e-05,
3498,triangle,1768,1790,1761,,356333.50288130273,6954970.093405109,28240.10693359375,93.17332462061971,91.10094485331929,43.17332462061972,41.100944853319284,6,1721,1.189207115e-05,
3499,triangle,1767,1795,665,,358699.6210201999,6955693.622281966,74016.25732421875,109.59729832140496,110.23061555973834,59.59729832140496,60.23061555973835,6,1721,1.189207115e-05,
3500,triangle,1756,1784,1758,,356989.47213824256,6956117.7224850105,78327.89501953125,118.20441791128796,114.5288064403921,68.20441791128796,64.52880644039209,6,1721,1.189207115e-05,
3501,triangle,184,1787,669,,356767.0897372347,6956764.064629854,4461.07080078125,111.61791215230356,114.54958665955387,61.61791215230356,64.54958665955387,6,1721,1.1693231298940716e-05,
3502,triangle,1757,1789,1778,,356971.5306354654,6954741.153131225,54930.1435546875,97.0960535568823,93.03002075137852,47.0960535568823,43.03002075137851,6,1721,1.189207115e-05,
3503,triangle,1762,1785,1777,,357904.87571398914,6955827.784146442,157070.73046875,134.35220096086135,131.21831579896175,84.35220096086137,81.2183157989618,6,1721,1.189207115e-05,
3504,triangle,659,1796,1789,,357164.0196341845,6954517.645891341,20300.43017578125,85.39633169625147,86.49815654877746,35.39633169625146,36.49815654877747,6,1721,1.1693231298940716e-05,
3505,triangle,1773,1790,210,,356152.2268595687,6954952.789562221,8552.689453125,83.97888801208569,83.42486145986702,33.9788880120857,33.42486145986701,6,1721,1.189207115e-05,
3506,triangle,669,1787,1766,,356771.6921198191,6956685.433768629,7789.1904296875,118.83192803754521,115.72000971643918,68.8319280375452,65.72000971643918,6,1721,1.1693231298940716e-05,
3507,triangle,1789,1797,658,,356973.692355386,6954470.475906444,23957.90673828125,88.53661859308892,88.29532055557104,38.53661859308892,38.29532055557103,6,1721,1.189207115e-05,
3508,triangle,190,1774,189,,356367.14062806946,6956436.5739390785,4322.93212890625,96.08615113312115,95.91062792357734,46.08615113312114,45.91062792357733,6,1721,1.189207115e-05,
3509,triangle,196,1770,195,,356137.5,6956062.5,4218.75,88.2750015258789,88.55833371480306,38.275001525878906,38.55833371480306,6,1721,1.189207115e-05,
3510,triangle,201,1771,200,,356069.3054829713,6955679.898500848,4984.3671875,84.73268108739376,85.68041701473976,34.73268108739377,35.68041701473976,6,1721,1.189207115e-05,
3511,triangle,204,1772,203,,355984.7441101377,6955460.468342452,3908.7119140625,83.37890718956626,83.75980394567192,33.378907189566256,33.75980394567191,6,1721,1.189207115e-05,
3512,triangle,206,1775,205,,355987.04135692026,6955308.493837948,4167.15234375,81.61937773756607,81.58820870119557,31.619377737566058,31.58820870119556,6,1721,1.189207115e-05,
3513,triangle,212,1773,211,,356059.25237330137,6954859.6740653,3853.39208984375,78.95626401599819,79.44730188856194,28.95626401599819,29.447301888561952,6,1721,1.189207115e-05,
3514,triangle,214,1776,213,,356061.14805076545,6954714.565420401,4066.65576171875,78.93835988841643,79.2173672290744,28.93835988841643,29.217367229074398,6,1721,1.189207115e-05,
3515,triangle,220,1769,219,,356436.0363544835,6954342.641935143,4054.08984375,76.60537415934783,76.71824803384872,26.60537415934783,26.718248033848727,6,1721,1.189207115e-05,
3516,triangle,1786,1791,664,,358277.51619480265,6955037.116153985,48315.90869140625,130.01585364345655,125.35994954386926,80.01585364345655,75.35994954386923,6,1721,1.189207115e-05,
3517,triangle,191,1774,190,,356317.14062806946,6956411.5739390785,6251.25244140625,94.91393909005413,94.81062944945624,44.91393909005414,44.810629449456236,6,1721,1.189207115e-05,
3518,triangle,207,1775,206,,356012.04135692026,6955258.493837948,5122.70947265625,80.75227766189155,80.78820819256926,30.752277661891547,30.788208192569257,6,1721,1.189207115e-05,
3519,triangle,215,1776,214,,356086.14805076545,6954664.565420401,5705.265625,77.5786446121912,77.98403236986216,27.57864461219119,27.98403236986216,6,1721,1.189207115e-05,
3520,triangle,1766,1788,183,,356875.0955397931,6956584.097307243,19478.76953125,124.37036669581525,121.8661585902169,74.37036669581524,71.8661585902169,6,1721,1.1693231298940716e-05,
3521,triangle,1762,1795,1767,,358410.43046679854,6955629.7953224555,113316.34423828125,116.33684381162603,120.47457574286528,66.33684381162603,70.47457574286528,6,1721,1.189207115e-05,
3522,triangle,1786,1795,1762,,358339.0230194458,6955410.091936315,64814.294921875,119.83708363552188,122.8408273694035,69.83708363552188,72.84082736940353,6,1721,1.189207115e-05,
3523,triangle,1764,1792,1756,,356768.70257879235,6955662.122791986,137976.2041015625,98.8250749518408,101.84799977720076,48.825074951840804,51.847999777200734,6,1721,1.189207115e-05,
3524,triangle,667,1801,1785,,357871.7278315271,6956280.822908453,68497.63671875,145.01567466164983,144.14373015069182,95.01567466164981,94.14373015069184,6,1721,1.189207115e-05,
3525,triangle,1777,1801,1784,,357447.3930254338,6956133.782624162,92251.15673828125,131.88461215238107,131.049223446313,81.88461215238107,81.04922344631295,6,1721,1.189207115e-05,
3526,triangle,1763,1783,1779,,357602.2456285916,6955053.100020335,66966.3427734375,105.42754491900102,108.57534385439617,55.42754491900103,58.57534385439615,6,1721,1.189207115e-05,
3527,triangle,1760,1798,1770,,356298.4416660176,6956158.131652181,18118.9384765625,94.64747597835512,94.52426778938207,44.64747597835512,44.524267789382066,6,1721,1.189207115e-05,
3528,triangle,192,1798,191,,356229.0353976007,6956327.750517708,5769.548828125,92.79416536162157,93.1256127003976,42.794165361621566,43.12561270039759,6,1721,1.189207115e-05,
3529,triangle,216,1799,215,,356169.5290555362,6954586.268681079,6277.24560546875,75.08709214837967,76.07060934725013,25.08709214837966,26.070609347250127,6,1721,1.189207115e-05,
3530,triangle,1779,1793,1791,,357922.5678021169,6954956.983699102,43394.6064453125,113.62350689083198,114.65933978727776,63.62350689083199,64.65933978727777,6,1721,1.189207115e-05,
3531,triangle,193,1798,192,,356204.0353976007,6956277.750517708,3266.48193359375,91.9810545898852,92.09227733255905,41.9810545898852,42.09227733255904,6,1721,1.189207115e-05,
3532,triangle,217,1799,216,,356219.5290555362,6954561.268681079,4080.22705078125,74.93142902764856,75.70394318920977,24.931429027648566,25.703943189209763,6,1721,1.189207115e-05,
3533,triangle,1757,1792,1768,,356648.6394401455,6955063.657320845,75901.271484375,100.26432061991603,94.49905962830083,50.26432061991605,44.499059628300834,6,1721,1.189207115e-05,
3534,triangle,1794,1796,660,,357348.120701733,6954555.829772514,16873.07958984375,91.69555265930434,90.64760089138576,41.69555265930434,40.64760089138577,6,1721,1.189207115e-05,
3535,triangle,197,1782,1770,,356179.5360467381,6955972.298249398,9658.8779296875,87.82021452008206,88.41770188864577,37.82021452008206,38.41770188864577,6,1721,1.189207115e-05,
3536,triangle,1769,1800,219,,356450.2389793221,6954406.027068719,6694.9384765625,79.201580084781,78.4101872451694,29.201580084781003,28.410187245169396,6,1721,1.189207115e-05,
3537,triangle,1767,1785,1762,,358237.92365032405,6955839.772911243,150094.39208984375,131.0761446993165,130.36196712058032,81.07614469931652,80.36196712058035,6,1721,1.189207115e-05,
3538,triangle,205,1775,1772,,356021.7854670579,6955368.962180399,8492.79296875,83.3234319506445,83.01467931353415,33.3234319506445,33.01467931353414,6,1721,1.189207115e-05,
3539,triangle,213,1776,1773,,356095.40042406676,6954774.2394857025,7248.6396484375,81.19937799669573,81.06466810038374,31.19937799669573,31.064668100383745,6,1721,1.189207115e-05,
3540,triangle,1785,1801,1777,,357758.10683034826,6956081.780580088,93392.947265625,135.51869193405133,135.455275295546,85.51869193405132,85.45527529554597,6,1721,1.189207115e-05,
3541,triangle,1778,1796,1794,,357274.0943702093,6954690.674345035,24517.87890625,90.39704687430131,94.13917911476528,40.397046874301296,44.139179114765305,6,1721,1.189207115e-05,
3542,triangle,1781,1800,1765,,356513.7410276339,6954542.858779586,15811.99609375,84.43886613905383,83.29945468354468,34.438866139053815,33.29945468354469,6,1721,1.189207115e-05,
3543,triangle,1772,1775,1759,,356133.1887550501,6955374.842076712,17623.57861328125,85.78040076082522,84.04502116301187,35.7804007608252,34.04502116301187,6,1721,1.189207115e-05,
3544,triangle,1784,1788,1758,,356960.32251227135,6956332.140785887,41439.390625,118.30844666584531,119.20707810282823,68.30844666584531,69.20707810282823,6,1721,1.189207115e-05,
3545,triangle,1783,1793,1779,,357741.6458690154,6954893.87378639,39356.29150390625,106.97189113590446,107.17702589697251,56.97189113590446,57.177025896972516,6,1721,1.189207115e-05,
3546,triangle,1765,1800,1769,,356538.8870309572,6954450.172505765,15890.13330078125,86.27910566487901,84.33128504893365,36.279105664879005,34.331285048933644,6,1721,1.189207115e-05,
3547,triangle,1766,1780,1758,,356690.7112095048,6956417.01617032,38185.21484375,108.31340359787603,108.91094881265512,58.31340359787605,58.910948812655114,6,1721,1.189207115e-05,
3548,triangle,1761,1790,1773,,356222.36279086,6954895.508019325,18584.55517578125,88.80587041009105,86.80026641076887,38.80587041009104,36.80026641076888,6,1721,1.189207115e-05,
3549,triangle,1758,1788,1766,,356827.5786423956,6956435.077108964,30888.912109375,116.10545527437392,115.80802087412586,66.10545527437394,65.80802087412586,6,1721,1.189207115e-05,
3550,triangle,1789,1796,1778,,357150.9989161434,6954671.487634878,26116.7216796875,93.45445100816804,92.4538976275051,43.45445100816804,42.45389762750509,6,1721,1.189207115e-05,
3551,triangle,1761,1799,1781,,356325.55533798767,6954689.315347147,16965.73291015625,82.865158566168,82.29909863327842,32.86515856616802,32.29909863327842,6,1721,1.189207115e-05,
3552,triangle,1760,1780,1774,,356444.6416597353,6956313.388979035,18009.33154296875,96.49911356363864,98.69977152221458,46.49911356363864,48.699771522214576,6,1721,1.189207115e-05,
3553,triangle,185,1787,184,,356723.0743188487,6956771.197926983,1585.29248046875,109.26978108093148,110.73461498770685,59.26978108093149,60.73461498770684,6,1721,1.189207115e-05,
3554,triangle,215,1799,1776,,356155.6771063016,6954650.8341014795,7362.8408203125,78.29894181843355,78.35464222573859,28.298941818433548,28.354642225738587,6,1721,1.189207115e-05,
3555,triangle,191,1798,1774,,356296.1760256702,6956339.324456789,8716.2451171875,93.94142134613946,94.26957548318717,43.94142134613946,44.26957548318717,6,1721,1.189207115e-05,
3556,triangle,1773,1776,1761,,356190.5363553581,6954791.957942809,12214.04638671875,86.8747298557962,84.47340587599263,36.874729855796204,34.47340587599263,6,1721,1.189207115e-05,
3557,triangle,1774,1798,1760,,356353.0822940871,6956257.205591261,14026.40771484375,95.01330015354054,96.14322968207563,45.01330015354054,46.14322968207561,6,1721,1.189207115e-05,
3558,triangle,1776,1799,1761,,356225.8130375929,6954718.552558586,11740.23583984375,84.36752006224599,82.99671486055972,34.367520062245994,32.99671486055971,6,1721,1.189207115e-05,
3559,triangle,656,221,175,,356536.01261558826,6954196.298076791,6548.353515625,78.96007938935486,78.02324743350012,28.96007938935485,28.023247433500114,6,1721,1.0500192192585e-05,
