node_id,x,y,z_top,z_bottom
0,350437.5,6942412.5,38.900001525878906,-11.099998474121094
1,350437.5,6961387.5,141.22000122070312,91.22000122070312
2,370987.5,6961387.5,,-10049.0
3,370987.5,6942412.5,33.0,-17.0
4,357675.0,6952350.0,38.79999923706055,-11.200000762939453
5,357750.0,6952425.0,38.70000076293945,-11.299999237060547
6,357825.0,6952500.0,37.79999923706055,-12.200000762939453
7,357900.0,6952500.0,36.900001525878906,-13.099998474121094
8,357975.0,6952500.0,36.79999923706055,-13.200000762939453
9,358050.0,6952500.0,37.29999923706055,-12.700000762939453
10,358125.0,6952575.0,38.5,-11.5
11,358200.0,6952650.0,36.900001525878906,-13.099998474121094
12,358275.0,6952725.0,37.29999923706055,-12.700000762939453
13,358350.0,6952725.0,37.29999923706055,-12.700000762939453
14,358425.0,6952650.0,38.29999923706055,-11.700000762939453
15,358500.0,6952725.0,36.29999923706055,-13.700000762939453
16,358575.0,6952725.0,35.5,-14.5
17,358650.0,6952725.0,35.099998474121094,-14.900001525878906
18,358725.0,6952725.0,34.20000076293945,-15.799999237060547
19,358800.0,6952725.0,33.5,-16.5
20,358875.0,6952725.0,33.5,-16.5
21,358950.0,6952725.0,34.0,-16.0
22,359025.0,6952725.0,33.5,-16.5
23,359100.0,6952650.0,33.20000076293945,-16.799999237060547
24,359175.0,6952725.0,37.599998474121094,-12.400001525878906
25,359250.0,6952800.0,33.400001525878906,-16.599998474121094
26,359325.0,6952800.0,33.0,-17.0
27,359400.0,6952875.0,32.0,-18.0
28,359475.0,6952950.0,32.599998474121094,-17.400001525878906
29,359550.0,6952875.0,32.5,-17.5
30,359625.0,6952875.0,31.899999618530273,-18.100000381469727
31,359700.0,6952875.0,32.099998474121094,-17.900001525878906
32,359775.0,6952875.0,33.29999923706055,-16.700000762939453
33,359850.0,6952875.0,32.900001525878906,-17.099998474121094
34,359925.0,6952875.0,32.099998474121094,-17.900001525878906
35,360000.0,6952875.0,31.600000381469727,-18.399999618530273
36,360075.0,6952950.0,31.299999237060547,-18.700000762939453
37,360150.0,6953025.0,31.399999618530273,-18.600000381469727
38,360225.0,6953100.0,29.899999618530273,-20.100000381469727
39,360300.0,6953175.0,28.5,-21.5
40,360375.0,6953175.0,28.299999237060547,-21.700000762939453
41,360375.0,6953100.0,29.700000762939453,-20.299999237060547
42,360375.0,6953025.0,30.399999618530273,-19.600000381469727
43,360375.0,6952950.0,32.20000076293945,-17.799999237060547
44,360450.0,6952875.0,34.0,-16.0
45,360450.0,6952800.0,35.400001525878906,-14.599998474121094
46,360450.0,6952725.0,39.099998474121094,-10.900001525878906
47,360450.0,6952650.0,40.70000076293945,-9.299999237060547
48,360525.0,6952575.0,41.29999923706055,-8.700000762939453
49,360525.0,6952500.0,41.400001525878906,-8.599998474121094
50,360525.0,6952425.0,39.099998474121094,-10.900001525878906
51,360600.0,6952350.0,39.29999923706055,-10.700000762939453
52,360675.0,6952275.0,40.70000076293945,-9.299999237060547
53,360750.0,6952200.0,42.5,-7.5
54,360825.0,6952125.0,44.70000076293945,-5.299999237060547
55,360900.0,6952125.0,45.900001525878906,-4.099998474121094
56,360975.0,6952125.0,49.400001525878906,-0.5999984741210938
57,361050.0,6952050.0,49.29999923706055,-0.7000007629394531
58,361125.0,6952050.0,50.0,0.0
59,361200.0,6951975.0,52.70000076293945,2.700000762939453
60,361275.0,6951975.0,55.29999923706055,5.299999237060547
61,361350.0,6951900.0,58.599998474121094,8.599998474121094
62,361425.0,6951900.0,62.29999923706055,12.299999237060547
63,361500.0,6951900.0,67.30000305175781,17.300003051757812
64,361575.0,6951900.0,72.5999984741211,22.599998474121094
65,361650.0,6951900.0,75.0999984741211,25.099998474121094
66,361725.0,6951900.0,81.9000015258789,31.900001525878906
67,361800.0,6951975.0,86.19999694824219,36.19999694824219
68,361875.0,6951900.0,85.5999984741211,35.599998474121094
69,361914.5126398906,6951860.48736011,87.44184430774659,37.44184430774659
70,362219.0593585771,6952498.557890062,107.61345898336708,57.613458983367074
71,362779.5913078,6953115.63855237,83.40658262359761,33.40658262359762
72,363140.6574522217,6953325.0,68.86263095461658,18.86263095461657
73,363349.6794792029,6953446.199826767,83.0777281023814,33.0777281023814
74,363808.2980711545,6953944.478565732,97.33764051213927,47.33764051213926
75,363990.9186288281,6954142.877334007,98.99187245162406,48.991872451624054
76,364180.5952278231,6954469.404772177,81.10409025789068,31.104090257890665
77,364513.2772635665,6955042.115446199,105.11052081534291,55.1105208153429
78,364908.7486946547,6955541.251305345,45.14693899816291,-4.853061001837093
79,364875.0,6955575.0,41.70000076293945,-8.299999237060547
80,364800.0,6955575.0,36.70000076293945,-13.299999237060547
81,364725.0,6955575.0,36.79999923706055,-13.200000762939453
82,364650.0,6955650.0,35.099998474121094,-14.900001525878906
83,364575.0,6955725.0,30.899999618530273,-19.100000381469727
84,364500.0,6955800.0,30.700000762939453,-19.299999237060547
85,364425.0,6955800.0,29.100000381469727,-20.899999618530273
86,364425.0,6955875.0,29.5,-20.5
87,364350.0,6955950.0,22.299999237060547,-27.700000762939453
88,364275.0,6956025.0,20.299999237060547,-29.700000762939453
89,364237.5,6955987.5,21.074999809265137,-28.925000190734863
90,364200.0,6955950.0,20.299999237060547,-29.700000762939453
91,364125.0,6955875.0,20.700000762939453,-29.299999237060547
92,364050.0,6955800.0,19.100000381469727,-30.899999618530273
93,363975.0,6955800.0,20.0,-30.0
94,363900.0,6955800.0,19.899999618530273,-30.100000381469727
95,363825.0,6955725.0,20.100000381469727,-29.899999618530273
96,363750.0,6955650.0,20.100000381469727,-29.899999618530273
97,363675.0,6955650.0,20.299999237060547,-29.700000762939453
98,363600.0,6955650.0,20.200000762939453,-29.799999237060547
99,363525.0,6955575.0,20.200000762939453,-29.799999237060547
100,363450.0,6955575.0,20.200000762939453,-29.799999237060547
101,363375.0,6955500.0,20.799999237060547,-29.200000762939453
102,363300.0,6955500.0,21.899999618530273,-28.100000381469727
103,363225.0,6955425.0,22.700000762939453,-27.299999237060547
104,363150.0,6955500.0,23.100000381469727,-26.899999618530273
105,363075.0,6955500.0,21.600000381469727,-28.399999618530273
106,363000.0,6955425.0,22.799999237060547,-27.200000762939453
107,362925.0,6955425.0,22.700000762939453,-27.299999237060547
108,362850.0,6955350.0,22.0,-28.0
109,362850.0,6955275.0,21.600000381469727,-28.399999618530273
110,362850.0,6955200.0,22.100000381469727,-27.899999618530273
111,362775.0,6955125.0,22.299999237060547,-27.700000762939453
112,362700.0,6955050.0,22.5,-27.5
113,362625.0,6954975.0,22.899999618530273,-27.100000381469727
114,362550.0,6954900.0,22.799999237060547,-27.200000762939453
115,362475.0,6954900.0,23.399999618530273,-26.600000381469727
116,362400.0,6954900.0,24.600000381469727,-25.399999618530273
117,362325.0,6954975.0,27.799999237060547,-22.200000762939453
118,362250.0,6955050.0,31.799999237060547,-18.200000762939453
119,362175.0,6955125.0,34.400001525878906,-15.599998474121094
120,362175.0,6955200.0,36.5,-13.5
121,362100.0,6955275.0,39.400001525878906,-10.599998474121094
122,362047.2301408032,6955327.769859197,42.699317268434626,-7.30068273156537
123,361556.9993912604,6955129.909323246,82.38316798691417,32.383167986914174
124,361317.3552742286,6954900.292348007,110.1249120222242,60.124912022224194
125,361316.9220663595,6954663.426219639,78.9924331115447,28.99243311154469
126,361515.8733457744,6954499.192331565,48.31916772094968,-1.680832279050323
127,361555.0616987931,6954181.847820996,26.93123125701753,-23.06876874298247
128,361435.1671641339,6954027.512167191,25.833479788139122,-24.166520211860878
129,360956.2748899444,6953726.988657372,32.411512119466884,-17.588487880533112
130,359700.0,6953430.791846484,40.44956119256367,-9.55043880743633
131,359394.0201941623,6953358.649799062,52.11075381107382,2.110753811073816
132,357725.577273542,6952824.422726458,44.19272242368703,-5.807277576312968
133,357567.4447803304,6952773.789493587,46.649003519320736,-3.350996480679263
134,356615.1743496086,6952186.589922432,78.19127634668217,28.19127634668216
135,355860.4677862087,6951473.246883917,65.39802038492459,15.398020384924585
136,355857.0599969186,6951467.940003081,65.43188903371295,15.431889033712944
137,355875.0,6951450.0,65.19999694824219,15.199996948242188
138,355950.0,6951450.0,63.0,13.0
139,356025.0,6951450.0,61.400001525878906,11.400001525878906
140,356100.0,6951450.0,60.900001525878906,10.900001525878906
141,356175.0,6951450.0,59.70000076293945,9.700000762939453
142,356250.0,6951525.0,59.5,9.5
143,356325.0,6951600.0,60.0,10.0
144,356400.0,6951600.0,58.20000076293945,8.200000762939453
145,356475.0,6951675.0,57.0,7.0
146,356550.0,6951675.0,55.5,5.5
147,356625.0,6951675.0,54.70000076293945,4.700000762939453
148,356700.0,6951750.0,54.20000076293945,4.200000762939453
149,356775.0,6951825.0,53.599998474121094,3.5999984741210938
150,356775.0,6951900.0,53.0,3.0
151,356850.0,6951975.0,53.0,3.0
152,356850.0,6952050.0,52.79999923706055,2.799999237060547
153,356925.0,6952125.0,49.599998474121094,-0.40000152587890625
154,357000.0,6952200.0,50.20000076293945,0.20000076293945312
155,357075.0,6952200.0,49.900001525878906,-0.09999847412109375
156,357150.0,6952275.0,48.20000076293945,-1.7999992370605469
157,357225.0,6952275.0,48.599998474121094,-1.4000015258789062
158,357300.0,6952350.0,44.5,-5.5
159,357375.0,6952425.0,44.400001525878906,-5.599998474121094
160,357450.0,6952425.0,42.20000076293945,-7.799999237060547
161,357525.0,6952425.0,41.20000076293945,-8.799999237060547
162,357600.0,6952350.0,39.20000076293945,-10.799999237060547
163,355982.2321696515,6954000.0,74.95702442956319,24.95702442956319
164,356025.0,6954000.0,74.9000015258789,24.900001525878906
165,356100.0,6953925.0,73.9000015258789,23.900001525878906
166,356175.0,6953925.0,74.30000305175781,24.300003051757812
167,356250.0,6953925.0,75.0,25.0
168,356325.0,6953850.0,73.69999694824219,23.699996948242188
169,356400.0,6953850.0,73.30000305175781,23.300003051757812
170,356475.0,6953850.0,70.69999694824219,20.699996948242188
171,356550.0,6953925.0,72.4000015258789,22.400001525878906
172,356550.0,6954000.0,74.0,24.0
173,356475.0,6954075.0,74.30000305175781,24.300003051757812
174,356475.0,6954150.0,73.19999694824219,23.199996948242188
175,356475.0,6954153.448087974,73.23217931312499,23.232179313124988
176,357939.3193542892,6954609.437686441,102.58485042311045,52.58485042311045
177,358693.3316168604,6955041.142646421,129.18730535282796,79.18730535282796
178,358932.2158789646,6955386.002275225,105.63479253552481,55.634792535524795
179,358933.3485575243,6956015.047502528,121.55388348041754,71.55388348041754
180,358784.8767792229,6956216.949149904,135.3906526956335,85.39065269563349
181,358309.2817814108,6956431.015459796,140.89774111804513,90.89774111804515
182,357398.8726845264,6956516.402650387,142.113417545761,92.11341754576098
183,356924.7698289469,6956692.876918764,128.05431393107548,78.05431393107547
184,356739.3230542599,6956814.32305426,112.19521438877635,62.19521438877634
185,356700.0,6956775.0,108.4000015258789,58.400001525878906
186,356625.0,6956700.0,104.80000305175781,54.80000305175781
187,356550.0,6956625.0,101.5999984741211,51.599998474121094
188,356475.0,6956550.0,99.5,49.5
189,356400.0,6956475.0,97.0999984741211,47.099998474121094
190,356325.0,6956475.0,95.0999984741211,45.099998474121094
191,356250.0,6956400.0,93.80000305175781,43.80000305175781
192,356175.0,6956325.0,92.0999984741211,42.099998474121094
193,356175.0,6956250.0,90.69999694824219,40.69999694824219
194,356175.0,6956175.0,89.5,39.5
195,356100.0,6956100.0,88.30000305175781,38.30000305175781
196,356100.0,6956025.0,86.69999694824219,36.69999694824219
197,356100.0,6955950.0,85.19999694824219,35.19999694824219
198,356100.0,6955875.0,85.0,35.0
199,356100.0,6955800.0,84.80000305175781,34.80000305175781
200,356025.0,6955725.0,84.5999984741211,34.599998474121094
201,356025.0,6955650.0,83.5999984741211,33.599998474121094
202,356025.0,6955575.0,83.19999694824219,33.19999694824219
203,355950.0,6955500.0,83.5999984741211,33.599998474121094
204,355950.0,6955425.0,83.0,33.0
205,355950.0,6955350.0,81.9000015258789,31.900001525878906
206,355950.0,6955275.0,80.4000015258789,30.400001525878906
207,356025.0,6955200.0,79.5,29.5
208,356100.0,6955125.0,79.0999984741211,29.099998474121094
209,356100.0,6955050.0,79.0999984741211,29.099998474121094
210,356100.0,6954975.0,79.0,29.0
211,356025.0,6954900.0,77.80000305175781,27.800003051757812
212,356025.0,6954825.0,77.9000015258789,27.900001525878906
213,356025.0,6954750.0,78.9000015258789,28.900001525878906
214,356025.0,6954675.0,77.0999984741211,27.099998474121094
215,356100.0,6954600.0,75.19999694824219,25.199996948242188
216,356175.0,6954525.0,74.80000305175781,24.800003051757812
217,356250.0,6954525.0,74.0999984741211,24.099998474121094
218,356325.0,6954450.0,73.0,23.0
219,356400.0,6954375.0,73.19999694824219,23.199996948242188
220,356400.0,6954300.0,74.30000305175781,24.300003051757812
221,356475.0,6954225.0,73.9000015258789,23.900001525878906
222,357750.0,6952800.0,43.099998474121094,-6.900001525878906
223,357750.0,6952725.0,42.70000076293945,-7.299999237060547
224,357825.0,6952650.0,41.5,-8.5
225,357900.0,6952575.0,39.400001525878906,-10.599998474121094
226,359700.0,6953400.0,39.29999923706055,-10.700000762939453
227,359625.0,6953325.0,37.70000076293945,-12.299999237060547
228,359700.0,6953250.0,37.70000076293945,-12.299999237060547
229,359700.0,6953175.0,36.400001525878906,-13.599998474121094
230,359700.0,6953100.0,35.400001525878906,-14.599998474121094
231,359700.0,6953025.0,34.20000076293945,-15.799999237060547
232,359700.0,6952950.0,33.20000076293945,-16.799999237060547
233,362475.0,6954825.0,23.200000762939453,-26.799999237060547
234,362400.0,6954750.0,23.799999237060547,-26.200000762939453
235,362325.0,6954675.0,24.100000381469727,-25.899999618530273
236,362250.0,6954600.0,23.399999618530273,-26.600000381469727
237,362175.0,6954525.0,23.100000381469727,-26.899999618530273
238,362100.0,6954450.0,23.899999618530273,-26.100000381469727
239,362025.0,6954375.0,23.299999237060547,-26.700000762939453
240,361950.0,6954300.0,24.399999618530273,-25.600000381469727
241,361875.0,6954300.0,24.899999618530273,-25.100000381469727
242,361800.0,6954225.0,24.899999618530273,-25.100000381469727
243,361725.0,6954225.0,24.700000762939453,-25.299999237060547
244,361650.0,6954150.0,25.299999237060547,-24.700000762939453
245,361575.0,6954150.0,25.0,-25.0
246,361500.0,6954075.0,25.200000762939453,-24.799999237060547
247,361500.0,6954000.0,25.899999618530273,-24.100000381469727
248,361575.0,6953925.0,25.899999618530273,-24.100000381469727
249,361500.0,6953850.0,26.100000381469727,-23.899999618530273
250,361425.0,6953775.0,26.0,-24.0
251,361350.0,6953775.0,26.399999618530273,-23.600000381469727
252,361275.0,6953700.0,26.799999237060547,-23.200000762939453
253,361275.0,6953625.0,26.299999237060547,-23.700000762939453
254,361200.0,6953550.0,26.700000762939453,-23.299999237060547
255,361125.0,6953550.0,26.899999618530273,-23.100000381469727
256,361050.0,6953550.0,27.5,-22.5
257,360975.0,6953550.0,28.200000762939453,-21.799999237060547
258,360900.0,6953550.0,27.799999237060547,-22.200000762939453
259,360825.0,6953550.0,27.700000762939453,-22.299999237060547
260,360750.0,6953475.0,27.899999618530273,-22.100000381469727
261,360675.0,6953400.0,28.100000381469727,-21.899999618530273
262,360600.0,6953325.0,27.600000381469727,-22.399999618530273
263,360525.0,6953250.0,27.299999237060547,-22.700000762939453
264,360450.0,6953175.0,28.0,-22.0
265,362400.0,6954600.0,25.200000762939453,-24.799999237060547
266,362400.0,6954525.0,27.200000762939453,-22.799999237060547
267,362475.0,6954450.0,29.600000381469727,-20.399999618530273
268,362475.0,6954375.0,31.200000762939453,-18.799999237060547
269,362475.0,6954300.0,31.899999618530273,-18.100000381469727
270,362475.0,6954225.0,33.400001525878906,-16.599998474121094
271,362475.0,6954150.0,33.5,-16.5
272,362475.0,6954075.0,34.20000076293945,-15.799999237060547
273,362475.0,6954000.0,36.400001525878906,-13.599998474121094
274,362475.0,6953925.0,38.5,-11.5
275,362475.0,6953850.0,40.29999923706055,-9.700000762939453
276,362475.0,6953775.0,41.599998474121094,-8.400001525878906
277,362550.0,6953700.0,57.5,7.5
278,362625.0,6953625.0,57.400001525878906,7.400001525878906
279,362700.0,6953625.0,58.70000076293945,8.700000762939453
280,362775.0,6953550.0,62.5,12.5
281,362850.0,6953550.0,66.0,16.0
282,362925.0,6953550.0,66.80000305175781,16.800003051757812
283,363000.0,6953550.0,66.69999694824219,16.699996948242188
284,363000.0,6953475.0,67.30000305175781,17.300003051757812
285,363000.0,6953400.0,68.0999984741211,18.099998474121094
286,363075.0,6953325.0,68.5999984741211,18.599998474121094
287,363075.0,6955350.0,23.799999237060547,-26.200000762939453
288,363150.0,6955275.0,28.600000381469727,-21.399999618530273
289,363225.0,6955200.0,29.299999237060547,-20.700000762939453
290,363300.0,6955200.0,32.099998474121094,-17.900001525878906
291,363375.0,6955200.0,39.0,-11.0
292,363450.0,6955125.0,38.400001525878906,-11.599998474121094
293,363450.0,6955050.0,38.20000076293945,-11.799999237060547
294,363525.0,6954975.0,40.900001525878906,-9.099998474121094
295,363600.0,6954975.0,44.29999923706055,-5.700000762939453
296,363675.0,6954900.0,49.099998474121094,-0.9000015258789062
297,363750.0,6954825.0,54.400001525878906,4.400001525878906
298,363825.0,6954750.0,59.5,9.5
299,363900.0,6954675.0,64.5,14.5
300,363975.0,6954675.0,68.0,18.0
301,364050.0,6954675.0,68.0999984741211,18.099998474121094
302,364125.0,6954600.0,70.9000015258789,20.900001525878906
303,364125.0,6954525.0,77.5999984741211,27.599998474121094
304,359250.0,6946500.0,90.0999984741211,40.099998474121094
305,359250.0,6946575.0,89.5999984741211,39.599998474121094
306,359250.0,6946650.0,90.0,40.0
307,359175.0,6946725.0,89.0999984741211,39.099998474121094
308,359175.0,6946800.0,88.30000305175781,38.30000305175781
309,359175.0,6946875.0,86.4000015258789,36.400001525878906
310,359100.0,6946950.0,84.5999984741211,34.599998474121094
311,359025.0,6947025.0,84.0999984741211,34.099998474121094
312,359025.0,6947100.0,84.4000015258789,34.400001525878906
313,359025.0,6947175.0,84.30000305175781,34.30000305175781
314,358950.0,6947250.0,83.0,33.0
315,358875.0,6947325.0,80.5999984741211,30.599998474121094
316,358800.0,6947325.0,79.69999694824219,29.699996948242188
317,358725.0,6947400.0,79.0,29.0
318,358650.0,6947475.0,78.5999984741211,28.599998474121094
319,358650.0,6947550.0,78.5,28.5
320,358575.0,6947625.0,77.69999694824219,27.699996948242188
321,358575.0,6947700.0,76.0999984741211,26.099998474121094
322,358500.0,6947775.0,74.80000305175781,24.800003051757812
323,358500.0,6947850.0,74.5,24.5
324,358500.0,6947925.0,74.80000305175781,24.800003051757812
325,358500.0,6948000.0,75.30000305175781,25.300003051757812
326,358425.0,6948075.0,74.0999984741211,24.099998474121094
327,358425.0,6948150.0,72.80000305175781,22.800003051757812
328,358425.0,6948225.0,71.19999694824219,21.199996948242188
329,358425.0,6948300.0,69.4000015258789,19.400001525878906
330,358425.0,6948375.0,70.19999694824219,20.199996948242188
331,358500.0,6948450.0,69.30000305175781,19.300003051757812
332,358500.0,6948525.0,69.0,19.0
333,358425.0,6948600.0,68.0,18.0
334,358350.0,6948675.0,67.19999694824219,17.199996948242188
335,358275.0,6948750.0,65.30000305175781,15.300003051757812
336,358200.0,6948750.0,65.19999694824219,15.199996948242188
337,358125.0,6948675.0,65.80000305175781,15.800003051757812
338,358050.0,6948675.0,65.0,15.0
339,357975.0,6948675.0,65.4000015258789,15.400001525878906
340,357900.0,6948600.0,64.5999984741211,14.599998474121094
341,357825.0,6948600.0,65.0,15.0
342,357750.0,6948600.0,64.4000015258789,14.400001525878906
343,357675.0,6948600.0,63.400001525878906,13.400001525878906
344,357600.0,6948600.0,63.0,13.0
345,357525.0,6948525.0,63.099998474121094,13.099998474121094
346,357450.0,6948450.0,61.29999923706055,11.299999237060547
347,357375.0,6948450.0,60.099998474121094,10.099998474121094
348,357300.0,6948450.0,59.900001525878906,9.900001525878906
349,357225.0,6948450.0,59.29999923706055,9.299999237060547
350,357150.0,6948450.0,59.0,9.0
351,357075.0,6948450.0,58.900001525878906,8.900001525878906
352,357000.0,6948450.0,58.79999923706055,8.799999237060547
353,356925.0,6948375.0,58.79999923706055,8.799999237060547
354,356850.0,6948375.0,58.79999923706055,8.799999237060547
355,356775.0,6948375.0,58.79999923706055,8.799999237060547
356,356700.0,6948450.0,57.79999923706055,7.799999237060547
357,356625.0,6948525.0,57.29999923706055,7.299999237060547
358,356550.0,6948525.0,56.70000076293945,6.700000762939453
359,356475.0,6947850.0,61.5,11.5
360,356475.0,6947925.0,60.599998474121094,10.599998474121094
361,356550.0,6948000.0,59.79999923706055,9.799999237060547
362,356550.0,6948075.0,59.5,9.5
363,356550.0,6948150.0,59.5,9.5
364,356625.0,6948225.0,59.0,9.0
365,356625.0,6948300.0,58.70000076293945,8.700000762939453
366,356625.0,6948375.0,58.5,8.5
367,356625.0,6948450.0,57.70000076293945,7.700000762939453
368,360300.0,6948375.0,73.9000015258789,23.900001525878906
369,360300.0,6948450.0,72.0,22.0
370,360375.0,6948525.0,71.9000015258789,21.900001525878906
371,360375.0,6948600.0,69.4000015258789,19.400001525878906
372,360450.0,6948675.0,69.0999984741211,19.099998474121094
373,360525.0,6948750.0,68.0999984741211,18.099998474121094
374,360600.0,6948750.0,65.5,15.5
375,360675.0,6948825.0,64.30000305175781,14.300003051757812
376,360675.0,6948900.0,63.70000076293945,13.700000762939453
377,360675.0,6948975.0,63.79999923706055,13.799999237060547
378,360600.0,6949050.0,62.20000076293945,12.200000762939453
379,360600.0,6949125.0,61.5,11.5
380,360525.0,6949200.0,59.70000076293945,9.700000762939453
381,360450.0,6949275.0,59.099998474121094,9.099998474121094
382,360375.0,6949350.0,58.5,8.5
383,360300.0,6949350.0,57.79999923706055,7.799999237060547
384,360300.0,6949425.0,57.20000076293945,7.200000762939453
385,360300.0,6949500.0,57.599998474121094,7.599998474121094
386,360300.0,6949575.0,56.29999923706055,6.299999237060547
387,360225.0,6949650.0,55.29999923706055,5.299999237060547
388,360150.0,6949650.0,54.70000076293945,4.700000762939453
389,360075.0,6949650.0,55.20000076293945,5.200000762939453
390,360000.0,6949725.0,55.099998474121094,5.099998474121094
391,359925.0,6949725.0,52.70000076293945,2.700000762939453
392,359850.0,6949800.0,54.099998474121094,4.099998474121094
393,359775.0,6949875.0,54.20000076293945,4.200000762939453
394,359775.0,6949950.0,51.70000076293945,1.7000007629394531
395,359700.0,6950025.0,50.900001525878906,0.9000015258789062
396,359625.0,6950100.0,50.20000076293945,0.20000076293945312
397,359625.0,6950175.0,51.79999923706055,1.7999992370605469
398,359550.0,6950250.0,52.20000076293945,2.200000762939453
399,359550.0,6950325.0,48.400001525878906,-1.5999984741210938
400,359550.0,6950400.0,52.70000076293945,2.700000762939453
401,359550.0,6950475.0,49.29999923706055,-0.7000007629394531
402,359550.0,6950550.0,47.400001525878906,-2.5999984741210938
403,359550.0,6950625.0,44.79999923706055,-5.200000762939453
404,359550.0,6950700.0,45.70000076293945,-4.299999237060547
405,359475.0,6950775.0,44.599998474121094,-5.400001525878906
406,359400.0,6950850.0,45.20000076293945,-4.799999237060547
407,359400.0,6950925.0,44.70000076293945,-5.299999237060547
408,359400.0,6951000.0,45.70000076293945,-4.299999237060547
409,359325.0,6951075.0,43.900001525878906,-6.099998474121094
410,359325.0,6951150.0,44.599998474121094,-5.400001525878906
411,359250.0,6951225.0,44.70000076293945,-5.299999237060547
412,359250.0,6951300.0,43.20000076293945,-6.799999237060547
413,359175.0,6951375.0,41.70000076293945,-8.299999237060547
414,359175.0,6951450.0,41.70000076293945,-8.299999237060547
415,359100.0,6951525.0,41.0,-9.0
416,361125.0,6948750.0,72.80000305175781,22.800003051757812
417,361050.0,6948750.0,70.30000305175781,20.300003051757812
418,360975.0,6948825.0,69.69999694824219,19.699996948242188
419,360900.0,6948900.0,68.0999984741211,18.099998474121094
420,360825.0,6948975.0,63.900001525878906,13.900001525878906
421,360750.0,6948975.0,63.70000076293945,13.700000762939453
422,358575.0,6948825.0,69.30000305175781,19.300003051757812
423,358500.0,6948825.0,68.30000305175781,18.300003051757812
424,358425.0,6948825.0,67.19999694824219,17.199996948242188
425,358350.0,6948750.0,66.0,16.0
426,361800.0,6949725.0,82.5999984741211,32.599998474121094
427,361725.0,6949650.0,79.80000305175781,29.800003051757812
428,361650.0,6949650.0,79.5999984741211,29.599998474121094
429,361575.0,6949575.0,78.5,28.5
430,361500.0,6949575.0,77.9000015258789,27.900001525878906
431,361425.0,6949500.0,78.9000015258789,28.900001525878906
432,361350.0,6949425.0,78.0999984741211,28.099998474121094
433,361275.0,6949425.0,76.19999694824219,26.199996948242188
434,361200.0,6949350.0,73.5,23.5
435,361125.0,6949275.0,75.0999984741211,25.099998474121094
436,361050.0,6949200.0,70.0999984741211,20.099998474121094
437,360975.0,6949125.0,68.5999984741211,18.599998474121094
438,360900.0,6949050.0,65.5999984741211,15.599998474121094
439,359775.0,6950475.0,57.20000076293945,7.200000762939453
440,359700.0,6950550.0,51.79999923706055,1.7999992370605469
441,359625.0,6950625.0,48.400001525878906,-1.5999984741210938
442,358575.0,6951000.0,56.0,6.0
443,358650.0,6951075.0,55.5,5.5
444,358650.0,6951150.0,49.70000076293945,-0.2999992370605469
445,358650.0,6951225.0,48.79999923706055,-1.2000007629394531
446,358725.0,6951300.0,45.0,-5.0
447,358800.0,6951375.0,43.400001525878906,-6.599998474121094
448,358875.0,6951450.0,45.400001525878906,-4.599998474121094
449,358950.0,6951450.0,43.79999923706055,-6.200000762939453
450,359025.0,6951525.0,41.099998474121094,-8.900001525878906
451,359100.0,6955650.0,82.9000015258789,32.900001525878906
452,359175.0,6955650.0,79.80000305175781,29.800003051757812
453,359250.0,6955575.0,76.9000015258789,26.900001525878906
454,359325.0,6955500.0,75.19999694824219,25.199996948242188
455,360075.0,6956700.0,112.0999984741211,62.099998474121094
456,360075.0,6956625.0,109.69999694824219,59.69999694824219
457,360000.0,6956550.0,106.19999694824219,56.19999694824219
458,360000.0,6956475.0,102.5,52.5
459,360000.0,6956400.0,100.9000015258789,50.900001525878906
460,359925.0,6956325.0,99.19999694824219,49.19999694824219
461,359850.0,6956325.0,95.80000305175781,45.80000305175781
462,359850.0,6956250.0,95.0999984741211,45.099998474121094
463,359775.0,6956175.0,91.4000015258789,41.400001525878906
464,359700.0,6956175.0,89.5999984741211,39.599998474121094
465,359625.0,6956100.0,85.80000305175781,35.80000305175781
466,359550.0,6956025.0,87.4000015258789,37.400001525878906
467,359475.0,6955950.0,84.0999984741211,34.099998474121094
468,359400.0,6955875.0,82.80000305175781,32.80000305175781
469,359400.0,6955800.0,80.9000015258789,30.900001525878906
470,359325.0,6955725.0,79.5,29.5
471,359325.0,6955650.0,77.80000305175781,27.800003051757812
472,359325.0,6955575.0,75.69999694824219,25.699996948242188
473,358350.0,6956775.0,124.80000305175781,74.80000305175781
474,358425.0,6956700.0,122.5,72.5
475,358500.0,6956700.0,119.5999984741211,69.5999984741211
476,358575.0,6956625.0,118.30000305175781,68.30000305175781
477,358650.0,6956625.0,116.0,66.0
478,358725.0,6956625.0,115.5999984741211,65.5999984741211
479,358800.0,6956625.0,115.4000015258789,65.4000015258789
480,358875.0,6956550.0,114.80000305175781,64.80000305175781
481,358950.0,6956550.0,112.9000015258789,62.900001525878906
482,359025.0,6956550.0,112.0,62.0
483,359100.0,6956550.0,109.0,59.0
484,359175.0,6956550.0,105.0,55.0
485,359250.0,6956550.0,104.5,54.5
486,359325.0,6956475.0,102.5,52.5
487,359400.0,6956475.0,99.0,49.0
488,359475.0,6956400.0,95.80000305175781,45.80000305175781
489,359550.0,6956325.0,91.9000015258789,41.900001525878906
490,359625.0,6956250.0,89.9000015258789,39.900001525878906
491,359625.0,6956175.0,88.0999984741211,38.099998474121094
492,358132.6598198024,6945406.900840059,100.96621087390123,50.96621087390124
493,358611.8943422036,6945680.809907901,120.49130155892115,70.49130155892115
494,359166.0021328319,6946307.434754222,94.84576919285053,44.84576919285051
495,359215.5257874437,6945125.09203123,131.0856493311425,81.08564933114249
496,359174.1020696107,6944886.563911927,128.9582234845596,78.95822348455958
497,359098.8027284725,6944724.028563343,129.55477596390568,79.55477596390567
498,353987.599254288,6948857.340841327,98.91762882832654,48.91762882832653
499,354334.335986428,6949184.576007476,119.49189667689414,69.49189667689413
500,355485.0509911538,6949827.825296198,100.92443820357533,50.92443820357535
501,356002.582303394,6950356.806456797,105.69043190539429,55.69043190539429
502,356242.3082863995,6950780.613983844,89.69151144964755,39.69151144964755
503,356422.6720029011,6951217.299084079,72.24779183720794,22.247791837207934
504,355987.2822414247,6951140.296323886,83.85903373823919,33.859033738239184
505,355631.5854825049,6951116.813135331,87.54887473555891,37.54887473555891
506,363114.786547587,6955758.643040858,44.7412316568531,-5.258768343146896
507,363645.3116851742,6956250.140424326,75.47376540866834,25.473765408668335
508,363646.4779636784,6956882.983558681,132.32877691004995,82.32877691004994
509,363446.8139245356,6957045.624967491,130.19958377163377,80.19958377163378
510,362847.3325517969,6957069.407599158,124.96256289721433,74.96256289721433
511,362208.3629165686,6957006.26007068,120.32169569916715,70.32169569916714
512,360256.1900033275,6957149.621416612,129.08559942011982,79.08559942011982
513,359183.6167891648,6957498.290187438,155.51357849847713,105.51357849847714
514,358153.1239490293,6958043.506906193,177.98843345103052,127.98843345103052
515,357321.7523447918,6958690.44153814,154.7891809540053,104.7891809540053
516,357114.7726645387,6958434.071782314,177.69290111603158,127.69290111603156
517,356826.0353104206,6958103.909966686,173.58120244752195,123.5812024475219
518,356452.8641318216,6958119.44827296,173.778076912507,123.77807691250699
519,355821.7749485154,6958029.849677519,166.19928458502673,116.19928458502669
520,354854.070146906,6957727.726377476,109.10185096670723,59.101850966707254
521,366018.3167671059,6956546.378957095,15.448228578915197,-34.5517714210848
522,365928.3618688633,6956322.053356699,79.55441862891455,29.55441862891455
523,365647.0884596322,6956049.500660673,85.36723155868317,35.367231558683166
524,364914.6964650107,6955548.758157252,46.09828959704148,-3.9017104029585163
525,361697.2193576007,6951405.225716234,101.07977276796458,51.07977276796459
526,361627.0246716514,6951278.669174619,101.23143501226527,51.231435012265266
527,361640.317575462,6951229.687832521,102.6978128460957,52.6978128460957
528,361942.2631832133,6950116.241081511,94.92003587335054,44.92003587335054
529,361927.6323013588,6948923.224711659,93.56334735312095,43.56334735312093
530,361725.2743284444,6948253.250615767,108.87108008995851,58.87108008995852
531,362036.8232942979,6948770.218316081,101.19617710079237,51.19617710079237
532,362397.4264999684,6949076.602857033,99.1745087999225,49.174508799922506
533,363076.9487183721,6949173.999225109,93.28387657890225,43.28387657890226
534,363389.4727417033,6949193.111141252,97.97694833713203,47.97694833713203
535,363114.7844112323,6948362.165016716,96.1687758276412,46.168775827641205
536,363103.7598659338,6948356.535774162,96.89530362673224,46.89530362673224
537,362483.0363539109,6948017.893894687,107.34677231865729,57.3467723186573
538,361563.2799113824,6947740.759352472,97.59471054460172,47.594710544601725
539,361192.8147214281,6947475.032759012,96.84671302893395,46.84671302893394
540,360511.6880446955,6946862.236606766,110.2658444928951,60.2658444928951
541,360109.955029966,6946328.714960482,119.55581080148316,69.55581080148315
542,353083.3248010837,6949817.622863016,97.69708544804817,47.69708544804817
543,353275.3564447801,6949961.787112923,106.39452294319227,56.39452294319227
544,353474.7190689696,6950228.112063533,111.58085968460321,61.58085968460321
545,353657.6055780117,6950986.698289031,119.04818619024253,69.04818619024253
546,352758.0794718006,6950927.306116075,100.41124532101881,50.411245321018804
547,353561.2760981406,6953280.440076852,92.81007735580991,42.8100773558099
548,353938.8379709935,6953363.686276885,97.34304571306792,47.343045713067916
549,356076.9593341576,6957248.094492102,137.38433967018045,87.38433967018045
550,355741.2028007104,6956863.346521011,114.80195554331132,64.80195554331134
551,354717.658947501,6956728.576101949,126.31503400048904,76.31503400048904
552,353893.4019009336,6956850.637360264,126.23187196634086,76.23187196634086
553,353815.3241118233,6956886.10383292,130.82653717309176,80.82653717309174
554,368608.0016161151,6953890.805547292,143.52399627980955,93.52399627980955
555,367116.3860310738,6953036.958558301,144.6325625910934,94.63256259109342
556,366422.0995243698,6953004.548549599,127.34161763197842,77.34161763197842
557,365248.6066068495,6952682.21319206,128.26970696308058,78.2697069630806
558,365158.1454423117,6952546.227461564,128.72560056876412,78.72560056876411
559,364836.5564627115,6951842.296607919,96.73002806091853,46.73002806091853
560,364277.7457573848,6951771.967758108,95.06132620336604,45.06132620336603
561,364096.507068257,6952225.676528631,112.78848302490763,62.78848302490765
562,363772.9668183689,6951708.439049994,87.30277947764579,37.302779477645785
563,363680.8590229719,6951561.18811639,90.97400570106063,40.97400570106064
564,363614.2757706462,6951454.742771292,86.72570452886598,36.72570452886597
565,363613.3805489418,6951136.826595061,92.82209812280114,42.82209812280113
566,363960.6786274595,6950592.973731398,75.95223150047099,25.952231500470997
567,366657.611403128,6952718.443551112,116.01519626954713,66.01519626954713
568,366802.8911809679,6952857.519098001,123.1182511428735,73.1182511428735
569,362816.5900255675,6947913.061936704,109.61262892747845,59.61262892747845
570,350437.5,6944310.0,87.70399780273443,37.70399780273444
571,350437.5,6946207.5,54.74900169372556,4.749001693725562
572,350437.5,6948105.0,28.720000457763646,-21.279999542236347
573,350437.5,6950002.5,91.02800292968749,41.028002929687496
574,350437.5,6951900.0,11.649999618530273,-38.35000038146973
575,350437.5,6953797.5,7.816000127792348,-42.18399987220765
576,350437.5,6955695.0,8.031999778747545,-41.96800022125246
577,350437.5,6957592.5,36.72900123596192,-13.270998764038088
578,350437.5,6959490.0,33.3860008239746,-16.613999176025406
579,352305.6818181818,6961387.5,161.36364121870548,111.36364121870547
580,354173.8636363636,6961387.5,148.381815130061,98.38181513006101
581,356042.0454545455,6961387.5,98.54090638595864,48.540906385958614
582,357910.2272727273,6961387.5,90.43182060935203,40.43182060935203
583,359778.4090909091,6961387.5,80.83772798017809,30.837727980178084
584,361646.5909090909,6961387.5,7.69090914726258,-42.30909085273742
585,363514.7727272727,6961387.5,,-10049.0
586,365382.9545454545,6961387.5,,-10049.0
587,367251.1363636364,6961387.5,,-10049.0
588,369119.3181818182,6961387.5,,-10049.0
589,370987.5,6959490.0,42.89800109863282,-7.101998901367186
590,370987.5,6957592.5,104.02999725341797,54.029997253417974
591,370987.5,6955695.0,88.6599990844727,38.65999908447269
592,370987.5,6953797.5,163.44000091552735,113.44000091552735
593,370987.5,6951900.0,157.0,107.0
594,370987.5,6950002.5,130.22000427246093,80.22000427246094
595,370987.5,6948105.0,102.01999969482424,52.01999969482423
596,370987.5,6946207.5,80.69999847412114,30.699998474121145
597,370987.5,6944310.0,37.27999954223642,-12.720000457763586
598,369119.3181818182,6942412.5,40.59545482288721,-9.404545177112785
599,367251.1363636364,6942412.5,65.20454649492179,15.204546494921786
600,365382.9545454545,6942412.5,64.83636127818991,14.836361278189909
601,363514.7727272727,6942412.5,130.32727050781074,80.32727050781074
602,361646.5909090909,6942412.5,152.17726967551474,102.17726967551474
603,359778.4090909091,6942412.5,88.16363629427951,38.16363629427951
604,357910.2272727273,6942412.5,101.1681802922999,51.16818029229989
605,356042.0454545455,6942412.5,83.87727425315803,33.87727425315805
606,354173.8636363636,6942412.5,93.06363435225462,43.06363435225462
607,352305.6818181818,6942412.5,94.77727300470524,44.777273004705236
608,361990.6498984972,6952020.006205552,99.32430159198358,49.324301591983584
609,362066.7821743433,6952179.514611373,101.94921912951722,51.94921912951722
610,362142.9144743694,6952339.023067854,99.8730239348495,49.873023934849485
611,362341.5137144891,6952633.365932946,110.3723270478443,60.372327047844315
612,362500.9564189967,6952808.893857508,104.97070416935762,54.970704169357624
613,362658.5641202348,6952982.401656305,91.32071820149639,41.3207182014964
614,362899.9519167906,6953185.428732716,76.2450346594053,26.245034659405306
615,363020.3030195525,6953255.213400947,70.17650500095063,20.17650500095063
616,363245.1682982921,6953385.599816306,73.59690706732958,23.596907067329575
617,363465.7717741194,6953572.331482416,90.67609043130392,40.67609043130391
618,363615.522458087,6953735.032217354,92.43566934381845,42.43566934381843
619,363908.1209237857,6954052.926000457,98.23807490367679,48.2380749036768
620,364085.7573999702,6954306.141865026,91.99740831101342,41.99740831101342
621,364263.7673669271,6954612.58524701,104.44856418541586,54.44856418541586
622,364346.9330325271,6954755.754577734,106.60357859823334,56.603578598233355
623,364430.0987171101,6954898.923941137,103.0585885227283,53.05858852272831
624,364612.1545894445,6955166.911360954,98.29643652091792,48.29643652091793
625,364711.0171264735,6955291.688610278,74.57884386628135,24.57884386628134
626,364809.8796399392,6955416.465829862,56.4214256138263,6.421425613826305
627,361883.8181629876,6955261.815649793,54.63339539515729,4.633395395157278
628,361720.4169254114,6955195.865775225,68.17676253961967,18.17676253961967
629,361450.3446086188,6955027.717168946,91.13215589528359,41.132155895283574
630,361537.3668107839,6954325.139772362,38.409708693344655,-11.590291306655342
631,361269.8698785638,6953923.78169773,28.09360076549079,-21.906399234509202
632,361095.0176246106,6953814.055114342,29.855085641483544,-20.144914358516452
633,360776.7385719814,6953684.658682264,38.836314926082416,-11.163685073917582
634,360597.2954485999,6953642.350680006,53.03295344678705,3.032953446787044
635,360417.8222657145,6953600.035590502,57.89093395801328,7.890933958013277
636,360238.3850121526,6953557.728972193,57.180990529445985,7.1809905294459835
637,360058.9120525938,6953515.413935343,53.29647521924879,3.2964752192487947
638,359879.4684860936,6953473.105828607,47.89443620400479,-2.105563795995214
639,359547.0116319977,6953394.721184666,43.48490293719812,-6.515097062801875
640,359208.5519441388,6953299.263793675,50.79848120585958,0.7984812058595847
641,359023.1995057602,6953239.914870598,42.21948335978962,-7.7805166402103785
642,358837.8001752237,6953180.550932886,50.13015640937616,0.1301564093761639
643,358652.4607125887,6953121.206164577,52.453403806925905,2.4534038069259014
644,358467.0550747733,6953061.840207306,56.997698859094754,6.997698859094754
645,358281.715316361,6953002.495344291,58.92453628428784,8.924536284287846
646,358096.316555062,6952943.131588846,52.05401348920008,2.0540134892000794
647,357910.9632746054,6952883.782396139,50.73569805338491,0.7356980533849142
648,357394.4117847569,6952667.091965743,53.94093138800086,3.9409313880008665
649,357161.7029984462,6952523.596488915,69.42850104039127,19.428501040391268
650,356893.3546991742,6952358.124579709,74.17940303854911,24.179403038549097
651,356366.344309271,6951951.397616367,75.3923080183167,25.392308018316697
652,356152.3797776272,6951749.159930173,78.68987641733477,28.689876417334755
653,355987.4719278203,6951593.290255307,72.51733536261506,22.517335362615057
654,356310.7419151712,6954102.298058489,81.52363034044166,31.523630340441656
655,356146.4881224125,6954051.149365557,80.96855038945033,30.96855038945034
656,356658.0378467648,6954210.446142398,86.93756146149644,36.93756146149644
657,356841.067721312,6954267.441714271,85.03297626134255,35.032976261342554
658,357024.0912500763,6954324.435310065,82.03132633239308,32.03132633239308
659,357207.1077460865,6954381.426715856,80.51888826999041,30.518888269990416
660,357390.1245865342,6954438.418228906,87.91137683603468,37.91137683603469
661,357573.1484739322,6954495.411936378,98.17496109878401,48.17496109878401
662,357756.1787051266,6954552.407619311,102.17728376501015,52.177283765010145
663,358121.9610472162,6954714.008034497,113.30028147545968,63.300281475459684
664,358366.3421291876,6954853.926879918,123.75175688330228,73.75175688330226
665,358932.7625112074,6955689.580373728,99.84068141002024,49.840681410020245
666,358538.3826733311,6956327.896665965,133.21649284857307,83.2164928485731
667,357906.7960681174,6956468.764560095,150.0259392096835,100.0259392096835
668,357125.451962742,6956618.177447286,135.16942507334002,85.16942507334004
669,356832.046255158,6956753.600108611,119.84491654141998,69.84491654141998
670,358928.6519537821,6946039.022142115,106.61135982077691,56.61135982077691
671,359178.777756037,6946002.425658131,109.7121372235884,59.71213722358839
672,359195.1952315212,6945610.469878198,132.86065273512327,82.86065273512327
673,354910.5414908133,6949506.674684674,127.35120989324992,77.35120989324992
674,355743.8166472739,6950092.315876497,118.31330965884601,68.31330965884602
675,356204.5007661515,6951178.713455956,83.23270714893891,33.23270714893891
676,363351.4189551894,6955977.867731528,64.7395446764546,14.739544676454607
677,361549.4609951749,6957054.647724072,121.38654074878413,71.38654074878413
678,360890.5590737812,6957103.035377464,139.34712541135715,89.34712541135714
679,359741.9060471175,6957316.803248583,131.990089957425,81.990089957425
680,358668.370369097,6957770.898546815,173.60801553254873,123.60801553254875
681,357737.4868425221,6958366.936329511,174.82634077952207,124.82634077952207
682,355344.0352566189,6957880.69645224,150.64510354795803,100.64510354795806
683,365327.1718487985,6955830.771010743,93.37483621208207,43.37483621208209
684,365090.2114049422,6955668.759182733,89.86877826576726,39.86877826576726
685,361798.9245588668,6950644.812855618,110.19494060772455,60.19494060772455
686,361937.7819660272,6949750.838263484,85.58573295106108,35.58573295106108
687,361933.5470438151,6949405.518577742,93.47026514180179,43.47026514180179
688,361826.4533149016,6948588.237663713,102.69178765210397,52.691787652103976
689,362029.8440548253,6947881.341178625,108.22042155994576,58.220421559945756
690,360861.0816108938,6947176.579063609,99.32254190867677,49.32254190867677
691,359811.8119491253,6945927.507317398,113.76715198012681,63.76715198012681
692,359513.6688682845,6945526.299674314,117.89654124218404,67.89654124218404
693,353566.1623234906,6950607.405176282,112.6779674583083,62.67796745830831
694,353220.2730675536,6950957.822942423,108.8851144038226,58.8851144038226
695,355229.9055595911,6956796.023813503,119.24892004868808,69.24892004868808
696,354330.3262936409,6956785.93480008,89.26871042938049,39.268710429380484
697,368081.7465399167,6953589.560831992,154.32992404303056,104.32992404303054
698,367601.7634518906,6953314.803636781,160.25843853946284,110.25843853946286
699,365817.7910581757,6952838.556933794,115.71120470003062,65.71120470003062
700,364995.9563163838,6952191.209295182,116.24953079815054,66.24953079815054
701,357447.4264126193,6947007.989742411,90.55861995870994,40.55861995870995
702,357507.9081632653,6950035.459183673,79.41827000904874,29.41827000904874
703,354876.5510641063,6954927.269882007,94.25062095870142,44.25062095870142
704,360699.8228924414,6951097.514530228,88.1186853068863,38.1186853068863
705,357658.3228433976,6951380.82485225,74.48758887519534,24.487588875195346
706,355540.6164503311,6948410.772646766,82.38617361195837,32.38617361195837
707,358783.259520039,6949777.65533141,92.85718368168352,42.857183681683516
708,359422.624943752,6948137.706436625,98.16301218156865,48.16301218156864
709,360884.3936469461,6950182.955597087,93.70412744053023,43.70412744053024
710,359556.3968337417,6948920.08435636,88.96733958134996,38.96733958134996
711,359780.1593867298,6952008.336378812,51.58419258887132,1.5841925888713135
712,360128.4009162178,6955481.249388743,147.6222024561318,97.62220245613177
713,355317.7684188269,6952857.776176952,140.01028887035662,90.01028887035663
714,357733.0037292626,6947748.200000553,90.41665733196226,40.41665733196225
715,367462.1088679777,6949487.26908662,128.1503046484817,78.1503046484817
716,357228.8357797246,6949000.446939717,76.30138257787354,26.301382577873536
717,358907.0988524344,6950407.475219276,85.18005334469842,35.18005334469842
718,358757.2124895877,6952096.435065852,56.56802641479401,6.568026414794009
719,362434.7308395467,6955840.269160453,64.60077689518846,14.600776895188467
720,360725.6758490633,6948243.593192785,93.09050739209208,43.09050739209208
721,364641.2206343677,6953398.262008409,134.37857648748826,84.37857648748825
722,365507.0715287456,6954354.434178881,117.3464135448082,67.3464135448082
723,364911.0029302291,6957336.882975263,85.25861458593566,35.25861458593566
724,362653.4856558571,6951483.669610897,110.07677294263355,60.07677294263355
725,360326.1849188535,6950223.838268057,82.74591902832243,32.74591902832244
726,355584.7035864956,6956070.594620188,100.93414729374152,50.93414729374152
727,357778.1873238769,6949025.064296488,80.13286609672855,30.132866096728545
728,357217.1569966337,6947907.150199708,77.14249619551015,27.142496195510155
729,358785.4443012324,6957090.542453703,159.63314057103722,109.63314057103722
730,357012.1425007676,6953343.454190769,85.16241576800932,35.16241576800933
731,352995.1729538804,6955230.128045823,80.52147245775666,30.52147245775666
732,357972.3065476191,6952078.050595238,61.61926724912216,11.619267249122156
733,359616.0052185107,6956773.412783691,137.53465138139128,87.53465138139127
734,358001.7857142857,6948187.5,76.34642710004542,26.346427100045407
735,362565.2969404912,6945615.921825916,82.66163395708006,32.661633957080056
736,367828.3594199184,6956086.768879241,153.06585609271195,103.06585609271197
737,360819.6901638494,6949657.431156727,91.74392268734134,41.743922687341346
738,360086.3962583411,6948900.813149388,87.35007320151533,37.35007320151533
739,358559.1749691259,6946586.376530222,117.65495408919384,67.65495408919385
740,357372.3703335694,6957376.156695765,137.37286686311364,87.37286686311364
741,359435.377616709,6949695.71772407,78.91302700408202,28.913027004082032
742,361425.2760501462,6949007.655183285,85.45145051998435,35.451450519984334
743,358859.3541236349,6948190.754495623,90.93160355390899,40.93160355390898
744,359582.5959240828,6954481.180739901,79.13287549098573,29.132875490985725
745,359027.6785714286,6951051.658163265,67.08084804045485,17.08084804045485
746,355787.7774789053,6954437.797300872,94.10594598266353,44.10594598266354
747,367684.1848639403,6951679.692660217,145.73714785614325,95.73714785614327
748,359469.7968503348,6952401.756481909,50.35290742278509,0.3529074227850791
749,365375.4914198476,6955069.885032602,92.63444469422652,42.634444694226524
750,359401.3744787794,6947160.20120944,97.96962498101884,47.96962498101884
751,359743.0964017954,6951046.250317372,65.80915198704582,15.809151987045823
752,358672.8097499969,6954020.646791992,95.78644024835056,45.786440248350566
753,363200.3458966967,6952331.932034709,136.15294552749387,86.15294552749388
754,363354.2182945771,6947879.637544839,78.43480124025476,28.434801240254757
755,364896.6141004418,6956271.614100442,25.01850189430932,-24.981498105690687
756,366141.8799526841,6951311.084923398,118.6377723708645,68.6377723708645
757,361337.4946187867,6951522.002287402,74.84749505611207,24.847495056112077
758,360477.9163778336,6954486.274161956,130.2207610373263,80.22076103732628
759,362497.5,6955342.5,41.46299873352051,-8.537001266479496
760,358353.508665252,6952257.230338522,63.634542052426724,13.63454205242672
761,356901.2814210281,6948095.849119395,64.06900877996051,14.069008779960512
762,362822.3582520517,6948772.920811104,109.76636405611987,59.76636405611986
763,356861.4720742711,6948738.892526712,63.26133697655814,13.261336976558137
764,360825.0,6948600.0,80.9000015258789,30.900001525878906
765,360210.0866004297,6952669.52537594,47.14609781321441,-2.8539021867855885
766,360872.3595940096,6951878.60959401,55.30284008430994,5.302840084309937
767,356157.4452608022,6953633.872151991,82.49481640393006,32.49481640393006
768,355907.3228105742,6956333.497346439,93.40718620936784,43.407186209367836
769,355762.5,6955687.5,93.97500038146973,43.97500038146973
770,358991.6417801796,6946554.551056185,105.0678183815975,55.067818381597505
771,359450.4688222032,6946827.225445675,103.56912051689747,53.56912051689747
772,358805.3942110512,6947849.186201636,84.76055652046163,34.76055652046165
773,358171.4520085612,6947896.751569273,86.84350813458327,36.84350813458326
774,358217.4018243298,6949076.710312393,84.6272717118386,34.6272717118386
775,356349.2045969203,6948259.375,66.86361633826672,16.863616338266716
776,360542.7722961343,6949583.87815226,74.36236699915243,24.362366999152428
777,360008.4944024149,6949442.784153322,68.79195581865696,18.791955818656962
778,360169.8907308998,6949930.543307372,75.05702944689183,25.057029446891836
779,360350.4123779756,6956410.287355747,124.30387405925025,74.30387405925023
780,359668.0543343233,6955639.661533234,118.89559177479916,68.89559177479916
781,359018.7441714007,6956856.019963386,136.5476664618716,86.54766646187159
782,359150.5665181735,6956260.365701502,122.63600433876707,72.63600433876708
783,354435.577713644,6945452.875786507,81.99388475249624,31.993884752496246
784,356293.0645080304,6959309.213667294,133.3280616801157,83.32806168011571
785,364836.1294248607,6955855.70186409,67.24953707912611,17.249537079126107
786,355192.8072166287,6951911.247028359,111.44286530248608,61.442865302486084
787,359950.8679499647,6950232.179510776,71.86881130328527,21.868811303285266
788,356214.1307143847,6949319.635536561,64.5446328538279,14.544632853827913
789,360032.5737450324,6944841.603982083,96.25412322800342,46.25412322800342
790,353909.3659634275,6957705.49345785,162.2948267572429,112.29482675724287
791,357366.887755102,6952138.775510204,50.13219048842795,0.13219048842795933
792,355780.7137927098,6955099.352444226,88.10676379010268,38.10676379010266
793,358580.10302212,6952463.533833278,56.00646584366349,6.006465843663486
794,358851.5256023415,6952423.645565541,41.9154526271958,-8.084547372804199
795,363888.9732284509,6956080.645603216,36.50972136222791,-13.49027863777209
796,363651.1652949672,6955919.613414887,40.553780898914425,-9.446219101085575
797,357122.7105893378,6951911.524495002,53.33478592788312,3.334785927883113
798,358754.8174250612,6947027.631933789,99.25208750851544,49.25208750851546
799,358921.9278056339,6947598.274845119,93.3486022635347,43.3486022635347
800,357701.7061129463,6948303.033324824,70.2170336042226,20.217033604222614
801,357307.3549937828,6948720.818152422,65.37108076708452,15.371080767084505
802,359237.1340562011,6950513.995043855,76.72627500655025,26.72627500655025
803,358387.5,6951187.5,65.37500095367432,15.375000953674316
804,361273.1420398657,6956015.299320873,146.17822790020668,96.1782279002067
805,362725.0197841334,6949908.788749811,114.63161336226011,64.63161336226011
806,364019.7970292066,6953055.665360115,101.29943365579662,51.29943365579662
807,352989.751733985,6952443.745576117,88.1984830761309,38.1984830761309
808,358237.5,6948487.5,72.47500038146973,22.475000381469727
809,366712.0287125671,6954246.392022501,130.42605677393314,80.42605677393314
810,356852.8566972276,6953962.5,77.84425320983611,27.844253209836108
811,366371.2228857503,6958599.520617313,5.322677539616045,-44.67732246038395
812,366610.1863073243,6955392.908171239,138.22715049625023,88.22715049625022
813,361591.4321844768,6951596.773799087,89.46606767232784,39.46606767232785
814,361170.9090046721,6948950.677242015,81.97525280957655,31.975252809576556
815,357137.8793202596,6951348.273813203,68.07249047073124,18.072490470731246
816,359858.3755798345,6956475.865309299,115.41523169119556,65.41523169119556
817,364143.1325203888,6956603.109341671,76.83331973028164,26.833319730281644
818,360332.6309455966,6951872.166717686,64.75755564368511,14.757555643685116
819,358308.8914097772,6951675.90620587,65.9479997928228,15.947999792822802
820,360176.1986041263,6947586.482947798,100.78316130073452,50.78316130073451
821,363283.4409011208,6959074.988272234,76.72681111933133,26.726811119331323
822,354807.9206189348,6950608.506288326,116.46895698302258,66.46895698302258
823,364212.1256630941,6958021.008788631,72.2136614032075,22.213661403207496
824,360546.3352084829,6959534.381895903,96.87706051523396,46.87706051523396
825,357937.8645848379,6953766.167180119,101.08345268245476,51.08345268245474
826,360792.3773770872,6949222.447530149,78.14190111898274,28.14190111898275
827,354737.2433625454,6959438.378894733,169.67809392784255,119.67809392784258
828,356343.2695906814,6952881.269191668,103.45224334203857,53.452243342038585
829,362274.6117019546,6951121.068626913,93.34897351174371,43.3489735117437
830,361515.6475398791,6949991.446341509,102.95099944657953,52.95099944657953
831,360577.1205357143,6948894.754464285,68.7222355786453,18.722235578645304
832,355004.8150030386,6953613.702163043,106.01847631524075,56.018476315240754
833,361139.5919239296,6954332.456789255,58.642640840299556,8.64264084029955
834,363965.3992162968,6951305.115512278,76.96228916263983,26.962289162639834
835,360920.6144658605,6955515.483355597,164.1976213999865,114.19762139998649
836,351978.7381897943,6947805.438557709,39.55219520119681,-10.447804798803192
837,354471.5918915836,6955860.149402944,100.76959318094934,50.76959318094934
838,356697.4499772413,6951420.147493673,56.900967055048,6.900967055047997
839,357946.5900851657,6947234.261071634,99.87212113028464,49.87212113028463
840,353479.3700158999,6949489.052971092,110.2082190178431,60.2082190178431
841,353276.7241723408,6956119.512310058,122.71323287286928,72.71323287286928
842,356193.1302627948,6954242.010987273,82.75699305835687,32.756993058356855
843,366831.7923410545,6956048.261646508,82.90053177603468,32.90053177603468
844,364805.8558927404,6954143.830072468,90.47128842215285,40.47128842215285
845,359581.9712121446,6951403.436126591,56.60239861199731,6.6023986119973035
846,355858.2532321516,6947836.592378887,75.74461362975406,25.744613629754056
847,356105.7120696568,6946475.447304929,80.2248323230245,30.224832323024508
848,359692.9811357093,6950290.311358682,68.299051028256,18.299051028256002
849,359475.0,6952725.0,47.900001525878906,-2.0999984741210938
850,362510.8333333333,6955049.166666667,25.695308285943028,-24.30469171405697
851,359474.9637401145,6956165.139839849,102.22612194129584,52.22612194129584
852,355637.3554014441,6954751.059970852,93.36886392847484,43.36886392847484
853,366039.1276610304,6945758.933082967,100.8473346745888,50.847334674588794
854,358601.2387032161,6945073.063697112,107.12960175727389,57.12960175727388
855,356537.1689791715,6957139.726615617,135.08004975271055,85.08004975271055
856,365352.5014939683,6949315.741976206,82.37998591171144,32.379985911711444
857,359759.0952927187,6952516.99586104,40.0497322528983,-9.950267747101691
858,356571.1007272799,6954101.989305303,78.75163111284292,28.75163111284292
859,361800.0,6951785.487360109,90.83855623711423,40.838556237114226
860,362094.5654702685,6951554.445246889,92.94960845127383,42.94960845127383
861,356675.1980487383,6944328.211537798,114.95326155432008,64.95326155432008
862,359865.3153993788,6955853.423220733,123.41215049011194,73.41215049011193
863,352844.3337152285,6950339.023398673,105.12787085671468,55.12787085671469
864,359154.3805065631,6955904.059746718,101.83975035280827,51.83975035280828
865,361153.7931388246,6951213.123403947,84.87274650035395,34.87274650035396
866,358594.5924409237,6948624.865131579,70.96872904717446,20.968729047174463
867,358840.0599882843,6959812.006694779,84.42205996872657,34.42205996872657
868,357975.0065672481,6950594.58293496,85.1327025144899,35.132702514489914
869,359708.1089429825,6948517.353924193,97.37308029550393,47.37308029550391
870,365656.0646073851,6952313.080374669,93.09122119475016,43.09122119475017
871,357220.8775731255,6945892.40688175,89.80758318026028,39.807583180260295
872,361780.7910618616,6955877.199754531,107.09186813827947,57.09186813827946
873,362446.5412607392,6947318.70855674,102.12021392348984,52.12021392348985
874,356437.5,6953520.0,75.69000091552739,25.690000915527392
875,355620.0,6955387.5,85.06000061035157,35.060000610351565
876,359602.1818709447,6946534.52780946,107.66876465340252,57.668764653402505
877,358564.7797207045,6949256.203804706,82.61675097712948,32.616750977129485
878,352305.0989627129,6958093.741635117,134.50507990987606,84.50507990987606
879,359259.4838026529,6953989.546136684,67.4602869407769,17.460286940776882
880,360201.4409429185,6952899.217910849,36.44024156777174,-13.559758432228255
881,358448.4375,6947198.4375,112.56679683923721,62.56679683923721
882,364402.19276137,6952668.510480111,136.34596104019477,86.34596104019478
883,363223.2892994029,6956567.340819167,104.57598062115188,54.575980621151885
884,356942.2170727314,6950747.121482248,57.192937760384496,7.192937760384503
885,362884.0325686943,6955747.290513719,46.807967562826136,-3.1920324371738595
886,355715.4333837529,6952337.383218952,104.37674078780626,54.37674078780626
887,355484.5631435876,6951710.884744707,84.07245977763867,34.07245977763868
888,363484.5759324037,6952896.243481589,108.7489493984691,58.748949398469094
889,363185.0331788408,6958014.360658825,85.67163717923637,35.67163717923638
890,360149.4998722186,6956048.394990997,121.89330882233392,71.89330882233394
891,356646.9859893821,6947066.911292351,86.81145799240407,36.81145799240408
892,363207.518295532,6951796.7393452,98.77695700739673,48.776957007396724
893,361408.9252419423,6948570.977627043,80.75496607831275,30.75496607831274
894,360048.9386113477,6954200.724107088,114.37450041274523,64.37450041274523
895,356812.900536152,6953665.16834149,93.67386644149755,43.67386644149755
896,359244.3411489377,6950323.602894733,84.78429369561302,34.78429369561302
897,356511.872276725,6948952.539055975,78.14181790667163,28.14181790667163
898,361074.989232352,6948422.788242185,82.77613736335702,32.77613736335704
899,354473.2169588953,6946698.425231341,48.83434392322709,-1.1656560767729078
900,353566.2269427057,6954414.011899532,107.56297441645916,57.56297441645914
901,361759.0276642987,6951288.198650155,102.52235828240597,52.522358282405975
902,365332.0953068623,6956735.992201516,48.80251731146926,-1.19748268853074
903,365801.557337641,6957512.466272344,51.458908382998864,1.4589083829988554
904,358164.5055515887,6957521.218524925,163.1285682609062,113.12856826090622
905,354857.5566032662,6948401.444911952,75.26667556258768,25.266675562587672
906,369141.6893595104,6951989.196251457,125.53582032131209,75.53582032131209
907,360517.5246109623,6949881.810398432,77.15380617957817,27.153806179578165
908,362669.6858944215,6952119.456469101,113.87940443598906,63.87940443598906
909,354391.2002782964,6952549.423431952,120.82760271419305,70.82760271419306
910,351868.5473597604,6953410.591144485,93.06214582161945,43.06214582161945
911,360351.1365878253,6952800.891898112,39.50481319942498,-10.495186800575024
912,360410.1721021017,6952528.274266697,46.58681787730441,-3.4131821226955896
913,360937.5,6952012.5,50.47500038146973,0.47500038146972656
914,361087.5,6951937.5,57.17500019073486,7.175000190734863
915,361244.7882375209,6951839.08465861,59.32710537057479,9.327105370574792
916,363503.1766946178,6955706.44906315,29.922544947031987,-20.077455052968013
917,363313.5609104816,6955634.336870365,36.06249815148762,-13.93750184851238
918,362957.6378167931,6955541.601549034,26.029793781719924,-23.970206218280076
919,356533.0411790992,6951577.862426653,67.14547291109737,17.145472911097364
920,356898.5767648896,6951873.795749167,62.53013421811733,12.530134218117329
921,357174.9233286089,6952155.722789559,58.644401383343464,8.644401383343467
922,357464.9125364432,6952325.182215744,46.512711424324735,-3.487288575675265
923,356196.2230493754,6953834.442313052,77.93399799968286,27.933997999682855
924,356062.5,6956212.5,90.4749984741211,40.474998474121094
925,355981.640625,6955837.5,86.92421907186508,36.92421907186508
926,355935.3926542208,6955633.928571428,86.33676375917139,36.33676375917138
927,355995.4591132443,6955030.26463489,81.13195605998786,31.13195605998786
928,359137.5,6946612.5,94.7750015258789,44.775001525878906
929,359287.5,6946762.5,92.85000038146973,42.85000038146973
930,358518.0214929613,6947498.19789282,83.5060426682878,33.506042668287805
931,358687.5,6947662.5,81.22500228881836,31.22500228881836
932,358451.2533735666,6947665.035179026,78.20189780972356,28.20189780972356
933,358601.0257036195,6947817.740885948,77.4928499543432,27.492849954343196
934,358380.7964248862,6947953.107367039,78.40874024087368,28.408740240873684
935,358544.4485482743,6948134.393499374,80.03580051887796,30.035800518877977
936,358546.2813053312,6948335.877889258,78.70277259562485,28.702772595624857
937,358385.5476884631,6948505.070803831,70.5062892222981,20.506289222298086
938,358246.4922065393,6948638.567225695,69.02441759930329,19.024417599303295
939,358288.2002606185,6948847.943193979,68.95589389239802,18.955893892398016
940,358062.0361761032,6948804.652225357,74.76105153051206,24.76105153051206
941,358012.5,6948562.5,68.39999961853027,18.399999618530273
942,357862.5,6948712.5,69.75,19.75
943,357027.5715321449,6948336.457206224,60.17207510475838,10.17207510475837
944,356862.6840092839,6948489.158440839,59.70740884270204,9.707408842702035
945,356753.2851776285,6948256.024108674,59.94442784859757,9.944427848597567
946,356521.3149424172,6948385.267857143,59.38904566068753,9.389045660687525
947,356610.3550711783,6947896.963498601,62.70510988975026,12.705109889750261
948,356437.5,6948037.5,61.84999942779541,11.84999942779541
949,356648.5602385479,6948099.833818096,60.57531488507593,10.57531488507593
950,356512.5,6948262.5,60.875,10.875
951,360434.7852605582,6948392.831008322,80.19901241174536,30.199012411745354
952,360260.9239477013,6948618.141477279,78.3577170442093,28.357717044209295
953,360784.7667638484,6948868.649781341,67.00268134437412,17.002681344374118
954,360722.9747289541,6949076.733498087,67.54165277158367,17.541652771583664
955,360401.8839845417,6949463.082862012,64.28197126420235,14.281971264202358
956,360187.5,6949537.5,58.55000019073486,8.550000190734863
957,360128.5312897949,6949743.90400168,60.33214867651763,10.332148676517633
958,359962.5,6949612.5,62.42500114440918,12.42500114440918
959,359512.5,6950137.5,65.95000076293945,15.950000762939453
960,359287.5,6950962.5,54.39999961853027,4.399999618530273
961,359456.6395524429,6951116.294535099,58.09508977667474,8.09508977667474
962,359225.4464285714,6951121.109693877,50.823447918354375,0.823447918354378
963,359361.4635726688,6951263.898317615,50.32370108975097,0.323701089750975
964,359137.5,6951262.5,51.05000019073486,1.0500001907348633
965,359302.3434267635,6951409.355290977,47.256157608490646,-2.743842391509352
966,359306.25,6951656.25,52.91249942779541,2.91249942779541
967,359035.1191721238,6951853.855411271,48.34984975168419,-1.6501502483158061
968,359067.8571428572,6951417.857142857,47.63877487181769,-2.3612251281823085
969,361690.9874725014,6949499.977426104,83.08632485303738,33.086324853037375
970,361551.7150661703,6949705.122009299,84.7926071075165,34.792607107516496
971,361163.8540346362,6949767.061468268,98.90234868481522,48.90234868481523
972,358921.0865629327,6951571.668835743,50.26167082963525,0.26167082963525556
973,359113.179890321,6955526.712408476,89.66154066458797,39.66154066458797
974,359924.8967997242,6956681.129682165,123.7006123655183,73.7006123655183
975,360115.5619763104,6956515.402536185,112.07733320553984,62.07733320553984
976,359737.5,6956287.5,99.375,49.375
977,359744.2341405288,6956058.74806394,95.80338751396808,45.803387513968076
978,359287.5,6955837.5,86.5,36.5
979,359431.4057212299,6955680.665933319,85.42956020187754,35.429560201877536
980,358462.5,6956587.5,125.20000267028809,75.20000267028809
981,358612.5,6956737.5,123.69999885559082,73.69999885559082
982,358762.5,6956512.5,121.10000038146973,71.10000038146973
983,358927.6777387715,6956656.472239668,118.10579672024423,68.10579672024423
984,359203.6523597391,6956451.22571246,113.31723250854239,63.317232508542396
985,359374.7661913961,6956590.829759864,111.29119161244536,61.29119161244536
986,359273.1660678405,6954944.919816273,101.29965119906969,51.299651199069686
987,356906.25,6951618.75,58.081249713897705,8.081249713897705
988,359738.1674125087,6949588.963000657,70.0990703623923,20.0990703623923
989,358689.45136827,6951594.767080634,50.46182899721786,0.46182899721785525
990,354269.8560652084,6950051.560573114,116.96293754595963,66.96293754595963
991,364317.1564726029,6953807.784408974,103.30827355647283,53.30827355647283
992,365864.2384022598,6953738.878886737,138.56188892273693,88.56188892273693
993,355683.3484211022,6951337.266938332,72.35897228220836,22.358972282208356
994,354245.0686686749,6951678.173391951,111.69160044676156,61.691600446761555
995,364981.9557161332,6954659.348675078,99.37665314231262,49.37665314231262
996,362228.6161727856,6948334.506920768,125.20061856415455,75.20061856415455
997,356042.1795913771,6956682.820408623,111.85055799140719,61.85055799140718
998,364077.6019307438,6948478.708514498,80.62281443203221,30.622814432032225
999,355515.1599765082,6950586.371030954,129.1314449375686,79.13144493756859
1000,355902.546260599,6951303.452355012,73.56890827273423,23.568908272734237
1001,359114.0573908882,6948677.902694377,89.72139358407414,39.721393584074136
1002,358381.3301404078,6953595.068733664,83.06529336299776,33.06529336299776
1003,360771.454584051,6954108.973268366,66.87958619723813,16.87958619723812
1004,358912.5,6956361.133487281,128.81741457184788,78.81741457184788
1005,358111.1169469114,6943770.547428143,89.38400769657923,39.38400769657923
1006,359205.0423898548,6947451.152180547,98.57663253040909,48.576632530409086
1007,358866.9642857143,6946791.964285715,101.83800777121405,51.83800777121405
1008,364640.3808685614,6956006.142941766,38.22131586935353,-11.77868413064647
1009,356114.9390856242,6948771.790920318,70.01571892018049,20.01571892018049
1010,362870.3687079445,6950830.519401079,115.00882453919931,65.0088245391993
1011,363036.8005790184,6952757.598835984,97.25581361341804,47.25581361341805
1012,363613.5346601576,6950013.135002526,97.72572333077046,47.72572333077045
1013,357373.9071746794,6957916.11408156,165.11164799333437,115.11164799333437
1014,364963.501153436,6955665.731475724,77.0740236585924,27.0740236585924
1015,366447.0139182621,6953586.199941698,169.02256132356587,119.02256132356587
1016,355591.4289325259,6949043.167917036,66.52545714600295,16.52545714600296
1017,357646.5579002484,6953325.87575032,82.62795561631933,32.62795561631932
1018,357469.6259519253,6953940.743987095,100.08520703520301,50.08520703520302
1019,362216.4737365572,6958487.926777113,63.874039275065826,13.874039275065819
1020,354347.6570533349,6954097.849909224,105.32635505997433,55.32635505997433
1021,367873.5215772883,6957903.134446791,9.71691034995228,-40.28308965004772
1022,357876.5625,6952417.1875,39.048176656166774,-10.951823343833226
1023,358315.2727561777,6952572.171516962,42.97006774074883,-7.029932259251167
1024,358569.3575026334,6952632.393483553,42.63482502758938,-7.365174972410619
1025,358962.0483003345,6952599.200642016,35.34056010633373,-14.659439893666269
1026,359285.0327650112,6952670.915450953,41.72125016370919,-8.278749836290807
1027,360266.87422984,6952999.125672692,31.792418303106146,-18.207581696893854
1028,364762.5,6955687.5,54.85000038146973,4.850000381469727
1029,364007.8390748156,6955895.686976573,25.693336251851104,-24.3066637481489
1030,363709.4076125121,6955753.707624726,21.692947401136486,-28.30705259886351
1031,362737.5,6955237.5,22.649999618530273,-27.350000381469727
1032,362299.3080412985,6955158.516010201,37.28618261552232,-12.713817384477675
1033,356382.5230497418,6951480.763801718,70.69918000578714,20.69918000578714
1034,356947.2978923713,6952005.053374028,60.87142796031015,10.871427960310145
1035,356356.1778045701,6956589.917572356,100.0072738402183,50.00727384021829
1036,356212.5,6954412.5,78.5999984741211,28.599998474121094
1037,359067.2540759675,6946825.591398828,90.45193577791139,40.4519357779114
1038,359137.1446413104,6947069.165540047,87.65201576862881,37.65201576862883
1039,358936.2195708436,6947132.938655632,85.92665005393822,35.92665005393822
1040,358841.2442214023,6947435.120342441,84.7770029778162,34.777002977816196
1041,357642.794987138,6948492.399247886,64.11937700434538,14.119377004345385
1042,357412.5,6948562.5,63.500000953674316,13.500000953674316
1043,360535.4230156602,6948525.917743015,78.09923631220214,28.099236312202127
1044,360456.7393821223,6949069.964582854,68.04749016609645,18.04749016609646
1045,360337.5,6949237.5,62.625,12.625
1046,359975.6674315278,6949843.528187008,65.09512067390709,15.095120673907093
1047,359656.4543931456,6949887.914950144,59.350193996450145,9.350193996450146
1048,359737.5,6950137.5,66.22500038146973,16.225000381469727
1049,359634.7115908156,6950432.544479812,64.40031481565856,14.400314815658568
1050,359437.5,6950662.5,54.02499961853027,4.024999618530273
1051,359517.1001489754,6950897.708086317,56.19800981061773,6.198009810617733
1052,361070.4318009344,6948853.885448403,76.76644909230937,26.766449092309372
1053,361679.053387078,6949776.072217698,88.42774735750845,38.427747357508466
1054,361537.5,6949462.5,80.02499961853027,30.024999618530273
1055,361287.4698680689,6949552.392521732,87.87248489645154,37.87248489645153
1056,361300.9221695494,6949294.850619227,82.71177291030605,32.711772910306046
1057,358569.6428571428,6951123.214285715,54.78163150864418,4.781631508644175
1058,358774.5535714286,6951172.863520408,59.333796333480564,9.333796333480565
1059,358921.6141074297,6951330.708887165,51.17061349710906,1.1706134971090545
1060,359510.7589319457,6955826.776753314,89.5211786182059,39.521178618205894
1061,358495.9854316004,6956851.106264765,131.8558668955369,81.8558668955369
1062,359368.4546597181,6956364.533036259,102.97084063550044,52.97084063550044
1063,364823.515935195,6950912.464956554,90.00338588179727,40.00338588179728
1064,356003.6160848258,6953903.616084826,78.1722250769233,28.172225076923297
1065,356850.806013162,6949929.1119771,66.13797293053786,16.137972930537845
1066,359969.1168470925,6950762.964703633,73.52689457966666,23.52689457966666
1067,360917.4792705093,6945516.136434454,92.93399409629632,42.933994096296324
1068,354831.847153301,6951351.666904967,88.72030258451657,38.72030258451658
1069,365359.479092732,6953340.362917746,164.4485555354425,114.4485555354425
1070,362345.9856739354,6951863.970111568,107.906025817146,57.906025817146
1071,355541.7201295377,6953835.362717059,87.41698748133932,37.416987481339326
1072,363316.5658928316,6948748.212748848,83.10767235474354,33.10767235474353
1073,351909.2951425237,6949362.536848349,99.23230550903992,49.23230550903991
1074,366167.5803498714,6955846.023505537,99.86744264414473,49.86744264414473
1075,356938.1392958278,6957189.084236125,129.45287686321197,79.45287686321197
1076,367835.3776213053,6954630.24061814,159.49694525855472,109.49694525855473
1077,369050.8190954439,6954951.731392156,84.47223644833275,34.47223644833275
1078,360500.6921899276,6956798.145465274,141.3864591573889,91.38645915738891
1079,356618.0759594408,6958551.463019554,168.01103361349783,118.01103361349782
1080,356574.3322774559,6957611.532985032,149.30343667639076,99.30343667639077
1081,365152.3972668783,6955311.956150748,60.254055494700935,10.254055494700939
1082,368608.882826027,6947332.50831647,73.66176375214971,23.661763752149703
1083,361477.7716718362,6946724.549385606,92.30748292275419,42.3074829227542
1084,358196.6303393107,6954169.704012406,103.2371969208578,53.2371969208578
1085,363195.5587145927,6951260.808843839,122.62846824080324,72.62846824080324
1086,362267.1382462456,6955494.908105443,60.110776686685895,10.110776686685897
1087,362297.5793735224,6949508.377658971,99.19801096094918,49.198010960949176
1088,360938.6945382293,6954674.605143285,131.36407652587982,81.36407652587984
1089,358995.1244178466,6953667.07107546,64.11968623368287,14.119686233682872
1090,359204.4398911133,6955305.519001473,91.1150189322934,41.1150189322934
1091,360396.6261568043,6954002.254782811,94.76618843180738,44.76618843180738
1092,357892.9700111626,6956962.609092905,136.39771960725952,86.39771960725952
1093,358056.3859543788,6953368.820561573,76.18277135619303,26.182771356193047
1094,368633.2436874252,6944759.472495705,32.0955677291114,-17.9044322708886
1095,358762.5,6948487.5,83.97500038146973,33.97500038146973
1096,356167.079285306,6947371.94228137,67.63835188260836,17.63835188260836
1097,357797.6502127289,6954140.916890834,97.60764170768296,47.60764170768296
1098,359962.5,6952650.0,47.75,-2.25
1099,355875.0,6956062.5,90.69999694824219,40.69999694824219
1100,357126.2921273243,6948700.134523789,63.86454773660339,13.864547736603392
1101,360223.4710902193,6956658.34088997,121.62689314421061,71.6268931442106
1102,359267.7194726398,6956736.191404793,125.7967523406436,75.79675234064361
1103,362678.8253889031,6948397.224245793,131.82494293531389,81.82494293531389
1104,355044.9097810278,6956187.17263679,108.18067147119257,58.180671471192575
1105,360424.2583504388,6947933.669566077,92.30862923340418,42.308629233404176
1106,361493.818307261,6955563.573655274,85.31198096578635,35.31198096578634
1107,358068.4320021007,6949547.034943761,95.31108568458762,45.31108568458762
1108,355114.2076030313,6947680.459845195,62.79708437424503,12.797084374245024
1109,359520.3407016534,6958757.946665849,99.70961831330195,49.70961831330196
1110,360276.6045442389,6958242.893384394,112.27883045026361,62.27883045026363
1111,359563.3348270862,6946160.212634175,107.82340008309899,57.823400083098996
1112,359938.0512413869,6946987.305791094,122.03932222309355,72.03932222309354
1113,353869.5343976154,6952780.175415765,114.63329785574794,64.63329785574794
1114,357412.5,6948155.769230769,70.96922991828137,20.969229918281382
1115,353853.3110978504,6955012.863324526,112.04157909072505,62.04157909072505
1116,363686.8877261646,6953252.32326675,78.47390428191352,28.47390428191353
1117,366217.1705765329,6952586.406585096,101.28543259692104,51.28543259692105
1118,353965.4877606045,6956164.524829999,101.75075043245018,51.75075043245017
1119,353624.8023791211,6956607.936703816,125.9206134334153,75.9206134334153
1120,356640.6571328881,6947482.830845906,71.10265468582045,21.10265468582046
1121,363967.2370018216,6953604.751207046,83.13701232392253,33.137012323922534
1122,356098.3241211963,6951330.752033409,73.71790207793644,23.717902077936444
1123,354562.9426865709,6953089.402020819,125.24684470519934,75.24684470519935
1124,351913.6301973179,6956277.877901639,112.0483403279367,62.04834032793671
1125,358093.4396968347,6946066.177870112,116.0129211947739,66.0129211947739
1126,355423.2984405312,6946887.707677954,75.79851750585739,25.798517505857394
1127,354091.4855925398,6950649.179765917,108.11341788702066,58.11341788702066
1128,360191.1291822891,6952279.563766001,50.342976127708695,0.34297612770869773
1129,365019.4978748585,6952867.554436158,166.1063071257391,116.1063071257391
1130,367667.7953669546,6953923.948472205,171.26457554561827,121.26457554561826
1131,359705.2263637632,6953857.198062889,52.12785923093598,2.127859230935984
1132,364117.5,6956145.0,54.613999328613204,4.6139993286132075
1133,352663.7769246514,6946127.823397183,78.5238135049659,28.523813504965894
1134,364448.8636363636,6944431.779659245,115.61748896139287,65.61748896139288
1135,364555.0128650121,6956205.86661124,17.431363293678906,-32.568636706321094
1136,358897.6779248566,6954624.269033264,94.31116400847347,44.31116400847348
1137,353264.126287344,6956984.045617217,123.6454262793998,73.6454262793998
1138,356102.6232556987,6958527.432493092,166.4970453684237,116.4970453684237
1139,355543.2285685997,6958572.192005076,130.09720531958678,80.09720531958675
1140,362755.2001750048,6955497.737317601,25.803058248865696,-24.1969417511343
1141,358593.4737963412,6951393.028881084,52.4294335121171,2.4294335121171016
1142,361311.490902851,6955272.974618963,114.61711471827529,64.61711471827529
1143,359728.0310210282,6943653.357388559,123.33334532967118,73.33334532967118
1144,366093.4528586529,6954687.275562098,113.57375047269247,63.57375047269246
1145,362904.2558779706,6956059.446633462,86.28326516575638,36.28326516575638
1146,361114.7002610925,6949522.449607788,83.71846378009107,33.71846378009106
1147,359592.9168532554,6955222.559218224,95.87709082214765,45.87709082214766
1148,358781.25,6950868.75,70.6499981880188,20.6499981880188
1149,358443.7549163841,6950643.540442728,69.02863421460064,19.028634214600647
1150,362380.5017086192,6950518.804287866,105.55123160396158,55.55123160396159
1151,356690.1308629381,6948361.420684779,58.670221085243554,8.670221085243545
1152,359240.4503431272,6955703.347804747,81.53231585485901,31.532315854859007
1153,360456.312664158,6952131.312664158,60.14707877089731,10.14707877089731
1154,360638.696551848,6952013.696551848,60.97875837543127,10.978758375431264
1155,357284.4316447693,6953039.102300758,60.45183778119504,10.451837781195039
1156,355420.4256932084,6957324.317913393,137.90528787972653,87.90528787972653
1157,367115.2932150807,6954879.505602385,169.96022580013286,119.96022580013286
1158,360961.0022252536,6949339.197286833,85.30566539378765,35.30566539378766
1159,356066.4365593061,6954420.343449497,85.95568550872792,35.95568550872793
1160,360634.1502265861,6956005.488845194,153.0823879519298,103.08238795192979
1161,355735.623231412,6951882.950013831,86.84129682487594,36.84129682487595
1162,356860.0217166541,6952874.338331198,86.38617113282197,36.38617113282197
1163,354938.1822810553,6955489.450018861,104.10083323126591,54.10083323126592
1164,355611.1630074707,6953336.273700368,125.44511169171702,75.44511169171703
1165,358012.5,6952350.0,51.64999961853027,1.6499996185302734
1166,357697.6877521777,6948719.070400766,69.76798254428606,19.767982544286046
1167,357187.5,6948300.0,62.45000076293945,12.450000762939453
1168,358616.7629569517,6956476.945622304,124.25392395131462,74.25392395131459
1169,358797.5435965958,6956767.920792471,129.12413755293235,79.12413755293232
1170,361339.5336776683,6944175.362801582,127.87406891590312,77.87406891590311
1171,365708.5621504809,6955583.6098695,67.07097891908028,17.07097891908027
1172,364607.8082465914,6954523.498837884,103.42272957161202,53.422729571612045
1173,364406.0749670999,6954231.915350485,87.85159864763291,37.851598647632905
1174,356224.2105652004,6949889.448526187,73.66998257230489,23.669982572304885
1175,363425.4273000942,6953200.061832471,77.64677114319878,27.646771143198777
1176,363184.5564903268,6953086.834573662,75.31057670767049,25.310576707670503
1177,358110.8908318615,6956635.006007759,140.45847722112882,90.45847722112882
1178,355194.6165371108,6954382.760212133,101.44697184843162,51.44697184843161
1179,363206.7578497462,6949616.120945576,110.31508192353978,60.31508192353978
1180,359314.7641567623,6956028.054636315,103.15107043154525,53.151070431545264
1181,356208.6410097981,6947919.983317394,68.11448370169921,18.114483701699218
1182,357398.2827490872,6956932.981222986,134.65691888230992,84.65691888230994
1183,366720.8767101305,6956998.74107191,82.50388230909432,32.50388230909433
1184,369086.3744129268,6959292.767756877,5.106309954694181,-44.89369004530582
1185,364927.5004678554,6955038.831975693,96.0118660823537,46.01186608235371
1186,363596.9234666211,6952068.670225296,105.9060353268885,55.906035326888514
1187,359120.297323527,6949241.046772853,85.76000860109076,35.76000860109077
1188,361791.2373584337,6949889.903973565,93.78933651124693,43.78933651124693
1189,360023.2260652017,6948092.495254326,84.05556397472623,34.05556397472622
1190,353645.6787557285,6953795.469271418,109.95961139806451,59.95961139806451
1191,353968.6498655207,6947971.952401346,74.47650909839682,24.47650909839681
1192,356366.6819294624,6954203.022037568,76.96316982454871,26.963169824548714
1193,361241.423621448,6948061.622696773,102.80336101761168,52.803361017611685
1194,357640.734298457,6952173.118560471,49.227585484110364,-0.7724145158896308
1195,355889.7547178997,6954886.362841661,80.47366493000798,30.473664930007995
1196,355698.000233997,6951531.357299568,66.54947822238489,16.54947822238489
1197,368966.0599014928,6950280.828006973,156.74584431232603,106.74584431232601
1198,360113.1092023711,6948492.300634198,84.75437168252799,34.754371682528
1199,356418.0833744794,6956831.91662552,117.77227679950948,67.77227679950948
1200,356661.1385617074,6956917.205566417,124.20513634986631,74.20513634986634
1201,361837.3491743818,6956464.487278575,146.21408150807127,96.21408150807129
1202,359973.026344297,6956920.362852277,128.34566202821588,78.34566202821587
1203,364171.1755047978,6946737.103546448,77.67965750302486,27.67965750302487
1204,364909.6983858697,6959169.924851348,10.629570119366239,-39.370429880633765
1205,359452.5577264109,6945845.383032443,120.03403124065078,70.03403124065079
1206,354927.0578383525,6950019.64254981,134.78810025824546,84.78810025824545
1207,357177.5204452546,6959861.994233946,122.48671452839085,72.48671452839085
1208,365379.8695713271,6951770.690998912,82.28791221794614,32.28791221794613
1209,358272.7332241063,6950918.502885189,73.66675779651769,23.666757796517697
1210,359662.4362114179,6957908.38903702,138.75483103597253,88.75483103597253
1211,353093.8411882489,6944189.577585555,76.97009245457711,26.97009245457711
1212,363833.8480136078,6957316.88313993,116.42548848290824,66.42548848290822
1213,354958.4387792527,6957129.096158523,111.68310040535945,61.68310040535946
1214,360313.2290383067,6953089.437612115,30.281150411695855,-19.718849588304145
1215,359607.8685984692,6950536.674079969,51.80747799550507,1.8074779955050726
1216,364315.433098386,6949433.431721513,77.54207339244613,27.542073392446127
1217,356225.0551714433,6952361.774869,95.62475559541983,45.62475559541981
1218,352142.5579939793,6951764.221039141,51.55206119888159,1.5520611988815918
1219,355347.0076702587,6955103.137119396,97.2095209971632,47.20952099716319
1220,360740.8286319276,6947652.956817037,107.70667532204472,57.70667532204472
1221,359634.375,6956484.375,114.57343900203705,64.57343900203705
1222,358278.6739448812,6948087.476489386,81.86252084984268,31.862520849842696
1223,363105.614065669,6955605.753947869,39.20307385554545,-10.796926144454556
1224,357328.5714285714,6948355.597527472,61.51701758558578,11.51701758558578
1225,360390.1685891256,6948786.953381972,75.50352297914657,25.503522979146563
1226,366811.4260016733,6944168.11686821,78.54322403719732,28.543224037197323
1227,362271.1962631888,6949929.478233582,101.64815326496647,51.648153264966474
1228,363007.2587621905,6948527.411719324,116.62893084985414,66.62893084985414
1229,359691.2411996947,6950759.471158189,61.171345539093004,11.171345539093
1230,358754.8095552239,6958557.501632622,137.99959877698043,87.99959877698043
1231,361894.6908771914,6955543.667035352,58.12875139322799,8.128751393227988
1232,361800.0,6951897.42863391,87.36171568098194,37.361715680981945
1233,364576.4562241815,6952195.367937481,141.9040692895892,91.90406928958915
1234,362691.7911968152,6952533.742218007,110.80100428756418,60.801004287564176
1235,356553.3666532591,6950415.691192196,64.24853605438031,14.248536054380317
1236,358778.5223868483,6948728.68135778,79.44732527276282,29.447325272762818
1237,359424.5339259892,6950458.942562656,66.60371313443105,16.603713134431047
1238,358751.6293034286,6952627.346690549,41.1711302643348,-8.828869735665199
1239,357833.3981163386,6948477.918938958,69.37294882210246,19.372948822102455
1240,361463.901880098,6951793.935401274,68.7673596779252,18.7673596779252
1241,359445.1709290712,6950276.970779627,67.91434390181216,17.914343901812163
1242,362369.1561823287,6952133.11649894,103.79056413266082,53.79056413266081
1243,355899.7778175243,6954701.342359886,86.43852837880101,36.438528378800996
1244,358302.9682883698,6957103.595134891,148.44213300370797,98.442133003708
1245,358316.851379881,6948258.92521277,76.90656536836076,26.906565368360752
1246,363394.775026044,6950678.38316704,114.19671123319162,64.19671123319162
1247,357086.3819358773,6956871.077547038,128.5628067304928,78.56280673049281
1248,358958.5779877041,6945737.362446185,123.36700107356333,73.36700107356334
1249,360087.8315184204,6956248.727854534,114.19612792078547,64.19612792078546
1250,359943.0288461539,6956081.971153846,103.15370644409782,53.15370644409783
1251,357573.8742831514,6953037.802788005,48.62957692631995,-1.3704230736800498
1252,355918.0328923173,6950825.270925394,98.79492774762811,48.79492774762811
1253,358586.6483068161,6946123.126581563,112.38136407276727,62.38136407276727
1254,362118.6017025925,6949136.788424297,98.8901263859969,48.89012638599691
1255,359404.6811250742,6953655.913991349,55.313594597555216,5.313594597555222
1256,353738.9025274344,6949929.466034602,102.98141707914777,52.981417079147775
1257,359612.5347359268,6947613.529504861,101.16930973689516,51.16930973689516
1258,358702.4564380394,6953462.560370929,58.442941429251455,8.442941429251457
1259,365017.725983175,6955468.728131824,48.12615951462346,-1.873840485376534
1260,354465.8120142354,6956364.372603437,120.9408535127728,70.9408535127728
1261,360058.7661234596,6954836.5199613,120.47731497565735,70.47731497565735
1262,368147.8851790857,6954159.577734986,170.7659896614729,120.7659896614729
1263,358782.9805603371,6949015.764836402,75.63089958573649,25.630899585736486
1264,359570.3846331859,6944604.264206053,124.53391843209391,74.53391843209393
1265,366321.366642155,6956294.656684076,61.24372633616772,11.243726336167711
1266,353844.2373259509,6950303.687382397,112.33771428179551,62.33771428179553
1267,355561.7927372563,6956488.124825381,100.70860954099125,50.70860954099125
1268,368327.4170010399,6952805.600385555,134.6952413734005,84.6952413734005
1269,366236.3146304955,6947627.696260271,95.59128705206311,45.59128705206312
1270,361664.19331171,6949205.913906711,93.45465499959425,43.45465499959426
1271,357196.6335899687,6954092.706241372,87.68749787465873,37.68749787465873
1272,360653.5850542205,6957714.591870414,111.8318160546201,61.831816054620106
1273,361481.1192809392,6957763.977158063,96.67997680015299,46.679976800152986
1274,355378.4376284723,6951398.003054066,72.47404332008809,22.474043320088082
1275,360982.8316873788,6956562.218659206,134.57380327428814,84.57380327428814
1276,357122.9464216493,6947473.964308798,84.61518490973413,34.61518490973411
1277,358017.3679588598,6959068.903782067,99.81908830803083,49.81908830803083
1278,356161.0511305582,6957740.789355008,154.8284360286056,104.8284360286056
1279,360619.1941671898,6949364.258428861,79.99562639255088,29.995626392550875
1280,356093.9305575941,6956478.578200206,97.6864162248025,47.68641622480251
1281,353572.7175850412,6951540.89482176,114.56166151031242,64.56166151031242
1282,352936.6759704719,6951526.798099103,102.30715041177659,52.30715041177658
1283,364123.1017614388,6953938.124269406,93.00787746788583,43.007877467885834
1284,354955.6926914252,6949000.095434672,97.51774945581812,47.51774945581812
1285,364193.2434454694,6954114.782479721,87.29428829259427,37.294288292594274
1286,358917.1606993984,6945380.043128347,128.77157248062514,78.77157248062514
1287,358846.4238285471,6946322.102212861,101.1062874131421,51.10628741314211
1288,360150.4655705231,6951304.994224724,76.45910194472607,26.459101944726072
1289,353140.9350012944,6959885.615296395,178.6630077462686,128.6630077462686
1290,363218.8349952301,6955533.018163647,28.657092443846743,-21.342907556153257
1291,358650.1009104843,6947239.485303651,91.31797590092025,41.31797590092024
1292,354201.1075327506,6951135.853243659,117.96343909442919,67.96343909442919
1293,356754.5774210086,6951119.510209059,56.6820119412262,6.6820119412262
1294,365073.5229026721,6955911.029429644,79.8484887952772,29.848488795277202
1295,363574.508674828,6951717.955901635,95.45029056224334,45.45029056224334
1296,354723.3457694949,6958315.384739315,115.49798218222617,65.49798218222615
1297,362575.8867766112,6956501.201926916,131.77257053943754,81.77257053943754
1298,360084.5085131783,6953808.611842432,80.57518770992318,30.57518770992318
1299,358209.1188124064,6952415.135835497,52.030878904711045,2.030878904711049
1300,361018.9968078429,6948999.725691842,76.82578076835254,26.825780768352544
1301,358398.9415328091,6954476.060942282,97.69294169049644,47.692941690496426
1302,355836.7766804188,6955491.071428572,86.99824387191148,36.99824387191146
1303,355835.0157501226,6955330.705222952,83.47016072752004,33.470160727520025
1304,359352.3649274869,6946597.07322386,97.69381028706927,47.69381028706928
1305,356373.1873996063,6953759.595853996,74.33972664779738,24.339726647797377
1306,358479.05176657,6948953.088878212,73.96750859936792,23.967508599367907
1307,351842.0984558666,6950509.701306664,80.4669638790488,30.46696387904881
1308,356863.6331552962,6956873.027905202,113.59105781496999,63.59105781496999
1309,369302.3457509296,6956920.317079178,67.31511962244264,17.31511962244264
1310,360698.403570326,6946412.512777185,98.43702274891754,48.43702274891755
1311,361521.0264757886,6950883.395263407,106.92990359835356,56.929903598353555
1312,357952.6577061452,6946664.274932688,118.07816567949108,68.07816567949106
1313,365341.2804475809,6955555.839096447,66.12371229918232,16.12371229918232
1314,359019.3079102977,6947404.778068184,92.96567678537882,42.96567678537882
1315,365311.7198216623,6956197.464555902,47.607514704570804,-2.392485295429192
1316,362428.5481200959,6948675.09995687,128.04469138961156,78.04469138961156
1317,364688.1698647104,6954844.767487651,99.50760833231129,49.50760833231131
1318,355295.8012144446,6950226.932208357,131.49350740704185,81.49350740704186
1319,367103.1564577125,6953616.025436417,167.66820646290114,117.66820646290114
1320,359157.9147253114,6958098.605213949,151.6539705342225,101.65397053422251
1321,361072.3526220432,6954050.139984617,38.37686276643196,-11.62313723356804
1322,356905.0371844113,6958969.436848249,122.30657646916907,72.30657646916907
1323,369400.3436327121,6948852.441393658,96.79695584852462,46.796955848524604
1324,361662.3733693134,6948829.692068767,86.46751425737028,36.46751425737027
1325,352908.0293607739,6948920.47126889,109.88210035115763,59.88210035115763
1326,356749.1388616371,6949321.481927804,86.46436170246335,36.46436170246334
1327,358304.1133808765,6953251.633463241,68.06569687385623,18.065696873856222
1328,357933.3675564461,6953132.924377954,66.68563665518329,16.685636655183288
1329,365936.0119495447,6953245.317607936,163.10098791216222,113.10098791216222
1330,357153.0875037144,6952798.009785704,69.84969304905275,19.849693049052732
1331,357549.5529036914,6954248.815238999,84.45780995307115,34.45780995307114
1332,357921.6871440161,6954377.890433255,91.66352757251524,41.663527572515235
1333,369592.5268046652,6953277.733644871,151.19520256255979,101.19520256255979
1334,359221.5955539015,6953491.17939967,55.96908479196417,5.969084791964169
1335,363655.1204000224,6953510.357853975,81.74437916012448,31.74437916012449
1336,365252.8708173919,6953849.787925923,122.88124311609943,72.8812431160994
1337,361531.7136971412,6951409.425333612,90.42943189188827,40.42943189188828
1338,355995.8129960878,6954213.352208833,85.35918873457679,35.35918873457679
1339,364387.227661307,6954465.094662463,101.73491126940426,51.734911269404265
1340,362241.1729932826,6955341.172993283,51.99121673565801,1.9912167356580095
1341,358183.0920652115,6958525.633041346,144.3264603067828,94.32646030678282
1342,359352.3275818377,6952062.477154398,55.832243032145485,5.832243032145479
1343,366772.1639828546,6953310.933121503,140.2531548249641,90.2531548249641
1344,360047.0845931054,6950499.664463539,63.77734508489567,13.77734508489567
1345,360401.4658661746,6950741.32401126,73.69843596707219,23.698435967072193
1346,359653.5992154531,6952766.052676156,38.344322796676195,-11.655677203323807
1347,359803.5992154531,6952776.149791028,35.64404274358966,-14.35595725641034
1348,355762.9306515645,6949603.819506229,79.51171462980439,29.511714629804395
1349,360637.4895100002,6953873.568235803,65.20957765630834,15.209577656308344
1350,356847.8369096586,6947755.897454781,66.88408601281449,16.8840860128145
1351,354062.3520119144,6956565.271715887,85.56779790695037,35.567797906950375
1352,366144.2942614428,6954165.237412861,124.10124287402519,74.10124287402517
1353,355306.3934507519,6946191.986180952,60.320353457011834,10.32035345701183
1354,354299.9862939333,6953592.021928278,102.18789820577662,52.18789820577662
1355,355825.4309148528,6953637.29047799,99.2682842982988,49.2682842982988
1356,358978.2706109636,6945042.244707268,131.19565386610802,81.195653866108
1357,357601.1046805643,6951815.210576034,64.0552780771431,14.055278077143093
1358,361055.5512998878,6951665.784800545,69.49847063746256,19.498470637462557
1359,362740.7464451485,6949456.7778873,108.11990219720192,58.119902197201924
1360,357478.6378439859,6950820.203483738,73.5935813358502,23.593581335850207
1361,356621.1434870668,6953778.856512933,82.53367203457123,32.53367203457123
1362,360121.0665055246,6957642.689411047,124.95545778119404,74.95545778119406
1363,365098.2530322245,6958116.628971284,65.1417951972294,15.141795197229396
1364,363832.6888996016,6956520.99192485,83.08991078854554,33.08991078854556
1365,360085.9971508444,6945465.869441929,102.17588151271613,52.17588151271612
1366,358310.2924136718,6956606.319331996,137.61185417873673,87.61185417873673
1367,355085.7813520954,6944040.189968982,90.31946202726952,40.31946202726953
1368,353858.0609273446,6952155.04639508,96.43459130341483,46.434591303414834
1369,359268.906000011,6957045.210006933,151.05633492551422,101.05633492551418
1370,364345.5231586492,6957123.890202967,104.77198894063693,54.771988940636916
1371,355232.9901719443,6951012.272082729,90.74011514109525,40.740115141095245
1372,360214.7293483534,6956872.681483743,123.84173512336093,73.84173512336093
1373,360324.7293941542,6945930.14818629,111.0747031764596,61.07470317645959
1374,354420.7668801856,6948683.081919354,96.25116819115571,46.25116819115571
1375,362774.9593613178,6943834.64088061,119.43780378517212,69.43780378517212
1376,360884.8879671051,6953876.397323794,42.80976060123949,-7.1902393987605056
1377,364898.8652207256,6955277.895345498,76.38426016835105,26.38426016835104
1378,362941.1769770213,6952975.649276392,78.57187358746833,28.571873587468335
1379,358898.7208167394,6953394.899841823,50.265176705567164,0.2651767055671592
1380,356042.8878629896,6952018.105848373,91.03685649636601,41.03685649636602
1381,359064.0216416574,6953431.534659527,51.068262903461,1.068262903460993
1382,361045.1019417249,6955100.515811078,157.10625656952448,107.10625656952449
1383,360460.2643760328,6952285.264376033,53.808582213425495,3.80858221342549
1384,356665.8157640449,6953979.829248353,77.0387884470233,27.03878844702329
1385,359154.0230685806,6950759.554060914,65.27715137464463,15.277151374644626
1386,364640.798568718,6955840.243153531,47.330367606596276,-2.669632393403722
1387,356066.1898253129,6953290.931252587,105.449461350277,55.44946135027701
1388,357363.8846906277,6949476.433211423,85.24106306396705,35.24106306396705
1389,362405.6868035002,6952376.210346152,104.77727389257323,54.777273892573234
1390,362196.9684130137,6952019.454694913,105.7704755353649,55.770475535364895
1391,356135.9638237114,6950985.748083933,89.34454860869047,39.344548608690474
1392,355381.6346153846,6955684.567307692,89.10693314103352,39.10693314103352
1393,357139.7087501931,6953778.691804652,97.2555004691077,47.25550046910771
1394,362765.8578584173,6952811.657168839,90.9997568518773,40.99975685187729
1395,360303.9356693773,6953754.244399592,77.6395120357385,27.639512035738505
1396,359911.0951596544,6953663.456008834,59.55726835717934,9.557268357179339
1397,359756.8862412057,6953597.036276101,47.36912375420704,-2.630876245792958
1398,359588.6411965173,6953560.629633691,44.93314609103323,-5.066853908966768
1399,358501.4831493372,6953298.461787944,64.10762010518935,14.107620105189364
1400,358134.3797526249,6953139.801067181,60.790070211998604,10.7900702119986
1401,360448.4072482836,6947259.661971699,121.7864987595093,71.7864987595093
1402,357764.5292932502,6953021.940852542,57.18414412174731,7.184144121747304
1403,359475.0,6952870.119221157,33.95489445796271,-16.045105542037287
1404,360910.9992019607,6948981.18142296,69.18975317943,19.189753179429996
1405,356587.3751055123,6952532.419378801,92.20559346112613,42.205593461126135
1406,357719.6434878991,6954363.088423755,89.57341179058488,39.57341179058488
1407,357350.5092732979,6954243.278142835,80.6405638128872,30.640563812887194
1408,357690.9685979653,6956707.728967888,140.38557464118583,90.38557464118581
1409,355678.3654265112,6947380.631065241,71.50267843167197,21.50267843167196
1410,354391.8047510696,6955244.114662614,106.96705871278327,56.96705871278327
1411,361260.6284111597,6955092.607248725,135.08007434432625,85.08007434432625
1412,360470.5091562645,6953778.333952442,73.9102595122595,23.910259512259493
1413,361727.7016345044,6955387.287751662,69.28943895938272,19.28943895938271
1414,361562.0854322577,6955309.922224874,83.71290483916486,33.712904839164864
1415,360362.2159090909,6949712.215909091,64.3338433055773,14.333843305577306
1416,356889.5038908981,6948258.120452479,60.80175781437542,10.801757814375417
1417,356570.1001372668,6948667.821220482,60.84260367635214,10.84260367635214
1418,361087.5,6948602.34375,76.07031393051147,26.070313930511475
1419,358177.4874624893,6950131.247886001,87.70959298544189,37.709592985441894
1420,361841.8887571322,6950970.407018982,103.19136948492581,53.19136948492581
1421,358361.8076139123,6947803.049519964,78.74440984086745,28.744409840867448
1422,358637.1180527947,6947974.581214505,83.0957794881392,33.09577948813921
1423,359464.2857142857,6955537.5,89.32857240948879,39.328572409488785
1424,357222.6638744439,6948557.903953744,60.94698556416877,10.94698556416877
1425,359085.6902304687,6956649.780601308,115.0497082708807,65.0497082708807
1426,359056.9531463188,6956453.78748354,120.0827394225259,70.08273942252589
1427,354932.7457493837,6952449.10182617,131.10043123626457,81.10043123626455
1428,358004.6265496516,6951116.435580694,68.45939239647494,18.459392396474936
1429,359370.0799896853,6946335.470604427,95.97301646311575,45.97301646311576
1430,352898.761403463,6953656.796100175,111.84829109753305,61.84829109753305
1431,352562.5445902184,6954327.710344939,78.99775665525533,28.99775665525533
1432,364849.7789789821,6952472.546954933,161.98387777707345,111.98387777707343
1433,356759.375,6951615.625,63.606250603993715,13.606250603993711
1434,359725.8927883766,6949755.963770818,65.21848261316731,15.21848261316731
1435,354371.6945743629,6954679.811648339,101.78521833676334,51.785218336763336
1436,357037.5,6952095.0,60.499999237060564,10.499999237060564
1437,356305.8258666885,6954333.888862656,79.74437552471508,29.744375524715075
1438,358827.6896510649,6947216.675982178,87.31623738545466,37.31623738545467
1439,358745.9453378394,6947520.149197927,81.75952254690215,31.759522546902147
1440,360596.7765494834,6948660.287826549,70.2309795978097,20.23097959780969
1441,359850.3834863055,6949907.255637402,58.443349616012846,8.443349616012837
1442,355847.1459056513,6951654.908283492,74.2608318433968,24.260831843396783
1443,355954.1663488187,6951793.696964836,83.80007696492018,33.80007696492018
1444,361350.4881142909,6954215.846447433,35.62067019064799,-14.379329809352008
1445,359644.8584496098,6955916.567303185,99.28416051389465,49.284160513894655
1446,359968.9246440714,6956206.075355928,104.72270422345595,54.72270422345595
1447,361395.0820743656,6950455.559181031,102.11896775160474,52.118967751604735
1448,359152.4346223439,6952379.848428127,42.830853615746065,-7.16914638425394
1449,364509.7498483859,6954731.709800421,105.74677365325148,55.74677365325147
1450,365632.1764067514,6956374.735656668,51.63254714513906,1.6325471451390523
1451,355830.3625364649,6953901.016285934,82.25766502834978,32.257665028349784
1452,356999.2989356202,6954102.414985065,77.92110443588206,27.921104435882047
1453,355803.1909825233,6951418.003319199,67.58843650374284,17.58843650374285
1454,353825.6821045549,6955605.215429327,107.7845568279505,57.784556827950496
1455,353975.2535530262,6957089.930952919,146.11420268686703,96.11420268686702
1456,365476.277316432,6952994.801017539,127.69762821616574,77.69762821616573
1457,354603.1767136738,6952050.909045861,107.54912507294702,57.54912507294702
1458,363268.5710755894,6953271.1252274,70.11474371278501,20.114743712785028
1459,359067.9632459954,6951651.456914469,43.178547300796154,-6.821452699203848
1460,360700.474284733,6951577.984260427,73.26634144687571,23.26634144687571
1461,364430.6974744483,6954611.356905,108.10853157180605,58.10853157180605
1462,351736.7188888593,6943769.187864174,44.25976123650244,-5.740238763497553
1463,354457.5189472924,6957194.459641466,135.41032984351128,85.41032984351129
1464,356320.2669875291,6947690.582024719,64.08603634909807,14.086036349098066
1465,357782.3939770919,6957697.756938476,173.5859349862003,123.58593498620031
1466,357889.9184015326,6944591.778058636,103.71056583552556,53.71056583552555
1467,360978.0065054689,6950756.764378648,95.30883821269909,45.30883821269908
1468,363631.2995874982,6949563.949702716,114.17262904395973,64.17262904395973
1469,358459.9417772748,6948732.123590225,67.87467472274871,17.87467472274871
1470,363523.3218227774,6953393.710922142,82.53117175011967,32.53117175011968
1471,361112.9858414283,6958536.240995245,91.72648652534406,41.72648652534406
1472,369519.1506790768,6945956.96431589,70.73730653620584,20.737306536205832
1473,364480.2811767292,6955999.717146635,36.46507693157402,-13.534923068425982
1474,369615.2122449744,6943816.733818794,61.71803877890265,11.718038778902653
1475,361658.9535479642,6951779.382673502,81.94574555942151,31.945745559421518
1476,364764.0860758673,6955158.82614015,89.3153646957278,39.315364695727794
1477,364686.2729123127,6955034.868241902,103.53304085313117,53.533040853131155
1478,366585.8782465148,6954881.007998004,124.14573371287375,74.14573371287375
1479,353763.197811895,6958687.722804682,164.56445561758164,114.56445561758166
1480,356732.0366029745,6948575.124598291,58.7410174918842,8.74101749188421
1481,360735.2842953514,6948726.746395228,70.87838800033616,20.87838800033615
1482,359814.2788857015,6950614.833372067,68.94955989029535,18.949559890295333
1483,358986.9255373501,6955076.226729363,124.16615447958415,74.16615447958415
1484,359221.875,6955471.875,85.23593890666962,35.23593890666962
1485,358138.2280062867,6954473.810901618,101.49745095434517,51.49745095434517
1486,361183.64739098,6949130.214239001,83.15470992337717,33.15470992337717
1487,356356.5767067976,6947886.447911233,63.455473989264384,13.455473989264382
1488,363964.8767066936,6953900.518078609,91.67855335015605,41.678553350156044
1489,367647.1877194203,6959940.305196479,4.562532782484001,-343.9945230938589
1490,364524.8267690014,6955893.100540322,36.82299110555094,-13.177008894449058
1491,356362.3652980515,6948515.689200506,63.3819697819908,13.381969781990803
1492,360116.2959290979,6949252.872857769,70.28891177823351,20.288911778233505
1493,362108.5364191211,6951863.672723806,100.89780145158579,50.8978014515858
1494,355764.8492726117,6957644.749578052,146.36825041153529,96.3682504115353
1495,367641.3575809547,6945933.948556585,41.325689459825966,-8.674310540174034
1496,354477.8431167144,6949604.293881995,122.60174382491039,72.60174382491036
1497,367259.8098259156,6954293.521995992,151.17199973741748,101.17199973741747
1498,355977.3788279561,6954556.569334751,82.59515738300409,32.5951573830041
1499,361992.6710454783,6959976.719081715,68.33163855133142,18.331638551331427
1500,361372.0484522277,6954407.212312051,47.42527532516911,-2.574724674830886
1501,357821.1838910127,6952298.892775952,50.08588641593301,0.08588641593301283
1502,355804.923368002,6945396.852943487,82.88177332347168,32.88177332347167
1503,367646.7348745901,6952673.357409725,153.47616134046666,103.47616134046663
1504,367088.3504907748,6952493.828300294,147.7165628261404,97.71656282614042
1505,359878.8581223161,6950022.010881893,67.59970805036832,17.599708050368328
1506,363800.0570257592,6952541.116351741,146.74180887612226,96.74180887612226
1507,367195.8862742275,6955508.578557916,154.77752734413113,104.77752734413113
1508,367805.1471251952,6955211.365009968,172.37405534985268,122.3740553498527
1509,360574.0335360207,6955053.305355536,154.59789309366388,104.59789309366388
1510,359723.0608251915,6949291.754573489,80.20284937259368,30.202849372593672
1511,355236.3236693871,6948713.870227607,83.12780735475191,33.12780735475191
1512,361807.3407711745,6951579.482154046,105.48954590881543,55.48954590881542
1513,359523.2142857143,6949982.142857143,72.73469379969916,22.73469379969915
1514,361382.1428571428,6949676.785714285,92.81632668630353,42.81632668630353
1515,361467.8571428572,6949323.214285715,86.60510090418748,36.60510090418748
1516,357504.0943082604,6948771.316631565,68.55260445700993,18.55260445700993
1517,355722.0869746263,6954128.381454139,84.06423244183269,34.06423244183269
1518,357042.5874407605,6948548.01277787,60.18569770510994,10.18569770510994
1519,356016.1272321428,6955992.857142857,86.90510241109732,36.90510241109732
1520,366604.7711670391,6952065.058852902,133.5654480033507,83.5654480033507
1521,364096.1353838777,6955988.972096631,37.732700005470534,-12.267299994529463
1522,362420.3868767945,6957619.900430507,92.76021816139873,42.76021816139874
1523,366090.191888782,6955243.45168983,94.03676671719056,44.03676671719056
1524,355341.1289514966,6949396.316567762,94.68527891488858,44.685278914888585
1525,356205.8003043263,6956519.199695674,98.47504067157408,48.475040671574064
1526,363016.4525233272,6953118.934530294,72.19597478155421,22.19597478155421
1527,355875.6012654851,6952828.00407556,115.55394320065899,65.55394320065898
1528,368185.2272727273,6943442.864178924,79.73173867661727,29.73173867661726
1529,364637.9337905794,6956639.300943138,84.493566315006,34.49356631500601
1530,360359.1789190305,6952678.384505821,45.725777890661476,-4.274222109338527
1531,358594.3595147711,6948485.463288691,75.3627806440254,25.362780644025406
1532,360182.4580663026,6949401.631402218,63.869590046858846,13.869590046858844
1533,359089.3236530703,6955768.672571287,91.54143253963267,41.541432539632666
1534,355631.2882806687,6960274.210503921,152.17725267989903,102.17725267989904
1535,364388.4899388428,6956075.666985349,23.254665843119536,-26.745334156880464
1536,364318.2215708389,6956240.900562423,29.663710512827073,-20.336289487172927
1537,358606.8886682963,6947356.888668296,84.64930629887253,34.649306298872524
1538,356583.0282872599,6950856.047190285,73.83912655519913,23.839126555199126
1539,359133.0737188073,6947827.508830771,96.1120959945882,46.11209599458819
1540,359186.1537451278,6947236.353481871,89.3862250510397,39.386225051039695
1541,356255.5033233318,6951363.754729194,73.82362114732715,23.823621147327156
1542,363115.1288971681,6950236.035428338,125.02590869985922,75.02590869985922
1543,363151.6851276772,6957434.879584362,100.47328778706078,50.47328778706079
1544,366312.4399800262,6960096.950133028,,-10049.0
1545,360420.5357142857,6948200.892857143,82.6734697186244,32.673469718624396
1546,360646.7718831683,6949219.107922338,70.82710844318697,20.82710844318697
1547,357078.8215870489,6950338.411169283,75.2688596252713,25.26885962527132
1548,356072.3366121461,6948285.700577312,75.89489564586879,25.894895645868797
1549,359077.1008090561,6947303.45674612,88.17596921014491,38.1759692101449
1550,359504.5195420746,6956536.443989739,112.40887615482416,62.40887615482418
1551,357016.9568783906,6957639.359593033,159.17509268978984,109.17509268978985
1552,351673.8674003519,6944920.817769382,103.23814274185123,53.238142741851235
1553,355983.5737047043,6946971.980187935,71.48695138137913,21.48695138137912
1554,358232.9379719186,6947577.704676181,84.15903105866087,34.15903105866087
1555,351640.0630238399,6954829.007895252,29.426090690359736,-20.573909309640268
1556,361468.5616962757,6951256.050549251,92.86886470392879,42.86886470392879
1557,359284.8214285714,6950043.75,85.39107275009168,35.39107275009168
1558,351725.3431564378,6960048.871386303,89.72443343308697,39.724433433086965
1559,370045.1731486862,6960389.441939219,5.430839866107684,-1971.0142549211682
1560,356583.3378472002,6947719.075333795,65.53122767361151,15.531227673611504
1561,354047.9844943288,6949519.381718268,110.82165079563978,60.82165079563978
1562,360340.8072595767,6953134.859403029,29.238072837446342,-20.761927162553658
1563,364468.7066922504,6955842.02513508,31.170852342475445,-18.82914765752455
1564,356660.0327157345,6948409.105171195,58.182921429090186,8.182921429090186
1565,360721.1916909621,6948929.662445336,63.901343403563715,13.901343403563716
1566,360344.2209961354,6949397.020715503,58.90855952142251,8.908559521422513
1567,359583.2171496173,6950584.168519992,47.85813944087205,-2.1418605591279505
1568,359604.0602999237,6950677.367789547,50.53976871149141,0.5397687114914127
1569,359285.1125857818,6955625.836951187,77.32904749745413,27.329047497454123
1570,359898.4811610178,6956276.518838982,98.63173822434409,48.63173822434409
1571,359667.2831632653,6956217.283163265,91.1364768641752,41.136476864175194
1572,357683.456550352,6952554.302550491,43.04440962904624,-6.9555903709537565
1573,356384.3706811497,6951727.176257757,63.022227660720844,13.022227660720837
1574,356724.5504763154,6952006.013446602,63.68451473478391,13.684514734783912
1575,357050.5816871328,6952311.815279474,60.24348806318473,10.243488063184724
1576,356137.5,6951562.5,66.44999980926514,16.449999809265137
1577,356538.6735700601,6951759.439124875,60.00361489773908,10.003614897739077
1578,357187.5,6952387.5,57.375000953674316,7.375000953674316
1579,357487.5,6952561.038561817,49.33915837964892,-0.6608416203510835
1580,357688.0772735422,6952762.5,43.60179083334086,-6.398209166659139
1581,356889.0184559859,6952205.254963602,57.89956451149633,7.8995645114963295
1582,357822.8831304921,6952570.758203388,40.13498513817676,-9.865014861823244
1583,356646.5947259411,6951865.308364641,61.95555345807087,11.955553458070861
1584,355995.7264160611,6951509.364975487,64.01483500855815,14.014835008558148
1585,357861.970782623,6952536.439550847,38.5463671762015,-11.453632823798502
1586,359107.5280448589,6953077.256572336,41.035187922009044,-8.964812077990954
1587,359535.1933900563,6953118.305513074,39.50305620591192,-10.496943794088086
1588,358756.7101479687,6952918.841476623,41.87285688831862,-8.127143111681375
1589,357875.2317349691,6952746.891633978,42.95649582053167,-7.043504179468325
1590,358012.5,6952612.5,41.40000057220459,-8.59999942779541
1591,358433.1283985224,6952872.650508396,49.93007669055988,-0.06992330944011771
1592,359290.3747687499,6952927.058887795,43.44100868811085,-6.558991311889152
1593,359595.5595777169,6952984.435050274,34.07925675497641,-15.92074324502359
1594,358115.1765444613,6952781.378761752,43.510970654136216,-6.489029345863789
1595,358612.5,6952880.645881138,43.29841971345781,-6.701580286542189
1596,358912.5,6952880.645881138,40.36723869789324,-9.632761302106756
1597,358404.1256797045,6952762.714425208,41.83865725902354,-8.161342740976462
1598,359109.375,6952734.375,34.654688358306885,-15.345311641693115
1599,359124.2539733727,6952838.476620181,39.54123061585433,-10.458769384145672
1600,358312.5,6952840.921617645,48.32372864864766,-1.6762713513523408
1601,359352.6637318259,6953166.149640295,50.09125978819017,0.09125978819016492
1602,359506.4142353801,6953266.913208479,46.63214493663904,-3.367855063360956
1603,359627.7679375727,6953205.869786926,38.23259938220358,-11.76740061779642
1604,357942.2831632653,6952542.283163265,38.38019907534171,-11.619800924658296
1605,359655.1398944292,6952921.108762569,32.730179721765474,-17.26982027823453
1606,361941.5443081847,6954864.037759152,43.785442371462786,-6.214557628537216
1607,359971.7267613643,6953229.793714574,39.77643955226708,-10.223560447732925
1608,361729.949416518,6954403.814665839,38.2936931905606,-11.706306809439402
1609,360371.3819089023,6953333.489571168,38.25840916567081,-11.741590834329182
1610,362250.0,6954825.0,24.700000762939453,-25.299999237060547
1611,362000.2658621204,6955131.38293106,44.05514488938783,-5.9448551106121705
1612,359812.5,6952987.5,34.14999961853027,-15.850000381469727
1613,361162.5,6953662.5,26.899999618530273,-23.100000381469727
1614,361593.6111829836,6954763.438223757,64.00755275304877,14.007552753048785
1615,359798.8745630604,6953322.060345884,43.423407485267134,-6.576592514732865
1616,359966.1747424133,6953004.570787202,33.85678657570776,-16.14321342429224
1617,361929.7758250198,6954410.85037246,26.60967439190345,-23.390325608096546
1618,361387.7385712006,6953882.84849474,26.31488185709997,-23.68511814290003
1619,360557.1936670945,6953448.145685033,34.176650412588984,-15.82334958741102
1620,361628.7296543492,6954239.300376533,28.756995484522314,-21.243004515477686
1621,361251.5993202369,6953798.199653714,26.94105488744175,-23.05894511255825
1622,360696.8712812793,6953533.359174551,32.15971171477,-17.840288285230002
1623,360894.7039835626,6953623.774056652,29.14002583059066,-20.85997416940934
1624,361036.9280711596,6953639.616832623,27.93903910141362,-22.06096089858638
1625,359705.9686407651,6953324.265086471,38.75001307256555,-11.24998692743445
1626,360138.75,6953261.25,36.88500022888187,-13.11499977111813
1627,362400.0,6954825.0,23.600000381469727,-26.399999618530273
1628,361710.5303797632,6955018.725196898,68.26391918320975,18.263919183209744
1629,361998.2142857143,6954626.785714285,29.20459226685103,-20.79540773314897
1630,362112.0953304517,6954987.61111901,33.44922617468435,-16.550773825315652
1631,361485.4151050478,6953933.622951704,26.325302501042653,-23.674697498957343
1632,359807.0394381197,6953152.703549665,39.449854464568446,-10.550145535431554
1633,359742.2831632653,6952917.283163265,33.04705603211612,-16.952943967883886
1634,362437.5,6954862.5,23.700000286102295,-26.299999713897705
1635,361417.139642321,6952925.04094545,56.66817092239873,6.668170922398731
1636,361870.4082951134,6953333.482593923,66.44531671382406,16.44531671382405
1637,362047.8955110838,6953869.629144159,45.58975655697469,-4.410243443025306
1638,361002.2652757076,6953086.318320191,43.139132283794844,-6.8608677162051555
1639,360861.4099897536,6952726.029283205,60.865810032508335,10.865810032508332
1640,361522.667105969,6952164.120512783,76.91465678288799,26.914656782887974
1641,360715.5044958882,6953021.819655166,42.84496213177823,-7.1550378682217675
1642,362162.5850942367,6954173.54739302,42.91905209142616,-7.080947908573842
1643,362528.9483062766,6953359.132190491,89.13110252500553,39.13110252500553
1644,362812.5,6953362.5,78.04999923706055,28.049999237060547
1645,362291.1205660263,6954404.699710336,37.93707576059212,-12.06292423940787
1646,361192.8849355353,6952390.578427433,72.66867080701743,22.668670807017442
1647,362281.125229854,6953510.890195957,70.74447376312368,20.74447376312368
1648,360487.5,6953062.5,33.37500047683716,-16.624999523162842
1649,360562.5,6952687.5,45.22499942779541,-4.77500057220459
1650,361087.5,6952162.5,56.80000019073486,6.800000190734863
1651,361246.8332391767,6952096.042196808,57.21535572275301,7.215355722753005
1652,361408.1429064494,6951996.349774839,65.2695726478221,15.269572647822098
1653,361911.0933259746,6954166.320102936,28.04681822993799,-21.953181770062006
1654,361743.5155543291,6954121.470017156,26.770633395588057,-23.22936660441195
1655,361612.5,6954037.5,26.375,-23.625
1656,361393.75,6953656.25,29.01805574364131,-20.981944256358695
1657,361406.25,6953418.75,39.350000619888306,-10.649999380111694
1658,362653.6480661284,6953510.217576154,69.54220968330644,19.54220968330644
1659,361631.25,6953643.75,41.11875033378601,-8.88124966621399
1660,361713.815698988,6952465.708993432,92.08809731384832,42.08809731384832
1661,361829.9368429206,6952142.484858276,95.41011229104916,45.41011229104917
1662,360630.6923458932,6952505.653498286,54.18461398110147,4.184613981101471
1663,360912.475503626,6952223.464635452,56.913422596814044,6.913422596814042
1664,361662.8719926985,6952002.984440763,81.08586626085972,31.08586626085972
1665,360862.5,6953437.5,29.300000190734863,-20.699999809265137
1666,361948.3793923298,6952867.453385578,94.58277825286567,44.58277825286564
1667,362340.2813021136,6953105.545458659,104.70267717743393,54.70267717743392
1668,361193.8591530048,6953321.684877607,32.84233033612972,-17.15766966387028
1669,360587.8190809403,6952862.141489728,39.64826526758519,-10.35173473241481
1670,361012.5,6953400.0,30.25,-19.75
1671,360819.8887119326,6953257.34591256,33.43580877011659,-16.564191229883413
1672,362306.8534276711,6954554.949951722,25.944988472332547,-24.055011527667453
1673,362961.5509872686,6953305.628426732,71.31954586107491,21.31954586107492
1674,362302.4204723593,6953982.19608953,47.69238794374449,-2.3076120562554974
1675,362344.8639594985,6953800.471712111,50.182377313141444,0.18237731314143815
1676,361885.9401797815,6951984.208614442,90.57800644504836,40.57800644504835
1677,362472.8814244943,6953541.005745973,62.18275053071359,12.182750530713589
1678,362000.8057190411,6952523.594359489,104.56537696635141,54.565376966351415
1679,361762.5,6953925.0,34.25,-15.75
1680,362255.7895134765,6952834.911323808,112.83665020432323,62.836650204323234
1681,362363.259055913,6954257.462885431,40.725766243665824,-9.274233756334176
1682,362375.5441037515,6954106.367727997,40.64748316497257,-9.352516835027435
1683,361533.7364010234,6951992.690945677,76.23594673673144,26.235946736731428
1684,360796.875,6952396.875,55.29687547683716,5.296875476837158
1685,362120.1722371804,6954334.392443337,33.37569254610446,-16.624307453895536
1686,361956.4777305304,6952328.704733875,94.2553992858352,44.255399285835196
1687,362153.1095395827,6952671.576578377,114.71274241369362,64.7127424136936
1688,361594.6428571428,6953814.285714285,30.654421778231498,-19.345578221768513
1689,362431.9073490502,6953656.90734905,54.804384435201825,4.804384435201822
1690,362623.977007285,6953185.043571565,94.93503865979628,44.93503865979628
1691,360637.1488679702,6953219.444261287,33.965297401865676,-16.034702598134324
1692,360417.2831632653,6953132.716836735,29.237995808334134,-20.762004191665866
1693,362931.25,6953481.25,67.08958249621921,17.089582496219215
1694,363138.8191193842,6954418.815898106,56.98969154230209,6.9896915423020864
1695,362869.8135673455,6953965.433890085,66.99289692636931,16.992896926369305
1696,363100.8854633,6954832.601727767,36.99876585496179,-13.001234145038211
1697,363663.8774385932,6954360.827508264,99.94011312625261,49.94011312625262
1698,362737.5,6954637.5,36.94999980926514,-13.050000190734863
1699,363297.0833391625,6955082.297872221,35.82141295265771,-14.178587047342289
1700,363947.9540714917,6954533.733195022,87.1440488461646,37.144048846164594
1701,363210.3695420498,6953697.547840009,80.42249646622248,30.42249646622247
1702,362534.237132353,6954715.762867647,31.331740967878783,-18.66825903212122
1703,363127.6093464708,6953450.543435385,71.01693595430396,21.016935954303953
1704,362968.4895833333,6955277.517361111,27.005884007994396,-22.9941159920056
1705,362820.6876524779,6953667.204841441,68.43933419388138,18.439334193881393
1706,363448.7333370161,6954634.966674032,68.59319262736261,18.593192627362615
1707,362807.664037346,6954324.349957638,46.914014270140186,-3.0859857298598126
1708,362543.75,6953823.75,45.86083254814142,-4.139167451858581
1709,363570.7946339716,6954849.253262512,49.45215972573224,-0.5478402742677637
1710,363427.6275171134,6954004.552441857,98.0962215792224,48.09622157922239
1711,362594.4599739065,6953958.097698583,44.55091813959372,-5.449081860406283
1712,362963.1961038043,6953696.365398351,72.27805427321942,22.27805427321943
1713,362826.3476082025,6954874.864847664,26.908843940912078,-23.09115605908792
1714,362600.4961035748,6954176.297693288,42.41810996712356,-7.581890032876441
1715,364061.7728744907,6954424.402804012,89.77867486450513,39.77867486450514
1716,363398.7494622417,6954904.019922756,45.42865218671085,-4.571347813289157
1717,363729.4799258675,6954661.254377118,69.38920347485909,19.389203474859077
1718,363098.7025104903,6955138.169077168,30.761784525767432,-19.238215474232565
1719,363730.5778146418,6954135.787061992,107.56620418027657,57.566204180276586
1720,363912.7113074002,6954279.527966969,107.2077332037369,57.20773320373689
1721,362583.3085915601,6954403.663950132,37.75001624488221,-12.24998375511779
1722,362434.3474264706,6954660.65257353,25.87041699491504,-24.12958300508496
1723,363424.4477846841,6953758.261544254,91.46460429378074,41.46460429378074
1724,362902.775023618,6955071.164716245,25.519439097435505,-24.480560902564495
1725,362667.3258887558,6953748.548573623,59.69644519893953,9.69644519893954
1726,362509.1990214834,6954570.368484473,31.02890555600552,-18.971094443994485
1727,362680.4227941177,6954844.577205882,27.913676220986275,-22.086323779013725
1728,363984.6781011336,6955249.628410848,63.75076297338499,13.750762973384983
1729,363742.929205018,6955402.207820691,51.967265155525496,1.9672651555255007
1730,364333.0557676476,6955428.611535295,59.85946302835548,9.859463028355478
1731,364012.5,6955537.5,46.79999923706055,-3.200000762939453
1732,364025.8108924423,6954976.315109361,87.56292941255941,37.562929412559406
1733,364245.7936810925,6955709.444505042,35.4418771592987,-14.558122840701301
1734,363330.4166666667,6955338.75,43.137165835698916,-6.862834164301078
1735,363632.1939529784,6955557.108073892,26.981003108833544,-23.018996891166456
1736,363494.1672303454,6955462.381593034,36.301246510261386,-13.698753489738616
1737,363562.5,6955087.5,42.05000019073486,-7.949999809265137
1738,364141.4943849045,6954759.989095808,95.81135778924757,45.81135778924757
1739,364470.2012597305,6955673.804265988,40.98480972273677,-9.01519027726323
1740,364286.8990972989,6955878.134929292,28.31467765350412,-21.685322346495884
1741,363937.5,6955687.5,30.375000953674316,-19.624999046325684
1742,363937.5,6954787.5,74.77499961853027,24.774999618530273
1743,363535.9032401094,6955270.848383367,46.08318577719735,-3.916814222802652
1744,364645.7565677123,6955452.440089815,64.456104708315,14.456104708314996
1745,364248.6355913487,6955105.593097859,90.52117255765984,40.521172557659845
1746,363112.5,6955425.0,22.899999618530273,-27.100000381469727
1747,363750.7508251631,6955130.704865958,54.1402127051495,4.140212705149502
1748,364240.4089947203,6954907.865831243,98.9562627670631,48.956262767063095
1749,364794.0641503844,6955522.526204171,42.016730819195786,-7.98326918080421
1750,364425.9603930782,6955219.972023048,91.68139891413965,41.681398914139635
1751,364545.5888888712,6955311.924723878,88.78482233402264,38.784822334022635
1752,363798.4814519291,6954945.776049701,59.95329055879244,9.953290558792443
1753,356385.1779297755,6953955.719877271,77.29713269949323,27.29713269949324
1754,356212.5,6953999.772395127,79.68467537050329,29.68467537050327
1755,356131.7976244825,6953980.184352137,77.19755415065002,27.197554150650035
1756,357034.8354663331,6955837.729629753,107.80286329283454,57.802863292834544
1757,356705.0903864967,6954789.479194478,89.46675080450422,39.46675080450423
1758,356782.2191367545,6956245.816323926,109.87990078280234,59.87990078280234
1759,356284.2098639768,6955367.63968894,84.99102707431209,34.991027074312086
1760,356420.7188052507,6956153.643403418,99.42096564842318,49.42096564842316
1761,356310.407793874,6954803.155371318,89.12621485270559,39.12621485270558
1762,358065.1908510031,6955498.099495193,130.57256195940104,80.57256195940106
1763,357438.1916653888,6955266.769088523,114.82634519273712,64.82634519273711
1764,356491.6217273363,6955824.924331401,99.2546443740698,49.2546443740698
1765,356665.9441549052,6954507.436311136,90.96329035953494,40.96329035953493
1766,356753.1302020131,6956578.430470585,115.70648355943226,65.70648355943226
1767,358565.0768735852,6955907.603869403,121.39152860910156,71.39152860910156
1768,356461.1773912323,6955077.778353252,95.54393641570037,45.54393641570038
1769,356508.1090634504,6954352.925805428,82.65474410154619,32.654744101546186
1770,356212.5,6956062.5,90.67500114440918,40.67500114440918
1771,356157.9164489141,6955664.695502543,88.84125409597709,38.84125409597709
1772,356054.232330413,6955456.405027355,84.67941336289465,34.67941336289465
1773,356127.7571199041,6954854.022195903,82.64190108804912,32.64190108804913
1774,356376.4218842085,6956359.721817236,95.53188682248981,45.531886822489824
1775,356061.1240707607,6955300.481513845,82.46462305182887,32.464623051828866
1776,356133.4441522963,6954718.696261203,81.6521016872232,31.652101687223198
1777,357565.9330645807,6955871.637575001,123.9605746442459,73.9605746442459
1778,357168.0455919632,6954842.951946466,98.38611150617328,48.38611150617328
1779,357795.9590959975,6955072.932839569,109.50881978177787,59.50881978177787
1780,356536.7842897467,6956426.801716452,101.14646209573074,51.14646209573074
1781,356432.6710534806,6954630.98462689,79.5592530053793,29.5592530053793
1782,356226.1081402144,6955904.394748194,89.37810757328594,39.378107573285945
1783,357572.5861243886,6954819.598132914,101.39086658867348,51.390866588673475
1784,357151.3618116401,6956269.621501353,125.90365524553941,75.9036552455394
1785,358083.5032263837,6956113.615369132,139.1218107932384,89.12181079323841
1786,358350.8545315272,6955248.493710986,128.49028348871624,78.49028348871624
1787,356729.8999022862,6956724.270726691,111.60862904846527,61.608629048465275
1788,356947.3865884193,6956480.984532382,121.83767828014297,71.83767828014297
1789,357041.4559279362,6954591.028252732,91.23719994345802,41.237199943458016
1790,356228.923458802,6955029.346490757,88.63268329155191,38.63268329155191
1791,358115.3519236931,6955008.927871049,123.83780825958922,73.83780825958922
1792,356779.6505427075,6955323.714414803,98.4864916646979,48.48649166469789
1793,357856.3923866601,6954789.090386687,110.6313913204662,60.6313913204662
1794,357410.7422901339,6954648.588383206,96.29304440523862,46.29304440523862
1795,358601.0236758072,6955483.682602768,109.45963666009325,59.45963666009325
1796,357243.4952285308,6954580.482705433,87.73838143288398,37.738381432884
1797,356855.5298881453,6954495.964156536,91.61743539086201,41.61743539086201
1798,356262.106192802,6956258.251553128,93.47683657531387,43.476836575313854
1799,356233.5871666085,6954633.806043236,78.21182804175038,28.21182804175038
1800,356442.6078745159,6954490.155400732,79.37582068571982,29.375820685719816
1801,357624.8842000805,6956260.08879613,143.2834404491536,93.28344044915359
