datetime,value
2007-01-01,86.97
2007-01-02,86.92
2007-01-03,86.95
2007-01-04,86.97
2007-01-05,87.0
2007-01-06,87.01
2007-01-07,87.05
2007-01-08,87.15
2007-01-09,87.15
2007-01-10,87.15
2007-01-11,87.17
2007-01-12,87.17
2007-01-13,87.17
2007-01-14,87.17
2007-01-15,87.18
2007-01-16,87.2
2007-01-17,87.38
2007-01-18,87.41
2007-01-19,87.46
2007-01-20,87.43
2007-01-21,87.38
2007-01-22,87.37
2007-01-23,87.35
2007-01-24,87.33
2007-01-25,87.32
2007-01-26,87.41
2007-01-27,87.41
2007-01-28,87.34
2007-01-29,87.37
2007-01-30,87.33
2007-01-31,87.33
2007-02-01,87.33
2007-02-02,87.33
2007-02-03,87.3
2007-02-04,87.32
2007-02-05,87.31
2007-02-06,87.31
2007-02-07,87.35
2007-02-08,87.36
2007-02-09,87.38
2007-02-10,87.43
2007-02-11,87.46
2007-02-12,87.43
2007-02-13,87.51
2007-02-14,87.49
2007-02-15,87.46
2007-02-16,87.44
2007-02-17,87.43
2007-02-18,87.42
2007-02-19,87.42
2007-02-20,87.41
2007-02-21,87.4
2007-02-22,87.43
2007-02-23,87.51
2007-02-24,87.48
2007-02-25,87.46
2007-02-26,87.45
2007-02-27,87.42
2007-02-28,87.4
2007-03-01,87.37
2007-03-02,87.37
2007-03-03,87.37
2007-03-04,87.37
2007-03-05,87.41
2007-03-06,87.47
2007-03-07,87.46
2007-03-08,87.43
2007-03-09,87.43
2007-03-10,87.37
2007-03-11,87.35
2007-03-12,87.32
2007-03-13,87.31
2007-03-14,87.31
2007-03-15,87.31
2007-03-16,87.33
2007-03-17,87.32
2007-03-18,87.3
2007-03-19,87.37
2007-03-20,87.38
2007-03-21,87.37
2007-03-22,87.38
2007-03-23,87.4
2007-03-24,87.4
2007-03-25,87.37
2007-03-26,87.35
2007-03-27,87.36
2007-03-28,87.35
2007-03-29,87.37
2007-03-30,87.31
2007-03-31,87.35
2007-04-01,87.34
2007-04-02,87.33
2007-04-03,87.3
2007-04-04,87.3
2007-04-05,87.3
2007-04-06,87.32
2007-04-07,87.32
2007-04-08,87.32
2007-04-09,87.3
2007-04-10,87.3
2007-04-11,87.31
2007-04-12,87.29
2007-04-13,87.3
2007-04-14,87.29
2007-04-15,87.3
2007-04-16,87.3
2007-04-17,87.27
2007-04-18,87.26
2007-04-19,87.25
2007-04-20,87.25
2007-04-21,87.23
2007-04-22,87.24
2007-04-23,87.21
2007-04-24,87.21
2007-04-25,87.18
2007-04-26,87.18
2007-04-27,87.19
2007-04-28,87.2
2007-04-29,87.17
2007-04-30,87.16
2007-05-01,87.15
2007-05-02,87.15
2007-05-03,87.14
2007-05-04,87.13
2007-05-05,87.13
2007-05-06,87.12
2007-05-07,87.12
2007-05-08,87.17
2007-05-09,87.1
2007-05-10,87.09
2007-05-11,87.09
2007-05-12,87.09
2007-05-13,87.08
2007-05-14,87.09
2007-05-15,87.1
2007-05-16,87.1
2007-05-17,87.1
2007-05-18,87.09
2007-05-19,87.08
2007-05-20,87.1
2007-05-21,87.17
2007-05-22,87.17
2007-05-23,87.18
2007-05-24,87.18
2007-05-25,87.18
2007-05-26,87.18
2007-05-27,87.17
2007-05-28,87.19
2007-05-29,87.21
2007-05-30,87.21
2007-05-31,87.24
2007-06-01,87.24
2007-06-02,87.25
2007-06-03,87.25
2007-06-04,87.25
2007-06-05,87.24
2007-06-06,87.23
2007-06-07,87.22
2007-06-08,87.2
2007-06-09,87.19
2007-06-10,87.2
2007-06-11,87.2
2007-06-12,87.2
2007-06-13,87.2
2007-06-14,87.2
2007-06-15,87.21
2007-06-16,87.2
2007-06-17,87.23
2007-06-18,87.21
2007-06-19,87.2
2007-06-20,87.19
2007-06-21,87.22
2007-06-22,87.17
2007-06-23,87.17
2007-06-24,87.18
2007-06-25,87.2
2007-06-26,87.19
2007-06-27,87.2
2007-06-28,87.18
2007-06-29,87.17
2007-06-30,87.15
2007-07-01,87.15
2007-07-02,87.15
2007-07-03,87.14
2007-07-04,87.14
2007-07-05,87.14
2007-07-06,87.14
2007-07-07,87.14
2007-07-08,87.14
2007-07-09,87.15
2007-07-10,87.15
2007-07-11,87.15
2007-07-12,87.15
2007-07-13,87.15
2007-07-14,87.14
2007-07-15,87.14
2007-07-16,87.15
2007-07-17,87.14
2007-07-18,87.14
2007-07-19,87.14
2007-07-20,87.12
2007-07-21,87.14
2007-07-22,87.12
2007-07-23,87.1
2007-07-24,87.1
2007-07-25,87.09
2007-07-26,87.09
2007-07-27,87.09
2007-07-28,87.09
2007-07-29,87.08
2007-07-30,87.07
2007-07-31,87.08
2007-08-01,87.07
2007-08-02,87.05
2007-08-03,87.09
2007-08-04,87.09
2007-08-05,87.05
2007-08-06,87.01
2007-08-07,87.0
2007-08-08,86.98
2007-08-09,86.98
2007-08-10,86.99
2007-08-11,86.99
2007-08-12,86.97
2007-08-13,86.97
2007-08-14,86.98
2007-08-15,86.96
2007-08-16,86.96
2007-08-17,86.96
2007-08-18,86.94
2007-08-19,86.94
2007-08-20,87.03
2007-08-21,87.09
2007-08-22,87.09
2007-08-23,87.09
2007-08-24,87.1
2007-08-25,87.09
2007-08-26,87.09
2007-08-27,87.05
2007-08-28,87.03
2007-08-29,87.01
2007-08-30,87.01
2007-08-31,87.0
2007-09-01,86.98
2007-09-02,86.98
2007-09-03,86.94
2007-09-04,86.93
2007-09-05,86.91
2007-09-06,86.89
2007-09-07,86.89
2007-09-08,86.83
2007-09-09,86.81
2007-09-10,86.74
2007-09-11,86.72
2007-09-12,86.69
2007-09-13,86.7
2007-09-14,86.68
2007-09-15,86.67
2007-09-16,86.67
2007-09-17,86.65
2007-09-18,86.63
2007-09-19,86.61
2007-09-20,86.61
2007-09-21,86.61
2007-09-22,86.59
2007-09-23,86.59
2007-09-24,86.56
2007-09-25,86.55
2007-09-26,86.54
2007-09-27,86.52
2007-09-28,86.51
2007-09-29,86.51
2007-09-30,86.51
2007-10-01,86.53
2007-10-02,86.58
2007-10-03,86.56
2007-10-04,86.56
2007-10-05,86.56
2007-10-06,86.56
2007-10-07,86.56
2007-10-08,86.62
2007-10-09,86.62
2007-10-10,86.62
2007-10-11,86.61
2007-10-12,86.61
2007-10-13,86.6
2007-10-14,86.61
2007-10-15,86.56
2007-10-16,85.56
2007-10-17,86.52
2007-10-18,86.49
2007-10-19,86.48
2007-10-20,86.46
2007-10-21,86.44
2007-10-22,86.42
2007-10-23,86.4
2007-10-24,86.4
2007-10-25,86.36
2007-10-26,86.35
2007-10-27,86.32
2007-10-28,86.31
2007-10-29,86.31
2007-10-30,86.28
2007-10-31,86.31
2007-11-01,86.31
2007-11-02,86.23
2007-11-03,86.21
2007-11-04,86.16
2007-11-05,86.17
2007-11-06,86.14
2007-11-07,86.15
2007-11-08,86.12
2007-11-09,86.12
2007-11-10,86.12
2007-11-11,86.1
2007-11-12,86.12
2007-11-13,86.12
2007-11-14,86.08
2007-11-15,86.05
2007-11-16,86.08
2007-11-17,86.02
2007-11-18,86.04
2007-11-19,86.07
2007-11-20,86.08
2007-11-21,86.08
2007-11-22,86.08
2007-11-23,86.07
2007-11-24,86.12
2007-11-25,86.1
2007-11-26,86.12
2007-11-27,86.1
2007-11-28,86.1
2007-11-29,86.08
2007-11-30,86.12
2007-12-01,86.12
2007-12-02,86.18
2007-12-03,86.18
2007-12-04,86.18
2007-12-05,86.2
2007-12-06,86.22
2007-12-07,86.2
2007-12-08,86.26
2007-12-09,86.34
2007-12-10,86.42
2007-12-11,86.43
2007-12-12,86.47
2007-12-13,86.44
2007-12-14,86.46
2007-12-15,86.43
2007-12-16,86.45
2007-12-17,86.5
2007-12-18,86.5
2007-12-19,86.48
2007-12-20,86.5
2007-12-21,86.55
2007-12-22,86.54
2007-12-23,86.52
2007-12-24,86.54
2007-12-25,86.55
2007-12-26,86.58
2007-12-27,86.57
2007-12-28,86.58
2007-12-29,86.58
2007-12-30,86.59
2007-12-31,86.58
2008-01-01,86.58
2008-01-02,86.59
2008-01-03,86.62
2008-01-04,86.69
2008-01-05,86.72
2008-01-06,86.84
2008-01-07,86.86
2008-01-08,86.89
2008-01-09,86.89
2008-01-10,87.12
2008-01-11,87.28
2008-01-12,87.33
2008-01-13,87.34
2008-01-14,87.42
2008-01-15,87.56
2008-01-16,87.46
2008-01-17,87.4
2008-01-18,87.36
2008-01-19,87.3
2008-01-20,87.22
2008-01-21,87.17
2008-01-22,87.08
2008-01-23,87.03
2008-01-24,86.97
2008-01-25,86.96
2008-01-26,87.01
2008-01-27,86.96
2008-01-28,86.34
2008-01-29,86.95
2008-01-30,86.92
2008-01-31,86.94
2008-02-01,87.01
2008-02-02,87.0
2008-02-03,87.04
2008-02-04,87.14
2008-02-05,87.29
2008-02-06,87.31
2008-02-07,87.31
2008-02-08,87.36
2008-02-09,87.38
2008-02-10,87.32
2008-02-11,87.32
2008-02-12,87.32
2008-02-13,87.32
2008-02-14,87.32
2008-02-15,87.36
2008-02-16,87.38
2008-02-17,87.32
2008-02-18,87.32
2008-02-19,87.36
2008-02-20,87.35
2008-02-21,87.37
2008-02-22,87.34
2008-02-23,87.33
2008-02-24,87.36
2008-02-25,87.36
2008-02-26,87.34
2008-02-27,87.34
2008-02-28,87.34
2008-02-29,87.34
2008-03-01,87.34
2008-03-02,87.34
2008-03-03,87.34
2008-03-04,87.34
2008-03-05,87.34
2008-03-06,87.34
2008-03-07,87.34
2008-03-08,87.34
2008-03-09,87.34
2008-03-10,87.34
2008-03-11,87.34
2008-03-12,87.34
2008-03-13,87.34
2008-03-14,87.34
2008-03-15,87.34
2008-03-16,87.34
2008-03-17,87.34
2008-03-18,87.34
2008-03-19,87.34
2008-03-20,87.34
2008-03-21,87.34
2008-03-22,87.34
2008-03-23,87.34
2008-03-24,87.34
2008-03-25,87.34
2008-03-26,87.34
2008-03-27,87.34
2008-03-28,87.36
2008-03-29,87.38
2008-03-30,87.38
2008-03-31,87.37
2008-04-01,87.36
2008-04-02,87.35
2008-04-03,87.32
2008-04-04,87.32
2008-04-05,87.3
2008-04-06,87.28
2008-04-07,87.3
2008-04-08,87.3
2008-04-09,87.28
2008-04-10,87.3
2008-04-11,87.32
2008-04-12,87.32
2008-04-13,87.29
2008-04-14,87.27
2008-04-15,87.25
2008-04-16,87.24
2008-04-17,87.24
2008-04-18,87.28
2008-04-19,87.29
2008-04-20,87.31
2008-04-21,87.36
2008-04-22,87.36
2008-04-23,87.36
2008-04-24,87.32
2008-04-25,87.36
2008-04-26,87.34
2008-04-27,87.31
2008-04-28,87.3
2008-04-29,87.32
2008-04-30,87.32
2008-05-01,87.37
2008-05-02,87.37
2008-05-03,87.38
2008-05-04,87.38
2008-05-05,87.38
2008-05-06,87.36
2008-05-07,87.37
2008-05-08,87.36
2008-05-09,87.35
2008-05-10,87.38
2008-05-11,87.33
2008-05-12,87.32
2008-05-13,87.3
2008-05-14,87.28
2008-05-15,87.28
2008-05-16,87.28
2008-05-17,87.3
2008-05-18,87.3
2008-05-19,87.3
2008-05-20,87.28
2008-05-21,87.28
2008-05-22,87.28
2008-05-23,87.28
2008-05-24,87.28
2008-05-25,87.32
2008-05-26,87.32
2008-05-27,87.36
2008-05-28,87.36
2008-05-29,87.34
2008-05-30,87.34
2008-05-31,87.34
2008-06-01,87.34
2008-06-02,87.36
2008-06-03,87.33
2008-06-04,87.3
2008-06-05,87.3
2008-06-06,87.29
2008-06-07,87.28
2008-06-08,87.24
2008-06-09,87.25
2008-06-10,87.25
2008-06-11,87.22
2008-06-12,87.2
2008-06-13,87.22
2008-06-14,87.2
2008-06-15,87.2
2008-06-16,87.19
2008-06-17,87.18
2008-06-18,87.17
2008-06-19,87.17
2008-06-20,87.16
2008-06-21,87.16
2008-06-22,87.14
2008-06-23,87.12
2008-06-24,87.12
2008-06-25,87.1
2008-06-26,87.08
2008-06-27,87.06
2008-06-28,87.04
2008-06-29,87.03
2008-06-30,87.0
2008-07-01,86.97
2008-07-02,86.95
2008-07-03,86.96
2008-07-04,86.95
2008-07-05,86.94
2008-07-06,86.92
2008-07-07,86.95
2008-07-08,86.95
2008-07-09,86.92
2008-07-10,86.94
2008-07-11,86.92
2008-07-12,86.92
2008-07-13,86.93
2008-07-14,86.92
2008-07-15,86.92
2008-07-16,86.9
2008-07-17,86.88
2008-07-18,86.88
2008-07-19,86.88
2008-07-20,86.84
2008-07-21,86.83
2008-07-22,86.84
2008-07-23,86.83
2008-07-24,86.82
2008-07-25,86.83
2008-07-26,86.81
2008-07-27,86.82
2008-07-28,86.82
2008-07-29,86.8
2008-07-30,86.82
2008-07-31,86.8
2008-08-01,86.79
2008-08-02,86.79
2008-08-03,86.78
2008-08-04,86.78
2008-08-05,86.76
2008-08-06,86.75
2008-08-07,86.75
2008-08-08,86.76
2008-08-09,86.74
2008-08-10,86.74
2008-08-11,86.69
2008-08-12,86.67
2008-08-13,86.65
2008-08-14,86.67
2008-08-15,86.65
2008-08-16,86.65
2008-08-17,86.64
2008-08-18,86.64
2008-08-19,86.64
2008-08-20,86.64
2008-08-21,86.63
2008-08-22,86.63
2008-08-23,86.63
2008-08-24,86.63
2008-08-25,86.63
2008-08-26,86.6
2008-08-27,86.59
2008-08-28,86.58
2008-08-29,86.6
2008-08-30,86.56
2008-08-31,86.53
2008-09-01,86.5
2008-09-02,86.49
2008-09-03,86.48
2008-09-04,86.46
2008-09-05,86.5
2008-09-06,86.5
2008-09-07,86.5
2008-09-08,86.48
2008-09-09,86.48
2008-09-10,86.48
2008-09-11,86.46
2008-09-12,86.48
2008-09-13,86.44
2008-09-14,86.43
2008-09-15,86.42
2008-09-16,86.41
2008-09-17,86.4
2008-09-18,86.38
2008-09-19,86.4
2008-09-20,86.4
2008-09-21,86.34
2008-09-22,86.32
2008-09-23,86.32
2008-09-24,86.3
2008-09-25,86.28
2008-09-26,86.26
2008-09-27,86.28
2008-09-28,86.26
2008-09-29,86.24
2008-09-30,86.22
2008-10-01,86.2
2008-10-02,86.17
2008-10-03,86.16
2008-10-04,86.18
2008-10-05,86.18
2008-10-06,86.16
2008-10-07,86.15
2008-10-08,86.14
2008-10-09,86.12
2008-10-10,86.16
2008-10-11,86.12
2008-10-12,86.1
2008-10-13,86.04
2008-10-14,86.01
2008-10-15,86.0
2008-10-16,85.97
2008-10-17,85.98
2008-10-18,85.94
2008-10-19,85.92
2008-10-20,85.92
2008-10-21,85.9
2008-10-22,85.9
2008-10-23,85.88
2008-10-24,85.88
2008-10-25,85.88
2008-10-26,85.87
2008-10-27,85.86
2008-10-28,85.84
2008-10-29,85.87
2008-10-30,85.88
2008-10-31,85.88
2008-11-01,85.91
2008-11-02,85.9
2008-11-03,85.89
2008-11-04,85.9
2008-11-05,85.9
2008-11-06,85.86
2008-11-07,85.86
2008-11-08,85.88
2008-11-09,85.9
2008-11-10,86.93
2008-11-11,85.96
2008-11-12,85.98
2008-11-13,85.99
2008-11-14,85.99
2008-11-15,85.99
2008-11-16,85.99
2008-11-17,85.97
2008-11-18,85.94
2008-11-19,85.94
2008-11-20,85.94
2008-11-21,85.91
2008-11-22,85.9
2008-11-23,85.88
2008-11-24,85.88
2008-11-25,85.87
2008-11-26,85.9
2008-11-27,85.85
2008-11-28,85.9
2008-11-29,85.92
2008-11-30,85.94
2008-12-01,85.92
2008-12-02,85.95
2008-12-03,85.98
2008-12-04,86.03
2008-12-05,86.06
2008-12-06,86.02
2008-12-07,86.03
2008-12-08,86.08
2008-12-09,86.08
2008-12-10,86.08
2008-12-11,86.08
2008-12-12,86.16
2008-12-13,86.46
2008-12-14,86.54
2008-12-15,86.59
2008-12-16,86.6
2008-12-17,86.6
2008-12-18,86.64
2008-12-19,86.65
2008-12-20,86.66
2008-12-21,86.66
2008-12-22,86.66
2008-12-23,86.64
2008-12-24,86.65
2008-12-25,86.64
2008-12-26,86.66
2008-12-27,86.61
2008-12-28,86.62
2008-12-29,86.62
2008-12-30,86.64
2008-12-31,86.64
2009-01-01,86.65
2009-01-02,86.66
2009-01-03,86.62
2009-01-04,86.63
2009-01-05,86.63
2009-01-06,86.57
2009-01-07,86.6
2009-01-08,86.56
2009-01-09,86.58
2009-01-10,86.55
2009-01-11,86.56
2009-01-12,86.6
2009-01-13,86.6
2009-01-14,86.64
2009-01-15,86.66
2009-01-16,86.68
2009-01-17,86.74
2009-01-18,86.96
2009-01-19,87.1
2009-01-20,87.16
2009-01-21,87.28
2009-01-22,87.44
2009-01-23,87.47
2009-01-24,87.46
2009-01-25,87.44
2009-01-26,87.4
2009-01-27,87.38
2009-01-28,87.38
2009-01-29,87.38
2009-01-30,87.38
2009-01-31,87.36
2009-02-01,87.31
2009-02-02,87.3
2009-02-03,87.33
2009-02-04,87.38
2009-02-05,87.38
2009-02-06,87.38
2009-02-07,87.35
2009-02-08,87.36
2009-02-09,87.44
2009-02-10,87.4
2009-02-11,87.37
2009-02-12,87.36
2009-02-13,87.4
2009-02-14,87.38
2009-02-15,87.34
2009-02-16,87.34
2009-02-17,87.34
2009-02-18,87.33
2009-02-19,87.32
2009-02-20,87.34
2009-02-21,87.34
2009-02-22,87.32
2009-02-23,87.3
2009-02-24,87.28
2009-02-25,87.26
2009-02-26,87.3
2009-02-27,87.28
2009-02-28,87.26
2009-03-01,87.26
2009-03-02,87.27
2009-03-03,87.32
2009-03-04,87.32
2009-03-05,87.33
2009-03-06,87.34
2009-03-07,87.37
2009-03-08,87.32
2009-03-09,87.33
2009-03-10,87.32
2009-03-11,87.34
2009-03-12,87.31
2009-03-13,87.34
2009-03-14,87.32
2009-03-15,87.28
2009-03-16,87.26
2009-03-17,87.26
2009-03-18,87.27
2009-03-19,87.25
2009-03-20,87.28
2009-03-21,87.24
2009-03-22,87.22
2009-03-23,87.22
2009-03-24,87.21
2009-03-25,87.2
2009-03-26,87.2
2009-03-27,87.2
2009-03-28,87.16
2009-03-29,87.16
2009-03-30,87.14
2009-03-31,87.14
2009-04-01,87.16
2009-04-02,87.14
2009-04-03,87.14
2009-04-04,87.16
2009-04-05,87.12
2009-04-06,87.1
2009-04-07,87.09
2009-04-08,87.08
2009-04-09,87.08
2009-04-10,87.06
2009-04-11,87.04
2009-04-12,87.05
2009-04-13,87.04
2009-04-14,87.04
2009-04-15,87.06
2009-04-16,87.08
2009-04-17,87.11
2009-04-18,87.08
2009-04-19,87.07
2009-04-20,87.05
2009-04-21,87.06
2009-04-22,87.04
2009-04-23,87.05
2009-04-24,87.06
2009-04-25,87.02
2009-04-26,87.02
2009-04-27,87.01
2009-04-28,87.04
2009-04-29,87.04
2009-04-30,87.05
2009-05-01,87.06
2009-05-02,87.06
2009-05-03,87.04
2009-05-04,87.05
2009-05-05,87.05
2009-05-06,87.04
2009-05-07,87.04
2009-05-08,87.03
2009-05-09,87.06
2009-05-10,87.04
2009-05-11,87.04
2009-05-12,87.05
2009-05-13,87.04
2009-05-14,87.03
2009-05-15,87.02
2009-05-16,87.02
2009-05-17,87.0
2009-05-18,86.99
2009-05-19,86.99
2009-05-20,87.0
2009-05-21,86.98
2009-05-22,86.98
2009-05-23,86.98
2009-05-24,86.98
2009-05-25,86.98
2009-05-26,86.98
2009-05-27,86.98
2009-05-28,86.98
2009-05-29,86.94
2009-05-30,86.94
2009-05-31,86.95
2009-06-01,86.92
2009-06-02,86.9
2009-06-03,86.9
2009-06-04,86.88
2009-06-05,86.9
2009-06-06,86.88
2009-06-07,86.86
2009-06-08,86.89
2009-06-09,86.9
2009-06-10,86.9
2009-06-11,86.9
2009-06-12,86.91
2009-06-13,86.9
2009-06-14,86.86
2009-06-15,86.86
2009-06-16,86.86
2009-06-17,86.86
2009-06-18,86.81
2009-06-19,86.82
2009-06-20,86.8
2009-06-21,86.8
2009-06-22,86.74
2009-06-23,86.73
2009-06-24,86.74
2009-06-25,86.73
2009-06-26,86.72
2009-06-27,86.72
2009-06-28,86.7
2009-06-29,86.71
2009-06-30,86.7
2009-07-01,86.77
2009-07-02,86.76
2009-07-03,86.77
2009-07-04,86.74
2009-07-05,86.72
2009-07-06,86.74
2009-07-07,86.72
2009-07-08,86.72
2009-07-09,86.72
2009-07-10,86.71
2009-07-11,86.72
2009-07-12,86.69
2009-07-13,86.68
2009-07-14,86.68
2009-07-15,86.66
2009-07-16,86.66
2009-07-17,86.65
2009-07-18,86.66
2009-07-19,86.64
2009-07-20,86.64
2009-07-21,86.62
2009-07-22,86.62
2009-07-23,86.62
2009-07-24,86.62
2009-07-25,86.6
2009-07-26,86.56
2009-07-27,86.54
2009-07-28,86.51
2009-07-29,86.48
2009-07-30,86.48
2009-07-31,86.44
2009-08-01,86.42
2009-08-02,86.42
2009-08-03,86.41
2009-08-04,86.42
2009-08-05,86.39
2009-08-06,86.39
2009-08-07,86.4
2009-08-08,86.4
2009-08-09,86.38
2009-08-10,86.33
2009-08-11,86.32
2009-08-12,86.32
2009-08-13,86.32
2009-08-14,86.34
2009-08-15,86.31
2009-08-16,86.3
2009-08-17,86.3
2009-08-18,86.3
2009-08-19,86.28
2009-08-20,86.27
2009-08-21,86.29
2009-08-22,86.28
2009-08-23,86.26
2009-08-24,86.22
2009-08-25,86.22
2009-08-26,86.22
2009-08-27,86.22
2009-08-28,86.22
2009-08-29,86.22
2009-08-30,86.22
2009-08-31,86.61
2009-09-01,86.61
2009-09-02,86.61
2009-09-03,86.1
2009-09-04,86.1
2009-09-05,86.1
2009-09-06,86.06
2009-09-07,86.04
2009-09-08,86.0
2009-09-09,85.97
2009-09-10,86.0
2009-09-11,85.98
2009-09-12,85.88
2009-09-13,85.89
2009-09-14,85.84
2009-09-15,85.84
2009-09-16,85.8
2009-09-17,85.76
2009-09-18,85.74
2009-09-19,85.72
2009-09-20,85.68
2009-09-21,85.63
2009-09-22,85.61
2009-09-23,85.58
2009-09-24,85.54
2009-09-25,85.56
2009-09-26,86.5
2009-09-27,85.49
2009-09-28,85.44
2009-09-29,85.42
2009-09-30,85.4
2009-10-01,85.36
2009-10-02,85.33
2009-10-03,85.33
2009-10-04,85.3
2009-10-05,85.32
2009-10-06,85.29
2009-10-07,85.28
2009-10-08,85.26
2009-10-09,85.23
2009-10-10,85.22
2009-10-11,85.18
2009-10-12,85.13
2009-10-13,85.1
2009-10-14,85.07
2009-10-15,85.04
2009-10-16,85.04
2009-10-17,84.98
2009-10-18,84.98
2009-10-19,84.94
2009-10-20,84.93
2009-10-21,84.91
2009-10-22,84.88
2009-10-23,84.9
2009-10-24,84.87
2009-10-25,84.84
2009-10-26,84.83
2009-10-27,84.82
2009-10-28,84.8
2009-10-29,84.78
2009-10-30,84.77
2009-10-31,84.77
2009-11-01,84.75
2009-11-02,84.76
2009-11-03,84.72
2009-11-04,84.71
2009-11-05,84.68
2009-11-06,84.7
2009-11-07,84.67
2009-11-08,84.63
2009-11-09,84.61
2009-11-10,84.61
2009-11-11,84.6
2009-11-12,84.61
2009-11-13,84.6
2009-11-14,84.62
2009-11-15,84.66
2009-11-16,84.66
2009-11-17,84.64
2009-11-18,84.6
2009-11-19,84.6
2009-11-20,84.6
2009-11-21,84.58
2009-11-22,84.57
2009-11-23,84.57
2009-11-24,84.56
2009-11-25,84.54
2009-11-26,84.54
2009-11-27,84.59
2009-11-28,84.68
2009-11-29,84.7
2009-11-30,84.73
2009-12-01,84.76
2009-12-02,84.78
2009-12-03,84.78
2009-12-04,84.85
2009-12-05,84.92
2009-12-06,84.94
2009-12-07,84.98
2009-12-08,85.05
2009-12-09,85.07
2009-12-10,85.08
2009-12-11,85.1
2009-12-12,85.1
2009-12-13,85.04
2009-12-14,85.09
2009-12-15,85.08
2009-12-16,85.08
2009-12-17,85.08
2009-12-18,85.08
2009-12-19,85.08
2009-12-20,85.1
2009-12-21,85.09
2009-12-22,85.1
2009-12-23,85.14
2009-12-24,85.25
2009-12-25,85.34
2009-12-26,85.38
2009-12-27,85.41
2009-12-28,85.66
2009-12-29,85.94
2009-12-30,86.06
2009-12-31,86.06
2010-01-01,86.17
2010-01-02,86.22
2010-01-03,86.24
2010-01-04,86.31
2010-01-05,86.36
2010-01-06,86.35
2010-01-07,86.35
2010-01-08,86.35
2010-01-09,86.35
2010-01-10,86.35
2010-01-11,86.35
2010-01-12,86.35
2010-01-13,86.35
2010-01-14,86.35
2010-01-15,86.35
2010-01-16,86.35
2010-01-17,86.35
2010-01-18,86.35
2010-01-19,86.35
2010-01-20,86.35
2010-01-21,86.35
2010-01-22,86.35
2010-01-23,86.35
2010-01-24,86.65
2010-01-25,86.85
2010-01-26,86.85
2010-01-27,86.85
2010-01-28,86.85
2010-01-29,86.85
2010-01-30,86.85
2010-01-31,86.85
2010-02-01,86.9
2010-02-02,86.95
2010-02-03,87.0
2010-02-04,87.05
2010-02-05,87.1
2010-02-06,87.15
2010-02-07,87.2
2010-02-08,87.24
2010-02-09,87.24
2010-02-10,87.24
2010-02-11,87.24
2010-02-12,87.24
2010-02-13,87.24
2010-02-14,87.24
2010-02-15,87.35
2010-02-16,87.35
2010-02-17,87.35
2010-02-18,87.35
2010-02-19,87.35
2010-02-20,87.35
2010-02-21,87.25
2010-02-22,87.25
2010-02-23,87.36
2010-02-24,87.36
2010-02-25,87.36
2010-02-26,87.36
2010-02-27,87.36
2010-02-28,87.36
2010-03-01,87.42
2010-03-02,87.42
2010-03-03,87.42
2010-03-04,87.42
2010-03-05,87.42
2010-03-06,87.3
2010-03-07,87.3
2010-03-08,87.3
2010-03-09,87.3
2010-03-10,87.3
2010-03-11,87.3
2010-03-12,87.3
2010-03-13,87.3
2010-03-14,87.3
2010-03-15,87.3
2010-03-16,87.42
2010-03-17,87.42
2010-03-18,87.42
2010-03-19,87.42
2010-03-20,87.42
2010-03-21,87.42
2010-03-22,87.42
2010-03-23,87.32
2010-03-24,87.32
2010-03-25,87.32
2010-03-26,87.32
2010-03-27,87.32
2010-03-28,87.32
2010-03-29,87.32
2010-03-30,87.32
2010-03-31,87.32
2010-04-01,87.3
2010-04-02,87.3
2010-04-03,87.3
2010-04-04,87.3
2010-04-05,87.3
2010-04-06,87.3
2010-04-07,87.3
2010-04-08,87.3
2010-04-09,87.3
2010-04-10,87.3
2010-04-11,87.3
2010-04-12,87.3
2010-04-13,87.3
2010-04-14,87.3
2010-04-15,87.3
2010-04-16,87.3
2010-04-17,87.3
2010-04-18,87.3
2010-04-19,87.28
2010-04-20,87.28
2010-04-21,87.28
2010-04-22,87.28
2010-04-23,87.28
2010-04-24,87.28
2010-04-25,87.28
2010-04-26,87.28
2010-04-27,87.28
2010-04-28,87.28
2010-04-29,87.28
2010-04-30,87.28
2010-05-01,87.17
2010-05-02,87.17
2010-05-03,87.18
2010-05-04,87.18
2010-05-05,87.18
2010-05-06,87.18
2010-05-07,87.17
2010-05-08,87.17
2010-05-09,87.17
2010-05-10,87.14
2010-05-11,87.14
2010-05-12,87.14
2010-05-13,87.14
2010-05-14,87.14
2010-05-15,87.14
2010-05-16,87.14
2010-05-17,87.12
2010-05-18,87.12
2010-05-19,87.12
2010-05-20,87.12
2010-05-21,87.12
2010-05-22,87.12
2010-05-23,87.12
2010-05-24,87.12
2010-05-25,87.12
2010-05-26,87.12
2010-05-27,87.04
2010-05-28,87.04
2010-05-29,87.04
2010-05-30,87.04
2010-05-31,87.04
2010-06-01,86.96
2010-06-02,86.96
2010-06-03,86.96
2010-06-04,86.96
2010-06-05,86.96
2010-06-06,86.9
2010-06-07,86.9
2010-06-08,86.9
2010-06-09,86.9
2010-06-10,86.9
2010-06-11,86.9
2010-06-12,86.9
2010-06-13,86.84
2010-06-14,86.84
2010-06-15,86.84
2010-06-16,86.83
2010-06-17,86.83
2010-06-18,86.83
2010-06-19,86.83
2010-06-20,86.73
2010-06-21,86.73
2010-06-22,86.73
2010-06-23,86.7
2010-06-24,86.7
2010-06-25,84.67
2010-06-26,86.65
2010-06-27,86.64
2010-06-28,86.64
2010-06-29,86.61
2010-06-30,86.57
2010-07-01,86.54
2010-07-02,86.5
2010-07-03,86.48
2010-07-04,86.44
2010-07-05,86.45
2010-07-06,86.45
2010-07-07,86.45
2010-07-08,86.45
2010-07-09,86.45
2010-07-10,86.38
2010-07-11,86.24
2010-07-12,86.24
2010-07-13,86.24
2010-07-14,86.24
2010-07-15,86.22
2010-07-16,86.22
2010-07-17,86.22
2010-07-18,86.22
2010-07-19,86.22
2010-07-20,86.13
2010-07-21,86.13
2010-07-22,86.13
2010-07-23,86.13
2010-07-24,86.13
2010-07-25,86.13
2010-07-26,86.13
2010-07-27,86.05
2010-07-28,86.06
2010-07-29,86.06
2010-07-30,86.06
2010-07-31,86.06
2010-08-01,86.06
2010-08-02,86.06
2010-08-03,86.06
2010-08-04,86.06
2010-08-05,85.9
2010-08-06,85.9
2010-08-07,85.9
2010-08-08,85.9
2010-08-09,85.9
2010-08-10,85.82
2010-08-11,85.8
2010-08-12,85.8
2010-08-13,85.8
2010-08-14,85.8
2010-08-15,85.8
2010-08-16,85.75
2010-08-17,85.68
2010-08-18,85.68
2010-08-19,85.65
2010-08-20,85.65
2010-08-21,85.64
2010-08-22,85.6
2010-08-23,85.56
2010-08-24,85.55
2010-08-25,85.55
2010-08-26,85.54
2010-08-27,85.54
2010-08-28,85.5
2010-08-29,85.44
2010-08-30,85.38
2010-08-31,85.36
2010-09-01,85.33
2010-09-02,85.33
2010-09-03,85.28
2010-09-04,85.26
2010-09-05,85.22
2010-09-06,85.19
2010-09-07,85.17
2010-09-08,85.17
2010-09-09,85.14
2010-09-10,85.14
2010-09-11,85.13
2010-09-12,85.06
2010-09-13,85.0
2010-09-14,84.97
2010-09-15,84.96
2010-09-16,84.92
2010-09-17,84.88
2010-09-18,84.86
2010-09-19,84.82
2010-09-20,84.81
2010-09-21,84.77
2010-09-22,84.76
2010-09-23,84.76
2010-09-24,84.68
2010-09-25,84.64
2010-09-26,84.61
2010-09-27,84.58
2010-09-28,84.58
2010-09-29,84.53
2010-09-30,84.52
2010-10-01,84.54
2010-10-02,84.52
2010-10-03,84.5
2010-10-04,84.54
2010-10-05,84.54
2010-10-06,84.53
2010-10-07,84.56
2010-10-08,84.56
2010-10-09,84.55
2010-10-10,84.51
2010-10-11,84.48
2010-10-12,84.44
2010-10-13,84.42
2010-10-14,84.38
2010-10-15,84.36
2010-10-16,84.32
2010-10-17,84.29
2010-10-18,84.27
2010-10-19,84.22
2010-10-20,84.17
2010-10-21,84.14
2010-10-22,84.12
2010-10-23,84.14
2010-10-24,84.05
2010-10-25,84.0
2010-10-26,83.99
2010-10-27,83.99
2010-10-28,83.93
2010-10-29,83.92
2010-10-30,83.9
2010-10-31,83.88
2010-11-01,83.88
2010-11-02,83.84
2010-11-03,83.82
2010-11-04,83.82
2010-11-05,83.78
2010-11-06,83.76
2010-11-07,83.76
2010-11-08,83.79
2010-11-09,83.78
2010-11-10,83.8
2010-11-11,83.82
2010-11-12,83.88
2010-11-13,84.19
2010-11-14,84.28
2010-11-15,84.3
2010-11-16,84.34
2010-11-17,84.34
2010-11-18,84.32
2010-11-19,84.34
2010-11-20,84.33
2010-11-21,84.31
2010-11-22,84.22
2010-11-23,84.26
2010-11-24,84.22
2010-11-25,84.18
2010-11-26,84.18
2010-11-27,84.17
2010-11-28,84.14
2010-11-29,84.11
2010-11-30,84.1
2010-12-01,84.14
2010-12-02,84.14
2010-12-03,84.18
2010-12-04,84.27
2010-12-05,84.33
2010-12-06,84.38
2010-12-07,84.46
2010-12-08,84.5
2010-12-09,84.54
2010-12-10,84.61
2010-12-11,84.65
2010-12-12,84.64
2010-12-13,84.7
2010-12-14,84.74
2010-12-15,84.78
2010-12-16,84.78
2010-12-17,84.8
2010-12-18,84.9
2010-12-19,85.08
2010-12-20,85.36
2010-12-21,85.48
2010-12-22,85.56
2010-12-23,85.6
2010-12-24,85.68
2010-12-25,85.68
2010-12-26,85.66
2010-12-27,85.7
2010-12-28,85.73
2010-12-29,85.76
2010-12-30,85.8
2010-12-31,85.8
2011-01-01,85.86
2011-01-02,85.86
2011-01-03,85.94
2011-01-04,85.92
2011-01-05,86.06
2011-01-06,86.2
2011-01-07,86.42
2011-01-08,86.6
2011-01-09,86.64
2011-01-10,86.74
2011-01-11,86.74
2011-01-12,86.74
2011-01-13,86.74
2011-01-14,86.73
2011-01-15,86.72
2011-01-16,86.7
2011-01-17,86.68
2011-01-18,86.68
2011-01-19,86.68
2011-01-20,86.69
2011-01-21,86.69
2011-01-22,86.69
2011-01-23,86.7
2011-01-24,86.7
2011-01-25,86.7
2011-01-26,86.7
2011-01-27,86.76
2011-01-28,86.84
2011-01-29,86.9
2011-01-30,86.96
2011-01-31,87.0
2011-02-01,87.03
2011-02-02,87.03
2011-02-03,87.03
2011-02-04,87.03
2011-02-05,87.03
2011-02-06,87.03
2011-02-07,87.03
2011-02-08,86.98
2011-02-09,86.98
2011-02-10,86.98
2011-02-11,87.0
2011-02-12,86.98
2011-02-13,86.96
2011-02-14,86.98
2011-02-15,87.04
2011-02-16,87.09
2011-02-17,87.08
2011-02-18,87.18
2011-02-19,87.24
2011-02-20,87.26
2011-02-21,87.29
2011-02-22,87.32
2011-02-23,87.34
2011-02-24,87.34
2011-02-25,87.37
2011-02-26,87.33
2011-02-27,87.38
2011-02-28,87.36
2011-03-01,87.34
2011-03-02,87.36
2011-03-03,87.3
2011-03-04,87.32
2011-03-05,87.36
2011-03-06,87.36
2011-03-07,87.28
2011-03-08,87.32
2011-03-09,87.3
2011-03-10,87.32
2011-03-11,87.32
2011-03-12,87.32
2011-03-13,87.28
2011-03-14,87.28
2011-03-15,87.26
2011-03-16,87.26
2011-03-17,87.24
2011-03-18,87.21
2011-03-19,87.22
2011-03-20,87.18
2011-03-21,87.18
2011-03-22,87.19
2011-03-23,87.16
2011-03-24,87.15
2011-03-25,87.19
2011-03-26,87.16
2011-03-27,87.14
2011-03-28,87.14
2011-03-29,87.14
2011-03-30,87.16
2011-03-31,87.16
2011-04-01,87.17
2011-04-02,87.18
2011-04-03,87.15
2011-04-04,87.14
2011-04-05,87.17
2011-04-06,87.15
2011-04-07,87.14
2011-04-08,87.17
2011-04-09,87.15
2011-04-10,87.14
2011-04-11,87.14
2011-04-12,87.1
2011-04-13,87.18
2011-04-14,87.12
2011-04-15,87.17
2011-04-16,87.16
2011-04-17,87.09
2011-04-18,87.03
2011-04-19,87.04
2011-04-20,87.03
2011-04-21,87.04
2011-04-22,87.05
2011-04-23,87.04
2011-04-24,87.04
2011-04-25,87.0
2011-04-26,87.03
2011-04-27,87.01
2011-04-28,87.0
2011-04-29,87.02
2011-04-30,87.02
2011-05-01,87.01
2011-05-02,87.02
2011-05-03,87.04
2011-05-04,87.02
2011-05-05,87.01
2011-05-06,87.0
2011-05-07,87.01
2011-05-08,87.0
2011-05-09,86.97
2011-05-10,86.97
2011-05-11,86.95
2011-05-12,86.93
2011-05-13,86.93
2011-05-14,86.93
2011-05-15,86.89
2011-05-16,86.89
2011-05-17,86.63
2011-05-18,86.84
2011-05-19,86.81
2011-05-20,86.8
2011-05-21,86.79
2011-05-22,86.78
2011-05-23,86.72
2011-05-24,86.68
2011-05-25,86.66
2011-05-26,86.64
2011-05-27,86.63
2011-05-28,86.64
2011-05-29,86.64
2011-05-30,86.6
2011-05-31,86.58
2011-06-01,86.58
2011-06-02,86.58
2011-06-03,86.59
2011-06-04,86.59
2011-06-05,86.52
2011-06-06,86.52
2011-06-07,86.5
2011-06-08,86.48
2011-06-09,84.46
2011-06-10,86.46
2011-06-11,86.44
2011-06-12,86.44
2011-06-13,86.46
2011-06-14,86.43
2011-06-15,86.41
2011-06-16,86.4
2011-06-17,86.38
2011-06-18,86.38
2011-06-19,86.36
2011-06-20,86.36
2011-06-21,86.35
2011-06-22,86.33
2011-06-23,86.32
2011-06-24,86.34
2011-06-25,86.34
2011-06-26,86.32
2011-06-27,86.26
2011-06-28,86.22
2011-06-29,86.2
2011-06-30,86.18
2011-07-01,86.17
2011-07-02,86.14
2011-07-03,86.13
2011-07-04,86.14
2011-07-05,86.11
2011-07-06,86.08
2011-07-07,86.06
2011-07-08,86.06
2011-07-09,86.07
2011-07-10,86.05
2011-07-11,86.04
2011-07-12,86.04
2011-07-13,86.04
2011-07-14,86.02
2011-07-15,86.02
2011-07-16,86.02
2011-07-17,86.0
2011-07-18,86.0
2011-07-19,86.0
2011-07-20,86.0
2011-07-21,86.0
2011-07-22,86.0
2011-07-23,85.99
2011-07-24,85.98
2011-07-25,85.98
2011-07-26,85.98
2011-07-27,87.98
2011-07-28,85.98
2011-07-29,86.0
2011-07-30,85.98
2011-07-31,85.96
2011-08-01,85.94
2011-08-02,85.93
2011-08-03,85.91
2011-08-04,85.92
2011-08-05,85.92
2011-08-06,85.94
2011-08-07,85.92
2011-08-08,85.93
2011-08-09,85.92
2011-08-10,85.92
2011-08-11,85.92
2011-08-12,85.93
2011-08-13,85.92
2011-08-14,85.93
2011-08-15,85.94
2011-08-16,85.94
2011-08-17,85.9
2011-08-18,85.88
2011-08-19,85.86
2011-08-20,85.85
2011-08-21,85.82
2011-08-22,85.82
2011-08-23,85.8
2011-08-24,85.77
2011-08-25,85.78
2011-08-26,85.84
2011-08-27,85.83
2011-08-28,85.82
2011-08-29,85.78
2011-08-30,85.76
2011-08-31,85.78
2011-09-01,85.74
2011-09-02,85.74
2011-09-03,85.7
2011-09-04,85.78
2011-09-05,85.67
2011-09-06,85.66
2011-09-07,85.65
2011-09-08,85.62
2011-09-09,85.62
2011-09-10,85.6
2011-09-11,85.58
2011-09-12,85.57
2011-09-13,85.55
2011-09-14,85.51
2011-09-15,85.5
2011-09-16,85.48
2011-09-17,85.47
2011-09-18,85.47
2011-09-19,85.4
2011-09-20,85.37
2011-09-21,85.33
2011-09-22,85.3
2011-09-23,85.28
2011-09-24,85.27
2011-09-25,85.26
2011-09-26,85.25
2011-09-27,85.22
2011-09-28,85.2
2011-09-29,85.19
2011-09-30,85.16
2011-10-01,85.14
2011-10-02,85.13
2011-10-03,85.12
2011-10-04,85.1
2011-10-05,85.06
2011-10-06,85.02
2011-10-07,85.0
2011-10-08,84.98
2011-10-09,84.96
2011-10-10,84.94
2011-10-11,84.91
2011-10-12,84.88
2011-10-13,84.88
2011-10-14,84.83
2011-10-15,84.82
2011-10-16,84.8
2011-10-17,84.77
2011-10-18,84.74
2011-10-19,84.72
2011-10-20,84.68
2011-10-21,84.64
2011-10-22,84.64
2011-10-23,84.62
2011-10-24,84.6
2011-10-25,84.54
2011-10-26,84.56
2011-10-27,84.54
2011-10-28,84.52
2011-10-29,84.5
2011-10-30,84.48
2011-10-31,84.46
2011-11-01,84.37
2011-11-02,84.44
2011-11-03,84.36
2011-11-04,84.34
2011-11-05,84.32
2011-11-06,84.29
2011-11-07,84.28
2011-11-08,84.24
2011-11-09,84.22
2011-11-10,84.22
2011-11-11,84.17
2011-11-12,84.12
2011-11-13,84.1
2011-11-14,84.08
2011-11-15,84.01
2011-11-16,84.0
2011-11-17,83.97
2011-11-18,83.94
2011-11-19,83.9
2011-11-20,83.88
2011-11-21,83.86
2011-11-22,83.84
2011-11-23,83.76
2011-11-24,83.75
2011-11-25,83.68
2011-11-26,83.68
2011-11-27,83.64
2011-11-28,83.59
2011-11-29,83.54
2011-11-30,83.54
2011-12-01,83.5
2011-12-02,83.5
2011-12-03,83.48
2011-12-04,83.43
2011-12-05,83.4
2011-12-06,83.38
2011-12-07,83.34
2011-12-08,83.32
2011-12-09,83.26
2011-12-10,83.22
2011-12-11,83.22
2011-12-12,83.22
2011-12-13,83.2
2011-12-14,83.2
2011-12-15,83.34
2011-12-16,83.38
2011-12-17,83.37
2011-12-18,83.38
2011-12-19,83.42
2011-12-20,83.46
2011-12-21,83.5
2011-12-22,83.52
2011-12-23,83.52
2011-12-24,83.54
2011-12-25,83.52
2011-12-26,83.48
2011-12-27,83.54
2011-12-28,83.5
2011-12-29,83.54
2011-12-30,83.56
2011-12-31,83.56
2012-01-01,83.55
2012-01-02,83.6
2012-01-03,83.58
2012-01-04,83.61
2012-01-05,83.64
2012-01-06,83.63
2012-01-07,83.64
2012-01-08,83.65
2012-01-09,83.64
2012-01-10,83.66
2012-01-11,83.68
2012-01-12,83.72
2012-01-13,83.66
2012-01-14,83.66
2012-01-15,83.66
2012-01-16,83.68
2012-01-17,83.72
2012-01-18,83.77
2012-01-19,83.76
2012-01-20,83.78
2012-01-21,83.78
2012-01-22,83.78
2012-01-23,83.76
2012-01-24,83.78
2012-01-25,83.78
2012-01-26,83.76
2012-01-27,83.82
2012-01-28,83.86
2012-01-29,83.8
2012-01-30,83.84
2012-01-31,83.86
2012-02-01,83.87
2012-02-02,83.87
2012-02-03,83.91
2012-02-04,83.98
2012-02-05,83.98
2012-02-06,84.04
2012-02-07,84.06
2012-02-08,84.12
2012-02-09,84.18
2012-02-10,84.28
2012-02-11,84.26
2012-02-12,84.36
2012-02-13,84.41
2012-02-14,84.47
2012-02-15,84.5
2012-02-16,84.54
2012-02-17,84.6
2012-02-18,84.62
2012-02-19,84.64
2012-02-20,84.72
2012-02-21,84.74
2012-02-22,84.84
2012-02-23,84.88
2012-02-24,84.92
2012-02-25,84.94
2012-02-26,84.98
2012-02-27,85.04
2012-02-28,85.05
2012-02-29,85.1
2012-03-01,85.14
2012-03-02,85.2
2012-03-03,85.24
2012-03-04,85.26
2012-03-05,85.36
2012-03-06,85.39
2012-03-07,85.4
2012-03-08,85.42
2012-03-09,85.5
2012-03-10,85.54
2012-03-11,85.56
2012-03-12,85.6
2012-03-13,85.66
2012-03-14,85.68
2012-03-15,85.73
2012-03-16,85.77
2012-03-17,85.82
2012-03-18,85.87
2012-03-19,85.92
2012-03-20,85.96
2012-03-21,86.04
2012-03-22,86.05
2012-03-23,86.12
2012-03-24,86.14
2012-03-25,86.19
2012-03-26,86.21
2012-03-27,86.24
2012-03-28,86.28
2012-03-29,86.3
2012-03-30,86.3
2012-03-31,86.32
2012-04-01,86.33
2012-04-02,86.36
2012-04-03,86.38
2012-04-04,86.38
2012-04-05,86.4
2012-04-06,86.38
2012-04-07,86.41
2012-04-08,86.41
2012-04-09,86.42
2012-04-10,86.41
2012-04-11,86.42
2012-04-12,86.42
2012-04-13,86.44
2012-04-14,86.46
2012-04-15,86.47
2012-04-16,86.51
2012-04-17,86.52
2012-04-18,86.52
2012-04-19,86.54
2012-04-20,86.54
2012-04-21,86.53
2012-04-22,86.52
2012-04-23,86.56
2012-04-24,86.6
2012-04-25,86.7
2012-04-26,86.79
2012-04-27,86.82
2012-04-28,86.86
2012-04-29,86.95
2012-04-30,86.97
2012-05-01,87.0
2012-05-02,87.0
2012-05-03,87.0
2012-05-04,87.0
2012-05-05,87.01
2012-05-06,87.01
2012-05-07,87.04
2012-05-08,87.03
2012-05-09,87.07
2012-05-10,87.06
2012-05-11,87.04
2012-05-12,87.0
2012-05-13,86.98
2012-05-14,86.93
2012-05-15,86.9
2012-05-16,86.88
2012-05-17,86.87
2012-05-18,86.86
2012-05-19,86.84
2012-05-20,86.85
2012-05-21,86.84
2012-05-22,86.84
2012-05-23,86.81
2012-05-24,86.82
2012-05-25,86.8
2012-05-26,86.76
2012-05-27,86.74
2012-05-28,86.72
2012-05-29,86.7
2012-05-30,86.68
2012-05-31,86.62
2012-06-01,86.6
2012-06-02,86.57
2012-06-03,86.54
2012-06-04,86.48
2012-06-05,86.48
2012-06-06,86.46
2012-06-07,86.47
2012-06-08,86.44
2012-06-09,86.42
2012-06-10,86.41
2012-06-11,86.4
2012-06-12,86.39
2012-06-13,86.36
2012-06-14,86.36
2012-06-15,86.34
2012-06-16,86.32
2012-06-17,86.3
2012-06-18,86.3
2012-06-19,86.32
2012-06-20,86.27
2012-06-21,86.26
2012-06-22,86.24
2012-06-23,86.22
2012-06-24,86.21
2012-06-25,86.21
2012-06-26,86.21
2012-06-27,86.2
2012-06-28,86.16
2012-06-29,86.12
2012-06-30,86.08
2012-07-01,86.07
2012-07-02,86.06
2012-07-03,86.06
2012-07-04,86.04
2012-07-05,86.04
2012-07-06,86.04
2012-07-07,86.04
2012-07-08,86.04
2012-07-09,86.03
2012-07-10,86.0
2012-07-11,86.0
2012-07-12,85.99
2012-07-13,85.98
2012-07-14,85.98
2012-07-15,85.98
2012-07-16,85.99
2012-07-17,85.92
2012-07-18,85.92
2012-07-19,85.93
2012-07-20,85.91
2012-07-21,85.91
2012-07-22,85.9
2012-07-23,85.9
2012-07-24,85.88
2012-07-25,85.88
2012-07-26,85.88
2012-07-27,85.81
2012-07-28,85.77
2012-07-29,85.76
2012-07-30,85.76
2012-07-31,85.75
2012-08-01,85.72
2012-08-02,85.72
2012-08-03,85.69
2012-08-04,85.69
2012-08-05,85.66
2012-08-06,85.65
2012-08-07,85.66
2012-08-08,85.62
2012-08-09,85.6
2012-08-10,85.58
2012-08-11,85.56
2012-08-12,85.54
2012-08-13,85.52
2012-08-14,85.51
2012-08-15,85.48
2012-08-16,85.48
2012-08-17,85.44
2012-08-18,85.43
2012-08-19,85.4
2012-08-20,85.39
2012-08-21,85.36
2012-08-22,85.34
2012-08-23,85.32
2012-08-24,85.3
2012-08-25,85.26
2012-08-26,85.27
2012-08-27,85.24
2012-08-28,85.21
2012-08-29,85.18
2012-08-30,85.16
2012-08-31,85.12
2012-09-01,85.1
2012-09-02,85.09
2012-09-03,85.06
2012-09-04,85.04
2012-09-05,84.98
2012-09-06,84.96
2012-09-07,84.92
2012-09-08,84.91
2012-09-09,84.89
2012-09-10,84.88
2012-09-11,84.84
2012-09-12,84.84
2012-09-13,84.79
2012-09-14,84.78
2012-09-15,84.76
2012-09-16,84.72
2012-09-17,84.72
2012-09-18,84.66
2012-09-19,84.62
2012-09-20,84.59
2012-09-21,84.59
2012-09-22,84.56
2012-09-23,84.56
2012-09-24,84.53
2012-09-25,84.5
2012-09-26,84.48
2012-09-27,84.44
2012-09-28,84.4
2012-09-29,84.38
2012-09-30,84.34
2012-10-01,84.34
2012-10-02,84.31
2012-10-03,84.28
2012-10-04,84.28
2012-10-05,84.22
2012-10-06,84.24
2012-10-07,84.22
2012-10-08,84.22
2012-10-09,84.08
2012-10-10,84.06
2012-10-11,84.05
2012-10-12,84.02
2012-10-13,84.02
2012-10-14,83.99
2012-10-15,83.97
2012-10-16,83.98
2012-10-17,84.0
2012-10-18,84.02
2012-10-19,84.04
2012-10-20,84.06
2012-10-21,84.06
2012-10-22,84.04
2012-10-23,84.04
2012-10-24,84.0
2012-10-25,83.99
2012-10-26,83.94
2012-10-27,83.92
2012-10-28,83.9
2012-10-29,83.9
2012-10-30,83.9
2012-10-31,83.9
2012-11-01,83.88
2012-11-02,83.89
2012-11-03,83.92
2012-11-04,83.92
2012-11-05,83.93
2012-11-06,83.96
2012-11-07,83.97
2012-11-08,83.94
2012-11-09,83.98
2012-11-10,83.96
2012-11-11,83.97
2012-11-12,84.04
2012-11-13,84.03
2012-11-14,84.02
2012-11-15,84.01
2012-11-16,84.02
2012-11-17,84.02
2012-11-18,84.01
2012-11-19,84.0
2012-11-20,84.0
2012-11-21,83.98
2012-11-22,83.94
2012-11-23,84.09
2012-11-24,84.18
2012-11-25,84.26
2012-11-26,84.28
2012-11-27,84.34
2012-11-28,84.36
2012-11-29,84.36
2012-11-30,84.37
2012-12-01,84.42
2012-12-02,84.45
2012-12-03,84.48
2012-12-04,84.52
2012-12-05,84.56
2012-12-06,84.66
2012-12-07,84.76
2012-12-08,84.82
2012-12-09,84.88
2012-12-10,84.9
2012-12-11,84.92
2012-12-12,84.96
2012-12-13,85.06
2012-12-14,85.25
2012-12-15,85.4
2012-12-16,85.54
2012-12-17,85.64
2012-12-18,85.72
2012-12-19,86.1
2012-12-20,86.36
2012-12-21,86.53
2012-12-22,86.69
2012-12-23,86.76
2012-12-24,86.87
2012-12-25,86.92
2012-12-26,87.0
2012-12-27,87.05
2012-12-28,87.1
2012-12-29,87.11
2012-12-30,87.16
2012-12-31,87.26
2013-01-01,87.24
2013-01-02,87.4
2013-01-03,87.4
2013-01-04,87.39
2013-01-05,87.36
2013-01-06,87.36
2013-01-07,87.35
2013-01-08,87.35
2013-01-09,87.36
2013-01-10,87.34
2013-01-11,87.35
2013-01-12,87.34
2013-01-13,87.35
2013-01-14,87.36
2013-01-15,87.36
2013-01-16,87.34
2013-01-17,87.34
2013-01-18,87.35
2013-01-19,87.36
2013-01-20,87.36
2013-01-21,87.4
2013-01-22,87.4
2013-01-23,87.4
2013-01-24,87.34
2013-01-25,87.41
2013-01-26,87.44
2013-01-27,87.42
2013-01-28,87.42
2013-01-29,87.44
2013-01-30,87.43
2013-01-31,87.4
2013-02-01,87.43
2013-02-02,87.38
2013-02-03,87.4
2013-02-04,87.37
2013-02-05,87.37
2013-02-06,87.36
2013-02-07,87.38
2013-02-08,87.36
2013-02-09,87.38
2013-02-10,87.42
2013-02-11,87.4
2013-02-12,87.34
2013-02-13,87.35
2013-02-14,87.32
2013-02-15,87.32
2013-02-16,87.32
2013-02-17,87.29
2013-02-18,87.29
2013-02-19,87.3
2013-02-20,87.28
2013-02-21,87.26
2013-02-22,87.26
2013-02-23,87.28
2013-02-24,87.3
2013-02-25,87.36
2013-02-26,87.35
2013-02-27,87.35
2013-02-28,87.34
2013-03-01,87.36
2013-03-02,87.34
2013-03-03,87.34
2013-03-04,87.32
2013-03-05,87.33
2013-03-06,87.32
2013-03-07,87.36
2013-03-08,87.36
2013-03-09,87.36
2013-03-10,87.38
2013-03-11,87.42
2013-03-12,87.4
2013-03-13,87.38
2013-03-14,87.35
2013-03-15,87.38
2013-03-16,87.42
2013-03-17,87.4
2013-03-18,87.38
2013-03-19,87.38
2013-03-20,87.39
2013-03-21,87.4
2013-03-22,87.39
2013-03-23,87.38
2013-03-24,87.36
2013-03-25,87.36
2013-03-26,87.36
2013-03-27,87.3
2013-03-28,87.3
2013-03-29,87.32
2013-03-30,87.28
2013-03-31,87.3
2013-04-01,87.29
2013-04-02,87.29
2013-04-03,87.3
2013-04-04,87.3
2013-04-05,87.32
2013-04-06,87.3
2013-04-07,87.32
2013-04-08,87.35
2013-04-09,87.36
2013-04-10,87.44
2013-04-11,87.42
2013-04-12,87.39
2013-04-13,87.4
2013-04-14,87.38
2013-04-15,87.36
2013-04-16,87.34
2013-04-17,87.34
2013-04-18,87.3
2013-04-19,87.28
2013-04-20,87.28
2013-04-21,87.3
2013-04-22,87.3
2013-04-23,87.29
2013-04-24,87.3
2013-04-25,87.3
2013-04-26,87.25
2013-04-27,87.23
2013-04-28,87.24
2013-04-29,87.24
2013-04-30,87.25
2013-05-01,87.24
2013-05-02,87.24
2013-05-03,87.24
2013-05-04,87.25
2013-05-05,87.24
2013-05-06,87.26
2013-05-07,87.2
2013-05-08,87.18
2013-05-09,87.18
2013-05-10,87.18
2013-05-11,87.17
2013-05-12,87.18
2013-05-13,87.18
2013-05-14,87.16
2013-05-15,87.14
2013-05-16,87.14
2013-05-17,87.14
2013-05-18,87.12
2013-05-19,87.22
2013-05-20,87.13
2013-05-21,87.1
2013-05-22,87.08
2013-05-23,87.04
2013-05-24,87.04
2013-05-25,87.02
2013-05-26,87.01
2013-05-27,86.98
2013-05-28,86.97
2013-05-29,86.98
2013-05-30,86.97
2013-05-31,86.97
2013-06-01,86.94
2013-06-02,86.92
2013-06-03,86.9
2013-06-04,86.88
2013-06-05,86.87
2013-06-06,86.88
2013-06-07,86.88
2013-06-08,86.88
2013-06-09,86.88
2013-06-10,86.88
2013-06-11,86.88
2013-06-12,86.86
2013-06-13,86.85
2013-06-14,86.82
2013-06-15,86.82
2013-06-16,86.81
2013-06-17,86.76
2013-06-18,86.77
2013-06-19,86.75
2013-06-20,86.76
2013-06-21,86.76
2013-06-22,86.73
2013-06-23,86.73
2013-06-24,86.72
2013-06-25,86.71
2013-06-26,86.7
2013-06-27,86.7
2013-06-28,86.68
2013-06-29,86.68
2013-06-30,86.66
2013-07-01,86.66
2013-07-02,86.64
2013-07-03,86.64
2013-07-04,86.61
2013-07-05,86.6
2013-07-06,86.6
2013-07-07,86.61
2013-07-08,86.56
2013-07-09,86.54
2013-07-10,86.51
2013-07-11,86.48
2013-07-12,86.48
2013-07-13,86.46
2013-07-14,86.44
2013-07-15,86.4
2013-07-16,86.38
2013-07-17,86.37
2013-07-18,86.36
2013-07-19,86.35
2013-07-20,86.34
2013-07-21,86.32
2013-07-22,86.28
2013-07-23,86.26
2013-07-24,86.24
2013-07-25,86.22
2013-07-26,86.2
2013-07-27,86.22
2013-07-28,86.22
2013-07-29,86.22
2013-07-30,86.22
2013-07-31,86.22
2013-08-01,86.19
2013-08-02,86.18
2013-08-03,86.16
2013-08-04,86.14
2013-08-05,86.14
2013-08-06,86.14
2013-08-07,86.14
2013-08-08,86.12
2013-08-09,86.1
2013-08-10,86.1
2013-08-11,86.1
2013-08-12,86.1
2013-08-13,86.08
2013-08-14,86.06
2013-08-15,86.06
2013-08-16,86.05
2013-08-17,86.04
2013-08-18,86.03
2013-08-19,86.03
2013-08-20,86.1
2013-08-21,86.1
2013-08-22,86.1
2013-08-23,86.08
2013-08-24,86.08
2013-08-25,86.08
2013-08-26,86.06
2013-08-27,86.05
2013-08-28,86.03
2013-08-29,86.03
2013-08-30,86.04
2013-08-31,85.98
2013-09-01,85.97
2013-09-02,85.87
2013-09-03,85.88
2013-09-04,85.84
2013-09-05,85.82
2013-09-06,85.78
2013-09-07,85.76
2013-09-08,85.76
2013-09-09,85.74
2013-09-10,85.73
2013-09-11,85.72
2013-09-12,85.72
2013-09-13,85.68
2013-09-14,85.68
2013-09-15,85.66
2013-09-16,85.66
2013-09-17,85.66
2013-09-18,85.62
2013-09-19,85.61
2013-09-20,85.58
2013-09-21,85.59
2013-09-22,85.59
2013-09-23,85.56
2013-09-24,85.54
2013-09-25,85.54
2013-09-26,85.5
2013-09-27,85.48
2013-09-28,85.47
2013-09-29,85.43
2013-09-30,85.42
2013-10-01,85.39
2013-10-02,85.36
2013-10-03,85.35
2013-10-04,85.3
2013-10-05,85.3
2013-10-06,85.28
2013-10-07,85.22
2013-10-08,85.24
2013-10-09,85.19
2013-10-10,85.16
2013-10-11,85.14
2013-10-12,85.14
2013-10-13,85.15
2013-10-14,85.14
2013-10-15,85.14
2013-10-16,85.12
2013-10-17,85.1
2013-10-18,85.11
2013-10-19,85.12
2013-10-20,85.12
2013-10-21,85.11
2013-10-22,85.1
2013-10-23,85.09
2013-10-24,85.1
2013-10-25,85.08
2013-10-26,85.09
2013-10-27,85.14
2013-10-28,85.16
2013-10-29,85.16
2013-10-30,85.14
2013-10-31,85.14
2013-11-01,85.2
2013-11-02,85.2
2013-11-03,85.22
2013-11-04,85.2
2013-11-05,85.2
2013-11-06,85.18
2013-11-07,85.18
2013-11-08,85.19
2013-11-09,85.24
2013-11-10,85.24
2013-11-11,85.37
2013-11-12,85.38
2013-11-13,85.42
2013-11-14,85.4
2013-11-15,85.4
2013-11-16,85.4
2013-11-17,85.41
2013-11-18,85.42
2013-11-19,85.4
2013-11-20,85.46
2013-11-21,85.52
2013-11-22,85.54
2013-11-23,85.54
2013-11-24,85.56
2013-11-25,85.54
2013-11-26,85.52
2013-11-27,85.47
2013-11-28,85.46
2013-11-29,85.46
2013-11-30,85.4
2013-12-01,85.4
2013-12-02,85.38
2013-12-03,85.34
2013-12-04,85.28
2013-12-05,85.29
2013-12-06,85.22
2013-12-07,85.18
2013-12-08,85.16
2013-12-09,85.12
2013-12-10,85.1
2013-12-11,85.1
2013-12-12,85.1
2013-12-13,85.08
2013-12-14,85.09
2013-12-15,85.06
2013-12-16,85.04
2013-12-17,85.02
2013-12-18,85.04
2013-12-19,85.01
2013-12-20,85.06
2013-12-21,85.1
2013-12-22,85.1
2013-12-23,85.52
2013-12-24,85.94
2013-12-25,86.05
2013-12-26,86.15
2013-12-27,86.35
2013-12-28,86.46
2013-12-29,86.54
2013-12-30,86.6
2013-12-31,86.66
2014-01-01,87.01
2014-01-02,87.14
2014-01-03,87.21
2014-01-04,87.22
2014-01-05,87.28
2014-01-06,87.25
2014-01-07,87.38
2014-01-08,87.36
2014-01-09,87.32
2014-01-10,87.34
2014-01-11,87.34
2014-01-12,87.34
2014-01-13,87.32
2014-01-14,87.36
2014-01-15,87.36
2014-01-16,87.41
2014-01-17,87.43
2014-01-18,87.4
2014-01-19,87.34
2014-01-20,87.33
2014-01-21,87.36
2014-01-22,87.33
2014-01-23,87.36
2014-01-24,87.41
2014-01-25,87.38
2014-01-26,87.36
2014-01-27,87.36
2014-01-28,87.34
2014-01-29,87.34
2014-01-30,87.32
2014-01-31,87.44
2014-02-01,87.39
2014-02-02,87.36
2014-02-03,87.34
2014-02-04,87.41
2014-02-05,87.4
2014-02-06,87.44
2014-02-07,87.41
2014-02-08,87.41
2014-02-09,87.39
2014-02-10,87.36
2014-02-11,87.38
2014-02-12,87.44
2014-02-13,87.4
2014-02-14,87.46
2014-02-15,87.4
2014-02-16,87.41
2014-02-17,87.41
2014-02-18,87.41
2014-02-19,87.41
2014-02-20,87.41
2014-02-21,87.41
2014-02-22,87.41
2014-02-23,87.41
2014-02-24,87.41
2014-02-25,87.41
2014-02-26,87.41
2014-02-27,87.39
2014-02-28,87.39
2014-03-01,87.39
2014-03-02,87.39
2014-03-03,87.39
2014-03-04,87.4
2014-03-05,87.36
2014-03-06,87.35
2014-03-07,87.35
2014-03-08,87.36
2014-03-09,87.35
2014-03-10,87.34
2014-03-11,87.34
2014-03-12,87.32
2014-03-13,87.32
2014-03-14,87.32
2014-03-15,87.33
2014-03-16,87.33
2014-03-17,87.33
2014-03-18,87.31
2014-03-19,87.32
2014-03-20,87.3
2014-03-21,87.3
2014-03-22,87.3
2014-03-23,87.28
2014-03-24,87.32
2014-03-25,87.32
2014-03-26,87.29
2014-03-27,87.3
2014-03-28,87.32
2014-03-29,87.32
2014-03-30,87.32
2014-03-31,87.29
2014-04-01,87.32
2014-04-02,87.31
2014-04-03,87.29
2014-04-04,87.29
2014-04-05,87.32
2014-04-06,87.32
2014-04-07,87.32
2014-04-08,87.3
2014-04-09,87.3
2014-04-10,87.3
2014-04-11,87.28
2014-04-12,87.28
2014-04-13,87.26
2014-04-14,87.24
2014-04-15,87.22
2014-04-16,87.23
2014-04-17,87.24
2014-04-18,87.18
2014-04-19,87.18
2014-04-20,87.18
2014-04-21,87.2
2014-04-22,87.18
2014-04-23,87.14
2014-04-24,87.16
2014-04-25,87.13
2014-04-26,87.14
2014-04-27,87.14
2014-04-28,87.14
2014-04-29,87.12
2014-04-30,87.14
2014-05-01,87.14
2014-05-02,87.12
2014-05-03,87.1
2014-05-04,87.1
2014-05-05,87.08
2014-05-06,87.08
2014-05-07,87.07
2014-05-08,87.08
2014-05-09,87.08
2014-05-10,87.06
2014-05-11,87.06
2014-05-12,87.06
2014-05-13,87.02
2014-05-14,87.0
2014-05-15,86.98
2014-05-16,86.96
2014-05-17,86.94
2014-05-18,86.95
2014-05-19,86.9
2014-05-20,86.87
2014-05-21,86.85
2014-05-22,86.84
2014-05-23,86.82
2014-05-24,86.8
2014-05-25,86.78
2014-05-26,86.74
2014-05-27,86.72
2014-05-28,86.7
2014-05-29,86.69
2014-05-30,86.68
2014-05-31,86.65
2014-06-01,86.62
2014-06-02,86.63
2014-06-03,86.63
2014-06-04,86.6
2014-06-05,86.6
2014-06-06,86.6
2014-06-07,86.58
2014-06-08,86.57
2014-06-09,86.56
2014-06-10,86.54
2014-06-11,86.52
2014-06-12,86.5
2014-06-13,86.46
2014-06-14,86.47
2014-06-15,86.42
2014-06-16,86.4
2014-06-17,86.4
2014-06-18,86.38
2014-06-19,86.36
2014-06-20,86.34
2014-06-21,86.33
2014-06-22,86.3
2014-06-23,86.25
2014-06-24,86.23
2014-06-25,86.18
2014-06-26,86.18
2014-06-27,86.16
2014-06-28,86.14
2014-06-29,86.15
2014-06-30,86.14
2014-07-01,86.12
2014-07-02,86.1
2014-07-03,86.08
2014-07-04,86.06
2014-07-05,86.05
2014-07-06,86.04
2014-07-07,86.0
2014-07-08,85.99
2014-07-09,85.99
2014-07-10,85.98
2014-07-11,85.98
2014-07-12,85.96
2014-07-13,85.94
2014-07-14,85.94
2014-07-15,85.92
2014-07-16,85.94
2014-07-17,85.92
2014-07-18,85.9
2014-07-19,85.88
2014-07-20,85.88
2014-07-21,85.88
2014-07-22,85.88
2014-07-23,85.87
2014-07-24,85.87
2014-07-25,85.87
2014-07-26,85.86
2014-07-27,85.84
2014-07-28,85.82
2014-07-29,85.82
2014-07-30,85.8
2014-07-31,85.8
2014-08-01,85.78
2014-08-02,85.78
2014-08-03,85.77
2014-08-04,85.77
2014-08-05,85.77
2014-08-06,85.78
2014-08-07,85.76
2014-08-08,85.75
2014-08-09,85.78
2014-08-10,85.76
2014-08-11,85.77
2014-08-12,85.74
2014-08-13,85.76
2014-08-14,85.76
2014-08-15,85.75
2014-08-16,85.73
2014-08-17,85.74
2014-08-18,85.72
2014-08-19,85.69
2014-08-20,85.75
2014-08-21,85.76
2014-08-22,85.76
2014-08-23,85.76
2014-08-24,85.76
2014-08-25,85.76
2014-08-26,85.76
2014-08-27,85.76
2014-08-28,85.76
2014-08-29,85.76
2014-08-30,85.76
2014-08-31,85.76
2014-09-01,85.76
2014-09-02,85.76
2014-09-03,85.54
2014-09-04,85.51
2014-09-05,85.49
2014-09-06,85.49
2014-09-07,85.48
2014-09-08,85.42
2014-09-09,85.4
2014-09-10,85.38
2014-09-11,85.34
2014-09-12,85.32
2014-09-13,85.31
2014-09-14,85.29
2014-09-15,85.26
2014-09-16,85.25
2014-09-17,85.21
2014-09-18,85.06
2014-09-19,85.14
2014-09-20,85.1
2014-09-21,85.6
2014-09-22,85.02
2014-09-23,84.98
2014-09-24,84.96
2014-09-25,84.92
2014-09-26,84.88
2014-09-27,84.88
2014-09-28,84.84
2014-09-29,84.77
2014-09-30,84.74
2014-10-01,84.73
2014-10-02,84.66
2014-10-03,84.64
2014-10-04,84.61
2014-10-05,84.56
2014-10-06,84.56
2014-10-07,84.52
2014-10-08,84.52
2014-10-09,84.44
2014-10-10,84.4
2014-10-11,84.37
2014-10-12,84.39
2014-10-13,84.35
2014-10-14,84.34
2014-10-15,84.32
2014-10-16,84.34
2014-10-17,84.32
2014-10-18,84.3
2014-10-19,84.24
2014-10-20,84.18
2014-10-21,84.12
2014-10-22,84.1
2014-10-23,84.08
2014-10-24,84.04
2014-10-25,84.0
2014-10-26,83.97
2014-10-27,83.93
2014-10-28,83.92
2014-10-29,83.9
2014-10-30,83.85
2014-10-31,83.82
2014-11-01,83.78
2014-11-02,83.79
2014-11-03,83.78
2014-11-04,83.74
2014-11-05,83.7
2014-11-06,83.78
2014-11-07,83.78
2014-11-08,83.94
2014-11-09,84.0
2014-11-10,84.03
2014-11-11,84.09
2014-11-12,84.14
2014-11-13,84.23
2014-11-14,84.26
2014-11-15,84.3
2014-11-16,84.32
2014-11-17,84.34
2014-11-18,85.35
2014-11-19,84.35
2014-11-20,84.32
2014-11-21,84.34
2014-11-22,84.34
2014-11-23,84.32
2014-11-24,84.3
2014-11-25,84.34
2014-11-26,84.36
2014-11-27,84.38
2014-11-28,84.38
2014-11-29,84.4
2014-11-30,84.4
2014-12-01,84.39
2014-12-02,84.38
2014-12-03,84.35
2014-12-04,84.34
2014-12-05,84.32
2014-12-06,84.32
2014-12-07,84.33
2014-12-08,84.32
2014-12-09,84.32
2014-12-10,84.29
2014-12-11,84.3
2014-12-12,84.4
2014-12-13,84.53
2014-12-14,84.62
2014-12-15,84.65
2014-12-16,84.73
2014-12-17,84.73
2014-12-18,84.75
2014-12-19,84.74
2014-12-20,84.76
2014-12-21,84.79
2014-12-22,84.78
2014-12-23,84.84
2014-12-24,84.84
2014-12-25,84.83
2014-12-26,84.88
2014-12-27,84.92
2014-12-28,84.92
2014-12-29,84.97
2014-12-30,84.98
2014-12-31,85.0
2015-01-01,85.06
2015-01-02,85.05
2015-01-03,85.06
2015-01-04,85.04
2015-01-05,85.04
2015-01-06,85.01
2015-01-07,85.06
2015-01-08,85.07
2015-01-09,85.1
2015-01-10,85.06
2015-01-11,85.1
2015-01-12,85.12
2015-01-13,85.15
2015-01-14,85.21
2015-01-15,85.42
2015-01-16,85.5
2015-01-17,85.58
2015-01-18,85.76
2015-01-19,85.81
2015-01-20,85.84
2015-01-21,85.86
2015-01-22,85.87
2015-01-23,85.91
2015-01-24,85.9
2015-01-25,85.92
2015-01-26,85.98
2015-01-27,86.0
2015-01-28,86.0
2015-01-29,86.0
2015-01-30,86.01
2015-01-31,86.06
2015-02-01,86.08
2015-02-02,86.14
2015-02-03,86.18
2015-02-04,86.19
2015-02-05,86.19
2015-02-06,86.19
2015-02-07,86.22
2015-02-08,86.19
2015-02-09,86.26
2015-02-10,86.28
2015-02-11,86.29
2015-02-12,86.36
2015-02-13,86.44
2015-02-14,86.52
2015-02-15,86.56
2015-02-16,86.72
2015-02-17,86.78
2015-02-18,86.84
2015-02-19,86.94
2015-02-20,87.03
2015-02-21,87.08
2015-02-22,87.21
2015-02-23,87.26
2015-02-24,87.31
2015-02-25,87.34
2015-02-26,87.32
2015-02-27,87.32
2015-02-28,87.35
2015-03-01,87.34
2015-03-02,87.32
2015-03-03,87.31
2015-03-04,87.3
2015-03-05,87.32
2015-03-06,87.31
2015-03-07,87.32
2015-03-08,87.32
2015-03-09,87.34
2015-03-10,87.33
2015-03-11,87.32
2015-03-12,87.32
2015-03-13,87.3
2015-03-14,87.28
2015-03-15,87.3
2015-03-16,87.28
2015-03-17,87.29
2015-03-18,87.28
2015-03-19,87.26
2015-03-20,87.24
2015-03-21,87.25
2015-03-22,87.24
2015-03-23,87.26
2015-03-24,87.25
2015-03-25,87.23
2015-03-26,87.24
2015-03-27,87.26
2015-03-28,87.25
2015-03-29,87.26
2015-03-30,87.25
2015-03-31,87.21
2015-04-01,87.21
2015-04-02,87.2
2015-04-03,87.2
2015-04-04,87.19
2015-04-05,87.19
2015-04-06,87.18
2015-04-07,87.18
2015-04-08,87.17
2015-04-09,87.17
2015-04-10,87.16
2015-04-11,87.16
2015-04-12,87.16
2015-04-13,87.15
2015-04-14,87.15
2015-04-15,87.14
2015-04-16,87.14
2015-04-17,87.13
2015-04-18,87.13
2015-04-19,87.12
2015-04-20,87.12
2015-04-21,87.12
2015-04-22,87.11
2015-04-23,87.11
2015-04-24,87.1
2015-04-25,87.1
2015-04-26,87.09
2015-04-27,87.09
2015-04-28,87.08
2015-04-29,87.08
2015-04-30,87.07
2015-05-01,87.07
2015-05-02,87.11
2015-05-03,87.16
2015-05-04,87.18
2015-05-05,87.22
2015-05-06,87.26
2015-05-07,87.26
2015-05-08,87.26
2015-05-09,87.3
2015-05-10,87.3
2015-05-11,87.3
2015-05-12,87.31
2015-05-13,87.28
2015-05-14,87.25
2015-05-15,87.24
2015-05-16,87.25
2015-05-17,87.24
2015-05-18,87.24
2015-05-19,87.22
2015-05-20,87.22
2015-05-21,87.21
2015-05-22,87.21
2015-05-23,87.22
2015-05-24,87.2
2015-05-25,87.19
2015-05-26,87.18
2015-05-27,87.16
2015-05-28,87.15
2015-05-29,87.13
2015-05-30,87.12
2015-05-31,87.11
2015-06-01,87.09
2015-06-02,87.08
2015-06-03,87.07
2015-06-04,87.05
2015-06-05,87.04
2015-06-06,87.03
2015-06-07,87.02
2015-06-08,87.0
2015-06-09,86.99
2015-06-10,86.98
2015-06-11,86.96
2015-06-12,86.95
2015-06-13,86.94
2015-06-14,86.92
2015-06-15,86.91
2015-06-16,86.9
2015-06-17,86.88
2015-06-18,86.87
2015-06-19,86.86
2015-06-20,86.84
2015-06-21,86.83
2015-06-22,86.82
2015-06-23,86.81
2015-06-24,86.79
2015-06-25,86.78
2015-06-26,86.77
2015-06-27,86.75
2015-06-28,86.74
2015-06-29,86.73
2015-06-30,86.71
2015-07-01,86.7
2015-07-02,86.68
2015-07-03,86.66
2015-07-04,86.65
2015-07-05,86.63
2015-07-06,86.63
2015-07-07,86.62
2015-07-08,86.62
2015-07-09,86.6
2015-07-10,86.59
2015-07-11,86.58
2015-07-12,86.57
2015-07-13,86.56
2015-07-14,86.54
2015-07-15,86.48
2015-07-16,86.46
2015-07-17,86.44
2015-07-18,86.42
2015-07-19,86.42
2015-07-20,86.42
2015-07-21,86.41
2015-07-22,86.4
2015-07-23,86.39
2015-07-24,86.36
2015-07-25,86.36
2015-07-26,86.34
2015-07-27,86.35
2015-07-28,86.34
2015-07-29,86.34
2015-07-30,86.3
2015-07-31,86.28
2015-08-01,86.27
2015-08-02,86.26
2015-08-03,86.26
2015-08-04,86.25
2015-08-05,86.24
2015-08-06,86.23
2015-08-07,86.23
2015-08-08,86.22
2015-08-09,86.21
2015-08-10,86.2
2015-08-11,86.19
2015-08-12,86.19
2015-08-13,86.18
2015-08-14,86.17
2015-08-15,86.16
2015-08-16,86.16
2015-08-17,86.15
2015-08-18,86.14
2015-08-19,86.13
2015-08-20,86.12
2015-08-21,86.12
2015-08-22,86.11
2015-08-23,86.1
2015-08-24,86.09
2015-08-25,86.08
2015-08-26,86.08
2015-08-27,86.07
2015-08-28,86.06
2015-08-29,86.05
2015-08-30,86.05
2015-08-31,86.04
2015-09-01,86.03
2015-09-02,86.02
2015-09-03,86.0
2015-09-04,85.98
2015-09-05,85.98
2015-09-06,85.96
2015-09-07,85.94
2015-09-08,85.92
2015-09-09,85.91
2015-09-10,85.9
2015-09-11,85.86
2015-09-12,85.82
2015-09-13,85.8
2015-09-14,85.76
2015-09-15,85.7
2015-09-16,85.71
2015-09-17,85.69
2015-09-18,85.67
2015-09-19,85.65
2015-09-20,85.64
2015-09-21,85.58
2015-09-22,85.56
2015-09-23,85.54
2015-09-24,85.5
2015-09-25,85.47
2015-09-26,85.43
2015-09-27,85.42
2015-09-28,85.38
2015-09-29,85.34
2015-09-30,85.33
2015-10-01,85.31
2015-10-02,85.3
2015-10-03,85.29
2015-10-04,85.27
2015-10-05,85.26
2015-10-06,85.25
2015-10-07,85.24
2015-10-08,85.22
2015-10-09,85.21
2015-10-10,85.2
2015-10-11,85.18
2015-10-12,85.17
2015-10-13,85.16
2015-10-14,85.14
2015-10-15,85.13
2015-10-16,85.12
2015-10-17,85.1
2015-10-18,85.09
2015-10-19,85.08
2015-10-20,85.07
2015-10-21,85.05
2015-10-22,85.04
2015-10-23,85.03
2015-10-24,85.01
2015-10-25,85.0
2015-10-26,84.99
2015-10-27,84.97
2015-10-28,84.96
2015-10-29,84.95
2015-10-30,84.94
2015-10-31,84.92
2015-11-01,84.91
2015-11-02,84.9
2015-11-03,84.88
2015-11-04,84.87
2015-11-05,84.86
2015-11-06,84.84
2015-11-07,84.83
2015-11-08,84.82
2015-11-09,84.8
2015-11-10,84.79
2015-11-11,84.78
2015-11-12,84.77
2015-11-13,84.75
2015-11-14,84.74
2015-11-15,84.73
2015-11-16,84.71
2015-11-17,84.7
2015-11-18,84.69
2015-11-19,84.67
2015-11-20,84.66
2015-11-21,84.65
2015-11-22,84.63
2015-11-23,84.62
2015-11-24,84.61
2015-11-25,84.6
2015-11-26,84.58
2015-11-27,84.57
2015-11-28,84.56
2015-11-29,84.54
2015-11-30,84.53
2015-12-01,84.52
2015-12-02,84.5
2015-12-03,84.49
2015-12-04,84.48
2015-12-05,84.46
2015-12-06,84.45
2015-12-07,84.44
2015-12-08,84.43
2015-12-09,84.41
2015-12-10,84.4
2015-12-11,84.39
2015-12-12,84.37
2015-12-13,84.36
2015-12-14,84.35
2015-12-15,84.33
2015-12-16,84.32
2015-12-17,84.31
2015-12-18,84.3
2015-12-19,84.28
2015-12-20,84.27
2015-12-21,84.26
2015-12-22,84.24
2015-12-23,84.23
2015-12-24,84.22
2015-12-25,84.2
2015-12-26,84.19
2015-12-27,84.18
2015-12-28,84.16
2015-12-29,84.15
2015-12-30,84.14
2015-12-31,84.13
2016-01-01,84.11
2016-01-02,84.1
2016-01-03,84.09
2016-01-04,84.07
2016-01-05,84.06
2016-01-06,84.09
2016-01-07,84.1
2016-01-08,84.2
2016-01-09,84.24
2016-01-10,84.37
2016-01-11,84.46
2016-01-12,84.62
2016-01-13,84.64
2016-01-14,84.68
2016-01-15,84.74
2016-01-16,84.77
2016-01-17,84.8
2016-01-18,84.86
2016-01-19,84.92
2016-01-20,84.98
2016-01-21,85.02
2016-01-22,85.08
2016-01-23,85.12
2016-01-24,85.19
2016-01-25,85.27
2016-01-26,85.35
2016-01-27,85.43
2016-01-28,85.5
2016-01-29,85.58
2016-01-30,85.66
2016-01-31,85.74
2016-02-01,85.82
2016-02-02,85.88
2016-02-03,85.92
2016-02-04,85.92
2016-02-05,85.96
2016-02-06,86.03
2016-02-07,86.07
2016-02-08,86.16
2016-02-09,86.21
2016-02-10,86.32
2016-02-11,86.38
2016-02-12,86.45
2016-02-13,86.5
2016-02-14,86.54
2016-02-15,86.59
2016-02-16,86.64
2016-02-17,86.69
2016-02-18,86.73
2016-02-19,86.78
2016-02-20,86.83
2016-02-21,86.88
2016-02-22,86.92
2016-02-23,86.97
2016-02-24,87.02
2016-02-25,87.06
2016-02-26,87.11
2016-02-27,87.16
2016-02-28,87.21
2016-02-29,87.25
2016-03-01,87.3
2016-03-02,87.3
2016-03-03,87.3
2016-03-04,87.28
2016-03-05,87.29
2016-03-06,87.3
2016-03-07,87.3
2016-03-08,87.26
2016-03-09,87.3
2016-03-10,87.36
2016-03-11,87.36
2016-03-12,87.32
2016-03-13,87.32
2016-03-14,87.3
2016-03-15,87.3
2016-03-16,87.3
2016-03-17,87.29
2016-03-18,87.27
2016-03-19,87.26
2016-03-20,87.27
2016-03-21,87.27
2016-03-22,87.24
2016-03-23,87.22
2016-03-24,87.22
2016-03-25,87.22
2016-03-26,87.22
2016-03-27,87.23
2016-03-28,87.28
2016-03-29,87.38
2016-03-30,87.34
2016-03-31,87.34
2016-04-01,87.32
2016-04-02,87.32
2016-04-03,87.3
2016-04-04,87.3
2016-04-05,87.28
2016-04-06,87.28
2016-04-07,87.28
2016-04-08,87.28
2016-04-09,87.28
2016-04-10,87.27
2016-04-11,87.28
2016-04-12,87.28
2016-04-13,87.28
2016-04-14,87.28
2016-04-15,87.28
2016-04-16,87.26
2016-04-17,87.24
2016-04-18,87.22
2016-04-19,87.21
2016-04-20,87.2
2016-04-21,87.19
2016-04-22,87.18
2016-04-23,87.14
2016-04-24,87.12
2016-04-25,87.12
2016-04-26,87.11
2016-04-27,87.08
2016-04-28,87.08
2016-04-29,87.06
2016-04-30,87.04
2016-05-01,87.04
2016-05-02,87.04
2016-05-03,87.02
2016-05-04,87.0
2016-05-05,87.0
2016-05-06,86.98
2016-05-07,86.99
2016-05-08,86.98
2016-05-09,86.96
2016-05-10,86.95
2016-05-11,86.93
2016-05-12,86.92
2016-05-13,86.9
2016-05-14,86.87
2016-05-15,86.85
2016-05-16,86.85
2016-05-17,86.84
2016-05-18,86.83
2016-05-19,86.82
2016-05-20,86.8
2016-05-21,86.78
2016-05-22,86.78
2016-05-23,86.78
2016-05-24,86.79
2016-05-25,86.78
2016-05-26,86.78
2016-05-27,86.78
2016-05-28,86.76
2016-05-29,86.76
2016-05-30,86.73
2016-05-31,86.7
2016-06-01,86.68
2016-06-02,86.67
2016-06-03,86.66
2016-06-04,86.65
2016-06-05,86.64
2016-06-06,86.64
2016-06-07,86.62
2016-06-08,86.6
2016-06-09,86.6
2016-06-10,86.58
2016-06-11,86.58
2016-06-12,86.58
2016-06-13,86.57
2016-06-14,86.55
2016-06-15,86.55
2016-06-16,86.56
2016-06-17,86.56
2016-06-18,86.56
2016-06-19,86.56
2016-06-20,86.56
2016-06-21,86.54
2016-06-22,86.55
2016-06-23,86.54
2016-06-24,86.53
2016-06-25,86.52
2016-06-26,86.52
2016-06-27,86.51
2016-06-28,86.5
2016-06-29,86.49
2016-06-30,86.48
2016-07-01,86.47
2016-07-02,86.47
2016-07-03,86.46
2016-07-04,86.45
2016-07-05,86.44
2016-07-06,86.43
2016-07-07,86.42
2016-07-08,86.41
2016-07-09,86.41
2016-07-10,86.4
2016-07-11,86.39
2016-07-12,86.38
2016-07-13,86.37
2016-07-14,86.36
2016-07-15,86.35
2016-07-16,86.35
2016-07-17,86.34
2016-07-18,86.33
2016-07-19,86.32
2016-07-20,86.31
2016-07-21,86.3
2016-07-22,86.3
2016-07-23,86.29
2016-07-24,86.28
2016-07-25,86.27
2016-07-26,86.26
2016-07-27,86.25
2016-07-28,86.24
2016-07-29,86.23
2016-07-30,86.24
2016-07-31,86.24
2016-08-01,86.21
2016-08-02,86.22
2016-08-03,86.2
2016-08-04,86.2
2016-08-05,86.18
2016-08-06,86.18
2016-08-07,86.19
2016-08-08,86.19
2016-08-09,86.18
2016-08-10,86.16
2016-08-11,86.16
2016-08-12,86.15
2016-08-13,86.14
2016-08-14,86.14
2016-08-15,86.14
2016-08-16,86.14
2016-08-17,86.12
2016-08-18,86.1
2016-08-19,86.08
2016-08-20,86.06
2016-08-21,86.06
2016-08-22,86.05
2016-08-23,86.04
2016-08-24,86.02
2016-08-25,86.0
2016-08-26,85.98
2016-08-27,85.94
2016-08-28,85.92
2016-08-29,85.91
2016-08-30,85.9
2016-08-31,85.88
2016-09-01,85.86
2016-09-02,85.82
2016-09-03,85.78
2016-09-04,85.78
2016-09-05,85.76
2016-09-06,85.74
2016-09-07,85.7
2016-09-08,85.65
2016-09-09,85.63
2016-09-10,85.61
2016-09-11,85.58
2016-09-12,85.56
2016-09-13,85.52
2016-09-14,85.48
2016-09-15,85.44
2016-09-16,85.42
2016-09-17,85.4
2016-09-18,85.38
2016-09-19,85.37
2016-09-20,85.38
2016-09-21,85.37
2016-09-22,85.34
2016-09-23,85.33
2016-09-24,85.31
2016-09-25,85.29
2016-09-26,85.26
2016-09-27,85.24
2016-09-28,85.22
2016-09-29,85.18
2016-09-30,85.15
2016-10-01,85.08
2016-10-02,85.07
2016-10-03,85.06
2016-10-04,85.06
2016-10-05,84.97
2016-10-06,84.98
2016-10-07,84.96
2016-10-08,84.94
2016-10-09,84.92
2016-10-10,84.92
2016-10-11,84.86
2016-10-12,84.8
2016-10-13,84.75
2016-10-14,84.73
2016-10-15,84.69
2016-10-16,84.71
2016-10-17,84.68
2016-10-18,84.64
2016-10-19,84.6
2016-10-20,84.55
2016-10-21,84.52
2016-10-22,84.47
2016-10-23,84.42
2016-10-24,84.42
2016-10-25,84.37
2016-10-26,84.34
2016-10-27,84.32
2016-10-28,84.31
2016-10-29,84.29
2016-10-30,84.29
2016-10-31,84.28
2016-11-01,84.2
2016-11-02,84.17
2016-11-03,84.13
2016-11-04,84.12
2016-11-05,84.1
2016-11-06,84.05
2016-11-07,84.02
2016-11-08,84.0
2016-11-09,84.0
2016-11-10,83.98
2016-11-11,83.97
2016-11-12,83.97
2016-11-13,83.94
2016-11-14,83.92
2016-11-15,83.91
2016-11-16,83.88
2016-11-17,83.86
2016-11-18,83.81
2016-11-19,83.71
2016-11-20,83.8
2016-11-21,83.81
2016-11-22,83.8
2016-11-23,83.78
2016-11-24,83.78
2016-11-25,83.76
2016-11-26,83.74
2016-11-27,83.7
2016-11-28,83.65
2016-11-29,83.62
2016-11-30,83.6
2016-12-01,83.58
2016-12-02,83.57
2016-12-03,83.54
2016-12-04,83.51
2016-12-05,83.5
2016-12-06,83.47
2016-12-07,83.46
2016-12-08,83.42
2016-12-09,83.39
2016-12-10,83.36
2016-12-11,83.34
2016-12-12,83.34
2016-12-13,83.32
2016-12-14,83.26
2016-12-15,83.25
2016-12-16,83.19
2016-12-17,83.16
2016-12-18,83.13
2016-12-19,83.1
2016-12-20,83.08
2016-12-21,83.06
2016-12-22,83.02
2016-12-23,83.02
2016-12-24,82.98
2016-12-25,82.98
2016-12-26,82.96
2016-12-27,82.9
2016-12-28,82.87
2016-12-29,82.83
2016-12-30,82.76
2016-12-31,82.74
2017-01-01,82.74
2017-01-02,82.74
2017-01-03,82.68
2017-01-04,82.65
2017-01-05,82.63
2017-01-06,82.55
2017-01-07,82.52
2017-01-08,82.53
2017-01-09,82.48
2017-01-10,82.45
2017-01-11,82.42
2017-01-12,82.38
2017-01-13,82.33
2017-01-14,82.3
2017-01-15,82.28
2017-01-16,82.28
2017-01-17,82.27
2017-01-18,82.23
2017-01-19,82.19
2017-01-20,82.16
2017-01-21,82.14
2017-01-22,82.13
2017-01-23,82.11
2017-01-24,82.09
2017-01-25,82.02
2017-01-26,82.02
2017-01-27,82.0
2017-01-28,82.0
2017-01-29,81.97
2017-01-30,81.98
2017-01-31,81.98
2017-02-01,81.99
2017-02-02,81.99
2017-02-03,82.0
2017-02-04,82.12
2017-02-05,82.28
2017-02-06,82.4
2017-02-07,82.48
2017-02-08,82.49
2017-02-09,82.44
2017-02-10,82.34
2017-02-11,82.39
2017-02-12,82.44
2017-02-13,82.52
2017-02-14,82.55
2017-02-15,82.58
2017-02-16,82.63
2017-02-17,82.67
2017-02-18,82.66
2017-02-19,82.63
2017-02-20,82.62
2017-02-21,82.62
2017-02-22,82.62
2017-02-23,82.67
2017-02-24,82.7
2017-02-25,82.73
2017-02-26,82.78
2017-02-27,82.82
2017-02-28,82.9
2017-03-01,83.0
2017-03-02,83.1
2017-03-03,83.22
2017-03-04,83.31
2017-03-05,83.41
2017-03-06,83.51
2017-03-07,83.64
2017-03-08,83.82
2017-03-09,83.95
2017-03-10,84.06
2017-03-11,84.16
2017-03-12,84.23
2017-03-13,84.31
2017-03-14,84.35
2017-03-15,84.41
2017-03-16,84.46
2017-03-17,84.5
2017-03-18,84.54
2017-03-19,84.58
2017-03-20,84.61
2017-03-21,84.68
2017-03-22,84.74
2017-03-23,84.79
2017-03-24,84.85
2017-03-25,84.92
2017-03-26,84.94
2017-03-27,85.01
2017-03-28,85.07
2017-03-29,85.14
2017-03-30,85.19
2017-03-31,85.2
2017-04-01,85.21
2017-04-02,85.24
2017-04-03,85.26
2017-04-04,85.26
2017-04-05,85.26
2017-04-06,85.27
2017-04-07,85.27
2017-04-08,85.29
2017-04-09,85.29
2017-04-10,85.27
2017-04-11,85.27
2017-04-12,85.27
2017-04-13,85.25
2017-04-14,85.24
2017-04-15,85.24
2017-04-16,85.25
2017-04-17,85.24
2017-04-18,85.23
2017-04-19,85.22
2017-04-20,85.21
2017-04-21,85.21
2017-04-22,85.22
2017-04-23,85.21
2017-04-24,85.2
2017-04-25,85.16
2017-04-26,85.13
2017-04-27,85.1
2017-04-28,85.1
2017-04-29,85.11
2017-04-30,85.1
2017-05-01,85.11
2017-05-02,85.12
2017-05-03,85.11
2017-05-04,85.11
2017-05-05,85.11
2017-05-06,85.13
2017-05-07,85.15
2017-05-08,85.15
2017-05-09,85.15
2017-05-10,85.14
2017-05-11,85.14
2017-05-12,85.14
2017-05-13,85.14
2017-05-14,85.13
2017-05-15,85.13
2017-05-16,85.13
2017-05-17,85.11
2017-05-18,85.09
2017-05-19,85.1
2017-05-20,85.09
2017-05-21,85.1
2017-05-22,85.14
2017-05-23,85.1
2017-05-24,85.09
2017-05-25,85.09
2017-05-26,85.1
2017-05-27,85.08
2017-05-28,85.07
2017-05-29,85.07
2017-05-30,85.18
2017-05-31,85.29
2017-06-01,85.07
2017-06-02,85.06
2017-06-03,85.05
2017-06-04,85.04
2017-06-05,85.04
2017-06-06,85.06
2017-06-07,85.05
2017-06-08,85.04
2017-06-09,85.03
2017-06-10,85.02
2017-06-11,85.02
2017-06-12,85.01
2017-06-13,85.0
2017-06-14,84.99
2017-06-15,84.98
2017-06-16,84.97
2017-06-17,84.96
2017-06-18,84.94
2017-06-19,84.93
2017-06-20,84.91
2017-06-21,84.87
2017-06-22,84.83
2017-06-23,84.79
2017-06-24,84.78
2017-06-25,84.75
2017-06-26,84.71
2017-06-27,84.69
2017-06-28,84.68
2017-06-29,84.66
2017-06-30,84.65
2017-07-01,84.64
2017-07-02,84.62
2017-07-03,84.6
2017-07-04,84.56
2017-07-05,84.54
2017-07-06,84.51
2017-07-07,84.48
2017-07-08,84.44
2017-07-09,84.42
2017-07-10,84.4
2017-07-11,84.37
2017-07-12,84.35
2017-07-13,84.33
2017-07-14,84.32
2017-07-15,84.3
2017-07-16,84.29
2017-07-17,84.27
2017-07-18,84.25
2017-07-19,84.23
2017-07-20,84.2
2017-07-21,84.18
2017-07-22,84.16
2017-07-23,84.15
2017-07-24,84.15
2017-07-25,84.14
2017-07-26,84.13
2017-07-27,84.13
2017-07-28,84.11
2017-07-29,84.09
2017-07-30,84.08
2017-07-31,84.07
2017-08-01,84.06
2017-08-02,84.06
2017-08-03,84.05
2017-08-04,84.04
2017-08-05,84.03
2017-08-06,84.03
2017-08-07,84.02
2017-08-08,84.01
2017-08-09,84.0
2017-08-10,83.99
2017-08-11,83.96
2017-08-12,83.95
2017-08-13,83.93
2017-08-14,83.91
2017-08-15,83.89
2017-08-16,83.86
2017-08-17,83.83
2017-08-18,83.79
2017-08-19,83.76
2017-08-20,83.72
2017-08-21,83.68
2017-08-22,83.64
2017-08-23,83.59
2017-08-24,83.53
2017-08-25,83.47
2017-08-26,83.44
2017-08-27,83.39
2017-08-28,83.34
2017-08-29,83.32
2017-08-30,83.27
2017-08-31,83.22
2017-09-01,83.18
2017-09-02,83.15
2017-09-03,83.13
2017-09-04,83.11
2017-09-05,83.09
2017-09-06,83.05
2017-09-07,83.01
2017-09-08,82.97
2017-09-09,82.94
2017-09-10,82.9
2017-09-11,82.87
2017-09-12,82.85
2017-09-13,82.83
2017-09-14,82.79
2017-09-15,82.75
2017-09-16,82.74
2017-09-17,82.73
2017-09-18,82.71
2017-09-19,82.69
2017-09-20,82.66
2017-09-21,82.64
2017-09-22,82.62
2017-09-23,82.61
2017-09-24,82.6
2017-09-25,82.61
2017-09-26,82.6
2017-09-27,82.58
2017-09-28,82.56
2017-09-29,82.54
2017-09-30,82.52
2017-10-01,82.51
2017-10-02,82.51
2017-10-03,82.48
2017-10-04,82.46
2017-10-05,82.42
2017-10-06,82.39
2017-10-07,82.36
2017-10-08,82.33
2017-10-09,82.31
2017-10-10,82.29
2017-10-11,82.26
2017-10-12,82.23
2017-10-13,82.21
2017-10-14,82.18
2017-10-15,82.16
2017-10-16,82.15
2017-10-17,82.11
2017-10-18,82.09
2017-10-19,82.07
2017-10-20,82.05
2017-10-21,82.03
2017-10-22,82.01
2017-10-23,81.99
2017-10-24,81.97
2017-10-25,81.94
2017-10-26,81.91
2017-10-27,81.88
2017-10-28,81.86
2017-10-29,81.84
2017-10-30,81.82
2017-10-31,81.79
2017-11-01,81.76
2017-11-02,81.74
2017-11-03,81.72
2017-11-04,81.71
2017-11-05,81.69
2017-11-06,81.67
2017-11-07,81.64
2017-11-08,81.63
2017-11-09,81.61
2017-11-10,81.59
2017-11-11,81.56
2017-11-12,81.54
2017-11-13,81.51
2017-11-14,81.45
2017-11-15,81.4
2017-11-16,81.36
2017-11-17,81.31
2017-11-18,81.27
2017-11-19,81.24
2017-11-20,81.18
2017-11-21,81.12
2017-11-22,81.07
2017-11-23,81.03
2017-11-24,81.0
2017-11-25,80.97
2017-11-26,80.95
2017-11-27,80.93
2017-11-28,80.92
2017-11-29,80.89
2017-11-30,80.87
2017-12-01,80.86
2017-12-02,80.83
2017-12-03,80.82
2017-12-04,80.8
2017-12-05,80.77
2017-12-06,80.75
2017-12-07,80.73
2017-12-08,80.7
2017-12-09,80.68
2017-12-10,80.7
2017-12-11,80.78
2017-12-12,80.87
2017-12-13,80.89
2017-12-14,80.89
2017-12-15,80.89
2017-12-16,80.9
2017-12-17,80.9
2017-12-18,80.9
2017-12-19,80.9
2017-12-20,80.9
2017-12-21,80.88
2017-12-22,80.87
2017-12-23,80.87
2017-12-24,80.86
2017-12-25,80.86
2017-12-26,80.89
2017-12-27,81.09
2017-12-28,81.18
2017-12-29,81.22
2017-12-30,81.27
2017-12-31,81.33
2018-01-01,81.47
2018-01-02,81.65
2018-01-03,81.72
2018-01-04,81.8
2018-01-05,81.87
2018-01-06,81.93
2018-01-07,81.97
2018-01-08,82.03
2018-01-09,82.07
2018-01-10,82.11
2018-01-11,82.15
2018-01-12,82.17
2018-01-13,82.18
2018-01-14,82.2
2018-01-15,82.22
2018-01-16,82.26
2018-01-17,82.31
2018-01-18,82.34
2018-01-19,82.37
2018-01-20,82.43
2018-01-21,82.53
2018-01-22,82.6
2018-01-23,82.64
2018-01-24,82.68
2018-01-25,82.76
2018-01-26,82.85
2018-01-27,82.91
2018-01-28,82.98
2018-01-29,83.04
2018-01-30,83.08
2018-01-31,83.11
2018-02-01,83.17
2018-02-02,83.26
2018-02-03,83.32
2018-02-04,83.39
2018-02-05,83.44
2018-02-06,83.49
2018-02-07,83.55
2018-02-08,83.6
2018-02-09,83.65
2018-02-10,83.7
2018-02-11,83.76
2018-02-12,83.81
2018-02-13,83.87
2018-02-14,83.97
2018-02-15,84.1
2018-02-16,84.2
2018-02-17,84.29
2018-02-18,84.38
2018-02-19,84.48
2018-02-20,84.57
2018-02-21,84.64
2018-02-22,84.69
2018-02-23,84.74
2018-02-24,84.78
2018-02-25,84.82
2018-02-26,84.86
2018-02-27,84.89
2018-02-28,84.92
2018-03-01,84.96
2018-03-02,85.02
2018-03-03,85.09
2018-03-04,85.16
2018-03-05,85.22
2018-03-06,85.28
2018-03-07,85.35
2018-03-08,85.43
2018-03-09,85.51
2018-03-10,85.58
2018-03-11,85.64
2018-03-12,85.7
2018-03-13,85.75
2018-03-14,85.8
2018-03-15,85.89
2018-03-16,85.98
2018-03-17,86.06
2018-03-18,86.12
2018-03-19,86.16
2018-03-20,86.2
2018-03-21,86.24
2018-03-22,86.28
2018-03-23,86.32
2018-03-24,86.36
2018-03-25,86.41
2018-03-26,86.46
2018-03-27,86.51
2018-03-28,86.56
2018-03-29,86.61
2018-03-30,86.69
2018-03-31,86.78
2018-04-01,86.83
2018-04-02,86.88
2018-04-03,86.91
2018-04-04,86.95
2018-04-05,86.99
2018-04-06,87.01
2018-04-07,87.03
2018-04-08,87.06
2018-04-09,87.09
2018-04-10,87.2
2018-04-11,87.27
2018-04-12,87.27
2018-04-13,87.29
2018-04-14,87.3
2018-04-15,87.31
2018-04-16,87.31
2018-04-17,87.3
2018-04-18,87.29
2018-04-19,87.29
2018-04-20,87.27
2018-04-21,87.26
2018-04-22,87.26
2018-04-23,87.25
2018-04-24,87.24
2018-04-25,87.24
2018-04-26,87.23
2018-04-27,87.22
2018-04-28,87.22
2018-04-29,87.22
2018-04-30,87.24
2018-05-01,87.24
2018-05-02,87.24
2018-05-03,87.24
2018-05-04,87.24
2018-05-05,87.24
2018-05-06,87.23
2018-05-07,87.23
2018-05-08,87.22
2018-05-09,87.22
2018-05-10,87.21
2018-05-11,87.2
2018-05-12,87.2
2018-05-13,87.2
2018-05-14,87.19
2018-05-15,87.17
2018-05-16,87.16
2018-05-17,87.15
2018-05-18,87.15
2018-05-19,87.14
2018-05-20,87.14
2018-05-21,87.14
2018-05-22,87.13
2018-05-23,87.12
2018-05-24,87.12
2018-05-25,87.12
2018-05-26,87.12
2018-05-27,87.11
2018-05-28,87.11
2018-05-29,87.11
2018-05-30,87.11
2018-05-31,87.1
2018-06-01,87.08
2018-06-02,87.08
2018-06-03,87.09
2018-06-04,87.1
2018-06-05,87.16
2018-06-06,87.16
2018-06-07,87.15
2018-06-08,87.14
2018-06-09,87.17
2018-06-10,87.2
2018-06-11,87.23
2018-06-12,87.26
2018-06-13,87.27
2018-06-14,87.26
2018-06-15,87.25
2018-06-16,87.22
2018-06-17,87.2
2018-06-18,87.18
2018-06-19,87.15
2018-06-20,87.12
2018-06-21,87.09
2018-06-22,87.06
2018-06-23,87.05
2018-06-24,87.04
2018-06-25,87.02
2018-06-26,87.01
2018-06-27,86.99
2018-06-28,86.97
2018-06-29,86.95
2018-06-30,86.94
2018-07-01,86.93
2018-07-02,86.92
2018-07-03,86.91
2018-07-04,86.9
2018-07-05,86.89
2018-07-06,86.88
2018-07-07,86.87
2018-07-08,86.86
2018-07-09,86.85
2018-07-10,86.84
2018-07-11,86.82
2018-07-12,86.81
2018-07-13,86.79
2018-07-14,86.77
2018-07-15,86.76
2018-07-16,86.74
2018-07-17,86.73
2018-07-18,86.71
2018-07-19,86.69
2018-07-20,86.66
2018-07-21,86.62
2018-07-22,86.6
2018-07-23,86.57
2018-07-24,86.54
2018-07-25,86.51
2018-07-26,86.48
2018-07-27,86.45
2018-07-28,86.42
2018-07-29,86.4
2018-07-30,86.39
2018-07-31,86.36
2018-08-01,86.34
2018-08-02,86.31
2018-08-03,86.28
2018-08-04,86.26
2018-08-05,86.23
2018-08-06,86.21
2018-08-07,86.18
2018-08-08,86.14
2018-08-09,86.12
2018-08-10,86.1
2018-08-11,86.06
2018-08-12,86.05
2018-08-13,86.03
2018-08-14,86.01
2018-08-15,85.99
2018-08-16,85.97
2018-08-17,85.94
2018-08-18,85.92
2018-08-19,85.89
2018-08-20,85.87
2018-08-21,85.84
2018-08-22,85.8
2018-08-23,85.77
2018-08-24,85.75
2018-08-25,85.71
2018-08-26,85.69
2018-08-27,85.66
2018-08-28,85.62
2018-08-29,85.59
2018-08-30,85.56
2018-08-31,85.52
2018-09-01,85.48
2018-09-02,85.45
2018-09-03,85.41
2018-09-04,85.37
2018-09-05,85.34
2018-09-06,85.3
2018-09-07,85.26
2018-09-08,85.22
2018-09-09,85.18
2018-09-10,85.14
2018-09-11,85.11
2018-09-12,85.07
2018-09-13,85.02
2018-09-14,84.98
2018-09-15,84.94
2018-09-16,84.9
2018-09-17,84.86
2018-09-18,84.84
2018-09-19,84.79
2018-09-20,84.74
2018-09-21,84.68
2018-09-22,84.63
2018-09-23,84.6
2018-09-24,84.56
2018-09-25,84.51
2018-09-26,84.47
2018-09-27,84.41
2018-09-28,84.36
2018-09-29,84.3
2018-09-30,84.26
2018-10-01,84.21
2018-10-02,84.15
2018-10-03,84.09
2018-10-04,84.04
2018-10-05,83.98
2018-10-06,83.95
2018-10-07,84.01
2018-10-08,83.96
2018-10-09,83.91
2018-10-10,83.85
2018-10-11,83.8
2018-10-12,83.75
2018-10-13,83.7
2018-10-14,83.66
2018-10-15,83.61
2018-10-16,83.56
2018-10-17,83.51
2018-10-18,83.45
2018-10-19,83.39
2018-10-20,83.34
2018-10-21,83.29
2018-10-22,83.24
2018-10-23,83.18
2018-10-24,83.12
2018-10-25,83.07
2018-10-26,83.01
2018-10-27,82.96
2018-10-28,82.91
2018-10-29,82.85
2018-10-30,82.8
2018-10-31,82.74
2018-11-01,82.69
2018-11-02,82.65
2018-11-03,82.61
2018-11-04,82.57
2018-11-05,82.52
2018-11-06,82.47
2018-11-07,82.43
2018-11-08,82.38
2018-11-09,82.34
2018-11-10,82.31
2018-11-11,82.28
2018-11-12,82.24
2018-11-13,82.19
2018-11-14,82.14
2018-11-15,82.08
2018-11-16,82.02
2018-11-17,81.96
2018-11-18,81.9
2018-11-19,81.84
2018-11-20,81.78
2018-11-21,81.71
2018-11-22,81.64
2018-11-23,81.58
2018-11-24,81.54
2018-11-25,81.5
2018-11-26,81.45
2018-11-27,81.4
2018-11-28,81.38
2018-11-29,81.36
2018-11-30,81.33
2018-12-01,81.26
2018-12-02,81.27
2018-12-03,81.28
2018-12-04,81.31
2018-12-05,81.3
2018-12-06,81.29
2018-12-07,81.28
2018-12-08,81.28
2018-12-09,81.29
2018-12-10,81.28
2018-12-11,81.26
2018-12-12,81.23
2018-12-13,81.23
2018-12-14,81.24
2018-12-15,81.26
2018-12-16,81.32
2018-12-17,81.39
2018-12-18,81.44
2018-12-19,81.5
2018-12-20,81.55
2018-12-21,81.6
2018-12-22,81.65
2018-12-23,81.68
2018-12-24,81.7
2018-12-25,81.72
2018-12-26,81.73
2018-12-27,81.75
2018-12-28,81.77
2018-12-29,81.78
2018-12-30,81.79
2018-12-31,81.81
2019-01-01,81.82
2019-01-02,81.83
2019-01-03,81.83
2019-01-04,81.84
2019-01-05,81.85
2019-01-06,81.85
2019-01-07,81.86
2019-01-08,81.86
2019-01-09,81.87
2019-01-10,81.87
2019-01-11,81.87
2019-01-12,81.88
2019-01-13,81.89
2019-01-14,81.89
2019-01-15,81.89
2019-01-16,81.89
2019-01-17,81.92
2019-01-18,81.94
2019-01-19,81.97
2019-01-20,81.99
2019-01-21,82.02
2019-01-22,82.04
2019-01-23,82.07
2019-01-24,82.1
2019-01-25,82.12
2019-01-26,82.15
2019-01-27,82.17
2019-01-28,82.2
2019-01-29,82.24
2019-01-30,82.38
2019-01-31,82.47
2019-02-01,82.58
2019-02-02,82.77
2019-02-03,82.89
2019-02-04,82.98
2019-02-05,83.07
2019-02-06,83.13
2019-02-07,83.28
2019-02-08,83.4
2019-02-09,83.63
2019-02-10,84.01
2019-02-11,84.23
2019-02-12,84.29
2019-02-13,84.32
2019-02-14,84.33
2019-02-15,84.34
2019-02-16,84.35
2019-02-17,84.36
2019-02-18,84.36
2019-02-19,84.37
2019-02-20,84.36
2019-02-21,84.36
2019-02-22,84.35
2019-02-23,84.34
2019-02-24,84.33
2019-02-25,84.32
2019-02-26,84.31
2019-02-27,84.33
2019-02-28,84.37
2019-03-01,84.41
2019-03-02,84.45
2019-03-03,84.49
2019-03-04,84.55
2019-03-05,84.62
2019-03-06,84.67
2019-03-07,84.7
2019-03-08,84.73
2019-03-09,84.78
2019-03-10,84.82
2019-03-11,84.86
2019-03-12,84.89
2019-03-13,84.92
2019-03-14,84.96
2019-03-15,85.01
2019-03-16,85.05
2019-03-17,85.11
2019-03-18,85.15
2019-03-19,85.2
2019-03-20,85.25
2019-03-21,85.29
2019-03-22,85.34
2019-03-23,85.38
2019-03-24,85.42
2019-03-25,85.46
2019-03-26,85.5
2019-03-27,85.53
2019-03-28,85.57
2019-03-29,85.61
2019-03-30,85.65
2019-03-31,85.68
2019-04-01,85.72
2019-04-02,85.76
2019-04-03,85.79
2019-04-04,85.82
2019-04-05,85.83
2019-04-06,85.88
2019-04-07,85.92
2019-04-08,85.96
2019-04-09,86.0
2019-04-10,86.03
2019-04-11,86.06
2019-04-12,86.1
2019-04-13,86.13
2019-04-14,86.14
2019-04-15,86.15
2019-04-16,86.18
2019-04-17,86.21
2019-04-18,86.24
2019-04-19,86.28
2019-04-20,86.31
2019-04-21,86.34
2019-04-22,86.36
2019-04-23,86.39
2019-04-24,86.4
2019-04-25,86.43
2019-04-26,86.45
2019-04-27,86.49
2019-04-28,86.5
2019-04-29,86.52
2019-04-30,86.54
2019-05-01,86.57
2019-05-02,86.58
2019-05-03,86.6
2019-05-04,86.61
2019-05-05,86.63
2019-05-06,86.64
2019-05-07,86.64
2019-05-08,86.66
2019-05-09,86.68
2019-05-10,86.7
2019-05-11,86.75
2019-05-12,86.78
2019-05-13,86.8
2019-05-14,86.83
2019-05-15,86.85
2019-05-16,86.88
2019-05-17,86.91
2019-05-18,86.93
2019-05-19,86.94
2019-05-20,86.94
2019-05-21,86.94
2019-05-22,86.94
2019-05-23,86.92
2019-05-24,86.93
2019-05-25,86.93
2019-05-26,86.93
2019-05-27,86.93
2019-05-28,86.92
2019-05-29,86.91
2019-05-30,86.9
2019-05-31,86.89
2019-06-01,86.88
2019-06-02,86.87
2019-06-03,86.85
2019-06-04,86.84
2019-06-05,86.83
2019-06-06,86.81
2019-06-07,86.82
2019-06-08,86.83
2019-06-09,86.81
2019-06-10,86.81
2019-06-11,86.8
2019-06-12,86.81
2019-06-13,86.81
2019-06-14,86.8
2019-06-15,86.79
2019-06-16,86.79
2019-06-17,86.78
2019-06-18,86.77
2019-06-19,86.77
2019-06-20,86.77
2019-06-21,86.76
2019-06-22,86.76
2019-06-23,86.75
2019-06-24,86.75
2019-06-25,86.76
2019-06-26,86.75
2019-06-27,86.75
2019-06-28,86.74
2019-06-29,86.73
2019-06-30,86.72
2019-07-01,86.71
2019-07-02,86.69
2019-07-03,86.67
2019-07-04,86.66
2019-07-05,86.64
2019-07-06,86.62
2019-07-07,86.6
2019-07-08,86.58
2019-07-09,86.56
2019-07-10,86.54
2019-07-11,86.52
2019-07-12,86.5
2019-07-13,86.48
2019-07-14,86.46
2019-07-15,86.45
2019-07-16,86.43
2019-07-17,86.41
2019-07-18,86.38
2019-07-19,86.36
2019-07-20,86.34
2019-07-21,86.31
2019-07-22,86.3
2019-07-23,86.26
2019-07-24,86.23
2019-07-25,86.2
2019-07-26,86.17
2019-07-27,86.14
2019-07-28,86.11
2019-07-29,86.08
2019-07-30,86.07
2019-07-31,86.04
2019-08-01,86.0
2019-08-02,85.98
2019-08-03,85.95
2019-08-04,85.92
2019-08-05,85.89
2019-08-06,85.86
2019-08-07,85.84
2019-08-08,85.81
2019-08-09,85.79
2019-08-10,85.77
2019-08-11,85.75
2019-08-12,85.72
2019-08-13,85.7
2019-08-14,85.68
2019-08-15,85.66
2019-08-16,85.65
2019-08-17,85.63
2019-08-18,85.63
2019-08-19,85.61
2019-08-20,85.59
2019-08-21,85.57
2019-08-22,85.54
2019-08-23,85.51
2019-08-24,85.48
2019-08-25,85.45
2019-08-26,85.42
2019-08-27,85.39
2019-08-28,85.36
2019-08-29,85.32
2019-08-30,85.28
2019-08-31,85.25
2019-09-01,85.22
2019-09-02,85.18
2019-09-03,85.14
2019-09-04,85.1
2019-09-05,85.06
2019-09-06,85.0
2019-09-07,84.96
2019-09-08,84.92
2019-09-09,84.88
2019-09-10,84.84
2019-09-11,84.8
2019-09-12,84.75
2019-09-13,84.71
2019-09-14,84.66
2019-09-15,84.63
2019-09-16,84.58
2019-09-17,84.52
2019-09-18,84.45
2019-09-19,84.38
2019-09-20,84.31
2019-09-21,84.26
2019-09-22,84.23
2019-09-23,84.18
2019-09-24,84.16
2019-09-25,84.12
2019-09-26,84.08
2019-09-27,84.05
2019-09-28,84.01
2019-09-29,83.98
2019-09-30,83.93
2019-10-01,83.9
2019-10-02,83.86
2019-10-03,83.81
2019-10-04,83.78
2019-10-05,83.73
2019-10-06,83.7
2019-10-07,83.66
2019-10-08,83.64
2019-10-09,83.6
2019-10-10,83.56
2019-10-11,83.52
2019-10-12,83.48
2019-10-13,83.45
2019-10-14,83.42
2019-10-15,83.38
2019-10-16,83.38
2019-10-17,83.42
2019-10-18,83.41
2019-10-19,83.4
2019-10-20,83.38
2019-10-21,83.35
2019-10-22,83.32
2019-10-23,83.28
2019-10-24,83.26
2019-10-25,83.26
2019-10-26,83.24
2019-10-27,83.29
2019-10-28,83.34
2019-10-29,83.36
2019-10-30,83.36
2019-10-31,83.44
2019-11-01,83.53
2019-11-02,83.63
2019-11-03,83.77
2019-11-04,83.9
2019-11-05,83.95
2019-11-06,83.98
2019-11-07,84.06
2019-11-08,84.16
2019-11-09,84.23
2019-11-10,84.41
2019-11-11,84.49
2019-11-12,84.53
2019-11-13,84.55
2019-11-14,84.6
2019-11-15,84.62
2019-11-16,84.74
2019-11-17,84.87
2019-11-18,84.91
2019-11-19,84.91
2019-11-20,84.91
2019-11-21,84.92
2019-11-22,84.95
2019-11-23,85.02
2019-11-24,85.06
2019-11-25,85.11
2019-11-26,85.17
2019-11-27,85.3
2019-11-28,85.37
2019-11-29,85.4
2019-11-30,85.42
2019-12-01,85.53
2019-12-02,85.59
2019-12-03,85.61
2019-12-04,85.62
2019-12-05,85.61
2019-12-06,85.61
2019-12-07,85.61
2019-12-08,85.62
2019-12-09,85.64
2019-12-10,85.64
2019-12-11,85.66
2019-12-12,85.7
2019-12-13,85.82
2019-12-14,85.89
2019-12-15,85.93
2019-12-16,85.96
2019-12-17,86.21
2019-12-18,86.35
2019-12-19,86.4
2019-12-20,86.75
2019-12-21,87.01
2019-12-22,87.2
2019-12-23,87.25
2019-12-24,87.28
2019-12-25,87.29
2019-12-26,87.29
2019-12-27,87.29
2019-12-28,87.29
2019-12-29,87.28
2019-12-30,87.27
2019-12-31,87.26
2020-01-01,87.26
2020-01-02,87.26
2020-01-03,87.25
2020-01-04,87.25
2020-01-05,87.24
2020-01-06,87.24
2020-01-07,87.23
2020-01-08,87.22
2020-01-09,87.23
2020-01-10,87.26
2020-01-11,87.27
2020-01-12,87.28
2020-01-13,87.27
2020-01-14,87.35
2020-01-15,87.48
2020-01-16,87.42
2020-01-17,87.38
2020-01-18,87.38
2020-01-19,87.38
2020-01-20,87.36
2020-01-21,87.35
2020-01-22,87.35
2020-01-23,87.34
2020-01-24,87.33
2020-01-25,87.32
2020-01-26,87.33
2020-01-27,87.35
2020-01-28,87.37
2020-01-29,87.37
2020-01-30,87.37
2020-01-31,87.38
2020-02-01,87.44
2020-02-02,87.44
2020-02-03,87.43
2020-02-04,87.42
2020-02-05,87.4
2020-02-06,87.38
2020-02-07,87.37
2020-02-08,87.36
2020-02-09,87.36
2020-02-10,87.36
2020-02-11,87.35
2020-02-12,87.34
2020-02-13,87.34
2020-02-14,87.34
2020-02-15,87.34
2020-02-16,87.42
2020-02-17,87.43
2020-02-18,87.4
2020-02-19,87.39
2020-02-20,87.38
2020-02-21,87.37
2020-02-22,87.36
2020-02-23,87.36
2020-02-24,87.36
2020-02-25,87.35
2020-02-26,87.35
2020-02-27,87.36
2020-02-28,87.36
2020-02-29,87.38
2020-03-01,87.4
2020-03-02,87.41
2020-03-03,87.39
2020-03-04,87.38
2020-03-05,87.45
2020-03-06,87.39
2020-03-07,87.39
2020-03-08,87.39
2020-03-09,87.39
2020-03-10,87.38
2020-03-11,87.37
2020-03-12,87.37
2020-03-13,87.36
2020-03-14,87.35
2020-03-15,87.35
2020-03-16,87.35
2020-03-17,87.34
2020-03-18,87.34
2020-03-19,87.33
2020-03-20,87.33
2020-03-21,87.32
2020-03-22,87.32
2020-03-23,87.31
2020-03-24,87.3
2020-03-25,87.3
2020-03-26,87.29
2020-03-27,87.28
2020-03-28,87.28
2020-03-29,87.27
2020-03-30,87.26
2020-03-31,87.25
2020-04-01,87.23
2020-04-02,87.23
2020-04-03,87.22
2020-04-04,87.21
2020-04-05,87.21
2020-04-06,87.2
2020-04-07,87.19
2020-04-08,87.18
2020-04-09,87.17
2020-04-10,87.17
2020-04-11,87.16
2020-04-12,87.15
2020-04-13,87.14
2020-04-14,87.13
2020-04-15,87.13
2020-04-16,87.12
2020-04-17,87.11
2020-04-18,87.11
2020-04-19,87.1
2020-04-20,87.11
2020-04-21,87.12
2020-04-22,87.11
2020-04-23,87.11
2020-04-24,87.1
2020-04-25,87.09
2020-04-26,87.08
2020-04-27,87.07
2020-04-28,87.07
2020-04-29,87.07
2020-04-30,87.09
2020-05-01,87.09
2020-05-02,87.08
2020-05-03,87.08
2020-05-04,87.07
2020-05-05,87.09
2020-05-06,87.09
2020-05-07,87.09
2020-05-08,87.08
2020-05-09,87.08
2020-05-10,87.07
2020-05-11,87.04
2020-05-12,87.04
2020-05-13,87.01
2020-05-14,86.99
2020-05-15,86.99
2020-05-16,86.98
2020-05-17,86.97
2020-05-18,86.96
2020-05-19,86.94
2020-05-20,86.93
2020-05-21,86.91
2020-05-22,86.9
2020-05-23,86.89
2020-05-24,86.88
2020-05-25,86.87
2020-05-26,86.85
2020-05-27,86.83
2020-05-28,86.81
2020-05-29,86.78
2020-05-30,86.76
2020-05-31,86.75
2020-06-01,86.73
2020-06-02,86.72
2020-06-03,86.7
2020-06-04,86.69
2020-06-05,86.68
2020-06-06,86.66
2020-06-07,86.64
2020-06-08,86.63
2020-06-09,86.61
2020-06-10,86.6
2020-06-11,86.61
2020-06-12,86.64
2020-06-13,86.72
2020-06-14,86.81
2020-06-15,86.82
2020-06-16,86.83
2020-06-17,86.84
2020-06-18,86.8
2020-06-19,86.76
2020-06-20,86.76
2020-06-21,86.75
2020-06-22,86.74
2020-06-23,86.73
2020-06-24,86.71
2020-06-25,86.7
2020-06-26,86.68
2020-06-27,86.67
2020-06-28,86.65
2020-06-29,86.64
2020-06-30,86.65
2020-07-01,86.66
2020-07-02,86.64
2020-07-03,86.62
2020-07-04,86.6
2020-07-05,86.59
2020-07-06,86.57
2020-07-07,86.54
2020-07-08,86.51
2020-07-09,86.49
2020-07-10,86.47
2020-07-11,86.44
2020-07-12,86.42
2020-07-13,86.41
2020-07-14,86.39
2020-07-15,86.38
2020-07-16,86.36
2020-07-17,86.34
2020-07-18,86.32
2020-07-19,86.31
2020-07-20,86.29
2020-07-21,86.27
2020-07-22,86.25
2020-07-23,86.22
2020-07-24,86.2
2020-07-25,86.18
2020-07-26,86.17
2020-07-27,86.15
2020-07-28,86.13
2020-07-29,86.11
2020-07-30,86.08
2020-07-31,86.05
2020-08-01,86.03
2020-08-02,86.01
2020-08-03,85.97
2020-08-04,85.97
2020-08-05,85.95
2020-08-06,85.93
2020-08-07,85.92
2020-08-08,85.91
2020-08-09,85.91
2020-08-10,85.9
2020-08-11,85.89
2020-08-12,85.89
2020-08-13,85.89
2020-08-14,85.88
2020-08-15,85.87
2020-08-16,85.88
2020-08-17,85.87
2020-08-18,85.85
2020-08-19,85.85
2020-08-20,85.82
2020-08-21,85.83
2020-08-22,85.8
2020-08-23,85.77
2020-08-24,85.74
2020-08-25,85.71
2020-08-26,85.67
2020-08-27,85.64
2020-08-28,85.6
2020-08-29,85.59
2020-08-30,85.57
2020-08-31,85.55
2020-09-01,85.52
2020-09-02,85.49
2020-09-03,85.47
2020-09-04,85.44
2020-09-05,85.4
2020-09-06,85.39
2020-09-07,85.37
2020-09-08,85.34
2020-09-09,85.3
2020-09-10,85.27
2020-09-11,85.25
2020-09-12,85.22
2020-09-13,85.19
2020-09-14,85.15
2020-09-15,85.12
2020-09-16,85.09
2020-09-17,85.05
2020-09-18,84.99
2020-09-19,84.97
2020-09-20,84.95
2020-09-21,84.93
2020-09-22,84.9
2020-09-23,84.88
2020-09-24,84.86
2020-09-25,84.84
2020-09-26,84.82
2020-09-27,84.66
2020-09-28,82.99
2020-09-29,84.76
2020-09-30,84.74
2020-10-01,84.74
2020-10-02,84.73
2020-10-03,84.72
2020-10-04,84.74
2020-10-05,84.72
2020-10-06,84.68
2020-10-07,84.65
2020-10-08,84.61
2020-10-09,84.57
2020-10-10,84.55
2020-10-11,84.54
2020-10-12,84.51
2020-10-13,84.47
2020-10-14,84.36
2020-10-15,84.38
2020-10-16,84.33
2020-10-17,84.28
2020-10-18,84.24
2020-10-19,84.19
2020-10-20,84.16
2020-10-21,84.17
2020-10-22,84.17
2020-10-23,84.15
2020-10-24,84.14
2020-10-25,84.2
2020-10-26,84.22
2020-10-27,84.22
2020-10-28,84.21
2020-10-29,84.19
2020-10-30,84.14
2020-10-31,84.16
2020-11-01,84.16
2020-11-02,84.16
2020-11-03,84.15
2020-11-04,84.14
2020-11-05,84.12
2020-11-06,84.1
2020-11-07,84.07
2020-11-08,84.05
2020-11-09,84.02
2020-11-10,83.99
2020-11-11,83.96
2020-11-12,83.95
2020-11-13,83.93
2020-11-14,83.92
2020-11-15,83.94
2020-11-16,83.99
2020-11-17,83.99
2020-11-18,83.98
2020-11-19,83.98
2020-11-20,83.99
2020-11-21,83.99
2020-11-22,84.0
2020-11-23,84.01
2020-11-24,84.02
2020-11-25,84.02
2020-11-26,84.03
2020-11-27,84.03
2020-11-28,84.02
2020-11-29,84.01
2020-11-30,84.01
2020-12-01,83.99
2020-12-02,83.98
2020-12-03,83.96
2020-12-04,83.97
2020-12-05,83.97
2020-12-06,83.99
2020-12-07,84.03
2020-12-08,84.01
2020-12-09,84.01
2020-12-10,84.04
2020-12-11,84.22
2020-12-12,84.37
2020-12-13,84.42
2020-12-14,84.51
2020-12-15,84.58
2020-12-16,84.61
2020-12-17,84.65
2020-12-18,84.67
2020-12-19,84.69
2020-12-20,84.73
2020-12-21,84.77
2020-12-22,84.87
2020-12-23,85.31
2020-12-24,85.56
2020-12-25,85.65
2020-12-26,85.69
2020-12-27,85.74
2020-12-28,85.86
2020-12-29,85.94
2020-12-30,85.99
2020-12-31,86.02
2021-01-01,86.04
2021-01-02,86.05
2021-01-03,86.06
2021-01-04,86.05
2021-01-05,86.05
2021-01-06,86.05
2021-01-07,86.04
2021-01-08,86.04
2021-01-09,86.03
2021-01-10,86.02
2021-01-11,86.01
2021-01-12,86.0
2021-01-13,85.99
2021-01-14,85.98
2021-01-15,85.97
2021-01-16,85.96
2021-01-17,85.96
2021-01-18,85.95
2021-01-19,85.94
2021-01-20,85.95
2021-01-21,86.02
2021-01-22,86.12
2021-01-23,86.17
2021-01-24,86.2
2021-01-25,86.22
2021-01-26,86.22
2021-01-27,86.21
2021-01-28,86.24
2021-01-29,86.29
2021-01-30,86.36
2021-01-31,86.48
2021-02-01,86.58
2021-02-02,86.65
2021-02-03,86.81
2021-02-04,86.96
2021-02-05,87.02
2021-02-06,87.04
2021-02-07,87.05
2021-02-08,87.05
2021-02-09,87.05
2021-02-10,87.06
2021-02-11,87.06
2021-02-12,87.06
2021-02-13,87.05
2021-02-14,87.04
2021-02-15,87.03
2021-02-16,87.05
2021-02-17,87.05
2021-02-18,87.06
2021-02-19,87.06
2021-02-20,87.05
2021-02-21,87.05
2021-02-22,87.06
2021-02-23,87.06
2021-02-24,87.05
2021-02-25,87.05
2021-02-26,87.05
2021-02-27,87.04
2021-02-28,87.03
2021-03-01,87.03
2021-03-02,87.02
2021-03-03,87.01
2021-03-04,87.01
2021-03-05,87.0
2021-03-06,87.0
2021-03-07,86.99
2021-03-08,86.98
2021-03-09,86.96
2021-03-10,86.95
2021-03-11,86.95
2021-03-12,86.95
2021-03-13,86.95
2021-03-14,86.94
2021-03-15,86.94
2021-03-16,86.93
2021-03-17,86.94
2021-03-18,86.97
2021-03-19,87.0
2021-03-20,87.02
2021-03-21,87.05
2021-03-22,87.07
2021-03-23,87.1
2021-03-24,87.12
2021-03-25,87.14
2021-03-26,87.17
2021-03-27,87.2
2021-03-28,87.22
2021-03-29,87.23
2021-03-30,87.22
2021-03-31,87.21
2021-04-01,87.2
2021-04-02,87.19
2021-04-03,87.18
2021-04-04,87.18
2021-04-05,87.17
2021-04-06,87.17
2021-04-07,87.16
2021-04-08,87.14
2021-04-09,87.14
2021-04-10,87.14
2021-04-11,87.17
2021-04-12,87.16
2021-04-13,87.16
2021-04-14,87.15
2021-04-15,87.14
2021-04-16,87.13
2021-04-17,87.12
2021-04-18,87.11
2021-04-19,87.09
2021-04-20,87.07
2021-04-21,87.06
2021-04-22,87.04
2021-04-23,87.02
2021-04-24,87.0
2021-04-25,86.98
2021-04-26,86.96
2021-04-27,86.93
2021-04-28,86.91
2021-04-29,86.89
2021-04-30,86.88
2021-05-01,86.87
2021-05-02,86.85
2021-05-03,86.47
2021-05-04,86.81
2021-05-05,86.8
2021-05-06,86.78
2021-05-07,86.77
2021-05-08,86.75
2021-05-09,86.75
2021-05-10,86.74
2021-05-11,86.73
2021-05-12,86.72
2021-05-13,86.72
2021-05-14,86.71
2021-05-15,86.71
2021-05-16,86.72
2021-05-17,86.72
2021-05-18,86.71
2021-05-19,86.69
2021-05-20,86.68
2021-05-21,86.67
2021-05-22,86.65
2021-05-23,86.64
2021-05-24,86.66
2021-05-25,86.65
2021-05-26,86.65
2021-05-27,86.63
2021-05-28,86.62
2021-05-29,86.61
2021-05-30,86.6
2021-05-31,86.59
2021-06-01,86.57
2021-06-02,86.56
2021-06-03,86.55
2021-06-04,86.53
2021-06-05,86.52
2021-06-06,86.51
2021-06-07,86.5
2021-06-08,86.49
2021-06-09,86.47
2021-06-10,86.45
2021-06-11,86.43
2021-06-12,86.41
2021-06-13,86.38
2021-06-14,86.36
2021-06-15,86.33
2021-06-16,86.29
2021-06-17,86.27
2021-06-18,86.25
2021-06-19,86.24
2021-06-20,86.23
2021-06-21,86.23
2021-06-22,86.25
2021-06-23,86.25
2021-06-24,86.22
2021-06-25,86.22
2021-06-26,86.21
2021-06-27,86.24
2021-06-28,86.25
2021-06-29,86.25
2021-06-30,86.24
2021-07-01,86.22
2021-07-02,86.21
2021-07-03,86.2
2021-07-04,86.2
2021-07-05,86.21
2021-07-06,86.24
2021-07-07,86.24
2021-07-08,86.23
2021-07-09,86.22
2021-07-10,86.21
2021-07-11,86.21
2021-07-12,86.21
2021-07-13,86.21
2021-07-14,86.2
2021-07-15,86.18
2021-07-16,86.17
2021-07-17,86.15
2021-07-18,86.13
2021-07-19,86.12
2021-07-20,86.1
2021-07-21,86.07
2021-07-22,86.05
2021-07-23,86.03
2021-07-24,86.02
2021-07-25,86.02
2021-07-26,86.02
2021-07-27,86.02
2021-07-28,86.01
2021-07-29,85.99
2021-07-30,85.98
2021-07-31,85.96
2021-08-01,85.95
2021-08-02,85.95
2021-08-03,85.94
2021-08-04,85.94
2021-08-05,85.94
2021-08-06,85.93
2021-08-07,85.92
2021-08-08,85.91
2021-08-09,85.9
2021-08-10,85.9
2021-08-11,85.88
2021-08-12,85.87
2021-08-13,85.86
2021-08-14,85.83
2021-08-15,85.83
2021-08-16,85.82
2021-08-17,85.8
2021-08-18,85.79
2021-08-19,85.77
2021-08-20,85.76
2021-08-21,85.74
2021-08-22,85.73
2021-08-23,85.71
2021-08-24,85.7
2021-08-25,85.68
2021-08-26,85.67
2021-08-27,85.65
2021-08-28,85.63
2021-08-29,85.61
2021-08-30,85.6
2021-08-31,85.58
2021-09-01,85.56
2021-09-02,85.55
2021-09-03,85.53
2021-09-04,85.51
2021-09-05,85.5
2021-09-06,85.48
2021-09-07,85.46
2021-09-08,85.44
2021-09-09,85.42
2021-09-10,85.41
2021-09-11,85.39
2021-09-12,85.38
2021-09-13,85.37
2021-09-14,85.33
2021-09-15,85.29
2021-09-16,85.24
2021-09-17,85.19
2021-09-18,85.15
2021-09-19,85.13
2021-09-20,85.11
2021-09-21,85.07
2021-09-22,85.03
2021-09-23,84.98
2021-09-24,84.93
2021-09-25,84.89
2021-09-26,84.75
2021-09-27,84.85
2021-09-28,84.82
2021-09-29,84.8
2021-09-30,84.78
2021-10-01,84.76
2021-10-02,84.79
2021-10-03,84.97
2021-10-04,85.02
2021-10-05,85.04
2021-10-06,85.03
2021-10-07,85.03
2021-10-08,85.01
2021-10-09,85.01
2021-10-10,85.0
2021-10-11,84.97
2021-10-12,84.98
2021-10-13,84.95
2021-10-14,84.93
2021-10-15,84.92
2021-10-16,84.9
2021-10-17,84.89
2021-10-18,84.87
2021-10-19,84.85
2021-10-20,84.83
2021-10-21,84.83
2021-10-22,84.79
2021-10-23,84.79
2021-10-24,84.77
2021-10-25,84.76
2021-10-26,84.76
2021-10-27,84.74
2021-10-28,84.73
2021-10-29,84.72
2021-10-30,84.71
2021-10-31,84.72
2021-11-01,84.75
2021-11-02,84.73
2021-11-03,84.72
2021-11-04,84.83
2021-11-05,84.83
2021-11-06,84.83
2021-11-07,84.82
2021-11-08,84.81
2021-11-09,84.8
2021-11-10,84.78
2021-11-11,84.77
2021-11-12,84.75
2021-11-13,84.74
2021-11-14,84.74
2021-11-15,84.73
2021-11-16,84.71
2021-11-17,84.7
2021-11-18,84.69
2021-11-19,84.68
2021-11-20,84.67
2021-11-21,84.67
2021-11-22,84.66
2021-11-23,84.65
2021-11-24,84.64
2021-11-25,84.64
2021-11-26,84.63
2021-11-27,84.59
2021-11-28,84.66
2021-11-29,84.67
2021-11-30,84.67
2021-12-01,84.68
2021-12-02,84.69
2021-12-03,84.69
2021-12-04,84.72
2021-12-05,84.75
2021-12-06,84.77
2021-12-07,84.79
2021-12-08,84.84
2021-12-09,84.87
2021-12-10,84.92
2021-12-11,84.96
2021-12-12,84.98
2021-12-13,85.0
2021-12-14,85.02
2021-12-15,85.04
2021-12-16,85.05
2021-12-17,85.03
2021-12-18,85.01
2021-12-19,85.0
2021-12-20,84.97
2021-12-21,84.98
2021-12-22,84.96
2021-12-23,84.93
2021-12-24,84.91
2021-12-25,84.9
2021-12-26,84.91
2021-12-27,84.94
2021-12-28,85.04
2021-12-29,85.07
2021-12-30,85.09
2021-12-31,85.1
2022-01-01,85.1
2022-01-02,85.1
2022-01-03,85.1
2022-01-04,85.23
2022-01-05,85.3
2022-01-06,85.31
2022-01-07,85.32
2022-01-08,85.33
2022-01-09,85.38
2022-01-10,85.42
2022-01-11,85.49
2022-01-12,85.52
2022-01-13,85.54
2022-01-14,85.55
2022-01-15,85.55
2022-01-16,85.55
2022-01-17,85.55
2022-01-18,85.55
2022-01-19,85.54
2022-01-20,85.53
2022-01-21,85.52
2022-01-22,85.51
2022-01-23,85.5
2022-01-24,85.49
2022-01-25,85.47
2022-01-26,85.46
2022-01-27,85.44
2022-01-28,84.21
2022-01-29,85.41
2022-01-30,85.4
2022-01-31,85.39
2022-02-01,85.37
2022-02-02,85.36
2022-02-03,85.34
2022-02-04,85.32
2022-02-05,85.31
2022-02-06,85.29
2022-02-07,85.29
2022-02-08,85.28
2022-02-09,85.27
2022-02-10,85.26
2022-02-11,85.24
2022-02-12,85.23
2022-02-13,85.22
2022-02-14,85.33
2022-02-15,85.38
2022-02-16,85.41
2022-02-17,85.44
2022-02-18,85.47
2022-02-19,85.48
2022-02-20,85.48
2022-02-21,85.48
2022-02-22,85.49
2022-02-23,85.48
2022-02-24,85.48
2022-02-25,85.49
2022-02-26,85.49
2022-02-27,85.49
2022-02-28,85.48
2022-03-01,85.49
2022-03-02,85.5
2022-03-03,85.51
2022-03-04,85.54
2022-03-05,85.57
2022-03-06,85.6
2022-03-07,85.62
2022-03-08,85.63
2022-03-09,85.67
2022-03-10,85.71
2022-03-11,85.76
2022-03-12,85.82
2022-03-13,85.88
2022-03-14,85.93
2022-03-15,85.98
2022-03-16,86.02
2022-03-17,86.07
2022-03-18,86.1
2022-03-19,86.14
2022-03-20,86.18
2022-03-21,86.21
2022-03-22,86.24
2022-03-23,86.28
2022-03-24,86.3
2022-03-25,86.31
2022-03-26,86.34
2022-03-27,86.37
2022-03-28,86.4
2022-03-29,86.43
2022-03-30,86.47
2022-03-31,86.5
2022-04-01,86.5
2022-04-02,86.57
2022-04-03,86.59
2022-04-04,86.62
2022-04-05,86.64
2022-04-06,86.67
2022-04-07,86.71
2022-04-08,86.78
2022-04-09,86.87
2022-04-10,86.91
2022-04-11,86.95
2022-04-12,86.98
2022-04-13,87.02
2022-04-14,87.05
2022-04-15,87.07
2022-04-16,87.07
2022-04-17,87.08
2022-04-18,87.1
2022-04-19,87.12
2022-04-20,87.12
2022-04-21,87.13
2022-04-22,87.14
2022-04-23,87.14
2022-04-24,87.15
2022-04-25,87.15
2022-04-26,87.15
2022-04-27,87.14
2022-04-28,87.14
2022-04-29,87.14
2022-04-30,87.15
2022-05-01,87.15
2022-05-02,87.16
2022-05-03,87.17
2022-05-04,87.17
2022-05-05,87.17
2022-05-06,87.18
2022-05-07,87.18
2022-05-08,87.19
2022-05-09,87.19
2022-05-10,87.19
2022-05-11,87.19
2022-05-12,87.18
2022-05-13,87.15
2022-05-14,87.13
2022-05-15,87.11
2022-05-16,87.09
2022-05-17,87.05
2022-05-18,87.01
2022-05-19,86.8
2022-05-20,86.5
2022-05-21,86.9
2022-05-22,86.87
2022-05-23,86.89
2022-05-24,86.89
2022-05-25,86.8
2022-05-26,86.85
2022-05-27,86.85
2022-05-28,86.84
2022-05-29,86.82
2022-05-30,86.8
2022-05-31,86.77
2022-06-01,86.73
2022-06-02,86.68
2022-06-03,86.64
2022-06-04,86.63
2022-06-05,86.62
2022-06-06,86.61
2022-06-07,86.59
2022-06-08,86.57
2022-06-09,86.55
2022-06-10,86.53
2022-06-11,86.51
2022-06-12,86.49
2022-06-13,86.47
2022-06-14,86.42
2022-06-15,86.39
2022-06-16,86.38
2022-06-17,86.35
2022-06-18,86.32
2022-06-19,86.31
2022-06-20,86.29
2022-06-21,86.26
2022-06-22,86.24
2022-06-23,86.23
2022-06-24,86.21
2022-06-25,86.09
2022-06-26,86.18
2022-06-27,86.16
2022-06-28,86.13
2022-06-29,86.1
2022-06-30,86.07
2022-07-01,86.06
2022-07-02,86.04
2022-07-03,86.02
2022-07-04,85.99
2022-07-05,85.97
2022-07-06,85.94
2022-07-07,85.91
2022-07-08,85.88
2022-07-09,85.85
2022-07-10,85.82
2022-07-11,85.79
2022-07-12,85.76
2022-07-13,85.72
2022-07-14,85.67
2022-07-15,85.66
2022-07-16,85.62
2022-07-17,85.59
2022-07-18,85.56
2022-07-19,85.53
2022-07-20,85.5
2022-07-21,85.44
2022-07-22,85.45
2022-07-23,85.42
2022-07-24,85.39
2022-07-25,85.36
2022-07-26,85.33
2022-07-27,85.29
2022-07-28,85.25
2022-07-29,85.2
2022-07-30,85.16
2022-07-31,85.12
2022-08-01,85.09
2022-08-02,85.05
2022-08-03,85.0
2022-08-04,84.96
2022-08-05,84.92
2022-08-06,84.86
2022-08-07,84.81
2022-08-08,84.75
2022-08-09,84.71
2022-08-10,84.66
2022-08-11,84.61
2022-08-12,84.57
2022-08-13,84.53
2022-08-14,84.5
2022-08-15,84.47
2022-08-16,84.43
2022-08-17,84.41
2022-08-18,84.38
2022-08-19,84.33
2022-08-20,84.3
2022-08-21,84.27
2022-08-22,84.23
2022-08-23,84.19
2022-08-24,84.15
2022-08-25,84.11
2022-08-26,84.06
2022-08-27,84.01
2022-08-28,83.96
2022-08-29,83.92
2022-08-30,83.87
2022-08-31,83.82
2022-09-01,83.79
2022-09-02,83.75
2022-09-03,83.71
2022-09-04,83.68
2022-09-05,83.63
2022-09-06,83.6
2022-09-07,83.57
2022-09-08,83.49
2022-09-09,83.5
2022-09-10,83.45
2022-09-11,83.4
2022-09-12,83.35
2022-09-13,83.3
2022-09-14,83.27
2022-09-15,83.24
2022-09-16,83.2
2022-09-17,83.15
2022-09-18,83.11
2022-09-19,83.07
2022-09-20,83.02
2022-09-21,82.96
2022-09-22,82.91
2022-09-23,82.86
2022-09-24,82.82
2022-09-25,82.78
2022-09-26,82.73
2022-09-27,82.68
2022-09-28,82.64
2022-09-29,82.55
2022-09-30,82.56
2022-10-01,82.54
2022-10-02,82.53
2022-10-03,82.51
2022-10-04,82.48
2022-10-05,82.45
2022-10-06,82.42
2022-10-07,82.37
2022-10-08,82.33
2022-10-09,82.29
2022-10-10,82.25
2022-10-11,82.2
2022-10-12,82.15
2022-10-13,82.1
2022-10-14,82.05
2022-10-15,82.03
2022-10-16,81.99
2022-10-17,81.96
2022-10-18,81.94
2022-10-19,81.91
2022-10-20,81.89
2022-10-21,81.87
2022-10-22,81.84
2022-10-23,81.82
2022-10-24,81.81
2022-10-25,81.78
2022-10-26,81.76
2022-10-27,81.74
2022-10-28,81.72
2022-10-29,81.67
2022-10-30,81.65
2022-10-31,81.62
2022-11-01,81.59
2022-11-02,81.57
2022-11-03,81.53
2022-11-04,81.5
2022-11-05,81.46
2022-11-06,81.44
2022-11-07,81.42
2022-11-08,81.39
2022-11-09,81.36
2022-11-10,81.33
2022-11-11,81.3
2022-11-12,81.28
2022-11-13,81.26
2022-11-14,81.23
2022-11-15,81.2
2022-11-16,81.19
2022-11-17,81.2
2022-11-18,81.18
2022-11-19,81.16
2022-11-20,81.14
2022-11-21,81.12
2022-11-22,81.1
2022-11-23,81.07
2022-11-24,81.05
2022-11-25,81.06
2022-11-26,81.06
2022-11-27,81.06
2022-11-28,81.1
2022-11-29,81.13
2022-11-30,81.14
2022-12-01,81.14
2022-12-02,81.13
2022-12-03,81.12
2022-12-04,81.12
2022-12-05,81.1
2022-12-06,81.09
2022-12-07,81.08
2022-12-08,81.06
2022-12-09,81.04
2022-12-10,81.02
2022-12-11,80.99
2022-12-12,80.96
2022-12-13,80.92
2022-12-14,80.88
2022-12-15,80.84
2022-12-16,80.81
2022-12-17,80.78
2022-12-18,80.75
2022-12-19,80.8
2022-12-20,81.08
2022-12-21,81.46
2022-12-22,81.75
2022-12-23,82.06
2022-12-24,82.32
2022-12-25,82.54
2022-12-26,82.83
2022-12-27,82.97
2022-12-28,83.09
2022-12-29,83.22
2022-12-30,83.38
2022-12-31,83.67
2023-01-01,83.89
2023-01-02,84.06
2023-01-03,83.5
2023-01-04,83.46
2023-01-05,84.34
2023-01-06,84.41
2023-01-07,84.49
2023-01-08,84.64
2023-01-09,84.79
2023-01-10,84.89
2023-01-11,85.01
2023-01-12,85.12
2023-01-13,85.2
2023-01-14,85.28
2023-01-15,85.39
2023-01-16,85.57
2023-01-17,85.72
2023-01-18,85.85
2023-01-19,86.0
2023-01-20,86.11
2023-01-21,86.19
2023-01-22,86.25
2023-01-23,86.28
2023-01-24,86.31
2023-01-25,86.32
2023-01-26,86.34
2023-01-27,86.37
2023-01-28,86.39
2023-01-29,86.4
2023-01-30,86.42
2023-01-31,86.42
2023-02-01,86.36
2023-02-02,86.11
2023-02-03,86.43
2023-02-04,86.43
2023-02-05,86.43
2023-02-06,86.38
2023-02-07,86.29
2023-02-08,86.42
2023-02-09,85.87
2023-02-10,86.39
2023-02-11,86.38
2023-02-12,86.38
2023-02-13,86.37
2023-02-14,86.36
2023-02-15,86.35
2023-02-16,86.31
2023-02-17,86.34
2023-02-18,86.34
2023-02-19,86.33
2023-02-20,86.34
2023-02-21,86.34
2023-02-22,86.34
2023-02-23,85.31
2023-02-24,86.31
2023-02-25,86.4
2023-02-26,86.41
2023-02-27,86.43
2023-02-28,86.46
2023-03-01,86.49
2023-03-02,86.52
2023-03-03,86.55
2023-03-04,86.58
2023-03-05,86.61
2023-03-06,86.63
2023-03-07,85.97
2023-03-08,86.69
2023-03-09,86.78
2023-03-10,86.89
2023-03-11,87.03
2023-03-12,87.14
2023-03-13,87.22
2023-03-14,87.25
2023-03-15,87.25
2023-03-16,87.25
2023-03-17,87.25
2023-03-18,87.3
2023-03-19,87.35
2023-03-20,87.36
2023-03-21,87.35
2023-03-22,87.34
2023-03-23,87.35
2023-03-24,87.31
2023-03-25,87.42
2023-03-26,87.41
2023-03-27,87.4
2023-03-28,87.35
2023-03-29,87.35
2023-03-30,87.34
2023-03-31,87.4
2023-04-01,87.41
2023-04-02,87.39
2023-04-03,87.36
2023-04-04,87.37
2023-04-05,87.35
2023-04-06,87.34
2023-04-07,87.34
2023-04-08,87.33
2023-04-09,87.33
2023-04-10,87.32
2023-04-11,87.32
2023-04-12,87.35
2023-04-13,87.35
2023-04-14,87.38
2023-04-15,87.38
2023-04-16,87.36
2023-04-17,87.35
2023-04-18,87.34
2023-04-19,87.33
2023-04-20,87.33
2023-04-21,87.32
2023-04-22,87.31
2023-04-23,87.35
2023-04-24,87.37
2023-04-25,87.36
2023-04-26,87.35
2023-04-27,87.34
2023-04-28,87.34
2023-04-29,87.34
2023-04-30,87.34
2023-05-01,87.33
2023-05-02,87.32
2023-05-03,87.3
2023-05-04,87.29
2023-05-05,87.28
2023-05-06,87.27
2023-05-07,87.27
2023-05-08,87.26
2023-05-09,87.25
2023-05-10,87.25
2023-05-11,87.25
2023-05-12,87.24
2023-05-13,87.23
2023-05-14,87.22
2023-05-15,87.21
2023-05-16,87.2
2023-05-17,87.18
2023-05-18,87.17
2023-05-19,87.16
2023-05-20,87.15
2023-05-21,87.13
2023-05-22,87.12
2023-05-23,87.1
2023-05-24,87.07
2023-05-25,87.04
2023-05-26,87.01
2023-05-27,87.0
2023-05-28,86.98
2023-05-29,86.97
2023-05-30,86.95
2023-05-31,86.94
2023-06-01,86.92
2023-06-02,86.91
2023-06-03,86.9
2023-06-04,86.89
2023-06-05,86.88
2023-06-06,86.86
2023-06-07,86.84
2023-06-08,86.82
2023-06-09,86.8
2023-06-10,86.8
2023-06-11,86.91
2023-06-12,86.91
2023-06-13,86.9
2023-06-14,86.88
2023-06-15,86.26
2023-06-16,86.84
2023-06-17,86.83
2023-06-18,86.83
2023-06-19,86.81
2023-06-20,86.79
2023-06-21,86.77
2023-06-22,86.73
2023-06-23,86.73
2023-06-24,86.71
2023-06-25,86.69
2023-06-26,86.68
2023-06-27,86.66
2023-06-28,86.63
2023-06-29,86.61
2023-06-30,86.59
2023-07-01,86.57
2023-07-02,86.56
2023-07-03,86.54
2023-07-04,86.51
2023-07-05,86.52
2023-07-06,86.41
2023-07-07,86.48
2023-07-08,86.46
2023-07-09,86.45
2023-07-10,86.43
2023-07-11,86.39
2023-07-12,86.4
2023-07-13,86.37
2023-07-14,86.36
2023-07-15,86.35
2023-07-16,86.34
2023-07-17,86.32
2023-07-18,86.3
2023-07-19,86.29
2023-07-20,86.27
2023-07-21,86.25
2023-07-22,86.23
2023-07-23,86.22
2023-07-24,86.23
2023-07-25,86.23
2023-07-26,86.22
2023-07-27,86.2
2023-07-28,86.19
2023-07-29,86.18
2023-07-30,86.18
2023-07-31,86.17
2023-08-01,86.17
2023-08-02,86.18
2023-08-03,86.17
2023-08-04,86.16
2023-08-05,85.98
2023-08-06,85.07
2023-08-07,86.13
2023-08-08,86.11
2023-08-09,86.09
2023-08-10,86.08
2023-08-11,86.06
2023-08-12,86.06
2023-08-13,86.06
2023-08-14,85.96
2023-08-15,86.03
2023-08-16,86.0
2023-08-17,86.0
2023-08-18,85.98
2023-08-19,85.96
2023-08-20,85.95
2023-08-21,85.93
2023-08-22,85.9
2023-08-23,85.86
2023-08-24,85.83
2023-08-25,85.8
2023-08-26,85.79
2023-08-27,85.77
2023-08-28,85.75
2023-08-29,85.72
2023-08-30,85.68
2023-08-31,85.64
2023-09-01,85.61
2023-09-02,85.59
2023-09-03,85.57
2023-09-04,85.54
2023-09-05,85.51
2023-09-06,85.47
2023-09-07,85.44
2023-09-08,85.41
2023-09-09,85.38
2023-09-10,85.35
2023-09-11,85.33
2023-09-12,85.29
2023-09-13,85.25
2023-09-14,85.22
2023-09-15,85.19
2023-09-16,85.17
2023-09-17,85.14
2023-09-18,85.12
2023-09-19,85.09
2023-09-20,85.06
2023-09-21,85.08
2023-09-22,84.92
2023-09-23,84.09
2023-09-24,84.97
2023-09-25,84.74
2023-09-26,84.82
2023-09-27,84.85
2023-09-28,84.81
2023-09-29,84.77
2023-09-30,84.73
2023-10-01,84.69
2023-10-02,84.64
2023-10-03,84.6
2023-10-04,84.56
2023-10-05,84.41
2023-10-06,84.48
2023-10-07,84.44
2023-10-08,84.41
2023-10-09,84.38
2023-10-10,84.35
2023-10-11,84.11
2023-10-12,84.29
2023-10-13,84.26
2023-10-14,84.24
2023-10-15,84.22
2023-10-16,84.1
2023-10-17,84.11
2023-10-18,84.12
2023-10-19,84.12
2023-10-20,84.12
2023-10-21,84.1
2023-10-22,84.1
2023-10-23,84.07
2023-10-24,84.06
2023-10-25,83.9
2023-10-26,84.01
2023-10-27,83.99
2023-10-28,84.03
2023-10-29,84.12
2023-10-30,84.18
2023-10-31,84.12
2023-11-01,84.26
2023-11-02,84.54
2023-11-03,84.32
2023-11-04,84.57
2023-11-05,84.82
2023-11-06,83.99
2023-11-07,83.27
2023-11-08,84.88
2023-11-09,84.92
2023-11-10,84.95
2023-11-11,84.98
2023-11-12,85.03
2023-11-13,85.08
2023-11-14,85.15
2023-11-15,85.2
2023-11-16,85.03
2023-11-17,84.55
2023-11-18,85.5
2023-11-19,85.56
2023-11-20,85.6
2023-11-21,85.65
2023-11-22,85.68
2023-11-23,85.71
2023-11-24,85.73
2023-11-25,85.76
2023-11-26,85.78
2023-11-27,85.79
2023-11-28,85.81
2023-11-29,85.83
2023-11-30,85.84
2023-12-01,85.84
2023-12-02,85.83
2023-12-03,85.82
2023-12-04,85.85
2023-12-05,85.9
2023-12-06,85.91
2023-12-07,85.91
2023-12-08,85.94
2023-12-09,85.76
2023-12-10,85.55
2023-12-11,86.2
2023-12-12,86.24
2023-12-13,86.22
2023-12-14,86.3
2023-12-15,86.32
2023-12-16,86.33
2023-12-17,86.35
2023-12-18,85.01
2023-12-19,86.34
2023-12-20,86.34
2023-12-21,86.33
2023-12-22,86.33
2023-12-23,86.32
2023-12-24,86.32
2023-12-25,86.32
2023-12-26,86.31
2023-12-27,86.24
2023-12-28,86.28
2023-12-29,86.31
2023-12-30,86.24
2023-12-31,86.34
2024-01-01,86.37
2024-01-02,86.58
2024-01-03,86.84
2024-01-04,86.91
2024-01-05,86.97
2024-01-06,87.02
2024-01-07,87.07
2024-01-08,87.09
2024-01-09,87.1
2024-01-10,87.1
2024-01-11,87.1
2024-01-12,87.09
2024-01-13,87.09
2024-01-14,87.09
2024-01-15,86.54
2024-01-16,87.08
2024-01-17,87.18
2024-01-18,87.35
2024-01-19,87.37
2024-01-20,87.37
2024-01-21,87.35
2024-01-22,87.36
2024-01-23,87.36
2024-01-24,87.17
2024-01-25,87.35
2024-01-26,86.9
2024-01-27,87.36
2024-01-28,87.36
2024-01-29,87.35
2024-01-30,87.34
2024-01-31,87.33
2024-02-01,87.03
2024-02-02,87.1
2024-02-03,87.31
2024-02-04,87.31
2024-02-05,87.3
2024-02-06,87.29
2024-02-07,87.28
2024-02-08,87.26
2024-02-09,87.42
2024-02-10,87.42
2024-02-11,87.4
2024-02-12,87.37
2024-02-13,87.37
2024-02-14,87.36
2024-02-15,87.35
2024-02-16,87.35
2024-02-17,87.33
2024-02-18,87.34
2024-02-19,87.34
2024-02-20,87.34
2024-02-21,87.34
2024-02-22,87.39
2024-02-23,87.4
2024-02-24,87.39
2024-02-25,87.39
2024-02-26,87.4
2024-02-27,87.41
2024-02-28,87.39
2024-02-29,87.38
2024-03-01,87.42
2024-03-02,87.42
2024-03-03,87.41
2024-03-04,87.39
2024-03-05,87.4
2024-03-06,87.39
2024-03-07,87.37
2024-03-08,87.37
2024-03-09,87.38
2024-03-10,87.18
2024-03-11,87.37
2024-03-12,87.35
2024-03-13,87.33
2024-03-14,87.31
2024-03-15,87.3
2024-03-16,87.3
2024-03-17,87.3
2024-03-18,87.32
2024-03-19,87.32
2024-03-20,87.31
2024-03-21,87.3
2024-03-22,87.29
2024-03-23,87.28
2024-03-24,87.27
2024-03-25,87.26
2024-03-26,87.25
2024-03-27,87.24
2024-03-28,87.29
2024-03-29,87.3
2024-03-30,87.31
2024-03-31,87.32
2024-04-01,87.34
2024-04-02,87.34
2024-04-03,87.36
2024-04-04,87.4
2024-04-05,87.28
2024-04-06,87.27
2024-04-07,87.38
2024-04-08,87.38
2024-04-09,87.39
2024-04-10,87.37
2024-04-11,87.34
2024-04-12,87.33
2024-04-13,87.31
2024-04-14,87.3
2024-04-15,87.29
2024-04-16,87.28
2024-04-17,87.28
2024-04-18,87.28
2024-04-19,87.28
2024-04-20,87.28
2024-04-21,87.29
2024-04-22,87.29
2024-04-23,87.29
2024-04-24,87.29
2024-04-25,87.29
2024-04-26,87.29
2024-04-27,87.31
2024-04-28,87.32
2024-04-29,87.33
2024-04-30,87.33
2024-05-01,87.34
2024-05-02,87.33
2024-05-03,87.33
2024-05-04,87.33
2024-05-05,87.33
2024-05-06,87.34
2024-05-07,87.34
2024-05-08,87.33
2024-05-09,87.33
2024-05-10,87.32
2024-05-11,87.3
2024-05-12,87.32
2024-05-13,87.32
2024-05-14,87.33
2024-05-15,87.33
2024-05-16,87.33
2024-05-17,87.01
2024-05-18,87.33
2024-05-19,87.33
2024-05-20,87.33
2024-05-21,87.28
2024-05-22,87.33
2024-05-23,87.33
2024-05-24,87.32
2024-05-25,87.3
2024-05-26,87.29
2024-05-27,87.28
2024-05-28,87.26
2024-05-29,87.25
2024-05-30,87.24
2024-05-31,87.22
2024-06-01,87.21
2024-06-02,87.19
2024-06-03,87.18
2024-06-04,87.18
2024-06-05,87.18
2024-06-06,87.17
2024-06-07,87.17
2024-06-08,87.16
2024-06-09,87.16
2024-06-10,87.15
2024-06-11,87.13
2024-06-12,87.11
2024-06-13,87.1
2024-06-14,87.08
2024-06-15,87.07
2024-06-16,87.05
2024-06-17,87.04
2024-06-18,87.04
2024-06-19,87.04
2024-06-20,87.03
2024-06-21,87.02
2024-06-22,87.0
2024-06-23,86.99
2024-06-24,86.97
2024-06-25,86.95
2024-06-26,86.93
2024-06-27,86.9
2024-06-28,86.85
2024-06-29,86.82
2024-06-30,86.78
2024-07-01,86.24
2024-07-02,85.71
2024-07-03,86.66
2024-07-04,86.61
2024-07-05,86.57
2024-07-06,86.54
2024-07-07,86.5
2024-07-08,86.46
2024-07-09,86.43
2024-07-10,86.4
2024-07-11,86.36
2024-07-12,86.33
2024-07-13,86.3
2024-07-14,86.28
2024-07-15,86.25
2024-07-16,86.21
2024-07-17,86.17
2024-07-18,86.13
2024-07-19,86.09
2024-07-20,86.06
2024-07-21,86.04
2024-07-22,86.0
2024-07-23,85.97
2024-07-24,85.94
2024-07-25,85.9
2024-07-26,85.86
2024-07-27,85.84
2024-07-28,85.8
2024-07-29,85.76
2024-07-30,85.73
2024-07-31,85.69
2024-08-01,85.65
2024-08-02,85.62
2024-08-03,85.59
2024-08-04,85.55
2024-08-05,85.52
2024-08-06,85.49
2024-08-07,85.46
2024-08-08,85.42
2024-08-09,85.39
2024-08-10,85.36
2024-08-11,85.32
2024-08-12,85.29
2024-08-13,85.26
2024-08-14,85.23
2024-08-15,85.2
2024-08-16,85.16
2024-08-17,85.14
2024-08-18,84.57
2024-08-19,85.08
2024-08-20,85.04
2024-08-21,85.0
2024-08-22,84.97
2024-08-23,84.93
2024-08-24,84.92
2024-08-25,84.9
2024-08-26,84.86
2024-08-27,84.81
2024-08-28,84.29
2024-08-29,84.76
2024-08-30,84.73
2024-08-31,84.7
2024-09-01,84.67
2024-09-02,84.65
2024-09-03,84.61
2024-09-04,84.59
2024-09-05,84.56
2024-09-06,84.53
2024-09-07,84.51
2024-09-08,84.51
2024-09-09,84.49
2024-09-10,84.46
2024-09-11,84.42
2024-09-12,84.38
2024-09-13,84.34
2024-09-14,84.31
2024-09-15,84.26
2024-09-16,84.24
2024-09-17,84.2
2024-09-18,83.99
2024-09-19,84.11
2024-09-20,84.07
2024-09-21,84.04
2024-09-22,84.01
2024-09-23,83.96
2024-09-24,83.92
2024-09-25,83.87
2024-09-26,83.85
2024-09-27,83.81
2024-09-28,83.78
2024-09-29,83.74
2024-09-30,83.71
2024-10-01,83.67
2024-10-02,82.66
2024-10-03,83.59
2024-10-04,83.55
2024-10-05,83.29
2024-10-06,83.14
2024-10-07,83.44
2024-10-08,83.4
2024-10-09,83.37
2024-10-10,83.39
2024-10-11,83.26
2024-10-12,83.33
2024-10-13,83.3
2024-10-14,83.09
2024-10-15,82.97
2024-10-16,83.16
2024-10-17,83.16
2024-10-18,83.13
2024-10-19,83.07
2024-10-20,83.1
2024-10-21,83.12
2024-10-22,83.11
2024-10-23,83.3
2024-10-24,83.29
2024-10-25,83.3
2024-10-26,83.29
2024-10-27,83.27
2024-10-28,83.24
2024-10-29,83.22
2024-10-30,83.2
2024-10-31,83.17
2024-11-01,83.15
2024-11-02,83.13
2024-11-03,83.09
2024-11-04,83.07
2024-11-05,83.04
2024-11-06,83.01
2024-11-07,82.99
2024-11-08,82.98
2024-11-09,82.97
2024-11-10,82.95
2024-11-11,82.94
2024-11-12,82.91
2024-11-13,82.88
2024-11-14,82.83
2024-11-15,82.81
2024-11-16,82.78
2024-11-17,82.75
2024-11-18,82.71
2024-11-19,82.67
2024-11-20,82.64
2024-11-21,82.63
2024-11-22,82.55
2024-11-23,82.66
2024-11-24,82.67
2024-11-25,82.69
2024-11-26,82.7
2024-11-27,82.76
2024-11-28,82.89
2024-11-29,82.96
2024-11-30,83.01
2024-12-01,83.03
2024-12-02,83.05
2024-12-03,83.07
2024-12-04,83.05
2024-12-05,83.05
2024-12-06,83.05
2024-12-07,83.06
2024-12-08,83.09
2024-12-09,83.13
2024-12-10,83.17
2024-12-11,83.21
2024-12-12,83.24
2024-12-13,83.26
2024-12-14,83.27
2024-12-15,83.28
2024-12-16,83.29
2024-12-17,83.31
2024-12-18,83.34
2024-12-19,83.38
2024-12-20,83.45
2024-12-21,83.52
2024-12-22,83.58
2024-12-23,83.64
2024-12-24,83.7
2024-12-25,83.75
2024-12-26,83.66
2024-12-27,83.84
2024-12-28,83.88
2024-12-29,83.91
2024-12-30,83.93
2024-12-31,83.93
2025-01-01,83.95
2025-01-02,84.12
2025-01-03,83.65
2025-01-04,84.47
2025-01-05,84.7
2025-01-06,82.83
2025-01-07,85.23
2025-01-08,85.42
2025-01-09,85.79
2025-01-10,86.01
2025-01-11,86.2
2025-01-12,86.28
2025-01-13,86.32
2025-01-14,86.36
2025-01-15,86.39
2025-01-16,86.41
2025-01-17,86.43
2025-01-18,86.45
2025-01-19,86.46
2025-01-20,86.46
2025-01-21,86.46
2025-01-22,86.48
2025-01-23,86.54
2025-01-24,86.65
2025-01-25,87.08
2025-01-26,87.39
2025-01-27,87.53
2025-01-28,87.44
2025-01-29,87.4
2025-01-30,87.46
2025-01-31,87.12
2025-02-01,86.94
2025-02-02,87.4
2025-02-03,87.38
2025-02-04,87.36
2025-02-05,87.35
2025-02-06,87.34
2025-02-07,87.34
2025-02-08,87.34
2025-02-09,87.34
2025-02-10,87.35
2025-02-11,87.35
2025-02-12,87.34
2025-02-13,87.34
2025-02-14,87.34
2025-02-15,87.35
2025-02-16,87.35
2025-02-17,87.34
2025-02-18,87.33
2025-02-19,87.32
2025-02-20,87.3
2025-02-21,87.3
2025-02-22,86.99
2025-02-23,87.35
2025-02-24,87.26
2025-02-25,87.25
2025-02-26,87.41
2025-02-27,87.36
2025-02-28,87.4
2025-03-01,87.39
2025-03-02,87.38
2025-03-03,87.37
2025-03-04,87.36
2025-03-05,87.35
2025-03-06,87.34
2025-03-07,87.33
2025-03-08,87.33
2025-03-09,87.33
2025-03-10,87.34
2025-03-11,87.33
2025-03-12,87.33
2025-03-13,87.32
2025-03-14,87.31
2025-03-15,87.3
2025-03-16,87.29
2025-03-17,87.28
2025-03-18,87.27
2025-03-19,87.13
2025-03-20,87.04
2025-03-21,87.23
2025-03-22,87.22
2025-03-23,87.24
2025-03-24,87.24
2025-03-25,87.24
2025-03-26,87.24
2025-03-27,87.25
2025-03-28,87.25
2025-03-29,86.66
2025-03-30,87.25
2025-03-31,87.26
2025-04-01,87.26
2025-04-02,87.25
2025-04-03,87.26
2025-04-04,87.26
2025-04-05,87.26
2025-04-06,87.26
2025-04-07,87.26
2025-04-08,87.26
2025-04-09,87.27
2025-04-10,87.26
2025-04-11,87.26
2025-04-12,87.26
2025-04-13,87.26
2025-04-14,87.26
2025-04-15,87.26
2025-04-16,87.24
2025-04-17,87.27
2025-04-18,87.21
2025-04-19,87.29
2025-04-20,87.3
2025-04-21,87.31
2025-04-22,87.31
2025-04-23,87.31
2025-04-24,87.32
2025-04-25,87.3
2025-04-26,87.32
2025-04-27,87.32
2025-04-28,87.31
2025-04-29,87.3
2025-04-30,87.3
2025-05-01,87.29
2025-05-02,87.28
2025-05-03,87.27
2025-05-04,87.27
2025-05-05,87.26
2025-05-06,87.25
2025-05-07,87.23
2025-05-08,87.22
2025-05-09,87.21
2025-05-10,87.21
2025-05-11,87.21
2025-05-12,87.21
2025-05-13,87.21
2025-05-14,87.19
2025-05-15,87.18
2025-05-16,87.17
2025-05-17,87.16
2025-05-18,87.15
2025-05-19,87.14
2025-05-20,87.12
2025-05-21,87.11
2025-05-22,87.1
2025-05-23,87.08
2025-05-24,87.07
2025-05-25,87.06
2025-05-26,87.05
2025-05-27,87.03
2025-05-28,87.01
2025-05-29,86.98
2025-05-30,86.99
2025-05-31,86.64
2025-06-01,86.12
2025-06-02,86.96
2025-06-03,86.95
2025-06-04,86.93
2025-06-05,86.92
2025-06-06,86.91
2025-06-07,86.89
2025-06-08,86.88
2025-06-09,86.88
2025-06-10,86.86
2025-06-11,85.66
2025-06-12,86.81
2025-06-13,85.32
2025-06-14,86.78
2025-06-15,86.76
2025-06-16,86.74
2025-06-17,86.72
2025-06-18,86.64
2025-06-19,86.66
2025-06-20,86.63
2025-06-21,86.61
2025-06-22,86.59
2025-06-23,86.57
2025-06-24,86.54
2025-06-25,86.52
2025-06-26,86.49
2025-06-27,86.46
2025-06-28,86.45
2025-06-29,86.44
2025-06-30,86.41
2025-07-01,86.39
2025-07-02,86.36
2025-07-03,86.31
2025-07-04,86.27
2025-07-05,86.23
2025-07-06,86.2
2025-07-07,86.17
2025-07-08,86.13
2025-07-09,86.09
2025-07-10,86.05
2025-07-11,86.0
2025-07-12,85.96
2025-07-13,85.93
2025-07-14,85.91
2025-07-15,85.88
2025-07-16,85.84
2025-07-17,85.8
2025-07-18,85.77
2025-07-19,85.77
2025-07-20,85.77
2025-07-21,85.76
2025-07-22,85.73
2025-07-23,85.71
2025-07-24,85.69
2025-07-25,85.66
2025-07-26,85.63
2025-07-27,85.61
2025-07-28,85.58
2025-07-29,85.55
2025-07-30,85.52
2025-07-31,85.49
2025-08-01,85.47
2025-08-02,85.44
2025-08-03,85.41
2025-08-04,85.38
2025-08-05,85.35
2025-08-06,85.32
2025-08-07,85.28
2025-08-08,85.25
2025-08-09,85.21
2025-08-10,85.17
2025-08-11,85.13
2025-08-12,85.09
2025-08-13,85.05
2025-08-14,85.0
2025-08-15,84.96
2025-08-16,84.91
2025-08-17,84.87
2025-08-18,84.83
2025-08-19,84.78
2025-08-20,84.73
2025-08-21,84.68
2025-08-22,84.64
2025-08-23,84.59
2025-08-24,84.55
2025-08-25,84.5
2025-08-26,84.45
2025-08-27,84.39
2025-08-28,84.35
2025-08-29,84.3
2025-08-30,84.25
2025-08-31,84.18
2025-09-01,84.13
2025-09-02,84.11
2025-09-03,84.09
2025-09-04,84.08
2025-09-05,84.05
2025-09-06,84.03
2025-09-07,84.01
2025-09-08,83.98
2025-09-09,83.95
2025-09-10,83.92
2025-09-11,83.91
2025-09-12,83.89
2025-09-13,83.86
2025-09-14,83.84
2025-09-15,83.82
2025-09-16,83.79
2025-09-17,83.76
2025-09-18,83.73
2025-09-19,83.69
2025-09-20,83.66
2025-09-21,83.64
2025-09-22,83.62
2025-09-23,83.59
2025-09-24,83.56
2025-09-25,83.52
2025-09-26,83.48
2025-09-27,83.45
2025-09-28,83.42
2025-09-29,83.38
2025-09-30,83.35
2025-10-01,83.3
2025-10-02,83.25
2025-10-03,83.2
2025-10-04,83.18
2025-10-05,83.16
2025-10-06,83.13
2025-10-07,83.1
2025-10-08,83.07
2025-10-09,83.03
2025-10-10,83.0
2025-10-11,82.97
2025-10-12,82.94
2025-10-13,82.91
2025-10-14,82.88
2025-10-15,82.84
2025-10-16,82.81
2025-10-17,82.76
2025-10-18,82.72
2025-10-19,82.68
2025-10-20,82.67
2025-10-21,82.64
2025-10-22,82.62
2025-10-23,82.61
2025-10-24,82.58
2025-10-25,82.55
2025-10-26,82.54
2025-10-27,82.54
2025-10-28,82.51
2025-10-29,82.48
2025-10-30,82.46
2025-10-31,82.42
2025-11-01,82.41
2025-11-02,82.41
2025-11-03,82.03
2025-11-04,82.36
2025-11-05,82.32
2025-11-06,82.28
2025-11-07,82.27
2025-11-08,82.25
2025-11-09,82.23
2025-11-10,82.21
2025-11-11,82.21
2025-11-12,82.19
2025-11-13,82.17
2025-11-14,82.14
2025-11-15,82.12
2025-11-16,82.1
2025-11-17,82.08
2025-11-18,82.03
2025-11-19,81.36
2025-11-20,81.94
2025-11-21,81.9
2025-11-22,81.87
2025-11-23,81.85
2025-11-24,81.84
2025-11-25,81.83
2025-11-26,81.81
2025-11-27,81.78
2025-11-28,81.75
2025-11-29,81.74
2025-11-30,81.73
2025-12-01,81.7
2025-12-02,81.71
2025-12-03,81.7
2025-12-04,81.67
2025-12-05,81.66
2025-12-06,81.69
2025-12-07,81.72
2025-12-08,81.81
2025-12-09,81.89
2025-12-10,81.93
2025-12-11,81.94
2025-12-12,81.94
2025-12-13,81.97
2025-12-14,81.97
2025-12-15,81.96
2025-12-16,82.0
2025-12-17,82.03
2025-12-18,82.06
2025-12-19,82.15
2025-12-20,82.22
2025-12-21,82.27
2025-12-22,82.33
2025-12-23,82.36
2025-12-24,82.4
2025-12-25,82.43
2025-12-26,82.45
2025-12-27,82.46
2025-12-28,82.47
2025-12-29,82.48
2025-12-30,82.45
2025-12-31,82.42
2026-01-01,82.39
2026-01-02,82.35
2026-01-03,82.33
2026-01-04,82.29
2026-01-05,82.25
2026-01-06,82.23
2026-01-07,82.21
2026-01-08,82.19
2026-01-09,82.18
2026-01-10,82.23
2026-01-11,82.24
2026-01-12,82.32
2026-01-13,82.52
2026-01-14,82.64
2026-01-15,82.75
2026-01-16,83.0
2026-01-17,83.18
2026-01-18,83.32
2026-01-19,83.41
2026-01-20,83.54
2026-01-21,83.95
2026-01-22,84.39
2026-01-23,84.53
2026-01-24,84.66
2026-01-25,84.81
2026-01-26,84.9
2026-01-27,85.13
2026-01-28,85.32
2026-01-29,85.37
2026-01-30,85.44
2026-01-31,85.54
2026-02-01,85.59
2026-02-02,85.64
2026-02-03,85.73
2026-02-04,85.84
2026-02-05,86.15
2026-02-06,86.5
2026-02-07,86.63
2026-02-08,86.75
2026-02-09,86.81
2026-02-10,86.93
2026-02-11,87.05
2026-02-12,87.23
2026-02-13,87.3
2026-02-14,87.37
2026-02-15,87.41
2026-02-16,87.41
2026-02-17,87.41
2026-02-18,87.45
2026-02-19,87.51
2026-02-20,87.44
2026-02-21,87.41
2026-02-22,87.39
2026-02-23,87.37
2026-02-24,87.36
2026-02-25,87.36
2026-02-26,87.33
2026-02-27,87.33
2026-02-28,87.33
