cell_id,geom_type,n0,n1,n2,n3,centroid_x,centroid_y,area_m2,z_top_centroid,z_top_mean,z_bottom_centroid,z_bottom_mean,geology_code,geology_key,hydraulic_conductivity_m_s,storage_coefficient
0,triangle,65,785,64,,361599.07527122454,6951822.328861394,8738.00341796875,76.17421607939356,77.55916811830589,26.174216079393563,27.5591681183059,12,1841,7.95270728767e-06,
1,triangle,314,1278,313,,358994.1574291326,6947273.291235332,7587.974609375,84.33157328544638,86.3661566595368,34.33157328544638,36.36615665953681,12,1841,7.95270728767e-06,
2,triangle,487,1175,488,,359487.02876984124,6956452.405753967,7248.8837890625,101.88495439350876,102.09056209134553,51.884954393508764,52.09056209134554,65,1681,6.32455532034e-06,
3,triangle,1132,1222,650,,361480.6021508538,6956672.364249933,269964.119140625,136.39110020356253,134.000226132334,86.39110020356252,84.00022613233402,65,1681,6.32455532034e-06,
4,triangle,446,1102,447,,358706.2575809691,6951356.097076272,8419.443359375,46.68553031203682,46.939348758515045,-3.3144696879631734,-3.0606512414849596,12,1841,7.95270728767e-06,
5,triangle,854,1099,685,,360306.89752683305,6955850.0598821,145691.44091796875,141.69241400288243,141.14660648052208,91.69241400288243,91.14660648052205,65,1681,6.32455532034e-06,
6,triangle,663,1271,540,,360690.3910753051,6946817.109482519,107911.61474609375,105.25692438023691,102.67513638349646,55.25692438023691,52.67513638349647,52,1561,1.1469996450464645e-05,
7,triangle,610,1297,70,,362341.30224251753,6952524.766035396,28942.2021484375,107.26634756268781,107.37148246341712,57.26634756268783,57.37148246341712,65,1681,6.4408518894350004e-06,
8,triangle,368,1147,369,,360230.90058304946,6948433.249656543,7773.6845703125,76.98519023039307,76.95386001099034,26.985190230393073,26.953860010990343,12,1841,7.95270728767e-06,
9,triangle,435,1116,434,,361095.7408814168,6949321.494656,8522.29931640625,78.82583108532363,77.96778841678217,28.825831085323628,27.967788416782167,12,1841,7.95270728767e-06,
10,triangle,437,1116,436,,360995.7408814168,6949221.494656,8522.2998046875,74.2026048529473,74.66778790815586,24.202604852947296,24.667787908155862,12,1841,7.95270728767e-06,
11,triangle,158,763,157,,357297.29591836734,6952254.591836735,10429.208984375,55.04930975456441,47.74406298751635,5.049309754564414,-2.255937012483649,12,1841,7.95270728767e-06,
12,triangle,207,764,206,,355918.57126423664,6955191.450814742,12935.0166015625,81.97338934339008,82.66892177199385,31.97338934339009,32.66892177199386,6,1721,1.189207115e-05,
13,triangle,417,733,418,,360969.4889188995,6948722.0017614635,12207.29833984375,77.19266403726228,73.79199478991397,27.192664037262276,23.791994789913975,12,1841,7.95270728767e-06,
14,triangle,508,1322,790,,364045.5224953701,6956870.699455879,157079.43310546875,104.74253554856216,104.67168242362972,54.74253554856215,54.671682423629704,12,1841,7.95270728767e-06,
15,triangle,497,1391,821,,358529.98661107366,6944796.290106364,243873.09765625,107.92223901879369,113.46498118556838,57.92223901879369,63.46498118556837,18,2041,4.30886938006e-06,
16,triangle,679,1063,868,,355206.0237336922,6948134.084352952,258237.62548828125,73.5148296259381,72.76171192192112,23.514829625938106,22.76171192192113,12,1841,7.95270728767e-06,
17,triangle,785,858,525,,361686.71209737775,6951612.075779664,34656.79931640625,94.91530162422058,92.36379852667001,44.91530162422056,42.36379852667002,12,1841,7.95270728767e-06,
18,triangle,415,958,414,,359193.75,6951543.75,12656.25,45.18749928474426,45.20416673024496,-4.812500715255737,-4.795833269755046,12,1841,7.95270728767e-06,
19,triangle,565,1041,564,,363457.8407642509,6951283.829794253,74370.32177734375,97.73792975867256,101.25969470126408,47.73792975867257,51.25969470126407,65,1681,6.32455532034e-06,
20,triangle,590,1269,1130,,369792.05489272065,6957935.203393978,2071489.953125,17.319013664575017,58.81913733980779,-32.68098633542498,8.819137339807783,49,21,2.9182306138414284e-05,
21,triangle,679,975,745,,356056.31737548526,6948474.171537679,153755.48046875,65.46485005394283,71.2335550055498,15.464850053942818,21.233555005549803,12,1841,7.95270728767e-06,
22,triangle,90,1086,89,,364185.0,6956027.5,5203.125,25.87000071207656,31.996332791646296,-24.129999287923443,-18.003667208353704,12,1841,7.95270728767e-06,
23,triangle,707,863,822,,356871.0824767032,6953641.755505676,52165.7060546875,94.20323354066313,88.38986051188287,44.203233540663135,38.389860511882866,65,1681,6.32455532034e-06,
24,triangle,586,1153,585,,364602.4752195323,6960648.308283783,2071416.787109375,10.897172714161503,10.629570119366239,-39.1028272858385,-6712.456809960211,23,2151,7.214138902786072e-06,
25,triangle,612,1449,71,,362863.541095156,6953083.559093326,21868.9912109375,78.33864093076652,79.63078495220377,28.33864093076652,29.630784952203772,65,1681,6.4408518894350004e-06,
26,triangle,665,761,495,,359587.25613358687,6945164.331895876,206162.943359375,111.58877417900433,115.07877126710999,61.58877417900434,65.07877126710999,52,1561,1.189207115e-05,
27,triangle,517,1094,1046,,356960.1241152913,6957865.609676403,150629.93701171875,163.78407998792392,162.41155496588476,113.78407998792396,112.41155496588476,65,1681,6.32455532034e-06,
28,triangle,494,1362,644,,359238.17305150884,6946215.12468313,31250.2021484375,97.1656203444399,100.17422207183454,47.1656203444399,50.174222071834514,12,1841,7.822570219541072e-06,
29,triangle,1087,1139,864,,353701.8812496892,6946932.733676624,1296138.9780273438,53.427416732531526,67.27822217552993,3.427416732531525,17.278222175529933,12,1841,8.50943840271679e-06,
30,triangle,590,1130,589,,370353.77565657906,6958791.743366065,1803737.9125976562,69.11358283591356,50.678288219652664,19.11358283591357,0.6782882196526628,12,1841,2.2497455611836427e-05,
31,triangle,659,950,660,,362056.456300561,6949552.646482895,63781.072265625,94.06079194741717,92.81595201950358,44.06079194741717,42.81595201950358,65,1681,6.32455532034e-06,
32,triangle,186,1150,185,,356651.75325383834,6956786.688137349,6742.673828125,113.49240550926301,111.99963138943296,63.49240550926301,61.999631389432956,6,1721,1.189207115e-05,
33,triangle,66,858,65,,361721.8970402863,6951854.671679527,5099.43603515625,81.54737238012478,82.67803846845665,31.54737238012478,32.67803846845665,12,1841,7.95270728767e-06,
34,triangle,572,805,571,,350951.2460632648,6947372.646185902,1462249.732421875,56.84452624181074,41.00706578422867,6.844526241810748,-8.992934215771326,16,1441,1e-05,
35,triangle,650,1433,511,,362059.4035961793,6957226.936075087,207294.07666015625,101.4980817138395,111.48948486978334,51.4980817138395,61.48948486978333,12,1841,7.95270728767e-06,
36,triangle,1038,1205,548,,354195.5074450856,6953652.764993434,142401.05126953125,103.42416368807491,103.85597639984053,53.42416368807492,53.855976399840536,6,1721,1.189207115e-05,
37,triangle,657,1227,524,,365020.7285746331,6955544.1952103,22793.41943359375,56.317490348220055,65.95246496625082,6.317490348220057,15.952464966250814,65,1681,6.6152967430775e-06,
38,triangle,975,1350,358,,356441.82769501326,6948649.114713818,30181.29248046875,59.920121894458376,61.73235022849289,9.920121894458376,11.732350228492892,12,1841,7.95270728767e-06,
39,triangle,714,857,416,,361302.10899496096,6948757.163458361,52234.15185546875,79.4744461004162,78.9433519061388,29.474446100416202,28.943351906138812,12,1841,7.95270728767e-06,
40,triangle,554,1226,670,,368339.05505235726,6953428.6555882795,243285.0458984375,110.9138978489635,144.18305389874686,60.913897848963494,94.18305389874688,6,1721,1.189207115e-05,
41,triangle,73,1079,72,,363301.6837883734,6953273.231226995,45505.767578125,70.54257934359069,81.43576881121685,20.542579343590678,31.435768811216843,65,1681,6.3827036048875e-06,
42,triangle,781,1411,1281,,367028.93260055507,6954067.561886065,155294.22265625,146.3450666249564,151.85892523517487,96.3450666249564,101.85892523517487,65,1681,6.32455532034e-06,
43,triangle,745,1128,813,,356164.01478390273,6948037.5,61919.21826171875,71.93940864389064,70.0630061510015,21.939408643890644,20.0630061510015,12,1841,7.95270728767e-06,
44,triangle,1163,1322,508,,363941.94971197844,6957107.918967192,129088.36328125,124.67853612178509,117.84208477786505,74.67853612178509,67.84208477786503,12,1841,7.95270728767e-06,
45,triangle,529,1242,660,,361831.3265694513,6949171.333864947,71040.6728515625,95.78977800477966,93.44721507370998,45.78977800477968,43.44721507370997,12,1841,7.836410718575001e-06,
46,triangle,789,1222,1132,,361402.2402959559,6956306.812104833,249089.65966796875,144.21987164508556,141.40397271228107,94.21987164508556,91.40397271228107,65,1681,6.32455532034e-06,
47,triangle,805,1087,571,,351693.3383714819,6946713.5873182975,1840127.1811523438,55.97198398703386,57.60833679996276,5.971983987033861,7.608336799962754,16,1441,1e-05,
48,triangle,1044,1222,749,,360615.00621257274,6956586.507539842,112319.64794921875,132.78088682930544,133.58812399544453,82.78088682930544,83.58812399544455,65,1681,6.32455532034e-06,
49,triangle,78,1227,616,,364885.1191120955,6955411.059559088,29769.55859375,57.25481988050148,59.86831705612101,7.254819880501485,9.868317056121002,65,1681,6.673445027625e-06,
50,triangle,717,1146,687,,368037.45121113694,6950482.596584603,1560533.6557617188,134.24041878738888,143.54443227231698,84.24041878738888,93.544432272317,6,1721,1.189207115e-05,
51,triangle,781,1281,980,,366766.8297335315,6953834.78663806,182954.83642578125,166.31214216162843,157.749892613854,116.31214216162844,107.74989261385402,65,1681,6.32455532034e-06,
52,triangle,687,724,717,,367096.0578948674,6950826.015556745,1649763.357421875,137.03135688188198,130.84174162516317,87.03135688188198,80.84174162516315,6,1721,1.189207115e-05,
53,triangle,562,1148,561,,363817.36526679527,6952021.749389499,117605.9462890625,97.71187912239748,105.01740950947084,47.71187912239748,55.017409509470845,65,1681,6.3827036048875e-06,
54,triangle,358,910,745,,356487.5,6948412.5,14062.5,59.82499949137369,60.42499987284342,9.824999491373688,10.424999872843424,12,1841,7.95270728767e-06,
55,triangle,557,1427,672,,365516.9314933434,6952819.607878096,54378.00390625,118.06652560629132,122.86822844684508,68.06652560629131,72.8682284468451,65,1681,6.4408518894350004e-06,
56,triangle,508,849,509,,363438.8603958723,6956831.983115113,65925.25341796875,132.92429417079808,122.36811376761186,82.92429417079808,72.36811376761187,65,1681,6.3827036048875e-06,
57,triangle,1281,1411,1084,,367335.7424097755,6953964.101827494,162103.05615234375,158.38431163663435,164.48543364828902,108.38431163663435,114.48543364828902,65,1681,6.32455532034e-06,
58,triangle,709,1423,811,,367270.4518295776,6955892.138589095,282630.5087890625,128.39421479024006,129.36204535635656,78.39421479024006,79.36204535635655,65,1681,6.32455532034e-06,
59,triangle,548,1136,1038,,353920.1374712568,6953719.900418232,144529.35107421875,107.82998155450025,105.93087539544761,57.82998155450025,55.93087539544761,6,1721,1.189207115e-05,
60,triangle,36,846,35,,360091.0714285714,6952908.928571428,6428.5712890625,32.13452321007775,33.01394546275929,-17.865476789922248,-16.986054537240715,12,1841,7.95270728767e-06,
61,triangle,155,1000,154,,357011.16071428574,6952150.744047619,5541.294921875,55.14623551169687,53.109591492582695,5.146235511696876,3.1095914925826986,12,1841,7.95270728767e-06,
62,triangle,220,1002,219,,356348.0543166255,6954362.424766165,5843.88916015625,75.88158174825939,75.03136416229874,25.881581748259393,25.03136416229874,6,1721,1.189207115e-05,
63,triangle,315,1005,316,,358864.60749259195,6947272.028297068,5959.31640625,83.78081935234525,82.38097253628773,33.78081935234525,32.380972536287736,12,1841,7.95270728767e-06,
64,triangle,319,1006,318,,358701.9668002683,6947488.714618475,5846.2646484375,79.03031699419967,80.13154294179604,29.030316994199666,30.131542941796045,12,1841,7.95270728767e-06,
65,triangle,374,1009,373,,360557.8953775062,6948691.099578445,6626.2978515625,68.5868130067962,69.83450299707523,18.586813006796216,19.834502997075234,12,1841,7.95270728767e-06,
66,triangle,394,1012,393,,359834.08838180016,6949898.292361513,6647.44287109375,56.46834637813885,57.24430223620842,6.468346378138852,7.244302236208417,12,1841,7.95270728767e-06,
67,triangle,538,530,662,,361772.7994315507,6947958.450382289,108168.2880859375,106.04495520424541,104.89540406483532,56.04495520424541,54.89540406483533,12,1841,8.093398854181786e-06,
68,triangle,556,1246,980,,366271.039333785,6953281.262957447,156155.5458984375,171.53739880778386,152.7382733102301,121.53739880778389,102.73827331023013,65,1681,6.32455532034e-06,
69,triangle,633,1378,172,,356669.8756356601,6954069.048669223,21425.828125,82.52312838971173,78.72542474343196,32.52312838971173,28.725424743431955,65,1681,6.32455532034e-06,
70,triangle,749,1057,1044,,360360.2698391555,6956620.874462116,43657.00439453125,130.96425079605635,129.27132767522502,80.96425079605635,79.27132767522501,65,1681,6.32455532034e-06,
71,triangle,680,860,713,,359149.1127824029,6949928.547755075,148079.91015625,82.595042689866,84.97561089767298,32.595042689866006,34.97561089767297,12,1841,7.95270728767e-06,
72,triangle,1108,1109,442,,358600.30170254834,6950839.098190949,44797.724609375,65.20681807440396,65.1954460473745,15.206818074403959,15.195446047374508,12,1841,7.95270728767e-06,
73,triangle,460,788,459,,359929.51388888893,6956401.736111111,8125.0,101.60056522401331,105.1656832807776,51.60056522401332,55.16568328077759,65,1681,6.32455532034e-06,
74,triangle,695,1456,961,,362112.3449024542,6955725.834185574,74603.15478515625,71.71761657869489,67.88822581576689,21.717616578694884,17.88822581576689,65,1681,6.32455532034e-06,
75,triangle,811,1129,709,,367117.57470212155,6956385.554154952,477710.21875,133.6327160227682,106.05226548045071,83.6327160227682,56.05226548045071,65,1681,6.32455532034e-06,
76,triangle,524,976,657,,364999.30389469565,6955636.6344207795,8882.5849609375,74.82564996752201,72.5478441014043,24.825649967522015,22.547844101404298,12,1841,7.8945590031225e-06,
77,triangle,596,1395,595,,370498.05022635893,6946756.488105297,1393096.4184570312,55.79436808843654,84.4857682350504,5.794368088436551,34.48576823505041,12,1841,7.95270728767e-06,
78,triangle,844,1250,1244,,357903.8417154011,6953342.389307524,70502.4404296875,78.8602488494077,77.90251636542193,28.860248849407686,27.902516365421928,65,1681,6.32455532034e-06,
79,triangle,988,1142,4,,357730.1551726133,6952313.809494887,13281.05810546875,42.19867852318999,42.73229302619268,-7.801321476810006,-7.267706973807324,12,1841,7.95270728767e-06,
80,triangle,544,826,666,,353295.0717025629,6950391.513546162,124621.458984375,109.48341097172803,109.79556599987541,59.48341097172805,59.7955659998754,6,1721,1.189207115e-05,
81,triangle,519,1096,518,,356125.7541120119,6958225.576814524,144427.759765625,173.24209996629372,168.82480228865248,123.24209996629375,118.82480228865246,12,1841,7.95270728767e-06,
82,triangle,858,859,525,,361849.8977403047,6951559.983324668,60470.8603515625,104.85430724656288,96.19713413827965,54.85430724656287,46.19713413827966,65,1681,6.673445027625e-06,
83,triangle,983,1425,713,,359599.92350285995,6949552.870702351,45605.8662109375,77.88257852268327,76.38389864623623,27.882578522683275,26.383898646236236,12,1841,7.95270728767e-06,
84,triangle,1039,1424,1040,,368228.07212103665,6954931.604061051,360018.7880859375,149.6798412833677,138.76123503278657,99.6798412833677,88.76123503278659,65,1681,6.55714845853e-06,
85,triangle,454,1357,1107,,359450.2402923454,6955413.903385322,25032.80908203125,79.87950845166453,84.25740776278163,29.879508451664538,34.257407762781625,65,1681,6.32455532034e-06,
86,triangle,807,1365,982,,356787.630881763,6951551.662113992,14224.27294921875,60.99992906568458,59.544478707669356,10.99992906568458,9.544478707669356,12,1841,7.95270728767e-06,
87,triangle,441,1403,440,,359713.08433695225,6950596.872261602,6745.11767578125,59.24105235266793,56.40437735604718,9.24105235266793,6.404377356047173,12,1841,7.95270728767e-06,
88,triangle,416,786,714,,361229.06841246394,6948899.311112028,24433.845703125,80.33821395973015,79.41519090149677,30.33821395973014,29.41519090149677,12,1841,7.95270728767e-06,
89,triangle,595,1395,1047,,369705.1778350346,6947131.490877454,1987533.46484375,74.18774776762963,82.13968999439327,24.187747767629634,32.13968999439325,12,1841,7.778262434027501e-06,
90,triangle,792,1310,703,,357965.1404881284,6951869.93615865,126391.84375,60.610178749344406,63.88798154493929,10.61017874934441,13.887981544939285,12,1841,7.95270728767e-06,
91,triangle,547,1388,779,,353480.8686893384,6952855.7056870535,217027.48193359375,93.89332407160897,97.57362344591284,43.89332407160896,47.57362344591284,65,1681,6.722235022458572e-06,
92,triangle,554,1219,1040,,368602.2595157726,6954334.0845559165,303621.0078125,143.57433962145126,132.90933125776644,93.57433962145126,82.90933125776645,65,1681,6.6152967430775e-06,
93,triangle,1099,1377,685,,360472.4672377468,6955590.941943991,198553.8466796875,154.67600229511473,154.6385113363582,104.67600229511473,104.63851133635819,65,1681,6.32455532034e-06,
94,triangle,543,809,542,,353279.35042058787,6949756.1543156775,60095.689453125,96.3898251729532,104.76660913636118,46.3898251729532,54.76660913636118,65,1681,6.523395171399286e-06,
95,triangle,459,788,458,,359954.51388888893,6956451.736111111,5117.1875,106.03034876254958,106.2656842980302,56.03034876254958,56.2656842980302,65,1681,6.32455532034e-06,
96,triangle,461,788,460,,359879.51388888893,6956376.736111111,5820.3125,102.67181067700908,103.4656837894039,52.67181067700908,53.4656837894039,65,1681,6.32455532034e-06,
97,triangle,371,1199,372,,360406.205202838,6948690.504933252,6671.21923828125,71.1228570315819,71.27807187403964,21.12285703158191,21.278071874039636,12,1841,7.95270728767e-06,
98,triangle,594,1146,593,,370313.6866338309,6950727.776002324,1917841.2939453125,163.31653906182785,147.988616194929,113.31653906182785,97.98861619492898,6,1721,9.704832788347857e-06,
99,triangle,972,1004,313,,359120.9985110925,6947220.074950725,23806.14599609375,86.99797912860002,89.71679835407777,36.997979128600015,39.71679835407778,12,1841,7.95270728767e-06,
100,triangle,835,855,674,,357105.0966583756,6946655.769305505,453153.1123046875,87.82552143512277,89.05922037712476,37.82552143512275,39.059220377124774,12,1841,7.95270728767e-06,
101,triangle,1096,1097,754,,355979.6387774429,6958802.946055154,222924.146484375,149.45403829783453,143.30743745604204,99.45403829783454,93.30743745604205,12,1841,7.95270728767e-06,
102,triangle,915,1085,368,,360389.82366659836,6948256.728544558,25208.9892578125,80.0175736806344,80.7746964111251,30.017573680634417,30.77469641112511,12,1841,7.95270728767e-06,
103,triangle,660,931,427,,361783.1314129855,6949516.305375787,20003.7509765625,85.73012523998813,85.50524727618438,35.73012523998812,35.505247276184384,12,1841,7.95270728767e-06,
104,triangle,814,855,835,,356657.85854405485,6946478.255159676,487582.4052734375,86.38189865361531,85.61462449856295,36.38189865361531,35.61462449856296,12,1841,7.95270728767e-06,
105,triangle,745,975,358,,356368.81737548526,6948536.671537679,54240.23291015625,62.36309316737332,63.300221926529616,12.363093167373322,13.300221926529622,12,1841,7.95270728767e-06,
106,triangle,1095,1380,553,,353684.90131739783,6956986.693467685,64006.419921875,138.3067925917405,133.52872204645288,88.30679259174052,83.52872204645284,65,1681,8.710633533051428e-06,
107,triangle,813,1063,679,,355558.5693064141,6947966.8400849,211358.7265625,75.20383754550392,73.08922942778001,25.203837545503916,23.08922942778001,12,1841,7.95270728767e-06,
108,triangle,1115,1151,783,,366652.50833969895,6955045.149593403,231609.64990234375,141.39283084973798,131.59018907719022,91.39283084973798,81.5901890771902,65,1681,6.32455532034e-06,
109,triangle,781,1151,1115,,366724.3872930496,6954644.151619499,238178.9111328125,121.00068554381566,131.8704877625327,71.00068554381565,81.8704877625327,65,1681,6.32455532034e-06,
110,triangle,745,813,679,,355967.39130434784,6948187.5,168750.0,79.97463569088224,74.10543549579099,29.974635690882234,24.10543549579099,12,1841,7.95270728767e-06,
111,triangle,1031,1335,1290,,356979.33460966934,6949580.637260755,175741.21240234375,85.76047248753062,79.45606670044802,35.76047248753062,29.45606670044802,12,1841,7.95270728767e-06,
112,triangle,800,1041,978,,362779.94188511797,6951039.128410961,203761.07763671875,107.73294367277632,111.19314761977176,57.7329436727763,61.193147619771764,65,1681,6.32455532034e-06,
113,triangle,911,1101,359,,356576.2975911207,6947766.371938664,25520.072265625,64.68640284796395,64.49721827134042,14.686402847963942,14.497218271340415,12,1841,7.95270728767e-06,
114,triangle,454,1107,1089,,359355.6136682751,6955322.913122113,49221.529296875,76.22117316905994,86.16641266590949,26.221173169059945,36.16641266590948,65,1681,6.32455532034e-06,
115,triangle,349,1178,350,,357208.3793982123,6948398.114733871,5837.0927734375,60.00235786402284,60.54452465096184,10.00235786402284,10.544524650961831,12,1841,7.95270728767e-06,
116,triangle,848,1377,1099,,360800.3070262421,6955613.065956787,146046.11181640625,166.64074965020902,152.08784859658996,116.64074965020903,102.08784859658995,65,1681,6.32455532034e-06,
117,triangle,701,1141,967,,364923.7639864386,6954284.756889726,135556.09521484375,104.20321379749333,105.85895088383045,54.20321379749333,55.858950883830424,65,1681,6.32455532034e-06,
118,triangle,813,1346,1063,,355585.0189637236,6947650.033524054,173008.9296875,73.26652249619895,69.96396646194319,23.26652249619894,19.963966461943194,12,1841,7.95270728767e-06,
119,triangle,822,1137,707,,357065.50961139024,6953739.923758338,118368.619140625,95.37994428890815,90.3384480854541,45.37994428890814,40.338448085454104,65,1681,6.32455532034e-06,
120,triangle,959,1113,505,,355378.0617279212,6950948.755299156,155033.37060546875,94.80986698412248,99.41880227376885,44.80986698412248,49.418802273768854,65,1681,6.32455532034e-06,
121,triangle,625,1092,624,,358376.7013123075,6953180.078710121,61385.90478515625,64.65010723303493,63.297586967745936,14.650107233034925,13.297586967745938,65,1681,6.32455532034e-06,
122,triangle,558,834,673,,365270.05545536015,6952350.172377139,107292.13525390625,111.76376821126985,112.6887841872216,61.76376821126985,62.68878418722161,12,1841,7.8945590031225e-06,
123,triangle,808,1355,896,,358306.6495570378,6947627.666764796,35940.9736328125,81.58515871023907,84.11078733659052,31.585158710239067,34.110787336590505,12,1841,7.95270728767e-06,
124,triangle,956,1230,1152,,364828.3627533827,6947614.501558055,1839994.818359375,74.16653289539374,84.63126379875925,24.16653289539374,34.63126379875925,6,1721,1.189207115e-05,
125,triangle,585,1153,795,,363902.6373380877,6959877.471041194,1869388.8276367188,20.79882591035102,43.67819061934878,-29.201174089648973,-3353.8812062537672,14,2121,8.676552883632144e-06,
126,triangle,509,849,510,,363172.4785919118,6956894.124461939,146019.220703125,134.17638716306914,119.91270909666666,84.17638716306912,69.91270909666666,65,1681,6.32455532034e-06,
127,triangle,618,1404,128,,361324.0050530792,6954044.533976543,31018.4599609375,27.127100975657882,30.412216740359828,-22.872899024342118,-19.587783259640172,65,1681,6.55714845853e-06,
128,triangle,615,1141,76,,364377.76914497325,6954535.107900913,68299.017578125,103.63602578842512,95.74982475107343,53.636025788425115,45.749824751073426,65,1681,6.4408518894350004e-06,
129,triangle,762,1261,520,,354495.59395994275,6957916.201524881,279034.8486328125,150.14224080940767,128.9648866353921,100.14224080940765,78.96488663539209,12,1841,7.95270728767e-06,
130,triangle,1071,1340,865,,353899.362264876,6954670.12807655,191610.7431640625,116.77123805971875,107.8274609212474,66.77123805971877,57.827460921247415,6,1721,1.189207115e-05,
131,triangle,179,1442,639,,358985.1470695928,6955824.732502007,25395.16162109375,103.92007004060059,104.33450516031202,53.92007004060059,54.33450516031203,65,1681,6.32455532034e-06,
132,triangle,548,1205,1043,,354321.98829080653,6953322.112668178,165638.3974609375,109.5506328295428,112.53845517383108,59.55063282954281,62.538455173831075,65,1681,6.722235022458572e-06,
133,triangle,88,1396,87,,364366.89299821184,6955980.708609682,5355.18115234375,25.390651635233922,25.990014043895666,-24.609348364766074,-24.009985956104334,12,1841,7.95270728767e-06,
134,triangle,856,1141,701,,364758.3840224349,6954084.00552453,131429.66357421875,94.2713900829009,106.9891393929413,44.27139008290089,56.98913939294129,65,1681,6.32455532034e-06,
135,triangle,934,984,935,,358894.2430512987,6951673.506996333,32792.2109375,52.22808430935633,49.28480013421133,2.228084309356334,-0.7151998657886783,12,1841,7.95270728767e-06,
136,triangle,434,1106,433,,361199.82120435516,6949433.247685711,9385.4794921875,76.66459794635875,77.5566544325171,26.664597946358754,27.556654432517103,12,1841,7.95270728767e-06,
137,triangle,443,1108,442,,358668.75,6950981.25,12656.25,62.662500619888306,60.716666062672935,12.662500619888306,10.716666062672934,12,1841,7.95270728767e-06,
138,triangle,447,984,448,,358788.5988709472,6951473.282250494,12339.38037109375,46.91942059314417,46.43811223195164,-3.0805794068558408,-3.561887768048356,12,1841,7.95270728767e-06,
139,triangle,679,981,975,,355797.632707471,6948710.601426571,211550.25341796875,57.14691716297786,71.51159319480304,7.1469171629778625,21.51159319480304,12,1841,7.95270728767e-06,
140,triangle,766,989,14,,358439.87814843655,6952561.870551865,16284.501953125,46.249782549434364,45.764824904293526,-3.7502174505656347,-4.235175095706475,12,1841,7.95270728767e-06,
141,triangle,14,990,766,,358524.65886635095,6952581.965060866,12094.296875,51.479374014187314,45.65080183164714,1.4793740141873089,-4.349198168352861,12,1841,7.95270728767e-06,
142,triangle,776,1023,442,,358510.71428571426,6951103.571428572,11049.107421875,59.48843562844928,58.7188774874395,9.488435628449288,8.718877487439498,12,1841,7.95270728767e-06,
143,triangle,637,1112,176,,358109.2862797012,6954548.607670449,48285.7373046875,103.75535075166918,104.84248034711952,53.75535075166918,54.842480347119505,65,1681,6.722235022458572e-06,
144,triangle,868,1426,679,,355246.1103605647,6948473.276827343,122884.1533203125,80.89881660879273,79.61749472447815,30.898816608792732,29.61749472447815,12,1841,7.95270728767e-06,
145,triangle,1135,1147,368,,360126.70152703515,6948306.41138156,47256.966796875,79.87248328044228,81.37144078774247,29.872483280442275,31.371440787742472,12,1841,7.95270728767e-06,
146,triangle,707,1137,1030,,357264.84645996353,6953544.314222249,147493.72509765625,95.8155662413568,90.60218634979208,45.815566241356805,40.60218634979208,65,1681,6.32455532034e-06,
147,triangle,35,1054,34,,359963.49798011803,6952811.284825809,7167.95751953125,33.17934391449575,36.64578420411968,-16.820656085504247,-13.354215795880322,12,1841,7.95270728767e-06,
148,triangle,484,1058,485,,359228.2156491315,6956617.352171953,7577.119140625,109.2888932813748,112.3251298031809,59.2888932813748,62.32512980318088,65,1681,6.32455532034e-06,
149,triangle,455,1057,456,,360124.7979957158,6956660.910353568,5602.2744140625,113.92310994943819,114.5017627196393,63.923109949438185,64.5017627196393,65,1681,6.32455532034e-06,
150,triangle,940,1026,466,,359600.57181324164,6955973.26938145,15810.427734375,90.75480273576937,90.98694147282846,40.75480273576936,40.98694147282847,65,1681,6.32455532034e-06,
151,triangle,1227,1270,616,,364892.3489734802,6955224.722608217,62130.38037109375,81.47271512882162,75.25716422110077,31.47271512882162,25.257164221100776,65,1681,6.32455532034e-06,
152,triangle,1040,1219,1039,,368344.7181841694,6954580.562912866,336294.42919921875,151.19237410385762,138.23364758401485,101.1923741038576,88.23364758401483,65,1681,6.673445027625e-06,
153,triangle,957,1050,701,,365479.8501249817,6953663.494949579,261214.9560546875,145.02982492891047,138.2227285432576,95.02982492891046,88.22272854325759,65,1681,6.32455532034e-06,
154,triangle,654,1094,516,,357395.0712704989,6958250.978941261,142794.8017578125,177.89415926368426,173.5670594296904,127.89415926368424,123.5670594296904,65,1681,6.32455532034e-06,
155,triangle,955,1247,738,,356014.4776531818,6956498.298651756,22810.62646484375,100.82390934879224,100.98138680852583,50.82390934879224,50.98138680852585,6,1721,1.189207115e-05,
156,triangle,649,849,507,,363406.6733132555,6956265.116325007,104064.03125,83.47748016281854,81.59643023542493,33.47748016281854,31.596430235424936,65,1681,6.32455532034e-06,
157,triangle,494,740,304,,359135.8813043372,6946453.995270136,27166.49365234375,95.8101159593092,96.67119534952303,45.8101159593092,46.67119534952303,12,1841,7.95270728767e-06,
158,triangle,1047,1230,687,,367435.76860517,6948149.157725205,2386902.3413085938,101.96829369707658,99.13444767994243,51.96829369707658,49.13444767994245,6,1721,9.704832788347857e-06,
159,triangle,593,1146,872,,369698.4164203344,6951390.008086142,1584494.8857421875,159.41547339956008,146.42722154454603,109.4154733995601,96.42722154454604,65,1681,6.523395171399286e-06,
160,triangle,1085,1135,368,,360234.5542052014,6948159.768422867,70929.181640625,79.67423861568629,82.14056022116625,29.674238615686292,32.140560221166254,12,1841,7.95270728767e-06,
161,triangle,666,826,667,,353210.2563687575,6950634.750505793,172885.970703125,111.40267353924675,108.89698423961518,61.40267353924675,58.8969842396152,6,1721,1.189207115e-05,
162,triangle,865,1340,1038,,354007.55615167087,6954334.177138218,205746.26416015625,107.92429603547727,107.21339893450619,57.92429603547727,57.21339893450619,6,1721,1.189207115e-05,
163,triangle,454,936,453,,359234.3040770654,6955535.280079049,6234.28271484375,80.47103724916961,80.31458810920049,30.47103724916962,30.314588109200486,65,1681,6.32455532034e-06,
164,triangle,675,1335,1031,,357234.9642447818,6949820.717573798,168120.525390625,66.6015953429159,77.09339444466463,16.60159534291589,27.09339444466462,12,1841,7.95270728767e-06,
165,triangle,1030,1137,844,,357555.16892233514,6953643.105073861,144188.57177734375,98.53684771714225,94.17298526862731,48.536847717142244,44.172985268627315,65,1681,6.32455532034e-06,
166,triangle,743,1355,808,,358200.41132524266,6947701.781610221,51073.904296875,86.37510432612153,87.30295289822487,36.37510432612154,37.30295289822486,12,1841,7.95270728767e-06,
167,triangle,854,1207,749,,360195.83141249773,6956236.702258162,30708.2529296875,122.40171191575017,120.12899598802643,72.40171191575017,70.12899598802643,65,1681,6.32455532034e-06,
168,triangle,722,1152,837,,363323.9782160006,6947311.816417704,747653.4892578125,67.82002480055047,86.07822900003539,17.820024800550463,36.0782290000354,6,1721,1.189207115e-05,
169,triangle,758,1012,394,,359896.58838180016,6950010.792361513,30777.5732421875,68.86785306352358,63.18596852140536,18.86785306352358,13.185968521405357,12,1841,7.95270728767e-06,
170,triangle,1093,1447,1440,,364508.6541577209,6956391.198363616,48986.62646484375,44.45077961891767,49.14910380508485,-5.549220381082327,-0.8508961949151489,12,1841,7.95270728767e-06,
171,triangle,678,1310,792,,357856.8334200545,6951628.673410987,153720.29736328125,68.3685929136822,68.05208258222363,18.368592913682196,18.052082582223644,12,1841,7.95270728767e-06,
172,triangle,552,1075,553,,353777.84279729263,6956781.559299,14237.904296875,119.5227663870818,127.65967419094932,69.52276638708182,77.6596741909493,6,1721,1.189207115e-05,
173,triangle,687,823,724,,366318.82887606113,6950038.0308178775,2037000.8881835938,106.34899401626961,109.72258909461227,56.34899401626963,59.72258909461228,6,1721,1.189207115e-05,
174,triangle,975,981,760,,355998.17627893266,6949037.979938758,176802.9580078125,58.73727447085544,66.19313747941236,8.737274470855443,16.193137479412346,12,1841,7.95270728767e-06,
175,triangle,694,1322,797,,364489.75954918005,6957493.998850427,268112.94775390625,87.16993978733029,87.41209062649654,37.16993978733029,37.41209062649652,12,1841,7.95270728767e-06,
176,triangle,89,1086,88,,364210.0,6956052.5,5203.125,23.72488900078666,31.996332791646296,-26.275110999213336,-18.003667208353704,12,1841,7.95270728767e-06,
177,triangle,912,1128,745,,356334.1234795549,6948087.5,40894.43408203125,65.54454422890987,65.3992372582989,15.544544228909867,15.399237258298891,12,1841,7.95270728767e-06,
178,triangle,503,1337,648,,356254.2796294198,6951127.319617205,19700.1083984375,83.7439467920835,81.61167276245884,33.7439467920835,31.61167276245884,65,1681,6.4990001739825e-06,
179,triangle,796,1083,963,,354463.8047242539,6950839.577877261,204598.857421875,101.38686158190305,107.9568170625008,51.38686158190305,57.95681706250081,65,1681,6.32455532034e-06,
180,triangle,549,1149,955,,356179.0741000047,6956920.943842082,103651.5693359375,115.28768213251027,122.33572482036571,65.28768213251028,72.33572482036571,6,1721,1.189207115e-05,
181,triangle,605,971,604,,357354.46322472807,6942865.182476047,1268539.7563476562,108.06511732401663,91.4764874140124,58.06511732401663,41.47648741401239,18,2041,5.121355283982143e-06,
182,triangle,689,1353,1109,,358520.38861418347,6950410.114952445,143347.40234375,78.02782135550159,80.04566217125158,28.02782135550158,30.04566217125158,12,1841,7.95270728767e-06,
183,triangle,779,1363,547,,353172.29243946244,6953111.881573453,385068.22412109375,90.21964000810607,96.15191320501935,40.21964000810606,46.15191320501935,65,1681,8.511793681992141e-06,
184,triangle,797,853,795,,363560.2292058904,6958370.132586355,544398.8422851562,75.37520576735244,78.20432407237264,25.37520576735243,28.204324072372643,12,1841,7.95270728767e-06,
185,triangle,542,1037,826,,352612.3178862787,6949839.727703345,360450.59619140625,94.56640152049312,100.68575393793425,44.56640152049311,50.68575393793426,6,1721,1.189207115e-05,
186,triangle,700,1240,867,,358411.0456027696,6957176.930403639,74561.1494140625,159.9268030001919,154.33490786586097,109.9268030001919,104.33490786586096,65,1681,6.32455532034e-06,
187,triangle,75,1124,74,,363979.9051109993,6953974.650905907,42804.8037109375,94.0246077544932,96.59255706467616,44.024607754493196,46.59255706467616,65,1681,6.3827036048875e-06,
188,triangle,698,1061,744,,357995.2483223793,6949237.69125311,122484.2939453125,91.08307388415635,86.39733216913942,41.08307388415636,36.39733216913942,12,1841,7.95270728767e-06,
189,triangle,149,1365,148,,356744.7916666667,6951730.208333333,7265.625,57.41919444963459,57.135416613684754,7.419194449634592,7.135416613684753,12,1841,7.95270728767e-06,
190,triangle,391,1366,392,,359831.00433444534,6949758.506335086,6805.0498046875,58.95835401297536,57.549835189374164,8.958354012975366,7.549835189374169,12,1841,7.95270728767e-06,
191,triangle,1063,1082,864,,355012.0623798289,6947086.943299639,403480.17041015625,66.40850246365488,62.510615735085935,16.408502463654887,12.510615735085937,12,1841,7.95270728767e-06,
192,triangle,514,1186,653,,358525.43462445005,6958123.969028544,214429.23388671875,172.7766882430787,163.19868258685324,122.77668824307868,113.19868258685324,12,1841,7.95270728767e-06,
193,triangle,1068,1367,1046,,356843.39259515586,6957227.769000531,69770.6064453125,133.51310387599676,131.3367817467666,83.51310387599678,81.33678174676662,65,1681,6.32455532034e-06,
194,triangle,708,1041,800,,362728.74695133185,6951322.776754563,170850.39404296875,111.12993212870151,111.90380914152627,61.12993212870151,61.90380914152626,65,1681,6.32455532034e-06,
195,triangle,861,1290,732,,356702.9176276587,6948996.393600668,89139.3642578125,76.56328070364513,75.80155941409356,26.563280703645137,25.801559414093564,12,1841,7.95270728767e-06,
196,triangle,736,1311,791,,360752.6803317098,6951684.361852589,70815.18310546875,66.10033116593337,66.53126450228204,16.100331165933362,16.531264502282045,12,1841,7.95270728767e-06,
197,triangle,916,1147,711,,360151.52240985003,6948684.138004308,40096.7841796875,82.26658289698882,82.91044285027671,32.266582896988815,32.9104428502767,12,1841,7.95270728767e-06,
198,triangle,734,1124,856,,364341.83790351,6953707.37942025,106585.69482421875,108.24037992386553,105.68649885459733,58.24037992386553,55.68649885459732,65,1681,6.32455532034e-06,
199,triangle,437,1345,438,,360941.12103174604,6949052.232142857,4375.0,69.25209134926646,68.84220011388824,19.252091349266472,18.84220011388825,12,1841,7.95270728767e-06,
200,triangle,702,1071,865,,353468.4564288698,6954882.373960427,289178.4541015625,114.7177636707789,100.02740122331384,64.7177636707789,50.02740122331384,6,1721,1.189207115e-05,
201,triangle,557,834,558,,365354.27221884875,6952513.840342765,44400.32861328125,113.25735620902054,116.69550957553163,63.25735620902053,66.69550957553162,12,1841,7.836410718575001e-06,
202,triangle,692,1145,793,,355053.30742767756,6952259.537650772,171997.962890625,121.64205884549999,124.1609211543145,71.64205884549997,74.1609211543145,65,1681,6.32455532034e-06,
203,triangle,492,1081,493,,358279.33128628024,6945717.9628726905,163345.52978515625,110.43749651802213,112.49014454253211,60.43749651802213,62.4901445425321,12,1841,7.95270728767e-06,
204,triangle,326,1176,327,,358372.96543058474,6948101.744832174,5853.888671875,77.1597167951488,76.36283324215817,27.159716795148796,26.36283324215817,12,1841,7.95270728767e-06,
205,triangle,792,1102,776,,358430.20419583627,6951419.397283409,58568.91015625,56.05263213098871,61.244970967411184,6.0526321309887114,11.244970967411183,12,1841,7.95270728767e-06,
206,triangle,957,1370,980,,366198.3947954602,6953868.494281482,128996.650390625,137.34463162180236,143.88517684689268,87.34463162180235,93.88517684689269,65,1681,6.32455532034e-06,
207,triangle,18,1194,17,,358708.8521523888,6952692.452027666,3661.646484375,37.025643430504765,36.82442245471134,-12.974356569495239,-13.175577545288666,12,1841,7.95270728767e-06,
208,triangle,20,1194,19,,358808.8521523888,6952692.452027666,3661.646484375,35.266062009728415,36.05775604235782,-14.733937990271587,-13.942243957642182,12,1841,7.95270728767e-06,
209,triangle,341,1195,342,,357800.58696959144,6948558.216094029,4700.689453125,66.11336030840872,66.2738736753014,16.113360308408712,16.273873675301413,12,1841,7.95270728767e-06,
210,triangle,401,1193,402,,359508.02219229843,6950490.152748083,4722.50341796875,55.219880082672645,54.17123964848389,5.219880082672646,4.171239648483893,12,1841,7.95270728767e-06,
211,triangle,91,995,90,,364112.5,6955912.5,5625.0,23.525000572204544,23.34999990463257,-26.474999427795456,-26.65000009536743,12,1841,7.95270728767e-06,
212,triangle,170,1266,169,,356416.7734192423,6953812.505968648,4218.078125,72.60144608545642,72.6953451103248,22.601446085456427,22.695345110324798,65,1681,6.32455532034e-06,
213,triangle,423,1267,422,,358517.86421200866,6948867.237924385,4751.76611328125,69.24880930205678,70.4896854370841,19.248809302056785,20.489685437084106,12,1841,7.95270728767e-06,
214,triangle,305,1265,304,,359283.85605336906,6946557.378134322,3808.80615234375,92.22198396003688,92.44547943804218,42.22198396003688,42.44547943804218,12,1841,7.95270728767e-06,
215,triangle,1047,1286,595,,369665.5754862463,6948096.649903376,1501971.0146484375,103.47196250827972,90.82623976516618,53.4719625082797,40.82623976516618,65,1681,6.523395171399286e-06,
216,triangle,712,1275,847,,358329.74618482386,6946827.465912764,170590.1640625,122.585667169038,116.37501750252062,72.585667169038,66.37501750252062,12,1841,7.95270728767e-06,
217,triangle,783,1151,952,,366229.7247102493,6955211.860861859,208081.19384765625,108.49821852428263,99.60715010863714,58.49821852428263,49.607150108637136,65,1681,6.32455532034e-06,
218,triangle,584,798,583,,360657.111736161,6960769.7939653015,1730980.7744140625,26.873091828042874,61.801899214224875,-23.126908171957126,11.801899214224875,17,2101,6.880301546545001e-06,
219,triangle,701,1235,957,,365565.8168293587,6953984.499369306,175191.15673828125,115.71357856751533,119.25182455828093,65.71357856751533,69.25182455828093,65,1681,6.32455532034e-06,
220,triangle,792,1361,678,,357990.7843270966,6951391.662093469,137317.1875,69.11710162000925,69.62506883788187,19.11710162000925,19.62506883788186,12,1841,7.95270728767e-06,
221,triangle,715,1052,969,,358912.032346994,6948452.302015785,61445.97314453125,91.315687224743,88.20563928598956,41.315687224743,38.205639285989555,12,1841,7.95270728767e-06,
222,triangle,1170,1390,163,,355863.71163412486,6954068.1730064675,35132.2001953125,79.03627797767963,80.1334217510874,29.036277977679635,30.1334217510874,6,1721,1.189207115e-05,
223,triangle,824,971,605,,356942.78681673174,6943503.752988647,1551946.4389648438,90.84538247433495,96.07151450135245,40.845382474334976,46.07151450135245,18,2041,4.30886938006e-06,
224,triangle,578,1464,842,,351489.31403971696,6959210.87100714,1420954.7006835938,84.68353560724765,85.87183805564587,34.68353560724764,35.871838055645874,6,1721,1.189207115e-05,
225,triangle,847,1275,808,,358183.48798190505,6947110.04497733,137157.49853515625,105.41546095348241,108.50312552989136,55.41546095348241,58.50312552989137,12,1841,7.95270728767e-06,
226,triangle,964,985,719,,359145.38337566535,6954292.494043966,171970.63525390625,67.94756681832104,77.32639317375201,17.947566818321043,27.326393173751995,65,1681,6.32455532034e-06,
227,triangle,541,1069,540,,360190.05371640116,6946718.4139466835,170730.8486328125,115.13232103558644,117.44615186665986,65.13232103558643,67.44615186665986,12,1841,8.093398854181786e-06,
228,triangle,963,1113,796,,354769.92966414575,6950973.4710115185,157443.22265625,87.10416624443516,100.06327704503825,37.10416624443516,50.06327704503824,65,1681,6.32455532034e-06,
229,triangle,565,1211,1041,,363383.7784610987,6951019.673240957,124550.111328125,122.1175733664774,110.42782724698247,72.1175733664774,60.42782724698247,65,1681,6.32455532034e-06,
230,triangle,715,969,681,,359132.0739949113,6948335.704161326,144169.76611328125,97.51208221206669,92.93497655268919,47.51208221206668,42.93497655268919,12,1841,7.95270728767e-06,
231,triangle,838,863,707,,356733.0754720782,6953506.828317896,53292.66748046875,87.20001774463972,85.45349601381865,37.20001774463973,35.45349601381866,65,1681,6.32455532034e-06,
232,triangle,1132,1282,695,,362309.89777378616,6956247.879604295,218382.0009765625,122.07986321904299,113.80164343406828,72.07986321904299,63.801643434068275,65,1681,6.32455532034e-06,
233,triangle,859,1036,708,,362396.2507012277,6951648.099744205,100424.3408203125,103.42023981603356,107.53523281383558,53.42023981603356,57.53523281383557,65,1681,6.32455532034e-06,
234,triangle,671,1084,670,,367783.7831819455,6953609.476827529,137140.37646484375,167.45410422651182,161.95015888976607,117.45410422651184,111.95015888976606,65,1681,6.523395171399286e-06,
235,triangle,961,1132,695,,362063.00718620815,6956011.754350245,179870.1767578125,104.56533935427775,98.12382884485339,54.565339354277754,48.1238288448534,65,1681,6.32455532034e-06,
236,triangle,601,1088,600,,364448.8636363636,6943085.593219749,1886190.7729492188,120.51610363269832,103.59370691579784,70.51610363269833,53.593706915797846,65,1681,6.4990001739825e-06,
237,triangle,668,1060,551,,354997.49142937333,6956570.590850748,149702.20556640625,115.70188742202616,117.91487517345656,65.70188742202616,67.91487517345656,6,1721,1.189207115e-05,
238,triangle,999,1077,141,,356229.22255995433,6951412.462349673,11853.689453125,66.70212516282956,68.38337493620126,16.702125162829567,18.38337493620126,12,1841,7.95270728767e-06,
239,triangle,1031,1452,675,,357145.8420903252,6950101.002159587,122359.71875,71.19977461211909,73.60808684809764,21.19977461211909,23.608086848097646,12,1841,7.95270728767e-06,
240,triangle,1125,1170,765,,355334.13734556903,6954022.123222943,177735.3154296875,90.03662139940693,93.05928139254637,40.03662139940691,43.05928139254636,6,1721,1.189207115e-05,
241,triangle,1234,1433,650,,361816.98905096954,6957479.508437548,328201.85107421875,93.63749986065945,103.60891190344528,43.63749986065944,53.60891190344529,12,1841,7.95270728767e-06,
242,triangle,753,1087,864,,353857.52386573027,6946093.041471678,1116135.00390625,79.55298883264595,69.78401406022975,29.55298883264595,19.784014060229747,12,1841,7.95270728767e-06,
243,triangle,844,1158,759,,358084.2266735514,6953920.288439398,143915.48046875,101.41911368873048,96.74414895832496,51.419113688730484,46.74414895832495,65,1681,6.32455532034e-06,
244,triangle,686,808,674,,357743.0112689145,6947408.396658224,215261.4404296875,100.3550802034806,91.66950272953392,50.3550802034806,41.66950272953392,12,1841,7.95270728767e-06,
245,triangle,687,1286,1047,,368490.4451089056,6948557.406265582,1724214.18359375,132.7792858847249,99.53634141638535,82.77928588472491,49.53634141638533,6,1721,1.0301352341525715e-05,
246,triangle,857,1352,416,,361205.18343963986,6948638.99073919,24003.64990234375,77.429484125727,76.66265456322894,27.429484125726997,26.66265456322893,12,1841,7.95270728767e-06,
247,triangle,667,545,666,,353481.3469896854,6950850.642135912,81618.376953125,120.51560284505905,113.53708935079116,70.51560284505905,63.53708935079115,6,1721,1.189207115e-05,
248,triangle,749,1222,1099,,360675.32294179144,6956313.995401576,160264.5673828125,139.4645148465124,138.04177767122601,89.46451484651242,88.041777671226,65,1681,6.32455532034e-06,
249,triangle,62,1196,61,,361408.03574742324,6951852.615998982,5330.7001953125,63.050082661907936,64.27534983127892,13.05008266190794,14.275349831278916,12,1841,7.95270728767e-06,
250,triangle,64,1196,63,,361508.03574742324,6951852.615998982,5330.69970703125,68.05288503294824,70.60868443617801,18.05288503294824,20.608684436178006,12,1841,7.95270728767e-06,
251,triangle,980,1370,781,,366451.6466157139,6954026.282045603,195619.05224609375,138.80191996660895,142.2510950227407,88.80191996660895,92.2510950227407,65,1681,6.32455532034e-06,
252,triangle,744,1061,841,,358279.0617184316,6949294.87460257,101313.82373046875,90.80567551727893,87.4571962623188,40.80567551727892,37.4571962623188,12,1841,7.95270728767e-06,
253,triangle,684,1253,812,,359839.1929541798,6951546.11452464,163466.376953125,63.30871364452711,61.564344950359725,13.308713644527115,11.564344950359725,12,1841,7.95270728767e-06,
254,triangle,125,1416,836,,361245.70295864996,6954459.718497153,26376.7275390625,65.38818728733514,63.26762950272336,15.388187287335143,13.267629502723358,65,1681,6.32455532034e-06,
255,triangle,658,1104,528,,362041.89302159083,6950426.980044181,145803.623046875,103.20066748798787,103.54940255668862,53.20066748798787,53.54940255668862,65,1681,6.32455532034e-06,
256,triangle,662,837,538,,362013.2217423156,6947646.936362612,160542.130859375,105.51474591843521,102.6451153426791,55.514745918435224,52.645115342679105,52,1561,1.189207115e-05,
257,triangle,793,1145,965,,355396.4737826367,6952230.431450706,148708.0634765625,116.63584666800412,117.35888825255786,66.63584666800412,67.35888825255786,65,1681,6.32455532034e-06,
258,triangle,309,1004,720,,359241.9572195578,6947030.352988965,27570.3232421875,91.02023812153725,90.7915862149107,41.02023812153725,40.7915862149107,12,1841,7.95270728767e-06,
259,triangle,727,1270,777,,365279.5308576387,6955000.711141837,119954.595703125,99.17997533632331,90.14788088754284,49.1799753363233,40.14788088754285,65,1681,6.32455532034e-06,
260,triangle,681,969,833,,359415.68490013946,6948447.366371642,137609.06298828125,97.253730829358,95.07026838949416,47.25373082935801,45.070268389494146,12,1841,7.95270728767e-06,
261,triangle,541,1066,840,,359756.1383142762,6946341.462036494,99841.9296875,111.12597552432682,111.56424385632177,61.12597552432681,61.564243856321774,12,1841,7.95270728767e-06,
262,triangle,1043,1388,548,,354107.1411588167,6953086.083480984,167067.2177734375,118.21550647439942,116.6875475753285,68.21550647439943,66.68754757532848,65,1681,6.32455532034e-06,
263,triangle,451,1442,452,,359121.4429179731,6955689.599943013,4454.99365234375,85.10621116430359,84.74889605846882,35.106211164303595,34.74889605846882,65,1681,6.32455532034e-06,
264,triangle,634,1137,822,,357089.4453157531,6954059.965916675,91548.06396484375,84.63827051127093,87.71198798211594,34.63827051127092,37.711987982115936,65,1681,6.32455532034e-06,
265,triangle,952,1151,727,,365906.79379527253,6954994.924079601,218822.4306640625,105.90364050819655,90.22018190945646,55.903640508196546,40.22018190945645,65,1681,6.32455532034e-06,
266,triangle,516,1094,517,,357091.25409313175,6958163.303486985,105623.98046875,175.4576123842382,173.1520133190237,125.45761238423819,123.15201331902368,65,1681,6.32455532034e-06,
267,triangle,980,1300,556,,366556.00830192695,6953310.934361474,96275.9697265625,164.24583828766794,145.96061891170498,114.24583828766792,95.960618911705,65,1681,6.32455532034e-06,
268,triangle,538,1048,539,,361411.28876821557,6947313.447165697,176874.30224609375,92.00426004568125,95.58296883209663,42.004260045681264,45.58296883209662,52,1561,1.189207115e-05,
269,triangle,575,874,574,,350916.7039142957,6953034.566298936,1363934.1411132812,30.51671314470034,37.662224387062075,-19.48328685529966,-12.337775612937927,1,1,5.056502541071429e-05,
270,triangle,796,1113,959,,355100.65677456785,6950767.756060671,182251.13330078125,107.58080116579816,109.65225592436484,57.58080116579817,59.652255924364844,65,1681,6.32455532034e-06,
271,triangle,798,1064,831,,359635.5786328069,6959368.111752178,804826.8559570312,100.07721516590456,93.6695795990875,50.07721516590457,43.66957959908749,12,1841,7.95270728767e-06,
272,triangle,719,1448,964,,359415.5453651747,6954173.650730201,108157.20654296875,82.7699950031695,75.33830694297399,32.76999500316949,25.338306942973986,65,1681,6.32455532034e-06,
273,triangle,798,831,583,,359721.60142922547,6960244.629530228,1474367.0834960938,72.27989695901277,87.3789494880462,22.279896959012778,37.37894948804621,14,2121,9.707529612524286e-06,
274,triangle,187,1149,186,,356531.0277914931,6956718.972208507,12706.2470703125,110.8972072713777,108.05742610846279,60.897207271377695,58.0574261084628,6,1721,1.189207115e-05,
275,triangle,835,1081,492,,357815.6590299209,6945788.495197306,291037.7431640625,106.30916060611555,102.2622384163118,56.309160606115555,52.26223841631181,12,1841,7.95270728767e-06,
276,triangle,634,822,633,,356904.2256018182,6954162.672022987,54664.6875,79.25677068483532,83.68573734628968,29.25677068483532,33.68573734628969,65,1681,6.722235022458572e-06,
277,triangle,592,1040,591,,370341.961990021,6954814.785896916,1837362.560546875,148.00839228134,112.1793687025443,98.00839228133998,62.17936870254429,65,1681,6.4990001739825e-06,
278,triangle,802,1372,528,,361628.5653454143,6950196.76269778,92443.61669921875,106.42302465206856,100.3353007472939,56.423024652068555,50.33530074729391,12,1841,7.95270728767e-06,
279,triangle,1101,1389,359,,356463.88174816757,6947689.402856988,38774.68408203125,64.56229972751206,64.87207345137801,14.562299727512059,14.872073451378016,12,1841,7.95270728767e-06,
280,triangle,700,867,653,,358520.5162794564,6957422.839666584,175470.9248046875,171.06819192782854,163.75637732121143,121.06819192782855,113.7563773212114,65,1681,6.32455532034e-06,
281,triangle,180,970,179,,358876.90844558243,6956197.710046571,23587.3212890625,134.35372526263708,128.5873169159663,84.35372526263707,78.5873169159663,65,1681,6.722235022458572e-06,
282,triangle,789,1237,848,,361313.45531182765,6955670.971825667,102350.48681640625,108.17251288240786,122.27281271839877,58.17251288240786,72.27281271839877,65,1681,6.32455532034e-06,
283,triangle,1181,1412,1051,,367695.3423950738,6944953.845946402,1363119.2958984375,66.37328887974056,50.65482358955233,16.37328887974055,0.6548235895523279,12,1841,7.95270728767e-06,
284,triangle,1130,1269,987,,368754.04094899725,6958038.761870999,1588754.0234375,12.114439422032968,27.3810068082791,-37.88556057796703,-22.618993191720907,49,21,5.442429093483928e-05,
285,triangle,69,1453,859,,362035.52788886864,6951747.892816392,38620.0185546875,88.45799729723066,95.38019894046208,38.45799729723067,45.38019894046207,65,1681,6.32455532034e-06,
286,triangle,108,1098,107,,362843.4000583349,6955424.245772533,9095.14306640625,22.530436958933347,23.501019670601718,-27.46956304106665,-26.498980329398282,12,1841,7.95270728767e-06,
287,triangle,805,1139,1087,,352870.38832665543,6947301.738118745,1726187.2138671875,45.98818214531043,64.18417260151985,-4.011817854689563,14.184172601519839,16,1441,8.556075304419285e-06,
288,triangle,655,1114,520,,355206.17703224445,6957644.246914369,142145.76123046875,141.9103128150168,132.55074746479724,91.91031281501678,82.55074746479728,65,1681,6.32455532034e-06,
289,triangle,543,826,544,,353198.1364096594,6950176.307525043,94999.46142578125,108.01504280628501,107.70108449483672,58.01504280628502,57.70108449483672,6,1721,1.189207115e-05,
290,triangle,635,1137,634,,357245.94745565066,6954233.1378210485,70455.84130859375,79.64564550880982,88.41072888191452,29.645645508809828,38.410728881914544,65,1681,6.523395171399286e-06,
291,triangle,660,1217,529,,361993.2680592276,6949152.849505608,44920.19287109375,97.93592169112429,95.3569494316954,47.9359216911243,45.3569494316954,65,1681,6.32455532034e-06,
292,triangle,689,860,680,,358976.92483533657,6950157.728156575,116724.8828125,89.75333085202271,88.06630938822012,39.75333085202273,38.06630938822013,12,1841,7.95270728767e-06,
293,triangle,545,1083,666,,353775.7142184446,6950770.886817899,96798.4462890625,109.71485018406531,112.66500553001835,59.71485018406531,62.665005530018355,65,1681,6.32455532034e-06,
294,triangle,1060,1117,806,,354817.59025924985,6955838.889686699,188007.12109375,94.43569648598628,104.40295713216612,44.435696485986284,54.402957132166115,6,1721,1.189207115e-05,
295,triangle,680,1353,689,,358631.59858838277,6950131.4256814895,201735.23291015625,91.4914046004853,88.31125594801773,41.491404600485296,38.31125594801773,12,1841,7.95270728767e-06,
296,triangle,842,1464,1254,,352390.45904014836,6959342.742772604,1336508.5322265625,164.48139433611703,134.29750702974388,114.48139433611703,84.29750702974387,12,1841,8.374781987205358e-06,
297,triangle,860,923,713,,359391.3185148815,6950024.301525806,51012.36376953125,82.03275603747582,77.29755879299726,32.032756037475814,27.297558792997254,12,1841,7.95270728767e-06,
298,triangle,578,842,577,,351060.03298757103,6958392.080545039,1771884.5161132812,118.1788522056744,68.20669398993753,68.17885220567439,18.206693989937524,6,1721,2.2634558444642858e-05,
299,triangle,632,949,220,,356262.51998749335,6954220.81578733,25687.62060546875,82.3076350669134,79.80234233168606,32.30763506691341,29.802342331686063,6,1721,1.1693231298940716e-05,
300,triangle,965,1276,1062,,355703.48677308206,6951900.612363855,51933.04296875,88.34898501488472,89.26532758680462,38.348985014884725,39.265327586804624,65,1681,6.32455532034e-06,
301,triangle,163,1390,632,,356054.75159548083,6954096.973272845,27493.005859375,80.88526561390898,81.02735159488641,30.88526561390899,31.027351594886415,6,1721,1.1295551596822145e-05,
302,triangle,802,933,682,,361202.2097323902,6949994.331498955,108652.1005859375,104.71044430568551,99.13248504606081,54.71044430568551,49.1324850460608,12,1841,7.95270728767e-06,
303,triangle,522,1100,523,,365890.7823064437,6956079.422405873,87004.83544921875,91.95241883999057,88.67250357525647,41.95241883999057,38.67250357525648,65,1681,6.4408518894350004e-06,
304,triangle,1151,1370,727,,366008.04667547374,6954618.540661619,218160.64013671875,113.51347366116507,107.0938533213028,63.51347366116505,57.09385332130281,65,1681,6.32455532034e-06,
305,triangle,125,1076,124,,361172.74507455603,6954780.929902579,51302.32421875,128.55511521997485,110.80013045460532,78.55511521997485,60.80013045460533,65,1681,6.32455532034e-06,
306,triangle,113,817,112,,362611.94444444444,6955024.722222223,7062.5,23.042011733690234,23.698435968157767,-26.957988266309766,-26.301564031842233,12,1841,7.95270728767e-06,
307,triangle,467,818,466,,359499.98791337153,6956046.71327995,8069.103515625,93.70386294408321,91.24204064709862,43.70386294408321,41.24204064709861,65,1681,6.32455532034e-06,
308,triangle,727,1370,1235,,365759.4351206997,6954428.016134971,147526.6025390625,122.03551692127851,112.4490374814206,72.03551692127849,62.44903748142061,65,1681,6.32455532034e-06,
309,triangle,539,1173,1140,,361065.85518734617,6947747.455015677,145256.4423828125,99.65126487381815,102.11214959647123,49.65126487381815,52.112149596471234,12,1841,7.95270728767e-06,
310,triangle,759,1158,1112,,358212.8199082347,6954133.060100657,72739.09716796875,103.89684405194237,95.93496825699678,53.896844051942374,45.934968256996775,65,1681,6.32455532034e-06,
311,triangle,139,960,138,,355959.4033362875,6951400.9858076,5514.0966796875,66.4185493647649,66.0006101118271,16.4185493647649,16.0006101118271,12,1841,7.95270728767e-06,
312,triangle,396,1013,923,,359593.6269693921,6950042.610713434,10326.162109375,61.777850937711136,61.12088969004799,11.777850937711134,11.120889690047987,12,1841,7.95270728767e-06,
313,triangle,430,1021,932,,361439.4537276023,6949610.083749823,10885.85791015625,85.00957262494603,84.10362338328775,35.00957262494603,34.10362338328775,12,1841,7.95270728767e-06,
314,triangle,1020,1022,432,,361394.4084973405,6949387.527682315,9841.21142578125,80.59002030662207,80.55398372827499,30.590020306622066,30.55398372827499,12,1841,7.95270728767e-06,
315,triangle,812,958,684,,359576.9003028239,6951678.686957118,113799.876953125,56.44885266221873,54.21281617917277,6.448852662218725,4.212816179172775,12,1841,7.95270728767e-06,
316,triangle,52,1399,51,,360579.00655550696,6952304.006555508,7536.02490234375,44.27313679642262,44.535395868488884,-5.726863203577384,-5.464604131511112,12,1841,7.95270728767e-06,
317,triangle,127,1404,126,,361470.3022766742,6954303.0515269125,33222.2451171875,37.797814105930485,37.41780481610813,-12.202185894069512,-12.582195183891868,65,1681,6.3827036048875e-06,
318,triangle,1076,1231,124,,361120.05708977144,6954951.671667166,69276.58056640625,146.54092589383797,133.38842093306187,96.54092589383797,83.38842093306188,65,1681,6.32455532034e-06,
319,triangle,837,1152,706,,363061.0044313053,6946557.244511397,1433807.330078125,68.97464731567459,87.48717323897716,18.974647315674588,37.48717323897717,6,1721,1.189207115e-05,
320,triangle,754,1097,801,,355524.51214639185,6959106.594855701,621763.3076171875,144.57028379968128,144.36778697584833,94.57028379968128,94.36778697584835,12,1841,7.95270728767e-06,
321,triangle,627,1138,133,,357416.7179682919,6952795.931789879,39128.3984375,50.91457596325959,54.18643199534958,0.9145759632595899,4.186431995349586,65,1681,6.4990001739825e-06,
322,triangle,791,1253,684,,360141.73815228796,6951664.725078877,210096.4755859375,67.52788527371885,66.02132443522423,17.52788527371885,16.02132443522423,12,1841,7.95270728767e-06,
323,triangle,762,1380,1095,,353716.2486012659,6957259.823342661,222359.9052734375,153.70904432885496,144.01815190783657,103.70904432885496,94.01815190783657,65,1681,6.838531591553571e-06,
324,triangle,513,1160,652,,359529.3196825667,6957574.49415768,157926.6259765625,146.70791322619448,142.08616649729154,96.70791322619448,92.08616649729156,12,1841,7.95270728767e-06,
325,triangle,956,1152,722,,363867.66414440674,6947698.482148829,657950.1157226562,71.26935093716536,78.91243933244553,21.269350937165367,28.91243933244553,6,1721,1.189207115e-05,
326,triangle,1043,1145,692,,354822.58177818026,6952613.3504186245,222661.35498046875,134.96245973203108,133.03380185424567,84.96245973203106,83.03380185424565,65,1681,6.32455532034e-06,
327,triangle,1040,1292,554,,369083.8074507025,6954040.137306153,658077.1518554688,88.94102932654278,126.38526665227683,38.941029326542775,76.38526665227683,65,1681,6.755988309589285e-06,
328,triangle,509,1163,508,,363642.37996727397,6957081.830555367,58554.1357421875,130.95377218603062,126.31794972153064,80.95377218603062,76.31794972153064,12,1841,7.95270728767e-06,
329,triangle,791,1311,677,,360675.86919157207,6951444.680822701,113540.98876953125,82.40783074356877,76.54617538309634,32.40783074356876,26.54617538309635,12,1841,7.95270728767e-06,
330,triangle,518,1241,519,,356149.9560563164,6957962.7017478915,107671.34765625,161.1906456815594,165.48683938085233,111.19064568155942,115.48683938085235,65,1681,6.4408518894350004e-06,
331,triangle,1082,1307,864,,355069.0913769373,6946592.377057384,320157.279296875,75.63232239436147,61.647530405821044,25.632322394361466,11.647530405821039,12,1841,7.95270728767e-06,
332,triangle,528,1372,658,,361716.1298221442,6950403.699139559,117485.8046875,106.4636172705419,102.53446434236052,56.4636172705419,52.534464342360515,12,1841,7.8945590031225e-06,
333,triangle,5,988,4,,357762.5,6952387.5,5625.0,39.79999955495201,40.46666653951009,-10.200000445047996,-9.533333460489908,12,1841,7.95270728767e-06,
334,triangle,95,996,94,,363811.43001898774,6955759.588531255,5417.83251953125,20.469900666619477,20.56577100432393,-29.530099333380527,-29.43422899567607,12,1841,7.95270728767e-06,
335,triangle,142,999,141,,356264.18614740786,6951479.145061526,6754.6220703125,62.642234185561435,63.704695633682114,12.64223418556143,13.704695633682107,12,1841,7.95270728767e-06,
336,triangle,154,1000,153,,356961.16071428574,6952125.744047619,3984.375,53.21697341179648,53.00959047533009,3.21697341179648,3.0095904753300946,12,1841,7.95270728767e-06,
337,triangle,219,1002,218,,356323.0543166255,6954412.424766165,4446.10302734375,74.52943213256367,74.5980298117128,24.52943213256366,24.598029811712802,6,1721,1.189207115e-05,
338,triangle,310,1004,309,,359137.5,6946962.5,5625.0,85.63333257039386,86.1916675567627,35.63333257039386,36.191667556762695,12,1841,7.95270728767e-06,
339,triangle,310,1003,311,,359064.0846919892,6946933.530466276,5893.294921875,85.40641077671239,86.38397757538452,35.40641077671239,36.38397757538453,12,1841,7.95270728767e-06,
340,triangle,314,1005,315,,358914.60749259195,6947247.028297068,4315.9736328125,84.11061397788536,83.48097355354034,34.110613977885365,33.48097355354034,12,1841,7.95270728767e-06,
341,triangle,318,1006,317,,358726.9668002683,6947438.714618475,4576.65966796875,79.04914207257038,80.29820960846271,29.049142072570387,30.298209608462713,12,1841,7.95270728767e-06,
342,triangle,333,901,334,,358386.84922948777,6948593.356934611,5039.306640625,68.5722654950954,68.56876205684677,18.57226549509538,18.568762056846758,12,1841,7.95270728767e-06,
343,triangle,345,1008,344,,357512.1873906322,6948558.7639587885,5239.86376953125,63.94222438561131,63.08311259213036,13.94222438561131,13.08311259213036,12,1841,7.95270728767e-06,
344,triangle,345,1007,346,,357538.8709385674,6948489.223491921,5585.337890625,63.417250548234755,62.831796510904844,13.417250548234755,12.831796510904846,12,1841,7.95270728767e-06,
345,triangle,373,1009,372,,360507.8953775062,6948666.099578445,7514.52734375,69.59602161146158,71.03450248844894,19.596021611461584,21.034502488448933,12,1841,7.95270728767e-06,
346,triangle,382,919,381,,360408.96132818057,6949362.694287337,5248.7568359375,63.39588448193403,60.627323246107814,13.395884481934033,10.627323246107817,12,1841,7.95270728767e-06,
347,triangle,393,1012,392,,359859.08838180016,6949848.292361513,6455.333984375,55.18314685273404,58.044301473268966,5.1831468527340405,8.044301473268964,12,1841,7.95270728767e-06,
348,triangle,395,1014,394,,359735.79931972787,6950034.523809523,5098.85205078125,57.260846061572906,55.949563702278965,7.260846061572913,5.949563702278972,12,1841,7.95270728767e-06,
349,triangle,395,1013,396,,359658.6595601659,6950017.698022709,5472.27197265625,55.560563904575,54.52123520854894,5.560563904574994,4.521235208548936,12,1841,7.95270728767e-06,
350,triangle,405,1017,404,,359514.05704078666,6950790.8905622875,6181.60546875,48.16123135096948,48.832711756419116,-1.8387686490305162,-1.1672882435808862,12,1841,7.95270728767e-06,
351,triangle,405,1016,406,,359437.5,6950762.5,5625.0,47.84999942779538,47.94166628519694,-2.150000572204621,-2.05833371480306,12,1841,7.95270728767e-06,
352,triangle,431,1021,430,,361416.29986433196,6949544.059772191,5935.4892578125,81.6058082619641,81.20852857890141,31.60580826196411,31.20852857890141,12,1841,7.95270728767e-06,
353,triangle,431,1020,432,,361429.1013682847,6949453.5946314735,5682.0078125,79.01935941265796,79.35528986267686,29.019359412657952,29.35528986267687,12,1841,7.95270728767e-06,
354,triangle,465,940,466,,359633.84382914426,6956059.281865213,5575.72119140625,87.31160904349464,89.40728644057965,37.31160904349465,39.407286440579654,65,1681,6.32455532034e-06,
355,triangle,489,939,490,,359637.5,6956287.5,5625.0,94.2416687011719,93.72500101725261,44.241668701171896,43.7250010172526,65,1681,6.32455532034e-06,
356,triangle,677,1253,791,,360402.29786966805,6951379.303905639,157129.48095703125,81.22701220073063,77.65544669411929,31.227012200730627,27.655446694119288,12,1841,7.95270728767e-06,
357,triangle,823,1029,724,,365439.2969368715,6950513.095186394,1157966.5454101562,91.43865736390491,97.00694177893104,41.4386573639049,47.00694177893103,6,1721,1.1751379583488215e-05,
358,triangle,796,1155,951,,354673.6496663098,6950225.971908073,171814.91064453125,122.35081344431454,123.33642973511185,72.35081344431453,73.33642973511185,65,1681,6.32455532034e-06,
359,triangle,517,1046,518,,356666.7607244199,6957921.449530072,105845.7509765625,163.5019898962944,164.27693513888127,113.50198989629439,114.27693513888124,65,1681,6.32455532034e-06,
360,triangle,647,959,501,,355742.4163594732,6950352.779568092,101654.1318359375,135.13381678192528,117.37434358695714,85.13381678192528,67.37434358695715,65,1681,6.32455532034e-06,
361,triangle,1092,1250,844,,358071.32845908223,6953439.094416653,78182.1494140625,78.89344319426922,81.45236975893572,28.89344319426922,31.452369758935703,65,1681,6.32455532034e-06,
362,triangle,436,1405,437,,361065.72925692,6949155.540693812,6771.212890625,72.31681520175808,73.64222374903451,22.316815201758068,23.642223749034514,12,1841,7.95270728767e-06,
363,triangle,674,1275,835,,357549.97669036355,6946532.660110743,333133.0625,115.46442032273634,99.75650157270034,65.46442032273634,49.75650157270034,12,1841,7.95270728767e-06,
364,triangle,874,1171,574,,351489.2265723748,6952350.667172567,1404337.4755859375,67.74196842294683,50.77594264470605,17.741968422946826,0.7759426447060491,6,1721,1.4040568608928572e-05,
365,triangle,646,1155,500,,355107.97107010736,6949784.667319865,144457.16943359375,120.0204203388951,121.03546027809203,70.02042033889511,71.035460278092,65,1681,6.4408518894350004e-06,
366,triangle,674,1236,686,,357405.53251179383,6947428.538594988,183565.533203125,96.47758539459224,87.99921417169168,46.47758539459224,37.999214171691676,12,1841,7.95270728767e-06,
367,triangle,987,1269,709,,368334.71700639045,6956970.190932403,1319699.1318359375,82.21018071420613,76.69838389193258,32.21018071420613,26.698383891932583,65,1681,1.1013715476248571e-05,
368,triangle,649,881,506,,363259.91574620205,6955790.285699387,36492.337890625,55.16445471273313,48.51527405253194,5.164454712733131,-1.4847259474680492,12,1841,7.603817580385e-06,
369,triangle,675,1312,832,,357653.819849331,6950483.494086556,191540.54833984375,87.13956604891983,79.37664919356284,37.13956604891983,29.376649193562844,12,1841,7.95270728767e-06,
370,triangle,737,1330,1072,,356072.4064262986,6953583.18256756,45270.5302734375,88.34699541898992,91.75674415067122,38.34699541898993,41.75674415067122,65,1681,6.32455532034e-06,
371,triangle,833,969,683,,359460.275530136,6948708.159011553,105745.177734375,91.14625294736452,92.00504418942126,41.146252947364516,42.005044189421255,12,1841,7.95270728767e-06,
372,triangle,843,1149,549,,356331.4973375092,6957070.8051094515,68183.1181640625,127.62757780660877,129.692106140506,77.62757780660876,79.69210614050603,6,1721,9.307153086229285e-06,
373,triangle,1082,1461,814,,355839.15661846887,6946778.240654369,143787.0341796875,66.02893784468156,75.83928588135548,16.028937844681572,25.839285881355476,12,1841,7.95270728767e-06,
374,triangle,1024,1108,443,,358735.2678571429,6951038.871173468,19266.880859375,64.92526656977563,61.827931507166454,14.925266569775625,11.827931507166454,12,1841,7.95270728767e-06,
375,triangle,653,867,514,,358330.3174569295,6957734.006353254,166746.93115234375,169.6995768767516,169.34043599222676,119.69957687675158,119.34043599222677,65,1681,6.4408518894350004e-06,
376,triangle,1042,1164,784,,360244.65800291667,6954438.20451164,156707.166015625,132.08987114186647,115.68972807417822,82.08987114186648,65.68972807417823,65,1681,6.32455532034e-06,
377,triangle,115,817,114,,362511.94444444444,6954949.722222223,5593.75,23.938550133344584,23.965102380511283,-26.061449866655416,-26.034897619488717,12,1841,7.95270728767e-06,
378,triangle,116,817,115,,362461.94444444444,6954949.722222223,5593.75,24.83684404340957,24.56510276198101,-25.163155956590423,-25.43489723801899,12,1841,7.95270728767e-06,
379,triangle,465,818,491,,359574.98791337153,6956146.71327995,5626.359375,91.86455465471298,92.04204115572492,41.86455465471297,42.04204115572492,65,1681,6.32455532034e-06,
380,triangle,491,818,490,,359574.98791337153,6956196.71327995,5626.35986328125,91.62352202713083,93.40870731376528,41.62352202713083,43.408707313765284,65,1681,6.32455532034e-06,
381,triangle,124,1231,123,,361344.4042591648,6955068.617728218,51190.92138671875,112.1554201410676,113.08846151868424,62.155420141067594,63.08846151868423,65,1681,6.4408518894350004e-06,
382,triangle,1109,1159,442,,358430.8561233345,6950856.016094687,47838.87109375,69.19369308605123,66.19382902011738,19.193693086051226,16.193829020117377,12,1841,7.95270728767e-06,
383,triangle,861,975,760,,356306.33999885805,6949005.5925671235,88637.70703125,81.05626052366782,69.90222138972636,31.056260523667817,19.90222138972636,12,1841,7.95270728767e-06,
384,triangle,495,1221,496,,359320.0041634135,6944871.97338307,53109.21923828125,122.48711074607203,128.19259708259867,72.48711074607203,78.19259708259868,52,1561,1.1350413880718573e-05,
385,triangle,445,1102,446,,358656.2575809691,6951306.097076272,8419.443359375,49.17467818243626,48.73934799557559,-0.8253218175637373,-1.2606520044244125,12,1841,7.95270728767e-06,
386,triangle,1047,1412,1230,,367495.5181478851,6946964.717521429,1801890.3256835938,80.10739469886911,70.19290579789798,30.107394698869108,20.192905797897968,65,1681,6.789741596720001e-06,
387,triangle,544,1215,543,,353497.62610166805,6950041.623834382,64919.2451171875,107.80330866717121,107.1145354077931,57.803308667171216,57.114535407793106,65,1681,6.32455532034e-06,
388,triangle,30,1303,29,,359608.7838128049,6952840.611496354,3868.7060546875,34.94314750225375,34.195654821249924,-15.056852497746252,-15.804345178750077,12,1841,7.95270728767e-06,
389,triangle,327,1201,328,,358388.48485743045,6948210.963547453,4107.95361328125,74.12853272425735,73.66233010405416,24.128532724257358,23.66233010405416,12,1841,7.95270728767e-06,
390,triangle,329,1201,330,,358388.48485743045,6948310.963547453,4107.9541015625,71.91942019727175,72.1956629287612,21.91942019727174,22.19566292876119,12,1841,7.95270728767e-06,
391,triangle,542,826,543,,353067.67165369744,6950039.4777915375,67289.6865234375,105.78752313321426,103.07315974931838,55.787523133214265,53.07315974931837,6,1721,1.189207115e-05,
392,triangle,852,1105,506,,362976.2273166422,6955862.723565619,38384.98876953125,56.31455717662753,60.071305479168466,6.314557176627527,10.071305479168464,65,1681,6.32455532034e-06,
393,triangle,851,1043,692,,354422.77716271946,6952548.171049383,239397.21875,121.46155885632123,121.53825624972676,71.46155885632122,71.53825624972676,65,1681,6.32455532034e-06,
394,triangle,869,870,521,,365719.0498643094,6956931.385065451,309115.46826171875,57.17289134245423,38.23286906251878,7.172891342454234,-11.767130937481221,12,1841,7.95270728767e-06,
395,triangle,1296,1449,612,,362985.4454976176,6953068.154680029,36535.5849609375,74.3956110905269,76.9892779959061,24.3956110905269,26.989277995906093,65,1681,6.32455532034e-06,
396,triangle,979,1256,693,,356354.90885178494,6952774.370283241,138077.9736328125,103.6281056851193,99.2945129083701,53.628105685119294,49.29451290837008,65,1681,6.32455532034e-06,
397,triangle,967,1235,701,,365248.7817806156,6954242.509955884,149210.58154296875,102.3328600578788,108.97644439514322,52.332860057878804,58.97644439514321,65,1681,6.32455532034e-06,
398,triangle,749,1099,854,,360394.30174866336,6956146.738314022,103269.20654296875,138.88298823756276,133.65278326736765,88.88298823756276,83.65278326736762,65,1681,6.32455532034e-06,
399,triangle,545,1323,1083,,353904.9011579901,6951019.216754846,121208.83251953125,115.78204646321133,114.07897476452906,65.78204646321133,64.07897476452906,65,1681,6.32455532034e-06,
400,triangle,513,700,653,,358858.5691916239,6957459.731860146,162716.5986328125,171.71157341359637,163.4526171563368,121.71157341359638,113.45261715633677,65,1681,6.32455532034e-06,
401,triangle,459,1207,460,,360004.2715221926,6956324.637015216,8958.8818359375,105.84516172702746,104.76394091738041,55.84516172702746,54.76394091738041,65,1681,6.32455532034e-06,
402,triangle,462,1208,463,,359851.0075119071,6956170.473275236,9060.1015625,95.51438522328019,96.08361986381713,45.514385223280186,46.08361986381713,65,1681,6.32455532034e-06,
403,triangle,1036,1295,962,,362449.29222304287,6952014.4429190755,50529.93408203125,107.16529356179966,109.50498902405297,57.16529356179966,59.50498902405295,65,1681,6.32455532034e-06,
404,triangle,511,1132,650,,361887.1887539102,6956822.907508862,204528.3291015625,141.6543647829293,129.22223079965198,91.65436478292928,79.22223079965198,65,1681,6.32455532034e-06,
405,triangle,776,1361,792,,358233.84337929747,6951327.220476054,96533.849609375,60.97618884292389,66.58753953070818,10.976188842923891,16.587539530708185,12,1841,7.95270728767e-06,
406,triangle,69,859,858,,361922.32883440127,6951711.73720596,28758.7744140625,96.20546572675178,91.65115798487365,46.20546572675178,41.651157984873656,65,1681,6.55714845853e-06,
407,triangle,707,979,838,,356696.02731918497,6953273.532526475,135337.05126953125,69.82351936716496,85.79206101152279,19.82351936716496,35.79206101152278,65,1681,6.32455532034e-06,
408,triangle,664,1066,541,,359828.117028117,6946138.8446410885,84700.5576171875,116.42786339038071,113.70347280273334,66.42786339038071,63.70347280273334,12,1841,8.374781987205358e-06,
409,triangle,539,1140,538,,361342.1204011373,6947762.459104813,100210.44921875,98.10418085780728,99.25919494850719,48.104180857807286,49.2591949485072,12,1841,8.093398854181786e-06,
410,triangle,712,847,771,,358585.69091711,6946942.481988004,83495.39111328125,113.49324340899138,109.73847217776165,63.49324340899138,59.73847217776165,12,1841,7.95270728767e-06,
411,triangle,711,1147,833,,359967.2507416105,6948650.542153279,91269.74462890625,89.75241521816878,89.2835707378955,39.752415218168785,39.28357073789551,12,1841,7.95270728767e-06,
412,triangle,980,1246,957,,366126.22438086406,6953533.441073303,132340.216796875,163.1026393179667,156.3860122062101,113.10263931796669,106.38601220621008,65,1681,6.32455532034e-06,
413,triangle,495,1251,645,,359109.2939061211,6945371.868345925,69818.25341796875,135.9620365012089,130.90595818229698,85.9620365012089,80.90595818229697,18,2041,4.30886938006e-06,
414,triangle,163,1090,1072,,355972.4254882089,6953885.964675722,8017.4306640625,80.45049489178403,81.25596489227543,30.45049489178404,31.255964892275433,65,1681,6.722235022458572e-06,
415,triangle,959,1280,796,,355189.2341911975,6950469.188926437,127653.52783203125,128.02599496101575,125.98642685867473,78.02599496101577,75.98642685867473,65,1681,6.32455532034e-06,
416,triangle,1113,1197,505,,355336.84059425996,6951211.234443374,84858.7763671875,79.96065349627716,80.9694479977423,29.96065349627716,30.969447997742293,65,1681,6.32455532034e-06,
417,triangle,840,1069,541,,359884.7829707036,6946609.454912301,146687.998046875,120.90648664024653,116.47402541599219,70.90648664024653,66.47402541599219,12,1841,7.95270728767e-06,
418,triangle,841,1061,680,,358466.7153149371,6949543.767745663,172251.91796875,91.27208615135436,90.63819695694129,41.27208615135436,40.63819695694129,12,1841,7.95270728767e-06,
419,triangle,948,1175,487,,359466.71626984124,6956517.509920634,11143.50830078125,107.62632139391212,108.0749361707849,57.62632139391211,58.074936170784916,65,1681,6.32455532034e-06,
420,triangle,648,1077,503,,356257.42733556405,6951240.321468157,17098.3369140625,80.4093214138323,76.33884563123478,30.409321413832302,26.338845631234772,12,1841,7.95270728767e-06,
421,triangle,53,1386,52,,360707.18021355796,6952182.1802135585,6821.9521484375,46.368863403109586,46.68848054752019,-3.631136596890422,-3.3115194524798106,12,1841,7.95270728767e-06,
422,triangle,131,1182,130,,359519.56813856354,6953508.980408147,55411.267578125,47.66974549769692,48.59996392662925,-2.3302545023030774,-1.4000360733707466,65,1681,6.3827036048875e-06,
423,triangle,500,1434,646,,355245.25289375515,6949577.138728249,100515.7646484375,105.58019944027758,107.68278503789945,55.58019944027758,57.68278503789944,12,1841,7.72011414948e-06,
424,triangle,720,1069,741,,359604.362415701,6946981.557081661,83846.4326171875,104.95480997832158,108.17918887024848,54.95480997832158,58.17918887024848,12,1841,7.95270728767e-06,
425,triangle,550,1114,549,,355746.19594269217,6957145.252975501,139096.24951171875,126.31097618454099,130.03052769773944,76.31097618454099,80.03052769773944,65,1681,6.32455532034e-06,
426,triangle,744,904,698,,357993.7842345624,6948988.065007203,65840.55859375,84.8700304694747,79.78529450470758,34.870030469474685,29.785294504707576,12,1841,7.95270728767e-06,
427,triangle,719,985,871,,359143.56132990256,6954592.0603944585,154010.72021484375,90.49873605125208,87.1269309298692,40.49873605125206,37.1269309298692,65,1681,6.32455532034e-06,
428,triangle,720,1216,1069,,359657.2888193915,6947239.931240163,138581.5419921875,104.77996123314898,107.51233873527802,54.779961233148974,57.51233873527803,12,1841,7.95270728767e-06,
429,triangle,951,1083,796,,354398.66767480195,6950458.990244624,206874.33056640625,108.0172195934044,113.81580646979633,58.01721959340443,63.815806469796335,65,1681,6.32455532034e-06,
430,triangle,502,1337,503,,356266.8821361691,6950994.619793168,41801.7734375,82.1956008222155,83.76460752936173,32.195600822215496,33.76460752936172,65,1681,6.4408518894350004e-06,
431,triangle,675,1452,1312,,357355.08835843106,6950398.111547566,163967.92578125,81.5111379442229,76.08842089030166,31.5111379442229,26.08842089030166,12,1841,7.95270728767e-06,
432,triangle,1107,1164,719,,359747.78688109084,6954838.499527869,223322.18603515625,85.30161381408976,95.15342391013426,35.30161381408978,45.15342391013427,65,1681,6.32455532034e-06,
433,triangle,176,1158,636,,357845.9629971811,6954443.158568047,60274.8603515625,93.83495762379991,100.31928360924117,43.834957623799895,50.31928360924116,65,1681,6.722235022458572e-06,
434,triangle,566,1211,565,,363655.38267919683,6950797.357812621,142580.8154296875,95.07258798726261,94.3348105964311,45.07258798726261,44.33481059643109,65,1681,6.4408518894350004e-06,
435,triangle,506,1105,649,,363132.0227788072,6955939.582638222,58556.34765625,51.8325208090602,66.04849785037794,1.8325208090601977,16.048497850377952,65,1681,6.32455532034e-06,
436,triangle,1051,1436,1181,,367876.63232060865,6944123.48451428,1066841.64453125,63.11272843630495,63.45684348097533,13.112728436304941,13.456843480975328,12,1841,7.95270728767e-06,
437,triangle,916,1199,371,,360343.8724841841,6948674.34782647,11251.5712890625,73.43478552209667,74.3174375164884,23.434785522096675,24.31743751648841,12,1841,7.95270728767e-06,
438,triangle,655,1097,519,,355569.6795912447,6958160.912711612,150322.27392578125,160.87650202493725,148.98053115085716,110.87650202493725,98.98053115085717,12,1841,7.8945590031225e-06,
439,triangle,617,1238,122,,361897.0013961539,6955349.932672635,30441.92431640625,53.44132700369422,53.93065604631829,3.4413270036942194,3.930656046318287,65,1681,6.3827036048875e-06,
440,triangle,132,1244,626,,357838.44947515527,6952964.656473747,43418.15380859375,55.37204360640879,55.124879939444135,5.372043606408783,5.124879939444145,65,1681,6.4408518894350004e-06,
441,triangle,563,1166,562,,363615.96770641225,6951645.384900576,25965.73095703125,94.27801605342616,90.73243718326474,44.27801605342615,40.73243718326474,65,1681,6.32455532034e-06,
442,triangle,720,741,309,,359346.52305752033,6946951.793657393,44210.78125,94.54099266281528,96.14025594367433,44.5409926628153,46.14025594367434,12,1841,7.95270728767e-06,
443,triangle,806,1218,1060,,354660.7712289489,6956137.2315477235,145485.16796875,104.22804353861177,109.96370605497157,54.22804353861177,59.963706054971574,6,1721,1.189207115e-05,
444,triangle,515,1285,1156,,357134.76999148587,6959173.957540113,223981.873046875,105.5159923353638,133.19415731718843,55.51599233536378,83.19415731718841,12,1841,7.95270728767e-06,
445,triangle,823,1230,956,,365222.1369916615,6948474.0466554165,1445933.330078125,60.22494427610039,86.1979366081356,10.224944276100384,36.197936608135606,6,1721,1.189207115e-05,
446,triangle,702,1078,810,,352728.50910784636,6955875.839419174,628451.1791992188,123.27892228023511,105.09434855285421,73.27892228023511,55.09434855285421,6,1721,1.189207115e-05,
447,triangle,1072,1170,163,,355850.9503458982,6953918.327875298,38122.2578125,80.7934089122028,81.53569658484581,30.793408912202803,31.535696584845812,65,1681,7.915274128814286e-06,
448,triangle,795,1153,797,,364135.1176082334,6958755.320650528,901075.7036132812,49.69819463361194,53.190301719082605,-0.30180536638805633,3.1903017190825955,12,1841,7.95270728767e-06,
449,triangle,1079,1296,72,,363233.5588003674,6953147.639722231,34378.54248046875,73.2100008323473,78.90388002865791,23.2100008323473,28.90388002865791,65,1681,6.32455532034e-06,
450,triangle,1075,1095,553,,353568.0842594295,6956826.028717984,85992.578125,128.8356649897679,126.79752562863563,78.83566498976792,76.79752562863561,6,1721,1.189207115e-05,
451,triangle,603,1103,602,,360384.343673676,6942826.11912952,1159073.6064453125,111.6001942691088,121.22475043315514,61.600194269108805,71.22475043315514,6,1721,1.189207115e-05,
452,triangle,790,1318,508,,363868.05674714764,6956684.820654284,55735.7294921875,96.8508083161156,99.40536881486206,46.85080831611561,49.40536881486205,12,1841,7.95270728767e-06,
453,triangle,820,1412,1181,,366830.63705294224,6945286.99947549,1342008.6489257812,73.1807540005112,73.5720792380448,23.180754000511204,23.572079238044793,12,1841,7.95270728767e-06,
454,triangle,1046,1094,756,,357108.9485160027,6957639.699761561,148346.66796875,157.36396862377424,150.2049217351058,107.36396862377423,100.20492173510586,65,1681,6.32455532034e-06,
455,triangle,759,1092,844,,358196.3820520511,6953668.422839175,111657.0986328125,92.86312778329072,90.05235915867148,42.86312778329072,40.05235915867147,65,1681,6.32455532034e-06,
456,triangle,977,1211,566,,363655.7726301854,6950422.628168735,176979.81005859375,89.12840100552197,95.96453044554245,39.128401005521965,45.964530445542465,65,1681,6.32455532034e-06,
457,triangle,592,1292,1040,,369876.9735786642,6954009.035457055,1308423.2719726562,114.57522576235986,133.02393486418273,64.57522576235988,83.02393486418275,65,1681,6.3827036048875e-06,
458,triangle,855,1236,674,,357067.4588303363,6947189.813522992,184726.23779296875,93.42319030633362,86.79949681629779,43.42319030633363,36.79949681629779,12,1841,7.95270728767e-06,
459,triangle,213,1198,212,,355978.4379655572,6954760.309462848,5238.228515625,82.12588819040792,81.36404510096067,32.12588819040791,31.364045100960663,6,1721,1.189207115e-05,
460,triangle,686,1070,773,,357584.553946075,6948060.835826114,55128.5654296875,74.78767027756194,77.55860262551545,24.78767027756194,27.558602625515444,12,1841,7.95270728767e-06,
461,triangle,1153,1316,797,,364740.10785565665,6958435.908702925,475689.9716796875,49.70987182678691,49.32210518130683,-0.29012817321308493,-0.6778948186931663,12,1841,7.95270728767e-06,
462,triangle,856,1397,734,,364569.6290902299,6953595.27571188,124579.59326171875,126.3658171590745,122.24056635776884,76.36581715907448,72.24056635776884,65,1681,6.32455532034e-06,
463,triangle,835,1275,1081,,357765.3144517687,6946218.7228199765,285185.39013671875,122.51879383249991,108.24126865138832,72.51879383249991,58.24126865138833,12,1841,7.95270728767e-06,
464,triangle,915,1009,691,,360590.3882151851,6948394.452505398,38932.63037109375,83.61101670711759,83.69989570001952,33.61101670711758,33.69989570001952,12,1841,7.95270728767e-06,
465,triangle,814,1461,855,,356245.839890132,6946838.249614195,170242.302734375,79.50323190051864,79.5193981772922,29.503231900518635,29.519398177292192,12,1841,7.95270728767e-06,
466,triangle,481,970,480,,358912.5,6956487.04449576,7082.494140625,121.362689899737,118.83913971649486,71.362689899737,68.83913971649487,65,1681,6.32455532034e-06,
467,triangle,961,1237,789,,361571.82248722605,6955738.4737317385,110586.4404296875,99.79160002492864,103.69824840766121,49.79160002492863,53.698248407661204,65,1681,6.32455532034e-06,
468,triangle,1200,1297,610,,362515.9101417205,6952560.407213219,53709.46875,106.87631092692664,107.92853637734203,56.87631092692664,57.92853637734203,65,1681,6.32455532034e-06,
469,triangle,374,803,375,,360617.3735119048,6948823.251488094,6286.2724609375,66.58416016299219,66.1740795434677,16.584160162992195,16.174079543467705,12,1841,7.95270728767e-06,
470,triangle,844,1244,1030,,357709.36793754034,6953382.957885246,84510.38916015625,84.86891256285998,83.73890393810295,34.868912562859975,33.738903938102936,65,1681,6.32455532034e-06,
471,triangle,650,1222,651,,361142.8743921185,6956904.104465142,178300.521484375,137.82435604218963,131.79644928578486,87.82435604218963,81.79644928578483,65,1681,6.3827036048875e-06,
472,triangle,978,1104,800,,362526.15033496055,6950792.450470629,164623.05712890625,99.15282311211641,104.96046419872698,49.15282311211641,54.96046419872698,65,1681,6.32455532034e-06,
473,triangle,1088,1181,600,,365547.7480611638,6943670.798842485,2262194.5556640625,85.15600630847952,86.33235809226004,35.15600630847952,36.33235809226004,12,1841,7.6619658649325e-06,
474,triangle,1165,1384,520,,354756.67595781706,6957350.427392487,146521.92626953125,105.19027342136097,118.73176040519265,55.19027342136098,68.73176040519267,65,1681,6.32455532034e-06,
475,triangle,524,1227,78,,364953.0136073956,6955496.751152915,895.4501953125,44.57935565711999,50.37428024916826,-5.420644342880008,0.3742802491682573,65,1681,6.4408518894350004e-06,
476,triangle,4,1142,162,,357642.6551726133,6952301.309494887,5477.681640625,39.71095965015516,41.16562674099574,-10.289040349844843,-8.834373259004265,12,1841,7.95270728767e-06,
477,triangle,212,1143,211,,355979.5673574214,6954870.319140107,5111.17236328125,79.30708248735222,78.74006184261202,29.307082487352215,28.74006184261201,6,1721,1.189207115e-05,
478,triangle,458,788,457,,359954.51388888893,6956501.736111111,5117.1875,109.49828763311211,108.03234943881796,59.49828763311211,58.03234943881796,65,1681,6.32455532034e-06,
479,triangle,770,1310,787,,357283.98018958565,6951705.605170209,142341.70849609375,62.75947301480575,62.523052096497345,12.759473014805746,12.52305209649735,12,1841,7.95270728767e-06,
480,triangle,529,1217,531,,362027.7163011663,6948942.943933524,26199.98046875,97.43489260833623,97.88271702728055,47.43489260833623,47.882717027280556,65,1681,6.32455532034e-06,
481,triangle,497,1103,971,,358979.316898804,6944049.311126682,828722.0009765625,132.42356074935884,114.09070966338537,82.42356074935884,64.09070966338535,52,1561,9.183784803592857e-06,
482,triangle,1031,1290,1121,,356605.3452787634,6949711.259582609,190154.248046875,76.00493277303418,75.43808075974722,26.004932773034188,25.438080759747223,12,1841,7.95270728767e-06,
483,triangle,693,1330,979,,356225.72649939195,6953039.0536693735,161308.00634765625,102.90232534297135,103.34820742970624,52.90232534297135,53.348207429706235,65,1681,6.32455532034e-06,
484,triangle,987,1409,1130,,368202.31946644885,6959045.40821562,1392611.6352539062,5.9963771529684795,6.46166723300414,-44.00362284703152,-143.54567599597218,1,1,7.087495272898929e-05,
485,triangle,1121,1290,760,,356393.120179171,6949508.100769096,150136.23046875,55.5907138771542,74.9069674008439,5.590713877154206,24.90696740084391,12,1841,7.95270728767e-06,
486,triangle,94,769,768,,363800.84725816053,6955939.599580566,34716.72265625,36.281722650648135,34.346553147614905,-13.718277349351862,-15.653446852385096,12,1841,7.95270728767e-06,
487,triangle,597,1398,1395,,370040.6209746837,6944694.566044894,1492198.0126953125,70.31088769026805,56.57844828578163,20.310887690268054,6.578448285781633,12,1841,9.641006085811428e-06,
488,triangle,693,1374,968,,355609.5783976374,6953145.54045084,158853.8330078125,120.91310901232839,120.08056933314658,70.91310901232839,70.08056933314658,65,1681,6.32455532034e-06,
489,triangle,1131,1386,791,,360574.1750059296,6951976.285501401,29596.306640625,63.11153826973155,62.894690675280344,13.111538269731547,12.894690675280346,12,1841,7.95270728767e-06,
490,triangle,216,1119,215,,356091.73225716053,6954516.73225716,10297.7421875,78.62692974462475,79.4782720264225,28.626929744624736,29.4782720264225,6,1721,1.189207115e-05,
491,triangle,787,1312,850,,357185.7882956011,6950973.027458205,154951.9912109375,57.39939343824864,66.23809260530453,7.399393438248642,16.23809260530453,12,1841,7.95270728767e-06,
492,triangle,965,1145,693,,355621.38602498925,6952529.837828442,206107.82763671875,115.0859255448539,118.3656066043714,65.08592554485391,68.3656066043714,65,1681,6.32455532034e-06,
493,triangle,356,908,355,,356779.03318622144,6948437.4462502375,7478.9365234375,58.90565013028898,58.76397502319552,8.905650130288977,8.763975023195526,12,1841,7.95270728767e-06,
494,triangle,399,1202,400,,359516.8884025645,6950338.230318499,3725.0546875,52.23099887479057,55.56925463376709,2.2309988747905662,5.569254633767088,12,1841,7.95270728767e-06,
495,triangle,205,1264,204,,355911.6719167076,6955368.568407651,4311.9091796875,82.84884703120649,82.79005408446632,32.84884703120648,32.79005408446631,6,1721,1.189207115e-05,
496,triangle,734,1203,1124,,364126.9000256444,6953581.9372252105,87837.5126953125,91.85537499813661,95.3480890306639,41.8553749981366,45.34808903066389,65,1681,6.32455532034e-06,
497,triangle,505,960,504,,355840.6925775973,6951186.688960672,29916.15478515625,81.07727386765251,81.66991242780017,31.077273867652504,31.66991242780016,12,1841,7.8945590031225e-06,
498,triangle,528,1179,659,,362051.16811295063,6949932.278227036,60893.93603515625,94.5400335059697,94.10243151326843,44.54003350596971,44.10243151326844,65,1681,6.32455532034e-06,
499,triangle,1104,1459,778,,362741.809688947,6950219.25289264,173990.34765625,123.54419737640626,115.01569260932551,73.54419737640626,65.0156926093255,65,1681,6.32455532034e-06,
500,triangle,782,1409,987,,367297.3114124409,6958814.409966684,1451242.65625,5.262932714538794,6.533842638160665,-44.73706728546121,-143.47350059081566,1,1,6.604796244006071e-05,
501,triangle,639,936,178,,358997.63066916517,6955535.730895609,29740.19921875,91.31303313189706,98.12716893058466,41.31303313189706,48.12716893058465,65,1681,6.32455532034e-06,
502,triangle,623,1214,622,,358941.0466751137,6953337.09599615,51507.357421875,45.72073213019432,52.224501401619115,-4.2792678698056745,2.2245014016191216,65,1681,6.4408518894350004e-06,
503,triangle,438,799,437,,360889.12579236244,6949132.48251005,10502.630859375,69.90076019455148,70.78063268907498,19.900760194551474,20.78063268907498,12,1841,7.95270728767e-06,
504,triangle,509,1450,1163,,363477.4490219402,6957265.795897261,115355.45263671875,117.80755729361327,115.69945334720093,67.80755729361327,65.69945334720093,12,1841,7.95270728767e-06,
505,triangle,498,1467,499,,354123.92698615254,6949186.052101363,104047.560546875,116.42622424961422,109.7853754997136,66.42622424961424,59.78537549971359,65,1681,6.32455532034e-06,
506,triangle,777,952,727,,365579.630383428,6955131.014615773,123668.5947265625,80.68588801357451,84.19365798075482,30.68588801357452,34.19365798075482,65,1681,6.32455532034e-06,
507,triangle,997,1098,108,,362780.9000583349,6955361.745772533,13642.7138671875,22.679951426390126,23.484352622465323,-27.32004857360987,-26.515647377534677,12,1841,7.95270728767e-06,
508,triangle,492,1391,835,,357747.8185981535,6945297.0285934815,430533.453125,96.3569792450085,98.16145329656236,46.356979245008475,48.161453296562364,12,1841,6.521199538251786e-06,
509,triangle,625,1250,1092,,358211.9407584179,6953215.897220033,48639.55517578125,64.1315454965902,67.8223060207513,14.131545496590197,17.822306020751313,65,1681,6.32455532034e-06,
510,triangle,584,1415,798,,361395.1990543508,6960299.533659206,1096773.556640625,76.45879180430661,57.633202737942646,26.458791804306617,7.633202737942654,14,2121,8.4401507732725e-06,
511,triangle,422,1267,1220,,358612.1910654544,6948930.826203185,22372.5693359375,70.99090881296445,72.93331761507699,20.99090881296444,22.933317615076998,12,1841,7.95270728767e-06,
512,triangle,774,1144,344,,357533.21099947393,6948722.505250834,31744.13525390625,66.0537087861727,67.1580349901783,16.053708786172706,17.158034990178287,12,1841,7.95270728767e-06,
513,triangle,981,1305,760,,355854.22562415944,6949323.616111468,151045.7451171875,70.64512596646938,70.31521246094293,20.645125966469372,20.315212460942934,12,1841,7.95270728767e-06,
514,triangle,182,1455,641,,357685.60741885146,6956586.637668149,74000.25390625,144.79138628091195,143.34296102584486,94.79138628091195,93.34296102584487,65,1681,7.119914724577143e-06,
515,triangle,850,1259,787,,356944.39637031936,6951072.8941849945,93012.693359375,47.7873939048022,60.61169378172942,-2.2126060951978026,10.61169378172942,12,1841,7.95270728767e-06,
516,triangle,32,1304,31,,359758.92638139316,6952845.589319285,3308.70166015625,33.49940621242895,33.43423453480323,-16.50059378757105,-16.56576546519677,12,1841,7.95270728767e-06,
517,triangle,34,1304,33,,359858.92638139316,6952845.589319285,3308.70166015625,33.14837940738468,33.30090196440935,-16.851620592615323,-16.699098035590648,12,1841,7.95270728767e-06,
518,triangle,1171,1293,546,,352612.31748263474,6951392.221979928,241565.8984375,97.62443176471004,83.59368397114703,47.62443176471004,33.59368397114702,65,1681,6.523395171399286e-06,
519,triangle,719,1164,1042,,359900.4065149864,6954496.969879702,183655.12841796875,104.60214494161829,101.8448779840936,54.60214494161828,51.84487798409361,65,1681,6.32455532034e-06,
520,triangle,1088,1152,820,,364886.3887966932,6945642.605297916,2017304.158203125,108.04390510082898,98.04816515744774,58.043905100828965,48.04816515744776,65,1681,7.716434277755e-06,
521,triangle,800,859,708,,362367.3858744285,6951406.373155492,145171.27978515625,93.9806578382054,102.65255340465269,43.98065783820541,52.6525534046527,65,1681,6.32455532034e-06,
522,triangle,967,1270,727,,365176.656106524,6954767.994958036,131034.72998046875,98.44623082369004,101.0509875058334,48.446230823690044,51.050987505833405,65,1681,6.32455532034e-06,
523,triangle,11,989,10,,358213.3212891442,6952599.035512671,7232.14990234375,39.651671210333234,39.458741956097164,-10.348328789666763,-10.541258043902834,12,1841,7.95270728767e-06,
524,triangle,24,992,23,,359186.31157859834,6952681.766408923,6136.33154296875,37.66604352024151,37.51178483028343,-12.333956479758493,-12.48821516971657,12,1841,7.95270728767e-06,
525,triangle,83,994,82,,364662.5,6955687.5,5625.0,40.42499955495188,40.28333282470703,-9.575000445048115,-9.716667175292969,12,1841,7.95270728767e-06,
526,triangle,112,997,111,,362737.5,6955137.5,5625.0,22.741666475931808,22.483332951863606,-27.258333524068192,-27.516667048136394,12,1841,7.95270728767e-06,
527,triangle,118,998,117,,362291.43601376616,6955061.1720034005,5918.40234375,31.688147558812265,32.295393696547805,-18.31185244118774,-17.704606303452195,12,1841,7.95270728767e-06,
528,triangle,188,1001,187,,356460.3926015234,6956588.305857453,5952.7412109375,100.6474677835107,100.36909077144647,50.64746778351069,50.36909077144646,6,1721,1.189207115e-05,
529,triangle,380,1010,381,,360480.4410811605,6949184.394696902,6768.47509765625,63.40667442118212,62.069805788399684,13.406674421182114,12.069805788399675,12,1841,7.95270728767e-06,
530,triangle,418,917,419,,360886.58892128285,6948864.549927113,5496.8798828125,69.8928099884233,68.26755892224581,19.8928099884233,18.2675589222458,12,1841,7.95270728767e-06,
531,triangle,419,1018,418,,360965.7738095238,6948863.392857143,3281.25048828125,70.5963177378193,70.67471507346552,20.596317737819298,20.67471507346552,12,1841,7.95270728767e-06,
532,triangle,434,1022,435,,361215.3071290558,6949308.933050841,6342.083984375,77.71495577288186,77.03202719893146,27.714955772881865,27.032027198931456,12,1841,7.95270728767e-06,
533,triangle,447,1024,446,,358766.5178571429,6951282.621173468,6625.876953125,48.34054285756115,49.24459928645316,-1.6594571424388493,-0.7554007135468428,12,1841,7.95270728767e-06,
534,triangle,466,1026,467,,359516.7279840973,6955938.9875162365,5933.302734375,86.4037711109189,87.3463227161681,36.4037711109189,37.34632271616808,65,1681,6.32455532034e-06,
535,triangle,489,1028,488,,359464.4848865727,6956363.177678753,5325.46142578125,96.90597826579528,96.89028173771239,46.90597826579527,46.89028173771239,65,1681,6.32455532034e-06,
536,triangle,672,1246,556,,366052.62494517915,6953027.315493151,112631.90869140625,128.5344633561726,134.8757181394128,78.5344633561726,84.87571813941281,65,1681,6.3827036048875e-06,
537,triangle,820,1181,1088,,365766.4724330224,6944786.276536807,1777388.0913085938,102.69771701539113,98.33601589105967,52.69771701539113,48.33601589105967,12,1841,7.371224442195001e-06,
538,triangle,808,1275,674,,357849.8176194448,6947046.562391467,218265.23291015625,98.49314822404396,101.1670665697156,48.49314822404397,51.16706656971561,12,1841,7.95270728767e-06,
539,triangle,1083,1323,963,,354181.9222308146,6951099.104399677,160103.86328125,119.75128602969238,107.513696887332,69.75128602969238,57.513696887332,65,1681,6.32455532034e-06,
540,triangle,114,817,113,,362561.94444444444,6954974.722222223,7062.5,23.402500622522886,23.798435713844615,-26.597499377477106,-26.201564286155385,12,1841,7.95270728767e-06,
541,triangle,117,817,116,,362411.94444444444,6954974.722222223,9750.0,26.453511049162362,26.0317693014911,-23.54648895083764,-23.9682306985089,12,1841,7.95270728767e-06,
542,triangle,466,818,465,,359549.98791337153,6956096.71327995,8069.103515625,94.95463287781953,91.80870883964418,44.954632877819535,41.80870883964419,65,1681,6.32455532034e-06,
543,triangle,490,818,489,,359549.98791337153,6956246.71327995,8808.6162109375,92.258756296364,94.67537499768456,42.258756296363984,44.67537499768455,65,1681,6.32455532034e-06,
544,triangle,10,1262,9,,358128.25927973056,6952496.737235346,9171.23046875,41.5645590626125,42.618751944768455,-8.435440937387503,-7.381248055231544,12,1841,7.95270728767e-06,
545,triangle,442,1159,776,,358411.80442078615,6951035.667903737,35867.1591796875,66.20225548547725,65.00671601997391,16.20225548547726,15.006716019973908,12,1841,7.95270728767e-06,
546,triangle,1063,1346,1082,,355418.27305083995,6947316.49499501,177213.900390625,76.26565603684047,69.94057146150675,26.265656036840465,19.940571461506757,12,1841,7.95270728767e-06,
547,triangle,709,1269,1040,,368727.1929401348,6955986.418352298,1346008.5815429688,136.15024525194494,101.60588404153289,86.15024525194495,51.605884041532896,65,1681,6.847889881267501e-06,
548,triangle,935,1373,1308,,359196.1516589802,6952092.333631683,74862.7392578125,49.46210797606992,48.84025988337161,-0.5378920239300761,-1.1597401166283874,12,1841,7.95270728767e-06,
549,triangle,706,1152,1088,,363728.4452231801,6945594.934878898,2006703.919921875,103.36284289177195,91.98626491827817,53.36284289177195,41.98626491827818,6,1721,1.1693231298940716e-05,
550,triangle,811,1423,783,,366838.25787104404,6955675.6128653735,191560.8857421875,120.43040668736725,122.52294376754564,70.43040668736724,72.52294376754564,65,1681,6.32455532034e-06,
551,triangle,808,896,894,,358353.7079631647,6947514.068664425,32597.171875,83.91100040067002,86.21723480254259,33.911000400670005,36.2172348025426,12,1841,7.95270728767e-06,
552,triangle,690,1373,935,,358992.9441768808,6952110.270155676,96136.9208984375,44.20308783638398,49.07418885485888,-5.796912163616025,-0.9258111451411096,12,1841,7.95270728767e-06,
553,triangle,347,1369,348,,357362.2060713931,6948410.175537407,4480.251953125,60.70182572897051,60.88181996935513,10.701825728970514,10.881819969355137,12,1841,7.95270728767e-06,
554,triangle,979,1330,838,,356408.3305924737,6953258.178672814,110253.66943359375,100.34675491779582,90.64399859685727,50.34675491779583,40.64399859685727,65,1681,6.32455532034e-06,
555,triangle,753,1162,1087,,353397.7319421814,6945256.758923081,1571957.3056640625,85.05953064166552,79.16259690401309,35.059530641665525,29.162596904013082,12,1841,7.95270728767e-06,
556,triangle,978,1459,1104,,362800.8496461184,6950497.055619188,156368.1123046875,112.44304862606906,115.47710846321031,62.44304862606906,65.47710846321031,65,1681,6.32455532034e-06,
557,triangle,348,1178,349,,357258.3793982123,6948398.114733871,5837.09228515625,60.24325247859028,60.84452515958814,10.243252478590275,10.844525159588132,12,1841,7.95270728767e-06,
558,triangle,1072,1330,968,,355893.95569340093,6953516.158091397,92353.64208984375,100.10058534458435,103.96938153018432,50.10058534458436,53.96938153018433,65,1681,6.32455532034e-06,
559,triangle,651,1044,512,,360549.67482150905,6957016.404140702,106254.93701171875,144.28968822935582,136.61164997339208,94.28968822935579,86.61164997339209,65,1681,6.4408518894350004e-06,
560,triangle,1152,1230,820,,365482.2056250737,6946707.910669009,1841820.9799804688,79.4962924358306,91.37276038338211,29.496292435830586,41.37276038338211,6,1721,9.505992937288572e-06,
561,triangle,497,1221,1103,,359465.73946089554,6944327.216719318,214775.0146484375,125.64051371977652,125.80734657522358,75.64051371977652,75.80734657522359,52,1561,1.189207115e-05,
562,triangle,514,1299,1186,,358363.6751898216,6958375.547193387,137342.451171875,155.92779094602696,153.4381641782646,105.92779094602695,103.43816417826459,12,1841,7.95270728767e-06,
563,triangle,1146,1286,687,,368609.5041340609,6949540.179495749,1246426.6254882812,125.6950825637462,127.23103493644412,75.6950825637462,77.2310349364441,6,1721,1.189207115e-05,
564,triangle,1123,1232,473,,358167.45975292654,6956804.818027494,42223.314453125,130.49594245988652,132.63386582221634,80.49594245988652,82.63386582221635,65,1681,6.32455532034e-06,
565,triangle,693,1256,1161,,356209.6224074016,6952553.331560048,125421.2275390625,98.50165837509677,99.69566615510921,48.50165837509676,49.6956661551092,65,1681,6.32455532034e-06,
566,triangle,554,1292,1226,,368842.6511276948,6953324.718204421,620217.390625,91.83220405717356,143.13764507419938,41.832204057173556,93.13764507419937,6,1721,9.307153086229285e-06,
567,triangle,549,955,550,,355953.4472420817,6956931.420473911,88206.515625,118.6234661985192,121.34561773496632,68.62346619851918,71.34561773496632,6,1721,1.1693231298940716e-05,
568,triangle,765,1170,968,,355450.58964714716,6953708.491581388,158631.0546875,103.20319508200947,99.45162755907006,53.20319508200947,49.45162755907006,65,1681,6.921074873517858e-06,
569,triangle,1092,1273,624,,358482.543042761,6953323.671958208,53339.3671875,66.03319407393386,64.26171861682614,16.033194073933853,14.261718616826144,65,1681,6.32455532034e-06,
570,triangle,1103,1120,602,,360904.71853592916,6943413.74006338,1500571.8125,133.00033832593687,134.46156130702968,83.00033832593687,84.46156130702967,6,1721,1.189207115e-05,
571,triangle,713,1425,1134,,359400.0330776616,6949438.454579052,123093.072265625,84.93336260914262,81.09318869476101,34.93336260914261,31.09318869476101,12,1841,7.95270728767e-06,
572,triangle,530,857,661,,361651.5926540885,6948468.7055823505,69722.8818359375,95.82145110288391,97.56017148315999,45.82145110288389,47.56017148316,12,1841,7.95270728767e-06,
573,triangle,515,1239,654,,357692.2023820579,6958708.760549906,191187.54248046875,134.29384589624976,143.14487001385274,84.29384589624978,93.14487001385272,12,1841,7.95270728767e-06,
574,triangle,517,1045,516,,356852.9613114667,6958363.148256184,98942.7607421875,178.19689254443486,173.0950457256838,128.1968925444349,123.09504572568376,12,1841,7.836410718575001e-06,
575,triangle,676,1458,1340,,354614.7409718739,6954526.16395133,162759.736328125,101.43241699466527,101.9820189600343,51.43241699466527,51.98201896003431,6,1721,1.189207115e-05,
576,triangle,1040,1424,709,,368225.73129457375,6955417.196282475,551687.2065429688,149.56622440530936,136.6152524658909,99.56622440530938,86.61525246589089,65,1681,6.55714845853e-06,
577,triangle,580,1254,579,,353206.8268186133,6960886.871765465,1402896.8481445312,167.57507333072527,162.80282136501168,117.57507333072526,112.8028213650117,12,1841,7.95270728767e-06,
578,triangle,597,1395,596,,370498.05022635893,6945491.488105297,1393096.41796875,76.19229110697657,62.9057681841878,26.192291106976562,12.905768184187798,12,1841,8.515473553717143e-06,
579,triangle,721,1253,1032,,359935.1137343184,6951022.582574524,73569.53076171875,72.86317908225084,71.43437743602293,22.863179082250834,21.434377436022913,12,1841,7.95270728767e-06,
580,triangle,1104,1179,528,,362200.0704011491,6950188.559802413,108121.87548828125,107.60498653925892,100.75084746243424,57.60498653925892,50.75084746243425,65,1681,6.32455532034e-06,
581,triangle,872,1146,717,,368597.3113749812,6951316.572306216,1217798.224609375,151.82500163042397,142.6729374965938,101.82500163042396,92.6729374965938,65,1681,7.119914724577143e-06,
582,triangle,801,1254,580,,354017.34733340115,6960237.164730377,1429717.1987304688,155.52789828065914,165.5743056013907,105.52789828065916,115.57430560139073,12,1841,7.95270728767e-06,
583,triangle,501,1121,647,,355990.2031719561,6950112.85695316,89777.384765625,98.78688515966083,99.22457471218172,48.78688515966083,49.22457471218174,12,1841,7.95270728767e-06,
584,triangle,765,1374,1043,,354958.75544306566,6953275.558672865,206653.8046875,117.40919341738504,122.0009767618529,67.40919341738504,72.0009767618529,65,1681,6.32455532034e-06,
585,triangle,791,1386,736,,360680.24657200795,6951889.987581561,46502.80810546875,57.05549269214427,61.6066541927266,7.055492692144266,11.6066541927266,12,1841,7.95270728767e-06,
586,triangle,821,1309,497,,358892.7706808841,6944946.4456559075,58131.48046875,126.07964810649027,122.62667719576253,76.07964810649027,72.62667719576251,18,2041,4.30886938006e-06,
587,triangle,836,1429,1229,,360944.05166148697,6954076.763288039,43235.0458984375,52.50851642328959,52.91114887828735,2.508516423289594,2.911148878287348,65,1681,6.32455532034e-06,
588,triangle,436,1116,435,,361045.7408814168,6949271.494656,8522.2998046875,75.89619646772594,76.83445457482253,25.896196467725932,26.83445457482253,12,1841,7.95270728767e-06,
589,triangle,669,1306,552,,354095.3600688297,6956733.947958744,56875.853515625,103.35601352540996,100.35612676755723,53.35601352540997,50.35612676755724,6,1721,1.149439144788143e-05,
590,triangle,817,997,112,,362649.44444444444,6955112.222222223,17718.75,23.759231626630285,23.615102634824435,-26.24076837336971,-26.384897365175565,12,1841,7.95270728767e-06,
591,triangle,795,1415,585,,362930.2948912906,6960146.402451317,1596759.7319335938,57.5927531373193,72.52922483533138,7.5927531373193045,-3334.647183443112,14,2121,8.8924228610275e-06,
592,triangle,641,1123,181,,358104.0329070152,6956520.687070564,42515.373046875,146.01869978921872,143.3726780161683,96.01869978921869,93.37267801616828,65,1681,6.32455532034e-06,
593,triangle,706,1120,1033,,361607.4366295563,6945102.473687317,1125732.673828125,112.54535614554399,101.1565656564265,62.545356145544,51.156565656426494,52,1561,1.1892071150000002e-05,
594,triangle,1407,1427,557,,365288.16369740944,6952816.287746232,32239.7529296875,128.4361977642601,132.06251007456356,78.43619776426013,82.06251007456359,65,1681,6.32455532034e-06,
595,triangle,586,1451,1153,,365535.0353346716,6960218.140238471,1335985.9326171875,6.170000076293945,10.629570119366239,-9316.482676868847,-6712.456809960211,10,2191,8.471798795012145e-06,
596,triangle,140,1077,139,,356090.0364125466,6951408.317288145,4689.3046875,65.88015480677686,65.27868031977175,15.880154806776847,15.278680319771757,12,1841,7.95270728767e-06,
597,triangle,695,1282,1105,,362651.93793500547,6956139.353741109,143293.7744140625,88.80272019090152,94.70373052300876,38.80272019090153,44.703730523008765,65,1681,6.32455532034e-06,
598,triangle,559,1029,560,,364645.9384235016,6951508.908852731,259342.04833984375,81.87998431795529,93.9315723219075,31.879984317955294,43.9315723219075,65,1681,7.02233473491e-06,
599,triangle,667,826,546,,352940.8954181943,6950741.38415239,137266.35546875,98.30155648248342,104.80807686051871,48.30155648248343,54.808076860518696,6,1721,1.189207115e-05,
600,triangle,192,1247,191,,356172.97685253137,6956401.192733402,8799.2861328125,94.53745859900246,94.5288059168938,44.53745859900247,44.52880591689381,6,1721,1.189207115e-05,
601,triangle,76,1174,614,,364209.9370399141,6954343.183219778,25141.63671875,80.40134442029826,87.2093722367204,30.40134442029827,37.2093722367204,65,1681,6.55714845853e-06,
602,triangle,646,1249,499,,354733.8566112242,6949230.0396442665,153733.0009765625,119.01918403302102,114.76199546013108,69.01918403302102,64.76199546013108,12,1841,7.95270728767e-06,
603,triangle,904,906,698,,357862.2606736103,6948880.883229575,43557.0771484375,79.0419689052695,75.78059529575529,29.0419689052695,25.78059529575529,12,1841,7.95270728767e-06,
604,triangle,702,1379,1071,,353556.13138323097,6955279.40240181,249850.2685546875,98.32438894819033,100.15670204453431,48.324388948190325,50.15670204453432,6,1721,1.189207115e-05,
605,triangle,806,1379,1074,,354086.32894044573,6955874.784957055,164786.19140625,99.47616906349137,103.37894075127058,49.47616906349137,53.37894075127057,6,1721,1.189207115e-05,
606,triangle,1125,1458,676,,354949.2965044709,6954460.051462084,169729.77978515625,106.17953131862009,100.37045826140354,56.1795313186201,50.37045826140352,6,1721,1.189207115e-05,
607,triangle,1155,1413,951,,354566.4738310662,6949902.798062112,146503.89013671875,123.24975433509545,124.78726578096638,73.24975433509545,74.78726578096634,65,1681,6.32455532034e-06,
608,triangle,313,1278,972,,359077.6559402251,6947330.866186057,21464.4521484375,89.79208096753102,91.12461977293263,39.792080967531014,41.124619772932625,12,1841,7.95270728767e-06,
609,triangle,1038,1136,865,,353793.48558294727,6954068.203430627,171444.857421875,109.01434289332508,109.22605221667523,59.014342893325086,59.226052216675235,6,1721,1.189207115e-05,
610,triangle,698,1335,1061,,357705.5330947766,6949381.61932975,157327.826171875,89.08172070861211,86.90860590042995,39.081720708612096,36.90860590042994,12,1841,7.95270728767e-06,
611,triangle,871,1107,719,,359400.914948259,6954858.433001635,145608.05517578125,84.22779432308282,89.3606021981979,34.227794323082826,39.36060219819789,65,1681,6.32455532034e-06,
612,triangle,1084,1219,670,,367965.8256850286,6953891.072425172,129032.4423828125,170.8185339001971,165.45264317189745,120.81853390019714,115.45264317189742,65,1681,6.32455532034e-06,
613,triangle,549,1046,843,,356432.5971230219,6957307.163017799,99149.54296875,131.38494038943855,138.92518922620783,81.38494038943854,88.9251892262078,65,1681,6.32455532034e-06,
614,triangle,743,808,686,,357967.2422412561,6947691.977113,97441.69775390625,93.72922430833093,91.15887064579289,43.72922430833093,41.15887064579288,12,1841,7.95270728767e-06,
615,triangle,560,1118,559,,364553.2270241464,6951933.483918604,106324.01904296875,122.4806743780893,110.53501509951307,72.48067437808932,60.53501509951307,65,1681,6.32455532034e-06,
616,triangle,539,1048,663,,361177.2226680527,6947125.387069409,167003.3193359375,91.15483880745967,96.15891262012163,41.154838807459676,46.15891262012163,52,1561,1.189207115e-05,
617,triangle,836,1076,125,,361100.825319198,6954578.978060436,92330.279296875,94.78815631224403,93.42675556841277,44.78815631224403,43.426755568412794,65,1681,6.32455532034e-06,
618,triangle,1125,1172,819,,355426.8791533529,6954742.70769607,105264.3828125,88.8475619511279,96.45084438974646,38.847561951127894,46.45084438974646,6,1721,1.189207115e-05,
619,triangle,514,1341,654,,357887.9881950063,6958045.554811022,127352.2783203125,178.9594771361924,175.63838414363215,128.9594771361924,125.63838414363215,65,1681,6.3827036048875e-06,
620,triangle,607,1162,606,,353191.1288809315,6943004.859195185,1659952.017578125,87.09761017741006,88.27033327051232,37.097610177410075,38.27033327051232,12,1841,7.822570219541072e-06,
621,triangle,672,834,557,,365574.1540908034,6952611.283500175,136904.083984375,106.38410198668251,112.3573776192871,56.3841019866825,62.35737761928713,12,1841,7.8945590031225e-06,
622,triangle,620,1228,619,,360457.7468562557,6953725.8085484505,54817.4521484375,69.22413521999852,66.10712856974646,19.22413521999852,16.107128569746468,65,1681,6.4990001739825e-06,
623,triangle,350,1358,349,,357202.68402386736,6948486.917967697,4153.27099609375,59.68832894367556,59.798449101854,9.688328943675561,9.798449101854,12,1841,7.95270728767e-06,
624,triangle,482,1360,481,,359010.65104877297,6956517.92916118,3607.96875,115.76673399183339,114.9942469828016,65.76673399183339,64.9942469828016,65,1681,6.32455532034e-06,
625,triangle,483,1359,484,,359119.12844039797,6956584.347567902,3864.1015625,109.66723672682329,109.81020350040372,59.66723672682329,59.81020350040373,65,1681,6.32455532034e-06,
626,triangle,1139,1289,498,,353621.4261601942,6948583.254837188,478517.4931640625,117.33789524614484,94.42541275929368,67.33789524614485,44.42541275929366,65,1681,6.7315933121724995e-06,
627,triangle,122,1298,121,,362118.8813491298,6955313.570854093,4547.61669921875,42.665513339275066,44.11735406073843,-7.334486660724945,-5.882645939261565,12,1841,7.313076157647499e-06,
628,triangle,957,1246,1050,,365742.85604980023,6953430.109551298,157177.5673828125,161.73438898599804,155.22212553438985,111.73438898599804,105.22212553438983,65,1681,6.32455532034e-06,
629,triangle,1134,1220,841,,358821.9998242997,6949175.105504961,66592.27392578125,82.00795408034243,81.3065375912628,32.00795408034243,31.306537591262806,12,1841,7.95270728767e-06,
630,triangle,566,1169,977,,363963.52571887785,6950012.9872305095,303602.9521484375,94.78038340178043,83.73601155549721,44.78038340178044,33.73601155549722,65,1681,6.3827036048875e-06,
631,triangle,594,1286,1146,,369784.6345114016,6949711.923133544,1383262.3256835938,122.30131855430291,127.92093481110385,72.30131855430291,77.92093481110385,6,1721,1.189207115e-05,
632,triangle,595,1286,594,,370458.4478775707,6948986.6471312195,1505814.603515625,131.5297356369077,109.67898660526993,81.5297356369077,59.67898660526993,65,1681,8.312953830932858e-06,
633,triangle,1043,1205,765,,354694.16189256177,6953427.881741722,174464.1396484375,110.28857636753423,113.56635433514249,60.28857636753423,63.566354335142485,65,1681,6.523395171399286e-06,
634,triangle,375,803,376,,360642.3735119048,6948873.251488094,3670.47998046875,65.55489508688687,65.57407979778085,15.55489508688687,15.574079797780856,12,1841,7.95270728767e-06,
635,triangle,373,803,374,,360567.3735119048,6948798.251488094,5428.29248046875,68.34883139291249,67.44074468425546,18.34883139291249,17.440744684255467,12,1841,7.95270728767e-06,
636,triangle,679,1426,981,,355485.07996092463,6948692.4624481825,121694.28564453125,72.95337052615415,76.93428184477911,22.95337052615415,26.934281844779097,12,1841,7.95270728767e-06,
637,triangle,1039,1411,1115,,367397.9360636317,6954600.660919336,191969.6123046875,169.64384469510563,160.17428067113244,119.64384469510563,110.17428067113241,65,1681,6.32455532034e-06,
638,triangle,185,1150,184,,356689.8609385917,6956824.795822102,3535.234375,115.15611598837575,114.46470183510581,65.15611598837573,64.4647018351058,65,1681,8.909473384110715e-06,
639,triangle,756,1068,1046,,357013.9943376531,6957350.223050741,107313.001953125,140.36131179574866,134.1708091965037,90.36131179574865,84.17080919650373,65,1681,6.32455532034e-06,
640,triangle,75,1342,1124,,364118.5419393564,6954024.656690693,32107.63330078125,92.792716880281,92.91062567875811,42.792716880281006,42.910625678758116,65,1681,6.32455532034e-06,
641,triangle,680,1134,841,,358820.4346476016,6949440.676146154,154530.40185546875,86.43079118959693,87.34061149081838,36.430791189596924,37.340611490818375,12,1841,7.95270728767e-06,
642,triangle,796,1280,1155,,355005.057724732,6950272.617462352,112763.42529296875,131.03862715669945,128.22357470561462,81.03862715669945,78.22357470561461,65,1681,6.32455532034e-06,
643,triangle,398,815,397,,359623.21428571426,6950237.5,6830.35693359375,57.51865007006778,57.47023832230091,7.518650070067776,7.470238322300911,12,1841,7.95270728767e-06,
644,triangle,510,1450,509,,363148.6105346699,6957183.304050337,113165.9765625,116.44322645736142,118.5451448186363,66.44322645736142,68.5451448186363,12,1841,7.95270728767e-06,
645,triangle,1141,1174,76,,364383.2767176062,6954367.855809204,37632.24072265625,98.37760954189783,89.72421727216759,48.37760954189783,39.724217272167586,65,1681,6.32455532034e-06,
646,triangle,968,1330,693,,355896.3321042261,6953209.727817808,130092.1923828125,112.07407200228397,111.62037638112658,62.074072002283984,61.62037638112658,65,1681,6.32455532034e-06,
647,triangle,123,1237,617,,361636.55260646617,6955276.33322082,42030.79150390625,76.8674443145971,75.82409219502746,26.867444314597087,25.824092195027458,65,1681,6.3827036048875e-06,
648,triangle,616,1270,77,,364718.24284049525,6955105.346424901,57974.71826171875,98.05265543330009,90.33480044211495,48.05265543330009,40.334800442114954,65,1681,6.3827036048875e-06,
649,triangle,138,960,137,,355909.4033362875,6951400.9858076,5514.0966796875,67.15386604274089,67.26727525261487,17.153866042740884,17.267275252614862,12,1841,7.95270728767e-06,
650,triangle,604,971,603,,358599.91777018266,6942865.182476047,1268539.7568359375,84.02750675759273,92.9052747610529,34.02750675759275,42.90527476105288,6,1721,1.1079585246077857e-05,
651,triangle,547,1136,548,,353715.26427495416,6953479.865208385,93714.59326171875,102.7267315687352,100.03757815564745,52.72673156873519,50.037578155647445,6,1721,1.1693231298940716e-05,
652,triangle,316,1257,317,,358722.47538776585,6947322.356889424,9018.86865234375,82.59902330133852,83.4683893000274,32.59902330133851,33.46838930002739,12,1841,7.95270728767e-06,
653,triangle,551,1165,668,,354968.6677621149,6956884.5653579915,94462.49755859375,129.7824054330793,119.08235148484552,79.7824054330793,69.08235148484552,65,1681,6.523395171399286e-06,
654,triangle,783,1100,811,,366478.5376076904,6955790.705028507,196161.05615234375,95.11773518634942,105.32659975573885,45.117735186349414,55.32659975573885,65,1681,6.32455532034e-06,
655,triangle,394,1014,758,,359823.29931972787,6950097.023809523,22332.58935546875,68.01091498043577,62.991229733162754,18.010914980435775,12.991229733162761,12,1841,7.95270728767e-06,
656,triangle,1076,1377,1231,,360895.02155194734,6955076.742623463,116163.48779296875,162.75722433962667,150.66825461003597,112.75722433962667,100.66825461003596,65,1681,6.32455532034e-06,
657,triangle,1061,1335,675,,357637.335815865,6949697.605724308,186385.71728515625,91.5612622418508,86.87302872815322,41.5612622418508,36.87302872815322,12,1841,7.95270728767e-06,
658,triangle,1069,1216,794,,359911.5644678759,6947384.2392337965,177909.69775390625,108.24311842924334,108.30680768600116,58.243118429243346,58.30680768600116,12,1841,7.95270728767e-06,
659,triangle,691,1009,733,,360733.80672870186,6948471.3324201545,56121.2900390625,85.75717939309006,83.77350685655584,35.757179393090055,33.77350685655585,12,1841,7.95270728767e-06,
660,triangle,416,1018,786,,361110.4166666667,6948868.75,15770.0888671875,79.46921131346066,76.5191055144275,29.46921131346066,26.519105514427494,12,1841,7.95270728767e-06,
661,triangle,807,982,787,,356913.37354729377,6951463.627364434,50744.01611328125,46.35880459287395,60.98985017246452,-3.641195407126045,10.989850172464523,12,1841,7.95270728767e-06,
662,triangle,727,1235,967,,365393.4531282319,6954525.054147072,142594.220703125,115.40182838692006,106.91132675549659,65.40182838692006,56.911326755496596,65,1681,6.32455532034e-06,
663,triangle,783,1423,1115,,366935.63946391287,6955277.297963754,205650.64306640625,156.84128155666622,151.5421713478081,106.84128155666619,101.5421713478081,65,1681,6.32455532034e-06,
664,triangle,519,1097,1096,,355822.5422576046,6958376.491391896,145457.908203125,165.60522622711582,154.26451175767906,115.60522622711579,104.26451175767905,12,1841,7.95270728767e-06,
665,triangle,1214,1273,759,,358636.4163511752,6953627.119049425,71400.10693359375,71.47769963353583,72.24627557899782,21.47769963353583,22.246275578997825,65,1681,6.32455532034e-06,
666,triangle,1063,1139,868,,354658.0736888657,6948012.235153402,377089.244140625,71.44540584718251,70.75388162138672,21.445405847182514,20.753881621386732,12,1841,7.95270728767e-06,
667,triangle,512,1233,651,,360600.1113771097,6957322.416221497,188456.421875,137.0969760411326,126.75484696203235,87.09697604113258,76.75484696203235,12,1841,7.95270728767e-06,
668,triangle,601,1328,1088,,363579.531908318,6943559.640179952,1411149.474609375,125.60896991286445,121.79418775145858,75.60896991286447,71.79418775145858,6,1721,9.903672639407145e-06,
669,triangle,135,1276,631,,355921.9441579313,6951642.920949374,36751.87158203125,75.36143064105602,74.23683891524895,25.361430641056014,24.236838915248956,65,1681,6.4408518894350004e-06,
670,triangle,582,1156,581,,357043.2643908425,6960878.998077982,1424961.0678710938,117.29013465669878,103.81981384123384,67.2901346566988,53.81981384123383,14,2121,9.634412015655358e-06,
671,triangle,784,1228,1042,,360323.06906963186,6954148.926899812,88974.90234375,112.45730354538898,103.04202682403609,62.457303545388974,53.04202682403609,65,1681,6.32455532034e-06,
672,triangle,952,1100,783,,366153.13557110954,6955559.101395345,164446.9775390625,97.23175581761402,102.36278836744823,47.23175581761401,52.36278836744825,65,1681,6.32455532034e-06,
673,triangle,304,1362,494,,359261.91379949654,6946380.982797086,18437.0625,93.31063957850698,93.63684248867874,43.31063957850698,43.636842488678745,12,1841,7.95270728767e-06,
674,triangle,1172,1339,839,,355453.2251627071,6955385.503342211,75028.9287109375,88.27590529521777,90.3368641547681,38.27590529521777,40.336864154768115,6,1721,1.189207115e-05,
675,triangle,498,1289,809,,353458.3328769873,6949088.955027103,324946.33349609375,127.09907876440909,106.33598273244245,77.0990787644091,56.335982732442424,65,1681,6.32455532034e-06,
676,triangle,709,1129,987,,367473.07976975833,6956997.292040631,1029438.6142578125,129.00183481229305,81.84338538752468,79.00183481229303,31.84338538752469,65,1681,6.32455532034e-06,
677,triangle,502,1189,501,,356266.0857476842,6950517.703877613,109655.17626953125,90.29455625019416,86.54349313647405,40.29455625019416,36.54349313647405,12,1841,7.8945590031225e-06,
678,triangle,1186,1283,653,,358860.36488321074,6958142.335131128,178375.20166015625,158.3193071869107,154.42052828125057,108.31930718691068,104.42052828125055,12,1841,7.95270728767e-06,
679,triangle,732,1290,688,,356934.9109713281,6949032.658926673,122780.150390625,71.41774043969063,75.53284709831324,21.417740439690633,25.53284709831325,12,1841,7.95270728767e-06,
680,triangle,784,1164,1076,,360532.8792757976,6954638.021154516,169643.259765625,137.80823498623204,127.34473810002994,87.80823498623202,77.34473810002997,65,1681,6.32455532034e-06,
681,triangle,73,1422,1079,,363461.9720160196,6953289.185922709,51672.0302734375,74.7727728705628,84.04255432704501,24.77277287056281,34.042554327045,65,1681,6.32455532034e-06,
682,triangle,765,1458,1125,,355012.72542702284,6954084.831997581,188743.05859375,105.09731813143239,102.78034672960275,55.09731813143239,52.78034672960276,6,1721,1.189207115e-05,
683,triangle,583,831,582,,358842.8987839736,6960862.335564926,1471653.974609375,75.76049826156239,85.23053618608556,25.760498261562386,35.230536186085565,14,2121,9.926882403131073e-06,
684,triangle,675,1353,1061,,357923.2798748608,6949913.178632262,195493.98095703125,95.36850455280546,87.24859732274422,45.368504552805454,37.24859732274422,12,1841,7.95270728767e-06,
685,triangle,1145,1374,693,,355471.3121663755,6952851.487334157,191298.9169921875,136.96411127890784,127.48832815976152,86.96411127890784,77.48832815976152,65,1681,6.32455532034e-06,
686,triangle,731,1125,819,,355557.4929411171,6954522.29416731,76247.970703125,97.52537264321629,95.74339736005088,47.52537264321629,45.74339736005087,6,1721,1.189207115e-05,
687,triangle,685,1107,750,,359771.62803444936,6955441.337095074,89661.41650390625,127.67822854321489,117.74697472506257,77.67822854321489,67.7469747250626,65,1681,6.32455532034e-06,
688,triangle,511,1282,1132,,362234.44179946004,6956636.543241036,192345.20458984375,147.8669223017601,132.37528303539452,97.86692230176008,82.3752830353945,65,1681,6.32455532034e-06,
689,triangle,789,1132,961,,361689.5553831863,6956050.995059687,170927.08837890625,130.11555006897237,124.456163375999,80.11555006897234,74.45616337599901,65,1681,6.32455532034e-06,
690,triangle,787,982,770,,357051.78433219745,6951635.923583776,64270.525390625,49.35874993879456,60.64120477693573,-0.641250061205439,10.64120477693573,12,1841,7.95270728767e-06,
691,triangle,468,1127,467,,359396.5880522541,6955951.018212105,8935.89306640625,89.04600995428899,90.01702398580805,39.046009954289,40.01702398580806,65,1681,6.32455532034e-06,
692,triangle,1046,1367,843,,356660.51177332364,6957244.070877608,61537.990234375,138.4851687842501,135.95014947147226,88.4851687842501,85.95014947147224,65,1681,6.32455532034e-06,
693,triangle,842,1078,577,,351552.0763866769,6957321.373178919,1597542.390625,135.6831458306859,94.42747382459156,85.68314583068589,44.42747382459155,6,1721,1.4040568608928572e-05,
694,triangle,992,1373,23,,359184.74907859834,6952570.828908923,24423.9814453125,42.30916146341605,39.41464957454931,-7.690838536583945,-10.585350425450697,12,1841,7.95270728767e-06,
695,triangle,777,1270,1227,,365103.7359046838,6955205.249219063,73482.0048828125,64.9024581482541,75.3134888736787,14.90245814825409,25.313488873678697,65,1681,6.32455532034e-06,
696,triangle,773,1369,346,,357506.01534853736,6948353.464703698,15596.310546875,65.01538317342877,64.35002797354679,15.015383173428777,14.350027973546789,12,1841,7.95270728767e-06,
697,triangle,493,821,492,,358448.5976217407,6945386.924815024,144167.14453125,107.67403668625887,109.52903806336542,57.67403668625887,59.52903806336543,18,2041,4.439006448188929e-06,
698,triangle,1114,1165,520,,355077.6448731224,6957393.71348313,148467.17724609375,133.4156815156635,119.56341308393108,83.41568151566347,69.56341308393108,65,1681,6.32455532034e-06,
699,triangle,1115,1411,781,,367035.2802319859,6954468.729443133,152149.9345703125,142.05115096395053,151.46949520076828,92.05115096395053,101.46949520076828,65,1681,6.32455532034e-06,
700,triangle,682,873,696,,360577.6576000554,6950096.053683534,91574.39306640625,85.8821787758878,84.61288214403623,35.88217877588779,34.61288214403624,12,1841,7.95270728767e-06,
701,triangle,518,1096,1045,,356391.18778232037,6958399.447928536,109356.521484375,178.97039453787224,169.4287186314762,128.97039453787224,119.42871863147617,12,1841,7.95270728767e-06,
702,triangle,848,1237,1231,,361261.61620566907,6955410.191900543,92390.4375,106.06748443664816,123.32598740449511,56.06748443664816,73.32598740449511,65,1681,6.32455532034e-06,
703,triangle,671,1281,1084,,367449.8826187178,6953636.128016189,170650.7099609375,173.6105468461492,167.36292380262827,123.6105468461492,117.36292380262826,65,1681,6.32455532034e-06,
704,triangle,1060,1218,551,,354742.79358092137,6956426.707114059,127768.3505859375,113.50175741486281,118.47885299481813,63.50175741486281,68.47885299481813,6,1721,1.189207115e-05,
705,triangle,1230,1412,820,,366638.9330928863,6946440.192443595,1479838.3344726562,81.44665151187195,79.25476277204433,31.44665151187194,29.25476277204433,65,1681,6.930433163231786e-06,
706,triangle,716,1408,1108,,358993.4402332362,6950896.017284465,48137.83203125,72.91268733036694,67.19442035825803,22.912687330366946,17.194420358258025,12,1841,7.95270728767e-06,
707,triangle,658,1354,1104,,362008.4348795638,6950711.7020233385,98012.2470703125,103.59676014099992,106.30651376054705,53.59676014099992,56.306513760547034,65,1681,6.32455532034e-06,
708,triangle,752,827,179,,359079.4318607536,6956059.824316916,39165.8466796875,118.6239878143838,115.34321272399762,68.6239878143838,65.34321272399764,65,1681,6.32455532034e-06,
709,triangle,1081,1213,493,,358430.66078195145,6945956.704786525,109796.060546875,116.06760403822248,116.29519560882078,66.06760403822247,66.29519560882078,12,1841,7.95270728767e-06,
710,triangle,668,1114,550,,355463.8446845033,6956994.562749301,128644.4921875,126.05607595561656,123.98538782390865,76.05607595561656,73.98538782390865,65,1681,6.523395171399286e-06,
711,triangle,600,1181,599,,366481.8389702547,6942997.705622736,1639905.7563476562,57.214680860499925,69.52804393676968,7.2146808604999215,19.528043936769674,12,1841,7.95270728767e-06,
712,triangle,399,815,398,,359598.21428571426,6950287.5,5424.10693359375,57.43571444919764,56.33690575190703,7.435714449197638,6.33690575190703,12,1841,7.95270728767e-06,
713,triangle,630,1161,134,,356379.5704067808,6952127.645739365,69971.17626953125,89.06089619009863,82.18193355720048,39.06089619009863,32.18193355720047,65,1681,6.4408518894350004e-06,
714,triangle,585,1415,584,,362384.6782272807,6960917.239693905,1317797.630859375,6.8946235166196645,38.011273849297,-43.10537648338034,-3357.659150767135,17,2101,4.708640671723571e-06,
715,triangle,538,1140,530,,361519.6069368094,6948021.865057065,101879.35888671875,105.69838959968718,103.26731730218205,55.69838959968715,53.26731730218206,12,1841,7.95270728767e-06,
716,triangle,512,1184,652,,359993.43551637005,6957131.502816363,79868.82275390625,129.7975789710389,129.59447308308302,79.79757897103889,79.59447308308302,65,1681,6.4408518894350004e-06,
717,triangle,1253,1302,1032,,360154.57022244483,6950920.940472487,108471.0126953125,79.99854760759877,74.06413876269836,29.998547607598773,24.064138762698374,12,1841,7.95270728767e-06,
718,triangle,688,1056,732,,357069.62766231736,6948838.476717104,46711.6220703125,67.90746638994072,68.2062671995999,17.907466389940723,18.20626719959991,12,1841,7.95270728767e-06,
719,triangle,700,1321,751,,359017.06040780136,6957023.123186044,73220.92724609375,152.78670795370618,149.37996065660838,102.78670795370617,99.37996065660836,65,1681,6.32455532034e-06,
720,triangle,771,973,712,,358725.19984568143,6946806.990916575,50655.10400390625,110.6636571045286,106.16220915508727,60.66365710452861,56.16220915508726,12,1841,7.95270728767e-06,
721,triangle,685,1164,1107,,359940.3421321171,6955178.646777354,198858.80712890625,124.275992382226,121.36073697275621,74.27599238222601,71.36073697275621,65,1681,6.32455532034e-06,
722,triangle,503,1077,999,,356311.7798942547,6951334.895377699,31053.7626953125,77.18998273104319,72.56597196095743,27.189982731043198,22.565971960957423,12,1841,7.95270728767e-06,
723,triangle,832,1353,675,,357895.64182180626,6950258.114134372,169183.98828125,92.03519174771807,83.80053956723964,42.03519174771807,33.800539567239646,12,1841,7.95270728767e-06,
724,triangle,522,1387,521,,365861.05851460743,6956413.586938761,34997.6396484375,75.28807797683777,49.17137018661531,25.28807797683777,-0.8286298133846964,12,1841,7.836410718575001e-06,
725,triangle,1071,1379,1347,,354014.791135211,6955274.48329291,156728.71142578125,105.24414403791738,108.88756366723022,55.24414403791738,58.88756366723024,6,1721,1.189207115e-05,
726,triangle,1347,1379,806,,354221.55042351765,6955558.40025343,196370.73046875,104.17751597392613,105.03337638240198,54.17751597392613,55.03337638240199,6,1721,1.189207115e-05,
727,triangle,640,1191,180,,358646.6741365019,6956340.5971460575,22717.892578125,131.18922223599006,130.9536898318404,81.18922223599006,80.95368983184039,65,1681,6.523395171399286e-06,
728,triangle,1162,1460,1087,,352477.16183775075,6945079.406250707,1218888.98828125,78.80575646792634,86.24401623379809,28.805756467926344,36.24401623379808,12,1841,7.95270728767e-06,
729,triangle,374,1402,1009,,360629.43980818335,6948683.439014996,12926.3291015625,70.56523916843929,70.80355587458382,20.56523916843929,20.803555874583825,12,1841,7.95270728767e-06,
730,triangle,1115,1424,1039,,367577.47271252424,6954905.323853858,209891.64501953125,166.28099440004775,167.08184255637477,116.28099440004775,117.08184255637475,65,1681,6.32455532034e-06,
731,triangle,344,1382,343,,357658.7263598985,6948631.305317044,3521.84814453125,64.55124515926524,64.92733203679187,14.551245159265235,14.927332036791862,12,1841,7.95270728767e-06,
732,triangle,779,1171,874,,352361.42080191773,6952517.567688856,838031.859375,88.61675688795516,74.80214322726033,38.616756887955155,24.80214322726032,6,1721,1.189207115e-05,
733,triangle,1290,1335,688,,357098.0383341959,6949290.407778316,120182.2001953125,78.7750152216454,83.12015230121224,28.775015221645415,33.12015230121225,12,1841,7.95270728767e-06,
734,triangle,170,1325,1266,,356486.03333931294,6953791.151437681,10660.59423828125,70.62830818706212,75.02300418202792,20.62830818706211,25.023004182027922,65,1681,6.32455532034e-06,
735,triangle,1129,1223,521,,366352.32861412875,6956614.256199834,156935.2109375,27.207574538056868,53.15561802833462,-22.792425461943132,3.15561802833462,65,1681,6.32455532034e-06,
736,triangle,710,873,682,,360742.15934838733,6949907.25131309,85362.859375,84.64599154578835,87.61221669704253,34.64599154578835,37.61221669704254,12,1841,7.95270728767e-06,
737,triangle,708,1036,962,,362605.2427347281,6951852.961179114,91284.39794921875,111.55989699037966,113.87609546389042,61.55989699037964,63.87609546389041,65,1681,6.32455532034e-06,
738,triangle,695,1105,852,,362749.54208062874,6955889.932272151,77376.66796875,56.07885171697575,66.69115389194691,6.078851716975756,16.691153891946918,65,1681,6.32455532034e-06,
739,triangle,562,804,563,,363806.40835254587,6951524.91422622,32742.54541015625,88.51885414051067,85.07969144711542,38.51885414051069,35.079691447115415,12,1841,7.778262434027501e-06,
740,triangle,686,773,705,,357773.14019315765,6948083.484669072,85562.89404296875,75.88373364608906,78.62055397804853,25.883733646089052,28.62055397804852,12,1841,7.95270728767e-06,
741,triangle,643,1252,494,,358980.3593050537,6946222.8530364,44630.08544921875,101.06456453501518,100.85447214225651,51.06456453501518,50.85447214225652,12,1841,7.692433151412143e-06,
742,triangle,493,1213,643,,358709.0648676006,6945947.652877193,74575.3056640625,115.84850908290278,113.16134181748845,65.84850908290278,63.16134181748845,12,1841,7.822570219541072e-06,
743,triangle,503,1445,502,,356415.98896689527,6950951.355426893,67572.306640625,72.2603501875646,78.59043139737959,22.2603501875646,28.590431397379586,12,1841,7.836410718575001e-06,
744,triangle,741,1069,840,,359665.1971320109,6946775.490593903,82419.4853515625,113.50293316198673,111.16242576769082,63.50293316198675,61.16242576769081,12,1841,7.95270728767e-06,
745,triangle,768,1318,1086,,363928.31628239155,6956269.662056201,62625.68994140625,51.96116842207487,61.90816768631248,1.961168422074872,11.908167686312481,12,1841,7.95270728767e-06,
746,triangle,159,886,158,,357379.9708454811,6952366.727405247,7114.88720703125,47.082170988495626,45.13757098340121,-2.917829011504381,-4.862429016598786,12,1841,7.95270728767e-06,
747,triangle,208,891,207,,356040.1530377481,6955118.421544963,7472.859375,80.07855056520818,79.91065151136965,30.078550565208182,29.91065151136965,6,1721,1.189207115e-05,
748,triangle,420,918,438,,360815.991576318,6949033.91116603,7640.9541015625,65.05749067432541,65.68055092386122,15.05749067432542,15.68055092386122,12,1841,7.95270728767e-06,
749,triangle,1231,1377,848,,360958.85120521905,6955345.2767235115,101487.8349609375,158.0211796893546,149.41922140688018,108.02117968935457,99.41922140688018,65,1681,6.32455532034e-06,
750,triangle,1130,1409,588,,368617.6061374449,6960206.849738599,1518030.3100585938,,4.834698020090259,-10049.0,-3479.7842112155827,23,2151,2.136660196625e-05,
751,triangle,588,1409,587,,368005.8759354113,6960905.106372532,1351798.5063476562,,4.56252973327331,-10049.0,-6814.486499984552,23,2151,4.472135955e-06,
752,triangle,1164,1377,1076,,360564.6234333425,6954956.001710416,173644.12890625,151.4701190065057,144.63269381032129,101.47011900650568,94.6326938103213,65,1681,6.32455532034e-06,
753,triangle,400,1193,401,,359508.02219229843,6950440.152748083,4722.5029296875,54.35791744605684,55.937906060837406,4.357917446056838,5.937906060837409,12,1841,7.95270728767e-06,
754,triangle,19,1194,18,,358758.8521523888,6952692.452027666,3661.6474609375,36.174478811456865,36.29108963000431,-13.825521188543139,-13.708910369995698,12,1841,7.95270728767e-06,
755,triangle,340,1195,341,,357850.58696959144,6948558.216094029,4700.689453125,66.66793923441875,66.34053932471546,16.667939234418764,16.340539324715476,12,1841,7.95270728767e-06,
756,triangle,204,1263,203,,355912.2588934729,6955472.023809523,4245.875,84.51561044322737,84.53274744867753,34.51561044322737,34.53274744867752,6,1721,1.189207115e-05,
757,triangle,306,1265,305,,359283.85605336906,6946607.378134322,3808.80615234375,92.4217131154301,92.41214661333515,42.421713115430094,42.412146613335146,12,1841,7.95270728767e-06,
758,triangle,169,1266,168,,356366.7734192423,6953812.505968648,4218.07861328125,74.11378841105133,73.6953451103248,24.11378841105134,23.695345110324798,65,1681,6.32455532034e-06,
759,triangle,424,1267,423,,358467.86421200866,6948867.237924385,4751.7666015625,69.15604700551276,69.78968340257889,19.156047005512757,19.7896834025789,12,1841,7.95270728767e-06,
760,triangle,762,1095,842,,353159.5304044948,6957594.426903394,703954.0454101562,146.99028968225548,140.14844431550625,96.99028968225547,90.14844431550625,6,1721,1.0063080785346786e-05,
761,triangle,426,1133,659,,361844.0073666012,6949790.005672506,11716.13232421875,85.48788832517731,87.37256538026406,35.48788832517731,37.37256538026407,12,1841,7.95270728767e-06,
762,triangle,591,1269,590,,370425.77923614153,6956735.960027912,1598797.7241210938,63.291056119515865,86.67018159899628,13.291056119515863,36.67018159899628,12,1841,7.95270728767e-06,
763,triangle,1088,1328,706,,363263.0399793908,6944627.447455257,1553445.6762695312,111.17465145078037,105.90564223454835,61.174651450780374,55.905642234548345,6,1721,1.1693231298940716e-05,
764,triangle,602,1328,601,,362645.4409992271,6942886.546960204,1328408.8671875,138.02781835011646,133.98078132283254,88.02781835011646,83.98078132283253,6,1721,1.1693231298940716e-05,
765,triangle,1265,1362,304,,359323.7691419216,6946477.54934667,14168.68896484375,92.9224220825188,94.56706654635668,42.92242208251882,44.56706654635669,12,1841,7.95270728767e-06,
766,triangle,1184,1324,455,,360091.0442431827,6956833.776220679,24108.69091796875,116.66593098281622,121.25004874569346,66.6659309828162,71.25004874569346,65,1681,6.32455532034e-06,
767,triangle,567,1073,556,,366432.29383467697,6952769.799561936,78554.29736328125,111.66699011630843,114.88074883281553,61.66699011630843,64.88074883281553,12,1841,7.95270728767e-06,
768,triangle,499,1413,646,,354574.2401979852,6949431.848191381,97810.1455078125,135.24652242084278,123.14828346501815,85.24652242084278,73.14828346501814,65,1681,6.4408518894350004e-06,
769,triangle,532,1279,531,,362287.59930478735,6948840.640376661,77159.2080078125,107.75554928472897,109.4717924301088,57.75554928472897,59.47179243010881,12,1841,7.778262434027501e-06,
770,triangle,664,1319,665,,359803.825989418,6945639.892144547,123819.66796875,101.38762061850679,111.279858245009,51.38762061850678,61.279858245008995,52,1561,1.161068801697643e-05,
771,triangle,678,1312,787,,357424.49021915655,6951184.261914872,143547.796875,68.85270987737476,72.00297631024148,18.852709877374767,22.00297631024148,12,1841,7.95270728767e-06,
772,triangle,692,1332,851,,354331.5469129411,6952146.904307335,173620.7802734375,107.71945824157103,111.80901722532418,57.71945824157102,61.809017225324176,65,1681,6.32455532034e-06,
773,triangle,565,804,566,,363846.48613089934,6951011.638612912,124946.3896484375,82.7359343455905,81.91220626197065,32.7359343455905,31.912206261970656,12,1841,7.95270728767e-06,
774,triangle,754,1441,1156,,356367.29107798456,6959815.139468387,609657.109375,143.41555008144934,135.99734296280187,93.41555008144934,85.99734296280185,12,1841,7.95270728767e-06,
775,triangle,619,1229,129,,360777.32627229946,6953782.910127804,46221.28076171875,45.02903235731381,47.19397250075473,-4.970967642686192,-2.8060274992452716,65,1681,6.4408518894350004e-06,
776,triangle,1395,1398,1051,,369255.86887049215,6944844.390210129,1005539.05078125,64.78805211612674,54.8503043480733,14.78805211612674,4.850304348073297,12,1841,7.95270728767e-06,
777,triangle,1140,1173,691,,360924.6727124997,6948005.675176251,141860.87939453125,101.42629612704954,101.17692048110025,51.42629612704955,51.17692048110027,12,1841,7.95270728767e-06,
778,triangle,533,1126,534,,363224.39277522214,6949327.74913505,67848.90234375,98.23124561732965,100.52559467094022,48.231245617329655,50.525594670940244,65,1681,6.32455532034e-06,
779,triangle,649,1105,849,,363168.19036274584,6956209.148564325,117561.5859375,78.01375077493485,85.99341417181087,28.01375077493484,35.993414171810876,65,1681,6.32455532034e-06,
780,triangle,682,1372,802,,361275.9421666586,6950219.000869639,128599.6591796875,103.83741162511487,99.92999793635381,53.83741162511488,49.92999793635381,12,1841,7.95270728767e-06,
781,triangle,756,1341,1049,,357587.08098526765,6957427.700014989,140435.17529296875,153.2872224993566,151.12619974548105,103.2872224993566,101.12619974548106,65,1681,6.32455532034e-06,
782,triangle,880,881,649,,363389.3075431793,6955772.923007022,31167.41552734375,48.104080725444696,43.58747750974353,-1.8959192745552986,-6.412522490256461,12,1841,7.95270728767e-06,
783,triangle,574,1268,573,,350905.6994852889,6950804.067102221,1332612.78515625,71.88758126187223,61.048322142422194,21.88758126187222,11.048322142422194,6,1721,1.1693231298940716e-05,
784,triangle,842,1400,762,,353325.88757934514,6958162.319299216,759504.3041992188,175.6955448835919,153.78812076156686,125.69554488359191,103.78812076156687,12,1841,8.234090420693573e-06,
785,triangle,605,1320,824,,355934.34161845973,6943593.633835592,1431251.1499023438,99.91483692712943,96.38333261158255,49.91483692712943,46.38333261158255,18,2041,6.000651265736071e-06,
786,triangle,577,1078,576,,350929.54339910595,6956521.79263388,1400478.5249023438,102.1375260065948,52.269780447548726,52.1375260065948,2.269780447548719,1,1,6.560450762321429e-05,
787,triangle,731,1170,1125,,355565.6451654925,6954269.526101324,97871.2001953125,91.46341348315116,91.15747286815649,41.46341348315114,41.15747286815648,6,1721,1.189207115e-05,
788,triangle,684,1375,1091,,360089.6750588768,6952162.124459798,76190.0517578125,48.894682724805335,52.01790217979515,-1.1053172751946543,2.0179021797951546,12,1841,7.95270728767e-06,
789,triangle,377,803,378,,360617.3735119048,6948973.251488094,6679.6875,65.44882861224185,64.90741185954843,15.448828612241854,14.907411859548434,12,1841,7.95270728767e-06,
790,triangle,179,970,752,,358998.80502523266,6956212.182230438,40145.310546875,130.21815426832933,124.33576746367748,80.21815426832933,74.3357674636775,65,1681,6.32455532034e-06,
791,triangle,971,1103,603,,359205.85235294956,6943278.801605567,1000227.984375,120.20677314334134,100.29366310684331,70.20677314334134,50.293663106843304,6,1721,1.1350413880718573e-05,
792,triangle,501,1210,502,,356052.4017246615,6950655.499640902,75736.0068359375,101.74404682571898,98.02762892026867,51.74404682571898,48.02762892026865,65,1681,6.32455532034e-06,
793,triangle,1040,1269,591,,369780.24122616247,6955855.745924828,1812701.8291015625,61.09448682658504,80.1395512170679,11.094486826585037,30.139551217067904,12,1841,7.95270728767e-06,
794,triangle,1020,1242,1022,,361488.6981101783,6949309.474965931,31515.7548828125,87.87440708778527,85.57379208822532,37.874407087785265,35.57379208822531,12,1841,7.95270728767e-06,
795,triangle,1084,1411,1039,,367587.5200001328,6954284.343900885,175619.833984375,167.12316236825114,160.79500914060154,117.12316236825119,110.79500914060155,65,1681,6.32455532034e-06,
796,triangle,540,1271,541,,360440.01554832916,6946534.4881148115,140142.8427734375,107.63263628754626,109.41955934776526,57.63263628754626,59.419559347765265,52,1561,1.1751379583488215e-05,
797,triangle,1112,1158,176,,358045.70040930115,6954373.880309451,60526.8056640625,95.61909742557005,99.22411652381591,45.61909742557005,49.224116523815916,65,1681,6.32455532034e-06,
798,triangle,958,1308,684,,359502.5915311712,6951893.247827184,92401.26513671875,56.37494120093316,53.85149586623566,6.374941200933155,3.8514958662356573,12,1841,7.95270728767e-06,
799,triangle,935,984,690,,358833.10554782796,6951844.4899061695,82306.658203125,56.007014039027155,51.47610250058503,6.007014039027156,1.4761025005850248,12,1841,7.95270728767e-06,
800,triangle,80,994,79,,364812.5,6955612.5,4218.75,45.491667111714605,44.41666730244955,-4.508332888285398,-5.583332697550456,12,1841,7.95270728767e-06,
801,triangle,1160,1313,652,,359841.8029213533,6957622.627232216,125102.02880859375,139.86270791725318,131.90012625819716,89.86270791725318,81.9001262581972,12,1841,7.95270728767e-06,
802,triangle,1108,1408,689,,358955.0473760933,6950691.297896709,77489.294921875,77.40657579521582,72.95080447192964,27.4065757952158,22.950804471929647,12,1841,7.95270728767e-06,
803,triangle,763,1310,770,,357360.74177575554,6951968.023423168,63300.30712890625,42.816973457621266,56.58632725984693,-7.18302654237873,6.586327259846932,12,1841,7.95270728767e-06,
804,triangle,1033,1120,761,,360763.1955644034,6944844.367739373,735573.6953125,105.06693370619803,105.68739541340096,55.06693370619803,55.68739541340094,52,1561,1.189207115e-05,
805,triangle,315,1278,314,,358944.1574291326,6947323.291235332,7587.9755859375,83.63200719743041,85.13282180032458,33.632007197430404,35.13282180032457,12,1841,7.95270728767e-06,
806,triangle,507,769,649,,363548.31649388414,6956049.691509046,48752.0048828125,60.52663655829508,60.40517143114903,10.526636558295072,10.405171431149023,12,1841,7.72011414948e-06,
807,triangle,951,1224,1083,,354087.7776678833,6950375.87268573,112436.6923828125,111.36375113082835,111.83027753258968,61.36375113082835,61.83027753258968,65,1681,6.32455532034e-06,
808,triangle,965,1062,793,,355510.8962156919,6951958.0974109,81199.75537109375,99.5350500770386,98.98588243747582,49.535050077038605,48.98588243747582,65,1681,6.32455532034e-06,
809,triangle,1043,1374,1145,,355015.67427452555,6952905.893724273,198139.048828125,138.92047755807008,135.35449050787918,88.92047755807008,85.35449050787916,65,1681,6.32455532034e-06,
810,triangle,751,1321,1058,,359195.7025847297,6956903.80640927,46894.130859375,142.20208141222662,138.1263379804611,92.20208141222663,88.12633798046109,65,1681,6.32455532034e-06,
811,triangle,777,1284,952,,365517.65774698363,6955385.122850909,74413.583984375,64.95254835805324,70.02620163037817,14.952548358053239,20.02620163037816,65,1681,6.32455532034e-06,
812,triangle,560,804,562,,364005.3705973501,6951595.174106793,107907.1044921875,80.05158992747218,86.44213161455055,30.051589927472182,36.44213161455055,12,1841,7.95270728767e-06,
813,triangle,760,1290,861,,356488.6957093487,6949194.827110957,96820.943359375,85.95682253409403,76.32909543679943,35.95682253409403,26.329095436799445,12,1841,7.95270728767e-06,
814,triangle,937,1184,455,,359996.9058143699,6956772.150613151,16675.79638671875,120.89448728076609,121.04378075735735,70.89448728076609,71.04378075735737,65,1681,6.32455532034e-06,
815,triangle,530,954,662,,361994.5781853518,6948156.366238386,105972.896484375,116.1901996127063,114.09737340468627,66.19019961270631,64.09737340468628,12,1841,7.95270728767e-06,
816,triangle,670,1219,554,,368279.21303905715,6953879.985602997,140027.65625,159.13802759899798,156.20660390289902,109.13802759899798,106.20660390289902,65,1681,6.523395171399286e-06,
817,triangle,184,1368,183,,356858.6341698843,6956798.634925935,17370.84228515625,118.7917161747667,119.23543239191702,68.7917161747667,69.23543239191702,65,1681,7.318754575636428e-06,
818,triangle,849,1282,510,,362887.2806610081,6956710.76777964,172164.662109375,137.11978495995152,120.12808032479263,87.11978495995152,70.12808032479263,65,1681,6.32455532034e-06,
819,triangle,50,1399,876,,360462.6439545203,6952414.309268023,11895.9033203125,46.575896672020185,46.63525326948892,-3.4241033279798154,-3.3647467305110688,12,1841,7.95270728767e-06,
820,triangle,848,1099,789,,361024.34928281704,6955840.56131408,120321.83935546875,148.59654166427077,145.96563774174956,98.59654166427077,95.96563774174956,65,1681,6.32455532034e-06,
821,triangle,1231,1237,123,,361422.13372179074,6955258.603861548,67604.3349609375,95.30403464821823,104.27506119327325,45.304034648218234,54.27506119327325,65,1681,6.32455532034e-06,
822,triangle,555,1281,671,,367266.0647777326,6953340.425531016,158562.7705078125,153.3439011698728,158.48640663739113,103.3439011698728,108.48640663739114,65,1681,6.32455532034e-06,
823,triangle,734,1333,1034,,364184.66430778237,6953066.1392330965,144241.69873046875,109.32184175195162,112.09124673214848,59.321841751951624,62.09124673214848,65,1681,6.32455532034e-06,
824,triangle,1087,1460,571,,351591.7147750011,6945752.047055521,1383000.7021484375,92.2746531445037,78.8369859801809,42.2746531445037,28.8369859801809,16,1441,8.16227766017e-06,
825,triangle,758,815,439,,359810.71428571426,6950325.0,28125.0,70.52857062930121,65.87857178279081,20.52857062930122,15.87857178279082,12,1841,7.95270728767e-06,
826,triangle,1011,1439,383,,360269.8583158646,6949312.645242398,6536.708984375,61.58791765786087,62.252000012398504,11.587917657860867,12.252000012398504,12,1841,7.95270728767e-06,
827,triangle,921,1348,387,,360239.57620032335,6949701.949518629,9332.14306640625,60.28698885378556,59.97754613300381,10.28698885378556,9.977546133003814,12,1841,7.95270728767e-06,
828,triangle,386,1348,919,,360354.6999645442,6949583.432923701,10471.5654296875,59.11891601583375,61.638604602280076,9.118916015833742,11.638604602280068,12,1841,7.95270728767e-06,
829,triangle,63,1196,62,,361458.03574742324,6951852.615998982,5330.7001953125,64.9544119440694,67.17535135715782,14.954411944069411,17.175351357157822,12,1841,7.95270728767e-06,
830,triangle,606,1320,605,,355100.5634810015,6942955.063322994,1520410.4033203125,97.01872034477523,89.08679021089405,47.01872034477523,39.086790210894065,18,2041,5.610240061349286e-06,
831,triangle,948,1058,704,,359445.4031491315,6956719.956338619,36239.10986328125,128.8446623457064,126.94283772457989,78.84466234570642,76.94283772457989,65,1681,6.32455532034e-06,
832,triangle,94,996,769,,363752.50296608405,6955824.943988348,17364.7568359375,24.427056339650072,27.533172279942065,-25.572943660349924,-22.466827720057935,12,1841,7.95270728767e-06,
833,triangle,344,1008,774,,357457.8983901061,6948623.5769019285,17046.42529296875,66.02888314267084,64.55268657203554,16.028883142670836,14.552686572035533,12,1841,7.95270728767e-06,
834,triangle,346,1007,773,,357582.68021571165,6948407.512658211,20703.970703125,65.69510796917187,64.83333861136929,15.695107969171872,14.833338611369285,12,1841,7.95270728767e-06,
835,triangle,711,1439,1011,,360202.8128613191,6949179.690696944,32838.0263671875,72.67584444058815,71.50255181413517,22.67584444058815,21.502551814135174,12,1841,7.95270728767e-06,
836,triangle,1041,1211,978,,363146.82073582517,6950888.0162376985,136500.9169921875,122.32825238741233,118.1624628694525,72.32825238741233,68.16246286945248,65,1681,6.32455532034e-06,
837,triangle,972,1446,1216,,359313.63814839785,6947616.017514516,88308.498046875,102.37885016282303,98.31979432580619,52.37885016282304,48.319794325806185,12,1841,7.95270728767e-06,
838,triangle,1034,1333,1187,,363989.3400814785,6952820.620329469,141480.2333984375,117.81346048819209,122.71452419142678,67.81346048819209,72.71452419142678,65,1681,6.32455532034e-06,
839,triangle,696,1302,682,,360537.3481439914,6950382.705958801,145971.37255859375,83.97672570407602,83.38282747864162,33.97672570407602,33.38282747864162,12,1841,7.95270728767e-06,
840,triangle,673,1204,558,,364982.1665023157,6952421.877331064,63461.22216796875,149.1304539505197,136.1920461974322,99.1304539505197,86.19204619743219,65,1681,6.3827036048875e-06,
841,triangle,684,1091,791,,360214.68900338764,6951952.342011419,100443.80322265625,58.6676720862312,59.954670156992286,8.667672086231192,9.954670156992293,12,1841,7.95270728767e-06,
842,triangle,1440,1447,790,,364375.77911263704,6956523.951630748,72962.3623046875,75.0809363535972,68.97097385421445,25.080936353597192,18.970973854214446,12,1841,7.95270728767e-06,
843,triangle,1232,1240,473,,358248.7722420997,6956928.447882886,36889.76318359375,131.90675981036458,134.68361697079004,81.90675981036455,84.68361697079007,65,1681,6.32455532034e-06,
844,triangle,79,976,524,,364920.3393625733,6955600.439928279,3299.4951171875,55.47851014028838,55.82067997258059,5.478510140288379,5.820679972580591,12,1841,7.95270728767e-06,
845,triangle,521,1387,869,,365663.76114644017,6956551.224956625,95341.29833984375,18.870748927546238,38.56462597525465,-31.12925107245376,-11.435374024745348,12,1841,7.95270728767e-06,
846,triangle,662,954,537,,362247.16552717396,6948077.913998026,89114.17578125,114.48121837596494,113.58927081425254,64.48121837596493,63.58927081425253,12,1841,8.093398854181786e-06,
847,triangle,728,792,703,,358214.35514925723,6952012.848335543,103214.16455078125,66.62091230524655,63.85393103477647,16.620912305246538,13.85393103477647,12,1841,7.95270728767e-06,
848,triangle,814,1307,1082,,355613.25641385786,6946518.051081912,260544.169921875,59.71248093233217,72.11102653908684,9.712480932332168,22.11102653908684,12,1841,7.95270728767e-06,
849,triangle,518,1045,517,,356632.32513389434,6958258.273753067,81891.28125,177.9889592352179,171.79010432450892,127.98895923521789,121.7901043245089,12,1841,7.95270728767e-06,
850,triangle,311,973,771,,358880.47485597274,6946953.198739834,33498.53466796875,90.41647162449118,94.97722395006302,40.41647162449118,44.97722395006301,12,1841,7.95270728767e-06,
851,triangle,562,1166,1148,,363583.22200334165,6951835.366391738,84065.9013671875,94.28538832712908,98.72809062486424,44.28538832712909,48.72809062486423,65,1681,6.32455532034e-06,
852,triangle,147,1365,883,,356639.1342965327,6951622.840411614,9254.58154296875,63.036801607384845,61.81643095084371,13.036801607384852,11.816430950843712,12,1841,7.95270728767e-06,
853,triangle,778,1179,1104,,362461.1118406137,6950119.295243789,134566.751953125,113.18648976170398,107.32475464750298,63.18648976170398,57.32475464750299,65,1681,6.32455532034e-06,
854,triangle,1029,1169,566,,364366.5132683783,6950312.928740099,556937.9145507812,69.78848928195363,81.16671323259811,19.78848928195362,31.166713232598127,12,1841,7.95270728767e-06,
855,triangle,418,1402,917,,360833.13335196,6948806.889363664,14456.5400390625,72.36601264746005,69.23661179975439,22.366012647460053,19.236611799754392,12,1841,7.95270728767e-06,
856,triangle,713,1134,680,,359108.80919861567,6949604.312395194,172207.88916015625,80.54504578591619,84.79838185895544,30.545045785916184,34.798381858955445,12,1841,7.95270728767e-06,
857,triangle,887,1090,165,,356106.2777924654,6953885.242428214,5074.716796875,77.38730406898125,76.7909917343422,27.387304068981262,26.790991734342203,65,1681,6.32455532034e-06,
858,triangle,825,854,685,,360027.91832329443,6955809.582493417,74749.13720703125,132.35791230857748,130.29841105239893,82.35791230857748,80.29841105239895,65,1681,6.32455532034e-06,
859,triangle,681,1446,715,,359137.47375144786,6948050.614714277,96274.41455078125,93.22429489995282,95.05271597368038,43.224294899952824,45.052715973680364,12,1841,7.95270728767e-06,
860,triangle,635,1260,1137,,357423.29310169,6954186.98004726,62111.833984375,85.84157329829156,90.31929528639728,35.841573298291564,40.319295286397285,65,1681,6.32455532034e-06,
861,triangle,570,1383,0,,350870.57296295307,6943497.229288057,1232633.9208984375,71.62860986369574,56.9545868550386,21.62860986369575,6.954586855038599,12,1841,1.710946338943143e-05,
862,triangle,874,1363,779,,352610.237654378,6953153.801180105,662396.3696289062,100.79413691994293,96.38877855803723,50.79413691994293,46.388778558037245,6,1721,1.0897871894703572e-05,
863,triangle,61,1196,879,,361347.41586734727,6951832.211208803,10628.5498046875,64.80019702760912,63.26263332655076,14.800197027609105,13.262633326550755,12,1841,7.95270728767e-06,
864,triangle,1364,1462,702,,352399.6681618309,6954794.538297545,525838.720703125,98.464735799523,62.91186682783205,48.464735799523005,12.911866827832045,6,1721,1.189207115e-05,
865,triangle,0,1383,607,,351493.30023568036,6942864.729288057,1267269.8002929688,67.04330315198774,59.312345255695526,17.043303151987743,9.312345255695531,12,1841,7.95270728767e-06,
866,triangle,1034,1203,734,,364044.1125331559,6953350.835060169,93127.80419921875,88.93229183865259,95.11539473284597,38.9322918386526,45.115394732845964,65,1681,6.32455532034e-06,
867,triangle,722,837,569,,362872.4498602946,6947703.802679427,165954.9169921875,95.86395282604641,96.72254803040768,45.8639528260464,46.72254803040769,6,1721,1.189207115e-05,
868,triangle,376,803,377,,360642.3735119048,6948923.251488094,3670.4794921875,65.27487010254436,65.40741185954843,15.274870102544357,15.407411859548434,12,1841,7.95270728767e-06,
869,triangle,738,1225,955,,355837.09837973583,6956501.480860148,70777.09326171875,99.38185013642553,101.98878458058876,49.38185013642552,51.98878458058875,6,1721,1.189207115e-05,
870,triangle,654,1341,1094,,357614.5983134751,6958015.028746277,137037.587890625,175.68936762385943,172.36955179112783,125.68936762385943,122.36955179112783,65,1681,6.32455532034e-06,
871,triangle,608,1453,69,,362020.2763789792,6951935.382255581,22337.865234375,97.77886919380347,97.24656205321436,47.77886919380347,47.24656205321437,65,1681,6.4408518894350004e-06,
872,triangle,130,1258,621,,359834.98004522634,6953561.356561743,46516.69287109375,50.42411597306245,49.8382409355319,0.4241159730624465,-0.16175906446810395,65,1681,6.4408518894350004e-06,
873,triangle,877,1386,54,,360813.50139964145,6952076.132259804,8494.216796875,48.64510310007908,50.11036191594954,-1.354896899920913,0.11036191594953948,12,1841,7.95270728767e-06,
874,triangle,779,1388,851,,353636.01046471024,6952554.379176106,245364.38037109375,85.62887892475851,101.97048020115095,35.6288789247585,51.970480201150956,65,1681,7.119914724577143e-06,
875,triangle,694,870,869,,365350.1249256677,6957194.944586522,305518.099609375,78.36718907141177,61.50004587631452,28.367189071411758,11.500045876314518,12,1841,7.95270728767e-06,
876,triangle,1039,1219,1084,,367883.70271215803,6954237.965687223,149770.404296875,172.37228344981284,167.17498357707214,122.37228344981284,117.17498357707215,65,1681,6.32455532034e-06,
877,triangle,1114,1410,549,,355755.0232971962,6957405.588523728,118291.595703125,129.5724658043312,140.53773476581298,79.57246580433117,90.537734765813,65,1681,6.32455532034e-06,
878,triangle,133,1245,132,,357624.55173042807,6952869.73607411,18421.14404296875,45.43506087417467,45.98012878994646,-4.564939125825333,-4.0198712100535365,65,1681,6.4990001739825e-06,
879,triangle,711,833,683,,359788.48243647494,6948798.987282188,109346.798828125,94.260142193313,90.61882442931478,44.260142193313,40.61882442931479,12,1841,7.95270728767e-06,
880,triangle,556,1073,672,,366152.35371969285,6952809.837356162,109335.12060546875,112.03000683541084,114.77941830964336,62.03000683541084,64.77941830964336,12,1841,7.8945590031225e-06,
881,triangle,1049,1341,867,,357886.0641653034,6957414.844476521,127759.58642578125,165.2137379249242,157.61405182478637,115.21373792492417,107.61405182478636,65,1681,6.32455532034e-06,
882,triangle,1249,1434,981,,355294.43485056236,6949147.524703731,116147.77099609375,84.10756353559272,86.34156725878388,34.107563535592725,36.341567258783904,12,1841,7.95270728767e-06,
883,triangle,1060,1339,1117,,355120.9378338502,6955780.362321615,148156.54736328125,92.20075549420893,100.5154037855275,42.200755494208934,50.5154037855275,6,1721,1.189207115e-05,
884,triangle,531,1217,532,,362184.3143673695,6948994.069981982,53298.9658203125,99.94925812227558,99.75310417621442,49.94925812227558,49.75310417621441,65,1681,6.3827036048875e-06,
885,triangle,351,1430,350,,357090.3389252608,6948483.576155968,3777.31787109375,59.25214152132349,59.38058194714469,9.252141521323496,9.380581947144691,12,1841,7.95270728767e-06,
886,triangle,196,1431,195,,356072.04241071426,6956039.285714286,3145.228515625,87.08818949973174,87.30170080369912,37.08818949973174,37.301700803699106,6,1721,1.189207115e-05,
887,triangle,852,1098,695,,362691.3211944153,6955695.098997258,62051.671875,38.39460664724914,45.7372675689601,-11.605393352750855,-4.262732431039898,65,1681,6.55714845853e-06,
888,triangle,454,1089,936,,359211.1060244238,6955431.78981584,25433.865234375,88.375294945799,86.36644997353164,38.375294945799006,36.36644997353164,65,1681,6.32455532034e-06,
889,triangle,864,1307,753,,354738.6385566878,6946114.374181927,528868.4462890625,56.80635881221372,63.72178495512181,6.806358812213716,13.721784955121812,12,1841,7.95270728767e-06,
890,triangle,682,933,710,,360963.3627441143,6949872.140707771,92416.494140625,95.85284641489038,95.181309334333,45.85284641489037,45.18130933433301,12,1841,7.95270728767e-06,
891,triangle,473,1329,1123,,358242.80746879877,6956689.894242227,14298.70703125,133.50654329579322,133.87057234886996,83.50654329579322,83.87057234886997,65,1681,6.32455532034e-06,
892,triangle,1305,1434,500,,355529.10578419623,6949609.721543747,75875.291015625,91.67203119634333,91.76301160007328,41.67203119634334,41.76301160007329,12,1841,7.95270728767e-06,
893,triangle,1135,1216,681,,359673.33483355626,6947936.3786974875,144902.56591796875,90.3059263876689,95.0120719878309,40.305926387668904,45.012071987830886,12,1841,7.95270728767e-06,
894,triangle,3,1398,597,,370530.0707483248,6943513.077939597,1301958.0073242188,46.988939179413634,43.99934610704636,-3.0110608205863687,-6.000653892953644,6,1721,1.160956644356e-05,
895,triangle,750,825,685,,359866.5789683519,6955659.129392147,62796.8935546875,134.0028050148153,129.07195669208272,84.00280501481528,79.07195669208274,65,1681,6.32455532034e-06,
896,triangle,1383,1460,1162,,352168.1424924867,6944293.194406371,794662.3720703125,62.43297874273495,74.82266547764361,12.432978742734957,24.822665477643596,12,1841,7.95270728767e-06,
897,triangle,422,1220,1209,,358712.1764836551,6948856.517724601,29420.0625,74.08273293487389,74.79272178846429,24.082732934873903,24.792721788464302,12,1841,7.95270728767e-06,
898,triangle,759,985,964,,358787.5220845849,6954088.866512857,163960.73828125,93.70633028201148,85.37686316396348,43.70633028201148,35.37686316396347,65,1681,6.32455532034e-06,
899,triangle,598,1398,3,,369907.3434755975,6942880.577939597,1311682.0444335938,22.75059026670065,45.10449786726329,-27.249409733299352,-4.895502132736711,6,1721,1.175081879678e-05,
900,triangle,1190,1262,728,,358196.2513265603,6952341.321448304,18814.5400390625,53.385155576449115,55.98922957836618,3.385155576449115,5.9892295783661735,12,1841,7.95270728767e-06,
901,triangle,654,1299,514,,358024.56761892093,6958312.025425684,105041.04150390625,169.84589718258445,165.71374484577845,119.84589718258445,115.71374484577848,12,1841,7.95270728767e-06,
902,triangle,611,1200,610,,362580.57265118574,6952739.960227641,48058.59912109375,103.63274839066052,105.0500441326169,53.632748390660524,55.050044132616904,65,1681,6.4408518894350004e-06,
903,triangle,797,1316,694,,364740.7223774271,6957824.95292591,336540.02490234375,81.10575485907658,74.1955014816189,31.10575485907658,24.195501481618894,12,1841,7.95270728767e-06,
904,triangle,880,996,98,,363604.083998494,6955703.440185842,8125.0537109375,22.740947923584443,23.95171860146637,-27.259052076415554,-26.048281398533632,12,1841,7.95270728767e-06,
905,triangle,200,890,889,,355980.67775974027,6955732.142857143,7014.8134765625,86.36920306892311,85.95366043505253,36.36920306892311,35.95366043505252,6,1721,1.189207115e-05,
906,triangle,892,1003,307,,359126.5846919892,6946721.030466276,7946.796875,92.27371257806107,91.44231192597046,42.273712578061065,41.442311925970465,12,1841,7.95270728767e-06,
907,triangle,336,904,903,,358180.47730864055,6948802.427295835,9735.32958984375,69.98549832520055,69.88720411207692,19.985498325200545,19.88720411207692,12,1841,7.95270728767e-06,
908,triangle,339,906,904,,357949.7606736103,6948743.383229575,13199.994140625,72.26085036319897,71.07226196242196,22.260850363198966,21.07226196242196,12,1841,7.95270728767e-06,
909,triangle,361,913,911,,356612.6252781043,6947992.758716491,9974.1083984375,61.16517930365628,61.250809733752114,11.16517930365628,11.250809733752112,12,1841,7.95270728767e-06,
910,triangle,912,914,363,,356500.0,6948150.0,8437.5,60.366666158040374,60.7416664759318,10.36666615804037,10.741666475931803,12,1841,7.95270728767e-06,
911,triangle,925,1017,408,,359458.2018589037,6951004.519516018,9727.8818359375,55.47455463631648,53.35164358468436,5.474554636316483,3.3516435846843637,12,1841,7.95270728767e-06,
912,triangle,739,1055,889,,355873.046875,6955862.5,32651.3671875,90.7075526184506,90.533072133859,40.7075526184506,40.533072133859,6,1721,1.189207115e-05,
913,triangle,981,1434,1305,,355562.9041191307,6949349.376333904,99417.5205078125,81.96664689180977,80.39123718195798,31.966646891809784,30.391237181957987,12,1841,7.95270728767e-06,
914,triangle,687,1230,823,,366350.30693233496,6948810.234434254,1856357.5356445312,83.43180425659065,102.04042318405608,33.43180425659064,52.040423184056095,6,1721,1.189207115e-05,
915,triangle,1156,1441,581,,356283.61806015624,6960507.90157929,945362.408203125,129.84547326929618,124.40162453141618,79.8454732692962,74.40162453141616,12,1841,8.830118450097143e-06,
916,triangle,1138,1291,707,,357124.5945480554,6953065.130439303,83923.14697265625,71.49755254093134,74.4282757153706,21.49755254093133,24.428275715370592,65,1681,6.32455532034e-06,
917,triangle,836,1404,618,,361212.81466775277,6954133.508861338,46477.56005859375,35.02959894066884,41.13598593219564,-14.970401059331163,-8.86401406780436,65,1681,6.32455532034e-06,
918,triangle,510,1282,511,,362548.97186672996,6956857.074196811,175250.78564453125,128.28227678632575,125.37665201746438,78.28227678632574,75.37665201746438,65,1681,6.32455532034e-06,
919,triangle,573,1037,572,,350928.09838084126,6949156.678949449,1396365.6416015625,62.24818429716235,72.99343629883036,12.248184297162348,22.993436298830357,16,1441,1.0608165726785716e-05,
920,triangle,507,1318,768,,363770.92017744965,6956304.70886431,45823.74609375,69.81089013709264,68.86142304633086,19.810890137092635,18.86142304633086,12,1841,7.95270728767e-06,
921,triangle,659,1179,950,,362169.7823435809,6949729.185515554,73125.79931640625,90.32333949239909,95.5427523564784,40.32333949239909,45.54275235647842,65,1681,6.32455532034e-06,
922,triangle,676,1172,1125,,355171.55664701015,6954762.049178808,160689.5546875,90.49436267783534,96.37590198699623,40.49436267783534,46.37590198699623,6,1721,1.189207115e-05,
923,triangle,1104,1354,800,,362172.6107962975,6950868.634281862,140662.525390625,96.19654946649707,100.68225236363186,46.196549466497075,50.682252363631854,65,1681,6.32455532034e-06,
924,triangle,686,1236,699,,357318.890374254,6947746.70868085,117972.98974609375,87.5039603592677,82.56300751878837,37.50396035926769,32.56300751878836,12,1841,7.95270728767e-06,
925,triangle,667,1180,545,,353436.4668175594,6951143.558005755,112477.9677734375,115.26991901600984,114.15711296322536,65.26991901600982,64.15711296322536,65,1681,6.32455532034e-06,
926,triangle,869,1440,694,,364962.31485006,6956904.617311351,229779.0185546875,79.03734728108599,72.53276683321548,29.03734728108598,22.532766833215476,12,1841,7.95270728767e-06,
927,triangle,699,1070,686,,357428.24466893077,6947955.046659823,59493.21240234375,83.77363511968909,79.27372770034397,33.77363511968908,29.273727700343972,12,1841,7.95270728767e-06,
928,triangle,966,1397,1050,,364976.41720100027,6953259.0585078625,132554.75390625,159.26379213460643,157.34967270327977,109.26379213460646,107.34967270327975,65,1681,6.32455532034e-06,
929,triangle,439,1301,758,,359928.1190351178,6950397.916776831,38610.96337890625,60.98674055969592,64.29396048661869,10.986740559695914,14.293960486618682,12,1841,7.95270728767e-06,
930,triangle,1061,1353,680,,358346.73883052,6949838.851157699,192076.5634765625,88.53996070415005,92.02021441452904,38.53996070415005,42.020214414529036,12,1841,7.95270728767e-06,
931,triangle,828,1375,684,,359900.8844332507,6952305.558872563,100179.525390625,41.122771276342036,46.21513304091835,-8.877228723657968,-3.7848669590816413,12,1841,7.95270728767e-06,
932,triangle,670,1226,671,,368003.642330949,6953236.654951443,221893.74169921875,136.6087096243816,149.7612013186313,86.60870962438159,99.76120131863131,6,1721,1.189207115e-05,
933,triangle,851,1332,1080,,354016.08659308247,6952023.213379644,144190.75732421875,90.10807841536646,99.90778024814024,40.10807841536646,49.907780248140234,65,1681,6.32455532034e-06,
934,triangle,622,1272,131,,359235.08792154444,6953402.84681105,39661.5283203125,53.37268460527078,52.162580197394696,3.372684605270777,2.1625801973946968,65,1681,6.4408518894350004e-06,
935,triangle,624,1273,623,,358665.6404643056,6953235.129510846,45758.40478515625,55.2049895931499,55.09579864689399,5.204989593149899,5.095798646893992,65,1681,6.3827036048875e-06,
936,triangle,1113,1414,1197,,355075.3709658711,6951380.888632896,108915.8388671875,81.08464887611368,85.27105552372196,31.084648876113675,35.27105552372196,65,1681,6.32455532034e-06,
937,triangle,1081,1275,712,,358211.4135837688,6946450.0460361345,176116.6298828125,123.08245473618008,117.52372562103284,73.08245473618007,67.52372562103284,12,1841,7.95270728767e-06,
938,triangle,535,722,536,,363190.9208572477,6948199.446111905,3333.73828125,88.19870820068773,90.4996268982094,38.19870820068773,40.49962689820941,6,1721,1.189207115e-05,
939,triangle,867,1341,514,,358031.97859838634,6957719.113903436,127135.638671875,176.33607873922645,169.50455688149182,126.33607873922645,119.5045568814918,65,1681,6.32455532034e-06,
940,triangle,131,1272,1182,,359351.33387070097,6953558.809352807,45473.67724609375,55.056272801274076,55.12845627238713,5.05627280127407,5.128456272387125,65,1681,6.32455532034e-06,
941,triangle,636,1260,635,,357530.93725861283,6954380.884073266,44537.2470703125,89.55892354634892,91.11768767290782,39.55892354634892,41.11768767290781,65,1681,6.722235022458572e-06,
942,triangle,995,1086,90,,364110.0,6956002.5,19828.125,39.30800056457515,34.654666093190485,-10.691999435424847,-15.345333906809515,12,1841,7.95270728767e-06,
943,triangle,593,1292,592,,370522.51158864313,6952991.749560139,1323473.2661132812,175.71723901265733,157.21123282830513,125.71723901265733,107.21123282830513,65,1681,6.32455532034e-06,
944,triangle,794,1343,1069,,360190.3702665072,6947269.280138604,121557.6123046875,118.94793604013955,115.07564115678476,68.94793604013955,65.07564115678476,12,1841,7.95270728767e-06,
945,triangle,613,1422,73,,363508.8954093149,6953496.288789865,37938.80224609375,88.64275437096254,83.9428386873844,38.642754370962535,33.94283868738439,65,1681,6.3827036048875e-06,
946,triangle,642,1248,182,,357291.5034381145,6956673.8404102465,45237.40185546875,140.5950788460446,138.31933880342947,90.59507884604461,88.31933880342946,65,1681,6.722235022458572e-06,
947,triangle,72,1296,612,,363082.0287824724,6953204.914862887,23313.07080078125,69.40569633079441,72.32707810613071,19.405696330794427,22.327078106130724,65,1681,6.4990001739825e-06,
948,triangle,1050,1407,966,,365078.9556933998,6953035.162122972,95707.4052734375,161.70058309460683,157.41090231774857,111.70058309460683,107.41090231774855,65,1681,6.32455532034e-06,
949,triangle,1171,1268,574,,351478.22214336786,6951385.167975853,1085673.5541992188,35.25125658084691,46.42470613276779,-14.748743419153087,-3.575293867232213,6,1721,9.903672639407145e-06,
950,triangle,1302,1392,682,,360750.9553500535,6950559.697233281,161146.90869140625,87.77555436689926,87.49076038054244,37.77555436689926,37.49076038054245,12,1841,7.95270728767e-06,
951,triangle,1101,1236,855,,356790.4031030759,6947375.6257526195,121472.095703125,79.24376148543331,79.51864494709348,29.243761485433296,29.518644947093474,12,1841,7.95270728767e-06,
952,triangle,693,1161,965,,355943.7602070337,6952432.178073499,149681.76123046875,102.79219161278016,103.08683207307524,52.79219161278016,53.086832073075236,65,1681,6.32455532034e-06,
953,triangle,702,1462,1078,,352183.2315725546,6955445.400939024,926826.9404296875,86.0274349026636,73.97981825184013,36.0274349026636,23.97981825184013,6,1721,2.0486060985714288e-05,
954,triangle,1093,1440,723,,364694.0266134933,6956374.582438283,74316.830078125,55.766161052252215,42.42400541990589,5.766161052252213,-7.5759945800941075,12,1841,7.95270728767e-06,
955,triangle,759,1273,1092,,358442.8360818403,6953588.818890641,69450.6396484375,78.58919090705344,77.38642706956728,28.58919090705342,27.38642706956728,65,1681,6.32455532034e-06,
956,triangle,618,1429,836,,361098.51114487136,6954046.487642328,37364.0615234375,36.88319382627428,42.4840804807333,-13.116806173725719,-7.5159195192666965,65,1681,6.32455532034e-06,
957,triangle,513,1283,1160,,359334.65590863134,6957835.094812803,148991.44140625,147.4702142790881,148.64079335622407,97.47021427908808,98.64079335622405,12,1841,7.95270728767e-06,
958,triangle,534,1393,1169,,363778.78430102905,6949396.756824342,142533.96728515625,107.42650502688633,96.56211298617615,57.42650502688633,46.562112986176146,65,1681,6.4408518894350004e-06,
959,triangle,1079,1187,757,,363472.9411003457,6952717.907054332,132779.12548828125,122.52224083135448,122.62574639044139,72.5222408313545,72.62574639044139,65,1681,6.32455532034e-06,
960,triangle,549,1241,1046,,356324.5237179291,6957509.297378622,143722.0029296875,151.12312380525034,146.4463407906062,101.12312380525034,96.4463407906062,65,1681,6.32455532034e-06,
961,triangle,855,1461,1053,,356266.2956286818,6947137.081273009,123670.9697265625,77.6450904811189,75.32390469715348,27.6450904811189,25.32390469715348,12,1841,7.95270728767e-06,
962,triangle,381,1243,380,,360531.4112926082,6949279.755919014,9693.8115234375,67.2877187399586,66.26573574473288,17.287718739958603,16.26573574473289,12,1841,7.95270728767e-06,
963,triangle,833,1135,681,,359706.73820500966,6948244.310912747,119385.62353515625,91.22346906506267,93.58441119204963,41.22346906506267,43.58441119204962,12,1841,7.95270728767e-06,
964,triangle,541,1326,664,,360082.1654577485,6946062.1234880565,102499.521484375,110.84754660037203,114.7992219860232,60.84754660037201,64.79922198602318,52,1561,1.1751379583488215e-05,
965,triangle,504,1210,505,,355843.72743604024,6951028.729313761,54469.349609375,89.35811229027479,90.03628395985407,39.35811229027479,40.03628395985407,65,1681,6.4990001739825e-06,
966,triangle,776,1102,445,,358543.7575809691,6951268.597076272,23142.48486328125,54.7075541174827,55.5310149801337,4.707554117482702,5.531014980133693,12,1841,7.95270728767e-06,
967,triangle,753,1417,1320,,355108.80123051227,6944963.297085602,949091.1923828125,81.46543053457493,85.0618324787337,31.465430534574942,35.06183247873371,12,1841,7.95270728767e-06,
968,triangle,1112,1287,985,,358493.986356867,6954440.60355135,70915.7744140625,92.95176325908659,95.1719580204943,42.9517632590866,45.171958020494294,65,1681,6.32455532034e-06,
969,triangle,708,962,845,,362863.8398864788,6951913.109644972,120695.4609375,113.38417689747956,115.04548959086605,63.38417689747956,65.04548959086605,65,1681,6.32455532034e-06,
970,triangle,747,983,922,,359890.2789895252,6949543.412907913,23228.751953125,68.91754007612262,68.02024375767868,18.91754007612262,18.020243757678685,12,1841,7.95270728767e-06,
971,triangle,759,1112,985,,358491.90662618744,6954200.824795152,124342.77392578125,93.5107522571046,90.54909682670437,43.51075225710461,40.549096826704364,65,1681,6.32455532034e-06,
972,triangle,615,1331,1141,,364546.4358869555,6954624.998942613,61629.208984375,105.98234873917644,101.40754467168142,55.982348739176444,51.40754467168142,65,1681,6.32455532034e-06,
973,triangle,977,1459,1211,,363374.0631685461,6950301.445283889,137970.6650390625,107.55772810874498,112.27114968219512,57.557728108744996,62.27114968219512,65,1681,6.32455532034e-06,
974,triangle,609,1295,608,,362138.21434505837,6952145.43036205,27979.50439453125,102.64518546666238,101.97158497526861,52.64518546666238,51.971584975268605,65,1681,6.4990001739825e-06,
975,triangle,747,1439,711,,360091.4729321575,6949242.794068169,42565.00537109375,70.72758980533864,73.93990926549787,20.72758980533864,23.939909265497874,12,1841,7.95270728767e-06,
976,triangle,749,1207,459,,360147.31823649275,6956352.415914419,27119.37353515625,114.02292840173672,113.26609700144006,64.02292840173672,63.26609700144005,65,1681,6.32455532034e-06,
977,triangle,738,1247,192,,356058.7511227228,6956379.025182215,20210.25341796875,94.44455711083937,94.39786696943048,44.444557110839355,44.39786696943048,6,1721,1.189207115e-05,
978,triangle,1138,1245,133,,357496.6685846827,6952921.589879561,28106.72802734375,49.92428948126254,50.44450991145817,-0.07571051873745666,0.44450991145817503,65,1681,6.32455532034e-06,
979,triangle,422,1454,423,,358511.64725909167,6948794.041196741,3482.865234375,68.55067600019798,68.49156027542143,18.550676000197974,18.491560275421445,12,1841,7.95270728767e-06,
980,triangle,770,982,884,,356971.875,6951811.458333333,28242.1875,60.18697875736826,58.8213539785809,10.186978757368253,8.8213539785809,12,1841,7.95270728767e-06,
981,triangle,797,1163,853,,363743.6982433861,6957784.097542252,360387.294921875,87.70201716988001,91.43721652689828,37.70201716988001,41.437216526898276,12,1841,7.95270728767e-06,
982,triangle,688,1144,774,,357402.1833950545,6948875.313094095,56655.93310546875,74.66129222310818,71.86811156778846,24.661292223108177,21.86811156778847,12,1841,7.95270728767e-06,
983,triangle,559,1118,673,,364792.6305438128,6952073.23109763,78205.8505859375,117.17586791100659,117.59774996444123,67.1758679110066,67.59774996444123,65,1681,6.3827036048875e-06,
984,triangle,705,743,686,,357927.70402589487,6947943.105871693,79913.693359375,87.21965054698087,85.26125362203932,37.21965054698087,35.26125362203933,12,1841,7.95270728767e-06,
985,triangle,513,1321,700,,359075.4470517573,6957236.13190559,117847.70361328125,157.66314524197782,155.56802715022363,107.66314524197782,105.56802715022361,65,1681,6.32455532034e-06,
986,triangle,738,1055,697,,355789.0087990233,6956155.530655541,39465.59912109375,93.66068146055812,95.01377681711718,43.66068146055812,45.01377681711718,6,1721,1.189207115e-05,
987,triangle,1181,1436,599,,367415.9298793457,6943341.160349045,1046483.78125,60.485172366951986,74.49316973624546,10.485172366951993,24.49316973624546,12,1841,7.95270728767e-06,
988,triangle,652,1313,512,,360039.72085198987,6957369.704692081,115493.38232421875,135.71235242845336,128.67704905291296,85.71235242845336,78.67704905291295,12,1841,7.8945590031225e-06,
989,triangle,711,1199,916,,360251.82702963863,6948791.393281016,35149.724609375,80.70598056824294,79.70132188861896,30.70598056824292,29.701321888618963,12,1841,7.95270728767e-06,
990,triangle,1120,1328,602,,361920.36131602566,6943474.167894064,1212918.7055664062,125.63765957504651,133.1630474588633,75.63765957504651,83.16304745886332,6,1721,1.189207115e-05,
991,triangle,626,1250,625,,358116.9643598592,6953038.316927238,36945.171875,56.0877417524506,60.01620853411715,6.087741752450596,10.016208534117153,65,1681,6.4990001739825e-06,
992,triangle,77,1331,615,,364515.60298767703,6954845.651150889,50019.08154296875,103.79744144754504,103.26371237407791,53.79744144754505,53.26371237407792,65,1681,6.3827036048875e-06,
993,triangle,1064,1186,831,,359038.40341505385,6959042.484997749,471637.3359375,110.75021980689512,107.37709235300298,60.75021980689512,57.37709235300298,12,1841,7.95270728767e-06,
994,triangle,1027,1240,700,,358517.4892593291,6956996.08507327,41809.291015625,149.4389593026648,145.89419483569867,99.43895930266481,95.89419483569867,65,1681,6.32455532034e-06,
995,triangle,964,1214,759,,358814.17101446685,6953807.536376923,131490.6337890625,81.12568574615439,78.93079330403293,31.125685746154385,28.930793304032942,65,1681,6.32455532034e-06,
996,triangle,580,1441,801,,354847.4650931926,6960366.696466218,1106746.2006835938,135.93203142115902,156.74572057926753,85.93203142115901,106.74572057926754,12,1841,7.95270728767e-06,
997,triangle,171,1325,170,,356544.2599200706,6953853.645469035,7381.62548828125,71.2274975766251,74.46099291366276,21.2274975766251,24.46099291366276,65,1681,6.32455532034e-06,
998,triangle,1320,1417,824,,355855.34134221036,6944588.409002699,974547.9155273438,103.71262615382241,96.04829141267498,53.71262615382241,46.048291412674985,12,1841,7.95270728767e-06,
999,triangle,1389,1406,359,,356375.4087485664,6947795.290529613,15132.2021484375,63.68201262706128,63.147616505833035,13.68201262706128,13.14761650583303,12,1841,7.95270728767e-06,
1000,triangle,929,958,812,,359399.8018157911,6951488.134709124,35456.43115234375,50.04229221757736,52.36749761553826,0.042292217577362,2.367497615538261,12,1841,7.95270728767e-06,
1001,triangle,8,988,7,,357912.5,6952462.5,4218.75,37.250000635782875,39.20000012715658,-12.749999364217121,-10.799999872843424,12,1841,7.95270728767e-06,
1002,triangle,17,990,16,,358598.1020070586,6952694.130021673,3472.87255859375,37.28630946194942,37.74471786619818,-12.71369053805058,-12.255282133801826,12,1841,7.95270728767e-06,
1003,triangle,21,991,20,,358929.0119815949,6952683.071350414,4716.9736328125,34.27143289479728,34.28016895474948,-15.72856710520272,-15.719831045250528,12,1841,7.95270728767e-06,
1004,triangle,46,875,45,,360415.8163265306,6952776.275510204,3845.66357421875,38.24750136402727,37.98616582957492,-11.75249863597272,-12.013834170425072,12,1841,7.95270728767e-06,
1005,triangle,50,876,49,,360483.6373990133,6952485.302712515,4653.29248046875,43.36475942886577,42.56652457629301,-6.635240571134235,-7.43347542370699,12,1841,7.95270728767e-06,
1006,triangle,55,877,54,,360881.32118608354,6952093.952046246,3492.89453125,46.61388028961677,46.45521546470214,-3.386119710383228,-3.5447845352978633,12,1841,7.95270728767e-06,
1007,triangle,94,995,93,,363962.5,6955837.5,4218.75,21.316666444142655,22.983333110809326,-28.683333555857345,-27.016666889190674,12,1841,7.95270728767e-06,
1008,triangle,98,996,97,,363661.43001898774,6955684.588531255,3891.2099609375,21.006155974738874,20.732437670990596,-28.993844025261126,-29.267562329009404,12,1841,7.95270728767e-06,
1009,triangle,109,997,108,,362812.5,6955287.5,4218.75,21.808333237965904,22.083333333333332,-28.191666762034096,-27.916666666666668,12,1841,7.95270728767e-06,
1010,triangle,147,883,146,,356569.34262986603,6951642.63207828,3641.3916015625,60.333307599714004,59.114347416179136,10.333307599714004,9.114347416179141,12,1841,7.95270728767e-06,
1011,triangle,160,886,159,,357429.9708454811,6952391.727405247,3743.1669921875,44.579703198927135,44.370904571047696,-5.420296801072866,-5.629095428952302,12,1841,7.95270728767e-06,
1012,triangle,166,887,165,,356157.9705832354,6953895.831212841,3281.48876953125,75.83173939871853,75.28268060250788,25.831739398718522,25.28268060250788,65,1681,6.32455532034e-06,
1013,triangle,193,888,192,,356137.5,6956262.5,4218.75,90.78333346048991,91.09166463216145,40.783333460489914,41.09166463216146,6,1721,1.189207115e-05,
1014,triangle,198,889,197,,356060.546875,6955887.5,4438.4765625,85.40156172381506,85.70807200670242,35.40156172381508,35.70807200670242,6,1721,1.189207115e-05,
1015,triangle,201,890,200,,355995.13088474027,6955669.642857143,3360.27587890625,84.84047340170616,84.8455869024712,34.84047340170616,34.84558690247119,6,1721,1.189207115e-05,
1016,triangle,209,891,208,,356065.1530377481,6955068.421544963,3920.283203125,79.76270171453018,79.77731766941001,29.76270171453018,29.777317669410014,6,1721,1.189207115e-05,
1017,triangle,304,892,305,,359212.5,6946562.5,4218.75,91.49999936421712,91.49166615804036,41.49999936421711,41.49166615804037,12,1841,7.95270728767e-06,
1018,triangle,307,1003,308,,359139.0846919892,6946783.530466276,4040.47216796875,90.05368319688743,89.28397910126343,40.05368319688745,39.283979101263434,12,1841,7.95270728767e-06,
1019,triangle,309,893,308,,359212.5,6946812.5,4218.75,88.96666781107587,89.18333498636882,38.96666781107586,39.18333498636881,12,1841,7.95270728767e-06,
1020,triangle,311,1005,312,,358989.60749259195,6947097.028297068,3981.6572265625,84.6539813481094,85.11430739549998,34.6539813481094,35.11430739549997,12,1841,7.95270728767e-06,
1021,triangle,313,1004,312,,359062.5,6947112.5,4218.75,85.39166831970215,85.42500241597493,35.39166831970215,35.42500241597494,12,1841,7.95270728767e-06,
1022,triangle,324,897,323,,358533.67382197385,6947865.559011106,3788.3046875,75.3398445981629,75.60330560008258,25.339844598162898,25.603305600082567,12,1841,7.95270728767e-06,
1023,triangle,323,898,324,,358457.8210616803,6947907.558624131,4745.130859375,75.46133685953302,76.05037873634572,25.461336859533027,26.05037873634572,12,1841,7.95270728767e-06,
1024,triangle,328,899,327,,358464.81618275814,6948169.797833125,4479.3203125,73.8951120569094,74.67860017295932,23.895112056909404,24.678600172959325,12,1841,7.95270728767e-06,
1025,triangle,329,900,328,,358465.4271017771,6948286.959296419,4548.04931640625,73.13939503694542,73.10092368991532,23.13939503694542,23.100923689915316,12,1841,7.95270728767e-06,
1026,triangle,336,903,335,,358254.3011543203,6948782.128065531,3614.40771484375,66.45434521515958,66.44028420009349,16.454345215159584,16.44028420009349,12,1841,7.95270728767e-06,
1027,triangle,337,905,338,,358062.5,6948637.5,4218.75,66.54166539510092,66.40000089009602,16.541665395100917,16.400000890096027,12,1841,7.95270728767e-06,
1028,triangle,339,904,338,,358026.1761543203,6948720.299230304,5096.1630859375,68.79434827142279,68.68025477119566,18.79434827142279,18.680254771195667,12,1841,7.95270728767e-06,
1029,triangle,342,906,341,,357798.5845192901,6948648.0839992715,5409.4501953125,66.47736746432597,67.1920076998526,16.477367464325972,17.192007699852592,12,1841,7.95270728767e-06,
1030,triangle,342,1007,343,,357688.8709385674,6948564.223491921,4024.857421875,63.90644800006893,63.965131624430235,13.906448000068925,13.965131624430237,12,1841,7.95270728767e-06,
1031,triangle,348,1008,347,,357362.1873906322,6948483.7639587885,3798.4453125,60.74767683590846,61.04977976742333,10.747676835908454,11.04977976742333,12,1841,7.95270728767e-06,
1032,triangle,350,907,351,,357088.31346314034,6948407.693872965,4759.439453125,59.2762271200603,59.486352691889614,9.2762271200603,9.486352691889623,12,1841,7.95270728767e-06,
1033,triangle,355,908,354,,356829.03318622144,6948412.4462502375,4212.703125,59.029781176802004,59.097308356528856,9.029781176801997,9.097308356528858,12,1841,7.95270728767e-06,
1034,triangle,354,909,355,,356792.1875,6948334.47265625,4559.326171875,59.2987113526712,59.18371521898856,9.298711352671196,9.183715218988558,12,1841,7.95270728767e-06,
1035,triangle,362,913,361,,356583.414097263,6948056.528921593,3759.0859375,60.040687875720984,59.99227957944404,10.040687875720984,9.992279579444029,12,1841,7.95270728767e-06,
1036,triangle,362,912,363,,356512.5,6948087.5,4218.75,59.85833263397216,60.28333314259847,9.858332633972164,10.28333314259847,12,1841,7.95270728767e-06,
1037,triangle,365,910,366,,356600.0,6948350.0,2812.5,58.71111085679796,58.59999974568685,8.711110856797964,8.59999974568685,12,1841,7.95270728767e-06,
1038,triangle,384,920,385,,360262.5,6949487.5,4218.75,58.26666609446207,57.78333314259847,8.266666094462064,7.78333314259847,12,1841,7.95270728767e-06,
1039,triangle,386,919,385,,360333.96132818057,6949512.694287337,3820.6494140625,58.94253792517175,59.39398965846133,8.94253792517175,9.393989658461333,12,1841,7.95270728767e-06,
1040,triangle,388,921,387,,360168.8375639597,6949681.210882266,3511.224609375,56.66258413778479,56.76626528545787,6.662584137784792,6.766265285457865,12,1841,7.95270728767e-06,
1041,triangle,388,920,389,,360137.5,6949612.5,4218.75,57.30833435058592,56.15000057220459,7.308334350585923,6.15000057220459,12,1841,7.95270728767e-06,
1042,triangle,400,1015,399,,359578.3163265306,6950385.714285714,3185.5869140625,57.12891119720854,55.17760015067128,7.128911197208533,5.177600150671282,12,1841,7.95270728767e-06,
1043,triangle,402,1016,403,,359512.5,6950612.5,4218.75,49.799999554951945,48.74166679382324,-0.20000044504805678,-1.2583332061767578,12,1841,7.95270728767e-06,
1044,triangle,406,924,407,,359362.5,6950912.5,4218.75,49.4916671117147,48.10000038146973,-0.5083328882852989,-1.8999996185302734,12,1841,7.95270728767e-06,
1045,triangle,408,1017,407,,359439.05704078666,6950940.8905622875,4393.91748046875,51.164092058720456,48.866045852691904,1.1640920587204557,-1.1339541473080998,12,1841,7.95270728767e-06,
1046,triangle,421,918,420,,360765.991576318,6949008.91116603,3815.00634765625,64.93519697652901,65.04721835346734,14.93519697652901,15.047218353467342,12,1841,7.95270728767e-06,
1047,triangle,444,1024,443,,358691.5178571429,6951132.621173468,4670.7587890625,56.3103058414699,54.84459903214,6.310305841469897,4.844599032140006,12,1841,7.95270728767e-06,
1048,triangle,444,1023,445,,358623.21428571426,6951166.071428572,3013.39306640625,50.69846935661046,51.09387716954806,0.6984693566104591,1.0938771695480582,12,1841,7.95270728767e-06,
1049,triangle,458,938,459,,360038.59613182093,6956463.428018659,4342.064453125,104.66388062331353,105.16253989731088,54.66388062331354,55.162539897310886,65,1681,6.32455532034e-06,
1050,triangle,471,942,472,,359360.1574846416,6955633.404748924,3955.21728515625,79.56386321416568,79.65190213263622,29.563863214165668,29.651902132636227,65,1681,6.32455532034e-06,
1051,triangle,477,944,478,,358662.5,6956662.5,4218.75,118.85833231608072,118.4333324432373,68.85833231608073,68.4333324432373,65,1681,6.32455532034e-06,
1052,triangle,478,945,477,,358712.5,6956587.5,4218.75,117.52499834696451,117.56666628519694,67.52499834696452,67.56666628519694,65,1681,6.32455532034e-06,
1053,triangle,481,946,482,,358967.06937415694,6956585.645225861,4010.087890625,113.6325931174128,114.35450207083721,63.63259311741279,64.35450207083721,65,1681,6.32455532034e-06,
1054,triangle,484,947,483,,359159.5507865797,6956517.0752374865,3704.03564453125,109.8265566321744,109.10574416951413,59.826556632174395,59.10574416951413,65,1681,6.32455532034e-06,
1055,triangle,644,1362,1066,,359370.36704231816,6946166.083646852,48845.56689453125,103.03321304805695,104.4881175497477,53.03321304805694,54.48811754974769,12,1841,7.95270728767e-06,
1056,triangle,181,943,640,,358436.72148491396,6956448.804041921,25825.212890625,130.46151794202348,133.10474554563544,80.46151794202348,83.10474554563544,65,1681,6.921074873517858e-06,
1057,triangle,136,1314,135,,355809.1733115877,6951489.131442134,489.51708984375,65.49770052571465,65.55702108003102,15.497700525714663,15.557021080031019,65,1681,6.7315933121724995e-06,
1058,triangle,621,1466,620,,360151.47872171435,6953625.099474579,41391.4638671875,63.12744366629398,63.197531972294406,13.127443666293981,13.197531972294408,65,1681,6.4990001739825e-06,
1059,triangle,786,1345,437,,361035.76388888893,6949032.589285714,16753.826171875,77.63296027726884,74.48658852034501,27.632960277268847,24.486588520345013,12,1841,7.95270728767e-06,
1060,triangle,488,1175,489,,359537.02876984124,6956402.405753967,7248.88427734375,98.3309868957382,99.72389593330517,48.3309868957382,49.72389593330518,65,1681,6.32455532034e-06,
1061,triangle,547,1363,1136,,353369.49112849584,6953576.804147636,185683.16064453125,108.97874818239075,104.89558321564316,58.978748182390746,54.89558321564315,6,1721,1.189207115e-05,
1062,triangle,723,1440,869,,364958.4527019358,6956550.583306852,140109.08740234375,51.943712239675264,52.51917699391226,1.9437122396752686,2.519176993912262,12,1841,7.95270728767e-06,
1063,triangle,588,1465,1130,,369416.9354798148,6960356.554207582,986177.8642578125,,5.268755827968095,-10049.0,-4021.217233386698,23,2151,1.653961167732143e-05,
1064,triangle,932,933,802,,361405.56571334513,6949832.703610892,51896.21728515625,99.60744910598177,97.09287121223004,49.60744910598177,47.09287121223002,12,1841,7.95270728767e-06,
1065,triangle,971,1391,497,,358366.6126923055,6944362.118016708,511013.228515625,109.19872398874449,107.54978316533682,59.19872398874449,57.54978316533683,18,2041,4.30886938006e-06,
1066,triangle,646,1434,1249,,355069.1333488477,6949300.819709732,106550.37353515625,106.00564823995516,106.52226557345739,56.00564823995516,56.52226557345739,12,1841,7.95270728767e-06,
1067,triangle,1117,1172,676,,355053.1273288261,6955120.147210111,153455.08251953125,101.16541924443696,98.09978108322672,51.165419244436976,48.09978108322671,6,1721,1.189207115e-05,
1068,triangle,572,1037,805,,351441.84444410604,6948424.325135353,1189528.4453125,39.12088443678347,55.834833722666794,-10.879115563216526,5.834833722666791,16,1441,1.0202721908928573e-05,
1069,triangle,781,1370,1151,,366402.8565438011,6954434.479469973,178966.9658203125,121.55576482435355,116.76112020582597,71.55576482435356,66.76112020582597,65,1681,6.32455532034e-06,
1070,triangle,691,1085,915,,360546.2460988946,6948214.959624802,53490.05908203125,86.68679182341263,87.48837113010582,36.68679182341263,37.48837113010581,12,1841,7.95270728767e-06,
1071,triangle,839,1264,764,,355745.2431809441,6955272.519222394,26414.279296875,84.94674144729413,85.54564170932476,34.94674144729413,35.54564170932475,6,1721,1.189207115e-05,
1072,triangle,706,1328,1120,,362226.5966598258,6944541.975169369,1242729.9174804688,116.64670921009274,109.99116888605177,66.64670921009274,59.99116888605176,6,1721,1.189207115e-05,
1073,triangle,790,1447,1086,,364201.96816775785,6956358.342629597,49649.880859375,68.57230913789189,58.97085513558172,18.572309137891892,8.970855135581713,12,1841,7.95270728767e-06,
1074,triangle,768,995,94,,363922.2743110643,6955936.744123473,19316.78076171875,29.87960073221856,30.362484982806095,-20.12039926778144,-19.637515017193905,12,1841,7.95270728767e-06,
1075,triangle,192,888,738,,356048.2742701914,6956290.332448813,15534.81787109375,92.15563551376685,91.99406105253668,42.15563551376686,41.99406105253667,6,1721,1.189207115e-05,
1076,triangle,740,892,304,,359126.3805933932,6946555.683685395,11464.15283203125,96.67467973334922,96.64760612719915,46.67467973334921,46.64760612719917,12,1841,7.95270728767e-06,
1077,triangle,741,893,309,,359304.56583796255,6946821.440668429,12826.09814453125,93.26102538812417,94.29033792130922,43.261025388124175,44.29033792130921,12,1841,7.95270728767e-06,
1078,triangle,771,1005,311,,358897.76091999334,6947077.905608331,18501.18798828125,88.59332919448696,89.97886208849165,38.59332919448695,39.97886208849164,12,1841,7.95270728767e-06,
1079,triangle,445,1023,776,,358535.71428571426,6951178.571428572,11852.6787109375,55.61111093810644,56.31887723312635,5.611110938106441,6.318877233126346,12,1841,7.95270728767e-06,
1080,triangle,459,938,749,,360156.64284612116,6956441.206917862,19930.70947265625,112.0475335246865,112.56469496411792,62.04753352468651,62.564694964117926,65,1681,6.32455532034e-06,
1081,triangle,643,1206,493,,358833.0414278966,6945819.064832068,53136.4384765625,116.40001508216925,116.8232208177538,66.40001508216925,66.8232208177538,18,2041,4.959554720704643e-06,
1082,triangle,1163,1450,853,,363390.18877337524,6957588.707794372,199617.71630859375,97.14823203148738,100.85680448306846,47.148232031487375,50.85680448306846,12,1841,7.95270728767e-06,
1083,triangle,1312,1452,850,,357166.52466158645,6950635.332313757,114602.345703125,66.58967267837704,68.67997680741358,16.589672678377035,18.679976807413578,12,1841,7.95270728767e-06,
1084,triangle,1130,1465,589,,370039.662752542,6959724.054207582,947935.9619140625,8.16607443449687,17.811837584856335,-41.83392556550314,-673.9178996871536,1,1,6.004592488012142e-05,
1085,triangle,533,1315,1126,,363008.2102253639,6949415.522052874,92615.2763671875,98.94558614093425,103.89211291426152,48.94558614093426,53.892112914261524,65,1681,6.32455532034e-06,
1086,triangle,1069,1343,540,,360302.2000800303,6947027.864691593,107846.62353515625,125.76371832478434,118.23653555417161,75.76371832478435,68.23653555417162,12,1841,7.95270728767e-06,
1087,triangle,981,1426,1249,,355266.47741306835,6948912.918528398,103458.72802734375,78.1477504200941,82.58190844819549,28.1477504200941,32.5819084481955,12,1841,7.95270728767e-06,
1088,triangle,851,1080,779,,353606.8983310002,6952221.851061107,240828.79248046875,81.62412106872802,92.0340845955465,31.624121068728016,42.034084595546496,65,1681,6.722235022458572e-06,
1089,triangle,646,1413,1155,,354772.2351119609,6949710.156848464,111817.5654296875,136.27063876375735,128.26122881853703,86.27063876375733,78.261228818537,65,1681,6.32455532034e-06,
1090,triangle,552,1380,669,,354066.32724920026,6956908.834371087,54924.609375,127.79748231358735,120.53826169419612,77.79748231358735,70.53826169419612,65,1681,6.32455532034e-06,
1091,triangle,1182,1258,130,,359651.8518782404,6953638.9094049735,51308.91552734375,43.31819686689443,50.322406645971824,-6.681803133105571,0.32240664597182206,65,1681,6.32455532034e-06,
1092,triangle,666,1224,544,,353635.86066471646,6950386.659994337,69932.6376953125,112.2641146596899,112.18382533954612,62.264114659689895,62.18382533954614,65,1681,6.921074873517858e-06,
1093,triangle,27,816,26,,359400.0,6952800.0,8437.5,38.900001525878906,37.63333384195963,-11.099998474121094,-12.366666158040365,12,1841,7.95270728767e-06,
1094,triangle,1197,1414,793,,355150.626165603,6951656.526644866,127815.35009765625,92.31745049306215,94.38122899314597,42.317450493062154,44.38122899314596,65,1681,6.32455532034e-06,
1095,triangle,770,885,763,,357222.29591836734,6952079.591836735,21070.791015625,56.01038174786088,54.80239638442797,6.010381747860881,4.802396384427972,12,1841,7.95270728767e-06,
1096,triangle,767,1373,690,,358926.32136769354,6952304.286678215,53591.435546875,40.54915341690548,47.263051662067824,-9.450846583094517,-2.7369483379321715,12,1841,7.95270728767e-06,
1097,triangle,844,1260,1158,,357801.5889497995,6954023.752954711,94971.01708984375,101.29345780488946,94.82125007835555,51.29345780488946,44.82125007835554,65,1681,6.32455532034e-06,
1098,triangle,31,1303,30,,359658.7838128049,6952840.611496354,3868.70703125,33.99308982253604,34.062320979290284,-16.00691017746396,-15.937679020709714,12,1841,7.95270728767e-06,
1099,triangle,328,1201,329,,358388.48485743045,6948260.963547453,4107.953125,72.94261755960692,72.52899626209452,22.94261755960692,22.528996262094523,12,1841,7.95270728767e-06,
1100,triangle,543,1215,809,,353499.1764173115,6949795.270803567,107753.63330078125,100.1970298888832,106.65698851887305,50.19702988888319,56.65698851887307,65,1681,6.32455532034e-06,
1101,triangle,121,1298,120,,362161.4713021954,6955270.980901026,6463.373046875,41.580383162388856,42.05091497126023,-8.419616837611143,-7.949085028739774,12,1841,7.95270728767e-06,
1102,triangle,651,1222,1044,,360793.8125228663,6956818.073766462,121492.62890625,139.05566525075574,138.46834406575655,89.05566525075572,88.46834406575654,65,1681,6.32455532034e-06,
1103,triangle,497,1309,496,,359083.7251363489,6944884.279060845,21776.09765625,131.54615740652497,129.90288443819108,81.54615740652498,79.9028844381911,18,2041,4.850526649341429e-06,
1104,triangle,653,1283,513,,359003.3006278577,6957789.264649401,151151.7861328125,166.23117570809518,160.25852152174946,116.23117570809518,110.25852152174947,12,1841,7.95270728767e-06,
1105,triangle,690,792,728,,358472.3446299134,6952010.288338634,121058.25,66.17547778422929,62.043007047134275,16.175477784229276,12.043007047134283,12,1841,7.95270728767e-06,
1106,triangle,311,1003,973,,358986.4061205606,6946880.851894848,20680.19482421875,88.13225276498807,92.1299806744155,38.13225276498805,42.12998067441551,12,1841,7.95270728767e-06,
1107,triangle,180,1191,945,,358721.3799120582,6956402.131590736,21934.1494140625,127.99611165937506,126.91485900947261,77.99611165937505,76.91485900947261,65,1681,6.32455532034e-06,
1108,triangle,969,1134,683,,359263.2394918312,6948949.745846064,125839.115234375,85.53917514437806,88.08725762885827,35.53917514437807,38.08725762885826,12,1841,7.95270728767e-06,
1109,triangle,872,1292,593,,369907.2413751466,6952388.981643957,1209318.751953125,144.9085680262385,144.57650596356672,94.9085680262385,94.57650596356672,65,1681,6.32455532034e-06,
1110,triangle,1041,1166,564,,363384.73967390234,6951460.396774349,71050.86767578125,96.02100575291851,101.62583745069294,46.0210057529185,51.625837450692956,65,1681,6.32455532034e-06,
1111,triangle,793,1414,692,,354926.99453657743,6951944.130001492,152697.056640625,112.59852012497906,110.81639211378682,62.59852012497906,60.816392113786826,65,1681,6.32455532034e-06,
1112,triangle,417,1352,733,,361006.9889188995,6948647.7830114635,15275.98828125,76.26085951761912,75.91543378400374,26.260859517619124,25.91543378400374,12,1841,7.95270728767e-06,
1113,triangle,752,1127,827,,359206.57039383304,6956064.160028179,28809.28271484375,112.75674777829764,109.20894170770686,62.75674777829764,59.20894170770688,65,1681,6.32455532034e-06,
1114,triangle,764,1264,206,,355855.2431809441,6955235.019222393,14813.4140625,83.27695519456776,83.99230868116722,33.27695519456776,33.992308681167195,6,1721,1.189207115e-05,
1115,triangle,703,1142,988,,357832.9031884863,6952232.013859965,40719.8642578125,53.26403317007692,50.46405520161992,3.264033170076923,0.46405520161992025,12,1841,7.95270728767e-06,
1116,triangle,963,1414,1113,,354785.8649891101,6951324.124439525,125483.380859375,90.17849116572583,94.13143092042192,40.17849116572583,44.13143092042193,65,1681,6.32455532034e-06,
1117,triangle,501,1189,1121,,356260.05317395116,6950220.64872506,135231.9775390625,81.1392816719562,81.20298351069316,31.139281671956205,31.202983510693162,12,1841,7.95270728767e-06,
1118,triangle,551,1218,669,,354504.5990851258,6956626.294501822,77756.759765625,116.44059236857372,112.17486598088078,66.44059236857372,62.174865980880774,6,1721,1.149439144788143e-05,
1119,triangle,955,1149,1001,,356272.1469234755,6956701.551535499,40869.236328125,107.44435265786532,109.87670287704499,57.44435265786534,59.876702877044984,6,1721,1.189207115e-05,
1120,triangle,652,1184,704,,359795.5388485943,6957019.129010826,76026.49560546875,133.33436247489743,133.0992727677501,83.33436247489743,83.09927276775011,65,1681,6.32455532034e-06,
1121,triangle,944,1027,700,,358608.33647965017,6956897.528153944,29024.00634765625,139.7629089273663,138.67965873206316,89.76290892736633,88.67965873206315,65,1681,6.32455532034e-06,
1122,triangle,74,1203,613,,363753.1262261686,6953723.604999204,61028.13330078125,87.78745337762703,89.74649028528249,37.78745337762702,39.74649028528248,65,1681,6.32455532034e-06,
1123,triangle,764,1143,819,,355766.8184642019,6954911.312435788,34906.966796875,82.58147989886136,87.34961658031904,32.58147989886136,37.34961658031903,6,1721,1.189207115e-05,
1124,triangle,1065,1160,1064,,359819.7938191034,6958303.076362421,284651.4794921875,109.00801959493208,116.91442659984602,59.00801959493208,66.91442659984604,12,1841,7.95270728767e-06,
1125,triangle,668,1225,1060,,355278.8693592918,6956490.440425225,129514.9560546875,111.72153892205009,109.37940035362396,61.721538922050094,59.379400353623964,6,1721,1.189207115e-05,
1126,triangle,695,1098,726,,362562.4770048505,6955560.168826018,69009.658203125,44.17369457348897,43.955611292524885,-5.826305426511029,-6.04438870747511,65,1681,6.9641864503624995e-06,
1127,triangle,1128,1389,813,,356143.3101217909,6947809.260713223,32296.76953125,69.22935903257695,69.53805802485728,19.22935903257696,19.538058024857275,12,1841,7.95270728767e-06,
1128,triangle,711,1011,1010,,360296.2645453019,6949087.999688134,37818.60986328125,75.00490941077942,71.9428271026291,25.004909410779423,21.942827102629092,12,1841,7.95270728767e-06,
1129,triangle,697,1339,1060,,355337.08266096935,6955980.778188224,116024.2646484375,103.26703002995134,99.40725063532254,53.26703002995134,49.407250635322534,6,1721,1.189207115e-05,
1130,triangle,718,828,684,,359676.334731088,6952307.325578429,92017.92724609375,44.02256410265201,47.607747995436604,-5.977435897347984,-2.3922520045633884,12,1841,7.95270728767e-06,
1131,triangle,729,1349,907,,356938.7144079756,6948214.908087921,12933.435546875,61.94077981748416,61.98427823138502,11.940779817484165,11.984278231385028,12,1841,7.95270728767e-06,
1132,triangle,935,1351,934,,359021.9088926324,6951691.5742097,13558.48291015625,47.71342942890085,46.6405761576483,-2.286570571099149,-3.3594238423517075,12,1841,7.95270728767e-06,
1133,triangle,851,1388,1043,,354136.428976571,6952757.008236691,197714.4541015625,123.67854553167365,119.57341487814726,73.67854553167363,69.57341487814726,65,1681,6.32455532034e-06,
1134,triangle,985,1338,871,,358872.9003430821,6954683.5293489555,82378.8408203125,100.27978430658537,101.91032772760445,50.27978430658538,51.910327727604475,65,1681,6.32455532034e-06,
1135,triangle,813,1389,1053,,356131.5464040046,6947637.408140346,68051.15234375,67.20259575643809,69.29327133051622,17.202595756438082,19.293271330516216,12,1841,7.95270728767e-06,
1136,triangle,860,1202,923,,359398.5189703796,6950204.212245804,21812.15771484375,78.24564376970869,74.1408443605488,28.2456437697087,24.1408443605488,12,1841,7.95270728767e-06,
1137,triangle,761,1120,1103,,360366.7128145763,6944223.441390742,877944.7963867188,112.17320846998373,115.82051249119257,62.17320846998374,65.82051249119257,52,1561,1.189207115e-05,
1138,triangle,1010,1199,711,,360319.60082945303,6948941.945084698,47132.3740234375,75.50542144362252,76.098429464176,25.505421443622517,26.09842946417598,12,1841,7.95270728767e-06,
1139,triangle,923,1013,713,,359528.31491645845,6949925.930311936,32055.8603515625,70.04277354036543,69.41352440567759,20.042773540365427,19.413524405677588,12,1841,7.95270728767e-06,
1140,triangle,564,1166,563,,363563.07069050474,6951560.819474342,18770.21142578125,92.15720273692145,90.54007886700481,42.157202736921434,40.5400788670048,65,1681,6.4990001739825e-06,
1141,triangle,1162,1320,606,,354117.82872556924,6943547.422518179,1689245.119140625,85.67746592256455,86.78439627803375,35.67746592256455,36.784396278033746,12,1841,7.95270728767e-06,
1142,triangle,663,1173,539,,360929.460200777,6947449.119635895,105004.3330078125,102.77124281129905,100.77427647536818,52.77124281129905,50.77427647536819,12,1841,7.95270728767e-06,
1143,triangle,845,962,757,,363029.35772792593,6952211.877152343,113565.82373046875,132.893816497041,119.2856198860904,82.89381649704102,69.28561988609039,65,1681,6.32455532034e-06,
1144,triangle,1186,1299,1239,,358318.42319309834,6958717.346152011,157939.388671875,120.29320700454497,127.38171579726468,70.293207004545,77.38171579726469,12,1841,7.95270728767e-06,
1145,triangle,178,1385,177,,358859.7903955775,6955181.004029363,35991.34423828125,125.24097348929688,120.23429849098989,75.24097348929688,70.23429849098987,65,1681,7.119914724577143e-06,
1146,triangle,23,1373,991,,359077.4494815949,6952547.133850414,19569.87255859375,35.59567754064011,37.2830334447022,-14.404322459359888,-12.716966555297804,12,1841,7.95270728767e-06,
1147,triangle,1053,1461,1346,,355947.9166228639,6947243.804281379,96319.130859375,71.05170567830982,70.0948224005153,21.051705678309812,20.094822400515305,12,1841,7.95270728767e-06,
1148,triangle,1060,1225,697,,355397.1353682599,6956248.63069412,111354.6591796875,106.46059483233415,103.2744761019751,56.46059483233414,53.27447610197512,6,1721,1.189207115e-05,
1149,triangle,1295,1297,962,,362459.18917174876,6952194.569624871,58909.970703125,103.95193735266515,108.4760391190138,53.951937352665155,58.4760391190138,65,1681,6.32455532034e-06,
1150,triangle,835,1391,824,,357261.9980077988,6944937.465492728,878118.533203125,98.39882503819017,102.82380352336865,48.398825038190175,52.82380352336864,12,1841,6.781473674509644e-06,
1151,triangle,122,1456,1298,,362102.7998487049,6955405.255600032,18002.4404296875,46.6797954967488,49.40123584002718,-3.3202045032511966,-0.5987641599728213,65,1681,6.6152967430775e-06,
1152,triangle,620,1466,1228,,360281.0881329979,6953772.0177711025,47537.0537109375,79.76602317997116,76.1710115564322,29.766023179971157,26.1710115564322,65,1681,6.32455532034e-06,
1153,triangle,808,894,847,,358356.90912148816,6947368.085640936,51119.7421875,93.43625537325053,97.25609140809375,43.436255373250525,47.256091408093745,12,1841,7.95270728767e-06,
1154,triangle,581,1441,580,,355282.3991238593,6961016.403501307,1039913.59765625,125.41774120426479,133.0333247319729,75.41774120426479,83.03332473197288,14,2121,9.268824031310716e-06,
1155,triangle,763,885,157,,357259.79591836734,6952192.091836735,10535.39501953125,57.266573066398934,52.36906266962492,7.266573066398932,2.369062669624912,12,1841,7.95270728767e-06,
1156,triangle,861,1350,975,,356428.80674692447,6948790.657231075,50687.390625,69.30908712960603,68.81113886757022,19.309087129606027,18.81113886757024,12,1841,7.95270728767e-06,
1157,triangle,1107,1357,750,,359562.41411340795,6955447.736627794,35977.10595703125,99.25574683073468,98.46052058159738,49.255746830734694,48.46052058159737,65,1681,6.32455532034e-06,
1158,triangle,1067,1456,695,,362260.5300011828,6955634.027404204,42644.7353515625,66.29757610600227,59.673919032009714,16.297576106002264,9.673919032009714,65,1681,6.32455532034e-06,
1159,triangle,561,1118,560,,364306.54389266163,6952061.277225509,98250.05322265625,115.91711557985971,115.88783342084277,65.91711557985971,65.88783342084278,65,1681,6.3827036048875e-06,
1160,triangle,1033,1048,706,,361653.5159609456,6945952.202548658,967667.6083984375,92.59033557878156,89.30103699204352,42.59033557878158,39.30103699204353,52,1561,1.189207115e-05,
1161,triangle,964,1448,1182,,359399.0195309072,6953920.197372038,67683.3154296875,52.42542812782049,70.2295006510512,2.425428127820492,20.229500651051207,65,1681,6.32455532034e-06,
1162,triangle,1045,1096,754,,356337.92124105664,6958796.036393312,199197.40869140625,162.28892601703186,155.94538022067908,112.28892601703184,105.94538022067907,12,1841,7.95270728767e-06,
1163,triangle,563,804,564,,363753.5113366383,6951440.348799986,23669.06298828125,86.89805633843186,84.88733313085548,36.89805633843185,34.88733313085549,12,1841,7.95270728767e-06,
1164,triangle,1134,1425,683,,359442.47740850924,6949161.829766005,102118.048828125,87.34219267447182,85.72300025193492,37.34219267447183,35.72300025193491,12,1841,7.95270728767e-06,
1165,triangle,1117,1339,1172,,355225.31486441987,6955412.785682333,131098.47021484375,96.48919895839336,96.73639953276972,46.48919895839337,46.73639953276973,6,1721,1.189207115e-05,
1166,triangle,676,1347,1117,,354724.1644411874,6955163.789876837,178208.9189453125,103.5851423236895,101.38991395420176,53.585142323689496,51.389913954201766,6,1721,1.189207115e-05,
1167,triangle,1117,1347,806,,354593.0044021807,6955514.955714144,169433.0146484375,105.50734163970267,103.91408575038339,55.50734163970268,53.9140857503834,6,1721,1.189207115e-05,
1168,triangle,733,1402,418,,360866.03334957664,6948714.341198013,23052.9921875,77.2236882530959,74.02771280821032,27.2236882530959,24.027712808210328,12,1841,7.95270728767e-06,
1169,triangle,810,1095,1075,,353388.55094626866,6956570.498210363,153539.15869140625,123.748873288125,124.09309086189478,73.748873288125,74.0930908618948,6,1721,1.189207115e-05,
1170,triangle,701,1397,856,,364831.0827663594,6953790.714481699,128167.203125,126.2201305330411,121.51192040348339,76.2201305330411,71.51192040348339,65,1681,6.32455532034e-06,
1171,triangle,850,1452,1189,,356858.13194017956,6950500.415997476,102094.75732421875,52.39565785513844,65.56983047315705,2.3956578551384426,15.569830473157056,12,1841,7.95270728767e-06,
1172,triangle,690,984,792,,358585.7829823436,6951789.726825801,98503.5634765625,60.32996057061324,57.67290488113529,10.329960570613235,7.672904881135285,12,1841,7.95270728767e-06,
1173,triangle,1338,1385,871,,358927.71680415754,6954920.4542929595,60277.1611328125,118.1203520201406,116.68971354726746,68.1203520201406,66.68971354726749,65,1681,6.32455532034e-06,
1174,triangle,1228,1229,619,,360592.8669610969,6953855.779221605,51152.978515625,68.95693371284845,66.62597459338039,18.956933712848453,16.625974593380388,65,1681,6.32455532034e-06,
1175,triangle,128,1404,127,,361443.4002161273,6954145.824805456,19371.5771484375,27.55202934116944,29.922575505171277,-22.447970658830563,-20.07742449482872,65,1681,6.4408518894350004e-06,
1176,triangle,665,1154,664,,359592.62946648506,6945766.403275465,59858.447265625,113.23461041675147,117.23162662284658,63.234610416751465,67.23162662284656,12,1841,8.374781987205358e-06,
1177,triangle,689,1109,1108,,358712.80170254834,6950651.598190949,87029.2548828125,75.84338086517143,74.64544617453107,25.843380865171426,24.645446174531084,12,1841,7.95270728767e-06,
1178,triangle,1214,1272,622,,359060.1882225993,6953470.330853573,49874.1181640625,52.467455952225485,55.52713910898217,2.467455952225487,5.527139108982168,65,1681,6.32455532034e-06,
1179,triangle,623,1273,1214,,358768.81458546384,6953391.651398803,49374.8271484375,52.72732046077831,58.04951540736286,2.7273204607783033,8.049515407362867,65,1681,6.32455532034e-06,
1180,triangle,455,1324,1057,,360171.77207267674,6956743.658646283,15919.18798828125,118.3381838028114,119.24923636731027,68.3381838028114,69.24923636731027,65,1681,6.32455532034e-06,
1181,triangle,757,1122,1079,,363247.13837264455,6952784.62709669,73626.18212890625,104.78810784059041,105.12783077122788,54.7881078405904,55.127830771227885,65,1681,6.32455532034e-06,
1182,triangle,671,1418,555,,367454.9614525182,6953008.373201602,161919.3017578125,158.0208264014484,152.78905415700766,108.02082640144842,102.78905415700763,6,1721,1.189207115e-05,
1183,triangle,542,1289,1037,,352633.5497681271,6949366.876993418,486754.03857421875,93.02822974976263,102.27049710274856,43.02822974976262,52.27049710274857,65,1681,8.710633533051428e-06,
1184,triangle,134,1256,629,,356664.4643405357,6952354.245967914,51404.7626953125,78.52352292420005,80.90586513435782,28.52352292420005,30.90586513435783,65,1681,6.3827036048875e-06,
1185,triangle,1046,1241,518,,356449.8253171504,6957799.748638908,131404.68603515625,164.2586693823116,158.5775865380484,114.25866938231158,108.57758653804838,65,1681,6.32455532034e-06,
1186,triangle,1016,1408,406,,359336.2973760933,6950760.047896709,22976.1689453125,55.92587391938404,54.35913840925671,5.925873919384043,4.359138409256715,12,1841,7.95270728767e-06,
1187,triangle,1054,1375,828,,359944.4858608262,6952540.053715364,43264.626953125,47.65663440219225,44.033830531521865,-2.3433655978077477,-5.966169468478129,12,1841,7.95270728767e-06,
1188,triangle,1235,1370,957,,365900.99316877336,6954086.167179202,134379.02880859375,116.54165437194742,123.75038619009577,66.54165437194743,73.75038619009577,65,1681,6.32455532034e-06,
1189,triangle,842,1095,1078,,352494.2851491249,6957118.555051324,1087937.134765625,112.89218751008517,123.39961550573753,62.892187510085165,73.39961550573751,6,1721,1.189207115e-05,
1190,triangle,748,1012,758,,360037.9578722415,6950003.420371355,41990.2431640625,74.64007649746536,71.00874934298798,24.64007649746535,21.008749342987983,12,1841,7.95270728767e-06,
1191,triangle,1033,1271,1048,,361031.2181708905,6946217.732865748,383483.38330078125,96.33110823581013,94.55949992265602,46.331108235810134,44.55949992265602,52,1561,1.189207115e-05,
1192,triangle,651,1234,650,,361307.0464499651,6957307.220086534,232035.8154296875,124.9157185842847,119.13788098676476,74.9157185842847,69.13788098676474,12,1841,7.95270728767e-06,
1193,triangle,511,1433,510,,362492.02744838665,6957231.856033448,189354.38427734375,94.50670115918398,112.6814922525934,44.50670115918397,62.68149225259341,12,1841,7.95270728767e-06,
1194,triangle,1071,1347,1340,,354170.1188994611,6954939.053211566,153048.126953125,108.42694606776857,107.65595463761196,58.42694606776857,57.655954637611956,6,1721,1.189207115e-05,
1195,triangle,1340,1347,676,,354508.03822677437,6954871.804334781,170619.5205078125,97.28249409942754,101.27759555660208,47.282494099427524,51.27759555660208,6,1721,1.189207115e-05,
1196,triangle,700,1192,944,,358711.84488311317,6956872.152646092,33045.78857421875,138.59945327211307,138.05580593340517,88.5994532721131,88.05580593340517,65,1681,6.32455532034e-06,
1197,triangle,1155,1280,500,,355233.61784763495,6950023.954087793,91495.44384765625,129.75042082596286,122.44864221102411,79.75042082596286,72.4486422110241,65,1681,6.32455532034e-06,
1198,triangle,1136,1363,865,,353368.69319780404,6953952.855893376,234249.68798828125,109.60182252252369,109.7017494892901,59.601822522523705,59.70174948929011,6,1721,1.189207115e-05,
1199,triangle,71,1449,611,,362744.074689812,6952983.395520593,24850.5732421875,85.83593907625644,87.50122714759169,35.83593907625643,37.5012271475917,65,1681,6.4408518894350004e-06,
1200,triangle,955,1225,550,,355781.72504311457,6956678.097251671,72660.61083984375,103.18272019701195,109.12037435856992,53.18272019701193,59.120374358569926,6,1721,1.189207115e-05,
1201,triangle,721,925,812,,359596.76403566357,6951187.1927003,45107.6923828125,62.36395636647495,60.30354459024263,12.363956366474948,10.303544590242634,12,1841,7.95270728767e-06,
1202,triangle,35,846,735,,360128.5714285714,6952821.428571428,21093.75,40.56530668301849,38.15561219300424,-9.434693316981509,-11.84438780699576,12,1841,7.95270728767e-06,
1203,triangle,829,1392,677,,360905.09786531935,6951010.810435536,100350.2333984375,93.00894463516899,90.23002124174036,43.008944635168994,40.23002124174037,12,1841,7.95270728767e-06,
1204,triangle,672,1427,1246,,365740.05737539096,6953005.1504794285,71710.640625,126.37608098673905,133.96977015456136,76.37608098673905,83.96977015456135,65,1681,6.32455532034e-06,
1205,triangle,372,1199,373,,360456.205202838,6948740.504933252,6671.2197265625,71.34894208731345,70.8447375234537,21.348942087313432,20.8447375234537,12,1841,7.95270728767e-06,
1206,triangle,387,1348,386,,360295.7386363636,6949645.738636363,7478.69287109375,57.84735135252885,58.64461392656614,7.847351352528842,8.644613926566132,12,1841,7.95270728767e-06,
1207,triangle,536,722,569,,363091.5227286928,6948049.745085235,124011.2734375,89.67290463927046,94.98091126482181,39.672904639270456,44.98091126482182,6,1721,1.1892071150000002e-05,
1208,triangle,70,1297,609,,362248.1135932806,6952388.531706064,26023.38232421875,103.45821976631015,103.76342834095315,53.45821976631015,53.76342834095315,65,1681,6.4990001739825e-06,
1209,triangle,668,1165,1114,,355202.9233440174,6957083.145961806,103435.642578125,126.31839403567506,122.94576944459135,76.31839403567506,72.94576944459136,65,1681,6.32455532034e-06,
1210,triangle,712,1213,1081,,358413.08765759226,6946258.560327299,115021.716796875,116.16553531337755,115.34974645224501,66.16553531337753,65.349746452245,12,1841,7.95270728767e-06,
1211,triangle,730,1279,532,,362549.4442907053,6948841.541208335,80580.126953125,111.40995384777304,112.32852141521796,61.409953847773046,62.32852141521798,12,1841,7.95270728767e-06,
1212,triangle,705,1176,743,,358130.26711189473,6948042.155201088,37562.26611328125,85.52789714701495,82.52054966937595,35.527897147014954,32.520549669375946,12,1841,7.95270728767e-06,
1213,triangle,661,1288,529,,361799.04700457444,6948782.983121612,43327.36083984375,91.62767792240946,94.4803176300253,41.62767792240946,44.4803176300253,12,1841,7.8945590031225e-06,
1214,triangle,576,1462,575,,350838.6305221552,6954773.565623202,1141717.7490234375,14.46773724935722,15.072547292122309,-35.53226275064278,-34.9274527078777,1,1,7.205e-05,
1215,triangle,65,858,785,,361670.9723115109,6951777.00054092,21679.52001953125,82.58183769560421,83.70387376205552,32.58183769560421,33.703873762055515,12,1841,7.95270728767e-06,
1216,triangle,677,1311,829,,360887.3763262325,6951244.094222956,80835.4443359375,80.36198785387312,82.41987259982788,30.361987853873117,32.41987259982789,12,1841,7.95270728767e-06,
1217,triangle,499,1327,498,,354248.4327240751,6948907.436969265,101975.5732421875,100.99555568876946,104.84279113783519,50.995555688769436,54.84279113783517,12,1841,7.95270728767e-06,
1218,triangle,528,1133,802,,361757.5773178656,6950011.406720008,38296.7080078125,98.88177378872359,97.48240000701769,48.881773788723585,47.48240000701768,12,1841,7.95270728767e-06,
1219,triangle,549,1410,1241,,356006.62442899734,6957543.751650331,95352.591796875,143.47568856554855,146.7303576875786,93.47568856554855,96.73035768757859,65,1681,6.32455532034e-06,
1220,triangle,787,1310,678,,357465.9211373849,6951520.046787626,117409.5087890625,71.90049507470411,68.71891518205237,21.900495074704114,18.718915182052374,12,1841,7.95270728767e-06,
1221,triangle,1,1464,578,,350866.78105214593,6960308.790462102,1221841.1948242188,152.799640740225,88.1101451592549,102.79964074022499,38.1101451592549,6,1721,1.189207115e-05,
1222,triangle,589,1465,2,,370673.38709596294,6960422.310841516,894043.8525390625,,24.1643232238309,-10049.0,-4008.620188456123,23,2151,1.4126116532857142e-05,
1223,triangle,1053,1346,813,,355928.700723426,6947548.840866276,120688.4794921875,67.46623626716682,71.5346230303337,17.466236267166817,21.534623030333716,12,1841,7.95270728767e-06,
1224,triangle,1083,1224,666,,353845.4125596704,6950550.141635953,92702.783203125,109.31733494529463,110.41315975851315,59.317334945294625,60.41315975851314,65,1681,6.32455532034e-06,
1225,triangle,1156,1239,515,,357505.54691630206,6959207.1131847175,434768.337890625,100.40897081587597,125.69832793014233,50.408970815875975,75.69832793014233,12,1841,7.95270728767e-06,
1226,triangle,544,1224,1215,,353694.74082063773,6950162.515711139,70367.7060546875,111.24032721289134,109.08057738530464,61.24032721289134,59.08057738530465,65,1681,6.32455532034e-06,
1227,triangle,447,1102,984,,358694.8564519163,6951454.379326765,21670.46435546875,48.37138846411622,48.777459973214086,-1.6286115358837792,-1.2225400267859197,12,1841,7.95270728767e-06,
1228,triangle,735,1054,35,,360050.99798011803,6952748.784825809,21154.83544921875,43.9298807499474,41.52078452201112,-6.070119250052595,-8.479215477988882,12,1841,7.95270728767e-06,
1229,triangle,707,1291,979,,356886.98431926075,6953052.514243859,108147.54638671875,74.76668358077876,86.38215415295491,24.766683580778746,36.38215415295491,65,1681,6.32455532034e-06,
1230,triangle,652,1321,513,,359414.84226192656,6957305.064039725,98867.51953125,141.3157934046287,145.81930465670382,91.3157934046287,95.81930465670382,65,1681,6.32455532034e-06,
1231,triangle,434,1116,1106,,361095.56208577193,6949404.742341711,21172.14208984375,83.93705591146613,80.59111104184484,33.93705591146613,30.59111104184484,12,1841,7.95270728767e-06,
1232,triangle,969,1220,1134,,359005.434067363,6948981.639339411,95531.31005859375,81.26456523853463,83.64177763032045,31.264565238534637,33.64177763032044,12,1841,7.95270728767e-06,
1233,triangle,1074,1379,810,,353688.0397006981,6955961.2392594265,191290.59423828125,80.2192031430993,110.69348731524389,30.219203143099314,60.693487315243885,6,1721,1.189207115e-05,
1234,triangle,753,1320,1162,,354205.06675132946,6944560.881113681,1358426.623046875,69.50709861869687,83.09447974478097,19.507098618696872,33.09447974478096,12,1841,7.95270728767e-06,
1235,triangle,422,1209,830,,358649.3804438506,6948726.217822994,19426.1044921875,73.09369950456221,73.23866494227696,23.093699504562203,23.238664942276966,12,1841,7.95270728767e-06,
1236,triangle,473,1240,1027,,358392.91578712576,6956884.416124542,18267.4814453125,133.1442370596084,133.74877670695645,83.1442370596084,83.74877670695645,65,1681,6.32455532034e-06,
1237,triangle,987,1129,782,,366987.3956583573,6957834.864730291,1079713.3759765625,14.075985410619275,32.59818370902772,-35.924014589380725,-17.40181629097227,65,1681,2.7447833878197145e-05,
1238,triangle,571,1460,570,,350849.62246678397,6945146.105923127,1173003.5708007812,115.75494312061603,81.8970474127704,65.75494312061603,31.897047412770416,65,1681,7.1066069816125e-06,
1239,triangle,824,1391,971,,357558.7444657274,6944230.179008192,527933.0463867188,106.20621915792672,102.68261169547496,56.206219157926725,52.682611695474954,18,2041,4.30886938006e-06,
1240,triangle,1270,1331,77,,364710.10366538167,6954921.144598737,58019.0126953125,102.2975848952772,98.16708377605325,52.29758489527719,48.16708377605325,65,1681,6.32455532034e-06,
1241,triangle,1105,1282,849,,362914.79075495753,6956381.710960682,142777.5966796875,117.97372993274857,108.02879843166323,67.97372993274857,58.02879843166323,65,1681,6.32455532034e-06,
1242,triangle,369,1147,916,,360218.5678643955,6948517.092549761,17839.20947265625,80.44162733391981,78.39322463618652,30.441627333919804,28.393224636186517,12,1841,7.95270728767e-06,
1243,triangle,665,1319,761,,359877.41325472045,6945277.924366109,180256.58349609375,112.54996670835767,105.44218199430121,62.549966708357665,55.442181994301194,52,1561,1.189207115e-05,
1244,triangle,9,1190,8,,358017.8315283127,6952450.74044963,5541.69921875,38.192598641698964,42.12893015662689,-11.807401358301032,-7.871069843373108,12,1841,7.95270728767e-06,
1245,triangle,214,1198,213,,355978.4379655572,6954710.309462848,5238.2294921875,81.46054106275848,81.0973774170414,31.460541062758466,31.09737741704139,6,1721,1.189207115e-05,
1246,triangle,477,1191,476,,358613.92098565056,6956575.648540768,5552.0390625,119.30282267288777,119.5179756676908,69.30282267288777,69.5179756676908,65,1681,6.32455532034e-06,
1247,triangle,478,1192,479,,358774.7714109099,6956672.983697365,5398.16552734375,120.13710527723666,120.07705383554674,70.13710527723666,70.07705383554675,65,1681,6.32455532034e-06,
1248,triangle,439,1403,1301,,359878.70337207004,6950532.289038434,18500.50048828125,65.34331121244708,63.290004382175944,15.343311212447068,13.290004382175946,12,1841,7.95270728767e-06,
1249,triangle,836,1229,784,,360794.03665192396,6954194.9342140565,95287.826171875,78.12885883341244,75.92889781372143,28.12885883341245,25.92889781372145,65,1681,6.32455532034e-06,
1250,triangle,1122,1296,1079,,363213.7478456713,6952978.067821446,34769.99365234375,84.85139523745497,86.66239120908017,34.85139523745497,36.66239120908019,65,1681,6.32455532034e-06,
1251,triangle,1312,1361,832,,357819.41389267286,6950843.927960915,132972.8115234375,77.80745220870935,75.719142670399,27.807452208709357,25.719142670399005,12,1841,7.95270728767e-06,
1252,triangle,953,960,505,,355744.2381714484,6951248.724248187,22290.95849609375,77.81738430770147,77.98428682442481,27.817384307701474,27.9842868244248,12,1841,7.371224442195001e-06,
1253,triangle,599,1436,598,,368185.2272727273,6942755.954726309,962453.8125,58.70101201510565,61.84391333147542,8.701012015105645,11.84391333147542,12,1841,9.359622952787858e-06,
1254,triangle,771,1257,316,,358730.6288151672,6947203.234200687,20151.296875,89.06354913744235,90.13294450164535,39.063549137442344,40.13294450164536,12,1841,7.95270728767e-06,
1255,triangle,812,1253,721,,359808.6618689024,6951234.741314091,78089.10400390625,66.90107729945777,65.90697518438911,16.901077299457764,15.906975184389106,12,1841,7.95270728767e-06,
1256,triangle,1158,1260,636,,357730.44477236265,6954305.802874565,57533.22021484375,86.7061790894706,95.1072364624526,36.70617908947059,45.10723646245261,65,1681,6.32455532034e-06,
1257,triangle,587,1451,586,,366315.5146605939,6960957.331954689,1205448.181640625,,,-10049.000000000002,-10049.0,10,2191,7.828339125178572e-06,
1258,triangle,607,1383,1162,,352378.74729843,6943457.088483243,1040188.7607421875,86.1139270723705,72.0023755652616,36.113927072370494,22.002375565261598,12,1841,7.95270728767e-06,
1259,triangle,1180,1323,545,,353680.95017575053,6951275.082020655,115287.6689453125,118.75698172811236,116.83536654923131,68.75698172811238,66.83536654923131,65,1681,6.32455532034e-06,
1260,triangle,569,837,537,,362582.0558800725,6947749.888129377,118520.8447265625,99.03814048017502,106.35987172320853,49.03814048017502,56.35987172320853,52,1561,1.1892071150000002e-05,
1261,triangle,1009,1402,733,,360723.92872708285,6948630.44077646,24040.66015625,78.14897825406214,76.0955506644978,28.14897825406214,26.095550664497807,12,1841,7.95270728767e-06,
1262,triangle,316,1005,771,,358822.7609199933,6947177.905608331,20791.599609375,89.70953722518692,88.51219491319868,39.709537225186914,38.51219491319867,12,1841,7.95270728767e-06,
1263,triangle,768,769,507,,363715.9511532186,6956089.646388675,34168.55224609375,55.53399039152563,52.87114174432759,5.533990391525626,2.87114174432759,12,1841,7.95270728767e-06,
1264,triangle,799,1116,437,,360909.8666737792,6949228.977166049,18962.2509765625,79.276874181073,77.34842212310974,29.27687418107299,27.348422123109753,12,1841,7.95270728767e-06,
1265,triangle,782,1316,1153,,365459.8042789912,6958628.80421072,715859.5756835938,12.23734202617522,27.02506138258235,-37.76265797382478,-22.97493861741765,12,1841,2.1687841440312146e-05,
1266,triangle,579,1464,1,,351489.50832487317,6960941.290462102,1250400.8188476562,175.8542742849704,130.7693586241652,125.85427428497039,80.76935862416518,12,1841,8.093398854181786e-06,
1267,triangle,2,1465,588,,370050.65982323565,6961054.810841516,932285.7553710938,,5.430645349028982,-10049.0,-7355.9195221556665,23,2151,4.472135955e-06,
1268,triangle,1099,1222,789,,360995.40137098497,6956163.880265299,184859.1533203125,145.66930400077538,144.33888276729405,95.66930400077537,94.33888276729407,65,1681,6.32455532034e-06,
1269,triangle,1148,1187,561,,363812.5872510846,6952324.31109636,116294.607421875,130.49231816616367,124.12712013476356,80.49231816616367,74.12712013476356,65,1681,6.32455532034e-06,
1270,triangle,521,1223,522,,366089.3072375737,6956387.712849259,45296.65966796875,60.208070638491776,52.088573256014634,10.208070638491778,2.0885732560146373,65,1681,6.3827036048875e-06,
1271,triangle,1144,1382,344,,357646.2263598985,6948713.997624736,10789.17333984375,67.67624083667764,67.44912638039831,17.67624083667763,17.449126380398308,12,1841,7.95270728767e-06,
1272,triangle,798,1065,1064,,360114.4268181251,6958845.073982049,557815.8642578125,104.51879863958075,102.95516975959985,54.51879863958075,52.95516975959985,12,1841,7.95270728767e-06,
1273,triangle,132,1245,1244,,357697.44348974404,6952997.168283877,29684.16455078125,52.459037863572064,52.75556922917398,2.4590378635720658,2.755569229173977,65,1681,6.32455532034e-06,
1274,triangle,685,1377,1164,,360300.613298119,6955202.411797666,184758.9296875,136.25060322728964,145.93432334693372,86.25060322728966,95.93432334693374,65,1681,6.32455532034e-06,
1275,triangle,770,1000,155,,357048.66071428574,6952063.244047619,18063.6162109375,61.88586001032871,55.00959111111297,11.885860010328717,5.0095911111129725,12,1841,7.95270728767e-06,
1276,triangle,772,1006,319,,358787.60940214625,6947531.591947801,18164.708984375,85.5158747418524,84.88362579839159,35.5158747418524,34.88362579839159,12,1841,7.95270728767e-06,
1277,triangle,520,1384,762,,354406.98501920863,6957542.559825596,247481.4130859375,159.3793800857745,135.60233585582048,109.37938008577453,85.60233585582047,65,1681,6.847889881267501e-06,
1278,triangle,724,1432,717,,366810.2786612212,6951685.278812173,496116.205078125,129.3884902595487,132.64678941011948,79.38849025954867,82.64678941011948,6,1721,1.189207115e-05,
1279,triangle,1123,1455,1232,,357967.8442542301,6956804.733292148,52067.623046875,134.50484957579116,136.99704024566043,84.50484957579116,86.99704024566044,65,1681,6.32455532034e-06,
1280,triangle,810,1379,702,,353364.60143179004,6955649.773664701,315618.20947265625,71.43714772156706,103.61706132367938,21.43714772156707,53.61706132367939,6,1721,1.189207115e-05,
1281,triangle,389,920,747,,360084.0289895252,6949537.162907913,17517.61767578125,63.14954039931691,61.309827281746884,13.149540399316908,11.309827281746882,12,1841,7.95270728767e-06,
1282,triangle,747,922,389,,360009.0289895252,6949562.162907913,11111.64013671875,66.11927778434745,62.60149426630499,16.119277784347446,12.601494266304988,12,1841,7.95270728767e-06,
1283,triangle,712,973,740,,358805.9270116733,6946644.297290706,49352.71044921875,114.96301153625369,108.18692674733514,64.96301153625369,58.18692674733514,12,1841,7.95270728767e-06,
1284,triangle,1423,1424,1115,,367357.6992990547,6955202.389218095,213505.7353515625,170.84220936619218,164.81115832805384,120.84220936619215,114.81115832805385,65,1681,6.32455532034e-06,
1285,triangle,568,1419,567,,366849.6176916235,6952689.930316468,46268.6640625,130.93346348405294,128.95000341285368,80.93346348405295,78.95000341285368,6,1721,1.189207115e-05,
1286,triangle,1126,1315,778,,362891.02315310895,6949660.338113052,106522.791015625,116.38089423405651,111.01140653081302,66.38089423405651,61.01140653081302,65,1681,6.32455532034e-06,
1287,triangle,1085,1173,794,,360442.31421926076,6947772.350042139,112035.0625,97.48223280326846,98.06855753219729,47.48223280326846,48.068557532197275,12,1841,7.95270728767e-06,
1288,triangle,1074,1218,806,,354300.96388880786,6956129.682278793,126715.0966796875,112.43885612324796,107.82039904205745,62.43885612324796,57.82039904205743,6,1721,1.189207115e-05,
1289,triangle,1346,1461,1082,,355701.2022525594,6947082.118325214,128200.21044921875,75.89055820233347,72.80574547451049,25.89055820233345,22.80574547451049,12,1841,7.95270728767e-06,
1290,triangle,1340,1458,1038,,354385.0155313555,6954257.461889785,142803.4775390625,100.94838771919305,107.74631605430295,50.94838771919306,57.74631605430295,6,1721,1.189207115e-05,
1291,triangle,726,1067,695,,362409.11150160764,6955564.842658263,45061.21044921875,54.076765793263505,55.077702988601494,4.076765793263509,5.077702988601502,65,1681,6.789741596720001e-06,
1292,triangle,757,1187,1148,,363528.91026036703,6952412.11996622,113259.79296875,140.97533668496501,130.1570859401769,90.97533668496501,80.15708594017691,65,1681,6.32455532034e-06,
1293,triangle,1197,1314,953,,355588.3659671273,6951416.4211431565,34464.12939453125,69.41598221520093,70.4715123727067,19.415982215200927,20.47151237270669,65,1681,6.32455532034e-06,
1294,triangle,1001,1149,187,,356441.4203930165,6956682.278065958,22366.49462890625,106.64839573902064,106.4598497046163,56.64839573902065,56.45984970461629,6,1721,1.189207115e-05,
1295,triangle,1050,1427,1407,,365312.93790539354,6953019.018269102,71010.8662109375,134.7806374978676,144.57501115254396,84.78063749786757,94.57501115254398,65,1681,6.32455532034e-06,
1296,triangle,698,1144,688,,357518.97239558055,6948998.000150953,59433.728515625,75.91126508480984,75.8735386051359,25.91126508480984,25.873538605135902,12,1841,7.95270728767e-06,
1297,triangle,155,885,770,,357125.0,6952100.0,14062.5,60.87777667575412,54.725000063578285,10.877776675754122,4.725000063578288,12,1841,7.95270728767e-06,
1298,triangle,319,895,772,,358748.132713916,6947614.561673191,16986.955078125,84.42563034883243,84.23593653685165,34.42563034883243,34.23593653685165,12,1841,7.95270728767e-06,
1299,triangle,1246,1427,1050,,365575.1034329329,6953155.76642172,100671.2529296875,139.81510662566578,150.6684386535584,89.81510662566579,100.66843865355843,65,1681,6.32455532034e-06,
1300,triangle,906,1382,1144,,357719.8108791886,6948762.081624008,10819.5361328125,72.31129909515411,70.50780023829127,22.311299095154116,20.507800238291264,12,1841,7.95270728767e-06,
1301,triangle,474,1329,473,,358352.467178293,6956702.467178293,7882.384765625,127.71878520453029,128.30578777527788,77.71878520453029,78.30578777527789,65,1681,6.32455532034e-06,
1302,triangle,959,1210,501,,355798.5823384455,6950598.367103281,111807.521484375,129.40902480950902,110.83688816926319,79.40902480950903,60.836888169263176,65,1681,6.32455532034e-06,
1303,triangle,705,905,780,,358083.9285714286,6948412.5,42589.28564453125,70.97857066563213,72.40714236668181,20.97857066563214,22.4071423666818,12,1841,7.95270728767e-06,
1304,triangle,756,1248,1068,,357218.0308814005,6957134.277882346,70258.93212890625,120.64178885895767,131.45400484461993,70.64178885895767,81.45400484461994,65,1681,6.32455532034e-06,
1305,triangle,333,830,332,,358506.5308136412,6948583.288377193,7292.1591796875,69.21136080605628,69.32290968239148,19.211360806056266,19.322909682391487,12,1841,7.95270728767e-06,
1306,triangle,614,1342,75,,364100.29470445984,6954181.17143573,21338.09619140625,92.97430904357697,92.42706713594036,42.974309043576966,42.42706713594035,65,1681,6.32455532034e-06,
1307,triangle,1213,1252,643,,358787.2413630484,6946161.416978846,44949.3330078125,110.28064171847045,106.6996704355621,60.280641718470456,56.6996704355621,12,1841,7.95270728767e-06,
1308,triangle,493,1251,821,,358710.09791493934,6945377.972244453,94364.6669921875,115.67025685890765,118.79749193227339,65.67025685890763,68.79749193227339,18,2041,4.30886938006e-06,
1309,triangle,972,1216,720,,359407.94797230343,6947392.74276662,74184.97412109375,102.61315650916221,99.09853508014005,52.61315650916221,49.09853508014006,12,1841,7.95270728767e-06,
1310,triangle,911,913,729,,356725.1252781043,6948017.758716491,25141.99658203125,63.59758228069092,62.76747614610563,13.597582280690927,12.767476146105627,12,1841,7.95270728767e-06,
1311,triangle,769,880,649,,363500.8665783323,6955868.496355523,35958.8759765625,49.318631886184654,45.233196971088866,-0.6813681138153518,-4.766803028911133,12,1841,7.95270728767e-06,
1312,triangle,353,1349,354,,356887.9009448353,6948332.214214957,4813.4013671875,59.42813425059433,59.5479260481217,9.428134250594333,9.547926048121708,12,1841,7.95270728767e-06,
1313,triangle,358,1350,357,,356585.510319528,6948574.943176139,5618.607421875,57.83916546877834,58.42379509578651,7.839165468778342,8.423795095786515,12,1841,7.95270728767e-06,
1314,triangle,450,1351,415,,359066.26471228077,6951566.349463861,4651.81494140625,41.526578982433605,41.56055339617638,-8.473421017566393,-8.439446603823624,12,1841,7.95270728767e-06,
1315,triangle,416,1352,417,,361087.5,6948700.78125,5537.109375,72.89531254768372,73.0567733446757,22.895312547683716,23.0567733446757,12,1841,7.95270728767e-06,
1316,triangle,1258,1466,621,,359972.39004445454,6953681.614987116,43954.07861328125,63.93655662978405,62.91528526721374,13.936556629784047,12.915285267213738,65,1681,6.32455532034e-06,
1317,triangle,1156,1285,754,,356791.87404589873,6959380.2149164975,319402.11328125,118.49335345012886,126.04045089255855,68.49335345012884,76.04045089255855,12,1841,7.95270728767e-06,
1318,triangle,704,1175,948,,359554.21626984124,6956630.009920634,32729.259765625,124.68661529085985,121.60826899549193,74.68661529085986,71.60826899549194,65,1681,6.32455532034e-06,
1319,triangle,717,1226,872,,368384.4304081635,6952158.163099077,720966.45703125,142.2376885472537,135.32273651695195,92.23768854725367,85.32273651695196,6,1721,1.0500192192585e-05,
1320,triangle,986,1415,795,,362497.5285610521,6959179.878043688,859939.2236328125,64.87476202714402,69.64416298190953,14.874762027144017,19.644162981909524,12,1841,8.172060078276786e-06,
1321,triangle,415,1351,958,,359160.01471228077,6951610.099463861,14512.25048828125,42.78644310695754,45.498053714067815,-7.213556893042462,-4.501946285932186,12,1841,7.95270728767e-06,
1322,triangle,37,846,36,,360141.0714285714,6952958.928571428,6428.5712890625,31.859410321633895,32.94727854177947,-18.140589678366105,-17.05272145822053,12,1841,7.95270728767e-06,
1323,triangle,1097,1261,801,,355001.2725668799,6958775.318546374,458577.29443359375,137.48024562270194,138.4244271432185,87.48024562270193,88.42442714321851,12,1841,7.95270728767e-06,
1324,triangle,398,1202,399,,359516.8884025645,6950288.230318499,3725.0546875,55.290952026505465,55.40258796710042,5.290952026505464,5.402587967100421,12,1841,7.95270728767e-06,
1325,triangle,206,1264,205,,355911.6719167076,6955318.568407651,4311.90966796875,82.01311981209203,81.92338792642595,32.013119812092036,31.923387926425946,6,1721,1.189207115e-05,
1326,triangle,845,1166,708,,363098.94603145897,6951760.187648781,123276.57080078125,103.09154369786228,107.85229765067233,53.091543697862285,57.852297650672334,65,1681,6.32455532034e-06,
1327,triangle,974,1093,723,,364702.1006250689,6956169.755361461,36119.0,17.691522807840954,26.018127668336504,-32.308477192159046,-23.981872331663496,12,1841,7.95270728767e-06,
1328,triangle,703,1310,1142,,357746.34904587455,6952045.445446398,64603.68505859375,54.646163613760734,57.07298588630402,4.646163613760735,7.072985886304015,12,1841,7.95270728767e-06,
1329,triangle,350,1178,907,,357146.69286135264,6948355.808606836,14920.396484375,60.3207452840507,60.964210421871634,10.320745284050691,10.964210421871636,12,1841,7.95270728767e-06,
1330,triangle,1038,1458,1205,,354446.3149364609,6953924.352757397,131063.6845703125,109.37434921313405,107.68407034086493,59.37434921313405,57.684070340864935,6,1721,1.189207115e-05,
1331,triangle,1205,1458,765,,354739.46929953125,6953817.835354437,160975.8701171875,103.35633729337027,104.32966171479552,53.356337293370274,54.32966171479552,6,1721,1.189207115e-05,
1332,triangle,512,1313,1233,,360343.6138543575,6957502.300899357,136141.78271484375,120.09296235388021,121.95762441864467,70.09296235388021,71.95762441864467,12,1841,7.95270728767e-06,
1333,triangle,907,1178,699,,357159.19286135264,6948193.308606836,35776.49169921875,64.24937360655443,66.04754375520497,14.249373606554416,16.04754375520497,12,1841,7.95270728767e-06,
1334,triangle,1185,1403,441,,359710.16811653547,6950666.694247692,13034.869140625,63.23151120371337,59.52852159104511,13.23151120371337,9.528521591045111,12,1841,7.95270728767e-06,
1335,triangle,870,1316,782,,365757.35917085485,6958076.432203259,554375.4931640625,15.375178572599868,40.65393554739645,-34.624821427400136,-9.346064452603544,12,1841,1.4820274363991074e-05,
1336,triangle,500,1280,647,,355505.4498206079,6950048.225387049,77455.01416015625,124.110029410735,116.94283451815585,74.11002941073501,66.94283451815586,65,1681,6.32455532034e-06,
1337,triangle,1254,1400,842,,353069.7439253007,6958889.026578732,1058129.02734375,177.05391376233152,159.2441810912421,127.05391376233149,109.24418109124208,12,1841,7.95270728767e-06,
1338,triangle,1198,1421,731,,355866.7362368403,6954562.977440778,21161.5380859375,90.07466039746532,88.41914138678881,40.07466039746534,38.41914138678882,6,1721,1.189207115e-05,
1339,triangle,1216,1446,681,,359387.6812852227,6947854.344709332,107714.7109375,98.49961558962579,98.61566860626658,48.49961558962579,48.61566860626658,12,1841,7.95270728767e-06,
1340,triangle,1048,1271,663,,361012.41895101866,6946771.213742133,272363.6943359375,101.74741216878614,96.68901586011617,51.74741216878615,46.68901586011617,52,1561,1.189207115e-05,
1341,triangle,505,1210,959,,355674.91673148255,6950851.702662792,92934.48486328125,100.6016460808267,104.78970244598473,50.60164608082669,54.789702445984716,65,1681,6.32455532034e-06,
1342,triangle,536,1183,535,,363075.2676681043,6948415.370825541,1213.52880859375,100.85740122960232,103.23100587613003,50.8574012296023,53.23100587613002,12,1841,7.95270728767e-06,
1343,triangle,708,1166,1041,,363096.288607608,6951506.41605595,122012.44921875,113.0910666820199,112.10326579289585,63.0910666820199,62.103265792895854,65,1681,6.32455532034e-06,
1344,triangle,1053,1389,1101,,356361.2415099363,6947530.050284111,50177.4462890625,65.37460035804921,66.91819074558079,15.374600358049207,16.918190745580805,12,1841,7.95270728767e-06,
1345,triangle,754,1285,1045,,356605.3925506275,6958943.371178366,176645.66748046875,135.98944424674767,141.21522392092754,85.98944424674768,91.21522392092754,12,1841,7.95270728767e-06,
1346,triangle,837,1048,538,,361829.19761465257,6947261.339098272,466833.9033203125,91.11090373890642,97.34080246361525,41.110903738906416,47.34080246361526,52,1561,1.189207115e-05,
1347,triangle,1050,1397,701,,365091.9226341713,6953576.562548149,141487.7666015625,142.67489726849004,139.83123734987808,92.67489726849004,89.83123734987805,65,1681,6.32455532034e-06,
1348,triangle,856,1174,1141,,364503.21485078713,6954189.007738917,50070.8408203125,86.69826868132806,99.63927363881662,36.69826868132806,49.63927363881661,65,1681,6.32455532034e-06,
1349,triangle,728,1262,989,,358291.7410873918,6952414.616511344,19383.32421875,55.29877218539784,52.88570702725051,5.298772185397848,2.885707027250509,12,1841,7.95270728767e-06,
1350,triangle,809,1467,498,,353838.93832930987,6949287.544422568,187096.693359375,120.65866818686024,106.69081628002992,70.65866818686024,56.690816280029914,65,1681,6.32455532034e-06,
1351,triangle,711,1425,747,,359913.46909077343,6949230.009466312,85784.8876953125,70.32849666326,79.44955910855226,20.328496663259997,29.44955910855227,12,1841,7.95270728767e-06,
1352,triangle,1239,1299,654,,357979.31562219776,6958653.824384308,134192.0751953125,147.72494422013514,139.65729646477857,97.72494422013514,89.65729646477858,12,1841,7.95270728767e-06,
1353,triangle,1080,1180,779,,353408.5051252856,6951925.081808373,216928.658203125,89.01002566773786,94.87988148690874,39.010025667737864,44.87988148690874,65,1681,6.921074873517858e-06,
1354,triangle,801,1441,754,,355553.8653837482,6959673.934355316,707942.0029296875,147.46266875650966,151.7278027626191,97.46266875650963,101.7278027626191,12,1841,7.95270728767e-06,
1355,triangle,864,1139,1063,,354525.9669435383,6947448.63262913,668562.7568359375,68.30923710862608,62.07907839968689,18.30923710862607,12.079078399686898,12,1841,7.95270728767e-06,
1356,triangle,697,1225,738,,355684.6063781087,6956297.405597336,70363.29736328125,97.45623101264715,98.34998101470019,47.456231012647144,48.3499810147002,6,1721,1.189207115e-05,
1357,triangle,1323,1332,963,,354241.3464711627,6951461.18157171,141667.74169921875,116.74878427844905,107.87397201482203,66.74878427844905,57.87397201482204,65,1681,6.32455532034e-06,
1358,triangle,1078,1095,810,,352818.16021900094,6956460.478609637,588222.53515625,100.7988271330282,119.46899982673527,50.798827133028205,69.46899982673527,6,1721,1.189207115e-05,
1359,triangle,84,1334,83,,364561.9688646837,6955791.023408577,5961.630859375,35.42691522992472,35.23610499008357,-14.573084770075285,-14.763895009916434,12,1841,7.95270728767e-06,
1360,triangle,637,1287,1112,,358278.48550931434,6954547.566217852,57026.21875,105.27558779161382,106.1761932740903,55.275587791613816,56.1761932740903,65,1681,6.32455532034e-06,
1361,triangle,531,1279,954,,362231.3291957265,6948593.275064573,76217.97265625,124.78762316153544,118.1471623515195,74.78762316153542,68.1471623515195,12,1841,7.95270728767e-06,
1362,triangle,647,1280,959,,355504.04953280714,6950308.689078644,100555.248046875,133.70321979146757,126.00778484917446,83.70321979146756,76.00778484917446,65,1681,6.32455532034e-06,
1363,triangle,740,1252,712,,358799.08019261755,6946487.676599756,52574.02001953125,108.47005700020787,107.94301996131115,58.47005700020787,57.94301996131116,12,1841,7.95270728767e-06,
1364,triangle,33,1304,32,,359808.92638139316,6952845.589319285,3308.70166015625,33.4505115600187,33.7009022187225,-16.549488439981303,-16.2990977812775,12,1841,7.95270728767e-06,
1365,triangle,799,1243,1116,,360791.2779663874,6949308.733085065,22175.79638671875,81.84505553092967,81.14749196411542,31.845055530929656,31.147491964115428,12,1841,7.95270728767e-06,
1366,triangle,1237,1238,617,,361731.43923658825,6955397.426302235,38024.5263671875,68.72069659543519,67.5924539721705,18.720696595435186,17.5924539721705,65,1681,6.32455532034e-06,
1367,triangle,1053,1101,855,,356476.7748351754,6947334.7600016715,114934.0712890625,72.68120933545099,74.38862474203648,22.681209335450987,24.38862474203648,12,1841,7.95270728767e-06,
1368,triangle,540,1343,663,,360606.3879254809,6947098.627621862,79237.9599609375,116.7846711656461,110.5051160885301,66.7846711656461,60.50511608853011,12,1841,7.95270728767e-06,
1369,triangle,1080,1332,1323,,353991.7604990395,6951681.858194016,136246.72265625,105.81546243399355,103.54752276157899,55.81546243399354,53.54752276157898,65,1681,6.32455532034e-06,
1370,triangle,330,1201,780,,358325.98485743045,6948373.463547453,17140.93212890625,73.6138144708704,73.22066254729147,23.61381447087038,23.220662547291465,12,1841,7.95270728767e-06,
1371,triangle,1153,1451,782,,365864.4847554246,6959288.885355602,1077423.54296875,5.544862575573663,7.976481320871512,-44.45513742442633,-3377.682345786085,23,2151,1.7161142272441075e-05,
1372,triangle,158,886,763,,357377.2667638484,6952271.319241982,16586.77978515625,54.04199361005125,47.04830063758423,4.04199361005125,-2.9516993624157686,12,1841,7.95270728767e-06,
1373,triangle,207,891,764,,355933.7243019847,6955109.872359705,19245.39453125,83.91485183433078,82.91290661669684,33.914851834330776,32.91290661669684,6,1721,1.189207115e-05,
1374,triangle,660,1242,931,,361752.4210258233,6949363.252659403,40246.2294921875,88.33799866993584,89.95838744358913,38.33799866993586,39.95838744358914,12,1841,7.95270728767e-06,
1375,triangle,867,1232,1049,,357980.39902990166,6957165.161707625,78657.42822265625,146.06658345953036,144.21633932271007,96.06658345953038,94.21633932271008,65,1681,6.32455532034e-06,
1376,triangle,639,1442,451,,359040.69755041803,6955703.050001164,9718.51708984375,90.84294615414832,91.44987784213248,40.842946154148315,41.44987784213248,65,1681,6.32455532034e-06,
1377,triangle,945,970,180,,358819.9589264076,6956363.527545728,20472.76611328125,130.25751641874234,128.43602254965037,80.25751641874234,78.43602254965036,65,1681,6.32455532034e-06,
1378,triangle,537,837,662,,362319.8072231585,6947739.314543351,155940.953125,99.4345194815053,105.89580260069762,49.43451948150529,55.895802600697635,52,1561,1.189207115e-05,
1379,triangle,787,1259,807,,356862.7465611719,6951297.390804903,64053.15283203125,45.76180349456466,60.529359796640136,-4.238196505435345,10.529359796640135,12,1841,7.95270728767e-06,
1380,triangle,705,1195,905,,357947.01554102,6948408.216094029,34355.4453125,70.35224177480919,71.38934873953367,20.352241774809183,21.389348739533673,12,1841,7.95270728767e-06,
1381,triangle,535,1035,956,,363502.9830582678,6948529.694449256,174088.25146484375,71.57264787491933,86.63310132999437,21.57264787491932,36.63310132999439,6,1721,1.0485155484882145e-05,
1382,triangle,498,1327,1139,,354126.5373504393,6948503.229100555,194586.578125,85.87656579656765,89.83766194500275,35.87656579656765,39.837661945002736,12,1841,7.95270728767e-06,
1383,triangle,853,986,795,,362894.9826055062,6958525.7585693905,536941.7255859375,87.74511831710606,75.42416252454451,37.74511831710606,25.42416252454451,12,1841,7.95270728767e-06,
1384,triangle,530,1140,857,,361466.19707265514,6948296.488095432,100108.1484375,99.89070983340845,97.77496268978733,49.890709833408465,47.77496268978732,12,1841,7.95270728767e-06,
1385,triangle,1150,1367,184,,356710.095366946,6956919.401845944,14088.94921875,122.21941807253144,121.15110812847077,72.21941807253144,71.15110812847077,65,1681,6.523395171399286e-06,
1386,triangle,784,1229,1228,,360561.13696798467,6954078.653919787,60475.357421875,85.81627440337178,86.82980815828721,35.816274403371764,36.829808158287214,65,1681,6.32455532034e-06,
1387,triangle,452,1442,1111,,359168.269438671,6955707.38045986,6174.39892578125,84.32042896874668,84.29254055734991,34.32042896874668,34.292540557349916,65,1681,6.32455532034e-06,
1388,triangle,803,1199,1010,,360479.0197959033,6948923.151118246,22272.46484375,69.51372025099946,70.48862310963422,19.51372025099946,20.48862310963423,12,1841,7.95270728767e-06,
1389,triangle,764,1172,839,,355586.2515551488,6955190.431721055,62094.18359375,91.79541867972658,90.00347437112448,41.79541867972657,40.00347437112449,6,1721,1.189207115e-05,
1390,triangle,644,1154,645,,359275.46018986794,6945819.432790338,52336.4365234375,120.65183530909482,120.86799220164683,70.65183530909482,70.86799220164683,12,1841,7.0417478107675e-06,
1391,triangle,1049,1248,756,,357440.4605081983,6957150.011230997,109021.24072265625,127.86803979628993,138.8664446790209,77.86803979628992,88.86644467902094,65,1681,6.32455532034e-06,
1392,triangle,785,1196,64,,361532.11101864773,6951774.944860376,14470.1728515625,74.69282781378752,76.50118588781724,24.69282781378753,26.50118588781724,12,1841,7.95270728767e-06,
1393,triangle,550,1225,668,,355510.9670325192,6956715.831719965,89885.7236328125,105.41962834006924,111.58649504433022,55.41962834006924,61.58649504433023,6,1721,1.1693231298940716e-05,
1394,triangle,645,1206,644,,359110.8503250874,6945783.419327505,45330.12060546875,123.29301342592223,121.97993034409166,73.29301342592221,71.97993034409167,18,2041,4.30886938006e-06,
1395,triangle,906,1144,698,,357723.5845192901,6948893.2763069635,25831.0,75.16336334367102,74.22213588541867,25.163363343671016,24.22213588541867,12,1841,7.95270728767e-06,
1396,triangle,346,1369,347,,357412.2060713931,6948410.175537407,4480.251953125,61.464612728568994,61.348485873082346,11.46461272856899,11.348485873082351,12,1841,7.95270728767e-06,
1397,triangle,1394,1415,986,,361774.0435411546,6959000.295618025,816025.716796875,63.0100492581786,74.64405478391377,13.010049258178597,24.64405478391377,12,1841,8.172060078276786e-06,
1398,triangle,1238,1456,122,,361980.21497371834,6955457.004221504,23221.884765625,49.80492966191418,51.87973915017435,-0.1950703380858183,1.8797391501743566,65,1681,6.32455532034e-06,
1399,triangle,1249,1327,499,,354571.4637581228,6948954.61276904,148623.92626953125,107.61815850400006,104.3512081318094,57.618158504000064,54.35120813180939,12,1841,7.95270728767e-06,
1400,triangle,402,1193,1016,,359470.52219229843,6950552.652748083,12964.2294921875,59.99221391524881,55.74623977564047,9.992213915248815,5.746239775640468,12,1841,7.95270728767e-06,
1401,triangle,991,1194,20,,358862.8641339837,6952650.523378081,12012.99658203125,35.538744198992255,36.67125833044063,-14.46125580100774,-13.328741669559372,12,1841,7.95270728767e-06,
1402,triangle,17,1194,990,,358656.9541594474,6952661.582049337,8642.2060546875,40.32013798102616,39.63580724188933,-9.679862018973846,-10.364192758110672,12,1841,7.95270728767e-06,
1403,triangle,342,1195,1007,,357739.45790815883,6948522.43958595,10912.615234375,65.30675634990132,65.97233761581238,15.306756349901322,15.97233761581238,12,1841,7.95270728767e-06,
1404,triangle,832,1361,1159,,358084.2033742992,6950876.949150973,72957.71240234375,76.58804823113556,75.74120002009818,26.588048231135556,25.74120002009818,12,1841,7.95270728767e-06,
1405,triangle,1022,1242,714,,361444.02229721466,6949149.834303628,50619.154296875,89.29752065586197,86.18930421196217,39.29752065586197,36.189304211962146,12,1841,7.95270728767e-06,
1406,triangle,1189,1452,1031,,356827.6615869898,6950227.746162427,116345.94580078125,50.46135059948855,68.55150886320816,0.46135059948854995,18.55150886320817,12,1841,7.95270728767e-06,
1407,triangle,1017,1185,404,,359586.1408203699,6950785.712548376,14936.794921875,52.325021807563544,54.3568562457302,2.3250218075635414,4.356856245730202,12,1841,7.95270728767e-06,
1408,triangle,884,982,149,,356859.375,6951773.958333333,16054.6875,62.22847183545037,58.05468693044451,12.228471835450375,8.054686930444506,12,1841,7.95270728767e-06,
1409,triangle,922,983,391,,359868.75,6949643.75,14062.5,61.72708296775822,62.19375038146973,11.727082967758225,12.193750381469727,12,1841,7.95270728767e-06,
1410,triangle,414,958,929,,359261.5480655097,6951504.9877350135,15950.09765625,50.40842736495142,47.285935261596336,0.40842736495142,-2.7140647384036662,12,1841,7.95270728767e-06,
1411,triangle,433,1106,1021,,361241.1210686871,6949502.307457902,12387.595703125,83.29806039668586,81.99851532749925,33.29806039668586,31.998515327499245,12,1841,7.95270728767e-06,
1412,triangle,448,984,934,,358835.4738709472,6951542.943708827,17092.9716796875,51.31993005417462,48.63431395709021,1.3199300541746175,-1.3656860429097895,12,1841,7.95270728767e-06,
1413,triangle,1058,1321,704,,359413.7169656308,6956888.218399671,68311.0537109375,142.31045555472477,139.00987779929102,92.31045555472475,89.009877799291,65,1681,6.32455532034e-06,
1414,triangle,713,1366,983,,359621.94228151167,6949698.075933586,22649.3427734375,73.36027250525295,70.79455349265025,23.360272505252954,20.794553492650255,12,1841,7.95270728767e-06,
1415,triangle,1086,1318,790,,364025.06409258815,6956438.826134724,75741.1259765625,67.05622971438443,73.50044295438313,17.056229714384425,23.500442954383136,12,1841,7.95270728767e-06,
1416,triangle,1160,1283,1064,,359446.8972127942,6958254.980305606,200795.6064453125,130.87416800985682,130.03947329449898,80.87416800985682,80.03947329449899,12,1841,7.95270728767e-06,
1417,triangle,461,939,788,,359817.01388888893,6956364.236111111,8476.5625,104.04821889552633,103.52401813998983,54.04821889552635,53.524018139989835,65,1681,6.32455532034e-06,
1418,triangle,440,1403,439,,359763.08433695225,6950546.872261602,6745.1171875,57.71059144818886,59.33771043506736,7.710591448188863,9.337710435067356,12,1841,7.95270728767e-06,
1419,triangle,847,1257,771,,358613.4413151672,6947161.046700687,21679.5458984375,107.2738785699784,101.08854446531036,57.2738785699784,51.08854446531037,12,1841,7.95270728767e-06,
1420,triangle,1065,1313,1160,,360020.03575372713,6957931.323944154,158299.0625,120.26210299651592,125.32970642247672,70.26210299651592,75.32970642247675,12,1841,7.95270728767e-06,
1421,triangle,778,1459,1126,,363015.8982032465,6949918.003173764,134278.7158203125,125.57759222410702,116.60993524525738,75.57759222410702,66.60993524525739,65,1681,6.32455532034e-06,
1422,triangle,731,1390,1170,,355786.2616562508,6954209.24038402,53914.32568359375,87.99919920173976,86.72151948251049,37.99919920173975,36.72151948251051,6,1721,1.189207115e-05,
1423,triangle,780,905,337,,358125.0,6948575.0,16875.0,69.93333180745445,68.89166768391927,19.933331807454447,18.89166768391927,12,1841,7.95270728767e-06,
1424,triangle,1131,1399,52,,360555.20239948895,6952221.354315002,19298.10498046875,54.518118118066965,51.936397745089096,4.518118118066962,1.9363977450890968,12,1841,7.95270728767e-06,
1425,triangle,965,1277,1276,,355853.11115331674,6951978.709253207,50096.2080078125,91.2890810720637,91.27260252697526,41.289081072063695,41.27260252697528,65,1681,6.32455532034e-06,
1426,triangle,647,1305,500,,355663.6559335214,6949841.521434621,65542.85205078125,94.9736764399083,99.60987914739759,44.973676439908296,49.609879147397606,12,1841,7.836410718575001e-06,
1427,triangle,689,1408,775,,359107.36880466476,6950575.047896709,43086.9580078125,70.73965069412534,74.90090107550532,20.739650694125338,24.900901075505327,12,1841,7.95270728767e-06,
1428,triangle,139,1077,960,,356024.43974883395,6951359.303095746,16445.3916015625,69.34550692201191,69.51262274767959,19.3455069220119,19.512622747679586,12,1841,7.95270728767e-06,
1429,triangle,816,1303,828,,359623.9866896342,6952682.840409185,21618.9296875,42.84634577998368,41.81526062037615,-7.153654220016317,-8.184739379623847,12,1841,7.95270728767e-06,
1430,triangle,1187,1333,561,,364057.4637190476,6952514.749064726,123638.6943359375,133.75847501792586,129.3939934207922,83.75847501792585,79.3939934207922,65,1681,6.32455532034e-06,
1431,triangle,677,1302,1253,,360370.3208766699,6951041.321047711,114588.0,87.64352272689183,78.7830499233571,37.64352272689183,28.783049923357098,12,1841,7.95270728767e-06,
1432,triangle,560,1029,804,,364355.5526746968,6951329.848487518,261628.13818359375,79.67221642998672,87.34232602248126,29.67221642998672,37.34232602248127,12,1841,7.836410718575001e-06,
1433,triangle,1254,1464,579,,352390.6533253047,6960440.662227566,994847.7841796875,123.34667608508657,143.25036079935367,73.34667608508657,93.25036079935369,12,1841,7.95270728767e-06,
1434,triangle,865,1364,702,,353038.99840836413,6954654.671112366,432579.615234375,106.76006977967141,88.86484489680663,56.760069779671404,38.86484489680663,6,1721,1.189207115e-05,
1435,triangle,1122,1449,1296,,363025.81223365845,6952933.476353849,32305.197265625,81.76129354113398,83.48981895817688,31.761293541133973,33.48981895817689,65,1681,6.32455532034e-06,
1436,triangle,1001,1435,955,,356201.38590009115,6956597.312558885,18087.892578125,103.31503497634404,103.44429083439985,53.31503497634403,53.444290834399844,6,1721,1.189207115e-05,
1437,triangle,641,1455,1123,,357917.99014784844,6956635.263848621,44009.33203125,140.02368092370892,142.36993975084994,90.02368092370891,92.36993975084995,65,1681,6.32455532034e-06,
1438,triangle,954,1059,537,,362463.4926385332,6948249.8750204155,79249.3271484375,120.62669463260579,121.45744460604192,70.62669463260579,71.45744460604192,12,1841,7.95270728767e-06,
1439,triangle,807,1259,503,,356624.76956327475,6951252.650249153,47072.45361328125,56.988808065448595,61.96450207624971,6.988808065448594,11.964502076249708,12,1841,7.95270728767e-06,
1440,triangle,502,1445,1189,,356459.5538503479,6950684.152796265,73909.197265625,79.55755960342724,75.92401280310371,29.55755960342725,25.92401280310371,12,1841,7.95270728767e-06,
1441,triangle,129,1429,618,,361050.07077213464,6953857.338254258,25800.53515625,33.0311064407096,33.95298873267341,-16.968893559290397,-16.047011267326592,65,1681,6.4408518894350004e-06,
1442,triangle,177,1385,1338,,358783.1446905459,6954976.425443247,35354.3359375,125.1237580655994,122.66142966088974,75.1237580655994,72.66142966088974,65,1681,6.32455532034e-06,
1443,triangle,1034,1187,1079,,363688.49445349415,6952935.969449215,119512.4619140625,108.48603162731602,109.91631135566263,58.48603162731602,59.91631135566261,65,1681,6.32455532034e-06,
1444,triangle,728,989,766,,358415.0386669536,6952430.714315191,39838.806640625,55.56361651724295,54.206371872638044,5.563616517242945,4.206371872638049,12,1841,7.95270728767e-06,
1445,triangle,794,1135,1085,,360193.2870732436,6947896.929405467,100297.1201171875,85.55929784258723,91.10161347945147,35.559297842587235,41.10161347945145,12,1841,7.95270728767e-06,
1446,triangle,780,1201,705,,358184.913428859,6948310.963547453,38754.28857421875,75.38139517999099,75.26947259789254,25.38139517999099,25.26947259789254,12,1841,7.95270728767e-06,
1447,triangle,51,1399,50,,360529.00655550696,6952354.006555508,7536.02490234375,42.89762132089973,44.0020617722161,-7.10237867910027,-5.997938227783898,12,1841,7.95270728767e-06,
1448,triangle,638,1287,637,,358325.3164199786,6954732.522465994,35732.56494140625,117.59454625043018,115.14565288163703,67.59454625043018,65.14565288163703,65,1681,6.523395171399286e-06,
1449,triangle,1244,1250,626,,357951.762741369,6953089.512829092,38561.08447265625,64.63127228236525,62.6997849393637,14.631272282365252,12.699784939363711,65,1681,6.32455532034e-06,
1450,triangle,503,999,807,,356495.83269680454,6951366.781870212,39259.283203125,69.04069608895892,67.03593792681049,19.040696088958917,17.035937926810483,12,1841,7.95270728767e-06,
1451,triangle,656,1284,657,,365278.9327205151,6955692.480426838,37271.26025390625,85.8776634498185,82.36811597968587,35.87766344981849,32.36811597968586,65,1681,6.3827036048875e-06,
1452,triangle,949,1002,220,,356267.70227584365,6954332.665872167,14644.62158203125,80.3712692532167,78.21839947519514,30.371269253216703,28.218399475195145,6,1721,1.189207115e-05,
1453,triangle,968,1374,765,,355320.61402313696,6953424.081763254,135400.0400390625,116.13524386075535,115.90984428120429,66.13524386075537,65.90984428120427,65,1681,6.32455532034e-06,
1454,triangle,1189,1445,850,,356692.8567791252,6950672.988629066,80728.4453125,66.1838331188907,65.09115490668269,16.183833118890707,15.091154906682696,12,1841,7.95270728767e-06,
1455,triangle,1149,1150,186,,356557.78104533156,6956805.660345855,19493.376953125,118.36054101130465,115.12372314730983,68.36054101130463,65.12372314730982,6,1721,1.189207115e-05,
1456,triangle,706,1048,837,,362163.2032910222,6946553.059922755,860083.888671875,85.7720632306028,92.36311026777469,35.7720632306028,42.363110267774694,52,1561,1.189207115e-05,
1457,triangle,972,1278,772,,359038.2985421031,6947473.743515383,21547.73974609375,96.15962013527209,93.97670110364926,46.159620135272085,43.97670110364927,12,1841,7.95270728767e-06,
1458,triangle,809,1289,542,,353156.9080592525,6949409.049034334,206454.7001953125,103.60264802906485,105.92913493901631,53.602648029064845,55.9291349390163,65,1681,6.32455532034e-06,
1459,triangle,631,1277,630,,356142.87753572734,6951862.478595802,45903.12451171875,82.80563456099807,80.54968430317363,32.805634560998065,30.54968430317364,65,1681,6.4408518894350004e-06,
1460,triangle,172,1378,171,,356597.2543453741,6953962.5,5316.1142578125,75.09017457790442,74.12581961169236,25.09017457790442,24.125819611692375,65,1681,6.32455532034e-06,
1461,triangle,564,804,565,,363731.0185119616,6951298.894959544,55880.88671875,80.70887107316304,85.50336393810232,30.708871073163042,35.50336393810231,12,1841,7.5456692958375e-06,
1462,triangle,1169,1393,977,,363853.8101877637,6949669.932331726,152350.41748046875,110.49416809270107,96.47354943051054,60.49416809270108,46.47354943051054,65,1681,6.3827036048875e-06,
1463,triangle,870,1129,521,,366179.36860903166,6957020.290398161,386982.3642578125,41.436553217000075,49.90665804619942,-8.563446782999929,-0.09334195380058692,65,1681,7.0804830194575e-06,
1464,triangle,835,1417,814,,356377.21142285987,6945921.559895999,689071.5498046875,63.44896132592102,84.30152205324003,13.448961325921015,34.301522053240056,12,1841,7.95270728767e-06,
1465,triangle,950,1217,660,,362116.759250476,6949347.428917409,58141.96875,98.70686870610668,97.24949978164857,48.706868706106675,47.249499781648574,65,1681,6.32455532034e-06,
1466,triangle,825,1026,940,,359699.3344680611,6955917.465063845,32284.71875,103.436760104787,102.59314090809362,53.43676010478701,52.59314090809361,65,1681,6.32455532034e-06,
1467,triangle,1055,1431,889,,355957.58928571426,6955964.285714286,12163.4345703125,87.88389982928759,88.1764394770682,37.88389982928759,38.17643947706819,6,1721,1.189207115e-05,
1468,triangle,931,1242,1020,,361612.0295379473,6949375.2022800995,25684.41796875,85.52057964946353,85.77405253492037,35.52057964946353,35.77405253492037,12,1841,7.95270728767e-06,
1469,triangle,141,1077,140,,356140.0364125466,6951408.317288145,4689.30517578125,65.16481976097673,64.71201339879194,15.164819760976728,14.712013398791939,12,1841,7.95270728767e-06,
1470,triangle,522,1223,1100,,366115.50051215035,6956161.157596978,87142.8251953125,78.1339516962818,80.63778390910012,28.133951696281798,30.63778390910014,65,1681,6.32455532034e-06,
1471,triangle,988,1190,703,,357958.0795441857,6952281.444814709,21349.00390625,54.88918646799521,52.72735912587738,4.889186467995214,2.7273591258773777,12,1841,7.95270728767e-06,
1472,triangle,1044,1324,512,,360324.79587387625,6956939.807307594,41114.69970703125,131.8570701051069,131.4767474666914,81.8570701051069,81.47674746669139,65,1681,6.32455532034e-06,
1473,triangle,691,1173,1085,,360640.0037835149,6947993.420139783,94036.6083984375,95.85911662859198,95.82117899289278,45.85911662859197,45.821178992892776,12,1841,7.95270728767e-06,
1474,triangle,519,1410,655,,355644.49835645227,6957851.633098483,88049.63720703125,157.78660202100411,154.3893216268389,107.7866020210041,104.3893216268389,65,1681,6.3827036048875e-06,
1475,triangle,925,927,812,,359469.8985683984,6951259.275927843,23159.94873046875,57.987602898388126,55.16716078529555,7.987602898388127,5.167160785295557,12,1841,7.95270728767e-06,
1476,triangle,927,929,812,,359418.5518157911,6951356.884709124,20661.298828125,53.11210575393377,51.52999799700799,3.1121057539337693,1.5299979970079878,12,1841,7.95270728767e-06,
1477,triangle,876,1399,1375,,360328.42895839916,6952400.849244748,38438.09375,52.13163972354025,49.10369456070435,2.131639723540254,-0.8963054392956535,12,1841,7.95270728767e-06,
1478,triangle,811,1223,1129,,366615.20401373337,6956454.783805477,216605.509765625,73.34340460502469,75.45362381456621,23.343404605024684,25.453623814566214,65,1681,6.32455532034e-06,
1479,triangle,826,1268,546,,352481.50388096523,6950592.010273804,287437.99462890625,80.16227783163872,95.33536001892742,30.162277831638725,45.33536001892744,6,1721,1.189207115e-05,
1480,triangle,794,1216,1135,,359924.52605368104,6947752.637534545,135283.6787109375,96.92577371682755,95.88545502755285,46.92577371682754,45.885455027552844,12,1841,7.95270728767e-06,
1481,triangle,819,1172,764,,355589.9313976927,6954977.474201995,73005.1796875,87.43285709985751,92.790775834559,37.432857099857515,42.79077583455901,6,1721,1.189207115e-05,
1482,triangle,485,1058,948,,359307.9031491315,6956632.456338619,16356.38525390625,113.99283514504867,115.2428382332062,63.99283514504867,65.24283823320617,65,1681,6.32455532034e-06,
1483,triangle,195,1055,888,,356012.5,6956125.0,13359.375,88.89999728732639,89.8249994913737,38.89999728732638,39.824999491373696,6,1721,1.189207115e-05,
1484,triangle,456,1057,938,,360138.39412753674,6956599.338372228,8862.97509765625,114.85846608985472,114.49763595028351,64.85846608985472,64.49763595028351,65,1681,6.32455532034e-06,
1485,triangle,962,1200,757,,362892.37266508193,6952406.626028554,123818.9892578125,125.09890986892214,118.55436778598614,75.09890986892214,68.55436778598614,65,1681,6.32455532034e-06,
1486,triangle,688,1335,698,,357421.86524822,6949214.501696803,108990.76171875,81.35673620568635,80.79305721770557,31.35673620568634,30.793057217705577,12,1841,7.95270728767e-06,
1487,triangle,561,1333,1118,,364319.7124127497,6952371.436804466,111362.79296875,127.3951278580914,127.78791998103577,77.3951278580914,77.78791998103577,65,1681,6.32455532034e-06,
1488,triangle,716,1025,928,,359028.9308929527,6951214.955683477,26504.2880859375,60.583728828769196,56.433820576099585,10.58372882876921,6.433820576099589,12,1841,7.95270728767e-06,
1489,triangle,983,1366,391,,359787.25433444534,6949689.756335086,16215.1689453125,66.14199083315731,63.335252110353984,16.141990833157323,13.335252110353986,12,1841,7.95270728767e-06,
1490,triangle,982,1365,149,,356813.5416666667,6951686.458333333,15351.5625,61.99569798179207,58.429166264004174,11.995697981792063,8.42916626400417,12,1841,7.95270728767e-06,
1491,triangle,632,1390,949,,356113.6554981484,6954192.214378846,23970.318359375,83.46270038885622,83.62871108067581,33.46270038885623,33.62871108067583,6,1721,1.189207115e-05,
1492,triangle,1233,1234,651,,361008.42113631364,6957527.201468647,258893.47998046875,117.8499742635162,115.95297275537673,67.8499742635162,65.95297275537673,12,1841,7.95270728767e-06,
1493,triangle,1094,1341,756,,357459.60553681944,6957701.443377159,122591.2177734375,156.69009103643685,159.74787244968218,106.69009103643685,109.74787244968218,65,1681,6.32455532034e-06,
1494,triangle,657,1212,656,,365181.7529061646,6955815.539243166,29797.578125,100.16955097767375,88.38952895846232,50.16955097767375,38.38952895846232,12,1841,7.72011414948e-06,
1495,triangle,1301,1302,696,,360258.1692967938,6950490.470869936,82904.20458984375,77.13601479879712,73.3670786912603,27.136014798797113,23.367078691260318,12,1841,7.95270728767e-06,
1496,triangle,911,1336,1101,,356713.75471527874,6947748.44896201,40675.83056640625,65.85432549010771,66.64067289048391,15.854325490107719,16.640672890483916,12,1841,7.95270728767e-06,
1497,triangle,720,1004,972,,359250.4557306503,6947212.92793969,46819.759765625,92.34053899989577,94.41671548634686,42.34053899989578,44.41671548634688,12,1841,7.95270728767e-06,
1498,triangle,894,1443,847,,358517.4516241769,6947342.4112668475,16745.5185546875,90.59407118558981,94.20029590159469,40.594071185589826,44.20029590159469,12,1841,7.95270728767e-06,
1499,triangle,800,866,859,,362037.4209052737,6951304.839166845,85361.1572265625,97.39988388070982,97.4406763136298,47.39988388070981,47.4406763136298,65,1681,6.32455532034e-06,
1500,triangle,546,1268,1171,,352251.7486339681,6951060.936681212,500773.880859375,87.43614106362335,76.01178803359728,37.43614106362335,26.0117880335973,65,1681,7.716434277755e-06,
1501,triangle,322,1355,323,,358453.5714285714,6947812.5,5223.21435546875,75.54762104579397,76.04761995587984,25.54762104579397,26.047619955879835,12,1841,7.95270728767e-06,
1502,triangle,325,1356,324,,358545.7058974821,6947966.638640304,5141.9130859375,78.3606665825451,77.73992727774068,28.36066658254509,27.739927277740673,12,1841,7.95270728767e-06,
1503,triangle,472,1357,454,,359371.4285714286,6955537.5,5223.21435546875,78.20475932530046,80.07618876865773,28.204759325300458,30.07618876865772,65,1681,6.32455532034e-06,
1504,triangle,349,1358,348,,357252.68402386736,6948486.917967697,4153.271484375,60.03188112753847,60.098449610480294,10.031881127538465,10.098449610480303,12,1841,7.95270728767e-06,
1505,triangle,482,1359,483,,359069.12844039797,6956584.347567902,3864.10107421875,111.32333926507567,112.14353683373706,61.323339265075674,62.143536833737066,65,1681,6.32455532034e-06,
1506,triangle,483,1360,482,,359060.65104877297,6956517.92916118,3607.9697265625,114.17989360005181,113.6942464741753,64.17989360005181,63.694246474175294,65,1681,6.32455532034e-06,
1507,triangle,1137,1260,844,,357592.05856941274,6953935.329433971,105552.3271484375,101.55571278959351,95.01368821571265,51.55571278959352,45.01368821571265,65,1681,6.32455532034e-06,
1508,triangle,357,1401,356,,356685.97271364584,6948516.2620611815,5876.412109375,57.787027111222194,57.95187898423089,7.7870271112221925,7.951878984230889,12,1841,7.95270728767e-06,
1509,triangle,375,1402,374,,360671.54443067714,6948767.339436551,6098.0615234375,65.91457365598932,66.93572005280156,15.914573655989315,16.93572005280156,12,1841,7.95270728767e-06,
1510,triangle,715,1446,742,,358931.73017388093,6947954.441302613,56209.205078125,87.60408938946647,90.58523075331136,37.604089389466466,40.585230753311365,12,1841,7.95270728767e-06,
1511,triangle,1332,1414,963,,354539.1642895664,6951552.3084773,145029.0029296875,114.31292084072248,102.38524606537452,64.31292084072248,52.385246065374524,65,1681,6.32455532034e-06,
1512,triangle,692,1414,1332,,354605.0386373017,6951896.676027297,164784.341796875,111.13407527674934,109.9600337893154,61.13407527674935,59.96003378931541,65,1681,6.32455532034e-06,
1513,triangle,520,1261,655,,354973.8170576733,6957974.60252301,153964.50537109375,128.08849857266566,125.08164556563047,78.08849857266567,75.0816455656305,12,1841,7.95270728767e-06,
1514,triangle,721,1017,925,,359572.56732616876,6951019.936288476,29087.9580078125,62.207298754785924,60.05469399271982,12.207298754785919,10.05469399271982,12,1841,7.95270728767e-06,
1515,triangle,823,1169,1029,,364830.45299506566,6949887.183644171,796913.3237304688,73.71106973513564,83.30919948727133,23.71106973513563,33.30919948727134,6,1721,1.1751379583488215e-05,
1516,triangle,833,1147,1135,,359930.09714014176,6948356.658423749,80194.431640625,88.81154540483601,89.18393330055744,38.81154540483602,39.18393330055745,12,1841,7.95270728767e-06,
1517,triangle,1059,1183,536,,362929.94799399463,6948427.0572352335,34342.291015625,123.2672460571426,115.11639491202091,73.26724605714259,65.11639491202091,12,1841,7.95270728767e-06,
1518,triangle,1367,1368,184,,356803.9453219231,6956920.615310189,20290.90380859375,114.16352786314562,119.37040121688312,64.16352786314562,69.37040121688311,65,1681,6.32455532034e-06,
1519,triangle,1101,1336,1236,,356870.53156410664,6947618.7323451815,66353.02978515625,72.48251631180067,73.22494690210227,22.48251631180066,23.22494690210228,12,1841,7.95270728767e-06,
1520,triangle,1064,1283,1186,,359144.35499406286,6958471.351170807,216049.96484375,126.09878680218414,129.78772920816832,76.09878680218412,79.7877292081683,12,1841,7.95270728767e-06,
1521,triangle,1051,1412,1395,,368597.9172875417,6945550.128428963,1114126.041015625,40.59492030876967,48.05285108922183,-9.405079691230325,-1.947148910778169,12,1841,7.95270728767e-06,
1522,triangle,1395,1412,1047,,368589.79700040893,6946407.807035886,1301968.86328125,56.90251051485866,61.90824976356794,6.902510514858663,11.908249763567932,12,1841,7.95270728767e-06,
1523,triangle,729,1336,911,,356804.1683049993,6947918.306818246,34815.19873046875,66.04531779544698,65.18531759815862,16.045317795446973,15.185317598158617,12,1841,7.95270728767e-06,
1524,triangle,831,1156,582,,357975.9359020887,6960353.833642908,1286419.9350585938,85.2177541779442,99.11353170215648,35.217754177944194,49.11353170215648,12,1841,8.4645304657525e-06,
1525,triangle,824,1417,835,,356567.0400825537,6945205.814640288,972105.345703125,90.9488120201875,95.87766513033857,40.948812020187496,45.87766513033858,12,1841,7.95270728767e-06,
1526,triangle,986,1433,1234,,362039.3266314303,6957957.268121894,392964.94091796875,71.58471797077368,84.43807807887252,21.584717970773674,34.438078078872515,12,1841,7.95270728767e-06,
1527,triangle,912,1406,1128,,356330.2368902331,6947936.02981639,11653.76025390625,64.3752067249155,64.58846830262966,14.375206724915502,14.588468302629659,12,1841,7.95270728767e-06,
1528,triangle,932,1021,933,,361334.7885347847,6949677.095539656,28378.46875,94.50638084882982,91.50224883303724,44.506380848829814,41.50224883303725,12,1841,7.95270728767e-06,
1529,triangle,655,1410,1114,,355510.71527134994,6957616.455843774,108827.59130859375,148.2142185041257,144.95798939173883,98.21421850412574,94.95798939173886,65,1681,6.32455532034e-06,
1530,triangle,1116,1243,710,,360800.3822286415,6949453.727627258,52759.9091796875,87.95872137221812,85.68149915356828,37.95872137221811,35.681499153568296,12,1841,7.95270728767e-06,
1531,triangle,559,1157,1029,,365013.31297808676,6951508.48321836,253062.53515625,79.31863127657823,89.67376580999728,29.318631276578238,39.67376580999727,12,1841,7.95270728767e-06,
1532,triangle,504,1077,648,,356112.2974150719,6951214.653881427,17023.671875,81.82126402618948,80.20925959824518,31.821264026189464,30.209259598245183,12,1841,7.603817580385e-06,
1533,triangle,148,1365,147,,356694.7916666667,6951680.208333333,7265.625,57.96932880232568,57.50208404329087,7.969328802325672,7.502084043290872,12,1841,7.95270728767e-06,
1534,triangle,392,1366,393,,359781.00433444534,6949808.506335086,6805.048828125,59.25146663134797,58.049835189374164,9.251466631347961,8.04983518937417,12,1841,7.95270728767e-06,
1535,triangle,779,1293,1171,,352710.98522157734,6951883.353790858,360613.6259765625,53.301826986044624,78.03280265287178,3.301826986044621,28.03280265287179,6,1721,1.010251249046643e-05,
1536,triangle,772,1446,972,,359079.28850862273,6947616.580016911,52473.60693359375,96.33480537685044,95.39838952321956,46.33480537685043,45.39838952321955,12,1841,7.95270728767e-06,
1537,triangle,350,1430,1358,,357143.0229491282,6948520.494123665,9941.1279296875,59.81914024228185,60.112364128018875,9.819140242281852,10.112364128018873,12,1841,7.95270728767e-06,
1538,triangle,989,1262,10,,358216.5805688748,6952520.772748017,15054.3505859375,46.16021147799027,44.51082697988581,-3.8397885220097177,-5.489173020114197,12,1841,7.95270728767e-06,
1539,triangle,673,1157,559,,365070.79406674515,6951934.732252698,100491.3662109375,97.78690903861511,98.42248850890148,47.78690903861512,48.42248850890147,12,1841,7.95270728767e-06,
1540,triangle,704,1321,652,,359574.4699988717,6957076.467310579,98031.6240234375,137.07024556524584,140.51477798191846,87.07024556524586,90.51477798191847,65,1681,6.32455532034e-06,
1541,triangle,1126,1459,977,,363312.2858366799,6949952.733259683,143129.1904296875,109.99602267723111,110.96643532578355,59.99602267723111,60.96643532578354,65,1681,6.32455532034e-06,
1542,triangle,703,1190,728,,358120.74006270274,6952237.788578036,42028.3291015625,61.798218476449534,59.30223930039866,11.798218476449534,9.302239300398659,12,1841,7.95270728767e-06,
1543,triangle,555,1300,1281,,366989.7740129083,6953344.7760548005,103354.080078125,141.54469446015707,152.1473834211215,91.54469446015707,102.14738342112152,65,1681,6.32455532034e-06,
1544,triangle,879,1196,725,,361335.7111127044,6951704.844411298,30142.49658203125,71.66421139373244,68.04856987683549,21.66421139373245,18.04856987683549,12,1841,7.95270728767e-06,
1545,triangle,1024,1025,716,,358907.9487500956,6951185.076856946,28889.56689453125,60.94785800657511,59.19508595701482,10.947858006575103,9.195085957014824,12,1841,7.95270728767e-06,
1546,triangle,859,1453,1036,,362190.0392720603,6951741.326828799,45901.68115234375,100.91935490450923,102.22298238605576,50.91935490450923,52.222982386055754,65,1681,6.32455532034e-06,
1547,triangle,853,1433,986,,362607.2979307308,6958040.7292888155,372084.38037109375,92.04304086725737,80.76863153856696,42.043040867257375,30.76863153856698,12,1841,7.95270728767e-06,
1548,triangle,729,907,699,,357038.31346314034,6948120.193872965,45787.01416015625,64.69053347802992,66.38635167463701,14.690533478029904,16.386351674637016,12,1841,7.95270728767e-06,
1549,triangle,898,1176,326,,358355.78649226506,6948034.303456304,10072.76904296875,79.27727884607971,78.37987661066535,29.277278846079696,28.37987661066535,12,1841,7.95270728767e-06,
1550,triangle,678,1361,1312,,357713.8526513894,6951106.0086000115,120785.96728515625,77.08218040755301,72.17077145730082,27.08218040755301,22.170771457300816,12,1841,7.95270728767e-06,
1551,triangle,523,1387,522,,365737.31574544957,6956247.960839953,46844.82177734375,76.2275407346335,72.47770451320463,26.22754073463351,22.47770451320463,12,1841,7.778262434027501e-06,
1552,triangle,1174,1342,614,,364224.4748160483,6954218.213602416,25777.900390625,82.4690085549395,88.93862426888522,32.46900855493951,38.93862426888522,65,1681,6.32455532034e-06,
1553,triangle,818,1127,752,,359313.4314716834,6956151.186725889,29862.60107421875,110.90119546108487,109.33773223720272,60.90119546108489,59.33773223720274,65,1681,6.32455532034e-06,
1554,triangle,761,1319,1033,,360345.35005546204,6945274.536619488,258190.06640625,100.78797053573558,97.12133294567195,50.787970535735596,47.12133294567195,52,1561,1.189207115e-05,
1555,triangle,1209,1220,969,,358891.9241227708,6948807.734908513,48279.2431640625,82.27807885443087,81.59615874540835,32.27807885443088,31.59615874540835,12,1841,7.95270728767e-06,
1556,triangle,642,1444,1248,,357182.56646691216,6956779.719452344,31100.23095703125,138.72647170046218,134.71867378547825,88.72647170046217,84.71867378547825,65,1681,6.32455532034e-06,
1557,triangle,548,1388,547,,353775.7871167934,6953176.700596395,85537.94921875,102.33313275588144,102.11177156153776,52.333132755881415,52.111771561537786,65,1681,6.32455532034e-06,
1558,triangle,805,1289,1139,,352951.805805363,6948232.620742649,1032038.3837890625,101.94158817923054,74.63693488358376,51.94158817923054,24.636934883583752,65,1681,6.455821201756429e-06,
1559,triangle,782,1129,870,,366297.0306225675,6957704.7425295925,642702.8720703125,9.897686966292966,46.53171269401994,-40.102313033707034,-3.468287305980058,65,1681,1.841013157756429e-05,
1560,triangle,1070,1369,773,,357501.3576728832,6948243.315860741,25205.8642578125,64.71488625784254,68.303552575342,14.714886257842533,18.303552575342,12,1841,7.95270728767e-06,
1561,triangle,750,1026,825,,359677.6644599794,6955767.016441104,39671.890625,116.21078936230751,110.18896779495601,66.21078936230752,60.18896779495602,65,1681,6.32455532034e-06,
1562,triangle,88,1447,1093,,364387.3432128417,6956185.589362465,33939.287109375,18.03970591480425,27.710985055934568,-31.96029408519575,-22.28901494406544,12,1841,7.95270728767e-06,
1563,triangle,1229,1429,129,,360895.61128875025,6953887.613899969,31671.51904296875,43.01333644988513,44.38005713022745,-6.986663550114866,-5.619942869772545,65,1681,6.32455532034e-06,
1564,triangle,496,1221,497,,359281.0964770897,6944738.285560441,42833.4541015625,121.33952403053195,127.6823059601864,71.33952403053195,77.6823059601864,52,1561,1.189207115e-05,
1565,triangle,655,1261,1097,,355203.5365315711,6958256.091065544,257895.509765625,135.8715326062997,132.08009701659034,85.8715326062997,82.08009701659033,12,1841,7.95270728767e-06,
1566,triangle,534,1035,533,,363260.9957258964,6949038.440982435,68824.046875,91.56509845963542,91.45616938588535,41.56509845963544,41.456169385885346,12,1841,7.8945590031225e-06,
1567,triangle,784,1076,836,,360844.19002645207,6954465.023836956,131432.30078125,107.89245287557992,103.79612650532204,57.89245287557992,53.79612650532204,65,1681,6.32455532034e-06,
1568,triangle,747,1425,983,,359786.76454531885,6949444.214011766,43430.45654296875,76.8076663892888,74.75109064014892,26.8076663892888,24.751090640148927,12,1841,7.95270728767e-06,
1569,triangle,1032,1302,1301,,360139.14660620684,6950670.179681796,54653.927734375,66.63872349698474,70.2940705417084,16.638723496984746,20.29407054170839,12,1841,7.95270728767e-06,
1570,triangle,1186,1239,831,,358537.41250078933,6959146.137369823,484360.7353515625,104.87560945971825,107.41358235124595,54.875609459718255,57.41358235124594,12,1841,7.95270728767e-06,
1571,triangle,183,1444,642,,357046.3256224746,6956712.960143469,21301.5986328125,132.63477571183512,131.62974076218225,82.63477571183512,81.62974076218224,65,1681,6.921074873517858e-06,
1572,triangle,757,1148,845,,363327.3120848608,6952213.823507664,95271.75341796875,129.6160407668718,119.10590783082044,79.6160407668718,69.10590783082044,65,1681,6.32455532034e-06,
1573,triangle,1249,1426,868,,355027.50781270856,6948693.73290756,104648.59619140625,83.97933519875505,85.26512132789453,33.97933519875505,35.26512132789455,12,1841,7.95270728767e-06,
1574,triangle,1271,1326,541,,360377.69599814876,6946223.791974653,126266.82958984375,118.85618771514606,109.68917890895342,68.85618771514605,59.68917890895343,52,1561,1.189207115e-05,
1575,triangle,962,1297,1200,,362613.12651157496,6952370.648154057,74396.03515625,110.54021044864255,109.88935594874029,60.54021044864256,59.889355948740295,65,1681,6.32455532034e-06,
1576,triangle,328,900,899,,358505.2432845352,6948231.757129543,12116.53955078125,75.15935673268709,76.646190020915,25.159356732687087,26.646190020915004,12,1841,7.95270728767e-06,
1577,triangle,657,1284,1227,,365174.850623647,6955544.260647842,42702.3837890625,65.00423063976523,71.21250814815794,15.004230639765227,21.212508148157934,65,1681,6.32455532034e-06,
1578,triangle,628,1291,627,,357161.6459960441,6952653.337728071,46633.80224609375,72.24014762340971,69.02826704560114,22.240147623409705,19.028267045601137,65,1681,6.4408518894350004e-06,
1579,triangle,437,1405,786,,361110.37211406283,6949085.897836669,14940.9521484375,79.78993031419861,77.78661215549128,29.789930314198614,27.78661215549128,12,1841,7.95270728767e-06,
1580,triangle,467,1127,818,,359421.5759656255,6956047.731492055,17235.14111328125,98.08626070275861,96.49239694898739,48.086260702758615,46.4923969489874,65,1681,6.32455532034e-06,
1581,triangle,843,1367,1150,,356630.13745015627,6957025.428898101,27496.33544921875,131.50695092551933,128.39260398282136,81.50695092551932,78.39260398282137,65,1681,6.32455532034e-06,
1582,triangle,919,1243,381,,360490.3726207888,6949367.4502063515,18062.60009765625,73.01038957548124,67.79305924515386,23.01038957548124,17.79305924515386,12,1841,7.95270728767e-06,
1583,triangle,778,1315,950,,362588.13948961324,6949623.946749146,99688.43994140625,115.95399575803188,107.31975296621106,65.95399575803188,57.319752966211034,65,1681,6.32455532034e-06,
1584,triangle,1121,1305,647,,355910.0424582036,6949862.062511285,115335.78955078125,89.72845444542719,90.52506060364078,39.72845444542721,40.52506060364079,12,1841,7.95270728767e-06,
1585,triangle,1062,1314,1197,,355545.5204827361,6951559.28592512,49467.25830078125,73.57421992237931,74.66021572661393,23.574219922379314,24.660215726613927,65,1681,6.32455532034e-06,
1586,triangle,682,1392,1372,,361086.20063611283,6950462.603723376,138453.14599609375,99.22213265025117,97.08742057352053,49.222132650251176,47.087420573520525,12,1841,7.95270728767e-06,
1587,triangle,1236,1336,699,,357060.94515382714,6947751.090201418,63611.99072265625,74.47991961655754,75.06959211840329,24.47991961655753,25.069592118403282,12,1841,7.95270728767e-06,
1588,triangle,714,1288,857,,361474.79412744864,6948786.325788182,50448.859375,86.77319376753175,83.73862351716986,36.77319376753174,33.73862351716986,12,1841,7.95270728767e-06,
1589,triangle,696,873,748,,360349.2292081813,6950011.0298276795,50794.4931640625,77.78085036861327,78.43428740642193,27.780850368613265,28.434287406421934,12,1841,7.95270728767e-06,
1590,triangle,1013,1366,713,,359599.3518416776,6949809.523956295,25673.859375,66.62792761107491,67.79703819257288,16.627927611074895,17.79703819257289,12,1841,7.95270728767e-06,
1591,triangle,840,1265,741,,359466.21382719924,6946653.105303958,31134.515625,105.27288341687358,102.86897278778515,55.27288341687358,52.86897278778516,12,1841,7.95270728767e-06,
1592,triangle,737,1266,838,,356340.55019995006,6953631.831302271,27264.3681640625,73.71543422547687,76.84614100065114,23.715434225476873,26.846141000651134,65,1681,6.32455532034e-06,
1593,triangle,739,1263,839,,355739.7588934729,6955522.023809523,25137.03759765625,90.37592090490621,88.67774828791092,40.37592090490622,38.677748287910916,6,1721,1.189207115e-05,
1594,triangle,841,1267,744,,358419.2856883031,6949092.187050745,45324.34033203125,81.16319761913971,80.25458773789649,31.163197619139712,30.25458773789649,12,1841,7.95270728767e-06,
1595,triangle,1103,1221,761,,359776.99646641547,6944366.408525565,238457.267578125,126.00210711696282,114.7071289965895,76.00210711696283,64.70712899658952,52,1561,1.1892071150000002e-05,
1596,triangle,943,1191,640,,358539.2152100943,6956464.11409609,15829.00830078125,125.58442160297574,127.55680649005859,75.58442160297572,77.55680649005859,65,1681,6.32455532034e-06,
1597,triangle,489,1175,939,,359624.52876984124,6956364.905753967,15415.73681640625,100.43953921550491,100.91556158271923,50.4395392155049,50.91556158271924,65,1681,6.32455532034e-06,
1598,triangle,1100,1428,523,,365797.26196847967,6955881.177711369,72394.79541015625,99.59434818688652,93.21979766619133,49.594348186886506,43.21979766619133,65,1681,6.32455532034e-06,
1599,triangle,780,901,330,,358349.34922948777,6948455.856934611,9974.9453125,72.2537438689282,71.06042885067001,22.2537438689282,21.06042885067,12,1841,7.95270728767e-06,
1600,triangle,337,902,780,,358202.99740217975,6948600.3557418985,9340.55078125,69.84299593421709,69.0998070108436,19.842995934217086,19.09980701084361,12,1841,7.95270728767e-06,
1601,triangle,1124,1203,74,,363948.1308993132,6953779.203119971,59728.77880859375,87.52479077195959,90.20660954281396,37.52479077195958,40.206609542813965,65,1681,6.32455532034e-06,
1602,triangle,1322,1440,790,,364376.3407856898,6956790.313937469,124527.689453125,89.98932923203597,88.76687528178354,39.98932923203597,38.766875281783534,12,1841,7.95270728767e-06,
1603,triangle,359,1406,360,,356433.6134106782,6947886.02981639,4655.9912109375,61.941901957558734,61.880897329527706,11.941901957558736,11.880897329527711,12,1841,7.95270728767e-06,
1604,triangle,816,828,718,,359556.4381785455,6952555.535595422,47616.32080078125,46.842079303355824,45.980661409077015,-3.1579206966441733,-4.019338590922979,12,1841,7.95270728767e-06,
1605,triangle,712,1252,1213,,358664.0823681631,6946343.868441549,62903.76123046875,105.14337747894791,110.38086852503439,55.14337747894791,60.38086852503441,12,1841,7.95270728767e-06,
1606,triangle,1065,1394,1233,,360681.0584799626,6958164.575416684,276223.91845703125,109.41710199868838,105.27904434340927,59.41710199868839,55.27904434340926,12,1841,7.95270728767e-06,
1607,triangle,669,1384,551,,354501.83472947805,6956902.990181166,82765.30810546875,92.37882369952757,116.9980247577936,42.37882369952757,66.9980247577936,65,1681,6.722235022458572e-06,
1608,triangle,1089,1107,871,,359289.6296541737,6955113.989520632,76157.63818359375,97.6194867725297,98.19046602048248,47.619486772529704,48.19046602048247,65,1681,6.32455532034e-06,
1609,triangle,1372,1392,1274,,361298.4115790603,6950696.0836121505,112724.7900390625,95.59704997033859,101.49601262612829,45.59704997033859,51.4960126261283,12,1841,7.95270728767e-06,
1610,triangle,1093,1396,88,,364431.2901645566,6956066.363544543,26018.93701171875,26.873267861808838,24.372904722479976,-23.126732138191162,-25.627095277520024,12,1841,7.95270728767e-06,
1611,triangle,135,1314,1276,,355798.582260906,6951591.383203085,21748.71826171875,68.69534760348598,70.66542431725168,18.695347603485985,20.66542431725168,65,1681,6.32455532034e-06,
1612,triangle,664,1326,1319,,360074.17949804134,6945774.508315206,118753.10302734375,97.91484493367535,109.00591222310084,47.914844933675354,59.005912223100836,52,1561,1.189207115e-05,
1613,triangle,752,1028,818,,359331.3283060021,6956263.346192538,27270.08984375,111.82566612795958,109.27765563852113,61.825666127959586,59.27765563852112,65,1681,6.32455532034e-06,
1614,triangle,857,1140,862,,361255.8475927243,6948352.384382428,66592.12158203125,92.64161108031678,89.24166766058039,42.64161108031677,39.24166766058039,12,1841,7.95270728767e-06,
1615,triangle,546,1293,667,,352967.3858470735,6951129.562087104,130641.072265625,104.96780282524533,104.16967047217979,54.96780282524532,54.169670472179796,65,1681,6.32455532034e-06,
1616,triangle,195,1431,1055,,355997.04241071426,6956051.785714286,10480.95703125,87.76938613702671,88.63503413703245,37.7693861370267,38.63503413703244,6,1721,1.189207115e-05,
1617,triangle,1433,1450,510,,362806.4681854229,6957374.729204676,161790.2978515625,88.84227390672545,106.06535628189128,38.84227390672545,56.06535628189129,12,1841,7.95270728767e-06,
1618,triangle,1307,1417,753,,355182.5811123219,6945680.507605254,530405.99609375,87.96317053114305,75.06772053285789,37.96317053114305,25.0677205328579,12,1841,7.95270728767e-06,
1619,triangle,1161,1256,134,,356440.5965573509,6952333.738347434,68926.74658203125,90.37188976335491,88.11311881972689,40.371889763354915,38.11311881972689,65,1681,6.32455532034e-06,
1620,triangle,9,1262,1190,,358096.09080804326,6952422.477684977,12717.580078125,41.9619642299582,47.214349276688324,-8.038035770041796,-2.785650723311683,12,1841,7.95270728767e-06,
1621,triangle,523,1428,656,,365547.5770892429,6955873.9077556655,48278.70458984375,95.96992441234897,90.6359893690955,45.96992441234897,40.63598936909549,65,1681,6.3827036048875e-06,
1622,triangle,936,1089,178,,359080.1779840786,6955393.79057425,29859.58251953125,100.80779890087143,96.51138183595918,50.807798900871425,46.51138183595916,65,1681,6.32455532034e-06,
1623,triangle,774,1056,688,,357238.0731720196,6948836.844658349,35746.712890625,67.73079593791283,69.72183240897536,17.730795937912827,19.72183240897536,12,1841,7.95270728767e-06,
1624,triangle,766,1194,767,,358727.5553828454,6952504.866876903,25682.34912109375,47.92408566210419,46.36985591311665,-2.0759143378958154,-3.6301440868833486,12,1841,7.95270728767e-06,
1625,triangle,1109,1353,832,,358207.89080326614,6950462.475930765,111916.0146484375,84.93220803791513,80.30656288225829,34.93220803791513,30.306562882258305,12,1841,7.95270728767e-06,
1626,triangle,611,1449,1200,,362731.83860594063,6952813.343144313,38804.29638671875,92.72920346208429,96.12723984810641,42.729203462084286,46.12723984810642,65,1681,6.32455532034e-06,
1627,triangle,802,1019,932,,361570.24681370665,6949831.22599293,28708.5224609375,93.14950657151924,93.07299341073964,43.14950657151925,43.07299341073965,12,1841,7.95270728767e-06,
1628,triangle,859,866,525,,361839.34325478465,6951401.377861861,24591.77001953125,102.52286456053491,100.02654843062498,52.52286456053492,50.02654843062499,65,1681,6.32455532034e-06,
1629,triangle,1042,1448,719,,359711.1386883259,6954242.0144193275,99834.4482421875,79.92133961486525,84.1541310792681,29.921339614865243,34.154131079268105,65,1681,6.32455532034e-06,
1630,triangle,1054,1304,34,,359897.4243615112,6952781.874145093,13562.98876953125,35.32178427700353,37.74668604137245,-14.678215722996466,-12.253313958627546,12,1841,7.95270728767e-06,
1631,triangle,343,1382,342,,357708.7263598985,6948631.305317044,3521.84814453125,65.34394032283053,65.39399921208484,15.343940322830536,15.39399921208483,12,1841,7.95270728767e-06,
1632,triangle,819,1198,731,,355755.41188677755,6954625.919321339,38836.421875,94.06516604728498,91.81178495853726,44.06516604728499,41.81178495853726,6,1721,1.189207115e-05,
1633,triangle,551,1384,1165,,354711.2055580153,6957017.377300646,108183.3232421875,95.2394001038943,124.46948808311993,45.23940010389431,74.46948808311993,65,1681,6.32455532034e-06,
1634,triangle,755,974,723,,364800.01139784016,6956053.39320509,41578.43994140625,33.88710304741519,42.579968077480466,-16.11289695258482,-7.420031922519534,12,1841,7.95270728767e-06,
1635,triangle,484,1359,1058,,359172.3440895295,6956651.699739856,13717.82470703125,113.43692703298163,115.96866663691794,63.43692703298164,65.96866663691794,65,1681,6.32455532034e-06,
1636,triangle,629,1381,628,,356932.11906378315,6952485.232991445,36593.48681640625,81.46541492644948,79.8857286808128,31.46541492644948,29.885728680812793,65,1681,6.3827036048875e-06,
1637,triangle,1211,1459,978,,363136.7154922841,6950544.517924517,116961.0068359375,124.69807168530126,118.37606545555377,74.69807168530126,68.37606545555377,65,1681,6.32455532034e-06,
1638,triangle,697,1055,739,,355740.73452883185,6955940.198206729,54885.89990234375,95.89160826600951,95.2030482078178,45.89160826600951,45.20304820781781,6,1721,1.189207115e-05,
1639,triangle,900,1438,1052,,358634.38027336745,6948436.28039265,12526.720703125,80.00750690626822,79.34685120703999,30.00750690626823,29.346851207039993,12,1841,7.95270728767e-06,
1640,triangle,735,1437,876,,360314.17160470324,6952633.385315761,12430.51318359375,47.563079372239756,46.532142574447676,-2.4369206277602435,-3.4678574255523187,12,1841,7.95270728767e-06,
1641,triangle,505,1197,953,,355562.2304107503,6951279.956375132,38036.89892578125,78.07410039426847,77.7074193440745,28.074100394268477,27.707419344074484,65,1681,6.32455532034e-06,
1642,triangle,694,1440,1322,,364631.99931482255,6957034.258242242,167701.091796875,94.45557632449778,91.54536781515026,44.45557632449778,41.54536781515025,12,1841,7.95270728767e-06,
1643,triangle,1086,1447,88,,364245.446046497,6956164.934427601,27739.796875,29.971834156826077,40.09942774120114,-20.02816584317393,-9.900572258798862,12,1841,7.95270728767e-06,
1644,triangle,516,1285,515,,357113.8540645806,6958697.983389568,82289.76171875,160.13131458922138,151.59621951306866,110.13131458922139,101.59621951306865,12,1841,7.8945590031225e-06,
1645,triangle,177,1338,638,,358593.92361083813,6954892.89429956,42082.25927734375,123.16519962385436,122.13303831750828,73.16519962385436,72.13303831750828,65,1681,7.119914724577143e-06,
1646,triangle,609,1297,1295,,362268.78415265743,6952248.094354704,38062.61376953125,101.11263816167218,102.90716542515156,51.11263816167217,52.907165425151554,65,1681,6.32455532034e-06,
1647,triangle,801,1400,1254,,353880.4587252449,6959337.238998603,816953.6103515625,175.18254657961478,170.9685190972309,125.18254657961477,120.96851909723095,12,1841,7.95270728767e-06,
1648,triangle,553,1380,552,,353894.659855261,6956942.224048701,10793.251953125,135.62419709878708,134.39087060876656,85.62419709878708,84.39087060876653,65,1681,6.921074873517858e-06,
1649,triangle,1241,1410,519,,355921.56296711665,6957804.336712136,75998.9228515625,153.35356490540454,156.33533932586067,103.35356490540454,106.33533932586067,65,1681,6.32455532034e-06,
1650,triangle,838,1330,737,,356257.3869302054,6953495.877297413,51672.115234375,91.3846039657089,86.70353016876452,41.384603965708905,36.7035301687645,65,1681,6.32455532034e-06,
1651,triangle,772,895,742,,358799.93078426644,6947714.290407072,22557.033203125,86.37385363810293,86.32278871033886,36.37385363810292,36.32278871033887,12,1841,7.95270728767e-06,
1652,triangle,857,1288,661,,361624.18634376134,6948663.451040249,54931.39404296875,86.45716335142386,90.33175074812415,36.457163351423866,40.33175074812416,12,1841,7.95270728767e-06,
1653,triangle,677,1392,1302,,360661.61373766075,6950873.414177352,106790.19921875,84.87631574135737,85.48392725424662,34.876315741357374,35.483927254246645,12,1841,7.95270728767e-06,
1654,triangle,718,992,816,,359402.5468803144,6952595.073091515,31291.91650390625,48.20770132269132,46.772841330330245,-1.7922986773086809,-3.2271586696697505,12,1841,7.95270728767e-06,
1655,triangle,1295,1453,608,,362142.46251125145,6952007.635080871,26828.89501953125,105.2157036183614,103.11417069595295,55.21570361836142,53.114170695952936,65,1681,6.32455532034e-06,
1656,triangle,1180,1293,779,,353136.4698325359,6951796.803845829,228881.33349609375,81.32214195709017,100.49309711783401,31.32214195709016,50.493097117834004,65,1681,6.921074873517858e-06,
1657,triangle,1124,1342,856,,364301.7056055358,6953954.651099796,47539.2275390625,96.7324198545196,96.86308798082935,46.732419854519605,46.863087980829356,65,1681,6.32455532034e-06,
1658,triangle,804,1029,566,,364249.86363138835,6950936.850478615,306476.13427734375,71.93691914647437,80.97262778818292,21.936919146474374,30.97262778818293,12,1841,7.95270728767e-06,
1659,triangle,1226,1292,872,,369020.5470421599,6952690.848439143,708652.3393554688,118.13943362213,137.1415864213669,68.13943362213,87.14158642136688,65,1681,7.5175944266957145e-06,
1660,triangle,694,1316,870,,365270.7722186774,6957655.539592899,330863.04638671875,62.34852600576077,67.29605771337167,12.348526005760764,17.296057713371667,12,1841,7.95270728767e-06,
1661,triangle,683,1425,711,,359769.072379162,6949062.04134385,105604.4267578125,78.08127048912378,85.71217867181349,28.08127048912378,35.71217867181348,12,1841,7.95270728767e-06,
1662,triangle,54,1386,53,,360757.18021355796,6952132.1802135585,6821.9521484375,46.22761570999141,48.02181388085353,-3.7723842900085836,-1.9781861191464774,12,1841,7.95270728767e-06,
1663,triangle,704,937,788,,359819.849537037,6956660.358796296,32548.828125,129.22695634710607,126.10688792285985,79.22695634710607,76.10688792285985,65,1681,6.32455532034e-06,
1664,triangle,736,1420,1311,,360940.6756069791,6951662.876389589,36574.56640625,64.77805626576856,65.84450553877753,14.778056265768544,15.844505538777524,12,1841,7.95270728767e-06,
1665,triangle,512,1324,1184,,360151.44091095845,6956983.650026216,33400.33984375,120.5448499142618,126.91191572769306,70.5448499142618,76.91191572769306,65,1681,6.32455532034e-06,
1666,triangle,762,1400,1261,,354131.96984827245,6958236.200333949,444330.76708984375,128.33763235458332,147.4524215190169,78.33763235458333,97.45242151901691,12,1841,7.95270728767e-06,
1667,triangle,862,1352,857,,361194.92540252395,6948529.30389811,28494.25390625,82.54399497102465,80.15305188008891,32.54399497102466,30.153051880088896,12,1841,7.95270728767e-06,
1668,triangle,968,1170,1072,,355737.17761082255,6953736.380542562,71246.677734375,94.271913570566,95.97135776007012,44.27191357056599,45.971357760070134,65,1681,6.523395171399286e-06,
1669,triangle,1139,1327,868,,354420.5166639692,6948347.1930881655,224241.6298828125,87.25004316122809,81.81803686500275,37.25004316122809,31.818036865002757,12,1841,7.95270728767e-06,
1670,triangle,575,1462,874,,351317.8344364509,6954010.631922138,976315.185546875,18.026780608266563,43.568771837494324,-31.973219391733434,-6.4312281625056755,6,1721,3.337704573928572e-05,
1671,triangle,656,1317,523,,365438.2844760697,6956031.42478748,55967.392578125,82.66358776824526,75.63746547427162,32.66358776824528,25.63746547427162,12,1841,7.72011414948e-06,
1672,triangle,1176,1201,327,,358336.4502880152,6948162.708379627,12242.310546875,78.53089397750756,77.32516385483864,28.530893977507564,27.32516385483863,12,1841,7.95270728767e-06,
1673,triangle,757,1200,1122,,363023.1945801413,6952636.956286463,72661.83251953125,111.60660263249002,110.76705522072429,61.60660263249002,60.7670552207243,65,1681,6.32455532034e-06,
1674,triangle,1042,1466,1258,,359974.13182510505,6953906.541707867,64356.435546875,82.93989634545989,81.75893076973422,32.939896345459886,31.75893076973421,65,1681,6.32455532034e-06,
1675,triangle,869,1317,723,,365185.44942887366,6956403.264428577,112982.89306640625,16.07367862656057,40.38130157149097,-33.92632137343943,-9.618698428509033,12,1841,7.95270728767e-06,
1676,triangle,1159,1361,776,,358221.7011852165,6951074.588172655,47242.90380859375,71.9338176147392,69.15529949982631,21.93381761473921,19.155299499826317,12,1841,7.95270728767e-06,
1677,triangle,761,1221,495,,359606.16138855397,6944856.986739788,162471.5341796875,106.77604006024937,117.29123033041328,56.77604006024937,67.29123033041328,52,1561,1.189207115e-05,
1678,triangle,435,1405,436,,361115.72925692,6949205.540693812,6771.21337890625,76.07704195802079,75.80889041570119,26.07704195802078,25.808890415701182,12,1841,7.95270728767e-06,
1679,triangle,1233,1394,1234,,361082.563392196,6958004.936674573,328627.56640625,99.77904013752564,100.07942646003904,49.779040137525634,50.07942646003905,12,1841,7.95270728767e-06,
1680,triangle,1173,1343,794,,360452.35899832955,6947513.099076024,106715.3857421875,108.68814781056734,109.62123255108226,58.68814781056735,59.62123255108227,12,1841,7.95270728767e-06,
1681,triangle,956,1035,534,,363594.54583509144,6948806.676490769,179115.787109375,85.79697168977665,87.23582549982466,35.79697168977666,37.235825499824664,12,1841,9.500314519299643e-06,
1682,triangle,740,1003,892,,359065.4652853824,6946664.21415167,17575.9052734375,98.1194277180602,96.76491856179594,48.1194277180602,46.764918561795945,12,1841,7.95270728767e-06,
1683,triangle,745,914,912,,356437.5,6948212.5,19687.5,62.87500158945721,62.899999936421715,12.875001589457202,12.899999936421713,12,1841,7.95270728767e-06,
1684,triangle,79,994,976,,364869.6072075697,6955646.687209195,11187.18310546875,61.43033782416698,58.73791690072334,11.43033782416698,8.73791690072334,12,1841,7.95270728767e-06,
1685,triangle,1052,1209,969,,358885.09726932505,6948631.646629711,40901.8466796875,87.43132669717338,84.37752567731943,37.431326697173375,34.37752567731943,12,1841,7.95270728767e-06,
1686,triangle,1030,1138,707,,357270.981401178,6953225.466373608,87871.693359375,62.88837486951077,77.03828533634066,12.888374869510773,27.038285336340664,65,1681,6.32455532034e-06,
1687,triangle,966,1333,734,,364481.43564894027,6953013.87081549,147359.3330078125,133.32118744963495,135.5517040108906,83.32118744963495,85.5517040108906,65,1681,6.32455532034e-06,
1688,triangle,552,1306,1075,,353860.18543065636,6956674.615259989,58826.689453125,107.67108551090135,112.57342776890216,57.67108551090136,62.57342776890218,6,1721,1.189207115e-05,
1689,triangle,663,1343,1173,,360680.65333391866,6947376.46444796,102551.45068359375,109.58353092025304,109.13435942039636,59.58353092025303,59.13435942039635,12,1841,7.95270728767e-06,
1690,triangle,814,1417,1307,,355739.29256432614,6946021.3647780605,388050.35302734375,57.98703236539038,74.47803638970065,7.987032365390385,24.47803638970065,12,1841,7.95270728767e-06,
1691,triangle,1121,1189,1031,,356542.7944105405,6950078.083898495,158342.896484375,56.02509575127998,68.01883051907436,6.025095751279981,18.018830519074346,12,1841,7.95270728767e-06,
1692,triangle,766,767,690,,358729.44072698586,6952328.059217408,46281.3310546875,52.707833808682075,51.4996044708974,2.707833808682084,1.4996044708974035,12,1841,7.95270728767e-06,
1693,triangle,1142,1310,763,,357540.8969483688,6952056.832918054,52168.75439453125,55.484383591256574,53.1186207946659,5.484383591256572,3.1186207946659104,12,1841,7.95270728767e-06,
1694,triangle,726,1098,997,,362663.4000583349,6955359.245772533,32157.7373046875,28.604297247429674,29.97201886697216,-21.39570275257033,-20.02798113302784,12,1841,7.95270728767e-06,
1695,triangle,751,1192,700,,358843.83050221205,6956912.740655691,39078.19775390625,143.34291333601334,142.4722659874187,93.34291333601332,92.47226598741868,65,1681,6.32455532034e-06,
1696,triangle,1100,1223,811,,366408.3608778357,6956076.460402753,129372.7451171875,76.7668306187825,81.56705967866527,26.766830618782507,31.567059678665277,65,1681,6.32455532034e-06,
1697,triangle,725,1420,879,,361206.4695889402,6951682.500477661,34469.81201171875,67.65430797331605,66.8250024122322,17.65430797331605,16.825002412232184,12,1841,7.95270728767e-06,
1698,triangle,47,1437,46,,360418.03420568997,6952685.582603246,3596.15185546875,42.19485403889935,41.82395126790971,-7.805145961100642,-8.176048732090285,12,1841,7.95270728767e-06,
1699,triangle,332,1438,331,,358531.45317159034,6948486.82109623,3538.482421875,71.30443928492619,71.22092789859441,21.304439284926193,21.220927898594407,12,1841,7.95270728767e-06,
1700,triangle,383,1439,384,,360261.9893971777,6949376.08570571,4276.193359375,60.762194597301445,60.362864087552246,10.762194597301452,10.362864087552245,12,1841,7.95270728767e-06,
1701,triangle,532,1217,950,,362271.4085609715,6949239.651525643,57058.494140625,100.2836002889325,99.10137794361044,50.2836002889325,49.10137794361044,65,1681,6.32455532034e-06,
1702,triangle,87,1396,86,,364416.89299821184,6955930.708609682,5355.1806640625,31.32078478746049,29.056680964875483,-18.679215212539514,-20.943319035124517,12,1841,7.95270728767e-06,
1703,triangle,856,1342,1174,,364376.0257157285,6954093.786771824,36472.181640625,85.73717401060861,95.22254985422718,35.73717401060861,45.222549854227196,65,1681,6.32455532034e-06,
1704,triangle,734,1397,966,,364650.3092741158,6953279.81721479,120066.7314453125,139.52839185454388,139.66796229616884,89.52839185454388,89.66796229616885,65,1681,6.32455532034e-06,
1705,triangle,1274,1392,829,,361206.6504206595,6950930.5733802365,99841.6318359375,90.97741806586639,96.64544642064395,40.97741806586639,46.64544642064394,12,1841,7.95270728767e-06,
1706,triangle,406,1408,924,,359286.2973760933,6950860.047896709,17491.7353515625,53.84248795417318,54.48413840925671,3.842487954173176,4.484138409256716,12,1841,7.95270728767e-06,
1707,triangle,419,1345,1018,,360956.8948412698,6948915.625,5838.6474609375,71.28094063233982,71.5502505551923,21.28094063233982,21.55025055519231,12,1841,7.95270728767e-06,
1708,triangle,798,1415,1394,,361217.33069846313,6959349.113990955,847148.80078125,57.964217729247444,85.64506186396981,7.9642177292474425,35.645061863969815,12,1841,8.757000853228215e-06,
1709,triangle,881,1177,506,,363177.9801308296,6955666.248093113,15763.83056640625,45.85957218820705,40.00314266685751,-4.14042781179295,-9.996857333142493,12,1841,7.95270728767e-06,
1710,triangle,107,1098,882,,362879.2793305993,6955488.112955545,11086.455078125,23.13023800863784,24.84428426450836,-26.86976199136216,-25.15571573549164,12,1841,7.95270728767e-06,
1711,triangle,728,766,690,,358562.4548743386,6952272.323170691,60380.4052734375,61.749644675782605,58.73513502530576,11.7496446757826,8.735135025305757,12,1841,7.95270728767e-06,
1712,triangle,1215,1224,951,,353967.58701369097,6950114.677798499,97929.27880859375,113.57880465284738,110.86339775061622,63.57880465284738,60.86339775061621,65,1681,6.32455532034e-06,
1713,triangle,901,902,334,,358327.3466316675,6948606.212676509,9442.048828125,69.34483335757857,68.91023458994785,19.344833357578565,18.91023458994786,12,1841,7.95270728767e-06,
1714,triangle,1404,1416,126,,361391.4786442218,6954382.866403327,19888.11328125,44.52590824746693,46.04261707476189,-5.4740917525330675,-3.957382925238105,65,1681,6.32455532034e-06,
1715,triangle,961,1456,1238,,361914.6543831474,6955610.140654586,30630.4130859375,62.3576295453132,65.58405129015183,12.357629545313198,15.584051290151834,65,1681,6.32455532034e-06,
1716,triangle,83,1334,994,,364649.4688646837,6955753.523408577,12211.08251953125,44.4398796895897,43.28610486292698,-5.560120310410292,-6.713895137073011,12,1841,7.95270728767e-06,
1717,triangle,933,1106,710,,361043.38606615405,6949652.736527786,42376.47900390625,90.748275421624,91.6032556372593,40.748275421623994,41.6032556372593,12,1841,7.95270728767e-06,
1718,triangle,117,998,817,,362378.3804582106,6955060.8942256225,18004.43896484375,30.191484707985403,30.260496712841967,-19.808515292014597,-19.739503287158033,12,1841,7.95270728767e-06,
1719,triangle,818,1028,489,,359464.4727999442,6956284.890958703,15994.13916015625,101.14744223680364,99.0323213675584,51.14744223680365,49.03232136755839,65,1681,6.32455532034e-06,
1720,triangle,136,1376,1314,,355791.89612821117,6951469.616284276,5325.6064453125,65.93493946532786,66.31444160682697,15.93493946532786,16.314441606826975,65,1681,6.4408518894350004e-06,
1721,triangle,1002,1119,216,,356139.786573786,6954454.157023326,13303.7509765625,81.44426035069611,80.27630387264051,31.44426035069611,30.27630387264051,6,1721,1.189207115e-05,
1722,triangle,788,1175,704,,359704.0426587302,6956591.641865079,45896.11279296875,125.81907726295606,122.15624435487052,75.81907726295606,72.15624435487054,65,1681,6.32455532034e-06,
1723,triangle,714,1405,1022,,361290.4619412969,6949133.427713823,30245.3818359375,86.39901967059767,82.54505446025858,36.39901967059766,32.54505446025858,12,1841,7.95270728767e-06,
1724,triangle,535,956,722,,363515.5339172555,6948240.169437222,246244.15625,71.4324518076324,85.07547399620539,21.43245180763241,35.075473996205396,6,1721,1.189207115e-05,
1725,triangle,821,1391,492,,358207.93897485035,6945023.914198603,231492.71240234375,98.74804042865587,103.93545948890022,48.74804042865588,53.93545948890022,18,2041,4.30886938006e-06,
1726,triangle,1029,1157,724,,365448.4208080776,6951331.412656852,454841.984375,100.65969872838429,96.97634724664594,50.65969872838428,46.97634724664593,12,1841,9.641006085811428e-06,
1727,triangle,1141,1331,967,,364776.3069781829,6954551.450458516,71044.6982421875,101.64592743614483,101.69265385279107,51.64592743614482,51.692653852791075,65,1681,6.32455532034e-06,
1728,triangle,570,1460,1383,,351282.69542973704,6944333.335211185,731114.2392578125,81.23420028142817,78.40063392702938,31.23420028142817,28.40063392702937,12,1841,7.95270728767e-06,
1729,triangle,480,970,945,,358850.0,6956474.54449576,11326.8662109375,123.29379547960646,121.57247266835846,73.29379547960646,71.57247266835847,65,1681,6.32455532034e-06,
1730,triangle,598,1436,1398,,368973.2525665066,6943224.032665906,911316.7622070312,25.776825141169446,60.681744092802376,-24.223174858830554,10.681744092802376,6,1721,1.1047921750929286e-05,
1731,triangle,105,1177,104,,363110.20403635735,6955535.251637568,3965.8095703125,28.785586637802112,27.96771709412357,-21.21441336219789,-22.032282905876425,12,1841,7.95270728767e-06,
1732,triangle,760,1305,1121,,356066.81381390727,6949604.502397972,130221.74853515625,66.34408538524401,72.60216833530141,16.34408538524402,22.602168335301414,12,1841,7.95270728767e-06,
1733,triangle,29,1303,816,,359558.7838128049,6952790.611496354,11470.064453125,40.883324675746515,39.528988790366135,-9.116675324253485,-10.471011209633867,12,1841,7.95270728767e-06,
1734,triangle,924,1408,716,,359162.1902332362,6950927.267284464,30489.904296875,63.90770878518675,61.777754168428515,13.907708785186749,11.777754168428515,12,1841,7.95270728767e-06,
1735,triangle,822,1378,633,,356781.2373666204,6954038.2240472,29223.2421875,77.30947456047586,81.93721985959024,27.309474560475863,31.93721985959024,65,1681,6.32455532034e-06,
1736,triangle,162,1142,886,,357572.62601809436,6952293.036900134,10523.458984375,40.267238393747505,43.73653080341713,-9.732761606252499,-6.263469196582868,12,1841,7.95270728767e-06,
1737,triangle,211,1143,891,,355969.7203951695,6954938.740685071,9084.81494140625,79.17536985512845,79.81738002064834,29.175369855128462,29.817380020648333,6,1721,1.189207115e-05,
1738,triangle,788,937,457,,359932.349537037,6956572.858796296,11761.0673828125,116.15079299783997,114.97355408090021,66.15079299783997,64.97355408090021,65,1681,6.32455532034e-06,
1739,triangle,1019,1133,426,,361758.0951214461,6949796.859354614,10000.23095703125,88.32488644300034,88.18865242331839,38.324886443000345,38.18865242331838,12,1841,7.95270728767e-06,
1740,triangle,1078,1462,576,,351330.67392126116,6955600.358257082,990472.3134765625,101.0902039353646,49.81666069217042,51.09020393536459,-0.18333930782957472,1,1,6.775300508214286e-05,
1741,triangle,496,1309,495,,359122.6328226726,6945017.966883474,26580.09423828125,132.20074903727522,130.41317556060335,82.2007490372752,80.41317556060336,18,2041,4.30886938006e-06,
1742,triangle,1022,1405,435,,361206.0363859758,6949239.473744652,13698.08984375,81.80348118193481,79.94091863188524,31.803481181934817,29.94091863188524,12,1841,7.95270728767e-06,
1743,triangle,1079,1422,1034,,363642.79090813524,6953188.216088072,67628.37744140625,83.3273954436442,87.266670071855,33.32739544364421,37.266670071854996,65,1681,6.32455532034e-06,
1744,triangle,52,1386,1131,,360633.3760575399,6952149.527973053,16757.29296875,56.395359351237815,53.02281550314058,6.39535935123782,3.0228155031405795,12,1841,7.95270728767e-06,
1745,triangle,1266,1325,838,,356484.3880656482,6953675.399627879,29581.32568359375,72.06865874632227,76.39843581737459,22.06865874632227,26.398435817374587,65,1681,6.32455532034e-06,
1746,triangle,1073,1432,834,,366159.33545031905,6952321.515270889,199236.3623046875,103.82015063458212,109.31403393167398,53.82015063458212,59.314033931673976,12,1841,9.218931386276073e-06,
1747,triangle,716,1108,1024,,358861.16071428574,6951031.090561223,38083.54541015625,68.74156090713785,65.68821418731807,18.741560907137853,15.688214187318072,12,1841,7.95270728767e-06,
1748,triangle,710,1243,746,,360660.5654459361,6949535.192355343,33219.0107421875,83.27612462027534,82.03449922787729,33.27612462027534,32.0344992278773,12,1841,7.95270728767e-06,
1749,triangle,733,862,691,,360915.6533140797,6948420.546000627,45678.0263671875,85.29489364153072,86.22940168496689,35.29489364153072,36.22940168496689,12,1841,7.95270728767e-06,
1750,triangle,718,1373,992,,359300.9843803144,6952484.135591515,38841.0517578125,48.388207838014075,45.242371724010184,-1.6117921619859237,-4.757628275989814,12,1841,7.95270728767e-06,
1751,triangle,1062,1197,793,,355391.36148975836,6951699.600254339,78056.5498046875,86.97826348059431,89.3527522185916,36.978263480594315,39.3527522185916,65,1681,6.32455532034e-06,
1752,triangle,438,918,799,,360805.1173686804,6949116.393676079,13825.220703125,71.35384752909256,70.42785078822918,21.35384752909256,20.42785078822917,12,1841,7.95270728767e-06,
1753,triangle,876,1375,735,,360236.9224028922,6952534.342689241,37419.73828125,49.570028962894916,46.809965168147265,-0.4299710371050799,-3.190034831852739,12,1841,7.95270728767e-06,
1754,triangle,1325,1378,822,,356727.875996405,6953885.320847012,19286.98828125,78.78712133777776,79.96527430818007,28.787121337777766,29.96527430818008,65,1681,6.32455532034e-06,
1755,triangle,1080,1323,1180,,353708.3852764519,6951575.646287792,125649.4111328125,113.77856181146943,105.9436394187912,63.77856181146942,55.943639418791186,65,1681,6.32455532034e-06,
1756,triangle,1037,1268,826,,352198.57577120623,6950070.420517895,569129.8393554688,81.91793144418762,94.94238008160114,31.917931444187612,44.94238008160114,6,1721,1.189207115e-05,
1757,triangle,630,1277,1161,,356180.5975270807,6952061.878165345,51500.2939453125,85.60100360701117,86.58153871175534,35.60100360701118,36.58153871175535,65,1681,6.32455532034e-06,
1758,triangle,1248,1444,1068,,357151.2153008554,6956936.897733853,33316.57568359375,125.25131336089348,129.5707114235273,75.25131336089349,79.57071142352734,65,1681,6.32455532034e-06,
1759,triangle,976,1212,657,,365056.2461293591,6955759.758674649,16564.79833984375,95.43584182871149,83.82930026208787,45.43584182871149,33.82930026208788,12,1841,7.95270728767e-06,
1760,triangle,797,1322,1163,,364130.5282366556,6957487.274056967,216662.9775390625,95.01625121631541,97.80400044736513,45.0162512163154,47.80400044736513,12,1841,7.95270728767e-06,
1761,triangle,775,860,689,,359130.23458716035,6950393.569236581,48407.970703125,79.2297293247724,82.32203162633434,29.229729324772414,32.322031626334336,12,1841,7.95270728767e-06,
1762,triangle,555,1419,568,,367002.54256760544,6952796.101985532,82618.92822265625,139.94317471787093,138.4891255200358,89.94317471787096,88.48912552003578,6,1721,1.1751379583488215e-05,
1763,triangle,1066,1154,644,,359397.92314778076,6946002.713379401,51734.33642578125,111.13084120407305,112.51025983213576,61.13084120407305,62.510259832135766,12,1841,7.95270728767e-06,
1764,triangle,800,1354,866,,361964.1229101662,6951124.73843344,77449.5908203125,98.61463634523793,99.67862806143694,48.614636345237926,49.67862806143693,65,1681,6.32455532034e-06,
1765,triangle,742,1446,772,,358947.5880678806,6947758.733800064,38598.51513671875,89.30320627377657,91.22677858331095,39.303206273776574,41.22677858331095,12,1841,7.95270728767e-06,
1766,triangle,950,1315,532,,362478.8191557336,6949346.6652329415,92776.37158203125,105.2935585255504,102.16400342333297,55.29355852555038,52.16400342333295,65,1681,6.32455532034e-06,
1767,triangle,704,1184,937,,359859.40581436985,6956809.650613151,35505.1474609375,133.46154767814593,130.21044742402404,83.46154767814593,80.21044742402403,65,1681,6.32455532034e-06,
1768,triangle,463,1208,940,,359809.85134105134,6956104.755140449,11492.86328125,96.67002260652467,96.05757195381085,46.670022606524654,46.05757195381085,65,1681,6.32455532034e-06,
1769,triangle,1066,1362,840,,359509.3997261734,6946343.728262012,39079.408203125,101.66369571813138,103.70056018884894,51.66369571813137,53.70056018884893,12,1841,7.95270728767e-06,
1770,triangle,1363,1364,865,,353007.78026761004,6954129.462795305,348135.22998046875,90.96353554565816,99.33004104190609,40.963535545658175,49.33004104190609,6,1721,1.189207115e-05,
1771,triangle,627,1291,1138,,357241.8814345928,6952817.898532931,51639.68359375,61.623967705091786,64.16895458176886,11.623967705091783,14.168954581768853,65,1681,6.32455532034e-06,
1772,triangle,645,1251,1206,,359023.6446395412,6945575.958484244,44901.728515625,131.16105664787045,128.3330754297706,81.16105664787047,78.33307542977059,18,2041,4.30886938006e-06,
1773,triangle,862,1140,691,,361044.5865853808,6948247.405973482,71835.98828125,89.67518808602276,93.54946065238157,39.67518808602276,43.549460652381555,12,1841,7.95270728767e-06,
1774,triangle,839,1339,739,,355588.0448717948,6955586.522435897,56920.853515625,91.754361552042,89.38064471095161,41.75436155204199,39.38064471095161,6,1721,1.189207115e-05,
1775,triangle,935,1308,958,,359241.4641589802,6951847.021131683,54932.67578125,49.95149627715898,52.041562123663844,-0.04850372284102289,2.041562123663844,12,1841,7.95270728767e-06,
1776,triangle,1203,1422,613,,363690.8675808371,6953533.066839675,46756.07470703125,81.09723395200791,82.86160594860308,31.097233952007894,32.861605948603085,65,1681,6.32455532034e-06,
1777,triangle,494,1252,740,,359001.3559138528,6946394.696007756,38207.79296875,98.00224278655753,100.3399583291967,48.002242786557524,50.33995832919671,12,1841,7.95270728767e-06,
1778,triangle,867,1240,1232,,358188.59159298707,6957132.652418471,55033.81396484375,141.34454824739277,145.22523561790447,91.34454824739278,95.22523561790449,65,1681,6.32455532034e-06,
1779,triangle,1206,1251,493,,358829.2110097687,6945599.405160811,60767.255859375,124.30527353912055,124.20995837103654,74.30527353912055,74.20995837103655,18,2041,4.30886938006e-06,
1780,triangle,726,997,817,,362581.94444444444,6955209.722222223,34500.0,30.9211593838846,29.936102212664604,-19.0788406161154,-20.063897787335396,12,1841,7.95270728767e-06,
1781,triangle,1375,1399,1091,,360298.7850618412,6952264.341032299,35452.30615234375,53.70856858264392,52.292877619964806,3.7085685826439296,2.2928776199648175,12,1841,7.95270728767e-06,
1782,triangle,832,1159,1109,,358230.85831241723,6950720.877073008,68261.51806640625,76.6926583668091,75.90472985828067,26.692658366809088,25.904729858280685,12,1841,7.95270728767e-06,
1783,triangle,1276,1277,631,,355974.54013269785,6951814.934388193,36395.482421875,84.92169625080969,82.90086272372302,34.921696250809674,32.90086272372302,65,1681,6.32455532034e-06,
1784,triangle,825,1208,854,,359973.28334273165,6955998.955301371,26259.04736328125,111.37420128042362,115.15271930292128,61.37420128042362,65.15271930292127,65,1681,6.32455532034e-06,
1785,triangle,868,1327,1249,,354749.8641609394,6948689.498367933,148689.923828125,88.9767895350655,89.47349376895356,38.9767895350655,39.47349376895355,12,1841,7.95270728767e-06,
1786,triangle,742,1356,715,,358767.2886757108,6948004.9522060575,32131.1435546875,85.36856826144277,86.27064526802566,35.36856826144278,36.270645268025675,12,1841,7.95270728767e-06,
1787,triangle,215,1421,214,,356030.0041926066,6954611.6006003795,6569.4609375,76.76648104945944,78.51465656925768,26.766481049459443,28.514656569257685,6,1721,1.189207115e-05,
1788,triangle,1398,1436,1051,,368811.22773504234,6944006.356831141,857615.1860351562,33.33361613492253,57.8484483948771,-16.66638386507747,7.8484483948771055,12,1841,8.234090420693573e-06,
1789,triangle,1409,1451,587,,367070.25423236884,6960474.938327223,934765.8828125,,4.56252973327331,-10049.0,-6814.486499984552,23,2151,5.0644071026785715e-06,
1790,triangle,1118,1204,673,,364777.91097232624,6952301.863973807,76430.26123046875,147.71737647595137,139.8880763525957,97.71737647595137,89.8880763525957,65,1681,6.32455532034e-06,
1791,triangle,137,1376,136,,355846.89874433255,6951444.213804475,911.91162109375,65.88508374097049,66.1007226490892,15.885083740970488,16.100722649089196,12,1841,7.603817580385e-06,
1792,triangle,1218,1306,669,,354286.16343993024,6956571.859706468,71432.26171875,100.34604087941905,98.59245394970122,50.34604087941905,48.59245394970122,6,1721,1.189207115e-05,
1793,triangle,352,1430,351,,357040.3389252608,6948483.576155968,3777.3173828125,59.22923099074417,59.31391502616487,9.229230990744163,9.313915026164873,12,1841,7.95270728767e-06,
1794,triangle,197,1431,196,,356072.04241071426,6955989.285714286,3145.22900390625,86.25730065262483,86.26836543586057,36.257300652624835,36.26836543586057,6,1721,1.189207115e-05,
1795,triangle,69,858,68,,361860.0679202498,6951841.500799563,4352.1962890625,87.90467086815165,88.02531939574588,37.904670868151655,38.025319395745875,12,1841,7.95270728767e-06,
1796,triangle,212,1198,1143,,355933.00532297866,6954805.6286029555,12372.05908203125,83.77029529770147,81.90410490906748,33.770295297701466,31.904104909067467,6,1721,1.189207115e-05,
1797,triangle,941,1127,468,,359334.0880522541,6955913.518212105,10207.4951171875,90.22775534224776,90.81702449443435,40.22775534224776,40.81702449443436,65,1681,6.32455532034e-06,
1798,triangle,1010,1011,381,,360413.3099998474,6949195.954233588,12767.1884765625,65.58710796580704,63.1256083799126,15.58710796580703,13.1256083799126,12,1841,7.95270728767e-06,
1799,triangle,447,1025,1024,,358832.0558929528,6951292.857469191,12854.849609375,49.6377896742491,51.301470452156174,-0.36221032575089923,1.3014704521561755,12,1841,7.95270728767e-06,
1800,triangle,1126,1393,534,,363409.25388047047,6949457.685738361,85064.869140625,108.72155315713975,107.4859175198098,58.72155315713975,57.48591751980981,65,1681,6.32455532034e-06,
1801,triangle,973,1003,740,,358975.28671395377,6946724.035580243,25871.99560546875,100.16522347167238,99.11925397690766,50.16522347167238,49.11925397690766,12,1841,7.95270728767e-06,
1802,triangle,1233,1313,1065,,360350.41870132805,6957866.724888618,154218.09033203125,121.12377892198043,116.35536809535925,71.12377892198043,66.35536809535927,12,1841,7.95270728767e-06,
1803,triangle,834,1157,673,,365343.96344830305,6952091.660174948,162187.806640625,95.82653988319822,97.20955288684536,45.82653988319823,47.20955288684535,12,1841,7.95270728767e-06,
1804,triangle,526,1294,525,,361612.4741442816,6951369.639905133,12340.68896484375,97.64515095850817,96.92558607230382,47.64515095850817,46.92558607230382,12,1841,7.72011414948e-06,
1805,triangle,1380,1384,669,,354254.36626465316,6957023.441798155,91861.0556640625,135.89189498570988,123.59774765325294,85.8918949857099,73.59774765325294,65,1681,6.32455532034e-06,
1806,triangle,672,1073,834,,365897.00874736457,6952579.347964521,125321.978515625,101.25801719577619,103.36261949723394,51.25801719577619,53.36261949723394,12,1841,7.95270728767e-06,
1807,triangle,1200,1449,1122,,362891.6717473255,6952778.8283908665,40928.09228515625,92.11123247299592,94.7573386149893,42.111232472995916,44.757338614989294,65,1681,6.32455532034e-06,
1808,triangle,44,875,43,,360390.8163265306,6952876.275510204,6514.66845703125,34.127396594459434,35.21949941722141,-15.872603405540566,-14.780500582778588,12,1841,7.95270728767e-06,
1809,triangle,48,876,47,,360458.6373990133,6952585.302712515,6306.73779296875,41.530803165305656,43.06652457629301,-8.46919683469434,-6.93347542370699,12,1841,7.95270728767e-06,
1810,triangle,57,877,56,,360981.32118608354,6952068.952046246,5594.26123046875,49.77845886804179,49.15521495607584,-0.22154113195821581,-0.8447850439241655,12,1841,7.95270728767e-06,
1811,triangle,59,878,58,,361137.5,6951987.5,5625.0,53.30833233727349,53.291666984558105,3.308332337273482,3.2916669845581055,12,1841,7.95270728767e-06,
1812,triangle,61,879,60,,361289.38011992397,6951904.595209819,6302.775390625,57.23668522118012,57.720615811352566,7.236685221180112,7.720615811352569,12,1841,7.95270728767e-06,
1813,triangle,99,880,98,,363542.6539795063,6955643.851654586,5759.73828125,20.699071060196836,23.45261451812226,-29.300928939803164,-26.547385481877743,12,1841,7.95270728767e-06,
1814,triangle,101,881,100,,363379.51391194324,6955569.782108593,7342.671875,22.614008848159738,25.688348608096046,-27.385991151840265,-24.31165139190395,12,1841,7.95270728767e-06,
1815,triangle,106,882,105,,363010.87927226437,6955488.867183011,5961.1396484375,23.22774048599077,23.476597800083397,-26.77225951400923,-26.523402199916603,12,1841,7.95270728767e-06,
1816,triangle,145,883,144,,356469.34262986603,6951617.63207828,5817.43701171875,60.59130322593055,60.78101408284581,10.591303225930556,10.78101408284581,12,1841,7.95270728767e-06,
1817,triangle,151,884,150,,356840.625,6951917.708333333,5390.625,58.63333286844561,56.16093753443824,8.633332868445615,6.16093753443824,12,1841,7.95270728767e-06,
1818,triangle,156,885,155,,357137.5,6952212.5,5625.0,53.73888810475663,52.15833377838135,3.7388881047566294,2.1583337783813477,12,1841,7.95270728767e-06,
1819,triangle,162,886,161,,357529.9708454811,6952366.727405247,5996.4462890625,41.81952475952001,42.30423765006788,-8.180475240479987,-7.69576234993212,12,1841,7.95270728767e-06,
1820,triangle,168,887,167,,356257.9705832354,6953870.831212841,5197.2978515625,74.91792652509912,75.44934472604304,24.917926525099112,25.449344726043037,65,1681,6.32455532034e-06,
1821,triangle,195,888,194,,356112.5,6956162.5,5625.0,89.46666505601671,89.4250005086263,39.46666505601671,39.425000508626304,6,1721,1.189207115e-05,
1822,triangle,200,889,199,,356035.546875,6955787.5,5844.7265625,85.12708558638892,85.44140686591466,35.1270855863889,35.441406865914665,6,1721,1.189207115e-05,
1823,triangle,203,890,202,,355970.13088474027,6955569.642857143,5570.0966796875,84.04568707726125,84.37891972717823,34.045687077261235,34.37891972717822,6,1721,1.189207115e-05,
1824,triangle,211,891,210,,356040.1530377481,6954968.421544963,5992.70703125,78.99412299239759,79.31065303724856,28.99412299239759,29.310653037248557,6,1721,1.189207115e-05,
1825,triangle,306,892,307,,359187.5,6946662.5,5625.0,90.5222231547038,91.29166666666667,40.52222315470379,41.291666666666664,12,1841,7.95270728767e-06,
1826,triangle,307,893,306,,359237.5,6946712.5,5625.0,90.45555750528972,90.64999961853027,40.45555750528972,40.64999961853027,12,1841,7.95270728767e-06,
1827,triangle,319,894,320,,358575.62983469834,6947548.901899629,8490.1796875,79.826845961107,80.45406538732671,29.826845961106994,30.454065387326718,12,1841,7.95270728767e-06,
1828,triangle,320,895,319,,358637.49011203804,6947621.684343867,6657.12646484375,78.62095847266679,79.1838531716298,28.62095847266677,29.183853171629806,12,1841,7.95270728767e-06,
1829,triangle,321,896,322,,358504.6113416766,6947703.79552349,7491.72802734375,76.0363877058323,76.78340951615422,26.036387705832308,26.783409516154222,12,1841,7.95270728767e-06,
1830,triangle,322,897,321,,358558.67382197385,6947765.559011106,5538.69384765625,75.44233191565877,76.13663842478961,25.44233191565878,26.1366384247896,12,1841,7.95270728767e-06,
1831,triangle,325,898,326,,358432.8210616803,6948007.558624131,6707.28515625,75.27642342111285,76.08371156105275,25.276423421112845,26.083711561052752,12,1841,7.95270728767e-06,
1832,triangle,326,899,325,,358489.81618275814,6948069.797833125,6706.57666015625,75.47100899593616,76.47860068158563,25.47100899593616,26.47860068158563,12,1841,7.95270728767e-06,
1833,triangle,331,900,330,,358490.4271017771,6948386.959296419,6015.12841796875,72.33569326744691,72.73425753187495,22.33569326744691,22.73425753187495,12,1841,7.95270728767e-06,
1834,triangle,330,901,331,,358436.84922948777,6948443.356934611,6357.11669921875,69.65332565784392,70.0020964074327,19.653325657843915,20.002096407432695,12,1841,7.95270728767e-06,
1835,triangle,334,902,335,,358290.49740217975,6948687.8557418985,5247.771484375,67.2278006596087,67.17480586643443,17.227800659608697,17.17480586643443,12,1841,7.95270728767e-06,
1836,triangle,336,902,337,,358190.49740217975,6948687.8557418985,5922.18701171875,66.67910537798335,66.67480586643443,16.679105377983355,16.67480586643443,12,1841,7.95270728767e-06,
1837,triangle,337,904,336,,358126.1761543203,6948745.299230304,7776.3466796875,66.99186810687607,68.88025426256937,16.99186810687606,18.880254262569366,12,1841,7.95270728767e-06,
1838,triangle,339,905,340,,357962.5,6948612.5,5625.0,65.72499995761447,66.13333320617676,15.724999957614473,16.133333206176758,12,1841,7.95270728767e-06,
1839,triangle,340,906,339,,357898.5845192901,6948673.0839992715,8381.19140625,66.07842318468417,67.39200719122628,16.078423184684183,17.392007191226288,12,1841,7.95270728767e-06,
1840,triangle,352,907,353,,356988.31346314034,6948382.693872965,6257.2041015625,59.02887099271677,59.38635167463701,9.028870992716772,9.386351674637018,12,1841,7.95270728767e-06,
1841,triangle,353,908,352,,356929.03318622144,6948437.4462502375,6571.4697265625,58.881485588860215,59.097308356528856,8.881485588860212,9.097308356528858,12,1841,7.95270728767e-06,
1842,triangle,367,910,358,,356575.0,6948450.0,5625.0,57.766666412353516,57.666666666666664,7.766666412353516,7.666666666666667,12,1841,7.95270728767e-06,
1843,triangle,361,911,360,,356554.21118084126,6947936.2297949,7647.90625,60.74404066021158,61.225196058035294,10.744040660211592,11.225196058035296,12,1841,7.95270728767e-06,
1844,triangle,360,912,361,,356487.5,6947987.5,5625.0,60.4249996609158,60.749999046325684,10.424999660915795,10.749999046325684,12,1841,7.95270728767e-06,
1845,triangle,364,913,363,,356608.414097263,6948156.528921593,5837.08203125,59.54490424507021,59.72561316709052,9.54490424507021,9.725613167090513,12,1841,7.95270728767e-06,
1846,triangle,363,914,364,,356562.5,6948212.5,5625.0,59.711112128363716,59.791666666666664,9.711112128363714,9.791666666666666,12,1841,7.95270728767e-06,
1847,triangle,370,915,369,,360376.07040538266,6948445.1218467085,9106.712890625,77.04185714050219,75.01838414200397,27.041857140502184,25.018384142003953,12,1841,7.95270728767e-06,
1848,triangle,369,916,370,,360312.6672813461,6948533.842893218,8007.25634765625,72.98980933378436,74.03936564244877,22.989809333784365,24.039365642448775,12,1841,7.95270728767e-06,
1849,triangle,378,918,377,,360665.991576318,6949033.91116603,5614.05810546875,64.04872547817789,64.51388425719456,14.04872547817789,14.513884257194555,12,1841,7.95270728767e-06,
1850,triangle,386,920,387,,360237.5,6949587.5,5625.0,56.14166694217258,56.71666622161865,6.141666942172579,6.716666221618652,12,1841,7.95270728767e-06,
1851,triangle,390,921,389,,360068.8375639597,6949706.210882266,5630.4501953125,57.16729723093961,56.866265031144714,7.1672972309396075,6.866265031144714,12,1841,7.95270728767e-06,
1852,triangle,389,922,390,,360012.5,6949662.5,5625.0,56.86111100514731,57.57500012715658,6.861111005147306,7.575000127156575,12,1841,7.95270728767e-06,
1853,triangle,397,923,398,,359559.9674092263,6950174.912690726,7325.98876953125,55.3659721905336,58.23298832345868,5.365972190533604,8.232988323458684,12,1841,7.95270728767e-06,
1854,triangle,408,924,409,,359337.5,6951012.5,5625.0,47.22500027550594,48.000000635782875,-2.7749997244940667,-1.9999993642171223,12,1841,7.95270728767e-06,
1855,triangle,409,925,408,,359394.14481811697,6951063.628953732,6499.54931640625,50.613784995777,49.25226541591173,0.6137849957769981,-0.7477345840882658,12,1841,7.95270728767e-06,
1856,triangle,410,926,411,,359266.8154761905,6951165.369897959,4816.6455078125,46.132996997210576,46.707815718471636,-3.8670030027894247,-3.292184281528358,12,1841,7.95270728767e-06,
1857,triangle,411,927,410,,359312.5,6951212.5,5625.0,45.23611206478543,46.56666660308838,-4.763887935214571,-3.433333396911621,12,1841,7.95270728767e-06,
1858,triangle,412,928,413,,359187.5,6951312.5,5625.0,44.01111030578615,45.316667238871254,-5.98888969421385,-4.683332761128743,12,1841,7.95270728767e-06,
1859,triangle,413,929,412,,359242.7980655097,6951361.2377350135,6079.02734375,44.36182806236526,44.04843570664435,-5.638171937634738,-5.951564293355652,12,1841,7.95270728767e-06,
1860,triangle,414,930,415,,359114.28571428574,6951464.285714286,5223.21435546875,44.19863851807909,43.446258544919054,-5.8013614819209085,-6.553741455080952,12,1841,7.95270728767e-06,
1861,triangle,425,903,424,,358354.3011543203,6948807.128065531,5943.02783203125,66.92907904851559,67.34028318284088,16.929079048515586,17.340283182840885,12,1841,7.95270728767e-06,
1862,triangle,428,931,429,,361638.6385568248,6949574.660365011,7197.54638671875,79.94536691193986,80.39895431229318,29.945366911939853,30.398954312293174,12,1841,7.95270728767e-06,
1863,triangle,429,932,428,,361573.1538632703,6949641.023977633,7635.3876953125,80.34338177937781,81.89509480438635,30.343381779377797,31.895094804386336,12,1841,7.95270728767e-06,
1864,triangle,450,930,449,,359014.28571428574,6951464.285714286,5625.0,45.95510280371296,44.17959086099978,-4.044897196287043,-5.820409139000223,12,1841,7.95270728767e-06,
1865,triangle,449,934,450,,358971.875,6951519.661458333,5375.9765625,45.51178443790289,44.96286813749208,-4.488215562097115,-5.037131862507917,12,1841,7.95270728767e-06,
1866,triangle,453,936,452,,359184.3040770654,6955585.280079049,6234.2822265625,82.17672191317547,81.84792347703903,32.17672191317546,31.84792347703903,65,1681,6.32455532034e-06,
1867,triangle,457,937,456,,360002.83564814815,6956621.122685186,7682.29150390625,112.90352384105876,113.07453594091038,62.90352384105877,63.07453594091038,65,1681,6.32455532034e-06,
1868,triangle,456,938,457,,360063.59613182093,6956563.428018659,5643.9130859375,109.92073203822214,109.32920402084603,59.92073203822214,59.32920402084604,65,1681,6.32455532034e-06,
1869,triangle,463,939,462,,359787.5,6956237.5,5625.0,95.63333235846623,95.29166666666667,45.633332358466234,45.291666666666664,65,1681,6.32455532034e-06,
1870,triangle,464,940,465,,359683.84382914426,6956109.281865213,5575.720703125,91.73017956008457,90.14061875666039,41.730179560084565,40.14061875666038,65,1681,6.32455532034e-06,
1871,triangle,470,941,469,,359337.5,6955787.5,5625.0,80.72222349378796,82.3000005086263,30.722223493787972,32.300000508626304,65,1681,6.32455532034e-06,
1872,triangle,469,942,470,,359385.1574846416,6955733.404748924,5822.1826171875,81.08131647759654,81.95190264126252,31.081316477596545,31.95190264126253,65,1681,6.32455532034e-06,
1873,triangle,476,943,475,,358512.5,6956637.5,5625.0,120.1888870663113,121.03333473205566,70.1888870663113,71.03333473205566,65,1681,6.32455532034e-06,
1874,triangle,475,944,476,,358562.5,6956687.5,5625.0,119.58889113532172,120.53333346048991,69.58889113532172,70.53333346048991,65,1681,6.32455532034e-06,
1875,triangle,480,945,479,,358812.5,6956562.5,5625.0,116.64166937934027,117.10000165303548,66.64166937934026,67.10000165303548,65,1681,6.32455532034e-06,
1876,triangle,479,946,480,,358867.06937415694,6956610.645225861,5930.392578125,115.48037800932866,116.12116975475648,65.48037800932866,66.12116975475648,65,1681,6.32455532034e-06,
1877,triangle,486,947,485,,359259.5507865797,6956492.0752374865,5442.07275390625,107.84059544944056,106.77241083618078,57.840595449440556,56.772410836180796,65,1681,6.32455532034e-06,
1878,triangle,485,948,486,,359329.6875,6956540.104166667,7851.5625,103.36632192797647,106.9177084300253,53.366321927976486,56.9177084300253,65,1681,6.32455532034e-06,
1879,triangle,645,1154,665,,359387.0905606171,6945660.724129066,48234.78466796875,122.47919947666935,123.59612687451204,72.47919947666935,73.59612687451205,12,1841,7.95270728767e-06,
1880,triangle,1118,1333,1204,,364551.6759727479,6952472.2763737375,102773.580078125,145.5854599914798,144.72542804786053,95.5854599914798,94.72542804786053,65,1681,6.32455532034e-06,
1881,triangle,1204,1333,966,,364630.6997483081,6952739.042267156,108010.70068359375,154.75083041700992,152.4980134274549,104.75083041700992,102.49801342745491,65,1681,6.32455532034e-06,
1882,triangle,1308,1373,718,,359328.61778034474,6952275.0770267695,48365.75048828125,50.465919799620565,49.95082893473156,0.4659197996205707,-0.049171065268433956,12,1841,7.95270728767e-06,
1883,triangle,1123,1329,181,,358229.23472926905,6956575.232728827,18365.6484375,142.27657547032717,139.2364850376324,92.27657547032717,89.23648503763242,65,1681,6.32455532034e-06,
1884,triangle,684,1308,718,,359550.07683288725,6952137.804509777,83694.04248046875,51.61223868922855,53.10838512741122,1.6122386892285485,3.10838512741122,12,1841,7.95270728767e-06,
1885,triangle,960,1077,504,,356011.86716264224,6951256.068537042,20598.3583984375,77.38819175066516,76.99896681846634,27.388191750665165,26.998966818466346,12,1841,7.95270728767e-06,
1886,triangle,481,1360,970,,358973.15104877297,6956454.97365694,11903.91845703125,122.8594501123169,120.60005184008423,72.8594501123169,70.60005184008422,65,1681,6.32455532034e-06,
1887,triangle,529,1288,1242,,361734.51884577837,6948983.851183992,50715.00244140625,90.06605506728853,91.302862930648,40.06605506728854,41.30286293064799,12,1841,7.95270728767e-06,
1888,triangle,1045,1285,516,,356879.2952694636,6958651.657216705,120646.478515625,162.7569931344963,156.00350373289947,112.7569931344963,106.00350373289949,12,1841,7.95270728767e-06,
1889,triangle,838,1325,863,,356606.02851593983,6953643.567969481,28665.62109375,87.23419762411902,82.51369274300401,37.234197624119005,32.51369274300402,65,1681,6.32455532034e-06,
1890,triangle,775,1193,860,,359300.7567794588,6950396.221984665,27513.6005859375,79.90899680014743,76.14327089334851,29.908996800147435,26.1432708933485,12,1841,7.95270728767e-06,
1891,triangle,1226,1418,671,,367858.63844250684,6952931.253810688,221284.06787109375,142.6655800108561,149.47661375111,92.6655800108561,99.47661375111,6,1721,1.189207115e-05,
1892,triangle,1182,1272,964,,359264.1651709748,6953764.102801145,58038.5224609375,65.10533092338706,65.04838624989905,15.10533092338706,15.048386249899039,65,1681,6.32455532034e-06,
1893,triangle,191,1435,190,,356260.26676810876,6956464.733231891,6127.47705078125,95.16801826554668,95.79168073248434,45.168018265546685,45.791680732484316,6,1721,1.189207115e-05,
1894,triangle,348,1369,1178,,357320.5854696054,6948358.290271278,11665.5908203125,61.38007520562065,61.95967871658976,11.380075205620647,11.959678716589755,12,1841,7.95270728767e-06,
1895,triangle,905,1195,340,,357913.08696959144,6948545.716094029,8424.26708984375,67.42126144642336,67.47387253089222,17.42126144642336,17.473872530892233,12,1841,7.95270728767e-06,
1896,triangle,203,1263,890,,355907.38977821317,6955541.666666667,7647.1298828125,85.80566672922228,85.64500203506799,35.80566672922229,35.64500203506798,6,1721,1.189207115e-05,
1897,triangle,168,1266,887,,356299.7440024777,6953808.337181487,7405.99658203125,76.29064793594506,75.14468983636783,26.290647935945053,25.144689836367835,65,1681,6.32455532034e-06,
1898,triangle,903,1267,424,,358397.16536632896,6948874.365989916,9259.02783203125,69.84573781807549,69.96329991875312,19.8457378180755,19.96329991875312,12,1841,7.95270728767e-06,
1899,triangle,893,1265,306,,359296.35605336906,6946669.878134322,6704.43896484375,93.50424412134598,93.49548058245136,43.50424412134598,43.49548058245136,12,1841,7.95270728767e-06,
1900,triangle,782,1451,1409,,366776.97638039454,6959545.683444354,994601.7241210938,,4.942961127825047,-10049.0,-3479.7120358104257,23,2151,1.653961167732143e-05,
1901,triangle,723,1212,755,,364940.8008310525,6956016.988253714,49943.646484375,52.72205228242525,57.42861336057678,2.7220522824252567,7.428613360576786,12,1841,7.95270728767e-06,
1902,triangle,802,1133,1019,,361670.17216433847,6949896.527198042,23210.4619140625,96.08630156879553,95.18780287278626,46.086301568795534,45.18780287278626,12,1841,7.95270728767e-06,
1903,triangle,1258,1448,1042,,359803.34191794647,6953992.206798046,75458.2568359375,66.580113938223,80.39149318496241,16.580113938222997,30.39149318496241,65,1681,6.32455532034e-06,
1904,triangle,1006,1278,315,,358896.1242294009,6947387.0058538085,10107.04345703125,84.73625650570376,85.23103191741359,34.73625650570377,35.23103191741358,12,1841,7.95270728767e-06,
1905,triangle,1018,1345,786,,361051.5376984127,6948945.982142857,14070.47216796875,78.5834646976181,76.36130562831575,28.583464697618094,26.361305628315744,12,1841,7.95270728767e-06,
1906,triangle,424,1454,425,,358411.64725909167,6948769.041196741,4793.18212890625,66.97926677545573,67.02489055699697,16.979266775455738,17.024890556996965,12,1841,7.95270728767e-06,
1907,triangle,715,1356,899,,358680.3067881185,6948100.021305304,27721.6513671875,87.07504860134412,84.69572660083111,37.075048601344115,34.695726600831115,12,1841,7.95270728767e-06,
1908,triangle,950,1179,778,,362432.31669141754,6949781.654161006,95230.42724609375,100.49935799675052,105.22734371883287,50.49935799675051,55.227343718832884,65,1681,6.32455532034e-06,
1909,triangle,317,1443,318,,358659.0092894785,6947410.696867217,6220.55712890625,79.47615609783288,80.82396337530999,29.476156097832877,30.82396337530999,12,1841,7.95270728767e-06,
1910,triangle,1148,1166,845,,363376.84581212467,6951939.631640042,89247.20947265625,102.267731427225,106.78662314080047,52.267731427225,56.78662314080048,65,1681,6.32455532034e-06,
1911,triangle,499,1467,1413,,354287.34160696133,6949435.036448252,83500.8603515625,120.28117684314918,117.68008049857487,70.28117684314918,67.68008049857487,65,1681,6.32455532034e-06,
1912,triangle,126,1416,125,,361383.7954045233,6954527.970333815,23949.3798828125,59.541769335376024,60.039089621824395,9.541769335376026,10.039089621824393,65,1681,6.6152967430775e-06,
1913,triangle,534,1169,956,,363927.4733049758,6949035.055729364,413382.625,89.79689252412032,85.3814462512459,39.796892524120324,35.3814462512459,12,1841,9.301474668240358e-06,
1914,triangle,1182,1448,1258,,359618.4719703102,6953844.832920524,49993.12890625,46.91202860923885,62.03201339288186,-3.0879713907611483,12.03201339288186,65,1681,6.32455532034e-06,
1915,triangle,967,1331,1270,,364884.527750652,6954752.144335638,67415.3486328125,90.91082978089156,98.94980811444067,40.91082978089156,48.94980811444068,65,1681,6.32455532034e-06,
1916,triangle,827,1442,179,,359059.0192726689,6955895.969026095,18558.35498046875,104.41125556262094,104.98010581033185,54.41125556262094,54.98010581033186,65,1681,6.32455532034e-06,
1917,triangle,899,900,715,,358650.02799241344,6948220.341961418,31672.63134765625,84.81297073408697,83.22339222280392,34.812970734086974,33.22339222280394,12,1841,7.95270728767e-06,
1918,triangle,748,758,696,,360162.59779672587,6950121.407432527,53096.63330078125,79.03171899389788,76.64642062484667,29.031718993897872,26.646420624846684,12,1841,7.95270728767e-06,
1919,triangle,1228,1466,1042,,360178.1403394863,6953972.26142428,63554.6572265625,105.77286223492382,92.902076245815,55.77286223492381,42.90207624581499,65,1681,6.32455532034e-06,
1920,triangle,400,1202,1193,,359474.9105948629,6950378.3830665825,9203.59033203125,54.36824763738505,61.37382685264487,4.36824763738505,11.37382685264486,12,1841,7.95270728767e-06,
1921,triangle,204,1264,1263,,355873.9308101805,6955415.592217174,9136.7705078125,84.51729396998357,84.4894681998105,34.51729396998357,34.489468199810496,6,1721,1.189207115e-05,
1922,triangle,798,1394,1065,,360645.30853138334,6958771.172091846,500525.99560546875,86.72352472787769,100.29412583028055,36.72352472787768,50.29412583028054,12,1841,7.95270728767e-06,
1923,triangle,1220,1267,841,,358608.5044615066,6949075.5095526455,44041.4248046875,76.576018730155,77.40151453296342,26.576018730155,27.401514532963414,12,1841,7.95270728767e-06,
1924,triangle,504,1337,1210,,356011.7543149409,6950985.107039179,28875.48486328125,91.20446628882773,90.63816548174434,41.20446628882773,40.63816548174432,65,1681,6.32455532034e-06,
1925,triangle,829,1311,725,,361120.21530166705,6951375.358615682,67282.4609375,79.11582919593053,77.51126595427205,29.11582919593053,27.511265954272044,12,1841,7.95270728767e-06,
1926,triangle,1185,1474,404,,359615.1047244791,6950712.277482611,3205.9560546875,53.292203958053925,52.47078766827507,3.292203958053928,2.470787668275071,12,1841,7.95270728767e-06,
1927,triangle,441,1474,1185,,359640.1047244791,6950687.277482611,3142.34228515625,55.20846218538438,53.37078792258822,5.20846218538438,3.3707879225882222,12,1841,7.95270728767e-06,
1928,triangle,171,1378,1325,,356616.51426544477,6953891.145469035,10940.4091796875,74.38957721121156,76.22014636731477,24.38957721121155,26.220146367314765,65,1681,6.32455532034e-06,
1929,triangle,1311,1420,725,,361096.703442276,6951554.4597524265,42688.84326171875,74.6609174111631,70.95080977403599,24.66091741116309,20.950809774035978,12,1841,7.95270728767e-06,
1930,triangle,380,1457,379,,360590.59197842464,6949181.369624731,5283.18017578125,64.13775528819455,64.00915874579016,14.137755288194557,14.009158745790161,12,1841,7.95270728767e-06,
1931,triangle,716,926,924,,359180.2083333333,6951045.089285714,17838.80810546875,57.6758029111072,57.4347651924465,7.675802911107196,7.434765192446501,12,1841,7.95270728767e-06,
1932,triangle,716,928,926,,359130.2083333333,6951145.089285714,17035.2353515625,59.171345711404456,56.3180987165147,9.171345711404449,6.318098716514697,12,1841,7.95270728767e-06,
1933,triangle,567,1432,1073,,366493.1843822333,6952456.636329703,140400.2158203125,118.74571957919069,116.95535895660629,68.7457195791907,66.95535895660629,6,1721,1.0766538617905715e-05,
1934,triangle,573,1268,1037,,351396.2978661301,6949958.24605167,822693.8364257812,85.66607536445532,90.24242410592541,35.666075364455324,40.24242410592541,6,1721,1.189207115e-05,
1935,triangle,1232,1455,1049,,357840.9641803177,6956960.872436698,57939.96875,137.03662637645857,138.03789509903973,87.03662637645859,88.03789509903977,65,1681,6.32455532034e-06,
1936,triangle,533,1035,730,,363071.9575626792,6948898.377539051,102253.2138671875,93.3595503879322,95.38597462554795,43.359550387932195,45.38597462554795,12,1841,7.95270728767e-06,
1937,triangle,1314,1376,953,,355738.84913689765,6951422.437012059,10527.9169921875,67.51244715080804,68.77119757162703,17.51244715080804,18.771197571627027,65,1681,6.3827036048875e-06,
1938,triangle,667,1293,1180,,353191.8666255109,6951315.844310348,135959.30078125,110.81576165057194,108.8786014637105,60.81576165057194,58.8786014637105,65,1681,6.32455532034e-06,
1939,triangle,664,1154,1066,,359608.93454547686,6945977.740599155,52066.8076171875,118.51392320228796,113.86193141764856,68.51392320228794,63.86193141764857,12,1841,7.95270728767e-06,
1940,triangle,558,1407,557,,365179.4132398451,6952685.679063942,14584.255859375,133.17450394639656,133.4297857050103,83.17450394639656,83.42978570501026,65,1681,6.4408518894350004e-06,
1941,triangle,1274,1463,527,,361539.68803041073,6951116.387408927,31997.2978515625,103.05271217846051,100.95337369695066,53.05271217846051,50.95337369695067,12,1841,7.95270728767e-06,
1942,triangle,840,1362,1265,,359439.06107778917,6946489.335847874,31396.71875,99.16289211010289,100.3168887686137,49.162892110102895,50.31688876861369,12,1841,7.95270728767e-06,
1943,triangle,863,1325,822,,356744.0355205648,6953778.49515726,27935.03759765625,90.67893604977507,85.45005724106825,40.678936049775075,35.45005724106824,65,1681,6.32455532034e-06,
1944,triangle,830,1209,1052,,358711.8804438506,6948613.717822994,21359.34716796875,76.0959543580132,78.13033071884759,26.095954358013195,28.130330718847603,12,1841,7.95270728767e-06,
1945,triangle,746,873,710,,360628.2855647833,6949707.55883148,41939.44873046875,78.36401704571927,81.16496321658326,28.364017045719265,31.16496321658327,12,1841,7.95270728767e-06,
1946,triangle,356,1401,908,,356765.0058998673,6948503.708311419,9418.28125,59.19744191723222,58.749188103699204,9.197441917232219,8.7491881036992,12,1841,7.95270728767e-06,
1947,triangle,1052,1438,830,,358650.48398523155,6948532.609473423,11719.30908203125,75.72487735491457,76.76883669088987,25.72487735491457,26.768836690889867,12,1841,7.95270728767e-06,
1948,triangle,699,1336,729,,356987.457124158,6947944.577023347,41822.57421875,68.83219028193236,68.8434541105172,18.832190281932345,18.8434541105172,12,1841,7.95270728767e-06,
1949,triangle,1119,1421,215,,356021.73644976714,6954528.332857539,9792.1640625,81.14688827778383,82.2929291043065,31.146888277783834,32.29292910430649,6,1721,1.189207115e-05,
1950,triangle,658,1372,1274,,361575.71758633596,6950659.417200192,73792.1064453125,106.53379163175107,106.53775358402818,56.533791631751065,56.53775358402819,12,1841,7.95270728767e-06,
1951,triangle,709,1424,1423,,367600.78843151825,6955607.055955842,276555.58251953125,152.20659126430382,159.36418128787727,102.20659126430381,109.36418128787727,65,1681,6.32455532034e-06,
1952,triangle,1261,1400,801,,354407.9289813118,6958813.828812909,541707.5737304688,172.8298666502378,149.91351057588346,122.82986665023779,99.91351057588345,12,1841,7.95270728767e-06,
1953,triangle,31,1304,1303,,359717.7101941981,6952811.20081564,7396.2294921875,34.16852142356593,35.06322307085621,-15.831478576434069,-14.936776929143788,12,1841,7.95270728767e-06,
1954,triangle,735,1375,1054,,360091.7829839969,6952585.324802536,33501.86181640625,48.48471226448518,46.48922517744365,-1.5152877355148162,-3.5107748225563444,12,1841,7.95270728767e-06,
1955,triangle,816,992,26,,359361.31157859834,6952731.766408923,11267.5048828125,41.55930045242409,40.87845225988955,-8.44069954757591,-9.12154774011045,12,1841,7.95270728767e-06,
1956,triangle,1256,1381,629,,356736.17105878703,6952501.667659689,47296.33056640625,90.00170702706572,86.33016737800847,40.001707027065734,36.33016737800847,65,1681,6.32455532034e-06,
1957,triangle,739,1339,697,,355576.2794006267,6955814.220642626,73214.451171875,96.30613821866771,94.67202693874826,46.30613821866771,44.67202693874825,6,1721,1.189207115e-05,
1958,triangle,462,1371,1208,,359915.6490599309,6956180.831727211,8013.30078125,100.37492071489655,100.52452076300948,50.37492071489655,50.524520763009484,65,1681,6.32455532034e-06,
1959,triangle,1207,1371,460,,359993.91307021637,6956259.9954671925,8010.2412109375,106.09025325699587,106.03817514990608,56.09025325699587,56.03817514990609,65,1681,6.32455532034e-06,
1960,triangle,958,1351,935,,359143.7838926323,6951715.662751366,22471.2900390625,43.103036437133625,47.6152070664819,-6.896963562866377,-2.384792933518107,12,1841,7.95270728767e-06,
1961,triangle,964,1272,1214,,359065.71079624095,6953705.3035837235,64860.2646484375,64.84527952400893,68.03667083976103,14.845279524008937,18.036670839761026,65,1681,6.32455532034e-06,
1962,triangle,732,1350,861,,356649.75486121076,6948782.930695293,39568.599609375,66.2037861985178,67.38992558441377,16.203786198517797,17.38992558441377,12,1841,7.95270728767e-06,
1963,triangle,733,1352,862,,361021.7308817836,6948538.0961703835,18544.38134765625,78.76392059127015,80.23916443419704,28.763920591270153,30.23916443419704,12,1841,7.95270728767e-06,
1964,triangle,1281,1300,980,,366775.3234105481,6953532.589644262,93080.9052734375,168.06510661814428,160.36948596158453,118.06510661814428,110.36948596158457,65,1681,6.32455532034e-06,
1965,triangle,7,988,6,,357862.5,6952462.5,4218.75,37.57499980926514,39.53333346048991,-12.425000190734863,-10.466666539510092,12,1841,7.95270728767e-06,
1966,triangle,13,989,12,,358313.3212891442,6952674.035512671,5733.50439453125,37.608019053124686,39.1920742721779,-12.391980946875314,-10.807925727822104,12,1841,7.95270728767e-06,
1967,triangle,16,990,15,,358548.1020070586,6952694.130021673,3472.87255859375,36.964064290197896,38.14471812051133,-13.035935709802104,-11.855281879488674,12,1841,7.95270728767e-06,
1968,triangle,22,991,21,,358979.0119815949,6952683.071350414,4716.97265625,34.03020710686492,34.28016895474948,-15.969792893135077,-15.719831045250528,12,1841,7.95270728767e-06,
1969,triangle,26,992,25,,359286.31157859834,6952756.766408923,4863.779296875,34.982872701633596,36.04511892655622,-15.017127298366404,-13.954881073443785,12,1841,7.95270728767e-06,
1970,triangle,43,993,42,,360338.8666180758,6952991.448007775,4065.00537109375,31.553901330011985,31.462526436162857,-18.446098669988015,-18.537473563837143,12,1841,7.95270728767e-06,
1971,triangle,45,875,44,,360415.8163265306,6952826.275510204,3845.66357421875,35.918601933081796,36.28616633820123,-14.081398066918204,-13.713833661798772,12,1841,7.95270728767e-06,
1972,triangle,49,876,48,,360483.6373990133,6952535.302712515,4653.29296875,42.44925473174865,43.2998581639395,-7.550745268251347,-6.700141836060506,12,1841,7.95270728767e-06,
1973,triangle,56,877,55,,360931.32118608354,6952093.952046246,3492.89453125,47.809734398268475,48.021882385681955,-2.190265601731517,-1.9781176143180457,12,1841,7.95270728767e-06,
1974,triangle,58,878,57,,361087.5,6952012.5,4218.75,52.42499923706055,52.15833314259847,2.424999237060547,2.15833314259847,12,1841,7.95270728767e-06,
1975,triangle,60,879,59,,361239.38011992397,6951929.595209819,5108.0390625,55.15185674963777,55.753949907625355,5.1518567496377745,5.753949907625355,12,1841,7.95270728767e-06,
1976,triangle,81,994,80,,364762.5,6955612.5,4218.75,41.27499961853027,42.78333346048991,-8.725000381469727,-7.216666539510091,12,1841,7.95270728767e-06,
1977,triangle,93,995,92,,364012.5,6955837.5,4218.75,20.375,22.71666669845581,-29.625,-27.28333330154419,12,1841,7.95270728767e-06,
1978,triangle,97,996,96,,363711.43001898774,6955684.588531255,3891.20947265625,20.48614089212429,20.69910421050069,-29.51385910787571,-29.30089578949931,12,1841,7.95270728767e-06,
1979,triangle,100,880,99,,363492.6539795063,6955618.851654586,4933.3115234375,21.66837419573335,23.45261451812226,-28.33162580426665,-26.547385481877743,12,1841,7.95270728767e-06,
1980,triangle,102,881,101,,363329.51391194324,6955544.782108593,5037.98681640625,24.386811188678614,26.255014893292984,-25.61318881132139,-23.74498510670701,12,1841,7.95270728767e-06,
1981,triangle,107,882,106,,362960.87927226437,6955463.867183011,4372.55859375,23.18945386176773,23.84326459390664,-26.81054613823227,-26.15673540609336,12,1841,7.95270728767e-06,
1982,triangle,110,997,109,,362812.5,6955237.5,4218.75,21.949999809265137,22.116666793823242,-28.050000190734863,-27.883333206176758,12,1841,7.95270728767e-06,
1983,triangle,120,998,119,,362216.43601376616,6955161.1720034005,4661.5517578125,36.296038492112174,36.06206138046708,-13.703961507887827,-13.937938619532924,12,1841,7.95270728767e-06,
1984,triangle,144,999,143,,356364.18614740786,6951554.145061526,5158.6806640625,62.45010417612811,63.37136230034878,12.45010417612811,13.371362300348773,12,1841,7.95270728767e-06,
1985,triangle,146,883,145,,356519.34262986603,6951642.63207828,3641.39111328125,59.937427994891536,59.88101382853265,9.937427994891538,9.881013828532657,12,1841,7.95270728767e-06,
1986,triangle,150,884,149,,356815.625,6951867.708333333,4570.3125,57.987384078684016,56.36093702581194,7.987384078684025,6.360937025811938,12,1841,7.95270728767e-06,
1987,triangle,152,1000,151,,356886.16071428574,6952025.744047619,4068.08056640625,55.71755155359037,55.00959047533009,5.717551553590367,5.009590475330095,12,1841,7.95270728767e-06,
1988,triangle,157,885,156,,357187.5,6952237.5,4218.75,52.92499923706055,51.72499942779541,2.924999237060547,1.7249994277954102,12,1841,7.95270728767e-06,
1989,triangle,161,886,160,,357479.9708454811,6952391.727405247,3743.1669921875,43.096354564113774,43.304237650067876,-6.903645435886222,-6.69576234993212,12,1841,7.95270728767e-06,
1990,triangle,167,887,166,,356207.9705832354,6953895.831212841,3281.48828125,75.34874274452014,75.64934676054826,25.348742744520138,25.649346760548244,65,1681,6.32455532034e-06,
1991,triangle,190,1001,189,,356360.3926015234,6956513.305857453,4309.40869140625,97.06702123620438,97.4024235961535,47.067021236204376,47.40242359615349,6,1721,1.189207115e-05,
1992,triangle,194,888,193,,356137.5,6956212.5,4218.75,90.04999923706055,90.2249984741211,40.04999923706055,40.224998474121094,6,1721,1.189207115e-05,
1993,triangle,199,889,198,,356060.546875,6955837.5,4438.4765625,85.18932404120764,85.5747407078743,35.189324041207634,35.5747407078743,6,1721,1.189207115e-05,
1994,triangle,202,890,201,,355995.13088474027,6955619.642857143,3360.275390625,84.1767625174464,84.37891972717823,34.1767625174464,34.37891972717822,6,1721,1.189207115e-05,
1995,triangle,210,891,209,,356065.1530377481,6955018.421544963,3920.283203125,79.480952830103,79.74398484470298,29.480952830103,29.743984844702982,6,1721,1.189207115e-05,
1996,triangle,217,1002,216,,356223.0543166255,6954487.424766165,4227.2138671875,75.8574937734649,75.49803133759171,25.857493773464896,25.49803133759171,6,1721,1.189207115e-05,
1997,triangle,305,892,306,,359212.5,6946612.5,4218.75,90.875,91.45833333333333,40.875,41.458333333333336,12,1841,7.95270728767e-06,
1998,triangle,308,893,307,,359212.5,6946762.5,4218.75,89.55000114440918,90.08333396911621,39.55000114440918,40.08333396911621,12,1841,7.95270728767e-06,
1999,triangle,308,1003,309,,359139.0846919892,6946833.530466276,4040.47216796875,88.43251625611427,88.38398011851604,38.432516256114276,38.38398011851604,12,1841,7.95270728767e-06,
2000,triangle,312,1004,311,,359062.5,6947062.5,4218.75,85.05000114440918,85.35833422342937,35.05000114440918,35.35833422342936,12,1841,7.95270728767e-06,
2001,triangle,312,1005,313,,358989.60749259195,6947147.028297068,3981.65673828125,84.78037870790686,85.18097558804554,34.78037870790686,35.18097558804555,12,1841,7.95270728767e-06,
2002,triangle,316,1006,315,,358826.9668002683,6947363.714618475,4355.39453125,80.72076521763083,81.1982085912101,30.720765217630827,31.198208591210108,12,1841,7.95270728767e-06,
2003,triangle,318,894,319,,358600.62983469834,6947498.901899629,5554.1435546875,80.54509092918613,80.75406589595302,30.545090929186145,30.75406589595302,12,1841,7.95270728767e-06,
2004,triangle,321,895,320,,358612.49011203804,6947671.684343867,4217.6376953125,77.75175781293677,78.38385266300351,27.75175781293676,28.383852663003506,12,1841,7.95270728767e-06,
2005,triangle,320,896,321,,358529.6113416766,6947653.79552349,5106.2236328125,77.71950285261602,77.75007414831568,27.719502852616014,27.75007414831568,12,1841,7.95270728767e-06,
2006,triangle,323,897,322,,358533.67382197385,6947815.559011106,3788.30517578125,75.12201745332564,75.60330560008258,25.12201745332563,25.603305600082567,12,1841,7.95270728767e-06,
2007,triangle,324,898,325,,358457.8210616803,6947957.558624131,4745.13037109375,75.45519216504579,76.31704642026499,25.455192165045787,26.31704642026499,12,1841,7.95270728767e-06,
2008,triangle,327,899,326,,358464.81618275814,6948119.797833125,4479.3203125,74.5217243203577,75.64526734825229,24.521724320357702,25.645267348252293,12,1841,7.95270728767e-06,
2009,triangle,330,900,329,,358465.4271017771,6948336.959296419,4548.048828125,72.5314805340155,72.76759035658198,22.531480534015508,22.76759035658198,12,1841,7.95270728767e-06,
2010,triangle,331,901,332,,358461.84922948777,6948493.356934611,4291.96142578125,69.16155117566703,69.60209742468531,19.161551175667036,19.6020974246853,12,1841,7.95270728767e-06,
2011,triangle,335,902,336,,358240.49740217975,6948712.8557418985,4178.72900390625,66.32869411942198,66.50813919976777,16.328694119421982,16.508139199767765,12,1841,7.95270728767e-06,
2012,triangle,335,903,425,,358304.3011543203,6948782.128065531,3614.4072265625,66.19193387547037,66.70695188401275,16.191933875470372,16.70695188401276,12,1841,7.95270728767e-06,
2013,triangle,338,904,337,,358076.1761543203,6948720.299230304,5096.1630859375,67.71578876836476,68.8135886131553,17.71578876836476,18.813588613155304,12,1841,7.95270728767e-06,
2014,triangle,338,905,339,,358012.5,6948637.5,4218.75,66.02499961853027,66.2666670481364,16.024999618530273,16.266667048136394,12,1841,7.95270728767e-06,
2015,triangle,341,906,340,,357848.5845192901,6948648.0839992715,5409.44970703125,66.05565201934367,67.25867334926666,16.05565201934368,17.258673349266655,12,1841,7.95270728767e-06,
2016,triangle,343,1007,344,,357638.8709385674,6948564.223491921,4024.857421875,63.263733282928825,63.498464449137266,13.263733282928834,13.498464449137268,12,1841,7.95270728767e-06,
2017,triangle,347,1008,346,,357412.1873906322,6948483.7639587885,3798.4453125,61.45993856452985,61.51644567115054,11.459938564529851,11.516445671150542,12,1841,7.95270728767e-06,
2018,triangle,351,907,352,,357038.31346314034,6948407.693872965,4759.439453125,59.1067565744816,59.4196857709098,9.1067565744816,9.419685770909805,12,1841,7.95270728767e-06,
2019,triangle,354,908,353,,356879.03318622144,6948412.4462502375,4212.703125,59.00293180782378,59.097308356528856,9.00293180782378,9.097308356528858,12,1841,7.95270728767e-06,
2020,triangle,360,911,359,,356529.21118084126,6947886.2297949,6098.7578125,61.62081933609903,61.791862979015114,11.620819336099032,11.791862979015114,12,1841,7.95270728767e-06,
2021,triangle,361,912,362,,356512.5,6948037.5,4218.75,59.97499942779541,60.38333288828532,9.97499942779541,10.383332888285318,12,1841,7.95270728767e-06,
2022,triangle,363,913,362,,356583.414097263,6948106.528921593,3759.0859375,59.75113667768354,59.892279833757186,9.75113667768354,9.892279833757181,12,1841,7.95270728767e-06,
2023,triangle,365,909,364,,356667.1875,6948259.47265625,4746.09375,59.147899685738,59.21704931526134,9.147899685737992,9.217049315261344,12,1841,7.95270728767e-06,
2024,triangle,364,914,365,,356587.5,6948262.5,4218.75,59.35000038146973,59.52500025431315,9.350000381469727,9.52500025431315,12,1841,7.95270728767e-06,
2025,triangle,366,910,367,,356600.0,6948400.0,2812.5,58.26666641235351,58.266666412353516,8.266666412353509,8.266666412353516,12,1841,7.95270728767e-06,
2026,triangle,369,915,368,,360351.07040538266,6948395.1218467085,5745.42041015625,75.69879170413971,75.68505080867062,25.698791704139705,25.68505080867062,12,1841,7.95270728767e-06,
2027,triangle,370,916,371,,360337.6672813461,6948583.842893218,4199.93115234375,72.36069167577492,73.1726994844084,22.36069167577492,23.17269948440841,12,1841,7.95270728767e-06,
2028,triangle,371,1009,370,,360432.8953775062,6948566.099578445,6513.23046875,74.42769418042266,72.40117118962081,24.427694180422662,22.401171189620808,12,1841,7.95270728767e-06,
2029,triangle,376,917,375,,360711.58892128285,6948864.549927113,4116.25390625,64.57341556876324,65.0008950530238,14.57341556876325,15.000895053023795,12,1841,7.95270728767e-06,
2030,triangle,377,918,421,,360715.991576318,6949008.91116603,3815.005859375,64.58922876015062,65.01388425719456,14.589228760150611,15.013884257194555,12,1841,7.95270728767e-06,
2031,triangle,379,918,378,,360640.991576318,6949083.91116603,4611.552734375,64.11860635043892,63.74721784484104,14.11860635043892,13.747217844841039,12,1841,7.95270728767e-06,
2032,triangle,378,1010,379,,360555.4410811605,6949084.394696902,5012.87841796875,62.86665888830627,63.70313963035932,12.866658888306265,13.70313963035931,12,1841,7.95270728767e-06,
2033,triangle,382,1011,383,,360332.8689186869,6949311.559536688,4324.5517578125,59.00279507506118,59.72246925817959,9.00279507506118,9.722469258179594,12,1841,7.95270728767e-06,
2034,triangle,385,919,384,,360333.96132818057,6949462.694287337,3820.6494140625,58.985663192414485,59.693990167087634,8.985663192414481,9.693990167087636,12,1841,7.95270728767e-06,
2035,triangle,385,920,386,,360262.5,6949537.5,4218.75,57.14999961853027,57.48333263397217,7.149999618530273,7.483332633972168,12,1841,7.95270728767e-06,
2036,triangle,387,920,388,,360187.5,6949612.5,4218.75,56.40000057220459,56.18333339691162,6.40000057220459,6.183333396911621,12,1841,7.95270728767e-06,
2037,triangle,389,921,388,,360118.8375639597,6949681.210882266,3511.22412109375,56.243222490698614,56.73293246075084,6.243222490698608,6.732932460750834,12,1841,7.95270728767e-06,
2038,triangle,390,922,391,,359962.5,6949687.5,4218.75,55.92500019073486,56.74166679382324,5.925000190734863,6.741666793823242,12,1841,7.95270728767e-06,
2039,triangle,391,1012,390,,359959.08838180016,6949773.292361513,5432.890625,57.58970735192027,57.877634806602295,7.589707351920265,7.877634806602297,12,1841,7.95270728767e-06,
2040,triangle,393,1013,394,,359733.6595601659,6949917.698022709,4650.79931640625,54.00985132594186,56.12123495423578,4.009851325941855,6.121234954235786,12,1841,7.95270728767e-06,
2041,triangle,396,923,397,,359584.9674092263,6950124.912690726,4503.66650390625,57.41139941644694,57.56632165679201,7.411399416446943,7.5663216567920175,12,1841,7.95270728767e-06,
2042,triangle,397,1014,396,,359660.79931972787,6950134.523809523,4027.42333984375,56.5772685629521,55.74956293933951,6.577268562952102,5.749562939339519,12,1841,7.95270728767e-06,
2043,triangle,401,1015,400,,359578.3163265306,6950435.714285714,3185.58642578125,55.92619016963731,55.47759938773183,5.926190169637306,5.4775993877318285,12,1841,7.95270728767e-06,
2044,triangle,403,1016,404,,359512.5,6950662.5,4218.75,47.625,48.17499987284342,-2.375,-1.8250001271565754,12,1841,7.95270728767e-06,
2045,triangle,407,1017,406,,359439.05704078666,6950890.8905622875,4393.9169921875,49.41921348075459,48.69937918602523,-0.5807865192454119,-1.3006208139747664,12,1841,7.95270728767e-06,
2046,triangle,407,924,408,,359362.5,6950962.5,4218.75,48.35000038146973,48.26666704813639,-1.6499996185302734,-1.7333329518636067,12,1841,7.95270728767e-06,
2047,triangle,410,925,409,,359369.14481811697,6951113.628953732,4966.29248046875,49.60240648688048,48.88559798630561,-0.39759351311951896,-1.1144020136943855,12,1841,7.95270728767e-06,
2048,triangle,409,926,410,,359291.8154761905,6951115.369897959,3733.2587890625,46.19674738387785,46.44114930611812,-3.8032526161221574,-3.558850693881874,12,1841,7.95270728767e-06,
2049,triangle,412,927,411,,359287.5,6951262.5,4218.75,45.375000953674316,46.10000069936117,-4.624999046325684,-3.8999993006388345,12,1841,7.95270728767e-06,
2050,triangle,411,928,412,,359212.5,6951262.5,4218.75,46.0,46.316667238871254,-4.0,-3.6833327611287436,12,1841,7.95270728767e-06,
2051,triangle,414,929,413,,359217.7980655097,6951411.2377350135,4814.7822265625,44.98734889809809,43.54843570664435,-5.012651101901913,-6.451564293355652,12,1841,7.95270728767e-06,
2052,triangle,413,930,414,,359139.28571428574,6951414.285714286,4017.857421875,43.89727858458269,43.67959213256554,-6.102721415417305,-6.320407867434468,12,1841,7.95270728767e-06,
2053,triangle,415,930,450,,359064.28571428574,6951489.285714286,4017.857421875,43.62358235118652,43.2462577819796,-6.37641764881348,-6.753742218020405,12,1841,7.95270728767e-06,
2054,triangle,417,1018,416,,361065.7738095238,6948788.392857143,4319.1962890625,73.05380012802567,72.4413853005163,23.053800128025653,22.441385300516302,12,1841,7.95270728767e-06,
2055,triangle,420,917,421,,360786.58892128285,6948939.549927113,3988.1328125,64.77179814208768,64.86756121106417,14.771798142087675,14.867561211064158,12,1841,7.95270728767e-06,
2056,triangle,427,931,428,,361688.6385568248,6949599.660365011,5663.20849609375,81.07395454515391,80.83228866287912,31.0739545451539,30.83228866287911,12,1841,7.95270728767e-06,
2057,triangle,428,1019,427,,361685.01590754394,6949690.534171872,4560.09375,82.01358354897917,82.47874866551173,32.01358354897916,32.47874866551173,12,1841,7.95270728767e-06,
2058,triangle,430,932,429,,361523.1538632703,6949616.023977633,4615.19775390625,80.88075250067507,81.32842915497228,30.880752500675065,31.328429154972273,12,1841,7.95270728767e-06,
2059,triangle,429,1020,430,,361529.1013682847,6949528.5946314735,5220.60400390625,78.09123901987219,79.15529037130317,28.091239019872198,29.15529037130317,12,1841,7.95270728767e-06,
2060,triangle,433,1021,432,,361316.29986433196,6949469.059772191,4956.72412109375,80.36679636626911,80.37519270243656,30.366796366269117,30.375192702436568,12,1841,7.95270728767e-06,
2061,triangle,432,1022,433,,361315.3071290558,6949383.933050841,4620.03173828125,77.84318752976787,78.93202618167885,27.843187529767878,28.93202618167885,12,1841,7.95270728767e-06,
2062,triangle,443,1023,444,,358623.21428571426,6951116.071428572,3013.392578125,53.198809370676514,53.32721075719454,3.198809370676509,3.3272107571945426,12,1841,7.95270728767e-06,
2063,triangle,445,1024,444,,358691.5178571429,6951182.621173468,4670.75927734375,52.508739438242024,52.61126544449352,2.508739438242025,2.611265444493522,12,1841,7.95270728767e-06,
2064,triangle,448,934,449,,358921.875,6951494.661458333,5024.4140625,47.035026818495524,46.39620248807802,-2.9649731815044778,-3.60379751192198,12,1841,7.95270728767e-06,
2065,triangle,449,1025,448,,358915.53803580994,6951410.236295722,4473.41650390625,46.843499894677244,46.79020475334951,-3.1565001053227566,-3.209795246650497,12,1841,7.95270728767e-06,
2066,triangle,452,936,451,,359134.3040770654,6955610.280079049,4468.4912109375,82.95760541143927,83.84792347703903,32.957605411439275,33.847923477039025,65,1681,6.32455532034e-06,
2067,triangle,456,937,455,,360027.83564814815,6956671.122685186,5305.98974609375,114.27615793457394,115.04120311620335,64.27615793457394,65.04120311620335,65,1681,6.32455532034e-06,
2068,triangle,457,938,458,,360038.59613182093,6956513.428018659,4342.06494140625,106.70900158550594,106.92920503809864,56.70900158550594,56.929205038098644,65,1681,6.32455532034e-06,
2069,triangle,462,939,461,,359812.5,6956287.5,4218.75,97.75,96.75833384195964,47.75,46.75833384195963,65,1681,6.32455532034e-06,
2070,triangle,464,939,463,,359737.5,6956212.5,4218.75,93.17499923706055,93.45833333333333,43.17499923706055,43.458333333333336,65,1681,6.32455532034e-06,
2071,triangle,463,940,464,,359733.84382914426,6956134.281865213,4580.79052734375,92.86396064840059,92.00728491470075,42.863960648400585,42.00728491470075,65,1681,6.32455532034e-06,
2072,triangle,469,941,468,,359362.5,6955837.5,4218.75,82.5250015258789,83.4000015258789,32.525001525878906,33.400001525878906,65,1681,6.32455532034e-06,
2073,triangle,468,1026,469,,359441.7279840973,6955838.9875162365,4694.3984375,83.37467407739845,84.746324242047,33.37467407739845,34.74632424204699,65,1681,6.32455532034e-06,
2074,triangle,470,942,471,,359360.1574846416,6955683.404748924,3955.21728515625,80.11865801615028,80.91856981655549,30.11865801615028,30.9185698165555,65,1681,6.32455532034e-06,
2075,triangle,475,943,474,,358462.5,6956662.5,4218.75,122.72500038146973,122.43333371480306,72.72500038146973,72.43333371480306,65,1681,6.32455532034e-06,
2076,triangle,474,1027,475,,358471.2630074469,6956748.359205216,5440.41064453125,122.88660997470235,124.40090612557843,72.88660997470234,74.40090612557843,65,1681,6.32455532034e-06,
2077,triangle,476,944,477,,358612.5,6956662.5,4218.75,118.92500114440918,119.33333396911621,68.92500114440918,69.33333396911621,65,1681,6.32455532034e-06,
2078,triangle,479,945,478,,358762.5,6956587.5,4218.75,116.875,117.36666679382324,66.875,67.36666679382324,65,1681,6.32455532034e-06,
2079,triangle,480,946,481,,358917.06937415694,6956585.645225861,4010.087890625,114.4876855853253,115.28783642142315,64.4876855853253,65.28783642142315,65,1681,6.32455532034e-06,
2080,triangle,485,947,484,,359209.5507865797,6956517.0752374865,3704.0361328125,108.0197125187583,107.60574416951413,58.019712518758304,57.60574416951413,65,1681,6.32455532034e-06,
2081,triangle,486,948,487,,359379.6875,6956515.104166667,4511.71875,103.18298655309357,105.08437509669197,53.18298655309357,55.084375096691964,65,1681,6.32455532034e-06,
2082,triangle,487,1028,486,,359364.4848865727,6956438.177678753,4142.51171875,101.47368104586057,101.49028021183348,51.47368104586057,51.490280211833486,65,1681,6.32455532034e-06,
2083,triangle,900,1052,715,,358722.7118096554,6948338.044128294,39423.576171875,86.3480655210258,84.53645884366786,36.348065521025795,34.53645884366785,12,1841,7.95270728767e-06,
2084,triangle,830,1438,332,,358562.98398523155,6948545.109473423,6581.54931640625,71.34168191887099,71.77716989706663,21.34168191887099,21.777169897066624,12,1841,7.95270728767e-06,
2085,triangle,1350,1401,357,,356646.4830331739,6948591.205237322,9145.005859375,58.55553694035921,59.10900766766389,8.555536940359206,9.109007667663887,12,1841,7.95270728767e-06,
2086,triangle,773,1195,705,,357828.3248181643,6948314.005260321,41501.16015625,72.93608307305698,71.62422379186172,22.93608307305698,21.62422379186172,12,1841,7.95270728767e-06,
2087,triangle,334,1454,333,,358411.64725909167,6948669.041196741,6264.951171875,67.72887324885156,67.69155722366362,17.728873248851556,17.691557223663633,12,1841,7.95270728767e-06,
2088,triangle,84,1469,1334,,364532.7412372628,6955835.369812228,3523.30029296875,35.30936573702302,35.78255718380371,-14.690634262976982,-14.217442816196284,12,1841,7.95270728767e-06,
2089,triangle,6,988,5,,357812.5,6952437.5,5625.0,38.205554538302955,40.13333320617676,-11.794445461697045,-9.866666793823242,12,1841,7.95270728767e-06,
2090,triangle,12,989,11,,358263.3212891442,6952649.035512671,7232.14990234375,37.55357908321306,39.058741701784015,-12.44642091678694,-10.941258298215985,12,1841,7.95270728767e-06,
2091,triangle,14,989,13,,358363.3212891442,6952649.035512671,7047.359375,38.03414565548466,39.52540760551123,-11.96585434451535,-10.474592394488772,12,1841,7.95270728767e-06,
2092,triangle,15,990,14,,358498.1020070586,6952669.130021673,6071.84814453125,37.07927568241132,39.07805119953151,-12.920724317588682,-10.921948800468492,12,1841,7.95270728767e-06,
2093,triangle,23,991,22,,359029.0119815949,6952658.071350414,7078.12548828125,33.82584147164498,34.01350254239596,-16.17415852835502,-15.986497457604044,12,1841,7.95270728767e-06,
2094,triangle,25,992,24,,359236.31157859834,6952731.766408923,6136.33154296875,34.906994376041865,37.57845175126325,-15.093005623958138,-12.421548248736753,12,1841,7.95270728767e-06,
2095,triangle,82,994,81,,364712.5,6955637.5,5625.0,38.955554220411535,42.249999364217125,-11.044445779588463,-7.750000635782878,12,1841,7.95270728767e-06,
2096,triangle,92,995,91,,364062.5,6955862.5,5625.0,20.13888904783459,22.950000286102295,-29.861110952165408,-27.049999713897705,12,1841,7.95270728767e-06,
2097,triangle,96,996,95,,363761.43001898774,6955709.588531255,5417.83203125,20.317661131074473,20.632437925303748,-29.68233886892553,-29.367562074696252,12,1841,7.95270728767e-06,
2098,triangle,111,997,110,,362787.5,6955187.5,5625.0,22.308332761128742,22.349999745686848,-27.691667238871258,-27.650000254313152,12,1841,7.95270728767e-06,
2099,triangle,119,998,118,,362241.43601376616,6955111.1720034005,5918.40234375,34.090390524336996,34.49539445948726,-15.909609475663004,-15.504605540512742,12,1841,7.95270728767e-06,
2100,triangle,143,999,142,,356314.18614740786,6951529.145061526,6754.6220703125,60.78104904126191,63.80469537936896,10.781049041261909,13.804695379368956,12,1841,7.95270728767e-06,
2101,triangle,153,1000,152,,356911.16071428574,6952075.744047619,3984.375,54.346525259948194,53.87625663337045,4.346525259948198,3.8762566333704593,12,1841,7.95270728767e-06,
2102,triangle,189,1001,188,,356410.3926015234,6956538.305857453,5952.7412109375,98.16183834839838,98.86909077144647,48.16183834839839,48.86909077144646,6,1721,1.189207115e-05,
2103,triangle,218,1002,217,,356273.0543166255,6954462.424766165,4446.103515625,74.94306875520006,74.8980303203391,24.94306875520006,24.898030320339103,6,1721,1.189207115e-05,
2104,triangle,309,1003,310,,359114.0846919892,6946883.530466276,5893.2939453125,86.94713409572748,87.1506452593038,36.94713409572747,37.1506452593038,12,1841,7.95270728767e-06,
2105,triangle,311,1004,310,,359087.5,6947012.5,5625.0,85.02777947319878,85.42499987284343,35.027779473198784,35.42499987284342,12,1841,7.95270728767e-06,
2106,triangle,313,1005,314,,358964.60749259195,6947197.028297068,4315.9736328125,84.64069331551849,84.71430841275257,34.64069331551848,34.71430841275258,12,1841,7.95270728767e-06,
2107,triangle,317,1006,316,,358776.9668002683,6947388.714618475,4576.65966796875,79.75986850889431,80.66487576650307,29.759868508894314,30.664875766503076,12,1841,7.95270728767e-06,
2108,triangle,332,901,333,,358436.84922948777,6948543.356934611,5039.306640625,68.73418609636884,69.16876307409937,18.734186096368845,19.168763074099363,12,1841,7.95270728767e-06,
2109,triangle,344,1007,345,,357588.8709385674,6948539.223491921,5585.33740234375,62.78663474472898,63.398463431884664,12.786634744728982,13.398463431884664,12,1841,7.95270728767e-06,
2110,triangle,346,1008,345,,357462.1873906322,6948508.7639587885,5239.8642578125,62.79476036055117,62.51644567115054,12.794760360551171,12.516445671150542,12,1841,7.95270728767e-06,
2111,triangle,372,1009,371,,360457.8953775062,6948616.099578445,7514.52734375,72.65018010057145,71.46783683903487,22.650180100571443,21.46783683903487,12,1841,7.95270728767e-06,
2112,triangle,379,1010,380,,360530.4410811605,6949134.394696902,6768.47509765625,62.545968185116195,62.86980629702598,12.545968185116191,12.869806297025976,12,1841,7.95270728767e-06,
2113,triangle,381,1011,382,,360382.8689186869,6949286.559536688,6251.798828125,59.01457418930391,60.15580233719978,9.0145741893039,10.155802337199775,12,1841,7.95270728767e-06,
2114,triangle,392,1012,391,,359909.08838180016,6949798.292361513,6455.33349609375,55.64416505535177,57.544301473268966,5.644165055351774,7.5443014732689635,12,1841,7.95270728767e-06,
2115,triangle,394,1013,395,,359708.6595601659,6949967.698022709,5472.27197265625,54.116855244455834,55.02123520854894,4.11685524445583,5.021235208548936,12,1841,7.95270728767e-06,
2116,triangle,396,1014,395,,359685.79931972787,6950084.523809523,5098.8525390625,56.86262417848241,55.449563702278965,6.862624178482414,5.449563702278972,12,1841,7.95270728767e-06,
2117,triangle,404,1016,405,,359487.5,6950712.5,5625.0,46.35000038146974,48.10833295186361,-3.6499996185302632,-1.8916670481363933,12,1841,7.95270728767e-06,
2118,triangle,406,1017,405,,359464.05704078666,6950840.8905622875,6181.60546875,48.74949723744855,48.66604508975245,-1.2505027625514478,-1.333954910247553,12,1841,7.95270728767e-06,
2119,triangle,418,1018,417,,361015.7738095238,6948813.392857143,3281.25,72.41870264744013,71.40804993267777,22.418702647440135,21.40804993267776,12,1841,7.95270728767e-06,
2120,triangle,419,917,420,,360836.58892128285,6948914.549927113,5496.87939453125,67.08236584890997,66.33422711479137,17.082365848909987,16.33422711479137,12,1841,7.95270728767e-06,
2121,triangle,427,1019,426,,361735.01590754394,6949715.534171872,6245.8046875,82.92813627921453,83.47874866551173,32.92813627921454,33.47874866551173,12,1841,7.95270728767e-06,
2122,triangle,430,1020,431,,361479.1013682847,6949503.5946314735,5682.0078125,78.02469956876493,79.28862421326279,28.02469956876493,29.288624213262807,12,1841,7.95270728767e-06,
2123,triangle,432,1021,431,,361366.29986433196,6949494.059772191,5935.48974609375,80.5817609772864,81.27519422831547,30.581760977286393,31.275194228315474,12,1841,7.95270728767e-06,
2124,triangle,433,1022,434,,361265.3071290558,6949358.933050841,6342.08349609375,75.81283346927133,77.39869335697182,25.81283346927133,27.39869335697182,12,1841,7.95270728767e-06,
2125,triangle,442,1023,443,,358598.21428571426,6951066.071428572,4821.42822265625,56.5713714180003,55.427210502881394,6.571371418000303,5.427210502881391,12,1841,7.95270728767e-06,
2126,triangle,446,1024,445,,358716.5178571429,6951232.621173468,6625.876953125,48.70460876504606,51.044598523513706,-1.2953912349539383,1.044598523513704,12,1841,7.95270728767e-06,
2127,triangle,448,1025,447,,358865.53803580994,6951385.236295722,6221.4453125,45.4067700740266,46.656872182955624,-4.593229925973393,-3.3431278170443774,12,1841,7.95270728767e-06,
2128,triangle,467,1026,468,,359466.7279840973,6955888.9875162365,5933.302734375,83.71403393826049,85.81298989146107,33.714033938260485,35.81298989146105,65,1681,6.32455532034e-06,
2129,triangle,473,1027,474,,358421.2630074469,6956773.359205216,7832.4990234375,123.91923162540846,126.13424098479067,73.91923162540844,76.13424098479067,65,1681,6.32455532034e-06,
2130,triangle,488,1028,487,,359414.4848865727,6956413.177678753,5325.4609375,98.71317056952344,99.25694789575276,48.713170569523456,49.25694789575275,65,1681,6.32455532034e-06,
2131,triangle,954,1279,1059,,362445.3298939282,6948468.94370781,70399.46337890625,132.42136893499398,128.35675096302666,82.42136893499398,78.35675096302667,12,1841,7.95270728767e-06,
2132,triangle,737,1090,887,,356131.6998468379,6953795.319571641,16942.70068359375,82.54446363526402,79.36635649794817,32.54446363526402,29.366356497948175,65,1681,6.32455532034e-06,
2133,triangle,748,1348,921,,360230.94569076475,6949794.577528472,22315.5126953125,67.1066615000971,66.60032746321275,17.106661500097104,16.600327463212743,12,1841,7.95270728767e-06,
2134,triangle,919,1348,746,,360435.6240632557,6949586.392307787,19945.8251953125,64.79443248547264,67.6593938563107,14.794432485472633,17.659393856310697,12,1841,7.95270728767e-06,
2135,triangle,214,1421,1198,,355958.4421581638,6954646.910063227,8973.451171875,81.80240605922913,82.54536833688502,31.802406059229124,32.54536833688502,6,1721,1.189207115e-05,
2136,triangle,1248,1455,182,,357494.5061835654,6956728.101096579,74806.56494140625,142.2215084434013,139.1080189562715,92.22150844340129,89.10801895627151,65,1681,6.32455532034e-06,
2137,triangle,181,1329,943,,358351.3944387632,6956550.305664892,17531.17919921875,137.03932256388498,134.57170135413637,87.03932256388498,84.57170135413638,65,1681,6.32455532034e-06,
2138,triangle,951,1467,1215,,354028.6353857084,6949845.270035863,138217.5732421875,108.29390160025832,110.41471512334726,58.29390160025831,60.414715123347285,65,1681,6.32455532034e-06,
2139,triangle,873,1348,748,,360361.23953826044,6949840.489041358,31067.59423828125,69.45217677301275,72.29692883217355,19.45217677301275,22.296928832173553,12,1841,7.95270728767e-06,
2140,triangle,746,1348,873,,360475.79414653056,6949725.820415602,25549.13525390625,71.43214115794488,72.02827008932859,21.432141157944876,22.02827008932859,12,1841,7.95270728767e-06,
2141,triangle,991,1373,767,,358994.5958527592,6952471.713660459,29721.865234375,35.76297145428805,40.18904935001206,-14.237028545711954,-9.810950649987937,12,1841,7.95270728767e-06,
2142,triangle,1034,1422,1203,,363803.08476149314,6953357.562795401,56311.9072265625,79.24642490158126,83.08903090831664,29.24642490158126,33.08903090831664,65,1681,6.32455532034e-06,
2143,triangle,423,1454,424,,358461.64725909167,6948794.041196741,3482.86572265625,67.75672398131515,67.79155824091623,17.756723981315158,17.791558240916235,12,1841,7.95270728767e-06,
2144,triangle,425,1454,334,,358386.64725909167,6948719.041196741,4122.81689453125,66.93198416042253,67.02489055699697,16.93198416042253,17.024890556996965,12,1841,7.95270728767e-06,
2145,triangle,736,1386,877,,360820.76880970184,6951982.182099461,22418.18115234375,51.93243512548776,54.423326801369704,1.9324351254877614,4.423326801369698,12,1841,7.95270728767e-06,
2146,triangle,1204,1407,558,,365027.3436203124,6952634.339745405,51878.2685546875,160.67078634486248,145.20688579244404,110.67078634486244,95.20688579244404,65,1681,6.32455532034e-06,
2147,triangle,889,890,739,,355893.17775974027,6955719.642857143,18836.787109375,90.27553333200777,89.0786610708354,40.27553333200777,39.0786610708354,6,1721,1.189207115e-05,
2148,triangle,769,996,880,,363620.1569455902,6955793.795642936,18701.0322265625,29.6868169054431,30.885786416594595,-20.313183094556894,-19.114213583405405,12,1841,7.95270728767e-06,
2149,triangle,903,904,744,,358185.5853888827,6948907.693072735,27000.2685546875,76.933565715522,76.21724486284143,26.933565715521997,26.21724486284143,12,1841,7.95270728767e-06,
2150,triangle,883,1365,807,,356663.22351162904,6951538.044192272,20898.77294921875,64.56177983128072,62.565075964902775,14.561779831280717,12.565075964902777,12,1841,7.95270728767e-06,
2151,triangle,535,1183,1035,,363146.2029519977,6948545.929761134,37426.8583984375,99.26640406448163,98.63513241442651,49.26640406448163,48.63513241442652,12,1841,8.093398854181786e-06,
2152,triangle,648,1337,504,,356109.14970892767,6951101.652030475,19614.08251953125,86.9811422336904,85.48208672946926,36.9811422336904,35.48208672946925,65,1681,6.4990001739825e-06,
2153,triangle,874,1462,1364,,352026.3144248333,6954186.56191454,596680.0063476562,43.57865576331367,67.24493381353436,-6.421344236686334,17.244933813534356,6,1721,1.189207115e-05,
2154,triangle,1298,1456,1067,,362185.4243568626,6955466.585251746,22789.677734375,56.97303120460453,54.89124119624748,6.973031204604528,4.891241196247481,65,1681,6.4408518894350004e-06,
2155,triangle,165,1090,164,,356048.30720923,6953939.411215375,4194.17724609375,75.14425589175464,75.8749798330062,25.14425589175464,25.874979833006194,65,1681,6.32455532034e-06,
2156,triangle,732,1401,1350,,356723.74852294545,6948657.650239218,17654.12109375,59.8078542270952,60.99634951721379,9.807854227095195,10.996349517213796,12,1841,7.95270728767e-06,
2157,triangle,1259,1445,503,,356586.67588530685,6951064.497539413,52099.50830078125,64.6011182840286,67.59318710963858,14.6011182840286,17.59318710963858,12,1841,7.95270728767e-06,
2158,triangle,476,1191,943,,358551.42098565056,6956563.148540768,9111.1142578125,120.9253792258659,122.5846432244535,70.9253792258659,72.5846432244535,65,1681,6.32455532034e-06,
2159,triangle,479,1192,946,,358841.8407850669,6956683.628923226,9094.849609375,121.25268721921753,120.93155590638396,71.25268721921755,70.93155590638396,65,1681,6.32455532034e-06,
2160,triangle,952,1428,1100,,365858.47810066125,6955655.727782659,92277.8427734375,83.1278360304335,89.24765773754298,33.12783603043351,39.247657737542994,65,1681,6.32455532034e-06,
2161,triangle,644,1206,643,,359022.002565841,6945926.270082143,37178.8427734375,110.39525004056287,113.23016603930955,60.39525004056287,63.23016603930955,18,2041,4.30886938006e-06,
2162,triangle,817,998,726,,362435.8804582106,6955183.3942256225,30294.71435546875,34.68943418729344,34.81482987832862,-15.31056581270656,-15.185170121671382,12,1841,7.95270728767e-06,
2163,triangle,956,1169,823,,364581.8149935819,6949075.931496819,509035.6982421875,79.44198023574627,80.1823602270321,29.441980235746268,30.182360227032103,6,1721,1.189207115e-05,
2164,triangle,1030,1245,1138,,357468.2189041062,6953103.892556921,38491.61181640625,50.505588395834465,63.03704211884752,0.5055883958344676,13.037042118847516,65,1681,6.32455532034e-06,
2165,triangle,373,1199,803,,360498.5787147428,6948813.756421347,10721.4267578125,72.01544866574163,70.7188165582951,22.015448665741637,20.7188165582951,12,1841,7.95270728767e-06,
2166,triangle,1210,1337,502,,356096.7629965991,6950865.21292583,31295.00732421875,93.49012463346922,92.58232471888044,43.490124633469215,42.58232471888044,65,1681,6.32455532034e-06,
2167,triangle,943,1329,474,,358389.967178293,6956639.967178293,9288.63525390625,129.96280237348788,128.43912098145464,79.96280237348789,78.43912098145465,65,1681,6.32455532034e-06,
2168,triangle,1032,1185,721,,359801.1548625459,6950856.226993091,39753.044921875,66.67268304587584,66.83615950292229,16.67268304587585,16.836159502922282,12,1841,7.95270728767e-06,
2169,triangle,755,1212,976,,364964.5895363527,6955817.856960639,26462.2158203125,86.23624447169986,75.58020004569947,36.23624447169986,25.58020004569947,12,1841,7.95270728767e-06,
2170,triangle,1059,1279,730,,362643.2439203502,6948615.081671256,66956.302734375,135.93428971231245,123.21199946034842,85.93428971231245,73.21199946034844,12,1841,7.95270728767e-06,
2171,triangle,907,1349,353,,356951.2144079756,6948314.908087921,8318.966796875,60.034357663743705,60.13427848569818,10.034357663743705,10.13427848569818,12,1841,7.95270728767e-06,
2172,triangle,934,1351,450,,359013.13971228077,6951586.010922194,6672.3369140625,45.893510996263245,44.55675562994125,-4.106489003736752,-5.443244370058757,12,1841,7.95270728767e-06,
2173,triangle,1368,1444,183,,356969.54707543756,6956805.207166742,15336.68505859375,125.90613953924353,125.60750175962733,75.90613953924355,75.60750175962733,65,1681,6.32455532034e-06,
2174,triangle,998,1298,726,,362335.40731596155,6955279.652904426,26050.0048828125,45.309055921500004,43.000641578981536,-4.690944078500002,-6.999358421018467,12,1841,7.95270728767e-06,
2175,triangle,923,1202,398,,359501.85581179074,6950213.143009224,8358.10546875,62.53861326376494,62.83557578193281,12.538613263764935,12.835575781932803,12,1841,7.95270728767e-06,
2176,triangle,1247,1435,191,,356183.24362064013,6956465.925965293,7565.1484375,96.14243881042705,96.65381998271147,46.14243881042705,46.65381998271146,6,1721,1.189207115e-05,
2177,triangle,1413,1467,951,,354273.6488275284,6949735.043887633,110911.3095703125,114.85468831494772,116.8258885331228,64.85468831494771,66.8258885331228,65,1681,6.32455532034e-06,
2178,triangle,120,1298,998,,362227.90731596155,6955232.152904426,9287.5068359375,41.45813450582637,41.34630866780803,-8.541865494173628,-8.653691332191968,12,1841,7.95270728767e-06,
2179,triangle,815,1014,397,,359684.0136054422,6950197.023809523,7657.8447265625,64.02150709840022,61.81980100732727,14.02150709840022,11.819801007327278,12,1841,7.95270728767e-06,
2180,triangle,878,1420,736,,360998.56163371936,6951823.821905002,28456.029296875,62.37218371869523,61.02308166626,12.372183718695235,11.023081666259992,12,1841,7.95270728767e-06,
2181,triangle,1072,1090,737,,356037.1034860309,6953771.041819148,22522.05615234375,86.94308999571616,83.47898868798664,36.94308999571617,33.478988687986636,65,1681,6.32455532034e-06,
2182,triangle,879,1420,878,,361130.674343583,6951822.367275167,20486.0556640625,61.34933114734875,61.56406643415204,11.349331147348748,11.56406643415204,12,1841,7.95270728767e-06,
2183,triangle,725,1196,785,,361445.40626400494,6951647.578062871,20868.82958984375,77.88165190912616,76.62045577143532,27.88165190912616,26.620455771435307,12,1841,7.95270728767e-06,
2184,triangle,758,1301,696,,360111.84734140226,6950314.196199517,52938.05029296875,74.74356245166761,72.80926657507968,24.74356245166762,22.809266575079675,12,1841,7.95270728767e-06,
2185,triangle,1106,1116,710,,360968.7921403884,6949507.219393954,38994.74853515625,91.54567507951599,86.67241860429196,41.54567507951599,36.672418604291956,12,1841,7.95270728767e-06,
2186,triangle,1128,1406,1389,,356284.5322281213,6947807.790529613,17208.10498046875,65.52081039628183,65.43852049437687,15.520810396281828,15.438520494376876,12,1841,7.95270728767e-06,
2187,triangle,939,1175,788,,359729.0426587302,6956416.641865079,26860.583984375,110.40933132884558,108.74791153016349,60.40933132884558,58.7479115301635,65,1681,6.32455532034e-06,
2188,triangle,1068,1444,1368,,357010.65438891767,6956935.414386987,19332.994140625,117.46915849576,122.94926337517258,67.46915849576,72.94926337517259,65,1681,6.32455532034e-06,
2189,triangle,525,1294,785,,361594.20785828895,6951499.079041655,22849.9794921875,92.09075167668101,91.5076102037739,42.09075167668101,41.5076102037739,12,1841,7.95270728767e-06,
2190,triangle,1037,1289,805,,352265.3542310307,6948696.14889165,762214.4809570312,77.52134341584384,82.88886702046479,27.52134341584385,32.88886702046478,6,1721,1.0699032043644285e-05,
2191,triangle,940,1208,825,,359833.61399587087,6955998.950822842,21681.791015625,103.57908948045589,106.33043805574266,53.579089480455885,56.33043805574266,65,1681,6.32455532034e-06,
2192,triangle,810,1075,1074,,353622.33810402214,6956297.3246146245,160370.5302734375,111.84369817303677,116.79486557957824,61.84369817303677,66.79486557957824,6,1721,1.189207115e-05,
2193,triangle,355,1110,356,,356721.6145833333,6948395.328776042,3718.8720703125,58.51110131490488,58.424096415914526,8.51110131490488,8.424096415914528,12,1841,7.95270728767e-06,
2194,triangle,452,1111,453,,359221.8265206979,6955642.780516847,4455.79150390625,78.6273802557759,79.41031320005297,28.627380255775915,29.410313200052972,65,1681,6.32455532034e-06,
2195,triangle,961,1238,1237,,361747.58377094107,6955583.53949131,42690.67822265625,69.65295278826102,75.06173935090054,19.65295278826101,25.06173935090054,65,1681,6.32455532034e-06,
2196,triangle,786,1405,714,,361244.79766938393,6949029.85180584,14428.79296875,83.57450989389244,82.55741465053129,33.57450989389245,32.557414650531285,12,1841,7.95270728767e-06,
2197,triangle,721,1185,1017,,359650.5062876351,6950901.129320834,28544.3837890625,58.28500640515765,61.05990665376566,8.285006405157652,11.059906653765658,12,1841,7.95270728767e-06,
2198,triangle,495,1309,1251,,359036.9856992685,6945182.459955615,42603.60791015625,133.49735027885646,130.35095855929188,83.49735027885644,80.35095855929188,18,2041,4.30886938006e-06,
2199,triangle,1257,1443,317,,358656.48467724427,6947333.053756643,7938.8564453125,83.97907218393065,85.19235420121629,33.979072183930654,35.1923542012163,12,1841,7.95270728767e-06,
2200,triangle,803,1010,378,,360547.8145930653,6949007.646184996,10698.77783203125,64.91321076550919,66.11055148990773,14.913210765509191,16.110551489907746,12,1841,7.95270728767e-06,
2201,triangle,506,1177,852,,363034.8104084511,6955703.896155761,17587.69580078125,38.24154114150791,43.584116579703505,-11.758458858492089,-6.4158834202964945,12,1841,7.4293727267425005e-06,
2202,triangle,896,1355,322,,358433.18277024804,6947741.29552349,10800.2978515625,76.6094634849158,77.69769563007442,26.609463484915818,27.69769563007442,12,1841,7.95270728767e-06,
2203,triangle,899,1356,325,,358560.52208024013,6948036.436473429,9771.3388671875,81.62036497835638,79.48519310011405,31.620364978356392,29.48519310011406,12,1841,7.95270728767e-06,
2204,triangle,1419,1432,567,,366783.57768698066,6952425.776901436,146653.525390625,130.13111560129843,132.43240236634608,80.13111560129843,82.43240236634608,6,1721,1.189207115e-05,
2205,triangle,38,993,37,,360213.8666180758,6953041.448007775,5334.59326171875,31.09057248371913,31.029192721359795,-18.909427516280868,-18.970807278640205,12,1841,7.95270728767e-06,
2206,triangle,439,1015,440,,359703.3163265306,6950485.714285714,6859.05615234375,61.797862547001884,57.810932721065164,11.797862547001879,7.810932721065162,12,1841,7.95270728767e-06,
2207,triangle,984,1102,792,,358531.30306678335,6951555.179533903,42447.20703125,53.13790541076213,56.29141519755212,3.1379054107621283,6.291415197552117,12,1841,7.95270728767e-06,
2208,triangle,866,1354,527,,361747.0779989643,6951162.764500554,21286.671875,103.16758418585366,102.80384687114251,53.167584185853656,52.8038468711425,65,1681,6.32455532034e-06,
2209,triangle,758,1014,815,,359796.51360544213,6950209.523809523,19869.259765625,71.18370745015903,68.56146780115051,21.183707450159027,18.56146780115052,12,1841,7.95270728767e-06,
2210,triangle,853,1450,1433,,362919.0350611042,6957689.713557898,214971.79052734375,82.09670882933895,92.96838104256528,32.09670882933896,42.968381042565305,12,1841,7.95270728767e-06,
2211,triangle,393,1366,1013,,359714.66389461124,6949851.204357795,9231.984375,57.29177669492985,60.837736810276624,7.291776694929851,10.837736810276622,12,1841,7.95270728767e-06,
2212,triangle,1284,1428,952,,365618.5334410668,6955549.808205866,64258.13671875,67.06768870031884,76.1751772724067,17.067688700318833,26.175177272406703,65,1681,6.32455532034e-06,
2213,triangle,527,1463,526,,361575.020762365,6951248.145379332,4429.4560546875,100.08350248766453,99.05388416825457,50.083502487664525,49.05388416825457,12,1841,7.5456692958375e-06,
2214,triangle,1291,1381,979,,356834.1089445059,6952803.560092327,54517.78857421875,88.74372446704383,88.16941848572925,38.74372446704384,38.169418485729246,65,1681,6.32455532034e-06,
2215,triangle,8,1190,988,,357955.3315283127,6952413.24044963,11321.619140625,39.88507747560637,44.32893028378347,-10.114922524393624,-5.671069716216532,12,1841,7.95270728767e-06,
2216,triangle,945,1191,477,,358676.42098565056,6956538.148540768,10197.642578125,120.60490646329481,120.45130811092811,70.60490646329481,70.45130811092811,65,1681,6.32455532034e-06,
2217,triangle,944,1192,478,,358712.2714109099,6956710.483697365,12277.42431640625,123.42401570298844,122.84371961211737,73.42401570298844,72.84371961211738,65,1681,6.32455532034e-06,
2218,triangle,399,1015,815,,359626.5306122448,6950348.214285714,9341.517578125,64.77171921055607,60.414504885325705,14.77171921055606,10.414504885325707,12,1841,7.95270728767e-06,
2219,triangle,731,1421,1119,,355905.0305284436,6954469.40023509,16881.8876953125,90.63331777626861,88.80003599616992,40.63331777626861,38.80003599616992,6,1721,1.189207115e-05,
2220,triangle,1021,1106,933,,361211.45587586955,6949619.319247735,24060.287109375,91.51366568763524,89.96380896979433,41.513665687635246,39.96380896979432,12,1841,7.95270728767e-06,
2221,triangle,960,1376,137,,355862.2820816471,6951389.219611049,5377.0361328125,68.36987344480269,68.82403590771901,18.3698734448027,18.82403590771901,12,1841,7.95270728767e-06,
2222,triangle,354,1349,909,,356830.0884448353,6948291.686871207,8670.373046875,59.91911449965037,59.931642030049716,9.919114499650362,9.93164203004972,12,1841,7.95270728767e-06,
2223,triangle,656,1428,1284,,365457.568473383,6955707.059025399,42668.30615234375,87.3984595602804,82.80638523045538,37.39845956028041,32.806385230455376,65,1681,6.32455532034e-06,
2224,triangle,699,1178,1070,,357291.22172255814,6948125.465890913,36317.34521484375,72.27198625548479,70.24804925275704,22.271986255484784,20.248049252757042,12,1841,7.95270728767e-06,
2225,triangle,360,1406,912,,356421.1134106782,6947948.52981639,7769.810546875,62.140848334559266,61.997563805459514,12.140848334559262,11.997563805459514,12,1841,7.95270728767e-06,
2226,triangle,1396,1469,86,,364462.665370791,6955900.0550133325,3300.2861328125,32.627133486128585,32.469799952418875,-17.372866513871415,-17.53020004758113,12,1841,7.95270728767e-06,
2227,triangle,628,1381,1291,,356991.4837347519,6952651.6154829115,43716.72314453125,85.17939826388046,81.07485251197723,35.17939826388045,31.074852511977213,65,1681,6.32455532034e-06,
2228,triangle,1056,1430,732,,357015.9941919975,6948669.245029811,25820.43505859375,62.81832406939718,62.57677206050812,12.818324069397173,12.57677206050812,12,1841,7.95270728767e-06,
2229,triangle,723,1317,1212,,365101.8005637536,6956130.985598099,67960.6796875,47.3689978631081,51.117458932910836,-2.631002136891902,1.1174589329108369,12,1841,7.95270728767e-06,
2230,triangle,1089,1385,178,,359022.14847064903,6955255.466217347,32210.0283203125,112.33370080570003,108.85705907967134,62.33370080570002,58.85705907967133,65,1681,6.32455532034e-06,
2231,triangle,724,1157,834,,365725.9379937365,6951798.285384353,270123.73583984375,89.682686276999,98.00563341108334,39.682686276999,48.00563341108333,6,1721,1.0063080785346786e-05,
2232,triangle,638,1338,1287,,358511.7854195942,6954747.951193638,38105.66259765625,114.43342292622587,114.59926626790656,64.43342292622586,64.59926626790656,65,1681,6.32455532034e-06,
2233,triangle,1287,1338,985,,358646.19003822637,6954594.557393321,54108.00732421875,100.48342671032502,100.34827179162501,50.48342671032503,50.348271791625024,65,1681,6.32455532034e-06,
2234,triangle,1074,1306,1218,,354164.5505955848,6956364.723049775,90572.64111328125,110.08939000596526,102.75313395072446,60.08939000596525,52.75313395072445,6,1721,1.189207115e-05,
2235,triangle,1177,1255,104,,363158.14762601745,6955546.258386801,4372.4462890625,31.08397406199238,30.320175300362923,-18.916025938007625,-19.679824699637077,12,1841,7.95270728767e-06,
2236,triangle,1243,1457,380,,360597.0032710328,6949261.125543746,9101.57861328125,70.52307661382304,70.1748947448362,20.523076613823036,20.174894744836205,12,1841,7.95270728767e-06,
2237,triangle,1319,1326,1033,,360442.735271836,6945637.384687558,187019.5615234375,97.2602720807975,102.061526261824,47.260272080797506,52.061526261824014,52,1561,1.189207115e-05,
2238,triangle,1212,1317,656,,365251.09604585933,6955987.634873543,45535.04296875,81.37746892328059,73.82927431440798,31.37746892328057,23.829274314407968,12,1841,7.95270728767e-06,
2239,triangle,917,1402,375,,360733.13335196,6948806.889363664,6788.1806640625,66.619361690983,67.4366138342596,16.619361690983,17.4366138342596,12,1841,7.95270728767e-06,
2240,triangle,348,1358,1008,,357314.8714144996,6948520.681926484,9568.61376953125,61.06976024280526,61.38156296555011,11.069760242805257,11.381562965550117,12,1841,7.95270728767e-06,
2241,triangle,323,1355,898,,358411.39249025175,6947870.058624131,9174.99169921875,76.58424002470571,77.39799665772036,26.5842400247057,27.39799665772034,12,1841,7.95270728767e-06,
2242,triangle,324,1356,897,,358579.37971945596,6947907.197651411,9604.9931640625,77.5118394373672,78.47656417665137,27.511839437367193,28.476564176651365,12,1841,7.95270728767e-06,
2243,triangle,942,1357,472,,359406.58605607017,6955595.904748924,8956.81494140625,82.75593486568965,83.49475858521322,32.75593486568966,33.49475858521322,65,1681,6.32455532034e-06,
2244,triangle,946,1359,482,,359011.1978145549,6956619.992793764,8158.15966796875,113.4572512062416,115.19803839594799,63.457251206241594,65.19803839594798,65,1681,6.32455532034e-06,
2245,triangle,947,1360,483,,359120.20183535264,6956485.004398666,7112.2890625,115.64209161090892,114.13332397702277,65.64209161090892,64.13332397702276,65,1681,6.32455532034e-06,
2246,triangle,1301,1403,1032,,359943.4089877675,6950628.277272978,25605.318359375,69.87084651698372,68.73230232108502,19.870846516983725,18.732302321085015,12,1841,7.95270728767e-06,
2247,triangle,331,1438,900,,358546.88027336745,6948423.78039265,6204.896484375,74.88330197551942,74.45518543046936,24.88330197551942,24.455185430469356,12,1841,7.95270728767e-06,
2248,triangle,876,1437,47,,360401.67160470324,6952620.885315761,6489.513671875,45.07954070709805,44.52380968616236,-4.920459292901949,-5.4761903138376375,12,1841,7.95270728767e-06,
2249,triangle,928,1025,930,,359042.3237500957,6951337.022010007,14394.5771484375,52.88302980375569,49.953129519887206,2.883029803755691,-0.04687048011279682,12,1841,7.95270728767e-06,
2250,triangle,768,1086,995,,363994.7743110643,6956051.744123473,28112.7841796875,49.722597886699084,41.9338182195004,-0.2774021133009148,-8.066181780499594,12,1841,7.95270728767e-06,
2251,triangle,1161,1277,965,,355975.76147728297,6952146.817286867,59815.3408203125,92.70558478202139,95.90388989224779,42.70558478202139,45.9038898922478,65,1681,6.32455532034e-06,
2252,triangle,882,1177,105,,363046.0833086217,6955549.118820581,6842.5693359375,30.084875748249956,28.944314894206972,-19.915124251750047,-21.055685105793028,12,1841,7.95270728767e-06,
2253,triangle,755,1334,974,,364703.66176025436,6955911.098111398,20003.4521484375,51.33631191200287,48.87974310627652,1.3363119120028655,-1.120256893723474,12,1841,7.95270728767e-06,
2254,triangle,1036,1453,1295,,362263.1353701446,6951930.172367729,27755.3466796875,106.7489318954881,105.07870105087505,56.7489318954881,55.07870105087503,65,1681,6.32455532034e-06,
2255,triangle,1111,1442,827,,359161.396274192,6955792.0670421,12351.41064453125,90.6445800170996,91.6391229910334,40.6445800170996,41.63912299103341,65,1681,6.32455532034e-06,
2256,triangle,342,1382,906,,357757.3108791886,6948679.389316316,6843.701171875,68.3473756235327,68.31933922801815,18.347375623532695,18.31933922801815,12,1841,7.95270728767e-06,
2257,triangle,1227,1284,777,,365252.61068243167,6955394.153891443,51527.96337890625,55.74406837654769,65.5018017568989,5.744068376547684,15.501801756898905,65,1681,6.32455532034e-06,
2258,triangle,871,1385,1089,,359087.09249689267,6955084.541857459,40364.65380859375,120.6541640971663,110.7361805718168,70.6541640971663,60.73618057181679,65,1681,6.32455532034e-06,
2259,triangle,1244,1245,1030,,357616.282978097,6953162.593216945,38968.20703125,66.95602533016206,66.16686180177454,16.956025330162067,16.166861801774555,65,1681,6.32455532034e-06,
2260,triangle,775,1408,1016,,359282.36880466476,6950650.047896709,29437.00341796875,66.39348206672831,64.79256748785885,16.393482066728314,14.792567487858841,12,1841,7.95270728767e-06,
2261,triangle,908,1430,352,,356969.37211148225,6948496.022406206,7804.3544921875,59.45446943918031,59.577890049360406,9.454469439180306,9.577890049360398,12,1841,7.95270728767e-06,
2262,triangle,46,1437,875,,360383.8505322205,6952736.85811345,5997.4072265625,42.31662630284178,41.41011684317149,-7.683373697158216,-8.589883156828508,12,1841,7.95270728767e-06,
2263,triangle,384,1439,920,,360224.4893971777,6949438.58570571,10449.826171875,60.970809520807364,60.61286440544368,10.970809520807364,10.612864405443682,12,1841,7.95270728767e-06,
2264,triangle,726,1298,1067,,362334.00585728744,6955397.400505804,24841.74560546875,52.628706704085836,50.295025152839266,2.6287067040858316,0.2950251528392703,12,1841,7.778262434027501e-06,
2265,triangle,39,1167,38,,360279.39443634596,6953121.491334629,3701.5986328125,29.792402140220453,29.56040253778819,-20.207597859779547,-20.43959746221181,12,1841,7.95270728767e-06,
2266,triangle,440,1168,441,,359644.30272108846,6950570.535714286,3955.67578125,51.48272793016286,50.672558879631566,1.482727930162861,0.6725588796315698,12,1841,7.95270728767e-06,
2267,triangle,1057,1324,1044,,360314.1972018162,6956775.843855626,30531.6845703125,129.88750472416814,129.01664523883633,79.88750472416812,79.01664523883633,65,1681,6.32455532034e-06,
2268,triangle,977,1393,1126,,363484.2797672052,6949730.861245744,94881.32080078125,115.99636785272483,107.3973539641442,65.99636785272484,57.39735396414421,65,1681,6.32455532034e-06,
2269,triangle,1234,1394,986,,361603.5262863082,6958262.714976807,417198.8583984375,96.58306797801279,84.09350086685428,46.58306797801278,34.09350086685429,12,1841,7.95270728767e-06,
2270,triangle,850,1445,1259,,356759.85757525027,6950907.771672137,56741.20458984375,66.4408617650257,62.57490241736409,16.4408617650257,12.574902417364102,12,1841,7.95270728767e-06,
2271,triangle,190,1435,1001,,356295.65936963214,6956528.0390893435,7538.09423828125,97.57253125160025,97.86077099530449,47.572531251600246,47.860770995304485,6,1721,1.189207115e-05,
2272,triangle,1091,1131,791,,360445.988294827,6951992.8997879075,37858.1015625,63.45465521280305,62.861918017626785,13.454655212803049,12.86191801762679,12,1841,7.95270728767e-06,
2273,triangle,318,1443,894,,358584.6391241769,6947434.5987668475,8652.79248046875,82.73889477147664,82.8780297798893,32.73889477147665,32.87802977988932,12,1841,7.95270728767e-06,
2274,triangle,941,1111,827,,359227.453356219,6955814.967099085,10494.38623046875,89.18187298544225,89.95689512511017,39.181872985442254,39.95689512511016,65,1681,6.32455532034e-06,
2275,triangle,830,1454,422,,358543.1780727329,6948727.329573934,12423.41796875,69.22932335283329,69.381135607227,19.229323352833305,19.381135607226994,12,1841,7.95270728767e-06,
2276,triangle,889,1431,197,,356032.58928571426,6955926.785714286,7254.115234375,86.04974520720741,86.34310614373487,36.049745207207415,36.343106143734865,6,1721,1.189207115e-05,
2277,triangle,831,1239,1156,,358011.6494641329,6959580.968236931,638281.1635742188,107.40445825560744,102.2426209350494,57.40445825560742,52.242620935049416,12,1841,7.95270728767e-06,
2278,triangle,729,913,909,,356763.101597263,6948141.001577843,19834.23095703125,61.85163807438909,61.659328386079075,11.851638074389088,11.659328386079073,12,1841,7.95270728767e-06,
2279,triangle,379,1457,918,,360656.5835547426,6949140.280790761,6915.3623046875,67.22888940015169,66.62304274867157,17.228889400151694,16.623042748671566,12,1841,7.95270728767e-06,
2280,triangle,888,1055,738,,355948.2742701914,6956202.832448813,22981.7900390625,90.66627208585466,91.52739387724371,40.66627208585465,41.5273938772437,6,1721,1.189207115e-05,
2281,triangle,938,1057,749,,360231.44084183685,6956527.117271431,22783.7861328125,118.8066383102933,119.49979203434316,68.8066383102933,69.49979203434316,65,1681,6.32455532034e-06,
2282,triangle,1215,1467,809,,353757.3395082986,6949646.754917689,123612.1728515625,104.70121583435603,108.17434786911566,54.70121583435604,58.17434786911568,65,1681,6.32455532034e-06,
2283,triangle,705,1201,1176,,358195.37885944376,6948175.208379627,26223.966796875,80.98340593847433,78.50730520426784,30.983405938474327,28.507305204267833,12,1841,7.95270728767e-06,
2284,triangle,816,1344,29,,359500.0,6952823.373073719,5441.970703125,40.125600252628686,38.11829866128054,-9.874399747371319,-11.881701338719461,12,1841,7.95270728767e-06,
2285,triangle,43,875,846,,360306.887755102,6952885.204081632,12256.5146484375,36.012960640789494,35.93344500713727,-13.987039359210511,-14.066554992862727,12,1841,7.95270728767e-06,
2286,triangle,846,993,43,,360279.93804664724,6952950.376579203,6974.876953125,33.10927919466958,33.37647215323529,-16.890720805330417,-16.62352784676471,12,1841,7.95270728767e-06,
2287,triangle,57,878,877,,361018.82118608354,6952006.452046246,7710.9970703125,53.10700370705843,51.74688117769449,3.1070037070584298,1.7468811776944868,12,1841,7.95270728767e-06,
2288,triangle,59,879,878,,361176.88011992397,6951917.095209819,8470.939453125,55.169692777370216,56.378950225516796,5.169692777370215,6.378950225516793,12,1841,7.95270728767e-06,
2289,triangle,100,881,880,,363422.1678914496,6955638.633763179,10547.4296875,27.531864743793147,28.74096287190515,-22.468135256206857,-21.259037128094846,12,1841,7.95270728767e-06,
2290,triangle,102,1255,881,,363277.45750160347,6955555.788857825,5675.9697265625,28.268936095670778,28.874140147668726,-21.731063904329222,-21.12585985233127,12,1841,7.95270728767e-06,
2291,triangle,883,999,144,,356433.5287772739,6951546.777139806,9508.51953125,66.64240495535554,65.75237612888144,16.642404955355538,15.752376128881432,12,1841,7.95270728767e-06,
2292,triangle,151,1000,884,,356901.78571428574,6951968.452380952,7064.732421875,59.68790577220369,58.23719493074815,9.687905772203703,8.237194930748153,12,1841,7.95270728767e-06,
2293,triangle,894,896,320,,358505.24117637496,6947577.697423118,10852.97314453125,80.84032409155736,80.77080772818796,30.84032409155736,30.77080772818797,12,1841,7.95270728767e-06,
2294,triangle,321,897,895,,358621.16393401194,6947737.243354973,6971.9453125,78.22808773832186,78.32049159641942,28.228087738321854,28.320491596419412,12,1841,7.95270728767e-06,
2295,triangle,909,913,364,,356675.601597263,6948191.001577843,8611.3798828125,59.79913664062356,59.875995561372044,9.799136640623558,9.87599556137204,12,1841,7.95270728767e-06,
2296,triangle,365,914,910,,356562.5,6948312.5,5625.0,59.444443808661575,59.391666412353516,9.444443808661571,9.391666412353516,12,1841,7.95270728767e-06,
2297,triangle,370,1009,915,,360458.9657828889,6948486.221425153,16186.11279296875,79.77309603324319,76.31955431437217,29.773096033243196,26.319554314372155,12,1841,7.95270728767e-06,
2298,triangle,390,1012,921,,360027.9259457598,6949779.503243779,9971.30078125,62.78281539379253,60.41056650441368,12.782815393792529,10.410566504413678,12,1841,7.95270728767e-06,
2299,triangle,924,926,409,,359279.3154761905,6951052.869897959,6464.4453125,49.20191098627376,49.70781635425451,-0.7980890137262409,-0.2921836457454807,12,1841,7.95270728767e-06,
2300,triangle,410,927,925,,359381.64481811697,6951176.128953732,8089.05908203125,52.06638904055271,51.05226433508084,2.0663890405527097,1.0522643350808423,12,1841,7.95270728767e-06,
2301,triangle,926,928,411,,359204.3154761905,6951202.869897959,6304.20947265625,49.75437395741643,48.857816290676226,-0.24562604258356796,-1.1421837093237686,12,1841,7.95270728767e-06,
2302,triangle,412,929,927,,359305.2980655097,6951323.7377350135,7116.25927734375,46.86452932359906,46.94843564306606,-3.1354706764009377,-3.0515643569339397,12,1841,7.95270728767e-06,
2303,triangle,928,930,413,,359126.78571428574,6951351.785714286,6830.35693359375,46.40731241910137,46.79625860849734,-3.592687580898624,-3.203741391502664,12,1841,7.95270728767e-06,
2304,triangle,932,1019,428,,361608.1697708143,6949706.5581495045,10179.15771484375,83.4606193039417,85.07384296127177,33.4606193039417,35.073842961271765,12,1841,7.95270728767e-06,
2305,triangle,931,1020,429,,361592.7399251096,6949503.254996483,10451.7001953125,79.27959426296862,80.88757801692968,29.27959426296862,30.887578016929677,12,1841,7.95270728767e-06,
2306,triangle,930,1025,449,,358979.8237500956,6951399.522010007,7485.85693359375,49.70511070818694,47.5364625353291,-0.2948892918130632,-2.4635374646709023,12,1841,7.95270728767e-06,
2307,triangle,469,1026,942,,359451.8854687389,6955772.392265161,8449.9384765625,84.90712935846366,85.63155869076395,34.907129358463656,35.631558690763946,65,1681,6.32455532034e-06,
2308,triangle,475,1027,944,,358533.7630074469,6956760.859205216,8370.8212890625,123.89761498445512,124.8009057441087,73.89761498445512,74.8009057441087,65,1681,6.32455532034e-06,
2309,triangle,486,1028,947,,359299.0356731524,6956430.252916239,7219.00390625,106.74590855916566,106.26269104801429,56.74590855916565,56.26269104801428,65,1681,6.32455532034e-06,
2310,triangle,834,1432,724,,366134.23857570277,6951896.408050324,415053.498046875,97.23504911208268,115.09814718965511,47.235049112082685,65.09814718965512,6,1721,1.1047921750929286e-05,
2311,triangle,1418,1419,555,,367283.8237988129,6952734.714756106,149121.12939453125,155.05410572720288,148.6084289192335,105.05410572720288,98.60842891923348,6,1721,1.189207115e-05,
2312,triangle,970,1360,752,,359040.00655483076,6956358.428890775,18307.0185546875,125.15553445180412,123.84538611104695,75.1555344518041,73.84538611104695,65,1681,6.32455532034e-06,
2313,triangle,949,1390,1119,,356037.51572703366,6954308.371954677,20010.89697265625,86.57254774342728,85.65834275497532,36.5725477434273,35.65834275497533,6,1721,1.189207115e-05,
2314,triangle,743,1176,898,,358254.15960214654,6947962.213825217,21441.794921875,83.69663028677903,83.35545168845393,33.69663028677901,33.35545168845392,12,1841,7.95270728767e-06,
2315,triangle,881,1255,1177,,363212.6615379608,6955591.040495393,9180.38720703125,36.47154902953102,34.64185711463572,-13.528450970468986,-15.358142885364273,12,1841,7.95270728767e-06,
2316,triangle,79,524,78,,364899.4817198885,6955555.0031542,227.0380859375,44.70325447048632,44.315076452714614,-5.296745529513676,-5.684923547285385,12,1841,7.95270728767e-06,
2317,triangle,909,1349,729,,356842.5884448353,6948191.686871207,11773.6396484375,61.88281599634101,61.78164177573657,11.882815996341009,11.781641775736569,12,1841,7.95270728767e-06,
2318,triangle,869,1387,1317,,365430.963229222,6956435.722093803,83272.06591796875,17.351583947052006,49.482126188032105,-32.64841605294799,-0.5178738119679077,12,1841,7.95270728767e-06,
2319,triangle,877,878,736,,360951.08859614393,6951937.501885903,19306.40283203125,55.17174823359302,54.526513238407624,5.17174823359302,4.526513238407614,12,1841,7.95270728767e-06,
2320,triangle,895,897,742,,358697.9620043624,6947786.972088852,14639.248046875,82.53060985481451,81.20734427853291,32.530609854814514,31.207344278532926,12,1841,7.95270728767e-06,
2321,triangle,921,1012,748,,360094.29543620115,6949847.13125362,20780.09912109375,70.16939437949776,67.10001475560243,20.16939437949776,17.100014755602423,12,1841,7.95270728767e-06,
2322,triangle,942,1026,750,,359539.05928980146,6955706.225507635,22754.32177734375,98.93021710089656,97.93466998370081,48.930217100896556,47.93466998370079,65,1681,6.32455532034e-06,
2323,triangle,947,1028,752,,359240.8911792103,6956358.708150074,18028.1611328125,114.74798382198671,112.97469249426996,64.74798382198671,62.97469249426998,65,1681,6.32455532034e-06,
2324,triangle,884,1000,770,,356989.28571428574,6951955.952380952,16941.9638671875,62.34444419705162,59.20386147025824,12.344444197051626,9.203861470258245,12,1841,7.95270728767e-06,
2325,triangle,807,999,883,,356532.6179923702,6951486.980920465,22494.5693359375,69.76731653051502,65.33435447627382,19.767316530515025,15.33435447627383,12,1841,7.95270728767e-06,
2326,triangle,1033,1326,1271,,360646.87074499653,6945952.932465975,220313.5263671875,111.47193962236634,100.81524000722447,61.47193962236633,50.81524000722448,52,1561,1.189207115e-05,
2327,triangle,1276,1314,1062,,355701.55385543796,6951685.299752551,30658.9697265625,74.63991047867111,77.32217318555509,24.639910478671105,27.32217318555509,65,1681,6.32455532034e-06,
2328,triangle,1032,1403,1185,,359824.87373223295,6950712.682482236,20200.5380859375,69.85212313827907,67.90415260897436,19.85212313827907,17.90415260897436,12,1841,7.95270728767e-06,
2329,triangle,815,1015,439,,359701.5306122449,6950398.214285714,11407.8447265625,68.30097476526564,63.34783796434589,18.30097476526563,13.34783796434589,12,1841,7.95270728767e-06,
2330,triangle,1334,1469,1396,,364524.6342354746,6955891.078421909,6682.96875,36.77302033420008,37.33923814867919,-13.226979665799917,-12.660761851320805,12,1841,7.95270728767e-06,
2331,triangle,741,1265,893,,359363.4218913317,6946728.818802752,15595.46484375,98.65248673331348,98.0358178679777,48.65248673331348,48.0358178679777,12,1841,7.95270728767e-06,
2332,triangle,890,1263,739,,355844.88977821317,6955604.166666667,14990.974609375,89.67253195216225,89.1033360041842,39.67253195216225,39.10333600418419,6,1721,1.189207115e-05,
2333,triangle,744,1267,903,,358327.2734465711,6948954.631766816,24742.2236328125,75.40521753564079,75.62667400285095,25.40521753564078,25.62667400285096,12,1841,7.95270728767e-06,
2334,triangle,887,1266,737,,356250.16605685017,6953743.414324913,17208.306640625,79.75019778693292,77.78672279251937,29.750197786932915,27.786722792519384,65,1681,6.32455532034e-06,
2335,triangle,1242,1288,714,,361551.40030064643,6948995.063582609,46172.4169921875,89.26115145784155,87.75254913268805,39.26115145784155,37.75254913268805,12,1841,7.95270728767e-06,
2336,triangle,1358,1430,1056,,357141.4127260933,6948614.71799561,16517.87158203125,61.831146027640635,61.95454648810519,11.831146027640637,11.95454648810518,12,1841,7.95270728767e-06,
2337,triangle,1016,1193,775,,359366.5936208698,6950542.652748083,20669.529296875,71.1730045122182,65.44633526659611,21.173004512218196,15.44633526659611,12,1841,7.95270728767e-06,
2338,triangle,990,1194,766,,358633.5110187397,6952574.417088531,15363.59033203125,51.86716615038177,46.608558128318116,1.8671661503817667,-3.3914418716818897,12,1841,7.95270728767e-06,
2339,triangle,1007,1195,773,,357708.2671853031,6948415.728752241,19566.53271484375,68.09272607725634,67.54054536569089,18.09272607725634,17.540545365690882,12,1841,7.95270728767e-06,
2340,triangle,767,1194,991,,358855.010505148,6952550.103188124,20023.11328125,40.330471539966965,39.47727449006365,-9.669528460033028,-10.522725509936356,12,1841,7.95270728767e-06,
2341,triangle,717,1418,1226,,367886.11224652344,6952386.216818499,340661.166015625,146.89213142225486,144.6361835233368,96.89213142225486,94.6361835233368,6,1721,1.189207115e-05,
2342,triangle,799,1457,1243,,360686.12906339526,6949268.608053795,10613.64794921875,75.92037825331332,76.32219486351728,25.92037825331332,26.322194863517307,12,1841,7.95270728767e-06,
2343,triangle,946,1192,751,,358911.32640416577,6956761.716932826,17443.6787109375,128.10342841108007,128.1146817369681,78.10342841108009,78.11468173696811,65,1681,6.32455532034e-06,
2344,triangle,27,1344,816,,359450.0,6952823.373073719,5441.970703125,39.706535629819015,37.95163199461387,-10.293464370180983,-12.048368005386129,12,1841,7.95270728767e-06,
2345,triangle,37,993,846,,360204.93804664724,6952975.376579203,6564.8916015625,32.233182185888275,33.1098051050989,-17.766817814111718,-16.8901948949011,12,1841,7.95270728767e-06,
2346,triangle,68,1188,67,,361824.2242600716,6951919.917919882,3471.5048828125,86.87909640339305,86.42836702611764,36.879096403393035,36.42836702611765,12,1841,7.95270728767e-06,
2347,triangle,1068,1368,1367,,356906.8682269655,6957010.34048527,26308.9873046875,114.95817844355594,121.99852934652809,64.95817844355594,71.99852934652809,65,1681,6.32455532034e-06,
2348,triangle,1119,1390,731,,355901.16184649203,6954354.198226228,26361.6435546875,90.73766799690866,89.64508100060903,40.73766799690864,39.64508100060903,6,1721,1.189207115e-05,
2349,triangle,976,994,755,,364856.9151466857,6955740.979987686,18159.166015625,74.5649038064254,67.21598081315864,24.564903806425406,17.21598081315864,12,1841,7.95270728767e-06,
2350,triangle,886,1142,763,,357494.9219364617,6952222.6287368685,23470.103515625,43.32684911314013,47.38059404524663,-6.673150886859871,-2.6194059547533652,12,1841,7.95270728767e-06,
2351,triangle,891,1143,764,,355888.29165940615,6955005.191499812,19182.4541015625,82.94025058007341,83.25296693342995,32.940250580073396,33.25296693342995,6,1721,1.189207115e-05,
2352,triangle,994,1334,755,,364736.7768037997,6955797.816187068,18889.24072265625,60.743887046516946,55.36416915683202,10.743887046516944,5.36416915683202,12,1841,7.95270728767e-06,
2353,triangle,1091,1399,1131,,360434.1959019443,6952170.148815068,19389.87353515625,58.52238242569106,57.29210512632943,8.522382425691063,7.292105126329427,12,1841,7.95270728767e-06,
2354,triangle,746,1243,919,,360521.2967195003,6949470.409590438,20088.36865234375,76.66933428729055,72.8805154201643,26.669334287290557,22.880515420164304,12,1841,7.95270728767e-06,
2355,triangle,874,1364,1363,,352446.52341321745,6953795.3306562165,386285.3447265625,100.03749370419766,94.76074012127704,50.03749370419767,44.760740121277024,6,1721,1.189207115e-05,
2356,triangle,772,1278,1006,,358906.7668312788,6947479.883183134,18713.79638671875,91.06124427737109,89.31644810734247,41.0612442773711,39.31644810734247,12,1841,7.95270728767e-06,
2357,triangle,762,1384,1380,,354114.046154582,6957329.9613507455,151875.81884765625,158.74491845122998,147.9397864292071,108.74491845122996,97.93978642920706,65,1681,6.4408518894350004e-06,
2358,triangle,1317,1387,523,,365534.50279431225,6956207.233177264,52012.732421875,64.04733588863179,62.02647470931563,14.047335888631792,12.026474709315616,12,1841,7.95270728767e-06,
2359,triangle,1075,1306,1074,,353884.2140505466,6956445.911083234,89739.68212890625,99.11505184237943,104.41305392427195,49.11505184237942,54.41305392427194,6,1721,1.189207115e-05,
2360,triangle,470,1111,941,,359284.3265206979,6955755.280516847,5160.37060546875,82.27189554438233,82.51031167417406,32.27189554438233,32.51031167417407,65,1681,6.32455532034e-06,
2361,triangle,732,1430,908,,356921.6376012538,6948587.467408102,21961.92626953125,60.88603967059976,60.965231898910304,10.886039670599748,10.965231898910305,12,1841,7.95270728767e-06,
2362,triangle,979,1381,1256,,356657.5897199856,6952702.198762401,59022.7197265625,95.9980526270466,93.13626781663841,45.998052627046604,43.136267816638416,65,1681,6.32455532034e-06,
2363,triangle,730,1183,1059,,362836.14745603385,6948565.852247547,52352.55029296875,127.08650365973496,119.40674838848345,77.08650365973496,69.40674838848345,12,1841,7.95270728767e-06,
2364,triangle,785,1294,725,,361466.76331777935,6951536.637005404,26731.62841796875,83.03676468212245,82.13362198944414,33.03676468212246,32.133621989444144,12,1841,7.95270728767e-06,
2365,triangle,828,1304,1054,,359837.6272383405,6952674.103057924,22133.4892578125,41.945215781703496,40.166291713342105,-8.054784218296508,-9.833708286657892,12,1841,7.95270728767e-06,
2366,triangle,882,1098,852,,362865.62352016405,6955595.543126785,22433.9140625,29.501516425899258,32.880273197803916,-20.498483574100746,-17.119726802196077,12,1841,7.8945590031225e-06,
2367,triangle,827,1127,941,,359252.2148877752,6955923.2047943445,13590.61572265625,98.84612942951472,97.16360692811783,48.846129429514704,47.16360692811785,65,1681,6.32455532034e-06,
2368,triangle,949,1119,1002,,356134.4345330042,6954374.398129326,15987.7001953125,82.70943196755536,82.93000381769838,32.70943196755537,32.93000381769838,6,1721,1.189207115e-05,
2369,triangle,29,1344,28,,359500.0,6952898.373073719,2995.529296875,32.8731743256344,33.01829764402793,-17.1268256743656,-16.981702355972065,12,1841,7.95270728767e-06,
2370,triangle,67,1188,66,,361774.2242600716,6951919.917919882,3296.962890625,85.64488143712249,85.19503471003692,35.6448814371225,35.195034710036914,12,1841,7.95270728767e-06,
2371,triangle,103,1255,102,,363247.9435896601,6955486.006749232,4282.10546875,23.619920881848174,24.419125127219164,-26.380079118151826,-25.580874872780836,12,1841,7.95270728767e-06,
2372,triangle,104,1255,103,,363197.9435896601,6955486.006749232,3819.4130859375,23.79372501028372,24.819125381532317,-26.206274989716285,-25.180874618467683,12,1841,7.95270728767e-06,
2373,triangle,420,1345,419,,360891.12103174604,6948952.232142857,4877.232421875,67.98134296380114,68.10886779780752,17.981342963801133,18.10886779780752,12,1841,7.95270728767e-06,
2374,triangle,438,1345,420,,360891.12103174604,6949002.232142857,4374.99951171875,67.08298560652943,67.27553446447418,17.08298560652944,17.275534464474188,12,1841,7.95270728767e-06,
2375,triangle,1058,1359,751,,359116.8297086284,6956754.787749455,21937.533203125,125.14126693781517,126.61845964279506,75.1412669378152,76.61845964279506,65,1681,6.32455532034e-06,
2376,triangle,774,1358,1056,,357246.7848003064,6948670.954782784,18068.482421875,63.38434026871675,64.376871854199,13.384340268716745,14.376871854198995,12,1841,7.95270728767e-06,
2377,triangle,780,902,901,,358289.8466316674,6948543.712676509,11103.5771484375,71.74281960058578,70.66856906769037,21.74281960058577,20.668569067690367,12,1841,7.95270728767e-06,
2378,triangle,1143,1198,819,,355801.68516552245,6954780.171083895,22960.72021484375,86.66869578594456,87.07807273399288,36.66869578594456,37.07807273399286,6,1721,1.189207115e-05,
2379,triangle,843,1150,1149,,356515.930813295,6956949.795082766,29715.97509765625,127.15730685831927,124.83028944733327,77.15730685831927,74.83028944733327,6,1721,9.307153086229285e-06,
2380,triangle,333,1454,830,,358493.1780727329,6948652.329573934,10769.16455078125,68.79697494409393,68.94780125664106,18.796974944093932,18.947801256641057,12,1841,7.95270728767e-06,
2381,triangle,1294,1463,725,,361428.5947265486,6951393.001187629,21308.615234375,82.8039373288606,84.88525440268656,32.80393732886061,34.88525440268655,12,1841,7.95270728767e-06,
2382,triangle,852,1177,882,,362982.4274981865,6955631.548991819,17579.3515625,32.52293354837221,37.346970621325774,-17.477066451627792,-12.653029378674221,12,1841,7.72011414948e-06,
2383,triangle,1049,1455,1248,,357600.00883865013,6956932.866421599,72215.91845703125,136.37421627573278,139.1758525346559,86.3742162757328,89.17585253465592,65,1681,6.32455532034e-06,
2384,triangle,955,1435,1247,,356113.97015109914,6956560.1994348345,12475.36328125,102.05583118391073,102.67067162926126,52.055831183910726,52.67067162926125,6,1721,1.189207115e-05,
2385,triangle,725,1463,829,,361301.50800840114,6951302.497174715,51805.4609375,76.43242872511657,84.70897690031047,26.43242872511656,34.70897690031047,12,1841,7.95270728767e-06,
2386,triangle,1334,1396,974,,364583.24681935034,6955947.513942587,15231.7255859375,41.962565893918814,38.29169349205004,-8.03743410608118,-11.708306507949963,12,1841,7.95270728767e-06,
2387,triangle,1208,1371,854,,360014.1622359359,6956115.118070955,13699.9091796875,107.85797869276028,109.32075410018179,57.857978692760284,59.32075410018181,65,1681,6.32455532034e-06,
2388,triangle,854,1371,1207,,360067.4262462214,6956169.281810936,12890.64892578125,113.65017448272108,113.46774232903806,63.6501744827211,63.46774232903804,65,1681,6.32455532034e-06,
2389,triangle,846,875,735,,360244.387755102,6952797.704081632,16514.2119140625,42.97070809980069,40.775111228755925,-7.029291900199312,-9.224888771244077,12,1841,7.95270728767e-06,
2390,triangle,875,1437,735,,360296.3505322205,6952724.35811345,10150.1806640625,45.62187890062354,43.95178382772959,-4.378121099376458,-6.048216172270403,12,1841,7.95270728767e-06,
2391,triangle,920,1439,747,,360121.018386703,6949438.248613623,18145.0947265625,63.41219615227694,64.93935778165265,13.412196152276938,14.93935778165264,12,1841,7.95270728767e-06,
2392,triangle,974,1396,1093,,364560.6751210114,6956067.145468873,20449.2109375,32.707891646862905,29.405145720060876,-17.292108353137095,-20.594854279939124,12,1841,7.95270728767e-06,
2393,triangle,847,1443,1257,,358564.29717724427,6947265.866256643,12037.6337890625,96.62271493819927,96.38128648096203,46.62271493819928,46.381286480962025,12,1841,7.95270728767e-06,
2394,triangle,164,1090,163,,356009.0512657805,6953964.411215375,2283.0830078125,75.41787811107852,76.22732080090096,25.417878111078515,26.22732080090096,65,1681,6.32455532034e-06,
2395,triangle,28,1344,27,,359450.0,6952898.373073719,2995.529296875,33.04931266093182,32.85163097736127,-16.950687339068185,-17.148369022638732,12,1841,7.95270728767e-06,
2396,triangle,42,1167,41,,360354.39443634596,6953071.491334629,2318.1259765625,30.120482127529222,30.127069458768005,-19.879517872470775,-19.872930541231995,12,1841,7.95270728767e-06,
2397,triangle,366,1110,365,,356646.6145833333,6948345.328776042,2431.640625,58.6421468110461,58.62409717885398,8.642146811046098,8.624097178853981,12,1841,7.95270728767e-06,
2398,triangle,402,1168,401,,359569.30272108846,6950520.535714286,2171.55615234375,49.963642624196666,49.5058922129649,-0.03635737580333975,-0.4941077870350969,12,1841,7.95270728767e-06,
2399,triangle,471,1111,470,,359296.8265206979,6955692.780516847,3169.5166015625,79.43393369808116,79.61031269142667,29.43393369808116,29.61031269142667,65,1681,6.32455532034e-06,
2400,triangle,953,1376,960,,355803.25508930645,6951348.020339858,10361.38671875,71.0749266155869,71.35808923434264,21.0749266155869,21.358089234342653,12,1841,7.603817580385e-06,
2401,triangle,966,1407,1204,,364902.11186588305,6952781.092281565,79194.86376953125,171.31604923615936,156.67550132720194,121.31604923615933,106.67550132720193,65,1681,6.32455532034e-06,
2402,triangle,836,1416,1404,,361253.3861983484,6954314.614566666,22315.4609375,47.909138678321355,49.27115695566085,-2.090861321678646,-0.7288430443391416,65,1681,6.32455532034e-06,
2403,triangle,858,1188,68,,361821.12130035786,6951849.589599407,4614.97265625,88.2014578721533,88.03973984516023,38.2014578721533,38.039739845160234,12,1841,7.95270728767e-06,
2404,triangle,525,866,526,,361694.4238978503,6951324.031180336,8018.4619140625,102.16824358001332,101.61118868754528,52.168243580013325,51.61118868754528,65,1681,6.4990001739825e-06,
2405,triangle,1035,1183,730,,363048.7275656041,6948682.8483592635,58381.939453125,101.63563521889891,103.1676618239194,51.63563521889891,53.16766182391941,12,1841,7.95270728767e-06,
2406,triangle,526,1463,1294,,361532.6410384085,6951313.257710007,14813.70361328125,94.93046480449925,94.30979669844987,44.93046480449925,44.30979669844987,12,1841,7.95270728767e-06,
2407,triangle,717,1432,1419,,367125.76884058473,6952079.526604471,324587.36865234375,147.81414517093913,142.33971956187813,97.81414517093914,92.33971956187814,6,1721,1.189207115e-05,
2408,triangle,1251,1309,821,,358832.2233378594,6945165.117177576,62738.71875,122.59241222840475,122.36560936800235,72.59241222840475,72.36560936800234,18,2041,4.30886938006e-06,
2409,triangle,66,1188,858,,361771.12130035786,6951849.589599408,4440.4306640625,85.88708927707745,86.8064075290795,35.88708927707745,36.8064075290795,12,1841,7.95270728767e-06,
2410,triangle,1263,1264,839,,355763.9308101805,6955403.092217174,17290.6357421875,85.54713640214311,85.1761350699277,35.54713640214312,35.17613506992769,6,1721,1.189207115e-05,
2411,triangle,829,1463,1274,,361370.22158830677,6951090.99572669,60066.0078125,89.48046154718438,96.0330087247699,39.480461547184376,46.03300872476989,12,1841,7.95270728767e-06,
2412,triangle,1193,1202,860,,359371.57375345187,6950319.452303164,17292.375,75.8299072217643,72.51242876459419,25.829907221764305,22.512428764594194,12,1841,7.95270728767e-06,
2413,triangle,908,1401,732,,356817.27138963883,6948595.153313316,15078.537109375,60.19812660281236,60.46986328658244,10.19812660281235,10.469863286582441,12,1841,7.95270728767e-06,
2414,triangle,918,1457,799,,360720.70934710506,6949172.763300809,10492.23046875,73.00734038191946,72.17034312166582,23.007340381919455,22.17034312166582,12,1841,7.95270728767e-06,
2415,triangle,526,866,527,,361675.45663713734,6951265.518552433,3296.17919921875,102.66552446094414,102.15053538025565,52.66552446094414,52.150535380255654,65,1681,6.32455532034e-06,
2416,triangle,1178,1369,1070,,357365.92779395124,6948248.141428319,17475.55712890625,63.737067317938894,66.37986922211218,13.737067317938886,16.37986922211218,12,1841,7.95270728767e-06,
2417,triangle,910,914,745,,356475.0,6948325.0,9843.75,61.76666514078775,61.81666628519694,11.766665140787751,11.81666628519694,12,1841,7.95270728767e-06,
2418,triangle,462,1476,1371,,359905.8019350297,6956244.198064971,2641.630859375,99.5681137556091,99.48481364064037,49.56811375560912,49.484813640640375,65,1681,6.32455532034e-06,
2419,triangle,1371,1476,460,,359930.8019350297,6956269.198064971,2641.630859375,101.06269974941966,100.85147979868073,51.06269974941966,50.85147979868074,65,1681,6.32455532034e-06,
2420,triangle,1303,1304,828,,359732.91307102743,6952703.429728468,17261.95361328125,37.00558980445465,37.482828742825866,-12.994410195545353,-12.517171257174132,12,1841,7.95270728767e-06,
2421,triangle,717,1419,1418,,367473.09007643507,6952282.292790078,280785.12109375,156.12887989680894,148.97662400758344,106.12887989680895,98.97662400758344,6,1721,1.189207115e-05,
2422,triangle,1008,1358,774,,357335.58241397346,6948610.494869624,14774.1142578125,63.28238643837254,63.91780259486935,13.282386438372535,13.917802594869352,12,1841,7.95270728767e-06,
2423,triangle,750,1357,942,,359518.7598771327,6955604.737991397,14663.1064453125,97.40778781982036,97.5312047373623,47.40778781982034,47.53120473736231,65,1681,6.32455532034e-06,
2424,triangle,751,1359,946,,359005.68343365396,6956723.080803364,15959.6337890625,122.88736304679335,123.51449806849176,72.88736304679335,73.51449806849176,65,1681,6.32455532034e-06,
2425,triangle,752,1360,947,,359137.0573414105,6956388.459632501,14067.50390625,119.19307788805123,118.6786587566118,69.19307788805122,68.67865875661178,65,1681,6.32455532034e-06,
2426,triangle,897,1356,742,,358681.1777898064,6947881.92638529,15162.43701171875,80.82007492700708,81.7967486662193,30.820074927007084,31.79674866621931,12,1841,7.95270728767e-06,
2427,triangle,898,1355,743,,358284.7656001332,6947872.968993043,16556.0146484375,82.6344930186255,82.24023789354929,32.63449301862551,32.240237893549285,12,1841,7.95270728767e-06,
2428,triangle,39,1468,1167,,360317.9930454325,6953133.114168286,1480.01953125,29.40368505410448,29.339717331351466,-20.596314945895518,-20.660282668648534,12,1841,7.95270728767e-06,
2429,triangle,993,1167,42,,360318.2610544218,6953037.939342403,4287.4794921875,30.67054387414295,30.822928846794465,-19.32945612585705,-19.177071153205535,12,1841,7.95270728767e-06,
2430,triangle,909,1110,355,,356738.8020833333,6948329.801432292,5012.51220703125,59.1295099179805,59.14114573117587,9.129509917980496,9.141145731175872,12,1841,7.95270728767e-06,
2431,triangle,1110,1470,356,,356683.2682291667,6948406.660970052,1573.791015625,58.23997309493856,58.218758006744025,8.239973094938563,8.218758006744022,12,1841,7.95270728767e-06,
2432,triangle,365,1110,909,,356688.8020833333,6948304.801432292,5369.56787109375,59.011134559789674,59.10781290646884,9.011134559789673,9.10781290646884,12,1841,7.95270728767e-06,
2433,triangle,376,1471,917,,360726.9861516035,6948899.4374088915,2352.03515625,64.0588724144569,64.86800850362577,14.058872414456902,14.868008503625761,12,1841,7.95270728767e-06,
2434,triangle,382,1472,919,,360373.7016602257,6949403.367859173,2372.34130859375,60.088773336607495,60.56351026187496,10.0887733366075,10.563510261874956,12,1841,7.95270728767e-06,
2435,triangle,919,1472,384,,360348.7016602257,6949428.367859173,2267.3515625,59.54980953066381,60.13017718285477,9.54980953066381,10.130177182854775,12,1841,7.95270728767e-06,
2436,triangle,401,1168,1015,,359597.619047619,6950481.25,3857.62109375,56.38505362958962,55.183491092070426,6.3850536295896205,5.18349109207043,12,1841,7.95270728767e-06,
2437,triangle,917,1471,421,,360751.9861516035,6948924.4374088915,2320.0048828125,64.09950922041864,64.86800850362577,14.09950922041864,14.868008503625761,12,1841,7.95270728767e-06,
2438,triangle,1168,1473,441,,359605.37840136053,6950581.919642857,1497.1298828125,49.03644224022829,49.35896862401902,-0.9635577597717098,-0.6410313759809704,12,1841,7.95270728767e-06,
2439,triangle,1111,1475,453,,359258.5331508724,6955634.725646059,2495.658203125,77.58890486941891,78.58663863804634,27.58890486941892,28.58663863804634,65,1681,6.32455532034e-06,
2440,triangle,464,1477,939,,359701.5943877551,6956226.594387755,2633.130859375,93.41746495797094,93.37049177943209,43.417464957970935,43.37049177943209,65,1681,6.32455532034e-06,
2441,triangle,939,1477,490,,359676.5943877551,6956251.594387755,2633.130859375,93.62828133922925,93.4704927966847,43.62828133922925,43.4704927966847,65,1681,6.32455532034e-06,
2442,triangle,40,1468,39,,360338.59860908653,6953161.622833657,1504.93115234375,28.681404537241733,28.67931441209355,-21.318595462758267,-21.320685587906446,12,1841,7.95270728767e-06,
2443,triangle,41,1468,40,,360363.59860908653,6953136.622833657,1282.65673828125,29.077892322001155,29.079314666406702,-20.922107677998845,-20.920685333593294,12,1841,7.95270728767e-06,
2444,triangle,85,1469,84,,364470.77237257914,6955819.346403651,2176.47021484375,30.620456348976298,30.779785781366638,-19.379543651023702,-19.220214218633366,12,1841,7.95270728767e-06,
2445,triangle,86,1469,85,,364445.77237257914,6955844.346403651,2336.8916015625,30.23820149302253,30.379785527053485,-19.76179850697747,-19.620214472946518,12,1841,7.95270728767e-06,
2446,triangle,356,1470,367,,356661.6536458333,6948436.332194011,1537.6279296875,57.89466133651301,57.89466133651634,7.894661336513005,7.894661336516343,12,1841,7.95270728767e-06,
2447,triangle,367,1470,366,,356636.6536458333,6948411.332194011,1311.03515625,58.127994924159495,58.12799492416283,8.127994924159497,8.127994924162827,12,1841,7.95270728767e-06,
2448,triangle,377,1471,376,,360690.39723032067,6948934.887481779,1732.1884765625,63.79186642801932,63.80044780118791,13.791866428019322,13.800447801187905,12,1841,7.95270728767e-06,
2449,triangle,421,1471,377,,360715.39723032067,6948959.887481779,1700.158203125,63.79110720251182,63.80044780118791,13.791107202511808,13.800447801187905,12,1841,7.95270728767e-06,
2450,triangle,383,1472,382,,360339.7403320451,6949365.673571835,1763.27685546875,58.366646507121104,58.40285291949436,8.366646507121104,8.402852919494352,12,1841,7.95270728767e-06,
2451,triangle,384,1472,383,,360314.7403320451,6949390.673571835,1658.287109375,57.9212850136325,57.96951984047417,7.921285013632497,7.96951984047417,12,1841,7.95270728767e-06,
2452,triangle,403,1473,402,,359561.07568027213,6950586.383928572,1246.013671875,46.68553073554753,46.686409744387454,-3.3144692644524714,-3.31359025561254,12,1841,7.95270728767e-06,
2453,triangle,404,1474,403,,359568.02094489586,6950667.455496523,2027.3564453125,46.85454981262073,47.013310099943794,-3.1454501873792697,-2.9866899000562,12,1841,7.95270728767e-06,
2454,triangle,441,1473,403,,359586.07568027213,6950611.383928572,1531.8076171875,47.02112215989667,47.01974307772079,-2.9788778401033276,-2.9802569222792066,12,1841,7.95270728767e-06,
2455,triangle,403,1474,441,,359593.02094489586,6950642.455496523,1963.74365234375,47.741984557114755,47.91331035425694,-2.258015442885248,-2.0866896457430486,12,1841,7.95270728767e-06,
2456,triangle,453,1475,472,,359286.7066301745,6955591.945129212,1906.3271484375,76.64872863696813,76.64299261328632,26.64872863696813,26.64299261328634,65,1681,6.32455532034e-06,
2457,triangle,460,1476,461,,359891.16038700595,6956308.839612994,1818.0439453125,97.82256203402484,97.87724607478135,47.82256203402485,47.87724607478136,65,1681,6.32455532034e-06,
2458,triangle,461,1476,462,,359866.16038700595,6956283.839612994,1818.0439453125,96.4558958759878,96.510579916741,46.45589587598781,46.510579916740994,65,1681,6.32455532034e-06,
2459,triangle,491,1477,464,,359664.0943877551,6956189.094387755,1585.61865234375,89.58259490362344,89.61215793747245,39.582594903623445,39.61215793747246,65,1681,6.32455532034e-06,
2460,triangle,472,1475,471,,359311.7066301745,6955616.945129212,1495.50390625,76.96820526995083,76.94299312191264,26.968205269950822,26.94299312191264,65,1681,6.32455532034e-06,
2461,triangle,490,1477,491,,359639.0943877551,6956214.094387755,1585.61865234375,89.68259592088083,89.71215895472506,39.682595920880836,39.71215895472506,65,1681,6.32455532034e-06,
2462,triangle,38,1167,993,,360268.2610544218,6953062.939342403,4219.14892578125,30.6154129827138,30.6562621801278,-19.3845870172862,-19.3437378198722,12,1841,7.95270728767e-06,
2463,triangle,1015,1168,440,,359647.619047619,6950506.25,4991.23095703125,57.63002733704802,56.01682442540376,7.630027337048025,6.016824425403763,12,1841,7.95270728767e-06,
2464,triangle,1167,1468,41,,360342.9930454325,6953108.114168286,1257.74462890625,29.786122960650896,29.739717585664618,-20.213877039349107,-20.260282414335382,12,1841,7.95270728767e-06,
2465,triangle,366,1470,1110,,356658.2682291667,6948381.660970052,1347.19873046875,58.473306682585026,58.45209159439051,8.47330668258503,8.452091594390506,12,1841,7.95270728767e-06,
2466,triangle,402,1473,1168,,359580.37840136053,6950556.919642857,1211.3359375,48.69181845181427,49.02563529068569,-1.3081815481857233,-0.9743647093143037,12,1841,7.95270728767e-06,
2467,triangle,471,1475,1111,,359283.5331508724,6955659.725646059,2084.8359375,78.24270916985606,78.88663914667264,28.242709169856052,28.886639146672646,65,1681,6.32455532034e-06,
2468,triangle,508,1318,507,,363701.63852094486,6956566.459260398,52915.703125,99.61774312706626,98.92519681101741,49.61774312706626,48.9251968110174,12,1841,7.95270728767e-06,
2469,triangle,658,1274,527,,361653.4228700392,6950919.298650515,62347.39892578125,108.9274272476679,106.60755235072459,58.92742724766789,56.6075523507246,12,1841,7.778262434027501e-06,
2470,triangle,527,1354,658,,361760.3769638203,6950948.30256904,38385.09716796875,106.21296322526183,105.36137431291536,56.212963225261845,55.36137431291536,65,1681,6.55714845853e-06,
2471,triangle,659,1133,528,,361891.4284276723,6949920.419366342,26531.70263671875,91.18227621260867,91.47924451334056,41.18227621260867,41.479244513340554,12,1841,7.371224442195001e-06,
2472,triangle,661,529,531,,361930.3029701861,6948760.560230485,26029.30029296875,98.3308469644756,99.15043736867244,48.3308469644756,49.15043736867242,65,1681,6.7315933121724995e-06,
2473,triangle,661,531,530,,361862.850312548,6948537.235531854,26029.2998046875,108.49924643234351,104.25301494761828,58.49924643234351,54.25301494761829,65,1681,6.9641864503624995e-06,
2474,triangle,532,1315,533,,362738.433436823,6949235.677325624,112322.69775390625,95.56357034213839,100.17829614864023,45.56357034213839,50.178296148640214,65,1681,6.3827036048875e-06,
2475,triangle,537,536,569,,362801.12874847074,6948095.830535185,89013.451171875,116.78600676617876,104.61823495762265,66.78600676617876,54.61823495762266,52,1561,1.1469996450464645e-05,
2476,triangle,537,1059,536,,362755.207202916,6948257.217971548,84578.45068359375,123.17146161524532,112.02233962690114,73.17146161524532,62.022339626901136,12,1841,8.093398854181786e-06,
2477,triangle,556,555,568,,366780.4589121372,6952966.342068634,57211.01220703125,123.65594039057325,131.6974771219818,73.65594039057324,81.69747712198178,12,1841,7.603817580385e-06,
2478,triangle,556,1300,555,,366770.4589042871,6953123.1207720125,106549.1455078125,131.02285023150148,137.73851637124193,81.02285023150148,87.73851637124194,65,1681,6.4408518894350004e-06,
2479,triangle,173,174,172,,356500.0,6954075.0,2812.5,74.66666920979817,73.83333333333333,24.666669209798172,23.833333333333332,65,1681,6.32455532034e-06,
2480,triangle,174,633,172,,356597.621290286,6954131.548669223,25514.015625,82.69713056330794,77.79960462311328,32.69713056330795,27.799604623113282,65,1681,6.921074873517858e-06,
2481,triangle,175,633,174,,356572.621290286,6954182.69803188,504.91064453125,81.8243674012743,77.54366439415494,31.824367401274305,27.543664394154945,65,1681,8.312953830932858e-06,
2482,triangle,221,175,220,,356450.0,6954226.149362658,2683.197265625,74.07011495731011,73.81072796358724,24.070114957310114,23.810727963587237,6,1721,1.149439144788143e-05,
2483,triangle,175,632,220,,356367.8720282752,6954176.724043988,20931.1689453125,76.76290051788963,76.62603447375058,26.762900517889644,26.62603447375059,6,1721,1.1096711745762857e-05,
2484,triangle,335,425,334,,358325.0,6948725.0,2812.5,66.29999966091582,66.16666666666667,16.299999660915816,16.166666666666668,12,1841,7.95270728767e-06,
2485,triangle,356,367,357,,356650.0,6948475.0,2812.5,57.655555725097656,57.59999974568685,7.655555725097653,7.599999745686849,12,1841,7.95270728767e-06,
2486,triangle,357,367,358,,356600.0,6948500.0,2812.5,57.31111102634007,57.233333587646484,7.311111026340069,7.233333587646484,12,1841,7.95270728767e-06,
2487,triangle,660,427,426,,361819.4928561607,6949591.645010777,17195.3828125,86.09637783625531,85.33962527997194,36.09637783625531,35.33962527997193,12,1841,7.95270728767e-06,
2488,triangle,660,426,659,,361890.4210088597,6949625.3255005395,24132.439453125,86.69205169270768,87.26895204321711,36.69205169270767,37.26895204321712,12,1841,7.5456692958375e-06,
2489,triangle,451,936,639,,359053.5587095103,6955623.7301372,9400.775390625,85.4649011691661,90.54890526070268,35.46490116916609,40.54890526070269,65,1681,6.32455532034e-06,
2490,triangle,453,472,454,,359300.0,6955550.0,2812.5,76.36666531032985,75.93333180745442,26.366665310329847,25.933331807454426,65,1681,6.32455532034e-06,
2491,triangle,465,491,464,,359650.0,6956150.0,2812.5,88.55555555555554,87.83333333333333,38.555555555555536,37.833333333333336,65,1681,6.32455532034e-06,
2492,triangle,643,494,644,,359091.1439475503,6946116.294184823,37911.55078125,100.26568124256823,103.72308874573861,50.265681242568235,53.72308874573861,18,2041,4.959554720704643e-06,
2493,triangle,665,495,645,,359308.1299624164,6945420.620527915,76434.41064453125,129.26319686026318,127.28094776948326,79.26319686026318,77.28094776948326,12,1841,8.234090420693573e-06,
2494,triangle,507,849,508,,363505.0263160852,6956566.821600725,133721.9560546875,111.60271723939536,104.12617431329006,61.60271723939536,54.12617431329005,65,1681,6.32455532034e-06,
2495,triangle,654,516,515,,357391.3372839508,6958497.149883322,86770.37841796875,169.44294328944318,169.10280761651964,119.44294328944319,119.10280761651966,65,1681,6.4990001739825e-06,
2496,triangle,531,954,530,,361996.90459850925,6948452.658617538,117448.078125,123.23346293847305,111.75595858496848,73.23346293847304,61.75595858496848,12,1841,7.95270728767e-06,
2497,triangle,533,730,532,,362765.57782346406,6949007.840964414,123872.75390625,97.40493969446129,100.74158314498156,47.40493969446129,50.74158314498154,12,1841,7.8945590031225e-06,
2498,triangle,567,556,568,,366627.53403615527,6952860.170399572,37159.607421875,117.69944783359699,122.15835501479968,67.69944783359699,72.15835501479968,12,1841,8.515473553717143e-06,
2499,triangle,561,560,562,,364049.0732146702,6951902.027778911,120268.2451171875,92.77805865255378,98.38419623530649,42.77805865255378,48.38419623530649,12,1841,7.778262434027501e-06,
2500,triangle,162,1478,4,,357652.8188501173,6952418.381878593,7692.9609375,40.49525381906218,40.353097743962536,-9.504746180937824,-9.646902256037464,12,1841,7.95270728767e-06,
2501,triangle,161,1478,162,,357602.8188501173,6952443.381878593,10822.58203125,41.63466494646631,41.15309825258884,-8.365335053533695,-8.846901747411161,12,1841,7.95270728767e-06,
2502,triangle,159,1484,627,,357311.4580465166,6952484.103196283,16888.8212890625,54.87370614372448,52.6796967280066,4.87370614372448,2.679696728006592,12,1841,7.95270728767e-06,
2503,triangle,149,1483,150,,356713.1470166739,6951838.948962768,6958.4609375,56.32865105732346,55.73366849511688,6.328651057323461,5.733668495116878,12,1841,7.95270728767e-06,
2504,triangle,631,1479,143,,356255.859280904,6951664.440226093,15292.25927734375,70.31860705822842,67.02679939588398,20.318607058228412,17.026799395883984,12,1841,7.95270728767e-06,
2505,triangle,1480,1483,630,,356543.9701667386,6951901.989627671,34255.3154296875,69.26206860727154,66.20932664688716,19.262068607271544,16.209326646887174,12,1841,7.95270728767e-06,
2506,triangle,4,1478,5,,357702.8188501173,6952443.381878593,7375.8408203125,40.26442202523315,40.18643107729587,-9.735577974766848,-9.81356892270413,12,1841,7.95270728767e-06,
2507,triangle,134,1487,152,,356782.4560424366,6952146.075735178,20002.833984375,61.76804552817782,62.89631368672182,11.768045528177813,12.89631368672181,12,1841,7.8945590031225e-06,
2508,triangle,135,138,137,,355895.15592873626,6951457.748961306,871.75830078125,64.67584989495971,64.53267244438892,14.675849894959715,14.532672444388924,12,1841,7.95270728767e-06,
2509,triangle,152,1480,134,,356725.78158194694,6952077.794669463,15660.1240234375,67.22262565591603,65.10489500981596,17.22262565591603,15.104895009815968,12,1841,7.95270728767e-06,
2510,triangle,143,1482,631,,356180.859280904,6951614.440226093,12169.22900390625,70.3840697144269,67.6684658082375,20.384069714426907,17.6684658082375,12,1841,7.95270728767e-06,
2511,triangle,142,1482,143,,356237.5,6951562.5,5625.0,62.87499968210858,61.98333326975504,12.874999682108578,11.983333269755045,12,1841,7.95270728767e-06,
2512,triangle,148,1483,149,,356688.1470166739,6951788.948962768,5715.21923828125,55.913643153121896,56.13366874943003,5.913643153121889,6.133668749430029,12,1841,7.95270728767e-06,
2513,triangle,158,1484,159,,357297.8642837701,6952389.429285205,4676.0625,47.2823626838506,48.07155450183797,-2.7176373161493985,-1.9284454981620252,12,1841,7.95270728767e-06,
2514,triangle,152,1487,153,,356885.7312592337,6952125.545761034,4479.13134765625,52.46356453281716,53.36588772920146,2.4635645328171654,3.3658877292014537,12,1841,7.95270728767e-06,
2515,triangle,630,1479,631,,356257.6256322246,6951770.216195679,29434.02197265625,75.24830429399583,71.59465389045958,25.248304293995826,21.59465389045958,12,1841,7.95270728767e-06,
2516,triangle,631,1482,139,,356080.859280904,6951564.440226093,9885.5341796875,67.76467190407045,68.13513298353047,17.764671904070454,18.135132983530468,12,1841,7.95270728767e-06,
2517,triangle,159,1486,160,,357438.42681216233,6952463.2198257,4299.73046875,45.92672214926011,44.92064141618571,-4.073277850739892,-5.079358583814292,12,1841,7.95270728767e-06,
2518,triangle,5,1478,6,,357752.8188501173,6952493.381878593,7375.8408203125,40.158903547169345,39.853097743962536,-9.841096452830655,-10.146902256037464,12,1841,7.95270728767e-06,
2519,triangle,224,1478,223,,357752.8188501173,6952643.381878593,8864.91796875,42.47508892489605,42.419764664942356,-7.524911075103945,-7.580235335057647,12,1841,7.95270728767e-06,
2520,triangle,627,1484,628,,357220.1985534032,6952504.5371056935,19810.23779296875,64.50376504530519,61.93429727928663,14.50376504530519,11.93429727928663,12,1841,7.778262434027501e-06,
2521,triangle,628,1481,629,,357001.4032790861,6952378.178501469,16513.126953125,70.92708786334532,68.62892967113808,20.92708786334532,18.628929671138074,12,1841,7.5456692958375e-06,
2522,triangle,133,1486,627,,357466.16883501894,6952649.156901307,21141.81982421875,49.805655296514615,51.04511738585512,-0.1943447034853754,1.0451173858551177,12,1841,7.8945590031225e-06,
2523,triangle,150,1483,1480,,356692.203815418,6951896.213658086,12378.11328125,60.11718981124002,59.30813881897825,10.117189811240012,9.308138818978248,12,1841,7.95270728767e-06,
2524,triangle,629,1487,134,,356787.40309787873,6952242.923151293,18675.7177734375,64.57195150026962,69.6393805360634,14.571951500269616,19.63938053606339,12,1841,7.836410718575001e-06,
2525,triangle,1479,1483,145,,356475.6470166739,6951726.448962768,8718.40673828125,59.32118906549834,60.70866919447804,9.32118906549833,10.708669194478043,12,1841,7.95270728767e-06,
2526,triangle,627,1486,159,,357402.02057490876,6952532.893736777,14009.8076171875,52.79400136119533,50.295450054707835,2.7940013611953303,0.2954500547078407,12,1841,7.95270728767e-06,
2527,triangle,139,1482,140,,356087.5,6951487.5,4218.75,62.36666679382325,62.91666762034098,12.366666793823246,12.916667620340982,12,1841,7.95270728767e-06,
2528,triangle,145,1483,146,,356538.1470166739,6951713.948962768,4381.7587890625,57.633920346883826,57.70033567040985,7.63392034688383,7.700335670409847,12,1841,7.95270728767e-06,
2529,triangle,160,1486,161,,357488.42681216233,6952463.2198257,4299.73046875,44.08745000300452,43.8539744952059,-5.912549996995481,-6.14602550479411,12,1841,7.95270728767e-06,
2530,triangle,132,1485,133,,357660.3664424715,6952786.904073347,3946.62451171875,44.20063809861905,44.814505592116205,-5.799361901380951,-5.18549440788379,12,1841,7.603817580385e-06,
2531,triangle,630,1483,1479,,356427.4133679944,6951807.224932353,24519.4521484375,64.86528745696866,66.27652368905363,14.865287456968666,16.276523689053636,12,1841,7.95270728767e-06,
2532,triangle,144,1479,145,,356412.5,6951662.5,5625.0,59.525000678168404,59.90833377838135,9.525000678168402,9.908333778381348,12,1841,7.95270728767e-06,
2533,triangle,150,1480,151,,356779.0567987442,6951957.264695319,5985.8876953125,55.200630673923584,56.77446981523506,5.200630673923568,6.774469815235066,12,1841,7.95270728767e-06,
2534,triangle,155,1481,156,,357087.7157167572,6952260.897175943,5420.4140625,52.6797512559225,52.93126277914276,2.679751255922499,2.931262779142758,12,1841,7.95270728767e-06,
2535,triangle,1478,1486,133,,357580.3939223898,6952622.8648688225,22016.673828125,45.70256816530214,45.956739570315705,-4.297431834697856,-4.043260429684296,12,1841,7.95270728767e-06,
2536,triangle,1478,1488,6,,357777.113226948,6952541.988429512,4953.6611328125,40.76795967105039,40.33208055849527,-9.232040328949612,-9.66791944150473,12,1841,7.95270728767e-06,
2537,triangle,1478,1485,223,,357707.17794129805,6952680.881878593,6506.61181640625,43.254071385362145,43.120361609389306,-6.745928614637855,-6.879638390610693,12,1841,7.95270728767e-06,
2538,triangle,140,1482,141,,356137.5,6951487.5,4218.75,61.47500038146973,62.35000069936117,11.475000381469727,12.350000699361166,12,1841,7.95270728767e-06,
2539,triangle,143,1479,144,,356362.5,6951637.5,4218.75,61.05000114440918,60.90833377838135,11.05000114440918,10.908333778381348,12,1841,7.95270728767e-06,
2540,triangle,146,1483,147,,356588.1470166739,6951713.948962768,4381.7578125,56.64478522434477,56.933669258056334,6.644785224344768,6.933669258056331,12,1841,7.95270728767e-06,
2541,triangle,151,1480,152,,356804.0567987442,6952007.264695319,5168.60986328125,56.42971437696829,56.707802894255245,6.429714376968292,6.707802894255249,12,1841,7.95270728767e-06,
2542,triangle,154,1481,155,,357037.7157167572,6952235.897175943,4038.43212890625,53.34424349120325,53.59792944580943,3.3442434912032475,3.597929445809425,12,1841,7.95270728767e-06,
2543,triangle,156,1484,157,,357197.8642837701,6952314.429285205,4435.794921875,50.53175453834121,50.704887072231855,0.5317545383412079,0.7048870722318551,12,1841,7.95270728767e-06,
2544,triangle,224,1488,1478,,357777.1132269481,6952591.988429512,5503.33203125,41.87375351844935,41.565414146141755,-8.126246481550652,-8.434585853858245,12,1841,7.95270728767e-06,
2545,triangle,141,1482,142,,356187.5,6951512.5,5625.0,61.14444510142009,61.8833335240682,11.14444510142009,11.883333524068197,12,1841,7.95270728767e-06,
2546,triangle,147,1483,148,,356638.1470166739,6951738.948962768,5715.21923828125,56.34075122948135,56.50033617903615,6.340751229481352,6.500336179036149,12,1841,7.95270728767e-06,
2547,triangle,157,1484,158,,357247.8642837701,6952339.429285205,4676.06298828125,48.52214090764793,49.47155348458537,-1.4778590923520705,-0.5284465154146293,12,1841,7.95270728767e-06,
2548,triangle,161,1486,1478,,357566.24566227966,6952506.601704293,11343.572265625,44.18217869279661,44.140405318188606,-5.817821307203387,-5.859594681811392,12,1841,7.95270728767e-06,
2549,triangle,133,1485,1478,,357646.32620140817,6952697.145043123,12532.919921875,44.24398545122324,44.4366958615164,-5.756014548776758,-5.563304138483598,12,1841,7.95270728767e-06,
2550,triangle,153,1487,154,,356935.7312592337,6952175.545761034,4479.13134765625,53.81934571544083,52.499221571161094,3.8193457154408383,2.499221571161089,12,1841,7.95270728767e-06,
2551,triangle,1481,1484,156,,357135.58000052726,6952325.326461148,7736.61962890625,55.2393450363541,54.73614959706146,5.239345036354094,4.736149597061463,12,1841,7.95270728767e-06,
2552,triangle,154,1487,1481,,356973.44697599096,6952236.442936976,6374.59521484375,56.834111040080685,56.19715076265737,6.834111040080682,6.197150762657363,12,1841,7.95270728767e-06,
2553,triangle,628,1484,1481,,357119.320507414,6952395.76037056,13415.25390625,63.792589611809994,62.72408373598799,13.792589611809994,12.724083735987984,12,1841,7.8945590031225e-06,
2554,triangle,1481,1487,629,,356928.3940314331,6952283.290353092,11751.5078125,65.57761981679019,63.80688377003931,15.577619816790182,13.806883770039308,12,1841,7.95270728767e-06,
2555,triangle,225,1488,224,,357849.29437683075,6952598.606550918,3048.64599609375,40.3908234133985,40.34565024413885,-9.609176586601496,-9.654349755861146,12,1841,7.95270728767e-06,
2556,triangle,223,1485,222,,357729.35909118067,6952762.5,2322.10205078125,43.1339300234678,43.13393002346714,-6.866069976532204,-6.866069976532864,12,1841,7.95270728767e-06,
2557,triangle,222,1485,132,,357721.2181823614,6952795.64090882,1214.0869140625,43.35207203151109,43.631503910382996,-6.647927968488915,-6.368496089617004,12,1841,7.95270728767e-06,
2558,triangle,6,1489,7,,357862.32359420764,6952512.151637729,1367.0595703125,37.749032760157384,37.74895654375582,-12.250967239842616,-12.251043456244183,12,1841,7.95270728767e-06,
2559,triangle,7,1489,225,,357887.32359420764,6952537.151637729,1426.095703125,38.282133629738695,38.282290640028606,-11.717866370261305,-11.717709359971396,12,1841,7.95270728767e-06,
2560,triangle,135,137,136,,355864.1759277091,6951463.728962333,78.1708984375,65.36611416686966,65.34330212229325,15.366114166869668,15.343302122293238,12,1841,7.95270728767e-06,
2561,triangle,1488,1489,6,,357836.6179710384,6952535.758188647,1347.7138671875,38.81223214800566,38.8279391039754,-11.187767851994339,-11.172060896024599,12,1841,7.95270728767e-06,
2562,triangle,225,1489,1488,,357861.6179710384,6952560.758188647,1406.75048828125,39.34440011082165,39.361273200248185,-10.655599889178347,-10.638726799751813,12,1841,7.95270728767e-06,
2563,triangle,135,631,138,,355963.5152096402,6951534.689187397,11844.89501953125,65.7247780921811,68.31780600012398,15.724778092181099,18.317806000123984,12,1841,7.778262434027501e-06,
2564,triangle,134,1480,630,,356552.5479332676,6952033.570639049,40092.74755859375,75.75252494420232,72.07274975870472,25.75252494420231,22.072749758704713,12,1841,7.778262434027501e-06,
2565,triangle,631,139,138,,356018.359280904,6951526.940226093,8655.775390625,64.73202055633988,66.98513304710876,14.732020556339872,16.985133047108757,12,1841,7.95270728767e-06,
2566,triangle,626,1492,222,,357880.04898514133,6952818.952076975,14922.326171875,45.28483451450555,46.740756468525014,-4.715165485494448,-3.2592435314749864,12,1841,7.8945590031225e-06,
2567,triangle,622,1491,623,,359017.9396426715,6953108.39535394,54155.7109375,43.51571267137996,45.02302404438075,-6.4842873286200415,-4.976975955619256,12,1841,7.8945590031225e-06,
2568,triangle,229,1490,228,,359652.1233381334,6953192.779578251,5386.1240234375,37.69075818930772,38.08389989888974,-12.309241810692278,-11.916100101110262,12,1841,7.95270728767e-06,
2569,triangle,1491,1501,623,,358946.71965443133,6952975.259210394,30836.72119140625,44.446346048113,43.54054306513503,-5.553653951887003,-6.459456934864971,12,1841,7.95270728767e-06,
2570,triangle,228,1490,227,,359627.1233381334,6953242.779578251,9010.921875,38.35793101458579,38.51723297790992,-11.642068985414216,-11.48276702209008,12,1841,7.95270728767e-06,
2571,triangle,15,1500,16,,358559.9009650483,6952767.152073753,4742.10791015625,38.33838616344985,37.952144654922094,-11.66161383655015,-12.047855345077906,12,1841,7.95270728767e-06,
2572,triangle,21,1501,22,,358959.0954697795,6952773.401174329,5445.1318359375,34.915213238294456,35.79816853784528,-15.084786761705539,-14.20183146215472,12,1841,7.95270728767e-06,
2573,triangle,224,1492,225,,357870.4986205928,6952656.131886344,5808.43212890625,41.3653697749497,41.27189329989691,-8.634630225050303,-8.728106700103089,12,1841,7.95270728767e-06,
2574,triangle,622,1496,1491,,359166.31029032887,6953075.574200797,34452.60302734375,46.23153225085918,44.92037587781428,-3.768467749140818,-5.079624122185719,12,1841,7.95270728767e-06,
2575,triangle,227,1490,131,,359525.13006952085,6953278.996177938,20979.8359375,44.864104104296686,43.32081732728805,-5.1358958957033085,-6.679182672711959,12,1841,7.95270728767e-06,
2576,triangle,230,1490,229,,359652.1233381334,6953142.779578251,5386.12451171875,36.81776945290506,37.317233486536225,-13.182230547094942,-12.682766513463777,12,1841,7.95270728767e-06,
2577,triangle,10,1494,11,,358112.5,6952612.5,5625.0,39.1666660308838,38.933334032694496,-10.8333339691162,-11.066665967305502,12,1841,7.95270728767e-06,
2578,triangle,27,1497,28,,359390.5607850603,6952909.867081881,4984.45849609375,34.353671750599204,35.11674491962105,-15.646328249400794,-14.883255080378953,12,1841,7.95270728767e-06,
2579,triangle,131,1496,622,,359264.3170217163,6953236.790800483,33505.9599609375,51.439642764228424,48.757294323465196,1.4396427642284215,-1.2427056765348112,12,1841,7.836410718575001e-06,
2580,triangle,16,1500,17,,358609.9009650483,6952767.152073753,4742.1083984375,37.25591787715441,37.552144400608945,-12.744082122845587,-12.447855599391056,12,1841,7.95270728767e-06,
2581,triangle,20,1501,21,,358909.0954697795,6952773.401174329,5445.1328125,34.97690178786242,35.79816853784528,-15.023098212137581,-14.20183146215472,12,1841,7.95270728767e-06,
2582,triangle,17,1505,18,,358711.0212095934,6952753.583979483,3215.697265625,35.110588911089145,35.22321871681152,-14.889411088910855,-14.776781283188477,12,1841,7.95270728767e-06,
2583,triangle,19,1505,20,,358811.0212095934,6952753.583979483,3215.697265625,34.31155195439745,34.45655230445801,-15.688448045602545,-15.543447695541992,12,1841,7.95270728767e-06,
2584,triangle,231,1495,230,,359670.5020837619,6953035.739248059,3318.515625,34.78193729527932,34.553682376407956,-15.218062704720685,-15.446317623592044,12,1841,7.95270728767e-06,
2585,triangle,24,1491,25,,359175.0,6952800.0,8437.5,37.400001525878906,37.199999491373696,-12.599998474121094,-12.800000508626303,12,1841,7.95270728767e-06,
2586,triangle,11,1499,12,,358204.61294615106,6952719.696303946,7321.8779296875,39.280650334644264,39.23868656179298,-10.719349665355736,-10.761313438207017,12,1841,7.95270728767e-06,
2587,triangle,1490,1496,131,,359411.12490183004,6953198.033060859,33846.46923828125,49.44887187625748,47.360543942324476,-0.5511281237425258,-2.6394560576755217,12,1841,7.95270728767e-06,
2588,triangle,625,1499,626,,358141.40494861576,6952900.015967019,24005.8486328125,49.37445347013159,52.21574903378174,-0.6255465298684125,2.215749033781741,12,1841,7.836410718575001e-06,
2589,triangle,623,1493,624,,358711.56851512304,6953082.939327203,23855.75634765625,50.20152746508373,49.397251415353274,0.20152746508372532,-0.6027485846467314,12,1841,7.72011414948e-06,
2590,triangle,624,1498,625,,358430.03697406704,6952990.9231611295,24636.2431640625,56.22811766399593,54.03914169171639,6.228117663995933,4.039141691716391,12,1841,7.6619658649325e-06,
2591,triangle,28,1496,1490,,359438.1181704426,6953061.816461171,24897.01708984375,41.29523997762875,40.8569588300069,-8.704760022371245,-9.143041169993095,12,1841,7.95270728767e-06,
2592,triangle,623,1501,1493,,358825.7310736186,6953009.16174728,22214.53369140625,45.56842000503985,44.91432653172202,-4.43157999496015,-5.085673468277986,12,1841,7.8945590031225e-06,
2593,triangle,28,1497,1496,,359351.5556173695,6952978.9039648,16137.4619140625,43.028123754094906,41.05647178897063,-6.971876245905096,-8.943528211029365,12,1841,7.95270728767e-06,
2594,triangle,1498,1500,15,,358517.763389915,6952818.397008188,11298.96923828125,43.68415298096763,42.735327718074075,-6.315847019032369,-7.264672281925918,12,1841,7.95270728767e-06,
2595,triangle,1494,1499,11,,358117.11294615106,6952682.196303946,13717.607421875,40.007853999831816,40.605353673507665,-9.992146000168184,-9.394646326492335,12,1841,7.95270728767e-06,
2596,triangle,22,1501,1491,,359009.0954697795,6952823.401174329,14648.6513671875,36.378980729198126,37.99816802921898,-13.621019270801876,-12.001831970781021,12,1841,7.95270728767e-06,
2597,triangle,1492,1494,225,,357932.9986205928,6952643.631886344,9725.45849609375,42.094209429869316,41.238560157298444,-7.905790570130681,-8.76143984270156,12,1841,7.95270728767e-06,
2598,triangle,626,1499,1492,,358009.6619312924,6952813.64838092,19073.6298828125,49.261479239194244,46.879443284631144,-0.7385207608057589,-3.1205567153688505,12,1841,7.95270728767e-06,
2599,triangle,222,1492,223,,357795.4986205928,6952756.131886344,5118.5947265625,42.86603654003983,42.90522587029079,-7.133963459960172,-7.094774129709209,12,1841,7.95270728767e-06,
2600,triangle,1492,1499,1494,,358012.6115667439,6952713.32819029,19079.0595703125,46.101520633255696,42.61057928948531,-3.8984793667443016,-7.3894207105146945,12,1841,7.95270728767e-06,
2601,triangle,625,1504,1499,,358245.1019900118,6952871.266206984,16128.69140625,50.83863737955582,49.875313287011124,0.8386373795558256,-0.1246867129888738,12,1841,7.95270728767e-06,
2602,triangle,230,1495,1490,,359622.62542189535,6953078.518826309,10818.603515625,35.91153332481686,36.537581258045094,-14.088466675183135,-13.462418741954911,12,1841,7.95270728767e-06,
2603,triangle,12,1504,13,,358313.24740594457,6952759.070430596,3832.92333984375,40.81200906902333,40.59509459715046,-9.187990930976664,-9.404905402849543,12,1841,7.95270728767e-06,
2604,triangle,624,1500,1498,,358537.69630119903,6952940.575762442,18127.6611328125,49.532161494400206,48.416421393863764,-0.46783850559979717,-1.5835786061362318,12,1841,7.8945590031225e-06,
2605,triangle,1499,1504,12,,358242.8603520955,6952778.766734543,8132.76611328125,44.276790521531424,42.66711449227677,-5.723209478468571,-7.332885507723225,12,1841,7.95270728767e-06,
2606,triangle,18,1505,19,,358761.0212095934,6952753.583979483,3215.6982421875,34.60473109165495,34.68988589210449,-15.395268908345052,-15.310114107895508,12,1841,7.95270728767e-06,
2607,triangle,1491,1497,25,,359215.5607850603,6952859.867081881,9595.681640625,42.0673004725583,38.25007876158068,-7.932699527441701,-11.749921238419319,12,1841,7.95270728767e-06,
2608,triangle,8,1494,9,,358012.5,6952537.5,4218.75,38.22499942779541,38.49999968210856,-11.77500057220459,-11.50000031789144,12,1841,7.95270728767e-06,
2609,triangle,25,1497,26,,359290.5607850603,6952834.867081881,3922.54638671875,35.60019807309045,35.71674593687365,-14.399801926909545,-14.28325406312635,12,1841,7.95270728767e-06,
2610,triangle,29,1495,30,,359595.5020837619,6952910.739248059,4020.6650390625,32.56804432456927,32.820348152978596,-17.43195567543073,-17.179651847021407,12,1841,7.95270728767e-06,
2611,triangle,232,1495,231,,359670.5020837619,6952985.739248059,3318.515625,33.882684972004185,33.82034878876147,-16.117315027995815,-16.17965121123853,12,1841,7.95270728767e-06,
2612,triangle,9,1494,10,,358062.5,6952562.5,5625.0,38.82499885559081,39.06666660308838,-11.175001144409185,-10.933333396911621,12,1841,7.95270728767e-06,
2613,triangle,26,1497,27,,359340.5607850603,6952859.867081881,4984.45849609375,34.22008277075775,35.25007876158068,-15.779917229242251,-14.749921238419319,12,1841,7.95270728767e-06,
2614,triangle,28,1495,29,,359545.5020837619,6952935.739248059,6327.14990234375,32.74122488954261,33.053681104842205,-17.258775110457385,-16.9463188951578,12,1841,7.95270728767e-06,
2615,triangle,223,1492,224,,357820.4986205928,6952706.131886344,5808.431640625,42.41320987042672,42.37189304558376,-7.586790129573284,-7.62810695441624,12,1841,7.95270728767e-06,
2616,triangle,1496,1497,1491,,359226.5556173695,6952953.903964802,17659.220703125,47.47226621306187,43.7231384556373,-2.5277337869381324,-6.2768615443627,12,1841,7.95270728767e-06,
2617,triangle,1493,1500,624,,358633.8452955195,6952973.233364892,18697.21435546875,46.35803857777175,46.70702128867246,-3.6419614222282397,-3.2929787113275357,12,1841,7.95270728767e-06,
2618,triangle,20,1505,1501,,358845.1166793729,6952801.985153812,9659.7177734375,35.83784769944316,36.58805417563662,-14.162152300556846,-13.411945824363377,12,1841,7.95270728767e-06,
2619,triangle,1500,1505,17,,358670.92217464163,6952795.736053236,8774.81640625,37.09063548087511,37.84203003840028,-12.909364519124892,-12.157969961599717,12,1841,7.95270728767e-06,
2620,triangle,1490,1495,28,,359547.62542189535,6953028.518826309,12567.72509765625,35.46641267196422,35.60424690745915,-14.533587328035775,-14.395753092540849,12,1841,7.95270728767e-06,
2621,triangle,15,1502,1498,,358451.9349098401,6952789.2784369625,6126.8212890625,43.89232835834579,42.72734632913254,-6.107671641654214,-7.272653670867462,12,1841,7.95270728767e-06,
2622,triangle,13,1504,1502,,358357.3198909179,6952772.103933125,3613.43359375,41.7257825286237,42.172591705090646,-8.274217471376307,-7.827408294909357,12,1841,7.95270728767e-06,
2623,triangle,1491,1503,22,,359075.0,6952776.626926281,5441.970703125,35.37283697317135,36.05856927991147,-14.62716302682865,-13.941430720088535,12,1841,7.95270728767e-06,
2624,triangle,24,1503,1491,,359125.0,6952776.626926281,5441.97119140625,36.326488771319745,37.425235437951834,-13.673511228680258,-12.574764562048172,12,1841,7.95270728767e-06,
2625,triangle,13,1502,14,,358394.07248497335,6952713.0335025275,3611.923828125,38.12465970185333,39.210829678334065,-11.875340298146668,-10.789170321665933,12,1841,7.95270728767e-06,
2626,triangle,14,1502,15,,358444.07248497335,6952713.0335025275,4945.6142578125,38.08266347534189,38.87749634500073,-11.917336524658113,-11.122503654999266,12,1841,7.95270728767e-06,
2627,triangle,22,1503,23,,359075.0,6952701.626926281,2995.529296875,33.662787356277306,33.591903376184256,-16.337212643722694,-16.408096623815748,12,1841,7.95270728767e-06,
2628,triangle,1498,1504,625,,358348.35146872746,6952902.814837473,12581.24169921875,52.30178403727299,51.986476709349944,2.3017840372729856,1.9864767093499467,12,1841,7.95270728767e-06,
2629,triangle,23,1503,24,,359125.0,6952701.626926281,2995.52880859375,34.95673720571388,34.958569534224615,-15.043262794286123,-15.041430465775385,12,1841,7.95270728767e-06,
2630,triangle,1502,1504,1498,,358390.1823157847,6952823.348867558,6605.857421875,46.729685350060066,46.355775022555775,-3.2703146499399374,-3.644224977444218,12,1841,7.95270728767e-06,
2631,triangle,1493,1505,1500,,358699.9335938289,6952879.638590123,12297.54931640625,40.20086149183422,41.0491468383206,-9.799138508165786,-8.950853161679397,12,1841,7.95270728767e-06,
2632,triangle,1501,1505,1493,,358799.1280985601,6952885.887690698,12592.4091796875,40.362503009780205,40.328503800263974,-9.637496990219788,-9.671496199736028,12,1841,7.95270728767e-06,
2633,triangle,8,1506,1494,,357976.5943877551,6952551.594387755,2633.13134765625,38.78952581264058,38.86006629486895,-11.210474187359418,-11.139933705131051,12,1841,7.95270728767e-06,
2634,triangle,1495,1507,30,,359631.8776047023,6952925.924060073,2136.8369140625,32.788571529281334,32.89546123778561,-17.21142847071867,-17.104538762214386,12,1841,7.95270728767e-06,
2635,triangle,1494,1506,225,,357951.5943877551,6952576.594387755,2633.13134765625,39.6790786476532,39.72673372447507,-10.320921352346803,-10.273266275524934,12,1841,7.95270728767e-06,
2636,triangle,232,1507,1495,,359656.87760470243,6952950.924060073,1961.298828125,33.22011398903064,33.32879495258867,-16.779886010969356,-16.671205047411327,12,1841,7.95270728767e-06,
2637,triangle,7,1506,8,,357939.0943877551,6952514.094387755,1585.619140625,37.35687059426371,37.360066612760384,-12.643129405736293,-12.639933387239614,12,1841,7.95270728767e-06,
2638,triangle,225,1506,7,,357914.0943877551,6952539.094387755,1585.619140625,38.22353802387033,38.22673404236651,-11.776461976129667,-11.773265957633493,12,1841,7.95270728767e-06,
2639,triangle,30,1507,31,,359661.37552094046,6952890.184812014,1708.291015625,32.24056490018364,32.24177911569081,-17.75943509981635,-17.758220884309193,12,1841,7.95270728767e-06,
2640,triangle,31,1507,232,,359686.37552094046,6952915.184812014,1532.75390625,32.672511660296784,32.675112830493866,-17.32748833970322,-17.32488716950613,12,1841,7.95270728767e-06,
2641,triangle,227,131,130,,359573.00673138746,6953371.480548516,13479.7578125,41.71778090018966,43.42010525552565,-8.282219099810339,-6.579894744474353,12,1841,7.5456692958375e-06,
2642,triangle,227,130,226,,359675.0,6953385.263948828,1154.69384765625,39.211241416486544,39.14985373085455,-10.788758583513456,-10.850146269145442,12,1841,7.95270728767e-06,
2643,triangle,626,222,132,,357826.4094557292,6952845.9610994505,4482.93408203125,45.89058058631748,47.166437818483416,-4.109419413682513,-2.8335621815165837,12,1841,7.48752101129e-06,
2644,triangle,621,1509,226,,359871.54809236084,6953380.4091434525,36207.23583984375,45.878163036189314,44.37533977797284,-4.121836963810686,-5.624660222027164,12,1841,7.8945590031225e-06,
2645,triangle,237,1527,236,,362159.34686090844,6954575.572296467,7450.361328125,23.996601497469555,24.29563631044536,-26.003398502530445,-25.70436368955464,12,1841,7.95270728767e-06,
2646,triangle,129,1529,619,,360774.38435564213,6953650.123864029,16007.966796875,36.38462665700502,38.40837233149632,-13.615373342994982,-11.591627668503682,12,1841,7.48752101129e-06,
2647,triangle,128,1518,618,,361337.36715981923,6953922.168411697,15716.64208984375,26.743793911529934,26.84466001195462,-23.256206088470066,-23.15533998804538,12,1841,7.778262434027501e-06,
2648,triangle,37,1523,38,,360171.25,6953128.75,9281.25,30.79191643185087,32.72833315531414,-19.20808356814913,-17.27166684468586,12,1841,7.95270728767e-06,
2649,triangle,126,1522,127,,361566.47880563606,6954312.135629131,13093.38134765625,37.55104248853129,35.27688640339458,-12.448957511468711,-14.723113596605423,12,1841,7.778262434027501e-06,
2650,triangle,1509,1521,226,,359777.32314774854,6953313.0776588125,7175.06494140625,42.59668238820301,40.405994353341214,-7.403317611796996,-9.594005646658784,12,1841,7.95270728767e-06,
2651,triangle,117,1510,118,,362275.0,6954950.0,8437.5,27.977777481079105,28.099999745686848,-22.022222518920902,-21.900000254313152,12,1841,7.95270728767e-06,
2652,triangle,236,1510,235,,362275.0,6954700.0,8437.5,24.166666666666664,24.066666920979817,-25.833333333333336,-25.933333079020183,12,1841,7.95270728767e-06,
2653,triangle,127,245,246,,361543.35389959766,6954135.615940332,1941.97998046875,25.252371036657962,25.710410673318993,-24.747628963342038,-24.289589326681007,12,1841,7.6619658649325e-06,
2654,triangle,618,1514,129,,361104.96763592825,6953762.906869541,20712.9814453125,28.284702375005992,29.237366271600425,-21.715297624994005,-20.762633728399575,12,1841,7.72011414948e-06,
2655,triangle,236,1527,1510,,362184.34686090844,6954675.572296467,22157.93408203125,24.39011385423947,24.82896977093527,-25.60988614576053,-25.17103022906473,12,1841,7.95270728767e-06,
2656,triangle,36,1515,37,,360060.82672708965,6952995.780303865,6744.77734375,31.81290225857125,32.30400257519289,-18.18709774142875,-17.695997424807107,12,1841,7.95270728767e-06,
2657,triangle,239,1517,238,,362014.79926108866,6954416.5396377845,5820.79248046875,24.084096333319714,24.859042743111,-25.915903666680286,-25.140957256889,12,1841,7.95270728767e-06,
2658,triangle,263,1516,262,,360511.648724429,6953288.969807963,5886.1220703125,29.230964426385864,29.590247132679504,-20.769035573614133,-20.409752867320496,12,1841,7.95270728767e-06,
2659,triangle,620,1523,621,,360160.3187224861,6953448.3271003775,42868.4384765625,49.007163311644305,48.93230065271863,-0.9928366883556983,-1.0676993472813683,12,1841,7.836410718575001e-06,
2660,triangle,123,1519,124,,361488.71369119367,6954941.6900102,44139.14306640625,85.02889906814862,86.14102684607708,35.02889906814861,36.141026846077075,12,1841,7.95270728767e-06,
2661,triangle,619,1520,620,,360511.01772601134,6953567.708320112,25581.05078125,50.52411633389225,47.62106880013482,0.5241163338922421,-2.3789311998651743,12,1841,7.836410718575001e-06,
2662,triangle,261,1529,260,,360716.55733650783,6953481.814493354,4528.93017578125,28.585396680504267,29.77485321582336,-21.414603319495733,-20.22514678417664,12,1841,7.95270728767e-06,
2663,triangle,122,1511,617,,361960.55517171626,6955238.407129812,19994.10107421875,47.51244400817111,48.57440897675399,-2.4875559918288905,-1.4255910232460096,12,1841,7.778262434027501e-06,
2664,triangle,39,1523,1516,,360282.898724429,6953242.719807963,14167.2509765625,31.283733893560672,33.08524733613003,-18.716266106439328,-16.91475266386996,12,1841,7.95270728767e-06,
2665,triangle,228,1531,229,,359731.6975408814,6953183.957071818,3565.97314453125,37.780894626364066,37.382398348637196,-12.219105373635932,-12.617601651362802,12,1841,7.95270728767e-06,
2666,triangle,118,1528,119,,362166.799998072,6955050.456316809,9308.66455078125,33.282183924985944,33.857094890138036,-16.71781607501406,-16.142905109861967,12,1841,7.95270728767e-06,
2667,triangle,1516,1523,620,,360292.27787275304,6953377.349891939,40168.15576171875,42.37035950077224,42.96018803091121,-7.629640499227759,-7.039811969088787,12,1841,7.95270728767e-06,
2668,triangle,238,1527,237,,362109.34686090844,6954525.572296467,7450.361328125,24.15674430134184,24.462302977112028,-25.84325569865816,-25.537697022887972,12,1841,7.95270728767e-06,
2669,triangle,262,1520,261,,360612.56985520123,6953398.765084587,6884.462890625,28.425868714470692,30.316446617149467,-21.574131285529315,-19.68355338285053,12,1841,7.95270728767e-06,
2670,triangle,38,1523,39,,360221.25,6953178.75,9281.25,29.910500235557574,31.761666615804046,-20.089499764442422,-18.23833338419595,12,1841,7.95270728767e-06,
2671,triangle,1511,1533,617,,361881.97178337886,6955131.771902244,25106.0673828125,53.66213778499403,53.98590692367794,3.6621377849940218,3.985906923677941,12,1841,7.95270728767e-06,
2672,triangle,228,1521,1509,,359777.32314774854,6953263.0776588125,5513.5595703125,41.07780225644004,39.87266152863418,-8.922197743559957,-10.127338471365816,12,1841,7.95270728767e-06,
2673,triangle,1509,1531,228,,359798.55605908023,6953204.41919887,11701.0341796875,40.56927768696991,39.262044657320054,-9.430722313030085,-10.737955342679948,12,1841,7.95270728767e-06,
2674,triangle,33,1512,34,,359862.5,6952912.5,4218.75,33.000000953674316,33.04999987284342,-16.999999046325684,-16.950000127156574,12,1841,7.95270728767e-06,
2675,triangle,39,1516,40,,360361.648724429,6953213.969807963,4384.103515625,29.25945605716244,30.223580338856262,-20.74054394283756,-19.776419661143738,12,1841,7.95270728767e-06,
2676,triangle,230,1512,231,,359737.5,6953037.5,4218.75,34.508333524068206,34.58333396911621,-15.491666475931796,-15.416666030883789,12,1841,7.95270728767e-06,
2677,triangle,1528,1533,1511,,361973.0668594401,6955047.6150219785,23370.388671875,44.65441647735097,45.30820237544385,-5.3455835226490285,-4.691797624556151,12,1841,7.95270728767e-06,
2678,triangle,121,1511,122,,362059.8502497056,6955253.793932739,4856.607421875,40.57561097734714,41.239610301321314,-9.424389022652859,-8.760389698678683,12,1841,7.95270728767e-06,
2679,triangle,116,1510,117,,362325.0,6954900.0,8437.5,25.600000381469727,25.700000127156574,-24.399999618530273,-24.299999872843426,12,1841,7.95270728767e-06,
2680,triangle,124,1519,125,,361408.6879162267,6954786.195642331,32524.55615234375,83.30227879481946,85.01078188762058,33.30227879481945,35.010781887620574,12,1841,7.95270728767e-06,
2681,triangle,125,1519,126,,361474.8606067419,6954652.495636851,35646.310546875,64.89964582575219,64.40886712052908,14.89964582575219,14.408867120529074,12,1841,7.95270728767e-06,
2682,triangle,617,1533,123,,361723.5313776944,6955122.204363654,27545.4873046875,67.44607958997402,67.57379221609919,17.446079589974026,17.573792216099196,12,1841,7.72011414948e-06,
2683,triangle,256,1524,255,,361063.8453118223,6953577.535832628,3097.78125,27.5157622039221,27.52325375018349,-22.4842377960779,-22.47674624981651,12,1841,7.95270728767e-06,
2684,triangle,258,1524,257,,360963.8453118223,6953577.535832628,3097.78125,28.268542525896976,28.0565872106734,-21.731457474103024,-21.9434127893266,12,1841,7.95270728767e-06,
2685,triangle,235,1510,234,,362325.0,6954750.0,8437.5,23.700000762939453,24.200000127156574,-26.299999237060547,-25.799999872843426,12,1841,7.95270728767e-06,
2686,triangle,1513,1522,126,,361630.8482961585,6954367.968599718,19881.54931640625,40.67922363060582,37.64482376233003,-9.320776369394189,-12.355176237669975,12,1841,7.95270728767e-06,
2687,triangle,1509,1523,37,,360063.10851819883,6953174.212127049,28274.2138671875,35.77211915288257,36.77464676644654,-14.227880847117433,-13.225353233553463,12,1841,7.95270728767e-06,
2688,triangle,37,1515,1509,,360002.6852452885,6953091.242430915,21926.77734375,34.963135420185615,35.8836496468152,-15.03686457981439,-14.116350353184801,12,1841,7.95270728767e-06,
2689,triangle,123,1533,1519,,361653.4219250477,6954977.547286361,40507.91748046875,72.63420958857357,69.07732654173785,22.634209588573576,19.077326541737836,12,1841,7.95270728767e-06,
2690,triangle,129,1524,258,,360957.6036084704,6953636.532051752,7988.4052734375,28.90977923169665,29.460424329515877,-21.09022076830335,-20.539575670484123,12,1841,7.95270728767e-06,
2691,triangle,1510,1528,118,,362191.799998072,6954950.456316809,19642.50048828125,29.585334009526633,30.62376130249155,-20.414665990473367,-19.37623869750845,12,1841,7.95270728767e-06,
2692,triangle,1520,1529,261,,360654.12719170906,6953480.579577941,11340.27587890625,30.293865171445063,32.22463303914959,-19.706134828554937,-17.775366960850416,12,1841,7.95270728767e-06,
2693,triangle,128,246,247,,361478.38905471127,6954034.170722398,2431.23095703125,25.659842435869184,25.64449338986962,-24.340157564130816,-24.35550661013038,12,1841,7.8945590031225e-06,
2694,triangle,229,1531,230,,359731.6975408814,6953133.957071818,3565.9736328125,36.59270842271449,36.61573193628368,-13.407291577285514,-13.384268063716318,12,1841,7.95270728767e-06,
2695,triangle,1517,1527,238,,362024.1461219971,6954492.111934249,14296.14404296875,24.56911436471276,25.888012641202838,-25.430885635287236,-24.111987358797162,12,1841,7.95270728767e-06,
2696,triangle,1516,1520,262,,360524.2185796302,6953362.73489255,14518.9677734375,31.290458577639484,32.2400270831623,-18.709541422360516,-17.759972916837693,12,1841,7.95270728767e-06,
2697,triangle,620,1520,1516,,360433.5977279542,6953447.364976525,29257.74609375,43.150669684462365,42.4149676507869,-6.8493303155376335,-7.585032349213091,12,1841,7.95270728767e-06,
2698,triangle,126,1532,1513,,361686.1119808917,6954476.509832132,30360.65673828125,42.22668707942883,40.79969110247635,-7.773312920571174,-9.20030889752365,12,1841,7.95270728767e-06,
2699,triangle,621,1523,1509,,360017.79809236084,6953334.1591434525,30558.59521484375,43.613547887434606,43.57034010857995,-6.386452112565392,-6.429659891420056,12,1841,7.95270728767e-06,
2700,triangle,1514,1524,129,,361044.854211201,6953681.117590749,8393.970703125,27.544017048464642,29.160568494746105,-22.455982951535354,-20.839431505253895,12,1841,7.95270728767e-06,
2701,triangle,1519,1533,1508,,361780.25088430225,6954872.977300618,34473.16943359375,57.08789418833518,55.409225516196244,7.087894188335168,5.409225516196233,12,1841,7.95270728767e-06,
2702,triangle,1510,1527,1508,,362080.17561724974,6954747.638751805,34022.8349609375,28.26969842180596,30.821924868188294,-21.73030157819404,-19.178075131811706,12,1841,7.95270728767e-06,
2703,triangle,119,1528,1511,,362094.2402008432,6955086.660296481,12277.16845703125,36.8089608977819,37.13026584766799,-13.191039102218092,-12.86973415233201,12,1841,7.95270728767e-06,
2704,triangle,1508,1533,1528,,361941.45541301026,6954933.477497645,23307.7919921875,46.826957336949995,45.22798664232349,-3.173042663050008,-4.772013357676502,12,1841,7.95270728767e-06,
2705,triangle,1508,1532,1519,,361774.52170121873,6954730.686052478,39128.61376953125,47.1295118001888,49.11290923067924,-2.8704881998111995,-0.88709076932076,12,1841,7.95270728767e-06,
2706,triangle,120,1511,121,,362102.4402027712,6955211.203979672,6902.529296875,37.6884475626688,39.173171211843105,-12.311552437331201,-10.826828788156893,12,1841,7.95270728767e-06,
2707,triangle,242,1513,241,,361807.72339012014,6954291.448910919,6606.62109375,26.88804370866128,27.945014190294803,-23.11195629133872,-22.054985809705197,12,1841,7.95270728767e-06,
2708,triangle,254,1514,253,,361212.2506027306,6953619.585538997,6450.1806640625,26.73823113996254,26.63347724425041,-23.261768860037467,-23.36652275574959,12,1841,7.95270728767e-06,
2709,triangle,618,1525,1514,,361208.60995144193,6953782.054600559,8472.1064453125,26.869849326824696,27.38161711821499,-23.1301506731753,-22.61838288178501,12,1841,7.95270728767e-06,
2710,triangle,619,1529,1520,,360643.19591419515,6953564.892729491,10768.7958984375,39.50334014382638,39.35431465451034,-10.496659856173622,-10.645685345489659,12,1841,7.95270728767e-06,
2711,triangle,1519,1532,126,,361633.9840601356,6954625.017040994,38056.15234375,50.620901703735555,51.42634350089935,0.6209017037355495,1.4263435008993461,12,1841,7.95270728767e-06,
2712,triangle,1508,1528,1510,,362087.6287544133,6954872.522772147,24420.7333984375,31.304104431288636,33.81671652690115,-18.695895568711368,-16.183283473098843,12,1841,7.95270728767e-06,
2713,triangle,1527,1532,1508,,361928.2730927632,6954666.302229162,28945.9892578125,34.50052759163634,35.93687869809364,-15.499472408363658,-14.063121301906355,12,1841,7.95270728767e-06,
2714,triangle,32,1512,33,,359812.5,6952912.5,4218.75,33.17500019073486,33.45000012715658,-16.824999809265137,-16.549999872843426,12,1841,7.95270728767e-06,
2715,triangle,34,1515,35,,359960.82672708965,6952920.780303865,5150.2841796875,32.5672051043027,32.637335908526225,-17.4327948956973,-17.362664091473775,12,1841,7.95270728767e-06,
2716,triangle,40,1516,264,,360411.648724429,6953213.969807963,4384.10302734375,28.80702984170084,30.056913672189594,-21.19297015829916,-19.943086327810406,12,1841,7.95270728767e-06,
2717,triangle,119,1511,120,,362127.4402027712,6955161.203979672,5350.4775390625,36.673279108381564,37.50650454517644,-13.32672089161844,-12.49349545482356,12,1841,7.95270728767e-06,
2718,triangle,231,1512,232,,359737.5,6952987.5,4218.75,33.75,33.85000038146973,-16.25,-16.149999618530273,12,1841,7.95270728767e-06,
2719,triangle,241,1517,240,,361914.79926108866,6954341.5396377845,4673.208984375,25.47447955441315,25.559042870267575,-24.52552044558685,-24.440957129732425,12,1841,7.95270728767e-06,
2720,triangle,243,1513,242,,361757.72339012014,6954266.448910919,4663.00244140625,27.664205349695305,27.878347905097865,-22.335794650304695,-22.121652094902135,12,1841,7.95270728767e-06,
2721,triangle,251,1518,250,,361385.01936855837,6953803.672577881,3225.6650390625,26.23108048705072,26.233448301223948,-23.76891951294928,-23.766551698776055,12,1841,7.95270728767e-06,
2722,triangle,253,1514,252,,361237.2506027306,6953669.585538997,4246.806640625,26.729213434822796,26.666810068957442,-23.2707865651772,-23.333189931042558,12,1841,7.95270728767e-06,
2723,triangle,255,1514,254,,361162.2506027306,6953594.585538997,5015.87353515625,26.860112295253945,26.833477371406985,-23.139887704746055,-23.166522628593015,12,1841,7.95270728767e-06,
2724,triangle,35,1515,36,,360010.82672708965,6952945.780303865,6744.77734375,32.36825559097549,32.37066949617271,-17.631744409024513,-17.62933050382729,12,1841,7.95270728767e-06,
2725,triangle,240,1517,239,,361964.79926108866,6954366.5396377845,5820.7919921875,24.93514074535337,25.025709409777665,-25.064859254646635,-24.974290590222335,12,1841,7.95270728767e-06,
2726,triangle,250,1518,249,,361435.01936855837,6953828.672577881,4910.986328125,26.09435703693759,26.1334485555371,-23.905642963062405,-23.866551444462903,12,1841,7.95270728767e-06,
2727,triangle,264,1516,263,,360461.648724429,6953238.969807963,5886.1220703125,28.594510647491894,29.723580338856262,-21.405489352508102,-20.276419661143738,12,1841,7.95270728767e-06,
2728,triangle,1517,1532,1527,,361922.24359751045,6954535.775411609,21526.916015625,30.733211942021693,31.269633519244582,-19.26678805797831,-18.730366480755414,12,1841,7.95270728767e-06,
2729,triangle,245,1522,244,,361617.8337907802,6954185.122244944,3951.25244140625,26.22197818655563,26.96008648975902,-23.778021813444365,-23.039913510240975,12,1841,7.95270728767e-06,
2730,triangle,252,1525,251,,361297.4006121618,6953753.143950143,3458.62548828125,26.75015993987178,26.6814211716338,-23.249840060128214,-23.3185788283662,12,1841,7.95270728767e-06,
2731,triangle,247,1530,128,,361473.16168660694,6953986.005479579,2468.52685546875,25.986619252313737,26.02580296246872,-24.013380747686263,-23.97419703753128,12,1841,7.95270728767e-06,
2732,triangle,260,1529,259,,360766.55733650783,6953531.814493354,4528.93017578125,28.891460794953367,29.6415200096466,-21.108539205046636,-20.3584799903534,12,1841,7.95270728767e-06,
2733,triangle,244,1522,243,,361667.8337907802,6954210.122244944,4757.451171875,26.012969738766028,26.860086744072174,-23.987030261233976,-23.139913255927823,12,1841,7.95270728767e-06,
2734,triangle,230,1531,1512,,359769.1975408814,6953071.457071818,6860.4658203125,35.435630238607864,35.865731300500805,-14.564369761392136,-14.134268699499195,12,1841,7.95270728767e-06,
2735,triangle,1513,1532,1517,,361820.6201267222,6954451.652026061,18096.037109375,33.86060623769956,33.81901165340719,-16.139393762300447,-16.180988346592816,12,1841,7.95270728767e-06,
2736,triangle,1512,1515,34,,359898.32672708965,6952958.280303865,9552.4365234375,33.57323926910519,33.48733565421308,-16.426760730894813,-16.512664345786927,12,1841,7.95270728767e-06,
2737,triangle,116,1526,1510,,362350.0,6954850.0,5625.0,24.377778159247494,24.3000005086263,-25.62222184075251,-25.6999994913737,12,1841,7.95270728767e-06,
2738,triangle,1513,1517,241,,361847.5226512088,6954357.9885487035,8998.140625,28.17608222321296,28.770724108698772,-21.823917776787045,-21.229275891301228,12,1841,7.95270728767e-06,
2739,triangle,257,1524,256,,361013.8453118223,6953577.535832628,3097.78125,27.948904309532978,27.95658746498655,-22.051095690467022,-22.04341253501345,12,1841,7.95270728767e-06,
2740,triangle,1518,1525,618,,361281.3787172697,6953841.141639444,7971.45947265625,27.00804565496708,27.181588302345105,-22.991954345032923,-22.8184116976549,12,1841,7.95270728767e-06,
2741,triangle,1514,1525,252,,361234.65121489245,6953722.72948914,4844.21142578125,26.837493630936756,26.84823187637412,-23.162506369063244,-23.15176812362588,12,1841,7.95270728767e-06,
2742,triangle,251,1525,1518,,361332.41998072015,6953806.816528025,3702.806640625,26.523590955128505,26.514869854327475,-23.476409044871495,-23.485130145672525,12,1841,7.95270728767e-06,
2743,triangle,243,1522,1513,,361700.55718090036,6954276.571155864,6351.4462890625,30.630136783041888,29.77176810965995,-19.36986321695811,-20.22823189034005,12,1841,7.95270728767e-06,
2744,triangle,255,1524,1514,,361101.0959145529,6953622.121371624,8771.880859375,27.279340808443873,27.323397661100568,-22.72065919155613,-22.676602338899432,12,1841,7.95270728767e-06,
2745,triangle,1510,1526,234,,362350.0,6954800.0,5625.0,23.86666700575087,24.03333346048991,-26.133332994249134,-25.96666653951009,12,1841,7.95270728767e-06,
2746,triangle,226,1521,227,,359685.4646295497,6953342.615531762,4820.52392578125,38.530347431805225,38.95968112367854,-11.469652568194775,-11.040318876321455,12,1841,7.95270728767e-06,
2747,triangle,1515,1531,1509,,359884.3827861699,6953125.199502734,14932.44580078125,39.67007477815653,38.09938069300285,-10.329925221843471,-11.900619306997148,12,1841,7.95270728767e-06,
2748,triangle,248,1530,247,,361519.77263189567,6953951.834757183,3194.1689453125,26.164746025179703,26.04797623926577,-23.835253974820294,-23.95202376073423,12,1841,7.95270728767e-06,
2749,triangle,227,1521,228,,359685.4646295497,6953292.615531762,3159.017578125,38.07923972003025,38.42634829897151,-11.920760279969752,-11.573651701028487,12,1841,7.95270728767e-06,
2750,triangle,234,1526,233,,362425.0,6954800.0,2812.5,23.94444465637207,23.53333346048991,-26.05555534362793,-26.46666653951009,12,1841,7.95270728767e-06,
2751,triangle,127,1522,245,,361586.1876903779,6954195.738185276,1902.3681640625,26.97906602173556,27.503830496411354,-23.020933978264452,-22.496169503588646,12,1841,7.95270728767e-06,
2752,triangle,1512,1531,1515,,359855.02426797105,6953042.237375684,10319.23974609375,36.550012352221245,35.46973374853712,-13.449987647778755,-14.530266251462878,12,1841,7.95270728767e-06,
2753,triangle,249,1530,248,,361519.77263189567,6953901.834757183,3606.9892578125,26.313950451270937,26.11464316024559,-23.686049548729066,-23.88535683975441,12,1841,7.95270728767e-06,
2754,triangle,128,1530,1518,,361433.1810551653,6953939.678057461,6764.66845703125,26.230489654540435,26.159251518005817,-23.76951034545956,-23.840748481994183,12,1841,7.95270728767e-06,
2755,triangle,1518,1530,249,,361454.792000454,6953880.507335064,4741.5263671875,26.197510640707097,26.24809171578268,-23.802489359292903,-23.75190828421732,12,1841,7.95270728767e-06,
2756,triangle,32,1534,1512,,359776.5943877551,6952926.594387755,2633.13134765625,33.29588315106977,33.49901829590231,-16.704116848930227,-16.500981704097686,12,1841,7.95270728767e-06,
2757,triangle,1512,1534,232,,359751.5943877551,6952951.594387755,2633.130859375,33.29005073365303,33.46568547119528,-16.70994926634696,-16.534314528804718,12,1841,7.95270728767e-06,
2758,triangle,31,1534,32,,359739.0943877551,6952889.094387755,1585.61865234375,32.82447361669215,32.815684581099255,-17.175526383307847,-17.18431541890075,12,1841,7.95270728767e-06,
2759,triangle,232,1534,31,,359714.0943877551,6952914.094387755,1585.61865234375,32.7911407919837,32.782351756392224,-17.2088592080163,-17.21764824360778,12,1841,7.95270728767e-06,
2760,triangle,115,1535,116,,362437.5,6954887.5,1406.25,23.900000095367428,23.90000009536743,-26.09999990463257,-26.09999990463257,12,1841,7.95270728767e-06,
2761,triangle,233,1535,115,,362462.5,6954862.5,1406.25,23.43333355585733,23.43333355585734,-26.56666644414267,-26.56666644414266,12,1841,7.95270728767e-06,
2762,triangle,116,1535,1526,,362412.5,6954862.5,1406.25,23.966667016347255,23.966667016347248,-26.033332983652745,-26.033332983652752,12,1841,7.95270728767e-06,
2763,triangle,1526,1535,233,,362437.5,6954837.5,1406.25,23.50000047683716,23.500000476837158,-26.49999952316284,-26.499999523162842,12,1841,7.95270728767e-06,
2764,triangle,127,246,128,,361496.74295430904,6954094.78666273,2156.2431640625,25.306318199267707,25.988237269365367,-24.693681800732296,-24.011762730634633,12,1841,7.371224442195001e-06,
2765,triangle,259,1529,129,,360835.31563315605,6953615.810712479,10220.31640625,30.583012755377606,31.145357509958803,-19.41698724462239,-18.85464249004119,12,1841,7.95270728767e-06,
2766,triangle,114,233,115,,362500.0,6954875.0,2812.5,23.266666412353516,23.133333206176758,-26.733333587646488,-26.866666793823242,12,1841,7.95270728767e-06,
2767,triangle,259,129,258,,360893.7582966481,6953608.996219124,6637.07470703125,28.892731459288814,29.30383737315563,-21.107268540711182,-20.69616262684437,12,1841,7.95270728767e-06,
2768,triangle,130,621,226,,359804.689574162,6953445.21096523,4835.37841796875,46.18888899892016,43.845546691518244,-3.8111110010798317,-6.154453308481763,12,1841,7.1967795885525005e-06,
2769,triangle,1541,1548,1547,,361466.0607340329,6952266.425849677,42122.55078125,71.35941431643586,78.34129367500093,21.35941431643586,28.34129367500093,12,1841,7.95270728767e-06,
2770,triangle,255,1567,254,,361165.81241728336,6953467.378812612,9294.8837890625,28.816768734723922,28.733312233576836,-21.183231265276078,-21.266687766423164,12,1841,7.95270728767e-06,
2771,triangle,254,1559,253,,361293.75,6953531.25,12656.25,30.49999976158142,30.78333353996277,-19.50000023841858,-19.21666646003723,12,1841,7.95270728767e-06,
2772,triangle,276,1578,277,,362509.4035725776,6953681.949295394,6597.802734375,54.04955642346101,53.09006852651539,4.049556423461008,3.0900685265153918,12,1841,7.95270728767e-06,
2773,triangle,1537,1559,1536,,361599.3542199232,6953212.209778509,149593.5087890625,55.0077246933688,57.257216082538754,5.007724693368791,7.257216082538757,12,1841,7.95270728767e-06,
2774,triangle,610,1566,70,,362207.7615204069,6952685.923705685,53362.6123046875,114.74116491522489,104.49196854627316,64.74116491522489,54.49196854627314,12,1841,7.95270728767e-06,
2775,triangle,52,1562,1561,,360727.07187333464,6952326.777885612,17491.5732421875,47.852763748444815,48.154415372833846,-2.1472362515551935,-1.8455846271661531,12,1841,7.95270728767e-06,
2776,triangle,71,1545,611,,362614.7014927266,6953109.637144773,46829.439453125,95.10750688940183,90.87925128675818,45.10750688940185,40.879251286758176,12,1841,7.836410718575001e-06,
2777,triangle,250,1584,249,,361506.8851876328,6953810.228750594,5248.849609375,26.655425921288177,27.759133438419365,-23.344574078711823,-22.24086656158063,12,1841,7.95270728767e-06,
2778,triangle,1559,1567,1536,,361346.4337544946,6953188.346037625,70343.99755859375,41.656651433340244,45.70883661383828,-8.343348566659762,-4.291163386161723,12,1841,7.95270728767e-06,
2779,triangle,1542,1571,1540,,360733.7524094602,6952852.6414121995,33329.84375,49.808003703033776,48.72093163693531,-0.19199629696622555,-1.2790683630647013,12,1841,7.95270728767e-06,
2780,triangle,240,1582,239,,362032.0265206271,6954336.400906566,5132.8818359375,24.896772479478376,27.057049348746983,-25.10322752052162,-22.942950651253017,12,1841,7.95270728767e-06,
2781,triangle,273,1570,274,,362420.33156359376,6953968.467733716,6150.19921875,38.15846085796578,40.76931196915567,-11.841539142034225,-9.230688030844327,12,1841,7.95270728767e-06,
2782,triangle,1548,1577,1536,,361701.433059727,6952547.309564899,92407.7978515625,91.62717738270021,85.46402245407769,41.62717738270021,35.46402245407769,12,1841,7.95270728767e-06,
2783,triangle,266,1546,267,,362388.918564439,6954459.855634596,8575.40283203125,30.20538859011146,31.582075634894228,-19.79461140988854,-18.41792436510577,12,1841,7.95270728767e-06,
2784,triangle,264,1549,263,,360487.5,6953162.5,5625.0,29.56666707992556,29.5583332379659,-20.43333292007444,-20.4416667620341,12,1841,7.95270728767e-06,
2785,triangle,267,1546,268,,362413.918564439,6954409.855634596,6871.6611328125,31.49114649734729,32.91540896822756,-18.50885350265271,-17.084591031772437,12,1841,7.95270728767e-06,
2786,triangle,1536,1577,1566,,361791.9108154445,6952752.43122375,85370.87060546875,91.5852597274314,87.70432920261995,41.585259727431406,37.70432920261996,12,1841,7.95270728767e-06,
2787,triangle,274,1574,275,,362435.69015782676,6953866.8065060815,4422.35693359375,39.70504798586379,41.94035651684295,-10.294952014136209,-8.059643483157053,12,1841,7.95270728767e-06,
2788,triangle,1544,1545,71,,362687.332979151,6953264.122494784,45954.21044921875,90.32339281170745,84.12238081322751,40.32339281170745,34.1223808132275,12,1841,7.95270728767e-06,
2789,triangle,1536,1566,1537,,361799.6427096736,6953027.507287038,139885.6845703125,77.01996905480969,76.22215026856873,27.019969054809696,26.22215026856873,12,1841,7.95270728767e-06,
2790,triangle,609,1548,608,,361956.4180668555,6952202.7742664,38751.8681640625,99.6425460345361,96.7979892073983,49.64254603453608,46.79798920739831,12,1841,7.95270728767e-06,
2791,triangle,262,1585,261,,360638.5251557285,6953313.837967586,5589.80908203125,29.25521705858875,30.021577079715524,-20.74478294141125,-19.978422920284476,12,1841,7.95270728767e-06,
2792,triangle,608,1575,69,,361947.85922976816,6951982.233911165,7900.01806640625,94.56386153802308,94.46953681141406,44.563861538023076,44.46953681141406,12,1841,7.5456692958375e-06,
2793,triangle,1547,1548,1536,,361465.43207124417,6952493.64307469,140321.44140625,82.57165185283218,75.8334850239259,32.57165185283216,25.833485023925906,12,1841,7.95270728767e-06,
2794,triangle,256,1572,255,,361062.5,6953500.0,5625.0,28.144444677564845,28.21666653951009,-21.85555532243516,-21.78333346048991,12,1841,7.95270728767e-06,
2795,triangle,280,1544,281,,362814.87320775056,6953494.428202674,6251.8271484375,66.92691104587597,68.1590855915476,16.92691104587597,18.159085591547594,12,1841,7.95270728767e-06,
2796,triangle,1537,1583,1560,,361777.3458628081,6953627.427140982,51829.69091796875,48.34549581180557,48.12166294638059,-1.6545041881944285,-1.878337053619407,12,1841,7.95270728767e-06,
2797,triangle,44,1549,43,,360437.5,6952962.5,8437.5,32.67777787314522,33.19166707992554,-17.32222212685479,-16.808332920074463,12,1841,7.95270728767e-06,
2798,triangle,52,1561,51,,360639.57187333464,6952364.277885612,6058.09765625,44.350056411545296,44.087748451854026,-5.6499435884547005,-5.912251548145971,12,1841,7.95270728767e-06,
2799,triangle,53,1562,52,,360762.5,6952237.5,5625.0,43.95833269755041,44.90000025431315,-6.041667302449581,-5.099999745686849,12,1841,7.95270728767e-06,
2800,triangle,261,1564,260,,360762.5,6953437.5,5625.0,28.366666634877518,28.43333339691162,-21.633333365122482,-21.56666660308838,12,1841,7.95270728767e-06,
2801,triangle,67,1575,1548,,361816.2396795755,6952079.10479522,16724.95654296875,91.95462863748783,89.87134747577596,41.95462863748782,39.87134747577596,12,1841,7.95270728767e-06,
2802,triangle,1548,1563,67,,361737.0096219231,6952079.403865575,15842.72998046875,88.6238478483724,86.07901406699243,38.62384784837241,36.079014066992436,12,1841,7.95270728767e-06,
2803,triangle,1566,1577,70,,362044.72593109234,6952637.233295425,51644.07666015625,111.44207234939252,101.84995789628708,61.44207234939252,51.849957896287066,12,1841,7.95270728767e-06,
2804,triangle,1539,1542,1540,,360869.3020500249,6952920.974378911,45779.3359375,53.05320825090711,50.22924013796952,3.053208250907113,0.22924013796952045,12,1841,7.95270728767e-06,
2805,triangle,1537,1560,1559,,361656.23288271186,6953478.742553496,64121.736328125,49.23594507635097,49.23794189301217,-0.7640549236490257,-0.762058106987824,12,1841,7.95270728767e-06,
2806,triangle,272,1580,273,,362442.6603135686,6954060.286059967,3638.21435546875,35.90992327496337,36.992240230386464,-14.090076725036626,-13.007759769613534,12,1841,7.95270728767e-06,
2807,triangle,240,1554,1543,,362011.18547077914,6954214.158918615,16393.529296875,30.244799589132647,31.84714220526368,-19.755200410867356,-18.152857794736324,12,1841,7.95270728767e-06,
2808,triangle,1543,1582,240,,362079.79360057757,6954268.851617932,14652.21875,33.54262261066047,33.68832474066135,-16.45737738933952,-16.311675259338646,12,1841,7.95270728767e-06,
2809,triangle,238,1546,237,,362188.918564439,6954459.855634596,8894.57958984375,30.268636275395007,28.315408586757837,-19.73136372460499,-21.684591413242163,12,1841,7.95270728767e-06,
2810,triangle,612,1544,71,,362853.1117703542,6953239.747478858,22064.38623046875,78.61538455914615,77.34012700243714,28.615384559146143,27.34012700243714,12,1841,7.836410718575001e-06,
2811,triangle,1538,1583,1537,,361931.4707548086,6953699.532831911,79180.35546875,48.85448089143672,50.6602178690347,-1.1455191085632739,0.660217869034693,12,1841,7.95270728767e-06,
2812,triangle,268,1579,269,,362437.8632378676,6954310.797914721,4177.8857421875,34.541649732651834,34.6019372973716,-15.458350267348164,-15.398062702628403,12,1841,7.95270728767e-06,
2813,triangle,270,1579,271,,362437.8632378676,6954210.797914721,4177.8857421875,36.04326816355714,35.86860434550799,-13.956731836442863,-14.13139565449201,12,1841,7.95270728767e-06,
2814,triangle,1537,1565,1538,,362112.54226607847,6953598.613856267,77500.765625,60.8900346151426,60.72909234295036,10.890034615142604,10.729092342950354,12,1841,7.95270728767e-06,
2815,triangle,1539,1540,1536,,361111.67488008976,6952865.50776408,98055.6640625,58.96385729385511,57.41695182958669,8.963857293855119,7.416951829586697,12,1841,7.95270728767e-06,
2816,triangle,48,1561,1550,,360577.07187333464,6952576.777885612,8687.123046875,49.736716590932716,46.262748006806014,-0.26328340906728886,-3.737251993193985,12,1841,7.95270728767e-06,
2817,triangle,1551,1562,56,,360975.0,6952175.0,8437.5,57.7333348592123,52.566667238871254,7.733334859212299,2.5666672388712564,12,1841,7.95270728767e-06,
2818,triangle,1565,1574,1538,,362254.4995411933,6953749.177808852,35459.08447265625,57.89970340881616,53.98775753898571,7.899703408816162,3.9877575389857154,12,1841,7.95270728767e-06,
2819,triangle,1536,1567,1539,,361210.9123106965,6953068.663491794,74490.72998046875,42.5667668282962,47.50993211573002,-7.433233171703807,-2.4900678842699833,12,1841,7.95270728767e-06,
2820,triangle,1544,1558,1545,,362643.8390406912,6953394.696986799,29796.71240234375,89.08914313239556,79.64587493929092,39.08914313239558,29.645874939290916,12,1841,7.95270728767e-06,
2821,triangle,276,1574,1565,,362381.62464919285,6953720.822117924,16645.66796875,50.39257869533246,51.609618663109984,0.3925786953324569,1.6096186631099763,12,1841,7.95270728767e-06,
2822,triangle,254,1567,1559,,361259.56241728336,6953423.628812612,27369.7353515625,33.06008976305847,32.88331256736284,-16.93991023694153,-17.116687432637153,12,1841,7.95270728767e-06,
2823,triangle,43,1549,42,,360412.5,6953012.5,4218.75,31.43333323796591,31.991666952768963,-18.566666762034092,-18.008333047231037,12,1841,7.95270728767e-06,
2824,triangle,46,1550,45,,360487.5,6952737.5,4218.75,39.04999891916909,39.90833314259847,-10.950001080830907,-10.09166685740153,12,1841,7.95270728767e-06,
2825,triangle,49,1561,48,,360564.57187333464,6952514.277885612,4451.8359375,47.98886008594327,44.987748706167174,-2.011139914056729,-5.012251293832819,12,1841,7.95270728767e-06,
2826,triangle,56,1562,55,,360912.5,6952162.5,4218.75,51.775000254313106,48.93333435058594,1.775000254313107,-1.0666656494140625,12,1841,7.95270728767e-06,
2827,triangle,63,1553,62,,361441.2573630035,6951931.911554709,3590.05029296875,65.35324360836233,64.68743489084602,15.35324360836233,14.687434890846015,12,1841,7.95270728767e-06,
2828,triangle,65,1563,64,,361633.4488878902,6951937.978015897,4272.5263671875,76.45399808029808,76.73771975620862,26.453998080298085,26.737719756208623,12,1841,7.95270728767e-06,
2829,triangle,258,1564,257,,360912.5,6953512.5,4218.75,28.283333460489906,28.43333339691162,-21.716666539510094,-21.56666660308838,12,1841,7.95270728767e-06,
2830,triangle,281,1587,282,,362902.4788679585,6953528.238033779,2448.22119140625,66.68167524467584,66.62570805929754,16.68167524467584,16.625708059297533,12,1841,7.95270728767e-06,
2831,triangle,284,1587,285,,362977.4788679585,6953453.238033779,2533.62744140625,67.65504437114822,67.4923742173379,17.655044371148215,17.492374217337897,12,1841,7.95270728767e-06,
2832,triangle,1540,1571,1550,,360676.75390231377,6952744.957572355,26023.62109375,50.84147992719798,49.25811883702903,0.8414799271979823,-0.7418811629709717,12,1841,7.95270728767e-06,
2833,triangle,1548,1575,608,,361888.24908383755,6952111.830640807,17498.494140625,96.77916392373484,95.16354968628234,46.77916392373485,45.16354968628233,12,1841,7.95270728767e-06,
2834,triangle,70,1577,609,,362081.5353699024,6952444.308358033,35614.24365234375,102.85456078127686,102.69951720698839,52.85456078127686,52.69951720698841,12,1841,7.8945590031225e-06,
2835,triangle,275,1574,276,,362435.69015782676,6953816.8065060815,4422.357421875,41.07722709313919,42.97368934154998,-8.922772906860809,-7.026310658450022,12,1841,7.95270728767e-06,
2836,triangle,1565,1578,276,,362430.33806394367,6953635.964907236,19560.162109375,57.601148402990916,55.99266426042891,7.601148402990923,5.9926642604289055,12,1841,7.95270728767e-06,
2837,triangle,44,1571,1549,,360510.17891563714,6952930.734487456,13790.25537109375,34.71957315051374,35.86778736643267,-15.280426849486261,-14.132212633567327,12,1841,7.95270728767e-06,
2838,triangle,1540,1547,1536,,361178.4463238879,6952641.440309911,114034.38818359375,76.05349267078151,66.76585586675237,26.053492670781527,16.76585586675237,12,1841,7.95270728767e-06,
2839,triangle,1541,1581,1563,,361553.39013806893,6952056.955930018,13442.28515625,78.61999620644627,76.95059553697415,28.619996206446274,26.950595536974145,12,1841,7.95270728767e-06,
2840,triangle,69,1575,68,,361900.8498255061,6951924.5080655785,2984.66015625,88.50739391470125,88.977335109534,38.507393914701254,38.97733510953399,12,1841,7.95270728767e-06,
2841,triangle,277,1578,278,,362559.4035725776,6953631.949295394,6597.802734375,58.52608493085124,58.35673621043466,8.52608493085124,8.356736210434663,12,1841,7.95270728767e-06,
2842,triangle,45,1571,44,,360497.67891563714,6952843.234487456,5363.8779296875,35.663956811814884,36.54278771611326,-14.33604318818512,-13.457212283886745,12,1841,7.95270728767e-06,
2843,triangle,257,1572,256,,361012.5,6953500.0,5625.0,28.38333384195964,28.650000254313152,-21.61666615804036,-21.349999745686848,12,1841,7.95270728767e-06,
2844,triangle,609,1577,1548,,361920.40965107625,6952361.214911022,53978.0556640625,93.60505019676967,96.66965852331651,43.60505019676967,46.66965852331652,12,1841,7.95270728767e-06,
2845,triangle,1547,1562,1551,,361050.0,6952262.5,29531.25,66.29999860127765,60.3666664759318,16.299998601277647,10.366666475931803,12,1841,7.95270728767e-06,
2846,triangle,1555,1583,1554,,361812.4435459792,6954049.585052694,20747.984375,30.78043823503347,30.34224836116263,-19.21956176496653,-19.657751638837375,12,1841,7.95270728767e-06,
2847,triangle,611,1576,610,,362428.22563761804,6952877.277356785,45563.24853515625,107.0587687358321,104.02240984631784,57.058768735832096,54.022409846317835,12,1841,7.95270728767e-06,
2848,triangle,610,1576,1566,,362230.02240604226,6952858.882012653,53495.43359375,109.5870562540794,104.02138817389898,59.58705625407941,54.02138817389898,12,1841,7.95270728767e-06,
2849,triangle,1540,1562,1547,,360979.0749866766,6952439.223084898,75892.93994140625,63.28944381547323,62.20699823263046,13.289443815473225,12.206998232630454,12,1841,7.95270728767e-06,
2850,triangle,1557,1560,250,,361483.3333333333,6953691.666666667,14296.875,29.996296023126902,32.04560202580911,-20.003703976873098,-17.954397974190893,12,1841,7.95270728767e-06,
2851,triangle,253,1559,1557,,361358.3333333333,6953566.666666667,14296.875,32.343210479348116,31.556018533530054,-17.65678952065188,-18.443981466469946,12,1841,7.95270728767e-06,
2852,triangle,1561,1562,1540,,360793.6468600112,6952466.00097051,51199.87158203125,57.60245537720074,55.36141360546429,7.602455377200739,5.361413605464301,12,1841,7.95270728767e-06,
2853,triangle,255,1572,1567,,361103.31241728336,6953417.378812612,17500.119140625,29.045262630887823,29.916645312597016,-20.954737369112177,-20.083354687402984,12,1841,7.95270728767e-06,
2854,triangle,261,1568,1564,,360786.6524272247,6953362.843965669,16730.58349609375,29.778919344263844,30.352067789370096,-20.221080655736152,-19.647932210629904,12,1841,7.95270728767e-06,
2855,triangle,248,1583,1556,,361656.0368136037,6953943.704244409,12776.6259765625,29.19029900714409,29.451053829150325,-20.80970099285591,-20.54894617084968,12,1841,7.95270728767e-06,
2856,triangle,1560,1584,250,,361550.6351876328,6953741.478750594,14363.791015625,31.54622472339737,32.76538342252479,-18.45377527660263,-17.234616577475204,12,1841,7.95270728767e-06,
2857,triangle,286,1573,612,,363002.95821023016,6953288.748510696,5065.4619140625,70.07889813818707,70.62542614353218,20.07889813818707,20.62542614353217,12,1841,7.95270728767e-06,
2858,triangle,1541,1563,1548,,361624.5096219231,6952141.903865575,29527.9423828125,83.48607179986149,81.5790147027753,33.48607179986148,31.57901470277531,12,1841,7.95270728767e-06,
2859,triangle,271,1580,272,,362442.6603135686,6954110.286059967,3638.21484375,35.67651612762834,36.025573055093496,-14.323483872371659,-13.974426944906503,12,1841,7.95270728767e-06,
2860,triangle,64,1581,63,,361532.44125017873,6951931.477914121,3541.265625,72.21616757029119,71.84620898694227,22.216167570291173,21.846208986942276,12,1841,7.95270728767e-06,
2861,triangle,1550,1561,1540,,360693.6468600112,6952616.00097051,34502.56884765625,56.00615743774908,53.269746748062765,6.006157437749085,3.269746748062771,12,1841,7.95270728767e-06,
2862,triangle,1545,1576,611,,362450.1183952877,6953076.901897638,52229.033203125,105.44532873815194,98.47762970097385,55.44532873815196,48.477629700973836,12,1841,7.95270728767e-06,
2863,triangle,237,1569,236,,362243.9864274065,6954559.9759391,3826.1796875,23.707856782249003,24.149953526222703,-26.29214321775099,-25.850046473777297,12,1841,7.95270728767e-06,
2864,triangle,1583,1584,1560,,361665.498167729,6953771.41333808,15135.18701171875,37.05000321671298,36.09910468252264,-12.94999678328702,-13.900895317477351,12,1841,7.95270728767e-06,
2865,triangle,1543,1554,1538,,362059.06036277954,6954067.514609545,39428.08203125,39.680262903049545,39.95861403300302,-10.319737096950458,-10.041385966996977,12,1841,7.95270728767e-06,
2866,triangle,1558,1578,1545,,362538.3694055182,6953457.218079521,21519.5546875,76.33758963895048,74.37685838288502,26.33758963895049,24.376858382885008,12,1841,7.95270728767e-06,
2867,triangle,248,1584,1583,,361646.748167729,6953865.16333808,10986.875,32.006666217063646,31.0261877774374,-17.993333782936354,-18.973812222562596,12,1841,7.95270728767e-06,
2868,triangle,1547,1552,1541,,361301.3015410246,6952214.452311537,33948.2568359375,61.66241936210287,67.42410626526383,11.662419362102868,17.424106265263827,12,1841,7.95270728767e-06,
2869,triangle,1545,1565,1537,,362235.596709545,6953409.73960666,65372.4892578125,79.24491884208105,75.47872165618162,29.24491884208105,25.478721656181623,12,1841,7.95270728767e-06,
2870,triangle,1559,1560,1557,,361477.0833333333,6953572.916666667,28125.0,36.06010745923987,36.49560223243854,-13.939892540760127,-13.504397767561459,12,1841,7.95270728767e-06,
2871,triangle,1570,1574,274,,362381.0217214205,6953910.274239797,11432.7001953125,41.19792919263494,44.309668231685464,-8.802070807365066,-5.690331768314532,12,1841,7.95270728767e-06,
2872,triangle,249,1584,248,,361556.8851876328,6953860.228750594,5248.8486328125,26.875225181271006,27.725799977929455,-23.124774818728994,-22.27420002207054,12,1841,7.95270728767e-06,
2873,triangle,273,1580,1570,,362387.99187716236,6954028.753793683,9631.283203125,39.378611764717924,41.39488476993602,-10.621388235282076,-8.605115230063982,12,1841,7.95270728767e-06,
2874,triangle,1554,1583,1538,,361926.1562629253,6953964.998485665,49812.421875,35.74623781853926,37.56106015539965,-14.25376218146074,-12.438939844600347,12,1841,7.95270728767e-06,
2875,triangle,1568,1572,1564,,360899.1524272247,6953362.843965669,14735.908203125,31.528865689611592,31.068734328880186,-18.471134310388408,-18.931265671119814,12,1841,7.95270728767e-06,
2876,triangle,280,1558,1544,,362747.90970522416,6953480.215545478,11445.1875,72.23463613394289,69.48477392547687,22.23463613394289,19.484773925476873,12,1841,7.95270728767e-06,
2877,triangle,1544,1587,281,,362867.35207570903,6953472.666236453,7863.43017578125,66.93779121350244,69.68479263359252,16.93779121350244,19.684792633592526,12,1841,7.95270728767e-06,
2878,triangle,285,1587,1544,,362917.35207570903,6953422.666236453,8205.05517578125,69.24643845625745,70.38479212496622,19.246438456257458,20.38479212496622,12,1841,7.95270728767e-06,
2879,triangle,239,1582,238,,362082.0265206271,6954386.400906566,5132.880859375,26.754943304903414,26.890382682080315,-23.245056695096586,-23.109617317919685,12,1841,7.95270728767e-06,
2880,triangle,1537,1576,1545,,362226.6095566733,6953228.201598473,80465.298828125,90.8317154349416,88.81003187768299,40.831715434941614,38.810031877682974,12,1841,7.95270728767e-06,
2881,triangle,1549,1585,263,,360551.0251557285,6953176.337967586,11463.064453125,31.98522876499594,31.679910063368272,-18.014771235004055,-18.320089936631724,12,1841,7.95270728767e-06,
2882,triangle,269,1579,270,,362437.8632378676,6954260.797914721,4177.8857421875,35.49744627824501,35.33527088501808,-14.50255372175499,-14.664729114981919,12,1841,7.95270728767e-06,
2883,triangle,261,1585,1568,,360712.6775829532,6953289.181933254,16092.25927734375,31.735143204173287,32.04031121786085,-18.264856795826713,-17.95968878213915,12,1841,7.95270728767e-06,
2884,triangle,1566,1576,1537,,362074.7187109567,6953085.26766568,76747.447265625,89.54326806907841,89.89719858986167,39.54326806907842,39.89719858986168,12,1841,7.95270728767e-06,
2885,triangle,48,1550,47,,360512.5,6952637.5,5625.0,41.15833388434517,42.40833314259847,-8.841666115654835,-7.59166685740153,12,1841,7.95270728767e-06,
2886,triangle,57,1551,56,,361037.5,6952112.5,5625.0,50.78889009687637,51.83333365122477,0.7888900968763632,1.8333336512247722,12,1841,7.95270728767e-06,
2887,triangle,59,1552,58,,361188.8015410246,6952039.452311537,5991.05859375,52.67536925285054,53.15744048869319,2.6753692528505417,3.1574404886931866,12,1841,7.95270728767e-06,
2888,triangle,61,1553,60,,361341.2573630035,6951956.911554709,5419.00341796875,59.06755607362969,59.45410003163378,9.06755607362968,9.454100031633777,12,1841,7.95270728767e-06,
2889,triangle,242,1554,241,,361863.4183908286,6954231.70820725,6379.8955078125,25.011524382787442,25.915866940505882,-24.988475617212558,-24.08413305949412,12,1841,7.95270728767e-06,
2890,triangle,244,1555,243,,361709.1621750545,6954162.942257958,5199.74072265625,25.722592837933583,25.69265990634574,-24.27740716206642,-24.30734009365426,12,1841,7.95270728767e-06,
2891,triangle,246,1556,245,,361566.1738335076,6954088.769656923,5895.4697265625,25.676152862250987,25.550666283955533,-24.32384713774901,-24.449333716044467,12,1841,7.95270728767e-06,
2892,triangle,252,1557,251,,361339.5833333333,6953710.416666667,6093.75,27.048765846237746,27.406018199744043,-22.95123415376225,-22.59398180025596,12,1841,7.95270728767e-06,
2893,triangle,279,1558,280,,362708.03649747354,6953560.7873428045,6319.81787109375,61.94635379115611,63.72568858824243,11.946353791156115,13.725688588242429,12,1841,7.95270728767e-06,
2894,triangle,263,1585,262,,360588.5251557285,6953263.837967586,5589.80859375,28.580396502928473,29.75491003157913,-21.41960349707153,-20.245089968420867,12,1841,7.95270728767e-06,
2895,triangle,68,1575,67,,361862.6789455426,6951962.678945542,5665.2626953125,88.3822774060392,88.5633859896992,38.38227740603918,38.56338598969919,12,1841,7.95270728767e-06,
2896,triangle,1551,1552,1547,,361176.3015410246,6952214.452311537,21203.56787109375,60.55644588570728,62.12410671031184,10.556445885707276,12.12410671031184,12,1841,7.95270728767e-06,
2897,triangle,1538,1570,1543,,362190.9735355447,6954004.274136011,29447.56005859375,47.66107197025483,46.4453916320467,-2.3389280297451744,-3.554608367953305,12,1841,7.95270728767e-06,
2898,triangle,1546,1569,237,,362257.9049918454,6954494.831573695,9693.25390625,28.84185397221857,28.998695573470453,-21.158146027781427,-21.001304426529547,12,1841,7.95270728767e-06,
2899,triangle,1539,1568,1542,,360851.87949057296,6953107.095259681,29820.48046875,40.76054278612301,40.67430924966115,-9.239457213876983,-9.325690750338852,12,1841,7.95270728767e-06,
2900,triangle,1539,1572,1568,,360944.8809834265,6953236.911419839,31381.0810546875,34.94188426379614,36.219829973823074,-15.058115736203863,-13.780170026176926,12,1841,7.95270728767e-06,
2901,triangle,266,1569,1546,,362332.9049918454,6954494.831573695,7222.3486328125,30.724779141518418,30.365362367293695,-19.275220858481582,-19.634637632706305,12,1841,7.95270728767e-06,
2902,triangle,42,1549,41,,360412.5,6953062.5,4218.75,30.625,31.158333619435627,-19.375,-18.841666380564373,12,1841,7.95270728767e-06,
2903,triangle,47,1550,46,,360487.5,6952687.5,4218.75,40.27499961853027,41.67499955495199,-9.725000381469727,-8.325000445048014,12,1841,7.95270728767e-06,
2904,triangle,50,1561,49,,360564.57187333464,6952464.277885612,4451.8359375,45.922245433383836,44.25441511852069,-4.0777545666161625,-5.745584881479304,12,1841,7.95270728767e-06,
2905,triangle,55,1562,54,,360862.5,6952162.5,4218.75,47.875,47.36666742960612,-2.125,-2.6333325703938804,12,1841,7.95270728767e-06,
2906,triangle,58,1551,57,,361087.5,6952087.5,4218.75,50.69999980926514,52.03333314259847,0.6999998092651367,2.03333314259847,12,1841,7.95270728767e-06,
2907,triangle,60,1552,59,,361238.8015410246,6952014.452311537,4438.38525390625,54.60931932910237,54.924106901046706,4.609319329102369,4.924106901046702,12,1841,7.95270728767e-06,
2908,triangle,62,1553,61,,361391.2573630035,6951931.911554709,3590.0498046875,61.801315599906,61.787433364967114,11.801315599906,11.787433364967109,12,1841,7.95270728767e-06,
2909,triangle,66,1563,65,,361683.4488878902,6951937.978015897,4272.52685546875,80.02956661830521,79.83772077346123,30.029566618305203,29.83772077346123,12,1841,7.95270728767e-06,
2910,triangle,241,1554,240,,361913.4183908286,6954256.70820725,4870.3271484375,25.115551763002784,25.749200273839218,-24.884448236997212,-24.25079972616079,12,1841,7.95270728767e-06,
2911,triangle,243,1555,242,,361759.1621750545,6954187.942257958,4168.99609375,25.54596456245386,25.55932670016898,-24.45403543754614,-24.44067329983102,12,1841,7.95270728767e-06,
2912,triangle,245,1556,244,,361616.1738335076,6954113.769656923,4075.9130859375,25.679018730737106,25.583999108662564,-24.32098126926289,-24.416000891337436,12,1841,7.95270728767e-06,
2913,triangle,247,1556,246,,361541.1738335076,6954038.769656923,4632.05615234375,25.816359731093296,25.850666156798955,-24.183640268906707,-24.149333843201045,12,1841,7.95270728767e-06,
2914,triangle,251,1557,250,,361389.5833333333,6953735.416666667,4453.125,26.52754640137457,27.139351787390527,-23.472453598625435,-22.860648212609476,12,1841,7.95270728767e-06,
2915,triangle,253,1557,252,,361314.5833333333,6953660.416666667,4453.125,27.72214510410775,27.372684739254137,-22.27785489589225,-22.62731526074587,12,1841,7.95270728767e-06,
2916,triangle,259,1564,258,,360862.5,6953512.5,4218.75,28.125,28.266666730244953,-21.875,-21.733333269755047,12,1841,7.95270728767e-06,
2917,triangle,278,1558,279,,362658.03649747354,6953585.7873428045,4411.423828125,59.439071172049225,62.025689096868724,9.439071172049225,12.025689096868732,12,1841,7.95270728767e-06,
2918,triangle,238,1582,1546,,362170.9450850661,6954396.256541163,10623.5390625,34.42937789454625,31.772458189817968,-15.570622105453753,-18.22754181018203,12,1841,7.95270728767e-06,
2919,triangle,51,1561,50,,360589.57187333464,6952414.277885612,6058.09814453125,45.48003371765191,43.55441435558124,-4.51996628234809,-6.445585644418757,12,1841,7.95270728767e-06,
2920,triangle,54,1562,53,,360812.5,6952187.5,5625.0,44.522221777174224,46.233333587646484,-5.4777782228257745,-3.7666664123535156,12,1841,7.95270728767e-06,
2921,triangle,67,1563,66,,361733.4488878902,6951962.978015897,6134.52734375,85.60824678771503,83.53772026483493,35.608246787715025,33.537720264834924,12,1841,7.95270728767e-06,
2922,triangle,248,1556,247,,361566.1738335076,6953988.769656923,6181.142578125,26.1338716302933,26.083999108662564,-23.866128369706697,-23.916000891337436,12,1841,7.95270728767e-06,
2923,triangle,260,1564,259,,360812.5,6953487.5,5625.0,28.197221755981445,28.300000190734863,-21.802778244018555,-21.699999809265137,12,1841,7.95270728767e-06,
2924,triangle,1544,1573,285,,362931.12329131045,6953368.0702879755,6912.28857421875,70.8353454884065,71.57233119872278,20.835345488406503,21.57233119872276,12,1841,7.95270728767e-06,
2925,triangle,1546,1579,268,,362376.7818023066,6954345.653549317,12422.36669921875,36.90797944971587,36.61734601128601,-13.092020550284131,-13.38265398871399,12,1841,7.95270728767e-06,
2926,triangle,278,1578,1558,,362592.4400700512,6953567.736638199,7816.3125,59.24654777956836,62.515757877697276,9.246547779568363,12.515757877697276,12,1841,7.95270728767e-06,
2927,triangle,1556,1583,1555,,361715.1989886582,6954006.646502367,16677.74365234375,28.986113015597248,29.843713862652645,-21.013886984402752,-20.15628613734736,12,1841,7.95270728767e-06,
2928,triangle,612,1573,1544,,362917.8314179808,6953308.17671337,8178.1513671875,73.18297885676628,73.08451224370607,23.18297885676628,23.08451224370607,12,1841,7.95270728767e-06,
2929,triangle,1550,1571,45,,360535.17891563714,6952780.734487456,11122.88671875,38.77854359647875,40.28445419204506,-11.221456403521252,-9.71554580795494,12,1841,7.95270728767e-06,
2930,triangle,1564,1572,257,,360950.0,6953462.5,10546.875,29.06111176808676,29.250000317891438,-20.93888823191324,-20.749999682108562,12,1841,7.95270728767e-06,
2931,triangle,1579,1580,271,,362405.5235514362,6954171.083974688,7668.5458984375,38.38155678779444,38.19417663766203,-11.618443212205559,-11.805823362337968,12,1841,7.95270728767e-06,
2932,triangle,1549,1571,1542,,360604.67742278357,6952975.918327302,22817.271484375,38.9652754089084,39.072266642270755,-11.0347245910916,-10.927733357729252,12,1841,7.95270728767e-06,
2933,triangle,285,1573,286,,363016.2500835599,6953348.642085302,3949.630859375,69.00610868374682,69.11324509854887,19.006108683746817,19.113245098548862,12,1841,7.95270728767e-06,
2934,triangle,1567,1572,1539,,361061.54097348516,6953253.946266782,27840.1630859375,34.351809286945034,35.86774114827477,-15.64819071305497,-14.132258851725233,12,1841,7.95270728767e-06,
2935,triangle,63,1581,1553,,361473.69861318223,6951963.38946883,5848.244140625,70.51885466614735,69.13364362347515,20.518854666147345,19.13364362347514,12,1841,7.95270728767e-06,
2936,triangle,1563,1581,64,,361590.89013806893,6951969.45593002,7738.8642578125,77.71846373836328,76.91726207648423,27.718463738363297,26.917262076484235,12,1841,7.95270728767e-06,
2937,triangle,1545,1578,1565,,362426.2673994107,6953475.446348558,26231.94189453125,73.60050668212008,73.1204324495359,23.60050668212008,23.12043244953591,12,1841,7.95270728767e-06,
2938,triangle,235,1569,265,,362343.9864274065,6954609.9759391,5179.23388671875,24.67865112405608,25.08328724102576,-25.32134887594392,-24.91671275897424,12,1841,7.95270728767e-06,
2939,triangle,58,1552,1551,,361151.3015410246,6952101.952311537,7360.70263671875,52.4689185598085,54.52410696462499,2.468918559808503,4.52410696462499,12,1841,7.95270728767e-06,
2940,triangle,60,1553,1552,,361305.0589040281,6952021.363866246,7672.9375,58.20400033453397,58.84487410797345,8.204000334533967,8.844874107973448,12,1841,7.95270728767e-06,
2941,triangle,242,1555,1554,,361822.580565883,6954169.650465208,7710.3037109375,26.547344835643912,26.64186030734153,-23.452655164356088,-23.35813969265847,12,1841,7.95270728767e-06,
2942,triangle,244,1556,1555,,361675.336008562,6954101.711914881,6048.5888671875,26.330828248617415,26.276659015008306,-23.66917175138259,-23.723340984991694,12,1841,7.95270728767e-06,
2943,triangle,1538,1574,1570,,362253.896613421,6953888.629930726,19616.693359375,52.23082972321797,47.721139932268244,2.2308297232179752,-2.278860067731761,12,1841,7.95270728767e-06,
2944,triangle,1552,1553,1541,,361367.55890402803,6952083.863866246,16232.3515625,64.14893980469242,64.64487398081688,14.148939804692425,14.644873980816874,12,1841,7.95270728767e-06,
2945,triangle,236,1569,235,,362293.9864274065,6954609.9759391,3826.18017578125,24.11428023458108,24.483286859556035,-25.88571976541892,-25.516713140443965,12,1841,7.95270728767e-06,
2946,triangle,1542,1585,1549,,360620.52366287494,6953096.521807429,22919.384765625,39.650529198135835,37.117722926852835,-10.34947080186417,-12.882277073147165,12,1841,7.95270728767e-06,
2947,triangle,1570,1580,1543,,362285.7589571129,6954086.204505049,15379.77099609375,46.925616654575336,43.65949273224427,-3.0743833454246623,-6.34050726775573,12,1841,7.95270728767e-06,
2948,triangle,1568,1585,1542,,360732.1760900996,6953159.3657730995,20334.11328125,38.3922148222803,37.21145703320901,-11.607785177719693,-12.788542966790985,12,1841,7.95270728767e-06,
2949,triangle,265,1569,266,,362368.9864274065,6954559.9759391,3489.0263671875,26.328143300366605,26.11662070151567,-23.671856699633395,-23.88337929848433,12,1841,7.95270728767e-06,
2950,triangle,1543,1579,1546,,362274.548882257,6954278.104260683,17425.05126953125,42.98192959412255,40.61528756124074,-7.018070405877447,-9.384712438759253,12,1841,7.95270728767e-06,
2951,triangle,1546,1582,1543,,362193.7121650165,6954303.7072525285,15473.37353515625,40.364320907085656,38.20373345457576,-9.635679092914348,-11.796266545424233,12,1841,7.95270728767e-06,
2952,triangle,1553,1581,1541,,361461.19861318223,6952050.889468831,10343.51904296875,71.23433300624164,70.93364222475282,21.23433300624164,20.933642224752813,12,1841,7.95270728767e-06,
2953,triangle,1543,1580,1579,,362303.29063138674,6954178.534686054,15408.5009765625,45.13126952791961,41.425451775263255,-4.868730472080388,-8.574548224736747,12,1841,7.95270728767e-06,
2954,triangle,1549,1586,41,,360426.5943877551,6953098.405612245,2633.13134765625,30.209590378692077,30.770999016036914,-19.790409621307916,-19.229000983963086,12,1841,7.95270728767e-06,
2955,triangle,264,1586,1549,,360451.5943877551,6953123.405612245,2633.130859375,29.742731820824773,30.204332095057097,-20.257268179175227,-19.795667904942903,12,1841,7.95270728767e-06,
2956,triangle,41,1586,40,,360389.0943877551,6953135.905612245,1585.61865234375,29.07134193561027,29.079331936111377,-20.928658064389726,-20.920668063888623,12,1841,7.95270728767e-06,
2957,triangle,40,1586,264,,360414.0943877551,6953160.905612245,1585.61865234375,28.50467501462917,28.51266501513156,-21.495324985370832,-21.48733498486844,12,1841,7.95270728767e-06,
2958,triangle,282,1587,283,,362952.4788679585,6953528.238033779,2448.22119140625,66.88230302086671,66.85904037537826,16.882303020866708,16.85904037537826,12,1841,7.95270728767e-06,
2959,triangle,283,1587,284,,362977.4788679585,6953503.238033779,2533.62744140625,67.04795743040043,67.02570704204493,17.04795743040043,17.025707042044928,12,1841,7.95270728767e-06,
2960,triangle,286,612,72,,363058.59394407755,6953290.106425394,3436.53515625,69.07608555572114,70.0330570126029,19.07608555572113,20.033057012602892,12,1841,7.72011414948e-06,
2961,triangle,286,1600,285,,363061.8227373143,6953397.933256526,6722.548828125,68.43925486628231,69.19269014450198,18.439254866282308,19.19269014450199,12,1841,7.95270728767e-06,
2962,triangle,279,1601,278,,362643.03158675664,6953683.273838249,6555.80712890625,58.60838630786762,56.3312598934063,8.60838630786763,6.3312598934063,12,1841,7.95270728767e-06,
2963,triangle,291,1592,292,,363373.8919610738,6955135.094803599,7426.48876953125,40.526984285877035,37.78536812987625,-9.473015714122962,-12.214631870123755,12,1841,7.95270728767e-06,
2964,triangle,301,1593,302,,364051.4684638025,6954608.762741533,7286.4892578125,74.40945985109049,73.18001640891292,24.409459851090492,23.180016408912916,12,1841,7.95270728767e-06,
2965,triangle,1590,1604,1591,,362886.62097294006,6954773.667952343,33518.7451171875,30.676045968717908,33.76572901821177,-19.323954031282092,-16.234270981788228,12,1841,7.95270728767e-06,
2966,triangle,290,1592,291,,363323.8919610738,6955160.094803599,4489.33447265625,34.873903272456744,35.685367112623645,-15.126096727543255,-14.31463288737636,12,1841,7.95270728767e-06,
2967,triangle,292,1592,293,,363398.8919610738,6955085.094803599,5749.654296875,39.8521585791843,37.51870171752273,-10.147841420815702,-12.48129828247727,12,1841,7.95270728767e-06,
2968,triangle,300,1593,301,,364001.4684638025,6954633.762741533,4639.19189453125,72.17196136204018,72.21334923361995,22.171961362040182,22.213349233619947,12,1841,7.95270728767e-06,
2969,triangle,302,1593,303,,364076.4684638025,6954558.762741533,5459.7978515625,77.64451830592519,76.34668307557958,27.64451830592518,26.34668307557958,12,1841,7.95270728767e-06,
2970,triangle,285,1600,284,,363036.8227373143,6953447.933256526,4142.55810546875,68.28715556694347,68.75935833704756,18.287155566943465,18.759358337047566,12,1841,7.95270728767e-06,
2971,triangle,298,1618,299,,363805.264290927,6954706.450078118,7119.63330078125,62.451078812656775,63.505253068174284,12.45107881265677,13.505253068174289,12,1841,7.95270728767e-06,
2972,triangle,112,1616,111,,362792.35218649794,6955080.876386405,6916.02783203125,22.84048261589724,23.42427437163576,-27.15951738410276,-26.57572562836424,12,1841,7.95270728767e-06,
2973,triangle,272,1605,271,,362529.22107575164,6954115.389298887,6099.87109375,37.94377527252239,38.02642940185769,-12.056224727477616,-11.973570598142311,12,1841,7.95270728767e-06,
2974,triangle,72,1600,286,,363108.7085547215,6953372.933256526,4720.76318359375,68.87199560969137,69.44690097133382,18.87199560969137,19.446900971333818,12,1841,7.603817580385e-06,
2975,triangle,278,1601,277,,362593.03158675664,6953708.273838249,5771.8603515625,57.25661162024545,55.93125963909315,7.256611620245456,5.931259639093149,12,1841,7.95270728767e-06,
2976,triangle,108,1595,107,,362914.49652777775,6955350.83912037,7161.4580078125,23.963282082139376,23.901961590311284,-26.036717917860624,-26.098038409688716,12,1841,7.95270728767e-06,
2977,triangle,107,1595,106,,362964.49652777775,6955375.83912037,5530.5986328125,24.00854018351596,24.1686280026648,-25.99145981648404,-25.8313719973352,12,1841,7.95270728767e-06,
2978,triangle,233,1620,114,,362568.47426470584,6954856.5257352935,6969.2099609375,23.974002338048304,24.63789207366209,-26.025997661951696,-25.36210792633791,12,1841,7.95270728767e-06,
2979,triangle,113,1620,112,,362668.47426470584,6954956.5257352935,6969.20947265625,23.300078703759105,24.437891946505516,-26.69992129624089,-25.562108053494484,12,1841,7.95270728767e-06,
2980,triangle,271,1611,270,,362508.8642422108,6954209.772541314,3809.72705078125,35.25526857483358,35.27150446617076,-14.744731425166417,-14.72849553382924,12,1841,7.95270728767e-06,
2981,triangle,1590,1591,1588,,362996.3181038765,6954586.876138747,96836.7841796875,41.33785523012766,46.701807487978066,-8.662144769872347,-3.2981925120219437,12,1841,7.95270728767e-06,
2982,triangle,273,1609,272,,362511.7274815634,6954018.375496912,4131.841796875,38.440483963927996,38.12340416300005,-11.559516036072006,-11.876595836999952,12,1841,7.95270728767e-06,
2983,triangle,289,1592,290,,363273.8919610738,6955160.094803599,4489.3349609375,32.016355380399176,32.45203352497716,-17.983644619600824,-17.547966475022843,12,1841,7.95270728767e-06,
2984,triangle,299,1593,300,,363951.4684638025,6954633.762741533,4639.19140625,72.55014525276665,71.01334974224625,22.550145252766654,21.01334974224625,12,1841,7.95270728767e-06,
2985,triangle,269,1612,268,,362508.4724816478,6954362.931212902,3765.654296875,33.48668745425783,33.47344956874122,-16.513312545742163,-16.526550431258773,12,1841,7.95270728767e-06,
2986,triangle,296,1602,297,,363664.63780794555,6954858.82245034,5798.220703125,49.839757832417945,50.91366308593356,-0.16024216758205567,0.913663085933548,12,1841,7.95270728767e-06,
2987,triangle,1590,1614,1607,,363309.60843693564,6954777.530214624,43249.10009765625,53.198927975035176,51.10177140318732,3.1989279750351782,1.101771403187324,12,1841,7.95270728767e-06,
2988,triangle,1599,1614,1603,,363614.2496289652,6954458.349830906,39809.291015625,88.41367374516307,89.25423703750062,38.41367374516307,39.25423703750062,12,1841,7.95270728767e-06,
2989,triangle,1589,1597,1588,,363068.7019095504,6954008.934157702,93912.54296875,76.01077208845,70.99982088597598,26.010772088449997,20.999820885975975,12,1841,7.95270728767e-06,
2990,triangle,1588,1614,1590,,363230.558940937,6954580.212093494,81746.3388671875,56.07035763653286,57.67840590382642,6.070357636532861,7.6784059038264205,12,1841,7.95270728767e-06,
2991,triangle,284,1600,283,,363036.8227373143,6953497.933256526,4142.55810546875,68.39872911701681,68.29269116175459,18.39872911701681,18.292691161754597,12,1841,7.95270728767e-06,
2992,triangle,1589,1610,1597,,363003.3038858198,6953805.8393697785,36414.234375,76.62062643438257,73.11412929443911,26.620626434382576,23.114129294439113,12,1841,7.95270728767e-06,
2993,triangle,75,1603,74,,363832.39978792565,6954105.541565212,36947.49560546875,102.98665196973089,102.31598009348939,52.98665196973088,52.315980093489394,12,1841,7.836410718575001e-06,
2994,triangle,109,1595,108,,362889.49652777775,6955300.83912037,4443.359375,23.708449810839433,23.535294796488042,-26.291550189160567,-26.464705203511958,12,1841,7.95270728767e-06,
2995,triangle,1597,1610,283,,363055.19165894756,6953669.24952545,19776.8505859375,72.65010331512902,73.49116359096585,22.65010331512901,23.49116359096585,12,1841,7.95270728767e-06,
2996,triangle,283,1600,1597,,363106.136254706,6953593.066109949,20063.5869140625,73.35164927301967,73.01561649480468,23.351649273019675,23.015616494804686,12,1841,7.95270728767e-06,
2997,triangle,1596,1601,279,,362704.9965502716,6953697.134500634,11687.37109375,61.85947502008993,59.789498188861415,11.859475020089933,9.789498188861417,12,1841,7.95270728767e-06,
2998,triangle,106,1595,287,,363014.49652777775,6955350.83912037,6712.240234375,24.745387498404803,24.535294160705163,-25.254612501595197,-25.464705839294837,12,1841,7.95270728767e-06,
2999,triangle,613,1597,73,,363371.03488165326,6953625.466947574,48178.45458984375,88.95685938629569,85.53810253698673,38.9568593862957,35.53810253698673,12,1841,7.72011414948e-06,
3000,triangle,1591,1598,1588,,362889.21929461043,6954420.457408947,60243.4755859375,44.34139617331974,49.930896192824385,-5.658603826680267,-0.06910380717561537,12,1841,7.95270728767e-06,
3001,triangle,1590,1607,1592,,363261.75956094894,6954931.789063476,30521.12939453125,43.67456543299046,39.79387400550053,-6.3254345670095375,-10.206125994499475,12,1841,7.95270728767e-06,
3002,triangle,73,1600,72,,363200.2683811225,6953413.333198781,16858.125,72.75702058572622,74.27281084742059,22.757020585726224,24.272810847420587,12,1841,7.72011414948e-06,
3003,triangle,293,1607,294,,363455.3256612851,6954974.529581081,7891.28515625,40.083756561457044,41.77729611175298,-9.916243438542958,-8.222703888247016,12,1841,7.95270728767e-06,
3004,triangle,275,1601,274,,362518.03158675664,6953858.273838249,4841.05322265625,43.1621338618233,43.89792554282036,-6.8378661381767,-6.102074457179637,12,1841,7.95270728767e-06,
3005,triangle,282,1596,281,,362861.964963515,6953588.860662385,4371.82421875,67.7901177044067,66.85823982133402,17.79011770440668,16.858239821334024,12,1841,7.95270728767e-06,
3006,triangle,1597,1608,1588,,363282.1586424492,6954016.383163869,81588.64892578125,87.96774557529514,82.58718102754267,37.96774557529514,32.58718102754266,12,1841,7.95270728767e-06,
3007,triangle,299,1599,1593,,363861.3163677757,6954584.853685728,17915.5859375,80.81148838734588,77.43484598857516,30.811488387345875,27.434845988575173,12,1841,7.95270728767e-06,
3008,triangle,270,1611,269,,362508.8642422108,6954259.772541314,3809.7275390625,34.50407425042634,34.73817100568085,-15.495925749573654,-15.261828994319147,12,1841,7.95270728767e-06,
3009,triangle,1603,1614,1588,,363430.67789027834,6954384.470346662,95660.0712890625,81.72480469220672,82.153337307291,31.724804692206718,32.15333730729099,12,1841,7.95270728767e-06,
3010,triangle,74,1608,613,,363616.16318801633,6953865.465857635,49199.080078125,97.53665146226624,96.57880515105735,47.53665146226624,46.57880515105734,12,1841,7.836410718575001e-06,
3011,triangle,111,1616,110,,362842.35218649794,6955130.876386405,6916.02734375,23.361894837915965,23.290941165459003,-26.638105162084038,-26.709058834540997,12,1841,7.95270728767e-06,
3012,triangle,1588,1598,1589,,362924.8315214827,6954194.547253276,67111.42822265625,56.822034299366166,59.47052760929,6.822034299366168,9.470527609289997,12,1841,7.95270728767e-06,
3013,triangle,274,1609,273,,362511.7274815634,6953968.375496912,4131.841796875,39.499176979538746,39.55673724202023,-10.500823020461253,-10.443262757979769,12,1841,7.95270728767e-06,
3014,triangle,283,1610,282,,362960.87814155576,6953599.116672027,5525.62548828125,68.13026075000808,68.6015715912491,18.13026075000807,18.601571591249098,12,1841,7.95270728767e-06,
3015,triangle,76,1606,614,,364110.4446857882,6954400.579898696,7388.7060546875,86.9250944276217,87.51056174649494,36.92509442762171,37.51056174649494,12,1841,7.836410718575001e-06,
3016,triangle,1598,1605,1589,,362752.7764319479,6954132.725092213,31451.47314453125,54.40104529419771,52.9430269073819,4.401045294197708,2.943026907381908,12,1841,7.95270728767e-06,
3017,triangle,234,1594,233,,362469.74571078434,6954763.587622549,6317.78515625,26.20921620735154,26.110580322626262,-23.790783792648458,-23.88941967737374,12,1841,7.95270728767e-06,
3018,triangle,75,1617,1603,,363869.8331656237,6954245.3843828,29350.8759765625,108.54651878313533,105.71876571338514,58.546518783135326,55.71876571338513,12,1841,7.95270728767e-06,
3019,triangle,299,1618,1599,,363765.1121949002,6954632.541022311,17239.24755859375,72.36026668331415,72.76008264783654,22.36026668331416,22.76008264783655,12,1841,7.95270728767e-06,
3020,triangle,268,1612,267,,362508.4724816478,6954412.931212902,3765.65380859375,32.87058769259384,32.70678315638771,-17.129412307406163,-17.29321684361229,12,1841,7.95270728767e-06,
3021,triangle,1604,1616,112,,362808.9312208479,6954994.879659952,19586.6884765625,23.97536172297419,25.042126005635254,-26.02463827702581,-24.957873994364746,12,1841,7.95270728767e-06,
3022,triangle,1597,1600,73,,363222.696081107,6953558.466052204,35978.29296875,81.54542990115773,78.47486021285108,31.545429901157735,28.474860212851087,12,1841,7.95270728767e-06,
3023,triangle,287,1595,288,,363064.49652777775,6955300.83912037,6712.2392578125,25.803394980683493,26.468627875508222,-24.196605019316507,-23.531372124491778,12,1841,7.95270728767e-06,
3024,triangle,110,1595,109,,362889.49652777775,6955250.83912037,4443.359375,24.24961809105667,23.56862825697795,-25.750381908943325,-26.43137174302205,12,1841,7.95270728767e-06,
3025,triangle,1588,1608,1603,,363445.5060129889,6954172.673242412,75494.56494140625,96.36019703953141,92.30373044947493,46.3601970395314,42.303730449474926,12,1841,7.95270728767e-06,
3026,triangle,614,1617,75,,363999.0912538007,6954271.008468532,16226.16845703125,100.53363759232442,99.51178414175415,50.533637592324425,49.511784141754134,12,1841,7.72011414948e-06,
3027,triangle,297,1618,298,,363755.264290927,6954756.450078118,7119.6337890625,56.13462578499303,60.13858691013392,6.134625784993028,10.138586910133926,12,1841,7.95270728767e-06,
3028,triangle,288,1613,289,,363157.8478047678,6955204.127632125,7090.2626953125,29.371422085767286,29.558417942273735,-20.62857791423272,-20.441582057726265,12,1841,7.95270728767e-06,
3029,triangle,1594,1620,233,,362563.2199754903,6954795.113357843,11799.7470703125,27.84062189973185,27.481805983934837,-22.15937810026815,-22.518194016065166,12,1841,7.95270728767e-06,
3030,triangle,1599,1617,1593,,363868.1824358585,6954481.189358561,25061.47802734375,103.3651916468258,91.783511779184,53.365191646825814,41.783511779184,12,1841,7.95270728767e-06,
3031,triangle,289,1613,1592,,363206.7397658415,6955139.222435725,9813.47998046875,32.02252286056883,32.01045210303377,-17.977477139431173,-17.989547896966233,12,1841,7.95270728767e-06,
3032,triangle,1589,1601,1596,,362753.1087771438,6953808.724344961,32543.49609375,63.885773895424336,62.07912928743559,13.885773895424336,12.079129287435592,12,1841,7.95270728767e-06,
3033,triangle,112,1620,1604,,362735.05329905584,6954920.52900884,14603.14013671875,24.424226606251935,25.855743453348435,-25.575773393748065,-24.144256546651565,12,1841,7.95270728767e-06,
3034,triangle,1605,1611,271,,362563.0853179624,6954175.161840201,9948.88671875,39.24692540063276,39.597933105089,-10.753074599367235,-10.402066894911004,12,1841,7.95270728767e-06,
3035,triangle,272,1609,1605,,362565.9485573151,6954058.764795798,10259.66162109375,41.87220456192517,41.449832801918284,-8.127795438074827,-8.550167198081716,12,1841,7.95270728767e-06,
3036,triangle,1602,1618,297,,363669.9020988725,6954790.272528457,12612.9873046875,54.92887515797213,56.71891666273414,4.928875157972124,6.718916662734141,12,1841,7.95270728767e-06,
3037,triangle,1603,1617,1599,,363774.3748599876,6954373.849548993,32839.4599609375,109.02197259064971,101.80963780917273,59.0219725906497,51.809637809172706,12,1841,7.95270728767e-06,
3038,triangle,114,1620,113,,362618.47426470584,6954906.5257352935,6969.2099609375,23.2300182261893,24.537891692192364,-26.7699817738107,-25.462108307807636,12,1841,7.95270728767e-06,
3039,triangle,1603,1608,74,,363663.6625380873,6954051.9546377035,44001.7802734375,105.71037688532884,102.76234743740206,55.71037688532885,52.76234743740205,12,1841,7.95270728767e-06,
3040,triangle,613,1608,1597,,363416.04401502333,6953804.105855814,51065.361328125,92.09851510390747,91.28918466398028,42.098515103907474,41.28918466398027,12,1841,7.95270728767e-06,
3041,triangle,267,1619,266,,362461.0239049413,6954515.605194281,5808.2734375,28.430552367707307,29.241802878506082,-21.569447632292693,-20.758197121493918,12,1841,7.95270728767e-06,
3042,triangle,280,1596,279,,362761.964963515,6953613.860662385,5717.8828125,62.42751132356174,62.99157239172791,12.427511323561736,12.991572391727905,12,1841,7.95270728767e-06,
3043,triangle,1614,1618,1602,,363566.642935933,6954721.108483203,24367.1982421875,63.99319457130767,61.87884783971125,13.993194571307669,11.878847839711247,12,1841,7.95270728767e-06,
3044,triangle,110,1616,1595,,362906.8487142757,6955181.715506776,9859.9267578125,26.037618037278115,24.85956942243695,-23.962381962721885,-25.14043057756304,12,1841,7.95270728767e-06,
3045,triangle,1596,1610,1589,,362870.95533194294,6953774.567178741,20996.6328125,71.92361567167342,68.54944174821783,21.923615671673424,18.54944174821784,12,1841,7.95270728767e-06,
3046,triangle,1592,1607,293,,363379.2176223588,6955009.624384682,12501.23681640625,40.1855923682912,40.12932989104329,-9.814407631708802,-9.870670108956709,12,1841,7.95270728767e-06,
3047,triangle,1607,1614,1602,,363466.7043062911,6954789.187986168,23847.0068359375,55.2001289356787,55.11755678701716,5.2001289356786975,5.117556787017153,12,1841,7.95270728767e-06,
3048,triangle,1589,1609,1601,,362677.8712951923,6953913.239179488,23170.900390625,52.05741060240222,54.07762721674809,2.057410602402215,4.0776272167481,12,1841,7.95270728767e-06,
3049,triangle,1611,1612,269,,362542.33672385867,6954322.7037542155,8073.95703125,35.676382903932485,36.04495327197254,-14.32361709606752,-13.955046728027463,12,1841,7.95270728767e-06,
3050,triangle,266,1619,265,,362436.0239049413,6954565.605194281,4052.689453125,27.105673597214633,27.775136338995992,-22.894326402785367,-22.224863661004008,12,1841,7.95270728767e-06,
3051,triangle,276,1601,275,,362518.03158675664,6953808.273838249,4841.0537109375,44.242743749063074,44.93125836752739,-5.757256250936924,-5.068741632472606,12,1841,7.95270728767e-06,
3052,triangle,281,1596,280,,362811.964963515,6953588.860662385,4371.82470703125,65.27724356070729,65.42490547074809,15.277243560707287,15.424905470748087,12,1841,7.95270728767e-06,
3053,triangle,294,1602,295,,363564.63780794555,6954933.82245034,4632.474609375,43.86012254533598,44.813663340246706,-6.139877454664023,-5.186336659753301,12,1841,7.95270728767e-06,
3054,triangle,277,1601,276,,362543.03158675664,6953758.273838249,5771.8603515625,48.964346642491385,50.664591955173876,-1.0356533575086153,0.664591955173878,12,1841,7.95270728767e-06,
3055,triangle,295,1602,296,,363614.63780794555,6954908.82245034,5798.22119140625,46.382251865675244,47.54699565632743,-3.6177481343247653,-2.4530043436725717,12,1841,7.95270728767e-06,
3056,triangle,1593,1606,303,,364056.4624308745,6954500.82736514,7981.7041015625,84.28802983976406,82.52338669354738,34.28802983976406,32.52338669354739,12,1841,7.95270728767e-06,
3057,triangle,294,1607,1602,,363494.9634692306,6954908.352031421,9955.849609375,43.11683239422158,45.457625610040054,-6.883167605778419,-4.542374389959953,12,1841,7.95270728767e-06,
3058,triangle,1591,1612,1598,,362696.41561097186,6954456.1771618975,30297.64453125,41.39871328860189,40.38374911828974,-8.601286711398108,-9.616250881710256,12,1841,7.95270728767e-06,
3059,triangle,1612,1619,267,,362519.4963865891,6954478.536407181,6714.90869140625,32.80050550267764,32.61525206577758,-17.199494497322362,-17.384747934222418,12,1841,7.95270728767e-06,
3060,triangle,1606,1617,614,,364023.77901126334,6954365.4473141385,9312.8017578125,96.42548784594969,96.32453078447355,46.42548784594969,46.32453078447355,12,1841,7.95270728767e-06,
3061,triangle,1599,1618,1614,,363611.8530319606,6954613.376977057,21335.3603515625,76.18605937114846,74.55334766677329,26.18605937114847,24.55334766677329,12,1841,7.95270728767e-06,
3062,triangle,303,1606,76,,364123.52570967964,6954473.532880999,4414.9345703125,82.02557132268898,82.71140037059803,32.025571322688975,32.71140037059803,12,1841,7.8945590031225e-06,
3063,triangle,1601,1609,274,,362554.75906832004,6953901.64933516,10454.5068359375,43.81087996830836,45.054662530527445,-6.18912003169163,-4.945337469472558,12,1841,7.95270728767e-06,
3064,triangle,282,1610,1596,,362897.84310507076,6953637.977334413,10308.98828125,69.61559510591437,68.95981141258312,19.61559510591437,18.95981141258312,12,1841,7.95270728767e-06,
3065,triangle,1591,1619,1612,,362606.9963865891,6954541.036407181,20339.134765625,37.76577852834873,35.06525187504272,-12.234221471651265,-14.93474812495728,12,1841,7.95270728767e-06,
3066,triangle,1592,1613,1590,,363164.28170443163,6955011.387114521,31815.44775390625,36.441842031814446,34.641663392783975,-13.558157968185554,-15.358336607216026,12,1841,7.95270728767e-06,
3067,triangle,1595,1613,288,,363072.34433254553,6955229.966752496,12554.236328125,28.373145883688267,28.793712865918355,-21.626854116311733,-21.206287134081645,12,1841,7.95270728767e-06,
3068,triangle,265,1619,1615,,362447.47304709814,6954610.822718789,3761.4453125,26.808017756184846,27.33194174965452,-23.191982243815154,-22.66805825034548,12,1841,7.95270728767e-06,
3069,triangle,1598,1611,1605,,362663.5284472864,6954230.907789198,15218.7255859375,45.61905085425991,44.05823284537238,-4.380949145740093,-5.941767154627624,12,1841,7.95270728767e-06,
3070,triangle,234,1615,1594,,362456.1948529412,6954708.805147059,5408.89306640625,26.410132385136187,27.00071906661812,-23.58986761486381,-22.99928093338188,12,1841,7.95270728767e-06,
3071,triangle,1591,1620,1594,,362650.7199754903,6954732.613357843,18812.04052734375,35.35460734034925,32.065138999376735,-14.645392659650753,-17.93486100062327,12,1841,7.95270728767e-06,
3072,triangle,1593,1617,1606,,363988.3284989573,6954447.163037974,11691.65869140625,93.86276864225754,92.50538632611585,43.86276864225756,42.505386326115854,12,1841,7.95270728767e-06,
3073,triangle,1594,1619,1591,,362593.2696157256,6954641.692816828,15653.45947265625,35.57481282446256,33.06904942275099,-14.42518717553744,-16.930950577249007,12,1841,7.95270728767e-06,
3074,triangle,1590,1616,1604,,362941.473159438,6954917.044338748,29326.30322265625,29.11432993394824,29.94000370773897,-20.88567006605176,-20.05999629226103,12,1841,7.95270728767e-06,
3075,triangle,1595,1616,1613,,362989.6965190435,6955160.843138901,18303.1611328125,29.675663211252918,27.751320698044026,-20.32433678874708,-22.248679301955974,12,1841,7.95270728767e-06,
3076,triangle,265,1615,235,,362386.44914215687,6954645.21752451,3562.5,24.69134940330227,25.05680604644141,-25.30865059669773,-24.94319395355859,12,1841,7.95270728767e-06,
3077,triangle,1604,1620,1591,,362747.55329905584,6954783.02900884,15582.296875,30.940412758710863,30.672410056436814,-19.059587241289137,-19.327589943563186,12,1841,7.95270728767e-06,
3078,triangle,1613,1616,1590,,363032.74192985584,6955007.168697327,31493.2177734375,31.84137224874703,31.14723706414961,-18.15862775125297,-18.85276293585039,12,1841,7.95270728767e-06,
3079,triangle,1605,1609,1589,,362689.06078418734,6954020.354640126,18809.9130859375,51.493018639999505,51.90613056715912,1.493018639999499,1.9061305671591235,12,1841,7.95270728767e-06,
3080,triangle,235,1615,234,,362386.44914215687,6954695.21752451,4638.5576171875,24.25364323777324,24.59013887114844,-25.746356762226753,-25.40986112885156,12,1841,7.95270728767e-06,
3081,triangle,1598,1612,1611,,362642.77985318267,6954328.449703212,15963.578125,41.66403720538723,41.03858647274583,-8.335962794612769,-8.961413527254175,12,1841,7.95270728767e-06,
3082,triangle,1615,1619,1594,,362492.2187578825,6954649.410341338,6468.43359375,28.7496288335391,29.375855151300964,-21.250371166460905,-20.62414484869904,12,1841,7.95270728767e-06,
3083,triangle,615,1636,302,,364208.9110622955,6954708.290753727,16445.470703125,103.0684769118809,91.7357759110817,53.06847691188089,41.735775911081696,12,1841,7.8945590031225e-06,
3084,triangle,82,1627,81,,364632.38654361345,6955582.5787772415,9566.4013671875,41.50213030400067,45.05919367143985,-8.497869695999324,-4.940806328560151,12,1841,7.95270728767e-06,
3085,triangle,290,1626,289,,363285.13888888893,6955246.25,5203.125,35.95309439753637,34.84572118229352,-14.046905602463635,-15.154278817706478,12,1841,7.95270728767e-06,
3086,triangle,296,1641,295,,363689.65818283026,6954938.536555544,5984.408203125,50.53303313596828,50.9956775391963,0.533033135968279,0.9956775391963077,12,1841,7.95270728767e-06,
3087,triangle,289,1626,288,,363235.13888888893,6955271.25,9156.25,33.745749760737795,33.67905515140973,-16.254250239262213,-16.32094484859027,12,1841,7.95270728767e-06,
3088,triangle,92,1625,91,,364137.5,6955787.5,11250.0,27.45000002119275,25.375000317891438,-22.549999978807254,-24.624999682108562,12,1841,7.95270728767e-06,
3089,triangle,96,1633,95,,363837.5,6955687.5,5625.0,23.50833352406814,23.52500057220459,-26.49166647593186,-26.47499942779541,12,1841,7.95270728767e-06,
3090,triangle,81,1627,616,,364652.72420331696,6955463.139902499,28368.5185546875,61.69786933045741,58.21932751936606,11.69786933045741,8.219327519366058,12,1841,7.95270728767e-06,
3091,triangle,1623,1640,1625,,364190.96699373657,6955517.506548892,46902.86328125,41.68264033460231,51.57242216822265,-8.317359665397689,1.5724221682226514,12,1841,7.95270728767e-06,
3092,triangle,288,1626,103,,363235.13888888893,6955346.25,11140.625,37.182073965782806,31.47905566003603,-12.817926034217185,-18.520944339963965,12,1841,7.95270728767e-06,
3093,triangle,1625,1640,1627,,364360.85353734996,6955512.585326132,44200.447265625,57.273156261923226,57.06495019024843,7.273156261923224,7.064950190248438,12,1841,7.95270728767e-06,
3094,triangle,1622,1623,96,,363835.9897312418,6955528.213820334,33442.541015625,47.79887570101169,39.68725298187473,-2.2011242989883146,-10.312747018125268,12,1841,7.95270728767e-06,
3095,triangle,292,1635,291,,363453.68032631464,6955198.524548054,8685.5478515625,41.027364582383804,41.15862744738096,-8.972635417616189,-8.841372552619044,12,1841,7.95270728767e-06,
3096,triangle,83,1631,82,,364564.44738926546,6955688.371111743,5307.9189453125,34.20364603733206,35.29280511522355,-15.796353962667943,-14.707194884776447,12,1841,7.95270728767e-06,
3097,triangle,298,1634,297,,363837.2029559493,6954785.794937742,5399.7626953125,62.38463875619704,62.65201061705428,12.384638756197035,12.652010617054273,12,1841,7.95270728767e-06,
3098,triangle,91,1632,90,,364203.5714285714,6955900.0,6026.7861328125,23.065079583061653,23.180952162969934,-26.934920416938347,-26.819047837030066,12,1841,7.95270728767e-06,
3099,triangle,90,1632,89,,364241.0714285714,6955937.5,3013.392578125,22.3281743034481,23.305951845078496,-27.671825696551902,-26.694048154921504,12,1841,7.95270728767e-06,
3100,triangle,616,1640,77,,364515.7304079623,6955220.439489548,51973.20947265625,95.20924367696406,83.76106276386163,45.20924367696406,33.76106276386163,12,1841,7.8945590031225e-06,
3101,triangle,301,1636,1634,,364047.13526967977,6954742.165655074,10962.5419921875,78.57245240540942,79.95332957319833,28.572452405409418,29.953329573198328,12,1841,7.95270728767e-06,
3102,triangle,1623,1633,96,,363900.0,6955625.0,15468.75,39.933334350585895,32.42500019073486,-10.066665649414105,-17.574999809265137,12,1841,7.95270728767e-06,
3103,triangle,77,1639,615,,364373.87082737527,6954931.60467847,32305.95556640625,100.30159240525427,101.61304480186224,50.30159240525426,51.61304480186224,12,1841,7.8945590031225e-06,
3104,triangle,1627,1631,1625,,364409.3339328789,6955633.449888985,19389.15673828125,50.682563132068886,46.493666788474115,0.6825631320688796,-3.5063332115258885,12,1841,7.95270728767e-06,
3105,triangle,1623,1625,92,,364100.0,6955675.0,26718.75,34.77777862548834,34.07499980926514,-15.222221374511658,-15.925000190734863,12,1841,7.95270728767e-06,
3106,triangle,1627,1640,616,,364518.69119705353,6955380.646451391,41453.31201171875,82.82714199762665,69.8167502597933,32.827141997626654,19.8167502597933,12,1841,7.95270728767e-06,
3107,triangle,93,1633,92,,363987.5,6955762.5,4218.75,22.925000349680538,23.158333778381348,-27.074999650319462,-26.841666221618652,12,1841,7.95270728767e-06,
3108,triangle,97,1628,96,,363685.8321108621,6955618.834978611,3506.064453125,22.819639210072037,22.517438350921807,-27.180360789927963,-27.482561649078193,12,1841,7.95270728767e-06,
3109,triangle,301,1634,300,,363987.2029559493,6954710.794937742,4026.93017578125,70.5865266989846,70.05200959980168,20.58652669898459,20.052009599801668,12,1841,7.95270728767e-06,
3110,triangle,92,1633,1623,,364000.0,6955675.0,12656.25,35.88888973659948,32.09166685740153,-14.11111026340052,-17.90833314259847,12,1841,7.95270728767e-06,
3111,triangle,96,1628,1622,,363709.3218421039,6955534.548798945,14644.0986328125,38.166454251026806,33.1380250475996,-11.833545748973194,-16.861974952400402,12,1841,7.95270728767e-06,
3112,triangle,302,1636,301,,364109.93231373053,6954681.370717332,7459.0908203125,78.56378615494017,78.90131997339667,28.563786154940168,28.901319973396657,12,1841,7.95270728767e-06,
3113,triangle,89,1632,87,,364291.0714285714,6955937.5,5424.107421875,23.49166643051876,23.972618511745164,-26.50833356948124,-26.027381488254836,12,1841,7.95270728767e-06,
3114,triangle,1621,1640,1623,,364112.6196677649,6955359.727846563,51236.2314453125,52.11263044294372,61.01321872299632,2.112630442943715,11.01321872299632,12,1841,7.95270728767e-06,
3115,triangle,102,1626,101,,363335.13888888893,6955446.25,6046.875,26.53852478881298,28.61238823042991,-23.46147521118702,-21.387611769570086,12,1841,7.95270728767e-06,
3116,triangle,291,1626,290,,363335.13888888893,6955246.25,5203.125,39.34156686983282,38.07905476994,-10.658433130167179,-11.920945230059994,12,1841,7.95270728767e-06,
3117,triangle,1639,1640,1621,,364195.58599205315,6955179.540673236,49480.3994140625,84.13406736482631,76.45496807833202,34.13406736482631,26.45496807833202,12,1841,7.95270728767e-06,
3118,triangle,82,1631,1627,,364546.8339328789,6955620.949888985,14123.2724609375,42.522414544034575,46.08533301009277,-7.477585455965427,-3.9146669899072357,12,1841,7.95270728767e-06,
3119,triangle,103,1626,102,,363285.13888888893,6955421.25,7187.5,25.01375011302925,29.245722072389544,-24.986249886970747,-20.75427792761045,12,1841,7.95270728767e-06,
3120,triangle,103,1637,288,,363162.5,6955375.0,8437.5,27.89999983045789,24.733333587646484,-22.100000169542113,-25.266666412353516,12,1841,7.95270728767e-06,
3121,triangle,1630,1638,1635,,363616.08251677087,6955160.408565483,17607.953125,45.41867975544538,47.434916975274234,-4.581320244554622,-2.5650830247257663,12,1841,7.95270728767e-06,
3122,triangle,1624,1639,1621,,364087.300154113,6955058.45113448,32835.8134765625,81.55866269824406,81.43781165664133,31.558662698244063,31.437811656641333,12,1841,7.95270728767e-06,
3123,triangle,295,1638,1630,,363637.4021904562,6955061.884017429,11198.845703125,46.645770511431714,46.84295644887309,-3.3542294885682846,-3.157043551126904,12,1841,7.95270728767e-06,
3124,triangle,1635,1638,1622,,363677.0722480127,6955263.622385816,28958.7138671875,50.9660454247153,50.80550335406059,0.9660454247152935,0.8055033540605862,12,1841,7.95270728767e-06,
3125,triangle,288,1637,287,,363112.5,6955350.0,4218.75,26.399999618530273,25.099999745686848,-23.600000381469727,-24.900000254313152,12,1841,7.95270728767e-06,
3126,triangle,1625,1631,85,,364376.94738926546,6955725.871111743,12739.8720703125,40.17036080467538,35.101139147918055,-9.829639195324626,-14.898860852081947,12,1841,7.95270728767e-06,
3127,triangle,295,1641,1638,,363714.5603732865,6955012.920572973,16943.09326171875,52.2193726578091,52.68863468743057,2.21937265780911,2.6886346874305693,12,1841,7.95270728767e-06,
3128,triangle,615,1639,1636,,364254.3773865837,6954840.6035804,22598.8740234375,102.03229540876185,99.14419117014461,52.03229540876187,49.14419117014461,12,1841,7.8945590031225e-06,
3129,triangle,85,1632,1625,,364316.0714285714,6955787.5,14866.0712890625,34.30357039920841,31.32261889321489,-15.696429600791589,-18.67738110678511,12,1841,7.95270728767e-06,
3130,triangle,77,1640,1639,,364365.85907254694,6955122.191190965,40243.87255859375,95.56452471286865,89.94267852558426,45.56452471286865,39.94267852558427,12,1841,7.95270728767e-06,
3131,triangle,1625,1632,91,,364216.0714285714,6955812.5,15066.9638671875,29.786904198782512,28.522619020371465,-20.213095801217488,-21.477380979628535,12,1841,7.95270728767e-06,
3132,triangle,1634,1641,297,,363826.8611387795,6954849.331493285,11723.88671875,62.690999422931554,62.68102225252337,12.690999422931553,12.681022252523368,12,1841,7.95270728767e-06,
3133,triangle,1636,1639,1624,,364138.0797938151,6954910.100554139,28257.38427734375,96.20227407656861,92.45666847217593,46.202274076568614,42.45666847217594,12,1841,7.95270728767e-06,
3134,triangle,297,1641,296,,363739.65818283026,6954888.536555544,5984.40771484375,54.9444755843677,54.362344968802425,4.944475584367695,4.362344968802428,12,1841,7.95270728767e-06,
3135,triangle,291,1635,1626,,363413.8192152036,6955269.774548054,12745.42236328125,44.1636796947943,42.73768221732096,-5.836320305205701,-7.26231778267904,12,1841,7.95270728767e-06,
3136,triangle,99,1628,98,,363585.8321108621,6955593.834978611,4724.677734375,20.476169551661478,22.517438986704686,-29.523830448338522,-27.482561013295314,12,1841,7.95270728767e-06,
3137,triangle,101,1629,100,,363439.7576430577,6955512.390254022,5891.3310546875,22.707933174491828,25.7839567833354,-27.292066825508172,-24.2160432166646,12,1841,7.95270728767e-06,
3138,triangle,294,1630,293,,363512.5,6955037.5,5625.0,39.94444370269777,40.383334159851074,-10.055556297302225,-9.616665840148926,12,1841,7.95270728767e-06,
3139,triangle,1630,1635,292,,363516.18032631464,6955161.024548054,9801.7861328125,41.060697407090856,42.17529417762591,-8.939302592909144,-7.8247058223740895,12,1841,7.95270728767e-06,
3140,triangle,1621,1623,1622,,363920.1424052702,6955382.935118005,42465.6123046875,56.21619056047825,54.53638267924688,6.21619056047825,4.536382679246871,12,1841,7.95270728767e-06,
3141,triangle,85,1631,84,,364464.44738926546,6955763.371111743,4120.75,33.47378612866544,33.22613946580949,-16.526213871334562,-16.773860534190508,12,1841,7.95270728767e-06,
3142,triangle,86,1632,85,,364378.5714285714,6955850.0,5223.21484375,30.60476163833882,29.047618956793176,-19.39523836166118,-20.952381043206824,12,1841,7.95270728767e-06,
3143,triangle,94,1633,93,,363937.5,6955762.5,4218.75,21.075000286102295,23.425000190734863,-28.924999713897705,-26.574999809265137,12,1841,7.95270728767e-06,
3144,triangle,98,1628,97,,363635.8321108621,6955618.834978611,3506.06494140625,21.20809367253444,22.550771811411717,-28.79190632746556,-27.449228188588283,12,1841,7.95270728767e-06,
3145,triangle,100,1629,99,,363489.7576430577,6955537.390254022,4231.09619140625,24.194103442132413,25.583957291961706,-25.805896557867587,-24.416042708038294,12,1841,7.95270728767e-06,
3146,triangle,293,1630,292,,363487.5,6955087.5,4218.75,39.17500019073486,39.55000082651774,-10.824999809265137,-10.44999917348226,12,1841,7.95270728767e-06,
3147,triangle,295,1630,294,,363562.5,6955012.5,4218.75,42.42500019073486,42.416666984558105,-7.574999809265137,-7.5833330154418945,12,1841,7.95270728767e-06,
3148,triangle,300,1634,299,,363937.2029559493,6954710.794937742,4026.9306640625,68.12077129557784,68.85201010842798,18.12077129557785,18.852010108427972,12,1841,7.95270728767e-06,
3149,triangle,1634,1636,1624,,364029.81642547617,6954838.582665208,20248.22021484375,90.59462123384705,86.1002628129147,40.59462123384705,36.1002628129147,12,1841,7.95270728767e-06,
3150,triangle,84,1631,83,,364514.44738926546,6955738.371111743,5307.9189453125,34.928593449086534,33.82613921149634,-15.07140655091347,-16.17386078850366,12,1841,7.95270728767e-06,
3151,triangle,87,1632,86,,364353.5714285714,6955900.0,5223.2138671875,27.588888622465216,26.780951908656785,-22.411111377534787,-23.219048091343215,12,1841,7.95270728767e-06,
3152,triangle,95,1633,94,,363887.5,6955737.5,5625.0,20.15833388434516,23.458333651224773,-29.841666115654842,-26.541666348775227,12,1841,7.95270728767e-06,
3153,triangle,299,1634,298,,363887.2029559493,6954735.794937742,5399.763671875,66.3728433468852,66.01867677509465,16.372843346885205,16.018676775094637,12,1841,7.95270728767e-06,
3154,triangle,1621,1638,1624,,363916.73602028104,6955100.522325235,31382.03125,69.18624149120048,68.45568586189341,19.186241491200466,18.455685861893414,12,1841,7.95270728767e-06,
3155,triangle,1638,1641,1624,,363847.2415290829,6955009.337583107,19148.89111328125,64.71521088667828,66.76890100616713,14.715210886678289,16.768901006167127,12,1841,7.95270728767e-06,
3156,triangle,1622,1638,1621,,363832.5445957265,6955244.819135435,34818.4365234375,58.25605469424499,56.99600623983465,8.256054694244991,6.996006239834647,12,1841,7.95270728767e-06,
3157,triangle,1626,1629,101,,363399.89653194655,6955433.640254022,10459.65625,34.57687914463044,33.42967847425522,-15.423120855369566,-16.570321525744777,12,1841,7.95270728767e-06,
3158,triangle,104,1637,103,,363162.5,6955450.0,4218.75,23.244444211324055,22.900000254313152,-26.755555788675945,-27.099999745686848,12,1841,7.95270728767e-06,
3159,triangle,106,1637,105,,363062.5,6955450.0,4218.75,22.344444486829964,22.433333079020183,-27.655555513170036,-27.566666920979817,12,1841,7.95270728767e-06,
3160,triangle,1629,1635,1622,,363591.92770061415,6955376.628622409,22706.1669921875,47.24040469814328,44.86317016445469,-2.759595301856722,-5.1368298355453055,12,1841,7.95270728767e-06,
3161,triangle,99,1629,1628,,363550.58975391975,6955531.225232634,6348.5146484375,28.93221761500135,27.901395515726932,-21.06778238499865,-22.098604484273068,12,1841,7.95270728767e-06,
3162,triangle,1628,1629,1622,,363624.0794851615,6955471.939052966,16342.4814453125,43.3274549872929,38.555315037111754,-6.672545012707099,-11.444684962888246,12,1841,7.95270728767e-06,
3163,triangle,287,1637,106,,363062.5,6955400.0,4218.75,23.033333036634644,23.16666603088379,-26.966666963365356,-26.83333396911621,12,1841,7.95270728767e-06,
3164,triangle,1624,1641,1634,,363909.54229457583,6954895.74850342,17830.4228515625,75.2472390180745,73.39462114165381,25.2472390180745,23.394621141653804,12,1841,7.95270728767e-06,
3165,triangle,1626,1635,1629,,363453.5768582613,6955357.164802075,18274.7158203125,45.63297131341635,41.8549723339897,-4.367028686583648,-8.145027666010305,12,1841,7.95270728767e-06,
3166,triangle,105,1637,104,,363112.5,6955475.0,2812.5,22.533333460489906,22.53333346048991,-27.466666539510094,-27.46666653951009,12,1841,7.95270728767e-06,
3167,triangle,615,302,76,,364217.5104911726,6954608.388293788,18821.666015625,96.33788952595384,86.20248602364859,46.33788952595384,36.20248602364859,12,1841,7.72011414948e-06,
3168,triangle,78,80,616,,364806.58722458844,6955469.311560373,16906.75390625,48.74469106381953,52.14244659300069,-1.255308936180478,2.142446593000693,12,1841,7.8945590031225e-06,
3169,triangle,302,303,76,,364143.5317426077,6954531.468257393,2084.82080078125,79.0812370313279,76.53469675263023,29.081237031327905,26.53469675263022,12,1841,7.95270728767e-06,
3170,triangle,79,80,78,,364861.2495648849,6955563.750435115,1265.57568359375,41.07929913702887,41.18231350801394,-8.920700862971136,-8.817686491986063,12,1841,7.95270728767e-06,
3171,triangle,80,81,616,,364745.33765970357,6955480.561125257,10624.37353515625,49.143160599725135,49.3601333392999,-0.8568394002748605,-0.6398666607000933,12,1841,7.95270728767e-06,
3172,triangle,89,87,88,,364287.5,6955987.5,2812.5,21.708333015441877,21.22499942779541,-28.291666984558123,-28.77500057220459,12,1841,7.95270728767e-06,
3173,triangle,173,1642,632,,356361.7791053492,6954037.107766257,14296.85205078125,80.51047068180381,78.05047393004439,30.51047068180381,28.05047393004438,65,1681,6.32455532034e-06,
3174,triangle,164,1643,165,,356110.8417979206,6953971.552387116,6456.845703125,76.37105193195252,75.91714621155171,26.37105193195252,25.91714621155171,65,1681,6.32455532034e-06,
3175,triangle,632,1643,164,,356153.7138261958,6954022.127068445,8055.0283203125,79.78194769757364,78.73245272171506,29.78194769757365,28.732452721715063,65,1681,7.5175944266957145e-06,
3176,triangle,170,1642,171,,356468.907077074,6953911.533084928,7607.92578125,73.49664266797642,73.53516538537582,23.49664266797641,23.53516538537582,65,1681,6.32455532034e-06,
3177,triangle,171,1642,172,,356493.907077074,6953961.533084928,6310.45361328125,74.11907638474176,74.63516640262843,24.119076384741756,24.635166402628425,65,1681,6.32455532034e-06,
3178,triangle,172,1642,173,,356468.907077074,6954011.533084928,7825.4814453125,75.24667518308843,75.26850024458805,25.246675183088428,25.268500244588058,65,1681,6.32455532034e-06,
3179,triangle,169,1642,170,,356418.907077074,6953886.533084928,4109.97216796875,73.984714735862,73.83516589400212,23.98471473586199,23.83516589400212,65,1681,6.32455532034e-06,
3180,triangle,167,1642,168,,356318.907077074,6953911.533084928,6237.017578125,75.23780875243304,75.40183154341618,25.237808752433047,25.401831543416183,65,1681,6.32455532034e-06,
3181,triangle,165,1643,166,,356160.8417979206,6953946.552387116,2424.6435546875,75.59079604495753,75.71714672017801,25.59079604495752,25.71714672017801,65,1681,6.32455532034e-06,
3182,triangle,168,1642,169,,356368.907077074,6953886.533084928,4109.97216796875,74.59095061184189,74.83516589400212,24.590950611841887,24.83516589400212,65,1681,6.32455532034e-06,
3183,triangle,167,1643,1642,,356279.7488749945,6953958.085472044,4993.1552734375,77.47030421071472,77.15231108830123,27.470304210714712,27.15231108830123,65,1681,6.32455532034e-06,
3184,triangle,1642,1643,632,,356272.6209032698,6954008.660153373,7900.31494140625,80.49200399779157,79.60095144042423,30.492003997791564,29.600951440424215,65,1681,6.32455532034e-06,
3185,triangle,166,1643,167,,356210.8417979206,6953946.552387116,2424.6435546875,76.08508355083134,76.08381287821838,26.085083550831335,26.083812878218378,65,1681,6.32455532034e-06,
3186,triangle,163,632,164,,356078.6160848257,6954025.57468133,1640.66015625,78.24291680373724,77.40098233727035,28.24291680373724,27.400982337270353,65,1681,7.5175944266957145e-06,
3187,triangle,175,174,632,,356392.8720282752,6954126.724043988,424.7763671875,76.52244318438073,76.2593657725787,26.52244318438074,26.259365772578715,6,1721,9.307153086229285e-06,
3188,triangle,174,173,632,,356392.8720282752,6954100.57468133,9239.39697265625,78.43199535757336,76.61530701878966,28.431995357573353,26.615307018789654,65,1681,7.5175944266957145e-06,
3189,triangle,181,1667,640,,358307.9620135827,6956294.644493661,47068.2041015625,138.61213294105437,137.80651485431244,88.6121329410544,87.80651485431247,6,1721,1.1693231298940716e-05,
3190,triangle,217,1662,216,,356191.4338091731,6954574.302973841,5546.58447265625,75.04548868875733,76.12902364426913,25.04548868875732,26.12902364426912,6,1721,1.189207115e-05,
3191,triangle,1647,1672,1644,,356550.42907240964,6955931.995790797,77483.08349609375,105.53727357311868,101.4508265947697,55.537273573118696,51.4508265947697,6,1721,1.189207115e-05,
3192,triangle,1644,1680,1663,,357185.78220365476,6955637.782355896,211684.6669921875,101.61443918590184,113.74094602045142,51.614439185901844,63.74094602045142,6,1721,1.189207115e-05,
3193,triangle,177,1668,638,,358528.62552641146,6955110.741554954,75518.18798828125,131.7288937162887,122.89944080924874,81.72889371628868,72.89944080924874,6,1721,1.189207115e-05,
3194,triangle,208,1676,1646,,356207.03870250314,6955181.278394054,26318.19091796875,81.60692311577303,84.50704200625026,31.606923115773036,34.50704200625026,6,1721,1.189207115e-05,
3195,triangle,219,1679,218,,356368.56418377574,6954466.362540045,6741.75634765625,73.93071456986411,74.3851090710592,23.930714569864108,24.385109071059205,6,1721,1.189207115e-05,
3196,triangle,1663,1680,1653,,357462.79180460656,6955423.181967251,172821.7294921875,113.74472229783166,114.9086871541598,63.74472229783164,64.90868715415978,6,1721,1.189207115e-05,
3197,triangle,1650,1671,1647,,356596.1201029497,6956247.487372468,31925.0283203125,101.56931459765207,103.87123078613463,51.56931459765205,53.87123078613464,6,1721,1.189207115e-05,
3198,triangle,1646,1672,1656,,356224.2346938776,6955619.642857143,37107.78076171875,91.68228965675301,87.79523769782968,41.68228965675303,37.79523769782967,6,1721,1.189207115e-05,
3199,triangle,198,1672,197,,356157.1428571429,6955887.5,6428.57177734375,86.3539660014813,87.12380817958297,36.3539660014813,37.12380817958297,6,1721,1.189207115e-05,
3200,triangle,209,1676,208,,356144.53870250314,6955068.778394054,5010.60400390625,81.65292192474683,82.37370816429062,31.652921924746835,32.373708164290626,6,1721,1.189207115e-05,
3201,triangle,1646,1677,1672,,356413.2141452833,6955541.324362003,88565.31396484375,89.2396281207144,90.19203316353817,39.23962812071442,40.19203316353818,6,1721,1.189207115e-05,
3202,triangle,189,1683,188,,356486.90096608823,6956513.820002579,5409.1083984375,100.04724224013619,100.2356650152686,50.047242240136185,50.2356650152686,6,1721,1.189207115e-05,
3203,triangle,633,1654,221,,356594.6031043492,6954275.978502712,18870.056640625,85.32270295907394,81.75690264159878,35.322702959073936,31.756902641598785,6,1721,1.189207115e-05,
3204,triangle,1647,1671,1670,,356441.9549153307,6956220.430207114,20817.7919921875,97.82263662134949,98.87597617410846,47.82263662134948,48.87597617410845,6,1721,1.189207115e-05,
3205,triangle,640,1651,180,,358623.179417227,6956150.907553711,51328.177734375,133.35849944801515,130.07944700843865,83.35849944801515,80.07944700843866,6,1721,1.149439144788143e-05,
3206,triangle,208,1661,207,,356061.7164723032,6955207.908163265,5020.271484375,79.71538528634781,80.32901713861466,29.715385286347807,30.32901713861466,6,1721,1.189207115e-05,
3207,triangle,216,1662,215,,356141.4338091731,6954599.302973841,4582.888671875,75.15277903213529,76.49568980230949,25.15277903213528,26.495689802309485,6,1721,1.189207115e-05,
3208,triangle,638,1665,637,,358217.0043412966,6954901.554387066,48583.5029296875,124.10372452569415,121.75323940605988,74.10372452569413,71.75323940605988,6,1721,1.1295551596822145e-05,
3209,triangle,180,1651,179,,358754.83471195813,6956046.6244992325,47030.919921875,128.79659641651818,126.1919105523868,78.7965964165182,76.1919105523868,6,1721,1.1693231298940716e-05,
3210,triangle,187,1683,186,,356586.90096608823,6956613.820002579,5409.1083984375,103.3357996452209,103.50233269918787,53.3357996452209,53.50233269918787,6,1721,1.189207115e-05,
3211,triangle,179,1651,639,,358804.13041799533,6955871.091507415,62808.92919921875,118.68168638576634,114.3626757880919,68.68168638576634,64.3626757880919,6,1721,1.189207115e-05,
3212,triangle,185,1664,184,,356737.51751024387,6956738.697859262,4354.220703125,111.6101953125609,113.59217614432441,61.610195312560904,63.59217614432442,6,1721,1.189207115e-05,
3213,triangle,636,1669,635,,357472.6438805409,6954588.60295781,54687.1396484375,98.09527401674836,93.84440514797147,48.09527401674835,43.84440514797148,6,1721,1.149439144788143e-05,
3214,triangle,193,1670,192,,356222.7472765173,6956267.6481632935,5371.568359375,92.43000372872535,92.54011989866416,42.43000372872536,42.540119898664166,6,1721,1.189207115e-05,
3215,triangle,1649,1663,1653,,357766.0508156333,6955553.2696326645,143212.33544921875,129.13541220969412,122.3585167127551,79.13541220969414,72.3585167127551,6,1721,1.189207115e-05,
3216,triangle,1672,1677,1644,,356606.7771947274,6955696.982623879,134321.5517578125,96.0699882372144,98.11557548398639,46.069988237214396,48.1155754839864,6,1721,1.189207115e-05,
3217,triangle,192,1670,191,,356247.7472765173,6956317.6481632935,9011.14990234375,92.99736960463544,93.5734552665027,42.997369604635445,43.57345526650271,6,1721,1.189207115e-05,
3218,triangle,639,1668,178,,358790.4547622963,6955500.720244245,64811.34765625,99.9406381006402,106.91771148623981,49.9406381006402,56.91771148623982,6,1721,1.189207115e-05,
3219,triangle,182,1681,641,,357640.6210107673,6956408.747889265,64745.9130859375,147.13209792773162,144.78013223973576,97.13209792773162,94.78013223973578,6,1721,1.189207115e-05,
3220,triangle,176,1674,636,,357764.89152909705,6954653.741924733,43323.8486328125,106.32453970664824,103.28365370462511,56.324539706648245,53.283653704625095,6,1721,1.149439144788143e-05,
3221,triangle,1646,1661,208,,356149.2164723032,6955270.408163265,21517.0595703125,81.2963855442146,82.32901713861466,31.296385544214594,32.32901713861466,6,1721,1.189207115e-05,
3222,triangle,638,1668,1665,,358338.1752564854,6955134.830370103,88956.82958984375,131.31739148648103,121.97325528406988,81.31739148648103,71.9732552840699,6,1721,1.189207115e-05,
3223,triangle,1644,1650,1647,,356720.198679403,6956089.2011194425,70133.001953125,112.21450014721555,107.66239343450336,62.21450014721556,57.66239343450337,6,1721,1.189207115e-05,
3224,triangle,1663,1666,1644,,357189.09006932424,6955983.222835497,138052.7421875,116.47224072591456,119.12099343616286,66.47224072591456,69.12099343616288,6,1721,1.189207115e-05,
3225,triangle,1669,1680,1675,,357216.9148441453,6954915.1217368515,82007.23388671875,100.68949064331844,100.03602582727656,50.68949064331842,50.03602582727655,6,1721,1.189207115e-05,
3226,triangle,633,1673,1654,,356707.67118435487,6954376.461914743,34606.42724609375,89.02330733604236,87.9420943776385,39.02330733604237,37.94209437763849,6,1721,1.189207115e-05,
3227,triangle,641,1667,181,,358097.4331451782,6956341.600458371,65978.03369140625,146.07486419235917,143.40966364134928,96.07486419235919,93.40966364134927,6,1721,1.149439144788143e-05,
3228,triangle,178,1668,177,,358710.6440021382,6955284.317734901,78180.5380859375,117.41270460820274,116.67916380293286,67.41270460820274,66.67916380293286,6,1721,1.189207115e-05,
3229,triangle,199,1672,198,,356157.1428571429,6955837.5,6428.5712890625,86.30952417282933,86.99047688075484,36.30952417282933,36.99047688075485,6,1721,1.189207115e-05,
3230,triangle,210,1676,209,,356144.53870250314,6955018.778394054,5010.60400390625,82.57148368746054,82.34037533958359,32.57148368746054,32.340375339583595,6,1721,1.189207115e-05,
3231,triangle,1665,1678,637,,358062.43683251203,6954912.666412135,40894.13232421875,118.77099957483483,117.99054734977774,68.77099957483483,67.99054734977777,6,1721,1.189207115e-05,
3232,triangle,640,1667,1651,,358386.96101948805,6956120.264955483,97859.373046875,133.045355330094,131.38433297533388,83.045355330094,81.38433297533389,6,1721,1.189207115e-05,
3233,triangle,642,1666,182,,357232.3681240901,6956461.716770853,44926.0810546875,134.84996079559653,134.4513472028524,84.84996079559652,84.45134720285238,6,1721,1.189207115e-05,
3234,triangle,202,1657,1656,,356062.39067055396,6955554.591836735,6022.685546875,85.1399623236628,84.78006762149305,35.1399623236628,34.78006762149304,6,1721,1.189207115e-05,
3235,triangle,634,1673,633,,356880.93195086345,6954368.980057039,39152.06640625,87.35040472070193,86.62580114146408,37.350404720701924,36.62580114146408,6,1721,1.1693231298940716e-05,
3236,triangle,186,1664,185,,356699.40982549055,6956700.59017451,8304.7109375,108.47071087897284,111.12710569865158,58.470710878972845,61.127105698651576,6,1721,1.189207115e-05,
3237,triangle,1675,1680,1645,,356986.8240018526,6954940.254989172,98354.9619140625,101.13634306885486,100.15614639281841,51.136343068854856,50.156146392818414,6,1721,1.189207115e-05,
3238,triangle,635,1675,634,,357167.00550597644,6954489.087078978,52780.607421875,84.07024474109095,87.45227931298778,34.07024474109095,37.45227931298778,6,1721,1.1693231298940716e-05,
3239,triangle,197,1655,196,,356137.5,6956012.5,4218.75,87.48333295186359,87.52499834696452,37.4833329518636,37.524998346964516,6,1721,1.189207115e-05,
3240,triangle,202,1656,201,,356054.5918367347,6955619.642857143,3329.08154296875,84.49870283116306,84.50476030844851,34.49870283116305,34.50476030844852,6,1721,1.189207115e-05,
3241,triangle,205,1657,204,,355982.7988338193,6955409.948979591,3689.86865234375,83.0157616712587,83.10864064637786,33.01576167125871,33.10864064637786,6,1721,1.189207115e-05,
3242,triangle,213,1658,212,,356060.5834182538,6954808.765102111,4003.134765625,79.57307078144444,79.93850580021756,29.57307078144445,29.938505800217552,6,1721,1.189207115e-05,
3243,triangle,1669,1675,635,,357286.0577739438,6954650.648189736,61424.83203125,89.72336521858242,92.08756319253418,39.723365218582416,42.08756319253418,6,1721,1.189207115e-05,
3244,triangle,636,1674,1669,,357591.0799262067,6954724.105115796,45473.24609375,103.97001283460807,100.7983240329002,53.97001283460807,50.798324032900204,6,1721,1.189207115e-05,
3245,triangle,184,1664,183,,356812.4407865594,6956711.32349885,15331.60400390625,121.29040238139743,120.14361361272329,71.29040238139743,70.14361361272329,6,1721,1.149439144788143e-05,
3246,triangle,1654,1673,1659,,356630.9774900743,6954491.649199923,31952.78369140625,90.09276559815122,87.45975724630814,40.09276559815121,37.45975724630815,6,1721,1.189207115e-05,
3247,triangle,1674,1678,1653,,357776.858542063,6954980.943917099,40584.0517578125,106.91776625724847,110.79158748358424,56.91776625724848,60.79158748358424,6,1721,1.189207115e-05,
3248,triangle,1653,1665,1649,,357959.0462048426,6955311.602732067,101911.72802734375,126.25007704021267,123.7030279225483,76.25007704021266,73.70302792254832,6,1721,1.189207115e-05,
3249,triangle,1673,1675,1645,,356876.17114079883,6954708.917571736,58043.37451171875,94.446312044306,94.44900665345182,44.44631204430601,44.44900665345182,6,1721,1.189207115e-05,
3250,triangle,1677,1680,1644,,356898.3552786438,6955491.303453346,122739.55810546875,94.35548657246412,104.25076493785008,44.35548657246412,54.250764937850086,6,1721,1.189207115e-05,
3251,triangle,1648,1659,1645,,356534.5848482102,6954756.734008047,48883.8017578125,88.28221109855384,89.46331971428147,38.28221109855385,39.463319714281475,6,1721,1.189207115e-05,
3252,triangle,194,1670,193,,356222.7472765173,6956217.6481632935,5371.568359375,91.78268732855402,91.6734537406238,41.78268732855401,41.673453740623806,6,1721,1.189207115e-05,
3253,triangle,1648,1662,217,,356245.8870551313,6954660.658688621,19578.44287109375,80.43037401872348,80.57866613074201,30.43037401872347,30.578666130742004,6,1721,1.189207115e-05,
3254,triangle,1651,1668,639,,358661.8090690171,6955674.678434259,97495.19384765625,107.57185334314903,112.24984580143467,57.57185334314903,62.249845801434674,6,1721,1.189207115e-05,
3255,triangle,217,1679,1648,,356323.0174297339,6954627.718254824,14760.38818359375,78.72662307213912,79.73475308341101,28.726623072139127,29.734753083410993,6,1721,1.189207115e-05,
3256,triangle,183,1682,642,,357009.42025625467,6956592.772222598,22366.4501953125,129.40182037913476,128.44335881562515,79.40182037913476,78.44335881562516,6,1721,1.149439144788143e-05,
3257,triangle,1648,1679,1659,,356418.9450257393,6954649.454209226,16834.07421875,80.07343600136869,83.28535543440618,30.07343600136869,33.28535543440617,6,1721,1.189207115e-05,
3258,triangle,634,1675,1673,,356987.2097151242,6954522.223208658,47900.81005859375,89.39252493437861,89.69360220836354,39.392524934378606,39.69360220836356,6,1721,1.189207115e-05,
3259,triangle,197,1672,1655,,356194.6428571429,6955950.0,15970.98193359375,88.06904729207561,89.01547522771936,38.06904729207561,39.01547522771937,6,1721,1.189207115e-05,
3260,triangle,637,1678,176,,358001.5496815809,6954744.675943659,30413.3798828125,110.52701352425962,110.04924789838412,60.52701352425962,60.049247898384124,6,1721,1.189207115e-05,
3261,triangle,1654,1659,219,,356492.9094100687,6954441.1657878915,16317.49365234375,83.58126692848026,81.0412306510562,33.58126692848027,31.041230651056207,6,1721,1.189207115e-05,
3262,triangle,1666,1681,182,,357390.3844614569,6956338.087678301,61633.0869140625,139.7609604096817,136.67719856958533,89.76096040968169,86.67719856958531,6,1721,1.189207115e-05,
3263,triangle,176,1678,1674,,357856.8923430969,6954780.531939349,31426.05029296875,110.57879374507623,107.39525417046445,60.578793745076226,57.39525417046446,6,1721,1.189207115e-05,
3264,triangle,1645,1652,1648,,356512.63396343327,6954926.405498475,53866.8544921875,93.93457225058782,93.09945991292851,43.93457225058781,43.0994599129285,6,1721,1.189207115e-05,
3265,triangle,1659,1679,219,,356439.4917797811,6954513.098494447,15792.98095703125,79.3598015510033,78.30237758009476,29.359801551003297,28.302377580094745,6,1721,1.189207115e-05,
3266,triangle,1652,1677,1646,,356480.047999369,6955295.231806833,57735.37890625,91.84636919914152,91.68829934105183,41.84636919914151,41.68829934105183,6,1721,1.189207115e-05,
3267,triangle,218,1679,217,,356318.56418377574,6954516.362540045,6741.75634765625,73.5186096013407,74.68510957968552,23.518609601340692,24.685109579685506,6,1721,1.189207115e-05,
3268,triangle,1646,1676,1652,,356331.01541373174,6955172.685838883,40610.52392578125,86.52977019108346,90.02711788922579,36.529770191083465,40.0271178892258,6,1721,1.189207115e-05,
3269,triangle,1659,1673,1645,,356693.1996822576,6954670.861705297,48305.19677734375,86.14149403339033,90.89886845522199,36.141494033390344,40.898868455221994,6,1721,1.189207115e-05,
3270,triangle,1660,1671,189,,356419.4844729907,6956388.9445148995,8128.62548828125,96.98723554607164,96.774046084433,46.987235546071645,46.774046084432996,6,1721,1.189207115e-05,
3271,triangle,1670,1671,1660,,356392.231749508,6956306.592678193,9712.3896484375,95.31405755646138,96.01416801760236,45.31405755646138,46.01416801760237,6,1721,1.189207115e-05,
3272,triangle,1656,1657,1646,,356149.89067055396,6955492.091836735,23611.06005859375,88.61201016389728,85.54673530541231,38.61201016389729,35.546735305412305,6,1721,1.189207115e-05,
3273,triangle,1652,1676,1648,,356347.9686596899,6954971.541553662,33019.09423828125,93.41083771141942,90.91009472628461,43.41083771141942,40.91009472628462,6,1721,1.189207115e-05,
3274,triangle,642,1682,1666,,357086.5257866678,6956447.407892078,33073.52197265625,125.31452145741699,127.66430023834407,75.31452145741697,77.66430023834405,6,1721,1.189207115e-05,
3275,triangle,1653,1678,1665,,357914.5522279002,6955074.230840717,55107.828125,114.34447839772513,117.3967155084624,64.34447839772514,67.3967155084624,6,1721,1.189207115e-05,
3276,triangle,1649,1667,1663,,357891.71869390627,6955858.052211174,134211.7197265625,134.1823546975553,131.20233679070492,84.18235469755531,81.2023367907049,6,1721,1.189207115e-05,
3277,triangle,1644,1666,1650,,356935.00432030903,6956140.124899591,83036.30126953125,117.08520458104198,114.93129775676152,67.08520458104198,64.93129775676154,6,1721,1.189207115e-05,
3278,triangle,186,1683,1664,,356661.3107915788,6956614.410177089,15041.87109375,108.43918645648701,109.69610404725351,58.439186456487,59.696104047253506,6,1721,1.189207115e-05,
3279,triangle,1671,1683,189,,356493.88543907885,6956440.264517479,15514.45654296875,99.85119749037275,99.70137802068142,49.851197490372755,49.70137802068141,6,1721,1.189207115e-05,
3280,triangle,641,1681,1667,,357866.4039779272,6956278.287457543,69234.2822265625,144.9065670253766,143.84409658992183,94.90656702537659,93.84409658992183,6,1721,1.189207115e-05,
3281,triangle,1665,1668,1649,,358228.10172464343,6955383.314286523,105900.701171875,125.50462520595809,124.51687564187365,75.50462520595809,74.51687564187367,6,1721,1.189207115e-05,
3282,triangle,1664,1683,1650,,356713.2232557149,6956484.115505736,30198.43505859375,110.93265098319755,111.36481239990349,60.93265098319755,61.364812399903485,6,1721,1.189207115e-05,
3283,triangle,1663,1681,1666,,357438.4251130996,6956112.090059392,93209.939453125,130.3440258959638,130.09779777030226,80.34402589596381,80.09779777030225,6,1721,1.189207115e-05,
3284,triangle,1645,1677,1652,,356626.75200561556,6955131.374145699,59542.7958984375,99.32310955915409,95.01804037590561,49.32310955915408,45.018040375905606,6,1721,1.189207115e-05,
3285,triangle,1653,1680,1669,,357421.08843999443,6955083.887789242,109263.18994140625,108.90530929379275,105.82656924083444,58.90530929379277,55.82656924083445,6,1721,1.189207115e-05,
3286,triangle,1664,1682,183,,356886.4483258927,6956597.707818787,17832.9931640625,125.30722230017294,123.3293010338765,75.30722230017294,73.3293010338765,6,1721,1.149439144788143e-05,
3287,triangle,221,1654,220,,356471.9818140633,6954294.4298334895,7471.310546875,77.11461585663699,77.79063135181883,27.114615856637002,27.790631351818842,6,1721,1.189207115e-05,
3288,triangle,188,1683,187,,356536.90096608823,6956563.820002579,5409.1083984375,101.92927512318502,101.7356650152686,51.929275123185015,51.7356650152686,6,1721,1.189207115e-05,
3289,triangle,195,1655,194,,356162.5,6956112.5,5625.0,89.20000245836046,89.49166806538899,39.20000245836046,39.491668065389,6,1721,1.189207115e-05,
3290,triangle,200,1656,199,,356079.5918367347,6955719.642857143,6744.259765625,84.70014321537654,85.37142900962039,34.70014321537654,35.37142900962039,6,1721,1.189207115e-05,
3291,triangle,203,1657,202,,356007.7988338193,6955509.948979591,5383.10888671875,83.65028695293803,83.74197194520599,33.65028695293803,33.74197194520598,6,1721,1.189207115e-05,
3292,triangle,211,1658,210,,356085.5834182538,6954908.765102111,5829.560546875,79.01255381705985,79.93850580021756,29.012553817059853,29.938505800217552,6,1721,1.189207115e-05,
3293,triangle,1645,1680,1677,,356851.49623544625,6955171.787530336,112885.22607421875,104.6700096943204,99.65696365225563,54.670009694320406,49.656963652255634,6,1721,1.189207115e-05,
3294,triangle,1656,1672,199,,356161.7346938776,6955757.142857143,14492.984375,87.00058408983963,87.56190538174894,37.00058408983964,37.561905381748936,6,1721,1.189207115e-05,
3295,triangle,1658,1676,210,,356155.12212075695,6954952.5434961645,9158.79833984375,84.24951126890195,83.6455472978415,34.24951126890195,33.64554729784151,6,1721,1.189207115e-05,
3296,triangle,1669,1674,1653,,357608.6674154587,6954954.916400112,54937.63232421875,100.25762561967657,104.83202549102079,50.257625619676574,54.8320254910208,6,1721,1.189207115e-05,
3297,triangle,1650,1682,1664,,356838.43751371326,6956469.787507846,29302.52001953125,118.03169571083765,117.24657242675391,68.03169571083765,67.24657242675391,6,1721,1.189207115e-05,
3298,triangle,1651,1667,1649,,358226.14674713043,6955881.207895043,123076.2744140625,132.722456494191,130.95433023510412,82.722456494191,80.95433023510411,6,1721,1.189207115e-05,
3299,triangle,191,1670,1660,,356310.2472765173,6956330.1481632935,8398.58837890625,94.09368818685122,94.64845602944216,44.093688186851224,44.648456029442166,6,1721,1.189207115e-05,
3300,triangle,1649,1668,1651,,358369.5343886583,6955648.136870988,112261.173828125,118.91581260298153,122.92435787647968,68.91581260298153,72.92435787647968,6,1721,1.189207115e-05,
3301,triangle,190,1660,189,,356362.5,6956437.5,4218.75,95.9749984741211,95.84166590372722,45.974998474121094,45.84166590372721,6,1721,1.189207115e-05,
3302,triangle,196,1655,195,,356137.5,6956062.5,4218.75,88.2750015258789,88.55833371480306,38.275001525878906,38.55833371480306,6,1721,1.189207115e-05,
3303,triangle,201,1656,200,,356054.5918367347,6955669.642857143,3329.08203125,84.4546792364282,84.97142748374148,34.454679236428206,34.971427483741486,6,1721,1.189207115e-05,
3304,triangle,204,1657,203,,355982.7988338193,6955459.948979591,3689.86865234375,83.37003003519325,83.67530629579193,33.370030035193246,33.67530629579192,6,1721,1.189207115e-05,
3305,triangle,206,1661,205,,355986.7164723032,6955307.908163265,4130.60302734375,81.60016860081689,81.5623519978269,31.600168600816883,31.562351997826898,6,1721,1.189207115e-05,
3306,triangle,212,1658,211,,356060.5834182538,6954858.765102111,4003.134765625,79.0100938503355,79.57183964217718,29.0100938503355,29.571839642177185,6,1721,1.189207115e-05,
3307,triangle,214,1662,213,,356066.4338091731,6954699.302973841,4661.30322265625,78.52214688858037,78.49568980230949,28.522146888580366,28.495689802309485,6,1721,1.189207115e-05,
3308,triangle,220,1654,219,,356446.9818140633,6954344.4298334895,5285.4541015625,77.54549035096392,77.5572964926066,27.54549035096391,27.5572964926066,6,1721,1.189207115e-05,
3309,triangle,191,1660,190,,356312.5,6956412.5,5625.0,94.85833358764648,94.74166742960612,44.858333587646484,44.74166742960612,6,1721,1.189207115e-05,
3310,triangle,207,1661,206,,356011.7164723032,6955257.908163265,5020.271484375,80.73950890228855,80.7623514892006,30.73950890228855,30.762351489200597,6,1721,1.189207115e-05,
3311,triangle,215,1662,214,,356091.4338091731,6954649.302973841,4582.8876953125,77.09391092542629,77.26235494309725,27.09391092542629,27.262354943097247,6,1721,1.189207115e-05,
3312,triangle,1667,1681,1663,,357745.1368350396,6956068.169202064,96866.42626953125,135.00990040765367,134.62718856933125,85.00990040765369,84.62718856933125,6,1721,1.189207115e-05,
3313,triangle,1655,1670,194,,356235.2472765173,6956155.1481632935,9050.0625,91.56633840834812,91.66512180601279,41.56633840834811,41.6651218060128,6,1721,1.189207115e-05,
3314,triangle,1666,1682,1650,,356966.0564949515,6956346.458642404,35571.990234375,118.62255539012854,119.09184765372531,68.62255539012853,69.09184765372531,6,1721,1.189207115e-05,
3315,triangle,1650,1683,1671,,356620.7979032151,6956384.969846126,27552.56689453125,103.95947974652573,103.93675456587697,53.95947974652574,53.93675456587696,6,1721,1.189207115e-05,
3316,triangle,205,1661,1657,,356019.5153061224,6955367.857142858,8297.080078125,83.28739250660044,82.90432496028548,33.28739250660044,32.904324960285486,6,1721,1.189207115e-05,
3317,triangle,213,1662,1658,,356102.0172274269,6954758.068075952,10410.322265625,81.57907552299503,80.46752842723407,31.579075522995026,30.46752842723407,6,1721,1.189207115e-05,
3318,triangle,1657,1661,1646,,356132.0153061224,6955380.357142857,18268.95068359375,85.89848737312258,84.10432445165918,35.898487373122585,34.10432445165918,6,1721,1.189207115e-05,
3319,triangle,1648,1676,1658,,356234.57536671514,6954888.899210945,22023.10009765625,89.5225670745105,86.695190801567,39.522567074510505,36.695190801566994,6,1721,1.189207115e-05,
3320,triangle,1655,1672,1647,,356331.86602296564,6956001.337528922,34879.70703125,95.7721029960176,95.2522846557912,45.772102996017594,45.25228465579121,6,1721,1.189207115e-05,
3321,triangle,1647,1670,1655,,356347.47044234,6956131.485692215,22553.1640625,97.07471335225316,96.4685968834987,47.07471335225316,46.4685968834987,6,1721,1.189207115e-05,
3322,triangle,1658,1662,1648,,356206.4704733851,6954769.423790733,17838.1923828125,86.82286321209409,83.55050475566658,36.82286321209409,33.55050475566659,6,1721,1.189207115e-05,
3323,triangle,633,221,175,,356572.621290286,6954207.698031881,10477.48486328125,82.48361306140174,77.77699925336718,32.48361306140175,27.776999253367183,6,1721,1.1096711745762857e-05,
