$MeshFormat
2.2 0 8
$EndMeshFormat
$PhysicalNames
4
1 2 "boundary::domain"
1 3 "geology::active_interfaces"
1 4 "river::trace"
2 1 "zone::domain"
$EndPhysicalNames
$Nodes
2133
1 225787.5 6845437.5 0
2 225787.5 6875587.5 0
3 241387.5 6875587.5 0
4 241387.5 6845437.5 0
5 230550 6864975 0
6 230475 6864900 0
7 230475 6864825 0
8 230400 6864825 0
9 230325 6864750 0
10 230250 6864675 0
11 230175 6864675 0
12 230100 6864675 0
13 230059.9314943229 6864634.931494323 0
14 231437.4197527257 6864768.697985953 0
15 231721.8367583535 6864825 0
16 231675 6864825 0
17 231600 6864900 0
18 231525 6864900 0
19 231525 6864975 0
20 231450 6865050 0
21 231375 6865050 0
22 231300 6865050 0
23 231225 6865050 0
24 231150 6865050 0
25 231075 6865050 0
26 231000 6865050 0
27 230925 6865050 0
28 230850 6865050 0
29 230775 6865050 0
30 230700 6864975 0
31 230625 6864975 0
32 231750 6864825 0
33 231825 6864825 0
34 231850.4621506465 6864850.462150646 0
35 232479.581424616 6864975 0
36 232425 6864975 0
37 232350 6864975 0
38 232275 6864975 0
39 232200 6864975 0
40 232125 6864975 0
41 232050 6864975 0
42 231975 6864900 0
43 231900 6864900 0
44 232500 6864975 0
45 232505.0395938914 6864980.039593891 0
46 232872.8103191433 6865052.841965513 0
47 233067.8692546872 6865007.130745313 0
48 235275 6864489.899175126 0
49 235275 6864525 0
50 235275 6864600 0
51 235275 6864675 0
52 235350 6864750 0
53 235425 6864825 0
54 235500 6864825 0
55 235575 6864900 0
56 235650 6864975 0
57 235650 6865050 0
58 235725 6865125 0
59 235800 6865125 0
60 235875 6865200 0
61 235950 6865275 0
62 236025 6865350 0
63 236099.5085839897 6865424.50858399 0
64 236100 6865425 0
65 236175 6865500 0
66 236250 6865575 0
67 236175 6865650 0
68 236100 6865725 0
69 236025 6865800 0
70 236025 6865860.446804309 0
71 236025 6865875 0
72 236025 6865950 0
73 236025 6866025 0
74 236025 6866100 0
75 236025 6866175 0
76 236025 6866250 0
77 236100 6866325 0
78 236100 6866400 0
79 236100 6866475 0
80 236175 6866550 0
81 236175 6866625 0
82 236175 6866700 0
83 236175 6866775 0
84 236175 6866850 0
85 236250 6866925 0
86 236250 6867000 0
87 236175 6867075 0
88 236175 6867150 0
89 236175 6867225 0
90 236175 6867300 0
91 236175 6867375 0
92 236175 6867450 0
93 236175 6867525 0
94 236175 6867600 0
95 236250 6867675 0
96 236250 6867750 0
97 236325 6867825 0
98 236400 6867900 0
99 236475 6867975 0
100 236550 6868050 0
101 236550 6868125 0
102 236625 6868200 0
103 236700 6868275 0
104 236700 6868350 0
105 236625 6868425 0
106 236625 6868500 0
107 236625 6868575 0
108 236700 6868650 0
109 236700 6868725 0
110 236775 6868800 0
111 236850 6868875 0
112 236925 6868950 0
113 237000 6868950 0
114 237075 6868950 0
115 237150 6869025 0
116 237225 6869025 0
117 237300 6869100 0
118 237375 6869100 0
119 237450 6869175 0
120 237525 6869175 0
121 237600 6869250 0
122 237675 6869325 0
123 237750 6869400 0
124 237750 6869475 0
125 237750 6869550 0
126 237750 6869625 0
127 237825 6869700 0
128 237825 6869775 0
129 237825 6869850 0
130 237900 6869925 0
131 237975 6870000 0
132 237937.5 6870037.5 0
133 237900 6870075 0
134 237862.5 6870112.5 0
135 237825 6870150 0
136 237750 6870150 0
137 237675 6870150 0
138 237600 6870225 0
139 237525 6870225 0
140 237450 6870225 0
141 237375 6870225 0
142 237300 6870225 0
143 237225 6870300 0
144 237150 6870375 0
145 237075 6870450 0
146 237000 6870525 0
147 237000 6870600 0
148 236925 6870675 0
149 236922.9209876328 6870677.079012367 0
150 236227.4179870989 6870419.031981218 0
151 234072.026427086 6869733.249507912 0
152 233552.3979419732 6869622.602058027 0
153 233625 6869550 0
154 233700 6869550 0
155 233775 6869550 0
156 233850 6869475 0
157 233925 6869475 0
158 234000 6869475 0
159 234075 6869400 0
160 234075 6869325 0
161 234075 6869250 0
162 234075 6869175 0
163 234075 6869100 0
164 234075 6869025 0
165 234075 6868950 0
166 234150 6868875 0
167 234150 6868800 0
168 234225 6868725 0
169 234300 6868725 0
170 234375 6868800 0
171 234450 6868800 0
172 234525 6868800 0
173 234600 6868800 0
174 234675 6868800 0
175 234750 6868725 0
176 234825 6868650 0
177 234900 6868650 0
178 234825 6868575 0
179 234750 6868575 0
180 234675 6868575 0
181 234600 6868500 0
182 234525 6868425 0
183 234525 6868350 0
184 234525 6868275 0
185 234525 6868200 0
186 234525 6868125 0
187 234600 6868050 0
188 234525 6867975 0
189 234450 6867900 0
190 234375 6867825 0
191 234300 6867825 0
192 234225 6867825 0
193 234150 6867750 0
194 234075 6867750 0
195 234000 6867675 0
196 234000 6867600 0
197 234000 6867525 0
198 234000 6867450 0
199 233925 6867450 0
200 233850 6867450 0
201 233775 6867525 0
202 233700 6867450 0
203 233625 6867375 0
204 233550 6867375 0
205 233475 6867300 0
206 233400 6867300 0
207 233325 6867225 0
208 233250 6867150 0
209 233175 6867075 0
210 233175 6867000 0
211 233100 6866925 0
212 233100 6866850 0
213 233025 6866775 0
214 233025 6866700 0
215 232950 6866625 0
216 232875 6866625 0
217 232875 6866550 0
218 232800 6866475 0
219 232800 6866400 0
220 232725 6866325 0
221 232725 6866250 0
222 232725 6866175 0
223 232725 6866100 0
224 232650 6866025 0
225 232650 6865950 0
226 232650 6865875 0
227 232650 6865800 0
228 232650 6865725 0
229 232725 6865650 0
230 232725 6865575 0
231 232725 6865500 0
232 232725 6865425 0
233 232725 6865350 0
234 232650 6865275 0
235 232650 6865200 0
236 232650 6865125 0
237 232575 6865050 0
238 231300 6867975 0
239 231375 6867975 0
240 231450 6867975 0
241 231525 6867900 0
242 231600 6867825 0
243 231675 6867750 0
244 231750 6867675 0
245 231825 6867675 0
246 231900 6867600 0
247 231975 6867600 0
248 232050 6867675 0
249 232125 6867675 0
250 232200 6867750 0
251 232275 6867750 0
252 232350 6867825 0
253 232425 6867825 0
254 232500 6867825 0
255 232575 6867825 0
256 232650 6867825 0
257 232603.8982001599 6867778.89820016 0
258 232935.1363686717 6867886.670479061 0
259 233602.9662848251 6868189.993974918 0
260 232925.8103098722 6868118.201482126 0
261 232875 6868118.462088402 0
262 231072.2918143701 6868127.70818563 0
263 231075 6868125 0
264 231150 6868050 0
265 231225 6867975 0
266 232725 6865275 0
267 232800 6865275 0
268 232875 6865200 0
269 232950 6865125 0
270 233025 6865050 0
271 234975 6868650 0
272 234975 6868725 0
273 235050 6868800 0
274 235125 6868800 0
275 235200 6868800 0
276 235275 6868800 0
277 235350 6868800 0
278 235425 6868800 0
279 235500 6868800 0
280 235575 6868800 0
281 235650 6868800 0
282 235725 6868800 0
283 235800 6868875 0
284 235875 6868875 0
285 235950 6868875 0
286 236025 6868875 0
287 236100 6868875 0
288 236175 6868875 0
289 236250 6868875 0
290 236325 6868875 0
291 236400 6868875 0
292 236475 6868875 0
293 236550 6868875 0
294 236625 6868875 0
295 236700 6868875 0
296 235025.0885831377 6865589.342533163 0
297 232875 6868050 0
298 232800 6867975 0
299 232800 6867900 0
300 232725 6867825 0
301 233700 6849825 0
302 233775 6849900 0
303 233850 6849975 0
304 233925 6850050 0
305 233925 6850125 0
306 233925 6850200 0
307 233925 6850275 0
308 234000 6850350 0
309 234000 6850425 0
310 234075 6850500 0
311 234075 6850575 0
312 234150 6850650 0
313 234225 6850725 0
314 234300 6850800 0
315 234375 6850800 0
316 234450 6850875 0
317 234450 6850950 0
318 234450 6851025 0
319 234450 6851100 0
320 234450 6851175 0
321 234375 6851250 0
322 234300 6851325 0
323 234225 6851325 0
324 234150 6851400 0
325 234075 6851475 0
326 234000 6851550 0
327 233925 6851625 0
328 233850 6851625 0
329 233775 6851700 0
330 233775 6851775 0
331 233775 6851850 0
332 233850 6851925 0
333 233850 6852000 0
334 233850 6852075 0
335 233775 6852150 0
336 233775 6852225 0
337 233850 6852300 0
338 233850 6852375 0
339 233850 6852450 0
340 233850 6852525 0
341 233850 6852600 0
342 233925 6852675 0
343 233850 6852750 0
344 233775 6852825 0
345 233700 6852900 0
346 233700 6852975 0
347 233700 6853050 0
348 233625 6853125 0
349 233550 6853200 0
350 233550 6853275 0
351 233475 6853350 0
352 233400 6853425 0
353 233325 6853500 0
354 233325 6853575 0
355 233250 6853650 0
356 233175 6853725 0
357 233175 6853800 0
358 233175 6853875 0
359 233100 6853950 0
360 233100 6854025 0
361 233100 6854100 0
362 233100 6854175 0
363 233100 6854250 0
364 233100 6854325 0
365 233100 6854400 0
366 233100 6854475 0
367 233025 6854550 0
368 233025 6854625 0
369 233025 6854700 0
370 233100 6854775 0
371 233100 6854850 0
372 233100 6854925 0
373 233175 6855000 0
374 233100 6855075 0
375 233025 6855150 0
376 233025 6855225 0
377 232950 6855300 0
378 232875 6855375 0
379 232800 6855375 0
380 232725 6855375 0
381 232650 6855375 0
382 232575 6855375 0
383 232500 6855375 0
384 232425 6855450 0
385 232350 6855525 0
386 232275 6855600 0
387 232275 6855675 0
388 232200 6855750 0
389 232200 6855825 0
390 232200 6855900 0
391 232200 6855975 0
392 232200 6856050 0
393 232200 6856125 0
394 232200 6856200 0
395 232200 6856275 0
396 232200 6856350 0
397 232125 6856425 0
398 232050 6856500 0
399 232050 6856575 0
400 231975 6856650 0
401 231975 6856725 0
402 231900 6856800 0
403 231825 6856875 0
404 231750 6856875 0
405 231675 6856875 0
406 231675 6856950 0
407 231675 6857025 0
408 231675 6857100 0
409 231675 6857175 0
410 231600 6857250 0
411 231525 6857325 0
412 231525 6857400 0
413 231450 6857475 0
414 231450 6857550 0
415 231450 6857625 0
416 231525 6857700 0
417 231525 6857775 0
418 231600 6857850 0
419 231600 6857925 0
420 231675 6858000 0
421 231675 6858075 0
422 231675 6858150 0
423 231675 6858225 0
424 231750 6858300 0
425 231750 6858375 0
426 231750 6858450 0
427 231825 6858525 0
428 231825 6858600 0
429 231825 6858675 0
430 231825 6858750 0
431 231825 6858825 0
432 231825 6858900 0
433 231750 6858975 0
434 231675 6859050 0
435 231675 6859125 0
436 231600 6859200 0
437 231525 6859275 0
438 231450 6859350 0
439 231375 6859425 0
440 231375 6859500 0
441 231450 6859575 0
442 231450 6859650 0
443 231450 6859725 0
444 231375 6859800 0
445 231300 6859875 0
446 231225 6859950 0
447 231150 6859950 0
448 231075 6860025 0
449 231000 6860025 0
450 231000 6860100 0
451 231075 6860175 0
452 231075 6860250 0
453 231075 6860325 0
454 231075 6860400 0
455 231075 6860475 0
456 231075 6860550 0
457 231075 6860625 0
458 231150 6860700 0
459 231075 6860775 0
460 231075 6860850 0
461 231075 6860925 0
462 231075 6861000 0
463 231075 6861075 0
464 231000 6861150 0
465 231000 6861225 0
466 231000 6861300 0
467 230925 6861375 0
468 230925 6861450 0
469 230925 6861525 0
470 230925 6861600 0
471 230925 6861675 0
472 230850 6861750 0
473 230775 6861825 0
474 230700 6861825 0
475 230625 6861900 0
476 230550 6861900 0
477 230475 6861900 0
478 230400 6861975 0
479 230325 6862050 0
480 230250 6862050 0
481 230175 6862125 0
482 230175 6862200 0
483 230175 6862275 0
484 230175 6862350 0
485 230100 6862425 0
486 230100 6862500 0
487 230100 6862575 0
488 230175 6862650 0
489 230175 6862725 0
490 230250 6862800 0
491 230250 6862875 0
492 230250 6862950 0
493 230325 6863025 0
494 234225 6853200 0
495 234225 6853275 0
496 234150 6853275 0
497 234075 6853275 0
498 234000 6853350 0
499 233925 6853425 0
500 233850 6853500 0
501 233775 6853575 0
502 233700 6853650 0
503 233700 6853725 0
504 233700 6853800 0
505 233625 6853875 0
506 233625 6853950 0
507 233550 6853950 0
508 233475 6853875 0
509 233400 6853800 0
510 233325 6853800 0
511 233250 6853800 0
512 231675 6854100 0
513 231750 6854175 0
514 231750 6854250 0
515 231750 6854325 0
516 231825 6854400 0
517 231825 6854475 0
518 231825 6854550 0
519 231825 6854625 0
520 231900 6854700 0
521 231975 6854775 0
522 232050 6854850 0
523 232125 6854925 0
524 232200 6855000 0
525 232275 6855075 0
526 232350 6855150 0
527 232425 6855225 0
528 232425 6855300 0
529 232425 6855375 0
530 232050 6855825 0
531 232125 6855900 0
532 230625 6856500 0
533 230700 6856575 0
534 230775 6856650 0
535 230775 6856725 0
536 230775 6856800 0
537 230775 6856875 0
538 230850 6856950 0
539 230850 6857025 0
540 230850 6857100 0
541 230925 6857175 0
542 230925 6857250 0
543 231000 6857325 0
544 231000 6857400 0
545 231075 6857475 0
546 231150 6857475 0
547 231225 6857550 0
548 231300 6857550 0
549 231375 6857625 0
550 232950 6856725 0
551 232875 6856725 0
552 232800 6856650 0
553 232800 6856575 0
554 232725 6856500 0
555 232650 6856425 0
556 232575 6856425 0
557 232500 6856500 0
558 232425 6856500 0
559 232350 6856500 0
560 232275 6856425 0
561 230250 6859050 0
562 230250 6859125 0
563 230250 6859200 0
564 230325 6859275 0
565 230400 6859350 0
566 230475 6859425 0
567 230550 6859500 0
568 230625 6859575 0
569 230700 6859575 0
570 230775 6859575 0
571 230850 6859650 0
572 230925 6859650 0
573 230925 6859725 0
574 231000 6859800 0
575 231000 6859875 0
576 231075 6859950 0
577 232875 6859200 0
578 232800 6859200 0
579 232725 6859200 0
580 232650 6859125 0
581 232575 6859050 0
582 232500 6859050 0
583 232425 6858975 0
584 232350 6858975 0
585 232275 6858900 0
586 232275 6858825 0
587 232200 6858825 0
588 232125 6858750 0
589 232050 6858750 0
590 231975 6858675 0
591 231900 6858675 0
592 232125 6859575 0
593 232050 6859575 0
594 231975 6859500 0
595 231900 6859500 0
596 231825 6859575 0
597 231750 6859575 0
598 231675 6859650 0
599 231600 6859650 0
600 231525 6859650 0
601 233175 6860475 0
602 233175 6860550 0
603 233175 6860625 0
604 233175 6860700 0
605 233100 6860775 0
606 233100 6860850 0
607 233025 6860925 0
608 233025 6861000 0
609 232950 6861075 0
610 232950 6861150 0
611 232875 6861225 0
612 232800 6861300 0
613 232725 6861375 0
614 232725 6861450 0
615 232650 6861525 0
616 232575 6861525 0
617 232500 6861600 0
618 232425 6861525 0
619 232350 6861450 0
620 232275 6861375 0
621 232200 6861375 0
622 232125 6861375 0
623 232050 6861375 0
624 231975 6861375 0
625 231900 6861450 0
626 231825 6861450 0
627 231750 6861450 0
628 231675 6861525 0
629 231600 6861600 0
630 231525 6861600 0
631 231450 6861600 0
632 231375 6861600 0
633 231300 6861600 0
634 231225 6861675 0
635 231150 6861675 0
636 231075 6861675 0
637 231000 6861675 0
638 234375 6861150 0
639 234375 6861225 0
640 234375 6861300 0
641 234300 6861375 0
642 234225 6861375 0
643 234150 6861450 0
644 234075 6861450 0
645 234075 6861525 0
646 234075 6861600 0
647 234000 6861675 0
648 233925 6861750 0
649 233850 6861825 0
650 233775 6861900 0
651 233700 6861900 0
652 233625 6861975 0
653 233550 6861975 0
654 233475 6862050 0
655 233400 6862050 0
656 233325 6862050 0
657 233250 6862125 0
658 233175 6862050 0
659 233100 6862050 0
660 233025 6862050 0
661 233025 6861975 0
662 232950 6861900 0
663 232875 6861825 0
664 232800 6861900 0
665 232725 6861825 0
666 232650 6861750 0
667 232650 6861675 0
668 232575 6861600 0
669 229725 6862350 0
670 229800 6862350 0
671 229875 6862275 0
672 229950 6862275 0
673 230025 6862350 0
674 232425 6862875 0
675 232350 6862950 0
676 232275 6862950 0
677 232200 6862950 0
678 232125 6862875 0
679 232050 6862800 0
680 231975 6862725 0
681 231900 6862725 0
682 231825 6862725 0
683 231750 6862725 0
684 231675 6862725 0
685 231600 6862800 0
686 231525 6862875 0
687 231450 6862875 0
688 231375 6862875 0
689 231300 6862875 0
690 231225 6862875 0
691 231150 6862950 0
692 231075 6862950 0
693 231000 6862950 0
694 230925 6862875 0
695 230850 6862875 0
696 230775 6862875 0
697 230700 6862950 0
698 230625 6862875 0
699 230550 6862875 0
700 230475 6862875 0
701 230400 6862950 0
702 230325 6862950 0
703 233250 6868950 0
704 233325 6868875 0
705 233325 6868800 0
706 233400 6868725 0
707 233400 6868650 0
708 233400 6868575 0
709 235500 6869775 0
710 235425 6869775 0
711 235350 6869700 0
712 235200 6869925 0
713 235275 6869850 0
714 235350 6869775 0
715 233204.9435997133 6848271.578008082 0
716 234034.1314009612 6848487.449924116 0
717 235299.1817477702 6848466.347069518 0
718 232747.6072037272 6849872.790334702 0
719 233411.171176319 6850436.432017445 0
720 234631.7992193287 6851105.854381179 0
721 235038.2263925975 6851302.249083584 0
722 235479.0300304186 6851585.721534016 0
723 235763.4921289876 6850405.350986644 0
724 234896.0904967632 6849541.019809729 0
725 234850.7869398 6849140.84107852 0
726 234919.0203372377 6848939.918738802 0
727 235378.7880311846 6848526.251910718 0
728 236943.0543276317 6864098.997838235 0
729 237483.2769348508 6863853.698980009 0
730 229183.4627630226 6866991.390497304 0
731 229763.5758830013 6867050.472655744 0
732 230227.5903530192 6867125.483732277 0
733 230974.6290282109 6867287.45778706 0
734 231863.5939295859 6867538.03139825 0
735 230130.6738101905 6868132.537748001 0
736 229711.5644668108 6868134.473182289 0
737 229648.2716783232 6869161.151462683 0
738 229952.6804767724 6869161.033094759 0
739 232333.7241857999 6869363.102921189 0
740 236312.1871943039 6865391.880137744 0
741 237202.7375565758 6865380.600019314 0
742 238041.7824065269 6865646.851591785 0
743 225787.5 6847447.5 0
744 225787.5 6849457.5 0
745 225787.5 6851467.5 0
746 225787.5 6853477.5 0
747 225787.5 6855487.5 0
748 225787.5 6857497.5 0
749 225787.5 6859507.5 0
750 225787.5 6861517.5 0
751 225787.5 6863527.5 0
752 225787.5 6865537.5 0
753 225787.5 6867547.5 0
754 225787.5 6869557.5 0
755 225787.5 6871567.5 0
756 225787.5 6873577.5 0
757 227737.5 6875587.5 0
758 229687.5 6875587.5 0
759 231637.5 6875587.5 0
760 233587.5 6875587.5 0
761 235537.5 6875587.5 0
762 237487.5 6875587.5 0
763 239437.5 6875587.5 0
764 241387.5 6873577.5 0
765 241387.5 6871567.5 0
766 241387.5 6869557.5 0
767 241387.5 6867547.5 0
768 241387.5 6865537.5 0
769 241387.5 6863527.5 0
770 241387.5 6861517.5 0
771 241387.5 6859507.5 0
772 241387.5 6857497.5 0
773 241387.5 6855487.5 0
774 241387.5 6853477.5 0
775 241387.5 6851467.5 0
776 241387.5 6849457.5 0
777 241387.5 6847447.5 0
778 239437.5 6845437.5 0
779 237487.5 6845437.5 0
780 235537.5 6845437.5 0
781 233587.5 6845437.5 0
782 231637.5 6845437.5 0
783 229687.5 6845437.5 0
784 227737.5 6845437.5 0
785 230335.4291460035 6864661.684792649 0
786 230610.926797684 6864688.438090974 0
787 230886.4244493646 6864715.191389301 0
788 231161.9221010451 6864741.944687626 0
789 232165.0217876312 6864912.731075323 0
790 232688.9249565173 6865016.440779703 0
791 233383.1736468748 6864933.240521001 0
792 233698.4780390623 6864859.350296688 0
793 234013.7824312499 6864785.460072376 0
794 234329.0868234374 6864711.569848063 0
795 234644.3912156249 6864637.679623751 0
796 234959.6956078125 6864563.789399439 0
797 236691.0866541215 6870591.063335317 0
798 236459.2523206102 6870505.047658267 0
799 235914.1820333368 6870319.369473911 0
800 235505.6541644281 6870189.387869848 0
801 235150.0694318559 6870076.251221316 0
802 234793.1522296472 6869962.690619968 0
803 234384.8168992061 6869832.770276007 0
804 233812.2121845296 6869677.925782969 0
805 232769.5172844158 6867832.78433961 0
806 233223.026133066 6868017.427918411 0
807 233220.8692131988 6868149.483808464 0
808 232574.5486357283 6868120.003104607 0
809 232274.0972714567 6868121.544120812 0
810 231973.645907185 6868123.085137016 0
811 231673.1945429134 6868124.62615322 0
812 231372.7431786417 6868126.167169426 0
813 235775.0221457844 6865792.670736522 0
814 235525.0442915689 6865724.894668736 0
815 235275.0664373533 6865657.11860095 0
816 235293.6935833507 6865548.134045869 0
817 235562.2985835637 6865506.925558576 0
818 235830.9035837767 6865465.717071284 0
819 233631.5986406784 6848382.653980304 0
820 234617.3373348829 6848477.721212484 0
821 233132.4675505029 6850199.696770913 0
822 233655.296784921 6850570.316490191 0
823 233899.4223935229 6850704.200962938 0
824 234143.5480021249 6850838.085435685 0
825 234387.6736107268 6850971.969908432 0
826 234817.5102596817 6851195.594110465 0
827 235301.1904783866 6849944.685805823 0
828 230601.1096906151 6867206.470759668 0
829 231340.0287151965 6867390.453438467 0
830 231630.5341253837 6867472.338549553 0
831 230547.9414040293 6869211.550551366 0
832 231143.2023312861 6869262.068007974 0
833 231738.463258543 6869312.585464582 0
834 236691.4541411302 6865387.076169033 0
835 237610.8550205162 6865510.106703651 0
836 236365.2332361516 6858067.128279883 0
837 238439.0791185797 6871931.55893792 0
838 231467.9405709257 6851659.862527979 0
839 228572.924430132 6857361.628768438 0
840 228759.2104162913 6860566.480480909 0
841 234525.7017786428 6859453.087473183 0
842 239212.5 6869193.75 0
843 238047.1044242844 6867755.595181158 0
844 234507.7702702703 6856051.013513514 0
845 230037.9090663584 6854833.295539744 0
846 231794.9021731203 6863764.038632081 0
847 234930.3937123257 6854493.408987882 0
848 235747.5673845413 6862607.407617792 0
849 233252.7277995088 6857940.834484842 0
850 229859.9890662374 6857859.545764374 0
851 228891.7710819694 6863628.224228096 0
852 229725 6865725 0
853 231684.375 6865987.5 0
854 232289.2302136597 6860540.869266864 0
855 233508.0882352941 6856016.911764706 0
856 230946.1124770682 6858296.401134347 0
857 232465.5140872225 6853607.261028728 0
858 232037.3567573317 6866744.072525274 0
859 236814.0715957226 6866723.785315763 0
860 234714.8959027591 6852107.388737326 0
861 230372.42317152 6860420.938477011 0
862 231152.8846153846 6855372.115384615 0
863 233847.315470154 6860554.075925106 0
864 232303.8694723537 6857560.351754506 0
865 229610.2971587336 6862946.464356246 0
866 231382.3150942109 6856199.842489664 0
867 237442.0971526522 6868265.428218247 0
868 232799.0110716859 6859869.634831998 0
869 233731.504288844 6854650.28785144 0
870 229711.6383015949 6861636.704168727 0
871 234186.9225225456 6863286.345045092 0
872 232078.0840092868 6862076.957172715 0
873 232410.9428920648 6854258.427159841 0
874 237562.5 6870832.5 0
875 234345.0991829362 6853959.936440925 0
876 231172.8658536585 6862275.914634147 0
877 232686.6092571841 6867077.302856667 0
878 232712.9813264303 6858509.413226565 0
879 233601.8648047874 6861039.042631371 0
880 232071.3934298209 6865540.681080481 0
881 233284.3857765003 6852465.788303168 0
882 232909.2373636446 6856029.056287149 0
883 236582.4448912333 6866008.258685155 0
884 231686.6193538311 6860810.011399026 0
885 230694.1959682703 6862364.151939461 0
886 236627.7067097985 6867274.105685685 0
887 238237.5 6869437.5 0
888 232245.8807441708 6866252.719342966 0
889 234321.87502406 6850041.476724078 0
890 232409.4911893985 6857012.861820191 0
891 232237.5 6858262.5 0
892 230562.5071016472 6860892.643857934 0
893 230442.7242306809 6861394.91330664 0
894 231334.8557663592 6854634.06060789 0
895 231366.4165330298 6863447.986711083 0
896 231156.1562482506 6856679.676917635 0
897 231385.9259812142 6858769.850887138 0
898 232979.5429916609 6862654.882741597 0
899 233314.4732587103 6861406.927980649 0
900 231589.162817289 6860293.779046868 0
901 232476.8817081608 6860989.120686102 0
902 234047.8931767802 6868291.14673979 0
903 231942.5519383577 6860013.012308967 0
904 232871.0437887756 6863916.209276854 0
905 231765.7838080287 6855300.287620543 0
906 233663.7711864407 6869108.262711864 0
907 235895.3431550725 6861237.577663389 0
908 232678.1540564693 6854957.119105943 0
909 233814.4173273751 6868620.263366941 0
910 230353.114282409 6856854.642452744 0
911 231442.1052631579 6861209.210526315 0
912 231013.0789568937 6859238.092924337 0
913 230604.751658648 6859967.235834689 0
914 230275.8160685173 6863843.689029926 0
915 236962.5 6867937.5 0
916 232908.8391138781 6853407.94061042 0
917 229778.2482615719 6862698.847202303 0
918 233304.9434841064 6851202.424189218 0
919 234138.8591167547 6849360.38988688 0
920 232751.0791942108 6868683.87981083 0
921 230106.0454933299 6865063.231326753 0
922 233500.8496892611 6854292.584137023 0
923 237094.2126204557 6868575.723631067 0
924 231291.8759032365 6857115.797435293 0
925 232050 6859162.5 0
926 234237.5 6851862.5 0
927 232544.7687272741 6856054.842714525 0
928 233440.4514857697 6855390.816375837 0
929 232312.5 6862462.5 0
930 233380.4381798098 6852917.604332363 0
931 231840.7076846853 6856143.783823326 0
932 231760.5666239831 6863148.792664881 0
933 235595.7284339036 6864542.702193983 0
934 238713.600704039 6870943.386310871 0
935 232432.2049439986 6859391.638686858 0
936 236280.9577662702 6864869.04223373 0
937 232034.1319652851 6857155.152089685 0
938 229912.5 6861975 0
939 228735.5875565705 6859049.511394326 0
940 237787.2552175076 6870436.970001618 0
941 230625 6859050 0
942 233636.2625804997 6861538.710087432 0
943 232720.5481284926 6872869.055895075 0
944 229944.4923226136 6872339.413897643 0
945 235489.3358373725 6872772.737961987 0
946 231812.4686348329 6865211.598421847 0
947 232920.5052677263 6867414.467424058 0
948 236305.979573347 6865909.308021828 0
949 236356.0823575929 6871832.814283541 0
950 233212.7426206833 6869262.615251859 0
951 236000.1425910419 6853328.161595372 0
952 234855.9401675836 6850638.323562513 0
953 230555.2876260923 6865273.270440495 0
954 236377.9908430641 6866338.674000153 0
955 236480.7500417878 6866771.571328941 0
956 236437.5 6867487.5 0
957 232416.9775114454 6865575.53018008 0
958 233587.5 6852412.5 0
959 232912.5 6853762.5 0
960 232794.5693369305 6854370.15452664 0
961 232570.8132613648 6855756.023089495 0
962 231712.5 6856612.5 0
963 231361.5544604638 6858118.150189058 0
964 231937.5 6858112.5 0
965 231464.9010292086 6858426.343172935 0
966 231627.14301584 6859920.369242771 0
967 230736.0495105947 6860281.362385283 0
968 230738.6614739909 6861173.944761062 0
969 230474.0326613784 6862537.525052681 0
970 229987.5 6862912.5 0
971 232010.2612518383 6854235.114434613 0
972 230514.3865506886 6857124.284848266 0
973 232912.5 6860587.5 0
974 232029.6565264818 6861707.497153455 0
975 231785.0382373899 6861205.699239372 0
976 231455.3493338771 6861970.723056098 0
977 234323.66102493 6861660.563892257 0
978 234377.8772698175 6862361.908875333 0
979 233345.8700733356 6861809.926665076 0
980 233137.5 6868612.5 0
981 232352.2284902111 6865330.082829141 0
982 234062.5722107621 6852969.14804916 0
983 234587.6228199842 6851621.469921377 0
984 234494.0571114921 6871520.406415514 0
985 233481.8260801605 6870846.737684537 0
986 238223.4388412438 6848981.830855684 0
987 231030.0623984461 6865761.305816539 0
988 231166.0714285714 6859623.214285715 0
989 233878.3521864748 6851150.858570716 0
990 232487.1123837508 6867558.030949016 0
991 230580.4110553311 6863155.319207658 0
992 232434.8969513601 6861272.860076471 0
993 238057.4649638336 6869720.801311031 0
994 237309.375 6870551.696428572 0
995 234320.6840950788 6868083.941123298 0
996 231388.3163883413 6867680.027498012 0
997 233612.5340862953 6850248.159727809 0
998 234112.5 6852487.5 0
999 233434.1615016831 6854783.540099224 0
1000 231983.8806346715 6855606.297936757 0
1001 231347.7520448539 6860571.970063699 0
1002 231343.4008722119 6860856.865331506 0
1003 230613.0302348994 6861625.299842797 0
1004 230954.7097407058 6861986.487517267 0
1005 234189.6279425121 6853554.842922154 0
1006 233975.3362071874 6853807.032191412 0
1007 231487.5 6854287.5 0
1008 232144.6389346981 6854487.282974076 0
1009 232115.6324813579 6855388.273768642 0
1010 230746.3327081277 6859310.97756062 0
1011 232837.5 6858937.5 0
1012 233384.3670318824 6862383.297777888 0
1013 233062.5 6862312.5 0
1014 231503.8109756098 6862549.216945921 0
1015 230231.4182286241 6848122.378169389 0
1016 228279.6621442627 6862277.00217273 0
1017 229679.9059596306 6859740.825273366 0
1018 236543.0591225647 6849240.694845343 0
1019 231120.8333333333 6861475 0
1020 229893.75 6862537.5 0
1021 230762.6470189177 6867737.647018918 0
1022 233412.4937654145 6854083.293343825 0
1023 234101.1925008778 6851131.213475573 0
1024 235213.4526245847 6861387.013116476 0
1025 238135.905183019 6868731.550059924 0
1026 233209.4848240274 6849139.922499925 0
1027 237202.0918745043 6862101.007167934 0
1028 238366.1603781219 6852144.145450644 0
1029 233307.7668466914 6852000.535143371 0
1030 235665.0203854431 6849311.053362352 0
1031 233516.875 6853654.375 0
1032 233896.6608120596 6853163.10779186 0
1033 231701.7857142857 6859280.357142857 0
1034 236466.4159561493 6846977.578515522 0
1035 233925.1412429379 6869342.584745763 0
1036 232576.0013680994 6855227.251940817 0
1037 230324.3228629649 6862246.417699214 0
1038 234187.5 6861187.5 0
1039 238335.0332463886 6870353.329615223 0
1040 236760.995327557 6868509.465453884 0
1041 233700.1066827723 6852000.066892921 0
1042 233153.3494287818 6854654.192512403 0
1043 231615.845959596 6857565.340909091 0
1044 231328.2639892485 6857418.421937255 0
1045 230216.9819405429 6862496.430343986 0
1046 231079.4581748205 6862769.252736093 0
1047 230446.4664850233 6853089.608637607 0
1048 229483.8129092554 6859202.291986881 0
1049 232832.4968434343 6861572.190656566 0
1050 231921.8686190477 6870796.322037038 0
1051 230547.1153846154 6857532.692307692 0
1052 229537.0749663014 6856048.146102069 0
1053 234267.7575836654 6857210.321981525 0
1054 232850.661518952 6864569.499072655 0
1055 233284.4332288775 6867686.443702785 0
1056 228889.7485089895 6864988.938503408 0
1057 233768.316553721 6858938.45477804 0
1058 232909.9245182349 6857383.879339133 0
1059 227354.5113685677 6868761.157181712 0
1060 237751.2918563984 6855144.788255268 0
1061 235703.1912489785 6863626.714090413 0
1062 232231.6703298658 6850926.324963757 0
1063 234427.3619715743 6868606.696428572 0
1064 231561.525974026 6859486.85064935 0
1065 232642.96875 6856579.1015625 0
1066 232404.1643727274 6856344.234271453 0
1067 230850 6863062.5 0
1068 235079.891871968 6853226.506923281 0
1069 233926.609703021 6851788.392857143 0
1070 232429.3646714927 6863570.72687375 0
1071 235378.2237741723 6871043.469974003 0
1072 233774.7868175571 6853341.260999169 0
1073 237168.5445617859 6873450.494295186 0
1074 238128.4706373537 6864594.23266943 0
1075 231188.2106413994 6860083.190597667 0
1076 234893.7936096187 6858032.400117677 0
1077 232959.8037726901 6870121.029764934 0
1078 230665.1332970338 6870412.145020829 0
1079 229791.7100003406 6870331.686628029 0
1080 232950 6855000 0
1081 232277.3749207081 6862788.8003463 0
1082 234875.6675189295 6860355.307802733 0
1083 231787.5 6864334.465648855 0
1084 227915.1367017427 6854363.829672969 0
1085 228767.3617358662 6850784.417894298 0
1086 230174.2844730334 6859829.863786636 0
1087 231166.6071428571 6859812.321428572 0
1088 234562.5 6868662.5 0
1089 231951.6809402332 6858865.91654519 0
1090 230045.211038961 6862144.218975469 0
1091 234953.4774648011 6863827.57671637 0
1092 234342.3047058489 6870703.190100099 0
1093 232190.625 6856534.5703125 0
1094 231450.3442023609 6853141.681657979 0
1095 232157.7445523886 6867326.259471189 0
1096 236487.9577120403 6871285.669779344 0
1097 233605.8189222929 6867769.794112405 0
1098 232069.066363896 6864562.102854451 0
1099 232889.8418162567 6863253.92394444 0
1100 234614.4488209258 6850902.289381891 0
1101 239549.4434854987 6862722.09845226 0
1102 232602.6349504364 6864849.980734596 0
1103 231207.3452767903 6857842.257331915 0
1104 240039.9406257657 6866691.40885576 0
1105 233553.9713384611 6870252.951637845 0
1106 233700 6852675 0
1107 231092.3699949852 6864026.298138025 0
1108 233595.4348980834 6859754.52208929 0
1109 234319.1069165111 6846830.756138942 0
1110 230651.110005936 6866335.949176138 0
1111 233976.716048788 6864026.836415559 0
1112 231495.4474231379 6854982.195104869 0
1113 230863.0913732062 6865405.81765556 0
1114 232254.4807258353 6865856.122690896 0
1115 232093.7949188402 6860991.118667157 0
1116 231917.7412542613 6857793.691399002 0
1117 231111.9366807321 6853642.564904869 0
1118 233862.5 6867637.5 0
1119 236132.4699525941 6865840.944980682 0
1120 235928.0751806543 6864699.602539982 0
1121 238066.289957174 6866651.809616264 0
1122 231121.5631184904 6868717.7829541 0
1123 233830.9426764654 6862371.718382361 0
1124 233219.6788485005 6856370.581718401 0
1125 232739.2201586557 6859577.016853588 0
1126 236172.0527558844 6865227.307034635 0
1127 232183.2394230063 6868826.256419252 0
1128 231933.0645023349 6865018.336133504 0
1129 232723.738328904 6862262.581333481 0
1130 232430.4141896029 6862038.979284462 0
1131 228477.230560186 6865832.502885097 0
1132 236732.0351985672 6863055.283864946 0
1133 234303.6131689965 6861924.595607519 0
1134 230662.5 6865087.5 0
1135 235771.4469347006 6864973.214057201 0
1136 236137.5 6866212.5 0
1137 236190.9884877847 6866412.667714308 0
1138 236296.7398018881 6866795.938761277 0
1139 236269.6428571429 6867112.5 0
1140 236269.8979591837 6867551.785714285 0
1141 237203.637517208 6868869.74623301 0
1142 237337.5 6868987.5 0
1143 237500 6869028.125 0
1144 237862.5 6869587.5 0
1145 237712.5 6870262.5 0
1146 233713.9346816786 6869433.154265433 0
1147 234024.4233385508 6868821.44565195 0
1148 234126.7588547033 6867885.65603154 0
1149 233415.1138714796 6867430.032283798 0
1150 233062.5 6867037.5 0
1151 232982.9296734743 6866896.702721031 0
1152 232901.0055615226 6866755.215082528 0
1153 232747.2325362389 6866656.037353102 0
1154 232675.4575785341 6866469.296814269 0
1155 232633.695211039 6866137.5 0
1156 232612.5 6865612.5 0
1157 232598.5898215765 6865399.161875824 0
1158 232082.4695895701 6867571.434532309 0
1159 232242.8394413989 6867625.329076787 0
1160 232386.2419708583 6867725.457606002 0
1161 234037.5 6850237.5 0
1162 233887.7985604282 6850393.479293384 0
1163 234153.1250034371 6850364.853817726 0
1164 234464.2655947924 6850430.934567003 0
1165 233962.5 6850537.5 0
1166 233892.1466973886 6852187.5 0
1167 233741.7091836735 6852348.214285715 0
1168 233362.5 6853687.5 0
1169 233062.5 6853837.5 0
1170 233212.5 6853987.5 0
1171 232990.1938810218 6854417.164932377 0
1172 232987.5 6854812.5 0
1173 232537.5 6855487.5 0
1174 232162.5 6855637.5 0
1175 232312.5 6855787.5 0
1176 232098.947114704 6856014.177127083 0
1177 231939.743954955 6856497.326260475 0
1178 232106.4732142857 6856691.057477678 0
1179 231780.8143498152 6856984.551196116 0
1180 231410.4489675727 6857735.817566041 0
1181 231649.3478689762 6857761.922051349 0
1182 231487.5 6857887.5 0
1183 231709.3958062539 6857894.685575059 0
1184 231572.8241065969 6858049.021455579 0
1185 231787.5 6858187.5 0
1186 231662.5879021318 6858360.906167562 0
1187 231869.1964285714 6858365.625 0
1188 231713.9870638477 6858555.518137551 0
1189 231944.7943239796 6858551.618303572 0
1190 231330.5958104396 6859643.504464285 0
1191 231562.5 6859762.5 0
1192 230951.8102491422 6860233.051769326 0
1193 230962.5 6861037.5 0
1194 231130.5788615124 6861206.710574267 0
1195 230911.3904146517 6861239.134965866 0
1196 231037.5 6861562.5 0
1197 230723.5889208313 6861962.001654483 0
1198 230566.0614267909 6861801.748284874 0
1199 230052.5821668873 6862693.947688583 0
1200 230287.5 6862687.5 0
1201 230156.9251283466 6862855.986081395 0
1202 230348.4375 6862848.214285715 0
1203 234112.5 6853162.5 0
1204 233587.5 6853762.5 0
1205 233730.3118888733 6853930.321308874 0
1206 231844.5676403281 6854271.97944138 0
1207 231713.8945082406 6854429.132950556 0
1208 230888.128188597 6856829.048665064 0
1209 230753.8409358127 6857017.754978323 0
1210 230975.7732446504 6857025.627055177 0
1211 230771.8346958738 6857223.176019183 0
1212 231038.3581913145 6857208.987415078 0
1213 230862.2262000582 6857381.799800819 0
1214 231119.4969448833 6857353.805159448 0
1215 231131.4325461317 6857601.83455532 0
1216 231274.8711317491 6857650.818242213 0
1217 232930.0476967266 6856611.739123462 0
1218 230737.5 6859687.5 0
1219 230919.2516671175 6859523.395616719 0
1220 231037.5 6859687.5 0
1221 230878.1124020074 6859840.990805783 0
1222 232572.9968877384 6858897.402204428 0
1223 232406.2489009229 6859101.89170422 0
1224 232397.4109485546 6858844.775177186 0
1225 232275.5502321413 6858678.488612628 0
1226 232115.2813431103 6858896.161154808 0
1227 232101.3074260202 6858611.267819366 0
1228 232094.9508239998 6859425.689781143 0
1229 231937.5 6859612.5 0
1230 231779.301948052 6859461.201298702 0
1231 231792.383152068 6859706.413982032 0
1232 233080.1020408163 6860651.785714285 0
1233 233273.1458649696 6860807.363233053 0
1234 233492.3574814637 6860630.970298556 0
1235 232987.5 6860812.5 0
1236 233181.2517782928 6860955.650977404 0
1237 232925 6860950 0
1238 233130.4938614072 6861132.435876472 0
1239 232594.4768463878 6861416.030617122 0
1240 232534.8037743907 6861752.889437249 0
1241 232012.5 6861487.5 0
1242 231862.5 6861337.5 0
1243 231365.0499048396 6861723.368599851 0
1244 234238.4247892757 6861490.125198894 0
1245 234110.5476884631 6861342.706164098 0
1246 233749.0985955874 6862043.39454657 0
1247 233579.2992503913 6861850.881301276 0
1248 233577.6172233189 6862112.894366386 0
1249 233441.7660989564 6861951.174146798 0
1250 233137.5 6861937.5 0
1251 231262.5 6862997.8730575 0
1252 231112.5 6863250 0
1253 230512.5 6862987.5 0
1254 233448.9896296302 6868857.742599159 0
1255 233287.5 6868687.5 0
1256 232875 6862031.25 0
1257 230394.4300171275 6855650.162963803 0
1258 230603.6708013478 6868556.714392873 0
1259 231477.8386730039 6866730.098280944 0
1260 232744.1433369291 6854045.557119202 0
1261 230738.7240760856 6860576.481514312 0
1262 231504.673414602 6865462.411884751 0
1263 229800.2793763121 6868655.232370893 0
1264 229535.0693758391 6864046.83282538 0
1265 233164.161271139 6855687.462739736 0
1266 233278.1786953103 6849751.3200067 0
1267 230013.9274740934 6863272.024780359 0
1268 231674.932685922 6862267.828387281 0
1269 231804.4782872593 6867064.310395616 0
1270 230868.75 6857606.25 0
1271 230110.8357935924 6861656.247214034 0
1272 233378.3003474452 6864278.861608837 0
1273 234314.8820382486 6872723.074781926 0
1274 232281.5108260002 6852542.106885955 0
1275 236639.7778450172 6867670.912134539 0
1276 234638.7154907064 6852749.504373832 0
1277 236831.7314350107 6851329.783008751 0
1278 228191.2047633149 6869739.614381123 0
1279 237913.7879635381 6859743.963037064 0
1280 232031.6949816653 6853887.624554097 0
1281 232519.7939330295 6865142.357001314 0
1282 231593.850422331 6848855.192386781 0
1283 232408.59375 6854716.40625 0
1284 235968.2189482157 6865052.737980792 0
1285 237715.4362400526 6869028.894562919 0
1286 233193.75 6867431.25 0
1287 232977.8958482053 6856429.781144964 0
1288 233002.669815861 6861370.761395173 0
1289 236887.886747383 6864705.963860822 0
1290 230954.5178571429 6856245.482142857 0
1291 229904.101363431 6867604.614056503 0
1292 229815.4270738394 6858543.071927768 0
1293 230206.4849678588 6864795.984434219 0
1294 235403.6826923344 6864675.021683078 0
1295 236362.5 6867712.5 0
1296 236673.254244595 6868094.177108413 0
1297 236823.812532654 6868699.175589282 0
1298 236995.9518100454 6868838.520779051 0
1299 237926.6215328373 6869807.695503028 0
1300 237338.8392857143 6870328.303571428 0
1301 237112.5 6870562.5 0
1302 237065.6767781303 6870739.533924689 0
1303 234346.9032493483 6867929.183492018 0
1304 233587.5 6867487.5 0
1305 231413.8588151369 6867875.585896298 0
1306 233812.5 6850087.5 0
1307 234196.214629229 6850546.39152357 0
1308 234351.3964552406 6850669.175725068 0
1309 234330.7561843411 6851139.851885141 0
1310 234261.4030218128 6851464.138403619 0
1311 233912.8208515553 6851512.820851555 0
1312 233643.75 6851493.75 0
1313 233428.7260152147 6851659.787611215 0
1314 233972.2805251133 6852547.790729195 0
1315 233812.5 6852937.5 0
1316 233586.4815795403 6853029.035002726 0
1317 233672.8271793892 6853214.487142094 0
1318 233444.0096693214 6853218.981054601 0
1319 233189.9332660937 6853279.334987682 0
1320 233431.1607142857 6853525.803571428 0
1321 233191.6114316937 6853544.646792904 0
1322 233213.6176329236 6854865.435015947 0
1323 233156.3095198228 6855187.456171743 0
1324 232927.806122449 6855183.673469388 0
1325 232322.750180857 6855413.467475848 0
1326 232386.8022102275 6855638.503848249 0
1327 232087.5 6856312.5 0
1328 231868.1777078507 6856719.260894354 0
1329 231569.2516964319 6857139.756776471 0
1330 231655.3390823321 6857345.852107077 0
1331 231704.4563584737 6858870.237376419 0
1332 231820.7458318149 6859088.596711006 0
1333 231556.0976877233 6859068.312577914 0
1334 231300.0320686665 6859086.838643292 0
1335 231156.1729598566 6860559.911677283 0
1336 231168.4320766239 6860844.56730137 0
1337 230808.3252079338 6861654.72498035 0
1338 230965.5316061945 6861779.379192724 0
1339 230512.5 6862012.5 0
1340 230288.6296759925 6861923.423065228 0
1341 229984.9375911079 6862443.709001457 0
1342 234112.5 6853387.5 0
1343 233807.3123300054 6853694.071741097 0
1344 233354.6867206768 6853891.661667978 0
1345 231673.3802986001 6854247.2182084 0
1346 231937.5 6854587.5 0
1347 232302.2979643133 6855251.938472035 0
1348 230650.567710567 6856686.196349387 0
1349 230367.101877194 6859169.054188731 0
1350 230667.1280692183 6859466.796712263 0
1351 232762.5 6859087.5 0
1352 232545.0540291573 6859155.777427509 0
1353 232826.4167829863 6861105.882336985 0
1354 232833.5621148746 6861401.442665922 0
1355 232221.4537077216 6861497.935013701 0
1356 231787.5 6861562.5 0
1357 231562.5 6861487.5 0
1358 233962.5 6861562.5 0
1359 233747.3754176419 6861780.605231031 0
1360 233401.9973758669 6862128.532024045 0
1361 233126.7857142857 6862130.357142857 0
1362 232762.5 6861712.5 0
1363 231931.6363388164 6862846.067710421 0
1364 231718.3092538484 6862836.214313068 0
1365 231485.3378546541 6862769.16207903 0
1366 233215.3813110602 6868817.78956298 0
1367 238827.8326411855 6870038.46319379 0
1368 234473.9980531225 6848900.836022415 0
1369 227295.251308672 6864333.527687741 0
1370 232381.8953504094 6856674.176796986 0
1371 234754.1338602377 6861303.866190486 0
1372 234683.9006217723 6874428.296650608 0
1373 229090.1312323443 6862582.295722305 0
1374 232918.3218946024 6850878.486701086 0
1375 234630.8129177143 6853234.97716192 0
1376 229965.5809529853 6859418.327164706 0
1377 236001.21575739 6870952.548219701 0
1378 235385.8020079996 6852421.715577792 0
1379 237300.0911828068 6871587.96628246 0
1380 234304.4408462046 6850854.812975099 0
1381 236365.6904873098 6855784.662838242 0
1382 236045.4916850135 6859708.989396061 0
1383 229171.9632541308 6861929.644293264 0
1384 232629.2213247821 6871598.316194807 0
1385 234148.9577563418 6849751.042243659 0
1386 233563.0693674519 6856708.235336723 0
1387 235698.3313147397 6850924.339842425 0
1388 227982.6234472773 6856005.613631322 0
1389 239386.6664317539 6865109.74781862 0
1390 234330.006550391 6855124.280076275 0
1391 235027.8962919501 6862000.438368901 0
1392 229884.6852810786 6859040.830253974 0
1393 232739.8797509774 6869240.254484102 0
1394 229891.8986605075 6864872.578598257 0
1395 231764.33990222 6867596.213551026 0
1396 237229.1152864035 6866005.283687521 0
1397 230124.0976470046 6856231.419982177 0
1398 229397.4614020281 6856959.681730877 0
1399 229693.75 6862100 0
1400 231975.926097964 6870046.815668922 0
1401 236162.3950256415 6864035.20963351 0
1402 226914.1406630697 6858501.635077124 0
1403 238837.7180275861 6857773.51037515 0
1404 227640.4981747929 6860020.650575841 0
1405 231978.75 6855146.25 0
1406 235854.7344037647 6848082.288901753 0
1407 235259.1923917996 6872069.562425304 0
1408 231516.8973929766 6872705.330280582 0
1409 235161.9826564036 6870654.172184359 0
1410 230112.3337628985 6854096.15888346 0
1411 228852.9617949874 6853342.679759039 0
1412 229483.4639804679 6866458.387420128 0
1413 235397.6547827419 6848972.587878992 0
1414 234084.2993563851 6870193.073132646 0
1415 231637.5 6855750 0
1416 233065.429998763 6861688.900956781 0
1417 232740.6932404896 6854650.66062068 0
1418 233277.2567118073 6859008.084038917 0
1419 230885.2171423928 6862676.371914373 0
1420 236905.8524478365 6868305.798715253 0
1421 233595.9240699482 6852228.872089311 0
1422 229256.5539813797 6867651.154773405 0
1423 231245.2723843713 6860273.025945672 0
1424 234884.2740204524 6863100.039712514 0
1425 233546.481354481 6862957.096136964 0
1426 231186.2523117563 6865353.277572493 0
1427 232107.08188215 6865142.498022407 0
1428 236414.2388757925 6866983.175136458 0
1429 232865.0246088913 6855593.607867516 0
1430 227941.7071258426 6848517.199293385 0
1431 231955.8225657562 6862433.996191758 0
1432 231427.8409090909 6856912.5 0
1433 232912.5 6857043.46508984 0
1434 233597.3065562604 6871818.31733372 0
1435 236503.9695348568 6865559.128358897 0
1436 230914.4616587233 6860835.341125923 0
1437 228849.5563469992 6868606.92086906 0
1438 232133.4960380213 6856884.240855303 0
1439 235311.5102279555 6856923.682512624 0
1440 234518.5085064237 6850719.287206079 0
1441 230220.1943353536 6864378.483805718 0
1442 235495.6106402485 6864192.618493715 0
1443 232123.0027982369 6847392.025645838 0
1444 233024.6511562263 6869626.638637622 0
1445 233586.9425102702 6860262.338646188 0
1446 232303.125 6861721.875 0
1447 228093.887619959 6873298.479338281 0
1448 230339.6969901144 6865118.55025263 0
1449 235275.0298515946 6855465.017798093 0
1450 239534.2671011103 6873762.622659864 0
1451 231385.9606648748 6857534.320322876 0
1452 233786.8470149254 6854248.041044776 0
1453 231364.2555512714 6860027.909261854 0
1454 237393.8355165462 6853608.238118883 0
1455 232237.5 6863253.453338522 0
1456 231698.4183791767 6864923.418379176 0
1457 234603.2243643155 6860619.984648342 0
1458 228130.4459213044 6867211.509965112 0
1459 231806.2894739034 6864588.813321754 0
1460 229823.8714109372 6869618.843709865 0
1461 235201.3660736769 6847446.91995897 0
1462 238251.6004286015 6869948.227640041 0
1463 235687.0796247223 6861967.573357344 0
1464 233227.1075287068 6859465.618065221 0
1465 231624.4155813732 6853756.725944101 0
1466 232706.25 6856818.75 0
1467 230437.5 6858630.927434515 0
1468 234461.9694678916 6861457.222410739 0
1469 230083.3797968482 6866550.177429943 0
1470 239965.7513061862 6870266.241951444 0
1471 232421.8862887097 6864642.536801237 0
1472 232317.7749721352 6864194.225594269 0
1473 237859.375 6869215.625 0
1474 233076.8487263054 6867229.848416963 0
1475 233997.1733112848 6861992.809023899 0
1476 232593.8560540931 6870949.957545873 0
1477 238009.977968266 6870311.240829342 0
1478 237488.173520462 6867152.37620333 0
1479 237515.9478278967 6868756.323235221 0
1480 233634.1028164804 6853483.929946325 0
1481 236324.3354715621 6862398.395016707 0
1482 231592.6027330202 6867627.00471958 0
1483 230700 6862700.284090909 0
1484 233996.1919977722 6852052.68716822 0
1485 233707.5263461049 6848916.491604053 0
1486 237446.4609855908 6864985.545422136 0
1487 230028.3612361256 6861078.613871166 0
1488 229611.721254462 6864520.588744744 0
1489 230433.7248547565 6865786.993698267 0
1490 233891.5776936579 6849685.83402466 0
1491 233654.2711126425 6849446.493003703 0
1492 234372.0502473388 6864318.136188726 0
1493 234219.8344459862 6860805.675417826 0
1494 234070.5337907983 6868626.152046101 0
1495 235022.4197325778 6851747.683046515 0
1496 230271.1594119312 6859510.183317629 0
1497 230491.0993633732 6859642.111848422 0
1498 233705.3591919457 6873644.285406551 0
1499 231418.1171116998 6864396.718601908 0
1500 230741.5183134628 6864252.896729288 0
1501 231962.1325050843 6867495.740162315 0
1502 231466.4359970244 6863122.588075701 0
1503 231872.4556844726 6854969.503452182 0
1504 231717.2085601416 6854807.791439858 0
1505 231276.031377406 6869933.559559251 0
1506 230186.2046550366 6851505.909710024 0
1507 236009.406481574 6848717.784450129 0
1508 229340.745845427 6854219.146033859 0
1509 231212.73247194 6871386.013820107 0
1510 239425.724316316 6854050.180219257 0
1511 229109.3960187757 6858162.412306734 0
1512 228068.4943647661 6858372.753032009 0
1513 231074.2434809535 6867858.001834352 0
1514 232082.3382408379 6859760.829509343 0
1515 232413.7894093341 6859726.350835385 0
1516 230932.4477445582 6866804.925235243 0
1517 231075.0725144285 6860094.458224252 0
1518 230964.7772011394 6859956.831800964 0
1519 232680.4161405724 6861607.865109428 0
1520 228386.7625630194 6861228.328322407 0
1521 234243.4148466366 6868558.341267028 0
1522 234357.4802314473 6868411.447405898 0
1523 239805.3470878198 6860677.389034349 0
1524 232072.1995810774 6862632.315381525 0
1525 238076.7717202012 6870139.271720201 0
1526 233335.7720991637 6868388.582871745 0
1527 230853.6940803629 6854238.369330817 0
1528 232502.3634761224 6863115.016615479 0
1529 234717.8571428571 6868657.142857143 0
1530 233262.5 6853737.5 0
1531 232125.9061872114 6855776.663054771 0
1532 230092.1730055659 6862288.459853638 0
1533 239676.9193435643 6850495.629998193 0
1534 233868.5329501822 6868946.499397285 0
1535 236188.1654765956 6865408.075238496 0
1536 235084.1231095595 6864279.269486393 0
1537 227399.9959490457 6861584.644026659 0
1538 233305.1339285714 6854437.5 0
1539 233242.3389408896 6859982.976678807 0
1540 235956.3531123676 6872238.934761444 0
1541 236561.9205319779 6852415.162539566 0
1542 230792.296448496 6863539.491297753 0
1543 235601.1690863963 6860624.807754876 0
1544 232785.4343159907 6852944.173034519 0
1545 236013.0131497259 6849845.999876627 0
1546 231764.670425928 6861892.822390163 0
1547 232501.0040456995 6866049.477433409 0
1548 232261.3455963935 6861204.345178097 0
1549 236151.8840707853 6854530.007078031 0
1550 236449.0284769821 6870860.27587144 0
1551 239554.8147979593 6847292.865917799 0
1552 233628.7359837452 6850945.981255081 0
1553 236175 6866062.5 0
1554 236325 6867262.5 0
1555 237900 6869437.5 0
1556 232575 6866287.5 0
1557 234071.6972272668 6850068.605066402 0
1558 232341.0652840913 6855955.123686288 0
1559 232075.3078284842 6856160.065850059 0
1560 231675 6858712.5 0
1561 231666.0992975426 6854575.867650528 0
1562 230897.0033621317 6856668.598641777 0
1563 230628.1197712532 6856851.941839716 0
1564 231375.5843628283 6861452.071508789 0
1565 229987.790557344 6857229.762756187 0
1566 234625.4099132641 6851319.789070804 0
1567 233393.1889631877 6869084.97549388 0
1568 236764.4176046213 6870885.23303135 0
1569 228671.352109576 6871110.265587265 0
1570 232430.8901122244 6868463.670860664 0
1571 231825.3082690386 6868491.966889325 0
1572 235660.7157719871 6870623.52128523 0
1573 233911.9864575605 6871271.293006768 0
1574 232496.2087591282 6867756.231125863 0
1575 230559.4265093699 6856136.270792226 0
1576 230857.7173263836 6854930.238850304 0
1577 233344.0559360847 6860475.558795664 0
1578 230870.6033963159 6856507.154696354 0
1579 238919.628621187 6868259.742243076 0
1580 232315.9437126625 6856148.898027782 0
1581 234075.1685263641 6856415.627137958 0
1582 234588.1010442784 6856716.494762966 0
1583 234485.2722972601 6870223.694662621 0
1584 233600.9170597457 6854075.706639083 0
1585 231395.1542877264 6865204.37944669 0
1586 232996.0117063971 6868348.468846743 0
1587 230876.5001459331 6860057.781799436 0
1588 238449.6807699474 6863776.118572036 0
1589 233592.8269104469 6847461.57011091 0
1590 233604.0566037736 6868687.5 0
1591 232437.0698319003 6854942.969191302 0
1592 233474.8843130487 6863619.878737957 0
1593 228486.3237196295 6863029.597847775 0
1594 227403.6036277539 6863107.006110071 0
1595 237117.3357568635 6872647.312824429 0
1596 236341.3135419668 6872866.5466298 0
1597 235949.8322266255 6874007.845221943 0
1598 232636.9176172891 6850392.452203715 0
1599 231685.3490808558 6849964.239805459 0
1600 237689.0723551106 6866058.861651177 0
1601 231737.0110378813 6862547.439546009 0
1602 233904.462867884 6867859.59523797 0
1603 230340.2825486004 6869872.320684185 0
1604 235342.3001561882 6859676.486508749 0
1605 231060.6205264232 6865185.691106513 0
1606 235079.1483688221 6850928.764788302 0
1607 233774.6724658712 6864474.808561672 0
1608 236340.9510330879 6866601.379918396 0
1609 233983.1212788266 6852330.760298255 0
1610 232968.8098330953 6854235.053796888 0
1611 230939.9065875155 6860411.199381274 0
1612 231187.0738676437 6861016.764819066 0
1613 230786.1414452696 6861429.75223209 0
1614 237535.6836879027 6870385.871250202 0
1615 231563.5275168005 6861725.450412869 0
1616 231170.4383049094 6861845.109125011 0
1617 231305.9246941061 6862712.649485027 0
1618 234542.2014644499 6851062.5 0
1619 238122.8470963483 6865169.296841124 0
1620 232764.4228958457 6852237.775830801 0
1621 232872.8474788347 6851545.197065088 0
1622 233632.1000529765 6869864.555169851 0
1623 239548.8960887071 6856065.766261358 0
1624 229366.1900951488 6865261.730672934 0
1625 229607.6122511587 6860367.468269762 0
1626 234070.8093379904 6851646.942497029 0
1627 227721.5685151514 6852329.181494599 0
1628 233554.2495901474 6857353.412991799 0
1629 232933.1582618174 6860273.202610907 0
1630 234109.7765940704 6871972.346960593 0
1631 234486.3045036486 6861243.636367285 0
1632 236792.3036332476 6850328.214382971 0
1633 234270.0067260771 6860102.009560705 0
1634 234393.4228913863 6850890.356576706 0
1635 228884.3132637766 6846855.343434336 0
1636 232041.7793475164 6863046.201119795 0
1637 235171.6272367288 6849308.351112369 0
1638 239657.6095874218 6872165.881669836 0
1639 233228.8721729059 6854206.359685106 0
1640 229997.2107309359 6871181.065327089 0
1641 234938.095973544 6872598.737352229 0
1642 233067.9924122318 6855394.191879261 0
1643 230119.2526146537 6861975.408893961 0
1644 231028.4447871018 6860704.568225184 0
1645 233560.7142857143 6853875 0
1646 232488.8953692775 6861503.206123425 0
1647 233246.6740146671 6861994.485333015 0
1648 230700 6862868.510782676 0
1649 231212.9418939656 6859462.828955114 0
1650 230654.3118778607 6868141.581664565 0
1651 236381.9739022473 6861672.626097539 0
1652 236801.0193853752 6860658.577282324 0
1653 230367.0944477235 6867622.486234936 0
1654 229598.5623991868 6863508.046870776 0
1655 232952.7622767857 6854062.5 0
1656 230978.076729918 6860596.79860667 0
1657 230887.5 6865197.655294643 0
1658 237460.5632143294 6864404.429259509 0
1659 234403.7225004723 6868248.076466998 0
1660 232511.0257430065 6865829.158108093 0
1661 232087.5 6861222.971638852 0
1662 233965.3493399372 6869135.335264987 0
1663 232762.5 6855225 0
1664 233162.1060012528 6864716.718937471 0
1665 230232.6630061617 6874028.95459567 0
1666 238037.4038482643 6870703.550864954 0
1667 234742.2403511502 6864228.209487047 0
1668 232741.0448891266 6867579.313191806 0
1669 234093.261603337 6864463.362217279 0
1670 235778.5739804189 6871559.160472555 0
1671 234852.6126338847 6849989.754652305 0
1672 231352.2794961469 6853964.779496147 0
1673 234191.9114762606 6852739.723046774 0
1674 232823.7446933528 6859365.66285552 0
1675 234390.4706343252 6853243.82692261 0
1676 234321.7118185384 6853042.811364899 0
1677 230116.820773837 6859138.987370602 0
1678 231473.0610019584 6868455.495841442 0
1679 232137.4361965822 6868405.304685414 0
1680 233186.8544380486 6871284.41028068 0
1681 231368.5543409233 6870549.963572104 0
1682 230546.7604424233 6859295.304743602 0
1683 236336.25 6865736.25 0
1684 233595.8308420705 6849997.156598954 0
1685 233976.6294132842 6853561.40780911 0
1686 232133.0704028068 6854709.749915322 0
1687 235668.8454785532 6864794.936585783 0
1688 234104.0745842019 6861767.161420613 0
1689 236533.8741665022 6865118.45474034 0
1690 228984.4378779499 6859824.537996847 0
1691 235389.5018421141 6853853.055761568 0
1692 232105.259119181 6853062.657295714 0
1693 230954.8509908191 6868063.56275917 0
1694 234782.7147109331 6870442.924036923 0
1695 231937.5 6859350 0
1696 230227.3505987107 6868776.380235604 0
1697 232644.5909106077 6856273.959712188 0
1698 229404.8404353479 6862263.066820581 0
1699 231060.0703941115 6864426.60990923 0
1700 230499.2169795299 6864406.9193465 0
1701 233321.7756640353 6848697.76566736 0
1702 233327.5603151056 6858548.966151254 0
1703 227302.5749748136 6850219.970735942 0
1704 231739.6372759231 6852478.132374642 0
1705 230841.1001322809 6852537.551756847 0
1706 234224.7701498845 6854495.190880259 0
1707 234526.1685743896 6849532.194345369 0
1708 233337.4264946457 6850757.8025499 0
1709 232676.9937561282 6861937.242865027 0
1710 240048.190597236 6852419.47198747 0
1711 232212.0035191507 6859053.091632197 0
1712 236873.1466908524 6865678.370165433 0
1713 237054.8068165611 6863535.430625955 0
1714 233892.76770282 6869937.355288753 0
1715 227221.8054242372 6865921.898541811 0
1716 231187.0243714184 6868366.430952265 0
1717 232683.4006233055 6857931.395761009 0
1718 236628.7303622283 6867903.997378495 0
1719 234288.9815280892 6852307.934305361 0
1720 230499.1275181953 6866804.601266654 0
1721 236237.0256987724 6870670.637199321 0
1722 236003.0362461921 6870582.179989562 0
1723 233943.7054462111 6849905.080222453 0
1724 237884.8867963464 6871354.349305381 0
1725 234439.7044617642 6863742.805507602 0
1726 233928.6672267954 6855671.548185365 0
1727 232726.0511283344 6868368.171865632 0
1728 234118.6079815277 6850716.434817517 0
1729 234861.7126194033 6870975.881095908 0
1730 233987.0384465419 6851320.499480595 0
1731 233180.3227558159 6856939.476836228 0
1732 231917.1414952235 6857440.976892803 0
1733 229289.213475579 6861126.151903288 0
1734 231246.3717577175 6867046.60390784 0
1735 232450.9601512639 6866625.769697242 0
1736 233027.1516376426 6868943.239144843 0
1737 229286.0558896103 6858739.321903927 0
1738 230398.0194017623 6858062.225553173 0
1739 233619.2466809184 6868452.92436628 0
1740 231548.8730862537 6867173.753357426 0
1741 230085.3797783558 6858853.294054826 0
1742 231582.1248811088 6865114.470435884 0
1743 240072.7125040827 6868395.567479421 0
1744 230261.2947770762 6869487.328182994 0
1745 231013.5123488726 6855892.312295527 0
1746 232280.5527170998 6863062.559290515 0
1747 238881.1149741659 6866261.015407594 0
1748 233450.0713441775 6869447.962648942 0
1749 229333.3876314141 6857559.874109032 0
1750 232159.600572298 6871282.000161709 0
1751 231064.2857142857 6863049.672387797 0
1752 235095.6335187252 6862576.779538871 0
1753 237055.2936630686 6867492.723798343 0
1754 239866.3706157888 6859039.972489312 0
1755 227245.6287703172 6871940.498781773 0
1756 228814.6135114731 6864282.989386139 0
1757 229756.3117811335 6855443.397703132 0
1758 237753.8428057522 6862957.029036773 0
1759 232483.8570126841 6870393.560682504 0
1760 231137.1437836408 6866291.478034487 0
1761 234463.5174688854 6868032.624923063 0
1762 233845.1192211579 6852675 0
1763 233095.1192211579 6855000 0
1764 232197.65625 6856433.642578125 0
1765 233913.0667219999 6858140.78044552 0
1766 232461.2367214767 6864855.27683463 0
1767 230932.2854957177 6868328.963484767 0
1768 234813.2307982737 6853717.872117499 0
1769 230359.2467787576 6864934.323716229 0
1770 237399.0337520934 6867720.724680216 0
1771 230341.380218007 6863299.289616086 0
1772 231123.5076722885 6867608.131909028 0
1773 236906.6427298582 6871914.531040003 0
1774 236523.9014055947 6872318.462567115 0
1775 230512.7468581275 6846648.949449913 0
1776 230221.4268564589 6859315.416308823 0
1777 229940.546505699 6864284.905180018 0
1778 229752.523518506 6862484.608743344 0
1779 229528.780016182 6862499.554041873 0
1780 232915.7055787076 6856873.77648422 0
1781 232856.5657460774 6864870.417814228 0
1782 233136.8357527834 6856630.802359963 0
1783 238064.4752931829 6847050.18418177 0
1784 237637.267411082 6872091.346703158 0
1785 238243.9353297698 6872985.353501195 0
1786 237424.6176460088 6856787.787663016 0
1787 233965.4759549482 6859436.584837249 0
1788 234353.765233137 6858831.695207885 0
1789 235203.6851950118 6859086.904476286 0
1790 233624.3366154873 6851812.5 0
1791 234065.0088400126 6862783.510543124 0
1792 229094.96696804 6855152.238113849 0
1793 239959.7753260664 6848824.975355908 0
1794 236430.3872281259 6864378.646433497 0
1795 230951.2749139738 6858845.351837272 0
1796 234232.7278795263 6847847.845220954 0
1797 232568.0601642331 6862650.065726588 0
1798 232677.8882766464 6862894.592700628 0
1799 232642.9453814825 6861243.14895278 0
1800 235433.7496409017 6863137.648150443 0
1801 236986.1297160105 6871175.923523703 0
1802 234218.4216881277 6850792.425463038 0
1803 232176.9691211637 6874080.515455227 0
1804 233051.6289602454 6872041.455380537 0
1805 232521.7544898461 6872244.112929215 0
1806 232516.2645845503 6849386.20803287 0
1807 232583.1172810502 6848733.783163651 0
1808 227227.7040779238 6846739.008545544 0
1809 235034.8109007115 6871508.629195687 0
1810 230152.8183959698 6865366.884324838 0
1811 231580.8062337205 6868844.359262778 0
1812 235896.1609877273 6864354.515455055 0
1813 233583.2502448772 6872511.4226264 0
1814 232586.306996057 6869798.567026545 0
1815 234691.8025016444 6872065.459521876 0
1816 234181.6716920131 6850998.276859191 0
1817 229912.5 6862155.555555556 0
1818 236270.2443253954 6865479.755674604 0
1819 232232.6762835296 6854888.446479518 0
1820 231775.7252417192 6864745.337918331 0
1821 230814.8017254895 6869599.382231456 0
1822 231251.8970208386 6865163.330485681 0
1823 237935.2916147445 6870137.585424924 0
1824 231311.5953947369 6859286.595394737 0
1825 230160.6900491134 6849828.127747245 0
1826 234661.0366076284 6861779.143893982 0
1827 231813.828841808 6857162.272469383 0
1828 233272.4265470863 6860631.482054546 0
1829 232912.7675420944 6854588.446069948 0
1830 233964.4493270889 6850946.815378319 0
1831 230187.7840909091 6863087.215909091 0
1832 231871.7426689252 6862605.908374044 0
1833 233998.0431688805 6852823.04316888 0
1834 235362.4463073129 6860122.638514109 0
1835 231915.2608362994 6864747.407886751 0
1836 233716.2672589139 6855115.130848023 0
1837 236259.5663265306 6867404.464285715 0
1838 233790.2195143238 6850252.661022811 0
1839 233763.2015306122 6852501.785714285 0
1840 231792.4312827144 6858018.259163579 0
1841 231568.6445830668 6858221.570164189 0
1842 231162.3662315136 6860434.151281109 0
1843 231931.1613044774 6854409.479475011 0
1844 233035.7142857143 6860512.5 0
1845 232318.4434721986 6865073.562550409 0
1846 231262.5 6867835.714285715 0
1847 232691.3896450427 6855493.688492835 0
1848 233401.4989031043 6850148.303310822 0
1849 227185.5304842075 6857204.438418149 0
1850 230505.8605873271 6862748.652823267 0
1851 229127.4546408698 6869720.566609095 0
1852 236016.6251584977 6863066.804389088 0
1853 232226.3382295659 6851898.233274704 0
1854 231959.375 6856934.375 0
1855 232784.4540204096 6856372.132857383 0
1856 233355.9678998522 6855057.063085129 0
1857 231602.4585652088 6864681.518690437 0
1858 228085.2324869906 6863602.057514312 0
1859 234818.237823621 6851437.357046549 0
1860 233362.1659344175 6869822.623319536 0
1861 236860.2550164132 6848175.0602917 0
1862 227069.1085724535 6870457.666988098 0
1863 234846.9009815847 6873362.496229207 0
1864 233867.0695238451 6870660.723239518 0
1865 232974.0645064696 6867638.488189554 0
1866 236158.8720064353 6863575.377594231 0
1867 236591.7449387025 6863776.112261767 0
1868 235386.6702944144 6864504.206924317 0
1869 233908.6458396046 6861339.494802968 0
1870 234576.1771660088 6861018.155733064 0
1871 228894.3502277312 6866486.281280478 0
1872 229189.2469727068 6865952.780451727 0
1873 234899.5106663304 6859838.544350564 0
1874 236943.87522817 6865129.574370457 0
1875 238170.9221004147 6861476.677335117 0
1876 230416.0468936594 6861716.938618929 0
1877 232008.0412503686 6871843.154677284 0
1878 232134.1454081633 6855140.854591837 0
1879 239004.4651844433 6867335.856463878 0
1880 234433.2392925102 6851359.2328993 0
1881 231935.4455943606 6853491.190096124 0
1882 227112.9203707607 6874442.00609874 0
1883 231415.7871994049 6862949.09222664 0
1884 234793.5290555227 6850993.209797813 0
1885 230592.3158364819 6853623.820481255 0
1886 230888.4326673758 6853207.045487711 0
1887 231542.8859717868 6856987.5 0
1888 229135.4171183727 6863138.92580504 0
1889 228139.7298627116 6865071.971400839 0
1890 233480.0707120321 6864637.041091911 0
1891 230373.2715256324 6856518.369541691 0
1892 229936.4588382134 6856685.717614437 0
1893 235275.5236410204 6850448.455373062 0
1894 232456.8708760782 6855096.22337301 0
1895 231827.8927476593 6867345.072222391 0
1896 234432.3735792936 6853497.742594184 0
1897 233087.2609466718 6850532.974048612 0
1898 238365.9266632939 6874336.962665409 0
1899 232351.0762174165 6860076.994447414 0
1900 233297.781226877 6860278.080979665 0
1901 232736.2547841344 6860830.978714992 0
1902 238103.4415509492 6850591.996790093 0
1903 237874.2296531667 6864188.13678642 0
1904 237457.3445429745 6866518.423294811 0
1905 229898.9868733161 6853484.334396861 0
1906 229610.018512156 6852593.896469147 0
1907 234983.0292149965 6860866.92296304 0
1908 231812.2159090909 6854037.784090909 0
1909 234491.318782048 6862863.176222528 0
1910 228712.5 6874578.748800673 0
1911 229848.3905289912 6865257.884984557 0
1912 233031.0484085775 6870614.772156243 0
1913 230427.3116946894 6864871.080929058 0
1914 231586.1086520571 6864962.577763013 0
1915 234779.4642857143 6868614.285714285 0
1916 233939.5833333333 6867518.75 0
1917 233214.7321428571 6853764.732142857 0
1918 233233.4373441354 6853870.832333595 0
1919 232487.6668946832 6855312.87532347 0
1920 232162.7265468028 6855850.415763693 0
1921 232155.986778676 6855947.29428177 0
1922 231720.2035874538 6856921.137799029 0
1923 231415.2401662187 6857583.580080719 0
1924 231873.6985809949 6858625.404575893 0
1925 231883.6134900389 6858744.319424198 0
1926 231517.3051948052 6859602.37012987 0
1927 231496.875 6859696.875 0
1928 231037.5181286071 6860061.114556063 0
1929 231028.6943002848 6859989.207950241 0
1930 230971.875 6861628.125 0
1931 230293.359375 6862905.803571428 0
1932 230382.5892857143 6862980.803571428 0
1933 234178.125 6853228.125 0
1934 233590.1785714286 6853912.5 0
1935 230863.1224804015 6859710.698161157 0
1936 232215.4569724522 6858899.850557401 0
1937 232620.1040351431 6861564.466277357 0
1938 234122.6849578551 6861503.025039779 0
1939 233071.875 6862003.125 0
1940 232875 6861903.660584131 0
1941 232790.625 6861815.625 0
1942 230606.9181139549 6864896.562584425 0
1943 231410.7028218179 6864956.242569421 0
1944 230812.5 6864937.5 0
1945 231034.1683188012 6864936.829509616 0
1946 231245.6018563414 6864936.244964659 0
1947 232743.6544094576 6865172.722843152 0
1948 232692.1636023644 6865230.680710788 0
1949 235043.0679751658 6866848.54150868 0
1950 234013.1177391279 6866490.406794458 0
1951 235452.6071133683 6867993.357577216 0
1952 233243.3850526336 6865636.500582473 0
1953 236058.919639171 6868336.825947152 0
1954 235612.0621419896 6866828.000273229 0
1955 233883.6566635218 6866972.514112432 0
1956 233169.5314143354 6866166.32127461 0
1957 234425.4683532641 6867441.752842016 0
1958 235244.1224447669 6868456.516998399 0
1959 234923.974758305 6868281.120475088 0
1960 235818.7048101436 6866508.626238562 0
1961 236318.1532731952 6868533.965038811 0
1962 232932.4272991835 6865897.859001453 0
1963 233019.9168879856 6865442.657882044 0
1964 235874.4032731952 6868600.50197862 0
1965 235056.1801092474 6865118.819890752 0
1966 235387.5 6865087.5 0
1967 236437.5 6868312.5 0
1968 234122.2742614738 6867579.916982446 0
1969 235557.7089485575 6867334.006984294 0
1970 234330.1033772036 6865425.586307604 0
1971 236512.5 6868706.25 0
1972 234988.8307430792 6867586.169256921 0
1973 235757.1952589618 6866062.5 0
1974 233772.8475980592 6867306.378285737 0
1975 233499.9288374656 6866568.054060696 0
1976 235617.5087450836 6868439.702318828 0
1977 236008.2742478643 6866394.089462652 0
1978 236052.670095802 6866600.339462652 0
1979 236116.1728736824 6866978.89941691 0
1980 235865.929112042 6867089.096032671 0
1981 236114.453125 6867671.875 0
1982 235869.578177015 6867610.772566847 0
1983 236587.5 6868307.142857143 0
1984 234952.5853147246 6868537.519639069 0
1985 234302.8025163911 6867714.256403495 0
1986 233597.995937433 6867233.62918354 0
1987 233493.9382664786 6866965.083018651 0
1988 233256.2667291349 6866869.019582763 0
1989 233165.7673293572 6866717.359957554 0
1990 232912.5 6866437.5 0
1991 232837.5 6866287.5 0
1992 232749.2753284548 6865963.979857351 0
1993 232750.4473141524 6865789.191265543 0
1994 232837.5 6865387.5 0
1995 235104.2759699364 6868677.12603454 0
1996 235837.5 6868762.5 0
1997 234992.7410892448 6866228.881126333 0
1998 233090.7467973083 6866543.105041837 0
1999 236118.75 6867956.25 0
2000 234680.0856357896 6867569.468276658 0
2001 235496.7005473265 6864935.442309816 0
2002 235758.7018707974 6865257.030257278 0
2003 236419.9355045208 6868089.101860354 0
2004 234754.7510278602 6868474.606134098 0
2005 234649.7518886026 6868177.713186233 0
2006 233420.5126970781 6867180.117507448 0
2007 233287.5 6867037.5 0
2008 233194.9059068978 6865217.599727989 0
2009 235938.702900791 6865927.602923472 0
2010 236114.4965979373 6868670.388790859 0
2011 235954.1648196592 6867340.55365483 0
2012 233936.5007102635 6867323.982066361 0
2013 236643.75 6868809.375 0
2014 235549.7232773149 6865243.606648549 0
2015 235110.9619070794 6864637.5 0
2016 235117.6282403967 6864830.086928137 0
2017 235926.9230769231 6866812.5 0
2018 234697.2482296272 6867836.21800995 0
2019 234593.1872927257 6865041.05670775 0
2020 233967.6052238607 6865194.947346436 0
2021 234663.7301244159 6865813.984524148 0
2022 235451.9385316417 6868632.027099155 0
2023 234643.3539535383 6868354.777113631 0
2024 232861.7540526159 6866109.602396835 0
2025 234400.2163849369 6866952.289003675 0
2026 235321.9769451691 6866013.010615773 0
2027 235851.7149249063 6866212.5 0
2028 232869.8345692444 6865609.83859144 0
2029 233889.2076182426 6865874.250349718 0
2030 235298.5037700352 6868691.835787845 0
2031 235612.5 6868647.971638852 0
2032 233562.792581262 6865285.981470717 0
2033 234246.7530296955 6865031.724056446 0
2034 236532.9504675993 6868479.979699422 0
2035 235055.7206358642 6865860.467480073 0
2036 234897.3658599258 6864813.02108866 0
2037 235485.3518779401 6866386.008537511 0
2038 236070.0591127943 6867171.79072494 0
2039 236055.3167727168 6867499.212917032 0
2040 234742.3790826045 6867213.169284354 0
2041 233774.4618995148 6867432.844571434 0
2042 234500.3468218556 6866368.058884502 0
2043 234762.0847656089 6865368.308377274 0
2044 234521.875 6867753.125 0
2045 235289.4038312858 6864885.596168715 0
2046 235983.5666451888 6868776.398461579 0
2047 236295.9336603197 6868762.306513231 0
2048 234863.4568729741 6868003.298036358 0
2049 232983.7204658139 6865237.126268338 0
2050 236084.2157765278 6866744.691351808 0
2051 234187.5 6867315 0
2052 232940.6493594617 6866556.121008367 0
2053 232771.875 6865321.875 0
2054 236692.3525022136 6869712.789869341 0
2055 234774.0488576354 6869292.80974157 0
2056 236184.6023676494 6869483.940649986 0
2057 237211.204718229 6869739.042764265 0
2058 235537.4938118094 6869279.170084445 0
2059 234410.4650333905 6869141.644552231 0
2060 236897.1217860305 6869208.969981334 0
2061 237541.8603773662 6869822.225602933 0
2062 237439.7965635516 6869545.6280612 0
2063 236749.9787646804 6870255.688139507 0
2064 234862.5 6868912.5 0
2065 237712.5 6869981.25 0
2066 236768.3852630612 6869018.157658689 0
2067 236515.5948920521 6869208.797515259 0
2068 236887.5 6870562.5 0
2069 237039.1036310051 6869036.911663556 0
2070 237187.5 6869137.5 0
2071 237325 6869200 0
2072 237727.1535232972 6869762.996514705 0
2073 237562.5 6870112.5 0
2074 234187.5 6868987.5 0
2075 234262.5 6868837.5 0
2076 234865.9165451895 6868755.666909621 0
2077 235698.4329446064 6868915.062408892 0
2078 235835.7568419617 6869182.091886898 0
2079 235464.1652499485 6869611.043983009 0
2080 235064.3174979165 6869060.435709656 0
2081 236160.7528998013 6869171.197929279 0
2082 237019.4844358154 6870015.413718662 0
2083 235705.8496502413 6869973.242520723 0
2084 237478.7764788885 6869306.082862607 0
2085 237636.3267611649 6869455.601560544 0
2086 237792.9664723032 6870081.833090379 0
2087 235387.5 6869887.5 0
2088 235230.1850433877 6869736.499375259 0
2089 234167.463064972 6869567.463064972 0
2090 237267.6221422083 6869962.771205546 0
2091 233900.5045966209 6869570.820186188 0
2092 237863.2809246148 6869992.940441483 0
2093 235322.0209299487 6869002.490209263 0
2094 234634.9189818376 6868985.238311419 0
2095 234364.5547181194 6869426.683943788 0
2096 236131.1960392459 6869961.914358022 0
2097 234981.7541304629 6869783.850826093 0
2098 234190.5053629999 6869138.328910446 0
2099 235537.5 6868950 0
2100 236382.3353988362 6869008.79526355 0
2101 236017.3585345376 6869003.640888071 0
2102 235215.4981901386 6869433.287491161 0
2103 236452.0395227698 6870170.894401271 0
2104 234487.5 6868964.475574712 0
2105 236204.6374319567 6868974.729234876 0
2106 237005.0034828753 6870333.8090054 0
2107 235752.1381578947 6869628.453947368 0
2108 236577.6852606071 6868982.187544643 0
2109 236773.3463157653 6868892.039414672 0
2110 235169.8021937935 6868896.58750117 0
2111 237184.5083024353 6870175.987550491 0
2112 235862.7580535176 6868954.29919731 0
2113 234659.6653670142 6869659.761081485 0
2114 237383.07011743 6870106.926336995 0
2115 237640.85620423 6869626.908623231 0
2116 237168.5461274401 6869405.103422321 0
2117 234204.5617816092 6869287.5 0
2118 234928.9791362974 6868695.166727405 0
2119 236069.8267819609 6865556.590706909 0
2120 235691.9623748882 6865638.551990515 0
2121 235915.4524810684 6865663.088417538 0
2122 236167.4566954902 6865570.397676728 0
2123 231945.3519300681 6867877.107421223 0
2124 231937.5 6867712.5 0
2125 232082.5586550114 6867758.684570204 0
2126 232216.017459421 6867881.429758557 0
2127 232664.4947587478 6867927.183721379 0
2128 231776.0369628016 6867784.379359858 0
2129 232447.3947656692 6867918.77008817 0
2130 231667.3103053874 6867967.310305388 0
2131 231324.5529913811 6868030.986472948 0
2132 233009.7695782895 6868023.447963499 0
2133 232885.1187923199 6867965.598977611 0
$EndNodes
$Elements
5050
1 1 2 2 1 1 743
2 1 2 2 1 743 744
3 1 2 2 1 744 745
4 1 2 2 1 745 746
5 1 2 2 1 746 747
6 1 2 2 1 747 748
7 1 2 2 1 748 749
8 1 2 2 1 749 750
9 1 2 2 1 750 751
10 1 2 2 1 751 752
11 1 2 2 1 752 753
12 1 2 2 1 753 754
13 1 2 2 1 754 755
14 1 2 2 1 755 756
15 1 2 2 1 756 2
16 1 2 2 2 2 757
17 1 2 2 2 757 758
18 1 2 2 2 758 759
19 1 2 2 2 759 760
20 1 2 2 2 760 761
21 1 2 2 2 761 762
22 1 2 2 2 762 763
23 1 2 2 2 763 3
24 1 2 2 3 3 764
25 1 2 2 3 764 765
26 1 2 2 3 765 766
27 1 2 2 3 766 767
28 1 2 2 3 767 768
29 1 2 2 3 768 769
30 1 2 2 3 769 770
31 1 2 2 3 770 771
32 1 2 2 3 771 772
33 1 2 2 3 772 773
34 1 2 2 3 773 774
35 1 2 2 3 774 775
36 1 2 2 3 775 776
37 1 2 2 3 776 777
38 1 2 2 3 777 4
39 1 2 2 4 4 778
40 1 2 2 4 778 779
41 1 2 2 4 779 780
42 1 2 2 4 780 781
43 1 2 2 4 781 782
44 1 2 2 4 782 783
45 1 2 2 4 783 784
46 1 2 2 4 784 1
47 1 2 4 5 5 6
48 1 2 4 6 6 7
49 1 2 4 7 7 8
50 1 2 4 8 8 9
51 1 2 4 9 9 10
52 1 2 4 10 10 11
53 1 2 4 11 11 12
54 1 2 4 12 12 13
55 1 2 4 13 13 785
56 1 2 4 13 785 786
57 1 2 4 13 786 787
58 1 2 4 13 787 788
59 1 2 4 13 788 14
60 1 2 4 14 14 15
61 1 2 4 15 15 16
62 1 2 4 16 16 17
63 1 2 4 17 17 18
64 1 2 4 18 18 19
65 1 2 4 19 19 20
66 1 2 4 20 20 21
67 1 2 4 21 21 22
68 1 2 4 22 22 23
69 1 2 4 23 23 24
70 1 2 4 24 24 25
71 1 2 4 25 25 26
72 1 2 4 26 26 27
73 1 2 4 27 27 28
74 1 2 4 28 28 29
75 1 2 4 29 29 30
76 1 2 4 30 30 31
77 1 2 4 31 31 5
78 1 2 4 32 15 32
79 1 2 4 33 32 33
80 1 2 4 34 33 34
81 1 2 4 35 34 15
82 1 2 4 36 34 789
83 1 2 4 36 789 35
84 1 2 4 37 35 36
85 1 2 4 38 36 37
86 1 2 4 39 37 38
87 1 2 4 40 38 39
88 1 2 4 41 39 40
89 1 2 4 42 40 41
90 1 2 4 43 41 42
91 1 2 4 44 42 43
92 1 2 4 45 43 34
93 1 2 4 46 35 44
94 1 2 4 47 44 45
95 1 2 4 48 45 35
96 1 2 4 49 45 790
97 1 2 4 49 790 46
98 1 2 4 50 46 47
99 1 2 4 51 47 791
100 1 2 4 51 791 792
101 1 2 4 51 792 793
102 1 2 4 51 793 794
103 1 2 4 51 794 795
104 1 2 4 51 795 796
105 1 2 4 51 796 48
106 1 2 4 52 48 49
107 1 2 4 53 49 50
108 1 2 4 54 50 51
109 1 2 4 55 51 52
110 1 2 4 56 52 53
111 1 2 4 57 53 54
112 1 2 4 58 54 55
113 1 2 4 59 55 56
114 1 2 4 60 56 57
115 1 2 4 61 57 58
116 1 2 4 62 58 59
117 1 2 4 63 59 60
118 1 2 4 64 60 61
119 1 2 4 65 61 62
120 1 2 4 66 62 63
121 1 2 4 67 63 64
122 1 2 4 68 64 65
123 1 2 4 69 65 66
124 1 2 4 70 66 67
125 1 2 4 71 67 68
126 1 2 4 72 68 69
127 1 2 4 73 69 70
128 1 2 4 74 70 71
129 1 2 4 75 71 72
130 1 2 4 76 72 73
131 1 2 4 77 73 74
132 1 2 4 78 74 75
133 1 2 4 79 75 76
134 1 2 4 80 76 77
135 1 2 4 81 77 78
136 1 2 4 82 78 79
137 1 2 4 83 79 80
138 1 2 4 84 80 81
139 1 2 4 85 81 82
140 1 2 4 86 82 83
141 1 2 4 87 83 84
142 1 2 4 88 84 85
143 1 2 4 89 85 86
144 1 2 4 90 86 87
145 1 2 4 91 87 88
146 1 2 4 92 88 89
147 1 2 4 93 89 90
148 1 2 4 94 90 91
149 1 2 4 95 91 92
150 1 2 4 96 92 93
151 1 2 4 97 93 94
152 1 2 4 98 94 95
153 1 2 4 99 95 96
154 1 2 4 100 96 97
155 1 2 4 101 97 98
156 1 2 4 102 98 99
157 1 2 4 103 99 100
158 1 2 4 104 100 101
159 1 2 4 105 101 102
160 1 2 4 106 102 103
161 1 2 4 107 103 104
162 1 2 4 108 104 105
163 1 2 4 109 105 106
164 1 2 4 110 106 107
165 1 2 4 111 107 108
166 1 2 4 112 108 109
167 1 2 4 113 109 110
168 1 2 4 114 110 111
169 1 2 4 115 111 112
170 1 2 4 116 112 113
171 1 2 4 117 113 114
172 1 2 4 118 114 115
173 1 2 4 119 115 116
174 1 2 4 120 116 117
175 1 2 4 121 117 118
176 1 2 4 122 118 119
177 1 2 4 123 119 120
178 1 2 4 124 120 121
179 1 2 4 125 121 122
180 1 2 4 126 122 123
181 1 2 4 127 123 124
182 1 2 4 128 124 125
183 1 2 4 129 125 126
184 1 2 4 130 126 127
185 1 2 4 131 127 128
186 1 2 4 132 128 129
187 1 2 4 133 129 130
188 1 2 4 134 130 131
189 1 2 4 135 131 132
190 1 2 4 136 132 133
191 1 2 4 137 133 134
192 1 2 4 138 134 135
193 1 2 4 139 135 136
194 1 2 4 140 136 137
195 1 2 4 141 137 138
196 1 2 4 142 138 139
197 1 2 4 143 139 140
198 1 2 4 144 140 141
199 1 2 4 145 141 142
200 1 2 4 146 142 143
201 1 2 4 147 143 144
202 1 2 4 148 144 145
203 1 2 4 149 145 146
204 1 2 4 150 146 147
205 1 2 4 151 147 148
206 1 2 4 152 148 149
207 1 2 4 153 149 797
208 1 2 4 153 797 798
209 1 2 4 153 798 150
210 1 2 3 154 150 799
211 1 2 3 154 799 800
212 1 2 3 154 800 801
213 1 2 3 154 801 802
214 1 2 3 154 802 803
215 1 2 3 154 803 151
216 1 2 4 155 151 804
217 1 2 4 155 804 152
218 1 2 4 156 152 153
219 1 2 4 157 153 154
220 1 2 4 158 154 155
221 1 2 4 159 155 156
222 1 2 4 160 156 157
223 1 2 4 161 157 158
224 1 2 4 162 158 159
225 1 2 4 163 159 160
226 1 2 4 164 160 161
227 1 2 4 165 161 162
228 1 2 4 166 162 163
229 1 2 4 167 163 164
230 1 2 4 168 164 165
231 1 2 4 169 165 166
232 1 2 4 170 166 167
233 1 2 4 171 167 168
234 1 2 4 172 168 169
235 1 2 4 173 169 170
236 1 2 4 174 170 171
237 1 2 4 175 171 172
238 1 2 4 176 172 173
239 1 2 4 177 173 174
240 1 2 4 178 174 175
241 1 2 4 179 175 176
242 1 2 4 180 176 177
243 1 2 4 181 177 178
244 1 2 4 182 178 179
245 1 2 4 183 179 180
246 1 2 4 184 180 181
247 1 2 4 185 181 182
248 1 2 4 186 182 183
249 1 2 4 187 183 184
250 1 2 4 188 184 185
251 1 2 4 189 185 186
252 1 2 4 190 186 187
253 1 2 4 191 187 188
254 1 2 4 192 188 189
255 1 2 4 193 189 190
256 1 2 4 194 190 191
257 1 2 4 195 191 192
258 1 2 4 196 192 193
259 1 2 4 197 193 194
260 1 2 4 198 194 195
261 1 2 4 199 195 196
262 1 2 4 200 196 197
263 1 2 4 201 197 198
264 1 2 4 202 198 199
265 1 2 4 203 199 200
266 1 2 4 204 200 201
267 1 2 4 205 201 202
268 1 2 4 206 202 203
269 1 2 4 207 203 204
270 1 2 4 208 204 205
271 1 2 4 209 205 206
272 1 2 4 210 206 207
273 1 2 4 211 207 208
274 1 2 4 212 208 209
275 1 2 4 213 209 210
276 1 2 4 214 210 211
277 1 2 4 215 211 212
278 1 2 4 216 212 213
279 1 2 4 217 213 214
280 1 2 4 218 214 215
281 1 2 4 219 215 216
282 1 2 4 220 216 217
283 1 2 4 221 217 218
284 1 2 4 222 218 219
285 1 2 4 223 219 220
286 1 2 4 224 220 221
287 1 2 4 225 221 222
288 1 2 4 226 222 223
289 1 2 4 227 223 224
290 1 2 4 228 224 225
291 1 2 4 229 225 226
292 1 2 4 230 226 227
293 1 2 4 231 227 228
294 1 2 4 232 228 229
295 1 2 4 233 229 230
296 1 2 4 234 230 231
297 1 2 4 235 231 232
298 1 2 4 236 232 233
299 1 2 4 237 233 234
300 1 2 4 238 234 235
301 1 2 4 239 235 236
302 1 2 4 240 236 237
303 1 2 4 241 237 45
304 1 2 4 242 238 239
305 1 2 4 243 239 240
306 1 2 4 244 240 241
307 1 2 4 245 241 242
308 1 2 4 246 242 243
309 1 2 4 247 243 244
310 1 2 4 248 244 245
311 1 2 4 249 245 246
312 1 2 4 250 246 247
313 1 2 4 251 247 248
314 1 2 4 252 248 249
315 1 2 4 253 249 250
316 1 2 4 254 250 251
317 1 2 4 255 251 252
318 1 2 4 256 252 253
319 1 2 4 257 253 254
320 1 2 4 258 254 255
321 1 2 4 259 255 256
322 1 2 4 260 256 257
323 1 2 4 261 257 805
324 1 2 4 261 805 258
325 1 2 3 262 258 806
326 1 2 3 262 806 259
327 1 2 3 263 259 807
328 1 2 3 263 807 260
329 1 2 4 264 260 261
330 1 2 4 265 261 808
331 1 2 4 265 808 809
332 1 2 4 265 809 810
333 1 2 4 265 810 811
334 1 2 4 265 811 812
335 1 2 4 265 812 262
336 1 2 4 266 262 263
337 1 2 4 267 263 264
338 1 2 4 268 264 265
339 1 2 4 269 265 238
340 1 2 4 270 233 266
341 1 2 4 271 266 267
342 1 2 4 272 267 268
343 1 2 4 273 268 269
344 1 2 4 274 269 270
345 1 2 4 275 270 47
346 1 2 4 276 177 271
347 1 2 4 277 271 272
348 1 2 4 278 272 273
349 1 2 4 279 273 274
350 1 2 4 280 274 275
351 1 2 4 281 275 276
352 1 2 4 282 276 277
353 1 2 4 283 277 278
354 1 2 4 284 278 279
355 1 2 4 285 279 280
356 1 2 4 286 280 281
357 1 2 4 287 281 282
358 1 2 4 288 282 283
359 1 2 4 289 283 284
360 1 2 4 290 284 285
361 1 2 4 291 285 286
362 1 2 4 292 286 287
363 1 2 4 293 287 288
364 1 2 4 294 288 289
365 1 2 4 295 289 290
366 1 2 4 296 290 291
367 1 2 4 297 291 292
368 1 2 4 298 292 293
369 1 2 4 299 293 294
370 1 2 4 300 294 295
371 1 2 4 301 295 110
372 1 2 4 302 70 813
373 1 2 4 302 813 814
374 1 2 4 302 814 815
375 1 2 4 302 815 296
376 1 2 4 303 296 816
377 1 2 4 303 816 817
378 1 2 4 303 817 818
379 1 2 4 303 818 63
380 1 2 4 304 261 297
381 1 2 4 305 297 298
382 1 2 4 306 298 299
383 1 2 4 307 299 300
384 1 2 4 308 300 256
385 1 2 4 309 301 302
386 1 2 4 310 302 303
387 1 2 4 311 303 304
388 1 2 4 312 304 305
389 1 2 4 313 305 306
390 1 2 4 314 306 307
391 1 2 4 315 307 308
392 1 2 4 316 308 309
393 1 2 4 317 309 310
394 1 2 4 318 310 311
395 1 2 4 319 311 312
396 1 2 4 320 312 313
397 1 2 4 321 313 314
398 1 2 4 322 314 315
399 1 2 4 323 315 316
400 1 2 4 324 316 317
401 1 2 4 325 317 318
402 1 2 4 326 318 319
403 1 2 4 327 319 320
404 1 2 4 328 320 321
405 1 2 4 329 321 322
406 1 2 4 330 322 323
407 1 2 4 331 323 324
408 1 2 4 332 324 325
409 1 2 4 333 325 326
410 1 2 4 334 326 327
411 1 2 4 335 327 328
412 1 2 4 336 328 329
413 1 2 4 337 329 330
414 1 2 4 338 330 331
415 1 2 4 339 331 332
416 1 2 4 340 332 333
417 1 2 4 341 333 334
418 1 2 4 342 334 335
419 1 2 4 343 335 336
420 1 2 4 344 336 337
421 1 2 4 345 337 338
422 1 2 4 346 338 339
423 1 2 4 347 339 340
424 1 2 4 348 340 341
425 1 2 4 349 341 342
426 1 2 4 350 342 343
427 1 2 4 351 343 344
428 1 2 4 352 344 345
429 1 2 4 353 345 346
430 1 2 4 354 346 347
431 1 2 4 355 347 348
432 1 2 4 356 348 349
433 1 2 4 357 349 350
434 1 2 4 358 350 351
435 1 2 4 359 351 352
436 1 2 4 360 352 353
437 1 2 4 361 353 354
438 1 2 4 362 354 355
439 1 2 4 363 355 356
440 1 2 4 364 356 357
441 1 2 4 365 357 358
442 1 2 4 366 358 359
443 1 2 4 367 359 360
444 1 2 4 368 360 361
445 1 2 4 369 361 362
446 1 2 4 370 362 363
447 1 2 4 371 363 364
448 1 2 4 372 364 365
449 1 2 4 373 365 366
450 1 2 4 374 366 367
451 1 2 4 375 367 368
452 1 2 4 376 368 369
453 1 2 4 377 369 370
454 1 2 4 378 370 371
455 1 2 4 379 371 372
456 1 2 4 380 372 373
457 1 2 4 381 373 374
458 1 2 4 382 374 375
459 1 2 4 383 375 376
460 1 2 4 384 376 377
461 1 2 4 385 377 378
462 1 2 4 386 378 379
463 1 2 4 387 379 380
464 1 2 4 388 380 381
465 1 2 4 389 381 382
466 1 2 4 390 382 383
467 1 2 4 391 383 384
468 1 2 4 392 384 385
469 1 2 4 393 385 386
470 1 2 4 394 386 387
471 1 2 4 395 387 388
472 1 2 4 396 388 389
473 1 2 4 397 389 390
474 1 2 4 398 390 391
475 1 2 4 399 391 392
476 1 2 4 400 392 393
477 1 2 4 401 393 394
478 1 2 4 402 394 395
479 1 2 4 403 395 396
480 1 2 4 404 396 397
481 1 2 4 405 397 398
482 1 2 4 406 398 399
483 1 2 4 407 399 400
484 1 2 4 408 400 401
485 1 2 4 409 401 402
486 1 2 4 410 402 403
487 1 2 4 411 403 404
488 1 2 4 412 404 405
489 1 2 4 413 405 406
490 1 2 4 414 406 407
491 1 2 4 415 407 408
492 1 2 4 416 408 409
493 1 2 4 417 409 410
494 1 2 4 418 410 411
495 1 2 4 419 411 412
496 1 2 4 420 412 413
497 1 2 4 421 413 414
498 1 2 4 422 414 415
499 1 2 4 423 415 416
500 1 2 4 424 416 417
501 1 2 4 425 417 418
502 1 2 4 426 418 419
503 1 2 4 427 419 420
504 1 2 4 428 420 421
505 1 2 4 429 421 422
506 1 2 4 430 422 423
507 1 2 4 431 423 424
508 1 2 4 432 424 425
509 1 2 4 433 425 426
510 1 2 4 434 426 427
511 1 2 4 435 427 428
512 1 2 4 436 428 429
513 1 2 4 437 429 430
514 1 2 4 438 430 431
515 1 2 4 439 431 432
516 1 2 4 440 432 433
517 1 2 4 441 433 434
518 1 2 4 442 434 435
519 1 2 4 443 435 436
520 1 2 4 444 436 437
521 1 2 4 445 437 438
522 1 2 4 446 438 439
523 1 2 4 447 439 440
524 1 2 4 448 440 441
525 1 2 4 449 441 442
526 1 2 4 450 442 443
527 1 2 4 451 443 444
528 1 2 4 452 444 445
529 1 2 4 453 445 446
530 1 2 4 454 446 447
531 1 2 4 455 447 448
532 1 2 4 456 448 449
533 1 2 4 457 449 450
534 1 2 4 458 450 451
535 1 2 4 459 451 452
536 1 2 4 460 452 453
537 1 2 4 461 453 454
538 1 2 4 462 454 455
539 1 2 4 463 455 456
540 1 2 4 464 456 457
541 1 2 4 465 457 458
542 1 2 4 466 458 459
543 1 2 4 467 459 460
544 1 2 4 468 460 461
545 1 2 4 469 461 462
546 1 2 4 470 462 463
547 1 2 4 471 463 464
548 1 2 4 472 464 465
549 1 2 4 473 465 466
550 1 2 4 474 466 467
551 1 2 4 475 467 468
552 1 2 4 476 468 469
553 1 2 4 477 469 470
554 1 2 4 478 470 471
555 1 2 4 479 471 472
556 1 2 4 480 472 473
557 1 2 4 481 473 474
558 1 2 4 482 474 475
559 1 2 4 483 475 476
560 1 2 4 484 476 477
561 1 2 4 485 477 478
562 1 2 4 486 478 479
563 1 2 4 487 479 480
564 1 2 4 488 480 481
565 1 2 4 489 481 482
566 1 2 4 490 482 483
567 1 2 4 491 483 484
568 1 2 4 492 484 485
569 1 2 4 493 485 486
570 1 2 4 494 486 487
571 1 2 4 495 487 488
572 1 2 4 496 488 489
573 1 2 4 497 489 490
574 1 2 4 498 490 491
575 1 2 4 499 491 492
576 1 2 4 500 492 493
577 1 2 4 501 494 495
578 1 2 4 502 495 496
579 1 2 4 503 496 497
580 1 2 4 504 497 498
581 1 2 4 505 498 499
582 1 2 4 506 499 500
583 1 2 4 507 500 501
584 1 2 4 508 501 502
585 1 2 4 509 502 503
586 1 2 4 510 503 504
587 1 2 4 511 504 505
588 1 2 4 512 505 506
589 1 2 4 513 506 507
590 1 2 4 514 507 508
591 1 2 4 515 508 509
592 1 2 4 516 509 510
593 1 2 4 517 510 511
594 1 2 4 518 511 357
595 1 2 4 519 512 513
596 1 2 4 520 513 514
597 1 2 4 521 514 515
598 1 2 4 522 515 516
599 1 2 4 523 516 517
600 1 2 4 524 517 518
601 1 2 4 525 518 519
602 1 2 4 526 519 520
603 1 2 4 527 520 521
604 1 2 4 528 521 522
605 1 2 4 529 522 523
606 1 2 4 530 523 524
607 1 2 4 531 524 525
608 1 2 4 532 525 526
609 1 2 4 533 526 527
610 1 2 4 534 527 528
611 1 2 4 535 528 529
612 1 2 4 536 529 384
613 1 2 4 537 530 531
614 1 2 4 538 531 390
615 1 2 4 539 532 533
616 1 2 4 540 533 534
617 1 2 4 541 534 535
618 1 2 4 542 535 536
619 1 2 4 543 536 537
620 1 2 4 544 537 538
621 1 2 4 545 538 539
622 1 2 4 546 539 540
623 1 2 4 547 540 541
624 1 2 4 548 541 542
625 1 2 4 549 542 543
626 1 2 4 550 543 544
627 1 2 4 551 544 545
628 1 2 4 552 545 546
629 1 2 4 553 546 547
630 1 2 4 554 547 548
631 1 2 4 555 548 549
632 1 2 4 556 549 415
633 1 2 4 557 550 551
634 1 2 4 558 551 552
635 1 2 4 559 552 553
636 1 2 4 560 553 554
637 1 2 4 561 554 555
638 1 2 4 562 555 556
639 1 2 4 563 556 557
640 1 2 4 564 557 558
641 1 2 4 565 558 559
642 1 2 4 566 559 560
643 1 2 4 567 560 396
644 1 2 4 568 561 562
645 1 2 4 569 562 563
646 1 2 4 570 563 564
647 1 2 4 571 564 565
648 1 2 4 572 565 566
649 1 2 4 573 566 567
650 1 2 4 574 567 568
651 1 2 4 575 568 569
652 1 2 4 576 569 570
653 1 2 4 577 570 571
654 1 2 4 578 571 572
655 1 2 4 579 572 573
656 1 2 4 580 573 574
657 1 2 4 581 574 575
658 1 2 4 582 575 576
659 1 2 4 583 576 448
660 1 2 4 584 577 578
661 1 2 4 585 578 579
662 1 2 4 586 579 580
663 1 2 4 587 580 581
664 1 2 4 588 581 582
665 1 2 4 589 582 583
666 1 2 4 590 583 584
667 1 2 4 591 584 585
668 1 2 4 592 585 586
669 1 2 4 593 586 587
670 1 2 4 594 587 588
671 1 2 4 595 588 589
672 1 2 4 596 589 590
673 1 2 4 597 590 591
674 1 2 4 598 591 429
675 1 2 4 599 592 593
676 1 2 4 600 593 594
677 1 2 4 601 594 595
678 1 2 4 602 595 596
679 1 2 4 603 596 597
680 1 2 4 604 597 598
681 1 2 4 605 598 599
682 1 2 4 606 599 600
683 1 2 4 607 600 442
684 1 2 4 608 601 602
685 1 2 4 609 602 603
686 1 2 4 610 603 604
687 1 2 4 611 604 605
688 1 2 4 612 605 606
689 1 2 4 613 606 607
690 1 2 4 614 607 608
691 1 2 4 615 608 609
692 1 2 4 616 609 610
693 1 2 4 617 610 611
694 1 2 4 618 611 612
695 1 2 4 619 612 613
696 1 2 4 620 613 614
697 1 2 4 621 614 615
698 1 2 4 622 615 616
699 1 2 4 623 616 617
700 1 2 4 624 617 618
701 1 2 4 625 618 619
702 1 2 4 626 619 620
703 1 2 4 627 620 621
704 1 2 4 628 621 622
705 1 2 4 629 622 623
706 1 2 4 630 623 624
707 1 2 4 631 624 625
708 1 2 4 632 625 626
709 1 2 4 633 626 627
710 1 2 4 634 627 628
711 1 2 4 635 628 629
712 1 2 4 636 629 630
713 1 2 4 637 630 631
714 1 2 4 638 631 632
715 1 2 4 639 632 633
716 1 2 4 640 633 634
717 1 2 4 641 634 635
718 1 2 4 642 635 636
719 1 2 4 643 636 637
720 1 2 4 644 637 471
721 1 2 4 645 638 639
722 1 2 4 646 639 640
723 1 2 4 647 640 641
724 1 2 4 648 641 642
725 1 2 4 649 642 643
726 1 2 4 650 643 644
727 1 2 4 651 644 645
728 1 2 4 652 645 646
729 1 2 4 653 646 647
730 1 2 4 654 647 648
731 1 2 4 655 648 649
732 1 2 4 656 649 650
733 1 2 4 657 650 651
734 1 2 4 658 651 652
735 1 2 4 659 652 653
736 1 2 4 660 653 654
737 1 2 4 661 654 655
738 1 2 4 662 655 656
739 1 2 4 663 656 657
740 1 2 4 664 657 658
741 1 2 4 665 658 659
742 1 2 4 666 659 660
743 1 2 4 667 660 661
744 1 2 4 668 661 662
745 1 2 4 669 662 663
746 1 2 4 670 663 664
747 1 2 4 671 664 665
748 1 2 4 672 665 666
749 1 2 4 673 666 667
750 1 2 4 674 667 668
751 1 2 4 675 668 617
752 1 2 4 676 669 670
753 1 2 4 677 670 671
754 1 2 4 678 671 672
755 1 2 4 679 672 673
756 1 2 4 680 673 485
757 1 2 4 681 674 675
758 1 2 4 682 675 676
759 1 2 4 683 676 677
760 1 2 4 684 677 678
761 1 2 4 685 678 679
762 1 2 4 686 679 680
763 1 2 4 687 680 681
764 1 2 4 688 681 682
765 1 2 4 689 682 683
766 1 2 4 690 683 684
767 1 2 4 691 684 685
768 1 2 4 692 685 686
769 1 2 4 693 686 687
770 1 2 4 694 687 688
771 1 2 4 695 688 689
772 1 2 4 696 689 690
773 1 2 4 697 690 691
774 1 2 4 698 691 692
775 1 2 4 699 692 693
776 1 2 4 700 693 694
777 1 2 4 701 694 695
778 1 2 4 702 695 696
779 1 2 4 703 696 697
780 1 2 4 704 697 698
781 1 2 4 705 698 699
782 1 2 4 706 699 700
783 1 2 4 707 700 701
784 1 2 4 708 701 702
785 1 2 4 709 702 493
786 1 2 4 710 703 704
787 1 2 4 711 704 705
788 1 2 4 712 705 706
789 1 2 4 713 706 707
790 1 2 4 714 707 708
791 1 2 4 715 709 710
792 1 2 4 716 710 711
793 1 2 4 717 712 713
794 1 2 4 718 713 714
795 1 2 4 719 714 711
796 1 2 3 720 715 819
797 1 2 3 720 819 716
798 1 2 3 721 716 820
799 1 2 3 721 820 717
800 1 2 3 722 718 821
801 1 2 3 722 821 719
802 1 2 4 723 719 822
803 1 2 4 723 822 823
804 1 2 4 723 823 824
805 1 2 4 723 824 825
806 1 2 4 723 825 720
807 1 2 3 724 720 826
808 1 2 3 724 826 721
809 1 2 3 725 721 722
810 1 2 3 726 723 827
811 1 2 3 726 827 724
812 1 2 3 727 724 725
813 1 2 3 728 725 726
814 1 2 3 729 726 727
815 1 2 3 730 728 729
816 1 2 3 731 730 731
817 1 2 3 732 731 732
818 1 2 3 733 732 828
819 1 2 3 733 828 733
820 1 2 3 734 733 829
821 1 2 3 734 829 830
822 1 2 3 734 830 734
823 1 2 3 735 735 736
824 1 2 3 736 737 738
825 1 2 3 737 738 831
826 1 2 3 737 831 832
827 1 2 3 737 832 833
828 1 2 3 737 833 739
829 1 2 3 738 740 834
830 1 2 3 738 834 741
831 1 2 3 739 741 835
832 1 2 3 739 835 742
833 2 2 1 1 1236 1238 879
834 2 2 1 1 1382 1789 1604
835 2 2 1 1 558 1370 557
836 2 2 1 1 846 1455 932
837 2 2 1 1 886 1753 859
838 2 2 1 1 785 1441 13
839 2 2 1 1 1388 1398 1052
840 2 2 1 1 975 1357 627
841 2 2 1 1 356 1321 959
842 2 2 1 1 1469 1489 852
843 2 2 1 1 1389 1619 742
844 2 2 1 1 1238 1288 899
845 2 2 1 1 1057 1765 1702
846 2 2 1 1 898 1798 1099
847 2 2 1 1 832 1122 831
848 2 2 1 1 61 1284 60
849 2 2 1 1 1488 1624 1394
850 2 2 1 1 460 1436 461
851 2 2 1 1 1279 1403 836
852 2 2 1 1 333 1484 332
853 2 2 1 1 1266 1684 301
854 2 2 1 1 671 1399 669
855 2 2 1 1 962 1432 405
856 2 2 1 1 1099 1592 1425
857 2 2 1 1 1418 1702 1011
858 2 2 1 1 3 1450 763
859 2 2 1 1 345 1106 930
860 2 2 1 1 703 1736 950
861 2 2 1 1 649 1475 648
862 2 2 1 1 862 1576 1257
863 2 2 1 1 1382 1834 1543
864 2 2 1 1 1103 1270 856
865 2 2 1 1 1412 1469 852
866 2 2 1 1 670 1341 671
867 2 2 1 1 1391 1463 1024
868 2 2 1 1 716 1796 819
869 2 2 1 1 1131 1872 1624
870 2 2 1 1 378 1642 377
871 2 2 1 1 148 1302 147
872 2 2 1 1 856 965 963
873 2 2 1 1 1024 1463 907
874 2 2 1 1 404 962 405
875 2 2 1 1 1057 1788 1765
876 2 2 1 1 764 1450 3
877 2 2 1 1 41 1427 40
878 2 2 1 1 1012 1425 1123
879 2 2 1 1 666 1709 665
880 2 2 1 1 54 1294 53
881 2 2 1 1 322 1309 323
882 2 2 1 1 403 1328 404
883 2 2 1 1 473 1337 474
884 2 2 1 1 671 1341 672
885 2 2 1 1 973 1629 854
886 2 2 1 1 1025 1473 887
887 2 2 1 1 13 1394 12
888 2 2 1 1 1084 1627 746
889 2 2 1 1 1418 1464 1057
890 2 2 1 1 742 1600 1121
891 2 2 1 1 1073 1597 762
892 2 2 1 1 1205 1452 1006
893 2 2 1 1 1257 1576 845
894 2 2 1 1 778 1551 4
895 2 2 1 1 943 1805 1408
896 2 2 1 1 323 1730 324
897 2 2 1 1 533 1578 532
898 2 2 1 1 261 1586 260
899 2 2 1 1 1068 1378 1276
900 2 2 1 1 56 1687 55
901 2 2 1 1 577 1464 1418
902 2 2 1 1 1373 1383 1016
903 2 2 1 1 1276 1378 860
904 2 2 1 1 1575 1891 532
905 2 2 1 1 914 1771 1267
906 2 2 1 1 1277 1387 722
907 2 2 1 1 1122 1258 831
908 2 2 1 1 859 1753 1478
909 2 2 1 1 577 1418 1011
910 2 2 1 1 1101 1389 769
911 2 2 1 1 806 1055 258
912 2 2 1 1 833 1505 1400
913 2 2 1 1 512 1908 1465
914 2 2 1 1 1377 1670 1096
915 2 2 1 1 739 1393 1127
916 2 2 1 1 4 1551 777
917 2 2 1 1 6 1769 5
918 2 2 1 1 1127 1393 920
919 2 2 1 1 577 1674 1464
920 2 2 1 1 151 1414 803
921 2 2 1 1 1007 1672 1527
922 2 2 1 1 437 1033 436
923 2 2 1 1 907 1652 1543
924 2 2 1 1 833 1400 739
925 2 2 1 1 845 1527 1410
926 2 2 1 1 619 992 620
927 2 2 1 1 522 1503 523
928 2 2 1 1 48 1868 1442
929 2 2 1 1 1099 1425 898
930 2 2 1 1 149 1568 1302
931 2 2 1 1 853 1259 858
932 2 2 1 1 1398 1892 1052
933 2 2 1 1 1096 1550 1377
934 2 2 1 1 770 1523 1101
935 2 2 1 1 122 1473 121
936 2 2 1 1 208 1474 207
937 2 2 1 1 566 1497 567
938 2 2 1 1 762 1597 761
939 2 2 1 1 1124 1782 1386
940 2 2 1 1 520 1504 521
941 2 2 1 1 1726 1836 928
942 2 2 1 1 731 1412 730
943 2 2 1 1 859 1428 886
944 2 2 1 1 916 1544 857
945 2 2 1 1 1367 1462 1039
946 2 2 1 1 328 1312 329
947 2 2 1 1 316 1440 315
948 2 2 1 1 544 1270 545
949 2 2 1 1 1403 1786 836
950 2 2 1 1 103 1420 1296
951 2 2 1 1 832 1505 833
952 2 2 1 1 1011 1702 878
953 2 2 1 1 1078 1603 1079
954 2 2 1 1 1085 1825 1430
955 2 2 1 1 920 1570 1127
956 2 2 1 1 1650 1653 735
957 2 2 1 1 532 1578 1290
958 2 2 1 1 858 888 853
959 2 2 1 1 1358 1359 648
960 2 2 1 1 1445 1633 1108
961 2 2 1 1 695 1419 696
962 2 2 1 1 936 1794 1120
963 2 2 1 1 1053 1765 1076
964 2 2 1 1 871 1725 1424
965 2 2 1 1 1424 1725 1091
966 2 2 1 1 1523 1875 1101
967 2 2 1 1 365 1538 364
968 2 2 1 1 1017 1690 1625
969 2 2 1 1 344 1106 345
970 2 2 1 1 265 1513 264
971 2 2 1 1 498 1072 499
972 2 2 1 1 939 1737 1511
973 2 2 1 1 930 1316 345
974 2 2 1 1 561 1349 941
975 2 2 1 1 707 1590 708
976 2 2 1 1 396 1066 395
977 2 2 1 1 411 1044 412
978 2 2 1 1 440 1064 439
979 2 2 1 1 556 1065 555
980 2 2 1 1 769 1389 768
981 2 2 1 1 854 1901 973
982 2 2 1 1 675 1528 674
983 2 2 1 1 953 1489 1113
984 2 2 1 1 904 1592 1099
985 2 2 1 1 1443 1807 715
986 2 2 1 1 1756 1889 1056
987 2 2 1 1 441 1064 440
988 2 2 1 1 412 1044 413
989 2 2 1 1 557 1065 556
990 2 2 1 1 722 1495 1378
991 2 2 1 1 716 1485 1368
992 2 2 1 1 1393 1736 920
993 2 2 1 1 717 1461 820
994 2 2 1 1 1052 1892 1397
995 2 2 1 1 844 1582 1439
996 2 2 1 1 1430 1825 1015
997 2 2 1 1 891 1116 964
998 2 2 1 1 941 1467 561
999 2 2 1 1 532 1891 1348
1000 2 2 1 1 741 1396 835
1001 2 2 1 1 1464 1787 1057
1002 2 2 1 1 445 1453 444
1003 2 2 1 1 954 1608 859
1004 2 2 1 1 945 1596 1540
1005 2 2 1 1 352 1319 353
1006 2 2 1 1 867 1025 843
1007 2 2 1 1 1257 1745 862
1008 2 2 1 1 259 1097 806
1009 2 2 1 1 898 1425 1012
1010 2 2 1 1 839 1398 1388
1011 2 2 1 1 1404 1520 840
1012 2 2 1 1 1439 1582 1053
1013 2 2 1 1 559 1370 558
1014 2 2 1 1 744 1430 743
1015 2 2 1 1 838 1599 1506
1016 2 2 1 1 1086 1625 861
1017 2 2 1 1 301 1491 1266
1018 2 2 1 1 747 1084 746
1019 2 2 1 1 1378 1541 722
1020 2 2 1 1 951 1378 1068
1021 2 2 1 1 1442 1536 48
1022 2 2 1 1 859 1608 955
1023 2 2 1 1 850 1511 1292
1024 2 2 1 1 1302 1801 874
1025 2 2 1 1 873 1280 971
1026 2 2 1 1 1264 1777 914
1027 2 2 1 1 618 1646 619
1028 2 2 1 1 902 1602 259
1029 2 2 1 1 1457 1633 1493
1030 2 2 1 1 1091 1800 1424
1031 2 2 1 1 638 1870 1493
1032 2 2 1 1 131 1299 130
1033 2 2 1 1 1544 1692 857
1034 2 2 1 1 870 1733 1383
1035 2 2 1 1 1773 1801 1096
1036 2 2 1 1 801 1409 800
1037 2 2 1 1 1092 1573 984
1038 2 2 1 1 48 1536 796
1039 2 2 1 1 1017 1625 1086
1040 2 2 1 1 1794 1812 1120
1041 2 2 1 1 1490 1491 301
1042 2 2 1 1 840 1690 1404
1043 2 2 1 1 772 1623 1403
1044 2 2 1 1 553 1855 554
1045 2 2 1 1 402 1854 401
1046 2 2 1 1 629 1615 1356
1047 2 2 1 1 1252 1542 895
1048 2 2 1 1 648 1688 647
1049 2 2 1 1 1131 1624 1056
1050 2 2 1 1 303 1723 302
1051 2 2 1 1 452 1423 451
1052 2 2 1 1 1012 1360 657
1053 2 2 1 1 657 1361 1013
1054 2 2 1 1 1001 1335 458
1055 2 2 1 1 458 1336 1002
1056 2 2 1 1 1007 1345 512
1057 2 2 1 1 168 1494 167
1058 2 2 1 1 857 1260 959
1059 2 2 1 1 321 1880 320
1060 2 2 1 1 984 1729 1092
1061 2 2 1 1 770 1101 769
1062 2 2 1 1 639 1631 638
1063 2 2 1 1 869 1836 1390
1064 2 2 1 1 1390 1706 869
1065 2 2 1 1 1371 1631 1468
1066 2 2 1 1 1108 1787 1464
1067 2 2 1 1 845 1792 1757
1068 2 2 1 1 1404 1690 939
1069 2 2 1 1 1270 1738 856
1070 2 2 1 1 1152 1153 877
1071 2 2 1 1 878 1225 1224
1072 2 2 1 1 159 1035 158
1073 2 2 1 1 481 1037 480
1074 2 2 1 1 640 1038 641
1075 2 2 1 1 939 1512 1404
1076 2 2 1 1 822 997 719
1077 2 2 1 1 847 1706 1390
1078 2 2 1 1 897 965 856
1079 2 2 1 1 1054 1472 1471
1080 2 2 1 1 1379 1784 1724
1081 2 2 1 1 1048 1690 1017
1082 2 2 1 1 835 1486 741
1083 2 2 1 1 459 1436 460
1084 2 2 1 1 1055 1865 258
1085 2 2 1 1 1070 1455 846
1086 2 2 1 1 593 1514 592
1087 2 2 1 1 500 1480 501
1088 2 2 1 1 149 1302 148
1089 2 2 1 1 1004 1197 885
1090 2 2 1 1 334 1484 333
1091 2 2 1 1 201 1304 1097
1092 2 2 1 1 935 1674 579
1093 2 2 1 1 1124 1386 855
1094 2 2 1 1 715 1589 1443
1095 2 2 1 1 1016 1593 1373
1096 2 2 1 1 1279 1754 1403
1097 2 2 1 1 842 1025 887
1098 2 2 1 1 863 1633 1445
1099 2 2 1 1 1748 1860 152
1100 2 2 1 1 1467 1741 561
1101 2 2 1 1 1105 1860 1077
1102 2 2 1 1 1387 1632 723
1103 2 2 1 1 1061 1800 1091
1104 2 2 1 1 1434 1630 1573
1105 2 2 1 1 1573 1630 984
1106 2 2 1 1 1391 1752 1463
1107 2 2 1 1 1463 1752 848
1108 2 2 1 1 914 1700 1500
1109 2 2 1 1 1007 1527 894
1110 2 2 1 1 62 1126 61
1111 2 2 1 1 1330 1827 409
1112 2 2 1 1 854 900 884
1113 2 2 1 1 1379 1801 1773
1114 2 2 1 1 725 1637 726
1115 2 2 1 1 467 1019 466
1116 2 2 1 1 633 1019 634
1117 2 2 1 1 1468 1826 1371
1118 2 2 1 1 99 1718 98
1119 2 2 1 1 1443 1589 781
1120 2 2 1 1 1264 1654 851
1121 2 2 1 1 523 1819 522
1122 2 2 1 1 525 1819 524
1123 2 2 1 1 158 1035 157
1124 2 2 1 1 160 1035 159
1125 2 2 1 1 480 1037 479
1126 2 2 1 1 482 1037 481
1127 2 2 1 1 484 1037 483
1128 2 2 1 1 639 1038 640
1129 2 2 1 1 641 1038 642
1130 2 2 1 1 634 1019 635
1131 2 2 1 1 468 1019 467
1132 2 2 1 1 825 318 317
1133 2 2 1 1 828 1021 733
1134 2 2 1 1 846 932 895
1135 2 2 1 1 735 1696 1258
1136 2 2 1 1 432 1332 1089
1137 2 2 1 1 727 1406 717
1138 2 2 1 1 611 1288 610
1139 2 2 1 1 60 1284 59
1140 2 2 1 1 121 1285 120
1141 2 2 1 1 207 1286 206
1142 2 2 1 1 987 1489 1110
1143 2 2 1 1 1654 1888 851
1144 2 2 1 1 824 1728 823
1145 2 2 1 1 320 1566 720
1146 2 2 1 1 1110 1760 987
1147 2 2 1 1 726 1368 725
1148 2 2 1 1 945 1540 1407
1149 2 2 1 1 131 1525 1462
1150 2 2 1 1 564 1776 565
1151 2 2 1 1 1096 1670 949
1152 2 2 1 1 946 1262 880
1153 2 2 1 1 1693 1767 262
1154 2 2 1 1 874 1801 1379
1155 2 2 1 1 904 1472 1054
1156 2 2 1 1 708 1526 980
1157 2 2 1 1 40 1427 39
1158 2 2 1 1 379 1429 378
1159 2 2 1 1 86 1428 85
1160 2 2 1 1 1407 1641 945
1161 2 2 1 1 152 1622 804
1162 2 2 1 1 932 1364 686
1163 2 2 1 1 1056 1624 1488
1164 2 2 1 1 963 1103 856
1165 2 2 1 1 854 903 900
1166 2 2 1 1 724 1707 1671
1167 2 2 1 1 398 1327 1177
1168 2 2 1 1 1316 1318 349
1169 2 2 1 1 1331 1333 434
1170 2 2 1 1 1074 1619 1389
1171 2 2 1 1 579 1674 578
1172 2 2 1 1 36 1281 35
1173 2 2 1 1 867 1479 1025
1174 2 2 1 1 1006 1452 875
1175 2 2 1 1 171 1063 170
1176 2 2 1 1 1673 1719 998
1177 2 2 1 1 829 1482 830
1178 2 2 1 1 151 1714 1414
1179 2 2 1 1 1390 1836 1726
1180 2 2 1 1 1403 1754 772
1181 2 2 1 1 1164 1440 952
1182 2 2 1 1 170 1063 169
1183 2 2 1 1 894 1576 1112
1184 2 2 1 1 131 1462 993
1185 2 2 1 1 889 1707 1385
1186 2 2 1 1 311 1728 312
1187 2 2 1 1 895 1107 846
1188 2 2 1 1 9 1293 8
1189 2 2 1 1 53 1294 52
1190 2 2 1 1 103 1296 102
1191 2 2 1 1 321 1309 322
1192 2 2 1 1 348 1317 347
1193 2 2 1 1 348 1316 349
1194 2 2 1 1 355 1321 356
1195 2 2 1 1 385 1173 384
1196 2 2 1 1 385 1325 386
1197 2 2 1 1 397 1327 398
1198 2 2 1 1 402 1328 403
1199 2 2 1 1 410 1330 409
1200 2 2 1 1 410 1329 411
1201 2 2 1 1 433 1332 432
1202 2 2 1 1 433 1331 434
1203 2 2 1 1 444 1191 443
1204 2 2 1 1 472 1337 473
1205 2 2 1 1 473 1338 472
1206 2 2 1 1 477 1340 478
1207 2 2 1 1 479 1339 478
1208 2 2 1 1 508 1344 507
1209 2 2 1 1 530 1176 531
1210 2 2 1 1 580 1352 579
1211 2 2 1 1 580 1351 581
1212 2 2 1 1 627 1357 628
1213 2 2 1 1 629 1356 628
1214 2 2 1 1 661 1250 662
1215 2 2 1 1 672 1341 673
1216 2 2 1 1 684 1365 685
1217 2 2 1 1 686 1364 685
1218 2 2 1 1 747 1388 1084
1219 2 2 1 1 561 1677 562
1220 2 2 1 1 560 1066 396
1221 2 2 1 1 555 1065 554
1222 2 2 1 1 439 1064 438
1223 2 2 1 1 650 1475 649
1224 2 2 1 1 12 1394 1293
1225 2 2 1 1 165 1534 164
1226 2 2 1 1 1411 1627 1084
1227 2 2 1 1 325 1626 1310
1228 2 2 1 1 326 1626 325
1229 2 2 1 1 731 1291 732
1230 2 2 1 1 1670 1809 1407
1231 2 2 1 1 1627 1906 1085
1232 2 2 1 1 1424 1909 871
1233 2 2 1 1 14 1499 788
1234 2 2 1 1 787 1500 786
1235 2 2 1 1 615 1049 614
1236 2 2 1 1 1478 1904 859
1237 2 2 1 1 638 1493 1038
1238 2 2 1 1 1454 1510 1028
1239 2 2 1 1 836 1382 1279
1240 2 2 1 1 1447 1665 944
1241 2 2 1 1 1121 1478 843
1242 2 2 1 1 1383 1733 1520
1243 2 2 1 1 1633 1787 1108
1244 2 2 1 1 523 1878 524
1245 2 2 1 1 1110 1489 1469
1246 2 2 1 1 978 1752 1391
1247 2 2 1 1 781 1589 1109
1248 2 2 1 1 795 1492 794
1249 2 2 1 1 955 1428 859
1250 2 2 1 1 845 1757 1257
1251 2 2 1 1 879 1238 899
1252 2 2 1 1 774 1510 773
1253 2 2 1 1 660 1256 1013
1254 2 2 1 1 1430 1703 1085
1255 2 2 1 1 35 1766 789
1256 2 2 1 1 561 1741 1677
1257 2 2 1 1 25 1605 24
1258 2 2 1 1 1000 1415 530
1259 2 2 1 1 1393 1814 1444
1260 2 2 1 1 437 1824 438
1261 2 2 1 1 855 1726 928
1262 2 2 1 1 1378 1495 860
1263 2 2 1 1 822 1552 823
1264 2 2 1 1 1071 1809 1670
1265 2 2 1 1 1680 1912 1476
1266 2 2 1 1 13 1488 1394
1267 2 2 1 1 1400 1814 739
1268 2 2 1 1 1467 1738 1292
1269 2 2 1 1 845 1576 1527
1270 2 2 1 1 735 1291 736
1271 2 2 1 1 871 1592 1111
1272 2 2 1 1 989 1552 1312
1273 2 2 1 1 618 1446 617
1274 2 2 1 1 985 1912 1680
1275 2 2 1 1 1263 1696 735
1276 2 2 1 1 140 1614 139
1277 2 2 1 1 631 1615 630
1278 2 2 1 1 636 1616 635
1279 2 2 1 1 688 1617 689
1280 2 2 1 1 82 1608 81
1281 2 2 1 1 339 1609 338
1282 2 2 1 1 363 1610 364
1283 2 2 1 1 453 1611 454
1284 2 2 1 1 462 1612 461
1285 2 2 1 1 468 1613 469
1286 2 2 1 1 1429 1642 378
1287 2 2 1 1 530 1415 931
1288 2 2 1 1 893 1487 1271
1289 2 2 1 1 1441 1700 914
1290 2 2 1 1 1596 1774 1540
1291 2 2 1 1 243 1482 242
1292 2 2 1 1 351 1480 350
1293 2 2 1 1 641 1468 640
1294 2 2 1 1 738 1263 737
1295 2 2 1 1 1628 1765 1053
1296 2 2 1 1 1290 1575 532
1297 2 2 1 1 746 1627 745
1298 2 2 1 1 730 1871 1458
1299 2 2 1 1 1410 1905 1508
1300 2 2 1 1 302 1490 301
1301 2 2 1 1 526 1894 525
1302 2 2 1 1 1411 1906 1627
1303 2 2 1 1 1629 1899 854
1304 2 2 1 1 931 1176 530
1305 2 2 1 1 1386 1581 855
1306 2 2 1 1 1015 1635 1430
1307 2 2 1 1 732 1469 731
1308 2 2 1 1 259 1602 1097
1309 2 2 1 1 1493 1633 863
1310 2 2 1 1 857 1280 873
1311 2 2 1 1 1510 1710 1028
1312 2 2 1 1 1447 1755 756
1313 2 2 1 1 1705 1906 1047
1314 2 2 1 1 806 1097 1055
1315 2 2 1 1 1112 1576 862
1316 2 2 1 1 1051 1565 850
1317 2 2 1 1 978 1909 1752
1318 2 2 1 1 1390 1726 844
1319 2 2 1 1 751 1594 750
1320 2 2 1 1 993 1462 887
1321 2 2 1 1 949 1773 1096
1322 2 2 1 1 798 1550 797
1323 2 2 1 1 739 1127 833
1324 2 2 1 1 850 1738 1051
1325 2 2 1 1 1052 1792 1388
1326 2 2 1 1 1012 1013 898
1327 2 2 1 1 21 1585 20
1328 2 2 1 1 1267 1654 914
1329 2 2 1 1 754 1059 753
1330 2 2 1 1 850 1749 1511
1331 2 2 1 1 1054 1272 904
1332 2 2 1 1 1500 1542 914
1333 2 2 1 1 952 1671 1164
1334 2 2 1 1 703 1567 704
1335 2 2 1 1 946 1742 1262
1336 2 2 1 1 1400 1681 1050
1337 2 2 1 1 1148 1602 902
1338 2 2 1 1 495 1896 1675
1339 2 2 1 1 506 1584 1205
1340 2 2 1 1 579 1352 935
1341 2 2 1 1 827 1637 724
1342 2 2 1 1 928 1265 855
1343 2 2 1 1 935 1228 592
1344 2 2 1 1 1773 1784 1379
1345 2 2 1 1 865 1888 1654
1346 2 2 1 1 1756 1858 1369
1347 2 2 1 1 722 1387 721
1348 2 2 1 1 748 1849 747
1349 2 2 1 1 830 1395 734
1350 2 2 1 1 773 1623 772
1351 2 2 1 1 1051 1738 1270
1352 2 2 1 1 1425 1791 1123
1353 2 2 1 1 877 1474 1150
1354 2 2 1 1 662 1416 663
1355 2 2 1 1 534 1578 533
1356 2 2 1 1 1150 1151 877
1357 2 2 1 1 1151 1152 877
1358 2 2 1 1 878 1224 1222
1359 2 2 1 1 820 1368 726
1360 2 2 1 1 843 1770 867
1361 2 2 1 1 362 1639 361
1362 2 2 1 1 364 1639 363
1363 2 2 1 1 1262 1742 1585
1364 2 2 1 1 1052 1397 1257
1365 2 2 1 1 1465 1672 512
1366 2 2 1 1 601 1900 1629
1367 2 2 1 1 747 1849 1388
1368 2 2 1 1 1664 1781 47
1369 2 2 1 1 1379 1724 874
1370 2 2 1 1 780 1461 1034
1371 2 2 1 1 849 1765 1628
1372 2 2 1 1 262 1716 812
1373 2 2 1 1 1113 1489 987
1374 2 2 1 1 895 1542 1107
1375 2 2 1 1 821 1266 718
1376 2 2 1 1 851 1858 1756
1377 2 2 1 1 1702 1765 849
1378 2 2 1 1 674 1797 1081
1379 2 2 1 1 1109 1461 780
1380 2 2 1 1 1511 1737 1292
1381 2 2 1 1 739 1814 1393
1382 2 2 1 1 736 1263 735
1383 2 2 1 1 1107 1499 846
1384 2 2 1 1 888 1114 853
1385 2 2 1 1 393 1580 392
1386 2 2 1 1 395 1580 394
1387 2 2 1 1 731 1469 1412
1388 2 2 1 1 1595 1785 1784
1389 2 2 1 1 1384 1680 1476
1390 2 2 1 1 1233 1236 879
1391 2 2 1 1 744 1703 1430
1392 2 2 1 1 1312 1730 989
1393 2 2 1 1 104 1420 103
1394 2 2 1 1 335 1421 336
1395 2 2 1 1 694 1419 695
1396 2 2 1 1 1038 1493 879
1397 2 2 1 1 823 1728 311
1398 2 2 1 1 677 1746 676
1399 2 2 1 1 683 1601 684
1400 2 2 1 1 1425 1592 871
1401 2 2 1 1 823 1830 824
1402 2 2 1 1 1523 1754 1279
1403 2 2 1 1 1292 1741 1467
1404 2 2 1 1 264 1693 263
1405 2 2 1 1 1447 1910 1665
1406 2 2 1 1 822 1838 997
1407 2 2 1 1 837 1638 934
1408 2 2 1 1 907 1543 1024
1409 2 2 1 1 720 1566 826
1410 2 2 1 1 565 1496 566
1411 2 2 1 1 1077 1860 1444
1412 2 2 1 1 1285 1473 1025
1413 2 2 1 1 879 1869 1038
1414 2 2 1 1 914 1777 1441
1415 2 2 1 1 962 1177 931
1416 2 2 1 1 366 1538 365
1417 2 2 1 1 716 1368 820
1418 2 2 1 1 15 1857 14
1419 2 2 1 1 45 1281 237
1420 2 2 1 1 692 1751 691
1421 2 2 1 1 864 1116 891
1422 2 2 1 1 1062 1599 838
1423 2 2 1 1 1101 1588 1389
1424 2 2 1 1 1667 1725 1492
1425 2 2 1 1 678 1081 679
1426 2 2 1 1 1258 1650 735
1427 2 2 1 1 782 1443 781
1428 2 2 1 1 873 1260 857
1429 2 2 1 1 1625 1690 840
1430 2 2 1 1 972 1565 1051
1431 2 2 1 1 436 1033 435
1432 2 2 1 1 497 1032 498
1433 2 2 1 1 1470 1743 842
1434 2 2 1 1 1273 1813 1498
1435 2 2 1 1 914 1654 1264
1436 2 2 1 1 1271 1487 870
1437 2 2 1 1 1368 1485 919
1438 2 2 1 1 37 1845 36
1439 2 2 1 1 740 1435 834
1440 2 2 1 1 944 1569 1447
1441 2 2 1 1 706 1590 707
1442 2 2 1 1 1430 1808 743
1443 2 2 1 1 891 1225 878
1444 2 2 1 1 919 1491 1490
1445 2 2 1 1 808 1727 261
1446 2 2 1 1 98 1295 97
1447 2 2 1 1 111 1297 110
1448 2 2 1 1 144 1300 143
1449 2 2 1 1 145 1301 144
1450 2 2 1 1 189 1303 188
1451 2 2 1 1 202 1304 201
1452 2 2 1 1 242 1305 241
1453 2 2 1 1 302 1306 303
1454 2 2 1 1 313 1307 312
1455 2 2 1 1 325 1310 324
1456 2 2 1 1 325 1311 326
1457 2 2 1 1 344 1315 343
1458 2 2 1 1 351 1318 352
1459 2 2 1 1 352 1320 351
1460 2 2 1 1 374 1323 373
1461 2 2 1 1 436 1333 437
1462 2 2 1 1 499 1342 498
1463 2 2 1 1 501 1343 500
1464 2 2 1 1 521 1346 520
1465 2 2 1 1 525 1347 526
1466 2 2 1 1 532 1348 533
1467 2 2 1 1 565 1349 564
1468 2 2 1 1 567 1350 566
1469 2 2 1 1 611 1353 612
1470 2 2 1 1 612 1354 611
1471 2 2 1 1 619 1355 618
1472 2 2 1 1 647 1358 648
1473 2 2 1 1 648 1359 649
1474 2 2 1 1 679 1363 678
1475 2 2 1 1 1599 1825 1506
1476 2 2 1 1 809 1570 808
1477 2 2 1 1 811 1571 810
1478 2 2 1 1 756 1755 755
1479 2 2 1 1 837 1785 1638
1480 2 2 1 1 789 1835 34
1481 2 2 1 1 819 1485 716
1482 2 2 1 1 1018 1632 986
1483 2 2 1 1 1060 1786 1623
1484 2 2 1 1 1505 1821 1078
1485 2 2 1 1 1061 1442 1401
1486 2 2 1 1 1274 1692 1544
1487 2 2 1 1 1505 1681 1400
1488 2 2 1 1 259 1739 902
1489 2 2 1 1 918 1313 1312
1490 2 2 1 1 1111 1592 1272
1491 2 2 1 1 750 1594 1537
1492 2 2 1 1 1510 1623 773
1493 2 2 1 1 1471 1472 1098
1494 2 2 1 1 878 1702 849
1495 2 2 1 1 904 1099 1070
1496 2 2 1 1 449 1587 450
1497 2 2 1 1 1383 1520 1016
1498 2 2 1 1 1623 1786 1403
1499 2 2 1 1 1455 1636 932
1500 2 2 1 1 884 1115 854
1501 2 2 1 1 737 1460 738
1502 2 2 1 1 797 1568 149
1503 2 2 1 1 1030 1637 827
1504 2 2 1 1 930 1544 1319
1505 2 2 1 1 1373 1698 1383
1506 2 2 1 1 883 954 859
1507 2 2 1 1 68 1119 67
1508 2 2 1 1 547 1044 546
1509 2 2 1 1 693 1046 694
1510 2 2 1 1 694 1067 693
1511 2 2 1 1 108 1040 107
1512 2 2 1 1 331 1041 332
1513 2 2 1 1 370 1042 369
1514 2 2 1 1 416 1043 415
1515 2 2 1 1 488 1045 487
1516 2 2 1 1 556 1066 557
1517 2 2 1 1 597 1064 598
1518 2 2 1 1 690 1046 691
1519 2 2 1 1 105 1040 104
1520 2 2 1 1 334 1041 335
1521 2 2 1 1 367 1042 366
1522 2 2 1 1 413 1043 412
1523 2 2 1 1 485 1045 484
1524 2 2 1 1 317 1100 316
1525 2 2 1 1 657 1013 1012
1526 2 2 1 1 458 1002 1001
1527 2 2 1 1 1135 1687 56
1528 2 2 1 1 226 1660 225
1529 2 2 1 1 228 1660 227
1530 2 2 1 1 621 1661 622
1531 2 2 1 1 623 1661 624
1532 2 2 1 1 1240 1709 666
1533 2 2 1 1 1415 1745 866
1534 2 2 1 1 1625 1733 1487
1535 2 2 1 1 494 1676 1203
1536 2 2 1 1 1471 1766 1102
1537 2 2 1 1 47 1781 46
1538 2 2 1 1 1439 1786 1381
1539 2 2 1 1 718 1806 1599
1540 2 2 1 1 1097 1118 201
1541 2 2 1 1 123 1473 122
1542 2 2 1 1 209 1474 208
1543 2 2 1 1 1054 1471 1102
1544 2 2 1 1 1021 1653 1650
1545 2 2 1 1 991 1542 1067
1546 2 2 1 1 72 1119 71
1547 2 2 1 1 329 1790 330
1548 2 2 1 1 771 1523 770
1549 2 2 1 1 846 1499 1083
1550 2 2 1 1 1247 1359 942
1551 2 2 1 1 1671 1707 889
1552 2 2 1 1 892 1487 893
1553 2 2 1 1 1371 1826 1024
1554 2 2 1 1 378 1663 379
1555 2 2 1 1 380 1663 381
1556 2 2 1 1 632 1564 633
1557 2 2 1 1 73 1553 72
1558 2 2 1 1 162 1662 161
1559 2 2 1 1 164 1662 163
1560 2 2 1 1 392 1558 391
1561 2 2 1 1 567 1497 568
1562 2 2 1 1 853 1760 1259
1563 2 2 1 1 860 1719 1276
1564 2 2 1 1 1454 1541 951
1565 2 2 1 1 721 1495 722
1566 2 2 1 1 411 1329 924
1567 2 2 1 1 1439 1449 844
1568 2 2 1 1 1091 1442 1061
1569 2 2 1 1 791 1664 47
1570 2 2 1 1 590 1089 589
1571 2 2 1 1 184 1659 183
1572 2 2 1 1 186 1659 185
1573 2 2 1 1 1367 1470 842
1574 2 2 1 1 768 1104 767
1575 2 2 1 1 939 1690 1048
1576 2 2 1 1 805 1668 257
1577 2 2 1 1 519 1504 520
1578 2 2 1 1 548 1044 547
1579 2 2 1 1 557 1066 558
1580 2 2 1 1 558 1066 559
1581 2 2 1 1 598 1064 599
1582 2 2 1 1 675 1081 676
1583 2 2 1 1 676 1081 677
1584 2 2 1 1 691 1046 692
1585 2 2 1 1 692 1046 693
1586 2 2 1 1 695 1067 694
1587 2 2 1 1 696 1067 695
1588 2 2 1 1 106 1040 105
1589 2 2 1 1 107 1040 106
1590 2 2 1 1 332 1041 333
1591 2 2 1 1 333 1041 334
1592 2 2 1 1 368 1042 367
1593 2 2 1 1 369 1042 368
1594 2 2 1 1 414 1043 413
1595 2 2 1 1 415 1043 414
1596 2 2 1 1 486 1045 485
1597 2 2 1 1 487 1045 486
1598 2 2 1 1 553 1065 552
1599 2 2 1 1 1078 1821 1603
1600 2 2 1 1 45 1102 44
1601 2 2 1 1 862 1745 1415
1602 2 2 1 1 1070 1472 904
1603 2 2 1 1 377 1663 378
1604 2 2 1 1 1257 1757 1052
1605 2 2 1 1 756 1882 1447
1606 2 2 1 1 603 1828 602
1607 2 2 1 1 27 1657 26
1608 2 2 1 1 29 1657 28
1609 2 2 1 1 1053 1582 1581
1610 2 2 1 1 195 1602 194
1611 2 2 1 1 836 1786 1439
1612 2 2 1 1 686 1502 932
1613 2 2 1 1 444 1087 445
1614 2 2 1 1 880 1262 853
1615 2 2 1 1 359 1655 360
1616 2 2 1 1 361 1655 362
1617 2 2 1 1 455 1656 456
1618 2 2 1 1 1442 1812 1401
1619 2 2 1 1 831 1696 738
1620 2 2 1 1 1540 1670 1407
1621 2 2 1 1 1595 1774 1596
1622 2 2 1 1 857 959 916
1623 2 2 1 1 1122 1767 1258
1624 2 2 1 1 1389 1588 1074
1625 2 2 1 1 1079 1851 1569
1626 2 2 1 1 1486 1874 741
1627 2 2 1 1 1292 1738 850
1628 2 2 1 1 910 1565 972
1629 2 2 1 1 1401 1812 1794
1630 2 2 1 1 1272 1592 904
1631 2 2 1 1 620 1548 621
1632 2 2 1 1 225 1547 224
1633 2 2 1 1 1017 1376 1048
1634 2 2 1 1 913 1086 861
1635 2 2 1 1 776 1533 775
1636 2 2 1 1 759 1665 758
1637 2 2 1 1 836 1789 1382
1638 2 2 1 1 1050 1759 1400
1639 2 2 1 1 552 1466 551
1640 2 2 1 1 1024 1826 1391
1641 2 2 1 1 1067 1542 1252
1642 2 2 1 1 900 1001 884
1643 2 2 1 1 1259 1269 858
1644 2 2 1 1 738 1744 831
1645 2 2 1 1 951 1549 1454
1646 2 2 1 1 568 1497 1218
1647 2 2 1 1 1595 1784 1773
1648 2 2 1 1 34 1456 43
1649 2 2 1 1 1573 1680 1434
1650 2 2 1 1 985 1680 1573
1651 2 2 1 1 934 1470 1367
1652 2 2 1 1 1433 1466 890
1653 2 2 1 1 750 1404 749
1654 2 2 1 1 329 1069 328
1655 2 2 1 1 576 1087 575
1656 2 2 1 1 865 1267 970
1657 2 2 1 1 1005 1896 495
1658 2 2 1 1 13 1777 1488
1659 2 2 1 1 507 1584 506
1660 2 2 1 1 22 1822 21
1661 2 2 1 1 24 1822 23
1662 2 2 1 1 1391 1826 978
1663 2 2 1 1 1223 1711 935
1664 2 2 1 1 453 1423 452
1665 2 2 1 1 1082 1633 1457
1666 2 2 1 1 853 1262 987
1667 2 2 1 1 827 1545 1030
1668 2 2 1 1 762 1898 1073
1669 2 2 1 1 1410 1508 845
1670 2 2 1 1 730 1458 1422
1671 2 2 1 1 793 1607 792
1672 2 2 1 1 368 1829 369
1673 2 2 1 1 1485 1491 919
1674 2 2 1 1 934 1724 837
1675 2 2 1 1 680 1832 681
1676 2 2 1 1 682 1832 683
1677 2 2 1 1 1077 1912 1105
1678 2 2 1 1 1488 1756 1056
1679 2 2 1 1 760 1803 759
1680 2 2 1 1 1079 1640 1078
1681 2 2 1 1 1060 1510 1454
1682 2 2 1 1 1565 1749 850
1683 2 2 1 1 855 1265 882
1684 2 2 1 1 1111 1725 871
1685 2 2 1 1 848 1481 1463
1686 2 2 1 1 640 1631 639
1687 2 2 1 1 1085 1906 1506
1688 2 2 1 1 946 1427 1128
1689 2 2 1 1 1259 1740 1269
1690 2 2 1 1 820 1796 716
1691 2 2 1 1 1126 1284 61
1692 2 2 1 1 823 1165 822
1693 2 2 1 1 864 1058 890
1694 2 2 1 1 1208 1210 896
1695 2 2 1 1 1652 1875 1279
1696 2 2 1 1 917 1779 865
1697 2 2 1 1 14 1857 1499
1698 2 2 1 1 991 1771 1542
1699 2 2 1 1 257 255 256
1700 2 2 1 1 91 1837 90
1701 2 2 1 1 340 1839 341
1702 2 2 1 1 454 1842 453
1703 2 2 1 1 39 1845 38
1704 2 2 1 1 380 1847 379
1705 2 2 1 1 698 1850 699
1706 2 2 1 1 1593 1888 1373
1707 2 2 1 1 824 1830 1816
1708 2 2 1 1 915 1420 867
1709 2 2 1 1 1058 1433 890
1710 2 2 1 1 950 1567 703
1711 2 2 1 1 1458 1715 753
1712 2 2 1 1 1624 1872 852
1713 2 2 1 1 979 1247 942
1714 2 2 1 1 753 1715 752
1715 2 2 1 1 592 1515 935
1716 2 2 1 1 1091 1725 1667
1717 2 2 1 1 1581 1582 844
1718 2 2 1 1 978 1826 1133
1719 2 2 1 1 1162 1838 822
1720 2 2 1 1 678 1636 677
1721 2 2 1 1 172 1088 171
1722 2 2 1 1 174 1088 173
1723 2 2 1 1 1509 1750 1050
1724 2 2 1 1 1475 1688 648
1725 2 2 1 1 1478 1770 843
1726 2 2 1 1 1142 1479 1141
1727 2 2 1 1 887 1462 1367
1728 2 2 1 1 1054 1664 1272
1729 2 2 1 1 780 1034 779
1730 2 2 1 1 983 1880 1310
1731 2 2 1 1 1441 1777 13
1732 2 2 1 1 849 1628 1058
1733 2 2 1 1 377 1642 376
1734 2 2 1 1 1117 1885 1527
1735 2 2 1 1 918 1621 1313
1736 2 2 1 1 849 1717 878
1737 2 2 1 1 754 1862 1059
1738 2 2 1 1 1027 1875 1652
1739 2 2 1 1 521 1503 522
1740 2 2 1 1 779 1783 778
1741 2 2 1 1 1408 1803 943
1742 2 2 1 1 443 1190 444
1743 2 2 1 1 508 1204 509
1744 2 2 1 1 698 1253 697
1745 2 2 1 1 1724 1784 837
1746 2 2 1 1 861 967 913
1747 2 2 1 1 1527 1576 894
1748 2 2 1 1 891 1717 864
1749 2 2 1 1 132 1525 131
1750 2 2 1 1 157 1035 156
1751 2 2 1 1 161 1035 160
1752 2 2 1 1 381 1036 382
1753 2 2 1 1 483 1037 482
1754 2 2 1 1 638 1038 639
1755 2 2 1 1 859 1396 883
1756 2 2 1 1 1540 1774 949
1757 2 2 1 1 687 1883 686
1758 2 2 1 1 772 1754 771
1759 2 2 1 1 1141 1479 923
1760 2 2 1 1 405 1887 406
1761 2 2 1 1 1527 1672 1117
1762 2 2 1 1 1268 1546 976
1763 2 2 1 1 1319 1544 916
1764 2 2 1 1 765 1638 764
1765 2 2 1 1 1272 1607 1111
1766 2 2 1 1 1146 1748 153
1767 2 2 1 1 821 1848 1266
1768 2 2 1 1 781 1109 780
1769 2 2 1 1 862 1415 905
1770 2 2 1 1 1098 1472 1083
1771 2 2 1 1 1263 1437 737
1772 2 2 1 1 1071 1670 1377
1773 2 2 1 1 260 1586 807
1774 2 2 1 1 861 1487 892
1775 2 2 1 1 1153 1735 877
1776 2 2 1 1 1543 1652 1382
1777 2 2 1 1 1487 1733 870
1778 2 2 1 1 1060 1623 1510
1779 2 2 1 1 1019 1564 1194
1780 2 2 1 1 880 1427 946
1781 2 2 1 1 876 1268 976
1782 2 2 1 1 841 1787 1633
1783 2 2 1 1 890 937 864
1784 2 2 1 1 924 1044 411
1785 2 2 1 1 512 1672 1007
1786 2 2 1 1 1514 1515 592
1787 2 2 1 1 446 1453 445
1788 2 2 1 1 735 1653 1291
1789 2 2 1 1 1527 1885 1410
1790 2 2 1 1 819 1589 715
1791 2 2 1 1 1542 1771 914
1792 2 2 1 1 1550 1721 1377
1793 2 2 1 1 1311 1730 1312
1794 2 2 1 1 832 1821 1505
1795 2 2 1 1 1023 1730 323
1796 2 2 1 1 733 1516 828
1797 2 2 1 1 1399 1698 669
1798 2 2 1 1 602 1577 601
1799 2 2 1 1 1397 1575 1257
1800 2 2 1 1 987 1760 853
1801 2 2 1 1 559 1066 560
1802 2 2 1 1 677 1081 678
1803 2 2 1 1 554 1065 553
1804 2 2 1 1 674 1081 675
1805 2 2 1 1 697 1067 696
1806 2 2 1 1 1533 1710 775
1807 2 2 1 1 1666 1724 934
1808 2 2 1 1 745 1703 744
1809 2 2 1 1 983 1310 926
1810 2 2 1 1 495 1675 494
1811 2 2 1 1 1452 1706 875
1812 2 2 1 1 1569 1755 1447
1813 2 2 1 1 1092 1729 1694
1814 2 2 1 1 1058 1717 849
1815 2 2 1 1 752 1369 751
1816 2 2 1 1 882 1124 855
1817 2 2 1 1 766 1743 1470
1818 2 2 1 1 1059 1458 753
1819 2 2 1 1 1107 1542 1500
1820 2 2 1 1 330 1069 329
1821 2 2 1 1 575 1087 574
1822 2 2 1 1 328 1069 327
1823 2 2 1 1 447 1087 576
1824 2 2 1 1 1301 1302 994
1825 2 2 1 1 1313 1621 1029
1826 2 2 1 1 1028 1710 1533
1827 2 2 1 1 1175 1558 961
1828 2 2 1 1 1289 1658 728
1829 2 2 1 1 1290 1578 896
1830 2 2 1 1 723 1545 827
1831 2 2 1 1 743 1808 1
1832 2 2 1 1 945 1597 1596
1833 2 2 1 1 1266 1848 1684
1834 2 2 1 1 750 1537 1404
1835 2 2 1 1 1048 1392 1292
1836 2 2 1 1 825 1309 318
1837 2 2 1 1 1053 1581 1386
1838 2 2 1 1 986 1861 1018
1839 2 2 1 1 853 1114 880
1840 2 2 1 1 480 1643 481
1841 2 2 1 1 1 1808 784
1842 2 2 1 1 550 1780 1731
1843 2 2 1 1 1323 1856 373
1844 2 2 1 1 1628 1731 1058
1845 2 2 1 1 1476 1759 1050
1846 2 2 1 1 1498 1803 760
1847 2 2 1 1 722 1541 1277
1848 2 2 1 1 995 1148 902
1849 2 2 1 1 1313 1790 329
1850 2 2 1 1 1128 1427 41
1851 2 2 1 1 1276 1719 1673
1852 2 2 1 1 1177 1327 931
1853 2 2 1 1 1092 1864 1573
1854 2 2 1 1 866 962 931
1855 2 2 1 1 201 1118 200
1856 2 2 1 1 1752 1909 1424
1857 2 2 1 1 1636 1746 677
1858 2 2 1 1 144 1301 994
1859 2 2 1 1 778 1783 1551
1860 2 2 1 1 1498 1813 943
1861 2 2 1 1 136 1145 135
1862 2 2 1 1 550 1782 1217
1863 2 2 1 1 1253 1932 493
1864 2 2 1 1 851 1888 1593
1865 2 2 1 1 777 1793 776
1866 2 2 1 1 585 1711 584
1867 2 2 1 1 183 1522 182
1868 2 2 1 1 1273 1815 1630
1869 2 2 1 1 578 1674 577
1870 2 2 1 1 764 1638 1450
1871 2 2 1 1 1274 1853 1704
1872 2 2 1 1 951 1541 1378
1873 2 2 1 1 993 1299 131
1874 2 2 1 1 1641 1815 1273
1875 2 2 1 1 905 1112 862
1876 2 2 1 1 1197 1339 885
1877 2 2 1 1 1091 1536 1442
1878 2 2 1 1 961 1558 927
1879 2 2 1 1 1117 1465 1094
1880 2 2 1 1 1058 1731 1433
1881 2 2 1 1 1393 1444 950
1882 2 2 1 1 1804 1813 1434
1883 2 2 1 1 990 1668 877
1884 2 2 1 1 1374 1621 918
1885 2 2 1 1 848 1852 1481
1886 2 2 1 1 1392 1741 1292
1887 2 2 1 1 1524 1832 680
1888 2 2 1 1 868 1464 1125
1889 2 2 1 1 943 1803 1498
1890 2 2 1 1 684 1601 1014
1891 2 2 1 1 1201 1831 492
1892 2 2 1 1 1206 1908 513
1893 2 2 1 1 761 1372 760
1894 2 2 1 1 63 1126 62
1895 2 2 1 1 619 1646 1239
1896 2 2 1 1 12 1293 11
1897 2 2 1 1 1252 1751 1067
1898 2 2 1 1 868 1899 1629
1899 2 2 1 1 1401 1866 1061
1900 2 2 1 1 1629 1844 601
1901 2 2 1 1 1442 1868 933
1902 2 2 1 1 768 1389 1104
1903 2 2 1 1 840 1733 1625
1904 2 2 1 1 784 1635 783
1905 2 2 1 1 1743 1879 1579
1906 2 2 1 1 50 1868 49
1907 2 2 1 1 562 1677 563
1908 2 2 1 1 1275 1295 98
1909 2 2 1 1 35 1281 45
1910 2 2 1 1 741 1712 1396
1911 2 2 1 1 1282 1443 1015
1912 2 2 1 1 856 1795 897
1913 2 2 1 1 891 1227 1225
1914 2 2 1 1 1009 1174 386
1915 2 2 1 1 473 1197 1004
1916 2 2 1 1 1011 1222 581
1917 2 2 1 1 1025 1579 843
1918 2 2 1 1 774 1710 1510
1919 2 2 1 1 807 1526 259
1920 2 2 1 1 1164 1671 889
1921 2 2 1 1 1015 1775 1635
1922 2 2 1 1 941 1795 1467
1923 2 2 1 1 759 1803 1665
1924 2 2 1 1 878 1222 1011
1925 2 2 1 1 800 1572 799
1926 2 2 1 1 1443 1775 1015
1927 2 2 1 1 1606 1893 952
1928 2 2 1 1 1048 1737 939
1929 2 2 1 1 1264 1756 1488
1930 2 2 1 1 1632 1902 986
1931 2 2 1 1 182 1063 181
1932 2 2 1 1 749 1402 748
1933 2 2 1 1 834 1712 741
1934 2 2 1 1 1624 1911 1394
1935 2 2 1 1 647 1688 646
1936 2 2 1 1 55 1687 54
1937 2 2 1 1 724 1671 827
1938 2 2 1 1 1310 1626 926
1939 2 2 1 1 852 1872 1412
1940 2 2 1 1 1279 1875 1523
1941 2 2 1 1 304 1723 303
1942 2 2 1 1 861 1625 1487
1943 2 2 1 1 861 1261 967
1944 2 2 1 1 865 1654 1267
1945 2 2 1 1 499 1072 500
1946 2 2 1 1 242 1482 996
1947 2 2 1 1 77 1137 1136
1948 2 2 1 1 1141 1298 114
1949 2 2 1 1 127 1299 1144
1950 2 2 1 1 1148 1303 192
1951 2 2 1 1 216 1153 1152
1952 2 2 1 1 234 1281 1157
1953 2 2 1 1 424 1187 1185
1954 2 2 1 1 1186 1188 426
1955 2 2 1 1 1193 1195 464
1956 2 2 1 1 475 1339 1197
1957 2 2 1 1 1205 1343 504
1958 2 2 1 1 515 1345 1207
1959 2 2 1 1 538 1210 1208
1960 2 2 1 1 1209 1211 540
1961 2 2 1 1 1219 1350 570
1962 2 2 1 1 572 1220 1219
1963 2 2 1 1 1224 1225 586
1964 2 2 1 1 1191 1231 598
1965 2 2 1 1 625 1356 1241
1966 2 2 1 1 654 1360 1248
1967 2 2 1 1 936 1689 1289
1968 2 2 1 1 851 1756 1264
1969 2 2 1 1 868 1539 1464
1970 2 2 1 1 1312 1552 918
1971 2 2 1 1 1511 1512 939
1972 2 2 1 1 996 1482 829
1973 2 2 1 1 1383 1399 870
1974 2 2 1 1 724 1637 725
1975 2 2 1 1 1046 1617 876
1976 2 2 1 1 555 1697 556
1977 2 2 1 1 1376 1392 1048
1978 2 2 1 1 1404 1537 1520
1979 2 2 1 1 834 1689 740
1980 2 2 1 1 1051 1211 972
1981 2 2 1 1 1551 1783 986
1982 2 2 1 1 1552 1830 823
1983 2 2 1 1 1369 1889 1756
1984 2 2 1 1 897 1333 1331
1985 2 2 1 1 1127 1811 833
1986 2 2 1 1 26 1605 25
1987 2 2 1 1 1498 1863 1273
1988 2 2 1 1 896 962 866
1989 2 2 1 1 1551 1793 777
1990 2 2 1 1 679 1524 680
1991 2 2 1 1 581 1351 1011
1992 2 2 1 1 386 1325 1009
1993 2 2 1 1 1004 1338 473
1994 2 2 1 1 1014 1365 684
1995 2 2 1 1 332 1069 331
1996 2 2 1 1 869 1538 999
1997 2 2 1 1 1731 1782 550
1998 2 2 1 1 937 1732 864
1999 2 2 1 1 1050 1681 1509
2000 2 2 1 1 839 1749 1398
2001 2 2 1 1 1627 1703 745
2002 2 2 1 1 43 1456 1128
2003 2 2 1 1 953 1810 1489
2004 2 2 1 1 728 1658 729
2005 2 2 1 1 925 1228 935
2006 2 2 1 1 876 1419 1046
2007 2 2 1 1 262 1767 1716
2008 2 2 1 1 1477 1823 135
2009 2 2 1 1 1387 1606 721
2010 2 2 1 1 949 1670 1540
2011 2 2 1 1 721 1606 826
2012 2 2 1 1 865 1779 1373
2013 2 2 1 1 1759 1912 1077
2014 2 2 1 1 1476 1912 1759
2015 2 2 1 1 934 1638 1470
2016 2 2 1 1 1404 1512 1402
2017 2 2 1 1 261 1727 1586
2018 2 2 1 1 736 1437 1263
2019 2 2 1 1 833 1811 832
2020 2 2 1 1 847 1768 875
2021 2 2 1 1 999 1538 1042
2022 2 2 1 1 991 1067 697
2023 2 2 1 1 1445 1577 1234
2024 2 2 1 1 1123 1248 1012
2025 2 2 1 1 775 1710 774
2026 2 2 1 1 1458 1871 1131
2027 2 2 1 1 795 1667 1492
2028 2 2 1 1 858 1095 877
2029 2 2 1 1 1083 1472 846
2030 2 2 1 1 369 1829 1172
2031 2 2 1 1 728 1794 1289
2032 2 2 1 1 81 1608 80
2033 2 2 1 1 338 1609 337
2034 2 2 1 1 362 1610 363
2035 2 2 1 1 454 1611 455
2036 2 2 1 1 463 1612 462
2037 2 2 1 1 467 1613 468
2038 2 2 1 1 139 1614 138
2039 2 2 1 1 169 1521 168
2040 2 2 1 1 630 1615 629
2041 2 2 1 1 635 1616 634
2042 2 2 1 1 689 1617 690
2043 2 2 1 1 1492 1669 794
2044 2 2 1 1 311 1165 823
2045 2 2 1 1 501 1480 502
2046 2 2 1 1 665 1709 664
2047 2 2 1 1 794 1669 793
2048 2 2 1 1 803 1583 802
2049 2 2 1 1 783 1775 782
2050 2 2 1 1 918 1708 1374
2051 2 2 1 1 1169 1655 359
2052 2 2 1 1 1134 1657 29
2053 2 2 1 1 878 1717 891
2054 2 2 1 1 821 1897 719
2055 2 2 1 1 835 1619 1486
2056 2 2 1 1 438 1064 437
2057 2 2 1 1 828 1653 1021
2058 2 2 1 1 1398 1749 1565
2059 2 2 1 1 1694 1729 1409
2060 2 2 1 1 624 1661 1242
2061 2 2 1 1 1156 1660 228
2062 2 2 1 1 691 1751 1251
2063 2 2 1 1 741 1874 834
2064 2 2 1 1 990 1574 257
2065 2 2 1 1 1409 1729 1071
2066 2 2 1 1 1511 1749 839
2067 2 2 1 1 796 1667 795
2068 2 2 1 1 1028 1541 1454
2069 2 2 1 1 881 1620 1544
2070 2 2 1 1 932 1502 895
2071 2 2 1 1 952 1893 1671
2072 2 2 1 1 1595 1596 1073
2073 2 2 1 1 854 1115 901
2074 2 2 1 1 788 1699 787
2075 2 2 1 1 846 1472 1070
2076 2 2 1 1 1097 1304 1055
2077 2 2 1 1 786 1700 785
2078 2 2 1 1 871 1791 1425
2079 2 2 1 1 742 1619 835
2080 2 2 1 1 1068 1691 951
2081 2 2 1 1 5 1134 31
2082 2 2 1 1 75 1136 74
2083 2 2 1 1 78 1137 77
2084 2 2 1 1 83 1138 82
2085 2 2 1 1 89 1139 88
2086 2 2 1 1 93 1140 92
2087 2 2 1 1 114 1298 113
2088 2 2 1 1 125 1144 124
2089 2 2 1 1 128 1299 127
2090 2 2 1 1 141 1300 140
2091 2 2 1 1 154 1146 153
2092 2 2 1 1 192 1303 191
2093 2 2 1 1 197 1916 196
2094 2 2 1 1 200 1916 199
2095 2 2 1 1 222 1155 221
2096 2 2 1 1 231 1156 230
2097 2 2 1 1 232 1157 231
2098 2 2 1 1 235 1281 234
2099 2 2 1 1 239 1305 238
2100 2 2 1 1 306 1161 305
2101 2 2 1 1 305 1306 306
2102 2 2 1 1 318 1309 319
2103 2 2 1 1 338 1167 339
2104 2 2 1 1 340 1314 339
2105 2 2 1 1 345 1316 346
2106 2 2 1 1 347 1315 346
2107 2 2 1 1 356 1169 357
2108 2 2 1 1 361 1170 360
2109 2 2 1 1 364 1171 365
2110 2 2 1 1 371 1322 370
2111 2 2 1 1 371 1172 372
2112 2 2 1 1 382 1173 381
2113 2 2 1 1 382 1919 383
2114 2 2 1 1 390 1175 389
2115 2 2 1 1 392 1176 393
2116 2 2 1 1 394 1327 395
2117 2 2 1 1 408 1179 407
2118 2 2 1 1 407 1329 408
2119 2 2 1 1 421 1184 422
2120 2 2 1 1 422 1185 421
2121 2 2 1 1 425 1187 424
2122 2 2 1 1 425 1186 426
2123 2 2 1 1 428 1188 429
2124 2 2 1 1 430 1331 431
2125 2 2 1 1 431 1925 430
2126 2 2 1 1 442 1190 443
2127 2 2 1 1 452 1192 453
2128 2 2 1 1 456 1335 455
2129 2 2 1 1 461 1336 460
2130 2 2 1 1 461 1193 462
2131 2 2 1 1 464 1195 465
2132 2 2 1 1 466 1194 465
2133 2 2 1 1 469 1196 468
2134 2 2 1 1 469 1337 470
2135 2 2 1 1 476 1339 475
2136 2 2 1 1 476 1198 477
2137 2 2 1 1 486 1341 487
2138 2 2 1 1 491 1201 492
2139 2 2 1 1 496 1342 495
2140 2 2 1 1 502 1204 503
2141 2 2 1 1 504 1343 503
2142 2 2 1 1 511 1344 510
2143 2 2 1 1 514 1206 513
2144 2 2 1 1 514 1345 515
2145 2 2 1 1 517 1207 518
2146 2 2 1 1 518 1346 517
2147 2 2 1 1 528 1919 527
2148 2 2 1 1 528 1325 529
2149 2 2 1 1 536 1208 535
2150 2 2 1 1 535 1348 536
2151 2 2 1 1 539 1210 538
2152 2 2 1 1 539 1209 540
2153 2 2 1 1 562 1349 561
2154 2 2 1 1 568 1218 569
2155 2 2 1 1 570 1350 569
2156 2 2 1 1 577 1351 578
2157 2 2 1 1 591 1925 590
2158 2 2 1 1 599 1191 598
2159 2 2 1 1 599 1926 600
2160 2 2 1 1 602 1232 603
2161 2 2 1 1 622 1355 621
2162 2 2 1 1 623 1241 622
2163 2 2 1 1 626 1356 625
2164 2 2 1 1 626 1242 627
2165 2 2 1 1 630 1357 631
2166 2 2 1 1 632 1243 631
2167 2 2 1 1 635 1196 636
2168 2 2 1 1 637 1338 636
2169 2 2 1 1 644 1358 645
2170 2 2 1 1 646 1938 645
2171 2 2 1 1 655 1360 654
2172 2 2 1 1 655 1249 656
2173 2 2 1 1 660 1361 659
2174 2 2 1 1 682 1363 681
2175 2 2 1 1 683 1364 682
2176 2 2 1 1 687 1365 688
2177 2 2 1 1 689 1251 688
2178 2 2 1 1 699 1253 698
2179 2 2 1 1 708 1255 707
2180 2 2 1 1 812 1678 811
2181 2 2 1 1 810 1679 809
2182 2 2 1 1 2 1882 756
2183 2 2 1 1 1547 1556 1155
2184 2 2 1 1 893 968 892
2185 2 2 1 1 801 1694 1409
2186 2 2 1 1 1569 1640 1079
2187 2 2 1 1 1074 1658 1486
2188 2 2 1 1 1070 1528 1455
2189 2 2 1 1 98 1718 1275
2190 2 2 1 1 729 1903 1588
2191 2 2 1 1 332 1484 1069
2192 2 2 1 1 342 1673 1314
2193 2 2 1 1 1486 1658 1289
2194 2 2 1 1 1528 1746 1455
2195 2 2 1 1 1037 1045 969
2196 2 2 1 1 1424 1800 1752
2197 2 2 1 1 1752 1800 848
2198 2 2 1 1 1016 1594 1593
2199 2 2 1 1 331 1069 330
2200 2 2 1 1 446 1087 447
2201 2 2 1 1 876 1004 885
2202 2 2 1 1 1289 1794 936
2203 2 2 1 1 1467 1795 856
2204 2 2 1 1 734 1895 830
2205 2 2 1 1 879 1234 1233
2206 2 2 1 1 934 1367 1039
2207 2 2 1 1 1444 1860 1748
2208 2 2 1 1 1019 1194 466
2209 2 2 1 1 827 1893 723
2210 2 2 1 1 1292 1737 1048
2211 2 2 1 1 1520 1537 1016
2212 2 2 1 1 899 942 879
2213 2 2 1 1 399 1093 398
2214 2 2 1 1 947 1474 877
2215 2 2 1 1 1356 1546 974
2216 2 2 1 1 935 1711 925
2217 2 2 1 1 1533 1793 986
2218 2 2 1 1 882 1287 1124
2219 2 2 1 1 979 1647 656
2220 2 2 1 1 858 1269 1095
2221 2 2 1 1 1074 1903 1658
2222 2 2 1 1 1037 1339 479
2223 2 2 1 1 757 1882 2
2224 2 2 1 1 844 1726 1581
2225 2 2 1 1 1581 1726 855
2226 2 2 1 1 864 1717 1058
2227 2 2 1 1 980 1736 1366
2228 2 2 1 1 100 1718 99
2229 2 2 1 1 1698 1779 669
2230 2 2 1 1 902 1739 909
2231 2 2 1 1 1386 1628 1053
2232 2 2 1 1 1289 1874 1486
2233 2 2 1 1 444 1453 966
2234 2 2 1 1 1091 1667 1536
2235 2 2 1 1 1059 1862 1278
2236 2 2 1 1 1454 1549 1060
2237 2 2 1 1 879 1493 863
2238 2 2 1 1 1444 1748 950
2239 2 2 1 1 766 1470 765
2240 2 2 1 1 135 1145 940
2241 2 2 1 1 771 1754 1523
2242 2 2 1 1 153 1748 152
2243 2 2 1 1 1412 1871 730
2244 2 2 1 1 1312 1313 329
2245 2 2 1 1 728 1867 1794
2246 2 2 1 1 1076 1439 1053
2247 2 2 1 1 1258 1696 831
2248 2 2 1 1 984 1815 1809
2249 2 2 1 1 1435 1683 883
2250 2 2 1 1 1386 1731 1628
2251 2 2 1 1 719 1848 821
2252 2 2 1 1 1520 1733 840
2253 2 2 1 1 967 1587 913
2254 2 2 1 1 1537 1594 1016
2255 2 2 1 1 257 1668 990
2256 2 2 1 1 961 1326 1175
2257 2 2 1 1 896 1210 924
2258 2 2 1 1 897 1334 1333
2259 2 2 1 1 719 1708 822
2260 2 2 1 1 1001 1002 884
2261 2 2 1 1 799 1722 150
2262 2 2 1 1 986 1902 1533
2263 2 2 1 1 792 1890 791
2264 2 2 1 1 994 1300 144
2265 2 2 1 1 996 1305 242
2266 2 2 1 1 966 1191 444
2267 2 2 1 1 727 1507 1406
2268 2 2 1 1 755 1862 754
2269 2 2 1 1 1569 1862 1755
2270 2 2 1 1 1500 1700 786
2271 2 2 1 1 1133 1475 978
2272 2 2 1 1 1499 1699 788
2273 2 2 1 1 787 1699 1500
2274 2 2 1 1 725 1707 724
2275 2 2 1 1 881 1544 930
2276 2 2 1 1 324 1730 325
2277 2 2 1 1 1409 1572 800
2278 2 2 1 1 720 1618 320
2279 2 2 1 1 785 1700 1441
2280 2 2 1 1 1018 1861 1507
2281 2 2 1 1 1697 1855 882
2282 2 2 1 1 1105 1912 985
2283 2 2 1 1 1556 1735 1154
2284 2 2 1 1 776 1793 1533
2285 2 2 1 1 1434 1813 1630
2286 2 2 1 1 1638 1785 1450
2287 2 2 1 1 152 1860 1622
2288 2 2 1 1 910 1892 1565
2289 2 2 1 1 1465 1908 1280
2290 2 2 1 1 1161 1163 889
2291 2 2 1 1 1509 1681 1078
2292 2 2 1 1 1139 1554 1428
2293 2 2 1 1 841 1873 1789
2294 2 2 1 1 1187 1189 891
2295 2 2 1 1 1189 1227 891
2296 2 2 1 1 1278 1862 1569
2297 2 2 1 1 906 1590 1254
2298 2 2 1 1 1029 1620 881
2299 2 2 1 1 832 1811 1122
2300 2 2 1 1 887 1367 842
2301 2 2 1 1 1444 1814 1077
2302 2 2 1 1 1104 1743 767
2303 2 2 1 1 1465 1881 1094
2304 2 2 1 1 844 1449 1390
2305 2 2 1 1 1129 1130 929
2306 2 2 1 1 863 1234 879
2307 2 2 1 1 1630 1815 984
2308 2 2 1 1 439 1649 440
2309 2 2 1 1 370 1322 1042
2310 2 2 1 1 674 1798 1797
2311 2 2 1 1 1286 1865 1055
2312 2 2 1 1 150 1721 798
2313 2 2 1 1 882 1855 1287
2314 2 2 1 1 1499 1857 1083
2315 2 2 1 1 1593 1858 851
2316 2 2 1 1 563 1776 564
2317 2 2 1 1 1504 1561 894
2318 2 2 1 1 896 1432 962
2319 2 2 1 1 1448 1810 953
2320 2 2 1 1 940 1666 1477
2321 2 2 1 1 619 1239 992
2322 2 2 1 1 1014 1268 876
2323 2 2 1 1 767 1743 766
2324 2 2 1 1 1094 1886 1117
2325 2 2 1 1 954 1553 1136
2326 2 2 1 1 965 1560 1188
2327 2 2 1 1 993 1555 1144
2328 2 2 1 1 1007 1561 1207
2329 2 2 1 1 633 1564 1019
2330 2 2 1 1 1729 1809 1071
2331 2 2 1 1 950 1736 1393
2332 2 2 1 1 20 1742 19
2333 2 2 1 1 1463 1651 907
2334 2 2 1 1 363 1639 362
2335 2 2 1 1 1596 1597 1073
2336 2 2 1 1 1050 1750 1476
2337 2 2 1 1 1473 1555 887
2338 2 2 1 1 1604 1834 1382
2339 2 2 1 1 1544 1620 1274
2340 2 2 1 1 398 1093 397
2341 2 2 1 1 873 1417 960
2342 2 2 1 1 1397 1891 1575
2343 2 2 1 1 738 1696 1263
2344 2 2 1 1 763 1898 762
2345 2 2 1 1 1757 1792 1052
2346 2 2 1 1 1464 1539 1108
2347 2 2 1 1 448 1075 447
2348 2 2 1 1 1029 1621 1620
2349 2 2 1 1 36 1845 1281
2350 2 2 1 1 1573 1864 985
2351 2 2 1 1 1783 1861 986
2352 2 2 1 1 1476 1750 1384
2353 2 2 1 1 1083 1857 1459
2354 2 2 1 1 1193 1436 968
2355 2 2 1 1 715 1701 819
2356 2 2 1 1 1051 1213 1211
2357 2 2 1 1 1079 1603 1460
2358 2 2 1 1 1809 1815 1407
2359 2 2 1 1 822 1165 1162
2360 2 2 1 1 953 1134 5
2361 2 2 1 1 959 1169 356
2362 2 2 1 1 495 1342 1005
2363 2 2 1 1 1011 1351 577
2364 2 2 1 1 627 1242 975
2365 2 2 1 1 656 1249 979
2366 2 2 1 1 1013 1361 660
2367 2 2 1 1 980 1255 708
2368 2 2 1 1 1543 1834 1082
2369 2 2 1 1 903 966 900
2370 2 2 1 1 1283 1417 873
2371 2 2 1 1 1635 1775 783
2372 2 2 1 1 758 1910 757
2373 2 2 1 1 804 1714 151
2374 2 2 1 1 445 1087 446
2375 2 2 1 1 1506 1705 838
2376 2 2 1 1 394 1580 393
2377 2 2 1 1 951 1691 1549
2378 2 2 1 1 1291 1653 732
2379 2 2 1 1 5 1448 953
2380 2 2 1 1 1704 1705 1094
2381 2 2 1 1 802 1694 801
2382 2 2 1 1 839 1512 1511
2383 2 2 1 1 929 1797 1129
2384 2 2 1 1 732 1653 828
2385 2 2 1 1 1085 1703 1627
2386 2 2 1 1 484 1045 1037
2387 2 2 1 1 1194 1564 911
2388 2 2 1 1 1121 1904 1478
2389 2 2 1 1 867 1770 915
2390 2 2 1 1 676 1746 675
2391 2 2 1 1 1620 1853 1274
2392 2 2 1 1 875 1706 847
2393 2 2 1 1 1025 1479 1285
2394 2 2 1 1 877 1668 947
2395 2 2 1 1 1034 1783 779
2396 2 2 1 1 1516 1760 1110
2397 2 2 1 1 752 1715 1369
2398 2 2 1 1 1372 1498 760
2399 2 2 1 1 318 1618 317
2400 2 2 1 1 301 1684 302
2401 2 2 1 1 522 1686 521
2402 2 2 1 1 566 1682 565
2403 2 2 1 1 67 1683 66
2404 2 2 1 1 500 1685 499
2405 2 2 1 1 1570 1727 808
2406 2 2 1 1 1373 1888 865
2407 2 2 1 1 930 1106 881
2408 2 2 1 1 749 1404 1402
2409 2 2 1 1 1082 1873 1633
2410 2 2 1 1 842 1579 1025
2411 2 2 1 1 856 1738 1467
2412 2 2 1 1 863 1445 1234
2413 2 2 1 1 461 1436 1193
2414 2 2 1 1 374 1080 375
2415 2 2 1 1 790 1102 45
2416 2 2 1 1 1014 1601 1268
2417 2 2 1 1 1376 1677 1392
2418 2 2 1 1 693 1751 692
2419 2 2 1 1 551 1780 550
2420 2 2 1 1 1388 1849 839
2421 2 2 1 1 1633 1873 841
2422 2 2 1 1 867 1420 923
2423 2 2 1 1 831 1821 832
2424 2 2 1 1 477 1876 1340
2425 2 2 1 1 1234 1828 1233
2426 2 2 1 1 906 1748 1146
2427 2 2 1 1 1104 1879 1743
2428 2 2 1 1 732 1720 1469
2429 2 2 1 1 1481 1852 1132
2430 2 2 1 1 1450 1898 763
2431 2 2 1 1 1533 1902 1028
2432 2 2 1 1 1366 1736 703
2433 2 2 1 1 373 1856 1322
2434 2 2 1 1 1789 1873 1604
2435 2 2 1 1 133 1823 132
2436 2 2 1 1 135 1823 134
2437 2 2 1 1 1021 1772 733
2438 2 2 1 1 1381 1786 1060
2439 2 2 1 1 811 1678 1571
2440 2 2 1 1 809 1679 1570
2441 2 2 1 1 1571 1679 810
2442 2 2 1 1 901 1901 854
2443 2 2 1 1 1078 1681 1505
2444 2 2 1 1 719 1897 1708
2445 2 2 1 1 1015 1825 1282
2446 2 2 1 1 976 1616 876
2447 2 2 1 1 930 1319 1318
2448 2 2 1 1 1794 1867 1401
2449 2 2 1 1 1407 1815 1641
2450 2 2 1 1 1630 1813 1273
2451 2 2 1 1 1252 1502 1251
2452 2 2 1 1 889 1557 1161
2453 2 2 1 1 761 1597 1372
2454 2 2 1 1 892 1261 861
2455 2 2 1 1 1368 1707 725
2456 2 2 1 1 1061 1852 1800
2457 2 2 1 1 492 1831 493
2458 2 2 1 1 1675 1676 494
2459 2 2 1 1 1607 1890 792
2460 2 2 1 1 922 1538 869
2461 2 2 1 1 1082 1907 1543
2462 2 2 1 1 1543 1907 1024
2463 2 2 1 1 940 1477 135
2464 2 2 1 1 940 1614 874
2465 2 2 1 1 1413 1507 727
2466 2 2 1 1 1414 1583 803
2467 2 2 1 1 1217 1782 1287
2468 2 2 1 1 997 1848 719
2469 2 2 1 1 1273 1863 1641
2470 2 2 1 1 1237 1901 1353
2471 2 2 1 1 992 1548 620
2472 2 2 1 1 986 1793 1551
2473 2 2 1 1 1708 1897 1374
2474 2 2 1 1 793 1669 1607
2475 2 2 1 1 661 1256 660
2476 2 2 1 1 447 1075 446
2477 2 2 1 1 1259 1760 1516
2478 2 2 1 1 866 1745 1290
2479 2 2 1 1 1277 1541 1028
2480 2 2 1 1 1765 1788 1076
2481 2 2 1 1 1422 1458 1437
2482 2 2 1 1 1565 1892 1398
2483 2 2 1 1 978 1475 1123
2484 2 2 1 1 524 1819 523
2485 2 2 1 1 1094 1881 1692
2486 2 2 1 1 941 1010 912
2487 2 2 1 1 320 1618 319
2488 2 2 1 1 1246 1248 1123
2489 2 2 1 1 1121 1747 742
2490 2 2 1 1 888 1547 1114
2491 2 2 1 1 1076 1789 836
2492 2 2 1 1 1550 1568 797
2493 2 2 1 1 798 1721 1550
2494 2 2 1 1 1568 1801 1302
2495 2 2 1 1 870 1399 938
2496 2 2 1 1 1534 1590 906
2497 2 2 1 1 839 1849 1512
2498 2 2 1 1 1390 1449 847
2499 2 2 1 1 890 1438 937
2500 2 2 1 1 1651 1652 907
2501 2 2 1 1 950 1748 1567
2502 2 2 1 1 1641 1863 945
2503 2 2 1 1 944 1665 1408
2504 2 2 1 1 1022 1584 507
2505 2 2 1 1 1060 1549 1381
2506 2 2 1 1 1068 1768 1691
2507 2 2 1 1 883 1553 954
2508 2 2 1 1 1713 1758 1132
2509 2 2 1 1 181 1088 180
2510 2 2 1 1 742 1747 1389
2511 2 2 1 1 1215 1270 1103
2512 2 2 1 1 227 1660 226
2513 2 2 1 1 622 1661 623
2514 2 2 1 1 782 1775 1443
2515 2 2 1 1 885 1419 876
2516 2 2 1 1 1635 1808 1430
2517 2 2 1 1 1027 1652 1651
2518 2 2 1 1 881 1106 958
2519 2 2 1 1 1038 1869 1245
2520 2 2 1 1 327 1626 326
2521 2 2 1 1 913 1497 1086
2522 2 2 1 1 1095 1895 1501
2523 2 2 1 1 1282 1825 1599
2524 2 2 1 1 896 1578 1562
2525 2 2 1 1 1318 1319 352
2526 2 2 1 1 1333 1334 437
2527 2 2 1 1 877 1735 858
2528 2 2 1 1 1536 1667 796
2529 2 2 1 1 1464 1674 1125
2530 2 2 1 1 865 970 917
2531 2 2 1 1 1692 1704 1094
2532 2 2 1 1 959 1321 916
2533 2 2 1 1 444 1190 1087
2534 2 2 1 1 493 1771 991
2535 2 2 1 1 1388 1792 1084
2536 2 2 1 1 1266 1491 1026
2537 2 2 1 1 1665 1803 1408
2538 2 2 1 1 1435 1712 834
2539 2 2 1 1 1274 1704 1692
2540 2 2 1 1 330 1790 331
2541 2 2 1 1 991 1253 493
2542 2 2 1 1 1508 1905 1411
2543 2 2 1 1 729 1713 728
2544 2 2 1 1 265 1846 1513
2545 2 2 1 1 829 1734 733
2546 2 2 1 1 1296 1420 915
2547 2 2 1 1 1385 1723 1557
2548 2 2 1 1 885 1339 1037
2549 2 2 1 1 1143 1479 1142
2550 2 2 1 1 1414 1714 1105
2551 2 2 1 1 1705 1886 1094
2552 2 2 1 1 985 1864 1105
2553 2 2 1 1 33 1820 32
2554 2 2 1 1 459 1644 1436
2555 2 2 1 1 1671 1893 827
2556 2 2 1 1 1331 1560 897
2557 2 2 1 1 1607 1669 1111
2558 2 2 1 1 379 1663 380
2559 2 2 1 1 594 1695 595
2560 2 2 1 1 631 1564 632
2561 2 2 1 1 74 1553 73
2562 2 2 1 1 90 1554 89
2563 2 2 1 1 124 1555 123
2564 2 2 1 1 163 1662 162
2565 2 2 1 1 221 1556 220
2566 2 2 1 1 305 1557 304
2567 2 2 1 1 391 1558 390
2568 2 2 1 1 393 1559 394
2569 2 2 1 1 429 1560 430
2570 2 2 1 1 518 1561 519
2571 2 2 1 1 535 1562 534
2572 2 2 1 1 536 1563 537
2573 2 2 1 1 186 1761 995
2574 2 2 1 1 866 1290 896
2575 2 2 1 1 1276 1375 1068
2576 2 2 1 1 901 1799 1353
2577 2 2 1 1 822 1708 1552
2578 2 2 1 1 1008 1283 873
2579 2 2 1 1 883 1712 1435
2580 2 2 1 1 1665 1910 758
2581 2 2 1 1 342 1833 1673
2582 2 2 1 1 931 1415 866
2583 2 2 1 1 1507 1861 1406
2584 2 2 1 1 675 1746 1528
2585 2 2 1 1 1133 1826 977
2586 2 2 1 1 1099 1528 1070
2587 2 2 1 1 185 1659 184
2588 2 2 1 1 557 1370 1065
2589 2 2 1 1 1282 1807 1443
2590 2 2 1 1 1163 1164 889
2591 2 2 1 1 1603 1744 1460
2592 2 2 1 1 1008 1686 1283
2593 2 2 1 1 1528 1798 674
2594 2 2 1 1 1567 1748 906
2595 2 2 1 1 933 1294 54
2596 2 2 1 1 404 1328 962
2597 2 2 1 1 474 1337 1003
2598 2 2 1 1 1131 1715 1458
2599 2 2 1 1 730 1422 731
2600 2 2 1 1 175 1529 174
2601 2 2 1 1 673 1532 672
2602 2 2 1 1 437 1064 1033
2603 2 2 1 1 612 1799 613
2604 2 2 1 1 560 1093 559
2605 2 2 1 1 1319 1321 353
2606 2 2 1 1 1071 1572 1409
2607 2 2 1 1 1377 1572 1071
2608 2 2 1 1 1588 1903 1074
2609 2 2 1 1 819 1701 1485
2610 2 2 1 1 896 1562 1208
2611 2 2 1 1 1005 1006 875
2612 2 2 1 1 1061 1866 1852
2613 2 2 1 1 977 1244 646
2614 2 2 1 1 1502 1883 1251
2615 2 2 1 1 1691 1768 847
2616 2 2 1 1 828 1720 732
2617 2 2 1 1 1003 1198 474
2618 2 2 1 1 923 1298 1141
2619 2 2 1 1 1387 1893 1606
2620 2 2 1 1 409 1827 408
2621 2 2 1 1 604 1828 603
2622 2 2 1 1 28 1657 27
2623 2 2 1 1 819 1796 1589
2624 2 2 1 1 994 1302 874
2625 2 2 1 1 943 1813 1804
2626 2 2 1 1 360 1655 361
2627 2 2 1 1 456 1656 457
2628 2 2 1 1 1385 1707 919
2629 2 2 1 1 1027 1481 1132
2630 2 2 1 1 662 1256 661
2631 2 2 1 1 1549 1691 847
2632 2 2 1 1 881 1421 1029
2633 2 2 1 1 1100 1440 316
2634 2 2 1 1 1077 1814 1759
2635 2 2 1 1 1759 1814 1400
2636 2 2 1 1 1277 1632 1387
2637 2 2 1 1 686 1883 1502
2638 2 2 1 1 611 1354 1288
2639 2 2 1 1 1508 1792 845
2640 2 2 1 1 1806 1807 1282
2641 2 2 1 1 1396 1712 883
2642 2 2 1 1 723 1632 1545
2643 2 2 1 1 523 1503 1405
2644 2 2 1 1 1043 1181 1116
2645 2 2 1 1 1432 1887 405
2646 2 2 1 1 1590 1739 708
2647 2 2 1 1 1057 1702 1418
2648 2 2 1 1 1506 1825 1085
2649 2 2 1 1 347 1317 1032
2650 2 2 1 1 1092 1694 1583
2651 2 2 1 1 254 1574 253
2652 2 2 1 1 1250 1416 662
2653 2 2 1 1 1744 1821 831
2654 2 2 1 1 482 1532 483
2655 2 2 1 1 784 1808 1635
2656 2 2 1 1 263 1693 262
2657 2 2 1 1 726 1637 1413
2658 2 2 1 1 644 1869 1358
2659 2 2 1 1 733 1772 829
2660 2 2 1 1 1658 1903 729
2661 2 2 1 1 859 1904 1396
2662 2 2 1 1 72 1553 1119
2663 2 2 1 1 343 1106 344
2664 2 2 1 1 1509 1877 1750
2665 2 2 1 1 721 1859 1495
2666 2 2 1 1 948 1553 883
2667 2 2 1 1 740 1689 1126
2668 2 2 1 1 1056 1889 1131
2669 2 2 1 1 971 1008 873
2670 2 2 1 1 1396 1600 835
2671 2 2 1 1 1678 1811 1571
2672 2 2 1 1 1538 1639 364
2673 2 2 1 1 857 1881 1280
2674 2 2 1 1 911 1357 975
2675 2 2 1 1 942 1359 1358
2676 2 2 1 1 1800 1852 848
2677 2 2 1 1 995 1659 186
2678 2 2 1 1 1086 1376 1017
2679 2 2 1 1 1108 1539 1445
2680 2 2 1 1 789 1766 1471
2681 2 2 1 1 899 979 942
2682 2 2 1 1 1460 1744 738
2683 2 2 1 1 1080 1663 1324
2684 2 2 1 1 949 1774 1773
2685 2 2 1 1 1477 1666 1039
2686 2 2 1 1 854 1899 903
2687 2 2 1 1 1834 1873 1082
2688 2 2 1 1 1621 1853 1620
2689 2 2 1 1 1631 1870 638
2690 2 2 1 1 1093 1370 559
2691 2 2 1 1 1285 1479 1143
2692 2 2 1 1 438 1824 439
2693 2 2 1 1 23 1822 22
2694 2 2 1 1 1244 1938 646
2695 2 2 1 1 708 1739 1526
2696 2 2 1 1 1288 1354 1049
2697 2 2 1 1 1348 1891 910
2698 2 2 1 1 697 1253 991
2699 2 2 1 1 1526 1586 980
2700 2 2 1 1 1034 1461 1406
2701 2 2 1 1 1105 1714 1622
2702 2 2 1 1 343 1833 342
2703 2 2 1 1 791 1890 1664
2704 2 2 1 1 1489 1810 852
2705 2 2 1 1 121 1473 1285
2706 2 2 1 1 207 1474 1286
2707 2 2 1 1 1680 1804 1434
2708 2 2 1 1 1650 1767 1693
2709 2 2 1 1 1355 1446 618
2710 2 2 1 1 1594 1858 1593
2711 2 2 1 1 888 1735 1556
2712 2 2 1 1 1120 1284 936
2713 2 2 1 1 1154 1735 1153
2714 2 2 1 1 1381 1449 1439
2715 2 2 1 1 930 1318 1316
2716 2 2 1 1 367 1829 368
2717 2 2 1 1 513 1908 512
2718 2 2 1 1 1506 1906 1705
2719 2 2 1 1 852 1911 1624
2720 2 2 1 1 1492 1725 1111
2721 2 2 1 1 789 1471 1098
2722 2 2 1 1 877 1095 990
2723 2 2 1 1 669 1779 1778
2724 2 2 1 1 302 1723 1490
2725 2 2 1 1 681 1832 682
2726 2 2 1 1 1449 1549 847
2727 2 2 1 1 1732 1827 1330
2728 2 2 1 1 1496 1497 566
2729 2 2 1 1 958 1421 881
2730 2 2 1 1 59 1284 1135
2731 2 2 1 1 120 1285 1143
2732 2 2 1 1 147 1302 1301
2733 2 2 1 1 206 1286 1149
2734 2 2 1 1 315 1440 1308
2735 2 2 1 1 1311 1312 328
2736 2 2 1 1 401 1438 1178
2737 2 2 1 1 1213 1270 544
2738 2 2 1 1 545 1270 1215
2739 2 2 1 1 1217 1287 553
2740 2 2 1 1 610 1288 1238
2741 2 2 1 1 364 1610 1171
2742 2 2 1 1 461 1612 1336
2743 2 2 1 1 469 1613 1337
2744 2 2 1 1 1300 1614 140
2745 2 2 1 1 1243 1615 631
2746 2 2 1 1 1338 1616 636
2747 2 2 1 1 1365 1617 688
2748 2 2 1 1 1138 1608 82
2749 2 2 1 1 1314 1609 339
2750 2 2 1 1 1192 1611 453
2751 2 2 1 1 838 1705 1704
2752 2 2 1 1 1384 1804 1680
2753 2 2 1 1 956 1275 886
2754 2 2 1 1 964 1187 891
2755 2 2 1 1 1369 1594 751
2756 2 2 1 1 1577 1900 601
2757 2 2 1 1 874 1666 940
2758 2 2 1 1 54 1687 933
2759 2 2 1 1 910 1563 1348
2760 2 2 1 1 874 1724 1666
2761 2 2 1 1 1101 1875 1758
2762 2 2 1 1 860 983 926
2763 2 2 1 1 646 1688 977
2764 2 2 1 1 1231 1514 1229
2765 2 2 1 1 731 1422 1291
2766 2 2 1 1 1605 1822 24
2767 2 2 1 1 493 1831 1771
2768 2 2 1 1 1275 1753 886
2769 2 2 1 1 909 1590 1534
2770 2 2 1 1 361 1639 1170
2771 2 2 1 1 1099 1798 1528
2772 2 2 1 1 530 1531 1000
2773 2 2 1 1 1572 1722 799
2774 2 2 1 1 1229 1514 593
2775 2 2 1 1 807 1586 1526
2776 2 2 1 1 1032 1315 347
2777 2 2 1 1 984 1809 1729
2778 2 2 1 1 1166 1484 334
2779 2 2 1 1 1123 1791 978
2780 2 2 1 1 843 1879 1121
2781 2 2 1 1 521 1504 1503
2782 2 2 1 1 947 1865 1286
2783 2 2 1 1 1163 1307 1164
2784 2 2 1 1 92 1837 91
2785 2 2 1 1 306 1838 307
2786 2 2 1 1 339 1839 340
2787 2 2 1 1 421 1840 420
2788 2 2 1 1 422 1841 423
2789 2 2 1 1 455 1842 454
2790 2 2 1 1 517 1843 516
2791 2 2 1 1 601 1844 602
2792 2 2 1 1 38 1845 37
2793 2 2 1 1 238 1846 265
2794 2 2 1 1 381 1847 380
2795 2 2 1 1 699 1850 700
2796 2 2 1 1 565 1776 1496
2797 2 2 1 1 909 1534 1147
2798 2 2 1 1 1385 1557 889
2799 2 2 1 1 671 1817 1399
2800 2 2 1 1 812 1716 1678
2801 2 2 1 1 869 1706 1452
2802 2 2 1 1 718 1599 1598
2803 2 2 1 1 830 1740 829
2804 2 2 1 1 1049 1416 1288
2805 2 2 1 1 554 1855 555
2806 2 2 1 1 403 1854 402
2807 2 2 1 1 1178 1438 1370
2808 2 2 1 1 1265 1429 882
2809 2 2 1 1 392 1580 1558
2810 2 2 1 1 1105 1864 1414
2811 2 2 1 1 1005 1685 1006
2812 2 2 1 1 872 1446 974
2813 2 2 1 1 1784 1785 837
2814 2 2 1 1 1816 1830 1023
2815 2 2 1 1 1501 1895 734
2816 2 2 1 1 231 1157 1156
2817 2 2 1 1 1241 1355 622
2818 2 2 1 1 682 1364 1363
2819 2 2 1 1 888 1556 1547
2820 2 2 1 1 1032 1072 498
2821 2 2 1 1 1402 1849 748
2822 2 2 1 1 1622 1860 1105
2823 2 2 1 1 1073 1785 1595
2824 2 2 1 1 1470 1638 765
2825 2 2 1 1 1481 1651 1463
2826 2 2 1 1 1047 1886 1705
2827 2 2 1 1 882 961 927
2828 2 2 1 1 173 1088 172
2829 2 2 1 1 196 1118 195
2830 2 2 1 1 432 1089 431
2831 2 2 1 1 481 1090 482
2832 2 2 1 1 1405 1878 523
2833 2 2 1 1 1384 1805 1804
2834 2 2 1 1 1755 1862 755
2835 2 2 1 1 1437 1851 737
2836 2 2 1 1 1100 1884 952
2837 2 2 1 1 1246 1475 650
2838 2 2 1 1 1704 1853 838
2839 2 2 1 1 757 1910 1882
2840 2 2 1 1 168 1521 1494
2841 2 2 1 1 874 1614 994
2842 2 2 1 1 244 1482 243
2843 2 2 1 1 1122 1811 1678
2844 2 2 1 1 1095 1501 1158
2845 2 2 1 1 1591 1819 525
2846 2 2 1 1 664 1709 1256
2847 2 2 1 1 876 1617 1014
2848 2 2 1 1 1622 1714 804
2849 2 2 1 1 938 1643 1271
2850 2 2 1 1 1603 1821 1744
2851 2 2 1 1 988 1649 1219
2852 2 2 1 1 915 1770 1753
2853 2 2 1 1 737 1851 1460
2854 2 2 1 1 1290 1745 1575
2855 2 2 1 1 1383 1698 1399
2856 2 2 1 1 507 1344 1022
2857 2 2 1 1 835 1600 742
2858 2 2 1 1 1787 1788 1057
2859 2 2 1 1 1488 1777 1264
2860 2 2 1 1 1139 1428 86
2861 2 2 1 1 85 1428 1138
2862 2 2 1 1 669 1778 670
2863 2 2 1 1 350 1480 1072
2864 2 2 1 1 66 1683 1435
2865 2 2 1 1 1773 1774 1595
2866 2 2 1 1 1112 1504 894
2867 2 2 1 1 1412 1872 1871
2868 2 2 1 1 974 1546 872
2869 2 2 1 1 1539 1900 1445
2870 2 2 1 1 1356 1615 1546
2871 2 2 1 1 1078 1640 1509
2872 2 2 1 1 1866 1867 1132
2873 2 2 1 1 876 1616 1004
2874 2 2 1 1 841 1788 1787
2875 2 2 1 1 1885 1905 1410
2876 2 2 1 1 923 1479 867
2877 2 2 1 1 905 1503 1112
2878 2 2 1 1 1546 1615 976
2879 2 2 1 1 936 1284 1126
2880 2 2 1 1 915 1753 1275
2881 2 2 1 1 1604 1873 1834
2882 2 2 1 1 1599 1806 1282
2883 2 2 1 1 1493 1870 1457
2884 2 2 1 1 46 1781 790
2885 2 2 1 1 1026 1491 1485
2886 2 2 1 1 952 1440 1100
2887 2 2 1 1 1111 1669 1492
2888 2 2 1 1 1468 1631 640
2889 2 2 1 1 841 1789 1788
2890 2 2 1 1 1240 1446 1130
2891 2 2 1 1 981 1427 880
2892 2 2 1 1 524 1878 525
2893 2 2 1 1 1147 1534 165
2894 2 2 1 1 838 1853 1062
2895 2 2 1 1 5 1769 1448
2896 2 2 1 1 1569 1851 1278
2897 2 2 1 1 1882 1910 1447
2898 2 2 1 1 1198 1876 477
2899 2 2 1 1 617 1446 1240
2900 2 2 1 1 258 1865 805
2901 2 2 1 1 1435 1818 66
2902 2 2 1 1 933 1812 1442
2903 2 2 1 1 1287 1855 553
2904 2 2 1 1 401 1854 1438
2905 2 2 1 1 957 981 880
2906 2 2 1 1 933 1687 1120
2907 2 2 1 1 909 1494 902
2908 2 2 1 1 167 1494 1147
2909 2 2 1 1 1041 1790 1029
2910 2 2 1 1 1353 1901 901
2911 2 2 1 1 977 1688 1133
2912 2 2 1 1 71 1119 70
2913 2 2 1 1 1072 1480 500
2914 2 2 1 1 885 1037 969
2915 2 2 1 1 1363 1636 678
2916 2 2 1 1 322 1880 321
2917 2 2 1 1 663 1416 1049
2918 2 2 1 1 1334 1824 437
2919 2 2 1 1 715 1807 1701
2920 2 2 1 1 1327 1559 931
2921 2 2 1 1 1428 1554 886
2922 2 2 1 1 1518 1587 449
2923 2 2 1 1 723 1893 1387
2924 2 2 1 1 1125 1674 935
2925 2 2 1 1 34 1835 33
2926 2 2 1 1 1013 1129 898
2927 2 2 1 1 1664 1890 1272
2928 2 2 1 1 1437 1458 1059
2929 2 2 1 1 1460 1851 1079
2930 2 2 1 1 688 1883 687
2931 2 2 1 1 1562 1578 534
2932 2 2 1 1 875 1896 1005
2933 2 2 1 1 836 1439 1076
2934 2 2 1 1 406 1887 407
2935 2 2 1 1 938 1271 870
2936 2 2 1 1 1371 1907 1870
2937 2 2 1 1 1380 1802 824
2938 2 2 1 1 527 1894 526
2939 2 2 1 1 1276 1676 1375
2940 2 2 1 1 522 1819 1686
2941 2 2 1 1 1129 1797 898
2942 2 2 1 1 1062 1853 1621
2943 2 2 1 1 1585 1742 20
2944 2 2 1 1 1461 1796 820
2945 2 2 1 1 1103 1182 1180
2946 2 2 1 1 704 1567 1254
2947 2 2 1 1 1280 1881 1465
2948 2 2 1 1 1054 1781 1664
2949 2 2 1 1 1513 1693 264
2950 2 2 1 1 1414 1864 1092
2951 2 2 1 1 872 1431 929
2952 2 2 1 1 1571 1811 1127
2953 2 2 1 1 1047 1906 1905
2954 2 2 1 1 826 1859 721
2955 2 2 1 1 963 1182 1103
2956 2 2 1 1 323 1309 1023
2957 2 2 1 1 1689 1874 1289
2958 2 2 1 1 1406 1461 717
2959 2 2 1 1 1051 1270 1213
2960 2 2 1 1 733 1734 1516
2961 2 2 1 1 325 1730 1311
2962 2 2 1 1 1117 1886 1885
2963 2 2 1 1 1486 1619 1074
2964 2 2 1 1 1405 1503 905
2965 2 2 1 1 826 1884 720
2966 2 2 1 1 1382 1652 1279
2967 2 2 1 1 1293 1769 8
2968 2 2 1 1 887 1555 993
2969 2 2 1 1 894 1561 1007
2970 2 2 1 1 1791 1909 978
2971 2 2 1 1 1516 1720 828
2972 2 2 1 1 1089 1332 925
2973 2 2 1 1 912 1795 941
2974 2 2 1 1 929 1130 872
2975 2 2 1 1 860 1495 983
2976 2 2 1 1 1119 1683 67
2977 2 2 1 1 1135 1284 1120
2978 2 2 1 1 1575 1745 1257
2979 2 2 1 1 1552 1708 918
2980 2 2 1 1 935 1515 1125
2981 2 2 1 1 1469 1720 1110
2982 2 2 1 1 150 1722 1721
2983 2 2 1 1 1098 1835 789
2984 2 2 1 1 1219 1649 912
2985 2 2 1 1 123 1555 1473
2986 2 2 1 1 1066 1580 395
2987 2 2 1 1 1033 1695 1332
2988 2 2 1 1 1350 1682 566
2989 2 2 1 1 499 1685 1342
2990 2 2 1 1 302 1684 1306
2991 2 2 1 1 521 1686 1346
2992 2 2 1 1 565 1682 1349
2993 2 2 1 1 1343 1685 500
2994 2 2 1 1 869 1452 922
2995 2 2 1 1 1375 1896 1768
2996 2 2 1 1 989 1830 1552
2997 2 2 1 1 1422 1437 736
2998 2 2 1 1 1028 1902 1277
2999 2 2 1 1 1218 1497 913
3000 2 2 1 1 1072 1317 350
3001 2 2 1 1 1303 1761 188
3002 2 2 1 1 871 1909 1791
3003 2 2 1 1 920 1736 980
3004 2 2 1 1 1245 1869 644
3005 2 2 1 1 1116 1732 1043
3006 2 2 1 1 519 1561 1504
3007 2 2 1 1 842 1743 1579
3008 2 2 1 1 1606 1884 826
3009 2 2 1 1 320 1880 1566
3010 2 2 1 1 1130 1446 872
3011 2 2 1 1 1692 1881 857
3012 2 2 1 1 1203 1676 982
3013 2 2 1 1 1033 1332 435
3014 2 2 1 1 497 1203 1032
3015 2 2 1 1 1419 1483 696
3016 2 2 1 1 825 1816 1309
3017 2 2 1 1 1600 1904 1121
3018 2 2 1 1 1457 1907 1082
3019 2 2 1 1 1106 1839 958
3020 2 2 1 1 999 1836 869
3021 2 2 1 1 966 1453 900
3022 2 2 1 1 1073 1898 1785
3023 2 2 1 1 1131 1889 1715
3024 2 2 1 1 905 1415 1000
3025 2 2 1 1 945 1863 1597
3026 2 2 1 1 1095 1159 990
3027 2 2 1 1 1130 1709 1240
3028 2 2 1 1 1020 1199 487
3029 2 2 1 1 336 1421 1167
3030 2 2 1 1 1081 1797 929
3031 2 2 1 1 1870 1907 1457
3032 2 2 1 1 729 1758 1713
3033 2 2 1 1 1291 1422 736
3034 2 2 1 1 451 1423 1075
3035 2 2 1 1 1370 1466 1065
3036 2 2 1 1 1254 1567 906
3037 2 2 1 1 718 1598 821
3038 2 2 1 1 858 1735 888
3039 2 2 1 1 182 1522 1063
3040 2 2 1 1 1185 1187 964
3041 2 2 1 1 1241 1356 974
3042 2 2 1 1 1205 1584 1452
3043 2 2 1 1 1013 1256 1129
3044 2 2 1 1 1852 1866 1132
3045 2 2 1 1 1315 1833 343
3046 2 2 1 1 1254 1590 706
3047 2 2 1 1 1150 1474 209
3048 2 2 1 1 897 1560 965
3049 2 2 1 1 1677 1741 1392
3050 2 2 1 1 1123 1475 1246
3051 2 2 1 1 64 1535 63
3052 2 2 1 1 924 1432 896
3053 2 2 1 1 1219 1220 988
3054 2 2 1 1 1034 1861 1783
3055 2 2 1 1 935 1352 1223
3056 2 2 1 1 1650 1693 1021
3057 2 2 1 1 1905 1906 1411
3058 2 2 1 1 1062 1621 1374
3059 2 2 1 1 1716 1767 1122
3060 2 2 1 1 1115 1548 901
3061 2 2 1 1 1102 1781 1054
3062 2 2 1 1 1734 1740 1259
3063 2 2 1 1 1353 1799 612
3064 2 2 1 1 450 1587 1192
3065 2 2 1 1 897 1795 1334
3066 2 2 1 1 1244 1468 641
3067 2 2 1 1 525 1878 1347
3068 2 2 1 1 1566 1859 826
3069 2 2 1 1 883 1683 948
3070 2 2 1 1 1427 1845 39
3071 2 2 1 1 379 1847 1429
3072 2 2 1 1 915 1718 1296
3073 2 2 1 1 1101 1758 1588
3074 2 2 1 1 1375 1768 1068
3075 2 2 1 1 1107 1699 1499
3076 2 2 1 1 1500 1699 1107
3077 2 2 1 1 1293 1394 921
3078 2 2 1 1 975 1115 884
3079 2 2 1 1 1092 1583 1414
3080 2 2 1 1 1020 1341 670
3081 2 2 1 1 1431 1524 929
3082 2 2 1 1 999 1856 1836
3083 2 2 1 1 1269 1895 1095
3084 2 2 1 1 1265 1642 1429
3085 2 2 1 1 1046 1419 694
3086 2 2 1 1 1040 1420 104
3087 2 2 1 1 1041 1421 335
3088 2 2 1 1 1029 1790 1313
3089 2 2 1 1 1042 1538 366
3090 2 2 1 1 224 1547 1155
3091 2 2 1 1 1401 1867 1866
3092 2 2 1 1 1583 1694 802
3093 2 2 1 1 1804 1805 943
3094 2 2 1 1 968 1436 892
3095 2 2 1 1 1466 1780 551
3096 2 2 1 1 1129 1709 1130
3097 2 2 1 1 134 1823 133
3098 2 2 1 1 1677 1776 563
3099 2 2 1 1 1534 1662 164
3100 2 2 1 1 920 1727 1570
3101 2 2 1 1 1047 1905 1885
3102 2 2 1 1 615 1519 1049
3103 2 2 1 1 1178 1370 1093
3104 2 2 1 1 1120 1687 1135
3105 2 2 1 1 1753 1770 1478
3106 2 2 1 1 1673 1676 1276
3107 2 2 1 1 919 1707 1368
3108 2 2 1 1 1297 1298 923
3109 2 2 1 1 1081 1524 679
3110 2 2 1 1 1166 1609 1484
3111 2 2 1 1 32 1820 15
3112 2 2 1 1 1029 1421 1041
3113 2 2 1 1 834 1874 1689
3114 2 2 1 1 960 1260 873
3115 2 2 1 1 1678 1716 1122
3116 2 2 1 1 1758 1875 1027
3117 2 2 1 1 111 1298 1297
3118 2 2 1 1 313 1308 1307
3119 2 2 1 1 385 1326 1173
3120 2 2 1 1 1885 1886 1047
3121 2 2 1 1 1323 1642 928
3122 2 2 1 1 1609 1719 1484
3123 2 2 1 1 740 1818 1435
3124 2 2 1 1 1579 1879 843
3125 2 2 1 1 1055 1304 1149
3126 2 2 1 1 1118 1602 195
3127 2 2 1 1 376 1642 1323
3128 2 2 1 1 1713 1867 728
3129 2 2 1 1 1514 1899 1515
3130 2 2 1 1 1372 1863 1498
3131 2 2 1 1 927 1697 882
3132 2 2 1 1 919 1490 1385
3133 2 2 1 1 30 1134 29
3134 2 2 1 1 42 1128 41
3135 2 2 1 1 58 1135 57
3136 2 2 1 1 77 1136 76
3137 2 2 1 1 80 1137 79
3138 2 2 1 1 85 1138 84
3139 2 2 1 1 87 1139 86
3140 2 2 1 1 95 1140 94
3141 2 2 1 1 115 1141 114
3142 2 2 1 1 117 1142 116
3143 2 2 1 1 119 1143 118
3144 2 2 1 1 127 1144 126
3145 2 2 1 1 138 1145 137
3146 2 2 1 1 156 1146 155
3147 2 2 1 1 166 1147 165
3148 2 2 1 1 193 1148 192
3149 2 2 1 1 205 1149 204
3150 2 2 1 1 211 1150 210
3151 2 2 1 1 213 1151 212
3152 2 2 1 1 215 1152 214
3153 2 2 1 1 218 1153 217
3154 2 2 1 1 220 1154 219
3155 2 2 1 1 224 1155 223
3156 2 2 1 1 229 1156 228
3157 2 2 1 1 234 1157 233
3158 2 2 1 1 248 1158 247
3159 2 2 1 1 250 1159 249
3160 2 2 1 1 252 1160 251
3161 2 2 1 1 308 1161 307
3162 2 2 1 1 307 1162 308
3163 2 2 1 1 310 1163 309
3164 2 2 1 1 309 1165 310
3165 2 2 1 1 335 1166 334
3166 2 2 1 1 337 1166 336
3167 2 2 1 1 336 1167 337
3168 2 2 1 1 358 1169 359
3169 2 2 1 1 359 1170 358
3170 2 2 1 1 366 1171 367
3171 2 2 1 1 369 1172 370
3172 2 2 1 1 384 1173 383
3173 2 2 1 1 387 1174 388
3174 2 2 1 1 388 1175 387
3175 2 2 1 1 399 1177 400
3176 2 2 1 1 400 1178 399
3177 2 2 1 1 415 1180 416
3178 2 2 1 1 418 1181 417
3179 2 2 1 1 417 1182 418
3180 2 2 1 1 420 1183 419
3181 2 2 1 1 419 1184 420
3182 2 2 1 1 424 1185 423
3183 2 2 1 1 423 1186 424
3184 2 2 1 1 427 1187 426
3185 2 2 1 1 426 1188 427
3186 2 2 1 1 440 1190 441
3187 2 2 1 1 450 1192 451
3188 2 2 1 1 463 1193 464
3189 2 2 1 1 464 1194 463
3190 2 2 1 1 466 1195 467
3191 2 2 1 1 475 1197 474
3192 2 2 1 1 474 1198 475
3193 2 2 1 1 487 1199 488
3194 2 2 1 1 490 1200 489
3195 2 2 1 1 489 1201 490
3196 2 2 1 1 504 1204 505
3197 2 2 1 1 505 1205 504
3198 2 2 1 1 516 1206 515
3199 2 2 1 1 515 1207 516
3200 2 2 1 1 538 1208 537
3201 2 2 1 1 537 1209 538
3202 2 2 1 1 541 1210 540
3203 2 2 1 1 540 1211 541
3204 2 2 1 1 543 1212 542
3205 2 2 1 1 542 1213 543
3206 2 2 1 1 545 1214 544
3207 2 2 1 1 546 1215 547
3208 2 2 1 1 548 1216 549
3209 2 2 1 1 551 1217 552
3210 2 2 1 1 570 1218 571
3211 2 2 1 1 571 1219 570
3212 2 2 1 1 574 1220 573
3213 2 2 1 1 573 1221 574
3214 2 2 1 1 582 1222 583
3215 2 2 1 1 583 1223 582
3216 2 2 1 1 584 1224 585
3217 2 2 1 1 587 1225 588
3218 2 2 1 1 588 1226 587
3219 2 2 1 1 589 1227 590
3220 2 2 1 1 593 1228 594
3221 2 2 1 1 594 1229 593
3222 2 2 1 1 596 1229 595
3223 2 2 1 1 595 1230 596
3224 2 2 1 1 598 1231 597
3225 2 2 1 1 604 1232 605
3226 2 2 1 1 605 1233 604
3227 2 2 1 1 606 1235 607
3228 2 2 1 1 607 1236 606
3229 2 2 1 1 608 1237 609
3230 2 2 1 1 609 1238 608
3231 2 2 1 1 614 1239 615
3232 2 2 1 1 625 1241 624
3233 2 2 1 1 624 1242 625
3234 2 2 1 1 634 1243 633
3235 2 2 1 1 643 1244 642
3236 2 2 1 1 642 1245 643
3237 2 2 1 1 652 1246 651
3238 2 2 1 1 651 1247 652
3239 2 2 1 1 654 1248 653
3240 2 2 1 1 653 1249 654
3241 2 2 1 1 668 1240 667
3242 2 2 1 1 691 1251 690
3243 2 2 1 1 700 1202 701
3244 2 2 1 1 701 1253 700
3245 2 2 1 1 705 1254 706
3246 2 2 1 1 706 1255 705
3247 2 2 1 1 1557 1723 304
3248 2 2 1 1 903 1514 1231
3249 2 2 1 1 1083 1459 1098
3250 2 2 1 1 1785 1898 1450
3251 2 2 1 1 1275 1718 915
3252 2 2 1 1 1287 1782 1124
3253 2 2 1 1 1120 1812 933
3254 2 2 1 1 525 1894 1591
3255 2 2 1 1 928 1856 1323
3256 2 2 1 1 1084 1792 1508
3257 2 2 1 1 1132 1758 1027
3258 2 2 1 1 1030 1545 1018
3259 2 2 1 1 1043 1732 1330
3260 2 2 1 1 906 1146 1035
3261 2 2 1 1 908 1663 1080
3262 2 2 1 1 1417 1829 960
3263 2 2 1 1 965 1841 963
3264 2 2 1 1 971 1843 1008
3265 2 2 1 1 893 1613 968
3266 2 2 1 1 903 1231 966
3267 2 2 1 1 1376 1776 1677
3268 2 2 1 1 956 1295 1275
3269 2 2 1 1 1320 1480 351
3270 2 2 1 1 1035 1146 156
3271 2 2 1 1 1036 1919 382
3272 2 2 1 1 527 1919 1036
3273 2 2 1 1 959 1655 1169
3274 2 2 1 1 1515 1899 868
3275 2 2 1 1 829 1772 996
3276 2 2 1 1 953 1657 1134
3277 2 2 1 1 864 1732 1116
3278 2 2 1 1 895 1502 1252
3279 2 2 1 1 1462 1525 1039
3280 2 2 1 1 672 1817 671
3281 2 2 1 1 1110 1720 1516
3282 2 2 1 1 21 1822 1585
3283 2 2 1 1 1375 1676 1675
3284 2 2 1 1 911 1612 1194
3285 2 2 1 1 1721 1722 1377
3286 2 2 1 1 1788 1789 1076
3287 2 2 1 1 1483 1850 698
3288 2 2 1 1 1126 1689 936
3289 2 2 1 1 1485 1701 1026
3290 2 2 1 1 585 1936 1711
3291 2 2 1 1 925 1226 1089
3292 2 2 1 1 890 1466 1370
3293 2 2 1 1 1810 1911 852
3294 2 2 1 1 957 1660 1156
3295 2 2 1 1 1242 1661 975
3296 2 2 1 1 1049 1354 614
3297 2 2 1 1 979 1416 1250
3298 2 2 1 1 1629 1900 1539
3299 2 2 1 1 555 1855 1697
3300 2 2 1 1 171 1088 1063
3301 2 2 1 1 1715 1889 1369
3302 2 2 1 1 921 1810 1448
3303 2 2 1 1 194 1602 1148
3304 2 2 1 1 44 1766 35
3305 2 2 1 1 1329 1887 924
3306 2 2 1 1 868 1629 1539
3307 2 2 1 1 977 1826 1468
3308 2 2 1 1 944 1640 1569
3309 2 2 1 1 1778 1779 917
3310 2 2 1 1 1084 1508 1411
3311 2 2 1 1 884 1002 911
3312 2 2 1 1 683 1832 1601
3313 2 2 1 1 70 1119 69
3314 2 2 1 1 1588 1758 729
3315 2 2 1 1 1096 1801 1568
3316 2 2 1 1 1075 1453 446
3317 2 2 1 1 1125 1515 868
3318 2 2 1 1 1116 1840 964
3319 2 2 1 1 913 1221 1218
3320 2 2 1 1 1065 1466 552
3321 2 2 1 1 1334 1795 912
3322 2 2 1 1 942 1869 879
3323 2 2 1 1 872 1546 1268
3324 2 2 1 1 1117 1672 1465
3325 2 2 1 1 1891 1892 910
3326 2 2 1 1 1113 1657 953
3327 2 2 1 1 1332 1695 925
3328 2 2 1 1 1278 1437 1059
3329 2 2 1 1 1003 1876 1198
3330 2 2 1 1 1408 1509 944
3331 2 2 1 1 916 1321 1319
3332 2 2 1 1 1512 1849 1402
3333 2 2 1 1 341 1839 1106
3334 2 2 1 1 481 1643 1090
3335 2 2 1 1 982 1676 1673
3336 2 2 1 1 556 1697 1066
3337 2 2 1 1 1433 1780 1466
3338 2 2 1 1 975 1661 1115
3339 2 2 1 1 1114 1660 957
3340 2 2 1 1 1023 1830 989
3341 2 2 1 1 1266 1806 718
3342 2 2 1 1 880 1114 957
3343 2 2 1 1 15 1456 34
3344 2 2 1 1 468 1196 1019
3345 2 2 1 1 1019 1196 635
3346 2 2 1 1 690 1617 1046
3347 2 2 1 1 1262 1426 987
3348 2 2 1 1 1132 1867 1713
3349 2 2 1 1 1250 1647 979
3350 2 2 1 1 439 1824 1649
3351 2 2 1 1 911 975 884
3352 2 2 1 1 317 1618 1100
3353 2 2 1 1 1363 1364 932
3354 2 2 1 1 1158 1159 1095
3355 2 2 1 1 957 1157 981
3356 2 2 1 1 1268 1431 872
3357 2 2 1 1 487 1341 1020
3358 2 2 1 1 908 1417 1283
3359 2 2 1 1 1251 1751 1252
3360 2 2 1 1 509 1204 1031
3361 2 2 1 1 225 1660 1547
3362 2 2 1 1 1548 1661 621
3363 2 2 1 1 372 1172 1080
3364 2 2 1 1 1445 1900 1577
3365 2 2 1 1 1768 1896 875
3366 2 2 1 1 992 1799 901
3367 2 2 1 1 1484 1719 926
3368 2 2 1 1 502 1480 1031
3369 2 2 1 1 1260 1655 959
3370 2 2 1 1 1026 1806 1266
3371 2 2 1 1 1002 1612 911
3372 2 2 1 1 670 1778 1020
3373 2 2 1 1 972 1563 910
3374 2 2 1 1 1701 1807 1026
3375 2 2 1 1 237 1281 236
3376 2 2 1 1 453 1842 1423
3377 2 2 1 1 1545 1632 1018
3378 2 2 1 1 43 1128 42
3379 2 2 1 1 1210 1212 924
3380 2 2 1 1 1212 1214 924
3381 2 2 1 1 1180 1216 1103
3382 2 2 1 1 1103 1216 1215
3383 2 2 1 1 1452 1584 922
3384 2 2 1 1 926 1719 860
3385 2 2 1 1 138 1614 1145
3386 2 2 1 1 634 1616 1243
3387 2 2 1 1 80 1608 1137
3388 2 2 1 1 337 1609 1166
3389 2 2 1 1 1194 1612 463
3390 2 2 1 1 1195 1613 467
3391 2 2 1 1 1513 1846 1772
3392 2 2 1 1 1147 1494 909
3393 2 2 1 1 1586 1727 920
3394 2 2 1 1 1381 1549 1449
3395 2 2 1 1 1067 1751 693
3396 2 2 1 1 886 1554 956
3397 2 2 1 1 928 1642 1265
3398 2 2 1 1 1018 1507 1030
3399 2 2 1 1 1080 1172 908
3400 2 2 1 1 1805 1877 1408
3401 2 2 1 1 1836 1856 928
3402 2 2 1 1 331 1790 1041
3403 2 2 1 1 970 1199 917
3404 2 2 1 1 937 1827 1732
3405 2 2 1 1 925 1695 1228
3406 2 2 1 1 590 1925 1089
3407 2 2 1 1 1118 1916 200
3408 2 2 1 1 1340 1643 480
3409 2 2 1 1 381 1663 1036
3410 2 2 1 1 161 1662 1035
3411 2 2 1 1 1296 1718 100
3412 2 2 1 1 1394 1911 921
3413 2 2 1 1 11 1293 10
3414 2 2 1 1 31 1134 30
3415 2 2 1 1 51 1294 50
3416 2 2 1 1 57 1135 56
3417 2 2 1 1 59 1135 58
3418 2 2 1 1 76 1136 75
3419 2 2 1 1 79 1137 78
3420 2 2 1 1 84 1138 83
3421 2 2 1 1 88 1139 87
3422 2 2 1 1 94 1140 93
3423 2 2 1 1 96 1295 95
3424 2 2 1 1 101 1296 100
3425 2 2 1 1 109 1297 108
3426 2 2 1 1 113 1298 112
3427 2 2 1 1 116 1141 115
3428 2 2 1 1 118 1142 117
3429 2 2 1 1 120 1143 119
3430 2 2 1 1 126 1144 125
3431 2 2 1 1 129 1299 128
3432 2 2 1 1 137 1145 136
3433 2 2 1 1 142 1300 141
3434 2 2 1 1 147 1301 146
3435 2 2 1 1 155 1146 154
3436 2 2 1 1 167 1147 166
3437 2 2 1 1 191 1303 190
3438 2 2 1 1 194 1148 193
3439 2 2 1 1 204 1304 203
3440 2 2 1 1 206 1149 205
3441 2 2 1 1 210 1150 209
3442 2 2 1 1 212 1151 211
3443 2 2 1 1 214 1152 213
3444 2 2 1 1 216 1152 215
3445 2 2 1 1 217 1153 216
3446 2 2 1 1 219 1154 218
3447 2 2 1 1 223 1155 222
3448 2 2 1 1 230 1156 229
3449 2 2 1 1 233 1157 232
3450 2 2 1 1 236 1281 235
3451 2 2 1 1 240 1305 239
3452 2 2 1 1 249 1158 248
3453 2 2 1 1 251 1159 250
3454 2 2 1 1 253 1160 252
3455 2 2 1 1 304 1306 305
3456 2 2 1 1 307 1161 306
3457 2 2 1 1 308 1162 309
3458 2 2 1 1 309 1163 308
3459 2 2 1 1 310 1165 311
3460 2 2 1 1 311 1307 310
3461 2 2 1 1 315 1308 314
3462 2 2 1 1 319 1309 320
3463 2 2 1 1 323 1310 322
3464 2 2 1 1 327 1311 328
3465 2 2 1 1 336 1166 335
3466 2 2 1 1 337 1167 338
3467 2 2 1 1 341 1314 340
3468 2 2 1 1 346 1315 345
3469 2 2 1 1 346 1316 347
3470 2 2 1 1 350 1317 349
3471 2 2 1 1 349 1318 350
3472 2 2 1 1 354 1320 353
3473 2 2 1 1 353 1321 354
3474 2 2 1 1 357 1169 358
3475 2 2 1 1 360 1170 359
3476 2 2 1 1 365 1171 366
3477 2 2 1 1 370 1172 371
3478 2 2 1 1 372 1322 371
3479 2 2 1 1 376 1323 375
3480 2 2 1 1 375 1324 376
3481 2 2 1 1 383 1173 382
3482 2 2 1 1 529 1325 384
3483 2 2 1 1 386 1174 387
3484 2 2 1 1 387 1326 386
3485 2 2 1 1 389 1175 388
3486 2 2 1 1 391 1176 392
3487 2 2 1 1 395 1327 396
3488 2 2 1 1 398 1177 399
3489 2 2 1 1 401 1178 400
3490 2 2 1 1 400 1328 401
3491 2 2 1 1 404 1179 403
3492 2 2 1 1 407 1179 406
3493 2 2 1 1 408 1329 409
3494 2 2 1 1 412 1330 411
3495 2 2 1 1 549 1180 415
3496 2 2 1 1 416 1180 417
3497 2 2 1 1 417 1181 416
3498 2 2 1 1 418 1182 419
3499 2 2 1 1 419 1183 418
3500 2 2 1 1 420 1184 421
3501 2 2 1 1 423 1185 422
3502 2 2 1 1 424 1186 425
3503 2 2 1 1 426 1187 425
3504 2 2 1 1 427 1188 428
3505 2 2 1 1 428 1189 427
3506 2 2 1 1 431 1331 432
3507 2 2 1 1 435 1332 434
3508 2 2 1 1 434 1333 435
3509 2 2 1 1 441 1190 442
3510 2 2 1 1 451 1192 452
3511 2 2 1 1 457 1335 456
3512 2 2 1 1 460 1336 459
3513 2 2 1 1 462 1193 463
3514 2 2 1 1 465 1194 464
3515 2 2 1 1 465 1195 466
3516 2 2 1 1 470 1196 469
3517 2 2 1 1 470 1337 471
3518 2 2 1 1 471 1338 637
3519 2 2 1 1 474 1197 473
3520 2 2 1 1 475 1198 476
3521 2 2 1 1 477 1339 476
3522 2 2 1 1 479 1340 480
3523 2 2 1 1 485 1341 486
3524 2 2 1 1 488 1199 489
3525 2 2 1 1 489 1200 488
3526 2 2 1 1 490 1201 491
3527 2 2 1 1 491 1202 490
3528 2 2 1 1 496 1203 497
3529 2 2 1 1 497 1342 496
3530 2 2 1 1 503 1343 502
3531 2 2 1 1 503 1204 504
3532 2 2 1 1 506 1205 505
3533 2 2 1 1 509 1168 510
3534 2 2 1 1 510 1344 509
3535 2 2 1 1 513 1345 514
3536 2 2 1 1 515 1206 514
3537 2 2 1 1 516 1207 517
3538 2 2 1 1 519 1346 518
3539 2 2 1 1 527 1347 528
3540 2 2 1 1 534 1348 535
3541 2 2 1 1 537 1208 536
3542 2 2 1 1 538 1209 539
3543 2 2 1 1 540 1210 539
3544 2 2 1 1 541 1211 542
3545 2 2 1 1 542 1212 541
3546 2 2 1 1 543 1213 544
3547 2 2 1 1 544 1214 543
3548 2 2 1 1 546 1214 545
3549 2 2 1 1 545 1215 546
3550 2 2 1 1 547 1216 548
3551 2 2 1 1 550 1217 551
3552 2 2 1 1 552 1217 553
3553 2 2 1 1 563 1349 562
3554 2 2 1 1 569 1350 568
3555 2 2 1 1 569 1218 570
3556 2 2 1 1 572 1219 571
3557 2 2 1 1 573 1220 572
3558 2 2 1 1 574 1221 575
3559 2 2 1 1 578 1351 579
3560 2 2 1 1 581 1222 582
3561 2 2 1 1 582 1352 581
3562 2 2 1 1 584 1223 583
3563 2 2 1 1 583 1224 584
3564 2 2 1 1 585 1224 586
3565 2 2 1 1 586 1225 587
3566 2 2 1 1 589 1226 588
3567 2 2 1 1 588 1227 589
3568 2 2 1 1 590 1189 591
3569 2 2 1 1 592 1228 593
3570 2 2 1 1 595 1229 594
3571 2 2 1 1 596 1230 597
3572 2 2 1 1 597 1231 596
3573 2 2 1 1 600 1191 599
3574 2 2 1 1 603 1232 604
3575 2 2 1 1 606 1233 605
3576 2 2 1 1 605 1235 606
3577 2 2 1 1 608 1236 607
3578 2 2 1 1 607 1237 608
3579 2 2 1 1 610 1238 609
3580 2 2 1 1 609 1353 610
3581 2 2 1 1 613 1239 614
3582 2 2 1 1 614 1354 613
3583 2 2 1 1 615 1239 616
3584 2 2 1 1 617 1240 668
3585 2 2 1 1 621 1355 620
3586 2 2 1 1 624 1241 623
3587 2 2 1 1 625 1242 626
3588 2 2 1 1 627 1356 626
3589 2 2 1 1 629 1357 630
3590 2 2 1 1 633 1243 632
3591 2 2 1 1 636 1196 637
3592 2 2 1 1 642 1244 641
3593 2 2 1 1 643 1245 644
3594 2 2 1 1 645 1358 646
3595 2 2 1 1 651 1246 650
3596 2 2 1 1 650 1359 651
3597 2 2 1 1 652 1247 653
3598 2 2 1 1 653 1248 652
3599 2 2 1 1 654 1249 655
3600 2 2 1 1 656 1360 655
3601 2 2 1 1 658 1250 659
3602 2 2 1 1 659 1361 658
3603 2 2 1 1 667 1240 666
3604 2 2 1 1 666 1362 667
3605 2 2 1 1 681 1363 680
3606 2 2 1 1 684 1364 683
3607 2 2 1 1 686 1365 687
3608 2 2 1 1 690 1251 689
3609 2 2 1 1 700 1253 699
3610 2 2 1 1 701 1202 702
3611 2 2 1 1 704 1254 705
3612 2 2 1 1 705 1366 704
3613 2 2 1 1 707 1255 706
3614 2 2 1 1 1172 1417 908
3615 2 2 1 1 885 1483 1419
3616 2 2 1 1 1272 1890 1607
3617 2 2 1 1 1096 1568 1550
3618 2 2 1 1 1271 1876 893
3619 2 2 1 1 584 1711 1223
3620 2 2 1 1 1570 1679 1127
3621 2 2 1 1 1127 1679 1571
3622 2 2 1 1 10 1293 9
3623 2 2 1 1 52 1294 51
3624 2 2 1 1 97 1295 96
3625 2 2 1 1 102 1296 101
3626 2 2 1 1 110 1297 109
3627 2 2 1 1 112 1298 111
3628 2 2 1 1 130 1299 129
3629 2 2 1 1 143 1300 142
3630 2 2 1 1 146 1301 145
3631 2 2 1 1 190 1303 189
3632 2 2 1 1 203 1304 202
3633 2 2 1 1 241 1305 240
3634 2 2 1 1 303 1306 304
3635 2 2 1 1 312 1307 311
3636 2 2 1 1 314 1308 313
3637 2 2 1 1 320 1309 321
3638 2 2 1 1 324 1310 323
3639 2 2 1 1 326 1311 327
3640 2 2 1 1 342 1314 341
3641 2 2 1 1 345 1315 344
3642 2 2 1 1 347 1316 348
3643 2 2 1 1 349 1317 348
3644 2 2 1 1 350 1318 351
3645 2 2 1 1 353 1320 352
3646 2 2 1 1 355 1168 354
3647 2 2 1 1 354 1321 355
3648 2 2 1 1 373 1322 372
3649 2 2 1 1 375 1323 374
3650 2 2 1 1 376 1324 377
3651 2 2 1 1 384 1325 385
3652 2 2 1 1 386 1326 385
3653 2 2 1 1 396 1327 397
3654 2 2 1 1 401 1328 402
3655 2 2 1 1 409 1329 410
3656 2 2 1 1 411 1330 410
3657 2 2 1 1 432 1331 433
3658 2 2 1 1 434 1332 433
3659 2 2 1 1 435 1333 436
3660 2 2 1 1 458 1335 457
3661 2 2 1 1 459 1336 458
3662 2 2 1 1 471 1337 472
3663 2 2 1 1 472 1338 471
3664 2 2 1 1 478 1339 477
3665 2 2 1 1 478 1340 479
3666 2 2 1 1 673 1341 485
3667 2 2 1 1 498 1342 497
3668 2 2 1 1 502 1343 501
3669 2 2 1 1 509 1344 508
3670 2 2 1 1 512 1345 513
3671 2 2 1 1 520 1346 519
3672 2 2 1 1 526 1347 527
3673 2 2 1 1 533 1348 534
3674 2 2 1 1 564 1349 563
3675 2 2 1 1 568 1350 567
3676 2 2 1 1 579 1351 580
3677 2 2 1 1 581 1352 580
3678 2 2 1 1 610 1353 611
3679 2 2 1 1 613 1354 612
3680 2 2 1 1 620 1355 619
3681 2 2 1 1 628 1356 627
3682 2 2 1 1 628 1357 629
3683 2 2 1 1 646 1358 647
3684 2 2 1 1 649 1359 650
3685 2 2 1 1 657 1360 656
3686 2 2 1 1 658 1361 657
3687 2 2 1 1 665 1362 666
3688 2 2 1 1 680 1363 679
3689 2 2 1 1 685 1364 684
3690 2 2 1 1 685 1365 686
3691 2 2 1 1 704 1366 703
3692 2 2 1 1 1271 1643 1340
3693 2 2 1 1 1277 1902 1632
3694 2 2 1 1 901 1548 992
3695 2 2 1 1 1495 1859 983
3696 2 2 1 1 602 1828 1577
3697 2 2 1 1 925 1711 1226
3698 2 2 1 1 1133 1688 1475
3699 2 2 1 1 17 1456 16
3700 2 2 1 1 921 1911 1810
3701 2 2 1 1 805 1865 1668
3702 2 2 1 1 1258 1767 1650
3703 2 2 1 1 973 1844 1629
3704 2 2 1 1 1314 1673 998
3705 2 2 1 1 1063 1521 169
3706 2 2 1 1 969 1850 1483
3707 2 2 1 1 926 1626 1069
3708 2 2 1 1 1324 1663 377
3709 2 2 1 1 183 1659 1522
3710 2 2 1 1 903 1899 1514
3711 2 2 1 1 1455 1746 1636
3712 2 2 1 1 969 1483 885
3713 2 2 1 1 1027 1651 1481
3714 2 2 1 1 987 1426 1113
3715 2 2 1 1 440 1649 1190
3716 2 2 1 1 1010 1219 912
3717 2 2 1 1 1742 1914 19
3718 2 2 1 1 1598 1897 821
3719 2 2 1 1 924 1214 1044
3720 2 2 1 1 1261 1611 967
3721 2 2 1 1 960 1610 1260
3722 2 2 1 1 1377 1722 1572
3723 2 2 1 1 1024 1907 1371
3724 2 2 1 1 1731 1780 1433
3725 2 2 1 1 980 1586 920
3726 2 2 1 1 1069 1484 926
3727 2 2 1 1 952 1884 1606
3728 2 2 1 1 911 1564 1357
3729 2 2 1 1 26 1657 1605
3730 2 2 1 1 1040 1297 923
3731 2 2 1 1 1102 1766 44
3732 2 2 1 1 1000 1174 1009
3733 2 2 1 1 1039 1666 934
3734 2 2 1 1 1181 1183 1116
3735 2 2 1 1 1397 1892 1891
3736 2 2 1 1 362 1655 1610
3737 2 2 1 1 1611 1656 455
3738 2 2 1 1 1871 1872 1131
3739 2 2 1 1 457 1656 1644
3740 2 2 1 1 1049 1362 663
3741 2 2 1 1 65 1535 64
3742 2 2 1 1 912 1824 1334
3743 2 2 1 1 1080 1324 375
3744 2 2 1 1 246 1395 245
3745 2 2 1 1 1554 1837 956
3746 2 2 1 1 1044 1214 546
3747 2 2 1 1 597 1230 1064
3748 2 2 1 1 1064 1926 599
3749 2 2 1 1 108 1297 1040
3750 2 2 1 1 1043 1330 412
3751 2 2 1 1 416 1181 1043
3752 2 2 1 1 488 1200 1045
3753 2 2 1 1 1278 1851 1437
3754 2 2 1 1 1396 1904 1600
3755 2 2 1 1 69 1119 68
3756 2 2 1 1 1283 1591 908
3757 2 2 1 1 1031 1204 502
3758 2 2 1 1 1373 1779 1698
3759 2 2 1 1 174 1529 1088
3760 2 2 1 1 882 1429 961
3761 2 2 1 1 921 1769 1293
3762 2 2 1 1 998 1719 1609
3763 2 2 1 1 1431 1832 1524
3764 2 2 1 1 1772 1846 996
3765 2 2 1 1 829 1740 1734
3766 2 2 1 1 1307 1308 1164
3767 2 2 1 1 1136 1137 954
3768 2 2 1 1 1157 1281 981
3769 2 2 1 1 1144 1299 993
3770 2 2 1 1 1207 1345 1007
3771 2 2 1 1 966 1231 1191
3772 2 2 1 1 995 1303 1148
3773 2 2 1 1 1010 1350 1219
3774 2 2 1 1 965 1188 1186
3775 2 2 1 1 968 1195 1193
3776 2 2 1 1 972 1211 1209
3777 2 2 1 1 1006 1343 1205
3778 2 2 1 1 1248 1360 1012
3779 2 2 1 1 970 1831 1201
3780 2 2 1 1 971 1908 1206
3781 2 2 1 1 1172 1829 1417
3782 2 2 1 1 49 1868 48
3783 2 2 1 1 1649 1824 912
3784 2 2 1 1 1516 1734 1259
3785 2 2 1 1 1036 1894 527
3786 2 2 1 1 1000 1009 905
3787 2 2 1 1 595 1695 1230
3788 2 2 1 1 1228 1695 594
3789 2 2 1 1 220 1556 1154
3790 2 2 1 1 537 1563 1209
3791 2 2 1 1 1288 1416 899
3792 2 2 1 1 917 1199 1020
3793 2 2 1 1 1644 1656 1436
3794 2 2 1 1 989 1730 1023
3795 2 2 1 1 1820 1857 15
3796 2 2 1 1 1494 1521 902
3797 2 2 1 1 1370 1438 890
3798 2 2 1 1 613 1799 1239
3799 2 2 1 1 1036 1663 908
3800 2 2 1 1 1233 1828 604
3801 2 2 1 1 1423 1453 1075
3802 2 2 1 1 1038 1245 642
3803 2 2 1 1 924 1887 1432
3804 2 2 1 1 484 1532 485
3805 2 2 1 1 549 1451 548
3806 2 2 1 1 90 1837 1554
3807 2 2 1 1 1009 1405 905
3808 2 2 1 1 1513 1772 1021
3809 2 2 1 1 1406 1861 1034
3810 2 2 1 1 1031 1168 509
3811 2 2 1 1 892 1436 1261
3812 2 2 1 1 1426 1605 1113
3813 2 2 1 1 1322 1856 999
3814 2 2 1 1 830 1895 1740
3815 2 2 1 1 1340 1876 1271
3816 2 2 1 1 1408 1877 1509
3817 2 2 1 1 33 1835 1820
3818 2 2 1 1 1267 1831 970
3819 2 2 1 1 1280 1908 971
3820 2 2 1 1 1235 1901 1237
3821 2 2 1 1 1183 1840 1116
3822 2 2 1 1 1171 1829 367
3823 2 2 1 1 995 1761 1303
3824 2 2 1 1 923 1420 1040
3825 2 2 1 1 441 1926 1064
3826 2 2 1 1 700 1850 1202
3827 2 2 1 1 307 1838 1162
3828 2 2 1 1 420 1840 1183
3829 2 2 1 1 423 1841 1186
3830 2 2 1 1 516 1843 1206
3831 2 2 1 1 1483 1648 696
3832 2 2 1 1 698 1648 1483
3833 2 2 1 1 315 1634 316
3834 2 2 1 1 1128 1456 946
3835 2 2 1 1 913 1587 1221
3836 2 2 1 1 931 1559 1176
3837 2 2 1 1 1179 1854 403
3838 2 2 1 1 63 1535 1126
3839 2 2 1 1 1063 1088 181
3840 2 2 1 1 1149 1286 1055
3841 2 2 1 1 1349 1682 941
3842 2 2 1 1 196 1916 1118
3843 2 2 1 1 1089 1925 431
3844 2 2 1 1 1030 1507 1413
3845 2 2 1 1 1386 1782 1731
3846 2 2 1 1 1566 1880 983
3847 2 2 1 1 1827 1854 1179
3848 2 2 1 1 1358 1869 942
3849 2 2 1 1 1026 1807 1806
3850 2 2 1 1 1044 1451 413
3851 2 2 1 1 548 1451 1044
3852 2 2 1 1 1389 1747 1104
3853 2 2 1 1 1069 1626 327
3854 2 2 1 1 1384 1877 1805
3855 2 2 1 1 973 1901 1235
3856 2 2 1 1 1310 1880 322
3857 2 2 1 1 1221 1587 1518
3858 2 2 1 1 1797 1798 898
3859 2 2 1 1 1684 1848 997
3860 2 2 1 1 790 1781 1102
3861 2 2 1 1 1675 1896 1375
3862 2 2 1 1 1598 1599 1062
3863 2 2 1 1 734 1395 246
3864 2 2 1 1 1357 1564 631
3865 2 2 1 1 1136 1553 74
3866 2 2 1 1 89 1554 1139
3867 2 2 1 1 1144 1555 124
3868 2 2 1 1 1155 1556 221
3869 2 2 1 1 1161 1557 305
3870 2 2 1 1 390 1558 1175
3871 2 2 1 1 1176 1559 393
3872 2 2 1 1 394 1559 1327
3873 2 2 1 1 1188 1560 429
3874 2 2 1 1 430 1560 1331
3875 2 2 1 1 1207 1561 518
3876 2 2 1 1 1208 1562 535
3877 2 2 1 1 1348 1563 536
3878 2 2 1 1 1526 1739 259
3879 2 2 1 1 893 1876 1003
3880 2 2 1 1 1256 1709 1129
3881 2 2 1 1 672 1532 1090
3882 2 2 1 1 408 1827 1179
3883 2 2 1 1 932 1636 1363
3884 2 2 1 1 1042 1322 999
3885 2 2 1 1 1509 1640 944
3886 2 2 1 1 1750 1877 1384
3887 2 2 1 1 929 1524 1081
3888 2 2 1 1 1086 1496 1376
3889 2 2 1 1 1000 1531 1174
3890 2 2 1 1 1140 1837 92
3891 2 2 1 1 1306 1838 306
3892 2 2 1 1 1167 1839 339
3893 2 2 1 1 1185 1840 421
3894 2 2 1 1 1184 1841 422
3895 2 2 1 1 1335 1842 455
3896 2 2 1 1 1346 1843 517
3897 2 2 1 1 602 1844 1232
3898 2 2 1 1 1305 1846 238
3899 2 2 1 1 1173 1847 381
3900 2 2 1 1 900 1453 1423
3901 2 2 1 1 1503 1504 1112
3902 2 2 1 1 720 1884 1100
3903 2 2 1 1 399 1178 1093
3904 2 2 1 1 1521 1522 902
3905 2 2 1 1 1369 1858 1594
3906 2 2 1 1 1251 1883 688
3907 2 2 1 1 1021 1693 1513
3908 2 2 1 1 407 1887 1329
3909 2 2 1 1 908 1894 1036
3910 2 2 1 1 1522 1659 902
3911 2 2 1 1 132 1823 1525
3912 2 2 1 1 1308 1440 1164
3913 2 2 1 1 176 1529 175
3914 2 2 1 1 356 1530 355
3915 2 2 1 1 485 1532 673
3916 2 2 1 1 531 1531 530
3917 2 2 1 1 1673 1833 982
3918 2 2 1 1 1459 1835 1098
3919 2 2 1 1 1395 1482 244
3920 2 2 1 1 1035 1662 906
3921 2 2 1 1 902 1659 995
3922 2 2 1 1 1003 1613 893
3923 2 2 1 1 1202 1850 1200
3924 2 2 1 1 1090 1532 482
3925 2 2 1 1 974 1446 1355
3926 2 2 1 1 899 1416 979
3927 2 2 1 1 1097 1602 1118
3928 2 2 1 1 1087 1220 574
3929 2 2 1 1 1413 1637 1030
3930 2 2 1 1 1121 1879 1747
3931 2 2 1 1 95 1295 1140
3932 2 2 1 1 116 1142 1141
3933 2 2 1 1 118 1143 1142
3934 2 2 1 1 1149 1304 204
3935 2 2 1 1 211 1151 1150
3936 2 2 1 1 213 1152 1151
3937 2 2 1 1 218 1154 1153
3938 2 2 1 1 249 1159 1158
3939 2 2 1 1 251 1160 1159
3940 2 2 1 1 308 1163 1161
3941 2 2 1 1 1162 1165 309
3942 2 2 1 1 310 1307 1163
3943 2 2 1 1 1168 1320 354
3944 2 2 1 1 1170 1918 358
3945 2 2 1 1 1175 1326 387
3946 2 2 1 1 1177 1328 400
3947 2 2 1 1 1180 1182 417
3948 2 2 1 1 418 1183 1181
3949 2 2 1 1 1182 1184 419
3950 2 2 1 1 427 1189 1187
3951 2 2 1 1 1199 1201 489
3952 2 2 1 1 490 1202 1200
3953 2 2 1 1 511 1918 1344
3954 2 2 1 1 528 1347 1325
3955 2 2 1 1 541 1212 1210
3956 2 2 1 1 1211 1213 542
3957 2 2 1 1 543 1214 1212
3958 2 2 1 1 1215 1216 547
3959 2 2 1 1 549 1216 1180
3960 2 2 1 1 1218 1935 571
3961 2 2 1 1 573 1935 1221
3962 2 2 1 1 1221 1518 575
3963 2 2 1 1 1223 1352 582
3964 2 2 1 1 1222 1224 583
3965 2 2 1 1 1226 1936 587
3966 2 2 1 1 1225 1227 588
3967 2 2 1 1 590 1227 1189
3968 2 2 1 1 596 1231 1229
3969 2 2 1 1 1232 1235 605
3970 2 2 1 1 606 1236 1233
3971 2 2 1 1 1235 1237 607
3972 2 2 1 1 608 1238 1236
3973 2 2 1 1 1237 1353 609
3974 2 2 1 1 1239 1646 616
3975 2 2 1 1 643 1938 1244
3976 2 2 1 1 651 1359 1247
3977 2 2 1 1 652 1248 1246
3978 2 2 1 1 1247 1249 653
3979 2 2 1 1 658 1647 1250
3980 2 2 1 1 1362 1519 667
3981 2 2 1 1 701 1932 1253
3982 2 2 1 1 1255 1366 705
3983 2 2 1 1 1087 1190 988
3984 2 2 1 1 1686 1819 1283
3985 2 2 1 1 900 1423 1001
3986 2 2 1 1 830 1482 1395
3987 2 2 1 1 319 1618 318
3988 2 2 1 1 982 1315 1032
3989 2 2 1 1 1009 1878 1405
3990 2 2 1 1 1100 1618 720
3991 2 2 1 1 1668 1865 947
3992 2 2 1 1 922 1584 1022
3993 2 2 1 1 1589 1796 1109
3994 2 2 1 1 1374 1897 1598
3995 2 2 1 1 1374 1598 1062
3996 2 2 1 1 1109 1796 1461
3997 2 2 1 1 451 1517 450
3998 2 2 1 1 575 1518 576
3999 2 2 1 1 616 1646 617
4000 2 2 1 1 667 1519 668
4001 2 2 1 1 1711 1936 1226
4002 2 2 1 1 941 1682 1010
4003 2 2 1 1 1106 1762 341
4004 2 2 1 1 1080 1763 372
4005 2 2 1 1 1294 1868 50
4006 2 2 1 1 253 1574 1160
4007 2 2 1 1 1064 1230 1033
4008 2 2 1 1 1591 1894 908
4009 2 2 1 1 314 1380 315
4010 2 2 1 1 1456 1914 1742
4011 2 2 1 1 508 1645 1204
4012 2 2 1 1 1362 1941 663
4013 2 2 1 1 1140 1295 956
4014 2 2 1 1 1156 1157 957
4015 2 2 1 1 1173 1326 961
4016 2 2 1 1 962 1328 1177
4017 2 2 1 1 963 1184 1182
4018 2 2 1 1 970 1201 1199
4019 2 2 1 1 973 1235 1232
4020 2 2 1 1 974 1355 1241
4021 2 2 1 1 979 1249 1247
4022 2 2 1 1 980 1366 1255
4023 2 2 1 1 17 1914 1456
4024 2 2 1 1 1558 1580 927
4025 2 2 1 1 1138 1428 955
4026 2 2 1 1 1286 1474 947
4027 2 2 1 1 1119 1553 948
4028 2 2 1 1 1399 1817 938
4029 2 2 1 1 937 1854 1827
4030 2 2 1 1 1086 1497 1496
4031 2 2 1 1 1039 1525 1477
4032 2 2 1 1 1032 1317 1072
4033 2 2 1 1 66 1818 65
4034 2 2 1 1 1597 1863 1372
4035 2 2 1 1 1032 1203 982
4036 2 2 1 1 1221 1935 1218
4037 2 2 1 1 1771 1831 1267
4038 2 2 1 1 312 1728 313
4039 2 2 1 1 1167 1421 958
4040 2 2 1 1 343 1762 1106
4041 2 2 1 1 374 1763 1080
4042 2 2 1 1 1170 1639 1022
4043 2 2 1 1 1192 1587 967
4044 2 2 1 1 1174 1531 388
4045 2 2 1 1 1186 1841 965
4046 2 2 1 1 1206 1843 971
4047 2 2 1 1 245 1395 244
4048 2 2 1 1 1158 1501 247
4049 2 2 1 1 960 1829 1171
4050 2 2 1 1 313 1802 314
4051 2 2 1 1 1093 1764 397
4052 2 2 1 1 1281 1845 981
4053 2 2 1 1 1159 1160 990
4054 2 2 1 1 1200 1850 969
4055 2 2 1 1 1209 1563 972
4056 2 2 1 1 1448 1769 921
4057 2 2 1 1 1423 1842 1001
4058 2 2 1 1 1126 1535 740
4059 2 2 1 1 1436 1656 1261
4060 2 2 1 1 927 1580 1066
4061 2 2 1 1 1137 1608 954
4062 2 2 1 1 1145 1614 940
4063 2 2 1 1 1243 1616 976
4064 2 2 1 1 968 1613 1195
4065 2 2 1 1 1066 1697 927
4066 2 2 1 1 1456 1742 946
4067 2 2 1 1 982 1833 1315
4068 2 2 1 1 1171 1610 960
4069 2 2 1 1 1336 1612 1002
4070 2 2 1 1 1337 1613 1003
4071 2 2 1 1 955 1608 1138
4072 2 2 1 1 967 1611 1192
4073 2 2 1 1 998 1609 1314
4074 2 2 1 1 976 1615 1243
4075 2 2 1 1 994 1614 1300
4076 2 2 1 1 1004 1616 1338
4077 2 2 1 1 1014 1617 1365
4078 2 2 1 1 187 1761 186
4079 2 2 1 1 341 1762 342
4080 2 2 1 1 372 1763 373
4081 2 2 1 1 397 1764 396
4082 2 2 1 1 396 1764 560
4083 2 2 1 1 457 1644 458
4084 2 2 1 1 458 1644 459
4085 2 2 1 1 507 1645 508
4086 2 2 1 1 617 1646 618
4087 2 2 1 1 656 1647 657
4088 2 2 1 1 657 1647 658
4089 2 2 1 1 696 1648 697
4090 2 2 1 1 697 1648 698
4091 2 2 1 1 906 1662 1534
4092 2 2 1 1 1063 1522 1521
4093 2 2 1 1 1262 1585 1426
4094 2 2 1 1 909 1739 1590
4095 2 2 1 1 1268 1601 1431
4096 2 2 1 1 314 1802 1380
4097 2 2 1 1 948 1683 1119
4098 2 2 1 1 1347 1878 1009
4099 2 2 1 1 1088 1529 180
4100 2 2 1 1 1090 1643 938
4101 2 2 1 1 977 1468 1244
4102 2 2 1 1 1283 1819 1591
4103 2 2 1 1 1090 1817 672
4104 2 2 1 1 1438 1854 937
4105 2 2 1 1 1022 1639 922
4106 2 2 1 1 1601 1832 1431
4107 2 2 1 1 1010 1682 1350
4108 2 2 1 1 1306 1684 997
4109 2 2 1 1 1346 1686 1008
4110 2 2 1 1 1342 1685 1005
4111 2 2 1 1 1006 1685 1343
4112 2 2 1 1 1371 1870 1631
4113 2 2 1 1 922 1639 1538
4114 2 2 1 1 560 1764 1093
4115 2 2 1 1 1089 1226 589
4116 2 2 1 1 1820 1835 1459
4117 2 2 1 1 1239 1799 992
4118 2 2 1 1 448 1517 1075
4119 2 2 1 1 1075 1517 451
4120 2 2 1 1 1490 1723 1385
4121 2 2 1 1 1585 1822 1426
4122 2 2 1 1 938 1817 1090
4123 2 2 1 1 1496 1776 1376
4124 2 2 1 1 1426 1822 1605
4125 2 2 1 1 983 1859 1566
4126 2 2 1 1 1309 1816 1023
4127 2 2 1 1 16 1456 15
4128 2 2 1 1 6 1913 1769
4129 2 2 1 1 1769 1913 8
4130 2 2 1 1 1459 1857 1820
4131 2 2 1 1 188 1761 187
4132 2 2 1 1 342 1762 343
4133 2 2 1 1 373 1763 374
4134 2 2 1 1 663 1940 662
4135 2 2 1 1 664 1940 663
4136 2 2 1 1 663 1941 664
4137 2 2 1 1 664 1941 665
4138 2 2 1 1 1429 1847 961
4139 2 2 1 1 981 1845 1427
4140 2 2 1 1 180 1529 179
4141 2 2 1 1 388 1531 389
4142 2 2 1 1 413 1451 414
4143 2 2 1 1 483 1532 484
4144 2 2 1 1 510 1530 511
4145 2 2 1 1 1160 1574 990
4146 2 2 1 1 1740 1895 1269
4147 2 2 1 1 662 1940 1256
4148 2 2 1 1 1256 1940 664
4149 2 2 1 1 1747 1879 1104
4150 2 2 1 1 1020 1778 917
4151 2 2 1 1 1049 1519 1362
4152 2 2 1 1 1190 1649 988
4153 2 2 1 1 1344 1918 1170
4154 2 2 1 1 1605 1657 1113
4155 2 2 1 1 1045 1200 969
4156 2 2 1 1 1031 1480 1320
4157 2 2 1 1 1230 1695 1033
4158 2 2 1 1 247 1501 246
4159 2 2 1 1 246 1501 734
4160 2 2 1 1 255 1574 254
4161 2 2 1 1 1547 1660 1114
4162 2 2 1 1 1115 1661 1548
4163 2 2 1 1 1261 1656 1611
4164 2 2 1 1 1610 1655 1260
4165 2 2 1 1 1325 1347 1009
4166 2 2 1 1 1204 1645 505
4167 2 2 1 1 1022 1344 1170
4168 2 2 1 1 1031 1320 1168
4169 2 2 1 1 1577 1828 1234
4170 2 2 1 1 988 1220 1087
4171 2 2 1 1 316 1634 317
4172 2 2 1 1 956 1837 1140
4173 2 2 1 1 958 1839 1167
4174 2 2 1 1 963 1841 1184
4175 2 2 1 1 964 1840 1185
4176 2 2 1 1 997 1838 1306
4177 2 2 1 1 1001 1842 1335
4178 2 2 1 1 1008 1843 1346
4179 2 2 1 1 961 1847 1173
4180 2 2 1 1 996 1846 1305
4181 2 2 1 1 1232 1844 973
4182 2 2 1 1 665 1941 1362
4183 2 2 1 1 176 1915 1529
4184 2 2 1 1 356 1917 1530
4185 2 2 1 1 391 1921 1176
4186 2 2 1 1 404 1922 1179
4187 2 2 1 1 1179 1922 406
4188 2 2 1 1 428 1924 1189
4189 2 2 1 1 1191 1927 443
4190 2 2 1 1 470 1930 1196
4191 2 2 1 1 491 1931 1202
4192 2 2 1 1 1203 1933 494
4193 2 2 1 1 496 1933 1203
4194 2 2 1 1 1168 1530 510
4195 2 2 1 1 1176 1921 531
4196 2 2 1 1 531 1920 1531
4197 2 2 1 1 549 1923 1451
4198 2 2 1 1 1189 1924 591
4199 2 2 1 1 600 1927 1191
4200 2 2 1 1 1196 1930 637
4201 2 2 1 1 1250 1939 659
4202 2 2 1 1 661 1939 1250
4203 2 2 1 1 1202 1931 702
4204 2 2 1 1 933 1868 1294
4205 2 2 1 1 317 1634 825
4206 2 2 1 1 65 1818 1535
4207 2 2 1 1 1380 1634 315
4208 2 2 1 1 1525 1823 1477
4209 2 2 1 1 7 1913 6
4210 2 2 1 1 8 1913 7
4211 2 2 1 1 18 1914 17
4212 2 2 1 1 19 1914 18
4213 2 2 1 1 178 1915 176
4214 2 2 1 1 179 1915 178
4215 2 2 1 1 198 1916 197
4216 2 2 1 1 199 1916 198
4217 2 2 1 1 357 1917 356
4218 2 2 1 1 358 1918 357
4219 2 2 1 1 511 1917 357
4220 2 2 1 1 357 1918 511
4221 2 2 1 1 383 1919 529
4222 2 2 1 1 389 1920 390
4223 2 2 1 1 390 1921 391
4224 2 2 1 1 390 1920 531
4225 2 2 1 1 531 1921 390
4226 2 2 1 1 405 1922 404
4227 2 2 1 1 406 1922 405
4228 2 2 1 1 414 1923 415
4229 2 2 1 1 415 1923 549
4230 2 2 1 1 429 1924 428
4231 2 2 1 1 430 1925 429
4232 2 2 1 1 591 1924 429
4233 2 2 1 1 429 1925 591
4234 2 2 1 1 442 1926 441
4235 2 2 1 1 443 1927 442
4236 2 2 1 1 600 1926 442
4237 2 2 1 1 442 1927 600
4238 2 2 1 1 449 1928 448
4239 2 2 1 1 448 1929 449
4240 2 2 1 1 576 1929 448
4241 2 2 1 1 450 1928 449
4242 2 2 1 1 471 1930 470
4243 2 2 1 1 637 1930 471
4244 2 2 1 1 492 1931 491
4245 2 2 1 1 702 1931 492
4246 2 2 1 1 493 1932 702
4247 2 2 1 1 494 1933 495
4248 2 2 1 1 495 1933 496
4249 2 2 1 1 505 1934 506
4250 2 2 1 1 506 1934 507
4251 2 2 1 1 529 1919 528
4252 2 2 1 1 571 1935 572
4253 2 2 1 1 572 1935 573
4254 2 2 1 1 586 1936 585
4255 2 2 1 1 587 1936 586
4256 2 2 1 1 616 1937 615
4257 2 2 1 1 668 1937 616
4258 2 2 1 1 644 1938 643
4259 2 2 1 1 645 1938 644
4260 2 2 1 1 659 1939 660
4261 2 2 1 1 660 1939 661
4262 2 2 1 1 702 1932 701
4263 2 2 1 1 257 1574 255
4264 2 2 1 1 355 1530 1168
4265 2 2 1 1 1728 1802 313
4266 2 2 1 1 1535 1818 740
4267 2 2 1 1 824 1802 1728
4268 2 2 1 1 825 1634 1380
4269 2 2 1 1 1529 1915 179
4270 2 2 1 1 1531 1920 389
4271 2 2 1 1 1451 1923 414
4272 2 2 1 1 1530 1917 511
4273 2 2 1 1 448 1928 1517
4274 2 2 1 1 449 1929 1518
4275 2 2 1 1 1517 1928 450
4276 2 2 1 1 1645 1934 505
4277 2 2 1 1 507 1934 1645
4278 2 2 1 1 1518 1929 576
4279 2 2 1 1 615 1937 1519
4280 2 2 1 1 1519 1937 668
4281 2 2 1 1 727 717 726
4282 2 2 1 1 726 1413 727
4283 2 2 1 1 825 1380 824
4284 2 2 1 1 824 1816 825
4285 2 2 1 1 177 178 176
4286 2 2 1 1 529 384 383
4287 2 2 1 1 576 448 447
4288 2 2 1 1 492 493 702
4289 2 2 1 1 668 616 617
4290 2 2 1 1 671 669 670
4291 2 2 1 1 726 717 820
4292 2 2 1 2 25 1945 24
4293 2 2 1 2 27 1945 26
4294 2 2 1 2 787 1944 786
4295 2 2 1 2 24 1946 23
4296 2 2 1 2 786 1944 1942
4297 2 2 1 2 26 1945 25
4298 2 2 1 2 785 9 10
4299 2 2 1 2 14 1946 788
4300 2 2 1 2 1942 1944 30
4301 2 2 1 2 22 1943 21
4302 2 2 1 2 28 1944 27
4303 2 2 1 2 31 1942 30
4304 2 2 1 2 786 1942 7
4305 2 2 1 2 23 1946 22
4306 2 2 1 2 1944 1945 27
4307 2 2 1 2 1945 1946 24
4308 2 2 1 2 18 1943 14
4309 2 2 1 2 788 1945 787
4310 2 2 1 2 787 1945 1944
4311 2 2 1 2 6 1942 5
4312 2 2 1 2 20 1943 19
4313 2 2 1 2 30 1944 29
4314 2 2 1 2 1943 1946 14
4315 2 2 1 2 5 1942 31
4316 2 2 1 2 7 1942 6
4317 2 2 1 2 19 1943 18
4318 2 2 1 2 21 1943 20
4319 2 2 1 2 29 1944 28
4320 2 2 1 2 788 1946 1945
4321 2 2 1 2 22 1946 1943
4322 2 2 1 2 11 13 10
4323 2 2 1 2 10 13 785
4324 2 2 1 2 11 12 13
4325 2 2 1 2 16 14 15
4326 2 2 1 2 18 14 16
4327 2 2 1 2 17 18 16
4328 2 2 1 2 7 8 785
4329 2 2 1 2 786 7 785
4330 2 2 1 2 8 9 785
4331 2 2 1 3 15 34 32
4332 2 2 1 3 32 34 33
4333 2 2 1 4 40 789 39
4334 2 2 1 4 43 34 42
4335 2 2 1 4 42 34 789
4336 2 2 1 4 36 789 35
4337 2 2 1 4 37 789 36
4338 2 2 1 4 38 789 37
4339 2 2 1 4 39 789 38
4340 2 2 1 4 42 789 41
4341 2 2 1 4 41 789 40
4342 2 2 1 5 35 45 44
4343 2 2 1 6 46 269 268
4344 2 2 1 6 237 790 236
4345 2 2 1 6 46 1947 790
4346 2 2 1 6 790 1947 236
4347 2 2 1 6 268 1947 46
4348 2 2 1 6 236 1947 235
4349 2 2 1 6 266 1947 267
4350 2 2 1 6 267 1947 268
4351 2 2 1 6 1947 1948 235
4352 2 2 1 6 266 1948 1947
4353 2 2 1 6 235 1948 234
4354 2 2 1 6 234 1948 266
4355 2 2 1 6 45 790 237
4356 2 2 1 6 46 47 270
4357 2 2 1 6 270 269 46
4358 2 2 1 6 233 234 266
4359 2 2 1 7 98 1999 97
4360 2 2 1 7 74 1973 73
4361 2 2 1 7 57 2001 56
4362 2 2 1 7 296 1965 816
4363 2 2 1 7 50 2015 49
4364 2 2 1 7 2029 2032 2020
4365 2 2 1 7 270 2049 269
4366 2 2 1 7 47 2008 270
4367 2 2 1 7 1982 1999 1951
4368 2 2 1 7 215 1998 214
4369 2 2 1 7 791 2008 47
4370 2 2 1 7 813 1973 814
4371 2 2 1 7 1956 2029 1975
4372 2 2 1 7 816 2014 817
4373 2 2 1 7 1959 2048 1951
4374 2 2 1 7 1966 2014 816
4375 2 2 1 7 52 2045 51
4376 2 2 1 7 48 2015 796
4377 2 2 1 7 195 1968 194
4378 2 2 1 7 2021 2043 296
4379 2 2 1 7 91 2011 90
4380 2 2 1 7 1951 1999 1953
4381 2 2 1 7 1981 1999 1982
4382 2 2 1 7 200 2012 199
4383 2 2 1 7 194 1968 193
4384 2 2 1 7 196 1968 195
4385 2 2 1 7 198 1968 197
4386 2 2 1 7 97 1999 96
4387 2 2 1 7 1958 1959 1951
4388 2 2 1 7 1954 1969 1949
4389 2 2 1 7 287 2010 288
4390 2 2 1 7 1952 2032 2029
4391 2 2 1 7 189 2044 188
4392 2 2 1 7 56 2001 55
4393 2 2 1 7 102 1983 101
4394 2 2 1 7 268 1994 267
4395 2 2 1 7 1969 1972 1949
4396 2 2 1 7 296 2035 2021
4397 2 2 1 7 1975 2029 1950
4398 2 2 1 7 817 2002 818
4399 2 2 1 7 75 2027 74
4400 2 2 1 7 231 2028 230
4401 2 2 1 7 58 2014 57
4402 2 2 1 7 1972 2040 1949
4403 2 2 1 7 1973 2026 814
4404 2 2 1 7 291 1971 292
4405 2 2 1 7 2021 2042 2029
4406 2 2 1 7 1965 1966 816
4407 2 2 1 7 1953 1976 1951
4408 2 2 1 7 98 2003 1999
4409 2 2 1 7 793 2020 792
4410 2 2 1 7 795 2019 794
4411 2 2 1 7 73 2009 72
4412 2 2 1 7 814 2026 815
4413 2 2 1 7 1952 2029 1956
4414 2 2 1 7 88 2038 87
4415 2 2 1 7 90 2038 89
4416 2 2 1 7 92 2039 91
4417 2 2 1 7 94 2039 93
4418 2 2 1 7 1951 2048 1972
4419 2 2 1 7 61 2002 60
4420 2 2 1 7 99 2003 98
4421 2 2 1 7 208 2006 207
4422 2 2 1 7 2029 2042 1950
4423 2 2 1 7 275 2030 276
4424 2 2 1 7 277 2030 278
4425 2 2 1 7 279 2031 280
4426 2 2 1 7 281 2031 282
4427 2 2 1 7 188 2018 187
4428 2 2 1 7 107 2034 106
4429 2 2 1 7 183 2023 182
4430 2 2 1 7 791 2032 2008
4431 2 2 1 7 182 2023 181
4432 2 2 1 7 70 2009 813
4433 2 2 1 7 818 2002 61
4434 2 2 1 7 109 1971 108
4435 2 2 1 7 278 2022 279
4436 2 2 1 7 108 1971 107
4437 2 2 1 7 1955 2051 2012
4438 2 2 1 7 286 2046 287
4439 2 2 1 7 288 2047 289
4440 2 2 1 7 290 2047 291
4441 2 2 1 7 1958 1984 1959
4442 2 2 1 7 199 2012 198
4443 2 2 1 7 197 1968 196
4444 2 2 1 7 84 2050 83
4445 2 2 1 7 1962 2028 1952
4446 2 2 1 7 1969 1982 1951
4447 2 2 1 7 1949 2037 1954
4448 2 2 1 7 1985 2044 190
4449 2 2 1 7 1954 1980 1969
4450 2 2 1 7 1970 2029 2020
4451 2 2 1 7 1951 1972 1969
4452 2 2 1 7 2021 2029 1970
4453 2 2 1 7 1951 1976 1958
4454 2 2 1 7 296 2043 1965
4455 2 2 1 7 72 2009 71
4456 2 2 1 7 1972 2048 2018
4457 2 2 1 7 51 2015 50
4458 2 2 1 7 79 1978 1977
4459 2 2 1 7 178 2004 1984
4460 2 2 1 7 1984 1995 271
4461 2 2 1 7 792 2032 791
4462 2 2 1 7 794 2033 793
4463 2 2 1 7 76 2027 75
4464 2 2 1 7 2025 2051 1955
4465 2 2 1 7 1957 2051 2025
4466 2 2 1 7 1988 1989 1975
4467 2 2 1 7 230 2028 229
4468 2 2 1 7 1949 2042 1997
4469 2 2 1 7 282 2031 1996
4470 2 2 1 7 1981 2039 94
4471 2 2 1 7 87 2038 1979
4472 2 2 1 7 795 2036 2019
4473 2 2 1 7 79 1977 78
4474 2 2 1 7 82 1978 81
4475 2 2 1 7 179 2004 178
4476 2 2 1 7 185 2005 184
4477 2 2 1 7 191 1985 190
4478 2 2 1 7 222 1991 221
4479 2 2 1 7 226 1992 225
4480 2 2 1 7 227 1993 226
4481 2 2 1 7 232 1994 231
4482 2 2 1 7 274 1995 275
4483 2 2 1 7 284 1996 285
4484 2 2 1 7 292 1971 293
4485 2 2 1 7 1970 2043 2021
4486 2 2 1 7 1956 1962 1952
4487 2 2 1 7 1999 2003 1953
4488 2 2 1 7 2020 2032 792
4489 2 2 1 7 2019 2033 794
4490 2 2 1 7 793 2033 2020
4491 2 2 1 7 817 2014 2002
4492 2 2 1 7 1967 2034 1961
4493 2 2 1 7 1990 1991 1956
4494 2 2 1 7 2025 2042 1949
4495 2 2 1 7 1955 1987 1975
4496 2 2 1 7 815 2035 296
4497 2 2 1 7 1953 2003 1967
4498 2 2 1 7 1950 2025 1955
4499 2 2 1 7 1974 1986 1955
4500 2 2 1 7 796 2036 795
4501 2 2 1 7 2008 2032 1952
4502 2 2 1 7 2027 2037 1973
4503 2 2 1 7 1997 2037 1949
4504 2 2 1 7 203 1974 202
4505 2 2 1 7 89 2038 88
4506 2 2 1 7 93 2039 92
4507 2 2 1 7 71 2009 70
4508 2 2 1 7 1973 2037 2026
4509 2 2 1 7 1991 2024 1956
4510 2 2 1 7 1955 1975 1950
4511 2 2 1 7 1978 2017 1960
4512 2 2 1 7 215 2052 1998
4513 2 2 1 7 190 2044 189
4514 2 2 1 7 1960 2037 2027
4515 2 2 1 7 276 2030 277
4516 2 2 1 7 280 2031 281
4517 2 2 1 7 1952 2028 1963
4518 2 2 1 7 1973 2009 73
4519 2 2 1 7 2026 2035 815
4520 2 2 1 7 2021 2035 1997
4521 2 2 1 7 51 2016 2015
4522 2 2 1 7 2019 2036 1965
4523 2 2 1 7 106 2034 105
4524 2 2 1 7 184 2023 183
4525 2 2 1 7 223 2024 222
4526 2 2 1 7 1975 1998 1956
4527 2 2 1 7 1956 1998 1990
4528 2 2 1 7 1950 2042 2025
4529 2 2 1 7 2008 2049 270
4530 2 2 1 7 1986 1987 1955
4531 2 2 1 7 1979 2017 84
4532 2 2 1 7 1966 2001 57
4533 2 2 1 7 1978 2050 2017
4534 2 2 1 7 1987 1988 1975
4535 2 2 1 7 2017 2050 84
4536 2 2 1 7 198 2051 1968
4537 2 2 1 7 1971 2034 107
4538 2 2 1 7 1976 2022 1958
4539 2 2 1 7 293 2013 294
4540 2 2 1 7 74 2027 1973
4541 2 2 1 7 1964 1976 1953
4542 2 2 1 7 1989 1998 1975
4543 2 2 1 7 96 1999 1981
4544 2 2 1 7 214 1998 1989
4545 2 2 1 7 1994 2028 231
4546 2 2 1 7 2025 2040 1957
4547 2 2 1 7 1997 2042 2021
4548 2 2 1 7 53 2045 52
4549 2 2 1 7 291 2047 1971
4550 2 2 1 7 1986 2006 1987
4551 2 2 1 7 285 2046 286
4552 2 2 1 7 289 2047 290
4553 2 2 1 7 57 2014 1966
4554 2 2 1 7 2015 2036 796
4555 2 2 1 7 1995 2030 275
4556 2 2 1 7 1965 2043 2019
4557 2 2 1 7 188 2044 2018
4558 2 2 1 7 226 1993 1992
4559 2 2 1 7 51 2045 2016
4560 2 2 1 7 269 2049 268
4561 2 2 1 7 1953 1967 1961
4562 2 2 1 7 2012 2051 198
4563 2 2 1 7 83 2050 82
4564 2 2 1 7 2019 2043 1970
4565 2 2 1 7 1957 2044 1985
4566 2 2 1 7 1954 2017 1980
4567 2 2 1 7 2016 2036 2015
4568 2 2 1 7 1967 2003 101
4569 2 2 1 7 1957 2040 2000
4570 2 2 1 7 2011 2038 90
4571 2 2 1 7 91 2039 2011
4572 2 2 1 7 1949 2040 2025
4573 2 2 1 7 2002 2014 58
4574 2 2 1 7 268 2049 1994
4575 2 2 1 7 2010 2047 288
4576 2 2 1 7 287 2046 2010
4577 2 2 1 7 1974 2012 200
4578 2 2 1 7 1961 2010 1953
4579 2 2 1 7 2018 2048 187
4580 2 2 1 7 1956 2024 1962
4581 2 2 1 7 101 1983 1967
4582 2 2 1 7 1980 2017 1979
4583 2 2 1 7 1970 2033 2019
4584 2 2 1 7 2020 2033 1970
4585 2 2 1 7 1963 2008 1952
4586 2 2 1 7 208 2007 2006
4587 2 2 1 7 77 1977 76
4588 2 2 1 7 80 1978 79
4589 2 2 1 7 85 1979 84
4590 2 2 1 7 87 1979 86
4591 2 2 1 7 95 1981 94
4592 2 2 1 7 105 1983 104
4593 2 2 1 7 178 1984 177
4594 2 2 1 7 193 1985 192
4595 2 2 1 7 205 1986 204
4596 2 2 1 7 211 1988 210
4597 2 2 1 7 213 1989 212
4598 2 2 1 7 218 1990 217
4599 2 2 1 7 220 1991 219
4600 2 2 1 7 224 1992 223
4601 2 2 1 7 229 1993 228
4602 2 2 1 7 272 1995 273
4603 2 2 1 7 282 1996 283
4604 2 2 1 7 1960 2017 1954
4605 2 2 1 7 2026 2037 1997
4606 2 2 1 7 813 2009 1973
4607 2 2 1 7 1996 2031 1964
4608 2 2 1 7 1958 1995 1984
4609 2 2 1 7 1955 2012 1974
4610 2 2 1 7 1984 2004 1959
4611 2 2 1 7 2000 2040 1972
4612 2 2 1 7 1954 2037 1960
4613 2 2 1 7 1993 2028 1962
4614 2 2 1 7 1964 2031 1976
4615 2 2 1 7 1979 2038 1980
4616 2 2 1 7 1982 2039 1981
4617 2 2 1 7 2016 2045 1965
4618 2 2 1 7 278 2030 2022
4619 2 2 1 7 2022 2031 279
4620 2 2 1 7 1965 2045 1966
4621 2 2 1 7 1977 2027 76
4622 2 2 1 7 1980 2011 1969
4623 2 2 1 7 1969 2011 1982
4624 2 2 1 7 187 2048 2005
4625 2 2 1 7 1987 2007 1988
4626 2 2 1 7 229 2028 1993
4627 2 2 1 7 54 2001 53
4628 2 2 1 7 59 2002 58
4629 2 2 1 7 78 1977 77
4630 2 2 1 7 81 1978 80
4631 2 2 1 7 86 1979 85
4632 2 2 1 7 96 1981 95
4633 2 2 1 7 101 2003 100
4634 2 2 1 7 104 1983 103
4635 2 2 1 7 177 1984 271
4636 2 2 1 7 180 2004 179
4637 2 2 1 7 186 2005 185
4638 2 2 1 7 192 1985 191
4639 2 2 1 7 204 1986 203
4640 2 2 1 7 206 2006 205
4641 2 2 1 7 210 2007 209
4642 2 2 1 7 212 1988 211
4643 2 2 1 7 214 1989 213
4644 2 2 1 7 219 1990 218
4645 2 2 1 7 221 1991 220
4646 2 2 1 7 225 1992 224
4647 2 2 1 7 228 1993 227
4648 2 2 1 7 233 1994 232
4649 2 2 1 7 271 1995 272
4650 2 2 1 7 273 1995 274
4651 2 2 1 7 283 1996 284
4652 2 2 1 7 55 2001 54
4653 2 2 1 7 60 2002 59
4654 2 2 1 7 100 2003 99
4655 2 2 1 7 103 1983 102
4656 2 2 1 7 181 2004 180
4657 2 2 1 7 187 2005 186
4658 2 2 1 7 207 2006 206
4659 2 2 1 7 209 2007 208
4660 2 2 1 7 2000 2044 1957
4661 2 2 1 7 181 2023 2004
4662 2 2 1 7 1965 2036 2016
4663 2 2 1 7 1972 2018 2000
4664 2 2 1 7 203 1986 1974
4665 2 2 1 7 1997 2035 2026
4666 2 2 1 7 2006 2007 1987
4667 2 2 1 7 1977 1978 1960
4668 2 2 1 7 1998 2052 1990
4669 2 2 1 7 1992 2024 223
4670 2 2 1 7 105 2034 1983
4671 2 2 1 7 1968 1985 193
4672 2 2 1 7 1971 2013 293
4673 2 2 1 7 109 2013 1971
4674 2 2 1 7 2001 2045 53
4675 2 2 1 7 2005 2023 184
4676 2 2 1 7 222 2024 1991
4677 2 2 1 7 1957 1985 1968
4678 2 2 1 7 1996 2046 285
4679 2 2 1 7 1953 2010 1964
4680 2 2 1 7 82 2050 1978
4681 2 2 1 7 110 2013 109
4682 2 2 1 7 295 2013 110
4683 2 2 1 7 205 2006 1986
4684 2 2 1 7 1988 2007 210
4685 2 2 1 7 212 1989 1988
4686 2 2 1 7 1990 2052 217
4687 2 2 1 7 219 1991 1990
4688 2 2 1 7 1963 2049 2008
4689 2 2 1 7 1958 2030 1995
4690 2 2 1 7 200 2041 1974
4691 2 2 1 7 1961 2034 1971
4692 2 2 1 7 1992 1993 1962
4693 2 2 1 7 2004 2023 1959
4694 2 2 1 7 2022 2030 1958
4695 2 2 1 7 1974 2041 202
4696 2 2 1 7 2005 2048 1959
4697 2 2 1 7 1968 2051 1957
4698 2 2 1 7 1962 2024 1992
4699 2 2 1 7 1960 2027 1977
4700 2 2 1 7 1963 2028 1994
4701 2 2 1 7 201 2041 200
4702 2 2 1 7 1966 2045 2001
4703 2 2 1 7 1994 2049 1963
4704 2 2 1 7 1971 2047 1961
4705 2 2 1 7 2018 2044 2000
4706 2 2 1 7 1959 2023 2005
4707 2 2 1 7 202 2041 201
4708 2 2 1 7 2010 2046 1964
4709 2 2 1 7 1961 2047 2010
4710 2 2 1 7 294 2013 295
4711 2 2 1 7 1980 2038 2011
4712 2 2 1 7 2011 2039 1982
4713 2 2 1 7 1983 2034 1967
4714 2 2 1 7 1976 2031 2022
4715 2 2 1 7 1964 2046 1996
4716 2 2 1 7 233 2053 1994
4717 2 2 1 7 1994 2053 267
4718 2 2 1 7 216 2052 215
4719 2 2 1 7 217 2052 216
4720 2 2 1 7 266 2053 233
4721 2 2 1 7 267 2053 266
4722 2 2 1 7 49 2015 48
4723 2 2 1 7 818 62 63
4724 2 2 1 7 61 62 818
4725 2 2 1 8 709 2087 2083
4726 2 2 1 8 145 2106 146
4727 2 2 1 8 277 2093 278
4728 2 2 1 8 272 2076 273
4729 2 2 1 8 803 2095 2089
4730 2 2 1 8 173 2094 174
4731 2 2 1 8 800 2087 801
4732 2 2 1 8 2067 2081 2056
4733 2 2 1 8 797 2063 798
4734 2 2 1 8 291 2100 292
4735 2 2 1 8 276 2093 277
4736 2 2 1 8 286 2101 287
4737 2 2 1 8 2096 2107 2083
4738 2 2 1 8 143 2111 144
4739 2 2 1 8 174 2076 175
4740 2 2 1 8 2079 2102 711
4741 2 2 1 8 158 2091 151
4742 2 2 1 8 170 2104 171
4743 2 2 1 8 172 2104 173
4744 2 2 1 8 711 2102 2088
4745 2 2 1 8 2054 2116 2060
4746 2 2 1 8 292 2108 293
4747 2 2 1 8 294 2108 295
4748 2 2 1 8 121 2084 122
4749 2 2 1 8 712 2087 713
4750 2 2 1 8 713 2088 712
4751 2 2 1 8 801 2097 802
4752 2 2 1 8 150 2096 799
4753 2 2 1 8 146 2106 2068
4754 2 2 1 8 278 2099 279
4755 2 2 1 8 2060 2067 2054
4756 2 2 1 8 287 2105 288
4757 2 2 1 8 289 2105 290
4758 2 2 1 8 284 2112 285
4759 2 2 1 8 2056 2107 2096
4760 2 2 1 8 273 2110 274
4761 2 2 1 8 275 2110 276
4762 2 2 1 8 2083 2107 709
4763 2 2 1 8 158 2089 159
4764 2 2 1 8 2056 2096 2054
4765 2 2 1 8 141 2114 142
4766 2 2 1 8 2054 2067 2056
4767 2 2 1 8 2088 2102 2097
4768 2 2 1 8 151 2089 158
4769 2 2 1 8 2066 2067 2060
4770 2 2 1 8 799 2083 800
4771 2 2 1 8 2063 2082 2054
4772 2 2 1 8 2054 2103 2063
4773 2 2 1 8 159 2117 160
4774 2 2 1 8 161 2117 162
4775 2 2 1 8 290 2100 291
4776 2 2 1 8 285 2101 286
4777 2 2 1 8 803 2089 151
4778 2 2 1 8 151 2091 804
4779 2 2 1 8 798 2103 150
4780 2 2 1 8 2083 2087 800
4781 2 2 1 8 2063 2103 798
4782 2 2 1 8 144 2106 145
4783 2 2 1 8 149 2068 797
4784 2 2 1 8 803 2113 2095
4785 2 2 1 8 142 2114 2111
4786 2 2 1 8 2096 2103 2054
4787 2 2 1 8 2054 2082 2057
4788 2 2 1 8 797 2068 2063
4789 2 2 1 8 2057 2116 2054
4790 2 2 1 8 2059 2095 2055
4791 2 2 1 8 2080 2110 273
4792 2 2 1 8 2075 2104 170
4793 2 2 1 8 112 2069 113
4794 2 2 1 8 124 2085 125
4795 2 2 1 8 128 2072 129
4796 2 2 1 8 139 2073 140
4797 2 2 1 8 163 2074 164
4798 2 2 1 8 280 2077 281
4799 2 2 1 8 710 2087 709
4800 2 2 1 8 709 2107 2079
4801 2 2 1 8 157 2091 158
4802 2 2 1 8 2077 2099 2078
4803 2 2 1 8 171 2104 172
4804 2 2 1 8 2060 2069 112
4805 2 2 1 8 2064 2080 273
4806 2 2 1 8 2055 2094 2059
4807 2 2 1 8 111 2066 112
4808 2 2 1 8 293 2108 294
4809 2 2 1 8 2078 2112 2077
4810 2 2 1 8 150 2103 2096
4811 2 2 1 8 2071 2116 2084
4812 2 2 1 8 2067 2100 2081
4813 2 2 1 8 112 2066 2060
4814 2 2 1 8 142 2111 143
4815 2 2 1 8 799 2096 2083
4816 2 2 1 8 802 2113 803
4817 2 2 1 8 2088 2097 712
4818 2 2 1 8 2079 2107 2058
4819 2 2 1 8 2093 2099 278
4820 2 2 1 8 279 2099 280
4821 2 2 1 8 162 2098 163
4822 2 2 1 8 2058 2107 2078
4823 2 2 1 8 288 2105 289
4824 2 2 1 8 174 2094 2064
4825 2 2 1 8 129 2092 130
4826 2 2 1 8 129 2072 2065
4827 2 2 1 8 283 2112 284
4828 2 2 1 8 2097 2102 2055
4829 2 2 1 8 2095 2113 2055
4830 2 2 1 8 2089 2095 159
4831 2 2 1 8 136 2086 137
4832 2 2 1 8 274 2110 275
4833 2 2 1 8 2058 2102 2079
4834 2 2 1 8 2064 2094 2055
4835 2 2 1 8 2095 2117 159
4836 2 2 1 8 2101 2105 287
4837 2 2 1 8 140 2114 141
4838 2 2 1 8 2100 2108 292
4839 2 2 1 8 125 2115 126
4840 2 2 1 8 2055 2080 2064
4841 2 2 1 8 2084 2116 2062
4842 2 2 1 8 2078 2107 2056
4843 2 2 1 8 2066 2108 2067
4844 2 2 1 8 144 2111 2106
4845 2 2 1 8 2074 2104 2075
4846 2 2 1 8 2068 2106 2063
4847 2 2 1 8 173 2104 2094
4848 2 2 1 8 160 2117 161
4849 2 2 1 8 147 2068 148
4850 2 2 1 8 2061 2114 2073
4851 2 2 1 8 2080 2102 2093
4852 2 2 1 8 2078 2099 2058
4853 2 2 1 8 276 2110 2093
4854 2 2 1 8 2064 2076 174
4855 2 2 1 8 273 2076 2064
4856 2 2 1 8 2084 2085 122
4857 2 2 1 8 2093 2102 2058
4858 2 2 1 8 2061 2062 2057
4859 2 2 1 8 114 2069 115
4860 2 2 1 8 116 2070 117
4861 2 2 1 8 118 2071 119
4862 2 2 1 8 126 2072 127
4863 2 2 1 8 137 2073 138
4864 2 2 1 8 165 2074 166
4865 2 2 1 8 167 2075 168
4866 2 2 1 8 169 2075 170
4867 2 2 1 8 282 2077 283
4868 2 2 1 8 710 2079 711
4869 2 2 1 8 155 2091 156
4870 2 2 1 8 2061 2115 2062
4871 2 2 1 8 295 2108 2066
4872 2 2 1 8 131 2092 132
4873 2 2 1 8 133 2086 134
4874 2 2 1 8 2057 2090 2061
4875 2 2 1 8 2061 2073 2065
4876 2 2 1 8 2058 2099 2093
4877 2 2 1 8 804 2091 155
4878 2 2 1 8 148 2068 149
4879 2 2 1 8 2082 2090 2057
4880 2 2 1 8 2055 2102 2080
4881 2 2 1 8 2059 2104 2074
4882 2 2 1 8 2065 2073 137
4883 2 2 1 8 113 2069 114
4884 2 2 1 8 115 2070 116
4885 2 2 1 8 117 2071 118
4886 2 2 1 8 119 2084 120
4887 2 2 1 8 123 2085 124
4888 2 2 1 8 127 2072 128
4889 2 2 1 8 138 2073 139
4890 2 2 1 8 146 2068 147
4891 2 2 1 8 164 2074 165
4892 2 2 1 8 166 2075 167
4893 2 2 1 8 168 2075 169
4894 2 2 1 8 176 2076 177
4895 2 2 1 8 281 2077 282
4896 2 2 1 8 709 2079 710
4897 2 2 1 8 714 2087 710
4898 2 2 1 8 711 2088 714
4899 2 2 1 8 120 2084 121
4900 2 2 1 8 122 2085 123
4901 2 2 1 8 175 2076 176
4902 2 2 1 8 713 2087 714
4903 2 2 1 8 714 2088 713
4904 2 2 1 8 290 2105 2100
4905 2 2 1 8 156 2091 157
4906 2 2 1 8 2090 2114 2061
4907 2 2 1 8 285 2112 2101
4908 2 2 1 8 2055 2113 2097
4909 2 2 1 8 2097 2113 802
4910 2 2 1 8 2082 2111 2090
4911 2 2 1 8 2111 2114 2090
4912 2 2 1 8 2077 2112 283
4913 2 2 1 8 2062 2116 2057
4914 2 2 1 8 2070 2116 2071
4915 2 2 1 8 162 2117 2098
4916 2 2 1 8 2081 2101 2078
4917 2 2 1 8 126 2115 2072
4918 2 2 1 8 130 2092 131
4919 2 2 1 8 2065 2092 129
4920 2 2 1 8 2074 2098 2059
4921 2 2 1 8 2060 2116 2070
4922 2 2 1 8 2063 2106 2082
4923 2 2 1 8 280 2099 2077
4924 2 2 1 8 163 2098 2074
4925 2 2 1 8 2073 2114 140
4926 2 2 1 8 2085 2115 125
4927 2 2 1 8 2056 2081 2078
4928 2 2 1 8 2069 2070 115
4929 2 2 1 8 2070 2071 117
4930 2 2 1 8 2071 2084 119
4931 2 2 1 8 2074 2075 166
4932 2 2 1 8 137 2086 2065
4933 2 2 1 8 2065 2072 2061
4934 2 2 1 8 2098 2117 2059
4935 2 2 1 8 2100 2105 2081
4936 2 2 1 8 2066 2109 295
4937 2 2 1 8 2060 2070 2069
4938 2 2 1 8 2062 2085 2084
4939 2 2 1 8 2059 2117 2095
4940 2 2 1 8 111 2109 2066
4941 2 2 1 8 2072 2115 2061
4942 2 2 1 8 2106 2111 2082
4943 2 2 1 8 295 2109 110
4944 2 2 1 8 135 2086 136
4945 2 2 1 8 132 2092 133
4946 2 2 1 8 134 2086 135
4947 2 2 1 8 2081 2105 2101
4948 2 2 1 8 2094 2104 2059
4949 2 2 1 8 110 2109 111
4950 2 2 1 8 2067 2108 2100
4951 2 2 1 8 2093 2110 2080
4952 2 2 1 8 2101 2112 2078
4953 2 2 1 8 133 2092 2086
4954 2 2 1 8 2062 2115 2085
4955 2 2 1 8 2076 2118 177
4956 2 2 1 8 272 2118 2076
4957 2 2 1 8 177 2118 271
4958 2 2 1 8 271 2118 272
4959 2 2 1 8 2086 2092 2065
4960 2 2 1 8 153 152 154
4961 2 2 1 8 154 152 804
4962 2 2 1 8 154 804 155
4963 2 2 1 8 714 710 711
4964 2 2 1 8 801 2087 712
4965 2 2 1 8 712 2097 801
4966 2 2 1 9 68 2121 69
4967 2 2 1 9 69 2121 813
4968 2 2 1 9 818 2119 63
4969 2 2 1 9 64 2119 65
4970 2 2 1 9 63 2119 64
4971 2 2 1 9 817 2120 818
4972 2 2 1 9 813 2120 814
4973 2 2 1 9 67 2119 68
4974 2 2 1 9 814 2120 817
4975 2 2 1 9 2120 2121 818
4976 2 2 1 9 2119 2121 68
4977 2 2 1 9 818 2121 2119
4978 2 2 1 9 813 2121 2120
4979 2 2 1 9 2119 2122 65
4980 2 2 1 9 67 2122 2119
4981 2 2 1 9 65 2122 66
4982 2 2 1 9 66 2122 67
4983 2 2 1 9 69 813 70
4984 2 2 1 9 296 815 816
4985 2 2 1 9 816 815 814
4986 2 2 1 9 816 814 817
4987 2 2 1 10 812 2131 264
4988 2 2 1 10 240 2130 241
4989 2 2 1 10 252 2129 253
4990 2 2 1 10 254 2129 255
4991 2 2 1 10 298 2127 808
4992 2 2 1 10 809 2126 810
4993 2 2 1 10 242 2128 243
4994 2 2 1 10 811 2130 240
4995 2 2 1 10 810 2130 811
4996 2 2 1 10 264 2131 265
4997 2 2 1 10 2126 2129 252
4998 2 2 1 10 253 2129 254
4999 2 2 1 10 810 2126 2123
5000 2 2 1 10 255 2127 256
5001 2 2 1 10 808 2129 809
5002 2 2 1 10 2123 2130 810
5003 2 2 1 10 2123 2126 2125
5004 2 2 1 10 255 2129 2127
5005 2 2 1 10 265 2131 238
5006 2 2 1 10 239 2131 240
5007 2 2 1 10 240 2131 812
5008 2 2 1 10 809 2129 2126
5009 2 2 1 10 241 2130 242
5010 2 2 1 10 242 2130 2128
5011 2 2 1 10 245 2124 246
5012 2 2 1 10 247 2124 248
5013 2 2 1 10 249 2125 250
5014 2 2 1 10 251 2126 252
5015 2 2 1 10 300 2127 299
5016 2 2 1 10 2127 2129 808
5017 2 2 1 10 244 2128 245
5018 2 2 1 10 246 2124 247
5019 2 2 1 10 248 2125 249
5020 2 2 1 10 250 2126 251
5021 2 2 1 10 256 2127 300
5022 2 2 1 10 299 2127 298
5023 2 2 1 10 243 2128 244
5024 2 2 1 10 2128 2130 2123
5025 2 2 1 10 245 2128 2124
5026 2 2 1 10 2124 2125 248
5027 2 2 1 10 2125 2126 250
5028 2 2 1 10 238 2131 239
5029 2 2 1 10 2123 2125 2124
5030 2 2 1 10 2124 2128 2123
5031 2 2 1 10 263 262 812
5032 2 2 1 10 264 263 812
5033 2 2 1 10 812 811 240
5034 2 2 1 10 298 261 297
5035 2 2 1 10 298 808 261
5036 2 2 1 11 260 2132 807
5037 2 2 1 11 807 2132 806
5038 2 2 1 11 260 261 297
5039 2 2 1 11 297 2132 260
5040 2 2 1 11 258 2133 299
5041 2 2 1 11 298 2133 297
5042 2 2 1 11 299 2133 298
5043 2 2 1 11 297 2133 2132
5044 2 2 1 11 2132 2133 258
5045 2 2 1 11 300 256 257
5046 2 2 1 11 805 300 257
5047 2 2 1 11 805 258 299
5048 2 2 1 11 806 2132 258
5049 2 2 1 11 259 807 806
5050 2 2 1 11 299 300 805
$EndElements
