node_id,x,y,z_top,z_bottom
0,399562.5,6845887.5,110.4000015258789,60.400001525878906
1,399562.5,6862912.5,221.5,171.5
2,421087.5,6862912.5,289.70001220703125,239.70001220703125
3,421087.5,6845887.5,241.0,191.0
4,406800.0,6851925.0,106.4000015258789,56.400001525878906
5,406875.0,6851850.0,109.69999694824219,59.69999694824219
6,406950.0,6851850.0,111.69999694824219,61.69999694824219
7,407025.0,6851850.0,115.19999694824219,65.19999694824219
8,407100.0,6851850.0,116.0,66.0
9,407175.0,6851850.0,119.0999984741211,69.0999984741211
10,407250.0,6851775.0,121.30000305175781,71.30000305175781
11,407325.0,6851700.0,127.19999694824219,77.19999694824219
12,407400.0,6851700.0,129.89999389648438,79.89999389648438
13,407475.0,6851700.0,134.0,84.0
14,407550.0,6851700.0,139.10000610351562,89.10000610351562
15,407625.0,6851700.0,142.89999389648438,92.89999389648438
16,407700.0,6851700.0,147.10000610351562,97.10000610351562
17,407775.0,6851775.0,149.0,99.0
18,407850.0,6851775.0,153.0,103.0
19,407925.0,6851700.0,161.5,111.5
20,408000.0,6851625.0,166.60000610351562,116.60000610351562
21,408075.0,6851625.0,172.8000030517578,122.80000305175781
22,408113.7036284167,6851625.0,178.3217191310186,128.3217191310186
23,408108.1128186518,6851683.559874382,183.9588284124228,133.95882841242278
24,408029.8813402084,6851844.301746851,201.10502390981983,151.1050239098198
25,407555.7044562363,6852285.920938201,176.66582297844786,126.66582297844784
26,407199.2853097178,6852536.492570071,184.53390086248282,134.53390086248285
27,407042.2918009729,6852817.705667485,174.6282040473758,124.6282040473758
28,407096.3199075224,6853300.557302649,164.05786804857155,114.05786804857155
29,407376.5883085699,6853452.258115002,182.6003985806288,132.6003985806288
30,407417.6536311113,6853573.044510471,197.88737526845568,147.88737526845568
31,407735.7005583008,6853493.480398051,213.1038783236409,163.10387832364088
32,408132.4076398659,6853293.245606869,225.71563381640252,175.71563381640254
33,408050.9061227969,6853091.842415626,251.19705900798755,201.19705900798752
34,408157.1688492186,6852729.896982645,248.90339615078352,198.90339615078355
35,408513.5707162459,6852489.418794506,268.18114923211044,218.1811492321104
36,408911.2658118228,6852409.699712314,292.4189365318793,242.41893653187927
37,409784.5865502277,6852089.421825835,207.16270519077085,157.16270519077085
38,409941.6245384692,6851838.089161241,248.2072154310054,198.2072154310054
39,411051.6418794268,6851316.390739447,288.1019245829007,238.10192458290075
40,412363.1445304093,6851076.457029538,266.85479146408983,216.8547914640898
41,413100.0,6850879.783202741,230.01301088728013,180.01301088728013
42,413415.4755710383,6850795.579732213,279.67015252136,229.67015252136002
43,413030.0412353234,6851407.464365269,208.28520877616717,158.28520877616717
44,414300.0,6850966.454668314,226.3662930841141,176.3662930841141
45,414471.1281927348,6850907.02817785,252.26565543030296,202.26565543030296
46,416044.1025977226,6850610.07760997,288.2824386219606,238.28243862196055
47,416311.0680034545,6850813.931996546,263.94434488204354,213.94434488204354
48,416250.0,6850875.0,263.6000061035156,213.60000610351562
49,416175.0,6850875.0,258.6000061035156,208.60000610351562
50,416100.0,6850950.0,255.3000030517578,205.3000030517578
51,416100.0,6851025.0,254.10000610351562,204.10000610351562
52,416100.0,6851100.0,252.1999969482422,202.1999969482422
53,416025.0,6851175.0,246.60000610351562,196.60000610351562
54,415950.0,6851175.0,246.3000030517578,196.3000030517578
55,415875.0,6851175.0,243.6999969482422,193.6999969482422
56,415800.0,6851175.0,237.10000610351562,187.10000610351562
57,415725.0,6851175.0,238.3000030517578,188.3000030517578
58,415650.0,6851175.0,236.10000610351562,186.10000610351562
59,415575.0,6851250.0,230.89999389648438,180.89999389648438
60,415500.0,6851250.0,233.89999389648438,183.89999389648438
61,415425.0,6851250.0,231.1999969482422,181.1999969482422
62,415350.0,6851250.0,226.89999389648438,176.89999389648438
63,415275.0,6851250.0,225.6999969482422,175.6999969482422
64,415200.0,6851325.0,221.60000610351562,171.60000610351562
65,415125.0,6851400.0,220.0,170.0
66,415050.0,6851475.0,218.6999969482422,168.6999969482422
67,414975.0,6851475.0,217.0,167.0
68,414900.0,6851475.0,216.0,166.0
69,414825.0,6851475.0,214.3000030517578,164.3000030517578
70,414750.0,6851550.0,213.60000610351562,163.60000610351562
71,414675.0,6851550.0,210.1999969482422,160.1999969482422
72,414600.0,6851625.0,209.39999389648438,159.39999389648438
73,414525.0,6851625.0,207.8000030517578,157.8000030517578
74,414450.0,6851700.0,205.1999969482422,155.1999969482422
75,414375.0,6851775.0,204.8000030517578,154.8000030517578
76,414300.0,6851850.0,203.8000030517578,153.8000030517578
77,414225.0,6851925.0,202.5,152.5
78,414150.0,6851925.0,200.39999389648438,150.39999389648438
79,414075.0,6852000.0,199.39999389648438,149.39999389648438
80,414000.0,6852000.0,198.60000610351562,148.60000610351562
81,413925.0,6852000.0,197.6999969482422,147.6999969482422
82,413850.0,6852000.0,198.10000610351562,148.10000610351562
83,413775.0,6852000.0,196.10000610351562,146.10000610351562
84,413700.0,6851925.0,195.10000610351562,145.10000610351562
85,413625.0,6851850.0,194.39999389648438,144.39999389648438
86,413550.0,6851850.0,194.0,144.0
87,413475.0,6851850.0,194.3000030517578,144.3000030517578
88,413400.0,6851850.0,194.1999969482422,144.1999969482422
89,413325.0,6851775.0,193.60000610351562,143.60000610351562
90,413250.0,6851775.0,191.6999969482422,141.6999969482422
91,413175.0,6851775.0,191.39999389648438,141.39999389648438
92,413100.0,6851700.0,189.6999969482422,139.6999969482422
93,413025.0,6851700.0,190.60000610351562,140.60000610351562
94,412950.0,6851625.0,189.39999389648438,139.39999389648438
95,412875.0,6851625.0,188.60000610351562,138.60000610351562
96,412800.0,6851700.0,187.3000030517578,137.3000030517578
97,412725.0,6851700.0,185.0,135.0
98,412650.0,6851775.0,183.89999389648438,133.89999389648438
99,412575.0,6851775.0,182.6999969482422,132.6999969482422
100,412500.0,6851850.0,182.1999969482422,132.1999969482422
101,412425.0,6851925.0,180.5,130.5
102,412425.0,6852000.0,179.6999969482422,129.6999969482422
103,412350.0,6852075.0,179.10000610351562,129.10000610351562
104,412350.0,6852150.0,178.3000030517578,128.3000030517578
105,412275.0,6852225.0,177.5,127.5
106,412200.0,6852300.0,176.89999389648438,126.89999389648438
107,412200.0,6852375.0,176.39999389648438,126.39999389648438
108,412125.0,6852450.0,175.10000610351562,125.10000610351562
109,412050.0,6852525.0,174.5,124.5
110,411975.0,6852600.0,174.10000610351562,124.10000610351562
111,411900.0,6852675.0,173.89999389648438,123.89999389648438
112,411825.0,6852675.0,172.89999389648438,122.89999389648438
113,411750.0,6852750.0,171.8000030517578,121.80000305175781
114,411675.0,6852825.0,170.60000610351562,120.60000610351562
115,411600.0,6852825.0,170.0,120.0
116,411525.0,6852900.0,169.60000610351562,119.60000610351562
117,411450.0,6852975.0,169.39999389648438,119.39999389648438
118,411375.0,6852975.0,169.0,119.0
119,411300.0,6852975.0,168.5,118.5
120,411375.0,6853050.0,168.89999389648438,118.89999389648438
121,411450.0,6853050.0,169.3000030517578,119.30000305175781
122,411525.0,6853050.0,169.60000610351562,119.60000610351562
123,411600.0,6853125.0,169.8000030517578,119.80000305175781
124,411675.0,6853125.0,170.10000610351562,120.10000610351562
125,411750.0,6853125.0,171.10000610351562,121.10000610351562
126,411825.0,6853125.0,172.10000610351562,122.10000610351562
127,411900.0,6853200.0,173.5,123.5
128,411975.0,6853275.0,173.10000610351562,123.10000610351562
129,412050.0,6853350.0,174.39999389648438,124.39999389648438
130,412125.0,6853350.0,173.10000610351562,123.10000610351562
131,412200.0,6853350.0,172.89999389648438,122.89999389648438
132,412275.0,6853350.0,173.0,123.0
133,412350.0,6853350.0,174.5,124.5
134,412425.0,6853275.0,175.3000030517578,125.30000305175781
135,412500.0,6853275.0,175.3000030517578,125.30000305175781
136,412575.0,6853275.0,175.5,125.5
137,412650.0,6853200.0,176.1999969482422,126.19999694824219
138,412725.0,6853200.0,177.3000030517578,127.30000305175781
139,412800.0,6853200.0,178.10000610351562,128.10000610351562
140,412875.0,6853125.0,178.89999389648438,128.89999389648438
141,412950.0,6853125.0,178.8000030517578,128.8000030517578
142,413025.0,6853125.0,179.3000030517578,129.3000030517578
143,413100.0,6853125.0,179.6999969482422,129.6999969482422
144,413175.0,6853125.0,180.5,130.5
145,413250.0,6853200.0,181.3000030517578,131.3000030517578
146,413325.0,6853200.0,182.5,132.5
147,413400.0,6853200.0,183.5,133.5
148,413475.0,6853200.0,183.6999969482422,133.6999969482422
149,413550.0,6853200.0,184.10000610351562,134.10000610351562
150,413625.0,6853200.0,184.60000610351562,134.60000610351562
151,413700.0,6853275.0,185.1999969482422,135.1999969482422
152,413775.0,6853350.0,186.5,136.5
153,413850.0,6853425.0,187.89999389648438,137.89999389648438
154,413850.0,6853500.0,189.0,139.0
155,413775.0,6853575.0,190.1999969482422,140.1999969482422
156,413850.0,6853650.0,192.8000030517578,142.8000030517578
157,413850.0,6853725.0,194.10000610351562,144.10000610351562
158,413850.0,6853800.0,195.10000610351562,145.10000610351562
159,413850.0,6853875.0,196.5,146.5
160,413925.0,6853950.0,198.0,148.0
161,413925.0,6854025.0,198.8000030517578,148.8000030517578
162,414000.0,6854100.0,200.0,150.0
163,414075.0,6854175.0,201.89999389648438,151.89999389648438
164,414075.0,6854250.0,204.3000030517578,154.3000030517578
165,414150.0,6854325.0,207.0,157.0
166,414225.0,6854400.0,209.0,159.0
167,414300.0,6854475.0,211.10000610351562,161.10000610351562
168,414375.0,6854475.0,212.8000030517578,162.8000030517578
169,414450.0,6854550.0,215.0,165.0
170,414525.0,6854625.0,217.3000030517578,167.3000030517578
171,414600.0,6854700.0,222.60000610351562,172.60000610351562
172,414600.0,6854775.0,227.39999389648438,177.39999389648438
173,414675.0,6854850.0,230.6999969482422,180.6999969482422
174,414750.0,6854925.0,236.1999969482422,186.1999969482422
175,414750.0,6855000.0,236.3000030517578,186.3000030517578
176,414750.0,6855075.0,236.10000610351562,186.10000610351562
177,414750.0,6855150.0,240.1999969482422,190.1999969482422
178,414825.0,6855225.0,241.39999389648438,191.39999389648438
179,414900.0,6855300.0,249.1999969482422,199.1999969482422
180,414900.0,6855375.0,249.8000030517578,199.8000030517578
181,414975.0,6855450.0,252.5,202.5
182,415050.0,6855525.0,257.5,207.5
183,415125.0,6855600.0,263.70001220703125,213.70001220703125
184,415125.0,6855675.0,265.29998779296875,215.29998779296875
185,415200.0,6855750.0,268.1000061035156,218.10000610351562
186,415259.4310707609,6855809.431070761,274.13327870992293,224.13327870992293
187,414863.7759763348,6856227.657434278,311.0264021892654,261.0264021892654
188,413283.0287371654,6857514.749320005,330.7518462400644,280.7518462400645
189,412748.3840281562,6857846.138401047,320.1823364060746,270.1823364060747
190,412705.8587908809,6857584.052014918,335.16836377930844,285.16836377930844
191,412673.6929550234,6857342.167857977,320.12095560201146,270.12095560201146
192,411641.2914879518,6856715.149314218,311.2747587831764,261.2747587831765
193,411221.8958991785,6856503.104100822,261.78598542511395,211.78598542511392
194,410439.8578641374,6856107.707900996,298.71314783151405,248.71314783151405
195,409943.7572941353,6855981.242705865,240.57283637187714,190.57283637187714
196,409201.3431263881,6855791.987626814,255.5671702601466,205.5671702601466
197,408353.59311659,6855708.90834887,170.9538378106916,120.9538378106916
198,407836.4870524738,6855736.487052474,162.7471819701121,112.7471819701121
199,407100.0,6855775.765953918,165.727576344386,115.727576344386
200,406052.2441505665,6855831.64568542,240.20212525071264,190.20212525071264
201,405064.0295896624,6856039.029589662,143.26812563476543,93.26812563476544
202,405000.0,6855975.0,136.89999389648438,86.89999389648438
203,404925.0,6855900.0,130.89999389648438,80.89999389648438
204,404925.0,6855825.0,132.8000030517578,82.80000305175781
205,404925.0,6855750.0,137.89999389648438,87.89999389648438
206,404850.0,6855675.0,127.0999984741211,77.0999984741211
207,404775.0,6855600.0,130.1999969482422,80.19999694824219
208,404700.0,6855600.0,129.1999969482422,79.19999694824219
209,404625.0,6855525.0,121.4000015258789,71.4000015258789
210,404625.0,6855450.0,116.4000015258789,66.4000015258789
211,404625.0,6855375.0,115.80000305175781,65.80000305175781
212,404625.0,6855300.0,121.30000305175781,71.30000305175781
213,404550.0,6855225.0,114.4000015258789,64.4000015258789
214,404550.0,6855150.0,114.0999984741211,64.0999984741211
215,404625.0,6855075.0,108.0,58.0
216,404625.0,6855000.0,107.30000305175781,57.30000305175781
217,404625.0,6854925.0,105.9000015258789,55.900001525878906
218,404700.0,6854850.0,101.4000015258789,51.400001525878906
219,404700.0,6854775.0,99.4000015258789,49.400001525878906
220,404700.0,6854700.0,98.69999694824219,48.69999694824219
221,404700.0,6854625.0,97.5,47.5
222,404700.0,6854550.0,95.69999694824219,45.69999694824219
223,404700.0,6854519.379042936,95.04675048718572,45.04675048718572
224,404700.0,6854475.0,94.0999984741211,44.099998474121094
225,404700.0,6854400.0,92.80000305175781,42.80000305175781
226,404700.0,6854325.0,91.30000305175781,41.30000305175781
227,404700.0,6854250.0,89.4000015258789,39.400001525878906
228,404700.0,6854175.0,88.0999984741211,38.099998474121094
229,404700.0,6854100.0,86.5,36.5
230,404625.0,6854025.0,85.0999984741211,35.099998474121094
231,404625.0,6854008.963569531,85.01447051869224,35.014470518692235
232,404625.0,6853950.0,84.69999694824219,34.69999694824219
233,404550.0,6853875.0,82.80000305175781,32.80000305175781
234,404475.0,6853800.0,83.19999694824219,33.19999694824219
235,404475.0,6853725.0,81.5999984741211,31.599998474121094
236,404475.0,6853650.0,80.5999984741211,30.599998474121094
237,404475.0,6853575.0,80.9000015258789,30.900001525878906
238,404475.0,6853500.0,79.30000305175781,29.300003051757812
239,404475.0,6853425.0,78.4000015258789,28.400001525878906
240,404475.0,6853350.0,77.4000015258789,27.400001525878906
241,404475.0,6853275.0,76.0999984741211,26.099998474121094
242,404475.0,6853200.0,74.5,24.5
243,404475.0,6853125.0,73.5,23.5
244,404400.0,6853125.0,73.9000015258789,23.900001525878906
245,404325.0,6853050.0,74.0999984741211,24.099998474121094
246,404250.0,6852975.0,73.69999694824219,23.699996948242188
247,404175.0,6852900.0,73.0999984741211,23.099998474121094
248,404100.0,6852900.0,72.5999984741211,22.599998474121094
249,404137.5,6852862.5,72.85000038146973,22.850000381469727
250,404175.0,6852825.0,72.9000015258789,22.900001525878906
251,404250.0,6852825.0,73.80000305175781,23.800003051757812
252,404325.0,6852750.0,74.5,24.5
253,404400.0,6852750.0,73.9000015258789,23.900001525878906
254,404475.0,6852675.0,75.0999984741211,25.099998474121094
255,404550.0,6852675.0,76.0999984741211,26.099998474121094
256,404625.0,6852600.0,77.5,27.5
257,404700.0,6852600.0,77.0999984741211,27.099998474121094
258,404775.0,6852525.0,77.4000015258789,27.400001525878906
259,404850.0,6852525.0,77.69999694824219,27.699996948242188
260,404925.0,6852525.0,79.69999694824219,29.699996948242188
261,405000.0,6852450.0,80.5999984741211,30.599998474121094
262,405075.0,6852450.0,81.4000015258789,31.400001525878906
263,405150.0,6852450.0,82.5999984741211,32.599998474121094
264,405225.0,6852450.0,83.5999984741211,33.599998474121094
265,405300.0,6852375.0,84.69999694824219,34.69999694824219
266,405375.0,6852450.0,84.9000015258789,34.900001525878906
267,405450.0,6852450.0,85.0999984741211,35.099998474121094
268,405525.0,6852450.0,85.80000305175781,35.80000305175781
269,405600.0,6852450.0,87.0999984741211,37.099998474121094
270,405675.0,6852450.0,87.69999694824219,37.69999694824219
271,405750.0,6852450.0,88.5999984741211,38.599998474121094
272,405825.0,6852450.0,89.5999984741211,39.599998474121094
273,405900.0,6852450.0,91.80000305175781,41.80000305175781
274,405975.0,6852375.0,92.9000015258789,42.900001525878906
275,406050.0,6852375.0,93.4000015258789,43.400001525878906
276,406125.0,6852300.0,95.30000305175781,45.30000305175781
277,406200.0,6852300.0,96.5,46.5
278,406275.0,6852225.0,97.69999694824219,47.69999694824219
279,406350.0,6852225.0,98.5999984741211,48.599998474121094
280,406425.0,6852225.0,99.5,49.5
281,406500.0,6852150.0,99.5,49.5
282,406575.0,6852075.0,100.19999694824219,50.19999694824219
283,406650.0,6852075.0,102.0,52.0
284,406725.0,6852000.0,104.19999694824219,54.19999694824219
285,404550.0,6853200.0,74.5999984741211,24.599998474121094
286,404625.0,6853275.0,75.69999694824219,25.699996948242188
287,404700.0,6853350.0,76.69999694824219,26.699996948242188
288,404775.0,6853425.0,77.19999694824219,27.199996948242188
289,404850.0,6853500.0,78.0,28.0
290,404925.0,6853500.0,78.80000305175781,28.800003051757812
291,405000.0,6853500.0,79.80000305175781,29.800003051757812
292,405075.0,6853575.0,80.80000305175781,30.800003051757812
293,405075.0,6853650.0,81.9000015258789,31.900001525878906
294,405150.0,6853725.0,82.9000015258789,32.900001525878906
295,405225.0,6853800.0,84.80000305175781,34.80000305175781
296,405300.0,6853875.0,85.4000015258789,35.400001525878906
297,405375.0,6853950.0,86.9000015258789,36.900001525878906
298,405450.0,6854025.0,86.80000305175781,36.80000305175781
299,405525.0,6854100.0,86.80000305175781,36.80000305175781
300,405600.0,6854175.0,87.4000015258789,37.400001525878906
301,405675.0,6854250.0,90.80000305175781,40.80000305175781
302,405750.0,6854250.0,90.9000015258789,40.900001525878906
303,405825.0,6854250.0,92.4000015258789,42.400001525878906
304,405900.0,6854325.0,92.5999984741211,42.599998474121094
305,405975.0,6854325.0,92.9000015258789,42.900001525878906
306,406050.0,6854325.0,94.80000305175781,44.80000305175781
307,406125.0,6854325.0,95.5,45.5
308,406200.0,6854325.0,96.5,46.5
309,406275.0,6854325.0,96.4000015258789,46.400001525878906
310,406350.0,6854325.0,95.5,45.5
311,406425.0,6854325.0,96.0,46.0
312,406500.0,6854325.0,96.9000015258789,46.900001525878906
313,406575.0,6854325.0,97.30000305175781,47.30000305175781
314,406650.0,6854325.0,98.9000015258789,48.900001525878906
315,406725.0,6854325.0,100.19999694824219,50.19999694824219
316,406800.0,6854400.0,100.19999694824219,50.19999694824219
317,406875.0,6854400.0,101.9000015258789,51.900001525878906
318,406950.0,6854475.0,102.9000015258789,52.900001525878906
319,407025.0,6854475.0,104.4000015258789,54.400001525878906
320,407100.0,6854475.0,105.30000305175781,55.30000305175781
321,407175.0,6854550.0,105.30000305175781,55.30000305175781
322,407250.0,6854625.0,106.9000015258789,56.900001525878906
323,407325.0,6854625.0,108.19999694824219,58.19999694824219
324,407400.0,6854700.0,110.0,60.0
325,407475.0,6854775.0,114.5999984741211,64.5999984741211
326,407550.0,6854775.0,113.69999694824219,63.69999694824219
327,407625.0,6854850.0,117.0999984741211,67.0999984741211
328,407700.0,6854850.0,115.0,65.0
329,407700.0,6854925.0,117.4000015258789,67.4000015258789
330,407775.0,6855000.0,118.30000305175781,68.30000305175781
331,407775.0,6855075.0,116.9000015258789,66.9000015258789
332,407850.0,6855150.0,118.5,68.5
333,407925.0,6855150.0,118.80000305175781,68.80000305175781
334,408000.0,6855150.0,120.5,70.5
335,408075.0,6855225.0,124.80000305175781,74.80000305175781
336,408075.0,6855300.0,129.6999969482422,79.69999694824219
337,408075.0,6855375.0,127.4000015258789,77.4000015258789
338,408150.0,6855450.0,130.89999389648438,80.89999389648438
339,408225.0,6855450.0,129.3000030517578,79.30000305175781
340,408300.0,6855525.0,132.89999389648438,82.89999389648438
341,408300.0,6855600.0,131.10000610351562,81.10000610351562
342,408375.0,6855600.0,133.1999969482422,83.19999694824219
343,408450.0,6855525.0,137.89999389648438,87.89999389648438
344,408525.0,6855525.0,136.3000030517578,86.30000305175781
345,408600.0,6855525.0,135.39999389648438,85.39999389648438
346,408675.0,6855450.0,138.89999389648438,88.89999389648438
347,408600.0,6855375.0,141.5,91.5
348,408600.0,6855300.0,140.10000610351562,90.10000610351562
349,408675.0,6855225.0,139.3000030517578,89.30000305175781
350,408750.0,6855225.0,142.0,92.0
351,408825.0,6855225.0,139.6999969482422,89.69999694824219
352,408825.0,6855150.0,145.10000610351562,95.10000610351562
353,408900.0,6855075.0,148.1999969482422,98.19999694824219
354,408900.0,6855000.0,147.0,97.0
355,408825.0,6854925.0,145.3000030517578,95.30000305175781
356,408750.0,6854850.0,148.60000610351562,98.60000610351562
357,408675.0,6854775.0,147.1999969482422,97.19999694824219
358,408750.0,6854700.0,148.3000030517578,98.30000305175781
359,408825.0,6854625.0,146.8000030517578,96.80000305175781
360,408825.0,6854550.0,149.39999389648438,99.39999389648438
361,408900.0,6854475.0,151.1999969482422,101.19999694824219
362,408900.0,6854400.0,149.6999969482422,99.69999694824219
363,408975.0,6854325.0,151.10000610351562,101.10000610351562
364,409050.0,6854325.0,153.5,103.5
365,409125.0,6854325.0,156.1999969482422,106.19999694824219
366,409200.0,6854400.0,156.1999969482422,106.19999694824219
367,409275.0,6854325.0,158.39999389648438,108.39999389648438
368,409350.0,6854250.0,158.39999389648438,108.39999389648438
369,409350.0,6854175.0,156.0,106.0
370,409350.0,6854100.0,158.1999969482422,108.19999694824219
371,409275.0,6854025.0,158.1999969482422,108.19999694824219
372,409275.0,6853950.0,159.0,109.0
373,409350.0,6853875.0,158.6999969482422,108.69999694824219
374,409425.0,6853800.0,158.0,108.0
375,409425.0,6853725.0,158.3000030517578,108.30000305175781
376,409425.0,6853650.0,159.5,109.5
377,409500.0,6853575.0,159.1999969482422,109.19999694824219
378,409500.0,6853500.0,159.3000030517578,109.30000305175781
379,409500.0,6853425.0,159.10000610351562,109.10000610351562
380,409575.0,6853425.0,159.60000610351562,109.60000610351562
381,409650.0,6853350.0,159.89999389648438,109.89999389648438
382,409725.0,6853275.0,161.1999969482422,111.19999694824219
383,409800.0,6853200.0,162.10000610351562,112.10000610351562
384,409875.0,6853125.0,163.0,113.0
385,409950.0,6853050.0,163.3000030517578,113.30000305175781
386,410025.0,6852975.0,163.5,113.5
387,410100.0,6852975.0,164.0,114.0
388,410175.0,6852975.0,164.10000610351562,114.10000610351562
389,410250.0,6852975.0,164.1999969482422,114.19999694824219
390,410325.0,6852975.0,164.3000030517578,114.30000305175781
391,410400.0,6852900.0,164.0,114.0
392,410475.0,6852900.0,164.10000610351562,114.10000610351562
393,410550.0,6852900.0,164.1999969482422,114.19999694824219
394,410625.0,6852900.0,164.5,114.5
395,410700.0,6852900.0,165.3000030517578,115.30000305175781
396,410775.0,6852900.0,165.89999389648438,115.89999389648438
397,410850.0,6852900.0,166.1999969482422,116.19999694824219
398,410925.0,6852975.0,166.8000030517578,116.80000305175781
399,411000.0,6852975.0,167.10000610351562,117.10000610351562
400,411075.0,6852975.0,167.5,117.5
401,411150.0,6852975.0,167.8000030517578,117.80000305175781
402,411225.0,6852975.0,168.10000610351562,118.10000610351562
403,412725.0,6851625.0,187.89999389648438,137.89999389648438
404,412800.0,6851550.0,190.60000610351562,140.60000610351562
405,412800.0,6851475.0,193.6999969482422,143.6999969482422
406,412800.0,6851400.0,196.3000030517578,146.3000030517578
407,412875.0,6851325.0,200.10000610351562,150.10000610351562
408,412875.0,6851250.0,203.1999969482422,153.1999969482422
409,412950.0,6851175.0,208.39999389648438,158.39999389648438
410,412950.0,6851100.0,212.1999969482422,162.1999969482422
411,413025.0,6851025.0,218.60000610351562,168.60000610351562
412,413100.0,6850950.0,225.8000030517578,175.8000030517578
413,409707.8773098536,6852411.349596338,190.19639610951293,140.19639610951293
414,409235.0914899791,6852973.782157963,182.64698004846895,132.64698004846895
415,408649.6320292947,6853214.043755913,236.72965425375753,186.72965425375753
416,407259.3226505039,6853703.363831577,177.17760753974315,127.17760753974314
417,406545.0247025486,6854063.208085063,147.97172386751117,97.97172386751117
418,406066.8446657987,6854102.113512293,123.99499334900284,73.99499334900281
419,405715.8763370267,6853859.65059449,138.46506116989195,88.46506116989195
420,405593.1987183286,6853487.293405673,116.40349751795414,66.40349751795415
421,405990.6201655187,6853337.621515511,137.14033660591437,87.14033660591437
422,406776.753817717,6853219.235104725,156.27175713570648,106.27175713570645
423,414300.0,6851025.0,223.39999389648438,173.39999389648438
424,414225.0,6851100.0,219.3000030517578,169.3000030517578
425,414150.0,6851175.0,216.3000030517578,166.3000030517578
426,414075.0,6851250.0,212.1999969482422,162.1999969482422
427,414000.0,6851325.0,209.39999389648438,159.39999389648438
428,413925.0,6851400.0,207.6999969482422,157.6999969482422
429,413925.0,6851475.0,205.0,155.0
430,413850.0,6851550.0,203.5,153.5
431,413850.0,6851625.0,201.6999969482422,151.6999969482422
432,413775.0,6851700.0,199.60000610351562,149.60000610351562
433,413700.0,6851775.0,197.10000610351562,147.10000610351562
434,409275.0,6854400.0,161.10000610351562,111.10000610351562
435,409350.0,6854475.0,159.60000610351562,109.60000610351562
436,409425.0,6854475.0,161.39999389648438,111.39999389648438
437,409500.0,6854475.0,160.8000030517578,110.80000305175781
438,409575.0,6854400.0,166.3000030517578,116.30000305175781
439,409650.0,6854325.0,169.10000610351562,119.10000610351562
440,409725.0,6854325.0,170.10000610351562,120.10000610351562
441,409800.0,6854325.0,172.0,122.0
442,409875.0,6854325.0,175.3000030517578,125.30000305175781
443,409950.0,6854325.0,174.5,124.5
444,410025.0,6854250.0,175.39999389648438,125.39999389648438
445,410100.0,6854250.0,178.60000610351562,128.60000610351562
446,410175.0,6854250.0,181.10000610351562,131.10000610351562
447,410250.0,6854325.0,181.60000610351562,131.60000610351562
448,410250.0,6854400.0,184.8000030517578,134.8000030517578
449,410325.0,6854475.0,184.60000610351562,134.60000610351562
450,410400.0,6854550.0,185.60000610351562,135.60000610351562
451,410475.0,6854625.0,190.3000030517578,140.3000030517578
452,410550.0,6854625.0,188.39999389648438,138.39999389648438
453,410625.0,6854625.0,190.1999969482422,140.1999969482422
454,410700.0,6854625.0,190.6999969482422,140.6999969482422
455,410775.0,6854625.0,192.8000030517578,142.8000030517578
456,410850.0,6854625.0,194.5,144.5
457,410925.0,6854625.0,194.6999969482422,144.6999969482422
458,411000.0,6854550.0,196.0,146.0
459,411075.0,6854550.0,198.8000030517578,148.8000030517578
460,411150.0,6854475.0,199.8000030517578,149.8000030517578
461,411225.0,6854550.0,200.1999969482422,150.1999969482422
462,411300.0,6854550.0,201.5,151.5
463,411375.0,6854625.0,203.1999969482422,153.1999969482422
464,411450.0,6854700.0,205.6999969482422,155.6999969482422
465,411375.0,6854775.0,208.6999969482422,158.6999969482422
466,411300.0,6854850.0,207.60000610351562,157.60000610351562
467,411225.0,6854925.0,209.39999389648438,159.39999389648438
468,411225.0,6855000.0,211.39999389648438,161.39999389648438
469,411225.0,6855075.0,213.10000610351562,163.10000610351562
470,411300.0,6855150.0,215.39999389648438,165.39999389648438
471,411375.0,6855225.0,215.6999969482422,165.6999969482422
472,411450.0,6855300.0,218.10000610351562,168.10000610351562
473,411525.0,6855375.0,220.5,170.5
474,411600.0,6855375.0,220.89999389648438,170.89999389648438
475,411600.0,6855450.0,224.10000610351562,174.10000610351562
476,411600.0,6855525.0,231.89999389648438,181.89999389648438
477,411525.0,6855600.0,232.10000610351562,182.10000610351562
478,411450.0,6855675.0,237.0,187.0
479,411450.0,6855750.0,239.39999389648438,189.39999389648438
480,411450.0,6855825.0,241.8000030517578,191.8000030517578
481,411450.0,6855900.0,249.10000610351562,199.10000610351562
482,411450.0,6855975.0,254.10000610351562,204.10000610351562
483,411450.0,6856050.0,251.1999969482422,201.1999969482422
484,411450.0,6856125.0,251.60000610351562,201.60000610351562
485,411450.0,6856200.0,253.10000610351562,203.10000610351562
486,411375.0,6856200.0,259.0,209.0
487,411300.0,6856275.0,257.1000061035156,207.10000610351562
488,411225.0,6856350.0,261.79998779296875,211.79998779296875
489,411225.0,6856425.0,259.3999938964844,209.39999389648438
490,411225.0,6856500.0,261.1000061035156,211.10000610351562
491,408000.0,6855375.0,126.0,76.0
492,407925.0,6855450.0,144.1999969482422,94.19999694824219
493,407925.0,6855525.0,148.1999969482422,98.19999694824219
494,407850.0,6855600.0,145.5,95.5
495,407775.0,6855675.0,157.39999389648438,107.39999389648438
496,409950.0,6855975.0,238.60000610351562,188.60000610351562
497,409950.0,6855900.0,233.6999969482422,183.6999969482422
498,409950.0,6855825.0,229.5,179.5
499,409950.0,6855750.0,227.8000030517578,177.8000030517578
500,409875.0,6855675.0,221.0,171.0
501,409875.0,6855600.0,218.1999969482422,168.1999969482422
502,409800.0,6855525.0,214.1999969482422,164.1999969482422
503,409800.0,6855450.0,210.89999389648438,160.89999389648438
504,409875.0,6855375.0,213.60000610351562,163.60000610351562
505,409875.0,6855300.0,205.5,155.5
506,409950.0,6855225.0,206.39999389648438,156.39999389648438
507,409950.0,6855150.0,205.89999389648438,155.89999389648438
508,410025.0,6855075.0,200.39999389648438,150.39999389648438
509,409950.0,6855000.0,195.5,145.5
510,409950.0,6854925.0,195.89999389648438,145.89999389648438
511,409875.0,6854850.0,193.3000030517578,143.3000030517578
512,409950.0,6854775.0,186.8000030517578,136.8000030517578
513,409950.0,6854700.0,184.10000610351562,134.10000610351562
514,409875.0,6854625.0,180.60000610351562,130.60000610351562
515,409800.0,6854550.0,178.5,128.5
516,409725.0,6854550.0,171.60000610351562,121.60000610351562
517,409650.0,6854475.0,170.1999969482422,120.19999694824219
518,409575.0,6854475.0,163.3000030517578,113.30000305175781
519,407400.0,6854775.0,116.0,66.0
520,407400.0,6854850.0,121.4000015258789,71.4000015258789
521,407325.0,6854925.0,128.3000030517578,78.30000305175781
522,407250.0,6855000.0,129.3000030517578,79.30000305175781
523,407250.0,6855075.0,133.3000030517578,83.30000305175781
524,407250.0,6855150.0,137.6999969482422,87.69999694824219
525,407250.0,6855225.0,145.10000610351562,95.10000610351562
526,407250.0,6855300.0,145.39999389648438,95.39999389648438
527,407175.0,6855375.0,150.0,100.0
528,407175.0,6855450.0,151.8000030517578,101.80000305175781
529,407100.0,6855525.0,159.39999389648438,109.39999389648438
530,407025.0,6855600.0,168.60000610351562,118.60000610351562
531,407100.0,6855675.0,168.1999969482422,118.19999694824219
532,407100.0,6855750.0,164.8000030517578,114.80000305175781
533,404829.4723616975,6853937.286364254,101.02295399621039,51.022953996210404
534,404990.0646110564,6854058.390354462,101.9400348911481,51.94003489114809
535,404873.5040783262,6854419.9206081,97.67834656243458,47.6783465624346
536,409725.0,6850050.0,250.0,200.0
537,409650.0,6850050.0,249.5,199.5
538,409575.0,6850125.0,250.8000030517578,200.8000030517578
539,409500.0,6850125.0,247.5,197.5
540,409425.0,6850200.0,245.6999969482422,195.6999969482422
541,409425.0,6850275.0,243.0,193.0
542,409350.0,6850350.0,241.89999389648438,191.89999389648438
543,409350.0,6850425.0,238.39999389648438,188.39999389648438
544,409350.0,6850500.0,235.89999389648438,185.89999389648438
545,409350.0,6850575.0,233.8000030517578,183.8000030517578
546,409350.0,6850650.0,232.10000610351562,182.10000610351562
547,409425.0,6850725.0,230.10000610351562,180.10000610351562
548,409500.0,6850800.0,230.39999389648438,180.39999389648438
549,409500.0,6850875.0,229.89999389648438,179.89999389648438
550,409575.0,6850950.0,229.89999389648438,179.89999389648438
551,409575.0,6851025.0,229.89999389648438,179.89999389648438
552,409575.0,6851100.0,230.0,180.0
553,409575.0,6851175.0,228.89999389648438,178.89999389648438
554,409575.0,6851250.0,227.3000030517578,177.3000030517578
555,406800.0,6850200.0,192.39999389648438,142.39999389648438
556,406800.0,6850275.0,191.0,141.0
557,406800.0,6850350.0,187.89999389648438,137.89999389648438
558,406800.0,6850425.0,181.3000030517578,131.3000030517578
559,406875.0,6850500.0,175.3000030517578,125.30000305175781
560,406875.0,6850575.0,172.39999389648438,122.39999389648438
561,406950.0,6850650.0,161.10000610351562,111.10000610351562
562,407250.0,6850350.0,199.60000610351562,149.60000610351562
563,407175.0,6850350.0,198.3000030517578,148.3000030517578
564,407100.0,6850350.0,193.60000610351562,143.60000610351562
565,407025.0,6850425.0,188.39999389648438,138.39999389648438
566,406950.0,6850500.0,177.60000610351562,127.60000610351562
567,406950.0,6850575.0,173.89999389648438,123.89999389648438
568,404700.0,6850725.0,166.60000610351562,116.60000610351562
569,404700.0,6850800.0,159.0,109.0
570,404775.0,6850875.0,157.0,107.0
571,404775.0,6850950.0,150.10000610351562,100.10000610351562
572,404775.0,6851025.0,145.89999389648438,95.89999389648438
573,404700.0,6851100.0,140.60000610351562,90.60000610351562
574,404700.0,6851175.0,134.8000030517578,84.80000305175781
575,404700.0,6851250.0,131.6999969482422,81.69999694824219
576,404700.0,6851325.0,125.9000015258789,75.9000015258789
577,404700.0,6851400.0,120.30000305175781,70.30000305175781
578,404700.0,6851475.0,115.80000305175781,65.80000305175781
579,404700.0,6851550.0,112.9000015258789,62.900001525878906
580,404625.0,6851625.0,108.69999694824219,58.69999694824219
581,404625.0,6851700.0,105.0,55.0
582,404550.0,6851775.0,100.5,50.5
583,404475.0,6851850.0,96.9000015258789,46.900001525878906
584,404400.0,6851925.0,92.5999984741211,42.599998474121094
585,404400.0,6852000.0,89.80000305175781,39.80000305175781
586,404325.0,6852075.0,87.80000305175781,37.80000305175781
587,410400.0,6850950.0,240.6999969482422,190.6999969482422
588,410325.0,6851025.0,239.10000610351562,189.10000610351562
589,410250.0,6851100.0,237.5,187.5
590,410250.0,6851175.0,235.6999969482422,185.6999969482422
591,410175.0,6851250.0,235.10000610351562,185.10000610351562
592,410100.0,6851250.0,234.39999389648438,184.39999389648438
593,410025.0,6851175.0,234.60000610351562,184.60000610351562
594,409950.0,6851175.0,234.0,184.0
595,409875.0,6851175.0,231.60000610351562,181.60000610351562
596,409800.0,6851250.0,229.6999969482422,179.6999969482422
597,409725.0,6851250.0,227.6999969482422,177.6999969482422
598,409650.0,6851250.0,227.39999389648438,177.39999389648438
599,403650.0,6851100.0,133.3000030517578,83.30000305175781
600,403725.0,6851175.0,128.6999969482422,78.69999694824219
601,403800.0,6851250.0,124.5,74.5
602,403800.0,6851325.0,120.80000305175781,70.80000305175781
603,403875.0,6851400.0,115.4000015258789,65.4000015258789
604,403950.0,6851475.0,110.5,60.5
605,404025.0,6851550.0,107.0999984741211,57.099998474121094
606,404100.0,6851625.0,103.4000015258789,53.400001525878906
607,404175.0,6851700.0,98.9000015258789,48.900001525878906
608,404175.0,6851775.0,96.19999694824219,46.19999694824219
609,404175.0,6851850.0,95.4000015258789,45.400001525878906
610,404250.0,6851925.0,92.0,42.0
611,404325.0,6852000.0,89.4000015258789,39.400001525878906
612,416850.0,6851850.0,225.39999389648438,175.39999389648438
613,416775.0,6851850.0,225.89999389648438,175.89999389648438
614,416700.0,6851925.0,224.1999969482422,174.1999969482422
615,416625.0,6851925.0,221.6999969482422,171.6999969482422
616,416775.0,6852075.0,229.5,179.5
617,416700.0,6852000.0,226.39999389648438,176.39999389648438
618,415275.0,6853500.0,230.0,180.0
619,415200.0,6853425.0,223.1999969482422,173.1999969482422
620,415125.0,6853350.0,218.60000610351562,168.60000610351562
621,415050.0,6853275.0,215.0,165.0
622,414975.0,6853275.0,213.39999389648438,163.39999389648438
623,414900.0,6853275.0,210.5,160.5
624,414825.0,6853275.0,207.1999969482422,157.1999969482422
625,414750.0,6853350.0,205.1999969482422,155.1999969482422
626,414675.0,6853350.0,204.0,154.0
627,414600.0,6853425.0,201.10000610351562,151.10000610351562
628,414525.0,6853425.0,200.0,150.0
629,414450.0,6853500.0,197.1999969482422,147.1999969482422
630,414375.0,6853500.0,196.10000610351562,146.10000610351562
631,414300.0,6853575.0,195.39999389648438,145.39999389648438
632,414375.0,6853575.0,196.10000610351562,146.10000610351562
633,414675.0,6856200.0,282.8999938964844,232.89999389648438
634,414675.0,6856125.0,282.5,232.5
635,414600.0,6856050.0,280.79998779296875,230.79998779296875
636,414525.0,6855975.0,281.20001220703125,231.20001220703125
637,414450.0,6855900.0,282.20001220703125,232.20001220703125
638,414375.0,6855900.0,278.8999938964844,228.89999389648438
639,414300.0,6855975.0,277.1000061035156,227.10000610351562
640,414225.0,6855975.0,274.3999938964844,224.39999389648438
641,414150.0,6855975.0,275.20001220703125,225.20001220703125
642,414075.0,6855975.0,274.79998779296875,224.79998779296875
643,414000.0,6855975.0,272.3999938964844,222.39999389648438
644,413925.0,6855975.0,267.5,217.5
645,413850.0,6855975.0,266.20001220703125,216.20001220703125
646,413775.0,6856050.0,266.6000061035156,216.60000610351562
647,413700.0,6856050.0,263.29998779296875,213.29998779296875
648,413625.0,6856050.0,262.70001220703125,212.70001220703125
649,413550.0,6856050.0,260.29998779296875,210.29998779296875
650,413475.0,6856050.0,259.79998779296875,209.79998779296875
651,413400.0,6856050.0,260.29998779296875,210.29998779296875
652,413325.0,6856050.0,259.0,209.0
653,413250.0,6856050.0,257.20001220703125,207.20001220703125
654,413175.0,6856050.0,253.89999389648438,203.89999389648438
655,413100.0,6856050.0,251.3000030517578,201.3000030517578
656,413025.0,6855975.0,250.0,200.0
657,412950.0,6855975.0,248.3000030517578,198.3000030517578
658,412875.0,6855975.0,249.60000610351562,199.60000610351562
659,412800.0,6855900.0,247.8000030517578,197.8000030517578
660,412725.0,6855825.0,247.1999969482422,197.1999969482422
661,412650.0,6855825.0,245.1999969482422,195.1999969482422
662,412575.0,6855825.0,247.0,197.0
663,412500.0,6855825.0,241.1999969482422,191.1999969482422
664,412425.0,6855825.0,240.0,190.0
665,412350.0,6855825.0,239.3000030517578,189.3000030517578
666,412275.0,6855825.0,236.3000030517578,186.3000030517578
667,412200.0,6855825.0,235.1999969482422,185.1999969482422
668,409800.0,6856275.0,255.89999389648438,205.89999389648438
669,409875.0,6856200.0,248.3000030517578,198.3000030517578
670,414000.0,6856575.0,276.29998779296875,226.29998779296875
671,413925.0,6856500.0,276.0,226.0
672,413850.0,6856425.0,275.3999938964844,225.39999389648438
673,413775.0,6856350.0,276.79998779296875,226.79998779296875
674,413775.0,6856275.0,271.6000061035156,221.60000610351562
675,413775.0,6856200.0,269.3999938964844,219.39999389648438
676,413700.0,6856125.0,265.29998779296875,215.29998779296875
677,406350.0,6856575.0,245.0,195.0
678,406275.0,6856575.0,241.1999969482422,191.1999969482422
679,406200.0,6856575.0,239.89999389648438,189.89999389648438
680,406125.0,6856650.0,235.3000030517578,185.3000030517578
681,406050.0,6856650.0,234.0,184.0
682,405975.0,6856650.0,228.8000030517578,178.8000030517578
683,405900.0,6856650.0,228.10000610351562,178.10000610351562
684,405825.0,6856575.0,221.0,171.0
685,405750.0,6856650.0,219.6999969482422,169.6999969482422
686,405675.0,6856725.0,216.8000030517578,166.8000030517578
687,405600.0,6856725.0,214.6999969482422,164.6999969482422
688,405525.0,6856725.0,211.10000610351562,161.10000610351562
689,405450.0,6856650.0,213.89999389648438,163.89999389648438
690,405375.0,6856650.0,204.8000030517578,154.8000030517578
691,405300.0,6856725.0,195.8000030517578,145.8000030517578
692,405225.0,6856725.0,196.60000610351562,146.60000610351562
693,405150.0,6856650.0,181.39999389648438,131.39999389648438
694,405075.0,6856575.0,179.8000030517578,129.8000030517578
695,405075.0,6856500.0,161.1999969482422,111.19999694824219
696,405000.0,6856425.0,154.39999389648438,104.39999389648438
697,412500.0,6856650.0,259.6000061035156,209.60000610351562
698,412500.0,6856575.0,257.20001220703125,207.20001220703125
699,412500.0,6856500.0,255.39999389648438,205.39999389648438
700,412500.0,6856425.0,253.3000030517578,203.3000030517578
701,412500.0,6856350.0,251.5,201.5
702,412425.0,6856275.0,251.1999969482422,201.1999969482422
703,412425.0,6856200.0,247.0,197.0
704,412350.0,6856125.0,247.5,197.5
705,412350.0,6856050.0,244.89999389648438,194.89999389648438
706,412275.0,6855975.0,241.39999389648438,191.39999389648438
707,412275.0,6855900.0,238.6999969482422,188.6999969482422
708,410400.0,6856725.0,284.6000061035156,234.60000610351562
709,410325.0,6856650.0,283.3999938964844,233.39999389648438
710,410250.0,6856575.0,281.0,231.0
711,410175.0,6856500.0,277.20001220703125,227.20001220703125
712,410175.0,6856425.0,275.1000061035156,225.10000610351562
713,410100.0,6856350.0,272.70001220703125,222.70001220703125
714,410025.0,6856275.0,269.70001220703125,219.70001220703125
715,409950.0,6856200.0,256.1000061035156,206.10000610351562
716,405450.0,6858150.0,298.79998779296875,248.79998779296875
717,405375.0,6858075.0,294.79998779296875,244.79998779296875
718,405375.0,6858000.0,291.29998779296875,241.29998779296875
719,405300.0,6857925.0,286.79998779296875,236.79998779296875
720,405225.0,6857925.0,279.8999938964844,229.89999389648438
721,405150.0,6857850.0,269.29998779296875,219.29998779296875
722,405075.0,6857775.0,257.0,207.0
723,405000.0,6857700.0,248.8000030517578,198.8000030517578
724,404925.0,6857625.0,238.60000610351562,188.60000610351562
725,404850.0,6857550.0,234.5,184.5
726,404925.0,6857475.0,233.3000030517578,183.3000030517578
727,404850.0,6857400.0,225.0,175.0
728,404850.0,6857325.0,206.6999969482422,156.6999969482422
729,404775.0,6857325.0,208.60000610351562,158.60000610351562
730,404700.0,6857250.0,198.60000610351562,148.60000610351562
731,404625.0,6857175.0,191.1999969482422,141.1999969482422
732,404625.0,6857100.0,190.6999969482422,140.6999969482422
733,404625.0,6857025.0,184.3000030517578,134.3000030517578
734,404625.0,6856950.0,180.3000030517578,130.3000030517578
735,404625.0,6856875.0,179.60000610351562,129.60000610351562
736,404700.0,6856800.0,184.0,134.0
737,404700.0,6856725.0,173.8000030517578,123.80000305175781
738,404700.0,6856650.0,170.0,120.0
739,404700.0,6856575.0,175.1999969482422,125.19999694824219
740,404775.0,6856500.0,170.10000610351562,120.10000610351562
741,404775.0,6856425.0,165.89999389648438,115.89999389648438
742,404850.0,6856425.0,165.89999389648438,115.89999389648438
743,404925.0,6856425.0,165.3000030517578,115.30000305175781
744,404700.0,6858375.0,276.79998779296875,226.79998779296875
745,404625.0,6858300.0,275.5,225.5
746,404550.0,6858300.0,273.79998779296875,223.79998779296875
747,404475.0,6858225.0,270.3999938964844,220.39999389648438
748,404400.0,6858150.0,267.0,217.0
749,404475.0,6858075.0,266.29998779296875,216.29998779296875
750,404475.0,6858000.0,263.1000061035156,213.10000610351562
751,404550.0,6857925.0,258.6000061035156,208.60000610351562
752,404550.0,6857850.0,252.39999389648438,202.39999389648438
753,404625.0,6857775.0,243.1999969482422,193.1999969482422
754,404700.0,6857700.0,242.5,192.5
755,404775.0,6857700.0,240.60000610351562,190.60000610351562
756,404850.0,6857625.0,236.0,186.0
757,402077.4870294053,6849817.198632514,217.5378644547437,167.5378644547437
758,405128.7815201646,6849073.989453833,242.54006501832234,192.54006501832234
759,407934.7686461865,6848562.73888858,261.4238585015369,211.4238585015369
760,403543.2034649659,6854723.267057645,114.07040656128491,64.07040656128491
761,403915.703419696,6854346.237708485,103.70272026350126,53.70272026350126
762,404233.063624849,6854146.355751947,112.71608728756823,62.71608728756823
763,404159.1137855946,6854829.433404931,151.3469343323854,101.34693433238536
764,403572.3458767962,6855298.343984433,162.70062258415354,112.7006225841535
765,403219.4457419943,6856606.899051121,186.40134659386365,136.40134659386362
766,404499.4942242918,6856157.501379884,211.0357138480134,161.0357138480134
767,415433.6737259476,6855625.248248209,312.4211863056183,262.4211863056183
768,415092.3734884292,6855404.493263404,274.39227367519703,224.39227367519703
769,415280.697821754,6855129.516910196,306.62191489278587,256.62191489278587
770,415588.0701319361,6854041.471509921,313.6822610818465,263.6822610818465
771,415901.2720451869,6853517.624420626,287.9487129594781,237.9487129594781
772,416335.4220809693,6853154.981310032,306.96260479869625,256.9626047986963
773,417117.9533507891,6852792.272437604,286.3148894830873,236.31488948308734
774,417873.5367346836,6852701.71380859,276.92270030193464,226.92270030193464
775,418352.6292907252,6852822.496705056,282.52827760849505,232.52827760849507
776,418356.5657738627,6852824.16623051,282.8052513160521,232.80525131605208
777,418607.1536456015,6850887.221095383,290.886673939641,240.886673939641
778,416751.5956123263,6851150.318223178,286.52874136456256,236.52874136456256
779,408181.0932148297,6850919.140584111,228.3668410433877,178.36684104338767
780,408287.7959384874,6850647.434399439,256.6243531565207,206.62435315652073
781,409420.9882290857,6849381.316034229,295.6657176990391,245.66571769903902
782,410145.9572840664,6849141.007185818,265.7209415265045,215.72094152650445
783,410842.8069050834,6849079.439012567,291.65617030745835,241.6561703074583
784,415806.3623329754,6857932.719484692,272.115876796105,222.115876796105
785,415953.5843720289,6857589.74372693,291.1725478094393,241.17254780943938
786,416111.7928761024,6857468.818250141,282.1791275535031,232.1791275535031
787,416350.7462975104,6857469.053020485,274.4842952577527,224.48429525775268
788,416693.3273055583,6857469.316589102,264.41808087181533,214.41808087181533
789,417000.7568955634,6856796.664908284,305.3171273628401,255.3171273628401
790,416659.7388161309,6856541.891389663,311.4300544383749,261.4300544383749
791,417042.9845543144,6856322.077221119,311.7179937181254,261.7179937181254
792,416637.3588277024,6849185.127657554,301.32232901585803,251.32232901585803
793,416208.7553170261,6849243.921882844,304.57004327389336,254.57004327389333
794,415195.6878428571,6849409.377363196,288.2189154701226,238.21891547012257
795,414051.5697543036,6849808.27037893,275.36624640039963,225.3662464003996
796,414307.0533259468,6849436.103776824,298.09699367329074,248.0969936732907
797,412634.1507808654,6849017.962139062,277.2079038526955,227.2079038526955
798,399562.5,6847779.166666667,224.1111111110946,174.1111111110946
799,399562.5,6849670.833333333,233.86111365424716,183.86111365424716
800,399562.5,6851562.5,152.36666870117202,102.36666870117202
801,399562.5,6853454.166666667,71.4000015258789,21.400001525878906
802,399562.5,6855345.833333333,70.05555343627351,20.055553436273513
803,399562.5,6857237.5,108.23333485921222,58.233334859212206
804,399562.5,6859129.166666667,177.59999423558347,127.59999423558347
805,399562.5,6861020.833333333,276.2666676839019,226.2666676839019
806,401519.3181818182,6862912.5,280.36362665349805,230.36362665349805
807,403476.1363636364,6862912.5,318.87726662376315,268.87726662376315
808,405432.9545454545,6862912.5,327.2818256724951,277.2818256724951
809,407389.7727272727,6862912.5,282.7409099232061,232.74090992320615
810,409346.5909090909,6862912.5,257.4136248501834,207.4136248501834
811,411303.4090909091,6862912.5,156.2590935446996,106.2590935446996
812,413260.2272727273,6862912.5,179.96363553133972,129.96363553133972
813,415217.0454545455,6862912.5,235.40454378995335,185.40454378995335
814,417173.8636363636,6862912.5,225.45908979935632,175.45908979935632
815,419130.6818181818,6862912.5,248.7227283824574,198.7227283824574
816,421087.5,6861020.833333333,275.25000169542477,225.25000169542471
817,421087.5,6859129.166666667,273.4388953314767,223.43889533147672
818,421087.5,6857237.5,271.1499938964844,221.14999389648438
819,421087.5,6855345.833333333,313.3166605631448,263.31666056314486
820,421087.5,6853454.166666667,253.09445105661075,203.09445105661075
821,421087.5,6851562.5,204.96666208903002,154.96666208903002
822,421087.5,6849670.833333333,269.5666673448773,219.56666734487726
823,421087.5,6847779.166666667,276.261108398447,226.261108398447
824,419130.6818181818,6845887.5,267.79545593261696,217.79545593261696
825,417173.8636363636,6845887.5,270.13635531338514,220.13635531338514
826,415217.0454545455,6845887.5,287.80908480557923,237.80908480557923
827,413260.2272727273,6845887.5,293.9363680752838,243.93636807528378
828,411303.4090909091,6845887.5,284.0636305375507,234.06363053755064
829,409346.5909090909,6845887.5,158.66363039883515,108.66363039883514
830,407389.7727272727,6845887.5,213.22272283380644,163.22272283380644
831,405432.9545454545,6845887.5,196.72727272727371,146.72727272727371
832,403476.1363636364,6845887.5,175.30908688632104,125.30908688632104
833,401519.3181818182,6845887.5,151.33636127818696,101.33636127818696
834,407819.4789718274,6852040.257574567,237.48672578519415,187.48672578519415
835,409347.9261810252,6852249.560769074,266.78822520267045,216.78822520267045
836,410473.6635277313,6851588.035499205,264.9867807096614,214.98678070966136
837,411618.134802873,6851212.75332121,293.85045439881316,243.85045439881313
838,412043.5853991071,6851134.918983733,289.98123546857005,239.98123546857002
839,412608.7630202729,6851010.899087273,260.81145593922366,210.81145593922366
840,412854.3815101364,6850945.341145007,249.08884315727042,199.08884315727036
841,413290.6802435848,6850993.694783391,252.36565928643023,202.36565928643023
842,413154.5005341195,6851209.882766232,215.03154796188534,165.03154796188534
843,413347.5309264925,6851297.21194103,218.4699617881677,168.4699617881677
844,413665.0206176617,6851186.959516792,218.51442640285447,168.51442640285447
845,413982.5103088308,6851076.707092552,225.67089204540008,175.67089204540008
846,414805.8931581954,6850843.830298543,271.4278176324442,221.42781763244417
847,415257.4474149076,6850758.584605712,276.2145886739436,226.2145886739436
848,415709.2304279797,6850673.295727606,278.9042990387568,228.90429903875685
849,415061.6035235478,6856018.544252519,309.5760308336993,259.5760308336993
850,414638.5310963644,6856411.058581614,303.78935481581783,253.78935481581786
851,414350.6507232536,6856645.459428953,311.58706661192923,261.58706661192923
852,414057.5746554291,6856884.090767001,315.03563688281224,265.03563688281224
853,413710.5487862428,6857166.649653899,350.0373026591121,300.0373026591121
854,412231.1038806048,6857073.365879506,300.204728085192,250.20472808519202
855,411897.6825323166,6856870.86581056,318.7619008775578,268.7619008775578
856,411431.5936935652,6856609.12670752,278.3708136148222,228.3708136148222
857,410961.2165541648,6856371.305367547,314.1735567007515,264.17355670075153
858,410700.5372091511,6856239.506634272,317.53884144332767,267.53884144332767
859,410191.8075791363,6856044.47530343,281.32554814591316,231.32554814591322
860,409696.2859048863,6855918.157679515,277.0092842424343,227.00928424243435
861,409448.8145156372,6855855.072653164,283.9233721574874,233.92337215748742
862,408934.5715843466,6855765.844085873,228.14121088189117,178.14121088189114
863,408619.9847456103,6855735.014658434,202.36871369063067,152.36871369063067
864,408095.0400845319,6855722.697700672,199.71179786732867,149.71179786732864
865,407590.9913683158,6855749.580019622,216.9896648739328,166.98966487393278
866,407345.4956841579,6855762.67298677,211.37087085367585,161.37087085367585
867,406838.0610376416,6855789.735886794,216.73546147708495,166.73546147708495
868,406576.1220752833,6855803.705819669,232.0335785110439,182.0335785110439
869,406314.1831129249,6855817.675752545,243.1151713067648,193.11517130676478
870,405722.8392969318,6855900.773653501,230.34789916537133,180.34789916537136
871,405393.4344432971,6855969.901621582,201.3863018208892,151.3863018208892
872,409467.0529885649,6852697.83754549,196.60653850606926,146.60653850606926
873,406859.4514135224,6853904.808294876,180.6880618416106,130.6880618416106
874,406302.0383376388,6854082.977811131,144.1548597699496,94.15485976994961
875,406383.6869916179,6853278.428310118,158.8435581278158,108.8435581278158
876,404928.2287571088,6854250.183677965,95.11071410741788,45.110714107417884
877,402690.1823802656,6849667.963345696,257.4244418812768,207.42444188127678
878,403295.3535291385,6849520.560742022,250.84174502457248,200.84174502457245
879,403900.5246780114,6849373.158138347,265.3941516970728,215.39415169707272
880,404505.6958268843,6849225.755534672,260.4641558656524,210.46415586565237
881,405863.2309819948,6848940.17283756,230.14562240228332,180.14562240228332
882,406634.8382692014,6848799.586069332,223.72128625702572,173.72128625702572
883,407286.2490828049,6848680.89908621,257.1512934254217,207.1512934254217
884,403874.1486283223,6855057.160884622,163.43567712310005,113.43567712310005
885,403689.0504438026,6856442.030874398,206.0930280771918,156.0930280771918
886,404123.7654153624,6856289.411736472,219.3283537025166,169.3283537025166
887,415251.792009189,6855507.606092694,288.0324093928445,238.0324093928445
888,415428.148958473,6854607.565108561,339.18864178722356,289.1886417872236
889,416726.6877158792,6852973.626873818,317.1148315657515,267.11483156575156
890,417495.0040632989,6852747.081931405,285.9201394015136,235.92013940151358
891,417980.5099054613,6850976.072085341,305.8409746010902,255.84097460109027
892,417364.3462941076,6851063.437111652,284.83609967673874,234.83609967673874
893,408671.9191157608,6850218.252685723,278.5868101430081,228.5868101430081
894,409046.0997358121,6849800.17981417,278.4814012294147,228.4814012294147
895,409783.472756576,6849261.161610024,269.9718633880085,219.9718633880085
896,414620.3224134254,6849609.976631393,287.34031070599644,237.34031070599647
897,413767.3443265049,6849301.20362642,290.621293745023,240.62129374502302
898,413227.635327063,6849166.303476017,296.5798963565056,246.57989635650563
899,408296.5698379176,6858750.856256292,357.43491137910695,307.43491137910695
900,402884.5588235294,6852315.44117647,82.13546558235733,32.13546558235733
901,405957.0518582711,6851056.931380349,148.40458308589552,98.40458308589552
902,406481.4480437743,6857731.956371338,304.92907302622336,254.92907302622336
903,415762.7793359868,6852246.284260884,213.89168621190205,163.89168621190205
904,403573.3846450226,6852292.375453399,84.18139352453986,34.18139352453986
905,409418.797125578,6857356.715441044,321.68259277045627,271.68259277045627
906,417775.8524799661,6854200.359445995,244.90600281207364,194.90600281207364
907,403692.565932743,6853592.909426603,106.52850256468501,56.52850256468501
908,414402.6416562889,6852616.866460594,203.6878865321656,153.68788653216563
909,405833.9899169458,6857406.933497239,294.2347554505926,244.2347554505926
910,412989.5680147059,6852464.127673796,215.93108625314827,165.93108625314827
911,407636.7048370436,6850959.014692433,227.3121326319069,177.3121326319069
912,414819.6185366406,6854091.730877332,224.91565914104171,174.91565914104171
913,407238.694017277,6849720.163335382,244.61138887208958,194.6113888720896
914,413587.5,6852585.9375,214.19687461853027,164.19687461853027
915,406906.1910651787,6851349.095821605,132.35677881819288,82.35677881819285
916,410906.5031104492,6858544.142210476,307.8828326414557,257.8828326414557
917,404226.3169147632,6850950.97317784,152.1297218936884,102.12972189368841
918,410053.1751705735,6850600.49846937,271.17369646742293,221.17369646742293
919,415777.6699115178,6851600.961370718,238.3119057515614,188.31190575156137
920,415012.1983382447,6851919.71805378,230.91953543553936,180.9195354355394
921,404137.5,6855487.5,196.72500228881836,146.72500228881836
922,405744.53125,6852036.892361111,107.70476425190964,57.70476425190964
923,409063.5080502213,6851131.561162535,234.30726088412288,184.30726088412285
924,405153.5255746097,6851203.61191006,149.48757818586213,99.48757818586213
925,405145.41015625,6851893.907752404,101.15580806654535,51.15580806654534
926,405285.9192816987,6857277.114086315,257.4267303753691,207.42673037536912
927,404316.601266556,6857379.090606808,218.72659447402606,168.72659447402606
928,414269.5261348158,6859861.666600917,247.2080165033494,197.20801650334937
929,412559.4265831332,6852736.987749645,201.0509903883755,151.0509903883755
930,404829.7748272236,6852169.988812457,106.28171148344501,56.281711483445
931,407271.7743019139,6856688.475141195,217.82506115793706,167.82506115793703
932,414379.0148170801,6854031.92277414,216.90301546608126,166.90301546608123
933,418795.9379552884,6851815.060557521,263.3830138728357,213.38301387283573
934,404238.3301222587,6852414.165001665,92.72350962567866,42.72350962567866
935,406414.2080317907,6851696.195693771,116.76100399007228,66.7610039900723
936,403362.8083887632,6851422.109930783,134.52583335498707,84.52583335498709
937,404956.7307692308,6857010.576923077,211.91050203311303,161.91050203311303
938,413475.0,6852225.0,209.39999389648438,159.39999389648438
939,404100.0,6853350.0,86.69999694824219,36.69999694824219
940,405091.8011689897,6858403.421092248,316.2654865584632,266.2654865584632
941,406548.9575680406,6859944.969408496,286.1967667232692,236.1967667232692
942,404338.7680145598,6851329.890182693,130.95525180134405,80.95525180134405
943,404871.0365853658,6858055.792682927,300.2052608356369,250.20526083563695
944,410980.3012983501,6857241.33188467,295.4655701658736,245.46557016587357
945,402758.8120437172,6858155.132218442,229.3125203822104,179.3125203822104
946,414137.7221072465,6853317.332486483,206.51500029984567,156.51500029984567
947,415425.7388833392,6851684.374899944,236.58332102209758,186.58332102209764
948,403798.4350649716,6851881.900793244,113.74639776736338,63.74639776736338
949,415449.3455000622,6856737.850131704,310.3497799118807,260.3497799118808
950,412087.5,6852937.5,186.5999984741211,136.5999984741211
951,413156.5946691177,6852071.104612299,209.48418871605628,159.4841887160563
952,412405.2169305222,6852980.643791608,194.17159722713026,144.17159722713023
953,413353.389212828,6852928.518186623,199.99043282211744,149.99043282211747
954,414112.5,6853762.5,208.49999618530273,158.49999618530273
955,404630.8260988543,6855909.614214674,192.15610303368004,142.15610303368004
956,404416.4173871115,6854733.36836013,129.87162849780557,79.87162849780556
957,409690.4190699377,6850435.416844147,266.81355069970874,216.8135506997087
958,407212.5,6850612.5,216.87500381469727,166.87500381469727
959,414908.7568894115,6853611.992009557,214.6436975707762,164.6436975707762
960,406332.6675628111,6856852.256222615,258.36289483899407,208.36289483899407
961,406012.5,6856387.5,261.4249954223633,211.42499542236328
962,404385.0694208663,6856740.173228164,209.54267922008268,159.54267922008268
963,403522.8922642313,6860614.642442562,323.6087005457981,273.6087005457981
964,405848.168723424,6850369.347611093,204.53273781934533,154.53273781934536
965,404749.8671890208,6856237.77671759,214.32977506532575,164.32977506532575
966,417437.7762505575,6852093.191689956,264.2119673465588,214.2119673465588
967,416612.2966406853,6855109.993209577,284.04854748878347,234.04854748878347
968,409161.9408351388,6856371.192186668,283.5601996305298,233.56019963052978
969,404581.1002110927,6857514.015101135,241.58564228046606,191.58564228046606
970,404858.3058347902,6856756.357626748,204.93878580640325,154.93878580640325
971,417377.8267584651,6859352.276043504,265.6417511289631,215.6417511289631
972,407079.7423503321,6851589.098658002,136.43242684988064,86.43242684988063
973,412687.5,6852037.5,201.42499542236328,151.42499542236328
974,415033.2225511351,6855021.271134737,290.7862482628535,240.78624826285358
975,405164.6141639123,6852212.435141763,94.17352724427661,44.17352724427659
976,405449.6995479757,6852203.209136836,100.41679759797277,50.41679759797277
977,406360.7013386318,6851943.115948962,110.88142485928627,60.88142485928627
978,409844.5452259822,6856517.768534333,274.80297707923046,224.80297707923043
979,414580.7260652713,6857654.725856924,321.29270534899103,271.2927053489911
980,403625.4825082597,6859047.035947192,302.60502755391605,252.60502755391607
981,404827.9836664774,6859667.930372063,349.2831453176255,299.2831453176255
982,408027.3082832198,6851238.789429016,200.5292734813727,150.52927348137274
983,411998.2665257618,6850043.862473452,271.0922880203992,221.09228802039928
984,409048.4263718423,6847994.441001184,269.2739807071352,219.27398070713525
985,405667.139024888,6856405.905841419,246.14249853519664,196.14249853519667
986,409755.8658637874,6851007.106519934,240.12644361462375,190.12644361462375
987,404390.3802857499,6851579.376805224,108.43494079554084,58.43494079554084
988,416712.2860401756,6850050.046626784,293.4066742321136,243.40667423211357
989,408760.4670454582,6851667.717453334,213.0966519847728,163.0966519847728
990,404499.0380561526,6854048.407057051,96.20371407349104,46.20371407349104
991,405254.655872246,6856267.711717359,200.3768286949489,150.3768286949489
992,415010.2568843035,6852673.713069369,232.92160061102274,182.92160061102274
993,411905.574961345,6857773.647736928,329.96551816324705,279.96551816324705
994,412332.0988615328,6859397.891014063,272.7666466980485,222.76664669804845
995,418117.2110308432,6849273.30134596,327.02865165614173,277.0286516561418
996,419134.4009511748,6857965.753245586,294.9439887318269,244.9439887318269
997,409605.5218779449,6851637.383892233,247.12166433505388,197.12166433505388
998,407816.7540039702,6851459.215853813,193.92558605654094,143.92558605654094
999,416291.7880146298,6851033.249946668,283.2977023404575,233.2977023404575
1000,416455.1446820199,6851524.437665412,256.0545109487464,206.05451094874635
1001,404321.3531302573,6859056.050885012,329.8014346151501,279.8014346151501
1002,413949.6142725695,6850336.839304515,268.47218573819293,218.47218573819296
1003,415622.4574343176,6852927.542565683,260.2444037226619,210.2444037226619
1004,404617.3521143454,6850950.12164723,168.00832791719634,118.00832791719633
1005,409950.0,6851276.785714285,237.69999694821735,187.69999694821735
1006,413057.5166361941,6849999.683090338,267.7445259128172,217.74452591281727
1007,406758.8525844787,6856243.059652984,256.3369079109548,206.33690791095478
1008,416521.458465858,6858220.893490622,251.00992310476494,201.00992310476497
1009,411822.265625,6852947.265625,179.49104754005864,129.49104754005864
1010,402737.002558878,6850678.992915039,187.83938321719938,137.83938321719938
1011,405305.8311291648,6850515.834435417,218.18497731677144,168.18497731677147
1012,409993.9054845995,6857057.162014322,311.7699118014799,261.7699118014799
1013,406959.6327647658,6850254.465391709,210.84489333215112,160.8448933321511
1014,408272.2163595466,6856613.932835231,240.54193402984873,190.54193402984876
1015,416311.3091969918,6852577.982228257,276.2579344551729,226.25793445517292
1016,407545.7789713189,6852957.790981948,209.4245564596369,159.4245564596369
1017,410577.7468679322,6849960.65222713,277.8550301984079,227.85503019840786
1018,401365.7742095655,6855097.999537723,92.00516200329078,42.00516200329078
1019,405222.1710883313,6856551.668366069,210.07699880397502,160.07699880397502
1020,409749.3875859476,6849592.609006337,263.75175614847154,213.75175614847154
1021,404889.3496694278,6856554.274414822,199.7049675705255,149.70496757052547
1022,407844.0686603579,6849927.193784147,285.48092478273156,235.4809247827316
1023,409755.1200342789,6860723.387984573,289.95649576985727,239.95649576985727
1024,406379.2883718331,6850652.934101472,199.9519052853266,149.95190528532663
1025,415824.5300646784,6856249.677795705,292.57548494831303,242.57548494831306
1026,411656.25,6852975.0,171.72500610351562,121.72500610351562
1027,416128.2527915078,6856743.439073137,313.71835781078545,263.71835781078545
1028,405819.836928969,6856809.080844418,243.6900766220454,193.6900766220454
1029,409465.2613890016,6858757.879252041,336.5528408470575,286.5528408470575
1030,414498.8042448037,6847792.332403529,288.29916571177745,238.2991657117774
1031,408804.6026634456,6850654.658820359,250.35261348428492,200.35261348428492
1032,403725.5186368776,6850253.507388291,223.14106568783492,173.14106568783492
1033,410488.5700618029,6856351.815729008,294.0458092346127,244.0458092346127
1034,414605.1136363636,6852230.113636363,221.9575882431214,171.9575882431214
1035,402521.8907675247,6847661.044575249,176.61309211927426,126.61309211927428
1036,404326.0022837727,6851790.968072859,98.52349932826614,48.52349932826615
1037,407223.7056172385,6850062.577219258,235.8615220471881,185.86152204718812
1038,407519.9176897185,6851331.030744522,186.0913433282907,136.0913433282907
1039,416772.5287092923,6854067.676575364,295.5155913198972,245.51559131989725
1040,411038.9399238619,6850431.891607033,304.2447398879327,254.24473988793272
1041,404597.7470958578,6858123.812137592,278.31854403886837,228.3185440388683
1042,404047.0725404229,6857828.363866511,258.6271808588614,208.62718085886138
1043,416130.3631461844,6847481.44052909,311.56829049728856,261.56829049728856
1044,404629.8112669345,6854147.651176175,88.7584952970581,38.75849529705808
1045,404225.3621024667,6852700.163873824,80.32965046104785,30.329650461047855
1046,403851.4605870428,6852533.99374872,79.99396456016102,29.993964560161025
1047,405075.0,6857550.0,263.0,213.0
1048,415548.5704696877,6849871.437272568,269.1740476278453,219.17404762784534
1049,414998.3438117312,6854591.849910193,277.8460450428914,227.84604504289138
1050,405980.0697870764,6859203.678733965,334.8225865766801,284.8225865766802
1051,413123.0058395443,6852785.264772653,201.8269435985759,151.82694359857592
1052,406318.3575568417,6856253.76109671,270.156552137167,220.15655213716698
1053,404255.0029541555,6857021.19869867,204.41262833156273,154.41262833156273
1054,414917.4497103798,6850196.170579748,277.406282828768,227.406282828768
1055,404424.0599025711,6854329.673260808,105.42593624819588,55.42593624819589
1056,404772.6167992682,6849953.375483023,251.63841729029798,201.63841729029795
1057,410583.4339408537,6851208.235802681,270.6848335951049,220.68483359510495
1058,415246.551363352,6857387.273895428,302.680626185331,252.68062618533096
1059,404117.1689877218,6847587.233320223,187.79993423247487,137.79993423247487
1060,404044.1538173435,6858627.936161029,296.04409671226466,246.04409671226466
1061,407784.2370312888,6857745.061722348,302.92984709493203,252.929847094932
1062,406342.3481615462,6850237.5,244.26327779398866,194.26327779398866
1063,401647.7447124445,6859844.916885627,273.321987287649,223.32198728764902
1064,419476.6345446808,6856108.287746808,293.20338719672947,243.20338719672944
1065,406611.2141853968,6849456.651405727,252.40367632747814,202.40367632747814
1066,408565.2073260889,6848939.954427893,265.96523413497835,215.96523413497832
1067,416230.9554435062,6857788.676260269,273.2517736015743,223.2517736015743
1068,410053.5610465116,6850885.683139535,265.28716503461436,215.28716503461436
1069,405336.8963487756,6857605.429781591,288.59664678057027,238.59664678057027
1070,412057.2719490587,6847929.658105968,264.2678911667492,214.26789116674922
1071,415687.5,6851287.5,249.4499969482422,199.4499969482422
1072,414862.5,6851587.5,219.875,169.875
1073,414743.6997230408,6851661.61967563,221.60549296761002,171.60549296761002
1074,414146.875,6852060.546875,203.88787144091395,153.88787144091395
1075,414111.427264944,6852361.967393132,225.18822325738785,175.18822325738785
1076,413258.0849527311,6851865.514944614,195.58259480638995,145.58259480638998
1077,413035.5344146587,6851825.198951334,200.19159665318634,150.19159665318634
1078,412908.0057357764,6851714.616491889,195.25880205650645,145.25880205650645
1079,412774.0771643479,6851805.68792046,196.6614089227056,146.6614089227056
1080,412460.5867346939,6852118.239795919,182.3749549548799,132.3749549548799
1081,412312.5,6853237.5,184.0749969482422,134.0749969482422
1082,412537.5,6853162.5,181.22500228881836,131.22500228881836
1083,412721.9798159219,6853076.860415433,181.79949527127042,131.79949527127042
1084,413287.5,6853087.5,187.5999984741211,137.5999984741211
1085,413942.6785714286,6853826.785714285,198.0602563974796,148.0602563974796
1086,404509.9375911079,6855326.567055394,144.31226905001805,94.31226905001805
1087,404250.0,6855187.5,175.5500030517578,125.55000305175781
1088,404482.9662637069,6855002.801727386,141.44372597544967,91.44372597544964
1089,404598.5438947023,6854806.952869645,109.69870015991802,59.69870015991802
1090,404362.5,6853237.5,75.77499961853027,25.774999618530273
1091,404362.5,6852637.5,80.07500076293945,30.075000762939453
1092,404497.916339006,6852537.797449149,79.96010880594852,29.960108805948533
1093,404673.3778199828,6852468.707635444,87.82443961209816,37.82443961209816
1094,404870.0932353152,6852424.915819088,85.06413563731341,35.06413563731342
1095,405856.3583532903,6852335.516053786,95.13662261784245,45.13662261784245
1096,405985.5649338817,6852268.31806915,95.58490811200393,45.584908112003916
1097,406152.9700037588,6852156.105429083,99.56555287474893,49.56555287474893
1098,409699.196231488,6850184.639380635,260.57976416212153,210.57976416212153
1099,409527.4336182168,6849993.347379397,253.02993164141424,203.02993164141424
1100,409537.5,6850237.5,258.4499931335449,208.44999313354492
1101,409312.5,6850237.5,252.29999923706055,202.29999923706055
1102,409452.2027242768,6850405.059549164,247.15252149619437,197.1525214961944
1103,409643.955956214,6850813.183535577,236.9715722049869,186.9715722049869
1104,409430.6737198287,6851033.632645317,238.34755110330707,188.34755110330707
1105,409687.5,6851137.5,234.39999771118164,184.39999771118164
1106,406741.0086748342,6850543.372455142,196.02753598413963,146.02753598413963
1107,404862.5552676031,6850750.229355566,190.9264055179884,140.9264055179884
1108,405151.016929961,6850889.241654503,190.42823282870452,140.4282328287045
1109,404776.171875,6851137.5,141.97422170639038,91.97422170639038
1110,404587.5,6851512.5,114.97500038146973,64.97500038146973
1111,404756.8926595696,6851661.772855579,113.18811413525387,63.18811413525388
1112,410109.4372923588,6851124.963662791,239.24079114648504,189.240791146485
1113,416637.2935323797,6851765.620304881,233.06277966474622,183.06277966474622
1114,416850.2584613581,6851534.90880891,244.39688003292596,194.39688003292594
1115,414869.1081270588,6853376.713144222,210.0200422166805,160.0200422166805
1116,414716.5874304267,6853207.648712894,216.3109966153774,166.3109966153774
1117,414818.3802265824,6853015.732583725,221.11147850914318,171.11147850914318
1118,414712.3237722027,6853470.697373687,206.28540776583415,156.28540776583418
1119,414609.9539632049,6853738.683076639,205.48782646656218,155.48782646656215
1120,414569.8573747681,6853295.87705821,207.20766675535054,157.20766675535054
1121,414526.396819344,6853524.554350046,200.07226393340127,150.07226393340127
1122,414397.9171987294,6853350.872467424,210.5166657977903,160.5166657977903
1123,406237.5,6856687.5,245.9000015258789,195.9000015258789
1124,406076.7857142857,6856550.515422078,245.97894430408897,195.978944304089
1125,405582.805574984,6856626.513334488,226.17035793006093,176.17035793006096
1126,405435.4591836735,6856789.362041359,224.3488017614492,174.3488017614492
1127,405562.5,6857025.0,259.6999969482422,209.6999969482422
1128,405262.5,6858037.5,301.2249984741211,251.2249984741211
1129,404755.9796133768,6857576.17501032,249.86041863378173,199.8604186337817
1130,404737.862372003,6856925.633507118,207.36594881664763,157.36594881664763
1131,404587.5,6856762.5,195.97500228881836,145.97500228881836
1132,404651.9948297568,6856445.6352467,198.73765973412665,148.73765973412665
1133,404437.5,6857887.5,263.5749969482422,213.5749969482422
1134,416041.3407287109,6855223.90248025,352.8044892407649,302.8044892407649
1135,403167.3580759263,6855901.968752936,155.3345746098965,105.33457460989652
1136,407797.9192903519,6850413.116118407,229.60170807550716,179.60170807550713
1137,406170.5536520894,6858382.074187811,334.0582009386659,284.05820093866583
1138,407205.3950849686,6858669.2842957,326.96455762392895,276.9645576239289
1139,409519.5207172807,6856151.795371789,287.21941111707247,237.21941111707253
1140,405870.5108572351,6857926.755006874,315.09443344062015,265.09443344062015
1141,404108.770519856,6853676.750030432,105.87795478450097,55.87795478450097
1142,401171.9215084472,6851422.064564751,159.0288817908899,109.0288817908899
1143,403980.6818181818,6852153.409090909,107.80289085640118,57.80289085640117
1144,407753.5247379126,6856339.486248544,235.5771537203124,185.5771537203124
1145,412586.6160977157,6850399.428991006,286.5909795322021,236.59097953220208
1146,415232.4828009829,6855661.214235278,284.3878952597044,234.38789525970444
1147,404107.7358509227,6853049.964266785,73.62031894442312,23.620318944423133
1148,412310.3611728183,6857464.862202583,315.03913184792015,265.03913184792015
1149,409303.3552583807,6850014.166570636,257.094079453743,207.09407945374303
1150,406743.75,6850781.25,165.30624675750732,115.30624675750732
1151,401195.6673519947,6856693.35030194,116.46276837267051,66.4627683726705
1152,419122.7847043982,6854260.037298297,226.21472780778163,176.21472780778163
1153,416700.1396063567,6852502.173383855,266.96596659329305,216.96596659329305
1154,410252.3013490911,6856269.017856411,285.17333854949214,235.17333854949214
1155,408190.5353407986,6852227.734608266,260.0930869678238,210.0930869678238
1156,417403.9588501244,6853566.158675434,282.82044498080523,232.82044498080526
1157,403202.0278938726,6854079.669252958,85.9940236630667,35.99402366306669
1158,406635.2404414037,6847151.762839073,200.53991952302903,150.53991952302903
1159,414360.5526429905,6852009.962031071,209.03530752734096,159.03530752734096
1160,412481.25,6852356.25,194.00624656677246,144.00624656677246
1161,414895.7442421298,6857031.344656424,310.28875361198595,260.28875361198595
1162,403474.1257645272,6857272.3784083,214.7423386224075,164.7423386224075
1163,413959.9983803931,6852941.760825512,204.22997707790543,154.22997707790543
1164,418000.6431194976,6855313.100586462,268.3681347124028,218.36813471240282
1165,407133.9576646015,6851742.340620224,126.63098092759272,76.63098092759273
1166,407818.4648577101,6851655.546754577,181.99583289704663,131.99583289704663
1167,415312.5,6851362.5,233.97500228881836,183.97500228881836
1168,414573.4416033571,6851778.725344187,215.4760446918426,165.4760446918426
1169,413587.5,6851962.5,196.57500457763672,146.57500457763672
1170,412576.6538806211,6851881.169702923,187.26562941121693,137.26562941121693
1171,412307.3651335534,6852332.365133554,179.16330429935533,129.16330429935533
1172,411872.9205027036,6852787.074327499,176.65053613462237,126.65053613462239
1173,412087.5,6853237.5,182.02499771118164,132.02499771118164
1174,414068.3366735636,6854010.463561053,205.58366098833514,155.58366098833514
1175,414187.5,6854212.5,211.07500076293945,161.07500076293945
1176,414339.4357837653,6854342.361630454,218.9547340641891,168.95473406418907
1177,414512.0740229143,6854334.440046987,229.10346249553646,179.10346249553643
1178,414736.429033267,6854753.568868387,243.1489434584642,193.1489434584642
1179,414855.2118005737,6855109.702787106,256.8901724995543,206.89017249955427
1180,404812.5,6855787.5,155.64999771118164,105.64999771118164
1181,405158.6856939854,6852374.691571246,84.37717415521675,34.377174155216736
1182,405443.6999246627,6852373.153903758,86.54008615193808,36.54008615193808
1183,406384.7545420952,6852120.373258837,101.18757839211112,51.18757839211111
1184,406606.514440264,6851941.164751657,105.27924333454023,55.279243334540226
1185,409462.5,6850612.5,235.54999923706055,185.54999923706055
1186,409364.316911926,6850834.963105529,233.2897978039749,183.28979780397492
1187,406887.0903949665,6850389.923627387,189.3556228392502,139.3556228392502
1188,407115.6341107872,6850457.033527697,204.58428570104755,154.58428570104758
1189,404511.8719073996,6851676.737964875,104.61497471347643,54.61497471347643
1190,404530.5947151584,6851967.069828926,101.614938054922,51.61493805492201
1191,404522.9292044843,6852213.27753048,94.06003649667294,44.06003649667294
1192,404212.5,6852037.5,95.42499923706055,45.42499923706055
1193,410363.8393795004,6851138.806356472,246.8148666751561,196.8148666751561
1194,403667.7597314605,6851300.559988463,134.939022929812,84.93902292981201
1195,403668.75,6851531.25,122.29374742507935,72.29374742507935
1196,403914.7569444444,6851310.243055556,124.57555662549437,74.57555662549439
1197,403880.6252626083,6851121.818732664,149.7694231829112,99.7694231829112
1198,404057.2622029023,6851732.709827286,103.37214961525831,53.372149615258294
1199,416815.8077382856,6851956.162103238,231.4898276810718,181.48982768107177
1200,415020.5234806575,6853397.259222916,215.7362013941899,165.73620139418992
1201,409932.1461534972,6856319.261554981,266.07580122795184,216.07580122795179
1202,405957.8571428572,6856562.603084415,236.42150687615222,186.42150687615225
1203,410297.7563263752,6856469.496224376,282.00127563686937,232.00127563686937
1204,410052.1098196988,6856465.595117062,276.9869167497908,226.9869167497908
1205,405534.5338556948,6858029.026308539,308.44465176565063,258.44465176565063
1206,405262.5,6857812.5,294.37499237060547,244.37499237060547
1207,404892.8036636265,6857759.61202826,254.46704884829924,204.46704884829924
1208,404964.3010256051,6857333.182756061,235.13614131724205,185.13614131724205
1209,404818.835545729,6857213.856191827,216.92262349955388,166.92262349955388
1210,404319.5441413525,6858022.355516213,272.40634478788553,222.40634478788553
1211,404695.1984181063,6857861.152106097,261.9851003251379,211.9851003251379
1212,418048.7865748834,6853645.179204124,261.7784745217088,211.7784745217088
1213,417518.6902341144,6850159.536845868,300.8349278656476,250.8349278656476
1214,407604.1414197808,6859894.046207214,330.4884075503886,280.4884075503886
1215,410392.088107718,6847952.424804889,235.44473453525214,185.44473453525217
1216,416460.4056647221,6855719.729622997,321.83542532785214,271.83542532785214
1217,410346.4763923946,6857924.460080207,329.27908582312796,279.27908582312796
1218,411848.5660929071,6849215.446486372,273.5083275798408,223.5083275798408
1219,411624.4138165599,6850502.728153259,288.0120497975193,238.01204979751927
1220,408822.3942274209,6857841.171445224,327.0055953629943,277.0055953629943
1221,414725.9015341963,6848934.177802829,262.61829276754315,212.61829276754318
1222,415542.7247278549,6848680.366276529,276.71282299891556,226.71282299891556
1223,405507.641323478,6860948.171117878,321.8138878242113,271.8138878242113
1224,417645.4431797537,6847925.048880059,317.2950170889857,267.2950170889857
1225,409721.8492477983,6856113.167909297,279.70800847070666,229.70800847070666
1226,411469.0479467007,6857260.773597525,299.7217673981963,249.72176739819622
1227,404916.8407660046,6858920.982237129,336.9668101553404,286.9668101553404
1228,404492.6268424496,6858696.726153108,309.26441820205497,259.26441820205497
1229,419579.9290230998,6849733.774147569,296.46348272274366,246.46348272274366
1230,417320.0521143015,6851638.899735712,245.69699187722674,195.69699187722674
1231,410805.6110766291,6856745.277895151,308.6310327409717,258.63103274097165
1232,417924.1648905562,6856531.805088542,344.2141907939159,294.2141907939159
1233,413911.6494798081,6857850.21239901,295.950264288368,245.95026428836798
1234,413185.3012483142,6859040.346198892,259.3974308907443,209.39743089074426
1235,415525.5988334916,6855338.002978058,314.01889549360675,264.01889549360675
1236,403707.684948687,6853167.256255903,80.78347450743559,30.783474507435596
1237,415816.1526497346,6857252.751555681,310.73927236409065,260.73927236409065
1238,408472.3499994195,6851732.240423828,216.7662126718156,166.7662126718156
1239,407160.6723803369,6861455.872589414,312.03175646332505,262.03175646332505
1240,406744.7643183173,6856827.401918545,259.11221593323876,209.11221593323876
1241,408699.1429110898,6856186.751591772,258.353697244745,208.35369724474492
1242,404305.0059338317,6850298.598304688,218.3998360067811,168.39983600678113
1243,405560.3582736677,6858682.571626573,316.89624235608073,266.89624235608073
1244,416830.6370161304,6850590.158384504,299.8811213149786,249.88112131497863
1245,416409.2528034853,6852210.532107577,237.46417038077482,187.46417038077482
1246,415030.2156435531,6855280.046884723,264.3908962374772,214.39089623747722
1247,413296.5487474571,6847796.591203908,285.77783243588146,235.7778324358815
1248,407245.6596337156,6856196.762067898,185.6706061968855,135.6706061968855
1249,404994.2307692308,6851512.5,120.03076846782817,70.03076846782817
1250,416102.6172538781,6854573.289597836,328.25573560706266,278.25573560706266
1251,410111.0557717642,6851433.394672983,247.83455608432553,197.83455608432553
1252,409792.2523460771,6851448.681837054,244.2905551860281,194.2905551860281
1253,404505.0895147057,6850730.196270812,188.9907450500144,138.9907450500144
1254,404547.4910062383,6851159.783572538,153.65112843454241,103.65112843454241
1255,417133.8145207001,6849511.874521961,290.341086392452,240.34108639245204
1256,409067.9086495172,6850335.550866683,247.92678352440998,197.92678352440998
1257,410326.1654366416,6851298.912055223,249.7913316453212,199.79133164532124
1258,415249.3490168363,6853037.913723898,243.0389794409967,193.03897944099668
1259,413616.2357371675,6853002.381175842,194.6306698423639,144.6306698423639
1260,406078.8369751905,6856862.778615132,261.8222475641233,211.8222475641233
1261,418552.4285177341,6852356.876561997,267.06917555741154,217.06917555741154
1262,413764.1324664206,6852184.633734733,210.18342137894027,160.18342137894027
1263,412449.5355978647,6858664.900609811,296.8167559104778,246.81675591047778
1264,408233.7684243145,6856171.499740632,231.69647310045448,181.69647310045448
1265,402563.9643418816,6857274.610597859,208.4082442448626,158.40824424486263
1266,415582.2481499094,6859018.732369432,268.0368438660739,218.03684386607392
1267,404886.3958923495,6850353.312322952,228.44207032926954,178.44207032926954
1268,413151.7972768503,6850440.766206636,255.83978896103977,205.8397889610398
1269,403313.2245935575,6850643.340110264,184.67781405854276,134.6778140585428
1270,415446.3597653834,6856184.40349054,292.37424808872646,242.3742480887265
1271,410533.282646336,6850425.974621627,279.4367231773279,229.4367231773279
1272,404509.0185080898,6854534.689521468,109.92307996787261,59.92307996787259
1273,414651.1455867758,6850526.093896866,285.37972637588064,235.37972637588064
1274,412281.0823483287,6861203.069491195,174.11720746325358,124.11720746325359
1275,408566.9346131465,6850938.710031323,251.58457444536057,201.5845744453606
1276,416417.4163185675,6850406.065649915,277.61908576777705,227.61908576777705
1277,404336.4952312472,6858438.504768752,282.4431983862089,232.44319838620888
1278,400849.276802085,6848868.808119464,231.96547006712527,181.9654700671253
1279,405488.9688940092,6857811.031105991,303.522350929845,253.52235092984495
1280,401880.0094839251,6853532.087467915,76.97094553194309,26.970945531943094
1281,404517.1875,6855707.8125,173.14687114953995,123.14687114953995
1282,410434.9323511409,6857220.700962692,294.81278603834926,244.81278603834926
1283,418268.9439509812,6853156.627708908,297.1469980688014,247.14699806880145
1284,416011.6561207135,6851437.079812414,250.0316809531887,200.0316809531887
1285,407765.6191413539,6849236.474030623,280.7697977215782,230.7697977215782
1286,411127.3451454408,6859917.979301186,285.8978124836896,235.89781248368962
1287,413735.0190999678,6850823.266148879,273.64418399439535,223.64418399439535
1288,419325.550086968,6852700.89497098,256.0076488042885,206.00764880428852
1289,414663.0664863648,6854520.941386129,228.45341024742712,178.4534102474271
1290,411207.4977351084,6849807.704943992,278.1897752234954,228.18977522349536
1291,408672.772833619,6857144.762279614,286.15189077343587,236.15189077343587
1292,417692.1644926909,6857519.246574593,293.14012823455187,243.1401282345519
1293,410047.7650039378,6849795.334192389,262.3541494811148,212.3541494811148
1294,405622.9619734008,6859936.070250986,333.71734149498315,283.71734149498315
1295,404465.3248597245,6857704.852796351,255.5069110010881,205.5069110010881
1296,414282.2980187648,6850639.370047238,255.66803473418614,205.66803473418616
1297,415194.9751453022,6858090.188540459,267.83527889890723,217.83527889890723
1298,406615.8059017892,6850407.717759436,225.64253308598626,175.6425330859863
1299,402816.6271502536,6854984.153329354,106.76738096066364,56.76738096066365
1300,405335.9714192882,6849798.904470154,246.76055952289644,196.76055952289641
1301,410061.0311059908,6856688.968894009,288.2206589737386,238.2206589737386
1302,418237.700239066,6850283.165645802,289.09896837593715,239.09896837593718
1303,410226.9781792072,6856827.984212238,291.04549546227247,241.04549546227247
1304,403811.7998204,6850719.687316947,190.67519588008213,140.67519588008213
1305,414083.6437425936,6853545.37379677,194.44895415240046,144.44895415240046
1306,403943.6200229809,6859782.033946658,324.2529568752457,274.2529568752457
1307,410760.3102388541,6850850.114261094,274.27699501589655,224.27699501589657
1308,407140.7220835867,6857346.751463317,269.7241902084553,219.7241902084553
1309,412116.5724324079,6850693.514671189,298.21217246384003,248.21217246384
1310,414182.792032643,6848845.601846352,274.1618791504173,224.16187915041726
1311,409549.9413484871,6856510.145709069,269.56422364619215,219.56422364619215
1312,414175.2145621654,6857378.319250454,306.51346911529333,256.51346911529333
1313,409106.334694802,6859685.993096073,340.5469754455858,290.5469754455858
1314,416254.5707530769,6851273.014734197,277.4269641864583,227.42696418645832
1315,403373.0680639349,6848464.659944953,192.0371435412581,142.0371435412581
1316,415399.7459691875,6853300.254030813,238.12403678009042,188.12403678009042
1317,402130.9491874432,6848704.342753968,191.62865808133085,141.62865808133085
1318,409326.9230769231,6851212.5,237.2115425696716,187.2115425696716
1319,412240.1550463936,6852744.81971766,190.32207710179338,140.32207710179338
1320,412288.4301919109,6852518.759359031,182.0992803420061,132.0992803420061
1321,419811.3544553182,6851163.588544782,298.5297142583232,248.52971425832322
1322,415554.1263424563,6855899.751817375,290.5829683688679,240.58296836886794
1323,407809.3865313016,6853216.554217665,247.4419743736683,197.4419743736683
1324,415342.6642116989,6850299.016595965,272.63143868622495,222.63143868622495
1325,410053.6237460518,6856173.048326663,270.97102134131825,220.97102134131825
1326,411283.7119899174,6857830.153596763,308.313832410127,258.313832410127
1327,408445.403710908,6849672.634540861,274.37432473070237,224.37432473070234
1328,404744.2290728455,6851879.778978556,110.48617781689953,60.48617781689954
1329,407265.7612951106,6858011.06143192,290.70128735158386,240.7012873515839
1330,406609.7336181843,6858968.669393159,322.0179074590746,272.0179074590746
1331,415970.3370734786,6861005.762670019,212.00805034583792,162.00805034583794
1332,408061.4690102498,6847178.215718898,283.30263272213244,233.30263272213242
1333,414496.581447365,6850128.684007073,277.7475255558932,227.74752555589325
1334,411183.0526997159,6856840.318148077,275.70148673766494,225.70148673766494
1335,419430.4345339303,6860075.0,266.7632807863575,216.76328078635748
1336,411762.0752286913,6858601.844618903,332.67240988604425,282.6724098860443
1337,408286.2902560662,6851876.927909327,217.05829076540556,167.05829076540556
1338,416817.2914245503,6853411.166950032,296.76911075912625,246.76911075912628
1339,407104.7197333779,6859373.920121836,327.6957699457177,277.6957699457177
1340,404272.711564243,6855887.58056675,211.1265514462764,161.1265514462764
1341,402524.8695778731,6851474.688746788,120.38586236781603,70.38586236781605
1342,412528.8519808606,6849640.314146813,270.0055674841528,220.00556748415278
1343,404301.0060241427,6853529.458338405,88.09939529993729,38.099395299937285
1344,414987.3415806946,6856609.433334474,298.52824262030174,248.52824262030174
1345,413600.092643872,6849839.141285584,274.7890003590752,224.7890003590752
1346,403117.5810238144,6851063.826340575,162.12752604645823,112.12752604645823
1347,404475.3459765938,6857163.381550913,203.27961319542698,153.27961319542698
1348,407362.5,6851503.039772728,148.96062231924736,98.96062231924734
1349,412912.5,6852928.039772728,194.18249924389207,144.18249924389207
1350,409171.7830858976,6850663.461993586,242.25523481832465,192.25523481832465
1351,415863.4911007081,6855616.779871545,332.8726316670935,282.8726316670935
1352,405426.1149988926,6847915.840507295,193.77531794332288,143.77531794332288
1353,415850.3043387052,6851308.423530522,257.72939560653367,207.72939560653361
1354,415496.4583669721,6851391.642585325,245.56878578360175,195.56878578360175
1355,415025.2968105061,6851606.800753613,226.01122622333594,176.0112262233359
1356,413392.0299369748,6851970.686592819,198.16201948834578,148.16201948834578
1357,404459.2368274751,6855467.03907784,177.9537972500503,127.95379725005027
1358,404364.7510040238,6853398.659723068,80.34408719703293,30.34408719703294
1359,405712.5,6852300.0,93.25,43.25
1360,404850.0,6851287.5,140.5,90.5
1361,404566.3056152212,6851365.221508636,128.85495957546357,78.85495957546355
1362,404726.9183838518,6857100.009517431,215.69937841904505,165.69937841904505
1363,404082.6923076923,6858193.269230769,280.9476439346301,230.9476439346301
1364,403133.7537922256,6853236.663637817,87.281236980767,37.281236980767005
1365,409600.1547853316,6848533.287010333,285.6050275258747,235.60502752587468
1366,409181.0615336596,6848799.349114212,275.3530983633723,225.3530983633723
1367,413885.2475792273,6853267.332963577,192.65407786341336,142.65407786341336
1368,410017.2583189902,6850209.919439663,268.90344681817487,218.90344681817487
1369,403133.2350928173,6850104.597116248,218.89858160941625,168.89858160941628
1370,406680.46875,6851730.46875,115.21454913914204,65.21454913914204
1371,405359.9347946476,6859312.238644836,342.37289215909493,292.37289215909493
1372,405264.3321633848,6856906.048163095,225.08934713311749,175.08934713311746
1373,409873.4193654786,6856097.602770223,246.76072754602927,196.76072754602927
1374,405678.5651252799,6858264.850227729,304.4193480946967,254.4193480946967
1375,407892.715290704,6857063.874560793,295.7921467255833,245.79214672558334
1376,408102.6269155176,6851514.228011855,192.34537882507686,142.34537882507686
1377,415012.5,6853089.84375,221.41875100135803,171.41875100135803
1378,407535.6990160031,6850156.853933547,240.11024616882213,190.11024616882213
1379,406937.3528009044,6849965.998140524,216.78567271944647,166.7856727194465
1380,406550.8179152377,6849964.887037376,215.57764890526758,165.57764890526758
1381,403827.1218960218,6855884.472652498,199.1112010325336,149.1112010325336
1382,407766.4800760526,6858411.625651348,323.4038064307629,273.4038064307629
1383,404018.58960969,6856685.255647853,230.4692550962993,180.4692550962993
1384,403286.1424939943,6851921.229981053,107.26783102213977,57.267831022139774
1385,407190.2233702773,6851026.561575898,186.73653373775053,136.73653373775056
1386,406614.5693771135,6857258.869031158,285.0788346229034,235.0788346229034
1387,418026.2681477974,6852071.513874697,266.00571759815335,216.0057175981534
1388,416479.3436136977,6849624.847537452,276.93539321362454,226.93539321362454
1389,416280.9100446379,6851882.560718753,220.77824335771345,170.77824335771348
1390,403486.5770779814,6858463.237833118,290.72146468449523,240.72146468449523
1391,407716.5064817268,6859082.205518145,342.9872731596275,292.98727315962753
1392,415715.0649949432,6849405.288577545,282.4122471096677,232.4122471096677
1393,412887.766812463,6850660.181013749,285.78002876875786,235.7800287687579
1394,406950.0514043018,6851708.71483569,121.48742939117297,71.48742939117297
1395,404971.7274600551,6856265.676828654,185.30576384912806,135.30576384912806
1396,403907.0197970398,6853955.528903242,114.30499473937215,64.30499473937215
1397,416584.2192125324,6857062.754960469,300.9090243837429,250.90902438374292
1398,406651.4953297622,6850239.184132802,219.0131526053518,169.0131526053518
1399,409743.9655947216,6858027.746594132,331.6053728286316,281.6053728286316
1400,417784.9099471723,6851531.367081719,279.46303809943805,229.46303809943805
1401,414444.2271811318,6857059.672707224,291.4505661126169,241.4505661126169
1402,419370.2298180248,6847655.865310016,265.93343584095504,215.93343584095504
1403,404807.6985006414,6851448.379945742,123.17432053842239,73.17432053842239
1404,404119.272621342,6851357.425788738,124.94972843214856,74.94972843214856
1405,408840.0527041789,6858489.320328208,356.8497764123805,306.84977641238055
1406,404082.3046485006,6852732.500826434,74.81486531638076,24.814865316380757
1407,415226.7857142857,6851576.785714285,232.368364684429,182.368364684429
1408,415165.0250933598,6853870.30223012,232.4028197114193,182.40281971141928
1409,411913.066370614,6857234.862695938,324.2473199511623,274.2473199511623
1410,402638.0968323358,6858951.801957399,248.04612957837526,198.04612957837526
1411,411525.0,6852975.0,169.6999969482422,119.69999694824219
1412,413917.6906237656,6853570.062299462,192.04517934802743,142.04517934802743
1413,404325.0,6851925.0,93.4000015258789,43.400001525878906
1414,404929.8807788421,6857550.0,241.54599861420306,191.54599861420306
1415,404823.6959226754,6857487.735002064,241.5529497962724,191.5529497962724
1416,415567.1721183361,6853572.597066648,254.9155786535525,204.91557865355247
1417,402554.1122033493,6861362.242502633,266.8986545547362,216.89865455473625
1418,405281.5813204271,6858204.648514193,311.97434241315517,261.97434241315517
1419,404431.7263834912,6860490.647119028,304.23219466508544,254.2321946650855
1420,410508.7128035296,6856572.659271413,291.72253833444205,241.72253833444205
1421,415592.0122628639,6857637.624564132,293.9924046374777,243.9924046374777
1422,409612.4868674921,6851387.905225025,231.81750771677713,181.81750771677713
1423,404371.3948478887,6853692.494231123,89.82408997382332,39.82408997382332
1424,404486.6100070057,6856978.950615556,205.73011874992127,155.73011874992125
1425,407494.9862816198,6851581.446990912,165.67212755730986,115.67212755730986
1426,407646.4461190026,6851589.605763404,179.48964343442444,129.48964343442444
1427,413062.5,6852972.971638852,185.81628973660662,135.81628973660662
1428,409688.9631001872,6849873.839911474,255.6079436563001,205.60794365630014
1429,413458.6447893037,6851041.015340776,237.74174585936711,187.74174585936711
1430,410114.1217793452,6858560.043177566,315.23545695349026,265.2354569534903
1431,412333.4275766616,6858104.369880622,336.40813655010066,286.40813655010066
1432,407980.2797749111,6855994.692884866,181.71769856865166,131.71769856865166
1433,414022.8494560022,6861363.521474869,205.7596781859896,155.7596781859896
1434,406070.0289685108,6851650.243818472,114.44332879180143,64.44332879180143
1435,406984.7688150375,6856030.442358923,233.78306248271534,183.78306248271534
1436,412797.3415741685,6858349.311598415,288.4878481136866,238.4878481136866
1437,413350.6865407766,6858212.554734034,297.43386757553304,247.43386757553307
1438,407495.778455121,6856024.193514547,226.94839333544135,176.94839333544135
1439,405892.9994544006,6856113.397158513,238.04471499477538,188.04471499477535
1440,413757.2963393576,6853137.294992986,188.75917710623457,138.75917710623457
1441,415761.3183832853,6850298.865655309,269.82252319384065,219.8225231938406
1442,405070.4690678169,6858013.013630019,299.2407722449757,249.24077224497566
1443,417349.978203903,6853132.618821233,299.38994407700426,249.38994407700426
1444,407779.3603694031,6852588.23384641,197.778159304118,147.778159304118
1445,405425.2952600749,6856525.299876556,239.44464284418103,189.44464284418103
1446,415125.8783200328,6853587.457248157,226.45668404881923,176.4566840488192
1447,418185.4443455854,6852475.079718086,268.82779960672315,218.82779960672315
1448,414262.7216795846,6858573.186128858,235.1466992060805,185.1466992060805
1449,402338.3033100497,6856132.44439941,161.64394454522596,111.64394454522596
1450,415161.6852692046,6856355.577728703,304.86412896278983,254.8641289627898
1451,403895.7412113123,6851595.143436755,115.43187035105704,65.43187035105704
1452,406746.5783388254,6858352.609135985,322.4940851296724,272.4940851296723
1453,411312.7124760149,6850870.866604519,285.56229126205085,235.56229126205088
1454,416098.6790857718,6853991.20511542,315.7313269454828,265.7313269454828
1455,416611.682569013,6852163.317430987,239.38139093339447,189.38139093339447
1456,402479.1943966971,6850173.063679122,227.00994096553046,177.00994096553046
1457,414049.8883400266,6850768.5274523,271.9314807326693,221.93148073266929
1458,407040.9958601113,6849181.802564616,285.6060029998723,235.60600299987232
1459,402932.2821851686,6859815.896914086,316.1798759222096,266.1798759222096
1460,404109.4894224068,6861591.170914097,277.9682517445658,227.96825174456578
1461,417039.2494658424,6851948.299058633,237.77702929055494,187.777029290555
1462,416993.7221503166,6852296.437156945,262.0206217013858,212.02062170138578
1463,410253.6043999897,6850873.727488496,251.6675249777454,201.66752497774542
1464,412430.8443552261,6850786.527898268,308.0087573931334,258.0087573931334
1465,406221.1431353,6856445.710742939,253.22816720269515,203.22816720269515
1466,409042.3320326959,6856068.67172805,278.81568502245904,228.81568502245904
1467,414355.293756057,6853736.621170156,203.05232581180135,153.05232581180135
1468,401392.5464823361,6858311.410719688,226.96252771513696,176.96252771513693
1469,404581.9827399354,6858459.650212741,286.6807747053766,236.68077470537662
1470,404255.872213831,6849769.281983964,235.92145086634014,185.92145086634017
1471,402834.1592121238,6848943.083349762,193.8627420597781,143.86274205977807
1472,404044.5015098696,6848648.278142412,219.62437283779744,169.62437283779744
1473,408619.9251816944,6852032.502843466,232.72474351337834,182.72474351337837
1474,413670.7847029006,6848585.217740687,266.92310687583756,216.9231068758376
1475,412977.2783014689,6848499.146533128,269.20316893291965,219.20316893291968
1476,403874.2838372958,6854748.155076873,140.90098370152472,90.90098370152474
1477,412673.6743591628,6850760.47562706,301.13760808731166,251.13760808731163
1478,413546.8755465972,6850422.547837289,280.12901229537965,230.12901229537965
1479,408249.1625280148,6851631.453687215,192.7701833951284,142.77018339512844
1480,408174.9695647767,6850261.818992737,279.27131902336504,229.27131902336498
1481,406091.9585644812,6849794.577226985,266.9380240043304,216.93802400433037
1482,418129.5502414226,6861299.246874221,251.75102742012893,201.7510274201289
1483,407137.5,6850186.252332089,228.3106112872564,178.3106112872564
1484,416456.7805801393,6848523.078104918,293.82493171013857,243.82493171013857
1485,409177.5154719147,6851803.793457349,243.10543464018775,193.10543464018775
1486,400823.913935145,6850113.325749531,228.7475201853411,178.7475201853411
1487,407731.4122777469,6855968.887944011,213.28088853490974,163.28088853490976
1488,404784.9227566436,6858215.077243356,291.09397037388965,241.09397037388962
1489,409026.8397356073,6849268.855582019,289.5277035378855,239.52770353788546
1490,410713.7016954955,6856474.84904501,307.89082829961626,257.89082829961626
1491,411465.7336276048,6856873.650136504,292.27232912624913,242.2723291262491
1492,417025.1829992307,6857214.408494315,288.181106285627,238.18110628562692
1493,407211.7608743539,6848006.774525436,271.176779972116,221.17677997211595
1494,403661.9915152511,6856840.847338173,211.6973136749763,161.6973136749763
1495,411677.3643930376,6856991.06031095,321.68866169090484,271.68866169090484
1496,417338.1547074059,6852467.343959682,271.29315237177275,221.29315237177272
1497,410491.62829404,6849508.042576985,268.178330289544,218.17833028954402
1498,418238.9559202642,6851456.246938933,282.7444894988459,232.74448949884592
1499,410079.1143588863,6859364.904170319,302.0740316320768,252.0740316320768
1500,417740.0347296458,6853158.230024949,300.4316594149375,250.43165941493743
1501,404644.4525687066,6848490.219391687,213.5300005941013,163.5300005941013
1502,413976.2688501392,6852106.819949272,206.09167593768572,156.09167593768572
1503,405612.8328705527,6856823.25212926,224.7217340127138,174.7217340127138
1504,404921.0338676324,6850994.596096682,174.25304801746717,124.2530480174672
1505,408387.3779530784,6860670.477034916,330.7166968553039,280.71669685530384
1506,405097.5783367119,6860260.704714988,348.1780640314944,298.17806403149444
1507,409884.7901623563,6848781.516034363,266.50347597518646,216.50347597518643
1508,404609.0662285932,6850428.758915924,201.3265283864195,151.3265283864195
1509,417226.0288173957,6854735.822367482,262.79536671134554,212.79536671134548
1510,404603.9966316506,6854658.335125207,104.98816757023852,54.98816757023853
1511,405823.7092322423,6856671.020211104,227.8249860400548,177.8249860400548
1512,404486.9367739644,6858143.453034398,271.3696923967352,221.3696923967352
1513,408428.2516937692,6855942.793395123,235.49108333867406,185.49108333867406
1514,405088.228127901,6856770.49711882,213.94100801550127,163.94100801550127
1515,409970.3848293078,6857536.431443081,321.90720481286473,271.90720481286473
1516,410043.6421849136,6849459.63091431,271.8463568266892,221.8463568266892
1517,416198.2327654776,6857199.363371982,298.4367526656419,248.43675266564188
1518,404191.4034869419,6851523.615462775,111.01988808468191,61.019888084681895
1519,403459.0763326872,6852735.151285854,68.54234757238615,18.54234757238615
1520,409947.4838336497,6851075.774205031,238.26447826271394,188.26447826271396
1521,404218.8086378868,6854523.98758352,122.55190146131957,72.55190146131956
1522,417686.9876129623,6852417.048273605,281.01176308433014,231.0117630843301
1523,404281.1415760164,6853889.552298567,102.63090310693343,52.630903106933445
1524,418453.5112638419,6852590.108167462,275.7391884703007,225.73918847030072
1525,415675.6807192615,6854974.45541498,337.46158468714475,287.4615846871447
1526,415172.765831004,6853246.335250786,221.08083245780782,171.08083245780782
1527,406432.3453207219,6856029.81419534,257.97731087419083,207.9773108741908
1528,415003.6703753361,6849784.067210821,265.35926406754714,215.35926406754714
1529,403485.6643170126,6857858.036871526,261.4394508828687,211.43945088286873
1530,404568.2794588384,6857319.165149864,206.39314087527353,156.39314087527353
1531,409241.2979830393,6850451.495106434,241.62825951579634,191.62825951579632
1532,403861.6833235464,6852877.638421929,71.04884748988228,21.048847489882277
1533,408298.7053250923,6857602.599035793,304.958257848209,254.95825784820897
1534,415199.8413064281,6854240.583927225,266.4156527640197,216.41565276401974
1535,416272.1187703891,6856172.190342966,316.91748059829246,266.91748059829246
1536,406354.2371131693,6848162.827355739,226.98240412341644,176.9824041234165
1537,404579.5192141361,6854265.265654052,94.73573174689625,44.73573174689624
1538,419694.157628116,6861537.442531802,268.4151958121583,218.4151958121583
1539,416546.9309339758,6850961.696670257,269.047541418519,219.04754141851902
1540,416096.8717740113,6850038.089847078,284.0123841186927,234.01238411869278
1541,401024.4058231452,6847464.727019224,198.24356196784055,148.24356196784055
1542,404771.8947422218,6858608.632387473,298.3252190493891,248.32521904938906
1543,401865.7179385929,6850605.064342838,173.48672834031828,123.4867283403183
1544,414493.0798656517,6852998.950012265,215.0437898391902,165.0437898391902
1545,405497.3907025718,6850927.934313385,181.34622206689585,131.34622206689585
1546,411952.2879464286,6853079.073660715,182.8592304215145,132.8592304215145
1547,407546.739104622,6853265.654806869,212.1037643390374,162.1037643390374
1548,416821.3836941961,6851717.203952223,232.1695550166971,182.1695550166971
1549,414874.5779428349,6853189.704174437,216.24784540950185,166.24784540950185
1550,404449.6559078307,6855180.981254683,141.5989066152768,91.5989066152768
1551,417046.9354915144,6851721.004217017,243.62454707564916,193.62454707564916
1552,416385.0386691542,6853628.530874294,304.09991147520583,254.09991147520586
1553,414245.4635802694,6853445.047815117,203.13303881739452,153.13303881739452
1554,405586.2136183527,6856131.537998474,218.69841555144464,168.69841555144464
1555,405118.2650254862,6856385.164702342,175.37816846303525,125.37816846303525
1556,408306.6586175008,6859482.947751936,328.0732763454644,278.0732763454645
1557,408802.9754486802,6859033.39933691,344.07914870866443,294.07914870866443
1558,417287.0222501749,6848816.761383432,302.1072214875967,252.1072214875967
1559,412454.3089971386,6857759.360813455,333.4742371532495,283.4742371532495
1560,415367.9932123742,6853727.299903321,259.3061094793543,209.3061094793543
1561,408301.4065336585,6858140.105739869,348.06873785265594,298.06873785265583
1562,414853.8678661179,6854900.232116737,266.6899528990497,216.68995289904967
1563,404566.7008735941,6856596.515365999,189.12700514562476,139.12700514562476
1564,413447.0208249993,6853103.066560411,192.07172583847927,142.07172583847927
1565,405016.3613200727,6852347.005224092,91.55078881148981,41.5507888114898
1566,405567.6499121064,6852371.060506766,87.89333980771848,37.89333980771847
1567,409206.5003568675,6856824.648344526,307.34447979440466,257.34447979440466
1568,409502.2778780895,6849019.699560752,299.9227831004586,249.92278310045856
1569,407486.5646286797,6850498.296948877,216.1398861288623,166.13988612886232
1570,406450.141006512,6851273.874223667,139.3850291911552,89.3850291911552
1571,409258.0942081802,6858094.56661213,336.88103910920216,286.88103910920216
1572,404874.612271059,6849511.942654725,278.57000989490547,228.5700098949055
1573,404374.6610418835,6856462.901611404,221.09491834094678,171.09491834094678
1574,417613.2503749768,6850654.871793869,294.86522670239674,244.86522670239674
1575,414663.2989647149,6856751.393741738,312.2951031069799,262.2951031069799
1576,416711.3634963057,6856090.678782738,302.1868663698064,252.1868663698064
1577,417139.6981690681,6855689.029554131,312.24901441397714,262.24901441397714
1578,413189.5414430041,6860296.702643837,226.12656576020558,176.12656576020555
1579,410419.5760544335,6850711.223957811,251.52074573943037,201.5207457394304
1580,409274.275651125,6856032.639981849,296.05942132436917,246.0594213243692
1581,403680.7994550614,6849787.048099374,253.09383593135024,203.09383593135027
1582,400739.1993256073,6852477.423439984,83.92062005327621,33.9206200532762
1583,404583.4612639941,6854437.5,99.82694564212579,49.82694564212579
1584,406170.4382659093,6856072.298981422,260.8100117210895,210.81001172108955
1585,405508.8813256349,6851468.860219398,129.92349775537872,79.92349775537872
1586,408218.1866188233,6855908.118414032,233.68131468880728,183.68131468880728
1587,408411.8915500169,6851356.765903901,235.19248176716007,185.19248176716005
1588,404735.9764579985,6857425.409541882,239.02799433921524,189.02799433921524
1589,403962.2306084338,6857171.189094385,228.00024119329095,178.00024119329095
1590,410850.9579391233,6861533.560617651,182.79356073017047,132.79356073017047
1591,412020.9292581829,6852711.565674193,180.0154815106903,130.0154815106903
1592,416370.4077634966,6850936.923914127,272.9033682043829,222.9033682043829
1593,405433.3105877642,6858363.262847699,310.65750328433677,260.65750328433677
1594,416678.3678553128,6854621.695437565,274.26958924499013,224.26958924499016
1595,409481.0734371031,6851149.44752076,232.8510078685445,182.85100786854449
1596,408777.6465206573,6856667.514387214,300.00893520908517,250.00893520908517
1597,401792.6691749271,6852314.34109191,105.57594687303245,55.575946873032436
1598,411743.0837853926,6850882.956346782,300.40530305038243,250.40530305038243
1599,409679.1201079175,6856825.901489551,284.8097073486505,234.80970734865042
1600,400969.2350195224,6861610.598544318,271.99868727043054,221.99868727043054
1601,406256.7013927979,6857196.458356787,276.30819311759774,226.30819311759774
1602,413963.6993242205,6853449.753532848,193.7477526135314,143.7477526135314
1603,413959.4188229647,6853679.953635086,197.2301572616622,147.23015726166219
1604,404879.1357625133,6856016.371050083,170.13430017570775,120.13430017570778
1605,416026.5951701416,6852857.457142305,281.9352523848129,231.9352523848129
1606,408011.9863130111,6850655.012806117,237.01050505819626,187.01050505819626
1607,409449.7963417716,6849771.863815949,266.50339891103994,216.50339891103994
1608,403574.9286244324,6854997.002369684,131.5222669224444,81.5222669224444
1609,410783.5933084456,6857683.210111612,301.26072415885164,251.26072415885162
1610,416525.3690834272,6852036.282051464,229.6073371716297,179.6073371716297
1611,414994.9200163915,6850524.739195366,278.6522323536509,228.6522323536509
1612,413308.6400244328,6851139.43084057,230.31706054838867,180.31706054838872
1613,404345.6669192297,6858280.684681065,270.3581777542081,220.3581777542081
1614,411412.5,6853012.5,169.14999771118164,119.14999771118164
1615,411487.5,6853012.5,169.5,119.5
1616,404432.7168367347,6853167.283163265,74.16214895918709,24.162148959187093
1617,409617.2831632653,6851207.716836735,229.05302301072925,179.05302301072925
1618,406912.5,6850537.5,174.79999923706055,124.79999923706055
1619,404362.5,6851962.5,91.30000114440918,41.30000114440918
1620,414431.599204836,6853524.888587512,196.9551654918736,146.9551654918736
1621,404802.7441144997,6857368.852385471,221.87594610537207,171.8759461053721
1622,404842.8699338856,6856465.854882964,178.4904310719273,128.4904310719273
1623,411166.0714285714,6852273.214285715,188.16836641272224,138.16836641272224
1624,408205.0630455893,6854176.055944967,205.91939579696893,155.9193957969689
1625,405203.125,6852984.223429546,102.62268352984273,52.622683529842746
1626,408112.5,6854737.5,202.60000228881836,152.60000228881836
1627,411979.5950213357,6851929.420723055,193.03680009354656,143.0368000935466
1628,406795.0788155257,6852455.226506299,159.78344145564608,109.78344145564608
1629,407437.5,6854212.5,132.07500457763672,82.07500457763672
1630,408833.684240899,6853935.37831648,203.70085409199697,153.70085409199697
1631,410487.9025016847,6852202.508391445,186.7537673577674,136.75376735776737
1632,404805.8728659733,6852924.952926727,95.47340894224425,45.47340894224424
1633,408334.4872459489,6855199.874807143,205.32041723454205,155.32041723454205
1634,405076.4996443289,6852741.410345093,105.40378147568073,55.403781475680745
1635,406422.5433447878,6852459.123401834,112.40995690347563,62.40995690347563
1636,407091.5046356087,6854243.02976729,111.23409286440345,61.23409286440345
1637,409208.8767305958,6853401.263995443,177.99152083260898,127.99152083260898
1638,410214.7932786574,6852667.25088988,171.951571844896,121.951571844896
1639,411029.3002915452,6852687.068175484,174.07004784167702,124.07004784167702
1640,412530.6924581005,6851396.252247997,205.57775135470885,155.57775135470885
1641,407021.8507953872,6852233.835185155,174.04248739010035,124.04248739010033
1642,407437.5601852807,6851982.85770193,183.30113476436827,133.30113476436824
1643,411378.8031028738,6852672.514841395,175.24503106681158,125.24503106681156
1644,405010.6189625107,6853209.076741197,82.7889548735902,32.788954873590185
1645,408510.4959529855,6855002.569919828,216.98912497212433,166.98912497212433
1646,405673.637538234,6852989.29727952,116.44201536893817,66.44201536893817
1647,407930.9734363735,6855022.151563627,143.38595789312913,93.38595789312913
1648,404451.2019230769,6852998.798076923,80.03790423715347,30.037904237153462
1649,409204.7524565381,6854175.957257903,189.68265933204566,139.6826593320457
1650,408375.0,6855375.0,187.3000030517578,137.3000030517578
1651,412162.1935692463,6851668.152101947,195.45133395848816,145.45133395848816
1652,406188.7851097398,6852666.151809654,118.15952462435358,68.15952462435357
1653,409767.7293789267,6852792.729378927,172.71049581667208,122.71049581667206
1654,410737.5,6852570.0,178.1200012207031,128.12000122070313
1655,412629.2100481931,6851196.006218442,222.98009762648076,172.98009762648076
1656,409617.9129244995,6853031.409385201,168.35457306535227,118.35457306535227
1657,411689.3591429666,6852230.948091771,194.31926045698117,144.31926045698117
1658,407654.0048946385,6851830.3088577,174.5654398383062,124.56543983830616
1659,412612.4277373307,6851652.825477329,187.5694837760083,137.5694837760083
1660,412290.5314399112,6851925.815545464,185.5807891555839,135.58078915558391
1661,404345.4627403846,6852879.537259615,77.22819340239927,27.22819340239927
1662,404522.6243197839,6852803.834581123,78.93264881008815,28.93264881008814
1663,404667.380617352,6852708.486608078,83.46638466897217,33.46638466897218
1664,404854.6566409568,6852639.043734987,88.73796084995848,38.737960849958476
1665,405038.3794693265,6852549.248542053,86.97316374655912,36.973163746559116
1666,405989.4693013914,6852510.928929888,102.0800999777576,52.08009997775759
1667,406162.5,6852412.5,98.67499923706055,48.67499923706055
1668,406307.7432553319,6852316.264690694,98.69566756339873,48.69566756339873
1669,405933.3500219439,6854220.726325502,98.83651137502545,48.83651137502545
1670,406849.4137062049,6854271.527564015,104.38187004144937,54.38187004144938
1671,406983.4426597397,6854382.090158489,104.90655002378894,54.90655002378893
1672,407662.5,6854737.5,143.14999771118164,93.14999771118164
1673,407814.9625172987,6854869.900573895,143.6230810469858,93.62308104698579
1674,408187.5,6855337.5,149.57500076293945,99.57500076293945
1675,408501.166180758,6855417.055393586,165.1450868629837,115.14508686298373
1676,408730.9926058873,6855111.014713314,166.90329454239446,116.90329454239446
1677,408774.1071428572,6854450.892857143,173.62155604847584,123.62155604847587
1678,408515.5014302047,6854529.157319589,193.4853837610853,143.4853837610853
1679,409387.5,6853537.5,164.64999771118164,114.64999771118164
1680,410266.3990398082,6852852.974616922,164.9404261931146,114.9404261931146
1681,410964.9840948543,6852863.700230315,167.49895715672906,117.49895715672906
1682,412718.6600279188,6851483.796817903,195.88706754330863,145.88706754330863
1683,412752.2946477446,6851312.650754906,206.4091613074406,156.4091613074406
1684,412818.7430286375,6851124.399026047,227.89413306778,177.89413306778002
1685,405387.5907360194,6852760.223241378,108.44555682176883,58.445556821768825
1686,405272.8993306262,6853308.518277793,89.14328955623634,39.14328955623635
1687,408768.75,6854193.75,200.4249973297119,150.4249973297119
1688,405426.9997446315,6853791.7172633,88.19683282501732,38.196832825017324
1689,406912.5,6851962.5,115.52499961853027,65.52499961853027
1690,407364.4554448813,6851805.192805925,139.7329661432611,89.73296614326111
1691,412218.946637321,6852134.676609788,180.23026843699324,130.2302684369932
1692,412070.4355321439,6852328.732936617,180.0159379249995,130.0159379249995
1693,411867.239935189,6852543.806280112,177.02455962408288,127.02455962408288
1694,411612.3062269888,6852537.046347832,184.7882802288342,134.7882802288342
1695,411637.5,6852712.5,173.89999771118164,123.89999771118164
1696,411408.7933727027,6852867.111946583,169.91008330727163,119.91008330727166
1697,406606.8446564095,6852202.498953984,108.06141493551368,58.06141493551368
1698,404895.0075778216,6853388.447395723,79.15505975698,29.15505975698
1699,405208.241331208,6853606.820018115,83.57774808403778,33.57774808403778
1700,405727.8624819634,6854133.393836464,102.15468536790077,52.15468536790077
1701,407282.1769385469,6854493.590158647,115.4358993381391,65.43589933813911
1702,407527.1251365471,6854503.974425055,152.3094326133271,102.3094326133271
1703,407504.2775228709,6854671.092955846,126.43962674823051,76.43962674823052
1704,408720.1197766209,6854596.432838158,164.15795628802533,114.15795628802532
1705,409297.6038086664,6853748.217770071,165.4875952804381,115.48759528043809
1706,409511.9266474566,6853281.270973328,160.42458395929094,110.42458395929094
1707,406666.627117468,6854199.76095228,107.5282475652807,57.52824756528068
1708,408438.9242762654,6853751.733498762,180.9291984648685,130.9291984648685
1709,405883.7019272982,6852728.05566741,111.46731921139224,61.46731921139223
1710,408197.7874909877,6855027.212509012,198.42051205428754,148.42051205428754
1711,405642.1328859359,6852653.233815613,98.6317483041241,48.63174830412408
1712,410437.5,6852675.0,180.9499969482422,130.9499969482422
1713,406475.1700225222,6854218.230693531,105.01129338485886,55.01129338485885
1714,407641.3207302255,6853904.699037528,175.48670356603836,125.48670356603834
1715,406531.0562605329,6852865.761094828,166.91541413754408,116.91541413754408
1716,411473.056757396,6851744.031568132,200.71159303748752,150.71159303748752
1717,406169.4203234215,6854212.311826583,107.03809148212747,57.03809148212747
1718,408013.9027578992,6851712.214001628,180.2362418979136,130.2362418979136
1719,408375.0,6855525.0,147.8000030517578,97.80000305175781
1720,409009.3600043958,6854181.083653484,187.18543063247074,137.18543063247074
1721,407836.1651899058,6851861.00693543,192.2741064564937,142.2741064564937
1722,406313.8040976546,6854259.074333035,103.31727886821623,53.317278868216235
1723,404247.5661057692,6852891.719608516,73.69049217030756,23.69049217030756
1724,405552.6850167355,6853971.184061583,100.7057045385382,50.7057045385382
1725,412417.6491495064,6851691.027122061,189.5723759775423,139.5723759775423
1726,407135.3430896782,6851999.329478603,131.84850058191282,81.84850058191283
1727,410062.5,6852803.571428572,167.19285910469694,117.19285910469694
1728,411191.485107747,6852873.799399222,169.16917205757204,119.16917205757204
1729,406792.6516984908,6852156.673886362,121.35672105186856,71.35672105186856
1730,410593.75,6852783.189338235,167.7662092760571,117.76620927605711
1731,410737.5,6852754.136029412,168.7955854359693,118.79558543596931
1732,404208.4686643986,6852862.068909232,73.33430658902581,23.334306589025815
1733,405271.875,6852466.071428572,85.36785827366768,35.36785827366769
1734,408594.8545491857,6855452.189472802,147.97263807890945,97.97263807890945
1735,408882.2242113655,6853629.185745665,184.63342857534093,134.63342857534093
1736,410090.9691684133,6852383.884470473,173.54476688777575,123.54476688777575
1737,404778.1184907945,6853198.377587531,77.96557938524317,27.96557938524317
1738,411908.9721776602,6851487.410129947,225.0364534018821,175.0364534018821
1739,407257.8198859721,6853993.680186254,155.54037131235063,105.54037131235064
1740,407930.9898576027,6851778.504536781,170.83230873253467,120.83230873253467
1741,410925.9897137132,6851799.745153342,199.76699734165152,149.7669973416515
1742,408532.5,6855157.5,180.4380046081545,130.4380046081545
1743,409109.0507200074,6853977.54591627,189.2515574845862,139.25155748458621
1744,407269.94876726,6852207.687174792,181.6807147708016,131.6807147708016
1745,412974.687423129,6851004.087228966,224.668631773982,174.668631773982
1746,405478.378935189,6852590.428198491,95.84446105352147,45.844461053521464
1747,404601.1167999469,6853075.137596044,79.61357599701671,29.613575997016714
1748,409201.1881141345,6854306.489314476,162.2556386584578,112.25563865845784
1749,409826.0574020343,6853011.592694975,164.01583976059896,114.01583976059894
1750,408050.6743006792,6853695.349456907,175.74392580597328,125.74392580597328
1751,406119.6845845868,6852996.631500881,125.60000070784999,75.60000070784999
1752,412237.706214005,6851409.036269204,216.5802172221858,166.5802172221858
1753,408402.2569748356,6854814.287949686,220.98338297208755,170.98338297208753
1754,405121.5311140238,6853436.098937473,83.48376627533375,33.48376627533376
1755,408722.3498284373,6854953.254122993,167.12055534534824,117.12055534534824
1756,407496.2041049601,6851803.671873111,149.69074996123842,99.69074996123841
1757,405250.340473108,6852557.172719448,92.85796158954486,42.857961589544864
1758,405795.4552329563,6852565.955838875,98.42661967893072,48.42661967893072
1759,407872.7466088086,6854467.078749103,200.13690332184262,150.13690332184265
1760,408782.7481514718,6855177.753678328,147.59144861776886,97.59144861776886
1761,414479.7948399596,6851339.780247966,223.86017280297136,173.86017280297136
1762,415881.9618131205,6850975.552774291,275.0489282784653,225.04892827846535
1763,415500.8355685775,6850930.304638092,278.48284669253763,228.48284669253763
1764,414118.4220116618,6851673.888483965,213.0569605535764,163.05696055357635
1765,414894.6824395907,6851158.89521441,246.41380373596138,196.4138037359614
1766,413925.846001666,6851765.912640566,205.91009201957553,155.91009201957553
1767,415987.5,6851062.5,260.5999946594238,210.59999465942383
1768,415521.5479383682,6851133.921070748,251.45704509058152,201.4570450905815
1769,414701.2801661602,6851422.133820808,217.72753160968583,167.72753160968583
1770,414549.9708343533,6851509.277344796,212.88896846737646,162.88896846737646
1771,414037.5,6851887.5,203.9749984741211,153.9749984741211
1772,413958.3556859407,6851587.639767039,206.2780512216366,156.2780512216366
1773,414346.2578357469,6851549.352634591,218.79742439485742,168.7974243948574
1774,415012.5,6851362.5,223.27499771118164,173.27499771118164
1775,414187.5,6851812.5,206.97500228881836,156.97500228881836
1776,413812.5,6851887.5,198.72500228881836,148.72500228881836
1777,414055.5108758514,6851443.574992704,212.32918370814141,162.32918370814141
1778,416002.6789052269,6850799.445033,280.1682275414458,230.1682275414458
1779,414419.1239535291,6851021.499143181,242.6757269844837,192.6757269844837
1780,415684.0822497208,6851034.010601534,270.045484569568,220.04548456956798
1781,415349.0829888362,6851105.222902079,262.9518184878377,212.9518184878377
1782,415113.6301750386,6851138.807071483,243.5559363296431,193.55593632964312
1783,414237.5068787119,6851331.04881973,223.27252575924228,173.27252575924228
1784,414664.9767862734,6851104.667804892,240.66670132754763,190.66670132754763
1785,414358.9441284157,6851161.045511813,230.40317690579064,180.40317690579064
1786,414862.5,6851335.714285715,228.15714045930724,178.15714045930724
1787,413709.375,6851859.375,195.97812867164612,145.97812867164612
1788,413503.2757246778,6851513.327163544,203.10218332806676,153.10218332806676
1789,413437.5,6851737.5,196.4749984741211,146.4749984741211
1790,413246.3776766023,6851664.577947685,198.6730483106793,148.67304831067923
1791,413064.4550323226,6851585.90052372,195.40184614265112,145.4018461426511
1792,412899.3120334558,6851499.170611124,198.24086451434493,148.24086451434493
1793,412984.7429076136,6851283.847726546,208.96581010196988,158.96581010196985
1794,413799.8831578392,6851431.754791429,211.06508855372832,161.06508855372832
1795,413587.5,6851737.5,200.0250015258789,150.0250015258789
1796,413730.435581252,6851591.378804163,206.53066177933218,156.53066177933215
1797,413903.9546226026,6851261.95584201,216.8632149892506,166.8632149892506
1798,413078.3634629507,6851075.596258271,224.6948284014705,174.6948284014705
1799,412800.0,6851625.0,189.1999969482422,139.1999969482422
1800,414052.5537172169,6851163.49525213,217.45104179805412,167.4510417980541
1801,413232.3694909293,6851477.165512629,206.87444642213802,156.87444642213802
1802,412762.5,6851662.5,187.3499984741211,137.3499984741211
1803,412697.4761797592,6854706.109738602,248.37324520045564,198.37324520045564
1804,413638.1692980902,6855005.790065823,267.6656669201488,217.66566692014885
1805,410717.1797231497,6853744.490347844,215.61300605718893,165.61300605718895
1806,412198.9577100858,6855153.931520499,258.34420182756253,208.34420182756253
1807,411964.3327614896,6853930.469003199,222.40080900608572,172.40080900608572
1808,413181.738130332,6856636.392216893,297.59213651148394,247.59213651148391
1809,413205.4763336285,6853893.712185722,195.40024213387463,145.4002421338746
1810,410180.9079840019,6853589.781103696,190.79866797699958,140.7986679769996
1811,414119.5369513218,6855393.31161593,315.8005640913959,265.8005640913959
1812,413287.5,6855562.5,315.2999954223633,265.2999954223633
1813,411907.5,6856252.5,288.77198883056644,238.7719888305664
1814,410698.8614665708,6854275.250089747,231.10457136301147,181.10457136301147
1815,411590.5899399499,6853631.204254236,194.48877297308556,144.4887729730855
1816,412096.0316421572,6855573.427545436,256.1242647194747,206.12426471947467
1817,409765.621418943,6853919.623015013,199.63784380954436,149.63784380954434
1818,411848.2098650016,6855798.714171715,239.19075316043345,189.19075316043345
1819,413676.7930100414,6854371.100802228,221.02162501442544,171.02162501442544
1820,414160.336507122,6854851.350340188,249.73535319593188,199.73535319593188
1821,413025.0,6853500.0,186.60000610351562,136.60000610351562
1822,412875.0,6856350.0,286.29998779296875,236.29998779296875
1823,413385.6931128195,6856368.630695052,291.68936904394013,241.6893690439401
1824,414695.1923076923,6855654.807692308,320.0767759063795,270.07677590637957
1825,411752.7152614017,6854994.254306288,251.18642159562916,201.18642159562918
1826,413486.7195926254,6853549.301353969,202.38542662775083,152.38542662775083
1827,414213.6021635685,6856298.643376321,318.19810968126114,268.19810968126114
1828,411341.0194275117,6853328.987825793,182.59572183645187,132.59572183645184
1829,412541.7221957672,6853573.141367069,200.49684208595068,150.49684208595065
1830,410553.8479511919,6853315.533337161,181.06960010969618,131.06960010969618
1831,413609.3782594524,6855736.180271001,291.2924687196524,241.2924687196524
1832,412739.5366795367,6856151.785714285,281.5884516956191,231.58845169561909
1833,412194.4824798473,6856467.804512457,290.8850493514855,240.8850493514855
1834,413527.3677566794,6853809.316993653,204.98395113192248,154.98395113192248
1835,414449.9946777369,6855017.540993731,269.56666859722094,219.56666859722094
1836,410064.5338695276,6853268.094207752,169.86526537997213,119.86526537997213
1837,412987.5,6855712.5,285.8249969482422,235.8249969482422
1838,409508.4258916536,6854159.149305448,198.90452575276112,148.9045257527611
1839,413938.8290701775,6856146.145483811,289.74170344158745,239.74170344158745
1840,412521.3172720826,6856022.521865889,267.9483844572774,217.94838445727743
1841,412713.1067817473,6855365.320617816,293.58183938233543,243.58183938233546
1842,414417.9266519866,6856201.002891587,306.85332893315336,256.85332893315336
1843,413620.7920531632,6856831.592457636,320.3505788535923,270.3505788535923
1844,411387.8608118545,6855012.014716343,229.0364563558662,179.03645635586622
1845,410944.084736355,6853336.576362445,177.38898422561783,127.38898422561786
1846,412286.277626372,6853721.883759992,193.68028866128074,143.68028866128074
1847,414837.2947441498,6855882.31809229,324.99473375873214,274.99473375873214
1848,409439.2741637367,6854358.095749865,186.8218742051891,136.82187420518912
1849,411262.5,6853087.5,170.17499923706055,120.17499923706055
1850,411455.859918216,6853138.069689399,171.65252048614016,121.65252048614016
1851,412462.5,6853387.5,178.8499984741211,128.8499984741211
1852,412711.4652744709,6853321.642670884,178.5823894832326,128.5823894832326
1853,412931.9950392101,6853233.448952983,181.6247828735137,131.62478287351368
1854,413113.4992913157,6853244.06413614,186.60513238115976,136.60513238115976
1855,413798.1057007331,6854032.109411306,203.03672204654586,153.03672204654583
1856,409387.5,6853987.5,176.42499923706055,126.42499923706055
1857,409537.5,6853687.5,164.85000610351562,114.85000610351562
1858,409797.5587386549,6853586.408629451,175.81555979483193,125.81555979483193
1859,409602.611346244,6853528.332394286,163.8381178732779,113.8381178732779
1860,410464.8354215989,6853026.708844084,165.5702078137288,115.57020781372883
1861,410812.5,6852974.21875,166.29739125569662,116.29739125569661
1862,409912.5,6854212.5,197.25,147.25
1863,410849.8373523672,6854516.107155678,203.10304785494995,153.10304785494995
1864,414424.8039956624,6856024.222920381,289.6179477269239,239.6179477269239
1865,414268.0780329625,6855862.163413435,287.18968988772565,237.18968988772562
1866,413719.1968942075,6855931.699222388,276.38303148169246,226.38303148169248
1867,413586.1054917594,6856152.738442316,274.15173136708245,224.15173136708248
1868,413129.1329505563,6855938.894508241,259.6853441025397,209.68534410253966
1869,412966.0241509731,6856105.539358601,261.5543027068908,211.55430270689075
1870,412384.5330484721,6855930.504928477,247.13298744233688,197.13298744233688
1871,412123.8683108336,6855973.119028619,251.74394283069,201.74394283069
1872,412394.3648440598,6856409.686358922,265.5420696012793,215.54206960127928
1873,412547.9351180627,6856243.634596696,265.41822804196374,215.41822804196374
1874,412276.2639034153,6856259.641553055,270.6617299967126,220.6617299967126
1875,412213.7720357081,6856105.876763612,258.1533433704711,208.15334337047105
1876,411419.7931785196,6854122.913642961,212.32741395552978,162.3274139555298
1877,411458.9397957741,6856405.379591548,283.79352844986073,233.79352844986076
1878,412680.5789954569,6856936.388777125,287.5292484198255,237.52924841982554
1879,413914.848054656,6854645.859950042,221.40590330112508,171.40590330112508
1880,411756.1977992558,6854350.482853105,220.82520267386315,170.82520267386315
1881,412325.3243498364,6855506.758247596,269.25587826056346,219.25587826056343
1882,411787.5,6853237.5,173.77499771118164,123.77499771118164
1883,413587.5,6853312.5,187.47500228881836,137.47500228881836
1884,413720.7032654376,6853451.966892328,190.67358179687488,140.67358179687486
1885,413721.4002335742,6853706.588335374,198.15439681642738,148.15439681642738
1886,413951.4040732917,6854206.83774909,206.0718896345153,156.0718896345153
1887,414331.9600876429,6854593.546942731,217.2636782688068,167.2636782688068
1888,414457.3766604594,6854732.391660882,228.41092291442675,178.41092291442675
1889,414646.4802451495,6854963.778498085,249.75356318339396,199.75356318339396
1890,414787.8080730918,6855324.436824868,264.42105081192165,214.42105081192165
1891,414992.6886204027,6855639.983247147,287.74108797183027,237.7410879718302
1892,410065.3814773708,6853080.358803147,164.11554614610543,114.11554614610543
1893,410377.2358762494,6854358.339412643,204.66949055004307,154.66949055004307
1894,410340.998665176,6854090.203563618,219.50132788579413,169.50132788579415
1895,410512.5,6854512.5,205.54999923706055,155.54999923706055
1896,411014.9898562941,6854410.540642533,216.26432880853883,166.26432880853883
1897,411271.4364299768,6854425.842895915,211.0706781178306,161.07067811783057
1898,411556.1154594448,6855241.967003233,239.9680708360787,189.96807083607868
1899,411560.4585521431,6855719.459167388,253.27882925026051,203.27882925026054
1900,411331.15022331,6856390.207533271,270.46536138225474,220.4653613822547
1901,414562.5,6856162.5,292.125,242.125
1902,412917.9213322864,6855876.238781146,256.1635204465021,206.1635204465021
1903,412687.5,6855937.5,260.12500381469727,210.12500381469727
1904,413887.5,6856312.5,286.3000030517578,236.3000030517578
1905,414412.5,6855617.307692308,326.5730731670528,276.5730731670528
1906,412810.0580197524,6856599.556198804,284.3628140991962,234.36281409919627
1907,415079.3363264769,6855795.879443786,292.2107097450463,242.21070974504624
1908,410062.5,6853980.157342657,210.32692430403307,160.32692430403307
1909,413138.7079134464,6856250.839252935,263.42787847402417,213.42787847402417
1910,413881.797707712,6855780.3198062,292.981406377758,242.98140637775796
1911,413441.1463765754,6855868.232426119,288.87605064428345,238.87605064428348
1912,411705.1003063336,6856017.742834343,264.3981741341298,214.39817413412982
1913,412531.4051885973,6855641.097785844,268.1512228362904,218.1512228362904
1914,413636.1254217126,6856543.880627326,310.55702876337676,260.5570287633768
1915,412229.0541210453,6856757.263833348,280.75159341600676,230.75159341600676
1916,409870.4286560264,6853342.040562985,168.2029838102605,118.2029838102605
1917,413775.0,6856125.0,272.0,222.0
1918,412600.3331746032,6854056.819841269,217.60855578123835,167.60855578123832
1919,413272.9531473235,6853340.560915018,191.76208184721864,141.76208184721864
1920,412087.5,6853546.960227272,187.8628965723674,137.86289657236736
1921,411637.5,6853275.0,174.9000015258789,124.9000015258789
1922,413424.5287899915,6853300.393711498,186.71050406744874,136.7105040674487
1923,410662.5,6853050.0,167.04999542236328,117.04999542236328
1924,411112.5,6853125.0,169.8000030517578,119.80000305175781
1925,409726.9245517661,6854211.045386744,194.2594672916336,144.25946729163363
1926,410693.5331364897,6854529.809540904,205.48649846433997,155.48649846433997
1927,411600.0,6855862.5,266.6999969482422,216.6999969482422
1928,414112.5,6855825.0,293.1000061035156,243.10000610351562
1929,413459.8831007631,6856188.196939562,279.6136053554588,229.61360535545884
1930,413287.5,6855900.0,278.8000030517578,228.8000030517578
1931,413636.6008908818,6856275.430838032,282.7147107051244,232.71471070512442
1932,411870.3461002056,6853463.733354958,192.19754589345712,142.19754589345712
1933,411536.6275701726,6854838.689165144,224.89810746108193,174.89810746108193
1934,411802.2321428572,6855412.5,236.8125025885495,186.8125025885495
1935,412649.4971120705,6856420.756831231,267.0852209969738,217.08522099697382
1936,414567.4101995641,6855333.094364248,290.0429776782844,240.04297767828444
1937,412957.9843645893,6857414.306720053,335.9808036296256,285.98080362962554
1938,412097.7205843231,6854550.69095458,241.0071343288484,191.0071343288484
1939,412369.818199229,6856574.970798181,274.86385799246494,224.86385799246494
1940,410259.9383379614,6853150.68453698,169.00822193887336,119.00822193887335
1941,410951.7797134712,6853097.853504396,168.07604182359304,118.07604182359307
1942,413299.9269517377,6856158.626723219,266.9953588181174,216.99535881811738
1943,411469.4940873455,6854491.001258725,207.20340403884356,157.2034040388436
1944,412697.0019950574,6855698.98640061,270.11618455238846,220.1161845523885
1945,412394.8715897389,6855716.946214259,260.9674851582954,210.9674851582954
1946,412263.2413787777,6855702.536072901,259.81771685673965,209.81771685673968
1947,414016.7879810003,6854396.332538906,210.9199865799672,160.9199865799672
1948,414148.5312357206,6854564.685716933,220.49150646651853,170.4915064665185
1949,412237.5,6853502.028361148,181.56365997939105,131.56365997939105
1950,414106.6552056244,6856081.683560022,290.51967183167994,240.51967183167994
1951,414262.5697166917,6856075.793249759,293.14137796234934,243.14137796234937
1952,413093.8876731367,6855006.640555636,284.02734255549694,234.0273425554969
1953,411898.8118196962,6856570.146752039,304.7732996801844,254.7732996801844
1954,411043.311712861,6854085.4008749,206.18801473698073,156.18801473698076
1955,414594.06704404,6855821.680887432,309.6494921617123,259.6494921617124
1956,411677.1258837498,6854654.186422974,221.4079854134608,171.4079854134608
1957,414819.4700112771,6855496.127040536,287.4930866392833,237.4930866392833
1958,411175.9964530578,6853708.26221803,192.7374048638105,142.73740486381047
1959,413845.8087967925,6856636.221677287,298.6960090498697,248.69600904986976
1960,413264.1645570231,6857085.161315203,332.117117167501,282.117117167501
1961,410119.727777651,6854140.36461004,199.3939790372754,149.39397903727536
1962,413521.4276847437,6854063.385515304,210.5366534887686,160.5366534887686
1963,413210.1090216651,6854436.573698918,226.75741732327228,176.7574173232723
1964,413710.7142857143,6853837.5,202.33571733746984,152.33571733746984
1965,414618.754642411,6855110.817336448,270.44560506662935,220.4456050666294
1966,413569.9535883726,6855947.685319918,274.2586938261385,224.25869382613848
1967,411527.1423056667,6856013.248976335,259.2183039786093,209.2183039786093
1968,411583.1137346291,6856168.978567038,277.4933876657507,227.49338766575067
1969,414074.688538206,6856425.311461794,309.6177103352874,259.6177103352875
1970,414417.8064395718,6855803.347739326,298.1729763723896,248.17297637238968
1971,411150.0,6854287.5,215.3000030517578,165.3000030517578
1972,412636.2162162162,6856612.5,269.03215356775206,219.03215356775206
1973,413714.5811043095,6855454.783160806,306.7437040540022,256.74370405400214
1974,414805.1568137622,6856076.708856758,308.25215482513534,258.2521548251353
1975,414672.7531003254,6855988.45130608,292.0300862082952,242.03008620829516
1976,409544.402836561,6853469.583098572,159.6908773328465,109.6908773328465
1977,413652.7763729399,6856094.434610579,265.97234907847525,215.97234907847528
1978,412321.133262118,6855870.126232119,239.77441998477863,189.77441998477863
1979,409433.9793517649,6855168.437682313,241.82717879518785,191.82717879518785
1980,409146.2837837838,6854755.743243244,205.50014352067564,155.50014352067564
1981,409475.2700553479,6854823.786683366,212.90939325821512,162.9093932582151
1982,409052.3648648649,6854456.193693694,182.64600056977864,132.64600056977864
1983,409763.4121468106,6854746.341905954,200.8342806315106,150.8342806315106
1984,408967.5234286737,6855493.460501253,200.49152645366348,150.49152645366348
1985,408900.0,6854775.0,182.3000030517578,132.3000030517578
1986,409652.4059794833,6855705.985231785,254.06524015678218,204.06524015678218
1987,408779.0474480059,6855357.689942816,161.7955604738152,111.79556047381516
1988,408034.2334426945,6855484.233442695,149.3671457233518,99.36714572335175
1989,408175.4689517955,6855559.718098825,153.14423476920453,103.14423476920452
1990,408487.2629770334,6855603.153834551,144.40302469426803,94.40302469426803
1991,408949.7769012359,6855224.971963719,175.268330450125,125.26833045012499
1992,408940.3153153153,6854600.825825826,174.19912860422764,124.19912860422765
1993,409236.8990632657,6854515.032170119,178.85159993732964,128.85159993732964
1994,409837.5,6855787.5,243.75,193.75
1995,409762.5,6855637.5,233.4749984741211,183.4749984741211
1996,409753.525353426,6855325.635065832,235.31301279319345,185.31301279319342
1997,409684.6651080178,6855046.928730651,233.03336605211575,183.03336605211575
1998,409857.241494492,6855155.009113783,226.6974570510801,176.6974570510801
1999,409582.3117431655,6854598.793880107,188.21421972677467,138.21421972677467
2000,408762.6878677728,6855554.501531396,160.91260481361252,110.9126048136125
2001,409843.7406567695,6854964.760209674,212.70952519368225,162.70952519368225
2002,409615.7137502159,6855519.449441407,250.2402238199117,200.24022381991176
2003,409157.0124918113,6855057.427439563,211.8780653274913,161.8780653274913
2004,407986.0382552493,6855604.689382444,173.63119995006085,123.63119995006085
2005,409387.9663779375,6854588.336568119,183.2284424103709,133.22844241037092
2006,409925.1964302523,6855068.953864692,210.69612404345025,160.69612404345028
2007,409266.8197637135,6855472.088858024,254.79297327178563,204.79297327178568
2008,408754.8807788421,6854775.0,152.86075918536972,102.8607591853697
2009,407591.0673354397,6855392.974097934,192.96491982151196,142.96491982151196
2010,407519.0026991959,6855104.825913882,174.77474870610507,124.77474870610507
2011,407220.2853236825,6855596.583080978,190.64081257838052,140.64081257838052
2012,407894.6355796978,6855291.268563639,143.08411879138683,93.08411879138681
2013,407512.5,6854887.5,139.57500076293945,89.57500076293945
2014,407662.3987372477,6855016.005350335,138.9679261708956,88.96792617089558
2015,407287.5,6855412.5,172.5500030517578,122.55000305175781
2016,407802.6765085017,6855498.171247609,166.0073121204521,116.0073121204521
2017,407361.1330386606,6855057.832273412,156.02271124466614,106.02271124466611
2018,407400.1864418543,6855234.417977961,175.04486198106588,125.04486198106589
2019,407676.7447434432,6855195.375939943,154.71239301235792,104.71239301235792
2020,407111.3213309206,6855599.145770244,175.02199798594555,125.02199798594555
2021,407444.3110966291,6855582.85762505,196.79570415897325,146.79570415897325
2022,407637.8714350349,6855580.607731459,204.7264027339708,154.7264027339708
2023,407442.2831632653,6854817.283163265,120.54356941736238,70.54356941736238
2024,407639.9797474496,6854905.701070067,127.08100802468644,77.08100802468644
2025,406530.6136989468,6855057.164677172,190.7215183400367,140.7215183400367
2026,405207.2169743983,6855093.467525697,185.8040058787974,135.8040058787974
2027,404935.8287288837,6855330.489510917,166.46034636096226,116.46034636096225
2028,406906.6693039312,6854822.452096739,156.98427891814234,106.98427891814235
2029,405330.9428849303,6854648.985959434,125.57218957592008,75.57218957592008
2030,404870.672283033,6855096.899647216,138.69395754052485,88.69395754052485
2031,405621.81660558,6854505.54341753,111.24095351159163,61.24095351159164
2032,406619.9146431998,6854636.484372909,133.40866673568542,83.40866673568539
2033,406925.5672665992,6855178.32634548,193.5233672473994,143.5233672473994
2034,405187.5,6855787.5,188.89999771118164,138.89999771118164
2035,404714.5278346069,6853674.526360104,94.11103405256597,44.11103405256597
2036,406082.1413724514,6854823.663000255,164.67686739870047,114.67686739870047
2037,405005.6499898178,6854653.676757123,116.05299232420158,66.05299232420158
2038,405219.2537842289,6854157.019001739,104.88568260247065,54.88568260247065
2039,407237.5,6854787.5,143.86944834391286,93.86944834391286
2040,406769.9858358438,6855486.599900623,204.94817173805464,154.94817173805464
2041,404594.932547801,6853466.003765729,81.52516800170879,31.525168001708796
2042,404718.8616071428,6855489.732142857,138.32762588041157,88.32762588041156
2043,404675.8326475761,6855163.842806745,127.0613967704806,77.0613967704806
2044,404712.7785935435,6854989.03463628,109.82362854974176,59.823628549741755
2045,404945.8493082009,6853602.587005329,81.16780404710408,31.167804047104088
2046,405784.88610093,6854355.090569588,95.4292929374058,45.429292937405805
2047,406667.1306633143,6854431.487563477,106.1559544279972,56.1559544279972
2048,406840.1735157779,6854536.132004732,118.7657302861957,68.76573028619572
2049,407141.6626707386,6855239.760906497,167.65301384113843,117.65301384113843
2050,404977.9409731936,6853801.016769622,90.7508111640265,40.75081116402651
2051,405037.5,6855862.5,157.25000381469727,107.25000381469727
2052,404587.5,6853762.5,88.20000076293945,38.20000076293945
2053,407062.5,6854587.5,117.0250015258789,67.0250015258789
2054,407044.6022533117,6855407.812450372,186.47863091013127,136.47863091013127
2055,405751.8218922393,6855296.597943424,191.149293117557,141.14929311755694
2056,405166.443155051,6853923.728834163,89.14115497336245,39.141154973362454
2057,404807.0282443789,6854561.158483296,100.313363210582,50.31336321058201
2058,406330.4281896622,6854629.927269829,133.6255319369138,83.6255319369138
2059,405926.533026126,6854540.208557421,122.25149028605733,72.25149028605732
2060,405110.3628250443,6855524.552437082,198.18671557013158,148.18671557013158
2061,406142.8609377952,6855430.97369014,226.057217547486,176.057217547486
2062,405413.3466421843,6854286.653357816,110.74235019490061,60.74235019490061
2063,404550.3869506352,6853322.443969478,76.54710918983358,26.54710918983358
2064,405497.2562469837,6855645.232585875,223.50861265143124,173.50861265143124
2065,406146.6575126057,6854490.57815363,112.41074809703345,62.41074809703345
2066,407137.3427487527,6855036.148478388,159.92618442213046,109.92618442213048
2067,406489.9962137394,6854448.30677916,114.6892352451082,64.68923524510822
2068,404865.8218696296,6854828.604843455,118.69793847558418,68.69793847558415
2069,406456.8341722381,6855532.236141521,220.61108813445753,170.6110881344575
2070,404796.4166839711,6854690.573347312,103.98475324285354,53.984753242853536
2071,405113.7065871113,6854403.673685161,107.02967782781958,57.02967782781958
2072,405634.325834643,6854851.518720809,144.59947449006876,94.59947449006877
2073,404765.7957523766,6855328.084158248,147.20023489356248,97.20023489356245
2074,404909.375,6855540.625,168.57430773311202,118.57430773311202
2075,405833.4045049033,6855621.044711672,232.9761224628906,182.97612246289057
2076,406316.725988001,6854409.83031466,100.9452270858377,50.9452270858377
2077,404535.0773901271,6853254.488793896,75.39335126406111,25.393351264061103
2078,410662.5,6855200.0,252.96666971842455,202.9666697184245
2079,410214.9131709426,6855428.749951927,267.2307312304058,217.2307312304058
2080,411062.6689396175,6855977.953422567,311.5489986063751,261.5489986063751
2081,410255.3571428572,6854850.0,221.72856903076212,171.72856903076212
2082,411193.2923843728,6855501.003471444,269.0739848621441,219.07398486214407
2083,411070.8739628456,6854755.378947538,221.36734798185927,171.36734798185927
2084,410053.3244550501,6854562.547639538,212.57654386665763,162.57654386665763
2085,410189.4374518406,6855806.054096471,264.09579147044036,214.09579147044036
2086,409911.1892078643,6854455.363948505,194.77507035203976,144.77507035203976
2087,409771.7111509831,6854425.670493564,183.6793167697263,133.67931676972634
2088,410089.3142078643,6854352.238948505,197.91665825996427,147.9166582599643
2089,411337.5,6856087.5,275.2000045776367,225.20000457763672
2090,410002.8084371305,6855624.550674733,232.4833617315327,182.48336173153274
2091,409924.7246070024,6855482.274098153,231.86219708785129,181.86219708785129
2092,409983.6896296575,6855333.08734168,228.28218745290593,178.28218745290593
2093,411253.8116783366,6854688.856548266,218.54145725379678,168.54145725379684
2094,411487.5,6855487.5,237.47499465942383,187.47499465942383
2095,410060.1374392979,6855197.32976759,221.9644037495813,171.9644037495813
2096,410063.0659721388,6854930.357142857,213.05606267811726,163.05606267811723
2097,410518.6224489796,6854870.754987516,220.07397991881217,170.07397991881214
2098,410812.5,6854925.979729258,237.05907355208075,187.05907355208075
2099,410068.4905661003,6855923.523408153,258.32259312519983,208.32259312519983
2100,409664.0351918305,6854398.028415594,179.51624807227316,129.51624807227316
2101,411227.1146394724,6855752.95474586,282.27888300016645,232.27888300016645
2102,411046.2855661208,6855021.890525256,238.9577587808797,188.9577587808797
2103,411087.4070748299,6855278.858736574,239.78254243362346,189.78254243362346
2104,410753.0809704849,6855699.198773346,307.8860294597911,257.8860294597911
2105,411329.5472631817,6855919.734694738,277.2115239907855,227.21152399078554
2106,410669.7704081633,6854740.613726544,215.1314769502894,165.13147695028943
2107,410265.3266085746,6854600.006805648,207.24179373841443,157.24179373841443
2108,411105.0758319818,6856204.402346441,281.10078931774274,231.10078931774274
2109,411154.9371282365,6854603.847099161,212.33164866634922,162.33164866634917
2110,409987.3341268508,6854843.571428572,199.74214297520479,149.74214297520479
2111,410824.3004460213,6854722.798551257,205.939148420047,155.939148420047
2112,410074.9154722102,6854751.640430945,211.12540129203484,161.12540129203484
2113,410228.7482389742,6855076.415652326,228.13188549061528,178.13188549061528
2114,411315.5332432005,6855323.727034669,238.26272815788255,188.26272815788258
2115,409616.0087979576,6854437.007103899,170.2267414976515,120.22674149765147
2116,411363.4529195842,6854697.214137066,208.96154294515648,158.9615429451565
2117,411557.7168367347,6855417.283163265,225.02131340544702,175.02131340544702
2118,411407.7168367347,6856157.716836735,258.37762789545883,208.37762789545883
2119,404826.9750004029,6854134.72673278,91.42205610518224,41.42205610518222
2120,404786.5452856114,6854281.615410087,91.64285178275561,41.64285178275562
2121,408801.7945139002,6852804.064869683,260.10057931916975,210.10057931916978
2122,408369.8188675104,6853044.303632232,260.6045899018689,210.60458990186893
2123,409140.6722705423,6852648.011432171,265.5310432574221,215.53104325742206
2124,406153.1108755055,6853707.466225219,179.6431100316789,129.64311003167887
2125,406691.2271953049,6853534.683275626,187.83211728074787,137.83211728074787
2126,407165.880757508,6853506.792509046,176.57605588049205,126.57605588049202
2127,405863.2015240949,6853598.007935223,164.65794529935425,114.65794529935425
2128,406479.6608188574,6853849.162008203,182.92621892594502,132.92621892594502
