date_obs_elab,resultat_obs_elab,grandeur_hydro_elab,libelle_qualification,specific_discharge
1971-01-01,0.032,QmnJ,Bonne,0.0026622296173044926
1971-01-02,0.034,QmnJ,Bonne,0.0028286189683860235
1971-01-03,0.038,QmnJ,Bonne,0.003161397670549085
1971-01-04,0.036,QmnJ,Bonne,0.002995008319467554
1971-01-05,0.033,QmnJ,Bonne,0.0027454242928452582
1971-01-06,0.033,QmnJ,Bonne,0.0027454242928452582
1971-01-07,0.039,QmnJ,Bonne,0.0032445923460898505
1971-01-08,0.037,QmnJ,Bonne,0.0030782029950083196
1971-01-09,0.036,QmnJ,Bonne,0.002995008319467554
1971-01-10,0.033,QmnJ,Bonne,0.0027454242928452582
1971-01-11,0.032,QmnJ,Bonne,0.0026622296173044926
1971-01-12,0.034,QmnJ,Bonne,0.0028286189683860235
1971-01-13,0.037,QmnJ,Bonne,0.0030782029950083196
1971-01-14,0.037,QmnJ,Bonne,0.0030782029950083196
1971-01-15,0.035,QmnJ,Bonne,0.002911813643926789
1971-01-16,0.033,QmnJ,Bonne,0.0027454242928452582
1971-01-17,0.04,QmnJ,Bonne,0.0033277870216306157
1971-01-18,0.038,QmnJ,Bonne,0.003161397670549085
1971-01-19,0.051,QmnJ,Bonne,0.004242928452579035
1971-01-20,0.086,QmnJ,Bonne,0.007154742096505824
1971-01-21,0.151,QmnJ,Bonne,0.012562396006655574
1971-01-22,0.093,QmnJ,Bonne,0.007737104825291182
1971-01-23,0.268,QmnJ,Bonne,0.02229617304492513
1971-01-24,0.197,QmnJ,Bonne,0.016389351081530782
1971-01-25,0.301,QmnJ,Bonne,0.025041597337770383
1971-01-26,0.561,QmnJ,Bonne,0.04667221297836939
1971-01-27,0.319,QmnJ,Bonne,0.026539101497504162
1971-01-28,0.227,QmnJ,Bonne,0.018885191347753745
1971-01-29,0.227,QmnJ,Bonne,0.018885191347753745
1971-01-30,0.317,QmnJ,Bonne,0.02637271214642263
1971-01-31,0.199,QmnJ,Bonne,0.016555740432612313
1971-02-01,0.172,QmnJ,Bonne,0.014309484193011647
1971-02-02,0.155,QmnJ,Bonne,0.012895174708818636
1971-02-03,0.145,QmnJ,Bonne,0.012063227953410981
1971-02-04,0.145,QmnJ,Bonne,0.012063227953410981
1971-02-05,0.142,QmnJ,Bonne,0.011813643926788684
1971-02-06,0.132,QmnJ,Bonne,0.010981697171381033
1971-02-07,0.123,QmnJ,Bonne,0.010232945091514144
1971-02-08,0.116,QmnJ,Bonne,0.009650582362728786
1971-02-09,0.116,QmnJ,Bonne,0.009650582362728786
1971-02-10,0.108,QmnJ,Bonne,0.008985024958402662
1971-02-11,0.106,QmnJ,Bonne,0.008818635607321131
1971-02-12,0.106,QmnJ,Bonne,0.008818635607321131
1971-02-13,0.114,QmnJ,Bonne,0.009484193011647254
1971-02-14,0.104,QmnJ,Bonne,0.008652246256239601
1971-02-15,0.35,QmnJ,Bonne,0.029118136439267885
1971-02-16,0.224,QmnJ,Bonne,0.01863560732113145
1971-02-17,0.143,QmnJ,Bonne,0.01189683860232945
1971-02-18,0.142,QmnJ,Bonne,0.011813643926788684
1971-02-19,0.158,QmnJ,Bonne,0.013144758735440932
1971-02-20,0.144,QmnJ,Bonne,0.011980033277870216
1971-02-21,0.136,QmnJ,Bonne,0.011314475873544094
1971-02-22,0.127,QmnJ,Bonne,0.010565723793677205
1971-02-23,0.121,QmnJ,Bonne,0.010066555740432612
1971-02-24,0.118,QmnJ,Bonne,0.009816971713810315
1971-02-25,0.116,QmnJ,Bonne,0.009650582362728786
1971-02-26,0.116,QmnJ,Bonne,0.009650582362728786
1971-02-27,0.113,QmnJ,Bonne,0.00940099833610649
1971-02-28,0.109,QmnJ,Bonne,0.009068219633943428
1971-03-01,0.098,QmnJ,Bonne,0.008153078202995009
1971-03-02,0.124,QmnJ,Bonne,0.01031613976705491
1971-03-03,0.109,QmnJ,Bonne,0.009068219633943428
1971-03-04,0.098,QmnJ,Bonne,0.008153078202995009
1971-03-05,0.092,QmnJ,Bonne,0.007653910149750416
1971-03-06,0.096,QmnJ,Bonne,0.007986688851913478
1971-03-07,0.09,QmnJ,Bonne,0.0074875207986688855
1971-03-08,0.088,QmnJ,Bonne,0.007321131447587354
1971-03-09,0.088,QmnJ,Bonne,0.007321131447587354
1971-03-10,0.088,QmnJ,Bonne,0.007321131447587354
1971-03-11,0.088,QmnJ,Bonne,0.007321131447587354
1971-03-12,0.086,QmnJ,Bonne,0.007154742096505824
1971-03-13,0.08,QmnJ,Bonne,0.0066555740432612314
1971-03-14,0.103,QmnJ,Bonne,0.008569051580698836
1971-03-15,0.098,QmnJ,Bonne,0.008153078202995009
1971-03-16,0.109,QmnJ,Bonne,0.009068219633943428
1971-03-17,0.17,QmnJ,Bonne,0.014143094841930118
1971-03-18,0.293,QmnJ,Bonne,0.024376039933444258
1971-03-19,0.165,QmnJ,Bonne,0.013727121464226291
1971-03-20,0.139,QmnJ,Bonne,0.011564059900166391
1971-03-21,0.146,QmnJ,Bonne,0.012146422628951747
1971-03-22,0.136,QmnJ,Bonne,0.011314475873544094
1971-03-23,0.115,QmnJ,Bonne,0.00956738768718802
1971-03-24,0.106,QmnJ,Bonne,0.008818635607321131
1971-03-25,0.106,QmnJ,Bonne,0.008818635607321131
1971-03-26,0.124,QmnJ,Bonne,0.01031613976705491
1971-03-27,0.115,QmnJ,Bonne,0.00956738768718802
1971-03-28,0.109,QmnJ,Bonne,0.009068219633943428
1971-03-29,0.106,QmnJ,Bonne,0.008818635607321131
1971-03-30,0.106,QmnJ,Bonne,0.008818635607321131
1971-03-31,0.098,QmnJ,Bonne,0.008153078202995009
1971-04-01,0.096,QmnJ,Bonne,0.007986688851913478
1971-04-02,0.104,QmnJ,Bonne,0.008652246256239601
1971-04-03,0.106,QmnJ,Bonne,0.008818635607321131
1971-04-04,0.101,QmnJ,Bonne,0.008402662229617306
1971-04-05,0.096,QmnJ,Bonne,0.007986688851913478
1971-04-06,0.096,QmnJ,Bonne,0.007986688851913478
1971-04-07,0.096,QmnJ,Bonne,0.007986688851913478
1971-04-08,0.12,QmnJ,Bonne,0.009983361064891847
1971-04-09,0.14,QmnJ,Bonne,0.011647254575707157
1971-04-10,0.112,QmnJ,Bonne,0.009317803660565725
1971-04-11,0.101,QmnJ,Bonne,0.008402662229617306
1971-04-12,0.096,QmnJ,Bonne,0.007986688851913478
1971-04-13,0.094,QmnJ,Bonne,0.007820299500831946
1971-04-14,0.088,QmnJ,Bonne,0.007321131447587354
1971-04-15,0.088,QmnJ,Bonne,0.007321131447587354
1971-04-16,0.088,QmnJ,Bonne,0.007321131447587354
1971-04-17,0.086,QmnJ,Bonne,0.007154742096505824
1971-04-18,0.079,QmnJ,Bonne,0.006572379367720466
1971-04-19,0.072,QmnJ,Bonne,0.005990016638935108
1971-04-20,0.072,QmnJ,Bonne,0.005990016638935108
1971-04-21,0.07,QmnJ,Bonne,0.005823627287853578
1971-04-22,0.072,QmnJ,Bonne,0.005990016638935108
1971-04-23,0.146,QmnJ,Bonne,0.012146422628951747
1971-04-24,0.103,QmnJ,Bonne,0.008569051580698836
1971-04-25,0.084,QmnJ,Bonne,0.006988352745424293
1971-04-26,0.168,QmnJ,Bonne,0.013976705490848586
1971-04-27,0.11,QmnJ,Bonne,0.009151414309484194
1971-04-28,0.082,QmnJ,Bonne,0.006821963394342763
1971-04-29,0.076,QmnJ,Bonne,0.00632279534109817
1971-04-30,0.07,QmnJ,Bonne,0.005823627287853578
1971-05-01,0.064,QmnJ,Bonne,0.005324459234608985
1971-05-02,0.054,QmnJ,Bonne,0.004492512479201331
1971-05-03,0.048,QmnJ,Bonne,0.003993344425956739
1971-05-04,0.048,QmnJ,Bonne,0.003993344425956739
1971-05-05,0.046,QmnJ,Bonne,0.003826955074875208
1971-05-06,0.065,QmnJ,Bonne,0.005407653910149751
1971-05-07,0.054,QmnJ,Bonne,0.004492512479201331
1971-05-08,0.048,QmnJ,Bonne,0.003993344425956739
1971-05-09,0.039,QmnJ,Bonne,0.0032445923460898505
1971-05-10,0.035,QmnJ,Bonne,0.002911813643926789
1971-05-11,0.031,QmnJ,Bonne,0.0025790349417637273
1971-05-12,0.031,QmnJ,Bonne,0.0025790349417637273
1971-05-13,0.03,QmnJ,Bonne,0.0024958402662229617
1971-05-14,0.034,QmnJ,Bonne,0.0028286189683860235
1971-05-15,0.037,QmnJ,Bonne,0.0030782029950083196
1971-05-16,0.047,QmnJ,Bonne,0.003910149750415973
1971-05-17,0.037,QmnJ,Bonne,0.0030782029950083196
1971-05-18,0.032,QmnJ,Bonne,0.0026622296173044926
1971-05-19,0.032,QmnJ,Bonne,0.0026622296173044926
1971-05-20,0.038,QmnJ,Bonne,0.003161397670549085
1971-05-21,0.059,QmnJ,Bonne,0.004908485856905158
1971-05-22,0.04,QmnJ,Bonne,0.0033277870216306157
1971-05-23,0.033,QmnJ,Bonne,0.0027454242928452582
1971-05-24,0.036,QmnJ,Bonne,0.002995008319467554
1971-05-25,0.043,QmnJ,Bonne,0.003577371048252912
1971-05-26,0.042,QmnJ,Bonne,0.0034941763727121466
1971-05-27,0.039,QmnJ,Bonne,0.0032445923460898505
1971-05-28,0.038,QmnJ,Bonne,0.003161397670549085
1971-05-29,0.046,QmnJ,Bonne,0.003826955074875208
1971-05-30,0.095,QmnJ,Bonne,0.007903494176372712
1971-05-31,0.063,QmnJ,Bonne,0.0052412645590682195
1971-06-01,0.04,QmnJ,Bonne,0.0033277870216306157
1971-06-02,0.034,QmnJ,Bonne,0.0028286189683860235
1971-06-03,0.21,QmnJ,Bonne,0.01747088186356073
1971-06-04,0.102,QmnJ,Bonne,0.00848585690515807
1971-06-05,0.058,QmnJ,Bonne,0.004825291181364393
1971-06-06,0.047,QmnJ,Bonne,0.003910149750415973
1971-06-07,0.039,QmnJ,Bonne,0.0032445923460898505
1971-06-08,0.033,QmnJ,Bonne,0.0027454242928452582
1971-06-09,0.046,QmnJ,Bonne,0.003826955074875208
1971-06-10,0.044,QmnJ,Bonne,0.003660565723793677
1971-06-11,0.035,QmnJ,Bonne,0.002911813643926789
1971-06-12,0.036,QmnJ,Bonne,0.002995008319467554
1971-06-13,0.034,QmnJ,Bonne,0.0028286189683860235
1971-06-14,0.035,QmnJ,Bonne,0.002911813643926789
1971-06-15,0.03,QmnJ,Bonne,0.0024958402662229617
1971-06-16,0.029,QmnJ,Bonne,0.0024126455906821965
1971-06-17,0.031,QmnJ,Bonne,0.0025790349417637273
1971-06-18,0.032,QmnJ,Bonne,0.0026622296173044926
1971-06-19,0.031,QmnJ,Bonne,0.0025790349417637273
1971-06-20,0.028,QmnJ,Bonne,0.0023294509151414312
1971-06-21,0.024,QmnJ,Bonne,0.0019966722129783694
1971-06-22,0.024,QmnJ,Bonne,0.0019966722129783694
1971-06-23,0.022,QmnJ,Bonne,0.0018302828618968385
1971-06-24,0.019,QmnJ,Bonne,0.0015806988352745424
1971-06-25,0.021,QmnJ,Bonne,0.0017470881863560733
1971-06-26,0.023,QmnJ,Bonne,0.001913477537437604
1971-06-27,0.021,QmnJ,Bonne,0.0017470881863560733
1971-06-28,0.026,QmnJ,Bonne,0.0021630615640599003
1971-06-29,0.021,QmnJ,Bonne,0.0017470881863560733
1971-06-30,0.022,QmnJ,Bonne,0.0018302828618968385
1971-07-01,0.019,QmnJ,Bonne,0.0015806988352745424
1971-07-02,0.019,QmnJ,Bonne,0.0015806988352745424
1971-07-03,0.018,QmnJ,Bonne,0.001497504159733777
1971-07-04,0.016,QmnJ,Bonne,0.0013311148086522463
1971-07-05,0.016,QmnJ,Bonne,0.0013311148086522463
1971-07-06,0.014,QmnJ,Bonne,0.0011647254575707156
1971-07-07,0.012,QmnJ,Bonne,0.0009983361064891847
1971-07-08,0.01,QmnJ,Bonne,0.0008319467554076539
1971-07-09,0.01,QmnJ,Bonne,0.0008319467554076539
1971-07-10,0.01,QmnJ,Bonne,0.0008319467554076539
1971-07-11,0.01,QmnJ,Bonne,0.0008319467554076539
1971-07-12,0.009,QmnJ,Bonne,0.0007487520798668885
1971-07-13,0.007,QmnJ,Bonne,0.0005823627287853578
1971-07-14,0.007,QmnJ,Bonne,0.0005823627287853578
1971-07-15,0.007,QmnJ,Bonne,0.0005823627287853578
1971-07-16,0.007,QmnJ,Bonne,0.0005823627287853578
1971-07-17,0.007,QmnJ,Bonne,0.0005823627287853578
1971-07-18,0.007,QmnJ,Bonne,0.0005823627287853578
1971-07-19,0.003,QmnJ,Bonne,0.0002495840266222962
1971-07-20,0.002,QmnJ,Bonne,0.00016638935108153079
1971-07-21,0.005,QmnJ,Bonne,0.00041597337770382697
1971-07-22,0.013,QmnJ,Bonne,0.0010815307820299502
1971-07-23,0.017,QmnJ,Bonne,0.0014143094841930117
1971-07-24,0.011,QmnJ,Bonne,0.0009151414309484193
1971-07-25,0.029,QmnJ,Bonne,0.0024126455906821965
1971-07-26,0.015,QmnJ,Bonne,0.0012479201331114808
1971-07-27,0.01,QmnJ,Bonne,0.0008319467554076539
1971-07-28,0.012,QmnJ,Bonne,0.0009983361064891847
1971-07-29,0.012,QmnJ,Bonne,0.0009983361064891847
1971-07-30,0.01,QmnJ,Bonne,0.0008319467554076539
1971-07-31,0.008,QmnJ,Bonne,0.0006655574043261231
1971-08-01,0.007,QmnJ,Bonne,0.0005823627287853578
1971-08-02,0.007,QmnJ,Bonne,0.0005823627287853578
1971-08-03,0.009,QmnJ,Bonne,0.0007487520798668885
1971-08-04,0.014,QmnJ,Bonne,0.0011647254575707156
1971-08-05,0.024,QmnJ,Bonne,0.0019966722129783694
1971-08-06,0.022,QmnJ,Bonne,0.0018302828618968385
1971-08-07,0.015,QmnJ,Bonne,0.0012479201331114808
1971-08-08,0.011,QmnJ,Bonne,0.0009151414309484193
1971-08-09,0.01,QmnJ,Bonne,0.0008319467554076539
1971-08-10,0.01,QmnJ,Bonne,0.0008319467554076539
1971-08-11,0.009,QmnJ,Bonne,0.0007487520798668885
1971-08-12,0.008,QmnJ,Bonne,0.0006655574043261231
1971-08-13,0.01,QmnJ,Bonne,0.0008319467554076539
1971-08-14,0.021,QmnJ,Bonne,0.0017470881863560733
1971-08-15,0.016,QmnJ,Bonne,0.0013311148086522463
1971-08-16,0.013,QmnJ,Bonne,0.0010815307820299502
1971-08-17,0.009,QmnJ,Bonne,0.0007487520798668885
1971-08-18,0.007,QmnJ,Bonne,0.0005823627287853578
1971-08-19,0.007,QmnJ,Bonne,0.0005823627287853578
1971-08-20,0.007,QmnJ,Bonne,0.0005823627287853578
1971-08-21,0.008,QmnJ,Bonne,0.0006655574043261231
1971-08-22,0.01,QmnJ,Bonne,0.0008319467554076539
1971-08-23,0.01,QmnJ,Bonne,0.0008319467554076539
1971-08-24,0.009,QmnJ,Bonne,0.0007487520798668885
1971-08-25,0.006,QmnJ,Bonne,0.0004991680532445924
1971-08-26,0.004,QmnJ,Bonne,0.00033277870216306157
1971-08-27,0.004,QmnJ,Bonne,0.00033277870216306157
1971-08-28,0.004,QmnJ,Bonne,0.00033277870216306157
1971-11-01,0.0,QmnJ,Bonne,0.0
1971-11-02,0.0,QmnJ,Bonne,0.0
1971-11-03,0.0,QmnJ,Bonne,0.0
1971-11-04,0.0,QmnJ,Bonne,0.0
1971-11-05,0.013,QmnJ,Bonne,0.0010815307820299502
1971-11-06,0.025,QmnJ,Bonne,0.002079866888519135
1971-11-07,0.016,QmnJ,Bonne,0.0013311148086522463
1971-11-08,0.02,QmnJ,Bonne,0.0016638935108153079
1971-11-09,0.032,QmnJ,Bonne,0.0026622296173044926
1971-11-10,0.032,QmnJ,Bonne,0.0026622296173044926
1971-11-11,0.025,QmnJ,Bonne,0.002079866888519135
1971-11-12,0.019,QmnJ,Bonne,0.0015806988352745424
1971-11-13,0.019,QmnJ,Bonne,0.0015806988352745424
1971-11-14,0.02,QmnJ,Bonne,0.0016638935108153079
1971-11-15,0.019,QmnJ,Bonne,0.0015806988352745424
1971-11-16,0.019,QmnJ,Bonne,0.0015806988352745424
1971-11-17,0.019,QmnJ,Bonne,0.0015806988352745424
1971-11-18,0.02,QmnJ,Bonne,0.0016638935108153079
1971-11-19,0.023,QmnJ,Bonne,0.001913477537437604
1971-11-20,0.024,QmnJ,Bonne,0.0019966722129783694
1971-11-21,0.033,QmnJ,Bonne,0.0027454242928452582
1971-11-22,0.031,QmnJ,Bonne,0.0025790349417637273
1971-11-23,0.033,QmnJ,Bonne,0.0027454242928452582
1971-11-24,0.039,QmnJ,Bonne,0.0032445923460898505
1971-11-25,0.036,QmnJ,Bonne,0.002995008319467554
1971-11-26,0.031,QmnJ,Bonne,0.0025790349417637273
1971-11-27,0.028,QmnJ,Bonne,0.0023294509151414312
1971-11-28,0.054,QmnJ,Bonne,0.004492512479201331
1971-11-29,0.037,QmnJ,Bonne,0.0030782029950083196
1971-11-30,0.074,QmnJ,Bonne,0.006156405990016639
1971-12-01,0.043,QmnJ,Bonne,0.003577371048252912
1971-12-02,0.057,QmnJ,Bonne,0.004742096505823627
1971-12-03,0.045,QmnJ,Bonne,0.0037437603993344427
1971-12-04,0.034,QmnJ,Bonne,0.0028286189683860235
1971-12-05,0.032,QmnJ,Bonne,0.0026622296173044926
1971-12-06,0.032,QmnJ,Bonne,0.0026622296173044926
1971-12-07,0.032,QmnJ,Bonne,0.0026622296173044926
1971-12-08,0.032,QmnJ,Bonne,0.0026622296173044926
1971-12-09,0.032,QmnJ,Bonne,0.0026622296173044926
1971-12-10,0.032,QmnJ,Bonne,0.0026622296173044926
1971-12-11,0.032,QmnJ,Bonne,0.0026622296173044926
1971-12-12,0.028,QmnJ,Bonne,0.0023294509151414312
1971-12-13,0.024,QmnJ,Bonne,0.0019966722129783694
1971-12-14,0.024,QmnJ,Bonne,0.0019966722129783694
1971-12-15,0.024,QmnJ,Bonne,0.0019966722129783694
1971-12-16,0.024,QmnJ,Bonne,0.0019966722129783694
1971-12-17,0.024,QmnJ,Bonne,0.0019966722129783694
1971-12-18,0.024,QmnJ,Bonne,0.0019966722129783694
1971-12-19,0.032,QmnJ,Bonne,0.0026622296173044926
1971-12-20,0.037,QmnJ,Bonne,0.0030782029950083196
1971-12-21,0.032,QmnJ,Bonne,0.0026622296173044926
1971-12-22,0.032,QmnJ,Bonne,0.0026622296173044926
1971-12-23,0.031,QmnJ,Bonne,0.0025790349417637273
1971-12-24,0.03,QmnJ,Bonne,0.0024958402662229617
1971-12-25,0.028,QmnJ,Bonne,0.0023294509151414312
1971-12-26,0.028,QmnJ,Bonne,0.0023294509151414312
1971-12-27,0.026,QmnJ,Bonne,0.0021630615640599003
1971-12-28,0.028,QmnJ,Bonne,0.0023294509151414312
1971-12-29,0.028,QmnJ,Bonne,0.0023294509151414312
1971-12-30,0.024,QmnJ,Bonne,0.0019966722129783694
1971-12-31,0.024,QmnJ,Bonne,0.0019966722129783694
1972-01-01,0.024,QmnJ,Bonne,0.0019966722129783694
1972-01-02,0.026,QmnJ,Bonne,0.0021630615640599003
1972-01-03,0.025,QmnJ,Bonne,0.002079866888519135
1972-01-04,0.024,QmnJ,Bonne,0.0019966722129783694
1972-01-05,0.025,QmnJ,Bonne,0.002079866888519135
1972-01-06,0.025,QmnJ,Bonne,0.002079866888519135
1972-01-07,0.024,QmnJ,Bonne,0.0019966722129783694
1972-01-08,0.027,QmnJ,Bonne,0.0022462562396006656
1972-01-09,0.03,QmnJ,Bonne,0.0024958402662229617
1972-01-10,0.041,QmnJ,Bonne,0.0034109816971713814
1972-01-11,0.057,QmnJ,Bonne,0.004742096505823627
1972-01-12,0.076,QmnJ,Bonne,0.00632279534109817
1972-01-13,0.095,QmnJ,Bonne,0.007903494176372712
1972-01-14,0.118,QmnJ,Bonne,0.009816971713810315
1972-01-15,0.142,QmnJ,Bonne,0.011813643926788684
1972-01-16,0.207,QmnJ,Bonne,0.017221297836938435
1972-01-17,0.182,QmnJ,Bonne,0.0151414309484193
1972-01-18,0.1,QmnJ,Bonne,0.00831946755407654
1972-01-19,0.117,QmnJ,Bonne,0.009733777038269551
1972-01-20,0.119,QmnJ,Bonne,0.009900166389351081
1972-01-21,0.088,QmnJ,Bonne,0.007321131447587354
1972-01-22,0.073,QmnJ,Bonne,0.0060732113144758735
1972-01-23,0.074,QmnJ,Bonne,0.006156405990016639
1972-01-24,0.116,QmnJ,Bonne,0.009650582362728786
1972-01-25,0.104,QmnJ,Bonne,0.008652246256239601
1972-01-26,0.186,QmnJ,Bonne,0.015474209650582363
1972-01-27,0.162,QmnJ,Bonne,0.013477537437603994
1972-01-28,0.158,QmnJ,Bonne,0.013144758735440932
1972-01-29,0.131,QmnJ,Bonne,0.010898502495840267
1972-02-07,0.142,QmnJ,Bonne,0.011813643926788684
1972-02-08,0.148,QmnJ,Bonne,0.012312811980033278
1972-02-09,0.153,QmnJ,Bonne,0.012728785357737105
1972-02-10,0.155,QmnJ,Bonne,0.012895174708818636
1972-02-11,0.423,QmnJ,Bonne,0.03519134775374376
1972-02-12,0.307,QmnJ,Bonne,0.025540765391014974
1972-02-13,0.942,QmnJ,Bonne,0.078369384359401
1972-02-14,1.03,QmnJ,Bonne,0.08569051580698836
1972-02-15,0.882,QmnJ,Bonne,0.07337770382695508
1972-02-16,0.746,QmnJ,Bonne,0.06206322795341098
1972-02-17,0.622,QmnJ,Bonne,0.05174708818635607
1972-02-18,0.509,QmnJ,Bonne,0.04234608985024959
1972-02-19,0.397,QmnJ,Bonne,0.03302828618968386
1972-02-20,0.297,QmnJ,Bonne,0.02470881863560732
1972-02-21,0.265,QmnJ,Bonne,0.02204658901830283
1972-02-22,0.251,QmnJ,Bonne,0.020881863560732114
1972-02-23,0.235,QmnJ,Bonne,0.019550748752079867
1972-02-24,0.217,QmnJ,Bonne,0.018053244592346092
1972-02-25,0.202,QmnJ,Bonne,0.016805324459234612
1972-02-26,0.188,QmnJ,Bonne,0.015640599001663893
1972-02-28,0.165,QmnJ,Bonne,0.013727121464226291
1972-02-29,0.158,QmnJ,Bonne,0.013144758735440932
1972-03-01,0.161,QmnJ,Bonne,0.013394342762063229
1972-03-02,0.153,QmnJ,Bonne,0.012728785357737105
1972-03-03,0.297,QmnJ,Bonne,0.02470881863560732
1972-03-04,0.353,QmnJ,Bonne,0.029367720465890184
1972-03-05,0.73,QmnJ,Bonne,0.06073211314475874
1972-03-06,0.494,QmnJ,Bonne,0.0410981697171381
1972-03-07,0.446,QmnJ,Bonne,0.037104825291181365
1972-03-08,0.398,QmnJ,Bonne,0.03311148086522463
1972-03-09,0.35,QmnJ,Bonne,0.029118136439267885
1972-03-10,0.303,QmnJ,Bonne,0.025207986688851915
1972-03-11,0.262,QmnJ,Bonne,0.021797004991680535
1972-03-12,0.228,QmnJ,Bonne,0.01896838602329451
1972-03-13,0.209,QmnJ,Bonne,0.017387687188019967
1972-03-14,0.194,QmnJ,Bonne,0.016139767054908487
1972-03-15,0.186,QmnJ,Bonne,0.015474209650582363
1972-03-16,0.176,QmnJ,Bonne,0.014642262895174708
1972-03-17,0.173,QmnJ,Bonne,0.014392678868552411
1972-03-18,0.163,QmnJ,Bonne,0.01356073211314476
1972-03-19,0.144,QmnJ,Bonne,0.011980033277870216
1972-03-20,0.131,QmnJ,Bonne,0.010898502495840267
1972-03-21,0.135,QmnJ,Bonne,0.011231281198003328
1972-03-22,0.135,QmnJ,Bonne,0.011231281198003328
1972-03-23,0.135,QmnJ,Bonne,0.011231281198003328
1972-03-24,0.135,QmnJ,Bonne,0.011231281198003328
1972-03-25,0.135,QmnJ,Bonne,0.011231281198003328
1972-03-26,0.132,QmnJ,Bonne,0.010981697171381033
1972-03-27,0.128,QmnJ,Bonne,0.01064891846921797
1972-03-28,0.121,QmnJ,Bonne,0.010066555740432612
1972-03-29,0.108,QmnJ,Bonne,0.008985024958402662
1972-03-30,0.106,QmnJ,Bonne,0.008818635607321131
1972-03-31,0.106,QmnJ,Bonne,0.008818635607321131
1972-04-01,0.098,QmnJ,Bonne,0.008153078202995009
1972-04-02,0.096,QmnJ,Bonne,0.007986688851913478
1972-04-03,0.096,QmnJ,Bonne,0.007986688851913478
1972-04-04,0.145,QmnJ,Bonne,0.012063227953410981
1972-04-05,0.125,QmnJ,Bonne,0.010399334442595675
1972-04-06,0.136,QmnJ,Bonne,0.011314475873544094
1972-04-07,0.127,QmnJ,Bonne,0.010565723793677205
1972-04-08,0.109,QmnJ,Bonne,0.009068219633943428
1972-04-09,0.218,QmnJ,Bonne,0.018136439267886856
1972-04-10,0.145,QmnJ,Bonne,0.012063227953410981
1972-04-11,0.136,QmnJ,Bonne,0.011314475873544094
1972-04-12,0.119,QmnJ,Bonne,0.009900166389351081
1972-04-13,0.106,QmnJ,Bonne,0.008818635607321131
1972-04-14,0.172,QmnJ,Bonne,0.014309484193011647
1972-04-15,0.113,QmnJ,Bonne,0.00940099833610649
1972-04-16,0.093,QmnJ,Bonne,0.007737104825291182
1972-04-17,0.088,QmnJ,Bonne,0.007321131447587354
1972-04-18,0.088,QmnJ,Bonne,0.007321131447587354
1972-04-19,0.086,QmnJ,Bonne,0.007154742096505824
1972-04-20,0.088,QmnJ,Bonne,0.007321131447587354
1972-04-21,0.09,QmnJ,Bonne,0.0074875207986688855
1972-04-22,0.088,QmnJ,Bonne,0.007321131447587354
1972-04-23,0.088,QmnJ,Bonne,0.007321131447587354
1972-04-24,0.086,QmnJ,Bonne,0.007154742096505824
1972-04-25,0.082,QmnJ,Bonne,0.006821963394342763
1972-04-26,0.072,QmnJ,Bonne,0.005990016638935108
1972-04-27,0.072,QmnJ,Bonne,0.005990016638935108
1972-04-28,0.072,QmnJ,Bonne,0.005990016638935108
1972-04-29,0.123,QmnJ,Bonne,0.010232945091514144
1972-04-30,0.127,QmnJ,Bonne,0.010565723793677205
1972-05-01,0.093,QmnJ,Bonne,0.007737104825291182
1972-05-02,0.086,QmnJ,Bonne,0.007154742096505824
1972-05-03,0.08,QmnJ,Bonne,0.0066555740432612314
1972-05-04,0.085,QmnJ,Bonne,0.007071547420965059
1972-05-05,0.245,QmnJ,Bonne,0.02038269550748752
1972-05-06,0.128,QmnJ,Bonne,0.01064891846921797
1972-05-07,0.101,QmnJ,Bonne,0.008402662229617306
1972-05-08,0.088,QmnJ,Bonne,0.007321131447587354
1972-05-09,0.099,QmnJ,Bonne,0.008236272878535775
1972-05-10,0.095,QmnJ,Bonne,0.007903494176372712
1972-05-11,0.096,QmnJ,Bonne,0.007986688851913478
1972-05-12,0.137,QmnJ,Bonne,0.01139767054908486
1972-05-13,0.122,QmnJ,Bonne,0.010149750415973378
1972-05-14,0.095,QmnJ,Bonne,0.007903494176372712
1972-05-15,0.086,QmnJ,Bonne,0.007154742096505824
1972-05-16,0.084,QmnJ,Bonne,0.006988352745424293
1972-05-17,0.08,QmnJ,Bonne,0.0066555740432612314
1972-05-18,0.08,QmnJ,Bonne,0.0066555740432612314
1972-05-19,0.074,QmnJ,Bonne,0.006156405990016639
1972-05-20,0.072,QmnJ,Bonne,0.005990016638935108
1972-05-21,0.07,QmnJ,Bonne,0.005823627287853578
1972-05-22,0.072,QmnJ,Bonne,0.005990016638935108
1972-05-23,0.084,QmnJ,Bonne,0.006988352745424293
1972-05-24,0.122,QmnJ,Bonne,0.010149750415973378
1972-05-25,0.091,QmnJ,Bonne,0.00757071547420965
1972-05-26,0.094,QmnJ,Bonne,0.007820299500831946
1972-05-27,0.08,QmnJ,Bonne,0.0066555740432612314
1972-05-28,0.076,QmnJ,Bonne,0.00632279534109817
1972-05-29,0.071,QmnJ,Bonne,0.005906821963394342
1972-05-30,0.067,QmnJ,Bonne,0.005574043261231282
1972-05-31,0.064,QmnJ,Bonne,0.005324459234608985
1972-06-01,0.094,QmnJ,Bonne,0.007820299500831946
1972-06-02,0.098,QmnJ,Bonne,0.008153078202995009
1972-06-03,0.08,QmnJ,Bonne,0.0066555740432612314
1972-06-04,0.282,QmnJ,Bonne,0.023460898502495837
1972-06-05,0.19,QmnJ,Bonne,0.015806988352745424
1972-06-06,0.116,QmnJ,Bonne,0.009650582362728786
1972-06-07,0.109,QmnJ,Bonne,0.009068219633943428
1972-06-08,0.093,QmnJ,Bonne,0.007737104825291182
1972-06-09,0.093,QmnJ,Bonne,0.007737104825291182
1972-06-10,0.105,QmnJ,Bonne,0.008735440931780365
1972-06-11,0.104,QmnJ,Bonne,0.008652246256239601
1972-06-12,0.094,QmnJ,Bonne,0.007820299500831946
1972-06-13,0.088,QmnJ,Bonne,0.007321131447587354
1972-06-14,0.078,QmnJ,Bonne,0.006489184692179701
1972-06-15,0.071,QmnJ,Bonne,0.005906821963394342
1972-06-16,0.069,QmnJ,Bonne,0.005740432612312813
1972-06-17,0.067,QmnJ,Bonne,0.005574043261231282
1972-06-18,0.067,QmnJ,Bonne,0.005574043261231282
1972-06-19,0.071,QmnJ,Bonne,0.005906821963394342
1972-06-20,0.064,QmnJ,Bonne,0.005324459234608985
1972-06-21,0.061,QmnJ,Bonne,0.005074875207986689
1972-06-22,0.06,QmnJ,Bonne,0.004991680532445923
1972-06-23,0.059,QmnJ,Bonne,0.004908485856905158
1972-06-24,0.056,QmnJ,Bonne,0.0046589018302828624
1972-06-25,0.056,QmnJ,Bonne,0.0046589018302828624
1972-06-26,0.053,QmnJ,Bonne,0.0044093178036605655
1972-06-27,0.058,QmnJ,Bonne,0.004825291181364393
1972-06-28,0.061,QmnJ,Bonne,0.005074875207986689
1972-06-29,0.058,QmnJ,Bonne,0.004825291181364393
1972-06-30,0.056,QmnJ,Bonne,0.0046589018302828624
1972-07-01,0.06,QmnJ,Bonne,0.004991680532445923
1972-07-02,0.056,QmnJ,Bonne,0.0046589018302828624
1972-07-03,0.054,QmnJ,Bonne,0.004492512479201331
1972-07-04,0.053,QmnJ,Bonne,0.0044093178036605655
1972-07-05,0.053,QmnJ,Bonne,0.0044093178036605655
1972-07-06,0.048,QmnJ,Bonne,0.003993344425956739
1972-07-07,0.045,QmnJ,Bonne,0.0037437603993344427
1972-07-08,0.04,QmnJ,Bonne,0.0033277870216306157
1972-07-09,0.04,QmnJ,Bonne,0.0033277870216306157
1972-07-10,0.039,QmnJ,Bonne,0.0032445923460898505
1972-07-11,0.035,QmnJ,Bonne,0.002911813643926789
1972-07-12,0.033,QmnJ,Bonne,0.0027454242928452582
1972-07-13,0.03,QmnJ,Bonne,0.0024958402662229617
1972-07-14,0.029,QmnJ,Bonne,0.0024126455906821965
1972-07-15,0.026,QmnJ,Bonne,0.0021630615640599003
1972-07-16,0.028,QmnJ,Bonne,0.0023294509151414312
1972-07-17,0.029,QmnJ,Bonne,0.0024126455906821965
1972-07-18,0.03,QmnJ,Bonne,0.0024958402662229617
1972-07-19,0.029,QmnJ,Bonne,0.0024126455906821965
1972-07-20,0.03,QmnJ,Bonne,0.0024958402662229617
1972-07-21,0.029,QmnJ,Bonne,0.0024126455906821965
1972-07-22,0.031,QmnJ,Bonne,0.0025790349417637273
1972-07-23,0.059,QmnJ,Bonne,0.004908485856905158
1972-07-24,0.051,QmnJ,Bonne,0.004242928452579035
1972-07-25,0.035,QmnJ,Bonne,0.002911813643926789
1972-07-26,0.027,QmnJ,Bonne,0.0022462562396006656
1972-07-27,0.024,QmnJ,Bonne,0.0019966722129783694
1972-07-28,0.024,QmnJ,Bonne,0.0019966722129783694
1972-07-29,0.024,QmnJ,Bonne,0.0019966722129783694
1972-07-30,0.024,QmnJ,Bonne,0.0019966722129783694
1972-07-31,0.024,QmnJ,Bonne,0.0019966722129783694
1972-08-01,0.024,QmnJ,Bonne,0.0019966722129783694
1972-08-02,0.024,QmnJ,Bonne,0.0019966722129783694
1972-08-03,0.022,QmnJ,Bonne,0.0018302828618968385
1972-08-04,0.019,QmnJ,Bonne,0.0015806988352745424
1972-08-05,0.019,QmnJ,Bonne,0.0015806988352745424
1972-08-06,0.017,QmnJ,Bonne,0.0014143094841930117
1972-08-07,0.014,QmnJ,Bonne,0.0011647254575707156
1972-08-08,0.021,QmnJ,Bonne,0.0017470881863560733
1972-08-09,0.014,QmnJ,Bonne,0.0011647254575707156
1972-08-10,0.012,QmnJ,Bonne,0.0009983361064891847
1972-08-11,0.009,QmnJ,Bonne,0.0007487520798668885
1972-08-12,0.008,QmnJ,Bonne,0.0006655574043261231
1972-08-13,0.014,QmnJ,Bonne,0.0011647254575707156
1972-08-14,0.019,QmnJ,Bonne,0.0015806988352745424
1972-08-15,0.018,QmnJ,Bonne,0.001497504159733777
1972-08-16,0.014,QmnJ,Bonne,0.0011647254575707156
1972-08-17,0.013,QmnJ,Bonne,0.0010815307820299502
1972-08-18,0.013,QmnJ,Bonne,0.0010815307820299502
1972-08-19,0.012,QmnJ,Bonne,0.0009983361064891847
1972-08-20,0.01,QmnJ,Bonne,0.0008319467554076539
1972-08-21,0.01,QmnJ,Bonne,0.0008319467554076539
1972-08-22,0.009,QmnJ,Bonne,0.0007487520798668885
1972-08-23,0.007,QmnJ,Bonne,0.0005823627287853578
1972-08-24,0.006,QmnJ,Bonne,0.0004991680532445924
1972-08-25,0.004,QmnJ,Bonne,0.00033277870216306157
1972-08-26,0.002,QmnJ,Bonne,0.00016638935108153079
1972-08-27,0.005,QmnJ,Bonne,0.00041597337770382697
1972-08-28,0.007,QmnJ,Bonne,0.0005823627287853578
1972-08-29,0.009,QmnJ,Bonne,0.0007487520798668885
1972-08-30,0.009,QmnJ,Bonne,0.0007487520798668885
1972-08-31,0.006,QmnJ,Bonne,0.0004991680532445924
1972-09-01,0.003,QmnJ,Bonne,0.0002495840266222962
1972-09-02,0.0,QmnJ,Bonne,0.0
1972-09-03,0.0,QmnJ,Bonne,0.0
1972-09-04,0.008,QmnJ,Bonne,0.0006655574043261231
1972-09-05,0.007,QmnJ,Bonne,0.0005823627287853578
1972-09-06,0.007,QmnJ,Bonne,0.0005823627287853578
1972-09-07,0.007,QmnJ,Bonne,0.0005823627287853578
1972-09-08,0.007,QmnJ,Bonne,0.0005823627287853578
1972-09-09,0.05,QmnJ,Bonne,0.00415973377703827
1972-09-10,0.042,QmnJ,Bonne,0.0034941763727121466
1972-09-11,0.022,QmnJ,Bonne,0.0018302828618968385
1972-09-12,0.019,QmnJ,Bonne,0.0015806988352745424
1972-09-13,0.019,QmnJ,Bonne,0.0015806988352745424
1972-09-14,0.017,QmnJ,Bonne,0.0014143094841930117
1972-09-15,0.018,QmnJ,Bonne,0.001497504159733777
1972-09-16,0.016,QmnJ,Bonne,0.0013311148086522463
1972-09-17,0.016,QmnJ,Bonne,0.0013311148086522463
1972-09-18,0.016,QmnJ,Bonne,0.0013311148086522463
1972-09-19,0.017,QmnJ,Bonne,0.0014143094841930117
1972-09-20,0.019,QmnJ,Bonne,0.0015806988352745424
1972-09-21,0.019,QmnJ,Bonne,0.0015806988352745424
1972-09-22,0.016,QmnJ,Bonne,0.0013311148086522463
1972-09-23,0.013,QmnJ,Bonne,0.0010815307820299502
1972-09-24,0.012,QmnJ,Bonne,0.0009983361064891847
1972-09-25,0.01,QmnJ,Bonne,0.0008319467554076539
1972-09-26,0.009,QmnJ,Bonne,0.0007487520798668885
1972-09-27,0.009,QmnJ,Bonne,0.0007487520798668885
1972-09-28,0.007,QmnJ,Bonne,0.0005823627287853578
1972-09-29,0.009,QmnJ,Bonne,0.0007487520798668885
1972-09-30,0.01,QmnJ,Bonne,0.0008319467554076539
1972-10-01,0.01,QmnJ,Bonne,0.0008319467554076539
1972-10-02,0.01,QmnJ,Bonne,0.0008319467554076539
1972-10-03,0.011,QmnJ,Bonne,0.0009151414309484193
1972-10-04,0.01,QmnJ,Bonne,0.0008319467554076539
1972-10-05,0.009,QmnJ,Bonne,0.0007487520798668885
1972-10-06,0.007,QmnJ,Bonne,0.0005823627287853578
1972-10-07,0.007,QmnJ,Bonne,0.0005823627287853578
1972-10-08,0.007,QmnJ,Bonne,0.0005823627287853578
1972-10-09,0.01,QmnJ,Bonne,0.0008319467554076539
1972-10-10,0.026,QmnJ,Bonne,0.0021630615640599003
1972-10-11,0.03,QmnJ,Bonne,0.0024958402662229617
1972-10-12,0.022,QmnJ,Bonne,0.0018302828618968385
1972-10-13,0.019,QmnJ,Bonne,0.0015806988352745424
1972-10-14,0.019,QmnJ,Bonne,0.0015806988352745424
1972-10-15,0.018,QmnJ,Bonne,0.001497504159733777
1972-10-16,0.016,QmnJ,Bonne,0.0013311148086522463
1972-10-17,0.016,QmnJ,Bonne,0.0013311148086522463
1972-10-18,0.016,QmnJ,Bonne,0.0013311148086522463
1972-10-19,0.016,QmnJ,Bonne,0.0013311148086522463
1972-10-20,0.016,QmnJ,Bonne,0.0013311148086522463
1972-10-21,0.016,QmnJ,Bonne,0.0013311148086522463
1972-10-22,0.016,QmnJ,Bonne,0.0013311148086522463
1972-10-23,0.016,QmnJ,Bonne,0.0013311148086522463
1972-10-24,0.016,QmnJ,Bonne,0.0013311148086522463
1972-10-25,0.016,QmnJ,Bonne,0.0013311148086522463
1972-10-26,0.016,QmnJ,Bonne,0.0013311148086522463
1972-10-27,0.027,QmnJ,Bonne,0.0022462562396006656
1972-10-28,0.028,QmnJ,Bonne,0.0023294509151414312
1972-10-29,0.022,QmnJ,Bonne,0.0018302828618968385
1972-10-30,0.028,QmnJ,Bonne,0.0023294509151414312
1972-10-31,0.029,QmnJ,Bonne,0.0024126455906821965
1972-11-01,0.024,QmnJ,Bonne,0.0019966722129783694
1972-11-02,0.022,QmnJ,Bonne,0.0018302828618968385
1972-11-03,0.019,QmnJ,Bonne,0.0015806988352745424
1972-11-04,0.019,QmnJ,Bonne,0.0015806988352745424
1972-11-05,0.018,QmnJ,Bonne,0.001497504159733777
1972-11-06,0.016,QmnJ,Bonne,0.0013311148086522463
1972-11-07,0.018,QmnJ,Bonne,0.001497504159733777
1972-11-08,0.018,QmnJ,Bonne,0.001497504159733777
1972-11-09,0.017,QmnJ,Bonne,0.0014143094841930117
1972-11-10,0.023,QmnJ,Bonne,0.001913477537437604
1972-11-11,0.026,QmnJ,Bonne,0.0021630615640599003
1972-11-13,0.03,QmnJ,Bonne,0.0024958402662229617
1972-11-14,0.178,QmnJ,Bonne,0.01480865224625624
1972-11-15,0.043,QmnJ,Bonne,0.003577371048252912
1972-11-16,0.103,QmnJ,Bonne,0.008569051580698836
1972-11-17,0.08,QmnJ,Bonne,0.0066555740432612314
1972-11-18,0.055,QmnJ,Bonne,0.004575707154742097
1972-11-27,0.042,QmnJ,Bonne,0.0034941763727121466
1972-11-28,0.04,QmnJ,Bonne,0.0033277870216306157
1972-11-29,0.038,QmnJ,Bonne,0.003161397670549085
1972-11-30,0.055,QmnJ,Bonne,0.004575707154742097
1972-12-01,0.052,QmnJ,Bonne,0.004326123128119801
1972-12-02,0.191,QmnJ,Bonne,0.01589018302828619
1972-12-03,0.093,QmnJ,Bonne,0.007737104825291182
1972-12-04,0.083,QmnJ,Bonne,0.006905158069883528
1972-12-05,0.087,QmnJ,Bonne,0.0072379367720465885
1972-12-06,0.09,QmnJ,Bonne,0.0074875207986688855
1972-12-07,0.094,QmnJ,Bonne,0.007820299500831946
1972-12-08,0.097,QmnJ,Bonne,0.008069883527454243
1972-12-09,0.101,QmnJ,Bonne,0.008402662229617306
1972-12-10,0.168,QmnJ,Bonne,0.013976705490848586
1972-12-11,0.226,QmnJ,Bonne,0.01880199667221298
1972-12-12,0.224,QmnJ,Bonne,0.01863560732113145
1972-12-13,0.498,QmnJ,Bonne,0.041430948419301165
1972-12-14,0.216,QmnJ,Bonne,0.017970049916805324
1972-12-15,0.178,QmnJ,Bonne,0.01480865224625624
1972-12-16,0.173,QmnJ,Bonne,0.014392678868552411
1972-12-17,0.158,QmnJ,Bonne,0.013144758735440932
1972-12-18,0.144,QmnJ,Bonne,0.011980033277870216
1972-12-19,0.135,QmnJ,Bonne,0.011231281198003328
1972-12-20,0.135,QmnJ,Bonne,0.011231281198003328
1972-12-21,0.132,QmnJ,Bonne,0.010981697171381033
1972-12-22,0.126,QmnJ,Bonne,0.010482529118136439
1972-12-23,0.126,QmnJ,Bonne,0.010482529118136439
1972-12-24,0.121,QmnJ,Bonne,0.010066555740432612
1972-12-25,0.116,QmnJ,Bonne,0.009650582362728786
1972-12-26,0.122,QmnJ,Bonne,0.010149750415973378
1972-12-27,0.133,QmnJ,Bonne,0.011064891846921799
1972-12-28,0.184,QmnJ,Bonne,0.015307820299500832
1972-12-29,0.249,QmnJ,Bonne,0.020715474209650583
1972-12-30,0.142,QmnJ,Bonne,0.011813643926788684
1972-12-31,0.125,QmnJ,Bonne,0.010399334442595675
1973-01-01,0.123,QmnJ,Bonne,0.010232945091514144
1973-01-02,0.116,QmnJ,Bonne,0.009650582362728786
1973-01-03,0.111,QmnJ,Bonne,0.00923460898502496
1973-01-04,0.116,QmnJ,Bonne,0.009650582362728786
1973-01-05,0.113,QmnJ,Bonne,0.00940099833610649
1973-01-06,0.106,QmnJ,Bonne,0.008818635607321131
1973-01-07,0.103,QmnJ,Bonne,0.008569051580698836
1973-01-08,0.101,QmnJ,Bonne,0.008402662229617306
1973-01-09,0.096,QmnJ,Bonne,0.007986688851913478
1973-01-10,0.096,QmnJ,Bonne,0.007986688851913478
1973-01-11,0.096,QmnJ,Bonne,0.007986688851913478
1973-01-12,0.096,QmnJ,Bonne,0.007986688851913478
1973-01-13,0.101,QmnJ,Bonne,0.008402662229617306
1973-01-22,0.127,QmnJ,Bonne,0.010565723793677205
1973-01-23,0.133,QmnJ,Bonne,0.011064891846921799
1973-01-24,0.132,QmnJ,Bonne,0.010981697171381033
1973-01-25,0.128,QmnJ,Bonne,0.01064891846921797
1973-01-26,0.126,QmnJ,Bonne,0.010482529118136439
1973-01-27,0.13,QmnJ,Bonne,0.010815307820299502
1973-01-28,0.13,QmnJ,Bonne,0.010815307820299502
1973-01-29,0.116,QmnJ,Bonne,0.009650582362728786
1973-01-30,0.116,QmnJ,Bonne,0.009650582362728786
1973-01-31,0.116,QmnJ,Bonne,0.009650582362728786
1973-02-01,0.125,QmnJ,Bonne,0.010399334442595675
1973-02-02,0.122,QmnJ,Bonne,0.010149750415973378
1973-02-03,0.108,QmnJ,Bonne,0.008985024958402662
1973-02-04,0.106,QmnJ,Bonne,0.008818635607321131
1973-02-05,0.106,QmnJ,Bonne,0.008818635607321131
1973-02-06,0.106,QmnJ,Bonne,0.008818635607321131
1973-02-07,0.106,QmnJ,Bonne,0.008818635607321131
1973-02-08,0.106,QmnJ,Bonne,0.008818635607321131
1973-02-09,0.121,QmnJ,Bonne,0.010066555740432612
1973-02-10,0.105,QmnJ,Bonne,0.008735440931780365
1973-02-19,0.096,QmnJ,Bonne,0.007986688851913478
1973-02-20,0.096,QmnJ,Bonne,0.007986688851913478
1973-02-21,0.096,QmnJ,Bonne,0.007986688851913478
1973-02-22,0.096,QmnJ,Bonne,0.007986688851913478
1973-02-23,0.096,QmnJ,Bonne,0.007986688851913478
1973-02-24,0.122,QmnJ,Bonne,0.010149750415973378
1973-02-25,0.145,QmnJ,Bonne,0.012063227953410981
1973-02-26,0.13,QmnJ,Bonne,0.010815307820299502
1973-02-27,0.103,QmnJ,Bonne,0.008569051580698836
1973-02-28,0.09,QmnJ,Bonne,0.0074875207986688855
1973-03-01,0.088,QmnJ,Bonne,0.007321131447587354
1973-03-02,0.088,QmnJ,Bonne,0.007321131447587354
1973-03-03,0.088,QmnJ,Bonne,0.007321131447587354
1973-03-04,0.084,QmnJ,Bonne,0.006988352745424293
1973-03-05,0.077,QmnJ,Bonne,0.006405990016638935
1973-03-06,0.073,QmnJ,Bonne,0.0060732113144758735
1973-03-07,0.069,QmnJ,Bonne,0.005740432612312813
1973-03-08,0.065,QmnJ,Bonne,0.005407653910149751
1973-03-09,0.062,QmnJ,Bonne,0.005158069883527455
1973-03-10,0.059,QmnJ,Bonne,0.004908485856905158
1973-03-11,0.053,QmnJ,Bonne,0.0044093178036605655
1973-03-12,0.05,QmnJ,Bonne,0.00415973377703827
1973-03-13,0.05,QmnJ,Bonne,0.00415973377703827
1973-03-14,0.05,QmnJ,Bonne,0.00415973377703827
1973-03-15,0.05,QmnJ,Bonne,0.00415973377703827
1973-03-16,0.048,QmnJ,Bonne,0.003993344425956739
1973-03-17,0.043,QmnJ,Bonne,0.003577371048252912
1973-03-18,0.043,QmnJ,Bonne,0.003577371048252912
1973-03-19,0.038,QmnJ,Bonne,0.003161397670549085
1973-03-20,0.037,QmnJ,Bonne,0.0030782029950083196
1973-03-21,0.037,QmnJ,Bonne,0.0030782029950083196
1973-03-22,0.037,QmnJ,Bonne,0.0030782029950083196
1973-03-23,0.037,QmnJ,Bonne,0.0030782029950083196
1973-03-24,0.05,QmnJ,Bonne,0.00415973377703827
1973-03-25,0.05,QmnJ,Bonne,0.00415973377703827
1973-03-26,0.045,QmnJ,Bonne,0.0037437603993344427
1973-03-27,0.041,QmnJ,Bonne,0.0034109816971713814
1973-03-28,0.037,QmnJ,Bonne,0.0030782029950083196
1973-03-29,0.036,QmnJ,Bonne,0.002995008319467554
1973-03-30,0.033,QmnJ,Bonne,0.0027454242928452582
1973-03-31,0.035,QmnJ,Bonne,0.002911813643926789
1973-04-09,0.035,QmnJ,Bonne,0.002911813643926789
1973-04-10,0.032,QmnJ,Bonne,0.0026622296173044926
1973-04-11,0.029,QmnJ,Bonne,0.0024126455906821965
1973-04-12,0.033,QmnJ,Bonne,0.0027454242928452582
1973-04-13,0.037,QmnJ,Bonne,0.0030782029950083196
1973-04-14,0.036,QmnJ,Bonne,0.002995008319467554
1973-04-15,0.033,QmnJ,Bonne,0.0027454242928452582
1973-04-16,0.032,QmnJ,Bonne,0.0026622296173044926
1973-04-17,0.032,QmnJ,Bonne,0.0026622296173044926
1973-04-18,0.032,QmnJ,Bonne,0.0026622296173044926
1973-04-19,0.032,QmnJ,Bonne,0.0026622296173044926
1973-04-20,0.032,QmnJ,Bonne,0.0026622296173044926
1973-04-21,0.034,QmnJ,Bonne,0.0028286189683860235
1973-05-01,0.059,QmnJ,Bonne,0.004908485856905158
1973-05-02,0.048,QmnJ,Bonne,0.003993344425956739
1973-05-03,0.043,QmnJ,Bonne,0.003577371048252912
1973-05-04,0.042,QmnJ,Bonne,0.0034941763727121466
1973-05-05,0.051,QmnJ,Bonne,0.004242928452579035
1973-05-06,0.066,QmnJ,Bonne,0.0054908485856905165
1973-05-07,0.07,QmnJ,Bonne,0.005823627287853578
1973-05-08,0.048,QmnJ,Bonne,0.003993344425956739
1973-05-09,0.042,QmnJ,Bonne,0.0034941763727121466
1973-05-10,0.037,QmnJ,Bonne,0.0030782029950083196
1973-05-11,0.036,QmnJ,Bonne,0.002995008319467554
1973-05-12,0.032,QmnJ,Bonne,0.0026622296173044926
1973-05-13,0.032,QmnJ,Bonne,0.0026622296173044926
1973-05-14,0.031,QmnJ,Bonne,0.0025790349417637273
1973-05-15,0.03,QmnJ,Bonne,0.0024958402662229617
1973-05-16,0.028,QmnJ,Bonne,0.0023294509151414312
1973-05-17,0.041,QmnJ,Bonne,0.0034109816971713814
1973-05-18,0.069,QmnJ,Bonne,0.005740432612312813
1973-05-19,0.091,QmnJ,Bonne,0.00757071547420965
1973-05-20,0.06,QmnJ,Bonne,0.004991680532445923
1973-05-21,0.048,QmnJ,Bonne,0.003993344425956739
1973-05-22,0.051,QmnJ,Bonne,0.004242928452579035
1973-05-23,0.073,QmnJ,Bonne,0.0060732113144758735
1973-05-24,0.052,QmnJ,Bonne,0.004326123128119801
1973-05-25,0.04,QmnJ,Bonne,0.0033277870216306157
1973-05-26,0.035,QmnJ,Bonne,0.002911813643926789
1973-05-27,0.031,QmnJ,Bonne,0.0025790349417637273
1973-05-28,0.031,QmnJ,Bonne,0.0025790349417637273
1973-05-29,0.034,QmnJ,Bonne,0.0028286189683860235
1973-05-30,0.051,QmnJ,Bonne,0.004242928452579035
1973-05-31,0.064,QmnJ,Bonne,0.005324459234608985
1973-06-01,0.046,QmnJ,Bonne,0.003826955074875208
1973-06-02,0.037,QmnJ,Bonne,0.0030782029950083196
1973-06-03,0.035,QmnJ,Bonne,0.002911813643926789
1973-06-04,0.031,QmnJ,Bonne,0.0025790349417637273
1973-06-05,0.028,QmnJ,Bonne,0.0023294509151414312
1973-06-06,0.027,QmnJ,Bonne,0.0022462562396006656
1973-06-07,0.026,QmnJ,Bonne,0.0021630615640599003
1973-06-08,0.024,QmnJ,Bonne,0.0019966722129783694
1973-06-09,0.024,QmnJ,Bonne,0.0019966722129783694
1973-06-10,0.024,QmnJ,Bonne,0.0019966722129783694
1973-06-11,0.024,QmnJ,Bonne,0.0019966722129783694
1973-06-12,0.024,QmnJ,Bonne,0.0019966722129783694
1973-06-13,0.024,QmnJ,Bonne,0.0019966722129783694
1973-06-14,0.022,QmnJ,Bonne,0.0018302828618968385
1973-06-15,0.019,QmnJ,Bonne,0.0015806988352745424
1973-06-16,0.018,QmnJ,Bonne,0.001497504159733777
1973-06-17,0.017,QmnJ,Bonne,0.0014143094841930117
1973-06-18,0.018,QmnJ,Bonne,0.001497504159733777
1973-06-19,0.02,QmnJ,Bonne,0.0016638935108153079
1973-06-20,0.024,QmnJ,Bonne,0.0019966722129783694
1973-06-21,0.022,QmnJ,Bonne,0.0018302828618968385
1973-06-22,0.021,QmnJ,Bonne,0.0017470881863560733
1973-06-23,0.02,QmnJ,Bonne,0.0016638935108153079
1973-06-24,0.018,QmnJ,Bonne,0.001497504159733777
1973-06-25,0.018,QmnJ,Bonne,0.001497504159733777
1973-06-26,0.016,QmnJ,Bonne,0.0013311148086522463
1973-06-27,0.018,QmnJ,Bonne,0.001497504159733777
1973-06-28,0.02,QmnJ,Bonne,0.0016638935108153079
1973-06-29,0.017,QmnJ,Bonne,0.0014143094841930117
1973-06-30,0.016,QmnJ,Bonne,0.0013311148086522463
1973-07-01,0.015,QmnJ,Bonne,0.0012479201331114808
1973-07-02,0.013,QmnJ,Bonne,0.0010815307820299502
1973-07-03,0.013,QmnJ,Bonne,0.0010815307820299502
1973-07-04,0.012,QmnJ,Bonne,0.0009983361064891847
1973-07-05,0.162,QmnJ,Bonne,0.013477537437603994
1973-07-06,0.056,QmnJ,Bonne,0.0046589018302828624
1973-07-07,0.038,QmnJ,Bonne,0.003161397670549085
1973-07-08,0.027,QmnJ,Bonne,0.0022462562396006656
1973-07-09,0.022,QmnJ,Bonne,0.0018302828618968385
1973-07-10,0.019,QmnJ,Bonne,0.0015806988352745424
1973-07-11,0.016,QmnJ,Bonne,0.0013311148086522463
1973-07-12,0.017,QmnJ,Bonne,0.0014143094841930117
1973-07-13,0.018,QmnJ,Bonne,0.001497504159733777
1973-07-14,0.016,QmnJ,Bonne,0.0013311148086522463
1973-07-15,0.016,QmnJ,Bonne,0.0013311148086522463
1973-07-16,0.016,QmnJ,Bonne,0.0013311148086522463
1973-07-17,0.025,QmnJ,Bonne,0.002079866888519135
1973-07-18,0.024,QmnJ,Bonne,0.0019966722129783694
1973-07-19,0.019,QmnJ,Bonne,0.0015806988352745424
1973-07-20,0.017,QmnJ,Bonne,0.0014143094841930117
1973-07-21,0.027,QmnJ,Bonne,0.0022462562396006656
1973-07-22,0.028,QmnJ,Bonne,0.0023294509151414312
1973-07-23,0.034,QmnJ,Bonne,0.0028286189683860235
1973-07-24,0.028,QmnJ,Bonne,0.0023294509151414312
1973-07-25,0.03,QmnJ,Bonne,0.0024958402662229617
1973-07-26,0.026,QmnJ,Bonne,0.0021630615640599003
1973-07-27,0.018,QmnJ,Bonne,0.001497504159733777
1973-07-28,0.016,QmnJ,Bonne,0.0013311148086522463
1973-07-29,0.016,QmnJ,Bonne,0.0013311148086522463
1973-07-30,0.016,QmnJ,Bonne,0.0013311148086522463
1973-07-31,0.015,QmnJ,Bonne,0.0012479201331114808
1973-08-01,0.013,QmnJ,Bonne,0.0010815307820299502
1973-08-02,0.013,QmnJ,Bonne,0.0010815307820299502
1973-08-03,0.011,QmnJ,Bonne,0.0009151414309484193
1973-08-04,0.012,QmnJ,Bonne,0.0009983361064891847
1973-08-05,0.01,QmnJ,Bonne,0.0008319467554076539
1973-08-06,0.014,QmnJ,Bonne,0.0011647254575707156
1973-08-07,0.017,QmnJ,Bonne,0.0014143094841930117
1973-08-08,0.011,QmnJ,Bonne,0.0009151414309484193
1973-08-09,0.01,QmnJ,Bonne,0.0008319467554076539
1973-08-10,0.007,QmnJ,Bonne,0.0005823627287853578
1973-08-11,0.006,QmnJ,Bonne,0.0004991680532445924
1973-08-12,0.005,QmnJ,Bonne,0.00041597337770382697
1973-08-13,0.006,QmnJ,Bonne,0.0004991680532445924
1973-08-14,0.006,QmnJ,Bonne,0.0004991680532445924
1973-08-15,0.004,QmnJ,Bonne,0.00033277870216306157
1973-08-16,0.004,QmnJ,Bonne,0.00033277870216306157
1973-08-17,0.004,QmnJ,Bonne,0.00033277870216306157
1973-08-18,0.004,QmnJ,Bonne,0.00033277870216306157
1973-08-19,0.005,QmnJ,Bonne,0.00041597337770382697
1973-08-20,0.004,QmnJ,Bonne,0.00033277870216306157
1973-08-21,0.004,QmnJ,Bonne,0.00033277870216306157
1973-08-22,0.002,QmnJ,Bonne,0.00016638935108153079
1973-08-23,0.002,QmnJ,Bonne,0.00016638935108153079
1973-08-24,0.001,QmnJ,Bonne,8.319467554076539e-05
1973-08-25,0.002,QmnJ,Bonne,0.00016638935108153079
1973-08-26,0.002,QmnJ,Bonne,0.00016638935108153079
1973-08-27,0.002,QmnJ,Bonne,0.00016638935108153079
1973-08-28,0.001,QmnJ,Bonne,8.319467554076539e-05
1973-08-29,0.001,QmnJ,Bonne,8.319467554076539e-05
1973-08-30,0.001,QmnJ,Bonne,8.319467554076539e-05
1973-08-31,0.001,QmnJ,Bonne,8.319467554076539e-05
1973-09-01,0.0,QmnJ,Bonne,0.0
1973-09-02,0.0,QmnJ,Bonne,0.0
1973-09-03,0.0,QmnJ,Bonne,0.0
1973-09-04,0.0,QmnJ,Bonne,0.0
1973-09-05,0.0,QmnJ,Bonne,0.0
1973-09-06,0.0,QmnJ,Bonne,0.0
1973-09-07,0.0,QmnJ,Bonne,0.0
1973-09-08,0.002,QmnJ,Bonne,0.00016638935108153079
1973-09-09,0.022,QmnJ,Bonne,0.0018302828618968385
1973-09-10,0.01,QmnJ,Bonne,0.0008319467554076539
1973-09-11,0.007,QmnJ,Bonne,0.0005823627287853578
1973-09-12,0.007,QmnJ,Bonne,0.0005823627287853578
1973-09-13,0.007,QmnJ,Bonne,0.0005823627287853578
1973-09-14,0.007,QmnJ,Bonne,0.0005823627287853578
1973-09-15,0.007,QmnJ,Bonne,0.0005823627287853578
1973-09-16,0.006,QmnJ,Bonne,0.0004991680532445924
1973-09-17,0.009,QmnJ,Bonne,0.0007487520798668885
1973-09-18,0.008,QmnJ,Bonne,0.0006655574043261231
1973-09-19,0.012,QmnJ,Bonne,0.0009983361064891847
1973-09-20,0.036,QmnJ,Bonne,0.002995008319467554
1973-09-21,0.019,QmnJ,Bonne,0.0015806988352745424
1973-09-22,0.013,QmnJ,Bonne,0.0010815307820299502
1973-09-23,0.012,QmnJ,Bonne,0.0009983361064891847
1973-09-24,0.01,QmnJ,Bonne,0.0008319467554076539
1973-09-25,0.012,QmnJ,Bonne,0.0009983361064891847
1973-09-26,0.012,QmnJ,Bonne,0.0009983361064891847
1973-09-27,0.01,QmnJ,Bonne,0.0008319467554076539
1973-09-28,0.02,QmnJ,Bonne,0.0016638935108153079
1973-09-29,0.021,QmnJ,Bonne,0.0017470881863560733
1973-09-30,0.018,QmnJ,Bonne,0.001497504159733777
1973-10-01,0.015,QmnJ,Bonne,0.0012479201331114808
1973-10-02,0.012,QmnJ,Bonne,0.0009983361064891847
1973-10-03,0.01,QmnJ,Bonne,0.0008319467554076539
1973-10-04,0.01,QmnJ,Bonne,0.0008319467554076539
1973-10-05,0.01,QmnJ,Bonne,0.0008319467554076539
1973-10-06,0.08,QmnJ,Bonne,0.0066555740432612314
1973-10-07,0.025,QmnJ,Bonne,0.002079866888519135
1973-10-08,0.019,QmnJ,Bonne,0.0015806988352745424
1973-10-09,0.016,QmnJ,Bonne,0.0013311148086522463
1973-10-10,0.016,QmnJ,Bonne,0.0013311148086522463
1973-10-11,0.016,QmnJ,Bonne,0.0013311148086522463
1973-10-12,0.016,QmnJ,Bonne,0.0013311148086522463
1973-10-13,0.024,QmnJ,Bonne,0.0019966722129783694
1973-10-15,0.057,QmnJ,Bonne,0.004742096505823627
1973-10-16,0.194,QmnJ,Bonne,0.016139767054908487
1973-10-17,0.066,QmnJ,Bonne,0.0054908485856905165
1973-10-18,0.044,QmnJ,Bonne,0.003660565723793677
1973-10-19,0.038,QmnJ,Bonne,0.003161397670549085
1973-10-20,0.035,QmnJ,Bonne,0.002911813643926789
1973-11-26,0.022,QmnJ,Bonne,0.0018302828618968385
1973-11-27,0.021,QmnJ,Bonne,0.0017470881863560733
1973-11-28,0.023,QmnJ,Bonne,0.001913477537437604
1973-11-29,0.048,QmnJ,Bonne,0.003993344425956739
1973-11-30,0.04,QmnJ,Bonne,0.0033277870216306157
1973-12-01,0.148,QmnJ,Bonne,0.012312811980033278
1973-12-02,0.064,QmnJ,Bonne,0.005324459234608985
1973-12-03,0.055,QmnJ,Bonne,0.004575707154742097
1973-12-04,0.054,QmnJ,Bonne,0.004492512479201331
1973-12-05,0.053,QmnJ,Bonne,0.0044093178036605655
1973-12-06,0.052,QmnJ,Bonne,0.004326123128119801
1973-12-07,0.052,QmnJ,Bonne,0.004326123128119801
1973-12-08,0.051,QmnJ,Bonne,0.004242928452579035
1973-12-09,0.05,QmnJ,Bonne,0.00415973377703827
1973-12-10,0.045,QmnJ,Bonne,0.0037437603993344427
1973-12-11,0.045,QmnJ,Bonne,0.0037437603993344427
1973-12-12,0.05,QmnJ,Bonne,0.00415973377703827
1973-12-13,0.05,QmnJ,Bonne,0.00415973377703827
1973-12-14,0.048,QmnJ,Bonne,0.003993344425956739
1973-12-15,0.043,QmnJ,Bonne,0.003577371048252912
1973-12-17,0.043,QmnJ,Bonne,0.003577371048252912
1973-12-18,0.043,QmnJ,Bonne,0.003577371048252912
1973-12-19,0.043,QmnJ,Bonne,0.003577371048252912
1973-12-20,0.089,QmnJ,Bonne,0.00740432612312812
1973-12-21,0.059,QmnJ,Bonne,0.004908485856905158
1973-12-22,0.123,QmnJ,Bonne,0.010232945091514144
1973-12-23,0.093,QmnJ,Bonne,0.007737104825291182
1973-12-24,0.086,QmnJ,Bonne,0.007154742096505824
1973-12-25,0.083,QmnJ,Bonne,0.006905158069883528
1973-12-26,0.081,QmnJ,Bonne,0.006738768718801997
1973-12-27,0.079,QmnJ,Bonne,0.006572379367720466
1973-12-28,0.077,QmnJ,Bonne,0.006405990016638935
1973-12-29,0.074,QmnJ,Bonne,0.006156405990016639
1973-12-30,0.082,QmnJ,Bonne,0.006821963394342763
1973-12-31,0.075,QmnJ,Bonne,0.006239600665557404
1974-01-01,0.072,QmnJ,Bonne,0.005990016638935108
1974-01-02,0.068,QmnJ,Bonne,0.005657237936772047
1974-01-03,0.068,QmnJ,Bonne,0.005657237936772047
1974-01-04,0.078,QmnJ,Bonne,0.006489184692179701
1974-01-05,0.153,QmnJ,Bonne,0.012728785357737105
1974-02-11,2.395,QmnJ,Douteuse,0.19925124792013313
1974-02-12,0.865,QmnJ,Bonne,0.07196339434276207
1974-02-13,0.978,QmnJ,Bonne,0.08136439267886855
1974-02-14,0.71,QmnJ,Bonne,0.059068219633943424
1974-02-15,1.832,QmnJ,Douteuse,0.1524126455906822
1974-02-16,0.695,QmnJ,Bonne,0.057820299500831944
1974-12-31,0.075,QmnJ,Bonne,0.006239600665557404
1975-01-01,0.072,QmnJ,Bonne,0.005990016638935108
1975-01-02,0.068,QmnJ,Bonne,0.005657237936772047
1975-01-03,0.068,QmnJ,Bonne,0.005657237936772047
1975-01-04,0.078,QmnJ,Bonne,0.006489184692179701
1975-01-05,0.153,QmnJ,Bonne,0.012728785357737105
1975-01-27,0.814,QmnJ,Bonne,0.06772046589018303
1975-01-28,0.358,QmnJ,Bonne,0.02978369384359401
1975-01-29,0.298,QmnJ,Bonne,0.024792013311148085
1975-01-30,0.263,QmnJ,Bonne,0.0218801996672213
1975-01-31,0.291,QmnJ,Bonne,0.024209650582362727
1975-02-01,0.214,QmnJ,Bonne,0.017803660565723793
1976-11-08,0.347,QmnJ,Bonne,0.02886855241264559
1976-11-09,0.381,QmnJ,Bonne,0.03169717138103161
1976-11-10,0.476,QmnJ,Bonne,0.039600665557404324
1976-11-11,0.488,QmnJ,Bonne,0.04059900166389351
1976-11-12,0.616,QmnJ,Bonne,0.05124792013311148
1976-11-13,0.537,QmnJ,Bonne,0.04467554076539102
1976-11-30,0.704,QmnJ,Bonne,0.05856905158069883
1976-12-01,0.702,QmnJ,Bonne,0.058402662229617305
1976-12-02,0.767,QmnJ,Bonne,0.06381031613976706
1976-12-03,0.661,QmnJ,Bonne,0.05499168053244593
1976-12-04,0.636,QmnJ,Bonne,0.05291181364392679
1976-12-05,0.636,QmnJ,Bonne,0.05291181364392679
1976-12-06,0.807,QmnJ,Bonne,0.06713810316139768
1976-12-07,0.722,QmnJ,Bonne,0.06006655574043261
1976-12-08,0.706,QmnJ,Bonne,0.05873544093178037
1976-12-09,0.702,QmnJ,Bonne,0.058402662229617305
1976-12-10,0.664,QmnJ,Bonne,0.05524126455906823
1976-12-11,0.649,QmnJ,Bonne,0.05399334442595674
1977-01-10,0.276,QmnJ,Bonne,0.02296173044925125
1977-01-11,0.213,QmnJ,Bonne,0.01772046589018303
1977-01-12,0.206,QmnJ,Bonne,0.01713810316139767
1977-01-13,0.468,QmnJ,Bonne,0.038935108153078206
1977-01-14,0.383,QmnJ,Bonne,0.03186356073211315
1977-01-15,0.287,QmnJ,Bonne,0.023876871880199668
1977-01-24,0.274,QmnJ,Bonne,0.02279534109816972
1977-01-25,0.848,QmnJ,Bonne,0.07054908485856905
1977-01-26,0.506,QmnJ,Bonne,0.04209650582362729
1977-01-27,0.589,QmnJ,Bonne,0.049001663893510815
1977-01-28,0.481,QmnJ,Bonne,0.04001663893510815
1977-01-29,0.449,QmnJ,Bonne,0.037354409317803663
1977-01-30,0.401,QmnJ,Bonne,0.033361064891846925
1977-01-31,0.358,QmnJ,Bonne,0.02978369384359401
1977-02-01,0.353,QmnJ,Bonne,0.029367720465890184
1977-02-02,0.353,QmnJ,Bonne,0.029367720465890184
1977-02-03,0.444,QmnJ,Bonne,0.03693843594009984
1977-02-04,0.53,QmnJ,Bonne,0.04409317803660566
1977-02-05,0.516,QmnJ,Bonne,0.042928452579034944
1977-02-06,0.543,QmnJ,Bonne,0.04517470881863561
1977-02-07,0.438,QmnJ,Bonne,0.03643926788685524
1977-02-08,0.413,QmnJ,Bonne,0.034359400998336107
1977-02-09,0.48,QmnJ,Bonne,0.03993344425956739
1977-02-10,0.748,QmnJ,Bonne,0.062229617304492515
1977-02-11,0.567,QmnJ,Bonne,0.047171381031613974
1977-02-12,0.506,QmnJ,Bonne,0.04209650582362729
1977-02-13,0.525,QmnJ,Bonne,0.04367720465890183
1977-02-14,0.579,QmnJ,Bonne,0.04816971713810316
1977-02-15,0.501,QmnJ,Bonne,0.041680532445923464
1977-02-16,0.694,QmnJ,Bonne,0.05773710482529118
1977-02-17,0.836,QmnJ,Bonne,0.06955074875207987
1977-02-18,0.656,QmnJ,Bonne,0.0545757071547421
1977-02-19,0.633,QmnJ,Bonne,0.0526622296173045
1977-02-20,1.503,QmnJ,Douteuse,0.12504159733777037
1977-02-21,0.822,QmnJ,Bonne,0.06838602329450914
1977-02-22,0.87,QmnJ,Bonne,0.0723793677204659
1977-02-23,0.746,QmnJ,Bonne,0.06206322795341098
1977-02-24,0.635,QmnJ,Bonne,0.052828618968386025
1977-02-25,0.577,QmnJ,Bonne,0.04800332778702163
1977-02-26,0.542,QmnJ,Bonne,0.04509151414309485
1977-02-27,0.516,QmnJ,Bonne,0.042928452579034944
1977-02-28,0.517,QmnJ,Bonne,0.04301164725457571
1977-03-01,0.54,QmnJ,Bonne,0.04492512479201331
1977-03-02,0.462,QmnJ,Bonne,0.038435940099833615
1977-03-03,0.413,QmnJ,Bonne,0.034359400998336107
1977-03-04,0.388,QmnJ,Bonne,0.032279534109816974
1977-03-05,0.365,QmnJ,Bonne,0.03036605657237937
1977-03-14,0.532,QmnJ,Bonne,0.044259567387687195
1977-03-15,0.359,QmnJ,Bonne,0.029866888519134775
1977-03-16,0.444,QmnJ,Bonne,0.03693843594009984
1977-03-17,0.37,QmnJ,Bonne,0.030782029950083195
1977-03-18,0.501,QmnJ,Bonne,0.041680532445923464
1977-03-19,0.411,QmnJ,Bonne,0.03419301164725457
1977-12-05,0.347,QmnJ,Bonne,0.02886855241264559
1977-12-06,0.498,QmnJ,Bonne,0.041430948419301165
1977-12-07,0.57,QmnJ,Bonne,0.04742096505823627
1977-12-08,0.624,QmnJ,Bonne,0.05191347753743761
1977-12-09,0.536,QmnJ,Bonne,0.04459234608985026
1977-12-10,0.607,QmnJ,Bonne,0.05049916805324459
1977-12-11,0.67,QmnJ,Bonne,0.05574043261231282
1977-12-12,0.564,QmnJ,Bonne,0.046921797004991675
1977-12-13,0.543,QmnJ,Bonne,0.04517470881863561
1977-12-14,0.53,QmnJ,Bonne,0.04409317803660566
1977-12-15,0.52,QmnJ,Bonne,0.04326123128119801
1977-12-16,0.509,QmnJ,Bonne,0.04234608985024959
1977-12-17,0.498,QmnJ,Bonne,0.041430948419301165
1977-12-18,0.487,QmnJ,Bonne,0.04051580698835275
1977-12-19,0.486,QmnJ,Bonne,0.04043261231281198
1977-12-20,0.487,QmnJ,Bonne,0.04051580698835275
1977-12-21,0.489,QmnJ,Bonne,0.040682196339434276
1977-12-22,0.49,QmnJ,Bonne,0.04076539101497504
1977-12-23,0.491,QmnJ,Bonne,0.04084858569051581
1977-12-24,0.493,QmnJ,Bonne,0.04101497504159734
1977-12-25,0.494,QmnJ,Bonne,0.0410981697171381
1977-12-26,0.495,QmnJ,Bonne,0.04118136439267887
1977-12-27,0.497,QmnJ,Bonne,0.0413477537437604
1977-12-28,0.498,QmnJ,Bonne,0.041430948419301165
1977-12-29,0.499,QmnJ,Bonne,0.04151414309484193
1977-12-30,0.501,QmnJ,Bonne,0.041680532445923464
1977-12-31,0.502,QmnJ,Bonne,0.04176372712146423
1978-01-01,0.503,QmnJ,Bonne,0.04184692179700499
1978-01-02,0.504,QmnJ,Bonne,0.041930116472545756
1978-01-03,0.504,QmnJ,Bonne,0.041930116472545756
1978-01-04,0.497,QmnJ,Bonne,0.0413477537437604
1978-01-05,0.485,QmnJ,Bonne,0.040349417637271213
1978-01-06,0.472,QmnJ,Bonne,0.03926788685524126
1978-01-07,0.466,QmnJ,Bonne,0.03876871880199668
1978-01-08,0.466,QmnJ,Bonne,0.03876871880199668
1978-01-09,0.476,QmnJ,Bonne,0.039600665557404324
1978-01-10,0.472,QmnJ,Bonne,0.03926788685524126
1978-01-11,0.644,QmnJ,Bonne,0.053577371048252914
1978-01-12,0.56,QmnJ,Bonne,0.046589018302828626
1978-01-13,0.529,QmnJ,Bonne,0.044009983361064896
1978-01-14,0.52,QmnJ,Bonne,0.04326123128119801
1978-01-15,0.506,QmnJ,Bonne,0.04209650582362729
1978-01-16,0.51,QmnJ,Bonne,0.04242928452579035
1978-01-17,0.543,QmnJ,Bonne,0.04517470881863561
1978-01-18,0.523,QmnJ,Bonne,0.043510815307820305
1978-01-19,0.597,QmnJ,Bonne,0.04966722129783694
1978-01-20,0.563,QmnJ,Bonne,0.04683860232945091
1978-01-21,0.547,QmnJ,Bonne,0.045507487520798674
1978-01-22,0.645,QmnJ,Bonne,0.05366056572379368
1978-01-23,0.673,QmnJ,Bonne,0.05599001663893512
1978-01-24,0.908,QmnJ,Bonne,0.07554076539101498
1978-01-25,0.711,QmnJ,Bonne,0.059151414309484195
1978-01-26,0.699,QmnJ,Bonne,0.05815307820299501
1978-01-27,0.797,QmnJ,Bonne,0.06630615640599002
1978-01-28,1.546,QmnJ,Douteuse,0.1286189683860233
1978-01-29,0.873,QmnJ,Bonne,0.0726289517470882
1978-01-30,0.759,QmnJ,Bonne,0.06314475873544094
1978-01-31,0.721,QmnJ,Bonne,0.05998336106489185
1978-02-01,0.719,QmnJ,Bonne,0.05981697171381031
1978-02-02,0.688,QmnJ,Bonne,0.05723793677204659
1978-02-03,0.679,QmnJ,Bonne,0.05648918469217971
1978-02-04,0.705,QmnJ,Bonne,0.0586522462562396
1978-02-05,0.68,QmnJ,Bonne,0.05657237936772047
1978-02-06,0.674,QmnJ,Bonne,0.05607321131447588
1978-02-07,0.657,QmnJ,Bonne,0.054658901830282866
1978-02-08,0.654,QmnJ,Bonne,0.05440931780366057
1978-02-09,0.64,QmnJ,Bonne,0.05324459234608985
1978-02-10,0.623,QmnJ,Bonne,0.05183028286189684
1978-02-11,0.617,QmnJ,Bonne,0.051331114808652246
1978-02-12,0.603,QmnJ,Bonne,0.05016638935108153
1978-02-13,0.48,QmnJ,Bonne,0.03993344425956739
1978-02-14,0.335,QmnJ,Bonne,0.02787021630615641
1978-02-15,0.378,QmnJ,Bonne,0.03144758735440932
1978-02-16,0.543,QmnJ,Bonne,0.04517470881863561
1978-02-17,0.336,QmnJ,Bonne,0.027953410981697173
1978-02-18,0.497,QmnJ,Bonne,0.0413477537437604
1978-02-19,0.863,QmnJ,Bonne,0.07179700499168054
1978-02-20,0.483,QmnJ,Bonne,0.040183028286189686
1978-02-21,0.464,QmnJ,Bonne,0.03860232945091514
1978-02-22,0.415,QmnJ,Bonne,0.034525790349417634
1978-02-23,0.38,QmnJ,Bonne,0.03161397670549085
1978-02-24,0.341,QmnJ,Bonne,0.028369384359401003
1978-02-25,0.586,QmnJ,Bonne,0.048752079866888516
1978-02-26,0.584,QmnJ,Bonne,0.04858569051580699
1978-02-27,0.55,QmnJ,Bonne,0.04575707154742097
1978-02-28,0.489,QmnJ,Bonne,0.040682196339434276
1978-03-01,0.451,QmnJ,Bonne,0.03752079866888519
1978-03-02,0.726,QmnJ,Bonne,0.060399334442595674
1978-03-03,0.468,QmnJ,Bonne,0.038935108153078206
1978-03-04,0.398,QmnJ,Bonne,0.03311148086522463
1978-03-13,0.245,QmnJ,Bonne,0.02038269550748752
1978-03-14,0.525,QmnJ,Bonne,0.04367720465890183
1978-03-15,0.358,QmnJ,Bonne,0.02978369384359401
1978-03-16,0.716,QmnJ,Bonne,0.05956738768718802
1978-03-17,0.444,QmnJ,Bonne,0.03693843594009984
1978-03-18,0.332,QmnJ,Bonne,0.027620632279534114
1978-03-19,0.315,QmnJ,Bonne,0.0262063227953411
1978-03-20,0.362,QmnJ,Bonne,0.030116472545757073
1978-03-21,0.328,QmnJ,Bonne,0.02728785357737105
1978-03-22,0.414,QmnJ,Bonne,0.03444259567387687
1978-03-23,0.402,QmnJ,Bonne,0.03344425956738769
1978-03-24,0.332,QmnJ,Bonne,0.027620632279534114
1978-03-25,0.334,QmnJ,Bonne,0.02778702163061564
1978-03-26,0.345,QmnJ,Bonne,0.02870216306156406
1978-03-27,0.348,QmnJ,Bonne,0.028951747088186354
1978-03-28,0.386,QmnJ,Bonne,0.032113144758735446
1978-03-29,0.331,QmnJ,Bonne,0.027537437603993346
1978-03-30,0.308,QmnJ,Bonne,0.02562396006655574
1978-03-31,0.385,QmnJ,Bonne,0.032029950083194675
1978-04-01,0.424,QmnJ,Bonne,0.035274542429284524
1978-04-02,0.365,QmnJ,Bonne,0.03036605657237937
1978-04-03,0.343,QmnJ,Bonne,0.02853577371048253
1978-04-04,0.334,QmnJ,Bonne,0.02778702163061564
1978-04-05,0.328,QmnJ,Bonne,0.02728785357737105
1978-04-06,0.308,QmnJ,Bonne,0.02562396006655574
1978-04-07,0.292,QmnJ,Bonne,0.024292845257903494
1978-04-08,0.281,QmnJ,Bonne,0.023377703826955077
1978-04-09,0.271,QmnJ,Bonne,0.022545757071547424
1978-04-10,0.251,QmnJ,Bonne,0.020881863560732114
1978-04-11,0.251,QmnJ,Bonne,0.020881863560732114
1978-04-12,0.251,QmnJ,Bonne,0.020881863560732114
1978-04-13,0.251,QmnJ,Bonne,0.020881863560732114
1978-04-14,0.246,QmnJ,Bonne,0.020465890183028287
1978-04-15,0.23,QmnJ,Bonne,0.01913477537437604
1978-04-16,0.228,QmnJ,Bonne,0.01896838602329451
1978-04-17,0.236,QmnJ,Bonne,0.01963394342762063
1978-04-18,0.26,QmnJ,Bonne,0.021630615640599003
1978-04-19,0.272,QmnJ,Bonne,0.022628951747088188
1978-04-20,0.296,QmnJ,Bonne,0.024625623960066557
1978-04-21,0.268,QmnJ,Bonne,0.02229617304492513
1978-04-22,0.262,QmnJ,Bonne,0.021797004991680535
1978-04-23,0.248,QmnJ,Bonne,0.02063227953410982
1978-04-24,0.236,QmnJ,Bonne,0.01963394342762063
1978-04-25,0.236,QmnJ,Bonne,0.01963394342762063
1978-04-26,0.25,QmnJ,Bonne,0.02079866888519135
1978-04-27,0.246,QmnJ,Bonne,0.020465890183028287
1978-04-28,0.376,QmnJ,Bonne,0.031281198003327786
1978-04-29,0.382,QmnJ,Bonne,0.03178036605657238
1978-04-30,0.388,QmnJ,Bonne,0.032279534109816974
1978-05-01,0.278,QmnJ,Bonne,0.023128119800332782
1978-05-02,0.24,QmnJ,Bonne,0.019966722129783693
1978-05-03,0.232,QmnJ,Bonne,0.01930116472545757
1978-05-04,0.324,QmnJ,Bonne,0.02695507487520799
1978-05-05,0.4,QmnJ,Bonne,0.03327787021630616
1978-05-06,0.312,QmnJ,Bonne,0.025956738768718804
1978-05-07,0.3,QmnJ,Bonne,0.024958402662229616
1978-05-08,0.328,QmnJ,Bonne,0.02728785357737105
1978-05-09,0.356,QmnJ,Bonne,0.02961730449251248
1978-05-10,0.308,QmnJ,Bonne,0.02562396006655574
1978-05-11,0.281,QmnJ,Bonne,0.023377703826955077
1978-05-12,0.27,QmnJ,Bonne,0.022462562396006656
1978-05-13,0.266,QmnJ,Bonne,0.022129783693843597
1978-05-14,0.266,QmnJ,Bonne,0.022129783693843597
1978-05-15,0.266,QmnJ,Bonne,0.022129783693843597
1978-05-16,0.254,QmnJ,Bonne,0.02113144758735441
1978-05-17,0.265,QmnJ,Bonne,0.02204658901830283
1978-05-18,0.564,QmnJ,Bonne,0.046921797004991675
1978-05-19,0.357,QmnJ,Bonne,0.029700499168053243
1978-05-20,0.29,QmnJ,Bonne,0.024126455906821963
1978-05-21,0.251,QmnJ,Bonne,0.020881863560732114
1978-05-22,0.216,QmnJ,Bonne,0.017970049916805324
1978-05-23,0.201,QmnJ,Bonne,0.016722129783693845
1978-05-24,0.183,QmnJ,Bonne,0.015224625623960066
1978-05-25,0.167,QmnJ,Bonne,0.01389351081530782
1978-05-26,0.163,QmnJ,Bonne,0.01356073211314476
1978-05-27,0.156,QmnJ,Bonne,0.012978369384359402
1978-05-28,0.147,QmnJ,Bonne,0.012229617304492513
1978-05-29,0.143,QmnJ,Bonne,0.01189683860232945
1978-05-30,0.132,QmnJ,Bonne,0.010981697171381033
1978-05-31,0.126,QmnJ,Bonne,0.010482529118136439
1978-06-01,0.126,QmnJ,Bonne,0.010482529118136439
1978-06-02,0.123,QmnJ,Bonne,0.010232945091514144
1978-06-03,0.112,QmnJ,Bonne,0.009317803660565725
1978-06-04,0.108,QmnJ,Bonne,0.008985024958402662
1978-06-05,0.113,QmnJ,Bonne,0.00940099833610649
1978-06-06,0.117,QmnJ,Bonne,0.009733777038269551
1978-06-07,0.129,QmnJ,Bonne,0.010732113144758736
1978-06-08,0.113,QmnJ,Bonne,0.00940099833610649
1978-06-09,0.104,QmnJ,Bonne,0.008652246256239601
1978-06-10,0.094,QmnJ,Bonne,0.007820299500831946
1978-06-11,0.098,QmnJ,Bonne,0.008153078202995009
1978-06-12,0.116,QmnJ,Bonne,0.009650582362728786
1978-06-13,0.116,QmnJ,Bonne,0.009650582362728786
1978-06-14,0.109,QmnJ,Bonne,0.009068219633943428
1978-06-15,0.108,QmnJ,Bonne,0.008985024958402662
1978-06-16,0.111,QmnJ,Bonne,0.00923460898502496
1978-06-17,0.126,QmnJ,Bonne,0.010482529118136439
1978-06-18,0.121,QmnJ,Bonne,0.010066555740432612
1978-06-19,0.118,QmnJ,Bonne,0.009816971713810315
1978-06-20,0.107,QmnJ,Bonne,0.008901830282861897
1978-06-21,0.096,QmnJ,Bonne,0.007986688851913478
1978-06-22,0.112,QmnJ,Bonne,0.009317803660565725
1978-06-23,0.326,QmnJ,Bonne,0.02712146422628952
1978-06-24,0.322,QmnJ,Bonne,0.026788685524126457
1978-06-25,0.274,QmnJ,Bonne,0.02279534109816972
1978-06-26,0.233,QmnJ,Bonne,0.01938435940099834
1978-06-27,0.228,QmnJ,Bonne,0.01896838602329451
1978-06-28,0.221,QmnJ,Bonne,0.01838602329450915
1978-06-29,0.221,QmnJ,Bonne,0.01838602329450915
1978-06-30,0.212,QmnJ,Bonne,0.017637271214642262
1978-07-01,0.188,QmnJ,Bonne,0.015640599001663893
1978-07-02,0.185,QmnJ,Bonne,0.015391014975041598
1978-07-03,0.201,QmnJ,Bonne,0.016722129783693845
1978-07-04,0.202,QmnJ,Bonne,0.016805324459234612
1978-07-05,0.191,QmnJ,Bonne,0.01589018302828619
1978-07-06,0.188,QmnJ,Bonne,0.015640599001663893
1978-07-07,0.168,QmnJ,Bonne,0.013976705490848586
1978-07-08,0.155,QmnJ,Bonne,0.012895174708818636
1978-07-09,0.165,QmnJ,Bonne,0.013727121464226291
1978-07-10,0.167,QmnJ,Bonne,0.01389351081530782
1978-07-11,0.177,QmnJ,Bonne,0.014725457570715474
1978-07-12,0.177,QmnJ,Bonne,0.014725457570715474
1978-07-13,0.162,QmnJ,Bonne,0.013477537437603994
1978-07-14,0.143,QmnJ,Bonne,0.01189683860232945
1978-07-15,0.133,QmnJ,Bonne,0.011064891846921799
1978-07-16,0.124,QmnJ,Bonne,0.01031613976705491
1978-07-17,0.114,QmnJ,Bonne,0.009484193011647254
1978-07-18,0.111,QmnJ,Bonne,0.00923460898502496
1978-07-19,0.112,QmnJ,Bonne,0.009317803660565725
1978-07-20,0.115,QmnJ,Bonne,0.00956738768718802
1978-07-21,0.101,QmnJ,Bonne,0.008402662229617306
1978-07-22,0.091,QmnJ,Bonne,0.00757071547420965
1978-07-23,0.091,QmnJ,Bonne,0.00757071547420965
1978-07-24,0.093,QmnJ,Bonne,0.007737104825291182
1978-07-25,0.087,QmnJ,Bonne,0.0072379367720465885
1978-07-26,0.106,QmnJ,Bonne,0.008818635607321131
1978-07-27,0.101,QmnJ,Bonne,0.008402662229617306
1978-07-28,0.086,QmnJ,Bonne,0.007154742096505824
1978-07-29,0.08,QmnJ,Bonne,0.0066555740432612314
1978-07-30,0.115,QmnJ,Bonne,0.00956738768718802
1978-07-31,0.159,QmnJ,Bonne,0.013227953410981697
1978-08-01,0.221,QmnJ,Bonne,0.01838602329450915
1978-08-02,0.178,QmnJ,Bonne,0.01480865224625624
1978-08-03,0.158,QmnJ,Bonne,0.013144758735440932
1978-08-04,0.131,QmnJ,Bonne,0.010898502495840267
1978-08-05,0.114,QmnJ,Bonne,0.009484193011647254
1978-08-06,0.209,QmnJ,Bonne,0.017387687188019967
1978-08-07,0.168,QmnJ,Bonne,0.013976705490848586
1978-08-08,0.143,QmnJ,Bonne,0.01189683860232945
1978-08-09,0.133,QmnJ,Bonne,0.011064891846921799
1978-08-10,0.117,QmnJ,Bonne,0.009733777038269551
1978-08-11,0.106,QmnJ,Bonne,0.008818635607321131
1978-08-12,0.099,QmnJ,Bonne,0.008236272878535775
1978-08-13,0.094,QmnJ,Bonne,0.007820299500831946
1978-08-14,0.087,QmnJ,Bonne,0.0072379367720465885
1978-08-15,0.077,QmnJ,Bonne,0.006405990016638935
1978-08-16,0.063,QmnJ,Bonne,0.0052412645590682195
1978-08-17,0.055,QmnJ,Bonne,0.004575707154742097
1978-08-18,0.047,QmnJ,Bonne,0.003910149750415973
1978-08-19,0.028,QmnJ,Bonne,0.0023294509151414312
1978-08-20,0.012,QmnJ,Bonne,0.0009983361064891847
1978-12-04,0.0,QmnJ,Bonne,0.0
1978-12-05,0.0,QmnJ,Bonne,0.0
1978-12-06,0.0,QmnJ,Bonne,0.0
1978-12-07,0.0,QmnJ,Bonne,0.0
1978-12-08,0.081,QmnJ,Bonne,0.006738768718801997
1978-12-09,0.1,QmnJ,Bonne,0.00831946755407654
1978-12-10,0.191,QmnJ,Bonne,0.01589018302828619
1978-12-11,0.178,QmnJ,Bonne,0.01480865224625624
1978-12-12,0.309,QmnJ,Bonne,0.025707154742096505
1978-12-13,0.493,QmnJ,Bonne,0.04101497504159734
1978-12-14,0.465,QmnJ,Bonne,0.03868552412645591
1978-12-15,0.353,QmnJ,Bonne,0.029367720465890184
1978-12-16,0.272,QmnJ,Bonne,0.022628951747088188
1978-12-17,0.202,QmnJ,Bonne,0.016805324459234612
1978-12-18,0.17,QmnJ,Bonne,0.014143094841930118
1978-12-19,0.16,QmnJ,Bonne,0.013311148086522463
1978-12-20,0.155,QmnJ,Bonne,0.012895174708818636
1978-12-21,0.153,QmnJ,Bonne,0.012728785357737105
1978-12-22,0.146,QmnJ,Bonne,0.012146422628951747
1978-12-23,0.181,QmnJ,Bonne,0.015058236272878537
1978-12-24,0.467,QmnJ,Bonne,0.03885191347753744
1978-12-25,0.375,QmnJ,Bonne,0.03119800332778702
1978-12-26,0.375,QmnJ,Bonne,0.03119800332778702
1978-12-27,0.357,QmnJ,Bonne,0.029700499168053243
1978-12-28,0.582,QmnJ,Bonne,0.04841930116472545
1978-12-29,0.555,QmnJ,Bonne,0.0461730449251248
1978-12-30,0.564,QmnJ,Bonne,0.046921797004991675
1978-12-31,0.637,QmnJ,Bonne,0.05299500831946756
1979-01-01,0.542,QmnJ,Bonne,0.04509151414309485
1979-01-02,0.498,QmnJ,Bonne,0.041430948419301165
1979-01-03,0.468,QmnJ,Bonne,0.038935108153078206
1979-01-04,0.481,QmnJ,Bonne,0.04001663893510815
1979-01-05,0.465,QmnJ,Bonne,0.03868552412645591
1979-01-06,0.432,QmnJ,Bonne,0.03594009983361065
1979-01-08,0.409,QmnJ,Bonne,0.034026622296173044
1979-01-09,0.578,QmnJ,Bonne,0.0480865224625624
1979-01-10,0.703,QmnJ,Bonne,0.05848585690515807
1979-01-11,0.635,QmnJ,Bonne,0.052828618968386025
1979-01-12,0.582,QmnJ,Bonne,0.04841930116472545
1979-01-13,0.566,QmnJ,Bonne,0.04708818635607321
1979-01-14,0.552,QmnJ,Bonne,0.0459234608985025
1979-01-15,0.544,QmnJ,Bonne,0.045257903494176376
1979-01-16,0.541,QmnJ,Bonne,0.045008319467554084
1979-01-17,0.535,QmnJ,Bonne,0.044509151414309486
1979-01-18,0.528,QmnJ,Bonne,0.04392678868552413
1979-01-19,0.591,QmnJ,Bonne,0.04916805324459234
1979-01-20,0.666,QmnJ,Bonne,0.055407653910149755
1979-01-21,0.564,QmnJ,Bonne,0.046921797004991675
1979-01-29,0.602,QmnJ,Bonne,0.05008319467554077
1979-01-30,0.609,QmnJ,Bonne,0.05066555740432612
1979-01-31,0.585,QmnJ,Bonne,0.04866888519134775
1979-02-01,0.665,QmnJ,Bonne,0.05532445923460899
1979-02-02,0.747,QmnJ,Bonne,0.06214642262895175
1979-02-03,0.673,QmnJ,Bonne,0.05599001663893512
1979-02-04,0.699,QmnJ,Bonne,0.05815307820299501
1979-02-05,0.906,QmnJ,Bonne,0.07537437603993345
1979-02-06,0.778,QmnJ,Bonne,0.06472545757071548
1979-02-07,0.894,QmnJ,Bonne,0.07437603993344426
1979-02-08,0.817,QmnJ,Bonne,0.06797004991680532
1979-02-09,0.949,QmnJ,Bonne,0.07895174708818635
1979-02-10,0.923,QmnJ,Bonne,0.07678868552412646
1979-02-11,0.97,QmnJ,Bonne,0.08069883527454243
1979-02-12,1.084,QmnJ,Bonne,0.0901830282861897
1979-02-13,1.258,QmnJ,Bonne,0.10465890183028287
1979-02-14,0.868,QmnJ,Bonne,0.07221297836938437
1979-02-15,0.781,QmnJ,Bonne,0.06497504159733777
1979-02-16,0.772,QmnJ,Bonne,0.06422628951747089
1979-02-17,0.785,QmnJ,Bonne,0.06530782029950084
1979-02-18,0.767,QmnJ,Bonne,0.06381031613976706
1979-02-19,0.747,QmnJ,Bonne,0.06214642262895175
1979-02-20,0.728,QmnJ,Bonne,0.0605657237936772
1979-02-21,0.71,QmnJ,Bonne,0.059068219633943424
1979-02-22,0.692,QmnJ,Bonne,0.057570715474209645
1979-02-23,0.674,QmnJ,Bonne,0.05607321131447588
1979-02-24,0.656,QmnJ,Bonne,0.0545757071547421
1979-02-25,0.639,QmnJ,Bonne,0.05316139767054909
1979-02-26,0.636,QmnJ,Bonne,0.05291181364392679
1979-02-27,0.622,QmnJ,Bonne,0.05174708818635607
1979-02-28,0.644,QmnJ,Bonne,0.053577371048252914
1979-03-01,0.639,QmnJ,Bonne,0.05316139767054909
1979-03-02,0.629,QmnJ,Bonne,0.052329450915141434
1979-03-03,0.623,QmnJ,Bonne,0.05183028286189684
1979-03-04,0.646,QmnJ,Bonne,0.05374376039933445
1979-03-05,0.636,QmnJ,Bonne,0.05291181364392679
1979-03-06,0.642,QmnJ,Bonne,0.053410981697171386
1979-03-07,0.645,QmnJ,Bonne,0.05366056572379368
1979-03-08,0.618,QmnJ,Bonne,0.05141430948419301
1979-03-09,0.615,QmnJ,Bonne,0.05116472545757072
1979-03-10,0.628,QmnJ,Bonne,0.05224625623960067
1979-03-11,0.62,QmnJ,Bonne,0.051580698835274545
1979-03-12,0.617,QmnJ,Bonne,0.051331114808652246
1979-03-13,0.617,QmnJ,Bonne,0.051331114808652246
1979-03-14,0.617,QmnJ,Bonne,0.051331114808652246
1979-03-15,0.62,QmnJ,Bonne,0.051580698835274545
1979-03-16,0.633,QmnJ,Bonne,0.0526622296173045
1979-03-17,0.617,QmnJ,Bonne,0.051331114808652246
1979-03-19,0.679,QmnJ,Bonne,0.05648918469217971
1979-03-20,0.646,QmnJ,Bonne,0.05374376039933445
1979-03-21,0.622,QmnJ,Bonne,0.05174708818635607
1979-03-22,0.644,QmnJ,Bonne,0.053577371048252914
1979-03-23,0.642,QmnJ,Bonne,0.053410981697171386
1979-03-24,0.657,QmnJ,Bonne,0.054658901830282866
1979-03-25,0.816,QmnJ,Bonne,0.06788685524126456
1979-03-26,0.689,QmnJ,Bonne,0.05732113144758735
1979-03-27,0.684,QmnJ,Bonne,0.056905158069883534
1979-03-28,0.719,QmnJ,Bonne,0.05981697171381031
1979-03-29,0.7,QmnJ,Bonne,0.05823627287853577
1979-03-30,0.734,QmnJ,Bonne,0.0610648918469218
1979-03-31,0.69,QmnJ,Bonne,0.05740432612312812
1979-04-01,0.68,QmnJ,Bonne,0.05657237936772047
1979-04-02,0.694,QmnJ,Bonne,0.05773710482529118
1979-04-03,0.709,QmnJ,Bonne,0.05898502495840266
1979-04-04,0.724,QmnJ,Bonne,0.060232945091514146
1979-04-05,0.739,QmnJ,Bonne,0.061480865224625626
1979-04-06,0.754,QmnJ,Bonne,0.06272878535773711
1979-04-07,0.769,QmnJ,Bonne,0.06397670549084859
1979-04-08,0.782,QmnJ,Bonne,0.06505823627287854
1979-04-09,0.78,QmnJ,Bonne,0.064891846921797
1979-04-10,0.764,QmnJ,Bonne,0.06356073211314477
1979-04-11,0.764,QmnJ,Bonne,0.06356073211314477
1979-04-12,0.764,QmnJ,Bonne,0.06356073211314477
1979-04-13,0.733,QmnJ,Bonne,0.060981697171381036
1979-04-14,0.711,QmnJ,Bonne,0.059151414309484195
1979-04-15,0.693,QmnJ,Bonne,0.057653910149750416
1979-04-16,0.679,QmnJ,Bonne,0.05648918469217971
1979-04-17,0.673,QmnJ,Bonne,0.05599001663893512
1979-04-18,0.657,QmnJ,Bonne,0.054658901830282866
1979-04-19,0.657,QmnJ,Bonne,0.054658901830282866
1979-04-20,0.652,QmnJ,Bonne,0.05424292845257904
1979-04-21,0.663,QmnJ,Bonne,0.05515806988352746
1979-04-22,0.669,QmnJ,Bonne,0.055657237936772054
1979-04-23,0.657,QmnJ,Bonne,0.054658901830282866
1979-04-24,0.672,QmnJ,Bonne,0.055906821963394346
1979-04-25,0.65,QmnJ,Bonne,0.054076539101497505
1979-04-26,0.633,QmnJ,Bonne,0.0526622296173045
1979-04-27,0.613,QmnJ,Bonne,0.050998336106489184
1979-04-28,0.598,QmnJ,Bonne,0.049750415973377704
1979-04-29,0.605,QmnJ,Bonne,0.05033277870216306
1979-04-30,0.617,QmnJ,Bonne,0.051331114808652246
1979-05-01,0.608,QmnJ,Bonne,0.05058236272878536
1979-05-02,0.609,QmnJ,Bonne,0.05066555740432612
1979-05-03,0.588,QmnJ,Bonne,0.04891846921797005
1979-05-04,0.579,QmnJ,Bonne,0.04816971713810316
1979-05-05,0.553,QmnJ,Bonne,0.046006655574043265
1979-05-06,0.537,QmnJ,Bonne,0.04467554076539102
1979-05-07,0.517,QmnJ,Bonne,0.04301164725457571
1979-05-08,0.501,QmnJ,Bonne,0.041680532445923464
1979-05-09,0.481,QmnJ,Bonne,0.04001663893510815
1979-05-10,0.464,QmnJ,Bonne,0.03860232945091514
1979-05-11,0.447,QmnJ,Bonne,0.03718801996672213
1979-05-12,0.447,QmnJ,Bonne,0.03718801996672213
1979-05-13,0.471,QmnJ,Bonne,0.0391846921797005
1979-05-14,0.468,QmnJ,Bonne,0.038935108153078206
1979-05-15,0.304,QmnJ,Bonne,0.02529118136439268
1979-05-16,0.281,QmnJ,Bonne,0.023377703826955077
1979-05-17,0.305,QmnJ,Bonne,0.025374376039933446
1979-05-18,0.281,QmnJ,Bonne,0.023377703826955077
1979-05-19,0.264,QmnJ,Bonne,0.021963394342762066
1979-05-20,0.262,QmnJ,Bonne,0.021797004991680535
1979-05-21,0.384,QmnJ,Bonne,0.03194675540765391
1979-05-22,0.418,QmnJ,Bonne,0.03477537437603993
1979-05-23,0.477,QmnJ,Bonne,0.03968386023294509
1979-05-24,0.393,QmnJ,Bonne,0.0326955074875208
1979-05-25,0.379,QmnJ,Bonne,0.031530782029950084
1979-05-26,0.726,QmnJ,Bonne,0.060399334442595674
1979-05-27,0.554,QmnJ,Bonne,0.046089850249584036
1979-05-28,0.353,QmnJ,Bonne,0.029367720465890184
1979-05-29,0.61,QmnJ,Bonne,0.05074875207986689
1979-05-30,0.423,QmnJ,Bonne,0.03519134775374376
1979-05-31,0.33,QmnJ,Bonne,0.027454242928452582
1979-06-01,0.277,QmnJ,Bonne,0.023044925124792018
1979-06-02,0.266,QmnJ,Bonne,0.022129783693843597
1979-06-03,0.262,QmnJ,Bonne,0.021797004991680535
1979-06-04,0.245,QmnJ,Bonne,0.02038269550748752
1979-06-05,0.225,QmnJ,Bonne,0.018718801996672214
1979-06-06,0.202,QmnJ,Bonne,0.016805324459234612
1979-06-07,0.189,QmnJ,Bonne,0.01572379367720466
1979-06-08,0.19,QmnJ,Bonne,0.015806988352745424
1979-06-09,0.187,QmnJ,Bonne,0.015557404326123129
1979-06-10,0.424,QmnJ,Bonne,0.035274542429284524
1979-06-11,0.282,QmnJ,Bonne,0.023460898502495837
1979-06-12,0.221,QmnJ,Bonne,0.01838602329450915
1979-06-13,0.204,QmnJ,Bonne,0.01697171381031614
1979-06-14,0.179,QmnJ,Bonne,0.014891846921797005
1979-06-15,0.18,QmnJ,Bonne,0.014975041597337771
1979-06-16,0.159,QmnJ,Bonne,0.013227953410981697
1979-06-17,0.142,QmnJ,Bonne,0.011813643926788684
1979-06-18,0.14,QmnJ,Bonne,0.011647254575707157
1979-06-19,0.132,QmnJ,Bonne,0.010981697171381033
1979-06-20,0.127,QmnJ,Bonne,0.010565723793677205
1979-06-21,0.123,QmnJ,Bonne,0.010232945091514144
1979-06-22,0.123,QmnJ,Bonne,0.010232945091514144
1979-06-23,0.116,QmnJ,Bonne,0.009650582362728786
1979-06-24,0.116,QmnJ,Bonne,0.009650582362728786
1979-06-25,0.116,QmnJ,Bonne,0.009650582362728786
1979-06-26,0.116,QmnJ,Bonne,0.009650582362728786
1979-06-27,0.11,QmnJ,Bonne,0.009151414309484194
1979-06-28,0.096,QmnJ,Bonne,0.007986688851913478
1979-06-29,0.095,QmnJ,Bonne,0.007903494176372712
1979-06-30,0.091,QmnJ,Bonne,0.00757071547420965
1979-07-01,0.087,QmnJ,Bonne,0.0072379367720465885
1979-07-02,0.084,QmnJ,Bonne,0.006988352745424293
1979-07-03,0.082,QmnJ,Bonne,0.006821963394342763
1979-07-04,0.075,QmnJ,Bonne,0.006239600665557404
1979-07-05,0.068,QmnJ,Bonne,0.005657237936772047
1979-07-06,0.066,QmnJ,Bonne,0.0054908485856905165
1979-07-07,0.06,QmnJ,Bonne,0.004991680532445923
1979-07-08,0.064,QmnJ,Bonne,0.005324459234608985
1979-07-09,0.064,QmnJ,Bonne,0.005324459234608985
1979-07-10,0.062,QmnJ,Bonne,0.005158069883527455
1979-07-11,0.055,QmnJ,Bonne,0.004575707154742097
1979-07-12,0.056,QmnJ,Bonne,0.0046589018302828624
1979-07-13,0.049,QmnJ,Bonne,0.0040765391014975045
1979-07-14,0.041,QmnJ,Bonne,0.0034109816971713814
1979-07-15,0.043,QmnJ,Bonne,0.003577371048252912
1979-07-16,0.045,QmnJ,Bonne,0.0037437603993344427
1979-07-17,0.041,QmnJ,Bonne,0.0034109816971713814
1979-07-18,0.038,QmnJ,Bonne,0.003161397670549085
1979-07-19,0.036,QmnJ,Bonne,0.002995008319467554
1979-07-20,0.037,QmnJ,Bonne,0.0030782029950083196
1979-07-21,0.036,QmnJ,Bonne,0.002995008319467554
1979-07-22,0.034,QmnJ,Bonne,0.0028286189683860235
1979-07-23,0.03,QmnJ,Bonne,0.0024958402662229617
1979-07-24,0.031,QmnJ,Bonne,0.0025790349417637273
1979-07-25,0.032,QmnJ,Bonne,0.0026622296173044926
1979-07-26,0.027,QmnJ,Bonne,0.0022462562396006656
1979-07-27,0.024,QmnJ,Bonne,0.0019966722129783694
1979-07-28,0.023,QmnJ,Bonne,0.001913477537437604
1979-07-29,0.021,QmnJ,Bonne,0.0017470881863560733
1979-07-30,0.027,QmnJ,Bonne,0.0022462562396006656
1979-07-31,0.027,QmnJ,Bonne,0.0022462562396006656
1979-08-01,0.065,QmnJ,Bonne,0.005407653910149751
1979-08-02,0.056,QmnJ,Bonne,0.0046589018302828624
1979-08-03,0.037,QmnJ,Bonne,0.0030782029950083196
1979-08-04,0.037,QmnJ,Bonne,0.0030782029950083196
1979-08-05,0.032,QmnJ,Bonne,0.0026622296173044926
1979-08-06,0.028,QmnJ,Bonne,0.0023294509151414312
1979-08-07,0.028,QmnJ,Bonne,0.0023294509151414312
1979-08-08,0.027,QmnJ,Bonne,0.0022462562396006656
1979-08-09,0.024,QmnJ,Bonne,0.0019966722129783694
1979-08-10,0.024,QmnJ,Bonne,0.0019966722129783694
1979-08-11,0.024,QmnJ,Bonne,0.0019966722129783694
1979-08-12,0.024,QmnJ,Bonne,0.0019966722129783694
1979-08-13,0.021,QmnJ,Bonne,0.0017470881863560733
1979-08-14,0.021,QmnJ,Bonne,0.0017470881863560733
1979-08-15,0.019,QmnJ,Bonne,0.0015806988352745424
1979-08-16,0.017,QmnJ,Bonne,0.0014143094841930117
1979-08-17,0.016,QmnJ,Bonne,0.0013311148086522463
1979-08-18,0.018,QmnJ,Bonne,0.001497504159733777
1979-08-19,0.019,QmnJ,Bonne,0.0015806988352745424
1979-10-23,0.05,QmnJ,Bonne,0.00415973377703827
1979-10-24,0.024,QmnJ,Bonne,0.0019966722129783694
1979-10-25,0.097,QmnJ,Bonne,0.008069883527454243
1979-10-26,0.051,QmnJ,Bonne,0.004242928452579035
1979-10-27,0.042,QmnJ,Bonne,0.0034941763727121466
1979-10-28,0.035,QmnJ,Bonne,0.002911813643926789
1979-10-29,0.03,QmnJ,Bonne,0.0024958402662229617
1979-10-30,0.028,QmnJ,Bonne,0.0023294509151414312
1979-10-31,0.034,QmnJ,Bonne,0.0028286189683860235
1979-11-01,0.043,QmnJ,Bonne,0.003577371048252912
1979-11-02,0.035,QmnJ,Bonne,0.002911813643926789
1979-11-03,0.032,QmnJ,Bonne,0.0026622296173044926
1979-11-04,0.032,QmnJ,Bonne,0.0026622296173044926
1979-11-05,0.032,QmnJ,Bonne,0.0026622296173044926
1979-11-06,0.032,QmnJ,Bonne,0.0026622296173044926
1979-11-07,0.032,QmnJ,Bonne,0.0026622296173044926
1979-11-08,0.05,QmnJ,Bonne,0.00415973377703827
1979-11-09,0.088,QmnJ,Bonne,0.007321131447587354
1979-11-10,0.064,QmnJ,Bonne,0.005324459234608985
1979-11-11,0.055,QmnJ,Bonne,0.004575707154742097
1979-11-12,0.095,QmnJ,Bonne,0.007903494176372712
1979-11-13,0.083,QmnJ,Bonne,0.006905158069883528
1979-11-14,0.08,QmnJ,Bonne,0.0066555740432612314
1979-11-15,0.08,QmnJ,Bonne,0.0066555740432612314
1979-11-16,0.079,QmnJ,Bonne,0.006572379367720466
1979-11-17,0.072,QmnJ,Bonne,0.005990016638935108
1979-11-18,0.078,QmnJ,Bonne,0.006489184692179701
1979-11-19,0.081,QmnJ,Bonne,0.006738768718801997
1979-11-20,0.095,QmnJ,Bonne,0.007903494176372712
1979-11-21,0.091,QmnJ,Bonne,0.00757071547420965
1979-11-22,0.084,QmnJ,Bonne,0.006988352745424293
1979-11-23,0.076,QmnJ,Bonne,0.00632279534109817
1979-11-24,0.072,QmnJ,Bonne,0.005990016638935108
1979-11-25,0.072,QmnJ,Bonne,0.005990016638935108
1979-11-26,0.072,QmnJ,Bonne,0.005990016638935108
1979-11-27,0.072,QmnJ,Bonne,0.005990016638935108
1979-11-28,0.067,QmnJ,Bonne,0.005574043261231282
1979-11-29,0.064,QmnJ,Bonne,0.005324459234608985
1979-11-30,0.064,QmnJ,Bonne,0.005324459234608985
1979-12-01,0.064,QmnJ,Bonne,0.005324459234608985
1979-12-02,0.064,QmnJ,Bonne,0.005324459234608985
1979-12-03,0.064,QmnJ,Bonne,0.005324459234608985
1979-12-04,0.064,QmnJ,Bonne,0.005324459234608985
1979-12-05,0.064,QmnJ,Bonne,0.005324459234608985
1979-12-06,0.064,QmnJ,Bonne,0.005324459234608985
1979-12-07,0.064,QmnJ,Bonne,0.005324459234608985
1979-12-08,0.08,QmnJ,Bonne,0.0066555740432612314
1979-12-09,0.193,QmnJ,Bonne,0.016056572379367723
1979-12-10,0.48,QmnJ,Bonne,0.03993344425956739
1979-12-11,0.289,QmnJ,Bonne,0.0240432612312812
1979-12-12,0.219,QmnJ,Bonne,0.01821963394342762
1979-12-13,0.485,QmnJ,Bonne,0.040349417637271213
1979-12-14,0.805,QmnJ,Bonne,0.06697171381031615
1979-12-15,0.757,QmnJ,Bonne,0.0629783693843594
1979-12-24,0.319,QmnJ,Bonne,0.026539101497504162
1979-12-25,0.293,QmnJ,Bonne,0.024376039933444258
1979-12-26,0.281,QmnJ,Bonne,0.023377703826955077
1979-12-27,0.7,QmnJ,Bonne,0.05823627287853577
1979-12-28,0.954,QmnJ,Bonne,0.07936772046589018
1979-12-29,0.638,QmnJ,Bonne,0.053078202995008324
1979-12-30,0.545,QmnJ,Bonne,0.045341098169717146
1979-12-31,0.495,QmnJ,Bonne,0.04118136439267887
1980-01-01,0.599,QmnJ,Bonne,0.04983361064891847
1980-01-02,0.569,QmnJ,Bonne,0.04733777038269551
1980-01-03,0.504,QmnJ,Bonne,0.041930116472545756
1980-01-04,0.545,QmnJ,Bonne,0.045341098169717146
1980-01-05,0.512,QmnJ,Bonne,0.04259567387687188
1980-01-09,0.51,QmnJ,Bonne,0.04242928452579035
1980-01-10,0.527,QmnJ,Bonne,0.04384359400998337
1980-01-11,0.629,QmnJ,Bonne,0.052329450915141434
1980-01-12,0.461,QmnJ,Bonne,0.03835274542429285
1980-01-13,0.444,QmnJ,Bonne,0.03693843594009984
1980-01-14,0.411,QmnJ,Bonne,0.03419301164725457
1980-01-21,0.834,QmnJ,Bonne,0.06938435940099834
1980-01-22,0.543,QmnJ,Bonne,0.04517470881863561
1980-01-23,0.542,QmnJ,Bonne,0.04509151414309485
1980-01-24,0.571,QmnJ,Bonne,0.047504159733777036
1980-01-25,0.466,QmnJ,Bonne,0.03876871880199668
1980-01-26,0.448,QmnJ,Bonne,0.0372712146422629
1980-01-27,0.434,QmnJ,Bonne,0.036106489184692184
1980-01-28,0.435,QmnJ,Bonne,0.03618968386023295
1980-01-29,0.416,QmnJ,Bonne,0.034608985024958405
1980-01-30,0.531,QmnJ,Bonne,0.044176372712146424
1980-01-31,1.009,QmnJ,Bonne,0.08394342762063227
1980-02-01,0.541,QmnJ,Bonne,0.045008319467554084
1980-02-02,0.778,QmnJ,Bonne,0.06472545757071548
1980-02-03,0.576,QmnJ,Bonne,0.04792013311148086
1980-02-04,0.621,QmnJ,Bonne,0.05166389351081531
1980-02-05,0.6,QmnJ,Bonne,0.04991680532445923
1980-02-06,0.621,QmnJ,Bonne,0.05166389351081531
1980-02-07,0.528,QmnJ,Bonne,0.04392678868552413
1980-02-08,0.496,QmnJ,Bonne,0.04126455906821964
1980-02-09,0.532,QmnJ,Bonne,0.044259567387687195
1980-02-10,0.553,QmnJ,Bonne,0.046006655574043265
1980-02-11,0.479,QmnJ,Bonne,0.03985024958402662
1980-02-12,0.453,QmnJ,Bonne,0.037687188019966726
1980-02-13,0.426,QmnJ,Bonne,0.03544093178036606
1980-02-14,0.4,QmnJ,Bonne,0.03327787021630616
1980-02-15,0.374,QmnJ,Bonne,0.031114808652246258
1980-02-16,0.348,QmnJ,Bonne,0.028951747088186354
1980-02-17,0.322,QmnJ,Bonne,0.026788685524126457
1980-02-18,0.315,QmnJ,Bonne,0.0262063227953411
1980-02-19,0.315,QmnJ,Bonne,0.0262063227953411
1980-02-20,0.299,QmnJ,Bonne,0.024875207986688852
1980-02-21,0.281,QmnJ,Bonne,0.023377703826955077
1980-02-22,0.307,QmnJ,Bonne,0.025540765391014974
1980-02-23,0.279,QmnJ,Bonne,0.023211314475873546
1980-02-24,0.265,QmnJ,Bonne,0.02204658901830283
1980-02-25,0.252,QmnJ,Bonne,0.020965058236272878
1980-02-26,0.25,QmnJ,Bonne,0.02079866888519135
1980-02-27,0.239,QmnJ,Bonne,0.01988352745424293
1980-02-28,0.225,QmnJ,Bonne,0.018718801996672214
1980-02-29,0.221,QmnJ,Bonne,0.01838602329450915
1980-03-01,0.221,QmnJ,Bonne,0.01838602329450915
1980-03-02,0.217,QmnJ,Bonne,0.018053244592346092
1980-03-03,0.209,QmnJ,Bonne,0.017387687188019967
1980-03-04,0.206,QmnJ,Bonne,0.01713810316139767
1980-03-05,0.209,QmnJ,Bonne,0.017387687188019967
1980-03-06,0.274,QmnJ,Bonne,0.02279534109816972
1980-03-07,0.273,QmnJ,Bonne,0.022712146422628955
1980-03-08,0.268,QmnJ,Bonne,0.02229617304492513
1980-03-09,0.229,QmnJ,Bonne,0.019051580698835276
1980-03-10,0.23,QmnJ,Bonne,0.01913477537437604
1980-03-11,0.222,QmnJ,Bonne,0.01846921797004992
1980-03-12,0.224,QmnJ,Bonne,0.01863560732113145
1980-03-13,0.312,QmnJ,Bonne,0.025956738768718804
1980-03-14,0.238,QmnJ,Bonne,0.019800332778702162
1980-03-15,0.215,QmnJ,Bonne,0.01788685524126456
1980-03-16,0.207,QmnJ,Bonne,0.017221297836938435
1980-03-17,0.208,QmnJ,Bonne,0.017304492512479203
1980-03-18,0.219,QmnJ,Bonne,0.01821963394342762
1980-03-19,0.245,QmnJ,Bonne,0.02038269550748752
1980-03-20,0.259,QmnJ,Bonne,0.02154742096505824
1980-03-21,0.236,QmnJ,Bonne,0.01963394342762063
1980-03-22,0.224,QmnJ,Bonne,0.01863560732113145
1980-03-23,0.244,QmnJ,Bonne,0.020299500831946756
1980-03-24,0.503,QmnJ,Bonne,0.04184692179700499
1980-03-25,0.341,QmnJ,Bonne,0.028369384359401003
1980-03-26,0.458,QmnJ,Bonne,0.03810316139767055
1980-03-27,0.753,QmnJ,Bonne,0.06264559068219634
1980-03-28,0.675,QmnJ,Bonne,0.056156405990016645
1980-03-29,0.491,QmnJ,Bonne,0.04084858569051581
1980-03-30,0.483,QmnJ,Bonne,0.040183028286189686
1980-03-31,0.541,QmnJ,Bonne,0.045008319467554084
1980-04-01,0.481,QmnJ,Bonne,0.04001663893510815
1980-04-02,0.429,QmnJ,Bonne,0.03569051580698835
1980-04-03,0.398,QmnJ,Bonne,0.03311148086522463
1980-04-04,0.384,QmnJ,Bonne,0.03194675540765391
1980-04-05,0.375,QmnJ,Bonne,0.03119800332778702
1980-04-06,0.357,QmnJ,Bonne,0.029700499168053243
1980-04-07,0.348,QmnJ,Bonne,0.028951747088186354
1980-04-08,0.334,QmnJ,Bonne,0.02778702163061564
1980-04-09,0.329,QmnJ,Bonne,0.027371048252911815
1980-04-10,0.315,QmnJ,Bonne,0.0262063227953411
1980-04-11,0.309,QmnJ,Bonne,0.025707154742096505
1980-04-12,0.296,QmnJ,Bonne,0.024625623960066557
1980-04-13,0.296,QmnJ,Bonne,0.024625623960066557
1980-04-14,0.296,QmnJ,Bonne,0.024625623960066557
1980-04-15,0.296,QmnJ,Bonne,0.024625623960066557
1980-04-16,0.296,QmnJ,Bonne,0.024625623960066557
1980-04-17,0.288,QmnJ,Bonne,0.02396006655574043
1980-04-18,0.278,QmnJ,Bonne,0.023128119800332782
1980-04-19,0.266,QmnJ,Bonne,0.022129783693843597
1980-04-20,0.26,QmnJ,Bonne,0.021630615640599003
1980-04-21,0.251,QmnJ,Bonne,0.020881863560732114
1980-04-22,0.251,QmnJ,Bonne,0.020881863560732114
1980-04-23,0.251,QmnJ,Bonne,0.020881863560732114
1980-04-24,0.247,QmnJ,Bonne,0.02054908485856905
1980-04-25,0.236,QmnJ,Bonne,0.01963394342762063
1980-04-26,0.236,QmnJ,Bonne,0.01963394342762063
1980-04-27,0.236,QmnJ,Bonne,0.01963394342762063
1980-04-28,0.236,QmnJ,Bonne,0.01963394342762063
1980-04-29,0.236,QmnJ,Bonne,0.01963394342762063
1980-04-30,0.236,QmnJ,Bonne,0.01963394342762063
1980-05-01,0.359,QmnJ,Bonne,0.029866888519134775
1980-05-02,0.386,QmnJ,Bonne,0.032113144758735446
1980-05-03,0.27,QmnJ,Bonne,0.022462562396006656
1980-05-04,0.24,QmnJ,Bonne,0.019966722129783693
1980-05-05,0.221,QmnJ,Bonne,0.01838602329450915
1980-05-06,0.214,QmnJ,Bonne,0.017803660565723793
1980-05-07,0.307,QmnJ,Bonne,0.025540765391014974
1980-05-08,0.489,QmnJ,Bonne,0.040682196339434276
1980-05-09,0.252,QmnJ,Bonne,0.020965058236272878
1980-05-10,0.214,QmnJ,Bonne,0.017803660565723793
1980-05-11,0.201,QmnJ,Bonne,0.016722129783693845
1980-05-12,0.188,QmnJ,Bonne,0.015640599001663893
1980-05-13,0.179,QmnJ,Bonne,0.014891846921797005
1980-05-14,0.176,QmnJ,Bonne,0.014642262895174708
1980-05-15,0.167,QmnJ,Bonne,0.01389351081530782
1980-05-16,0.16,QmnJ,Bonne,0.013311148086522463
1980-05-17,0.149,QmnJ,Bonne,0.012396006655574042
1980-05-18,0.149,QmnJ,Bonne,0.012396006655574042
1980-05-19,0.145,QmnJ,Bonne,0.012063227953410981
1980-05-20,0.15,QmnJ,Bonne,0.012479201331114808
1980-05-21,0.163,QmnJ,Bonne,0.01356073211314476
1980-05-22,0.154,QmnJ,Bonne,0.01281198003327787
1980-05-23,0.142,QmnJ,Bonne,0.011813643926788684
1980-05-24,0.135,QmnJ,Bonne,0.011231281198003328
1980-05-25,0.135,QmnJ,Bonne,0.011231281198003328
1980-05-26,0.135,QmnJ,Bonne,0.011231281198003328
1980-05-27,0.133,QmnJ,Bonne,0.011064891846921799
1980-05-28,0.132,QmnJ,Bonne,0.010981697171381033
1980-05-29,0.124,QmnJ,Bonne,0.01031613976705491
1980-05-30,0.116,QmnJ,Bonne,0.009650582362728786
1980-05-31,0.113,QmnJ,Bonne,0.00940099833610649
1980-06-01,0.103,QmnJ,Bonne,0.008569051580698836
1980-06-02,0.1,QmnJ,Bonne,0.00831946755407654
1980-06-03,0.099,QmnJ,Bonne,0.008236272878535775
1980-06-04,0.091,QmnJ,Bonne,0.00757071547420965
1980-06-05,0.08,QmnJ,Bonne,0.0066555740432612314
1980-06-06,0.093,QmnJ,Bonne,0.007737104825291182
1980-06-07,0.178,QmnJ,Bonne,0.01480865224625624
1980-06-08,0.189,QmnJ,Bonne,0.01572379367720466
1980-06-09,0.198,QmnJ,Bonne,0.01647254575707155
1980-06-10,0.37,QmnJ,Bonne,0.030782029950083195
1980-06-11,0.424,QmnJ,Bonne,0.035274542429284524
1980-06-12,0.459,QmnJ,Bonne,0.03818635607321132
1980-06-13,0.516,QmnJ,Bonne,0.042928452579034944
1980-06-14,0.667,QmnJ,Bonne,0.05549084858569052
1980-06-15,0.598,QmnJ,Bonne,0.049750415973377704
1980-06-16,0.596,QmnJ,Bonne,0.04958402662229617
1980-06-17,0.551,QmnJ,Bonne,0.04584026622296174
1980-06-18,0.526,QmnJ,Bonne,0.0437603993344426
1980-06-19,0.464,QmnJ,Bonne,0.03860232945091514
1980-06-20,0.412,QmnJ,Bonne,0.03427620632279534
1980-06-21,0.375,QmnJ,Bonne,0.03119800332778702
1980-06-22,0.378,QmnJ,Bonne,0.03144758735440932
1980-06-23,0.39,QmnJ,Bonne,0.0324459234608985
1980-06-24,0.462,QmnJ,Bonne,0.038435940099833615
1980-06-25,0.453,QmnJ,Bonne,0.037687188019966726
1980-06-26,0.491,QmnJ,Bonne,0.04084858569051581
1980-06-27,0.424,QmnJ,Bonne,0.035274542429284524
1980-06-28,0.379,QmnJ,Bonne,0.031530782029950084
1980-06-29,0.373,QmnJ,Bonne,0.03103161397670549
1980-06-30,0.346,QmnJ,Bonne,0.028785357737104823
1980-07-01,0.328,QmnJ,Bonne,0.02728785357737105
1980-07-02,0.31,QmnJ,Bonne,0.025790349417637273
1980-07-03,0.291,QmnJ,Bonne,0.024209650582362727
1980-07-04,0.29,QmnJ,Bonne,0.024126455906821963
1980-07-05,0.287,QmnJ,Bonne,0.023876871880199668
1980-07-06,0.287,QmnJ,Bonne,0.023876871880199668
1980-07-07,0.294,QmnJ,Bonne,0.024459234608985025
1980-07-08,0.296,QmnJ,Bonne,0.024625623960066557
1980-07-09,0.296,QmnJ,Bonne,0.024625623960066557
1980-07-10,0.296,QmnJ,Bonne,0.024625623960066557
1980-07-11,0.296,QmnJ,Bonne,0.024625623960066557
1980-07-12,0.296,QmnJ,Bonne,0.024625623960066557
1980-07-13,0.296,QmnJ,Bonne,0.024625623960066557
1980-07-14,0.3,QmnJ,Bonne,0.024958402662229616
1980-07-15,0.335,QmnJ,Bonne,0.02787021630615641
1980-07-16,0.364,QmnJ,Bonne,0.0302828618968386
1980-07-17,0.403,QmnJ,Bonne,0.03352745424292845
1980-07-18,0.409,QmnJ,Bonne,0.034026622296173044
1980-07-22,0.292,QmnJ,Bonne,0.024292845257903494
1980-07-23,0.292,QmnJ,Bonne,0.024292845257903494
1980-07-24,0.285,QmnJ,Bonne,0.023710482529118136
1980-07-25,0.283,QmnJ,Bonne,0.023544093178036605
1980-07-26,0.289,QmnJ,Bonne,0.0240432612312812
1980-07-27,0.266,QmnJ,Bonne,0.022129783693843597
1980-07-28,0.223,QmnJ,Bonne,0.018552412645590682
1980-07-29,0.224,QmnJ,Bonne,0.01863560732113145
1980-07-30,0.225,QmnJ,Bonne,0.018718801996672214
1980-07-31,0.232,QmnJ,Bonne,0.01930116472545757
1980-08-01,0.228,QmnJ,Bonne,0.01896838602329451
1980-08-02,0.218,QmnJ,Bonne,0.018136439267886856
1980-08-11,0.182,QmnJ,Bonne,0.0151414309484193
1980-08-12,0.174,QmnJ,Bonne,0.014475873544093177
1980-08-13,0.172,QmnJ,Bonne,0.014309484193011647
1980-08-14,0.179,QmnJ,Bonne,0.014891846921797005
1980-08-15,0.18,QmnJ,Bonne,0.014975041597337771
1980-08-16,0.162,QmnJ,Bonne,0.013477537437603994
1980-08-17,0.154,QmnJ,Bonne,0.01281198003327787
1980-08-18,0.167,QmnJ,Bonne,0.01389351081530782
1980-08-19,0.156,QmnJ,Bonne,0.012978369384359402
1980-08-20,0.143,QmnJ,Bonne,0.01189683860232945
1980-08-21,0.136,QmnJ,Bonne,0.011314475873544094
1980-08-22,0.136,QmnJ,Bonne,0.011314475873544094
1980-08-23,0.127,QmnJ,Bonne,0.010565723793677205
1980-08-24,0.124,QmnJ,Bonne,0.01031613976705491
1980-08-25,0.118,QmnJ,Bonne,0.009816971713810315
1980-08-26,0.114,QmnJ,Bonne,0.009484193011647254
1980-08-27,0.118,QmnJ,Bonne,0.009816971713810315
1980-08-28,0.122,QmnJ,Bonne,0.010149750415973378
1980-08-29,0.257,QmnJ,Bonne,0.021381031613976708
1980-08-30,0.21,QmnJ,Bonne,0.01747088186356073
1980-08-31,0.164,QmnJ,Bonne,0.013643926788685526
1980-09-01,0.14,QmnJ,Bonne,0.011647254575707157
1980-09-02,0.131,QmnJ,Bonne,0.010898502495840267
1980-09-03,0.12,QmnJ,Bonne,0.009983361064891847
1980-09-04,0.128,QmnJ,Bonne,0.01064891846921797
1980-09-05,0.203,QmnJ,Bonne,0.016888519134775376
1980-09-06,0.138,QmnJ,Bonne,0.011480865224625625
1980-09-07,0.123,QmnJ,Bonne,0.010232945091514144
1980-09-08,0.136,QmnJ,Bonne,0.011314475873544094
1980-09-09,0.15,QmnJ,Bonne,0.012479201331114808
1980-09-10,0.141,QmnJ,Bonne,0.011730449251247919
1980-09-11,0.142,QmnJ,Bonne,0.011813643926788684
1980-09-12,0.138,QmnJ,Bonne,0.011480865224625625
1980-09-13,0.132,QmnJ,Bonne,0.010981697171381033
1980-09-14,0.123,QmnJ,Bonne,0.010232945091514144
1980-09-15,0.126,QmnJ,Bonne,0.010482529118136439
1980-09-16,0.126,QmnJ,Bonne,0.010482529118136439
1980-09-17,0.123,QmnJ,Bonne,0.010232945091514144
1980-09-18,0.121,QmnJ,Bonne,0.010066555740432612
1980-09-19,0.126,QmnJ,Bonne,0.010482529118136439
1980-09-20,0.131,QmnJ,Bonne,0.010898502495840267
1980-09-21,0.143,QmnJ,Bonne,0.01189683860232945
1980-09-22,0.155,QmnJ,Bonne,0.012895174708818636
1980-09-23,0.174,QmnJ,Bonne,0.014475873544093177
1980-09-24,0.183,QmnJ,Bonne,0.015224625623960066
1980-09-25,0.187,QmnJ,Bonne,0.015557404326123129
1980-09-26,0.163,QmnJ,Bonne,0.01356073211314476
1980-09-27,0.153,QmnJ,Bonne,0.012728785357737105
1980-09-28,0.142,QmnJ,Bonne,0.011813643926788684
1980-09-29,0.135,QmnJ,Bonne,0.011231281198003328
1980-09-30,0.137,QmnJ,Bonne,0.01139767054908486
1980-10-01,0.135,QmnJ,Bonne,0.011231281198003328
1980-10-02,0.133,QmnJ,Bonne,0.011064891846921799
1980-10-03,0.126,QmnJ,Bonne,0.010482529118136439
1980-10-04,0.126,QmnJ,Bonne,0.010482529118136439
1980-10-05,0.125,QmnJ,Bonne,0.010399334442595675
1980-10-06,0.122,QmnJ,Bonne,0.010149750415973378
1980-10-07,0.126,QmnJ,Bonne,0.010482529118136439
1980-10-08,0.126,QmnJ,Bonne,0.010482529118136439
1980-10-09,0.126,QmnJ,Bonne,0.010482529118136439
1980-10-10,0.16,QmnJ,Bonne,0.013311148086522463
1980-10-11,0.202,QmnJ,Bonne,0.016805324459234612
1980-10-12,0.195,QmnJ,Bonne,0.01622296173044925
1980-10-13,0.169,QmnJ,Bonne,0.014059900166389352
1980-10-14,0.221,QmnJ,Bonne,0.01838602329450915
1980-10-15,0.187,QmnJ,Bonne,0.015557404326123129
1980-10-16,0.29,QmnJ,Bonne,0.024126455906821963
1980-10-17,0.425,QmnJ,Bonne,0.035357737104825294
1980-10-18,0.278,QmnJ,Bonne,0.023128119800332782
1980-10-19,0.219,QmnJ,Bonne,0.01821963394342762
1980-10-20,0.201,QmnJ,Bonne,0.016722129783693845
1980-10-21,0.199,QmnJ,Bonne,0.016555740432612313
1980-10-22,0.228,QmnJ,Bonne,0.01896838602329451
1980-10-23,0.264,QmnJ,Bonne,0.021963394342762066
1980-10-24,0.288,QmnJ,Bonne,0.02396006655574043
1980-10-25,0.243,QmnJ,Bonne,0.02021630615640599
1980-10-26,0.267,QmnJ,Bonne,0.02221297836938436
1980-10-27,0.312,QmnJ,Bonne,0.025956738768718804
1980-10-28,0.264,QmnJ,Bonne,0.021963394342762066
1980-10-29,0.244,QmnJ,Bonne,0.020299500831946756
1980-10-30,0.221,QmnJ,Bonne,0.01838602329450915
1980-10-31,0.213,QmnJ,Bonne,0.01772046589018303
1980-11-01,0.206,QmnJ,Bonne,0.01713810316139767
1980-11-02,0.213,QmnJ,Bonne,0.01772046589018303
1980-11-03,0.215,QmnJ,Bonne,0.01788685524126456
1980-11-04,0.206,QmnJ,Bonne,0.01713810316139767
1980-11-05,0.197,QmnJ,Bonne,0.016389351081530782
1980-11-06,0.191,QmnJ,Bonne,0.01589018302828619
1980-11-07,0.256,QmnJ,Bonne,0.02129783693843594
1980-11-08,0.434,QmnJ,Bonne,0.036106489184692184
1980-11-09,0.316,QmnJ,Bonne,0.026289517470881863
1980-11-10,0.268,QmnJ,Bonne,0.02229617304492513
1980-11-11,0.241,QmnJ,Bonne,0.02004991680532446
1980-11-12,0.232,QmnJ,Bonne,0.01930116472545757
1980-11-13,0.221,QmnJ,Bonne,0.01838602329450915
1980-11-14,0.221,QmnJ,Bonne,0.01838602329450915
1980-11-15,0.326,QmnJ,Bonne,0.02712146422628952
1980-11-16,0.514,QmnJ,Bonne,0.042762063227953416
1980-11-17,0.447,QmnJ,Bonne,0.03718801996672213
1980-11-18,0.473,QmnJ,Bonne,0.03935108153078203
1980-11-19,0.383,QmnJ,Bonne,0.03186356073211315
1980-11-20,0.36,QmnJ,Bonne,0.029950083194675542
1980-11-21,0.336,QmnJ,Bonne,0.027953410981697173
1980-11-22,0.321,QmnJ,Bonne,0.026705490848585693
1980-11-23,0.315,QmnJ,Bonne,0.0262063227953411
1980-11-24,0.308,QmnJ,Bonne,0.02562396006655574
1980-11-25,0.355,QmnJ,Bonne,0.029534109816971712
1980-11-26,0.515,QmnJ,Bonne,0.04284525790349418
1980-11-27,0.443,QmnJ,Bonne,0.03685524126455907
1980-11-28,0.419,QmnJ,Bonne,0.0348585690515807
1980-11-29,0.4,QmnJ,Bonne,0.03327787021630616
1980-11-30,0.375,QmnJ,Bonne,0.03119800332778702
1980-12-01,0.369,QmnJ,Bonne,0.03069883527454243
1980-12-02,0.357,QmnJ,Bonne,0.029700499168053243
1980-12-03,0.369,QmnJ,Bonne,0.03069883527454243
1980-12-04,0.372,QmnJ,Bonne,0.030948419301164726
1980-12-05,0.357,QmnJ,Bonne,0.029700499168053243
1980-12-06,0.353,QmnJ,Bonne,0.029367720465890184
1980-12-07,0.344,QmnJ,Bonne,0.028618968386023295
1980-12-08,0.322,QmnJ,Bonne,0.026788685524126457
1980-12-09,0.315,QmnJ,Bonne,0.0262063227953411
1980-12-10,0.315,QmnJ,Bonne,0.0262063227953411
1980-12-11,0.315,QmnJ,Bonne,0.0262063227953411
1980-12-12,0.315,QmnJ,Bonne,0.0262063227953411
1980-12-13,0.403,QmnJ,Bonne,0.03352745424292845
1980-12-14,0.484,QmnJ,Bonne,0.04026622296173045
1980-12-15,0.495,QmnJ,Bonne,0.04118136439267887
1980-12-16,0.439,QmnJ,Bonne,0.03652246256239601
1980-12-17,0.479,QmnJ,Bonne,0.03985024958402662
1980-12-18,0.545,QmnJ,Bonne,0.045341098169717146
1980-12-19,0.574,QmnJ,Bonne,0.047753743760399335
1980-12-20,0.591,QmnJ,Bonne,0.04916805324459234
1980-12-21,0.565,QmnJ,Bonne,0.047004991680532446
1980-12-22,0.547,QmnJ,Bonne,0.045507487520798674
1980-12-23,0.542,QmnJ,Bonne,0.04509151414309485
1980-12-24,0.542,QmnJ,Bonne,0.04509151414309485
1980-12-25,0.542,QmnJ,Bonne,0.04509151414309485
1980-12-26,0.542,QmnJ,Bonne,0.04509151414309485
1980-12-27,0.539,QmnJ,Bonne,0.04484193011647255
1980-12-28,0.523,QmnJ,Bonne,0.043510815307820305
1980-12-29,0.513,QmnJ,Bonne,0.042678868552412645
1980-12-30,0.504,QmnJ,Bonne,0.041930116472545756
1980-12-31,0.504,QmnJ,Bonne,0.041930116472545756
1981-01-01,0.499,QmnJ,Bonne,0.04151414309484193
1981-01-02,0.485,QmnJ,Bonne,0.040349417637271213
1981-01-03,0.491,QmnJ,Bonne,0.04084858569051581
1981-01-04,0.545,QmnJ,Bonne,0.045341098169717146
1981-01-05,0.509,QmnJ,Bonne,0.04234608985024959
1981-01-06,0.504,QmnJ,Bonne,0.041930116472545756
1981-01-07,0.475,QmnJ,Bonne,0.03951747088186356
1981-01-08,0.466,QmnJ,Bonne,0.03876871880199668
1981-01-09,0.466,QmnJ,Bonne,0.03876871880199668
1981-01-10,0.531,QmnJ,Bonne,0.044176372712146424
1981-01-11,0.53,QmnJ,Bonne,0.04409317803660566
1981-01-12,0.506,QmnJ,Bonne,0.04209650582362729
1981-01-13,0.492,QmnJ,Bonne,0.040931780366056575
1981-01-14,0.487,QmnJ,Bonne,0.04051580698835275
1981-01-15,0.558,QmnJ,Bonne,0.04642262895174709
1981-01-16,0.531,QmnJ,Bonne,0.044176372712146424
1981-01-17,0.568,QmnJ,Bonne,0.04725457570715474
1981-01-18,0.551,QmnJ,Bonne,0.04584026622296174
1981-01-19,0.542,QmnJ,Bonne,0.04509151414309485
1981-01-20,0.542,QmnJ,Bonne,0.04509151414309485
1981-01-21,0.523,QmnJ,Bonne,0.043510815307820305
1981-01-22,0.12,QmnJ,Bonne,0.009983361064891847
1981-01-23,0.106,QmnJ,Bonne,0.008818635607321131
1981-01-24,0.106,QmnJ,Bonne,0.008818635607321131
1981-01-25,0.101,QmnJ,Bonne,0.008402662229617306
1981-01-26,0.096,QmnJ,Bonne,0.007986688851913478
1981-01-27,0.096,QmnJ,Bonne,0.007986688851913478
1981-01-28,0.096,QmnJ,Bonne,0.007986688851913478
1981-01-29,0.094,QmnJ,Bonne,0.007820299500831946
1981-01-30,0.092,QmnJ,Bonne,0.007653910149750416
1981-01-31,0.091,QmnJ,Bonne,0.00757071547420965
1981-02-01,0.089,QmnJ,Bonne,0.00740432612312812
1981-02-02,0.088,QmnJ,Bonne,0.007321131447587354
1981-02-03,0.103,QmnJ,Bonne,0.008569051580698836
1981-02-04,0.113,QmnJ,Bonne,0.00940099833610649
1981-02-05,0.091,QmnJ,Bonne,0.00757071547420965
1981-02-06,0.088,QmnJ,Bonne,0.007321131447587354
1981-02-07,0.085,QmnJ,Bonne,0.007071547420965059
1981-02-08,0.081,QmnJ,Bonne,0.006738768718801997
1981-02-09,0.078,QmnJ,Bonne,0.006489184692179701
1981-02-10,0.076,QmnJ,Bonne,0.00632279534109817
1981-02-11,0.074,QmnJ,Bonne,0.006156405990016639
1981-02-12,0.072,QmnJ,Bonne,0.005990016638935108
1981-02-13,0.069,QmnJ,Bonne,0.005740432612312813
1981-02-14,0.067,QmnJ,Bonne,0.005574043261231282
1981-02-15,0.065,QmnJ,Bonne,0.005407653910149751
1981-02-16,0.063,QmnJ,Bonne,0.0052412645590682195
1981-02-17,0.062,QmnJ,Bonne,0.005158069883527455
1981-02-18,0.061,QmnJ,Bonne,0.005074875207986689
1981-02-19,0.059,QmnJ,Bonne,0.004908485856905158
1981-02-20,0.058,QmnJ,Bonne,0.004825291181364393
1981-02-21,0.064,QmnJ,Bonne,0.005324459234608985
1981-02-22,0.257,QmnJ,Bonne,0.021381031613976708
1981-02-24,0.086,QmnJ,Bonne,0.007154742096505824
1981-02-25,0.08,QmnJ,Bonne,0.0066555740432612314
1981-02-26,0.075,QmnJ,Bonne,0.006239600665557404
1981-02-27,0.103,QmnJ,Bonne,0.008569051580698836
1981-02-28,0.134,QmnJ,Bonne,0.011148086522462564
1981-03-01,0.154,QmnJ,Bonne,0.01281198003327787
1981-03-02,0.165,QmnJ,Bonne,0.013727121464226291
1981-03-03,0.124,QmnJ,Bonne,0.01031613976705491
1981-03-04,0.112,QmnJ,Bonne,0.009317803660565725
1981-03-05,0.106,QmnJ,Bonne,0.008818635607321131
1981-03-06,0.124,QmnJ,Bonne,0.01031613976705491
1981-03-07,0.135,QmnJ,Bonne,0.011231281198003328
1981-03-08,0.48,QmnJ,Bonne,0.03993344425956739
1981-03-09,0.274,QmnJ,Bonne,0.02279534109816972
1981-03-10,0.267,QmnJ,Bonne,0.02221297836938436
1981-03-11,0.22,QmnJ,Bonne,0.018302828618968387
1981-03-12,0.187,QmnJ,Bonne,0.015557404326123129
1981-03-13,0.227,QmnJ,Bonne,0.018885191347753745
1981-03-14,0.181,QmnJ,Bonne,0.015058236272878537
1981-03-15,0.2,QmnJ,Bonne,0.01663893510815308
1981-03-16,0.185,QmnJ,Bonne,0.015391014975041598
1981-03-17,0.173,QmnJ,Bonne,0.014392678868552411
1981-03-18,0.159,QmnJ,Bonne,0.013227953410981697
1981-03-19,0.155,QmnJ,Bonne,0.012895174708818636
1981-03-20,0.154,QmnJ,Bonne,0.01281198003327787
1981-03-21,0.144,QmnJ,Bonne,0.011980033277870216
1981-03-22,0.271,QmnJ,Bonne,0.022545757071547424
1981-03-23,0.353,QmnJ,Bonne,0.029367720465890184
1981-03-24,0.352,QmnJ,Bonne,0.029284525790349417
1981-03-25,0.291,QmnJ,Bonne,0.024209650582362727
1981-03-26,0.227,QmnJ,Bonne,0.018885191347753745
1981-03-27,0.206,QmnJ,Bonne,0.01713810316139767
1981-03-28,0.193,QmnJ,Bonne,0.016056572379367723
1981-03-29,0.184,QmnJ,Bonne,0.015307820299500832
1981-03-30,0.793,QmnJ,Bonne,0.06597337770382695
1981-03-31,0.329,QmnJ,Bonne,0.027371048252911815
1981-04-01,0.285,QmnJ,Bonne,0.023710482529118136
1981-04-02,0.265,QmnJ,Bonne,0.02204658901830283
1981-04-03,0.244,QmnJ,Bonne,0.020299500831946756
1981-04-04,0.227,QmnJ,Bonne,0.018885191347753745
1981-04-05,0.207,QmnJ,Bonne,0.017221297836938435
1981-04-06,0.188,QmnJ,Bonne,0.015640599001663893
1981-04-07,0.176,QmnJ,Bonne,0.014642262895174708
1981-04-08,0.16,QmnJ,Bonne,0.013311148086522463
1981-04-09,0.169,QmnJ,Bonne,0.014059900166389352
1981-04-10,0.163,QmnJ,Bonne,0.01356073211314476
1981-04-11,0.152,QmnJ,Bonne,0.01264559068219634
1981-04-12,0.143,QmnJ,Bonne,0.01189683860232945
1981-04-13,0.135,QmnJ,Bonne,0.011231281198003328
1981-04-14,0.135,QmnJ,Bonne,0.011231281198003328
1981-04-15,0.132,QmnJ,Bonne,0.010981697171381033
1981-04-16,0.126,QmnJ,Bonne,0.010482529118136439
1981-04-17,0.123,QmnJ,Bonne,0.010232945091514144
1981-04-18,0.113,QmnJ,Bonne,0.00940099833610649
1981-04-19,0.105,QmnJ,Bonne,0.008735440931780365
1981-04-20,0.096,QmnJ,Bonne,0.007986688851913478
1981-04-21,0.096,QmnJ,Bonne,0.007986688851913478
1981-04-22,0.096,QmnJ,Bonne,0.007986688851913478
1981-04-23,0.094,QmnJ,Bonne,0.007820299500831946
1981-04-24,0.088,QmnJ,Bonne,0.007321131447587354
1981-04-25,0.115,QmnJ,Bonne,0.00956738768718802
1981-04-26,0.109,QmnJ,Bonne,0.009068219633943428
1981-04-27,0.145,QmnJ,Bonne,0.012063227953410981
1981-04-28,0.103,QmnJ,Bonne,0.008569051580698836
1981-04-29,0.096,QmnJ,Bonne,0.007986688851913478
1981-04-30,0.094,QmnJ,Bonne,0.007820299500831946
1981-05-01,0.088,QmnJ,Bonne,0.007321131447587354
1981-05-02,0.129,QmnJ,Bonne,0.010732113144758736
1981-05-03,0.114,QmnJ,Bonne,0.009484193011647254
1981-05-04,0.149,QmnJ,Bonne,0.012396006655574042
1981-05-05,0.117,QmnJ,Bonne,0.009733777038269551
1981-05-06,0.102,QmnJ,Bonne,0.00848585690515807
1981-05-07,0.096,QmnJ,Bonne,0.007986688851913478
1981-05-08,0.089,QmnJ,Bonne,0.00740432612312812
1981-05-09,0.086,QmnJ,Bonne,0.007154742096505824
1981-05-10,0.104,QmnJ,Bonne,0.008652246256239601
1981-05-11,0.207,QmnJ,Bonne,0.017221297836938435
1981-05-12,0.607,QmnJ,Bonne,0.05049916805324459
1981-05-13,0.543,QmnJ,Bonne,0.04517470881863561
1981-05-14,0.296,QmnJ,Bonne,0.024625623960066557
1981-05-15,0.265,QmnJ,Bonne,0.02204658901830283
1981-05-16,0.291,QmnJ,Bonne,0.024209650582362727
1981-05-17,0.31,QmnJ,Bonne,0.025790349417637273
1981-05-18,0.281,QmnJ,Bonne,0.023377703826955077
1981-05-19,0.247,QmnJ,Bonne,0.02054908485856905
1981-05-20,0.239,QmnJ,Bonne,0.01988352745424293
1981-05-21,0.213,QmnJ,Bonne,0.01772046589018303
1981-05-22,0.208,QmnJ,Bonne,0.017304492512479203
1981-05-23,0.284,QmnJ,Bonne,0.02362728785357737
1981-05-24,0.261,QmnJ,Bonne,0.021713810316139767
1981-05-25,0.322,QmnJ,Bonne,0.026788685524126457
1981-05-26,0.242,QmnJ,Bonne,0.020133111480865225
1981-05-27,0.249,QmnJ,Bonne,0.020715474209650583
1981-05-28,0.277,QmnJ,Bonne,0.023044925124792018
1981-05-29,0.252,QmnJ,Bonne,0.020965058236272878
1981-05-30,0.386,QmnJ,Bonne,0.032113144758735446
1981-05-31,0.26,QmnJ,Bonne,0.021630615640599003
1981-06-01,0.23,QmnJ,Bonne,0.01913477537437604
1981-06-02,0.234,QmnJ,Bonne,0.019467554076539103
1981-06-03,0.219,QmnJ,Bonne,0.01821963394342762
1981-06-04,0.208,QmnJ,Bonne,0.017304492512479203
1981-06-05,0.202,QmnJ,Bonne,0.016805324459234612
1981-06-06,0.197,QmnJ,Bonne,0.016389351081530782
1981-06-07,0.18,QmnJ,Bonne,0.014975041597337771
1981-06-08,0.188,QmnJ,Bonne,0.015640599001663893
1981-06-09,0.176,QmnJ,Bonne,0.014642262895174708
1981-06-10,0.157,QmnJ,Bonne,0.013061564059900168
1981-06-11,0.14,QmnJ,Bonne,0.011647254575707157
1981-06-12,0.135,QmnJ,Bonne,0.011231281198003328
1981-06-13,0.13,QmnJ,Bonne,0.010815307820299502
1981-06-14,0.114,QmnJ,Bonne,0.009484193011647254
1981-06-15,0.102,QmnJ,Bonne,0.00848585690515807
1981-06-16,0.096,QmnJ,Bonne,0.007986688851913478
1981-06-17,0.094,QmnJ,Bonne,0.007820299500831946
1981-06-18,0.088,QmnJ,Bonne,0.007321131447587354
1981-06-19,0.088,QmnJ,Bonne,0.007321131447587354
1981-06-20,0.086,QmnJ,Bonne,0.007154742096505824
1981-06-21,0.077,QmnJ,Bonne,0.006405990016638935
1981-06-22,0.072,QmnJ,Bonne,0.005990016638935108
1981-06-23,0.07,QmnJ,Bonne,0.005823627287853578
1981-06-24,0.069,QmnJ,Bonne,0.005740432612312813
1981-06-25,0.072,QmnJ,Bonne,0.005990016638935108
1981-06-26,0.072,QmnJ,Bonne,0.005990016638935108
1981-06-27,0.069,QmnJ,Bonne,0.005740432612312813
1981-06-28,0.061,QmnJ,Bonne,0.005074875207986689
1981-06-29,0.054,QmnJ,Bonne,0.004492512479201331
1981-06-30,0.05,QmnJ,Bonne,0.00415973377703827
1981-07-01,0.045,QmnJ,Bonne,0.0037437603993344427
1981-07-02,0.048,QmnJ,Bonne,0.003993344425956739
1981-07-03,0.045,QmnJ,Bonne,0.0037437603993344427
1981-07-04,0.047,QmnJ,Bonne,0.003910149750415973
1981-07-05,0.043,QmnJ,Bonne,0.003577371048252912
1981-07-06,0.037,QmnJ,Bonne,0.0030782029950083196
1981-07-07,0.033,QmnJ,Bonne,0.0027454242928452582
1981-07-08,0.036,QmnJ,Bonne,0.002995008319467554
1981-07-09,0.045,QmnJ,Bonne,0.0037437603993344427
1981-07-10,0.039,QmnJ,Bonne,0.0032445923460898505
1981-07-11,0.032,QmnJ,Bonne,0.0026622296173044926
1981-07-12,0.032,QmnJ,Bonne,0.0026622296173044926
1981-07-13,0.032,QmnJ,Bonne,0.0026622296173044926
1981-07-14,0.031,QmnJ,Bonne,0.0025790349417637273
1981-07-15,0.027,QmnJ,Bonne,0.0022462562396006656
1981-07-16,0.025,QmnJ,Bonne,0.002079866888519135
1981-07-17,0.026,QmnJ,Bonne,0.0021630615640599003
1981-07-18,0.027,QmnJ,Bonne,0.0022462562396006656
1981-07-19,0.024,QmnJ,Bonne,0.0019966722129783694
1981-07-20,0.022,QmnJ,Bonne,0.0018302828618968385
1981-07-21,0.02,QmnJ,Bonne,0.0016638935108153079
1981-07-22,0.024,QmnJ,Bonne,0.0019966722129783694
1981-07-23,0.024,QmnJ,Bonne,0.0019966722129783694
1981-07-24,0.024,QmnJ,Bonne,0.0019966722129783694
1981-07-25,0.022,QmnJ,Bonne,0.0018302828618968385
1981-07-26,0.021,QmnJ,Bonne,0.0017470881863560733
1981-07-27,0.018,QmnJ,Bonne,0.001497504159733777
1981-07-28,0.014,QmnJ,Bonne,0.0011647254575707156
1981-07-29,0.015,QmnJ,Bonne,0.0012479201331114808
1981-07-30,0.013,QmnJ,Bonne,0.0010815307820299502
1981-07-31,0.015,QmnJ,Bonne,0.0012479201331114808
1981-08-01,0.017,QmnJ,Bonne,0.0014143094841930117
1981-08-02,0.018,QmnJ,Bonne,0.001497504159733777
1981-08-03,0.016,QmnJ,Bonne,0.0013311148086522463
1981-08-04,0.013,QmnJ,Bonne,0.0010815307820299502
1981-08-05,0.017,QmnJ,Bonne,0.0014143094841930117
1981-08-06,0.056,QmnJ,Bonne,0.0046589018302828624
1981-08-07,0.027,QmnJ,Bonne,0.0022462562396006656
1981-08-08,0.019,QmnJ,Bonne,0.0015806988352745424
1981-08-09,0.019,QmnJ,Bonne,0.0015806988352745424
1981-08-10,0.018,QmnJ,Bonne,0.001497504159733777
1981-08-11,0.015,QmnJ,Bonne,0.0012479201331114808
1981-08-12,0.013,QmnJ,Bonne,0.0010815307820299502
1981-08-13,0.013,QmnJ,Bonne,0.0010815307820299502
1981-08-14,0.01,QmnJ,Bonne,0.0008319467554076539
1981-08-15,0.007,QmnJ,Bonne,0.0005823627287853578
1981-08-16,0.007,QmnJ,Bonne,0.0005823627287853578
1981-08-17,0.006,QmnJ,Bonne,0.0004991680532445924
1981-08-18,0.004,QmnJ,Bonne,0.00033277870216306157
1981-08-19,0.004,QmnJ,Bonne,0.00033277870216306157
1981-08-20,0.004,QmnJ,Bonne,0.00033277870216306157
1981-08-21,0.004,QmnJ,Bonne,0.00033277870216306157
1981-08-22,0.004,QmnJ,Bonne,0.00033277870216306157
1981-08-23,0.004,QmnJ,Bonne,0.00033277870216306157
1981-08-24,0.004,QmnJ,Bonne,0.00033277870216306157
1981-08-25,0.002,QmnJ,Bonne,0.00016638935108153079
1981-08-26,0.002,QmnJ,Bonne,0.00016638935108153079
1981-08-27,0.002,QmnJ,Bonne,0.00016638935108153079
1981-08-28,0.002,QmnJ,Bonne,0.00016638935108153079
1981-08-29,0.004,QmnJ,Bonne,0.00033277870216306157
1981-08-30,0.004,QmnJ,Bonne,0.00033277870216306157
1981-08-31,0.01,QmnJ,Bonne,0.0008319467554076539
1981-09-01,0.009,QmnJ,Bonne,0.0007487520798668885
1981-09-02,0.007,QmnJ,Bonne,0.0005823627287853578
1981-09-03,0.006,QmnJ,Bonne,0.0004991680532445924
1981-09-04,0.004,QmnJ,Bonne,0.00033277870216306157
1981-09-05,0.002,QmnJ,Bonne,0.00016638935108153079
1981-09-06,0.002,QmnJ,Bonne,0.00016638935108153079
1981-09-07,0.003,QmnJ,Bonne,0.0002495840266222962
1981-09-08,0.002,QmnJ,Bonne,0.00016638935108153079
1981-09-09,0.002,QmnJ,Bonne,0.00016638935108153079
1981-09-10,0.002,QmnJ,Bonne,0.00016638935108153079
1981-09-11,0.003,QmnJ,Bonne,0.0002495840266222962
1981-09-12,0.003,QmnJ,Bonne,0.0002495840266222962
1981-09-13,0.004,QmnJ,Bonne,0.00033277870216306157
1981-09-14,0.003,QmnJ,Bonne,0.0002495840266222962
1981-09-15,0.002,QmnJ,Bonne,0.00016638935108153079
1981-09-16,0.003,QmnJ,Bonne,0.0002495840266222962
1981-09-17,0.003,QmnJ,Bonne,0.0002495840266222962
1981-09-18,0.004,QmnJ,Bonne,0.00033277870216306157
1981-09-19,0.003,QmnJ,Bonne,0.0002495840266222962
1981-09-20,0.17,QmnJ,Bonne,0.014143094841930118
1981-09-21,0.071,QmnJ,Bonne,0.005906821963394342
1981-09-22,0.034,QmnJ,Bonne,0.0028286189683860235
1981-09-23,0.024,QmnJ,Bonne,0.0019966722129783694
1981-09-24,0.021,QmnJ,Bonne,0.0017470881863560733
1981-09-25,0.039,QmnJ,Bonne,0.0032445923460898505
1981-09-26,0.187,QmnJ,Bonne,0.015557404326123129
1981-09-27,0.066,QmnJ,Bonne,0.0054908485856905165
1981-09-28,0.047,QmnJ,Bonne,0.003910149750415973
1981-09-29,0.037,QmnJ,Bonne,0.0030782029950083196
1981-09-30,0.037,QmnJ,Bonne,0.0030782029950083196
1981-10-01,0.056,QmnJ,Bonne,0.0046589018302828624
1981-10-02,0.05,QmnJ,Bonne,0.00415973377703827
1981-10-03,0.04,QmnJ,Bonne,0.0033277870216306157
1981-10-04,0.032,QmnJ,Bonne,0.0026622296173044926
1981-10-05,0.031,QmnJ,Bonne,0.0025790349417637273
1981-10-06,0.061,QmnJ,Bonne,0.005074875207986689
1981-10-07,0.05,QmnJ,Bonne,0.00415973377703827
1981-10-08,0.041,QmnJ,Bonne,0.0034109816971713814
1981-10-09,0.062,QmnJ,Bonne,0.005158069883527455
1981-10-10,0.141,QmnJ,Bonne,0.011730449251247919
1981-10-11,0.088,QmnJ,Bonne,0.007321131447587354
1981-10-12,0.068,QmnJ,Bonne,0.005657237936772047
1981-10-13,0.06,QmnJ,Bonne,0.004991680532445923
1981-10-14,0.102,QmnJ,Bonne,0.00848585690515807
1981-10-15,0.152,QmnJ,Bonne,0.01264559068219634
1981-10-16,0.098,QmnJ,Bonne,0.008153078202995009
1981-10-17,0.096,QmnJ,Bonne,0.007986688851913478
1981-10-18,0.079,QmnJ,Bonne,0.006572379367720466
1981-10-19,0.072,QmnJ,Bonne,0.005990016638935108
1981-10-20,0.072,QmnJ,Bonne,0.005990016638935108
1981-10-21,0.072,QmnJ,Bonne,0.005990016638935108
1981-10-22,0.069,QmnJ,Bonne,0.005740432612312813
1981-10-23,0.064,QmnJ,Bonne,0.005324459234608985
1981-10-24,0.064,QmnJ,Bonne,0.005324459234608985
1981-10-25,0.083,QmnJ,Bonne,0.006905158069883528
1981-10-26,0.082,QmnJ,Bonne,0.006821963394342763
1981-10-27,0.072,QmnJ,Bonne,0.005990016638935108
1981-10-28,0.064,QmnJ,Bonne,0.005324459234608985
1981-10-29,0.088,QmnJ,Bonne,0.007321131447587354
1981-10-30,0.074,QmnJ,Bonne,0.006156405990016639
1981-10-31,0.068,QmnJ,Bonne,0.005657237936772047
1981-11-01,0.064,QmnJ,Bonne,0.005324459234608985
1981-11-02,0.06,QmnJ,Bonne,0.004991680532445923
1981-11-03,0.06,QmnJ,Bonne,0.004991680532445923
1981-11-04,0.06,QmnJ,Bonne,0.004991680532445923
1981-11-05,0.056,QmnJ,Bonne,0.0046589018302828624
1981-11-06,0.056,QmnJ,Bonne,0.0046589018302828624
1981-11-07,0.056,QmnJ,Bonne,0.0046589018302828624
1981-11-08,0.056,QmnJ,Bonne,0.0046589018302828624
1981-11-09,0.051,QmnJ,Bonne,0.004242928452579035
1981-11-10,0.05,QmnJ,Bonne,0.00415973377703827
1981-11-11,0.05,QmnJ,Bonne,0.00415973377703827
1981-11-12,0.048,QmnJ,Bonne,0.003993344425956739
1981-11-13,0.043,QmnJ,Bonne,0.003577371048252912
1981-11-14,0.043,QmnJ,Bonne,0.003577371048252912
1981-11-15,0.044,QmnJ,Bonne,0.003660565723793677
1981-11-16,0.045,QmnJ,Bonne,0.0037437603993344427
1981-11-17,0.047,QmnJ,Bonne,0.003910149750415973
1981-11-18,0.049,QmnJ,Bonne,0.0040765391014975045
1981-11-19,0.05,QmnJ,Bonne,0.00415973377703827
1981-11-20,0.048,QmnJ,Bonne,0.003993344425956739
1981-11-21,0.046,QmnJ,Bonne,0.003826955074875208
1981-11-22,0.045,QmnJ,Bonne,0.0037437603993344427
1981-11-23,0.05,QmnJ,Bonne,0.00415973377703827
1981-11-24,0.046,QmnJ,Bonne,0.003826955074875208
1981-11-25,0.041,QmnJ,Bonne,0.0034109816971713814
1981-11-26,0.037,QmnJ,Bonne,0.0030782029950083196
1981-11-27,0.055,QmnJ,Bonne,0.004575707154742097
1981-11-28,0.052,QmnJ,Bonne,0.004326123128119801
1981-11-29,0.056,QmnJ,Bonne,0.0046589018302828624
1981-11-30,0.064,QmnJ,Bonne,0.005324459234608985
1981-12-01,0.059,QmnJ,Bonne,0.004908485856905158
1981-12-02,0.047,QmnJ,Bonne,0.003910149750415973
1981-12-03,0.043,QmnJ,Bonne,0.003577371048252912
1981-12-04,0.043,QmnJ,Bonne,0.003577371048252912
1981-12-05,0.043,QmnJ,Bonne,0.003577371048252912
1981-12-06,0.044,QmnJ,Bonne,0.003660565723793677
1981-12-07,0.045,QmnJ,Bonne,0.0037437603993344427
1981-12-08,0.043,QmnJ,Bonne,0.003577371048252912
1981-12-09,0.043,QmnJ,Bonne,0.003577371048252912
1981-12-10,0.043,QmnJ,Bonne,0.003577371048252912
1981-12-11,0.043,QmnJ,Bonne,0.003577371048252912
1981-12-12,0.043,QmnJ,Bonne,0.003577371048252912
1981-12-13,0.058,QmnJ,Bonne,0.004825291181364393
1981-12-14,0.114,QmnJ,Bonne,0.009484193011647254
1981-12-15,0.182,QmnJ,Bonne,0.0151414309484193
1981-12-16,0.131,QmnJ,Bonne,0.010898502495840267
1981-12-17,0.14,QmnJ,Bonne,0.011647254575707157
1981-12-18,0.368,QmnJ,Bonne,0.030615640599001664
1981-12-19,0.159,QmnJ,Bonne,0.013227953410981697
1981-12-20,0.288,QmnJ,Bonne,0.02396006655574043
1981-12-21,0.317,QmnJ,Bonne,0.02637271214642263
1981-12-22,0.207,QmnJ,Bonne,0.017221297836938435
1981-12-23,0.314,QmnJ,Bonne,0.026123128119800335
1981-12-24,0.48,QmnJ,Bonne,0.03993344425956739
1981-12-25,0.245,QmnJ,Bonne,0.02038269550748752
1981-12-26,0.236,QmnJ,Bonne,0.01963394342762063
1981-12-27,0.243,QmnJ,Bonne,0.02021630615640599
1981-12-28,0.241,QmnJ,Bonne,0.02004991680532446
1981-12-29,0.312,QmnJ,Bonne,0.025956738768718804
1981-12-30,0.289,QmnJ,Bonne,0.0240432612312812
1981-12-31,0.301,QmnJ,Bonne,0.025041597337770383
1982-01-01,0.367,QmnJ,Bonne,0.0305324459234609
1982-01-02,0.266,QmnJ,Bonne,0.022129783693843597
1982-01-03,0.249,QmnJ,Bonne,0.020715474209650583
1982-01-04,0.35,QmnJ,Bonne,0.029118136439267885
1982-01-05,0.548,QmnJ,Bonne,0.04559068219633944
1982-01-06,0.7,QmnJ,Bonne,0.05823627287853577
1982-01-07,0.494,QmnJ,Bonne,0.0410981697171381
1982-01-08,0.775,QmnJ,Bonne,0.06447587354409318
1982-01-09,1.285,QmnJ,Bonne,0.10690515806988353
1982-01-10,0.993,QmnJ,Bonne,0.08261231281198003
1982-01-11,0.884,QmnJ,Bonne,0.0735440931780366
1982-01-12,0.505,QmnJ,Bonne,0.04201331114808653
1982-01-13,0.404,QmnJ,Bonne,0.033610648918469224
1982-01-14,0.385,QmnJ,Bonne,0.032029950083194675
1982-01-15,0.363,QmnJ,Bonne,0.030199667221297837
1982-01-16,0.341,QmnJ,Bonne,0.028369384359401003
1982-01-17,0.35,QmnJ,Bonne,0.029118136439267885
1982-01-18,0.295,QmnJ,Bonne,0.02454242928452579
1982-01-19,0.272,QmnJ,Bonne,0.022628951747088188
1982-01-20,0.281,QmnJ,Bonne,0.023377703826955077
1982-01-21,0.252,QmnJ,Bonne,0.020965058236272878
1982-01-22,0.24,QmnJ,Bonne,0.019966722129783693
1982-01-23,0.23,QmnJ,Bonne,0.01913477537437604
1982-01-24,0.396,QmnJ,Bonne,0.0329450915141431
1982-01-25,0.264,QmnJ,Bonne,0.021963394342762066
1982-01-26,0.286,QmnJ,Bonne,0.0237936772046589
1982-01-27,0.268,QmnJ,Bonne,0.02229617304492513
1982-01-28,0.222,QmnJ,Bonne,0.01846921797004992
1982-01-29,0.22,QmnJ,Bonne,0.018302828618968387
1982-01-30,0.208,QmnJ,Bonne,0.017304492512479203
1982-01-31,0.193,QmnJ,Bonne,0.016056572379367723
1982-02-01,0.184,QmnJ,Bonne,0.015307820299500832
1982-02-02,0.182,QmnJ,Bonne,0.0151414309484193
1982-02-03,0.171,QmnJ,Bonne,0.014226289517470883
1982-02-04,0.166,QmnJ,Bonne,0.013810316139767057
1982-02-05,0.155,QmnJ,Bonne,0.012895174708818636
1982-02-06,0.169,QmnJ,Bonne,0.014059900166389352
1982-02-07,0.155,QmnJ,Bonne,0.012895174708818636
1982-02-08,0.144,QmnJ,Bonne,0.011980033277870216
1982-02-09,0.137,QmnJ,Bonne,0.01139767054908486
1982-02-10,0.135,QmnJ,Bonne,0.011231281198003328
1982-02-11,0.135,QmnJ,Bonne,0.011231281198003328
1982-02-12,0.135,QmnJ,Bonne,0.011231281198003328
1982-02-13,0.256,QmnJ,Bonne,0.02129783693843594
1982-02-14,0.191,QmnJ,Bonne,0.01589018302828619
1982-02-15,0.149,QmnJ,Bonne,0.012396006655574042
1982-02-16,0.133,QmnJ,Bonne,0.011064891846921799
1982-02-17,0.138,QmnJ,Bonne,0.011480865224625625
1982-02-18,0.137,QmnJ,Bonne,0.01139767054908486
1982-02-19,0.131,QmnJ,Bonne,0.010898502495840267
1982-02-20,0.122,QmnJ,Bonne,0.010149750415973378
1982-02-21,0.117,QmnJ,Bonne,0.009733777038269551
1982-02-22,0.138,QmnJ,Bonne,0.011480865224625625
1982-02-23,0.127,QmnJ,Bonne,0.010565723793677205
1982-02-24,0.12,QmnJ,Bonne,0.009983361064891847
1982-02-25,0.168,QmnJ,Bonne,0.013976705490848586
1982-02-26,0.126,QmnJ,Bonne,0.010482529118136439
1982-02-27,0.237,QmnJ,Bonne,0.019717138103161398
1982-02-28,0.149,QmnJ,Bonne,0.012396006655574042
1982-03-01,0.145,QmnJ,Bonne,0.012063227953410981
1982-03-02,0.149,QmnJ,Bonne,0.012396006655574042
1982-03-03,0.149,QmnJ,Bonne,0.012396006655574042
1982-03-04,0.146,QmnJ,Bonne,0.012146422628951747
1982-03-05,0.136,QmnJ,Bonne,0.011314475873544094
1982-03-06,0.131,QmnJ,Bonne,0.010898502495840267
1982-03-07,0.15,QmnJ,Bonne,0.012479201331114808
1982-03-08,0.139,QmnJ,Bonne,0.011564059900166391
1982-03-09,0.161,QmnJ,Bonne,0.013394342762063229
1982-03-10,0.208,QmnJ,Bonne,0.017304492512479203
1982-03-11,0.147,QmnJ,Bonne,0.012229617304492513
1982-03-12,0.155,QmnJ,Bonne,0.012895174708818636
1982-03-13,0.14,QmnJ,Bonne,0.011647254575707157
1982-03-14,0.14,QmnJ,Bonne,0.011647254575707157
1982-03-15,0.162,QmnJ,Bonne,0.013477537437603994
1982-03-16,0.185,QmnJ,Bonne,0.015391014975041598
1982-03-17,0.163,QmnJ,Bonne,0.01356073211314476
1982-03-18,0.153,QmnJ,Bonne,0.012728785357737105
1982-03-19,0.155,QmnJ,Bonne,0.012895174708818636
1982-03-20,0.14,QmnJ,Bonne,0.011647254575707157
1982-03-21,0.163,QmnJ,Bonne,0.01356073211314476
1982-03-22,0.147,QmnJ,Bonne,0.012229617304492513
1982-03-23,0.133,QmnJ,Bonne,0.011064891846921799
1982-03-24,0.126,QmnJ,Bonne,0.010482529118136439
1982-03-25,0.123,QmnJ,Bonne,0.010232945091514144
1982-03-26,0.116,QmnJ,Bonne,0.009650582362728786
1982-03-27,0.116,QmnJ,Bonne,0.009650582362728786
1982-03-28,0.115,QmnJ,Bonne,0.00956738768718802
1982-03-29,0.107,QmnJ,Bonne,0.008901830282861897
1982-03-30,0.106,QmnJ,Bonne,0.008818635607321131
1982-03-31,0.099,QmnJ,Bonne,0.008236272878535775
1982-04-01,0.096,QmnJ,Bonne,0.007986688851913478
1982-04-02,0.094,QmnJ,Bonne,0.007820299500831946
1982-04-03,0.088,QmnJ,Bonne,0.007321131447587354
1982-04-04,0.088,QmnJ,Bonne,0.007321131447587354
1982-04-05,0.088,QmnJ,Bonne,0.007321131447587354
1982-04-06,0.095,QmnJ,Bonne,0.007903494176372712
1982-04-07,0.096,QmnJ,Bonne,0.007986688851913478
1982-04-08,0.094,QmnJ,Bonne,0.007820299500831946
1982-04-09,0.088,QmnJ,Bonne,0.007321131447587354
1982-04-10,0.084,QmnJ,Bonne,0.006988352745424293
1982-04-11,0.08,QmnJ,Bonne,0.0066555740432612314
1982-04-12,0.08,QmnJ,Bonne,0.0066555740432612314
1982-04-13,0.079,QmnJ,Bonne,0.006572379367720466
1982-04-14,0.072,QmnJ,Bonne,0.005990016638935108
1982-04-15,0.072,QmnJ,Bonne,0.005990016638935108
1982-04-16,0.07,QmnJ,Bonne,0.005823627287853578
1982-04-17,0.064,QmnJ,Bonne,0.005324459234608985
1982-04-18,0.061,QmnJ,Bonne,0.005074875207986689
1982-04-19,0.056,QmnJ,Bonne,0.0046589018302828624
1982-04-20,0.056,QmnJ,Bonne,0.0046589018302828624
1982-04-21,0.056,QmnJ,Bonne,0.0046589018302828624
1982-04-22,0.056,QmnJ,Bonne,0.0046589018302828624
1982-04-23,0.052,QmnJ,Bonne,0.004326123128119801
1982-04-24,0.049,QmnJ,Bonne,0.0040765391014975045
1982-04-25,0.044,QmnJ,Bonne,0.003660565723793677
1982-04-26,0.043,QmnJ,Bonne,0.003577371048252912
1982-04-27,0.043,QmnJ,Bonne,0.003577371048252912
1982-04-28,0.043,QmnJ,Bonne,0.003577371048252912
1982-04-29,0.041,QmnJ,Bonne,0.0034109816971713814
1982-04-30,0.037,QmnJ,Bonne,0.0030782029950083196
1982-05-01,0.037,QmnJ,Bonne,0.0030782029950083196
1982-05-02,0.037,QmnJ,Bonne,0.0030782029950083196
1982-05-03,0.037,QmnJ,Bonne,0.0030782029950083196
1982-05-04,0.037,QmnJ,Bonne,0.0030782029950083196
1982-05-05,0.043,QmnJ,Bonne,0.003577371048252912
1982-05-06,0.043,QmnJ,Bonne,0.003577371048252912
1982-05-07,0.051,QmnJ,Bonne,0.004242928452579035
1982-05-08,0.078,QmnJ,Bonne,0.006489184692179701
1982-05-09,0.052,QmnJ,Bonne,0.004326123128119801
1982-05-10,0.043,QmnJ,Bonne,0.003577371048252912
1982-05-11,0.043,QmnJ,Bonne,0.003577371048252912
1982-05-12,0.042,QmnJ,Bonne,0.0034941763727121466
1982-05-13,0.036,QmnJ,Bonne,0.002995008319467554
1982-05-14,0.032,QmnJ,Bonne,0.0026622296173044926
1982-05-15,0.032,QmnJ,Bonne,0.0026622296173044926
1982-05-16,0.03,QmnJ,Bonne,0.0024958402662229617
1982-05-17,0.028,QmnJ,Bonne,0.0023294509151414312
1982-05-18,0.027,QmnJ,Bonne,0.0022462562396006656
1982-05-19,0.025,QmnJ,Bonne,0.002079866888519135
1982-05-20,0.026,QmnJ,Bonne,0.0021630615640599003
1982-05-21,0.024,QmnJ,Bonne,0.0019966722129783694
1982-05-22,0.024,QmnJ,Bonne,0.0019966722129783694
1982-05-23,0.026,QmnJ,Bonne,0.0021630615640599003
1982-05-24,0.025,QmnJ,Bonne,0.002079866888519135
1982-05-25,0.022,QmnJ,Bonne,0.0018302828618968385
1982-05-26,0.019,QmnJ,Bonne,0.0015806988352745424
1982-05-27,0.021,QmnJ,Bonne,0.0017470881863560733
1982-05-28,0.018,QmnJ,Bonne,0.001497504159733777
1982-05-29,0.016,QmnJ,Bonne,0.0013311148086522463
1982-05-30,0.016,QmnJ,Bonne,0.0013311148086522463
1982-05-31,0.015,QmnJ,Bonne,0.0012479201331114808
1982-06-01,0.013,QmnJ,Bonne,0.0010815307820299502
1982-06-02,0.013,QmnJ,Bonne,0.0010815307820299502
1982-06-03,0.013,QmnJ,Bonne,0.0010815307820299502
1982-06-04,0.015,QmnJ,Bonne,0.0012479201331114808
1982-06-05,0.015,QmnJ,Bonne,0.0012479201331114808
1982-06-06,0.013,QmnJ,Bonne,0.0010815307820299502
1982-06-07,0.012,QmnJ,Bonne,0.0009983361064891847
1982-06-08,0.01,QmnJ,Bonne,0.0008319467554076539
1982-06-09,0.009,QmnJ,Bonne,0.0007487520798668885
1982-06-10,0.007,QmnJ,Bonne,0.0005823627287853578
1982-06-11,0.007,QmnJ,Bonne,0.0005823627287853578
1982-06-12,0.009,QmnJ,Bonne,0.0007487520798668885
1982-06-13,0.011,QmnJ,Bonne,0.0009151414309484193
1982-06-14,0.011,QmnJ,Bonne,0.0009151414309484193
1982-06-15,0.013,QmnJ,Bonne,0.0010815307820299502
1982-06-16,0.012,QmnJ,Bonne,0.0009983361064891847
1982-06-17,0.024,QmnJ,Bonne,0.0019966722129783694
1982-06-18,0.037,QmnJ,Bonne,0.0030782029950083196
1982-06-19,0.021,QmnJ,Bonne,0.0017470881863560733
1982-06-20,0.016,QmnJ,Bonne,0.0013311148086522463
1982-06-21,0.016,QmnJ,Bonne,0.0013311148086522463
1982-06-22,0.021,QmnJ,Bonne,0.0017470881863560733
1982-06-23,0.019,QmnJ,Bonne,0.0015806988352745424
1982-06-24,0.018,QmnJ,Bonne,0.001497504159733777
1982-06-25,0.016,QmnJ,Bonne,0.0013311148086522463
1982-06-26,0.02,QmnJ,Bonne,0.0016638935108153079
1982-06-27,0.024,QmnJ,Bonne,0.0019966722129783694
1982-06-28,0.018,QmnJ,Bonne,0.001497504159733777
1982-06-29,0.015,QmnJ,Bonne,0.0012479201331114808
1982-06-30,0.012,QmnJ,Bonne,0.0009983361064891847
1982-07-01,0.01,QmnJ,Bonne,0.0008319467554076539
1982-07-02,0.009,QmnJ,Bonne,0.0007487520798668885
1982-07-03,0.007,QmnJ,Bonne,0.0005823627287853578
1982-07-04,0.006,QmnJ,Bonne,0.0004991680532445924
1982-07-05,0.005,QmnJ,Bonne,0.00041597337770382697
1982-07-06,0.004,QmnJ,Bonne,0.00033277870216306157
1982-07-07,0.004,QmnJ,Bonne,0.00033277870216306157
1982-07-08,0.003,QmnJ,Bonne,0.0002495840266222962
1982-07-09,0.002,QmnJ,Bonne,0.00016638935108153079
1982-07-10,0.002,QmnJ,Bonne,0.00016638935108153079
1982-07-11,0.002,QmnJ,Bonne,0.00016638935108153079
1982-07-12,0.003,QmnJ,Bonne,0.0002495840266222962
1982-07-13,0.007,QmnJ,Bonne,0.0005823627287853578
1982-07-14,0.047,QmnJ,Bonne,0.003910149750415973
1982-07-15,0.014,QmnJ,Bonne,0.0011647254575707156
1982-07-16,0.007,QmnJ,Bonne,0.0005823627287853578
1982-07-17,0.006,QmnJ,Bonne,0.0004991680532445924
1982-07-18,0.002,QmnJ,Bonne,0.00016638935108153079
1982-07-19,0.002,QmnJ,Bonne,0.00016638935108153079
1982-07-20,0.002,QmnJ,Bonne,0.00016638935108153079
1982-07-21,0.002,QmnJ,Bonne,0.00016638935108153079
1982-07-22,0.002,QmnJ,Bonne,0.00016638935108153079
1982-07-23,0.039,QmnJ,Bonne,0.0032445923460898505
1982-07-24,0.015,QmnJ,Bonne,0.0012479201331114808
1982-07-25,0.009,QmnJ,Bonne,0.0007487520798668885
1982-07-26,0.007,QmnJ,Bonne,0.0005823627287853578
1982-07-27,0.004,QmnJ,Bonne,0.00033277870216306157
1982-07-28,0.002,QmnJ,Bonne,0.00016638935108153079
1982-07-29,0.002,QmnJ,Bonne,0.00016638935108153079
1982-07-30,0.002,QmnJ,Bonne,0.00016638935108153079
1982-07-31,0.004,QmnJ,Bonne,0.00033277870216306157
1982-08-01,0.003,QmnJ,Bonne,0.0002495840266222962
1982-08-02,0.002,QmnJ,Bonne,0.00016638935108153079
1982-08-03,0.002,QmnJ,Bonne,0.00016638935108153079
1982-08-04,0.002,QmnJ,Bonne,0.00016638935108153079
1982-08-05,0.002,QmnJ,Bonne,0.00016638935108153079
1982-08-06,0.002,QmnJ,Bonne,0.00016638935108153079
1982-08-07,0.002,QmnJ,Bonne,0.00016638935108153079
1982-08-08,0.002,QmnJ,Bonne,0.00016638935108153079
1982-08-09,0.002,QmnJ,Bonne,0.00016638935108153079
1982-08-10,0.004,QmnJ,Bonne,0.00033277870216306157
1982-08-11,0.004,QmnJ,Bonne,0.00033277870216306157
1982-08-12,0.006,QmnJ,Bonne,0.0004991680532445924
1982-08-13,0.007,QmnJ,Bonne,0.0005823627287853578
1982-08-14,0.007,QmnJ,Bonne,0.0005823627287853578
1982-08-15,0.003,QmnJ,Bonne,0.0002495840266222962
1982-08-16,0.003,QmnJ,Bonne,0.0002495840266222962
1982-08-17,0.005,QmnJ,Bonne,0.00041597337770382697
1982-08-18,0.006,QmnJ,Bonne,0.0004991680532445924
1982-08-19,0.007,QmnJ,Bonne,0.0005823627287853578
1982-08-20,0.007,QmnJ,Bonne,0.0005823627287853578
1982-08-21,0.007,QmnJ,Bonne,0.0005823627287853578
1982-08-22,0.007,QmnJ,Bonne,0.0005823627287853578
1982-08-23,0.007,QmnJ,Bonne,0.0005823627287853578
1982-08-24,0.007,QmnJ,Bonne,0.0005823627287853578
1982-08-25,0.007,QmnJ,Bonne,0.0005823627287853578
1982-08-26,0.007,QmnJ,Bonne,0.0005823627287853578
1982-08-27,0.007,QmnJ,Bonne,0.0005823627287853578
1982-08-28,0.007,QmnJ,Bonne,0.0005823627287853578
1982-08-29,0.007,QmnJ,Bonne,0.0005823627287853578
1982-08-30,0.007,QmnJ,Bonne,0.0005823627287853578
1982-08-31,0.007,QmnJ,Bonne,0.0005823627287853578
1982-09-01,0.007,QmnJ,Bonne,0.0005823627287853578
1982-09-02,0.007,QmnJ,Bonne,0.0005823627287853578
1982-09-03,0.007,QmnJ,Bonne,0.0005823627287853578
1982-09-04,0.007,QmnJ,Bonne,0.0005823627287853578
1982-09-05,0.007,QmnJ,Bonne,0.0005823627287853578
1982-09-06,0.007,QmnJ,Bonne,0.0005823627287853578
1982-09-07,0.007,QmnJ,Bonne,0.0005823627287853578
1982-09-08,0.007,QmnJ,Bonne,0.0005823627287853578
1982-09-09,0.007,QmnJ,Bonne,0.0005823627287853578
1982-09-10,0.007,QmnJ,Bonne,0.0005823627287853578
1982-09-11,0.007,QmnJ,Bonne,0.0005823627287853578
1982-09-12,0.007,QmnJ,Bonne,0.0005823627287853578
1982-09-13,0.007,QmnJ,Bonne,0.0005823627287853578
1982-09-14,0.007,QmnJ,Bonne,0.0005823627287853578
1982-09-15,0.007,QmnJ,Bonne,0.0005823627287853578
1982-09-16,0.007,QmnJ,Bonne,0.0005823627287853578
1982-09-17,0.007,QmnJ,Bonne,0.0005823627287853578
1982-09-18,0.007,QmnJ,Bonne,0.0005823627287853578
1982-09-19,0.007,QmnJ,Bonne,0.0005823627287853578
1982-09-20,0.007,QmnJ,Bonne,0.0005823627287853578
1982-09-21,0.015,QmnJ,Bonne,0.0012479201331114808
1982-09-22,0.01,QmnJ,Bonne,0.0008319467554076539
1982-09-23,0.012,QmnJ,Bonne,0.0009983361064891847
1982-09-24,0.021,QmnJ,Bonne,0.0017470881863560733
1982-09-25,0.025,QmnJ,Bonne,0.002079866888519135
1982-09-26,0.011,QmnJ,Bonne,0.0009151414309484193
1982-09-27,0.017,QmnJ,Bonne,0.0014143094841930117
1982-09-28,0.01,QmnJ,Bonne,0.0008319467554076539
1982-09-29,0.007,QmnJ,Bonne,0.0005823627287853578
1982-09-30,0.005,QmnJ,Bonne,0.00041597337770382697
1982-10-01,0.004,QmnJ,Bonne,0.00033277870216306157
1982-10-02,0.021,QmnJ,Bonne,0.0017470881863560733
1982-10-03,0.033,QmnJ,Bonne,0.0027454242928452582
1982-10-04,0.239,QmnJ,Bonne,0.01988352745424293
1982-10-05,0.091,QmnJ,Bonne,0.00757071547420965
1982-10-06,0.053,QmnJ,Bonne,0.0044093178036605655
1982-10-07,0.048,QmnJ,Bonne,0.003993344425956739
1982-10-08,0.038,QmnJ,Bonne,0.003161397670549085
1982-10-09,0.034,QmnJ,Bonne,0.0028286189683860235
1982-10-10,0.03,QmnJ,Bonne,0.0024958402662229617
1982-10-11,0.052,QmnJ,Bonne,0.004326123128119801
1982-10-12,0.068,QmnJ,Bonne,0.005657237936772047
1982-10-13,0.106,QmnJ,Bonne,0.008818635607321131
1982-10-14,0.156,QmnJ,Bonne,0.012978369384359402
1982-10-15,0.129,QmnJ,Bonne,0.010732113144758736
1982-10-16,0.14,QmnJ,Bonne,0.011647254575707157
1982-10-17,0.208,QmnJ,Bonne,0.017304492512479203
1982-10-18,0.254,QmnJ,Bonne,0.02113144758735441
1982-10-19,0.176,QmnJ,Bonne,0.014642262895174708
1982-10-20,0.155,QmnJ,Bonne,0.012895174708818636
1982-10-21,0.155,QmnJ,Bonne,0.012895174708818636
1982-10-22,0.322,QmnJ,Bonne,0.026788685524126457
1982-10-23,0.147,QmnJ,Bonne,0.012229617304492513
1982-10-24,0.12,QmnJ,Bonne,0.009983361064891847
1982-10-25,0.177,QmnJ,Bonne,0.014725457570715474
1982-10-26,0.144,QmnJ,Bonne,0.011980033277870216
1982-10-27,0.13,QmnJ,Bonne,0.010815307820299502
1982-10-28,0.124,QmnJ,Bonne,0.01031613976705491
1982-10-29,0.116,QmnJ,Bonne,0.009650582362728786
1982-10-30,0.112,QmnJ,Bonne,0.009317803660565725
1982-11-01,0.101,QmnJ,Bonne,0.008402662229617306
1982-11-02,0.096,QmnJ,Bonne,0.007986688851913478
1982-11-03,0.094,QmnJ,Bonne,0.007820299500831946
1982-11-04,0.092,QmnJ,Bonne,0.007653910149750416
1982-11-05,0.091,QmnJ,Bonne,0.00757071547420965
1982-11-06,0.089,QmnJ,Bonne,0.00740432612312812
1982-11-07,0.638,QmnJ,Bonne,0.053078202995008324
1982-11-08,0.575,QmnJ,Bonne,0.0478369384359401
1982-11-09,0.265,QmnJ,Bonne,0.02204658901830283
1982-11-10,0.247,QmnJ,Bonne,0.02054908485856905
1982-11-11,0.222,QmnJ,Bonne,0.01846921797004992
1982-11-12,0.439,QmnJ,Bonne,0.03652246256239601
1982-11-13,0.289,QmnJ,Bonne,0.0240432612312812
1982-11-14,0.274,QmnJ,Bonne,0.02279534109816972
1982-11-15,0.279,QmnJ,Bonne,0.023211314475873546
1982-11-16,0.277,QmnJ,Bonne,0.023044925124792018
1982-11-17,0.275,QmnJ,Bonne,0.022878535773710486
1982-11-18,0.274,QmnJ,Bonne,0.02279534109816972
1982-11-19,0.272,QmnJ,Bonne,0.022628951747088188
1982-11-20,0.27,QmnJ,Bonne,0.022462562396006656
1982-11-21,0.268,QmnJ,Bonne,0.02229617304492513
1982-11-22,0.254,QmnJ,Bonne,0.02113144758735441
1982-11-23,0.259,QmnJ,Bonne,0.02154742096505824
1982-11-24,0.29,QmnJ,Bonne,0.024126455906821963
1982-11-25,0.435,QmnJ,Bonne,0.03618968386023295
1982-11-26,0.265,QmnJ,Bonne,0.02204658901830283
1982-11-27,0.249,QmnJ,Bonne,0.020715474209650583
1982-11-28,0.231,QmnJ,Bonne,0.019217970049916808
1982-11-29,0.213,QmnJ,Bonne,0.01772046589018303
1982-11-30,0.209,QmnJ,Bonne,0.017387687188019967
1982-12-01,0.192,QmnJ,Bonne,0.015973377703826955
1982-12-02,0.189,QmnJ,Bonne,0.01572379367720466
1982-12-03,0.183,QmnJ,Bonne,0.015224625623960066
1982-12-04,0.179,QmnJ,Bonne,0.014891846921797005
1982-12-05,0.346,QmnJ,Bonne,0.028785357737104823
1982-12-06,0.509,QmnJ,Bonne,0.04234608985024959
1982-12-07,0.477,QmnJ,Bonne,0.03968386023294509
1982-12-08,0.404,QmnJ,Bonne,0.033610648918469224
1982-12-09,0.622,QmnJ,Bonne,0.05174708818635607
1982-12-10,0.555,QmnJ,Bonne,0.0461730449251248
1982-12-11,0.464,QmnJ,Bonne,0.03860232945091514
1982-12-12,0.433,QmnJ,Bonne,0.03602329450915141
1982-12-13,0.541,QmnJ,Bonne,0.045008319467554084
1982-12-14,0.406,QmnJ,Bonne,0.03377703826955075
1982-12-15,0.455,QmnJ,Bonne,0.037853577371048254
1982-12-16,0.496,QmnJ,Bonne,0.04126455906821964
1982-12-17,0.613,QmnJ,Bonne,0.050998336106489184
1982-12-18,0.457,QmnJ,Bonne,0.03801996672212979
1982-12-19,0.647,QmnJ,Bonne,0.05382695507487521
1982-12-20,1.207,QmnJ,Bonne,0.10041597337770383
1982-12-21,0.616,QmnJ,Bonne,0.05124792013311148
1982-12-22,0.566,QmnJ,Bonne,0.04708818635607321
1982-12-23,0.529,QmnJ,Bonne,0.044009983361064896
1982-12-24,0.541,QmnJ,Bonne,0.045008319467554084
1982-12-25,0.456,QmnJ,Bonne,0.03793677204658902
1982-12-26,0.414,QmnJ,Bonne,0.03444259567387687
1982-12-27,0.392,QmnJ,Bonne,0.032612312811980036
1982-12-28,0.374,QmnJ,Bonne,0.031114808652246258
1982-12-29,0.355,QmnJ,Bonne,0.029534109816971712
1982-12-30,0.337,QmnJ,Bonne,0.02803660565723794
1982-12-31,0.318,QmnJ,Bonne,0.026455906821963394
1983-01-01,0.3,QmnJ,Bonne,0.024958402662229616
1983-01-02,0.285,QmnJ,Bonne,0.023710482529118136
1983-01-03,0.301,QmnJ,Bonne,0.025041597337770383
1983-01-04,0.36,QmnJ,Bonne,0.029950083194675542
1983-01-05,0.374,QmnJ,Bonne,0.031114808652246258
1983-01-06,0.316,QmnJ,Bonne,0.026289517470881863
1983-01-07,0.315,QmnJ,Bonne,0.0262063227953411
1983-01-08,0.289,QmnJ,Bonne,0.0240432612312812
1983-01-09,0.272,QmnJ,Bonne,0.022628951747088188
1983-01-10,0.272,QmnJ,Bonne,0.022628951747088188
1983-01-11,0.266,QmnJ,Bonne,0.022129783693843597
1983-01-12,0.266,QmnJ,Bonne,0.022129783693843597
1983-01-13,0.301,QmnJ,Bonne,0.025041597337770383
1983-01-14,0.292,QmnJ,Bonne,0.024292845257903494
1983-01-15,0.288,QmnJ,Bonne,0.02396006655574043
1983-01-16,0.259,QmnJ,Bonne,0.02154742096505824
1983-01-17,0.251,QmnJ,Bonne,0.020881863560732114
1983-01-18,0.251,QmnJ,Bonne,0.020881863560732114
1983-01-19,0.247,QmnJ,Bonne,0.02054908485856905
1983-01-20,0.234,QmnJ,Bonne,0.019467554076539103
1983-01-21,0.23,QmnJ,Bonne,0.01913477537437604
1983-01-22,0.226,QmnJ,Bonne,0.01880199667221298
1983-01-23,0.222,QmnJ,Bonne,0.01846921797004992
1983-01-24,0.221,QmnJ,Bonne,0.01838602329450915
1983-01-25,0.221,QmnJ,Bonne,0.01838602329450915
1983-01-26,0.221,QmnJ,Bonne,0.01838602329450915
1983-01-27,0.221,QmnJ,Bonne,0.01838602329450915
1983-01-28,0.221,QmnJ,Bonne,0.01838602329450915
1983-01-29,0.224,QmnJ,Bonne,0.01863560732113145
1983-01-30,0.245,QmnJ,Bonne,0.02038269550748752
1983-01-31,0.285,QmnJ,Bonne,0.023710482529118136
1983-02-01,0.277,QmnJ,Bonne,0.023044925124792018
1983-02-02,0.247,QmnJ,Bonne,0.02054908485856905
1983-02-03,0.237,QmnJ,Bonne,0.019717138103161398
1983-02-04,0.257,QmnJ,Bonne,0.021381031613976708
1983-02-05,0.251,QmnJ,Bonne,0.020881863560732114
1983-02-06,0.289,QmnJ,Bonne,0.0240432612312812
1983-02-07,0.368,QmnJ,Bonne,0.030615640599001664
1983-02-08,0.388,QmnJ,Bonne,0.032279534109816974
1983-02-09,0.34,QmnJ,Bonne,0.028286189683860236
1983-02-10,0.339,QmnJ,Bonne,0.02820299500831947
1983-02-11,0.346,QmnJ,Bonne,0.028785357737104823
1983-02-12,0.34,QmnJ,Bonne,0.028286189683860236
1983-02-13,0.326,QmnJ,Bonne,0.02712146422628952
1983-02-14,0.334,QmnJ,Bonne,0.02778702163061564
1983-02-15,0.334,QmnJ,Bonne,0.02778702163061564
1983-02-16,0.334,QmnJ,Bonne,0.02778702163061564
1983-02-17,0.324,QmnJ,Bonne,0.02695507487520799
1983-02-18,0.315,QmnJ,Bonne,0.0262063227953411
1983-02-19,0.315,QmnJ,Bonne,0.0262063227953411
1983-02-20,0.31,QmnJ,Bonne,0.025790349417637273
1983-02-21,0.296,QmnJ,Bonne,0.024625623960066557
1983-02-22,0.296,QmnJ,Bonne,0.024625623960066557
1983-02-23,0.362,QmnJ,Bonne,0.030116472545757073
1983-02-24,0.409,QmnJ,Bonne,0.034026622296173044
1983-02-25,0.626,QmnJ,Bonne,0.052079866888519136
1983-02-26,0.579,QmnJ,Bonne,0.04816971713810316
1983-02-27,0.471,QmnJ,Bonne,0.0391846921797005
1983-02-28,0.466,QmnJ,Bonne,0.03876871880199668
1983-03-01,0.466,QmnJ,Bonne,0.03876871880199668
1983-03-02,0.466,QmnJ,Bonne,0.03876871880199668
1983-03-03,0.462,QmnJ,Bonne,0.038435940099833615
1983-03-04,0.447,QmnJ,Bonne,0.03718801996672213
1983-03-05,0.428,QmnJ,Bonne,0.035607321131447586
1983-03-06,0.428,QmnJ,Bonne,0.035607321131447586
1983-03-07,0.428,QmnJ,Bonne,0.035607321131447586
1983-03-08,0.428,QmnJ,Bonne,0.035607321131447586
1983-03-09,0.428,QmnJ,Bonne,0.035607321131447586
1983-03-10,0.425,QmnJ,Bonne,0.035357737104825294
1983-03-11,0.418,QmnJ,Bonne,0.03477537437603993
1983-03-12,0.412,QmnJ,Bonne,0.03427620632279534
1983-03-21,0.353,QmnJ,Bonne,0.029367720465890184
1983-03-22,0.353,QmnJ,Bonne,0.029367720465890184
1983-03-23,0.364,QmnJ,Bonne,0.0302828618968386
1983-03-24,0.395,QmnJ,Bonne,0.032861896838602335
1983-03-25,0.367,QmnJ,Bonne,0.0305324459234609
1983-03-26,0.362,QmnJ,Bonne,0.030116472545757073
1983-03-27,0.432,QmnJ,Bonne,0.03594009983361065
1983-03-28,0.375,QmnJ,Bonne,0.03119800332778702
1983-03-29,0.332,QmnJ,Bonne,0.027620632279534114
1983-03-30,0.316,QmnJ,Bonne,0.026289517470881863
1983-03-31,0.302,QmnJ,Bonne,0.025124792013311147
1983-04-01,0.289,QmnJ,Bonne,0.0240432612312812
1983-04-02,0.311,QmnJ,Bonne,0.025873544093178037
1983-04-03,0.303,QmnJ,Bonne,0.025207986688851915
1983-04-04,0.441,QmnJ,Bonne,0.03668885191347754
1983-04-05,0.443,QmnJ,Bonne,0.03685524126455907
1983-04-06,0.434,QmnJ,Bonne,0.036106489184692184
1983-04-07,0.358,QmnJ,Bonne,0.02978369384359401
1983-04-08,0.431,QmnJ,Bonne,0.035856905158069885
1983-04-09,0.628,QmnJ,Bonne,0.05224625623960067
1983-04-10,0.62,QmnJ,Bonne,0.051580698835274545
1983-04-11,0.477,QmnJ,Bonne,0.03968386023294509
1983-04-12,0.442,QmnJ,Bonne,0.0367720465890183
1983-04-13,0.416,QmnJ,Bonne,0.034608985024958405
1983-04-14,0.395,QmnJ,Bonne,0.032861896838602335
1983-04-15,0.377,QmnJ,Bonne,0.031364392678868556
1983-04-16,0.372,QmnJ,Bonne,0.030948419301164726
1983-04-17,0.4,QmnJ,Bonne,0.03327787021630616
1983-04-18,0.635,QmnJ,Bonne,0.052828618968386025
1983-04-19,0.435,QmnJ,Bonne,0.03618968386023295
1983-04-20,0.481,QmnJ,Bonne,0.04001663893510815
1983-04-21,0.406,QmnJ,Bonne,0.03377703826955075
1983-04-22,0.377,QmnJ,Bonne,0.031364392678868556
1983-04-23,0.369,QmnJ,Bonne,0.03069883527454243
1983-04-24,0.655,QmnJ,Bonne,0.05449251247920134
1983-04-25,0.666,QmnJ,Bonne,0.055407653910149755
1983-04-26,0.554,QmnJ,Bonne,0.046089850249584036
1983-04-27,0.521,QmnJ,Bonne,0.04334442595673877
1983-04-28,0.736,QmnJ,Bonne,0.06123128119800333
1983-04-29,0.6,QmnJ,Bonne,0.04991680532445923
1983-04-30,0.622,QmnJ,Bonne,0.05174708818635607
1983-05-01,0.745,QmnJ,Bonne,0.06198003327787022
1983-05-02,0.644,QmnJ,Bonne,0.053577371048252914
1983-05-03,0.614,QmnJ,Bonne,0.05108153078202995
1983-05-04,0.771,QmnJ,Bonne,0.06414309484193012
1983-05-05,0.605,QmnJ,Bonne,0.05033277870216306
1983-05-06,0.574,QmnJ,Bonne,0.047753743760399335
1983-05-07,0.685,QmnJ,Bonne,0.0569883527454243
1983-05-08,0.619,QmnJ,Bonne,0.05149750415973378
1983-05-09,0.589,QmnJ,Bonne,0.049001663893510815
1983-05-10,0.626,QmnJ,Bonne,0.052079866888519136
1983-05-11,0.756,QmnJ,Bonne,0.06289517470881864
1983-05-12,0.983,QmnJ,Bonne,0.08178036605657238
1983-05-13,0.954,QmnJ,Bonne,0.07936772046589018
1983-05-14,0.771,QmnJ,Bonne,0.06414309484193012
1983-05-15,0.768,QmnJ,Bonne,0.06389351081530782
1983-05-16,0.898,QmnJ,Bonne,0.07470881863560733
1983-05-17,1.135,QmnJ,Bonne,0.09442595673876872
1983-05-18,1.184,QmnJ,Bonne,0.09850249584026623
1983-05-19,1.201,QmnJ,Bonne,0.09991680532445925
1983-05-20,1.173,QmnJ,Bonne,0.09758735440931782
1983-05-21,1.194,QmnJ,Bonne,0.09933444259567388
1983-05-22,1.178,QmnJ,Bonne,0.09800332778702163
1983-05-23,1.146,QmnJ,Bonne,0.09534109816971713
1983-05-24,0.956,QmnJ,Bonne,0.07953410981697172
1983-05-25,0.892,QmnJ,Bonne,0.07420965058236273
1983-05-26,0.827,QmnJ,Bonne,0.06880199667221298
1983-05-27,0.771,QmnJ,Bonne,0.06414309484193012
1983-05-28,0.728,QmnJ,Bonne,0.0605657237936772
1983-05-29,0.694,QmnJ,Bonne,0.05773710482529118
1983-05-30,0.672,QmnJ,Bonne,0.055906821963394346
1983-05-31,0.649,QmnJ,Bonne,0.05399334442595674
1983-06-01,0.609,QmnJ,Bonne,0.05066555740432612
1983-06-02,0.58,QmnJ,Bonne,0.048252911813643926
1983-06-03,0.553,QmnJ,Bonne,0.046006655574043265
1983-06-04,0.507,QmnJ,Bonne,0.042179700499168055
1983-06-05,0.485,QmnJ,Bonne,0.040349417637271213
1983-06-06,0.467,QmnJ,Bonne,0.03885191347753744
1983-06-07,0.437,QmnJ,Bonne,0.036356073211314476
1983-06-08,0.397,QmnJ,Bonne,0.03302828618968386
1983-06-09,0.344,QmnJ,Bonne,0.028618968386023295
1983-06-10,0.296,QmnJ,Bonne,0.024625623960066557
1983-06-11,0.291,QmnJ,Bonne,0.024209650582362727
1983-06-12,0.276,QmnJ,Bonne,0.02296173044925125
1983-06-13,0.225,QmnJ,Bonne,0.018718801996672214
1983-06-14,0.198,QmnJ,Bonne,0.01647254575707155
1983-06-15,0.176,QmnJ,Bonne,0.014642262895174708
1983-06-16,0.17,QmnJ,Bonne,0.014143094841930118
1983-06-17,0.181,QmnJ,Bonne,0.015058236272878537
1983-06-18,0.162,QmnJ,Bonne,0.013477537437603994
1983-06-19,0.155,QmnJ,Bonne,0.012895174708818636
1983-06-20,0.149,QmnJ,Bonne,0.012396006655574042
1983-06-21,0.133,QmnJ,Bonne,0.011064891846921799
1983-06-22,0.125,QmnJ,Bonne,0.010399334442595675
1983-06-23,0.124,QmnJ,Bonne,0.01031613976705491
1983-06-24,0.121,QmnJ,Bonne,0.010066555740432612
1983-06-25,0.118,QmnJ,Bonne,0.009816971713810315
1983-06-26,0.121,QmnJ,Bonne,0.010066555740432612
1983-06-27,0.123,QmnJ,Bonne,0.010232945091514144
1983-06-28,0.114,QmnJ,Bonne,0.009484193011647254
1983-06-29,0.106,QmnJ,Bonne,0.008818635607321131
1983-06-30,0.109,QmnJ,Bonne,0.009068219633943428
1983-07-01,0.111,QmnJ,Bonne,0.00923460898502496
1983-07-02,0.103,QmnJ,Bonne,0.008569051580698836
1983-07-03,0.096,QmnJ,Bonne,0.007986688851913478
1983-07-04,0.093,QmnJ,Bonne,0.007737104825291182
1983-07-05,0.088,QmnJ,Bonne,0.007321131447587354
1983-07-06,0.088,QmnJ,Bonne,0.007321131447587354
1983-07-07,0.101,QmnJ,Bonne,0.008402662229617306
1983-07-08,0.259,QmnJ,Bonne,0.02154742096505824
1983-07-09,0.245,QmnJ,Bonne,0.02038269550748752
1983-07-10,0.23,QmnJ,Bonne,0.01913477537437604
1983-07-11,0.214,QmnJ,Bonne,0.017803660565723793
1983-07-12,0.206,QmnJ,Bonne,0.01713810316139767
1983-07-13,0.187,QmnJ,Bonne,0.015557404326123129
1983-07-14,0.18,QmnJ,Bonne,0.014975041597337771
1983-07-15,0.183,QmnJ,Bonne,0.015224625623960066
1983-07-16,0.176,QmnJ,Bonne,0.014642262895174708
1983-07-17,0.166,QmnJ,Bonne,0.013810316139767057
1983-07-18,0.154,QmnJ,Bonne,0.01281198003327787
1983-07-19,0.16,QmnJ,Bonne,0.013311148086522463
1983-07-20,0.151,QmnJ,Bonne,0.012562396006655574
1983-07-21,0.152,QmnJ,Bonne,0.01264559068219634
1983-07-22,0.14,QmnJ,Bonne,0.011647254575707157
1983-07-23,0.14,QmnJ,Bonne,0.011647254575707157
1983-07-24,0.151,QmnJ,Bonne,0.012562396006655574
1983-07-25,0.145,QmnJ,Bonne,0.012063227953410981
1983-07-26,0.143,QmnJ,Bonne,0.01189683860232945
1983-07-27,0.134,QmnJ,Bonne,0.011148086522462564
1983-07-28,0.132,QmnJ,Bonne,0.010981697171381033
1983-07-29,0.137,QmnJ,Bonne,0.01139767054908486
1983-07-30,0.119,QmnJ,Bonne,0.009900166389351081
1983-07-31,0.135,QmnJ,Bonne,0.011231281198003328
1983-08-01,0.166,QmnJ,Bonne,0.013810316139767057
1983-08-02,0.133,QmnJ,Bonne,0.011064891846921799
1983-08-03,0.124,QmnJ,Bonne,0.01031613976705491
1983-08-04,0.111,QmnJ,Bonne,0.00923460898502496
1983-08-05,0.106,QmnJ,Bonne,0.008818635607321131
1983-08-06,0.099,QmnJ,Bonne,0.008236272878535775
1983-08-07,0.1,QmnJ,Bonne,0.00831946755407654
1983-08-08,0.095,QmnJ,Bonne,0.007903494176372712
1983-08-09,0.081,QmnJ,Bonne,0.006738768718801997
1983-08-10,0.138,QmnJ,Bonne,0.011480865224625625
1983-08-11,0.145,QmnJ,Bonne,0.012063227953410981
1983-08-12,0.137,QmnJ,Bonne,0.01139767054908486
1983-08-13,0.113,QmnJ,Bonne,0.00940099833610649
1983-08-14,0.096,QmnJ,Bonne,0.007986688851913478
1983-08-15,0.088,QmnJ,Bonne,0.007321131447587354
1983-08-16,0.088,QmnJ,Bonne,0.007321131447587354
1983-08-17,0.082,QmnJ,Bonne,0.006821963394342763
1983-08-18,0.076,QmnJ,Bonne,0.00632279534109817
1983-08-19,0.062,QmnJ,Bonne,0.005158069883527455
1983-08-20,0.088,QmnJ,Bonne,0.007321131447587354
1983-08-21,0.163,QmnJ,Bonne,0.01356073211314476
1983-08-22,0.135,QmnJ,Bonne,0.011231281198003328
1983-08-23,0.116,QmnJ,Bonne,0.009650582362728786
1983-08-24,0.113,QmnJ,Bonne,0.00940099833610649
1983-08-25,0.103,QmnJ,Bonne,0.008569051580698836
1983-08-26,0.096,QmnJ,Bonne,0.007986688851913478
1983-08-27,0.095,QmnJ,Bonne,0.007903494176372712
1983-08-28,0.086,QmnJ,Bonne,0.007154742096505824
1983-08-29,0.078,QmnJ,Bonne,0.006489184692179701
1983-08-30,0.065,QmnJ,Bonne,0.005407653910149751
1983-08-31,0.064,QmnJ,Bonne,0.005324459234608985
1983-09-01,0.239,QmnJ,Bonne,0.01988352745424293
1983-09-02,0.16,QmnJ,Bonne,0.013311148086522463
1983-09-03,0.128,QmnJ,Bonne,0.01064891846921797
1983-09-04,0.116,QmnJ,Bonne,0.009650582362728786
1983-09-05,0.116,QmnJ,Bonne,0.009650582362728786
1983-09-06,0.109,QmnJ,Bonne,0.009068219633943428
1983-09-07,0.095,QmnJ,Bonne,0.007903494176372712
1983-09-08,0.088,QmnJ,Bonne,0.007321131447587354
1983-09-09,0.136,QmnJ,Bonne,0.011314475873544094
1983-09-10,0.196,QmnJ,Bonne,0.016306156405990018
1983-09-11,0.141,QmnJ,Bonne,0.011730449251247919
1983-09-12,0.123,QmnJ,Bonne,0.010232945091514144
1983-09-13,0.116,QmnJ,Bonne,0.009650582362728786
1983-09-14,0.416,QmnJ,Bonne,0.034608985024958405
1983-09-15,0.45,QmnJ,Bonne,0.03743760399334443
1983-09-16,0.288,QmnJ,Bonne,0.02396006655574043
1983-09-17,0.225,QmnJ,Bonne,0.018718801996672214
1983-09-18,0.288,QmnJ,Bonne,0.02396006655574043
1983-09-19,0.376,QmnJ,Bonne,0.031281198003327786
1983-09-20,0.258,QmnJ,Bonne,0.021464226289517472
1983-09-21,0.285,QmnJ,Bonne,0.023710482529118136
1983-09-22,0.254,QmnJ,Bonne,0.02113144758735441
1983-09-23,0.217,QmnJ,Bonne,0.018053244592346092
1983-09-24,0.187,QmnJ,Bonne,0.015557404326123129
1983-09-25,0.176,QmnJ,Bonne,0.014642262895174708
1983-09-26,0.179,QmnJ,Bonne,0.014891846921797005
1983-09-27,0.169,QmnJ,Bonne,0.014059900166389352
1983-09-28,0.031,QmnJ,Bonne,0.0025790349417637273
1983-09-29,0.022,QmnJ,Bonne,0.0018302828618968385
1983-09-30,0.019,QmnJ,Bonne,0.0015806988352745424
1983-10-01,0.019,QmnJ,Bonne,0.0015806988352745424
1983-10-02,0.023,QmnJ,Bonne,0.001913477537437604
1983-10-03,0.022,QmnJ,Bonne,0.0018302828618968385
1983-10-04,0.019,QmnJ,Bonne,0.0015806988352745424
1983-10-05,0.018,QmnJ,Bonne,0.001497504159733777
1983-10-06,0.016,QmnJ,Bonne,0.0013311148086522463
1983-10-07,0.016,QmnJ,Bonne,0.0013311148086522463
1983-10-08,0.017,QmnJ,Bonne,0.0014143094841930117
1983-10-09,0.016,QmnJ,Bonne,0.0013311148086522463
1983-10-10,0.016,QmnJ,Bonne,0.0013311148086522463
1983-10-11,0.016,QmnJ,Bonne,0.0013311148086522463
1983-10-12,0.015,QmnJ,Bonne,0.0012479201331114808
1983-10-13,0.017,QmnJ,Bonne,0.0014143094841930117
1983-10-14,0.021,QmnJ,Bonne,0.0017470881863560733
1983-10-15,0.082,QmnJ,Bonne,0.006821963394342763
1983-10-16,0.119,QmnJ,Bonne,0.009900166389351081
1983-10-17,0.041,QmnJ,Bonne,0.0034109816971713814
1983-10-18,0.031,QmnJ,Bonne,0.0025790349417637273
1983-10-19,0.028,QmnJ,Bonne,0.0023294509151414312
1983-10-20,0.028,QmnJ,Bonne,0.0023294509151414312
1983-10-21,0.025,QmnJ,Bonne,0.002079866888519135
1983-10-22,0.022,QmnJ,Bonne,0.0018302828618968385
1983-10-23,0.02,QmnJ,Bonne,0.0016638935108153079
1983-10-24,0.02,QmnJ,Bonne,0.0016638935108153079
1983-10-25,0.019,QmnJ,Bonne,0.0015806988352745424
1983-10-26,0.019,QmnJ,Bonne,0.0015806988352745424
1983-10-27,0.019,QmnJ,Bonne,0.0015806988352745424
1983-10-28,0.019,QmnJ,Bonne,0.0015806988352745424
1983-10-29,0.017,QmnJ,Bonne,0.0014143094841930117
1983-10-30,0.017,QmnJ,Bonne,0.0014143094841930117
1983-10-31,0.018,QmnJ,Bonne,0.001497504159733777
1983-11-01,0.018,QmnJ,Bonne,0.001497504159733777
1983-11-02,0.017,QmnJ,Bonne,0.0014143094841930117
1983-11-03,0.017,QmnJ,Bonne,0.0014143094841930117
1983-11-04,0.019,QmnJ,Bonne,0.0015806988352745424
1983-11-05,0.017,QmnJ,Bonne,0.0014143094841930117
1983-11-06,0.016,QmnJ,Bonne,0.0013311148086522463
1983-11-07,0.019,QmnJ,Bonne,0.0015806988352745424
1983-11-08,0.019,QmnJ,Bonne,0.0015806988352745424
1983-11-09,0.019,QmnJ,Bonne,0.0015806988352745424
1983-11-10,0.019,QmnJ,Bonne,0.0015806988352745424
1983-11-11,0.017,QmnJ,Bonne,0.0014143094841930117
1983-11-12,0.016,QmnJ,Bonne,0.0013311148086522463
1983-11-13,0.016,QmnJ,Bonne,0.0013311148086522463
1983-11-14,0.016,QmnJ,Bonne,0.0013311148086522463
1983-11-15,0.016,QmnJ,Bonne,0.0013311148086522463
1983-11-16,0.016,QmnJ,Bonne,0.0013311148086522463
1983-11-17,0.016,QmnJ,Bonne,0.0013311148086522463
1983-11-18,0.016,QmnJ,Bonne,0.0013311148086522463
1983-11-19,0.016,QmnJ,Bonne,0.0013311148086522463
1983-11-20,0.016,QmnJ,Bonne,0.0013311148086522463
1983-11-21,0.016,QmnJ,Bonne,0.0013311148086522463
1983-11-22,0.016,QmnJ,Bonne,0.0013311148086522463
1983-11-23,0.014,QmnJ,Bonne,0.0011647254575707156
1983-11-24,0.016,QmnJ,Bonne,0.0013311148086522463
1983-11-25,0.027,QmnJ,Bonne,0.0022462562396006656
1983-11-26,0.102,QmnJ,Bonne,0.00848585690515807
1983-11-27,0.121,QmnJ,Bonne,0.010066555740432612
1983-11-28,0.056,QmnJ,Bonne,0.0046589018302828624
1983-11-29,0.045,QmnJ,Bonne,0.0037437603993344427
1983-11-30,0.036,QmnJ,Bonne,0.002995008319467554
1983-12-01,0.032,QmnJ,Bonne,0.0026622296173044926
1983-12-02,0.03,QmnJ,Bonne,0.0024958402662229617
1983-12-03,0.028,QmnJ,Bonne,0.0023294509151414312
1983-12-04,0.028,QmnJ,Bonne,0.0023294509151414312
1983-12-05,0.028,QmnJ,Bonne,0.0023294509151414312
1983-12-06,0.025,QmnJ,Bonne,0.002079866888519135
1983-12-07,0.024,QmnJ,Bonne,0.0019966722129783694
1983-12-08,0.024,QmnJ,Bonne,0.0019966722129783694
1983-12-09,0.041,QmnJ,Bonne,0.0034109816971713814
1983-12-10,0.039,QmnJ,Bonne,0.0032445923460898505
1983-12-11,0.034,QmnJ,Bonne,0.0028286189683860235
1983-12-12,0.127,QmnJ,Bonne,0.010565723793677205
1983-12-13,0.071,QmnJ,Bonne,0.005906821963394342
1983-12-14,0.059,QmnJ,Bonne,0.004908485856905158
1983-12-15,0.096,QmnJ,Bonne,0.007986688851913478
1983-12-16,0.08,QmnJ,Bonne,0.0066555740432612314
1983-12-17,0.074,QmnJ,Bonne,0.006156405990016639
1983-12-18,0.116,QmnJ,Bonne,0.009650582362728786
1983-12-19,0.145,QmnJ,Bonne,0.012063227953410981
1983-12-20,0.33,QmnJ,Bonne,0.027454242928452582
1983-12-21,0.182,QmnJ,Bonne,0.0151414309484193
1983-12-22,0.199,QmnJ,Bonne,0.016555740432612313
1983-12-23,0.212,QmnJ,Bonne,0.017637271214642262
1983-12-24,0.17,QmnJ,Bonne,0.014143094841930118
1983-12-25,0.147,QmnJ,Bonne,0.012229617304492513
1983-12-26,0.139,QmnJ,Bonne,0.011564059900166391
1983-12-27,0.119,QmnJ,Bonne,0.009900166389351081
1983-12-28,0.111,QmnJ,Bonne,0.00923460898502496
1983-12-29,0.106,QmnJ,Bonne,0.008818635607321131
1983-12-30,0.104,QmnJ,Bonne,0.008652246256239601
1983-12-31,0.092,QmnJ,Bonne,0.007653910149750416
1984-01-01,0.095,QmnJ,Bonne,0.007903494176372712
1984-01-02,0.096,QmnJ,Bonne,0.007986688851913478
1984-01-03,0.188,QmnJ,Bonne,0.015640599001663893
1984-01-04,0.149,QmnJ,Bonne,0.012396006655574042
1984-01-05,0.135,QmnJ,Bonne,0.011231281198003328
1984-01-06,0.128,QmnJ,Bonne,0.01064891846921797
1984-01-07,0.131,QmnJ,Bonne,0.010898502495840267
1984-01-08,0.12,QmnJ,Bonne,0.009983361064891847
1984-01-09,0.136,QmnJ,Bonne,0.011314475873544094
1984-01-10,0.126,QmnJ,Bonne,0.010482529118136439
1984-01-11,0.143,QmnJ,Bonne,0.01189683860232945
1984-01-12,0.203,QmnJ,Bonne,0.016888519134775376
1984-01-13,0.213,QmnJ,Bonne,0.01772046589018303
1984-01-14,0.341,QmnJ,Bonne,0.028369384359401003
1984-01-15,0.251,QmnJ,Bonne,0.020881863560732114
1984-01-16,0.277,QmnJ,Bonne,0.023044925124792018
1984-01-17,0.367,QmnJ,Bonne,0.0305324459234609
1984-01-18,0.268,QmnJ,Bonne,0.02229617304492513
1984-01-19,0.503,QmnJ,Bonne,0.04184692179700499
1984-01-20,0.285,QmnJ,Bonne,0.023710482529118136
1984-01-21,0.281,QmnJ,Bonne,0.023377703826955077
1984-01-22,0.322,QmnJ,Bonne,0.026788685524126457
1984-01-23,0.561,QmnJ,Bonne,0.04667221297836939
1984-01-24,0.362,QmnJ,Bonne,0.030116472545757073
1984-01-25,0.382,QmnJ,Bonne,0.03178036605657238
1984-01-26,0.743,QmnJ,Bonne,0.06181364392678869
1984-01-27,0.51,QmnJ,Bonne,0.04242928452579035
1984-01-28,0.432,QmnJ,Bonne,0.03594009983361065
1984-01-29,0.554,QmnJ,Bonne,0.046089850249584036
1984-01-30,0.493,QmnJ,Bonne,0.04101497504159734
1984-01-31,0.519,QmnJ,Bonne,0.04317803660565724
1984-02-01,0.416,QmnJ,Bonne,0.034608985024958405
1984-02-02,0.361,QmnJ,Bonne,0.030033277870216306
1984-02-03,0.432,QmnJ,Bonne,0.03594009983361065
1984-02-04,0.338,QmnJ,Bonne,0.028119800332778704
1984-02-05,0.315,QmnJ,Bonne,0.0262063227953411
1984-02-06,0.285,QmnJ,Bonne,0.023710482529118136
1984-02-07,0.281,QmnJ,Bonne,0.023377703826955077
1984-02-08,0.267,QmnJ,Bonne,0.02221297836938436
1984-02-09,0.229,QmnJ,Bonne,0.019051580698835276
1984-02-10,0.207,QmnJ,Bonne,0.017221297836938435
1984-02-11,0.201,QmnJ,Bonne,0.016722129783693845
1984-02-12,0.192,QmnJ,Bonne,0.015973377703826955
1984-02-13,0.182,QmnJ,Bonne,0.0151414309484193
1984-02-14,0.171,QmnJ,Bonne,0.014226289517470883
1984-02-15,0.167,QmnJ,Bonne,0.01389351081530782
1984-02-16,0.155,QmnJ,Bonne,0.012895174708818636
1984-02-17,0.154,QmnJ,Bonne,0.01281198003327787
1984-02-18,0.146,QmnJ,Bonne,0.012146422628951747
1984-02-19,0.157,QmnJ,Bonne,0.013061564059900168
1984-02-20,0.213,QmnJ,Bonne,0.01772046589018303
1984-02-21,0.232,QmnJ,Bonne,0.01930116472545757
1984-02-22,0.204,QmnJ,Bonne,0.01697171381031614
1984-02-23,0.18,QmnJ,Bonne,0.014975041597337771
1984-02-24,0.155,QmnJ,Bonne,0.012895174708818636
1984-02-25,0.147,QmnJ,Bonne,0.012229617304492513
1984-02-26,0.141,QmnJ,Bonne,0.011730449251247919
1984-02-27,0.135,QmnJ,Bonne,0.011231281198003328
1984-02-28,0.135,QmnJ,Bonne,0.011231281198003328
1984-02-29,0.133,QmnJ,Bonne,0.011064891846921799
1984-03-01,0.126,QmnJ,Bonne,0.010482529118136439
1984-03-02,0.126,QmnJ,Bonne,0.010482529118136439
1984-03-03,0.126,QmnJ,Bonne,0.010482529118136439
1984-03-12,0.148,QmnJ,Bonne,0.012312811980033278
1984-03-13,0.154,QmnJ,Bonne,0.01281198003327787
1984-03-14,0.112,QmnJ,Bonne,0.009317803660565725
1984-03-15,0.1,QmnJ,Bonne,0.00831946755407654
1984-03-16,0.092,QmnJ,Bonne,0.007653910149750416
1984-03-17,0.087,QmnJ,Bonne,0.0072379367720465885
1984-03-18,0.08,QmnJ,Bonne,0.0066555740432612314
1984-03-19,0.08,QmnJ,Bonne,0.0066555740432612314
1984-03-20,0.08,QmnJ,Bonne,0.0066555740432612314
1984-03-21,0.08,QmnJ,Bonne,0.0066555740432612314
1984-03-22,0.08,QmnJ,Bonne,0.0066555740432612314
1984-03-23,0.118,QmnJ,Bonne,0.009816971713810315
1984-03-24,0.4,QmnJ,Bonne,0.03327787021630616
1984-03-25,0.291,QmnJ,Bonne,0.024209650582362727
1984-03-26,0.286,QmnJ,Bonne,0.0237936772046589
1984-03-27,0.227,QmnJ,Bonne,0.018885191347753745
1984-03-28,0.346,QmnJ,Bonne,0.028785357737104823
1984-03-29,0.247,QmnJ,Bonne,0.02054908485856905
1984-03-30,0.234,QmnJ,Bonne,0.019467554076539103
1984-03-31,0.347,QmnJ,Bonne,0.02886855241264559
1984-04-01,0.31,QmnJ,Bonne,0.025790349417637273
1984-04-02,0.246,QmnJ,Bonne,0.020465890183028287
1984-04-03,0.22,QmnJ,Bonne,0.018302828618968387
1984-04-04,0.211,QmnJ,Bonne,0.017554076539101498
1984-04-05,0.198,QmnJ,Bonne,0.01647254575707155
1984-04-06,0.185,QmnJ,Bonne,0.015391014975041598
1984-04-07,0.177,QmnJ,Bonne,0.014725457570715474
1984-04-08,0.164,QmnJ,Bonne,0.013643926788685526
1984-04-09,0.155,QmnJ,Bonne,0.012895174708818636
1984-04-10,0.153,QmnJ,Bonne,0.012728785357737105
1984-04-11,0.145,QmnJ,Bonne,0.012063227953410981
1984-04-12,0.142,QmnJ,Bonne,0.011813643926788684
1984-04-13,0.126,QmnJ,Bonne,0.010482529118136439
1984-04-14,0.126,QmnJ,Bonne,0.010482529118136439
1984-04-15,0.126,QmnJ,Bonne,0.010482529118136439
1984-04-16,0.123,QmnJ,Bonne,0.010232945091514144
1984-04-17,0.116,QmnJ,Bonne,0.009650582362728786
1984-04-18,0.114,QmnJ,Bonne,0.009484193011647254
1984-04-19,0.108,QmnJ,Bonne,0.008985024958402662
1984-04-20,0.103,QmnJ,Bonne,0.008569051580698836
1984-04-21,0.099,QmnJ,Bonne,0.008236272878535775
1984-04-22,0.116,QmnJ,Bonne,0.009650582362728786
1984-04-23,0.114,QmnJ,Bonne,0.009484193011647254
1984-04-24,0.106,QmnJ,Bonne,0.008818635607321131
1984-04-25,0.106,QmnJ,Bonne,0.008818635607321131
1984-04-26,0.106,QmnJ,Bonne,0.008818635607321131
1984-04-27,0.103,QmnJ,Bonne,0.008569051580698836
1984-04-28,0.1,QmnJ,Bonne,0.00831946755407654
1984-04-29,0.093,QmnJ,Bonne,0.007737104825291182
1984-04-30,0.088,QmnJ,Bonne,0.007321131447587354
1984-05-01,0.083,QmnJ,Bonne,0.006905158069883528
1984-05-02,0.08,QmnJ,Bonne,0.0066555740432612314
1984-05-03,0.082,QmnJ,Bonne,0.006821963394342763
1984-05-04,0.109,QmnJ,Bonne,0.009068219633943428
1984-05-05,0.126,QmnJ,Bonne,0.010482529118136439
1984-05-06,0.126,QmnJ,Bonne,0.010482529118136439
1984-05-07,0.208,QmnJ,Bonne,0.017304492512479203
1984-05-08,0.133,QmnJ,Bonne,0.011064891846921799
1984-05-09,0.126,QmnJ,Bonne,0.010482529118136439
1984-05-10,0.126,QmnJ,Bonne,0.010482529118136439
1984-05-11,0.126,QmnJ,Bonne,0.010482529118136439
1984-05-12,0.126,QmnJ,Bonne,0.010482529118136439
1984-05-13,0.101,QmnJ,Bonne,0.008402662229617306
1984-05-14,0.088,QmnJ,Bonne,0.007321131447587354
1984-05-15,0.096,QmnJ,Bonne,0.007986688851913478
1984-05-16,0.096,QmnJ,Bonne,0.007986688851913478
1984-05-17,0.092,QmnJ,Bonne,0.007653910149750416
1984-05-18,0.086,QmnJ,Bonne,0.007154742096505824
1984-05-19,0.08,QmnJ,Bonne,0.0066555740432612314
1984-05-20,0.082,QmnJ,Bonne,0.006821963394342763
1984-05-21,0.088,QmnJ,Bonne,0.007321131447587354
1984-05-22,0.096,QmnJ,Bonne,0.007986688851913478
1984-05-23,0.384,QmnJ,Bonne,0.03194675540765391
1984-05-24,0.161,QmnJ,Bonne,0.013394342762063229
1984-05-25,0.145,QmnJ,Bonne,0.012063227953410981
1984-05-26,0.362,QmnJ,Bonne,0.030116472545757073
1984-05-27,0.198,QmnJ,Bonne,0.01647254575707155
1984-05-28,0.154,QmnJ,Bonne,0.01281198003327787
1984-05-29,0.14,QmnJ,Bonne,0.011647254575707157
1984-05-30,0.131,QmnJ,Bonne,0.010898502495840267
1984-05-31,0.126,QmnJ,Bonne,0.010482529118136439
1984-06-01,0.126,QmnJ,Bonne,0.010482529118136439
1984-06-02,0.116,QmnJ,Bonne,0.009650582362728786
1984-06-03,0.106,QmnJ,Bonne,0.008818635607321131
1984-06-04,0.103,QmnJ,Bonne,0.008569051580698836
1984-06-05,0.131,QmnJ,Bonne,0.010898502495840267
1984-06-06,0.157,QmnJ,Bonne,0.013061564059900168
1984-06-07,0.118,QmnJ,Bonne,0.009816971713810315
1984-06-08,0.1,QmnJ,Bonne,0.00831946755407654
1984-06-09,0.249,QmnJ,Bonne,0.020715474209650583
1984-06-10,0.197,QmnJ,Bonne,0.016389351081530782
1984-06-11,0.122,QmnJ,Bonne,0.010149750415973378
1984-06-12,0.103,QmnJ,Bonne,0.008569051580698836
1984-06-13,0.089,QmnJ,Bonne,0.00740432612312812
1984-06-14,0.08,QmnJ,Bonne,0.0066555740432612314
1984-06-15,0.08,QmnJ,Bonne,0.0066555740432612314
1984-06-16,0.077,QmnJ,Bonne,0.006405990016638935
1984-06-17,0.069,QmnJ,Bonne,0.005740432612312813
1984-06-18,0.062,QmnJ,Bonne,0.005158069883527455
1984-06-19,0.06,QmnJ,Bonne,0.004991680532445923
1984-06-20,0.056,QmnJ,Bonne,0.0046589018302828624
1984-06-21,0.056,QmnJ,Bonne,0.0046589018302828624
1984-06-22,0.056,QmnJ,Bonne,0.0046589018302828624
1984-06-23,0.056,QmnJ,Bonne,0.0046589018302828624
1984-06-24,0.056,QmnJ,Bonne,0.0046589018302828624
1984-06-25,0.062,QmnJ,Bonne,0.005158069883527455
1984-06-26,0.055,QmnJ,Bonne,0.004575707154742097
1984-06-27,0.05,QmnJ,Bonne,0.00415973377703827
1984-06-28,0.05,QmnJ,Bonne,0.00415973377703827
1984-06-29,0.049,QmnJ,Bonne,0.0040765391014975045
1984-06-30,0.043,QmnJ,Bonne,0.003577371048252912
1984-07-01,0.041,QmnJ,Bonne,0.0034109816971713814
1984-07-02,0.036,QmnJ,Bonne,0.002995008319467554
1984-07-03,0.032,QmnJ,Bonne,0.0026622296173044926
1984-07-04,0.032,QmnJ,Bonne,0.0026622296173044926
1984-07-05,0.028,QmnJ,Bonne,0.0023294509151414312
1984-07-06,0.028,QmnJ,Bonne,0.0023294509151414312
1984-07-07,0.027,QmnJ,Bonne,0.0022462562396006656
1984-07-08,0.026,QmnJ,Bonne,0.0021630615640599003
1984-07-09,0.028,QmnJ,Bonne,0.0023294509151414312
1984-07-10,0.028,QmnJ,Bonne,0.0023294509151414312
1984-07-11,0.028,QmnJ,Bonne,0.0023294509151414312
1984-07-12,0.028,QmnJ,Bonne,0.0023294509151414312
1984-07-13,0.027,QmnJ,Bonne,0.0022462562396006656
1984-07-14,0.024,QmnJ,Bonne,0.0019966722129783694
1984-07-15,0.025,QmnJ,Bonne,0.002079866888519135
1984-07-16,0.023,QmnJ,Bonne,0.001913477537437604
1984-07-17,0.019,QmnJ,Bonne,0.0015806988352745424
1984-07-18,0.018,QmnJ,Bonne,0.001497504159733777
1984-07-19,0.016,QmnJ,Bonne,0.0013311148086522463
1984-07-20,0.016,QmnJ,Bonne,0.0013311148086522463
1984-07-21,0.015,QmnJ,Bonne,0.0012479201331114808
1984-07-22,0.013,QmnJ,Bonne,0.0010815307820299502
1984-07-23,0.013,QmnJ,Bonne,0.0010815307820299502
1984-07-24,0.012,QmnJ,Bonne,0.0009983361064891847
1984-07-25,0.013,QmnJ,Bonne,0.0010815307820299502
1984-07-26,0.013,QmnJ,Bonne,0.0010815307820299502
1984-07-27,0.011,QmnJ,Bonne,0.0009151414309484193
1984-07-28,0.009,QmnJ,Bonne,0.0007487520798668885
1984-07-29,0.005,QmnJ,Bonne,0.00041597337770382697
1984-07-30,0.004,QmnJ,Bonne,0.00033277870216306157
1984-07-31,0.004,QmnJ,Bonne,0.00033277870216306157
1984-08-01,0.004,QmnJ,Bonne,0.00033277870216306157
1984-08-02,0.004,QmnJ,Bonne,0.00033277870216306157
1984-08-03,0.004,QmnJ,Bonne,0.00033277870216306157
1984-08-04,0.004,QmnJ,Bonne,0.00033277870216306157
1984-08-05,0.004,QmnJ,Bonne,0.00033277870216306157
1984-08-06,0.004,QmnJ,Bonne,0.00033277870216306157
1984-08-07,0.004,QmnJ,Bonne,0.00033277870216306157
1984-08-08,0.004,QmnJ,Bonne,0.00033277870216306157
1984-08-09,0.003,QmnJ,Bonne,0.0002495840266222962
1984-08-10,0.002,QmnJ,Bonne,0.00016638935108153079
1984-08-11,0.002,QmnJ,Bonne,0.00016638935108153079
1984-09-24,0.003,QmnJ,Bonne,0.0002495840266222962
1984-09-25,0.002,QmnJ,Bonne,0.00016638935108153079
1984-09-26,0.0,QmnJ,Bonne,0.0
1984-09-27,0.0,QmnJ,Bonne,0.0
1984-09-28,0.0,QmnJ,Bonne,0.0
1984-09-29,0.0,QmnJ,Bonne,0.0
1984-09-30,0.008,QmnJ,Bonne,0.0006655574043261231
1984-10-01,0.017,QmnJ,Bonne,0.0014143094841930117
1984-10-02,0.016,QmnJ,Bonne,0.0013311148086522463
1984-10-03,0.011,QmnJ,Bonne,0.0009151414309484193
1984-10-04,0.01,QmnJ,Bonne,0.0008319467554076539
1984-10-05,0.017,QmnJ,Bonne,0.0014143094841930117
1984-10-06,0.013,QmnJ,Bonne,0.0010815307820299502
1984-10-07,0.01,QmnJ,Bonne,0.0008319467554076539
1984-10-08,0.01,QmnJ,Bonne,0.0008319467554076539
1984-10-09,0.01,QmnJ,Bonne,0.0008319467554076539
1984-10-10,0.01,QmnJ,Bonne,0.0008319467554076539
1984-10-11,0.01,QmnJ,Bonne,0.0008319467554076539
1984-10-12,0.01,QmnJ,Bonne,0.0008319467554076539
1984-10-13,0.01,QmnJ,Bonne,0.0008319467554076539
1984-10-14,0.01,QmnJ,Bonne,0.0008319467554076539
1984-10-15,0.01,QmnJ,Bonne,0.0008319467554076539
1984-10-16,0.01,QmnJ,Bonne,0.0008319467554076539
1984-10-17,0.01,QmnJ,Bonne,0.0008319467554076539
1984-10-18,0.01,QmnJ,Bonne,0.0008319467554076539
1984-10-19,0.01,QmnJ,Bonne,0.0008319467554076539
1984-10-20,0.01,QmnJ,Bonne,0.0008319467554076539
1984-10-21,0.01,QmnJ,Bonne,0.0008319467554076539
1984-10-22,0.017,QmnJ,Bonne,0.0014143094841930117
1984-10-23,0.027,QmnJ,Bonne,0.0022462562396006656
1984-10-24,0.03,QmnJ,Bonne,0.0024958402662229617
1984-10-25,0.035,QmnJ,Bonne,0.002911813643926789
1984-10-26,0.022,QmnJ,Bonne,0.0018302828618968385
1984-10-27,0.017,QmnJ,Bonne,0.0014143094841930117
1984-10-28,0.017,QmnJ,Bonne,0.0014143094841930117
1984-10-29,0.019,QmnJ,Bonne,0.0015806988352745424
1984-10-30,0.019,QmnJ,Bonne,0.0015806988352745424
1984-10-31,0.015,QmnJ,Bonne,0.0012479201331114808
1984-11-01,0.013,QmnJ,Bonne,0.0010815307820299502
1984-11-02,0.018,QmnJ,Bonne,0.001497504159733777
1984-11-03,0.026,QmnJ,Bonne,0.0021630615640599003
1984-11-06,0.019,QmnJ,Bonne,0.0015806988352745424
1984-11-07,0.019,QmnJ,Bonne,0.0015806988352745424
1984-11-08,0.223,QmnJ,Bonne,0.018552412645590682
1984-11-09,0.102,QmnJ,Bonne,0.00848585690515807
1984-11-10,0.096,QmnJ,Bonne,0.007986688851913478
1984-11-19,0.103,QmnJ,Bonne,0.008569051580698836
1984-11-20,0.073,QmnJ,Bonne,0.0060732113144758735
1984-11-21,0.072,QmnJ,Bonne,0.005990016638935108
1984-11-22,0.22,QmnJ,Bonne,0.018302828618968387
1984-11-23,0.546,QmnJ,Bonne,0.04542429284525791
1984-11-24,0.506,QmnJ,Bonne,0.04209650582362729
1984-11-25,0.279,QmnJ,Bonne,0.023211314475873546
1984-11-26,0.24,QmnJ,Bonne,0.019966722129783693
1984-11-27,0.197,QmnJ,Bonne,0.016389351081530782
1984-11-28,0.198,QmnJ,Bonne,0.01647254575707155
1984-11-29,0.179,QmnJ,Bonne,0.014891846921797005
1984-11-30,0.227,QmnJ,Bonne,0.018885191347753745
1984-12-01,0.484,QmnJ,Bonne,0.04026622296173045
1984-12-02,0.254,QmnJ,Bonne,0.02113144758735441
1984-12-03,0.274,QmnJ,Bonne,0.02279534109816972
1984-12-04,0.239,QmnJ,Bonne,0.01988352745424293
1984-12-05,0.266,QmnJ,Bonne,0.022129783693843597
1984-12-06,0.567,QmnJ,Bonne,0.047171381031613974
1984-12-07,0.304,QmnJ,Bonne,0.02529118136439268
1984-12-08,0.288,QmnJ,Bonne,0.02396006655574043
1984-12-17,0.356,QmnJ,Bonne,0.02961730449251248
1984-12-18,0.585,QmnJ,Bonne,0.04866888519134775
1984-12-19,0.343,QmnJ,Bonne,0.02853577371048253
1984-12-20,0.42,QmnJ,Bonne,0.03494176372712146
1984-12-21,0.322,QmnJ,Bonne,0.026788685524126457
1984-12-22,0.291,QmnJ,Bonne,0.024209650582362727
1984-12-23,0.374,QmnJ,Bonne,0.031114808652246258
1984-12-24,0.391,QmnJ,Bonne,0.03252911813643927
1984-12-25,0.308,QmnJ,Bonne,0.02562396006655574
1984-12-26,0.318,QmnJ,Bonne,0.026455906821963394
1984-12-27,0.345,QmnJ,Bonne,0.02870216306156406
1984-12-28,0.26,QmnJ,Bonne,0.021630615640599003
1984-12-29,0.238,QmnJ,Bonne,0.019800332778702162
1984-12-30,0.231,QmnJ,Bonne,0.019217970049916808
1984-12-31,0.569,QmnJ,Bonne,0.04733777038269551
1985-01-01,0.432,QmnJ,Bonne,0.03594009983361065
1985-01-02,0.306,QmnJ,Bonne,0.02545757071547421
1985-01-03,0.229,QmnJ,Bonne,0.019051580698835276
1985-01-04,0.206,QmnJ,Bonne,0.01713810316139767
1985-01-05,0.193,QmnJ,Bonne,0.016056572379367723
1985-01-06,0.175,QmnJ,Bonne,0.014559068219633943
1985-01-07,0.185,QmnJ,Bonne,0.015391014975041598
1985-01-08,0.17,QmnJ,Bonne,0.014143094841930118
1985-01-09,0.192,QmnJ,Bonne,0.015973377703826955
1985-01-10,0.187,QmnJ,Bonne,0.015557404326123129
1985-01-11,0.167,QmnJ,Bonne,0.01389351081530782
1985-01-12,0.153,QmnJ,Bonne,0.012728785357737105
1985-01-13,0.146,QmnJ,Bonne,0.012146422628951747
1985-01-14,0.121,QmnJ,Bonne,0.010066555740432612
1985-01-15,0.119,QmnJ,Bonne,0.009900166389351081
1985-01-16,0.128,QmnJ,Bonne,0.01064891846921797
1985-01-17,0.128,QmnJ,Bonne,0.01064891846921797
1985-01-18,0.131,QmnJ,Bonne,0.010898502495840267
1985-01-19,0.154,QmnJ,Bonne,0.01281198003327787
1985-01-20,0.344,QmnJ,Bonne,0.028618968386023295
1985-01-21,0.671,QmnJ,Bonne,0.05582362728785358
1985-01-22,0.458,QmnJ,Bonne,0.03810316139767055
1985-01-23,0.335,QmnJ,Bonne,0.02787021630615641
1985-01-24,0.315,QmnJ,Bonne,0.0262063227953411
1985-01-25,0.495,QmnJ,Bonne,0.04118136439267887
1985-01-26,0.68,QmnJ,Bonne,0.05657237936772047
1985-01-27,0.454,QmnJ,Bonne,0.03777038269550749
1985-01-28,0.678,QmnJ,Bonne,0.05640599001663894
1985-01-29,0.445,QmnJ,Bonne,0.0370216306156406
1985-01-30,0.42,QmnJ,Bonne,0.03494176372712146
1985-01-31,0.4,QmnJ,Bonne,0.03327787021630616
1985-02-01,0.363,QmnJ,Bonne,0.030199667221297837
1985-02-02,0.329,QmnJ,Bonne,0.027371048252911815
1985-02-03,0.309,QmnJ,Bonne,0.025707154742096505
1985-02-04,0.289,QmnJ,Bonne,0.0240432612312812
1985-02-05,0.27,QmnJ,Bonne,0.022462562396006656
1985-02-06,0.247,QmnJ,Bonne,0.02054908485856905
1985-02-07,0.227,QmnJ,Bonne,0.018885191347753745
1985-02-08,0.245,QmnJ,Bonne,0.02038269550748752
1985-02-09,0.251,QmnJ,Bonne,0.020881863560732114
1985-02-10,0.233,QmnJ,Bonne,0.01938435940099834
1985-02-11,0.214,QmnJ,Bonne,0.017803660565723793
1985-02-12,0.187,QmnJ,Bonne,0.015557404326123129
1985-02-13,0.185,QmnJ,Bonne,0.015391014975041598
1985-02-14,0.218,QmnJ,Bonne,0.018136439267886856
1985-02-15,0.335,QmnJ,Bonne,0.02787021630615641
1985-02-16,0.225,QmnJ,Bonne,0.018718801996672214
1985-02-17,0.216,QmnJ,Bonne,0.017970049916805324
1985-02-18,0.194,QmnJ,Bonne,0.016139767054908487
1985-02-19,0.175,QmnJ,Bonne,0.014559068219633943
1985-02-20,0.169,QmnJ,Bonne,0.014059900166389352
1985-02-21,0.166,QmnJ,Bonne,0.013810316139767057
1985-02-22,0.166,QmnJ,Bonne,0.013810316139767057
1985-02-23,0.152,QmnJ,Bonne,0.01264559068219634
1985-02-24,0.147,QmnJ,Bonne,0.012229617304492513
1985-02-25,0.147,QmnJ,Bonne,0.012229617304492513
1985-02-26,0.146,QmnJ,Bonne,0.012146422628951747
1985-02-27,0.133,QmnJ,Bonne,0.011064891846921799
1985-02-28,0.128,QmnJ,Bonne,0.01064891846921797
1985-03-01,0.141,QmnJ,Bonne,0.011730449251247919
1985-03-02,0.128,QmnJ,Bonne,0.01064891846921797
1985-03-03,0.195,QmnJ,Bonne,0.01622296173044925
1985-03-04,0.332,QmnJ,Bonne,0.027620632279534114
1985-03-05,0.168,QmnJ,Bonne,0.013976705490848586
1985-03-06,0.147,QmnJ,Bonne,0.012229617304492513
1985-03-07,0.167,QmnJ,Bonne,0.01389351081530782
1985-03-08,0.153,QmnJ,Bonne,0.012728785357737105
1985-03-09,0.144,QmnJ,Bonne,0.011980033277870216
1985-03-10,0.128,QmnJ,Bonne,0.01064891846921797
1985-03-11,0.128,QmnJ,Bonne,0.01064891846921797
1985-03-12,0.128,QmnJ,Bonne,0.01064891846921797
1985-03-13,0.128,QmnJ,Bonne,0.01064891846921797
1985-03-14,0.122,QmnJ,Bonne,0.010149750415973378
1985-03-15,0.132,QmnJ,Bonne,0.010981697171381033
1985-03-16,0.171,QmnJ,Bonne,0.014226289517470883
1985-03-17,0.173,QmnJ,Bonne,0.014392678868552411
1985-03-18,0.133,QmnJ,Bonne,0.011064891846921799
1985-03-19,0.126,QmnJ,Bonne,0.010482529118136439
1985-03-20,0.123,QmnJ,Bonne,0.010232945091514144
1985-03-21,0.288,QmnJ,Bonne,0.02396006655574043
1985-03-22,0.2,QmnJ,Bonne,0.01663893510815308
1985-03-23,0.152,QmnJ,Bonne,0.01264559068219634
1985-03-24,0.147,QmnJ,Bonne,0.012229617304492513
1985-03-25,0.253,QmnJ,Bonne,0.021048252911813645
1985-03-26,0.312,QmnJ,Bonne,0.025956738768718804
1985-03-27,0.225,QmnJ,Bonne,0.018718801996672214
1985-03-28,0.187,QmnJ,Bonne,0.015557404326123129
1985-03-29,0.185,QmnJ,Bonne,0.015391014975041598
1985-03-30,0.269,QmnJ,Bonne,0.022379367720465893
1985-03-31,0.383,QmnJ,Bonne,0.03186356073211315
1985-04-01,0.252,QmnJ,Bonne,0.020965058236272878
1985-04-02,0.228,QmnJ,Bonne,0.01896838602329451
1985-04-03,0.218,QmnJ,Bonne,0.018136439267886856
1985-04-04,0.223,QmnJ,Bonne,0.018552412645590682
1985-04-05,0.213,QmnJ,Bonne,0.01772046589018303
1985-04-06,0.283,QmnJ,Bonne,0.023544093178036605
1985-04-07,0.292,QmnJ,Bonne,0.024292845257903494
1985-04-08,0.215,QmnJ,Bonne,0.01788685524126456
1985-04-09,0.188,QmnJ,Bonne,0.015640599001663893
1985-04-10,0.175,QmnJ,Bonne,0.014559068219633943
1985-04-11,0.252,QmnJ,Bonne,0.020965058236272878
1985-04-12,0.192,QmnJ,Bonne,0.015973377703826955
1985-04-13,0.21,QmnJ,Bonne,0.01747088186356073
1985-04-14,0.216,QmnJ,Bonne,0.017970049916805324
1985-04-15,0.187,QmnJ,Bonne,0.015557404326123129
1985-04-16,0.179,QmnJ,Bonne,0.014891846921797005
1985-04-17,0.158,QmnJ,Bonne,0.013144758735440932
1985-04-18,0.147,QmnJ,Bonne,0.012229617304492513
1985-04-19,0.141,QmnJ,Bonne,0.011730449251247919
1985-04-20,0.128,QmnJ,Bonne,0.01064891846921797
1985-04-21,0.128,QmnJ,Bonne,0.01064891846921797
1985-04-22,0.117,QmnJ,Bonne,0.009733777038269551
1985-04-23,0.114,QmnJ,Bonne,0.009484193011647254
1985-04-24,0.109,QmnJ,Bonne,0.009068219633943428
1985-04-25,0.101,QmnJ,Bonne,0.008402662229617306
1985-04-26,0.101,QmnJ,Bonne,0.008402662229617306
1985-04-27,0.091,QmnJ,Bonne,0.00757071547420965
1985-04-28,0.089,QmnJ,Bonne,0.00740432612312812
1985-04-29,0.082,QmnJ,Bonne,0.006821963394342763
1985-04-30,0.072,QmnJ,Bonne,0.005990016638935108
1985-05-01,0.064,QmnJ,Bonne,0.005324459234608985
1985-05-02,0.064,QmnJ,Bonne,0.005324459234608985
1985-05-03,0.064,QmnJ,Bonne,0.005324459234608985
1985-05-04,0.064,QmnJ,Bonne,0.005324459234608985
1985-05-05,0.064,QmnJ,Bonne,0.005324459234608985
1985-05-06,0.06,QmnJ,Bonne,0.004991680532445923
1985-05-07,0.054,QmnJ,Bonne,0.004492512479201331
1985-05-08,0.048,QmnJ,Bonne,0.003993344425956739
1985-05-09,0.043,QmnJ,Bonne,0.003577371048252912
1985-05-10,0.06,QmnJ,Bonne,0.004991680532445923
1985-05-11,0.054,QmnJ,Bonne,0.004492512479201331
1985-05-12,0.054,QmnJ,Bonne,0.004492512479201331
1985-05-13,0.054,QmnJ,Bonne,0.004492512479201331
1985-05-14,0.05,QmnJ,Bonne,0.00415973377703827
1985-05-15,0.043,QmnJ,Bonne,0.003577371048252912
1985-05-16,0.043,QmnJ,Bonne,0.003577371048252912
1985-05-17,0.039,QmnJ,Bonne,0.0032445923460898505
1985-05-18,0.034,QmnJ,Bonne,0.0028286189683860235
1985-05-19,0.034,QmnJ,Bonne,0.0028286189683860235
1985-05-20,0.034,QmnJ,Bonne,0.0028286189683860235
1985-05-21,0.039,QmnJ,Bonne,0.0032445923460898505
1985-05-22,0.039,QmnJ,Bonne,0.0032445923460898505
1985-05-23,0.034,QmnJ,Bonne,0.0028286189683860235
1985-05-24,0.034,QmnJ,Bonne,0.0028286189683860235
1985-05-25,0.03,QmnJ,Bonne,0.0024958402662229617
1985-05-26,0.024,QmnJ,Bonne,0.0019966722129783694
1985-05-27,0.036,QmnJ,Bonne,0.002995008319467554
1985-05-28,0.047,QmnJ,Bonne,0.003910149750415973
1985-05-29,0.038,QmnJ,Bonne,0.003161397670549085
1985-05-30,0.038,QmnJ,Bonne,0.003161397670549085
1985-05-31,0.034,QmnJ,Bonne,0.0028286189683860235
1985-06-01,0.03,QmnJ,Bonne,0.0024958402662229617
1985-06-02,0.027,QmnJ,Bonne,0.0022462562396006656
1985-06-03,0.024,QmnJ,Bonne,0.0019966722129783694
1985-06-04,0.024,QmnJ,Bonne,0.0019966722129783694
1985-06-05,0.024,QmnJ,Bonne,0.0019966722129783694
1985-06-06,0.024,QmnJ,Bonne,0.0019966722129783694
1985-06-07,0.052,QmnJ,Bonne,0.004326123128119801
1985-06-08,0.024,QmnJ,Bonne,0.0019966722129783694
1985-06-09,0.024,QmnJ,Bonne,0.0019966722129783694
1985-06-10,0.022,QmnJ,Bonne,0.0018302828618968385
1985-06-11,0.017,QmnJ,Bonne,0.0014143094841930117
1985-06-12,0.019,QmnJ,Bonne,0.0015806988352745424
1985-06-13,0.017,QmnJ,Bonne,0.0014143094841930117
1985-06-14,0.017,QmnJ,Bonne,0.0014143094841930117
1985-06-15,0.017,QmnJ,Bonne,0.0014143094841930117
1985-06-16,0.017,QmnJ,Bonne,0.0014143094841930117
1985-06-17,0.017,QmnJ,Bonne,0.0014143094841930117
1985-06-18,0.017,QmnJ,Bonne,0.0014143094841930117
1985-06-19,0.017,QmnJ,Bonne,0.0014143094841930117
1985-06-20,0.017,QmnJ,Bonne,0.0014143094841930117
1985-06-21,0.023,QmnJ,Bonne,0.001913477537437604
1985-06-22,0.017,QmnJ,Bonne,0.0014143094841930117
1985-06-23,0.024,QmnJ,Bonne,0.0019966722129783694
1985-06-24,0.02,QmnJ,Bonne,0.0016638935108153079
1985-06-25,0.017,QmnJ,Bonne,0.0014143094841930117
1985-06-26,0.017,QmnJ,Bonne,0.0014143094841930117
1985-06-27,0.015,QmnJ,Bonne,0.0012479201331114808
1985-06-28,0.01,QmnJ,Bonne,0.0008319467554076539
1985-06-29,0.01,QmnJ,Bonne,0.0008319467554076539
1985-06-30,0.01,QmnJ,Bonne,0.0008319467554076539
1985-07-01,0.01,QmnJ,Bonne,0.0008319467554076539
1985-07-02,0.01,QmnJ,Bonne,0.0008319467554076539
1985-07-03,0.01,QmnJ,Bonne,0.0008319467554076539
1985-07-04,0.013,QmnJ,Bonne,0.0010815307820299502
1985-07-05,0.01,QmnJ,Bonne,0.0008319467554076539
1985-07-06,0.01,QmnJ,Bonne,0.0008319467554076539
1985-07-07,0.01,QmnJ,Bonne,0.0008319467554076539
1985-07-08,0.01,QmnJ,Bonne,0.0008319467554076539
1985-07-09,0.004,QmnJ,Bonne,0.00033277870216306157
1985-07-10,0.004,QmnJ,Bonne,0.00033277870216306157
1985-07-11,0.004,QmnJ,Bonne,0.00033277870216306157
1985-07-12,0.004,QmnJ,Bonne,0.00033277870216306157
1985-07-13,0.002,QmnJ,Bonne,0.00016638935108153079
1985-07-14,0.0,QmnJ,Bonne,0.0
1985-07-15,0.0,QmnJ,Bonne,0.0
1985-07-16,0.0,QmnJ,Bonne,0.0
1985-07-17,0.0,QmnJ,Bonne,0.0
1985-07-18,0.013,QmnJ,Bonne,0.0010815307820299502
1985-07-19,0.014,QmnJ,Bonne,0.0011647254575707156
1985-07-20,0.007,QmnJ,Bonne,0.0005823627287853578
1985-07-21,0.004,QmnJ,Bonne,0.00033277870216306157
1985-07-22,0.004,QmnJ,Bonne,0.00033277870216306157
1985-07-23,0.004,QmnJ,Bonne,0.00033277870216306157
1985-07-24,0.004,QmnJ,Bonne,0.00033277870216306157
1985-07-25,0.004,QmnJ,Bonne,0.00033277870216306157
1985-07-26,0.004,QmnJ,Bonne,0.00033277870216306157
1985-07-27,0.0,QmnJ,Bonne,0.0
1985-07-28,0.003,QmnJ,Bonne,0.0002495840266222962
1985-07-29,0.004,QmnJ,Bonne,0.00033277870216306157
1985-07-30,0.004,QmnJ,Bonne,0.00033277870216306157
1985-07-31,0.004,QmnJ,Bonne,0.00033277870216306157
1985-08-01,0.004,QmnJ,Bonne,0.00033277870216306157
1985-08-02,0.004,QmnJ,Bonne,0.00033277870216306157
1985-08-03,0.004,QmnJ,Bonne,0.00033277870216306157
1985-08-04,0.004,QmnJ,Bonne,0.00033277870216306157
1985-08-05,0.004,QmnJ,Bonne,0.00033277870216306157
1985-08-06,0.004,QmnJ,Bonne,0.00033277870216306157
1985-08-07,0.004,QmnJ,Bonne,0.00033277870216306157
1985-08-08,0.004,QmnJ,Bonne,0.00033277870216306157
1985-08-09,0.004,QmnJ,Bonne,0.00033277870216306157
1985-08-10,0.004,QmnJ,Bonne,0.00033277870216306157
1985-08-11,0.004,QmnJ,Bonne,0.00033277870216306157
1985-08-12,0.004,QmnJ,Bonne,0.00033277870216306157
1985-08-13,0.004,QmnJ,Bonne,0.00033277870216306157
1985-08-14,0.0,QmnJ,Bonne,0.0
1985-08-15,0.0,QmnJ,Bonne,0.0
1985-08-16,0.0,QmnJ,Bonne,0.0
1985-08-17,0.0,QmnJ,Bonne,0.0
1985-08-18,0.0,QmnJ,Bonne,0.0
1985-08-19,0.0,QmnJ,Bonne,0.0
1985-08-20,0.0,QmnJ,Bonne,0.0
1985-08-21,0.0,QmnJ,Bonne,0.0
1985-11-07,0.002,QmnJ,Bonne,0.00016638935108153079
1985-11-08,0.009,QmnJ,Bonne,0.0007487520798668885
1985-11-09,0.01,QmnJ,Bonne,0.0008319467554076539
1985-11-10,0.008,QmnJ,Bonne,0.0006655574043261231
1985-11-11,0.01,QmnJ,Bonne,0.0008319467554076539
1985-11-12,0.01,QmnJ,Bonne,0.0008319467554076539
1985-11-13,0.01,QmnJ,Bonne,0.0008319467554076539
1985-11-14,0.007,QmnJ,Bonne,0.0005823627287853578
1985-11-15,0.004,QmnJ,Bonne,0.00033277870216306157
1985-11-16,0.004,QmnJ,Bonne,0.00033277870216306157
1985-11-17,0.004,QmnJ,Bonne,0.00033277870216306157
1985-11-18,0.004,QmnJ,Bonne,0.00033277870216306157
1985-11-19,0.004,QmnJ,Bonne,0.00033277870216306157
1985-11-20,0.004,QmnJ,Bonne,0.00033277870216306157
1985-11-21,0.004,QmnJ,Bonne,0.00033277870216306157
1985-11-22,0.004,QmnJ,Bonne,0.00033277870216306157
1985-11-23,0.004,QmnJ,Bonne,0.00033277870216306157
1985-11-24,0.004,QmnJ,Bonne,0.00033277870216306157
1985-11-25,0.004,QmnJ,Bonne,0.00033277870216306157
1985-11-26,0.004,QmnJ,Bonne,0.00033277870216306157
1985-11-27,0.004,QmnJ,Bonne,0.00033277870216306157
1985-11-28,0.004,QmnJ,Bonne,0.00033277870216306157
1985-11-29,0.004,QmnJ,Bonne,0.00033277870216306157
1985-11-30,0.009,QmnJ,Bonne,0.0007487520798668885
1985-12-01,0.01,QmnJ,Bonne,0.0008319467554076539
1985-12-03,0.033,QmnJ,Bonne,0.0027454242928452582
1985-12-04,0.045,QmnJ,Bonne,0.0037437603993344427
1985-12-05,0.035,QmnJ,Bonne,0.002911813643926789
1985-12-06,0.031,QmnJ,Bonne,0.0025790349417637273
1985-12-07,0.1,QmnJ,Bonne,0.00831946755407654
1985-12-08,0.058,QmnJ,Bonne,0.004825291181364393
1985-12-09,0.051,QmnJ,Bonne,0.004242928452579035
1985-12-10,0.035,QmnJ,Bonne,0.002911813643926789
1985-12-11,0.116,QmnJ,Bonne,0.009650582362728786
1985-12-12,0.06,QmnJ,Bonne,0.004991680532445923
1985-12-13,0.043,QmnJ,Bonne,0.003577371048252912
1985-12-14,0.042,QmnJ,Bonne,0.0034941763727121466
1985-12-15,0.037,QmnJ,Bonne,0.0030782029950083196
1985-12-16,0.033,QmnJ,Bonne,0.0027454242928452582
1985-12-17,0.028,QmnJ,Bonne,0.0023294509151414312
1985-12-18,0.03,QmnJ,Bonne,0.0024958402662229617
1985-12-19,0.034,QmnJ,Bonne,0.0028286189683860235
1985-12-20,0.03,QmnJ,Bonne,0.0024958402662229617
1985-12-21,0.024,QmnJ,Bonne,0.0019966722129783694
1985-12-22,0.051,QmnJ,Bonne,0.004242928452579035
1985-12-23,0.062,QmnJ,Bonne,0.005158069883527455
1985-12-24,0.115,QmnJ,Bonne,0.00956738768718802
1985-12-25,0.169,QmnJ,Bonne,0.014059900166389352
1985-12-26,0.204,QmnJ,Bonne,0.01697171381031614
1985-12-27,0.116,QmnJ,Bonne,0.009650582362728786
1985-12-28,0.087,QmnJ,Bonne,0.0072379367720465885
1985-12-29,0.077,QmnJ,Bonne,0.006405990016638935
1985-12-30,0.067,QmnJ,Bonne,0.005574043261231282
1985-12-31,0.064,QmnJ,Bonne,0.005324459234608985
1986-01-01,0.142,QmnJ,Bonne,0.011813643926788684
1986-01-02,0.293,QmnJ,Bonne,0.024376039933444258
1986-01-03,0.208,QmnJ,Bonne,0.017304492512479203
1986-01-04,0.124,QmnJ,Bonne,0.01031613976705491
1986-01-05,0.559,QmnJ,Bonne,0.04650582362728786
1986-01-06,0.341,QmnJ,Bonne,0.028369384359401003
1986-01-07,0.453,QmnJ,Bonne,0.037687188019966726
1986-01-08,0.375,QmnJ,Bonne,0.03119800332778702
1986-01-09,0.268,QmnJ,Bonne,0.02229617304492513
1986-01-10,0.255,QmnJ,Bonne,0.021214642262895177
1986-01-11,0.262,QmnJ,Bonne,0.021797004991680535
1986-01-12,0.248,QmnJ,Bonne,0.02063227953410982
1986-01-13,0.234,QmnJ,Bonne,0.019467554076539103
1986-01-14,0.235,QmnJ,Bonne,0.019550748752079867
1986-01-15,0.205,QmnJ,Bonne,0.017054908485856904
1986-01-16,0.185,QmnJ,Bonne,0.015391014975041598
1986-01-17,0.195,QmnJ,Bonne,0.01622296173044925
1986-01-18,0.185,QmnJ,Bonne,0.015391014975041598
1986-01-19,0.221,QmnJ,Bonne,0.01838602329450915
1986-01-20,0.193,QmnJ,Bonne,0.016056572379367723
1986-01-21,0.218,QmnJ,Bonne,0.018136439267886856
1986-01-22,0.239,QmnJ,Bonne,0.01988352745424293
1986-01-23,0.388,QmnJ,Bonne,0.032279534109816974
1986-01-24,0.422,QmnJ,Bonne,0.035108153078202996
1986-01-25,0.281,QmnJ,Bonne,0.023377703826955077
1986-01-26,0.276,QmnJ,Bonne,0.02296173044925125
1986-01-27,0.347,QmnJ,Bonne,0.02886855241264559
1986-01-28,0.347,QmnJ,Bonne,0.02886855241264559
1986-01-29,0.73,QmnJ,Bonne,0.06073211314475874
1986-01-30,0.401,QmnJ,Bonne,0.033361064891846925
1986-01-31,0.351,QmnJ,Bonne,0.029201331114808653
1986-02-01,0.336,QmnJ,Bonne,0.027953410981697173
1986-02-02,0.341,QmnJ,Bonne,0.028369384359401003
1986-02-03,0.34,QmnJ,Bonne,0.028286189683860236
1986-02-04,0.363,QmnJ,Bonne,0.030199667221297837
1986-02-05,0.299,QmnJ,Bonne,0.024875207986688852
1986-02-06,0.278,QmnJ,Bonne,0.023128119800332782
1986-02-07,0.262,QmnJ,Bonne,0.021797004991680535
1986-02-08,0.262,QmnJ,Bonne,0.021797004991680535
1986-02-09,0.247,QmnJ,Bonne,0.02054908485856905
1986-02-10,0.23,QmnJ,Bonne,0.01913477537437604
1986-02-11,0.208,QmnJ,Bonne,0.017304492512479203
1986-02-12,0.208,QmnJ,Bonne,0.017304492512479203
1986-02-13,0.212,QmnJ,Bonne,0.017637271214642262
1986-02-14,0.226,QmnJ,Bonne,0.01880199667221298
1986-02-15,0.294,QmnJ,Bonne,0.024459234608985025
1986-02-16,0.351,QmnJ,Bonne,0.029201331114808653
1986-02-17,0.459,QmnJ,Bonne,0.03818635607321132
1986-02-18,0.308,QmnJ,Bonne,0.02562396006655574
1986-02-19,0.273,QmnJ,Bonne,0.022712146422628955
1986-02-20,0.269,QmnJ,Bonne,0.022379367720465893
1986-02-21,0.248,QmnJ,Bonne,0.02063227953410982
1986-02-22,0.229,QmnJ,Bonne,0.019051580698835276
1986-02-23,0.251,QmnJ,Bonne,0.020881863560732114
1986-02-24,0.25,QmnJ,Bonne,0.02079866888519135
1986-02-25,0.235,QmnJ,Bonne,0.019550748752079867
1986-02-26,0.212,QmnJ,Bonne,0.017637271214642262
1986-02-27,0.205,QmnJ,Bonne,0.017054908485856904
1986-02-28,0.242,QmnJ,Bonne,0.020133111480865225
1986-03-01,0.444,QmnJ,Bonne,0.03693843594009984
1986-03-02,0.383,QmnJ,Bonne,0.03186356073211315
1986-03-03,0.33,QmnJ,Bonne,0.027454242928452582
1986-03-04,0.337,QmnJ,Bonne,0.02803660565723794
1986-03-05,0.343,QmnJ,Bonne,0.02853577371048253
1986-03-06,0.293,QmnJ,Bonne,0.024376039933444258
1986-03-07,0.256,QmnJ,Bonne,0.02129783693843594
1986-03-08,0.243,QmnJ,Bonne,0.02021630615640599
1986-03-09,0.243,QmnJ,Bonne,0.02021630615640599
1986-03-10,0.235,QmnJ,Bonne,0.019550748752079867
1986-03-11,0.224,QmnJ,Bonne,0.01863560732113145
1986-03-12,0.223,QmnJ,Bonne,0.018552412645590682
1986-03-13,0.207,QmnJ,Bonne,0.017221297836938435
1986-03-14,0.192,QmnJ,Bonne,0.015973377703826955
1986-03-15,0.185,QmnJ,Bonne,0.015391014975041598
1986-03-16,0.188,QmnJ,Bonne,0.015640599001663893
1986-03-17,0.186,QmnJ,Bonne,0.015474209650582363
1986-03-18,0.168,QmnJ,Bonne,0.013976705490848586
1986-03-19,0.166,QmnJ,Bonne,0.013810316139767057
1986-03-20,0.191,QmnJ,Bonne,0.01589018302828619
1986-03-21,0.17,QmnJ,Bonne,0.014143094841930118
1986-03-22,0.166,QmnJ,Bonne,0.013810316139767057
1986-03-23,0.175,QmnJ,Bonne,0.014559068219633943
1986-03-24,0.384,QmnJ,Bonne,0.03194675540765391
1986-03-25,0.266,QmnJ,Bonne,0.022129783693843597
1986-03-26,0.227,QmnJ,Bonne,0.018885191347753745
1986-03-27,0.365,QmnJ,Bonne,0.03036605657237937
1986-03-28,0.544,QmnJ,Bonne,0.045257903494176376
1986-03-29,0.408,QmnJ,Bonne,0.03394342762063228
1986-03-30,0.638,QmnJ,Bonne,0.053078202995008324
1986-03-31,0.62,QmnJ,Bonne,0.051580698835274545
1986-04-01,0.437,QmnJ,Bonne,0.036356073211314476
1986-04-02,0.409,QmnJ,Bonne,0.034026622296173044
1986-04-03,0.409,QmnJ,Bonne,0.034026622296173044
1986-04-04,0.409,QmnJ,Bonne,0.034026622296173044
1986-04-05,0.409,QmnJ,Bonne,0.034026622296173044
1986-04-06,0.409,QmnJ,Bonne,0.034026622296173044
1986-04-07,0.409,QmnJ,Bonne,0.034026622296173044
1986-04-08,0.409,QmnJ,Bonne,0.034026622296173044
1986-04-09,0.409,QmnJ,Bonne,0.034026622296173044
1986-04-10,0.409,QmnJ,Bonne,0.034026622296173044
1986-04-11,0.409,QmnJ,Bonne,0.034026622296173044
1986-04-12,0.409,QmnJ,Bonne,0.034026622296173044
1986-04-13,0.409,QmnJ,Bonne,0.034026622296173044
1986-04-14,0.409,QmnJ,Bonne,0.034026622296173044
1986-04-15,0.409,QmnJ,Bonne,0.034026622296173044
1986-04-16,0.414,QmnJ,Bonne,0.03444259567387687
1986-04-17,0.315,QmnJ,Bonne,0.0262063227953411
1986-04-18,0.261,QmnJ,Bonne,0.021713810316139767
1986-04-19,0.237,QmnJ,Bonne,0.019717138103161398
1986-04-20,0.24,QmnJ,Bonne,0.019966722129783693
1986-04-21,0.295,QmnJ,Bonne,0.02454242928452579
1986-04-22,0.262,QmnJ,Bonne,0.021797004991680535
1986-04-23,0.366,QmnJ,Bonne,0.030449251247920132
1986-04-24,0.268,QmnJ,Bonne,0.02229617304492513
1986-04-25,0.251,QmnJ,Bonne,0.020881863560732114
1986-04-26,0.236,QmnJ,Bonne,0.01963394342762063
1986-04-27,0.224,QmnJ,Bonne,0.01863560732113145
1986-04-28,0.216,QmnJ,Bonne,0.017970049916805324
1986-04-29,0.199,QmnJ,Bonne,0.016555740432612313
1986-04-30,0.185,QmnJ,Bonne,0.015391014975041598
1986-05-03,0.179,QmnJ,Bonne,0.014891846921797005
1986-05-04,0.346,QmnJ,Bonne,0.028785357737104823
1986-05-05,0.388,QmnJ,Bonne,0.032279534109816974
1986-05-06,0.221,QmnJ,Bonne,0.01838602329450915
1986-05-07,0.21,QmnJ,Bonne,0.01747088186356073
1986-05-08,0.242,QmnJ,Bonne,0.020133111480865225
1986-05-09,0.212,QmnJ,Bonne,0.017637271214642262
1986-05-10,0.243,QmnJ,Bonne,0.02021630615640599
1986-05-11,0.22,QmnJ,Bonne,0.018302828618968387
1986-05-12,0.196,QmnJ,Bonne,0.016306156405990018
1986-05-13,0.179,QmnJ,Bonne,0.014891846921797005
1986-05-14,0.174,QmnJ,Bonne,0.014475873544093177
1986-05-15,0.291,QmnJ,Bonne,0.024209650582362727
1986-05-16,0.189,QmnJ,Bonne,0.01572379367720466
1986-05-17,0.202,QmnJ,Bonne,0.016805324459234612
1986-05-18,0.178,QmnJ,Bonne,0.01480865224625624
1986-05-19,0.159,QmnJ,Bonne,0.013227953410981697
1986-05-20,0.772,QmnJ,Bonne,0.06422628951747089
1986-05-21,0.26,QmnJ,Bonne,0.021630615640599003
1986-05-22,0.236,QmnJ,Bonne,0.01963394342762063
1986-05-23,0.254,QmnJ,Bonne,0.02113144758735441
1986-05-24,0.222,QmnJ,Bonne,0.01846921797004992
1986-05-25,0.198,QmnJ,Bonne,0.01647254575707155
1986-05-26,0.179,QmnJ,Bonne,0.014891846921797005
1986-05-27,0.166,QmnJ,Bonne,0.013810316139767057
1986-05-28,0.165,QmnJ,Bonne,0.013727121464226291
1986-05-29,0.15,QmnJ,Bonne,0.012479201331114808
1986-05-30,0.141,QmnJ,Bonne,0.011730449251247919
1986-05-31,0.137,QmnJ,Bonne,0.01139767054908486
1986-06-01,0.147,QmnJ,Bonne,0.012229617304492513
1986-06-02,0.142,QmnJ,Bonne,0.011813643926788684
1986-06-03,0.128,QmnJ,Bonne,0.01064891846921797
1986-06-04,0.123,QmnJ,Bonne,0.010232945091514144
1986-06-05,0.114,QmnJ,Bonne,0.009484193011647254
1986-06-06,0.11,QmnJ,Bonne,0.009151414309484194
1986-06-07,0.101,QmnJ,Bonne,0.008402662229617306
1986-06-08,0.101,QmnJ,Bonne,0.008402662229617306
1986-06-09,0.097,QmnJ,Bonne,0.008069883527454243
1986-06-10,0.092,QmnJ,Bonne,0.007653910149750416
1986-06-11,0.089,QmnJ,Bonne,0.00740432612312812
1986-06-12,0.085,QmnJ,Bonne,0.007071547420965059
1986-06-13,0.076,QmnJ,Bonne,0.00632279534109817
1986-06-14,0.072,QmnJ,Bonne,0.005990016638935108
1986-06-15,0.064,QmnJ,Bonne,0.005324459234608985
1986-06-16,0.064,QmnJ,Bonne,0.005324459234608985
1986-06-17,0.061,QmnJ,Bonne,0.005074875207986689
1986-06-18,0.054,QmnJ,Bonne,0.004492512479201331
1986-06-19,0.054,QmnJ,Bonne,0.004492512479201331
1986-06-20,0.054,QmnJ,Bonne,0.004492512479201331
1986-06-21,0.146,QmnJ,Bonne,0.012146422628951747
1986-06-22,0.126,QmnJ,Bonne,0.010482529118136439
1986-06-23,0.176,QmnJ,Bonne,0.014642262895174708
1986-06-24,0.118,QmnJ,Bonne,0.009816971713810315
1986-06-25,0.084,QmnJ,Bonne,0.006988352745424293
1986-06-26,0.072,QmnJ,Bonne,0.005990016638935108
1986-06-27,0.061,QmnJ,Bonne,0.005074875207986689
1986-06-28,0.058,QmnJ,Bonne,0.004825291181364393
1986-06-29,0.099,QmnJ,Bonne,0.008236272878535775
1986-06-30,0.207,QmnJ,Bonne,0.017221297836938435
1986-07-01,0.071,QmnJ,Bonne,0.005906821963394342
1986-07-02,0.061,QmnJ,Bonne,0.005074875207986689
1986-07-03,0.054,QmnJ,Bonne,0.004492512479201331
1986-07-04,0.054,QmnJ,Bonne,0.004492512479201331
1986-07-05,0.063,QmnJ,Bonne,0.0052412645590682195
1986-07-06,0.126,QmnJ,Bonne,0.010482529118136439
1986-07-07,0.06,QmnJ,Bonne,0.004991680532445923
1986-07-08,0.054,QmnJ,Bonne,0.004492512479201331
1986-07-09,0.053,QmnJ,Bonne,0.0044093178036605655
1986-07-10,0.05,QmnJ,Bonne,0.00415973377703827
1986-07-11,0.047,QmnJ,Bonne,0.003910149750415973
1986-07-12,0.044,QmnJ,Bonne,0.003660565723793677
1986-07-13,0.042,QmnJ,Bonne,0.0034941763727121466
1986-07-14,0.039,QmnJ,Bonne,0.0032445923460898505
1986-07-15,0.036,QmnJ,Bonne,0.002995008319467554
1986-07-16,0.031,QmnJ,Bonne,0.0025790349417637273
1986-07-17,0.024,QmnJ,Bonne,0.0019966722129783694
1986-07-18,0.024,QmnJ,Bonne,0.0019966722129783694
1986-07-19,0.024,QmnJ,Bonne,0.0019966722129783694
1986-07-20,0.024,QmnJ,Bonne,0.0019966722129783694
1986-07-21,0.024,QmnJ,Bonne,0.0019966722129783694
1986-07-22,0.024,QmnJ,Bonne,0.0019966722129783694
1986-07-23,0.022,QmnJ,Bonne,0.0018302828618968385
1986-07-24,0.017,QmnJ,Bonne,0.0014143094841930117
1986-07-25,0.017,QmnJ,Bonne,0.0014143094841930117
1986-07-26,0.02,QmnJ,Bonne,0.0016638935108153079
1986-07-27,0.017,QmnJ,Bonne,0.0014143094841930117
1986-07-28,0.024,QmnJ,Bonne,0.0019966722129783694
1986-07-29,0.02,QmnJ,Bonne,0.0016638935108153079
1986-07-30,0.014,QmnJ,Bonne,0.0011647254575707156
1986-07-31,0.01,QmnJ,Bonne,0.0008319467554076539
1986-08-01,0.01,QmnJ,Bonne,0.0008319467554076539
1986-08-02,0.01,QmnJ,Bonne,0.0008319467554076539
1986-08-03,0.039,QmnJ,Bonne,0.0032445923460898505
1986-08-04,0.024,QmnJ,Bonne,0.0019966722129783694
1986-08-05,0.016,QmnJ,Bonne,0.0013311148086522463
1986-08-06,0.01,QmnJ,Bonne,0.0008319467554076539
1986-08-07,0.013,QmnJ,Bonne,0.0010815307820299502
1986-08-08,0.01,QmnJ,Bonne,0.0008319467554076539
1986-08-09,0.01,QmnJ,Bonne,0.0008319467554076539
1986-08-10,0.01,QmnJ,Bonne,0.0008319467554076539
1986-08-11,0.01,QmnJ,Bonne,0.0008319467554076539
1986-08-12,0.01,QmnJ,Bonne,0.0008319467554076539
1986-08-13,0.01,QmnJ,Bonne,0.0008319467554076539
1986-08-14,0.01,QmnJ,Bonne,0.0008319467554076539
1986-08-15,0.01,QmnJ,Bonne,0.0008319467554076539
1986-08-16,0.01,QmnJ,Bonne,0.0008319467554076539
1986-08-17,0.01,QmnJ,Bonne,0.0008319467554076539
1986-08-18,0.022,QmnJ,Bonne,0.0018302828618968385
1986-08-19,0.02,QmnJ,Bonne,0.0016638935108153079
1986-08-20,0.01,QmnJ,Bonne,0.0008319467554076539
1986-08-21,0.01,QmnJ,Bonne,0.0008319467554076539
1986-08-22,0.039,QmnJ,Bonne,0.0032445923460898505
1986-08-23,0.022,QmnJ,Bonne,0.0018302828618968385
1986-08-24,0.017,QmnJ,Bonne,0.0014143094841930117
1986-08-25,0.019,QmnJ,Bonne,0.0015806988352745424
1986-08-26,0.03,QmnJ,Bonne,0.0024958402662229617
1986-08-27,0.017,QmnJ,Bonne,0.0014143094841930117
1986-08-28,0.013,QmnJ,Bonne,0.0010815307820299502
1986-08-29,0.01,QmnJ,Bonne,0.0008319467554076539
1986-08-30,0.01,QmnJ,Bonne,0.0008319467554076539
1986-08-31,0.01,QmnJ,Bonne,0.0008319467554076539
1986-09-01,0.01,QmnJ,Bonne,0.0008319467554076539
1986-09-02,0.01,QmnJ,Bonne,0.0008319467554076539
1986-09-03,0.008,QmnJ,Bonne,0.0006655574043261231
1986-09-04,0.004,QmnJ,Bonne,0.00033277870216306157
1986-09-05,0.004,QmnJ,Bonne,0.00033277870216306157
1986-09-06,0.004,QmnJ,Bonne,0.00033277870216306157
1986-09-07,0.004,QmnJ,Bonne,0.00033277870216306157
1986-09-08,0.004,QmnJ,Bonne,0.00033277870216306157
1986-09-09,0.004,QmnJ,Bonne,0.00033277870216306157
1986-09-16,0.07,QmnJ,Bonne,0.005823627287853578
1986-09-17,0.206,QmnJ,Bonne,0.01713810316139767
1986-09-18,0.08,QmnJ,Bonne,0.0066555740432612314
1986-09-19,0.054,QmnJ,Bonne,0.004492512479201331
1986-09-20,0.035,QmnJ,Bonne,0.002911813643926789
1986-09-21,0.031,QmnJ,Bonne,0.0025790349417637273
1986-09-22,0.034,QmnJ,Bonne,0.0028286189683860235
1986-09-23,0.034,QmnJ,Bonne,0.0028286189683860235
1986-09-24,0.034,QmnJ,Bonne,0.0028286189683860235
1986-09-25,0.03,QmnJ,Bonne,0.0024958402662229617
1986-09-26,0.024,QmnJ,Bonne,0.0019966722129783694
1986-09-27,0.024,QmnJ,Bonne,0.0019966722129783694
1986-09-28,0.024,QmnJ,Bonne,0.0019966722129783694
1986-09-29,0.024,QmnJ,Bonne,0.0019966722129783694
1986-09-30,0.024,QmnJ,Bonne,0.0019966722129783694
1986-10-01,0.024,QmnJ,Bonne,0.0019966722129783694
1986-10-02,0.024,QmnJ,Bonne,0.0019966722129783694
1986-10-03,0.024,QmnJ,Bonne,0.0019966722129783694
1986-10-04,0.024,QmnJ,Bonne,0.0019966722129783694
1986-10-05,0.024,QmnJ,Bonne,0.0019966722129783694
1986-10-06,0.024,QmnJ,Bonne,0.0019966722129783694
1986-10-07,0.023,QmnJ,Bonne,0.001913477537437604
1986-10-08,0.022,QmnJ,Bonne,0.0018302828618968385
1986-10-09,0.021,QmnJ,Bonne,0.0017470881863560733
1986-10-10,0.019,QmnJ,Bonne,0.0015806988352745424
1986-10-11,0.018,QmnJ,Bonne,0.001497504159733777
1986-10-12,0.022,QmnJ,Bonne,0.0018302828618968385
1986-10-13,0.024,QmnJ,Bonne,0.0019966722129783694
1986-10-14,0.026,QmnJ,Bonne,0.0021630615640599003
1986-10-15,0.033,QmnJ,Bonne,0.0027454242928452582
1986-10-16,0.027,QmnJ,Bonne,0.0022462562396006656
1986-10-17,0.024,QmnJ,Bonne,0.0019966722129783694
1986-10-18,0.024,QmnJ,Bonne,0.0019966722129783694
1986-10-19,0.029,QmnJ,Bonne,0.0024126455906821965
1986-10-20,0.034,QmnJ,Bonne,0.0028286189683860235
1986-10-21,0.025,QmnJ,Bonne,0.002079866888519135
1986-10-22,0.061,QmnJ,Bonne,0.005074875207986689
1986-10-23,0.052,QmnJ,Bonne,0.004326123128119801
1986-10-24,0.043,QmnJ,Bonne,0.003577371048252912
1986-10-25,0.052,QmnJ,Bonne,0.004326123128119801
1986-10-26,0.044,QmnJ,Bonne,0.003660565723793677
1986-10-27,0.061,QmnJ,Bonne,0.005074875207986689
1986-10-28,0.066,QmnJ,Bonne,0.0054908485856905165
1986-10-29,0.107,QmnJ,Bonne,0.008901830282861897
1986-10-30,0.056,QmnJ,Bonne,0.0046589018302828624
1986-10-31,0.054,QmnJ,Bonne,0.004492512479201331
1986-11-01,0.054,QmnJ,Bonne,0.004492512479201331
1986-11-02,0.043,QmnJ,Bonne,0.003577371048252912
1986-11-03,0.034,QmnJ,Bonne,0.0028286189683860235
1986-11-04,0.034,QmnJ,Bonne,0.0028286189683860235
1986-11-05,0.034,QmnJ,Bonne,0.0028286189683860235
1986-11-06,0.034,QmnJ,Bonne,0.0028286189683860235
1986-11-07,0.034,QmnJ,Bonne,0.0028286189683860235
1986-11-08,0.039,QmnJ,Bonne,0.0032445923460898505
1986-11-09,0.037,QmnJ,Bonne,0.0030782029950083196
1986-11-10,0.067,QmnJ,Bonne,0.005574043261231282
1986-11-11,0.134,QmnJ,Bonne,0.011148086522462564
1986-11-12,0.085,QmnJ,Bonne,0.007071547420965059
1986-11-13,0.089,QmnJ,Bonne,0.00740432612312812
1986-11-14,0.248,QmnJ,Bonne,0.02063227953410982
1986-11-15,0.243,QmnJ,Bonne,0.02021630615640599
1986-11-16,0.144,QmnJ,Bonne,0.011980033277870216
1986-11-17,0.183,QmnJ,Bonne,0.015224625623960066
1986-11-18,0.225,QmnJ,Bonne,0.018718801996672214
1986-11-19,0.3,QmnJ,Bonne,0.024958402662229616
1986-11-20,0.24,QmnJ,Bonne,0.019966722129783693
1986-11-21,0.255,QmnJ,Bonne,0.021214642262895177
1986-11-22,0.239,QmnJ,Bonne,0.01988352745424293
1986-11-23,0.222,QmnJ,Bonne,0.01846921797004992
1986-11-24,0.194,QmnJ,Bonne,0.016139767054908487
1986-11-25,0.185,QmnJ,Bonne,0.015391014975041598
1986-11-26,0.177,QmnJ,Bonne,0.014725457570715474
1986-11-27,0.148,QmnJ,Bonne,0.012312811980033278
1986-11-28,0.147,QmnJ,Bonne,0.012229617304492513
1986-11-29,0.146,QmnJ,Bonne,0.012146422628951747
1986-11-30,0.129,QmnJ,Bonne,0.010732113144758736
1986-12-01,0.128,QmnJ,Bonne,0.01064891846921797
1986-12-02,0.128,QmnJ,Bonne,0.01064891846921797
1986-12-03,0.121,QmnJ,Bonne,0.010066555740432612
1986-12-04,0.115,QmnJ,Bonne,0.00956738768718802
1986-12-05,0.115,QmnJ,Bonne,0.00956738768718802
1986-12-06,0.219,QmnJ,Bonne,0.01821963394342762
1986-12-07,0.17,QmnJ,Bonne,0.014143094841930118
1986-12-08,0.368,QmnJ,Bonne,0.030615640599001664
1986-12-09,0.231,QmnJ,Bonne,0.019217970049916808
1986-12-10,0.198,QmnJ,Bonne,0.01647254575707155
1986-12-11,0.232,QmnJ,Bonne,0.01930116472545757
1986-12-12,0.226,QmnJ,Bonne,0.01880199667221298
1986-12-13,0.479,QmnJ,Bonne,0.03985024958402662
1986-12-14,0.307,QmnJ,Bonne,0.025540765391014974
1986-12-15,0.468,QmnJ,Bonne,0.038935108153078206
1986-12-16,0.416,QmnJ,Bonne,0.034608985024958405
1986-12-17,0.399,QmnJ,Bonne,0.03319467554076539
1986-12-18,0.539,QmnJ,Bonne,0.04484193011647255
1986-12-19,0.51,QmnJ,Bonne,0.04242928452579035
1986-12-20,0.421,QmnJ,Bonne,0.03502495840266223
1986-12-21,0.409,QmnJ,Bonne,0.034026622296173044
1986-12-22,0.408,QmnJ,Bonne,0.03394342762063228
1986-12-23,0.399,QmnJ,Bonne,0.03319467554076539
1986-12-24,0.389,QmnJ,Bonne,0.03236272878535774
1986-12-25,0.379,QmnJ,Bonne,0.031530782029950084
1986-12-26,0.37,QmnJ,Bonne,0.030782029950083195
1986-12-27,0.36,QmnJ,Bonne,0.029950083194675542
1986-12-28,0.35,QmnJ,Bonne,0.029118136439267885
1986-12-29,0.341,QmnJ,Bonne,0.028369384359401003
1986-12-30,0.331,QmnJ,Bonne,0.027537437603993346
1986-12-31,0.321,QmnJ,Bonne,0.026705490848585693
1987-01-01,0.312,QmnJ,Bonne,0.025956738768718804
1987-01-02,0.302,QmnJ,Bonne,0.025124792013311147
1987-01-03,0.292,QmnJ,Bonne,0.024292845257903494
1987-01-04,0.283,QmnJ,Bonne,0.023544093178036605
1987-01-05,0.273,QmnJ,Bonne,0.022712146422628955
1987-01-06,0.264,QmnJ,Bonne,0.021963394342762066
1987-01-07,0.262,QmnJ,Bonne,0.021797004991680535
1987-01-08,0.246,QmnJ,Bonne,0.020465890183028287
1987-01-09,0.243,QmnJ,Bonne,0.02021630615640599
1987-01-10,0.24,QmnJ,Bonne,0.019966722129783693
1987-01-11,0.216,QmnJ,Bonne,0.017970049916805324
1987-01-12,0.202,QmnJ,Bonne,0.016805324459234612
1987-01-13,0.194,QmnJ,Bonne,0.016139767054908487
1987-01-14,0.178,QmnJ,Bonne,0.01480865224625624
1987-01-15,0.166,QmnJ,Bonne,0.013810316139767057
1987-01-16,0.166,QmnJ,Bonne,0.013810316139767057
1987-01-17,0.166,QmnJ,Bonne,0.013810316139767057
1987-01-18,0.155,QmnJ,Bonne,0.012895174708818636
1987-01-19,0.147,QmnJ,Bonne,0.012229617304492513
1987-01-20,0.137,QmnJ,Bonne,0.01139767054908486
1987-01-21,0.128,QmnJ,Bonne,0.01064891846921797
1987-01-22,0.128,QmnJ,Bonne,0.01064891846921797
1987-01-23,0.128,QmnJ,Bonne,0.01064891846921797
1987-01-24,0.128,QmnJ,Bonne,0.01064891846921797
1987-01-25,0.128,QmnJ,Bonne,0.01064891846921797
1987-01-26,0.128,QmnJ,Bonne,0.01064891846921797
1987-01-27,0.128,QmnJ,Bonne,0.01064891846921797
1987-01-28,0.131,QmnJ,Bonne,0.010898502495840267
1987-01-29,0.188,QmnJ,Bonne,0.015640599001663893
1987-01-30,0.126,QmnJ,Bonne,0.010482529118136439
1987-01-31,0.106,QmnJ,Bonne,0.008818635607321131
1987-02-01,0.101,QmnJ,Bonne,0.008402662229617306
1987-02-02,0.213,QmnJ,Bonne,0.01772046589018303
1987-02-03,0.181,QmnJ,Bonne,0.015058236272878537
1987-02-04,0.124,QmnJ,Bonne,0.01031613976705491
1987-02-05,0.114,QmnJ,Bonne,0.009484193011647254
1987-02-06,0.114,QmnJ,Bonne,0.009484193011647254
1987-02-07,0.114,QmnJ,Bonne,0.009484193011647254
1987-02-08,0.114,QmnJ,Bonne,0.009484193011647254
1987-02-09,0.114,QmnJ,Bonne,0.009484193011647254
1987-02-10,0.114,QmnJ,Bonne,0.009484193011647254
1987-02-11,0.114,QmnJ,Bonne,0.009484193011647254
1987-02-12,0.102,QmnJ,Bonne,0.00848585690515807
1987-02-13,0.144,QmnJ,Bonne,0.011980033277870216
1987-02-14,0.153,QmnJ,Bonne,0.012728785357737105
1987-02-15,0.117,QmnJ,Bonne,0.009733777038269551
1987-02-16,0.114,QmnJ,Bonne,0.009484193011647254
1987-02-17,0.114,QmnJ,Bonne,0.009484193011647254
1987-02-18,0.123,QmnJ,Bonne,0.010232945091514144
1987-02-19,0.121,QmnJ,Bonne,0.010066555740432612
1987-02-20,0.114,QmnJ,Bonne,0.009484193011647254
1987-02-21,0.119,QmnJ,Bonne,0.009900166389351081
1987-02-22,0.117,QmnJ,Bonne,0.009733777038269551
1987-02-23,0.108,QmnJ,Bonne,0.008985024958402662
1987-02-24,0.101,QmnJ,Bonne,0.008402662229617306
1987-02-25,0.115,QmnJ,Bonne,0.00956738768718802
1987-02-26,0.15,QmnJ,Bonne,0.012479201331114808
1987-02-27,0.195,QmnJ,Bonne,0.01622296173044925
1987-02-28,0.136,QmnJ,Bonne,0.011314475873544094
1987-03-01,0.128,QmnJ,Bonne,0.01064891846921797
1987-03-02,0.123,QmnJ,Bonne,0.010232945091514144
1987-03-03,0.114,QmnJ,Bonne,0.009484193011647254
1987-03-04,0.114,QmnJ,Bonne,0.009484193011647254
1987-03-05,0.114,QmnJ,Bonne,0.009484193011647254
1987-03-06,0.114,QmnJ,Bonne,0.009484193011647254
1987-03-07,0.129,QmnJ,Bonne,0.010732113144758736
1987-03-08,0.132,QmnJ,Bonne,0.010981697171381033
1987-03-09,0.128,QmnJ,Bonne,0.01064891846921797
1987-03-10,0.119,QmnJ,Bonne,0.009900166389351081
1987-03-11,0.114,QmnJ,Bonne,0.009484193011647254
1987-03-12,0.109,QmnJ,Bonne,0.009068219633943428
1987-03-13,0.101,QmnJ,Bonne,0.008402662229617306
1987-03-14,0.101,QmnJ,Bonne,0.008402662229617306
1987-03-15,0.101,QmnJ,Bonne,0.008402662229617306
1987-03-16,0.101,QmnJ,Bonne,0.008402662229617306
1987-03-17,0.101,QmnJ,Bonne,0.008402662229617306
1987-03-18,0.101,QmnJ,Bonne,0.008402662229617306
1987-03-19,0.101,QmnJ,Bonne,0.008402662229617306
1987-03-20,0.103,QmnJ,Bonne,0.008569051580698836
1987-03-21,0.121,QmnJ,Bonne,0.010066555740432612
1987-03-22,0.106,QmnJ,Bonne,0.008818635607321131
1987-03-23,0.102,QmnJ,Bonne,0.00848585690515807
1987-03-24,0.11,QmnJ,Bonne,0.009151414309484194
1987-03-25,0.12,QmnJ,Bonne,0.009983361064891847
1987-03-26,0.13,QmnJ,Bonne,0.010815307820299502
1987-03-27,0.143,QmnJ,Bonne,0.01189683860232945
1987-03-28,0.156,QmnJ,Bonne,0.012978369384359402
1987-03-29,0.169,QmnJ,Bonne,0.014059900166389352
1987-03-30,0.182,QmnJ,Bonne,0.0151414309484193
1987-03-31,0.196,QmnJ,Bonne,0.016306156405990018
1987-04-01,0.209,QmnJ,Bonne,0.017387687188019967
1987-04-02,0.222,QmnJ,Bonne,0.01846921797004992
1987-04-03,0.235,QmnJ,Bonne,0.019550748752079867
1987-04-04,0.248,QmnJ,Bonne,0.02063227953410982
1987-04-05,0.263,QmnJ,Bonne,0.0218801996672213
1987-04-06,0.286,QmnJ,Bonne,0.0237936772046589
1987-04-07,0.312,QmnJ,Bonne,0.025956738768718804
1987-04-08,0.333,QmnJ,Bonne,0.027703826955074878
1987-04-09,0.342,QmnJ,Bonne,0.028452579034941767
1987-04-10,0.316,QmnJ,Bonne,0.026289517470881863
1987-04-11,0.277,QmnJ,Bonne,0.023044925124792018
1987-04-12,0.255,QmnJ,Bonne,0.021214642262895177
1987-04-13,0.243,QmnJ,Bonne,0.02021630615640599
1987-04-14,0.237,QmnJ,Bonne,0.019717138103161398
1987-04-15,0.216,QmnJ,Bonne,0.017970049916805324
1987-04-16,0.205,QmnJ,Bonne,0.017054908485856904
1987-04-17,0.198,QmnJ,Bonne,0.01647254575707155
1987-04-18,0.185,QmnJ,Bonne,0.015391014975041598
1987-04-19,0.177,QmnJ,Bonne,0.014725457570715474
1987-04-20,0.163,QmnJ,Bonne,0.01356073211314476
1987-04-21,0.147,QmnJ,Bonne,0.012229617304492513
1987-04-22,0.142,QmnJ,Bonne,0.011813643926788684
1987-04-23,0.128,QmnJ,Bonne,0.01064891846921797
1987-04-24,0.128,QmnJ,Bonne,0.01064891846921797
1987-04-25,0.128,QmnJ,Bonne,0.01064891846921797
1987-04-26,0.128,QmnJ,Bonne,0.01064891846921797
1987-04-27,0.12,QmnJ,Bonne,0.009983361064891847
1987-04-28,0.109,QmnJ,Bonne,0.009068219633943428
1987-04-29,0.109,QmnJ,Bonne,0.009068219633943428
1987-04-30,0.101,QmnJ,Bonne,0.008402662229617306
1987-05-01,0.101,QmnJ,Bonne,0.008402662229617306
1987-05-02,0.094,QmnJ,Bonne,0.007820299500831946
1987-05-03,0.084,QmnJ,Bonne,0.006988352745424293
1987-05-04,0.076,QmnJ,Bonne,0.00632279534109817
1987-05-05,0.076,QmnJ,Bonne,0.00632279534109817
1987-05-06,0.072,QmnJ,Bonne,0.005990016638935108
1987-05-07,0.064,QmnJ,Bonne,0.005324459234608985
1987-05-08,0.064,QmnJ,Bonne,0.005324459234608985
1987-05-09,0.064,QmnJ,Bonne,0.005324459234608985
1987-05-10,0.064,QmnJ,Bonne,0.005324459234608985
1987-05-11,0.061,QmnJ,Bonne,0.005074875207986689
1987-05-12,0.054,QmnJ,Bonne,0.004492512479201331
1987-05-13,0.054,QmnJ,Bonne,0.004492512479201331
1987-05-14,0.056,QmnJ,Bonne,0.0046589018302828624
1987-05-15,0.06,QmnJ,Bonne,0.004991680532445923
1987-05-16,0.054,QmnJ,Bonne,0.004492512479201331
1987-05-17,0.054,QmnJ,Bonne,0.004492512479201331
1987-05-18,0.054,QmnJ,Bonne,0.004492512479201331
1987-05-19,0.053,QmnJ,Bonne,0.0044093178036605655
1987-05-20,0.046,QmnJ,Bonne,0.003826955074875208
1987-05-21,0.043,QmnJ,Bonne,0.003577371048252912
1987-05-22,0.043,QmnJ,Bonne,0.003577371048252912
1987-05-23,0.043,QmnJ,Bonne,0.003577371048252912
1987-05-24,0.043,QmnJ,Bonne,0.003577371048252912
1987-05-25,0.043,QmnJ,Bonne,0.003577371048252912
1987-05-26,0.057,QmnJ,Bonne,0.004742096505823627
1987-05-27,0.066,QmnJ,Bonne,0.0054908485856905165
1987-05-28,0.05,QmnJ,Bonne,0.00415973377703827
1987-05-29,0.043,QmnJ,Bonne,0.003577371048252912
1987-05-30,0.043,QmnJ,Bonne,0.003577371048252912
1987-05-31,0.035,QmnJ,Bonne,0.002911813643926789
1987-06-01,0.034,QmnJ,Bonne,0.0028286189683860235
1987-06-02,0.034,QmnJ,Bonne,0.0028286189683860235
1987-06-03,0.034,QmnJ,Bonne,0.0028286189683860235
1987-06-04,0.034,QmnJ,Bonne,0.0028286189683860235
1987-06-05,0.034,QmnJ,Bonne,0.0028286189683860235
1987-06-06,0.034,QmnJ,Bonne,0.0028286189683860235
1987-06-07,0.063,QmnJ,Bonne,0.0052412645590682195
1987-06-08,0.082,QmnJ,Bonne,0.006821963394342763
1987-06-09,0.049,QmnJ,Bonne,0.0040765391014975045
1987-06-10,0.05,QmnJ,Bonne,0.00415973377703827
1987-06-11,0.05,QmnJ,Bonne,0.00415973377703827
1987-06-12,0.039,QmnJ,Bonne,0.0032445923460898505
1987-06-13,0.034,QmnJ,Bonne,0.0028286189683860235
1987-06-14,0.034,QmnJ,Bonne,0.0028286189683860235
1987-06-15,0.034,QmnJ,Bonne,0.0028286189683860235
1987-06-16,0.034,QmnJ,Bonne,0.0028286189683860235
