# vtk DataFile Version 2.0
Particles Pathlines Modpath
ASCII
DATASET POLYDATA
POINTS 1748 float
266175.0 6784775.0 110.937
266181.6330566406 6784787.5 110.8656
266187.5 6784797.3259887695 111.1043
266198.4560546875 6784812.5 111.3434
266204.60095214844 6784825.739013672 111.0739
266212.5 6784837.1251831055 111.8955
266212.8790283203 6784837.5 112.9082
266221.2629394531 6784849.42199707 113.1223
266150.0 6784750.0 110.337
266156.35803222656 6784762.5 110.7112
266162.5 6784773.779785156 110.8144
266170.5500488281 6784787.5 110.6337
266186.7399902344 6784812.5 111.1814
266187.5 6784813.771484375 111.2066
266191.4079589844 6784820.138122559 111.0739
266202.8289794922 6784837.5 111.2528
266212.5 6784856.864990234 112.0467
266217.4200439453 6784862.5 112.5084
266231.4479980469 6784887.5 112.9768
266237.5 6784910.192016602 113.6181
266241.3330078125 6784911.737060547 113.7349
266150.0 6784725.0 109.737
266150.9880371094 6784727.368225098 108.7739
266153.51599121094 6784731.606872559 106.4625
266157.3800048828 6784737.5 104.3422
266158.1340332031 6784739.132507324 104.2889
266162.5 6784747.373779297 104.3277
266174.83203125 6784762.5 104.101
266187.5 6784780.180419922 104.2305
266194.1240234375 6784787.5 103.9022
266212.5 6784811.405822754 104.4933
266213.4880371094 6784812.5 105.051
266232.68994140625 6784836.359680176 103.7605
266233.6379394531 6784837.5 105.2885
266237.5 6784842.653991699 105.9812
266254.43505859375 6784862.5 106.2894
266262.5 6784872.8349609375 106.84
266275.55895996094 6784887.5 107.3712
266287.5 6784902.29296875 107.9439
266296.9560546875 6784912.5 108.5229
266312.5 6784931.343017578 109.1455
266318.3270263672 6784937.5 109.7642
266328.0899658203 6784949.218017578 109.9605
266337.5 6784960.3330078125 110.5107
266339.625 6784962.5 111.0308
266361.18505859375 6784987.5 111.9542
266362.5 6784989.49597168 112.3761
266383.51904296875 6785012.5 113.8757
266387.5 6785018.508056641 114.4009
266394.35205078125 6785025.982055664 115.0862
266150.0 6784700.0 109.437
266151.2879638672 6784701.738220215 108.4739
266155.1590576172 6784704.85559082 106.1625
266161.23596191406 6784709.227172852 103.3889
266162.5 6784710.103393555 104.1397
266166.2199707031 6784712.5 103.9976
266187.5 6784729.439819336 104.0504
266197.9919433594 6784737.5 104.0277
266212.5 6784751.338684082 105.0273
266226.14099121094 6784762.5 105.0705
266237.5 6784773.269775391 106.1007
266254.94201660156 6784787.5 105.8785
266262.5 6784794.078613281 107.2335
266286.11096191406 6784812.5 107.0298
266287.5 6784813.670288086 108.192
266312.5 6784833.029785156 108.96
266318.9169921875 6784837.5 109.1238
266337.5 6784851.92199707 109.7741
266352.86096191406 6784862.5 110.2603
266362.5 6784869.973999023 110.4974
266387.5 6784886.739013672 111.1127
266388.8349609375 6784887.5 111.4293
266412.5 6784902.968017578 111.8194
266430.0849609375 6784912.5 112.3873
266437.5 6784917.064941406 112.8839
266462.5 6784929.353027344 113.9948
266482.6770019531 6784936.50402832 114.6889
266483.60705566406 6784937.5 114.8758
266485.60705566406 6784939.989990234 115.1695
266150.0 6784675.0 109.237
266154.9530029297 6784678.773925781 108.2739
266162.5 6784682.964599609 107.396
266170.5340576172 6784687.5 107.8784
266187.5 6784697.676818848 108.457
266210.64196777344 6784712.5 108.837
266212.5 6784713.905029297 109.8176
266237.5 6784731.973571777 110.4666
266247.5030517578 6784737.5 110.9626
266262.5 6784750.588684082 111.6573
266281.1569824219 6784760.161499023 111.3625
266284.7099609375 6784762.5 112.0894
266287.5 6784764.467224121 113.0448
266293.5789794922 6784768.403381348 113.1625
266294.6379394531 6784769.0916137695 113.1871
266100.0 6784650.0 108.1369
266100.68701171875 6784651.307983398 107.1739
266101.9899902344 6784654.123413086 104.8625
266103.9680175781 6784658.248718262 102.0889
266106.06896972656 6784662.5 100.6327
266112.5 6784678.491271973 99.72979
266113.06201171875 6784679.476623535 99.66049
266117.9110107422 6784687.5 99.31399
266127.6639404297 6784712.5 98.27983
266133.6710205078 6784737.5 97.59129
266137.5 6784747.997619629 97.00685
266137.77294921875 6784748.792724609 96.96645
266143.44201660156 6784762.5 96.5757
266155.5310058594 6784787.5 96.91387
266162.5 6784801.545776367 96.77592
266168.8800048828 6784812.5 97.37645
266182.69494628906 6784837.5 97.81949
266187.5 6784846.763000488 97.93394
266196.64294433594 6784862.5 98.46727
266210.93005371094 6784887.5 98.29926
266212.5 6784890.427978516 99.9426
266225.7840576172 6784912.5 100.0851
266237.5 6784933.50402832 100.9921
266240.0300292969 6784937.5 101.3976
266254.1199951172 6784962.5 101.9223
266262.5 6784979.237060547 102.496
266267.2170410156 6784987.5 103.0421
266279.3620605469 6785012.5 103.8732
266287.5 6785032.270996094 104.5141
266289.9909667969 6785037.5 105.1069
266299.35998535156 6785062.5 106.2527
266306.3370361328 6785087.5 107.5943
266308.8029785156 6785102.37097168 108.3665
266310.5749511719 6785112.5 109.0924
266311.1120605469 6785137.5 110.4798
266307.52600097656 6785161.858032227 112.3605
266307.43200683594 6785162.5 112.3046
266298.4119873047 6785187.5 114.2022
266289.0799560547 6785203.7900390625 115.5777
266125.0 6784650.0 108.5369
266127.90295410156 6784652.192016602 107.5739
266132.6379394531 6784656.247009277 105.2625
266137.5 6784660.971008301 103.3301
266138.6369628906 6784661.716918945 102.8889
266139.83203125 6784662.5 102.6474
266149.2800292969 6784670.767700195 99.86049
266162.5 6784679.514282227 97.50614
266176.2010498047 6784687.5 97.36819
266176.23400878906 6784687.5197143555 97.36646
266187.5 6784694.759521484 97.43819
266212.5 6784710.8126831055 97.46938
266215.3459472656 6784712.5 98.33985
266237.5 6784727.691711426 98.84451
266253.15197753906 6784737.5 99.33487
266262.5 6784744.18548584 100.0162
266287.5 6784760.260620117 100.4517
266291.29296875 6784762.5 101.4111
266312.5 6784776.163208008 102.0695
266331.873046875 6784787.5 102.6162
266337.5 6784791.122619629 103.2738
266362.5 6784805.667175293 104.0923
266375.498046875 6784812.5 104.5396
266387.5 6784819.38861084 105.3758
266409.2950439453 6784830.262573242 105.9665
266412.5 6784831.875671387 106.5341
266426.30700683594 6784837.5 106.1346
266437.5 6784842.556030273 106.9662
266462.5 6784851.598022461 108.1245
266487.5 6784858.37097168 109.4128
266510.56604003906 6784862.5 109.1448
266512.5 6784862.887939453 110.2636
266537.5 6784865.185058594 111.6075
266562.5 6784865.102050781 112.9395
266587.5 6784862.510009766 114.4508
266587.5450439453 6784862.5 114.4537
266598.77404785156 6784860.317016602 115.2605
266612.5 6784858.335998535 115.9201
266612.60900878906 6784858.304992676 115.9257
266150.0 6784650.0 108.937
266153.39294433594 6784650.901977539 107.9739
266159.2159423828 6784652.622619629 105.6625
266162.5 6784653.715576172 104.8771
266169.91796875 6784656.300109863 103.3889
266183.31396484375 6784662.5 101.0562
266187.5 6784664.858276367 101.5372
266193.0400390625 6784668.035583496 101.3605
266212.5 6784678.868591309 100.8637
266230.3690185547 6784687.5 101.4222
266237.5 6784691.527282715 101.7557
266262.5 6784704.402282715 101.7745
266279.2459716797 6784712.5 102.51
266287.5 6784717.039306641 102.8467
266312.5 6784729.389404297 103.0496
266330.31396484375 6784737.5 103.6121
266337.5 6784741.233825684 103.698
266362.5 6784752.498474121 104.1929
266387.5 6784762.489990234 105.1155
266387.5300292969 6784762.5 104.8152
266394.6779785156 6784765.106323242 104.6665
266412.5 6784771.805480957 105.6868
266437.5 6784779.6701049805 106.5109
266462.5 6784786.190124512 107.43
266469.06994628906 6784787.5 107.6808
266487.5 6784791.520202637 108.63
266495.2609863281 6784792.673278809 108.7664
266512.5 6784795.2802734375 109.6002
266537.5 6784797.4357299805 110.6506
266562.5 6784797.991577148 111.7433
266587.5 6784796.805297852 112.8723
266612.5 6784794.025390625 114.1823
266634.2600097656 6784789.681396484 115.2605
266637.5 6784788.946777344 115.5958
266642.4050292969 6784787.5 115.8326
266650.2170410156 6784785.312011719 116.1846
266175.0 6784650.0 109.437
266180.94201660156 6784651.307189941 108.4739
266187.5 6784653.445617676 107.208
266189.4069824219 6784654.193603516 106.5625
266198.15295410156 6784657.853515625 103.7889
266207.998046875 6784662.5 101.9729
266212.5 6784665.113525391 102.129
266235.6199951172 6784675.49621582 101.6605
266237.5 6784676.392822266 102.2107
266262.5 6784686.91607666 102.641
266264.08203125 6784687.5 102.4015
266287.5 6784697.5654296875 102.7194
266312.5 6784707.460510254 103.6231
266326.81201171875 6784712.5 102.9304
266337.5 6784716.752197266 103.8667
266362.5 6784725.495300293 104.7905
266387.5 6784733.344604492 105.6825
266402.5 6784737.5 105.4782
266412.5 6784740.513427734 106.5845
266437.5 6784746.970214844 107.3965
266462.5 6784752.305114746 108.2768
266487.5 6784756.492614746 109.1696
266512.5 6784759.5380859375 110.1335
266537.5 6784761.245788574 111.1713
266562.5 6784761.328674316 112.1445
266587.5 6784760.409790039 113.2155
266612.5 6784757.899475098 114.38
266635.2099609375 6784754.105895996 115.3605
266637.5 6784753.706176758 115.6442
266652.05798339844 6784750.2208862305 116.2242
266200.0 6784650.0 109.837
266203.9709472656 6784650.661315918 108.8739
266211.40100097656 6784652.700317383 106.5625
266212.5 6784653.02532959 106.9154
266237.5 6784661.588623047 106.9699
266240.56994628906 6784662.5 106.6849
266262.5 6784670.369628906 107.2626
266283.5469970703 6784677.217224121 106.7889
266287.5 6784678.597595215 108.1799
266312.5 6784686.203613281 109.0458
266317.0469970703 6784687.5 108.8799
266337.5 6784693.856689453 109.7937
266362.5 6784701.010620117 110.7352
266387.5 6784707.417724609 111.59
266410.1159667969 6784712.5 111.499
266412.5 6784713.0759887695 112.5757
266437.5 6784718.363525391 113.3896
266462.5 6784722.963378906 114.2747
266480.35400390625 6784725.584594727 114.7732
266050.0 6784625.0 107.737
266051.7559814453 6784631.234680176 106.7739
266053.14404296875 6784637.5 106.4625
266059.26904296875 6784662.5 106.9736
266062.5 6784673.689025879 106.8652
266066.3220214844 6784687.5 107.4747
266073.9139404297 6784712.5 108.1803
266081.1979980469 6784737.5 108.9555
266087.5 6784758.711608887 108.7264
266088.6619873047 6784762.5 109.4322
266096.7840576172 6784787.5 110.1942
266105.39404296875 6784812.5 110.9614
266112.5 6784833.296081543 110.9075
266114.06701660156 6784837.5 111.6176
266123.0539550781 6784862.5 112.4292
266129.8859863281 6784880.443969727 112.7739
266137.5 6784881.519042969 112.7506
266162.5 6784886.558959961 112.77
266164.4659423828 6784887.5 113.2785
266187.5 6784907.79296875 113.4493
266212.5 6784912.5 113.451
266075.0 6784625.0 107.737
266075.7800292969 6784626.132019043 106.7739
266077.2370605469 6784628.327270508 104.4625
266079.3690185547 6784631.519470215 101.6889
266082.5419921875 6784636.328979492 98.36049
266083.3239746094 6784637.5 98.16003
266086.9530029297 6784659.457824707 94.96645
266087.5 6784661.965698242 94.338
266087.60595703125 6784662.5 95.04497
266095.7390136719 6784687.5 93.57642
266104.2399902344 6784712.5 93.6554
266111.7490234375 6784737.5 94.04013
266112.5 6784739.765930176 93.93896
266120.2559814453 6784762.5 94.26151
266130.0319824219 6784787.5 94.89849
266137.5 6784805.630126953 94.70805
266140.6569824219 6784812.5 95.33118
266152.04296875 6784837.5 95.95577
266162.5 6784860.966003418 95.72205
266163.2540283203 6784862.5 96.40903
266174.60705566406 6784887.5 97.02238
266185.2619628906 6784912.5 97.85822
266187.5 6784918.577026367 97.37183
266195.39099121094 6784937.5 98.00742
266204.9090576172 6784962.5 98.55019
266212.5 6784984.348999023 99.38696
266213.72802734375 6784987.5 100.1696
266222.1290283203 6785012.5 100.807
266229.3389892578 6785037.5 101.4021
266235.35595703125 6785062.5 102.0839
266237.5 6785074.41003418 103.2781
266240.1569824219 6785087.5 103.8121
266243.2819824219 6785112.5 104.7486
266244.0930175781 6785137.5 105.7904
266241.6140136719 6785162.5 107.1861
266237.5 6785179.595947266 107.7418
266235.77001953125 6785187.5 108.9658
266231.60595703125 6785199.227050781 109.4665
266226.6719970703 6785212.5 110.3245
266213.3669433594 6785237.5 111.7357
266212.5 6785238.756958008 111.9888
266197.51696777344 6785262.5 113.3555
266187.5 6785275.173950195 114.1805
266178.52697753906 6785287.5 115.1166
266166.65002441406 6785301.17199707 115.7605
266162.5 6785305.847045898 116.2554
266159.2919921875 6785307.051025391 116.4508
266100.0 6784625.0 108.0369
266102.4129638672 6784624.876586914 107.0739
266106.4890136719 6784624.601013184 104.7625
266111.7600097656 6784624.450927734 101.9889
266112.5 6784624.46081543 101.9793
266119.8370361328 6784623.921508789 99.06049
266131.52001953125 6784623.307983398 95.06645
266137.5 6784623.134887695 93.86028
266162.5 6784621.3400268555 92.2697
266178.1770019531 6784620.53918457 91.67361
266187.5 6784620.16607666 91.35365
266212.5 6784619.440673828 89.86462
266237.5 6784619.638427734 87.86629
266255.8780517578 6784620.736572266 87.22219
266262.5 6784621.216674805 88.16632
266287.5 6784623.777709961 88.9921
266312.5 6784626.8916015625 89.74208
266337.5 6784630.1447143555 90.42748
266362.5 6784633.322814941 91.12104
266387.5 6784636.270812988 91.82162
266399.90197753906 6784637.5 91.88672
266412.5 6784638.832580566 92.74933
266437.5 6784640.921325684 93.5811
266462.5 6784642.46887207 94.36352
266487.5 6784643.343811035 95.40718
266512.5 6784643.542907715 96.23935
266537.5 6784643.015014648 96.98103
266562.5 6784641.724609375 97.98843
266587.5 6784639.5626831055 98.81013
266602.9610595703 6784637.5 99.51745
266612.5 6784636.23638916 100.2537
266637.5 6784631.787780762 101.3742
266657.47204589844 6784627.253173828 102.1222
266662.5 6784626.054321289 102.3549
266687.5 6784619.147583008 103.3416
266707.93505859375 6784612.5 104.0928
266712.5 6784610.994384766 104.4511
266737.5 6784601.615478516 105.4837
266762.5 6784590.577392578 106.7348
266768.68298339844 6784587.5 107.3194
266787.5 6784577.997619629 108.6223
266799.0009765625 6784571.484619141 109.3736
266812.5 6784563.412902832 109.968
266813.9100341797 6784562.5 110.4414
266837.5 6784546.831176758 111.8842
266850.0930175781 6784537.5 112.9514
266862.5 6784527.977416992 113.9289
266868.4630126953 6784523.046875 114.4665
266881.2509765625 6784512.5 115.5669
266887.5 6784507.188293457 116.0316
266908.4270019531 6784487.5 118.0667
266911.0880126953 6784484.893127441 118.3406
266125.0 6784625.0 108.437
266128.3449707031 6784624.895019531 107.4739
266134.6280517578 6784624.337524414 105.1625
266137.5 6784624.1171875 104.9146
266162.5 6784620.98828125 104.4615
266187.5 6784618.726623535 104.4006
266202.3409423828 6784617.28112793 103.9889
266212.5 6784616.339416504 103.8163
266226.30895996094 6784615.000488281 100.8605
266237.5 6784614.067199707 99.62518
266262.5 6784614.281921387 99.90265
266287.5 6784615.769470215 100.806
266289.22399902344 6784615.9279174805 100.7664
266312.5 6784618.182373047 101.4521
266337.5 6784620.870300293 102.098
266362.5 6784623.57220459 102.7973
266387.5 6784626.101074219 103.5091
266412.5 6784628.216674805 104.2444
266437.5 6784629.844482422 104.9857
266462.5 6784630.997924805 105.7766
266487.5 6784631.483703613 106.694
266512.5 6784631.419189453 107.6287
266537.5 6784630.701171875 108.4806
266562.5 6784629.180175781 109.4176
266587.5 6784626.886413574 110.4261
266612.5 6784623.380371094 111.4158
266637.5 6784618.701171875 112.5481
266640.2939453125 6784618.070373535 112.6665
266662.5 6784612.953918457 113.5294
266664.1669921875 6784612.5 113.596
266687.5 6784605.9970703125 114.6827
266712.5 6784597.956176758 115.9213
266735.7209472656 6784589.817687988 117.0584
266225.0 6784625.0 110.237
266229.4479980469 6784625.293273926 109.2739
266237.5 6784625.668273926 108.172
266247.81494140625 6784626.517211914 107.8625
266262.5 6784627.99230957 108.595
266287.5 6784631.543273926 109.25
266312.5 6784635.610412598 109.9575
266324.7800292969 6784637.5 109.8838
266337.5 6784639.791870117 110.8715
266360.14001464844 6784643.729309082 110.7889
266362.5 6784644.104003906 111.6782
266368.4279785156 6784644.921875 111.6889
266387.5 6784648.088623047 112.4178
266393.7989501953 6784648.879699707 112.3889
266412.5 6784651.240905762 113.1829
266437.5 6784653.827514648 113.9532
266455.208984375 6784655.27532959 114.1889
266458.6600341797 6784657.106018066 114.4237
265950.0 6784600.0 105.937
265949.4130859375 6784600.234985352 104.9739
265948.2025756836 6784601.798400879 102.6625
265946.7946166992 6784604.230102539 99.88885
265945.16357421875 6784608.124572754 96.56049
265943.8444213867 6784612.5 95.67221
265942.9260864258 6784624.488769531 94.66645
265941.81170654297 6784637.5 94.0678
265942.0139160156 6784662.5 94.2422
265943.3920288086 6784687.5 94.98834
265945.44860839844 6784712.5 95.76172
265947.90020751953 6784737.5 96.52567
265950.5764160156 6784762.5 97.33092
265953.34197998047 6784787.5 98.02788
265956.07147216797 6784812.5 98.85422
265958.68701171875 6784837.5 99.66516
265961.0858154297 6784862.5 100.5147
265962.5 6784879.465942383 100.0116
265963.20208740234 6784887.5 100.8884
265964.896484375 6784912.5 101.6922
265966.0510253906 6784937.5 102.5263
265966.6784057617 6784962.5 103.2735
265966.6115722656 6784987.5 104.0849
265965.7576904297 6785012.5 104.8914
265964.0795288086 6785037.5 105.6774
265962.5 6785052.552978516 106.4779
265961.4619140625 6785062.5 107.2633
265957.82818603516 6785087.5 108.0275
265953.2030029297 6785112.5 108.9423
265947.60388183594 6785137.5 109.879
265940.81677246094 6785162.5 110.7185
265937.5 6785172.979003906 111.5696
265932.9053955078 6785187.5 112.2488
265923.8815917969 6785212.5 113.1718
265913.5317993164 6785237.5 114.136
265912.5 6785239.800048828 114.7203
265902.1572265625 6785262.5 115.777
265895.68731689453 6785275.6259765625 116.1665
265890.6354980469 6785287.5 116.8544
265887.5 6785299.33203125 117.5425
265885.453125 6785303.229003906 117.6931
265975.0 6784600.0 105.737
265975.49127197266 6784600.13659668 104.7739
265976.35748291016 6784600.791870117 102.4625
265977.5725708008 6784601.821899414 99.68886
265979.31927490234 6784603.494689941 96.36049
265981.90087890625 6784606.315124512 92.36646
265985.8453979492 6784611.2911987305 87.57361
265986.73028564453 6784612.5 88.84086
265987.5 6784614.329406738 88.61629
266001.2869873047 6784637.5 86.7355
266010.62200927734 6784662.5 87.01514
266012.5 6784669.006469727 86.76743
266018.35095214844 6784687.5 87.52562
266025.0729980469 6784712.5 88.3633
266031.3690185547 6784737.5 89.13226
266037.5 6784762.2365112305 88.75414
266037.56799316406 6784762.5 89.45547
266043.9229736328 6784787.5 90.14852
266050.31604003906 6784812.5 90.84536
266056.6130371094 6784837.5 91.68533
266062.5 6784862.333984375 91.10163
266062.5419921875 6784862.5 91.80224
266068.18298339844 6784887.5 92.63512
266073.2039794922 6784912.5 93.50481
266077.76501464844 6784937.5 94.26783
266081.9959716797 6784962.5 95.15078
266085.6259765625 6784987.5 95.98936
266087.5 6785004.396972656 95.54488
266088.47302246094 6785012.5 96.29037
266090.4060058594 6785037.5 97.1212
266091.1710205078 6785062.5 97.93642
266090.6700439453 6785087.5 98.86826
266088.7600097656 6785112.5 99.66367
266087.5 6785121.465942383 100.4571
266085.3000488281 6785137.5 101.0627
266080.27099609375 6785162.5 101.8298
266073.5949707031 6785187.5 102.8294
266065.1120605469 6785212.5 103.4709
266062.5 6785218.7919921875 104.1499
266054.9229736328 6785237.5 104.9419
266043.09704589844 6785262.5 106.0859
266037.5 6785272.71496582 106.8542
266029.47399902344 6785287.5 107.6565
266013.9520263672 6785312.5 108.7919
266012.5 6785314.621948242 109.2794
265996.8150024414 6785337.5 110.5141
265993.12799072266 6785342.447021484 110.7736
265987.5 6785349.875 111.3586
265977.9359741211 6785362.5 111.9664
265962.5 6785381.33203125 113.1949
265957.4260253906 6785387.5 113.6494
265937.5 6785409.682983398 115.3579
265934.9520263672 6785412.5 115.6083
265912.5 6785435.473022461 117.52
265911.9102783203 6785436.069946289 117.5665
265910.6875 6785437.5 117.6507
265896.38537597656 6785452.854003906 118.6008
266000.0 6784600.0 106.6369
266003.0130004883 6784600.356872559 105.6739
266008.0969848633 6784602.076721191 103.3625
266012.5 6784604.122314453 102.2952
266027.0920410156 6784610.508178711 101.6889
266029.90002441406 6784612.5 101.7901
266037.5 6784624.920471191 100.9867
266043.5500488281 6784637.5 99.20407
266043.94494628906 6784638.63092041 99.16049
266051.56201171875 6784662.5 99.05242
266058.9899902344 6784687.5 99.55428
266062.5 6784699.407714844 99.30779
266066.4530029297 6784712.5 99.83056
266073.64599609375 6784737.5 100.6234
266080.9969482422 6784762.5 101.3904
266087.5 6784783.659790039 101.2711
266088.75 6784787.5 101.8094
266096.97595214844 6784812.5 102.5599
266105.27795410156 6784837.5 103.3321
266112.5 6784859.54498291 103.206
266113.5510253906 6784862.5 104.0058
266121.76904296875 6784887.5 104.8282
266129.4110107422 6784912.5 105.7781
266136.47900390625 6784937.5 106.6588
266137.5 6784941.786987305 106.1926
266142.94201660156 6784962.5 106.9776
266148.73095703125 6784987.5 107.8686
266149.64404296875 6784992.20300293 107.9605
266153.7030029297 6785012.5 108.5858
266157.9210205078 6785037.5 109.3601
266160.7469482422 6785062.5 110.3343
266162.0009765625 6785087.5 111.2183
266161.7170410156 6785112.5 112.0753
266159.7800292969 6785137.5 112.966
266155.916015625 6785162.5 113.9438
266149.9880371094 6785187.5 115.0032
266142.76794433594 6785208.119995117 115.8519
266050.0 6784600.0 107.5369
266052.5770263672 6784600.680297852 106.5739
266056.9560546875 6784601.916687012 104.2625
266062.5 6784603.952514648 101.7236
266062.5469970703 6784603.940979004 101.6889
266067.39001464844 6784603.067016602 98.36049
266075.0920410156 6784602.081420898 94.36646
266087.5 6784601.014770508 90.47417
266087.5050048828 6784601.0134887695 90.4736
266112.5 6784595.724487305 87.49005
266137.5 6784590.291320801 86.53377
266151.84899902344 6784588.051513672 86.22219
266155.4210205078 6784587.5 86.60287
266162.5 6784586.352111816 87.05483
266187.5 6784583.263977051 87.52403
266206.2390136719 6784581.304199219 87.62218
266212.5 6784580.617980957 87.94415
266237.5 6784578.172485352 88.20215
266262.5 6784576.476623535 88.53122
266286.875 6784575.226928711 88.42219
266287.5 6784575.195373535 89.01788
266312.5 6784574.294311523 89.6452
266337.5 6784573.7802734375 90.60403
266362.5 6784573.577087402 91.62428
266387.5 6784573.5095825195 92.29714
266412.5 6784573.295410156 93.07383
266437.5 6784572.752197266 93.83805
266462.5 6784571.765075684 94.64571
266487.5 6784570.342224121 95.50359
266512.5 6784568.405822754 96.40765
266537.5 6784565.948425293 97.20335
266562.5 6784562.75579834 98.16633
266564.166015625 6784562.5 98.47491
266587.5 6784558.89050293 99.45432
266612.5 6784554.3142700195 100.499
266637.5 6784548.983703613 101.6071
266660.43505859375 6784543.465515137 102.6222
266662.5 6784542.950012207 102.5874
266682.2139892578 6784537.5 103.0961
266687.5 6784536.023376465 103.8011
266712.5 6784527.970397949 104.7758
266737.5 6784518.724487305 105.7944
266752.3330078125 6784512.5 106.6804
266762.5 6784508.098571777 107.2386
266787.5 6784496.105773926 108.6802
266803.73596191406 6784487.5 109.8155
266807.6700439453 6784485.352111816 110.0736
266812.5 6784482.670593262 110.4048
266837.5 6784467.426879883 111.7789
266844.8800048828 6784462.5 112.4602
266862.5 6784450.210388184 113.7611
266876.3659667969 6784439.685119629 115.0665
266879.29296875 6784437.5 115.3802
266887.5 6784431.344177246 115.8648
266909.7049560547 6784412.5 117.9341
266912.5 6784410.057922363 118.2598
266915.93200683594 6784406.767578125 118.6576
266075.0 6784600.0 107.737
266077.06604003906 6784599.564880371 106.7739
266081.48596191406 6784598.28137207 104.4625
266087.5 6784596.720703125 102.691
266089.15295410156 6784596.220581055 102.5889
266112.5 6784589.272277832 101.3946
266119.4499511719 6784587.5 101.564
266137.5 6784582.900085449 102.1309
266162.5 6784578.581420898 102.6496
266187.5 6784575.297607422 103.2082
266212.5 6784572.473022461 103.7467
266237.5 6784569.857788086 104.2163
266262.5 6784567.883972168 104.7027
266287.5 6784566.053771973 105.2163
266312.5 6784564.276916504 105.8465
266337.5 6784562.81060791 106.7199
266344.9150390625 6784562.5 106.3207
266361.0520019531 6784561.786010742 106.0605
266362.5 6784561.723205566 107.1309
266387.5 6784561.200683594 107.9771
266412.5 6784560.520324707 108.7159
266437.5 6784559.515686035 109.4374
266462.5 6784558.068969727 110.2099
266487.5 6784556.24407959 111.1153
266512.5 6784553.896484375 111.968
266537.5 6784551.079772949 112.8727
266562.5 6784547.476074219 113.7775
266587.5 6784543.24017334 114.7551
266612.5 6784538.2088012695 115.8825
266615.6130371094 6784537.5 116.0161
266626.72900390625 6784535.124572754 116.4095
265925.0 6784575.0 105.737
265925.03619384766 6784575.148071289 104.7739
265924.90368652344 6784575.675415039 102.4625
265924.70849609375 6784576.50012207 99.68886
265924.4210205078 6784577.835327148 96.36049
265924.0009765625 6784580.081176758 92.36646
265923.3978881836 6784584.03112793 87.57361
265922.99548339844 6784587.5 85.57272
265918.97692871094 6784596.155578613 83.22219
265913.2025756836 6784612.5 79.55323
265912.5 6784616.018188477 79.11954
265907.7642211914 6784637.5 79.55684
265904.9495239258 6784662.5 80.49189
265903.56677246094 6784687.5 81.36395
265903.06872558594 6784712.5 82.10107
265903.2064819336 6784737.5 82.94021
265903.7360229492 6784762.5 83.61829
265904.4827270508 6784787.5 84.47533
265905.28802490234 6784812.5 85.4239
265905.97381591797 6784837.5 86.20509
265906.2705078125 6784852.9099731445 86.12049
265906.4525756836 6784862.5 87.03304
265906.6190185547 6784887.5 87.80846
265906.4124145508 6784912.5 88.65157
265905.75231933594 6784937.5 89.459
265904.56561279297 6784962.5 90.27114
265902.7484741211 6784987.5 91.13603
265900.2352294922 6785012.5 92.02239
265896.92431640625 6785037.5 92.82744
265892.74157714844 6785062.5 93.76593
265887.70977783203 6785087.5 94.58404
265887.5 6785088.406982422 95.18687
265881.9569091797 6785112.5 96.0703
265875.52111816406 6785137.5 97.03708
265868.4645996094 6785162.5 98.08878
265866.5817871094 6785168.5830078125 98.22049
265862.5 6785181.536010742 98.79487
265860.6223144531 6785187.5 99.28311
265851.99407958984 6785212.5 100.0646
265842.4183959961 6785237.5 100.9337
265837.5 6785249.308959961 101.4562
265831.9586791992 6785262.5 102.108
265820.48767089844 6785287.5 103.2037
265812.5 6785303.843017578 103.8493
265808.1547241211 6785312.5 104.1001
265795.24310302734 6785337.5 105.5033
265787.5 6785351.787963867 106.352
265781.5709838867 6785362.5 107.0666
265777.3284301758 6785369.854980469 107.5222
265766.8372192383 6785387.5 108.3111
265762.5 6785394.467041016 108.8345
265751.05798339844 6785412.5 109.7889
265737.5 6785432.772949219 110.9378
265734.2998046875 6785437.5 111.4137
265716.9390258789 6785462.5 113.3469
265712.5 6785468.698974609 113.9042
265710.40728759766 6785471.598999023 114.1736
265698.6909790039 6785487.5 115.3195
265687.5 6785502.026977539 116.5866
265679.15130615234 6785512.5 117.457
265671.85302734375 6785521.41796875 118.5665
265662.5 6785532.860961914 119.4831
265659.3240966797 6785537.5 119.8474
265656.26458740234 6785541.026000977 120.1713
265850.0 6784525.0 105.5369
265850.04119873047 6784528.729309082 104.5739
265849.69512939453 6784536.078125 102.2625
265849.6467285156 6784537.5 102.8832
265848.3876953125 6784562.5 103.0573
265844.7078857422 6784587.5 103.5385
265840.0595703125 6784612.5 104.067
265837.5 6784626.437072754 104.8425
265835.47479248047 6784637.5 105.2589
265831.1840209961 6784662.5 105.8049
265827.29248046875 6784687.5 106.3902
265823.6942138672 6784712.5 107.0069
265820.078125 6784737.5 107.6437
265816.3834838867 6784762.5 108.314
265812.5 6784785.900085449 107.9737
265812.2355957031 6784787.5 108.7583
265811.7512817383 6784790.92590332 108.6889
265808.6859741211 6784812.5 109.4634
265805.2548828125 6784837.5 110.2183
265801.55938720703 6784862.5 111.1114
265796.69512939453 6784887.5 112.0307
265790.7529296875 6784912.5 112.905
265787.5 6784925.1240234375 113.0701
265784.6146850586 6784936.635009766 113.3463
265875.0 6784525.0 105.6369
265876.5487060547 6784527.171386719 104.6739
265879.60778808594 6784531.640075684 102.3625
265883.57232666016 6784537.5 100.5621
265884.26318359375 6784542.844177246 100.3889
265887.23651123047 6784562.5 100.2015
265879.5557861328 6784587.5 100.3721
265872.64947509766 6784612.5 100.8153
265867.3604736328 6784637.5 101.2974
265863.1848144531 6784662.5 101.9984
265862.5 6784668.216918945 101.7319
265860.0629272461 6784687.5 102.4744
265857.5819091797 6784712.5 103.1192
265855.5374145508 6784737.5 103.871
265853.87268066406 6784762.5 104.7069
265853.3587036133 6784770.997924805 104.5605
265852.3151855469 6784787.5 105.5008
265850.81231689453 6784812.5 106.2471
265849.3341064453 6784837.5 106.9609
265847.6008300781 6784862.5 107.7167
265845.59020996094 6784887.5 108.5642
265843.25830078125 6784912.5 109.3452
265840.49517822266 6784937.5 110.132
265837.5 6784961.280029297 110.3481
265837.3449707031 6784962.5 111.3382
265833.52642822266 6784987.5 112.222
265829.11541748047 6785012.5 113.1183
265824.0942993164 6785037.5 114.0693
265818.60119628906 6785062.5 115.0356
265815.7567138672 6785075.173950195 115.3655
265850.0 6784500.0 105.0369
265850.27239990234 6784500.5244140625 104.0739
265850.6984863281 6784501.544372559 101.7625
265851.39447021484 6784503.136230469 98.98886
265852.5532836914 6784505.6845703125 95.66049
265854.52880859375 6784509.883483887 91.66645
265855.7965698242 6784512.5 89.97762
265857.2003173828 6784520.7849731445 87.3736
265860.70208740234 6784537.5 83.46492
265861.0266723633 6784550.8513793945 82.72219
265861.36419677734 6784562.5 82.64156
265857.82360839844 6784587.5 82.65143
265852.9229736328 6784612.5 83.05122
265848.23150634766 6784637.5 83.47038
265844.1110229492 6784662.5 83.89896
265840.58087158203 6784687.5 84.63815
265837.5 6784712.008117676 84.77013
265837.43591308594 6784712.5 85.66493
265834.43591308594 6784737.5 86.33969
265831.5540161133 6784762.5 87.06846
265828.78338623047 6784787.5 87.97295
265826.1134033203 6784812.5 88.95543
265823.47509765625 6784837.5 89.94328
265820.7418823242 6784862.5 90.82973
265817.79107666016 6784887.5 91.78171
265814.59649658203 6784912.5 92.64349
265812.5 6784927.651000977 92.80576
265811.11572265625 6784937.5 93.7657
265807.27447509766 6784962.5 94.67194
265803.0322265625 6784987.5 95.64655
265798.3173828125 6785012.5 96.44905
265793.05432128906 6785037.5 97.41583
265787.5 6785062.005981445 97.63828
265787.38677978516 6785062.5 98.44151
265781.3795776367 6785087.5 99.29967
265775.04412841797 6785112.5 100.2447
265768.2788696289 6785137.5 101.1951
265762.5 6785157.9599609375 101.4933
265761.2047729492 6785162.5 102.248
265753.9633178711 6785187.5 103.308
265746.33728027344 6785212.5 104.4054
265738.1896972656 6785237.5 105.4803
265737.5 6785239.514038086 105.7589
265729.4968261719 6785262.5 106.8635
265724.51220703125 6785276.092041016 107.6222
265720.18798828125 6785287.5 107.9796
265712.5 6785306.758056641 108.9547
265710.15490722656 6785312.5 109.2146
265699.44329833984 6785337.5 110.3987
265688.20849609375 6785362.5 111.8057
265687.5 6785364.016967773 111.9889
265676.34381103516 6785387.5 113.4959
265673.7081298828 6785392.817016602 113.8736
265663.68310546875 6785412.5 114.9639
265662.5 6785414.762939453 115.0007
265650.3571166992 6785437.5 116.5218
265637.5 6785460.594970703 118.2103
265636.54919433594 6785462.251953125 118.3665
265636.42541503906 6785462.5 118.2841
265621.1317138672 6785486.817993164 119.9178
265875.0 6784500.0 105.437
265877.96240234375 6784500.637390137 104.4739
265883.7338256836 6784501.848022461 102.1625
265887.5 6784502.819091797 101.6138
265912.5 6784508.740783691 101.6417
265929.47271728516 6784509.601318359 101.2889
265937.5 6784510.008605957 102.2868
265962.5 6784507.46887207 102.8481
265987.5 6784503.003112793 103.342
265996.6389770508 6784501.194091797 103.3889
266012.5 6784498.1326293945 103.8545
266037.5 6784493.426208496 104.3668
266062.5 6784488.607788086 104.8535
266068.0329589844 6784487.5 105.5924
266087.5 6784483.716796875 106.1439
266111.64196777344 6784479.476806641 105.7889
266112.5 6784479.328125 106.7741
266113.8840332031 6784479.087585449 106.7889
266137.5 6784475.124084473 107.301
266162.5 6784471.096313477 107.879
266187.5 6784467.487121582 108.4623
266212.5 6784464.217102051 109.0758
266227.1569824219 6784462.5 109.7888
266237.5 6784460.936279297 110.2595
266262.5 6784457.155578613 110.9213
266287.5 6784453.673278809 111.5382
266312.5 6784450.454528809 112.1547
266337.5 6784447.513977051 112.8057
266362.5 6784445.075683594 113.4915
266372.0909423828 6784444.211791992 113.6529
265825.0 6784475.0 105.0369
265827.94787597656 6784479.572814941 104.0739
265832.6135253906 6784487.5 102.6402
265830.3312988281 6784491.091918945 102.3625
265822.69061279297 6784512.5 101.4637
265817.40368652344 6784537.5 101.3083
265816.3776245117 6784544.835205078 101.1889
265813.9099121094 6784562.5 101.7382
265812.5 6784572.072875977 102.4751
265810.26501464844 6784587.5 103.1537
265806.15838623047 6784612.5 103.6446
265801.8986816406 6784637.5 104.1492
265797.5983886719 6784662.5 104.6456
265793.13580322266 6784687.5 105.1357
265788.5446166992 6784712.5 105.6222
265787.5 6784717.966918945 106.6559
265783.703125 6784737.5 107.1823
265778.69982910156 6784762.5 107.6832
265773.69647216797 6784787.5 108.2356
265768.5786743164 6784812.5 108.8044
265763.2026977539 6784837.5 109.3905
265762.5 6784840.744018555 109.9066
265757.67987060547 6784862.5 110.5246
265751.9722290039 6784887.5 111.2755
265746.4387207031 6784912.5 112.0339
265740.5858154297 6784937.5 112.8283
265740.0565185547 6784940.833984375 112.7605
265737.5 6784951.774047852 112.9792
265734.8568725586 6784962.5 113.8573
265730.47247314453 6784979.987060547 114.263
265800.0 6784450.0 104.337
265800.8619995117 6784451.0654296875 103.3739
265802.3937988281 6784453.693115234 101.0625
265804.7235107422 6784457.567871094 98.28886
265807.7805786133 6784462.5 96.57658
265808.9769897461 6784469.106201172 96.16049
265812.5 6784484.19152832 94.30591
265813.8704223633 6784487.5 94.16541
265812.5720214844 6784499.986877441 92.26645
265812.5 6784501.033813477 92.97807
265811.87701416016 6784512.5 93.39256
265808.4669189453 6784537.5 93.60828
265805.02587890625 6784562.5 94.11444
265801.37677001953 6784587.5 94.74017
265797.3287963867 6784612.5 95.14098
265793.06591796875 6784637.5 95.61061
265788.6799926758 6784662.5 96.09929
265787.5 6784668.942077637 97.33281
265784.08868408203 6784687.5 97.87119
265779.2982788086 6784712.5 98.35961
265774.30310058594 6784737.5 98.8647
265769.1936035156 6784762.5 99.27948
265763.92877197266 6784787.5 99.86194
265762.5 6784794.210021973 100.6717
265758.5280761719 6784812.5 101.3147
265752.8837890625 6784837.5 101.7853
265746.99353027344 6784862.5 102.3482
265741.00897216797 6784887.5 103.074
265737.5 6784902.260009766 103.61
265734.97998046875 6784912.5 104.418
265728.84197998047 6784937.5 105.1788
265722.61169433594 6784962.5 106.0359
265716.34228515625 6784987.5 106.9349
265712.5 6785002.675048828 107.3749
265709.94372558594 6785012.5 108.1366
265703.4290161133 6785037.5 108.9722
265696.73681640625 6785062.5 109.8987
265689.98150634766 6785087.5 110.8181
265687.5 6785096.66003418 111.11
265683.13232421875 6785112.5 112.0011
265676.17987060547 6785137.5 113.0137
265669.1071166992 6785162.5 114.0655
265662.5 6785186.022949219 114.3515
265662.08349609375 6785187.5 115.0769
265655.1967163086 6785212.5 116.3066
265648.1087036133 6785237.5 117.573
265644.63232421875 6785249.677001953 118.0919
265825.0 6784450.0 104.837
265837.5 6784457.431213379 105.1185
265852.6010131836 6784462.5 104.4708
265857.3795776367 6784463.788208008 104.2739
265862.5 6784464.767883301 104.6585
265887.5 6784466.153076172 104.8611
265912.5 6784467.907897949 105.5425
265937.5 6784468.552612305 106.3221
265948.2786254883 6784468.31628418 106.2625
265962.5 6784467.665527344 106.9702
265967.58111572266 6784467.18371582 107.0625
265987.5 6784466.765380859 107.5831
266012.5 6784466.177124023 108.1888
266037.5 6784465.157470703 108.8481
266043.2879638672 6784464.756774902 108.9235
265775.0 6784425.0 103.837
265775.4865722656 6784425.803588867 102.8739
265776.33709716797 6784427.917907715 100.5625
265777.6447753906 6784431.075683594 97.78886
265779.70037841797 6784435.904724121 94.46049
265780.3997192383 6784437.5 94.59698
265780.62127685547 6784458.097900391 91.66645
265780.87451171875 6784462.5 92.37787
265781.30841064453 6784487.5 92.30089
265779.71032714844 6784512.5 92.6916
265776.8076171875 6784537.5 93.20009
265773.33068847656 6784562.5 93.74142
265769.5485229492 6784587.5 94.49977
265765.55700683594 6784612.5 94.95486
265762.5 6784630.335327148 96.05872
265761.2727050781 6784637.5 96.65111
265756.5654296875 6784662.5 97.23387
265751.46392822266 6784687.5 97.80764
265746.0529785156 6784712.5 98.29328
265740.4506225586 6784737.5 98.74055
265737.5 6784750.288330078 99.93011
265734.6328125 6784762.5 100.5022
265728.4644165039 6784787.5 100.9569
265721.96502685547 6784812.5 101.494
265715.2224121094 6784837.5 102.179
265712.5 6784847.401977539 103.1192
265708.26959228516 6784862.5 103.7797
265701.12268066406 6784887.5 104.3842
265693.91192626953 6784912.5 105.0645
265687.5 6784934.612060547 105.4961
265686.65032958984 6784937.5 106.3845
265679.3513183594 6784962.5 107.2613
265672.23431396484 6784987.5 108.1414
265665.4097290039 6785012.5 109.0823
265662.5 6785023.198974609 109.4004
265658.5283203125 6785037.5 110.1772
265651.55212402344 6785062.5 111.1191
265644.64447021484 6785087.5 112.1027
265637.8272705078 6785112.5 113.1355
265637.5 6785113.717041016 113.1573
265630.98028564453 6785137.5 114.1824
265624.21990966797 6785162.5 115.2896
265617.6182861328 6785187.5 116.4517
265612.5 6785207.767944336 116.7506
265611.2965698242 6785212.5 117.5464
265610.0206298828 6785217.732055664 117.7664
265608.2449951172 6785223.66394043 117.9633
265800.0 6784425.0 104.237
265803.73876953125 6784425.6677856445 103.2739
265811.3707885742 6784427.086181641 100.9625
265812.5 6784427.346618652 101.692
265837.5 6784434.604125977 102.1119
265851.1364135742 6784437.5 100.6207
265862.5 6784440.25982666 101.4771
265887.5 6784443.292724609 102.1051
265898.8403930664 6784443.935119629 101.8889
265912.5 6784444.723022461 102.8793
265937.5 6784444.8544921875 103.5976
265962.5 6784443.935302734 104.2868
265987.5 6784442.162780762 104.9592
266012.5 6784439.735595703 105.6426
266014.6600341797 6784439.455383301 105.6889
266035.44494628906 6784437.5 106.9594
266037.5 6784437.271118164 107.1334
266062.5 6784433.739501953 107.7584
266087.5 6784429.752380371 108.4399
266112.5 6784426.05078125 109.0838
266137.5 6784422.6875 109.7734
266162.5 6784419.448486328 110.4998
266187.5 6784416.717529297 111.2293
266189.8389892578 6784416.516784668 111.2647
265750.0 6784400.0 103.437
265750.38067626953 6784400.892028809 102.4739
265751.0186767578 6784402.851623535 100.1625
265752.00762939453 6784405.745483398 97.38885
265753.58001708984 6784410.1279296875 94.06049
265754.4680786133 6784412.5 93.28372
265753.01568603516 6784426.555480957 90.96645
265752.3812866211 6784437.5 90.50932
265750.3518066406 6784462.5 90.33271
265748.37518310547 6784487.5 90.82539
265745.8148803711 6784512.5 91.44537
265742.5391845703 6784537.5 91.9566
265739.6940917969 6784556.107421875 91.8736
265738.708984375 6784562.5 92.53317
265737.5 6784569.711975098 93.46465
265734.5170288086 6784587.5 94.0645
265730.18927001953 6784612.5 94.74494
265725.4404296875 6784637.5 95.25909
265720.1165161133 6784662.5 95.76575
265714.39837646484 6784687.5 96.33951
265712.5 6784695.52331543 97.34277
265708.42498779297 6784712.5 97.96124
265702.14392089844 6784737.5 98.53119
265695.53381347656 6784762.5 99.11409
265688.58807373047 6784787.5 99.71564
265687.5 6784791.258605957 100.695
265681.29217529297 6784812.5 101.2891
265673.7639160156 6784837.5 101.9324
265666.09631347656 6784862.5 102.579
265662.5 6784874.229980469 103.2137
265658.35748291016 6784887.5 103.9037
265650.5914916992 6784912.5 104.7351
265642.9287109375 6784937.5 105.5974
265637.5 6784955.729980469 105.9892
265635.4544067383 6784962.5 106.7526
265629.2092895508 6784984.026000977 106.9736
265628.19732666016 6784987.5 107.6991
265621.08251953125 6785012.5 108.5875
265614.1771850586 6785037.5 109.4694
265612.5 6785043.680053711 109.759
265607.2899169922 6785062.5 110.5415
265600.42431640625 6785087.5 111.4535
265593.63958740234 6785112.5 112.427
265587.5 6785136.025024414 112.9281
265587.1038208008 6785137.5 113.3665
265580.7916870117 6785162.5 114.4726
265574.6264038086 6785187.5 115.6211
265568.84747314453 6785212.5 116.8366
265564.55029296875 6785232.58605957 117.5665
265562.5 6785237.229003906 117.6505
265562.3930053711 6785237.5 118.1264
265560.85998535156 6785244.298950195 118.3528
265775.0 6784400.0 103.837
265780.3660888672 6784400.3162231445 102.8739
265787.5 6784400.955322266 102.3895
265801.05920410156 6784402.102783203 101.6625
265812.5 6784403.232971191 102.5229
265837.5 6784407.786071777 103.4336
265862.5 6784411.817687988 104.3657
265868.5958251953 6784412.5 103.1639
265887.5 6784414.666870117 104.1245
265912.5 6784416.145690918 104.8825
265937.5 6784416.300170898 105.655
265962.5 6784415.797973633 106.3901
265987.5 6784414.99798584 107.0682
266012.5 6784413.812011719 107.7677
266035.10498046875 6784412.5 108.3953
266037.5 6784412.283874512 108.7611
266060.4050292969 6784409.452880859 109.0873
265725.0 6784375.0 103.237
265725.4661254883 6784376.667114258 102.2739
265726.37158203125 6784380.160400391 99.96249
265727.7661743164 6784385.324584961 97.18886
265728.38177490234 6784387.5 96.78043
265724.1187133789 6784405.657287598 94.56049
265722.97052001953 6784412.5 94.77105
265718.9553222656 6784437.5 94.75605
265715.4517211914 6784462.5 95.38535
265712.5 6784484.601318359 95.48026
265712.10748291016 6784487.5 96.72002
265711.59588623047 6784491.143981934 96.66645
265708.54260253906 6784512.5 97.45251
265704.60510253906 6784537.5 98.04283
265700.24322509766 6784562.5 98.68565
265695.4545288086 6784587.5 99.22724
265690.32220458984 6784612.5 99.86959
265687.5 6784625.489318848 100.6354
265684.88848876953 6784637.5 101.4503
265679.11517333984 6784662.5 102.0612
265672.8458251953 6784687.5 102.6619
265666.1798095703 6784712.5 103.2896
265662.5 6784725.772888184 104.1086
265659.1892089844 6784737.5 104.7155
265651.8991699219 6784762.5 105.3842
265644.2639770508 6784787.5 106.0307
265637.5 6784808.963684082 106.7838
265636.36798095703 6784812.5 107.3183
265628.35272216797 6784837.5 108.0894
265620.37268066406 6784862.5 108.8999
265612.5 6784887.478027344 109.557
265612.49298095703 6784887.5 110.1573
265612.3251953125 6784888.037963867 110.1665
265604.541015625 6784912.5 110.9866
265596.8779296875 6784937.5 111.8416
265589.5773925781 6784962.5 112.7233
265587.5 6784970.114990234 113.0574
265581.98052978516 6784987.5 113.8886
265574.45782470703 6785012.5 114.8347
265566.8395996094 6785037.5 115.8159
265565.8699951172 6785041.109985352 115.9092
265750.0 6784375.0 103.437
265752.68438720703 6784375.104125977 102.4739
265758.7412109375 6784375.590576172 100.1625
265762.5 6784376.072387695 99.77214
265783.80432128906 6784378.493774414 98.38885
265787.5 6784378.967102051 99.59138
265812.5 6784382.636413574 100.2716
265837.5 6784386.461669922 101.1266
265845.41857910156 6784387.5 99.95995
265862.5 6784389.817321777 101.0428
265887.5 6784392.511474609 101.9327
265912.5 6784394.0623168945 102.7572
265937.5 6784394.465087891 103.4843
265962.5 6784394.202087402 104.1919
265987.5 6784393.344177246 104.9277
266012.5 6784391.651489258 105.6155
266037.5 6784389.383972168 106.2786
266053.3010253906 6784387.5 107.3983
266062.5 6784386.427185059 107.7965
266087.5 6784383.103515625 108.5188
266112.5 6784379.740905762 109.242
266137.5 6784376.385986328 109.9086
266162.5 6784372.928771973 110.5508
266187.5 6784369.442321777 111.3594
266189.14697265625 6784369.214111328 111.3894
265700.0 6784350.0 102.737
265700.4387207031 6784351.145996094 101.7739
265701.21197509766 6784353.331481934 99.46249
265702.4047241211 6784356.63861084 96.68886
265704.294921875 6784361.7634887695 93.36049
265704.57147216797 6784362.5 93.48183
265703.41271972656 6784387.5 91.49161
265702.1555786133 6784395.624084473 91.06645
265699.7017211914 6784412.5 91.32742
265695.50897216797 6784437.5 91.75508
265691.30810546875 6784462.5 92.39687
265687.5 6784485.1408081055 92.39554
265687.0982055664 6784487.5 93.64598
265682.78662109375 6784512.5 94.43121
265678.2999267578 6784537.5 95.17957
265673.4561767578 6784562.5 95.84523
265668.1931152344 6784587.5 96.45593
265662.5 6784612.475402832 97.03502
265662.49432373047 6784612.5 97.8349
265658.5474243164 6784629.6123046875 97.67361
265656.7056274414 6784637.5 98.66962
265650.5883178711 6784662.5 99.28586
265644.05603027344 6784687.0568237305 99.3736
265643.93548583984 6784687.5 99.87473
265637.5 6784709.897705078 100.9292
265636.73931884766 6784712.5 101.3473
265629.15197753906 6784737.5 101.9056
265621.3018798828 6784762.5 102.6049
265613.3724975586 6784787.5 103.3045
265612.5 6784790.254577637 103.8244
265605.3809814453 6784812.5 104.599
265597.4406738281 6784837.5 105.3745
265589.65368652344 6784862.5 106.1649
265587.5 6784869.482055664 106.5386
265581.8919067383 6784887.5 107.3038
265574.3786010742 6784912.5 108.2121
265567.0225830078 6784937.5 109.1415
265562.5 6784953.187011719 109.5312
265559.7916870117 6784962.5 110.2678
265552.7069091797 6784987.5 111.2591
265545.9157714844 6785012.5 112.2783
265539.4710083008 6785037.5 113.3503
265537.5 6785045.553955078 113.4402
265533.287109375 6785062.5 114.3646
265531.1920776367 6785071.300048828 114.6665
265527.14099121094 6785087.5 115.3969
265521.0090942383 6785112.5 116.3921
265515.9437866211 6785133.922973633 117.0143
265725.0 6784350.0 103.1369
265734.9000854492 6784353.849487305 102.1739
265737.5 6784354.828674316 102.7248
265762.5 6784357.181030273 102.9912
265787.5 6784362.005615234 103.7991
265789.3137207031 6784362.5 102.7819
265792.1154785156 6784362.979919434 102.6625
265812.5 6784366.087890625 103.63
265837.5 6784369.745727539 104.5036
265862.5 6784373.514892578 105.4226
265887.5 6784377.4033203125 106.2457
265912.5 6784380.294372559 107.0198
265921.3161010742 6784380.618896484 107.1405
265675.0 6784325.0 102.437
265675.58447265625 6784327.346801758 101.4739
265676.5737915039 6784331.733184814 99.1625
265678.03607177734 6784337.5 97.1817
265677.72552490234 6784338.7744140625 97.08886
265672.85498046875 6784362.5 95.56065
265668.4661254883 6784387.5 95.79941
265668.236328125 6784388.692626953 95.76049
265663.6201171875 6784412.5 96.20126
265662.5 6784417.908813477 96.71772
265658.4475097656 6784437.5 97.42456
265653.0712890625 6784462.5 98.05947
265647.5902709961 6784487.5 98.80579
265642.0554199219 6784512.5 99.56485
265637.5 6784533.254577637 99.7745
265636.5612182617 6784537.5 100.9075
265630.73822021484 6784562.5 101.6332
265625.1926269531 6784585.349914551 101.4665
265624.6608276367 6784587.5 102.3456
265618.17462158203 6784612.5 102.9538
265612.5 6784633.108520508 103.4833
265611.275390625 6784637.5 104.3385
265604.26989746094 6784662.5 105.0839
265597.0139160156 6784687.5 105.8777
265589.49572753906 6784712.5 106.6943
265587.5 6784718.940673828 107.2975
265586.47497558594 6784722.25189209 107.3665
265581.73767089844 6784737.5 108.009
265574.0261230469 6784762.5 108.7664
265566.3760986328 6784787.5 109.5791
265562.5 6784800.2244262695 109.9371
265558.6275024414 6784812.5 110.5957
265551.1729736328 6784837.5 111.4544
265543.7841796875 6784862.5 112.3563
265537.5 6784884.014038086 112.9443
265536.421875 6784887.5 113.4102
265528.8654785156 6784912.5 114.3731
265528.84771728516 6784912.562011719 114.3747
265700.0 6784325.0 102.737
265712.5 6784328.648101807 102.6574
265716.42639160156 6784330.2124938965 102.5739
265737.5 6784336.654510498 103.2586
265741.0499267578 6784337.5 102.5283
265762.5 6784342.122711182 102.9398
265787.5 6784347.8416137695 103.7482
265789.79052734375 6784348.348693848 103.6625
265812.5 6784352.066772461 104.5594
265837.5 6784356.583679199 105.4856
265862.39642333984 6784362.5 105.8609
265862.5 6784362.518005371 106.2754
265865.83142089844 6784362.869812012 106.3246
265650.0 6784300.0 102.0369
265649.7344970703 6784303.026489258 101.0739
265649.3021850586 6784308.82510376 98.7625
265649.08502197266 6784312.5 98.20886
265643.7028198242 6784337.5 97.60775
265643.53857421875 6784338.2626953125 97.58886
265638.18438720703 6784362.5 97.73806
265637.5 6784365.455993652 98.53143
265632.3316040039 6784387.5 99.10272
265626.1237792969 6784412.5 99.6118
265619.57568359375 6784437.5 100.1592
265615.720703125 6784451.754577637 99.86049
265612.78479003906 6784462.5 100.78
265612.5 6784463.5595703125 101.355
265605.9526977539 6784487.5 101.9068
265599.16607666016 6784512.5 102.4803
265592.3560180664 6784537.5 103.2024
265587.5 6784555.437011719 103.4012
265585.5750732422 6784562.5 104.6252
265578.39837646484 6784587.5 105.337
265570.8275756836 6784612.5 106.0762
265563.06481933594 6784637.5 106.8405
265562.5 6784639.364929199 107.0425
265555.1901855469 6784662.5 107.8899
265547.5330810547 6784687.5 108.7488
265540.13037109375 6784712.5 109.6216
265537.5 6784721.495788574 109.9139
265532.7258300781 6784737.5 110.6351
265525.39569091797 6784762.5 111.5442
265518.1759033203 6784787.5 112.4775
265517.3914794922 6784790.265075684 112.5401
265675.0 6784300.0 102.1369
265676.3712158203 6784301.06640625 101.1739
265679.41131591797 6784303.0916137695 98.8625
265683.7526855469 6784306.095794678 96.08886
265687.5 6784308.7835998535 94.83555
265696.63568115234 6784312.5 93.92687
265699.6530761719 6784314.236114502 93.36049
265712.5 6784321.364501953 91.37502
265732.4658203125 6784328.751098633 90.16645
265737.5 6784330.648010254 90.97223
265762.5 6784337.05670166 91.33629
265764.65338134766 6784337.5 90.46678
265787.5 6784342.088409424 90.91832
265812.5 6784346.31350708 91.89056
265837.5 6784350.041687012 92.77908
265862.5 6784353.25592041 93.63097
265887.5 6784355.724304199 94.5856
265912.5 6784357.337219238 95.39188
265937.5 6784358.20892334 96.11271
265962.5 6784358.33001709 96.8334
265987.5 6784357.784484863 97.68394
266012.5 6784356.659790039 98.35547
266037.5 6784354.989624023 99.0065
266062.5 6784352.720825195 99.63028
266087.5 6784350.050109863 100.3347
266112.5 6784347.161895752 100.9727
266137.5 6784343.9112854 101.7451
266162.5 6784340.221984863 102.5209
266180.1149902344 6784337.5 103.3733
266187.5 6784336.359313965 103.9208
266212.5 6784332.224395752 104.5981
266237.5 6784327.742889404 105.3263
266262.5 6784322.6690979 105.9371
266287.5 6784317.0822143555 106.5954
266306.7199707031 6784312.5 107.5513
266312.5 6784311.10949707 108.1142
266337.5 6784304.913604736 108.9045
266362.5 6784298.5082092285 109.7194
266387.5 6784291.935089111 110.5321
266393.9959716797 6784290.145996094 110.6665
266405.1970214844 6784287.5 111.5165
266412.5 6784285.467712402 111.951
266437.5 6784278.242492676 112.8062
266462.5 6784271.391815186 113.6587
266487.5 6784264.4873046875 114.5929
266495.125 6784262.5 114.9803
266512.5 6784257.1507873535 115.7833
266524.4580078125 6784253.756500244 116.1443
265625.0 6784275.0 101.6369
265624.31701660156 6784276.346496582 100.6739
265623.00408935547 6784279.0451049805 98.3625
265621.25732421875 6784283.139892578 95.58886
265619.6143798828 6784287.5 93.82074
265616.2933959961 6784297.641693115 92.96049
265612.5 6784308.555389404 92.2216
265610.96838378906 6784312.5 93.13237
265602.99102783203 6784337.5 93.44247
265595.3889160156 6784362.5 93.97318
265587.67987060547 6784387.5 94.56735
265587.5 6784388.077514648 95.45374
265586.11572265625 6784392.511779785 95.36646
265579.8402709961 6784412.5 95.95235
265571.9641113281 6784437.5 96.50945
265564.10192871094 6784462.5 97.06027
265562.5 6784467.573913574 97.68684
265556.1384277344 6784487.5 98.35538
265548.0408935547 6784512.5 99.00632
265539.7260131836 6784537.5 99.60912
265537.5 6784544.016784668 100.3816
265531.16369628906 6784562.5 101.0978
265522.7819824219 6784587.5 101.8618
265514.4724121094 6784612.5 102.6282
265512.5 6784618.569519043 102.8801
265506.2014160156 6784637.5 103.6331
265498.2026977539 6784662.5 104.5086
265490.74139404297 6784687.5 105.4627
265487.5 6784698.850219727 105.7453
265483.5250854492 6784712.5 106.4741
265476.4515991211 6784737.5 107.4001
265469.5369873047 6784762.5 108.3558
265464.1169128418 6784782.357177734 108.8665
265462.7200012207 6784787.5 109.269
265462.5 6784788.306396484 109.2847
265455.9182128906 6784812.5 110.1604
265449.26040649414 6784837.5 111.1504
265442.7369995117 6784862.5 112.0924
265437.5 6784883.118041992 112.4707
265436.49169921875 6784887.5 112.9378
265430.8680114746 6784912.5 113.8761
265425.3414916992 6784937.5 114.8451
265423.5776062012 6784945.784057617 115.0599
265650.0 6784275.0 101.6369
265650.88732910156 6784275.897094727 100.6739
265652.64501953125 6784277.5498046875 98.3625
265655.08380126953 6784279.947998047 95.58886
265658.58068847656 6784283.512084961 92.26049
265662.38690185547 6784287.5 89.52814
265662.5 6784287.843414307 89.48109
265663.0535888672 6784288.446807861 88.76645
265667.2857055664 6784293.429107666 83.9736
265674.96588134766 6784302.495300293 78.22219
265683.6248779297 6784312.5 73.7297
265687.5 6784319.739685059 72.04276
265687.96337890625 6784320.230895996 71.92049
265704.05487060547 6784337.5 66.87132
265711.6373901367 6784350.009277344 63.63845
265712.5 6784351.460327148 63.58909
265722.6710205078 6784362.5 61.21063
265734.10638427734 6784387.5 58.29307
265737.0869140625 6784412.5 58.33689
265736.1569213867 6784437.5 59.52723
265734.0278930664 6784462.5 60.85382
265731.44342041016 6784487.5 61.87133
265728.38122558594 6784512.5 62.82726
265724.7963256836 6784537.5 63.50837
265720.74041748047 6784562.5 64.19463
265716.2932739258 6784587.5 64.88014
265712.5 6784607.528015137 65.76666
265711.5563964844 6784612.5 66.76176
265706.48651123047 6784637.5 67.64428
265700.9581298828 6784662.5 68.04594
265695.01947021484 6784687.5 68.64671
265688.74060058594 6784712.5 69.24911
265687.5 6784717.265014648 70.14983
265682.15197753906 6784737.5 70.75268
265675.23321533203 6784762.5 71.35295
265667.9865722656 6784787.5 72.04907
265662.5 6784805.783325195 72.84753
265660.45709228516 6784812.5 73.44965
265652.7415161133 6784837.5 74.06092
265644.9495239258 6784862.5 74.57945
265637.5 6784886.433959961 74.99514
265637.1624145508 6784887.5 75.59628
265629.39349365234 6784912.5 76.22119
265621.7885131836 6784937.5 76.94341
265614.3909301758 6784962.5 77.66574
265612.5 6784969.099975586 77.87239
265607.15118408203 6784987.5 78.59194
265600.0805053711 6785012.5 79.32281
265593.2056274414 6785037.5 79.9643
265587.5 6785058.654052734 80.30957
265586.4436035156 6785062.5 80.71965
265579.765625 6785087.5 81.28908
265573.2670288086 6785112.5 81.76967
265567.0078125 6785137.5 82.26009
265562.5 6785156.33605957 82.22912
265560.9962158203 6785162.5 82.75411
265555.2045288086 6785187.5 83.26058
265549.74700927734 6785212.5 83.96115
265544.5911254883 6785237.5 84.67775
265539.56951904297 6785262.5 85.14047
265537.5 6785272.843994141 85.02534
265534.5178222656 6785287.5 85.34943
265529.3010864258 6785312.5 85.52261
265523.87548828125 6785337.5 85.91758
265518.1456298828 6785362.5 86.35435
265512.5 6785385.364990234 86.81917
265511.9675292969 6785387.5 87.05448
265505.2542114258 6785412.5 87.18408
265497.89569091797 6785437.5 87.49904
265489.69149780273 6785462.5 88.2611
265487.5 6785468.656005859 88.44344
265480.63119506836 6785487.5 88.70824
265470.6530151367 6785512.5 89.75137
265462.5 6785530.9560546875 90.756
265459.5307006836 6785537.5 91.26917
265449.62579345703 6785557.389038086 92.43845
265446.9325866699 6785562.5 92.52821
265437.5 6785578.823974609 93.41788
265432.2773132324 6785587.5 93.94171
265415.0588989258 6785612.5 95.44914
265412.5 6785615.813964844 95.71152
265394.86111450195 6785637.5 97.87857
265387.5 6785645.526977539 98.62682
265375.11068725586 6785658.350952148 100.5205
265370.8210144043 6785662.5 100.965
265362.5 6785669.978027344 102.1613
265341.07971191406 6785687.5 105.0389
265337.5 6785690.104980469 105.8071
265325.5736999512 6785698.394042969 107.9222
265312.5 6785706.561035156 110.0516
265302.1059875488 6785712.5 111.8622
265291.67068481445 6785717.930053711 113.9736
265287.5 6785719.963989258 114.941
265268.57049560547 6785728.517944336 119.0665
265262.5 6785730.937011719 120.2367
265257.2326965332 6785733.031005859 121.4414
265650.0 6784250.0 101.6369
265651.49548339844 6784250.285888672 100.6739
265655.7000732422 6784250.99520874 98.3625
265662.345703125 6784252.214996338 95.58886
265662.5 6784252.248687744 96.52543
265687.5 6784259.846008301 96.32475
265695.6505126953 6784262.5 95.66576
265712.5 6784267.93548584 96.32639
265737.5 6784275.822509766 97.1816
265762.5 6784282.709197998 98.09139
265769.0891113281 6784284.218414307 97.96049
265783.74432373047 6784287.5 97.00044
265787.5 6784288.3544921875 98.21297
265812.5 6784292.985412598 99.14157
265837.5 6784296.81439209 99.98166
265862.5 6784299.814788818 100.8542
265887.5 6784302.179901123 101.8451
265912.5 6784304.178314209 102.729
265937.5 6784305.649597168 103.5657
265962.5 6784306.396697998 104.3919
265987.5 6784306.548614502 105.2225
266012.5 6784306.17779541 106.0512
266037.5 6784305.268493652 106.8928
266062.5 6784303.8458862305 107.7271
266070.8299560547 6784303.18951416 107.9605
266087.5 6784302.201812744 108.4486
266112.5 6784300.213409424 109.2139
266137.5 6784297.853302002 109.9798
266162.5 6784295.898712158 110.7293
266187.5 6784294.593292236 111.5094
266191.3330078125 6784294.405609131 111.5768
265600.0 6784225.0 101.1369
265599.91217041016 6784227.009887695 100.1739
265599.67681884766 6784231.236907959 97.8625
265599.3040161133 6784237.107910156 95.08886
265599.27728271484 6784237.5 95.89417
265592.3428955078 6784262.5 94.92259
265587.5 6784271.2914123535 95.21003
265579.83978271484 6784287.5 95.38864
265569.3165283203 6784312.5 95.80005
265568.71282958984 6784314.080200195 95.76049
265562.5 6784330.363189697 96.05159
265559.7496948242 6784337.5 97.1118
265550.4304199219 6784362.5 97.53308
265541.44970703125 6784387.5 98.14673
265537.5 6784398.7802734375 98.67043
265532.66540527344 6784412.5 99.47192
265523.47161865234 6784437.5 99.91019
265514.21240234375 6784462.5 100.5204
265512.5 6784467.153869629 101.3435
265504.97259521484 6784487.5 102.1139
265495.8337097168 6784512.5 102.8847
265491.0635070801 6784525.884521484 102.8665
265487.5 6784535.908630371 103.1482
265486.9305114746 6784537.5 103.95
265485.97790527344 6784540.219970703 103.9665
265478.17041015625 6784562.5 104.7676
265469.59188842773 6784587.5 105.601
265462.5 6784608.9677734375 105.9168
265461.303314209 6784612.5 106.386
265453.2905883789 6784637.5 107.2815
265445.5466003418 6784662.5 108.159
265438.15548706055 6784687.5 109.0989
265437.5 6784689.935974121 108.8772
265431.275390625 6784712.5 109.8186
265424.55950927734 6784737.5 110.7765
265418.15548706055 6784762.5 111.7514
265412.5 6784786.970275879 112.0928
265412.3768005371 6784787.5 112.5045
265409.5104980469 6784800.805114746 112.6605
265404.52670288086 6784812.5 113.3692
265404.1319885254 6784813.794799805 113.3938
265600.0 6784200.0 100.8369
265599.9899291992 6784203.448486328 99.87386
265599.9027709961 6784208.5665893555 97.5625
265599.89739990234 6784212.5 95.91791
265599.79931640625 6784213.88659668 95.08886
265599.3395996094 6784219.958404541 91.76049
265598.54931640625 6784228.996887207 87.76645
265597.6970214844 6784237.5 85.41827
265592.55560302734 6784255.9002075195 83.9736
265590.30572509766 6784262.5 83.28901
265587.5 6784268.188903809 83.53247
265578.97357177734 6784287.5 83.39858
265568.6605834961 6784312.5 83.79166
265562.5 6784328.625610352 84.14235
265559.0762939453 6784337.5 85.2179
265549.7852783203 6784362.5 85.81821
265540.7819824219 6784387.5 86.59128
265537.5 6784396.743225098 87.15666
265531.8660888672 6784412.5 88.06301
265522.70739746094 6784437.5 88.52728
265519.34161376953 6784446.69342041 88.42219
265513.5346069336 6784462.5 89.15198
265512.5 6784465.336791992 89.99992
265504.3865966797 6784487.5 90.73314
265495.34091186523 6784512.5 91.48488
265487.5 6784534.601623535 91.72135
265486.4657897949 6784537.5 92.52486
265477.7355957031 6784562.5 93.36906
265469.2164001465 6784587.5 94.24876
265462.5 6784607.923583984 94.60772
265460.9596862793 6784612.5 95.11063
265460.8100891113 6784612.9697265625 95.12218
265452.94720458984 6784637.5 95.83325
265445.2428894043 6784662.5 96.631
265437.94650268555 6784687.5 97.64491
265437.5 6784689.161010742 97.36317
265431.10440063477 6784712.5 98.39058
265424.4985046387 6784737.5 99.20899
265418.2261047363 6784762.5 100.0397
265412.5 6784787.210327148 100.2147
265412.4318847656 6784787.5 100.62
265406.91510009766 6784812.5 101.5492
265401.5440979004 6784837.5 102.4304
265396.37969970703 6784862.5 103.299
265391.2803955078 6784887.5 104.2162
265387.5 6784907.712036133 104.3348
265386.6039123535 6784912.5 105.1095
265382.0887145996 6784937.5 106.0895
265380.7609863281 6784945.317016602 106.3736
265377.8366088867 6784962.5 106.9347
265373.8435058594 6784987.5 107.8081
265370.2987976074 6785012.5 108.7701
265367.26971435547 6785037.5 109.7097
265364.62811279297 6785062.5 110.7251
265362.5 6785087.009033203 110.7181
265362.45639038086 6785087.5 110.6404
265361.5697937012 6785101.949951172 111.3665
265360.9353942871 6785112.5 111.4913
265359.87118530273 6785137.5 112.2614
265359.1028137207 6785162.5 113.1753
265358.4700012207 6785187.5 114.0937
265357.7471008301 6785212.5 115.0308
265356.6585083008 6785237.5 115.937
265355.0581970215 6785262.5 116.9017
265353.43978881836 6785287.5 117.9972
265351.6033935547 6785312.5 119.0997
265351.07458496094 6785318.553955078 119.3293
265625.0 6784200.0 101.0369
265627.35650634766 6784202.457885742 100.0739
265632.7700805664 6784207.213012695 97.7625
265637.5 6784211.366607666 96.92909
265639.74908447266 6784212.5 96.95001
265657.12268066406 6784223.073791504 96.08886
265662.5 6784225.522613525 96.69631
265687.5 6784235.1285095215 97.232
265694.4378051758 6784237.5 96.74009
265712.5 6784243.507110596 97.58934
265737.5 6784251.2791137695 98.40704
265762.5 6784258.067504883 99.30882
265782.4749145508 6784262.5 98.09798
265787.5 6784263.651092529 99.40092
265788.7307739258 6784263.869384766 99.36049
265812.5 6784267.997192383 100.3324
265837.5 6784271.539886475 101.2995
265862.5 6784274.666290283 102.2345
265887.5 6784277.264312744 103.0953
265912.5 6784279.478393555 103.9673
265937.5 6784281.209197998 104.8429
265962.5 6784282.279388428 105.7124
265987.5 6784282.719299316 106.5874
266012.5 6784282.61050415 107.4637
266037.5 6784281.979187012 108.3421
266048.7810058594 6784281.492401123 108.6605
266062.5 6784281.106689453 109.1803
266087.5 6784279.963500977 109.9769
266091.8459472656 6784279.659088135 110.0518
265600.0 6784175.0 100.3369
265600.22998046875 6784175.608184814 99.37386
265600.83868408203 6784176.755004883 97.0625
265601.79217529297 6784178.496612549 94.28886
265603.33728027344 6784181.191314697 90.96049
265605.94317626953 6784185.438201904 86.96645
265607.26721191406 6784187.5 85.64961
265610.18841552734 6784195.4208984375 82.67361
265612.5 6784200.4041137695 80.62128
265620.90411376953 6784211.848297119 77.12218
265621.4005126953 6784212.5 77.37622
265637.38677978516 6784237.5 72.47041
265637.5 6784237.786499023 72.41368
265640.2614746094 6784241.49319458 70.82049
265662.5 6784261.574584961 64.17916
265664.2962036133 6784262.5 63.7546
265668.0286254883 6784264.658203125 63.23845
265687.5 6784276.489196777 60.86983
265712.0476074219 6784287.5 59.46051
265712.5 6784287.717987061 60.52976
265737.5 6784297.2867126465 61.1222
265762.5 6784304.6000061035 62.22679
265787.5 6784310.254486084 63.30201
265799.6394042969 6784312.5 62.78737
265812.5 6784314.861602783 64.36308
265837.5 6784318.697814941 65.50601
265862.5 6784321.834411621 66.69569
265887.5 6784324.314300537 67.92237
265912.5 6784326.160308838 68.7251
265937.5 6784327.360992432 69.28484
265962.5 6784327.8908081055 69.95688
265987.5 6784327.782196045 70.54335
266012.5 6784327.11730957 70.96058
266037.5 6784325.923797607 71.58452
266062.5 6784324.186004639 71.75568
266087.5 6784321.965606689 72.10059
266112.5 6784319.342987061 72.67322
266137.5 6784316.270202637 73.57156
266162.5 6784312.769989014 74.18586
266164.2370605469 6784312.5 75.0881
266187.5 6784308.914215088 75.70555
266212.5 6784304.600708008 76.49895
266237.5 6784299.809509277 77.21126
266262.5 6784294.5992126465 77.77499
266287.5 6784289.006988525 78.35331
266293.93395996094 6784287.5 79.17683
266312.5 6784283.120605469 79.57696
266337.5 6784277.018798828 80.21292
266362.5 6784270.723999023 80.68867
266387.5 6784264.221984863 81.10009
266393.9499511719 6784262.5 81.74814
266412.5 6784257.493988037 82.20469
266437.5 6784250.618896484 82.88019
266462.5 6784243.638397217 83.38823
266484.1719970703 6784237.5 84.15677
266487.5 6784236.546600342 84.58907
266512.5 6784229.3829956055 85.24527
266537.5 6784222.204589844 85.93353
266562.5 6784214.977386475 86.56677
266571.0539550781 6784212.5 86.98234
266587.5 6784207.6463012695 87.61365
266612.5 6784200.176086426 88.41166
266637.5 6784192.6171875 89.21735
266654.39794921875 6784187.5 89.85451
266662.5 6784184.964691162 90.18757
266687.5 6784177.141296387 91.18316
266691.4689941406 6784175.904785156 91.33845
266712.5 6784169.14730835 91.72977
266732.95703125 6784162.5 92.48864
266737.5 6784160.961700439 92.53472
266762.5 6784152.521209717 93.23281
266787.5 6784143.950408936 94.04346
266805.9630126953 6784137.5 94.87145
266812.5 6784135.109588623 95.23787
266837.5 6784125.751586914 96.61674
266859.4949951172 6784117.027587891 98.62049
266862.5 6784115.780395508 98.41429
266870.4250488281 6784112.5 98.64589
266887.5 6784104.969909668 99.64418
266912.5 6784092.6302948 101.7604
266921.666015625 6784087.5 103.1031
266936.9289550781 6784078.506607056 105.0222
266937.5 6784078.1544036865 105.0756
266960.3690185547 6784062.5 108.2076
266962.5 6784060.915100098 108.0647
266975.291015625 6784050.719192505 110.4736
266987.5 6784039.8377075195 112.2043
266989.89794921875 6784037.5 113.0891
266998.4699707031 6784028.915206909 115.1665
267012.5 6784013.198806763 118.53
267013.05798339844 6784012.5 119.1008
267013.51696777344 6784011.947402954 119.2605
267014.94396972656 6784010.164001465 119.638

LINES 47 1795
8 0 1 2 3 4 5 6 7 
13 8 9 10 11 12 13 14 15 16 17 18 19 20 
29 21 22 23 24 25 26 27 28 29 30 31 32 33 34 35 36 37 38 39 40 41 42 43 44 45 46 47 48 49 
29 50 51 52 53 54 55 56 57 58 59 60 61 62 63 64 65 66 67 68 69 70 71 72 73 74 75 76 77 78 
15 79 80 81 82 83 84 85 86 87 88 89 90 91 92 93 
39 94 95 96 97 98 99 100 101 102 103 104 105 106 107 108 109 110 111 112 113 114 115 116 117 118 119 120 121 122 123 124 125 126 127 128 129 130 131 132 
39 133 134 135 136 137 138 139 140 141 142 143 144 145 146 147 148 149 150 151 152 153 154 155 156 157 158 159 160 161 162 163 164 165 166 167 168 169 170 171 
36 172 173 174 175 176 177 178 179 180 181 182 183 184 185 186 187 188 189 190 191 192 193 194 195 196 197 198 199 200 201 202 203 204 205 206 207 
30 208 209 210 211 212 213 214 215 216 217 218 219 220 221 222 223 224 225 226 227 228 229 230 231 232 233 234 235 236 237 
19 238 239 240 241 242 243 244 245 246 247 248 249 250 251 252 253 254 255 256 
21 257 258 259 260 261 262 263 264 265 266 267 268 269 270 271 272 273 274 275 276 277 
47 278 279 280 281 282 283 284 285 286 287 288 289 290 291 292 293 294 295 296 297 298 299 300 301 302 303 304 305 306 307 308 309 310 311 312 313 314 315 316 317 318 319 320 321 322 323 324 
52 325 326 327 328 329 330 331 332 333 334 335 336 337 338 339 340 341 342 343 344 345 346 347 348 349 350 351 352 353 354 355 356 357 358 359 360 361 362 363 364 365 366 367 368 369 370 371 372 373 374 375 376 
33 377 378 379 380 381 382 383 384 385 386 387 388 389 390 391 392 393 394 395 396 397 398 399 400 401 402 403 404 405 406 407 408 409 
18 410 411 412 413 414 415 416 417 418 419 420 421 422 423 424 425 426 427 
41 428 429 430 431 432 433 434 435 436 437 438 439 440 441 442 443 444 445 446 447 448 449 450 451 452 453 454 455 456 457 458 459 460 461 462 463 464 465 466 467 468 
57 469 470 471 472 473 474 475 476 477 478 479 480 481 482 483 484 485 486 487 488 489 490 491 492 493 494 495 496 497 498 499 500 501 502 503 504 505 506 507 508 509 510 511 512 513 514 515 516 517 518 519 520 521 522 523 524 525 
37 526 527 528 529 530 531 532 533 534 535 536 537 538 539 540 541 542 543 544 545 546 547 548 549 550 551 552 553 554 555 556 557 558 559 560 561 562 
57 563 564 565 566 567 568 569 570 571 572 573 574 575 576 577 578 579 580 581 582 583 584 585 586 587 588 589 590 591 592 593 594 595 596 597 598 599 600 601 602 603 604 605 606 607 608 609 610 611 612 613 614 615 616 617 618 619 
31 620 621 622 623 624 625 626 627 628 629 630 631 632 633 634 635 636 637 638 639 640 641 642 643 644 645 646 647 648 649 650 
64 651 652 653 654 655 656 657 658 659 660 661 662 663 664 665 666 667 668 669 670 671 672 673 674 675 676 677 678 679 680 681 682 683 684 685 686 687 688 689 690 691 692 693 694 695 696 697 698 699 700 701 702 703 704 705 706 707 708 709 710 711 712 713 714 
24 715 716 717 718 719 720 721 722 723 724 725 726 727 728 729 730 731 732 733 734 735 736 737 738 
30 739 740 741 742 743 744 745 746 747 748 749 750 751 752 753 754 755 756 757 758 759 760 761 762 763 764 765 766 767 768 
60 769 770 771 772 773 774 775 776 777 778 779 780 781 782 783 784 785 786 787 788 789 790 791 792 793 794 795 796 797 798 799 800 801 802 803 804 805 806 807 808 809 810 811 812 813 814 815 816 817 818 819 820 821 822 823 824 825 826 827 828 
30 829 830 831 832 833 834 835 836 837 838 839 840 841 842 843 844 845 846 847 848 849 850 851 852 853 854 855 856 857 858 
30 859 860 861 862 863 864 865 866 867 868 869 870 871 872 873 874 875 876 877 878 879 880 881 882 883 884 885 886 887 888 
47 889 890 891 892 893 894 895 896 897 898 899 900 901 902 903 904 905 906 907 908 909 910 911 912 913 914 915 916 917 918 919 920 921 922 923 924 925 926 927 928 929 930 931 932 933 934 935 
15 936 937 938 939 940 941 942 943 944 945 946 947 948 949 950 
47 951 952 953 954 955 956 957 958 959 960 961 962 963 964 965 966 967 968 969 970 971 972 973 974 975 976 977 978 979 980 981 982 983 984 985 986 987 988 989 990 991 992 993 994 995 996 997 
24 998 999 1000 1001 1002 1003 1004 1005 1006 1007 1008 1009 1010 1011 1012 1013 1014 1015 1016 1017 1018 1019 1020 1021 
52 1022 1023 1024 1025 1026 1027 1028 1029 1030 1031 1032 1033 1034 1035 1036 1037 1038 1039 1040 1041 1042 1043 1044 1045 1046 1047 1048 1049 1050 1051 1052 1053 1054 1055 1056 1057 1058 1059 1060 1061 1062 1063 1064 1065 1066 1067 1068 1069 1070 1071 1072 1073 
17 1074 1075 1076 1077 1078 1079 1080 1081 1082 1083 1084 1085 1086 1087 1088 1089 1090 
41 1091 1092 1093 1094 1095 1096 1097 1098 1099 1100 1101 1102 1103 1104 1105 1106 1107 1108 1109 1110 1111 1112 1113 1114 1115 1116 1117 1118 1119 1120 1121 1122 1123 1124 1125 1126 1127 1128 1129 1130 1131 
25 1132 1133 1134 1135 1136 1137 1138 1139 1140 1141 1142 1143 1144 1145 1146 1147 1148 1149 1150 1151 1152 1153 1154 1155 1156 
48 1157 1158 1159 1160 1161 1162 1163 1164 1165 1166 1167 1168 1169 1170 1171 1172 1173 1174 1175 1176 1177 1178 1179 1180 1181 1182 1183 1184 1185 1186 1187 1188 1189 1190 1191 1192 1193 1194 1195 1196 1197 1198 1199 1200 1201 1202 1203 1204 
13 1205 1206 1207 1208 1209 1210 1211 1212 1213 1214 1215 1216 1217 
38 1218 1219 1220 1221 1222 1223 1224 1225 1226 1227 1228 1229 1230 1231 1232 1233 1234 1235 1236 1237 1238 1239 1240 1241 1242 1243 1244 1245 1246 1247 1248 1249 1250 1251 1252 1253 1254 1255 
13 1256 1257 1258 1259 1260 1261 1262 1263 1264 1265 1266 1267 1268 
31 1269 1270 1271 1272 1273 1274 1275 1276 1277 1278 1279 1280 1281 1282 1283 1284 1285 1286 1287 1288 1289 1290 1291 1292 1293 1294 1295 1296 1297 1298 1299 
48 1300 1301 1302 1303 1304 1305 1306 1307 1308 1309 1310 1311 1312 1313 1314 1315 1316 1317 1318 1319 1320 1321 1322 1323 1324 1325 1326 1327 1328 1329 1330 1331 1332 1333 1334 1335 1336 1337 1338 1339 1340 1341 1342 1343 1344 1345 1346 1347 
43 1348 1349 1350 1351 1352 1353 1354 1355 1356 1357 1358 1359 1360 1361 1362 1363 1364 1365 1366 1367 1368 1369 1370 1371 1372 1373 1374 1375 1376 1377 1378 1379 1380 1381 1382 1383 1384 1385 1386 1387 1388 1389 1390 
96 1391 1392 1393 1394 1395 1396 1397 1398 1399 1400 1401 1402 1403 1404 1405 1406 1407 1408 1409 1410 1411 1412 1413 1414 1415 1416 1417 1418 1419 1420 1421 1422 1423 1424 1425 1426 1427 1428 1429 1430 1431 1432 1433 1434 1435 1436 1437 1438 1439 1440 1441 1442 1443 1444 1445 1446 1447 1448 1449 1450 1451 1452 1453 1454 1455 1456 1457 1458 1459 1460 1461 1462 1463 1464 1465 1466 1467 1468 1469 1470 1471 1472 1473 1474 1475 1476 1477 1478 1479 1480 1481 1482 1483 1484 1485 1486 
31 1487 1488 1489 1490 1491 1492 1493 1494 1495 1496 1497 1498 1499 1500 1501 1502 1503 1504 1505 1506 1507 1508 1509 1510 1511 1512 1513 1514 1515 1516 1517 
41 1518 1519 1520 1521 1522 1523 1524 1525 1526 1527 1528 1529 1530 1531 1532 1533 1534 1535 1536 1537 1538 1539 1540 1541 1542 1543 1544 1545 1546 1547 1548 1549 1550 1551 1552 1553 1554 1555 1556 1557 1558 
67 1559 1560 1561 1562 1563 1564 1565 1566 1567 1568 1569 1570 1571 1572 1573 1574 1575 1576 1577 1578 1579 1580 1581 1582 1583 1584 1585 1586 1587 1588 1589 1590 1591 1592 1593 1594 1595 1596 1597 1598 1599 1600 1601 1602 1603 1604 1605 1606 1607 1608 1609 1610 1611 1612 1613 1614 1615 1616 1617 1618 1619 1620 1621 1622 1623 1624 1625 
29 1626 1627 1628 1629 1630 1631 1632 1633 1634 1635 1636 1637 1638 1639 1640 1641 1642 1643 1644 1645 1646 1647 1648 1649 1650 1651 1652 1653 1654 
93 1655 1656 1657 1658 1659 1660 1661 1662 1663 1664 1665 1666 1667 1668 1669 1670 1671 1672 1673 1674 1675 1676 1677 1678 1679 1680 1681 1682 1683 1684 1685 1686 1687 1688 1689 1690 1691 1692 1693 1694 1695 1696 1697 1698 1699 1700 1701 1702 1703 1704 1705 1706 1707 1708 1709 1710 1711 1712 1713 1714 1715 1716 1717 1718 1719 1720 1721 1722 1723 1724 1725 1726 1727 1728 1729 1730 1731 1732 1733 1734 1735 1736 1737 1738 1739 1740 1741 1742 1743 1744 1745 1746 1747 
POINT_DATA 1748
SCALARS Time float
LOOKUP_TABLE default
0.0
4.668455
8.451875
15.63324
22.05051
27.74078
28.00931
34.55047
0.0
3.568371
7.092999
12.21257
22.88541
23.3928
26.40644
35.04755
44.69693
48.41822
63.65697
76.41052
80.18321
0.0
0.6168544
1.743845
3.346748
3.772063
6.378417
13.27969
21.57881
25.68466
39.38151
40.09928
55.42751
56.24216
59.93051
75.78404
84.15351
97.49929
111.1587
121.8848
142.0168
149.5215
163.9432
176.2336
179.0047
211.5832
214.2075
253.8281
263.8625
279.9469
0.0
0.8058894
2.26216
4.329103
4.765002
6.034658
14.38127
18.85072
26.40392
33.56658
40.51114
51.07711
55.92628
70.99771
71.96027
89.47885
94.04525
108.7644
121.0578
129.7841
152.8977
154.1508
179.2341
198.0259
207.0295
237.6171
262.8988
266.5872
275.0805
0.0
1.853342
4.146742
6.429783
11.40322
18.96452
19.66763
29.68163
33.72876
41.88776
51.90297
53.66509
55.14135
58.40968
59.10677
0.0
0.4721637
1.329696
2.559735
3.840311
8.664804
9.062638
12.86177
24.64139
35.54871
39.93769
40.24636
46.9523
60.53802
68.84548
76.15305
93.65837
100.4009
112.7353
132.7144
135.1043
154.9116
174.3589
178.4594
204.6552
222.6828
232.6712
263.606
288.972
296.6507
334.5438
374.9597
400.5774
416.2815
458.2551
504.2208
505.2937
555.369
587.114
0.0
0.8747693
2.418132
4.135441
4.531787
4.991244
9.851014
15.88426
21.48636
21.4999
27.16022
40.2223
41.75999
55.2934
65.22028
71.88354
89.81598
92.5469
109.0927
124.5628
129.4891
151.7718
163.6143
175.5573
197.7037
200.5625
213.0257
224.3382
249.5773
274.8593
298.5704
300.7966
329.8586
359.7386
391.3104
391.369
404.9563
415.6995
415.826
0.0
0.8922688
2.493422
3.458626
5.661144
10.36726
11.90302
13.9472
22.14161
29.87128
33.34335
45.99629
54.82564
59.60503
74.26468
84.85854
89.57292
106.1684
123.0295
123.0501
128.3737
143.6914
165.5252
188.0075
194.0109
212.3647
220.2151
235.5388
258.2826
281.6122
306.1984
332.6449
357.157
360.7234
365.8728
374.1736
0.0
1.621469
3.634776
4.229886
7.051675
10.37719
12.05805
20.95965
21.80366
33.36687
34.12012
46.53879
60.04276
67.8915
74.29539
89.53533
105.3007
115.0212
121.9334
139.5773
157.7966
176.6239
196.1001
216.0779
236.811
258.8469
282.1522
304.5429
306.7094
321.7533
0.0
1.068126
3.016494
3.327032
10.86251
11.86057
19.99593
28.13286
29.8651
41.11518
43.21611
53.23191
65.93567
79.17519
91.60561
92.99142
107.7873
123.8529
135.8884
0.0
2.799633
5.024847
12.93858
16.30977
20.32203
27.877
35.64693
42.39418
43.62514
52.03136
61.02878
69.00126
70.72034
81.23251
89.92348
91.57915
111.0267
113.1047
131.7635
458.7027
0.0
0.5909421
1.657523
3.166337
5.364441
5.934869
15.50977
16.68846
16.91666
28.08455
40.17677
52.60091
53.72913
65.06774
78.45473
88.8947
93.1808
109.5441
125.7843
126.9303
145.7964
165.0047
169.7403
185.9149
208.0287
228.1578
231.3307
257.1225
284.1962
312.7681
326.9677
344.4368
379.5255
417.3073
457.9344
487.1651
499.3246
517.8468
536.7164
574.6779
576.6724
611.0823
630.3964
647.648
667.4926
676.369
681.3734
0.0
0.8177775
2.257031
4.187836
4.479718
7.229854
11.77263
14.33296
25.09336
32.25432
37.57509
52.39629
67.02412
77.71137
82.69679
102.245
122.7828
144.1416
166.3363
189.4322
201.2237
213.746
239.2242
265.5286
292.5729
320.3941
349.3616
379.6721
411.3978
431.7699
444.1219
477.6415
505.9694
511.9696
543.1464
570.3813
576.537
612.0564
651.0394
661.2614
692.7788
713.1285
734.2908
736.5794
776.095
799.1742
822.8328
834.756
857.462
868.7025
910.5326
916.0197
0.0
0.8649576
2.415241
3.167725
10.11415
18.07786
23.2951
27.42037
32.83043
37.37283
47.78355
59.16798
59.97874
72.9316
87.37926
102.4101
118.0796
134.3681
151.2359
168.629
186.4841
204.8326
223.9472
243.9886
264.7806
286.4023
309.078
311.6859
330.0648
331.5253
352.7386
376.44
399.8065
0.0
1.462744
3.743454
6.641987
11.57846
20.6589
30.20296
35.11753
40.88099
51.62125
52.7491
55.60498
65.42879
68.46841
78.08893
91.30171
101.2299
108.9784
0.0
0.2848583
0.7991125
1.527366
2.590902
3.7338
6.675748
10.87446
19.75962
29.65393
40.25587
51.44127
63.15145
75.37274
88.06759
101.1741
114.6388
123.9429
128.4876
142.9045
157.7698
173.1469
189.0446
205.4331
222.35
232.7957
239.5573
256.8232
274.3632
292.1667
310.5029
318.4219
329.3169
348.7999
369.2703
371.21
390.7273
402.5656
413.2896
423.3774
426.4681
0.0
0.1658748
0.4688624
0.9094961
1.573592
2.617365
4.341845
4.809396
5.497468
17.48701
29.91027
33.19525
43.40959
57.19845
71.28978
85.73743
85.89665
101.3549
117.5558
134.514
152.076
152.2
171.1248
190.5142
210.479
231.1888
252.6864
267.6917
275.3682
299.6837
324.9507
351.0313
377.9995
387.9544
405.1711
433.0536
461.9669
492.22
500.0968
522.5305
553.2896
566.1843
584.4944
617.0141
619.8739
650.8531
657.8589
666.8478
682.1677
706.1893
714.1107
744.15
748.0054
780.9398
781.8137
783.3929
801.9915
0.0
0.5365226
1.490877
2.486033
6.603421
7.767241
14.06444
20.08413
20.55057
31.13187
41.41767
46.2806
51.72255
62.3043
73.18016
82.75198
84.56026
96.80726
109.8874
121.9987
123.7216
138.5622
153.6066
168.85
171.5211
185.6466
203.532
206.9822
220.4947
237.9202
256.0651
274.8426
294.4756
314.9779
337.5117
361.1382
384.4203
0.0
1.430496
3.985526
7.464063
7.493983
10.52232
15.05484
22.12772
22.13031
37.5747
51.86897
59.80399
62.2804
67.41224
85.75739
99.81474
103.6709
119.2953
135.3943
151.6828
152.2066
173.4508
195.1673
217.2814
239.8909
263.1094
286.9893
311.5671
336.8607
362.9265
389.8952
417.8419
419.7383
446.2117
475.7462
506.9283
537.5414
539.8734
562.8144
569.0056
599.5577
632.6862
653.7888
668.649
707.4825
734.7177
741.5213
748.6548
788.243
800.8777
832.5264
859.5382
864.4468
878.297
920.9746
926.5525
934.0453
0.0
0.8284271
2.318837
4.325032
4.843152
13.40258
15.95592
22.77812
32.09865
41.59087
51.3588
61.38824
71.7469
82.53156
93.65578
104.9653
108.3418
115.9048
116.6746
129.9918
143.4679
157.2774
171.5018
186.1079
201.1568
216.6817
232.6854
249.3422
267.3839
269.5974
277.5085
0.0
0.2497939
0.7093998
1.388425
2.4291
4.092621
6.88442
9.439324
14.84763
25.81252
27.8751
41.7714
57.54991
73.52122
89.94267
106.8701
124.3226
142.2994
160.7328
179.6168
191.4748
201.0713
226.4108
252.2702
278.7747
305.99
333.8646
362.3481
391.5211
421.4647
452.2251
453.358
483.1052
514.7228
547.1
555.1233
568.5888
574.773
601.5579
629.8907
643.8896
659.7104
690.9692
712.428
724.2277
760.0505
781.7697
798.5938
810.4803
834.5641
844.4797
871.0279
902.5897
910.1454
951.9274
962.8307
968.0132
992.7859
1017.118
1035.853
1052.666
1069.24
1075.889
1082.307
0.0
1.049997
2.902457
3.296304
10.84405
19.20577
27.54332
32.12673
35.78519
44.12396
52.46344
60.79446
69.21505
77.73949
86.7467
87.34186
88.58743
97.06864
106.9022
117.6563
129.5779
142.2133
148.2023
155.3379
0.0
0.8899497
2.494487
4.59789
6.433506
14.79658
25.38535
34.89777
43.84845
52.58116
54.5602
61.52195
70.60313
79.82319
89.13323
92.31917
99.37295
110.2001
121.1991
132.3359
143.5726
155.0055
166.7347
178.1135
178.693
191.3205
204.2003
218.0143
232.4226
239.4375
0.0
0.3785668
1.070312
2.076817
3.59341
5.97389
7.524414
12.00815
22.14407
29.73649
38.31396
56.62313
74.50571
92.00693
109.3643
126.6956
143.7972
144.1476
162.0515
180.1847
198.5735
217.1901
235.9599
254.8695
273.9644
293.3384
305.2702
313.0457
332.9649
353.1486
373.7759
394.9322
416.1496
416.5794
438.689
461.4656
484.8738
504.454
508.8404
533.3644
558.7595
585.475
587.6954
613.6494
629.8035
641.2468
661.5374
667.7809
696.2433
726.7708
728.6902
759.3098
766.5576
790.0403
792.847
822.2435
854.6287
857.0837
857.3581
890.6616
0.0
1.022478
2.828318
4.123268
13.77891
21.28146
25.21377
37.21992
48.77498
52.89672
59.26147
69.16084
79.03077
81.20441
88.70545
97.72438
98.07226
98.63327
107.35
116.6595
125.9902
135.3749
140.9301
145.0065
156.1994
166.7968
177.0236
187.9697
198.0054
202.1715
0.0
2.460095
6.287486
7.907113
16.87044
25.49685
27.8949
34.29684
37.76723
43.26649
52.23051
61.36524
70.61344
79.8755
89.13726
91.17084
98.47215
108.0261
117.7893
127.6529
137.5697
138.857
147.7174
159.0082
170.6502
184.1993
185.6593
190.7298
195.8889
204.5037
0.0
0.4721207
1.336195
2.597224
4.222043
6.306513
12.41006
14.60205
22.03016
22.6883
28.39668
40.56393
52.4473
64.17605
75.92675
87.85678
99.91951
103.0389
111.9756
124.0588
136.2809
148.7669
161.5061
164.9524
174.3831
187.3334
200.3396
213.4056
221.1898
226.6822
240.1378
253.5625
267.0396
275.3401
280.821
295.0837
309.719
324.6749
330.2531
340.0612
355.9023
372.2438
388.1197
389.1259
406.8531
425.0083
433.977
0.0
4.996415
11.92817
14.46948
16.84164
27.11247
36.85492
49.16087
53.47407
59.10635
61.10425
67.53839
75.24375
84.41518
86.47712
0.0
0.436477
1.232959
2.387248
4.114552
4.727651
12.38863
14.31078
25.46109
37.02547
48.70901
60.3965
71.98793
83.6133
92.05016
95.42657
107.2722
119.1876
131.2198
143.4759
149.8489
155.974
168.6958
181.5766
194.4832
199.6112
207.4995
220.7514
234.2007
246.1676
247.7389
261.3781
275.1501
289.1374
295.2132
303.4972
318.287
333.4688
349.0051
349.7693
365.0551
381.6853
398.7714
412.9396
416.2938
420.0271
423.9032
0.0
1.300252
3.548335
3.907787
12.49715
17.62848
22.49901
32.89353
37.46315
43.47442
54.2119
64.68821
75.12297
85.65567
86.57122
94.57148
95.26112
104.8304
114.9865
124.1372
133.6316
143.9299
153.7272
154.6206
0.0
0.4332183
1.224538
2.374106
4.099805
5.096378
10.65889
15.62305
26.58816
37.59683
48.79418
60.15918
68.70449
72.21243
76.17063
85.86152
99.53657
113.3091
127.2534
141.3563
145.9174
155.6268
170.1758
185.0186
200.096
202.3803
215.3131
230.7049
246.3027
253.7153
262.2216
278.3976
294.7346
306.7287
311.255
325.7468
327.7214
342.0238
356.5626
360.2093
371.56
387.0052
402.8217
418.083
419.0726
436.1073
453.6292
471.5568
486.3267
490.3714
490.6964
495.2087
0.0
2.120135
4.504327
8.958892
13.03297
21.97088
31.02412
33.2924
40.48817
49.92164
60.19961
70.05638
79.03664
88.32388
96.30467
97.07123
105.3527
0.0
0.8169978
2.299204
4.417064
5.343669
12.50642
15.39603
25.4027
34.98566
43.37194
44.46951
45.84816
55.19931
66.22781
77.40321
88.72701
100.1208
106.0269
111.4425
122.8553
134.5329
146.45
152.8729
158.5932
170.9329
183.4594
194.3753
196.1919
209.164
222.4182
235.9139
235.926
236.2208
248.1295
260.682
273.6107
277.4224
286.9288
300.3284
314.4388
316.3051
0.0
1.401531
3.840933
5.366985
13.63797
15.22296
25.55561
35.45882
38.56555
45.42351
55.42256
65.32469
75.1834
85.06977
94.95543
104.8745
114.9613
121.4338
125.1509
135.3349
145.6932
156.1268
166.382
176.8875
177.5629
0.0
0.4640298
1.3156
2.565912
4.466792
4.765612
14.98743
18.35489
26.3997
37.94678
49.14655
59.13015
60.16576
71.10794
82.06339
93.12018
104.3295
115.6033
115.6144
123.3115
127.532
141.0266
154.5655
154.773
165.3757
166.617
178.7302
191.0752
203.5829
204.9741
216.3744
229.4457
242.8262
246.6136
256.5333
270.4801
284.571
293.4843
298.8521
313.4004
328.2171
343.2625
348.1478
358.6772
364.2231
373.1617
387.7745
400.3275
0.0
4.583206
5.694561
15.90991
27.71564
28.39443
29.45976
37.00045
45.97885
56.20746
67.28248
78.16879
81.17911
0.0
0.741928
2.086113
3.928821
4.319976
12.72382
21.62945
22.057
31.63142
33.78326
41.43575
51.07362
60.59807
70.04063
77.8782
79.47605
88.92162
97.62978
98.58279
109.7434
118.9827
120.9479
132.1359
143.496
155.2193
158.2974
159.8851
166.2414
176.6877
187.7098
193.4581
199.1395
210.6601
222.6037
233.0608
234.8219
247.5212
247.5519
0.0
6.061559
7.646745
16.28883
17.75079
26.44569
38.25141
39.11744
47.73421
58.51854
69.44756
69.49688
70.70588
0.0
0.8630868
2.397254
3.43556
10.78092
11.01905
19.55846
20.61441
28.41333
37.14217
45.74095
50.60308
54.73178
55.13818
64.35925
73.93886
83.42982
90.18748
92.82563
102.2099
111.702
121.3205
122.0451
131.3606
141.3814
151.6781
155.3882
162.1979
173.0611
184.2049
185.4539
0.0
0.7199196
2.016511
3.842176
5.455513
9.248203
11.01128
19.13163
30.62056
33.9077
49.47502
50.75983
64.25795
77.88875
90.78313
103.3537
115.6262
127.6908
139.7988
152.0308
164.2888
176.6433
189.2313
202.114
215.2874
228.6917
242.1031
255.3232
264.6438
268.5544
281.8572
295.1823
308.6969
322.5209
333.2966
336.5487
350.8362
365.5021
380.7344
384.81
390.9497
394.9784
409.6157
424.1007
439.2819
443.8606
455.0015
462.4306
0.0
0.5327182
1.501209
2.893798
4.355377
7.5743
11.73829
13.38081
23.65763
33.78318
43.7627
43.99106
45.74344
54.83845
66.09652
77.29359
79.56535
88.48386
99.59747
110.6309
113.4941
121.5917
132.5721
143.6875
146.4203
155.1518
166.8972
178.8017
184.2537
190.966
203.4544
216.1913
226.5337
228.8382
229.2085
240.6072
252.875
264.9857
275.0612
277.2787
290.0179
303.14
307.4465
0.0
0.5150155
1.443193
2.753042
4.659484
6.816767
6.990744
7.819051
14.01732
24.23912
35.49813
42.70745
43.49609
75.17255
94.18976
96.83046
125.0963
175.1393
212.7955
244.6154
274.0692
302.7621
331.3684
360.1619
389.2289
418.5231
442.1278
447.9471
477.317
507.0306
537.2358
567.9687
573.8918
599.2012
631.0009
663.3079
687.2245
696.0682
729.3115
763.1183
796.0175
797.5052
832.6238
868.1538
904.0498
913.5911
940.637
977.8207
1015.639
1048.293
1054.361
1094.407
1135.56
1177.956
1210.763
1221.803
1267.393
1314.206
1362.296
1412.155
1433.473
1464.581
1520.31
1579.851
1643.508
1705.817
1711.785
1785.024
1865.22
1953.191
1976.145
2049.21
2155.465
2241.521
2273.254
2376.462
2397.426
2468.842
2508.884
2638.52
2657.588
2792.487
2849.188
2946.8
2973.519
3024.744
3160.59
3183.581
3261.458
3332.397
3390.393
3449.871
3470.154
3566.435
3593.192
3618.086
0.0
1.257507
3.498882
6.582024
6.654226
18.06088
21.6853
29.05928
40.06656
50.8093
53.56934
60.38273
62.16243
73.51791
84.22024
94.58241
104.6822
114.5981
124.5084
134.5099
144.6131
154.8706
165.2737
175.9255
179.5686
185.4917
196.352
207.6668
218.4145
229.5446
231.1412
0.0
0.6821349
1.92715
3.732285
3.866772
13.8415
17.80766
24.36941
34.08481
34.68165
41.57898
44.60697
54.98441
65.03849
69.49552
74.86694
84.64307
94.43684
96.25011
104.1604
113.7458
118.8381
123.256
123.9623
125.1696
133.7223
143.3931
151.8204
153.2498
163.563
174.1631
184.8997
185.9337
195.9246
206.8859
218.0322
229.2405
229.4928
235.8456
245.854
246.419
0.0
1.079173
2.956409
4.63089
5.228897
7.931149
12.12672
16.50676
26.35189
31.02587
35.04962
47.25667
62.40897
71.86435
77.06538
91.39154
105.2951
110.3517
118.9085
132.4297
137.4062
147.9267
149.8094
164.4952
180.8785
195.2629
197.16
213.5589
230.0943
243.8002
246.9595
247.2846
261.2372
275.8061
290.4895
291.464
305.4569
320.631
336.1903
351.9579
352.1479
368.6427
385.3308
402.2466
419.4931
433.667
437.0631
455.0554
460.7782
471.4937
487.4353
503.7178
520.3529
537.4134
554.5688
554.9262
565.5958
572.5061
589.1971
605.91
622.507
639.0837
655.7953
673.2272
691.9587
710.3629
715.0304
0.0
1.223462
3.428111
5.384074
6.276951
15.89973
18.75282
30.78619
33.89753
41.8568
52.67822
63.09814
71.03792
73.08168
73.57948
84.06854
94.50694
104.599
114.5425
124.348
134.0519
143.797
153.6564
163.6877
173.8901
178.557
182.6425
191.7031
193.4321
0.0
0.3562608
1.009325
1.966173
3.418403
5.714113
6.938678
11.5501
15.19377
26.0115
26.75231
56.09798
56.44632
64.16379
111.1276
113.7458
119.7476
158.0093
198.1707
198.9384
239.6862
277.7079
313.5219
330.1714
347.7345
380.5914
412.2911
443.1867
473.6296
504.0317
534.6057
565.4171
596.6103
628.3199
660.7205
693.8888
727.5283
761.2102
794.8218
797.1584
828.1115
861.6299
895.4665
929.8589
964.9827
974.1448
1000.77
1037.459
1075.225
1114.298
1124.608
1154.674
1196.12
1238.588
1276.303
1282.183
1327.093
1373.423
1421.406
1438.244
1471.389
1523.518
1578.141
1616.802
1636.112
1698.332
1708.609
1750.432
1794.045
1804.28
1863.689
1929.126
1981.954
2001.877
2084.165
2166.104
2175.432
2200.837
2260.219
2359.249
2399.824
2472.2
2474.519
2577.887
2588.662
2658.561
2723.263
2737.166
2789.245
2875.563
2879.397
2882.439
2890.716
SCALARS Time_log float
LOOKUP_TABLE default
0.0
0.6691732
0.9269531
1.194049
1.3434186
1.4431187
1.4473025
1.5384539
0.0
0.55247
0.8508299
1.0868071
1.3595587
1.3690822
1.4217099
1.5446577
1.6502777
1.6850089
1.803846
1.8831532
1.9040835
0.0
-0.2098173
0.24150787
0.52462304
0.5765789
0.8047129
1.1231879
1.3340275
1.4096738
1.5952923
1.6031365
1.7437254
1.750062
1.777648
1.8795778
1.9250722
1.9890015
2.0459435
2.0859497
2.1523397
2.1747036
2.2146933
2.2460887
2.2528644
2.3254812
2.3308346
2.4045396
2.4213777
2.4470756
0.0
-0.09372454
0.35452333
0.6363979
0.6780631
0.78065264
1.1577972
1.2753279
1.4216684
1.5259072
1.6075745
1.7082263
1.7476159
1.8512443
1.8570929
1.9517204
1.9733368
2.0364869
2.0829928
2.1132214
2.184401
2.1879458
2.2534206
2.296722
2.3160322
2.3758776
2.4197886
2.4258392
2.4394598
0.0
0.26795557
0.617707
0.8081963
1.0570275
1.2779418
1.293752
1.4724877
1.5280004
1.6220871
1.7151922
1.7296919
1.7414774
1.7664849
1.7716372
0.0
-0.3259074
0.123752385
0.40819502
0.5843664
0.93775874
0.95725465
1.1093007
1.3916652
1.5508238
1.601383
1.6047267
1.6716568
1.7820282
1.8378755
1.8816873
1.9715466
2.0017376
2.05206
2.1229181
2.130669
2.190084
2.241444
2.2515395
2.3110228
2.3476868
2.3667426
2.4209552
2.4608557
2.4722455
2.524453
2.5739846
2.6026864
2.6193871
2.6611073
2.7026207
2.703544
2.7445817
2.7687225
0.0
-0.058106482
0.38348
0.61652184
0.6562695
0.6982088
0.9934809
1.200967
1.3321629
1.3324364
1.4339333
1.6044669
1.6207604
1.7426733
1.8143827
1.8566295
1.9533536
1.9663619
2.0377958
2.0953884
2.1122332
2.1811912
2.2138212
2.2444189
2.2960148
2.3022497
2.328432
2.3509033
2.397205
2.4391105
2.4750469
2.478273
2.5183277
2.5559871
2.5925214
2.5925865
2.607408
2.6187794
2.6189117
0.0
-0.049504302
0.39679578
0.5389036
0.7529042
1.015664
1.0756571
1.144487
1.3452091
1.4752538
1.5230092
1.6627228
1.7389838
1.7752829
1.8707823
1.9286956
1.9521767
2.0259953
2.0900092
2.090082
2.1084762
2.157431
2.2188642
2.2741752
2.287826
2.3270824
2.342847
2.3720624
2.412095
2.4496515
2.486003
2.5219808
2.552859
2.5571742
2.5633302
2.5730731
0.0
0.20990865
0.5604777
0.62632865
0.8482923
1.0160798
1.0812771
1.3213841
1.3385293
1.5233154
1.5330106
1.6678151
1.7784606
1.8318154
1.8709619
1.9519944
2.0224311
2.060778
2.0861228
2.1448147
2.1980977
2.2470496
2.2924778
2.3346102
2.3744018
2.413043
2.4504833
2.4836485
2.486727
2.507523
0.0
0.02862247
0.47950247
0.522057
1.0359302
1.0741055
1.3009416
1.4492139
1.4751639
1.6140022
1.6356456
1.7261721
1.8191204
1.8985891
1.961922
1.9684429
2.0325675
2.0929062
2.1331823
0.0
0.44710112
0.7011228
1.1118866
1.2124479
1.3079671
1.4452461
1.5520221
1.6273062
1.6397369
1.7162652
1.7855347
1.838857
1.8495443
1.9097298
1.953873
1.9617966
2.0454276
2.0534806
2.119795
2.6615312
0.0
-0.22845508
0.21945958
0.5005571
0.7295245
0.7734111
1.1906054
1.2224163
1.2283146
1.4484675
1.603975
1.7209933
1.7302098
1.8133657
1.8946191
1.9488759
1.9693265
2.039589
2.0996265
2.1035652
2.1637468
2.2174964
2.229785
2.2693143
2.3181233
2.3582354
2.3642333
2.41014
2.4536183
2.4952223
2.514505
2.5371096
2.579241
2.620456
2.6608033
2.6876762
2.6983829
2.7142012
2.729745
2.7594244
2.760929
2.7860997
2.7996137
2.8113391
2.8244464
2.8301837
2.8333852
0.0
-0.08736484
0.35353753
0.62198967
0.6512507
0.85912955
1.0708735
1.156336
1.3995588
1.5085878
1.5749
1.7193005
1.8262311
1.8904846
1.9174887
2.0096421
2.0891376
2.1587894
2.220987
2.277454
2.3036792
2.329898
2.3788052
2.4241114
2.4662342
2.5056846
2.543275
2.5794086
2.6142619
2.6352525
2.6475022
2.679102
2.7041242
2.7092443
2.734917
2.7561653
2.760827
2.7867913
2.8136072
2.8203733
2.8405945
2.8531678
2.865868
2.8672197
2.8899148
2.9026415
2.9153116
2.9215596
2.933215
2.9388711
2.9592955
2.9619048
0.0
-0.063005194
0.38296047
0.5007475
1.0049294
1.2571471
1.3672645
1.4380733
1.5162766
1.572556
1.6792784
1.7720867
1.7779974
1.8629158
1.9414084
2.0103428
2.0721748
2.1282961
2.1796548
2.2269323
2.2706418
2.311399
2.3501456
2.3873696
2.4228861
2.4569764
2.4900682
2.4937172
2.5185993
2.5205166
2.547453
2.5756958
2.6018498
0.0
0.16516833
0.5732725
0.822298
1.0636508
1.3151072
1.4800495
1.545524
1.6115214
1.7128285
1.722215
1.7451137
1.8157688
1.8354902
1.8925894
1.9604789
2.0053089
2.0373404
0.0
-0.5453711
-0.097392075
0.18394314
0.41345102
0.57215106
0.8244999
1.0364077
1.2957786
1.4720823
1.6048292
1.7113117
1.8003833
1.8772143
1.9448161
2.0050693
2.0593317
2.0932217
2.1088612
2.155046
2.1980238
2.2384148
2.2765644
2.3126705
2.347037
2.366975
2.3794093
2.4096344
2.438326
2.4656308
2.4920657
2.503003
2.5176141
2.5425763
2.5673444
2.5696197
2.5918736
2.6048367
2.6162546
2.6267276
2.6298866
0.0
-0.7802196
-0.32895458
-0.041199144
0.19689213
0.41786426
0.63767433
0.6820905
0.74016273
1.2427155
1.4758203
1.521076
1.6375858
1.7573843
1.8530272
1.9331704
1.9339763
2.0058448
2.070244
2.1287675
2.1820607
2.1824145
2.2333128
2.2799273
2.3232088
2.3639667
2.402582
2.427635
2.4399137
2.476663
2.5118175
2.5453458
2.5774913
2.5887806
2.6076384
2.6365416
2.6646109
2.6921592
2.699054
2.7181118
2.7429526
2.7529578
2.7667804
2.7902951
2.7923033
2.813483
2.8181326
2.8240268
2.8338912
2.848921
2.8537655
2.8716605
2.8739047
2.8926175
2.8931034
2.8939795
2.9041698
0.0
-0.27041197
0.17344183
0.3955069
0.819769
0.8902668
1.1481224
1.302853
1.3128239
1.4932052
1.6171857
1.665399
1.7136799
1.794518
1.8643934
1.9177784
1.9271663
1.9859079
2.040948
2.0863552
2.0924456
2.1416447
2.18641
2.2275012
2.2343175
2.268687
2.3086326
2.315933
2.343398
2.3764312
2.4083505
2.439084
2.4690492
2.49828
2.5282888
2.5576735
2.5848062
0.0
0.15548664
0.6004857
0.8729753
0.8747127
1.0221115
1.1776762
1.3449366
1.3449875
1.5748955
1.7149076
1.7767302
1.7943513
1.8287388
1.9332715
1.9991947
2.015657
2.0766234
2.1316004
2.1809363
2.1824336
2.2391763
2.290407
2.3370225
2.3800137
2.4201365
2.4578657
2.4935515
2.5274503
2.5598187
2.5909479
2.621012
2.6229787
2.649541
2.6773753
2.7049465
2.730412
2.732292
2.7503653
2.7551165
2.777831
2.8011885
2.8154376
2.8251982
2.8497157
2.8661206
2.8701236
2.8742816
2.89666
2.9035661
2.920398
2.9342651
2.9367383
2.9436414
2.9642477
2.96687
2.970368
0.0
-0.081745714
0.3652702
0.63598937
0.6851281
1.1271884
1.2029219
1.3575178
1.5064868
1.618998
1.7106148
1.7880852
1.8558031
1.91662
1.9715346
2.0210457
2.034796
2.0641015
2.0669763
2.113916
2.1567547
2.1966662
2.2342687
2.269765
2.3035347
2.3358223
2.366769
2.3967957
2.4271352
2.4307158
2.4432764
0.0
-0.6024182
-0.14910893
0.14252242
0.3854454
0.61200154
0.8378674
0.9749409
1.1716571
1.4118304
1.4452164
1.620879
1.7600447
1.8664126
1.9539658
2.0288563
2.0945501
2.153203
2.2061045
2.254347
2.2821116
2.3033502
2.354897
2.401866
2.4452534
2.4857073
2.5235703
2.559126
2.592755
2.624761
2.6553547
2.6564412
2.6840417
2.7115734
2.7380667
2.7443895
2.7547984
2.7594965
2.7792776
2.7992651
2.8088114
2.8193533
2.8394587
2.852741
2.8598752
2.8808424
2.8930788
2.9023259
2.9087424
2.9214597
2.9265893
2.940032
2.9554904
2.9591107
2.9786038
2.9835498
2.9858813
2.9968555
3.0073714
3.0152981
3.0222907
3.0290751
3.0317674
3.0343504
0.0
0.021188047
0.46276578
0.51802725
1.0351915
1.2834318
1.4400163
1.5068666
1.5537033
1.6446744
1.7198567
1.783864
1.8402005
1.8906417
1.9382529
1.9412224
1.9473721
1.9870789
2.0289867
2.0706153
2.112531
2.1529403
2.170855
2.1912775
0.0
-0.050634548
0.39698124
0.66255856
0.8084477
1.1701614
1.4045831
1.5427977
1.6419542
1.7208302
1.736876
1.7890301
1.8488239
1.902129
1.9500396
1.9652919
1.9972682
2.042182
2.0834994
2.1216776
2.1570716
2.1903472
2.2220259
2.250697
2.2521076
2.2817614
2.3100564
2.338485
2.3662784
2.379192
0.0
-0.42185748
0.029510405
0.31739825
0.55550677
0.7762572
0.8764727
1.0794761
1.3452574
1.4732897
1.5833571
1.7529938
1.8721895
1.9638206
2.0388756
2.1027615
2.1577504
2.1588075
2.2096531
2.255718
2.2979212
2.33684
2.3728383
2.406318
2.437694
2.4673688
2.4846845
2.4956076
2.5223985
2.5479574
2.5726113
2.5965226
2.6192496
2.6196978
2.6421568
2.6641393
2.6856287
2.7028215
2.7065816
2.727024
2.747225
2.7675083
2.7691522
2.7879202
2.799205
2.8070252
2.8205545
2.824634
2.842761
2.8613975
2.8625429
2.880419
2.8845448
2.8976493
2.8991895
2.9150004
2.9317775
2.9330232
2.9331622
2.9497128
0.0
0.009653966
0.45152825
0.6152416
1.1392149
1.3280014
1.4016378
1.5707754
1.6881971
1.7234287
1.7727724
1.8398603
1.8977962
1.9095796
1.9479504
1.9900029
1.9915462
1.9940234
2.030802
2.06692
2.1003368
2.1315382
2.1490037
2.1613874
2.1936793
2.2221878
2.2480311
2.274088
2.296677
2.3057199
0.0
0.39095187
0.79847705
0.89801794
1.2271264
1.4064865
1.4455248
1.5352541
1.5771152
1.6361517
1.7179242
1.7879224
1.8488873
1.9024136
1.9500593
1.9598559
1.9933134
2.0335288
2.0711057
2.1060307
2.1385229
2.1425679
2.1694317
2.2014196
2.232107
2.2652879
2.2687168
2.2804186
2.2920098
2.3107011
0.0
-0.32594696
0.12586984
0.41450942
0.6255227
0.7997893
1.0937738
1.1644138
1.3430177
1.3558019
1.4532676
1.60814
1.7197231
1.8073729
1.8803948
1.9437753
1.9996502
2.0130012
2.0491233
2.0936277
2.134435
2.1725063
2.208189
2.2173586
2.2415044
2.2726152
2.3017669
2.3292058
2.3447652
2.3554175
2.3804605
2.404085
2.4265757
2.4398694
2.4484296
2.4699452
2.4909678
2.5114486
2.518847
2.531557
2.5513308
2.5708275
2.5889657
2.59009
2.6094377
2.6283975
2.6374667
0.0
0.6986585
1.0765738
1.160453
1.2263844
1.4331691
1.5664954
1.6916195
1.7281432
1.7716341
1.7860714
1.8295507
1.8764704
1.9264206
1.9369012
0.0
-0.36003864
0.09094865
0.37789753
0.61432254
0.6746454
1.0930233
1.1556633
1.405877
1.5685006
1.6876093
1.7810118
1.8572596
1.9222753
1.9640245
1.9796693
2.0304873
2.076231
2.1179993
2.156779
2.1756537
2.1930523
2.2271042
2.25906
2.288882
2.300185
2.317017
2.3439035
2.3695881
2.3912308
2.3939943
2.4172692
2.4395697
2.4611042
2.4701357
2.4821546
2.5028188
2.5230553
2.5428317
2.5437818
2.5623584
2.5817053
2.600724
2.6158864
2.6194
2.6232774
2.6272666
0.0
0.114027515
0.5500246
0.59193087
1.096811
1.2462149
1.3521634
1.5171105
1.5736043
1.6382338
1.7340946
1.8108251
1.8757727
1.9327561
1.9373735
1.9757602
1.9789157
2.0204873
2.0606468
2.0939019
2.125909
2.158151
2.1867507
2.1892674
0.0
-0.3632932
0.08797225
0.37550008
0.61276317
0.7072616
1.027712
1.1937658
1.4246882
1.5751512
1.6883681
1.7793019
1.8369851
1.858612
1.8817875
1.9337986
1.9979826
2.0542648
2.1046693
2.150315
2.164107
2.1920843
2.230898
2.2672155
2.3012383
2.3061683
2.3330705
2.363057
2.3914692
2.4043467
2.4186685
2.4446654
2.4694312
2.4867544
2.4931164
2.51288
2.5155048
2.5340564
2.5521357
2.5565548
2.570029
2.5877168
2.6051128
2.6212626
2.6222892
2.6395934
2.656701
2.673534
2.686928
2.690525
2.6908128
2.6947882
0.0
0.32636353
0.6536299
0.9522543
1.1150434
1.3418474
1.4916995
1.5223451
1.6073282
1.6982888
1.7795937
1.8454477
1.8978285
1.9460782
1.9836473
1.9870905
2.0226457
0.0
-0.0877791
0.36157754
0.64513373
0.7278395
1.097133
1.1874088
1.4048799
1.5438901
1.6372088
1.6480623
1.6613219
1.7419337
1.8210404
1.888759
1.9480559
2.0005243
2.0254161
2.047051
2.0893939
2.1288285
2.1656895
2.1843305
2.2002845
2.2328258
2.26354
2.288641
2.292681
2.320487
2.3471704
2.3727536
2.3727758
2.3733182
2.3946784
2.416111
2.437133
2.4431415
2.4577742
2.4775963
2.4975362
2.500106
0.0
0.1466027
0.5844367
0.72973037
1.1347498
1.1824992
1.4074863
1.5497243
1.5861995
1.6572807
1.7436866
1.8150774
1.876122
1.9297752
1.9775198
2.02067
2.0605516
2.0843396
2.097434
2.13141
2.1634393
2.1934774
2.2211063
2.247697
2.2493522
0.0
-0.33345413
0.119123876
0.40924177
0.64999574
0.6781187
1.1757271
1.2637519
1.421599
1.579175
1.691493
1.771809
1.7793494
1.8519181
1.9141495
1.9690439
2.018407
2.0629702
2.063012
2.0910037
2.1056192
2.149301
2.1891127
2.1896951
2.2184718
2.2217193
2.252198
2.2812042
2.3087413
2.311699
2.3352058
2.3606799
2.3852956
2.3920171
2.4091437
2.4321353
2.4541907
2.4675848
2.4754562
2.4960995
2.5161612
2.5356264
2.5417635
2.5547037
2.5613675
2.571897
2.5885792
2.6024153
0.0
0.6611694
0.75546026
1.2016678
1.442725
1.4532331
1.4692292
1.568207
1.6625581
1.749794
1.827902
1.8930334
1.9094443
0.0
-0.12963825
0.31933782
0.59426224
0.6354813
1.1046175
1.3350455
1.3435464
1.5001187
1.5287015
1.6173751
1.7081966
1.7824588
1.84535
1.8914158
1.9002362
1.9490074
1.9895823
1.9938011
2.0403783
2.0754838
2.0825982
2.1210208
2.1568398
2.1909456
2.1994739
2.203808
2.2207391
2.2472062
2.2734869
2.286587
2.2991574
2.3235822
2.3475323
2.3674693
2.3707385
2.3936124
2.3936663
0.0
0.78258437
0.8834766
1.2118899
1.2492176
1.4223549
1.5826474
1.5923704
1.6788298
1.7672935
1.841657
1.8419653
1.8494555
0.0
-0.06394552
0.37971404
0.5359975
1.0326558
1.0421442
1.2913346
1.314171
1.4535221
1.5698673
1.6603051
1.7041769
1.7382395
1.7414525
1.808611
1.8688728
1.9213213
1.9551462
1.9676679
2.0094929
2.048061
2.0839343
2.0865204
2.1184652
2.1503923
2.180923
2.191418
2.2100453
2.2381995
2.2653012
2.268236
0.0
-0.14271599
0.3046006
0.58457726
0.7368356
0.96605736
1.0418378
1.281752
1.4860132
1.5302984
1.694386
1.7055202
1.8079269
1.8914747
1.9580052
2.014326
2.0630562
2.1061597
2.1455035
2.1819315
2.215608
2.2470973
2.276993
2.3055964
2.3330185
2.3592503
2.3840003
2.4070902
2.4226618
2.4290323
2.4500291
2.4700904
2.4895322
2.5085578
2.522831
2.5270479
2.5451045
2.5628898
2.5806222
2.5852463
2.592121
2.5965734
2.6123767
2.627469
2.6427433
2.6472466
2.6580129
2.6650465
0.0
-0.27350247
0.17644116
0.46146822
0.63902575
0.8793425
1.0696049
1.1264824
1.3739712
1.5287005
1.6411041
1.6433644
1.6603289
1.7390852
1.8201786
1.8881434
1.900724
1.946864
1.9982483
2.0438764
2.0549734
2.084904
2.122452
2.157419
2.1656013
2.1907568
2.222449
2.2523715
2.2654161
2.280956
2.3084671
2.3348382
2.3551328
2.3595285
2.3602307
2.3813086
2.402906
2.4232223
2.4394293
2.4429164
2.4624248
2.4816432
2.4877696
0.0
-0.28817973
0.15932441
0.43981284
0.6683378
0.83357847
0.84452343
0.893154
1.146665
1.3845168
1.5502055
1.6305037
1.6384503
1.8760593
1.9740037
1.986012
2.0972445
2.2433836
2.3279624
2.3884838
2.4378603
2.4811015
2.520311
2.5564978
2.5902052
2.6217194
2.6455479
2.6512268
2.6788068
2.7050343
2.730165
2.7543244
2.75883
2.7775726
2.80003
2.821715
2.8370986
2.8426518
2.8629131
2.882592
2.9009225
2.9017334
2.9204488
2.9385967
2.9561923
2.9607518
2.973422
2.9902592
3.0067394
3.0204828
3.0229893
3.0391788
3.05521
3.071129
3.083059
3.087001
3.1029112
3.1186635
3.1342714
3.1498823
3.1563895
3.1657133
3.1819322
3.198616
3.215772
3.2319324
3.2334492
3.2516441
3.27073
3.2907448
3.2958188
3.3115864
3.333541
3.3505428
3.356648
3.3759308
3.3797452
3.3924932
3.3994806
3.4213605
3.4244876
3.4459913
3.4547212
3.4693506
3.4732707
3.4806886
3.4997683
3.5029159
3.5134118
3.5227568
3.53025
3.537803
3.5403488
3.5522344
3.5554805
3.5584788
0.0
0.0995104
0.5439293
0.8183595
0.8230975
1.2567389
1.3361654
1.4632849
1.602782
1.7059432
1.7289163
1.7809128
1.793528
1.8663931
1.9254165
1.9758104
2.019873
2.0591774
2.0951986
2.1287544
2.1602077
2.189969
2.2182038
2.245329
2.2542305
2.2683244
2.2930353
2.317367
2.3392816
2.360867
2.3638773
0.0
-0.16612971
0.28491554
0.5719748
0.5873486
1.1411831
1.2506068
1.386845
1.5325608
1.5400997
1.6188738
1.6494027
1.7402396
1.8131704
1.8419569
1.8742901
1.9275914
1.9751414
1.9834012
2.0177026
2.0559354
2.0749557
2.0908082
2.0932896
2.097499
2.1262038
2.1565282
2.1813302
2.1854
2.213685
2.240956
2.2669363
2.2693582
2.292089
2.3157308
2.3385205
2.3602912
2.360769
2.3726277
2.3906772
2.3916743
0.0
0.033091057
0.47076452
0.66566443
0.7184101
0.8993361
1.0837433
1.2176619
1.4208118
1.491724
1.5446833
1.6744632
1.795247
1.8565135
1.8868593
1.960906
2.0224082
2.042779
2.075213
2.1219854
2.1380064
2.1700466
2.175539
2.2161531
2.257387
2.2906196
2.2948189
2.3295176
2.3619058
2.3870342
2.3926258
2.393197
2.417035
2.440604
2.4631305
2.4645848
2.48495
2.5060055
2.526585
2.5464907
2.546725
2.5666056
2.5858338
2.6044924
2.6227248
2.6371565
2.6405442
2.6580644
2.663492
2.673476
2.687917
2.7021873
2.7162979
2.7303085
2.7439554
2.7442353
2.7525063
2.75778
2.7702606
2.782408
2.7941442
2.8055577
2.8167684
2.8281617
2.8400803
2.8514802
2.8543246
0.0
0.08759048
0.53505486
0.73111105
0.79774874
1.2013898
1.2730665
1.488356
1.530168
1.621766
1.721631
1.8000165
1.8514903
1.8638085
1.8667567
1.9246335
1.9754637
2.0195274
2.0589666
2.0946388
2.1272728
2.15775
2.1865506
2.214016
2.240275
2.251777
2.261602
2.282629
2.2865286
0.0
-0.44823197
0.004031042
0.29362175
0.53382325
0.7569488
0.8412767
1.0625857
1.1816655
1.4151654
1.4273612
1.7489473
1.7516357
1.80729
2.045822
2.0559354
2.0782669
2.1986825
2.2970395
2.2987187
2.379643
2.4435883
2.4962678
2.5187395
2.5412478
2.5804589
2.6152039
2.6465867
2.675439
2.702458
2.7280335
2.752369
2.7756908
2.7981808
2.8200178
2.8412898
2.8618498
2.8815045
2.9002697
2.9015446
2.918089
2.9353209
2.9520493
2.968417
2.9845195
2.9886236
3.0003343
3.015971
3.0314994
3.0470014
3.051001
3.0624595
3.0777748
3.092927
3.1059537
3.10795
3.1229014
3.1378043
3.152718
3.1578326
3.1677275
3.1828475
3.1981459
3.2086568
3.213813
3.2300227
3.2326427
3.2431452
3.2538333
3.256304
3.2703733
3.2853606
3.2970936
3.3014374
3.318932
3.3356793
3.3375454
3.342588
3.3541505
3.372774
3.3801794
3.3930836
3.3934908
3.411264
3.4130754
3.4246466
3.4350896
3.4373012
3.4454868
3.4587228
3.4593015
3.4597602
3.4610054
