<VTKFile type="UnstructuredGrid" version="1.0" byte_order="LittleEndian" header_type="UInt64">
  <UnstructuredGrid>
    <Piece NumberOfPoints="6630" NumberOfCells="6468">
      <CellData Scalars="Water Table">
        <DataArray type="Float64" Name="Heads" format="ascii">
          116.2642822265625 116.26256561279297 116.25870513916016 116.25201416015625 116.24011993408203 116.22637939453125 116.20965576171875 116.1891098022461 116.16476440429688 116.13783264160156 116.10791015625 116.0746078491211 116.03791046142578 115.99903869628906 115.95825958251953 115.91594696044922 115.87129211425781 115.8239974975586 115.7746353149414 115.72366333007812 115.6709976196289
          115.61669158935547 115.56048583984375 115.5043716430664 115.44668579101562 115.386474609375 115.32191467285156 115.2506103515625 115.17191314697266 115.08676147460938 114.99490356445312 114.89969635009766 114.80036926269531 114.69669342041016 114.58840942382812 114.47737121582031 114.36250305175781 114.24281311035156 114.11624908447266 113.98392486572266 113.84869384765625
          113.7086410522461 113.5635757446289 113.41390991210938 113.25810241699219 113.1001968383789 112.93959045410156 112.77537536621094 112.60440826416016 112.4283447265625 112.24681854248047 112.06066131591797 111.8699951171875 111.67446899414062 111.47850799560547 111.28054809570312 111.08216857910156 110.88346862792969 110.68558502197266 110.48429107666016 110.27906036376953
          110.07095336914062 109.8565673828125 109.63754272460938 109.4106674194336 109.17979431152344 108.94342041015625 108.70536041259766 108.445068359375 108.17826843261719 107.90607452392578 107.61858367919922 107.31986236572266 106.9992904663086 106.62979125976562 106.21942901611328 105.80107879638672 105.40724182128906 105.07554626464844 104.80314636230469 104.60237884521484
          104.41107177734375 104.7137451171875 104.81382751464844 116.25537109375 116.25365447998047 116.24954223632812 116.24098205566406 116.23014831542969 116.21662902832031 116.19969177246094 116.17884063720703 116.15463256835938 116.12726593017578 116.09712982177734 116.0638427734375 116.0271224975586 115.9885482788086 115.94834899902344 115.90604400634766 115.86193084716797
          115.81465148925781 115.76557159423828 115.71485900878906 115.66252899169922 115.60945129394531 115.5541000366211 115.49861907958984 115.44036865234375 115.37957763671875 115.31442260742188 115.24260711669922 115.16183471679688 115.07662963867188 114.98612213134766 114.89141082763672 114.79236602783203 114.68898010253906 114.58069610595703 114.46902465820312 114.35400390625
          114.23407745361328 114.10797119140625 113.97638702392578 113.84146118164062 113.7015609741211 113.55551147460938 113.40672302246094 113.25372314453125 113.09609985351562 112.93516540527344 112.77122497558594 112.60053253173828 112.42456817626953 112.24425506591797 112.05787658691406 111.86709594726562 111.67272186279297 111.47754669189453 111.2802963256836 111.08272552490234
          110.88546752929688 110.6871566772461 110.48709869384766 110.28340911865234 110.07684326171875 109.86309814453125 109.64346313476562 109.41928100585938 109.18939208984375 108.95539093017578 108.71935272216797 108.4651107788086 108.19808959960938 107.92200469970703 107.64102172851562 107.3418197631836 107.0140609741211 106.65337371826172 106.23851776123047 105.78763580322266
          105.36050415039062 105.01593017578125 104.72708892822266 104.4157943725586 104.69702911376953 104.83897399902344 104.91065216064453 116.23675537109375 116.2348861694336 116.23041534423828 116.22097778320312 116.20987701416016 116.196044921875 116.17872619628906 116.15760040283203 116.13355255126953 116.10617065429688 116.07532501220703 116.04193115234375 116.00570678710938
          115.96734619140625 115.92760467529297 115.88622283935547 115.8428726196289 115.79617309570312 115.74734497070312 115.69671630859375 115.64552307128906 115.59407806396484 115.54031372070312 115.48487091064453 115.42626953125 115.36421966552734 115.29666900634766 115.22372436523438 115.14436340332031 115.0594253540039 114.96932220458984 114.87525939941406 114.77677154541016
          114.67322540283203 114.5654525756836 114.45332336425781 114.33757781982422 114.21752166748047 114.09186553955078 113.96134948730469 113.82666015625 113.68775939941406 113.54240417480469 113.39440155029297 113.2417984008789 113.08698272705078 112.92791748046875 112.76261901855469 112.5926513671875 112.41798400878906 112.2385025024414 112.05199432373047 111.86190032958984
          111.66934204101562 111.47547912597656 111.28012084960938 111.08558654785156 110.890625 110.69310760498047 110.49423217773438 110.29168701171875 110.08755493164062 109.87541198730469 109.65850830078125 109.43721008300781 109.2112808227539 108.98143768310547 108.74140930175781 108.49535369873047 108.23621368408203 107.97071075439453 107.68606567382812 107.38577270507812
          107.06242370605469 106.69148254394531 106.27357482910156 105.76449584960938 105.22718048095703 104.90140533447266 104.51954650878906 104.8150405883789 104.94873809814453 105.03799438476562 105.08830261230469 116.20779418945312 116.20579528808594 116.19894409179688 116.19060516357422 116.17913055419922 116.16487884521484 116.14720153808594 116.1257095336914 116.1017074584961
          116.07441711425781 116.04281616210938 116.00916290283203 115.97341918945312 115.93516540527344 115.8959732055664 115.85494995117188 115.81328582763672 115.76736450195312 115.71890258789062 115.67009735107422 115.61975860595703 115.5684585571289 115.51593780517578 115.45999908447266 115.4005126953125 115.33738708496094 115.27055358886719 115.19783020019531 115.11902618408203
          115.03460693359375 114.94551086425781 114.85153198242188 114.75279235839844 114.64948272705078 114.54181671142578 114.4298095703125 114.3128662109375 114.19270324707031 114.06803894042969 113.93916320800781 113.80484771728516 113.66731262207031 113.5235366821289 113.37601470947266 113.22599029541016 113.07237243652344 112.91541290283203 112.75132751464844 112.58170318603516
          112.40870666503906 112.23055267333984 112.04396057128906 111.85490417480469 111.66402435302734 111.47286224365234 111.28194427490234 111.09070587158203 110.89769744873047 110.70260620117188 110.505126953125 110.30410766601562 110.10102081298828 109.89493560791016 109.6808853149414 109.4643783569336 109.24436950683594 109.0179214477539 108.78427124023438 108.54016876220703
          108.2929458618164 108.03064727783203 107.75534057617188 107.45880126953125 107.14986419677734 106.7833251953125 106.35121154785156 105.76984405517578 104.54488372802734 104.8134536743164 105.06717681884766 105.166259765625 105.23968505859375 105.29380798339844 105.32396697998047 116.16724395751953 116.16297149658203 116.1574478149414 116.14895629882812 116.13736724853516
          116.12238311767578 116.10354614257812 116.08193969726562 116.05864715576172 116.03033447265625 115.99874877929688 115.96541595458984 115.92929077148438 115.89198303222656 115.8533706665039 115.8135757446289 115.77272033691406 115.72811889648438 115.68104553222656 115.6333999633789 115.58377075195312 115.5337905883789 115.48249053955078 115.42596435546875 115.36603546142578
          115.30269622802734 115.23532104492188 115.1632308959961 115.085205078125 115.00204467773438 114.91363525390625 114.81949615478516 114.720458984375 114.61697387695312 114.50938415527344 114.39741516113281 114.28075408935547 114.16091918945312 114.03743743896484 113.90924835205078 113.77682495117188 113.64006042480469 113.49766540527344 113.35362243652344 113.20509338378906
          113.05361938476562 112.89698791503906 112.73565673828125 112.57026672363281 112.399169921875 112.22188568115234 112.0335922241211 111.84736633300781 111.66060638427734 111.47209930419922 111.28549194335938 111.09679412841797 110.90650177001953 110.7141342163086 110.51779174804688 110.32101440429688 110.12108612060547 109.9195327758789 109.71003723144531 109.49815368652344
          109.28246307373047 109.06241607666016 108.83723449707031 108.60063934326172 108.36548614501953 108.1119613647461 107.84425354003906 107.56285858154297 107.27025604248047 106.9461441040039 106.56324005126953 106.11736297607422 105.63660430908203 105.53594207763672 105.52649688720703 105.543212890625 105.56826782226562 105.59143829345703 105.60372161865234 116.11328887939453
          116.10990905761719 116.10381317138672 116.09485626220703 116.08284759521484 116.06765747070312 116.04924774169922 116.0264663696289 116.00233459472656 115.97410583496094 115.94354248046875 115.91036224365234 115.87550354003906 115.83805084228516 115.79967498779297 115.7610855102539 115.7212142944336 115.67807006835938 115.63245391845703 115.58612823486328 115.53732299804688
          115.48841094970703 115.43742370605469 115.38090515136719 115.32160186767578 115.2593994140625 115.1923599243164 115.12101745605469 115.04376983642578 114.96121978759766 114.87333679199219 114.7787094116211 114.68048858642578 114.57693481445312 114.46807861328125 114.3561019897461 114.24079132080078 114.12240600585938 113.99980163574219 113.87228393554688 113.74122619628906
          113.60676574707031 113.46730041503906 113.32524108886719 113.17877960205078 113.02994537353516 112.87615203857422 112.71670532226562 112.55502319335938 112.38641357421875 112.21170806884766 112.02861785888672 111.84623718261719 111.65946197509766 111.47504425048828 111.28955841064453 111.1038818359375 110.9169921875 110.72726440429688 110.5364990234375 110.34306335449219
          110.14704895019531 109.949462890625 109.74319458007812 109.53688049316406 109.32825469970703 109.11520385742188 108.89563751220703 108.6706314086914 108.44554138183594 108.20779418945312 107.95358276367188 107.6922607421875 107.41669464111328 107.12284851074219 106.82292175292969 106.49459838867188 106.1993637084961 106.04518127441406 105.96324157714844 105.92700958251953
          105.9115982055664 105.909423828125 105.91072082519531 116.04943084716797 116.04554748535156 116.03898620605469 116.02977752685547 116.01692199707031 116.00080871582031 115.98145294189453 115.95945739746094 115.93311309814453 115.90492248535156 115.87479400634766 115.84259033203125 115.8093490600586 115.77291107177734 115.7352294921875 115.69719696044922 115.65840911865234
          115.61650085449219 115.5723876953125 115.5275650024414 115.48087310791016 115.43313598632812 115.3820571899414 115.32566833496094 115.2666244506836 115.20453643798828 115.13814544677734 115.0690689086914 114.9932861328125 114.91192626953125 114.82435607910156 114.73054504394531 114.6315689086914 114.52672576904297 114.41786193847656 114.30717468261719 114.19300842285156
          114.0754165649414 113.95472717285156 113.82817840576172 113.69889068603516 113.56658935546875 113.4305419921875 113.29036712646484 113.14830780029297 113.00139617919922 112.85070037841797 112.69596862792969 112.53758239746094 112.3731918334961 112.20053100585938 112.02313995361328 111.84378814697266 111.6629409790039 111.4814453125 111.2998046875 111.11585998535156
          110.9307861328125 110.74588012695312 110.56046295166016 110.37202453613281 110.18222045898438 109.98746490478516 109.78666687011719 109.58621215820312 109.38368225097656 109.1781005859375 108.9662094116211 108.75159454345703 108.53704833984375 108.3141860961914 108.0823974609375 107.84716796875 107.58586883544922 107.3319091796875 107.07891082763672 106.826416015625
          106.60673522949219 106.46288299560547 106.3658676147461 106.29882049560547 106.25950622558594 106.23539733886719 106.22767639160156 115.97273254394531 115.96903991699219 115.96129608154297 115.95061492919922 115.93710327148438 115.9200439453125 115.89989471435547 115.87741088867188 115.85147094726562 115.8225326538086 115.7923355102539 115.76201629638672 115.72992706298828
          115.69519805908203 115.65840911865234 115.6211166381836 115.58307647705078 115.54269409179688 115.50116729736328 115.45824432373047 115.41336059570312 115.36620330810547 115.31558990478516 115.26036071777344 115.20275115966797 115.14130401611328 115.07589721679688 115.00689697265625 114.93192291259766 114.85031127929688 114.7639389038086 114.67129516601562 114.57209777832031
          114.46873474121094 114.3598403930664 114.24923706054688 114.13660430908203 114.02072143554688 113.90070343017578 113.77740478515625 113.65067291259766 113.52025604248047 113.38723754882812 113.25139617919922 113.1124496459961 112.96886444091797 112.82186889648438 112.67089080810547 112.5174789428711 112.3574447631836 112.18838500976562 112.0161361694336 111.84183502197266
          111.667236328125 111.48956298828125 111.31014251708984 111.1319351196289 110.95049285888672 110.77095031738281 110.59294891357422 110.40991973876953 110.2259292602539 110.03687286376953 109.8438720703125 109.64739227294922 109.4504165649414 109.25305938720703 109.05079650878906 108.84588623046875 108.64190673828125 108.43405151367188 108.21980285644531 108.00357818603516
          107.78099060058594 107.55833435058594 107.33195495605469 107.12126922607422 106.9520034790039 106.8117446899414 106.7134780883789 106.63815307617188 106.59354400634766 106.56287384033203 106.54712677001953 115.88274383544922 115.87821960449219 115.87013244628906 115.85862731933594 115.84446716308594 115.8265380859375 115.80596923828125 115.78266143798828 115.75617218017578
          115.72821044921875 115.69829559326172 115.66712188720703 115.63429260253906 115.60079193115234 115.5669937133789 115.53228759765625 115.49591827392578 115.45795440673828 115.4179916381836 115.37657165527344 115.33341979980469 115.28752136230469 115.23766326904297 115.18395233154297 115.12775421142578 115.06838989257812 115.00399017333984 114.93502807617188 114.85997772216797
          114.77896118164062 114.6924819946289 114.59952545166016 114.50303649902344 114.40047454833984 114.29283905029297 114.18250274658203 114.07295227050781 113.95848846435547 113.83995819091797 113.71927642822266 113.59459686279297 113.46736145019531 113.33831024169922 113.20684051513672 113.07130432128906 112.93151092529297 112.788818359375 112.64259338378906 112.4942626953125
          112.33631896972656 112.17327117919922 112.00785827636719 111.8396224975586 111.67047119140625 111.49805450439453 111.32526397705078 111.15050506591797 110.97461700439453 110.80187225341797 110.62890625 110.45366668701172 110.27507781982422 110.09137725830078 109.90562438964844 109.71759796142578 109.52838897705078 109.33859252929688 109.14706420898438 108.95496368408203
          108.76325988769531 108.56938934326172 108.37322998046875 108.17247772216797 107.9736328125 107.78146362304688 107.59639739990234 107.4095458984375 107.25629425048828 107.13461303710938 107.045654296875 106.97615814208984 106.9177017211914 106.88434600830078 106.86703491210938 115.77782440185547 115.77301025390625 115.76449584960938 115.75341796875 115.73857116699219
          115.71985626220703 115.69830322265625 115.67401885986328 115.64755249023438 115.61898040771484 115.58915710449219 115.5584487915039 115.52648162841797 115.49516296386719 115.46331787109375 115.4311752319336 115.39619445800781 115.35953521728516 115.32237243652344 115.28242492675781 115.24210357666016 115.19639587402344 115.14803314208984 115.09673309326172 115.04261016845703
          114.98385620117188 114.92017364501953 114.85189819335938 114.77692413330078 114.69615173339844 114.61097717285156 114.51941680908203 114.42343139648438 114.3235855102539 114.21849060058594 114.11122131347656 114.00279235839844 113.88936614990234 113.77274322509766 113.65524291992188 113.53335571289062 113.40785217285156 113.28398132324219 113.15687561035156 113.02516174316406
          112.88920593261719 112.75157165527344 112.6114273071289 112.46495056152344 112.31180572509766 112.1565170288086 111.9974365234375 111.83682250976562 111.67243957519531 111.50821685791016 111.34200286865234 111.17280578613281 111.00421905517578 110.83692169189453 110.66820526123047 110.49922180175781 110.32811737060547 110.15245819091797 109.9739761352539 109.79385375976562
          109.61622619628906 109.43354034423828 109.25128173828125 109.07015228271484 108.8885269165039 108.71070098876953 108.53215026855469 108.35829162597656 108.18228149414062 107.9985122680664 107.83658599853516 107.6831283569336 107.548583984375 107.43526458740234 107.34705352783203 107.2821044921875 107.22897338867188 107.19392395019531 107.17638397216797 115.65914916992188
          115.65326690673828 115.64418029785156 115.63177490234375 115.61468505859375 115.59638214111328 115.57489776611328 115.55016326904297 115.52332305908203 115.49527740478516 115.46746063232422 115.43820190429688 115.4087142944336 115.3785400390625 115.34832763671875 115.31805419921875 115.28690338134766 115.25311279296875 115.21720886230469 115.17960357666016 115.13975524902344
          115.0946273803711 115.04712677001953 114.99665069580078 114.94397735595703 114.88648986816406 114.82452392578125 114.75665283203125 114.6824722290039 114.60223388671875 114.5184555053711 114.42837524414062 114.33313751220703 114.23579406738281 114.13398742675781 114.028564453125 113.92162322998047 113.81035614013672 113.69609069824219 113.5793685913086 113.46275329589844
          113.34332275390625 113.22376251220703 113.10223388671875 112.97359466552734 112.84248352050781 112.70970153808594 112.57351684570312 112.43205261230469 112.28599548339844 112.1371078491211 111.98571014404297 111.83351135253906 111.67654418945312 111.51887512207031 111.3591079711914 111.19911193847656 111.04032135009766 110.87860870361328 110.71294403076172 110.54930877685547
          110.3853759765625 110.21929168701172 110.04930877685547 109.87837982177734 109.70816802978516 109.537109375 109.36286926269531 109.19042205810547 109.0206298828125 108.85533905029297 108.693359375 108.53766632080078 108.38115692138672 108.22661590576172 108.071044921875 107.93860626220703 107.81858825683594 107.72364807128906 107.63590240478516 107.56673431396484
          107.5235595703125 107.49170684814453 107.47608947753906 115.51851654052734 115.5155029296875 115.50653839111328 115.49211120605469 115.47538757324219 115.4559555053711 115.43457794189453 115.41181182861328 115.38554382324219 115.3590087890625 115.33204650878906 115.30583190917969 115.27918243408203 115.25144958496094 115.22310638427734 115.19554138183594 115.16682434082031
          115.13683319091797 115.1029281616211 115.06748962402344 115.02664184570312 114.98312377929688 114.9377670288086 114.88764190673828 114.83418273925781 114.77751922607422 114.71581268310547 114.64856719970703 114.57489776611328 114.49662017822266 114.41343688964844 114.32572174072266 114.2342758178711 114.13839721679688 114.03732299804688 113.93449401855469 113.82919311523438
          113.72064208984375 113.60942077636719 113.49723052978516 113.38573455810547 113.27117156982422 113.15655517578125 113.03807067871094 112.91490936279297 112.7890853881836 112.6619644165039 112.53166961669922 112.39647674560547 112.25811767578125 112.11701965332031 111.97355651855469 111.828857421875 111.6805191040039 111.53009796142578 111.3785171508789 111.22684478759766
          111.0777587890625 110.92486572265625 110.76319122314453 110.60623168945312 110.44908142089844 110.29167938232422 110.13258361816406 109.97119903564453 109.80946350097656 109.64643859863281 109.48306274414062 109.3211898803711 109.16043853759766 109.00654602050781 108.85931396484375 108.71866607666016 108.58319091796875 108.4432601928711 108.30235290527344 108.17566680908203
          108.07040405273438 107.97343444824219 107.91246795654297 107.84957122802734 107.80860900878906 107.77938842773438 107.76477813720703 115.36245727539062 115.35712432861328 115.34895324707031 115.3353500366211 115.31956481933594 115.30096435546875 115.28035736083984 115.26062774658203 115.2347412109375 115.20922088623047 115.18463134765625 115.16061401367188 115.13623809814453
          115.11136627197266 115.08650207519531 115.06098937988281 115.03353881835938 115.00555419921875 114.9752426147461 114.94071197509766 114.9023666381836 114.86225128173828 114.81832885742188 114.77017211914062 114.71771240234375 114.66048431396484 114.59789276123047 114.5293197631836 114.45580291748047 114.37853240966797 114.29718017578125 114.21199035644531 114.12490844726562
          114.03279876708984 113.93498229980469 113.83528900146484 113.7328872680664 113.6259765625 113.51696014404297 113.40927124023438 113.3018798828125 113.19209289550781 113.08112335205078 112.96648406982422 112.8481216430664 112.72946166992188 112.60891723632812 112.48479461669922 112.35755920410156 112.22758483886719 112.09536743164062 111.96046447753906 111.82416534423828
          111.68344116210938 111.54019927978516 111.3987808227539 111.25755310058594 111.11517333984375 110.97077178955078 110.81928253173828 110.66764831542969 110.5182876586914 110.36943054199219 110.22054290771484 110.06817626953125 109.91398620605469 109.7598648071289 109.60797119140625 109.45584869384766 109.3061294555664 109.1632080078125 109.03115844726562 108.90331268310547
          108.78172302246094 108.6556167602539 108.53086853027344 108.41468048095703 108.31407928466797 108.23352813720703 108.16957092285156 108.1185073852539 108.08092498779297 108.05561065673828 108.04456329345703 115.19161224365234 115.18672180175781 115.17788696289062 115.16484069824219 115.14865112304688 115.13063049316406 115.11046600341797 115.09454345703125 115.07406616210938
          115.05256652832031 115.02955627441406 115.00606536865234 114.98260498046875 114.95918273925781 114.93565368652344 114.91094207763672 114.88628387451172 114.85963439941406 114.83226013183594 114.80302429199219 114.7691421508789 114.72972106933594 114.68781280517578 114.640625 114.58857727050781 114.53174591064453 114.46953582763672 114.40249633789062 114.32975769042969
          114.25325775146484 114.1725845336914 114.08946990966797 114.00543212890625 113.91816711425781 113.82467651367188 113.72566986083984 113.62519073486328 113.52195739746094 113.4168701171875 113.3135986328125 113.2098617553711 113.10491180419922 112.99803161621094 112.88778686523438 112.77668762207031 112.66431427001953 112.55020904541016 112.43401336669922 112.31534576416016
          112.19459533691406 112.07115173339844 111.94556427001953 111.81757354736328 111.68522644042969 111.55192565917969 111.4196548461914 111.28780364990234 111.15357208251953 111.01573181152344 110.87503814697266 110.73504638671875 110.59375 110.4528579711914 110.31229400634766 110.16571044921875 110.02113342285156 109.87625885009766 109.73320770263672 109.59315490722656
          109.45731353759766 109.32471466064453 109.20298767089844 109.08761596679688 108.97534942626953 108.86690521240234 108.75496673583984 108.64725494384766 108.55811309814453 108.4854965209961 108.42420959472656 108.37641906738281 108.34454345703125 108.32608032226562 108.31195068359375 115.00779724121094 115.00337982177734 114.99380493164062 114.98311614990234 114.96854400634766
          114.95428466796875 114.9368896484375 114.91459655761719 114.89503479003906 114.8770523071289 114.85794067382812 114.83953857421875 114.81897735595703 114.79766082763672 114.77420043945312 114.75103759765625 114.7286605834961 114.7041244506836 114.67990112304688 114.6530990600586 114.62249755859375 114.58329010009766 114.54215240478516 114.49716186523438 114.44735717773438
          114.39202117919922 114.3307113647461 114.26454162597656 114.19417572021484 114.11970520019531 114.0430679321289 113.96233367919922 113.87864685058594 113.79290771484375 113.70165252685547 113.60618591308594 113.50885772705078 113.40899658203125 113.31022644042969 113.21102905273438 113.1112289428711 113.0099105834961 112.90740203857422 112.80365753173828 112.69865417480469
          112.59326171875 112.48699188232422 112.37883758544922 112.26969909667969 112.15841674804688 112.04396057128906 111.92805480957031 111.80908966064453 111.68623352050781 111.56291198730469 111.44097137451172 111.31783294677734 111.19110870361328 111.06317138671875 110.931884765625 110.80342864990234 110.67259216308594 110.53827667236328 110.4028091430664 110.2681655883789
          110.1313705444336 109.99539947509766 109.8621826171875 109.73267364501953 109.6065902709961 109.48838806152344 109.37674713134766 109.27108001708984 109.16979217529297 109.07322692871094 108.9714584350586 108.875732421875 108.79466247558594 108.72895812988281 108.67544555664062 108.63237762451172 108.60293579101562 108.58483123779297 108.57757568359375 114.81587982177734
          114.81180572509766 114.80364990234375 114.79325103759766 114.77964782714844 114.7646484375 114.74835205078125 114.73001098632812 114.71231079101562 114.69550323486328 114.6780014038086 114.65652465820312 114.6371078491211 114.61717987060547 114.59711456298828 114.57575988769531 114.55829620361328 114.5391845703125 114.51557922363281 114.48834991455078 114.45912170410156
          114.42528533935547 114.38521575927734 114.34137725830078 114.29226684570312 114.23835754394531 114.17965698242188 114.11490631103516 114.04713439941406 113.9764404296875 113.90193939208984 113.82380676269531 113.74320983886719 113.65833282470703 113.56834411621094 113.47637176513672 113.38243103027344 113.2872085571289 113.19295501708984 113.09932708740234 113.00533294677734
          112.90713500976562 112.80860900878906 112.71273803710938 112.6151123046875 112.51822662353516 112.41934967041016 112.32027435302734 112.22006225585938 112.11878204345703 112.0143814086914 111.90670776367188 111.79842376708984 111.68555450439453 111.57270050048828 111.46138763427734 111.34748840332031 111.22994232177734 111.11056518554688 110.99128723144531 110.87266540527344
          110.7492446899414 110.62398529052734 110.49674987792969 110.36966705322266 110.24195098876953 110.115478515625 109.99179077148438 109.87263488769531 109.75865173339844 109.64915466308594 109.54508209228516 109.44892120361328 109.36038970947266 109.27376556396484 109.18384552001953 109.09741973876953 109.02128601074219 108.96585845947266 108.91802978515625 108.88117980957031
          108.85403442382812 108.83401489257812 108.8259048461914 114.61361694335938 114.6092529296875 114.6031265258789 114.59195709228516 114.57892608642578 114.56262969970703 114.54918670654297 114.53441619873047 114.5191650390625 114.50282287597656 114.48493957519531 114.46623992919922 114.44610595703125 114.42817687988281 114.40972137451172 114.39320373535156 114.37796783447266
          114.36156463623047 114.33997344970703 114.3157730102539 114.28749084472656 114.25541687011719 114.22016906738281 114.1774673461914 114.1280517578125 114.07567596435547 114.0168228149414 113.95486450195312 113.88945770263672 113.82139587402344 113.74923706054688 113.6740493774414 113.5973129272461 113.51811218261719 113.42786407470703 113.33763885498047 113.24785614013672
          113.15744018554688 113.06874084472656 112.97969818115234 112.89013671875 112.80037689208984 112.70943450927734 112.61820983886719 112.52775573730469 112.43792724609375 112.34761047363281 112.25787353515625 112.167236328125 112.07516479492188 111.97930145263672 111.88263702392578 111.7845458984375 111.68256378173828 111.5811538696289 111.47986602783203 111.37596130371094
          111.26846313476562 111.15929412841797 111.05049133300781 110.93954467773438 110.82428741455078 110.70823669433594 110.59105682373047 110.47203826904297 110.3521728515625 110.23628234863281 110.12275695800781 110.01306915283203 109.90821838378906 109.80836486816406 109.71365356445312 109.62538146972656 109.54713439941406 109.46781921386719 109.38679504394531 109.30843353271484
          109.24427795410156 109.19393920898438 109.1548843383789 109.12190246582031 109.09809112548828 109.0809097290039 109.07362365722656 114.39926147460938 114.39683532714844 114.3898696899414 114.37893676757812 114.36709594726562 114.35440063476562 114.34010314941406 114.32662200927734 114.31287384033203 114.2972183227539 114.28163146972656 114.26541137695312 114.24868774414062
          114.23121643066406 114.21534729003906 114.20233154296875 114.1891860961914 114.17628479003906 114.15779876708984 114.13420104980469 114.10538482666016 114.07550048828125 114.04064178466797 113.99833679199219 113.95165252685547 113.90142059326172 113.84657287597656 113.7867660522461 113.72334289550781 113.6552963256836 113.58599853515625 113.51429748535156 113.43863677978516
          113.35963439941406 113.27672576904297 113.19086456298828 113.10384368896484 113.01895141601562 112.93522644042969 112.85205078125 112.76780700683594 112.68293762207031 112.5987319946289 112.51510620117188 112.43293762207031 112.3524398803711 112.272216796875 112.19220733642578 112.110107421875 112.02609252929688 111.93839263916016 111.85458374023438 111.76776123046875
          111.67665100097656 111.58698272705078 111.4956283569336 111.40205383300781 111.3055419921875 111.20790100097656 111.1065902709961 111.00381469726562 110.89826202392578 110.7917251586914 110.68304443359375 110.57453918457031 110.46479797363281 110.35615539550781 110.25061798095703 110.15142822265625 110.05623626708984 109.96533203125 109.8796615600586 109.80198669433594
          109.72846984863281 109.65665435791016 109.58619689941406 109.51896667480469 109.46170806884766 109.4157485961914 109.38324737548828 109.35514068603516 109.33946228027344 109.3307876586914 109.32487487792969 114.17766571044922 114.17497253417969 114.16837310791016 114.15918731689453 114.14826965332031 114.13658142089844 114.12247467041016 114.10846710205078 114.0959243774414
          114.0820541381836 114.06939697265625 114.05587768554688 114.04232788085938 114.02727508544922 114.0157699584961 114.00507354736328 113.99109649658203 113.97789001464844 113.96101379394531 113.94023895263672 113.91570281982422 113.88587951660156 113.85047912597656 113.81015014648438 113.76542663574219 113.71704864501953 113.66217041015625 113.60617065429688 113.5452651977539
          113.48080444335938 113.41426086425781 113.34546661376953 113.27271270751953 113.19383239746094 113.11321258544922 113.03215026855469 112.95001220703125 112.87178802490234 112.79332733154297 112.71556854248047 112.63632202148438 112.5578384399414 112.4813003540039 112.40631103515625 112.33321380615234 112.26148986816406 112.19091033935547 112.11919403076172 112.04698181152344
          111.97376251220703 111.89979553222656 111.82367706298828 111.74537658691406 111.66743469238281 111.5890884399414 111.5081558227539 111.42478942871094 111.33955383300781 111.2525863647461 111.16089630126953 111.06539916992188 110.96939086914062 110.87250518798828 110.77444458007812 110.6749038696289 110.57579803466797 110.47562408447266 110.3802719116211 110.29075622558594
          110.20345306396484 110.12206268310547 110.0455551147461 109.97329711914062 109.90743255615234 109.84467315673828 109.77934265136719 109.72399139404297 109.67573547363281 109.63574981689453 109.6056900024414 109.58637237548828 109.57423400878906 109.5672836303711 109.56363677978516 113.94963073730469 113.94695281982422 113.94122314453125 113.93280029296875 113.92208862304688
          113.91006469726562 113.89643859863281 113.88380432128906 113.87202453613281 113.86116027832031 113.85025024414062 113.83967590332031 113.82766723632812 113.81559753417969 113.80340576171875 113.79564666748047 113.78382873535156 113.77135467529297 113.75563049316406 113.73487091064453 113.70938110351562 113.68077850341797 113.64680480957031 113.6087417602539 113.56452178955078
          113.51725006103516 113.46553802490234 113.41112518310547 113.35281372070312 113.29159545898438 113.2276382446289 113.1601333618164 113.08992767333984 113.01532745361328 112.93972778320312 112.86412811279297 112.79072570800781 112.71735382080078 112.64453125 112.57035827636719 112.49784851074219 112.4266128540039 112.35770416259766 112.29180908203125 112.2280502319336
          112.1661605834961 112.10406494140625 112.04157257080078 111.97954559326172 111.91706848144531 111.85306549072266 111.7882308959961 111.7216796875 111.65424346923828 111.58611297607422 111.51589965820312 111.44329833984375 111.36917877197266 111.29254913330078 111.2109375 111.1255111694336 111.03909301757812 110.95136260986328 110.86421203613281 110.77474212646484
          110.68533325195312 110.59674072265625 110.51073455810547 110.42789459228516 110.35022735595703 110.27505493164062 110.2069320678711 110.14291381835938 110.08392333984375 110.02601623535156 109.97258758544922 109.92398834228516 109.88200378417969 109.84678649902344 109.82347869873047 109.81037902832031 109.80033111572266 109.79532623291016 109.79387664794922 113.7161865234375
          113.71285247802734 113.70832824707031 113.70079040527344 113.68879699707031 113.67679595947266 113.66390991210938 113.65219116210938 113.64120483398438 113.63166046142578 113.6226806640625 113.61457824707031 113.60611724853516 113.59640502929688 113.58704376220703 113.57715606689453 113.57122802734375 113.55774688720703 113.53978729248047 113.5193099975586 113.49567413330078
          113.46643829345703 113.4333724975586 113.39444732666016 113.35359954833984 113.30704498291016 113.25791931152344 113.2042465209961 113.14800262451172 113.08930206298828 113.0280532836914 112.96463775634766 112.89981842041016 112.83137512207031 112.76419830322266 112.69474792480469 112.62683868408203 112.55767822265625 112.48926544189453 112.42023468017578 112.35387420654297
          112.28880310058594 112.22904205322266 112.17386627197266 112.1185531616211 112.06465148925781 112.01202392578125 111.96005249023438 111.90805053710938 111.85565185546875 111.80229187011719 111.74712371826172 111.6922607421875 111.63711547851562 111.57878875732422 111.51898956298828 111.45770263671875 111.39458465576172 111.32733154296875 111.25628662109375 111.18193817138672
          111.10576629638672 111.02947235107422 110.95088195800781 110.87213897705078 110.79383850097656 110.71588134765625 110.63851928710938 110.56475067138672 110.49439239501953 110.42872619628906 110.36695861816406 110.30803680419922 110.25623321533203 110.20738220214844 110.16091918945312 110.11993408203125 110.08541870117188 110.05982971191406 110.04206848144531 110.02928161621094
          110.02047729492188 110.01653289794922 110.01750946044922 113.47614288330078 113.47466278076172 113.46978759765625 113.46099853515625 113.45045471191406 113.43785095214844 113.42694854736328 113.41546630859375 113.40772247314453 113.4004135131836 113.39300537109375 113.38631439208984 113.37982177734375 113.3737564086914 113.36907196044922 113.36331176757812 113.3554916381836
          113.3432846069336 113.32432556152344 113.30188751220703 113.27645111083984 113.24579620361328 113.2114486694336 113.17450714111328 113.1335220336914 113.08683013916016 113.03755187988281 112.986328125 112.9318618774414 112.87623596191406 112.8191146850586 112.76058959960938 112.69996643066406 112.63885498046875 112.57576751708984 112.51339721679688 112.45083618164062
          112.38763427734375 112.3255386352539 112.26612854003906 112.20841979980469 112.15254974365234 112.09886169433594 112.04837036132812 112.00424194335938 111.95970916748047 111.91608428955078 111.87390899658203 111.83270263671875 111.790283203125 111.74727630615234 111.7034683227539 111.65843200683594 111.6144027709961 111.56670379638672 111.517578125 111.46692657470703
          111.41409301757812 111.3573226928711 111.29718017578125 111.23471069335938 111.1694564819336 111.10356903076172 111.03668975830078 110.96797180175781 110.89869689941406 110.83179473876953 110.76423645019531 110.69789123535156 110.63687896728516 110.57889556884766 110.51961517333984 110.470458984375 110.4273910522461 110.38526153564453 110.3481216430664 110.31503295898438
          110.2888412475586 110.27285766601562 110.25811767578125 110.24657440185547 110.23552703857422 110.23390197753906 110.23626708984375 113.23431396484375 113.2335433959961 113.22958374023438 113.22050476074219 113.21064758300781 113.19934844970703 113.18841552734375 113.17857360839844 113.17103576660156 113.1674575805664 113.1633529663086 113.1583023071289 113.1537094116211
          113.14979553222656 113.14700317382812 113.14518737792969 113.136962890625 113.12452697753906 113.10753631591797 113.08536529541016 113.05650329589844 113.02344512939453 112.98738861083984 112.94739532470703 112.90322875976562 112.85757446289062 112.80979919433594 112.76005554199219 112.70823669433594 112.65416717529297 112.60031127929688 112.5463638305664 112.49190521240234
          112.43598175048828 112.37945556640625 112.32295227050781 112.2663803100586 112.211181640625 112.15762329101562 112.10577392578125 112.05633544921875 112.01005554199219 111.9665298461914 111.9272689819336 111.88753509521484 111.84915161132812 111.81480407714844 111.78353881835938 111.75240325927734 111.72012329101562 111.68758392333984 111.65441131591797 111.62176513671875
          111.58644104003906 111.54969024658203 111.51119232177734 111.47103118896484 111.42862701416016 111.38232421875 111.33360290527344 111.28207397460938 111.22837829589844 111.17313385009766 111.1177978515625 111.06045532226562 111.0019760131836 110.94249725341797 110.88500213623047 110.82936096191406 110.77519989013672 110.72239685058594 110.671875 110.63127136230469
          110.59405517578125 110.56045532226562 110.53125762939453 110.50740814208984 110.49130249023438 110.47895050048828 110.46797180175781 110.45962524414062 110.45284271240234 110.4496841430664 110.45048522949219 112.99394226074219 112.9896240234375 112.9856185913086 112.9786376953125 112.96883392333984 112.95926666259766 112.9496078491211 112.94188690185547 112.9352035522461
          112.93008422851562 112.9303970336914 112.92967987060547 112.92591857910156 112.9241943359375 112.92558288574219 112.9262466430664 112.91828155517578 112.90594482421875 112.88645935058594 112.8625259399414 112.8333511352539 112.79949951171875 112.76182556152344 112.71929931640625 112.67361450195312 112.62590026855469 112.5771255493164 112.5262680053711 112.4742202758789
          112.4234848022461 112.37397003173828 112.32426452636719 112.27381896972656 112.22425842285156 112.17466735839844 112.12498474121094 112.07640075683594 112.02909088134766 111.98336029052734 111.94095611572266 111.90007019042969 111.86254119873047 111.82868957519531 111.7959976196289 111.76641082763672 111.73947143554688 111.71411895751953 111.69002532958984 111.6671371459961
          111.64418029785156 111.62287139892578 111.60213470458984 111.57845306396484 111.55432891845703 111.52774810791016 111.499755859375 111.46995544433594 111.43772888183594 111.40247344970703 111.36451721191406 111.3241958618164 111.28215789794922 111.2384033203125 111.19343566894531 111.14733123779297 111.0997314453125 111.05094146728516 111.00184631347656 110.95516204833984
          110.90866088867188 110.86176300048828 110.82202911376953 110.78662109375 110.75690460205078 110.73300170898438 110.71227264404297 110.69837188720703 110.6871337890625 110.67849731445312 110.6736831665039 110.66927337646484 110.66637420654297 110.66555786132812 110.6639404296875 112.74275207519531 112.74101257324219 112.7359848022461 112.73126220703125 112.72432708740234
          112.71569061279297 112.70807647705078 112.70113372802734 112.69519805908203 112.69129180908203 112.69208526611328 112.69564819335938 112.697509765625 112.70126342773438 112.70613098144531 112.70472717285156 112.69677734375 112.68303680419922 112.66182708740234 112.63628387451172 112.60572052001953 112.5698013305664 112.53001403808594 112.4869613647461 112.44189453125
          112.3934555053711 112.34457397460938 112.29385375976562 112.24288940429688 112.19473266601562 112.14620971679688 112.0982437133789 112.05191802978516 112.00651550292969 111.96155548095703 111.91963195800781 111.87979125976562 111.84052276611328 111.80360412597656 111.76927185058594 111.7396240234375 111.71300506591797 111.68889617919922 111.66553497314453 111.64390563964844
          111.62455749511719 111.60722351074219 111.59243774414062 111.57926940917969 111.5673828125 111.55615234375 111.54511260986328 111.5323257446289 111.51747131347656 111.50090026855469 111.48333740234375 111.46382141113281 111.44171142578125 111.41722869873047 111.39046478271484 111.36134338378906 111.33000946044922 111.29761505126953 111.263916015625 111.22897338867188
          111.19275665283203 111.15487670898438 111.11547088623047 111.07511901855469 111.03564453125 111.00076293945312 110.96969604492188 110.94232177734375 110.91912078857422 110.90132141113281 110.89238739013672 110.88397979736328 110.877685546875 110.87347412109375 110.87240600585938 110.87156677246094 110.87214660644531 110.87278747558594 110.8740005493164 112.49112701416016
          112.48944854736328 112.48640441894531 112.48331451416016 112.47836303710938 112.4731216430664 112.4653091430664 112.4568862915039 112.45610809326172 112.45844268798828 112.46105194091797 112.46480560302734 112.47348022460938 112.48479461669922 112.4919662475586 112.48831939697266 112.47345733642578 112.45329284667969 112.43177795410156 112.40385437011719 112.37181854248047
          112.33589935302734 112.29549407958984 112.25047302246094 112.2030258178711 112.15480041503906 112.10552215576172 112.05670928955078 112.00820922851562 111.9610824584961 111.91673278808594 111.87239074707031 111.83057403564453 111.78946685791016 111.75076293945312 111.71430206298828 111.6791000366211 111.64796447753906 111.61930847167969 111.59622955322266 111.57489776611328
          111.55821990966797 111.5437240600586 111.5306167602539 111.51827239990234 111.50775146484375 111.4983901977539 111.49128723144531 111.48729705810547 111.48529815673828 111.48593139648438 111.48374938964844 111.48078155517578 111.47589111328125 111.46980285644531 111.4619369506836 111.45244598388672 111.44092559814453 111.42713928222656 111.4112777709961 111.39311218261719
          111.37307739257812 111.3514404296875 111.32807159423828 111.30445098876953 111.27847290039062 111.25114440917969 111.22198486328125 111.18984985351562 111.16168975830078 111.13663482666016 111.1151351928711 111.09486389160156 111.07978057861328 111.07186889648438 111.0658950805664 111.06244659423828 111.06034851074219 111.05941772460938 111.06000518798828 111.06282043457031
          111.06568145751953 111.06893157958984 111.069091796875 112.24072265625 112.23875427246094 112.23593139648438 112.23348236083984 112.23191833496094 112.22953796386719 112.22628021240234 112.22621154785156 112.22534942626953 112.22647857666016 112.2330093383789 112.24517822265625 112.26139831542969 112.27296447753906 112.27506256103516 112.26593780517578 112.24686431884766
          112.22138214111328 112.19698333740234 112.16785430908203 112.13381958007812 112.09517669677734 112.05355834960938 112.00811767578125 111.95906829833984 111.9102783203125 111.86238098144531 111.81491088867188 111.76852416992188 111.72498321533203 111.68206787109375 111.64346313476562 111.6070556640625 111.57176208496094 111.53915405273438 111.50855255126953 111.48060607910156
          111.4553451538086 111.43521118164062 111.41780090332031 111.40678405761719 111.39918518066406 111.39384460449219 111.39032745361328 111.38816833496094 111.3871841430664 111.386962890625 111.38814544677734 111.39229583740234 111.39994812011719 111.40924072265625 111.41593170166016 111.4224853515625 111.4286117553711 111.4334945678711 111.43568420410156 111.43656921386719
          111.43529510498047 111.43208312988281 111.4269790649414 111.41986846923828 111.41058349609375 111.39964294433594 111.38712310791016 111.37288665771484 111.35774993896484 111.34127807617188 111.32098388671875 111.30081176757812 111.28237915039062 111.26608276367188 111.253173828125 111.24343872070312 111.23710632324219 111.23471069335938 111.23326873779297 111.23342895507812
          111.23475646972656 111.23766326904297 111.24111938476562 111.24479675292969 111.2489242553711 111.25055694580078 111.25125122070312 111.9890365600586 111.9882583618164 111.98649597167969 111.98652648925781 111.98542785644531 111.98604583740234 111.98664855957031 111.99400329589844 111.99821472167969 112.00160217285156 112.01158905029297 112.02887725830078 112.04312133789062
          112.04976654052734 112.04627990722656 112.03131866455078 112.01152801513672 111.98662567138672 111.9583511352539 111.92591857910156 111.88916015625 111.85028076171875 111.80694580078125 111.76067352294922 111.71312713623047 111.66488647460938 111.61785125732422 111.57073974609375 111.5260009765625 111.48377990722656 111.44615173339844 111.41169738769531 111.3785171508789
          111.34812927246094 111.3226318359375 111.29951477050781 111.28057861328125 111.26488494873047 111.25093078613281 111.24298095703125 111.23986053466797 111.24037170410156 111.24275207519531 111.2479248046875 111.25418090820312 111.26200866699219 111.27141571044922 111.28109741210938 111.2938461303711 111.311279296875 111.32838439941406 111.34388732910156 111.35968017578125
          111.37538146972656 111.3902816772461 111.4043197631836 111.41553497314453 111.42488861083984 111.43231201171875 111.43765258789062 111.44120025634766 111.4428482055664 111.44239044189453 111.44026947021484 111.43651580810547 111.4316177368164 111.423828125 111.4140396118164 111.40426635742188 111.39588165283203 111.38980102539062 111.38510131835938 111.3846664428711
          111.38643646240234 111.38861083984375 111.39151000976562 111.3956069946289 111.40052032470703 111.406982421875 111.41188049316406 111.41801452636719 111.42178344726562 111.42417907714844 111.4251937866211 111.73516082763672 111.73548889160156 111.73662567138672 111.7377700805664 111.74018859863281 111.74127197265625 111.75220489501953 111.7597427368164 111.76628112792969
          111.77507019042969 111.78816986083984 111.80232238769531 111.81082916259766 111.81607055664062 111.81119537353516 111.79285430908203 111.7707290649414 111.74349212646484 111.71332550048828 111.67716979980469 111.63903045654297 111.59822082519531 111.55496978759766 111.51026153564453 111.46284484863281 111.41617584228516 111.36951446533203 111.32369232177734 111.28024291992188
          111.24038696289062 111.20602416992188 111.1748046875 111.14669036865234 111.12201690673828 111.10274505615234 111.08854675292969 111.07701110839844 111.06945037841797 111.06669616699219 111.06809997558594 111.07335662841797 111.08137512207031 111.09215545654297 111.10491180419922 111.11958312988281 111.13607788085938 111.15343475341797 111.1729965209961 111.19437408447266
          111.21748352050781 111.24298858642578 111.2677230834961 111.29266357421875 111.31794738769531 111.34312438964844 111.36685943603516 111.38916778564453 111.40958404541016 111.42784881591797 111.44393920898438 111.45757293701172 111.46928405761719 111.4793701171875 111.48784637451172 111.49455261230469 111.49884033203125 111.50072479248047 111.50257110595703 111.50379180908203
          111.50475311279297 111.5062026977539 111.5102767944336 111.51817321777344 111.52536010742188 111.53328704833984 111.54146575927734 111.54939270019531 111.5579605102539 111.56668853759766 111.57500457763672 111.5829849243164 111.58635711669922 111.5897216796875 111.59091186523438 111.48323822021484 111.48323822021484 111.48474884033203 111.48616790771484 111.49214172363281
          111.50223541259766 111.51298522949219 111.5234603881836 111.53236389160156 111.54464721679688 111.56148529052734 111.57372283935547 111.57970428466797 111.57817840576172 111.5678939819336 111.54910278320312 111.52332305908203 111.49449157714844 111.46308135986328 111.42561340332031 111.38597869873047 111.34252166748047 111.29875946044922 111.25357055664062 111.20808410644531
          111.16256713867188 111.11773681640625 111.07449340820312 111.03385925292969 110.99681854248047 110.9641342163086 110.93665313720703 110.91280364990234 110.89468383789062 110.88130187988281 110.87442779541016 110.87108612060547 110.87327575683594 110.87982940673828 110.8902587890625 110.90292358398438 110.91885375976562 110.93738555908203 110.95819854736328 110.98216247558594
          111.00741577148438 111.0344009399414 111.06328582763672 111.08917236328125 111.12029266357422 111.1529541015625 111.18728637695312 111.2225112915039 111.2574234008789 111.29202270507812 111.32614135742188 111.35862731933594 111.38934326171875 111.41844940185547 111.44547271728516 111.46884155273438 111.49113464355469 111.5116195678711 111.5296401977539 111.5465087890625
          111.56135559082031 111.57505798339844 111.58674621582031 111.59732055664062 111.60636138916016 111.61579895019531 111.62985229492188 111.64337921142578 111.65751647949219 111.67062377929688 111.68295288085938 111.6950454711914 111.70655059814453 111.7187271118164 111.73019409179688 111.73576354980469 111.74205780029297 111.7461929321289 111.74944305419922 111.22771453857422
          111.23053741455078 111.2343521118164 111.24061584472656 111.24944305419922 111.26016235351562 111.26876831054688 111.27667236328125 111.29008483886719 111.31275177001953 111.33045959472656 111.35281372070312 111.34690856933594 111.34008026123047 111.32530975341797 111.30101776123047 111.27520751953125 111.24410247802734 111.20980834960938 111.1716079711914 111.13057708740234
          111.08777618408203 111.04368591308594 110.99747467041016 110.95115661621094 110.90631866455078 110.86141967773438 110.82026672363281 110.7818374633789 110.74640655517578 110.71649169921875 110.6937026977539 110.67786407470703 110.66625213623047 110.65837097167969 110.6563949584961 110.66210174560547 110.6745376586914 110.690673828125 110.70951080322266 110.73108673095703
          110.75300598144531 110.77912139892578 110.80973815917969 110.84209442138672 110.87583923339844 110.91177368164062 110.94599914550781 110.9807357788086 111.01927947998047 111.06132507324219 111.10417175292969 111.14905548095703 111.19422149658203 111.2383041381836 111.28182220458984 111.32403564453125 111.36565399169922 111.40482330322266 111.44156646728516 111.47531127929688
          111.50751495361328 111.53800201416016 111.56725311279297 111.59442138671875 111.61904907226562 111.64266967773438 111.66434478759766 111.68376922607422 111.70198059082031 111.72232055664062 111.7426528930664 111.7630844116211 111.78205871582031 111.80018615722656 111.81735229492188 111.83341979980469 111.84868621826172 111.8628921508789 111.87324523925781 111.88153839111328
          111.88863372802734 111.89366149902344 111.89643859863281 110.97444915771484 110.9776840209961 110.98233032226562 110.98948669433594 111.00019836425781 111.0107192993164 111.02354431152344 111.03754425048828 111.05769348144531 111.08159637451172 111.10546875 111.11447143554688 111.1054916381836 111.09521484375 111.07489013671875 111.04924774169922 111.02033233642578
          110.98834228515625 110.95185089111328 110.91297912597656 110.87200927734375 110.82923889160156 110.78457641601562 110.73880004882812 110.69387817382812 110.6502456665039 110.60780334472656 110.56550598144531 110.52641296386719 110.49397277832031 110.46512603759766 110.44709777832031 110.43751525878906 110.43138885498047 110.43282318115234 110.440185546875 110.45317840576172
          110.47280883789062 110.49800109863281 110.52616882324219 110.5546646118164 110.5854263305664 110.6197280883789 110.65805053710938 110.69910430908203 110.7427749633789 110.78538513183594 110.82648468017578 110.86863708496094 110.91568756103516 110.96650695800781 111.01972198486328 111.07398986816406 111.12789154052734 111.18128967285156 111.23477935791016 111.28716278076172
          111.3387451171875 111.38632202148438 111.43240356445312 111.47684478759766 111.51937103271484 111.56010437011719 111.59986877441406 111.63862609863281 111.6734848022461 111.70569610595703 111.73609924316406 111.76554107666016 111.79415130615234 111.82276916503906 111.84944152832031 111.87548065185547 111.90017700195312 111.923583984375 111.94564056396484 111.965087890625
          111.98308563232422 111.99862670898438 112.00989532470703 112.01872253417969 112.02667999267578 112.03196716308594 112.03463745117188 110.7245864868164 110.72688293457031 110.73114776611328 110.73863220214844 110.74873352050781 110.76331329345703 110.7767333984375 110.79631042480469 110.82373809814453 110.84986877441406 110.86541748046875 110.85150146484375 110.85165405273438
          110.83501434326172 110.81635284423828 110.79267883300781 110.7620849609375 110.72795104980469 110.69113159179688 110.65193939208984 110.61017608642578 110.56775665283203 110.52432250976562 110.48030090332031 110.43616485595703 110.39350891113281 110.35122680664062 110.31015014648438 110.2708511352539 110.23800659179688 110.21417236328125 110.20111083984375 110.19688415527344
          110.1984634399414 110.20658874511719 110.22206115722656 110.24324798583984 110.27104187011719 110.30362701416016 110.34037017822266 110.37862396240234 110.41751861572266 110.4591293334961 110.5040512084961 110.55316162109375 110.60711669921875 110.65718078613281 110.7055892944336 110.75435638427734 110.8106689453125 110.8714370727539 110.93380737304688 110.99659729003906
          111.0597152709961 111.1223373413086 111.18608856201172 111.24763488769531 111.30778503417969 111.36466979980469 111.42041015625 111.474609375 111.52728271484375 111.5780258178711 111.62833404541016 111.67693328857422 111.7226333618164 111.76497650146484 111.8053970336914 111.8422622680664 111.87965393066406 111.9156494140625 111.94918060302734 111.98107147216797
          112.011474609375 112.03924560546875 112.06466674804688 112.08861541748047 112.10938262939453 112.12606048583984 112.13850402832031 112.1490249633789 112.1569595336914 112.16192626953125 112.16426849365234 110.4731216430664 110.47428131103516 110.4798812866211 110.4879150390625 110.49898529052734 110.51387023925781 110.53153991699219 110.55586242675781 110.58074188232422
          110.58934020996094 110.5859146118164 110.5910873413086 110.58654022216797 110.57545471191406 110.554443359375 110.5295181274414 110.49883270263672 110.46405792236328 110.42786407470703 110.38878631591797 110.3471908569336 110.30528259277344 110.2622299194336 110.22003936767578 110.17877197265625 110.13697814941406 110.09693145751953 110.05500030517578 110.02023315429688
          109.99047088623047 109.96966552734375 109.9594955444336 109.95865631103516 109.96680450439453 109.98043823242188 110.0018310546875 110.0301513671875 110.0657730102539 110.10594940185547 110.14994049072266 110.19810485839844 110.24808502197266 110.29846954345703 110.34878540039062 110.40377044677734 110.4625015258789 110.52253723144531 110.58039855957031 110.63731384277344
          110.70426177978516 110.77477264404297 110.84614562988281 110.91791534423828 110.98947143554688 111.0627212524414 111.13490295410156 111.20580291748047 111.27136993408203 111.33883666992188 111.40557098388672 111.46896362304688 111.53141784667969 111.5937271118164 111.6540756225586 111.71195220947266 111.7686996459961 111.82088470458984 111.86827087402344 111.9137191772461
          111.95906829833984 112.0016098022461 112.04159545898438 112.08029174804688 112.11615753173828 112.1487808227539 112.17831420898438 112.20573425292969 112.22824096679688 112.24632263183594 112.26112365722656 112.2723388671875 112.28015899658203 112.28532409667969 112.28759002685547 110.22147369384766 110.2236099243164 110.22901916503906 110.2362060546875 110.24673461914062
          110.26378631591797 110.28546142578125 110.31304168701172 110.33356475830078 110.33916473388672 110.33644104003906 110.32687377929688 110.32223510742188 110.30818939208984 110.28886413574219 110.26042938232422 110.23102569580078 110.19833374023438 110.16284942626953 110.12370300292969 110.08332061767578 110.04182434082031 110.00016784667969 109.9603042602539 109.92066192626953
          109.88043975830078 109.84019470214844 109.80412292480469 109.7720947265625 109.7456283569336 109.7267837524414 109.71678924560547 109.7187271118164 109.73096466064453 109.75121307373047 109.7779312133789 109.81367492675781 109.85535430908203 109.90460968017578 109.95780944824219 110.01515197753906 110.07403564453125 110.13236999511719 110.19095611572266 110.2525634765625
          110.31695556640625 110.38463592529297 110.45243835449219 110.52075958251953 110.59821319580078 110.67662048339844 110.75662994384766 110.83773040771484 110.91948699951172 111.00135040283203 111.08175659179688 111.15837860107422 111.23524475097656 111.31128692626953 111.3874740600586 111.46009063720703 111.53340148925781 111.60682678222656 111.67854309082031 111.74693298339844
          111.81027221679688 111.86873626708984 111.92515563964844 111.97937774658203 112.03185272216797 112.08167266845703 112.1281967163086 112.1725082397461 112.21359252929688 112.2506103515625 112.28434753417969 112.31376647949219 112.33826446533203 112.35887145996094 112.37496948242188 112.38755798339844 112.39564514160156 112.40045166015625 112.40360260009766 109.96886444091797
          109.97327423095703 109.97802734375 109.9854965209961 109.9968032836914 110.01255798339844 110.03746795654297 110.0627670288086 110.0774154663086 110.08158111572266 110.07866668701172 110.06968688964844 110.0574722290039 110.04174041748047 110.01744842529297 109.99498748779297 109.96178436279297 109.92902374267578 109.89486694335938 109.85663604736328 109.81707000732422
          109.77742004394531 109.73773193359375 109.6988296508789 109.66009521484375 109.62116241455078 109.58531951904297 109.55264282226562 109.5242691040039 109.49990844726562 109.48246002197266 109.47285461425781 109.47737121582031 109.4936752319336 109.51898193359375 109.55127716064453 109.5944595336914 109.64431762695312 109.7008056640625 109.76324462890625 109.82886505126953
          109.8983383178711 109.96601104736328 110.03577423095703 110.10649871826172 110.18006134033203 110.25444030761719 110.32733917236328 110.40510559082031 110.48934173583984 110.57659912109375 110.66596221923828 110.75654602050781 110.84805297851562 110.93912506103516 111.02733612060547 111.11357879638672 111.19841766357422 111.28266143798828 111.36701202392578 111.45027923583984
          111.5337905883789 111.61754608154297 111.69969940185547 111.77687072753906 111.84913635253906 111.91584777832031 111.98046112060547 112.04082489013672 112.09989166259766 112.15562438964844 112.20928955078125 112.25865936279297 112.30374145507812 112.3452377319336 112.38092041015625 112.41234588623047 112.44017791748047 112.46251678466797 112.48033905029297 112.49322509765625
          112.50139617919922 112.50643920898438 112.50812530517578 109.71539306640625 109.71928405761719 109.72628784179688 109.73615264892578 109.74909973144531 109.76361846923828 109.78599548339844 109.80753326416016 109.81661224365234 109.82050323486328 109.81556701660156 109.80368041992188 109.78814697265625 109.7696533203125 109.74835968017578 109.71668243408203 109.6875
          109.6550064086914 109.62181091308594 109.58601379394531 109.5484390258789 109.50975799560547 109.47183227539062 109.43444061279297 109.39813232421875 109.36253356933594 109.32862854003906 109.29833984375 109.27293395996094 109.25312805175781 109.23681640625 109.22979736328125 109.23417663574219 109.2559585571289 109.28564453125 109.32584381103516 109.37586975097656
          109.43367004394531 109.49712371826172 109.56739807128906 109.64275360107422 109.72187042236328 109.80239868164062 109.88201141357422 109.9619369506836 110.04383850097656 110.12557220458984 110.20684814453125 110.28584289550781 110.38032531738281 110.4760513305664 110.57466125488281 110.67535400390625 110.77535247802734 110.87459564208984 110.97338104248047 111.06900787353516
          111.16124725341797 111.25254821777344 111.34622192382812 111.43973541259766 111.5334701538086 111.62586212158203 111.71668243408203 111.80322265625 111.88232421875 111.95796966552734 112.030029296875 112.09915161132812 112.16466522216797 112.22714233398438 112.28575134277344 112.33887481689453 112.38843536376953 112.43185424804688 112.47074127197266 112.5051040649414
          112.5338363647461 112.55840301513672 112.57659149169922 112.58988189697266 112.59857177734375 112.60348510742188 112.60507202148438 109.46058654785156 109.46575164794922 109.47381591796875 109.48512268066406 109.50098419189453 109.51643371582031 109.5334701538086 109.54879760742188 109.55547332763672 109.5548095703125 109.54689025878906 109.53374481201172 109.51709747314453
          109.49473571777344 109.46661376953125 109.4388656616211 109.40995788574219 109.37828063964844 109.34454345703125 109.30951690673828 109.2737808227539 109.2371597290039 109.20089721679688 109.16570281982422 109.13163757324219 109.09806060791016 109.06753540039062 109.04131317138672 109.0201644897461 109.00410461425781 108.9955062866211 108.99237823486328 108.99771881103516
          109.01946258544922 109.0551528930664 109.10033416748047 109.1562271118164 109.22065734863281 109.29256439208984 109.36994171142578 109.45368957519531 109.5442886352539 109.6346664428711 109.72718811035156 109.81718444824219 109.90699768066406 109.99829864501953 110.08865356445312 110.17674255371094 110.27084350585938 110.37550354003906 110.48278045654297 110.59446716308594
          110.70301055908203 110.80989074707031 110.91622161865234 111.0210189819336 111.12378692626953 111.22388458251953 111.3260726928711 111.42830657958984 111.5300521850586 111.6310043334961 111.73103332519531 111.82526397705078 111.91223907470703 111.99637603759766 112.07621002197266 112.15198516845703 112.22471618652344 112.29254913330078 112.35523223876953 112.41393280029297
          112.46598052978516 112.51129150390625 112.5556411743164 112.5930404663086 112.6247787475586 112.64887237548828 112.6657943725586 112.6795654296875 112.69043731689453 112.69598388671875 112.69779205322266 109.21133422851562 109.21648406982422 109.22504425048828 109.2371826171875 109.25237274169922 109.27000427246094 109.28360748291016 109.29222106933594 109.29554748535156
          109.29054260253906 109.27957153320312 109.26251983642578 109.2423324584961 109.2187728881836 109.19258880615234 109.16183471679688 109.12986755371094 109.10245513916016 109.06681060791016 109.0306625366211 108.9949951171875 108.96002197265625 108.92497253417969 108.89104461669922 108.86044311523438 108.83109283447266 108.8049545288086 108.78435516357422 108.76851654052734
          108.7573471069336 108.75358581542969 108.75623321533203 108.76466369628906 108.7860107421875 108.82301330566406 108.87116241455078 108.93203735351562 109.0049057006836 109.08211517333984 109.16813659667969 109.26403045654297 109.36347961425781 109.46577453613281 109.5680160522461 109.66954803466797 109.77136993408203 109.86962127685547 109.96774291992188 110.06828308105469
          110.17096710205078 110.28125 110.39856719970703 110.51519012451172 110.6308822631836 110.7452163696289 110.85795593261719 110.96927642822266 111.07950592041016 111.19389343261719 111.30500793457031 111.41587829589844 111.52496337890625 111.63391876220703 111.74211120605469 111.84371948242188 111.93995666503906 112.0316390991211 112.11872100830078 112.2013931274414
          112.2797622680664 112.35363006591797 112.4218521118164 112.48387145996094 112.5396957397461 112.59107971191406 112.6378173828125 112.67819213867188 112.70918273925781 112.7339096069336 112.75595092773438 112.76880645751953 112.77814483642578 112.7851791381836 112.7893295288086 108.96546936035156 108.96957397460938 108.9791030883789 108.989990234375 109.0040512084961
          109.02322387695312 109.03451538085938 109.0390396118164 109.03533172607422 109.02630615234375 109.01082611083984 108.98942565917969 108.9647445678711 108.93951416015625 108.91156768798828 108.87950897216797 108.84962463378906 108.81932830810547 108.78469848632812 108.74858856201172 108.7137680053711 108.67994689941406 108.64873504638672 108.6170425415039 108.58638000488281
          108.56050872802734 108.53982543945312 108.52438354492188 108.51544189453125 108.512451171875 108.51373291015625 108.51972961425781 108.531494140625 108.55183410644531 108.58849334716797 108.63958740234375 108.70439147949219 108.78219604492188 108.86946105957031 108.96326446533203 109.06726837158203 109.17925262451172 109.29350280761719 109.40567779541016 109.51881408691406
          109.63162994384766 109.73953247070312 109.84757232666016 109.96134948730469 110.07808685302734 110.19149780273438 110.31181335449219 110.43632507324219 110.5594253540039 110.6799087524414 110.7979965209961 110.91658020019531 111.04112243652344 111.16267395019531 111.28267669677734 111.40211486816406 111.51939392089844 111.63579559326172 111.752197265625 111.85955047607422
          111.96456146240234 112.0634536743164 112.15782165527344 112.24784851074219 112.33281707763672 112.41081237792969 112.48255920410156 112.54949188232422 112.61103820800781 112.6670913696289 112.71771240234375 112.7577896118164 112.79163360595703 112.81871032714844 112.83954620361328 112.85545349121094 112.86701202392578 112.87496185302734 112.87837219238281 108.7254409790039
          108.72792053222656 108.73421478271484 108.74427795410156 108.758056640625 108.7753677368164 108.781494140625 108.77828979492188 108.77096557617188 108.75634765625 108.73710632324219 108.71459197998047 108.68914031982422 108.66009521484375 108.62682342529297 108.59404754638672 108.56553649902344 108.53108215332031 108.49439239501953 108.45881652832031 108.42586517333984
          108.39448547363281 108.36530303955078 108.33924865722656 108.31144714355469 108.2873306274414 108.27164459228516 108.26304626464844 108.25965881347656 108.26229095458984 108.27023315429688 108.2818603515625 108.2955551147461 108.31829833984375 108.35337829589844 108.4075698852539 108.4759521484375 108.5569839477539 108.6479721069336 108.75203704833984 108.86664581298828
          108.99141693115234 109.11601257324219 109.24227142333984 109.36663818359375 109.49124145507812 109.60884857177734 109.72885131835938 109.85354614257812 109.9796142578125 110.1036148071289 110.22749328613281 110.35578918457031 110.48625183105469 110.6123046875 110.74209594726562 110.87203216552734 111.00334930419922 111.13345336914062 111.26114654541016 111.38739776611328
          111.51252746582031 111.63842010498047 111.7596664428711 111.8749008178711 111.98745727539062 112.09323120117188 112.19535064697266 112.29170227050781 112.38053131103516 112.46408081054688 112.54175567626953 112.61432647705078 112.6805191040039 112.74000549316406 112.79122924804688 112.83485412597656 112.87106323242188 112.89971160888672 112.9213638305664 112.93910217285156
          112.95217895507812 112.96135711669922 112.96586608886719 108.48690795898438 108.48584747314453 108.49068450927734 108.5007095336914 108.5128173828125 108.52227783203125 108.52278137207031 108.51753997802734 108.50550842285156 108.48690795898438 108.46485137939453 108.44164276123047 108.41106414794922 108.37754821777344 108.3426513671875 108.30792236328125 108.27294921875
          108.23632049560547 108.19901275634766 108.16433715820312 108.13226318359375 108.10382843017578 108.07732391357422 108.05193328857422 108.03043365478516 108.01351165771484 108.001708984375 107.99818420410156 108.00118255615234 108.00952911376953 108.02275848388672 108.03744506835938 108.05657196044922 108.08323669433594 108.11984252929688 108.17140197753906 108.2400894165039
          108.32345581054688 108.41918182373047 108.53133392333984 108.65936279296875 108.79633331298828 108.93800354003906 109.0771484375 109.21723937988281 109.35189056396484 109.47965240478516 109.61409759521484 109.74837493896484 109.88336944580078 110.01559448242188 110.14674377441406 110.27880859375 110.41407012939453 110.5536880493164 110.69259643554688 110.82927703857422
          110.96742248535156 111.10494232177734 111.2397232055664 111.37381744384766 111.50625610351562 111.63987731933594 111.76653289794922 111.8894271850586 112.00874328613281 112.12229919433594 112.22953033447266 112.33173370361328 112.4273910522461 112.51676177978516 112.59953308105469 112.67713928222656 112.74676513671875 112.80894470214844 112.8629379272461 112.91012573242188
          112.94857788085938 112.9793701171875 113.00423431396484 113.02306365966797 113.03730010986328 113.04672241210938 113.0514907836914 108.2584457397461 108.25173950195312 108.24909973144531 108.25627899169922 108.26667785644531 108.267333984375 108.26449584960938 108.25440216064453 108.2378921508789 108.21662902832031 108.19273376464844 108.16437530517578 108.13212585449219
          108.09371948242188 108.05499267578125 108.01664733886719 107.97538757324219 107.93438720703125 107.90007019042969 107.86653137207031 107.8349838256836 107.80829620361328 107.78062438964844 107.75881958007812 107.74309539794922 107.73217010498047 107.72697448730469 107.72889709472656 107.73694610595703 107.75174713134766 107.77045440673828 107.79060363769531 107.81558227539062
          107.84618377685547 107.88417053222656 107.93378448486328 108.00117492675781 108.08140563964844 108.17892456054688 108.29913330078125 108.44013977050781 108.59616088867188 108.75480651855469 108.91487884521484 109.07024383544922 109.21680450439453 109.3576889038086 109.50456237792969 109.6489028930664 109.78858184814453 109.92840576171875 110.06482696533203 110.20551300048828
          110.3531723022461 110.50031280517578 110.64559173583984 110.78988647460938 110.93304443359375 111.07752227783203 111.21924591064453 111.35969543457031 111.50074005126953 111.64119720458984 111.7735595703125 111.90397644042969 112.02796936035156 112.14923095703125 112.26336669921875 112.37176513671875 112.47344207763672 112.56729888916016 112.65545654296875 112.7367172241211
          112.81002044677734 112.87503814697266 112.93305206298828 112.98409271240234 113.02515411376953 113.05846405029297 113.0849609375 113.10608673095703 113.1216049194336 113.13156127929688 113.13592529296875 108.02075958251953 108.01481628417969 108.00879669189453 108.00789642333984 108.00927734375 108.00645446777344 108.00064849853516 107.98880767822266 107.96892547607422
          107.94564819335938 107.91828918457031 107.88384246826172 107.8477783203125 107.80957794189453 107.76884460449219 107.72590637207031 107.68164825439453 107.6390380859375 107.59870147705078 107.56385803222656 107.53216552734375 107.5033950805664 107.47999572753906 107.46002197265625 107.4482421875 107.44319915771484 107.4457015991211 107.45472717285156 107.46914672851562
          107.48916625976562 107.51485443115234 107.54290008544922 107.5740966796875 107.60800170898438 107.64705657958984 107.69400024414062 107.75342559814453 107.8292007446289 107.92520904541016 108.05280303955078 108.21622467041016 108.39402770996094 108.5753173828125 108.75398254394531 108.9234619140625 109.08751678466797 109.24433898925781 109.39930725097656 109.55242919921875
          109.69937896728516 109.8445053100586 109.99349975585938 110.14407348632812 110.29492950439453 110.4476318359375 110.60147857666016 110.75183868408203 110.9018783569336 111.05208587646484 111.19988250732422 111.34822082519531 111.4964370727539 111.64146423339844 111.781005859375 111.91645050048828 112.04846954345703 112.17617797851562 112.2962417602539 112.41060638427734
          112.51759338378906 112.61695861816406 112.70928955078125 112.79429626464844 112.87067413330078 112.94021606445312 113.00110626220703 113.05509948730469 113.09998321533203 113.13578033447266 113.1646728515625 113.18793487548828 113.20477294921875 113.21533966064453 113.2204818725586 107.7578125 107.755859375 107.75273132324219 107.7476577758789 107.74542999267578
          107.74299621582031 107.73634338378906 107.72262573242188 107.69776916503906 107.67007446289062 107.6376953125 107.6027603149414 107.56197357177734 107.5203857421875 107.47622680664062 107.43199920654297 107.38797760009766 107.34512329101562 107.3040542602539 107.2667236328125 107.23199462890625 107.1995849609375 107.17313385009766 107.15618896484375 107.14535522460938
          107.14632415771484 107.1573715209961 107.17462921142578 107.19843292236328 107.22559356689453 107.25772094726562 107.29524993896484 107.3340835571289 107.37480926513672 107.41529846191406 107.4552001953125 107.5035400390625 107.56763458251953 107.65309143066406 107.78182220458984 107.97756958007812 108.19270324707031 108.398193359375 108.5959243774414 108.78266143798828
          108.96468353271484 109.13856506347656 109.30535125732422 109.46414947509766 109.6186294555664 109.77201843261719 109.92816925048828 110.08345031738281 110.2405014038086 110.40054321289062 110.55940246582031 110.71570587158203 110.87210845947266 111.02919006347656 111.18277740478516 111.338623046875 111.4930191040039 111.6417465209961 111.7886962890625 111.92974090576172
          112.06863403320312 112.20254516601562 112.3292465209961 112.44861602783203 112.5604248046875 112.66523742675781 112.76118469238281 112.84902954101562 112.92976379394531 113.00310516357422 113.06758117675781 113.12354278564453 113.17179870605469 113.21179962158203 113.24349975585938 113.26817321777344 113.28620147705078 113.29798889160156 113.3034896850586 107.48979949951172
          107.48877716064453 107.48491668701172 107.48319244384766 107.4844970703125 107.48033142089844 107.469482421875 107.45027160644531 107.42247009277344 107.39022827148438 107.35366821289062 107.31321716308594 107.27095031738281 107.22638702392578 107.18026733398438 107.13432312011719 107.08889770507812 107.04428100585938 107.00459289550781 106.96541595458984 106.92739868164062
          106.89520263671875 106.87066650390625 106.8538818359375 106.84583282470703 106.84886932373047 106.8624038696289 106.88636016845703 106.91790771484375 106.95732879638672 106.9992904663086 107.04692840576172 107.09308624267578 107.1390151977539 107.18283081054688 107.22328186035156 107.25765991210938 107.29193878173828 107.3358383178711 107.43636322021484 107.7208251953125
          107.99278259277344 108.23323059082031 108.45281219482422 108.65985870361328 108.85358428955078 109.04269409179688 109.22334289550781 109.39234924316406 109.55097961425781 109.7072525024414 109.86370849609375 110.025390625 110.18998718261719 110.35579681396484 110.5202407836914 110.6834945678711 110.84587860107422 111.00753784179688 111.16837310791016 111.32899475097656
          111.4893569946289 111.64391326904297 111.79505157470703 111.94535827636719 112.0914535522461 112.23110961914062 112.36207580566406 112.48590850830078 112.60289764404297 112.71183776855469 112.81123352050781 112.90287017822266 112.987548828125 113.06459045410156 113.13212585449219 113.19123077392578 113.24179077148438 113.28541564941406 113.31995391845703 113.34691619873047
          113.3671646118164 113.38014221191406 113.38651275634766 107.23036193847656 107.22879791259766 107.22557067871094 107.22333526611328 107.22089385986328 107.21345520019531 107.19693756103516 107.17362976074219 107.14431762695312 107.1083984375 107.07003784179688 107.02550506591797 106.97827911376953 106.93000030517578 106.88003540039062 106.83289337158203 106.78546142578125
          106.7403564453125 106.69641876220703 106.65478515625 106.61772155761719 106.58584594726562 106.56175231933594 106.54680633544922 106.54463195800781 106.55389404296875 106.57247924804688 106.60052490234375 106.63862609863281 106.68421173095703 106.73685455322266 106.79287719726562 106.84854125976562 106.9013442993164 106.9522705078125 106.99652099609375 107.02336883544922
          107.00860595703125 106.90693664550781 106.72765350341797 107.4453353881836 107.82019805908203 108.09144592285156 108.32677459716797 108.54893493652344 108.75611114501953 108.95599365234375 109.14443969726562 109.32351684570312 109.49346160888672 109.65686798095703 109.81544494628906 109.97603607177734 110.14395141601562 110.31525421142578 110.48458099365234 110.65399932861328
          110.82283020019531 110.9900894165039 111.15703582763672 111.32246398925781 111.4869613647461 111.64862823486328 111.80531311035156 111.9625244140625 112.11359405517578 112.2593765258789 112.39441680908203 112.52311706542969 112.64421081542969 112.75634002685547 112.8597412109375 112.95596313476562 113.04497528076172 113.12455749511719 113.1951904296875 113.25749206542969
          113.311279296875 113.35655212402344 113.39498138427734 113.42475128173828 113.44618225097656 113.4600830078125 113.46711730957031 106.96517944335938 106.96234130859375 106.95811462402344 106.9542236328125 106.9484634399414 106.93761444091797 106.9214096069336 106.89594268798828 106.86543273925781 106.82727813720703 106.78143310546875 106.73405456542969 106.68403625488281
          106.63114929199219 106.57760620117188 106.52855682373047 106.47731018066406 106.4282455444336 106.38245391845703 106.33990478515625 106.30233001708984 106.271240234375 106.24870300292969 106.23807525634766 106.24046325683594 106.25328063964844 106.27959442138672 106.31635284423828 106.3619155883789 106.4124984741211 106.46888732910156 106.5312728881836 106.59679412841797
          106.66327667236328 106.72920989990234 106.7886734008789 106.82068634033203 106.70989990234375 106.94583892822266 107.11283874511719 107.42597961425781 107.71923828125 107.9806137084961 108.22638702392578 108.45219421386719 108.66351318359375 108.87019348144531 109.06800079345703 109.2571029663086 109.43803405761719 109.61080169677734 109.77783203125 109.94230651855469
          110.107421875 110.27886199951172 110.45475769042969 110.62875366210938 110.8030776977539 110.97709655761719 111.14849090576172 111.31903076171875 111.48857879638672 111.6542739868164 111.81849670410156 111.98147583007812 112.1369857788086 112.28801727294922 112.42791748046875 112.55906677246094 112.68506622314453 112.80171966552734 112.90853118896484 113.00956726074219
          113.10089111328125 113.18363952636719 113.25714111328125 113.32232666015625 113.3786849975586 113.42684936523438 113.4664306640625 113.49923706054688 113.52281188964844 113.53858947753906 113.54656982421875 106.69638061523438 106.69384765625 106.68696594238281 106.68053436279297 106.67313385009766 106.66079711914062 106.64335632324219 106.61666107177734 106.58413696289062
          106.54344940185547 106.49235534667969 106.43873596191406 106.3820571899414 106.32637786865234 106.26899719238281 106.2139663696289 106.161376953125 106.1099853515625 106.06487274169922 106.02284240722656 105.98701477050781 105.9569320678711 105.93406677246094 105.92406463623047 105.92974090576172 105.95144653320312 105.98197174072266 106.02544403076172 106.07756042480469
          106.13719940185547 106.2035903930664 106.27549743652344 106.35108184814453 106.42967224121094 106.51133728027344 106.60482788085938 106.69645690917969 106.78433227539062 106.9478759765625 107.14096069335938 107.38970947265625 107.6458511352539 107.89561462402344 108.13391876220703 108.36386108398438 108.5798568725586 108.79197692871094 108.99613952636719 109.19166564941406
          109.38142395019531 109.56354522705078 109.74150085449219 109.9140853881836 110.08341217041016 110.25514221191406 110.42923736572266 110.60816192626953 110.78781127929688 110.9671630859375 111.14276885986328 111.31903076171875 111.49203491210938 111.664794921875 111.83460998535156 112.0015640258789 112.16273498535156 112.31739807128906 112.46015930175781 112.59577941894531
          112.7262954711914 112.84688568115234 112.95711517333984 113.06228637695312 113.15729522705078 113.24259185791016 113.31861877441406 113.38590240478516 113.4449462890625 113.49517822265625 113.53705596923828 113.57064819335938 113.5966567993164 113.61353302001953 113.62191772460938 106.42362213134766 106.42201232910156 106.41508483886719 106.40657043457031 106.39439392089844
          106.38013458251953 106.36194610595703 106.33430480957031 106.29835510253906 106.25350189208984 106.19925689697266 106.13973236083984 106.08092498779297 106.01892852783203 105.95447540283203 105.89584350585938 105.83875274658203 105.78984832763672 105.7457275390625 105.70552825927734 105.67097473144531 105.64241027832031 105.62413787841797 105.6168212890625 105.62471008300781
          105.64769744873047 105.68417358398438 105.73021697998047 105.78912353515625 105.85687255859375 105.93384552001953 106.01640319824219 106.10552215576172 106.19783020019531 106.28888702392578 106.42699432373047 106.57167053222656 106.72100830078125 106.90283966064453 107.1084976196289 107.34009552001953 107.582763671875 107.82257080078125 108.04976654052734 108.28495025634766
          108.50607299804688 108.71983337402344 108.92949676513672 109.13230895996094 109.32769012451172 109.51760864257812 109.70477294921875 109.88715362548828 110.0616455078125 110.2368392944336 110.41395568847656 110.59290313720703 110.77687072753906 110.9617691040039 111.14248657226562 111.32222747802734 111.50078582763672 111.67911529541016 111.85258483886719 112.02422332763672
          112.18879699707031 112.34490966796875 112.49198913574219 112.63375854492188 112.76764678955078 112.89147186279297 113.00643920898438 113.11434173583984 113.21221160888672 113.29993438720703 113.37883758544922 113.44837188720703 113.50968170166016 113.5618667602539 113.60564422607422 113.64067077636719 113.66827392578125 113.68523406982422 113.69369506835938 106.15515899658203
          106.15039825439453 106.14405059814453 106.13385009765625 106.12096405029297 106.10250854492188 106.07864379882812 106.0473403930664 106.00774383544922 105.95878601074219 105.90100860595703 105.83885955810547 105.775390625 105.7084732055664 105.64262390136719 105.57817077636719 105.5206298828125 105.4731216430664 105.4305419921875 105.39070892333984 105.3560562133789
          105.32991027832031 105.31526947021484 105.31531524658203 105.32524871826172 105.34809112548828 105.38280487060547 105.42970275878906 105.49217987060547 105.56820678710938 105.6540756225586 105.75055694580078 105.85462951660156 105.95883178710938 106.00585174560547 106.25204467773438 106.44174194335938 106.62902069091797 106.83447265625 107.0536117553711 107.28217315673828
          107.51712036132812 107.75104522705078 107.97764587402344 108.20824432373047 108.4363021850586 108.65345764160156 108.8673324584961 109.0760269165039 109.2786636352539 109.47492980957031 109.66918182373047 109.8597412109375 110.04303741455078 110.22444152832031 110.40445709228516 110.58551788330078 110.77173614501953 110.95989227294922 111.14598083496094 111.32927703857422
          111.51321411132812 111.6944351196289 111.87324523925781 112.04678344726562 112.21417236328125 112.37417602539062 112.52669525146484 112.67218780517578 112.80947875976562 112.93734741210938 113.05538177490234 113.16620635986328 113.26651763916016 113.3572769165039 113.43814086914062 113.50979614257812 113.5726318359375 113.62645721435547 113.67194366455078 113.70800018310547
          113.73564147949219 113.7524185180664 113.76093292236328 105.89012908935547 105.88313293457031 105.87592315673828 105.8653564453125 105.8526382446289 105.83172607421875 105.80111694335938 105.76484680175781 105.71976470947266 105.6666488647461 105.60679626464844 105.54077911376953 105.47127532958984 105.40286254882812 105.33489227294922 105.2662124633789 105.2041015625
          105.1567153930664 105.11511993408203 105.07841491699219 105.0452880859375 105.02067565917969 105.01188659667969 105.01473236083984 105.02644348144531 105.04715728759766 105.08253479003906 105.13304138183594 105.19754791259766 105.27678680419922 105.3670425415039 105.47439575195312 105.60090637207031 105.75714111328125 105.91731262207031 106.1162109375 106.31702423095703
          106.52619171142578 106.74848175048828 106.98095703125 107.21533203125 107.44725799560547 107.68094635009766 107.90899658203125 108.13627624511719 108.36883544921875 108.5905990600586 108.8084945678711 109.02177429199219 109.2322006225586 109.43559265136719 109.63692474365234 109.83341979980469 110.0267333984375 110.21685028076172 110.40038299560547 110.58419036865234
          110.77151489257812 110.96227264404297 111.15067291259766 111.33909606933594 111.52735900878906 111.71239471435547 111.89449310302734 112.0716323852539 112.24288940429688 112.4071273803711 112.56216430664062 112.71194458007812 112.85233306884766 112.98319244384766 113.10499572753906 113.21736907958984 113.32051849365234 113.41307830810547 113.49633026123047 113.56995391845703
          113.63436889648438 113.68965911865234 113.73576354980469 113.77324676513672 113.79960632324219 113.8164291381836 113.82439422607422 105.61754608154297 105.61424255371094 105.6050796508789 105.59628295898438 105.5833511352539 105.5607681274414 105.52971649169922 105.48565673828125 105.4351577758789 105.3775863647461 105.31342315673828 105.24418640136719 105.17235565185547
          105.10033416748047 105.03257751464844 104.96273803710938 104.8992919921875 104.84685516357422 104.80518341064453 104.76725769042969 104.73797607421875 104.71744537353516 104.70968627929688 104.71375274658203 104.7264404296875 104.7495346069336 104.7874526977539 104.83978271484375 104.90319061279297 104.97970581054688 105.06983947753906 105.17354583740234 105.30313110351562
          105.55010986328125 105.76118469238281 105.98023223876953 106.19705200195312 106.42050170898438 106.65447235107422 106.89550018310547 107.13674926757812 107.37528991699219 107.60882568359375 107.8389892578125 108.07073211669922 108.30428314208984 108.52946472167969 108.75239562988281 108.97198486328125 109.18721008300781 109.39558410644531 109.60527801513672 109.81109619140625
          110.01156616210938 110.20994567871094 110.401611328125 110.58740234375 110.77657318115234 110.96800994873047 111.16038513183594 111.35240173339844 111.54402923583984 111.73407745361328 111.91983032226562 112.0992431640625 112.2749252319336 112.44171142578125 112.59757995605469 112.75434875488281 112.89604187011719 113.02965545654297 113.1534652709961 113.26841735839844
          113.3738021850586 113.46831512451172 113.55364990234375 113.62853240966797 113.69434356689453 113.75037384033203 113.79712677001953 113.8348617553711 113.8604507446289 113.87682342529297 113.88475799560547 105.34313201904297 105.34088897705078 105.33574676513672 105.32569122314453 105.31243896484375 105.28824615478516 105.25338745117188 105.20767211914062 105.15364074707031
          105.09085845947266 105.02291870117188 104.95183563232422 104.87975311279297 104.80878448486328 104.73783874511719 104.66799926757812 104.606689453125 104.54962158203125 104.49988555908203 104.46267700195312 104.4362564086914 104.41706085205078 104.40869140625 104.41039276123047 104.4262466430664 104.45390319824219 104.49401092529297 104.54783630371094 104.61478424072266
          104.68873596191406 104.7560806274414 104.80755615234375 105.11884307861328 105.36788940429688 105.60536193847656 105.84127044677734 106.07727813720703 106.31278991699219 106.55426025390625 106.80213165283203 107.04865264892578 107.29595947265625 107.53433990478516 107.76956176757812 108.00801086425781 108.23997497558594 108.46827697753906 108.69737243652344 108.921875
          109.14486694335938 109.36087036132812 109.57695770263672 109.78916931152344 109.99790954589844 110.20222473144531 110.4029769897461 110.59379577636719 110.78693389892578 110.98084259033203 111.17516326904297 111.36892700195312 111.5644302368164 111.75848388671875 111.94672393798828 112.13016510009766 112.30781555175781 112.4778823852539 112.63539123535156 112.795654296875
          112.93998718261719 113.07701110839844 113.2028579711914 113.3193588256836 113.42648315429688 113.52276611328125 113.60929870605469 113.68553161621094 113.75202178955078 113.80879211425781 113.85587310791016 113.89341735839844 113.91887664794922 113.93512725830078 113.94284057617188 105.07135772705078 105.06981658935547 105.06908416748047 105.06065368652344 105.04002380371094
          105.0115737915039 104.97437286376953 104.9273681640625 104.87110137939453 104.8061294555664 104.73664093017578 104.66590881347656 104.59373474121094 104.51878356933594 104.4450912475586 104.37603759765625 104.31257629394531 104.25604248046875 104.2037582397461 104.16219329833984 104.13142395019531 104.11066436767578 104.10595703125 104.11038208007812 104.12834167480469
          104.1581039428711 104.20254516601562 104.26309967041016 104.33534240722656 104.41537475585938 104.40867614746094 104.69978332519531 104.95426177978516 105.2051010131836 105.45256805419922 105.69906616210938 105.94757080078125 106.19912719726562 106.44983673095703 106.70237731933594 106.95809173583984 107.2112045288086 107.45785522460938 107.6992416381836 107.94033813476562
          108.17474365234375 108.40827941894531 108.64275360107422 108.87562561035156 109.10584259033203 109.32646179199219 109.54926300048828 109.76959991455078 109.98458099365234 110.19589233398438 110.40259552001953 110.60196685791016 110.79984283447266 110.99691772460938 111.19408416748047 111.39005279541016 111.58985900878906 111.78550720214844 111.97600555419922 112.16317749023438
          112.34317779541016 112.51510620117188 112.6763687133789 112.83702850341797 112.98441314697266 113.1238784790039 113.25181579589844 113.36940002441406 113.47775268554688 113.57589721679688 113.6639175415039 113.7408218383789 113.80810546875 113.86544799804688 113.9122085571289 113.94954681396484 113.974365234375 113.99009704589844 113.9974365234375 104.80426788330078
          104.803466796875 104.79805755615234 104.79071044921875 104.77052307128906 104.73934936523438 104.70069122314453 104.65242004394531 104.59260559082031 104.52549743652344 104.45658874511719 104.38334655761719 104.30888366699219 104.2328109741211 104.1586685180664 104.08390808105469 104.01656341552734 103.96048736572266 103.9035415649414 103.85608673095703 103.82172393798828
          103.80805206298828 103.80339813232422 103.8121337890625 103.83134460449219 103.8653335571289 103.91483306884766 103.9787826538086 104.0616226196289 104.20011901855469 104.34674835205078 104.55999755859375 104.79623413085938 105.04844665527344 105.30055236816406 105.55323028564453 105.8154525756836 106.07938385009766 106.33853912353516 106.59932708740234 106.8644027709961
          107.12388610839844 107.37902069091797 107.62694549560547 107.87159729003906 108.10923767089844 108.34888458251953 108.59236907958984 108.83172607421875 109.0683364868164 109.29695892333984 109.52445983886719 109.75131225585938 109.97333526611328 110.19083404541016 110.40560913085938 110.61245727539062 110.8152847290039 111.01582336425781 111.21634674072266 111.415283203125
          111.61714935302734 111.81448364257812 112.00862121582031 112.19745635986328 112.37933349609375 112.55431365966797 112.71920013427734 112.87997436523438 113.02912902832031 113.16948699951172 113.29940795898438 113.41841125488281 113.52791595458984 113.62804412841797 113.7166976928711 113.79449462890625 113.86172485351562 113.91939544677734 113.96720123291016 114.00200653076172
          114.02635955810547 114.04206848144531 114.04924774169922 104.54425811767578 104.54129791259766 104.53466796875 104.5279769897461 104.5108642578125 104.48001861572266 104.43868255615234 104.38562774658203 104.32258605957031 104.25265502929688 104.18098449707031 104.10462188720703 104.0275650024414 103.95059967041016 103.87599182128906 103.79525756835938 103.7315902709961
          103.66395568847656 103.6038589477539 103.55581665039062 103.52899932861328 103.51516723632812 103.51065063476562 103.51702117919922 103.53679656982422 103.57364654541016 103.62633514404297 103.68925476074219 103.7071304321289 103.97805786132812 104.1834487915039 104.40258026123047 104.63546752929688 104.88817596435547 105.14599609375 105.40972900390625 105.6806869506836
          105.95410919189453 106.22486114501953 106.49385833740234 106.76722717285156 107.03511810302734 107.29810333251953 107.55184936523438 107.80140686035156 108.04437255859375 108.29236602783203 108.5438461303711 108.78736877441406 109.03009796142578 109.26973724365234 109.50397491455078 109.73528289794922 109.96443176269531 110.189697265625 110.4116439819336 110.62400817871094
          110.83067321777344 111.03753662109375 111.24140167236328 111.44461059570312 111.64645385742188 111.84636688232422 112.04249572753906 112.23330688476562 112.41753387451172 112.5942611694336 112.76223754882812 112.92207336425781 113.07376098632812 113.21472930908203 113.34654235839844 113.46697235107422 113.5779800415039 113.6780014038086 113.76762390136719 113.84605407714844
          113.91344451904297 113.97062683105469 114.0181884765625 114.05248260498047 114.07624053955078 114.09083557128906 114.0981216430664 104.2918701171875 104.28813934326172 104.27989959716797 104.26933288574219 104.2491226196289 104.21699523925781 104.1739730834961 104.11979675292969 104.05701446533203 103.9869155883789 103.91043853759766 103.82960510253906 103.74409484863281
          103.66321563720703 103.58334350585938 103.50926971435547 103.43893432617188 103.3721923828125 103.31314086914062 103.27164459228516 103.24427795410156 103.2273178100586 103.22152709960938 103.22772979736328 103.24342346191406 103.27447509765625 103.3316421508789 103.40174865722656 103.57817840576172 103.79102325439453 104.00833892822266 104.23304748535156 104.47118377685547
          104.7247085571289 104.9891586303711 105.2603988647461 105.54209899902344 105.82588195800781 106.10611724853516 106.38671875 106.66637420654297 106.94022369384766 107.21571350097656 107.47673034667969 107.73046112060547 107.98308563232422 108.23966979980469 108.49476623535156 108.74529266357422 108.99406433105469 109.24431610107422 109.48564147949219 109.7240219116211
          109.95964050292969 110.19075012207031 110.41992950439453 110.63484191894531 110.84746551513672 111.05996704101562 111.26747131347656 111.4730453491211 111.67813873291016 111.88033294677734 112.07807159423828 112.26992797851562 112.45569610595703 112.633544921875 112.80516815185547 112.96585083007812 113.11924743652344 113.26067352294922 113.3939437866211 113.51500701904297
          113.62621307373047 113.72669982910156 113.81620025634766 113.89540100097656 113.96282196044922 114.01917266845703 114.06495666503906 114.09874725341797 114.12230682373047 114.13689422607422 114.14410400390625 104.05426025390625 104.04899597167969 104.0366439819336 104.01763916015625 103.99317932128906 103.95919036865234 103.91304016113281 103.85604858398438 103.79081726074219
          103.71910858154297 103.64179229736328 103.55928039550781 103.47029113769531 103.38355255126953 103.3016357421875 103.22733306884766 103.15613555908203 103.09087371826172 103.03699493408203 102.99705505371094 102.9679183959961 102.95075988769531 102.9420166015625 102.94147491455078 102.9507064819336 102.96625518798828 103.0010986328125 103.10452270507812 103.37149810791016
          103.60095977783203 103.82655334472656 104.06100463867188 104.30095672607422 104.56381225585938 104.83592987060547 105.11241912841797 105.40023040771484 105.69316864013672 105.98558044433594 106.27352905273438 106.56092834472656 106.84387969970703 107.12567901611328 107.39694213867188 107.65784454345703 107.92008972167969 108.18495178222656 108.44745635986328 108.70598602294922
          108.96443176269531 109.22080993652344 109.47055053710938 109.7158203125 109.95745849609375 110.1945571899414 110.42621612548828 110.64847564697266 110.86479949951172 111.0811767578125 111.29360961914062 111.50296783447266 111.71131134033203 111.91470336914062 112.11293029785156 112.30703735351562 112.49310302734375 112.67432403564453 112.84748840332031 113.00997924804688
          113.16275024414062 113.3064193725586 113.44015502929688 113.56159973144531 113.67314910888672 113.77393341064453 113.8636474609375 113.94329833984375 114.00922393798828 114.06490325927734 114.11112213134766 114.14260864257812 114.16565704345703 114.18055725097656 114.18854522705078 103.8189926147461 103.81180572509766 103.79719543457031 103.77754211425781 103.74922943115234
          103.71117401123047 103.66104125976562 103.60045623779297 103.53334045410156 103.45901489257812 103.37798309326172 103.29279327392578 103.20161437988281 103.11306762695312 103.02973937988281 102.9535903930664 102.88239288330078 102.82113647460938 102.76780700683594 102.72496795654297 102.69127655029297 102.67230224609375 102.66639709472656 102.66461944580078 102.66504669189453
          102.60498809814453 102.61050415039062 102.93390655517578 103.17872619628906 103.41156005859375 103.64496612548828 103.88723754882812 104.13590240478516 104.40330505371094 104.68312072753906 104.96898651123047 105.2582778930664 105.5564193725586 105.85774230957031 106.15679931640625 106.45399475097656 106.74530029296875 107.03498840332031 107.31453704833984 107.58550262451172
          107.85669708251953 108.1304931640625 108.40227508544922 108.67082214355469 108.93844604492188 109.20166778564453 109.45722961425781 109.70953369140625 109.95516967773438 110.19740295410156 110.43357849121094 110.66129302978516 110.88270568847656 111.10369873046875 111.3196792602539 111.53287506103516 111.74376678466797 111.94805145263672 112.1488037109375 112.34355163574219
          112.53217315673828 112.71512603759766 112.88825225830078 113.05328369140625 113.20732116699219 113.35181427001953 113.48452758789062 113.60673522949219 113.71861267089844 113.81979370117188 113.90948486328125 113.98688507080078 114.05252838134766 114.10982513427734 114.15260314941406 114.18382263183594 114.20671844482422 114.22216033935547 114.23005676269531 103.58444213867188
          103.57630157470703 103.56291961669922 103.54170227050781 103.51091003417969 103.4695816040039 103.41749572753906 103.3538818359375 103.28238677978516 103.20294189453125 103.11767578125 103.02798461914062 102.93575286865234 102.84584045410156 102.7623291015625 102.68390655517578 102.61262512207031 102.55404663085938 102.50035858154297 102.4562759399414 102.41942596435547
          102.39179229736328 102.37946319580078 102.38687133789062 102.41341400146484 102.46823120117188 102.57239532470703 102.77153015136719 102.99678802490234 103.2267837524414 103.4635238647461 103.71200561523438 103.97763061523438 104.24578857421875 104.52347564697266 104.8148193359375 105.11425018310547 105.42033386230469 105.73087310791016 106.04036712646484 106.34413146972656
          106.64442443847656 106.94264221191406 107.23197937011719 107.50818634033203 107.79345703125 108.07847595214844 108.36103820800781 108.63788604736328 108.91278839111328 109.18196105957031 109.44518280029297 109.7030258178711 109.95514678955078 110.20124053955078 110.44209289550781 110.67465209960938 110.90105438232422 111.12628936767578 111.3453598022461 111.56171417236328
          111.77481842041016 111.98233795166016 112.18482971191406 112.37955474853516 112.57173919677734 112.75579833984375 112.93046569824219 113.09634399414062 113.24989318847656 113.39510345458984 113.5290756225586 113.6505126953125 113.76265716552734 113.86348724365234 113.95152282714844 114.02758026123047 114.09356689453125 114.14950561523438 114.19086456298828 114.22288513183594
          114.24626922607422 114.26231384277344 114.26990509033203 103.35624694824219 103.34639739990234 103.332763671875 103.3088150024414 103.27571868896484 103.23319244384766 103.18019104003906 103.11470794677734 103.03840637207031 102.95487976074219 102.86490631103516 102.77262878417969 102.677734375 102.58799743652344 102.50238037109375 102.42296600341797 102.35338592529297
          102.29327392578125 102.23664093017578 102.1898193359375 102.1521224975586 102.12342071533203 102.10797882080078 102.1044921875 102.10211181640625 102.24098205566406 102.3959732055664 102.58735656738281 102.80854797363281 103.0408706665039 103.28375244140625 103.54777526855469 103.8120346069336 104.08370971679688 104.36764526367188 104.66248321533203 104.96556854248047
          105.27407836914062 105.60232543945312 105.92546844482422 106.23967742919922 106.54500579833984 106.84770965576172 107.14632415771484 107.43351745605469 107.7311782836914 108.02656555175781 108.31857299804688 108.60508728027344 108.88774108886719 109.16470336914062 109.43427276611328 109.69877624511719 109.9548110961914 110.20415496826172 110.45128631591797 110.68849182128906
          110.91847229003906 111.14794158935547 111.37142944335938 111.59093475341797 111.80590057373047 112.01614379882812 112.219482421875 112.41731262207031 112.60957336425781 112.79561614990234 112.9721450805664 113.13692474365234 113.2916259765625 113.43644714355469 113.57025146484375 113.69256591796875 113.80400848388672 113.90254211425781 113.98918914794922 114.0651626586914
          114.13102722167969 114.18598175048828 114.22740936279297 114.25959777832031 114.28409576416016 114.29942321777344 114.30760192871094 103.13922119140625 103.13059997558594 103.11266326904297 103.08666229248047 103.05331420898438 103.01089477539062 102.95468139648438 102.8846435546875 102.80464935302734 102.71635437011719 102.62351989746094 102.52733612060547 102.4310073852539
          102.33927917480469 102.25126647949219 102.1721420288086 102.10152435302734 102.0377426147461 101.98070526123047 101.93033599853516 101.88609313964844 101.85136413574219 101.82624816894531 101.81062316894531 101.80145263671875 101.98041534423828 102.17333221435547 102.37747192382812 102.61376953125 102.86007690429688 103.10523223876953 103.38512420654297 103.6566162109375
          103.92657470703125 104.21647644042969 104.525146484375 104.827392578125 105.13748931884766 105.47048950195312 105.8046646118164 106.12805938720703 106.4449462890625 106.7544174194336 107.06178283691406 107.36236572265625 107.6689453125 107.97420501708984 108.27743530273438 108.57252502441406 108.8630142211914 109.14700317382812 109.42485046386719 109.69338989257812
          109.95471954345703 110.20887756347656 110.45854949951172 110.70085144042969 110.93399810791016 111.16787719726562 111.39715576171875 111.61914825439453 111.83576965332031 112.04814910888672 112.2534408569336 112.4534683227539 112.64763641357422 112.8343505859375 113.00994873046875 113.17716979980469 113.33108520507812 113.47587585449219 113.60863494873047 113.73067474365234
          113.84044647216797 113.93876647949219 114.02456665039062 114.1009750366211 114.16627502441406 114.22037506103516 114.26197052001953 114.295654296875 114.31877899169922 114.33448028564453 114.34268951416016 102.93412017822266 102.92660522460938 102.90906524658203 102.88078308105469 102.84745788574219 102.80038452148438 102.7383041381836 102.66333770751953 102.57820892333984
          102.48651885986328 102.38997650146484 102.29048919677734 102.19198608398438 102.09523010253906 102.00729370117188 101.92778778076172 101.85595703125 101.7907485961914 101.73065948486328 101.67424774169922 101.6229248046875 101.5780258178711 101.53804016113281 101.4896011352539 101.31554412841797 101.70594024658203 101.94505310058594 102.1692123413086 102.40496063232422
          102.66529083251953 102.93358612060547 103.20790100097656 103.49590301513672 103.78640747070312 104.07160186767578 104.38374328613281 104.69834899902344 105.0153579711914 105.34765625 105.68519592285156 106.0174560546875 106.34463500976562 106.66595458984375 106.98170471191406 107.29716491699219 107.61064147949219 107.92555236816406 108.23676300048828 108.54228973388672
          108.8392562866211 109.13140869140625 109.41412353515625 109.68919372558594 109.95580291748047 110.21073913574219 110.46394348144531 110.70891571044922 110.94933319091797 111.18681335449219 111.41870880126953 111.64520263671875 111.864990234375 112.07846069335938 112.28694152832031 112.490234375 112.68456268310547 112.87080383300781 113.04655456542969 113.21443939208984
          113.36919403076172 113.51114654541016 113.64424133300781 113.76543426513672 113.87471008300781 113.97307586669922 114.05854797363281 114.13455200195312 114.19859313964844 114.25206756591797 114.29521942138672 114.32905578613281 114.35218811035156 114.36751556396484 114.37518310546875 102.74258422851562 102.73360443115234 102.7141342163086 102.687744140625 102.64979553222656
          102.59886932373047 102.53083038330078 102.45060729980469 102.36162567138672 102.26502227783203 102.16327667236328 102.06116485595703 101.96161651611328 101.862060546875 101.77458190917969 101.69293975830078 101.62027740478516 101.55208587646484 101.48629760742188 101.42096710205078 101.36038208007812 101.30520629882812 101.2564697265625 101.20262908935547 101.30281829833984
          101.50531768798828 101.72888946533203 101.95935821533203 102.20894622802734 102.4744644165039 102.7580337524414 103.0424575805664 103.33818054199219 103.63687133789062 103.92706298828125 104.24861145019531 104.57318115234375 104.89727020263672 105.239501953125 105.5819320678711 105.91403198242188 106.24917602539062 106.57868194580078 106.90522003173828 107.23210144042969
          107.5561752319336 107.88410949707031 108.20355224609375 108.51423645019531 108.81934356689453 109.11750030517578 109.40459442138672 109.68460083007812 109.95269775390625 110.2105941772461 110.46644592285156 110.7165298461914 110.96578216552734 111.20536041259766 111.44068908691406 111.66895294189453 111.89148712158203 112.10785675048828 112.32137298583984 112.52398681640625
          112.7191162109375 112.90402221679688 113.08256530761719 113.24915313720703 113.40316772460938 113.5460433959961 113.67753601074219 113.79637145996094 113.90645599365234 114.00300598144531 114.08880615234375 114.16400909423828 114.22754669189453 114.28153228759766 114.32623291015625 114.35991668701172 114.38329315185547 114.39746856689453 114.4054946899414 102.56078338623047
          102.55046081542969 102.52919006347656 102.49842834472656 102.45765686035156 102.40318298339844 102.33052825927734 102.24576568603516 102.15217590332031 102.05242156982422 101.9476089477539 101.84231567382812 101.73939514160156 101.64180755615234 101.55381774902344 101.47312927246094 101.39669799804688 101.3204574584961 101.24422454833984 101.16967010498047 101.09734344482422
          101.02803802490234 100.96268463134766 100.9054183959961 101.09479522705078 101.28455352783203 101.51014709472656 101.74944305419922 102.01966094970703 102.28034210205078 102.57293701171875 102.8806381225586 103.18746948242188 103.49003601074219 103.79383850097656 104.12158203125 104.44915008544922 104.78662872314453 105.13319396972656 105.47689819335938 105.81658172607422
          106.1612548828125 106.50020599365234 106.83507537841797 107.17267608642578 107.5095443725586 107.8448486328125 108.17207336425781 108.49044799804688 108.8014144897461 109.10334777832031 109.3970947265625 109.67523956298828 109.94721221923828 110.21036529541016 110.47227478027344 110.72477722167969 110.97862243652344 111.22315979003906 111.45984649658203 111.69363403320312
          111.91697692871094 112.13813018798828 112.34968566894531 112.5554428100586 112.74879455566406 112.93720245361328 113.1144027709961 113.2799072265625 113.43224334716797 113.5755615234375 113.70574188232422 113.82435607910156 113.93399810791016 114.03052520751953 114.11589813232422 114.18986511230469 114.25306701660156 114.30744934082031 114.35305786132812 114.38813018798828
          114.41104888916016 114.42520141601562 114.43319702148438 102.39099884033203 102.37825775146484 102.35415649414062 102.31945037841797 102.27523803710938 102.21539306640625 102.14002227783203 102.05097961425781 101.95382690429688 101.84990692138672 101.74190521240234 101.6340103149414 101.53031921386719 101.4354476928711 101.34874725341797 101.26487731933594 101.1811294555664
          101.09761047363281 101.01032257080078 100.92217254638672 100.8366470336914 100.74568176269531 100.60596466064453 100.70579528808594 100.84654235839844 101.04545593261719 101.2907485961914 101.55243682861328 101.82675170898438 102.11488342285156 102.41083526611328 102.7243881225586 103.03382873535156 103.35456848144531 103.67384338378906 104.00648498535156 104.34153747558594
          104.6817398071289 105.03050994873047 105.3823013305664 105.7330093383789 106.08241271972656 106.4300537109375 106.77680969238281 107.12548828125 107.46881103515625 107.81005096435547 108.14325714111328 108.46907043457031 108.78438568115234 109.09247589111328 109.38333892822266 109.66661834716797 109.94222259521484 110.2125473022461 110.47622680664062 110.73580932617188
          110.99043273925781 111.23908996582031 111.47981262207031 111.71366119384766 111.94253540039062 112.16303253173828 112.37480163574219 112.5799789428711 112.77600860595703 112.96490478515625 113.14083862304688 113.30596160888672 113.45708465576172 113.59964752197266 113.73094940185547 113.84937286376953 113.95834350585938 114.05400085449219 114.1384048461914 114.21257019042969
          114.27742767333984 114.3329086303711 114.37865447998047 114.4145278930664 114.43844604492188 114.45256042480469 114.45967864990234 102.23173522949219 102.21807861328125 102.19269561767578 102.15459442138672 102.10343170166016 102.03936004638672 101.96049499511719 101.86775970458984 101.76512145996094 101.65777587890625 101.54853057861328 101.43930053710938 101.33578491210938
          101.23954772949219 101.15033721923828 101.06153869628906 100.97087860107422 100.8757553100586 100.77523803710938 100.67912292480469 100.5831069946289 100.48815155029297 100.40744018554688 100.39797973632812 100.5251235961914 100.7737808227539 101.05752563476562 101.35948181152344 101.65625762939453 101.955078125 102.26170349121094 102.59242248535156 102.9036636352539
          103.2301025390625 103.5659408569336 103.90057373046875 104.24286651611328 104.58727264404297 104.93811798095703 105.29689025878906 105.65372467041016 106.0118408203125 106.37075805664062 106.72593688964844 107.0836181640625 107.43354034423828 107.78007507324219 108.12163543701172 108.4491195678711 108.76821899414062 109.07624053955078 109.37211608886719 109.66102600097656
          109.94043731689453 110.21422576904297 110.48121643066406 110.7436294555664 111.00243377685547 111.25355529785156 111.49580383300781 111.7330551147461 111.96241760253906 112.18470001220703 112.3980712890625 112.60128021240234 112.79942321777344 112.98702239990234 113.16121673583984 113.32579803466797 113.47769165039062 113.62142181396484 113.75235748291016 113.87152862548828
          113.9789810180664 114.07467651367188 114.15977478027344 114.23444366455078 114.30036163330078 114.35681915283203 114.40245056152344 114.43783569335938 114.46334838867188 114.4783935546875 114.48456573486328 102.08409881591797 102.0709228515625 102.04316711425781 102.00077056884766 101.94591522216797 101.87901306152344 101.79395294189453 101.69491577148438 101.58883666992188
          101.47980499267578 101.3668212890625 101.25550842285156 101.14871978759766 101.05138397216797 100.95528411865234 100.85856628417969 100.75938415527344 100.65372467041016 100.54668426513672 100.43917083740234 100.32955169677734 100.21752166748047 100.0926742553711 99.90691375732422 100.01136779785156 100.49327850341797 100.84258270263672 101.17462921142578 101.49039459228516
          101.80552673339844 102.13127899169922 102.46361541748047 102.78846740722656 103.12037658691406 103.46219635009766 103.8056640625 104.15215301513672 104.50277709960938 104.85767364501953 105.22030639648438 105.5852279663086 105.94957733154297 106.31708526611328 106.68121337890625 107.04766845703125 107.40630340576172 107.75774383544922 108.09890747070312 108.43038177490234
          108.75161743164062 109.06175994873047 109.36385345458984 109.65574645996094 109.93801879882812 110.21615600585938 110.4876937866211 110.75177001953125 111.01166534423828 111.26233673095703 111.5123062133789 111.75017547607422 111.97978973388672 112.20310974121094 112.4153060913086 112.61933898925781 112.81634521484375 113.0023193359375 113.17813110351562 113.34268188476562
          113.49451446533203 113.6396713256836 113.77127838134766 113.89034271240234 113.99740600585938 114.09371185302734 114.17865753173828 114.25615692138672 114.32207489013672 114.37862396240234 114.42426300048828 114.4598388671875 114.48651123046875 114.50228118896484 114.50873565673828 101.95318603515625 101.93895721435547 101.90938568115234 101.86339569091797 101.80501556396484
          101.73388671875 101.64308166503906 101.54164123535156 101.43172454833984 101.31788635253906 101.20161437988281 101.08480072021484 100.97537231445312 100.87084197998047 100.7662582397461 100.66004943847656 100.55103302001953 100.43738555908203 100.32083129882812 100.20722961425781 100.08499145507812 99.95256042480469 99.77954864501953 99.41883087158203 99.89813232421875
          100.2953109741211 100.65859985351562 101.00202941894531 101.3387222290039 101.67417907714844 102.01045989990234 102.34750366210938 102.68548583984375 103.02593231201172 103.37093353271484 103.72055053710938 104.07280731201172 104.42942810058594 104.78853607177734 105.15286254882812 105.52169799804688 105.89551544189453 106.27117156982422 106.64460754394531 107.01945495605469
          107.38390350341797 107.73494720458984 108.07801055908203 108.41411590576172 108.73844909667969 109.0512924194336 109.35706329345703 109.65080261230469 109.9376449584961 110.21845245361328 110.4908218383789 110.75741577148438 111.01948547363281 111.27394104003906 111.52216339111328 111.76311492919922 111.99497985839844 112.2169418334961 112.42918395996094 112.63215637207031
          112.82758331298828 113.01273345947266 113.18917846679688 113.35677337646484 113.51046752929688 113.6571044921875 113.7867660522461 113.90447998046875 114.01302337646484 114.10902404785156 114.197998046875 114.27569580078125 114.341552734375 114.39852142333984 114.44416809082031 114.47997283935547 114.506103515625 114.52303314208984 114.53168487548828 101.83623504638672
          101.82156372070312 101.79168701171875 101.74415588378906 101.68040466308594 101.60379028320312 101.51113891601562 101.40682983398438 101.29317474365234 101.17424011230469 101.05072784423828 100.92854309082031 100.8115234375 100.69676971435547 100.58259582519531 100.46725463867188 100.3506851196289 100.22943878173828 100.10603332519531 99.98275756835938 99.85208129882812
          99.71273040771484 99.54518127441406 99.21756744384766 99.74059295654297 100.12715148925781 100.5008316040039 100.85763549804688 101.2072982788086 101.55474090576172 101.89922332763672 102.2447280883789 102.59178161621094 102.94063568115234 103.29017639160156 103.64645385742188 104.0042953491211 104.36532592773438 104.73089599609375 105.09516906738281 105.46673583984375
          105.85090637207031 106.23161315917969 106.61386108398438 106.99395751953125 107.35980987548828 107.71641540527344 108.06483459472656 108.40003967285156 108.72835540771484 109.04345703125 109.34852600097656 109.64803314208984 109.93737030029297 110.21923828125 110.49384307861328 110.76054382324219 111.02481842041016 111.28114318847656 111.53043365478516 111.77338409423828
          112.00506591796875 112.2266845703125 112.43805694580078 112.64167785644531 112.83512878417969 113.0208969116211 113.1986312866211 113.36802673339844 113.52482604980469 113.6693115234375 113.79991149902344 113.91712951660156 114.02628326416016 114.12389373779297 114.21453857421875 114.29251098632812 114.35926818847656 114.41598510742188 114.46250915527344 114.49810028076172
          114.52473449707031 114.54200744628906 114.55135345458984 101.73625946044922 101.72132110595703 101.69120788574219 101.64312744140625 101.5771255493164 101.49565124511719 101.4013442993164 101.29325866699219 101.17417907714844 101.04869079589844 100.9144287109375 100.7813720703125 100.65496826171875 100.52745819091797 100.40231323242188 100.27781677246094 100.1547622680664
          100.02837371826172 99.90001678466797 99.7685775756836 99.63272094726562 99.4920654296875 99.34765625 99.21067810058594 99.64319610595703 100.00379943847656 100.37149810791016 100.73606872558594 101.0982666015625 101.45046997070312 101.80213928222656 102.15362548828125 102.51060485839844 102.86356353759766 103.21961975097656 103.58097076416016 103.94486999511719
          104.3128890991211 104.68020629882812 105.05023956298828 105.42060852050781 105.81217956542969 106.20252227783203 106.58990478515625 106.97068786621094 107.34074401855469 107.70114135742188 108.04975891113281 108.38961791992188 108.7185287475586 109.03685760498047 109.345458984375 109.64599609375 109.9350357055664 110.21788787841797 110.49474334716797 110.76329803466797
          111.02749633789062 111.28563690185547 111.5359115600586 111.78022766113281 112.01145935058594 112.23291015625 112.44359588623047 112.646728515625 112.84169006347656 113.02688598632812 113.20770263671875 113.37713623046875 113.5331802368164 113.67842102050781 113.80999755859375 113.9283447265625 114.03829193115234 114.13804626464844 114.22786712646484 114.30673217773438
          114.3746109008789 114.43173217773438 114.47821044921875 114.51399993896484 114.54033660888672 114.5579605102539 114.56673431396484 101.65438079833984 101.63770294189453 101.60514831542969 101.55897521972656 101.49588012695312 101.4113540649414 101.31111145019531 101.19831085205078 101.07073974609375 100.93346405029297 100.79049682617188 100.64749908447266 100.50211334228516
          100.35615539550781 100.2196044921875 100.08932495117188 99.96076202392578 99.83135986328125 99.69660186767578 99.5606918334961 99.41438293457031 99.25917053222656 99.01072692871094 99.27361297607422 99.58023071289062 99.91482543945312 100.27049255371094 100.64042663574219 101.00421142578125 101.36089324951172 101.71784210205078 102.0750732421875 102.43864440917969
          102.79804992675781 103.15823364257812 103.52592468261719 103.89696502685547 104.26763153076172 104.63922119140625 105.01307678222656 105.38816833496094 105.78290557861328 106.1790542602539 106.5683822631836 106.9530029296875 107.32674407958984 107.68783569335938 108.04003143310547 108.38092041015625 108.7112045288086 109.03144836425781 109.34152221679688 109.64305114746094
          109.9339828491211 110.21637725830078 110.49378204345703 110.7631607055664 111.03019714355469 111.28803253173828 111.53846740722656 111.78227996826172 112.01441955566406 112.23604583740234 112.44815826416016 112.65067291259766 112.84455108642578 113.0328598022461 113.21375274658203 113.38238525390625 113.53887939453125 113.68468475341797 113.81770324707031 113.93821716308594
          114.04891204833984 114.14909362792969 114.23907470703125 114.3187484741211 114.38760375976562 114.4455795288086 114.49188995361328 114.52799987792969 114.55465698242188 114.57299041748047 114.58197784423828 101.58658599853516 101.56963348388672 101.53636932373047 101.48766326904297 101.42327117919922 101.34185791015625 101.24337005615234 101.12503051757812 100.98705291748047
          100.83616638183594 100.67583465576172 100.51197814941406 100.34020233154297 100.17769622802734 100.03369140625 99.89958190917969 99.7721939086914 99.64070129394531 99.49882507324219 99.34933471679688 99.1929702758789 99.04427337646484 98.81307220458984 99.19696044921875 99.5111083984375 99.84212493896484 100.19554901123047 100.56434631347656 100.92926025390625
          101.29067993164062 101.65055847167969 102.01042938232422 102.37672424316406 102.74341583251953 103.11091613769531 103.48143768310547 103.85530090332031 104.23124694824219 104.60816192626953 104.9841079711914 105.36600494384766 105.76118469238281 106.1618881225586 106.55420684814453 106.94017028808594 107.31568145751953 107.67963409423828 108.03244018554688 108.37445831298828
          108.70536041259766 109.02816772460938 109.33796691894531 109.63847351074219 109.93263244628906 110.21786499023438 110.49407958984375 110.76181030273438 111.02738952636719 111.28901672363281 111.53865814208984 111.78155517578125 112.01374053955078 112.23797607421875 112.45039367675781 112.6532211303711 112.84788513183594 113.03524017333984 113.21532440185547 113.3849868774414
          113.54302215576172 113.68998718261719 113.82477569580078 113.9450912475586 114.05579376220703 114.1570816040039 114.24791717529297 114.3282470703125 114.39825439453125 114.45670318603516 114.50384521484375 114.54013061523438 114.56719970703125 114.5857162475586 114.59471893310547 101.53741455078125 101.51969146728516 101.484619140625 101.43291473388672 101.3650131225586
          101.2795639038086 101.17877960205078 101.05730438232422 100.91604614257812 100.75794219970703 100.57757568359375 100.37886047363281 100.16011810302734 99.98121643066406 99.83832550048828 99.7044677734375 99.59160614013672 99.46489715576172 99.3185806274414 99.14728546142578 98.96043395996094 98.81319427490234 98.80545043945312 99.13636779785156 99.44767761230469
          99.78988647460938 100.14523315429688 100.50993347167969 100.87664031982422 101.23816680908203 101.59660339355469 101.96044921875 102.32926177978516 102.70000457763672 103.07332611083984 103.44991302490234 103.82450866699219 104.20330047607422 104.58295440673828 104.9635238647461 105.35308074951172 105.74870300292969 106.14704132080078 106.54387664794922 106.93304443359375
          107.30701446533203 107.67424011230469 108.02748107910156 108.37075805664062 108.70403289794922 109.02571105957031 109.3355484008789 109.635986328125 109.92715454101562 110.21641540527344 110.4936294555664 110.7623062133789 111.02544403076172 111.28504180908203 111.53718566894531 111.77976989746094 112.01283264160156 112.2373046875 112.45086669921875 112.6540298461914
          112.85066223144531 113.03701782226562 113.21508026123047 113.38541412353516 113.54527282714844 113.69357299804688 113.82679748535156 113.95227813720703 114.06237030029297 114.16217041015625 114.25324249267578 114.33521270751953 114.4068374633789 114.46532440185547 114.51316833496094 114.54999542236328 114.57661437988281 114.59550476074219 114.60469818115234 101.50372314453125
          101.48551177978516 101.4495620727539 101.39693450927734 101.32780456542969 101.2406234741211 101.13453674316406 101.0096664428711 100.86548614501953 100.70048522949219 100.50764465332031 100.2703628540039 99.90752410888672 99.70658111572266 99.6260986328125 99.4850845336914 99.42066192626953 99.3179931640625 99.16606140136719 98.9550552368164 98.67772674560547
          98.31767272949219 98.74925231933594 99.0783462524414 99.39837646484375 99.7518081665039 100.11885833740234 100.47239685058594 100.84101867675781 101.2032241821289 101.56244659423828 101.92640686035156 102.29767608642578 102.67096710205078 103.04705047607422 103.42679595947266 103.80265045166016 104.18373107910156 104.5684585571289 104.95264434814453 105.34550476074219
          105.74434661865234 106.13777923583984 106.5398178100586 106.9262466430664 107.30160522460938 107.6701889038086 108.02481079101562 108.36954498291016 108.70268249511719 109.0244140625 109.33531951904297 109.6336441040039 109.92620849609375 110.21085357666016 110.48985290527344 110.76190948486328 111.02278137207031 111.28276062011719 111.5319595336914 111.77942657470703
          112.01139831542969 112.23625946044922 112.44996643066406 112.65462493896484 112.85108947753906 113.03671264648438 113.21439361572266 113.38680267333984 113.54521942138672 113.69571685791016 113.8306884765625 113.953369140625 114.06571960449219 114.16734313964844 114.25774383544922 114.33903503417969 114.41183471679688 114.47107696533203 114.51933288574219 114.55677032470703
          114.5831527709961 114.60221862792969 114.61148834228516 101.4859619140625 101.46792602539062 101.4320297241211 101.37905883789062 101.30928802490234 101.22142791748047 101.11540985107422 100.98989868164062 100.84410095214844 100.67444610595703 100.47596740722656 100.2441635131836 99.97346496582031 99.71908569335938 99.4052505493164 99.11372375488281 99.27732849121094
          99.22294616699219 99.06851959228516 98.8047866821289 98.31233215332031 98.11784362792969 98.66879272460938 99.03872680664062 99.37176513671875 99.73025512695312 100.10724639892578 100.45481872558594 100.8235092163086 101.18510437011719 101.54631805419922 101.90798950195312 102.28050994873047 102.656005859375 103.03177642822266 103.41512298583984 103.79351806640625
          104.17481994628906 104.56092834472656 104.94896697998047 105.34115600585938 105.74322509765625 106.13975524902344 106.53427124023438 106.92276000976562 107.2989730834961 107.66844940185547 108.0253677368164 108.3690185546875 108.70284271240234 109.02437591552734 109.33385467529297 109.6329345703125 109.92364501953125 110.2093734741211 110.48745727539062 110.76031494140625
          111.01991271972656 111.28058624267578 111.53180694580078 111.77530670166016 112.01187896728516 112.23442077636719 112.44918060302734 112.65373229980469 112.85028839111328 113.0361328125 113.21537780761719 113.38681030273438 113.54610443115234 113.69678497314453 113.83028411865234 113.95463562011719 114.0670394897461 114.1692886352539 114.26056671142578 114.34130096435547
          114.41413879394531 114.47376251220703 114.52240753173828 114.56033325195312 114.5866928100586 114.60558319091797 114.61492156982422 
        </DataArray>
        <DataArray type="Float64" Name="Drawdown" format="ascii">
          11.935717773437489 12.43743438720702 13.241294860839844 14.147985839843756 14.959880065917957 15.673620605468756 16.390344238281244 16.810890197753906 16.73523559570313 16.862167358398438 17.09208984374999 17.225392150878918 17.062089538574213 16.80096130371095 16.441740417480474 16.28405303955077 16.128707885742188 15.876002502441395 15.525364685058605 15.076336669921886 14.529002380371082
          13.683308410644543 12.739514160156261 12.095628356933588 11.853314208984372 12.113525390625 12.778085327148432 13.449389648437489 13.928086853027338 14.213238525390636 14.40509643554688 14.50030364990235 14.599630737304693 14.70330657958985 14.611590576171864 14.722628784179676 15.037496948242193 15.557186889648449 15.883750915527344 15.91607513427735 16.051306152343756
          16.191358947753912 16.3364242553711 16.48609008789063 16.241897583007812 15.999803161621088 15.860409545898449 15.924624633789051 15.895591735839844 15.871655273437511 15.753181457519531 15.639338684082034 15.530004882812506 15.125531005859372 14.721492004394534 14.11945190429688 13.61783142089844 13.016531372070318 12.614414978027341 12.215708923339847 11.720939636230469
          11.32904663085938 10.843432617187503 10.46245727539062 9.889332580566403 9.320205688476562 8.55657958984375 8.494639587402347 7.654931640624994 6.721731567382818 6.293925476074222 5.681416320800778 5.580137634277349 6.400709533691412 6.770208740234381 6.480570983886722 5.998921203613278 5.192758178710932 4.22445373535156 2.596853637695318 1.297621154785162
          -0.011071777343744316 1.4862548828125028 2.086172485351568 12.444628906249989 13.046345520019543 13.750457763671875 14.559017944335949 15.469851684570301 16.283370971679688 16.900308227539057 17.12115936279298 17.145367431640636 17.072734069824207 17.202870178222668 17.336157226562506 17.0728775024414 16.811451721191418 16.651651000976557 16.393955993652355 16.33806915283202
          15.985348510742199 15.634428405761724 15.285140991210938 14.637471008300793 13.890548706054688 13.145899963378895 12.901380920410162 12.759631347656239 13.020422363281256 13.58557739257813 14.157392883300787 14.538165283203114 14.82337036132813 14.91387786865235 15.008589172363287 15.107633972167974 15.311019897460938 15.319303894042974 15.330975341796886 15.545996093750006
          15.865922546386713 16.09202880859374 16.123612976074213 16.25853881835937 16.3984390258789 16.244488525390636 16.193276977539057 16.24627685546875 16.103900146484364 15.864834594726574 15.928775024414051 15.899467468261719 15.775431823730457 15.755744934082031 15.64212341308594 15.432904052734372 15.027278137207034 14.622453308105463 14.019703674316403 13.417274475097656
          12.814532470703128 12.212843322753912 11.712901306152347 11.216590881347656 10.92315673828125 10.436901855468747 9.856536865234375 9.280718994140628 8.510607910156253 7.644609069824213 7.580647277832028 7.134889221191401 6.301910400390625 5.077995300292969 4.558978271484378 4.458180236816403 4.385939025878912 5.146626281738278 5.361482238769526 4.712364196777344
          3.939495849609372 2.284069824218747 0.4729110717773466 -0.015794372558588066 1.7029708862304744 2.1610260009765625 3.189347839355463 12.963244628906239 13.565113830566418 14.269584655761719 15.079022216796886 15.790122985839844 16.50395507812499 17.021273803710926 17.14239959716798 17.266447448730474 17.29382934570313 17.22467498779298 17.25806884765626 17.09429321289062
          16.83265380859376 16.672395324707026 16.61377716064453 16.657127380371094 16.403826904296864 16.052655029296886 15.403283691406244 14.754476928710943 14.105921936035145 13.759686279296886 13.715129089355457 13.773730468749989 13.935780334472668 14.403330993652332 14.87627563476562 15.155636596679699 15.3405746459961 15.330677795410168 15.424740600585949 15.62322845458985
          15.726774597167974 15.834547424316412 15.846676635742199 15.962422180175793 16.182478332519537 16.308134460449224 16.338650512695324 16.37333984374999 16.512240600585926 16.357595825195318 16.30559844970702 16.058201599121105 16.013017272949213 16.07208251953125 15.937380981445301 15.807348632812506 15.682015991210932 15.6614974975586 15.448005676269531 15.138099670410156
          14.73065795898438 14.124520874023432 13.519879150390622 12.914413452148438 12.409374999999997 11.806892395019531 11.305767822265622 10.70831298828125 10.31244506835938 9.824588012695315 9.241491699218756 8.562789916992188 7.788719177246094 7.218562316894534 6.358590698242182 5.804646301269528 4.963786315917972 4.629289245605463 3.9139343261718693 3.314227294921878
          3.2375762939453097 2.908517456054682 3.326425170898432 2.6355041503906307 2.372819519042963 -0.0014053344726505657 -0.0195465087890625 1.6849594116210938 2.5512619018554688 3.262005615234372 4.21169738769531 13.592205810546886 14.294204711914062 15.101055908203136 15.809394836425781 16.220869445800787 16.835121154785156 17.352798461914062 17.374290466308594 17.4982925415039
          17.7255828857422 17.457183837890625 17.29083709716798 17.226580810546864 16.864834594726574 16.704026794433588 16.445050048828136 16.786714172363276 16.63263549804688 16.081097412109386 15.729902648925787 15.280241394042974 14.731541442871105 14.584062194824213 14.540000915527344 14.499487304687506 14.462612915039074 14.929446411132801 15.402169799804682 15.68097381591798
          15.765393066406261 15.854489135742199 15.948468017578136 16.047207641601574 16.15051727294923 16.25818328857423 16.37019042968751 16.287133789062494 16.307296752929688 16.331961059570318 16.460836791992193 16.395152282714832 16.532687377929676 16.476463317871094 16.223985290527338 16.074009704589855 15.927627563476562 16.08458709716797 16.048672485351574 15.718296813964855
          15.491293334960943 15.469447326660159 15.15603942871094 14.645095825195312 13.93597564697265 13.327137756347653 12.718055725097656 12.209294128417966 11.702302551269526 11.19739379882813 10.694873046875003 9.995892333984372 9.398979187011719 9.00506439208985 8.319114685058594 7.635621643066401 7.05563049316406 6.482078552246094 5.915728759765628 4.859831237792974
          4.207054138183594 3.569352722167963 3.044659423828122 2.04119873046875 2.250135803222662 1.9166748046875028 1.7487884521484318 1.4301559448242216 -0.04488372802734375 -0.013453674316409092 2.1328231811523466 2.633740234374997 3.460314941406253 4.2061920166015625 5.076033020019537 14.13275604248048 14.937028503417963 15.842552185058594 16.45104370117187 16.862632751464844
          17.277616882324224 17.396453857421875 17.418060302734375 17.94135284423828 17.96966552734375 17.60125122070312 17.434584045410162 17.070709228515625 16.808016967773426 16.646629333496094 16.486424255371105 16.827279663085932 16.771881103515625 16.318954467773438 16.066600036621082 15.616229248046864 15.3662094116211 15.717509460449207 15.674035644531244 15.533964538574224
          15.397303771972645 15.464678955078114 15.736769104003912 15.914794921875 16.09795532226562 16.28636474609374 16.380503845214832 16.379541015624994 16.383026123046875 16.490615844726562 16.602584838867188 16.519245910644543 16.43908081054687 16.462562561035156 16.490751647949224 16.523175048828136 16.5599395751953 16.302334594726574 16.246377563476557 16.09490661621095
          16.04638061523437 15.903012084960949 15.76434326171875 15.729733276367199 15.700830078124994 15.778114318847656 14.766407775878903 13.85263366699219 13.239393615722662 12.427900695800787 11.914508056640628 11.403205871582031 10.893498229980466 10.3858657836914 9.682208251953128 9.07898559570313 8.378913879394531 7.980467224121099 7.2899627685546875 6.601846313476557
          5.917536926269534 5.237583923339841 4.762765502929682 3.6993606567382784 3.434513854980466 2.8880386352539062 2.055746459960943 1.337141418457037 1.2297439575195312 1.5538558959960938 1.536759948730463 1.082637023925784 0.26339569091797443 1.664057922363284 2.773503112792966 3.5567871093749943 4.331732177734381 5.208561706542966 5.896278381347656 14.68671112060548
          15.490090942382807 16.196186828613293 16.70514373779298 17.117152404785145 17.53234252929687 17.850752258300787 17.573533630371088 18.097665405273432 18.125894165039057 17.956457519531256 17.68963775634765 17.42449645996095 16.961949157714855 16.600325012207037 16.538914489746105 16.8787857055664 16.92192993164062 16.567546081542957 16.41387176513672 15.86267700195313
          15.711589050292957 16.162576293945307 16.119094848632812 16.078398132324224 16.2406005859375 16.307640075683594 16.478982543945307 16.556230163574213 16.638780212402338 16.8266632080078 16.721290588378906 16.81951141357422 16.923065185546875 16.83192138671876 16.7438980102539 16.659208679199224 16.677593994140636 16.7001983642578 16.627716064453125 16.55877380371095
          16.593234252929676 16.432699584960943 16.3747589111328 16.12122039794923 16.070054626464838 16.023847961425787 15.68329467773438 15.644976806640614 15.513586425781256 15.488291931152347 14.871382141113287 14.253762817382807 13.440538024902338 12.724955749511722 11.910441589355472 11.196118164062497 10.5830078125 9.87273559570312 9.263500976562497 8.556936645507818
          7.752951049804693 7.250537109375003 6.356805419921869 5.563119506835932 4.871745300292972 4.184796142578122 3.5043624877929744 2.629368591308591 2.2544586181640653 1.9922058105468778 1.3464172363281222 1.1077392578124972 0.7833053588867216 0.3771514892578125 1.2770782470703068 1.505401611328125 1.6006362915039034 2.6548187255859403 3.636758422851557 4.272990417480472
          5.088401794433594 5.790576171875003 6.5892791748046875 15.65056915283202 16.054452514648432 16.6610137939453 17.270222473144543 17.583078002929682 17.899191284179693 18.118547058105463 18.140542602539057 18.166886901855463 18.195077514648432 18.125205993652344 17.85740966796874 17.7906509399414 17.32708892822265 16.864770507812494 16.702803039550787 17.041590881347645
          17.0834991455078 16.72761230468751 16.572434997558588 16.219126892089832 16.266864013671864 16.617942810058594 16.474331665039074 16.3333755493164 16.395463562011713 16.361854553222656 16.8309310913086 17.106713867187494 17.38807373046876 17.575643920898443 17.5694549560547 17.568431091308582 17.373274230957037 17.082138061523438 16.992825317382824 16.906991577148432
          16.8245834350586 16.945272827148443 16.771821594238276 16.601109313964855 16.533410644531244 16.469458007812506 16.209632873535156 16.151692199707043 15.998603820800781 15.84929962158202 15.704031372070318 15.662417602539051 15.7268081665039 15.499468994140628 15.076860046386713 14.456211853027341 13.837059020996094 13.218554687500003 12.7001953125 11.984140014648432
          11.0692138671875 10.054119873046872 9.33953704833985 8.527975463867193 7.917779541015619 7.212535095214847 6.313333129882807 5.513787841796869 4.716317749023432 4.021899414062503 3.233790588378909 2.348405456542963 1.8629516601562557 1.5858139038085994 1.3176025390625057 1.65283203125 0.9141311645507812 0.9680908203124972 1.5210891723632756 1.7735839843749943
          2.1932647705078097 3.1371170043945256 4.334132385253909 4.901179504394534 5.840493774414057 6.364602661132807 7.072323608398435 16.427267456054693 16.830960083007824 17.138703918457026 17.54938507080078 17.862896728515636 18.0799560546875 18.200105285644526 18.322589111328114 18.348529052734364 18.177467346191406 18.007664489746105 18.037983703613293 18.170072937011724
          17.904801940917963 17.341590881347656 16.9788833618164 17.116923522949207 17.05730590820312 16.898832702636724 16.841755676269543 16.68663940429687 16.733796691894526 16.984410095214855 16.839639282226557 16.79724884033203 16.758695983886724 16.724102783203136 17.093103027343744 17.46807708740235 17.649688720703125 17.936061096191395 18.128704833984386 18.027902221679682
          17.931265258789068 17.5401596069336 17.250762939453125 17.063395690917957 16.979278564453125 16.89929656982423 16.822595214843744 16.74932708740235 16.579743957519526 16.412762451171886 16.24860382080078 16.187550354003918 16.03113555908203 15.878131103515614 15.629109191894543 15.682521057128895 15.942555236816418 15.71161499023438 15.283863830566403 14.658164978027344
          14.132763671874997 13.610437011718744 12.78985748291015 12.168064880371091 11.149507141113276 10.029049682617185 9.507051086425776 8.790080261230472 8.274070739746094 7.663127136230472 6.856127929687503 5.952607727050776 4.949583435058599 4.146940612792974 3.4492034912109375 2.65411376953125 2.158093261718747 1.8659484863281222 1.5801971435546847 1.4964218139648438
          1.6190093994140682 2.041665649414057 2.268045043945307 2.1787307739257784 3.0479965209960938 3.1882553100585938 4.186521911621099 5.061846923828128 6.206455993652341 7.037126159667963 7.752873229980466 17.217256164550776 17.421780395507824 17.629867553710938 17.84137268066405 18.155532836914062 18.273461914062494 18.39403076171874 18.51733856201173 18.443827819824207
          18.371789550781244 18.201704406738287 18.13287811279298 18.065707397460926 17.799208068847662 17.433006286621094 17.16771240234374 17.204081726074207 17.242045593261707 17.082008361816406 17.023428344726568 16.966580200195324 17.112478637695318 17.26233673095703 17.116047668457043 17.072245788574207 17.231610107421886 17.296009826660168 17.564971923828125 17.84002227783202
          18.021038818359386 18.2075180053711 18.200474548339855 18.296963500976574 18.19952545166015 17.807160949707026 17.217497253417974 17.127047729492176 17.04151153564453 16.86004180908202 16.780723571777344 16.60540313720702 16.432638549804693 16.261689758300776 16.193159484863287 16.128695678710926 15.968489074707037 15.811181640624994 15.557406616210926 15.905737304687506
          15.863681030273426 15.526728820800784 15.192141723632815 14.660377502441406 14.129528808593747 13.501945495605469 12.874736022949222 12.049494934082034 10.825382995605466 9.898127746582034 9.271093750000006 8.746333312988284 8.224922180175781 7.408622741699219 6.5943756103515625 5.782402038574219 4.971611022949219 4.261407470703119 3.7529357910156307 3.345036315917966
          3.0367401123046847 2.7306106567382784 2.426770019531247 2.027522277832034 2.1263671874999943 2.6185363769531307 3.603602600097659 3.4904541015625057 3.543705749511716 3.7653869628906307 4.954345703125 6.123841857910151 6.682298278808588 7.715653991699213 8.53296508789063 17.822175598144526 17.92698974609374 18.035504150390636 18.346582031249994 18.661428833007818
          18.680143737792974 18.701696777343756 18.725981140136724 18.652447509765636 18.48101959228515 18.210842895507824 18.041551208496088 17.773518371582043 17.604837036132807 17.33668212890626 17.268824768066395 17.103805541992188 16.940464782714855 16.977627563476574 16.817575073242182 17.15789642333985 17.203604125976568 17.351966857910156 17.40326690673828 17.557389831542963
          17.716143798828114 17.779826354980457 18.04810180664063 18.22307586669922 18.303848266601562 18.489022827148432 18.48058319091797 18.47656860351563 18.476414489746105 18.181509399414068 17.788778686523443 17.69720764160155 17.510633850097662 17.227256774902344 17.24475708007813 17.06664428710937 16.492147827148443 16.316018676757807 16.243124389648443 16.174838256835926
          15.910794067382824 15.748428344726562 15.888572692871094 15.935049438476568 15.58819427490235 15.343482971191406 14.902563476562506 14.26317749023437 13.627560424804685 13.091783142089838 12.557997131347662 11.627194213867185 10.495780944824219 9.763078308105463 9.031794738769534 8.400778198242193 7.871882629394534 7.147541809082028 6.426023864746099 5.606146240234381
          5.283773803710943 4.766459655761722 4.24871826171875 3.9298477172851562 3.411473083496091 3.089299011230466 2.6678497314453153 2.9417083740234347 3.517718505859378 3.4014877319335994 3.8634140014648466 4.216871643066412 4.351416015625006 4.364735412597653 5.152946472167969 6.017895507812497 7.271026611328125 8.206076049804693 9.023616027832034 18.74085083007813
          18.546733093261707 18.555819702148426 18.768225097656256 18.785314941406256 18.90361785888672 18.92510223388672 18.849836730957037 18.676676940917957 18.40472259521485 18.23253936767577 17.96179809570313 17.6912857055664 17.42145996093751 17.15167236328125 17.081945800781256 17.11309661865235 16.94688720703124 16.882791137695307 16.820396423339844 17.260244750976568
          17.205372619628918 17.25287322998048 17.30334930419923 17.656022644042963 17.91351013183595 18.17547607421875 18.44334716796874 18.617527770996105 18.59776611328124 18.781544494628918 18.771624755859364 18.566862487792974 18.5642059326172 18.466012573242182 18.17143554687499 18.07837677001953 17.88964385986327 17.603909301757824 17.220631408691418 17.037246704101562
          16.65667724609375 16.476237487792957 16.69776611328126 16.526405334472656 16.257516479492182 16.090298461914074 16.02648315429687 15.867947387695324 15.51400451660156 15.062892150878909 14.414289855957037 14.066488647460943 13.523455810546878 12.981124877929688 12.240892028808588 11.400888061523432 10.85967864990235 10.221391296386713 9.387055969238276 8.550691223144526
          7.814624023437503 7.180708312988287 6.550691223144526 6.021620178222662 5.691831970214849 5.562890624999994 5.1371307373046875 4.609577941894528 3.9793701171875 3.4446609497070284 3.006640625000003 3.1623336791992216 3.7188430786132756 4.773384094238281 4.628955078125003 4.861393737792966 4.6814117431640625 4.97635192871094 5.864097595214844 6.133265686035159
          7.776440429687497 8.708293151855472 9.523910522460938 18.981483459472656 19.084497070312494 18.99346160888672 19.407888793945318 19.2246124267578 19.1440444946289 19.165422058105463 18.88818817138673 18.614456176757812 18.34099121093749 18.067953491210943 17.8941680908203 17.72081756591797 17.44855041503905 17.076893615722668 17.104458618164074 17.233175659179693
          17.36316680908203 17.197071838378918 17.332510375976568 17.37335815429688 17.216876220703114 17.362232971191418 17.312358093261707 17.4658172607422 17.822480773925776 18.184187316894537 18.551432800292957 18.72510223388673 18.803379821777355 18.886563110351574 18.874278259277332 18.765724182128906 18.661602783203136 18.36267700195313 18.065505981445312 17.870806884765614
          17.679357910156256 17.390579223632812 17.002769470214844 16.914265441894543 16.628828430175787 16.64344482421876 16.761929321289074 16.685090637207026 16.410914611816395 16.2380355834961 16.16833038330077 15.903523254394543 15.541882324218747 15.08298034667969 14.426443481445318 13.971142578124997 13.519480895996097 12.969902038574219 12.221482849121088 11.273155212402344
          10.9222412109375 10.875134277343747 9.736808776855469 8.893768310546875 8.050918579101562 7.408320617675784 7.06741638183594 6.828800964355466 6.6905364990234375 6.453561401367182 6.116937255859369 5.678810119628906 4.839561462402344 3.9934539794921875 3.64068603515625 3.6813339233398494 4.616809082031253 5.456739807128912 5.597647094726568 5.124333190917966
          5.029595947265619 4.32656555175781 6.487532043457037 7.050428771972662 8.39139099121094 9.220611572265625 9.935221862792972 19.53754272460938 19.342875671386707 19.4510467529297 19.564649963378912 19.480435180664074 19.39903564453124 19.31964263916015 19.03937225341798 18.46525878906249 17.99077911376952 17.715368652343756 17.639385986328136 17.563761901855457
          17.388633728027344 17.2134979248047 17.339010620117193 17.36646118164063 17.594445800781244 17.6247573852539 17.559288024902344 17.397633361816418 17.43774871826173 17.58167114257813 17.62982788085938 17.78228759765625 18.039515686035145 18.302107238769537 18.470680236816406 18.54419708251953 18.62146759033203 18.70281982421875 18.688009643554693 18.77509155273438
          18.767201232910168 18.465017700195318 18.26471099853515 18.1671127319336 17.8740234375 17.383039855957037 16.99072875976563 16.89812011718749 16.707907104492193 16.71887664794923 16.73351593017577 16.451878356933605 16.270538330078125 16.191082763671886 16.01520538330078 15.742440795898432 15.372415161132807 15.00463256835937 14.439535522460943 14.075834655761724
          13.616558837890622 12.759800720214841 12.0012191772461 11.442446899414065 10.984826660156244 10.829228210449216 9.980717468261716 9.032351684570315 8.281712341308591 7.830569458007815 7.879457092285151 7.831823730468756 7.5860137939453125 7.140135192871099 6.792028808593756 6.244151306152347 5.493870544433591 4.636791992187497 4.468841552734375 4.496687316894537
          5.2182769775390625 6.044383239746097 6.4691314697265625 6.085319519042969 5.485920715332028 5.966471862792972 6.730429077148443 7.781492614746099 8.819075012207037 9.644389343261722 10.355436706542974 19.808387756347656 19.513278198242176 19.622113037109386 19.635159301757824 19.351348876953125 18.869369506835938 18.58953399658202 19.005456542968744 18.625933837890614
          18.2474334716797 17.870443725585943 17.59393463134765 17.417395019531256 17.240817260742176 17.164346313476557 17.189057922363276 17.31371612548827 17.44036560058595 17.567739868164068 17.796975708007807 17.830857849121088 17.770278930664062 18.012187194824207 18.05937499999999 18.111422729492176 18.26825408935548 18.430464172363287 18.597503662109375 18.570242309570318
          18.546742248535168 18.427415466308588 18.310530090332037 18.49456787109375 18.781832885742176 18.77532348632812 18.474330139160145 18.274809265136724 17.978042602539062 17.38312988281251 16.98640136718751 16.790138244628906 16.695088195800793 16.70196838378905 16.51221313476563 16.323312377929682 16.13568572998048 15.949790954589844 15.76598663330077 15.484654235839841
          15.205404663085943 14.828848266601568 14.454435729980474 14.082426452636724 13.514773559570315 12.74807434082031 11.9803451538086 11.512196350097653 11.146427917480466 10.484268188476562 9.724961853027338 9.26495361328125 8.90625 8.747142028808597 8.887705993652347 8.534289550781253 8.278866577148435 7.823741149902347 7.166792297363287 6.60684509277344
          6.142686462402338 5.475285339355466 5.197012329101568 5.212384033203122 5.524650573730469 6.733094787597651 7.245033264160156 6.652745056152341 6.341886901855474 6.814503479003903 7.675790405273432 8.423580932617185 9.355456542968753 10.173919677734375 10.68804931640625 19.69220275878905 19.396620178222662 19.206195068359364 19.11688385009765 18.93145599365235
          18.84571533203126 18.663110351562494 18.485403442382818 18.104965209960938 17.922947692871105 17.642059326171875 17.760461425781244 17.68102264404297 17.602339172363287 17.32579956054687 17.24896240234375 17.3713394165039 17.295875549316406 17.620098876953136 18.046900939941395 18.37750244140625 18.016709899902338 18.157847595214832 18.302838134765636 18.45264282226563
          18.60797882080078 18.669288635253906 18.735458374023438 18.705824279785162 18.580294799804676 18.556932067871088 18.437666320800787 18.421353149414074 18.70709228515625 18.79834747314453 18.59381408691405 18.391142272949224 17.991003417968756 17.589773559570318 17.18897094726563 16.888771057128906 16.690089416503895 16.59259796142578 16.396342468261707 16.101345825195324
          15.806738281250006 15.613008117675776 15.321162414550784 15.130300903320318 14.94158325195312 14.556039428710932 14.171945190429682 13.890910339355472 13.313766479492188 12.537088012695307 11.959028625488287 11.582167053222662 11.008891296386722 10.336828613281256 9.668115234374994 9.596571350097662 9.727407836914068 9.661723327636722 9.397190856933591 9.331834411621088
          8.9686294555664 8.40460052490235 7.737817382812494 7.067326354980466 6.493409729003901 6.211611938476565 5.923252868652341 5.728919982910156 6.130207824707028 7.4267730712890625 7.728541564941409 7.324267578125003 6.905337524414065 7.571041870117185 8.624554443359372 9.367622375488281 9.99706420898437 10.315168762207037 11.42242431640625 19.684120178222656
          19.388194274902332 19.19635009765625 19.006748962402355 18.820352172851557 18.7353515625 18.55164794921876 18.269989013671875 17.88768920898437 17.80449676513672 17.721998596191412 17.44347534179687 17.4628921508789 17.38282012939453 17.20288543701173 16.824240112304693 17.24170379638673 17.4608154296875 17.684420776367176 17.911650085449224 18.34087829589845
          18.27471466064452 18.21478424072265 18.358622741699207 18.507733154296886 18.661642456054693 18.820343017578125 18.78509368896485 18.75286560058595 18.72355957031249 18.69806060791015 18.576193237304693 18.556790161132824 18.64166717529298 18.63165588378905 18.52362823486328 18.31756896972655 17.912791442871082 17.507044982910145 17.200672912597668 17.09466705322265
          16.592864990234375 15.991390991210949 15.88726196289062 15.584887695312489 15.481773376464844 15.180650329589838 14.879725646972659 14.579937744140622 14.581217956542972 14.285618591308591 13.893292236328122 13.701576232910156 13.114445495605466 12.327299499511724 11.938612365722662 11.652511596679688 11.170057678222662 10.48943481445312 10.108712768554682 10.42733459472656
          10.450755310058597 10.376014709472656 10.103250122070307 9.830332946777347 9.358049011230463 8.784521484375006 8.10820922851562 7.527365112304693 7.141348266601568 6.750845336914068 6.254917907714841 5.951078796386724 6.639610290527344 7.826234436035151 8.216154479980474 7.902580261230469 7.4787139892578125 8.334141540527341 9.281970214843753 10.018820190429693
          10.54596557617188 10.76598510742187 11.374095153808597 19.78638305664063 19.290747070312506 19.096873474121082 18.908042907714844 18.72107391357423 18.337370300292974 18.350813293457037 18.16558380126952 17.880834960937506 17.79717712402345 17.615060424804682 17.333760070800793 17.05389404296875 17.071823120117188 16.79027862548827 16.506796264648443 17.02203216552735
          17.438435363769543 17.560026550292974 17.884226989746082 18.312509155273432 18.344583129882807 18.5798309326172 18.7225326538086 18.67194824218751 18.824324035644537 18.783177185058605 18.745135498046864 18.710542297363276 18.778604125976557 18.750762939453125 18.625950622558605 18.702687072753918 19.081887817382807 18.772135925292957 18.462361145019543 18.25214385986328
          17.842559814453125 17.531259155273432 17.220301818847645 17.009863281250006 16.79962310791015 16.39056549072265 15.981790161132807 15.572244262695307 15.262072753906253 14.752389526367182 14.442126464843753 14.132763671874997 14.124835205078128 13.920698547363287 13.617362976074219 13.415454101562503 12.817436218261719 12.218846130371091 11.920133972167974 11.724038696289057
          11.33153686523437 10.940705871582026 11.049508666992182 11.260455322265628 11.075712585449224 10.891763305664057 10.708943176269528 10.227961730957034 9.6478271484375 9.163717651367193 8.57724304199219 8.086930847167963 7.691781616210932 7.291635131835932 6.786346435546875 6.474618530273432 7.252865600585935 8.132180786132807 8.413204956054685 8.191566467285156
          8.45572204589844 8.90606079101562 9.945115661621088 10.57809753417969 11.001908874511713 11.519090270996088 12.026376342773432 19.50073852539063 19.30316467285155 18.910130310058605 18.621063232421875 18.432904052734386 18.145599365234375 18.059896850585943 17.973377990722668 17.787126159667963 17.6027816772461 17.418368530273426 17.13458862304688 16.85131225585937
          16.668783569335943 16.284652709960938 16.197668457031256 16.810813903808594 17.62371520996095 17.842201232910156 18.0657989501953 18.194615173339855 18.42449951171875 18.759358215332043 18.801663208007824 18.74834747314452 18.898579406738293 18.95342712402345 18.913233947753895 18.876657104492182 18.744703674316412 18.71400146484376 18.685702514648426 18.661363220214838
          19.140365600585938 18.92327423095702 18.60913543701173 18.196156311035168 17.781048583984386 17.464773559570318 17.247949218749994 17.032192993164074 16.717062377929693 16.3012680053711 15.784893798828136 15.26706237792969 14.947560119628903 14.627783203125006 14.307792663574219 14.089892578125003 13.87390747070313 12.96160736083985 12.845416259765628 12.932238769531253
          12.323348999023438 12.013017272949213 11.804371643066403 11.697946166992182 11.494458007812497 11.692098999023443 11.693409729003903 11.696185302734378 11.501737976074224 11.308274841308588 10.916955566406244 10.62546081542969 10.135202026367182 9.543844604492193 8.849382019042963 8.548571777343753 8.243763732910153 7.834667968749997 7.320338439941409 7.1980133056640625
          7.671530151367193 8.443345642089838 8.813803100585943 9.081033325195307 9.338291931152341 9.584251403808594 10.416752624511716 11.144859313964844 11.560537719726568 12.369212341308597 12.775125122070307 19.222334289550787 18.925027465820307 18.631626892089855 18.34081268310547 18.1517303466797 17.963418579101557 17.77752532958985 17.591532897949207 17.504075622558588
          17.217945861816418 17.13060302734374 16.84412231445313 16.657672119140614 16.272724914550793 16.184230041503895 16.29492645263673 16.608903503417963 17.522109985351562 17.8389862060547 18.159761047363276 18.484297180175787 18.714120483398432 18.94952087402345 18.989849853515636 18.9345733642578 19.08295135498048 19.237829589843756 19.093829345703114 19.054734802246088
          18.91919555664063 18.8857391357422 18.95453338623048 19.02728729248048 19.106167602539074 18.88678741455078 18.567849731445307 17.949987792968756 17.628211975097656 17.306672668457026 17.184431457519537 16.863677978515625 16.442161560058594 16.018699645996094 15.493688964843756 14.966786193847653 14.538510131835935 14.209089660644537 13.980805969238276 13.75301818847656
          13.526237487792969 13.30020446777344 12.976322937011716 12.354623413085932 11.932565307617182 11.910911560058594 11.8918441772461 11.775210571289065 11.760446166992182 12.147413635253912 12.339103698730469 12.03460083007812 11.730609130859378 11.427494812011716 11.225555419921875 10.825096130371094 10.524201965332026 9.92437591552735 9.519728088378912 9.309243774414057
          8.89654693603515 8.477937316894526 8.0544448852539 7.626702880859369 8.19256744384765 9.055326843261724 9.220657348632812 9.776008605957031 10.124264526367185 10.464250183105463 10.994309997558588 12.013627624511713 11.925765991210938 12.332716369628912 12.83636322021485 18.850369262695324 18.653047180175776 18.35877685546876 18.06719970703125 17.877911376953136
          17.68993530273437 17.4035614013672 17.216195678710932 17.127975463867188 16.9388397216797 16.849749755859364 16.660324096679688 16.372332763671864 15.984402465820324 15.596594238281256 16.20435333251953 16.316171264648432 17.328645324707026 17.844369506835932 18.165129089355474 18.39061889648437 18.719221496582037 18.953195190429682 19.091258239746082 19.135478210449207
          19.282749938964855 19.334461975097668 19.388874816894543 19.347186279296864 19.208404541015625 19.1723617553711 19.139866638183605 19.01007232666015 18.884672546386724 18.560272216796875 18.13587188720703 17.709274291992188 17.382646179199213 17.15546875000001 16.829641723632818 16.502151489257812 16.073387145996094 15.54229583740235 15.008190917968747 14.471949768066409
          14.133839416503903 13.89593505859375 13.558427429199213 13.320454406738278 13.182931518554682 12.946934509277341 12.8117691040039 12.478320312500003 12.045756530761722 11.913887023925781 11.88410034179688 11.756701660156253 11.930821228027341 12.407450866699222 12.589062499999997 12.374488830566406 12.06090698242187 11.648637390136713 11.535787963867193 11.225257873535156
          10.91466674804687 10.703259277343747 10.289265441894528 9.872105407714841 9.549772644042974 8.924945068359378 8.3930679321289 8.157086181640622 8.816076660156256 9.373983764648443 10.027412414550781 10.47601165771485 10.817996215820315 11.153213500976562 11.776521301269526 12.489620971679685 12.09966888427735 12.404673767089847 12.906123352050784 18.58381347656251
          18.287147521972656 18.0916717529297 17.899209594726557 17.511203002929676 17.323204040527344 16.93609008789062 16.74780883789063 16.558795166015614 16.36833953857422 16.277319335937506 16.1854217529297 15.993882751464838 15.50359497070312 15.012956237792963 15.22284393310548 16.12877197265624 16.94225311279297 17.360212707519537 17.780690002441418 18.204325866699207
          18.53356170654297 18.866627502441418 18.905552673339855 19.046400451660162 19.292955017089838 19.542080688476574 19.495753479003895 19.451997375488276 19.310697937011724 19.171946716308582 19.135362243652338 19.00018157958985 18.768624877929682 18.63580169677735 18.205252075195318 17.87316131591797 17.44232177734375 17.110734558105463 16.479765319824224 15.946125793457043
          15.111196899414068 14.570957946777341 14.326133728027344 13.9814468383789 13.63534851074219 13.387976074218756 13.13994750976562 12.891949462890622 12.744348144531244 12.597708129882818 12.152876281738287 11.907739257812494 12.062884521484378 11.921211242675781 11.781010437011716 11.842297363281247 12.305415344238284 12.572668457031256 12.643713378906256 12.518061828613284
          12.194233703613278 12.070527648925776 11.74911804199219 11.527861022949224 11.40616149902344 11.384118652343744 11.061480712890628 10.535249328613276 10.005607604980469 9.571273803710938 8.83304138183594 8.591963195800787 9.343766784667963 10.09261779785156 10.839080810546875 11.280065917968756 11.614581298828128 12.340170288085943 12.757931518554685 12.870718383789068
          12.37952270507813 12.583467102050776 12.982490539550781 18.123857116699213 17.925337219238287 17.73021240234374 17.439001464843756 17.049545288085938 16.662149047851557 16.37305145263673 15.984533691406256 15.992277526855474 15.799586486816395 15.60699462890625 15.513685607910162 15.320178222656239 14.826243591308582 14.530928039550787 14.836688232421864 15.844508361816395
          16.7567153930664 16.975674438476574 17.298112487792963 17.82354888916015 18.154203796386724 18.488551330566395 18.725492858886724 18.966477966308588 19.213169860839855 19.362448120117193 19.413671875000006 19.268138122558582 19.223764038085932 19.180885314941406 19.039410400390636 18.900033569335932 18.761145019531256 18.52423248291015 18.186602783203114 17.849163818359386
          17.31236572265624 16.774461364746088 16.233871459960938 15.691580200195318 14.847450256347656 13.901138305664062 13.251629638671872 13.295758056640622 13.140290832519526 12.883915710449216 12.626091003417969 12.567297363281256 12.409716796875003 12.252723693847656 11.996531677246097 11.341567993164062 11.785597229003912 11.733296203613278 11.682421875000003 11.833073425292966
          12.285906982421878 12.542677307128912 12.602819824218756 12.66528930664063 12.4305435180664 12.196430969238278 12.163310241699222 12.032028198242188 11.80130310058594 11.868205261230472 11.635763549804693 11.00210876464844 10.563121032714847 9.921104431152344 8.880384826660162 9.229541015625003 10.072608947753906 10.914738464355466 11.751878356933588 12.184967041015625
          12.611158752441412 13.227142333984375 13.341882324218744 13.353425598144526 12.764472961425781 12.96609802246094 13.063732910156247 17.56568603515626 17.566456604003918 17.470416259765614 16.9794952392578 16.5893524169922 16.10065155029298 15.711584472656256 15.221426391601568 15.128964233398449 15.332542419433594 15.136647033691418 14.841697692871094 14.646290588378903
          14.05020446777344 13.852996826171875 14.554812622070315 15.463037109374994 16.375473022460938 16.792463684082037 17.214634704589855 17.543496704101557 17.77655487060548 18.11261138916015 18.35260467529298 18.49677124023438 18.74242553710937 18.89020080566405 19.139944458007818 19.191763305664068 18.945832824707026 18.899688720703125 18.8536361694336 18.808094787597668
          18.664018249511713 18.42054443359376 18.077047729492193 17.633619689941412 17.08881835937501 16.542376708984364 15.89422607421875 15.243664550781247 14.389944458007818 13.533470153808594 13.1727310180664 12.812464904785159 12.150848388671875 11.785195922851557 11.916461181640628 12.147596740722662 12.079876708984372 11.91241607666015 11.445588684082026 11.578234863281253
          11.513558959960932 11.550309753417963 11.58880767822265 11.828968811035153 12.371372985839841 12.517675781250006 12.666397094726562 12.61792602539063 12.471621704101565 12.22686614990235 12.282202148437506 12.33954467773438 12.398023986816412 12.157502746582026 11.914997863769528 11.570639038085943 10.924800109863284 9.877603149414057 9.528125000000003 10.068728637695315
          10.805944824218756 11.739544677734372 12.468742370605469 12.992591857910156 13.508697509765625 13.521049499511719 13.632028198242182 13.64037475585937 13.547157287597656 13.4503158569336 13.149514770507807 17.506057739257812 17.21037597656249 17.214381408691395 16.72136230468749 16.13116607666015 15.640733337402338 15.1503921508789 14.658113098144526 14.464796447753912
          14.369915771484372 14.669602966308588 14.470320129394537 13.874081420898435 13.275805664062503 13.274417114257815 14.273753356933597 15.281718444824207 16.29405517578124 16.613540649414062 17.0374740600586 17.366648864746082 17.600500488281256 17.93817443847655 18.08070068359376 18.126385498046886 18.274099731445318 18.422874450683594 18.5737319946289 18.525779724121094
          18.376515197753918 18.42602996826173 18.475735473632824 18.426181030273426 18.375741577148432 18.225332641601568 17.875015258789062 17.423599243164062 16.87090911865235 16.216639709472645 15.659043884277338 14.799929809570315 13.837458801269534 13.071310424804693 12.404002380371097 12.033589172363278 11.66052856445313 11.385881042480463 11.309974670410156 11.4328628540039
          11.05581970214844 10.977128601074213 11.297865295410162 11.02154693603515 11.345671081542974 11.37225189208985 11.500244140625 11.83004455566406 12.262271118164065 12.497526550292974 12.535482788085943 12.475804138183591 12.417842102050784 12.361596679687494 12.306564331054688 12.452668762207026 12.600268554687503 12.649058532714847 12.298153686523435 11.744837951660159
          10.99133911132813 10.038236999511724 10.377970886230472 10.913378906250003 11.543095397949216 12.566998291015622 13.287727355957031 13.801628112792969 13.912866210937494 13.72150268554688 13.926316833496088 13.93072662353515 13.933625793457026 13.93444213867187 13.436059570312494 17.0572479248047 16.858987426757807 16.664015197753912 16.26873779296875 15.675672912597662
          14.984309387207034 14.291923522949219 13.998866271972659 13.704801940917974 13.408708190917963 13.607914733886716 13.70435180664063 13.002490234375003 12.39873657226562 12.793869018554688 13.895272827148432 15.103222656249997 16.31696319580078 16.538172912597645 16.963716125488276 17.294279479980474 17.430198669433594 17.66998596191405 17.813038635253918 17.958105468750006
          18.006544494628912 18.155426025390625 18.206146240234375 18.057110595703136 18.005267333984364 17.95379028320312 17.901756286621094 17.84808197021485 17.793484497070324 17.53844451904297 17.280368041992176 17.02020874023438 16.45947723388673 15.796395874023432 15.03072814941406 14.160375976562506 13.486994934082034 12.811103820800781 12.034465026855472 11.456094360351557
          10.975442504882807 10.492776489257807 10.50756225585937 10.72073059082031 10.532617187499994 10.343847656250006 11.054887390136713 11.167674255371097 11.282528686523435 11.099099731445307 11.416662597656256 11.936178588867193 12.158288574218744 12.282771301269534 12.409535217285153 12.438656616210935 12.269990539550776 12.302384948730463 12.336083984374994 12.571026611328122
          12.807243347167969 12.94512329101562 12.684529113769528 11.72488098144531 10.864355468750006 10.89923706054688 11.43030395507813 12.05767822265625 12.580879211425781 13.29867858886719 14.107612609863281 14.216020202636713 14.222314453124994 14.026525878906256 14.02759399414063 14.028433227539068 14.027853393554693 13.92721252441406 13.625999450683594 16.508872985839844
          16.31055145263673 16.113595581054682 15.816685485839855 15.12163696289062 14.4268783569336 13.634690856933588 12.743113708496097 12.643891906738276 12.641557312011713 12.738948059082034 12.435194396972662 11.826519775390622 11.915205383300787 12.908033752441412 14.011680603027344 15.026542663574219 15.946707153320318 16.468222045898443 16.7961456298828 17.12818145751953
          17.364100646972645 17.604505920410162 17.649526977539068 17.696974182128912 17.745199584960943 17.794477844238287 17.843290710449224 17.691790771484364 17.538917541503906 17.583267211914062 17.4276092529297 17.369425964355457 17.210533142089844 16.949237060546864 16.685697937011724 16.220899963378912 15.752035522460943 14.980691528320307 14.30377044677735 13.625102233886722
          13.041780090332026 12.456275939941406 11.769383239746091 11.08172760009765 10.292248535156247 9.801609802246091 9.608712768554682 9.812702941894528 9.714701843261722 10.314068603515622 11.216250610351565 11.519218444824219 11.424108886718756 11.330197143554685 11.438063049316412 11.747554016113284 12.059074401855469 12.172860717773432 12.288722229003909 12.306887817382815
          12.326922607421878 12.348559570312503 12.271928405761713 12.595549011230474 12.721527099609375 12.848855590820307 12.578015136718747 11.71015014648438 11.538310241699222 11.663365173339841 12.284864807128912 12.905136108398438 13.520219421386713 14.428131103515625 14.534104919433588 14.537553405761713 14.439651489257812 14.140582275390628 13.939994812011719 13.937179565429688
          13.834318542480474 13.731068420410153 13.230908203124997 16.05927734375001 15.761245727539062 15.464068603515628 15.066517639160153 14.468081665039065 13.870462036132807 12.973719787597659 12.173788452148443 11.774650573730469 11.473521423339847 11.566990661621091 11.554821777343747 11.838601684570307 12.42703552246094 13.424937438964847 14.634062194824224 15.253135681152344
          15.578617858886716 16.303016662597656 16.732145690917974 17.066180419921864 17.204823303222668 17.446441650390625 17.49188232421875 17.340931701660168 17.28972167968749 17.337619018554676 17.385089111328114 17.231475830078125 17.175016784667974 17.01793212890624 16.95653686523437 16.992944335937494 16.828237915039068 16.56084594726562 16.19144744873047 15.619393920898432
          14.844654846191403 14.064788818359375 13.382199096679685 12.793215942382815 12.30081481933594 11.806155395507815 11.209672546386713 10.611831665039062 9.912815856933591 9.313037109375003 8.911854553222653 9.007704162597662 9.200051879882807 10.190759277343744 10.98406829833985 11.277514648437503 11.571388244628906 11.966505432128912 11.564315795898438 12.063430786132812
          12.064704895019531 11.967916870117193 12.073020935058594 12.280131530761722 12.289416503906253 12.300357055664065 12.412876892089841 12.427113342285153 12.642250061035156 12.75872192382812 12.279016113281244 12.09918823242188 12.017620849609372 12.13391723632813 12.646826171875006 13.65656127929688 14.362893676757807 14.86528930664062 14.866731262207026 14.66657104492188
          14.46524353027344 14.262336730957031 14.058880615234372 13.855203247070307 13.651075744628912 13.249443054199219 12.84874877929687 15.6109634399414 15.311741638183591 14.81350402832031 14.513473510742188 13.814572143554685 13.313954162597653 12.013351440429688 11.80599670410156 11.401785278320318 10.598397827148432 10.788410949707028 11.671122741699222 12.35687866210938
          12.950233459472656 13.753720092773435 14.668681335449222 15.288471984863278 15.613374328613276 16.241648864746082 16.674081420898432 16.91083984375001 17.14971923828125 17.293054199218744 17.23932647705078 17.086872863769543 16.93511352539062 16.982148742675776 16.92926025390625 16.77399902343751 16.616220092773432 16.553848266601562 16.588302612304688 16.5214828491211
          16.251870727539057 16.077368164062506 15.600485229492193 15.119421386718756 14.235115051269531 13.349069213867182 12.557019042968747 11.960139465332034 11.559628295898435 10.95724792480469 10.452075195312503 9.84581909179687 9.237991333007812 8.728584289550781 8.018902587890622 8.106153869628912 9.088720703125006 10.071615600585943 10.656112670898438 10.940319824218747
          11.32461853027344 11.7097183227539 12.095680236816406 12.184465026855463 12.075111389160156 11.967687988281256 11.862347412109372 12.058799743652344 12.257151794433597 12.257609558105472 12.359730529785153 12.563484191894531 12.668382263183588 12.376171874999997 12.285960388183597 12.295733642578128 12.304118347167972 12.610198974609375 13.114898681640625 14.115333557128906
          14.813563537597659 14.911389160156247 14.908489990234372 14.704393005371088 14.499479675292974 14.293017578125003 13.988119506835943 13.781985473632815 13.378216552734372 13.075820922851562 12.6748062133789 14.964839172363284 14.664511108398443 14.163374328613287 13.962229919433597 13.359811401367182 12.25872802734375 11.747795104980469 11.440257263183597 10.833718872070307
          10.02492980957031 10.411830139160159 11.597677612304693 12.189170837402344 13.183929443359375 14.08880462646485 14.707145690917969 15.329270935058588 15.556507873535153 16.186674499511724 16.422830200195307 16.660969543457043 16.901779174804688 17.045030212402338 17.089738464355463 16.8371551513672 16.683824157714838 16.63048553466797 16.476307678222653 16.219757080078125
          15.959613037109378 15.993975830078128 16.025195312500003 15.95330963134765 15.577983093261722 15.397254943847656 15.111453247070315 14.422988891601562 13.630549621582034 12.73330383300781 11.931900024414062 11.426643371582031 11.018624877929682 10.407844543457031 9.895088195800781 9.280416870117193 8.663922119140622 7.946565246582026 7.427003479003901 7.905625915527338
          8.782516479492188 9.857011413574213 10.132276916503912 10.407336425781253 10.88205261230469 11.45687561035156 11.733140563964838 12.010832214355474 12.190415954589838 12.272151184082034 12.256060791015628 11.942427062988287 11.930715942382818 12.120629882812494 12.312153625488278 12.605447387695307 12.401159667968756 12.299275207519528 12.597428894042963 12.796208190917966
          12.795246887207028 12.8937973022461 13.5897232055664 14.481826782226562 14.674639892578128 14.866712951660162 14.958534240722656 14.750607299804685 14.542039489746088 14.233311462402341 14.024995422363276 13.617015075683597 13.213642883300778 12.9102783203125 12.50908813476562 14.316761779785153 14.016761779785156 13.615251159667963 13.11383209228515 12.507858276367188
          11.797764587402341 11.487014770507812 11.376539611816412 10.367636108398443 9.55535278320312 10.338514709472662 11.326277160644537 12.220295715332028 13.221821594238278 14.0321060180664 14.750897216796872 15.076676940917963 15.30550842285156 16.03691864013672 16.174386596679682 16.41402130126953 16.45747833251953 16.601240539550787 16.64642944335938 16.49191589355469
          16.337432861328125 16.282263183593756 16.125506591796878 15.866140747070318 15.603181457519526 15.535865783691406 15.563346862792969 15.287196350097659 14.905316162109372 14.618698120117188 14.325572204589847 13.828913879394534 13.026724243164068 12.120170593261719 11.409741210937497 10.797076416015628 10.281146240234378 9.862614440917966 9.241801452636722 8.717837524414065
          8.09258422851562 7.565599060058588 7.636714172363284 7.41082763671875 8.479707336425776 9.247045898437506 9.612713623046872 9.977488708496097 10.442576599121097 11.007977294921872 11.473858642578122 11.741372680664057 11.910656738281247 12.281550598144534 12.45452728271485 11.731158447265628 12.008865356445312 12.188380432128909 12.170359802246097 12.4534912109375
          12.438644409179688 12.824942016601568 12.913253784179688 13.00267944335937 12.993638610839838 13.284201049804693 14.070147705078128 14.456620788574213 14.842483520507812 14.92937622070312 14.91704711914062 14.804954528808594 14.493449401855472 14.281272888183594 13.969805908203128 13.164236450195318 13.057942199707028 12.6538070678711 12.350556945800776 13.672285461425787
          13.469462585449222 13.065647888183591 12.659384155273443 12.150556945800787 11.63983764648438 11.031231689453122 10.123327636718756 9.309915161132807 9.287248229980463 9.969540405273435 12.74718627929687 12.45309143066406 13.459919738769528 14.174690246582031 14.598982238769537 15.124792480468756 15.255897521972656 15.89019165039062 16.028392028808597 16.169422912597653
          16.212223815917966 16.356314086914068 16.30252532958984 16.048843383789062 15.893681335449216 15.638580322265625 15.579733276367193 15.418162536621097 15.053593444824216 14.883508300781244 14.906297302246088 14.822135925292969 14.433747863769526 13.941629028320307 13.543605041503909 13.037898254394534 12.425462341308588 11.609326171874997 10.890489196777338 10.268913269042969
          9.646994018554693 9.120878601074224 8.690261840820312 8.157905578613281 7.524160766601568 7.388226318359372 7.154000854492182 6.919264221191412 7.980720520019531 8.73867492675781 8.995828247070307 9.550944519042972 10.105778503417966 10.661695861816412 11.018177795410153 11.275964355468744 11.834346008300784 12.095176696777344 11.95843353271485 11.524688720703125
          11.592485046386713 11.86199798583985 12.432746887207031 12.705578613281247 12.580950927734378 12.75733032226563 12.935655212402338 13.016230773925784 13.298019409179688 13.977679443359378 14.357347106933588 14.736915588378906 14.817941284179682 14.89981384277344 14.982647705078122 14.866580200195315 14.651313781738281 14.337107849121097 13.526754760742193 13.118461608886719
          12.811366271972659 12.40633850097656 11.80356140136719 12.925550842285162 12.822315979003903 12.41766967773438 12.010513305664062 11.69980163574219 10.989280700683594 10.376455688476568 9.462455749511719 8.842306518554693 9.218403625488278 11.194531249999997 13.885528564453125 12.894508361816406 13.90478515625 14.42510986328125 14.550752258300776 14.979667663574219
          15.211657714843753 15.648149108886713 15.78702087402344 15.927990722656247 15.970761108398435 16.015423583984372 15.86119995117187 15.606121826171872 15.449754333496088 15.292196655273443 15.034494018554682 14.673587036132815 14.306027221679685 13.93487396240235 13.952902221679693 14.062484741210938 13.668611145019526 13.267176818847659 12.859814453124997 12.246821594238284
          11.62719116210937 11.001998901367188 10.373831176757818 9.645335388183597 8.914573669433594 8.380271911621094 8.041949462890628 7.600895690917966 7.257225036621094 7.01461486816406 6.573515319824224 6.43136291503906 7.284312438964847 8.033493041992188 8.580278015136713 9.226010131835935 9.672108459472653 10.01871032714844 10.565220642089841 11.012837219238278
          11.461254882812497 11.01367797851563 10.867596435546872 11.123155212402338 11.380628967285162 11.73989562988281 12.400131225585938 13.06137390136719 13.026515197753909 12.894303894042963 12.96390075683594 13.234458923339844 13.80584869384765 14.277230834960932 14.550558471679693 14.724519348144526 14.899822998046872 14.976416015625006 15.054359436035156 14.934912109375006
          14.616914367675776 14.001373291015625 13.490104675292969 12.981277465820312 12.573320007324213 12.068032836914057 11.36536254882813 12.375413513183588 12.273117065429688 11.768852233886719 11.361367797851557 10.95126647949219 10.336686706542963 9.623266601562506 8.803689575195307 9.076261901855474 10.650131225585938 13.13458251953125 13.448498535156247 13.448345947265622
          13.764985656738276 14.383647155761722 14.707321166992188 14.937915039062503 15.07204895019531 15.40886840820312 15.548060607910159 15.589823913574222 15.632243347167972 15.675677490234378 15.519699096679688 15.163835144042963 15.006491088867193 14.74877319335937 14.389849853515628 13.829148864746088 13.36199340820312 12.885827636718744 12.998889160156253 13.303115844726562
          12.901536560058588 12.493411254882815 12.177938842773443 11.556752014160153 11.02895812988281 10.396372985839847 9.959629821777341 9.22137603759765 8.282481384277347 7.640870666503901 7.295948791503903 7.146838378906253 7.492883300781244 6.8428192138671875 6.194410705566412 5.845643615722651 6.6893310546875 7.628562927246094 8.266192626953128 8.803402709960935
          9.240284729003903 9.577662658691409 10.213911437988287 10.652365112304693 10.792214965820307 10.135330200195312 10.379589843749997 10.725390625000003 11.172717285156253 11.5219741821289 12.27166595458985 12.823066711425781 13.1773666381836 13.235023498535156 13.394602966308597 13.357737731933597 13.920346069335935 14.384350585937497 14.550819396972656 14.718928527832034
          14.888525390625006 14.860754394531256 14.735333251953122 14.811384582519537 14.390617370605469 13.873939514160156 13.361495971679688 12.950975036621088 12.343040466308594 11.738073730468756 10.93573150634765 11.826878356933591 11.525718688964844 11.1201187133789 10.712084960937503 10.201014709472659 9.786129760742185 8.968460083007812 8.64413757324219 9.519258117675776
          10.510659790039057 11.8140853881836 13.408912658691406 13.413459777832031 13.924545288085938 14.345556640625006 14.770481872558591 14.901167297363287 14.835942077636716 15.172135925292963 15.311213684082034 15.2528091430664 15.294717407226557 15.237770080566406 15.079960632324216 14.82122802734375 14.56302185058594 14.303068542480474 13.744999694824216 13.179766845703128
          12.509529113769531 11.930334472656256 12.1405044555664 12.541343688964844 12.333195495605466 11.819561767578122 11.4981689453125 10.869848632812506 10.3342269897461 9.894050598144531 9.350059509277344 8.701895141601568 7.951914978027347 7.301530456542963 6.651214599609375 6.596229553222656 6.737498474121097 6.377462768554693 5.61960144042969 5.062686157226565
          6.295738220214844 7.325227355957026 7.953854370117185 8.382084655761716 8.710528564453128 9.3372787475586 9.765097045898443 9.894197082519526 9.328630065917963 9.76116333007812 10.294429016113284 10.731036376953128 11.26858215332031 12.106272888183597 12.545924377441409 12.888047790527338 13.431300354003909 13.479115295410153 13.331729125976565 13.486280822753912
          13.940931701660162 14.0983901977539 14.458404541015625 14.719708251953122 14.783842468261724 14.851219177246094 14.821685791015625 14.694265747070318 14.071759033203122 13.753677368164062 13.338876342773432 12.827661132812494 12.119841003417974 11.51467590332031 10.712409973144531 11.278526306152344 10.876390075683588 10.47098083496094 9.963793945312503 9.453265380859378
          9.136213684082037 8.514538574218747 8.986958312988278 10.066435241699224 10.960835266113278 11.963558959960935 12.77312622070312 13.377764892578128 13.79181060791015 14.51113586425781 14.339570617675776 14.668974304199224 14.70166625976563 15.037150573730472 15.076296997070315 15.016679382324213 14.958175659179688 14.79983215332031 14.739695739746097 14.579338073730469
          14.219560241699213 13.859805297851565 13.295877075195307 12.627905273437506 11.8543716430664 11.1732162475586 11.183210754394537 11.6812728881836 11.569035339355466 11.148786926269537 10.6220687866211 10.086325073242193 9.644645690917969 9.295390319824222 8.742190551757815 8.18484802246094 7.42596435546875 6.567630004882815 5.809043884277344 5.547436523437497
          5.383044433593753 5.115364074707031 4.647561645507807 4.579240417480463 6.201786804199216 6.923379516601557 7.543370056152341 7.962269592285153 8.380513000488278 8.798649597167966 8.918243408203125 8.641621398925778 8.96475524902344 9.588713073730474 10.312525939941409 10.939909362792974 11.966598510742188 12.893173217773438 13.421456909179682 13.55306701660156
          13.28972778320312 13.031263732910162 13.274844360351565 13.520622253417969 13.868147277832037 14.118327331542972 14.4718032836914 14.527491760253909 14.486407470703128 14.549389648437497 14.615652465820318 14.086233520507818 13.861735534667972 13.541128540039068 13.02503051757813 12.512442016601568 11.80435485839844 11.09954833984375 10.396397399902341 10.631135559082026
          10.326725769042966 9.921972656250006 9.314503479003903 8.703196716308597 8.28744201660156 8.362532043457037 9.337232971191412 10.322584533691412 11.218418884277341 12.121333312988284 12.830313110351568 13.3425277709961 13.858259582519537 14.082551574707026 14.805012512207028 14.538215637207031 14.570976257324219 15.00513305664063 14.943363952636716 14.782929992675776
          14.722579956054688 14.562268066406247 14.501170349121097 14.239904785156256 13.878837585449219 13.514680480957026 12.947357177734375 12.275730895996091 11.300091552734372 10.317539978027341 10.027145385742188 10.622628784179682 10.6063247680664 10.181018066406253 9.648722839355472 9.3055404663086 8.855682373046875 8.499194335937503 8.036755371093747 7.371134948730472
          6.701661682128901 5.733988952636722 5.064225769042963 4.693501281738278 4.519938659667972 4.145559692382818 3.772660827636713 4.394894409179685 5.810658264160153 6.523400878906244 7.034037780761722 7.543453979492185 8.05194702148438 8.360874938964841 8.272663879394528 8.386421203613281 8.901582336425776 9.617338562011724 10.432987976074216 11.349720764160153
          12.3662094116211 13.282453918457037 13.800300598144531 13.823129272460932 13.750863647460932 13.584152221679688 13.719538879394534 13.659175109863284 13.900108337402344 14.044375610351565 14.490710449218753 14.441340637207034 14.09625854492188 14.154762268066406 14.019079589843756 13.787654113769534 13.559822082519531 13.137483215332026 12.619660949707026 11.906774902343756
          11.198603820800784 10.59356079101562 9.691874694824222 9.984606933593753 9.780715942382812 9.37371215820312 8.763847351074219 8.150900268554693 7.536381530761716 8.214004516601562 9.59246673583985 10.383387756347659 11.479496765136716 12.284432983398432 12.79631958007812 13.21185302734375 13.7303466796875 14.451640319824222 14.383317565917963 14.412499999999994
          14.344993591308594 14.878189086914062 14.913986206054688 14.751560974121091 14.590242004394526 14.328167724609372 14.265559387207034 14.10186767578125 13.737466430664057 13.271371459960932 12.601660156250006 11.827066040039057 10.846871948242182 9.563183593749997 8.970202636718753 9.265823364257812 9.6440414428711 9.21435546875 8.774156188964838 8.524130249023443
          8.166329956054682 7.702876281738284 7.232601928710935 6.657246398925778 6.078129577636716 5.297601318359369 4.517988586425787 4.038063049316406 3.856161499023443 3.4744277954101506 3.1931518554687557 3.314157104492182 5.31967468261719 6.023948669433594 6.62533874511719 7.224645996093756 7.724647521972656 8.125404357910156 8.526618957519531 8.730992126464841
          8.938752746582026 9.54745178222656 10.75377807617187 11.860264587402341 12.766529846191403 13.274137878417974 13.683317565917974 13.796777343749994 13.517675781250006 13.64203033447265 13.769970703124997 14.00084838867187 14.135334777832028 14.272857666015625 14.314248657226557 14.361125183105472 14.111564636230469 13.868145751953122 13.92925872802735 13.694895935058597
          13.166163635253909 12.741596984863278 12.023408508300776 11.210118103027341 10.601428222656253 9.99651489257812 9.594927978515628 9.139413452148432 9.034248352050781 8.626184082031244 8.014877319335938 7.699015808105472 7.083566284179682 7.966529846191406 9.55120239257812 10.344526672363287 11.4451904296875 12.15310974121094 12.666255187988284 13.182902526855472
          13.605264282226557 13.933386230468756 14.061134338378906 14.190042114257807 14.121719360351562 14.555456542968756 14.690483093261719 14.6262191772461 14.462840270996097 14.19910278320313 14.134297180175778 13.968362426757807 13.501939392089838 12.932464599609375 12.158686828613284 11.279835510253903 10.095895385742182 9.004493713378906 8.107621765136713 8.002281188964844
          8.480537414550781 8.3448471069336 7.999665832519526 7.843772888183594 7.47934265136719 7.007435607910153 6.530058288574224 5.946310424804693 5.555711364746088 4.765333557128912 4.2728118896484375 3.6828155517578125 3.2930023193359403 3.101701354980463 2.911346435546875 2.8232574462890625 3.8291564941406193 5.1244964599609375 6.017219543457031 7.105532836914065
          7.696989440917974 8.190109252929688 8.783778381347659 9.278981018066403 9.676213073730466 9.976115417480472 11.073927307128912 11.871693420410153 12.5699478149414 13.168995666503903 13.668966674804693 13.674736022949219 13.487760925292974 13.703623962402347 13.82378997802735 13.948014831542963 14.175283813476568 14.207450866699219 14.144767761230469 14.186067199707026
          13.93401947021485 13.588708496093744 13.944358825683594 13.706959533691403 13.275221252441412 12.451127624511713 11.634205627441403 10.720434570312506 10.309562683105469 10.104016113281247 9.802207946777344 8.288665771484375 8.283515930175781 7.874955749511713 7.362817382812494 7.147627258300787 6.929995727539065 7.916392517089847 9.407778930664065 10.40445251464844
          11.40945739746094 12.12042846679688 12.537480163574216 13.057667541503903 13.481227111816409 13.90741119384765 13.93816528320312 13.870132446289062 14.197544860839841 14.433189392089844 14.469337463378906 14.405004882812506 14.239978027343753 13.975027465820318 13.808955383300784 13.73955688476562 13.268907165527338 12.595045471191412 11.815644836425776 10.83148345947265
          9.542652893066403 8.346414184570307 7.443766784667972 6.93533630371094 7.313989257812494 7.37698669433594 7.028837585449224 6.967962646484381 6.895094299316412 6.317884826660162 5.8318634033203125 5.535969543457028 5.036520385742193 4.434225463867193 3.9319839477539062 3.4304519653320256 3.1286300659179744 2.6303787231445312 2.332257080078122 2.531716918945307
          3.3290328979492188 4.818749999999994 6.301432800292972 7.084809875488276 7.669117736816403 8.1547836303711 8.542044067382818 8.830723571777341 9.220494079589841 10.306106567382812 11.094992065429693 11.684121704101557 12.175036621093753 12.866081237792969 13.457888793945315 13.55628051757813 13.660043334960932 13.768360900878903 13.881278991699219 13.998606872558597
          14.1202377319336 14.246369934082026 14.278147888183597 14.216128540039065 14.0603042602539 14.10892028808594 14.062182617187503 13.821807861328125 12.99081726074219 12.166090393066412 12.244049072265625 11.231193542480469 10.521855163574216 10.3148208618164 10.3106704711914 7.334530639648435 7.330426025390622 7.220896911621097 6.710009765625003 6.595948791503901
          6.976776123046875 8.165484619140628 9.660960388183597 10.564668273925776 11.573693847656244 12.189173889160159 12.410574340820318 12.735255432128909 13.260485839843753 13.788432312011722 13.720491027832026 13.750375366210932 14.180671691894531 14.515301513671872 14.451411437988284 14.286231994628906 14.120053100585935 13.951264953613276 13.682957458496091 13.413619995117188
          12.939491271972656 12.260174560546872 11.37561645507813 10.384558105468756 9.287548828124997 7.98626708984375 6.880270385742193 6.368505859375006 6.248165893554685 6.311506652832037 6.160412597656247 6.195608520507818 6.217803955078125 5.83053894042969 5.236735534667972 4.932731628417969 4.620747375488278 4.106497192382818 3.4943222045898494 3.081185913085932
          2.7683700561523494 2.1604675292968807 2.0524276733398494 2.938650512695318 4.021913146972651 4.808502197265625 6.088186645507818 6.963674926757818 7.440574645996094 7.520091247558597 7.502003479003903 8.083419799804688 9.458877563476562 10.137326049804685 10.917323303222659 11.597885131835938 12.080606079101557 12.664204406738278 13.347802734374994 13.240449523925776
          13.63543853759765 13.736546325683591 13.942178344726557 14.152151489257818 14.267182922363276 14.189187622070307 14.117440795898432 14.350508117675787 14.388961791992188 14.432908630371088 14.182287597656256 13.6422103881836 13.208366394042969 12.581289672851568 11.760453796386713 11.544546508789068 11.332987976074222 11.325038146972659 10.82162780761719 6.674559020996099
          6.672079467773443 6.565785217285153 6.155722045898443 6.241943359375 7.424632263183597 8.518505859374997 9.62171020507813 10.62903442382813 11.443652343750003 11.962893676757815 12.185408020019537 12.610859680175778 13.139904785156247 13.473176574707026 13.405952453613281 13.834463500976568 14.16891784667969 14.305607604980466 14.24118347167969 14.17413482666015
          14.005514526367193 13.834696960449222 13.760751342773432 13.288552856445307 12.512669372558591 11.828355407714838 11.03695373535156 10.040341186523435 8.937709045410159 7.729766845703125 6.7181396484375 5.804444885253901 5.381701660156253 5.1466217041015625 5.392430114746091 5.624047851562494 5.643016052246097 5.152027893066403 4.747962951660156 4.433354187011716
          4.208583068847659 3.5839874267578153 3.0577285766601534 2.5333618164062557 2.308758544921872 1.6911514282226534 1.9711486816406278 3.146453857421875 4.120385742187494 4.796385192871099 5.372506713867182 6.044210815429693 6.413748168945318 6.3876953125 7.257904052734375 8.427967834472653 9.496650695800781 10.166546630859372 10.838853454589838 11.412602233886716
          12.087472534179682 12.861579895019531 13.140333557128912 13.325099182128909 13.712542724609378 13.80676879882813 14.104649353027341 14.208297729492188 14.119468688964844 14.335919189453122 14.458244323730469 14.685673522949216 14.619480895996091 14.45999450683594 13.908770751953128 13.765145874023432 13.328936767578128 12.700288391113276 11.9786361694336 11.76089782714844
          11.547821044921875 11.438642883300787 11.234133911132815 6.013092041015625 5.814152526855466 5.909315490722662 5.799290466308591 6.187182617187503 7.677722167968753 8.577218627929682 9.682460021972659 10.69449157714844 11.313092041015622 11.735148620605472 12.258357238769534 12.488935852050787 12.92245178222656 13.257348632812494 13.292077636718744 13.72705078125
          14.063679504394528 14.100987243652341 14.035662841796878 13.967736816406244 13.896171569824219 13.822676086425787 13.648066711425784 13.169566345214847 12.386488342285162 11.498291015625 10.70181579589844 9.798817443847653 8.690470886230472 7.577241516113276 6.362554931640631 5.243428039550778 4.616763305664065 4.180157470703122 4.428598022460932 4.859910583496088
          4.976544189453122 4.480818176269537 4.168666076660159 4.040637207031253 3.7036666870117188 3.161996459960932 2.4228515625 2.0827606201171847 1.6481094360351562 1.2203475952148466 2.085902404785159 3.151625061035162 4.016630554199224 4.384405517578131 4.653256225585935 4.921191406250003 5.485929870605474 6.546311950683588 7.707403564453131 8.570722961425787
          9.532577514648438 10.195057678222653 10.860276794433588 11.52618255615235 12.09374389648437 12.860122680664062 13.033467102050778 13.410572814941403 13.791256713867185 13.977700805664057 14.070469665527341 14.368266296386722 14.472608947753912 14.583238220214838 14.70046691894531 14.922860717773432 14.653234863281256 14.391055297851565 14.037062072753912 13.98987426757813
          13.551422119140625 13.0206298828125 12.695765686035159 12.376936340332037 12.162699890136722 11.85327758789063 11.548509216308588 6.341554260253901 5.548260498046872 5.2509002685546875 5.643721008300787 6.633322143554693 7.932666015625003 8.83550415039062 9.745597839355469 10.6621078491211 11.183370971679693 11.707266235351568 12.235624694824224 12.567874145507815
          12.706280517578122 12.94500732421875 13.083352661132807 13.32461242675781 13.465612792968756 13.799929809570315 13.83346862792969 13.7650161743164 13.891703796386722 13.619375610351568 13.441180419921878 13.056904602050778 12.267829895019531 11.273025512695312 10.371102905273432 9.463053894042972 8.448252868652347 7.329545593261713 5.90939636230469 4.684417724609375
          3.9538162231445284 3.515829467773443 3.666215515136713 4.19882507324219 4.118594360351565 3.7210754394531307 3.500866699218747 3.2598602294921903 3.0038391113281193 2.4451934814453153 2.0851211547851562 1.7297561645507784 1.1831954956054744 1.042311096191412 2.1954376220703153 2.951097106933588 3.2114181518554688 3.4715942382812557 3.535173034667963 4.394486999511713
          6.046827697753912 7.099687194824213 7.954408264160151 8.710113525390625 9.366955566406247 10.122477722167972 10.780754089355469 11.440304565429685 12.299259948730466 12.95880279541015 13.026440429687497 13.496023559570318 13.67203063964844 14.150769042968747 14.436633300781253 14.62823486328125 14.726557922363284 14.632701110839847 14.84454345703125 14.8632827758789
          14.689979553222656 14.424961853027341 14.366947937011716 14.215907287597659 13.874845886230474 13.441535949707031 13.015039062499994 12.893913269042969 12.678395080566403 12.368438720703125 11.964074707031244 7.479240417480469 6.185183715820315 5.491203308105469 5.792103576660153 6.790722656249997 7.9935455322265625 8.89935150146485 9.811192321777341 10.631074523925776
          11.254351806640628 11.881710815429685 12.116157531738281 12.452221679687497 12.690422058105469 12.931155395507815 12.97409362792969 13.018351745605472 13.060961914062503 13.201298522949216 13.336141967773443 13.367834472656256 13.496604919433594 13.420004272460943 13.139978027343744 12.851757812499997 12.056800842285156 11.054298400878906 10.145272827148432 9.13085327148437
          8.010833740234375 6.885145568847662 5.457099914550781 4.125903320312503 3.2919982910156307 2.752943420410162 2.9059997558593693 3.346574401855463 3.270799255371088 2.874790954589841 2.747196960449216 2.6837753295898494 2.3059722900390653 1.9246826171875 1.6460174560546932 1.1765380859374943 0.9124832153320312 0.9556610107421903 1.6006927490234375 2.147570800781253
          2.3006210327148438 2.7554946899414006 3.806500244140622 5.155926513671872 6.205070495605469 7.152368164062494 8.198521423339841 8.748161315917969 9.398121643066403 10.04791412353515 10.700117492675787 11.551779174804693 12.303562927246091 12.758535766601568 13.018994140624997 13.383549499511716 13.851530456542974 14.22382202148438 14.503758239746091 14.789393615722659
          14.882406616210943 14.883041381835938 14.890710449218744 14.905703735351565 14.729325866699213 14.759783935546878 14.398893737792974 14.24490051269531 14.100016784667972 13.76421966552735 13.435327148437494 13.312065124511719 13.095227050781247 12.784660339355469 12.579518127441403 7.642187500000006 6.344140624999994 5.7472686767578125 5.652342224121099 6.554570007324216
          7.95700378417969 9.063656616210935 10.077374267578122 10.702230834960943 11.329925537109375 11.8623046875 12.2972396850586 12.438026428222656 12.679614257812503 12.823773193359372 12.868000793457028 12.912022399902341 12.954876708984372 12.995945739746091 13.133276367187506 13.168005371093756 13.100415039062497 12.826866149902344 12.643811035156247 12.154644775390622
          11.45367584228515 10.742628479003912 9.925370788574213 9.001567077636722 7.674406433105474 6.442279052734378 5.104750061035162 3.8659164428710966 3.1251907348632812 2.484701538085943 2.0447998046875 2.296459960937497 2.532365417480463 2.3469085693359375 2.2181777954101562 2.022430419921875 1.7072967529296932 1.101806640625 0.7040756225585909 0.31733856201171307
          0.5353164672851562 0.7614349365234432 1.094648742675787 1.335850524902341 1.8813705444335938 3.0279815673828097 4.371830749511716 5.4165496826171875 6.359498596191401 7.399456787109372 8.14059753417969 8.684294128417974 9.427891540527341 10.17080993652344 10.817222595214844 11.761376953124994 12.306980895996091 12.558253479003909 13.111303710937506 13.370259094238278
          13.931365966796875 14.39745483398437 14.670753479003906 14.851383972167966 14.9395751953125 15.03476257324219 14.838815307617182 14.75097045898437 14.870236206054685 14.896894836425787 14.63241882324219 14.376457214355469 14.12820129394531 14.088200378417966 13.85650024414062 13.631826782226568 13.413798522949222 13.202011108398438 12.996510314941403 7.110200500488276
          6.011222839355469 5.215083312988284 5.216807556152347 6.615502929687494 8.219668579101565 9.330517578124997 10.349728393554685 10.777529907226565 11.309771728515628 11.74633178710937 12.086782836914068 12.329049682617182 12.573612976074216 12.71973266601563 12.765676879882818 12.81110229492188 12.755718994140622 12.995407104492188 13.13458404541015 12.97260131835938
          12.804797363281253 12.529333496093756 12.246118164062494 11.554167175292974 10.651130676269531 9.937596130371091 9.313639831542972 8.382092285156247 7.342671203613278 6.100709533691401 5.053071594238276 3.8069137573242244 3.0609848022460966 2.317169189453125 1.7767181396484375 1.5423400878906222 1.7080612182617188 1.6641616821289062 1.6636367797851506 1.4791748046875028
          1.0072174072265625 0.46676940917969034 0.2471878051757841 0.34014129638671875 0.5464157104492244 1.1573059082031278 1.5766571044921847 1.6076507568359375 1.6490203857421903 2.392747497558588 3.5362915039062557 5.074609374999994 6.3100128173828125 7.244203186035151 7.979759216308594 8.616505432128903 9.254121398925776 9.89246215820313 10.631626892089841 11.471005249023435
          12.210643005371097 12.556086730957034 13.104948425292974 13.85464172363281 14.308546447753912 14.768890380859375 14.737924194335932 14.914091491699224 15.097102355957034 15.08816223144531 14.88876647949219 14.897129821777341 15.012451171875 15.035409545898432 14.767874145507818 14.608769226074216 14.35820922851562 14.214584350585938 14.080046081542974 13.953083801269528
          13.832835388183597 13.619857788085938 13.51348724365235 7.169638061523443 6.071202087402341 5.2744293212890625 5.376664733886713 6.879106140136713 8.686544799804693 9.503062438964847 10.326370239257812 10.855682373046875 11.191601562499997 11.82996215820313 12.074494934082026 12.221720886230472 12.469999694824224 12.51996459960938 12.667106628417969 12.71453857421875
          12.7596435546875 12.903581237792963 12.945214843749994 12.782278442382818 12.51415405273437 12.138247680664065 11.653193664550784 10.955368041992188 10.146105957031253 9.427520751953125 8.599475097656253 7.661373901367185 6.715788269042974 5.863145446777338 5.007122802734372 3.851458740234378 2.898655700683591 2.0477294921875 1.50347900390625 1.2766311645507784
          1.0913940429687443 -0.006936645507806816 -0.027653503417965908 0.15466461181640057 0.8798019409179716 0.4085540771484375 0.3732254028320341 1.0510650634765568 1.543888854980466 2.1440063476562443 2.2555603027343807 2.2764831542968693 2.3065383911132784 2.5431320190429716 2.9845550537109347 4.023963928222656 5.756048583984381 6.884745788574222 7.715419006347659 8.546000671386722
          9.277169799804682 9.9099105834961 10.742964172363287 11.477536010742185 12.213038635253909 12.851371765136719 13.294686889648432 14.0374755859375 14.486405944824213 14.840623474121088 14.705583190917963 14.976882934570312 15.055789184570315 14.943659973144534 14.940258789062497 15.14403686523437 15.255024719238293 15.075442504882801 14.904809570312494 14.842507934570307
          14.688720703125 14.44344787597656 14.305018615722659 14.275248718261722 14.053817749023438 13.839916992187497 13.73288269042969 7.234820556640628 6.03765869140625 5.241885375976565 5.445776367187506 6.951536560058599 8.762385559082034 9.6785903930664 10.404057312011716 11.034567260742193 11.372721862792972 11.71856689453125 12.06594543457031 12.315963745117188
          12.468850708007807 12.422393798828125 12.771443176269528 12.72268981933594 12.6717544555664 12.717546081542963 12.66009521484375 12.397669982910159 12.028759765624997 11.55129699707031 11.061924743652341 10.359536743164057 9.54671936035156 8.920405578613284 8.183647155761719 7.338084411621097 6.287501525878909 5.23111267089844 4.268727111816403 3.303205871582037
          2.436723327636713 1.7707901000976562 1.311326599121088 1.1793136596679688 -0.009899902343747158 0.6541610717773381 1.4871612548828068 1.0740203857421875 0.8807617187499943 0.9193862915039119 1.573612976074216 1.8478057861328097 2.136486816406247 2.729806518554682 3.031999206542963 3.2428970336914062 3.3619659423828097 3.3891983032226562 3.522167968749997 3.957693481445318
          4.892578125 6.321138000488276 7.745242309570315 8.571246337890628 9.396922302246097 10.122903442382807 10.851509094238281 11.580969238281256 12.311421203613278 12.845726013183594 13.581503295898443 14.218524169921878 14.663014221191403 15.111982727050787 14.972082519531256 14.940933227539062 15.314933776855469 15.29828033447265 15.19146881103515 15.490432739257812
          15.299108886718756 15.216360473632818 15.042858886718761 14.977673339843761 14.821315002441395 14.67315063476562 14.433569335937506 14.300762939453122 14.177188110351565 14.061410522460932 13.95343017578125 7.303619384765625 6.106152343749997 5.113034057617185 5.319465637207031 7.026866149902347 8.839202880859375 9.856643676757812 10.583338928222659 11.31586303710938
          11.756550598144528 11.80764465332031 12.061264038085938 12.117942810058594 12.373622131347659 12.331002807617182 12.586033630371091 12.638623046874997 12.3900146484375 12.435127258300781 12.277157592773435 12.012985229492188 11.543067932128906 10.665933227539057 9.975935363769537 9.470259094238287 8.94855346679688 8.218028259277347 7.674555969238284 6.822439575195318
          5.862800598144531 4.796409606933594 3.824502563476557 2.748918151855463 1.7703277587890653 1.0886627197265568 0.7951721191406307 0.8035430908203125 0.9156677246093778 1.0521240234375 1.0590393066406278 1.3102905273437528 1.3541488647460938 1.7043853759765568 2.166081237792966 2.5361389160156307 2.7201431274414034 3.308023071289057 3.603860473632807 3.8083343505859375
          4.1185760498046875 4.336454772949224 4.658499145507818 4.885914611816403 5.316587829589849 6.144857788085943 7.070762634277344 8.491838073730463 9.412188720703128 10.132836914062494 10.857231140136719 11.780969238281244 12.40796508789063 13.235205078125006 13.86539001464844 14.498435974121094 14.937265014648432 15.182601928710938 14.939840698242193 15.10422058105469
          15.473704528808582 15.453114318847668 15.342884826660168 15.737713623046886 15.64270477294923 15.457408142089832 15.281381225585932 15.114097595214844 15.0550537109375 14.804821777343761 14.662944030761707 14.429351806640625 14.203343200683591 13.986466979980463 13.77808227539063 6.976377868652349 6.0779876708984375 4.984915161132818 5.193429565429682 6.705606079101557
          8.619865417480469 9.938053894042966 10.86569519042969 11.601644897460943 12.046498107910153 12.000743103027347 11.96026763916015 12.119075012207034 12.281071472167966 11.945524597167974 12.20415649414062 12.061247253417974 11.910151672363284 11.954272460937503 11.794471740722656 11.52902526855469 10.857589721679688 9.975862121582026 9.083178710937503 8.475289916992182
          8.052302551269534 7.615826416015622 6.969783020019534 6.410876464843753 5.443127441406247 4.466154479980474 3.383596801757818 2.294477844238287 1.3021697998046875 0.21111297607421875 0.17300567626952557 0.6283294677734403 0.8789916992187443 1.397160339355466 1.691502380371091 2.0599044799804744 2.417236328125 2.5774291992187557 2.5502334594726506 3.515049743652341
          3.5939270019531193 3.880166625976557 4.270503234863284 4.567691040039065 4.772309875488276 5.082391357421869 5.495227050781253 5.712846374511713 5.738354492187497 6.363160705566401 7.28604431152344 8.407096862792969 9.623129272460943 10.538230895996094 11.157513427734372 11.877772521972659 12.599214172363276 13.320884704589844 13.747415161132807 14.275776672363278
          14.711203002929693 14.755090332031244 14.908010864257818 15.366241455078125 15.53235321044923 15.508528137207037 15.59356079101562 15.785658264160162 15.687788391113287 15.50006561279298 15.421162414550793 15.251628112792957 15.190318298339832 14.938133239746094 14.794355773925787 14.459329223632807 14.231726074218756 13.814765930175781 13.506304931640628 6.844841003417969
          5.849601745605469 4.855949401855469 4.966149902343744 6.479035949707026 8.29749145507813 9.721356201171872 10.752659606933591 11.592256164550776 12.041213989257812 11.898991394042966 11.761140441894526 11.924609375000003 11.891526794433588 11.557376098632815 11.521829223632807 11.379370117187506 11.4268783569336 11.5694580078125 11.309291076660159 10.843943786621097
          10.070089721679693 9.184730529785156 8.384684753417972 7.674751281738281 7.251908874511713 6.717195129394526 6.0702972412109375 5.507820129394531 4.731793212890622 3.8459243774414062 2.849443054199213 1.6453704833984375 0.6411682128906193 -0.00585174560546875 0.14795532226563068 0.9582580566406307 1.6709793090820284 2.66552734375 3.0463882446289006 3.1178268432617244
          3.282879638671872 3.348954772949213 3.422354125976568 4.091755676269528 4.563697814941406 4.646542358398435 5.032667541503912 5.323973083496099 5.521336364746091 5.72507019042969 6.130818176269528 6.440258789062497 6.556962585449213 6.97555847167969 7.795542907714847 8.714482116699216 9.828263854980463 10.840107727050778 11.554019165039065 12.070722961425787
          12.786785888671872 13.305564880371094 13.82675476074219 14.153216552734378 14.585827636718747 14.925823974609372 15.273304748535153 15.527812194824207 15.690521240234375 15.762652587890614 15.744618225097668 15.933793640136713 15.833482360839838 15.742723083496088 15.561859130859375 15.39020385742188 15.227368164062511 14.973542785644526 14.828056335449219 14.391999816894526
          13.964358520507815 13.447581481933597 13.039067077636716 7.209870910644526 5.81686706542969 4.924076843261716 4.934643554687497 6.547361755371099 8.368273925781253 9.498883056640622 10.635153198242193 11.480235290527347 11.9333511352539 11.893203735351562 11.659220886230472 11.528724670410156 11.49713745117188 11.165107727050781 10.733787536621094 10.195898437500006
          10.543284606933597 10.884880065917969 10.821585083007818 10.154711914062503 9.27932434082031 8.488113403320312 7.785267639160153 6.9735565185546875 6.352842712402349 5.717465209960935 5.066958618164065 4.502452087402347 3.923213195800784 3.0329574584960994 2.025604248046875 0.8990936279296875 0.24285888671875 0.28268737792969034 0.6837890624999972 1.482975769042966
          2.6738082885742216 3.7515182495117188 4.319042968749997 4.28466796875 4.052742004394531 4.219053649902349 4.291003417968753 4.66372375488281 5.431164550781247 5.509400939941401 5.791505432128901 6.078225708007807 6.467799377441409 6.664407348632807 6.963075256347651 7.266580200195307 7.673266601562503 7.983149719238284 8.099617004394531 8.815809631347662
          9.728485107421875 10.737727355957034 11.449327087402338 12.260903930664057 12.972640991210938 13.487605285644534 14.005506896972662 14.528367614746088 14.957110595703128 15.292872619628909 15.437835693359375 15.788055419921875 15.847666931152332 15.91680755615235 15.995004272460932 15.982630920410145 15.979481506347668 15.78692169189452 15.70366973876952 15.530046081542963
          15.365631103515625 15.110340881347668 14.764236450195312 14.226753234863281 13.700393676757812 13.183570861816406 12.575605773925787 7.282453918457037 5.985757446289057 4.794920349121099 5.003717041015619 6.716648864746091 8.539231872558588 9.770283508300778 10.614343261718744 11.364842224121091 11.822413635253909 11.786576843261713 11.455813598632815 11.127644348144528
          10.799665832519537 10.667422485351565 10.037261962890625 9.400708007812497 9.553144836425787 10.094816589355474 10.03274230957031 9.562023925781247 8.582554626464841 7.790313720703125 7.186247253417974 6.373559570312494 5.450465393066409 4.712547302246094 4.060217285156256 3.3968093872070284 2.720294189453128 1.9301605224609375 0.8264541625976562 -0.003131103515627842
          0.24989013671874716 0.8388153076171818 1.819767761230466 2.7029479980468807 3.779498291015628 4.845527648925781 5.404499816894528 5.463250732421869 5.324710083007815 5.191174316406247 5.261010742187494 5.729267883300778 6.295716857910151 6.370535278320318 6.647604370117193 6.928015136718756 7.212789916992193 7.404415893554685 8.094721984863284 8.488903808593747
          8.688433837890628 8.990054321289065 8.998388671875006 9.112597656250003 9.82342681884765 10.731990051269534 11.739614868164068 12.547598266601568 13.255970764160153 13.865922546386713 14.280169677734378 14.800756835937506 15.3250747680664 15.458288574218756 15.502420043945307 16.345651245117182 16.003958129882818 16.070344543457026 16.046534729003895 16.131582641601568
          16.126197814941406 15.931684875488287 15.846350097656256 15.57146759033202 15.405656433105463 15.04962615966798 14.702873229980469 14.165138244628906 13.439549255371091 12.823176574707034 12.215242004394526 7.056867980957037 5.859111022949222 4.764253234863276 4.874308776855472 6.887561035156253 8.811753845214838 9.946612548828128 10.792327880859375 11.446359252929682
          11.709141540527341 11.57708129882812 11.148164367675776 10.720246887207026 10.491215515136716 10.262161254882812 9.632000732421872 9.093310546875003 8.95037841796875 9.200114440917972 9.337322998046872 9.163743591308588 8.182939147949213 7.191308593749994 6.389607238769528 5.573753356933594 4.5460968017578125 3.705989074707034 2.9521636962890625 2.185215759277341
          1.4112640380859318 0.5439193725585909 -0.007556152343752842 0.08115692138672159 0.9321105957031222 2.1946380615234347 3.4587295532226534 4.422721862792969 5.087210083007818 5.745739746093747 6.197868347167969 6.251347351074216 6.404040527343753 6.265660095214841 6.430438232421878 6.891989135742193 6.960025024414065 7.131723022460932 7.60262756347656 7.878124999999997
          8.355133056640625 8.639129638671875 9.123042297363284 9.410830688476565 9.702090454101565 9.897775268554682 10.097023010253906 10.006204223632807 10.613066101074224 11.319157409667966 12.024836730957034 12.73107299804687 13.535569763183588 14.141516113281256 14.653276062011713 15.069834899902347 15.39218444824219 15.622117614746088 15.564608764648426 16.50434570312501
          16.2600128173828 16.422988891601562 16.297142028808594 16.2806411743164 16.273516845703114 16.077233886718744 15.890701293945312 15.614468383789074 15.347978210449213 14.991207885742199 14.54412689208985 14.006582641601568 13.281123352050784 12.664872741699213 11.95715942382813 6.728642272949216 5.530183410644526 5.030915832519526 5.339346313476568 6.859976196289068
          8.688426208496097 9.825627136230466 10.672631835937494 11.328898620605472 11.493870544433591 11.263359069824219 10.934091186523432 10.606265258789065 10.181216430664065 9.854908752441403 9.323962402343753 8.787423706054682 8.643957519531256 8.696241760253912 8.837806701660156 8.668576049804685 7.289335632324224 6.594042968750003 5.589617919921878 4.67165832519531
          3.541896057128909 2.597454833984372 1.836900329589838 1.0646575927734432 0.4846252441406307 -0.008676147460931816 0.10021667480468466 0.9457382202148494 2.2948989868164062 3.6474319458007756 4.800933837890625 5.652429199218744 6.300872802734375 6.650163269042963 6.897622680664057 7.241908264160159 7.388795471191401 7.342144775390622 7.400758361816401 7.659661865234369
          7.625256347656247 7.891720581054685 8.357246398925781 8.82437438964844 9.194157409667966 9.273538208007807 9.850736999511724 10.230400085449219 10.515419006347656 10.804107666015625 10.997404479980474 11.098033142089847 11.500157165527341 12.003082275390625 12.605915832519528 13.209947204589838 14.010140991210932 14.51449279785156 14.923994445800787 15.43682250976562
          15.656822204589844 15.784893798828136 15.823631286621094 16.462971496582043 16.41558685302735 16.576121520996082 16.44818420410155 16.330599975585926 16.322247314453136 16.224102783203136 16.036082458496082 15.6591781616211 15.391894531249989 15.03455200195313 14.387791442871105 13.850453186035153 13.025634765625 12.30990295410156 11.5025634765625 6.295732116699213
          5.296533203124994 4.701942443847656 5.409289550781253 6.7294769287109375 8.260650634765625 9.499308776855472 10.447579956054682 11.007394409179682 11.074502563476557 11.043411254882812 10.716653442382807 10.391116333007815 9.967189025878909 9.641331481933591 8.916091918945312 8.08343658447265 8.339512634277341 8.096458435058594 7.843913269042972 7.078276062011724
          6.391947937011722 5.596601867675787 4.6878662109375 3.6686553955078125 2.5346664428710994 1.5851669311523438 0.8212173461914034 0.2383773803710909 -0.00011901855468465783 0.053251647949224434 0.8400024414062557 2.1037658691406307 3.7515533447265597 4.89944763183594 5.746769714355466 6.684547424316406 7.320616149902349 7.461460876464841 7.800672912597662 8.2355972290039
          8.276113891601568 8.320979309082034 8.273054504394537 8.32840270996094 8.290762329101568 8.751115417480463 9.407630920410156 9.768273925781244 10.031663513183588 10.103041076660162 10.575540161132807 11.14868774414063 11.426664733886724 11.70916595458985 12.094390869140625 12.187542724609372 12.384715270996097 12.68417663574219 13.18365325927735 13.684716796874994
          14.382850646972656 14.885516357421878 15.391378784179693 15.702543640136724 15.920666503906261 16.14568634033202 16.180799865722662 16.52002563476563 16.470870971679688 16.53051300048827 16.500592041015636 16.3815887451172 16.372084045410162 16.37195587158203 16.083302307128918 15.70550537109375 15.23827514648437 14.880604553222668 14.232798767089832 13.497993469238281
          12.673640441894534 11.957931518554688 11.150752258300784 5.855741882324224 4.858702087402349 4.165332031250003 5.472023010253906 6.9891357421875 8.519981384277344 9.66131744384765 10.514372253417974 10.87741394042969 10.747344970703125 10.819015502929688 10.495378112792963 10.272434997558591 9.94940032958985 9.82400817871094 8.504742431640622 8.168409729003912
          7.736044311523443 6.996141052246088 6.344183349609381 6.071000671386713 5.584832763671869 4.689349365234378 3.682978820800784 2.663203430175784 1.726353454589841 0.9736648559570256 0.4107452392578068 -0.007130432128903408 0.12194213867186932 0.8165512084960938 1.8974197387695284 3.2645324707031307 4.911824035644528 5.954003906249994 6.790270996093753 7.719313049316412
          8.245890808105472 8.475138854980472 8.706141662597659 9.132772827148443 9.164881896972659 9.101896667480474 8.948150634765625 8.998593139648435 9.055627441406244 9.707633972167969 10.356153869628912 10.512631225585935 10.969902038574219 11.33026275634765 11.596025085449213 11.964717102050784 12.435568237304693 12.810302734375 13.088356018066406 13.075991821289065
          13.169326782226562 13.562463378906244 13.858598327636713 14.255389404296878 14.853546142578125 15.353633117675784 15.757504272460935 16.066693115234386 16.28246612548827 16.405738830566406 16.437762451171864 16.477926635742193 16.626239013671864 16.58527069091798 16.653457641601562 16.53302764892578 16.522019958496088 16.321998596191406 16.132376098632818 15.753945922851557
          15.186555480957026 14.629373168945307 14.081811523437494 13.347517395019537 12.523759460449213 11.509164428710932 10.8018783569336 5.2081298828125 4.211860656738281 3.7201004028320312 5.330667114257807 6.950877380371097 8.48300476074219 9.626026916503903 10.480203247070307 10.942985534667969 10.9130844116211 10.789561462402347 10.37039489746094 9.855905151367182
          9.536784362792972 9.216656494140622 8.190730285644534 7.561065673828125 6.827807617187503 5.886859130859378 5.228355407714844 5.055722045898435 4.472682189941409 3.6784729003906307 2.872270202636713 1.6565765380859432 0.8255249023437443 0.5683578491210994 -0.0017486572265568157 0.12182159423828409 0.7089767456054688 1.6916610717773466 2.866952514648432 4.128816223144526
          5.575291442871091 6.610841369628901 7.639601135253912 8.657901000976565 9.174118041992188 9.393882751464844 9.713281249999994 9.933625793457026 9.95977630615235 10.184286499023443 9.923269653320318 9.869538879394526 10.116914367675776 10.760330200195312 11.105233764648432 11.354707336425776 11.80593566894531 12.455683898925784 12.614358520507807 12.975978088378909
          13.34035949707031 13.609249877929685 13.880070495605466 13.665158081054685 13.952534484863278 14.34003295898438 14.532528686523435 14.926954650878912 15.421861267089838 15.819667053222659 16.121928405761707 16.33007202148437 16.54430389404297 16.66645507812501 16.89483184814452 16.834149169921886 16.980752563476557 16.839326477050776 16.906056213378918 16.68499298095702
          16.57378692626952 16.373300170898432 16.08379974365235 15.804598999023426 15.137178039550776 14.380827331542974 13.63504333496094 12.801252746582037 12.077693176269534 11.263105773925787 10.555895996093753 5.145739746093753 4.25100402832031 3.663356018066409 4.882360839843756 6.606820678710932 8.240809631347659 9.386959838867185 10.143951416015625 10.609182739257818
          10.680891418457037 10.658207702636716 10.340719604492193 9.629708862304682 9.016447448730474 8.498364257812497 7.672666931152349 6.843864440917969 6.009126281738276 4.963005065917969 4.402944946289068 4.232081604003909 3.949240112304693 3.0579833984375 1.858525085449216 0.8492935180664034 0.3337448120117159 -0.0010986328125 -0.004522705078130684 0.6285018920898438
          1.499040222167963 2.4734466552734347 3.638995361328128 4.699043273925781 6.336187744140631 7.464070129394528 8.387580871582031 9.399769592285153 10.006831359863284 10.31441955566406 10.526470947265622 10.739071655273435 10.856120300292972 11.074320983886722 10.903057861328122 10.742155456542974 11.179910278320307 11.715048217773443 12.052543640136719 12.394013977050776
          12.935568237304693 13.379190063476557 13.62944946289062 13.884179687499994 14.142541503906244 14.305442810058594 14.473783874511724 14.351524353027344 14.435200500488278 14.9188232421875 15.206390380859375 15.497032165527344 15.888688659667963 16.085296630859375 16.287069702148443 16.59296264648438 16.70689697265624 17.025675964355457 17.152511596679688 17.09002075195312
          17.037249755859364 17.093580627441412 17.059844970703125 16.838400268554693 16.726850891113287 16.52606658935548 16.236352539062494 15.956701660156256 14.990776062011719 14.335096740722662 13.78887786865235 12.45739135742187 11.734342956542974 11.119442749023435 10.711454772949224 5.281007385253901 4.388194274902347 3.602804565429693 4.822457885742182 6.450770568847659
          8.088825988769528 9.138958740234372 9.799543762207037 10.266659545898435 10.540985107421875 10.522016906738287 10.307206726074213 9.49838562011719 8.686932373046872 7.9702606201171875 7.146409606933588 6.317607116699222 5.478863525390622 4.332192993164057 3.7750320434570312 3.4087234497070256 3.32769775390625 2.933602905273432 1.5353805541992216 0.5349533081054716
          -0.004988098144536934 -0.010504150390630684 0.3660934448242159 1.2212738037109432 2.1884399414062443 3.2550338745117244 4.412762451171872 5.564097595214847 7.196694946289057 8.616879272460935 9.431013488769537 9.941722106933597 10.5435806274414 11.042257690429693 11.34320068359375 11.646005249023432 11.75469970703125 11.965011596679688 11.885462951660159 11.914497375488281
          12.243302917480463 12.769506835937506 13.197724914550776 13.62917785644531 14.061553955078125 14.298332214355469 14.442770385742193 14.690466308593756 14.744830322265628 15.00259704589844 15.066421508789062 15.038706970214847 15.117294311523438 15.496301269531244 15.680320739746094 15.967124938964844 16.25623321533203 16.351948547363293 16.65119628906251 16.8564483642578
          17.067826843261713 17.284873962402344 17.311747741699207 17.44671630859375 17.392678833007807 17.348185729980457 17.11547241210937 16.993264770507807 16.881387329101557 16.680206298828125 16.29051513671874 15.613114929199213 14.84747161865235 14.290174865722662 13.347396850585938 12.316177368164062 11.593281555175778 11.177839660644537 10.369943237304682 5.215557861328122
          4.223698425292966 3.637080383300784 4.858297729492193 6.389089965820318 7.930418395996099 8.982504272460943 9.546118164062506 10.017613220214841 10.197058105468756 10.182324218749997 9.972015380859375 9.16424713134765 8.154159545898438 7.337670898437494 6.516093444824222 5.487374877929682 4.845953369140631 3.7996414184570284 3.2437240600585966 2.6805740356445256
          2.1082077026367188 1.5205368041992244 0.8131286621093778 0.6865859985351506 0.13176879882811932 0.027604675292963066 0.8284698486328068 1.903211975097662 2.873216247558588 3.8364761352539034 5.187994384765631 6.822369384765622 8.054211425781247 8.976524353027344 9.885180664062503 10.685749816894528 11.37966613769531 11.769126892089844 12.05963287353515 12.255868530273432
          12.55557556152344 12.857357788085935 12.868020629882807 12.791813659667966 13.506542968749997 14.021524047851557 14.438961791992185 14.662113952636716 14.987211608886724 15.118038940429685 15.254817199707034 15.3969741821289 15.544853210449219 15.598759460449216 15.657907104492182 15.625347900390622 15.698945617675776 15.973710632324213 16.054640197753912 16.338285827636724
          16.62518157958985 16.817662048339855 17.015170288085926 17.120445251464844 17.52826080322265 17.644201660156256 17.669534301757807 17.703656005859386 17.55010681152345 17.604896545410156 17.470924377441406 17.14948730468751 17.037342834472668 16.73651275634765 16.148477172851557 15.472419738769531 14.90643310546875 14.050494384765614 13.009135437011722 12.377114868164057
          11.753730773925781 11.337686157226557 10.430094909667972 4.94375305175781 3.7536026000976506 3.467236328124997 4.491184997558591 5.924281311035159 7.366807556152338 8.619808959960935 9.285292053222662 9.66159362792969 9.84512023925781 9.735093688964838 9.52737121582031 8.622265624999997 7.612002563476565 6.697619628906253 5.777033996582034 4.746614074707026
          4.20672607421875 3.1633590698242244 2.510180664062503 2.047877502441409 1.5765792846679716 1.192021179199216 0.4955078124999943 -0.0021118164062556843 0.2590179443359375 0.7040267944335881 1.4126434326171875 2.4914520263671847 3.3591293334960994 4.516247558593747 6.152224731445315 7.087965393066412 8.116290283203128 9.03235473632813 9.837516784667969 10.734431457519534
          11.62592163085938 12.79767456054688 13.174531555175776 13.260322570800781 13.254994201660153 13.452290344238278 13.653675842285153 13.766482543945315 14.6688217163086 15.17343444824219 15.481427001953122 15.69491271972656 15.91225891113281 16.035296630859378 16.06572723388672 16.201223754882818 16.145188903808588 16.195845031738287 16.448713684082037 16.311508178710938
          16.28152770996094 16.552058410644534 16.628570556640625 16.809065246582037 16.994099426269543 17.183856201171864 17.280517578125 17.482687377929693 17.6904266357422 17.904383850097645 17.9278549194336 17.763075256347662 17.7083740234375 17.663552856445307 17.529748535156244 17.30743408203125 16.995991516113293 16.3974578857422 15.810810852050793 15.3348373413086
          14.768972778320318 13.914018249511713 13.072590637207028 12.44040222167969 11.915904235839847 10.900576782226565 10.392398071289065 4.560778808593753 3.469400024414057 2.9873367309570256 3.813337707519537 5.246685791015622 6.889105224609381 8.345318603515622 9.015356445312506 9.395350646972659 9.483645629882815 9.376480102539062 9.072663879394526 8.168992614746088
          7.1607208251953125 6.148733520507818 5.127857971191403 4.098475646972659 3.5622573852539006 2.6192947387695256 1.9696640014648494 1.5139068603515682 1.1486358642578125 0.8737518310546903 0.38937683105469034 -0.0014526367187528422 0.01958465576171875 0.8266677856445312 1.622528076171875 3.4862304687499943 4.539923095703131 5.294767761230474 7.314875793457034 7.643383789062497
          7.973425292968756 9.283523559570312 10.374853515625006 10.772607421874994 11.662510681152341 13.029510498046875 13.5953353881836 13.671940612792966 13.755053710937503 13.8455825805664 14.13821716308594 14.437634277343747 15.3310546875 15.825794982910153 16.222564697265625 16.327474975585943 16.5369857788086 16.652996826171872 16.775149536132815 16.70661010742188
          16.74528045654297 16.791122436523438 16.84145050048828 16.799148559570312 16.666001892089838 17.032122802734364 17.202844238281244 17.18085174560548 17.264230346679682 17.45185089111328 17.546559143066418 17.746531677246082 17.952363586425776 18.065649414062506 17.99005126953125 18.0228302001953 17.76891479492187 17.7241241455078 17.491365051269526 17.269325256347656
          16.85955352783202 16.461233520507818 15.87543334960938 15.599024963378895 14.933724975585932 13.979624938964832 13.338029479980463 13.004345703124997 11.681221008300781 10.965519714355466 9.957310485839841 4.065879821777344 3.273394775390628 2.890934753417966 3.3192169189453153 5.052542114257818 6.699615478515625 8.061695861816403 8.736662292480474 9.02179107666015
          9.113481140136713 9.010023498535162 8.609510803222662 7.708013916015631 6.504769897460932 5.392706298828131 4.272212219238284 3.444042968749997 2.9092514038085966 2.1693405151367244 1.6257522583007784 1.1770751953124972 0.8219741821289119 0.5619598388671818 0.2103988647460966 -0.015544128417971592 0.39405975341796307 1.2549468994140653 2.1307876586914034 3.495039367675787
          5.134709167480466 6.266413879394534 7.2920989990234375 8.304096984863278 9.013592529296872 9.428398132324219 10.516256713867193 11.201651000976568 11.8846420288086 12.852343750000003 13.51480407714844 13.882543945312506 14.155364990234375 14.434045410156244 14.71829528808594 15.202835083007812 15.589358520507815 16.074447631835938 16.46323699951172 16.75771026611328
          16.86074371337891 17.068591308593753 17.08587646484375 17.11080627441406 17.04419708251953 16.789260864257812 16.936056518554693 16.891084289550776 17.05066680908203 17.313186645507812 17.481291198730474 17.65479736328126 17.735009765624994 17.82153930664063 18.0130584716797 18.20976562499999 18.215437316894537 18.229196166992182 18.1534454345703 18.185560607910162
          17.930805969238293 17.588853454589838 17.555758666992176 17.334565734863276 17.025289916992193 16.72692413330077 16.141452026367176 15.76544799804688 14.901406860351557 14.047932434082043 13.804780578613276 13.270944213867182 12.047811889648443 10.932484436035153 10.024816894531256 3.8574157714843693 3.166395568847662 2.685865783691412 3.4122558593749943 5.05020446777344
          6.701130676269528 7.869169616699224 8.449392700195318 8.738374328613276 8.734977722167969 8.436723327636713 7.938835144042969 7.138383483886713 5.737939453124994 4.52541809082031 3.407060241699213 2.679722595214841 2.347914123535162 1.9137023925781307 1.379032897949216 0.9396179199218722 0.5947937011718807 0.3435302734374943 -0.002629089355465908 0.19718170166015625
          0.5946823120117131 1.571110534667966 2.5406417846679688 3.991053771972659 5.725535583496097 6.941966247558597 7.657542419433597 8.561819458007818 9.163128662109372 9.372937011718747 10.851388549804682 11.726818847656247 12.302729797363284 13.360498046874994 13.818067932128912 13.885968017578122 14.250823974609375 14.621318054199222 15.094779968261719 15.667898559570318
          16.14382476806641 16.81589050292969 16.996447753906253 17.085763549804682 17.280656433105463 17.38249969482422 17.295405578613284 17.315399169921875 17.04730224609375 16.8894058227539 17.133554077148432 17.383470153808588 17.734217834472645 17.69463958740235 17.85931091308595 17.931047058105463 18.10851287841797 18.292143249511724 18.578627014160162 18.47601318359375
          18.48088378906249 18.395977783203136 18.517434692382807 18.350846862792963 18.096832275390625 17.853956604003912 17.5224639892578 17.103628540039068 16.993544006347662 16.396994018554693 16.011193847656244 15.535990905761707 14.772453308105469 14.218467712402344 14.17376708984375 13.440083312988278 12.316706848144534 10.502531433105474 10.194505310058588 3.639216613769534
          3.049539184570307 2.570809936523432 3.2015716552734403 4.842343139648435 6.5968170166015625 7.569471740722662 8.054234313964841 8.247824096679693 8.247578430175778 7.852391052246091 7.157684326171875 6.360604858398432 4.858192443847656 3.6461822509765653 2.7268707275390653 2.2033020019531193 1.879542541503909 1.5557754516601534 1.1303298950195284 0.7026565551757784
          0.37196197509766193 0.13731536865233807 -0.005418395996088066 0.30520477294922443 0.5154464721679659 1.5898529052734318 2.5505569458007784 4.380339050292974 4.919657897949222 6.627062988281253 8.019361877441412 8.71253051757813 8.909963989257818 9.40616149902344 10.778417968750006 11.550849914550781 12.513371276855466 13.266806030273443 13.523101806640625 13.783418273925776
          14.3387451171875 14.799794006347653 15.264924621582026 16.02732391357422 16.69045562744141 17.1551513671875 17.327926635742188 17.40955200195313 17.498585510253903 17.496652221679682 17.502905273437506 17.124760437011716 17.152787780761713 17.18963470458985 17.527725219726562 17.575222778320324 18.021377563476562 18.07684020996095 18.140153503417963 18.40636596679687
          18.383023071289074 18.66186981201173 18.650314331054688 18.744557189941418 18.55120544433595 18.662797546386713 18.4855972290039 18.2200927734375 17.867756652832043 17.72443847656251 17.29425811767578 16.97564392089845 16.866001892089855 16.369474792480474 15.884101867675781 15.210134887695318 14.546932983398449 14.492550659179699 14.446942138671886 13.611869812011719
          12.388951110839841 10.874798583984372 10.566802978515625 3.6090011596679688 2.9217422485351534 2.345843505859378 2.7805496215820256 4.524761962890622 6.184606933593756 7.159977722167966 7.549020385742182 7.746173095703128 7.650093078613281 7.058094787597653 6.365989685058594 5.369680786132818 4.064552307128906 3.2512527465820256 2.5351226806640597 2.0188705444335966
          1.9023895263671875 1.589677429199213 0.9778274536132869 0.5633529663085994 0.15431823730469318 -0.005964660644536934 0.19420471191406818 0.45345764160155966 0.7545440673828097 1.9092514038085966 2.8475631713867244 3.973248291015622 5.185116577148435 6.289164733886722 7.375611877441401 8.066171264648432 9.045431518554693 9.726156616210943 10.893515014648443 11.658462524414062
          12.418260192871088 13.169490051269534 13.717698669433588 14.1669906616211 14.717587280273435 15.269946289062503 15.92319030761719 16.574511718750003 16.931188964843756 17.289949035644526 17.456742858886713 17.630929565429682 17.615614318847662 17.60752410888672 17.216661071777338 17.233381652832037 17.357777404785153 17.587452697753903 17.723773193359364 17.964190673828114
          18.109567260742182 18.260910034179688 18.3201873779297 18.386338806152338 18.557464599609375 18.536967468261707 18.525198364257818 18.620021057128895 18.623991394042974 18.635095214843744 18.359161376953125 18.094038391113287 17.642915344238276 17.500352478027338 17.26905059814453 16.850627136230457 16.64165649414062 16.045999145507807 15.561595153808582 15.287429809570312
          15.222572326660156 15.067091369628912 14.721345520019526 14.085472106933594 13.361553955078122 12.147439575195307 10.740321350097659 3.5682647705078097 2.78192138671875 2.3073043823242188 2.6454055786132784 3.8965682983398438 5.460639953613281 6.5395050048828125 6.932240295410153 6.934878540039065 6.742224121093756 6.351469421386724 5.560699462890625 4.564215087890631
          3.5604522705078097 3.0496627807617216 2.6384613037109403 2.3291213989257784 2.1242446899414062 1.4247619628906278 0.9208770751953068 0.5168930053710881 0.01184844970703125 0.092559814453125 0.0020202636718806843 0.37487640380859943 0.6262191772460994 1.942474365234375 3.540518188476568 4.443742370605463 5.344921874999997 6.338296508789057 7.9075775146484375 8.096336364746094
          9.2698974609375 10.234059143066403 10.999426269531256 11.857133483886713 12.512727355957026 13.261882019042972 14.003109741210935 14.546275329589847 15.288159179687497 15.929241943359372 16.374063110351557 16.9163818359375 17.166459655761713 17.51992492675781 17.778364562988287 17.6508804321289 17.63178100585938 17.523759460449213 17.42788391113281 17.53897399902344
          17.55956268310547 17.685774230957037 17.81878356933595 18.056370544433605 18.297566223144543 18.346444702148432 18.3041961669922 18.466944885253895 18.537582397460938 18.61529998779298 18.6019287109375 18.49871978759765 18.600576782226568 18.412977600097662 18.038783264160145 17.87420196533202 17.62230834960937 17.578578186035145 17.247642517089844 16.92847137451173
          16.521018981933594 16.125323486328114 15.840225219726562 15.56555633544923 15.599638366699224 15.543180847167974 14.997549438476568 14.46216430664063 13.736651611328114 13.121606445312494 11.415434265136724 3.2159011840820284 2.629077148437503 2.1568328857421903 2.1992294311523466 3.1540847778320256 4.720986938476557 5.706047058105469 5.905084228515619 5.811163330078131
          5.720195007324222 5.233178710937494 4.44449157714844 3.5512802124023466 3.0486160278320256 2.744715881347659 2.541433715820318 2.4406158447265653 2.0462753295898466 1.4533157348632812 0.8608291625976534 0.3704483032226591 0.08247833251952841 0.10732574462890909 -0.006913757324213066 -0.0113677978515625 1.206721496582034 2.7574172973632756 4.125370788574216 4.809605407714841
          5.6944732666015625 6.868721008300781 8.036384582519531 8.511532592773435 9.479623413085932 10.43780364990235 11.294335937499994 12.047846984863284 12.797222900390622 13.542326354980474 14.279693603515625 15.114772033691409 15.650422668457026 16.282914733886713 16.718786621093756 17.252331542968747 17.493696594238287 17.642256164550787 17.601092529296878 17.569618225097656
          17.548382568359372 17.538240051269526 17.636146545410156 17.64425354003906 17.66198120117187 17.88384399414062 18.012306213378906 18.04822998046876 18.188334655761707 18.23766326904297 18.587693786621088 18.44982452392577 18.420210266113287 18.49689025878905 18.384693908691418 18.380661010742188 18.38365478515624 18.19768066406249 18.021868896484364 17.75731811523437
          17.50548553466797 17.660328674316418 17.428721618652332 17.109657287597656 16.702593994140614 16.406288146972656 16.021342468261707 16.24384307861328 15.87792510986327 15.72137603759765 15.175736999511713 14.640161132812494 14.213488769531239 13.797718811035168 12.591264343261713 3.04681396484375 2.5610427856445312 2.0906143188476562 1.7366043090820256 2.394984436035159
          3.8661132812499943 4.456918334960932 4.65835876464844 4.468275451660162 4.282113647460932 3.9983856201171903 3.315199279785162 2.724627685546878 2.529158020019537 2.433741760253909 2.3399505615234375 2.248966979980466 1.862614440917966 1.179168701171875 0.8927703857421818 0.415008544921875 0.24743957519531534 0.020451354980465908 -0.018830871582025566 0.40186767578124716
          2.0046890258789034 3.4414001464843693 4.397970581054693 5.461277770996091 6.525820922851565 7.589540100097651 8.452496337890622 9.214514160156256 9.974067687988281 10.829066467285159 11.67944946289063 12.427192687988281 13.170571899414057 13.81146392822265 14.547137451171878 15.37830200195313 16.10448455810547 16.72882843017578 17.155392456054685 17.580545043945307
          17.61609649658203 17.46505279541016 17.521989440917963 17.685884094238276 17.661550903320318 17.64870758056641 17.742936706542963 17.64919738769531 17.76235504150391 17.881547546386713 17.9091781616211 18.042584228515636 18.180514526367176 18.226058959960938 18.27783660888673 18.336885070800776 18.305020141601574 18.183058166503912 18.070816040039062 17.967843627929682
          17.97241668701173 17.88726654052735 17.91082153320312 17.943226623535168 17.689532470703114 17.742895507812506 17.113233947753912 16.79552001953124 16.786976623535168 16.490975952148432 16.802001953125 16.52430419921876 16.058447265625006 16.001478576660162 15.455831909179693 15.020027160644531 14.693896484374989 14.476966857910156 13.76831512451173 2.6637649536132812
          2.2784362792968693 2.008312988281247 1.5558441162109347 1.5195953369140653 2.4962097167968693 2.988861083984375 3.1931701660156193 3.106825256347662 3.0257598876953153 2.749272155761716 2.2714569091796903 1.9884765624999972 2.003230285644534 2.1174041748046903 2.1327453613281193 2.1493148803710938 1.7705612182617188 1.0939666748046903 0.8172424316406222 0.34791870117187784
          0.18726959228516193 0.15481872558594034 -0.017567443847653408 0.6594070434570369 2.272848510742193 3.9991683959960938 5.142364501953125 6.192701721191412 7.245259094238278 8.200776672363276 9.055271911621091 9.808218383789068 10.559364318847656 11.309823608398432 12.153546142578122 12.795704650878903 13.434674072265622 14.069104003906247 14.60483093261719 15.53326416015625
          16.449093627929685 16.868386840820307 17.386138916015625 17.706042480468753 17.64019012451172 17.683584594726568 17.735165405273435 17.599960327148438 17.671644592285162 17.556542968749994 17.551473999023443 17.751966857910162 17.762629699707034 17.78076171875 17.80615692138673 17.839456176757807 18.075181579589838 18.118856811523443 18.169566345214832 18.22661590576172
          18.094934082031244 17.97331542968749 17.86194305419923 17.858322143554688 17.764871215820307 17.879103088378912 18.001368713378895 18.131973266601562 17.975173950195312 17.63068847656251 17.200088500976562 16.782870483398426 16.87371673583985 16.776106262207037 17.08546142578126 16.707489013671875 16.340731811523426 16.084014892578125 15.837490844726574 15.20189971923827
          15.075265502929682 14.857992553710943 14.248646545410168 2.163740539550787 1.9786788940429716 2.1087921142578097 1.6568725585937472 1.1228744506835966 1.2043487548828153 1.5986557006835938 1.8067413330078068 1.8258209228515625 2.051309204101557 1.6855712890624943 1.2186279296875 1.4450317382812443 1.672541809082034 1.8976867675781222 1.9221832275390653 2.0452377319335966
          1.7716262817382784 1.299983215332034 0.9314224243164091 0.5672790527343778 0.30793457031249716 0.15234375 -0.010678100585934658 0.9568038940429631 2.596200561523432 4.528501892089849 5.963931274414065 7.101733398437503 7.949530029296881 8.797860717773432 9.546374511718753 10.28939514160156 10.936436462402341 11.680380249023443 12.419029235839844 13.055130004882812
          13.687110900878906 14.119793701171872 14.749760437011716 15.379391479492185 16.587820434570318 17.097477722167966 17.41009521484375 17.529312133789062 17.559255981445318 17.598858642578122 17.550241088867182 17.610382080078125 17.581471252441403 17.563142395019526 17.554541015625006 17.554003906250003 17.4649642944336 17.58211212158203 17.70525665283202 17.73670196533203
          17.87250366210938 18.014363098144543 18.0640884399414 18.119772338867193 17.888540649414068 17.76708984375 17.656404113769526 17.753271484375006 17.858309936523426 17.87311401367188 18.192297363281256 18.12286376953125 17.8668197631836 17.721578979492193 17.39000244140624 17.0716552734375 17.161708068847645 17.161953735351574 17.072132873535168 16.893267822265614
          16.625389099121094 16.268267822265614 15.821789550781261 15.186000061035145 14.65966339111327 14.942039489746094 15.03326568603515 2.245619201660162 1.8622970581054688 1.6948516845703097 1.8410247802734432 2.1041198730468693 1.5886459350585938 1.0888885498046932 1.0016891479492216 0.8292602539062557 0.7665359497070341 0.709503173828125 0.9525009155273381 1.3978866577148494
          1.4438446044921847 1.5803955078124972 1.7106750488281222 1.7392379760742216 1.66864013671875 1.3033981323242188 1.339308166503912 0.9856170654296932 0.6408294677734432 -0.0107269287109375 0.026387023925778408 1.3197692871093807 3.085174560546875 4.929507446289065 6.559573364257815 7.49578857421875 8.239106750488276 9.082157897949216 9.824926757812506 10.661355590820307
          11.201950073242188 11.841766357421875 12.674075317382815 13.303034973144534 13.732368469238281 14.160778808593747 14.786923217773435 15.41183166503906 16.517094421386716 17.020945739746097 17.231617736816403 17.446997070312506 17.473255920410153 17.41216430664062 17.45996856689453 17.419079589843747 17.3887954711914 17.368551635742193 17.358477783203128 17.356948852539062
          17.26601715087891 17.28362274169922 17.50621795654297 17.6368392944336 17.869802856445318 17.811967468261713 17.861532592773443 17.91772003173827 17.78558044433595 17.663954162597662 17.651841735839838 17.649327087402355 17.755448913574213 18.0671401977539 18.186247253417974 18.017614746093756 17.861120605468756 17.81531524658203 17.682296752929688 17.561782836914062
          17.55108795166015 17.450906372070307 17.360925292968744 17.2812515258789 17.112396240234375 16.854420471191418 16.30811004638673 15.972000122070312 15.84534301757813 16.227009582519543 16.118022155761707 1.8134140014648494 1.5303665161132756 1.363630676269537 1.5123367309570312 1.976728820800787 2.358142089843753 2.656629943847662 2.574969482421878 1.712947082519534
          0.8638336181640653 0.22416534423828693 0.5880218505859318 1.059797668457037 1.1223037719726534 1.2663085937499972 1.4004180908203097 1.4278060913085966 1.3592987060546875 1.0011749267578125 1.0506652832031307 0.8070297241210938 0.7557266235351534 -0.013072204589846592 0.30303955078125 1.6888916015625028 3.357875061035159 5.204450988769537 6.735653686523435 7.670739746093744
          8.509320068359372 9.249441528320318 9.889570617675787 10.723275756835932 11.456584167480472 12.08908386230469 12.718562316894534 13.34469909667969 13.868753051757807 14.291838073730474 14.815892028808591 15.53399505615235 16.43881530761719 17.03811187744141 17.14579315185547 17.259829711914065 17.284318542480463 17.220365905761724 17.167559814453128 17.12554168701172
          17.09463958740234 17.171832275390628 17.062033081054693 17.061526489257815 17.167367553710932 17.082135009765622 17.00592041015625 17.038189697265622 17.372610473632818 17.610983276367193 17.461341857910156 17.51844482421876 17.48625946044922 17.56202392578126 17.449606323242193 17.4467788696289 17.552114868164068 17.764759826660168 17.98467559814452 18.0150131225586
          17.95697784423828 17.910012817382807 17.775224304199213 17.354908752441418 17.44420623779297 17.642918395996105 17.652082824707037 17.571752929687506 17.501745605468756 17.243296813964832 16.896154785156256 16.459869384765625 16.43280029296875 16.714283752441418 16.505281066894526 2.0625854492187443 1.6803085327148466 1.3153808593749972 1.0670852661132812 1.1349868774414062
          1.120436096191412 1.621220397949216 1.842695617675787 1.583953857421875 1.2420578002929688 0.42242431640625 0.1211395263671875 0.23988189697266193 0.6187835693359318 0.8616744995117216 0.9955322265625028 1.2083938598632784 0.9351028442382869 0.7814193725585881 0.8527145385742188 0.4395660400390682 0.18680572509765625 -0.005450439453127842 0.6636322021484347 1.9523223876953182
          4.010113525390622 5.554766845703128 6.79006652832031 7.723359680175776 8.361833190917963 9.003396606445307 9.839550781249997 10.670738220214844 11.499995422363284 12.226673889160153 12.850086975097653 13.275491333007807 13.796699523925781 14.217045593261716 14.836476135253903 15.646919250488281 16.251296997070312 16.752958679199224 17.056123352050776 17.166955566406244
          16.992985534667966 17.025759887695315 16.872518920898443 16.829241943359378 16.79596710205078 16.67428894042969 16.5644515991211 16.564013671875003 16.572845458984375 16.883584594726557 16.706370544433597 16.6376937866211 16.77455596923828 17.01495819091798 17.162814331054676 17.120230102539068 17.187167358398426 17.2626953125 17.24913330078124 17.2459701538086
          17.4493377685547 17.462982177734375 17.584919738769543 17.814585876464832 17.954727172851562 17.90642700195312 17.673202514648438 17.947721862792974 17.43762969970703 17.33782958984375 17.646757507324224 17.96478729248048 17.9931625366211 17.53467559814453 17.286831665039074 16.850004577636724 16.423385620117188 17.004495239257807 16.895301818847656 2.49627685546875
          1.9144882202148494 1.350437927246091 0.9030654907226534 0.7721954345703068 0.6593765258789119 0.4654632568359318 0.2903335571289034 0.13451385498046875 0.19951477050781818 0.29235534667968466 0.22963714599609375 -0.007524108886713066 -0.006581115722653408 0.2739013671875057 0.41491546630859943 0.7793380737304716 0.5820068359375057 0.6339385986328097 0.7449447631835966 0.32227325439453125
          -0.017672729492190342 0.2507476806640625 1.021653747558588 2.301623535156253 4.548191833496091 5.981141662597651 6.427603149414068 7.558981323242193 8.1967758178711 8.837553405761724 9.673593139648432 10.502323913574216 11.329032897949219 12.052949523925776 12.673204040527338 13.09734954833985 13.716268920898443 14.231541442871091 14.747355651855472 15.45449523925781
          15.955653381347659 16.162220764160153 16.760182189941403 16.573753356933594 16.498394775390622 16.52981109619141 16.37518920898438 16.330455017089847 16.197317504882818 16.075585937499994 15.964680480957028 15.7663558959961 15.873791503906247 15.889146423339838 16.110147094726557 16.23809051513672 16.17721862792969 16.51723937988281 16.568040466308588 17.02057342529298
          16.788601684570324 16.96374053955077 16.950033569335943 17.045375061035145 17.148910522460938 17.163287353515614 17.385606384277338 17.813197326660145 17.754780578613293 18.004283142089832 17.769311523437494 17.546630859375 17.6342803955078 17.632656860351574 17.542256164550793 17.760964965820307 18.088165283203125 17.728923034667957 17.480667114257812 17.143229675292957
          16.5168472290039 17.197781372070324 17.088511657714832 2.214038085937503 1.8320739746093722 1.3679702758789034 0.9209411621093722 0.6907119750976562 0.4785720825195341 0.38459014892578125 0.31010131835937216 0.35589904785156534 0.42555389404296307 0.4240325927734432 0.5558364868164034 0.4265350341796932 0.08091430664062216 -0.005250549316400566 -0.013723754882818184 0.12267150878906818
          0.07705383300780966 0.33148040771484943 0.29521331787108807 -0.012332153320315342 -0.017843627929693184 0.4312072753906193 1.461273193359375 2.5282348632812557 4.569744873046872 6.092753601074222 6.0451812744140625 7.176490783691406 7.8148956298828125 8.553681945800776 9.292010498046878 10.219490051269531 11.143994140624997 11.86822357177735 12.68487701416015 13.106481933593756
          13.625180053710935 14.13907165527344 14.651033020019526 15.158843994140625 15.75677490234375 15.860244750976562 15.965728759765625 16.077239990234375 16.001026916503903 16.031550598144534 15.8746322631836 15.6309814453125 15.497157287597659 15.275624084472653 15.066145324707037 14.967065429687494 14.976354980468756 15.190626525878912 15.312542724609372 15.539685058593747
          15.480087280273438 16.019413757324216 16.16819305419922 16.324693298339838 16.588121032714838 16.4655792236328 16.65081939697265 16.746267700195318 16.94971160888673 17.063867187499994 17.384622192382807 17.613189697265625 17.653895568847645 17.80321502685547 17.469715881347668 17.645364379882807 17.632960510253895 17.7307113647461 17.73943328857422 17.758699035644526
          18.085861206054688 17.82623748779298 17.677592468261707 17.439666748046875 16.713307189941418 17.194416809082043 17.185078430175793 
        </DataArray>
        <DataArray type="Float64" Name="Drainflow_log" format="ascii">
          nan nan nan nan nan nan nan nan nan nan nan nan nan nan nan nan nan nan nan nan nan
          nan nan nan nan nan nan nan nan nan nan nan nan nan nan nan nan nan nan nan nan
          nan nan nan nan nan nan nan nan nan nan nan nan nan nan nan nan nan nan nan nan
          nan nan nan nan nan nan nan nan nan nan nan nan nan nan nan nan nan nan nan nan
          1.4475994659156768 nan nan nan nan nan nan nan nan nan nan nan nan nan nan nan nan nan nan nan
          nan nan nan nan nan nan nan nan nan nan nan nan nan nan nan nan nan nan nan nan
          nan nan nan nan nan nan nan nan nan nan nan nan nan nan nan nan nan nan nan nan
          nan nan nan nan nan nan nan nan nan nan nan nan nan nan nan nan nan nan nan nan
          nan nan nan 1.6017814932849672 nan nan nan nan nan nan nan nan nan nan nan nan nan nan nan nan
          nan nan nan nan nan nan nan nan nan nan nan nan nan nan nan nan nan nan nan nan
          nan nan nan nan nan nan nan nan nan nan nan nan nan nan nan nan nan nan nan nan
          nan nan nan nan nan nan nan nan nan nan nan nan nan nan nan nan nan nan nan nan
          nan nan nan nan nan 0.5522396672314366 1.6945651684915966 nan nan nan nan nan nan nan nan nan nan nan nan nan
          nan nan nan nan nan nan nan nan nan nan nan nan nan nan nan nan nan nan nan nan
          nan nan nan nan nan nan nan nan nan nan nan nan nan nan nan nan nan nan nan nan
          nan nan nan nan nan nan nan nan nan nan nan nan nan nan nan nan nan nan nan nan
          nan nan nan nan nan nan nan nan 2.0555865300669436 1.5320625122008729 nan nan nan nan nan nan nan nan nan nan
          nan nan nan nan nan nan nan nan nan nan nan nan nan nan nan nan nan nan nan nan
          nan nan nan nan nan nan nan nan nan nan nan nan nan nan nan nan nan nan nan nan
          nan nan nan nan nan nan nan nan nan nan nan nan nan nan nan nan nan nan nan nan
          nan nan nan nan nan nan nan nan nan nan nan nan nan nan nan nan nan nan nan nan
          nan nan nan nan nan nan nan nan nan nan nan nan nan nan nan nan nan nan nan nan
          nan nan nan nan nan nan nan nan nan nan nan nan nan nan nan nan nan nan nan nan
          nan nan nan nan nan nan nan nan nan nan nan nan nan nan nan nan nan nan nan nan
          nan nan nan nan nan nan nan nan nan nan nan nan nan nan nan nan nan nan nan nan
          nan nan nan nan nan nan nan nan nan nan nan nan nan nan nan nan nan nan nan nan
          nan nan nan nan nan nan nan nan nan nan nan nan nan nan nan nan nan nan nan nan
          nan nan nan nan nan nan nan nan nan nan nan nan nan nan nan nan nan nan nan nan
          nan nan nan nan nan nan nan nan nan nan nan nan nan nan nan nan nan nan nan nan
          nan nan nan nan nan nan nan nan nan nan nan nan nan nan nan nan nan nan nan nan
          nan nan nan nan nan nan nan nan nan nan nan nan nan nan nan nan nan nan nan nan
          nan nan nan nan nan nan nan nan nan nan nan nan nan nan nan nan nan nan nan nan
          nan nan nan nan nan nan nan nan nan nan nan nan nan nan nan nan nan nan nan nan
          nan nan nan nan nan nan nan nan nan nan nan nan nan nan nan nan nan nan nan nan
          nan nan nan nan nan nan nan nan nan nan nan nan nan nan nan nan nan nan nan nan
          nan nan nan nan nan nan nan nan nan nan nan nan nan nan nan nan nan nan nan nan
          nan nan nan nan nan nan nan nan nan nan nan nan nan nan nan nan nan nan nan nan
          nan nan nan nan nan nan nan nan nan nan nan nan nan nan nan nan nan nan nan nan
          nan nan nan nan nan nan nan nan nan nan nan nan nan nan nan nan nan nan nan nan
          nan nan nan nan nan nan nan nan nan nan nan nan nan nan nan nan nan nan nan nan
          nan nan nan nan nan nan nan nan nan nan nan nan nan nan nan nan nan nan nan nan
          nan nan nan nan nan nan nan nan nan nan nan nan nan nan nan nan nan nan nan nan
          nan nan nan nan nan nan nan nan nan nan nan nan nan nan nan nan nan nan nan nan
          nan nan nan nan nan nan nan nan nan nan nan nan nan nan nan nan nan nan nan nan
          nan nan nan nan nan nan nan nan nan nan nan nan nan nan nan nan nan nan nan nan
          nan nan nan nan nan nan nan nan nan nan nan nan nan nan nan nan nan nan nan nan
          nan nan nan nan nan nan nan nan nan nan nan nan nan nan nan nan nan nan nan nan
          nan nan nan nan nan nan nan nan nan nan nan nan nan nan nan nan nan nan nan nan
          nan nan nan nan nan nan nan nan nan nan nan nan nan nan nan nan nan nan nan nan
          nan nan nan nan nan nan nan nan nan nan nan nan nan nan nan nan nan nan nan nan
          nan nan nan nan nan nan nan nan nan nan nan nan nan nan nan nan nan nan nan nan
          nan nan nan nan nan nan nan nan nan nan nan nan nan nan nan nan nan nan nan nan
          nan nan nan nan nan nan nan nan nan nan nan nan nan nan nan nan nan nan nan nan
          nan nan nan nan nan nan nan nan nan nan nan nan nan nan nan nan nan nan nan nan
          nan nan nan nan nan nan nan nan nan nan nan nan nan nan nan nan nan nan nan nan
          nan nan nan nan nan nan nan nan nan nan nan nan nan nan nan nan nan nan nan nan
          nan nan nan nan nan nan nan nan nan nan nan nan nan nan nan nan nan nan nan nan
          nan nan nan nan nan nan nan nan nan nan nan nan nan nan nan nan nan nan nan nan
          nan nan nan nan nan nan nan nan nan nan nan nan nan nan nan nan nan nan nan nan
          nan nan nan nan nan nan nan nan nan nan nan nan nan nan nan nan nan nan nan nan
          nan nan nan nan nan nan nan nan nan nan nan nan nan nan nan nan nan nan nan nan
          nan nan nan nan nan nan nan nan nan nan nan nan nan nan nan nan nan nan nan nan
          nan nan nan nan nan nan nan nan nan nan nan nan nan nan nan nan nan nan nan nan
          nan nan nan nan nan nan nan nan nan nan nan nan nan nan nan nan nan nan nan nan
          nan nan nan nan nan nan nan nan nan nan nan nan nan nan nan nan nan nan nan nan
          nan nan nan nan nan nan nan nan nan nan nan nan nan nan nan nan nan nan nan nan
          nan nan nan nan nan nan nan nan nan nan nan nan nan nan nan nan nan nan nan nan
          nan nan nan nan nan nan nan nan nan nan nan nan nan nan nan nan nan nan nan nan
          nan nan nan nan nan nan nan nan nan nan nan nan nan nan nan nan nan nan nan nan
          nan nan nan nan nan nan nan nan nan nan nan nan nan nan nan nan nan nan nan nan
          nan nan nan nan nan nan nan nan nan nan nan nan nan nan nan nan nan nan nan nan
          nan nan nan nan nan nan nan nan nan nan nan nan nan nan nan nan nan nan nan nan
          nan nan nan nan nan nan nan nan nan nan nan nan nan nan nan nan nan nan nan nan
          nan nan nan nan nan nan nan nan nan nan nan nan nan nan nan nan nan nan nan nan
          nan nan nan nan nan nan nan nan nan nan nan nan nan nan nan nan nan nan nan nan
          nan nan nan nan nan nan nan nan nan nan nan nan nan nan nan nan nan nan nan nan
          nan nan nan nan nan nan nan nan nan nan nan nan nan nan nan nan nan nan nan nan
          nan nan nan nan nan nan nan nan nan nan nan nan nan nan nan nan nan nan nan nan
          nan nan nan nan nan nan nan nan nan nan nan nan nan nan nan nan nan nan nan nan
          nan nan nan nan nan nan nan nan nan nan nan nan nan nan nan nan nan nan nan nan
          nan nan nan nan nan nan nan nan nan nan nan nan nan nan nan nan nan nan nan nan
          nan nan nan nan nan nan nan nan nan nan nan nan nan nan nan nan nan nan nan nan
          nan nan nan nan nan nan nan nan nan nan nan nan nan nan nan nan nan nan nan nan
          nan nan nan nan nan nan nan nan nan nan nan nan nan nan nan nan nan nan nan nan
          nan nan nan nan nan nan nan nan nan nan nan nan nan nan nan nan nan nan nan nan
          nan nan nan nan nan nan nan nan nan nan nan nan nan nan nan nan nan nan nan nan
          nan nan nan nan nan nan nan nan nan nan nan nan nan nan nan nan nan nan nan nan
          nan nan nan nan nan nan nan nan nan nan nan nan nan nan nan nan nan nan nan nan
          nan nan nan nan nan nan nan nan nan nan nan nan nan nan nan nan nan nan nan nan
          nan nan nan nan nan nan nan nan nan nan nan nan nan nan nan nan nan nan nan nan
          nan nan nan nan nan nan nan nan nan nan nan nan nan nan nan nan nan nan nan nan
          nan nan nan nan nan nan nan nan nan nan nan nan nan nan nan nan nan nan nan nan
          nan nan nan nan nan nan nan nan nan nan nan nan nan nan nan nan nan nan nan nan
          nan nan nan nan nan nan nan nan nan nan nan nan nan nan nan nan nan nan nan nan
          nan nan nan nan nan nan nan nan nan nan nan nan nan nan nan nan nan nan nan nan
          nan nan nan nan nan nan nan nan nan nan nan nan nan nan nan nan nan nan nan nan
          nan nan nan nan nan nan nan nan nan nan nan nan nan nan nan nan nan nan nan nan
          nan nan nan nan nan nan nan nan nan nan nan nan nan nan nan nan nan nan nan nan
          nan nan nan nan nan nan nan nan nan nan nan nan nan nan nan nan nan nan nan nan
          nan nan nan nan nan nan nan nan nan nan nan nan nan nan nan nan nan nan nan nan
          nan nan nan nan nan nan nan nan nan nan nan nan nan nan nan nan nan nan nan nan
          nan nan nan nan nan nan nan nan nan nan nan nan nan nan nan nan nan nan nan nan
          nan nan nan nan nan nan nan nan nan nan nan nan nan nan nan nan nan nan nan nan
          nan nan nan nan nan nan nan nan nan nan nan nan nan nan nan nan nan nan nan nan
          nan nan nan nan nan nan nan nan nan nan nan nan nan nan nan nan nan nan nan nan
          nan nan nan nan nan nan nan nan nan nan nan nan nan nan nan nan nan nan nan nan
          nan nan nan nan nan nan nan nan nan nan nan nan nan nan nan nan nan nan nan nan
          nan nan nan nan nan nan nan nan nan nan nan nan nan nan nan nan nan nan nan nan
          nan nan nan nan nan nan nan nan nan nan nan nan nan nan nan nan nan nan nan nan
          nan nan nan nan nan nan nan nan nan nan nan nan nan nan nan nan nan nan nan nan
          nan nan nan nan nan nan nan nan nan nan nan nan nan nan nan nan nan nan nan nan
          nan nan nan nan nan nan nan nan nan nan nan nan nan nan nan nan nan nan nan nan
          nan nan nan nan nan nan nan nan nan nan nan nan nan nan nan nan nan nan nan nan
          nan nan nan nan nan nan nan nan nan nan nan nan nan nan nan nan nan nan nan nan
          nan nan nan nan nan nan nan nan nan nan nan nan nan nan nan nan nan nan nan nan
          nan nan nan nan nan nan nan nan nan nan nan nan nan nan nan nan nan nan nan nan
          nan nan nan nan nan nan nan nan nan nan nan nan nan nan nan nan nan nan nan nan
          nan nan nan nan nan nan nan nan nan nan nan nan nan nan nan nan nan nan nan nan
          nan nan nan nan nan nan nan nan nan nan nan nan nan nan nan nan nan nan nan nan
          nan nan nan nan nan nan nan nan nan nan nan nan nan nan nan nan nan nan nan nan
          nan nan nan nan nan nan nan nan nan nan nan nan nan nan nan nan nan nan nan nan
          nan nan nan nan nan nan nan nan nan nan nan nan nan nan nan nan nan nan nan nan
          nan nan nan nan nan nan nan nan nan nan nan nan nan nan nan nan nan nan nan nan
          nan nan nan nan nan nan nan nan nan nan nan nan nan nan nan nan nan nan nan nan
          nan nan nan nan nan nan nan nan nan nan nan nan nan nan nan nan nan nan nan nan
          nan nan nan nan nan nan nan nan nan nan nan nan nan nan nan nan nan nan nan nan
          nan nan nan nan nan nan nan nan nan nan nan nan nan nan nan nan nan nan nan nan
          nan nan nan nan nan nan nan nan nan nan nan nan nan nan nan nan nan nan nan nan
          nan nan nan nan nan nan nan nan nan nan nan nan nan nan nan nan nan nan nan nan
          nan nan nan nan nan nan nan nan nan nan nan nan nan nan nan nan nan nan nan nan
          nan nan nan nan nan nan nan nan nan nan nan nan nan nan nan nan nan nan nan nan
          nan nan nan nan nan nan nan nan nan nan nan nan nan nan nan nan nan nan nan nan
          nan nan nan nan nan nan nan nan nan nan nan nan nan nan nan nan nan nan nan nan
          nan nan nan nan nan nan nan nan nan nan nan nan nan nan nan nan nan nan nan nan
          nan nan nan nan nan nan nan nan nan nan nan nan nan nan nan nan nan nan nan nan
          nan nan nan nan nan nan nan nan nan nan nan nan nan nan nan nan nan nan nan nan
          nan nan nan nan nan nan nan nan nan nan nan nan nan nan nan nan nan nan nan nan
          nan nan nan nan nan nan nan nan nan nan nan nan nan nan nan nan nan nan nan nan
          nan nan nan nan nan nan nan nan nan nan nan nan nan nan nan nan nan nan nan nan
          nan nan nan nan nan nan nan nan nan nan nan nan nan nan nan nan nan nan nan nan
          nan nan nan nan nan nan nan nan nan nan nan nan nan nan nan nan nan nan nan nan
          nan nan nan nan nan nan nan nan nan nan nan nan nan nan nan nan nan nan nan nan
          nan nan nan nan nan nan nan nan nan nan nan nan nan nan nan nan nan nan nan nan
          nan nan nan nan nan nan nan nan nan nan nan nan nan nan nan nan nan nan nan nan
          nan nan nan nan nan nan nan nan nan nan nan nan nan nan nan nan nan nan nan nan
          nan nan nan nan nan nan nan nan nan nan nan nan nan nan nan nan nan nan nan nan
          nan nan nan nan nan nan nan nan nan nan nan nan nan nan nan nan nan nan nan nan
          nan nan nan nan nan nan nan nan nan nan nan nan nan nan nan nan nan nan nan nan
          nan nan nan nan nan nan nan nan nan nan nan nan nan nan nan nan nan nan nan nan
          nan nan nan nan nan nan nan nan nan nan nan nan nan nan nan nan nan nan nan nan
          nan nan nan nan nan nan nan nan nan nan nan nan nan nan nan nan nan nan nan nan
          nan nan nan nan nan nan nan nan nan nan nan nan nan nan nan nan nan nan nan nan
          nan nan nan nan nan nan nan nan nan nan nan nan nan nan nan nan nan nan nan nan
          nan nan nan nan nan nan nan nan nan nan nan nan nan nan nan nan nan nan nan nan
          nan nan nan nan nan nan nan nan nan nan nan nan nan nan nan nan nan nan nan nan
          nan nan nan nan nan nan nan nan nan nan nan nan nan nan nan nan nan nan nan nan
          nan nan nan nan nan nan nan nan nan nan nan nan nan nan nan nan nan nan nan nan
          nan nan nan nan nan nan nan nan nan nan nan nan nan nan nan nan nan nan nan nan
          nan nan nan nan nan nan nan nan nan nan nan nan nan nan nan nan nan nan nan nan
          nan nan nan nan nan nan nan nan nan nan nan nan nan nan nan nan nan nan nan nan
          nan nan nan nan nan nan nan nan nan nan nan nan nan nan nan nan nan nan nan nan
          nan nan nan nan nan nan nan nan nan nan nan nan nan nan nan nan nan nan nan nan
          nan nan nan nan nan nan nan nan nan nan nan nan nan nan nan nan nan nan nan nan
          nan nan nan nan nan nan nan nan nan nan nan nan nan nan nan nan nan nan nan nan
          nan nan nan nan nan nan nan nan nan nan nan nan nan nan nan nan nan nan nan nan
          nan nan nan nan nan nan nan nan nan nan nan nan nan nan nan nan nan nan nan nan
          nan nan nan nan nan nan nan nan nan nan nan nan nan nan nan nan nan nan nan nan
          nan nan nan nan nan nan nan nan nan nan nan nan nan nan nan nan nan nan nan nan
          nan nan nan nan nan nan nan nan nan nan nan nan nan nan nan nan nan nan nan nan
          nan nan nan nan nan nan nan nan nan nan nan nan nan nan nan nan nan nan nan nan
          nan nan nan nan nan nan nan nan nan nan nan nan nan nan nan nan nan nan nan nan
          nan nan nan nan nan nan nan nan nan nan nan nan nan nan nan nan nan nan nan nan
          nan nan nan nan nan nan nan nan nan nan nan nan nan nan nan nan nan nan nan nan
          nan nan nan nan nan nan nan nan nan nan nan nan nan nan nan nan nan nan nan nan
          nan nan nan nan nan nan nan nan nan nan nan nan nan nan nan nan nan nan nan nan
          nan nan nan nan nan nan nan nan nan nan nan nan nan nan nan nan nan nan nan nan
          nan nan nan nan nan nan nan nan nan nan nan nan nan nan nan nan nan nan nan nan
          nan nan nan nan nan nan nan nan nan nan nan nan nan nan nan nan nan nan nan nan
          nan nan nan nan nan nan nan nan nan nan nan nan nan nan nan nan nan nan nan nan
          nan nan nan nan nan nan nan nan nan nan nan nan nan nan nan nan nan nan nan nan
          nan nan nan nan nan nan nan nan nan nan nan nan nan nan nan nan nan nan nan nan
          nan nan nan nan nan nan nan nan nan nan nan nan nan nan nan nan nan nan nan nan
          nan nan nan nan nan nan nan nan nan nan nan nan nan nan nan nan nan nan nan nan
          nan nan nan nan nan nan nan nan nan nan nan nan nan nan nan nan nan nan nan nan
          nan nan nan nan nan nan nan nan nan nan nan nan nan nan nan nan nan nan nan nan
          nan nan nan nan nan nan nan nan nan nan nan nan nan nan nan nan nan nan nan nan
          nan nan nan nan nan nan nan nan nan nan nan nan nan nan nan nan nan nan nan nan
          nan nan nan nan nan nan nan nan nan nan nan nan nan nan nan nan nan nan nan nan
          nan nan nan nan nan nan nan nan nan nan nan nan nan nan nan nan nan nan nan nan
          nan nan nan nan nan nan nan nan nan nan nan nan nan nan nan nan nan nan nan nan
          nan nan nan nan nan nan nan nan nan nan nan nan nan nan nan nan nan nan nan nan
          nan nan nan nan nan nan nan nan nan nan nan nan nan nan nan nan nan nan nan nan
          nan nan nan nan nan nan nan nan nan nan nan nan nan nan nan nan nan nan nan nan
          nan nan nan nan nan nan nan nan nan nan nan nan nan nan nan nan nan nan nan nan
          nan nan nan nan nan nan nan nan nan nan nan nan nan nan nan nan nan nan nan nan
          nan 1.2449223114089611 1.8453696068795495 nan nan nan nan nan nan nan nan nan nan nan nan nan nan nan nan nan
          nan nan nan nan nan nan nan nan nan nan nan nan nan nan nan nan nan nan nan nan
          nan nan nan nan nan nan nan nan nan nan nan nan nan nan nan nan nan nan nan nan
          nan nan nan nan nan nan nan nan nan nan nan nan nan nan nan nan nan nan nan nan
          nan nan nan nan 1.399590720041634 nan nan nan nan nan nan nan nan nan nan nan nan nan nan nan
          nan nan nan nan nan nan nan nan nan nan nan nan nan nan nan nan nan nan nan nan
          nan nan nan nan nan nan nan nan nan nan nan nan nan nan nan nan nan nan nan nan
          nan nan nan nan nan nan nan nan nan nan nan nan nan nan nan nan nan nan nan nan
          nan nan nan nan nan nan nan nan nan nan nan nan nan nan nan nan nan nan nan nan
          nan nan nan nan nan nan nan nan nan nan nan nan nan nan nan nan nan nan nan nan
          nan nan nan nan nan nan nan nan nan nan nan nan nan nan nan nan nan nan nan nan
          nan nan nan nan nan nan nan nan nan nan nan nan nan nan nan nan nan nan nan nan
          nan nan nan nan nan nan nan nan nan nan nan nan nan nan nan nan nan nan nan nan
          nan nan nan nan nan nan nan nan nan nan nan nan nan nan nan nan nan nan nan nan
          nan nan nan nan nan nan nan nan nan nan nan nan nan nan nan nan nan nan nan nan
          nan nan nan nan nan nan nan nan nan nan nan nan nan nan nan nan nan nan nan nan
          nan nan nan nan nan nan nan nan nan nan nan nan nan 1.1707695445383561 nan nan nan nan nan nan
          nan nan nan nan nan nan nan nan nan nan nan nan nan nan nan nan nan nan nan nan
          nan nan nan nan nan nan nan nan nan nan nan nan nan nan nan nan nan nan nan nan
          nan nan nan nan nan nan nan nan nan nan nan nan nan nan nan nan nan nan nan nan
          nan nan nan nan nan nan nan nan nan nan nan nan nan nan nan nan nan nan nan nan
          nan nan nan nan nan nan nan nan nan nan nan nan nan nan nan nan nan nan nan nan
          nan nan nan nan nan nan nan nan nan nan nan nan nan nan nan nan nan nan nan nan
          nan nan nan nan nan nan nan nan nan nan nan nan nan nan nan nan nan nan nan nan
          nan nan nan nan nan nan nan nan nan nan nan nan nan nan nan nan nan nan nan 0.8985803832466198
          nan nan nan nan nan nan nan nan nan nan nan nan nan nan nan nan nan nan nan nan
          nan nan nan nan nan nan nan nan nan nan nan nan nan nan nan nan nan nan nan nan
          nan nan nan nan nan nan nan nan nan nan nan nan nan nan nan nan nan nan nan nan
          nan nan nan nan nan nan nan nan nan nan nan nan nan nan nan nan nan nan nan nan
          nan nan 1.2813052154647577 nan nan nan nan nan nan nan nan nan nan nan nan nan nan nan nan nan
          nan nan nan nan nan nan nan nan nan nan nan nan nan nan nan nan nan nan nan nan
          nan nan nan nan nan nan nan nan nan nan nan nan nan nan nan nan nan nan nan nan
          nan nan nan nan nan nan nan nan nan nan nan nan nan nan nan nan nan nan nan nan
          nan nan nan nan nan 1.3413454686603385 nan nan nan nan nan nan nan nan nan nan nan nan nan nan
          nan nan nan nan nan nan nan nan nan nan nan nan nan nan nan nan nan nan nan nan
          nan nan nan nan nan nan nan nan nan nan nan nan nan nan nan nan nan nan nan nan
          nan nan nan nan nan nan nan nan nan nan nan nan nan nan nan nan nan nan nan nan
          nan nan nan nan nan nan nan nan -0.5239434275817143 nan nan nan nan nan nan nan nan nan nan nan
          nan nan nan nan nan nan nan nan nan nan nan nan nan nan nan nan nan nan nan nan
          nan nan nan nan nan nan nan nan nan nan nan nan nan nan nan nan nan nan nan nan
          nan nan nan nan nan nan nan nan nan nan nan nan nan nan nan nan nan nan nan nan
          nan nan nan nan nan nan nan nan nan nan nan 1.2572418555828981 nan nan nan nan nan nan nan nan
          nan nan nan nan nan nan nan nan nan nan nan nan nan nan nan nan nan nan nan nan
          nan nan nan nan nan nan nan nan nan nan nan nan nan nan nan nan nan nan nan nan
          nan nan nan nan nan nan nan nan nan nan nan nan nan nan nan nan nan nan nan nan
          nan nan nan nan nan nan nan nan nan nan nan nan nan nan 0.6464939678371168 nan nan nan nan nan
          nan nan nan nan nan nan nan nan nan nan nan nan nan nan nan nan nan nan nan nan
          nan nan nan nan nan nan nan nan nan nan nan nan nan nan nan nan nan nan nan nan
          nan nan nan nan nan nan nan nan nan nan nan nan nan nan nan nan nan nan nan nan
          nan nan nan nan nan nan nan nan nan nan nan nan nan nan nan nan nan 0.44557476612595953 1.0593319408128818 nan
          nan nan nan nan nan nan nan nan nan nan nan nan nan nan nan nan nan nan nan nan
          nan nan nan nan nan nan nan nan nan nan nan nan nan nan nan nan nan nan nan nan
          nan nan nan nan nan nan nan nan nan nan nan nan nan nan nan nan nan nan nan nan
          nan nan nan nan nan nan nan nan nan nan nan nan nan nan nan nan nan nan nan nan
          1.101740270143119 1.425110375644994 nan nan nan nan nan nan nan nan nan nan nan nan nan nan nan nan nan nan
          nan nan nan nan nan nan nan nan nan nan nan nan nan nan nan nan nan nan nan nan
          nan nan nan nan nan nan nan nan nan nan nan nan nan nan nan nan nan nan nan nan
          nan nan nan nan nan nan nan nan nan nan nan nan nan nan nan nan nan nan nan nan
          nan nan nan nan nan nan nan nan nan nan nan nan nan nan nan nan nan nan nan nan
          nan nan nan nan nan nan nan nan nan nan nan nan nan nan nan nan nan nan nan nan
          nan nan nan nan nan nan nan nan nan nan nan nan nan nan nan nan nan nan nan nan
          nan nan nan nan nan nan nan nan nan nan nan nan nan nan nan nan nan nan nan nan
          nan nan nan nan nan nan nan 0.7294198376183606 nan nan nan nan nan nan nan nan nan nan nan nan
          nan nan nan nan nan nan nan nan nan nan nan nan nan nan nan nan nan nan nan nan
          nan nan nan nan nan nan nan nan nan nan nan nan nan nan nan nan nan nan nan nan
          nan nan nan nan nan nan nan nan nan nan nan nan nan nan nan nan nan nan nan nan
          nan nan nan nan nan nan nan nan nan nan nan 0.5654358755246918 nan nan nan nan nan nan nan nan
          nan nan nan nan nan nan nan nan nan nan nan nan nan nan nan nan nan nan nan nan
          nan nan nan nan nan nan nan nan nan nan nan nan nan nan nan nan nan nan nan nan
          nan nan nan nan nan nan nan nan nan nan nan nan nan nan nan nan nan nan nan nan
          nan nan nan nan nan nan nan nan nan nan nan nan nan nan nan 1.594819912473088 nan nan nan nan
          nan nan nan nan nan nan nan nan nan nan nan nan nan nan nan nan nan nan nan nan
          nan nan nan nan nan nan nan nan nan nan nan nan nan nan nan nan nan nan nan nan
          nan nan nan nan nan nan nan nan nan nan nan nan nan nan nan nan nan nan nan nan
          nan nan nan nan nan nan nan nan nan nan nan nan nan nan nan nan nan nan 0.8238146300761803 nan
          nan nan nan nan nan nan nan nan nan nan nan nan nan nan nan nan nan nan nan nan
          nan nan nan nan nan nan nan nan nan nan nan nan nan nan nan nan nan nan nan nan
          nan nan nan nan nan nan nan nan nan nan nan nan nan nan nan nan nan nan nan nan
          nan nan nan nan nan nan nan nan nan nan nan nan nan nan nan nan nan nan nan nan
          nan nan 1.1370617439471515 nan nan nan nan nan nan nan nan nan nan nan nan nan nan nan nan nan
          nan nan nan nan nan nan nan nan nan nan nan nan nan nan nan nan nan nan nan nan
          nan nan nan nan nan nan nan nan nan nan nan nan nan nan nan nan nan nan nan nan
          nan nan nan nan nan nan nan nan nan nan nan nan nan nan nan nan nan nan nan nan
          nan nan nan nan nan 1.1791743187745722 nan nan nan nan nan nan nan nan nan nan nan nan nan nan
          nan nan nan nan nan nan nan nan nan nan nan nan nan nan nan nan nan nan nan nan
          nan nan nan nan nan nan nan nan nan nan nan nan nan nan nan nan nan nan nan nan
          nan nan nan nan nan nan nan nan nan nan nan nan nan nan nan nan nan nan nan nan
          nan nan nan nan nan nan nan nan nan nan nan nan nan nan nan nan nan nan nan nan
          nan nan nan nan nan nan nan nan nan nan nan nan nan nan nan nan nan nan nan nan
          nan nan nan nan nan nan nan nan nan nan nan nan nan nan nan nan nan nan nan nan
          nan nan nan nan nan nan nan nan nan nan nan nan nan nan nan nan nan nan nan nan
          nan nan nan nan nan nan nan nan nan nan nan nan nan nan 1.2429333798439197 1.4591134797230463 nan nan nan nan
          nan nan nan nan nan nan nan nan nan nan nan nan nan nan nan nan nan nan nan nan
          nan nan nan nan nan nan nan nan nan nan nan nan nan nan nan nan nan nan nan nan
          nan nan nan nan nan nan nan nan nan nan nan nan nan nan nan nan nan nan nan nan
          nan nan nan nan nan nan nan nan nan nan nan nan nan nan nan nan nan nan 1.678321690582407 nan
          nan nan nan nan nan nan nan nan nan nan nan nan nan nan nan nan nan nan nan nan
          nan nan nan nan nan nan nan nan nan nan nan nan nan nan nan nan nan nan nan nan
          nan nan nan nan nan nan nan nan nan nan nan nan nan nan nan nan nan nan nan nan
          nan nan nan nan nan nan nan nan nan nan nan nan nan nan nan nan nan nan nan nan
          nan nan 1.6482441380741337 nan nan nan nan nan nan nan nan nan nan nan nan nan nan nan nan nan
          nan nan nan nan nan nan nan nan nan nan nan nan nan nan nan nan nan nan nan nan
          nan nan nan nan nan nan nan nan nan nan nan nan nan nan nan nan nan nan nan nan
          nan nan nan nan nan nan nan nan nan nan nan nan nan nan nan nan nan nan nan nan
          nan nan nan nan nan nan 1.4322394295078076 nan nan nan nan nan nan nan nan nan nan nan nan nan
          nan nan nan nan nan nan nan nan nan nan nan nan nan nan nan nan nan nan nan nan
          nan nan nan nan nan nan nan nan nan nan nan nan nan nan nan nan nan nan nan nan
          nan nan nan nan nan nan nan nan nan nan nan nan nan nan nan nan nan nan nan nan
          nan nan nan nan nan nan nan nan nan 1.4338265120112712 nan nan nan nan nan nan nan nan nan nan
          nan nan nan nan nan nan nan nan nan nan nan nan nan nan nan nan nan nan nan nan
          nan nan nan nan nan nan nan nan nan nan nan nan nan nan nan nan nan nan nan nan
          nan nan nan nan nan nan nan nan nan nan nan nan nan nan nan nan nan nan nan nan
          nan nan nan nan nan nan nan nan nan nan nan nan nan 1.5196754903597243 nan nan nan nan nan nan
          nan nan nan nan nan nan nan nan nan nan nan nan nan nan nan nan nan nan nan nan
          nan nan nan nan nan nan nan nan nan nan nan nan nan nan nan nan nan nan nan nan
          nan nan nan nan nan nan nan nan nan nan nan nan nan nan nan nan nan nan nan nan
          nan nan nan nan nan nan nan nan nan nan nan nan nan nan nan nan nan 1.139661415653809 nan nan
          nan nan nan nan nan nan nan nan nan nan nan nan nan nan nan nan nan nan nan nan
          nan nan nan nan nan nan nan nan nan nan nan nan nan nan nan nan nan nan nan nan
          nan nan nan nan nan nan nan nan nan nan nan nan nan nan nan nan nan nan nan nan
          nan nan nan nan nan nan nan nan nan nan nan 1.2799347912137942 1.221971874818947 nan nan nan nan nan nan nan
          1.6507365415143216 nan nan nan nan nan nan nan nan nan nan nan nan nan nan nan nan nan nan nan
          nan nan nan nan nan nan nan nan nan nan nan nan nan nan nan nan nan nan nan nan
          nan nan nan nan nan nan nan nan nan nan nan nan nan nan nan nan nan nan nan nan
          nan nan nan nan nan nan nan nan nan nan nan nan nan nan nan nan nan 1.123277806475229 1.541111678611509 nan
          nan nan nan 1.4945045215663466 1.6550158948845854 nan nan nan nan nan nan nan nan nan nan nan nan nan nan nan
          nan nan nan nan nan nan nan nan nan nan nan nan nan nan nan nan nan nan nan nan
          nan nan nan nan nan nan nan nan nan nan nan nan nan nan nan nan nan nan nan nan
          nan nan nan nan nan nan nan 
        </DataArray>
        <DataArray type="Float64" Name="Drainflow" format="ascii">
          nan nan nan nan nan nan nan nan nan nan nan nan nan nan nan nan nan nan nan nan nan
          nan nan nan nan nan nan nan nan nan nan nan nan nan nan nan nan nan nan nan nan
          nan nan nan nan nan nan nan nan nan nan nan nan nan nan nan nan nan nan nan nan
          nan nan nan nan nan nan nan nan nan nan nan nan nan nan nan nan nan nan nan nan
          28.028474807739258 nan nan nan nan nan nan nan nan nan nan nan nan nan nan nan nan nan nan nan
          nan nan nan nan nan nan nan nan nan nan nan nan nan nan nan nan nan nan nan nan
          nan nan nan nan nan nan nan nan nan nan nan nan nan nan nan nan nan nan nan nan
          nan nan nan nan nan nan nan nan nan nan nan nan nan nan nan nan nan nan nan nan
          nan nan nan 39.97435760498047 nan nan nan nan nan nan nan nan nan nan nan nan nan nan nan nan
          nan nan nan nan nan nan nan nan nan nan nan nan nan nan nan nan nan nan nan nan
          nan nan nan nan nan nan nan nan nan nan nan nan nan nan nan nan nan nan nan nan
          nan nan nan nan nan nan nan nan nan nan nan nan nan nan nan nan nan nan nan nan
          nan nan nan nan nan 3.566478967666626 49.49543762207031 nan nan nan nan nan nan nan nan nan nan nan nan nan
          nan nan nan nan nan nan nan nan nan nan nan nan nan nan nan nan nan nan nan nan
          nan nan nan nan nan nan nan nan nan nan nan nan nan nan nan nan nan nan nan nan
          nan nan nan nan nan nan nan nan nan nan nan nan nan nan nan nan nan nan nan nan
          nan nan nan nan nan nan nan nan 113.65447235107422 34.045719146728516 nan nan nan nan nan nan nan nan nan nan
          nan nan nan nan nan nan nan nan nan nan nan nan nan nan nan nan nan nan nan nan
          nan nan nan nan nan nan nan nan nan nan nan nan nan nan nan nan nan nan nan nan
          nan nan nan nan nan nan nan nan nan nan nan nan nan nan nan nan nan nan nan nan
          nan nan nan nan nan nan nan nan nan nan nan nan nan nan nan nan nan nan nan nan
          nan nan nan nan nan nan nan nan nan nan nan nan nan nan nan nan nan nan nan nan
          nan nan nan nan nan nan nan nan nan nan nan nan nan nan nan nan nan nan nan nan
          nan nan nan nan nan nan nan nan nan nan nan nan nan nan nan nan nan nan nan nan
          nan nan nan nan nan nan nan nan nan nan nan nan nan nan nan nan nan nan nan nan
          nan nan nan nan nan nan nan nan nan nan nan nan nan nan nan nan nan nan nan nan
          nan nan nan nan nan nan nan nan nan nan nan nan nan nan nan nan nan nan nan nan
          nan nan nan nan nan nan nan nan nan nan nan nan nan nan nan nan nan nan nan nan
          nan nan nan nan nan nan nan nan nan nan nan nan nan nan nan nan nan nan nan nan
          nan nan nan nan nan nan nan nan nan nan nan nan nan nan nan nan nan nan nan nan
          nan nan nan nan nan nan nan nan nan nan nan nan nan nan nan nan nan nan nan nan
          nan nan nan nan nan nan nan nan nan nan nan nan nan nan nan nan nan nan nan nan
          nan nan nan nan nan nan nan nan nan nan nan nan nan nan nan nan nan nan nan nan
          nan nan nan nan nan nan nan nan nan nan nan nan nan nan nan nan nan nan nan nan
          nan nan nan nan nan nan nan nan nan nan nan nan nan nan nan nan nan nan nan nan
          nan nan nan nan nan nan nan nan nan nan nan nan nan nan nan nan nan nan nan nan
          nan nan nan nan nan nan nan nan nan nan nan nan nan nan nan nan nan nan nan nan
          nan nan nan nan nan nan nan nan nan nan nan nan nan nan nan nan nan nan nan nan
          nan nan nan nan nan nan nan nan nan nan nan nan nan nan nan nan nan nan nan nan
          nan nan nan nan nan nan nan nan nan nan nan nan nan nan nan nan nan nan nan nan
          nan nan nan nan nan nan nan nan nan nan nan nan nan nan nan nan nan nan nan nan
          nan nan nan nan nan nan nan nan nan nan nan nan nan nan nan nan nan nan nan nan
          nan nan nan nan nan nan nan nan nan nan nan nan nan nan nan nan nan nan nan nan
          nan nan nan nan nan nan nan nan nan nan nan nan nan nan nan nan nan nan nan nan
          nan nan nan nan nan nan nan nan nan nan nan nan nan nan nan nan nan nan nan nan
          nan nan nan nan nan nan nan nan nan nan nan nan nan nan nan nan nan nan nan nan
          nan nan nan nan nan nan nan nan nan nan nan nan nan nan nan nan nan nan nan nan
          nan nan nan nan nan nan nan nan nan nan nan nan nan nan nan nan nan nan nan nan
          nan nan nan nan nan nan nan nan nan nan nan nan nan nan nan nan nan nan nan nan
          nan nan nan nan nan nan nan nan nan nan nan nan nan nan nan nan nan nan nan nan
          nan nan nan nan nan nan nan nan nan nan nan nan nan nan nan nan nan nan nan nan
          nan nan nan nan nan nan nan nan nan nan nan nan nan nan nan nan nan nan nan nan
          nan nan nan nan nan nan nan nan nan nan nan nan nan nan nan nan nan nan nan nan
          nan nan nan nan nan nan nan nan nan nan nan nan nan nan nan nan nan nan nan nan
          nan nan nan nan nan nan nan nan nan nan nan nan nan nan nan nan nan nan nan nan
          nan nan nan nan nan nan nan nan nan nan nan nan nan nan nan nan nan nan nan nan
          nan nan nan nan nan nan nan nan nan nan nan nan nan nan nan nan nan nan nan nan
          nan nan nan nan nan nan nan nan nan nan nan nan nan nan nan nan nan nan nan nan
          nan nan nan nan nan nan nan nan nan nan nan nan nan nan nan nan nan nan nan nan
          nan nan nan nan nan nan nan nan nan nan nan nan nan nan nan nan nan nan nan nan
          nan nan nan nan nan nan nan nan nan nan nan nan nan nan nan nan nan nan nan nan
          nan nan nan nan nan nan nan nan nan nan nan nan nan nan nan nan nan nan nan nan
          nan nan nan nan nan nan nan nan nan nan nan nan nan nan nan nan nan nan nan nan
          nan nan nan nan nan nan nan nan nan nan nan nan nan nan nan nan nan nan nan nan
          nan nan nan nan nan nan nan nan nan nan nan nan nan nan nan nan nan nan nan nan
          nan nan nan nan nan nan nan nan nan nan nan nan nan nan nan nan nan nan nan nan
          nan nan nan nan nan nan nan nan nan nan nan nan nan nan nan nan nan nan nan nan
          nan nan nan nan nan nan nan nan nan nan nan nan nan nan nan nan nan nan nan nan
          nan nan nan nan nan nan nan nan nan nan nan nan nan nan nan nan nan nan nan nan
          nan nan nan nan nan nan nan nan nan nan nan nan nan nan nan nan nan nan nan nan
          nan nan nan nan nan nan nan nan nan nan nan nan nan nan nan nan nan nan nan nan
          nan nan nan nan nan nan nan nan nan nan nan nan nan nan nan nan nan nan nan nan
          nan nan nan nan nan nan nan nan nan nan nan nan nan nan nan nan nan nan nan nan
          nan nan nan nan nan nan nan nan nan nan nan nan nan nan nan nan nan nan nan nan
          nan nan nan nan nan nan nan nan nan nan nan nan nan nan nan nan nan nan nan nan
          nan nan nan nan nan nan nan nan nan nan nan nan nan nan nan nan nan nan nan nan
          nan nan nan nan nan nan nan nan nan nan nan nan nan nan nan nan nan nan nan nan
          nan nan nan nan nan nan nan nan nan nan nan nan nan nan nan nan nan nan nan nan
          nan nan nan nan nan nan nan nan nan nan nan nan nan nan nan nan nan nan nan nan
          nan nan nan nan nan nan nan nan nan nan nan nan nan nan nan nan nan nan nan nan
          nan nan nan nan nan nan nan nan nan nan nan nan nan nan nan nan nan nan nan nan
          nan nan nan nan nan nan nan nan nan nan nan nan nan nan nan nan nan nan nan nan
          nan nan nan nan nan nan nan nan nan nan nan nan nan nan nan nan nan nan nan nan
          nan nan nan nan nan nan nan nan nan nan nan nan nan nan nan nan nan nan nan nan
          nan nan nan nan nan nan nan nan nan nan nan nan nan nan nan nan nan nan nan nan
          nan nan nan nan nan nan nan nan nan nan nan nan nan nan nan nan nan nan nan nan
          nan nan nan nan nan nan nan nan nan nan nan nan nan nan nan nan nan nan nan nan
          nan nan nan nan nan nan nan nan nan nan nan nan nan nan nan nan nan nan nan nan
          nan nan nan nan nan nan nan nan nan nan nan nan nan nan nan nan nan nan nan nan
          nan nan nan nan nan nan nan nan nan nan nan nan nan nan nan nan nan nan nan nan
          nan nan nan nan nan nan nan nan nan nan nan nan nan nan nan nan nan nan nan nan
          nan nan nan nan nan nan nan nan nan nan nan nan nan nan nan nan nan nan nan nan
          nan nan nan nan nan nan nan nan nan nan nan nan nan nan nan nan nan nan nan nan
          nan nan nan nan nan nan nan nan nan nan nan nan nan nan nan nan nan nan nan nan
          nan nan nan nan nan nan nan nan nan nan nan nan nan nan nan nan nan nan nan nan
          nan nan nan nan nan nan nan nan nan nan nan nan nan nan nan nan nan nan nan nan
          nan nan nan nan nan nan nan nan nan nan nan nan nan nan nan nan nan nan nan nan
          nan nan nan nan nan nan nan nan nan nan nan nan nan nan nan nan nan nan nan nan
          nan nan nan nan nan nan nan nan nan nan nan nan nan nan nan nan nan nan nan nan
          nan nan nan nan nan nan nan nan nan nan nan nan nan nan nan nan nan nan nan nan
          nan nan nan nan nan nan nan nan nan nan nan nan nan nan nan nan nan nan nan nan
          nan nan nan nan nan nan nan nan nan nan nan nan nan nan nan nan nan nan nan nan
          nan nan nan nan nan nan nan nan nan nan nan nan nan nan nan nan nan nan nan nan
          nan nan nan nan nan nan nan nan nan nan nan nan nan nan nan nan nan nan nan nan
          nan nan nan nan nan nan nan nan nan nan nan nan nan nan nan nan nan nan nan nan
          nan nan nan nan nan nan nan nan nan nan nan nan nan nan nan nan nan nan nan nan
          nan nan nan nan nan nan nan nan nan nan nan nan nan nan nan nan nan nan nan nan
          nan nan nan nan nan nan nan nan nan nan nan nan nan nan nan nan nan nan nan nan
          nan nan nan nan nan nan nan nan nan nan nan nan nan nan nan nan nan nan nan nan
          nan nan nan nan nan nan nan nan nan nan nan nan nan nan nan nan nan nan nan nan
          nan nan nan nan nan nan nan nan nan nan nan nan nan nan nan nan nan nan nan nan
          nan nan nan nan nan nan nan nan nan nan nan nan nan nan nan nan nan nan nan nan
          nan nan nan nan nan nan nan nan nan nan nan nan nan nan nan nan nan nan nan nan
          nan nan nan nan nan nan nan nan nan nan nan nan nan nan nan nan nan nan nan nan
          nan nan nan nan nan nan nan nan nan nan nan nan nan nan nan nan nan nan nan nan
          nan nan nan nan nan nan nan nan nan nan nan nan nan nan nan nan nan nan nan nan
          nan nan nan nan nan nan nan nan nan nan nan nan nan nan nan nan nan nan nan nan
          nan nan nan nan nan nan nan nan nan nan nan nan nan nan nan nan nan nan nan nan
          nan nan nan nan nan nan nan nan nan nan nan nan nan nan nan nan nan nan nan nan
          nan nan nan nan nan nan nan nan nan nan nan nan nan nan nan nan nan nan nan nan
          nan nan nan nan nan nan nan nan nan nan nan nan nan nan nan nan nan nan nan nan
          nan nan nan nan nan nan nan nan nan nan nan nan nan nan nan nan nan nan nan nan
          nan nan nan nan nan nan nan nan nan nan nan nan nan nan nan nan nan nan nan nan
          nan nan nan nan nan nan nan nan nan nan nan nan nan nan nan nan nan nan nan nan
          nan nan nan nan nan nan nan nan nan nan nan nan nan nan nan nan nan nan nan nan
          nan nan nan nan nan nan nan nan nan nan nan nan nan nan nan nan nan nan nan nan
          nan nan nan nan nan nan nan nan nan nan nan nan nan nan nan nan nan nan nan nan
          nan nan nan nan nan nan nan nan nan nan nan nan nan nan nan nan nan nan nan nan
          nan nan nan nan nan nan nan nan nan nan nan nan nan nan nan nan nan nan nan nan
          nan nan nan nan nan nan nan nan nan nan nan nan nan nan nan nan nan nan nan nan
          nan nan nan nan nan nan nan nan nan nan nan nan nan nan nan nan nan nan nan nan
          nan nan nan nan nan nan nan nan nan nan nan nan nan nan nan nan nan nan nan nan
          nan nan nan nan nan nan nan nan nan nan nan nan nan nan nan nan nan nan nan nan
          nan nan nan nan nan nan nan nan nan nan nan nan nan nan nan nan nan nan nan nan
          nan nan nan nan nan nan nan nan nan nan nan nan nan nan nan nan nan nan nan nan
          nan nan nan nan nan nan nan nan nan nan nan nan nan nan nan nan nan nan nan nan
          nan nan nan nan nan nan nan nan nan nan nan nan nan nan nan nan nan nan nan nan
          nan nan nan nan nan nan nan nan nan nan nan nan nan nan nan nan nan nan nan nan
          nan nan nan nan nan nan nan nan nan nan nan nan nan nan nan nan nan nan nan nan
          nan nan nan nan nan nan nan nan nan nan nan nan nan nan nan nan nan nan nan nan
          nan nan nan nan nan nan nan nan nan nan nan nan nan nan nan nan nan nan nan nan
          nan nan nan nan nan nan nan nan nan nan nan nan nan nan nan nan nan nan nan nan
          nan nan nan nan nan nan nan nan nan nan nan nan nan nan nan nan nan nan nan nan
          nan nan nan nan nan nan nan nan nan nan nan nan nan nan nan nan nan nan nan nan
          nan nan nan nan nan nan nan nan nan nan nan nan nan nan nan nan nan nan nan nan
          nan nan nan nan nan nan nan nan nan nan nan nan nan nan nan nan nan nan nan nan
          nan nan nan nan nan nan nan nan nan nan nan nan nan nan nan nan nan nan nan nan
          nan nan nan nan nan nan nan nan nan nan nan nan nan nan nan nan nan nan nan nan
          nan nan nan nan nan nan nan nan nan nan nan nan nan nan nan nan nan nan nan nan
          nan nan nan nan nan nan nan nan nan nan nan nan nan nan nan nan nan nan nan nan
          nan nan nan nan nan nan nan nan nan nan nan nan nan nan nan nan nan nan nan nan
          nan nan nan nan nan nan nan nan nan nan nan nan nan nan nan nan nan nan nan nan
          nan nan nan nan nan nan nan nan nan nan nan nan nan nan nan nan nan nan nan nan
          nan nan nan nan nan nan nan nan nan nan nan nan nan nan nan nan nan nan nan nan
          nan nan nan nan nan nan nan nan nan nan nan nan nan nan nan nan nan nan nan nan
          nan nan nan nan nan nan nan nan nan nan nan nan nan nan nan nan nan nan nan nan
          nan nan nan nan nan nan nan nan nan nan nan nan nan nan nan nan nan nan nan nan
          nan nan nan nan nan nan nan nan nan nan nan nan nan nan nan nan nan nan nan nan
          nan nan nan nan nan nan nan nan nan nan nan nan nan nan nan nan nan nan nan nan
          nan nan nan nan nan nan nan nan nan nan nan nan nan nan nan nan nan nan nan nan
          nan nan nan nan nan nan nan nan nan nan nan nan nan nan nan nan nan nan nan nan
          nan nan nan nan nan nan nan nan nan nan nan nan nan nan nan nan nan nan nan nan
          nan nan nan nan nan nan nan nan nan nan nan nan nan nan nan nan nan nan nan nan
          nan nan nan nan nan nan nan nan nan nan nan nan nan nan nan nan nan nan nan nan
          nan nan nan nan nan nan nan nan nan nan nan nan nan nan nan nan nan nan nan nan
          nan nan nan nan nan nan nan nan nan nan nan nan nan nan nan nan nan nan nan nan
          nan nan nan nan nan nan nan nan nan nan nan nan nan nan nan nan nan nan nan nan
          nan nan nan nan nan nan nan nan nan nan nan nan nan nan nan nan nan nan nan nan
          nan nan nan nan nan nan nan nan nan nan nan nan nan nan nan nan nan nan nan nan
          nan nan nan nan nan nan nan nan nan nan nan nan nan nan nan nan nan nan nan nan
          nan nan nan nan nan nan nan nan nan nan nan nan nan nan nan nan nan nan nan nan
          nan nan nan nan nan nan nan nan nan nan nan nan nan nan nan nan nan nan nan nan
          nan nan nan nan nan nan nan nan nan nan nan nan nan nan nan nan nan nan nan nan
          nan nan nan nan nan nan nan nan nan nan nan nan nan nan nan nan nan nan nan nan
          nan nan nan nan nan nan nan nan nan nan nan nan nan nan nan nan nan nan nan nan
          nan nan nan nan nan nan nan nan nan nan nan nan nan nan nan nan nan nan nan nan
          nan nan nan nan nan nan nan nan nan nan nan nan nan nan nan nan nan nan nan nan
          nan nan nan nan nan nan nan nan nan nan nan nan nan nan nan nan nan nan nan nan
          nan nan nan nan nan nan nan nan nan nan nan nan nan nan nan nan nan nan nan nan
          nan nan nan nan nan nan nan nan nan nan nan nan nan nan nan nan nan nan nan nan
          nan nan nan nan nan nan nan nan nan nan nan nan nan nan nan nan nan nan nan nan
          nan nan nan nan nan nan nan nan nan nan nan nan nan nan nan nan nan nan nan nan
          nan nan nan nan nan nan nan nan nan nan nan nan nan nan nan nan nan nan nan nan
          nan nan nan nan nan nan nan nan nan nan nan nan nan nan nan nan nan nan nan nan
          nan nan nan nan nan nan nan nan nan nan nan nan nan nan nan nan nan nan nan nan
          nan nan nan nan nan nan nan nan nan nan nan nan nan nan nan nan nan nan nan nan
          nan nan nan nan nan nan nan nan nan nan nan nan nan nan nan nan nan nan nan nan
          nan nan nan nan nan nan nan nan nan nan nan nan nan nan nan nan nan nan nan nan
          nan nan nan nan nan nan nan nan nan nan nan nan nan nan nan nan nan nan nan nan
          nan nan nan nan nan nan nan nan nan nan nan nan nan nan nan nan nan nan nan nan
          nan nan nan nan nan nan nan nan nan nan nan nan nan nan nan nan nan nan nan nan
          nan nan nan nan nan nan nan nan nan nan nan nan nan nan nan nan nan nan nan nan
          nan nan nan nan nan nan nan nan nan nan nan nan nan nan nan nan nan nan nan nan
          nan nan nan nan nan nan nan nan nan nan nan nan nan nan nan nan nan nan nan nan
          nan nan nan nan nan nan nan nan nan nan nan nan nan nan nan nan nan nan nan nan
          nan 17.576091766357422 70.04378509521484 nan nan nan nan nan nan nan nan nan nan nan nan nan nan nan nan nan
          nan nan nan nan nan nan nan nan nan nan nan nan nan nan nan nan nan nan nan nan
          nan nan nan nan nan nan nan nan nan nan nan nan nan nan nan nan nan nan nan nan
          nan nan nan nan nan nan nan nan nan nan nan nan nan nan nan nan nan nan nan nan
          nan nan nan nan 25.095203399658203 nan nan nan nan nan nan nan nan nan nan nan nan nan nan nan
          nan nan nan nan nan nan nan nan nan nan nan nan nan nan nan nan nan nan nan nan
          nan nan nan nan nan nan nan nan nan nan nan nan nan nan nan nan nan nan nan nan
          nan nan nan nan nan nan nan nan nan nan nan nan nan nan nan nan nan nan nan nan
          nan nan nan nan nan nan nan nan nan nan nan nan nan nan nan nan nan nan nan nan
          nan nan nan nan nan nan nan nan nan nan nan nan nan nan nan nan nan nan nan nan
          nan nan nan nan nan nan nan nan nan nan nan nan nan nan nan nan nan nan nan nan
          nan nan nan nan nan nan nan nan nan nan nan nan nan nan nan nan nan nan nan nan
          nan nan nan nan nan nan nan nan nan nan nan nan nan nan nan nan nan nan nan nan
          nan nan nan nan nan nan nan nan nan nan nan nan nan nan nan nan nan nan nan nan
          nan nan nan nan nan nan nan nan nan nan nan nan nan nan nan nan nan nan nan nan
          nan nan nan nan nan nan nan nan nan nan nan nan nan nan nan nan nan nan nan nan
          nan nan nan nan nan nan nan nan nan nan nan nan nan 14.817316055297852 nan nan nan nan nan nan
          nan nan nan nan nan nan nan nan nan nan nan nan nan nan nan nan nan nan nan nan
          nan nan nan nan nan nan nan nan nan nan nan nan nan nan nan nan nan nan nan nan
          nan nan nan nan nan nan nan nan nan nan nan nan nan nan nan nan nan nan nan nan
          nan nan nan nan nan nan nan nan nan nan nan nan nan nan nan nan nan nan nan nan
          nan nan nan nan nan nan nan nan nan nan nan nan nan nan nan nan nan nan nan nan
          nan nan nan nan nan nan nan nan nan nan nan nan nan nan nan nan nan nan nan nan
          nan nan nan nan nan nan nan nan nan nan nan nan nan nan nan nan nan nan nan nan
          nan nan nan nan nan nan nan nan nan nan nan nan nan nan nan nan nan nan nan 7.917359828948975
          nan nan nan nan nan nan nan nan nan nan nan nan nan nan nan nan nan nan nan nan
          nan nan nan nan nan nan nan nan nan nan nan nan nan nan nan nan nan nan nan nan
          nan nan nan nan nan nan nan nan nan nan nan nan nan nan nan nan nan nan nan nan
          nan nan nan nan nan nan nan nan nan nan nan nan nan nan nan nan nan nan nan nan
          nan nan 19.11195945739746 nan nan nan nan nan nan nan nan nan nan nan nan nan nan nan nan nan
          nan nan nan nan nan nan nan nan nan nan nan nan nan nan nan nan nan nan nan nan
          nan nan nan nan nan nan nan nan nan nan nan nan nan nan nan nan nan nan nan nan
          nan nan nan nan nan nan nan nan nan nan nan nan nan nan nan nan nan nan nan nan
          nan nan nan nan nan 21.945499420166016 nan nan nan nan nan nan nan nan nan nan nan nan nan nan
          nan nan nan nan nan nan nan nan nan nan nan nan nan nan nan nan nan nan nan nan
          nan nan nan nan nan nan nan nan nan nan nan nan nan nan nan nan nan nan nan nan
          nan nan nan nan nan nan nan nan nan nan nan nan nan nan nan nan nan nan nan nan
          nan nan nan nan nan nan nan nan 0.29926544427871704 nan nan nan nan nan nan nan nan nan nan nan
          nan nan nan nan nan nan nan nan nan nan nan nan nan nan nan nan nan nan nan nan
          nan nan nan nan nan nan nan nan nan nan nan nan nan nan nan nan nan nan nan nan
          nan nan nan nan nan nan nan nan nan nan nan nan nan nan nan nan nan nan nan nan
          nan nan nan nan nan nan nan nan nan nan nan 18.08180809020996 nan nan nan nan nan nan nan nan
          nan nan nan nan nan nan nan nan nan nan nan nan nan nan nan nan nan nan nan nan
          nan nan nan nan nan nan nan nan nan nan nan nan nan nan nan nan nan nan nan nan
          nan nan nan nan nan nan nan nan nan nan nan nan nan nan nan nan nan nan nan nan
          nan nan nan nan nan nan nan nan nan nan nan nan nan nan 4.430920600891113 nan nan nan nan nan
          nan nan nan nan nan nan nan nan nan nan nan nan nan nan nan nan nan nan nan nan
          nan nan nan nan nan nan nan nan nan nan nan nan nan nan nan nan nan nan nan nan
          nan nan nan nan nan nan nan nan nan nan nan nan nan nan nan nan nan nan nan nan
          nan nan nan nan nan nan nan nan nan nan nan nan nan nan nan nan nan 2.7898108959198 11.463888168334961 nan
          nan nan nan nan nan nan nan nan nan nan nan nan nan nan nan nan nan nan nan nan
          nan nan nan nan nan nan nan nan nan nan nan nan nan nan nan nan nan nan nan nan
          nan nan nan nan nan nan nan nan nan nan nan nan nan nan nan nan nan nan nan nan
          nan nan nan nan nan nan nan nan nan nan nan nan nan nan nan nan nan nan nan nan
          12.639801979064941 26.614013671875 nan nan nan nan nan nan nan nan nan nan nan nan nan nan nan nan nan nan
          nan nan nan nan nan nan nan nan nan nan nan nan nan nan nan nan nan nan nan nan
          nan nan nan nan nan nan nan nan nan nan nan nan nan nan nan nan nan nan nan nan
          nan nan nan nan nan nan nan nan nan nan nan nan nan nan nan nan nan nan nan nan
          nan nan nan nan nan nan nan nan nan nan nan nan nan nan nan nan nan nan nan nan
          nan nan nan nan nan nan nan nan nan nan nan nan nan nan nan nan nan nan nan nan
          nan nan nan nan nan nan nan nan nan nan nan nan nan nan nan nan nan nan nan nan
          nan nan nan nan nan nan nan nan nan nan nan nan nan nan nan nan nan nan nan nan
          nan nan nan nan nan nan nan 5.3631486892700195 nan nan nan nan nan nan nan nan nan nan nan nan
          nan nan nan nan nan nan nan nan nan nan nan nan nan nan nan nan nan nan nan nan
          nan nan nan nan nan nan nan nan nan nan nan nan nan nan nan nan nan nan nan nan
          nan nan nan nan nan nan nan nan nan nan nan nan nan nan nan nan nan nan nan nan
          nan nan nan nan nan nan nan nan nan nan nan 3.67651104927063 nan nan nan nan nan nan nan nan
          nan nan nan nan nan nan nan nan nan nan nan nan nan nan nan nan nan nan nan nan
          nan nan nan nan nan nan nan nan nan nan nan nan nan nan nan nan nan nan nan nan
          nan nan nan nan nan nan nan nan nan nan nan nan nan nan nan nan nan nan nan nan
          nan nan nan nan nan nan nan nan nan nan nan nan nan nan nan 39.33869171142578 nan nan nan nan
          nan nan nan nan nan nan nan nan nan nan nan nan nan nan nan nan nan nan nan nan
          nan nan nan nan nan nan nan nan nan nan nan nan nan nan nan nan nan nan nan nan
          nan nan nan nan nan nan nan nan nan nan nan nan nan nan nan nan nan nan nan nan
          nan nan nan nan nan nan nan nan nan nan nan nan nan nan nan nan nan nan 6.66522216796875 nan
          nan nan nan nan nan nan nan nan nan nan nan nan nan nan nan nan nan nan nan nan
          nan nan nan nan nan nan nan nan nan nan nan nan nan nan nan nan nan nan nan nan
          nan nan nan nan nan nan nan nan nan nan nan nan nan nan nan nan nan nan nan nan
          nan nan nan nan nan nan nan nan nan nan nan nan nan nan nan nan nan nan nan nan
          nan nan 13.710766792297363 nan nan nan nan nan nan nan nan nan nan nan nan nan nan nan nan nan
          nan nan nan nan nan nan nan nan nan nan nan nan nan nan nan nan nan nan nan nan
          nan nan nan nan nan nan nan nan nan nan nan nan nan nan nan nan nan nan nan nan
          nan nan nan nan nan nan nan nan nan nan nan nan nan nan nan nan nan nan nan nan
          nan nan nan nan nan 15.106863975524902 nan nan nan nan nan nan nan nan nan nan nan nan nan nan
          nan nan nan nan nan nan nan nan nan nan nan nan nan nan nan nan nan nan nan nan
          nan nan nan nan nan nan nan nan nan nan nan nan nan nan nan nan nan nan nan nan
          nan nan nan nan nan nan nan nan nan nan nan nan nan nan nan nan nan nan nan nan
          nan nan nan nan nan nan nan nan nan nan nan nan nan nan nan nan nan nan nan nan
          nan nan nan nan nan nan nan nan nan nan nan nan nan nan nan nan nan nan nan nan
          nan nan nan nan nan nan nan nan nan nan nan nan nan nan nan nan nan nan nan nan
          nan nan nan nan nan nan nan nan nan nan nan nan nan nan nan nan nan nan nan nan
          nan nan nan nan nan nan nan nan nan nan nan nan nan nan 17.49578285217285 28.781503677368164 nan nan nan nan
          nan nan nan nan nan nan nan nan nan nan nan nan nan nan nan nan nan nan nan nan
          nan nan nan nan nan nan nan nan nan nan nan nan nan nan nan nan nan nan nan nan
          nan nan nan nan nan nan nan nan nan nan nan nan nan nan nan nan nan nan nan nan
          nan nan nan nan nan nan nan nan nan nan nan nan nan nan nan nan nan nan 47.678401947021484 nan
          nan nan nan nan nan nan nan nan nan nan nan nan nan nan nan nan nan nan nan nan
          nan nan nan nan nan nan nan nan nan nan nan nan nan nan nan nan nan nan nan nan
          nan nan nan nan nan nan nan nan nan nan nan nan nan nan nan nan nan nan nan nan
          nan nan nan nan nan nan nan nan nan nan nan nan nan nan nan nan nan nan nan nan
          nan nan 44.488128662109375 nan nan nan nan nan nan nan nan nan nan nan nan nan nan nan nan nan
          nan nan nan nan nan nan nan nan nan nan nan nan nan nan nan nan nan nan nan nan
          nan nan nan nan nan nan nan nan nan nan nan nan nan nan nan nan nan nan nan nan
          nan nan nan nan nan nan nan nan nan nan nan nan nan nan nan nan nan nan nan nan
          nan nan nan nan nan nan 27.054494857788086 nan nan nan nan nan nan nan nan nan nan nan nan nan
          nan nan nan nan nan nan nan nan nan nan nan nan nan nan nan nan nan nan nan nan
          nan nan nan nan nan nan nan nan nan nan nan nan nan nan nan nan nan nan nan nan
          nan nan nan nan nan nan nan nan nan nan nan nan nan nan nan nan nan nan nan nan
          nan nan nan nan nan nan nan nan nan 27.15354347229004 nan nan nan nan nan nan nan nan nan nan
          nan nan nan nan nan nan nan nan nan nan nan nan nan nan nan nan nan nan nan nan
          nan nan nan nan nan nan nan nan nan nan nan nan nan nan nan nan nan nan nan nan
          nan nan nan nan nan nan nan nan nan nan nan nan nan nan nan nan nan nan nan nan
          nan nan nan nan nan nan nan nan nan nan nan nan nan 33.08837890625 nan nan nan nan nan nan
          nan nan nan nan nan nan nan nan nan nan nan nan nan nan nan nan nan nan nan nan
          nan nan nan nan nan nan nan nan nan nan nan nan nan nan nan nan nan nan nan nan
          nan nan nan nan nan nan nan nan nan nan nan nan nan nan nan nan nan nan nan nan
          nan nan nan nan nan nan nan nan nan nan nan nan nan nan nan nan nan 13.793085098266602 nan nan
          nan nan nan nan nan nan nan nan nan nan nan nan nan nan nan nan nan nan nan nan
          nan nan nan nan nan nan nan nan nan nan nan nan nan nan nan nan nan nan nan nan
          nan nan nan nan nan nan nan nan nan nan nan nan nan nan nan nan nan nan nan nan
          nan nan nan nan nan nan nan nan nan nan nan 19.051746368408203 16.6713924407959 nan nan nan nan nan nan nan
          44.744178771972656 nan nan nan nan nan nan nan nan nan nan nan nan nan nan nan nan nan nan nan
          nan nan nan nan nan nan nan nan nan nan nan nan nan nan nan nan nan nan nan nan
          nan nan nan nan nan nan nan nan nan nan nan nan nan nan nan nan nan nan nan nan
          nan nan nan nan nan nan nan nan nan nan nan nan nan nan nan nan nan 13.282438278198242 34.76255416870117 nan
          nan nan nan 31.225149154663086 45.18724822998047 nan nan nan nan nan nan nan nan nan nan nan nan nan nan nan
          nan nan nan nan nan nan nan nan nan nan nan nan nan nan nan nan nan nan nan nan
          nan nan nan nan nan nan nan nan nan nan nan nan nan nan nan nan nan nan nan nan
          nan nan nan nan nan nan nan 
        </DataArray>
        <DataArray type="Float64" Name="Surfaceflow_log" format="ascii">
          nan nan nan nan nan nan nan nan nan nan nan nan nan nan nan nan nan nan nan nan nan
          nan nan nan nan nan nan nan nan nan nan nan nan nan nan nan nan nan nan nan nan
          nan nan nan nan nan nan nan nan nan nan nan nan nan nan nan nan nan nan nan nan
          nan nan nan nan nan nan nan nan nan nan nan nan nan nan nan nan nan nan nan nan
          2.42937261579424 nan nan nan nan nan nan nan nan nan nan nan nan nan nan nan nan nan nan nan
          nan nan nan nan nan nan nan nan nan nan nan nan nan nan nan nan nan nan nan nan
          nan nan nan nan nan nan nan nan nan nan nan nan nan nan nan nan nan nan nan nan
          nan nan nan nan nan nan nan nan nan nan nan nan nan nan nan nan nan nan nan nan
          nan nan nan 2.3815418802606216 nan nan nan nan nan nan nan nan nan nan nan nan nan nan nan nan
          nan nan nan nan nan nan nan nan nan nan nan nan nan nan nan nan nan nan nan nan
          nan nan nan nan nan nan nan nan nan nan nan nan nan nan nan nan nan nan nan nan
          nan nan nan nan nan nan nan nan nan nan nan nan nan nan nan nan nan nan nan nan
          nan nan nan nan nan 0.5522396672314366 2.302681747310772 nan nan nan nan nan nan nan nan nan nan nan nan nan
          nan nan nan nan nan nan nan nan nan nan nan nan nan nan nan nan nan nan nan nan
          nan nan nan nan nan nan nan nan nan nan nan nan nan nan nan nan nan nan nan nan
          nan nan nan nan nan nan nan nan nan nan nan nan nan nan nan nan nan nan nan nan
          nan nan nan nan nan nan nan nan 2.0555865300669436 2.169381058388355 nan nan nan nan nan nan nan nan nan nan
          nan nan nan nan nan nan nan nan nan nan nan nan nan nan nan nan nan nan nan nan
          nan nan nan nan nan nan nan nan nan nan nan nan nan nan nan nan nan nan nan nan
          nan nan nan nan nan nan nan nan nan nan nan nan nan nan nan nan nan nan nan nan
          nan nan nan nan nan nan nan nan nan nan nan nan nan nan nan nan nan nan nan nan
          nan nan nan nan nan nan nan nan nan nan nan nan nan nan nan nan nan nan nan nan
          nan nan nan nan nan nan nan nan nan nan nan nan nan nan nan nan nan nan nan nan
          nan nan nan nan nan nan nan nan nan nan nan nan nan nan nan nan nan nan nan nan
          nan nan nan nan nan nan nan nan nan nan nan nan nan nan nan nan nan nan nan nan
          nan nan nan nan nan nan nan nan nan nan nan nan nan nan nan nan nan nan nan nan
          nan nan nan nan nan nan nan nan nan nan nan nan nan nan nan nan nan nan nan nan
          nan nan nan nan nan nan nan nan nan nan nan nan nan nan nan nan nan nan nan nan
          nan nan nan nan nan nan nan nan nan nan nan nan nan nan nan nan nan nan nan nan
          nan nan nan nan nan nan nan nan nan nan nan nan nan nan nan nan nan nan nan nan
          nan nan nan nan nan nan nan nan nan nan nan nan nan nan nan nan nan nan nan nan
          nan nan nan nan nan nan nan nan nan nan nan nan nan nan nan nan nan nan nan nan
          nan nan nan nan nan nan nan nan nan nan nan nan nan nan nan nan nan nan nan nan
          nan nan nan nan nan nan nan nan nan nan nan nan nan nan nan nan nan nan nan nan
          nan nan nan nan nan nan nan nan nan nan nan nan nan nan nan nan nan nan nan nan
          nan nan nan nan nan nan nan nan nan nan nan nan nan nan nan nan nan nan nan nan
          nan nan nan nan nan nan nan nan nan nan nan nan nan nan nan nan nan nan nan nan
          nan nan nan nan nan nan nan nan nan nan nan nan nan nan nan nan nan nan nan nan
          nan nan nan nan nan nan nan nan nan nan nan nan nan nan nan nan nan nan nan nan
          nan nan nan nan nan nan nan nan nan nan nan nan nan nan nan nan nan nan nan nan
          nan nan nan nan nan nan nan nan nan nan nan nan nan nan nan nan nan nan nan nan
          nan nan nan nan nan nan nan nan nan nan nan nan nan nan nan nan nan nan nan nan
          nan nan nan nan nan nan nan nan nan nan nan nan nan nan nan nan nan nan nan nan
          nan nan nan nan nan nan nan nan nan nan nan nan nan nan nan nan nan nan nan nan
          nan nan nan nan nan nan nan nan nan nan nan nan nan nan nan nan nan nan nan nan
          nan nan nan nan nan nan nan nan nan nan nan nan nan nan nan nan nan nan nan nan
          nan nan nan nan nan nan nan nan nan nan nan nan nan nan nan nan nan nan nan nan
          nan nan nan nan nan nan nan nan nan nan nan nan nan nan nan nan nan nan nan nan
          nan nan nan nan nan nan nan nan nan nan nan nan nan nan nan nan nan nan nan nan
          nan nan nan nan nan nan nan nan nan nan nan nan nan nan nan nan nan nan nan nan
          nan nan nan nan nan nan nan nan nan nan nan nan nan nan nan nan nan nan nan nan
          nan nan nan nan nan nan nan nan nan nan nan nan nan nan nan nan nan nan nan nan
          nan nan nan nan nan nan nan nan nan nan nan nan nan nan nan nan nan nan nan nan
          nan nan nan nan nan nan nan nan nan nan nan nan nan nan nan nan nan nan nan nan
          nan nan nan nan nan nan nan nan nan nan nan nan nan nan nan nan nan nan nan nan
          nan nan nan nan nan nan nan nan nan nan nan nan nan nan nan nan nan nan nan nan
          nan nan nan nan nan nan nan nan nan nan nan nan nan nan nan nan nan nan nan nan
          nan nan nan nan nan nan nan nan nan nan nan nan nan nan nan nan nan nan nan nan
          nan nan nan nan nan nan nan nan nan nan nan nan nan nan nan nan nan nan nan nan
          nan nan nan nan nan nan nan nan nan nan nan nan nan nan nan nan nan nan nan nan
          nan nan nan nan nan nan nan nan nan nan nan nan nan nan nan nan nan nan nan nan
          nan nan nan nan nan nan nan nan nan nan nan nan nan nan nan nan nan nan nan nan
          nan nan nan nan nan nan nan nan nan nan nan nan nan nan nan nan nan nan nan nan
          nan nan nan nan nan nan nan nan nan nan nan nan nan nan nan nan nan nan nan nan
          nan nan nan nan nan nan nan nan nan nan nan nan nan nan nan nan nan nan nan nan
          nan nan nan nan nan nan nan nan nan nan nan nan nan nan nan nan nan nan nan nan
          nan nan nan nan nan nan nan nan nan nan nan nan nan nan nan nan nan nan nan nan
          nan nan nan nan nan nan nan nan nan nan nan nan nan nan nan nan nan nan nan nan
          nan nan nan nan nan nan nan nan nan nan nan nan nan nan nan nan nan nan nan nan
          nan nan nan nan nan nan nan nan nan nan nan nan nan nan nan nan nan nan nan nan
          nan nan nan nan nan nan nan nan nan nan nan nan nan nan nan nan nan nan nan nan
          nan nan nan nan nan nan nan nan nan nan nan nan nan nan nan nan nan nan nan nan
          nan nan nan nan nan nan nan nan nan nan nan nan nan nan nan nan nan nan nan nan
          nan nan nan nan nan nan nan nan nan nan nan nan nan nan nan nan nan nan nan nan
          nan nan nan nan nan nan nan nan nan nan nan nan nan nan nan nan nan nan nan nan
          nan nan nan nan nan nan nan nan nan nan nan nan nan nan nan nan nan nan nan nan
          nan nan nan nan nan nan nan nan nan nan nan nan nan nan nan nan nan nan nan nan
          nan nan nan nan nan nan nan nan nan nan nan nan nan nan nan nan nan nan nan nan
          nan nan nan nan nan nan nan nan nan nan nan nan nan nan nan nan nan nan nan nan
          nan nan nan nan nan nan nan nan nan nan nan nan nan nan nan nan nan nan nan nan
          nan nan nan nan nan nan nan nan nan nan nan nan nan nan nan nan nan nan nan nan
          nan nan nan nan nan nan nan nan nan nan nan nan nan nan nan nan nan nan nan nan
          nan nan nan nan nan nan nan nan nan nan nan nan nan nan nan nan nan nan nan nan
          nan nan nan nan nan nan nan nan nan nan nan nan nan nan nan nan nan nan nan nan
          nan nan nan nan nan nan nan nan nan nan nan nan nan nan nan nan nan nan nan nan
          nan nan nan nan nan nan nan nan nan nan nan nan nan nan nan nan nan nan nan nan
          nan nan nan nan nan nan nan nan nan nan nan nan nan nan nan nan nan nan nan nan
          nan nan nan nan nan nan nan nan nan nan nan nan nan nan nan nan nan nan nan nan
          nan nan nan nan nan nan nan nan nan nan nan nan nan nan nan nan nan nan nan nan
          nan nan nan nan nan nan nan nan nan nan nan nan nan nan nan nan nan nan nan nan
          nan nan nan nan nan nan nan nan nan nan nan nan nan nan nan nan nan nan nan nan
          nan nan nan nan nan nan nan nan nan nan nan nan nan nan nan nan nan nan nan nan
          nan nan nan nan nan nan nan nan nan nan nan nan nan nan nan nan nan nan nan nan
          nan nan nan nan nan nan nan nan nan nan nan nan nan nan nan nan nan nan nan nan
          nan nan nan nan nan nan nan nan nan nan nan nan nan nan nan nan nan nan nan nan
          nan nan nan nan nan nan nan nan nan nan nan nan nan nan nan nan nan nan nan nan
          nan nan nan nan nan nan nan nan nan nan nan nan nan nan nan nan nan nan nan nan
          nan nan nan nan nan nan nan nan nan nan nan nan nan nan nan nan nan nan nan nan
          nan nan nan nan nan nan nan nan nan nan nan nan nan nan nan nan nan nan nan nan
          nan nan nan nan nan nan nan nan nan nan nan nan nan nan nan nan nan nan nan nan
          nan nan nan nan nan nan nan nan nan nan nan nan nan nan nan nan nan nan nan nan
          nan nan nan nan nan nan nan nan nan nan nan nan nan nan nan nan nan nan nan nan
          nan nan nan nan nan nan nan nan nan nan nan nan nan nan nan nan nan nan nan nan
          nan nan nan nan nan nan nan nan nan nan nan nan nan nan nan nan nan nan nan nan
          nan nan nan nan nan nan nan nan nan nan nan nan nan nan nan nan nan nan nan nan
          nan nan nan nan nan nan nan nan nan nan nan nan nan nan nan nan nan nan nan nan
          nan nan nan nan nan nan nan nan nan nan nan nan nan nan nan nan nan nan nan nan
          nan nan nan nan nan nan nan nan nan nan nan nan nan nan nan nan nan nan nan nan
          nan nan nan nan nan nan nan nan nan nan nan nan nan nan nan nan nan nan nan nan
          nan nan nan nan nan nan nan nan nan nan nan nan nan nan nan nan nan nan nan nan
          nan nan nan nan nan nan nan nan nan nan nan nan nan nan nan nan nan nan nan nan
          nan nan nan nan nan nan nan nan nan nan nan nan nan nan nan nan nan nan nan nan
          nan nan nan nan nan nan nan nan nan nan nan nan nan nan nan nan nan nan nan nan
          nan nan nan nan nan nan nan nan nan nan nan nan nan nan nan nan nan nan nan nan
          nan nan nan nan nan nan nan nan nan nan nan nan nan nan nan nan nan nan nan nan
          nan nan nan nan nan nan nan nan nan nan nan nan nan nan nan nan nan nan nan nan
          nan nan nan nan nan nan nan nan nan nan nan nan nan nan nan nan nan nan nan nan
          nan nan nan nan nan nan nan nan nan nan nan nan nan nan nan nan nan nan nan nan
          nan nan nan nan nan nan nan nan nan nan nan nan nan nan nan nan nan nan nan nan
          nan nan nan nan nan nan nan nan nan nan nan nan nan nan nan nan nan nan nan nan
          nan nan nan nan nan nan nan nan nan nan nan nan nan nan nan nan nan nan nan nan
          nan nan nan nan nan nan nan nan nan nan nan nan nan nan nan nan nan nan nan nan
          nan nan nan nan nan nan nan nan nan nan nan nan nan nan nan nan nan nan nan nan
          nan nan nan nan nan nan nan nan nan nan nan nan nan nan nan nan nan nan nan nan
          nan nan nan nan nan nan nan nan nan nan nan nan nan nan nan nan nan nan nan nan
          nan nan nan nan nan nan nan nan nan nan nan nan nan nan nan nan nan nan nan nan
          nan nan nan nan nan nan nan nan nan nan nan nan nan nan nan nan nan nan nan nan
          nan nan nan nan nan nan nan nan nan nan nan nan nan nan nan nan nan nan nan nan
          nan nan nan nan nan nan nan nan nan nan nan nan nan nan nan nan nan nan nan nan
          nan nan nan nan nan nan nan nan nan nan nan nan nan nan nan nan nan nan nan nan
          nan nan nan nan nan nan nan nan nan nan nan nan nan nan nan nan nan nan nan nan
          nan nan nan nan nan nan nan nan nan nan nan nan nan nan nan nan nan nan nan nan
          nan nan nan nan nan nan nan nan nan nan nan nan nan nan nan nan nan nan nan nan
          nan nan nan nan nan nan nan nan nan nan nan nan nan nan nan nan nan nan nan nan
          nan nan nan nan nan nan nan nan nan nan nan nan nan nan nan nan nan nan nan nan
          nan nan nan nan nan nan nan nan nan nan nan nan nan nan nan nan nan nan nan nan
          nan nan nan nan nan nan nan nan nan nan nan nan nan nan nan nan nan nan nan nan
          nan nan nan nan nan nan nan nan nan nan nan nan nan nan nan nan nan nan nan nan
          nan nan nan nan nan nan nan nan nan nan nan nan nan nan nan nan nan nan nan nan
          nan nan nan nan nan nan nan nan nan nan nan nan nan nan nan nan nan nan nan nan
          nan nan nan nan nan nan nan nan nan nan nan nan nan nan nan nan nan nan nan nan
          nan nan nan nan nan nan nan nan nan nan nan nan nan nan nan nan nan nan nan nan
          nan nan nan nan nan nan nan nan nan nan nan nan nan nan nan nan nan nan nan nan
          nan nan nan nan nan nan nan nan nan nan nan nan nan nan nan nan nan nan nan nan
          nan nan nan nan nan nan nan nan nan nan nan nan nan nan nan nan nan nan nan nan
          nan nan nan nan nan nan nan nan nan nan nan nan nan nan nan nan nan nan nan nan
          nan nan nan nan nan nan nan nan nan nan nan nan nan nan nan nan nan nan nan nan
          nan nan nan nan nan nan nan nan nan nan nan nan nan nan nan nan nan nan nan nan
          nan nan nan nan nan nan nan nan nan nan nan nan nan nan nan nan nan nan nan nan
          nan nan nan nan nan nan nan nan nan nan nan nan nan nan nan nan nan nan nan nan
          nan nan nan nan nan nan nan nan nan nan nan nan nan nan nan nan nan nan nan nan
          nan nan nan nan nan nan nan nan nan nan nan nan nan nan nan nan nan nan nan nan
          nan nan nan nan nan nan nan nan nan nan nan nan nan nan nan nan nan nan nan nan
          nan nan nan nan nan nan nan nan nan nan nan nan nan nan nan nan nan nan nan nan
          nan nan nan nan nan nan nan nan nan nan nan nan nan nan nan nan nan nan nan nan
          nan nan nan nan nan nan nan nan nan nan nan nan nan nan nan nan nan nan nan nan
          nan nan nan nan nan nan nan nan nan nan nan nan nan nan nan nan nan nan nan nan
          nan nan nan nan nan nan nan nan nan nan nan nan nan nan nan nan nan nan nan nan
          nan nan nan nan nan nan nan nan nan nan nan nan nan nan nan nan nan nan nan nan
          nan nan nan nan nan nan nan nan nan nan nan nan nan nan nan nan nan nan nan nan
          nan nan nan nan nan nan nan nan nan nan nan nan nan nan nan nan nan nan nan nan
          nan nan nan nan nan nan nan nan nan nan nan nan nan nan nan nan nan nan nan nan
          nan nan nan nan nan nan nan nan nan nan nan nan nan nan nan nan nan nan nan nan
          nan nan nan nan nan nan nan nan nan nan nan nan nan nan nan nan nan nan nan nan
          nan nan nan nan nan nan nan nan nan nan nan nan nan nan nan nan nan nan nan nan
          nan nan nan nan nan nan nan nan nan nan nan nan nan nan nan nan nan nan nan nan
          nan nan nan nan nan nan nan nan nan nan nan nan nan nan nan nan nan nan nan nan
          nan nan nan nan nan nan nan nan nan nan nan nan nan nan nan nan nan nan nan nan
          nan nan nan nan nan nan nan nan nan nan nan nan nan nan nan nan nan nan nan nan
          nan nan nan nan nan nan nan nan nan nan nan nan nan nan nan nan nan nan nan nan
          nan nan nan nan nan nan nan nan nan nan nan nan nan nan nan nan nan nan nan nan
          nan nan nan nan nan nan nan nan nan nan nan nan nan nan nan nan nan nan nan nan
          nan nan nan nan nan nan nan nan nan nan nan nan nan nan nan nan nan nan nan nan
          nan nan nan nan nan nan nan nan nan nan nan nan nan nan nan nan nan nan nan nan
          nan nan nan nan nan nan nan nan nan nan nan nan nan nan nan nan nan nan nan nan
          nan nan nan nan nan nan nan nan nan nan nan nan nan nan nan nan nan nan nan nan
          nan nan nan nan nan nan nan nan nan nan nan nan nan nan nan nan nan nan nan nan
          nan nan nan nan nan nan nan nan nan nan nan nan nan nan nan nan nan nan nan nan
          nan nan nan nan nan nan nan nan nan nan nan nan nan nan nan nan nan nan nan nan
          nan nan nan nan nan nan nan nan nan nan nan nan nan nan nan nan nan nan nan nan
          nan nan nan nan nan nan nan nan nan nan nan nan nan nan nan nan nan nan nan nan
          nan nan nan nan nan nan nan nan nan nan nan nan nan nan nan nan nan nan nan nan
          nan nan nan nan nan nan nan nan nan nan nan nan nan nan nan nan nan nan nan nan
          nan nan nan nan nan nan nan nan nan nan nan nan nan nan nan nan nan nan nan nan
          nan nan nan nan nan nan nan nan nan nan nan nan nan nan nan nan nan nan nan nan
          nan nan nan nan nan nan nan nan nan nan nan nan nan nan nan nan nan nan nan nan
          nan nan nan nan nan nan nan nan nan nan nan nan nan nan nan nan nan nan nan nan
          nan nan nan nan nan nan nan nan nan nan nan nan nan nan nan nan nan nan nan nan
          nan nan nan nan nan nan nan nan nan nan nan nan nan nan nan nan nan nan nan nan
          nan nan nan nan nan nan nan nan nan nan nan nan nan nan nan nan nan nan nan nan
          nan nan nan nan nan nan nan nan nan nan nan nan nan nan nan nan nan nan nan nan
          nan nan nan nan nan nan nan nan nan nan nan nan nan nan nan nan nan nan nan nan
          nan nan nan nan nan nan nan nan nan nan nan nan nan nan nan nan nan nan nan nan
          nan nan nan nan nan nan nan nan nan nan nan nan nan nan nan nan nan nan nan nan
          nan nan nan nan nan nan nan nan nan nan nan nan nan nan nan nan nan nan nan nan
          nan 1.942602638497746 1.8453696068795495 nan nan nan nan nan nan nan nan nan nan nan nan nan nan nan nan nan
          nan nan nan nan nan nan nan nan nan nan nan nan nan nan nan nan nan nan nan nan
          nan nan nan nan nan nan nan nan nan nan nan nan nan nan nan nan nan nan nan nan
          nan nan nan nan nan nan nan nan nan nan nan nan nan nan nan nan nan nan nan nan
          nan nan nan nan 2.051982024618437 nan nan nan nan nan nan nan nan nan nan nan nan nan nan nan
          nan nan nan nan nan nan nan nan nan nan nan nan nan nan nan nan nan nan nan nan
          nan nan nan nan nan nan nan nan nan nan nan nan nan nan nan nan nan nan nan nan
          nan nan nan nan nan nan nan nan nan nan nan nan nan nan nan nan nan nan nan nan
          nan nan nan nan nan nan nan 2.051982024618437 nan nan nan nan nan nan nan nan nan nan nan nan
          nan nan nan nan nan nan nan nan nan nan nan nan nan nan nan nan nan nan nan nan
          nan nan nan nan nan nan nan nan nan nan nan nan nan nan nan nan nan nan nan nan
          nan nan nan nan nan nan nan nan nan nan nan nan nan nan nan nan nan nan nan nan
          nan nan nan nan nan nan nan nan nan nan 2.051982024618437 nan nan nan nan nan nan nan nan nan
          nan nan nan nan nan nan nan nan nan nan nan nan nan nan nan nan nan nan nan nan
          nan nan nan nan nan nan nan nan nan nan nan nan nan nan nan nan nan nan nan nan
          nan nan nan nan nan nan nan nan nan nan nan nan nan nan nan nan nan nan nan nan
          nan nan nan nan nan nan nan nan nan nan nan nan nan 2.1056205200982 nan nan nan nan nan nan
          nan nan nan nan nan nan nan nan nan nan nan nan nan nan nan nan nan nan nan nan
          nan nan nan nan nan nan nan nan nan nan nan nan nan nan nan nan nan nan nan nan
          nan nan nan nan nan nan nan nan nan nan nan nan nan nan nan nan nan nan nan nan
          nan nan nan nan nan nan nan nan nan nan nan nan nan nan nan nan 2.1056205200982 nan nan nan
          nan nan nan nan nan nan nan nan nan nan nan nan nan nan nan nan nan nan nan nan
          nan nan nan nan nan nan nan nan nan nan nan nan nan nan nan nan nan nan nan nan
          nan nan nan nan nan nan nan nan nan nan nan nan nan nan nan nan nan nan nan nan
          nan nan nan nan nan nan nan nan nan nan nan nan nan nan nan nan nan nan nan 2.1317782274956625
          nan nan nan nan nan nan nan nan nan nan nan nan nan nan nan nan nan nan nan nan
          nan nan nan nan nan nan nan nan nan nan nan nan nan nan nan nan nan nan nan nan
          nan nan nan nan nan nan nan nan nan nan nan nan nan nan nan nan nan nan nan nan
          nan nan nan nan nan nan nan nan nan nan nan nan nan nan nan nan nan nan nan nan
          nan nan 2.189101929676533 nan nan nan nan nan nan nan nan nan nan nan nan nan nan nan nan nan
          nan nan nan nan nan nan nan nan nan nan nan nan nan nan nan nan nan nan nan nan
          nan nan nan nan nan nan nan nan nan nan nan nan nan nan nan nan nan nan nan nan
          nan nan nan nan nan nan nan nan nan nan nan nan nan nan nan nan nan nan nan nan
          nan nan nan nan nan 2.246762462588715 nan nan nan nan nan nan nan nan nan nan nan nan nan nan
          nan nan nan nan nan nan nan nan nan nan nan nan nan nan nan nan nan nan nan nan
          nan nan nan nan nan nan nan nan nan nan nan nan nan nan nan nan nan nan nan nan
          nan nan nan nan nan nan nan nan nan nan nan nan nan nan nan nan nan nan nan nan
          nan nan nan nan nan nan nan nan 2.247498179113807 nan nan nan nan nan nan nan nan nan nan nan
          nan nan nan nan nan nan nan nan nan nan nan nan nan nan nan nan nan nan nan nan
          nan nan nan nan nan nan nan nan nan nan nan nan nan nan nan nan nan nan nan nan
          nan nan nan nan nan nan nan nan nan nan nan nan nan nan nan nan nan nan nan nan
          nan nan nan nan nan nan nan nan nan nan nan 2.2897857417976613 nan nan nan nan nan nan nan nan
          nan nan nan nan nan nan nan nan nan nan nan nan nan nan nan nan nan nan nan nan
          nan nan nan nan nan nan nan nan nan nan nan nan nan nan nan nan nan nan nan nan
          nan nan nan nan nan nan nan nan nan nan nan nan nan nan nan nan nan nan nan nan
          nan nan nan nan nan nan nan nan nan nan nan nan nan nan 2.299549155346223 nan nan nan nan nan
          nan nan nan nan nan nan nan nan nan nan nan nan nan nan nan nan nan nan nan nan
          nan nan nan nan nan nan nan nan nan nan nan nan nan nan nan nan nan nan nan nan
          nan nan nan nan nan nan nan nan nan nan nan nan nan nan nan nan nan nan nan nan
          nan nan nan nan nan nan nan nan nan nan nan nan nan nan nan nan nan 0.44557476612595953 2.3238357819103475 nan
          nan nan nan nan nan nan nan nan nan nan nan nan nan nan nan nan nan nan nan nan
          nan nan nan nan nan nan nan nan nan nan nan nan nan nan nan nan nan nan nan nan
          nan nan nan nan nan nan nan nan nan nan nan nan nan nan nan nan nan nan nan nan
          nan nan nan nan nan nan nan nan nan nan nan nan nan nan nan nan nan nan nan nan
          1.101740270143119 2.380549356507112 nan nan nan nan nan nan nan nan nan nan nan nan nan nan nan nan nan nan
          nan nan nan nan nan nan nan nan nan nan nan nan nan nan nan nan nan nan nan nan
          nan nan nan nan nan nan nan nan nan nan nan nan nan nan nan nan nan nan nan nan
          nan nan nan nan nan nan nan nan nan nan nan nan nan nan nan nan nan nan nan nan
          nan nan nan nan nan 2.4028229771160587 nan nan nan nan nan nan nan nan nan nan nan nan nan nan
          nan nan nan nan nan nan nan nan nan nan nan nan nan nan nan nan nan nan nan nan
          nan nan nan nan nan nan nan nan nan nan nan nan nan nan nan nan nan nan nan nan
          nan nan nan nan nan nan nan nan nan nan nan nan nan nan nan nan nan nan nan nan
          nan nan nan nan nan nan nan 0.7294198376183606 2.4028229771160587 nan nan nan nan nan nan nan nan nan nan nan
          nan nan nan nan nan nan nan nan nan nan nan nan nan nan nan nan nan nan nan nan
          nan nan nan nan nan nan nan nan nan nan nan nan nan nan nan nan nan nan nan nan
          nan nan nan nan nan nan nan nan nan nan nan nan nan nan nan nan nan nan nan nan
          nan nan nan nan nan nan nan nan nan nan nan 0.9561520835223394 2.4028229771160587 nan nan nan nan nan nan nan
          nan nan nan nan nan nan nan nan nan nan nan nan nan nan nan nan nan nan nan nan
          nan nan nan nan nan nan nan nan nan nan nan nan nan nan nan nan nan nan nan nan
          nan nan nan nan nan nan nan nan nan nan nan nan nan nan nan nan nan nan nan nan
          nan nan nan nan nan nan nan nan nan nan nan nan nan nan nan 2.478862285478381 nan nan nan nan
          nan nan nan nan nan nan nan nan nan nan nan nan nan nan nan nan nan nan nan nan
          nan nan nan nan nan nan nan nan nan nan nan nan nan nan nan nan nan nan nan nan
          nan nan nan nan nan nan nan nan nan nan nan nan nan nan nan nan nan nan nan nan
          nan nan nan nan nan nan nan nan nan nan nan nan nan nan nan nan nan nan 2.4883677913463305 nan
          nan nan nan nan nan nan nan nan nan nan nan nan nan nan nan nan nan nan nan nan
          nan nan nan nan nan nan nan nan nan nan nan nan nan nan nan nan nan nan nan nan
          nan nan nan nan nan nan nan nan nan nan nan nan nan nan nan nan nan nan nan nan
          nan nan nan nan nan nan nan nan nan nan nan nan nan nan nan nan nan nan nan nan
          nan nan 2.507290468188512 nan nan nan nan nan nan nan nan nan nan nan nan nan nan nan nan nan
          nan nan nan nan nan nan nan nan nan nan nan nan nan nan nan nan nan nan nan nan
          nan nan nan nan nan nan nan nan nan nan nan nan nan nan nan nan nan nan nan nan
          nan nan nan nan nan nan nan nan nan nan nan nan nan nan nan nan nan nan nan nan
          nan nan nan nan nan 2.527227545303066 nan nan nan nan nan nan nan nan nan nan nan nan nan nan
          nan nan nan nan nan nan nan nan nan nan nan nan nan nan nan nan nan nan nan nan
          nan nan nan nan nan nan nan nan nan nan nan nan nan nan nan nan nan nan nan nan
          nan nan nan nan nan nan nan nan nan nan nan nan nan nan nan nan nan nan nan nan
          nan nan nan nan nan nan nan nan nan nan 2.527227545303066 nan nan nan nan nan nan nan nan nan
          nan nan nan nan nan nan nan nan nan nan nan nan nan nan nan nan nan nan nan nan
          nan nan nan nan nan nan nan nan nan nan nan nan nan nan nan nan nan nan nan nan
          nan nan nan nan nan nan nan nan nan nan nan nan nan nan nan nan nan nan nan nan
          nan nan nan nan nan nan nan nan nan nan nan nan nan nan 2.54922858413514 1.4591134797230463 nan nan nan nan
          nan nan nan nan nan nan nan nan nan nan nan nan nan nan nan nan nan nan nan nan
          nan nan nan nan nan nan nan nan nan nan nan nan nan nan nan nan nan nan nan nan
          nan nan nan nan nan nan nan nan nan nan nan nan nan nan nan nan nan nan nan nan
          nan nan nan nan nan nan nan nan nan nan nan nan nan nan nan nan nan nan 2.6341180142204665 nan
          nan nan nan nan nan nan nan nan nan nan nan nan nan nan nan nan nan nan nan nan
          nan nan nan nan nan nan nan nan nan nan nan nan nan nan nan nan nan nan nan nan
          nan nan nan nan nan nan nan nan nan nan nan nan nan nan nan nan nan nan nan nan
          nan nan nan nan nan nan nan nan nan nan nan nan nan nan nan nan nan nan nan nan
          nan nan 2.676814048290411 nan nan nan nan nan nan nan nan nan nan nan nan nan nan nan nan nan
          nan nan nan nan nan nan nan nan nan nan nan nan nan nan nan nan nan nan nan nan
          nan nan nan nan nan nan nan nan nan nan nan nan nan nan nan nan nan nan nan nan
          nan nan nan nan nan nan nan nan nan nan nan nan nan nan nan nan nan nan nan nan
          nan nan nan nan nan nan 2.700864809008463 nan nan nan nan nan nan nan nan nan nan nan nan nan
          nan nan nan nan nan nan nan nan nan nan nan nan nan nan nan nan nan nan nan nan
          nan nan nan nan nan nan nan nan nan nan nan nan nan nan nan nan nan nan nan nan
          nan nan nan nan nan nan nan nan nan nan nan nan nan nan nan nan nan nan nan nan
          nan nan nan nan nan nan nan nan nan 2.7237345356015057 nan nan nan nan nan nan nan nan nan nan
          nan nan nan nan nan nan nan nan nan nan nan nan nan nan nan nan nan nan nan nan
          nan nan nan nan nan nan nan nan nan nan nan nan nan nan nan nan nan nan nan nan
          nan nan nan nan nan nan nan nan nan nan nan nan nan nan nan nan nan nan nan nan
          nan nan nan nan nan nan nan nan nan nan nan nan nan 2.7500670591143255 nan nan nan nan nan nan
          nan nan nan nan nan nan nan nan nan nan nan nan nan nan nan nan nan nan nan nan
          nan nan nan nan nan nan nan nan nan nan nan nan nan nan nan nan nan nan nan nan
          nan nan nan nan nan nan nan nan nan nan nan nan nan nan nan nan nan nan nan nan
          nan nan nan nan nan nan nan nan nan nan nan nan nan nan nan nan nan 2.7605892685277027 nan nan
          nan nan nan nan nan nan nan nan nan nan nan nan nan nan nan nan nan nan nan nan
          nan nan nan nan nan nan nan nan nan nan nan nan nan nan nan nan nan nan nan nan
          nan nan nan nan nan nan nan nan nan nan nan nan nan nan nan nan nan nan nan nan
          nan nan nan nan nan nan nan nan nan nan nan 1.2799347912137942 1.5529496111243493 nan nan nan nan nan nan nan
          2.7930674206334936 nan nan nan nan nan nan nan nan nan nan nan nan nan nan nan nan nan nan nan
          nan nan nan nan nan nan nan nan nan nan nan nan nan nan nan nan nan nan nan nan
          nan nan nan nan nan nan nan nan nan nan nan nan nan nan nan nan nan nan nan nan
          nan nan nan nan nan nan nan nan nan nan nan nan nan nan nan nan nan 1.6902455077929026 1.9230788270788455 nan
          nan nan nan 1.4945045215663466 2.843468133008909 nan nan nan nan nan nan nan nan nan nan nan nan nan nan nan
          nan nan nan nan nan nan nan nan nan nan nan nan nan nan nan nan nan nan nan nan
          nan nan nan nan nan nan nan nan nan nan nan nan nan nan nan nan nan nan nan nan
          nan nan nan nan nan nan nan 
        </DataArray>
        <DataArray type="Float64" Name="Surfaceflow" format="ascii">
          nan nan nan nan nan nan nan nan nan nan nan nan nan nan nan nan nan nan nan nan nan
          nan nan nan nan nan nan nan nan nan nan nan nan nan nan nan nan nan nan nan nan
          nan nan nan nan nan nan nan nan nan nan nan nan nan nan nan nan nan nan nan nan
          nan nan nan nan nan nan nan nan nan nan nan nan nan nan nan nan nan nan nan nan
          268.7649405002594 nan nan nan nan nan nan nan nan nan nan nan nan nan nan nan nan nan nan nan
          nan nan nan nan nan nan nan nan nan nan nan nan nan nan nan nan nan nan nan nan
          nan nan nan nan nan nan nan nan nan nan nan nan nan nan nan nan nan nan nan nan
          nan nan nan nan nan nan nan nan nan nan nan nan nan nan nan nan nan nan nan nan
          nan nan nan 240.73646569252014 nan nan nan nan nan nan nan nan nan nan nan nan nan nan nan nan
          nan nan nan nan nan nan nan nan nan nan nan nan nan nan nan nan nan nan nan nan
          nan nan nan nan nan nan nan nan nan nan nan nan nan nan nan nan nan nan nan nan
          nan nan nan nan nan nan nan nan nan nan nan nan nan nan nan nan nan nan nan nan
          nan nan nan nan nan 3.566478967666626 200.76210808753967 nan nan nan nan nan nan nan nan nan nan nan nan nan
          nan nan nan nan nan nan nan nan nan nan nan nan nan nan nan nan nan nan nan nan
          nan nan nan nan nan nan nan nan nan nan nan nan nan nan nan nan nan nan nan nan
          nan nan nan nan nan nan nan nan nan nan nan nan nan nan nan nan nan nan nan nan
          nan nan nan nan nan nan nan nan 113.65447235107422 147.70019149780273 nan nan nan nan nan nan nan nan nan nan
          nan nan nan nan nan nan nan nan nan nan nan nan nan nan nan nan nan nan nan nan
          nan nan nan nan nan nan nan nan nan nan nan nan nan nan nan nan nan nan nan nan
          nan nan nan nan nan nan nan nan nan nan nan nan nan nan nan nan nan nan nan nan
          nan nan nan nan nan nan nan nan nan nan nan nan nan nan nan nan nan nan nan nan
          nan nan nan nan nan nan nan nan nan nan nan nan nan nan nan nan nan nan nan nan
          nan nan nan nan nan nan nan nan nan nan nan nan nan nan nan nan nan nan nan nan
          nan nan nan nan nan nan nan nan nan nan nan nan nan nan nan nan nan nan nan nan
          nan nan nan nan nan nan nan nan nan nan nan nan nan nan nan nan nan nan nan nan
          nan nan nan nan nan nan nan nan nan nan nan nan nan nan nan nan nan nan nan nan
          nan nan nan nan nan nan nan nan nan nan nan nan nan nan nan nan nan nan nan nan
          nan nan nan nan nan nan nan nan nan nan nan nan nan nan nan nan nan nan nan nan
          nan nan nan nan nan nan nan nan nan nan nan nan nan nan nan nan nan nan nan nan
          nan nan nan nan nan nan nan nan nan nan nan nan nan nan nan nan nan nan nan nan
          nan nan nan nan nan nan nan nan nan nan nan nan nan nan nan nan nan nan nan nan
          nan nan nan nan nan nan nan nan nan nan nan nan nan nan nan nan nan nan nan nan
          nan nan nan nan nan nan nan nan nan nan nan nan nan nan nan nan nan nan nan nan
          nan nan nan nan nan nan nan nan nan nan nan nan nan nan nan nan nan nan nan nan
          nan nan nan nan nan nan nan nan nan nan nan nan nan nan nan nan nan nan nan nan
          nan nan nan nan nan nan nan nan nan nan nan nan nan nan nan nan nan nan nan nan
          nan nan nan nan nan nan nan nan nan nan nan nan nan nan nan nan nan nan nan nan
          nan nan nan nan nan nan nan nan nan nan nan nan nan nan nan nan nan nan nan nan
          nan nan nan nan nan nan nan nan nan nan nan nan nan nan nan nan nan nan nan nan
          nan nan nan nan nan nan nan nan nan nan nan nan nan nan nan nan nan nan nan nan
          nan nan nan nan nan nan nan nan nan nan nan nan nan nan nan nan nan nan nan nan
          nan nan nan nan nan nan nan nan nan nan nan nan nan nan nan nan nan nan nan nan
          nan nan nan nan nan nan nan nan nan nan nan nan nan nan nan nan nan nan nan nan
          nan nan nan nan nan nan nan nan nan nan nan nan nan nan nan nan nan nan nan nan
          nan nan nan nan nan nan nan nan nan nan nan nan nan nan nan nan nan nan nan nan
          nan nan nan nan nan nan nan nan nan nan nan nan nan nan nan nan nan nan nan nan
          nan nan nan nan nan nan nan nan nan nan nan nan nan nan nan nan nan nan nan nan
          nan nan nan nan nan nan nan nan nan nan nan nan nan nan nan nan nan nan nan nan
          nan nan nan nan nan nan nan nan nan nan nan nan nan nan nan nan nan nan nan nan
          nan nan nan nan nan nan nan nan nan nan nan nan nan nan nan nan nan nan nan nan
          nan nan nan nan nan nan nan nan nan nan nan nan nan nan nan nan nan nan nan nan
          nan nan nan nan nan nan nan nan nan nan nan nan nan nan nan nan nan nan nan nan
          nan nan nan nan nan nan nan nan nan nan nan nan nan nan nan nan nan nan nan nan
          nan nan nan nan nan nan nan nan nan nan nan nan nan nan nan nan nan nan nan nan
          nan nan nan nan nan nan nan nan nan nan nan nan nan nan nan nan nan nan nan nan
          nan nan nan nan nan nan nan nan nan nan nan nan nan nan nan nan nan nan nan nan
          nan nan nan nan nan nan nan nan nan nan nan nan nan nan nan nan nan nan nan nan
          nan nan nan nan nan nan nan nan nan nan nan nan nan nan nan nan nan nan nan nan
          nan nan nan nan nan nan nan nan nan nan nan nan nan nan nan nan nan nan nan nan
          nan nan nan nan nan nan nan nan nan nan nan nan nan nan nan nan nan nan nan nan
          nan nan nan nan nan nan nan nan nan nan nan nan nan nan nan nan nan nan nan nan
          nan nan nan nan nan nan nan nan nan nan nan nan nan nan nan nan nan nan nan nan
          nan nan nan nan nan nan nan nan nan nan nan nan nan nan nan nan nan nan nan nan
          nan nan nan nan nan nan nan nan nan nan nan nan nan nan nan nan nan nan nan nan
          nan nan nan nan nan nan nan nan nan nan nan nan nan nan nan nan nan nan nan nan
          nan nan nan nan nan nan nan nan nan nan nan nan nan nan nan nan nan nan nan nan
          nan nan nan nan nan nan nan nan nan nan nan nan nan nan nan nan nan nan nan nan
          nan nan nan nan nan nan nan nan nan nan nan nan nan nan nan nan nan nan nan nan
          nan nan nan nan nan nan nan nan nan nan nan nan nan nan nan nan nan nan nan nan
          nan nan nan nan nan nan nan nan nan nan nan nan nan nan nan nan nan nan nan nan
          nan nan nan nan nan nan nan nan nan nan nan nan nan nan nan nan nan nan nan nan
          nan nan nan nan nan nan nan nan nan nan nan nan nan nan nan nan nan nan nan nan
          nan nan nan nan nan nan nan nan nan nan nan nan nan nan nan nan nan nan nan nan
          nan nan nan nan nan nan nan nan nan nan nan nan nan nan nan nan nan nan nan nan
          nan nan nan nan nan nan nan nan nan nan nan nan nan nan nan nan nan nan nan nan
          nan nan nan nan nan nan nan nan nan nan nan nan nan nan nan nan nan nan nan nan
          nan nan nan nan nan nan nan nan nan nan nan nan nan nan nan nan nan nan nan nan
          nan nan nan nan nan nan nan nan nan nan nan nan nan nan nan nan nan nan nan nan
          nan nan nan nan nan nan nan nan nan nan nan nan nan nan nan nan nan nan nan nan
          nan nan nan nan nan nan nan nan nan nan nan nan nan nan nan nan nan nan nan nan
          nan nan nan nan nan nan nan nan nan nan nan nan nan nan nan nan nan nan nan nan
          nan nan nan nan nan nan nan nan nan nan nan nan nan nan nan nan nan nan nan nan
          nan nan nan nan nan nan nan nan nan nan nan nan nan nan nan nan nan nan nan nan
          nan nan nan nan nan nan nan nan nan nan nan nan nan nan nan nan nan nan nan nan
          nan nan nan nan nan nan nan nan nan nan nan nan nan nan nan nan nan nan nan nan
          nan nan nan nan nan nan nan nan nan nan nan nan nan nan nan nan nan nan nan nan
          nan nan nan nan nan nan nan nan nan nan nan nan nan nan nan nan nan nan nan nan
          nan nan nan nan nan nan nan nan nan nan nan nan nan nan nan nan nan nan nan nan
          nan nan nan nan nan nan nan nan nan nan nan nan nan nan nan nan nan nan nan nan
          nan nan nan nan nan nan nan nan nan nan nan nan nan nan nan nan nan nan nan nan
          nan nan nan nan nan nan nan nan nan nan nan nan nan nan nan nan nan nan nan nan
          nan nan nan nan nan nan nan nan nan nan nan nan nan nan nan nan nan nan nan nan
          nan nan nan nan nan nan nan nan nan nan nan nan nan nan nan nan nan nan nan nan
          nan nan nan nan nan nan nan nan nan nan nan nan nan nan nan nan nan nan nan nan
          nan nan nan nan nan nan nan nan nan nan nan nan nan nan nan nan nan nan nan nan
          nan nan nan nan nan nan nan nan nan nan nan nan nan nan nan nan nan nan nan nan
          nan nan nan nan nan nan nan nan nan nan nan nan nan nan nan nan nan nan nan nan
          nan nan nan nan nan nan nan nan nan nan nan nan nan nan nan nan nan nan nan nan
          nan nan nan nan nan nan nan nan nan nan nan nan nan nan nan nan nan nan nan nan
          nan nan nan nan nan nan nan nan nan nan nan nan nan nan nan nan nan nan nan nan
          nan nan nan nan nan nan nan nan nan nan nan nan nan nan nan nan nan nan nan nan
          nan nan nan nan nan nan nan nan nan nan nan nan nan nan nan nan nan nan nan nan
          nan nan nan nan nan nan nan nan nan nan nan nan nan nan nan nan nan nan nan nan
          nan nan nan nan nan nan nan nan nan nan nan nan nan nan nan nan nan nan nan nan
          nan nan nan nan nan nan nan nan nan nan nan nan nan nan nan nan nan nan nan nan
          nan nan nan nan nan nan nan nan nan nan nan nan nan nan nan nan nan nan nan nan
          nan nan nan nan nan nan nan nan nan nan nan nan nan nan nan nan nan nan nan nan
          nan nan nan nan nan nan nan nan nan nan nan nan nan nan nan nan nan nan nan nan
          nan nan nan nan nan nan nan nan nan nan nan nan nan nan nan nan nan nan nan nan
          nan nan nan nan nan nan nan nan nan nan nan nan nan nan nan nan nan nan nan nan
          nan nan nan nan nan nan nan nan nan nan nan nan nan nan nan nan nan nan nan nan
          nan nan nan nan nan nan nan nan nan nan nan nan nan nan nan nan nan nan nan nan
          nan nan nan nan nan nan nan nan nan nan nan nan nan nan nan nan nan nan nan nan
          nan nan nan nan nan nan nan nan nan nan nan nan nan nan nan nan nan nan nan nan
          nan nan nan nan nan nan nan nan nan nan nan nan nan nan nan nan nan nan nan nan
          nan nan nan nan nan nan nan nan nan nan nan nan nan nan nan nan nan nan nan nan
          nan nan nan nan nan nan nan nan nan nan nan nan nan nan nan nan nan nan nan nan
          nan nan nan nan nan nan nan nan nan nan nan nan nan nan nan nan nan nan nan nan
          nan nan nan nan nan nan nan nan nan nan nan nan nan nan nan nan nan nan nan nan
          nan nan nan nan nan nan nan nan nan nan nan nan nan nan nan nan nan nan nan nan
          nan nan nan nan nan nan nan nan nan nan nan nan nan nan nan nan nan nan nan nan
          nan nan nan nan nan nan nan nan nan nan nan nan nan nan nan nan nan nan nan nan
          nan nan nan nan nan nan nan nan nan nan nan nan nan nan nan nan nan nan nan nan
          nan nan nan nan nan nan nan nan nan nan nan nan nan nan nan nan nan nan nan nan
          nan nan nan nan nan nan nan nan nan nan nan nan nan nan nan nan nan nan nan nan
          nan nan nan nan nan nan nan nan nan nan nan nan nan nan nan nan nan nan nan nan
          nan nan nan nan nan nan nan nan nan nan nan nan nan nan nan nan nan nan nan nan
          nan nan nan nan nan nan nan nan nan nan nan nan nan nan nan nan nan nan nan nan
          nan nan nan nan nan nan nan nan nan nan nan nan nan nan nan nan nan nan nan nan
          nan nan nan nan nan nan nan nan nan nan nan nan nan nan nan nan nan nan nan nan
          nan nan nan nan nan nan nan nan nan nan nan nan nan nan nan nan nan nan nan nan
          nan nan nan nan nan nan nan nan nan nan nan nan nan nan nan nan nan nan nan nan
          nan nan nan nan nan nan nan nan nan nan nan nan nan nan nan nan nan nan nan nan
          nan nan nan nan nan nan nan nan nan nan nan nan nan nan nan nan nan nan nan nan
          nan nan nan nan nan nan nan nan nan nan nan nan nan nan nan nan nan nan nan nan
          nan nan nan nan nan nan nan nan nan nan nan nan nan nan nan nan nan nan nan nan
          nan nan nan nan nan nan nan nan nan nan nan nan nan nan nan nan nan nan nan nan
          nan nan nan nan nan nan nan nan nan nan nan nan nan nan nan nan nan nan nan nan
          nan nan nan nan nan nan nan nan nan nan nan nan nan nan nan nan nan nan nan nan
          nan nan nan nan nan nan nan nan nan nan nan nan nan nan nan nan nan nan nan nan
          nan nan nan nan nan nan nan nan nan nan nan nan nan nan nan nan nan nan nan nan
          nan nan nan nan nan nan nan nan nan nan nan nan nan nan nan nan nan nan nan nan
          nan nan nan nan nan nan nan nan nan nan nan nan nan nan nan nan nan nan nan nan
          nan nan nan nan nan nan nan nan nan nan nan nan nan nan nan nan nan nan nan nan
          nan nan nan nan nan nan nan nan nan nan nan nan nan nan nan nan nan nan nan nan
          nan nan nan nan nan nan nan nan nan nan nan nan nan nan nan nan nan nan nan nan
          nan nan nan nan nan nan nan nan nan nan nan nan nan nan nan nan nan nan nan nan
          nan nan nan nan nan nan nan nan nan nan nan nan nan nan nan nan nan nan nan nan
          nan nan nan nan nan nan nan nan nan nan nan nan nan nan nan nan nan nan nan nan
          nan nan nan nan nan nan nan nan nan nan nan nan nan nan nan nan nan nan nan nan
          nan nan nan nan nan nan nan nan nan nan nan nan nan nan nan nan nan nan nan nan
          nan nan nan nan nan nan nan nan nan nan nan nan nan nan nan nan nan nan nan nan
          nan nan nan nan nan nan nan nan nan nan nan nan nan nan nan nan nan nan nan nan
          nan nan nan nan nan nan nan nan nan nan nan nan nan nan nan nan nan nan nan nan
          nan nan nan nan nan nan nan nan nan nan nan nan nan nan nan nan nan nan nan nan
          nan nan nan nan nan nan nan nan nan nan nan nan nan nan nan nan nan nan nan nan
          nan nan nan nan nan nan nan nan nan nan nan nan nan nan nan nan nan nan nan nan
          nan nan nan nan nan nan nan nan nan nan nan nan nan nan nan nan nan nan nan nan
          nan nan nan nan nan nan nan nan nan nan nan nan nan nan nan nan nan nan nan nan
          nan nan nan nan nan nan nan nan nan nan nan nan nan nan nan nan nan nan nan nan
          nan nan nan nan nan nan nan nan nan nan nan nan nan nan nan nan nan nan nan nan
          nan nan nan nan nan nan nan nan nan nan nan nan nan nan nan nan nan nan nan nan
          nan nan nan nan nan nan nan nan nan nan nan nan nan nan nan nan nan nan nan nan
          nan nan nan nan nan nan nan nan nan nan nan nan nan nan nan nan nan nan nan nan
          nan nan nan nan nan nan nan nan nan nan nan nan nan nan nan nan nan nan nan nan
          nan nan nan nan nan nan nan nan nan nan nan nan nan nan nan nan nan nan nan nan
          nan nan nan nan nan nan nan nan nan nan nan nan nan nan nan nan nan nan nan nan
          nan nan nan nan nan nan nan nan nan nan nan nan nan nan nan nan nan nan nan nan
          nan nan nan nan nan nan nan nan nan nan nan nan nan nan nan nan nan nan nan nan
          nan nan nan nan nan nan nan nan nan nan nan nan nan nan nan nan nan nan nan nan
          nan nan nan nan nan nan nan nan nan nan nan nan nan nan nan nan nan nan nan nan
          nan nan nan nan nan nan nan nan nan nan nan nan nan nan nan nan nan nan nan nan
          nan nan nan nan nan nan nan nan nan nan nan nan nan nan nan nan nan nan nan nan
          nan nan nan nan nan nan nan nan nan nan nan nan nan nan nan nan nan nan nan nan
          nan nan nan nan nan nan nan nan nan nan nan nan nan nan nan nan nan nan nan nan
          nan nan nan nan nan nan nan nan nan nan nan nan nan nan nan nan nan nan nan nan
          nan nan nan nan nan nan nan nan nan nan nan nan nan nan nan nan nan nan nan nan
          nan nan nan nan nan nan nan nan nan nan nan nan nan nan nan nan nan nan nan nan
          nan nan nan nan nan nan nan nan nan nan nan nan nan nan nan nan nan nan nan nan
          nan nan nan nan nan nan nan nan nan nan nan nan nan nan nan nan nan nan nan nan
          nan nan nan nan nan nan nan nan nan nan nan nan nan nan nan nan nan nan nan nan
          nan nan nan nan nan nan nan nan nan nan nan nan nan nan nan nan nan nan nan nan
          nan nan nan nan nan nan nan nan nan nan nan nan nan nan nan nan nan nan nan nan
          nan nan nan nan nan nan nan nan nan nan nan nan nan nan nan nan nan nan nan nan
          nan nan nan nan nan nan nan nan nan nan nan nan nan nan nan nan nan nan nan nan
          nan nan nan nan nan nan nan nan nan nan nan nan nan nan nan nan nan nan nan nan
          nan nan nan nan nan nan nan nan nan nan nan nan nan nan nan nan nan nan nan nan
          nan nan nan nan nan nan nan nan nan nan nan nan nan nan nan nan nan nan nan nan
          nan nan nan nan nan nan nan nan nan nan nan nan nan nan nan nan nan nan nan nan
          nan nan nan nan nan nan nan nan nan nan nan nan nan nan nan nan nan nan nan nan
          nan nan nan nan nan nan nan nan nan nan nan nan nan nan nan nan nan nan nan nan
          nan nan nan nan nan nan nan nan nan nan nan nan nan nan nan nan nan nan nan nan
          nan nan nan nan nan nan nan nan nan nan nan nan nan nan nan nan nan nan nan nan
          nan nan nan nan nan nan nan nan nan nan nan nan nan nan nan nan nan nan nan nan
          nan nan nan nan nan nan nan nan nan nan nan nan nan nan nan nan nan nan nan nan
          nan 87.61987686157227 70.04378509521484 nan nan nan nan nan nan nan nan nan nan nan nan nan nan nan nan nan
          nan nan nan nan nan nan nan nan nan nan nan nan nan nan nan nan nan nan nan nan
          nan nan nan nan nan nan nan nan nan nan nan nan nan nan nan nan nan nan nan nan
          nan nan nan nan nan nan nan nan nan nan nan nan nan nan nan nan nan nan nan nan
          nan nan nan nan 112.71508026123047 nan nan nan nan nan nan nan nan nan nan nan nan nan nan nan
          nan nan nan nan nan nan nan nan nan nan nan nan nan nan nan nan nan nan nan nan
          nan nan nan nan nan nan nan nan nan nan nan nan nan nan nan nan nan nan nan nan
          nan nan nan nan nan nan nan nan nan nan nan nan nan nan nan nan nan nan nan nan
          nan nan nan nan nan nan nan 112.71508026123047 nan nan nan nan nan nan nan nan nan nan nan nan
          nan nan nan nan nan nan nan nan nan nan nan nan nan nan nan nan nan nan nan nan
          nan nan nan nan nan nan nan nan nan nan nan nan nan nan nan nan nan nan nan nan
          nan nan nan nan nan nan nan nan nan nan nan nan nan nan nan nan nan nan nan nan
          nan nan nan nan nan nan nan nan nan nan 112.71508026123047 nan nan nan nan nan nan nan nan nan
          nan nan nan nan nan nan nan nan nan nan nan nan nan nan nan nan nan nan nan nan
          nan nan nan nan nan nan nan nan nan nan nan nan nan nan nan nan nan nan nan nan
          nan nan nan nan nan nan nan nan nan nan nan nan nan nan nan nan nan nan nan nan
          nan nan nan nan nan nan nan nan nan nan nan nan nan 127.53239631652832 nan nan nan nan nan nan
          nan nan nan nan nan nan nan nan nan nan nan nan nan nan nan nan nan nan nan nan
          nan nan nan nan nan nan nan nan nan nan nan nan nan nan nan nan nan nan nan nan
          nan nan nan nan nan nan nan nan nan nan nan nan nan nan nan nan nan nan nan nan
          nan nan nan nan nan nan nan nan nan nan nan nan nan nan nan nan 127.53239631652832 nan nan nan
          nan nan nan nan nan nan nan nan nan nan nan nan nan nan nan nan nan nan nan nan
          nan nan nan nan nan nan nan nan nan nan nan nan nan nan nan nan nan nan nan nan
          nan nan nan nan nan nan nan nan nan nan nan nan nan nan nan nan nan nan nan nan
          nan nan nan nan nan nan nan nan nan nan nan nan nan nan nan nan nan nan nan 135.4497561454773
          nan nan nan nan nan nan nan nan nan nan nan nan nan nan nan nan nan nan nan nan
          nan nan nan nan nan nan nan nan nan nan nan nan nan nan nan nan nan nan nan nan
          nan nan nan nan nan nan nan nan nan nan nan nan nan nan nan nan nan nan nan nan
          nan nan nan nan nan nan nan nan nan nan nan nan nan nan nan nan nan nan nan nan
          nan nan 154.56171560287476 nan nan nan nan nan nan nan nan nan nan nan nan nan nan nan nan nan
          nan nan nan nan nan nan nan nan nan nan nan nan nan nan nan nan nan nan nan nan
          nan nan nan nan nan nan nan nan nan nan nan nan nan nan nan nan nan nan nan nan
          nan nan nan nan nan nan nan nan nan nan nan nan nan nan nan nan nan nan nan nan
          nan nan nan nan nan 176.50721502304077 nan nan nan nan nan nan nan nan nan nan nan nan nan nan
          nan nan nan nan nan nan nan nan nan nan nan nan nan nan nan nan nan nan nan nan
          nan nan nan nan nan nan nan nan nan nan nan nan nan nan nan nan nan nan nan nan
          nan nan nan nan nan nan nan nan nan nan nan nan nan nan nan nan nan nan nan nan
          nan nan nan nan nan nan nan nan 176.8064804673195 nan nan nan nan nan nan nan nan nan nan nan
          nan nan nan nan nan nan nan nan nan nan nan nan nan nan nan nan nan nan nan nan
          nan nan nan nan nan nan nan nan nan nan nan nan nan nan nan nan nan nan nan nan
          nan nan nan nan nan nan nan nan nan nan nan nan nan nan nan nan nan nan nan nan
          nan nan nan nan nan nan nan nan nan nan nan 194.88828855752945 nan nan nan nan nan nan nan nan
          nan nan nan nan nan nan nan nan nan nan nan nan nan nan nan nan nan nan nan nan
          nan nan nan nan nan nan nan nan nan nan nan nan nan nan nan nan nan nan nan nan
          nan nan nan nan nan nan nan nan nan nan nan nan nan nan nan nan nan nan nan nan
          nan nan nan nan nan nan nan nan nan nan nan nan nan nan 199.31920915842056 nan nan nan nan nan
          nan nan nan nan nan nan nan nan nan nan nan nan nan nan nan nan nan nan nan nan
          nan nan nan nan nan nan nan nan nan nan nan nan nan nan nan nan nan nan nan nan
          nan nan nan nan nan nan nan nan nan nan nan nan nan nan nan nan nan nan nan nan
          nan nan nan nan nan nan nan nan nan nan nan nan nan nan nan nan nan 2.7898108959198 210.78309732675552 nan
          nan nan nan nan nan nan nan nan nan nan nan nan nan nan nan nan nan nan nan nan
          nan nan nan nan nan nan nan nan nan nan nan nan nan nan nan nan nan nan nan nan
          nan nan nan nan nan nan nan nan nan nan nan nan nan nan nan nan nan nan nan nan
          nan nan nan nan nan nan nan nan nan nan nan nan nan nan nan nan nan nan nan nan
          12.639801979064941 240.18692189455032 nan nan nan nan nan nan nan nan nan nan nan nan nan nan nan nan nan nan
          nan nan nan nan nan nan nan nan nan nan nan nan nan nan nan nan nan nan nan nan
          nan nan nan nan nan nan nan nan nan nan nan nan nan nan nan nan nan nan nan nan
          nan nan nan nan nan nan nan nan nan nan nan nan nan nan nan nan nan nan nan nan
          nan nan nan nan nan 252.82672387361526 nan nan nan nan nan nan nan nan nan nan nan nan nan nan
          nan nan nan nan nan nan nan nan nan nan nan nan nan nan nan nan nan nan nan nan
          nan nan nan nan nan nan nan nan nan nan nan nan nan nan nan nan nan nan nan nan
          nan nan nan nan nan nan nan nan nan nan nan nan nan nan nan nan nan nan nan nan
          nan nan nan nan nan nan nan 5.3631486892700195 252.82672387361526 nan nan nan nan nan nan nan nan nan nan nan
          nan nan nan nan nan nan nan nan nan nan nan nan nan nan nan nan nan nan nan nan
          nan nan nan nan nan nan nan nan nan nan nan nan nan nan nan nan nan nan nan nan
          nan nan nan nan nan nan nan nan nan nan nan nan nan nan nan nan nan nan nan nan
          nan nan nan nan nan nan nan nan nan nan nan 9.03965973854065 252.82672387361526 nan nan nan nan nan nan nan
          nan nan nan nan nan nan nan nan nan nan nan nan nan nan nan nan nan nan nan nan
          nan nan nan nan nan nan nan nan nan nan nan nan nan nan nan nan nan nan nan nan
          nan nan nan nan nan nan nan nan nan nan nan nan nan nan nan nan nan nan nan nan
          nan nan nan nan nan nan nan nan nan nan nan nan nan nan nan 301.2050753235817 nan nan nan nan
          nan nan nan nan nan nan nan nan nan nan nan nan nan nan nan nan nan nan nan nan
          nan nan nan nan nan nan nan nan nan nan nan nan nan nan nan nan nan nan nan nan
          nan nan nan nan nan nan nan nan nan nan nan nan nan nan nan nan nan nan nan nan
          nan nan nan nan nan nan nan nan nan nan nan nan nan nan nan nan nan nan 307.87029749155045 nan
          nan nan nan nan nan nan nan nan nan nan nan nan nan nan nan nan nan nan nan nan
          nan nan nan nan nan nan nan nan nan nan nan nan nan nan nan nan nan nan nan nan
          nan nan nan nan nan nan nan nan nan nan nan nan nan nan nan nan nan nan nan nan
          nan nan nan nan nan nan nan nan nan nan nan nan nan nan nan nan nan nan nan nan
          nan nan 321.5810642838478 nan nan nan nan nan nan nan nan nan nan nan nan nan nan nan nan nan
          nan nan nan nan nan nan nan nan nan nan nan nan nan nan nan nan nan nan nan nan
          nan nan nan nan nan nan nan nan nan nan nan nan nan nan nan nan nan nan nan nan
          nan nan nan nan nan nan nan nan nan nan nan nan nan nan nan nan nan nan nan nan
          nan nan nan nan nan 336.6879282593727 nan nan nan nan nan nan nan nan nan nan nan nan nan nan
          nan nan nan nan nan nan nan nan nan nan nan nan nan nan nan nan nan nan nan nan
          nan nan nan nan nan nan nan nan nan nan nan nan nan nan nan nan nan nan nan nan
          nan nan nan nan nan nan nan nan nan nan nan nan nan nan nan nan nan nan nan nan
          nan nan nan nan nan nan nan nan nan nan 336.6879282593727 nan nan nan nan nan nan nan nan nan
          nan nan nan nan nan nan nan nan nan nan nan nan nan nan nan nan nan nan nan nan
          nan nan nan nan nan nan nan nan nan nan nan nan nan nan nan nan nan nan nan nan
          nan nan nan nan nan nan nan nan nan nan nan nan nan nan nan nan nan nan nan nan
          nan nan nan nan nan nan nan nan nan nan nan nan nan nan 354.18371111154556 28.781503677368164 nan nan nan nan
          nan nan nan nan nan nan nan nan nan nan nan nan nan nan nan nan nan nan nan nan
          nan nan nan nan nan nan nan nan nan nan nan nan nan nan nan nan nan nan nan nan
          nan nan nan nan nan nan nan nan nan nan nan nan nan nan nan nan nan nan nan nan
          nan nan nan nan nan nan nan nan nan nan nan nan nan nan nan nan nan nan 430.6436167359352 nan
          nan nan nan nan nan nan nan nan nan nan nan nan nan nan nan nan nan nan nan nan
          nan nan nan nan nan nan nan nan nan nan nan nan nan nan nan nan nan nan nan nan
          nan nan nan nan nan nan nan nan nan nan nan nan nan nan nan nan nan nan nan nan
          nan nan nan nan nan nan nan nan nan nan nan nan nan nan nan nan nan nan nan nan
          nan nan 475.1317453980446 nan nan nan nan nan nan nan nan nan nan nan nan nan nan nan nan nan
          nan nan nan nan nan nan nan nan nan nan nan nan nan nan nan nan nan nan nan nan
          nan nan nan nan nan nan nan nan nan nan nan nan nan nan nan nan nan nan nan nan
          nan nan nan nan nan nan nan nan nan nan nan nan nan nan nan nan nan nan nan nan
          nan nan nan nan nan nan 502.1862402558327 nan nan nan nan nan nan nan nan nan nan nan nan nan
          nan nan nan nan nan nan nan nan nan nan nan nan nan nan nan nan nan nan nan nan
          nan nan nan nan nan nan nan nan nan nan nan nan nan nan nan nan nan nan nan nan
          nan nan nan nan nan nan nan nan nan nan nan nan nan nan nan nan nan nan nan nan
          nan nan nan nan nan nan nan nan nan 529.3397837281227 nan nan nan nan nan nan nan nan nan nan
          nan nan nan nan nan nan nan nan nan nan nan nan nan nan nan nan nan nan nan nan
          nan nan nan nan nan nan nan nan nan nan nan nan nan nan nan nan nan nan nan nan
          nan nan nan nan nan nan nan nan nan nan nan nan nan nan nan nan nan nan nan nan
          nan nan nan nan nan nan nan nan nan nan nan nan nan 562.4281626343727 nan nan nan nan nan nan
          nan nan nan nan nan nan nan nan nan nan nan nan nan nan nan nan nan nan nan nan
          nan nan nan nan nan nan nan nan nan nan nan nan nan nan nan nan nan nan nan nan
          nan nan nan nan nan nan nan nan nan nan nan nan nan nan nan nan nan nan nan nan
          nan nan nan nan nan nan nan nan nan nan nan nan nan nan nan nan nan 576.2212477326393 nan nan
          nan nan nan nan nan nan nan nan nan nan nan nan nan nan nan nan nan nan nan nan
          nan nan nan nan nan nan nan nan nan nan nan nan nan nan nan nan nan nan nan nan
          nan nan nan nan nan nan nan nan nan nan nan nan nan nan nan nan nan nan nan nan
          nan nan nan nan nan nan nan nan nan nan nan 19.051746368408203 35.7231388092041 nan nan nan nan nan nan nan
          620.965426504612 nan nan nan nan nan nan nan nan nan nan nan nan nan nan nan nan nan nan nan
          nan nan nan nan nan nan nan nan nan nan nan nan nan nan nan nan nan nan nan nan
          nan nan nan nan nan nan nan nan nan nan nan nan nan nan nan nan nan nan nan nan
          nan nan nan nan nan nan nan nan nan nan nan nan nan nan nan nan nan 49.005577087402344 83.76813125610352 nan
          nan nan nan 31.225149154663086 697.3778238892555 nan nan nan nan nan nan nan nan nan nan nan nan nan nan nan
          nan nan nan nan nan nan nan nan nan nan nan nan nan nan nan nan nan nan nan nan
          nan nan nan nan nan nan nan nan nan nan nan nan nan nan nan nan nan nan nan nan
          nan nan nan nan nan nan nan 
        </DataArray>
      </CellData>
      <Points>
        <DataArray type="Float64" Name="Points" NumberOfComponents="3" format="ascii">
          264987.50 6785762.50 116.26 265012.50 6785762.50 116.26 265037.50 6785762.50 116.26 265062.50 6785762.50 116.25 265087.50 6785762.50 116.24 
          265112.50 6785762.50 116.23 265137.50 6785762.50 116.21 265162.50 6785762.50 116.19 265187.50 6785762.50 116.16 
          265212.50 6785762.50 116.14 265237.50 6785762.50 116.11 265262.50 6785762.50 116.07 265287.50 6785762.50 116.04 
          265312.50 6785762.50 116.00 265337.50 6785762.50 115.96 265362.50 6785762.50 115.92 265387.50 6785762.50 115.87 
          265412.50 6785762.50 115.82 265437.50 6785762.50 115.77 265462.50 6785762.50 115.72 265487.50 6785762.50 115.67 
          265512.50 6785762.50 115.62 265537.50 6785762.50 115.56 265562.50 6785762.50 115.50 265587.50 6785762.50 115.45 
          265612.50 6785762.50 115.39 265637.50 6785762.50 115.32 265662.50 6785762.50 115.25 265687.50 6785762.50 115.17 
          265712.50 6785762.50 115.09 265737.50 6785762.50 114.99 265762.50 6785762.50 114.90 265787.50 6785762.50 114.80 
          265812.50 6785762.50 114.70 265837.50 6785762.50 114.59 265862.50 6785762.50 114.48 265887.50 6785762.50 114.36 
          265912.50 6785762.50 114.24 265937.50 6785762.50 114.12 265962.50 6785762.50 113.98 265987.50 6785762.50 113.85 
          266012.50 6785762.50 113.71 266037.50 6785762.50 113.56 266062.50 6785762.50 113.41 266087.50 6785762.50 113.26 
          266112.50 6785762.50 113.10 266137.50 6785762.50 112.94 266162.50 6785762.50 112.78 266187.50 6785762.50 112.60 
          266212.50 6785762.50 112.43 266237.50 6785762.50 112.25 266262.50 6785762.50 112.06 266287.50 6785762.50 111.87 
          266312.50 6785762.50 111.67 266337.50 6785762.50 111.48 266362.50 6785762.50 111.28 266387.50 6785762.50 111.08 
          266412.50 6785762.50 110.88 266437.50 6785762.50 110.69 266462.50 6785762.50 110.48 266487.50 6785762.50 110.28 
          266512.50 6785762.50 110.07 266537.50 6785762.50 109.86 266562.50 6785762.50 109.64 266587.50 6785762.50 109.41 
          266612.50 6785762.50 109.18 266637.50 6785762.50 108.94 266662.50 6785762.50 108.71 266687.50 6785762.50 108.45 
          266712.50 6785762.50 108.18 266737.50 6785762.50 107.91 266762.50 6785762.50 107.62 266787.50 6785762.50 107.32 
          266812.50 6785762.50 107.00 266837.50 6785762.50 106.63 266862.50 6785762.50 106.22 266887.50 6785762.50 105.80 
          266912.50 6785762.50 105.41 266937.50 6785762.50 105.08 266962.50 6785762.50 104.80 266987.50 6785762.50 104.60 
          267012.50 6785762.50 104.41 267037.50 6785762.50 104.71 267062.50 6785762.50 104.81 267087.50 6785762.50 104.81 
          264987.50 6785737.50 116.26 265012.50 6785737.50 116.25 265037.50 6785737.50 116.25 265062.50 6785737.50 116.24 
          265087.50 6785737.50 116.23 265112.50 6785737.50 116.22 265137.50 6785737.50 116.20 265162.50 6785737.50 116.18 
          265187.50 6785737.50 116.15 265212.50 6785737.50 116.13 265237.50 6785737.50 116.10 265262.50 6785737.50 116.06 
          265287.50 6785737.50 116.03 265312.50 6785737.50 115.99 265337.50 6785737.50 115.95 265362.50 6785737.50 115.91 
          265387.50 6785737.50 115.86 265412.50 6785737.50 115.81 265437.50 6785737.50 115.77 265462.50 6785737.50 115.71 
          265487.50 6785737.50 115.66 265512.50 6785737.50 115.61 265537.50 6785737.50 115.55 265562.50 6785737.50 115.50 
          265587.50 6785737.50 115.44 265612.50 6785737.50 115.38 265637.50 6785737.50 115.31 265662.50 6785737.50 115.24 
          265687.50 6785737.50 115.16 265712.50 6785737.50 115.08 265737.50 6785737.50 114.99 265762.50 6785737.50 114.89 
          265787.50 6785737.50 114.79 265812.50 6785737.50 114.69 265837.50 6785737.50 114.58 265862.50 6785737.50 114.47 
          265887.50 6785737.50 114.35 265912.50 6785737.50 114.23 265937.50 6785737.50 114.11 265962.50 6785737.50 113.98 
          265987.50 6785737.50 113.84 266012.50 6785737.50 113.70 266037.50 6785737.50 113.56 266062.50 6785737.50 113.41 
          266087.50 6785737.50 113.25 266112.50 6785737.50 113.10 266137.50 6785737.50 112.94 266162.50 6785737.50 112.77 
          266187.50 6785737.50 112.60 266212.50 6785737.50 112.42 266237.50 6785737.50 112.24 266262.50 6785737.50 112.06 
          266287.50 6785737.50 111.87 266312.50 6785737.50 111.67 266337.50 6785737.50 111.48 266362.50 6785737.50 111.28 
          266387.50 6785737.50 111.08 266412.50 6785737.50 110.89 266437.50 6785737.50 110.69 266462.50 6785737.50 110.49 
          266487.50 6785737.50 110.28 266512.50 6785737.50 110.08 266537.50 6785737.50 109.86 266562.50 6785737.50 109.64 
          266587.50 6785737.50 109.42 266612.50 6785737.50 109.19 266637.50 6785737.50 108.96 266662.50 6785737.50 108.72 
          266687.50 6785737.50 108.47 266712.50 6785737.50 108.20 266737.50 6785737.50 107.92 266762.50 6785737.50 107.64 
          266787.50 6785737.50 107.34 266812.50 6785737.50 107.01 266837.50 6785737.50 106.65 266862.50 6785737.50 106.24 
          266887.50 6785737.50 105.79 266912.50 6785737.50 105.36 266937.50 6785737.50 105.02 266962.50 6785737.50 104.73 
          266987.50 6785737.50 104.42 267012.50 6785737.50 104.70 267037.50 6785737.50 104.84 267062.50 6785737.50 104.91 
          267087.50 6785737.50 104.91 264987.50 6785712.50 116.24 265012.50 6785712.50 116.23 265037.50 6785712.50 116.23 
          265062.50 6785712.50 116.22 265087.50 6785712.50 116.21 265112.50 6785712.50 116.20 265137.50 6785712.50 116.18 
          265162.50 6785712.50 116.16 265187.50 6785712.50 116.13 265212.50 6785712.50 116.11 265237.50 6785712.50 116.08 
          265262.50 6785712.50 116.04 265287.50 6785712.50 116.01 265312.50 6785712.50 115.97 265337.50 6785712.50 115.93 
          265362.50 6785712.50 115.89 265387.50 6785712.50 115.84 265412.50 6785712.50 115.80 265437.50 6785712.50 115.75 
          265462.50 6785712.50 115.70 265487.50 6785712.50 115.65 265512.50 6785712.50 115.59 265537.50 6785712.50 115.54 
          265562.50 6785712.50 115.48 265587.50 6785712.50 115.43 265612.50 6785712.50 115.36 265637.50 6785712.50 115.30 
          265662.50 6785712.50 115.22 265687.50 6785712.50 115.14 265712.50 6785712.50 115.06 265737.50 6785712.50 114.97 
          265762.50 6785712.50 114.88 265787.50 6785712.50 114.78 265812.50 6785712.50 114.67 265837.50 6785712.50 114.57 
          265862.50 6785712.50 114.45 265887.50 6785712.50 114.34 265912.50 6785712.50 114.22 265937.50 6785712.50 114.09 
          265962.50 6785712.50 113.96 265987.50 6785712.50 113.83 266012.50 6785712.50 113.69 266037.50 6785712.50 113.54 
          266062.50 6785712.50 113.39 266087.50 6785712.50 113.24 266112.50 6785712.50 113.09 266137.50 6785712.50 112.93 
          266162.50 6785712.50 112.76 266187.50 6785712.50 112.59 266212.50 6785712.50 112.42 266237.50 6785712.50 112.24 
          266262.50 6785712.50 112.05 266287.50 6785712.50 111.86 266312.50 6785712.50 111.67 266337.50 6785712.50 111.48 
          266362.50 6785712.50 111.28 266387.50 6785712.50 111.09 266412.50 6785712.50 110.89 266437.50 6785712.50 110.69 
          266462.50 6785712.50 110.49 266487.50 6785712.50 110.29 266512.50 6785712.50 110.09 266537.50 6785712.50 109.88 
          266562.50 6785712.50 109.66 266587.50 6785712.50 109.44 266612.50 6785712.50 109.21 266637.50 6785712.50 108.98 
          266662.50 6785712.50 108.74 266687.50 6785712.50 108.50 266712.50 6785712.50 108.24 266737.50 6785712.50 107.97 
          266762.50 6785712.50 107.69 266787.50 6785712.50 107.39 266812.50 6785712.50 107.06 266837.50 6785712.50 106.69 
          266862.50 6785712.50 106.27 266887.50 6785712.50 105.76 266912.50 6785712.50 105.23 266937.50 6785712.50 104.90 
          266962.50 6785712.50 104.52 266987.50 6785712.50 104.82 267012.50 6785712.50 104.95 267037.50 6785712.50 105.04 
          267062.50 6785712.50 105.09 267087.50 6785712.50 105.09 264987.50 6785687.50 116.21 265012.50 6785687.50 116.21 
          265037.50 6785687.50 116.20 265062.50 6785687.50 116.19 265087.50 6785687.50 116.18 265112.50 6785687.50 116.16 
          265137.50 6785687.50 116.15 265162.50 6785687.50 116.13 265187.50 6785687.50 116.10 265212.50 6785687.50 116.07 
          265237.50 6785687.50 116.04 265262.50 6785687.50 116.01 265287.50 6785687.50 115.97 265312.50 6785687.50 115.94 
          265337.50 6785687.50 115.90 265362.50 6785687.50 115.85 265387.50 6785687.50 115.81 265412.50 6785687.50 115.77 
          265437.50 6785687.50 115.72 265462.50 6785687.50 115.67 265487.50 6785687.50 115.62 265512.50 6785687.50 115.57 
          265537.50 6785687.50 115.52 265562.50 6785687.50 115.46 265587.50 6785687.50 115.40 265612.50 6785687.50 115.34 
          265637.50 6785687.50 115.27 265662.50 6785687.50 115.20 265687.50 6785687.50 115.12 265712.50 6785687.50 115.03 
          265737.50 6785687.50 114.95 265762.50 6785687.50 114.85 265787.50 6785687.50 114.75 265812.50 6785687.50 114.65 
          265837.50 6785687.50 114.54 265862.50 6785687.50 114.43 265887.50 6785687.50 114.31 265912.50 6785687.50 114.19 
          265937.50 6785687.50 114.07 265962.50 6785687.50 113.94 265987.50 6785687.50 113.80 266012.50 6785687.50 113.67 
          266037.50 6785687.50 113.52 266062.50 6785687.50 113.38 266087.50 6785687.50 113.23 266112.50 6785687.50 113.07 
          266137.50 6785687.50 112.92 266162.50 6785687.50 112.75 266187.50 6785687.50 112.58 266212.50 6785687.50 112.41 
          266237.50 6785687.50 112.23 266262.50 6785687.50 112.04 266287.50 6785687.50 111.85 266312.50 6785687.50 111.66 
          266337.50 6785687.50 111.47 266362.50 6785687.50 111.28 266387.50 6785687.50 111.09 266412.50 6785687.50 110.90 
          266437.50 6785687.50 110.70 266462.50 6785687.50 110.51 266487.50 6785687.50 110.30 266512.50 6785687.50 110.10 
          266537.50 6785687.50 109.89 266562.50 6785687.50 109.68 266587.50 6785687.50 109.46 266612.50 6785687.50 109.24 
          266637.50 6785687.50 109.02 266662.50 6785687.50 108.78 266687.50 6785687.50 108.54 266712.50 6785687.50 108.29 
          266737.50 6785687.50 108.03 266762.50 6785687.50 107.76 266787.50 6785687.50 107.46 266812.50 6785687.50 107.15 
          266837.50 6785687.50 106.78 266862.50 6785687.50 106.35 266887.50 6785687.50 105.77 266912.50 6785687.50 104.54 
          266937.50 6785687.50 104.81 266962.50 6785687.50 105.07 266987.50 6785687.50 105.17 267012.50 6785687.50 105.24 
          267037.50 6785687.50 105.29 267062.50 6785687.50 105.32 267087.50 6785687.50 105.32 264987.50 6785662.50 116.17 
          265012.50 6785662.50 116.16 265037.50 6785662.50 116.16 265062.50 6785662.50 116.15 265087.50 6785662.50 116.14 
          265112.50 6785662.50 116.12 265137.50 6785662.50 116.10 265162.50 6785662.50 116.08 265187.50 6785662.50 116.06 
          265212.50 6785662.50 116.03 265237.50 6785662.50 116.00 265262.50 6785662.50 115.97 265287.50 6785662.50 115.93 
          265312.50 6785662.50 115.89 265337.50 6785662.50 115.85 265362.50 6785662.50 115.81 265387.50 6785662.50 115.77 
          265412.50 6785662.50 115.73 265437.50 6785662.50 115.68 265462.50 6785662.50 115.63 265487.50 6785662.50 115.58 
          265512.50 6785662.50 115.53 265537.50 6785662.50 115.48 265562.50 6785662.50 115.43 265587.50 6785662.50 115.37 
          265612.50 6785662.50 115.30 265637.50 6785662.50 115.24 265662.50 6785662.50 115.16 265687.50 6785662.50 115.09 
          265712.50 6785662.50 115.00 265737.50 6785662.50 114.91 265762.50 6785662.50 114.82 265787.50 6785662.50 114.72 
          265812.50 6785662.50 114.62 265837.50 6785662.50 114.51 265862.50 6785662.50 114.40 265887.50 6785662.50 114.28 
          265912.50 6785662.50 114.16 265937.50 6785662.50 114.04 265962.50 6785662.50 113.91 265987.50 6785662.50 113.78 
          266012.50 6785662.50 113.64 266037.50 6785662.50 113.50 266062.50 6785662.50 113.35 266087.50 6785662.50 113.21 
          266112.50 6785662.50 113.05 266137.50 6785662.50 112.90 266162.50 6785662.50 112.74 266187.50 6785662.50 112.57 
          266212.50 6785662.50 112.40 266237.50 6785662.50 112.22 266262.50 6785662.50 112.03 266287.50 6785662.50 111.85 
          266312.50 6785662.50 111.66 266337.50 6785662.50 111.47 266362.50 6785662.50 111.29 266387.50 6785662.50 111.10 
          266412.50 6785662.50 110.91 266437.50 6785662.50 110.71 266462.50 6785662.50 110.52 266487.50 6785662.50 110.32 
          266512.50 6785662.50 110.12 266537.50 6785662.50 109.92 266562.50 6785662.50 109.71 266587.50 6785662.50 109.50 
          266612.50 6785662.50 109.28 266637.50 6785662.50 109.06 266662.50 6785662.50 108.84 266687.50 6785662.50 108.60 
          266712.50 6785662.50 108.37 266737.50 6785662.50 108.11 266762.50 6785662.50 107.84 266787.50 6785662.50 107.56 
          266812.50 6785662.50 107.27 266837.50 6785662.50 106.95 266862.50 6785662.50 106.56 266887.50 6785662.50 106.12 
          266912.50 6785662.50 105.64 266937.50 6785662.50 105.54 266962.50 6785662.50 105.53 266987.50 6785662.50 105.54 
          267012.50 6785662.50 105.57 267037.50 6785662.50 105.59 267062.50 6785662.50 105.60 267087.50 6785662.50 105.60 
          264987.50 6785637.50 116.11 265012.50 6785637.50 116.11 265037.50 6785637.50 116.10 265062.50 6785637.50 116.09 
          265087.50 6785637.50 116.08 265112.50 6785637.50 116.07 265137.50 6785637.50 116.05 265162.50 6785637.50 116.03 
          265187.50 6785637.50 116.00 265212.50 6785637.50 115.97 265237.50 6785637.50 115.94 265262.50 6785637.50 115.91 
          265287.50 6785637.50 115.88 265312.50 6785637.50 115.84 265337.50 6785637.50 115.80 265362.50 6785637.50 115.76 
          265387.50 6785637.50 115.72 265412.50 6785637.50 115.68 265437.50 6785637.50 115.63 265462.50 6785637.50 115.59 
          265487.50 6785637.50 115.54 265512.50 6785637.50 115.49 265537.50 6785637.50 115.44 265562.50 6785637.50 115.38 
          265587.50 6785637.50 115.32 265612.50 6785637.50 115.26 265637.50 6785637.50 115.19 265662.50 6785637.50 115.12 
          265687.50 6785637.50 115.04 265712.50 6785637.50 114.96 265737.50 6785637.50 114.87 265762.50 6785637.50 114.78 
          265787.50 6785637.50 114.68 265812.50 6785637.50 114.58 265837.50 6785637.50 114.47 265862.50 6785637.50 114.36 
          265887.50 6785637.50 114.24 265912.50 6785637.50 114.12 265937.50 6785637.50 114.00 265962.50 6785637.50 113.87 
          265987.50 6785637.50 113.74 266012.50 6785637.50 113.61 266037.50 6785637.50 113.47 266062.50 6785637.50 113.33 
          266087.50 6785637.50 113.18 266112.50 6785637.50 113.03 266137.50 6785637.50 112.88 266162.50 6785637.50 112.72 
          266187.50 6785637.50 112.56 266212.50 6785637.50 112.39 266237.50 6785637.50 112.21 266262.50 6785637.50 112.03 
          266287.50 6785637.50 111.85 266312.50 6785637.50 111.66 266337.50 6785637.50 111.48 266362.50 6785637.50 111.29 
          266387.50 6785637.50 111.10 266412.50 6785637.50 110.92 266437.50 6785637.50 110.73 266462.50 6785637.50 110.54 
          266487.50 6785637.50 110.34 266512.50 6785637.50 110.15 266537.50 6785637.50 109.95 266562.50 6785637.50 109.74 
          266587.50 6785637.50 109.54 266612.50 6785637.50 109.33 266637.50 6785637.50 109.12 266662.50 6785637.50 108.90 
          266687.50 6785637.50 108.67 266712.50 6785637.50 108.45 266737.50 6785637.50 108.21 266762.50 6785637.50 107.95 
          266787.50 6785637.50 107.69 266812.50 6785637.50 107.42 266837.50 6785637.50 107.12 266862.50 6785637.50 106.82 
          266887.50 6785637.50 106.49 266912.50 6785637.50 106.20 266937.50 6785637.50 106.05 266962.50 6785637.50 105.96 
          266987.50 6785637.50 105.93 267012.50 6785637.50 105.91 267037.50 6785637.50 105.91 267062.50 6785637.50 105.91 
          267087.50 6785637.50 105.91 264987.50 6785612.50 116.05 265012.50 6785612.50 116.05 265037.50 6785612.50 116.04 
          265062.50 6785612.50 116.03 265087.50 6785612.50 116.02 265112.50 6785612.50 116.00 265137.50 6785612.50 115.98 
          265162.50 6785612.50 115.96 265187.50 6785612.50 115.93 265212.50 6785612.50 115.90 265237.50 6785612.50 115.87 
          265262.50 6785612.50 115.84 265287.50 6785612.50 115.81 265312.50 6785612.50 115.77 265337.50 6785612.50 115.74 
          265362.50 6785612.50 115.70 265387.50 6785612.50 115.66 265412.50 6785612.50 115.62 265437.50 6785612.50 115.57 
          265462.50 6785612.50 115.53 265487.50 6785612.50 115.48 265512.50 6785612.50 115.43 265537.50 6785612.50 115.38 
          265562.50 6785612.50 115.33 265587.50 6785612.50 115.27 265612.50 6785612.50 115.20 265637.50 6785612.50 115.14 
          265662.50 6785612.50 115.07 265687.50 6785612.50 114.99 265712.50 6785612.50 114.91 265737.50 6785612.50 114.82 
          265762.50 6785612.50 114.73 265787.50 6785612.50 114.63 265812.50 6785612.50 114.53 265837.50 6785612.50 114.42 
          265862.50 6785612.50 114.31 265887.50 6785612.50 114.19 265912.50 6785612.50 114.08 265937.50 6785612.50 113.95 
          265962.50 6785612.50 113.83 265987.50 6785612.50 113.70 266012.50 6785612.50 113.57 266037.50 6785612.50 113.43 
          266062.50 6785612.50 113.29 266087.50 6785612.50 113.15 266112.50 6785612.50 113.00 266137.50 6785612.50 112.85 
          266162.50 6785612.50 112.70 266187.50 6785612.50 112.54 266212.50 6785612.50 112.37 266237.50 6785612.50 112.20 
          266262.50 6785612.50 112.02 266287.50 6785612.50 111.84 266312.50 6785612.50 111.66 266337.50 6785612.50 111.48 
          266362.50 6785612.50 111.30 266387.50 6785612.50 111.12 266412.50 6785612.50 110.93 266437.50 6785612.50 110.75 
          266462.50 6785612.50 110.56 266487.50 6785612.50 110.37 266512.50 6785612.50 110.18 266537.50 6785612.50 109.99 
          266562.50 6785612.50 109.79 266587.50 6785612.50 109.59 266612.50 6785612.50 109.38 266637.50 6785612.50 109.18 
          266662.50 6785612.50 108.97 266687.50 6785612.50 108.75 266712.50 6785612.50 108.54 266737.50 6785612.50 108.31 
          266762.50 6785612.50 108.08 266787.50 6785612.50 107.85 266812.50 6785612.50 107.59 266837.50 6785612.50 107.33 
          266862.50 6785612.50 107.08 266887.50 6785612.50 106.83 266912.50 6785612.50 106.61 266937.50 6785612.50 106.46 
          266962.50 6785612.50 106.37 266987.50 6785612.50 106.30 267012.50 6785612.50 106.26 267037.50 6785612.50 106.24 
          267062.50 6785612.50 106.23 267087.50 6785612.50 106.23 264987.50 6785587.50 115.97 265012.50 6785587.50 115.97 
          265037.50 6785587.50 115.96 265062.50 6785587.50 115.95 265087.50 6785587.50 115.94 265112.50 6785587.50 115.92 
          265137.50 6785587.50 115.90 265162.50 6785587.50 115.88 265187.50 6785587.50 115.85 265212.50 6785587.50 115.82 
          265237.50 6785587.50 115.79 265262.50 6785587.50 115.76 265287.50 6785587.50 115.73 265312.50 6785587.50 115.70 
          265337.50 6785587.50 115.66 265362.50 6785587.50 115.62 265387.50 6785587.50 115.58 265412.50 6785587.50 115.54 
          265437.50 6785587.50 115.50 265462.50 6785587.50 115.46 265487.50 6785587.50 115.41 265512.50 6785587.50 115.37 
          265537.50 6785587.50 115.32 265562.50 6785587.50 115.26 265587.50 6785587.50 115.20 265612.50 6785587.50 115.14 
          265637.50 6785587.50 115.08 265662.50 6785587.50 115.01 265687.50 6785587.50 114.93 265712.50 6785587.50 114.85 
          265737.50 6785587.50 114.76 265762.50 6785587.50 114.67 265787.50 6785587.50 114.57 265812.50 6785587.50 114.47 
          265837.50 6785587.50 114.36 265862.50 6785587.50 114.25 265887.50 6785587.50 114.14 265912.50 6785587.50 114.02 
          265937.50 6785587.50 113.90 265962.50 6785587.50 113.78 265987.50 6785587.50 113.65 266012.50 6785587.50 113.52 
          266037.50 6785587.50 113.39 266062.50 6785587.50 113.25 266087.50 6785587.50 113.11 266112.50 6785587.50 112.97 
          266137.50 6785587.50 112.82 266162.50 6785587.50 112.67 266187.50 6785587.50 112.52 266212.50 6785587.50 112.36 
          266237.50 6785587.50 112.19 266262.50 6785587.50 112.02 266287.50 6785587.50 111.84 266312.50 6785587.50 111.67 
          266337.50 6785587.50 111.49 266362.50 6785587.50 111.31 266387.50 6785587.50 111.13 266412.50 6785587.50 110.95 
          266437.50 6785587.50 110.77 266462.50 6785587.50 110.59 266487.50 6785587.50 110.41 266512.50 6785587.50 110.23 
          266537.50 6785587.50 110.04 266562.50 6785587.50 109.84 266587.50 6785587.50 109.65 266612.50 6785587.50 109.45 
          266637.50 6785587.50 109.25 266662.50 6785587.50 109.05 266687.50 6785587.50 108.85 266712.50 6785587.50 108.64 
          266737.50 6785587.50 108.43 266762.50 6785587.50 108.22 266787.50 6785587.50 108.00 266812.50 6785587.50 107.78 
          266837.50 6785587.50 107.56 266862.50 6785587.50 107.33 266887.50 6785587.50 107.12 266912.50 6785587.50 106.95 
          266937.50 6785587.50 106.81 266962.50 6785587.50 106.71 266987.50 6785587.50 106.64 267012.50 6785587.50 106.59 
          267037.50 6785587.50 106.56 267062.50 6785587.50 106.55 267087.50 6785587.50 106.55 264987.50 6785562.50 115.88 
          265012.50 6785562.50 115.88 265037.50 6785562.50 115.87 265062.50 6785562.50 115.86 265087.50 6785562.50 115.84 
          265112.50 6785562.50 115.83 265137.50 6785562.50 115.81 265162.50 6785562.50 115.78 265187.50 6785562.50 115.76 
          265212.50 6785562.50 115.73 265237.50 6785562.50 115.70 265262.50 6785562.50 115.67 265287.50 6785562.50 115.63 
          265312.50 6785562.50 115.60 265337.50 6785562.50 115.57 265362.50 6785562.50 115.53 265387.50 6785562.50 115.50 
          265412.50 6785562.50 115.46 265437.50 6785562.50 115.42 265462.50 6785562.50 115.38 265487.50 6785562.50 115.33 
          265512.50 6785562.50 115.29 265537.50 6785562.50 115.24 265562.50 6785562.50 115.18 265587.50 6785562.50 115.13 
          265612.50 6785562.50 115.07 265637.50 6785562.50 115.00 265662.50 6785562.50 114.94 265687.50 6785562.50 114.86 
          265712.50 6785562.50 114.78 265737.50 6785562.50 114.69 265762.50 6785562.50 114.60 265787.50 6785562.50 114.50 
          265812.50 6785562.50 114.40 265837.50 6785562.50 114.29 265862.50 6785562.50 114.18 265887.50 6785562.50 114.07 
          265912.50 6785562.50 113.96 265937.50 6785562.50 113.84 265962.50 6785562.50 113.72 265987.50 6785562.50 113.59 
          266012.50 6785562.50 113.47 266037.50 6785562.50 113.34 266062.50 6785562.50 113.21 266087.50 6785562.50 113.07 
          266112.50 6785562.50 112.93 266137.50 6785562.50 112.79 266162.50 6785562.50 112.64 266187.50 6785562.50 112.49 
          266212.50 6785562.50 112.34 266237.50 6785562.50 112.17 266262.50 6785562.50 112.01 266287.50 6785562.50 111.84 
          266312.50 6785562.50 111.67 266337.50 6785562.50 111.50 266362.50 6785562.50 111.33 266387.50 6785562.50 111.15 
          266412.50 6785562.50 110.97 266437.50 6785562.50 110.80 266462.50 6785562.50 110.63 266487.50 6785562.50 110.45 
          266512.50 6785562.50 110.28 266537.50 6785562.50 110.09 266562.50 6785562.50 109.91 266587.50 6785562.50 109.72 
          266612.50 6785562.50 109.53 266637.50 6785562.50 109.34 266662.50 6785562.50 109.15 266687.50 6785562.50 108.95 
          266712.50 6785562.50 108.76 266737.50 6785562.50 108.57 266762.50 6785562.50 108.37 266787.50 6785562.50 108.17 
          266812.50 6785562.50 107.97 266837.50 6785562.50 107.78 266862.50 6785562.50 107.60 266887.50 6785562.50 107.41 
          266912.50 6785562.50 107.26 266937.50 6785562.50 107.13 266962.50 6785562.50 107.05 266987.50 6785562.50 106.98 
          267012.50 6785562.50 106.92 267037.50 6785562.50 106.88 267062.50 6785562.50 106.87 267087.50 6785562.50 106.87 
          264987.50 6785537.50 115.78 265012.50 6785537.50 115.77 265037.50 6785537.50 115.76 265062.50 6785537.50 115.75 
          265087.50 6785537.50 115.74 265112.50 6785537.50 115.72 265137.50 6785537.50 115.70 265162.50 6785537.50 115.67 
          265187.50 6785537.50 115.65 265212.50 6785537.50 115.62 265237.50 6785537.50 115.59 265262.50 6785537.50 115.56 
          265287.50 6785537.50 115.53 265312.50 6785537.50 115.50 265337.50 6785537.50 115.46 265362.50 6785537.50 115.43 
          265387.50 6785537.50 115.40 265412.50 6785537.50 115.36 265437.50 6785537.50 115.32 265462.50 6785537.50 115.28 
          265487.50 6785537.50 115.24 265512.50 6785537.50 115.20 265537.50 6785537.50 115.15 265562.50 6785537.50 115.10 
          265587.50 6785537.50 115.04 265612.50 6785537.50 114.98 265637.50 6785537.50 114.92 265662.50 6785537.50 114.85 
          265687.50 6785537.50 114.78 265712.50 6785537.50 114.70 265737.50 6785537.50 114.61 265762.50 6785537.50 114.52 
          265787.50 6785537.50 114.42 265812.50 6785537.50 114.32 265837.50 6785537.50 114.22 265862.50 6785537.50 114.11 
          265887.50 6785537.50 114.00 265912.50 6785537.50 113.89 265937.50 6785537.50 113.77 265962.50 6785537.50 113.66 
          265987.50 6785537.50 113.53 266012.50 6785537.50 113.41 266037.50 6785537.50 113.28 266062.50 6785537.50 113.16 
          266087.50 6785537.50 113.03 266112.50 6785537.50 112.89 266137.50 6785537.50 112.75 266162.50 6785537.50 112.61 
          266187.50 6785537.50 112.46 266212.50 6785537.50 112.31 266237.50 6785537.50 112.16 266262.50 6785537.50 112.00 
          266287.50 6785537.50 111.84 266312.50 6785537.50 111.67 266337.50 6785537.50 111.51 266362.50 6785537.50 111.34 
          266387.50 6785537.50 111.17 266412.50 6785537.50 111.00 266437.50 6785537.50 110.84 266462.50 6785537.50 110.67 
          266487.50 6785537.50 110.50 266512.50 6785537.50 110.33 266537.50 6785537.50 110.15 266562.50 6785537.50 109.97 
          266587.50 6785537.50 109.79 266612.50 6785537.50 109.62 266637.50 6785537.50 109.43 266662.50 6785537.50 109.25 
          266687.50 6785537.50 109.07 266712.50 6785537.50 108.89 266737.50 6785537.50 108.71 266762.50 6785537.50 108.53 
          266787.50 6785537.50 108.36 266812.50 6785537.50 108.18 266837.50 6785537.50 108.00 266862.50 6785537.50 107.84 
          266887.50 6785537.50 107.68 266912.50 6785537.50 107.55 266937.50 6785537.50 107.44 266962.50 6785537.50 107.35 
          266987.50 6785537.50 107.28 267012.50 6785537.50 107.23 267037.50 6785537.50 107.19 267062.50 6785537.50 107.18 
          267087.50 6785537.50 107.18 264987.50 6785512.50 115.66 265012.50 6785512.50 115.65 265037.50 6785512.50 115.64 
          265062.50 6785512.50 115.63 265087.50 6785512.50 115.61 265112.50 6785512.50 115.60 265137.50 6785512.50 115.57 
          265162.50 6785512.50 115.55 265187.50 6785512.50 115.52 265212.50 6785512.50 115.50 265237.50 6785512.50 115.47 
          265262.50 6785512.50 115.44 265287.50 6785512.50 115.41 265312.50 6785512.50 115.38 265337.50 6785512.50 115.35 
          265362.50 6785512.50 115.32 265387.50 6785512.50 115.29 265412.50 6785512.50 115.25 265437.50 6785512.50 115.22 
          265462.50 6785512.50 115.18 265487.50 6785512.50 115.14 265512.50 6785512.50 115.09 265537.50 6785512.50 115.05 
          265562.50 6785512.50 115.00 265587.50 6785512.50 114.94 265612.50 6785512.50 114.89 265637.50 6785512.50 114.82 
          265662.50 6785512.50 114.76 265687.50 6785512.50 114.68 265712.50 6785512.50 114.60 265737.50 6785512.50 114.52 
          265762.50 6785512.50 114.43 265787.50 6785512.50 114.33 265812.50 6785512.50 114.24 265837.50 6785512.50 114.13 
          265862.50 6785512.50 114.03 265887.50 6785512.50 113.92 265912.50 6785512.50 113.81 265937.50 6785512.50 113.70 
          265962.50 6785512.50 113.58 265987.50 6785512.50 113.46 266012.50 6785512.50 113.34 266037.50 6785512.50 113.22 
          266062.50 6785512.50 113.10 266087.50 6785512.50 112.97 266112.50 6785512.50 112.84 266137.50 6785512.50 112.71 
          266162.50 6785512.50 112.57 266187.50 6785512.50 112.43 266212.50 6785512.50 112.29 266237.50 6785512.50 112.14 
          266262.50 6785512.50 111.99 266287.50 6785512.50 111.83 266312.50 6785512.50 111.68 266337.50 6785512.50 111.52 
          266362.50 6785512.50 111.36 266387.50 6785512.50 111.20 266412.50 6785512.50 111.04 266437.50 6785512.50 110.88 
          266462.50 6785512.50 110.71 266487.50 6785512.50 110.55 266512.50 6785512.50 110.39 266537.50 6785512.50 110.22 
          266562.50 6785512.50 110.05 266587.50 6785512.50 109.88 266612.50 6785512.50 109.71 266637.50 6785512.50 109.54 
          266662.50 6785512.50 109.36 266687.50 6785512.50 109.19 266712.50 6785512.50 109.02 266737.50 6785512.50 108.86 
          266762.50 6785512.50 108.69 266787.50 6785512.50 108.54 266812.50 6785512.50 108.38 266837.50 6785512.50 108.23 
          266862.50 6785512.50 108.07 266887.50 6785512.50 107.94 266912.50 6785512.50 107.82 266937.50 6785512.50 107.72 
          266962.50 6785512.50 107.64 266987.50 6785512.50 107.57 267012.50 6785512.50 107.52 267037.50 6785512.50 107.49 
          267062.50 6785512.50 107.48 267087.50 6785512.50 107.48 264987.50 6785487.50 115.52 265012.50 6785487.50 115.52 
          265037.50 6785487.50 115.51 265062.50 6785487.50 115.49 265087.50 6785487.50 115.48 265112.50 6785487.50 115.46 
          265137.50 6785487.50 115.43 265162.50 6785487.50 115.41 265187.50 6785487.50 115.39 265212.50 6785487.50 115.36 
          265237.50 6785487.50 115.33 265262.50 6785487.50 115.31 265287.50 6785487.50 115.28 265312.50 6785487.50 115.25 
          265337.50 6785487.50 115.22 265362.50 6785487.50 115.20 265387.50 6785487.50 115.17 265412.50 6785487.50 115.14 
          265437.50 6785487.50 115.10 265462.50 6785487.50 115.07 265487.50 6785487.50 115.03 265512.50 6785487.50 114.98 
          265537.50 6785487.50 114.94 265562.50 6785487.50 114.89 265587.50 6785487.50 114.83 265612.50 6785487.50 114.78 
          265637.50 6785487.50 114.72 265662.50 6785487.50 114.65 265687.50 6785487.50 114.57 265712.50 6785487.50 114.50 
          265737.50 6785487.50 114.41 265762.50 6785487.50 114.33 265787.50 6785487.50 114.23 265812.50 6785487.50 114.14 
          265837.50 6785487.50 114.04 265862.50 6785487.50 113.93 265887.50 6785487.50 113.83 265912.50 6785487.50 113.72 
          265937.50 6785487.50 113.61 265962.50 6785487.50 113.50 265987.50 6785487.50 113.39 266012.50 6785487.50 113.27 
          266037.50 6785487.50 113.16 266062.50 6785487.50 113.04 266087.50 6785487.50 112.91 266112.50 6785487.50 112.79 
          266137.50 6785487.50 112.66 266162.50 6785487.50 112.53 266187.50 6785487.50 112.40 266212.50 6785487.50 112.26 
          266237.50 6785487.50 112.12 266262.50 6785487.50 111.97 266287.50 6785487.50 111.83 266312.50 6785487.50 111.68 
          266337.50 6785487.50 111.53 266362.50 6785487.50 111.38 266387.50 6785487.50 111.23 266412.50 6785487.50 111.08 
          266437.50 6785487.50 110.92 266462.50 6785487.50 110.76 266487.50 6785487.50 110.61 266512.50 6785487.50 110.45 
          266537.50 6785487.50 110.29 266562.50 6785487.50 110.13 266587.50 6785487.50 109.97 266612.50 6785487.50 109.81 
          266637.50 6785487.50 109.65 266662.50 6785487.50 109.48 266687.50 6785487.50 109.32 266712.50 6785487.50 109.16 
          266737.50 6785487.50 109.01 266762.50 6785487.50 108.86 266787.50 6785487.50 108.72 266812.50 6785487.50 108.58 
          266837.50 6785487.50 108.44 266862.50 6785487.50 108.30 266887.50 6785487.50 108.18 266912.50 6785487.50 108.07 
          266937.50 6785487.50 107.97 266962.50 6785487.50 107.91 266987.50 6785487.50 107.85 267012.50 6785487.50 107.81 
          267037.50 6785487.50 107.78 267062.50 6785487.50 107.76 267087.50 6785487.50 107.76 264987.50 6785462.50 115.36 
          265012.50 6785462.50 115.36 265037.50 6785462.50 115.35 265062.50 6785462.50 115.34 265087.50 6785462.50 115.32 
          265112.50 6785462.50 115.30 265137.50 6785462.50 115.28 265162.50 6785462.50 115.26 265187.50 6785462.50 115.23 
          265212.50 6785462.50 115.21 265237.50 6785462.50 115.18 265262.50 6785462.50 115.16 265287.50 6785462.50 115.14 
          265312.50 6785462.50 115.11 265337.50 6785462.50 115.09 265362.50 6785462.50 115.06 265387.50 6785462.50 115.03 
          265412.50 6785462.50 115.01 265437.50 6785462.50 114.98 265462.50 6785462.50 114.94 265487.50 6785462.50 114.90 
          265512.50 6785462.50 114.86 265537.50 6785462.50 114.82 265562.50 6785462.50 114.77 265587.50 6785462.50 114.72 
          265612.50 6785462.50 114.66 265637.50 6785462.50 114.60 265662.50 6785462.50 114.53 265687.50 6785462.50 114.46 
          265712.50 6785462.50 114.38 265737.50 6785462.50 114.30 265762.50 6785462.50 114.21 265787.50 6785462.50 114.12 
          265812.50 6785462.50 114.03 265837.50 6785462.50 113.93 265862.50 6785462.50 113.84 265887.50 6785462.50 113.73 
          265912.50 6785462.50 113.63 265937.50 6785462.50 113.52 265962.50 6785462.50 113.41 265987.50 6785462.50 113.30 
          266012.50 6785462.50 113.19 266037.50 6785462.50 113.08 266062.50 6785462.50 112.97 266087.50 6785462.50 112.85 
          266112.50 6785462.50 112.73 266137.50 6785462.50 112.61 266162.50 6785462.50 112.48 266187.50 6785462.50 112.36 
          266212.50 6785462.50 112.23 266237.50 6785462.50 112.10 266262.50 6785462.50 111.96 266287.50 6785462.50 111.82 
          266312.50 6785462.50 111.68 266337.50 6785462.50 111.54 266362.50 6785462.50 111.40 266387.50 6785462.50 111.26 
          266412.50 6785462.50 111.12 266437.50 6785462.50 110.97 266462.50 6785462.50 110.82 266487.50 6785462.50 110.67 
          266512.50 6785462.50 110.52 266537.50 6785462.50 110.37 266562.50 6785462.50 110.22 266587.50 6785462.50 110.07 
          266612.50 6785462.50 109.91 266637.50 6785462.50 109.76 266662.50 6785462.50 109.61 266687.50 6785462.50 109.46 
          266712.50 6785462.50 109.31 266737.50 6785462.50 109.16 266762.50 6785462.50 109.03 266787.50 6785462.50 108.90 
          266812.50 6785462.50 108.78 266837.50 6785462.50 108.66 266862.50 6785462.50 108.53 266887.50 6785462.50 108.41 
          266912.50 6785462.50 108.31 266937.50 6785462.50 108.23 266962.50 6785462.50 108.17 266987.50 6785462.50 108.12 
          267012.50 6785462.50 108.08 267037.50 6785462.50 108.06 267062.50 6785462.50 108.04 267087.50 6785462.50 108.04 
          264987.50 6785437.50 115.19 265012.50 6785437.50 115.19 265037.50 6785437.50 115.18 265062.50 6785437.50 115.16 
          265087.50 6785437.50 115.15 265112.50 6785437.50 115.13 265137.50 6785437.50 115.11 265162.50 6785437.50 115.09 
          265187.50 6785437.50 115.07 265212.50 6785437.50 115.05 265237.50 6785437.50 115.03 265262.50 6785437.50 115.01 
          265287.50 6785437.50 114.98 265312.50 6785437.50 114.96 265337.50 6785437.50 114.94 265362.50 6785437.50 114.91 
          265387.50 6785437.50 114.89 265412.50 6785437.50 114.86 265437.50 6785437.50 114.83 265462.50 6785437.50 114.80 
          265487.50 6785437.50 114.77 265512.50 6785437.50 114.73 265537.50 6785437.50 114.69 265562.50 6785437.50 114.64 
          265587.50 6785437.50 114.59 265612.50 6785437.50 114.53 265637.50 6785437.50 114.47 265662.50 6785437.50 114.40 
          265687.50 6785437.50 114.33 265712.50 6785437.50 114.25 265737.50 6785437.50 114.17 265762.50 6785437.50 114.09 
          265787.50 6785437.50 114.01 265812.50 6785437.50 113.92 265837.50 6785437.50 113.82 265862.50 6785437.50 113.73 
          265887.50 6785437.50 113.63 265912.50 6785437.50 113.52 265937.50 6785437.50 113.42 265962.50 6785437.50 113.31 
          265987.50 6785437.50 113.21 266012.50 6785437.50 113.10 266037.50 6785437.50 113.00 266062.50 6785437.50 112.89 
          266087.50 6785437.50 112.78 266112.50 6785437.50 112.66 266137.50 6785437.50 112.55 266162.50 6785437.50 112.43 
          266187.50 6785437.50 112.32 266212.50 6785437.50 112.19 266237.50 6785437.50 112.07 266262.50 6785437.50 111.95 
          266287.50 6785437.50 111.82 266312.50 6785437.50 111.69 266337.50 6785437.50 111.55 266362.50 6785437.50 111.42 
          266387.50 6785437.50 111.29 266412.50 6785437.50 111.15 266437.50 6785437.50 111.02 266462.50 6785437.50 110.88 
          266487.50 6785437.50 110.74 266512.50 6785437.50 110.59 266537.50 6785437.50 110.45 266562.50 6785437.50 110.31 
          266587.50 6785437.50 110.17 266612.50 6785437.50 110.02 266637.50 6785437.50 109.88 266662.50 6785437.50 109.73 
          266687.50 6785437.50 109.59 266712.50 6785437.50 109.46 266737.50 6785437.50 109.32 266762.50 6785437.50 109.20 
          266787.50 6785437.50 109.09 266812.50 6785437.50 108.98 266837.50 6785437.50 108.87 266862.50 6785437.50 108.75 
          266887.50 6785437.50 108.65 266912.50 6785437.50 108.56 266937.50 6785437.50 108.49 266962.50 6785437.50 108.42 
          266987.50 6785437.50 108.38 267012.50 6785437.50 108.34 267037.50 6785437.50 108.33 267062.50 6785437.50 108.31 
          267087.50 6785437.50 108.31 264987.50 6785412.50 115.01 265012.50 6785412.50 115.00 265037.50 6785412.50 114.99 
          265062.50 6785412.50 114.98 265087.50 6785412.50 114.97 265112.50 6785412.50 114.95 265137.50 6785412.50 114.94 
          265162.50 6785412.50 114.91 265187.50 6785412.50 114.90 265212.50 6785412.50 114.88 265237.50 6785412.50 114.86 
          265262.50 6785412.50 114.84 265287.50 6785412.50 114.82 265312.50 6785412.50 114.80 265337.50 6785412.50 114.77 
          265362.50 6785412.50 114.75 265387.50 6785412.50 114.73 265412.50 6785412.50 114.70 265437.50 6785412.50 114.68 
          265462.50 6785412.50 114.65 265487.50 6785412.50 114.62 265512.50 6785412.50 114.58 265537.50 6785412.50 114.54 
          265562.50 6785412.50 114.50 265587.50 6785412.50 114.45 265612.50 6785412.50 114.39 265637.50 6785412.50 114.33 
          265662.50 6785412.50 114.26 265687.50 6785412.50 114.19 265712.50 6785412.50 114.12 265737.50 6785412.50 114.04 
          265762.50 6785412.50 113.96 265787.50 6785412.50 113.88 265812.50 6785412.50 113.79 265837.50 6785412.50 113.70 
          265862.50 6785412.50 113.61 265887.50 6785412.50 113.51 265912.50 6785412.50 113.41 265937.50 6785412.50 113.31 
          265962.50 6785412.50 113.21 265987.50 6785412.50 113.11 266012.50 6785412.50 113.01 266037.50 6785412.50 112.91 
          266062.50 6785412.50 112.80 266087.50 6785412.50 112.70 266112.50 6785412.50 112.59 266137.50 6785412.50 112.49 
          266162.50 6785412.50 112.38 266187.50 6785412.50 112.27 266212.50 6785412.50 112.16 266237.50 6785412.50 112.04 
          266262.50 6785412.50 111.93 266287.50 6785412.50 111.81 266312.50 6785412.50 111.69 266337.50 6785412.50 111.56 
          266362.50 6785412.50 111.44 266387.50 6785412.50 111.32 266412.50 6785412.50 111.19 266437.50 6785412.50 111.06 
          266462.50 6785412.50 110.93 266487.50 6785412.50 110.80 266512.50 6785412.50 110.67 266537.50 6785412.50 110.54 
          266562.50 6785412.50 110.40 266587.50 6785412.50 110.27 266612.50 6785412.50 110.13 266637.50 6785412.50 110.00 
          266662.50 6785412.50 109.86 266687.50 6785412.50 109.73 266712.50 6785412.50 109.61 266737.50 6785412.50 109.49 
          266762.50 6785412.50 109.38 266787.50 6785412.50 109.27 266812.50 6785412.50 109.17 266837.50 6785412.50 109.07 
          266862.50 6785412.50 108.97 266887.50 6785412.50 108.88 266912.50 6785412.50 108.79 266937.50 6785412.50 108.73 
          266962.50 6785412.50 108.68 266987.50 6785412.50 108.63 267012.50 6785412.50 108.60 267037.50 6785412.50 108.58 
          267062.50 6785412.50 108.58 267087.50 6785412.50 108.58 264987.50 6785387.50 114.82 265012.50 6785387.50 114.81 
          265037.50 6785387.50 114.80 265062.50 6785387.50 114.79 265087.50 6785387.50 114.78 265112.50 6785387.50 114.76 
          265137.50 6785387.50 114.75 265162.50 6785387.50 114.73 265187.50 6785387.50 114.71 265212.50 6785387.50 114.70 
          265237.50 6785387.50 114.68 265262.50 6785387.50 114.66 265287.50 6785387.50 114.64 265312.50 6785387.50 114.62 
          265337.50 6785387.50 114.60 265362.50 6785387.50 114.58 265387.50 6785387.50 114.56 265412.50 6785387.50 114.54 
          265437.50 6785387.50 114.52 265462.50 6785387.50 114.49 265487.50 6785387.50 114.46 265512.50 6785387.50 114.43 
          265537.50 6785387.50 114.39 265562.50 6785387.50 114.34 265587.50 6785387.50 114.29 265612.50 6785387.50 114.24 
          265637.50 6785387.50 114.18 265662.50 6785387.50 114.11 265687.50 6785387.50 114.05 265712.50 6785387.50 113.98 
          265737.50 6785387.50 113.90 265762.50 6785387.50 113.82 265787.50 6785387.50 113.74 265812.50 6785387.50 113.66 
          265837.50 6785387.50 113.57 265862.50 6785387.50 113.48 265887.50 6785387.50 113.38 265912.50 6785387.50 113.29 
          265937.50 6785387.50 113.19 265962.50 6785387.50 113.10 265987.50 6785387.50 113.01 266012.50 6785387.50 112.91 
          266037.50 6785387.50 112.81 266062.50 6785387.50 112.71 266087.50 6785387.50 112.62 266112.50 6785387.50 112.52 
          266137.50 6785387.50 112.42 266162.50 6785387.50 112.32 266187.50 6785387.50 112.22 266212.50 6785387.50 112.12 
          266237.50 6785387.50 112.01 266262.50 6785387.50 111.91 266287.50 6785387.50 111.80 266312.50 6785387.50 111.69 
          266337.50 6785387.50 111.57 266362.50 6785387.50 111.46 266387.50 6785387.50 111.35 266412.50 6785387.50 111.23 
          266437.50 6785387.50 111.11 266462.50 6785387.50 110.99 266487.50 6785387.50 110.87 266512.50 6785387.50 110.75 
          266537.50 6785387.50 110.62 266562.50 6785387.50 110.50 266587.50 6785387.50 110.37 266612.50 6785387.50 110.24 
          266637.50 6785387.50 110.12 266662.50 6785387.50 109.99 266687.50 6785387.50 109.87 266712.50 6785387.50 109.76 
          266737.50 6785387.50 109.65 266762.50 6785387.50 109.55 266787.50 6785387.50 109.45 266812.50 6785387.50 109.36 
          266837.50 6785387.50 109.27 266862.50 6785387.50 109.18 266887.50 6785387.50 109.10 266912.50 6785387.50 109.02 
          266937.50 6785387.50 108.97 266962.50 6785387.50 108.92 266987.50 6785387.50 108.88 267012.50 6785387.50 108.85 
          267037.50 6785387.50 108.83 267062.50 6785387.50 108.83 267087.50 6785387.50 108.83 264987.50 6785362.50 114.61 
          265012.50 6785362.50 114.61 265037.50 6785362.50 114.60 265062.50 6785362.50 114.59 265087.50 6785362.50 114.58 
          265112.50 6785362.50 114.56 265137.50 6785362.50 114.55 265162.50 6785362.50 114.53 265187.50 6785362.50 114.52 
          265212.50 6785362.50 114.50 265237.50 6785362.50 114.48 265262.50 6785362.50 114.47 265287.50 6785362.50 114.45 
          265312.50 6785362.50 114.43 265337.50 6785362.50 114.41 265362.50 6785362.50 114.39 265387.50 6785362.50 114.38 
          265412.50 6785362.50 114.36 265437.50 6785362.50 114.34 265462.50 6785362.50 114.32 265487.50 6785362.50 114.29 
          265512.50 6785362.50 114.26 265537.50 6785362.50 114.22 265562.50 6785362.50 114.18 265587.50 6785362.50 114.13 
          265612.50 6785362.50 114.08 265637.50 6785362.50 114.02 265662.50 6785362.50 113.95 265687.50 6785362.50 113.89 
          265712.50 6785362.50 113.82 265737.50 6785362.50 113.75 265762.50 6785362.50 113.67 265787.50 6785362.50 113.60 
          265812.50 6785362.50 113.52 265837.50 6785362.50 113.43 265862.50 6785362.50 113.34 265887.50 6785362.50 113.25 
          265912.50 6785362.50 113.16 265937.50 6785362.50 113.07 265962.50 6785362.50 112.98 265987.50 6785362.50 112.89 
          266012.50 6785362.50 112.80 266037.50 6785362.50 112.71 266062.50 6785362.50 112.62 266087.50 6785362.50 112.53 
          266112.50 6785362.50 112.44 266137.50 6785362.50 112.35 266162.50 6785362.50 112.26 266187.50 6785362.50 112.17 
          266212.50 6785362.50 112.08 266237.50 6785362.50 111.98 266262.50 6785362.50 111.88 266287.50 6785362.50 111.78 
          266312.50 6785362.50 111.68 266337.50 6785362.50 111.58 266362.50 6785362.50 111.48 266387.50 6785362.50 111.38 
          266412.50 6785362.50 111.27 266437.50 6785362.50 111.16 266462.50 6785362.50 111.05 266487.50 6785362.50 110.94 
          266512.50 6785362.50 110.82 266537.50 6785362.50 110.71 266562.50 6785362.50 110.59 266587.50 6785362.50 110.47 
          266612.50 6785362.50 110.35 266637.50 6785362.50 110.24 266662.50 6785362.50 110.12 266687.50 6785362.50 110.01 
          266712.50 6785362.50 109.91 266737.50 6785362.50 109.81 266762.50 6785362.50 109.71 266787.50 6785362.50 109.63 
          266812.50 6785362.50 109.55 266837.50 6785362.50 109.47 266862.50 6785362.50 109.39 266887.50 6785362.50 109.31 
          266912.50 6785362.50 109.24 266937.50 6785362.50 109.19 266962.50 6785362.50 109.15 266987.50 6785362.50 109.12 
          267012.50 6785362.50 109.10 267037.50 6785362.50 109.08 267062.50 6785362.50 109.07 267087.50 6785362.50 109.07 
          264987.50 6785337.50 114.40 265012.50 6785337.50 114.40 265037.50 6785337.50 114.39 265062.50 6785337.50 114.38 
          265087.50 6785337.50 114.37 265112.50 6785337.50 114.35 265137.50 6785337.50 114.34 265162.50 6785337.50 114.33 
          265187.50 6785337.50 114.31 265212.50 6785337.50 114.30 265237.50 6785337.50 114.28 265262.50 6785337.50 114.27 
          265287.50 6785337.50 114.25 265312.50 6785337.50 114.23 265337.50 6785337.50 114.22 265362.50 6785337.50 114.20 
          265387.50 6785337.50 114.19 265412.50 6785337.50 114.18 265437.50 6785337.50 114.16 265462.50 6785337.50 114.13 
          265487.50 6785337.50 114.11 265512.50 6785337.50 114.08 265537.50 6785337.50 114.04 265562.50 6785337.50 114.00 
          265587.50 6785337.50 113.95 265612.50 6785337.50 113.90 265637.50 6785337.50 113.85 265662.50 6785337.50 113.79 
          265687.50 6785337.50 113.72 265712.50 6785337.50 113.66 265737.50 6785337.50 113.59 265762.50 6785337.50 113.51 
          265787.50 6785337.50 113.44 265812.50 6785337.50 113.36 265837.50 6785337.50 113.28 265862.50 6785337.50 113.19 
          265887.50 6785337.50 113.10 265912.50 6785337.50 113.02 265937.50 6785337.50 112.94 265962.50 6785337.50 112.85 
          265987.50 6785337.50 112.77 266012.50 6785337.50 112.68 266037.50 6785337.50 112.60 266062.50 6785337.50 112.52 
          266087.50 6785337.50 112.43 266112.50 6785337.50 112.35 266137.50 6785337.50 112.27 266162.50 6785337.50 112.19 
          266187.50 6785337.50 112.11 266212.50 6785337.50 112.03 266237.50 6785337.50 111.94 266262.50 6785337.50 111.85 
          266287.50 6785337.50 111.77 266312.50 6785337.50 111.68 266337.50 6785337.50 111.59 266362.50 6785337.50 111.50 
          266387.50 6785337.50 111.40 266412.50 6785337.50 111.31 266437.50 6785337.50 111.21 266462.50 6785337.50 111.11 
          266487.50 6785337.50 111.00 266512.50 6785337.50 110.90 266537.50 6785337.50 110.79 266562.50 6785337.50 110.68 
          266587.50 6785337.50 110.57 266612.50 6785337.50 110.46 266637.50 6785337.50 110.36 266662.50 6785337.50 110.25 
          266687.50 6785337.50 110.15 266712.50 6785337.50 110.06 266737.50 6785337.50 109.97 266762.50 6785337.50 109.88 
          266787.50 6785337.50 109.80 266812.50 6785337.50 109.73 266837.50 6785337.50 109.66 266862.50 6785337.50 109.59 
          266887.50 6785337.50 109.52 266912.50 6785337.50 109.46 266937.50 6785337.50 109.42 266962.50 6785337.50 109.38 
          266987.50 6785337.50 109.36 267012.50 6785337.50 109.34 267037.50 6785337.50 109.33 267062.50 6785337.50 109.32 
          267087.50 6785337.50 109.32 264987.50 6785312.50 114.18 265012.50 6785312.50 114.17 265037.50 6785312.50 114.17 
          265062.50 6785312.50 114.16 265087.50 6785312.50 114.15 265112.50 6785312.50 114.14 265137.50 6785312.50 114.12 
          265162.50 6785312.50 114.11 265187.50 6785312.50 114.10 265212.50 6785312.50 114.08 265237.50 6785312.50 114.07 
          265262.50 6785312.50 114.06 265287.50 6785312.50 114.04 265312.50 6785312.50 114.03 265337.50 6785312.50 114.02 
          265362.50 6785312.50 114.01 265387.50 6785312.50 113.99 265412.50 6785312.50 113.98 265437.50 6785312.50 113.96 
          265462.50 6785312.50 113.94 265487.50 6785312.50 113.92 265512.50 6785312.50 113.89 265537.50 6785312.50 113.85 
          265562.50 6785312.50 113.81 265587.50 6785312.50 113.77 265612.50 6785312.50 113.72 265637.50 6785312.50 113.66 
          265662.50 6785312.50 113.61 265687.50 6785312.50 113.55 265712.50 6785312.50 113.48 265737.50 6785312.50 113.41 
          265762.50 6785312.50 113.35 265787.50 6785312.50 113.27 265812.50 6785312.50 113.19 265837.50 6785312.50 113.11 
          265862.50 6785312.50 113.03 265887.50 6785312.50 112.95 265912.50 6785312.50 112.87 265937.50 6785312.50 112.79 
          265962.50 6785312.50 112.72 265987.50 6785312.50 112.64 266012.50 6785312.50 112.56 266037.50 6785312.50 112.48 
          266062.50 6785312.50 112.41 266087.50 6785312.50 112.33 266112.50 6785312.50 112.26 266137.50 6785312.50 112.19 
          266162.50 6785312.50 112.12 266187.50 6785312.50 112.05 266212.50 6785312.50 111.97 266237.50 6785312.50 111.90 
          266262.50 6785312.50 111.82 266287.50 6785312.50 111.75 266312.50 6785312.50 111.67 266337.50 6785312.50 111.59 
          266362.50 6785312.50 111.51 266387.50 6785312.50 111.42 266412.50 6785312.50 111.34 266437.50 6785312.50 111.25 
          266462.50 6785312.50 111.16 266487.50 6785312.50 111.07 266512.50 6785312.50 110.97 266537.50 6785312.50 110.87 
          266562.50 6785312.50 110.77 266587.50 6785312.50 110.67 266612.50 6785312.50 110.58 266637.50 6785312.50 110.48 
          266662.50 6785312.50 110.38 266687.50 6785312.50 110.29 266712.50 6785312.50 110.20 266737.50 6785312.50 110.12 
          266762.50 6785312.50 110.05 266787.50 6785312.50 109.97 266812.50 6785312.50 109.91 266837.50 6785312.50 109.84 
          266862.50 6785312.50 109.78 266887.50 6785312.50 109.72 266912.50 6785312.50 109.68 266937.50 6785312.50 109.64 
          266962.50 6785312.50 109.61 266987.50 6785312.50 109.59 267012.50 6785312.50 109.57 267037.50 6785312.50 109.57 
          267062.50 6785312.50 109.56 267087.50 6785312.50 109.56 264987.50 6785287.50 113.95 265012.50 6785287.50 113.95 
          265037.50 6785287.50 113.94 265062.50 6785287.50 113.93 265087.50 6785287.50 113.92 265112.50 6785287.50 113.91 
          265137.50 6785287.50 113.90 265162.50 6785287.50 113.88 265187.50 6785287.50 113.87 265212.50 6785287.50 113.86 
          265237.50 6785287.50 113.85 265262.50 6785287.50 113.84 265287.50 6785287.50 113.83 265312.50 6785287.50 113.82 
          265337.50 6785287.50 113.80 265362.50 6785287.50 113.80 265387.50 6785287.50 113.78 265412.50 6785287.50 113.77 
          265437.50 6785287.50 113.76 265462.50 6785287.50 113.73 265487.50 6785287.50 113.71 265512.50 6785287.50 113.68 
          265537.50 6785287.50 113.65 265562.50 6785287.50 113.61 265587.50 6785287.50 113.56 265612.50 6785287.50 113.52 
          265637.50 6785287.50 113.47 265662.50 6785287.50 113.41 265687.50 6785287.50 113.35 265712.50 6785287.50 113.29 
          265737.50 6785287.50 113.23 265762.50 6785287.50 113.16 265787.50 6785287.50 113.09 265812.50 6785287.50 113.02 
          265837.50 6785287.50 112.94 265862.50 6785287.50 112.86 265887.50 6785287.50 112.79 265912.50 6785287.50 112.72 
          265937.50 6785287.50 112.64 265962.50 6785287.50 112.57 265987.50 6785287.50 112.50 266012.50 6785287.50 112.43 
          266037.50 6785287.50 112.36 266062.50 6785287.50 112.29 266087.50 6785287.50 112.23 266112.50 6785287.50 112.17 
          266137.50 6785287.50 112.10 266162.50 6785287.50 112.04 266187.50 6785287.50 111.98 266212.50 6785287.50 111.92 
          266237.50 6785287.50 111.85 266262.50 6785287.50 111.79 266287.50 6785287.50 111.72 266312.50 6785287.50 111.65 
          266337.50 6785287.50 111.59 266362.50 6785287.50 111.52 266387.50 6785287.50 111.44 266412.50 6785287.50 111.37 
          266437.50 6785287.50 111.29 266462.50 6785287.50 111.21 266487.50 6785287.50 111.13 266512.50 6785287.50 111.04 
          266537.50 6785287.50 110.95 266562.50 6785287.50 110.86 266587.50 6785287.50 110.77 266612.50 6785287.50 110.69 
          266637.50 6785287.50 110.60 266662.50 6785287.50 110.51 266687.50 6785287.50 110.43 266712.50 6785287.50 110.35 
          266737.50 6785287.50 110.28 266762.50 6785287.50 110.21 266787.50 6785287.50 110.14 266812.50 6785287.50 110.08 
          266837.50 6785287.50 110.03 266862.50 6785287.50 109.97 266887.50 6785287.50 109.92 266912.50 6785287.50 109.88 
          266937.50 6785287.50 109.85 266962.50 6785287.50 109.82 266987.50 6785287.50 109.81 267012.50 6785287.50 109.80 
          267037.50 6785287.50 109.80 267062.50 6785287.50 109.79 267087.50 6785287.50 109.79 264987.50 6785262.50 113.72 
          265012.50 6785262.50 113.71 265037.50 6785262.50 113.71 265062.50 6785262.50 113.70 265087.50 6785262.50 113.69 
          265112.50 6785262.50 113.68 265137.50 6785262.50 113.66 265162.50 6785262.50 113.65 265187.50 6785262.50 113.64 
          265212.50 6785262.50 113.63 265237.50 6785262.50 113.62 265262.50 6785262.50 113.61 265287.50 6785262.50 113.61 
          265312.50 6785262.50 113.60 265337.50 6785262.50 113.59 265362.50 6785262.50 113.58 265387.50 6785262.50 113.57 
          265412.50 6785262.50 113.56 265437.50 6785262.50 113.54 265462.50 6785262.50 113.52 265487.50 6785262.50 113.50 
          265512.50 6785262.50 113.47 265537.50 6785262.50 113.43 265562.50 6785262.50 113.39 265587.50 6785262.50 113.35 
          265612.50 6785262.50 113.31 265637.50 6785262.50 113.26 265662.50 6785262.50 113.20 265687.50 6785262.50 113.15 
          265712.50 6785262.50 113.09 265737.50 6785262.50 113.03 265762.50 6785262.50 112.96 265787.50 6785262.50 112.90 
          265812.50 6785262.50 112.83 265837.50 6785262.50 112.76 265862.50 6785262.50 112.69 265887.50 6785262.50 112.63 
          265912.50 6785262.50 112.56 265937.50 6785262.50 112.49 265962.50 6785262.50 112.42 265987.50 6785262.50 112.35 
          266012.50 6785262.50 112.29 266037.50 6785262.50 112.23 266062.50 6785262.50 112.17 266087.50 6785262.50 112.12 
          266112.50 6785262.50 112.06 266137.50 6785262.50 112.01 266162.50 6785262.50 111.96 266187.50 6785262.50 111.91 
          266212.50 6785262.50 111.86 266237.50 6785262.50 111.80 266262.50 6785262.50 111.75 266287.50 6785262.50 111.69 
          266312.50 6785262.50 111.64 266337.50 6785262.50 111.58 266362.50 6785262.50 111.52 266387.50 6785262.50 111.46 
          266412.50 6785262.50 111.39 266437.50 6785262.50 111.33 266462.50 6785262.50 111.26 266487.50 6785262.50 111.18 
          266512.50 6785262.50 111.11 266537.50 6785262.50 111.03 266562.50 6785262.50 110.95 266587.50 6785262.50 110.87 
          266612.50 6785262.50 110.79 266637.50 6785262.50 110.72 266662.50 6785262.50 110.64 266687.50 6785262.50 110.56 
          266712.50 6785262.50 110.49 266737.50 6785262.50 110.43 266762.50 6785262.50 110.37 266787.50 6785262.50 110.31 
          266812.50 6785262.50 110.26 266837.50 6785262.50 110.21 266862.50 6785262.50 110.16 266887.50 6785262.50 110.12 
          266912.50 6785262.50 110.09 266937.50 6785262.50 110.06 266962.50 6785262.50 110.04 266987.50 6785262.50 110.03 
          267012.50 6785262.50 110.02 267037.50 6785262.50 110.02 267062.50 6785262.50 110.02 267087.50 6785262.50 110.02 
          264987.50 6785237.50 113.48 265012.50 6785237.50 113.47 265037.50 6785237.50 113.47 265062.50 6785237.50 113.46 
          265087.50 6785237.50 113.45 265112.50 6785237.50 113.44 265137.50 6785237.50 113.43 265162.50 6785237.50 113.42 
          265187.50 6785237.50 113.41 265212.50 6785237.50 113.40 265237.50 6785237.50 113.39 265262.50 6785237.50 113.39 
          265287.50 6785237.50 113.38 265312.50 6785237.50 113.37 265337.50 6785237.50 113.37 265362.50 6785237.50 113.36 
          265387.50 6785237.50 113.36 265412.50 6785237.50 113.34 265437.50 6785237.50 113.32 265462.50 6785237.50 113.30 
          265487.50 6785237.50 113.28 265512.50 6785237.50 113.25 265537.50 6785237.50 113.21 265562.50 6785237.50 113.17 
          265587.50 6785237.50 113.13 265612.50 6785237.50 113.09 265637.50 6785237.50 113.04 265662.50 6785237.50 112.99 
          265687.50 6785237.50 112.93 265712.50 6785237.50 112.88 265737.50 6785237.50 112.82 265762.50 6785237.50 112.76 
          265787.50 6785237.50 112.70 265812.50 6785237.50 112.64 265837.50 6785237.50 112.58 265862.50 6785237.50 112.51 
          265887.50 6785237.50 112.45 265912.50 6785237.50 112.39 265937.50 6785237.50 112.33 265962.50 6785237.50 112.27 
          265987.50 6785237.50 112.21 266012.50 6785237.50 112.15 266037.50 6785237.50 112.10 266062.50 6785237.50 112.05 
          266087.50 6785237.50 112.00 266112.50 6785237.50 111.96 266137.50 6785237.50 111.92 266162.50 6785237.50 111.87 
          266187.50 6785237.50 111.83 266212.50 6785237.50 111.79 266237.50 6785237.50 111.75 266262.50 6785237.50 111.70 
          266287.50 6785237.50 111.66 266312.50 6785237.50 111.61 266337.50 6785237.50 111.57 266362.50 6785237.50 111.52 
          266387.50 6785237.50 111.47 266412.50 6785237.50 111.41 266437.50 6785237.50 111.36 266462.50 6785237.50 111.30 
          266487.50 6785237.50 111.23 266512.50 6785237.50 111.17 266537.50 6785237.50 111.10 266562.50 6785237.50 111.04 
          266587.50 6785237.50 110.97 266612.50 6785237.50 110.90 266637.50 6785237.50 110.83 266662.50 6785237.50 110.76 
          266687.50 6785237.50 110.70 266712.50 6785237.50 110.64 266737.50 6785237.50 110.58 266762.50 6785237.50 110.52 
          266787.50 6785237.50 110.47 266812.50 6785237.50 110.43 266837.50 6785237.50 110.39 266862.50 6785237.50 110.35 
          266887.50 6785237.50 110.32 266912.50 6785237.50 110.29 266937.50 6785237.50 110.27 266962.50 6785237.50 110.26 
          266987.50 6785237.50 110.25 267012.50 6785237.50 110.24 267037.50 6785237.50 110.23 267062.50 6785237.50 110.24 
          267087.50 6785237.50 110.24 264987.50 6785212.50 113.23 265012.50 6785212.50 113.23 265037.50 6785212.50 113.23 
          265062.50 6785212.50 113.22 265087.50 6785212.50 113.21 265112.50 6785212.50 113.20 265137.50 6785212.50 113.19 
          265162.50 6785212.50 113.18 265187.50 6785212.50 113.17 265212.50 6785212.50 113.17 265237.50 6785212.50 113.16 
          265262.50 6785212.50 113.16 265287.50 6785212.50 113.15 265312.50 6785212.50 113.15 265337.50 6785212.50 113.15 
          265362.50 6785212.50 113.15 265387.50 6785212.50 113.14 265412.50 6785212.50 113.12 265437.50 6785212.50 113.11 
          265462.50 6785212.50 113.09 265487.50 6785212.50 113.06 265512.50 6785212.50 113.02 265537.50 6785212.50 112.99 
          265562.50 6785212.50 112.95 265587.50 6785212.50 112.90 265612.50 6785212.50 112.86 265637.50 6785212.50 112.81 
          265662.50 6785212.50 112.76 265687.50 6785212.50 112.71 265712.50 6785212.50 112.65 265737.50 6785212.50 112.60 
          265762.50 6785212.50 112.55 265787.50 6785212.50 112.49 265812.50 6785212.50 112.44 265837.50 6785212.50 112.38 
          265862.50 6785212.50 112.32 265887.50 6785212.50 112.27 265912.50 6785212.50 112.21 265937.50 6785212.50 112.16 
          265962.50 6785212.50 112.11 265987.50 6785212.50 112.06 266012.50 6785212.50 112.01 266037.50 6785212.50 111.97 
          266062.50 6785212.50 111.93 266087.50 6785212.50 111.89 266112.50 6785212.50 111.85 266137.50 6785212.50 111.81 
          266162.50 6785212.50 111.78 266187.50 6785212.50 111.75 266212.50 6785212.50 111.72 266237.50 6785212.50 111.69 
          266262.50 6785212.50 111.65 266287.50 6785212.50 111.62 266312.50 6785212.50 111.59 266337.50 6785212.50 111.55 
          266362.50 6785212.50 111.51 266387.50 6785212.50 111.47 266412.50 6785212.50 111.43 266437.50 6785212.50 111.38 
          266462.50 6785212.50 111.33 266487.50 6785212.50 111.28 266512.50 6785212.50 111.23 266537.50 6785212.50 111.17 
          266562.50 6785212.50 111.12 266587.50 6785212.50 111.06 266612.50 6785212.50 111.00 266637.50 6785212.50 110.94 
          266662.50 6785212.50 110.89 266687.50 6785212.50 110.83 266712.50 6785212.50 110.78 266737.50 6785212.50 110.72 
          266762.50 6785212.50 110.67 266787.50 6785212.50 110.63 266812.50 6785212.50 110.59 266837.50 6785212.50 110.56 
          266862.50 6785212.50 110.53 266887.50 6785212.50 110.51 266912.50 6785212.50 110.49 266937.50 6785212.50 110.48 
          266962.50 6785212.50 110.47 266987.50 6785212.50 110.46 267012.50 6785212.50 110.45 267037.50 6785212.50 110.45 
          267062.50 6785212.50 110.45 267087.50 6785212.50 110.45 264987.50 6785187.50 112.99 265012.50 6785187.50 112.99 
          265037.50 6785187.50 112.99 265062.50 6785187.50 112.98 265087.50 6785187.50 112.97 265112.50 6785187.50 112.96 
          265137.50 6785187.50 112.95 265162.50 6785187.50 112.94 265187.50 6785187.50 112.94 265212.50 6785187.50 112.93 
          265237.50 6785187.50 112.93 265262.50 6785187.50 112.93 265287.50 6785187.50 112.93 265312.50 6785187.50 112.92 
          265337.50 6785187.50 112.93 265362.50 6785187.50 112.93 265387.50 6785187.50 112.92 265412.50 6785187.50 112.91 
          265437.50 6785187.50 112.89 265462.50 6785187.50 112.86 265487.50 6785187.50 112.83 265512.50 6785187.50 112.80 
          265537.50 6785187.50 112.76 265562.50 6785187.50 112.72 265587.50 6785187.50 112.67 265612.50 6785187.50 112.63 
          265637.50 6785187.50 112.58 265662.50 6785187.50 112.53 265687.50 6785187.50 112.47 265712.50 6785187.50 112.42 
          265737.50 6785187.50 112.37 265762.50 6785187.50 112.32 265787.50 6785187.50 112.27 265812.50 6785187.50 112.22 
          265837.50 6785187.50 112.17 265862.50 6785187.50 112.12 265887.50 6785187.50 112.08 265912.50 6785187.50 112.03 
          265937.50 6785187.50 111.98 265962.50 6785187.50 111.94 265987.50 6785187.50 111.90 266012.50 6785187.50 111.86 
          266037.50 6785187.50 111.83 266062.50 6785187.50 111.80 266087.50 6785187.50 111.77 266112.50 6785187.50 111.74 
          266137.50 6785187.50 111.71 266162.50 6785187.50 111.69 266187.50 6785187.50 111.67 266212.50 6785187.50 111.64 
          266237.50 6785187.50 111.62 266262.50 6785187.50 111.60 266287.50 6785187.50 111.58 266312.50 6785187.50 111.55 
          266337.50 6785187.50 111.53 266362.50 6785187.50 111.50 266387.50 6785187.50 111.47 266412.50 6785187.50 111.44 
          266437.50 6785187.50 111.40 266462.50 6785187.50 111.36 266487.50 6785187.50 111.32 266512.50 6785187.50 111.28 
          266537.50 6785187.50 111.24 266562.50 6785187.50 111.19 266587.50 6785187.50 111.15 266612.50 6785187.50 111.10 
          266637.50 6785187.50 111.05 266662.50 6785187.50 111.00 266687.50 6785187.50 110.96 266712.50 6785187.50 110.91 
          266737.50 6785187.50 110.86 266762.50 6785187.50 110.82 266787.50 6785187.50 110.79 266812.50 6785187.50 110.76 
          266837.50 6785187.50 110.73 266862.50 6785187.50 110.71 266887.50 6785187.50 110.70 266912.50 6785187.50 110.69 
          266937.50 6785187.50 110.68 266962.50 6785187.50 110.67 266987.50 6785187.50 110.67 267012.50 6785187.50 110.67 
          267037.50 6785187.50 110.67 267062.50 6785187.50 110.66 267087.50 6785187.50 110.66 264987.50 6785162.50 112.74 
          265012.50 6785162.50 112.74 265037.50 6785162.50 112.74 265062.50 6785162.50 112.73 265087.50 6785162.50 112.72 
          265112.50 6785162.50 112.72 265137.50 6785162.50 112.71 265162.50 6785162.50 112.70 265187.50 6785162.50 112.70 
          265212.50 6785162.50 112.69 265237.50 6785162.50 112.69 265262.50 6785162.50 112.70 265287.50 6785162.50 112.70 
          265312.50 6785162.50 112.70 265337.50 6785162.50 112.71 265362.50 6785162.50 112.70 265387.50 6785162.50 112.70 
          265412.50 6785162.50 112.68 265437.50 6785162.50 112.66 265462.50 6785162.50 112.64 265487.50 6785162.50 112.61 
          265512.50 6785162.50 112.57 265537.50 6785162.50 112.53 265562.50 6785162.50 112.49 265587.50 6785162.50 112.44 
          265612.50 6785162.50 112.39 265637.50 6785162.50 112.34 265662.50 6785162.50 112.29 265687.50 6785162.50 112.24 
          265712.50 6785162.50 112.19 265737.50 6785162.50 112.15 265762.50 6785162.50 112.10 265787.50 6785162.50 112.05 
          265812.50 6785162.50 112.01 265837.50 6785162.50 111.96 265862.50 6785162.50 111.92 265887.50 6785162.50 111.88 
          265912.50 6785162.50 111.84 265937.50 6785162.50 111.80 265962.50 6785162.50 111.77 265987.50 6785162.50 111.74 
          266012.50 6785162.50 111.71 266037.50 6785162.50 111.69 266062.50 6785162.50 111.67 266087.50 6785162.50 111.64 
          266112.50 6785162.50 111.62 266137.50 6785162.50 111.61 266162.50 6785162.50 111.59 266187.50 6785162.50 111.58 
          266212.50 6785162.50 111.57 266237.50 6785162.50 111.56 266262.50 6785162.50 111.55 266287.50 6785162.50 111.53 
          266312.50 6785162.50 111.52 266337.50 6785162.50 111.50 266362.50 6785162.50 111.48 266387.50 6785162.50 111.46 
          266412.50 6785162.50 111.44 266437.50 6785162.50 111.42 266462.50 6785162.50 111.39 266487.50 6785162.50 111.36 
          266512.50 6785162.50 111.33 266537.50 6785162.50 111.30 266562.50 6785162.50 111.26 266587.50 6785162.50 111.23 
          266612.50 6785162.50 111.19 266637.50 6785162.50 111.15 266662.50 6785162.50 111.12 266687.50 6785162.50 111.08 
          266712.50 6785162.50 111.04 266737.50 6785162.50 111.00 266762.50 6785162.50 110.97 266787.50 6785162.50 110.94 
          266812.50 6785162.50 110.92 266837.50 6785162.50 110.90 266862.50 6785162.50 110.89 266887.50 6785162.50 110.88 
          266912.50 6785162.50 110.88 266937.50 6785162.50 110.87 266962.50 6785162.50 110.87 266987.50 6785162.50 110.87 
          267012.50 6785162.50 110.87 267037.50 6785162.50 110.87 267062.50 6785162.50 110.87 267087.50 6785162.50 110.87 
          264987.50 6785137.50 112.49 265012.50 6785137.50 112.49 265037.50 6785137.50 112.49 265062.50 6785137.50 112.48 
          265087.50 6785137.50 112.48 265112.50 6785137.50 112.47 265137.50 6785137.50 112.47 265162.50 6785137.50 112.46 
          265187.50 6785137.50 112.46 265212.50 6785137.50 112.46 265237.50 6785137.50 112.46 265262.50 6785137.50 112.46 
          265287.50 6785137.50 112.47 265312.50 6785137.50 112.48 265337.50 6785137.50 112.49 265362.50 6785137.50 112.49 
          265387.50 6785137.50 112.47 265412.50 6785137.50 112.45 265437.50 6785137.50 112.43 265462.50 6785137.50 112.40 
          265487.50 6785137.50 112.37 265512.50 6785137.50 112.34 265537.50 6785137.50 112.30 265562.50 6785137.50 112.25 
          265587.50 6785137.50 112.20 265612.50 6785137.50 112.15 265637.50 6785137.50 112.11 265662.50 6785137.50 112.06 
          265687.50 6785137.50 112.01 265712.50 6785137.50 111.96 265737.50 6785137.50 111.92 265762.50 6785137.50 111.87 
          265787.50 6785137.50 111.83 265812.50 6785137.50 111.79 265837.50 6785137.50 111.75 265862.50 6785137.50 111.71 
          265887.50 6785137.50 111.68 265912.50 6785137.50 111.65 265937.50 6785137.50 111.62 265962.50 6785137.50 111.60 
          265987.50 6785137.50 111.57 266012.50 6785137.50 111.56 266037.50 6785137.50 111.54 266062.50 6785137.50 111.53 
          266087.50 6785137.50 111.52 266112.50 6785137.50 111.51 266137.50 6785137.50 111.50 266162.50 6785137.50 111.49 
          266187.50 6785137.50 111.49 266212.50 6785137.50 111.49 266237.50 6785137.50 111.49 266262.50 6785137.50 111.48 
          266287.50 6785137.50 111.48 266312.50 6785137.50 111.48 266337.50 6785137.50 111.47 266362.50 6785137.50 111.46 
          266387.50 6785137.50 111.45 266412.50 6785137.50 111.44 266437.50 6785137.50 111.43 266462.50 6785137.50 111.41 
          266487.50 6785137.50 111.39 266512.50 6785137.50 111.37 266537.50 6785137.50 111.35 266562.50 6785137.50 111.33 
          266587.50 6785137.50 111.30 266612.50 6785137.50 111.28 266637.50 6785137.50 111.25 266662.50 6785137.50 111.22 
          266687.50 6785137.50 111.19 266712.50 6785137.50 111.16 266737.50 6785137.50 111.14 266762.50 6785137.50 111.12 
          266787.50 6785137.50 111.09 266812.50 6785137.50 111.08 266837.50 6785137.50 111.07 266862.50 6785137.50 111.07 
          266887.50 6785137.50 111.06 266912.50 6785137.50 111.06 266937.50 6785137.50 111.06 266962.50 6785137.50 111.06 
          266987.50 6785137.50 111.06 267012.50 6785137.50 111.07 267037.50 6785137.50 111.07 267062.50 6785137.50 111.07 
          267087.50 6785137.50 111.07 264987.50 6785112.50 112.24 265012.50 6785112.50 112.24 265037.50 6785112.50 112.24 
          265062.50 6785112.50 112.23 265087.50 6785112.50 112.23 265112.50 6785112.50 112.23 265137.50 6785112.50 112.23 
          265162.50 6785112.50 112.23 265187.50 6785112.50 112.23 265212.50 6785112.50 112.23 265237.50 6785112.50 112.23 
          265262.50 6785112.50 112.25 265287.50 6785112.50 112.26 265312.50 6785112.50 112.27 265337.50 6785112.50 112.28 
          265362.50 6785112.50 112.27 265387.50 6785112.50 112.25 265412.50 6785112.50 112.22 265437.50 6785112.50 112.20 
          265462.50 6785112.50 112.17 265487.50 6785112.50 112.13 265512.50 6785112.50 112.10 265537.50 6785112.50 112.05 
          265562.50 6785112.50 112.01 265587.50 6785112.50 111.96 265612.50 6785112.50 111.91 265637.50 6785112.50 111.86 
          265662.50 6785112.50 111.81 265687.50 6785112.50 111.77 265712.50 6785112.50 111.72 265737.50 6785112.50 111.68 
          265762.50 6785112.50 111.64 265787.50 6785112.50 111.61 265812.50 6785112.50 111.57 265837.50 6785112.50 111.54 
          265862.50 6785112.50 111.51 265887.50 6785112.50 111.48 265912.50 6785112.50 111.46 265937.50 6785112.50 111.44 
          265962.50 6785112.50 111.42 265987.50 6785112.50 111.41 266012.50 6785112.50 111.40 266037.50 6785112.50 111.39 
          266062.50 6785112.50 111.39 266087.50 6785112.50 111.39 266112.50 6785112.50 111.39 266137.50 6785112.50 111.39 
          266162.50 6785112.50 111.39 266187.50 6785112.50 111.39 266212.50 6785112.50 111.40 266237.50 6785112.50 111.41 
          266262.50 6785112.50 111.42 266287.50 6785112.50 111.42 266312.50 6785112.50 111.43 266337.50 6785112.50 111.43 
          266362.50 6785112.50 111.44 266387.50 6785112.50 111.44 266412.50 6785112.50 111.44 266437.50 6785112.50 111.43 
          266462.50 6785112.50 111.43 266487.50 6785112.50 111.42 266512.50 6785112.50 111.41 266537.50 6785112.50 111.40 
          266562.50 6785112.50 111.39 266587.50 6785112.50 111.37 266612.50 6785112.50 111.36 266637.50 6785112.50 111.34 
          266662.50 6785112.50 111.32 266687.50 6785112.50 111.30 266712.50 6785112.50 111.28 266737.50 6785112.50 111.27 
          266762.50 6785112.50 111.25 266787.50 6785112.50 111.24 266812.50 6785112.50 111.24 266837.50 6785112.50 111.23 
          266862.50 6785112.50 111.23 266887.50 6785112.50 111.23 266912.50 6785112.50 111.23 266937.50 6785112.50 111.24 
          266962.50 6785112.50 111.24 266987.50 6785112.50 111.24 267012.50 6785112.50 111.25 267037.50 6785112.50 111.25 
          267062.50 6785112.50 111.25 267087.50 6785112.50 111.25 264987.50 6785087.50 111.99 265012.50 6785087.50 111.99 
          265037.50 6785087.50 111.99 265062.50 6785087.50 111.99 265087.50 6785087.50 111.99 265112.50 6785087.50 111.99 
          265137.50 6785087.50 111.99 265162.50 6785087.50 111.99 265187.50 6785087.50 112.00 265212.50 6785087.50 112.00 
          265237.50 6785087.50 112.01 265262.50 6785087.50 112.03 265287.50 6785087.50 112.04 265312.50 6785087.50 112.05 
          265337.50 6785087.50 112.05 265362.50 6785087.50 112.03 265387.50 6785087.50 112.01 265412.50 6785087.50 111.99 
          265437.50 6785087.50 111.96 265462.50 6785087.50 111.93 265487.50 6785087.50 111.89 265512.50 6785087.50 111.85 
          265537.50 6785087.50 111.81 265562.50 6785087.50 111.76 265587.50 6785087.50 111.71 265612.50 6785087.50 111.66 
          265637.50 6785087.50 111.62 265662.50 6785087.50 111.57 265687.50 6785087.50 111.53 265712.50 6785087.50 111.48 
          265737.50 6785087.50 111.45 265762.50 6785087.50 111.41 265787.50 6785087.50 111.38 265812.50 6785087.50 111.35 
          265837.50 6785087.50 111.32 265862.50 6785087.50 111.30 265887.50 6785087.50 111.28 265912.50 6785087.50 111.26 
          265937.50 6785087.50 111.25 265962.50 6785087.50 111.24 265987.50 6785087.50 111.24 266012.50 6785087.50 111.24 
          266037.50 6785087.50 111.24 266062.50 6785087.50 111.25 266087.50 6785087.50 111.25 266112.50 6785087.50 111.26 
          266137.50 6785087.50 111.27 266162.50 6785087.50 111.28 266187.50 6785087.50 111.29 266212.50 6785087.50 111.31 
          266237.50 6785087.50 111.33 266262.50 6785087.50 111.34 266287.50 6785087.50 111.36 266312.50 6785087.50 111.38 
          266337.50 6785087.50 111.39 266362.50 6785087.50 111.40 266387.50 6785087.50 111.42 266412.50 6785087.50 111.42 
          266437.50 6785087.50 111.43 266462.50 6785087.50 111.44 266487.50 6785087.50 111.44 266512.50 6785087.50 111.44 
          266537.50 6785087.50 111.44 266562.50 6785087.50 111.44 266587.50 6785087.50 111.44 266612.50 6785087.50 111.43 
          266637.50 6785087.50 111.42 266662.50 6785087.50 111.41 266687.50 6785087.50 111.40 266712.50 6785087.50 111.40 
          266737.50 6785087.50 111.39 266762.50 6785087.50 111.39 266787.50 6785087.50 111.38 266812.50 6785087.50 111.39 
          266837.50 6785087.50 111.39 266862.50 6785087.50 111.39 266887.50 6785087.50 111.40 266912.50 6785087.50 111.40 
          266937.50 6785087.50 111.41 266962.50 6785087.50 111.41 266987.50 6785087.50 111.42 267012.50 6785087.50 111.42 
          267037.50 6785087.50 111.42 267062.50 6785087.50 111.43 267087.50 6785087.50 111.43 264987.50 6785062.50 111.74 
          265012.50 6785062.50 111.74 265037.50 6785062.50 111.74 265062.50 6785062.50 111.74 265087.50 6785062.50 111.74 
          265112.50 6785062.50 111.74 265137.50 6785062.50 111.75 265162.50 6785062.50 111.76 265187.50 6785062.50 111.77 
          265212.50 6785062.50 111.78 265237.50 6785062.50 111.79 265262.50 6785062.50 111.80 265287.50 6785062.50 111.81 
          265312.50 6785062.50 111.82 265337.50 6785062.50 111.81 265362.50 6785062.50 111.79 265387.50 6785062.50 111.77 
          265412.50 6785062.50 111.74 265437.50 6785062.50 111.71 265462.50 6785062.50 111.68 265487.50 6785062.50 111.64 
          265512.50 6785062.50 111.60 265537.50 6785062.50 111.55 265562.50 6785062.50 111.51 265587.50 6785062.50 111.46 
          265612.50 6785062.50 111.42 265637.50 6785062.50 111.37 265662.50 6785062.50 111.32 265687.50 6785062.50 111.28 
          265712.50 6785062.50 111.24 265737.50 6785062.50 111.21 265762.50 6785062.50 111.17 265787.50 6785062.50 111.15 
          265812.50 6785062.50 111.12 265837.50 6785062.50 111.10 265862.50 6785062.50 111.09 265887.50 6785062.50 111.08 
          265912.50 6785062.50 111.07 265937.50 6785062.50 111.07 265962.50 6785062.50 111.07 265987.50 6785062.50 111.07 
          266012.50 6785062.50 111.08 266037.50 6785062.50 111.09 266062.50 6785062.50 111.10 266087.50 6785062.50 111.12 
          266112.50 6785062.50 111.14 266137.50 6785062.50 111.15 266162.50 6785062.50 111.17 266187.50 6785062.50 111.19 
          266212.50 6785062.50 111.22 266237.50 6785062.50 111.24 266262.50 6785062.50 111.27 266287.50 6785062.50 111.29 
          266312.50 6785062.50 111.32 266337.50 6785062.50 111.34 266362.50 6785062.50 111.37 266387.50 6785062.50 111.39 
          266412.50 6785062.50 111.41 266437.50 6785062.50 111.43 266462.50 6785062.50 111.44 266487.50 6785062.50 111.46 
          266512.50 6785062.50 111.47 266537.50 6785062.50 111.48 266562.50 6785062.50 111.49 266587.50 6785062.50 111.49 
          266612.50 6785062.50 111.50 266637.50 6785062.50 111.50 266662.50 6785062.50 111.50 266687.50 6785062.50 111.50 
          266712.50 6785062.50 111.50 266737.50 6785062.50 111.51 266762.50 6785062.50 111.51 266787.50 6785062.50 111.52 
          266812.50 6785062.50 111.53 266837.50 6785062.50 111.53 266862.50 6785062.50 111.54 266887.50 6785062.50 111.55 
          266912.50 6785062.50 111.56 266937.50 6785062.50 111.57 266962.50 6785062.50 111.58 266987.50 6785062.50 111.58 
          267012.50 6785062.50 111.59 267037.50 6785062.50 111.59 267062.50 6785062.50 111.59 267087.50 6785062.50 111.59 
          264987.50 6785037.50 111.48 265012.50 6785037.50 111.48 265037.50 6785037.50 111.48 265062.50 6785037.50 111.49 
          265087.50 6785037.50 111.49 265112.50 6785037.50 111.50 265137.50 6785037.50 111.51 265162.50 6785037.50 111.52 
          265187.50 6785037.50 111.53 265212.50 6785037.50 111.54 265237.50 6785037.50 111.56 265262.50 6785037.50 111.57 
          265287.50 6785037.50 111.58 265312.50 6785037.50 111.58 265337.50 6785037.50 111.57 265362.50 6785037.50 111.55 
          265387.50 6785037.50 111.52 265412.50 6785037.50 111.49 265437.50 6785037.50 111.46 265462.50 6785037.50 111.43 
          265487.50 6785037.50 111.39 265512.50 6785037.50 111.34 265537.50 6785037.50 111.30 265562.50 6785037.50 111.25 
          265587.50 6785037.50 111.21 265612.50 6785037.50 111.16 265637.50 6785037.50 111.12 265662.50 6785037.50 111.07 
          265687.50 6785037.50 111.03 265712.50 6785037.50 111.00 265737.50 6785037.50 110.96 265762.50 6785037.50 110.94 
          265787.50 6785037.50 110.91 265812.50 6785037.50 110.89 265837.50 6785037.50 110.88 265862.50 6785037.50 110.87 
          265887.50 6785037.50 110.87 265912.50 6785037.50 110.87 265937.50 6785037.50 110.88 265962.50 6785037.50 110.89 
          265987.50 6785037.50 110.90 266012.50 6785037.50 110.92 266037.50 6785037.50 110.94 266062.50 6785037.50 110.96 
          266087.50 6785037.50 110.98 266112.50 6785037.50 111.01 266137.50 6785037.50 111.03 266162.50 6785037.50 111.06 
          266187.50 6785037.50 111.09 266212.50 6785037.50 111.12 266237.50 6785037.50 111.15 266262.50 6785037.50 111.19 
          266287.50 6785037.50 111.22 266312.50 6785037.50 111.26 266337.50 6785037.50 111.29 266362.50 6785037.50 111.33 
          266387.50 6785037.50 111.36 266412.50 6785037.50 111.39 266437.50 6785037.50 111.42 266462.50 6785037.50 111.45 
          266487.50 6785037.50 111.47 266512.50 6785037.50 111.49 266537.50 6785037.50 111.51 266562.50 6785037.50 111.53 
          266587.50 6785037.50 111.55 266612.50 6785037.50 111.56 266637.50 6785037.50 111.58 266662.50 6785037.50 111.59 
          266687.50 6785037.50 111.60 266712.50 6785037.50 111.61 266737.50 6785037.50 111.62 266762.50 6785037.50 111.63 
          266787.50 6785037.50 111.64 266812.50 6785037.50 111.66 266837.50 6785037.50 111.67 266862.50 6785037.50 111.68 
          266887.50 6785037.50 111.70 266912.50 6785037.50 111.71 266937.50 6785037.50 111.72 266962.50 6785037.50 111.73 
          266987.50 6785037.50 111.74 267012.50 6785037.50 111.74 267037.50 6785037.50 111.75 267062.50 6785037.50 111.75 
          267087.50 6785037.50 111.75 264987.50 6785012.50 111.23 265012.50 6785012.50 111.23 265037.50 6785012.50 111.23 
          265062.50 6785012.50 111.24 265087.50 6785012.50 111.25 265112.50 6785012.50 111.26 265137.50 6785012.50 111.27 
          265162.50 6785012.50 111.28 265187.50 6785012.50 111.29 265212.50 6785012.50 111.31 265237.50 6785012.50 111.33 
          265262.50 6785012.50 111.35 265287.50 6785012.50 111.35 265312.50 6785012.50 111.34 265337.50 6785012.50 111.33 
          265362.50 6785012.50 111.30 265387.50 6785012.50 111.28 265412.50 6785012.50 111.24 265437.50 6785012.50 111.21 
          265462.50 6785012.50 111.17 265487.50 6785012.50 111.13 265512.50 6785012.50 111.09 265537.50 6785012.50 111.04 
          265562.50 6785012.50 111.00 265587.50 6785012.50 110.95 265612.50 6785012.50 110.91 265637.50 6785012.50 110.86 
          265662.50 6785012.50 110.82 265687.50 6785012.50 110.78 265712.50 6785012.50 110.75 265737.50 6785012.50 110.72 
          265762.50 6785012.50 110.69 265787.50 6785012.50 110.68 265812.50 6785012.50 110.67 265837.50 6785012.50 110.66 
          265862.50 6785012.50 110.66 265887.50 6785012.50 110.66 265912.50 6785012.50 110.67 265937.50 6785012.50 110.69 
          265962.50 6785012.50 110.71 265987.50 6785012.50 110.73 266012.50 6785012.50 110.75 266037.50 6785012.50 110.78 
          266062.50 6785012.50 110.81 266087.50 6785012.50 110.84 266112.50 6785012.50 110.88 266137.50 6785012.50 110.91 
          266162.50 6785012.50 110.95 266187.50 6785012.50 110.98 266212.50 6785012.50 111.02 266237.50 6785012.50 111.06 
          266262.50 6785012.50 111.10 266287.50 6785012.50 111.15 266312.50 6785012.50 111.19 266337.50 6785012.50 111.24 
          266362.50 6785012.50 111.28 266387.50 6785012.50 111.32 266412.50 6785012.50 111.37 266437.50 6785012.50 111.40 
          266462.50 6785012.50 111.44 266487.50 6785012.50 111.48 266512.50 6785012.50 111.51 266537.50 6785012.50 111.54 
          266562.50 6785012.50 111.57 266587.50 6785012.50 111.59 266612.50 6785012.50 111.62 266637.50 6785012.50 111.64 
          266662.50 6785012.50 111.66 266687.50 6785012.50 111.68 266712.50 6785012.50 111.70 266737.50 6785012.50 111.72 
          266762.50 6785012.50 111.74 266787.50 6785012.50 111.76 266812.50 6785012.50 111.78 266837.50 6785012.50 111.80 
          266862.50 6785012.50 111.82 266887.50 6785012.50 111.83 266912.50 6785012.50 111.85 266937.50 6785012.50 111.86 
          266962.50 6785012.50 111.87 266987.50 6785012.50 111.88 267012.50 6785012.50 111.89 267037.50 6785012.50 111.89 
          267062.50 6785012.50 111.90 267087.50 6785012.50 111.90 264987.50 6784987.50 110.97 265012.50 6784987.50 110.98 
          265037.50 6784987.50 110.98 265062.50 6784987.50 110.99 265087.50 6784987.50 111.00 265112.50 6784987.50 111.01 
          265137.50 6784987.50 111.02 265162.50 6784987.50 111.04 265187.50 6784987.50 111.06 265212.50 6784987.50 111.08 
          265237.50 6784987.50 111.11 265262.50 6784987.50 111.11 265287.50 6784987.50 111.11 265312.50 6784987.50 111.10 
          265337.50 6784987.50 111.07 265362.50 6784987.50 111.05 265387.50 6784987.50 111.02 265412.50 6784987.50 110.99 
          265437.50 6784987.50 110.95 265462.50 6784987.50 110.91 265487.50 6784987.50 110.87 265512.50 6784987.50 110.83 
          265537.50 6784987.50 110.78 265562.50 6784987.50 110.74 265587.50 6784987.50 110.69 265612.50 6784987.50 110.65 
          265637.50 6784987.50 110.61 265662.50 6784987.50 110.57 265687.50 6784987.50 110.53 265712.50 6784987.50 110.49 
          265737.50 6784987.50 110.47 265762.50 6784987.50 110.45 265787.50 6784987.50 110.44 265812.50 6784987.50 110.43 
          265837.50 6784987.50 110.43 265862.50 6784987.50 110.44 265887.50 6784987.50 110.45 265912.50 6784987.50 110.47 
          265937.50 6784987.50 110.50 265962.50 6784987.50 110.53 265987.50 6784987.50 110.55 266012.50 6784987.50 110.59 
          266037.50 6784987.50 110.62 266062.50 6784987.50 110.66 266087.50 6784987.50 110.70 266112.50 6784987.50 110.74 
          266137.50 6784987.50 110.79 266162.50 6784987.50 110.83 266187.50 6784987.50 110.87 266212.50 6784987.50 110.92 
          266237.50 6784987.50 110.97 266262.50 6784987.50 111.02 266287.50 6784987.50 111.07 266312.50 6784987.50 111.13 
          266337.50 6784987.50 111.18 266362.50 6784987.50 111.23 266387.50 6784987.50 111.29 266412.50 6784987.50 111.34 
          266437.50 6784987.50 111.39 266462.50 6784987.50 111.43 266487.50 6784987.50 111.48 266512.50 6784987.50 111.52 
          266537.50 6784987.50 111.56 266562.50 6784987.50 111.60 266587.50 6784987.50 111.64 266612.50 6784987.50 111.67 
          266637.50 6784987.50 111.71 266662.50 6784987.50 111.74 266687.50 6784987.50 111.77 266712.50 6784987.50 111.79 
          266737.50 6784987.50 111.82 266762.50 6784987.50 111.85 266787.50 6784987.50 111.88 266812.50 6784987.50 111.90 
          266837.50 6784987.50 111.92 266862.50 6784987.50 111.95 266887.50 6784987.50 111.97 266912.50 6784987.50 111.98 
          266937.50 6784987.50 112.00 266962.50 6784987.50 112.01 266987.50 6784987.50 112.02 267012.50 6784987.50 112.03 
          267037.50 6784987.50 112.03 267062.50 6784987.50 112.03 267087.50 6784987.50 112.03 264987.50 6784962.50 110.72 
          265012.50 6784962.50 110.73 265037.50 6784962.50 110.73 265062.50 6784962.50 110.74 265087.50 6784962.50 110.75 
          265112.50 6784962.50 110.76 265137.50 6784962.50 110.78 265162.50 6784962.50 110.80 265187.50 6784962.50 110.82 
          265212.50 6784962.50 110.85 265237.50 6784962.50 110.87 265262.50 6784962.50 110.85 265287.50 6784962.50 110.85 
          265312.50 6784962.50 110.84 265337.50 6784962.50 110.82 265362.50 6784962.50 110.79 265387.50 6784962.50 110.76 
          265412.50 6784962.50 110.73 265437.50 6784962.50 110.69 265462.50 6784962.50 110.65 265487.50 6784962.50 110.61 
          265512.50 6784962.50 110.57 265537.50 6784962.50 110.52 265562.50 6784962.50 110.48 265587.50 6784962.50 110.44 
          265612.50 6784962.50 110.39 265637.50 6784962.50 110.35 265662.50 6784962.50 110.31 265687.50 6784962.50 110.27 
          265712.50 6784962.50 110.24 265737.50 6784962.50 110.21 265762.50 6784962.50 110.20 265787.50 6784962.50 110.20 
          265812.50 6784962.50 110.20 265837.50 6784962.50 110.21 265862.50 6784962.50 110.22 265887.50 6784962.50 110.24 
          265912.50 6784962.50 110.27 265937.50 6784962.50 110.30 265962.50 6784962.50 110.34 265987.50 6784962.50 110.38 
          266012.50 6784962.50 110.42 266037.50 6784962.50 110.46 266062.50 6784962.50 110.50 266087.50 6784962.50 110.55 
          266112.50 6784962.50 110.61 266137.50 6784962.50 110.66 266162.50 6784962.50 110.71 266187.50 6784962.50 110.75 
          266212.50 6784962.50 110.81 266237.50 6784962.50 110.87 266262.50 6784962.50 110.93 266287.50 6784962.50 111.00 
          266312.50 6784962.50 111.06 266337.50 6784962.50 111.12 266362.50 6784962.50 111.19 266387.50 6784962.50 111.25 
          266412.50 6784962.50 111.31 266437.50 6784962.50 111.36 266462.50 6784962.50 111.42 266487.50 6784962.50 111.47 
          266512.50 6784962.50 111.53 266537.50 6784962.50 111.58 266562.50 6784962.50 111.63 266587.50 6784962.50 111.68 
          266612.50 6784962.50 111.72 266637.50 6784962.50 111.76 266662.50 6784962.50 111.81 266687.50 6784962.50 111.84 
          266712.50 6784962.50 111.88 266737.50 6784962.50 111.92 266762.50 6784962.50 111.95 266787.50 6784962.50 111.98 
          266812.50 6784962.50 112.01 266837.50 6784962.50 112.04 266862.50 6784962.50 112.06 266887.50 6784962.50 112.09 
          266912.50 6784962.50 112.11 266937.50 6784962.50 112.13 266962.50 6784962.50 112.14 266987.50 6784962.50 112.15 
          267012.50 6784962.50 112.16 267037.50 6784962.50 112.16 267062.50 6784962.50 112.16 267087.50 6784962.50 112.16 
          264987.50 6784937.50 110.47 265012.50 6784937.50 110.47 265037.50 6784937.50 110.48 265062.50 6784937.50 110.49 
          265087.50 6784937.50 110.50 265112.50 6784937.50 110.51 265137.50 6784937.50 110.53 265162.50 6784937.50 110.56 
          265187.50 6784937.50 110.58 265212.50 6784937.50 110.59 265237.50 6784937.50 110.59 265262.50 6784937.50 110.59 
          265287.50 6784937.50 110.59 265312.50 6784937.50 110.58 265337.50 6784937.50 110.55 265362.50 6784937.50 110.53 
          265387.50 6784937.50 110.50 265412.50 6784937.50 110.46 265437.50 6784937.50 110.43 265462.50 6784937.50 110.39 
          265487.50 6784937.50 110.35 265512.50 6784937.50 110.31 265537.50 6784937.50 110.26 265562.50 6784937.50 110.22 
          265587.50 6784937.50 110.18 265612.50 6784937.50 110.14 265637.50 6784937.50 110.10 265662.50 6784937.50 110.06 
          265687.50 6784937.50 110.02 265712.50 6784937.50 109.99 265737.50 6784937.50 109.97 265762.50 6784937.50 109.96 
          265787.50 6784937.50 109.96 265812.50 6784937.50 109.97 265837.50 6784937.50 109.98 265862.50 6784937.50 110.00 
          265887.50 6784937.50 110.03 265912.50 6784937.50 110.07 265937.50 6784937.50 110.11 265962.50 6784937.50 110.15 
          265987.50 6784937.50 110.20 266012.50 6784937.50 110.25 266037.50 6784937.50 110.30 266062.50 6784937.50 110.35 
          266087.50 6784937.50 110.40 266112.50 6784937.50 110.46 266137.50 6784937.50 110.52 266162.50 6784937.50 110.58 
          266187.50 6784937.50 110.64 266212.50 6784937.50 110.70 266237.50 6784937.50 110.77 266262.50 6784937.50 110.85 
          266287.50 6784937.50 110.92 266312.50 6784937.50 110.99 266337.50 6784937.50 111.06 266362.50 6784937.50 111.13 
          266387.50 6784937.50 111.21 266412.50 6784937.50 111.27 266437.50 6784937.50 111.34 266462.50 6784937.50 111.41 
          266487.50 6784937.50 111.47 266512.50 6784937.50 111.53 266537.50 6784937.50 111.59 266562.50 6784937.50 111.65 
          266587.50 6784937.50 111.71 266612.50 6784937.50 111.77 266637.50 6784937.50 111.82 266662.50 6784937.50 111.87 
          266687.50 6784937.50 111.91 266712.50 6784937.50 111.96 266737.50 6784937.50 112.00 266762.50 6784937.50 112.04 
          266787.50 6784937.50 112.08 266812.50 6784937.50 112.12 266837.50 6784937.50 112.15 266862.50 6784937.50 112.18 
          266887.50 6784937.50 112.21 266912.50 6784937.50 112.23 266937.50 6784937.50 112.25 266962.50 6784937.50 112.26 
          266987.50 6784937.50 112.27 267012.50 6784937.50 112.28 267037.50 6784937.50 112.29 267062.50 6784937.50 112.29 
          267087.50 6784937.50 112.29 264987.50 6784912.50 110.22 265012.50 6784912.50 110.22 265037.50 6784912.50 110.23 
          265062.50 6784912.50 110.24 265087.50 6784912.50 110.25 265112.50 6784912.50 110.26 265137.50 6784912.50 110.29 
          265162.50 6784912.50 110.31 265187.50 6784912.50 110.33 265212.50 6784912.50 110.34 265237.50 6784912.50 110.34 
          265262.50 6784912.50 110.33 265287.50 6784912.50 110.32 265312.50 6784912.50 110.31 265337.50 6784912.50 110.29 
          265362.50 6784912.50 110.26 265387.50 6784912.50 110.23 265412.50 6784912.50 110.20 265437.50 6784912.50 110.16 
          265462.50 6784912.50 110.12 265487.50 6784912.50 110.08 265512.50 6784912.50 110.04 265537.50 6784912.50 110.00 
          265562.50 6784912.50 109.96 265587.50 6784912.50 109.92 265612.50 6784912.50 109.88 265637.50 6784912.50 109.84 
          265662.50 6784912.50 109.80 265687.50 6784912.50 109.77 265712.50 6784912.50 109.75 265737.50 6784912.50 109.73 
          265762.50 6784912.50 109.72 265787.50 6784912.50 109.72 265812.50 6784912.50 109.73 265837.50 6784912.50 109.75 
          265862.50 6784912.50 109.78 265887.50 6784912.50 109.81 265912.50 6784912.50 109.86 265937.50 6784912.50 109.90 
          265962.50 6784912.50 109.96 265987.50 6784912.50 110.02 266012.50 6784912.50 110.07 266037.50 6784912.50 110.13 
          266062.50 6784912.50 110.19 266087.50 6784912.50 110.25 266112.50 6784912.50 110.32 266137.50 6784912.50 110.38 
          266162.50 6784912.50 110.45 266187.50 6784912.50 110.52 266212.50 6784912.50 110.60 266237.50 6784912.50 110.68 
          266262.50 6784912.50 110.76 266287.50 6784912.50 110.84 266312.50 6784912.50 110.92 266337.50 6784912.50 111.00 
          266362.50 6784912.50 111.08 266387.50 6784912.50 111.16 266412.50 6784912.50 111.24 266437.50 6784912.50 111.31 
          266462.50 6784912.50 111.39 266487.50 6784912.50 111.46 266512.50 6784912.50 111.53 266537.50 6784912.50 111.61 
          266562.50 6784912.50 111.68 266587.50 6784912.50 111.75 266612.50 6784912.50 111.81 266637.50 6784912.50 111.87 
          266662.50 6784912.50 111.93 266687.50 6784912.50 111.98 266712.50 6784912.50 112.03 266737.50 6784912.50 112.08 
          266762.50 6784912.50 112.13 266787.50 6784912.50 112.17 266812.50 6784912.50 112.21 266837.50 6784912.50 112.25 
          266862.50 6784912.50 112.28 266887.50 6784912.50 112.31 266912.50 6784912.50 112.34 266937.50 6784912.50 112.36 
          266962.50 6784912.50 112.37 266987.50 6784912.50 112.39 267012.50 6784912.50 112.40 267037.50 6784912.50 112.40 
          267062.50 6784912.50 112.40 267087.50 6784912.50 112.40 264987.50 6784887.50 109.97 265012.50 6784887.50 109.97 
          265037.50 6784887.50 109.98 265062.50 6784887.50 109.99 265087.50 6784887.50 110.00 265112.50 6784887.50 110.01 
          265137.50 6784887.50 110.04 265162.50 6784887.50 110.06 265187.50 6784887.50 110.08 265212.50 6784887.50 110.08 
          265237.50 6784887.50 110.08 265262.50 6784887.50 110.07 265287.50 6784887.50 110.06 265312.50 6784887.50 110.04 
          265337.50 6784887.50 110.02 265362.50 6784887.50 109.99 265387.50 6784887.50 109.96 265412.50 6784887.50 109.93 
          265437.50 6784887.50 109.89 265462.50 6784887.50 109.86 265487.50 6784887.50 109.82 265512.50 6784887.50 109.78 
          265537.50 6784887.50 109.74 265562.50 6784887.50 109.70 265587.50 6784887.50 109.66 265612.50 6784887.50 109.62 
          265637.50 6784887.50 109.59 265662.50 6784887.50 109.55 265687.50 6784887.50 109.52 265712.50 6784887.50 109.50 
          265737.50 6784887.50 109.48 265762.50 6784887.50 109.47 265787.50 6784887.50 109.48 265812.50 6784887.50 109.49 
          265837.50 6784887.50 109.52 265862.50 6784887.50 109.55 265887.50 6784887.50 109.59 265912.50 6784887.50 109.64 
          265937.50 6784887.50 109.70 265962.50 6784887.50 109.76 265987.50 6784887.50 109.83 266012.50 6784887.50 109.90 
          266037.50 6784887.50 109.97 266062.50 6784887.50 110.04 266087.50 6784887.50 110.11 266112.50 6784887.50 110.18 
          266137.50 6784887.50 110.25 266162.50 6784887.50 110.33 266187.50 6784887.50 110.41 266212.50 6784887.50 110.49 
          266237.50 6784887.50 110.58 266262.50 6784887.50 110.67 266287.50 6784887.50 110.76 266312.50 6784887.50 110.85 
          266337.50 6784887.50 110.94 266362.50 6784887.50 111.03 266387.50 6784887.50 111.11 266412.50 6784887.50 111.20 
          266437.50 6784887.50 111.28 266462.50 6784887.50 111.37 266487.50 6784887.50 111.45 266512.50 6784887.50 111.53 
          266537.50 6784887.50 111.62 266562.50 6784887.50 111.70 266587.50 6784887.50 111.78 266612.50 6784887.50 111.85 
          266637.50 6784887.50 111.92 266662.50 6784887.50 111.98 266687.50 6784887.50 112.04 266712.50 6784887.50 112.10 
          266737.50 6784887.50 112.16 266762.50 6784887.50 112.21 266787.50 6784887.50 112.26 266812.50 6784887.50 112.30 
          266837.50 6784887.50 112.35 266862.50 6784887.50 112.38 266887.50 6784887.50 112.41 266912.50 6784887.50 112.44 
          266937.50 6784887.50 112.46 266962.50 6784887.50 112.48 266987.50 6784887.50 112.49 267012.50 6784887.50 112.50 
          267037.50 6784887.50 112.51 267062.50 6784887.50 112.51 267087.50 6784887.50 112.51 264987.50 6784862.50 109.72 
          265012.50 6784862.50 109.72 265037.50 6784862.50 109.73 265062.50 6784862.50 109.74 265087.50 6784862.50 109.75 
          265112.50 6784862.50 109.76 265137.50 6784862.50 109.79 265162.50 6784862.50 109.81 265187.50 6784862.50 109.82 
          265212.50 6784862.50 109.82 265237.50 6784862.50 109.82 265262.50 6784862.50 109.80 265287.50 6784862.50 109.79 
          265312.50 6784862.50 109.77 265337.50 6784862.50 109.75 265362.50 6784862.50 109.72 265387.50 6784862.50 109.69 
          265412.50 6784862.50 109.66 265437.50 6784862.50 109.62 265462.50 6784862.50 109.59 265487.50 6784862.50 109.55 
          265512.50 6784862.50 109.51 265537.50 6784862.50 109.47 265562.50 6784862.50 109.43 265587.50 6784862.50 109.40 
          265612.50 6784862.50 109.36 265637.50 6784862.50 109.33 265662.50 6784862.50 109.30 265687.50 6784862.50 109.27 
          265712.50 6784862.50 109.25 265737.50 6784862.50 109.24 265762.50 6784862.50 109.23 265787.50 6784862.50 109.23 
          265812.50 6784862.50 109.26 265837.50 6784862.50 109.29 265862.50 6784862.50 109.33 265887.50 6784862.50 109.38 
          265912.50 6784862.50 109.43 265937.50 6784862.50 109.50 265962.50 6784862.50 109.57 265987.50 6784862.50 109.64 
          266012.50 6784862.50 109.72 266037.50 6784862.50 109.80 266062.50 6784862.50 109.88 266087.50 6784862.50 109.96 
          266112.50 6784862.50 110.04 266137.50 6784862.50 110.13 266162.50 6784862.50 110.21 266187.50 6784862.50 110.29 
          266212.50 6784862.50 110.38 266237.50 6784862.50 110.48 266262.50 6784862.50 110.57 266287.50 6784862.50 110.68 
          266312.50 6784862.50 110.78 266337.50 6784862.50 110.87 266362.50 6784862.50 110.97 266387.50 6784862.50 111.07 
          266412.50 6784862.50 111.16 266437.50 6784862.50 111.25 266462.50 6784862.50 111.35 266487.50 6784862.50 111.44 
          266512.50 6784862.50 111.53 266537.50 6784862.50 111.63 266562.50 6784862.50 111.72 266587.50 6784862.50 111.80 
          266612.50 6784862.50 111.88 266637.50 6784862.50 111.96 266662.50 6784862.50 112.03 266687.50 6784862.50 112.10 
          266712.50 6784862.50 112.16 266737.50 6784862.50 112.23 266762.50 6784862.50 112.29 266787.50 6784862.50 112.34 
          266812.50 6784862.50 112.39 266837.50 6784862.50 112.43 266862.50 6784862.50 112.47 266887.50 6784862.50 112.51 
          266912.50 6784862.50 112.53 266937.50 6784862.50 112.56 266962.50 6784862.50 112.58 266987.50 6784862.50 112.59 
          267012.50 6784862.50 112.60 267037.50 6784862.50 112.60 267062.50 6784862.50 112.61 267087.50 6784862.50 112.61 
          264987.50 6784837.50 109.46 265012.50 6784837.50 109.47 265037.50 6784837.50 109.47 265062.50 6784837.50 109.49 
          265087.50 6784837.50 109.50 265112.50 6784837.50 109.52 265137.50 6784837.50 109.53 265162.50 6784837.50 109.55 
          265187.50 6784837.50 109.56 265212.50 6784837.50 109.55 265237.50 6784837.50 109.55 265262.50 6784837.50 109.53 
          265287.50 6784837.50 109.52 265312.50 6784837.50 109.49 265337.50 6784837.50 109.47 265362.50 6784837.50 109.44 
          265387.50 6784837.50 109.41 265412.50 6784837.50 109.38 265437.50 6784837.50 109.34 265462.50 6784837.50 109.31 
          265487.50 6784837.50 109.27 265512.50 6784837.50 109.24 265537.50 6784837.50 109.20 265562.50 6784837.50 109.17 
          265587.50 6784837.50 109.13 265612.50 6784837.50 109.10 265637.50 6784837.50 109.07 265662.50 6784837.50 109.04 
          265687.50 6784837.50 109.02 265712.50 6784837.50 109.00 265737.50 6784837.50 109.00 265762.50 6784837.50 108.99 
          265787.50 6784837.50 109.00 265812.50 6784837.50 109.02 265837.50 6784837.50 109.06 265862.50 6784837.50 109.10 
          265887.50 6784837.50 109.16 265912.50 6784837.50 109.22 265937.50 6784837.50 109.29 265962.50 6784837.50 109.37 
          265987.50 6784837.50 109.45 266012.50 6784837.50 109.54 266037.50 6784837.50 109.63 266062.50 6784837.50 109.73 
          266087.50 6784837.50 109.82 266112.50 6784837.50 109.91 266137.50 6784837.50 110.00 266162.50 6784837.50 110.09 
          266187.50 6784837.50 110.18 266212.50 6784837.50 110.27 266237.50 6784837.50 110.38 266262.50 6784837.50 110.48 
          266287.50 6784837.50 110.59 266312.50 6784837.50 110.70 266337.50 6784837.50 110.81 266362.50 6784837.50 110.92 
          266387.50 6784837.50 111.02 266412.50 6784837.50 111.12 266437.50 6784837.50 111.22 266462.50 6784837.50 111.33 
          266487.50 6784837.50 111.43 266512.50 6784837.50 111.53 266537.50 6784837.50 111.63 266562.50 6784837.50 111.73 
          266587.50 6784837.50 111.83 266612.50 6784837.50 111.91 266637.50 6784837.50 112.00 266662.50 6784837.50 112.08 
          266687.50 6784837.50 112.15 266712.50 6784837.50 112.22 266737.50 6784837.50 112.29 266762.50 6784837.50 112.36 
          266787.50 6784837.50 112.41 266812.50 6784837.50 112.47 266837.50 6784837.50 112.51 266862.50 6784837.50 112.56 
          266887.50 6784837.50 112.59 266912.50 6784837.50 112.62 266937.50 6784837.50 112.65 266962.50 6784837.50 112.67 
          266987.50 6784837.50 112.68 267012.50 6784837.50 112.69 267037.50 6784837.50 112.70 267062.50 6784837.50 112.70 
          267087.50 6784837.50 112.70 264987.50 6784812.50 109.21 265012.50 6784812.50 109.22 265037.50 6784812.50 109.23 
          265062.50 6784812.50 109.24 265087.50 6784812.50 109.25 265112.50 6784812.50 109.27 265137.50 6784812.50 109.28 
          265162.50 6784812.50 109.29 265187.50 6784812.50 109.30 265212.50 6784812.50 109.29 265237.50 6784812.50 109.28 
          265262.50 6784812.50 109.26 265287.50 6784812.50 109.24 265312.50 6784812.50 109.22 265337.50 6784812.50 109.19 
          265362.50 6784812.50 109.16 265387.50 6784812.50 109.13 265412.50 6784812.50 109.10 265437.50 6784812.50 109.07 
          265462.50 6784812.50 109.03 265487.50 6784812.50 108.99 265512.50 6784812.50 108.96 265537.50 6784812.50 108.92 
          265562.50 6784812.50 108.89 265587.50 6784812.50 108.86 265612.50 6784812.50 108.83 265637.50 6784812.50 108.80 
          265662.50 6784812.50 108.78 265687.50 6784812.50 108.77 265712.50 6784812.50 108.76 265737.50 6784812.50 108.75 
          265762.50 6784812.50 108.76 265787.50 6784812.50 108.76 265812.50 6784812.50 108.79 265837.50 6784812.50 108.82 
          265862.50 6784812.50 108.87 265887.50 6784812.50 108.93 265912.50 6784812.50 109.00 265937.50 6784812.50 109.08 
          265962.50 6784812.50 109.17 265987.50 6784812.50 109.26 266012.50 6784812.50 109.36 266037.50 6784812.50 109.47 
          266062.50 6784812.50 109.57 266087.50 6784812.50 109.67 266112.50 6784812.50 109.77 266137.50 6784812.50 109.87 
          266162.50 6784812.50 109.97 266187.50 6784812.50 110.07 266212.50 6784812.50 110.17 266237.50 6784812.50 110.28 
          266262.50 6784812.50 110.40 266287.50 6784812.50 110.52 266312.50 6784812.50 110.63 266337.50 6784812.50 110.75 
          266362.50 6784812.50 110.86 266387.50 6784812.50 110.97 266412.50 6784812.50 111.08 266437.50 6784812.50 111.19 
          266462.50 6784812.50 111.31 266487.50 6784812.50 111.42 266512.50 6784812.50 111.52 266537.50 6784812.50 111.63 
          266562.50 6784812.50 111.74 266587.50 6784812.50 111.84 266612.50 6784812.50 111.94 266637.50 6784812.50 112.03 
          266662.50 6784812.50 112.12 266687.50 6784812.50 112.20 266712.50 6784812.50 112.28 266737.50 6784812.50 112.35 
          266762.50 6784812.50 112.42 266787.50 6784812.50 112.48 266812.50 6784812.50 112.54 266837.50 6784812.50 112.59 
          266862.50 6784812.50 112.64 266887.50 6784812.50 112.68 266912.50 6784812.50 112.71 266937.50 6784812.50 112.73 
          266962.50 6784812.50 112.76 266987.50 6784812.50 112.77 267012.50 6784812.50 112.78 267037.50 6784812.50 112.79 
          267062.50 6784812.50 112.79 267087.50 6784812.50 112.79 264987.50 6784787.50 108.97 265012.50 6784787.50 108.97 
          265037.50 6784787.50 108.98 265062.50 6784787.50 108.99 265087.50 6784787.50 109.00 265112.50 6784787.50 109.02 
          265137.50 6784787.50 109.03 265162.50 6784787.50 109.04 265187.50 6784787.50 109.04 265212.50 6784787.50 109.03 
          265237.50 6784787.50 109.01 265262.50 6784787.50 108.99 265287.50 6784787.50 108.96 265312.50 6784787.50 108.94 
          265337.50 6784787.50 108.91 265362.50 6784787.50 108.88 265387.50 6784787.50 108.85 265412.50 6784787.50 108.82 
          265437.50 6784787.50 108.78 265462.50 6784787.50 108.75 265487.50 6784787.50 108.71 265512.50 6784787.50 108.68 
          265537.50 6784787.50 108.65 265562.50 6784787.50 108.62 265587.50 6784787.50 108.59 265612.50 6784787.50 108.56 
          265637.50 6784787.50 108.54 265662.50 6784787.50 108.52 265687.50 6784787.50 108.52 265712.50 6784787.50 108.51 
          265737.50 6784787.50 108.51 265762.50 6784787.50 108.52 265787.50 6784787.50 108.53 265812.50 6784787.50 108.55 
          265837.50 6784787.50 108.59 265862.50 6784787.50 108.64 265887.50 6784787.50 108.70 265912.50 6784787.50 108.78 
          265937.50 6784787.50 108.87 265962.50 6784787.50 108.96 265987.50 6784787.50 109.07 266012.50 6784787.50 109.18 
          266037.50 6784787.50 109.29 266062.50 6784787.50 109.41 266087.50 6784787.50 109.52 266112.50 6784787.50 109.63 
          266137.50 6784787.50 109.74 266162.50 6784787.50 109.85 266187.50 6784787.50 109.96 266212.50 6784787.50 110.08 
          266237.50 6784787.50 110.19 266262.50 6784787.50 110.31 266287.50 6784787.50 110.44 266312.50 6784787.50 110.56 
          266337.50 6784787.50 110.68 266362.50 6784787.50 110.80 266387.50 6784787.50 110.92 266412.50 6784787.50 111.04 
          266437.50 6784787.50 111.16 266462.50 6784787.50 111.28 266487.50 6784787.50 111.40 266512.50 6784787.50 111.52 
          266537.50 6784787.50 111.64 266562.50 6784787.50 111.75 266587.50 6784787.50 111.86 266612.50 6784787.50 111.96 
          266637.50 6784787.50 112.06 266662.50 6784787.50 112.16 266687.50 6784787.50 112.25 266712.50 6784787.50 112.33 
          266737.50 6784787.50 112.41 266762.50 6784787.50 112.48 266787.50 6784787.50 112.55 266812.50 6784787.50 112.61 
          266837.50 6784787.50 112.67 266862.50 6784787.50 112.72 266887.50 6784787.50 112.76 266912.50 6784787.50 112.79 
          266937.50 6784787.50 112.82 266962.50 6784787.50 112.84 266987.50 6784787.50 112.86 267012.50 6784787.50 112.87 
          267037.50 6784787.50 112.87 267062.50 6784787.50 112.88 267087.50 6784787.50 112.88 264987.50 6784762.50 108.73 
          265012.50 6784762.50 108.73 265037.50 6784762.50 108.73 265062.50 6784762.50 108.74 265087.50 6784762.50 108.76 
          265112.50 6784762.50 108.78 265137.50 6784762.50 108.78 265162.50 6784762.50 108.78 265187.50 6784762.50 108.77 
          265212.50 6784762.50 108.76 265237.50 6784762.50 108.74 265262.50 6784762.50 108.71 265287.50 6784762.50 108.69 
          265312.50 6784762.50 108.66 265337.50 6784762.50 108.63 265362.50 6784762.50 108.59 265387.50 6784762.50 108.57 
          265412.50 6784762.50 108.53 265437.50 6784762.50 108.49 265462.50 6784762.50 108.46 265487.50 6784762.50 108.43 
          265512.50 6784762.50 108.39 265537.50 6784762.50 108.37 265562.50 6784762.50 108.34 265587.50 6784762.50 108.31 
          265612.50 6784762.50 108.29 265637.50 6784762.50 108.27 265662.50 6784762.50 108.26 265687.50 6784762.50 108.26 
          265712.50 6784762.50 108.26 265737.50 6784762.50 108.27 265762.50 6784762.50 108.28 265787.50 6784762.50 108.30 
          265812.50 6784762.50 108.32 265837.50 6784762.50 108.35 265862.50 6784762.50 108.41 265887.50 6784762.50 108.48 
          265912.50 6784762.50 108.56 265937.50 6784762.50 108.65 265962.50 6784762.50 108.75 265987.50 6784762.50 108.87 
          266012.50 6784762.50 108.99 266037.50 6784762.50 109.12 266062.50 6784762.50 109.24 266087.50 6784762.50 109.37 
          266112.50 6784762.50 109.49 266137.50 6784762.50 109.61 266162.50 6784762.50 109.73 266187.50 6784762.50 109.85 
          266212.50 6784762.50 109.98 266237.50 6784762.50 110.10 266262.50 6784762.50 110.23 266287.50 6784762.50 110.36 
          266312.50 6784762.50 110.49 266337.50 6784762.50 110.61 266362.50 6784762.50 110.74 266387.50 6784762.50 110.87 
          266412.50 6784762.50 111.00 266437.50 6784762.50 111.13 266462.50 6784762.50 111.26 266487.50 6784762.50 111.39 
          266512.50 6784762.50 111.51 266537.50 6784762.50 111.64 266562.50 6784762.50 111.76 266587.50 6784762.50 111.87 
          266612.50 6784762.50 111.99 266637.50 6784762.50 112.09 266662.50 6784762.50 112.20 266687.50 6784762.50 112.29 
          266712.50 6784762.50 112.38 266737.50 6784762.50 112.46 266762.50 6784762.50 112.54 266787.50 6784762.50 112.61 
          266812.50 6784762.50 112.68 266837.50 6784762.50 112.74 266862.50 6784762.50 112.79 266887.50 6784762.50 112.83 
          266912.50 6784762.50 112.87 266937.50 6784762.50 112.90 266962.50 6784762.50 112.92 266987.50 6784762.50 112.94 
          267012.50 6784762.50 112.95 267037.50 6784762.50 112.96 267062.50 6784762.50 112.97 267087.50 6784762.50 112.97 
          264987.50 6784737.50 108.49 265012.50 6784737.50 108.49 265037.50 6784737.50 108.49 265062.50 6784737.50 108.50 
          265087.50 6784737.50 108.51 265112.50 6784737.50 108.52 265137.50 6784737.50 108.52 265162.50 6784737.50 108.52 
          265187.50 6784737.50 108.51 265212.50 6784737.50 108.49 265237.50 6784737.50 108.46 265262.50 6784737.50 108.44 
          265287.50 6784737.50 108.41 265312.50 6784737.50 108.38 265337.50 6784737.50 108.34 265362.50 6784737.50 108.31 
          265387.50 6784737.50 108.27 265412.50 6784737.50 108.24 265437.50 6784737.50 108.20 265462.50 6784737.50 108.16 
          265487.50 6784737.50 108.13 265512.50 6784737.50 108.10 265537.50 6784737.50 108.08 265562.50 6784737.50 108.05 
          265587.50 6784737.50 108.03 265612.50 6784737.50 108.01 265637.50 6784737.50 108.00 265662.50 6784737.50 108.00 
          265687.50 6784737.50 108.00 265712.50 6784737.50 108.01 265737.50 6784737.50 108.02 265762.50 6784737.50 108.04 
          265787.50 6784737.50 108.06 265812.50 6784737.50 108.08 265837.50 6784737.50 108.12 265862.50 6784737.50 108.17 
          265887.50 6784737.50 108.24 265912.50 6784737.50 108.32 265937.50 6784737.50 108.42 265962.50 6784737.50 108.53 
          265987.50 6784737.50 108.66 266012.50 6784737.50 108.80 266037.50 6784737.50 108.94 266062.50 6784737.50 109.08 
          266087.50 6784737.50 109.22 266112.50 6784737.50 109.35 266137.50 6784737.50 109.48 266162.50 6784737.50 109.61 
          266187.50 6784737.50 109.75 266212.50 6784737.50 109.88 266237.50 6784737.50 110.02 266262.50 6784737.50 110.15 
          266287.50 6784737.50 110.28 266312.50 6784737.50 110.41 266337.50 6784737.50 110.55 266362.50 6784737.50 110.69 
          266387.50 6784737.50 110.83 266412.50 6784737.50 110.97 266437.50 6784737.50 111.10 266462.50 6784737.50 111.24 
          266487.50 6784737.50 111.37 266512.50 6784737.50 111.51 266537.50 6784737.50 111.64 266562.50 6784737.50 111.77 
          266587.50 6784737.50 111.89 266612.50 6784737.50 112.01 266637.50 6784737.50 112.12 266662.50 6784737.50 112.23 
          266687.50 6784737.50 112.33 266712.50 6784737.50 112.43 266737.50 6784737.50 112.52 266762.50 6784737.50 112.60 
          266787.50 6784737.50 112.68 266812.50 6784737.50 112.75 266837.50 6784737.50 112.81 266862.50 6784737.50 112.86 
          266887.50 6784737.50 112.91 266912.50 6784737.50 112.95 266937.50 6784737.50 112.98 266962.50 6784737.50 113.00 
          266987.50 6784737.50 113.02 267012.50 6784737.50 113.04 267037.50 6784737.50 113.05 267062.50 6784737.50 113.05 
          267087.50 6784737.50 113.05 264987.50 6784712.50 108.26 265012.50 6784712.50 108.25 265037.50 6784712.50 108.25 
          265062.50 6784712.50 108.26 265087.50 6784712.50 108.27 265112.50 6784712.50 108.27 265137.50 6784712.50 108.26 
          265162.50 6784712.50 108.25 265187.50 6784712.50 108.24 265212.50 6784712.50 108.22 265237.50 6784712.50 108.19 
          265262.50 6784712.50 108.16 265287.50 6784712.50 108.13 265312.50 6784712.50 108.09 265337.50 6784712.50 108.05 
          265362.50 6784712.50 108.02 265387.50 6784712.50 107.98 265412.50 6784712.50 107.93 265437.50 6784712.50 107.90 
          265462.50 6784712.50 107.87 265487.50 6784712.50 107.83 265512.50 6784712.50 107.81 265537.50 6784712.50 107.78 
          265562.50 6784712.50 107.76 265587.50 6784712.50 107.74 265612.50 6784712.50 107.73 265637.50 6784712.50 107.73 
          265662.50 6784712.50 107.73 265687.50 6784712.50 107.74 265712.50 6784712.50 107.75 265737.50 6784712.50 107.77 
          265762.50 6784712.50 107.79 265787.50 6784712.50 107.82 265812.50 6784712.50 107.85 265837.50 6784712.50 107.88 
          265862.50 6784712.50 107.93 265887.50 6784712.50 108.00 265912.50 6784712.50 108.08 265937.50 6784712.50 108.18 
          265962.50 6784712.50 108.30 265987.50 6784712.50 108.44 266012.50 6784712.50 108.60 266037.50 6784712.50 108.75 
          266062.50 6784712.50 108.91 266087.50 6784712.50 109.07 266112.50 6784712.50 109.22 266137.50 6784712.50 109.36 
          266162.50 6784712.50 109.50 266187.50 6784712.50 109.65 266212.50 6784712.50 109.79 266237.50 6784712.50 109.93 
          266262.50 6784712.50 110.06 266287.50 6784712.50 110.21 266312.50 6784712.50 110.35 266337.50 6784712.50 110.50 
          266362.50 6784712.50 110.65 266387.50 6784712.50 110.79 266412.50 6784712.50 110.93 266437.50 6784712.50 111.08 
          266462.50 6784712.50 111.22 266487.50 6784712.50 111.36 266512.50 6784712.50 111.50 266537.50 6784712.50 111.64 
          266562.50 6784712.50 111.77 266587.50 6784712.50 111.90 266612.50 6784712.50 112.03 266637.50 6784712.50 112.15 
          266662.50 6784712.50 112.26 266687.50 6784712.50 112.37 266712.50 6784712.50 112.47 266737.50 6784712.50 112.57 
          266762.50 6784712.50 112.66 266787.50 6784712.50 112.74 266812.50 6784712.50 112.81 266837.50 6784712.50 112.88 
          266862.50 6784712.50 112.93 266887.50 6784712.50 112.98 266912.50 6784712.50 113.03 266937.50 6784712.50 113.06 
          266962.50 6784712.50 113.08 266987.50 6784712.50 113.11 267012.50 6784712.50 113.12 267037.50 6784712.50 113.13 
          267062.50 6784712.50 113.14 267087.50 6784712.50 113.14 264987.50 6784687.50 108.02 265012.50 6784687.50 108.01 
          265037.50 6784687.50 108.01 265062.50 6784687.50 108.01 265087.50 6784687.50 108.01 265112.50 6784687.50 108.01 
          265137.50 6784687.50 108.00 265162.50 6784687.50 107.99 265187.50 6784687.50 107.97 265212.50 6784687.50 107.95 
          265237.50 6784687.50 107.92 265262.50 6784687.50 107.88 265287.50 6784687.50 107.85 265312.50 6784687.50 107.81 
          265337.50 6784687.50 107.77 265362.50 6784687.50 107.73 265387.50 6784687.50 107.68 265412.50 6784687.50 107.64 
          265437.50 6784687.50 107.60 265462.50 6784687.50 107.56 265487.50 6784687.50 107.53 265512.50 6784687.50 107.50 
          265537.50 6784687.50 107.48 265562.50 6784687.50 107.46 265587.50 6784687.50 107.45 265612.50 6784687.50 107.44 
          265637.50 6784687.50 107.45 265662.50 6784687.50 107.45 265687.50 6784687.50 107.47 265712.50 6784687.50 107.49 
          265737.50 6784687.50 107.51 265762.50 6784687.50 107.54 265787.50 6784687.50 107.57 265812.50 6784687.50 107.61 
          265837.50 6784687.50 107.65 265862.50 6784687.50 107.69 265887.50 6784687.50 107.75 265912.50 6784687.50 107.83 
          265937.50 6784687.50 107.93 265962.50 6784687.50 108.05 265987.50 6784687.50 108.22 266012.50 6784687.50 108.39 
          266037.50 6784687.50 108.58 266062.50 6784687.50 108.75 266087.50 6784687.50 108.92 266112.50 6784687.50 109.09 
          266137.50 6784687.50 109.24 266162.50 6784687.50 109.40 266187.50 6784687.50 109.55 266212.50 6784687.50 109.70 
          266237.50 6784687.50 109.84 266262.50 6784687.50 109.99 266287.50 6784687.50 110.14 266312.50 6784687.50 110.29 
          266337.50 6784687.50 110.45 266362.50 6784687.50 110.60 266387.50 6784687.50 110.75 266412.50 6784687.50 110.90 
          266437.50 6784687.50 111.05 266462.50 6784687.50 111.20 266487.50 6784687.50 111.35 266512.50 6784687.50 111.50 
          266537.50 6784687.50 111.64 266562.50 6784687.50 111.78 266587.50 6784687.50 111.92 266612.50 6784687.50 112.05 
          266637.50 6784687.50 112.18 266662.50 6784687.50 112.30 266687.50 6784687.50 112.41 266712.50 6784687.50 112.52 
          266737.50 6784687.50 112.62 266762.50 6784687.50 112.71 266787.50 6784687.50 112.79 266812.50 6784687.50 112.87 
          266837.50 6784687.50 112.94 266862.50 6784687.50 113.00 266887.50 6784687.50 113.06 266912.50 6784687.50 113.10 
          266937.50 6784687.50 113.14 266962.50 6784687.50 113.16 266987.50 6784687.50 113.19 267012.50 6784687.50 113.20 
          267037.50 6784687.50 113.22 267062.50 6784687.50 113.22 267087.50 6784687.50 113.22 264987.50 6784662.50 107.76 
          265012.50 6784662.50 107.76 265037.50 6784662.50 107.75 265062.50 6784662.50 107.75 265087.50 6784662.50 107.75 
          265112.50 6784662.50 107.74 265137.50 6784662.50 107.74 265162.50 6784662.50 107.72 265187.50 6784662.50 107.70 
          265212.50 6784662.50 107.67 265237.50 6784662.50 107.64 265262.50 6784662.50 107.60 265287.50 6784662.50 107.56 
          265312.50 6784662.50 107.52 265337.50 6784662.50 107.48 265362.50 6784662.50 107.43 265387.50 6784662.50 107.39 
          265412.50 6784662.50 107.35 265437.50 6784662.50 107.30 265462.50 6784662.50 107.27 265487.50 6784662.50 107.23 
          265512.50 6784662.50 107.20 265537.50 6784662.50 107.17 265562.50 6784662.50 107.16 265587.50 6784662.50 107.15 
          265612.50 6784662.50 107.15 265637.50 6784662.50 107.16 265662.50 6784662.50 107.17 265687.50 6784662.50 107.20 
          265712.50 6784662.50 107.23 265737.50 6784662.50 107.26 265762.50 6784662.50 107.30 265787.50 6784662.50 107.33 
          265812.50 6784662.50 107.37 265837.50 6784662.50 107.42 265862.50 6784662.50 107.46 265887.50 6784662.50 107.50 
          265912.50 6784662.50 107.57 265937.50 6784662.50 107.65 265962.50 6784662.50 107.78 265987.50 6784662.50 107.98 
          266012.50 6784662.50 108.19 266037.50 6784662.50 108.40 266062.50 6784662.50 108.60 266087.50 6784662.50 108.78 
          266112.50 6784662.50 108.96 266137.50 6784662.50 109.14 266162.50 6784662.50 109.31 266187.50 6784662.50 109.46 
          266212.50 6784662.50 109.62 266237.50 6784662.50 109.77 266262.50 6784662.50 109.93 266287.50 6784662.50 110.08 
          266312.50 6784662.50 110.24 266337.50 6784662.50 110.40 266362.50 6784662.50 110.56 266387.50 6784662.50 110.72 
          266412.50 6784662.50 110.87 266437.50 6784662.50 111.03 266462.50 6784662.50 111.18 266487.50 6784662.50 111.34 
          266512.50 6784662.50 111.49 266537.50 6784662.50 111.64 266562.50 6784662.50 111.79 266587.50 6784662.50 111.93 
          266612.50 6784662.50 112.07 266637.50 6784662.50 112.20 266662.50 6784662.50 112.33 266687.50 6784662.50 112.45 
          266712.50 6784662.50 112.56 266737.50 6784662.50 112.67 266762.50 6784662.50 112.76 266787.50 6784662.50 112.85 
          266812.50 6784662.50 112.93 266837.50 6784662.50 113.00 266862.50 6784662.50 113.07 266887.50 6784662.50 113.12 
          266912.50 6784662.50 113.17 266937.50 6784662.50 113.21 266962.50 6784662.50 113.24 266987.50 6784662.50 113.27 
          267012.50 6784662.50 113.29 267037.50 6784662.50 113.30 267062.50 6784662.50 113.30 267087.50 6784662.50 113.30 
          264987.50 6784637.50 107.49 265012.50 6784637.50 107.49 265037.50 6784637.50 107.48 265062.50 6784637.50 107.48 
          265087.50 6784637.50 107.48 265112.50 6784637.50 107.48 265137.50 6784637.50 107.47 265162.50 6784637.50 107.45 
          265187.50 6784637.50 107.42 265212.50 6784637.50 107.39 265237.50 6784637.50 107.35 265262.50 6784637.50 107.31 
          265287.50 6784637.50 107.27 265312.50 6784637.50 107.23 265337.50 6784637.50 107.18 265362.50 6784637.50 107.13 
          265387.50 6784637.50 107.09 265412.50 6784637.50 107.04 265437.50 6784637.50 107.00 265462.50 6784637.50 106.97 
          265487.50 6784637.50 106.93 265512.50 6784637.50 106.90 265537.50 6784637.50 106.87 265562.50 6784637.50 106.85 
          265587.50 6784637.50 106.85 265612.50 6784637.50 106.85 265637.50 6784637.50 106.86 265662.50 6784637.50 106.89 
          265687.50 6784637.50 106.92 265712.50 6784637.50 106.96 265737.50 6784637.50 107.00 265762.50 6784637.50 107.05 
          265787.50 6784637.50 107.09 265812.50 6784637.50 107.14 265837.50 6784637.50 107.18 265862.50 6784637.50 107.22 
          265887.50 6784637.50 107.26 265912.50 6784637.50 107.29 265937.50 6784637.50 107.34 265962.50 6784637.50 107.44 
          265987.50 6784637.50 107.72 266012.50 6784637.50 107.99 266037.50 6784637.50 108.23 266062.50 6784637.50 108.45 
          266087.50 6784637.50 108.66 266112.50 6784637.50 108.85 266137.50 6784637.50 109.04 266162.50 6784637.50 109.22 
          266187.50 6784637.50 109.39 266212.50 6784637.50 109.55 266237.50 6784637.50 109.71 266262.50 6784637.50 109.86 
          266287.50 6784637.50 110.03 266312.50 6784637.50 110.19 266337.50 6784637.50 110.36 266362.50 6784637.50 110.52 
          266387.50 6784637.50 110.68 266412.50 6784637.50 110.85 266437.50 6784637.50 111.01 266462.50 6784637.50 111.17 
          266487.50 6784637.50 111.33 266512.50 6784637.50 111.49 266537.50 6784637.50 111.64 266562.50 6784637.50 111.80 
          266587.50 6784637.50 111.95 266612.50 6784637.50 112.09 266637.50 6784637.50 112.23 266662.50 6784637.50 112.36 
          266687.50 6784637.50 112.49 266712.50 6784637.50 112.60 266737.50 6784637.50 112.71 266762.50 6784637.50 112.81 
          266787.50 6784637.50 112.90 266812.50 6784637.50 112.99 266837.50 6784637.50 113.06 266862.50 6784637.50 113.13 
          266887.50 6784637.50 113.19 266912.50 6784637.50 113.24 266937.50 6784637.50 113.29 266962.50 6784637.50 113.32 
          266987.50 6784637.50 113.35 267012.50 6784637.50 113.37 267037.50 6784637.50 113.38 267062.50 6784637.50 113.39 
          267087.50 6784637.50 113.39 264987.50 6784612.50 107.23 265012.50 6784612.50 107.23 265037.50 6784612.50 107.23 
          265062.50 6784612.50 107.22 265087.50 6784612.50 107.22 265112.50 6784612.50 107.21 265137.50 6784612.50 107.20 
          265162.50 6784612.50 107.17 265187.50 6784612.50 107.14 265212.50 6784612.50 107.11 265237.50 6784612.50 107.07 
          265262.50 6784612.50 107.03 265287.50 6784612.50 106.98 265312.50 6784612.50 106.93 265337.50 6784612.50 106.88 
          265362.50 6784612.50 106.83 265387.50 6784612.50 106.79 265412.50 6784612.50 106.74 265437.50 6784612.50 106.70 
          265462.50 6784612.50 106.65 265487.50 6784612.50 106.62 265512.50 6784612.50 106.59 265537.50 6784612.50 106.56 
          265562.50 6784612.50 106.55 265587.50 6784612.50 106.54 265612.50 6784612.50 106.55 265637.50 6784612.50 106.57 
          265662.50 6784612.50 106.60 265687.50 6784612.50 106.64 265712.50 6784612.50 106.68 265737.50 6784612.50 106.74 
          265762.50 6784612.50 106.79 265787.50 6784612.50 106.85 265812.50 6784612.50 106.90 265837.50 6784612.50 106.95 
          265862.50 6784612.50 107.00 265887.50 6784612.50 107.02 265912.50 6784612.50 107.01 265937.50 6784612.50 106.91 
          265962.50 6784612.50 106.73 265987.50 6784612.50 107.45 266012.50 6784612.50 107.82 266037.50 6784612.50 108.09 
          266062.50 6784612.50 108.33 266087.50 6784612.50 108.55 266112.50 6784612.50 108.76 266137.50 6784612.50 108.96 
          266162.50 6784612.50 109.14 266187.50 6784612.50 109.32 266212.50 6784612.50 109.49 266237.50 6784612.50 109.66 
          266262.50 6784612.50 109.82 266287.50 6784612.50 109.98 266312.50 6784612.50 110.14 266337.50 6784612.50 110.32 
          266362.50 6784612.50 110.48 266387.50 6784612.50 110.65 266412.50 6784612.50 110.82 266437.50 6784612.50 110.99 
          266462.50 6784612.50 111.16 266487.50 6784612.50 111.32 266512.50 6784612.50 111.49 266537.50 6784612.50 111.65 
          266562.50 6784612.50 111.81 266587.50 6784612.50 111.96 266612.50 6784612.50 112.11 266637.50 6784612.50 112.26 
          266662.50 6784612.50 112.39 266687.50 6784612.50 112.52 266712.50 6784612.50 112.64 266737.50 6784612.50 112.76 
          266762.50 6784612.50 112.86 266787.50 6784612.50 112.96 266812.50 6784612.50 113.04 266837.50 6784612.50 113.12 
          266862.50 6784612.50 113.20 266887.50 6784612.50 113.26 266912.50 6784612.50 113.31 266937.50 6784612.50 113.36 
          266962.50 6784612.50 113.39 266987.50 6784612.50 113.42 267012.50 6784612.50 113.45 267037.50 6784612.50 113.46 
          267062.50 6784612.50 113.47 267087.50 6784612.50 113.47 264987.50 6784587.50 106.97 265012.50 6784587.50 106.96 
          265037.50 6784587.50 106.96 265062.50 6784587.50 106.95 265087.50 6784587.50 106.95 265112.50 6784587.50 106.94 
          265137.50 6784587.50 106.92 265162.50 6784587.50 106.90 265187.50 6784587.50 106.87 265212.50 6784587.50 106.83 
          265237.50 6784587.50 106.78 265262.50 6784587.50 106.73 265287.50 6784587.50 106.68 265312.50 6784587.50 106.63 
          265337.50 6784587.50 106.58 265362.50 6784587.50 106.53 265387.50 6784587.50 106.48 265412.50 6784587.50 106.43 
          265437.50 6784587.50 106.38 265462.50 6784587.50 106.34 265487.50 6784587.50 106.30 265512.50 6784587.50 106.27 
          265537.50 6784587.50 106.25 265562.50 6784587.50 106.24 265587.50 6784587.50 106.24 265612.50 6784587.50 106.25 
          265637.50 6784587.50 106.28 265662.50 6784587.50 106.32 265687.50 6784587.50 106.36 265712.50 6784587.50 106.41 
          265737.50 6784587.50 106.47 265762.50 6784587.50 106.53 265787.50 6784587.50 106.60 265812.50 6784587.50 106.66 
          265837.50 6784587.50 106.73 265862.50 6784587.50 106.79 265887.50 6784587.50 106.82 265912.50 6784587.50 106.71 
          265937.50 6784587.50 106.95 265962.50 6784587.50 107.11 265987.50 6784587.50 107.43 266012.50 6784587.50 107.72 
          266037.50 6784587.50 107.98 266062.50 6784587.50 108.23 266087.50 6784587.50 108.45 266112.50 6784587.50 108.66 
          266137.50 6784587.50 108.87 266162.50 6784587.50 109.07 266187.50 6784587.50 109.26 266212.50 6784587.50 109.44 
          266237.50 6784587.50 109.61 266262.50 6784587.50 109.78 266287.50 6784587.50 109.94 266312.50 6784587.50 110.11 
          266337.50 6784587.50 110.28 266362.50 6784587.50 110.45 266387.50 6784587.50 110.63 266412.50 6784587.50 110.80 
          266437.50 6784587.50 110.98 266462.50 6784587.50 111.15 266487.50 6784587.50 111.32 266512.50 6784587.50 111.49 
          266537.50 6784587.50 111.65 266562.50 6784587.50 111.82 266587.50 6784587.50 111.98 266612.50 6784587.50 112.14 
          266637.50 6784587.50 112.29 266662.50 6784587.50 112.43 266687.50 6784587.50 112.56 266712.50 6784587.50 112.69 
          266737.50 6784587.50 112.80 266762.50 6784587.50 112.91 266787.50 6784587.50 113.01 266812.50 6784587.50 113.10 
          266837.50 6784587.50 113.18 266862.50 6784587.50 113.26 266887.50 6784587.50 113.32 266912.50 6784587.50 113.38 
          266937.50 6784587.50 113.43 266962.50 6784587.50 113.47 266987.50 6784587.50 113.50 267012.50 6784587.50 113.52 
          267037.50 6784587.50 113.54 267062.50 6784587.50 113.55 267087.50 6784587.50 113.55 264987.50 6784562.50 106.70 
          265012.50 6784562.50 106.69 265037.50 6784562.50 106.69 265062.50 6784562.50 106.68 265087.50 6784562.50 106.67 
          265112.50 6784562.50 106.66 265137.50 6784562.50 106.64 265162.50 6784562.50 106.62 265187.50 6784562.50 106.58 
          265212.50 6784562.50 106.54 265237.50 6784562.50 106.49 265262.50 6784562.50 106.44 265287.50 6784562.50 106.38 
          265312.50 6784562.50 106.33 265337.50 6784562.50 106.27 265362.50 6784562.50 106.21 265387.50 6784562.50 106.16 
          265412.50 6784562.50 106.11 265437.50 6784562.50 106.06 265462.50 6784562.50 106.02 265487.50 6784562.50 105.99 
          265512.50 6784562.50 105.96 265537.50 6784562.50 105.93 265562.50 6784562.50 105.92 265587.50 6784562.50 105.93 
          265612.50 6784562.50 105.95 265637.50 6784562.50 105.98 265662.50 6784562.50 106.03 265687.50 6784562.50 106.08 
          265712.50 6784562.50 106.14 265737.50 6784562.50 106.20 265762.50 6784562.50 106.28 265787.50 6784562.50 106.35 
          265812.50 6784562.50 106.43 265837.50 6784562.50 106.51 265862.50 6784562.50 106.60 265887.50 6784562.50 106.70 
          265912.50 6784562.50 106.78 265937.50 6784562.50 106.95 265962.50 6784562.50 107.14 265987.50 6784562.50 107.39 
          266012.50 6784562.50 107.65 266037.50 6784562.50 107.90 266062.50 6784562.50 108.13 266087.50 6784562.50 108.36 
          266112.50 6784562.50 108.58 266137.50 6784562.50 108.79 266162.50 6784562.50 109.00 266187.50 6784562.50 109.19 
          266212.50 6784562.50 109.38 266237.50 6784562.50 109.56 266262.50 6784562.50 109.74 266287.50 6784562.50 109.91 
          266312.50 6784562.50 110.08 266337.50 6784562.50 110.26 266362.50 6784562.50 110.43 266387.50 6784562.50 110.61 
          266412.50 6784562.50 110.79 266437.50 6784562.50 110.97 266462.50 6784562.50 111.14 266487.50 6784562.50 111.32 
          266512.50 6784562.50 111.49 266537.50 6784562.50 111.66 266562.50 6784562.50 111.83 266587.50 6784562.50 112.00 
          266612.50 6784562.50 112.16 266637.50 6784562.50 112.32 266662.50 6784562.50 112.46 266687.50 6784562.50 112.60 
          266712.50 6784562.50 112.73 266737.50 6784562.50 112.85 266762.50 6784562.50 112.96 266787.50 6784562.50 113.06 
          266812.50 6784562.50 113.16 266837.50 6784562.50 113.24 266862.50 6784562.50 113.32 266887.50 6784562.50 113.39 
          266912.50 6784562.50 113.44 266937.50 6784562.50 113.50 266962.50 6784562.50 113.54 266987.50 6784562.50 113.57 
          267012.50 6784562.50 113.60 267037.50 6784562.50 113.61 267062.50 6784562.50 113.62 267087.50 6784562.50 113.62 
          264987.50 6784537.50 106.42 265012.50 6784537.50 106.42 265037.50 6784537.50 106.42 265062.50 6784537.50 106.41 
          265087.50 6784537.50 106.39 265112.50 6784537.50 106.38 265137.50 6784537.50 106.36 265162.50 6784537.50 106.33 
          265187.50 6784537.50 106.30 265212.50 6784537.50 106.25 265237.50 6784537.50 106.20 265262.50 6784537.50 106.14 
          265287.50 6784537.50 106.08 265312.50 6784537.50 106.02 265337.50 6784537.50 105.95 265362.50 6784537.50 105.90 
          265387.50 6784537.50 105.84 265412.50 6784537.50 105.79 265437.50 6784537.50 105.75 265462.50 6784537.50 105.71 
          265487.50 6784537.50 105.67 265512.50 6784537.50 105.64 265537.50 6784537.50 105.62 265562.50 6784537.50 105.62 
          265587.50 6784537.50 105.62 265612.50 6784537.50 105.65 265637.50 6784537.50 105.68 265662.50 6784537.50 105.73 
          265687.50 6784537.50 105.79 265712.50 6784537.50 105.86 265737.50 6784537.50 105.93 265762.50 6784537.50 106.02 
          265787.50 6784537.50 106.11 265812.50 6784537.50 106.20 265837.50 6784537.50 106.29 265862.50 6784537.50 106.43 
          265887.50 6784537.50 106.57 265912.50 6784537.50 106.72 265937.50 6784537.50 106.90 265962.50 6784537.50 107.11 
          265987.50 6784537.50 107.34 266012.50 6784537.50 107.58 266037.50 6784537.50 107.82 266062.50 6784537.50 108.05 
          266087.50 6784537.50 108.28 266112.50 6784537.50 108.51 266137.50 6784537.50 108.72 266162.50 6784537.50 108.93 
          266187.50 6784537.50 109.13 266212.50 6784537.50 109.33 266237.50 6784537.50 109.52 266262.50 6784537.50 109.70 
          266287.50 6784537.50 109.89 266312.50 6784537.50 110.06 266337.50 6784537.50 110.24 266362.50 6784537.50 110.41 
          266387.50 6784537.50 110.59 266412.50 6784537.50 110.78 266437.50 6784537.50 110.96 266462.50 6784537.50 111.14 
          266487.50 6784537.50 111.32 266512.50 6784537.50 111.50 266537.50 6784537.50 111.68 266562.50 6784537.50 111.85 
          266587.50 6784537.50 112.02 266612.50 6784537.50 112.19 266637.50 6784537.50 112.34 266662.50 6784537.50 112.49 
          266687.50 6784537.50 112.63 266712.50 6784537.50 112.77 266737.50 6784537.50 112.89 266762.50 6784537.50 113.01 
          266787.50 6784537.50 113.11 266812.50 6784537.50 113.21 266837.50 6784537.50 113.30 266862.50 6784537.50 113.38 
          266887.50 6784537.50 113.45 266912.50 6784537.50 113.51 266937.50 6784537.50 113.56 266962.50 6784537.50 113.61 
          266987.50 6784537.50 113.64 267012.50 6784537.50 113.67 267037.50 6784537.50 113.69 267062.50 6784537.50 113.69 
          267087.50 6784537.50 113.69 264987.50 6784512.50 106.16 265012.50 6784512.50 106.15 265037.50 6784512.50 106.14 
          265062.50 6784512.50 106.13 265087.50 6784512.50 106.12 265112.50 6784512.50 106.10 265137.50 6784512.50 106.08 
          265162.50 6784512.50 106.05 265187.50 6784512.50 106.01 265212.50 6784512.50 105.96 265237.50 6784512.50 105.90 
          265262.50 6784512.50 105.84 265287.50 6784512.50 105.78 265312.50 6784512.50 105.71 265337.50 6784512.50 105.64 
          265362.50 6784512.50 105.58 265387.50 6784512.50 105.52 265412.50 6784512.50 105.47 265437.50 6784512.50 105.43 
          265462.50 6784512.50 105.39 265487.50 6784512.50 105.36 265512.50 6784512.50 105.33 265537.50 6784512.50 105.32 
          265562.50 6784512.50 105.32 265587.50 6784512.50 105.33 265612.50 6784512.50 105.35 265637.50 6784512.50 105.38 
          265662.50 6784512.50 105.43 265687.50 6784512.50 105.49 265712.50 6784512.50 105.57 265737.50 6784512.50 105.65 
          265762.50 6784512.50 105.75 265787.50 6784512.50 105.85 265812.50 6784512.50 105.96 265837.50 6784512.50 106.01 
          265862.50 6784512.50 106.25 265887.50 6784512.50 106.44 265912.50 6784512.50 106.63 265937.50 6784512.50 106.83 
          265962.50 6784512.50 107.05 265987.50 6784512.50 107.28 266012.50 6784512.50 107.52 266037.50 6784512.50 107.75 
          266062.50 6784512.50 107.98 266087.50 6784512.50 108.21 266112.50 6784512.50 108.44 266137.50 6784512.50 108.65 
          266162.50 6784512.50 108.87 266187.50 6784512.50 109.08 266212.50 6784512.50 109.28 266237.50 6784512.50 109.47 
          266262.50 6784512.50 109.67 266287.50 6784512.50 109.86 266312.50 6784512.50 110.04 266337.50 6784512.50 110.22 
          266362.50 6784512.50 110.40 266387.50 6784512.50 110.59 266412.50 6784512.50 110.77 266437.50 6784512.50 110.96 
          266462.50 6784512.50 111.15 266487.50 6784512.50 111.33 266512.50 6784512.50 111.51 266537.50 6784512.50 111.69 
          266562.50 6784512.50 111.87 266587.50 6784512.50 112.05 266612.50 6784512.50 112.21 266637.50 6784512.50 112.37 
          266662.50 6784512.50 112.53 266687.50 6784512.50 112.67 266712.50 6784512.50 112.81 266737.50 6784512.50 112.94 
          266762.50 6784512.50 113.06 266787.50 6784512.50 113.17 266812.50 6784512.50 113.27 266837.50 6784512.50 113.36 
          266862.50 6784512.50 113.44 266887.50 6784512.50 113.51 266912.50 6784512.50 113.57 266937.50 6784512.50 113.63 
          266962.50 6784512.50 113.67 266987.50 6784512.50 113.71 267012.50 6784512.50 113.74 267037.50 6784512.50 113.75 
          267062.50 6784512.50 113.76 267087.50 6784512.50 113.76 264987.50 6784487.50 105.89 265012.50 6784487.50 105.88 
          265037.50 6784487.50 105.88 265062.50 6784487.50 105.87 265087.50 6784487.50 105.85 265112.50 6784487.50 105.83 
          265137.50 6784487.50 105.80 265162.50 6784487.50 105.76 265187.50 6784487.50 105.72 265212.50 6784487.50 105.67 
          265237.50 6784487.50 105.61 265262.50 6784487.50 105.54 265287.50 6784487.50 105.47 265312.50 6784487.50 105.40 
          265337.50 6784487.50 105.33 265362.50 6784487.50 105.27 265387.50 6784487.50 105.20 265412.50 6784487.50 105.16 
          265437.50 6784487.50 105.12 265462.50 6784487.50 105.08 265487.50 6784487.50 105.05 265512.50 6784487.50 105.02 
          265537.50 6784487.50 105.01 265562.50 6784487.50 105.01 265587.50 6784487.50 105.03 265612.50 6784487.50 105.05 
          265637.50 6784487.50 105.08 265662.50 6784487.50 105.13 265687.50 6784487.50 105.20 265712.50 6784487.50 105.28 
          265737.50 6784487.50 105.37 265762.50 6784487.50 105.47 265787.50 6784487.50 105.60 265812.50 6784487.50 105.76 
          265837.50 6784487.50 105.92 265862.50 6784487.50 106.12 265887.50 6784487.50 106.32 265912.50 6784487.50 106.53 
          265937.50 6784487.50 106.75 265962.50 6784487.50 106.98 265987.50 6784487.50 107.22 266012.50 6784487.50 107.45 
          266037.50 6784487.50 107.68 266062.50 6784487.50 107.91 266087.50 6784487.50 108.14 266112.50 6784487.50 108.37 
          266137.50 6784487.50 108.59 266162.50 6784487.50 108.81 266187.50 6784487.50 109.02 266212.50 6784487.50 109.23 
          266237.50 6784487.50 109.44 266262.50 6784487.50 109.64 266287.50 6784487.50 109.83 266312.50 6784487.50 110.03 
          266337.50 6784487.50 110.22 266362.50 6784487.50 110.40 266387.50 6784487.50 110.58 266412.50 6784487.50 110.77 
          266437.50 6784487.50 110.96 266462.50 6784487.50 111.15 266487.50 6784487.50 111.34 266512.50 6784487.50 111.53 
          266537.50 6784487.50 111.71 266562.50 6784487.50 111.89 266587.50 6784487.50 112.07 266612.50 6784487.50 112.24 
          266637.50 6784487.50 112.41 266662.50 6784487.50 112.56 266687.50 6784487.50 112.71 266712.50 6784487.50 112.85 
          266737.50 6784487.50 112.98 266762.50 6784487.50 113.10 266787.50 6784487.50 113.22 266812.50 6784487.50 113.32 
          266837.50 6784487.50 113.41 266862.50 6784487.50 113.50 266887.50 6784487.50 113.57 266912.50 6784487.50 113.63 
          266937.50 6784487.50 113.69 266962.50 6784487.50 113.74 266987.50 6784487.50 113.77 267012.50 6784487.50 113.80 
          267037.50 6784487.50 113.82 267062.50 6784487.50 113.82 267087.50 6784487.50 113.82 264987.50 6784462.50 105.62 
          265012.50 6784462.50 105.61 265037.50 6784462.50 105.61 265062.50 6784462.50 105.60 265087.50 6784462.50 105.58 
          265112.50 6784462.50 105.56 265137.50 6784462.50 105.53 265162.50 6784462.50 105.49 265187.50 6784462.50 105.44 
          265212.50 6784462.50 105.38 265237.50 6784462.50 105.31 265262.50 6784462.50 105.24 265287.50 6784462.50 105.17 
          265312.50 6784462.50 105.10 265337.50 6784462.50 105.03 265362.50 6784462.50 104.96 265387.50 6784462.50 104.90 
          265412.50 6784462.50 104.85 265437.50 6784462.50 104.81 265462.50 6784462.50 104.77 265487.50 6784462.50 104.74 
          265512.50 6784462.50 104.72 265537.50 6784462.50 104.71 265562.50 6784462.50 104.71 265587.50 6784462.50 104.73 
          265612.50 6784462.50 104.75 265637.50 6784462.50 104.79 265662.50 6784462.50 104.84 265687.50 6784462.50 104.90 
          265712.50 6784462.50 104.98 265737.50 6784462.50 105.07 265762.50 6784462.50 105.17 265787.50 6784462.50 105.30 
          265812.50 6784462.50 105.55 265837.50 6784462.50 105.76 265862.50 6784462.50 105.98 265887.50 6784462.50 106.20 
          265912.50 6784462.50 106.42 265937.50 6784462.50 106.65 265962.50 6784462.50 106.90 265987.50 6784462.50 107.14 
          266012.50 6784462.50 107.38 266037.50 6784462.50 107.61 266062.50 6784462.50 107.84 266087.50 6784462.50 108.07 
          266112.50 6784462.50 108.30 266137.50 6784462.50 108.53 266162.50 6784462.50 108.75 266187.50 6784462.50 108.97 
          266212.50 6784462.50 109.19 266237.50 6784462.50 109.40 266262.50 6784462.50 109.61 266287.50 6784462.50 109.81 
          266312.50 6784462.50 110.01 266337.50 6784462.50 110.21 266362.50 6784462.50 110.40 266387.50 6784462.50 110.59 
          266412.50 6784462.50 110.78 266437.50 6784462.50 110.97 266462.50 6784462.50 111.16 266487.50 6784462.50 111.35 
          266512.50 6784462.50 111.54 266537.50 6784462.50 111.73 266562.50 6784462.50 111.92 266587.50 6784462.50 112.10 
          266612.50 6784462.50 112.27 266637.50 6784462.50 112.44 266662.50 6784462.50 112.60 266687.50 6784462.50 112.75 
          266712.50 6784462.50 112.90 266737.50 6784462.50 113.03 266762.50 6784462.50 113.15 266787.50 6784462.50 113.27 
          266812.50 6784462.50 113.37 266837.50 6784462.50 113.47 266862.50 6784462.50 113.55 266887.50 6784462.50 113.63 
          266912.50 6784462.50 113.69 266937.50 6784462.50 113.75 266962.50 6784462.50 113.80 266987.50 6784462.50 113.83 
          267012.50 6784462.50 113.86 267037.50 6784462.50 113.88 267062.50 6784462.50 113.88 267087.50 6784462.50 113.88 
          264987.50 6784437.50 105.34 265012.50 6784437.50 105.34 265037.50 6784437.50 105.34 265062.50 6784437.50 105.33 
          265087.50 6784437.50 105.31 265112.50 6784437.50 105.29 265137.50 6784437.50 105.25 265162.50 6784437.50 105.21 
          265187.50 6784437.50 105.15 265212.50 6784437.50 105.09 265237.50 6784437.50 105.02 265262.50 6784437.50 104.95 
          265287.50 6784437.50 104.88 265312.50 6784437.50 104.81 265337.50 6784437.50 104.74 265362.50 6784437.50 104.67 
          265387.50 6784437.50 104.61 265412.50 6784437.50 104.55 265437.50 6784437.50 104.50 265462.50 6784437.50 104.46 
          265487.50 6784437.50 104.44 265512.50 6784437.50 104.42 265537.50 6784437.50 104.41 265562.50 6784437.50 104.41 
          265587.50 6784437.50 104.43 265612.50 6784437.50 104.45 265637.50 6784437.50 104.49 265662.50 6784437.50 104.55 
          265687.50 6784437.50 104.61 265712.50 6784437.50 104.69 265737.50 6784437.50 104.76 265762.50 6784437.50 104.81 
          265787.50 6784437.50 105.12 265812.50 6784437.50 105.37 265837.50 6784437.50 105.61 265862.50 6784437.50 105.84 
          265887.50 6784437.50 106.08 265912.50 6784437.50 106.31 265937.50 6784437.50 106.55 265962.50 6784437.50 106.80 
          265987.50 6784437.50 107.05 266012.50 6784437.50 107.30 266037.50 6784437.50 107.53 266062.50 6784437.50 107.77 
          266087.50 6784437.50 108.01 266112.50 6784437.50 108.24 266137.50 6784437.50 108.47 266162.50 6784437.50 108.70 
          266187.50 6784437.50 108.92 266212.50 6784437.50 109.14 266237.50 6784437.50 109.36 266262.50 6784437.50 109.58 
          266287.50 6784437.50 109.79 266312.50 6784437.50 110.00 266337.50 6784437.50 110.20 266362.50 6784437.50 110.40 
          266387.50 6784437.50 110.59 266412.50 6784437.50 110.79 266437.50 6784437.50 110.98 266462.50 6784437.50 111.18 
          266487.50 6784437.50 111.37 266512.50 6784437.50 111.56 266537.50 6784437.50 111.76 266562.50 6784437.50 111.95 
          266587.50 6784437.50 112.13 266612.50 6784437.50 112.31 266637.50 6784437.50 112.48 266662.50 6784437.50 112.64 
          266687.50 6784437.50 112.80 266712.50 6784437.50 112.94 266737.50 6784437.50 113.08 266762.50 6784437.50 113.20 
          266787.50 6784437.50 113.32 266812.50 6784437.50 113.43 266837.50 6784437.50 113.52 266862.50 6784437.50 113.61 
          266887.50 6784437.50 113.69 266912.50 6784437.50 113.75 266937.50 6784437.50 113.81 266962.50 6784437.50 113.86 
          266987.50 6784437.50 113.89 267012.50 6784437.50 113.92 267037.50 6784437.50 113.94 267062.50 6784437.50 113.94 
          267087.50 6784437.50 113.94 264987.50 6784412.50 105.07 265012.50 6784412.50 105.07 265037.50 6784412.50 105.07 
          265062.50 6784412.50 105.06 265087.50 6784412.50 105.04 265112.50 6784412.50 105.01 265137.50 6784412.50 104.97 
          265162.50 6784412.50 104.93 265187.50 6784412.50 104.87 265212.50 6784412.50 104.81 265237.50 6784412.50 104.74 
          265262.50 6784412.50 104.67 265287.50 6784412.50 104.59 265312.50 6784412.50 104.52 265337.50 6784412.50 104.45 
          265362.50 6784412.50 104.38 265387.50 6784412.50 104.31 265412.50 6784412.50 104.26 265437.50 6784412.50 104.20 
          265462.50 6784412.50 104.16 265487.50 6784412.50 104.13 265512.50 6784412.50 104.11 265537.50 6784412.50 104.11 
          265562.50 6784412.50 104.11 265587.50 6784412.50 104.13 265612.50 6784412.50 104.16 265637.50 6784412.50 104.20 
          265662.50 6784412.50 104.26 265687.50 6784412.50 104.34 265712.50 6784412.50 104.42 265737.50 6784412.50 104.41 
          265762.50 6784412.50 104.70 265787.50 6784412.50 104.95 265812.50 6784412.50 105.21 265837.50 6784412.50 105.45 
          265862.50 6784412.50 105.70 265887.50 6784412.50 105.95 265912.50 6784412.50 106.20 265937.50 6784412.50 106.45 
          265962.50 6784412.50 106.70 265987.50 6784412.50 106.96 266012.50 6784412.50 107.21 266037.50 6784412.50 107.46 
          266062.50 6784412.50 107.70 266087.50 6784412.50 107.94 266112.50 6784412.50 108.17 266137.50 6784412.50 108.41 
          266162.50 6784412.50 108.64 266187.50 6784412.50 108.88 266212.50 6784412.50 109.11 266237.50 6784412.50 109.33 
          266262.50 6784412.50 109.55 266287.50 6784412.50 109.77 266312.50 6784412.50 109.98 266337.50 6784412.50 110.20 
          266362.50 6784412.50 110.40 266387.50 6784412.50 110.60 266412.50 6784412.50 110.80 266437.50 6784412.50 111.00 
          266462.50 6784412.50 111.19 266487.50 6784412.50 111.39 266512.50 6784412.50 111.59 266537.50 6784412.50 111.79 
          266562.50 6784412.50 111.98 266587.50 6784412.50 112.16 266612.50 6784412.50 112.34 266637.50 6784412.50 112.52 
          266662.50 6784412.50 112.68 266687.50 6784412.50 112.84 266712.50 6784412.50 112.98 266737.50 6784412.50 113.12 
          266762.50 6784412.50 113.25 266787.50 6784412.50 113.37 266812.50 6784412.50 113.48 266837.50 6784412.50 113.58 
          266862.50 6784412.50 113.66 266887.50 6784412.50 113.74 266912.50 6784412.50 113.81 266937.50 6784412.50 113.87 
          266962.50 6784412.50 113.91 266987.50 6784412.50 113.95 267012.50 6784412.50 113.97 267037.50 6784412.50 113.99 
          267062.50 6784412.50 114.00 267087.50 6784412.50 114.00 264987.50 6784387.50 104.80 265012.50 6784387.50 104.80 
          265037.50 6784387.50 104.80 265062.50 6784387.50 104.79 265087.50 6784387.50 104.77 265112.50 6784387.50 104.74 
          265137.50 6784387.50 104.70 265162.50 6784387.50 104.65 265187.50 6784387.50 104.59 265212.50 6784387.50 104.53 
          265237.50 6784387.50 104.46 265262.50 6784387.50 104.38 265287.50 6784387.50 104.31 265312.50 6784387.50 104.23 
          265337.50 6784387.50 104.16 265362.50 6784387.50 104.08 265387.50 6784387.50 104.02 265412.50 6784387.50 103.96 
          265437.50 6784387.50 103.90 265462.50 6784387.50 103.86 265487.50 6784387.50 103.82 265512.50 6784387.50 103.81 
          265537.50 6784387.50 103.80 265562.50 6784387.50 103.81 265587.50 6784387.50 103.83 265612.50 6784387.50 103.87 
          265637.50 6784387.50 103.91 265662.50 6784387.50 103.98 265687.50 6784387.50 104.06 265712.50 6784387.50 104.20 
          265737.50 6784387.50 104.35 265762.50 6784387.50 104.56 265787.50 6784387.50 104.80 265812.50 6784387.50 105.05 
          265837.50 6784387.50 105.30 265862.50 6784387.50 105.55 265887.50 6784387.50 105.82 265912.50 6784387.50 106.08 
          265937.50 6784387.50 106.34 265962.50 6784387.50 106.60 265987.50 6784387.50 106.86 266012.50 6784387.50 107.12 
          266037.50 6784387.50 107.38 266062.50 6784387.50 107.63 266087.50 6784387.50 107.87 266112.50 6784387.50 108.11 
          266137.50 6784387.50 108.35 266162.50 6784387.50 108.59 266187.50 6784387.50 108.83 266212.50 6784387.50 109.07 
          266237.50 6784387.50 109.30 266262.50 6784387.50 109.52 266287.50 6784387.50 109.75 266312.50 6784387.50 109.97 
          266337.50 6784387.50 110.19 266362.50 6784387.50 110.41 266387.50 6784387.50 110.61 266412.50 6784387.50 110.82 
          266437.50 6784387.50 111.02 266462.50 6784387.50 111.22 266487.50 6784387.50 111.42 266512.50 6784387.50 111.62 
          266537.50 6784387.50 111.81 266562.50 6784387.50 112.01 266587.50 6784387.50 112.20 266612.50 6784387.50 112.38 
          266637.50 6784387.50 112.55 266662.50 6784387.50 112.72 266687.50 6784387.50 112.88 266712.50 6784387.50 113.03 
          266737.50 6784387.50 113.17 266762.50 6784387.50 113.30 266787.50 6784387.50 113.42 266812.50 6784387.50 113.53 
          266837.50 6784387.50 113.63 266862.50 6784387.50 113.72 266887.50 6784387.50 113.79 266912.50 6784387.50 113.86 
          266937.50 6784387.50 113.92 266962.50 6784387.50 113.97 266987.50 6784387.50 114.00 267012.50 6784387.50 114.03 
          267037.50 6784387.50 114.04 267062.50 6784387.50 114.05 267087.50 6784387.50 114.05 264987.50 6784362.50 104.54 
          265012.50 6784362.50 104.54 265037.50 6784362.50 104.53 265062.50 6784362.50 104.53 265087.50 6784362.50 104.51 
          265112.50 6784362.50 104.48 265137.50 6784362.50 104.44 265162.50 6784362.50 104.39 265187.50 6784362.50 104.32 
          265212.50 6784362.50 104.25 265237.50 6784362.50 104.18 265262.50 6784362.50 104.10 265287.50 6784362.50 104.03 
          265312.50 6784362.50 103.95 265337.50 6784362.50 103.88 265362.50 6784362.50 103.80 265387.50 6784362.50 103.73 
          265412.50 6784362.50 103.66 265437.50 6784362.50 103.60 265462.50 6784362.50 103.56 265487.50 6784362.50 103.53 
          265512.50 6784362.50 103.52 265537.50 6784362.50 103.51 265562.50 6784362.50 103.52 265587.50 6784362.50 103.54 
          265612.50 6784362.50 103.57 265637.50 6784362.50 103.63 265662.50 6784362.50 103.69 265687.50 6784362.50 103.71 
          265712.50 6784362.50 103.98 265737.50 6784362.50 104.18 265762.50 6784362.50 104.40 265787.50 6784362.50 104.64 
          265812.50 6784362.50 104.89 265837.50 6784362.50 105.15 265862.50 6784362.50 105.41 265887.50 6784362.50 105.68 
          265912.50 6784362.50 105.95 265937.50 6784362.50 106.22 265962.50 6784362.50 106.49 265987.50 6784362.50 106.77 
          266012.50 6784362.50 107.04 266037.50 6784362.50 107.30 266062.50 6784362.50 107.55 266087.50 6784362.50 107.80 
          266112.50 6784362.50 108.04 266137.50 6784362.50 108.29 266162.50 6784362.50 108.54 266187.50 6784362.50 108.79 
          266212.50 6784362.50 109.03 266237.50 6784362.50 109.27 266262.50 6784362.50 109.50 266287.50 6784362.50 109.74 
          266312.50 6784362.50 109.96 266337.50 6784362.50 110.19 266362.50 6784362.50 110.41 266387.50 6784362.50 110.62 
          266412.50 6784362.50 110.83 266437.50 6784362.50 111.04 266462.50 6784362.50 111.24 266487.50 6784362.50 111.44 
          266512.50 6784362.50 111.65 266537.50 6784362.50 111.85 266562.50 6784362.50 112.04 266587.50 6784362.50 112.23 
          266612.50 6784362.50 112.42 266637.50 6784362.50 112.59 266662.50 6784362.50 112.76 266687.50 6784362.50 112.92 
          266712.50 6784362.50 113.07 266737.50 6784362.50 113.21 266762.50 6784362.50 113.35 266787.50 6784362.50 113.47 
          266812.50 6784362.50 113.58 266837.50 6784362.50 113.68 266862.50 6784362.50 113.77 266887.50 6784362.50 113.85 
          266912.50 6784362.50 113.91 266937.50 6784362.50 113.97 266962.50 6784362.50 114.02 266987.50 6784362.50 114.05 
          267012.50 6784362.50 114.08 267037.50 6784362.50 114.09 267062.50 6784362.50 114.10 267087.50 6784362.50 114.10 
          264987.50 6784337.50 104.29 265012.50 6784337.50 104.29 265037.50 6784337.50 104.28 265062.50 6784337.50 104.27 
          265087.50 6784337.50 104.25 265112.50 6784337.50 104.22 265137.50 6784337.50 104.17 265162.50 6784337.50 104.12 
          265187.50 6784337.50 104.06 265212.50 6784337.50 103.99 265237.50 6784337.50 103.91 265262.50 6784337.50 103.83 
          265287.50 6784337.50 103.74 265312.50 6784337.50 103.66 265337.50 6784337.50 103.58 265362.50 6784337.50 103.51 
          265387.50 6784337.50 103.44 265412.50 6784337.50 103.37 265437.50 6784337.50 103.31 265462.50 6784337.50 103.27 
          265487.50 6784337.50 103.24 265512.50 6784337.50 103.23 265537.50 6784337.50 103.22 265562.50 6784337.50 103.23 
          265587.50 6784337.50 103.24 265612.50 6784337.50 103.27 265637.50 6784337.50 103.33 265662.50 6784337.50 103.40 
          265687.50 6784337.50 103.58 265712.50 6784337.50 103.79 265737.50 6784337.50 104.01 265762.50 6784337.50 104.23 
          265787.50 6784337.50 104.47 265812.50 6784337.50 104.72 265837.50 6784337.50 104.99 265862.50 6784337.50 105.26 
          265887.50 6784337.50 105.54 265912.50 6784337.50 105.83 265937.50 6784337.50 106.11 265962.50 6784337.50 106.39 
          265987.50 6784337.50 106.67 266012.50 6784337.50 106.94 266037.50 6784337.50 107.22 266062.50 6784337.50 107.48 
          266087.50 6784337.50 107.73 266112.50 6784337.50 107.98 266137.50 6784337.50 108.24 266162.50 6784337.50 108.49 
          266187.50 6784337.50 108.75 266212.50 6784337.50 108.99 266237.50 6784337.50 109.24 266262.50 6784337.50 109.49 
          266287.50 6784337.50 109.72 266312.50 6784337.50 109.96 266337.50 6784337.50 110.19 266362.50 6784337.50 110.42 
          266387.50 6784337.50 110.63 266412.50 6784337.50 110.85 266437.50 6784337.50 111.06 266462.50 6784337.50 111.27 
          266487.50 6784337.50 111.47 266512.50 6784337.50 111.68 266537.50 6784337.50 111.88 266562.50 6784337.50 112.08 
          266587.50 6784337.50 112.27 266612.50 6784337.50 112.46 266637.50 6784337.50 112.63 266662.50 6784337.50 112.81 
          266687.50 6784337.50 112.97 266712.50 6784337.50 113.12 266737.50 6784337.50 113.26 266762.50 6784337.50 113.39 
          266787.50 6784337.50 113.52 266812.50 6784337.50 113.63 266837.50 6784337.50 113.73 266862.50 6784337.50 113.82 
          266887.50 6784337.50 113.90 266912.50 6784337.50 113.96 266937.50 6784337.50 114.02 266962.50 6784337.50 114.06 
          266987.50 6784337.50 114.10 267012.50 6784337.50 114.12 267037.50 6784337.50 114.14 267062.50 6784337.50 114.14 
          267087.50 6784337.50 114.14 264987.50 6784312.50 104.05 265012.50 6784312.50 104.05 265037.50 6784312.50 104.04 
          265062.50 6784312.50 104.02 265087.50 6784312.50 103.99 265112.50 6784312.50 103.96 265137.50 6784312.50 103.91 
          265162.50 6784312.50 103.86 265187.50 6784312.50 103.79 265212.50 6784312.50 103.72 265237.50 6784312.50 103.64 
          265262.50 6784312.50 103.56 265287.50 6784312.50 103.47 265312.50 6784312.50 103.38 265337.50 6784312.50 103.30 
          265362.50 6784312.50 103.23 265387.50 6784312.50 103.16 265412.50 6784312.50 103.09 265437.50 6784312.50 103.04 
          265462.50 6784312.50 103.00 265487.50 6784312.50 102.97 265512.50 6784312.50 102.95 265537.50 6784312.50 102.94 
          265562.50 6784312.50 102.94 265587.50 6784312.50 102.95 265612.50 6784312.50 102.97 265637.50 6784312.50 103.00 
          265662.50 6784312.50 103.10 265687.50 6784312.50 103.37 265712.50 6784312.50 103.60 265737.50 6784312.50 103.83 
          265762.50 6784312.50 104.06 265787.50 6784312.50 104.30 265812.50 6784312.50 104.56 265837.50 6784312.50 104.84 
          265862.50 6784312.50 105.11 265887.50 6784312.50 105.40 265912.50 6784312.50 105.69 265937.50 6784312.50 105.99 
          265962.50 6784312.50 106.27 265987.50 6784312.50 106.56 266012.50 6784312.50 106.84 266037.50 6784312.50 107.13 
          266062.50 6784312.50 107.40 266087.50 6784312.50 107.66 266112.50 6784312.50 107.92 266137.50 6784312.50 108.18 
          266162.50 6784312.50 108.45 266187.50 6784312.50 108.71 266212.50 6784312.50 108.96 266237.50 6784312.50 109.22 
          266262.50 6784312.50 109.47 266287.50 6784312.50 109.72 266312.50 6784312.50 109.96 266337.50 6784312.50 110.19 
          266362.50 6784312.50 110.43 266387.50 6784312.50 110.65 266412.50 6784312.50 110.86 266437.50 6784312.50 111.08 
          266462.50 6784312.50 111.29 266487.50 6784312.50 111.50 266512.50 6784312.50 111.71 266537.50 6784312.50 111.91 
          266562.50 6784312.50 112.11 266587.50 6784312.50 112.31 266612.50 6784312.50 112.49 266637.50 6784312.50 112.67 
          266662.50 6784312.50 112.85 266687.50 6784312.50 113.01 266712.50 6784312.50 113.16 266737.50 6784312.50 113.31 
          266762.50 6784312.50 113.44 266787.50 6784312.50 113.56 266812.50 6784312.50 113.67 266837.50 6784312.50 113.77 
          266862.50 6784312.50 113.86 266887.50 6784312.50 113.94 266912.50 6784312.50 114.01 266937.50 6784312.50 114.06 
          266962.50 6784312.50 114.11 266987.50 6784312.50 114.14 267012.50 6784312.50 114.17 267037.50 6784312.50 114.18 
          267062.50 6784312.50 114.19 267087.50 6784312.50 114.19 264987.50 6784287.50 103.82 265012.50 6784287.50 103.81 
          265037.50 6784287.50 103.80 265062.50 6784287.50 103.78 265087.50 6784287.50 103.75 265112.50 6784287.50 103.71 
          265137.50 6784287.50 103.66 265162.50 6784287.50 103.60 265187.50 6784287.50 103.53 265212.50 6784287.50 103.46 
          265237.50 6784287.50 103.38 265262.50 6784287.50 103.29 265287.50 6784287.50 103.20 265312.50 6784287.50 103.11 
          265337.50 6784287.50 103.03 265362.50 6784287.50 102.95 265387.50 6784287.50 102.88 265412.50 6784287.50 102.82 
          265437.50 6784287.50 102.77 265462.50 6784287.50 102.72 265487.50 6784287.50 102.69 265512.50 6784287.50 102.67 
          265537.50 6784287.50 102.67 265562.50 6784287.50 102.66 265587.50 6784287.50 102.67 265612.50 6784287.50 102.60 
          265637.50 6784287.50 102.61 265662.50 6784287.50 102.93 265687.50 6784287.50 103.18 265712.50 6784287.50 103.41 
          265737.50 6784287.50 103.64 265762.50 6784287.50 103.89 265787.50 6784287.50 104.14 265812.50 6784287.50 104.40 
          265837.50 6784287.50 104.68 265862.50 6784287.50 104.97 265887.50 6784287.50 105.26 265912.50 6784287.50 105.56 
          265937.50 6784287.50 105.86 265962.50 6784287.50 106.16 265987.50 6784287.50 106.45 266012.50 6784287.50 106.75 
          266037.50 6784287.50 107.03 266062.50 6784287.50 107.31 266087.50 6784287.50 107.59 266112.50 6784287.50 107.86 
          266137.50 6784287.50 108.13 266162.50 6784287.50 108.40 266187.50 6784287.50 108.67 266212.50 6784287.50 108.94 
          266237.50 6784287.50 109.20 266262.50 6784287.50 109.46 266287.50 6784287.50 109.71 266312.50 6784287.50 109.96 
          266337.50 6784287.50 110.20 266362.50 6784287.50 110.43 266387.50 6784287.50 110.66 266412.50 6784287.50 110.88 
          266437.50 6784287.50 111.10 266462.50 6784287.50 111.32 266487.50 6784287.50 111.53 266512.50 6784287.50 111.74 
          266537.50 6784287.50 111.95 266562.50 6784287.50 112.15 266587.50 6784287.50 112.34 266612.50 6784287.50 112.53 
          266637.50 6784287.50 112.72 266662.50 6784287.50 112.89 266687.50 6784287.50 113.05 266712.50 6784287.50 113.21 
          266737.50 6784287.50 113.35 266762.50 6784287.50 113.48 266787.50 6784287.50 113.61 266812.50 6784287.50 113.72 
          266837.50 6784287.50 113.82 266862.50 6784287.50 113.91 266887.50 6784287.50 113.99 266912.50 6784287.50 114.05 
          266937.50 6784287.50 114.11 266962.50 6784287.50 114.15 266987.50 6784287.50 114.18 267012.50 6784287.50 114.21 
          267037.50 6784287.50 114.22 267062.50 6784287.50 114.23 267087.50 6784287.50 114.23 264987.50 6784262.50 103.58 
          265012.50 6784262.50 103.58 265037.50 6784262.50 103.56 265062.50 6784262.50 103.54 265087.50 6784262.50 103.51 
          265112.50 6784262.50 103.47 265137.50 6784262.50 103.42 265162.50 6784262.50 103.35 265187.50 6784262.50 103.28 
          265212.50 6784262.50 103.20 265237.50 6784262.50 103.12 265262.50 6784262.50 103.03 265287.50 6784262.50 102.94 
          265312.50 6784262.50 102.85 265337.50 6784262.50 102.76 265362.50 6784262.50 102.68 265387.50 6784262.50 102.61 
          265412.50 6784262.50 102.55 265437.50 6784262.50 102.50 265462.50 6784262.50 102.46 265487.50 6784262.50 102.42 
          265512.50 6784262.50 102.39 265537.50 6784262.50 102.38 265562.50 6784262.50 102.39 265587.50 6784262.50 102.41 
          265612.50 6784262.50 102.47 265637.50 6784262.50 102.57 265662.50 6784262.50 102.77 265687.50 6784262.50 103.00 
          265712.50 6784262.50 103.23 265737.50 6784262.50 103.46 265762.50 6784262.50 103.71 265787.50 6784262.50 103.98 
          265812.50 6784262.50 104.25 265837.50 6784262.50 104.52 265862.50 6784262.50 104.81 265887.50 6784262.50 105.11 
          265912.50 6784262.50 105.42 265937.50 6784262.50 105.73 265962.50 6784262.50 106.04 265987.50 6784262.50 106.34 
          266012.50 6784262.50 106.64 266037.50 6784262.50 106.94 266062.50 6784262.50 107.23 266087.50 6784262.50 107.51 
          266112.50 6784262.50 107.79 266137.50 6784262.50 108.08 266162.50 6784262.50 108.36 266187.50 6784262.50 108.64 
          266212.50 6784262.50 108.91 266237.50 6784262.50 109.18 266262.50 6784262.50 109.45 266287.50 6784262.50 109.70 
          266312.50 6784262.50 109.96 266337.50 6784262.50 110.20 266362.50 6784262.50 110.44 266387.50 6784262.50 110.67 
          266412.50 6784262.50 110.90 266437.50 6784262.50 111.13 266462.50 6784262.50 111.35 266487.50 6784262.50 111.56 
          266512.50 6784262.50 111.77 266537.50 6784262.50 111.98 266562.50 6784262.50 112.18 266587.50 6784262.50 112.38 
          266612.50 6784262.50 112.57 266637.50 6784262.50 112.76 266662.50 6784262.50 112.93 266687.50 6784262.50 113.10 
          266712.50 6784262.50 113.25 266737.50 6784262.50 113.40 266762.50 6784262.50 113.53 266787.50 6784262.50 113.65 
          266812.50 6784262.50 113.76 266837.50 6784262.50 113.86 266862.50 6784262.50 113.95 266887.50 6784262.50 114.03 
          266912.50 6784262.50 114.09 266937.50 6784262.50 114.15 266962.50 6784262.50 114.19 266987.50 6784262.50 114.22 
          267012.50 6784262.50 114.25 267037.50 6784262.50 114.26 267062.50 6784262.50 114.27 267087.50 6784262.50 114.27 
          264987.50 6784237.50 103.36 265012.50 6784237.50 103.35 265037.50 6784237.50 103.33 265062.50 6784237.50 103.31 
          265087.50 6784237.50 103.28 265112.50 6784237.50 103.23 265137.50 6784237.50 103.18 265162.50 6784237.50 103.11 
          265187.50 6784237.50 103.04 265212.50 6784237.50 102.95 265237.50 6784237.50 102.86 265262.50 6784237.50 102.77 
          265287.50 6784237.50 102.68 265312.50 6784237.50 102.59 265337.50 6784237.50 102.50 265362.50 6784237.50 102.42 
          265387.50 6784237.50 102.35 265412.50 6784237.50 102.29 265437.50 6784237.50 102.24 265462.50 6784237.50 102.19 
          265487.50 6784237.50 102.15 265512.50 6784237.50 102.12 265537.50 6784237.50 102.11 265562.50 6784237.50 102.10 
          265587.50 6784237.50 102.10 265612.50 6784237.50 102.24 265637.50 6784237.50 102.40 265662.50 6784237.50 102.59 
          265687.50 6784237.50 102.81 265712.50 6784237.50 103.04 265737.50 6784237.50 103.28 265762.50 6784237.50 103.55 
          265787.50 6784237.50 103.81 265812.50 6784237.50 104.08 265837.50 6784237.50 104.37 265862.50 6784237.50 104.66 
          265887.50 6784237.50 104.97 265912.50 6784237.50 105.27 265937.50 6784237.50 105.60 265962.50 6784237.50 105.93 
          265987.50 6784237.50 106.24 266012.50 6784237.50 106.55 266037.50 6784237.50 106.85 266062.50 6784237.50 107.15 
          266087.50 6784237.50 107.43 266112.50 6784237.50 107.73 266137.50 6784237.50 108.03 266162.50 6784237.50 108.32 
          266187.50 6784237.50 108.61 266212.50 6784237.50 108.89 266237.50 6784237.50 109.16 266262.50 6784237.50 109.43 
          266287.50 6784237.50 109.70 266312.50 6784237.50 109.95 266337.50 6784237.50 110.20 266362.50 6784237.50 110.45 
          266387.50 6784237.50 110.69 266412.50 6784237.50 110.92 266437.50 6784237.50 111.15 266462.50 6784237.50 111.37 
          266487.50 6784237.50 111.59 266512.50 6784237.50 111.81 266537.50 6784237.50 112.02 266562.50 6784237.50 112.22 
          266587.50 6784237.50 112.42 266612.50 6784237.50 112.61 266637.50 6784237.50 112.80 266662.50 6784237.50 112.97 
          266687.50 6784237.50 113.14 266712.50 6784237.50 113.29 266737.50 6784237.50 113.44 266762.50 6784237.50 113.57 
          266787.50 6784237.50 113.69 266812.50 6784237.50 113.80 266837.50 6784237.50 113.90 266862.50 6784237.50 113.99 
          266887.50 6784237.50 114.07 266912.50 6784237.50 114.13 266937.50 6784237.50 114.19 266962.50 6784237.50 114.23 
          266987.50 6784237.50 114.26 267012.50 6784237.50 114.28 267037.50 6784237.50 114.30 267062.50 6784237.50 114.31 
          267087.50 6784237.50 114.31 264987.50 6784212.50 103.14 265012.50 6784212.50 103.13 265037.50 6784212.50 103.11 
          265062.50 6784212.50 103.09 265087.50 6784212.50 103.05 265112.50 6784212.50 103.01 265137.50 6784212.50 102.95 
          265162.50 6784212.50 102.88 265187.50 6784212.50 102.80 265212.50 6784212.50 102.72 265237.50 6784212.50 102.62 
          265262.50 6784212.50 102.53 265287.50 6784212.50 102.43 265312.50 6784212.50 102.34 265337.50 6784212.50 102.25 
          265362.50 6784212.50 102.17 265387.50 6784212.50 102.10 265412.50 6784212.50 102.04 265437.50 6784212.50 101.98 
          265462.50 6784212.50 101.93 265487.50 6784212.50 101.89 265512.50 6784212.50 101.85 265537.50 6784212.50 101.83 
          265562.50 6784212.50 101.81 265587.50 6784212.50 101.80 265612.50 6784212.50 101.98 265637.50 6784212.50 102.17 
          265662.50 6784212.50 102.38 265687.50 6784212.50 102.61 265712.50 6784212.50 102.86 265737.50 6784212.50 103.11 
          265762.50 6784212.50 103.39 265787.50 6784212.50 103.66 265812.50 6784212.50 103.93 265837.50 6784212.50 104.22 
          265862.50 6784212.50 104.53 265887.50 6784212.50 104.83 265912.50 6784212.50 105.14 265937.50 6784212.50 105.47 
          265962.50 6784212.50 105.80 265987.50 6784212.50 106.13 266012.50 6784212.50 106.44 266037.50 6784212.50 106.75 
          266062.50 6784212.50 107.06 266087.50 6784212.50 107.36 266112.50 6784212.50 107.67 266137.50 6784212.50 107.97 
          266162.50 6784212.50 108.28 266187.50 6784212.50 108.57 266212.50 6784212.50 108.86 266237.50 6784212.50 109.15 
          266262.50 6784212.50 109.42 266287.50 6784212.50 109.69 266312.50 6784212.50 109.95 266337.50 6784212.50 110.21 
          266362.50 6784212.50 110.46 266387.50 6784212.50 110.70 266412.50 6784212.50 110.93 266437.50 6784212.50 111.17 
          266462.50 6784212.50 111.40 266487.50 6784212.50 111.62 266512.50 6784212.50 111.84 266537.50 6784212.50 112.05 
          266562.50 6784212.50 112.25 266587.50 6784212.50 112.45 266612.50 6784212.50 112.65 266637.50 6784212.50 112.83 
          266662.50 6784212.50 113.01 266687.50 6784212.50 113.18 266712.50 6784212.50 113.33 266737.50 6784212.50 113.48 
          266762.50 6784212.50 113.61 266787.50 6784212.50 113.73 266812.50 6784212.50 113.84 266837.50 6784212.50 113.94 
          266862.50 6784212.50 114.02 266887.50 6784212.50 114.10 266912.50 6784212.50 114.17 266937.50 6784212.50 114.22 
          266962.50 6784212.50 114.26 266987.50 6784212.50 114.30 267012.50 6784212.50 114.32 267037.50 6784212.50 114.33 
          267062.50 6784212.50 114.34 267087.50 6784212.50 114.34 264987.50 6784187.50 102.93 265012.50 6784187.50 102.93 
          265037.50 6784187.50 102.91 265062.50 6784187.50 102.88 265087.50 6784187.50 102.85 265112.50 6784187.50 102.80 
          265137.50 6784187.50 102.74 265162.50 6784187.50 102.66 265187.50 6784187.50 102.58 265212.50 6784187.50 102.49 
          265237.50 6784187.50 102.39 265262.50 6784187.50 102.29 265287.50 6784187.50 102.19 265312.50 6784187.50 102.10 
          265337.50 6784187.50 102.01 265362.50 6784187.50 101.93 265387.50 6784187.50 101.86 265412.50 6784187.50 101.79 
          265437.50 6784187.50 101.73 265462.50 6784187.50 101.67 265487.50 6784187.50 101.62 265512.50 6784187.50 101.58 
          265537.50 6784187.50 101.54 265562.50 6784187.50 101.49 265587.50 6784187.50 101.32 265612.50 6784187.50 101.71 
          265637.50 6784187.50 101.95 265662.50 6784187.50 102.17 265687.50 6784187.50 102.40 265712.50 6784187.50 102.67 
          265737.50 6784187.50 102.93 265762.50 6784187.50 103.21 265787.50 6784187.50 103.50 265812.50 6784187.50 103.79 
          265837.50 6784187.50 104.07 265862.50 6784187.50 104.38 265887.50 6784187.50 104.70 265912.50 6784187.50 105.02 
          265937.50 6784187.50 105.35 265962.50 6784187.50 105.69 265987.50 6784187.50 106.02 266012.50 6784187.50 106.34 
          266037.50 6784187.50 106.67 266062.50 6784187.50 106.98 266087.50 6784187.50 107.30 266112.50 6784187.50 107.61 
          266137.50 6784187.50 107.93 266162.50 6784187.50 108.24 266187.50 6784187.50 108.54 266212.50 6784187.50 108.84 
          266237.50 6784187.50 109.13 266262.50 6784187.50 109.41 266287.50 6784187.50 109.69 266312.50 6784187.50 109.96 
          266337.50 6784187.50 110.21 266362.50 6784187.50 110.46 266387.50 6784187.50 110.71 266412.50 6784187.50 110.95 
          266437.50 6784187.50 111.19 266462.50 6784187.50 111.42 266487.50 6784187.50 111.65 266512.50 6784187.50 111.86 
          266537.50 6784187.50 112.08 266562.50 6784187.50 112.29 266587.50 6784187.50 112.49 266612.50 6784187.50 112.68 
          266637.50 6784187.50 112.87 266662.50 6784187.50 113.05 266687.50 6784187.50 113.21 266712.50 6784187.50 113.37 
          266737.50 6784187.50 113.51 266762.50 6784187.50 113.64 266787.50 6784187.50 113.77 266812.50 6784187.50 113.87 
          266837.50 6784187.50 113.97 266862.50 6784187.50 114.06 266887.50 6784187.50 114.13 266912.50 6784187.50 114.20 
          266937.50 6784187.50 114.25 266962.50 6784187.50 114.30 266987.50 6784187.50 114.33 267012.50 6784187.50 114.35 
          267037.50 6784187.50 114.37 267062.50 6784187.50 114.38 267087.50 6784187.50 114.38 264987.50 6784162.50 102.74 
          265012.50 6784162.50 102.73 265037.50 6784162.50 102.71 265062.50 6784162.50 102.69 265087.50 6784162.50 102.65 
          265112.50 6784162.50 102.60 265137.50 6784162.50 102.53 265162.50 6784162.50 102.45 265187.50 6784162.50 102.36 
          265212.50 6784162.50 102.27 265237.50 6784162.50 102.16 265262.50 6784162.50 102.06 265287.50 6784162.50 101.96 
          265312.50 6784162.50 101.86 265337.50 6784162.50 101.77 265362.50 6784162.50 101.69 265387.50 6784162.50 101.62 
          265412.50 6784162.50 101.55 265437.50 6784162.50 101.49 265462.50 6784162.50 101.42 265487.50 6784162.50 101.36 
          265512.50 6784162.50 101.31 265537.50 6784162.50 101.26 265562.50 6784162.50 101.20 265587.50 6784162.50 101.30 
          265612.50 6784162.50 101.51 265637.50 6784162.50 101.73 265662.50 6784162.50 101.96 265687.50 6784162.50 102.21 
          265712.50 6784162.50 102.47 265737.50 6784162.50 102.76 265762.50 6784162.50 103.04 265787.50 6784162.50 103.34 
          265812.50 6784162.50 103.64 265837.50 6784162.50 103.93 265862.50 6784162.50 104.25 265887.50 6784162.50 104.57 
          265912.50 6784162.50 104.90 265937.50 6784162.50 105.24 265962.50 6784162.50 105.58 265987.50 6784162.50 105.91 
          266012.50 6784162.50 106.25 266037.50 6784162.50 106.58 266062.50 6784162.50 106.91 266087.50 6784162.50 107.23 
          266112.50 6784162.50 107.56 266137.50 6784162.50 107.88 266162.50 6784162.50 108.20 266187.50 6784162.50 108.51 
          266212.50 6784162.50 108.82 266237.50 6784162.50 109.12 266262.50 6784162.50 109.40 266287.50 6784162.50 109.68 
          266312.50 6784162.50 109.95 266337.50 6784162.50 110.21 266362.50 6784162.50 110.47 266387.50 6784162.50 110.72 
          266412.50 6784162.50 110.97 266437.50 6784162.50 111.21 266462.50 6784162.50 111.44 266487.50 6784162.50 111.67 
          266512.50 6784162.50 111.89 266537.50 6784162.50 112.11 266562.50 6784162.50 112.32 266587.50 6784162.50 112.52 
          266612.50 6784162.50 112.72 266637.50 6784162.50 112.90 266662.50 6784162.50 113.08 266687.50 6784162.50 113.25 
          266712.50 6784162.50 113.40 266737.50 6784162.50 113.55 266762.50 6784162.50 113.68 266787.50 6784162.50 113.80 
          266812.50 6784162.50 113.91 266837.50 6784162.50 114.00 266862.50 6784162.50 114.09 266887.50 6784162.50 114.16 
          266912.50 6784162.50 114.23 266937.50 6784162.50 114.28 266962.50 6784162.50 114.33 266987.50 6784162.50 114.36 
          267012.50 6784162.50 114.38 267037.50 6784162.50 114.40 267062.50 6784162.50 114.41 267087.50 6784162.50 114.41 
          264987.50 6784137.50 102.56 265012.50 6784137.50 102.55 265037.50 6784137.50 102.53 265062.50 6784137.50 102.50 
          265087.50 6784137.50 102.46 265112.50 6784137.50 102.40 265137.50 6784137.50 102.33 265162.50 6784137.50 102.25 
          265187.50 6784137.50 102.15 265212.50 6784137.50 102.05 265237.50 6784137.50 101.95 265262.50 6784137.50 101.84 
          265287.50 6784137.50 101.74 265312.50 6784137.50 101.64 265337.50 6784137.50 101.55 265362.50 6784137.50 101.47 
          265387.50 6784137.50 101.40 265412.50 6784137.50 101.32 265437.50 6784137.50 101.24 265462.50 6784137.50 101.17 
          265487.50 6784137.50 101.10 265512.50 6784137.50 101.03 265537.50 6784137.50 100.96 265562.50 6784137.50 100.91 
          265587.50 6784137.50 101.09 265612.50 6784137.50 101.28 265637.50 6784137.50 101.51 265662.50 6784137.50 101.75 
          265687.50 6784137.50 102.02 265712.50 6784137.50 102.28 265737.50 6784137.50 102.57 265762.50 6784137.50 102.88 
          265787.50 6784137.50 103.19 265812.50 6784137.50 103.49 265837.50 6784137.50 103.79 265862.50 6784137.50 104.12 
          265887.50 6784137.50 104.45 265912.50 6784137.50 104.79 265937.50 6784137.50 105.13 265962.50 6784137.50 105.48 
          265987.50 6784137.50 105.82 266012.50 6784137.50 106.16 266037.50 6784137.50 106.50 266062.50 6784137.50 106.84 
          266087.50 6784137.50 107.17 266112.50 6784137.50 107.51 266137.50 6784137.50 107.84 266162.50 6784137.50 108.17 
          266187.50 6784137.50 108.49 266212.50 6784137.50 108.80 266237.50 6784137.50 109.10 266262.50 6784137.50 109.40 
          266287.50 6784137.50 109.68 266312.50 6784137.50 109.95 266337.50 6784137.50 110.21 266362.50 6784137.50 110.47 
          266387.50 6784137.50 110.72 266412.50 6784137.50 110.98 266437.50 6784137.50 111.22 266462.50 6784137.50 111.46 
          266487.50 6784137.50 111.69 266512.50 6784137.50 111.92 266537.50 6784137.50 112.14 266562.50 6784137.50 112.35 
          266587.50 6784137.50 112.56 266612.50 6784137.50 112.75 266637.50 6784137.50 112.94 266662.50 6784137.50 113.11 
          266687.50 6784137.50 113.28 266712.50 6784137.50 113.43 266737.50 6784137.50 113.58 266762.50 6784137.50 113.71 
          266787.50 6784137.50 113.82 266812.50 6784137.50 113.93 266837.50 6784137.50 114.03 266862.50 6784137.50 114.12 
          266887.50 6784137.50 114.19 266912.50 6784137.50 114.25 266937.50 6784137.50 114.31 266962.50 6784137.50 114.35 
          266987.50 6784137.50 114.39 267012.50 6784137.50 114.41 267037.50 6784137.50 114.43 267062.50 6784137.50 114.43 
          267087.50 6784137.50 114.43 264987.50 6784112.50 102.39 265012.50 6784112.50 102.38 265037.50 6784112.50 102.35 
          265062.50 6784112.50 102.32 265087.50 6784112.50 102.28 265112.50 6784112.50 102.22 265137.50 6784112.50 102.14 
          265162.50 6784112.50 102.05 265187.50 6784112.50 101.95 265212.50 6784112.50 101.85 265237.50 6784112.50 101.74 
          265262.50 6784112.50 101.63 265287.50 6784112.50 101.53 265312.50 6784112.50 101.44 265337.50 6784112.50 101.35 
          265362.50 6784112.50 101.26 265387.50 6784112.50 101.18 265412.50 6784112.50 101.10 265437.50 6784112.50 101.01 
          265462.50 6784112.50 100.92 265487.50 6784112.50 100.84 265512.50 6784112.50 100.75 265537.50 6784112.50 100.61 
          265562.50 6784112.50 100.71 265587.50 6784112.50 100.85 265612.50 6784112.50 101.05 265637.50 6784112.50 101.29 
          265662.50 6784112.50 101.55 265687.50 6784112.50 101.83 265712.50 6784112.50 102.11 265737.50 6784112.50 102.41 
          265762.50 6784112.50 102.72 265787.50 6784112.50 103.03 265812.50 6784112.50 103.35 265837.50 6784112.50 103.67 
          265862.50 6784112.50 104.01 265887.50 6784112.50 104.34 265912.50 6784112.50 104.68 265937.50 6784112.50 105.03 
          265962.50 6784112.50 105.38 265987.50 6784112.50 105.73 266012.50 6784112.50 106.08 266037.50 6784112.50 106.43 
          266062.50 6784112.50 106.78 266087.50 6784112.50 107.13 266112.50 6784112.50 107.47 266137.50 6784112.50 107.81 
          266162.50 6784112.50 108.14 266187.50 6784112.50 108.47 266212.50 6784112.50 108.78 266237.50 6784112.50 109.09 
          266262.50 6784112.50 109.38 266287.50 6784112.50 109.67 266312.50 6784112.50 109.94 266337.50 6784112.50 110.21 
          266362.50 6784112.50 110.48 266387.50 6784112.50 110.74 266412.50 6784112.50 110.99 266437.50 6784112.50 111.24 
          266462.50 6784112.50 111.48 266487.50 6784112.50 111.71 266512.50 6784112.50 111.94 266537.50 6784112.50 112.16 
          266562.50 6784112.50 112.37 266587.50 6784112.50 112.58 266612.50 6784112.50 112.78 266637.50 6784112.50 112.96 
          266662.50 6784112.50 113.14 266687.50 6784112.50 113.31 266712.50 6784112.50 113.46 266737.50 6784112.50 113.60 
          266762.50 6784112.50 113.73 266787.50 6784112.50 113.85 266812.50 6784112.50 113.96 266837.50 6784112.50 114.05 
          266862.50 6784112.50 114.14 266887.50 6784112.50 114.21 266912.50 6784112.50 114.28 266937.50 6784112.50 114.33 
          266962.50 6784112.50 114.38 266987.50 6784112.50 114.41 267012.50 6784112.50 114.44 267037.50 6784112.50 114.45 
          267062.50 6784112.50 114.46 267087.50 6784112.50 114.46 264987.50 6784087.50 102.23 265012.50 6784087.50 102.22 
          265037.50 6784087.50 102.19 265062.50 6784087.50 102.15 265087.50 6784087.50 102.10 265112.50 6784087.50 102.04 
          265137.50 6784087.50 101.96 265162.50 6784087.50 101.87 265187.50 6784087.50 101.77 265212.50 6784087.50 101.66 
          265237.50 6784087.50 101.55 265262.50 6784087.50 101.44 265287.50 6784087.50 101.34 265312.50 6784087.50 101.24 
          265337.50 6784087.50 101.15 265362.50 6784087.50 101.06 265387.50 6784087.50 100.97 265412.50 6784087.50 100.88 
          265437.50 6784087.50 100.78 265462.50 6784087.50 100.68 265487.50 6784087.50 100.58 265512.50 6784087.50 100.49 
          265537.50 6784087.50 100.41 265562.50 6784087.50 100.40 265587.50 6784087.50 100.53 265612.50 6784087.50 100.77 
          265637.50 6784087.50 101.06 265662.50 6784087.50 101.36 265687.50 6784087.50 101.66 265712.50 6784087.50 101.96 
          265737.50 6784087.50 102.26 265762.50 6784087.50 102.59 265787.50 6784087.50 102.90 265812.50 6784087.50 103.23 
          265837.50 6784087.50 103.57 265862.50 6784087.50 103.90 265887.50 6784087.50 104.24 265912.50 6784087.50 104.59 
          265937.50 6784087.50 104.94 265962.50 6784087.50 105.30 265987.50 6784087.50 105.65 266012.50 6784087.50 106.01 
          266037.50 6784087.50 106.37 266062.50 6784087.50 106.73 266087.50 6784087.50 107.08 266112.50 6784087.50 107.43 
          266137.50 6784087.50 107.78 266162.50 6784087.50 108.12 266187.50 6784087.50 108.45 266212.50 6784087.50 108.77 
          266237.50 6784087.50 109.08 266262.50 6784087.50 109.37 266287.50 6784087.50 109.66 266312.50 6784087.50 109.94 
          266337.50 6784087.50 110.21 266362.50 6784087.50 110.48 266387.50 6784087.50 110.74 266412.50 6784087.50 111.00 
          266437.50 6784087.50 111.25 266462.50 6784087.50 111.50 266487.50 6784087.50 111.73 266512.50 6784087.50 111.96 
          266537.50 6784087.50 112.18 266562.50 6784087.50 112.40 266587.50 6784087.50 112.60 266612.50 6784087.50 112.80 
          266637.50 6784087.50 112.99 266662.50 6784087.50 113.16 266687.50 6784087.50 113.33 266712.50 6784087.50 113.48 
          266737.50 6784087.50 113.62 266762.50 6784087.50 113.75 266787.50 6784087.50 113.87 266812.50 6784087.50 113.98 
          266837.50 6784087.50 114.07 266862.50 6784087.50 114.16 266887.50 6784087.50 114.23 266912.50 6784087.50 114.30 
          266937.50 6784087.50 114.36 266962.50 6784087.50 114.40 266987.50 6784087.50 114.44 267012.50 6784087.50 114.46 
          267037.50 6784087.50 114.48 267062.50 6784087.50 114.48 267087.50 6784087.50 114.48 264987.50 6784062.50 102.08 
          265012.50 6784062.50 102.07 265037.50 6784062.50 102.04 265062.50 6784062.50 102.00 265087.50 6784062.50 101.95 
          265112.50 6784062.50 101.88 265137.50 6784062.50 101.79 265162.50 6784062.50 101.69 265187.50 6784062.50 101.59 
          265212.50 6784062.50 101.48 265237.50 6784062.50 101.37 265262.50 6784062.50 101.26 265287.50 6784062.50 101.15 
          265312.50 6784062.50 101.05 265337.50 6784062.50 100.96 265362.50 6784062.50 100.86 265387.50 6784062.50 100.76 
          265412.50 6784062.50 100.65 265437.50 6784062.50 100.55 265462.50 6784062.50 100.44 265487.50 6784062.50 100.33 
          265512.50 6784062.50 100.22 265537.50 6784062.50 100.09 265562.50 6784062.50 99.91 265587.50 6784062.50 100.01 
          265612.50 6784062.50 100.49 265637.50 6784062.50 100.84 265662.50 6784062.50 101.17 265687.50 6784062.50 101.49 
          265712.50 6784062.50 101.81 265737.50 6784062.50 102.13 265762.50 6784062.50 102.46 265787.50 6784062.50 102.79 
          265812.50 6784062.50 103.12 265837.50 6784062.50 103.46 265862.50 6784062.50 103.81 265887.50 6784062.50 104.15 
          265912.50 6784062.50 104.50 265937.50 6784062.50 104.86 265962.50 6784062.50 105.22 265987.50 6784062.50 105.59 
          266012.50 6784062.50 105.95 266037.50 6784062.50 106.32 266062.50 6784062.50 106.68 266087.50 6784062.50 107.05 
          266112.50 6784062.50 107.41 266137.50 6784062.50 107.76 266162.50 6784062.50 108.10 266187.50 6784062.50 108.43 
          266212.50 6784062.50 108.75 266237.50 6784062.50 109.06 266262.50 6784062.50 109.36 266287.50 6784062.50 109.66 
          266312.50 6784062.50 109.94 266337.50 6784062.50 110.22 266362.50 6784062.50 110.49 266387.50 6784062.50 110.75 
          266412.50 6784062.50 111.01 266437.50 6784062.50 111.26 266462.50 6784062.50 111.51 266487.50 6784062.50 111.75 
          266512.50 6784062.50 111.98 266537.50 6784062.50 112.20 266562.50 6784062.50 112.42 266587.50 6784062.50 112.62 
          266612.50 6784062.50 112.82 266637.50 6784062.50 113.00 266662.50 6784062.50 113.18 266687.50 6784062.50 113.34 
          266712.50 6784062.50 113.49 266737.50 6784062.50 113.64 266762.50 6784062.50 113.77 266787.50 6784062.50 113.89 
          266812.50 6784062.50 114.00 266837.50 6784062.50 114.09 266862.50 6784062.50 114.18 266887.50 6784062.50 114.26 
          266912.50 6784062.50 114.32 266937.50 6784062.50 114.38 266962.50 6784062.50 114.42 266987.50 6784062.50 114.46 
          267012.50 6784062.50 114.49 267037.50 6784062.50 114.50 267062.50 6784062.50 114.51 267087.50 6784062.50 114.51 
          264987.50 6784037.50 101.95 265012.50 6784037.50 101.94 265037.50 6784037.50 101.91 265062.50 6784037.50 101.86 
          265087.50 6784037.50 101.81 265112.50 6784037.50 101.73 265137.50 6784037.50 101.64 265162.50 6784037.50 101.54 
          265187.50 6784037.50 101.43 265212.50 6784037.50 101.32 265237.50 6784037.50 101.20 265262.50 6784037.50 101.08 
          265287.50 6784037.50 100.98 265312.50 6784037.50 100.87 265337.50 6784037.50 100.77 265362.50 6784037.50 100.66 
          265387.50 6784037.50 100.55 265412.50 6784037.50 100.44 265437.50 6784037.50 100.32 265462.50 6784037.50 100.21 
          265487.50 6784037.50 100.08 265512.50 6784037.50 99.95 265537.50 6784037.50 99.78 265562.50 6784037.50 99.42 
          265587.50 6784037.50 99.90 265612.50 6784037.50 100.30 265637.50 6784037.50 100.66 265662.50 6784037.50 101.00 
          265687.50 6784037.50 101.34 265712.50 6784037.50 101.67 265737.50 6784037.50 102.01 265762.50 6784037.50 102.35 
          265787.50 6784037.50 102.69 265812.50 6784037.50 103.03 265837.50 6784037.50 103.37 265862.50 6784037.50 103.72 
          265887.50 6784037.50 104.07 265912.50 6784037.50 104.43 265937.50 6784037.50 104.79 265962.50 6784037.50 105.15 
          265987.50 6784037.50 105.52 266012.50 6784037.50 105.90 266037.50 6784037.50 106.27 266062.50 6784037.50 106.64 
          266087.50 6784037.50 107.02 266112.50 6784037.50 107.38 266137.50 6784037.50 107.73 266162.50 6784037.50 108.08 
          266187.50 6784037.50 108.41 266212.50 6784037.50 108.74 266237.50 6784037.50 109.05 266262.50 6784037.50 109.36 
          266287.50 6784037.50 109.65 266312.50 6784037.50 109.94 266337.50 6784037.50 110.22 266362.50 6784037.50 110.49 
          266387.50 6784037.50 110.76 266412.50 6784037.50 111.02 266437.50 6784037.50 111.27 266462.50 6784037.50 111.52 
          266487.50 6784037.50 111.76 266512.50 6784037.50 111.99 266537.50 6784037.50 112.22 266562.50 6784037.50 112.43 
          266587.50 6784037.50 112.63 266612.50 6784037.50 112.83 266637.50 6784037.50 113.01 266662.50 6784037.50 113.19 
          266687.50 6784037.50 113.36 266712.50 6784037.50 113.51 266737.50 6784037.50 113.66 266762.50 6784037.50 113.79 
          266787.50 6784037.50 113.90 266812.50 6784037.50 114.01 266837.50 6784037.50 114.11 266862.50 6784037.50 114.20 
          266887.50 6784037.50 114.28 266912.50 6784037.50 114.34 266937.50 6784037.50 114.40 266962.50 6784037.50 114.44 
          266987.50 6784037.50 114.48 267012.50 6784037.50 114.51 267037.50 6784037.50 114.52 267062.50 6784037.50 114.53 
          267087.50 6784037.50 114.53 264987.50 6784012.50 101.84 265012.50 6784012.50 101.82 265037.50 6784012.50 101.79 
          265062.50 6784012.50 101.74 265087.50 6784012.50 101.68 265112.50 6784012.50 101.60 265137.50 6784012.50 101.51 
          265162.50 6784012.50 101.41 265187.50 6784012.50 101.29 265212.50 6784012.50 101.17 265237.50 6784012.50 101.05 
          265262.50 6784012.50 100.93 265287.50 6784012.50 100.81 265312.50 6784012.50 100.70 265337.50 6784012.50 100.58 
          265362.50 6784012.50 100.47 265387.50 6784012.50 100.35 265412.50 6784012.50 100.23 265437.50 6784012.50 100.11 
          265462.50 6784012.50 99.98 265487.50 6784012.50 99.85 265512.50 6784012.50 99.71 265537.50 6784012.50 99.55 
          265562.50 6784012.50 99.22 265587.50 6784012.50 99.74 265612.50 6784012.50 100.13 265637.50 6784012.50 100.50 
          265662.50 6784012.50 100.86 265687.50 6784012.50 101.21 265712.50 6784012.50 101.55 265737.50 6784012.50 101.90 
          265762.50 6784012.50 102.24 265787.50 6784012.50 102.59 265812.50 6784012.50 102.94 265837.50 6784012.50 103.29 
          265862.50 6784012.50 103.65 265887.50 6784012.50 104.00 265912.50 6784012.50 104.37 265937.50 6784012.50 104.73 
          265962.50 6784012.50 105.10 265987.50 6784012.50 105.47 266012.50 6784012.50 105.85 266037.50 6784012.50 106.23 
          266062.50 6784012.50 106.61 266087.50 6784012.50 106.99 266112.50 6784012.50 107.36 266137.50 6784012.50 107.72 
          266162.50 6784012.50 108.06 266187.50 6784012.50 108.40 266212.50 6784012.50 108.73 266237.50 6784012.50 109.04 
          266262.50 6784012.50 109.35 266287.50 6784012.50 109.65 266312.50 6784012.50 109.94 266337.50 6784012.50 110.22 
          266362.50 6784012.50 110.49 266387.50 6784012.50 110.76 266412.50 6784012.50 111.02 266437.50 6784012.50 111.28 
          266462.50 6784012.50 111.53 266487.50 6784012.50 111.77 266512.50 6784012.50 112.01 266537.50 6784012.50 112.23 
          266562.50 6784012.50 112.44 266587.50 6784012.50 112.64 266612.50 6784012.50 112.84 266637.50 6784012.50 113.02 
          266662.50 6784012.50 113.20 266687.50 6784012.50 113.37 266712.50 6784012.50 113.52 266737.50 6784012.50 113.67 
          266762.50 6784012.50 113.80 266787.50 6784012.50 113.92 266812.50 6784012.50 114.03 266837.50 6784012.50 114.12 
          266862.50 6784012.50 114.21 266887.50 6784012.50 114.29 266912.50 6784012.50 114.36 266937.50 6784012.50 114.42 
          266962.50 6784012.50 114.46 266987.50 6784012.50 114.50 267012.50 6784012.50 114.52 267037.50 6784012.50 114.54 
          267062.50 6784012.50 114.55 267087.50 6784012.50 114.55 264987.50 6783987.50 101.74 265012.50 6783987.50 101.72 
          265037.50 6783987.50 101.69 265062.50 6783987.50 101.64 265087.50 6783987.50 101.58 265112.50 6783987.50 101.50 
          265137.50 6783987.50 101.40 265162.50 6783987.50 101.29 265187.50 6783987.50 101.17 265212.50 6783987.50 101.05 
          265237.50 6783987.50 100.91 265262.50 6783987.50 100.78 265287.50 6783987.50 100.65 265312.50 6783987.50 100.53 
          265337.50 6783987.50 100.40 265362.50 6783987.50 100.28 265387.50 6783987.50 100.15 265412.50 6783987.50 100.03 
          265437.50 6783987.50 99.90 265462.50 6783987.50 99.77 265487.50 6783987.50 99.63 265512.50 6783987.50 99.49 
          265537.50 6783987.50 99.35 265562.50 6783987.50 99.21 265587.50 6783987.50 99.64 265612.50 6783987.50 100.00 
          265637.50 6783987.50 100.37 265662.50 6783987.50 100.74 265687.50 6783987.50 101.10 265712.50 6783987.50 101.45 
          265737.50 6783987.50 101.80 265762.50 6783987.50 102.15 265787.50 6783987.50 102.51 265812.50 6783987.50 102.86 
          265837.50 6783987.50 103.22 265862.50 6783987.50 103.58 265887.50 6783987.50 103.94 265912.50 6783987.50 104.31 
          265937.50 6783987.50 104.68 265962.50 6783987.50 105.05 265987.50 6783987.50 105.42 266012.50 6783987.50 105.81 
          266037.50 6783987.50 106.20 266062.50 6783987.50 106.59 266087.50 6783987.50 106.97 266112.50 6783987.50 107.34 
          266137.50 6783987.50 107.70 266162.50 6783987.50 108.05 266187.50 6783987.50 108.39 266212.50 6783987.50 108.72 
          266237.50 6783987.50 109.04 266262.50 6783987.50 109.35 266287.50 6783987.50 109.65 266312.50 6783987.50 109.94 
          266337.50 6783987.50 110.22 266362.50 6783987.50 110.49 266387.50 6783987.50 110.76 266412.50 6783987.50 111.03 
          266437.50 6783987.50 111.29 266462.50 6783987.50 111.54 266487.50 6783987.50 111.78 266512.50 6783987.50 112.01 
          266537.50 6783987.50 112.23 266562.50 6783987.50 112.44 266587.50 6783987.50 112.65 266612.50 6783987.50 112.84 
          266637.50 6783987.50 113.03 266662.50 6783987.50 113.21 266687.50 6783987.50 113.38 266712.50 6783987.50 113.53 
          266737.50 6783987.50 113.68 266762.50 6783987.50 113.81 266787.50 6783987.50 113.93 266812.50 6783987.50 114.04 
          266837.50 6783987.50 114.14 266862.50 6783987.50 114.23 266887.50 6783987.50 114.31 266912.50 6783987.50 114.37 
          266937.50 6783987.50 114.43 266962.50 6783987.50 114.48 266987.50 6783987.50 114.51 267012.50 6783987.50 114.54 
          267037.50 6783987.50 114.56 267062.50 6783987.50 114.57 267087.50 6783987.50 114.57 264987.50 6783962.50 101.65 
          265012.50 6783962.50 101.64 265037.50 6783962.50 101.61 265062.50 6783962.50 101.56 265087.50 6783962.50 101.50 
          265112.50 6783962.50 101.41 265137.50 6783962.50 101.31 265162.50 6783962.50 101.20 265187.50 6783962.50 101.07 
          265212.50 6783962.50 100.93 265237.50 6783962.50 100.79 265262.50 6783962.50 100.65 265287.50 6783962.50 100.50 
          265312.50 6783962.50 100.36 265337.50 6783962.50 100.22 265362.50 6783962.50 100.09 265387.50 6783962.50 99.96 
          265412.50 6783962.50 99.83 265437.50 6783962.50 99.70 265462.50 6783962.50 99.56 265487.50 6783962.50 99.41 
          265512.50 6783962.50 99.26 265537.50 6783962.50 99.01 265562.50 6783962.50 99.27 265587.50 6783962.50 99.58 
          265612.50 6783962.50 99.91 265637.50 6783962.50 100.27 265662.50 6783962.50 100.64 265687.50 6783962.50 101.00 
          265712.50 6783962.50 101.36 265737.50 6783962.50 101.72 265762.50 6783962.50 102.08 265787.50 6783962.50 102.44 
          265812.50 6783962.50 102.80 265837.50 6783962.50 103.16 265862.50 6783962.50 103.53 265887.50 6783962.50 103.90 
          265912.50 6783962.50 104.27 265937.50 6783962.50 104.64 265962.50 6783962.50 105.01 265987.50 6783962.50 105.39 
          266012.50 6783962.50 105.78 266037.50 6783962.50 106.18 266062.50 6783962.50 106.57 266087.50 6783962.50 106.95 
          266112.50 6783962.50 107.33 266137.50 6783962.50 107.69 266162.50 6783962.50 108.04 266187.50 6783962.50 108.38 
          266212.50 6783962.50 108.71 266237.50 6783962.50 109.03 266262.50 6783962.50 109.34 266287.50 6783962.50 109.64 
          266312.50 6783962.50 109.93 266337.50 6783962.50 110.22 266362.50 6783962.50 110.49 266387.50 6783962.50 110.76 
          266412.50 6783962.50 111.03 266437.50 6783962.50 111.29 266462.50 6783962.50 111.54 266487.50 6783962.50 111.78 
          266512.50 6783962.50 112.01 266537.50 6783962.50 112.24 266562.50 6783962.50 112.45 266587.50 6783962.50 112.65 
          266612.50 6783962.50 112.84 266637.50 6783962.50 113.03 266662.50 6783962.50 113.21 266687.50 6783962.50 113.38 
          266712.50 6783962.50 113.54 266737.50 6783962.50 113.68 266762.50 6783962.50 113.82 266787.50 6783962.50 113.94 
          266812.50 6783962.50 114.05 266837.50 6783962.50 114.15 266862.50 6783962.50 114.24 266887.50 6783962.50 114.32 
          266912.50 6783962.50 114.39 266937.50 6783962.50 114.45 266962.50 6783962.50 114.49 266987.50 6783962.50 114.53 
          267012.50 6783962.50 114.55 267037.50 6783962.50 114.57 267062.50 6783962.50 114.58 267087.50 6783962.50 114.58 
          264987.50 6783937.50 101.59 265012.50 6783937.50 101.57 265037.50 6783937.50 101.54 265062.50 6783937.50 101.49 
          265087.50 6783937.50 101.42 265112.50 6783937.50 101.34 265137.50 6783937.50 101.24 265162.50 6783937.50 101.13 
          265187.50 6783937.50 100.99 265212.50 6783937.50 100.84 265237.50 6783937.50 100.68 265262.50 6783937.50 100.51 
          265287.50 6783937.50 100.34 265312.50 6783937.50 100.18 265337.50 6783937.50 100.03 265362.50 6783937.50 99.90 
          265387.50 6783937.50 99.77 265412.50 6783937.50 99.64 265437.50 6783937.50 99.50 265462.50 6783937.50 99.35 
          265487.50 6783937.50 99.19 265512.50 6783937.50 99.04 265537.50 6783937.50 98.81 265562.50 6783937.50 99.20 
          265587.50 6783937.50 99.51 265612.50 6783937.50 99.84 265637.50 6783937.50 100.20 265662.50 6783937.50 100.56 
          265687.50 6783937.50 100.93 265712.50 6783937.50 101.29 265737.50 6783937.50 101.65 265762.50 6783937.50 102.01 
          265787.50 6783937.50 102.38 265812.50 6783937.50 102.74 265837.50 6783937.50 103.11 265862.50 6783937.50 103.48 
          265887.50 6783937.50 103.86 265912.50 6783937.50 104.23 265937.50 6783937.50 104.61 265962.50 6783937.50 104.98 
          265987.50 6783937.50 105.37 266012.50 6783937.50 105.76 266037.50 6783937.50 106.16 266062.50 6783937.50 106.55 
          266087.50 6783937.50 106.94 266112.50 6783937.50 107.32 266137.50 6783937.50 107.68 266162.50 6783937.50 108.03 
          266187.50 6783937.50 108.37 266212.50 6783937.50 108.71 266237.50 6783937.50 109.03 266262.50 6783937.50 109.34 
          266287.50 6783937.50 109.64 266312.50 6783937.50 109.93 266337.50 6783937.50 110.22 266362.50 6783937.50 110.49 
          266387.50 6783937.50 110.76 266412.50 6783937.50 111.03 266437.50 6783937.50 111.29 266462.50 6783937.50 111.54 
          266487.50 6783937.50 111.78 266512.50 6783937.50 112.01 266537.50 6783937.50 112.24 266562.50 6783937.50 112.45 
          266587.50 6783937.50 112.65 266612.50 6783937.50 112.85 266637.50 6783937.50 113.04 266662.50 6783937.50 113.22 
          266687.50 6783937.50 113.38 266712.50 6783937.50 113.54 266737.50 6783937.50 113.69 266762.50 6783937.50 113.82 
          266787.50 6783937.50 113.95 266812.50 6783937.50 114.06 266837.50 6783937.50 114.16 266862.50 6783937.50 114.25 
          266887.50 6783937.50 114.33 266912.50 6783937.50 114.40 266937.50 6783937.50 114.46 266962.50 6783937.50 114.50 
          266987.50 6783937.50 114.54 267012.50 6783937.50 114.57 267037.50 6783937.50 114.59 267062.50 6783937.50 114.59 
          267087.50 6783937.50 114.59 264987.50 6783912.50 101.54 265012.50 6783912.50 101.52 265037.50 6783912.50 101.48 
          265062.50 6783912.50 101.43 265087.50 6783912.50 101.37 265112.50 6783912.50 101.28 265137.50 6783912.50 101.18 
          265162.50 6783912.50 101.06 265187.50 6783912.50 100.92 265212.50 6783912.50 100.76 265237.50 6783912.50 100.58 
          265262.50 6783912.50 100.38 265287.50 6783912.50 100.16 265312.50 6783912.50 99.98 265337.50 6783912.50 99.84 
          265362.50 6783912.50 99.70 265387.50 6783912.50 99.59 265412.50 6783912.50 99.46 265437.50 6783912.50 99.32 
          265462.50 6783912.50 99.15 265487.50 6783912.50 98.96 265512.50 6783912.50 98.81 265537.50 6783912.50 98.81 
          265562.50 6783912.50 99.14 265587.50 6783912.50 99.45 265612.50 6783912.50 99.79 265637.50 6783912.50 100.15 
          265662.50 6783912.50 100.51 265687.50 6783912.50 100.88 265712.50 6783912.50 101.24 265737.50 6783912.50 101.60 
          265762.50 6783912.50 101.96 265787.50 6783912.50 102.33 265812.50 6783912.50 102.70 265837.50 6783912.50 103.07 
          265862.50 6783912.50 103.45 265887.50 6783912.50 103.82 265912.50 6783912.50 104.20 265937.50 6783912.50 104.58 
          265962.50 6783912.50 104.96 265987.50 6783912.50 105.35 266012.50 6783912.50 105.75 266037.50 6783912.50 106.15 
          266062.50 6783912.50 106.54 266087.50 6783912.50 106.93 266112.50 6783912.50 107.31 266137.50 6783912.50 107.67 
          266162.50 6783912.50 108.03 266187.50 6783912.50 108.37 266212.50 6783912.50 108.70 266237.50 6783912.50 109.03 
          266262.50 6783912.50 109.34 266287.50 6783912.50 109.64 266312.50 6783912.50 109.93 266337.50 6783912.50 110.22 
          266362.50 6783912.50 110.49 266387.50 6783912.50 110.76 266412.50 6783912.50 111.03 266437.50 6783912.50 111.29 
          266462.50 6783912.50 111.54 266487.50 6783912.50 111.78 266512.50 6783912.50 112.01 266537.50 6783912.50 112.24 
          266562.50 6783912.50 112.45 266587.50 6783912.50 112.65 266612.50 6783912.50 112.85 266637.50 6783912.50 113.04 
          266662.50 6783912.50 113.22 266687.50 6783912.50 113.39 266712.50 6783912.50 113.55 266737.50 6783912.50 113.69 
          266762.50 6783912.50 113.83 266787.50 6783912.50 113.95 266812.50 6783912.50 114.06 266837.50 6783912.50 114.16 
          266862.50 6783912.50 114.25 266887.50 6783912.50 114.34 266912.50 6783912.50 114.41 266937.50 6783912.50 114.47 
          266962.50 6783912.50 114.51 266987.50 6783912.50 114.55 267012.50 6783912.50 114.58 267037.50 6783912.50 114.60 
          267062.50 6783912.50 114.60 267087.50 6783912.50 114.60 264987.50 6783887.50 101.50 265012.50 6783887.50 101.49 
          265037.50 6783887.50 101.45 265062.50 6783887.50 101.40 265087.50 6783887.50 101.33 265112.50 6783887.50 101.24 
          265137.50 6783887.50 101.13 265162.50 6783887.50 101.01 265187.50 6783887.50 100.87 265212.50 6783887.50 100.70 
          265237.50 6783887.50 100.51 265262.50 6783887.50 100.27 265287.50 6783887.50 99.91 265312.50 6783887.50 99.71 
          265337.50 6783887.50 99.63 265362.50 6783887.50 99.49 265387.50 6783887.50 99.42 265412.50 6783887.50 99.32 
          265437.50 6783887.50 99.17 265462.50 6783887.50 98.96 265487.50 6783887.50 98.68 265512.50 6783887.50 98.32 
          265537.50 6783887.50 98.75 265562.50 6783887.50 99.08 265587.50 6783887.50 99.40 265612.50 6783887.50 99.75 
          265637.50 6783887.50 100.12 265662.50 6783887.50 100.47 265687.50 6783887.50 100.84 265712.50 6783887.50 101.20 
          265737.50 6783887.50 101.56 265762.50 6783887.50 101.93 265787.50 6783887.50 102.30 265812.50 6783887.50 102.67 
          265837.50 6783887.50 103.05 265862.50 6783887.50 103.43 265887.50 6783887.50 103.80 265912.50 6783887.50 104.18 
          265937.50 6783887.50 104.57 265962.50 6783887.50 104.95 265987.50 6783887.50 105.35 266012.50 6783887.50 105.74 
          266037.50 6783887.50 106.14 266062.50 6783887.50 106.54 266087.50 6783887.50 106.93 266112.50 6783887.50 107.30 
          266137.50 6783887.50 107.67 266162.50 6783887.50 108.02 266187.50 6783887.50 108.37 266212.50 6783887.50 108.70 
          266237.50 6783887.50 109.02 266262.50 6783887.50 109.34 266287.50 6783887.50 109.63 266312.50 6783887.50 109.93 
          266337.50 6783887.50 110.21 266362.50 6783887.50 110.49 266387.50 6783887.50 110.76 266412.50 6783887.50 111.02 
          266437.50 6783887.50 111.28 266462.50 6783887.50 111.53 266487.50 6783887.50 111.78 266512.50 6783887.50 112.01 
          266537.50 6783887.50 112.24 266562.50 6783887.50 112.45 266587.50 6783887.50 112.65 266612.50 6783887.50 112.85 
          266637.50 6783887.50 113.04 266662.50 6783887.50 113.21 266687.50 6783887.50 113.39 266712.50 6783887.50 113.55 
          266737.50 6783887.50 113.70 266762.50 6783887.50 113.83 266787.50 6783887.50 113.95 266812.50 6783887.50 114.07 
          266837.50 6783887.50 114.17 266862.50 6783887.50 114.26 266887.50 6783887.50 114.34 266912.50 6783887.50 114.41 
          266937.50 6783887.50 114.47 266962.50 6783887.50 114.52 266987.50 6783887.50 114.56 267012.50 6783887.50 114.58 
          267037.50 6783887.50 114.60 267062.50 6783887.50 114.61 267087.50 6783887.50 114.61 264987.50 6783862.50 101.49 
          265012.50 6783862.50 101.47 265037.50 6783862.50 101.43 265062.50 6783862.50 101.38 265087.50 6783862.50 101.31 
          265112.50 6783862.50 101.22 265137.50 6783862.50 101.12 265162.50 6783862.50 100.99 265187.50 6783862.50 100.84 
          265212.50 6783862.50 100.67 265237.50 6783862.50 100.48 265262.50 6783862.50 100.24 265287.50 6783862.50 99.97 
          265312.50 6783862.50 99.72 265337.50 6783862.50 99.41 265362.50 6783862.50 99.11 265387.50 6783862.50 99.28 
          265412.50 6783862.50 99.22 265437.50 6783862.50 99.07 265462.50 6783862.50 98.80 265487.50 6783862.50 98.31 
          265512.50 6783862.50 98.12 265537.50 6783862.50 98.67 265562.50 6783862.50 99.04 265587.50 6783862.50 99.37 
          265612.50 6783862.50 99.73 265637.50 6783862.50 100.11 265662.50 6783862.50 100.45 265687.50 6783862.50 100.82 
          265712.50 6783862.50 101.19 265737.50 6783862.50 101.55 265762.50 6783862.50 101.91 265787.50 6783862.50 102.28 
          265812.50 6783862.50 102.66 265837.50 6783862.50 103.03 265862.50 6783862.50 103.42 265887.50 6783862.50 103.79 
          265912.50 6783862.50 104.17 265937.50 6783862.50 104.56 265962.50 6783862.50 104.95 265987.50 6783862.50 105.34 
          266012.50 6783862.50 105.74 266037.50 6783862.50 106.14 266062.50 6783862.50 106.53 266087.50 6783862.50 106.92 
          266112.50 6783862.50 107.30 266137.50 6783862.50 107.67 266162.50 6783862.50 108.03 266187.50 6783862.50 108.37 
          266212.50 6783862.50 108.70 266237.50 6783862.50 109.02 266262.50 6783862.50 109.33 266287.50 6783862.50 109.63 
          266312.50 6783862.50 109.92 266337.50 6783862.50 110.21 266362.50 6783862.50 110.49 266387.50 6783862.50 110.76 
          266412.50 6783862.50 111.02 266437.50 6783862.50 111.28 266462.50 6783862.50 111.53 266487.50 6783862.50 111.78 
          266512.50 6783862.50 112.01 266537.50 6783862.50 112.23 266562.50 6783862.50 112.45 266587.50 6783862.50 112.65 
          266612.50 6783862.50 112.85 266637.50 6783862.50 113.04 266662.50 6783862.50 113.22 266687.50 6783862.50 113.39 
          266712.50 6783862.50 113.55 266737.50 6783862.50 113.70 266762.50 6783862.50 113.83 266787.50 6783862.50 113.95 
          266812.50 6783862.50 114.07 266837.50 6783862.50 114.17 266862.50 6783862.50 114.26 266887.50 6783862.50 114.34 
          266912.50 6783862.50 114.41 266937.50 6783862.50 114.47 266962.50 6783862.50 114.52 266987.50 6783862.50 114.56 
          267012.50 6783862.50 114.59 267037.50 6783862.50 114.61 267062.50 6783862.50 114.61 267087.50 6783862.50 114.61 
          264987.50 6783837.50 101.49 265012.50 6783837.50 101.47 265037.50 6783837.50 101.43 265062.50 6783837.50 101.38 
          265087.50 6783837.50 101.31 265112.50 6783837.50 101.22 265137.50 6783837.50 101.12 265162.50 6783837.50 100.99 
          265187.50 6783837.50 100.84 265212.50 6783837.50 100.67 265237.50 6783837.50 100.48 265262.50 6783837.50 100.24 
          265287.50 6783837.50 99.97 265312.50 6783837.50 99.72 265337.50 6783837.50 99.41 265362.50 6783837.50 99.11 
          265387.50 6783837.50 99.28 265412.50 6783837.50 99.22 265437.50 6783837.50 99.07 265462.50 6783837.50 98.80 
          265487.50 6783837.50 98.31 265512.50 6783837.50 98.12 265537.50 6783837.50 98.67 265562.50 6783837.50 99.04 
          265587.50 6783837.50 99.37 265612.50 6783837.50 99.73 265637.50 6783837.50 100.11 265662.50 6783837.50 100.45 
          265687.50 6783837.50 100.82 265712.50 6783837.50 101.19 265737.50 6783837.50 101.55 265762.50 6783837.50 101.91 
          265787.50 6783837.50 102.28 265812.50 6783837.50 102.66 265837.50 6783837.50 103.03 265862.50 6783837.50 103.42 
          265887.50 6783837.50 103.79 265912.50 6783837.50 104.17 265937.50 6783837.50 104.56 265962.50 6783837.50 104.95 
          265987.50 6783837.50 105.34 266012.50 6783837.50 105.74 266037.50 6783837.50 106.14 266062.50 6783837.50 106.53 
          266087.50 6783837.50 106.92 266112.50 6783837.50 107.30 266137.50 6783837.50 107.67 266162.50 6783837.50 108.03 
          266187.50 6783837.50 108.37 266212.50 6783837.50 108.70 266237.50 6783837.50 109.02 266262.50 6783837.50 109.33 
          266287.50 6783837.50 109.63 266312.50 6783837.50 109.92 266337.50 6783837.50 110.21 266362.50 6783837.50 110.49 
          266387.50 6783837.50 110.76 266412.50 6783837.50 111.02 266437.50 6783837.50 111.28 266462.50 6783837.50 111.53 
          266487.50 6783837.50 111.78 266512.50 6783837.50 112.01 266537.50 6783837.50 112.23 266562.50 6783837.50 112.45 
          266587.50 6783837.50 112.65 266612.50 6783837.50 112.85 266637.50 6783837.50 113.04 266662.50 6783837.50 113.22 
          266687.50 6783837.50 113.39 266712.50 6783837.50 113.55 266737.50 6783837.50 113.70 266762.50 6783837.50 113.83 
          266787.50 6783837.50 113.95 266812.50 6783837.50 114.07 266837.50 6783837.50 114.17 266862.50 6783837.50 114.26 
          266887.50 6783837.50 114.34 266912.50 6783837.50 114.41 266937.50 6783837.50 114.47 266962.50 6783837.50 114.52 
          266987.50 6783837.50 114.56 267012.50 6783837.50 114.59 267037.50 6783837.50 114.61 267062.50 6783837.50 114.61 
          267087.50 6783837.50 114.61         </DataArray>
      </Points>
      <Cells>
        <DataArray type="Int64" Name="connectivity" format="ascii">
          85 86 1 0 
          86 87 2 1 
          87 88 3 2 
          88 89 4 3 
          89 90 5 4 
          90 91 6 5 
          91 92 7 6 
          92 93 8 7 
          93 94 9 8 
          94 95 10 9 
          95 96 11 10 
          96 97 12 11 
          97 98 13 12 
          98 99 14 13 
          99 100 15 14 
          100 101 16 15 
          101 102 17 16 
          102 103 18 17 
          103 104 19 18 
          104 105 20 19 
          105 106 21 20 
          106 107 22 21 
          107 108 23 22 
          108 109 24 23 
          109 110 25 24 
          110 111 26 25 
          111 112 27 26 
          112 113 28 27 
          113 114 29 28 
          114 115 30 29 
          115 116 31 30 
          116 117 32 31 
          117 118 33 32 
          118 119 34 33 
          119 120 35 34 
          120 121 36 35 
          121 122 37 36 
          122 123 38 37 
          123 124 39 38 
          124 125 40 39 
          125 126 41 40 
          126 127 42 41 
          127 128 43 42 
          128 129 44 43 
          129 130 45 44 
          130 131 46 45 
          131 132 47 46 
          132 133 48 47 
          133 134 49 48 
          134 135 50 49 
          135 136 51 50 
          136 137 52 51 
          137 138 53 52 
          138 139 54 53 
          139 140 55 54 
          140 141 56 55 
          141 142 57 56 
          142 143 58 57 
          143 144 59 58 
          144 145 60 59 
          145 146 61 60 
          146 147 62 61 
          147 148 63 62 
          148 149 64 63 
          149 150 65 64 
          150 151 66 65 
          151 152 67 66 
          152 153 68 67 
          153 154 69 68 
          154 155 70 69 
          155 156 71 70 
          156 157 72 71 
          157 158 73 72 
          158 159 74 73 
          159 160 75 74 
          160 161 76 75 
          161 162 77 76 
          162 163 78 77 
          163 164 79 78 
          164 165 80 79 
          165 166 81 80 
          166 167 82 81 
          167 168 83 82 
          168 169 84 83 
          170 171 86 85 
          171 172 87 86 
          172 173 88 87 
          173 174 89 88 
          174 175 90 89 
          175 176 91 90 
          176 177 92 91 
          177 178 93 92 
          178 179 94 93 
          179 180 95 94 
          180 181 96 95 
          181 182 97 96 
          182 183 98 97 
          183 184 99 98 
          184 185 100 99 
          185 186 101 100 
          186 187 102 101 
          187 188 103 102 
          188 189 104 103 
          189 190 105 104 
          190 191 106 105 
          191 192 107 106 
          192 193 108 107 
          193 194 109 108 
          194 195 110 109 
          195 196 111 110 
          196 197 112 111 
          197 198 113 112 
          198 199 114 113 
          199 200 115 114 
          200 201 116 115 
          201 202 117 116 
          202 203 118 117 
          203 204 119 118 
          204 205 120 119 
          205 206 121 120 
          206 207 122 121 
          207 208 123 122 
          208 209 124 123 
          209 210 125 124 
          210 211 126 125 
          211 212 127 126 
          212 213 128 127 
          213 214 129 128 
          214 215 130 129 
          215 216 131 130 
          216 217 132 131 
          217 218 133 132 
          218 219 134 133 
          219 220 135 134 
          220 221 136 135 
          221 222 137 136 
          222 223 138 137 
          223 224 139 138 
          224 225 140 139 
          225 226 141 140 
          226 227 142 141 
          227 228 143 142 
          228 229 144 143 
          229 230 145 144 
          230 231 146 145 
          231 232 147 146 
          232 233 148 147 
          233 234 149 148 
          234 235 150 149 
          235 236 151 150 
          236 237 152 151 
          237 238 153 152 
          238 239 154 153 
          239 240 155 154 
          240 241 156 155 
          241 242 157 156 
          242 243 158 157 
          243 244 159 158 
          244 245 160 159 
          245 246 161 160 
          246 247 162 161 
          247 248 163 162 
          248 249 164 163 
          249 250 165 164 
          250 251 166 165 
          251 252 167 166 
          252 253 168 167 
          253 254 169 168 
          255 256 171 170 
          256 257 172 171 
          257 258 173 172 
          258 259 174 173 
          259 260 175 174 
          260 261 176 175 
          261 262 177 176 
          262 263 178 177 
          263 264 179 178 
          264 265 180 179 
          265 266 181 180 
          266 267 182 181 
          267 268 183 182 
          268 269 184 183 
          269 270 185 184 
          270 271 186 185 
          271 272 187 186 
          272 273 188 187 
          273 274 189 188 
          274 275 190 189 
          275 276 191 190 
          276 277 192 191 
          277 278 193 192 
          278 279 194 193 
          279 280 195 194 
          280 281 196 195 
          281 282 197 196 
          282 283 198 197 
          283 284 199 198 
          284 285 200 199 
          285 286 201 200 
          286 287 202 201 
          287 288 203 202 
          288 289 204 203 
          289 290 205 204 
          290 291 206 205 
          291 292 207 206 
          292 293 208 207 
          293 294 209 208 
          294 295 210 209 
          295 296 211 210 
          296 297 212 211 
          297 298 213 212 
          298 299 214 213 
          299 300 215 214 
          300 301 216 215 
          301 302 217 216 
          302 303 218 217 
          303 304 219 218 
          304 305 220 219 
          305 306 221 220 
          306 307 222 221 
          307 308 223 222 
          308 309 224 223 
          309 310 225 224 
          310 311 226 225 
          311 312 227 226 
          312 313 228 227 
          313 314 229 228 
          314 315 230 229 
          315 316 231 230 
          316 317 232 231 
          317 318 233 232 
          318 319 234 233 
          319 320 235 234 
          320 321 236 235 
          321 322 237 236 
          322 323 238 237 
          323 324 239 238 
          324 325 240 239 
          325 326 241 240 
          326 327 242 241 
          327 328 243 242 
          328 329 244 243 
          329 330 245 244 
          330 331 246 245 
          331 332 247 246 
          332 333 248 247 
          333 334 249 248 
          334 335 250 249 
          335 336 251 250 
          336 337 252 251 
          337 338 253 252 
          338 339 254 253 
          340 341 256 255 
          341 342 257 256 
          342 343 258 257 
          343 344 259 258 
          344 345 260 259 
          345 346 261 260 
          346 347 262 261 
          347 348 263 262 
          348 349 264 263 
          349 350 265 264 
          350 351 266 265 
          351 352 267 266 
          352 353 268 267 
          353 354 269 268 
          354 355 270 269 
          355 356 271 270 
          356 357 272 271 
          357 358 273 272 
          358 359 274 273 
          359 360 275 274 
          360 361 276 275 
          361 362 277 276 
          362 363 278 277 
          363 364 279 278 
          364 365 280 279 
          365 366 281 280 
          366 367 282 281 
          367 368 283 282 
          368 369 284 283 
          369 370 285 284 
          370 371 286 285 
          371 372 287 286 
          372 373 288 287 
          373 374 289 288 
          374 375 290 289 
          375 376 291 290 
          376 377 292 291 
          377 378 293 292 
          378 379 294 293 
          379 380 295 294 
          380 381 296 295 
          381 382 297 296 
          382 383 298 297 
          383 384 299 298 
          384 385 300 299 
          385 386 301 300 
          386 387 302 301 
          387 388 303 302 
          388 389 304 303 
          389 390 305 304 
          390 391 306 305 
          391 392 307 306 
          392 393 308 307 
          393 394 309 308 
          394 395 310 309 
          395 396 311 310 
          396 397 312 311 
          397 398 313 312 
          398 399 314 313 
          399 400 315 314 
          400 401 316 315 
          401 402 317 316 
          402 403 318 317 
          403 404 319 318 
          404 405 320 319 
          405 406 321 320 
          406 407 322 321 
          407 408 323 322 
          408 409 324 323 
          409 410 325 324 
          410 411 326 325 
          411 412 327 326 
          412 413 328 327 
          413 414 329 328 
          414 415 330 329 
          415 416 331 330 
          416 417 332 331 
          417 418 333 332 
          418 419 334 333 
          419 420 335 334 
          420 421 336 335 
          421 422 337 336 
          422 423 338 337 
          423 424 339 338 
          425 426 341 340 
          426 427 342 341 
          427 428 343 342 
          428 429 344 343 
          429 430 345 344 
          430 431 346 345 
          431 432 347 346 
          432 433 348 347 
          433 434 349 348 
          434 435 350 349 
          435 436 351 350 
          436 437 352 351 
          437 438 353 352 
          438 439 354 353 
          439 440 355 354 
          440 441 356 355 
          441 442 357 356 
          442 443 358 357 
          443 444 359 358 
          444 445 360 359 
          445 446 361 360 
          446 447 362 361 
          447 448 363 362 
          448 449 364 363 
          449 450 365 364 
          450 451 366 365 
          451 452 367 366 
          452 453 368 367 
          453 454 369 368 
          454 455 370 369 
          455 456 371 370 
          456 457 372 371 
          457 458 373 372 
          458 459 374 373 
          459 460 375 374 
          460 461 376 375 
          461 462 377 376 
          462 463 378 377 
          463 464 379 378 
          464 465 380 379 
          465 466 381 380 
          466 467 382 381 
          467 468 383 382 
          468 469 384 383 
          469 470 385 384 
          470 471 386 385 
          471 472 387 386 
          472 473 388 387 
          473 474 389 388 
          474 475 390 389 
          475 476 391 390 
          476 477 392 391 
          477 478 393 392 
          478 479 394 393 
          479 480 395 394 
          480 481 396 395 
          481 482 397 396 
          482 483 398 397 
          483 484 399 398 
          484 485 400 399 
          485 486 401 400 
          486 487 402 401 
          487 488 403 402 
          488 489 404 403 
          489 490 405 404 
          490 491 406 405 
          491 492 407 406 
          492 493 408 407 
          493 494 409 408 
          494 495 410 409 
          495 496 411 410 
          496 497 412 411 
          497 498 413 412 
          498 499 414 413 
          499 500 415 414 
          500 501 416 415 
          501 502 417 416 
          502 503 418 417 
          503 504 419 418 
          504 505 420 419 
          505 506 421 420 
          506 507 422 421 
          507 508 423 422 
          508 509 424 423 
          510 511 426 425 
          511 512 427 426 
          512 513 428 427 
          513 514 429 428 
          514 515 430 429 
          515 516 431 430 
          516 517 432 431 
          517 518 433 432 
          518 519 434 433 
          519 520 435 434 
          520 521 436 435 
          521 522 437 436 
          522 523 438 437 
          523 524 439 438 
          524 525 440 439 
          525 526 441 440 
          526 527 442 441 
          527 528 443 442 
          528 529 444 443 
          529 530 445 444 
          530 531 446 445 
          531 532 447 446 
          532 533 448 447 
          533 534 449 448 
          534 535 450 449 
          535 536 451 450 
          536 537 452 451 
          537 538 453 452 
          538 539 454 453 
          539 540 455 454 
          540 541 456 455 
          541 542 457 456 
          542 543 458 457 
          543 544 459 458 
          544 545 460 459 
          545 546 461 460 
          546 547 462 461 
          547 548 463 462 
          548 549 464 463 
          549 550 465 464 
          550 551 466 465 
          551 552 467 466 
          552 553 468 467 
          553 554 469 468 
          554 555 470 469 
          555 556 471 470 
          556 557 472 471 
          557 558 473 472 
          558 559 474 473 
          559 560 475 474 
          560 561 476 475 
          561 562 477 476 
          562 563 478 477 
          563 564 479 478 
          564 565 480 479 
          565 566 481 480 
          566 567 482 481 
          567 568 483 482 
          568 569 484 483 
          569 570 485 484 
          570 571 486 485 
          571 572 487 486 
          572 573 488 487 
          573 574 489 488 
          574 575 490 489 
          575 576 491 490 
          576 577 492 491 
          577 578 493 492 
          578 579 494 493 
          579 580 495 494 
          580 581 496 495 
          581 582 497 496 
          582 583 498 497 
          583 584 499 498 
          584 585 500 499 
          585 586 501 500 
          586 587 502 501 
          587 588 503 502 
          588 589 504 503 
          589 590 505 504 
          590 591 506 505 
          591 592 507 506 
          592 593 508 507 
          593 594 509 508 
          595 596 511 510 
          596 597 512 511 
          597 598 513 512 
          598 599 514 513 
          599 600 515 514 
          600 601 516 515 
          601 602 517 516 
          602 603 518 517 
          603 604 519 518 
          604 605 520 519 
          605 606 521 520 
          606 607 522 521 
          607 608 523 522 
          608 609 524 523 
          609 610 525 524 
          610 611 526 525 
          611 612 527 526 
          612 613 528 527 
          613 614 529 528 
          614 615 530 529 
          615 616 531 530 
          616 617 532 531 
          617 618 533 532 
          618 619 534 533 
          619 620 535 534 
          620 621 536 535 
          621 622 537 536 
          622 623 538 537 
          623 624 539 538 
          624 625 540 539 
          625 626 541 540 
          626 627 542 541 
          627 628 543 542 
          628 629 544 543 
          629 630 545 544 
          630 631 546 545 
          631 632 547 546 
          632 633 548 547 
          633 634 549 548 
          634 635 550 549 
          635 636 551 550 
          636 637 552 551 
          637 638 553 552 
          638 639 554 553 
          639 640 555 554 
          640 641 556 555 
          641 642 557 556 
          642 643 558 557 
          643 644 559 558 
          644 645 560 559 
          645 646 561 560 
          646 647 562 561 
          647 648 563 562 
          648 649 564 563 
          649 650 565 564 
          650 651 566 565 
          651 652 567 566 
          652 653 568 567 
          653 654 569 568 
          654 655 570 569 
          655 656 571 570 
          656 657 572 571 
          657 658 573 572 
          658 659 574 573 
          659 660 575 574 
          660 661 576 575 
          661 662 577 576 
          662 663 578 577 
          663 664 579 578 
          664 665 580 579 
          665 666 581 580 
          666 667 582 581 
          667 668 583 582 
          668 669 584 583 
          669 670 585 584 
          670 671 586 585 
          671 672 587 586 
          672 673 588 587 
          673 674 589 588 
          674 675 590 589 
          675 676 591 590 
          676 677 592 591 
          677 678 593 592 
          678 679 594 593 
          680 681 596 595 
          681 682 597 596 
          682 683 598 597 
          683 684 599 598 
          684 685 600 599 
          685 686 601 600 
          686 687 602 601 
          687 688 603 602 
          688 689 604 603 
          689 690 605 604 
          690 691 606 605 
          691 692 607 606 
          692 693 608 607 
          693 694 609 608 
          694 695 610 609 
          695 696 611 610 
          696 697 612 611 
          697 698 613 612 
          698 699 614 613 
          699 700 615 614 
          700 701 616 615 
          701 702 617 616 
          702 703 618 617 
          703 704 619 618 
          704 705 620 619 
          705 706 621 620 
          706 707 622 621 
          707 708 623 622 
          708 709 624 623 
          709 710 625 624 
          710 711 626 625 
          711 712 627 626 
          712 713 628 627 
          713 714 629 628 
          714 715 630 629 
          715 716 631 630 
          716 717 632 631 
          717 718 633 632 
          718 719 634 633 
          719 720 635 634 
          720 721 636 635 
          721 722 637 636 
          722 723 638 637 
          723 724 639 638 
          724 725 640 639 
          725 726 641 640 
          726 727 642 641 
          727 728 643 642 
          728 729 644 643 
          729 730 645 644 
          730 731 646 645 
          731 732 647 646 
          732 733 648 647 
          733 734 649 648 
          734 735 650 649 
          735 736 651 650 
          736 737 652 651 
          737 738 653 652 
          738 739 654 653 
          739 740 655 654 
          740 741 656 655 
          741 742 657 656 
          742 743 658 657 
          743 744 659 658 
          744 745 660 659 
          745 746 661 660 
          746 747 662 661 
          747 748 663 662 
          748 749 664 663 
          749 750 665 664 
          750 751 666 665 
          751 752 667 666 
          752 753 668 667 
          753 754 669 668 
          754 755 670 669 
          755 756 671 670 
          756 757 672 671 
          757 758 673 672 
          758 759 674 673 
          759 760 675 674 
          760 761 676 675 
          761 762 677 676 
          762 763 678 677 
          763 764 679 678 
          765 766 681 680 
          766 767 682 681 
          767 768 683 682 
          768 769 684 683 
          769 770 685 684 
          770 771 686 685 
          771 772 687 686 
          772 773 688 687 
          773 774 689 688 
          774 775 690 689 
          775 776 691 690 
          776 777 692 691 
          777 778 693 692 
          778 779 694 693 
          779 780 695 694 
          780 781 696 695 
          781 782 697 696 
          782 783 698 697 
          783 784 699 698 
          784 785 700 699 
          785 786 701 700 
          786 787 702 701 
          787 788 703 702 
          788 789 704 703 
          789 790 705 704 
          790 791 706 705 
          791 792 707 706 
          792 793 708 707 
          793 794 709 708 
          794 795 710 709 
          795 796 711 710 
          796 797 712 711 
          797 798 713 712 
          798 799 714 713 
          799 800 715 714 
          800 801 716 715 
          801 802 717 716 
          802 803 718 717 
          803 804 719 718 
          804 805 720 719 
          805 806 721 720 
          806 807 722 721 
          807 808 723 722 
          808 809 724 723 
          809 810 725 724 
          810 811 726 725 
          811 812 727 726 
          812 813 728 727 
          813 814 729 728 
          814 815 730 729 
          815 816 731 730 
          816 817 732 731 
          817 818 733 732 
          818 819 734 733 
          819 820 735 734 
          820 821 736 735 
          821 822 737 736 
          822 823 738 737 
          823 824 739 738 
          824 825 740 739 
          825 826 741 740 
          826 827 742 741 
          827 828 743 742 
          828 829 744 743 
          829 830 745 744 
          830 831 746 745 
          831 832 747 746 
          832 833 748 747 
          833 834 749 748 
          834 835 750 749 
          835 836 751 750 
          836 837 752 751 
          837 838 753 752 
          838 839 754 753 
          839 840 755 754 
          840 841 756 755 
          841 842 757 756 
          842 843 758 757 
          843 844 759 758 
          844 845 760 759 
          845 846 761 760 
          846 847 762 761 
          847 848 763 762 
          848 849 764 763 
          850 851 766 765 
          851 852 767 766 
          852 853 768 767 
          853 854 769 768 
          854 855 770 769 
          855 856 771 770 
          856 857 772 771 
          857 858 773 772 
          858 859 774 773 
          859 860 775 774 
          860 861 776 775 
          861 862 777 776 
          862 863 778 777 
          863 864 779 778 
          864 865 780 779 
          865 866 781 780 
          866 867 782 781 
          867 868 783 782 
          868 869 784 783 
          869 870 785 784 
          870 871 786 785 
          871 872 787 786 
          872 873 788 787 
          873 874 789 788 
          874 875 790 789 
          875 876 791 790 
          876 877 792 791 
          877 878 793 792 
          878 879 794 793 
          879 880 795 794 
          880 881 796 795 
          881 882 797 796 
          882 883 798 797 
          883 884 799 798 
          884 885 800 799 
          885 886 801 800 
          886 887 802 801 
          887 888 803 802 
          888 889 804 803 
          889 890 805 804 
          890 891 806 805 
          891 892 807 806 
          892 893 808 807 
          893 894 809 808 
          894 895 810 809 
          895 896 811 810 
          896 897 812 811 
          897 898 813 812 
          898 899 814 813 
          899 900 815 814 
          900 901 816 815 
          901 902 817 816 
          902 903 818 817 
          903 904 819 818 
          904 905 820 819 
          905 906 821 820 
          906 907 822 821 
          907 908 823 822 
          908 909 824 823 
          909 910 825 824 
          910 911 826 825 
          911 912 827 826 
          912 913 828 827 
          913 914 829 828 
          914 915 830 829 
          915 916 831 830 
          916 917 832 831 
          917 918 833 832 
          918 919 834 833 
          919 920 835 834 
          920 921 836 835 
          921 922 837 836 
          922 923 838 837 
          923 924 839 838 
          924 925 840 839 
          925 926 841 840 
          926 927 842 841 
          927 928 843 842 
          928 929 844 843 
          929 930 845 844 
          930 931 846 845 
          931 932 847 846 
          932 933 848 847 
          933 934 849 848 
          935 936 851 850 
          936 937 852 851 
          937 938 853 852 
          938 939 854 853 
          939 940 855 854 
          940 941 856 855 
          941 942 857 856 
          942 943 858 857 
          943 944 859 858 
          944 945 860 859 
          945 946 861 860 
          946 947 862 861 
          947 948 863 862 
          948 949 864 863 
          949 950 865 864 
          950 951 866 865 
          951 952 867 866 
          952 953 868 867 
          953 954 869 868 
          954 955 870 869 
          955 956 871 870 
          956 957 872 871 
          957 958 873 872 
          958 959 874 873 
          959 960 875 874 
          960 961 876 875 
          961 962 877 876 
          962 963 878 877 
          963 964 879 878 
          964 965 880 879 
          965 966 881 880 
          966 967 882 881 
          967 968 883 882 
          968 969 884 883 
          969 970 885 884 
          970 971 886 885 
          971 972 887 886 
          972 973 888 887 
          973 974 889 888 
          974 975 890 889 
          975 976 891 890 
          976 977 892 891 
          977 978 893 892 
          978 979 894 893 
          979 980 895 894 
          980 981 896 895 
          981 982 897 896 
          982 983 898 897 
          983 984 899 898 
          984 985 900 899 
          985 986 901 900 
          986 987 902 901 
          987 988 903 902 
          988 989 904 903 
          989 990 905 904 
          990 991 906 905 
          991 992 907 906 
          992 993 908 907 
          993 994 909 908 
          994 995 910 909 
          995 996 911 910 
          996 997 912 911 
          997 998 913 912 
          998 999 914 913 
          999 1000 915 914 
          1000 1001 916 915 
          1001 1002 917 916 
          1002 1003 918 917 
          1003 1004 919 918 
          1004 1005 920 919 
          1005 1006 921 920 
          1006 1007 922 921 
          1007 1008 923 922 
          1008 1009 924 923 
          1009 1010 925 924 
          1010 1011 926 925 
          1011 1012 927 926 
          1012 1013 928 927 
          1013 1014 929 928 
          1014 1015 930 929 
          1015 1016 931 930 
          1016 1017 932 931 
          1017 1018 933 932 
          1018 1019 934 933 
          1020 1021 936 935 
          1021 1022 937 936 
          1022 1023 938 937 
          1023 1024 939 938 
          1024 1025 940 939 
          1025 1026 941 940 
          1026 1027 942 941 
          1027 1028 943 942 
          1028 1029 944 943 
          1029 1030 945 944 
          1030 1031 946 945 
          1031 1032 947 946 
          1032 1033 948 947 
          1033 1034 949 948 
          1034 1035 950 949 
          1035 1036 951 950 
          1036 1037 952 951 
          1037 1038 953 952 
          1038 1039 954 953 
          1039 1040 955 954 
          1040 1041 956 955 
          1041 1042 957 956 
          1042 1043 958 957 
          1043 1044 959 958 
          1044 1045 960 959 
          1045 1046 961 960 
          1046 1047 962 961 
          1047 1048 963 962 
          1048 1049 964 963 
          1049 1050 965 964 
          1050 1051 966 965 
          1051 1052 967 966 
          1052 1053 968 967 
          1053 1054 969 968 
          1054 1055 970 969 
          1055 1056 971 970 
          1056 1057 972 971 
          1057 1058 973 972 
          1058 1059 974 973 
          1059 1060 975 974 
          1060 1061 976 975 
          1061 1062 977 976 
          1062 1063 978 977 
          1063 1064 979 978 
          1064 1065 980 979 
          1065 1066 981 980 
          1066 1067 982 981 
          1067 1068 983 982 
          1068 1069 984 983 
          1069 1070 985 984 
          1070 1071 986 985 
          1071 1072 987 986 
          1072 1073 988 987 
          1073 1074 989 988 
          1074 1075 990 989 
          1075 1076 991 990 
          1076 1077 992 991 
          1077 1078 993 992 
          1078 1079 994 993 
          1079 1080 995 994 
          1080 1081 996 995 
          1081 1082 997 996 
          1082 1083 998 997 
          1083 1084 999 998 
          1084 1085 1000 999 
          1085 1086 1001 1000 
          1086 1087 1002 1001 
          1087 1088 1003 1002 
          1088 1089 1004 1003 
          1089 1090 1005 1004 
          1090 1091 1006 1005 
          1091 1092 1007 1006 
          1092 1093 1008 1007 
          1093 1094 1009 1008 
          1094 1095 1010 1009 
          1095 1096 1011 1010 
          1096 1097 1012 1011 
          1097 1098 1013 1012 
          1098 1099 1014 1013 
          1099 1100 1015 1014 
          1100 1101 1016 1015 
          1101 1102 1017 1016 
          1102 1103 1018 1017 
          1103 1104 1019 1018 
          1105 1106 1021 1020 
          1106 1107 1022 1021 
          1107 1108 1023 1022 
          1108 1109 1024 1023 
          1109 1110 1025 1024 
          1110 1111 1026 1025 
          1111 1112 1027 1026 
          1112 1113 1028 1027 
          1113 1114 1029 1028 
          1114 1115 1030 1029 
          1115 1116 1031 1030 
          1116 1117 1032 1031 
          1117 1118 1033 1032 
          1118 1119 1034 1033 
          1119 1120 1035 1034 
          1120 1121 1036 1035 
          1121 1122 1037 1036 
          1122 1123 1038 1037 
          1123 1124 1039 1038 
          1124 1125 1040 1039 
          1125 1126 1041 1040 
          1126 1127 1042 1041 
          1127 1128 1043 1042 
          1128 1129 1044 1043 
          1129 1130 1045 1044 
          1130 1131 1046 1045 
          1131 1132 1047 1046 
          1132 1133 1048 1047 
          1133 1134 1049 1048 
          1134 1135 1050 1049 
          1135 1136 1051 1050 
          1136 1137 1052 1051 
          1137 1138 1053 1052 
          1138 1139 1054 1053 
          1139 1140 1055 1054 
          1140 1141 1056 1055 
          1141 1142 1057 1056 
          1142 1143 1058 1057 
          1143 1144 1059 1058 
          1144 1145 1060 1059 
          1145 1146 1061 1060 
          1146 1147 1062 1061 
          1147 1148 1063 1062 
          1148 1149 1064 1063 
          1149 1150 1065 1064 
          1150 1151 1066 1065 
          1151 1152 1067 1066 
          1152 1153 1068 1067 
          1153 1154 1069 1068 
          1154 1155 1070 1069 
          1155 1156 1071 1070 
          1156 1157 1072 1071 
          1157 1158 1073 1072 
          1158 1159 1074 1073 
          1159 1160 1075 1074 
          1160 1161 1076 1075 
          1161 1162 1077 1076 
          1162 1163 1078 1077 
          1163 1164 1079 1078 
          1164 1165 1080 1079 
          1165 1166 1081 1080 
          1166 1167 1082 1081 
          1167 1168 1083 1082 
          1168 1169 1084 1083 
          1169 1170 1085 1084 
          1170 1171 1086 1085 
          1171 1172 1087 1086 
          1172 1173 1088 1087 
          1173 1174 1089 1088 
          1174 1175 1090 1089 
          1175 1176 1091 1090 
          1176 1177 1092 1091 
          1177 1178 1093 1092 
          1178 1179 1094 1093 
          1179 1180 1095 1094 
          1180 1181 1096 1095 
          1181 1182 1097 1096 
          1182 1183 1098 1097 
          1183 1184 1099 1098 
          1184 1185 1100 1099 
          1185 1186 1101 1100 
          1186 1187 1102 1101 
          1187 1188 1103 1102 
          1188 1189 1104 1103 
          1190 1191 1106 1105 
          1191 1192 1107 1106 
          1192 1193 1108 1107 
          1193 1194 1109 1108 
          1194 1195 1110 1109 
          1195 1196 1111 1110 
          1196 1197 1112 1111 
          1197 1198 1113 1112 
          1198 1199 1114 1113 
          1199 1200 1115 1114 
          1200 1201 1116 1115 
          1201 1202 1117 1116 
          1202 1203 1118 1117 
          1203 1204 1119 1118 
          1204 1205 1120 1119 
          1205 1206 1121 1120 
          1206 1207 1122 1121 
          1207 1208 1123 1122 
          1208 1209 1124 1123 
          1209 1210 1125 1124 
          1210 1211 1126 1125 
          1211 1212 1127 1126 
          1212 1213 1128 1127 
          1213 1214 1129 1128 
          1214 1215 1130 1129 
          1215 1216 1131 1130 
          1216 1217 1132 1131 
          1217 1218 1133 1132 
          1218 1219 1134 1133 
          1219 1220 1135 1134 
          1220 1221 1136 1135 
          1221 1222 1137 1136 
          1222 1223 1138 1137 
          1223 1224 1139 1138 
          1224 1225 1140 1139 
          1225 1226 1141 1140 
          1226 1227 1142 1141 
          1227 1228 1143 1142 
          1228 1229 1144 1143 
          1229 1230 1145 1144 
          1230 1231 1146 1145 
          1231 1232 1147 1146 
          1232 1233 1148 1147 
          1233 1234 1149 1148 
          1234 1235 1150 1149 
          1235 1236 1151 1150 
          1236 1237 1152 1151 
          1237 1238 1153 1152 
          1238 1239 1154 1153 
          1239 1240 1155 1154 
          1240 1241 1156 1155 
          1241 1242 1157 1156 
          1242 1243 1158 1157 
          1243 1244 1159 1158 
          1244 1245 1160 1159 
          1245 1246 1161 1160 
          1246 1247 1162 1161 
          1247 1248 1163 1162 
          1248 1249 1164 1163 
          1249 1250 1165 1164 
          1250 1251 1166 1165 
          1251 1252 1167 1166 
          1252 1253 1168 1167 
          1253 1254 1169 1168 
          1254 1255 1170 1169 
          1255 1256 1171 1170 
          1256 1257 1172 1171 
          1257 1258 1173 1172 
          1258 1259 1174 1173 
          1259 1260 1175 1174 
          1260 1261 1176 1175 
          1261 1262 1177 1176 
          1262 1263 1178 1177 
          1263 1264 1179 1178 
          1264 1265 1180 1179 
          1265 1266 1181 1180 
          1266 1267 1182 1181 
          1267 1268 1183 1182 
          1268 1269 1184 1183 
          1269 1270 1185 1184 
          1270 1271 1186 1185 
          1271 1272 1187 1186 
          1272 1273 1188 1187 
          1273 1274 1189 1188 
          1275 1276 1191 1190 
          1276 1277 1192 1191 
          1277 1278 1193 1192 
          1278 1279 1194 1193 
          1279 1280 1195 1194 
          1280 1281 1196 1195 
          1281 1282 1197 1196 
          1282 1283 1198 1197 
          1283 1284 1199 1198 
          1284 1285 1200 1199 
          1285 1286 1201 1200 
          1286 1287 1202 1201 
          1287 1288 1203 1202 
          1288 1289 1204 1203 
          1289 1290 1205 1204 
          1290 1291 1206 1205 
          1291 1292 1207 1206 
          1292 1293 1208 1207 
          1293 1294 1209 1208 
          1294 1295 1210 1209 
          1295 1296 1211 1210 
          1296 1297 1212 1211 
          1297 1298 1213 1212 
          1298 1299 1214 1213 
          1299 1300 1215 1214 
          1300 1301 1216 1215 
          1301 1302 1217 1216 
          1302 1303 1218 1217 
          1303 1304 1219 1218 
          1304 1305 1220 1219 
          1305 1306 1221 1220 
          1306 1307 1222 1221 
          1307 1308 1223 1222 
          1308 1309 1224 1223 
          1309 1310 1225 1224 
          1310 1311 1226 1225 
          1311 1312 1227 1226 
          1312 1313 1228 1227 
          1313 1314 1229 1228 
          1314 1315 1230 1229 
          1315 1316 1231 1230 
          1316 1317 1232 1231 
          1317 1318 1233 1232 
          1318 1319 1234 1233 
          1319 1320 1235 1234 
          1320 1321 1236 1235 
          1321 1322 1237 1236 
          1322 1323 1238 1237 
          1323 1324 1239 1238 
          1324 1325 1240 1239 
          1325 1326 1241 1240 
          1326 1327 1242 1241 
          1327 1328 1243 1242 
          1328 1329 1244 1243 
          1329 1330 1245 1244 
          1330 1331 1246 1245 
          1331 1332 1247 1246 
          1332 1333 1248 1247 
          1333 1334 1249 1248 
          1334 1335 1250 1249 
          1335 1336 1251 1250 
          1336 1337 1252 1251 
          1337 1338 1253 1252 
          1338 1339 1254 1253 
          1339 1340 1255 1254 
          1340 1341 1256 1255 
          1341 1342 1257 1256 
          1342 1343 1258 1257 
          1343 1344 1259 1258 
          1344 1345 1260 1259 
          1345 1346 1261 1260 
          1346 1347 1262 1261 
          1347 1348 1263 1262 
          1348 1349 1264 1263 
          1349 1350 1265 1264 
          1350 1351 1266 1265 
          1351 1352 1267 1266 
          1352 1353 1268 1267 
          1353 1354 1269 1268 
          1354 1355 1270 1269 
          1355 1356 1271 1270 
          1356 1357 1272 1271 
          1357 1358 1273 1272 
          1358 1359 1274 1273 
          1360 1361 1276 1275 
          1361 1362 1277 1276 
          1362 1363 1278 1277 
          1363 1364 1279 1278 
          1364 1365 1280 1279 
          1365 1366 1281 1280 
          1366 1367 1282 1281 
          1367 1368 1283 1282 
          1368 1369 1284 1283 
          1369 1370 1285 1284 
          1370 1371 1286 1285 
          1371 1372 1287 1286 
          1372 1373 1288 1287 
          1373 1374 1289 1288 
          1374 1375 1290 1289 
          1375 1376 1291 1290 
          1376 1377 1292 1291 
          1377 1378 1293 1292 
          1378 1379 1294 1293 
          1379 1380 1295 1294 
          1380 1381 1296 1295 
          1381 1382 1297 1296 
          1382 1383 1298 1297 
          1383 1384 1299 1298 
          1384 1385 1300 1299 
          1385 1386 1301 1300 
          1386 1387 1302 1301 
          1387 1388 1303 1302 
          1388 1389 1304 1303 
          1389 1390 1305 1304 
          1390 1391 1306 1305 
          1391 1392 1307 1306 
          1392 1393 1308 1307 
          1393 1394 1309 1308 
          1394 1395 1310 1309 
          1395 1396 1311 1310 
          1396 1397 1312 1311 
          1397 1398 1313 1312 
          1398 1399 1314 1313 
          1399 1400 1315 1314 
          1400 1401 1316 1315 
          1401 1402 1317 1316 
          1402 1403 1318 1317 
          1403 1404 1319 1318 
          1404 1405 1320 1319 
          1405 1406 1321 1320 
          1406 1407 1322 1321 
          1407 1408 1323 1322 
          1408 1409 1324 1323 
          1409 1410 1325 1324 
          1410 1411 1326 1325 
          1411 1412 1327 1326 
          1412 1413 1328 1327 
          1413 1414 1329 1328 
          1414 1415 1330 1329 
          1415 1416 1331 1330 
          1416 1417 1332 1331 
          1417 1418 1333 1332 
          1418 1419 1334 1333 
          1419 1420 1335 1334 
          1420 1421 1336 1335 
          1421 1422 1337 1336 
          1422 1423 1338 1337 
          1423 1424 1339 1338 
          1424 1425 1340 1339 
          1425 1426 1341 1340 
          1426 1427 1342 1341 
          1427 1428 1343 1342 
          1428 1429 1344 1343 
          1429 1430 1345 1344 
          1430 1431 1346 1345 
          1431 1432 1347 1346 
          1432 1433 1348 1347 
          1433 1434 1349 1348 
          1434 1435 1350 1349 
          1435 1436 1351 1350 
          1436 1437 1352 1351 
          1437 1438 1353 1352 
          1438 1439 1354 1353 
          1439 1440 1355 1354 
          1440 1441 1356 1355 
          1441 1442 1357 1356 
          1442 1443 1358 1357 
          1443 1444 1359 1358 
          1445 1446 1361 1360 
          1446 1447 1362 1361 
          1447 1448 1363 1362 
          1448 1449 1364 1363 
          1449 1450 1365 1364 
          1450 1451 1366 1365 
          1451 1452 1367 1366 
          1452 1453 1368 1367 
          1453 1454 1369 1368 
          1454 1455 1370 1369 
          1455 1456 1371 1370 
          1456 1457 1372 1371 
          1457 1458 1373 1372 
          1458 1459 1374 1373 
          1459 1460 1375 1374 
          1460 1461 1376 1375 
          1461 1462 1377 1376 
          1462 1463 1378 1377 
          1463 1464 1379 1378 
          1464 1465 1380 1379 
          1465 1466 1381 1380 
          1466 1467 1382 1381 
          1467 1468 1383 1382 
          1468 1469 1384 1383 
          1469 1470 1385 1384 
          1470 1471 1386 1385 
          1471 1472 1387 1386 
          1472 1473 1388 1387 
          1473 1474 1389 1388 
          1474 1475 1390 1389 
          1475 1476 1391 1390 
          1476 1477 1392 1391 
          1477 1478 1393 1392 
          1478 1479 1394 1393 
          1479 1480 1395 1394 
          1480 1481 1396 1395 
          1481 1482 1397 1396 
          1482 1483 1398 1397 
          1483 1484 1399 1398 
          1484 1485 1400 1399 
          1485 1486 1401 1400 
          1486 1487 1402 1401 
          1487 1488 1403 1402 
          1488 1489 1404 1403 
          1489 1490 1405 1404 
          1490 1491 1406 1405 
          1491 1492 1407 1406 
          1492 1493 1408 1407 
          1493 1494 1409 1408 
          1494 1495 1410 1409 
          1495 1496 1411 1410 
          1496 1497 1412 1411 
          1497 1498 1413 1412 
          1498 1499 1414 1413 
          1499 1500 1415 1414 
          1500 1501 1416 1415 
          1501 1502 1417 1416 
          1502 1503 1418 1417 
          1503 1504 1419 1418 
          1504 1505 1420 1419 
          1505 1506 1421 1420 
          1506 1507 1422 1421 
          1507 1508 1423 1422 
          1508 1509 1424 1423 
          1509 1510 1425 1424 
          1510 1511 1426 1425 
          1511 1512 1427 1426 
          1512 1513 1428 1427 
          1513 1514 1429 1428 
          1514 1515 1430 1429 
          1515 1516 1431 1430 
          1516 1517 1432 1431 
          1517 1518 1433 1432 
          1518 1519 1434 1433 
          1519 1520 1435 1434 
          1520 1521 1436 1435 
          1521 1522 1437 1436 
          1522 1523 1438 1437 
          1523 1524 1439 1438 
          1524 1525 1440 1439 
          1525 1526 1441 1440 
          1526 1527 1442 1441 
          1527 1528 1443 1442 
          1528 1529 1444 1443 
          1530 1531 1446 1445 
          1531 1532 1447 1446 
          1532 1533 1448 1447 
          1533 1534 1449 1448 
          1534 1535 1450 1449 
          1535 1536 1451 1450 
          1536 1537 1452 1451 
          1537 1538 1453 1452 
          1538 1539 1454 1453 
          1539 1540 1455 1454 
          1540 1541 1456 1455 
          1541 1542 1457 1456 
          1542 1543 1458 1457 
          1543 1544 1459 1458 
          1544 1545 1460 1459 
          1545 1546 1461 1460 
          1546 1547 1462 1461 
          1547 1548 1463 1462 
          1548 1549 1464 1463 
          1549 1550 1465 1464 
          1550 1551 1466 1465 
          1551 1552 1467 1466 
          1552 1553 1468 1467 
          1553 1554 1469 1468 
          1554 1555 1470 1469 
          1555 1556 1471 1470 
          1556 1557 1472 1471 
          1557 1558 1473 1472 
          1558 1559 1474 1473 
          1559 1560 1475 1474 
          1560 1561 1476 1475 
          1561 1562 1477 1476 
          1562 1563 1478 1477 
          1563 1564 1479 1478 
          1564 1565 1480 1479 
          1565 1566 1481 1480 
          1566 1567 1482 1481 
          1567 1568 1483 1482 
          1568 1569 1484 1483 
          1569 1570 1485 1484 
          1570 1571 1486 1485 
          1571 1572 1487 1486 
          1572 1573 1488 1487 
          1573 1574 1489 1488 
          1574 1575 1490 1489 
          1575 1576 1491 1490 
          1576 1577 1492 1491 
          1577 1578 1493 1492 
          1578 1579 1494 1493 
          1579 1580 1495 1494 
          1580 1581 1496 1495 
          1581 1582 1497 1496 
          1582 1583 1498 1497 
          1583 1584 1499 1498 
          1584 1585 1500 1499 
          1585 1586 1501 1500 
          1586 1587 1502 1501 
          1587 1588 1503 1502 
          1588 1589 1504 1503 
          1589 1590 1505 1504 
          1590 1591 1506 1505 
          1591 1592 1507 1506 
          1592 1593 1508 1507 
          1593 1594 1509 1508 
          1594 1595 1510 1509 
          1595 1596 1511 1510 
          1596 1597 1512 1511 
          1597 1598 1513 1512 
          1598 1599 1514 1513 
          1599 1600 1515 1514 
          1600 1601 1516 1515 
          1601 1602 1517 1516 
          1602 1603 1518 1517 
          1603 1604 1519 1518 
          1604 1605 1520 1519 
          1605 1606 1521 1520 
          1606 1607 1522 1521 
          1607 1608 1523 1522 
          1608 1609 1524 1523 
          1609 1610 1525 1524 
          1610 1611 1526 1525 
          1611 1612 1527 1526 
          1612 1613 1528 1527 
          1613 1614 1529 1528 
          1615 1616 1531 1530 
          1616 1617 1532 1531 
          1617 1618 1533 1532 
          1618 1619 1534 1533 
          1619 1620 1535 1534 
          1620 1621 1536 1535 
          1621 1622 1537 1536 
          1622 1623 1538 1537 
          1623 1624 1539 1538 
          1624 1625 1540 1539 
          1625 1626 1541 1540 
          1626 1627 1542 1541 
          1627 1628 1543 1542 
          1628 1629 1544 1543 
          1629 1630 1545 1544 
          1630 1631 1546 1545 
          1631 1632 1547 1546 
          1632 1633 1548 1547 
          1633 1634 1549 1548 
          1634 1635 1550 1549 
          1635 1636 1551 1550 
          1636 1637 1552 1551 
          1637 1638 1553 1552 
          1638 1639 1554 1553 
          1639 1640 1555 1554 
          1640 1641 1556 1555 
          1641 1642 1557 1556 
          1642 1643 1558 1557 
          1643 1644 1559 1558 
          1644 1645 1560 1559 
          1645 1646 1561 1560 
          1646 1647 1562 1561 
          1647 1648 1563 1562 
          1648 1649 1564 1563 
          1649 1650 1565 1564 
          1650 1651 1566 1565 
          1651 1652 1567 1566 
          1652 1653 1568 1567 
          1653 1654 1569 1568 
          1654 1655 1570 1569 
          1655 1656 1571 1570 
          1656 1657 1572 1571 
          1657 1658 1573 1572 
          1658 1659 1574 1573 
          1659 1660 1575 1574 
          1660 1661 1576 1575 
          1661 1662 1577 1576 
          1662 1663 1578 1577 
          1663 1664 1579 1578 
          1664 1665 1580 1579 
          1665 1666 1581 1580 
          1666 1667 1582 1581 
          1667 1668 1583 1582 
          1668 1669 1584 1583 
          1669 1670 1585 1584 
          1670 1671 1586 1585 
          1671 1672 1587 1586 
          1672 1673 1588 1587 
          1673 1674 1589 1588 
          1674 1675 1590 1589 
          1675 1676 1591 1590 
          1676 1677 1592 1591 
          1677 1678 1593 1592 
          1678 1679 1594 1593 
          1679 1680 1595 1594 
          1680 1681 1596 1595 
          1681 1682 1597 1596 
          1682 1683 1598 1597 
          1683 1684 1599 1598 
          1684 1685 1600 1599 
          1685 1686 1601 1600 
          1686 1687 1602 1601 
          1687 1688 1603 1602 
          1688 1689 1604 1603 
          1689 1690 1605 1604 
          1690 1691 1606 1605 
          1691 1692 1607 1606 
          1692 1693 1608 1607 
          1693 1694 1609 1608 
          1694 1695 1610 1609 
          1695 1696 1611 1610 
          1696 1697 1612 1611 
          1697 1698 1613 1612 
          1698 1699 1614 1613 
          1700 1701 1616 1615 
          1701 1702 1617 1616 
          1702 1703 1618 1617 
          1703 1704 1619 1618 
          1704 1705 1620 1619 
          1705 1706 1621 1620 
          1706 1707 1622 1621 
          1707 1708 1623 1622 
          1708 1709 1624 1623 
          1709 1710 1625 1624 
          1710 1711 1626 1625 
          1711 1712 1627 1626 
          1712 1713 1628 1627 
          1713 1714 1629 1628 
          1714 1715 1630 1629 
          1715 1716 1631 1630 
          1716 1717 1632 1631 
          1717 1718 1633 1632 
          1718 1719 1634 1633 
          1719 1720 1635 1634 
          1720 1721 1636 1635 
          1721 1722 1637 1636 
          1722 1723 1638 1637 
          1723 1724 1639 1638 
          1724 1725 1640 1639 
          1725 1726 1641 1640 
          1726 1727 1642 1641 
          1727 1728 1643 1642 
          1728 1729 1644 1643 
          1729 1730 1645 1644 
          1730 1731 1646 1645 
          1731 1732 1647 1646 
          1732 1733 1648 1647 
          1733 1734 1649 1648 
          1734 1735 1650 1649 
          1735 1736 1651 1650 
          1736 1737 1652 1651 
          1737 1738 1653 1652 
          1738 1739 1654 1653 
          1739 1740 1655 1654 
          1740 1741 1656 1655 
          1741 1742 1657 1656 
          1742 1743 1658 1657 
          1743 1744 1659 1658 
          1744 1745 1660 1659 
          1745 1746 1661 1660 
          1746 1747 1662 1661 
          1747 1748 1663 1662 
          1748 1749 1664 1663 
          1749 1750 1665 1664 
          1750 1751 1666 1665 
          1751 1752 1667 1666 
          1752 1753 1668 1667 
          1753 1754 1669 1668 
          1754 1755 1670 1669 
          1755 1756 1671 1670 
          1756 1757 1672 1671 
          1757 1758 1673 1672 
          1758 1759 1674 1673 
          1759 1760 1675 1674 
          1760 1761 1676 1675 
          1761 1762 1677 1676 
          1762 1763 1678 1677 
          1763 1764 1679 1678 
          1764 1765 1680 1679 
          1765 1766 1681 1680 
          1766 1767 1682 1681 
          1767 1768 1683 1682 
          1768 1769 1684 1683 
          1769 1770 1685 1684 
          1770 1771 1686 1685 
          1771 1772 1687 1686 
          1772 1773 1688 1687 
          1773 1774 1689 1688 
          1774 1775 1690 1689 
          1775 1776 1691 1690 
          1776 1777 1692 1691 
          1777 1778 1693 1692 
          1778 1779 1694 1693 
          1779 1780 1695 1694 
          1780 1781 1696 1695 
          1781 1782 1697 1696 
          1782 1783 1698 1697 
          1783 1784 1699 1698 
          1785 1786 1701 1700 
          1786 1787 1702 1701 
          1787 1788 1703 1702 
          1788 1789 1704 1703 
          1789 1790 1705 1704 
          1790 1791 1706 1705 
          1791 1792 1707 1706 
          1792 1793 1708 1707 
          1793 1794 1709 1708 
          1794 1795 1710 1709 
          1795 1796 1711 1710 
          1796 1797 1712 1711 
          1797 1798 1713 1712 
          1798 1799 1714 1713 
          1799 1800 1715 1714 
          1800 1801 1716 1715 
          1801 1802 1717 1716 
          1802 1803 1718 1717 
          1803 1804 1719 1718 
          1804 1805 1720 1719 
          1805 1806 1721 1720 
          1806 1807 1722 1721 
          1807 1808 1723 1722 
          1808 1809 1724 1723 
          1809 1810 1725 1724 
          1810 1811 1726 1725 
          1811 1812 1727 1726 
          1812 1813 1728 1727 
          1813 1814 1729 1728 
          1814 1815 1730 1729 
          1815 1816 1731 1730 
          1816 1817 1732 1731 
          1817 1818 1733 1732 
          1818 1819 1734 1733 
          1819 1820 1735 1734 
          1820 1821 1736 1735 
          1821 1822 1737 1736 
          1822 1823 1738 1737 
          1823 1824 1739 1738 
          1824 1825 1740 1739 
          1825 1826 1741 1740 
          1826 1827 1742 1741 
          1827 1828 1743 1742 
          1828 1829 1744 1743 
          1829 1830 1745 1744 
          1830 1831 1746 1745 
          1831 1832 1747 1746 
          1832 1833 1748 1747 
          1833 1834 1749 1748 
          1834 1835 1750 1749 
          1835 1836 1751 1750 
          1836 1837 1752 1751 
          1837 1838 1753 1752 
          1838 1839 1754 1753 
          1839 1840 1755 1754 
          1840 1841 1756 1755 
          1841 1842 1757 1756 
          1842 1843 1758 1757 
          1843 1844 1759 1758 
          1844 1845 1760 1759 
          1845 1846 1761 1760 
          1846 1847 1762 1761 
          1847 1848 1763 1762 
          1848 1849 1764 1763 
          1849 1850 1765 1764 
          1850 1851 1766 1765 
          1851 1852 1767 1766 
          1852 1853 1768 1767 
          1853 1854 1769 1768 
          1854 1855 1770 1769 
          1855 1856 1771 1770 
          1856 1857 1772 1771 
          1857 1858 1773 1772 
          1858 1859 1774 1773 
          1859 1860 1775 1774 
          1860 1861 1776 1775 
          1861 1862 1777 1776 
          1862 1863 1778 1777 
          1863 1864 1779 1778 
          1864 1865 1780 1779 
          1865 1866 1781 1780 
          1866 1867 1782 1781 
          1867 1868 1783 1782 
          1868 1869 1784 1783 
          1870 1871 1786 1785 
          1871 1872 1787 1786 
          1872 1873 1788 1787 
          1873 1874 1789 1788 
          1874 1875 1790 1789 
          1875 1876 1791 1790 
          1876 1877 1792 1791 
          1877 1878 1793 1792 
          1878 1879 1794 1793 
          1879 1880 1795 1794 
          1880 1881 1796 1795 
          1881 1882 1797 1796 
          1882 1883 1798 1797 
          1883 1884 1799 1798 
          1884 1885 1800 1799 
          1885 1886 1801 1800 
          1886 1887 1802 1801 
          1887 1888 1803 1802 
          1888 1889 1804 1803 
          1889 1890 1805 1804 
          1890 1891 1806 1805 
          1891 1892 1807 1806 
          1892 1893 1808 1807 
          1893 1894 1809 1808 
          1894 1895 1810 1809 
          1895 1896 1811 1810 
          1896 1897 1812 1811 
          1897 1898 1813 1812 
          1898 1899 1814 1813 
          1899 1900 1815 1814 
          1900 1901 1816 1815 
          1901 1902 1817 1816 
          1902 1903 1818 1817 
          1903 1904 1819 1818 
          1904 1905 1820 1819 
          1905 1906 1821 1820 
          1906 1907 1822 1821 
          1907 1908 1823 1822 
          1908 1909 1824 1823 
          1909 1910 1825 1824 
          1910 1911 1826 1825 
          1911 1912 1827 1826 
          1912 1913 1828 1827 
          1913 1914 1829 1828 
          1914 1915 1830 1829 
          1915 1916 1831 1830 
          1916 1917 1832 1831 
          1917 1918 1833 1832 
          1918 1919 1834 1833 
          1919 1920 1835 1834 
          1920 1921 1836 1835 
          1921 1922 1837 1836 
          1922 1923 1838 1837 
          1923 1924 1839 1838 
          1924 1925 1840 1839 
          1925 1926 1841 1840 
          1926 1927 1842 1841 
          1927 1928 1843 1842 
          1928 1929 1844 1843 
          1929 1930 1845 1844 
          1930 1931 1846 1845 
          1931 1932 1847 1846 
          1932 1933 1848 1847 
          1933 1934 1849 1848 
          1934 1935 1850 1849 
          1935 1936 1851 1850 
          1936 1937 1852 1851 
          1937 1938 1853 1852 
          1938 1939 1854 1853 
          1939 1940 1855 1854 
          1940 1941 1856 1855 
          1941 1942 1857 1856 
          1942 1943 1858 1857 
          1943 1944 1859 1858 
          1944 1945 1860 1859 
          1945 1946 1861 1860 
          1946 1947 1862 1861 
          1947 1948 1863 1862 
          1948 1949 1864 1863 
          1949 1950 1865 1864 
          1950 1951 1866 1865 
          1951 1952 1867 1866 
          1952 1953 1868 1867 
          1953 1954 1869 1868 
          1955 1956 1871 1870 
          1956 1957 1872 1871 
          1957 1958 1873 1872 
          1958 1959 1874 1873 
          1959 1960 1875 1874 
          1960 1961 1876 1875 
          1961 1962 1877 1876 
          1962 1963 1878 1877 
          1963 1964 1879 1878 
          1964 1965 1880 1879 
          1965 1966 1881 1880 
          1966 1967 1882 1881 
          1967 1968 1883 1882 
          1968 1969 1884 1883 
          1969 1970 1885 1884 
          1970 1971 1886 1885 
          1971 1972 1887 1886 
          1972 1973 1888 1887 
          1973 1974 1889 1888 
          1974 1975 1890 1889 
          1975 1976 1891 1890 
          1976 1977 1892 1891 
          1977 1978 1893 1892 
          1978 1979 1894 1893 
          1979 1980 1895 1894 
          1980 1981 1896 1895 
          1981 1982 1897 1896 
          1982 1983 1898 1897 
          1983 1984 1899 1898 
          1984 1985 1900 1899 
          1985 1986 1901 1900 
          1986 1987 1902 1901 
          1987 1988 1903 1902 
          1988 1989 1904 1903 
          1989 1990 1905 1904 
          1990 1991 1906 1905 
          1991 1992 1907 1906 
          1992 1993 1908 1907 
          1993 1994 1909 1908 
          1994 1995 1910 1909 
          1995 1996 1911 1910 
          1996 1997 1912 1911 
          1997 1998 1913 1912 
          1998 1999 1914 1913 
          1999 2000 1915 1914 
          2000 2001 1916 1915 
          2001 2002 1917 1916 
          2002 2003 1918 1917 
          2003 2004 1919 1918 
          2004 2005 1920 1919 
          2005 2006 1921 1920 
          2006 2007 1922 1921 
          2007 2008 1923 1922 
          2008 2009 1924 1923 
          2009 2010 1925 1924 
          2010 2011 1926 1925 
          2011 2012 1927 1926 
          2012 2013 1928 1927 
          2013 2014 1929 1928 
          2014 2015 1930 1929 
          2015 2016 1931 1930 
          2016 2017 1932 1931 
          2017 2018 1933 1932 
          2018 2019 1934 1933 
          2019 2020 1935 1934 
          2020 2021 1936 1935 
          2021 2022 1937 1936 
          2022 2023 1938 1937 
          2023 2024 1939 1938 
          2024 2025 1940 1939 
          2025 2026 1941 1940 
          2026 2027 1942 1941 
          2027 2028 1943 1942 
          2028 2029 1944 1943 
          2029 2030 1945 1944 
          2030 2031 1946 1945 
          2031 2032 1947 1946 
          2032 2033 1948 1947 
          2033 2034 1949 1948 
          2034 2035 1950 1949 
          2035 2036 1951 1950 
          2036 2037 1952 1951 
          2037 2038 1953 1952 
          2038 2039 1954 1953 
          2040 2041 1956 1955 
          2041 2042 1957 1956 
          2042 2043 1958 1957 
          2043 2044 1959 1958 
          2044 2045 1960 1959 
          2045 2046 1961 1960 
          2046 2047 1962 1961 
          2047 2048 1963 1962 
          2048 2049 1964 1963 
          2049 2050 1965 1964 
          2050 2051 1966 1965 
          2051 2052 1967 1966 
          2052 2053 1968 1967 
          2053 2054 1969 1968 
          2054 2055 1970 1969 
          2055 2056 1971 1970 
          2056 2057 1972 1971 
          2057 2058 1973 1972 
          2058 2059 1974 1973 
          2059 2060 1975 1974 
          2060 2061 1976 1975 
          2061 2062 1977 1976 
          2062 2063 1978 1977 
          2063 2064 1979 1978 
          2064 2065 1980 1979 
          2065 2066 1981 1980 
          2066 2067 1982 1981 
          2067 2068 1983 1982 
          2068 2069 1984 1983 
          2069 2070 1985 1984 
          2070 2071 1986 1985 
          2071 2072 1987 1986 
          2072 2073 1988 1987 
          2073 2074 1989 1988 
          2074 2075 1990 1989 
          2075 2076 1991 1990 
          2076 2077 1992 1991 
          2077 2078 1993 1992 
          2078 2079 1994 1993 
          2079 2080 1995 1994 
          2080 2081 1996 1995 
          2081 2082 1997 1996 
          2082 2083 1998 1997 
          2083 2084 1999 1998 
          2084 2085 2000 1999 
          2085 2086 2001 2000 
          2086 2087 2002 2001 
          2087 2088 2003 2002 
          2088 2089 2004 2003 
          2089 2090 2005 2004 
          2090 2091 2006 2005 
          2091 2092 2007 2006 
          2092 2093 2008 2007 
          2093 2094 2009 2008 
          2094 2095 2010 2009 
          2095 2096 2011 2010 
          2096 2097 2012 2011 
          2097 2098 2013 2012 
          2098 2099 2014 2013 
          2099 2100 2015 2014 
          2100 2101 2016 2015 
          2101 2102 2017 2016 
          2102 2103 2018 2017 
          2103 2104 2019 2018 
          2104 2105 2020 2019 
          2105 2106 2021 2020 
          2106 2107 2022 2021 
          2107 2108 2023 2022 
          2108 2109 2024 2023 
          2109 2110 2025 2024 
          2110 2111 2026 2025 
          2111 2112 2027 2026 
          2112 2113 2028 2027 
          2113 2114 2029 2028 
          2114 2115 2030 2029 
          2115 2116 2031 2030 
          2116 2117 2032 2031 
          2117 2118 2033 2032 
          2118 2119 2034 2033 
          2119 2120 2035 2034 
          2120 2121 2036 2035 
          2121 2122 2037 2036 
          2122 2123 2038 2037 
          2123 2124 2039 2038 
          2125 2126 2041 2040 
          2126 2127 2042 2041 
          2127 2128 2043 2042 
          2128 2129 2044 2043 
          2129 2130 2045 2044 
          2130 2131 2046 2045 
          2131 2132 2047 2046 
          2132 2133 2048 2047 
          2133 2134 2049 2048 
          2134 2135 2050 2049 
          2135 2136 2051 2050 
          2136 2137 2052 2051 
          2137 2138 2053 2052 
          2138 2139 2054 2053 
          2139 2140 2055 2054 
          2140 2141 2056 2055 
          2141 2142 2057 2056 
          2142 2143 2058 2057 
          2143 2144 2059 2058 
          2144 2145 2060 2059 
          2145 2146 2061 2060 
          2146 2147 2062 2061 
          2147 2148 2063 2062 
          2148 2149 2064 2063 
          2149 2150 2065 2064 
          2150 2151 2066 2065 
          2151 2152 2067 2066 
          2152 2153 2068 2067 
          2153 2154 2069 2068 
          2154 2155 2070 2069 
          2155 2156 2071 2070 
          2156 2157 2072 2071 
          2157 2158 2073 2072 
          2158 2159 2074 2073 
          2159 2160 2075 2074 
          2160 2161 2076 2075 
          2161 2162 2077 2076 
          2162 2163 2078 2077 
          2163 2164 2079 2078 
          2164 2165 2080 2079 
          2165 2166 2081 2080 
          2166 2167 2082 2081 
          2167 2168 2083 2082 
          2168 2169 2084 2083 
          2169 2170 2085 2084 
          2170 2171 2086 2085 
          2171 2172 2087 2086 
          2172 2173 2088 2087 
          2173 2174 2089 2088 
          2174 2175 2090 2089 
          2175 2176 2091 2090 
          2176 2177 2092 2091 
          2177 2178 2093 2092 
          2178 2179 2094 2093 
          2179 2180 2095 2094 
          2180 2181 2096 2095 
          2181 2182 2097 2096 
          2182 2183 2098 2097 
          2183 2184 2099 2098 
          2184 2185 2100 2099 
          2185 2186 2101 2100 
          2186 2187 2102 2101 
          2187 2188 2103 2102 
          2188 2189 2104 2103 
          2189 2190 2105 2104 
          2190 2191 2106 2105 
          2191 2192 2107 2106 
          2192 2193 2108 2107 
          2193 2194 2109 2108 
          2194 2195 2110 2109 
          2195 2196 2111 2110 
          2196 2197 2112 2111 
          2197 2198 2113 2112 
          2198 2199 2114 2113 
          2199 2200 2115 2114 
          2200 2201 2116 2115 
          2201 2202 2117 2116 
          2202 2203 2118 2117 
          2203 2204 2119 2118 
          2204 2205 2120 2119 
          2205 2206 2121 2120 
          2206 2207 2122 2121 
          2207 2208 2123 2122 
          2208 2209 2124 2123 
          2210 2211 2126 2125 
          2211 2212 2127 2126 
          2212 2213 2128 2127 
          2213 2214 2129 2128 
          2214 2215 2130 2129 
          2215 2216 2131 2130 
          2216 2217 2132 2131 
          2217 2218 2133 2132 
          2218 2219 2134 2133 
          2219 2220 2135 2134 
          2220 2221 2136 2135 
          2221 2222 2137 2136 
          2222 2223 2138 2137 
          2223 2224 2139 2138 
          2224 2225 2140 2139 
          2225 2226 2141 2140 
          2226 2227 2142 2141 
          2227 2228 2143 2142 
          2228 2229 2144 2143 
          2229 2230 2145 2144 
          2230 2231 2146 2145 
          2231 2232 2147 2146 
          2232 2233 2148 2147 
          2233 2234 2149 2148 
          2234 2235 2150 2149 
          2235 2236 2151 2150 
          2236 2237 2152 2151 
          2237 2238 2153 2152 
          2238 2239 2154 2153 
          2239 2240 2155 2154 
          2240 2241 2156 2155 
          2241 2242 2157 2156 
          2242 2243 2158 2157 
          2243 2244 2159 2158 
          2244 2245 2160 2159 
          2245 2246 2161 2160 
          2246 2247 2162 2161 
          2247 2248 2163 2162 
          2248 2249 2164 2163 
          2249 2250 2165 2164 
          2250 2251 2166 2165 
          2251 2252 2167 2166 
          2252 2253 2168 2167 
          2253 2254 2169 2168 
          2254 2255 2170 2169 
          2255 2256 2171 2170 
          2256 2257 2172 2171 
          2257 2258 2173 2172 
          2258 2259 2174 2173 
          2259 2260 2175 2174 
          2260 2261 2176 2175 
          2261 2262 2177 2176 
          2262 2263 2178 2177 
          2263 2264 2179 2178 
          2264 2265 2180 2179 
          2265 2266 2181 2180 
          2266 2267 2182 2181 
          2267 2268 2183 2182 
          2268 2269 2184 2183 
          2269 2270 2185 2184 
          2270 2271 2186 2185 
          2271 2272 2187 2186 
          2272 2273 2188 2187 
          2273 2274 2189 2188 
          2274 2275 2190 2189 
          2275 2276 2191 2190 
          2276 2277 2192 2191 
          2277 2278 2193 2192 
          2278 2279 2194 2193 
          2279 2280 2195 2194 
          2280 2281 2196 2195 
          2281 2282 2197 2196 
          2282 2283 2198 2197 
          2283 2284 2199 2198 
          2284 2285 2200 2199 
          2285 2286 2201 2200 
          2286 2287 2202 2201 
          2287 2288 2203 2202 
          2288 2289 2204 2203 
          2289 2290 2205 2204 
          2290 2291 2206 2205 
          2291 2292 2207 2206 
          2292 2293 2208 2207 
          2293 2294 2209 2208 
          2295 2296 2211 2210 
          2296 2297 2212 2211 
          2297 2298 2213 2212 
          2298 2299 2214 2213 
          2299 2300 2215 2214 
          2300 2301 2216 2215 
          2301 2302 2217 2216 
          2302 2303 2218 2217 
          2303 2304 2219 2218 
          2304 2305 2220 2219 
          2305 2306 2221 2220 
          2306 2307 2222 2221 
          2307 2308 2223 2222 
          2308 2309 2224 2223 
          2309 2310 2225 2224 
          2310 2311 2226 2225 
          2311 2312 2227 2226 
          2312 2313 2228 2227 
          2313 2314 2229 2228 
          2314 2315 2230 2229 
          2315 2316 2231 2230 
          2316 2317 2232 2231 
          2317 2318 2233 2232 
          2318 2319 2234 2233 
          2319 2320 2235 2234 
          2320 2321 2236 2235 
          2321 2322 2237 2236 
          2322 2323 2238 2237 
          2323 2324 2239 2238 
          2324 2325 2240 2239 
          2325 2326 2241 2240 
          2326 2327 2242 2241 
          2327 2328 2243 2242 
          2328 2329 2244 2243 
          2329 2330 2245 2244 
          2330 2331 2246 2245 
          2331 2332 2247 2246 
          2332 2333 2248 2247 
          2333 2334 2249 2248 
          2334 2335 2250 2249 
          2335 2336 2251 2250 
          2336 2337 2252 2251 
          2337 2338 2253 2252 
          2338 2339 2254 2253 
          2339 2340 2255 2254 
          2340 2341 2256 2255 
          2341 2342 2257 2256 
          2342 2343 2258 2257 
          2343 2344 2259 2258 
          2344 2345 2260 2259 
          2345 2346 2261 2260 
          2346 2347 2262 2261 
          2347 2348 2263 2262 
          2348 2349 2264 2263 
          2349 2350 2265 2264 
          2350 2351 2266 2265 
          2351 2352 2267 2266 
          2352 2353 2268 2267 
          2353 2354 2269 2268 
          2354 2355 2270 2269 
          2355 2356 2271 2270 
          2356 2357 2272 2271 
          2357 2358 2273 2272 
          2358 2359 2274 2273 
          2359 2360 2275 2274 
          2360 2361 2276 2275 
          2361 2362 2277 2276 
          2362 2363 2278 2277 
          2363 2364 2279 2278 
          2364 2365 2280 2279 
          2365 2366 2281 2280 
          2366 2367 2282 2281 
          2367 2368 2283 2282 
          2368 2369 2284 2283 
          2369 2370 2285 2284 
          2370 2371 2286 2285 
          2371 2372 2287 2286 
          2372 2373 2288 2287 
          2373 2374 2289 2288 
          2374 2375 2290 2289 
          2375 2376 2291 2290 
          2376 2377 2292 2291 
          2377 2378 2293 2292 
          2378 2379 2294 2293 
          2380 2381 2296 2295 
          2381 2382 2297 2296 
          2382 2383 2298 2297 
          2383 2384 2299 2298 
          2384 2385 2300 2299 
          2385 2386 2301 2300 
          2386 2387 2302 2301 
          2387 2388 2303 2302 
          2388 2389 2304 2303 
          2389 2390 2305 2304 
          2390 2391 2306 2305 
          2391 2392 2307 2306 
          2392 2393 2308 2307 
          2393 2394 2309 2308 
          2394 2395 2310 2309 
          2395 2396 2311 2310 
          2396 2397 2312 2311 
          2397 2398 2313 2312 
          2398 2399 2314 2313 
          2399 2400 2315 2314 
          2400 2401 2316 2315 
          2401 2402 2317 2316 
          2402 2403 2318 2317 
          2403 2404 2319 2318 
          2404 2405 2320 2319 
          2405 2406 2321 2320 
          2406 2407 2322 2321 
          2407 2408 2323 2322 
          2408 2409 2324 2323 
          2409 2410 2325 2324 
          2410 2411 2326 2325 
          2411 2412 2327 2326 
          2412 2413 2328 2327 
          2413 2414 2329 2328 
          2414 2415 2330 2329 
          2415 2416 2331 2330 
          2416 2417 2332 2331 
          2417 2418 2333 2332 
          2418 2419 2334 2333 
          2419 2420 2335 2334 
          2420 2421 2336 2335 
          2421 2422 2337 2336 
          2422 2423 2338 2337 
          2423 2424 2339 2338 
          2424 2425 2340 2339 
          2425 2426 2341 2340 
          2426 2427 2342 2341 
          2427 2428 2343 2342 
          2428 2429 2344 2343 
          2429 2430 2345 2344 
          2430 2431 2346 2345 
          2431 2432 2347 2346 
          2432 2433 2348 2347 
          2433 2434 2349 2348 
          2434 2435 2350 2349 
          2435 2436 2351 2350 
          2436 2437 2352 2351 
          2437 2438 2353 2352 
          2438 2439 2354 2353 
          2439 2440 2355 2354 
          2440 2441 2356 2355 
          2441 2442 2357 2356 
          2442 2443 2358 2357 
          2443 2444 2359 2358 
          2444 2445 2360 2359 
          2445 2446 2361 2360 
          2446 2447 2362 2361 
          2447 2448 2363 2362 
          2448 2449 2364 2363 
          2449 2450 2365 2364 
          2450 2451 2366 2365 
          2451 2452 2367 2366 
          2452 2453 2368 2367 
          2453 2454 2369 2368 
          2454 2455 2370 2369 
          2455 2456 2371 2370 
          2456 2457 2372 2371 
          2457 2458 2373 2372 
          2458 2459 2374 2373 
          2459 2460 2375 2374 
          2460 2461 2376 2375 
          2461 2462 2377 2376 
          2462 2463 2378 2377 
          2463 2464 2379 2378 
          2465 2466 2381 2380 
          2466 2467 2382 2381 
          2467 2468 2383 2382 
          2468 2469 2384 2383 
          2469 2470 2385 2384 
          2470 2471 2386 2385 
          2471 2472 2387 2386 
          2472 2473 2388 2387 
          2473 2474 2389 2388 
          2474 2475 2390 2389 
          2475 2476 2391 2390 
          2476 2477 2392 2391 
          2477 2478 2393 2392 
          2478 2479 2394 2393 
          2479 2480 2395 2394 
          2480 2481 2396 2395 
          2481 2482 2397 2396 
          2482 2483 2398 2397 
          2483 2484 2399 2398 
          2484 2485 2400 2399 
          2485 2486 2401 2400 
          2486 2487 2402 2401 
          2487 2488 2403 2402 
          2488 2489 2404 2403 
          2489 2490 2405 2404 
          2490 2491 2406 2405 
          2491 2492 2407 2406 
          2492 2493 2408 2407 
          2493 2494 2409 2408 
          2494 2495 2410 2409 
          2495 2496 2411 2410 
          2496 2497 2412 2411 
          2497 2498 2413 2412 
          2498 2499 2414 2413 
          2499 2500 2415 2414 
          2500 2501 2416 2415 
          2501 2502 2417 2416 
          2502 2503 2418 2417 
          2503 2504 2419 2418 
          2504 2505 2420 2419 
          2505 2506 2421 2420 
          2506 2507 2422 2421 
          2507 2508 2423 2422 
          2508 2509 2424 2423 
          2509 2510 2425 2424 
          2510 2511 2426 2425 
          2511 2512 2427 2426 
          2512 2513 2428 2427 
          2513 2514 2429 2428 
          2514 2515 2430 2429 
          2515 2516 2431 2430 
          2516 2517 2432 2431 
          2517 2518 2433 2432 
          2518 2519 2434 2433 
          2519 2520 2435 2434 
          2520 2521 2436 2435 
          2521 2522 2437 2436 
          2522 2523 2438 2437 
          2523 2524 2439 2438 
          2524 2525 2440 2439 
          2525 2526 2441 2440 
          2526 2527 2442 2441 
          2527 2528 2443 2442 
          2528 2529 2444 2443 
          2529 2530 2445 2444 
          2530 2531 2446 2445 
          2531 2532 2447 2446 
          2532 2533 2448 2447 
          2533 2534 2449 2448 
          2534 2535 2450 2449 
          2535 2536 2451 2450 
          2536 2537 2452 2451 
          2537 2538 2453 2452 
          2538 2539 2454 2453 
          2539 2540 2455 2454 
          2540 2541 2456 2455 
          2541 2542 2457 2456 
          2542 2543 2458 2457 
          2543 2544 2459 2458 
          2544 2545 2460 2459 
          2545 2546 2461 2460 
          2546 2547 2462 2461 
          2547 2548 2463 2462 
          2548 2549 2464 2463 
          2550 2551 2466 2465 
          2551 2552 2467 2466 
          2552 2553 2468 2467 
          2553 2554 2469 2468 
          2554 2555 2470 2469 
          2555 2556 2471 2470 
          2556 2557 2472 2471 
          2557 2558 2473 2472 
          2558 2559 2474 2473 
          2559 2560 2475 2474 
          2560 2561 2476 2475 
          2561 2562 2477 2476 
          2562 2563 2478 2477 
          2563 2564 2479 2478 
          2564 2565 2480 2479 
          2565 2566 2481 2480 
          2566 2567 2482 2481 
          2567 2568 2483 2482 
          2568 2569 2484 2483 
          2569 2570 2485 2484 
          2570 2571 2486 2485 
          2571 2572 2487 2486 
          2572 2573 2488 2487 
          2573 2574 2489 2488 
          2574 2575 2490 2489 
          2575 2576 2491 2490 
          2576 2577 2492 2491 
          2577 2578 2493 2492 
          2578 2579 2494 2493 
          2579 2580 2495 2494 
          2580 2581 2496 2495 
          2581 2582 2497 2496 
          2582 2583 2498 2497 
          2583 2584 2499 2498 
          2584 2585 2500 2499 
          2585 2586 2501 2500 
          2586 2587 2502 2501 
          2587 2588 2503 2502 
          2588 2589 2504 2503 
          2589 2590 2505 2504 
          2590 2591 2506 2505 
          2591 2592 2507 2506 
          2592 2593 2508 2507 
          2593 2594 2509 2508 
          2594 2595 2510 2509 
          2595 2596 2511 2510 
          2596 2597 2512 2511 
          2597 2598 2513 2512 
          2598 2599 2514 2513 
          2599 2600 2515 2514 
          2600 2601 2516 2515 
          2601 2602 2517 2516 
          2602 2603 2518 2517 
          2603 2604 2519 2518 
          2604 2605 2520 2519 
          2605 2606 2521 2520 
          2606 2607 2522 2521 
          2607 2608 2523 2522 
          2608 2609 2524 2523 
          2609 2610 2525 2524 
          2610 2611 2526 2525 
          2611 2612 2527 2526 
          2612 2613 2528 2527 
          2613 2614 2529 2528 
          2614 2615 2530 2529 
          2615 2616 2531 2530 
          2616 2617 2532 2531 
          2617 2618 2533 2532 
          2618 2619 2534 2533 
          2619 2620 2535 2534 
          2620 2621 2536 2535 
          2621 2622 2537 2536 
          2622 2623 2538 2537 
          2623 2624 2539 2538 
          2624 2625 2540 2539 
          2625 2626 2541 2540 
          2626 2627 2542 2541 
          2627 2628 2543 2542 
          2628 2629 2544 2543 
          2629 2630 2545 2544 
          2630 2631 2546 2545 
          2631 2632 2547 2546 
          2632 2633 2548 2547 
          2633 2634 2549 2548 
          2635 2636 2551 2550 
          2636 2637 2552 2551 
          2637 2638 2553 2552 
          2638 2639 2554 2553 
          2639 2640 2555 2554 
          2640 2641 2556 2555 
          2641 2642 2557 2556 
          2642 2643 2558 2557 
          2643 2644 2559 2558 
          2644 2645 2560 2559 
          2645 2646 2561 2560 
          2646 2647 2562 2561 
          2647 2648 2563 2562 
          2648 2649 2564 2563 
          2649 2650 2565 2564 
          2650 2651 2566 2565 
          2651 2652 2567 2566 
          2652 2653 2568 2567 
          2653 2654 2569 2568 
          2654 2655 2570 2569 
          2655 2656 2571 2570 
          2656 2657 2572 2571 
          2657 2658 2573 2572 
          2658 2659 2574 2573 
          2659 2660 2575 2574 
          2660 2661 2576 2575 
          2661 2662 2577 2576 
          2662 2663 2578 2577 
          2663 2664 2579 2578 
          2664 2665 2580 2579 
          2665 2666 2581 2580 
          2666 2667 2582 2581 
          2667 2668 2583 2582 
          2668 2669 2584 2583 
          2669 2670 2585 2584 
          2670 2671 2586 2585 
          2671 2672 2587 2586 
          2672 2673 2588 2587 
          2673 2674 2589 2588 
          2674 2675 2590 2589 
          2675 2676 2591 2590 
          2676 2677 2592 2591 
          2677 2678 2593 2592 
          2678 2679 2594 2593 
          2679 2680 2595 2594 
          2680 2681 2596 2595 
          2681 2682 2597 2596 
          2682 2683 2598 2597 
          2683 2684 2599 2598 
          2684 2685 2600 2599 
          2685 2686 2601 2600 
          2686 2687 2602 2601 
          2687 2688 2603 2602 
          2688 2689 2604 2603 
          2689 2690 2605 2604 
          2690 2691 2606 2605 
          2691 2692 2607 2606 
          2692 2693 2608 2607 
          2693 2694 2609 2608 
          2694 2695 2610 2609 
          2695 2696 2611 2610 
          2696 2697 2612 2611 
          2697 2698 2613 2612 
          2698 2699 2614 2613 
          2699 2700 2615 2614 
          2700 2701 2616 2615 
          2701 2702 2617 2616 
          2702 2703 2618 2617 
          2703 2704 2619 2618 
          2704 2705 2620 2619 
          2705 2706 2621 2620 
          2706 2707 2622 2621 
          2707 2708 2623 2622 
          2708 2709 2624 2623 
          2709 2710 2625 2624 
          2710 2711 2626 2625 
          2711 2712 2627 2626 
          2712 2713 2628 2627 
          2713 2714 2629 2628 
          2714 2715 2630 2629 
          2715 2716 2631 2630 
          2716 2717 2632 2631 
          2717 2718 2633 2632 
          2718 2719 2634 2633 
          2720 2721 2636 2635 
          2721 2722 2637 2636 
          2722 2723 2638 2637 
          2723 2724 2639 2638 
          2724 2725 2640 2639 
          2725 2726 2641 2640 
          2726 2727 2642 2641 
          2727 2728 2643 2642 
          2728 2729 2644 2643 
          2729 2730 2645 2644 
          2730 2731 2646 2645 
          2731 2732 2647 2646 
          2732 2733 2648 2647 
          2733 2734 2649 2648 
          2734 2735 2650 2649 
          2735 2736 2651 2650 
          2736 2737 2652 2651 
          2737 2738 2653 2652 
          2738 2739 2654 2653 
          2739 2740 2655 2654 
          2740 2741 2656 2655 
          2741 2742 2657 2656 
          2742 2743 2658 2657 
          2743 2744 2659 2658 
          2744 2745 2660 2659 
          2745 2746 2661 2660 
          2746 2747 2662 2661 
          2747 2748 2663 2662 
          2748 2749 2664 2663 
          2749 2750 2665 2664 
          2750 2751 2666 2665 
          2751 2752 2667 2666 
          2752 2753 2668 2667 
          2753 2754 2669 2668 
          2754 2755 2670 2669 
          2755 2756 2671 2670 
          2756 2757 2672 2671 
          2757 2758 2673 2672 
          2758 2759 2674 2673 
          2759 2760 2675 2674 
          2760 2761 2676 2675 
          2761 2762 2677 2676 
          2762 2763 2678 2677 
          2763 2764 2679 2678 
          2764 2765 2680 2679 
          2765 2766 2681 2680 
          2766 2767 2682 2681 
          2767 2768 2683 2682 
          2768 2769 2684 2683 
          2769 2770 2685 2684 
          2770 2771 2686 2685 
          2771 2772 2687 2686 
          2772 2773 2688 2687 
          2773 2774 2689 2688 
          2774 2775 2690 2689 
          2775 2776 2691 2690 
          2776 2777 2692 2691 
          2777 2778 2693 2692 
          2778 2779 2694 2693 
          2779 2780 2695 2694 
          2780 2781 2696 2695 
          2781 2782 2697 2696 
          2782 2783 2698 2697 
          2783 2784 2699 2698 
          2784 2785 2700 2699 
          2785 2786 2701 2700 
          2786 2787 2702 2701 
          2787 2788 2703 2702 
          2788 2789 2704 2703 
          2789 2790 2705 2704 
          2790 2791 2706 2705 
          2791 2792 2707 2706 
          2792 2793 2708 2707 
          2793 2794 2709 2708 
          2794 2795 2710 2709 
          2795 2796 2711 2710 
          2796 2797 2712 2711 
          2797 2798 2713 2712 
          2798 2799 2714 2713 
          2799 2800 2715 2714 
          2800 2801 2716 2715 
          2801 2802 2717 2716 
          2802 2803 2718 2717 
          2803 2804 2719 2718 
          2805 2806 2721 2720 
          2806 2807 2722 2721 
          2807 2808 2723 2722 
          2808 2809 2724 2723 
          2809 2810 2725 2724 
          2810 2811 2726 2725 
          2811 2812 2727 2726 
          2812 2813 2728 2727 
          2813 2814 2729 2728 
          2814 2815 2730 2729 
          2815 2816 2731 2730 
          2816 2817 2732 2731 
          2817 2818 2733 2732 
          2818 2819 2734 2733 
          2819 2820 2735 2734 
          2820 2821 2736 2735 
          2821 2822 2737 2736 
          2822 2823 2738 2737 
          2823 2824 2739 2738 
          2824 2825 2740 2739 
          2825 2826 2741 2740 
          2826 2827 2742 2741 
          2827 2828 2743 2742 
          2828 2829 2744 2743 
          2829 2830 2745 2744 
          2830 2831 2746 2745 
          2831 2832 2747 2746 
          2832 2833 2748 2747 
          2833 2834 2749 2748 
          2834 2835 2750 2749 
          2835 2836 2751 2750 
          2836 2837 2752 2751 
          2837 2838 2753 2752 
          2838 2839 2754 2753 
          2839 2840 2755 2754 
          2840 2841 2756 2755 
          2841 2842 2757 2756 
          2842 2843 2758 2757 
          2843 2844 2759 2758 
          2844 2845 2760 2759 
          2845 2846 2761 2760 
          2846 2847 2762 2761 
          2847 2848 2763 2762 
          2848 2849 2764 2763 
          2849 2850 2765 2764 
          2850 2851 2766 2765 
          2851 2852 2767 2766 
          2852 2853 2768 2767 
          2853 2854 2769 2768 
          2854 2855 2770 2769 
          2855 2856 2771 2770 
          2856 2857 2772 2771 
          2857 2858 2773 2772 
          2858 2859 2774 2773 
          2859 2860 2775 2774 
          2860 2861 2776 2775 
          2861 2862 2777 2776 
          2862 2863 2778 2777 
          2863 2864 2779 2778 
          2864 2865 2780 2779 
          2865 2866 2781 2780 
          2866 2867 2782 2781 
          2867 2868 2783 2782 
          2868 2869 2784 2783 
          2869 2870 2785 2784 
          2870 2871 2786 2785 
          2871 2872 2787 2786 
          2872 2873 2788 2787 
          2873 2874 2789 2788 
          2874 2875 2790 2789 
          2875 2876 2791 2790 
          2876 2877 2792 2791 
          2877 2878 2793 2792 
          2878 2879 2794 2793 
          2879 2880 2795 2794 
          2880 2881 2796 2795 
          2881 2882 2797 2796 
          2882 2883 2798 2797 
          2883 2884 2799 2798 
          2884 2885 2800 2799 
          2885 2886 2801 2800 
          2886 2887 2802 2801 
          2887 2888 2803 2802 
          2888 2889 2804 2803 
          2890 2891 2806 2805 
          2891 2892 2807 2806 
          2892 2893 2808 2807 
          2893 2894 2809 2808 
          2894 2895 2810 2809 
          2895 2896 2811 2810 
          2896 2897 2812 2811 
          2897 2898 2813 2812 
          2898 2899 2814 2813 
          2899 2900 2815 2814 
          2900 2901 2816 2815 
          2901 2902 2817 2816 
          2902 2903 2818 2817 
          2903 2904 2819 2818 
          2904 2905 2820 2819 
          2905 2906 2821 2820 
          2906 2907 2822 2821 
          2907 2908 2823 2822 
          2908 2909 2824 2823 
          2909 2910 2825 2824 
          2910 2911 2826 2825 
          2911 2912 2827 2826 
          2912 2913 2828 2827 
          2913 2914 2829 2828 
          2914 2915 2830 2829 
          2915 2916 2831 2830 
          2916 2917 2832 2831 
          2917 2918 2833 2832 
          2918 2919 2834 2833 
          2919 2920 2835 2834 
          2920 2921 2836 2835 
          2921 2922 2837 2836 
          2922 2923 2838 2837 
          2923 2924 2839 2838 
          2924 2925 2840 2839 
          2925 2926 2841 2840 
          2926 2927 2842 2841 
          2927 2928 2843 2842 
          2928 2929 2844 2843 
          2929 2930 2845 2844 
          2930 2931 2846 2845 
          2931 2932 2847 2846 
          2932 2933 2848 2847 
          2933 2934 2849 2848 
          2934 2935 2850 2849 
          2935 2936 2851 2850 
          2936 2937 2852 2851 
          2937 2938 2853 2852 
          2938 2939 2854 2853 
          2939 2940 2855 2854 
          2940 2941 2856 2855 
          2941 2942 2857 2856 
          2942 2943 2858 2857 
          2943 2944 2859 2858 
          2944 2945 2860 2859 
          2945 2946 2861 2860 
          2946 2947 2862 2861 
          2947 2948 2863 2862 
          2948 2949 2864 2863 
          2949 2950 2865 2864 
          2950 2951 2866 2865 
          2951 2952 2867 2866 
          2952 2953 2868 2867 
          2953 2954 2869 2868 
          2954 2955 2870 2869 
          2955 2956 2871 2870 
          2956 2957 2872 2871 
          2957 2958 2873 2872 
          2958 2959 2874 2873 
          2959 2960 2875 2874 
          2960 2961 2876 2875 
          2961 2962 2877 2876 
          2962 2963 2878 2877 
          2963 2964 2879 2878 
          2964 2965 2880 2879 
          2965 2966 2881 2880 
          2966 2967 2882 2881 
          2967 2968 2883 2882 
          2968 2969 2884 2883 
          2969 2970 2885 2884 
          2970 2971 2886 2885 
          2971 2972 2887 2886 
          2972 2973 2888 2887 
          2973 2974 2889 2888 
          2975 2976 2891 2890 
          2976 2977 2892 2891 
          2977 2978 2893 2892 
          2978 2979 2894 2893 
          2979 2980 2895 2894 
          2980 2981 2896 2895 
          2981 2982 2897 2896 
          2982 2983 2898 2897 
          2983 2984 2899 2898 
          2984 2985 2900 2899 
          2985 2986 2901 2900 
          2986 2987 2902 2901 
          2987 2988 2903 2902 
          2988 2989 2904 2903 
          2989 2990 2905 2904 
          2990 2991 2906 2905 
          2991 2992 2907 2906 
          2992 2993 2908 2907 
          2993 2994 2909 2908 
          2994 2995 2910 2909 
          2995 2996 2911 2910 
          2996 2997 2912 2911 
          2997 2998 2913 2912 
          2998 2999 2914 2913 
          2999 3000 2915 2914 
          3000 3001 2916 2915 
          3001 3002 2917 2916 
          3002 3003 2918 2917 
          3003 3004 2919 2918 
          3004 3005 2920 2919 
          3005 3006 2921 2920 
          3006 3007 2922 2921 
          3007 3008 2923 2922 
          3008 3009 2924 2923 
          3009 3010 2925 2924 
          3010 3011 2926 2925 
          3011 3012 2927 2926 
          3012 3013 2928 2927 
          3013 3014 2929 2928 
          3014 3015 2930 2929 
          3015 3016 2931 2930 
          3016 3017 2932 2931 
          3017 3018 2933 2932 
          3018 3019 2934 2933 
          3019 3020 2935 2934 
          3020 3021 2936 2935 
          3021 3022 2937 2936 
          3022 3023 2938 2937 
          3023 3024 2939 2938 
          3024 3025 2940 2939 
          3025 3026 2941 2940 
          3026 3027 2942 2941 
          3027 3028 2943 2942 
          3028 3029 2944 2943 
          3029 3030 2945 2944 
          3030 3031 2946 2945 
          3031 3032 2947 2946 
          3032 3033 2948 2947 
          3033 3034 2949 2948 
          3034 3035 2950 2949 
          3035 3036 2951 2950 
          3036 3037 2952 2951 
          3037 3038 2953 2952 
          3038 3039 2954 2953 
          3039 3040 2955 2954 
          3040 3041 2956 2955 
          3041 3042 2957 2956 
          3042 3043 2958 2957 
          3043 3044 2959 2958 
          3044 3045 2960 2959 
          3045 3046 2961 2960 
          3046 3047 2962 2961 
          3047 3048 2963 2962 
          3048 3049 2964 2963 
          3049 3050 2965 2964 
          3050 3051 2966 2965 
          3051 3052 2967 2966 
          3052 3053 2968 2967 
          3053 3054 2969 2968 
          3054 3055 2970 2969 
          3055 3056 2971 2970 
          3056 3057 2972 2971 
          3057 3058 2973 2972 
          3058 3059 2974 2973 
          3060 3061 2976 2975 
          3061 3062 2977 2976 
          3062 3063 2978 2977 
          3063 3064 2979 2978 
          3064 3065 2980 2979 
          3065 3066 2981 2980 
          3066 3067 2982 2981 
          3067 3068 2983 2982 
          3068 3069 2984 2983 
          3069 3070 2985 2984 
          3070 3071 2986 2985 
          3071 3072 2987 2986 
          3072 3073 2988 2987 
          3073 3074 2989 2988 
          3074 3075 2990 2989 
          3075 3076 2991 2990 
          3076 3077 2992 2991 
          3077 3078 2993 2992 
          3078 3079 2994 2993 
          3079 3080 2995 2994 
          3080 3081 2996 2995 
          3081 3082 2997 2996 
          3082 3083 2998 2997 
          3083 3084 2999 2998 
          3084 3085 3000 2999 
          3085 3086 3001 3000 
          3086 3087 3002 3001 
          3087 3088 3003 3002 
          3088 3089 3004 3003 
          3089 3090 3005 3004 
          3090 3091 3006 3005 
          3091 3092 3007 3006 
          3092 3093 3008 3007 
          3093 3094 3009 3008 
          3094 3095 3010 3009 
          3095 3096 3011 3010 
          3096 3097 3012 3011 
          3097 3098 3013 3012 
          3098 3099 3014 3013 
          3099 3100 3015 3014 
          3100 3101 3016 3015 
          3101 3102 3017 3016 
          3102 3103 3018 3017 
          3103 3104 3019 3018 
          3104 3105 3020 3019 
          3105 3106 3021 3020 
          3106 3107 3022 3021 
          3107 3108 3023 3022 
          3108 3109 3024 3023 
          3109 3110 3025 3024 
          3110 3111 3026 3025 
          3111 3112 3027 3026 
          3112 3113 3028 3027 
          3113 3114 3029 3028 
          3114 3115 3030 3029 
          3115 3116 3031 3030 
          3116 3117 3032 3031 
          3117 3118 3033 3032 
          3118 3119 3034 3033 
          3119 3120 3035 3034 
          3120 3121 3036 3035 
          3121 3122 3037 3036 
          3122 3123 3038 3037 
          3123 3124 3039 3038 
          3124 3125 3040 3039 
          3125 3126 3041 3040 
          3126 3127 3042 3041 
          3127 3128 3043 3042 
          3128 3129 3044 3043 
          3129 3130 3045 3044 
          3130 3131 3046 3045 
          3131 3132 3047 3046 
          3132 3133 3048 3047 
          3133 3134 3049 3048 
          3134 3135 3050 3049 
          3135 3136 3051 3050 
          3136 3137 3052 3051 
          3137 3138 3053 3052 
          3138 3139 3054 3053 
          3139 3140 3055 3054 
          3140 3141 3056 3055 
          3141 3142 3057 3056 
          3142 3143 3058 3057 
          3143 3144 3059 3058 
          3145 3146 3061 3060 
          3146 3147 3062 3061 
          3147 3148 3063 3062 
          3148 3149 3064 3063 
          3149 3150 3065 3064 
          3150 3151 3066 3065 
          3151 3152 3067 3066 
          3152 3153 3068 3067 
          3153 3154 3069 3068 
          3154 3155 3070 3069 
          3155 3156 3071 3070 
          3156 3157 3072 3071 
          3157 3158 3073 3072 
          3158 3159 3074 3073 
          3159 3160 3075 3074 
          3160 3161 3076 3075 
          3161 3162 3077 3076 
          3162 3163 3078 3077 
          3163 3164 3079 3078 
          3164 3165 3080 3079 
          3165 3166 3081 3080 
          3166 3167 3082 3081 
          3167 3168 3083 3082 
          3168 3169 3084 3083 
          3169 3170 3085 3084 
          3170 3171 3086 3085 
          3171 3172 3087 3086 
          3172 3173 3088 3087 
          3173 3174 3089 3088 
          3174 3175 3090 3089 
          3175 3176 3091 3090 
          3176 3177 3092 3091 
          3177 3178 3093 3092 
          3178 3179 3094 3093 
          3179 3180 3095 3094 
          3180 3181 3096 3095 
          3181 3182 3097 3096 
          3182 3183 3098 3097 
          3183 3184 3099 3098 
          3184 3185 3100 3099 
          3185 3186 3101 3100 
          3186 3187 3102 3101 
          3187 3188 3103 3102 
          3188 3189 3104 3103 
          3189 3190 3105 3104 
          3190 3191 3106 3105 
          3191 3192 3107 3106 
          3192 3193 3108 3107 
          3193 3194 3109 3108 
          3194 3195 3110 3109 
          3195 3196 3111 3110 
          3196 3197 3112 3111 
          3197 3198 3113 3112 
          3198 3199 3114 3113 
          3199 3200 3115 3114 
          3200 3201 3116 3115 
          3201 3202 3117 3116 
          3202 3203 3118 3117 
          3203 3204 3119 3118 
          3204 3205 3120 3119 
          3205 3206 3121 3120 
          3206 3207 3122 3121 
          3207 3208 3123 3122 
          3208 3209 3124 3123 
          3209 3210 3125 3124 
          3210 3211 3126 3125 
          3211 3212 3127 3126 
          3212 3213 3128 3127 
          3213 3214 3129 3128 
          3214 3215 3130 3129 
          3215 3216 3131 3130 
          3216 3217 3132 3131 
          3217 3218 3133 3132 
          3218 3219 3134 3133 
          3219 3220 3135 3134 
          3220 3221 3136 3135 
          3221 3222 3137 3136 
          3222 3223 3138 3137 
          3223 3224 3139 3138 
          3224 3225 3140 3139 
          3225 3226 3141 3140 
          3226 3227 3142 3141 
          3227 3228 3143 3142 
          3228 3229 3144 3143 
          3230 3231 3146 3145 
          3231 3232 3147 3146 
          3232 3233 3148 3147 
          3233 3234 3149 3148 
          3234 3235 3150 3149 
          3235 3236 3151 3150 
          3236 3237 3152 3151 
          3237 3238 3153 3152 
          3238 3239 3154 3153 
          3239 3240 3155 3154 
          3240 3241 3156 3155 
          3241 3242 3157 3156 
          3242 3243 3158 3157 
          3243 3244 3159 3158 
          3244 3245 3160 3159 
          3245 3246 3161 3160 
          3246 3247 3162 3161 
          3247 3248 3163 3162 
          3248 3249 3164 3163 
          3249 3250 3165 3164 
          3250 3251 3166 3165 
          3251 3252 3167 3166 
          3252 3253 3168 3167 
          3253 3254 3169 3168 
          3254 3255 3170 3169 
          3255 3256 3171 3170 
          3256 3257 3172 3171 
          3257 3258 3173 3172 
          3258 3259 3174 3173 
          3259 3260 3175 3174 
          3260 3261 3176 3175 
          3261 3262 3177 3176 
          3262 3263 3178 3177 
          3263 3264 3179 3178 
          3264 3265 3180 3179 
          3265 3266 3181 3180 
          3266 3267 3182 3181 
          3267 3268 3183 3182 
          3268 3269 3184 3183 
          3269 3270 3185 3184 
          3270 3271 3186 3185 
          3271 3272 3187 3186 
          3272 3273 3188 3187 
          3273 3274 3189 3188 
          3274 3275 3190 3189 
          3275 3276 3191 3190 
          3276 3277 3192 3191 
          3277 3278 3193 3192 
          3278 3279 3194 3193 
          3279 3280 3195 3194 
          3280 3281 3196 3195 
          3281 3282 3197 3196 
          3282 3283 3198 3197 
          3283 3284 3199 3198 
          3284 3285 3200 3199 
          3285 3286 3201 3200 
          3286 3287 3202 3201 
          3287 3288 3203 3202 
          3288 3289 3204 3203 
          3289 3290 3205 3204 
          3290 3291 3206 3205 
          3291 3292 3207 3206 
          3292 3293 3208 3207 
          3293 3294 3209 3208 
          3294 3295 3210 3209 
          3295 3296 3211 3210 
          3296 3297 3212 3211 
          3297 3298 3213 3212 
          3298 3299 3214 3213 
          3299 3300 3215 3214 
          3300 3301 3216 3215 
          3301 3302 3217 3216 
          3302 3303 3218 3217 
          3303 3304 3219 3218 
          3304 3305 3220 3219 
          3305 3306 3221 3220 
          3306 3307 3222 3221 
          3307 3308 3223 3222 
          3308 3309 3224 3223 
          3309 3310 3225 3224 
          3310 3311 3226 3225 
          3311 3312 3227 3226 
          3312 3313 3228 3227 
          3313 3314 3229 3228 
          3315 3316 3231 3230 
          3316 3317 3232 3231 
          3317 3318 3233 3232 
          3318 3319 3234 3233 
          3319 3320 3235 3234 
          3320 3321 3236 3235 
          3321 3322 3237 3236 
          3322 3323 3238 3237 
          3323 3324 3239 3238 
          3324 3325 3240 3239 
          3325 3326 3241 3240 
          3326 3327 3242 3241 
          3327 3328 3243 3242 
          3328 3329 3244 3243 
          3329 3330 3245 3244 
          3330 3331 3246 3245 
          3331 3332 3247 3246 
          3332 3333 3248 3247 
          3333 3334 3249 3248 
          3334 3335 3250 3249 
          3335 3336 3251 3250 
          3336 3337 3252 3251 
          3337 3338 3253 3252 
          3338 3339 3254 3253 
          3339 3340 3255 3254 
          3340 3341 3256 3255 
          3341 3342 3257 3256 
          3342 3343 3258 3257 
          3343 3344 3259 3258 
          3344 3345 3260 3259 
          3345 3346 3261 3260 
          3346 3347 3262 3261 
          3347 3348 3263 3262 
          3348 3349 3264 3263 
          3349 3350 3265 3264 
          3350 3351 3266 3265 
          3351 3352 3267 3266 
          3352 3353 3268 3267 
          3353 3354 3269 3268 
          3354 3355 3270 3269 
          3355 3356 3271 3270 
          3356 3357 3272 3271 
          3357 3358 3273 3272 
          3358 3359 3274 3273 
          3359 3360 3275 3274 
          3360 3361 3276 3275 
          3361 3362 3277 3276 
          3362 3363 3278 3277 
          3363 3364 3279 3278 
          3364 3365 3280 3279 
          3365 3366 3281 3280 
          3366 3367 3282 3281 
          3367 3368 3283 3282 
          3368 3369 3284 3283 
          3369 3370 3285 3284 
          3370 3371 3286 3285 
          3371 3372 3287 3286 
          3372 3373 3288 3287 
          3373 3374 3289 3288 
          3374 3375 3290 3289 
          3375 3376 3291 3290 
          3376 3377 3292 3291 
          3377 3378 3293 3292 
          3378 3379 3294 3293 
          3379 3380 3295 3294 
          3380 3381 3296 3295 
          3381 3382 3297 3296 
          3382 3383 3298 3297 
          3383 3384 3299 3298 
          3384 3385 3300 3299 
          3385 3386 3301 3300 
          3386 3387 3302 3301 
          3387 3388 3303 3302 
          3388 3389 3304 3303 
          3389 3390 3305 3304 
          3390 3391 3306 3305 
          3391 3392 3307 3306 
          3392 3393 3308 3307 
          3393 3394 3309 3308 
          3394 3395 3310 3309 
          3395 3396 3311 3310 
          3396 3397 3312 3311 
          3397 3398 3313 3312 
          3398 3399 3314 3313 
          3400 3401 3316 3315 
          3401 3402 3317 3316 
          3402 3403 3318 3317 
          3403 3404 3319 3318 
          3404 3405 3320 3319 
          3405 3406 3321 3320 
          3406 3407 3322 3321 
          3407 3408 3323 3322 
          3408 3409 3324 3323 
          3409 3410 3325 3324 
          3410 3411 3326 3325 
          3411 3412 3327 3326 
          3412 3413 3328 3327 
          3413 3414 3329 3328 
          3414 3415 3330 3329 
          3415 3416 3331 3330 
          3416 3417 3332 3331 
          3417 3418 3333 3332 
          3418 3419 3334 3333 
          3419 3420 3335 3334 
          3420 3421 3336 3335 
          3421 3422 3337 3336 
          3422 3423 3338 3337 
          3423 3424 3339 3338 
          3424 3425 3340 3339 
          3425 3426 3341 3340 
          3426 3427 3342 3341 
          3427 3428 3343 3342 
          3428 3429 3344 3343 
          3429 3430 3345 3344 
          3430 3431 3346 3345 
          3431 3432 3347 3346 
          3432 3433 3348 3347 
          3433 3434 3349 3348 
          3434 3435 3350 3349 
          3435 3436 3351 3350 
          3436 3437 3352 3351 
          3437 3438 3353 3352 
          3438 3439 3354 3353 
          3439 3440 3355 3354 
          3440 3441 3356 3355 
          3441 3442 3357 3356 
          3442 3443 3358 3357 
          3443 3444 3359 3358 
          3444 3445 3360 3359 
          3445 3446 3361 3360 
          3446 3447 3362 3361 
          3447 3448 3363 3362 
          3448 3449 3364 3363 
          3449 3450 3365 3364 
          3450 3451 3366 3365 
          3451 3452 3367 3366 
          3452 3453 3368 3367 
          3453 3454 3369 3368 
          3454 3455 3370 3369 
          3455 3456 3371 3370 
          3456 3457 3372 3371 
          3457 3458 3373 3372 
          3458 3459 3374 3373 
          3459 3460 3375 3374 
          3460 3461 3376 3375 
          3461 3462 3377 3376 
          3462 3463 3378 3377 
          3463 3464 3379 3378 
          3464 3465 3380 3379 
          3465 3466 3381 3380 
          3466 3467 3382 3381 
          3467 3468 3383 3382 
          3468 3469 3384 3383 
          3469 3470 3385 3384 
          3470 3471 3386 3385 
          3471 3472 3387 3386 
          3472 3473 3388 3387 
          3473 3474 3389 3388 
          3474 3475 3390 3389 
          3475 3476 3391 3390 
          3476 3477 3392 3391 
          3477 3478 3393 3392 
          3478 3479 3394 3393 
          3479 3480 3395 3394 
          3480 3481 3396 3395 
          3481 3482 3397 3396 
          3482 3483 3398 3397 
          3483 3484 3399 3398 
          3485 3486 3401 3400 
          3486 3487 3402 3401 
          3487 3488 3403 3402 
          3488 3489 3404 3403 
          3489 3490 3405 3404 
          3490 3491 3406 3405 
          3491 3492 3407 3406 
          3492 3493 3408 3407 
          3493 3494 3409 3408 
          3494 3495 3410 3409 
          3495 3496 3411 3410 
          3496 3497 3412 3411 
          3497 3498 3413 3412 
          3498 3499 3414 3413 
          3499 3500 3415 3414 
          3500 3501 3416 3415 
          3501 3502 3417 3416 
          3502 3503 3418 3417 
          3503 3504 3419 3418 
          3504 3505 3420 3419 
          3505 3506 3421 3420 
          3506 3507 3422 3421 
          3507 3508 3423 3422 
          3508 3509 3424 3423 
          3509 3510 3425 3424 
          3510 3511 3426 3425 
          3511 3512 3427 3426 
          3512 3513 3428 3427 
          3513 3514 3429 3428 
          3514 3515 3430 3429 
          3515 3516 3431 3430 
          3516 3517 3432 3431 
          3517 3518 3433 3432 
          3518 3519 3434 3433 
          3519 3520 3435 3434 
          3520 3521 3436 3435 
          3521 3522 3437 3436 
          3522 3523 3438 3437 
          3523 3524 3439 3438 
          3524 3525 3440 3439 
          3525 3526 3441 3440 
          3526 3527 3442 3441 
          3527 3528 3443 3442 
          3528 3529 3444 3443 
          3529 3530 3445 3444 
          3530 3531 3446 3445 
          3531 3532 3447 3446 
          3532 3533 3448 3447 
          3533 3534 3449 3448 
          3534 3535 3450 3449 
          3535 3536 3451 3450 
          3536 3537 3452 3451 
          3537 3538 3453 3452 
          3538 3539 3454 3453 
          3539 3540 3455 3454 
          3540 3541 3456 3455 
          3541 3542 3457 3456 
          3542 3543 3458 3457 
          3543 3544 3459 3458 
          3544 3545 3460 3459 
          3545 3546 3461 3460 
          3546 3547 3462 3461 
          3547 3548 3463 3462 
          3548 3549 3464 3463 
          3549 3550 3465 3464 
          3550 3551 3466 3465 
          3551 3552 3467 3466 
          3552 3553 3468 3467 
          3553 3554 3469 3468 
          3554 3555 3470 3469 
          3555 3556 3471 3470 
          3556 3557 3472 3471 
          3557 3558 3473 3472 
          3558 3559 3474 3473 
          3559 3560 3475 3474 
          3560 3561 3476 3475 
          3561 3562 3477 3476 
          3562 3563 3478 3477 
          3563 3564 3479 3478 
          3564 3565 3480 3479 
          3565 3566 3481 3480 
          3566 3567 3482 3481 
          3567 3568 3483 3482 
          3568 3569 3484 3483 
          3570 3571 3486 3485 
          3571 3572 3487 3486 
          3572 3573 3488 3487 
          3573 3574 3489 3488 
          3574 3575 3490 3489 
          3575 3576 3491 3490 
          3576 3577 3492 3491 
          3577 3578 3493 3492 
          3578 3579 3494 3493 
          3579 3580 3495 3494 
          3580 3581 3496 3495 
          3581 3582 3497 3496 
          3582 3583 3498 3497 
          3583 3584 3499 3498 
          3584 3585 3500 3499 
          3585 3586 3501 3500 
          3586 3587 3502 3501 
          3587 3588 3503 3502 
          3588 3589 3504 3503 
          3589 3590 3505 3504 
          3590 3591 3506 3505 
          3591 3592 3507 3506 
          3592 3593 3508 3507 
          3593 3594 3509 3508 
          3594 3595 3510 3509 
          3595 3596 3511 3510 
          3596 3597 3512 3511 
          3597 3598 3513 3512 
          3598 3599 3514 3513 
          3599 3600 3515 3514 
          3600 3601 3516 3515 
          3601 3602 3517 3516 
          3602 3603 3518 3517 
          3603 3604 3519 3518 
          3604 3605 3520 3519 
          3605 3606 3521 3520 
          3606 3607 3522 3521 
          3607 3608 3523 3522 
          3608 3609 3524 3523 
          3609 3610 3525 3524 
          3610 3611 3526 3525 
          3611 3612 3527 3526 
          3612 3613 3528 3527 
          3613 3614 3529 3528 
          3614 3615 3530 3529 
          3615 3616 3531 3530 
          3616 3617 3532 3531 
          3617 3618 3533 3532 
          3618 3619 3534 3533 
          3619 3620 3535 3534 
          3620 3621 3536 3535 
          3621 3622 3537 3536 
          3622 3623 3538 3537 
          3623 3624 3539 3538 
          3624 3625 3540 3539 
          3625 3626 3541 3540 
          3626 3627 3542 3541 
          3627 3628 3543 3542 
          3628 3629 3544 3543 
          3629 3630 3545 3544 
          3630 3631 3546 3545 
          3631 3632 3547 3546 
          3632 3633 3548 3547 
          3633 3634 3549 3548 
          3634 3635 3550 3549 
          3635 3636 3551 3550 
          3636 3637 3552 3551 
          3637 3638 3553 3552 
          3638 3639 3554 3553 
          3639 3640 3555 3554 
          3640 3641 3556 3555 
          3641 3642 3557 3556 
          3642 3643 3558 3557 
          3643 3644 3559 3558 
          3644 3645 3560 3559 
          3645 3646 3561 3560 
          3646 3647 3562 3561 
          3647 3648 3563 3562 
          3648 3649 3564 3563 
          3649 3650 3565 3564 
          3650 3651 3566 3565 
          3651 3652 3567 3566 
          3652 3653 3568 3567 
          3653 3654 3569 3568 
          3655 3656 3571 3570 
          3656 3657 3572 3571 
          3657 3658 3573 3572 
          3658 3659 3574 3573 
          3659 3660 3575 3574 
          3660 3661 3576 3575 
          3661 3662 3577 3576 
          3662 3663 3578 3577 
          3663 3664 3579 3578 
          3664 3665 3580 3579 
          3665 3666 3581 3580 
          3666 3667 3582 3581 
          3667 3668 3583 3582 
          3668 3669 3584 3583 
          3669 3670 3585 3584 
          3670 3671 3586 3585 
          3671 3672 3587 3586 
          3672 3673 3588 3587 
          3673 3674 3589 3588 
          3674 3675 3590 3589 
          3675 3676 3591 3590 
          3676 3677 3592 3591 
          3677 3678 3593 3592 
          3678 3679 3594 3593 
          3679 3680 3595 3594 
          3680 3681 3596 3595 
          3681 3682 3597 3596 
          3682 3683 3598 3597 
          3683 3684 3599 3598 
          3684 3685 3600 3599 
          3685 3686 3601 3600 
          3686 3687 3602 3601 
          3687 3688 3603 3602 
          3688 3689 3604 3603 
          3689 3690 3605 3604 
          3690 3691 3606 3605 
          3691 3692 3607 3606 
          3692 3693 3608 3607 
          3693 3694 3609 3608 
          3694 3695 3610 3609 
          3695 3696 3611 3610 
          3696 3697 3612 3611 
          3697 3698 3613 3612 
          3698 3699 3614 3613 
          3699 3700 3615 3614 
          3700 3701 3616 3615 
          3701 3702 3617 3616 
          3702 3703 3618 3617 
          3703 3704 3619 3618 
          3704 3705 3620 3619 
          3705 3706 3621 3620 
          3706 3707 3622 3621 
          3707 3708 3623 3622 
          3708 3709 3624 3623 
          3709 3710 3625 3624 
          3710 3711 3626 3625 
          3711 3712 3627 3626 
          3712 3713 3628 3627 
          3713 3714 3629 3628 
          3714 3715 3630 3629 
          3715 3716 3631 3630 
          3716 3717 3632 3631 
          3717 3718 3633 3632 
          3718 3719 3634 3633 
          3719 3720 3635 3634 
          3720 3721 3636 3635 
          3721 3722 3637 3636 
          3722 3723 3638 3637 
          3723 3724 3639 3638 
          3724 3725 3640 3639 
          3725 3726 3641 3640 
          3726 3727 3642 3641 
          3727 3728 3643 3642 
          3728 3729 3644 3643 
          3729 3730 3645 3644 
          3730 3731 3646 3645 
          3731 3732 3647 3646 
          3732 3733 3648 3647 
          3733 3734 3649 3648 
          3734 3735 3650 3649 
          3735 3736 3651 3650 
          3736 3737 3652 3651 
          3737 3738 3653 3652 
          3738 3739 3654 3653 
          3740 3741 3656 3655 
          3741 3742 3657 3656 
          3742 3743 3658 3657 
          3743 3744 3659 3658 
          3744 3745 3660 3659 
          3745 3746 3661 3660 
          3746 3747 3662 3661 
          3747 3748 3663 3662 
          3748 3749 3664 3663 
          3749 3750 3665 3664 
          3750 3751 3666 3665 
          3751 3752 3667 3666 
          3752 3753 3668 3667 
          3753 3754 3669 3668 
          3754 3755 3670 3669 
          3755 3756 3671 3670 
          3756 3757 3672 3671 
          3757 3758 3673 3672 
          3758 3759 3674 3673 
          3759 3760 3675 3674 
          3760 3761 3676 3675 
          3761 3762 3677 3676 
          3762 3763 3678 3677 
          3763 3764 3679 3678 
          3764 3765 3680 3679 
          3765 3766 3681 3680 
          3766 3767 3682 3681 
          3767 3768 3683 3682 
          3768 3769 3684 3683 
          3769 3770 3685 3684 
          3770 3771 3686 3685 
          3771 3772 3687 3686 
          3772 3773 3688 3687 
          3773 3774 3689 3688 
          3774 3775 3690 3689 
          3775 3776 3691 3690 
          3776 3777 3692 3691 
          3777 3778 3693 3692 
          3778 3779 3694 3693 
          3779 3780 3695 3694 
          3780 3781 3696 3695 
          3781 3782 3697 3696 
          3782 3783 3698 3697 
          3783 3784 3699 3698 
          3784 3785 3700 3699 
          3785 3786 3701 3700 
          3786 3787 3702 3701 
          3787 3788 3703 3702 
          3788 3789 3704 3703 
          3789 3790 3705 3704 
          3790 3791 3706 3705 
          3791 3792 3707 3706 
          3792 3793 3708 3707 
          3793 3794 3709 3708 
          3794 3795 3710 3709 
          3795 3796 3711 3710 
          3796 3797 3712 3711 
          3797 3798 3713 3712 
          3798 3799 3714 3713 
          3799 3800 3715 3714 
          3800 3801 3716 3715 
          3801 3802 3717 3716 
          3802 3803 3718 3717 
          3803 3804 3719 3718 
          3804 3805 3720 3719 
          3805 3806 3721 3720 
          3806 3807 3722 3721 
          3807 3808 3723 3722 
          3808 3809 3724 3723 
          3809 3810 3725 3724 
          3810 3811 3726 3725 
          3811 3812 3727 3726 
          3812 3813 3728 3727 
          3813 3814 3729 3728 
          3814 3815 3730 3729 
          3815 3816 3731 3730 
          3816 3817 3732 3731 
          3817 3818 3733 3732 
          3818 3819 3734 3733 
          3819 3820 3735 3734 
          3820 3821 3736 3735 
          3821 3822 3737 3736 
          3822 3823 3738 3737 
          3823 3824 3739 3738 
          3825 3826 3741 3740 
          3826 3827 3742 3741 
          3827 3828 3743 3742 
          3828 3829 3744 3743 
          3829 3830 3745 3744 
          3830 3831 3746 3745 
          3831 3832 3747 3746 
          3832 3833 3748 3747 
          3833 3834 3749 3748 
          3834 3835 3750 3749 
          3835 3836 3751 3750 
          3836 3837 3752 3751 
          3837 3838 3753 3752 
          3838 3839 3754 3753 
          3839 3840 3755 3754 
          3840 3841 3756 3755 
          3841 3842 3757 3756 
          3842 3843 3758 3757 
          3843 3844 3759 3758 
          3844 3845 3760 3759 
          3845 3846 3761 3760 
          3846 3847 3762 3761 
          3847 3848 3763 3762 
          3848 3849 3764 3763 
          3849 3850 3765 3764 
          3850 3851 3766 3765 
          3851 3852 3767 3766 
          3852 3853 3768 3767 
          3853 3854 3769 3768 
          3854 3855 3770 3769 
          3855 3856 3771 3770 
          3856 3857 3772 3771 
          3857 3858 3773 3772 
          3858 3859 3774 3773 
          3859 3860 3775 3774 
          3860 3861 3776 3775 
          3861 3862 3777 3776 
          3862 3863 3778 3777 
          3863 3864 3779 3778 
          3864 3865 3780 3779 
          3865 3866 3781 3780 
          3866 3867 3782 3781 
          3867 3868 3783 3782 
          3868 3869 3784 3783 
          3869 3870 3785 3784 
          3870 3871 3786 3785 
          3871 3872 3787 3786 
          3872 3873 3788 3787 
          3873 3874 3789 3788 
          3874 3875 3790 3789 
          3875 3876 3791 3790 
          3876 3877 3792 3791 
          3877 3878 3793 3792 
          3878 3879 3794 3793 
          3879 3880 3795 3794 
          3880 3881 3796 3795 
          3881 3882 3797 3796 
          3882 3883 3798 3797 
          3883 3884 3799 3798 
          3884 3885 3800 3799 
          3885 3886 3801 3800 
          3886 3887 3802 3801 
          3887 3888 3803 3802 
          3888 3889 3804 3803 
          3889 3890 3805 3804 
          3890 3891 3806 3805 
          3891 3892 3807 3806 
          3892 3893 3808 3807 
          3893 3894 3809 3808 
          3894 3895 3810 3809 
          3895 3896 3811 3810 
          3896 3897 3812 3811 
          3897 3898 3813 3812 
          3898 3899 3814 3813 
          3899 3900 3815 3814 
          3900 3901 3816 3815 
          3901 3902 3817 3816 
          3902 3903 3818 3817 
          3903 3904 3819 3818 
          3904 3905 3820 3819 
          3905 3906 3821 3820 
          3906 3907 3822 3821 
          3907 3908 3823 3822 
          3908 3909 3824 3823 
          3910 3911 3826 3825 
          3911 3912 3827 3826 
          3912 3913 3828 3827 
          3913 3914 3829 3828 
          3914 3915 3830 3829 
          3915 3916 3831 3830 
          3916 3917 3832 3831 
          3917 3918 3833 3832 
          3918 3919 3834 3833 
          3919 3920 3835 3834 
          3920 3921 3836 3835 
          3921 3922 3837 3836 
          3922 3923 3838 3837 
          3923 3924 3839 3838 
          3924 3925 3840 3839 
          3925 3926 3841 3840 
          3926 3927 3842 3841 
          3927 3928 3843 3842 
          3928 3929 3844 3843 
          3929 3930 3845 3844 
          3930 3931 3846 3845 
          3931 3932 3847 3846 
          3932 3933 3848 3847 
          3933 3934 3849 3848 
          3934 3935 3850 3849 
          3935 3936 3851 3850 
          3936 3937 3852 3851 
          3937 3938 3853 3852 
          3938 3939 3854 3853 
          3939 3940 3855 3854 
          3940 3941 3856 3855 
          3941 3942 3857 3856 
          3942 3943 3858 3857 
          3943 3944 3859 3858 
          3944 3945 3860 3859 
          3945 3946 3861 3860 
          3946 3947 3862 3861 
          3947 3948 3863 3862 
          3948 3949 3864 3863 
          3949 3950 3865 3864 
          3950 3951 3866 3865 
          3951 3952 3867 3866 
          3952 3953 3868 3867 
          3953 3954 3869 3868 
          3954 3955 3870 3869 
          3955 3956 3871 3870 
          3956 3957 3872 3871 
          3957 3958 3873 3872 
          3958 3959 3874 3873 
          3959 3960 3875 3874 
          3960 3961 3876 3875 
          3961 3962 3877 3876 
          3962 3963 3878 3877 
          3963 3964 3879 3878 
          3964 3965 3880 3879 
          3965 3966 3881 3880 
          3966 3967 3882 3881 
          3967 3968 3883 3882 
          3968 3969 3884 3883 
          3969 3970 3885 3884 
          3970 3971 3886 3885 
          3971 3972 3887 3886 
          3972 3973 3888 3887 
          3973 3974 3889 3888 
          3974 3975 3890 3889 
          3975 3976 3891 3890 
          3976 3977 3892 3891 
          3977 3978 3893 3892 
          3978 3979 3894 3893 
          3979 3980 3895 3894 
          3980 3981 3896 3895 
          3981 3982 3897 3896 
          3982 3983 3898 3897 
          3983 3984 3899 3898 
          3984 3985 3900 3899 
          3985 3986 3901 3900 
          3986 3987 3902 3901 
          3987 3988 3903 3902 
          3988 3989 3904 3903 
          3989 3990 3905 3904 
          3990 3991 3906 3905 
          3991 3992 3907 3906 
          3992 3993 3908 3907 
          3993 3994 3909 3908 
          3995 3996 3911 3910 
          3996 3997 3912 3911 
          3997 3998 3913 3912 
          3998 3999 3914 3913 
          3999 4000 3915 3914 
          4000 4001 3916 3915 
          4001 4002 3917 3916 
          4002 4003 3918 3917 
          4003 4004 3919 3918 
          4004 4005 3920 3919 
          4005 4006 3921 3920 
          4006 4007 3922 3921 
          4007 4008 3923 3922 
          4008 4009 3924 3923 
          4009 4010 3925 3924 
          4010 4011 3926 3925 
          4011 4012 3927 3926 
          4012 4013 3928 3927 
          4013 4014 3929 3928 
          4014 4015 3930 3929 
          4015 4016 3931 3930 
          4016 4017 3932 3931 
          4017 4018 3933 3932 
          4018 4019 3934 3933 
          4019 4020 3935 3934 
          4020 4021 3936 3935 
          4021 4022 3937 3936 
          4022 4023 3938 3937 
          4023 4024 3939 3938 
          4024 4025 3940 3939 
          4025 4026 3941 3940 
          4026 4027 3942 3941 
          4027 4028 3943 3942 
          4028 4029 3944 3943 
          4029 4030 3945 3944 
          4030 4031 3946 3945 
          4031 4032 3947 3946 
          4032 4033 3948 3947 
          4033 4034 3949 3948 
          4034 4035 3950 3949 
          4035 4036 3951 3950 
          4036 4037 3952 3951 
          4037 4038 3953 3952 
          4038 4039 3954 3953 
          4039 4040 3955 3954 
          4040 4041 3956 3955 
          4041 4042 3957 3956 
          4042 4043 3958 3957 
          4043 4044 3959 3958 
          4044 4045 3960 3959 
          4045 4046 3961 3960 
          4046 4047 3962 3961 
          4047 4048 3963 3962 
          4048 4049 3964 3963 
          4049 4050 3965 3964 
          4050 4051 3966 3965 
          4051 4052 3967 3966 
          4052 4053 3968 3967 
          4053 4054 3969 3968 
          4054 4055 3970 3969 
          4055 4056 3971 3970 
          4056 4057 3972 3971 
          4057 4058 3973 3972 
          4058 4059 3974 3973 
          4059 4060 3975 3974 
          4060 4061 3976 3975 
          4061 4062 3977 3976 
          4062 4063 3978 3977 
          4063 4064 3979 3978 
          4064 4065 3980 3979 
          4065 4066 3981 3980 
          4066 4067 3982 3981 
          4067 4068 3983 3982 
          4068 4069 3984 3983 
          4069 4070 3985 3984 
          4070 4071 3986 3985 
          4071 4072 3987 3986 
          4072 4073 3988 3987 
          4073 4074 3989 3988 
          4074 4075 3990 3989 
          4075 4076 3991 3990 
          4076 4077 3992 3991 
          4077 4078 3993 3992 
          4078 4079 3994 3993 
          4080 4081 3996 3995 
          4081 4082 3997 3996 
          4082 4083 3998 3997 
          4083 4084 3999 3998 
          4084 4085 4000 3999 
          4085 4086 4001 4000 
          4086 4087 4002 4001 
          4087 4088 4003 4002 
          4088 4089 4004 4003 
          4089 4090 4005 4004 
          4090 4091 4006 4005 
          4091 4092 4007 4006 
          4092 4093 4008 4007 
          4093 4094 4009 4008 
          4094 4095 4010 4009 
          4095 4096 4011 4010 
          4096 4097 4012 4011 
          4097 4098 4013 4012 
          4098 4099 4014 4013 
          4099 4100 4015 4014 
          4100 4101 4016 4015 
          4101 4102 4017 4016 
          4102 4103 4018 4017 
          4103 4104 4019 4018 
          4104 4105 4020 4019 
          4105 4106 4021 4020 
          4106 4107 4022 4021 
          4107 4108 4023 4022 
          4108 4109 4024 4023 
          4109 4110 4025 4024 
          4110 4111 4026 4025 
          4111 4112 4027 4026 
          4112 4113 4028 4027 
          4113 4114 4029 4028 
          4114 4115 4030 4029 
          4115 4116 4031 4030 
          4116 4117 4032 4031 
          4117 4118 4033 4032 
          4118 4119 4034 4033 
          4119 4120 4035 4034 
          4120 4121 4036 4035 
          4121 4122 4037 4036 
          4122 4123 4038 4037 
          4123 4124 4039 4038 
          4124 4125 4040 4039 
          4125 4126 4041 4040 
          4126 4127 4042 4041 
          4127 4128 4043 4042 
          4128 4129 4044 4043 
          4129 4130 4045 4044 
          4130 4131 4046 4045 
          4131 4132 4047 4046 
          4132 4133 4048 4047 
          4133 4134 4049 4048 
          4134 4135 4050 4049 
          4135 4136 4051 4050 
          4136 4137 4052 4051 
          4137 4138 4053 4052 
          4138 4139 4054 4053 
          4139 4140 4055 4054 
          4140 4141 4056 4055 
          4141 4142 4057 4056 
          4142 4143 4058 4057 
          4143 4144 4059 4058 
          4144 4145 4060 4059 
          4145 4146 4061 4060 
          4146 4147 4062 4061 
          4147 4148 4063 4062 
          4148 4149 4064 4063 
          4149 4150 4065 4064 
          4150 4151 4066 4065 
          4151 4152 4067 4066 
          4152 4153 4068 4067 
          4153 4154 4069 4068 
          4154 4155 4070 4069 
          4155 4156 4071 4070 
          4156 4157 4072 4071 
          4157 4158 4073 4072 
          4158 4159 4074 4073 
          4159 4160 4075 4074 
          4160 4161 4076 4075 
          4161 4162 4077 4076 
          4162 4163 4078 4077 
          4163 4164 4079 4078 
          4165 4166 4081 4080 
          4166 4167 4082 4081 
          4167 4168 4083 4082 
          4168 4169 4084 4083 
          4169 4170 4085 4084 
          4170 4171 4086 4085 
          4171 4172 4087 4086 
          4172 4173 4088 4087 
          4173 4174 4089 4088 
          4174 4175 4090 4089 
          4175 4176 4091 4090 
          4176 4177 4092 4091 
          4177 4178 4093 4092 
          4178 4179 4094 4093 
          4179 4180 4095 4094 
          4180 4181 4096 4095 
          4181 4182 4097 4096 
          4182 4183 4098 4097 
          4183 4184 4099 4098 
          4184 4185 4100 4099 
          4185 4186 4101 4100 
          4186 4187 4102 4101 
          4187 4188 4103 4102 
          4188 4189 4104 4103 
          4189 4190 4105 4104 
          4190 4191 4106 4105 
          4191 4192 4107 4106 
          4192 4193 4108 4107 
          4193 4194 4109 4108 
          4194 4195 4110 4109 
          4195 4196 4111 4110 
          4196 4197 4112 4111 
          4197 4198 4113 4112 
          4198 4199 4114 4113 
          4199 4200 4115 4114 
          4200 4201 4116 4115 
          4201 4202 4117 4116 
          4202 4203 4118 4117 
          4203 4204 4119 4118 
          4204 4205 4120 4119 
          4205 4206 4121 4120 
          4206 4207 4122 4121 
          4207 4208 4123 4122 
          4208 4209 4124 4123 
          4209 4210 4125 4124 
          4210 4211 4126 4125 
          4211 4212 4127 4126 
          4212 4213 4128 4127 
          4213 4214 4129 4128 
          4214 4215 4130 4129 
          4215 4216 4131 4130 
          4216 4217 4132 4131 
          4217 4218 4133 4132 
          4218 4219 4134 4133 
          4219 4220 4135 4134 
          4220 4221 4136 4135 
          4221 4222 4137 4136 
          4222 4223 4138 4137 
          4223 4224 4139 4138 
          4224 4225 4140 4139 
          4225 4226 4141 4140 
          4226 4227 4142 4141 
          4227 4228 4143 4142 
          4228 4229 4144 4143 
          4229 4230 4145 4144 
          4230 4231 4146 4145 
          4231 4232 4147 4146 
          4232 4233 4148 4147 
          4233 4234 4149 4148 
          4234 4235 4150 4149 
          4235 4236 4151 4150 
          4236 4237 4152 4151 
          4237 4238 4153 4152 
          4238 4239 4154 4153 
          4239 4240 4155 4154 
          4240 4241 4156 4155 
          4241 4242 4157 4156 
          4242 4243 4158 4157 
          4243 4244 4159 4158 
          4244 4245 4160 4159 
          4245 4246 4161 4160 
          4246 4247 4162 4161 
          4247 4248 4163 4162 
          4248 4249 4164 4163 
          4250 4251 4166 4165 
          4251 4252 4167 4166 
          4252 4253 4168 4167 
          4253 4254 4169 4168 
          4254 4255 4170 4169 
          4255 4256 4171 4170 
          4256 4257 4172 4171 
          4257 4258 4173 4172 
          4258 4259 4174 4173 
          4259 4260 4175 4174 
          4260 4261 4176 4175 
          4261 4262 4177 4176 
          4262 4263 4178 4177 
          4263 4264 4179 4178 
          4264 4265 4180 4179 
          4265 4266 4181 4180 
          4266 4267 4182 4181 
          4267 4268 4183 4182 
          4268 4269 4184 4183 
          4269 4270 4185 4184 
          4270 4271 4186 4185 
          4271 4272 4187 4186 
          4272 4273 4188 4187 
          4273 4274 4189 4188 
          4274 4275 4190 4189 
          4275 4276 4191 4190 
          4276 4277 4192 4191 
          4277 4278 4193 4192 
          4278 4279 4194 4193 
          4279 4280 4195 4194 
          4280 4281 4196 4195 
          4281 4282 4197 4196 
          4282 4283 4198 4197 
          4283 4284 4199 4198 
          4284 4285 4200 4199 
          4285 4286 4201 4200 
          4286 4287 4202 4201 
          4287 4288 4203 4202 
          4288 4289 4204 4203 
          4289 4290 4205 4204 
          4290 4291 4206 4205 
          4291 4292 4207 4206 
          4292 4293 4208 4207 
          4293 4294 4209 4208 
          4294 4295 4210 4209 
          4295 4296 4211 4210 
          4296 4297 4212 4211 
          4297 4298 4213 4212 
          4298 4299 4214 4213 
          4299 4300 4215 4214 
          4300 4301 4216 4215 
          4301 4302 4217 4216 
          4302 4303 4218 4217 
          4303 4304 4219 4218 
          4304 4305 4220 4219 
          4305 4306 4221 4220 
          4306 4307 4222 4221 
          4307 4308 4223 4222 
          4308 4309 4224 4223 
          4309 4310 4225 4224 
          4310 4311 4226 4225 
          4311 4312 4227 4226 
          4312 4313 4228 4227 
          4313 4314 4229 4228 
          4314 4315 4230 4229 
          4315 4316 4231 4230 
          4316 4317 4232 4231 
          4317 4318 4233 4232 
          4318 4319 4234 4233 
          4319 4320 4235 4234 
          4320 4321 4236 4235 
          4321 4322 4237 4236 
          4322 4323 4238 4237 
          4323 4324 4239 4238 
          4324 4325 4240 4239 
          4325 4326 4241 4240 
          4326 4327 4242 4241 
          4327 4328 4243 4242 
          4328 4329 4244 4243 
          4329 4330 4245 4244 
          4330 4331 4246 4245 
          4331 4332 4247 4246 
          4332 4333 4248 4247 
          4333 4334 4249 4248 
          4335 4336 4251 4250 
          4336 4337 4252 4251 
          4337 4338 4253 4252 
          4338 4339 4254 4253 
          4339 4340 4255 4254 
          4340 4341 4256 4255 
          4341 4342 4257 4256 
          4342 4343 4258 4257 
          4343 4344 4259 4258 
          4344 4345 4260 4259 
          4345 4346 4261 4260 
          4346 4347 4262 4261 
          4347 4348 4263 4262 
          4348 4349 4264 4263 
          4349 4350 4265 4264 
          4350 4351 4266 4265 
          4351 4352 4267 4266 
          4352 4353 4268 4267 
          4353 4354 4269 4268 
          4354 4355 4270 4269 
          4355 4356 4271 4270 
          4356 4357 4272 4271 
          4357 4358 4273 4272 
          4358 4359 4274 4273 
          4359 4360 4275 4274 
          4360 4361 4276 4275 
          4361 4362 4277 4276 
          4362 4363 4278 4277 
          4363 4364 4279 4278 
          4364 4365 4280 4279 
          4365 4366 4281 4280 
          4366 4367 4282 4281 
          4367 4368 4283 4282 
          4368 4369 4284 4283 
          4369 4370 4285 4284 
          4370 4371 4286 4285 
          4371 4372 4287 4286 
          4372 4373 4288 4287 
          4373 4374 4289 4288 
          4374 4375 4290 4289 
          4375 4376 4291 4290 
          4376 4377 4292 4291 
          4377 4378 4293 4292 
          4378 4379 4294 4293 
          4379 4380 4295 4294 
          4380 4381 4296 4295 
          4381 4382 4297 4296 
          4382 4383 4298 4297 
          4383 4384 4299 4298 
          4384 4385 4300 4299 
          4385 4386 4301 4300 
          4386 4387 4302 4301 
          4387 4388 4303 4302 
          4388 4389 4304 4303 
          4389 4390 4305 4304 
          4390 4391 4306 4305 
          4391 4392 4307 4306 
          4392 4393 4308 4307 
          4393 4394 4309 4308 
          4394 4395 4310 4309 
          4395 4396 4311 4310 
          4396 4397 4312 4311 
          4397 4398 4313 4312 
          4398 4399 4314 4313 
          4399 4400 4315 4314 
          4400 4401 4316 4315 
          4401 4402 4317 4316 
          4402 4403 4318 4317 
          4403 4404 4319 4318 
          4404 4405 4320 4319 
          4405 4406 4321 4320 
          4406 4407 4322 4321 
          4407 4408 4323 4322 
          4408 4409 4324 4323 
          4409 4410 4325 4324 
          4410 4411 4326 4325 
          4411 4412 4327 4326 
          4412 4413 4328 4327 
          4413 4414 4329 4328 
          4414 4415 4330 4329 
          4415 4416 4331 4330 
          4416 4417 4332 4331 
          4417 4418 4333 4332 
          4418 4419 4334 4333 
          4420 4421 4336 4335 
          4421 4422 4337 4336 
          4422 4423 4338 4337 
          4423 4424 4339 4338 
          4424 4425 4340 4339 
          4425 4426 4341 4340 
          4426 4427 4342 4341 
          4427 4428 4343 4342 
          4428 4429 4344 4343 
          4429 4430 4345 4344 
          4430 4431 4346 4345 
          4431 4432 4347 4346 
          4432 4433 4348 4347 
          4433 4434 4349 4348 
          4434 4435 4350 4349 
          4435 4436 4351 4350 
          4436 4437 4352 4351 
          4437 4438 4353 4352 
          4438 4439 4354 4353 
          4439 4440 4355 4354 
          4440 4441 4356 4355 
          4441 4442 4357 4356 
          4442 4443 4358 4357 
          4443 4444 4359 4358 
          4444 4445 4360 4359 
          4445 4446 4361 4360 
          4446 4447 4362 4361 
          4447 4448 4363 4362 
          4448 4449 4364 4363 
          4449 4450 4365 4364 
          4450 4451 4366 4365 
          4451 4452 4367 4366 
          4452 4453 4368 4367 
          4453 4454 4369 4368 
          4454 4455 4370 4369 
          4455 4456 4371 4370 
          4456 4457 4372 4371 
          4457 4458 4373 4372 
          4458 4459 4374 4373 
          4459 4460 4375 4374 
          4460 4461 4376 4375 
          4461 4462 4377 4376 
          4462 4463 4378 4377 
          4463 4464 4379 4378 
          4464 4465 4380 4379 
          4465 4466 4381 4380 
          4466 4467 4382 4381 
          4467 4468 4383 4382 
          4468 4469 4384 4383 
          4469 4470 4385 4384 
          4470 4471 4386 4385 
          4471 4472 4387 4386 
          4472 4473 4388 4387 
          4473 4474 4389 4388 
          4474 4475 4390 4389 
          4475 4476 4391 4390 
          4476 4477 4392 4391 
          4477 4478 4393 4392 
          4478 4479 4394 4393 
          4479 4480 4395 4394 
          4480 4481 4396 4395 
          4481 4482 4397 4396 
          4482 4483 4398 4397 
          4483 4484 4399 4398 
          4484 4485 4400 4399 
          4485 4486 4401 4400 
          4486 4487 4402 4401 
          4487 4488 4403 4402 
          4488 4489 4404 4403 
          4489 4490 4405 4404 
          4490 4491 4406 4405 
          4491 4492 4407 4406 
          4492 4493 4408 4407 
          4493 4494 4409 4408 
          4494 4495 4410 4409 
          4495 4496 4411 4410 
          4496 4497 4412 4411 
          4497 4498 4413 4412 
          4498 4499 4414 4413 
          4499 4500 4415 4414 
          4500 4501 4416 4415 
          4501 4502 4417 4416 
          4502 4503 4418 4417 
          4503 4504 4419 4418 
          4505 4506 4421 4420 
          4506 4507 4422 4421 
          4507 4508 4423 4422 
          4508 4509 4424 4423 
          4509 4510 4425 4424 
          4510 4511 4426 4425 
          4511 4512 4427 4426 
          4512 4513 4428 4427 
          4513 4514 4429 4428 
          4514 4515 4430 4429 
          4515 4516 4431 4430 
          4516 4517 4432 4431 
          4517 4518 4433 4432 
          4518 4519 4434 4433 
          4519 4520 4435 4434 
          4520 4521 4436 4435 
          4521 4522 4437 4436 
          4522 4523 4438 4437 
          4523 4524 4439 4438 
          4524 4525 4440 4439 
          4525 4526 4441 4440 
          4526 4527 4442 4441 
          4527 4528 4443 4442 
          4528 4529 4444 4443 
          4529 4530 4445 4444 
          4530 4531 4446 4445 
          4531 4532 4447 4446 
          4532 4533 4448 4447 
          4533 4534 4449 4448 
          4534 4535 4450 4449 
          4535 4536 4451 4450 
          4536 4537 4452 4451 
          4537 4538 4453 4452 
          4538 4539 4454 4453 
          4539 4540 4455 4454 
          4540 4541 4456 4455 
          4541 4542 4457 4456 
          4542 4543 4458 4457 
          4543 4544 4459 4458 
          4544 4545 4460 4459 
          4545 4546 4461 4460 
          4546 4547 4462 4461 
          4547 4548 4463 4462 
          4548 4549 4464 4463 
          4549 4550 4465 4464 
          4550 4551 4466 4465 
          4551 4552 4467 4466 
          4552 4553 4468 4467 
          4553 4554 4469 4468 
          4554 4555 4470 4469 
          4555 4556 4471 4470 
          4556 4557 4472 4471 
          4557 4558 4473 4472 
          4558 4559 4474 4473 
          4559 4560 4475 4474 
          4560 4561 4476 4475 
          4561 4562 4477 4476 
          4562 4563 4478 4477 
          4563 4564 4479 4478 
          4564 4565 4480 4479 
          4565 4566 4481 4480 
          4566 4567 4482 4481 
          4567 4568 4483 4482 
          4568 4569 4484 4483 
          4569 4570 4485 4484 
          4570 4571 4486 4485 
          4571 4572 4487 4486 
          4572 4573 4488 4487 
          4573 4574 4489 4488 
          4574 4575 4490 4489 
          4575 4576 4491 4490 
          4576 4577 4492 4491 
          4577 4578 4493 4492 
          4578 4579 4494 4493 
          4579 4580 4495 4494 
          4580 4581 4496 4495 
          4581 4582 4497 4496 
          4582 4583 4498 4497 
          4583 4584 4499 4498 
          4584 4585 4500 4499 
          4585 4586 4501 4500 
          4586 4587 4502 4501 
          4587 4588 4503 4502 
          4588 4589 4504 4503 
          4590 4591 4506 4505 
          4591 4592 4507 4506 
          4592 4593 4508 4507 
          4593 4594 4509 4508 
          4594 4595 4510 4509 
          4595 4596 4511 4510 
          4596 4597 4512 4511 
          4597 4598 4513 4512 
          4598 4599 4514 4513 
          4599 4600 4515 4514 
          4600 4601 4516 4515 
          4601 4602 4517 4516 
          4602 4603 4518 4517 
          4603 4604 4519 4518 
          4604 4605 4520 4519 
          4605 4606 4521 4520 
          4606 4607 4522 4521 
          4607 4608 4523 4522 
          4608 4609 4524 4523 
          4609 4610 4525 4524 
          4610 4611 4526 4525 
          4611 4612 4527 4526 
          4612 4613 4528 4527 
          4613 4614 4529 4528 
          4614 4615 4530 4529 
          4615 4616 4531 4530 
          4616 4617 4532 4531 
          4617 4618 4533 4532 
          4618 4619 4534 4533 
          4619 4620 4535 4534 
          4620 4621 4536 4535 
          4621 4622 4537 4536 
          4622 4623 4538 4537 
          4623 4624 4539 4538 
          4624 4625 4540 4539 
          4625 4626 4541 4540 
          4626 4627 4542 4541 
          4627 4628 4543 4542 
          4628 4629 4544 4543 
          4629 4630 4545 4544 
          4630 4631 4546 4545 
          4631 4632 4547 4546 
          4632 4633 4548 4547 
          4633 4634 4549 4548 
          4634 4635 4550 4549 
          4635 4636 4551 4550 
          4636 4637 4552 4551 
          4637 4638 4553 4552 
          4638 4639 4554 4553 
          4639 4640 4555 4554 
          4640 4641 4556 4555 
          4641 4642 4557 4556 
          4642 4643 4558 4557 
          4643 4644 4559 4558 
          4644 4645 4560 4559 
          4645 4646 4561 4560 
          4646 4647 4562 4561 
          4647 4648 4563 4562 
          4648 4649 4564 4563 
          4649 4650 4565 4564 
          4650 4651 4566 4565 
          4651 4652 4567 4566 
          4652 4653 4568 4567 
          4653 4654 4569 4568 
          4654 4655 4570 4569 
          4655 4656 4571 4570 
          4656 4657 4572 4571 
          4657 4658 4573 4572 
          4658 4659 4574 4573 
          4659 4660 4575 4574 
          4660 4661 4576 4575 
          4661 4662 4577 4576 
          4662 4663 4578 4577 
          4663 4664 4579 4578 
          4664 4665 4580 4579 
          4665 4666 4581 4580 
          4666 4667 4582 4581 
          4667 4668 4583 4582 
          4668 4669 4584 4583 
          4669 4670 4585 4584 
          4670 4671 4586 4585 
          4671 4672 4587 4586 
          4672 4673 4588 4587 
          4673 4674 4589 4588 
          4675 4676 4591 4590 
          4676 4677 4592 4591 
          4677 4678 4593 4592 
          4678 4679 4594 4593 
          4679 4680 4595 4594 
          4680 4681 4596 4595 
          4681 4682 4597 4596 
          4682 4683 4598 4597 
          4683 4684 4599 4598 
          4684 4685 4600 4599 
          4685 4686 4601 4600 
          4686 4687 4602 4601 
          4687 4688 4603 4602 
          4688 4689 4604 4603 
          4689 4690 4605 4604 
          4690 4691 4606 4605 
          4691 4692 4607 4606 
          4692 4693 4608 4607 
          4693 4694 4609 4608 
          4694 4695 4610 4609 
          4695 4696 4611 4610 
          4696 4697 4612 4611 
          4697 4698 4613 4612 
          4698 4699 4614 4613 
          4699 4700 4615 4614 
          4700 4701 4616 4615 
          4701 4702 4617 4616 
          4702 4703 4618 4617 
          4703 4704 4619 4618 
          4704 4705 4620 4619 
          4705 4706 4621 4620 
          4706 4707 4622 4621 
          4707 4708 4623 4622 
          4708 4709 4624 4623 
          4709 4710 4625 4624 
          4710 4711 4626 4625 
          4711 4712 4627 4626 
          4712 4713 4628 4627 
          4713 4714 4629 4628 
          4714 4715 4630 4629 
          4715 4716 4631 4630 
          4716 4717 4632 4631 
          4717 4718 4633 4632 
          4718 4719 4634 4633 
          4719 4720 4635 4634 
          4720 4721 4636 4635 
          4721 4722 4637 4636 
          4722 4723 4638 4637 
          4723 4724 4639 4638 
          4724 4725 4640 4639 
          4725 4726 4641 4640 
          4726 4727 4642 4641 
          4727 4728 4643 4642 
          4728 4729 4644 4643 
          4729 4730 4645 4644 
          4730 4731 4646 4645 
          4731 4732 4647 4646 
          4732 4733 4648 4647 
          4733 4734 4649 4648 
          4734 4735 4650 4649 
          4735 4736 4651 4650 
          4736 4737 4652 4651 
          4737 4738 4653 4652 
          4738 4739 4654 4653 
          4739 4740 4655 4654 
          4740 4741 4656 4655 
          4741 4742 4657 4656 
          4742 4743 4658 4657 
          4743 4744 4659 4658 
          4744 4745 4660 4659 
          4745 4746 4661 4660 
          4746 4747 4662 4661 
          4747 4748 4663 4662 
          4748 4749 4664 4663 
          4749 4750 4665 4664 
          4750 4751 4666 4665 
          4751 4752 4667 4666 
          4752 4753 4668 4667 
          4753 4754 4669 4668 
          4754 4755 4670 4669 
          4755 4756 4671 4670 
          4756 4757 4672 4671 
          4757 4758 4673 4672 
          4758 4759 4674 4673 
          4760 4761 4676 4675 
          4761 4762 4677 4676 
          4762 4763 4678 4677 
          4763 4764 4679 4678 
          4764 4765 4680 4679 
          4765 4766 4681 4680 
          4766 4767 4682 4681 
          4767 4768 4683 4682 
          4768 4769 4684 4683 
          4769 4770 4685 4684 
          4770 4771 4686 4685 
          4771 4772 4687 4686 
          4772 4773 4688 4687 
          4773 4774 4689 4688 
          4774 4775 4690 4689 
          4775 4776 4691 4690 
          4776 4777 4692 4691 
          4777 4778 4693 4692 
          4778 4779 4694 4693 
          4779 4780 4695 4694 
          4780 4781 4696 4695 
          4781 4782 4697 4696 
          4782 4783 4698 4697 
          4783 4784 4699 4698 
          4784 4785 4700 4699 
          4785 4786 4701 4700 
          4786 4787 4702 4701 
          4787 4788 4703 4702 
          4788 4789 4704 4703 
          4789 4790 4705 4704 
          4790 4791 4706 4705 
          4791 4792 4707 4706 
          4792 4793 4708 4707 
          4793 4794 4709 4708 
          4794 4795 4710 4709 
          4795 4796 4711 4710 
          4796 4797 4712 4711 
          4797 4798 4713 4712 
          4798 4799 4714 4713 
          4799 4800 4715 4714 
          4800 4801 4716 4715 
          4801 4802 4717 4716 
          4802 4803 4718 4717 
          4803 4804 4719 4718 
          4804 4805 4720 4719 
          4805 4806 4721 4720 
          4806 4807 4722 4721 
          4807 4808 4723 4722 
          4808 4809 4724 4723 
          4809 4810 4725 4724 
          4810 4811 4726 4725 
          4811 4812 4727 4726 
          4812 4813 4728 4727 
          4813 4814 4729 4728 
          4814 4815 4730 4729 
          4815 4816 4731 4730 
          4816 4817 4732 4731 
          4817 4818 4733 4732 
          4818 4819 4734 4733 
          4819 4820 4735 4734 
          4820 4821 4736 4735 
          4821 4822 4737 4736 
          4822 4823 4738 4737 
          4823 4824 4739 4738 
          4824 4825 4740 4739 
          4825 4826 4741 4740 
          4826 4827 4742 4741 
          4827 4828 4743 4742 
          4828 4829 4744 4743 
          4829 4830 4745 4744 
          4830 4831 4746 4745 
          4831 4832 4747 4746 
          4832 4833 4748 4747 
          4833 4834 4749 4748 
          4834 4835 4750 4749 
          4835 4836 4751 4750 
          4836 4837 4752 4751 
          4837 4838 4753 4752 
          4838 4839 4754 4753 
          4839 4840 4755 4754 
          4840 4841 4756 4755 
          4841 4842 4757 4756 
          4842 4843 4758 4757 
          4843 4844 4759 4758 
          4845 4846 4761 4760 
          4846 4847 4762 4761 
          4847 4848 4763 4762 
          4848 4849 4764 4763 
          4849 4850 4765 4764 
          4850 4851 4766 4765 
          4851 4852 4767 4766 
          4852 4853 4768 4767 
          4853 4854 4769 4768 
          4854 4855 4770 4769 
          4855 4856 4771 4770 
          4856 4857 4772 4771 
          4857 4858 4773 4772 
          4858 4859 4774 4773 
          4859 4860 4775 4774 
          4860 4861 4776 4775 
          4861 4862 4777 4776 
          4862 4863 4778 4777 
          4863 4864 4779 4778 
          4864 4865 4780 4779 
          4865 4866 4781 4780 
          4866 4867 4782 4781 
          4867 4868 4783 4782 
          4868 4869 4784 4783 
          4869 4870 4785 4784 
          4870 4871 4786 4785 
          4871 4872 4787 4786 
          4872 4873 4788 4787 
          4873 4874 4789 4788 
          4874 4875 4790 4789 
          4875 4876 4791 4790 
          4876 4877 4792 4791 
          4877 4878 4793 4792 
          4878 4879 4794 4793 
          4879 4880 4795 4794 
          4880 4881 4796 4795 
          4881 4882 4797 4796 
          4882 4883 4798 4797 
          4883 4884 4799 4798 
          4884 4885 4800 4799 
          4885 4886 4801 4800 
          4886 4887 4802 4801 
          4887 4888 4803 4802 
          4888 4889 4804 4803 
          4889 4890 4805 4804 
          4890 4891 4806 4805 
          4891 4892 4807 4806 
          4892 4893 4808 4807 
          4893 4894 4809 4808 
          4894 4895 4810 4809 
          4895 4896 4811 4810 
          4896 4897 4812 4811 
          4897 4898 4813 4812 
          4898 4899 4814 4813 
          4899 4900 4815 4814 
          4900 4901 4816 4815 
          4901 4902 4817 4816 
          4902 4903 4818 4817 
          4903 4904 4819 4818 
          4904 4905 4820 4819 
          4905 4906 4821 4820 
          4906 4907 4822 4821 
          4907 4908 4823 4822 
          4908 4909 4824 4823 
          4909 4910 4825 4824 
          4910 4911 4826 4825 
          4911 4912 4827 4826 
          4912 4913 4828 4827 
          4913 4914 4829 4828 
          4914 4915 4830 4829 
          4915 4916 4831 4830 
          4916 4917 4832 4831 
          4917 4918 4833 4832 
          4918 4919 4834 4833 
          4919 4920 4835 4834 
          4920 4921 4836 4835 
          4921 4922 4837 4836 
          4922 4923 4838 4837 
          4923 4924 4839 4838 
          4924 4925 4840 4839 
          4925 4926 4841 4840 
          4926 4927 4842 4841 
          4927 4928 4843 4842 
          4928 4929 4844 4843 
          4930 4931 4846 4845 
          4931 4932 4847 4846 
          4932 4933 4848 4847 
          4933 4934 4849 4848 
          4934 4935 4850 4849 
          4935 4936 4851 4850 
          4936 4937 4852 4851 
          4937 4938 4853 4852 
          4938 4939 4854 4853 
          4939 4940 4855 4854 
          4940 4941 4856 4855 
          4941 4942 4857 4856 
          4942 4943 4858 4857 
          4943 4944 4859 4858 
          4944 4945 4860 4859 
          4945 4946 4861 4860 
          4946 4947 4862 4861 
          4947 4948 4863 4862 
          4948 4949 4864 4863 
          4949 4950 4865 4864 
          4950 4951 4866 4865 
          4951 4952 4867 4866 
          4952 4953 4868 4867 
          4953 4954 4869 4868 
          4954 4955 4870 4869 
          4955 4956 4871 4870 
          4956 4957 4872 4871 
          4957 4958 4873 4872 
          4958 4959 4874 4873 
          4959 4960 4875 4874 
          4960 4961 4876 4875 
          4961 4962 4877 4876 
          4962 4963 4878 4877 
          4963 4964 4879 4878 
          4964 4965 4880 4879 
          4965 4966 4881 4880 
          4966 4967 4882 4881 
          4967 4968 4883 4882 
          4968 4969 4884 4883 
          4969 4970 4885 4884 
          4970 4971 4886 4885 
          4971 4972 4887 4886 
          4972 4973 4888 4887 
          4973 4974 4889 4888 
          4974 4975 4890 4889 
          4975 4976 4891 4890 
          4976 4977 4892 4891 
          4977 4978 4893 4892 
          4978 4979 4894 4893 
          4979 4980 4895 4894 
          4980 4981 4896 4895 
          4981 4982 4897 4896 
          4982 4983 4898 4897 
          4983 4984 4899 4898 
          4984 4985 4900 4899 
          4985 4986 4901 4900 
          4986 4987 4902 4901 
          4987 4988 4903 4902 
          4988 4989 4904 4903 
          4989 4990 4905 4904 
          4990 4991 4906 4905 
          4991 4992 4907 4906 
          4992 4993 4908 4907 
          4993 4994 4909 4908 
          4994 4995 4910 4909 
          4995 4996 4911 4910 
          4996 4997 4912 4911 
          4997 4998 4913 4912 
          4998 4999 4914 4913 
          4999 5000 4915 4914 
          5000 5001 4916 4915 
          5001 5002 4917 4916 
          5002 5003 4918 4917 
          5003 5004 4919 4918 
          5004 5005 4920 4919 
          5005 5006 4921 4920 
          5006 5007 4922 4921 
          5007 5008 4923 4922 
          5008 5009 4924 4923 
          5009 5010 4925 4924 
          5010 5011 4926 4925 
          5011 5012 4927 4926 
          5012 5013 4928 4927 
          5013 5014 4929 4928 
          5015 5016 4931 4930 
          5016 5017 4932 4931 
          5017 5018 4933 4932 
          5018 5019 4934 4933 
          5019 5020 4935 4934 
          5020 5021 4936 4935 
          5021 5022 4937 4936 
          5022 5023 4938 4937 
          5023 5024 4939 4938 
          5024 5025 4940 4939 
          5025 5026 4941 4940 
          5026 5027 4942 4941 
          5027 5028 4943 4942 
          5028 5029 4944 4943 
          5029 5030 4945 4944 
          5030 5031 4946 4945 
          5031 5032 4947 4946 
          5032 5033 4948 4947 
          5033 5034 4949 4948 
          5034 5035 4950 4949 
          5035 5036 4951 4950 
          5036 5037 4952 4951 
          5037 5038 4953 4952 
          5038 5039 4954 4953 
          5039 5040 4955 4954 
          5040 5041 4956 4955 
          5041 5042 4957 4956 
          5042 5043 4958 4957 
          5043 5044 4959 4958 
          5044 5045 4960 4959 
          5045 5046 4961 4960 
          5046 5047 4962 4961 
          5047 5048 4963 4962 
          5048 5049 4964 4963 
          5049 5050 4965 4964 
          5050 5051 4966 4965 
          5051 5052 4967 4966 
          5052 5053 4968 4967 
          5053 5054 4969 4968 
          5054 5055 4970 4969 
          5055 5056 4971 4970 
          5056 5057 4972 4971 
          5057 5058 4973 4972 
          5058 5059 4974 4973 
          5059 5060 4975 4974 
          5060 5061 4976 4975 
          5061 5062 4977 4976 
          5062 5063 4978 4977 
          5063 5064 4979 4978 
          5064 5065 4980 4979 
          5065 5066 4981 4980 
          5066 5067 4982 4981 
          5067 5068 4983 4982 
          5068 5069 4984 4983 
          5069 5070 4985 4984 
          5070 5071 4986 4985 
          5071 5072 4987 4986 
          5072 5073 4988 4987 
          5073 5074 4989 4988 
          5074 5075 4990 4989 
          5075 5076 4991 4990 
          5076 5077 4992 4991 
          5077 5078 4993 4992 
          5078 5079 4994 4993 
          5079 5080 4995 4994 
          5080 5081 4996 4995 
          5081 5082 4997 4996 
          5082 5083 4998 4997 
          5083 5084 4999 4998 
          5084 5085 5000 4999 
          5085 5086 5001 5000 
          5086 5087 5002 5001 
          5087 5088 5003 5002 
          5088 5089 5004 5003 
          5089 5090 5005 5004 
          5090 5091 5006 5005 
          5091 5092 5007 5006 
          5092 5093 5008 5007 
          5093 5094 5009 5008 
          5094 5095 5010 5009 
          5095 5096 5011 5010 
          5096 5097 5012 5011 
          5097 5098 5013 5012 
          5098 5099 5014 5013 
          5100 5101 5016 5015 
          5101 5102 5017 5016 
          5102 5103 5018 5017 
          5103 5104 5019 5018 
          5104 5105 5020 5019 
          5105 5106 5021 5020 
          5106 5107 5022 5021 
          5107 5108 5023 5022 
          5108 5109 5024 5023 
          5109 5110 5025 5024 
          5110 5111 5026 5025 
          5111 5112 5027 5026 
          5112 5113 5028 5027 
          5113 5114 5029 5028 
          5114 5115 5030 5029 
          5115 5116 5031 5030 
          5116 5117 5032 5031 
          5117 5118 5033 5032 
          5118 5119 5034 5033 
          5119 5120 5035 5034 
          5120 5121 5036 5035 
          5121 5122 5037 5036 
          5122 5123 5038 5037 
          5123 5124 5039 5038 
          5124 5125 5040 5039 
          5125 5126 5041 5040 
          5126 5127 5042 5041 
          5127 5128 5043 5042 
          5128 5129 5044 5043 
          5129 5130 5045 5044 
          5130 5131 5046 5045 
          5131 5132 5047 5046 
          5132 5133 5048 5047 
          5133 5134 5049 5048 
          5134 5135 5050 5049 
          5135 5136 5051 5050 
          5136 5137 5052 5051 
          5137 5138 5053 5052 
          5138 5139 5054 5053 
          5139 5140 5055 5054 
          5140 5141 5056 5055 
          5141 5142 5057 5056 
          5142 5143 5058 5057 
          5143 5144 5059 5058 
          5144 5145 5060 5059 
          5145 5146 5061 5060 
          5146 5147 5062 5061 
          5147 5148 5063 5062 
          5148 5149 5064 5063 
          5149 5150 5065 5064 
          5150 5151 5066 5065 
          5151 5152 5067 5066 
          5152 5153 5068 5067 
          5153 5154 5069 5068 
          5154 5155 5070 5069 
          5155 5156 5071 5070 
          5156 5157 5072 5071 
          5157 5158 5073 5072 
          5158 5159 5074 5073 
          5159 5160 5075 5074 
          5160 5161 5076 5075 
          5161 5162 5077 5076 
          5162 5163 5078 5077 
          5163 5164 5079 5078 
          5164 5165 5080 5079 
          5165 5166 5081 5080 
          5166 5167 5082 5081 
          5167 5168 5083 5082 
          5168 5169 5084 5083 
          5169 5170 5085 5084 
          5170 5171 5086 5085 
          5171 5172 5087 5086 
          5172 5173 5088 5087 
          5173 5174 5089 5088 
          5174 5175 5090 5089 
          5175 5176 5091 5090 
          5176 5177 5092 5091 
          5177 5178 5093 5092 
          5178 5179 5094 5093 
          5179 5180 5095 5094 
          5180 5181 5096 5095 
          5181 5182 5097 5096 
          5182 5183 5098 5097 
          5183 5184 5099 5098 
          5185 5186 5101 5100 
          5186 5187 5102 5101 
          5187 5188 5103 5102 
          5188 5189 5104 5103 
          5189 5190 5105 5104 
          5190 5191 5106 5105 
          5191 5192 5107 5106 
          5192 5193 5108 5107 
          5193 5194 5109 5108 
          5194 5195 5110 5109 
          5195 5196 5111 5110 
          5196 5197 5112 5111 
          5197 5198 5113 5112 
          5198 5199 5114 5113 
          5199 5200 5115 5114 
          5200 5201 5116 5115 
          5201 5202 5117 5116 
          5202 5203 5118 5117 
          5203 5204 5119 5118 
          5204 5205 5120 5119 
          5205 5206 5121 5120 
          5206 5207 5122 5121 
          5207 5208 5123 5122 
          5208 5209 5124 5123 
          5209 5210 5125 5124 
          5210 5211 5126 5125 
          5211 5212 5127 5126 
          5212 5213 5128 5127 
          5213 5214 5129 5128 
          5214 5215 5130 5129 
          5215 5216 5131 5130 
          5216 5217 5132 5131 
          5217 5218 5133 5132 
          5218 5219 5134 5133 
          5219 5220 5135 5134 
          5220 5221 5136 5135 
          5221 5222 5137 5136 
          5222 5223 5138 5137 
          5223 5224 5139 5138 
          5224 5225 5140 5139 
          5225 5226 5141 5140 
          5226 5227 5142 5141 
          5227 5228 5143 5142 
          5228 5229 5144 5143 
          5229 5230 5145 5144 
          5230 5231 5146 5145 
          5231 5232 5147 5146 
          5232 5233 5148 5147 
          5233 5234 5149 5148 
          5234 5235 5150 5149 
          5235 5236 5151 5150 
          5236 5237 5152 5151 
          5237 5238 5153 5152 
          5238 5239 5154 5153 
          5239 5240 5155 5154 
          5240 5241 5156 5155 
          5241 5242 5157 5156 
          5242 5243 5158 5157 
          5243 5244 5159 5158 
          5244 5245 5160 5159 
          5245 5246 5161 5160 
          5246 5247 5162 5161 
          5247 5248 5163 5162 
          5248 5249 5164 5163 
          5249 5250 5165 5164 
          5250 5251 5166 5165 
          5251 5252 5167 5166 
          5252 5253 5168 5167 
          5253 5254 5169 5168 
          5254 5255 5170 5169 
          5255 5256 5171 5170 
          5256 5257 5172 5171 
          5257 5258 5173 5172 
          5258 5259 5174 5173 
          5259 5260 5175 5174 
          5260 5261 5176 5175 
          5261 5262 5177 5176 
          5262 5263 5178 5177 
          5263 5264 5179 5178 
          5264 5265 5180 5179 
          5265 5266 5181 5180 
          5266 5267 5182 5181 
          5267 5268 5183 5182 
          5268 5269 5184 5183 
          5270 5271 5186 5185 
          5271 5272 5187 5186 
          5272 5273 5188 5187 
          5273 5274 5189 5188 
          5274 5275 5190 5189 
          5275 5276 5191 5190 
          5276 5277 5192 5191 
          5277 5278 5193 5192 
          5278 5279 5194 5193 
          5279 5280 5195 5194 
          5280 5281 5196 5195 
          5281 5282 5197 5196 
          5282 5283 5198 5197 
          5283 5284 5199 5198 
          5284 5285 5200 5199 
          5285 5286 5201 5200 
          5286 5287 5202 5201 
          5287 5288 5203 5202 
          5288 5289 5204 5203 
          5289 5290 5205 5204 
          5290 5291 5206 5205 
          5291 5292 5207 5206 
          5292 5293 5208 5207 
          5293 5294 5209 5208 
          5294 5295 5210 5209 
          5295 5296 5211 5210 
          5296 5297 5212 5211 
          5297 5298 5213 5212 
          5298 5299 5214 5213 
          5299 5300 5215 5214 
          5300 5301 5216 5215 
          5301 5302 5217 5216 
          5302 5303 5218 5217 
          5303 5304 5219 5218 
          5304 5305 5220 5219 
          5305 5306 5221 5220 
          5306 5307 5222 5221 
          5307 5308 5223 5222 
          5308 5309 5224 5223 
          5309 5310 5225 5224 
          5310 5311 5226 5225 
          5311 5312 5227 5226 
          5312 5313 5228 5227 
          5313 5314 5229 5228 
          5314 5315 5230 5229 
          5315 5316 5231 5230 
          5316 5317 5232 5231 
          5317 5318 5233 5232 
          5318 5319 5234 5233 
          5319 5320 5235 5234 
          5320 5321 5236 5235 
          5321 5322 5237 5236 
          5322 5323 5238 5237 
          5323 5324 5239 5238 
          5324 5325 5240 5239 
          5325 5326 5241 5240 
          5326 5327 5242 5241 
          5327 5328 5243 5242 
          5328 5329 5244 5243 
          5329 5330 5245 5244 
          5330 5331 5246 5245 
          5331 5332 5247 5246 
          5332 5333 5248 5247 
          5333 5334 5249 5248 
          5334 5335 5250 5249 
          5335 5336 5251 5250 
          5336 5337 5252 5251 
          5337 5338 5253 5252 
          5338 5339 5254 5253 
          5339 5340 5255 5254 
          5340 5341 5256 5255 
          5341 5342 5257 5256 
          5342 5343 5258 5257 
          5343 5344 5259 5258 
          5344 5345 5260 5259 
          5345 5346 5261 5260 
          5346 5347 5262 5261 
          5347 5348 5263 5262 
          5348 5349 5264 5263 
          5349 5350 5265 5264 
          5350 5351 5266 5265 
          5351 5352 5267 5266 
          5352 5353 5268 5267 
          5353 5354 5269 5268 
          5355 5356 5271 5270 
          5356 5357 5272 5271 
          5357 5358 5273 5272 
          5358 5359 5274 5273 
          5359 5360 5275 5274 
          5360 5361 5276 5275 
          5361 5362 5277 5276 
          5362 5363 5278 5277 
          5363 5364 5279 5278 
          5364 5365 5280 5279 
          5365 5366 5281 5280 
          5366 5367 5282 5281 
          5367 5368 5283 5282 
          5368 5369 5284 5283 
          5369 5370 5285 5284 
          5370 5371 5286 5285 
          5371 5372 5287 5286 
          5372 5373 5288 5287 
          5373 5374 5289 5288 
          5374 5375 5290 5289 
          5375 5376 5291 5290 
          5376 5377 5292 5291 
          5377 5378 5293 5292 
          5378 5379 5294 5293 
          5379 5380 5295 5294 
          5380 5381 5296 5295 
          5381 5382 5297 5296 
          5382 5383 5298 5297 
          5383 5384 5299 5298 
          5384 5385 5300 5299 
          5385 5386 5301 5300 
          5386 5387 5302 5301 
          5387 5388 5303 5302 
          5388 5389 5304 5303 
          5389 5390 5305 5304 
          5390 5391 5306 5305 
          5391 5392 5307 5306 
          5392 5393 5308 5307 
          5393 5394 5309 5308 
          5394 5395 5310 5309 
          5395 5396 5311 5310 
          5396 5397 5312 5311 
          5397 5398 5313 5312 
          5398 5399 5314 5313 
          5399 5400 5315 5314 
          5400 5401 5316 5315 
          5401 5402 5317 5316 
          5402 5403 5318 5317 
          5403 5404 5319 5318 
          5404 5405 5320 5319 
          5405 5406 5321 5320 
          5406 5407 5322 5321 
          5407 5408 5323 5322 
          5408 5409 5324 5323 
          5409 5410 5325 5324 
          5410 5411 5326 5325 
          5411 5412 5327 5326 
          5412 5413 5328 5327 
          5413 5414 5329 5328 
          5414 5415 5330 5329 
          5415 5416 5331 5330 
          5416 5417 5332 5331 
          5417 5418 5333 5332 
          5418 5419 5334 5333 
          5419 5420 5335 5334 
          5420 5421 5336 5335 
          5421 5422 5337 5336 
          5422 5423 5338 5337 
          5423 5424 5339 5338 
          5424 5425 5340 5339 
          5425 5426 5341 5340 
          5426 5427 5342 5341 
          5427 5428 5343 5342 
          5428 5429 5344 5343 
          5429 5430 5345 5344 
          5430 5431 5346 5345 
          5431 5432 5347 5346 
          5432 5433 5348 5347 
          5433 5434 5349 5348 
          5434 5435 5350 5349 
          5435 5436 5351 5350 
          5436 5437 5352 5351 
          5437 5438 5353 5352 
          5438 5439 5354 5353 
          5440 5441 5356 5355 
          5441 5442 5357 5356 
          5442 5443 5358 5357 
          5443 5444 5359 5358 
          5444 5445 5360 5359 
          5445 5446 5361 5360 
          5446 5447 5362 5361 
          5447 5448 5363 5362 
          5448 5449 5364 5363 
          5449 5450 5365 5364 
          5450 5451 5366 5365 
          5451 5452 5367 5366 
          5452 5453 5368 5367 
          5453 5454 5369 5368 
          5454 5455 5370 5369 
          5455 5456 5371 5370 
          5456 5457 5372 5371 
          5457 5458 5373 5372 
          5458 5459 5374 5373 
          5459 5460 5375 5374 
          5460 5461 5376 5375 
          5461 5462 5377 5376 
          5462 5463 5378 5377 
          5463 5464 5379 5378 
          5464 5465 5380 5379 
          5465 5466 5381 5380 
          5466 5467 5382 5381 
          5467 5468 5383 5382 
          5468 5469 5384 5383 
          5469 5470 5385 5384 
          5470 5471 5386 5385 
          5471 5472 5387 5386 
          5472 5473 5388 5387 
          5473 5474 5389 5388 
          5474 5475 5390 5389 
          5475 5476 5391 5390 
          5476 5477 5392 5391 
          5477 5478 5393 5392 
          5478 5479 5394 5393 
          5479 5480 5395 5394 
          5480 5481 5396 5395 
          5481 5482 5397 5396 
          5482 5483 5398 5397 
          5483 5484 5399 5398 
          5484 5485 5400 5399 
          5485 5486 5401 5400 
          5486 5487 5402 5401 
          5487 5488 5403 5402 
          5488 5489 5404 5403 
          5489 5490 5405 5404 
          5490 5491 5406 5405 
          5491 5492 5407 5406 
          5492 5493 5408 5407 
          5493 5494 5409 5408 
          5494 5495 5410 5409 
          5495 5496 5411 5410 
          5496 5497 5412 5411 
          5497 5498 5413 5412 
          5498 5499 5414 5413 
          5499 5500 5415 5414 
          5500 5501 5416 5415 
          5501 5502 5417 5416 
          5502 5503 5418 5417 
          5503 5504 5419 5418 
          5504 5505 5420 5419 
          5505 5506 5421 5420 
          5506 5507 5422 5421 
          5507 5508 5423 5422 
          5508 5509 5424 5423 
          5509 5510 5425 5424 
          5510 5511 5426 5425 
          5511 5512 5427 5426 
          5512 5513 5428 5427 
          5513 5514 5429 5428 
          5514 5515 5430 5429 
          5515 5516 5431 5430 
          5516 5517 5432 5431 
          5517 5518 5433 5432 
          5518 5519 5434 5433 
          5519 5520 5435 5434 
          5520 5521 5436 5435 
          5521 5522 5437 5436 
          5522 5523 5438 5437 
          5523 5524 5439 5438 
          5525 5526 5441 5440 
          5526 5527 5442 5441 
          5527 5528 5443 5442 
          5528 5529 5444 5443 
          5529 5530 5445 5444 
          5530 5531 5446 5445 
          5531 5532 5447 5446 
          5532 5533 5448 5447 
          5533 5534 5449 5448 
          5534 5535 5450 5449 
          5535 5536 5451 5450 
          5536 5537 5452 5451 
          5537 5538 5453 5452 
          5538 5539 5454 5453 
          5539 5540 5455 5454 
          5540 5541 5456 5455 
          5541 5542 5457 5456 
          5542 5543 5458 5457 
          5543 5544 5459 5458 
          5544 5545 5460 5459 
          5545 5546 5461 5460 
          5546 5547 5462 5461 
          5547 5548 5463 5462 
          5548 5549 5464 5463 
          5549 5550 5465 5464 
          5550 5551 5466 5465 
          5551 5552 5467 5466 
          5552 5553 5468 5467 
          5553 5554 5469 5468 
          5554 5555 5470 5469 
          5555 5556 5471 5470 
          5556 5557 5472 5471 
          5557 5558 5473 5472 
          5558 5559 5474 5473 
          5559 5560 5475 5474 
          5560 5561 5476 5475 
          5561 5562 5477 5476 
          5562 5563 5478 5477 
          5563 5564 5479 5478 
          5564 5565 5480 5479 
          5565 5566 5481 5480 
          5566 5567 5482 5481 
          5567 5568 5483 5482 
          5568 5569 5484 5483 
          5569 5570 5485 5484 
          5570 5571 5486 5485 
          5571 5572 5487 5486 
          5572 5573 5488 5487 
          5573 5574 5489 5488 
          5574 5575 5490 5489 
          5575 5576 5491 5490 
          5576 5577 5492 5491 
          5577 5578 5493 5492 
          5578 5579 5494 5493 
          5579 5580 5495 5494 
          5580 5581 5496 5495 
          5581 5582 5497 5496 
          5582 5583 5498 5497 
          5583 5584 5499 5498 
          5584 5585 5500 5499 
          5585 5586 5501 5500 
          5586 5587 5502 5501 
          5587 5588 5503 5502 
          5588 5589 5504 5503 
          5589 5590 5505 5504 
          5590 5591 5506 5505 
          5591 5592 5507 5506 
          5592 5593 5508 5507 
          5593 5594 5509 5508 
          5594 5595 5510 5509 
          5595 5596 5511 5510 
          5596 5597 5512 5511 
          5597 5598 5513 5512 
          5598 5599 5514 5513 
          5599 5600 5515 5514 
          5600 5601 5516 5515 
          5601 5602 5517 5516 
          5602 5603 5518 5517 
          5603 5604 5519 5518 
          5604 5605 5520 5519 
          5605 5606 5521 5520 
          5606 5607 5522 5521 
          5607 5608 5523 5522 
          5608 5609 5524 5523 
          5610 5611 5526 5525 
          5611 5612 5527 5526 
          5612 5613 5528 5527 
          5613 5614 5529 5528 
          5614 5615 5530 5529 
          5615 5616 5531 5530 
          5616 5617 5532 5531 
          5617 5618 5533 5532 
          5618 5619 5534 5533 
          5619 5620 5535 5534 
          5620 5621 5536 5535 
          5621 5622 5537 5536 
          5622 5623 5538 5537 
          5623 5624 5539 5538 
          5624 5625 5540 5539 
          5625 5626 5541 5540 
          5626 5627 5542 5541 
          5627 5628 5543 5542 
          5628 5629 5544 5543 
          5629 5630 5545 5544 
          5630 5631 5546 5545 
          5631 5632 5547 5546 
          5632 5633 5548 5547 
          5633 5634 5549 5548 
          5634 5635 5550 5549 
          5635 5636 5551 5550 
          5636 5637 5552 5551 
          5637 5638 5553 5552 
          5638 5639 5554 5553 
          5639 5640 5555 5554 
          5640 5641 5556 5555 
          5641 5642 5557 5556 
          5642 5643 5558 5557 
          5643 5644 5559 5558 
          5644 5645 5560 5559 
          5645 5646 5561 5560 
          5646 5647 5562 5561 
          5647 5648 5563 5562 
          5648 5649 5564 5563 
          5649 5650 5565 5564 
          5650 5651 5566 5565 
          5651 5652 5567 5566 
          5652 5653 5568 5567 
          5653 5654 5569 5568 
          5654 5655 5570 5569 
          5655 5656 5571 5570 
          5656 5657 5572 5571 
          5657 5658 5573 5572 
          5658 5659 5574 5573 
          5659 5660 5575 5574 
          5660 5661 5576 5575 
          5661 5662 5577 5576 
          5662 5663 5578 5577 
          5663 5664 5579 5578 
          5664 5665 5580 5579 
          5665 5666 5581 5580 
          5666 5667 5582 5581 
          5667 5668 5583 5582 
          5668 5669 5584 5583 
          5669 5670 5585 5584 
          5670 5671 5586 5585 
          5671 5672 5587 5586 
          5672 5673 5588 5587 
          5673 5674 5589 5588 
          5674 5675 5590 5589 
          5675 5676 5591 5590 
          5676 5677 5592 5591 
          5677 5678 5593 5592 
          5678 5679 5594 5593 
          5679 5680 5595 5594 
          5680 5681 5596 5595 
          5681 5682 5597 5596 
          5682 5683 5598 5597 
          5683 5684 5599 5598 
          5684 5685 5600 5599 
          5685 5686 5601 5600 
          5686 5687 5602 5601 
          5687 5688 5603 5602 
          5688 5689 5604 5603 
          5689 5690 5605 5604 
          5690 5691 5606 5605 
          5691 5692 5607 5606 
          5692 5693 5608 5607 
          5693 5694 5609 5608 
          5695 5696 5611 5610 
          5696 5697 5612 5611 
          5697 5698 5613 5612 
          5698 5699 5614 5613 
          5699 5700 5615 5614 
          5700 5701 5616 5615 
          5701 5702 5617 5616 
          5702 5703 5618 5617 
          5703 5704 5619 5618 
          5704 5705 5620 5619 
          5705 5706 5621 5620 
          5706 5707 5622 5621 
          5707 5708 5623 5622 
          5708 5709 5624 5623 
          5709 5710 5625 5624 
          5710 5711 5626 5625 
          5711 5712 5627 5626 
          5712 5713 5628 5627 
          5713 5714 5629 5628 
          5714 5715 5630 5629 
          5715 5716 5631 5630 
          5716 5717 5632 5631 
          5717 5718 5633 5632 
          5718 5719 5634 5633 
          5719 5720 5635 5634 
          5720 5721 5636 5635 
          5721 5722 5637 5636 
          5722 5723 5638 5637 
          5723 5724 5639 5638 
          5724 5725 5640 5639 
          5725 5726 5641 5640 
          5726 5727 5642 5641 
          5727 5728 5643 5642 
          5728 5729 5644 5643 
          5729 5730 5645 5644 
          5730 5731 5646 5645 
          5731 5732 5647 5646 
          5732 5733 5648 5647 
          5733 5734 5649 5648 
          5734 5735 5650 5649 
          5735 5736 5651 5650 
          5736 5737 5652 5651 
          5737 5738 5653 5652 
          5738 5739 5654 5653 
          5739 5740 5655 5654 
          5740 5741 5656 5655 
          5741 5742 5657 5656 
          5742 5743 5658 5657 
          5743 5744 5659 5658 
          5744 5745 5660 5659 
          5745 5746 5661 5660 
          5746 5747 5662 5661 
          5747 5748 5663 5662 
          5748 5749 5664 5663 
          5749 5750 5665 5664 
          5750 5751 5666 5665 
          5751 5752 5667 5666 
          5752 5753 5668 5667 
          5753 5754 5669 5668 
          5754 5755 5670 5669 
          5755 5756 5671 5670 
          5756 5757 5672 5671 
          5757 5758 5673 5672 
          5758 5759 5674 5673 
          5759 5760 5675 5674 
          5760 5761 5676 5675 
          5761 5762 5677 5676 
          5762 5763 5678 5677 
          5763 5764 5679 5678 
          5764 5765 5680 5679 
          5765 5766 5681 5680 
          5766 5767 5682 5681 
          5767 5768 5683 5682 
          5768 5769 5684 5683 
          5769 5770 5685 5684 
          5770 5771 5686 5685 
          5771 5772 5687 5686 
          5772 5773 5688 5687 
          5773 5774 5689 5688 
          5774 5775 5690 5689 
          5775 5776 5691 5690 
          5776 5777 5692 5691 
          5777 5778 5693 5692 
          5778 5779 5694 5693 
          5780 5781 5696 5695 
          5781 5782 5697 5696 
          5782 5783 5698 5697 
          5783 5784 5699 5698 
          5784 5785 5700 5699 
          5785 5786 5701 5700 
          5786 5787 5702 5701 
          5787 5788 5703 5702 
          5788 5789 5704 5703 
          5789 5790 5705 5704 
          5790 5791 5706 5705 
          5791 5792 5707 5706 
          5792 5793 5708 5707 
          5793 5794 5709 5708 
          5794 5795 5710 5709 
          5795 5796 5711 5710 
          5796 5797 5712 5711 
          5797 5798 5713 5712 
          5798 5799 5714 5713 
          5799 5800 5715 5714 
          5800 5801 5716 5715 
          5801 5802 5717 5716 
          5802 5803 5718 5717 
          5803 5804 5719 5718 
          5804 5805 5720 5719 
          5805 5806 5721 5720 
          5806 5807 5722 5721 
          5807 5808 5723 5722 
          5808 5809 5724 5723 
          5809 5810 5725 5724 
          5810 5811 5726 5725 
          5811 5812 5727 5726 
          5812 5813 5728 5727 
          5813 5814 5729 5728 
          5814 5815 5730 5729 
          5815 5816 5731 5730 
          5816 5817 5732 5731 
          5817 5818 5733 5732 
          5818 5819 5734 5733 
          5819 5820 5735 5734 
          5820 5821 5736 5735 
          5821 5822 5737 5736 
          5822 5823 5738 5737 
          5823 5824 5739 5738 
          5824 5825 5740 5739 
          5825 5826 5741 5740 
          5826 5827 5742 5741 
          5827 5828 5743 5742 
          5828 5829 5744 5743 
          5829 5830 5745 5744 
          5830 5831 5746 5745 
          5831 5832 5747 5746 
          5832 5833 5748 5747 
          5833 5834 5749 5748 
          5834 5835 5750 5749 
          5835 5836 5751 5750 
          5836 5837 5752 5751 
          5837 5838 5753 5752 
          5838 5839 5754 5753 
          5839 5840 5755 5754 
          5840 5841 5756 5755 
          5841 5842 5757 5756 
          5842 5843 5758 5757 
          5843 5844 5759 5758 
          5844 5845 5760 5759 
          5845 5846 5761 5760 
          5846 5847 5762 5761 
          5847 5848 5763 5762 
          5848 5849 5764 5763 
          5849 5850 5765 5764 
          5850 5851 5766 5765 
          5851 5852 5767 5766 
          5852 5853 5768 5767 
          5853 5854 5769 5768 
          5854 5855 5770 5769 
          5855 5856 5771 5770 
          5856 5857 5772 5771 
          5857 5858 5773 5772 
          5858 5859 5774 5773 
          5859 5860 5775 5774 
          5860 5861 5776 5775 
          5861 5862 5777 5776 
          5862 5863 5778 5777 
          5863 5864 5779 5778 
          5865 5866 5781 5780 
          5866 5867 5782 5781 
          5867 5868 5783 5782 
          5868 5869 5784 5783 
          5869 5870 5785 5784 
          5870 5871 5786 5785 
          5871 5872 5787 5786 
          5872 5873 5788 5787 
          5873 5874 5789 5788 
          5874 5875 5790 5789 
          5875 5876 5791 5790 
          5876 5877 5792 5791 
          5877 5878 5793 5792 
          5878 5879 5794 5793 
          5879 5880 5795 5794 
          5880 5881 5796 5795 
          5881 5882 5797 5796 
          5882 5883 5798 5797 
          5883 5884 5799 5798 
          5884 5885 5800 5799 
          5885 5886 5801 5800 
          5886 5887 5802 5801 
          5887 5888 5803 5802 
          5888 5889 5804 5803 
          5889 5890 5805 5804 
          5890 5891 5806 5805 
          5891 5892 5807 5806 
          5892 5893 5808 5807 
          5893 5894 5809 5808 
          5894 5895 5810 5809 
          5895 5896 5811 5810 
          5896 5897 5812 5811 
          5897 5898 5813 5812 
          5898 5899 5814 5813 
          5899 5900 5815 5814 
          5900 5901 5816 5815 
          5901 5902 5817 5816 
          5902 5903 5818 5817 
          5903 5904 5819 5818 
          5904 5905 5820 5819 
          5905 5906 5821 5820 
          5906 5907 5822 5821 
          5907 5908 5823 5822 
          5908 5909 5824 5823 
          5909 5910 5825 5824 
          5910 5911 5826 5825 
          5911 5912 5827 5826 
          5912 5913 5828 5827 
          5913 5914 5829 5828 
          5914 5915 5830 5829 
          5915 5916 5831 5830 
          5916 5917 5832 5831 
          5917 5918 5833 5832 
          5918 5919 5834 5833 
          5919 5920 5835 5834 
          5920 5921 5836 5835 
          5921 5922 5837 5836 
          5922 5923 5838 5837 
          5923 5924 5839 5838 
          5924 5925 5840 5839 
          5925 5926 5841 5840 
          5926 5927 5842 5841 
          5927 5928 5843 5842 
          5928 5929 5844 5843 
          5929 5930 5845 5844 
          5930 5931 5846 5845 
          5931 5932 5847 5846 
          5932 5933 5848 5847 
          5933 5934 5849 5848 
          5934 5935 5850 5849 
          5935 5936 5851 5850 
          5936 5937 5852 5851 
          5937 5938 5853 5852 
          5938 5939 5854 5853 
          5939 5940 5855 5854 
          5940 5941 5856 5855 
          5941 5942 5857 5856 
          5942 5943 5858 5857 
          5943 5944 5859 5858 
          5944 5945 5860 5859 
          5945 5946 5861 5860 
          5946 5947 5862 5861 
          5947 5948 5863 5862 
          5948 5949 5864 5863 
          5950 5951 5866 5865 
          5951 5952 5867 5866 
          5952 5953 5868 5867 
          5953 5954 5869 5868 
          5954 5955 5870 5869 
          5955 5956 5871 5870 
          5956 5957 5872 5871 
          5957 5958 5873 5872 
          5958 5959 5874 5873 
          5959 5960 5875 5874 
          5960 5961 5876 5875 
          5961 5962 5877 5876 
          5962 5963 5878 5877 
          5963 5964 5879 5878 
          5964 5965 5880 5879 
          5965 5966 5881 5880 
          5966 5967 5882 5881 
          5967 5968 5883 5882 
          5968 5969 5884 5883 
          5969 5970 5885 5884 
          5970 5971 5886 5885 
          5971 5972 5887 5886 
          5972 5973 5888 5887 
          5973 5974 5889 5888 
          5974 5975 5890 5889 
          5975 5976 5891 5890 
          5976 5977 5892 5891 
          5977 5978 5893 5892 
          5978 5979 5894 5893 
          5979 5980 5895 5894 
          5980 5981 5896 5895 
          5981 5982 5897 5896 
          5982 5983 5898 5897 
          5983 5984 5899 5898 
          5984 5985 5900 5899 
          5985 5986 5901 5900 
          5986 5987 5902 5901 
          5987 5988 5903 5902 
          5988 5989 5904 5903 
          5989 5990 5905 5904 
          5990 5991 5906 5905 
          5991 5992 5907 5906 
          5992 5993 5908 5907 
          5993 5994 5909 5908 
          5994 5995 5910 5909 
          5995 5996 5911 5910 
          5996 5997 5912 5911 
          5997 5998 5913 5912 
          5998 5999 5914 5913 
          5999 6000 5915 5914 
          6000 6001 5916 5915 
          6001 6002 5917 5916 
          6002 6003 5918 5917 
          6003 6004 5919 5918 
          6004 6005 5920 5919 
          6005 6006 5921 5920 
          6006 6007 5922 5921 
          6007 6008 5923 5922 
          6008 6009 5924 5923 
          6009 6010 5925 5924 
          6010 6011 5926 5925 
          6011 6012 5927 5926 
          6012 6013 5928 5927 
          6013 6014 5929 5928 
          6014 6015 5930 5929 
          6015 6016 5931 5930 
          6016 6017 5932 5931 
          6017 6018 5933 5932 
          6018 6019 5934 5933 
          6019 6020 5935 5934 
          6020 6021 5936 5935 
          6021 6022 5937 5936 
          6022 6023 5938 5937 
          6023 6024 5939 5938 
          6024 6025 5940 5939 
          6025 6026 5941 5940 
          6026 6027 5942 5941 
          6027 6028 5943 5942 
          6028 6029 5944 5943 
          6029 6030 5945 5944 
          6030 6031 5946 5945 
          6031 6032 5947 5946 
          6032 6033 5948 5947 
          6033 6034 5949 5948 
          6035 6036 5951 5950 
          6036 6037 5952 5951 
          6037 6038 5953 5952 
          6038 6039 5954 5953 
          6039 6040 5955 5954 
          6040 6041 5956 5955 
          6041 6042 5957 5956 
          6042 6043 5958 5957 
          6043 6044 5959 5958 
          6044 6045 5960 5959 
          6045 6046 5961 5960 
          6046 6047 5962 5961 
          6047 6048 5963 5962 
          6048 6049 5964 5963 
          6049 6050 5965 5964 
          6050 6051 5966 5965 
          6051 6052 5967 5966 
          6052 6053 5968 5967 
          6053 6054 5969 5968 
          6054 6055 5970 5969 
          6055 6056 5971 5970 
          6056 6057 5972 5971 
          6057 6058 5973 5972 
          6058 6059 5974 5973 
          6059 6060 5975 5974 
          6060 6061 5976 5975 
          6061 6062 5977 5976 
          6062 6063 5978 5977 
          6063 6064 5979 5978 
          6064 6065 5980 5979 
          6065 6066 5981 5980 
          6066 6067 5982 5981 
          6067 6068 5983 5982 
          6068 6069 5984 5983 
          6069 6070 5985 5984 
          6070 6071 5986 5985 
          6071 6072 5987 5986 
          6072 6073 5988 5987 
          6073 6074 5989 5988 
          6074 6075 5990 5989 
          6075 6076 5991 5990 
          6076 6077 5992 5991 
          6077 6078 5993 5992 
          6078 6079 5994 5993 
          6079 6080 5995 5994 
          6080 6081 5996 5995 
          6081 6082 5997 5996 
          6082 6083 5998 5997 
          6083 6084 5999 5998 
          6084 6085 6000 5999 
          6085 6086 6001 6000 
          6086 6087 6002 6001 
          6087 6088 6003 6002 
          6088 6089 6004 6003 
          6089 6090 6005 6004 
          6090 6091 6006 6005 
          6091 6092 6007 6006 
          6092 6093 6008 6007 
          6093 6094 6009 6008 
          6094 6095 6010 6009 
          6095 6096 6011 6010 
          6096 6097 6012 6011 
          6097 6098 6013 6012 
          6098 6099 6014 6013 
          6099 6100 6015 6014 
          6100 6101 6016 6015 
          6101 6102 6017 6016 
          6102 6103 6018 6017 
          6103 6104 6019 6018 
          6104 6105 6020 6019 
          6105 6106 6021 6020 
          6106 6107 6022 6021 
          6107 6108 6023 6022 
          6108 6109 6024 6023 
          6109 6110 6025 6024 
          6110 6111 6026 6025 
          6111 6112 6027 6026 
          6112 6113 6028 6027 
          6113 6114 6029 6028 
          6114 6115 6030 6029 
          6115 6116 6031 6030 
          6116 6117 6032 6031 
          6117 6118 6033 6032 
          6118 6119 6034 6033 
          6120 6121 6036 6035 
          6121 6122 6037 6036 
          6122 6123 6038 6037 
          6123 6124 6039 6038 
          6124 6125 6040 6039 
          6125 6126 6041 6040 
          6126 6127 6042 6041 
          6127 6128 6043 6042 
          6128 6129 6044 6043 
          6129 6130 6045 6044 
          6130 6131 6046 6045 
          6131 6132 6047 6046 
          6132 6133 6048 6047 
          6133 6134 6049 6048 
          6134 6135 6050 6049 
          6135 6136 6051 6050 
          6136 6137 6052 6051 
          6137 6138 6053 6052 
          6138 6139 6054 6053 
          6139 6140 6055 6054 
          6140 6141 6056 6055 
          6141 6142 6057 6056 
          6142 6143 6058 6057 
          6143 6144 6059 6058 
          6144 6145 6060 6059 
          6145 6146 6061 6060 
          6146 6147 6062 6061 
          6147 6148 6063 6062 
          6148 6149 6064 6063 
          6149 6150 6065 6064 
          6150 6151 6066 6065 
          6151 6152 6067 6066 
          6152 6153 6068 6067 
          6153 6154 6069 6068 
          6154 6155 6070 6069 
          6155 6156 6071 6070 
          6156 6157 6072 6071 
          6157 6158 6073 6072 
          6158 6159 6074 6073 
          6159 6160 6075 6074 
          6160 6161 6076 6075 
          6161 6162 6077 6076 
          6162 6163 6078 6077 
          6163 6164 6079 6078 
          6164 6165 6080 6079 
          6165 6166 6081 6080 
          6166 6167 6082 6081 
          6167 6168 6083 6082 
          6168 6169 6084 6083 
          6169 6170 6085 6084 
          6170 6171 6086 6085 
          6171 6172 6087 6086 
          6172 6173 6088 6087 
          6173 6174 6089 6088 
          6174 6175 6090 6089 
          6175 6176 6091 6090 
          6176 6177 6092 6091 
          6177 6178 6093 6092 
          6178 6179 6094 6093 
          6179 6180 6095 6094 
          6180 6181 6096 6095 
          6181 6182 6097 6096 
          6182 6183 6098 6097 
          6183 6184 6099 6098 
          6184 6185 6100 6099 
          6185 6186 6101 6100 
          6186 6187 6102 6101 
          6187 6188 6103 6102 
          6188 6189 6104 6103 
          6189 6190 6105 6104 
          6190 6191 6106 6105 
          6191 6192 6107 6106 
          6192 6193 6108 6107 
          6193 6194 6109 6108 
          6194 6195 6110 6109 
          6195 6196 6111 6110 
          6196 6197 6112 6111 
          6197 6198 6113 6112 
          6198 6199 6114 6113 
          6199 6200 6115 6114 
          6200 6201 6116 6115 
          6201 6202 6117 6116 
          6202 6203 6118 6117 
          6203 6204 6119 6118 
          6205 6206 6121 6120 
          6206 6207 6122 6121 
          6207 6208 6123 6122 
          6208 6209 6124 6123 
          6209 6210 6125 6124 
          6210 6211 6126 6125 
          6211 6212 6127 6126 
          6212 6213 6128 6127 
          6213 6214 6129 6128 
          6214 6215 6130 6129 
          6215 6216 6131 6130 
          6216 6217 6132 6131 
          6217 6218 6133 6132 
          6218 6219 6134 6133 
          6219 6220 6135 6134 
          6220 6221 6136 6135 
          6221 6222 6137 6136 
          6222 6223 6138 6137 
          6223 6224 6139 6138 
          6224 6225 6140 6139 
          6225 6226 6141 6140 
          6226 6227 6142 6141 
          6227 6228 6143 6142 
          6228 6229 6144 6143 
          6229 6230 6145 6144 
          6230 6231 6146 6145 
          6231 6232 6147 6146 
          6232 6233 6148 6147 
          6233 6234 6149 6148 
          6234 6235 6150 6149 
          6235 6236 6151 6150 
          6236 6237 6152 6151 
          6237 6238 6153 6152 
          6238 6239 6154 6153 
          6239 6240 6155 6154 
          6240 6241 6156 6155 
          6241 6242 6157 6156 
          6242 6243 6158 6157 
          6243 6244 6159 6158 
          6244 6245 6160 6159 
          6245 6246 6161 6160 
          6246 6247 6162 6161 
          6247 6248 6163 6162 
          6248 6249 6164 6163 
          6249 6250 6165 6164 
          6250 6251 6166 6165 
          6251 6252 6167 6166 
          6252 6253 6168 6167 
          6253 6254 6169 6168 
          6254 6255 6170 6169 
          6255 6256 6171 6170 
          6256 6257 6172 6171 
          6257 6258 6173 6172 
          6258 6259 6174 6173 
          6259 6260 6175 6174 
          6260 6261 6176 6175 
          6261 6262 6177 6176 
          6262 6263 6178 6177 
          6263 6264 6179 6178 
          6264 6265 6180 6179 
          6265 6266 6181 6180 
          6266 6267 6182 6181 
          6267 6268 6183 6182 
          6268 6269 6184 6183 
          6269 6270 6185 6184 
          6270 6271 6186 6185 
          6271 6272 6187 6186 
          6272 6273 6188 6187 
          6273 6274 6189 6188 
          6274 6275 6190 6189 
          6275 6276 6191 6190 
          6276 6277 6192 6191 
          6277 6278 6193 6192 
          6278 6279 6194 6193 
          6279 6280 6195 6194 
          6280 6281 6196 6195 
          6281 6282 6197 6196 
          6282 6283 6198 6197 
          6283 6284 6199 6198 
          6284 6285 6200 6199 
          6285 6286 6201 6200 
          6286 6287 6202 6201 
          6287 6288 6203 6202 
          6288 6289 6204 6203 
          6290 6291 6206 6205 
          6291 6292 6207 6206 
          6292 6293 6208 6207 
          6293 6294 6209 6208 
          6294 6295 6210 6209 
          6295 6296 6211 6210 
          6296 6297 6212 6211 
          6297 6298 6213 6212 
          6298 6299 6214 6213 
          6299 6300 6215 6214 
          6300 6301 6216 6215 
          6301 6302 6217 6216 
          6302 6303 6218 6217 
          6303 6304 6219 6218 
          6304 6305 6220 6219 
          6305 6306 6221 6220 
          6306 6307 6222 6221 
          6307 6308 6223 6222 
          6308 6309 6224 6223 
          6309 6310 6225 6224 
          6310 6311 6226 6225 
          6311 6312 6227 6226 
          6312 6313 6228 6227 
          6313 6314 6229 6228 
          6314 6315 6230 6229 
          6315 6316 6231 6230 
          6316 6317 6232 6231 
          6317 6318 6233 6232 
          6318 6319 6234 6233 
          6319 6320 6235 6234 
          6320 6321 6236 6235 
          6321 6322 6237 6236 
          6322 6323 6238 6237 
          6323 6324 6239 6238 
          6324 6325 6240 6239 
          6325 6326 6241 6240 
          6326 6327 6242 6241 
          6327 6328 6243 6242 
          6328 6329 6244 6243 
          6329 6330 6245 6244 
          6330 6331 6246 6245 
          6331 6332 6247 6246 
          6332 6333 6248 6247 
          6333 6334 6249 6248 
          6334 6335 6250 6249 
          6335 6336 6251 6250 
          6336 6337 6252 6251 
          6337 6338 6253 6252 
          6338 6339 6254 6253 
          6339 6340 6255 6254 
          6340 6341 6256 6255 
          6341 6342 6257 6256 
          6342 6343 6258 6257 
          6343 6344 6259 6258 
          6344 6345 6260 6259 
          6345 6346 6261 6260 
          6346 6347 6262 6261 
          6347 6348 6263 6262 
          6348 6349 6264 6263 
          6349 6350 6265 6264 
          6350 6351 6266 6265 
          6351 6352 6267 6266 
          6352 6353 6268 6267 
          6353 6354 6269 6268 
          6354 6355 6270 6269 
          6355 6356 6271 6270 
          6356 6357 6272 6271 
          6357 6358 6273 6272 
          6358 6359 6274 6273 
          6359 6360 6275 6274 
          6360 6361 6276 6275 
          6361 6362 6277 6276 
          6362 6363 6278 6277 
          6363 6364 6279 6278 
          6364 6365 6280 6279 
          6365 6366 6281 6280 
          6366 6367 6282 6281 
          6367 6368 6283 6282 
          6368 6369 6284 6283 
          6369 6370 6285 6284 
          6370 6371 6286 6285 
          6371 6372 6287 6286 
          6372 6373 6288 6287 
          6373 6374 6289 6288 
          6375 6376 6291 6290 
          6376 6377 6292 6291 
          6377 6378 6293 6292 
          6378 6379 6294 6293 
          6379 6380 6295 6294 
          6380 6381 6296 6295 
          6381 6382 6297 6296 
          6382 6383 6298 6297 
          6383 6384 6299 6298 
          6384 6385 6300 6299 
          6385 6386 6301 6300 
          6386 6387 6302 6301 
          6387 6388 6303 6302 
          6388 6389 6304 6303 
          6389 6390 6305 6304 
          6390 6391 6306 6305 
          6391 6392 6307 6306 
          6392 6393 6308 6307 
          6393 6394 6309 6308 
          6394 6395 6310 6309 
          6395 6396 6311 6310 
          6396 6397 6312 6311 
          6397 6398 6313 6312 
          6398 6399 6314 6313 
          6399 6400 6315 6314 
          6400 6401 6316 6315 
          6401 6402 6317 6316 
          6402 6403 6318 6317 
          6403 6404 6319 6318 
          6404 6405 6320 6319 
          6405 6406 6321 6320 
          6406 6407 6322 6321 
          6407 6408 6323 6322 
          6408 6409 6324 6323 
          6409 6410 6325 6324 
          6410 6411 6326 6325 
          6411 6412 6327 6326 
          6412 6413 6328 6327 
          6413 6414 6329 6328 
          6414 6415 6330 6329 
          6415 6416 6331 6330 
          6416 6417 6332 6331 
          6417 6418 6333 6332 
          6418 6419 6334 6333 
          6419 6420 6335 6334 
          6420 6421 6336 6335 
          6421 6422 6337 6336 
          6422 6423 6338 6337 
          6423 6424 6339 6338 
          6424 6425 6340 6339 
          6425 6426 6341 6340 
          6426 6427 6342 6341 
          6427 6428 6343 6342 
          6428 6429 6344 6343 
          6429 6430 6345 6344 
          6430 6431 6346 6345 
          6431 6432 6347 6346 
          6432 6433 6348 6347 
          6433 6434 6349 6348 
          6434 6435 6350 6349 
          6435 6436 6351 6350 
          6436 6437 6352 6351 
          6437 6438 6353 6352 
          6438 6439 6354 6353 
          6439 6440 6355 6354 
          6440 6441 6356 6355 
          6441 6442 6357 6356 
          6442 6443 6358 6357 
          6443 6444 6359 6358 
          6444 6445 6360 6359 
          6445 6446 6361 6360 
          6446 6447 6362 6361 
          6447 6448 6363 6362 
          6448 6449 6364 6363 
          6449 6450 6365 6364 
          6450 6451 6366 6365 
          6451 6452 6367 6366 
          6452 6453 6368 6367 
          6453 6454 6369 6368 
          6454 6455 6370 6369 
          6455 6456 6371 6370 
          6456 6457 6372 6371 
          6457 6458 6373 6372 
          6458 6459 6374 6373 
          6460 6461 6376 6375 
          6461 6462 6377 6376 
          6462 6463 6378 6377 
          6463 6464 6379 6378 
          6464 6465 6380 6379 
          6465 6466 6381 6380 
          6466 6467 6382 6381 
          6467 6468 6383 6382 
          6468 6469 6384 6383 
          6469 6470 6385 6384 
          6470 6471 6386 6385 
          6471 6472 6387 6386 
          6472 6473 6388 6387 
          6473 6474 6389 6388 
          6474 6475 6390 6389 
          6475 6476 6391 6390 
          6476 6477 6392 6391 
          6477 6478 6393 6392 
          6478 6479 6394 6393 
          6479 6480 6395 6394 
          6480 6481 6396 6395 
          6481 6482 6397 6396 
          6482 6483 6398 6397 
          6483 6484 6399 6398 
          6484 6485 6400 6399 
          6485 6486 6401 6400 
          6486 6487 6402 6401 
          6487 6488 6403 6402 
          6488 6489 6404 6403 
          6489 6490 6405 6404 
          6490 6491 6406 6405 
          6491 6492 6407 6406 
          6492 6493 6408 6407 
          6493 6494 6409 6408 
          6494 6495 6410 6409 
          6495 6496 6411 6410 
          6496 6497 6412 6411 
          6497 6498 6413 6412 
          6498 6499 6414 6413 
          6499 6500 6415 6414 
          6500 6501 6416 6415 
          6501 6502 6417 6416 
          6502 6503 6418 6417 
          6503 6504 6419 6418 
          6504 6505 6420 6419 
          6505 6506 6421 6420 
          6506 6507 6422 6421 
          6507 6508 6423 6422 
          6508 6509 6424 6423 
          6509 6510 6425 6424 
          6510 6511 6426 6425 
          6511 6512 6427 6426 
          6512 6513 6428 6427 
          6513 6514 6429 6428 
          6514 6515 6430 6429 
          6515 6516 6431 6430 
          6516 6517 6432 6431 
          6517 6518 6433 6432 
          6518 6519 6434 6433 
          6519 6520 6435 6434 
          6520 6521 6436 6435 
          6521 6522 6437 6436 
          6522 6523 6438 6437 
          6523 6524 6439 6438 
          6524 6525 6440 6439 
          6525 6526 6441 6440 
          6526 6527 6442 6441 
          6527 6528 6443 6442 
          6528 6529 6444 6443 
          6529 6530 6445 6444 
          6530 6531 6446 6445 
          6531 6532 6447 6446 
          6532 6533 6448 6447 
          6533 6534 6449 6448 
          6534 6535 6450 6449 
          6535 6536 6451 6450 
          6536 6537 6452 6451 
          6537 6538 6453 6452 
          6538 6539 6454 6453 
          6539 6540 6455 6454 
          6540 6541 6456 6455 
          6541 6542 6457 6456 
          6542 6543 6458 6457 
          6543 6544 6459 6458 
          6545 6546 6461 6460 
          6546 6547 6462 6461 
          6547 6548 6463 6462 
          6548 6549 6464 6463 
          6549 6550 6465 6464 
          6550 6551 6466 6465 
          6551 6552 6467 6466 
          6552 6553 6468 6467 
          6553 6554 6469 6468 
          6554 6555 6470 6469 
          6555 6556 6471 6470 
          6556 6557 6472 6471 
          6557 6558 6473 6472 
          6558 6559 6474 6473 
          6559 6560 6475 6474 
          6560 6561 6476 6475 
          6561 6562 6477 6476 
          6562 6563 6478 6477 
          6563 6564 6479 6478 
          6564 6565 6480 6479 
          6565 6566 6481 6480 
          6566 6567 6482 6481 
          6567 6568 6483 6482 
          6568 6569 6484 6483 
          6569 6570 6485 6484 
          6570 6571 6486 6485 
          6571 6572 6487 6486 
          6572 6573 6488 6487 
          6573 6574 6489 6488 
          6574 6575 6490 6489 
          6575 6576 6491 6490 
          6576 6577 6492 6491 
          6577 6578 6493 6492 
          6578 6579 6494 6493 
          6579 6580 6495 6494 
          6580 6581 6496 6495 
          6581 6582 6497 6496 
          6582 6583 6498 6497 
          6583 6584 6499 6498 
          6584 6585 6500 6499 
          6585 6586 6501 6500 
          6586 6587 6502 6501 
          6587 6588 6503 6502 
          6588 6589 6504 6503 
          6589 6590 6505 6504 
          6590 6591 6506 6505 
          6591 6592 6507 6506 
          6592 6593 6508 6507 
          6593 6594 6509 6508 
          6594 6595 6510 6509 
          6595 6596 6511 6510 
          6596 6597 6512 6511 
          6597 6598 6513 6512 
          6598 6599 6514 6513 
          6599 6600 6515 6514 
          6600 6601 6516 6515 
          6601 6602 6517 6516 
          6602 6603 6518 6517 
          6603 6604 6519 6518 
          6604 6605 6520 6519 
          6605 6606 6521 6520 
          6606 6607 6522 6521 
          6607 6608 6523 6522 
          6608 6609 6524 6523 
          6609 6610 6525 6524 
          6610 6611 6526 6525 
          6611 6612 6527 6526 
          6612 6613 6528 6527 
          6613 6614 6529 6528 
          6614 6615 6530 6529 
          6615 6616 6531 6530 
          6616 6617 6532 6531 
          6617 6618 6533 6532 
          6618 6619 6534 6533 
          6619 6620 6535 6534 
          6620 6621 6536 6535 
          6621 6622 6537 6536 
          6622 6623 6538 6537 
          6623 6624 6539 6538 
          6624 6625 6540 6539 
          6625 6626 6541 6540 
          6626 6627 6542 6541 
          6627 6628 6543 6542 
          6628 6629 6544 6543 
        </DataArray>
        <DataArray type="Int64" Name="offsets" format="ascii">
          4 8 12 16 20 24 28 32 36 40 44 48 52 56 60 64 68 72 76 80 84 
          88 92 96 100 104 108 112 116 120 124 128 132 136 140 144 148 152 156 160 164 
          168 172 176 180 184 188 192 196 200 204 208 212 216 220 224 228 232 236 240 244 
          248 252 256 260 264 268 272 276 280 284 288 292 296 300 304 308 312 316 320 324 
          328 332 336 340 344 348 352 356 360 364 368 372 376 380 384 388 392 396 400 404 
          408 412 416 420 424 428 432 436 440 444 448 452 456 460 464 468 472 476 480 484 
          488 492 496 500 504 508 512 516 520 524 528 532 536 540 544 548 552 556 560 564 
          568 572 576 580 584 588 592 596 600 604 608 612 616 620 624 628 632 636 640 644 
          648 652 656 660 664 668 672 676 680 684 688 692 696 700 704 708 712 716 720 724 
          728 732 736 740 744 748 752 756 760 764 768 772 776 780 784 788 792 796 800 804 
          808 812 816 820 824 828 832 836 840 844 848 852 856 860 864 868 872 876 880 884 
          888 892 896 900 904 908 912 916 920 924 928 932 936 940 944 948 952 956 960 964 
          968 972 976 980 984 988 992 996 1000 1004 1008 1012 1016 1020 1024 1028 1032 1036 1040 1044 
          1048 1052 1056 1060 1064 1068 1072 1076 1080 1084 1088 1092 1096 1100 1104 1108 1112 1116 1120 1124 
          1128 1132 1136 1140 1144 1148 1152 1156 1160 1164 1168 1172 1176 1180 1184 1188 1192 1196 1200 1204 
          1208 1212 1216 1220 1224 1228 1232 1236 1240 1244 1248 1252 1256 1260 1264 1268 1272 1276 1280 1284 
          1288 1292 1296 1300 1304 1308 1312 1316 1320 1324 1328 1332 1336 1340 1344 1348 1352 1356 1360 1364 
          1368 1372 1376 1380 1384 1388 1392 1396 1400 1404 1408 1412 1416 1420 1424 1428 1432 1436 1440 1444 
          1448 1452 1456 1460 1464 1468 1472 1476 1480 1484 1488 1492 1496 1500 1504 1508 1512 1516 1520 1524 
          1528 1532 1536 1540 1544 1548 1552 1556 1560 1564 1568 1572 1576 1580 1584 1588 1592 1596 1600 1604 
          1608 1612 1616 1620 1624 1628 1632 1636 1640 1644 1648 1652 1656 1660 1664 1668 1672 1676 1680 1684 
          1688 1692 1696 1700 1704 1708 1712 1716 1720 1724 1728 1732 1736 1740 1744 1748 1752 1756 1760 1764 
          1768 1772 1776 1780 1784 1788 1792 1796 1800 1804 1808 1812 1816 1820 1824 1828 1832 1836 1840 1844 
          1848 1852 1856 1860 1864 1868 1872 1876 1880 1884 1888 1892 1896 1900 1904 1908 1912 1916 1920 1924 
          1928 1932 1936 1940 1944 1948 1952 1956 1960 1964 1968 1972 1976 1980 1984 1988 1992 1996 2000 2004 
          2008 2012 2016 2020 2024 2028 2032 2036 2040 2044 2048 2052 2056 2060 2064 2068 2072 2076 2080 2084 
          2088 2092 2096 2100 2104 2108 2112 2116 2120 2124 2128 2132 2136 2140 2144 2148 2152 2156 2160 2164 
          2168 2172 2176 2180 2184 2188 2192 2196 2200 2204 2208 2212 2216 2220 2224 2228 2232 2236 2240 2244 
          2248 2252 2256 2260 2264 2268 2272 2276 2280 2284 2288 2292 2296 2300 2304 2308 2312 2316 2320 2324 
          2328 2332 2336 2340 2344 2348 2352 2356 2360 2364 2368 2372 2376 2380 2384 2388 2392 2396 2400 2404 
          2408 2412 2416 2420 2424 2428 2432 2436 2440 2444 2448 2452 2456 2460 2464 2468 2472 2476 2480 2484 
          2488 2492 2496 2500 2504 2508 2512 2516 2520 2524 2528 2532 2536 2540 2544 2548 2552 2556 2560 2564 
          2568 2572 2576 2580 2584 2588 2592 2596 2600 2604 2608 2612 2616 2620 2624 2628 2632 2636 2640 2644 
          2648 2652 2656 2660 2664 2668 2672 2676 2680 2684 2688 2692 2696 2700 2704 2708 2712 2716 2720 2724 
          2728 2732 2736 2740 2744 2748 2752 2756 2760 2764 2768 2772 2776 2780 2784 2788 2792 2796 2800 2804 
          2808 2812 2816 2820 2824 2828 2832 2836 2840 2844 2848 2852 2856 2860 2864 2868 2872 2876 2880 2884 
          2888 2892 2896 2900 2904 2908 2912 2916 2920 2924 2928 2932 2936 2940 2944 2948 2952 2956 2960 2964 
          2968 2972 2976 2980 2984 2988 2992 2996 3000 3004 3008 3012 3016 3020 3024 3028 3032 3036 3040 3044 
          3048 3052 3056 3060 3064 3068 3072 3076 3080 3084 3088 3092 3096 3100 3104 3108 3112 3116 3120 3124 
          3128 3132 3136 3140 3144 3148 3152 3156 3160 3164 3168 3172 3176 3180 3184 3188 3192 3196 3200 3204 
          3208 3212 3216 3220 3224 3228 3232 3236 3240 3244 3248 3252 3256 3260 3264 3268 3272 3276 3280 3284 
          3288 3292 3296 3300 3304 3308 3312 3316 3320 3324 3328 3332 3336 3340 3344 3348 3352 3356 3360 3364 
          3368 3372 3376 3380 3384 3388 3392 3396 3400 3404 3408 3412 3416 3420 3424 3428 3432 3436 3440 3444 
          3448 3452 3456 3460 3464 3468 3472 3476 3480 3484 3488 3492 3496 3500 3504 3508 3512 3516 3520 3524 
          3528 3532 3536 3540 3544 3548 3552 3556 3560 3564 3568 3572 3576 3580 3584 3588 3592 3596 3600 3604 
          3608 3612 3616 3620 3624 3628 3632 3636 3640 3644 3648 3652 3656 3660 3664 3668 3672 3676 3680 3684 
          3688 3692 3696 3700 3704 3708 3712 3716 3720 3724 3728 3732 3736 3740 3744 3748 3752 3756 3760 3764 
          3768 3772 3776 3780 3784 3788 3792 3796 3800 3804 3808 3812 3816 3820 3824 3828 3832 3836 3840 3844 
          3848 3852 3856 3860 3864 3868 3872 3876 3880 3884 3888 3892 3896 3900 3904 3908 3912 3916 3920 3924 
          3928 3932 3936 3940 3944 3948 3952 3956 3960 3964 3968 3972 3976 3980 3984 3988 3992 3996 4000 4004 
          4008 4012 4016 4020 4024 4028 4032 4036 4040 4044 4048 4052 4056 4060 4064 4068 4072 4076 4080 4084 
          4088 4092 4096 4100 4104 4108 4112 4116 4120 4124 4128 4132 4136 4140 4144 4148 4152 4156 4160 4164 
          4168 4172 4176 4180 4184 4188 4192 4196 4200 4204 4208 4212 4216 4220 4224 4228 4232 4236 4240 4244 
          4248 4252 4256 4260 4264 4268 4272 4276 4280 4284 4288 4292 4296 4300 4304 4308 4312 4316 4320 4324 
          4328 4332 4336 4340 4344 4348 4352 4356 4360 4364 4368 4372 4376 4380 4384 4388 4392 4396 4400 4404 
          4408 4412 4416 4420 4424 4428 4432 4436 4440 4444 4448 4452 4456 4460 4464 4468 4472 4476 4480 4484 
          4488 4492 4496 4500 4504 4508 4512 4516 4520 4524 4528 4532 4536 4540 4544 4548 4552 4556 4560 4564 
          4568 4572 4576 4580 4584 4588 4592 4596 4600 4604 4608 4612 4616 4620 4624 4628 4632 4636 4640 4644 
          4648 4652 4656 4660 4664 4668 4672 4676 4680 4684 4688 4692 4696 4700 4704 4708 4712 4716 4720 4724 
          4728 4732 4736 4740 4744 4748 4752 4756 4760 4764 4768 4772 4776 4780 4784 4788 4792 4796 4800 4804 
          4808 4812 4816 4820 4824 4828 4832 4836 4840 4844 4848 4852 4856 4860 4864 4868 4872 4876 4880 4884 
          4888 4892 4896 4900 4904 4908 4912 4916 4920 4924 4928 4932 4936 4940 4944 4948 4952 4956 4960 4964 
          4968 4972 4976 4980 4984 4988 4992 4996 5000 5004 5008 5012 5016 5020 5024 5028 5032 5036 5040 5044 
          5048 5052 5056 5060 5064 5068 5072 5076 5080 5084 5088 5092 5096 5100 5104 5108 5112 5116 5120 5124 
          5128 5132 5136 5140 5144 5148 5152 5156 5160 5164 5168 5172 5176 5180 5184 5188 5192 5196 5200 5204 
          5208 5212 5216 5220 5224 5228 5232 5236 5240 5244 5248 5252 5256 5260 5264 5268 5272 5276 5280 5284 
          5288 5292 5296 5300 5304 5308 5312 5316 5320 5324 5328 5332 5336 5340 5344 5348 5352 5356 5360 5364 
          5368 5372 5376 5380 5384 5388 5392 5396 5400 5404 5408 5412 5416 5420 5424 5428 5432 5436 5440 5444 
          5448 5452 5456 5460 5464 5468 5472 5476 5480 5484 5488 5492 5496 5500 5504 5508 5512 5516 5520 5524 
          5528 5532 5536 5540 5544 5548 5552 5556 5560 5564 5568 5572 5576 5580 5584 5588 5592 5596 5600 5604 
          5608 5612 5616 5620 5624 5628 5632 5636 5640 5644 5648 5652 5656 5660 5664 5668 5672 5676 5680 5684 
          5688 5692 5696 5700 5704 5708 5712 5716 5720 5724 5728 5732 5736 5740 5744 5748 5752 5756 5760 5764 
          5768 5772 5776 5780 5784 5788 5792 5796 5800 5804 5808 5812 5816 5820 5824 5828 5832 5836 5840 5844 
          5848 5852 5856 5860 5864 5868 5872 5876 5880 5884 5888 5892 5896 5900 5904 5908 5912 5916 5920 5924 
          5928 5932 5936 5940 5944 5948 5952 5956 5960 5964 5968 5972 5976 5980 5984 5988 5992 5996 6000 6004 
          6008 6012 6016 6020 6024 6028 6032 6036 6040 6044 6048 6052 6056 6060 6064 6068 6072 6076 6080 6084 
          6088 6092 6096 6100 6104 6108 6112 6116 6120 6124 6128 6132 6136 6140 6144 6148 6152 6156 6160 6164 
          6168 6172 6176 6180 6184 6188 6192 6196 6200 6204 6208 6212 6216 6220 6224 6228 6232 6236 6240 6244 
          6248 6252 6256 6260 6264 6268 6272 6276 6280 6284 6288 6292 6296 6300 6304 6308 6312 6316 6320 6324 
          6328 6332 6336 6340 6344 6348 6352 6356 6360 6364 6368 6372 6376 6380 6384 6388 6392 6396 6400 6404 
          6408 6412 6416 6420 6424 6428 6432 6436 6440 6444 6448 6452 6456 6460 6464 6468 6472 6476 6480 6484 
          6488 6492 6496 6500 6504 6508 6512 6516 6520 6524 6528 6532 6536 6540 6544 6548 6552 6556 6560 6564 
          6568 6572 6576 6580 6584 6588 6592 6596 6600 6604 6608 6612 6616 6620 6624 6628 6632 6636 6640 6644 
          6648 6652 6656 6660 6664 6668 6672 6676 6680 6684 6688 6692 6696 6700 6704 6708 6712 6716 6720 6724 
          6728 6732 6736 6740 6744 6748 6752 6756 6760 6764 6768 6772 6776 6780 6784 6788 6792 6796 6800 6804 
          6808 6812 6816 6820 6824 6828 6832 6836 6840 6844 6848 6852 6856 6860 6864 6868 6872 6876 6880 6884 
          6888 6892 6896 6900 6904 6908 6912 6916 6920 6924 6928 6932 6936 6940 6944 6948 6952 6956 6960 6964 
          6968 6972 6976 6980 6984 6988 6992 6996 7000 7004 7008 7012 7016 7020 7024 7028 7032 7036 7040 7044 
          7048 7052 7056 7060 7064 7068 7072 7076 7080 7084 7088 7092 7096 7100 7104 7108 7112 7116 7120 7124 
          7128 7132 7136 7140 7144 7148 7152 7156 7160 7164 7168 7172 7176 7180 7184 7188 7192 7196 7200 7204 
          7208 7212 7216 7220 7224 7228 7232 7236 7240 7244 7248 7252 7256 7260 7264 7268 7272 7276 7280 7284 
          7288 7292 7296 7300 7304 7308 7312 7316 7320 7324 7328 7332 7336 7340 7344 7348 7352 7356 7360 7364 
          7368 7372 7376 7380 7384 7388 7392 7396 7400 7404 7408 7412 7416 7420 7424 7428 7432 7436 7440 7444 
          7448 7452 7456 7460 7464 7468 7472 7476 7480 7484 7488 7492 7496 7500 7504 7508 7512 7516 7520 7524 
          7528 7532 7536 7540 7544 7548 7552 7556 7560 7564 7568 7572 7576 7580 7584 7588 7592 7596 7600 7604 
          7608 7612 7616 7620 7624 7628 7632 7636 7640 7644 7648 7652 7656 7660 7664 7668 7672 7676 7680 7684 
          7688 7692 7696 7700 7704 7708 7712 7716 7720 7724 7728 7732 7736 7740 7744 7748 7752 7756 7760 7764 
          7768 7772 7776 7780 7784 7788 7792 7796 7800 7804 7808 7812 7816 7820 7824 7828 7832 7836 7840 7844 
          7848 7852 7856 7860 7864 7868 7872 7876 7880 7884 7888 7892 7896 7900 7904 7908 7912 7916 7920 7924 
          7928 7932 7936 7940 7944 7948 7952 7956 7960 7964 7968 7972 7976 7980 7984 7988 7992 7996 8000 8004 
          8008 8012 8016 8020 8024 8028 8032 8036 8040 8044 8048 8052 8056 8060 8064 8068 8072 8076 8080 8084 
          8088 8092 8096 8100 8104 8108 8112 8116 8120 8124 8128 8132 8136 8140 8144 8148 8152 8156 8160 8164 
          8168 8172 8176 8180 8184 8188 8192 8196 8200 8204 8208 8212 8216 8220 8224 8228 8232 8236 8240 8244 
          8248 8252 8256 8260 8264 8268 8272 8276 8280 8284 8288 8292 8296 8300 8304 8308 8312 8316 8320 8324 
          8328 8332 8336 8340 8344 8348 8352 8356 8360 8364 8368 8372 8376 8380 8384 8388 8392 8396 8400 8404 
          8408 8412 8416 8420 8424 8428 8432 8436 8440 8444 8448 8452 8456 8460 8464 8468 8472 8476 8480 8484 
          8488 8492 8496 8500 8504 8508 8512 8516 8520 8524 8528 8532 8536 8540 8544 8548 8552 8556 8560 8564 
          8568 8572 8576 8580 8584 8588 8592 8596 8600 8604 8608 8612 8616 8620 8624 8628 8632 8636 8640 8644 
          8648 8652 8656 8660 8664 8668 8672 8676 8680 8684 8688 8692 8696 8700 8704 8708 8712 8716 8720 8724 
          8728 8732 8736 8740 8744 8748 8752 8756 8760 8764 8768 8772 8776 8780 8784 8788 8792 8796 8800 8804 
          8808 8812 8816 8820 8824 8828 8832 8836 8840 8844 8848 8852 8856 8860 8864 8868 8872 8876 8880 8884 
          8888 8892 8896 8900 8904 8908 8912 8916 8920 8924 8928 8932 8936 8940 8944 8948 8952 8956 8960 8964 
          8968 8972 8976 8980 8984 8988 8992 8996 9000 9004 9008 9012 9016 9020 9024 9028 9032 9036 9040 9044 
          9048 9052 9056 9060 9064 9068 9072 9076 9080 9084 9088 9092 9096 9100 9104 9108 9112 9116 9120 9124 
          9128 9132 9136 9140 9144 9148 9152 9156 9160 9164 9168 9172 9176 9180 9184 9188 9192 9196 9200 9204 
          9208 9212 9216 9220 9224 9228 9232 9236 9240 9244 9248 9252 9256 9260 9264 9268 9272 9276 9280 9284 
          9288 9292 9296 9300 9304 9308 9312 9316 9320 9324 9328 9332 9336 9340 9344 9348 9352 9356 9360 9364 
          9368 9372 9376 9380 9384 9388 9392 9396 9400 9404 9408 9412 9416 9420 9424 9428 9432 9436 9440 9444 
          9448 9452 9456 9460 9464 9468 9472 9476 9480 9484 9488 9492 9496 9500 9504 9508 9512 9516 9520 9524 
          9528 9532 9536 9540 9544 9548 9552 9556 9560 9564 9568 9572 9576 9580 9584 9588 9592 9596 9600 9604 
          9608 9612 9616 9620 9624 9628 9632 9636 9640 9644 9648 9652 9656 9660 9664 9668 9672 9676 9680 9684 
          9688 9692 9696 9700 9704 9708 9712 9716 9720 9724 9728 9732 9736 9740 9744 9748 9752 9756 9760 9764 
          9768 9772 9776 9780 9784 9788 9792 9796 9800 9804 9808 9812 9816 9820 9824 9828 9832 9836 9840 9844 
          9848 9852 9856 9860 9864 9868 9872 9876 9880 9884 9888 9892 9896 9900 9904 9908 9912 9916 9920 9924 
          9928 9932 9936 9940 9944 9948 9952 9956 9960 9964 9968 9972 9976 9980 9984 9988 9992 9996 10000 10004 
          10008 10012 10016 10020 10024 10028 10032 10036 10040 10044 10048 10052 10056 10060 10064 10068 10072 10076 10080 10084 
          10088 10092 10096 10100 10104 10108 10112 10116 10120 10124 10128 10132 10136 10140 10144 10148 10152 10156 10160 10164 
          10168 10172 10176 10180 10184 10188 10192 10196 10200 10204 10208 10212 10216 10220 10224 10228 10232 10236 10240 10244 
          10248 10252 10256 10260 10264 10268 10272 10276 10280 10284 10288 10292 10296 10300 10304 10308 10312 10316 10320 10324 
          10328 10332 10336 10340 10344 10348 10352 10356 10360 10364 10368 10372 10376 10380 10384 10388 10392 10396 10400 10404 
          10408 10412 10416 10420 10424 10428 10432 10436 10440 10444 10448 10452 10456 10460 10464 10468 10472 10476 10480 10484 
          10488 10492 10496 10500 10504 10508 10512 10516 10520 10524 10528 10532 10536 10540 10544 10548 10552 10556 10560 10564 
          10568 10572 10576 10580 10584 10588 10592 10596 10600 10604 10608 10612 10616 10620 10624 10628 10632 10636 10640 10644 
          10648 10652 10656 10660 10664 10668 10672 10676 10680 10684 10688 10692 10696 10700 10704 10708 10712 10716 10720 10724 
          10728 10732 10736 10740 10744 10748 10752 10756 10760 10764 10768 10772 10776 10780 10784 10788 10792 10796 10800 10804 
          10808 10812 10816 10820 10824 10828 10832 10836 10840 10844 10848 10852 10856 10860 10864 10868 10872 10876 10880 10884 
          10888 10892 10896 10900 10904 10908 10912 10916 10920 10924 10928 10932 10936 10940 10944 10948 10952 10956 10960 10964 
          10968 10972 10976 10980 10984 10988 10992 10996 11000 11004 11008 11012 11016 11020 11024 11028 11032 11036 11040 11044 
          11048 11052 11056 11060 11064 11068 11072 11076 11080 11084 11088 11092 11096 11100 11104 11108 11112 11116 11120 11124 
          11128 11132 11136 11140 11144 11148 11152 11156 11160 11164 11168 11172 11176 11180 11184 11188 11192 11196 11200 11204 
          11208 11212 11216 11220 11224 11228 11232 11236 11240 11244 11248 11252 11256 11260 11264 11268 11272 11276 11280 11284 
          11288 11292 11296 11300 11304 11308 11312 11316 11320 11324 11328 11332 11336 11340 11344 11348 11352 11356 11360 11364 
          11368 11372 11376 11380 11384 11388 11392 11396 11400 11404 11408 11412 11416 11420 11424 11428 11432 11436 11440 11444 
          11448 11452 11456 11460 11464 11468 11472 11476 11480 11484 11488 11492 11496 11500 11504 11508 11512 11516 11520 11524 
          11528 11532 11536 11540 11544 11548 11552 11556 11560 11564 11568 11572 11576 11580 11584 11588 11592 11596 11600 11604 
          11608 11612 11616 11620 11624 11628 11632 11636 11640 11644 11648 11652 11656 11660 11664 11668 11672 11676 11680 11684 
          11688 11692 11696 11700 11704 11708 11712 11716 11720 11724 11728 11732 11736 11740 11744 11748 11752 11756 11760 11764 
          11768 11772 11776 11780 11784 11788 11792 11796 11800 11804 11808 11812 11816 11820 11824 11828 11832 11836 11840 11844 
          11848 11852 11856 11860 11864 11868 11872 11876 11880 11884 11888 11892 11896 11900 11904 11908 11912 11916 11920 11924 
          11928 11932 11936 11940 11944 11948 11952 11956 11960 11964 11968 11972 11976 11980 11984 11988 11992 11996 12000 12004 
          12008 12012 12016 12020 12024 12028 12032 12036 12040 12044 12048 12052 12056 12060 12064 12068 12072 12076 12080 12084 
          12088 12092 12096 12100 12104 12108 12112 12116 12120 12124 12128 12132 12136 12140 12144 12148 12152 12156 12160 12164 
          12168 12172 12176 12180 12184 12188 12192 12196 12200 12204 12208 12212 12216 12220 12224 12228 12232 12236 12240 12244 
          12248 12252 12256 12260 12264 12268 12272 12276 12280 12284 12288 12292 12296 12300 12304 12308 12312 12316 12320 12324 
          12328 12332 12336 12340 12344 12348 12352 12356 12360 12364 12368 12372 12376 12380 12384 12388 12392 12396 12400 12404 
          12408 12412 12416 12420 12424 12428 12432 12436 12440 12444 12448 12452 12456 12460 12464 12468 12472 12476 12480 12484 
          12488 12492 12496 12500 12504 12508 12512 12516 12520 12524 12528 12532 12536 12540 12544 12548 12552 12556 12560 12564 
          12568 12572 12576 12580 12584 12588 12592 12596 12600 12604 12608 12612 12616 12620 12624 12628 12632 12636 12640 12644 
          12648 12652 12656 12660 12664 12668 12672 12676 12680 12684 12688 12692 12696 12700 12704 12708 12712 12716 12720 12724 
          12728 12732 12736 12740 12744 12748 12752 12756 12760 12764 12768 12772 12776 12780 12784 12788 12792 12796 12800 12804 
          12808 12812 12816 12820 12824 12828 12832 12836 12840 12844 12848 12852 12856 12860 12864 12868 12872 12876 12880 12884 
          12888 12892 12896 12900 12904 12908 12912 12916 12920 12924 12928 12932 12936 12940 12944 12948 12952 12956 12960 12964 
          12968 12972 12976 12980 12984 12988 12992 12996 13000 13004 13008 13012 13016 13020 13024 13028 13032 13036 13040 13044 
          13048 13052 13056 13060 13064 13068 13072 13076 13080 13084 13088 13092 13096 13100 13104 13108 13112 13116 13120 13124 
          13128 13132 13136 13140 13144 13148 13152 13156 13160 13164 13168 13172 13176 13180 13184 13188 13192 13196 13200 13204 
          13208 13212 13216 13220 13224 13228 13232 13236 13240 13244 13248 13252 13256 13260 13264 13268 13272 13276 13280 13284 
          13288 13292 13296 13300 13304 13308 13312 13316 13320 13324 13328 13332 13336 13340 13344 13348 13352 13356 13360 13364 
          13368 13372 13376 13380 13384 13388 13392 13396 13400 13404 13408 13412 13416 13420 13424 13428 13432 13436 13440 13444 
          13448 13452 13456 13460 13464 13468 13472 13476 13480 13484 13488 13492 13496 13500 13504 13508 13512 13516 13520 13524 
          13528 13532 13536 13540 13544 13548 13552 13556 13560 13564 13568 13572 13576 13580 13584 13588 13592 13596 13600 13604 
          13608 13612 13616 13620 13624 13628 13632 13636 13640 13644 13648 13652 13656 13660 13664 13668 13672 13676 13680 13684 
          13688 13692 13696 13700 13704 13708 13712 13716 13720 13724 13728 13732 13736 13740 13744 13748 13752 13756 13760 13764 
          13768 13772 13776 13780 13784 13788 13792 13796 13800 13804 13808 13812 13816 13820 13824 13828 13832 13836 13840 13844 
          13848 13852 13856 13860 13864 13868 13872 13876 13880 13884 13888 13892 13896 13900 13904 13908 13912 13916 13920 13924 
          13928 13932 13936 13940 13944 13948 13952 13956 13960 13964 13968 13972 13976 13980 13984 13988 13992 13996 14000 14004 
          14008 14012 14016 14020 14024 14028 14032 14036 14040 14044 14048 14052 14056 14060 14064 14068 14072 14076 14080 14084 
          14088 14092 14096 14100 14104 14108 14112 14116 14120 14124 14128 14132 14136 14140 14144 14148 14152 14156 14160 14164 
          14168 14172 14176 14180 14184 14188 14192 14196 14200 14204 14208 14212 14216 14220 14224 14228 14232 14236 14240 14244 
          14248 14252 14256 14260 14264 14268 14272 14276 14280 14284 14288 14292 14296 14300 14304 14308 14312 14316 14320 14324 
          14328 14332 14336 14340 14344 14348 14352 14356 14360 14364 14368 14372 14376 14380 14384 14388 14392 14396 14400 14404 
          14408 14412 14416 14420 14424 14428 14432 14436 14440 14444 14448 14452 14456 14460 14464 14468 14472 14476 14480 14484 
          14488 14492 14496 14500 14504 14508 14512 14516 14520 14524 14528 14532 14536 14540 14544 14548 14552 14556 14560 14564 
          14568 14572 14576 14580 14584 14588 14592 14596 14600 14604 14608 14612 14616 14620 14624 14628 14632 14636 14640 14644 
          14648 14652 14656 14660 14664 14668 14672 14676 14680 14684 14688 14692 14696 14700 14704 14708 14712 14716 14720 14724 
          14728 14732 14736 14740 14744 14748 14752 14756 14760 14764 14768 14772 14776 14780 14784 14788 14792 14796 14800 14804 
          14808 14812 14816 14820 14824 14828 14832 14836 14840 14844 14848 14852 14856 14860 14864 14868 14872 14876 14880 14884 
          14888 14892 14896 14900 14904 14908 14912 14916 14920 14924 14928 14932 14936 14940 14944 14948 14952 14956 14960 14964 
          14968 14972 14976 14980 14984 14988 14992 14996 15000 15004 15008 15012 15016 15020 15024 15028 15032 15036 15040 15044 
          15048 15052 15056 15060 15064 15068 15072 15076 15080 15084 15088 15092 15096 15100 15104 15108 15112 15116 15120 15124 
          15128 15132 15136 15140 15144 15148 15152 15156 15160 15164 15168 15172 15176 15180 15184 15188 15192 15196 15200 15204 
          15208 15212 15216 15220 15224 15228 15232 15236 15240 15244 15248 15252 15256 15260 15264 15268 15272 15276 15280 15284 
          15288 15292 15296 15300 15304 15308 15312 15316 15320 15324 15328 15332 15336 15340 15344 15348 15352 15356 15360 15364 
          15368 15372 15376 15380 15384 15388 15392 15396 15400 15404 15408 15412 15416 15420 15424 15428 15432 15436 15440 15444 
          15448 15452 15456 15460 15464 15468 15472 15476 15480 15484 15488 15492 15496 15500 15504 15508 15512 15516 15520 15524 
          15528 15532 15536 15540 15544 15548 15552 15556 15560 15564 15568 15572 15576 15580 15584 15588 15592 15596 15600 15604 
          15608 15612 15616 15620 15624 15628 15632 15636 15640 15644 15648 15652 15656 15660 15664 15668 15672 15676 15680 15684 
          15688 15692 15696 15700 15704 15708 15712 15716 15720 15724 15728 15732 15736 15740 15744 15748 15752 15756 15760 15764 
          15768 15772 15776 15780 15784 15788 15792 15796 15800 15804 15808 15812 15816 15820 15824 15828 15832 15836 15840 15844 
          15848 15852 15856 15860 15864 15868 15872 15876 15880 15884 15888 15892 15896 15900 15904 15908 15912 15916 15920 15924 
          15928 15932 15936 15940 15944 15948 15952 15956 15960 15964 15968 15972 15976 15980 15984 15988 15992 15996 16000 16004 
          16008 16012 16016 16020 16024 16028 16032 16036 16040 16044 16048 16052 16056 16060 16064 16068 16072 16076 16080 16084 
          16088 16092 16096 16100 16104 16108 16112 16116 16120 16124 16128 16132 16136 16140 16144 16148 16152 16156 16160 16164 
          16168 16172 16176 16180 16184 16188 16192 16196 16200 16204 16208 16212 16216 16220 16224 16228 16232 16236 16240 16244 
          16248 16252 16256 16260 16264 16268 16272 16276 16280 16284 16288 16292 16296 16300 16304 16308 16312 16316 16320 16324 
          16328 16332 16336 16340 16344 16348 16352 16356 16360 16364 16368 16372 16376 16380 16384 16388 16392 16396 16400 16404 
          16408 16412 16416 16420 16424 16428 16432 16436 16440 16444 16448 16452 16456 16460 16464 16468 16472 16476 16480 16484 
          16488 16492 16496 16500 16504 16508 16512 16516 16520 16524 16528 16532 16536 16540 16544 16548 16552 16556 16560 16564 
          16568 16572 16576 16580 16584 16588 16592 16596 16600 16604 16608 16612 16616 16620 16624 16628 16632 16636 16640 16644 
          16648 16652 16656 16660 16664 16668 16672 16676 16680 16684 16688 16692 16696 16700 16704 16708 16712 16716 16720 16724 
          16728 16732 16736 16740 16744 16748 16752 16756 16760 16764 16768 16772 16776 16780 16784 16788 16792 16796 16800 16804 
          16808 16812 16816 16820 16824 16828 16832 16836 16840 16844 16848 16852 16856 16860 16864 16868 16872 16876 16880 16884 
          16888 16892 16896 16900 16904 16908 16912 16916 16920 16924 16928 16932 16936 16940 16944 16948 16952 16956 16960 16964 
          16968 16972 16976 16980 16984 16988 16992 16996 17000 17004 17008 17012 17016 17020 17024 17028 17032 17036 17040 17044 
          17048 17052 17056 17060 17064 17068 17072 17076 17080 17084 17088 17092 17096 17100 17104 17108 17112 17116 17120 17124 
          17128 17132 17136 17140 17144 17148 17152 17156 17160 17164 17168 17172 17176 17180 17184 17188 17192 17196 17200 17204 
          17208 17212 17216 17220 17224 17228 17232 17236 17240 17244 17248 17252 17256 17260 17264 17268 17272 17276 17280 17284 
          17288 17292 17296 17300 17304 17308 17312 17316 17320 17324 17328 17332 17336 17340 17344 17348 17352 17356 17360 17364 
          17368 17372 17376 17380 17384 17388 17392 17396 17400 17404 17408 17412 17416 17420 17424 17428 17432 17436 17440 17444 
          17448 17452 17456 17460 17464 17468 17472 17476 17480 17484 17488 17492 17496 17500 17504 17508 17512 17516 17520 17524 
          17528 17532 17536 17540 17544 17548 17552 17556 17560 17564 17568 17572 17576 17580 17584 17588 17592 17596 17600 17604 
          17608 17612 17616 17620 17624 17628 17632 17636 17640 17644 17648 17652 17656 17660 17664 17668 17672 17676 17680 17684 
          17688 17692 17696 17700 17704 17708 17712 17716 17720 17724 17728 17732 17736 17740 17744 17748 17752 17756 17760 17764 
          17768 17772 17776 17780 17784 17788 17792 17796 17800 17804 17808 17812 17816 17820 17824 17828 17832 17836 17840 17844 
          17848 17852 17856 17860 17864 17868 17872 17876 17880 17884 17888 17892 17896 17900 17904 17908 17912 17916 17920 17924 
          17928 17932 17936 17940 17944 17948 17952 17956 17960 17964 17968 17972 17976 17980 17984 17988 17992 17996 18000 18004 
          18008 18012 18016 18020 18024 18028 18032 18036 18040 18044 18048 18052 18056 18060 18064 18068 18072 18076 18080 18084 
          18088 18092 18096 18100 18104 18108 18112 18116 18120 18124 18128 18132 18136 18140 18144 18148 18152 18156 18160 18164 
          18168 18172 18176 18180 18184 18188 18192 18196 18200 18204 18208 18212 18216 18220 18224 18228 18232 18236 18240 18244 
          18248 18252 18256 18260 18264 18268 18272 18276 18280 18284 18288 18292 18296 18300 18304 18308 18312 18316 18320 18324 
          18328 18332 18336 18340 18344 18348 18352 18356 18360 18364 18368 18372 18376 18380 18384 18388 18392 18396 18400 18404 
          18408 18412 18416 18420 18424 18428 18432 18436 18440 18444 18448 18452 18456 18460 18464 18468 18472 18476 18480 18484 
          18488 18492 18496 18500 18504 18508 18512 18516 18520 18524 18528 18532 18536 18540 18544 18548 18552 18556 18560 18564 
          18568 18572 18576 18580 18584 18588 18592 18596 18600 18604 18608 18612 18616 18620 18624 18628 18632 18636 18640 18644 
          18648 18652 18656 18660 18664 18668 18672 18676 18680 18684 18688 18692 18696 18700 18704 18708 18712 18716 18720 18724 
          18728 18732 18736 18740 18744 18748 18752 18756 18760 18764 18768 18772 18776 18780 18784 18788 18792 18796 18800 18804 
          18808 18812 18816 18820 18824 18828 18832 18836 18840 18844 18848 18852 18856 18860 18864 18868 18872 18876 18880 18884 
          18888 18892 18896 18900 18904 18908 18912 18916 18920 18924 18928 18932 18936 18940 18944 18948 18952 18956 18960 18964 
          18968 18972 18976 18980 18984 18988 18992 18996 19000 19004 19008 19012 19016 19020 19024 19028 19032 19036 19040 19044 
          19048 19052 19056 19060 19064 19068 19072 19076 19080 19084 19088 19092 19096 19100 19104 19108 19112 19116 19120 19124 
          19128 19132 19136 19140 19144 19148 19152 19156 19160 19164 19168 19172 19176 19180 19184 19188 19192 19196 19200 19204 
          19208 19212 19216 19220 19224 19228 19232 19236 19240 19244 19248 19252 19256 19260 19264 19268 19272 19276 19280 19284 
          19288 19292 19296 19300 19304 19308 19312 19316 19320 19324 19328 19332 19336 19340 19344 19348 19352 19356 19360 19364 
          19368 19372 19376 19380 19384 19388 19392 19396 19400 19404 19408 19412 19416 19420 19424 19428 19432 19436 19440 19444 
          19448 19452 19456 19460 19464 19468 19472 19476 19480 19484 19488 19492 19496 19500 19504 19508 19512 19516 19520 19524 
          19528 19532 19536 19540 19544 19548 19552 19556 19560 19564 19568 19572 19576 19580 19584 19588 19592 19596 19600 19604 
          19608 19612 19616 19620 19624 19628 19632 19636 19640 19644 19648 19652 19656 19660 19664 19668 19672 19676 19680 19684 
          19688 19692 19696 19700 19704 19708 19712 19716 19720 19724 19728 19732 19736 19740 19744 19748 19752 19756 19760 19764 
          19768 19772 19776 19780 19784 19788 19792 19796 19800 19804 19808 19812 19816 19820 19824 19828 19832 19836 19840 19844 
          19848 19852 19856 19860 19864 19868 19872 19876 19880 19884 19888 19892 19896 19900 19904 19908 19912 19916 19920 19924 
          19928 19932 19936 19940 19944 19948 19952 19956 19960 19964 19968 19972 19976 19980 19984 19988 19992 19996 20000 20004 
          20008 20012 20016 20020 20024 20028 20032 20036 20040 20044 20048 20052 20056 20060 20064 20068 20072 20076 20080 20084 
          20088 20092 20096 20100 20104 20108 20112 20116 20120 20124 20128 20132 20136 20140 20144 20148 20152 20156 20160 20164 
          20168 20172 20176 20180 20184 20188 20192 20196 20200 20204 20208 20212 20216 20220 20224 20228 20232 20236 20240 20244 
          20248 20252 20256 20260 20264 20268 20272 20276 20280 20284 20288 20292 20296 20300 20304 20308 20312 20316 20320 20324 
          20328 20332 20336 20340 20344 20348 20352 20356 20360 20364 20368 20372 20376 20380 20384 20388 20392 20396 20400 20404 
          20408 20412 20416 20420 20424 20428 20432 20436 20440 20444 20448 20452 20456 20460 20464 20468 20472 20476 20480 20484 
          20488 20492 20496 20500 20504 20508 20512 20516 20520 20524 20528 20532 20536 20540 20544 20548 20552 20556 20560 20564 
          20568 20572 20576 20580 20584 20588 20592 20596 20600 20604 20608 20612 20616 20620 20624 20628 20632 20636 20640 20644 
          20648 20652 20656 20660 20664 20668 20672 20676 20680 20684 20688 20692 20696 20700 20704 20708 20712 20716 20720 20724 
          20728 20732 20736 20740 20744 20748 20752 20756 20760 20764 20768 20772 20776 20780 20784 20788 20792 20796 20800 20804 
          20808 20812 20816 20820 20824 20828 20832 20836 20840 20844 20848 20852 20856 20860 20864 20868 20872 20876 20880 20884 
          20888 20892 20896 20900 20904 20908 20912 20916 20920 20924 20928 20932 20936 20940 20944 20948 20952 20956 20960 20964 
          20968 20972 20976 20980 20984 20988 20992 20996 21000 21004 21008 21012 21016 21020 21024 21028 21032 21036 21040 21044 
          21048 21052 21056 21060 21064 21068 21072 21076 21080 21084 21088 21092 21096 21100 21104 21108 21112 21116 21120 21124 
          21128 21132 21136 21140 21144 21148 21152 21156 21160 21164 21168 21172 21176 21180 21184 21188 21192 21196 21200 21204 
          21208 21212 21216 21220 21224 21228 21232 21236 21240 21244 21248 21252 21256 21260 21264 21268 21272 21276 21280 21284 
          21288 21292 21296 21300 21304 21308 21312 21316 21320 21324 21328 21332 21336 21340 21344 21348 21352 21356 21360 21364 
          21368 21372 21376 21380 21384 21388 21392 21396 21400 21404 21408 21412 21416 21420 21424 21428 21432 21436 21440 21444 
          21448 21452 21456 21460 21464 21468 21472 21476 21480 21484 21488 21492 21496 21500 21504 21508 21512 21516 21520 21524 
          21528 21532 21536 21540 21544 21548 21552 21556 21560 21564 21568 21572 21576 21580 21584 21588 21592 21596 21600 21604 
          21608 21612 21616 21620 21624 21628 21632 21636 21640 21644 21648 21652 21656 21660 21664 21668 21672 21676 21680 21684 
          21688 21692 21696 21700 21704 21708 21712 21716 21720 21724 21728 21732 21736 21740 21744 21748 21752 21756 21760 21764 
          21768 21772 21776 21780 21784 21788 21792 21796 21800 21804 21808 21812 21816 21820 21824 21828 21832 21836 21840 21844 
          21848 21852 21856 21860 21864 21868 21872 21876 21880 21884 21888 21892 21896 21900 21904 21908 21912 21916 21920 21924 
          21928 21932 21936 21940 21944 21948 21952 21956 21960 21964 21968 21972 21976 21980 21984 21988 21992 21996 22000 22004 
          22008 22012 22016 22020 22024 22028 22032 22036 22040 22044 22048 22052 22056 22060 22064 22068 22072 22076 22080 22084 
          22088 22092 22096 22100 22104 22108 22112 22116 22120 22124 22128 22132 22136 22140 22144 22148 22152 22156 22160 22164 
          22168 22172 22176 22180 22184 22188 22192 22196 22200 22204 22208 22212 22216 22220 22224 22228 22232 22236 22240 22244 
          22248 22252 22256 22260 22264 22268 22272 22276 22280 22284 22288 22292 22296 22300 22304 22308 22312 22316 22320 22324 
          22328 22332 22336 22340 22344 22348 22352 22356 22360 22364 22368 22372 22376 22380 22384 22388 22392 22396 22400 22404 
          22408 22412 22416 22420 22424 22428 22432 22436 22440 22444 22448 22452 22456 22460 22464 22468 22472 22476 22480 22484 
          22488 22492 22496 22500 22504 22508 22512 22516 22520 22524 22528 22532 22536 22540 22544 22548 22552 22556 22560 22564 
          22568 22572 22576 22580 22584 22588 22592 22596 22600 22604 22608 22612 22616 22620 22624 22628 22632 22636 22640 22644 
          22648 22652 22656 22660 22664 22668 22672 22676 22680 22684 22688 22692 22696 22700 22704 22708 22712 22716 22720 22724 
          22728 22732 22736 22740 22744 22748 22752 22756 22760 22764 22768 22772 22776 22780 22784 22788 22792 22796 22800 22804 
          22808 22812 22816 22820 22824 22828 22832 22836 22840 22844 22848 22852 22856 22860 22864 22868 22872 22876 22880 22884 
          22888 22892 22896 22900 22904 22908 22912 22916 22920 22924 22928 22932 22936 22940 22944 22948 22952 22956 22960 22964 
          22968 22972 22976 22980 22984 22988 22992 22996 23000 23004 23008 23012 23016 23020 23024 23028 23032 23036 23040 23044 
          23048 23052 23056 23060 23064 23068 23072 23076 23080 23084 23088 23092 23096 23100 23104 23108 23112 23116 23120 23124 
          23128 23132 23136 23140 23144 23148 23152 23156 23160 23164 23168 23172 23176 23180 23184 23188 23192 23196 23200 23204 
          23208 23212 23216 23220 23224 23228 23232 23236 23240 23244 23248 23252 23256 23260 23264 23268 23272 23276 23280 23284 
          23288 23292 23296 23300 23304 23308 23312 23316 23320 23324 23328 23332 23336 23340 23344 23348 23352 23356 23360 23364 
          23368 23372 23376 23380 23384 23388 23392 23396 23400 23404 23408 23412 23416 23420 23424 23428 23432 23436 23440 23444 
          23448 23452 23456 23460 23464 23468 23472 23476 23480 23484 23488 23492 23496 23500 23504 23508 23512 23516 23520 23524 
          23528 23532 23536 23540 23544 23548 23552 23556 23560 23564 23568 23572 23576 23580 23584 23588 23592 23596 23600 23604 
          23608 23612 23616 23620 23624 23628 23632 23636 23640 23644 23648 23652 23656 23660 23664 23668 23672 23676 23680 23684 
          23688 23692 23696 23700 23704 23708 23712 23716 23720 23724 23728 23732 23736 23740 23744 23748 23752 23756 23760 23764 
          23768 23772 23776 23780 23784 23788 23792 23796 23800 23804 23808 23812 23816 23820 23824 23828 23832 23836 23840 23844 
          23848 23852 23856 23860 23864 23868 23872 23876 23880 23884 23888 23892 23896 23900 23904 23908 23912 23916 23920 23924 
          23928 23932 23936 23940 23944 23948 23952 23956 23960 23964 23968 23972 23976 23980 23984 23988 23992 23996 24000 24004 
          24008 24012 24016 24020 24024 24028 24032 24036 24040 24044 24048 24052 24056 24060 24064 24068 24072 24076 24080 24084 
          24088 24092 24096 24100 24104 24108 24112 24116 24120 24124 24128 24132 24136 24140 24144 24148 24152 24156 24160 24164 
          24168 24172 24176 24180 24184 24188 24192 24196 24200 24204 24208 24212 24216 24220 24224 24228 24232 24236 24240 24244 
          24248 24252 24256 24260 24264 24268 24272 24276 24280 24284 24288 24292 24296 24300 24304 24308 24312 24316 24320 24324 
          24328 24332 24336 24340 24344 24348 24352 24356 24360 24364 24368 24372 24376 24380 24384 24388 24392 24396 24400 24404 
          24408 24412 24416 24420 24424 24428 24432 24436 24440 24444 24448 24452 24456 24460 24464 24468 24472 24476 24480 24484 
          24488 24492 24496 24500 24504 24508 24512 24516 24520 24524 24528 24532 24536 24540 24544 24548 24552 24556 24560 24564 
          24568 24572 24576 24580 24584 24588 24592 24596 24600 24604 24608 24612 24616 24620 24624 24628 24632 24636 24640 24644 
          24648 24652 24656 24660 24664 24668 24672 24676 24680 24684 24688 24692 24696 24700 24704 24708 24712 24716 24720 24724 
          24728 24732 24736 24740 24744 24748 24752 24756 24760 24764 24768 24772 24776 24780 24784 24788 24792 24796 24800 24804 
          24808 24812 24816 24820 24824 24828 24832 24836 24840 24844 24848 24852 24856 24860 24864 24868 24872 24876 24880 24884 
          24888 24892 24896 24900 24904 24908 24912 24916 24920 24924 24928 24932 24936 24940 24944 24948 24952 24956 24960 24964 
          24968 24972 24976 24980 24984 24988 24992 24996 25000 25004 25008 25012 25016 25020 25024 25028 25032 25036 25040 25044 
          25048 25052 25056 25060 25064 25068 25072 25076 25080 25084 25088 25092 25096 25100 25104 25108 25112 25116 25120 25124 
          25128 25132 25136 25140 25144 25148 25152 25156 25160 25164 25168 25172 25176 25180 25184 25188 25192 25196 25200 25204 
          25208 25212 25216 25220 25224 25228 25232 25236 25240 25244 25248 25252 25256 25260 25264 25268 25272 25276 25280 25284 
          25288 25292 25296 25300 25304 25308 25312 25316 25320 25324 25328 25332 25336 25340 25344 25348 25352 25356 25360 25364 
          25368 25372 25376 25380 25384 25388 25392 25396 25400 25404 25408 25412 25416 25420 25424 25428 25432 25436 25440 25444 
          25448 25452 25456 25460 25464 25468 25472 25476 25480 25484 25488 25492 25496 25500 25504 25508 25512 25516 25520 25524 
          25528 25532 25536 25540 25544 25548 25552 25556 25560 25564 25568 25572 25576 25580 25584 25588 25592 25596 25600 25604 
          25608 25612 25616 25620 25624 25628 25632 25636 25640 25644 25648 25652 25656 25660 25664 25668 25672 25676 25680 25684 
          25688 25692 25696 25700 25704 25708 25712 25716 25720 25724 25728 25732 25736 25740 25744 25748 25752 25756 25760 25764 
          25768 25772 25776 25780 25784 25788 25792 25796 25800 25804 25808 25812 25816 25820 25824 25828 25832 25836 25840 25844 
          25848 25852 25856 25860 25864 25868 25872 
        </DataArray>
        <DataArray type="UInt8" Name="types" format="ascii">
          9 9 9 9 9 9 9 9 9 9 9 9 9 9 9 9 9 9 9 9 9 
          9 9 9 9 9 9 9 9 9 9 9 9 9 9 9 9 9 9 9 9 
          9 9 9 9 9 9 9 9 9 9 9 9 9 9 9 9 9 9 9 9 
          9 9 9 9 9 9 9 9 9 9 9 9 9 9 9 9 9 9 9 9 
          9 9 9 9 9 9 9 9 9 9 9 9 9 9 9 9 9 9 9 9 
          9 9 9 9 9 9 9 9 9 9 9 9 9 9 9 9 9 9 9 9 
          9 9 9 9 9 9 9 9 9 9 9 9 9 9 9 9 9 9 9 9 
          9 9 9 9 9 9 9 9 9 9 9 9 9 9 9 9 9 9 9 9 
          9 9 9 9 9 9 9 9 9 9 9 9 9 9 9 9 9 9 9 9 
          9 9 9 9 9 9 9 9 9 9 9 9 9 9 9 9 9 9 9 9 
          9 9 9 9 9 9 9 9 9 9 9 9 9 9 9 9 9 9 9 9 
          9 9 9 9 9 9 9 9 9 9 9 9 9 9 9 9 9 9 9 9 
          9 9 9 9 9 9 9 9 9 9 9 9 9 9 9 9 9 9 9 9 
          9 9 9 9 9 9 9 9 9 9 9 9 9 9 9 9 9 9 9 9 
          9 9 9 9 9 9 9 9 9 9 9 9 9 9 9 9 9 9 9 9 
          9 9 9 9 9 9 9 9 9 9 9 9 9 9 9 9 9 9 9 9 
          9 9 9 9 9 9 9 9 9 9 9 9 9 9 9 9 9 9 9 9 
          9 9 9 9 9 9 9 9 9 9 9 9 9 9 9 9 9 9 9 9 
          9 9 9 9 9 9 9 9 9 9 9 9 9 9 9 9 9 9 9 9 
          9 9 9 9 9 9 9 9 9 9 9 9 9 9 9 9 9 9 9 9 
          9 9 9 9 9 9 9 9 9 9 9 9 9 9 9 9 9 9 9 9 
          9 9 9 9 9 9 9 9 9 9 9 9 9 9 9 9 9 9 9 9 
          9 9 9 9 9 9 9 9 9 9 9 9 9 9 9 9 9 9 9 9 
          9 9 9 9 9 9 9 9 9 9 9 9 9 9 9 9 9 9 9 9 
          9 9 9 9 9 9 9 9 9 9 9 9 9 9 9 9 9 9 9 9 
          9 9 9 9 9 9 9 9 9 9 9 9 9 9 9 9 9 9 9 9 
          9 9 9 9 9 9 9 9 9 9 9 9 9 9 9 9 9 9 9 9 
          9 9 9 9 9 9 9 9 9 9 9 9 9 9 9 9 9 9 9 9 
          9 9 9 9 9 9 9 9 9 9 9 9 9 9 9 9 9 9 9 9 
          9 9 9 9 9 9 9 9 9 9 9 9 9 9 9 9 9 9 9 9 
          9 9 9 9 9 9 9 9 9 9 9 9 9 9 9 9 9 9 9 9 
          9 9 9 9 9 9 9 9 9 9 9 9 9 9 9 9 9 9 9 9 
          9 9 9 9 9 9 9 9 9 9 9 9 9 9 9 9 9 9 9 9 
          9 9 9 9 9 9 9 9 9 9 9 9 9 9 9 9 9 9 9 9 
          9 9 9 9 9 9 9 9 9 9 9 9 9 9 9 9 9 9 9 9 
          9 9 9 9 9 9 9 9 9 9 9 9 9 9 9 9 9 9 9 9 
          9 9 9 9 9 9 9 9 9 9 9 9 9 9 9 9 9 9 9 9 
          9 9 9 9 9 9 9 9 9 9 9 9 9 9 9 9 9 9 9 9 
          9 9 9 9 9 9 9 9 9 9 9 9 9 9 9 9 9 9 9 9 
          9 9 9 9 9 9 9 9 9 9 9 9 9 9 9 9 9 9 9 9 
          9 9 9 9 9 9 9 9 9 9 9 9 9 9 9 9 9 9 9 9 
          9 9 9 9 9 9 9 9 9 9 9 9 9 9 9 9 9 9 9 9 
          9 9 9 9 9 9 9 9 9 9 9 9 9 9 9 9 9 9 9 9 
          9 9 9 9 9 9 9 9 9 9 9 9 9 9 9 9 9 9 9 9 
          9 9 9 9 9 9 9 9 9 9 9 9 9 9 9 9 9 9 9 9 
          9 9 9 9 9 9 9 9 9 9 9 9 9 9 9 9 9 9 9 9 
          9 9 9 9 9 9 9 9 9 9 9 9 9 9 9 9 9 9 9 9 
          9 9 9 9 9 9 9 9 9 9 9 9 9 9 9 9 9 9 9 9 
          9 9 9 9 9 9 9 9 9 9 9 9 9 9 9 9 9 9 9 9 
          9 9 9 9 9 9 9 9 9 9 9 9 9 9 9 9 9 9 9 9 
          9 9 9 9 9 9 9 9 9 9 9 9 9 9 9 9 9 9 9 9 
          9 9 9 9 9 9 9 9 9 9 9 9 9 9 9 9 9 9 9 9 
          9 9 9 9 9 9 9 9 9 9 9 9 9 9 9 9 9 9 9 9 
          9 9 9 9 9 9 9 9 9 9 9 9 9 9 9 9 9 9 9 9 
          9 9 9 9 9 9 9 9 9 9 9 9 9 9 9 9 9 9 9 9 
          9 9 9 9 9 9 9 9 9 9 9 9 9 9 9 9 9 9 9 9 
          9 9 9 9 9 9 9 9 9 9 9 9 9 9 9 9 9 9 9 9 
          9 9 9 9 9 9 9 9 9 9 9 9 9 9 9 9 9 9 9 9 
          9 9 9 9 9 9 9 9 9 9 9 9 9 9 9 9 9 9 9 9 
          9 9 9 9 9 9 9 9 9 9 9 9 9 9 9 9 9 9 9 9 
          9 9 9 9 9 9 9 9 9 9 9 9 9 9 9 9 9 9 9 9 
          9 9 9 9 9 9 9 9 9 9 9 9 9 9 9 9 9 9 9 9 
          9 9 9 9 9 9 9 9 9 9 9 9 9 9 9 9 9 9 9 9 
          9 9 9 9 9 9 9 9 9 9 9 9 9 9 9 9 9 9 9 9 
          9 9 9 9 9 9 9 9 9 9 9 9 9 9 9 9 9 9 9 9 
          9 9 9 9 9 9 9 9 9 9 9 9 9 9 9 9 9 9 9 9 
          9 9 9 9 9 9 9 9 9 9 9 9 9 9 9 9 9 9 9 9 
          9 9 9 9 9 9 9 9 9 9 9 9 9 9 9 9 9 9 9 9 
          9 9 9 9 9 9 9 9 9 9 9 9 9 9 9 9 9 9 9 9 
          9 9 9 9 9 9 9 9 9 9 9 9 9 9 9 9 9 9 9 9 
          9 9 9 9 9 9 9 9 9 9 9 9 9 9 9 9 9 9 9 9 
          9 9 9 9 9 9 9 9 9 9 9 9 9 9 9 9 9 9 9 9 
          9 9 9 9 9 9 9 9 9 9 9 9 9 9 9 9 9 9 9 9 
          9 9 9 9 9 9 9 9 9 9 9 9 9 9 9 9 9 9 9 9 
          9 9 9 9 9 9 9 9 9 9 9 9 9 9 9 9 9 9 9 9 
          9 9 9 9 9 9 9 9 9 9 9 9 9 9 9 9 9 9 9 9 
          9 9 9 9 9 9 9 9 9 9 9 9 9 9 9 9 9 9 9 9 
          9 9 9 9 9 9 9 9 9 9 9 9 9 9 9 9 9 9 9 9 
          9 9 9 9 9 9 9 9 9 9 9 9 9 9 9 9 9 9 9 9 
          9 9 9 9 9 9 9 9 9 9 9 9 9 9 9 9 9 9 9 9 
          9 9 9 9 9 9 9 9 9 9 9 9 9 9 9 9 9 9 9 9 
          9 9 9 9 9 9 9 9 9 9 9 9 9 9 9 9 9 9 9 9 
          9 9 9 9 9 9 9 9 9 9 9 9 9 9 9 9 9 9 9 9 
          9 9 9 9 9 9 9 9 9 9 9 9 9 9 9 9 9 9 9 9 
          9 9 9 9 9 9 9 9 9 9 9 9 9 9 9 9 9 9 9 9 
          9 9 9 9 9 9 9 9 9 9 9 9 9 9 9 9 9 9 9 9 
          9 9 9 9 9 9 9 9 9 9 9 9 9 9 9 9 9 9 9 9 
          9 9 9 9 9 9 9 9 9 9 9 9 9 9 9 9 9 9 9 9 
          9 9 9 9 9 9 9 9 9 9 9 9 9 9 9 9 9 9 9 9 
          9 9 9 9 9 9 9 9 9 9 9 9 9 9 9 9 9 9 9 9 
          9 9 9 9 9 9 9 9 9 9 9 9 9 9 9 9 9 9 9 9 
          9 9 9 9 9 9 9 9 9 9 9 9 9 9 9 9 9 9 9 9 
          9 9 9 9 9 9 9 9 9 9 9 9 9 9 9 9 9 9 9 9 
          9 9 9 9 9 9 9 9 9 9 9 9 9 9 9 9 9 9 9 9 
          9 9 9 9 9 9 9 9 9 9 9 9 9 9 9 9 9 9 9 9 
          9 9 9 9 9 9 9 9 9 9 9 9 9 9 9 9 9 9 9 9 
          9 9 9 9 9 9 9 9 9 9 9 9 9 9 9 9 9 9 9 9 
          9 9 9 9 9 9 9 9 9 9 9 9 9 9 9 9 9 9 9 9 
          9 9 9 9 9 9 9 9 9 9 9 9 9 9 9 9 9 9 9 9 
          9 9 9 9 9 9 9 9 9 9 9 9 9 9 9 9 9 9 9 9 
          9 9 9 9 9 9 9 9 9 9 9 9 9 9 9 9 9 9 9 9 
          9 9 9 9 9 9 9 9 9 9 9 9 9 9 9 9 9 9 9 9 
          9 9 9 9 9 9 9 9 9 9 9 9 9 9 9 9 9 9 9 9 
          9 9 9 9 9 9 9 9 9 9 9 9 9 9 9 9 9 9 9 9 
          9 9 9 9 9 9 9 9 9 9 9 9 9 9 9 9 9 9 9 9 
          9 9 9 9 9 9 9 9 9 9 9 9 9 9 9 9 9 9 9 9 
          9 9 9 9 9 9 9 9 9 9 9 9 9 9 9 9 9 9 9 9 
          9 9 9 9 9 9 9 9 9 9 9 9 9 9 9 9 9 9 9 9 
          9 9 9 9 9 9 9 9 9 9 9 9 9 9 9 9 9 9 9 9 
          9 9 9 9 9 9 9 9 9 9 9 9 9 9 9 9 9 9 9 9 
          9 9 9 9 9 9 9 9 9 9 9 9 9 9 9 9 9 9 9 9 
          9 9 9 9 9 9 9 9 9 9 9 9 9 9 9 9 9 9 9 9 
          9 9 9 9 9 9 9 9 9 9 9 9 9 9 9 9 9 9 9 9 
          9 9 9 9 9 9 9 9 9 9 9 9 9 9 9 9 9 9 9 9 
          9 9 9 9 9 9 9 9 9 9 9 9 9 9 9 9 9 9 9 9 
          9 9 9 9 9 9 9 9 9 9 9 9 9 9 9 9 9 9 9 9 
          9 9 9 9 9 9 9 9 9 9 9 9 9 9 9 9 9 9 9 9 
          9 9 9 9 9 9 9 9 9 9 9 9 9 9 9 9 9 9 9 9 
          9 9 9 9 9 9 9 9 9 9 9 9 9 9 9 9 9 9 9 9 
          9 9 9 9 9 9 9 9 9 9 9 9 9 9 9 9 9 9 9 9 
          9 9 9 9 9 9 9 9 9 9 9 9 9 9 9 9 9 9 9 9 
          9 9 9 9 9 9 9 9 9 9 9 9 9 9 9 9 9 9 9 9 
          9 9 9 9 9 9 9 9 9 9 9 9 9 9 9 9 9 9 9 9 
          9 9 9 9 9 9 9 9 9 9 9 9 9 9 9 9 9 9 9 9 
          9 9 9 9 9 9 9 9 9 9 9 9 9 9 9 9 9 9 9 9 
          9 9 9 9 9 9 9 9 9 9 9 9 9 9 9 9 9 9 9 9 
          9 9 9 9 9 9 9 9 9 9 9 9 9 9 9 9 9 9 9 9 
          9 9 9 9 9 9 9 9 9 9 9 9 9 9 9 9 9 9 9 9 
          9 9 9 9 9 9 9 9 9 9 9 9 9 9 9 9 9 9 9 9 
          9 9 9 9 9 9 9 9 9 9 9 9 9 9 9 9 9 9 9 9 
          9 9 9 9 9 9 9 9 9 9 9 9 9 9 9 9 9 9 9 9 
          9 9 9 9 9 9 9 9 9 9 9 9 9 9 9 9 9 9 9 9 
          9 9 9 9 9 9 9 9 9 9 9 9 9 9 9 9 9 9 9 9 
          9 9 9 9 9 9 9 9 9 9 9 9 9 9 9 9 9 9 9 9 
          9 9 9 9 9 9 9 9 9 9 9 9 9 9 9 9 9 9 9 9 
          9 9 9 9 9 9 9 9 9 9 9 9 9 9 9 9 9 9 9 9 
          9 9 9 9 9 9 9 9 9 9 9 9 9 9 9 9 9 9 9 9 
          9 9 9 9 9 9 9 9 9 9 9 9 9 9 9 9 9 9 9 9 
          9 9 9 9 9 9 9 9 9 9 9 9 9 9 9 9 9 9 9 9 
          9 9 9 9 9 9 9 9 9 9 9 9 9 9 9 9 9 9 9 9 
          9 9 9 9 9 9 9 9 9 9 9 9 9 9 9 9 9 9 9 9 
          9 9 9 9 9 9 9 9 9 9 9 9 9 9 9 9 9 9 9 9 
          9 9 9 9 9 9 9 9 9 9 9 9 9 9 9 9 9 9 9 9 
          9 9 9 9 9 9 9 9 9 9 9 9 9 9 9 9 9 9 9 9 
          9 9 9 9 9 9 9 9 9 9 9 9 9 9 9 9 9 9 9 9 
          9 9 9 9 9 9 9 9 9 9 9 9 9 9 9 9 9 9 9 9 
          9 9 9 9 9 9 9 9 9 9 9 9 9 9 9 9 9 9 9 9 
          9 9 9 9 9 9 9 9 9 9 9 9 9 9 9 9 9 9 9 9 
          9 9 9 9 9 9 9 9 9 9 9 9 9 9 9 9 9 9 9 9 
          9 9 9 9 9 9 9 9 9 9 9 9 9 9 9 9 9 9 9 9 
          9 9 9 9 9 9 9 9 9 9 9 9 9 9 9 9 9 9 9 9 
          9 9 9 9 9 9 9 9 9 9 9 9 9 9 9 9 9 9 9 9 
          9 9 9 9 9 9 9 9 9 9 9 9 9 9 9 9 9 9 9 9 
          9 9 9 9 9 9 9 9 9 9 9 9 9 9 9 9 9 9 9 9 
          9 9 9 9 9 9 9 9 9 9 9 9 9 9 9 9 9 9 9 9 
          9 9 9 9 9 9 9 9 9 9 9 9 9 9 9 9 9 9 9 9 
          9 9 9 9 9 9 9 9 9 9 9 9 9 9 9 9 9 9 9 9 
          9 9 9 9 9 9 9 9 9 9 9 9 9 9 9 9 9 9 9 9 
          9 9 9 9 9 9 9 9 9 9 9 9 9 9 9 9 9 9 9 9 
          9 9 9 9 9 9 9 9 9 9 9 9 9 9 9 9 9 9 9 9 
          9 9 9 9 9 9 9 9 9 9 9 9 9 9 9 9 9 9 9 9 
          9 9 9 9 9 9 9 9 9 9 9 9 9 9 9 9 9 9 9 9 
          9 9 9 9 9 9 9 9 9 9 9 9 9 9 9 9 9 9 9 9 
          9 9 9 9 9 9 9 9 9 9 9 9 9 9 9 9 9 9 9 9 
          9 9 9 9 9 9 9 9 9 9 9 9 9 9 9 9 9 9 9 9 
          9 9 9 9 9 9 9 9 9 9 9 9 9 9 9 9 9 9 9 9 
          9 9 9 9 9 9 9 9 9 9 9 9 9 9 9 9 9 9 9 9 
          9 9 9 9 9 9 9 9 9 9 9 9 9 9 9 9 9 9 9 9 
          9 9 9 9 9 9 9 9 9 9 9 9 9 9 9 9 9 9 9 9 
          9 9 9 9 9 9 9 9 9 9 9 9 9 9 9 9 9 9 9 9 
          9 9 9 9 9 9 9 9 9 9 9 9 9 9 9 9 9 9 9 9 
          9 9 9 9 9 9 9 9 9 9 9 9 9 9 9 9 9 9 9 9 
          9 9 9 9 9 9 9 9 9 9 9 9 9 9 9 9 9 9 9 9 
          9 9 9 9 9 9 9 9 9 9 9 9 9 9 9 9 9 9 9 9 
          9 9 9 9 9 9 9 9 9 9 9 9 9 9 9 9 9 9 9 9 
          9 9 9 9 9 9 9 9 9 9 9 9 9 9 9 9 9 9 9 9 
          9 9 9 9 9 9 9 9 9 9 9 9 9 9 9 9 9 9 9 9 
          9 9 9 9 9 9 9 9 9 9 9 9 9 9 9 9 9 9 9 9 
          9 9 9 9 9 9 9 9 9 9 9 9 9 9 9 9 9 9 9 9 
          9 9 9 9 9 9 9 9 9 9 9 9 9 9 9 9 9 9 9 9 
          9 9 9 9 9 9 9 9 9 9 9 9 9 9 9 9 9 9 9 9 
          9 9 9 9 9 9 9 9 9 9 9 9 9 9 9 9 9 9 9 9 
          9 9 9 9 9 9 9 9 9 9 9 9 9 9 9 9 9 9 9 9 
          9 9 9 9 9 9 9 9 9 9 9 9 9 9 9 9 9 9 9 9 
          9 9 9 9 9 9 9 9 9 9 9 9 9 9 9 9 9 9 9 9 
          9 9 9 9 9 9 9 9 9 9 9 9 9 9 9 9 9 9 9 9 
          9 9 9 9 9 9 9 9 9 9 9 9 9 9 9 9 9 9 9 9 
          9 9 9 9 9 9 9 9 9 9 9 9 9 9 9 9 9 9 9 9 
          9 9 9 9 9 9 9 9 9 9 9 9 9 9 9 9 9 9 9 9 
          9 9 9 9 9 9 9 9 9 9 9 9 9 9 9 9 9 9 9 9 
          9 9 9 9 9 9 9 9 9 9 9 9 9 9 9 9 9 9 9 9 
          9 9 9 9 9 9 9 9 9 9 9 9 9 9 9 9 9 9 9 9 
          9 9 9 9 9 9 9 9 9 9 9 9 9 9 9 9 9 9 9 9 
          9 9 9 9 9 9 9 9 9 9 9 9 9 9 9 9 9 9 9 9 
          9 9 9 9 9 9 9 9 9 9 9 9 9 9 9 9 9 9 9 9 
          9 9 9 9 9 9 9 9 9 9 9 9 9 9 9 9 9 9 9 9 
          9 9 9 9 9 9 9 9 9 9 9 9 9 9 9 9 9 9 9 9 
          9 9 9 9 9 9 9 9 9 9 9 9 9 9 9 9 9 9 9 9 
          9 9 9 9 9 9 9 9 9 9 9 9 9 9 9 9 9 9 9 9 
          9 9 9 9 9 9 9 9 9 9 9 9 9 9 9 9 9 9 9 9 
          9 9 9 9 9 9 9 9 9 9 9 9 9 9 9 9 9 9 9 9 
          9 9 9 9 9 9 9 9 9 9 9 9 9 9 9 9 9 9 9 9 
          9 9 9 9 9 9 9 9 9 9 9 9 9 9 9 9 9 9 9 9 
          9 9 9 9 9 9 9 9 9 9 9 9 9 9 9 9 9 9 9 9 
          9 9 9 9 9 9 9 9 9 9 9 9 9 9 9 9 9 9 9 9 
          9 9 9 9 9 9 9 9 9 9 9 9 9 9 9 9 9 9 9 9 
          9 9 9 9 9 9 9 9 9 9 9 9 9 9 9 9 9 9 9 9 
          9 9 9 9 9 9 9 9 9 9 9 9 9 9 9 9 9 9 9 9 
          9 9 9 9 9 9 9 9 9 9 9 9 9 9 9 9 9 9 9 9 
          9 9 9 9 9 9 9 9 9 9 9 9 9 9 9 9 9 9 9 9 
          9 9 9 9 9 9 9 9 9 9 9 9 9 9 9 9 9 9 9 9 
          9 9 9 9 9 9 9 9 9 9 9 9 9 9 9 9 9 9 9 9 
          9 9 9 9 9 9 9 9 9 9 9 9 9 9 9 9 9 9 9 9 
          9 9 9 9 9 9 9 9 9 9 9 9 9 9 9 9 9 9 9 9 
          9 9 9 9 9 9 9 9 9 9 9 9 9 9 9 9 9 9 9 9 
          9 9 9 9 9 9 9 9 9 9 9 9 9 9 9 9 9 9 9 9 
          9 9 9 9 9 9 9 9 9 9 9 9 9 9 9 9 9 9 9 9 
          9 9 9 9 9 9 9 9 9 9 9 9 9 9 9 9 9 9 9 9 
          9 9 9 9 9 9 9 9 9 9 9 9 9 9 9 9 9 9 9 9 
          9 9 9 9 9 9 9 9 9 9 9 9 9 9 9 9 9 9 9 9 
          9 9 9 9 9 9 9 9 9 9 9 9 9 9 9 9 9 9 9 9 
          9 9 9 9 9 9 9 9 9 9 9 9 9 9 9 9 9 9 9 9 
          9 9 9 9 9 9 9 9 9 9 9 9 9 9 9 9 9 9 9 9 
          9 9 9 9 9 9 9 9 9 9 9 9 9 9 9 9 9 9 9 9 
          9 9 9 9 9 9 9 9 9 9 9 9 9 9 9 9 9 9 9 9 
          9 9 9 9 9 9 9 9 9 9 9 9 9 9 9 9 9 9 9 9 
          9 9 9 9 9 9 9 9 9 9 9 9 9 9 9 9 9 9 9 9 
          9 9 9 9 9 9 9 9 9 9 9 9 9 9 9 9 9 9 9 9 
          9 9 9 9 9 9 9 9 9 9 9 9 9 9 9 9 9 9 9 9 
          9 9 9 9 9 9 9 9 9 9 9 9 9 9 9 9 9 9 9 9 
          9 9 9 9 9 9 9 9 9 9 9 9 9 9 9 9 9 9 9 9 
          9 9 9 9 9 9 9 9 9 9 9 9 9 9 9 9 9 9 9 9 
          9 9 9 9 9 9 9 9 9 9 9 9 9 9 9 9 9 9 9 9 
          9 9 9 9 9 9 9 9 9 9 9 9 9 9 9 9 9 9 9 9 
          9 9 9 9 9 9 9 9 9 9 9 9 9 9 9 9 9 9 9 9 
          9 9 9 9 9 9 9 9 9 9 9 9 9 9 9 9 9 9 9 9 
          9 9 9 9 9 9 9 9 9 9 9 9 9 9 9 9 9 9 9 9 
          9 9 9 9 9 9 9 9 9 9 9 9 9 9 9 9 9 9 9 9 
          9 9 9 9 9 9 9 9 9 9 9 9 9 9 9 9 9 9 9 9 
          9 9 9 9 9 9 9 9 9 9 9 9 9 9 9 9 9 9 9 9 
          9 9 9 9 9 9 9 9 9 9 9 9 9 9 9 9 9 9 9 9 
          9 9 9 9 9 9 9 9 9 9 9 9 9 9 9 9 9 9 9 9 
          9 9 9 9 9 9 9 9 9 9 9 9 9 9 9 9 9 9 9 9 
          9 9 9 9 9 9 9 9 9 9 9 9 9 9 9 9 9 9 9 9 
          9 9 9 9 9 9 9 9 9 9 9 9 9 9 9 9 9 9 9 9 
          9 9 9 9 9 9 9 9 9 9 9 9 9 9 9 9 9 9 9 9 
          9 9 9 9 9 9 9 9 9 9 9 9 9 9 9 9 9 9 9 9 
          9 9 9 9 9 9 9 9 9 9 9 9 9 9 9 9 9 9 9 9 
          9 9 9 9 9 9 9 9 9 9 9 9 9 9 9 9 9 9 9 9 
          9 9 9 9 9 9 9 9 9 9 9 9 9 9 9 9 9 9 9 9 
          9 9 9 9 9 9 9 9 9 9 9 9 9 9 9 9 9 9 9 9 
          9 9 9 9 9 9 9 9 9 9 9 9 9 9 9 9 9 9 9 9 
          9 9 9 9 9 9 9 9 9 9 9 9 9 9 9 9 9 9 9 9 
          9 9 9 9 9 9 9 9 9 9 9 9 9 9 9 9 9 9 9 9 
          9 9 9 9 9 9 9 9 9 9 9 9 9 9 9 9 9 9 9 9 
          9 9 9 9 9 9 9 9 9 9 9 9 9 9 9 9 9 9 9 9 
          9 9 9 9 9 9 9 9 9 9 9 9 9 9 9 9 9 9 9 9 
          9 9 9 9 9 9 9 9 9 9 9 9 9 9 9 9 9 9 9 9 
          9 9 9 9 9 9 9 9 9 9 9 9 9 9 9 9 9 9 9 9 
          9 9 9 9 9 9 9 9 9 9 9 9 9 9 9 9 9 9 9 9 
          9 9 9 9 9 9 9 9 9 9 9 9 9 9 9 9 9 9 9 9 
          9 9 9 9 9 9 9 9 9 9 9 9 9 9 9 9 9 9 9 9 
          9 9 9 9 9 9 9 9 9 9 9 9 9 9 9 9 9 9 9 9 
          9 9 9 9 9 9 9 9 9 9 9 9 9 9 9 9 9 9 9 9 
          9 9 9 9 9 9 9 9 9 9 9 9 9 9 9 9 9 9 9 9 
          9 9 9 9 9 9 9 9 9 9 9 9 9 9 9 9 9 9 9 9 
          9 9 9 9 9 9 9 9 9 9 9 9 9 9 9 9 9 9 9 9 
          9 9 9 9 9 9 9 9 9 9 9 9 9 9 9 9 9 9 9 9 
          9 9 9 9 9 9 9 9 9 9 9 9 9 9 9 9 9 9 9 9 
          9 9 9 9 9 9 9 9 9 9 9 9 9 9 9 9 9 9 9 9 
          9 9 9 9 9 9 9 9 9 9 9 9 9 9 9 9 9 9 9 9 
          9 9 9 9 9 9 9 9 9 9 9 9 9 9 9 9 9 9 9 9 
          9 9 9 9 9 9 9 9 9 9 9 9 9 9 9 9 9 9 9 9 
          9 9 9 9 9 9 9 9 9 9 9 9 9 9 9 9 9 9 9 9 
          9 9 9 9 9 9 9 9 9 9 9 9 9 9 9 9 9 9 9 9 
          9 9 9 9 9 9 9 9 9 9 9 9 9 9 9 9 9 9 9 9 
          9 9 9 9 9 9 9 9 9 9 9 9 9 9 9 9 9 9 9 9 
          9 9 9 9 9 9 9 9 9 9 9 9 9 9 9 9 9 9 9 9 
          9 9 9 9 9 9 9 9 9 9 9 9 9 9 9 9 9 9 9 9 
          9 9 9 9 9 9 9 9 9 9 9 9 9 9 9 9 9 9 9 9 
          9 9 9 9 9 9 9 9 9 9 9 9 9 9 9 9 9 9 9 9 
          9 9 9 9 9 9 9 9 9 9 9 9 9 9 9 9 9 9 9 9 
          9 9 9 9 9 9 9 9 9 9 9 9 9 9 9 9 9 9 9 9 
          9 9 9 9 9 9 9 9 9 9 9 9 9 9 9 9 9 9 9 9 
          9 9 9 9 9 9 9 9 9 9 9 9 9 9 9 9 9 9 9 9 
          9 9 9 9 9 9 9 9 9 9 9 9 9 9 9 9 9 9 9 9 
          9 9 9 9 9 9 9 9 9 9 9 9 9 9 9 9 9 9 9 9 
          9 9 9 9 9 9 9 9 9 9 9 9 9 9 9 9 9 9 9 9 
          9 9 9 9 9 9 9 9 9 9 9 9 9 9 9 9 9 9 9 9 
          9 9 9 9 9 9 9 9 9 9 9 9 9 9 9 9 9 9 9 9 
          9 9 9 9 9 9 9 9 9 9 9 9 9 9 9 9 9 9 9 9 
          9 9 9 9 9 9 9 9 9 9 9 9 9 9 9 9 9 9 9 9 
          9 9 9 9 9 9 9 9 9 9 9 9 9 9 9 9 9 9 9 9 
          9 9 9 9 9 9 9 9 9 9 9 9 9 9 9 9 9 9 9 9 
          9 9 9 9 9 9 9 9 9 9 9 9 9 9 9 9 9 9 9 9 
          9 9 9 9 9 9 9 9 9 9 9 9 9 9 9 9 9 9 9 9 
          9 9 9 9 9 9 9 9 9 9 9 9 9 9 9 9 9 9 9 9 
          9 9 9 9 9 9 9 9 9 9 9 9 9 9 9 9 9 9 9 9 
          9 9 9 9 9 9 9 9 9 9 9 9 9 9 9 9 9 9 9 9 
          9 9 9 9 9 9 9 9 9 9 9 9 9 9 9 9 9 9 9 9 
          9 9 9 9 9 9 9 9 9 9 9 9 9 9 9 9 9 9 9 9 
          9 9 9 9 9 9 9 9 9 9 9 9 9 9 9 9 9 9 9 9 
          9 9 9 9 9 9 9 9 9 9 9 9 9 9 9 9 9 9 9 9 
          9 9 9 9 9 9 9 9 9 9 9 9 9 9 9 9 9 9 9 9 
          9 9 9 9 9 9 9 9 9 9 9 9 9 9 9 9 9 9 9 9 
          9 9 9 9 9 9 9 9 9 9 9 9 9 9 9 9 9 9 9 9 
          9 9 9 9 9 9 9 9 9 9 9 9 9 9 9 9 9 9 9 9 
          9 9 9 9 9 9 9 9 9 9 9 9 9 9 9 9 9 9 9 9 
          9 9 9 9 9 9 9 9 9 9 9 9 9 9 9 9 9 9 9 9 
          9 9 9 9 9 9 9 9 9 9 9 9 9 9 9 9 9 9 9 9 
          9 9 9 9 9 9 9 9 9 9 9 9 9 9 9 9 9 9 9 9 
          9 9 9 9 9 9 9 9 9 9 9 9 9 9 9 9 9 9 9 9 
          9 9 9 9 9 9 9 9 9 9 9 9 9 9 9 9 9 9 9 9 
          9 9 9 9 9 9 9 9 9 9 9 9 9 9 9 9 9 9 9 9 
          9 9 9 9 9 9 9 9 9 9 9 9 9 9 9 9 9 9 9 9 
          9 9 9 9 9 9 9 9 9 9 9 9 9 9 9 9 9 9 9 9 
          9 9 9 9 9 9 9 9 9 9 9 9 9 9 9 9 9 9 9 9 
          9 9 9 9 9 9 9 9 9 9 9 9 9 9 9 9 9 9 9 9 
          9 9 9 9 9 9 9 9 9 9 9 9 9 9 9 9 9 9 9 9 
          9 9 9 9 9 9 9 9 9 9 9 9 9 9 9 9 9 9 9 9 
          9 9 9 9 9 9 9 9 9 9 9 9 9 9 9 9 9 9 9 9 
          9 9 9 9 9 9 9 9 9 9 9 9 9 9 9 9 9 9 9 9 
          9 9 9 9 9 9 9 9 9 9 9 9 9 9 9 9 9 9 9 9 
          9 9 9 9 9 9 9 
        </DataArray>
      </Cells>
    </Piece>
  </UnstructuredGrid>
</VTKFile>
