<VTKFile type="UnstructuredGrid" version="1.0" byte_order="LittleEndian" header_type="UInt64">
  <UnstructuredGrid>
    <Piece NumberOfPoints="6630" NumberOfCells="6468">
      <CellData Scalars="Water Table">
        <DataArray type="Float64" Name="Heads" format="ascii">
          128.2183074951172 128.7024688720703 129.01756286621094 129.21841430664062 129.3653106689453 129.47430419921875 129.556884765625 129.61456298828125 129.64898681640625 129.66416931152344 129.66162109375 129.6421356201172 129.605712890625 129.5537109375 129.48655700683594 129.4045867919922 129.30538940429688 129.18661499023438 129.04672241210938 128.88336181640625 128.68743896484375
          128.44793701171875 128.1356658935547 127.61212158203125 127.31876373291016 127.50946044921875 127.8212661743164 127.93988800048828 127.98278045654297 127.9792251586914 127.94231414794922 127.87852478027344 127.79218292236328 127.6856918334961 127.56005859375 127.41976928710938 127.26260375976562 127.08958435058594 126.89610290527344 126.68367767333984 126.45732116699219
          126.2134780883789 125.95147705078125 125.67166900634766 125.3697280883789 125.05442810058594 124.72415161132812 124.37458801269531 124.001220703125 123.60567474365234 123.1859359741211 122.74279022216797 122.2752456665039 121.7806625366211 121.2697525024414 120.73812866210938 120.19358825683594 119.62903594970703 119.04913330078125 118.44466400146484 117.81548309326172
          117.1619644165039 116.4805908203125 115.77454376220703 115.04461669921875 114.30561828613281 113.55951690673828 112.8336181640625 112.07977294921875 111.35342407226562 110.67147064208984 110.00758361816406 109.37958526611328 108.76017761230469 108.10130310058594 107.40950775146484 106.71866607666016 106.0695571899414 105.5260238647461 105.1073989868164 104.79180145263672
          104.42662811279297 105.1745376586914 105.43269348144531 128.7021942138672 128.9088134765625 129.09825134277344 129.25559997558594 129.3820037841797 129.4822540283203 129.5585479736328 129.611572265625 129.64358520507812 129.65679931640625 129.65293884277344 129.63278198242188 129.59609985351562 129.544677734375 129.47898864746094 129.3980255126953 129.3014373779297
          129.18515014648438 129.05015563964844 128.89382934570312 128.7127685546875 128.50389099121094 128.26632690429688 128.01393127441406 127.85631561279297 127.86070251464844 127.93871307373047 127.99103546142578 128.00730895996094 127.9910888671875 127.94566345214844 127.87757873535156 127.78844451904297 127.68019104003906 127.55314636230469 127.41032409667969 127.2525634765625
          127.07788848876953 126.88414001464844 126.67214965820312 126.44561004638672 126.20136260986328 125.93646240234375 125.65766143798828 125.361572265625 125.04625701904297 124.7144546508789 124.36516571044922 123.99197387695312 123.59614562988281 123.17868041992188 122.73440551757812 122.26578521728516 121.77344512939453 121.26400756835938 120.73431396484375 120.1900863647461
          119.62841033935547 119.04585266113281 118.44312286376953 117.81437683105469 117.16394805908203 116.47710418701172 115.7650375366211 115.03291320800781 114.28307342529297 113.53257751464844 112.8018798828125 112.05054473876953 111.31575012207031 110.61566162109375 109.96306610107422 109.33192443847656 108.70568084716797 108.0758056640625 107.3878173828125 106.65103912353516
          105.9461669921875 105.36284637451172 104.94730377197266 104.43324279785156 105.09609985351562 105.46971130371094 105.66234588623047 128.99049377441406 129.07785034179688 129.1929473876953 129.30709838867188 129.4081573486328 129.4921875 129.55764770507812 129.60311889648438 129.6305694580078 129.64083862304688 129.6345977783203 129.61312866210938 129.57659912109375
          129.5258331298828 129.4619598388672 129.38436889648438 129.2920379638672 129.1812744140625 129.05381774902344 128.9088897705078 128.74876403808594 128.57350158691406 128.39300537109375 128.22422790527344 128.10618591308594 128.05999755859375 128.05677795410156 128.05580139160156 128.04135131835938 128.00674438476562 127.95088195800781 127.87543487548828 127.78131866455078
          127.66875457763672 127.53924560546875 127.39322662353516 127.232177734375 127.05532836914062 126.86054229736328 126.64881134033203 126.42121887207031 126.17755889892578 125.91275787353516 125.63435363769531 125.33745574951172 125.0275650024414 124.69741821289062 124.34559631347656 123.97318267822266 123.57926177978516 123.16265869140625 122.71678924560547 122.24840545654297
          121.75927734375 121.25128173828125 120.72885131835938 120.18827056884766 119.63008117675781 119.04753875732422 118.4446029663086 117.8134765625 117.16121673583984 116.47390747070312 115.75541687011719 115.0132827758789 114.25464630126953 113.49296569824219 112.72249603271484 111.9696044921875 111.23832702636719 110.55184936523438 109.8809585571289 109.24335479736328
          108.63872528076172 108.00835418701172 107.34445190429688 106.54328155517578 105.6545181274414 104.91461944580078 104.53783416748047 105.27195739746094 105.66534423828125 105.92974090576172 106.07364654541016 129.1556854248047 129.2020721435547 129.27450561523438 129.35565185546875 129.43142700195312 129.49761962890625 129.55055236816406 129.58706665039062 129.6085968017578
          129.6151123046875 129.60589599609375 129.5826416015625 129.54612731933594 129.49600219726562 129.43438720703125 129.3600311279297 129.27447509765625 129.1707763671875 129.05238342285156 128.9234619140625 128.7828826904297 128.6363983154297 128.4915008544922 128.3583984375 128.2544403076172 128.18768310546875 128.1471405029297 128.11367797851562 128.0737762451172
          128.02090454101562 127.95262908935547 127.8679428100586 127.76667785644531 127.64904022216797 127.51547241210938 127.36615753173828 127.20024108886719 127.02049255371094 126.82487487792969 126.61386108398438 126.38481140136719 126.14188385009766 125.87847900390625 125.5989990234375 125.30618286132812 124.99706268310547 124.67024993896484 124.31976318359375 123.94695281982422
          123.55538940429688 123.14037322998047 122.69242858886719 122.2242431640625 121.73856353759766 121.2391357421875 120.72286224365234 120.18931579589844 119.63384246826172 119.05502319335938 118.45134735107422 117.8186264038086 117.16297149658203 116.4774169921875 115.74842834472656 114.99564361572266 114.22293853759766 113.4340591430664 112.63848876953125 111.84617614746094
          111.12364196777344 110.4310073852539 109.7622299194336 109.11894989013672 108.56061553955078 107.9750747680664 107.35803985595703 106.4837875366211 104.5697250366211 104.83531188964844 105.63739013671875 106.02871704101562 106.31342315673828 106.50965118408203 106.6192855834961 129.2552032470703 129.28369140625 129.3309783935547 129.38743591308594 129.4429168701172
          129.49281311035156 129.53231811523438 129.5594024658203 129.57347106933594 129.5750274658203 129.56459045410156 129.5399932861328 129.5025177001953 129.45407104492188 129.39492797851562 129.3251953125 129.245361328125 129.15016174316406 129.04248046875 128.92755126953125 128.8045196533203 128.6802978515625 128.55992126464844 128.4445343017578 128.34657287597656
          128.2692413330078 128.20823669433594 128.1529998779297 128.0940399169922 128.02618408203125 127.9461669921875 127.85169982910156 127.74250030517578 127.61854553222656 127.4800796508789 127.32660675048828 127.15740966796875 126.97486114501953 126.77826690673828 126.56565856933594 126.33760833740234 126.0936050415039 125.83038330078125 125.55621337890625 125.26432800292969
          124.95805358886719 124.63151550292969 124.28551483154297 123.9188461303711 123.53025817871094 123.11576080322266 122.66214752197266 122.19804382324219 121.72371673583984 121.22811889648438 120.72114562988281 120.19203186035156 119.6409912109375 119.06600189208984 118.46391296386719 117.83692169189453 117.17816925048828 116.491943359375 115.75348663330078 114.98424530029297
          114.18343353271484 113.3589096069336 112.52017211914062 111.67034912109375 110.96379089355469 110.28091430664062 109.58876037597656 108.9060287475586 108.44219970703125 107.94550323486328 107.56607818603516 106.97763061523438 105.92829895019531 106.30323028564453 106.60074615478516 106.84797668457031 107.04405212402344 107.19097137451172 107.26838684082031 129.3076629638672
          129.32508850097656 129.35714721679688 129.39593505859375 129.4353790283203 129.47132873535156 129.49847412109375 129.5180206298828 129.52490234375 129.52200317382812 129.5078582763672 129.48365783691406 129.44705200195312 129.3990478515625 129.34194946289062 129.27696228027344 129.2029571533203 129.1162109375 129.01893615722656 128.91632080078125 128.8072052001953
          128.69961547851562 128.59454345703125 128.4902801513672 128.39683532714844 128.31533813476562 128.24168395996094 128.17169189453125 128.0983123779297 128.01805114746094 127.92769622802734 127.8235092163086 127.70768737792969 127.57736206054688 127.4317398071289 127.27348327636719 127.10216522216797 126.91824340820312 126.71968841552734 126.50497436523438 126.27635192871094
          126.03392028808594 125.77386474609375 125.50106048583984 125.2108383178711 124.90799713134766 124.5838394165039 124.24139404296875 123.88153839111328 123.49687957763672 123.08678436279297 122.6434555053711 122.18737030029297 121.71347045898438 121.22669219970703 120.72095489501953 120.19759368896484 119.65373229980469 119.08336639404297 118.49203491210938 117.86824035644531
          117.21122741699219 116.52183532714844 115.77388000488281 114.98802185058594 114.15138244628906 113.28299713134766 112.36308288574219 111.31124114990234 110.7024917602539 110.10137176513672 109.31210327148438 108.80831146240234 108.21219635009766 107.53568267822266 107.9011459350586 107.72632598876953 107.43275451660156 107.45027160644531 107.56261444091797 107.69953155517578
          107.82241821289062 107.92178344726562 107.9764175415039 129.32029724121094 129.33197021484375 129.35296630859375 129.37953186035156 129.40652465820312 129.42893981933594 129.44735717773438 129.45834350585938 129.4595184326172 129.4520263671875 129.435302734375 129.4089813232422 129.37548828125 129.3292999267578 129.2747039794922 129.21334838867188 129.14500427246094
          129.0657958984375 128.97801208496094 128.88621520996094 128.7896728515625 128.6936798095703 128.5978240966797 128.5009002685547 128.41030883789062 128.3262176513672 128.24549865722656 128.1673126220703 128.08407592773438 127.99247741699219 127.89275360107422 127.7811050415039 127.65711212158203 127.51897430419922 127.369384765625 127.20787811279297 127.03375244140625
          126.84685516357422 126.64595794677734 126.43103790283203 126.20213317871094 125.96044921875 125.70413970947266 125.4317398071289 125.1484603881836 124.84663391113281 124.52851867675781 124.19294738769531 123.83826446533203 123.461669921875 123.05484008789062 122.62422943115234 122.17636108398438 121.71249389648438 121.2333755493164 120.73685455322266 120.2169418334961
          119.67526245117188 119.11534118652344 118.53736877441406 117.92332458496094 117.27748107910156 116.5830307006836 115.8335189819336 115.0292739868164 114.10484313964844 113.20448303222656 112.2082290649414 111.11920166015625 110.417724609375 109.91280364990234 109.41188049316406 109.14989471435547 108.51793670654297 108.31423950195312 108.54006958007812 108.50785064697266
          108.41432189941406 108.42718505859375 108.48478698730469 108.55292510986328 108.62565612792969 108.67852783203125 108.71194458007812 129.29898071289062 129.30645751953125 129.31939697265625 129.33584594726562 129.35105895996094 129.36534118652344 129.3750457763672 129.3789825439453 129.37521362304688 129.3632049560547 129.34371948242188 129.31756591796875 129.2833709716797
          129.24021911621094 129.1900634765625 129.1321258544922 129.0684814453125 128.99642944335938 128.91842651367188 128.8360595703125 128.74966430664062 128.66189575195312 128.57281494140625 128.48155212402344 128.39366149902344 128.307861328125 128.22291564941406 128.1380157470703 128.0457000732422 127.94708251953125 127.84033203125 127.72219848632812 127.59109497070312
          127.44823455810547 127.29154968261719 127.12506866455078 126.94837188720703 126.7596206665039 126.55730438232422 126.34237670898438 126.11442565917969 125.87432861328125 125.62028503417969 125.3536605834961 125.07359313964844 124.77593231201172 124.46154022216797 124.13306427001953 123.78778076171875 123.41940307617188 123.01939392089844 122.5997543334961 122.16209411621094
          121.7125244140625 121.24365997314453 120.75277709960938 120.24778747558594 119.71536254882812 119.16954040527344 118.61168670654297 118.01140594482422 117.37845611572266 116.69342803955078 115.95223999023438 115.15682983398438 114.30706024169922 113.40217590332031 112.50337982177734 111.51374816894531 110.8137435913086 110.31007385253906 109.81253051757812 109.51063537597656
          109.40135192871094 109.3327865600586 109.32206726074219 109.29801177978516 109.28468322753906 109.28649139404297 109.3134765625 109.35354614257812 109.41155242919922 109.4473648071289 109.46642303466797 129.2448272705078 129.24864196777344 129.25405883789062 129.2627716064453 129.2716827392578 129.27804565429688 129.28076171875 129.27842712402344 129.26966857910156
          129.25491333007812 129.23336791992188 129.20529174804688 129.1702880859375 129.12913513183594 129.0838165283203 129.03143310546875 128.97299194335938 128.9083709716797 128.8376922607422 128.76309204101562 128.68515014648438 128.6044158935547 128.5205078125 128.4340362548828 128.34854125976562 128.26316833496094 128.17526245117188 128.08287048339844 127.98582458496094
          127.88097381591797 127.767333984375 127.64228057861328 127.50758361816406 127.35972595214844 127.19888305664062 127.027587890625 126.85020446777344 126.65910339355469 126.45496368408203 126.24031066894531 126.0135726928711 125.77381896972656 125.52379608154297 125.2625503540039 124.98602294921875 124.69322204589844 124.38683319091797 124.06466674804688 123.72863006591797
          123.36279296875 122.97480773925781 122.57018280029297 122.14662170410156 121.71015167236328 121.2545394897461 120.78133392333984 120.28612518310547 119.76969146728516 119.24520111083984 118.70225524902344 118.1256332397461 117.50804901123047 116.8349380493164 116.10859680175781 115.318603515625 114.50296783447266 113.61006927490234 112.90623474121094 112.2932357788086
          111.67416381835938 111.1313705444336 110.64324188232422 110.20894622802734 110.10526275634766 110.1419448852539 110.14205932617188 110.11510467529297 110.1015853881836 110.10782623291016 110.13804626464844 110.17414855957031 110.19184112548828 110.2181396484375 110.23416900634766 129.15548706054688 129.1566925048828 129.15928649902344 129.1630859375 129.16574096679688
          129.16571044921875 129.16221618652344 129.15431213378906 129.1416015625 129.1233673095703 129.0998992919922 129.07122802734375 129.03692626953125 129.00010681152344 128.9571990966797 128.91030883789062 128.8563232421875 128.7970428466797 128.7344512939453 128.66629028320312 128.59690856933594 128.52035522460938 128.4414825439453 128.3600311279297 128.2754364013672
          128.18923950195312 128.09910583496094 128.0046844482422 127.90253448486328 127.79218292236328 127.67387390136719 127.54420471191406 127.40435028076172 127.2540512084961 127.09100341796875 126.9185791015625 126.73815155029297 126.54412841796875 126.33860778808594 126.12499237060547 125.89773559570312 125.65750122070312 125.41474151611328 125.15660095214844 124.88420867919922
          124.59784698486328 124.29934692382812 123.986572265625 123.6533203125 123.29603576660156 122.92424011230469 122.53278350830078 122.12638854980469 121.70519256591797 121.26954650878906 120.81460571289062 120.33610534667969 119.84241485595703 119.33815002441406 118.80973052978516 118.25538635253906 117.66507720947266 117.0199966430664 116.30632019042969 115.41226196289062
          114.89698028564453 114.20071411132812 113.50328063964844 112.92997741699219 112.30242919921875 111.7685775756836 111.2074203491211 111.0710678100586 110.9910659790039 110.93284606933594 110.9207534790039 110.90795135498047 110.9024429321289 110.89580535888672 110.9054946899414 110.9374771118164 110.95470428466797 110.97494506835938 110.98846435546875 129.0359649658203
          129.03469848632812 129.03384399414062 129.0326690673828 129.0288543701172 129.02418518066406 129.0163116455078 129.00404357910156 128.98768615722656 128.96743774414062 128.94419860839844 128.91629028320312 128.88609313964844 128.84982299804688 128.81033325195312 128.76780700683594 128.7213592529297 128.668701171875 128.61119079589844 128.5497589111328 128.4847412109375
          128.4119110107422 128.33653259277344 128.2578125 128.1754608154297 128.08953857421875 127.99874114990234 127.90116882324219 127.79529571533203 127.68045043945312 127.55830383300781 127.42476654052734 127.28028106689453 127.12762451171875 126.96337890625 126.788330078125 126.60506439208984 126.40934753417969 126.2027587890625 125.98603820800781 125.76319885253906
          125.52941131591797 125.2893295288086 125.03963470458984 124.77008056640625 124.48892211914062 124.19756317138672 123.89196014404297 123.56723022460938 123.2238540649414 122.86481475830078 122.49042510986328 122.1069564819336 121.70332336425781 121.28548431396484 120.8493881225586 120.39873504638672 119.93695068359375 119.45069122314453 118.93962097167969 118.40962982177734
          117.85301971435547 117.2572250366211 116.60094451904297 115.90328979492188 115.35587310791016 114.75711059570312 114.1441650390625 113.55547332763672 112.9603271484375 112.3056640625 111.71575164794922 111.70418548583984 111.73809051513672 111.71942138671875 111.6882095336914 111.68059539794922 111.66397094726562 111.66178131103516 111.65552520751953 111.66596984863281
          111.6934585571289 111.71575927734375 111.73045349121094 128.8788299560547 128.87841796875 128.87542724609375 128.87205505371094 128.86419677734375 128.85427856445312 128.8427734375 128.82708740234375 128.8085174560547 128.78768920898438 128.76419067382812 128.73890686035156 128.71054077148438 128.6797637939453 128.6438751220703 128.6067352294922 128.5657501220703
          128.52084350585938 128.4685821533203 128.41299438476562 128.34909057617188 128.28076171875 128.2099151611328 128.13253784179688 128.04966735839844 127.96382904052734 127.87142181396484 127.7713851928711 127.6620864868164 127.54473114013672 127.41836547851562 127.28241729736328 127.13713073730469 126.98106384277344 126.81249237060547 126.63557434082031 126.44938659667969
          126.25245666503906 126.04547882080078 125.83118438720703 125.61248016357422 125.38292694091797 125.1478271484375 124.90000915527344 124.63739013671875 124.36343383789062 124.08074188232422 123.78500366210938 123.47167205810547 123.14385223388672 122.80170440673828 122.44596099853516 122.08089447021484 121.69944763183594 121.3018569946289 120.88993835449219 120.46569061279297
          120.03630065917969 119.58330535888672 119.08901977539062 118.59246063232422 118.07401275634766 117.53358459472656 116.96808624267578 116.39019012451172 115.84215545654297 115.29220581054688 114.74105072021484 114.19470977783203 113.63118743896484 113.00540161132812 112.51174926757812 112.40847778320312 112.50638580322266 112.4879379272461 112.44554138183594 112.41138458251953
          112.38497924804688 112.30291748046875 112.37769317626953 112.39363098144531 112.42288970947266 112.44235229492188 112.45474243164062 128.6919403076172 128.6874237060547 128.68331909179688 128.6746368408203 128.6650848388672 128.653076171875 128.6390838623047 128.62367248535156 128.6036834716797 128.5823974609375 128.5604705810547 128.53736877441406 128.51345825195312
          128.4854736328125 128.45559692382812 128.4228973388672 128.38555908203125 128.34385681152344 128.29881286621094 128.24679565429688 128.18992614746094 128.1280517578125 128.05833435058594 127.9840087890625 127.90347290039062 127.81617736816406 127.72100830078125 127.61682891845703 127.50411224365234 127.38373565673828 127.25477600097656 127.11693572998047 126.97209167480469
          126.81571197509766 126.64611053466797 126.46826934814453 126.28103637695312 126.08131408691406 125.87255859375 125.66060638427734 125.44415283203125 125.21839141845703 124.98550415039062 124.74056243896484 124.48304748535156 124.21983337402344 123.94754791259766 123.66206359863281 123.36395263671875 123.05348205566406 122.73114776611328 122.3962631225586 122.05189514160156
          121.69085693359375 121.31397247314453 120.93172454833984 120.54014587402344 120.13501739501953 119.71321868896484 119.25806427001953 118.79158020019531 118.3150405883789 117.82669067382812 117.32933044433594 116.81940460205078 116.31076049804688 115.80606079101562 115.31488037109375 114.82280731201172 114.32613372802734 113.8043212890625 113.50218963623047 113.36809539794922
          113.31114959716797 113.24874114990234 113.19463348388672 113.15107727050781 113.10905456542969 113.0798110961914 113.08661651611328 113.10511016845703 113.12921905517578 113.14856719970703 113.16193389892578 128.46810913085938 128.46295166015625 128.4558563232422 128.4453125 128.431884765625 128.4159393310547 128.40097045898438 128.3906707763672 128.3751983642578
          128.35751342773438 128.3370361328125 128.31472778320312 128.2924346923828 128.2672576904297 128.24044799804688 128.2103271484375 128.17881774902344 128.142822265625 128.10247802734375 128.05911254882812 128.0082244873047 127.94873809814453 127.88426971435547 127.81171417236328 127.7315444946289 127.64366912841797 127.54704284667969 127.44182586669922 127.32659149169922
          127.20315551757812 127.07060241699219 126.93055725097656 126.7848129272461 126.62980651855469 126.46074676513672 126.2783432006836 126.08831787109375 125.88851165771484 125.68037414550781 125.4703598022461 125.25489807128906 125.03267669677734 124.80233764648438 124.56085968017578 124.31330871582031 124.05879974365234 123.79627990722656 123.52488708496094 123.2435073852539
          122.95268249511719 122.64991760253906 122.33844757080078 122.01492309570312 121.676513671875 121.32750701904297 120.97310638427734 120.611572265625 120.2348861694336 119.8389892578125 119.42662811279297 119.00656127929688 118.57196044921875 118.1300048828125 117.68437194824219 117.21703338623047 116.7591781616211 116.30351257324219 115.85728454589844 115.42887115478516
          115.01805877685547 114.63237762451172 114.35160827636719 114.17125701904297 114.06204223632812 113.98533630371094 113.92306518554688 113.86564636230469 113.82605743408203 113.79701232910156 113.78777313232422 113.79549407958984 113.81871795654297 113.84315490722656 113.84481811523438 128.21070861816406 128.20541381835938 128.1946258544922 128.18295288085938 128.17173767089844
          128.16156005859375 128.14791870117188 128.1291961669922 128.1134033203125 128.0990753173828 128.0830078125 128.06689453125 128.04769897460938 128.0264892578125 128.00302124023438 127.97651672363281 127.95000457763672 127.91880798339844 127.8847885131836 127.84683227539062 127.8018569946289 127.74436950683594 127.68196105957031 127.61238098144531 127.534423828125
          127.44711303710938 127.34959411621094 127.24275970458984 127.12699890136719 127.00216674804688 126.87029266357422 126.72859954833984 126.57837677001953 126.42031860351562 126.24880981445312 126.0655746459961 125.87425994873047 125.67366027832031 125.469970703125 125.26106262207031 125.04669952392578 124.82521057128906 124.59741973876953 124.36335754394531 124.12299346923828
          123.87832641601562 123.62848663330078 123.37125396728516 123.1090316772461 122.83855438232422 122.55742645263672 122.26765441894531 121.96961975097656 121.65654754638672 121.33605194091797 121.01274871826172 120.67976379394531 120.33091735839844 119.96733856201172 119.5948486328125 119.21954345703125 118.83147430419922 118.42832946777344 118.01756286621094 117.60658264160156
          117.19287872314453 116.78197479248047 116.3840560913086 116.00408935546875 115.64850616455078 115.33354187011719 115.07298278808594 114.86953735351562 114.76249694824219 114.68934631347656 114.6182632446289 114.55736541748047 114.5121841430664 114.48529052734375 114.47634887695312 114.48013305664062 114.4950942993164 114.50988006591797 114.5272445678711 127.92959594726562
          127.92411804199219 127.91488647460938 127.9027328491211 127.89031219482422 127.87731170654297 127.86366271972656 127.84820556640625 127.83387756347656 127.82073211669922 127.80673217773438 127.7876968383789 127.7704849243164 127.75221252441406 127.73429107666016 127.71186065673828 127.69461822509766 127.67182159423828 127.642578125 127.60661315917969 127.56544494628906
          127.515625 127.45545959472656 127.38752746582031 127.30995178222656 127.22312927246094 127.12663269042969 127.01873016357422 126.90281677246094 126.77880096435547 126.64530944824219 126.502197265625 126.35092163085938 126.18846893310547 126.01263427734375 125.82826232910156 125.63565826416016 125.43585205078125 125.23322296142578 125.02759552001953 124.81743621826172
          124.59492492675781 124.36804962158203 124.14398956298828 123.91328430175781 123.68193054199219 123.4447021484375 123.20361328125 122.9588394165039 122.7117919921875 122.4516372680664 122.18547821044922 121.9140396118164 121.628173828125 121.33773803710938 121.04637908935547 120.74356842041016 120.42552185058594 120.0962142944336 119.76349639892578 119.43021392822266
          119.07487487792969 118.71223449707031 118.34172058105469 117.97221374511719 117.60113525390625 117.23546600341797 116.8810806274414 116.54711151123047 116.23895263671875 115.95768737792969 115.70069122314453 115.4072036743164 115.40290832519531 115.34927368164062 115.28339385986328 115.22093963623047 115.16378784179688 115.14582824707031 115.1363296508789 115.13963317871094
          115.14900970458984 115.15380859375 115.16265106201172 127.62032318115234 127.61321258544922 127.60394287109375 127.59229278564453 127.57926177978516 127.56340789794922 127.55196380615234 127.5400619506836 127.52835845947266 127.5158462524414 127.50187683105469 127.48690795898438 127.47098541259766 127.45668029785156 127.44124603271484 127.42826843261719 127.41635131835938
          127.4000473022461 127.376220703125 127.34622955322266 127.30818176269531 127.2621078491211 127.20846557617188 127.14201354980469 127.06346893310547 126.97716522216797 126.87846374511719 126.77108764648438 126.65464782714844 126.52996063232422 126.39492797851562 126.2507095336914 126.09944915771484 125.93936920166016 125.75627899169922 125.56766510009766 125.37466430664062
          125.17567443847656 124.9756088256836 124.77096557617188 124.56172943115234 124.34886169433594 124.13062286376953 123.90927124023438 123.68765258789062 123.46736145019531 123.2416763305664 123.01924896240234 122.7939682006836 122.56658172607422 122.32994842529297 122.09010314941406 121.84518432617188 121.58894348144531 121.33122253417969 121.07051086425781 120.79978942871094
          120.51589965820312 120.22449493408203 119.92906188964844 119.62529754638672 119.3061294555664 118.98226165771484 118.65403747558594 118.3189468383789 117.98690032958984 117.66551208496094 117.35443878173828 117.06022644042969 116.78885650634766 116.54214477539062 116.31856536865234 116.10226440429688 116.04525756835938 115.97820281982422 115.9084243774414 115.83967590332031
          115.7967300415039 115.77596282958984 115.77197265625 115.77288818359375 115.78153228759766 115.7864990234375 115.79376220703125 127.27693176269531 127.27499389648438 127.26435852050781 127.25184631347656 127.23915100097656 127.22650146484375 127.21306610107422 127.20207977294922 127.19213104248047 127.18080139160156 127.17052459716797 127.1600341796875 127.15040588378906
          127.1381607055664 127.12860107421875 127.12337493896484 127.11708068847656 127.1082534790039 127.09127807617188 127.06451416015625 127.0277328491211 126.98564147949219 126.93328094482422 126.86731719970703 126.7912826538086 126.70630645751953 126.61042785644531 126.50274658203125 126.3851089477539 126.25597381591797 126.11991119384766 125.97516632080078 125.81938934326172
          125.65624237060547 125.47393035888672 125.28463745117188 125.08815002441406 124.89083862304688 124.691650390625 124.48988342285156 124.28256225585938 124.07097625732422 123.85860443115234 123.64586639404297 123.43548583984375 123.2298583984375 123.02488708496094 122.81974792480469 122.61461639404297 122.40486907958984 122.18687438964844 121.9782943725586 121.76294708251953
          121.5367431640625 121.3127212524414 121.08262634277344 120.84455871582031 120.59661865234375 120.34317779541016 120.07759857177734 119.80555725097656 119.52369689941406 119.23747253417969 118.94398498535156 118.6513671875 118.35639190673828 118.06983947753906 117.7917251586914 117.53766632080078 117.30317687988281 117.08998107910156 116.90196990966797 116.75216674804688
          116.65190887451172 116.57190704345703 116.50472259521484 116.44264221191406 116.40068817138672 116.37773895263672 116.376220703125 116.37999725341797 116.39886474609375 116.41812133789062 116.4250717163086 126.91064453125 126.9056625366211 126.8983154296875 126.8871841430664 126.87454223632812 126.86205291748047 126.8477554321289 126.83537292480469 126.82693481445312
          126.81855010986328 126.8133544921875 126.80945587158203 126.8053207397461 126.79891967773438 126.7989730834961 126.8003158569336 126.79533386230469 126.7892074584961 126.77742004394531 126.75680541992188 126.72724151611328 126.68656158447266 126.63408660888672 126.57035064697266 126.49597930908203 126.4119644165039 126.31687927246094 126.20764923095703 126.08937072753906
          125.96014404296875 125.82263946533203 125.67630767822266 125.5182113647461 125.34464263916016 125.16138458251953 124.9715805053711 124.77439880371094 124.58040618896484 124.38182067871094 124.18122863769531 123.97407531738281 123.76612854003906 123.56121063232422 123.35929107666016 123.16309356689453 122.96983337402344 122.78164672851562 122.5963134765625 122.41138458251953
          122.22650146484375 122.04256439208984 121.85425567626953 121.66127014160156 121.47052764892578 121.27899932861328 121.0803451538086 120.87442779541016 120.66251373291016 120.4445571899414 120.21285247802734 119.96927642822266 119.72256469726562 119.47230529785156 119.21826171875 118.96015167236328 118.70475769042969 118.44966125488281 118.21186828613281 117.99315643310547
          117.78771209716797 117.60684204101562 117.44905853271484 117.3152084350586 117.21599578857422 117.14002990722656 117.06562042236328 117.01486206054688 116.97904205322266 116.95926666259766 116.95578002929688 116.9708251953125 116.99040985107422 117.00665283203125 117.015380859375 126.52059173583984 126.51740264892578 126.50965881347656 126.49835968017578 126.48453521728516
          126.47014617919922 126.45520782470703 126.4439468383789 126.43657684326172 126.43319702148438 126.43215942382812 126.43511199951172 126.43557739257812 126.43680572509766 126.4377212524414 126.4476318359375 126.4500732421875 126.44884490966797 126.44181823730469 126.42389678955078 126.39505767822266 126.35704040527344 126.3067398071289 126.24551391601562 126.17332458496094
          126.0895004272461 125.99250793457031 125.88607025146484 125.76638793945312 125.63573455810547 125.49592590332031 125.34443664550781 125.18002319335938 125.00496673583984 124.8213882446289 124.63167572021484 124.44091796875 124.24591064453125 124.04800415039062 123.84332275390625 123.63948822021484 123.43640899658203 123.23806762695312 123.04793548583984 122.86479949951172
          122.68934631347656 122.51883697509766 122.35052490234375 122.18742370605469 122.02751922607422 121.86772918701172 121.70909881591797 121.54891967773438 121.38804626464844 121.22613525390625 121.05950164794922 120.886962890625 120.71013641357422 120.52587890625 120.32828521728516 120.11976623535156 119.90725708007812 119.69025421142578 119.474609375 119.25292205810547
          119.03234100341797 118.81587219238281 118.60834503173828 118.4190444946289 118.24481964111328 118.08415985107422 117.94975280761719 117.8347396850586 117.7431640625 117.66617584228516 117.60330963134766 117.55802154541016 117.52772521972656 117.50838470458984 117.51416015625 117.53350830078125 117.54931640625 117.56380462646484 117.5742416381836 126.11016845703125
          126.1049575805664 126.09779357910156 126.08627319335938 126.06869506835938 126.05245208740234 126.03694915771484 126.02598571777344 126.02116394042969 126.02018737792969 126.02381134033203 126.03231048583984 126.04234313964844 126.05074310302734 126.0598373413086 126.06878662109375 126.0872573852539 126.08899688720703 126.08222961425781 126.06717681884766 126.04257202148438
          126.00470733642578 125.95564270019531 125.8924789428711 125.8204574584961 125.73712158203125 125.63858032226562 125.52749633789062 125.40586853027344 125.27376556396484 125.1311264038086 124.97909545898438 124.81626892089844 124.6456069946289 124.46791076660156 124.27936553955078 124.08880615234375 123.89058685302734 123.68993377685547 123.48351287841797 123.28081512451172
          123.07868957519531 122.89037322998047 122.71475982666016 122.54680633544922 122.38458251953125 122.23004913330078 122.0829849243164 121.94196319580078 121.80589294433594 121.67300415039062 121.53987121582031 121.4117431640625 121.28650665283203 121.15459442138672 121.01969909667969 120.88170623779297 120.73908233642578 120.58616638183594 120.42332458496094 120.25141906738281
          120.07378387451172 119.89496612548828 119.70989227294922 119.52462768554688 119.34154510498047 119.16091918945312 118.98422241210938 118.8202133178711 118.67066192626953 118.53744506835938 118.41951751708984 118.31378173828125 118.23331451416016 118.1666488647461 118.1145248413086 118.0777359008789 118.05535125732422 118.05049133300781 118.05845642089844 118.07038879394531
          118.081298828125 118.0928955078125 118.10535430908203 125.67444610595703 125.67134094238281 125.66239166259766 125.64700317382812 125.6292953491211 125.60958862304688 125.59645080566406 125.5831527709961 125.58250427246094 125.58760833740234 125.59663391113281 125.61090850830078 125.62830352783203 125.64710235595703 125.66918182373047 125.69084930419922 125.71031951904297
          125.71880340576172 125.71406555175781 125.6985855102539 125.67293548583984 125.6336669921875 125.58248901367188 125.52072143554688 125.44622039794922 125.3585205078125 125.25470733642578 125.14311218261719 125.0184097290039 124.88554382324219 124.74333953857422 124.58971405029297 124.42772674560547 124.25751495361328 124.07746887207031 123.89375305175781 123.70162963867188
          123.50257110595703 123.30197143554688 123.10428619384766 122.90835571289062 122.71513366699219 122.52879333496094 122.35768127441406 122.20531463623047 122.05669403076172 121.91728210449219 121.78986358642578 121.67369842529297 121.56214141845703 121.4565200805664 121.35542297363281 121.25634765625 121.16236114501953 121.06285095214844 120.9610824584961 120.85626220703125
          120.74637603759766 120.62700653076172 120.4991683959961 120.36476135253906 120.22284698486328 120.07839965820312 119.9310302734375 119.7791519165039 119.62630462646484 119.48091888427734 119.33543395996094 119.19473266601562 119.07049560546875 118.95858764648438 118.84668731689453 118.76199340820312 118.69798278808594 118.64373016357422 118.60613250732422 118.5802230834961
          118.56768035888672 118.57441711425781 118.58028411865234 118.5867691040039 118.58782196044922 118.59943389892578 118.61162567138672 125.22110748291016 125.21849822998047 125.20954132080078 125.19121551513672 125.1717758178711 125.15228271484375 125.13378143310547 125.12271118164062 125.12194061279297 125.13687133789062 125.1557388305664 125.17684173583984 125.20291900634766
          125.23060607910156 125.26313018798828 125.29705047607422 125.32085418701172 125.33534240722656 125.33565521240234 125.32302856445312 125.293701171875 125.25103759765625 125.1965103149414 125.12847900390625 125.04634094238281 124.95362091064453 124.84971618652344 124.73480987548828 124.6092758178711 124.47041320800781 124.32645416259766 124.17424011230469 124.01309967041016
          123.84212493896484 123.66259765625 123.47860717773438 123.28500366210938 123.08927154541016 122.89347076416016 122.69855499267578 122.50764465332031 122.32470703125 122.15242004394531 121.99585723876953 121.84223175048828 121.69779968261719 121.57378387451172 121.4696273803711 121.37691497802734 121.29132080078125 121.2148208618164 121.1448974609375 121.08334350585938
          121.01715087890625 120.95105743408203 120.88255310058594 120.81083679199219 120.73394012451172 120.64817810058594 120.55592346191406 120.45641326904297 120.35078430175781 120.24043273925781 120.12894439697266 120.01251983642578 119.89351654052734 119.77250671386719 119.65723419189453 119.54765319824219 119.44293975830078 119.34336853027344 119.25187683105469 119.18521118164062
          119.13434600830078 119.09562683105469 119.07087707519531 119.0572738647461 119.05860900878906 119.06523132324219 119.07080841064453 119.07698059082031 119.0810546875 119.08658599853516 119.09341430664062 124.7564926147461 124.7467041015625 124.73585510253906 124.71829986572266 124.69530487060547 124.67456817626953 124.65596008300781 124.64701843261719 124.64734649658203
          124.65879821777344 124.69246673583984 124.72932434082031 124.76358032226562 124.80367279052734 124.84842681884766 124.89220428466797 124.92459869384766 124.94243621826172 124.9436264038086 124.93049621582031 124.90174865722656 124.85775756835938 124.79955291748047 124.72531127929688 124.63742065429688 124.5377197265625 124.42770385742188 124.30616760253906 124.1732177734375
          124.03357696533203 123.88896179199219 123.73281860351562 123.56905364990234 123.3982925415039 123.21937561035156 123.03556823730469 122.84458923339844 122.65128326416016 122.45777130126953 122.27046203613281 122.0843505859375 121.90941619873047 121.74756622314453 121.5924072265625 121.45158386230469 121.32586669921875 121.21671295166016 121.1239013671875 121.0484619140625
          120.98792266845703 120.9448471069336 120.91434478759766 120.88219451904297 120.851806640625 120.81874084472656 120.78382873535156 120.74539184570312 120.7012710571289 120.65017700195312 120.5921859741211 120.52767181396484 120.45771026611328 120.38252258300781 120.3033676147461 120.22071838378906 120.13428497314453 120.04496765136719 119.95491027832031 119.8705825805664
          119.7863540649414 119.6997299194336 119.63397979736328 119.58132934570312 119.54502868652344 119.52450561523438 119.51207733154297 119.5128402709961 119.51744079589844 119.52410888671875 119.53433227539062 119.54216003417969 119.54888916015625 119.55534362792969 119.55669403076172 124.25910186767578 124.25273895263672 124.2375259399414 124.22075653076172 124.19999694824219
          124.17383575439453 124.15290832519531 124.14578247070312 124.14852905273438 124.16556549072266 124.2025375366211 124.25659942626953 124.3108139038086 124.36793518066406 124.42887878417969 124.4789810180664 124.51663208007812 124.53713989257812 124.53929138183594 124.52568054199219 124.49559020996094 124.44791412353516 124.38468170166016 124.3067398071289 124.21602630615234
          124.11024475097656 123.99445343017578 123.86581420898438 123.72684478759766 123.58415985107422 123.43180084228516 123.2713394165039 123.10488891601562 122.93089294433594 122.74756622314453 122.562744140625 122.37653350830078 122.18507385253906 121.99597930908203 121.81123352050781 121.636962890625 121.4771957397461 121.32396697998047 121.17654418945312 121.04048156738281
          120.91972351074219 120.81670379638672 120.7421875 120.69357299804688 120.66629791259766 120.65570068359375 120.65872192382812 120.66407775878906 120.66574096679688 120.66586303710938 120.6650161743164 120.66047668457031 120.64964294433594 120.63279724121094 120.60955810546875 120.57964324951172 120.54314422607422 120.50196075439453 120.4562759399414 120.40631103515625
          120.35260009765625 120.29430389404297 120.2317123413086 120.16556549072266 120.10025787353516 120.0447006225586 119.99824523925781 119.9632568359375 119.93930053710938 119.92786407470703 119.9328384399414 119.93876647949219 119.9466552734375 119.95550537109375 119.96654510498047 119.97560119628906 119.98432159423828 119.99076080322266 119.99565124511719 123.74739074707031
          123.73971557617188 123.72544860839844 123.70777893066406 123.68448638916016 123.66098022460938 123.63854217529297 123.62052917480469 123.626220703125 123.65428924560547 123.7049560546875 123.77067565917969 123.8493423461914 123.93448638916016 124.01258850097656 124.0669937133789 124.10127258300781 124.11505889892578 124.11993408203125 124.10457611083984 124.07257843017578
          124.02406311035156 123.95771026611328 123.87303924560547 123.77372741699219 123.6627426147461 123.5396499633789 123.4069595336914 123.26409149169922 123.11416625976562 122.96025085449219 122.79544067382812 122.62618255615234 122.44738006591797 122.26382446289062 122.07662200927734 121.8836441040039 121.69542694091797 121.50883483886719 121.33427429199219 121.1711196899414
          121.0170669555664 120.8714599609375 120.73348999023438 120.60382080078125 120.48604583740234 120.3927993774414 120.32686614990234 120.30256652832031 120.30947875976562 120.34264373779297 120.37970733642578 120.42005157470703 120.45743560791016 120.49444580078125 120.52659606933594 120.55557250976562 120.57981872558594 120.59737396240234 120.60835266113281 120.6124267578125
          120.60985565185547 120.60125732421875 120.58665466308594 120.56879425048828 120.54440307617188 120.5151138305664 120.48014831542969 120.43612670898438 120.39834594726562 120.36685943603516 120.34333038330078 120.32311248779297 120.3141098022461 120.31867980957031 120.3265151977539 120.3366470336914 120.3460464477539 120.35332489013672 120.36201477050781 120.372314453125
          120.3812484741211 120.38934326171875 120.39330291748047 123.22593688964844 123.21592712402344 123.19869995117188 123.17857360839844 123.15491485595703 123.13209533691406 123.10791015625 123.09440612792969 123.0901107788086 123.11172485351562 123.18390655517578 123.28658294677734 123.40185546875 123.5051040649414 123.58478546142578 123.64561462402344 123.67787170410156
          123.68672180175781 123.68766021728516 123.67191314697266 123.63668823242188 123.58218383789062 123.510986328125 123.42141723632812 123.31367492675781 123.19522094726562 123.06737518310547 122.92892456054688 122.78096771240234 122.6284408569336 122.4660415649414 122.30218505859375 122.13195037841797 121.95174407958984 121.76720428466797 121.57708740234375 121.38435363769531
          121.19149780273438 121.00968933105469 120.83872985839844 120.6788330078125 120.53060913085938 120.39028930664062 120.25868225097656 120.13758087158203 120.02701568603516 119.93275451660156 119.86699676513672 119.87645721435547 119.92491912841797 119.99429321289062 120.06533813476562 120.14108276367188 120.22062683105469 120.3001937866211 120.36752319335938 120.43425750732422
          120.49266052246094 120.54414367675781 120.589111328125 120.6270980834961 120.65751647949219 120.68092346191406 120.6978759765625 120.70821380615234 120.71343231201172 120.71305084228516 120.70195007324219 120.68736267089844 120.67395782470703 120.66328430175781 120.6586685180664 120.65914916992188 120.66670227050781 120.68122863769531 120.69286346435547 120.70335388183594
          120.71260833740234 120.72067260742188 120.72882843017578 120.73626708984375 120.74542999267578 120.7474594116211 120.74798583984375 122.69090270996094 122.68165588378906 122.66384887695312 122.64289855957031 122.6160888671875 122.58892059326172 122.55731964111328 122.54364776611328 122.52859497070312 122.53324890136719 122.64683532714844 122.79755401611328 122.93656921386719
          123.04862976074219 123.13433074951172 123.19456481933594 123.23355102539062 123.24768829345703 123.24516296386719 123.22449493408203 123.18388366699219 123.1268539428711 123.04911804199219 122.95308685302734 122.84187316894531 122.71712493896484 122.58291625976562 122.43588256835938 122.2813720703125 122.12063598632812 121.9586181640625 121.79168701171875 121.61418914794922
          121.42997741699219 121.24734497070312 121.05790710449219 120.87074279785156 120.68206787109375 120.50296020507812 120.33193969726562 120.17598724365234 120.03067779541016 119.89022064208984 119.76202392578125 119.6410903930664 119.53075408935547 119.4245834350586 119.30256652832031 119.4001693725586 119.50979614257812 119.61812591552734 119.72511291503906 119.83799743652344
          119.95494842529297 120.07164001464844 120.18746185302734 120.29081726074219 120.3866958618164 120.47464752197266 120.55335998535156 120.62419128417969 120.68738555908203 120.7422866821289 120.7896957397461 120.83003997802734 120.86369323730469 120.88697052001953 120.902099609375 120.91336822509766 120.92395782470703 120.93638610839844 120.94938659667969 120.96833038330078
          120.99221801757812 121.01093292236328 121.02613067626953 121.03862762451172 121.04869842529297 121.05699920654297 121.06258392333984 121.07068634033203 121.07249450683594 121.07261657714844 121.07194519042969 122.1410903930664 122.13267517089844 122.11676025390625 122.09661102294922 122.06996154785156 122.03108978271484 122.00700378417969 121.96663665771484 121.91173553466797
          121.80733489990234 122.07624816894531 122.28010559082031 122.43952178955078 122.572509765625 122.67231750488281 122.73673248291016 122.77577209472656 122.79178619384766 122.78794860839844 122.76090240478516 122.71623992919922 122.65279388427734 122.57087707519531 122.47216796875 122.35405731201172 122.22438049316406 122.08170318603516 121.92713165283203 121.76435852050781
          121.59710693359375 121.4308090209961 121.25779724121094 121.07734680175781 120.89061737060547 120.70716857910156 120.52415466308594 120.33555603027344 120.1546859741211 119.97964477539062 119.8150863647461 119.66276550292969 119.51736450195312 119.37974548339844 119.25304412841797 119.13478088378906 119.02230072021484 118.89290618896484 118.61578369140625 118.91146850585938
          119.0652084350586 119.21472930908203 119.35926055908203 119.51151275634766 119.66827392578125 119.82698822021484 119.97899627685547 120.12476348876953 120.26179504394531 120.38844299316406 120.50398254394531 120.60566711425781 120.69977569580078 120.78608703613281 120.86410522460938 120.9344711303711 120.99339294433594 121.04188537597656 121.08564758300781 121.12344360351562
          121.1558837890625 121.1851577758789 121.21693420410156 121.2528076171875 121.28299713134766 121.30972290039062 121.3310317993164 121.34552001953125 121.35660552978516 121.363037109375 121.36990356445312 121.3733139038086 121.36943817138672 121.3674087524414 121.3650894165039 121.58721160888672 121.57857513427734 121.56463623046875 121.53863525390625 121.51094055175781
          121.48077392578125 121.43852233886719 121.37764739990234 121.28305053710938 121.1130142211914 121.52178955078125 121.77246856689453 121.95767211914062 122.09654998779297 122.19917297363281 122.2708511352539 122.30745697021484 122.32368469238281 122.31864166259766 122.28864288330078 122.23880004882812 122.16641235351562 122.0782241821289 121.97195434570312 121.84989929199219
          121.7135238647461 121.56464385986328 121.40474700927734 121.2365493774414 121.06340026855469 120.88790130615234 120.7103042602539 120.52410888671875 120.33780670166016 120.15148162841797 119.96803283691406 119.78816986083984 119.61038208007812 119.43925476074219 119.27941131591797 119.12459564208984 118.97799682617188 118.84497833251953 118.71975708007812 118.6102294921875
          118.51237487792969 118.43153381347656 118.37693786621094 118.45608520507812 118.60870361328125 118.78324127197266 118.9727783203125 119.16853332519531 119.36671447753906 119.56486511230469 119.75933074951172 119.94387817382812 120.11805725097656 120.2835693359375 120.43743896484375 120.56998443603516 120.69701385498047 120.81517028808594 120.92230987548828 121.02125549316406
          121.10784912109375 121.18638610839844 121.25447845458984 121.31439971923828 121.36553192138672 121.41259765625 121.46476745605469 121.50971221923828 121.55169677734375 121.58465576171875 121.60909271240234 121.62633514404297 121.6365966796875 121.64273071289062 121.64783477783203 121.64076232910156 121.63572692871094 121.63018035888672 121.6285400390625 121.02398681640625
          121.01929473876953 121.00614166259766 120.98684692382812 120.96036529541016 120.9223861694336 120.85790252685547 120.75489044189453 120.60424041748047 120.6108627319336 121.01859283447266 121.32234954833984 121.49202728271484 121.63194274902344 121.73395538330078 121.79922485351562 121.83971405029297 121.85320281982422 121.84249114990234 121.80915832519531 121.75321197509766
          121.67724609375 121.58228302001953 121.46629333496094 121.3336181640625 121.18888854980469 121.0283432006836 120.86183166503906 120.68622589111328 120.50301361083984 120.32038879394531 120.140625 119.96048736572266 119.77338409423828 119.58432006835938 119.40003204345703 119.22046661376953 119.04964447021484 118.88330841064453 118.72394561767578 118.56949615478516
          118.4207992553711 118.28438568115234 118.16612243652344 118.0605697631836 117.97384643554688 117.91529083251953 117.883056640625 117.90245819091797 118.10675048828125 118.32928466796875 118.56230163574219 118.80854797363281 119.05200958251953 119.29265594482422 119.52600860595703 119.74871063232422 119.9654312133789 120.16596221923828 120.35124969482422 120.52041625976562
          120.6792221069336 120.82762145996094 120.96783447265625 121.09649658203125 121.20974731445312 121.31304168701172 121.40511322021484 121.4854965209961 121.55713653564453 121.62743377685547 121.6908187866211 121.74917602539062 121.79723358154297 121.83614349365234 121.86540985107422 121.8846664428711 121.89558410644531 121.8991928100586 121.89339447021484 121.88279724121094
          121.87120056152344 121.86062622070312 121.85616302490234 120.45426177978516 120.4501724243164 120.4379653930664 120.41988372802734 120.39623260498047 120.35415649414062 120.29000854492188 120.17862701416016 119.91860961914062 120.30065155029297 120.61788940429688 120.87570190429688 121.03455352783203 121.1690673828125 121.2663803100586 121.32561492919922 121.36163330078125
          121.37306213378906 121.35665893554688 121.31861877441406 121.25829315185547 121.17652893066406 121.07306671142578 120.94923400878906 120.8098373413086 120.65699005126953 120.49034881591797 120.30760192871094 120.11648559570312 119.92548370361328 119.734130859375 119.55236053466797 119.37317657470703 119.18569946289062 119.00167846679688 118.81952667236328 118.63982391357422
          118.46793365478516 118.3073501586914 118.15027618408203 117.99278259277344 117.84115600585938 117.70320892333984 117.5829086303711 117.47964477539062 117.39927673339844 117.33414459228516 117.3000717163086 117.30316162109375 117.56100463867188 117.84112548828125 118.13634490966797 118.43502807617188 118.72518157958984 119.00643920898438 119.28389739990234 119.54955291748047
          119.80438232421875 120.03245544433594 120.24943542480469 120.45684814453125 120.65023040771484 120.83021545410156 121.00061798095703 121.16104125976562 121.30235290527344 121.427734375 121.54057312011719 121.64314270019531 121.73737335205078 121.82279968261719 121.90042114257812 121.96770477294922 122.02426147460938 122.0696029663086 122.1034927368164 122.1233139038086
          122.13238525390625 122.13070678710938 122.11751556396484 122.09784698486328 122.07708740234375 122.05757904052734 122.04651641845703 119.88399505615234 119.8779067993164 119.86531066894531 119.84970092773438 119.82941436767578 119.80110931396484 119.74974822998047 119.6075668334961 119.76167297363281 119.98200225830078 120.22437286376953 120.40287017822266 120.57223510742188
          120.69001007080078 120.78365325927734 120.84888458251953 120.88031768798828 120.88511657714844 120.86495971679688 120.82173919677734 120.75407409667969 120.66606903076172 120.55699157714844 120.42742919921875 120.27876281738281 120.1164321899414 119.93667602539062 119.74291229248047 119.54012298583984 119.3383560180664 119.14126586914062 118.9583511352539 118.77781677246094
          118.58856201171875 118.40301513671875 118.22450256347656 118.04539489746094 117.87854766845703 117.71666717529297 117.56151580810547 117.40312957763672 117.2461929321289 117.10094451904297 116.97099304199219 116.86386108398438 116.78117370605469 116.69609069824219 116.64292907714844 116.60494232177734 116.97058868408203 117.3348159790039 117.69597625732422 118.04802703857422
          118.39070892333984 118.71842956542969 119.03897857666016 119.34439849853516 119.63190460205078 119.89324951171875 120.1467514038086 120.38719177246094 120.6137466430664 120.8256607055664 121.02658081054688 121.21297454833984 121.38230895996094 121.53266906738281 121.66891479492188 121.788330078125 121.90106964111328 122.00287628173828 122.09160614013672 122.16846466064453
          122.23330688476562 122.2830810546875 122.31848907470703 122.34130096435547 122.35063171386719 122.34117889404297 122.3199234008789 122.29025268554688 122.25479125976562 122.22139739990234 122.19783782958984 119.30230712890625 119.29358673095703 119.28534698486328 119.27398681640625 119.26261138916016 119.26071166992188 119.2548599243164 119.205322265625 119.4080581665039
          119.58158111572266 119.75208282470703 119.9454345703125 120.09649658203125 120.21626281738281 120.30358123779297 120.36338806152344 120.39154052734375 120.39112854003906 120.36787414550781 120.31936645507812 120.2452621459961 120.15042114257812 120.03279113769531 119.89698791503906 119.74333190917969 119.56961059570312 119.3805160522461 119.17445373535156 118.9654312133789
          118.74824523925781 118.54259490966797 118.35501098632812 118.17031860351562 117.98123168945312 117.79175567626953 117.6104507446289 117.4344482421875 117.26847076416016 117.11046600341797 116.94964599609375 116.79220581054688 116.63792419433594 116.48334503173828 116.33197021484375 116.20171356201172 116.08228302001953 115.98420715332031 115.89718627929688 115.71742248535156
          116.34332275390625 116.81114959716797 117.24488830566406 117.65653228759766 118.04795837402344 118.43069458007812 118.79288482666016 119.13461303710938 119.44342803955078 119.74874877929688 120.03968048095703 120.31331634521484 120.57073211669922 120.81905364990234 121.04920196533203 121.25996398925781 121.45630645751953 121.63026428222656 121.78302001953125 121.92158508300781
          122.05093383789062 122.1651382446289 122.2672348022461 122.35408020019531 122.4266128540039 122.48234558105469 122.52119445800781 122.54496765136719 122.54913330078125 122.535888671875 122.50691223144531 122.46283721923828 122.40702056884766 122.34942626953125 122.30418395996094 118.71187591552734 118.7052001953125 118.69689178466797 118.6864242553711 118.68486785888672
          118.70562744140625 118.76536560058594 118.85638427734375 119.01087188720703 119.1716079711914 119.33128356933594 119.48005676269531 119.62578582763672 119.73492431640625 119.82148742675781 119.86882019042969 119.89494323730469 119.89427185058594 119.86740112304688 119.81224822998047 119.7330322265625 119.63001251220703 119.50515747070312 119.3639907836914 119.20214080810547
          119.01766204833984 118.81737518310547 118.60365295410156 118.38141632080078 118.15543365478516 117.9380874633789 117.73506927490234 117.54524993896484 117.35192108154297 117.16230010986328 116.97709655761719 116.80658721923828 116.6437759399414 116.48503112792969 116.32412719726562 116.16448974609375 116.00142669677734 115.83151245117188 115.66387939453125 115.50054168701172
          115.34829711914062 115.21311950683594 115.10157012939453 115.11180877685547 115.76378631591797 116.29059600830078 116.790283203125 117.26336669921875 117.71432495117188 118.14375305175781 118.546142578125 118.91339874267578 119.26792907714844 119.60576629638672 119.93024444580078 120.23394012451172 120.52754211425781 120.80841827392578 121.0707015991211 121.31011962890625
          121.52326965332031 121.71211242675781 121.88548278808594 122.0430679321289 122.18692016601562 122.31497192382812 122.42890167236328 122.52616119384766 122.60604858398438 122.66725158691406 122.71065521240234 122.73149108886719 122.73439025878906 122.71771240234375 122.67958068847656 122.62046813964844 122.53934478759766 122.43900299072266 122.34146118164062 118.1106185913086
          118.10786437988281 118.10016632080078 118.08734893798828 118.07929992675781 118.09342193603516 118.22924041748047 118.39091491699219 118.55972290039062 118.72572326660156 118.88465118408203 119.02872467041016 119.15320587158203 119.25659942626953 119.32804107666016 119.38541412353516 119.3985366821289 119.39140319824219 119.3612289428711 119.30065155029297 119.21435546875
          119.10588836669922 118.9748764038086 118.82433319091797 118.650390625 118.45744323730469 118.24797821044922 118.0239028930664 117.79202270507812 117.5511703491211 117.31715393066406 117.1003189086914 116.90289306640625 116.70610809326172 116.51388549804688 116.33325958251953 116.16773986816406 116.00420379638672 115.84393310546875 115.6846694946289 115.5210189819336
          115.35594940185547 115.1783676147461 114.99372100830078 114.79187774658203 114.61959075927734 114.4014892578125 114.11750030517578 114.57256317138672 115.18123626708984 115.77613067626953 116.33907318115234 116.87476348876953 117.38330078125 117.86144256591797 118.30096435546875 118.71138000488281 119.0985336303711 119.46723937988281 119.8216323852539 120.16043090820312
          120.4853744506836 120.79653930664062 121.08515167236328 121.34754943847656 121.58456420898438 121.79341125488281 121.98554992675781 122.15673065185547 122.31397247314453 122.45329284667969 122.58014678955078 122.6850814819336 122.76844787597656 122.83529663085938 122.8799057006836 122.90431213378906 122.9090347290039 122.88967895507812 122.84526062011719 122.77227020263672
          122.66061401367188 122.49801635742188 122.20821380615234 117.50130462646484 117.49915313720703 117.49040985107422 117.47367095947266 117.43959045410156 117.30940246582031 117.63992309570312 117.87968444824219 118.07466125488281 118.25921630859375 118.42121124267578 118.5594482421875 118.67462921142578 118.76942443847656 118.84368133544922 118.87623596191406 118.89247131347656
          118.8797607421875 118.84465026855469 118.78168487548828 118.69081115722656 118.5739974975586 118.43388366699219 118.27521514892578 118.09477233886719 117.89093017578125 117.66810607910156 117.43077850341797 117.18586730957031 116.93734741210938 116.69102478027344 116.46186065673828 116.24922943115234 116.0550537109375 115.86071014404297 115.68294525146484 115.51808166503906
          115.35739135742188 115.19649505615234 115.03922271728516 114.88113403320312 114.7191390991211 114.54166412353516 114.32957458496094 114.00765228271484 113.89543151855469 113.60794067382812 113.41472625732422 113.61792755126953 114.55541229248047 115.26116180419922 115.90096282958984 116.499755859375 117.0577621459961 117.5786361694336 118.06922912597656 118.52095031738281
          118.93753051757812 119.33216094970703 119.72013854980469 120.09278869628906 120.44927215576172 120.7840805053711 121.0965347290039 121.38484954833984 121.63648223876953 121.86647033691406 122.07515716552734 122.26498413085938 122.4353256225586 122.58757019042969 122.72065734863281 122.833740234375 122.9242172241211 122.99398803710938 123.04291534423828 123.07070922851562
          123.07572174072266 123.0575180053711 123.01056671142578 122.92898559570312 122.80299377441406 122.60025787353516 122.21314239501953 116.88201904296875 116.879638671875 116.87128448486328 116.85592651367188 116.8192138671875 116.61564636230469 117.07342529296875 117.36251068115234 117.58438110351562 117.77867126464844 117.94287109375 118.080810546875 118.19292449951172
          118.27898406982422 118.33589172363281 118.37098693847656 118.38080596923828 118.36372375488281 118.31917572021484 118.24954986572266 118.15364074707031 118.03099822998047 117.88433074951172 117.71658325195312 117.5250244140625 117.30804443359375 117.07354736328125 116.8253173828125 116.56876373291016 116.3082504272461 116.0616683959961 115.81780242919922 115.5922622680664
          115.38996124267578 115.19751739501953 115.01891326904297 114.85577392578125 114.69754791259766 114.54238891601562 114.39044952392578 114.23980712890625 114.08694458007812 113.91521453857422 113.7256088256836 113.49048614501953 113.20658111572266 113.10121154785156 113.00267028808594 113.02107238769531 113.98605346679688 114.77799987792969 115.4822006225586 116.14421844482422
          116.74894714355469 117.30828857421875 117.83478546142578 118.32528686523438 118.78448486328125 119.21123504638672 119.63101959228516 120.03064727783203 120.41017150878906 120.76957702636719 121.10687255859375 121.41455841064453 121.68536376953125 121.93495178222656 122.16077423095703 122.36453247070312 122.54922485351562 122.71175384521484 122.85222625732422 122.97298431396484
          123.06976318359375 123.14319610595703 123.2010269165039 123.2342300415039 123.24446105957031 123.22875213623047 123.17932891845703 123.10269927978516 122.9889144897461 122.80133819580078 122.50990295410156 116.26301574707031 116.2601547241211 116.25458526611328 116.24983215332031 116.2468490600586 116.20874786376953 116.59278869628906 116.87503814697266 117.10677337646484
          117.30342102050781 117.46855926513672 117.6008071899414 117.70560455322266 117.78626251220703 117.84146118164062 117.86702728271484 117.86660766601562 117.84791564941406 117.79410552978516 117.71286010742188 117.60719299316406 117.47660827636719 117.32167053222656 117.142333984375 116.94204711914062 116.71542358398438 116.47074890136719 116.21516418457031 115.94990539550781
          115.68190002441406 115.42157745361328 115.17070007324219 114.92897033691406 114.71224212646484 114.51339721679688 114.33045196533203 114.17189025878906 114.02528381347656 113.87470245361328 113.733154296875 113.59910583496094 113.45282745361328 113.29854583740234 113.12596893310547 112.93413543701172 112.72806549072266 112.50325012207031 112.31571197509766 112.61894226074219
          113.50579833984375 114.37421417236328 115.13138580322266 115.81814575195312 116.4576187133789 117.05281829833984 117.60808563232422 118.12834930419922 118.61929321289062 119.09618377685547 119.54803466796875 119.97499084472656 120.3752212524414 120.75663757324219 121.1174545288086 121.44102478027344 121.73421478271484 122.00070190429688 122.24214172363281 122.46015167236328
          122.65592956542969 122.82976531982422 122.98027038574219 123.10721588134766 123.2110366821289 123.29469299316406 123.3578872680664 123.39732360839844 123.40973663330078 123.40021514892578 123.37095642089844 123.30545806884766 123.2170181274414 123.100830078125 123.01993560791016 115.6468734741211 115.63533782958984 115.63018035888672 115.61896514892578 115.60599517822266
          115.87112426757812 116.15553283691406 116.41693115234375 116.64163208007812 116.83614349365234 116.99607849121094 117.1184310913086 117.21490478515625 117.28885650634766 117.33663177490234 117.35456085205078 117.35015869140625 117.32058715820312 117.26146697998047 117.17089080810547 117.05522155761719 116.91679382324219 116.75518798828125 116.5649185180664 116.34801483154297
          116.11102294921875 115.85884857177734 115.59429168701172 115.32384490966797 115.05384063720703 114.78146362304688 114.51329040527344 114.26091766357422 114.01763916015625 113.80585479736328 113.62725067138672 113.47251892089844 113.33065032958984 113.19562530517578 113.06380462646484 112.9394760131836 112.81338500976562 112.67481231689453 112.52039337158203 112.35469818115234
          112.16840362548828 111.90727996826172 111.91619110107422 112.62186431884766 113.34667205810547 114.0748519897461 114.80264282226562 115.51204681396484 116.18511962890625 116.80716705322266 117.38414001464844 117.93578338623047 118.48458099365234 118.99067687988281 119.47107696533203 119.92512512207031 120.34920501708984 120.7500991821289 121.13166809082031 121.4679946899414
          121.78156280517578 122.06365966796875 122.32035064697266 122.55313110351562 122.76148223876953 122.94304656982422 123.10005950927734 123.23735809326172 123.35173034667969 123.44458770751953 123.51373291015625 123.55619812011719 123.5772933959961 123.57818603515625 123.55704498291016 123.5180892944336 123.46510314941406 123.40778350830078 123.36466217041016 115.04741668701172
          115.0083236694336 114.98806762695312 114.906494140625 115.00969696044922 115.4254379272461 115.71564483642578 115.96115112304688 116.18106079101562 116.36524200439453 116.51741027832031 116.6367416381836 116.728759765625 116.79244232177734 116.82637786865234 116.83634948730469 116.82656860351562 116.7833251953125 116.70938110351562 116.61132049560547 116.49071502685547
          116.34422302246094 116.1731948852539 115.97866821289062 115.74859619140625 115.4962158203125 115.23709106445312 114.96881866455078 114.69119262695312 114.40921020507812 114.12867736816406 113.84674072265625 113.56407928466797 113.30122375488281 113.06974029541016 112.89813995361328 112.75170135498047 112.61567687988281 112.48759460449219 112.37748718261719 112.27017211914062
          112.16133880615234 112.0393295288086 111.90941619873047 111.76322937011719 111.59415435791016 111.3135757446289 111.7066650390625 112.4034652709961 113.08966827392578 113.78672790527344 114.48580169677734 115.2067642211914 115.90980529785156 116.5589828491211 117.18824768066406 117.79161834716797 118.3672103881836 118.9038314819336 119.40923309326172 119.88285827636719
          120.32898712158203 120.75572204589844 121.14674377441406 121.50131225585938 121.8311767578125 122.12748718261719 122.39976501464844 122.64464569091797 122.86000061035156 123.0530776977539 123.2210922241211 123.36813354492188 123.49089050292969 123.58970642089844 123.6618423461914 123.71290588378906 123.74263000488281 123.75301361083984 123.7433090209961 123.72296905517578
          123.69389343261719 123.66515350341797 123.64559936523438 114.46875762939453 114.30661010742188 114.33839416503906 114.31061553955078 114.68170928955078 115.00775146484375 115.2803726196289 115.5186996459961 115.72947692871094 115.90351867675781 116.04645538330078 116.16188049316406 116.24178314208984 116.29258728027344 116.31690979003906 116.31640625 116.2892074584961
          116.23397064208984 116.1506118774414 116.0435562133789 115.91282653808594 115.75949096679688 115.57958221435547 115.37065124511719 115.1357650756836 114.87940216064453 114.60852813720703 114.33285522460938 114.04984283447266 113.75623321533203 113.45948028564453 113.15164947509766 112.84423828125 112.55168151855469 112.29203033447266 112.1236572265625 111.99056243896484
          111.86846160888672 111.7569808959961 111.66534423828125 111.5833511352539 111.49469757080078 111.4000015258789 111.29122924804688 111.17206573486328 111.00117492675781 110.7225341796875 111.47339630126953 112.12185668945312 112.78551483154297 113.45709991455078 114.14251708984375 114.90019989013672 115.64242553710938 116.35713958740234 117.0363540649414 117.67013549804688
          118.27167510986328 118.83346557617188 119.3604965209961 119.85675048828125 120.32172393798828 120.76728057861328 121.16900634765625 121.54026794433594 121.88360595703125 122.1954345703125 122.47673034667969 122.7340316772461 122.96222686767578 123.16461181640625 123.34146118164062 123.49765014648438 123.6253662109375 123.72885131835938 123.80758666992188 123.867431640625
          123.90550231933594 123.92507934570312 123.93113708496094 123.9237060546875 123.91049194335938 123.89608001708984 123.88691711425781 114.00489807128906 113.80523681640625 113.52344512939453 113.90563201904297 114.30072784423828 114.6021728515625 114.86004638671875 115.08556365966797 115.283203125 115.447265625 115.58089447021484 115.68402862548828 115.75582885742188
          115.79238891601562 115.80268859863281 115.78807830810547 115.74234771728516 115.67045593261719 115.58208465576172 115.46624755859375 115.32463073730469 115.16241455078125 114.96482849121094 114.74768829345703 114.50841522216797 114.24575805664062 113.9692153930664 113.68575286865234 113.39415740966797 113.09209442138672 112.77865600585938 112.44766235351562 112.10943603515625
          111.75973510742188 111.40412902832031 111.3077392578125 111.20193481445312 111.09032440185547 110.99717712402344 110.9268569946289 110.86886596679688 110.81436157226562 110.7481918334961 110.67587280273438 110.58386993408203 110.4080581665039 110.4156494140625 111.16670227050781 111.79634857177734 112.4225082397461 113.06109619140625 113.61316680908203 114.59342956542969
          115.4326400756836 116.19831848144531 116.91252136230469 117.57921600341797 118.198974609375 118.78308868408203 119.32901763916016 119.84100341796875 120.32844543457031 120.78886413574219 121.20093536376953 121.58734130859375 121.93785095214844 122.26403045654297 122.55992889404297 122.82719421386719 123.06605529785156 123.27423095703125 123.46054077148438 123.62126922607422
          123.75519561767578 123.86354064941406 123.95210266113281 124.01911163330078 124.06515502929688 124.0938491821289 124.10868835449219 124.11470794677734 124.11245727539062 124.10710144042969 124.10189819335938 113.64795684814453 113.57166290283203 113.50208282470703 113.6854476928711 113.94207000732422 114.2051010131836 114.44490051269531 114.65943145751953 114.84306335449219
          114.997802734375 115.1187744140625 115.20515441894531 115.2633056640625 115.2923583984375 115.29119110107422 115.26042938232422 115.20014190673828 115.11505126953125 115.00578308105469 114.87655639648438 114.7222671508789 114.54259490966797 114.33894348144531 114.10871124267578 113.86219787597656 113.59413146972656 113.31678009033203 113.03111267089844 112.73212432861328
          112.41848754882812 112.09661102294922 111.75479888916016 111.38294982910156 110.90573120117188 110.41654968261719 110.44983673095703 110.38468933105469 110.29232788085938 110.20732879638672 110.1607437133789 110.1493148803711 110.13487243652344 110.096435546875 110.03722381591797 109.9847412109375 110.00465393066406 110.20845794677734 110.83697509765625 111.40371704101562
          112.0010986328125 112.609375 113.52827453613281 114.42721557617188 115.27296447753906 116.06781005859375 116.82174682617188 117.51183319091797 118.15518951416016 118.75596618652344 119.3157730102539 119.8476333618164 120.35084533691406 120.81725311279297 121.2430419921875 121.63677978515625 122.0022201538086 122.3387222290039 122.64442443847656 122.92023468017578
          123.168701171875 123.38577270507812 123.57693481445312 123.74259185791016 123.88050079345703 123.9975357055664 124.09038543701172 124.16384887695312 124.21851348876953 124.25483703613281 124.27812957763672 124.29206848144531 124.29801940917969 124.29971313476562 124.29898071289062 113.28047180175781 113.24665832519531 113.22096252441406 113.31745147705078 113.5545883178711
          113.80754852294922 114.03712463378906 114.2413330078125 114.40840911865234 114.54429626464844 114.65055847167969 114.72823333740234 114.77061462402344 114.78524780273438 114.76962280273438 114.72698974609375 114.656982421875 114.5608139038086 114.43882751464844 114.2933120727539 114.1202163696289 113.91837310791016 113.69329833984375 113.45484161376953 113.1919174194336
          112.92294311523438 112.65145111083984 112.36651611328125 112.07009887695312 111.75077056884766 111.42826843261719 111.09408569335938 110.73777770996094 110.34831237792969 109.90352630615234 109.51409912109375 109.56683349609375 109.47832489013672 109.37705993652344 109.34880828857422 109.4070053100586 109.46580505371094 109.42633819580078 109.30489349365234 109.12322998046875
          109.51166534423828 109.91381072998047 110.412841796875 110.81889343261719 111.51066589355469 112.447021484375 113.36687469482422 114.2770767211914 115.15174102783203 115.98805236816406 116.76416015625 117.47637939453125 118.1372299194336 118.75421905517578 119.3264389038086 119.87494659423828 120.38787078857422 120.85588836669922 121.29505157470703 121.69608306884766
          122.07238006591797 122.42031860351562 122.73365020751953 123.01690673828125 123.27116394042969 123.49644470214844 123.69042205810547 123.85797882080078 124.00316619873047 124.12599182128906 124.22472381591797 124.30270385742188 124.36260223388672 124.4073715209961 124.43767547607422 124.45719146728516 124.46852111816406 124.4742431640625 124.47698211669922 112.91633605957031
          112.87281036376953 112.70843505859375 112.7142333984375 113.14860534667969 113.4158935546875 113.6343994140625 113.82311248779297 113.97359466552734 114.0911865234375 114.18083190917969 114.23982238769531 114.27025604248047 114.27050018310547 114.24188995361328 114.18619537353516 114.10315704345703 113.99259185791016 113.8617172241211 113.69973754882812 113.50541687011719
          113.28909301757812 113.05326843261719 112.79922485351562 112.52582550048828 112.24700164794922 111.96994018554688 111.68638610839844 111.3874282836914 111.0849609375 110.77083587646484 110.45410919189453 110.11190795898438 109.76058959960938 109.3922119140625 109.00476837158203 108.8041000366211 108.64168548583984 108.4180679321289 108.39324188232422 108.6309585571289
          108.85336303710938 108.71329498291016 108.71846771240234 109.01593780517578 109.41940307617188 110.2010269165039 110.72562408447266 111.00791931152344 111.22675323486328 112.11250305175781 113.14777374267578 114.13166809082031 115.0689468383789 115.94371795654297 116.7457504272461 117.47866821289062 118.1537857055664 118.77867889404297 119.36224365234375 119.91473388671875
          120.43537139892578 120.91035461425781 121.35248565673828 121.7701187133789 122.15412139892578 122.51107788085938 122.82855224609375 123.11567687988281 123.37435913085938 123.60493469238281 123.80131530761719 123.97291564941406 124.12285614013672 124.25047302246094 124.35291290283203 124.43534851074219 124.4994888305664 124.54893493652344 124.5846939086914 124.60913848876953
          124.6253433227539 124.63434600830078 124.6382827758789 112.5833969116211 112.55751037597656 112.5021743774414 112.6006088256836 112.82428741455078 113.04501342773438 113.23516845703125 113.40043640136719 113.53571319580078 113.63785552978516 113.71395874023438 113.75608825683594 113.76793670654297 113.75161743164062 113.70600891113281 113.637451171875 113.53971862792969
          113.41659545898438 113.26508331298828 113.08436584472656 112.87718200683594 112.6456069946289 112.3949966430664 112.12903594970703 111.8561019897461 111.5805435180664 111.3005142211914 111.01029968261719 110.711181640625 110.41273498535156 110.11376190185547 109.80397033691406 109.47996520996094 109.14967346191406 108.82316589355469 108.5011215209961 108.22091674804688
          107.77885437011719 106.94337463378906 106.75849914550781 107.6275863647461 108.48236083984375 108.51555633544922 108.72212219238281 109.5006103515625 110.04481506347656 110.614013671875 111.10701751708984 111.50834655761719 111.8061752319336 112.2158203125 112.82374572753906 114.00096893310547 115.02398681640625 115.95013427734375 116.7723388671875 117.51924133300781
          118.20491790771484 118.83320617675781 119.42417907714844 119.97793579101562 120.49855041503906 120.98346710205078 121.42973327636719 121.85520935058594 122.24560546875 122.60714721679688 122.92752075195312 123.21758270263672 123.48035430908203 123.70919036865234 123.90955352783203 124.0866470336914 124.2413101196289 124.36966705322266 124.4752197265625 124.56129455566406
          124.62916564941406 124.68091583251953 124.72000122070312 124.74822998046875 124.7663803100586 124.7770004272461 124.78207397460938 112.24191284179688 112.2260971069336 112.20150756835938 112.31615447998047 112.48043823242188 112.66331481933594 112.8345947265625 112.97949981689453 113.10078430175781 113.18848419189453 113.24070739746094 113.26646423339844 113.26270294189453
          113.2278823852539 113.16482543945312 113.08180236816406 112.96524047851562 112.82209014892578 112.65349578857422 112.45622253417969 112.23239135742188 111.98626708984375 111.7232894897461 111.45403289794922 111.17958068847656 110.90300750732422 110.6249771118164 110.3404312133789 110.04688262939453 109.74504852294922 109.43940734863281 109.13108825683594 108.82179260253906
          108.51338958740234 108.22216033935547 107.97188568115234 107.6854248046875 106.75080871582031 107.45366668701172 107.77738189697266 108.21644592285156 108.60443878173828 108.90718841552734 109.43244934082031 109.97804260253906 110.5035400390625 111.03472137451172 111.53485870361328 111.99918365478516 112.44232177734375 112.90642547607422 113.31031036376953 113.9217529296875
          115.0067367553711 116.02568054199219 116.8669204711914 117.6087875366211 118.29296112060547 118.9227523803711 119.51163482666016 120.06450653076172 120.5855484008789 121.06805419921875 121.52336883544922 121.95023345947266 122.34428405761719 122.70958709716797 123.03144836425781 123.32093811035156 123.58409118652344 123.81675720214844 124.01982879638672 124.19939422607422
          124.35449981689453 124.48468017578125 124.59166717529297 124.67945861816406 124.74851989746094 124.80231475830078 124.84199523925781 124.8712158203125 124.89105987548828 124.9032974243164 124.90919494628906 111.88792419433594 111.86750793457031 111.80398559570312 111.95394134521484 112.10914611816406 112.27240753173828 112.42767333984375 112.55635070800781 112.66204071044922
          112.73477935791016 112.76725006103516 112.77029418945312 112.7433853149414 112.69174194335938 112.61007690429688 112.50428009033203 112.3729248046875 112.21157836914062 112.03097534179688 111.8194808959961 111.58418273925781 111.32356262207031 111.04242706298828 110.76448822021484 110.49320220947266 110.22084045410156 109.93800354003906 109.6567611694336 109.3656005859375
          109.0722885131836 108.77433776855469 108.47330474853516 108.16287994384766 107.84695434570312 107.53775787353516 107.40221405029297 107.47203826904297 107.49102020263672 107.81832885742188 108.17948150634766 108.59382629394531 109.00070190429688 109.43295288085938 109.91595458984375 110.42268371582031 110.9344482421875 111.45997619628906 111.96985626220703 112.46559143066406
          112.9651107788086 113.48082733154297 114.03329467773438 114.67408752441406 115.40320587158203 116.26020050048828 117.02357482910156 117.74778747558594 118.4188003540039 119.04074096679688 119.62173461914062 120.17467498779297 120.68863677978516 121.17671966552734 121.63314056396484 122.05949401855469 122.45500946044922 122.81786346435547 123.13639831542969 123.42607116699219
          123.69229125976562 123.92588806152344 124.12948608398438 124.31060028076172 124.46540069580078 124.59664154052734 124.70330047607422 124.78998565673828 124.85929870605469 124.91209411621094 124.9515380859375 124.9798355102539 124.99870300292969 125.010498046875 125.01599884033203 111.52387237548828 111.49690246582031 111.4048080444336 111.55963897705078 111.7131576538086
          111.8666763305664 112.00856018066406 112.12645721435547 112.21473693847656 112.26914978027344 112.28515625 112.26624298095703 112.2230224609375 112.14807891845703 112.04058074951172 111.9156494140625 111.76226043701172 111.59349822998047 111.40120697021484 111.17871856689453 110.93070983886719 110.65676879882812 110.37566375732422 110.09040832519531 109.80863952636719
          109.53089904785156 109.24983978271484 108.96138000488281 108.68144989013672 108.39190673828125 108.1045150756836 107.81085968017578 107.50675201416016 107.15595245361328 106.52285766601562 106.62051391601562 107.20439147949219 107.60265350341797 108.05524444580078 108.48574829101562 108.93367004394531 109.39078521728516 109.8563003540039 110.32814025878906 110.8470230102539
          111.35643005371094 111.87600708007812 112.39644622802734 112.91580200195312 113.43889617919922 113.98152160644531 114.5599365234375 115.17871856689453 115.80267333984375 116.5512466430664 117.25446319580078 117.92939758300781 118.58036041259766 119.19226837158203 119.76358795166016 120.30487823486328 120.81603240966797 121.30231475830078 121.75269317626953 122.17647552490234
          122.56864166259766 122.92473602294922 123.24403381347656 123.53739929199219 123.80204010009766 124.03433990478516 124.23860168457031 124.41926574707031 124.57275390625 124.70199584960938 124.80790710449219 124.8927230834961 124.96013641357422 125.01046752929688 125.04740142822266 125.0727767944336 125.08937072753906 125.09866333007812 125.10289764404297 111.16728973388672
          111.13162231445312 111.0068130493164 111.10469055175781 111.31666564941406 111.46245574951172 111.58741760253906 111.68515014648438 111.75591278076172 111.79185485839844 111.79048919677734 111.7550277709961 111.691162109375 111.59459686279297 111.4716796875 111.32238006591797 111.15601348876953 110.9789047241211 110.77706146240234 110.5400161743164 110.27552032470703
          109.99456024169922 109.70962524414062 109.42308044433594 109.13002014160156 108.84068298339844 108.54747772216797 108.25791931152344 107.97525024414062 107.6969223022461 107.42037963867188 107.14683532714844 106.87287139892578 106.57954406738281 106.02918243408203 106.4196548461914 107.24075317382812 107.77674102783203 108.28656005859375 108.7784194946289 109.26249694824219
          109.75048828125 110.23600769042969 110.72246551513672 111.23922729492188 111.7630615234375 112.28241729736328 112.8109130859375 113.34220123291016 113.877685546875 114.4272232055664 115.00605010986328 115.61103057861328 116.22747039794922 116.8762435913086 117.52680969238281 118.15789031982422 118.7763671875 119.36859130859375 119.9293441772461 120.45558166503906
          120.96070098876953 121.43607330322266 121.88370513916016 122.29804992675781 122.68517303466797 123.03749084472656 123.35948944091797 123.65171813964844 123.91422271728516 124.14598083496094 124.34803009033203 124.52639770507812 124.67683410644531 124.80265808105469 124.90638732910156 124.9876708984375 125.05045318603516 125.0963363647461 125.12885284423828 125.149169921875
          125.1607666015625 125.16619873046875 125.16947174072266 110.81920623779297 110.79908752441406 110.77420806884766 110.80216979980469 110.95294189453125 111.07379150390625 111.1714859008789 111.24798583984375 111.29752349853516 111.31461334228516 111.29821014404297 111.24449157714844 111.15738677978516 111.04566955566406 110.90633392333984 110.73567962646484 110.5479507446289
          110.36082458496094 110.14926147460938 109.90625 109.62962341308594 109.34060668945312 109.05098724365234 108.75704193115234 108.45249938964844 108.1484603881836 107.84815216064453 107.55585479736328 107.27195739746094 106.9979248046875 106.72541046142578 106.46466064453125 106.22784423828125 106.01439666748047 106.21089172363281 106.80034637451172 107.39974212646484
          107.96503448486328 108.52125549316406 109.0622787475586 109.58502960205078 110.0865478515625 110.59392547607422 111.09603881835938 111.60919952392578 112.15038299560547 112.6761474609375 113.20722198486328 113.74248504638672 114.2899398803711 114.8419189453125 115.40985107421875 115.99671173095703 116.60198974609375 117.21588897705078 117.81341552734375 118.40765380859375
          118.99050903320312 119.56028747558594 120.10065460205078 120.619384765625 121.11537170410156 121.58180236816406 122.0208740234375 122.43283081054688 122.81351470947266 123.16453552246094 123.48050689697266 123.77042388916016 124.02957916259766 124.25801086425781 124.45834350585938 124.63117218017578 124.77823638916016 124.8991470336914 124.99871826171875 125.07489776611328
          125.13163757324219 125.17110443115234 125.19576263427734 125.20849609375 125.21321868896484 125.21442413330078 125.21302032470703 110.45124816894531 110.4426040649414 110.40287017822266 110.48880004882812 110.58670806884766 110.68072509765625 110.75887298583984 110.81239318847656 110.84024047851562 110.83790588378906 110.80245971679688 110.73146057128906 110.62833404541016
          110.49747467041016 110.34762573242188 110.16478729248047 109.96662139892578 109.7569351196289 109.53121185302734 109.27359008789062 108.99501037597656 108.69432067871094 108.39400482177734 108.08926391601562 107.77662658691406 107.4593734741211 107.153564453125 106.85684204101562 106.567138671875 106.28680419921875 106.01133728027344 105.72602081298828 105.3277816772461
          105.81163024902344 106.44078826904297 107.01325225830078 107.5948257446289 108.18089294433594 108.76782989501953 109.34099578857422 109.88978576660156 110.41851806640625 110.93901824951172 111.45185089111328 111.97980499267578 112.52407836914062 113.0545425415039 113.5877914428711 114.12694549560547 114.67284393310547 115.21796417236328 115.79193115234375 116.3724136352539
          116.95555877685547 117.54444122314453 118.1146240234375 118.66822052001953 119.21879577636719 119.7628402709961 120.29154205322266 120.79788970947266 121.28173828125 121.7418441772461 122.17154693603516 122.57524871826172 122.95409393310547 123.29727935791016 123.60369873046875 123.89656066894531 124.14765930175781 124.37141418457031 124.56634521484375 124.73481750488281
          124.87672424316406 124.99189758300781 125.08391571044922 125.15430450439453 125.20323944091797 125.23352813720703 125.24861145019531 125.25143432617188 125.24629211425781 125.23936462402344 125.23335266113281 110.06249237060547 110.06659698486328 110.07820892333984 110.12519073486328 110.19747161865234 110.27400207519531 110.33229064941406 110.37169647216797 110.38220977783203
          110.3599853515625 110.3062744140625 110.22075653076172 110.10628509521484 109.96717071533203 109.80001831054688 109.60736846923828 109.39872741699219 109.16971588134766 108.9208755493164 108.6548843383789 108.36793518066406 108.05403137207031 107.73734283447266 107.4167709350586 107.0966567993164 106.77452087402344 106.46245574951172 106.156494140625 105.86207580566406
          105.58525085449219 105.2789306640625 104.82904052734375 105.21629333496094 105.97785186767578 106.59663391113281 107.20523071289062 107.81426239013672 108.41827392578125 109.02144622802734 109.6136474609375 110.17874145507812 110.73433685302734 111.2687759399414 111.80023193359375 112.34415435791016 112.88057708740234 113.41046905517578 113.95076751708984 114.49077606201172
          115.04280853271484 115.59381103515625 116.15757751464844 116.72386932373047 117.29235076904297 117.85620880126953 118.41204071044922 118.940185546875 119.46978759765625 119.99134826660156 120.49828338623047 120.98650360107422 121.45965576171875 121.90975952148438 122.33273315429688 122.72923278808594 123.09762573242188 123.4349136352539 123.73298645019531 124.02180480957031
          124.2674560546875 124.48719787597656 124.67596435546875 124.8376693725586 124.97291564941406 125.08108520507812 125.16494750976562 125.22681427001953 125.26558685302734 125.28491973876953 125.28792572021484 125.27769470214844 125.25928497314453 125.24056243896484 125.22685241699219 109.64997100830078 109.65715789794922 109.68233489990234 109.72913360595703 109.78267669677734
          109.84293365478516 109.88968658447266 109.91604614257812 109.91340637207031 109.87797546386719 109.8112564086914 109.7166748046875 109.59270477294922 109.43629455566406 109.2551040649414 109.05020904541016 108.82625579833984 108.58670043945312 108.3209457397461 108.0373764038086 107.73148345947266 107.40130615234375 107.08567810058594 106.75294494628906 106.42308807373047
          106.09415435791016 105.77496337890625 105.46368408203125 105.15496063232422 104.90059661865234 104.42889404296875 104.81367492675781 105.50411224365234 106.14090728759766 106.7704086303711 107.40119171142578 108.03184509277344 108.66128540039062 109.27677154541016 109.87482452392578 110.46385192871094 111.03838348388672 111.5918197631836 112.13688659667969 112.68569946289062
          113.2186279296875 113.7508544921875 114.29290008544922 114.84310913085938 115.39793395996094 115.9410400390625 116.49937438964844 117.05719757080078 117.61217498779297 118.16210174560547 118.70013427734375 119.21849822998047 119.7301025390625 120.23086547851562 120.71920776367188 121.1901626586914 121.65188598632812 122.09036254882812 122.50025177001953 122.88975524902344
          123.24834442138672 123.57588958740234 123.86945343017578 124.14786529541016 124.38872528076172 124.60263061523438 124.78488159179688 124.938720703125 125.0661849975586 125.16683959960938 125.24200439453125 125.29352569580078 125.32107543945312 125.32743835449219 125.31512451171875 125.28821563720703 125.25244903564453 125.21400451660156 125.1858901977539 109.21290588378906
          109.21448516845703 109.22550964355469 109.28484344482422 109.34561920166016 109.40015411376953 109.44122314453125 109.45823669433594 109.44268798828125 109.39511108398438 109.3211441040039 109.21311950683594 109.07588958740234 108.9091796875 108.71553802490234 108.48937225341797 108.2468490600586 107.99930572509766 107.7109603881836 107.40516662597656 107.08154296875
          106.76748657226562 106.43616485595703 106.0993423461914 105.75987243652344 105.42691040039062 105.10737609863281 104.77062225341797 104.31289672851562 104.21723175048828 104.41544342041016 105.08386993408203 105.68453979492188 106.31583404541016 106.9557113647461 107.59557342529297 108.24760437011719 108.8962173461914 109.52044677734375 110.13352966308594 110.7422103881836
          111.33143615722656 111.90261840820312 112.45794677734375 113.00592803955078 113.53683471679688 114.07452392578125 114.62876892089844 115.18324279785156 115.73454284667969 116.2737045288086 116.82389068603516 117.38003540039062 117.92428588867188 118.46040344238281 118.99213409423828 119.50148010253906 119.99591064453125 120.47637176513672 120.94820404052734 121.40350341796875
          121.85090637207031 122.2740707397461 122.67716979980469 123.05390167236328 123.40190124511719 123.72240447998047 124.0104751586914 124.27764129638672 124.51075744628906 124.71623992919922 124.8918228149414 125.03820037841797 125.1575698852539 125.25047302246094 125.31536102294922 125.35578918457031 125.3703384399414 125.36223602294922 125.33260345458984 125.28522491455078
          125.22493743896484 125.15689849853516 125.09638977050781 108.75727844238281 108.73651123046875 108.70072174072266 108.81023406982422 108.89832305908203 108.9642105102539 108.9988784790039 109.00601959228516 108.9795150756836 108.91956329345703 108.83273315429688 108.71106719970703 108.56166076660156 108.38396453857422 108.17982482910156 107.93206787109375 107.6912612915039
          107.40531158447266 107.09780883789062 106.78656768798828 106.48261260986328 106.15847778320312 105.81240844726562 105.4598617553711 105.10682678222656 104.77570343017578 104.46439361572266 104.10353088378906 103.72393798828125 104.1110610961914 104.69587707519531 105.26007843017578 105.85247039794922 106.48922729492188 107.13947296142578 107.79249572753906 108.45984649658203
          109.12100982666016 109.76154327392578 110.38652038574219 111.00980377197266 111.61035919189453 112.19517517089844 112.7551040649414 113.30561828613281 113.83943939208984 114.38948822021484 114.95500946044922 115.50313568115234 116.05602264404297 116.60498809814453 117.15023803710938 117.69320678710938 118.23419952392578 118.76622772216797 119.28755187988281 119.78279113769531
          120.25843048095703 120.72843933105469 121.18341827392578 121.62422943115234 122.05410766601562 122.46652221679688 122.8569564819336 123.22233581542969 123.56060028076172 123.87094116210938 124.15193176269531 124.40624237060547 124.63323211669922 124.8299789428711 124.99879455566406 125.13768768310547 125.24906158447266 125.3316650390625 125.38652801513672 125.4151611328125
          125.41627502441406 125.39218139648438 125.344482421875 125.27456665039062 125.18486785888672 125.06964111328125 124.90380859375 108.30412292480469 108.24510192871094 108.01394653320312 108.31376647949219 108.43663024902344 108.50999450683594 108.54371643066406 108.54547119140625 108.51555633544922 108.45052337646484 108.34785461425781 108.2105712890625 108.03958129882812
          107.84625244140625 107.62439727783203 107.37895965576172 107.11329650878906 106.82221221923828 106.51753234863281 106.2128677368164 105.90191650390625 105.56421661376953 105.2090072631836 104.84009552001953 104.45791625976562 104.10015869140625 103.81288146972656 103.41946411132812 103.71021270751953 104.29491424560547 104.8388442993164 105.40951538085938 106.00799560546875
          106.65100860595703 107.31005096435547 107.97857666015625 108.66292572021484 109.3377914428711 109.99102783203125 110.63394165039062 111.26434326171875 111.87127685546875 112.47068786621094 113.0400619506836 113.59380340576172 114.13862609863281 114.70062255859375 115.2615737915039 115.81322479248047 116.36500549316406 116.92457580566406 117.46727752685547 118.006591796875
          118.5399398803711 119.06143188476562 119.57279968261719 120.05147552490234 120.51929473876953 120.97750854492188 121.41793823242188 121.8464126586914 122.26358032226562 122.66292572021484 123.0399398803711 123.39176940917969 123.71923065185547 124.01873016357422 124.29454040527344 124.5392074584961 124.75872039794922 124.94613647460938 125.1074447631836 125.2376480102539
          125.33958435058594 125.41252899169922 125.45659637451172 125.47383117675781 125.4611587524414 125.4207763671875 125.35478973388672 125.26441955566406 125.1478271484375 124.99325561523438 124.71000671386719 107.89932250976562 107.85055541992188 107.70631408691406 107.89230346679688 107.99596405029297 108.06140899658203 108.08760833740234 108.07943725585938 108.03964233398438
          107.96672821044922 107.8582534790039 107.71277618408203 107.52775573730469 107.31673431396484 107.08396911621094 106.83343505859375 106.55867767333984 106.26945495605469 105.96637725830078 105.66331481933594 105.34732055664062 105.0098876953125 104.63641357421875 104.23436737060547 103.80109405517578 103.30858612060547 103.0165023803711 103.11956024169922 103.81831359863281
          104.38351440429688 104.94676208496094 105.53649139404297 106.1427993774414 106.80430603027344 107.4775390625 108.15813446044922 108.85424041748047 109.54225158691406 110.2119369506836 110.8651123046875 111.5041732788086 112.1228256225586 112.73228454589844 113.31192779541016 113.8674087524414 114.42716217041016 114.9950942993164 115.55850982666016 116.11554718017578
          116.67622375488281 117.2351303100586 117.77974700927734 118.31427764892578 118.83988952636719 119.3501205444336 119.84813690185547 120.31782531738281 120.77079772949219 121.21916961669922 121.65123748779297 122.06775665283203 122.47269439697266 122.85667419433594 123.21844482421875 123.56053161621094 123.875244140625 124.16895294189453 124.43611907958984 124.67274475097656
          124.88156127929688 125.0630111694336 125.21603393554688 125.33769226074219 125.43082427978516 125.49444580078125 125.52845001220703 125.53302001953125 125.50740814208984 125.45246124267578 125.3701171875 125.25962829589844 125.12782287597656 124.97260284423828 124.81082153320312 107.50946807861328 107.47781372070312 107.40306091308594 107.51029968261719 107.58016204833984
          107.62730407714844 107.63996887207031 107.62140655517578 107.57164001464844 107.49026489257812 107.37039184570312 107.21540832519531 107.02043914794922 106.79999542236328 106.55958557128906 106.30197143554688 106.028076171875 105.7406997680664 105.43585968017578 105.1283187866211 104.80221557617188 104.46372985839844 104.09912109375 103.68588256835938 103.20423126220703
          102.62259674072266 102.62103271484375 103.29493713378906 103.8775634765625 104.45076751708984 105.03816986083984 105.64535522460938 106.27310180664062 106.94652557373047 107.6440200805664 108.34239959716797 109.03469848632812 109.7280044555664 110.4139633178711 111.08126831054688 111.73458099365234 112.36296081542969 112.98031616210938 113.56863403320312 114.1370849609375
          114.70325469970703 115.2781982421875 115.85025787353516 116.4188003540039 116.98539733886719 117.54120635986328 118.08103942871094 118.61263275146484 119.1249771118164 119.62899017333984 120.1136474609375 120.57528686523438 121.0190200805664 121.45691680908203 121.87718963623047 122.28324890136719 122.67536163330078 123.04444122314453 123.39665985107422 123.7265396118164
          124.03298950195312 124.31802368164062 124.57473754882812 124.80582427978516 125.00729370117188 125.18058776855469 125.32366943359375 125.43817901611328 125.52320098876953 125.57826232910156 125.6024398803711 125.59667205810547 125.55731201171875 125.48914337158203 125.39012908935547 125.2640151977539 125.11219787597656 124.92508697509766 124.6103744506836 107.1133804321289
          107.09471893310547 107.08043670654297 107.12248992919922 107.16614532470703 107.196044921875 107.19818115234375 107.16979217529297 107.1090087890625 107.0121841430664 106.88095092773438 106.715087890625 106.51337432861328 106.28617095947266 106.04328918457031 105.78192138671875 105.50484466552734 105.22351837158203 104.91926574707031 104.60843658447266 104.27505493164062
          103.92066955566406 103.55374145507812 103.17996215820312 102.83775329589844 102.60555267333984 102.6161880493164 103.32183074951172 103.91631317138672 104.50928497314453 105.11090850830078 105.74055480957031 106.41063690185547 107.0981674194336 107.79409790039062 108.49746704101562 109.20181274414062 109.90834045410156 110.60440063476562 111.28629302978516 111.94593811035156
          112.58847045898438 113.21721649169922 113.81709289550781 114.3868179321289 114.97257995605469 115.56031036376953 116.14494323730469 116.71604919433594 117.28379821777344 117.83511352539062 118.37239837646484 118.895751953125 119.4049301147461 119.89558410644531 120.36919403076172 120.82233428955078 121.25812530517578 121.68527221679688 122.09345245361328 122.48936462402344
          122.8702392578125 123.23075866699219 123.57228088378906 123.88935089111328 124.19075012207031 124.46638488769531 124.71537017822266 124.93856811523438 125.13082885742188 125.29727935791016 125.43392944335938 125.53971099853516 125.61742401123047 125.66436004638672 125.67915344238281 125.6631088256836 125.6137924194336 125.53215026855469 125.4203109741211 125.27983093261719
          125.11173248291016 124.92127227783203 124.70301818847656 106.70743560791016 106.68391418457031 106.65988159179688 106.70056915283203 106.73881530761719 106.75946044921875 106.75624084472656 106.72090911865234 106.64851379394531 106.54164123535156 106.39872741699219 106.2242660522461 106.01519775390625 105.78697204589844 105.53992462158203 105.27825927734375 105.00492095947266
          104.72382354736328 104.41575622558594 104.10064697265625 103.7704849243164 103.42230987548828 103.0552749633789 102.60419464111328 102.12030792236328 102.45982360839844 102.82750701904297 103.35836029052734 103.94673919677734 104.55335998535156 105.17484283447266 105.85016632080078 106.53299713134766 107.2271728515625 107.93000030517578 108.63664245605469 109.34626007080078
          110.05549621582031 110.7783203125 111.4806900024414 112.15544128417969 112.8060531616211 113.43687438964844 114.04805755615234 114.63050079345703 115.23542785644531 115.83538818359375 116.42522430419922 117.00216674804688 117.56813049316406 118.11904907226562 118.65323638916016 119.17310333251953 119.66947174072266 120.14842987060547 120.61896514892578 121.06214141845703
          121.4869155883789 121.90430450439453 122.30388641357422 122.69014739990234 123.0596694946289 123.41119384765625 123.7412338256836 124.0517578125 124.3423843383789 124.61143493652344 124.8538818359375 125.0666732788086 125.25308990478516 125.4119644165039 125.5418701171875 125.64178466796875 125.71194458007812 125.75023651123047 125.7593994140625 125.7344741821289
          125.67717742919922 125.58573913574219 125.46217346191406 125.30447387695312 125.11358642578125 124.89393615722656 124.68645477294922 106.30255126953125 106.26057434082031 106.10848999023438 106.26136016845703 106.31533813476562 106.33566284179688 106.32431030273438 106.27801513671875 106.19596862792969 106.07794952392578 105.92765045166016 105.74475860595703 105.532958984375
          105.30368041992188 105.05439758300781 104.79446411132812 104.52395629882812 104.2411117553711 103.93472290039062 103.61516571044922 103.27825164794922 102.9285659790039 102.58158111572266 102.20099639892578 101.81192779541016 102.01705932617188 102.74435424804688 103.3236083984375 103.94902038574219 104.59072875976562 105.23163604736328 105.95059204101562 106.6494369506836
          107.33480072021484 108.04793548583984 108.778564453125 109.48487854003906 110.19725036621094 110.9365005493164 111.65631866455078 112.34119415283203 113.00074005126953 113.63961029052734 114.2615966796875 114.86471557617188 115.4822006225586 116.09132385253906 116.69105529785156 117.2696304321289 117.83594512939453 118.38428497314453 118.91694641113281 119.42986297607422
          119.92135620117188 120.3946304321289 120.850830078125 121.28712463378906 121.69992065429688 122.11082458496094 122.5062026977539 122.88095092773438 123.2394027709961 123.58216857910156 123.90357971191406 124.2070083618164 124.49101257324219 124.751953125 124.98490905761719 125.1933364868164 125.371826171875 125.52481842041016 125.64767456054688 125.74205780029297
          125.8059310913086 125.83958435058594 125.84405517578125 125.8153076171875 125.75220489501953 125.65336608886719 125.51985168457031 125.34663391113281 125.11809539794922 124.83004760742188 124.31713104248047 105.91853332519531 105.884765625 105.80230712890625 105.87676239013672 105.91819763183594 105.92605590820312 105.89933776855469 105.84025573730469 105.74598693847656
          105.61970520019531 105.46186828613281 105.27344512939453 105.05998229980469 104.82504272460938 104.58032989501953 104.3261947631836 104.06130981445312 103.77983856201172 103.47331237792969 103.14435577392578 102.78945922851562 102.4022445678711 102.09439086914062 101.70447540283203 101.32919311523438 102.07750701904297 102.69307708740234 103.29346466064453 103.92919158935547
          104.60431671142578 105.2971420288086 106.01158905029297 106.73560333251953 107.45539855957031 108.15907287597656 108.89303588867188 109.61949157714844 110.34149169921875 111.0810317993164 111.80734252929688 112.50465393066406 113.17626190185547 113.82745361328125 114.46086883544922 115.08796691894531 115.70853424072266 116.32445526123047 116.92904663085938 117.51631164550781
          118.08086395263672 118.63093566894531 119.15855407714844 119.666259765625 120.15602111816406 120.6122055053711 121.05966186523438 121.48543548583984 121.8983383178711 122.302978515625 122.69024658203125 123.06101989746094 123.41232299804688 123.74506378173828 124.06095886230469 124.35987854003906 124.63459014892578 124.88648223876953 125.1119155883789 125.31483459472656
          125.48807525634766 125.6324691772461 125.751953125 125.84232330322266 125.9026107788086 125.93426513671875 125.93465423583984 125.90525817871094 125.83885192871094 125.7380142211914 125.6022720336914 125.41876220703125 125.17510986328125 124.86259460449219 124.41179656982422 105.55496215820312 105.5167236328125 105.40502166748047 105.50101470947266 105.5275650024414
          105.52188873291016 105.47956085205078 105.40632629394531 105.30204772949219 105.16551208496094 104.99836730957031 104.80762481689453 104.59746551513672 104.36400604248047 104.12728118896484 103.87921905517578 103.6214828491211 103.3428726196289 103.03226470947266 102.68505096435547 102.30049133300781 101.90266418457031 101.60122680664062 101.21569061279297 101.50344848632812
          102.02297973632812 102.62230682373047 103.24491882324219 103.90779876708984 104.60948181152344 105.33805847167969 106.06997680664062 106.81297302246094 107.548095703125 108.24871826171875 108.99679565429688 109.74278259277344 110.47380828857422 111.22472381591797 111.95719909667969 112.65369415283203 113.3343505859375 113.99681091308594 114.64533996582031 115.28730773925781
          115.91783905029297 116.54981994628906 117.15808868408203 117.74288940429688 118.31034851074219 118.85830688476562 119.38009643554688 119.88400268554688 120.35990905761719 120.8076171875 121.24765014648438 121.67315673828125 122.09000396728516 122.48441314697266 122.86581420898438 123.22764587402344 123.57374572753906 123.9012680053711 124.21566009521484 124.50354766845703
          124.77116394042969 125.01358795166016 125.23651885986328 125.4320068359375 125.59951782226562 125.74007415771484 125.85405731201172 125.93962860107422 125.99879455566406 126.02838897705078 126.03097534179688 126.00089263916016 125.93709564208984 125.84049987792969 125.70958709716797 125.5278091430664 125.28482818603516 124.90606689453125 124.61053466796875 105.2042465209961
          105.16999816894531 105.10112762451172 105.1328353881836 105.13671875 105.11591339111328 105.05879974365234 104.97245788574219 104.85698699951172 104.71456146240234 104.54425811767578 104.35259246826172 104.14706420898438 103.92332458496094 103.6991958618164 103.46381378173828 103.21109771728516 102.92816162109375 102.60811614990234 102.24275970458984 101.80297088623047
          101.40365600585938 101.10514068603516 100.91610717773438 101.40057373046875 101.80670928955078 102.51344299316406 103.17777252197266 103.89794921875 104.59855651855469 105.3475341796875 106.11662292480469 106.87855529785156 107.61560821533203 108.3349380493164 109.09418487548828 109.84207916259766 110.59612274169922 111.35132598876953 112.08345031738281 112.7844467163086
          113.47691345214844 114.15313720703125 114.81243896484375 115.46987915039062 116.11886596679688 116.75537109375 117.36668395996094 117.95329284667969 118.51942443847656 119.06208801269531 119.58392333984375 120.07276153564453 120.54075622558594 120.98735046386719 121.4284439086914 121.84622192382812 122.26165771484375 122.65364837646484 123.0268325805664 123.38825225830078
          123.72533416748047 124.05146789550781 124.354248046875 124.63850402832031 124.89600372314453 125.13634490966797 125.35152435302734 125.54044342041016 125.70210266113281 125.8398208618164 125.94994354248047 126.03434753417969 126.09345245361328 126.124267578125 126.12853240966797 126.10051727294922 126.04267883300781 125.95832824707031 125.84040069580078 125.67727661132812
          125.47111511230469 125.22760009765625 125.00310516357422 104.86599731445312 104.82334899902344 104.70497131347656 104.75865936279297 104.74744415283203 104.70806121826172 104.63887786865234 104.5404281616211 104.41671752929688 104.2677230834961 104.09587860107422 103.91124725341797 103.70948028564453 103.50670623779297 103.30008697509766 103.07398986816406 102.82254791259766
          102.54158020019531 102.21454620361328 101.83914947509766 101.40135192871094 100.90753173828125 100.61528015136719 100.8544692993164 101.22727966308594 101.72642517089844 102.40579223632812 103.11904907226562 103.85575103759766 104.60245513916016 105.36429595947266 106.14816284179688 106.91077423095703 107.6714096069336 108.41636657714844 109.18427276611328 109.94377136230469
          110.69999694824219 111.45491027832031 112.19251251220703 112.90882873535156 113.61040496826172 114.29945373535156 114.97802734375 115.65088653564453 116.30399322509766 116.94148254394531 117.55354309082031 118.14384460449219 118.70658111572266 119.2480697631836 119.75601196289062 120.23999786376953 120.70581817626953 121.15691375732422 121.59060668945312 122.01119232177734
          122.41687774658203 122.8066177368164 123.17692565917969 123.5291976928711 123.86637878417969 124.18286895751953 124.47869110107422 124.75621795654297 125.01113891601562 125.24665832519531 125.45542907714844 125.63956451416016 125.79641723632812 125.93125915527344 126.04154205322266 126.12545013427734 126.18533325195312 126.2191162109375 126.22545623779297 126.20622253417969
          126.16120147705078 126.08919525146484 125.98886108398438 125.85597229003906 125.69374084472656 125.4955062866211 125.20924377441406 104.54061889648438 104.50505828857422 104.44646453857422 104.40936279296875 104.3628158569336 104.30252075195312 104.22029876708984 104.11046600341797 103.97592163085938 103.82408142089844 103.65895080566406 103.47779846191406 103.29240417480469
          103.10653686523438 102.9118881225586 102.69605255126953 102.45115661621094 102.1679458618164 101.8377456665039 101.473876953125 101.05325317382812 100.51237487792969 100.48878479003906 100.4090805053711 100.84415435791016 101.40643310546875 102.24349212646484 103.04838562011719 103.8245620727539 104.59622955322266 105.368408203125 106.18577575683594 106.94783020019531
          107.72290802001953 108.49658203125 109.26603698730469 110.03655242919922 110.79488372802734 111.54851531982422 112.2961654663086 113.01966094970703 113.73811340332031 114.44552612304688 115.13470458984375 115.81648254394531 116.47274017333984 117.11176300048828 117.72965240478516 118.31275177001953 118.87181091308594 119.40416717529297 119.91059875488281 120.39653015136719
          120.85967254638672 121.30708312988281 121.73768615722656 122.15516662597656 122.55944061279297 122.94418334960938 123.30764770507812 123.65801239013672 123.9889907836914 124.3013916015625 124.59307861328125 124.86212921142578 125.11457061767578 125.34358215332031 125.54619598388672 125.72720336914062 125.88320922851562 126.0179672241211 126.12781524658203 126.21329498291016
          126.27592468261719 126.3121109008789 126.32523345947266 126.31413269042969 126.28303527832031 126.2275619506836 126.14706420898438 126.04569244384766 125.92587280273438 125.80072784423828 125.68473052978516 104.22257995605469 104.18748474121094 104.12068939208984 104.03739166259766 103.97455596923828 103.90229034423828 103.80548858642578 103.68325805664062 103.5417251586914
          103.38899230957031 103.22203826904297 103.05145263671875 102.88177490234375 102.71111297607422 102.52598571777344 102.31853485107422 102.08184814453125 101.80359649658203 101.49038696289062 101.13719177246094 100.70357513427734 100.30683898925781 100.1803207397461 99.912109375 100.03356170654297 101.23529052734375 102.13467407226562 102.98396301269531 103.79173278808594
          104.58709716796875 105.39049530029297 106.21136474609375 106.99339294433594 107.77833557128906 108.56333923339844 109.34505462646484 110.11919403076172 110.885009765625 111.64293670654297 112.38967895507812 113.1324234008789 113.85897827148438 114.5780029296875 115.27728271484375 115.96758270263672 116.63139343261719 117.27025604248047 117.8786392211914 118.45922088623047
          119.01397705078125 119.54257202148438 120.05203247070312 120.53485870361328 120.99472045898438 121.44223022460938 121.8725357055664 122.28394317626953 122.68206787109375 123.05961608886719 123.42862701416016 123.77217864990234 124.09709167480469 124.40543365478516 124.69046783447266 124.9560546875 125.20296478271484 125.42657470703125 125.62794494628906 125.80643463134766
          125.96154022216797 126.0981216430664 126.21013641357422 126.29755401611328 126.3609848022461 126.4041519165039 126.42283630371094 126.42413330078125 126.40398406982422 126.36358642578125 126.30376434326172 126.2298583984375 126.14777374267578 126.067626953125 126.00651550292969 103.92405700683594 103.88015747070312 103.78690338134766 103.60476684570312 103.58027648925781
          103.50430297851562 103.39686584472656 103.26793670654297 103.118408203125 102.9601058959961 102.79967498779297 102.63887023925781 102.4808349609375 102.32173156738281 102.1462631225586 101.9473876953125 101.71983337402344 101.45735931396484 101.16303253173828 100.8462905883789 100.49317169189453 100.16091918945312 99.806396484375 99.42784881591797 100.29977416992188
          101.19195556640625 102.0776138305664 102.92963409423828 103.7645492553711 104.58983612060547 105.41908264160156 106.23823547363281 107.04196166992188 107.83648681640625 108.62876892089844 109.41931915283203 110.2005844116211 110.9745101928711 111.73509216308594 112.4839096069336 113.23088073730469 113.9709701538086 114.70060729980469 115.41046142578125 116.10802459716797
          116.77311706542969 117.40250396728516 118.00682830810547 118.58875274658203 119.14163970947266 119.66824340820312 120.1771469116211 120.65478515625 121.1158218383789 121.56060791015625 121.98523712158203 122.39439392089844 122.78910827636719 123.16571044921875 123.526123046875 123.86865997314453 124.19137573242188 124.49297332763672 124.77371978759766 125.0341567993164
          125.27635955810547 125.49674987792969 125.69742584228516 125.87813568115234 126.03449249267578 126.17280578613281 126.28385162353516 126.37305450439453 126.44189453125 126.49053955078125 126.51809692382812 126.52774047851562 126.51982879638672 126.49496459960938 126.45304870605469 126.4033203125 126.34857940673828 126.29874420166016 126.26473236083984 103.64583587646484
          103.596435546875 103.49283599853516 103.30292510986328 103.19783782958984 103.11128234863281 103.01133728027344 102.87667083740234 102.71648406982422 102.55078887939453 102.38433837890625 102.23038482666016 102.08585357666016 101.93562316894531 101.77084350585938 101.58391571044922 101.37222290039062 101.12799835205078 100.85601043701172 100.55982208251953 100.20289611816406
          99.90343475341797 99.67486572265625 99.22981262207031 100.26758575439453 101.1443862915039 102.03213500976562 102.90121459960938 103.75569152832031 104.60456848144531 105.44193267822266 106.2710952758789 107.08716583251953 107.89331817626953 108.69212341308594 109.4926528930664 110.28040313720703 111.057861328125 111.82486724853516 112.57047271728516 113.31978607177734
          114.07550811767578 114.80872344970703 115.5287094116211 116.22838592529297 116.88870239257812 117.52023315429688 118.12626647949219 118.7008056640625 119.25411224365234 119.78009796142578 120.27851867675781 120.7610092163086 121.21997833251953 121.65994262695312 122.08192443847656 122.48564910888672 122.87864685058594 123.25272369384766 123.6097412109375 123.9503402709961
          124.26862335205078 124.56597900390625 124.84247589111328 125.1008071899414 125.33843231201172 125.5582504272461 125.75933837890625 125.94178009033203 126.10104370117188 126.23757934570312 126.35089111328125 126.44229125976562 126.51590728759766 126.56979370117188 126.60726928710938 126.62489318847656 126.62747192382812 126.6148452758789 126.59062957763672 126.55770874023438
          126.52445983886719 126.49116516113281 126.46807861328125 103.4003677368164 103.34883880615234 103.24319458007812 103.06076049804688 102.71272277832031 102.70404052734375 102.66094970703125 102.51438903808594 102.32418823242188 102.14313507080078 101.96414184570312 101.82130432128906 101.69176483154297 101.5508804321289 101.39655303955078 101.2231674194336 101.03010559082031
          100.80902862548828 100.56399536132812 100.29718780517578 100.01155853271484 99.7384033203125 99.4871597290039 99.22464752197266 100.2485580444336 101.11897277832031 102.00435638427734 102.89114379882812 103.76665496826172 104.62269592285156 105.4695053100586 106.30413055419922 107.13127136230469 107.94412231445312 108.75170135498047 109.55717468261719 110.35159301757812
          111.13745880126953 111.90097045898438 112.65446472167969 113.39716339111328 114.16356658935547 114.90897369384766 115.63192749023438 116.32642364501953 116.98784637451172 117.62010955810547 118.22154998779297 118.79790496826172 119.35009765625 119.87239074707031 120.37098693847656 120.8492660522461 121.30254364013672 121.73970031738281 122.16059875488281 122.56242370605469
          122.95084381103516 123.32376098632812 123.67832946777344 124.01696014404297 124.33111572265625 124.62532806396484 124.8985824584961 125.15473175048828 125.39263153076172 125.61064147949219 125.81446075439453 125.99665832519531 126.15555572509766 126.29395294189453 126.40995788574219 126.50497436523438 126.58319854736328 126.64338684082031 126.68616485595703 126.71179962158203
          126.72212219238281 126.72086334228516 126.7078628540039 126.68696594238281 126.66411590576172 126.64517211914062 126.63410186767578 103.19377899169922 103.13793182373047 103.03086853027344 102.88078308105469 102.69422149658203 102.55155181884766 102.3982162475586 102.19852447509766 101.90451049804688 101.702392578125 101.501220703125 101.40801239013672 101.29149627685547
          101.15685272216797 101.01524353027344 100.86139678955078 100.6874771118164 100.4920654296875 100.27025604248047 100.03147888183594 99.76575469970703 99.48063659667969 99.01899719238281 99.31513977050781 100.26885223388672 101.12919616699219 102.0032730102539 102.90410614013672 103.78382110595703 104.6429672241211 105.49384307861328 106.33114624023438 107.16919708251953
          107.9891586303711 108.79940795898438 109.6131362915039 110.41700744628906 111.20182800292969 111.96691131591797 112.72463989257812 113.47183227539062 114.24048614501953 114.9914779663086 115.71277618408203 116.40879821777344 117.07156372070312 117.70088195800781 118.30359649658203 118.88033294677734 119.42620086669922 119.94678497314453 120.4433822631836 120.91883087158203
          121.37062072753906 121.80333709716797 122.2221450805664 122.62214660644531 123.0110092163086 123.37982940673828 123.73176574707031 124.0671157836914 124.37995147705078 124.67214965820312 124.94535827636719 125.19935607910156 125.43527221679688 125.65608978271484 125.85942840576172 126.04075622558594 126.20079040527344 126.34126281738281 126.46085357666016 126.56067657470703
          126.6428451538086 126.70735168457031 126.7555160522461 126.78829956054688 126.80683898925781 126.81336975097656 126.81128692626953 126.80207824707031 126.79068756103516 126.78156280517578 126.77560424804688 103.01529693603516 102.95785522460938 102.8475112915039 102.69560241699219 102.5263671875 102.35667419433594 102.17168426513672 101.9485855102539 101.67912292480469
          101.39552307128906 100.91651916503906 100.96553802490234 100.86566162109375 100.74613189697266 100.62676239013672 100.49546813964844 100.34933471679688 100.17741394042969 99.9756851196289 99.74891662597656 99.49800109863281 99.24176788330078 98.8230972290039 99.50426483154297 100.33139038085938 101.16162109375 102.02957153320312 102.92430877685547 103.80197143554688
          104.66571044921875 105.51700592041016 106.35364532470703 107.19174194335938 108.02301025390625 108.84428405761719 109.65860748291016 110.46341705322266 111.25355529785156 112.0234146118164 112.7818832397461 113.538330078125 114.30381774902344 115.05894470214844 115.7807846069336 116.4752426147461 117.13753509521484 117.76795959472656 118.37096405029297 118.94168090820312
          119.48463439941406 120.00614929199219 120.49870300292969 120.96944427490234 121.42321014404297 121.85643768310547 122.27027130126953 122.66548156738281 123.05047607421875 123.42208862304688 123.77058410644531 124.1030044555664 124.4144515991211 124.70836639404297 124.98058319091797 125.23390197753906 125.46989440917969 125.68950653076172 125.89227294921875 126.0750503540039
          126.23731994628906 126.3801040649414 126.50286102294922 126.60431671142578 126.69010925292969 126.75988006591797 126.81324005126953 126.85162353515625 126.8770751953125 126.89122772216797 126.89588165283203 126.89625549316406 126.8932876586914 126.88737487792969 126.88582611083984 102.87979125976562 102.8149642944336 102.6882095336914 102.50065612792969 102.32106018066406
          102.12067413330078 101.89830017089844 101.65519714355469 101.402587890625 101.16568756103516 100.87300872802734 100.5104751586914 100.40202331542969 100.30452728271484 100.22614288330078 100.12261962890625 100.01831817626953 99.87470245361328 99.6960220336914 99.46823120117188 99.2018814086914 98.96607971191406 98.82000732421875 99.63651275634766 100.38618469238281
          101.21000671386719 102.07313537597656 102.95054626464844 103.82659912109375 104.68558502197266 105.52910614013672 106.369384765625 107.2074966430664 108.04418182373047 108.87449645996094 109.69731140136719 110.49913787841797 111.29125213623047 112.06282043457031 112.82874298095703 113.59469604492188 114.35690307617188 115.1052017211914 115.8316421508789 116.52837371826172
          117.18600463867188 117.8218765258789 118.41815185546875 118.98773193359375 119.53170013427734 120.0483627319336 120.53849029541016 121.0068588256836 121.45420837402344 121.89141082763672 122.30431365966797 122.69863891601562 123.0785140991211 123.4463119506836 123.79669952392578 124.12745666503906 124.43904113769531 124.73239135742188 125.00516510009766 125.25826263427734
          125.49590301513672 125.71415710449219 125.91506958007812 126.09915924072266 126.26410675048828 126.40910339355469 126.53233337402344 126.64009094238281 126.72702026367188 126.79856872558594 126.85652923583984 126.90092468261719 126.9320297241211 126.95113372802734 126.96160888671875 126.96573638916016 126.96835327148438 126.96674346923828 126.96603393554688 102.78288269042969
          102.71054077148438 102.56380462646484 102.30421447753906 102.10271453857422 101.90033721923828 101.60379028320312 101.30626678466797 101.01094055175781 100.90465545654297 100.75442504882812 100.4477767944336 99.9167709350586 99.71614837646484 99.81087493896484 99.72161865234375 99.69599151611328 99.59396362304688 99.44508361816406 99.19343566894531 98.82887268066406
          98.32723999023438 99.001953125 99.70478057861328 100.4277572631836 101.25125122070312 102.12751007080078 102.9706802368164 103.84256744384766 104.69811248779297 105.53971862792969 106.37957000732422 107.21852111816406 108.05809020996094 108.89173126220703 109.71819305419922 110.51959991455078 111.31426239013672 112.093994140625 112.86253356933594 113.63284301757812
          114.39790344238281 115.13567352294922 115.8691177368164 116.5639419555664 117.22008514404297 117.85231018066406 118.44864654541016 119.0186538696289 119.56044006347656 120.07559967041016 120.56565856933594 121.02911376953125 121.47702026367188 121.90798950195312 122.32098388671875 122.71893310546875 123.09552001953125 123.46178436279297 123.80815124511719 124.14417266845703
          124.45391845703125 124.7471923828125 125.01974487304688 125.27413177490234 125.51139068603516 125.7288818359375 125.92970275878906 126.1162109375 126.28057861328125 126.42845916748047 126.55404663085938 126.66094207763672 126.75151062011719 126.82622528076172 126.88593292236328 126.93301391601562 126.96846771240234 126.9914779663086 127.00565338134766 127.01327514648438
          127.01832580566406 127.01933288574219 127.01991271972656 102.73048400878906 102.6578140258789 102.5123519897461 102.29265594482422 102.00272369384766 101.70575714111328 101.50320434570312 101.3018569946289 101.1183853149414 100.93521118164062 100.72034454345703 100.43856048583984 100.0970230102539 99.80011749267578 99.41063690185547 99.12049865722656 99.40135192871094
          99.30611419677734 99.2636947631836 98.97197723388672 98.31861877441406 98.1253662109375 99.0117416381836 99.73001098632812 100.45340728759766 101.27167510986328 102.16126251220703 102.98287200927734 103.85160064697266 104.70243072509766 105.5465087890625 106.38209533691406 107.22100830078125 108.06338500976562 108.89459991455078 109.72791290283203 110.53325653076172
          111.32725524902344 112.10966491699219 112.88314056396484 113.65125274658203 114.42049407958984 115.16487884521484 115.88455200195312 116.57795715332031 117.23435974121094 117.86691284179688 118.46614837646484 119.03309631347656 119.5753402709961 120.09244537353516 120.5788345336914 121.04190826416016 121.48563385009766 121.91633605957031 122.32884979248047 122.72798156738281
          123.099853515625 123.46897888183594 123.81746673583984 124.14856719970703 124.46437072753906 124.75405883789062 125.02778625488281 125.28189086914062 125.51795959472656 125.73579406738281 125.93822479248047 126.12403869628906 126.28946685791016 126.43793487548828 126.56298828125 126.6719970703125 126.76356506347656 126.83984375 126.90128326416016 126.94940185546875
          126.98662567138672 127.01171112060547 127.0279312133789 127.03739929199219 127.04204559326172 127.04537200927734 127.04663848876953 
        </DataArray>
        <DataArray type="Float64" Name="Drawdown" format="ascii">
          -0.01830749511719887 -0.0024688720703238687 0.4824371337890625 1.1815856933593807 1.8346893310546761 2.4256958007812557 3.0431152343749943 3.38543701171875 3.2510131835937557 3.3358306884765625 3.5383789062499886 3.657864379882824 3.4942871093749943 3.2462890625000114 2.913442993164068 2.795413208007801 2.694610595703125 2.5133850097656136 2.2532775878906364 1.9166381835937614 1.5125610351562386
          0.8520629882812614 0.16433410644532387 -0.012121582031255684 -0.018763732910159092 -0.00946044921875 0.27873382568358807 0.7601119995117074 1.1172195434570256 1.3207748413086051 1.457685852050787 1.5214752197265682 1.6078170776367244 1.714308166503912 1.6399414062499886 1.7802307128906136 2.1373962402343807 2.710415649414074 3.1038970947265625 3.216322326660162 3.442678833007818
          3.6865219116210994 3.9485229492187557 4.228330993652349 4.130271911621094 4.045571899414057 4.075848388671886 4.325411987304676 4.498779296875 4.694325256347668 4.814064025878906 4.957209777832034 5.124754333496099 5.019337463378903 4.930247497558597 4.661871337890631 4.506411743164065 4.270964050292974 4.250866699218747 4.255335998535159 4.184516906738281
          4.238035583496099 4.219409179687503 4.325456237792963 4.255383300781247 4.1943817138671875 3.9404830932617188 4.366381835937503 4.020227050781244 3.5465759277343807 3.528529357910159 3.2924163818359347 3.5204147338867244 4.639822387695318 5.298696899414068 5.290492248535159 5.081333923339841 4.530442810058588 3.7739761352539034 2.2926010131835994 1.108198547363287
          -0.026628112792963066 1.0254623413085966 1.4673065185546932 -0.0021942138671988687 0.39118652343751137 0.9017486572265625 1.5444000244140739 2.317996215820301 3.0177459716796875 3.541452026367182 3.6884277343750114 3.6564147949218864 3.5432006835937386 3.647061157226574 3.7672180175781307 3.5039001464843693 3.2553222656250114 3.121011352539057 2.901974487304699 2.898562622070301
          2.6148498535156364 2.349844360351568 2.106170654296875 1.5872314453125114 0.9961090087890625 0.43367309570311363 0.3860687255859432 0.3436843872070199 0.5392974853515682 0.9612869262695369 1.4089645385742244 1.6926910400390511 1.9089111328125057 1.9543365478515682 2.022421264648443 2.111555480957037 2.3198089599609375 2.346853637695318 2.389675903320324 2.6474365234375057
          3.022111511230463 3.315859985351551 3.4278503417968693 3.6543899536132756 3.898637390136713 3.8635375976562614 3.942338562011713 4.138427734375 4.15374298095702 4.085545349121105 4.33483428955077 4.508026123046875 4.603854370117176 4.821319580078125 4.965594482421878 5.034214782714841 4.926554870605472 4.835992431640619 4.565686035156247 4.309913635253906
          4.071589660644534 3.854147338867193 3.7568771362304716 3.6856231689453125 3.8360519409179688 3.8228958129882784 3.7349624633789062 3.6670867919921903 3.416926574707034 3.067422485351557 3.498120117187497 3.549455261230463 3.1842498779296875 2.38433837890625 2.236933898925784 2.4680755615234347 2.694319152832037 3.724194335937497 4.212182617187494 3.8489608764648438
          3.353833007812497 1.9371536254882784 0.2526962280273466 -0.033242797851556816 1.3039001464843807 1.5302886962890625 2.4376541137695256 0.20950622558592613 0.7221496582031364 1.3070526123046875 1.9929016113281364 2.5918426513671875 3.2078124999999886 3.6423522949218636 3.6968811035156364 3.769430541992193 3.7591613769531307 3.665402221679699 3.6868713378906364 3.5234008789062443
          3.274166870117199 3.138040161132807 3.115631103515625 3.2079620361328125 3.0187255859374886 2.746182250976574 2.191110229492182 1.6512359619140682 1.1264984130859261 0.9069946289062614 0.9757720947265511 1.0938140869140511 1.2400024414062614 1.6432220458984261 2.044198608398432 2.2586486816406364 2.3932556152343807 2.349118041992199 2.42456512451173 2.6186813354492244
          2.731245422363287 2.8607543945312557 2.906773376464855 3.0678222656250114 3.3446716308593807 3.5394577026367244 3.65118865966798 3.778781127929676 4.022441101074207 3.9872421264648494 4.065646362304676 3.9625442504882926 4.072434997558588 4.302581787109375 4.354403686523426 4.426817321777349 4.520738220214838 4.737341308593756 4.783210754394531 4.751594543457031
          4.640722656250006 4.348718261718744 4.071148681640622 3.8117294311523438 3.6699188232421847 3.4524612426757812 3.3553970336914034 3.1865234375 3.238783264160162 3.226092529296878 3.144583129882818 2.9867172241210938 2.7453536987304688 2.7070343017578153 2.3775039672851506 2.330395507812497 1.9616729736328153 2.0481506347656193 1.719041442871088 1.4566452026367216
          1.6612747192382784 1.5916458129882756 2.2555480957031193 1.8567184448242244 1.945481872558588 -0.014619445800775566 -0.03783416748046875 1.2280426025390625 1.83465576171875 2.3702590942382784 3.226353454589841 0.6443145751953239 1.2979278564453125 2.0254943847656364 2.64434814453125 2.9685729980468807 3.50238037109375 3.9494476318359375 3.912933349609375 3.991403198242182
          4.184887695312511 3.89410400390625 3.7173583984375114 3.653872680664051 3.3039978027343864 3.1656127929687443 2.939968872070324 3.3255249023437443 3.2292236328125057 2.747616577148449 2.4765380859375057 2.117117309570318 1.6636016845703239 1.6084991455078068 1.6416015625 1.6455596923828182 1.6123168945312614 2.052859497070301 2.4863220214843693 2.726223754882824
          2.7790954589843864 2.8473709106445426 2.9320571899414176 3.033322143554699 3.1509597778320426 3.2845275878906364 3.43384246826173 3.399758911132807 3.4795074462890625 3.575125122070318 3.7861389160156307 3.815188598632801 4.058116149902332 4.12152099609375 4.001000976562494 3.9938171386718864 4.002937316894531 4.329750061035156 4.480236816406261 4.353047180175793
          4.344610595703131 4.559626770019534 4.507571411132815 4.2757568359375 3.861436462402338 3.560864257812497 3.2771377563476562 3.1106842041015597 2.9661575317382756 2.8449768066406307 2.748652648925784 2.4813735961914034 2.3370285034179688 2.4225830078125057 2.2515716552734375 2.104356384277338 2.077061462402341 2.0659408569335938 2.061511230468753 1.5538238525390682
          1.3763580322265625 1.168992614746088 1.0377700805664034 0.38105010986328125 0.8393844604492244 0.7249252319335966 0.7419601440429631 0.7162124633789091 -0.06972503662109375 -0.03531188964844034 1.5626098632812528 1.7712829589843722 2.3865768432617216 2.9903488159179688 3.780714416503912 1.0447967529296989 1.8163085937499943 2.6690216064453125 3.212564086914057 3.5570831298828125
          3.907186889648443 3.967681884765625 3.9405975341796875 4.4265289306640625 4.4249725341796875 4.035409545898432 3.860006713867193 3.4974822998046875 3.2459289550781136 3.105072021484375 2.9748046875000114 3.3546386718749943 3.3498382568359375 2.95751953125 2.7724487304687386 2.395480346679676 2.2197021484375057 2.640078735351551 2.655465698242182 2.553427124023443
          2.430758666992176 2.491763305664051 2.747000122070318 2.9059600830078125 3.0738159179687443 3.2538330078124886 3.348300170898426 3.357499694824213 3.3814544677734375 3.5199203491210938 3.6733932495117188 3.6425903320312614 3.625138854980463 3.7217330932617188 3.834341430664068 3.9623916625976676 4.106394958496082 3.9696166992187614 4.043786621093744 4.035671997070324
          4.141946411132807 4.168484497070324 4.214485168457031 4.381153869628918 4.569741821289057 4.884239196777344 4.137852478027341 3.5019561767578153 3.176283264160162 2.6718811035156307 2.4788543701171903 2.3079681396484375 2.159008789062497 2.0339981079101506 1.7360870361328153 1.5630783081054744 1.3218307495117188 1.4080566406250057 1.2465133666992188 1.1157546997070256
          1.016566467285159 0.9410903930664034 1.0798278808593693 0.6296508789062472 0.8362091064453097 0.719085693359375 0.3112396240234432 -0.006028747558588066 0.05780029296875 0.5544967651367188 0.5339218139648381 0.22236938476562784 -0.028298950195306816 0.8967697143554716 1.699253845214841 2.252023315429682 2.855947875976568 3.6090286254882784 4.2316131591796875 1.4923370361328239
          2.274911499023432 2.9428527832031364 3.4040649414062614 3.764620971679676 4.128671264648432 4.401525878906256 4.081979370117182 4.575097656249994 4.577996826171869 4.392141723632818 4.116342163085932 3.8529479980468864 3.4009521484375114 3.0580505371093807 3.023037719726574 3.397042846679682 3.4837890624999943 3.181063842773426 3.08367919921875 2.592794799804693
          2.5003845214843636 3.0054565429687443 3.0097198486328125 3.003164672851568 3.184661865234375 3.2583160400390625 3.4283081054687443 3.501687622070307 3.581948852539057 3.772303771972645 3.6764907836914062 3.7923126220703125 3.922637939453125 3.868260192871105 3.826516723632807 3.797834777832037 3.8817565917968864 3.980311584472645 3.995025634765625 4.023648071289074
          4.166079711914051 4.126135253906256 4.198939514160145 4.089161682128918 4.192002868652338 4.316160583496099 4.158605957031256 4.318461608886707 4.403120422363287 4.613215637207034 4.256544494628912 3.9126296997070256 3.3865295410156193 2.9733078002929716 2.4790451049804716 2.1024063110351534 1.8462677001953125 1.5166336059570256 1.3079650878906222 1.0317596435546932
          0.6887725830078182 0.6781646728515653 0.3261199951171818 0.11197814941405682 0.04861755371094034 0.017002868652340908 0.036917114257818184 -0.011241149902346592 -0.002491760253903408 0.09862823486328409 -0.012103271484377842 -0.008311462402346592 -0.012196350097653408 -0.03568267822265625 0.19885406494140057 0.27367401123046875 0.36724548339843466 1.2497283935546903 2.0373855590820256 2.5004684448242216
          3.177581787109375 3.778216552734378 4.523582458496094 2.379702758789051 2.7680297851562443 3.3470336914062386 3.920468139648449 4.193475341796869 4.471060180664068 4.652642822265619 4.641656494140619 4.640481567382807 4.647973632812494 4.564697265625 4.291018676757801 4.224511718749994 3.770700073242182 3.325296020507807 3.1866516113281307 3.554995727539051
          3.6342041015624886 3.321987915039074 3.213784790039057 2.9103271484374886 3.006320190429676 3.4021759033203125 3.299099731445324 3.1896911621093693 3.273782348632807 3.2545013427734375 3.732687377929693 4.015924072265619 4.307522583007824 4.507246398925787 4.518894958496105 4.542887878417957 4.381025695800787 4.130615234375 4.092121887207043 4.066247558593744
          4.053144836425787 4.254042053222662 4.168962097167963 4.097866821289074 4.139550781249994 4.195860290527349 4.068260192871094 4.151539611816418 4.1533660888671875 4.171481323242176 4.207052612304693 4.361735534667957 4.638330078124994 4.645159912109378 4.475770568847651 4.123638916015622 3.787506103515625 3.4666244506835966 3.2631454467773438 2.8830581665039006
          2.324737548828125 1.6846588134765597 1.3626312255859432 0.9766754150390682 0.8225189208984318 0.6169692993164091 0.26648101806640057 0.07072601318358807 -0.004843139648443184 -0.004483032226559658 -0.008229064941403408 -0.019201660156255684 -0.017724609374994316 -0.012803649902338066 -0.011880493164056816 0.35010528564453125 -0.01793670654296875 -0.014239501953127842 0.059930419921869316 0.09214935302733807
          0.38567810058593466 1.1728149414062443 2.2152130126953153 2.6470748901367216 3.474343872070307 3.9214721679687443 4.588055419921872 3.1010192871093807 3.4935424804687614 3.7806030273437443 4.164154052734375 4.448941040039074 4.6346588134765625 4.724954223632807 4.821017456054676 4.824786376953114 4.6367950439453125 4.456280517578136 4.482434082031261 4.616629028320318
          4.359780883789057 3.8099365234375 3.467874145507807 3.6315185546874886 3.6035705566406193 3.4815734863281307 3.4639404296875114 3.3503356933593693 3.4381042480468693 3.7271850585937614 3.618447875976557 3.6063385009765625 3.5921386718750057 3.577084350585949 3.961984252929682 4.354299926757818 4.55291748046875 4.859667968749989 5.077801513671886 5.008905029296869
          4.951765441894537 4.608450317382818 4.374931335449219 4.251628112792957 4.240379333496094 4.242695617675793 4.257623291015619 4.285574340820318 4.225671386718744 4.179714965820324 4.146339416503906 4.226406860351574 4.224067687988281 4.23845977783202 4.16693572998048 4.412219238281239 4.880596923828136 4.880606079101568 4.700245666503903 4.3379058837890625
          4.087475585937497 3.856340026855463 3.3472229003906193 3.0522125244140597 2.3846374511718693 1.6304595947265597 1.4883132934570256 1.188594055175784 1.1215438842773438 1.0065719604492216 0.7477600097656278 0.4431701660156193 0.09293975830078693 -0.0021759033203068157 -0.00337982177734375 -0.0137481689453125 -0.013743591308596592 -0.010073852539065342 -0.012530517578127842 -0.0106353759765625
          -0.0013519287109318157 0.26721343994140057 0.2779327392578068 0.001988220214840908 0.7153167724609375 0.7135086059570312 1.5865234375000057 2.346453857421878 3.3884475708007784 4.152635192871088 4.833576965332028 3.855172729492182 4.051358032226574 4.245941162109375 4.437228393554676 4.7283172607421875 4.821954345703119 4.919238281249989 5.021572875976574 4.930331420898426
          4.845086669921869 4.666632080078131 4.594708251953136 4.529711914062489 4.270864868164068 3.9161834716796875 3.6685668945312386 3.7270080566406136 3.791629028320301 3.6623077392578125 3.6369079589843807 3.6148498535156364 3.795584106445318 3.9794921875 3.865963745117199 3.8514587402343636 4.036831665039074 4.124737548828136 4.4171295166015625 4.714175415039051
          4.919026184082043 5.132666015625006 5.15771942138673 5.292416381835949 5.240274047851557 4.901116943359369 4.372412109375006 4.349795532226551 4.3408966064453125 4.245036315917957 4.2596893310546875 4.186427307128895 4.126181030273443 4.076203918457026 4.137449645996099 4.213977050781239 4.206777954101568 4.213166809082026 4.135333251953114 4.671369934082037
          4.837207031249989 4.72519226074219 4.629817199707034 4.3533782958984375 4.089848327636716 3.7454605102539062 3.418666076660159 2.913874816894534 2.030308532714841 1.454798889160159 1.1977447509765682 1.074366760253909 0.9919509887695312 0.6650619506835938 0.3914031982421875 0.181396484375 -0.00296783447265625 -0.010069274902349434 -0.006234741210931816 0.006764221191403408
          0.12583618164062216 0.1686294555664034 0.1567581176757784 -0.008946228027340908 -0.005262756347661934 0.25805511474609943 1.0579406738281278 0.7848953247070369 0.6984146118164034 0.7921737670898494 1.8619537353515625 2.925851440429682 3.408158874511713 4.381860351562494 5.165830993652349 4.444512939453119 4.543307495117176 4.640713500976574 4.936914062499994 5.234259033203131
          5.234289550781256 5.237783813476568 5.245687866210943 5.158398437500011 4.976632690429682 4.700100708007824 4.528771972656244 4.263073730468761 4.099893188476557 3.842800903320324 3.7896911621093636 3.6436767578125 3.502957153320324 3.565548706054699 3.4337097167968693 3.803091430664068 3.8796447753906307 4.0585174560546875 4.1399688720703125 4.324563598632807
          4.510760498046864 4.600894165039051 4.895315551757818 5.097465515136719 5.207817077636719 5.426126098632807 5.4557952880859375 5.495649719238287 5.545948791503918 5.308996582031256 4.981420898437506 4.96184844970702 4.855871582031256 4.6613922119140625 4.775007629394537 4.702264404296869 4.242498779296881 4.185258483886713 4.243399047851568 4.31579132080077
          4.20215301513673 4.200653076171875 4.513427734375 4.746679687500006 4.603964233398443 4.5757598876953125 4.367216491699224 3.973611450195307 3.5948074340820284 3.330453491210932 3.0853942871093807 2.4638946533203097 1.6575851440429688 1.2618499755859318 0.8902694702148466 0.6446136474609432 0.5349227905273466 0.2800033569335909 0.09367980957031818 -0.012261962890619316
          0.0030197143554744343 -0.0007141113281221578 -0.0032806396484375 0.0700225830078125 -0.002429199218752842 0.03142242431640341 -0.007420349121090908 0.2289321899414034 0.7089340209960966 0.4671539306640682 0.7792465209960966 0.9920486450195369 0.9975570678710994 0.9041946411132784 1.5945053100585938 2.362522888183591 3.5452957153320312 4.425054931640631 5.211535644531253 5.364035034179693
          5.165301513671864 5.166156005859364 5.367330932617193 5.371145629882818 5.4758148193359375 5.4836883544921875 5.395956420898443 5.212313842773426 4.932562255859381 4.755801391601551 4.483709716796881 4.213906860351557 3.9501770019531364 3.689666748046875 3.632192993164068 3.678640747070318 3.5312988281249886 3.488809204101557 3.4502410888671875 3.9152587890625057
          3.888088989257824 3.963467407226574 4.042187500000011 4.424539184570307 4.710461425781261 5.001258850097656 5.298831176757801 5.50470428466798 5.519549560546864 5.741696166992199 5.775233459472645 5.619718933105474 5.672375488281261 5.636621093749994 5.411669921874989 5.394935607910156 5.290652465820301 5.097241210937511 4.813961791992199 4.7368011474609375
          4.470588684082031 4.410670471191395 4.760365295410168 4.72991943359375 4.611077880859369 4.602436828613293 4.708039855957026 4.732769775390636 4.576145935058591 4.335185241699222 3.9095748901367244 3.793043518066412 3.4966766357421903 3.2145156860351562 2.7506118774414006 2.2012649536132756 1.9630493164062557 1.649308776855463 1.1603790283203068 0.6903701782226506
          0.3469802856445341 0.14277496337891193 -0.0009445190429744343 -0.0032897949218693157 0.044126892089849434 0.3428894042968693 0.3558349609375 0.2445266723632784 0.0396728515625 -0.005664062500002842 -0.015751647949215908 -0.004185485839840908 0.36190948486327557 1.28057861328125 1.0117904663085966 1.1194046020507784 0.836029052734375 1.0382186889648466 1.8444747924804688 2.0340301513671903
          3.606541442871091 4.484240722656253 5.2695465087890625 5.6211700439453125 5.721582031249994 5.62457275390625 6.027944946289068 5.835803222656239 5.745721435546869 5.757226562499994 5.472912597656261 5.1914825439453125 4.912310791015614 4.635809326171881 4.461093139648426 4.289459228515625 4.020236206054676 3.656124877929699 3.693264770507824 3.834249877929693
          3.979156494140625 3.831417846679699 3.9870056152343807 4.050909423828131 3.9192382812499886 4.090084838867199 4.067462158203114 4.250332641601574 4.636170959472651 5.028578186035162 5.428614807128895 5.637913513183605 5.755268859863293 5.881634521484386 5.917582702636707 5.8628692626953125 5.818936157226574 5.587507629394537 5.3644256591796875 5.250613403320301
          5.147543334960943 4.954521179199219 4.668815612792969 4.687519836425793 4.517073059082037 4.652172851562511 4.899990844726574 4.962609863281244 4.836566162109364 4.819258117675787 4.914996337890614 4.828327941894543 4.656147766113278 4.398295593261722 3.9540390014648494 3.7191055297851534 3.5005523681640653 3.1981430053710938 2.710061645507807 2.0343093872070312
          1.9636993408203125 2.2166946411132784 1.410980224609375 0.9075393676757812 0.42598724365234375 0.16641540527344034 0.2319137573242216 0.4098098754882784 0.6578445434570312 0.8077941894531193 0.8589492797851506 0.8052902221679688 0.36881256103515625 -0.005401611328125 -0.011749267578125 -0.008477783203119316 0.6936141967773466 1.412062072753912 1.4544586181640682 0.8886154174804659
          0.7150207519531193 -0.002917480468752842 2.0223068237304744 2.506369018554693 3.7771102905273466 4.557647705078125 5.245257568359378 6.208059692382818 6.012576293945301 6.116680908203136 6.225363159179693 6.134915161132824 6.046923828124989 5.960916137695307 5.676327514648449 5.096316528320301 4.617602539062489 4.339529418945318 4.262631225585949 4.186541748046864
          4.0145263671875 3.8444030761718864 3.977102661132818 4.014440917968756 4.256143188476557 4.301187133789057 4.253204345703125 4.110073852539074 4.171948242187511 4.341665649414068 4.415991210937506 4.596527099609375 4.883822631835926 5.178991699218756 5.383171081542969 5.495887756347656 5.616264343261719 5.7452239990234375 5.783064270019537 5.927908325195318
          5.984288024902355 5.753889465332037 5.631730651855463 5.618963623046881 5.4186859130859375 5.027441406250006 4.739393615722662 4.755847167968739 4.681608581542974 4.814495849609386 4.959437561035145 4.816952514648449 4.7801666259765625 4.852452087402355 4.8379364013671875 4.736047363281244 4.546517944335932 4.368852233886713 4.003736877441412 3.848104858398443
          3.609143066406247 2.986027526855466 2.468275451660162 2.1598541259765653 1.964982604980463 2.0867813110351534 1.541935729980466 0.9084197998046903 0.4849594116210909 0.37330932617187784 0.7706695556640568 1.0805953979492244 1.189239501953125 1.0939392089843807 1.0851196289062557 0.8771926879882841 0.4738662719726534 -0.004321289062502842 -0.00218963623046875 0.031904602050786934
          0.6888504028320312 1.451258850097659 1.8053665161132812 1.3489227294921875 0.6909454345703097 1.1201889038085966 1.8133834838867244 2.7948898315429744 3.7707809448242244 4.551432800292972 5.238066101074224 6.531890869140625 6.237048339843739 6.344143676757824 6.354687500000011 6.068115234375 5.5840606689453125 5.299029541015614 5.709329223632807 5.324801635742176
          4.942486572265636 4.562963867187506 4.285272216796869 4.107565307617193 3.932742309570301 3.8595520019531193 3.8896728515624943 4.021182250976551 4.157177734375011 4.297521972656256 4.540887451171869 4.591775512695307 4.551261901855469 4.81573028564452 4.888285827636707 4.968455505371082 5.156330871582043 5.352957153320318 5.558174133300781 5.573408508300787
          5.596844482421886 5.529397583007807 5.469442749023443 5.715187072753906 6.070193481445301 6.139253234863276 5.921656799316395 5.811682128906256 5.611488342285156 5.119625854492199 4.829640197753918 4.7451019287109375 4.767323303222668 4.897662353515614 4.839140319824224 4.786691284179682 4.741200256347668 4.7037200927734375 4.675112915039051 4.556492614746091
          4.447317504882818 4.250082397460943 4.061552429199224 3.8850769042968807 3.523486328125003 2.9724929809570284 2.426893615722662 2.188427734374997 2.0651138305664034 1.6610107421875 1.1733718872070256 0.993438720703125 0.92803955078125 1.0699951171875028 1.5156280517578153 1.482966613769534 1.5408218383789034 1.3964874267578153 1.0427154541015682 0.7711288452148466
          0.5819412231445256 0.1676223754882784 0.048391723632818184 0.1287429809570284 0.437957763671875 1.6146636962890568 2.076934814453125 1.4343536376953097 1.0739425659179744 1.5029876708984347 2.3122268676757756 3.0045059204101534 3.881282043457034 4.6568450927734375 5.155181884765625 6.489291381835926 6.194586181640631 6.005374145507801 5.917047119140619 5.728262329101568
          5.638439941406261 5.452081298828119 5.270803833007818 4.8865966796875 4.700924682617199 4.4169921875 4.533105468749994 4.452301025390625 4.373510742187506 4.096978759765619 4.0234832763671875 4.149995422363276 4.0811920166015625 4.415211486816418 4.853167724609364 5.198143005371094 4.855630493164057 5.018038940429676 5.187619018554699 5.365576171875006
          5.552886962890625 5.6504058837890625 5.757240295410156 5.773001098632818 5.697833251953114 5.729707336425776 5.671400451660162 5.72162322998048 6.079681396484375 6.251190185546875 6.134425354003895 6.025740051269537 5.726339721679693 5.430029296875006 5.138937377929693 4.953300476074219 4.874789428710926 4.902580261230469 4.836642456054676 4.67700653076173
          4.521673583984381 4.471513366699213 4.328746032714847 4.290968322753912 4.261445617675776 4.042573547363276 3.832345581054682 3.7303802490234403 3.3434524536132812 2.7639480590820256 2.387251281738287 2.220236206054693 1.8690826416015653 1.432661437988287 1.0051513671874943 1.1804565429687557 1.568525695800787 1.7716705322265653 1.7824371337890597 1.9934173583984318
          1.907121276855463 1.618025207519537 1.2159439086914006 0.7959106445312472 0.45149383544921307 0.36645812988281534 0.22701721191405966 0.130462646484375 0.5375030517578097 1.8106536865234375 2.0817367553710966 1.642634582519534 1.1878158569335966 1.8147094726562472 2.823651123046872 3.519866943359375 4.104905700683588 4.390119934082037 5.472755432128906 6.570404052734375
          6.275881958007801 6.085113525390625 5.897267150878918 5.709687805175776 5.622688293457031 5.436337280273449 5.15179443359375 4.766122436523432 4.679267883300781 4.593267822265631 4.312303161621088 4.329515075683588 4.2477874755859375 4.065708923339855 3.6881393432617244 4.105381774902355 4.328178405761719 4.557421874999989 4.793386840820318 5.234555053710949
          5.184374999999989 5.144540405273432 5.312472534179676 5.490048217773449 5.676870727539068 5.8733673095703125 5.881269836425787 5.897183227539074 5.92119903564452 5.954690551757807 5.897802734375006 5.949078369140636 6.111531066894543 6.187365722656239 6.1717376708984375 6.064341735839832 5.764147949218739 5.466777038574207 5.27240447998048 5.282563781738276
          4.9050750732421875 4.43195037841798 4.456010437011713 4.286715698242176 4.3180694580078125 4.155297851562494 3.996386718750003 3.841160583496091 3.988208007812503 3.848362731933591 3.6145217895507784 3.5859603881835938 3.171826171874997 2.5622619628906307 2.353620910644537 2.2564315795898438 1.9744781494140682 1.5037857055664006 1.336503601074213 1.869786071777341
          2.1251251220703153 2.2877655029296875 2.258279418945307 2.2277862548828153 1.9988647460937443 1.664533996582037 1.218919372558588 0.8528884887695369 0.6610473632812557 0.4423126220703182 0.09930877685546591 -0.007203674316400566 0.5970916748046875 1.7507263183593693 2.1166061401367244 1.7790603637695312 1.336212158203125 2.1541717529296847 3.0636703491210966 3.760366821289068
          4.250990295410162 4.446191406249994 5.037348937988284 6.779676818847662 6.286787414550787 6.096057128906239 5.907707214355469 5.720738220214855 5.336592102050787 5.348036193847662 5.159938049316395 4.871641540527349 4.784153747558605 4.598123168945307 4.313092041015636 4.029014587402344 4.0433197021484375 3.758753967285145 3.471731567382818 3.9836486816406307
          4.399952697753918 4.523779296875006 4.853770446777332 5.291818237304682 5.337892150878901 5.591534423828136 5.757986450195318 5.736531066894543 5.922834777832037 5.921536254882824 5.928912353515614 5.945352172851557 6.070039367675776 6.105072021484375 6.049290466308605 6.200550842285168 6.660630798339838 6.44372100830077 6.232334899902355 6.125335693359375
          5.8243255615234375 5.624391174316401 5.429034423828114 5.338270568847662 5.251138305664057 4.969377136230463 4.690728759765619 4.412347412109369 4.23263854980469 3.858323669433588 3.680751037597659 3.5060317993164034 3.633418273925784 3.570051574707037 3.4098968505859375 3.354815673828128 2.9110565185546875 2.4687774658203097 2.329489135742193 2.300210571289057
          2.0841003417968693 1.875505065917963 2.170938110351557 2.574702453613284 2.5938705444335994 2.6177383422851506 2.6459625244140597 2.3810531616210966 2.0130996704101562 1.7344879150390682 1.3455612182617216 1.0397735595703068 0.8111434936523381 0.5578552246093693 0.18143463134765625 -0.0022644042968806843 0.7547424316406222 1.6217971801757756 1.891575622558591 1.6603240966796875
          1.9032699584960966 2.3240371704101506 3.3280273437499943 3.927111816406253 4.318467712402338 4.813500976562494 5.306237792968744 6.623068237304693 6.425006103515614 6.035641479492199 5.7481536865234375 5.560848999023449 5.27349853515625 5.186933898925787 5.097920227050793 4.907868957519526 4.719198608398443 4.52947540283202 4.239965820312506 3.949594116210932
          3.7618392944335994 3.37139892578125 3.276625061035162 3.8829193115234375 4.691746520996105 4.908721923828125 5.135485839843739 5.272267150878918 5.5143585205078125 5.866719055175793 5.93268280029298 5.908717346191395 6.09369354248048 6.189572143554699 6.197253417968739 6.214891052246088 6.144026184082037 6.180088806152355 6.224833679199207 6.280610656738276
          6.843757629394531 6.72606964111327 6.515362548828136 6.211849975585949 5.909161376953136 5.708349609375006 5.610116577148432 5.517437744140636 5.329023742675787 5.041395568847662 4.654133605957043 4.264514160156253 4.070141601562497 3.875112915039068 3.6802520751953125 3.585383605957034 3.495130920410162 2.713125610351568 2.721705627441409 2.9370529174804716
          2.4632568359375 2.287278747558588 2.2173736572265597 2.255441284179682 2.203381347656247 2.5568222045898494 2.7224014282226534 2.8944427490234403 2.876303100585943 2.862527465820307 2.656015014648432 2.548632812500003 2.243608093261713 1.8301605224609432 1.308274841308588 1.1623336791992216 0.9968231201171847 0.7100189208984347 0.2980300903320341 0.247833251953125
          0.7480911254882869 1.528092956542963 1.895277404785162 2.157357788085932 2.3993118286132784 2.6222610473632812 3.423779296874997 4.120002746582031 4.501135253906256 5.281878662109378 5.674928283691401 6.489355468750006 6.194337463378901 5.901684570312511 5.612815856933594 5.425457763671886 5.237947082519526 5.052244567871099 4.864627075195301 4.773065185546869
          4.48144989013673 4.386645507812489 4.090544128417974 3.894679260253895 3.5010803222656364 3.401026916503895 3.4996841430664176 3.804666137695307 4.710792541503906 5.022579956054699 5.343194580078119 5.672758483886724 5.913438415527338 6.165913391113293 6.229649353027355 6.204020690917957 6.388035583496105 6.583120727539068 6.492350769042957 6.510629272460932
          6.439855957031256 6.47736053466798 6.623692321777355 6.781788635253918 6.955357360839855 6.838615417480469 6.628419494628901 6.125601196289068 5.919593811035156 5.718179321289057 5.718771362304693 5.5259246826171875 5.2338714599609375 4.938789367675781 4.540708923339849 4.136906433105466 3.8301666259765597 3.6183532714843807 3.5036865234374943 3.388615417480466
          3.27349853515625 3.157435607910159 2.945744323730466 2.438729858398432 2.129472351074213 2.2210006713867188 2.319654846191412 2.3255722045898466 2.437486267089838 2.9554428100585994 3.2871475219726562 3.130723571777338 2.977435302734378 2.8276947021484347 2.78173828125 2.5398483276367188 2.395242309570307 1.9503387451171932 1.6881317138671932 1.6068435668945256
          1.3122879028320256 0.9931579589843693 0.6509414672851506 0.28479156494140057 0.8840042114257756 1.7599700927734432 1.9343795776367188 2.485137939453125 2.820957946777341 3.140733337402338 3.6442199707031193 4.629174804687494 4.509590148925781 4.893347167968756 5.384619140625006 6.279408264160168 6.082597351074213 5.790341186523449 5.501640319824219 5.315464782714855
          5.129853820800776 4.84479217529298 4.656053161621088 4.563423156738281 4.366802978515636 4.267840576171864 4.064888000488281 3.7644226074218636 3.363194274902355 2.9622787475585994 3.5523681640625 3.6499267578124943 4.651155090332026 5.158181762695307 5.476103210449224 5.704942321777338 6.042959594726568 6.293260192871088 6.454486083984364 6.526675415039051
          6.710499572753918 6.807492065429699 6.913929748535168 6.933612060546864 6.864265441894531 6.904074096679693 6.955563354492199 6.919976806640619 6.895033264160162 6.678611755371094 6.368324279785156 6.05908203125 5.854089355468744 5.751995849609386 5.556677246093756 5.360511779785156 5.063591003417969 4.661932373046881 4.252064514160153 3.835200500488284
          3.6106536865234347 3.4811630249023438 3.2494750976562443 3.1125762939453097 3.0724807739257756 2.9322708129882784 2.8909011840820256 2.651080322265628 2.3119537353515653 2.27386474609375 2.340498352050787 2.313037109375003 2.5898635864257784 3.174121093750003 3.471714782714841 3.3802337646484375 3.1927429199218693 2.909745788574213 2.9253906250000057 2.7470779418945312
          2.5676589965820256 2.4841278076171847 2.191654968261716 1.880955505371091 1.6551803588867244 1.115840148925784 0.6502471923828068 0.4652603149414034 1.1568359375000057 1.7338241577148494 2.3966903686523438 2.8419784545898494 3.1722747802734403 3.4916152954101562 4.085839843749994 4.766491699218747 4.350683593750006 4.636195373535159 5.125758361816409 6.189831542968761
          5.895042419433594 5.702206420898449 5.513726806640619 5.131304931640614 4.947547912597656 4.563050842285151 4.374014282226568 4.178836059570301 3.9798126220703125 3.8761886596679744 3.7676895141601676 3.557656860351557 3.0492568969726506 2.5401626586914006 2.7312133789062614 3.6127426147460824 4.411003112792969 4.817770385742193 5.232823181152355 5.657427978515614
          5.995292663574219 6.344357299804699 6.407521057128918 6.579542541503912 6.862878417968744 7.161419677734386 7.172503662109364 7.194131469726557 7.126234436035162 7.068873596191395 7.120904541015619 7.083731079101568 6.954393005371088 6.932089233398443 6.620634460449224 6.41119384765625 6.109413146972656 5.910066223144526 5.416487121582037 5.019184875488293
          4.321310424804693 3.9096267700195284 3.7852401733398438 3.5531936645507756 3.315417480468753 3.1699508666992244 3.017015075683588 2.858036804199216 2.794107055664057 2.7269958496093807 2.360128784179693 2.1882568359374943 2.4134933471679716 2.3454055786132812 2.2803009033203097 2.4182937622070284 2.9609176635742216 3.313833618164068 3.476675415039068 3.4485809326171903
          3.2262161254882784 3.205033874511713 2.990107727050784 2.8753723144531307 2.858454895019534 2.9390808105468693 2.715777587890628 2.2797866821289006 1.8293380737304688 1.462554931640625 0.7804824829101591 0.5862182617187557 1.366685485839838 2.1333511352539034 2.8854751586914062 3.3222640991210994 3.644648742675784 4.349508666992193 4.74154357910156 4.829611206054693
          4.318701171875006 4.507104492187494 4.894645690917969 5.925553894042963 5.728659057617193 5.537608337402332 5.252996826171881 4.870704650878906 4.490411376953119 4.203549194335949 3.816847229003912 3.817495727539068 3.612391662597645 3.4033660888671875 3.2890914916992244 3.0716964721679574 2.5528976440429574 2.230818176269537 2.50915069580077 3.48968048095702
          4.381196594238276 4.585934448242199 4.901414489746088 5.427064514160151 5.766333007812506 6.117510986328114 6.379278564453131 6.653779602050776 6.941479492187511 7.145292663574224 7.256887817382818 7.181590270996082 7.214456176757807 7.256660461425781 7.210285949707043 7.172273254394526 7.142485046386724 7.022531127929682 6.806246948242176 6.598370361328136
          6.197428894042957 5.798028564453119 5.395713806152344 4.991644287109381 4.2848663330078125 3.4712066650390625 2.9423187255859347 3.0946853637695284 3.0433059692382756 2.8827178955078097 2.7101364135742188 2.726301574707037 2.6378585815429716 2.5434799194335938 2.3445770263671903 1.74365234375 2.2376388549804744 2.2371490478515597 2.238917541503909 2.443737792968747
          2.9536239624023466 3.272993469238287 3.400831604003912 3.535238647460943 3.377153015136713 3.221600341796872 3.268969726562503 3.2208480834960938 3.073695373535159 3.219081115722659 3.064566040039068 2.505267333984378 2.129504394531253 1.541412353515625 0.5533126831054744 0.9380065917968778 1.8020172119140625 2.6562698364257784 3.4938674926757756 3.9197769165039062
          4.332319641113287 4.9255828857421875 5.019715881347651 5.013230895996088 4.412178039550781 4.600566101074222 4.688374328613278 5.578892517089855 5.581501770019543 5.490458679199207 5.00878448486327 4.628224182128918 4.147717285156261 3.766218566894537 3.2772888183593807 3.1780593872070426 3.363128662109375 3.144261169433605 2.8231582641601562 2.597080993652341
          1.9693939208984403 1.7368698120117188 2.402949523925784 3.2791458129882756 4.1646575927734375 4.564344787597662 4.976971435546886 5.306298828124994 5.548962402343761 5.903489685058588 6.171520996093761 6.353659057617193 6.646379089355463 6.850283813476551 7.165190124511724 7.290724182128912 7.129586791992182 7.173545837402344 7.225759887695318 7.286900329589855
          7.257875061035151 7.137402343750011 6.921392822265631 6.614996337890631 6.210728454589855 5.806529235839832 5.301445007324219 4.792355346679685 4.075292968750006 3.3475799560546875 3.104142761230463 2.8577682495117216 2.3022003173828125 2.0262161254882756 2.230372619628909 2.523085021972662 2.508679199218747 2.385179138183588 1.9551025390624943 2.116656494140628
          2.0828491210937443 2.148942565917963 2.217446899414057 2.4891632080078097 3.0660598754882784 3.251821899414068 3.4440765380859375 3.443586730957037 3.3492156982421903 3.159567260742193 3.2710556030273494 3.3874801635742244 3.506483459472662 3.327493286132807 3.142765808105466 2.852346801757818 2.2570602416992216 1.2566314697265568 0.9481231689453153 1.5147888183593778
          2.2656539916992244 3.2043731689453097 3.9291229248046875 4.442726135253906 4.9413909912109375 4.9347686767578125 5.029191589355463 5.023019409179682 4.9189453125 4.813414001464849 4.506585693359369 5.743507385253906 5.453295898437489 5.464144897460926 4.981700134277332 4.404695129394526 3.925431823730463 3.444039916992182 2.952981567382807 2.7526535034179744
          2.6412017822265597 2.9075332641601506 2.670675659179693 2.036419677734372 1.396327209472659 1.3515731811523466 2.307795715332034 3.2754013061523324 4.25756378173827 4.556373596191406 4.969503784179693 5.298251342773426 5.542242431640631 5.90044708251952 6.074688720703136 6.162579345703136 6.362280273437506 6.572296142578125 6.793832397460932 6.8267822265625
          6.76642303466798 6.911038208007824 7.067181396484386 7.130946350097645 7.201707458496088 7.180624389648443 6.9644317626953125 6.6554107666015625 6.248716735839849 5.742228698730457 5.329537963867182 4.615649414062503 3.790583801269534 3.1524337768554744 2.607592773437503 2.3484161376953097 2.0741333007812557 1.883287048339838 1.8760986328125 2.0515380859374943
          1.7120773315429716 1.6551528930664006 1.9856552124023494 1.7178054809570256 2.0481933593750057 2.081259155273443 2.2161712646484375 2.554608154296872 2.9987289428710966 3.2498229980468807 3.307814025878912 3.2723281860351534 3.2422897338867216 3.217477416992182 3.1966323852539062 3.379281616210932 3.5657150268554716 3.6550323486328153 3.3450897216796847 2.8294174194335966
          2.1136459350585994 1.200270080566412 1.5660202026367216 2.118670654296878 2.7549713134765597 3.775494384765622 4.487922668457031 4.987159729003906 5.082559204101557 4.875891113281256 5.065667724609369 5.057839965820307 5.051110839843744 5.044656372070307 4.543305969238276 5.54089813232423 5.347261047363276 5.162474060058599 4.779243469238281 4.200003051757818
          3.5261642456054716 2.8470916748046875 2.554217529296878 2.2514709472656307 1.934434509277338 2.0974624633789034 2.1434005737304744 1.389186096191409 0.7320648193359318 1.0711212158203125 2.121018981933588 3.283367919921872 4.462860107421875 4.660708618164051 5.074319458007807 5.404409790039068 5.552085876464844 5.815318298339832 5.993260192871105 6.183973693847662
          6.289755249023443 6.505546569824219 6.634185791015625 6.573155212402355 6.61584014892577 6.668199157714838 6.728660583496094 6.795111083984381 6.869107055664074 6.752433776855469 6.637255859374989 6.523466491699224 6.114926147460949 5.604020690917963 4.988766479492185 4.263037109375006 3.722804260253909 3.1760330200195312 2.523455810546878 2.059518432617182
          1.6802764892578068 1.2832962036132756 1.3578124999999943 1.6064270019531222 1.433702087402338 1.2442993164062557 1.9412780761718693 2.0359222412109403 2.134259033203122 1.9341369628906193 2.2349838256835994 2.739523315429693 2.950357055664057 3.0672027587890653 3.190441894531247 3.2203567504882784 3.0568557739257756 3.098039245605463 3.143724060058588 3.393688964843747
          3.64739990234375 3.8056961059570256 3.5682876586914034 2.634434509277341 1.7997421264648494 1.855299377441412 2.401754760742193 3.0367431640625 3.560699462890625 4.272135925292972 5.067161560058594 5.161233520507807 5.153344726562494 4.944494628906256 4.933454895019537 4.924398803710943 4.915678405761724 4.809239196777341 4.5043487548828125 5.2526092529296875
          5.060284423828136 4.874551391601557 4.592221069335949 3.915513610839838 3.2390197753906307 2.4614578247070256 1.5794708251953153 1.4737792968749943 1.4457107543945256 1.4950439453125028 1.1293243408203182 0.4506576538085909 0.46551361083984943 1.3874114990234432 2.4330062866210938 3.3987274169921875 4.284941101074224 4.780065917968756 5.095423889160145 5.427421569824219
          5.675936889648426 5.942289733886724 6.026960754394537 6.126272583007818 6.237257385253912 6.360350036621099 6.493040466308599 6.43590850830077 6.385833740234375 6.5397491455078125 6.504559326171886 6.573817443847645 6.552619934082031 6.436175537109364 6.323377990722662 6.016355895996099 5.704573059082037 5.091165161132807 4.565725708007818 4.028880310058597
          3.582933044433588 3.1285400390625 2.566510009765622 1.9961791992187443 1.3139541625976534 0.9072006225585909 0.7731338500976506 0.9974334716796847 0.8905212402343778 1.4573562622070284 2.3202926635742216 2.5799484252929688 2.4425643920898494 2.305554199218747 2.373403930664068 2.644427490234378 2.9201812744140625 3.0026260375976506 3.0916473388671903 3.087573242187503
          3.090144348144534 3.098742675781253 3.013345336914057 3.3312057495117244 3.455596923828125 3.584886169433588 3.3198516845703097 2.4638732910156307 2.301654052734378 2.433140563964841 3.0566696166992244 3.6768875122070312 4.285890197753901 5.1813201904296875 5.273484802246088 5.263352966308588 5.153953552246094 4.846675109863284 4.6379852294921875 4.627685546875
          4.518751525878912 4.410656738281247 3.9066970825195284 5.074063110351574 4.7840728759765625 4.501300048828128 4.12142639160156 3.5450851440429716 2.967904663085932 2.092089843750003 1.3055938720703182 0.9098892211914062 0.5882751464843778 0.6160934448242159 0.5134170532226534 0.6981445312499943 1.1948959350585966 2.1152145385742216 3.254385375976568 3.8221282958984375
          4.113278198242185 4.812339782714844 5.228086853027349 5.563311767578114 5.717816162109386 5.989013671875 6.078582763671875 5.986325073242199 6.004779052734364 6.13262481689452 6.271075439453114 6.219032287597656 6.271559143066412 6.233958435058582 6.297814941406244 6.468049621582026 6.448255920410162 6.332795715332026 6.122912597656253 5.715646362304682
          5.108502197265622 4.4903106689453125 3.9612701416015597 3.521166992187503 3.169390869140628 2.809710693359378 2.341317749023432 1.8624191284179688 1.272984313964841 0.7672454833984403 0.4330032348632784 0.5235427856445369 0.6750808715820256 1.6057067871093693 2.3346618652343807 2.558917236328128 2.7793731689453125 3.099806213378912 2.632476806640625 3.0657424926757812
          3.0073394775390625 2.855856323242193 2.910888671875 3.072901916503909 3.0424835205078153 3.0190765380859403 3.102124023437497 3.0917861938476534 3.2865676879882812 3.386949157714838 2.898049926757807 2.712637329101568 2.626042175292966 2.736715698242193 3.2413314819335994 4.240850830078131 4.933297729492182 5.418771362304682 5.407136535644526 5.196646118164068
          4.987391662597659 4.779327392578125 4.571171569824216 4.363732910156244 4.154570007324224 3.7525405883789062 3.3520141601562443 4.909097290039057 4.618344116210935 4.136151123046872 3.8571014404296875 3.183911132812497 2.7110794067382784 1.4426803588867188 1.256352233886716 0.8714050292968807 0.06675109863280682 0.15316467285155966 0.9024459838867216 1.4634307861328182
          1.9513702392578125 2.6656692504882784 3.5054351806640653 4.066448974609372 4.352311706542963 4.954837036132801 5.375505065917963 5.616116333007824 5.873146057128906 6.050881958007807 6.046913146972656 5.958126831054699 5.882875061035151 6.017083740234369 6.064117431640625 6.018627929687511 5.979364013671869 6.0413818359375 6.20831298828125 6.285810852050787
          6.170022583007807 6.152655029296881 5.842092895507818 5.529257202148443 4.81793212890625 4.097039794921869 3.468060302734372 3.024012756347659 2.769322204589841 2.309779357910159 1.9379760742187528 1.458909606933588 0.9692459106445312 0.5754165649414062 -0.002566528320315342 -0.00016937255858806566 0.8902038574218807 1.781874084472662 2.2748870849609375 2.4620025634765597
          2.745051574707034 3.028359985351557 3.3125381469726562 3.309182739257807 3.1133041381835938 2.9253524780273494 2.7466400146484347 2.8758087158203125 3.0126144409179716 2.9577133178710966 3.0103042602539034 3.1699600219726562 3.236306762695307 2.913029479980466 2.797900390625003 2.7866317749023466 2.7760421752929716 3.0636138916015625 3.5506134033203125 4.531669616699219
          5.207781982421878 5.289067077636716 5.273869323730466 5.061372375488276 4.851301574707037 4.643000793457034 4.337416076660162 4.129313659667972 3.7275054931640597 3.4273834228515625 3.028054809570307 4.558909606933597 4.267324829101568 3.7832397460937557 3.603388977050784 3.030038452148432 1.9689102172851562 1.4929962158203125 1.233363342285159 0.6882644653320256
          -0.007334899902346592 0.12375183105469034 1.1198944091796932 1.5604782104492188 2.427490234375 3.227682495117193 3.7632675170898438 4.324227905273432 4.508213806152341 5.112051391601568 5.339097595214838 5.583760070800793 5.847206115722656 6.029122924804682 6.127832031249994 5.945942687988293 5.875619506835932 5.918296813964844 5.872868347167966 5.7356414794921875
          5.602893066406253 5.769190979003909 5.942202758789065 6.022653198242182 5.809382629394534 5.7928314208984375 5.675845336914065 5.1644439697265625 4.545314025878909 3.820355224609372 3.1849136352539062 2.8372344970703125 2.5826354980468693 2.1202545166015625 1.7469558715820312 1.2652191162109432 0.7776992797851534 0.20709381103515057 -0.015783691406255684 0.18853149414061932
          0.9347915649414062 1.885270690917963 2.0407394409179744 2.1884872436523466 2.531726074218753 2.9730117797851534 3.1210037231445256 3.2752365112304744 3.338204956054682 3.3115570068359403 3.1960174560546903 2.794332885742193 2.7002243041992244 2.813912963867182 2.935894775390622 3.1655288696289006 2.906607055664068 2.7581146240234347 3.014352416992182 3.176556396484372
          3.144116210937497 3.2148422241210994 3.883065795898432 4.7471923828125 4.917002868652347 5.090277099609381 5.168968200683594 4.954479980468747 4.743394470214838 4.436962890624997 4.230096435546869 3.826686096191409 3.4305618286132784 3.1325912475585938 2.734910583496088 4.212788391113278 3.9214248657226562 3.5353637695312443 3.0613647460937443 2.4890594482421875
          1.8192260742187472 1.5614776611328125 1.522352600097662 0.6169494628906307 -0.013014221191411934 0.3782104492187557 1.1275314331054744 1.8423278808593722 2.7034500122070284 3.400827026367182 4.029148864746091 4.292543029785151 4.476315307617185 5.181358337402344 5.311357116699213 5.561199951171872 5.633587646484372 5.821775817871099 5.928045654296881 5.850100708007815
          5.786476135253906 5.835356140136724 5.795252990722659 5.663450622558599 5.536599731445307 5.612098693847656 5.789695739746094 5.675891113281253 5.462193298339841 5.348518371582031 5.23196716308594 4.911830139160159 4.289617919921881 3.5607452392578125 3.0205886840820284 2.575404357910159 2.222003173828128 1.955021667480466 1.4802429199218778 1.0897705078125028
          0.5876251220703068 0.16846618652343182 0.32306213378906534 0.043914794921875 0.9912963867187443 1.6167587280273494 1.8272216796874972 2.0314666748046903 2.3332855224609403 2.7351348876953097 3.0406692504882784 3.1561218261718693 3.1819427490234347 3.416430664062503 3.4625610351562557 2.6300155639648466 2.8029861450195312 2.8848297119140653 2.7776901245117216 2.9787445068359375
          2.89215087890625 3.213613891601568 3.2455215454101562 3.285600280761713 3.2344680786132756 3.4874023437500057 4.235232543945315 4.590287780761713 4.94830322265625 5.015344238281244 4.990907287597651 4.873664855957031 4.563403320312503 4.357269287109375 4.052165222167972 3.259237670898443 3.1642730712890597 2.769819641113287 2.4714599609374943 3.8760131835937557
          3.6807052612304716 3.293858337402341 2.9131530761718807 2.4396347045898494 1.977613830566412 1.4420974731445284 0.6451095581054744 -0.004240417480474434 -0.010862731933599434 0.2814071655273409 2.7776504516601506 2.3079727172851534 3.1680572509765597 3.7660446166992188 4.100775146484381 4.560285949707037 4.646797180175781 5.257508850097651 5.39084167480469 5.546788024902341
          5.622753906249997 5.817716979980474 5.83370666503906 5.6663818359375 5.61111145019531 5.471656799316406 5.538168334960943 5.513774108886722 5.296986389160153 5.279611206054682 5.459374999999994 5.539512634277344 5.326615905761713 5.015679931640619 4.799967956542972 4.479533386230472 4.050355529785151 3.416691589355466 2.876054382324213 2.4305038452148438
          1.979200744628912 1.615614318847662 1.3338775634765625 0.9394302368164062 0.4261535644531307 0.3847091674804659 0.21694335937499432 -0.0024581909179630657 0.89324951171875 1.4707153320312472 1.5376983642578068 1.8914520263671903 2.247990417480466 2.607344055175787 2.773991394042966 2.8512893676757756 3.2345687866210966 3.3340377807617188 3.048750305175787 2.479583740234375
          2.4207778930664006 2.572378540039068 3.03216552734375 3.203503417968747 2.990252685546878 3.086958312988287 3.1948867797851506 3.214503479003909 3.4428634643554688 4.072566223144534 4.409181213378901 4.750823974609375 4.802766418457026 4.863856506347659 4.934590148925778 4.815333557128909 4.6044158935546875 4.300807189941409 3.506605529785162 3.1172027587890625
          2.8287994384765653 2.439373779296872 1.843836975097659 3.4457382202148494 3.349827575683591 2.9620346069335994 2.5801162719726562 2.303767395019534 1.645843505859375 1.1099914550781307 0.32137298583984375 -0.018609619140619316 -0.0006515502929715922 1.6821105957031222 4.124298095703125 2.9654464721679688 3.8309326171875 4.233619689941406 4.274385070800776 4.63836669921875
          4.82693786621094 5.243341064453119 5.38138122558594 5.541706848144528 5.623471069335935 5.726933288574216 5.650765991210932 5.490162658691403 5.443009948730463 5.409651184082037 5.292398071289057 5.083514404296878 4.874516296386716 4.665869140625006 4.847639465332037 5.126823425292969 4.914300537109369 4.698321533203128 4.480473327636716 4.060176086425784
          3.632066345214838 3.1926498413085938 2.7497238159179744 2.2072174072265653 1.658843994140625 1.2967910766601562 1.117091369628909 0.8203552246093722 0.6007232666015625 0.4658554077148409 0.09992828369141193 -0.003161621093752842 0.6389953613281278 1.15887451171875 1.4636550903320256 1.8649719238281222 2.0748184204101534 2.193560791015628 2.5161026000976534 2.7504470825195284
          2.995617675781247 2.367544555664068 2.0505645751953097 2.1431518554687443 2.249769592285162 2.4697845458984347 2.9993820190429688 3.538958740234378 3.3976470947265653 3.1722656249999943 3.1594268798828153 3.3568572998046875 3.862626647949213 4.277200317382807 4.499578857421881 4.632295227050776 4.775738525390622 4.830397033691412 4.896507263183594 4.776686096191412
          4.467614746093744 3.869293212890625 3.3824844360351562 2.9021530151367188 2.5229125976562443 2.0424209594726506 1.3534835815429744 3.2160049438476506 3.1220932006835938 2.6346893310546875 2.2502990722656193 1.8705856323242216 1.2988906860351506 0.6502517700195369 -0.007566833496099434 0.13832702636719318 1.5179977416992188 3.7756271362304688 3.897129821777341 3.727764892578122
          3.909989929199213 4.416346740722659 4.651115417480469 4.819682312011722 4.91488342285156 5.235040283203119 5.378260803222659 5.445925903320315 5.533930969238284 5.643008422851565 5.57257080078125 5.321237182617182 5.283567810058599 5.163323974609369 4.957087707519534 4.559877014160151 4.261643981933588 3.9587341308593693 4.241648864746097 4.7221832275390625
          4.511437988281244 4.296984863281253 4.175497436523443 3.7546051025390597 3.421452331542966 2.983332824707034 2.7384841918945284 2.1968704223632756 1.4538070678710966 0.9990554809570256 0.8290069580078097 0.8361389160156278 1.3188262939453068 0.8039093017578125 0.2570709228515682 -0.004942321777349434 0.5294113159179688 1.1651840209960938 1.504023742675784 1.7519729614257784
          1.9092910766601534 1.9815704345703153 2.3610214233398494 2.5556015014648494 2.468095397949213 1.60675048828125 1.6532485961914034 1.8128082275390653 2.0862533569335966 2.274339294433588 2.8734191894531307 3.2870254516601562 3.517691040039068 3.4673309326171875 3.531085205078128 3.411669921875003 3.898930358886716 4.297123718261716 4.408393859863281 4.531535339355472
          4.666693115234381 4.616918945312506 4.481510925292966 4.558699035644537 4.1493682861328125 3.6588211059570312 3.1800765991210938 2.8097473144531193 2.245208740234375 1.678602600097662 0.9021621704101506 2.997692871093747 2.7064132690429688 2.314653015136713 1.9260131835937528 1.4373886108398466 1.0392883300781222 0.24514007568359375 -0.005322265624997158 0.6919418334960881
          1.518418884277338 2.6479171752929744 4.0545654296875 3.90350341796875 4.2837371826171875 4.596418762207037 4.93661193847656 5.008459472656256 4.908871459960935 5.232125854492182 5.380633544921878 5.354737854003901 5.449578857421869 5.4672088623046875 5.403012084960935 5.2566680908203125 5.130389404296878 5.019483947753912 4.625546264648435 4.234568786621097
          3.7517547607421875 3.357405090332037 3.7449890136718693 4.329681396484375 4.318768310546872 4.008244323730466 3.8895492553710938 3.4655517578125057 3.1315292358398494 2.8895339965820312 2.55035400390625 2.1077941894531307 1.5620758056640653 1.116654968261713 0.66802978515625 0.7982864379882812 1.1177169799804716 0.9157928466796932 0.30281372070312784 -0.017422485351559658
          0.65667724609375 1.2888504028320256 1.5551116943359347 1.643467712402341 1.6520416259765653 1.9693054199218807 2.1071151733398494 1.9653869628906193 1.156571960449213 1.3512512207031193 1.6603195190429716 1.886683654785159 2.2292678833007784 2.880946350097659 3.1507980346679716 3.340036010742182 3.7436935424804716 3.6697357177734347 3.416979980468753 3.478414916992193
          3.8490661621093807 3.934861755371088 4.232765197753906 4.445919799804685 4.473387145996099 4.5176544189453125 4.4788055419921875 4.355032348632818 3.750866699218747 3.464111328125 3.093087768554682 2.637162780761713 1.9929794311523494 1.4505737304687472 0.6958160400390625 2.7881240844726562 2.3947998046874943 2.003108215332034 1.513575744628909 1.015132141113284
          0.6943725585937557 0.03463439941405966 0.44361572265624716 1.3891281127929744 2.128392028808591 2.9687164306640597 3.619943237304682 4.074214172363284 4.365075683593744 4.978512573242185 4.731179809570307 5.005056762695318 5.005728149414068 5.332598876953128 5.387751770019534 5.366967773437494 5.369987487792969 5.294842529296872 5.336009216308597 5.297859191894531
          5.082337951660151 4.882624816894534 4.496347045898432 4.018583679199224 3.444566345214838 2.9619125366210994 3.164930725097662 3.854750061035162 3.9480789184570284 3.7376998901367244 3.422903442382818 3.0934127807617244 2.8562240600585938 2.7149688720703153 2.375872802734378 2.035510253906253 1.4985733032226562 0.8684875488281278 0.33612060546875 0.2994583129882784
          0.35170288085937784 0.2868804931640625 -0.0015701293945369343 -0.011808776855474434 1.0362136840820284 1.309403991699213 1.5097167968749972 1.5366333007812472 1.5856750488281222 1.6562469482421847 1.453857421875 0.8866012573242159 0.9320709228515653 1.294233703613287 1.7697555541992216 2.166059875488287 2.9724578857421875 3.6915817260742188 4.029298400878901 3.989880371093747
          3.576730346679682 3.187887573242193 3.3145172119140653 3.4569320678710938 3.7130798339843807 3.885028076171878 4.171098327636713 4.173838806152347 4.093951416015628 4.132748413085935 4.189344787597662 3.668508911132818 3.4656097412109403 3.1822875976562557 2.720419311523443 2.279531860351568 1.6606552124023466 1.0609970092773438 0.45853881835937216 2.4893814086914006
          2.1921356201171847 1.7998336791992244 1.212651062011716 0.6207000732421903 0.2065780639648409 0.17075958251953693 1.0090850830078182 1.8402770996093807 2.5742767333984347 3.3153488159179716 3.8712753295898494 4.246794128417974 4.643400573730474 4.771958923339838 5.414585876464841 5.101463317871094 5.1085968017578125 5.538771057128912 5.499348449707028 5.385644531249994
          5.394111633300781 5.325123596191403 5.375666809082034 5.249609375000006 5.0425567626953125 4.852021789550776 4.476097106933594 4.007977294921872 3.2488296508789034 2.4828460693359347 2.3996810913085938 3.1971069335937443 3.3938919067382756 3.186114501953128 2.8667404174804716 2.732260131835943 2.4957962036132812 2.356066894531253 2.115330505371091 1.678981018066409
          1.2440505981445256 0.5216323852539091 0.10627899169921307 0.008122253417965908 0.08040924072265909 -0.0014892578124943157 -0.017500305175786934 0.2274368286132784 1.1187637329101534 1.323869323730463 1.360926818847659 1.425236511230466 1.5166992187500057 1.4385574340820284 0.9990356445312472 0.7886199951171875 1.0014663696289006 1.4327606201171932 1.978367614746091 2.639569091796872
          3.414625549316412 4.103460693359381 4.414848327636719 4.252450561523432 4.015435791015619 3.7065887451171875 3.7144500732421903 3.543269348144534 3.6860275268554688 3.7467071533203153 4.119853210449222 4.014918518066409 3.631552124023443 3.664703369140625 3.520094299316412 3.2956878662109403 3.0909652709960938 2.7103210449218693 2.254739379882807 1.627729797363287
          1.0393859863281278 0.6019836425781193 -0.008213806152340908 2.198695373535159 2.0008468627929688 1.6095901489257756 1.0263290405273438 0.4604095458984432 -0.009402465820315342 0.360076904296875 1.5203155517578182 2.1253387451171903 3.040783691406247 3.678788757324213 4.040551757812494 4.325370788574219 4.7305755615234375 5.356318664550784 5.223764038085932 5.207528686523432
          5.1202392578125 5.6553497314453125 5.718315124511719 5.609188842773435 5.526002502441401 5.36611633300781 5.424784851074222 5.4052276611328125 5.209069824218744 4.931893920898432 4.469221496582037 3.914132690429682 3.1626525878906193 2.1089752197265597 1.7381393432617216 2.2507705688476562 2.8449462890625057 2.6392898559570312 2.4170547485351506 2.381918334960943
          2.2426086425781193 2.003504943847659 1.760777282714841 1.4188659667968722 1.0808609008789034 0.5583358764648381 0.07042541503906818 -0.00765228271484375 0.004568481445318184 -0.007940673828130684 -0.014726257324213066 -0.017927551269536934 1.144587707519534 1.2388381958007812 1.299037170410159 1.4002441406250057 1.4422378540039062 1.4213638305664062 1.4307708740234375 1.2790496826171847
          1.1624694824218693 1.467839050292966 2.379861450195307 3.2072113037109347 3.8507278442382784 4.115919494628912 4.303465270996099 4.215150451660151 3.7635177612304744 3.733529663085932 3.7248428344726534 3.8350158691406193 3.8646743774414034 3.9124298095703125 3.879342651367182 3.866259765625003 3.5757827758789062 3.306011962890622 3.3570846557617244 3.129290771484378
          2.6242782592773466 2.2424819946289034 1.589433288574213 0.8710144042968722 0.39700622558594034 -0.00025787353516193434 -0.013142395019528408 1.7179809570312443 1.620361328125 1.228715515136713 0.644073486328125 0.38078613281250284 -0.015646362304693184 0.42657470703125 1.7374893188476506 2.3156188964843807 3.2213287353515625 3.757128906250003 4.119189453125003 4.507075500488284
          4.821015930175776 5.064108276367193 5.1290130615234375 5.219194030761713 5.1362762451171875 5.580824279785162 5.750450134277344 5.746359252929693 5.669001770019534 5.515669250488287 5.583416748046872 5.574975585937494 5.291955566406244 4.92645263671875 4.374682617187503 3.731236267089841 2.7917495727539006 1.9383316040039062 1.2821975708007756 1.4077377319335938
          2.1100387573242188 2.2024826049804744 2.0810867309570256 2.14422607421875 2.0024520874023466 1.7576110839843722 1.5095504760742244 1.1601928710937557 1.0130554199218693 0.48478546142578693 0.27439117431640625 0.00951385498046875 -0.006581115722653408 -0.0012115478515681843 -0.0026702880859375 -0.0210723876953125 0.11394653320311932 0.7220001220703125 1.0177993774414062 1.555781555175784
          1.6510528564453182 1.69171142578125 1.8652145385742216 1.9747131347656222 2.015515136718747 1.988764953613284 2.7689804077148494 3.269352722167966 3.689828491210932 4.03042297363281 4.293127441406256 4.085441589355469 3.7146362304687557 3.7650482177734403 3.7392257690429744 3.7354675292968693 3.8507751464843807 3.7882461547851562 3.6477737426757812 3.6270156860351506
          3.3302368164062557 2.956803894042963 3.2989730834960938 3.065769958496091 2.655538940429693 1.8712478637695256 1.120671081542966 0.29730072021484943 0.01108551025390625 -0.0013381958007840922 -0.0099029541015625 1.2369842529296875 1.2398452758789062 0.8454147338867131 0.3501678466796818 0.15315093994141193 -0.008747863769528408 0.6072113037109403 1.8249618530273466 2.593226623535159
          3.3965789794921903 3.931440734863287 4.199192810058591 4.594395446777341 4.913737487792972 5.258538818359369 5.232972717285151 5.133392333984375 5.452084350585935 5.705894470214844 5.787139892578125 5.792807006835943 5.723391723632815 5.578329467773443 5.557666015625003 5.657952880859369 5.384576416015619 4.929251098632818 4.384835815429682 3.650094604492182
          2.6180999755859347 1.678422546386713 1.0292999267578153 0.7710296630859403 1.3877578735351506 1.6866027832031278 1.5695480346679744 1.7281097412109432 1.8747161865234432 1.5252975463867244 1.266845703125 1.2008941650390597 0.9471725463867244 0.6014541625976619 0.37403106689453125 0.16586456298827557 0.17193450927734943 -0.0032501220703125 -0.015711975097659092 -0.018942260742193184
          -0.00579833984375 0.7257858276367131 1.5686141967773466 1.7818542480468693 1.842381286621091 1.847181701660162 1.791914367675787 1.6716506958007784 1.6807067871093722 2.4038162231445312 2.8519653320312557 3.125009155273432 3.3247787475585966 3.7433624267578125 4.082545471191409 3.958975219726568 3.8657852172851506 3.799298095703122 3.7578582763671875 3.7398483276367216
          3.744070434570318 3.7702346801757756 3.7197296142578153 3.5927841186523466 3.388963317871088 3.4053070068359403 3.3421127319335966 3.1026763916015625 2.2902633666992216 1.4997848510742244 1.6290435791015625 0.6945419311523438 0.08298187255859091 -0.0008300781250056843 0.08006439208983807 0.6531265258789034 0.6646621704101534 0.5698196411132841 0.08103485107422159 -0.005995178222661934
          0.128875732421875 1.0444671630859403 2.283068847656253 2.9583679199218693 3.7638565063476506 4.203921508789065 4.281568908691412 4.485095214843753 4.911143493652347 5.363368225097659 5.245439147949213 5.249841308593744 5.679412841796875 6.038533020019528 6.029109191894534 5.9447784423828125 5.88320617675781 5.844812011718744 5.735081481933591 5.651985168457031
          5.38897705078125 4.941151428222653 4.305708312988287 3.576155090332037 2.746159362792966 1.718536376953125 0.8867095947265682 0.6390823364257869 0.7823608398437472 1.0941452026367244 1.1727493286132784 1.4274810791015682 1.6693496704101562 1.5043746948242216 1.136195373535159 1.0605239868164062 0.9866149902343722 0.7251876831054744 0.37960662841797443 0.24530181884765057
          0.23159637451172443 -0.007279968261713066 -0.016191101074213066 0.27813568115234943 0.7533279418945256 0.9251480102539062 1.5973571777343807 1.887953186035162 1.81488037109375 1.3928329467773466 0.9158599853515597 1.0642166137695312 2.0154190063476562 2.3093231201171847 2.7289230346679716 3.0748748779296875 3.2507949829101506 3.549900817871091 3.968331909179682 3.632005310058588
          3.818437194824213 3.736340332031247 3.779649353027338 3.8468688964843807 3.838517761230463 3.6569534301757756 3.4999404907226506 3.662641906738287 3.6482696533203125 3.655412292480463 3.3862670898437557 2.843801879882818 2.4227066040039062 1.8218139648437557 1.042955017089838 0.8819107055664119 0.7348968505859403 0.7922164916992216 0.3353378295898466 0.35258331298828693
          0.39167633056641193 0.31193237304687216 -0.006494140624994316 -0.00969696044921875 0.7745620727539091 1.584355163574216 2.4388488769531307 3.2189392089843807 3.8347579956054716 4.18258972167969 4.263258361816412 4.571240234374997 5.007557678222653 5.273622131347651 5.1636505126953125 5.573431396484381 5.916674804687503 6.090618896484372 6.088679504394534 6.109284973144526
          6.055776977539068 6.026805114746097 6.121331787109369 5.851403808593744 5.303784179687497 4.862908935546869 4.331181335449216 3.608807373046872 2.790789794921878 1.8713226318359375 1.15325927734375 0.5359207153320256 0.39877624511719034 0.43025970458984375 0.9018600463867159 1.3482986450195256 1.5843231201171903 1.3124053955078097 1.1225128173828125 1.0298278808593722
          1.038661193847659 0.6606704711914091 0.3905838012695284 0.13677062988281818 0.2058456420898409 -0.013575744628909092 -0.006665039062497158 0.5965347290039062 1.010331726074213 1.1132720947265682 1.1141983032226506 1.1932357788085994 0.9901947021484432 0.44101715087890625 0.8117523193359375 1.5083816528320284 2.1327896118164062 2.3961685180664034 2.6907669067382756 2.9171417236328097
          3.271012878417963 3.7442779541015625 3.753256225585943 3.698687744140628 3.868823242187503 3.772512817382818 3.9002349853515597 3.8553543090820312 3.6399993896484375 3.746922302246091 3.7789077758789062 3.931866455078122 3.8091094970703097 3.6102935791015653 3.0381576538085966 2.887094116210932 2.4573699951171903 1.8469863891601506 1.156690979003912 0.9770309448242216
          0.8061065673828125 0.7348464965820369 0.5544006347656278 0.03124237060546875 -0.006610107421877842 0.061605834960943184 -0.010615539550784092 0.018290710449221592 1.1922485351562528 1.819627380371088 2.681300354003909 3.4705230712890653 3.8964813232421847 4.153544616699222 4.53811950683594 4.658216857910162 5.00741271972656 5.283090209960932 5.283593749999994 5.710792541503906
          6.066029357910153 6.149388122558591 6.156443786621097 6.187173461914057 6.240509033203125 6.320417785644537 6.329348754882815 6.064234924316409 5.520597839355474 4.891471862792969 4.367144775390628 3.750157165527341 2.9437667846679716 2.140519714355463 1.2483505249023494 0.45576171874999716 0.14831848144531534 0.007969665527340908 0.4763427734374943 1.1094375610351506
          1.4315383911132784 1.143019104003912 1.0346557617187528 1.1166488647460966 1.0053024291992188 0.6999984741210881 0.208770751953125 0.1279342651367159 -0.0011749267578125 -0.022534179687497158 0.2266036987304716 0.7781433105468807 1.114485168457037 0.9429000854492244 0.6574829101562472 0.2998001098632841 0.2575744628906307 0.7428604125976506 1.3636459350585994 1.7298645019531307
          2.2283248901367188 2.466534423828122 2.7395034790039006 3.0432495117187557 3.278276062011713 3.7327194213867188 3.630993652343747 3.7597320556640597 3.916394042968747 3.9045654296874943 3.8232696533203097 3.965968322753909 3.9377731323242244 3.9353881835937443 3.958538818359372 4.102349853515619 3.7746337890625057 3.471148681640628 3.0924133300781307 3.0325683593750057
          2.5944976806640625 2.074920654296875 1.7688629150390653 1.4762939453125057 1.2895080566406278 1.003919982910162 0.7130828857421818 0.5951019287109318 -0.005236816406252842 -0.02344512939453125 -0.005632019042963066 0.5992721557617244 1.5978271484375028 2.2399536132812443 2.9144363403320312 3.6167968750000057 3.9527343750000057 4.319105529785162 4.715971374511724 4.944171142578128
          5.007611083984372 5.1973114013671875 5.311921691894526 5.557652282714841 5.729544067382818 6.117915344238284 6.233752441406253 6.275369262695307 6.537585449218753 6.435171508789068 6.452311706542972 6.291584777832028 5.754241943359375 5.030784606933594 4.414247131347651 3.805842590332034 3.107905578613284 2.3213439941406193 1.2523376464843778 0.39056396484375
          0.04026489257812216 -0.004129028320306816 0.2922607421874943 0.9980651855468778 1.109675598144534 0.9028228759765682 0.8731430053710909 0.8311340332031278 0.7856384277343693 0.4518081665039091 0.324127197265625 0.2161300659179659 -0.008058166503900566 -0.015649414062494316 0.5332977294921903 0.8036514282226506 0.5774917602539062 0.3389038085937557 -0.013166809082036934 0.006570434570306816
          0.9673599243164119 1.4016815185546818 1.6874786376953068 1.9207839965820312 2.101025390624997 2.4169113159179716 2.6709823608398438 2.958996582031247 3.4715545654296847 3.811135864257807 3.599064636230466 3.8126586914062557 3.7621490478515653 4.035969543457028 4.140071105957034 4.1728057861328125 4.13394470214844 3.925769042968753 4.039459228515625 3.9787307739257756
          3.7448043823242188 3.4364593505859347 3.3478973388671847 3.1808883666992216 2.8348449707031307 2.4061508178710938 1.9913116455078068 1.8852920532226562 1.6875427246093722 1.3928985595703125 0.9981018066406193 1.8520431518554688 0.6283370971679716 -0.00208282470703125 0.11455230712890341 0.8579299926757784 1.7948989868164062 2.455099487304693 3.140568542480466 3.756936645507807
          4.202197265625003 4.681225585937497 4.7948455810546875 5.036694335937497 5.2076416015625 5.408808898925784 5.439570617675784 5.499858093261722 5.584948730468753 5.79421691894531 6.023443603515631 6.177732849121099 6.457405090332031 6.561056518554693 6.491288757324213 6.437802124023435 5.9058685302734375 5.183219909667969 4.568887329101557 3.867875671386713
          3.081512451171875 2.303388977050787 1.2452011108398438 0.31705017089844034 -0.005731201171869316 -0.016549682617181816 0.15016326904296307 0.7153106689453068 0.8076721191406193 0.5926712036132784 0.6392562866210909 0.7506851196289119 0.5651275634765653 0.403564453125 0.36277618408203693 0.11525878906249432 -0.0046539306640625 -0.008457946777340908 0.16302490234375 0.29628295898437784
          -0.0010986328125 -0.009375000000005684 0.27172546386718466 0.8727844238281222 1.2270355224609375 1.5321899414062443 1.9782531738281222 1.9881668090820312 2.144810485839841 2.344033813476557 2.5842269897460994 3.0523666381835994 3.4491546630859347 3.582746887207037 3.556958007812497 3.663220214843747 3.897779846191412 4.061277770996099 4.155575561523435 4.279765319824222
          4.231298828125006 4.114227294921875 4.023065185546869 3.9574081420898466 3.719499206542963 3.7024642944335966 3.309614562988287 3.136151123046872 2.9814865112304716 2.645162963867193 2.3218704223632756 2.2079315185546875 2.0019805908203097 1.700286865234375 1.5010192871093722 2.119528198242193 0.8533416748046818 0.2790374755859375 0.08254852294922443 0.7454116821289034
          1.892451477050784 2.7628753662109347 3.558666992187497 3.991590881347662 4.4557037353515625 4.8494415283203125 5.171766662597662 5.2293853759765625 5.414752197265628 5.530377197265622 5.573010253906247 5.643017578124997 5.739186096191403 5.86117248535156 6.106687927246099 6.279783630371099 6.381626892089841 6.30670166015625 6.345158386230466 6.108082580566403
          5.677056884765619 5.248548889160162 4.733483886718744 4.129901123046878 3.1492294311523494 2.2717315673828153 1.3059143066406307 0.46222229003906534 0.1516876220703125 -0.0035263061523380657 -0.01409912109375 0.23316650390624716 0.6216751098632756 0.6229400634765625 0.6511917114257812 0.5929946899414062 0.4341949462890682 0.07366180419921875 -0.004893493652346592 -0.023229980468755684
          -0.01166534423828125 -0.013810729980463066 -0.012841796874994316 -0.018893432617190342 -0.0106658935546875 0.35297851562499716 0.9331253051757784 1.2229232788085938 1.448258972167963 1.8119476318359347 1.9358398437500028 1.9236206054687557 2.1627700805664034 2.4457809448242216 2.6735610961914062 3.225053405761713 3.4121292114257784 3.344111633300784 3.6049484252929744 3.603916931152341
          3.9276199340820312 4.179681396484369 4.266349792480469 4.283093261718747 4.2288360595703125 4.203555297851565 3.9095779418945256 3.742021179199213 3.7968338012695284 3.774008178710943 3.475276184082034 3.197296142578125 2.9373977661132784 2.8926284790039034 2.6623245239257756 2.4428085327148494 2.2314788818359403 2.0257568359375 1.8230178833007784 1.6836639404296818
          0.6271896362304688 -0.008435058593747158 -0.014233398437497158 0.9513946533203068 2.284106445312503 3.165600585937497 3.9768875122070284 4.226405334472659 4.608813476562503 4.919168090820307 5.160177612304693 5.329743957519526 5.529499816894528 5.658110046386724 5.713804626464849 5.796842956542974 5.807408142089841 6.138282775878906 6.400262451171869 6.394583129882818
          6.410906982421878 6.346731567382818 6.300775146484369 5.874174499511724 5.252998352050781 4.830059814453122 4.513613891601565 3.912571716308591 3.215039062499997 2.3291641235351506 1.645890808105463 0.7880920410156307 0.43941040039062784 0.1077880859375 -0.00476837158203125 -0.004100036621096592 0.35831451416015625 0.5819320678710938 0.7067581176757756 0.5690414428710966
          0.146636962890625 -0.013294982910153408 -0.018467712402340908 -0.01593780517578125 -0.019403076171869316 -0.0010269165039034078 0.07437591552734091 -0.0079193115234375 -0.026753234863278408 -0.012503051757818184 0.25222625732422443 0.9683319091796818 1.4310531616210938 1.6562820434570256 1.7542495727539062 1.8213317871093722 1.946214294433588 2.121321105957037 2.437756347656247 2.885266113281247
          3.2646286010742216 3.2896453857421903 3.5475143432617244 4.029881286621091 4.245878601074224 4.488922119140625 4.271447753906244 4.284323120117193 4.325640869140628 4.195065307617185 3.8986846923828153 3.8270843505859347 3.8771438598632812 3.849526977539057 3.5470870971679744 3.3646514892578097 3.100511169433588 2.9510650634765625 2.8153060913085994 2.690861511230466
          2.5746566772460966 2.3656539916992188 2.2617172241210994 1.816603088378912 0.7424896240234347 -0.00217437744140625 -0.0006088256835994343 1.275712585449213 2.8549865722656307 3.464831542968753 4.0995635986328125 4.464286804199219 4.662144470214841 5.186041259765631 5.343911743164057 5.432063293457034 5.648382568359381 5.693991088867193 5.862548828125 5.9602813720703125
          6.083404541015625 6.334916687011713 6.515634155273432 6.522817993164068 6.454393005371088 6.305003356933597 6.070964050292972 5.643898010253906 5.119456481933597 4.699485778808594 4.189700317382815 3.588818359374997 2.987265014648443 2.4862380981445256 1.9960296630859347 1.2200347900390653 0.6503265380859347 0.1768341064453125 -0.00112152099609375 0.07908325195312216
          0.3211456298828068 -0.043374633789056816 -0.05849914550780966 -0.027586364746099434 0.21763916015625284 -0.01555633544921875 -0.022122192382809658 0.09938964843749432 0.25518493652343466 0.4859863281249943 0.29298248291016193 0.09165344238280682 -0.006175231933596592 -0.015820312499997158 -0.023745727539065342 -0.00096893310546875 0.8760131835937557 1.2498657226562528 1.4276611328125028 1.6807586669921903
          1.8950820922851506 2.066793823242193 2.475820922851568 2.822064208984372 3.2014495849609403 3.5165328979492188 3.670266723632807 4.1447906494140625 4.354394531249994 4.492852783203119 4.172479248046869 4.282417297363281 4.219645690917972 3.990809631347659 3.890446472167966 4.013352966308588 4.058689880371105 3.8303329467773324 3.6247802734374943 3.538705444335932
          3.3708343505859375 3.119084167480466 2.979998779296878 2.951770019531253 2.7336196899414062 2.5229995727539034 2.417926025390628 1.9580871582031278 0.7739028930664062 -0.0015075683593721578 0.08384552001953693 1.4195617675781307 3.0366851806640653 3.7654052734374943 4.320500183105466 4.799215698242193 5.011515808105472 5.2592926025390625 5.53353576660156 5.737297058105469
          5.872117614746088 5.835174560546875 6.218197631835935 6.234759521484378 6.277909851074213 6.446504211425776 6.5437774658203125 6.467608642578128 6.313732910156247 6.076710510253903 5.845967102050778 5.420419311523432 4.896992492675778 4.575022888183597 4.159568786621094 3.6531173706054716 2.954951477050784 2.2605926513671903 1.6689117431640597 1.0782073974609432
          0.5866104125976506 0.27783966064453125 0.12811431884765057 0.3145751953125 -0.05080871582030966 0.14633331298827557 0.8226181030273381 0.2835540771484375 -0.004438781738286934 -0.007188415527338066 0.36755065917968466 0.32195739746093466 0.29645996093749716 0.5652786254882756 0.5651412963867131 0.5008163452148438 0.35767822265624716 0.09357452392578125 -0.010310363769534092 -0.021752929687494316
          -0.00673675537109375 0.5743194580078068 1.3330795288085966 1.591212463378909 1.907038879394534 2.1772476196289006 2.4883651733398438 2.835493469238287 3.214451599121091 3.43194580078125 3.876631164550787 4.249766540527347 4.45571594238281 4.690412902832037 4.368551635742193 4.1790618896484375 4.4159088134765625 4.283242797851557 4.080171203613276 4.300605773925781
          4.045500183105474 3.9153198242187557 3.7083328247070426 3.620541381835949 3.451480102539051 3.297685241699213 3.058004760742193 2.928784179687497 2.8089401245117216 2.696702575683588 2.5908050537109375 2.1120758056640625 0.9324920654296847 -0.003985595703127842 0.04605865478515625 1.5908538818359403 3.2275924682617188 4.07232666015625 4.64364929199219 5.237959289550787
          5.565220642089841 5.532749938964841 5.729705810546875 5.756614685058594 6.008258056640628 5.989923095703119 6.295719909667966 6.427075195312497 6.288421630859375 6.469024658203125 6.480519104003903 6.4158172607421875 6.1764373779296875 5.557572937011713 5.135511779785162 4.906797790527349 4.679159545898443 4.26199645996094 4.043238830566409 3.5343994140625057
          2.9277114868164062 2.2256622314453125 1.626695251464838 0.9371200561523381 0.35304565429687784 0.062242126464838066 -0.0022140502929630657 0.02796173095703125 0.2089797973632841 0.181671142578125 0.020518493652346592 0.10617370605469034 -0.000701904296875 0.16704711914061932 0.38404541015624716 0.4773162841796932 0.36555175781249716 0.6400238037109318 0.6301437377929631 0.5344085693359375
          0.5348892211914062 0.41917266845703693 0.3667053222656307 0.12591247558593466 -0.0032058715820255657 0.13979949951172443 0.4764251708984375 1.3522125244140568 1.7811996459960966 2.0592590332031193 2.378265380859375 2.9253250122070256 3.2113632202148494 3.723280334472662 4.066859436035159 4.4405059814453125 4.644990539550776 4.682136535644531 4.263601684570318 4.273928833007815
          4.507708740234364 4.374111938476574 4.170513916015636 4.489399719238293 4.33459930419923 4.103358459472645 3.8966995239257756 3.7100143432617188 3.6407012939453125 3.387905883789074 3.2484619140624886 3.0201644897460938 2.8012969970703097 2.5895019531249943 2.3840011596679744 1.8761276245117244 1.0030975341796875 -0.004808044433588066 0.040361022949213066 1.3868423461914006
          3.1333236694335938 4.291439819335935 5.073542785644534 5.685263061523443 6.03085021972656 5.914843750000003 5.833757019042963 5.976977539062503 6.151921081542966 5.859419250488287 6.184350585937494 6.137739562988287 6.106501770019534 6.298793029785159 6.321281433105469 6.269290161132815 5.843231201171875 5.224336242675776 4.60959167480469 4.291360473632807
          4.16910095214844 4.050160217285153 3.7386199951171903 3.518550109863284 2.908093261718747 2.295484924316412 1.5891403198242244 0.8932479858398494 0.34404754638671875 -0.022857666015625 -0.020513916015630684 -0.004391479492184658 -0.0026535034179744343 0.2447555541992159 0.31425170898437216 0.4663299560546932 0.6092147827148438 0.5436996459960994 0.2718597412109318 0.9529769897460909
          0.7435699462890568 0.7239929199218693 0.8035537719726591 0.7841979980468778 0.6611038208007756 0.6184783935546818 0.6400634765625028 0.42128143310546307 -0.002673339843752842 0.048753356933588066 0.4455368041992216 1.0706024169921875 1.8196395874023494 2.3077316284179688 2.536412048339841 2.8951217651367216 3.2839675903320256 3.6976852416992188 3.847306823730463 4.123524475097653
          4.331358337402349 4.175263977050776 4.155966186523443 4.4626007080078125 4.497959899902355 4.365660095214849 4.361398315429682 4.480734252929693 4.327246093750006 4.098004150390636 3.992092895507824 3.807276916503895 3.73986358642577 3.489532470703125 3.3525985717773494 3.0272232055664006 2.810629272460943 2.401336669921875 2.097102355957034 1.8327102661132812
          0.868377685546875 -0.00681304931640625 -0.004690551757818184 1.2833343505859318 2.937544250488287 4.212582397460935 5.114849853515622 5.844087219238276 6.2081451416015625 6.009510803222653 5.844972229003901 6.008837890625003 6.005403137207026 5.728320312500003 5.777619934082026 5.743986511230474 5.921095275878912 6.222938537597656 6.159983825683597 5.924479675292972
          5.405439758300787 4.790374755859375 4.276919555664065 3.8699798583984375 3.759317016601557 3.5525222778320256 3.2420806884765625 3.024749755859375 2.6030776977539034 2.079620361328125 1.4531646728515568 0.6271286010742188 0.020455932617181816 -0.02918243408203125 -0.019654846191400566 0.15924682617188068 0.5232589721679659 1.21343994140625 1.321580505371088 1.1375030517578182
          1.0495117187499972 0.8639923095703068 0.6775344848632869 1.0607727050781222 1.2369384765625 1.017582702636716 1.0890869140625057 1.0577987670898494 0.9223144531249972 0.7727767944335966 0.7939498901367159 0.6889694213867159 0.37252960205077557 0.3237564086914091 0.6731903076171903 1.1421096801757784 1.8236328124999943 2.431408691406247 2.770655822753909 2.944418334960943
          3.339299011230466 3.5639266967773438 3.8162948608398466 3.9019500732421903 4.114826965332028 4.262509155273435 4.440510559082028 4.548281860351551 4.585777282714844 4.554019165039051 4.45196990966798 4.573602294921869 4.423165893554682 4.297341918945307 4.0936126708984375 3.9123291015625057 3.749546813964855 3.5036636352539006 3.3711471557617188 2.9508300781249943
          2.539233398437503 2.033801269531253 1.630528259277341 2.2807937622070256 0.9009124755859403 0.025791931152340908 -0.002169799804690342 1.4470581054687557 3.126208496093753 4.128514099121091 5.152014160156256 5.902476501464847 6.285386657714838 6.201789855957031 5.955508422851565 5.842613220214844 5.854330444335943 5.593666076660156 5.264320373535156 4.852049255371099
          5.339175415039065 5.850738525390625 5.993750000000006 5.570376586914065 4.959393310546872 4.449012756347656 4.042958068847653 3.5475006103515625 3.251539611816412 2.951847839355466 2.6441452026367216 2.4280426025390653 2.202075195312503 1.6745895385742244 1.03533935546875 0.27215576171875 -0.01439666748046875 -0.010891723632809658 -0.00034637451172159217 0.4002578735351534
          1.2349655151367216 1.9787445068359375 2.2377212524414034 1.9149703979492188 1.4134521484375 1.306074523925787 1.1039611816406278 1.190800476074216 1.6496170043945284 1.4238525390624943 1.392778015136713 1.3575149536132756 1.410060119628909 1.2580810546874943 1.1901489257812443 1.103288269042963 1.0980102539062528 0.9841110229492216 0.68658447265625 0.9923461914062557
          1.509490966796875 2.1397125244140653 2.499345397949213 2.9806152343749943 3.3846282958984375 3.6181976318359403 3.8791259765625057 4.167169189453119 4.386485290527347 4.535464477539065 4.519493103027344 4.729576110839844 4.670420837402332 4.641989135742193 4.641656494140619 4.568827819824207 4.521763610839855 4.300852966308582 4.201281738281239 4.025102233886713
          3.8683624267578125 3.6288955688476676 3.3042373657226562 2.79150390625 2.2867813110351562 1.7855758666992188 1.1869796752929744 2.448751831054693 1.157395935058588 -0.0028701782226505657 0.11119995117186932 1.713291931152341 3.4192749023437443 4.541127014160153 5.287606811523432 5.959759521484372 6.36209411621094 6.297540283203119 5.96853942871094 5.671665954589841
          5.402525329589849 5.352374267578128 4.835212707519531 4.333378601074216 4.643064880371099 5.368788146972662 5.526409912109372 5.304989624023435 4.60567932128906 4.105995178222656 3.8107360839843807 3.323373413085932 2.740626525878909 2.346435546875 2.0431579589843807 1.7328613281249972 1.4131958007812528 0.9886627197265625 0.27397918701171875 -0.027781677246096592
          -0.011630249023440342 0.15921173095702557 0.7867477416992159 1.3051742553710994 2.0191070556640653 2.7321701049804688 2.9590042114257784 2.710214233398432 2.281481933593753 1.8609817504882784 1.648149108886713 1.820195007324216 2.0759216308593693 1.8454574584960994 1.812208557128912 1.773054504394537 1.727156066894537 1.582035827636716 1.9080688476562528 1.927586364746091
          1.744441223144534 1.6555587768554716 1.2853759765625057 1.0317794799804716 1.3812042236328068 1.937159729003909 2.6084579467773494 3.1021102905273494 3.518261718749997 3.8581558227539006 4.028453063964847 4.324751281738287 4.645906066894526 4.602720642089849 4.496301269531244 5.203439331054682 4.752340698242193 4.728585815429682 4.633654785156239 4.665182495117193
          4.6232757568359375 4.408102416992193 4.316084289550787 4.045695495605457 3.8967605590820256 3.56647186279298 3.2513885498046875 2.748565673828125 2.0537078857421847 1.4606353759765653 0.8666473388671818 2.337507629394537 1.1334030151367216 0.021791076660150566 0.07480926513672159 2.002528381347659 3.825997924804682 4.86770935058594 5.628303527832031 6.217790222167963
          6.440014648437497 6.293725585937494 5.879243469238276 5.493714904785151 5.332829284667966 5.199981689453125 4.692631530761716 4.301272583007815 4.330284118652344 4.779124450683597 5.145115661621091 5.232064819335932 4.545968627929682 3.862657165527338 3.3832290649414034 2.9033432006835938 2.2254791259765625 1.737544250488284 1.343505859375 0.9379241943359347
          0.5147491455078068 0.021069335937497158 -0.029040527343752842 -0.016293334960934658 0.3221481323242159 1.2033660888671847 2.094769287109372 2.6857376098632812 2.9817260742187557 3.2785537719726534 3.3863525390625 3.121258544921872 2.965663146972659 2.531224060058591 2.399768066406253 2.5558456420898494 2.319422912597659 2.189530944824213 2.3492324829101534 2.3092239379882784
          2.4571914672851562 2.40618896484375 2.5424224853515653 2.476130676269534 2.407649230957034 2.243791198730463 2.0879592895507812 1.6598144531249943 1.9302124023437557 2.3086517333984347 2.701716613769534 3.1134963989257756 3.6403442382812443 3.9902404785156307 4.267266845703119 4.470767211914065 4.602374267578128 4.665086364746088 4.467013549804676 5.278195190429699
          4.932543945312489 5.0128021240234375 4.82403564453125 4.762330627441401 4.727084350585926 4.518914794921869 4.335052490234375 4.07318572998048 3.8344131469726506 3.51508026123048 3.112074279785162 2.622305297851568 1.9407150268554716 1.3594375610351506 0.6731475830078182 2.150028991699216 0.9428421020507756 0.41766510009765057 0.6708663940429744 2.117323303222662
          3.8570663452148466 4.910313415527341 5.683953857421869 6.28659362792969 6.42202453613281 6.188743591308594 5.883325195312494 5.607295227050784 5.26370544433594 5.044895935058591 4.649790954589847 4.273744201660151 4.313299560546881 4.579054260253912 4.962623596191406 5.068516540527341 3.9986938476562557 3.6143218994140653 2.9470550537109403 2.3769119262695284
          1.6058456420898466 1.0250366210937472 0.6363159179687443 0.24503936767578693 -0.0005966186523380657 -0.028894042968744316 -0.013674926757815342 0.39588775634766193 1.3590927124023438 2.3295913696289006 3.0988082885742188 3.568154907226557 3.838714599609375 3.823228454589838 3.725175476074213 3.7361480712890653 3.5616165161132756 3.2081802368164034 2.963113403320307 2.9143005371093693
          2.581372070312497 2.549145507812497 2.7070999145507812 2.856890869140628 2.9020660400390597 2.6589599609374943 2.900625610351568 2.9428024291992188 2.8878250122070312 2.8378982543945312 2.6998657226562557 2.481501770019534 2.569897460937497 2.769134521484375 3.080792236328122 3.409837341308588 3.9481140136718693 4.209637451171872 4.399748229980474 4.710244750976557
          4.751655578613281 4.724110412597668 4.630546569824219 5.152134704589855 5.011274719238287 5.097369384765614 4.915118408203114 4.761279296874989 4.733815002441418 4.633160400390636 4.457995605468739 4.106474304199224 3.8789245605468636 3.572561645507818 2.9848754882812614 2.511784362792966 1.7475509643554688 1.0859954833984347 0.31410980224609375 1.8870941162109318
          0.8855148315429631 0.2744903564453125 0.9151565551757841 2.1543807983398438 3.5998458862304688 4.758776855468753 5.641763305664057 6.157312011718744 6.204888916015619 6.178855895996094 5.886880493164057 5.624110412597659 5.290820312500003 5.084461975097653 4.510627746582031 3.8531509399414006 4.300694274902341 4.289039611816406 4.29483337402344 3.8184570312500057
          3.432513427734378 2.9638351440429744 2.4006576538085938 1.7401275634765625 0.9730895996093807 0.3926239013671875 0.029377746582028408 -0.012896728515627842 -0.017231750488278408 -0.015443420410150566 0.31613006591797443 1.2154602050781307 2.484165954589841 3.244288635253909 3.7044265747070284 4.2523956298828125 4.503782653808599 4.279553222656247 4.266470336914068 4.357789611816401
          4.068563842773443 3.797381591796878 3.4420532226562557 3.1940719604492216 2.8631652832031307 3.0254760742187443 3.3712310791015625 3.416757202148432 3.365457153320307 3.126295471191412 3.276109313964838 3.5199645996093807 3.4757141113281307 3.439596557617193 3.5078659057617188 3.2985198974609347 3.204089355468753 3.223628234863284 3.451795959472662 3.6964965820312443
          4.1490936279296875 4.425929260253909 4.722830200195318 4.846098327636724 4.898098754882824 4.97759552001952 4.889524841308599 5.122358703613287 4.9892425537109375 4.98376007080077 4.908177185058605 4.761799621582043 4.742430114746099 4.7495269775390625 4.484638977050793 4.1442108154296875 3.729661560058588 3.4377639770507926 2.867396545410145 2.2147750854492188
          1.475062561035159 0.8431015014648438 0.10361022949219034 1.6427215576171932 0.6634887695312557 -0.0007217407226534078 1.1897659301757812 2.6016769409179688 4.035789489746094 5.101121520996088 5.893980407714849 6.220484924316409 6.080436706542969 6.167266845703125 5.888932800292963 5.738339233398435 5.516035461425787 5.52017517089844 4.367932128906247 4.208738708496099
          3.9946884155273494 3.5021911621093693 3.1134323120117244 3.117387390136713 2.9415222167968693 2.387591552734378 1.740138244628909 1.0931732177734403 0.5242965698242159 0.13560638427733807 -0.0035308837890681843 -0.023937988281247158 -0.011061096191411934 0.3041229248046875 1.039921569824216 2.047529602050787 3.310772705078122 3.960527038574213 4.40750427246094 4.940153503417974
          5.078990173339847 4.938456726074222 4.813479614257815 4.890196228027349 4.589640808105472 4.204824829101568 3.7448959350585938 3.4943817138671847 3.2605606079101506 3.6105117797851562 3.944990539550787 3.7968643188476534 3.9439773559570312 3.995011901855463 3.9497619628906193 4.006793212890628 4.165800476074224 4.233772277832031 4.2124481201171875 3.9172088623046903
          3.7415695190429688 3.871560668945307 3.916581726074213 4.075770568847659 4.445892333984375 4.733477783203128 4.943043518066403 5.077664184570324 5.13939971923827 5.129058837890625 5.048068237304676 4.993757629394537 5.06676788330077 4.970021057128918 5.0012054443359375 4.862312316894531 4.850938415527338 4.6683349609375 4.513471984863287 4.184838867187494
          3.683724975585932 3.2078186035156193 2.7555175781249943 2.1254333496093807 1.4151321411132756 0.5303588867187443 -0.0038085937499943157 1.1958770751953125 0.2548980712890625 -0.013946533203125 1.2862335205078068 2.7633697509765653 4.190005493164065 5.256283569335935 6.054528808593744 6.484443664550781 6.449476623535162 6.35214538574219 5.989428710937503 5.560418701171869
          5.353747558593753 5.175602722167966 4.321040344238284 3.8867034912109375 3.3777877807617216 2.6824676513671903 2.2871322631835938 2.398083496093747 2.1357833862304716 1.690992736816412 1.259904479980463 0.4420837402343807 -0.00015869140625568434 0.08711853027344318 -0.019464111328119316 -0.010212707519528408 0.20508575439453125 0.8611557006835966 1.6904846191406193 2.5920043945312443
          3.648991394042966 4.289949035644526 4.921423339843756 5.537074279785159 5.662208557128906 5.50897216796875 5.466058349609369 5.335656738281244 5.028723144531256 4.929312133789068 4.359938049316412 4.006196594238276 3.961373901367182 4.29937744140625 4.338426208496088 4.286775207519526 4.434994506835935 4.77542419433594 4.632722473144526 4.693408203125003
          4.760060119628903 4.738568115234372 4.72720031738281 4.248524475097653 4.280705261230466 4.422491455078131 4.382061767578122 4.553587341308599 4.836419677734369 5.037074279785159 5.160060119628895 5.208230590820307 5.280769348144531 5.281269836425793 5.405459594726551 5.260792541503918 5.341279602050776 5.153863525390619 5.192555236816418 4.962351989746082
          4.860415649414051 4.687471008300776 4.443403625488287 4.226168823242176 3.638841247558588 2.9792236328125057 2.345210266113284 1.6355804443359432 1.0521728515625028 0.4067443847656307 -0.010006713867184658 1.3006774902343778 0.44944458007812216 -0.006314086914059658 1.0076965332031307 2.6040359497070256 4.138591003417972 5.212391662597653 5.920562744140625 6.360357666015631
          6.433271789550787 6.441746520996091 6.187223815917974 5.572244262695307 5.083265686035162 4.71603088378906 4.066564941406256 3.4413223266601562 2.830545043945307 2.0336227416992188 1.7366851806640682 1.8526794433593778 1.8901123046875057 1.36358642578125 0.5656326293945284 -0.0010940551757840922 -0.008586120605471592 -0.01650238037109375 -0.019560241699224434 0.1816864013671875
          0.7164855957031193 1.3532379150390597 2.163508605957034 2.8572006225585938 4.095693969726568 4.822460937499997 5.341865539550781 5.945759582519528 6.15774841308594 6.088063049316403 5.934887695312497 5.795826721191403 5.577174377441409 5.467715454101565 4.988072204589841 4.532591247558599 4.672837829589838 4.904905700683599 4.941490173339844 4.984452819824213
          5.223776245117193 5.364869689941401 5.320252990722651 5.285722351074213 5.260110473632807 5.149879455566406 5.051863098144537 4.6821746826171875 4.52920227050781 4.780830383300781 4.848762512207031 4.932243347167969 5.127305603027338 5.1433258056640625 5.181555175781256 5.339468383789068 5.324755859374989 5.531047058105457 5.563880920410156 5.427255249023432
          5.318438720703114 5.336988830566412 5.283966064453125 5.062307739257818 4.969175720214849 4.805554199218761 4.571549987792963 4.366979980468756 3.4925918579101562 2.9475387573242244 2.5298828125000057 1.3403717041015568 0.7721771240234432 0.3273971557617159 0.08917846679688068 1.590531921386713 0.7221862792968778 -0.0030609130859318157 1.0897003173828068 2.619837951660159
          4.17269592285156 5.160031127929685 5.778593444824224 6.22835998535156 6.509735107421875 6.529608154296881 6.384591674804682 5.679560852050784 5.000004577636716 4.4404144287109375 3.7980285644531193 3.171923828125003 2.559300231933591 1.664140319824213 1.3716812133789062 1.2977844238281193 1.5362701416015625 1.5008789062499943 0.5141174316406278 -0.004231262207028408
          -0.022596740722661934 -0.021032714843755684 0.005062866210934658 0.5224365234375057 1.1492324829101506 1.861830139160162 2.654644775390622 3.426898193359378 4.653474426269526 5.655979919433591 6.057600402832037 6.165301513671878 6.371995544433588 6.486036682128912 6.418731689453125 6.365419006347651 6.1370391845703125 6.019683837890625 5.631365966796878 5.3629150390625
          5.396745300292963 5.621801757812506 5.749742126464838 5.881199645996091 6.0146026611328125 5.958793640136719 5.818960571289068 5.787367248535162 5.575022888183597 5.571009826660159 5.3863525390625 5.124713134765628 4.980979919433594 5.143083190917963 5.122810363769531 5.2167510986328125 5.324638366699219 5.25555877685548 5.403340148925793 5.473460388183582
          5.567010498046869 5.681976318359375 5.625262451171864 5.694175720214844 5.592706298828119 5.519412231445301 5.276330566406244 5.161820983886713 5.076799011230463 4.9217376708984375 4.597560119628895 4.003327941894526 3.3426879882812557 2.9108566284179744 2.1098709106445312 1.2359848022460938 0.6878021240234347 0.47491302490234943 -0.010374450683599434 1.686619567871091
          0.7052810668945284 0.11956329345703409 1.277510070800787 2.7338546752929744 4.203955078125006 5.201818847656256 5.730207824707037 6.190991210937497 6.387815856933599 6.419049072265622 6.284912109375 5.586625671386713 4.713829040527344 4.056710815429682 3.418078613281253 2.5951553344726506 2.1764816284179744 1.3807342529296847 1.0915634155273466 0.8249450683593693
          0.5793304443359375 0.3462585449218807 0.020037841796877842 0.2622467041015568 -0.005552673339849434 -0.016188049316411934 0.27816925048827557 0.9836868286132869 1.590715026855463 2.189091491699216 3.159445190429693 4.389363098144528 5.201832580566403 5.705902099609375 6.202532958984378 6.598187255859372 6.891659545898435 6.895599365234375 6.813706970214838 6.654061889648432
          6.611529541015628 6.582783508300778 6.282907104492182 5.913182067871091 6.32742004394531 6.539689636230463 6.65505676269531 6.58395080566406 6.616201782226568 6.464886474609372 6.327601623535159 6.204248046874994 6.095069885253906 5.904415893554685 5.730805969238276 5.477665710449216 5.341874694824213 5.414727783203119 5.306547546386724 5.410635375976568
          5.529760742187506 5.569241333007824 5.627719116210926 5.610649108886719 5.909249877929682 5.933615112304693 5.884629821777338 5.861431884765636 5.669171142578136 5.702720642089844 5.566070556640625 5.260289001464855 5.182575988769543 4.935639953613276 4.420846557617182 3.8368911743164062 3.3862075805664062 2.667849731445301 1.779689025878909 1.3201690673828068
          0.8882675170898438 0.6787277221679631 -0.003018188476559658 1.592564392089841 0.4160858154296818 0.14011840820312216 1.099430847167966 2.4611846923828153 3.8405395507812443 5.043759155273435 5.679090881347662 6.05148620605469 6.258358764648435 6.201272583007807 6.075733947753903 5.284802246093747 4.413027954101565 3.6600753784179716 2.921740722656253 2.095079040527338
          1.7761764526367188 0.9842437744140682 0.5993530273437528 0.4295150756835966 0.2776901245117216 0.2447250366210909 -0.004194641113286934 -0.020307922363286934 0.0401763916015625 0.27249298095702557 0.6416397094726562 1.3532608032226534 1.8466400146484432 2.625157165527341 3.8498336791992216 4.367002868652349 4.972827148437503 5.469999694824224 5.8633575439453125 6.353739929199222
          6.844503784179693 7.621679687500006 7.619309997558588 7.3445587158203125 6.993946838378903 6.86312561035156 6.751942443847653 6.569499206542972 7.164572143554693 7.364611816406253 7.374775695800778 7.297833251953122 7.231869506835935 7.080950927734378 6.846763610839844 6.726896667480474 6.430528259277338 6.251570129394537 6.281034851074224 5.937858581542969
          5.713084411621097 5.795695495605472 5.696113586425781 5.709852600097662 5.740330505371105 5.788806152343739 5.758766174316406 5.848242187500006 5.957615661621105 6.088565063476551 6.046118164062506 5.833326721191412 5.746910095214844 5.688035583496088 5.558129882812494 5.35821533203125 5.088055419921886 4.549763488769543 4.040600585937511 3.6655258178710994
          3.222822570800787 2.514260864257807 1.8378265380859347 1.3955261230468778 1.0864135742187528 0.30606384277344034 0.013545227050784092 1.3974487304687528 0.3394256591796818 -0.008489990234380684 0.6386398315429744 1.9846618652343722 3.5643371582031307 4.975689697265622 5.621984863281256 6.004031372070315 6.122050476074222 6.072349548339844 5.855241394042963 5.067041015624994
          4.196319580078125 3.345602416992193 2.505535888671872 1.6760437011718778 1.3588882446289006 0.6652770996093693 0.28483428955078693 0.12174835205078693 0.07143402099609375 0.11841888427734659 -0.0009963989257784078 -0.011927795410159092 -0.017059326171875 0.255645751953125 0.6763916015625 2.150979614257807 2.8092712402343807 3.1683639526367244 4.749407958984378 4.650563049316403
          4.565199279785162 5.452064514160156 6.121435546875006 6.115121459960932 6.60274963378906 7.563499450683594 7.743681335449224 7.458805847167966 7.199259948730472 6.960389709472651 6.938403320312503 6.935284423828122 7.517799377441406 7.708676147460935 7.8089447021484375 7.630369567871099 7.564054870605474 7.415715026855466 7.28305358886719 6.970137023925787
          6.778643798828128 6.605369567871094 6.449169921874997 6.2128753662109375 5.900079345703119 6.089175415039051 6.093797302246088 5.919049072265636 5.860597229003901 5.9178314208984375 5.896420288085949 5.992991638183582 6.108987426757807 6.148046875000006 6.0150909423828125 6.006663513183582 5.728173828124994 5.675181579589832 5.452325439453119 5.257942199707031
          4.894068908691395 4.560415649414068 4.055944824218756 3.8846923828124886 3.347795104980463 2.546633911132801 2.080148315429682 1.9533660888671847 0.8819046020507812 0.46995239257812216 -0.017131042480471592 1.0814666748046875 0.31523437500000284 -0.002307128906252842 0.3232376098632841 1.9818023681640682 3.573944091796875 4.90066223144531 5.559744262695318 5.854013061523432
          5.980294799804682 5.938131713867193 5.626554870605474 4.840017700195318 3.7749572753906193 2.8196701049804744 1.873805236816409 1.2386901855468722 0.9201614379882841 0.4266876220703182 0.1556442260742159 0.010540771484372158 -0.0022445678710880657 0.005609130859369316 -0.004475402832028408 -0.029193115234377842 0.022492980957025566 0.5069229125976591 1.006535339355466 1.970808410644537
          3.195683288574216 3.902857971191409 4.488410949707031 5.064396667480466 5.344601440429685 5.3409271240234375 6.006964111328131 6.280508422851568 6.558508300781256 7.118968200683597 7.392657470703128 7.395346069335943 7.323738098144531 7.272546386718744 7.239131164550784 7.4120330810546875 7.491465759277347 7.675544738769531 7.770953369140628 7.783688354492185
          7.619136047363284 7.56906433105469 7.3414459228515625 7.133740234374997 6.8439788818359375 6.387794494628906 6.340338134765631 6.114564514160151 6.101661682128906 6.197021484375 6.209753417968756 6.238980102539074 6.187677001953119 6.154936218261724 6.239041137695324 6.340121459960926 6.265409851074224 6.213517761230463 6.088084411621082 6.085165405273443
          5.811924743652355 5.467530822753901 5.448046874999989 5.257676696777338 4.997389221191412 4.765734863281239 4.265345764160145 3.994741821289068 3.261148071289057 2.561985778808605 2.497727966308588 2.1812377929687443 1.2248901367187557 0.43740539550780966 -0.011796569824213066 1.0450378417968693 0.3832763671875057 -0.005021667480463066 0.5989852905273381 2.1724349975585966
          3.778111267089841 4.920439147949224 5.493673706054693 5.797952270507807 5.8344879150390625 5.601632690429682 5.192375183105469 4.502534484863276 3.2359939575195256 2.1727188110351534 1.220780944824213 0.6785171508789034 0.5571273803710994 0.36773529052734943 0.11494903564452841 -0.0004913330078153422 -0.0026641845703068157 -0.0012268066406306843 -0.015690612792965908 -0.003448486328125
          0.07702026367186932 0.6776931762695284 1.2550811767578125 2.292201232910159 3.5905181884765653 4.361941528320315 4.630023193359378 5.087026977539068 5.251904296874997 5.051281738281247 6.103204345703119 6.55721740722656 6.726191711425784 7.375276184082026 7.442800903320318 7.146305847167966 7.1656494140625 7.203189086914065 7.3546600341796875 7.612692260742193
          7.782160949707034 8.15018005371094 8.041911315917972 7.857110595703119 7.789651489257807 7.641693115234375 7.319903564453128 7.115997314453125 6.6400909423828125 6.292382812499994 6.352349853515619 6.426843261718744 6.609996032714832 6.415586853027349 6.434185791015636 6.372354125976557 6.4262542724609375 6.498731994628912 6.684339904785162 6.496452331542969
          6.428836059570301 6.286412048339855 6.363481140136713 6.167993164062494 5.900482177734375 5.659925842285162 5.34594268798827 4.960371398925787 4.901205444335943 4.371611022949224 4.069024658203119 3.6991073608398324 3.0629043579101562 2.6595001220703125 2.7904129028320312 2.272190856933591 1.4151718139648466 -0.006066894531244316 -0.010534667968755684 0.9957534790039091
          0.4300018310546818 -0.0011276245117244343 0.5671646118164091 2.163281249999997 3.8840866088867188 4.841200256347662 5.32754211425781 5.543013000488287 5.585438537597653 5.255741882324216 4.647407531738281 3.9529357910156193 2.5766754150390625 1.5008041381835966 0.7361862182617216 0.38890228271483807 0.27183837890625284 0.1918838500976534 0.05724029541015341 -0.002970886230471592
          -0.0036560058593693157 -0.005140686035161934 -0.016107177734369316 -0.0005737304687443157 -0.006709289550784092 0.5865570068359318 1.122227478027341 2.5020507812500057 2.6014434814453153 3.852465820312503 4.783377075195318 5.021444702148443 4.784391784667974 4.865061950683597 5.805815124511724 6.157920837402344 6.703877258300778 7.048674011230474 6.9165496826171875 6.815553283691401
          7.0230865478515625 7.146862792968747 7.287561035156244 7.730120849609378 8.081134033203128 8.24462890625 8.133316040039062 7.946707153320318 7.780575561523435 7.537911987304682 7.316076660156256 6.727238464355466 6.559243774414057 6.412649536132818 6.571556091308594 6.453778076171886 6.73834228515625 6.646351623535168 6.573167419433588 6.711747741699213
          6.574665832519543 6.748532104492199 6.645751953125 6.661495971679699 6.40399627685548 6.463655090332026 6.248475646972651 5.959556579589844 5.597897338867199 5.460179138183605 5.050056457519531 4.765652465820324 4.70654754638673 4.275732421875006 3.8714675903320312 3.299482727050787 2.757321166992199 2.841671752929699 2.95959930419923 2.322723388671875
          1.3288848876953097 0.07239990234374716 -0.00310516357421875 1.134002685546875 0.47665100097655966 -0.004971313476559658 0.34134063720702557 2.052555847167966 3.691938781738287 4.661122131347653 5.059571838378901 5.283282470703128 5.232276916503906 4.704121398925778 4.088752746582031 3.1905197143554744 1.9932937622070312 1.299913024902338 0.7260101318359347 0.3774520874023466
          0.4584197998046875 0.38545379638671307 0.060850524902349434 -0.0013519287109318157 -0.007531738281244316 -0.015280151367193184 0.045530700683599434 0.07272033691405966 0.07357482910155966 0.7942077636718778 1.2809509277343807 1.944248962402341 2.697544860839841 3.3357040405273466 3.9518371582031193 4.189225769042963 4.728590393066412 4.983633422851568 5.715727233886724 6.0562286376953125
          6.400003051757807 6.74508972167969 6.907487487792963 6.991171264648443 7.189595031738278 7.40054626464844 7.721972656250003 8.049113464355472 8.09600677490235 8.158517456054682 8.046456909179682 7.956155395507807 7.693418884277349 7.451930236816409 6.843988037109369 6.660002136230474 6.594181823730466 6.643086242675778 6.609393310546864 6.688807678222645
          6.683122253417963 6.693382263183594 6.623074340820324 6.570802307128901 6.6336212158203125 6.517131042480457 6.421308898925787 6.44378204345702 6.388861083984381 6.353341674804682 6.0445709228515625 5.760435485839849 5.303582763671869 5.168740844726557 4.958457946777344 4.574549865722645 4.414666748046869 3.8808837890624943 3.47454376220702 3.2937774658203125
          3.3387985229492188 3.310804748535162 3.1111389160156193 2.6440277099609375 2.1062591552734347 1.1044937133789006 -0.009243774414059658 1.2593811035156222 0.49494171142578125 0.05353546142578125 0.39063720703124716 1.6371841430664062 3.197479248046875 4.279701232910156 4.689533996582028 4.724078369140628 4.575918579101568 4.241049194335943 3.5222015380859375 2.607595825195318
          1.6934631347656222 1.288111877441409 1.0039474487304716 0.8488433837890597 0.8320541381835938 0.3622543334960966 0.12612304687499432 0.046746826171869316 -0.0123748779296875 0.0112152099609375 -0.009080505371088066 0.055845642089849434 -0.006433105468744316 0.7565078735351562 1.8516143798828182 2.275437927246088 2.703770446777341 3.2315917968749943 4.3142242431640625 4.0521697998046875
          4.777091979980469 5.303417968749997 5.633963012695318 6.063447570800776 6.305116271972651 6.651484680175784 7.003834533691403 7.180339050292972 7.561886596679685 7.854473876953122 7.965295410156244 8.183517456054688 8.12725982666015 8.188236999511716 8.17034759521485 7.787248229980463 7.528189086914068 7.195832824707026 6.889401245117185 6.803469848632815
          6.640327453613281 6.592916870117193 6.562313842773449 6.644833374023449 6.740559387207043 6.655816650390619 6.492352294921886 6.54198760986327 6.511009216308594 6.498608398437511 6.40692138671875 6.237870788574213 6.285429382324224 6.056417846679693 5.65380401611327 5.472796630859364 5.216790771484369 5.182032775878895 4.872184753417969 4.586705017089855
          4.2240753173828125 3.8878890991210824 3.6747665405273438 3.485867309570324 3.616964721679693 3.672438049316412 3.2529357910156307 2.8543075561523494 2.2741271972656136 1.799272155761713 0.21526947021484943 1.0774200439453097 0.5125152587890653 0.07931060791015909 0.1626083374023466 1.125444030761713 2.697709655761713 3.6945114135742188 3.9167419433593693 3.8582748413085994
          3.8110076904296903 3.3779617309570256 2.648547363281253 1.8182250976562528 1.3888870239257756 1.1740142822265653 1.081465148925787 1.1181518554687528 0.8964035034179716 0.509613037109375 0.16280822753905966 -0.003575134277340908 -0.006838989257815342 0.019679260253909092 -0.012109374999994316 -0.03356170654296875 0.46470947265625284 1.4653259277343693 2.3160369873046847 2.5082672119140597
          2.91290283203125 3.6095046997070312 4.28863525390625 4.30660705566406 4.821664428710932 5.336660766601568 5.754945373535151 6.080805969238284 6.414990234374997 6.757063293457037 7.110321044921875 7.567576599121097 7.741021728515619 8.021997070312494 8.122717285156256 8.332417297363278 8.268606567382818 8.129743957519537 7.821360778808597 7.540779113769531
          7.286022949218747 7.057427978515619 6.947967529296875 6.765141296386716 6.605279541015619 6.657769775390619 6.627464294433594 6.51605682373048 6.517932128906239 6.4403839111328125 6.671372985839838 6.427821350097645 6.302908325195318 6.294566345214832 6.109532165527355 6.0439453125 5.997035217285145 5.773425292968739 5.572055053710926 5.293565368652338
          5.038459777832031 5.201878356933605 4.98986358642577 4.702445983886719 4.339015197753895 4.095848083496094 3.777163696289051 4.07586669921875 3.79601593017577 3.7364135742187443 3.2962356567382756 2.8701416015624943 2.5522262573242074 2.2323730468750114 1.0934844970703068 1.0759429931640625 0.619842529296875 0.21309661865234375 -0.004766845703130684 0.6197235107421903
          2.0956970214843693 2.703134155273432 2.932063293457034 2.7815917968750057 2.6398941040039006 2.400325012207034 1.7611297607421932 1.2191650390625028 1.0782684326171932 1.053736877441409 1.0526123046875 1.0801666259765597 0.8426406860351534 0.33696746826171875 0.25370941162108807 0.00682830810546875 0.03908081054687784 -0.006396484375002842 -0.027848815917963066 0.00022583007812215783
          1.1080444335937472 2.022386169433588 2.4703659057617244 3.0354507446289034 3.610163879394534 4.180917358398432 4.561764526367185 4.858038330078131 5.16351318359375 5.571231079101565 5.980680847167974 6.299415588378906 6.625489807128901 6.864907836914057 7.216090393066409 7.669119262695318 8.029029846191406 8.299392700195312 8.389538574218747 8.491975402832026
          8.226882934570312 7.797496032714847 7.593171691894526 7.511247253417963 7.258360290527349 7.031756591796878 6.922853088378901 6.645214843749997 6.584178161621097 6.539392089843744 6.414762878417974 6.405606079101574 6.410891723632801 6.33428955078125 6.273876953125011 6.231340026855463 6.108624267578136 5.907026672363287 5.726280212402344 5.565843200683588
          5.523640441894543 5.403250122070318 5.402574157714838 5.421864318847668 5.165507507324207 5.227194213867193 4.616148376464849 4.326945495605457 4.358105468750011 4.109460449218744 4.481903076171875 4.272259521484386 3.880171203613287 3.9050354003906307 3.446951293945318 3.0966796875 2.8514205932617074 2.7012557983398438 2.0352676391601676 0.8541641235351562
          0.5035644531249943 0.3071640014648409 -0.002925109863284092 0.002162170410159092 0.9887176513671818 1.4886627197265625 1.7233291625976506 1.683515930175787 1.6492111206054716 1.4156616210937472 0.9696151733398466 0.7141464233398409 0.7643768310546903 0.9291564941406278 1.0160842895507756 1.127777099609375 0.8720016479492188 0.3439895629882841 0.2401779174804659 -0.002896118164059658
          -0.0034347534179630657 0.025134277343752842 -0.029812622070309658 0.13241424560547443 1.2556137084960994 2.467864990234375 3.098785400390625 3.644308471679693 4.195431518554685 4.658067321777338 5.028904724121091 5.312834167480474 5.606681823730469 5.907876586914057 6.307347106933591 6.519596862792966 6.742138671874997 6.975132751464841 7.129527282714847 7.680213928222656
          8.224491882324216 8.291276550292963 8.471290588378906 8.471614074707034 8.111297607421875 7.879766845703131 7.67373352050781 7.2991943359375 7.145887756347662 6.819902038574213 6.621481323242193 6.638990783691412 6.480021667480472 6.340057373046875 6.218075561523449 6.114350891113276 6.221353149414057 6.147276306152349 6.090258789062489 6.049659729003906
          5.831376647949213 5.634020996093739 5.45752410888673 5.399192810058594 5.261567687988276 5.341749572753912 5.440661621093739 5.558219909667969 5.398956298828125 5.062420654296886 4.64910888671875 4.257708740234364 4.384092712402349 4.330206298828131 4.692730712890636 4.3751068115234375 4.072528076171864 3.8851547241210938 3.7093704223632926 3.1422912597656136
          3.075540161132807 2.908834838867193 2.3319213867187614 0.49963226318359943 0.3511611938476591 0.5568054199218722 0.23923950195312216 -0.012722778320309658 -0.004040527343747158 0.33905029296875 0.5856109619140568 0.675811767578125 0.9568649291992131 0.6358581542968693 0.1786956787109375 0.40823516845702557 0.6491195678710966 0.9034469604492159 0.9768325805664091 1.1698944091796903
          0.9909713745117159 0.6360046386718778 0.4028121948242216 0.1884414672851591 0.06159667968749716 0.01284027099609375 -0.024647521972653408 0.35144195556640057 1.4810272216796818 2.895643615722662 3.808856201171878 4.433345031738284 4.777304077148443 5.130494689941401 5.395869445800784 5.66872863769531 5.855877685546872 6.148298645019537 6.4428253173828125 6.648406982421875
          6.862541198730469 6.899029541015622 7.14553527832031 7.402836608886716 8.236433410644537 8.391026306152341 8.368072509765625 8.173576354980469 7.912153625488287 7.679890441894528 7.378450012207026 7.202095031738281 6.949902343749997 6.727609252929682 6.529013061523443 6.350733947753909 6.097456359863287 6.060299682617185 6.039401245117176 5.9375762939453125
          5.949156188964849 5.976239013671886 5.921670532226557 5.883039855957037 5.568884277343756 5.374671936035156 5.201417541503901 5.245268249511724 5.30736846923827 5.289358520507818 5.585539245605474 5.5033416748046875 5.244444274902349 5.106047058105474 4.790042114257801 4.495025634765625 4.616801452636707 4.656613159179699 4.61383514404298 4.488200378417957
          4.2778778076171875 3.9791366577148324 3.592137145996105 3.013034057617176 2.53588409423827 2.854827880859375 2.965898132324213 0.7062210083007869 0.36206817626953125 0.26913146972655966 0.5192169189453182 0.9057785034179631 0.44844818115234375 0.0017837524414119343 0.0014755249023465922 -0.004510498046869316 -0.002392578124997158 -0.001220703125 0.19198760986327557 0.6085037231445369
          0.6431472778320284 0.7847564697265597 0.9386032104492159 1.0125228881835966 1.0079345703125 0.7297439575195312 0.8685211181640682 0.6342453002929744 0.4193634033203182 -0.0189971923828125 -0.015139770507815342 0.6311477661132869 1.8708038330078125 3.1967269897460966 4.295893859863284 4.716178894042969 4.957032775878901 5.306156921386716 5.568853759765631 5.930802917480463
          6.010841369628906 6.200592041015625 6.586863708496097 6.78299255371094 6.7981719970703125 6.833088684082028 7.075360107421872 7.328167724609372 8.059513854980466 8.208522033691409 8.087223815917966 7.991201782226568 7.728436279296872 7.399118041992182 7.196403503417969 6.919667053222653 6.673799133300776 6.453215026855474 6.256617736816409 6.081169128417969
          5.82937927246094 5.696662902832031 5.777854919433594 5.777853393554693 5.888990783691412 5.720170593261713 5.668234252929693 5.632884216308582 5.42004852294923 5.227850341796881 5.154641723632807 5.100643920898449 5.164727783203119 5.443910217285151 5.540571594238287 5.359243774414068 5.199209594726568 5.1587371826171875 5.039146423339844 4.939323425292969
          4.957154846191401 4.892648315429682 4.844483947753901 4.811700439453119 4.6931610107421875 4.486630249023449 3.98871307373048 3.6979217529296875 3.6093124389648494 4.01843719482423 3.9243957519531136 0.38470306396484943 0.14214477539061932 0.052488708496099434 0.3043975830078125 0.8736328125000057 1.3433258056640653 1.728315734863287 1.7514144897460966 1.0208770751953153
          0.30447692871094034 -0.016519165039056816 0.13446197509765057 0.5343383789062557 0.5538681030273409 0.6732376098632784 0.8045318603515597 0.8506652832031278 0.8225860595703125 0.5243148803710938 0.6510833740234432 0.5019989013671875 0.5582321166992159 -0.023097229003909092 -0.00426483154296875 0.8686096191406278 2.038378906250003 3.3704284667968807 4.375691223144528 4.798028564453119
          5.134289550781247 5.382994079589849 5.546354675292974 5.908258056640619 6.176989746093753 6.355715942382815 6.541392517089847 6.736582946777347 6.846444702148432 6.876585388183599 7.018116760253903 7.361669921875006 7.896182250976565 8.141055297851565 7.919215393066409 7.724757385253909 7.462464904785151 7.132040405273443 6.829035949707034 6.558319091796875
          6.315365600585935 6.193850708007815 5.901296997070318 5.730555725097659 5.676789855957026 5.443562316894528 5.229728698730469 5.134518432617185 5.349523925781256 5.477911376953131 5.2294158935546875 5.196995544433605 5.085548400878906 5.091633605957043 4.919416809082037 4.866098022460932 4.930105590820318 5.110493469238293 5.307727050781239 5.324949645996099
          5.2626800537109375 5.219895935058588 5.097138977050776 4.69568328857423 4.8098907470703125 5.040119934082043 5.086759948730474 5.048376464843756 5.022924804687506 4.80877227783202 4.504118347167974 4.1037445068359375 4.106712341308594 4.412625122070324 4.214173889160151 0.7202087402343693 0.3850357055664091 0.11179046630859091 -0.0006561279296875 0.1789398193359375
          0.27932586669922443 0.9016998291015597 1.2448028564453182 1.097412109375 0.8343124389648438 0.12699127197265625 -0.01047515869140625 -0.0020233154296818157 0.29547271728515057 0.4738571166992216 0.5773803710937528 0.7816818237304659 0.5252975463867244 0.40397796630858807 0.531768798828125 0.19811859130859943 0.0339202880859375 -0.020007324218752842 0.1634872436523409 1.0138153076171932
          2.5899932861328097 3.6268646240234403 4.34945373535156 4.773400878906244 4.914414978027338 5.070893859863276 5.430615234374997 5.792503356933594 6.155818176269534 6.42550354003906 6.60268859863281 6.600862121582026 6.708747863769531 6.737179565429685 6.971257019042966 7.405303955078125 7.643096923828125 7.794798278808599 7.768357849121088 7.571626281738276
          7.113995361328122 6.878123474121097 6.481848144531256 6.212268066406253 5.968299865722656 5.651637268066409 5.361509704589849 5.193141174316409 5.0457916259765625 5.208589172363276 4.895686340332034 4.701361083984381 4.721485900878903 4.853688049316418 4.903300476074207 4.772543334960943 4.760958862304676 4.767608642578125 4.694834899902332 4.641737365722662
          4.804096984863293 4.7858428955078125 4.884930419921886 5.100840759277332 5.235893249511719 5.190896606445307 4.9676666259765625 5.259909057617193 4.772979736328125 4.7014312744140625 5.043470764160162 5.399075317382824 5.467970275878912 5.048866271972656 4.838391113281261 4.434263610839849 4.031646728515625 4.633256530761713 4.533966064453125 1.2171173095703125
          0.6894592285156307 0.2361953735351534 -0.004214477539065342 -0.0027145385742244343 -0.00033721923827556566 -0.0037902832031306843 -0.006266784667971592 -0.0109405517578125 -0.004655456542963066 0.04557495117187216 0.05222320556640625 -0.016770935058588066 -0.016148376464840908 0.08912506103516193 0.17838134765625568 0.5040084838867216 0.3060363769531307 0.35491638183593466 0.5065643310546903 0.1711273193359375
          -0.027239990234377842 -0.001953125 0.39521942138671307 1.272242736816409 3.048748779296872 3.972489929199213 3.9293197631835994 4.557432556152349 4.701887512207037 4.860281372070318 5.220429992675776 5.581478881835935 5.9419097900390625 6.208268737792963 6.381806945800776 6.380400085449224 6.585737609863287 6.706005859374997 6.837466430664065 7.167156982421872
          7.30209655761719 7.164326477050778 7.430882263183591 6.936058044433594 6.579914855957028 6.34768981933594 5.951353454589849 5.681346130371097 5.339559936523443 5.024400329589838 4.73434143066406 4.370886230468756 4.322979736328122 4.192010498046869 4.279016113281244 4.28106689453125 4.104479980468753 4.338215637207028 4.291848754882807 4.65582733154298
          4.346081542968761 4.452807617187489 4.380255126953131 4.425868225097645 4.488609313964844 4.471118164062489 4.670297241210932 5.083789062499989 5.019421386718761 5.27154083251952 5.045953369140619 4.839057922363281 4.948489379882801 4.973774719238293 4.91406707763673 5.166986083984369 5.531532287597656 5.208522033691395 4.994346618652344 4.686724853515614
          4.081674194335932 4.780667114257824 4.680087280273426 0.9695159912109403 0.6421859741210909 0.2876480102539034 0.007344055175778408 -0.00272369384765625 -0.005757141113278408 -0.003204345703125 -0.0018569946289090922 0.08161468505859659 0.16478881835936932 0.17965545654297443 0.3614395141601534 0.30297698974609943 -0.00011749267578409217 -0.010636901855463066 -0.020498657226568184 -0.0013519287109318157
          -0.006114196777346592 0.13630523681641193 0.12802276611327557 -0.018618774414065342 -0.025366210937505684 0.08825836181640057 0.769989013671875 1.4465927124023494 3.028324890136716 4.038737487792972 3.5171279907226562 4.148399353027344 4.297569274902344 4.553491210937494 4.81790466308594 5.27899169921875 5.736614990234372 6.005400085449224 6.372087097167963 6.366743469238287
          6.47274475097656 6.590335083007815 6.716859436035151 6.848747253417969 7.079505920410156 6.835121154785156 6.615447998046875 6.4220428466796875 6.06564025878906 5.833087158203128 5.433851623535162 4.9669036865234375 4.624659729003909 4.207554626464841 3.8211654663085994 3.558091735839838 3.4143661499023494 3.483663940429693 3.4711502075195284 3.5720184326171847
          3.400146484375 3.8310211181640597 3.882533264160159 3.951432800292963 4.135629272460932 3.9459411621093636 4.072213745117182 4.118109130859381 4.282040405273449 4.364205932617182 4.661775207519526 4.8759613037109375 4.910533142089832 5.062065124511719 4.737011718750011 4.928002929687494 4.936434936523426 5.060156250000006 5.098716735839844 5.150598144531244
          5.513374328613281 5.288288879394543 5.172068786621082 4.9626007080078125 4.257954406738293 4.754627990722668 4.75336151123048 
        </DataArray>
        <DataArray type="Float64" Name="Drainflow_log" format="ascii">
          1.6661312470021108 0.7969582179784724 nan nan nan nan nan nan nan nan nan nan nan nan nan nan nan nan nan nan nan
          nan nan 1.48705227780152 1.6767385649578905 1.3796983623013082 nan nan nan nan nan nan nan nan nan nan nan nan nan nan nan
          nan nan nan nan nan nan nan nan nan nan nan nan nan nan nan nan nan nan nan nan
          nan nan nan nan nan nan nan nan nan nan nan nan nan nan nan nan nan nan nan nan
          1.8286866979016512 nan nan 0.7444257004904468 nan nan nan nan nan nan nan nan nan nan nan nan nan nan nan nan
          nan nan nan nan nan nan nan nan nan nan nan nan nan nan nan nan nan nan nan nan
          nan nan nan nan nan nan nan nan nan nan nan nan nan nan nan nan nan nan nan nan
          nan nan nan nan nan nan nan nan nan nan nan nan nan nan nan nan nan nan nan nan
          nan nan nan 1.9250508994271396 nan nan nan nan nan nan nan nan nan nan nan nan nan nan nan nan
          nan nan nan nan nan nan nan nan nan nan nan nan nan nan nan nan nan nan nan nan
          nan nan nan nan nan nan nan nan nan nan nan nan nan nan nan nan nan nan nan nan
          nan nan nan nan nan nan nan nan nan nan nan nan nan nan nan nan nan nan nan nan
          nan nan nan nan nan 1.5683117241012963 1.981422863841254 nan nan nan nan nan nan nan nan nan nan nan nan nan
          nan nan nan nan nan nan nan nan nan nan nan nan nan nan nan nan nan nan nan nan
          nan nan nan nan nan nan nan nan nan nan nan nan nan nan nan nan nan nan nan nan
          nan nan nan nan nan nan nan nan nan nan nan nan nan nan nan nan nan nan nan nan
          nan nan nan nan nan nan nan nan 2.246902898295817 1.9513212553856887 nan nan nan nan nan nan nan nan nan nan
          nan nan nan nan nan nan nan nan nan nan nan nan nan nan nan nan nan nan nan nan
          nan nan nan nan nan nan nan nan nan nan nan nan nan nan nan nan nan nan nan nan
          nan nan nan nan nan nan nan nan nan nan nan nan nan nan nan nan nan nan nan nan
          nan nan nan nan nan nan nan 1.18371426415976 nan nan nan nan 1.8552400653839163 nan nan nan nan nan nan nan
          nan nan nan nan nan nan nan nan nan nan nan nan nan nan nan nan nan nan nan nan
          nan nan nan nan nan nan nan nan nan nan nan nan nan nan nan nan nan nan nan nan
          nan nan nan nan nan nan nan nan nan nan nan nan nan nan nan nan nan nan nan nan
          nan nan nan nan nan nan nan 1.4542351437295862 0.8001858408139679 nan 1.4864387433673671 1.3227503767619688 1.4897987257467853 1.9559742083863667 nan nan nan nan nan nan
          nan nan nan nan nan nan nan nan nan nan nan nan nan nan nan nan nan nan nan nan
          nan nan nan nan nan nan nan nan nan nan nan nan nan nan nan nan nan nan nan nan
          nan nan nan nan nan nan nan nan nan nan nan nan nan nan nan nan nan nan nan nan
          nan nan nan nan nan nan nan nan 1.0883061885342689 1.055462676440054 1.3190771435343311 1.68669577010307 1.6520311895043567 1.510867507580072 1.4781632565268306 nan 1.657435392838975 1.5569600815218136 nan nan
          nan nan nan nan nan nan nan nan nan nan nan nan nan nan nan nan nan nan nan nan
          nan nan nan nan nan nan nan nan nan nan nan nan nan nan nan nan nan nan nan nan
          nan nan nan nan nan nan nan nan nan nan nan nan nan nan nan nan nan nan nan nan
          nan nan nan nan nan nan nan nan nan nan nan nan nan 0.7416646733246302 0.9317432844428549 1.5415624290481735 1.5414733449292324 1.4066106982376116 1.501223761947672 1.430527183458635
          0.5343963845431677 nan nan nan nan nan nan nan nan nan nan nan nan nan nan nan nan nan nan nan
          nan nan nan nan nan nan nan nan nan nan nan nan nan nan nan nan nan nan nan nan
          nan nan nan nan nan nan nan nan nan nan nan nan nan nan nan nan nan nan nan nan
          nan nan nan nan nan nan nan nan nan nan nan nan nan nan nan nan 0.8752873719525173 1.4068526973714124 1.197758188161372 nan
          nan nan nan 1.3554739928133026 1.1241866575437534 nan nan nan nan nan nan nan nan nan nan nan nan nan nan nan
          nan nan nan nan nan nan nan nan nan nan nan nan nan nan nan nan nan nan nan nan
          nan nan nan nan nan nan nan nan nan nan nan nan nan nan nan nan nan nan nan nan
          nan nan nan nan nan nan nan nan nan nan nan nan nan nan nan nan nan nan nan 1.4920403042985615
          nan 0.2619569769003662 0.9193289803027443 nan 0.7892771243659318 nan 1.2740663949735345 nan nan nan nan nan nan nan nan nan nan nan nan nan
          nan nan nan nan nan nan nan nan nan nan nan nan nan nan nan nan nan nan nan nan
          nan nan nan nan nan nan nan nan nan nan nan nan nan nan nan nan nan nan nan nan
          nan nan nan nan nan nan nan nan nan nan nan nan nan nan nan nan nan nan nan nan
          nan nan 0.38120457472627123 0.920064266425236 nan nan nan nan nan 1.1567707439532675 1.6007199320784304 1.0254991328053702 nan nan nan nan nan nan nan nan
          nan nan nan nan nan nan nan nan nan nan nan nan nan nan nan nan nan nan nan nan
          nan nan nan nan nan nan nan nan nan nan nan nan nan nan nan nan nan nan nan nan
          nan nan nan nan nan nan nan nan nan nan nan nan nan nan nan nan nan nan nan nan
          nan nan nan nan nan nan nan nan nan nan nan nan nan 1.1364524130789329 1.4734049903846203 1.3319090715460242 nan nan nan nan
          nan 0.8692024522089548 nan nan nan nan nan nan nan nan nan nan nan nan nan nan nan nan nan nan
          nan nan nan nan nan nan nan nan nan nan nan nan nan nan nan nan nan nan nan nan
          nan nan nan nan nan nan nan nan nan nan nan nan nan nan nan nan nan nan nan nan
          nan nan nan nan nan nan nan nan nan nan nan nan nan nan nan nan nan 1.0387223985899694 0.7429470082712892 nan
          nan nan nan nan nan nan nan nan nan nan nan nan nan nan nan nan nan nan nan nan
          nan nan nan nan nan nan nan nan nan nan nan nan nan nan nan nan nan nan nan nan
          nan nan nan nan nan nan nan nan nan nan nan nan nan nan nan nan nan nan nan nan
          nan nan nan nan nan nan nan nan nan nan nan nan nan nan nan nan nan nan nan nan
          nan nan nan nan nan nan nan nan nan nan nan nan nan nan nan nan nan nan nan nan
          nan nan nan nan nan nan nan nan nan nan nan nan nan nan nan nan nan nan nan nan
          nan nan nan nan nan nan nan nan nan nan nan nan nan nan nan nan nan nan nan nan
          nan nan nan nan nan nan nan nan nan nan nan nan nan nan nan nan nan nan nan nan
          nan nan nan nan nan nan nan nan nan nan nan nan nan nan nan nan nan nan nan nan
          nan nan nan nan nan nan nan nan nan nan nan nan nan nan nan nan nan nan nan nan
          nan nan nan nan nan nan nan nan nan nan nan nan nan nan nan nan nan nan nan nan
          nan nan nan nan nan nan nan nan nan nan nan nan nan nan nan nan nan nan nan nan
          nan nan nan nan nan nan nan nan nan nan nan 1.2610004859671977 nan nan nan nan nan nan nan nan
          nan nan nan nan nan nan nan nan nan nan nan nan nan nan nan nan nan nan nan nan
          nan nan nan nan nan nan nan nan nan nan nan nan nan nan nan nan nan nan nan nan
          nan nan nan nan nan nan nan nan nan nan nan nan nan nan nan nan nan nan nan nan
          nan nan nan nan nan nan nan nan nan nan nan nan nan nan nan 0.7583847803810407 nan nan nan nan
          nan nan nan nan nan nan nan nan nan nan nan nan nan nan nan nan nan nan nan nan
          nan nan nan nan nan nan nan nan nan nan nan nan nan nan nan nan nan nan nan nan
          nan nan nan nan nan nan nan nan nan nan nan nan nan nan nan nan nan nan nan nan
          nan nan nan nan nan nan nan nan nan nan nan nan nan nan nan nan nan nan nan nan
          nan nan nan nan nan nan nan nan nan nan nan nan nan nan nan nan nan nan nan nan
          nan nan nan nan nan nan nan nan nan nan nan nan nan nan nan nan nan nan nan nan
          nan nan nan nan nan nan nan nan nan nan nan nan nan nan nan nan nan nan nan nan
          nan nan nan nan nan nan nan nan nan nan nan nan nan nan nan nan nan nan nan nan
          nan nan nan nan nan nan nan nan nan nan nan nan nan nan nan nan nan nan nan nan
          nan nan nan nan nan nan nan nan nan nan nan nan nan nan nan nan nan nan nan nan
          nan nan nan nan nan nan nan nan nan nan nan nan nan nan nan nan nan nan nan nan
          nan nan nan nan nan nan nan nan nan nan nan nan nan nan nan nan nan nan nan nan
          nan nan nan nan nan nan nan nan nan nan nan nan nan nan nan nan nan nan nan nan
          nan nan nan nan nan nan nan nan nan nan nan nan nan nan nan nan nan nan nan nan
          nan nan nan nan nan nan nan nan nan nan nan nan nan nan nan nan nan nan nan nan
          nan nan nan nan nan nan nan nan nan nan nan nan nan nan nan nan nan nan nan nan
          nan nan nan nan nan nan nan nan nan nan nan nan nan nan nan nan nan nan nan nan
          nan nan nan nan nan nan nan nan nan nan nan nan nan nan nan nan nan nan nan nan
          nan nan nan nan nan nan nan nan nan nan nan nan nan nan nan nan nan nan nan nan
          nan nan nan nan nan nan nan nan nan nan nan nan nan nan nan nan nan nan nan nan
          nan nan nan nan nan nan nan nan nan nan nan nan nan nan nan nan nan nan nan nan
          nan nan nan nan nan nan nan nan nan nan nan nan nan nan nan nan nan nan nan nan
          nan nan nan nan nan nan nan nan nan nan nan nan nan nan nan nan nan nan nan nan
          nan nan nan nan nan nan nan nan nan nan nan nan nan nan nan nan nan nan nan nan
          nan nan nan nan nan nan nan nan nan nan nan nan nan nan nan nan nan nan nan nan
          nan nan nan nan nan nan nan nan nan nan nan nan nan nan nan nan nan nan nan nan
          nan nan nan nan nan nan nan nan nan nan nan nan nan nan nan nan nan nan nan nan
          nan nan nan nan nan nan nan nan nan nan nan nan nan nan nan nan nan nan nan nan
          nan nan nan nan nan nan nan nan nan nan nan nan nan nan nan nan nan nan nan nan
          nan nan nan nan nan nan nan nan nan nan nan nan nan nan nan nan nan nan nan nan
          nan nan nan nan nan nan nan nan nan nan nan nan nan nan nan nan nan nan nan nan
          nan nan nan nan nan nan nan nan nan nan nan nan nan nan nan nan nan nan nan nan
          nan nan nan nan nan nan nan nan nan nan nan nan nan nan nan nan nan nan nan nan
          nan nan nan nan nan nan nan nan nan nan nan nan nan nan nan nan nan nan nan nan
          nan nan nan nan nan nan nan nan nan nan nan nan nan nan nan nan nan nan nan nan
          nan nan nan nan nan nan nan nan nan nan nan nan nan nan nan nan nan nan nan nan
          nan nan nan nan nan nan nan nan nan nan nan nan nan nan nan nan nan nan nan nan
          nan nan nan nan nan nan nan nan nan nan nan nan nan nan nan nan nan nan nan nan
          nan nan nan nan nan nan nan nan nan nan nan nan nan nan nan nan nan nan nan nan
          nan nan nan nan nan nan nan nan nan nan nan nan nan nan nan nan nan nan nan nan
          nan nan nan nan nan nan nan nan nan nan nan nan nan nan nan nan nan nan nan nan
          nan nan nan nan nan nan nan nan nan nan nan nan nan nan nan nan nan nan nan nan
          nan nan nan nan nan nan nan nan nan nan nan nan nan nan nan nan nan nan nan nan
          nan nan nan nan nan nan nan nan nan nan nan nan nan nan nan nan nan nan nan nan
          nan nan nan nan nan nan nan nan nan nan nan nan nan nan 0.8120588051828617 -0.357622187183965 nan nan nan nan
          nan nan nan nan nan nan nan nan nan nan nan nan nan nan nan nan nan nan nan nan
          nan nan nan nan nan nan nan nan nan nan nan nan nan nan nan nan nan nan nan nan
          1.2685291303478963 nan nan nan nan nan nan nan nan nan nan nan nan nan nan nan nan nan nan nan
          nan nan nan nan nan nan nan nan nan nan nan nan nan nan nan nan nan nan 1.6015346234134757 nan
          nan nan nan nan nan nan nan nan nan nan nan nan nan nan nan nan nan nan nan nan
          nan nan nan nan nan nan nan nan nan nan nan nan nan nan nan nan nan nan nan nan
          nan nan nan nan 1.5180591630708458 nan nan nan nan nan nan nan nan nan nan nan nan nan nan nan
          nan nan nan nan nan nan nan nan nan nan nan nan nan nan nan nan nan nan nan nan
          nan nan nan nan nan nan nan nan nan nan nan nan nan nan nan nan nan nan nan nan
          nan nan nan nan nan nan nan nan nan nan nan nan nan nan nan nan nan nan nan nan
          nan nan nan nan nan nan nan 1.0308499122440058 1.43943768592136 nan nan nan nan nan nan nan nan nan nan nan
          nan nan nan nan nan nan nan nan nan nan nan nan nan nan nan nan nan nan nan nan
          nan nan nan nan nan nan nan 0.7936888119222429 nan nan nan nan nan nan nan nan nan nan nan nan
          nan nan nan nan nan nan nan nan nan nan nan nan nan nan nan nan nan nan nan nan
          nan nan nan nan nan nan nan nan nan nan nan 1.673156081412953 0.21703633506527378 nan nan nan nan nan nan nan
          nan nan nan nan nan nan nan nan nan nan nan nan nan nan nan nan nan nan nan nan
          nan nan nan nan nan nan nan nan nan nan nan 0.90287989743786 nan nan nan nan nan nan nan nan
          nan nan nan nan nan nan nan nan nan nan nan nan nan nan nan nan nan nan nan nan
          nan nan nan nan nan nan nan nan nan nan nan nan nan nan 1.2823440505493735 nan nan nan nan nan
          nan nan nan nan nan nan nan nan nan nan nan nan nan nan nan nan nan nan nan nan
          nan nan nan nan nan nan nan nan nan nan nan nan nan nan nan 1.0980758253420797 nan nan nan nan
          nan nan nan nan nan nan nan nan nan nan nan nan nan nan nan nan nan nan nan nan
          nan nan nan nan nan nan nan nan nan nan nan nan nan nan nan nan nan nan 1.1297806608866365 nan
          nan nan nan nan nan nan nan nan nan nan nan nan nan nan nan nan nan nan nan nan
          nan nan nan nan nan nan nan nan nan nan nan nan nan nan nan nan nan nan nan 1.6446596371749338
          nan nan nan nan nan nan nan nan nan nan nan nan nan nan nan nan nan nan nan nan
          nan nan nan nan nan nan nan nan nan nan nan nan nan nan nan nan nan nan nan nan
          nan nan nan nan nan nan nan nan nan nan nan nan nan nan nan nan nan nan nan nan
          nan nan nan nan nan nan nan nan nan nan nan nan nan nan nan nan nan nan nan nan
          nan nan 0.5990799450439972 1.4755734596170376 nan nan nan nan nan nan nan nan nan nan nan nan nan nan nan nan
          nan nan nan nan nan nan nan nan nan nan nan nan nan nan nan nan nan nan nan nan
          nan nan nan nan nan nan nan nan nan nan nan nan nan nan nan nan nan nan nan nan
          nan nan nan nan nan nan nan nan nan nan nan nan nan nan nan nan nan nan nan nan
          nan nan nan nan nan 0.5772608432695743 1.646568871372407 nan nan nan nan nan nan nan nan nan nan nan nan nan
          nan nan nan nan nan nan nan nan nan nan nan nan nan nan nan nan nan nan nan nan
          nan nan 1.3179074176942744 nan nan nan nan nan 1.376269265353209 nan nan nan nan nan nan nan nan nan nan nan
          nan nan nan nan nan nan nan nan nan nan nan nan nan nan nan nan nan nan nan nan
          nan nan nan nan nan nan nan 1.2875487872017561 nan 1.3035869867205818 1.5716761318111057 1.6571527773516583 nan nan nan nan nan nan nan nan
          nan nan nan nan nan nan nan nan nan nan nan nan nan nan nan nan nan nan nan nan
          nan nan nan nan nan -0.18103745851135863 1.5221752869205727 nan nan nan nan nan 1.5981004954628808 nan nan nan nan nan nan nan
          nan nan nan nan nan nan nan nan nan nan nan nan nan nan nan nan nan nan nan nan
          nan nan nan nan nan nan nan nan nan nan nan nan 1.2222344407585009 0.4875301719537918 0.830161128308064 1.7271993703163249 nan nan nan nan
          nan nan nan nan nan nan nan nan nan nan nan nan nan nan nan nan nan nan nan nan
          nan nan nan nan nan nan nan nan nan 0.5270500221744776 1.399366007159484 nan nan nan nan nan 1.3452371265279277 nan nan nan
          nan nan nan nan nan nan nan nan nan nan nan nan nan nan nan nan nan nan nan nan
          nan nan nan nan nan nan nan nan nan nan nan nan nan nan nan nan nan 0.9150262886093764 1.5996969570955395 1.6809400273623505
          1.1666874949197856 nan nan nan nan nan nan nan nan nan nan nan nan nan nan nan nan nan nan nan
          nan nan nan nan nan nan nan nan nan nan nan nan nan 0.32547013964564775 nan nan nan nan nan 1.1819154305509156
          nan nan nan nan nan nan nan nan nan nan nan nan nan nan nan nan nan nan nan nan
          nan nan nan nan nan nan nan nan nan nan nan nan nan nan nan nan nan nan nan nan
          nan 1.2651647724541042 1.6124752368562534 nan nan nan nan nan nan nan nan nan nan nan nan nan nan nan nan nan
          nan nan nan nan nan nan nan nan nan nan nan nan nan nan nan nan nan nan nan nan
          nan nan 1.2154117455654998 1.3902200222167387 nan nan nan nan nan nan nan nan nan nan nan nan nan nan nan nan
          nan nan nan nan nan nan nan nan nan nan nan nan nan nan nan nan nan nan nan nan
          nan nan nan nan nan 1.5362562494127479 1.2274556404099122 nan nan nan nan nan nan nan nan nan nan nan nan nan
          nan nan nan nan nan nan nan nan nan nan nan nan nan nan nan nan nan nan nan nan
          nan nan nan nan 1.223238484675598 nan 1.4290239154941915 nan nan nan nan nan nan nan nan nan nan nan nan nan
          nan nan nan nan nan nan nan nan nan nan nan nan nan nan nan nan nan nan nan nan
          nan nan nan nan nan nan nan nan 0.4734696926860461 1.7562791062075476 nan nan nan nan nan nan nan nan nan nan
          nan nan nan nan nan nan nan nan nan nan nan nan nan nan nan nan nan nan nan nan
          nan nan nan nan nan nan nan nan 1.1220647169873104 1.7734360087840413 1.1534621051819465 nan nan nan nan nan nan nan nan nan
          nan nan nan nan nan nan nan nan nan nan nan nan nan nan nan nan nan nan nan nan
          nan 1.018881744343562 nan nan nan nan nan nan nan nan nan nan 1.3095836229759374 1.5980243766689395 nan nan nan nan 1.5232350385190805 nan
          nan nan nan nan nan nan nan nan nan nan nan nan nan nan nan nan nan nan nan nan
          nan nan nan nan nan nan nan nan nan nan nan nan nan 0.7205935366172821 nan nan nan nan nan nan
          nan nan nan nan nan nan nan nan nan nan nan nan nan nan nan nan nan nan nan nan
          nan nan nan nan 1.1621364031098644 1.6222416759608285 nan nan nan nan nan nan nan nan nan nan 1.0713929066370538 1.3311744465089697 nan nan
          0.4446381988021831 1.3756318041180862 nan nan nan nan nan nan nan nan nan nan nan nan nan nan nan nan nan nan
          nan nan nan nan nan nan nan nan nan nan nan nan nan nan nan nan nan nan nan nan
          nan nan nan nan nan nan nan nan nan nan nan nan nan nan nan nan nan nan nan nan
          nan nan nan nan nan nan nan nan nan 0.9514435773929668 1.552822266711036 nan nan nan nan nan nan nan 1.0933793503553646 1.7695036396833095
          1.4704766497003785 1.5437636251985511 1.512073967310867 1.6797192051428163 1.4314078179251633 nan nan nan nan nan nan nan nan nan nan nan nan nan nan nan
          nan nan nan nan nan nan nan nan nan nan nan nan nan nan nan nan nan nan nan nan
          nan 1.3295652709935626 1.5568473978177708 nan nan nan nan nan nan nan nan nan nan nan nan nan nan nan nan nan
          nan nan nan nan nan nan nan nan nan nan nan nan nan nan 1.0817683345565445 1.0155991452206468 nan nan nan nan
          nan 1.5271363067447032 1.6699122181029757 1.6058596993000835 1.6913276197510576 0.41576301186952946 nan 1.3022327922792878 1.8310126752264995 1.500479667540724 nan nan nan nan nan nan nan nan nan nan
          nan nan nan nan nan nan nan nan nan nan nan nan nan nan nan nan nan nan nan nan
          nan nan nan nan nan 0.7406976282784008 0.18995361855069876 nan nan nan nan nan nan nan nan nan nan nan nan nan
          nan nan nan nan nan nan nan nan nan nan nan nan nan nan nan nan nan nan 0.4567599207141904 nan
          nan 2.040699057804616 2.170704724310267 1.844211367955069 nan 1.5954645330906556 1.7483219921142645 nan nan nan nan nan 1.1939346281633787 1.6027845664235991 1.7790739361105616 0.3909135627087984 nan nan nan nan
          nan nan nan nan nan nan nan nan nan nan nan nan nan nan nan nan nan nan nan nan
          nan nan nan nan nan nan nan nan nan 0.5838384816546951 nan nan nan nan nan nan nan nan nan nan
          nan nan nan nan nan nan nan nan nan nan nan nan nan nan nan nan nan nan nan nan
          nan nan nan nan 2.109492951212082 nan nan nan 1.0508146447395408 1.2601231067769108 nan nan nan nan nan nan nan nan 1.4163686279180496 1.740827762789937
          1.232029507665851 nan nan nan nan nan nan nan nan nan nan nan nan nan nan nan nan nan nan nan
          nan nan nan nan nan nan nan nan nan nan nan nan nan 1.0032688481837357 nan nan nan nan nan nan
          nan nan nan nan nan nan nan nan nan nan nan nan nan nan nan nan nan nan nan nan
          nan nan nan nan nan nan 0.747550313052522 nan nan nan nan nan 0.25084742694140993 nan nan nan nan nan nan nan
          nan nan nan nan 0.9091881080443919 nan nan nan nan nan nan nan nan nan nan nan nan nan nan nan
          nan nan nan nan nan nan nan nan nan nan nan nan nan nan nan nan nan 1.0854291731974743 nan nan
          nan nan nan nan nan nan nan nan nan nan nan nan nan nan nan nan nan nan nan nan
          nan nan nan nan nan nan nan nan nan 1.7625188557639142 1.715494469975305 1.0463373589933453 0.8280826637268012 nan nan nan nan nan nan nan
          nan nan nan nan nan nan nan nan 0.8303545370890341 nan nan nan nan nan nan nan nan nan nan nan
          nan nan nan nan nan nan nan nan nan nan nan nan nan nan nan nan nan nan nan nan
          nan 1.236698907833003 1.0743846231008845 nan nan nan nan nan nan nan nan nan nan nan nan nan nan nan nan nan
          nan nan nan nan nan nan nan nan nan nan nan nan nan 1.8685387553014816 1.6968746970419066 nan nan nan nan nan
          nan nan nan nan nan nan nan nan nan nan nan nan nan nan nan nan nan nan nan nan
          nan nan nan nan nan nan nan nan nan nan nan nan nan nan nan nan nan nan nan nan
          nan nan nan nan nan nan 0.7388926298878273 nan nan nan nan nan nan nan nan nan nan nan nan nan
          nan nan nan nan nan nan nan nan nan nan nan nan nan nan nan nan 1.5617039957889054 1.4405606507536124 -0.06836864504596846 nan
          nan nan nan nan nan nan nan nan nan nan nan nan nan nan nan nan nan nan nan nan
          nan nan nan nan nan nan nan nan nan nan nan nan nan nan nan nan nan nan nan nan
          nan nan nan nan nan nan nan nan nan 0.8615249810004559 nan nan nan nan nan nan nan nan nan nan
          nan nan nan nan nan nan nan nan nan nan nan nan nan nan nan nan nan nan nan 1.8471892458309898
          1.4688894997621769 nan nan nan nan nan nan nan nan nan nan nan nan nan nan nan nan nan nan nan
          nan nan nan nan nan nan nan nan nan nan nan nan nan nan nan nan nan nan nan nan
          nan nan nan nan nan nan nan nan nan nan nan nan nan nan nan nan nan nan nan nan
          nan nan nan nan nan nan nan nan nan nan nan nan nan nan nan nan nan nan nan nan
          nan nan 1.8663624364137386 1.6156132776689387 nan nan nan nan nan nan nan nan nan nan nan nan nan nan nan nan
          nan nan nan nan nan nan nan nan nan nan nan nan nan nan nan nan nan nan nan nan
          nan nan nan nan nan nan nan nan nan nan nan nan nan nan nan nan nan nan nan nan
          nan nan nan nan nan nan nan nan nan nan nan nan nan nan nan nan nan nan nan nan
          nan nan nan nan 0.1781001886878042 1.8642133883030683 1.539146651328394 nan nan nan nan nan nan nan nan nan nan nan nan nan
          nan nan nan nan nan nan nan nan nan nan nan nan nan nan nan nan nan nan nan nan
          nan nan nan nan nan nan nan nan nan nan nan nan nan nan nan nan nan nan nan nan
          nan nan nan nan nan nan nan nan nan nan nan nan nan nan nan nan nan nan nan nan
          nan nan nan nan nan nan nan 1.5137550653425815 1.639887203425275 1.5920112929589794 nan nan nan nan nan nan nan nan nan nan
          nan nan nan nan nan nan nan nan nan nan nan nan nan nan nan nan nan nan nan nan
          nan nan nan nan nan nan nan nan nan nan nan nan nan nan nan nan nan nan nan nan
          nan nan nan nan nan 0.26266605584035924 nan nan nan nan nan nan nan nan nan nan nan nan nan nan
          nan nan nan nan nan nan nan nan nan nan 0.9517421270427393 1.782638443136544 1.4473488947142155 nan nan nan nan nan nan nan
          nan nan nan nan nan nan nan nan nan nan nan nan nan nan nan nan nan nan nan nan
          nan nan nan nan nan nan nan nan nan nan nan nan nan nan nan nan nan nan nan nan
          nan nan nan nan nan nan 0.9848079864010982 nan nan 1.5479819923978533 nan nan nan nan nan nan nan nan nan nan
          nan nan nan nan nan nan nan nan nan nan nan nan -0.38601062017179566 nan 1.6926702177443276 1.4129746921941848 nan nan nan nan
          nan nan nan nan nan nan nan nan nan nan nan nan nan nan nan nan nan nan nan nan
          nan nan nan nan nan nan nan nan nan nan nan nan nan nan nan nan nan nan nan nan
          nan nan nan nan nan nan nan nan nan nan 1.4041752591743977 nan nan 1.2036680633465149 nan nan nan nan nan nan
          nan nan nan nan nan nan nan nan nan nan nan nan nan nan nan 0.4396584524345506 1.3371215817794404 1.6211157881230878 1.6948770472381587 nan
          nan nan nan nan nan nan nan nan nan nan nan nan nan nan nan nan nan nan nan nan
          nan nan nan nan nan nan nan nan nan nan nan nan nan nan nan nan nan nan nan nan
          nan nan nan nan nan nan nan nan nan nan nan nan nan nan nan nan nan 0.8892512770528358 nan nan
          nan nan nan nan nan nan nan nan nan nan nan nan nan nan nan nan nan nan nan 1.030042505896711
          1.757541695659501 1.7264016461109646 nan nan nan nan nan nan nan nan nan nan nan nan nan nan nan nan nan nan
          nan nan nan nan nan nan nan nan nan nan nan nan nan nan nan nan nan nan nan nan
          nan nan nan nan nan nan nan nan nan nan nan nan nan nan nan nan nan nan 1.4194961832255364 nan
          nan nan nan nan nan nan nan nan nan nan nan nan nan nan nan nan nan nan nan nan
          nan nan nan nan 1.1482812533890148 1.6127788057697157 nan nan nan nan nan nan nan nan nan nan nan nan nan nan
          nan nan nan nan nan nan nan nan nan nan nan nan nan nan nan nan nan nan nan nan
          nan nan nan nan nan nan nan nan nan nan nan nan nan nan nan nan nan nan nan nan
          nan nan 0.8843676984205566 nan nan nan nan nan nan nan nan nan nan nan nan nan nan nan nan nan
          nan nan nan nan nan nan 1.026330303063007 1.7112723802226548 nan nan nan nan nan nan nan nan nan nan nan nan
          nan nan nan nan nan nan nan nan nan nan nan nan nan nan nan nan nan nan nan nan
          nan nan nan nan nan nan nan nan nan nan nan nan nan nan nan nan nan nan nan nan
          nan nan nan nan nan nan nan nan nan 1.33256508283574 nan nan nan nan nan nan nan nan nan nan
          nan nan nan nan nan nan nan nan nan nan 0.40360309809800493 1.4800241514708066 1.6355306534912626 nan nan nan nan nan nan nan
          nan nan nan nan nan nan nan nan nan nan nan nan nan nan nan nan nan nan nan nan
          nan nan nan nan nan nan nan nan nan nan nan nan nan nan nan nan nan nan nan nan
          nan nan nan nan nan nan nan nan nan nan 1.6372038123361563 nan nan 0.7654663516910838 nan nan nan nan nan nan
          nan nan nan nan nan nan nan nan nan nan nan nan 0.7542343729148873 nan 1.0547512430045294 1.868714565702217 nan nan nan nan
          nan nan nan nan nan nan nan nan nan nan nan nan nan nan nan nan nan nan nan nan
          nan nan nan nan nan nan nan nan nan nan nan nan nan nan nan nan nan nan nan nan
          nan nan nan nan nan nan nan nan nan nan nan nan nan nan 1.4749977296023524 nan nan 1.1036985924494687 nan nan
          nan nan nan nan nan nan nan nan nan nan nan nan nan nan nan 0.09266449049943555 0.8284672843471268 0.4937227647296538 1.5992441810233389 0.9413006334491605
          nan nan nan nan nan nan nan nan nan nan nan nan nan nan nan nan nan nan nan nan
          nan nan nan nan nan nan nan nan nan nan nan nan nan nan nan nan nan nan nan nan
          nan nan nan nan nan nan nan nan nan nan nan nan nan nan nan nan nan 1.1864413571572263 1.4262327717035364 nan
          nan 0.4585906304526089 nan nan nan nan nan nan nan nan nan nan nan nan nan nan nan nan nan 0.8762948021188758
          0.9658242463527 1.1147566999328435 1.6104861257894076 0.16263393942655005 1.2301274022105775 nan nan nan nan nan nan nan nan nan nan nan nan nan nan nan
          nan nan nan nan nan nan nan nan nan nan nan nan nan nan nan nan nan nan nan nan
          nan nan nan nan nan nan nan nan nan nan nan nan nan nan nan nan nan nan nan nan
          nan nan 0.895493737287552 nan nan 1.1008559897986523 nan nan nan nan nan nan nan nan nan nan nan nan nan nan
          nan nan nan 0.532699851369949 1.2804090185911838 1.5877559633365677 nan nan nan nan nan nan nan nan nan nan nan nan nan nan
          nan nan nan nan nan nan nan nan nan nan nan nan nan nan nan nan nan nan nan nan
          nan nan nan nan nan nan nan nan nan nan nan nan nan nan nan nan nan nan nan nan
          nan nan nan nan nan nan 1.3695743358381312 nan nan nan nan nan nan nan nan nan nan nan nan nan
          nan nan nan nan nan nan nan nan 1.495904972998888 nan 1.3615475061911384 nan 1.2118544388922572 nan nan nan nan nan nan nan
          nan nan nan nan nan nan nan nan nan nan nan nan nan nan nan nan nan nan nan nan
          nan nan nan nan nan nan nan nan nan nan nan nan nan nan nan nan nan nan nan nan
          nan nan nan nan nan nan nan nan nan nan nan nan nan nan nan nan nan nan nan nan
          nan nan nan nan nan nan nan nan nan nan nan 0.957824854148785 1.2379307219727858 nan 1.4864806310567589 1.929320564951225 nan nan nan nan
          nan nan nan nan nan nan nan nan nan nan nan nan nan nan nan nan nan nan nan nan
          nan nan nan nan nan nan nan nan nan nan nan nan nan nan nan nan nan nan nan nan
          nan nan nan nan nan nan nan nan nan nan nan nan nan nan nan nan nan nan 1.0812548963133197 nan
          nan nan nan nan nan nan nan nan nan nan nan nan nan nan nan nan nan 1.208966903824455 1.8482715447788414 nan
          nan nan nan nan nan nan nan nan nan nan nan nan nan nan nan nan nan nan nan nan
          nan nan nan nan nan nan nan nan nan nan nan nan nan nan nan nan nan nan nan nan
          nan nan nan nan nan nan nan nan nan nan nan nan nan nan nan nan nan nan nan nan
          nan nan 0.8695231455085107 nan nan nan nan nan nan nan nan nan nan nan nan nan nan nan nan 0.8664632237999872
          0.9386218885354852 nan 1.8779814447693168 nan nan nan nan nan nan nan nan nan nan nan nan nan nan nan nan nan
          nan nan nan nan nan nan nan nan nan nan nan nan nan nan nan nan nan nan nan nan
          nan nan nan nan nan nan nan nan nan nan nan nan nan nan nan nan nan nan nan nan
          nan nan nan nan nan nan nan 1.5079456536037623 1.0098260156497527 nan nan nan nan nan nan nan nan nan nan nan
          nan nan nan nan nan nan 1.7952678522142982 nan nan nan nan nan nan nan nan nan nan nan nan nan
          nan nan nan nan nan nan nan nan nan nan nan nan nan nan nan nan nan nan nan nan
          nan nan nan nan nan nan nan nan nan nan nan nan nan nan nan nan nan nan nan nan
          nan nan nan nan nan nan nan nan nan nan nan nan nan nan nan 1.0578806126900915 0.7832091046027478 0.48945764962025984 nan nan
          nan nan nan nan nan nan nan nan nan 1.6820777560143034 1.583459044731958 nan nan nan nan nan nan nan nan nan
          nan nan nan nan nan nan nan nan nan nan nan nan nan nan nan nan nan nan nan nan
          nan nan nan nan nan nan nan nan nan nan nan nan nan nan nan nan nan nan nan nan
          nan nan nan nan nan nan nan nan nan nan nan nan nan nan nan nan nan nan nan nan
          nan 1.6214112003962562 nan nan nan nan nan nan nan nan nan nan nan 1.7669548347084842 1.0334722726688323 nan nan nan nan nan
          nan nan nan nan nan nan nan nan nan nan nan nan nan nan nan nan nan nan nan nan
          nan nan nan nan nan nan nan nan nan nan nan nan nan nan nan nan nan nan nan nan
          nan nan nan nan nan nan nan nan nan nan nan nan nan nan nan nan nan nan 0.21990312635744366 nan
          nan nan nan nan nan nan 1.4236545431419414 0.7090379267499173 nan nan nan nan nan nan nan nan nan 1.7045337661490332 nan nan
          nan nan nan nan nan nan nan nan nan nan nan nan nan nan nan nan nan nan nan nan
          nan nan nan nan nan nan nan nan nan nan nan nan nan nan nan nan nan nan nan nan
          nan nan nan nan nan nan nan nan nan nan nan nan nan nan nan nan nan nan nan nan
          nan nan 1.027691220667375 0.8382022313631745 -0.07026302481432925 0.9822174904442298 1.2000139640022351 1.4424290303503553 1.071562279540988 nan nan 1.6279598467385912 1.611638050373493 nan nan nan nan nan nan nan
          1.8386913152414779 0.6938932211271156 nan nan nan nan nan nan nan nan nan nan nan nan nan nan nan nan nan nan
          nan nan nan nan nan nan nan nan nan nan nan nan nan nan nan nan nan nan nan nan
          nan nan nan nan nan nan nan nan nan nan nan nan nan nan nan nan nan nan nan nan
          nan nan nan nan nan nan nan 0.8389817026871466 1.1640613145708567 0.909810166809891 0.6718758471964894 nan nan nan nan nan -0.5439862653334694 1.4301288101116751 1.7152513467510435 0.5325309692059451
          1.1892280290318844 nan nan 1.6735052521716103 1.8077076107645078 nan nan nan nan nan nan nan nan nan nan nan nan nan nan nan
          nan nan nan nan nan nan nan nan nan nan nan nan nan nan nan nan nan nan nan nan
          nan nan nan nan nan nan nan nan nan nan nan nan nan nan nan nan nan nan nan nan
          nan nan nan nan nan nan nan 
        </DataArray>
        <DataArray type="Float64" Name="Drainflow" format="ascii">
          46.358699798583984 6.265535831451416 nan nan nan nan nan nan nan nan nan nan nan nan nan nan nan nan nan nan nan
          nan nan 30.69391441345215 47.50491714477539 23.9716739654541 nan nan nan nan nan nan nan nan nan nan nan nan nan nan nan
          nan nan nan nan nan nan nan nan nan nan nan nan nan nan nan nan nan nan nan nan
          nan nan nan nan nan nan nan nan nan nan nan nan nan nan nan nan nan nan nan nan
          67.40415954589844 nan nan 5.551696300506592 nan nan nan nan nan nan nan nan nan nan nan nan nan nan nan nan
          nan nan nan nan nan nan nan nan nan nan nan nan nan nan nan nan nan nan nan nan
          nan nan nan nan nan nan nan nan nan nan nan nan nan nan nan nan nan nan nan nan
          nan nan nan nan nan nan nan nan nan nan nan nan nan nan nan nan nan nan nan nan
          nan nan nan 84.14937591552734 nan nan nan nan nan nan nan nan nan nan nan nan nan nan nan nan
          nan nan nan nan nan nan nan nan nan nan nan nan nan nan nan nan nan nan nan nan
          nan nan nan nan nan nan nan nan nan nan nan nan nan nan nan nan nan nan nan nan
          nan nan nan nan nan nan nan nan nan nan nan nan nan nan nan nan nan nan nan nan
          nan nan nan nan nan 37.00937271118164 95.81265258789062 nan nan nan nan nan nan nan nan nan nan nan nan nan
          nan nan nan nan nan nan nan nan nan nan nan nan nan nan nan nan nan nan nan nan
          nan nan nan nan nan nan nan nan nan nan nan nan nan nan nan nan nan nan nan nan
          nan nan nan nan nan nan nan nan nan nan nan nan nan nan nan nan nan nan nan nan
          nan nan nan nan nan nan nan nan 176.56430053710938 89.39665222167969 nan nan nan nan nan nan nan nan nan nan
          nan nan nan nan nan nan nan nan nan nan nan nan nan nan nan nan nan nan nan nan
          nan nan nan nan nan nan nan nan nan nan nan nan nan nan nan nan nan nan nan nan
          nan nan nan nan nan nan nan nan nan nan nan nan nan nan nan nan nan nan nan nan
          nan nan nan nan nan nan nan 15.265613555908203 nan nan nan nan 71.65393829345703 nan nan nan nan nan nan nan
          nan nan nan nan nan nan nan nan nan nan nan nan nan nan nan nan nan nan nan nan
          nan nan nan nan nan nan nan nan nan nan nan nan nan nan nan nan nan nan nan nan
          nan nan nan nan nan nan nan nan nan nan nan nan nan nan nan nan nan nan nan nan
          nan nan nan nan nan nan nan 28.46001625061035 6.312273979187012 nan 30.650583267211914 21.02569580078125 30.888635635375977 90.35958099365234 nan nan nan nan nan nan
          nan nan nan nan nan nan nan nan nan nan nan nan nan nan nan nan nan nan nan nan
          nan nan nan nan nan nan nan nan nan nan nan nan nan nan nan nan nan nan nan nan
          nan nan nan nan nan nan nan nan nan nan nan nan nan nan nan nan nan nan nan nan
          nan nan nan nan nan nan nan nan 12.254798889160156 11.36220645904541 20.84861183166504 48.606658935546875 44.87776184082031 32.424068450927734 30.072065353393555 nan 45.439693450927734 36.05455017089844 nan nan
          nan nan nan nan nan nan nan nan nan nan nan nan nan nan nan nan nan nan nan nan
          nan nan nan nan nan nan nan nan nan nan nan nan nan nan nan nan nan nan nan nan
          nan nan nan nan nan nan nan nan nan nan nan nan nan nan nan nan nan nan nan nan
          nan nan nan nan nan nan nan nan nan nan nan nan nan 5.516513347625732 8.545614242553711 34.79865264892578 34.7915153503418 25.504140853881836 31.71200942993164 26.948040008544922
          3.422917127609253 nan nan nan nan nan nan nan nan nan nan nan nan nan nan nan nan nan nan nan
          nan nan nan nan nan nan nan nan nan nan nan nan nan nan nan nan nan nan nan nan
          nan nan nan nan nan nan nan nan nan nan nan nan nan nan nan nan nan nan nan nan
          nan nan nan nan nan nan nan nan nan nan nan nan nan nan nan nan 7.503905773162842 25.518356323242188 15.76733112335205 nan
          nan nan nan 22.671173095703125 13.310263633728027 nan nan nan nan nan nan nan nan nan nan nan nan nan nan nan
          nan nan nan nan nan nan nan nan nan nan nan nan nan nan nan nan nan nan nan nan
          nan nan nan nan nan nan nan nan nan nan nan nan nan nan nan nan nan nan nan nan
          nan nan nan nan nan nan nan nan nan nan nan nan nan nan nan nan nan nan nan 31.048477172851562
          nan 1.8279191255569458 8.30479621887207 nan 6.15569543838501 nan 18.79604148864746 nan nan nan nan nan nan nan nan nan nan nan nan nan
          nan nan nan nan nan nan nan nan nan nan nan nan nan nan nan nan nan nan nan nan
          nan nan nan nan nan nan nan nan nan nan nan nan nan nan nan nan nan nan nan nan
          nan nan nan nan nan nan nan nan nan nan nan nan nan nan nan nan nan nan nan nan
          nan nan 2.4054956436157227 8.318868637084961 nan nan nan nan nan 14.347318649291992 39.876766204833984 10.604718208312988 nan nan nan nan nan nan nan nan
          nan nan nan nan nan nan nan nan nan nan nan nan nan nan nan nan nan nan nan nan
          nan nan nan nan nan nan nan nan nan nan nan nan nan nan nan nan nan nan nan nan
          nan nan nan nan nan nan nan nan nan nan nan nan nan nan nan nan nan nan nan nan
          nan nan nan nan nan nan nan nan nan nan nan nan nan 13.691543579101562 29.744384765625 21.47380828857422 nan nan nan nan
          nan 7.399501323699951 nan nan nan nan nan nan nan nan nan nan nan nan nan nan nan nan nan nan
          nan nan nan nan nan nan nan nan nan nan nan nan nan nan nan nan nan nan nan nan
          nan nan nan nan nan nan nan nan nan nan nan nan nan nan nan nan nan nan nan nan
          nan nan nan nan nan nan nan nan nan nan nan nan nan nan nan nan nan 10.932573318481445 5.532825946807861 nan
          nan nan nan nan nan nan nan nan nan nan nan nan nan nan nan nan nan nan nan nan
          nan nan nan nan nan nan nan nan nan nan nan nan nan nan nan nan nan nan nan nan
          nan nan nan nan nan nan nan nan nan nan nan nan nan nan nan nan nan nan nan nan
          nan nan nan nan nan nan nan nan nan nan nan nan nan nan nan nan nan nan nan nan
          nan nan nan nan nan nan nan nan nan nan nan nan nan nan nan nan nan nan nan nan
          nan nan nan nan nan nan nan nan nan nan nan nan nan nan nan nan nan nan nan nan
          nan nan nan nan nan nan nan nan nan nan nan nan nan nan nan nan nan nan nan nan
          nan nan nan nan nan nan nan nan nan nan nan nan nan nan nan nan nan nan nan nan
          nan nan nan nan nan nan nan nan nan nan nan nan nan nan nan nan nan nan nan nan
          nan nan nan nan nan nan nan nan nan nan nan nan nan nan nan nan nan nan nan nan
          nan nan nan nan nan nan nan nan nan nan nan nan nan nan nan nan nan nan nan nan
          nan nan nan nan nan nan nan nan nan nan nan nan nan nan nan nan nan nan nan nan
          nan nan nan nan nan nan nan nan nan nan nan 18.238977432250977 nan nan nan nan nan nan nan nan
          nan nan nan nan nan nan nan nan nan nan nan nan nan nan nan nan nan nan nan nan
          nan nan nan nan nan nan nan nan nan nan nan nan nan nan nan nan nan nan nan nan
          nan nan nan nan nan nan nan nan nan nan nan nan nan nan nan nan nan nan nan nan
          nan nan nan nan nan nan nan nan nan nan nan nan nan nan nan 5.73303747177124 nan nan nan nan
          nan nan nan nan nan nan nan nan nan nan nan nan nan nan nan nan nan nan nan nan
          nan nan nan nan nan nan nan nan nan nan nan nan nan nan nan nan nan nan nan nan
          nan nan nan nan nan nan nan nan nan nan nan nan nan nan nan nan nan nan nan nan
          nan nan nan nan nan nan nan nan nan nan nan nan nan nan nan nan nan nan nan nan
          nan nan nan nan nan nan nan nan nan nan nan nan nan nan nan nan nan nan nan nan
          nan nan nan nan nan nan nan nan nan nan nan nan nan nan nan nan nan nan nan nan
          nan nan nan nan nan nan nan nan nan nan nan nan nan nan nan nan nan nan nan nan
          nan nan nan nan nan nan nan nan nan nan nan nan nan nan nan nan nan nan nan nan
          nan nan nan nan nan nan nan nan nan nan nan nan nan nan nan nan nan nan nan nan
          nan nan nan nan nan nan nan nan nan nan nan nan nan nan nan nan nan nan nan nan
          nan nan nan nan nan nan nan nan nan nan nan nan nan nan nan nan nan nan nan nan
          nan nan nan nan nan nan nan nan nan nan nan nan nan nan nan nan nan nan nan nan
          nan nan nan nan nan nan nan nan nan nan nan nan nan nan nan nan nan nan nan nan
          nan nan nan nan nan nan nan nan nan nan nan nan nan nan nan nan nan nan nan nan
          nan nan nan nan nan nan nan nan nan nan nan nan nan nan nan nan nan nan nan nan
          nan nan nan nan nan nan nan nan nan nan nan nan nan nan nan nan nan nan nan nan
          nan nan nan nan nan nan nan nan nan nan nan nan nan nan nan nan nan nan nan nan
          nan nan nan nan nan nan nan nan nan nan nan nan nan nan nan nan nan nan nan nan
          nan nan nan nan nan nan nan nan nan nan nan nan nan nan nan nan nan nan nan nan
          nan nan nan nan nan nan nan nan nan nan nan nan nan nan nan nan nan nan nan nan
          nan nan nan nan nan nan nan nan nan nan nan nan nan nan nan nan nan nan nan nan
          nan nan nan nan nan nan nan nan nan nan nan nan nan nan nan nan nan nan nan nan
          nan nan nan nan nan nan nan nan nan nan nan nan nan nan nan nan nan nan nan nan
          nan nan nan nan nan nan nan nan nan nan nan nan nan nan nan nan nan nan nan nan
          nan nan nan nan nan nan nan nan nan nan nan nan nan nan nan nan nan nan nan nan
          nan nan nan nan nan nan nan nan nan nan nan nan nan nan nan nan nan nan nan nan
          nan nan nan nan nan nan nan nan nan nan nan nan nan nan nan nan nan nan nan nan
          nan nan nan nan nan nan nan nan nan nan nan nan nan nan nan nan nan nan nan nan
          nan nan nan nan nan nan nan nan nan nan nan nan nan nan nan nan nan nan nan nan
          nan nan nan nan nan nan nan nan nan nan nan nan nan nan nan nan nan nan nan nan
          nan nan nan nan nan nan nan nan nan nan nan nan nan nan nan nan nan nan nan nan
          nan nan nan nan nan nan nan nan nan nan nan nan nan nan nan nan nan nan nan nan
          nan nan nan nan nan nan nan nan nan nan nan nan nan nan nan nan nan nan nan nan
          nan nan nan nan nan nan nan nan nan nan nan nan nan nan nan nan nan nan nan nan
          nan nan nan nan nan nan nan nan nan nan nan nan nan nan nan nan nan nan nan nan
          nan nan nan nan nan nan nan nan nan nan nan nan nan nan nan nan nan nan nan nan
          nan nan nan nan nan nan nan nan nan nan nan nan nan nan nan nan nan nan nan nan
          nan nan nan nan nan nan nan nan nan nan nan nan nan nan nan nan nan nan nan nan
          nan nan nan nan nan nan nan nan nan nan nan nan nan nan nan nan nan nan nan nan
          nan nan nan nan nan nan nan nan nan nan nan nan nan nan nan nan nan nan nan nan
          nan nan nan nan nan nan nan nan nan nan nan nan nan nan nan nan nan nan nan nan
          nan nan nan nan nan nan nan nan nan nan nan nan nan nan nan nan nan nan nan nan
          nan nan nan nan nan nan nan nan nan nan nan nan nan nan nan nan nan nan nan nan
          nan nan nan nan nan nan nan nan nan nan nan nan nan nan nan nan nan nan nan nan
          nan nan nan nan nan nan nan nan nan nan nan nan nan nan 6.487222671508789 0.43891236186027527 nan nan nan nan
          nan nan nan nan nan nan nan nan nan nan nan nan nan nan nan nan nan nan nan nan
          nan nan nan nan nan nan nan nan nan nan nan nan nan nan nan nan nan nan nan nan
          18.557912826538086 nan nan nan nan nan nan nan nan nan nan nan nan nan nan nan nan nan nan nan
          nan nan nan nan nan nan nan nan nan nan nan nan nan nan nan nan nan nan 39.95164108276367 nan
          nan nan nan nan nan nan nan nan nan nan nan nan nan nan nan nan nan nan nan nan
          nan nan nan nan nan nan nan nan nan nan nan nan nan nan nan nan nan nan nan nan
          nan nan nan nan 32.96546173095703 nan nan nan nan nan nan nan nan nan nan nan nan nan nan nan
          nan nan nan nan nan nan nan nan nan nan nan nan nan nan nan nan nan nan nan nan
          nan nan nan nan nan nan nan nan nan nan nan nan nan nan nan nan nan nan nan nan
          nan nan nan nan nan nan nan nan nan nan nan nan nan nan nan nan nan nan nan nan
          nan nan nan nan nan nan nan 10.736183166503906 27.506649017333984 nan nan nan nan nan nan nan nan nan nan nan
          nan nan nan nan nan nan nan nan nan nan nan nan nan nan nan nan nan nan nan nan
          nan nan nan nan nan nan nan 6.218545436859131 nan nan nan nan nan nan nan nan nan nan nan nan
          nan nan nan nan nan nan nan nan nan nan nan nan nan nan nan nan nan nan nan nan
          nan nan nan nan nan nan nan nan nan nan nan 47.114662170410156 1.648300290107727 nan nan nan nan nan nan nan
          nan nan nan nan nan nan nan nan nan nan nan nan nan nan nan nan nan nan nan nan
          nan nan nan nan nan nan nan nan nan nan nan 7.99613094329834 nan nan nan nan nan nan nan nan
          nan nan nan nan nan nan nan nan nan nan nan nan nan nan nan nan nan nan nan nan
          nan nan nan nan nan nan nan nan nan nan nan nan nan nan 19.157730102539062 nan nan nan nan nan
          nan nan nan nan nan nan nan nan nan nan nan nan nan nan nan nan nan nan nan nan
          nan nan nan nan nan nan nan nan nan nan nan nan nan nan nan 12.533599853515625 nan nan nan nan
          nan nan nan nan nan nan nan nan nan nan nan nan nan nan nan nan nan nan nan nan
          nan nan nan nan nan nan nan nan nan nan nan nan nan nan nan nan nan nan 13.482817649841309 nan
          nan nan nan nan nan nan nan nan nan nan nan nan nan nan nan nan nan nan nan nan
          nan nan nan nan nan nan nan nan nan nan nan nan nan nan nan nan nan nan nan 44.12245178222656
          nan nan nan nan nan nan nan nan nan nan nan nan nan nan nan nan nan nan nan nan
          nan nan nan nan nan nan nan nan nan nan nan nan nan nan nan nan nan nan nan nan
          nan nan nan nan nan nan nan nan nan nan nan nan nan nan nan nan nan nan nan nan
          nan nan nan nan nan nan nan nan nan nan nan nan nan nan nan nan nan nan nan nan
          nan nan 3.972646713256836 29.893272399902344 nan nan nan nan nan nan nan nan nan nan nan nan nan nan nan nan
          nan nan nan nan nan nan nan nan nan nan nan nan nan nan nan nan nan nan nan nan
          nan nan nan nan nan nan nan nan nan nan nan nan nan nan nan nan nan nan nan nan
          nan nan nan nan nan nan nan nan nan nan nan nan nan nan nan nan nan nan nan nan
          nan nan nan nan nan 3.7779903411865234 44.31684875488281 nan nan nan nan nan nan nan nan nan nan nan nan nan
          nan nan nan nan nan nan nan nan nan nan nan nan nan nan nan nan nan nan nan nan
          nan nan 20.79253387451172 nan nan nan nan nan 23.783143997192383 nan nan nan nan nan nan nan nan nan nan nan
          nan nan nan nan nan nan nan nan nan nan nan nan nan nan nan nan nan nan nan nan
          nan nan nan nan nan nan nan 19.388704299926758 nan 20.118101119995117 37.29719161987305 45.410133361816406 nan nan nan nan nan nan nan nan
          nan nan nan nan nan nan nan nan nan nan nan nan nan nan nan nan nan nan nan nan
          nan nan nan nan nan 0.6591170430183411 33.27938461303711 nan nan nan nan nan 39.6369743347168 nan nan nan nan nan nan nan
          nan nan nan nan nan nan nan nan nan nan nan nan nan nan nan nan nan nan nan nan
          nan nan nan nan nan nan nan nan nan nan nan nan 16.681474685668945 3.072770833969116 6.763338565826416 53.35797882080078 nan nan nan nan
          nan nan nan nan nan nan nan nan nan nan nan nan nan nan nan nan nan nan nan nan
          nan nan nan nan nan nan nan nan nan 3.3655033111572266 25.08222198486328 nan nan nan nan nan 22.143033981323242 nan nan nan
          nan nan nan nan nan nan nan nan nan nan nan nan nan nan nan nan nan nan nan nan
          nan nan nan nan nan nan nan nan nan nan nan nan nan nan nan nan nan 8.22292423248291 39.7829475402832 47.96672058105469
          14.678696632385254 nan nan nan nan nan nan nan nan nan nan nan nan nan nan nan nan nan nan nan
          nan nan nan nan nan nan nan nan nan nan nan nan nan 2.1157782077789307 nan nan nan nan nan 15.2025146484375
          nan nan nan nan nan nan nan nan nan nan nan nan nan nan nan nan nan nan nan nan
          nan nan nan nan nan nan nan nan nan nan nan nan nan nan nan nan nan nan nan nan
          nan 18.414705276489258 40.97087478637695 nan nan nan nan nan nan nan nan nan nan nan nan nan nan nan nan nan
          nan nan nan nan nan nan nan nan nan nan nan nan nan nan nan nan nan nan nan nan
          nan nan 16.421459197998047 24.559528350830078 nan nan nan nan nan nan nan nan nan nan nan nan nan nan nan nan
          nan nan nan nan nan nan nan nan nan nan nan nan nan nan nan nan nan nan nan nan
          nan nan nan nan nan 34.37607192993164 16.88323402404785 nan nan nan nan nan nan nan nan nan nan nan nan nan
          nan nan nan nan nan nan nan nan nan nan nan nan nan nan nan nan nan nan nan nan
          nan nan nan nan 16.72008514404297 nan 26.854923248291016 nan nan nan nan nan nan nan nan nan nan nan nan nan
          nan nan nan nan nan nan nan nan nan nan nan nan nan nan nan nan nan nan nan nan
          nan nan nan nan nan nan nan nan 2.974881649017334 57.05308151245117 nan nan nan nan nan nan nan nan nan nan
          nan nan nan nan nan nan nan nan nan nan nan nan nan nan nan nan nan nan nan nan
          nan nan nan nan nan nan nan nan 13.245388984680176 59.352088928222656 14.23843002319336 nan nan nan nan nan nan nan nan nan
          nan nan nan nan nan nan nan nan nan nan nan nan nan nan nan nan nan nan nan nan
          nan 10.444357872009277 nan nan nan nan nan nan nan nan nan nan 20.39781379699707 39.630027770996094 nan nan nan nan 33.36069107055664 nan
          nan nan nan nan nan nan nan nan nan nan nan nan nan nan nan nan nan nan nan nan
          nan nan nan nan nan nan nan nan nan nan nan nan nan 5.255251884460449 nan nan nan nan nan nan
          nan nan nan nan nan nan nan nan nan nan nan nan nan nan nan nan nan nan nan nan
          nan nan nan nan 14.525677680969238 41.90266799926758 nan nan nan nan nan nan nan nan nan nan 11.786718368530273 21.437515258789062 nan nan
          2.7838010787963867 23.748260498046875 nan nan nan nan nan nan nan nan nan nan nan nan nan nan nan nan nan nan
          nan nan nan nan nan nan nan nan nan nan nan nan nan nan nan nan nan nan nan nan
          nan nan nan nan nan nan nan nan nan nan nan nan nan nan nan nan nan nan nan nan
          nan nan nan nan nan nan nan nan nan 8.942183494567871 35.71266555786133 nan nan nan nan nan nan nan 12.398791313171387 58.81710433959961
          29.54450035095215 34.9754753112793 32.51426696777344 47.83207321166992 27.00273895263672 nan nan nan nan nan nan nan nan nan nan nan nan nan nan nan
          nan nan nan nan nan nan nan nan nan nan nan nan nan nan nan nan nan nan nan nan
          nan 21.358230590820312 36.045196533203125 nan nan nan nan nan nan nan nan nan nan nan nan nan nan nan nan nan
          nan nan nan nan nan nan nan nan nan nan nan nan nan nan 12.071697235107422 10.36571216583252 nan nan nan nan
          nan 33.661720275878906 46.764060974121094 40.35150146484375 49.12783432006836 2.604731798171997 nan 20.05546760559082 67.76612854003906 31.65772247314453 nan nan nan nan nan nan nan nan nan nan
          nan nan nan nan nan nan nan nan nan nan nan nan nan nan nan nan nan nan nan nan
          nan nan nan nan nan 5.50424337387085 1.5486512184143066 nan nan nan nan nan nan nan nan nan nan nan nan nan
          nan nan nan nan nan nan nan nan nan nan nan nan nan nan nan nan nan nan 2.8625950813293457 nan
          nan 109.82445526123047 148.1510467529297 69.85723114013672 nan 39.397125244140625 56.017276763916016 nan nan nan nan nan 15.62912368774414 40.06679153442383 60.12760925292969 2.4598779678344727 nan nan nan nan
          nan nan nan nan nan nan nan nan nan nan nan nan nan nan nan nan nan nan nan nan
          nan nan nan nan nan nan nan nan nan 3.8356456756591797 nan nan nan nan nan nan nan nan nan nan
          nan nan nan nan nan nan nan nan nan nan nan nan nan nan nan nan nan nan nan nan
          nan nan nan nan 128.6746368408203 nan nan nan 11.241250991821289 18.202167510986328 nan nan nan nan nan nan nan nan 26.08366584777832 55.058929443359375
          17.061983108520508 nan nan nan nan nan nan nan nan nan nan nan nan nan nan nan nan nan nan nan
          nan nan nan nan nan nan nan nan nan nan nan nan nan 10.075551986694336 nan nan nan nan nan nan
          nan nan nan nan nan nan nan nan nan nan nan nan nan nan nan nan nan nan nan nan
          nan nan nan nan nan nan 5.591783046722412 nan nan nan nan nan 1.7817527055740356 nan nan nan nan nan nan nan
          nan nan nan nan 8.113123893737793 nan nan nan nan nan nan nan nan nan nan nan nan nan nan nan
          nan nan nan nan nan nan nan nan nan nan nan nan nan nan nan nan nan 12.173884391784668 nan nan
          nan nan nan nan nan nan nan nan nan nan nan nan nan nan nan nan nan nan nan nan
          nan nan nan nan nan nan nan nan nan 57.87871170043945 51.93910598754883 11.125956535339355 6.731047630310059 nan nan nan nan nan nan nan
          nan nan nan nan nan nan nan nan 6.766351222991943 nan nan nan nan nan nan nan nan nan nan nan
          nan nan nan nan nan nan nan nan nan nan nan nan nan nan nan nan nan nan nan nan
          nan 17.246417999267578 11.868193626403809 nan nan nan nan nan nan nan nan nan nan nan nan nan nan nan nan nan
          nan nan nan nan nan nan nan nan nan nan nan nan nan 73.88201904296875 49.75934982299805 nan nan nan nan nan
          nan nan nan nan nan nan nan nan nan nan nan nan nan nan nan nan nan nan nan nan
          nan nan nan nan nan nan nan nan nan nan nan nan nan nan nan nan nan nan nan nan
          nan nan nan nan nan nan 5.481414318084717 nan nan nan nan nan nan nan nan nan nan nan nan nan
          nan nan nan nan nan nan nan nan nan nan nan nan nan nan nan nan 36.45054244995117 27.577865600585938 0.8543412089347839 nan
          nan nan nan nan nan nan nan nan nan nan nan nan nan nan nan nan nan nan nan nan
          nan nan nan nan nan nan nan nan nan nan nan nan nan nan nan nan nan nan nan nan
          nan nan nan nan nan nan nan nan nan 7.269842147827148 nan nan nan nan nan nan nan nan nan nan
          nan nan nan nan nan nan nan nan nan nan nan nan nan nan nan nan nan nan nan 70.33787536621094
          29.436725616455078 nan nan nan nan nan nan nan nan nan nan nan nan nan nan nan nan nan nan nan
          nan nan nan nan nan nan nan nan nan nan nan nan nan nan nan nan nan nan nan nan
          nan nan nan nan nan nan nan nan nan nan nan nan nan nan nan nan nan nan nan nan
          nan nan nan nan nan nan nan nan nan nan nan nan nan nan nan nan nan nan nan nan
          nan nan 73.51271057128906 41.26798629760742 nan nan nan nan nan nan nan nan nan nan nan nan nan nan nan nan
          nan nan nan nan nan nan nan nan nan nan nan nan nan nan nan nan nan nan nan nan
          nan nan nan nan nan nan nan nan nan nan nan nan nan nan nan nan nan nan nan nan
          nan nan nan nan nan nan nan nan nan nan nan nan nan nan nan nan nan nan nan nan
          nan nan nan nan 1.5069546699523926 73.14984130859375 34.605621337890625 nan nan nan nan nan nan nan nan nan nan nan nan nan
          nan nan nan nan nan nan nan nan nan nan nan nan nan nan nan nan nan nan nan nan
          nan nan nan nan nan nan nan nan nan nan nan nan nan nan nan nan nan nan nan nan
          nan nan nan nan nan nan nan nan nan nan nan nan nan nan nan nan nan nan nan nan
          nan nan nan nan nan nan nan 32.6403694152832 43.6402473449707 39.085105895996094 nan nan nan nan nan nan nan nan nan nan
          nan nan nan nan nan nan nan nan nan nan nan nan nan nan nan nan nan nan nan nan
          nan nan nan nan nan nan nan nan nan nan nan nan nan nan nan nan nan nan nan nan
          nan nan nan nan nan 1.8309060335159302 nan nan nan nan nan nan nan nan nan nan nan nan nan nan
          nan nan nan nan nan nan nan nan nan nan 8.948332786560059 60.62314224243164 28.01230812072754 nan nan nan nan nan nan nan
          nan nan nan nan nan nan nan nan nan nan nan nan nan nan nan nan nan nan nan nan
          nan nan nan nan nan nan nan nan nan nan nan nan nan nan nan nan nan nan nan nan
          nan nan nan nan nan nan 9.656238555908203 nan nan 35.31685256958008 nan nan nan nan nan nan nan nan nan nan
          nan nan nan nan nan nan nan nan nan nan nan nan 0.41113966703414917 nan 49.279945373535156 25.8806209564209 nan nan nan nan
          nan nan nan nan nan nan nan nan nan nan nan nan nan nan nan nan nan nan nan nan
          nan nan nan nan nan nan nan nan nan nan nan nan nan nan nan nan nan nan nan nan
          nan nan nan nan nan nan nan nan nan nan 25.36151885986328 nan nan 15.983359336853027 nan nan nan nan nan nan
          nan nan nan nan nan nan nan nan nan nan nan nan nan nan nan 2.752063512802124 21.733095169067383 41.7941780090332 49.5309944152832 nan
          nan nan nan nan nan nan nan nan nan nan nan nan nan nan nan nan nan nan nan nan
          nan nan nan nan nan nan nan nan nan nan nan nan nan nan nan nan nan nan nan nan
          nan nan nan nan nan nan nan nan nan nan nan nan nan nan nan nan nan 7.749100208282471 nan nan
          nan nan nan nan nan nan nan nan nan nan nan nan nan nan nan nan nan nan nan 10.716241836547852
          57.21918869018555 53.26005935668945 nan nan nan nan nan nan nan nan nan nan nan nan nan nan nan nan nan nan
          nan nan nan nan nan nan nan nan nan nan nan nan nan nan nan nan nan nan nan nan
          nan nan nan nan nan nan nan nan nan nan nan nan nan nan nan nan nan nan 26.272184371948242 nan
          nan nan nan nan nan nan nan nan nan nan nan nan nan nan nan nan nan nan nan nan
          nan nan nan nan 14.069583892822266 40.9995231628418 nan nan nan nan nan nan nan nan nan nan nan nan nan nan
          nan nan nan nan nan nan nan nan nan nan nan nan nan nan nan nan nan nan nan nan
          nan nan nan nan nan nan nan nan nan nan nan nan nan nan nan nan nan nan nan nan
          nan nan 7.662450790405273 nan nan nan nan nan nan nan nan nan nan nan nan nan nan nan nan nan
          nan nan nan nan nan nan 10.625033378601074 51.436614990234375 nan nan nan nan nan nan nan nan nan nan nan nan
          nan nan nan nan nan nan nan nan nan nan nan nan nan nan nan nan nan nan nan nan
          nan nan nan nan nan nan nan nan nan nan nan nan nan nan nan nan nan nan nan nan
          nan nan nan nan nan nan nan nan nan 21.506269454956055 nan nan nan nan nan nan nan nan nan nan
          nan nan nan nan nan nan nan nan nan nan 2.5328128337860107 30.201196670532227 43.20466613769531 nan nan nan nan nan nan nan
          nan nan nan nan nan nan nan nan nan nan nan nan nan nan nan nan nan nan nan nan
          nan nan nan nan nan nan nan nan nan nan nan nan nan nan nan nan nan nan nan nan
          nan nan nan nan nan nan nan nan nan nan 43.371437072753906 nan nan 5.827286243438721 nan nan nan nan nan nan
          nan nan nan nan nan nan nan nan nan nan nan nan 5.678509712219238 nan 11.343608856201172 73.91193389892578 nan nan nan nan
          nan nan nan nan nan nan nan nan nan nan nan nan nan nan nan nan nan nan nan nan
          nan nan nan nan nan nan nan nan nan nan nan nan nan nan nan nan nan nan nan nan
          nan nan nan nan nan nan nan nan nan nan nan nan nan nan 29.853670120239258 nan nan 12.69692611694336 nan nan
          nan nan nan nan nan nan nan nan nan nan nan nan nan nan nan 1.237839937210083 6.737011432647705 3.116899251937866 39.741493225097656 8.735758781433105
          nan nan nan nan nan nan nan nan nan nan nan nan nan nan nan nan nan nan nan nan
          nan nan nan nan nan nan nan nan nan nan nan nan nan nan nan nan nan nan nan nan
          nan nan nan nan nan nan nan nan nan nan nan nan nan nan nan nan nan 15.361773490905762 26.682884216308594 nan
          nan 2.874687433242798 nan nan nan nan nan nan nan nan nan nan nan nan nan nan nan nan nan 7.521332740783691
          9.243240356445312 13.024369239807129 40.783653259277344 1.4542328119277954 16.98741912841797 nan nan nan nan nan nan nan nan nan nan nan nan nan nan nan
          nan nan nan nan nan nan nan nan nan nan nan nan nan nan nan nan nan nan nan nan
          nan nan nan nan nan nan nan nan nan nan nan nan nan nan nan nan nan nan nan nan
          nan nan 7.861288547515869 nan nan 12.614091873168945 nan nan nan nan nan nan nan nan nan nan nan nan nan nan
          nan nan nan 3.409571886062622 19.072561264038086 38.704010009765625 nan nan nan nan nan nan nan nan nan nan nan nan nan nan
          nan nan nan nan nan nan nan nan nan nan nan nan nan nan nan nan nan nan nan nan
          nan nan nan nan nan nan nan nan nan nan nan nan nan nan nan nan nan nan nan nan
          nan nan nan nan nan nan 23.419322967529297 nan nan nan nan nan nan nan nan nan nan nan nan nan
          nan nan nan nan nan nan nan nan 31.32600212097168 nan 22.99045181274414 nan 16.287500381469727 nan nan nan nan nan nan nan
          nan nan nan nan nan nan nan nan nan nan nan nan nan nan nan nan nan nan nan nan
          nan nan nan nan nan nan nan nan nan nan nan nan nan nan nan nan nan nan nan nan
          nan nan nan nan nan nan nan nan nan nan nan nan nan nan nan nan nan nan nan nan
          nan nan nan nan nan nan nan nan nan nan nan 9.074544906616211 17.2954044342041 nan 30.653539657592773 84.98075103759766 nan nan nan nan
          nan nan nan nan nan nan nan nan nan nan nan nan nan nan nan nan nan nan nan nan
          nan nan nan nan nan nan nan nan nan nan nan nan nan nan nan nan nan nan nan nan
          nan nan nan nan nan nan nan nan nan nan nan nan nan nan nan nan nan nan 12.05743408203125 nan
          nan nan nan nan nan nan nan nan nan nan nan nan nan nan nan nan nan 16.179567337036133 70.51338195800781 nan
          nan nan nan nan nan nan nan nan nan nan nan nan nan nan nan nan nan nan nan nan
          nan nan nan nan nan nan nan nan nan nan nan nan nan nan nan nan nan nan nan nan
          nan nan nan nan nan nan nan nan nan nan nan nan nan nan nan nan nan nan nan nan
          nan nan 7.404967308044434 nan nan nan nan nan nan nan nan nan nan nan nan nan nan nan nan 7.352977275848389
          8.682042121887207 nan 75.50599670410156 nan nan nan nan nan nan nan nan nan nan nan nan nan nan nan nan nan
          nan nan nan nan nan nan nan nan nan nan nan nan nan nan nan nan nan nan nan nan
          nan nan nan nan nan nan nan nan nan nan nan nan nan nan nan nan nan nan nan nan
          nan nan nan nan nan nan nan 32.20665740966797 10.22883129119873 nan nan nan nan nan nan nan nan nan nan nan
          nan nan nan nan nan nan 62.411964416503906 nan nan nan nan nan nan nan nan nan nan nan nan nan
          nan nan nan nan nan nan nan nan nan nan nan nan nan nan nan nan nan nan nan nan
          nan nan nan nan nan nan nan nan nan nan nan nan nan nan nan nan nan nan nan nan
          nan nan nan nan nan nan nan nan nan nan nan nan nan nan nan 11.425642013549805 6.070285320281982 3.0864386558532715 nan nan
          nan nan nan nan nan nan nan nan nan 48.09254455566406 38.322959899902344 nan nan nan nan nan nan nan nan nan
          nan nan nan nan nan nan nan nan nan nan nan nan nan nan nan nan nan nan nan nan
          nan nan nan nan nan nan nan nan nan nan nan nan nan nan nan nan nan nan nan nan
          nan nan nan nan nan nan nan nan nan nan nan nan nan nan nan nan nan nan nan nan
          nan 41.82261657714844 nan nan nan nan nan nan nan nan nan nan nan 58.47292709350586 10.801206588745117 nan nan nan nan nan
          nan nan nan nan nan nan nan nan nan nan nan nan nan nan nan nan nan nan nan nan
          nan nan nan nan nan nan nan nan nan nan nan nan nan nan nan nan nan nan nan nan
          nan nan nan nan nan nan nan nan nan nan nan nan nan nan nan nan nan nan 1.6592167615890503 nan
          nan nan nan nan nan nan 26.524948120117188 5.117265224456787 nan nan nan nan nan nan nan nan nan 50.64467239379883 nan nan
          nan nan nan nan nan nan nan nan nan nan nan nan nan nan nan nan nan nan nan nan
          nan nan nan nan nan nan nan nan nan nan nan nan nan nan nan nan nan nan nan nan
          nan nan nan nan nan nan nan nan nan nan nan nan nan nan nan nan nan nan nan nan
          nan nan 10.658380508422852 6.889730453491211 0.8506227135658264 9.598812103271484 15.849441528320312 27.69676399230957 11.791316032409668 nan nan 42.458030700683594 40.891971588134766 nan nan nan nan nan nan nan
          68.97493743896484 4.941891670227051 nan nan nan nan nan nan nan nan nan nan nan nan nan nan nan nan nan nan
          nan nan nan nan nan nan nan nan nan nan nan nan nan nan nan nan nan nan nan nan
          nan nan nan nan nan nan nan nan nan nan nan nan nan nan nan nan nan nan nan nan
          nan nan nan nan nan nan nan 6.902107238769531 14.590202331542969 8.12475299835205 4.697597980499268 nan nan nan nan nan 0.2857680916786194 26.92333221435547 51.910037994384766 3.4082462787628174
          15.460659980773926 nan nan 47.152557373046875 64.22551727294922 nan nan nan nan nan nan nan nan nan nan nan nan nan nan nan
          nan nan nan nan nan nan nan nan nan nan nan nan nan nan nan nan nan nan nan nan
          nan nan nan nan nan nan nan nan nan nan nan nan nan nan nan nan nan nan nan nan
          nan nan nan nan nan nan nan 
        </DataArray>
        <DataArray type="Float64" Name="Surfaceflow_log" format="ascii">
          1.7647433 0.7969582 nan nan nan nan nan nan nan nan nan nan nan nan nan nan nan nan nan nan nan
          nan nan 1.4870522 2.0093255 1.3796984 nan nan nan nan nan nan nan nan nan nan nan nan nan nan nan
          nan nan nan nan nan nan nan nan nan nan nan nan nan nan nan nan nan nan nan nan
          nan nan nan nan nan nan nan nan nan nan nan nan nan nan nan nan nan nan nan nan
          1.8286867 nan nan 0.7444257 nan nan nan nan nan nan nan nan nan nan nan nan nan nan nan nan
          nan nan nan nan nan nan nan nan nan nan nan nan nan nan nan nan nan nan nan nan
          nan nan nan nan nan nan nan nan nan nan nan nan nan nan nan nan nan nan nan nan
          nan nan nan nan nan nan nan nan nan nan nan nan nan nan nan nan nan nan nan nan
          nan nan nan 3.214138 nan nan nan nan nan nan nan nan nan nan nan nan nan nan nan nan
          nan nan nan nan nan nan nan nan nan nan nan nan nan nan nan nan nan nan nan nan
          nan nan nan nan nan nan nan nan nan nan nan nan nan nan nan nan nan nan nan nan
          nan nan nan nan nan nan nan nan nan nan nan nan nan nan nan nan nan nan nan nan
          nan nan nan nan nan 1.5683117 3.1719553 nan nan nan nan nan nan nan nan nan nan nan nan nan
          nan nan nan nan nan nan nan nan nan nan nan nan nan nan nan nan nan nan nan nan
          nan nan nan nan nan nan nan nan nan nan nan nan nan nan nan nan nan nan nan nan
          nan nan nan nan nan nan nan nan nan nan nan nan nan nan nan nan nan nan nan nan
          nan nan nan nan nan nan nan nan 3.1015973 3.1312852 nan nan nan nan nan nan nan nan nan nan
          nan nan nan nan nan nan nan nan nan nan nan nan nan nan nan nan nan nan nan nan
          nan nan nan nan nan nan nan nan nan nan nan nan nan nan nan nan nan nan nan nan
          nan nan nan nan nan nan nan nan nan nan nan nan nan nan nan nan nan nan nan nan
          nan nan nan nan nan nan nan 1.1837143 nan nan 3.0034375 3.0034375 1.8979207 nan nan nan nan nan nan nan
          nan nan nan nan nan nan nan nan nan nan nan nan nan nan nan nan nan nan nan nan
          nan nan nan nan nan nan nan nan nan nan nan nan nan nan nan nan nan nan nan nan
          nan nan nan nan nan nan nan nan nan nan nan nan nan nan nan nan nan nan nan nan
          nan nan nan nan nan nan nan 1.4542352 0.80018586 nan 1.4864388 2.7280405 2.9452384 3.0034375 nan 0.8692025 nan nan nan nan
          nan nan nan nan nan nan nan nan nan nan nan nan nan nan nan nan nan nan nan nan
          nan nan nan nan nan nan nan nan nan nan nan nan nan nan nan nan nan nan nan nan
          nan nan nan nan nan nan nan nan nan nan nan nan nan nan nan nan nan nan nan nan
          nan nan nan nan nan nan nan nan 1.0883062 1.3732249 1.6480243 1.9688203 2.4880726 2.5905006 2.683891 nan 2.478226 1.5569601 nan 0.8692025
          nan nan nan nan nan nan nan nan nan nan nan nan nan nan nan nan nan nan nan nan
          nan nan nan nan nan nan nan nan nan nan nan nan nan nan nan nan nan nan nan nan
          nan nan nan nan nan nan nan nan nan nan nan nan nan nan nan nan nan nan nan nan
          nan nan nan nan nan nan nan nan nan nan nan nan nan 0.74166465 1.9486928 2.149992 1.6344402 1.4066107 1.578269 2.3776546
          1.2235785 nan nan 0.8692025 nan nan nan nan nan nan nan nan nan nan nan nan nan nan nan nan
          nan nan nan nan nan nan nan nan nan nan nan nan nan nan nan nan nan nan nan nan
          nan nan nan nan nan nan nan nan nan nan nan nan nan nan nan nan nan nan nan nan
          nan nan nan nan nan nan nan nan nan nan nan nan nan nan nan nan 1.6123375 1.8738732 1.2453954 0.919329
          nan 0.78927714 nan 2.3256042 1.1241866 nan nan nan 0.8692025 nan nan nan nan nan nan nan nan nan nan nan
          nan nan nan nan nan nan nan nan nan nan nan nan nan nan nan nan nan nan nan nan
          nan nan nan nan nan nan nan nan nan nan nan nan nan nan nan nan nan nan nan nan
          nan nan nan nan nan nan nan nan nan nan nan nan nan nan nan nan nan nan nan 1.5244477
          0.9200643 0.26195696 0.919329 nan 0.78927714 nan 2.123595 1.7485799 nan nan nan nan 0.8692025 nan nan nan nan nan nan nan
          nan nan nan nan nan nan nan nan nan nan nan nan nan nan nan nan nan nan nan nan
          nan nan nan nan nan nan nan nan nan nan nan nan nan nan nan nan nan nan nan nan
          nan nan nan nan nan nan nan nan nan nan nan nan nan nan nan nan nan nan nan nan
          nan nan 0.38120458 0.9200643 nan nan nan nan nan 1.1567707 1.9990352 1.7485799 nan nan nan nan 0.8692025 nan nan nan
          nan nan nan nan nan nan nan nan nan nan nan nan nan nan nan nan nan nan nan nan
          nan nan nan nan nan nan nan nan nan nan nan nan nan nan nan nan nan nan nan nan
          nan nan nan nan nan nan nan nan nan nan nan nan nan nan nan nan nan nan nan nan
          nan nan nan nan nan nan nan nan nan nan nan nan nan 1.1364524 1.6647339 1.657494 nan nan nan nan
          nan 0.8692025 nan nan nan nan nan nan nan nan nan nan nan nan nan nan nan nan nan nan
          nan nan nan nan nan nan nan nan nan nan nan nan nan nan nan nan nan nan nan nan
          nan nan nan nan nan nan nan nan nan nan nan nan nan nan nan nan nan nan nan nan
          nan nan nan nan nan nan nan nan nan nan nan nan nan nan nan nan nan 1.0387224 0.742947 1.3797046
          nan nan nan nan nan nan nan nan nan nan nan nan nan nan nan nan nan nan nan nan
          nan nan nan nan nan nan nan nan nan nan nan nan nan nan nan nan nan nan nan nan
          nan nan nan nan nan nan nan nan nan nan nan nan nan nan nan nan nan nan nan nan
          nan nan nan nan nan nan nan nan nan nan nan nan nan nan nan nan nan nan nan nan
          nan nan nan 1.3797046 nan nan nan nan nan nan nan nan nan nan nan nan nan nan nan nan
          nan nan nan nan nan nan nan nan nan nan nan nan nan nan nan nan nan nan nan nan
          nan nan nan nan nan nan nan nan nan nan nan nan nan nan nan nan nan nan nan nan
          nan nan nan nan nan nan nan nan nan nan nan nan nan nan nan nan nan nan nan nan
          nan nan nan nan nan nan nan 1.3797046 nan nan nan nan nan nan nan nan nan nan nan nan
          nan nan nan nan nan nan nan nan nan nan nan nan nan nan nan nan nan nan nan nan
          nan nan nan nan nan nan nan nan nan nan nan nan nan nan nan nan nan nan nan nan
          nan nan nan nan nan nan nan nan nan nan nan nan nan nan nan nan nan nan nan nan
          nan nan nan nan nan nan nan nan nan nan nan 1.3797046 nan nan nan nan nan nan nan nan
          nan nan nan nan nan nan nan nan nan nan nan nan nan nan nan nan nan nan nan nan
          nan nan nan nan nan nan nan nan nan nan nan nan nan nan nan nan nan nan nan nan
          nan nan nan nan nan nan nan nan nan nan nan nan nan nan nan nan nan nan nan nan
          nan nan nan nan nan nan nan nan nan nan nan nan nan nan nan 0.7583848 nan nan nan nan
          nan nan nan nan nan nan nan nan nan nan nan nan nan nan nan nan nan nan nan nan
          nan nan nan nan nan nan nan nan nan nan nan nan nan nan nan nan nan nan nan nan
          nan nan nan nan nan nan nan nan nan nan nan nan nan nan nan nan nan nan nan nan
          nan nan nan nan nan nan nan nan nan nan nan nan nan nan nan nan nan nan nan nan
          nan nan nan nan nan nan nan nan nan nan nan nan nan nan nan nan nan nan nan nan
          nan nan nan nan nan nan nan nan nan nan nan nan nan nan nan nan nan nan nan nan
          nan nan nan nan nan nan nan nan nan nan nan nan nan nan nan nan nan nan nan nan
          nan nan nan nan nan nan nan nan nan nan nan nan nan nan nan nan nan nan nan nan
          nan nan nan nan nan nan nan nan nan nan nan nan nan nan nan nan nan nan nan nan
          nan nan nan nan nan nan nan nan nan nan nan nan nan nan nan nan nan nan nan nan
          nan nan nan nan nan nan nan nan nan nan nan nan nan nan nan nan nan nan nan nan
          nan nan nan nan nan nan nan nan nan nan nan nan nan nan nan nan nan nan nan nan
          nan nan nan nan nan nan nan nan nan nan nan nan nan nan nan nan nan nan nan nan
          nan nan nan nan nan nan nan nan nan nan nan nan nan nan nan nan nan nan nan nan
          nan nan nan nan nan nan nan nan nan nan nan nan nan nan nan nan nan nan nan nan
          nan nan nan nan nan nan nan nan nan nan nan nan nan nan nan nan nan nan nan nan
          nan nan nan nan nan nan nan nan nan nan nan nan nan nan nan nan nan nan nan nan
          nan nan nan nan nan nan nan nan nan nan nan nan nan nan nan nan nan nan nan nan
          nan nan nan nan nan nan nan nan nan nan nan nan nan nan nan nan nan nan nan nan
          nan nan nan nan nan nan nan nan nan nan nan nan nan nan nan nan nan nan nan nan
          nan nan nan nan nan nan nan nan nan nan nan nan nan nan nan nan nan nan nan nan
          nan nan nan nan nan nan nan nan nan nan nan nan nan nan nan nan nan nan nan nan
          nan nan nan nan nan nan nan nan nan nan nan nan nan nan nan nan nan nan nan nan
          nan nan nan nan nan nan nan nan nan nan nan nan nan nan nan nan nan nan nan nan
          nan nan nan nan nan nan nan nan nan nan nan nan nan nan nan nan nan nan nan nan
          nan nan nan nan nan nan nan nan nan nan nan nan nan nan nan nan nan nan nan nan
          nan nan nan nan nan nan nan nan nan nan nan nan nan nan nan nan nan nan nan nan
          nan nan nan nan nan nan nan nan nan nan nan nan nan nan nan nan nan nan nan nan
          nan nan nan nan nan nan nan nan nan nan nan nan nan nan nan nan nan nan nan nan
          nan nan nan nan nan nan nan nan nan nan nan nan nan nan nan nan nan nan nan nan
          nan nan nan nan nan nan nan nan nan nan nan nan nan nan nan nan nan nan nan nan
          nan nan nan nan nan nan nan nan nan nan nan nan nan nan nan nan nan nan nan nan
          nan nan nan nan nan nan nan nan nan nan nan nan nan nan nan nan nan nan nan nan
          nan nan nan nan nan nan nan nan nan nan nan nan nan nan nan nan nan nan nan nan
          nan nan nan nan nan nan nan nan nan nan nan nan nan nan nan nan nan nan nan nan
          nan nan nan nan nan nan nan nan nan nan nan nan nan nan nan nan nan nan nan nan
          nan nan nan nan nan nan nan nan nan nan nan nan nan nan nan nan nan nan nan nan
          nan nan nan nan nan nan nan nan nan nan nan nan nan nan nan nan nan nan nan nan
          nan nan nan nan nan nan nan nan nan nan nan nan nan nan nan nan nan nan nan nan
          nan nan nan nan nan nan nan nan nan nan nan nan nan nan nan nan nan nan nan nan
          nan nan nan nan nan nan nan nan nan nan nan nan nan nan nan nan nan nan nan nan
          nan nan nan nan nan nan nan nan nan nan nan nan nan nan nan nan nan nan nan nan
          nan nan nan nan nan nan nan nan nan nan nan nan nan nan nan nan nan nan nan nan
          nan nan nan nan nan nan nan nan nan nan nan nan nan nan nan nan nan nan nan nan
          nan nan nan nan nan nan nan nan nan nan nan nan nan nan 0.8120588 -0.35762218 nan nan nan nan
          nan nan nan nan nan nan nan nan nan nan nan nan nan nan nan nan nan nan nan nan
          nan nan nan nan nan nan nan nan nan nan nan nan nan nan nan nan nan nan nan nan
          1.2685292 nan nan nan nan nan nan nan nan nan nan nan nan nan nan nan nan nan nan nan
          nan nan nan nan nan nan nan nan nan nan nan nan nan nan nan nan nan nan 1.670967 nan
          nan nan nan nan nan nan nan nan nan nan nan nan nan nan nan nan nan nan nan nan
          nan nan nan nan nan nan nan nan nan nan nan nan nan nan nan nan nan nan nan nan
          nan nan nan nan 1.7120043 nan nan nan nan nan nan nan nan nan nan nan nan nan nan nan
          nan nan nan nan nan nan nan nan nan nan nan nan nan nan nan nan nan nan nan nan
          nan nan nan 1.670967 nan nan nan nan nan nan nan nan nan nan nan nan nan nan nan nan
          nan nan nan nan nan nan nan nan nan nan nan nan nan nan nan nan nan nan nan nan
          nan nan nan nan nan nan nan 1.0308499 1.8977921 nan nan nan nan nan nan nan nan nan nan nan
          nan nan nan nan nan nan nan nan nan nan nan nan nan nan nan nan nan nan nan nan
          nan nan nan nan nan nan nan 1.7250644 nan nan nan nan nan nan nan nan nan nan nan nan
          nan nan nan nan nan nan nan nan nan nan nan nan nan nan nan nan nan nan nan nan
          nan nan nan nan nan nan nan nan nan nan nan 2.1415412 0.21703634 nan nan nan nan nan nan nan
          nan nan nan nan nan nan nan nan nan nan nan nan nan nan nan nan nan nan nan nan
          nan nan nan nan nan nan nan nan nan nan nan 1.7859876 nan nan nan nan nan nan nan nan
          nan nan nan nan nan nan nan nan nan nan nan nan nan nan nan nan nan nan nan nan
          nan nan nan nan nan nan nan nan nan nan nan nan nan nan 2.1977956 nan nan nan nan nan
          nan nan nan nan nan nan nan nan nan nan nan nan nan nan nan nan nan nan nan nan
          nan nan nan nan nan nan nan nan nan nan nan nan nan nan nan 1.8670316 nan nan nan nan
          nan nan nan nan nan nan nan nan nan nan nan nan nan nan nan nan nan nan nan nan
          nan nan nan nan nan nan nan nan nan nan nan nan nan nan nan nan nan nan 2.233427 nan
          nan nan nan nan nan nan nan nan nan nan nan nan nan nan nan nan nan nan nan nan
          nan nan nan nan nan nan nan nan nan nan nan nan nan nan nan nan nan nan nan 2.0709553
          nan nan nan nan nan nan nan nan nan nan nan nan nan nan nan nan nan nan nan nan
          nan nan nan nan nan nan nan nan nan nan nan nan nan nan nan nan nan nan nan nan
          nan 2.233427 nan nan nan nan nan nan nan nan nan nan nan nan nan nan nan nan nan nan
          nan nan nan nan nan nan nan nan nan nan nan nan nan nan nan nan nan nan nan nan
          nan nan 0.59907997 2.1692092 nan nan nan nan nan nan nan nan nan nan nan nan nan nan nan nan
          nan nan nan nan nan nan nan nan nan nan nan nan nan nan nan nan nan nan nan nan
          nan nan nan nan nan 2.233427 nan nan nan nan nan nan nan nan nan nan nan nan nan nan
          nan nan nan nan nan nan nan nan nan nan nan nan nan nan nan nan nan nan nan nan
          nan nan nan nan nan 0.57726085 2.2921038 nan nan nan nan nan nan nan nan nan nan nan nan nan
          nan nan nan nan nan nan nan nan nan nan nan nan nan nan nan nan nan nan nan nan
          nan nan 1.3179075 nan nan nan nan nan 2.2899296 nan nan nan nan nan nan nan nan nan nan nan
          nan nan nan nan nan nan nan nan nan nan nan nan nan nan nan nan nan nan nan nan
          nan nan nan nan nan nan nan 1.2875488 nan 1.3783269 2.3677816 1.6571528 nan nan nan nan nan nan nan nan
          nan nan nan nan nan nan nan nan nan nan nan nan nan nan nan nan nan nan nan nan
          nan nan nan nan nan -0.18103746 1.8095732 nan nan nan nan nan 2.3703094 nan nan nan nan nan nan nan
          nan nan nan nan nan nan nan nan nan nan nan nan nan nan nan nan nan nan nan nan
          nan nan nan nan nan nan nan nan nan nan nan nan 1.5571483 1.4308627 2.3801963 1.9946167 nan nan nan nan
          nan nan nan nan nan nan nan nan nan nan nan nan nan nan nan nan nan nan nan nan
          nan nan nan nan nan nan nan nan nan 0.52705 1.4345369 nan nan nan nan nan 2.4094815 nan nan nan
          nan nan nan nan nan nan nan nan nan nan nan nan nan nan nan nan nan nan nan nan
          nan nan nan nan nan nan nan nan nan nan nan nan nan nan nan nan nan 1.8528578 2.578115 1.7968893
          1.1666875 nan nan nan nan nan nan nan nan nan nan nan nan nan nan nan nan nan nan nan
          nan nan nan nan nan nan nan nan nan nan nan nan nan 0.32547015 nan nan nan nan nan 2.4344656
          nan nan nan nan nan nan nan nan nan nan nan nan nan nan nan nan nan nan nan nan
          nan nan nan nan nan nan nan nan nan nan nan nan nan nan nan nan nan nan nan nan
          nan 1.9526794 2.6831903 nan nan nan nan nan nan nan nan nan nan nan nan nan nan nan nan nan
          nan nan nan nan nan nan nan nan nan nan nan nan nan nan nan nan nan nan nan nan
          nan nan 1.2154118 2.4720173 nan nan nan nan nan nan nan nan nan nan nan nan nan nan nan nan
          nan nan nan nan nan nan nan nan nan nan nan nan nan nan nan nan nan nan nan nan
          nan nan nan nan nan 2.7826245 1.2274556 nan nan nan nan nan nan nan nan nan nan nan nan nan
          nan nan nan nan nan nan nan nan nan nan nan nan nan nan nan nan nan nan nan nan
          nan nan nan nan 1.2232385 nan 2.5311866 nan nan nan nan nan nan nan nan nan nan nan nan nan
          nan nan nan nan nan nan nan nan nan nan nan nan nan nan nan nan nan nan nan nan
          nan nan nan nan nan nan nan nan 0.4734697 2.8326035 nan nan nan nan nan nan nan nan nan nan
          nan nan nan nan nan nan nan nan nan nan nan nan nan nan nan nan nan nan nan nan
          nan nan nan nan nan nan nan nan 1.1220647 2.6467245 1.1534622 nan nan nan nan nan nan nan nan nan
          nan nan nan nan nan nan nan nan nan nan nan nan nan nan nan nan nan nan nan nan
          nan 1.0188818 nan nan nan nan nan nan nan nan nan nan 1.3687088 2.8571987 nan nan nan nan 1.5232351 nan
          nan nan nan nan nan nan nan nan nan nan nan nan nan nan nan nan nan nan nan nan
          nan nan nan nan nan nan nan nan nan nan nan nan nan 2.6518424 nan nan nan nan nan nan
          nan nan nan nan nan nan nan nan nan nan nan nan nan nan nan nan nan nan nan nan
          nan nan nan nan 1.1621364 1.718892 nan nan nan nan nan nan nan nan nan nan 2.877911 1.3311745 nan nan
          0.4446382 1.7567042 nan nan nan nan nan nan nan nan nan nan nan nan nan nan nan nan nan nan
          nan nan nan nan nan nan nan nan nan nan nan nan nan nan nan nan nan nan 2.6518424 nan
          nan nan nan nan nan nan nan nan nan nan nan nan nan nan nan nan nan nan nan nan
          nan nan nan nan nan nan nan nan nan 1.3704735 1.9447771 nan nan nan nan nan nan nan 1.0933794 3.1516151
          2.78107 2.7427754 2.714404 2.6679373 1.9248564 nan nan nan nan nan nan nan nan nan nan nan nan nan nan nan
          nan nan nan nan nan nan nan nan nan nan nan nan nan nan nan nan nan nan nan nan
          nan 1.3295653 2.6854084 nan nan nan nan nan nan nan nan nan nan nan nan nan nan nan nan nan
          nan nan nan nan nan nan nan nan nan nan nan nan nan nan 2.0920157 1.0155991 nan nan nan nan
          nan 1.5271363 3.1956363 1.9641845 1.7137641 0.41576302 nan 1.3022327 2.5195541 1.5004797 nan nan nan nan nan nan nan nan nan nan
          nan nan nan nan nan nan nan nan nan nan nan nan nan nan nan nan nan nan nan nan
          nan nan nan nan nan 2.7088373 0.18995363 nan nan nan nan nan nan nan nan nan nan nan nan nan
          nan nan nan nan nan nan nan nan nan nan nan nan nan nan nan nan nan nan 2.1019595 1.0155991
          nan 3.3132727 3.2894456 3.255081 nan 3.2299693 1.748322 nan nan nan nan nan 1.1939347 2.3339274 2.1547937 0.39091358 nan nan nan nan
          nan nan nan nan nan nan nan nan nan nan nan nan nan nan nan nan nan nan nan nan
          nan nan nan nan nan nan nan nan nan 2.713385 nan nan nan nan nan nan nan nan nan nan
          nan nan nan nan nan nan nan nan nan nan nan nan nan nan nan nan nan nan nan nan
          nan nan 2.1019595 nan 3.3416762 nan nan nan 3.2378826 1.2601231 nan nan nan nan nan nan nan nan 1.5165356 1.9043586
          1.2320296 nan nan nan nan nan nan nan nan nan nan nan nan nan nan nan nan nan nan nan
          nan nan nan nan nan nan nan nan nan nan nan nan nan 2.7217696 nan nan nan nan nan nan
          nan nan nan nan nan nan nan nan nan nan nan nan nan nan nan nan nan nan nan nan
          nan nan nan nan nan nan 0.7475503 3.3672469 nan nan nan nan 0.25084743 nan nan nan nan nan nan nan
          nan nan nan 0.8303546 0.9091881 nan nan nan nan nan nan nan nan nan nan nan nan nan nan nan
          nan nan nan nan nan nan nan nan nan nan nan nan nan nan nan nan nan 2.7316887 nan nan
          nan nan nan nan nan nan nan nan nan nan nan nan nan nan nan nan nan nan nan nan
          nan nan nan nan nan nan nan nan nan 1.7625189 3.379862 1.0463374 0.8280827 nan nan nan nan nan nan nan
          nan nan nan nan nan nan nan nan 0.8303546 nan nan nan nan nan nan nan nan nan nan nan
          nan nan nan nan nan nan nan nan nan nan nan nan nan nan nan nan nan nan nan nan
          nan 2.745364 1.0743847 nan nan nan nan nan nan nan nan nan nan nan nan nan nan nan nan nan
          nan nan nan nan nan nan nan nan nan nan nan nan nan 3.411551 1.6968747 nan nan nan nan nan
          nan nan nan nan nan nan nan nan nan nan nan nan nan nan nan nan nan nan nan nan
          nan nan nan nan nan nan nan nan nan nan nan nan nan nan nan nan nan nan nan nan
          nan nan nan nan nan 2.745364 1.2392896 nan nan nan nan nan nan nan nan nan nan nan nan nan
          nan nan nan nan nan nan nan nan nan nan nan nan nan nan nan nan 3.4176447 1.4538106 -0.06836865 nan
          nan nan nan nan nan nan nan nan nan nan nan nan nan nan nan nan nan nan nan nan
          nan nan nan nan nan nan nan nan nan nan nan nan nan nan nan nan nan nan nan nan
          nan nan nan nan nan nan nan nan nan 2.7641685 nan nan nan nan nan nan nan nan nan nan
          nan nan nan nan nan nan nan nan nan nan nan nan nan nan nan nan nan nan nan 3.4384234
          1.7624454 nan nan nan nan nan nan nan nan nan nan nan nan nan nan nan nan nan nan nan
          nan nan nan nan nan nan nan nan nan nan nan nan nan nan nan nan nan nan nan nan
          nan nan nan nan nan nan nan nan nan nan nan nan nan 2.7641685 nan nan nan nan nan nan
          nan nan nan nan nan nan nan nan nan nan nan nan nan nan nan nan nan nan nan nan
          nan nan 3.4562187 1.6156132 nan nan nan nan nan nan nan nan nan nan nan nan nan nan nan nan
          nan nan nan nan nan nan nan nan nan nan nan nan nan nan nan nan nan nan nan nan
          nan nan nan nan nan nan nan nan nan nan nan nan nan nan nan nan nan 2.7641685 nan nan
          nan nan nan nan nan nan nan nan nan nan nan nan nan nan nan nan nan nan nan nan
          nan nan nan nan 0.17810018 3.472286 1.5391467 nan nan nan nan nan nan nan nan nan nan nan nan nan
          nan nan nan nan nan nan nan nan nan nan nan nan nan nan nan nan nan nan nan nan
          nan nan nan nan nan nan nan nan nan nan nan nan nan nan nan nan nan nan nan nan
          nan 2.7641685 nan nan nan nan nan nan nan nan nan nan nan nan nan nan nan nan nan nan
          nan nan nan nan nan nan nan 1.5137551 3.4788451 1.5920113 nan nan nan nan nan nan nan nan nan nan
          nan nan nan nan nan nan nan nan nan nan nan nan nan nan nan nan nan nan nan nan
          nan nan nan nan nan nan nan nan nan nan nan nan nan nan nan nan nan nan nan nan
          nan nan nan nan nan 2.7655349 nan nan nan nan nan nan nan nan nan nan nan nan nan nan
          nan nan nan nan nan nan nan nan nan nan 0.9517421 3.5013733 1.8267058 nan nan nan nan nan nan nan
          nan nan nan nan nan nan nan nan nan nan nan nan nan nan nan nan nan nan nan nan
          nan nan nan nan nan nan nan nan nan nan nan nan nan nan nan nan nan nan nan nan
          nan nan nan nan nan nan 0.98480797 nan nan 2.7910852 nan nan nan nan nan nan nan nan nan nan
          nan nan nan nan nan nan nan nan nan nan nan nan -0.38601062 nan 3.5092726 1.4129747 nan nan nan nan
          nan nan nan nan nan nan nan nan nan nan nan nan nan nan nan nan nan nan nan nan
          nan nan nan nan nan nan nan nan nan nan nan nan nan nan nan nan nan nan nan nan
          nan nan nan nan nan nan nan nan nan nan 1.5442883 nan nan 2.8021722 nan nan nan nan nan nan
          nan nan nan nan nan nan nan nan nan nan nan nan nan nan nan 0.43965846 1.3452607 1.6211158 3.519294 nan
          nan nan nan nan nan nan nan nan nan nan nan nan nan nan nan nan nan nan nan nan
          nan nan nan nan nan nan nan nan nan nan nan nan nan nan nan nan nan nan nan nan
          nan nan nan nan nan nan nan nan nan nan nan nan nan nan nan nan nan 2.8074472 nan nan
          nan nan nan nan nan nan nan nan nan nan nan nan nan nan nan nan nan nan nan 1.0300425
          1.9676964 3.531605 nan nan nan nan nan nan nan nan nan nan nan nan nan nan nan nan nan nan
          nan nan nan nan nan nan nan nan nan nan nan nan nan nan nan nan nan nan nan nan
          nan nan nan nan nan nan nan nan nan nan nan nan nan nan nan nan nan nan 1.5306432 nan
          nan 2.8074472 nan nan nan nan nan nan nan nan nan nan nan nan nan nan nan nan nan nan
          nan nan nan nan 1.1482812 3.548367 nan nan nan nan nan nan nan nan nan nan nan nan nan nan
          nan nan nan nan nan nan nan nan nan nan nan nan nan nan nan nan nan nan nan nan
          nan nan nan nan nan nan nan nan nan nan nan nan nan nan nan nan nan nan nan nan
          nan nan 0.8843677 nan nan 2.8074472 nan nan nan nan nan nan nan nan nan nan nan nan nan nan
          nan nan nan nan nan nan 1.0263304 1.8162824 3.548367 nan nan nan nan nan nan nan nan nan nan nan
          nan nan nan nan nan nan nan nan nan nan nan nan nan nan nan nan nan nan nan nan
          nan nan nan nan nan nan nan nan nan nan nan nan nan nan nan nan nan nan nan nan
          nan nan nan nan nan nan nan nan nan 2.82176 nan nan nan nan nan nan nan nan nan nan
          nan nan nan nan nan nan nan nan nan nan 0.4036031 2.0266657 3.5536432 nan nan nan nan nan nan nan
          nan nan nan nan nan nan nan nan nan nan nan nan nan nan nan nan nan nan nan nan
          nan nan nan nan nan nan nan nan nan nan nan nan nan nan nan nan nan nan nan nan
          nan nan nan nan nan nan nan nan nan nan 2.165987 nan nan 2.8255582 nan nan nan nan nan nan
          nan nan nan nan nan nan nan nan nan nan nan nan 0.7542344 nan 1.0547513 3.5752802 nan nan nan nan
          nan nan nan nan nan nan nan nan nan nan nan nan nan nan nan nan nan nan nan nan
          nan nan nan nan nan nan nan nan nan nan nan nan nan nan nan nan nan nan nan nan
          nan nan nan nan nan nan nan nan nan nan nan nan nan nan 2.013591 nan nan 2.833721 nan nan
          nan nan nan nan nan nan nan nan nan nan nan nan nan nan nan 0.092664495 0.8284673 0.94425607 3.5811398 0.94130063
          nan nan nan nan nan nan nan nan nan nan nan nan nan nan nan nan nan nan nan nan
          nan nan nan nan nan nan nan nan nan nan nan nan nan nan nan nan nan nan nan nan
          nan nan nan nan nan nan nan nan nan nan nan nan nan nan nan nan nan 1.1864414 1.7631545 nan
          nan 2.835548 nan nan nan nan nan nan nan nan nan nan nan nan nan nan nan nan nan 0.8762948
          1.020406 1.4557095 3.5888145 1.2657999 1.2301275 nan nan nan nan nan nan nan nan nan nan nan nan nan nan nan
          nan nan nan nan nan nan nan nan nan nan nan nan nan nan nan nan nan nan nan nan
          nan nan nan nan nan nan nan nan nan nan nan nan nan nan nan nan nan nan nan nan
          nan nan 1.4952753 nan nan 2.8434753 nan nan nan nan nan nan nan nan nan nan nan nan nan nan
          nan nan nan 0.5326999 1.4247819 3.5974307 nan nan nan nan nan nan nan nan nan nan nan nan nan nan
          nan nan nan nan nan nan nan nan nan nan nan nan nan nan nan nan nan nan nan nan
          nan nan nan nan nan nan nan nan nan nan nan nan nan nan nan nan nan nan nan nan
          nan nan nan nan nan nan 1.3695743 nan nan 2.8434753 nan nan nan nan nan nan nan nan nan nan
          nan nan nan nan nan nan nan nan 1.7876692 nan 3.5999463 nan 1.2118545 nan nan nan nan nan nan nan
          nan nan nan nan nan nan nan nan nan nan nan nan nan nan nan nan nan nan nan nan
          nan nan nan nan nan nan nan nan nan nan nan nan nan nan nan nan nan nan nan nan
          nan nan nan nan nan nan nan nan nan nan nan nan nan 2.8434753 nan nan nan nan nan nan
          nan nan nan nan nan nan nan nan nan nan nan 0.9578248 1.4211093 1.7876692 3.603278 2.0054734 nan nan nan nan
          nan nan nan nan nan nan nan nan nan nan nan nan nan nan nan nan nan nan nan nan
          nan nan nan nan nan nan nan nan nan nan nan nan nan nan nan nan nan nan nan nan
          nan nan nan nan nan nan nan nan nan nan nan nan nan nan nan nan nan nan 2.8509197 nan
          nan nan nan nan nan nan nan nan nan nan nan nan nan nan nan nan nan 1.6288946 3.6278105 nan
          nan nan nan nan nan nan nan nan nan nan nan nan nan nan nan nan nan nan nan nan
          nan nan nan nan nan nan nan nan nan nan nan nan nan nan nan nan nan nan nan nan
          nan nan nan nan nan nan nan nan nan nan nan nan nan nan nan nan nan nan nan nan
          nan nan 2.8554292 nan nan nan nan nan nan nan nan nan nan nan nan nan nan nan nan 0.86646324
          1.2050694 nan 3.6397254 nan nan nan nan nan nan nan nan nan nan nan nan nan nan nan nan nan
          nan nan nan nan nan nan nan nan nan nan nan nan nan nan nan nan nan nan nan nan
          nan nan nan nan nan nan nan nan nan nan nan nan nan nan nan nan nan nan nan nan
          nan nan nan nan nan nan nan 2.8745155 2.8804061 nan nan nan nan nan nan nan nan nan nan nan
          nan nan nan nan nan 1.2050694 3.6458948 nan nan nan nan nan nan nan nan nan nan nan nan nan
          nan nan nan nan nan nan nan nan nan nan nan nan nan nan nan nan nan nan nan nan
          nan nan nan nan nan nan nan nan nan nan nan nan nan nan nan nan nan nan nan nan
          nan nan nan nan nan nan nan nan nan nan nan nan nan 2.8804061 2.8804061 2.8868926 2.8902998 0.48945767 nan nan
          nan nan nan nan nan nan nan nan nan 3.6521437 1.583459 nan nan nan nan nan nan nan nan nan
          nan nan nan nan nan nan nan nan nan nan nan nan nan nan nan nan nan nan nan nan
          nan nan nan nan nan nan nan nan nan nan nan nan nan nan nan nan nan nan nan nan
          nan nan nan nan nan nan nan nan nan nan nan nan nan nan nan nan nan nan nan nan
          nan 2.914709 nan nan nan nan nan nan nan nan nan nan nan 3.6624305 1.0334723 nan nan nan nan nan
          nan nan nan nan nan nan nan nan nan nan nan nan nan nan nan nan nan nan nan nan
          nan nan nan nan nan nan nan nan nan nan nan nan nan nan nan nan nan nan nan nan
          nan nan nan nan nan nan nan nan nan nan nan nan nan nan nan nan nan nan 0.21990314 nan
          nan nan nan nan nan nan 2.928507 0.7090379 nan nan nan nan nan nan nan nan nan 3.6671896 nan nan
          nan nan nan nan nan nan nan nan nan nan nan nan nan nan nan nan nan nan nan nan
          nan nan nan nan nan nan nan nan nan nan nan nan nan nan nan nan nan nan nan nan
          nan nan nan nan nan nan nan nan nan nan nan nan nan nan nan nan nan nan nan nan
          nan nan 1.0276912 0.93191266 -0.07026302 1.0190928 1.4199373 2.0314796 2.076673 2.076673 2.076673 3.0065093 3.0236611 nan nan nan nan nan nan nan
          3.674043 0.6938932 nan nan nan nan nan nan nan nan nan nan nan nan nan nan nan nan nan nan
          nan nan nan nan nan nan nan nan nan nan nan nan nan nan nan nan nan nan nan nan
          nan nan nan nan nan nan nan nan nan nan nan nan nan nan nan nan nan nan nan nan
          nan nan nan nan nan nan nan 1.2445365 1.6095905 1.6886368 1.7285322 nan nan nan nan nan -0.54398626 3.0347097 3.056341 0.53253096
          1.189228 nan nan 1.6735053 3.6841695 nan nan nan nan nan nan nan nan nan nan nan nan nan nan nan
          nan nan nan nan nan nan nan nan nan nan nan nan nan nan nan nan nan nan nan nan
          nan nan nan nan nan nan nan nan nan nan nan nan nan nan nan nan nan nan nan nan
          nan nan nan nan nan nan nan 
        </DataArray>
        <DataArray type="Float64" Name="Surfaceflow" format="ascii">
          58.175934 6.265536 nan nan nan nan nan nan nan nan nan nan nan nan nan nan nan nan nan nan nan
          nan nan 30.693914 102.17051 23.971674 nan nan nan nan nan nan nan nan nan nan nan nan nan nan nan
          nan nan nan nan nan nan nan nan nan nan nan nan nan nan nan nan nan nan nan nan
          nan nan nan nan nan nan nan nan nan nan nan nan nan nan nan nan nan nan nan nan
          67.40416 nan nan 5.5516963 nan nan nan nan nan nan nan nan nan nan nan nan nan nan nan nan
          nan nan nan nan nan nan nan nan nan nan nan nan nan nan nan nan nan nan nan nan
          nan nan nan nan nan nan nan nan nan nan nan nan nan nan nan nan nan nan nan nan
          nan nan nan nan nan nan nan nan nan nan nan nan nan nan nan nan nan nan nan nan
          nan nan nan 1637.3364 nan nan nan nan nan nan nan nan nan nan nan nan nan nan nan nan
          nan nan nan nan nan nan nan nan nan nan nan nan nan nan nan nan nan nan nan nan
          nan nan nan nan nan nan nan nan nan nan nan nan nan nan nan nan nan nan nan nan
          nan nan nan nan nan nan nan nan nan nan nan nan nan nan nan nan nan nan nan nan
          nan nan nan nan nan 37.009373 1485.7828 nan nan nan nan nan nan nan nan nan nan nan nan nan
          nan nan nan nan nan nan nan nan nan nan nan nan nan nan nan nan nan nan nan nan
          nan nan nan nan nan nan nan nan nan nan nan nan nan nan nan nan nan nan nan nan
          nan nan nan nan nan nan nan nan nan nan nan nan nan nan nan nan nan nan nan nan
          nan nan nan nan nan nan nan nan 1263.5642 1352.9608 nan nan nan nan nan nan nan nan nan nan
          nan nan nan nan nan nan nan nan nan nan nan nan nan nan nan nan nan nan nan nan
          nan nan nan nan nan nan nan nan nan nan nan nan nan nan nan nan nan nan nan nan
          nan nan nan nan nan nan nan nan nan nan nan nan nan nan nan nan nan nan nan nan
          nan nan nan nan nan nan nan 15.265614 nan nan 1007.9465 1007.9465 79.05344 nan nan nan nan nan nan nan
          nan nan nan nan nan nan nan nan nan nan nan nan nan nan nan nan nan nan nan nan
          nan nan nan nan nan nan nan nan nan nan nan nan nan nan nan nan nan nan nan nan
          nan nan nan nan nan nan nan nan nan nan nan nan nan nan nan nan nan nan nan nan
          nan nan nan nan nan nan nan 28.460016 6.312274 nan 30.650583 534.614 881.53235 1007.9465 nan 7.3995013 nan nan nan nan
          nan nan nan nan nan nan nan nan nan nan nan nan nan nan nan nan nan nan nan nan
          nan nan nan nan nan nan nan nan nan nan nan nan nan nan nan nan nan nan nan nan
          nan nan nan nan nan nan nan nan nan nan nan nan nan nan nan nan nan nan nan nan
          nan nan nan nan nan nan nan nan 12.254799 23.617004 44.465614 93.07227 307.6612 389.49384 482.93774 nan 300.76407 36.05455 nan 7.3995013
          nan nan nan nan nan nan nan nan nan nan nan nan nan nan nan nan nan nan nan nan
          nan nan nan nan nan nan nan nan nan nan nan nan nan nan nan nan nan nan nan nan
          nan nan nan nan nan nan nan nan nan nan nan nan nan nan nan nan nan nan nan nan
          nan nan nan nan nan nan nan nan nan nan nan nan nan 5.5165133 88.85723 141.25113 43.096313 25.50414 37.867706 238.5912
          16.733181 nan nan 7.3995013 nan nan nan nan nan nan nan nan nan nan nan nan nan nan nan nan
          nan nan nan nan nan nan nan nan nan nan nan nan nan nan nan nan nan nan nan nan
          nan nan nan nan nan nan nan nan nan nan nan nan nan nan nan nan nan nan nan nan
          nan nan nan nan nan nan nan nan nan nan nan nan nan nan nan nan 40.95788 74.795105 17.595251 8.304796
          nan 6.1556954 nan 211.64316 13.310264 nan nan nan 7.3995013 nan nan nan nan nan nan nan nan nan nan nan
          nan nan nan nan nan nan nan nan nan nan nan nan nan nan nan nan nan nan nan nan
          nan nan nan nan nan nan nan nan nan nan nan nan nan nan nan nan nan nan nan nan
          nan nan nan nan nan nan nan nan nan nan nan nan nan nan nan nan nan nan nan 33.45397
          8.318869 1.8279191 8.304796 nan 6.1556954 nan 132.92145 56.05054 nan nan nan nan 7.3995013 nan nan nan nan nan nan nan
          nan nan nan nan nan nan nan nan nan nan nan nan nan nan nan nan nan nan nan nan
          nan nan nan nan nan nan nan nan nan nan nan nan nan nan nan nan nan nan nan nan
          nan nan nan nan nan nan nan nan nan nan nan nan nan nan nan nan nan nan nan nan
          nan nan 2.4054956 8.318869 nan nan nan nan nan 14.347319 99.77809 56.05054 nan nan nan nan 7.3995013 nan nan nan
          nan nan nan nan nan nan nan nan nan nan nan nan nan nan nan nan nan nan nan nan
          nan nan nan nan nan nan nan nan nan nan nan nan nan nan nan nan nan nan nan nan
          nan nan nan nan nan nan nan nan nan nan nan nan nan nan nan nan nan nan nan nan
          nan nan nan nan nan nan nan nan nan nan nan nan nan 13.691544 46.20978 45.445824 nan nan nan nan
          nan 7.3995013 nan nan nan nan nan nan nan nan nan nan nan nan nan nan nan nan nan nan
          nan nan nan nan nan nan nan nan nan nan nan nan nan nan nan nan nan nan nan nan
          nan nan nan nan nan nan nan nan nan nan nan nan nan nan nan nan nan nan nan nan
          nan nan nan nan nan nan nan nan nan nan nan nan nan nan nan nan nan 10.932573 5.532826 23.972015
          nan nan nan nan nan nan nan nan nan nan nan nan nan nan nan nan nan nan nan nan
          nan nan nan nan nan nan nan nan nan nan nan nan nan nan nan nan nan nan nan nan
          nan nan nan nan nan nan nan nan nan nan nan nan nan nan nan nan nan nan nan nan
          nan nan nan nan nan nan nan nan nan nan nan nan nan nan nan nan nan nan nan nan
          nan nan nan 23.972015 nan nan nan nan nan nan nan nan nan nan nan nan nan nan nan nan
          nan nan nan nan nan nan nan nan nan nan nan nan nan nan nan nan nan nan nan nan
          nan nan nan nan nan nan nan nan nan nan nan nan nan nan nan nan nan nan nan nan
          nan nan nan nan nan nan nan nan nan nan nan nan nan nan nan nan nan nan nan nan
          nan nan nan nan nan nan nan 23.972015 nan nan nan nan nan nan nan nan nan nan nan nan
          nan nan nan nan nan nan nan nan nan nan nan nan nan nan nan nan nan nan nan nan
          nan nan nan nan nan nan nan nan nan nan nan nan nan nan nan nan nan nan nan nan
          nan nan nan nan nan nan nan nan nan nan nan nan nan nan nan nan nan nan nan nan
          nan nan nan nan nan nan nan nan nan nan nan 23.972015 nan nan nan nan nan nan nan nan
          nan nan nan nan nan nan nan nan nan nan nan nan nan nan nan nan nan nan nan nan
          nan nan nan nan nan nan nan nan nan nan nan nan nan nan nan nan nan nan nan nan
          nan nan nan nan nan nan nan nan nan nan nan nan nan nan nan nan nan nan nan nan
          nan nan nan nan nan nan nan nan nan nan nan nan nan nan nan 5.7330375 nan nan nan nan
          nan nan nan nan nan nan nan nan nan nan nan nan nan nan nan nan nan nan nan nan
          nan nan nan nan nan nan nan nan nan nan nan nan nan nan nan nan nan nan nan nan
          nan nan nan nan nan nan nan nan nan nan nan nan nan nan nan nan nan nan nan nan
          nan nan nan nan nan nan nan nan nan nan nan nan nan nan nan nan nan nan nan nan
          nan nan nan nan nan nan nan nan nan nan nan nan nan nan nan nan nan nan nan nan
          nan nan nan nan nan nan nan nan nan nan nan nan nan nan nan nan nan nan nan nan
          nan nan nan nan nan nan nan nan nan nan nan nan nan nan nan nan nan nan nan nan
          nan nan nan nan nan nan nan nan nan nan nan nan nan nan nan nan nan nan nan nan
          nan nan nan nan nan nan nan nan nan nan nan nan nan nan nan nan nan nan nan nan
          nan nan nan nan nan nan nan nan nan nan nan nan nan nan nan nan nan nan nan nan
          nan nan nan nan nan nan nan nan nan nan nan nan nan nan nan nan nan nan nan nan
          nan nan nan nan nan nan nan nan nan nan nan nan nan nan nan nan nan nan nan nan
          nan nan nan nan nan nan nan nan nan nan nan nan nan nan nan nan nan nan nan nan
          nan nan nan nan nan nan nan nan nan nan nan nan nan nan nan nan nan nan nan nan
          nan nan nan nan nan nan nan nan nan nan nan nan nan nan nan nan nan nan nan nan
          nan nan nan nan nan nan nan nan nan nan nan nan nan nan nan nan nan nan nan nan
          nan nan nan nan nan nan nan nan nan nan nan nan nan nan nan nan nan nan nan nan
          nan nan nan nan nan nan nan nan nan nan nan nan nan nan nan nan nan nan nan nan
          nan nan nan nan nan nan nan nan nan nan nan nan nan nan nan nan nan nan nan nan
          nan nan nan nan nan nan nan nan nan nan nan nan nan nan nan nan nan nan nan nan
          nan nan nan nan nan nan nan nan nan nan nan nan nan nan nan nan nan nan nan nan
          nan nan nan nan nan nan nan nan nan nan nan nan nan nan nan nan nan nan nan nan
          nan nan nan nan nan nan nan nan nan nan nan nan nan nan nan nan nan nan nan nan
          nan nan nan nan nan nan nan nan nan nan nan nan nan nan nan nan nan nan nan nan
          nan nan nan nan nan nan nan nan nan nan nan nan nan nan nan nan nan nan nan nan
          nan nan nan nan nan nan nan nan nan nan nan nan nan nan nan nan nan nan nan nan
          nan nan nan nan nan nan nan nan nan nan nan nan nan nan nan nan nan nan nan nan
          nan nan nan nan nan nan nan nan nan nan nan nan nan nan nan nan nan nan nan nan
          nan nan nan nan nan nan nan nan nan nan nan nan nan nan nan nan nan nan nan nan
          nan nan nan nan nan nan nan nan nan nan nan nan nan nan nan nan nan nan nan nan
          nan nan nan nan nan nan nan nan nan nan nan nan nan nan nan nan nan nan nan nan
          nan nan nan nan nan nan nan nan nan nan nan nan nan nan nan nan nan nan nan nan
          nan nan nan nan nan nan nan nan nan nan nan nan nan nan nan nan nan nan nan nan
          nan nan nan nan nan nan nan nan nan nan nan nan nan nan nan nan nan nan nan nan
          nan nan nan nan nan nan nan nan nan nan nan nan nan nan nan nan nan nan nan nan
          nan nan nan nan nan nan nan nan nan nan nan nan nan nan nan nan nan nan nan nan
          nan nan nan nan nan nan nan nan nan nan nan nan nan nan nan nan nan nan nan nan
          nan nan nan nan nan nan nan nan nan nan nan nan nan nan nan nan nan nan nan nan
          nan nan nan nan nan nan nan nan nan nan nan nan nan nan nan nan nan nan nan nan
          nan nan nan nan nan nan nan nan nan nan nan nan nan nan nan nan nan nan nan nan
          nan nan nan nan nan nan nan nan nan nan nan nan nan nan nan nan nan nan nan nan
          nan nan nan nan nan nan nan nan nan nan nan nan nan nan nan nan nan nan nan nan
          nan nan nan nan nan nan nan nan nan nan nan nan nan nan nan nan nan nan nan nan
          nan nan nan nan nan nan nan nan nan nan nan nan nan nan nan nan nan nan nan nan
          nan nan nan nan nan nan nan nan nan nan nan nan nan nan 6.4872227 0.43891236 nan nan nan nan
          nan nan nan nan nan nan nan nan nan nan nan nan nan nan nan nan nan nan nan nan
          nan nan nan nan nan nan nan nan nan nan nan nan nan nan nan nan nan nan nan nan
          18.557913 nan nan nan nan nan nan nan nan nan nan nan nan nan nan nan nan nan nan nan
          nan nan nan nan nan nan nan nan nan nan nan nan nan nan nan nan nan nan 46.877777 nan
          nan nan nan nan nan nan nan nan nan nan nan nan nan nan nan nan nan nan nan nan
          nan nan nan nan nan nan nan nan nan nan nan nan nan nan nan nan nan nan nan nan
          nan nan nan nan 51.523376 nan nan nan nan nan nan nan nan nan nan nan nan nan nan nan
          nan nan nan nan nan nan nan nan nan nan nan nan nan nan nan nan nan nan nan nan
          nan nan nan 46.877777 nan nan nan nan nan nan nan nan nan nan nan nan nan nan nan nan
          nan nan nan nan nan nan nan nan nan nan nan nan nan nan nan nan nan nan nan nan
          nan nan nan nan nan nan nan 10.736183 79.03003 nan nan nan nan nan nan nan nan nan nan nan
          nan nan nan nan nan nan nan nan nan nan nan nan nan nan nan nan nan nan nan nan
          nan nan nan nan nan nan nan 53.09632 nan nan nan nan nan nan nan nan nan nan nan nan
          nan nan nan nan nan nan nan nan nan nan nan nan nan nan nan nan nan nan nan nan
          nan nan nan nan nan nan nan nan nan nan nan 138.52917 1.6483003 nan nan nan nan nan nan nan
          nan nan nan nan nan nan nan nan nan nan nan nan nan nan nan nan nan nan nan nan
          nan nan nan nan nan nan nan nan nan nan nan 61.092453 nan nan nan nan nan nan nan nan
          nan nan nan nan nan nan nan nan nan nan nan nan nan nan nan nan nan nan nan nan
          nan nan nan nan nan nan nan nan nan nan nan nan nan nan 157.6869 nan nan nan nan nan
          nan nan nan nan nan nan nan nan nan nan nan nan nan nan nan nan nan nan nan nan
          nan nan nan nan nan nan nan nan nan nan nan nan nan nan nan 73.62605 nan nan nan nan
          nan nan nan nan nan nan nan nan nan nan nan nan nan nan nan nan nan nan nan nan
          nan nan nan nan nan nan nan nan nan nan nan nan nan nan nan nan nan nan 171.16972 nan
          nan nan nan nan nan nan nan nan nan nan nan nan nan nan nan nan nan nan nan nan
          nan nan nan nan nan nan nan nan nan nan nan nan nan nan nan nan nan nan nan 117.748505
          nan nan nan nan nan nan nan nan nan nan nan nan nan nan nan nan nan nan nan nan
          nan nan nan nan nan nan nan nan nan nan nan nan nan nan nan nan nan nan nan nan
          nan 171.16972 nan nan nan nan nan nan nan nan nan nan nan nan nan nan nan nan nan nan
          nan nan nan nan nan nan nan nan nan nan nan nan nan nan nan nan nan nan nan nan
          nan nan 3.9726467 147.64178 nan nan nan nan nan nan nan nan nan nan nan nan nan nan nan nan
          nan nan nan nan nan nan nan nan nan nan nan nan nan nan nan nan nan nan nan nan
          nan nan nan nan nan 171.16972 nan nan nan nan nan nan nan nan nan nan nan nan nan nan
          nan nan nan nan nan nan nan nan nan nan nan nan nan nan nan nan nan nan nan nan
          nan nan nan nan nan 3.7779903 195.93127 nan nan nan nan nan nan nan nan nan nan nan nan nan
          nan nan nan nan nan nan nan nan nan nan nan nan nan nan nan nan nan nan nan nan
          nan nan 20.792534 nan nan nan nan nan 194.95287 nan nan nan nan nan nan nan nan nan nan nan
          nan nan nan nan nan nan nan nan nan nan nan nan nan nan nan nan nan nan nan nan
          nan nan nan nan nan nan nan 19.388704 nan 23.896091 233.22847 45.410133 nan nan nan nan nan nan nan nan
          nan nan nan nan nan nan nan nan nan nan nan nan nan nan nan nan nan nan nan nan
          nan nan nan nan nan 0.65911704 64.50201 nan nan nan nan nan 234.58984 nan nan nan nan nan nan nan
          nan nan nan nan nan nan nan nan nan nan nan nan nan nan nan nan nan nan nan nan
          nan nan nan nan nan nan nan nan nan nan nan nan 36.07018 26.968863 239.9918 98.76811 nan nan nan nan
          nan nan nan nan nan nan nan nan nan nan nan nan nan nan nan nan nan nan nan nan
          nan nan nan nan nan nan nan nan nan 3.3655033 27.198 nan nan nan nan nan 256.73288 nan nan nan
          nan nan nan nan nan nan nan nan nan nan nan nan nan nan nan nan nan nan nan nan
          nan nan nan nan nan nan nan nan nan nan nan nan nan nan nan nan nan 71.26196 378.54285 62.645416
          14.678697 nan nan nan nan nan nan nan nan nan nan nan nan nan nan nan nan nan nan nan
          nan nan nan nan nan nan nan nan nan nan nan nan nan 2.1157782 nan nan nan nan nan 271.9354
          nan nan nan nan nan nan nan nan nan nan nan nan nan nan nan nan nan nan nan nan
          nan nan nan nan nan nan nan nan nan nan nan nan nan nan nan nan nan nan nan nan
          nan 89.67667 482.15912 nan nan nan nan nan nan nan nan nan nan nan nan nan nan nan nan nan
          nan nan nan nan nan nan nan nan nan nan nan nan nan nan nan nan nan nan nan nan
          nan nan 16.42146 296.49493 nan nan nan nan nan nan nan nan nan nan nan nan nan nan nan nan
          nan nan nan nan nan nan nan nan nan nan nan nan nan nan nan nan nan nan nan nan
          nan nan nan nan nan 606.21185 16.883234 nan nan nan nan nan nan nan nan nan nan nan nan nan
          nan nan nan nan nan nan nan nan nan nan nan nan nan nan nan nan nan nan nan nan
          nan nan nan nan 16.720085 nan 339.7713 nan nan nan nan nan nan nan nan nan nan nan nan nan
          nan nan nan nan nan nan nan nan nan nan nan nan nan nan nan nan nan nan nan nan
          nan nan nan nan nan nan nan nan 2.9748816 680.1482 nan nan nan nan nan nan nan nan nan nan
          nan nan nan nan nan nan nan nan nan nan nan nan nan nan nan nan nan nan nan nan
          nan nan nan nan nan nan nan nan 13.245389 443.3273 14.23843 nan nan nan nan nan nan nan nan nan
          nan nan nan nan nan nan nan nan nan nan nan nan nan nan nan nan nan nan nan nan
          nan 10.444358 nan nan nan nan nan nan nan nan nan nan 23.372696 719.7782 nan nan nan nan 33.36069 nan
          nan nan nan nan nan nan nan nan nan nan nan nan nan nan nan nan nan nan nan nan
          nan nan nan nan nan nan nan nan nan nan nan nan nan 448.58255 nan nan nan nan nan nan
          nan nan nan nan nan nan nan nan nan nan nan nan nan nan nan nan nan nan nan nan
          nan nan nan nan 14.525678 52.347027 nan nan nan nan nan nan nan nan nan nan 754.9376 21.437515 nan nan
          2.783801 57.10895 nan nan nan nan nan nan nan nan nan nan nan nan nan nan nan nan nan nan
          nan nan nan nan nan nan nan nan nan nan nan nan nan nan nan nan nan nan 448.58255 nan
          nan nan nan nan nan nan nan nan nan nan nan nan nan nan nan nan nan nan nan nan
          nan nan nan nan nan nan nan nan nan 23.467861 88.05969 nan nan nan nan nan nan nan 12.398791 1417.8008
          604.0461 553.0641 518.0886 465.51886 84.111694 nan nan nan nan nan nan nan nan nan nan nan nan nan nan nan
          nan nan nan nan nan nan nan nan nan nan nan nan nan nan nan nan nan nan nan nan
          nan 21.35823 484.62775 nan nan nan nan nan nan nan nan nan nan nan nan nan nan nan nan nan
          nan nan nan nan nan nan nan nan nan nan nan nan nan nan 123.59925 10.365712 nan nan nan nan
          nan 33.66172 1569.0477 92.08407 51.732567 2.6047318 nan 20.055468 330.7913 31.657722 nan nan nan nan nan nan nan nan nan nan
          nan nan nan nan nan nan nan nan nan nan nan nan nan nan nan nan nan nan nan nan
          nan nan nan nan nan 511.49023 1.5486512 nan nan nan nan nan nan nan nan nan nan nan nan nan
          nan nan nan nan nan nan nan nan nan nan nan nan nan nan nan nan nan nan 126.461845 10.365712
          nan 2057.1816 1947.3572 1799.2062 nan 1698.1238 56.017277 nan nan nan nan nan 15.629124 215.73833 142.82152 2.459878 nan nan nan nan
          nan nan nan nan nan nan nan nan nan nan nan nan nan nan nan nan nan nan nan nan
          nan nan nan nan nan nan nan nan nan 516.8745 nan nan nan nan nan nan nan nan nan nan
          nan nan nan nan nan nan nan nan nan nan nan nan nan nan nan nan nan nan nan nan
          nan nan 126.461845 nan 2196.222 nan nan nan 1729.349 18.202168 nan nan nan nan nan nan nan nan 32.850018 80.23403
          17.061983 nan nan nan nan nan nan nan nan nan nan nan nan nan nan nan nan nan nan nan
          nan nan nan nan nan nan nan nan nan nan nan nan nan 526.9501 nan nan nan nan nan nan
          nan nan nan nan nan nan nan nan nan nan nan nan nan nan nan nan nan nan nan nan
          nan nan nan nan nan nan 5.591783 2329.4148 nan nan nan nan 1.7817527 nan nan nan nan nan nan nan
          nan nan nan 6.766351 8.113124 nan nan nan nan nan nan nan nan nan nan nan nan nan nan nan
          nan nan nan nan nan nan nan nan nan nan nan nan nan nan nan nan nan 539.12396 nan nan
          nan nan nan nan nan nan nan nan nan nan nan nan nan nan nan nan nan nan nan nan
          nan nan nan nan nan nan nan nan nan 57.87871 2398.0715 11.125957 6.7310476 nan nan nan nan nan nan nan
          nan nan nan nan nan nan nan nan 6.766351 nan nan nan nan nan nan nan nan nan nan nan
          nan nan nan nan nan nan nan nan nan nan nan nan nan nan nan nan nan nan nan nan
          nan 556.37036 11.868194 nan nan nan nan nan nan nan nan nan nan nan nan nan nan nan nan nan
          nan nan nan nan nan nan nan nan nan nan nan nan nan 2579.5916 49.75935 nan nan nan nan nan
          nan nan nan nan nan nan nan nan nan nan nan nan nan nan nan nan nan nan nan nan
          nan nan nan nan nan nan nan nan nan nan nan nan nan nan nan nan nan nan nan nan
          nan nan nan nan nan 556.37036 17.349607 nan nan nan nan nan nan nan nan nan nan nan nan nan
          nan nan nan nan nan nan nan nan nan nan nan nan nan nan nan nan 2616.042 28.432207 0.8543412 nan
          nan nan nan nan nan nan nan nan nan nan nan nan nan nan nan nan nan nan nan nan
          nan nan nan nan nan nan nan nan nan nan nan nan nan nan nan nan nan nan nan nan
          nan nan nan nan nan nan nan nan nan 580.9898 nan nan nan nan nan nan nan nan nan nan
          nan nan nan nan nan nan nan nan nan nan nan nan nan nan nan nan nan nan nan 2744.2488
          57.868935 nan nan nan nan nan nan nan nan nan nan nan nan nan nan nan nan nan nan nan
          nan nan nan nan nan nan nan nan nan nan nan nan nan nan nan nan nan nan nan nan
          nan nan nan nan nan nan nan nan nan nan nan nan nan 580.9898 nan nan nan nan nan nan
          nan nan nan nan nan nan nan nan nan nan nan nan nan nan nan nan nan nan nan nan
          nan nan 2859.0295 41.267986 nan nan nan nan nan nan nan nan nan nan nan nan nan nan nan nan
          nan nan nan nan nan nan nan nan nan nan nan nan nan nan nan nan nan nan nan nan
          nan nan nan nan nan nan nan nan nan nan nan nan nan nan nan nan nan 580.9898 nan nan
          nan nan nan nan nan nan nan nan nan nan nan nan nan nan nan nan nan nan nan nan
          nan nan nan nan 1.5069547 2966.785 34.60562 nan nan nan nan nan nan nan nan nan nan nan nan nan
          nan nan nan nan nan nan nan nan nan nan nan nan nan nan nan nan nan nan nan nan
          nan nan nan nan nan nan nan nan nan nan nan nan nan nan nan nan nan nan nan nan
          nan 580.9898 nan nan nan nan nan nan nan nan nan nan nan nan nan nan nan nan nan nan
          nan nan nan nan nan nan nan 32.64037 3011.9321 39.085106 nan nan nan nan nan nan nan nan nan nan
          nan nan nan nan nan nan nan nan nan nan nan nan nan nan nan nan nan nan nan nan
          nan nan nan nan nan nan nan nan nan nan nan nan nan nan nan nan nan nan nan nan
          nan nan nan nan nan 582.82074 nan nan nan nan nan nan nan nan nan nan nan nan nan nan
          nan nan nan nan nan nan nan nan nan nan 8.948333 3172.293 67.09741 nan nan nan nan nan nan nan
          nan nan nan nan nan nan nan nan nan nan nan nan nan nan nan nan nan nan nan nan
          nan nan nan nan nan nan nan nan nan nan nan nan nan nan nan nan nan nan nan nan
          nan nan nan nan nan nan 9.656239 nan nan 618.1376 nan nan nan nan nan nan nan nan nan nan
          nan nan nan nan nan nan nan nan nan nan nan nan 0.41113967 nan 3230.5212 25.880621 nan nan nan nan
          nan nan nan nan nan nan nan nan nan nan nan nan nan nan nan nan nan nan nan nan
          nan nan nan nan nan nan nan nan nan nan nan nan nan nan nan nan nan nan nan nan
          nan nan nan nan nan nan nan nan nan nan 35.017757 nan nan 634.1209 nan nan nan nan nan nan
          nan nan nan nan nan nan nan nan nan nan nan nan nan nan nan 2.7520635 22.144236 41.794178 3305.9329 nan
          nan nan nan nan nan nan nan nan nan nan nan nan nan nan nan nan nan nan nan nan
          nan nan nan nan nan nan nan nan nan nan nan nan nan nan nan nan nan nan nan nan
          nan nan nan nan nan nan nan nan nan nan nan nan nan nan nan nan nan 641.87 nan nan
          nan nan nan nan nan nan nan nan nan nan nan nan nan nan nan nan nan nan nan 10.716242
          92.831726 3400.987 nan nan nan nan nan nan nan nan nan nan nan nan nan nan nan nan nan nan
          nan nan nan nan nan nan nan nan nan nan nan nan nan nan nan nan nan nan nan nan
          nan nan nan nan nan nan nan nan nan nan nan nan nan nan nan nan nan nan 33.934635 nan
          nan 641.87 nan nan nan nan nan nan nan nan nan nan nan nan nan nan nan nan nan nan
          nan nan nan nan 14.069584 3534.8184 nan nan nan nan nan nan nan nan nan nan nan nan nan nan
          nan nan nan nan nan nan nan nan nan nan nan nan nan nan nan nan nan nan nan nan
          nan nan nan nan nan nan nan nan nan nan nan nan nan nan nan nan nan nan nan nan
          nan nan 7.662451 nan nan 641.87 nan nan nan nan nan nan nan nan nan nan nan nan nan nan
          nan nan nan nan nan nan 10.625033 65.506195 3534.8184 nan nan nan nan nan nan nan nan nan nan nan
          nan nan nan nan nan nan nan nan nan nan nan nan nan nan nan nan nan nan nan nan
          nan nan nan nan nan nan nan nan nan nan nan nan nan nan nan nan nan nan nan nan
          nan nan nan nan nan nan nan nan nan 663.3763 nan nan nan nan nan nan nan nan nan nan
          nan nan nan nan nan nan nan nan nan nan 2.5328128 106.33243 3578.023 nan nan nan nan nan nan nan
          nan nan nan nan nan nan nan nan nan nan nan nan nan nan nan nan nan nan nan nan
          nan nan nan nan nan nan nan nan nan nan nan nan nan nan nan nan nan nan nan nan
          nan nan nan nan nan nan nan nan nan nan 146.55037 nan nan 669.20355 nan nan nan nan nan nan
          nan nan nan nan nan nan nan nan nan nan nan nan 5.6785097 nan 11.343609 3760.8 nan nan nan nan
          nan nan nan nan nan nan nan nan nan nan nan nan nan nan nan nan nan nan nan nan
          nan nan nan nan nan nan nan nan nan nan nan nan nan nan nan nan nan nan nan nan
          nan nan nan nan nan nan nan nan nan nan nan nan nan nan 103.17893 nan nan 681.90045 nan nan
          nan nan nan nan nan nan nan nan nan nan nan nan nan nan nan 1.2378399 6.7370114 8.795409 3811.8853 8.735759
          nan nan nan nan nan nan nan nan nan nan nan nan nan nan nan nan nan nan nan nan
          nan nan nan nan nan nan nan nan nan nan nan nan nan nan nan nan nan nan nan nan
          nan nan nan nan nan nan nan nan nan nan nan nan nan nan nan nan nan 15.3617735 57.963493 nan
          nan 684.77515 nan nan nan nan nan nan nan nan nan nan nan nan nan nan nan nan nan 7.5213327
          10.48108 28.55679 3879.8462 18.441652 16.98742 nan nan nan nan nan nan nan nan nan nan nan nan nan nan nan
          nan nan nan nan nan nan nan nan nan nan nan nan nan nan nan nan nan nan nan nan
          nan nan nan nan nan nan nan nan nan nan nan nan nan nan nan nan nan nan nan nan
          nan nan 31.280611 nan nan 697.3892 nan nan nan nan nan nan nan nan nan nan nan nan nan nan
          nan nan nan 3.409572 26.593895 3957.5881 nan nan nan nan nan nan nan nan nan nan nan nan nan nan
          nan nan nan nan nan nan nan nan nan nan nan nan nan nan nan nan nan nan nan nan
          nan nan nan nan nan nan nan nan nan nan nan nan nan nan nan nan nan nan nan nan
          nan nan nan nan nan nan 23.419323 nan nan 697.3892 nan nan nan nan nan nan nan nan nan nan
          nan nan nan nan nan nan nan nan 61.32947 nan 3980.5786 nan 16.2875 nan nan nan nan nan nan nan
          nan nan nan nan nan nan nan nan nan nan nan nan nan nan nan nan nan nan nan nan
          nan nan nan nan nan nan nan nan nan nan nan nan nan nan nan nan nan nan nan nan
          nan nan nan nan nan nan nan nan nan nan nan nan nan 697.3892 nan nan nan nan nan nan
          nan nan nan nan nan nan nan nan nan nan nan 9.074545 26.36995 61.32947 4011.2322 101.26825 nan nan nan nan
          nan nan nan nan nan nan nan nan nan nan nan nan nan nan nan nan nan nan nan nan
          nan nan nan nan nan nan nan nan nan nan nan nan nan nan nan nan nan nan nan nan
          nan nan nan nan nan nan nan nan nan nan nan nan nan nan nan nan nan nan 709.44666 nan
          nan nan nan nan nan nan nan nan nan nan nan nan nan nan nan nan nan 42.549515 4244.3433 nan
          nan nan nan nan nan nan nan nan nan nan nan nan nan nan nan nan nan nan nan nan
          nan nan nan nan nan nan nan nan nan nan nan nan nan nan nan nan nan nan nan nan
          nan nan nan nan nan nan nan nan nan nan nan nan nan nan nan nan nan nan nan nan
          nan nan 716.8516 nan nan nan nan nan nan nan nan nan nan nan nan nan nan nan nan 7.3529773
          16.035019 nan 4362.399 nan nan nan nan nan nan nan nan nan nan nan nan nan nan nan nan nan
          nan nan nan nan nan nan nan nan nan nan nan nan nan nan nan nan nan nan nan nan
          nan nan nan nan nan nan nan nan nan nan nan nan nan nan nan nan nan nan nan nan
          nan nan nan nan nan nan nan 749.0583 759.2871 nan nan nan nan nan nan nan nan nan nan nan
          nan nan nan nan nan 16.035019 4424.811 nan nan nan nan nan nan nan nan nan nan nan nan nan
          nan nan nan nan nan nan nan nan nan nan nan nan nan nan nan nan nan nan nan nan
          nan nan nan nan nan nan nan nan nan nan nan nan nan nan nan nan nan nan nan nan
          nan nan nan nan nan nan nan nan nan nan nan nan nan 759.2871 759.2871 770.71277 776.7831 3.0864387 nan nan
          nan nan nan nan nan nan nan nan nan 4488.9385 38.32296 nan nan nan nan nan nan nan nan nan
          nan nan nan nan nan nan nan nan nan nan nan nan nan nan nan nan nan nan nan nan
          nan nan nan nan nan nan nan nan nan nan nan nan nan nan nan nan nan nan nan nan
          nan nan nan nan nan nan nan nan nan nan nan nan nan nan nan nan nan nan nan nan
          nan 821.69214 nan nan nan nan nan nan nan nan nan nan nan 4596.5356 10.801207 nan nan nan nan nan
          nan nan nan nan nan nan nan nan nan nan nan nan nan nan nan nan nan nan nan nan
          nan nan nan nan nan nan nan nan nan nan nan nan nan nan nan nan nan nan nan nan
          nan nan nan nan nan nan nan nan nan nan nan nan nan nan nan nan nan nan 1.6592168 nan
          nan nan nan nan nan nan 848.2171 5.117265 nan nan nan nan nan nan nan nan nan 4647.18 nan nan
          nan nan nan nan nan nan nan nan nan nan nan nan nan nan nan nan nan nan nan nan
          nan nan nan nan nan nan nan nan nan nan nan nan nan nan nan nan nan nan nan nan
          nan nan nan nan nan nan nan nan nan nan nan nan nan nan nan nan nan nan nan nan
          nan nan 10.6583805 8.548947 0.8506227 10.449435 26.298878 107.51763 119.308945 119.308945 119.308945 1015.1013 1055.9933 nan nan nan nan nan nan nan
          4721.097 4.9418917 nan nan nan nan nan nan nan nan nan nan nan nan nan nan nan nan nan nan
          nan nan nan nan nan nan nan nan nan nan nan nan nan nan nan nan nan nan nan nan
          nan nan nan nan nan nan nan nan nan nan nan nan nan nan nan nan nan nan nan nan
          nan nan nan nan nan nan nan 17.560488 40.69964 48.82439 53.521988 nan nan nan nan nan 0.2857681 1083.2024 1138.5206 3.4082463
          15.46066 nan nan 47.152557 4832.475 nan nan nan nan nan nan nan nan nan nan nan nan nan nan nan
          nan nan nan nan nan nan nan nan nan nan nan nan nan nan nan nan nan nan nan nan
          nan nan nan nan nan nan nan nan nan nan nan nan nan nan nan nan nan nan nan nan
          nan nan nan nan nan nan nan 
        </DataArray>
      </CellData>
      <Points>
        <DataArray type="Float64" Name="Points" NumberOfComponents="3" format="ascii">
          264987.50 6785762.50 128.22 265012.50 6785762.50 128.70 265037.50 6785762.50 129.02 265062.50 6785762.50 129.22 265087.50 6785762.50 129.37 
          265112.50 6785762.50 129.47 265137.50 6785762.50 129.56 265162.50 6785762.50 129.61 265187.50 6785762.50 129.65 
          265212.50 6785762.50 129.66 265237.50 6785762.50 129.66 265262.50 6785762.50 129.64 265287.50 6785762.50 129.61 
          265312.50 6785762.50 129.55 265337.50 6785762.50 129.49 265362.50 6785762.50 129.40 265387.50 6785762.50 129.31 
          265412.50 6785762.50 129.19 265437.50 6785762.50 129.05 265462.50 6785762.50 128.88 265487.50 6785762.50 128.69 
          265512.50 6785762.50 128.45 265537.50 6785762.50 128.14 265562.50 6785762.50 127.61 265587.50 6785762.50 127.32 
          265612.50 6785762.50 127.51 265637.50 6785762.50 127.82 265662.50 6785762.50 127.94 265687.50 6785762.50 127.98 
          265712.50 6785762.50 127.98 265737.50 6785762.50 127.94 265762.50 6785762.50 127.88 265787.50 6785762.50 127.79 
          265812.50 6785762.50 127.69 265837.50 6785762.50 127.56 265862.50 6785762.50 127.42 265887.50 6785762.50 127.26 
          265912.50 6785762.50 127.09 265937.50 6785762.50 126.90 265962.50 6785762.50 126.68 265987.50 6785762.50 126.46 
          266012.50 6785762.50 126.21 266037.50 6785762.50 125.95 266062.50 6785762.50 125.67 266087.50 6785762.50 125.37 
          266112.50 6785762.50 125.05 266137.50 6785762.50 124.72 266162.50 6785762.50 124.37 266187.50 6785762.50 124.00 
          266212.50 6785762.50 123.61 266237.50 6785762.50 123.19 266262.50 6785762.50 122.74 266287.50 6785762.50 122.28 
          266312.50 6785762.50 121.78 266337.50 6785762.50 121.27 266362.50 6785762.50 120.74 266387.50 6785762.50 120.19 
          266412.50 6785762.50 119.63 266437.50 6785762.50 119.05 266462.50 6785762.50 118.44 266487.50 6785762.50 117.82 
          266512.50 6785762.50 117.16 266537.50 6785762.50 116.48 266562.50 6785762.50 115.77 266587.50 6785762.50 115.04 
          266612.50 6785762.50 114.31 266637.50 6785762.50 113.56 266662.50 6785762.50 112.83 266687.50 6785762.50 112.08 
          266712.50 6785762.50 111.35 266737.50 6785762.50 110.67 266762.50 6785762.50 110.01 266787.50 6785762.50 109.38 
          266812.50 6785762.50 108.76 266837.50 6785762.50 108.10 266862.50 6785762.50 107.41 266887.50 6785762.50 106.72 
          266912.50 6785762.50 106.07 266937.50 6785762.50 105.53 266962.50 6785762.50 105.11 266987.50 6785762.50 104.79 
          267012.50 6785762.50 104.43 267037.50 6785762.50 105.17 267062.50 6785762.50 105.43 267087.50 6785762.50 105.43 
          264987.50 6785737.50 128.70 265012.50 6785737.50 128.91 265037.50 6785737.50 129.10 265062.50 6785737.50 129.26 
          265087.50 6785737.50 129.38 265112.50 6785737.50 129.48 265137.50 6785737.50 129.56 265162.50 6785737.50 129.61 
          265187.50 6785737.50 129.64 265212.50 6785737.50 129.66 265237.50 6785737.50 129.65 265262.50 6785737.50 129.63 
          265287.50 6785737.50 129.60 265312.50 6785737.50 129.54 265337.50 6785737.50 129.48 265362.50 6785737.50 129.40 
          265387.50 6785737.50 129.30 265412.50 6785737.50 129.19 265437.50 6785737.50 129.05 265462.50 6785737.50 128.89 
          265487.50 6785737.50 128.71 265512.50 6785737.50 128.50 265537.50 6785737.50 128.27 265562.50 6785737.50 128.01 
          265587.50 6785737.50 127.86 265612.50 6785737.50 127.86 265637.50 6785737.50 127.94 265662.50 6785737.50 127.99 
          265687.50 6785737.50 128.01 265712.50 6785737.50 127.99 265737.50 6785737.50 127.95 265762.50 6785737.50 127.88 
          265787.50 6785737.50 127.79 265812.50 6785737.50 127.68 265837.50 6785737.50 127.55 265862.50 6785737.50 127.41 
          265887.50 6785737.50 127.25 265912.50 6785737.50 127.08 265937.50 6785737.50 126.88 265962.50 6785737.50 126.67 
          265987.50 6785737.50 126.45 266012.50 6785737.50 126.20 266037.50 6785737.50 125.94 266062.50 6785737.50 125.66 
          266087.50 6785737.50 125.36 266112.50 6785737.50 125.05 266137.50 6785737.50 124.71 266162.50 6785737.50 124.37 
          266187.50 6785737.50 123.99 266212.50 6785737.50 123.60 266237.50 6785737.50 123.18 266262.50 6785737.50 122.73 
          266287.50 6785737.50 122.27 266312.50 6785737.50 121.77 266337.50 6785737.50 121.26 266362.50 6785737.50 120.73 
          266387.50 6785737.50 120.19 266412.50 6785737.50 119.63 266437.50 6785737.50 119.05 266462.50 6785737.50 118.44 
          266487.50 6785737.50 117.81 266512.50 6785737.50 117.16 266537.50 6785737.50 116.48 266562.50 6785737.50 115.77 
          266587.50 6785737.50 115.03 266612.50 6785737.50 114.28 266637.50 6785737.50 113.53 266662.50 6785737.50 112.80 
          266687.50 6785737.50 112.05 266712.50 6785737.50 111.32 266737.50 6785737.50 110.62 266762.50 6785737.50 109.96 
          266787.50 6785737.50 109.33 266812.50 6785737.50 108.71 266837.50 6785737.50 108.08 266862.50 6785737.50 107.39 
          266887.50 6785737.50 106.65 266912.50 6785737.50 105.95 266937.50 6785737.50 105.36 266962.50 6785737.50 104.95 
          266987.50 6785737.50 104.43 267012.50 6785737.50 105.10 267037.50 6785737.50 105.47 267062.50 6785737.50 105.66 
          267087.50 6785737.50 105.66 264987.50 6785712.50 128.99 265012.50 6785712.50 129.08 265037.50 6785712.50 129.19 
          265062.50 6785712.50 129.31 265087.50 6785712.50 129.41 265112.50 6785712.50 129.49 265137.50 6785712.50 129.56 
          265162.50 6785712.50 129.60 265187.50 6785712.50 129.63 265212.50 6785712.50 129.64 265237.50 6785712.50 129.63 
          265262.50 6785712.50 129.61 265287.50 6785712.50 129.58 265312.50 6785712.50 129.53 265337.50 6785712.50 129.46 
          265362.50 6785712.50 129.38 265387.50 6785712.50 129.29 265412.50 6785712.50 129.18 265437.50 6785712.50 129.05 
          265462.50 6785712.50 128.91 265487.50 6785712.50 128.75 265512.50 6785712.50 128.57 265537.50 6785712.50 128.39 
          265562.50 6785712.50 128.22 265587.50 6785712.50 128.11 265612.50 6785712.50 128.06 265637.50 6785712.50 128.06 
          265662.50 6785712.50 128.06 265687.50 6785712.50 128.04 265712.50 6785712.50 128.01 265737.50 6785712.50 127.95 
          265762.50 6785712.50 127.88 265787.50 6785712.50 127.78 265812.50 6785712.50 127.67 265837.50 6785712.50 127.54 
          265862.50 6785712.50 127.39 265887.50 6785712.50 127.23 265912.50 6785712.50 127.06 265937.50 6785712.50 126.86 
          265962.50 6785712.50 126.65 265987.50 6785712.50 126.42 266012.50 6785712.50 126.18 266037.50 6785712.50 125.91 
          266062.50 6785712.50 125.63 266087.50 6785712.50 125.34 266112.50 6785712.50 125.03 266137.50 6785712.50 124.70 
          266162.50 6785712.50 124.35 266187.50 6785712.50 123.97 266212.50 6785712.50 123.58 266237.50 6785712.50 123.16 
          266262.50 6785712.50 122.72 266287.50 6785712.50 122.25 266312.50 6785712.50 121.76 266337.50 6785712.50 121.25 
          266362.50 6785712.50 120.73 266387.50 6785712.50 120.19 266412.50 6785712.50 119.63 266437.50 6785712.50 119.05 
          266462.50 6785712.50 118.44 266487.50 6785712.50 117.81 266512.50 6785712.50 117.16 266537.50 6785712.50 116.47 
          266562.50 6785712.50 115.76 266587.50 6785712.50 115.01 266612.50 6785712.50 114.25 266637.50 6785712.50 113.49 
          266662.50 6785712.50 112.72 266687.50 6785712.50 111.97 266712.50 6785712.50 111.24 266737.50 6785712.50 110.55 
          266762.50 6785712.50 109.88 266787.50 6785712.50 109.24 266812.50 6785712.50 108.64 266837.50 6785712.50 108.01 
          266862.50 6785712.50 107.34 266887.50 6785712.50 106.54 266912.50 6785712.50 105.65 266937.50 6785712.50 104.91 
          266962.50 6785712.50 104.54 266987.50 6785712.50 105.27 267012.50 6785712.50 105.67 267037.50 6785712.50 105.93 
          267062.50 6785712.50 106.07 267087.50 6785712.50 106.07 264987.50 6785687.50 129.16 265012.50 6785687.50 129.20 
          265037.50 6785687.50 129.27 265062.50 6785687.50 129.36 265087.50 6785687.50 129.43 265112.50 6785687.50 129.50 
          265137.50 6785687.50 129.55 265162.50 6785687.50 129.59 265187.50 6785687.50 129.61 265212.50 6785687.50 129.62 
          265237.50 6785687.50 129.61 265262.50 6785687.50 129.58 265287.50 6785687.50 129.55 265312.50 6785687.50 129.50 
          265337.50 6785687.50 129.43 265362.50 6785687.50 129.36 265387.50 6785687.50 129.27 265412.50 6785687.50 129.17 
          265437.50 6785687.50 129.05 265462.50 6785687.50 128.92 265487.50 6785687.50 128.78 265512.50 6785687.50 128.64 
          265537.50 6785687.50 128.49 265562.50 6785687.50 128.36 265587.50 6785687.50 128.25 265612.50 6785687.50 128.19 
          265637.50 6785687.50 128.15 265662.50 6785687.50 128.11 265687.50 6785687.50 128.07 265712.50 6785687.50 128.02 
          265737.50 6785687.50 127.95 265762.50 6785687.50 127.87 265787.50 6785687.50 127.77 265812.50 6785687.50 127.65 
          265837.50 6785687.50 127.52 265862.50 6785687.50 127.37 265887.50 6785687.50 127.20 265912.50 6785687.50 127.02 
          265937.50 6785687.50 126.82 265962.50 6785687.50 126.61 265987.50 6785687.50 126.38 266012.50 6785687.50 126.14 
          266037.50 6785687.50 125.88 266062.50 6785687.50 125.60 266087.50 6785687.50 125.31 266112.50 6785687.50 125.00 
          266137.50 6785687.50 124.67 266162.50 6785687.50 124.32 266187.50 6785687.50 123.95 266212.50 6785687.50 123.56 
          266237.50 6785687.50 123.14 266262.50 6785687.50 122.69 266287.50 6785687.50 122.22 266312.50 6785687.50 121.74 
          266337.50 6785687.50 121.24 266362.50 6785687.50 120.72 266387.50 6785687.50 120.19 266412.50 6785687.50 119.63 
          266437.50 6785687.50 119.06 266462.50 6785687.50 118.45 266487.50 6785687.50 117.82 266512.50 6785687.50 117.16 
          266537.50 6785687.50 116.48 266562.50 6785687.50 115.75 266587.50 6785687.50 115.00 266612.50 6785687.50 114.22 
          266637.50 6785687.50 113.43 266662.50 6785687.50 112.64 266687.50 6785687.50 111.85 266712.50 6785687.50 111.12 
          266737.50 6785687.50 110.43 266762.50 6785687.50 109.76 266787.50 6785687.50 109.12 266812.50 6785687.50 108.56 
          266837.50 6785687.50 107.98 266862.50 6785687.50 107.36 266887.50 6785687.50 106.48 266912.50 6785687.50 104.57 
          266937.50 6785687.50 104.84 266962.50 6785687.50 105.64 266987.50 6785687.50 106.03 267012.50 6785687.50 106.31 
          267037.50 6785687.50 106.51 267062.50 6785687.50 106.62 267087.50 6785687.50 106.62 264987.50 6785662.50 129.26 
          265012.50 6785662.50 129.28 265037.50 6785662.50 129.33 265062.50 6785662.50 129.39 265087.50 6785662.50 129.44 
          265112.50 6785662.50 129.49 265137.50 6785662.50 129.53 265162.50 6785662.50 129.56 265187.50 6785662.50 129.57 
          265212.50 6785662.50 129.58 265237.50 6785662.50 129.56 265262.50 6785662.50 129.54 265287.50 6785662.50 129.50 
          265312.50 6785662.50 129.45 265337.50 6785662.50 129.39 265362.50 6785662.50 129.33 265387.50 6785662.50 129.25 
          265412.50 6785662.50 129.15 265437.50 6785662.50 129.04 265462.50 6785662.50 128.93 265487.50 6785662.50 128.80 
          265512.50 6785662.50 128.68 265537.50 6785662.50 128.56 265562.50 6785662.50 128.44 265587.50 6785662.50 128.35 
          265612.50 6785662.50 128.27 265637.50 6785662.50 128.21 265662.50 6785662.50 128.15 265687.50 6785662.50 128.09 
          265712.50 6785662.50 128.03 265737.50 6785662.50 127.95 265762.50 6785662.50 127.85 265787.50 6785662.50 127.74 
          265812.50 6785662.50 127.62 265837.50 6785662.50 127.48 265862.50 6785662.50 127.33 265887.50 6785662.50 127.16 
          265912.50 6785662.50 126.97 265937.50 6785662.50 126.78 265962.50 6785662.50 126.57 265987.50 6785662.50 126.34 
          266012.50 6785662.50 126.09 266037.50 6785662.50 125.83 266062.50 6785662.50 125.56 266087.50 6785662.50 125.26 
          266112.50 6785662.50 124.96 266137.50 6785662.50 124.63 266162.50 6785662.50 124.29 266187.50 6785662.50 123.92 
          266212.50 6785662.50 123.53 266237.50 6785662.50 123.12 266262.50 6785662.50 122.66 266287.50 6785662.50 122.20 
          266312.50 6785662.50 121.72 266337.50 6785662.50 121.23 266362.50 6785662.50 120.72 266387.50 6785662.50 120.19 
          266412.50 6785662.50 119.64 266437.50 6785662.50 119.07 266462.50 6785662.50 118.46 266487.50 6785662.50 117.84 
          266512.50 6785662.50 117.18 266537.50 6785662.50 116.49 266562.50 6785662.50 115.75 266587.50 6785662.50 114.98 
          266612.50 6785662.50 114.18 266637.50 6785662.50 113.36 266662.50 6785662.50 112.52 266687.50 6785662.50 111.67 
          266712.50 6785662.50 110.96 266737.50 6785662.50 110.28 266762.50 6785662.50 109.59 266787.50 6785662.50 108.91 
          266812.50 6785662.50 108.44 266837.50 6785662.50 107.95 266862.50 6785662.50 107.57 266887.50 6785662.50 106.98 
          266912.50 6785662.50 105.93 266937.50 6785662.50 106.30 266962.50 6785662.50 106.60 266987.50 6785662.50 106.85 
          267012.50 6785662.50 107.04 267037.50 6785662.50 107.19 267062.50 6785662.50 107.27 267087.50 6785662.50 107.27 
          264987.50 6785637.50 129.31 265012.50 6785637.50 129.33 265037.50 6785637.50 129.36 265062.50 6785637.50 129.40 
          265087.50 6785637.50 129.44 265112.50 6785637.50 129.47 265137.50 6785637.50 129.50 265162.50 6785637.50 129.52 
          265187.50 6785637.50 129.52 265212.50 6785637.50 129.52 265237.50 6785637.50 129.51 265262.50 6785637.50 129.48 
          265287.50 6785637.50 129.45 265312.50 6785637.50 129.40 265337.50 6785637.50 129.34 265362.50 6785637.50 129.28 
          265387.50 6785637.50 129.20 265412.50 6785637.50 129.12 265437.50 6785637.50 129.02 265462.50 6785637.50 128.92 
          265487.50 6785637.50 128.81 265512.50 6785637.50 128.70 265537.50 6785637.50 128.59 265562.50 6785637.50 128.49 
          265587.50 6785637.50 128.40 265612.50 6785637.50 128.32 265637.50 6785637.50 128.24 265662.50 6785637.50 128.17 
          265687.50 6785637.50 128.10 265712.50 6785637.50 128.02 265737.50 6785637.50 127.93 265762.50 6785637.50 127.82 
          265787.50 6785637.50 127.71 265812.50 6785637.50 127.58 265837.50 6785637.50 127.43 265862.50 6785637.50 127.27 
          265887.50 6785637.50 127.10 265912.50 6785637.50 126.92 265937.50 6785637.50 126.72 265962.50 6785637.50 126.50 
          265987.50 6785637.50 126.28 266012.50 6785637.50 126.03 266037.50 6785637.50 125.77 266062.50 6785637.50 125.50 
          266087.50 6785637.50 125.21 266112.50 6785637.50 124.91 266137.50 6785637.50 124.58 266162.50 6785637.50 124.24 
          266187.50 6785637.50 123.88 266212.50 6785637.50 123.50 266237.50 6785637.50 123.09 266262.50 6785637.50 122.64 
          266287.50 6785637.50 122.19 266312.50 6785637.50 121.71 266337.50 6785637.50 121.23 266362.50 6785637.50 120.72 
          266387.50 6785637.50 120.20 266412.50 6785637.50 119.65 266437.50 6785637.50 119.08 266462.50 6785637.50 118.49 
          266487.50 6785637.50 117.87 266512.50 6785637.50 117.21 266537.50 6785637.50 116.52 266562.50 6785637.50 115.77 
          266587.50 6785637.50 114.99 266612.50 6785637.50 114.15 266637.50 6785637.50 113.28 266662.50 6785637.50 112.36 
          266687.50 6785637.50 111.31 266712.50 6785637.50 110.70 266737.50 6785637.50 110.10 266762.50 6785637.50 109.31 
          266787.50 6785637.50 108.81 266812.50 6785637.50 108.21 266837.50 6785637.50 107.54 266862.50 6785637.50 107.90 
          266887.50 6785637.50 107.73 266912.50 6785637.50 107.43 266937.50 6785637.50 107.45 266962.50 6785637.50 107.56 
          266987.50 6785637.50 107.70 267012.50 6785637.50 107.82 267037.50 6785637.50 107.92 267062.50 6785637.50 107.98 
          267087.50 6785637.50 107.98 264987.50 6785612.50 129.32 265012.50 6785612.50 129.33 265037.50 6785612.50 129.35 
          265062.50 6785612.50 129.38 265087.50 6785612.50 129.41 265112.50 6785612.50 129.43 265137.50 6785612.50 129.45 
          265162.50 6785612.50 129.46 265187.50 6785612.50 129.46 265212.50 6785612.50 129.45 265237.50 6785612.50 129.44 
          265262.50 6785612.50 129.41 265287.50 6785612.50 129.38 265312.50 6785612.50 129.33 265337.50 6785612.50 129.27 
          265362.50 6785612.50 129.21 265387.50 6785612.50 129.15 265412.50 6785612.50 129.07 265437.50 6785612.50 128.98 
          265462.50 6785612.50 128.89 265487.50 6785612.50 128.79 265512.50 6785612.50 128.69 265537.50 6785612.50 128.60 
          265562.50 6785612.50 128.50 265587.50 6785612.50 128.41 265612.50 6785612.50 128.33 265637.50 6785612.50 128.25 
          265662.50 6785612.50 128.17 265687.50 6785612.50 128.08 265712.50 6785612.50 127.99 265737.50 6785612.50 127.89 
          265762.50 6785612.50 127.78 265787.50 6785612.50 127.66 265812.50 6785612.50 127.52 265837.50 6785612.50 127.37 
          265862.50 6785612.50 127.21 265887.50 6785612.50 127.03 265912.50 6785612.50 126.85 265937.50 6785612.50 126.65 
          265962.50 6785612.50 126.43 265987.50 6785612.50 126.20 266012.50 6785612.50 125.96 266037.50 6785612.50 125.70 
          266062.50 6785612.50 125.43 266087.50 6785612.50 125.15 266112.50 6785612.50 124.85 266137.50 6785612.50 124.53 
          266162.50 6785612.50 124.19 266187.50 6785612.50 123.84 266212.50 6785612.50 123.46 266237.50 6785612.50 123.05 
          266262.50 6785612.50 122.62 266287.50 6785612.50 122.18 266312.50 6785612.50 121.71 266337.50 6785612.50 121.23 
          266362.50 6785612.50 120.74 266387.50 6785612.50 120.22 266412.50 6785612.50 119.68 266437.50 6785612.50 119.12 
          266462.50 6785612.50 118.54 266487.50 6785612.50 117.92 266512.50 6785612.50 117.28 266537.50 6785612.50 116.58 
          266562.50 6785612.50 115.83 266587.50 6785612.50 115.03 266612.50 6785612.50 114.10 266637.50 6785612.50 113.20 
          266662.50 6785612.50 112.21 266687.50 6785612.50 111.12 266712.50 6785612.50 110.42 266737.50 6785612.50 109.91 
          266762.50 6785612.50 109.41 266787.50 6785612.50 109.15 266812.50 6785612.50 108.52 266837.50 6785612.50 108.31 
          266862.50 6785612.50 108.54 266887.50 6785612.50 108.51 266912.50 6785612.50 108.41 266937.50 6785612.50 108.43 
          266962.50 6785612.50 108.48 266987.50 6785612.50 108.55 267012.50 6785612.50 108.63 267037.50 6785612.50 108.68 
          267062.50 6785612.50 108.71 267087.50 6785612.50 108.71 264987.50 6785587.50 129.30 265012.50 6785587.50 129.31 
          265037.50 6785587.50 129.32 265062.50 6785587.50 129.34 265087.50 6785587.50 129.35 265112.50 6785587.50 129.37 
          265137.50 6785587.50 129.38 265162.50 6785587.50 129.38 265187.50 6785587.50 129.38 265212.50 6785587.50 129.36 
          265237.50 6785587.50 129.34 265262.50 6785587.50 129.32 265287.50 6785587.50 129.28 265312.50 6785587.50 129.24 
          265337.50 6785587.50 129.19 265362.50 6785587.50 129.13 265387.50 6785587.50 129.07 265412.50 6785587.50 129.00 
          265437.50 6785587.50 128.92 265462.50 6785587.50 128.84 265487.50 6785587.50 128.75 265512.50 6785587.50 128.66 
          265537.50 6785587.50 128.57 265562.50 6785587.50 128.48 265587.50 6785587.50 128.39 265612.50 6785587.50 128.31 
          265637.50 6785587.50 128.22 265662.50 6785587.50 128.14 265687.50 6785587.50 128.05 265712.50 6785587.50 127.95 
          265737.50 6785587.50 127.84 265762.50 6785587.50 127.72 265787.50 6785587.50 127.59 265812.50 6785587.50 127.45 
          265837.50 6785587.50 127.29 265862.50 6785587.50 127.13 265887.50 6785587.50 126.95 265912.50 6785587.50 126.76 
          265937.50 6785587.50 126.56 265962.50 6785587.50 126.34 265987.50 6785587.50 126.11 266012.50 6785587.50 125.87 
          266037.50 6785587.50 125.62 266062.50 6785587.50 125.35 266087.50 6785587.50 125.07 266112.50 6785587.50 124.78 
          266137.50 6785587.50 124.46 266162.50 6785587.50 124.13 266187.50 6785587.50 123.79 266212.50 6785587.50 123.42 
          266237.50 6785587.50 123.02 266262.50 6785587.50 122.60 266287.50 6785587.50 122.16 266312.50 6785587.50 121.71 
          266337.50 6785587.50 121.24 266362.50 6785587.50 120.75 266387.50 6785587.50 120.25 266412.50 6785587.50 119.72 
          266437.50 6785587.50 119.17 266462.50 6785587.50 118.61 266487.50 6785587.50 118.01 266512.50 6785587.50 117.38 
          266537.50 6785587.50 116.69 266562.50 6785587.50 115.95 266587.50 6785587.50 115.16 266612.50 6785587.50 114.31 
          266637.50 6785587.50 113.40 266662.50 6785587.50 112.50 266687.50 6785587.50 111.51 266712.50 6785587.50 110.81 
          266737.50 6785587.50 110.31 266762.50 6785587.50 109.81 266787.50 6785587.50 109.51 266812.50 6785587.50 109.40 
          266837.50 6785587.50 109.33 266862.50 6785587.50 109.32 266887.50 6785587.50 109.30 266912.50 6785587.50 109.28 
          266937.50 6785587.50 109.29 266962.50 6785587.50 109.31 266987.50 6785587.50 109.35 267012.50 6785587.50 109.41 
          267037.50 6785587.50 109.45 267062.50 6785587.50 109.47 267087.50 6785587.50 109.47 264987.50 6785562.50 129.24 
          265012.50 6785562.50 129.25 265037.50 6785562.50 129.25 265062.50 6785562.50 129.26 265087.50 6785562.50 129.27 
          265112.50 6785562.50 129.28 265137.50 6785562.50 129.28 265162.50 6785562.50 129.28 265187.50 6785562.50 129.27 
          265212.50 6785562.50 129.25 265237.50 6785562.50 129.23 265262.50 6785562.50 129.21 265287.50 6785562.50 129.17 
          265312.50 6785562.50 129.13 265337.50 6785562.50 129.08 265362.50 6785562.50 129.03 265387.50 6785562.50 128.97 
          265412.50 6785562.50 128.91 265437.50 6785562.50 128.84 265462.50 6785562.50 128.76 265487.50 6785562.50 128.69 
          265512.50 6785562.50 128.60 265537.50 6785562.50 128.52 265562.50 6785562.50 128.43 265587.50 6785562.50 128.35 
          265612.50 6785562.50 128.26 265637.50 6785562.50 128.18 265662.50 6785562.50 128.08 265687.50 6785562.50 127.99 
          265712.50 6785562.50 127.88 265737.50 6785562.50 127.77 265762.50 6785562.50 127.64 265787.50 6785562.50 127.51 
          265812.50 6785562.50 127.36 265837.50 6785562.50 127.20 265862.50 6785562.50 127.03 265887.50 6785562.50 126.85 
          265912.50 6785562.50 126.66 265937.50 6785562.50 126.45 265962.50 6785562.50 126.24 265987.50 6785562.50 126.01 
          266012.50 6785562.50 125.77 266037.50 6785562.50 125.52 266062.50 6785562.50 125.26 266087.50 6785562.50 124.99 
          266112.50 6785562.50 124.69 266137.50 6785562.50 124.39 266162.50 6785562.50 124.06 266187.50 6785562.50 123.73 
          266212.50 6785562.50 123.36 266237.50 6785562.50 122.97 266262.50 6785562.50 122.57 266287.50 6785562.50 122.15 
          266312.50 6785562.50 121.71 266337.50 6785562.50 121.25 266362.50 6785562.50 120.78 266387.50 6785562.50 120.29 
          266412.50 6785562.50 119.77 266437.50 6785562.50 119.25 266462.50 6785562.50 118.70 266487.50 6785562.50 118.13 
          266512.50 6785562.50 117.51 266537.50 6785562.50 116.83 266562.50 6785562.50 116.11 266587.50 6785562.50 115.32 
          266612.50 6785562.50 114.50 266637.50 6785562.50 113.61 266662.50 6785562.50 112.91 266687.50 6785562.50 112.29 
          266712.50 6785562.50 111.67 266737.50 6785562.50 111.13 266762.50 6785562.50 110.64 266787.50 6785562.50 110.21 
          266812.50 6785562.50 110.11 266837.50 6785562.50 110.14 266862.50 6785562.50 110.14 266887.50 6785562.50 110.12 
          266912.50 6785562.50 110.10 266937.50 6785562.50 110.11 266962.50 6785562.50 110.14 266987.50 6785562.50 110.17 
          267012.50 6785562.50 110.19 267037.50 6785562.50 110.22 267062.50 6785562.50 110.23 267087.50 6785562.50 110.23 
          264987.50 6785537.50 129.16 265012.50 6785537.50 129.16 265037.50 6785537.50 129.16 265062.50 6785537.50 129.16 
          265087.50 6785537.50 129.17 265112.50 6785537.50 129.17 265137.50 6785537.50 129.16 265162.50 6785537.50 129.15 
          265187.50 6785537.50 129.14 265212.50 6785537.50 129.12 265237.50 6785537.50 129.10 265262.50 6785537.50 129.07 
          265287.50 6785537.50 129.04 265312.50 6785537.50 129.00 265337.50 6785537.50 128.96 265362.50 6785537.50 128.91 
          265387.50 6785537.50 128.86 265412.50 6785537.50 128.80 265437.50 6785537.50 128.73 265462.50 6785537.50 128.67 
          265487.50 6785537.50 128.60 265512.50 6785537.50 128.52 265537.50 6785537.50 128.44 265562.50 6785537.50 128.36 
          265587.50 6785537.50 128.28 265612.50 6785537.50 128.19 265637.50 6785537.50 128.10 265662.50 6785537.50 128.00 
          265687.50 6785537.50 127.90 265712.50 6785537.50 127.79 265737.50 6785537.50 127.67 265762.50 6785537.50 127.54 
          265787.50 6785537.50 127.40 265812.50 6785537.50 127.25 265837.50 6785537.50 127.09 265862.50 6785537.50 126.92 
          265887.50 6785537.50 126.74 265912.50 6785537.50 126.54 265937.50 6785537.50 126.34 265962.50 6785537.50 126.12 
          265987.50 6785537.50 125.90 266012.50 6785537.50 125.66 266037.50 6785537.50 125.41 266062.50 6785537.50 125.16 
          266087.50 6785537.50 124.88 266112.50 6785537.50 124.60 266137.50 6785537.50 124.30 266162.50 6785537.50 123.99 
          266187.50 6785537.50 123.65 266212.50 6785537.50 123.30 266237.50 6785537.50 122.92 266262.50 6785537.50 122.53 
          266287.50 6785537.50 122.13 266312.50 6785537.50 121.71 266337.50 6785537.50 121.27 266362.50 6785537.50 120.81 
          266387.50 6785537.50 120.34 266412.50 6785537.50 119.84 266437.50 6785537.50 119.34 266462.50 6785537.50 118.81 
          266487.50 6785537.50 118.26 266512.50 6785537.50 117.67 266537.50 6785537.50 117.02 266562.50 6785537.50 116.31 
          266587.50 6785537.50 115.41 266612.50 6785537.50 114.90 266637.50 6785537.50 114.20 266662.50 6785537.50 113.50 
          266687.50 6785537.50 112.93 266712.50 6785537.50 112.30 266737.50 6785537.50 111.77 266762.50 6785537.50 111.21 
          266787.50 6785537.50 111.07 266812.50 6785537.50 110.99 266837.50 6785537.50 110.93 266862.50 6785537.50 110.92 
          266887.50 6785537.50 110.91 266912.50 6785537.50 110.90 266937.50 6785537.50 110.90 266962.50 6785537.50 110.91 
          266987.50 6785537.50 110.94 267012.50 6785537.50 110.95 267037.50 6785537.50 110.97 267062.50 6785537.50 110.99 
          267087.50 6785537.50 110.99 264987.50 6785512.50 129.04 265012.50 6785512.50 129.03 265037.50 6785512.50 129.03 
          265062.50 6785512.50 129.03 265087.50 6785512.50 129.03 265112.50 6785512.50 129.02 265137.50 6785512.50 129.02 
          265162.50 6785512.50 129.00 265187.50 6785512.50 128.99 265212.50 6785512.50 128.97 265237.50 6785512.50 128.94 
          265262.50 6785512.50 128.92 265287.50 6785512.50 128.89 265312.50 6785512.50 128.85 265337.50 6785512.50 128.81 
          265362.50 6785512.50 128.77 265387.50 6785512.50 128.72 265412.50 6785512.50 128.67 265437.50 6785512.50 128.61 
          265462.50 6785512.50 128.55 265487.50 6785512.50 128.48 265512.50 6785512.50 128.41 265537.50 6785512.50 128.34 
          265562.50 6785512.50 128.26 265587.50 6785512.50 128.18 265612.50 6785512.50 128.09 265637.50 6785512.50 128.00 
          265662.50 6785512.50 127.90 265687.50 6785512.50 127.80 265712.50 6785512.50 127.68 265737.50 6785512.50 127.56 
          265762.50 6785512.50 127.42 265787.50 6785512.50 127.28 265812.50 6785512.50 127.13 265837.50 6785512.50 126.96 
          265862.50 6785512.50 126.79 265887.50 6785512.50 126.61 265912.50 6785512.50 126.41 265937.50 6785512.50 126.20 
          265962.50 6785512.50 125.99 265987.50 6785512.50 125.76 266012.50 6785512.50 125.53 266037.50 6785512.50 125.29 
          266062.50 6785512.50 125.04 266087.50 6785512.50 124.77 266112.50 6785512.50 124.49 266137.50 6785512.50 124.20 
          266162.50 6785512.50 123.89 266187.50 6785512.50 123.57 266212.50 6785512.50 123.22 266237.50 6785512.50 122.86 
          266262.50 6785512.50 122.49 266287.50 6785512.50 122.11 266312.50 6785512.50 121.70 266337.50 6785512.50 121.29 
          266362.50 6785512.50 120.85 266387.50 6785512.50 120.40 266412.50 6785512.50 119.94 266437.50 6785512.50 119.45 
          266462.50 6785512.50 118.94 266487.50 6785512.50 118.41 266512.50 6785512.50 117.85 266537.50 6785512.50 117.26 
          266562.50 6785512.50 116.60 266587.50 6785512.50 115.90 266612.50 6785512.50 115.36 266637.50 6785512.50 114.76 
          266662.50 6785512.50 114.14 266687.50 6785512.50 113.56 266712.50 6785512.50 112.96 266737.50 6785512.50 112.31 
          266762.50 6785512.50 111.72 266787.50 6785512.50 111.70 266812.50 6785512.50 111.74 266837.50 6785512.50 111.72 
          266862.50 6785512.50 111.69 266887.50 6785512.50 111.68 266912.50 6785512.50 111.66 266937.50 6785512.50 111.66 
          266962.50 6785512.50 111.66 266987.50 6785512.50 111.67 267012.50 6785512.50 111.69 267037.50 6785512.50 111.72 
          267062.50 6785512.50 111.73 267087.50 6785512.50 111.73 264987.50 6785487.50 128.88 265012.50 6785487.50 128.88 
          265037.50 6785487.50 128.88 265062.50 6785487.50 128.87 265087.50 6785487.50 128.86 265112.50 6785487.50 128.85 
          265137.50 6785487.50 128.84 265162.50 6785487.50 128.83 265187.50 6785487.50 128.81 265212.50 6785487.50 128.79 
          265237.50 6785487.50 128.76 265262.50 6785487.50 128.74 265287.50 6785487.50 128.71 265312.50 6785487.50 128.68 
          265337.50 6785487.50 128.64 265362.50 6785487.50 128.61 265387.50 6785487.50 128.57 265412.50 6785487.50 128.52 
          265437.50 6785487.50 128.47 265462.50 6785487.50 128.41 265487.50 6785487.50 128.35 265512.50 6785487.50 128.28 
          265537.50 6785487.50 128.21 265562.50 6785487.50 128.13 265587.50 6785487.50 128.05 265612.50 6785487.50 127.96 
          265637.50 6785487.50 127.87 265662.50 6785487.50 127.77 265687.50 6785487.50 127.66 265712.50 6785487.50 127.54 
          265737.50 6785487.50 127.42 265762.50 6785487.50 127.28 265787.50 6785487.50 127.14 265812.50 6785487.50 126.98 
          265837.50 6785487.50 126.81 265862.50 6785487.50 126.64 265887.50 6785487.50 126.45 265912.50 6785487.50 126.25 
          265937.50 6785487.50 126.05 265962.50 6785487.50 125.83 265987.50 6785487.50 125.61 266012.50 6785487.50 125.38 
          266037.50 6785487.50 125.15 266062.50 6785487.50 124.90 266087.50 6785487.50 124.64 266112.50 6785487.50 124.36 
          266137.50 6785487.50 124.08 266162.50 6785487.50 123.79 266187.50 6785487.50 123.47 266212.50 6785487.50 123.14 
          266237.50 6785487.50 122.80 266262.50 6785487.50 122.45 266287.50 6785487.50 122.08 266312.50 6785487.50 121.70 
          266337.50 6785487.50 121.30 266362.50 6785487.50 120.89 266387.50 6785487.50 120.47 266412.50 6785487.50 120.04 
          266437.50 6785487.50 119.58 266462.50 6785487.50 119.09 266487.50 6785487.50 118.59 266512.50 6785487.50 118.07 
          266537.50 6785487.50 117.53 266562.50 6785487.50 116.97 266587.50 6785487.50 116.39 266612.50 6785487.50 115.84 
          266637.50 6785487.50 115.29 266662.50 6785487.50 114.74 266687.50 6785487.50 114.19 266712.50 6785487.50 113.63 
          266737.50 6785487.50 113.01 266762.50 6785487.50 112.51 266787.50 6785487.50 112.41 266812.50 6785487.50 112.51 
          266837.50 6785487.50 112.49 266862.50 6785487.50 112.45 266887.50 6785487.50 112.41 266912.50 6785487.50 112.38 
          266937.50 6785487.50 112.30 266962.50 6785487.50 112.38 266987.50 6785487.50 112.39 267012.50 6785487.50 112.42 
          267037.50 6785487.50 112.44 267062.50 6785487.50 112.45 267087.50 6785487.50 112.45 264987.50 6785462.50 128.69 
          265012.50 6785462.50 128.69 265037.50 6785462.50 128.68 265062.50 6785462.50 128.67 265087.50 6785462.50 128.67 
          265112.50 6785462.50 128.65 265137.50 6785462.50 128.64 265162.50 6785462.50 128.62 265187.50 6785462.50 128.60 
          265212.50 6785462.50 128.58 265237.50 6785462.50 128.56 265262.50 6785462.50 128.54 265287.50 6785462.50 128.51 
          265312.50 6785462.50 128.49 265337.50 6785462.50 128.46 265362.50 6785462.50 128.42 265387.50 6785462.50 128.39 
          265412.50 6785462.50 128.34 265437.50 6785462.50 128.30 265462.50 6785462.50 128.25 265487.50 6785462.50 128.19 
          265512.50 6785462.50 128.13 265537.50 6785462.50 128.06 265562.50 6785462.50 127.98 265587.50 6785462.50 127.90 
          265612.50 6785462.50 127.82 265637.50 6785462.50 127.72 265662.50 6785462.50 127.62 265687.50 6785462.50 127.50 
          265712.50 6785462.50 127.38 265737.50 6785462.50 127.25 265762.50 6785462.50 127.12 265787.50 6785462.50 126.97 
          265812.50 6785462.50 126.82 265837.50 6785462.50 126.65 265862.50 6785462.50 126.47 265887.50 6785462.50 126.28 
          265912.50 6785462.50 126.08 265937.50 6785462.50 125.87 265962.50 6785462.50 125.66 265987.50 6785462.50 125.44 
          266012.50 6785462.50 125.22 266037.50 6785462.50 124.99 266062.50 6785462.50 124.74 266087.50 6785462.50 124.48 
          266112.50 6785462.50 124.22 266137.50 6785462.50 123.95 266162.50 6785462.50 123.66 266187.50 6785462.50 123.36 
          266212.50 6785462.50 123.05 266237.50 6785462.50 122.73 266262.50 6785462.50 122.40 266287.50 6785462.50 122.05 
          266312.50 6785462.50 121.69 266337.50 6785462.50 121.31 266362.50 6785462.50 120.93 266387.50 6785462.50 120.54 
          266412.50 6785462.50 120.14 266437.50 6785462.50 119.71 266462.50 6785462.50 119.26 266487.50 6785462.50 118.79 
          266512.50 6785462.50 118.32 266537.50 6785462.50 117.83 266562.50 6785462.50 117.33 266587.50 6785462.50 116.82 
          266612.50 6785462.50 116.31 266637.50 6785462.50 115.81 266662.50 6785462.50 115.31 266687.50 6785462.50 114.82 
          266712.50 6785462.50 114.33 266737.50 6785462.50 113.80 266762.50 6785462.50 113.50 266787.50 6785462.50 113.37 
          266812.50 6785462.50 113.31 266837.50 6785462.50 113.25 266862.50 6785462.50 113.19 266887.50 6785462.50 113.15 
          266912.50 6785462.50 113.11 266937.50 6785462.50 113.08 266962.50 6785462.50 113.09 266987.50 6785462.50 113.11 
          267012.50 6785462.50 113.13 267037.50 6785462.50 113.15 267062.50 6785462.50 113.16 267087.50 6785462.50 113.16 
          264987.50 6785437.50 128.47 265012.50 6785437.50 128.46 265037.50 6785437.50 128.46 265062.50 6785437.50 128.45 
          265087.50 6785437.50 128.43 265112.50 6785437.50 128.42 265137.50 6785437.50 128.40 265162.50 6785437.50 128.39 
          265187.50 6785437.50 128.38 265212.50 6785437.50 128.36 265237.50 6785437.50 128.34 265262.50 6785437.50 128.31 
          265287.50 6785437.50 128.29 265312.50 6785437.50 128.27 265337.50 6785437.50 128.24 265362.50 6785437.50 128.21 
          265387.50 6785437.50 128.18 265412.50 6785437.50 128.14 265437.50 6785437.50 128.10 265462.50 6785437.50 128.06 
          265487.50 6785437.50 128.01 265512.50 6785437.50 127.95 265537.50 6785437.50 127.88 265562.50 6785437.50 127.81 
          265587.50 6785437.50 127.73 265612.50 6785437.50 127.64 265637.50 6785437.50 127.55 265662.50 6785437.50 127.44 
          265687.50 6785437.50 127.33 265712.50 6785437.50 127.20 265737.50 6785437.50 127.07 265762.50 6785437.50 126.93 
          265787.50 6785437.50 126.78 265812.50 6785437.50 126.63 265837.50 6785437.50 126.46 265862.50 6785437.50 126.28 
          265887.50 6785437.50 126.09 265912.50 6785437.50 125.89 265937.50 6785437.50 125.68 265962.50 6785437.50 125.47 
          265987.50 6785437.50 125.25 266012.50 6785437.50 125.03 266037.50 6785437.50 124.80 266062.50 6785437.50 124.56 
          266087.50 6785437.50 124.31 266112.50 6785437.50 124.06 266137.50 6785437.50 123.80 266162.50 6785437.50 123.52 
          266187.50 6785437.50 123.24 266212.50 6785437.50 122.95 266237.50 6785437.50 122.65 266262.50 6785437.50 122.34 
          266287.50 6785437.50 122.01 266312.50 6785437.50 121.68 266337.50 6785437.50 121.33 266362.50 6785437.50 120.97 
          266387.50 6785437.50 120.61 266412.50 6785437.50 120.23 266437.50 6785437.50 119.84 266462.50 6785437.50 119.43 
          266487.50 6785437.50 119.01 266512.50 6785437.50 118.57 266537.50 6785437.50 118.13 266562.50 6785437.50 117.68 
          266587.50 6785437.50 117.22 266612.50 6785437.50 116.76 266637.50 6785437.50 116.30 266662.50 6785437.50 115.86 
          266687.50 6785437.50 115.43 266712.50 6785437.50 115.02 266737.50 6785437.50 114.63 266762.50 6785437.50 114.35 
          266787.50 6785437.50 114.17 266812.50 6785437.50 114.06 266837.50 6785437.50 113.99 266862.50 6785437.50 113.92 
          266887.50 6785437.50 113.87 266912.50 6785437.50 113.83 266937.50 6785437.50 113.80 266962.50 6785437.50 113.79 
          266987.50 6785437.50 113.80 267012.50 6785437.50 113.82 267037.50 6785437.50 113.84 267062.50 6785437.50 113.84 
          267087.50 6785437.50 113.84 264987.50 6785412.50 128.21 265012.50 6785412.50 128.21 265037.50 6785412.50 128.19 
          265062.50 6785412.50 128.18 265087.50 6785412.50 128.17 265112.50 6785412.50 128.16 265137.50 6785412.50 128.15 
          265162.50 6785412.50 128.13 265187.50 6785412.50 128.11 265212.50 6785412.50 128.10 265237.50 6785412.50 128.08 
          265262.50 6785412.50 128.07 265287.50 6785412.50 128.05 265312.50 6785412.50 128.03 265337.50 6785412.50 128.00 
          265362.50 6785412.50 127.98 265387.50 6785412.50 127.95 265412.50 6785412.50 127.92 265437.50 6785412.50 127.88 
          265462.50 6785412.50 127.85 265487.50 6785412.50 127.80 265512.50 6785412.50 127.74 265537.50 6785412.50 127.68 
          265562.50 6785412.50 127.61 265587.50 6785412.50 127.53 265612.50 6785412.50 127.45 265637.50 6785412.50 127.35 
          265662.50 6785412.50 127.24 265687.50 6785412.50 127.13 265712.50 6785412.50 127.00 265737.50 6785412.50 126.87 
          265762.50 6785412.50 126.73 265787.50 6785412.50 126.58 265812.50 6785412.50 126.42 265837.50 6785412.50 126.25 
          265862.50 6785412.50 126.07 265887.50 6785412.50 125.87 265912.50 6785412.50 125.67 265937.50 6785412.50 125.47 
          265962.50 6785412.50 125.26 265987.50 6785412.50 125.05 266012.50 6785412.50 124.83 266037.50 6785412.50 124.60 
          266062.50 6785412.50 124.36 266087.50 6785412.50 124.12 266112.50 6785412.50 123.88 266137.50 6785412.50 123.63 
          266162.50 6785412.50 123.37 266187.50 6785412.50 123.11 266212.50 6785412.50 122.84 266237.50 6785412.50 122.56 
          266262.50 6785412.50 122.27 266287.50 6785412.50 121.97 266312.50 6785412.50 121.66 266337.50 6785412.50 121.34 
          266362.50 6785412.50 121.01 266387.50 6785412.50 120.68 266412.50 6785412.50 120.33 266437.50 6785412.50 119.97 
          266462.50 6785412.50 119.59 266487.50 6785412.50 119.22 266512.50 6785412.50 118.83 266537.50 6785412.50 118.43 
          266562.50 6785412.50 118.02 266587.50 6785412.50 117.61 266612.50 6785412.50 117.19 266637.50 6785412.50 116.78 
          266662.50 6785412.50 116.38 266687.50 6785412.50 116.00 266712.50 6785412.50 115.65 266737.50 6785412.50 115.33 
          266762.50 6785412.50 115.07 266787.50 6785412.50 114.87 266812.50 6785412.50 114.76 266837.50 6785412.50 114.69 
          266862.50 6785412.50 114.62 266887.50 6785412.50 114.56 266912.50 6785412.50 114.51 266937.50 6785412.50 114.49 
          266962.50 6785412.50 114.48 266987.50 6785412.50 114.48 267012.50 6785412.50 114.50 267037.50 6785412.50 114.51 
          267062.50 6785412.50 114.53 267087.50 6785412.50 114.53 264987.50 6785387.50 127.93 265012.50 6785387.50 127.92 
          265037.50 6785387.50 127.91 265062.50 6785387.50 127.90 265087.50 6785387.50 127.89 265112.50 6785387.50 127.88 
          265137.50 6785387.50 127.86 265162.50 6785387.50 127.85 265187.50 6785387.50 127.83 265212.50 6785387.50 127.82 
          265237.50 6785387.50 127.81 265262.50 6785387.50 127.79 265287.50 6785387.50 127.77 265312.50 6785387.50 127.75 
          265337.50 6785387.50 127.73 265362.50 6785387.50 127.71 265387.50 6785387.50 127.69 265412.50 6785387.50 127.67 
          265437.50 6785387.50 127.64 265462.50 6785387.50 127.61 265487.50 6785387.50 127.57 265512.50 6785387.50 127.52 
          265537.50 6785387.50 127.46 265562.50 6785387.50 127.39 265587.50 6785387.50 127.31 265612.50 6785387.50 127.22 
          265637.50 6785387.50 127.13 265662.50 6785387.50 127.02 265687.50 6785387.50 126.90 265712.50 6785387.50 126.78 
          265737.50 6785387.50 126.65 265762.50 6785387.50 126.50 265787.50 6785387.50 126.35 265812.50 6785387.50 126.19 
          265837.50 6785387.50 126.01 265862.50 6785387.50 125.83 265887.50 6785387.50 125.64 265912.50 6785387.50 125.44 
          265937.50 6785387.50 125.23 265962.50 6785387.50 125.03 265987.50 6785387.50 124.82 266012.50 6785387.50 124.59 
          266037.50 6785387.50 124.37 266062.50 6785387.50 124.14 266087.50 6785387.50 123.91 266112.50 6785387.50 123.68 
          266137.50 6785387.50 123.44 266162.50 6785387.50 123.20 266187.50 6785387.50 122.96 266212.50 6785387.50 122.71 
          266237.50 6785387.50 122.45 266262.50 6785387.50 122.19 266287.50 6785387.50 121.91 266312.50 6785387.50 121.63 
          266337.50 6785387.50 121.34 266362.50 6785387.50 121.05 266387.50 6785387.50 120.74 266412.50 6785387.50 120.43 
          266437.50 6785387.50 120.10 266462.50 6785387.50 119.76 266487.50 6785387.50 119.43 266512.50 6785387.50 119.07 
          266537.50 6785387.50 118.71 266562.50 6785387.50 118.34 266587.50 6785387.50 117.97 266612.50 6785387.50 117.60 
          266637.50 6785387.50 117.24 266662.50 6785387.50 116.88 266687.50 6785387.50 116.55 266712.50 6785387.50 116.24 
          266737.50 6785387.50 115.96 266762.50 6785387.50 115.70 266787.50 6785387.50 115.41 266812.50 6785387.50 115.40 
          266837.50 6785387.50 115.35 266862.50 6785387.50 115.28 266887.50 6785387.50 115.22 266912.50 6785387.50 115.16 
          266937.50 6785387.50 115.15 266962.50 6785387.50 115.14 266987.50 6785387.50 115.14 267012.50 6785387.50 115.15 
          267037.50 6785387.50 115.15 267062.50 6785387.50 115.16 267087.50 6785387.50 115.16 264987.50 6785362.50 127.62 
          265012.50 6785362.50 127.61 265037.50 6785362.50 127.60 265062.50 6785362.50 127.59 265087.50 6785362.50 127.58 
          265112.50 6785362.50 127.56 265137.50 6785362.50 127.55 265162.50 6785362.50 127.54 265187.50 6785362.50 127.53 
          265212.50 6785362.50 127.52 265237.50 6785362.50 127.50 265262.50 6785362.50 127.49 265287.50 6785362.50 127.47 
          265312.50 6785362.50 127.46 265337.50 6785362.50 127.44 265362.50 6785362.50 127.43 265387.50 6785362.50 127.42 
          265412.50 6785362.50 127.40 265437.50 6785362.50 127.38 265462.50 6785362.50 127.35 265487.50 6785362.50 127.31 
          265512.50 6785362.50 127.26 265537.50 6785362.50 127.21 265562.50 6785362.50 127.14 265587.50 6785362.50 127.06 
          265612.50 6785362.50 126.98 265637.50 6785362.50 126.88 265662.50 6785362.50 126.77 265687.50 6785362.50 126.65 
          265712.50 6785362.50 126.53 265737.50 6785362.50 126.39 265762.50 6785362.50 126.25 265787.50 6785362.50 126.10 
          265812.50 6785362.50 125.94 265837.50 6785362.50 125.76 265862.50 6785362.50 125.57 265887.50 6785362.50 125.37 
          265912.50 6785362.50 125.18 265937.50 6785362.50 124.98 265962.50 6785362.50 124.77 265987.50 6785362.50 124.56 
          266012.50 6785362.50 124.35 266037.50 6785362.50 124.13 266062.50 6785362.50 123.91 266087.50 6785362.50 123.69 
          266112.50 6785362.50 123.47 266137.50 6785362.50 123.24 266162.50 6785362.50 123.02 266187.50 6785362.50 122.79 
          266212.50 6785362.50 122.57 266237.50 6785362.50 122.33 266262.50 6785362.50 122.09 266287.50 6785362.50 121.85 
          266312.50 6785362.50 121.59 266337.50 6785362.50 121.33 266362.50 6785362.50 121.07 266387.50 6785362.50 120.80 
          266412.50 6785362.50 120.52 266437.50 6785362.50 120.22 266462.50 6785362.50 119.93 266487.50 6785362.50 119.63 
          266512.50 6785362.50 119.31 266537.50 6785362.50 118.98 266562.50 6785362.50 118.65 266587.50 6785362.50 118.32 
          266612.50 6785362.50 117.99 266637.50 6785362.50 117.67 266662.50 6785362.50 117.35 266687.50 6785362.50 117.06 
          266712.50 6785362.50 116.79 266737.50 6785362.50 116.54 266762.50 6785362.50 116.32 266787.50 6785362.50 116.10 
          266812.50 6785362.50 116.05 266837.50 6785362.50 115.98 266862.50 6785362.50 115.91 266887.50 6785362.50 115.84 
          266912.50 6785362.50 115.80 266937.50 6785362.50 115.78 266962.50 6785362.50 115.77 266987.50 6785362.50 115.77 
          267012.50 6785362.50 115.78 267037.50 6785362.50 115.79 267062.50 6785362.50 115.79 267087.50 6785362.50 115.79 
          264987.50 6785337.50 127.28 265012.50 6785337.50 127.27 265037.50 6785337.50 127.26 265062.50 6785337.50 127.25 
          265087.50 6785337.50 127.24 265112.50 6785337.50 127.23 265137.50 6785337.50 127.21 265162.50 6785337.50 127.20 
          265187.50 6785337.50 127.19 265212.50 6785337.50 127.18 265237.50 6785337.50 127.17 265262.50 6785337.50 127.16 
          265287.50 6785337.50 127.15 265312.50 6785337.50 127.14 265337.50 6785337.50 127.13 265362.50 6785337.50 127.12 
          265387.50 6785337.50 127.12 265412.50 6785337.50 127.11 265437.50 6785337.50 127.09 265462.50 6785337.50 127.06 
          265487.50 6785337.50 127.03 265512.50 6785337.50 126.99 265537.50 6785337.50 126.93 265562.50 6785337.50 126.87 
          265587.50 6785337.50 126.79 265612.50 6785337.50 126.71 265637.50 6785337.50 126.61 265662.50 6785337.50 126.50 
          265687.50 6785337.50 126.39 265712.50 6785337.50 126.26 265737.50 6785337.50 126.12 265762.50 6785337.50 125.98 
          265787.50 6785337.50 125.82 265812.50 6785337.50 125.66 265837.50 6785337.50 125.47 265862.50 6785337.50 125.28 
          265887.50 6785337.50 125.09 265912.50 6785337.50 124.89 265937.50 6785337.50 124.69 265962.50 6785337.50 124.49 
          265987.50 6785337.50 124.28 266012.50 6785337.50 124.07 266037.50 6785337.50 123.86 266062.50 6785337.50 123.65 
          266087.50 6785337.50 123.44 266112.50 6785337.50 123.23 266137.50 6785337.50 123.02 266162.50 6785337.50 122.82 
          266187.50 6785337.50 122.61 266212.50 6785337.50 122.40 266237.50 6785337.50 122.19 266262.50 6785337.50 121.98 
          266287.50 6785337.50 121.76 266312.50 6785337.50 121.54 266337.50 6785337.50 121.31 266362.50 6785337.50 121.08 
          266387.50 6785337.50 120.84 266412.50 6785337.50 120.60 266437.50 6785337.50 120.34 266462.50 6785337.50 120.08 
          266487.50 6785337.50 119.81 266512.50 6785337.50 119.52 266537.50 6785337.50 119.24 266562.50 6785337.50 118.94 
          266587.50 6785337.50 118.65 266612.50 6785337.50 118.36 266637.50 6785337.50 118.07 266662.50 6785337.50 117.79 
          266687.50 6785337.50 117.54 266712.50 6785337.50 117.30 266737.50 6785337.50 117.09 266762.50 6785337.50 116.90 
          266787.50 6785337.50 116.75 266812.50 6785337.50 116.65 266837.50 6785337.50 116.57 266862.50 6785337.50 116.50 
          266887.50 6785337.50 116.44 266912.50 6785337.50 116.40 266937.50 6785337.50 116.38 266962.50 6785337.50 116.38 
          266987.50 6785337.50 116.38 267012.50 6785337.50 116.40 267037.50 6785337.50 116.42 267062.50 6785337.50 116.43 
          267087.50 6785337.50 116.43 264987.50 6785312.50 126.91 265012.50 6785312.50 126.91 265037.50 6785312.50 126.90 
          265062.50 6785312.50 126.89 265087.50 6785312.50 126.87 265112.50 6785312.50 126.86 265137.50 6785312.50 126.85 
          265162.50 6785312.50 126.84 265187.50 6785312.50 126.83 265212.50 6785312.50 126.82 265237.50 6785312.50 126.81 
          265262.50 6785312.50 126.81 265287.50 6785312.50 126.81 265312.50 6785312.50 126.80 265337.50 6785312.50 126.80 
          265362.50 6785312.50 126.80 265387.50 6785312.50 126.80 265412.50 6785312.50 126.79 265437.50 6785312.50 126.78 
          265462.50 6785312.50 126.76 265487.50 6785312.50 126.73 265512.50 6785312.50 126.69 265537.50 6785312.50 126.63 
          265562.50 6785312.50 126.57 265587.50 6785312.50 126.50 265612.50 6785312.50 126.41 265637.50 6785312.50 126.32 
          265662.50 6785312.50 126.21 265687.50 6785312.50 126.09 265712.50 6785312.50 125.96 265737.50 6785312.50 125.82 
          265762.50 6785312.50 125.68 265787.50 6785312.50 125.52 265812.50 6785312.50 125.34 265837.50 6785312.50 125.16 
          265862.50 6785312.50 124.97 265887.50 6785312.50 124.77 265912.50 6785312.50 124.58 265937.50 6785312.50 124.38 
          265962.50 6785312.50 124.18 265987.50 6785312.50 123.97 266012.50 6785312.50 123.77 266037.50 6785312.50 123.56 
          266062.50 6785312.50 123.36 266087.50 6785312.50 123.16 266112.50 6785312.50 122.97 266137.50 6785312.50 122.78 
          266162.50 6785312.50 122.60 266187.50 6785312.50 122.41 266212.50 6785312.50 122.23 266237.50 6785312.50 122.04 
          266262.50 6785312.50 121.85 266287.50 6785312.50 121.66 266312.50 6785312.50 121.47 266337.50 6785312.50 121.28 
          266362.50 6785312.50 121.08 266387.50 6785312.50 120.87 266412.50 6785312.50 120.66 266437.50 6785312.50 120.44 
          266462.50 6785312.50 120.21 266487.50 6785312.50 119.97 266512.50 6785312.50 119.72 266537.50 6785312.50 119.47 
          266562.50 6785312.50 119.22 266587.50 6785312.50 118.96 266612.50 6785312.50 118.70 266637.50 6785312.50 118.45 
          266662.50 6785312.50 118.21 266687.50 6785312.50 117.99 266712.50 6785312.50 117.79 266737.50 6785312.50 117.61 
          266762.50 6785312.50 117.45 266787.50 6785312.50 117.32 266812.50 6785312.50 117.22 266837.50 6785312.50 117.14 
          266862.50 6785312.50 117.07 266887.50 6785312.50 117.01 266912.50 6785312.50 116.98 266937.50 6785312.50 116.96 
          266962.50 6785312.50 116.96 266987.50 6785312.50 116.97 267012.50 6785312.50 116.99 267037.50 6785312.50 117.01 
          267062.50 6785312.50 117.02 267087.50 6785312.50 117.02 264987.50 6785287.50 126.52 265012.50 6785287.50 126.52 
          265037.50 6785287.50 126.51 265062.50 6785287.50 126.50 265087.50 6785287.50 126.48 265112.50 6785287.50 126.47 
          265137.50 6785287.50 126.46 265162.50 6785287.50 126.44 265187.50 6785287.50 126.44 265212.50 6785287.50 126.43 
          265237.50 6785287.50 126.43 265262.50 6785287.50 126.44 265287.50 6785287.50 126.44 265312.50 6785287.50 126.44 
          265337.50 6785287.50 126.44 265362.50 6785287.50 126.45 265387.50 6785287.50 126.45 265412.50 6785287.50 126.45 
          265437.50 6785287.50 126.44 265462.50 6785287.50 126.42 265487.50 6785287.50 126.40 265512.50 6785287.50 126.36 
          265537.50 6785287.50 126.31 265562.50 6785287.50 126.25 265587.50 6785287.50 126.17 265612.50 6785287.50 126.09 
          265637.50 6785287.50 125.99 265662.50 6785287.50 125.89 265687.50 6785287.50 125.77 265712.50 6785287.50 125.64 
          265737.50 6785287.50 125.50 265762.50 6785287.50 125.34 265787.50 6785287.50 125.18 265812.50 6785287.50 125.00 
          265837.50 6785287.50 124.82 265862.50 6785287.50 124.63 265887.50 6785287.50 124.44 265912.50 6785287.50 124.25 
          265937.50 6785287.50 124.05 265962.50 6785287.50 123.84 265987.50 6785287.50 123.64 266012.50 6785287.50 123.44 
          266037.50 6785287.50 123.24 266062.50 6785287.50 123.05 266087.50 6785287.50 122.86 266112.50 6785287.50 122.69 
          266137.50 6785287.50 122.52 266162.50 6785287.50 122.35 266187.50 6785287.50 122.19 266212.50 6785287.50 122.03 
          266237.50 6785287.50 121.87 266262.50 6785287.50 121.71 266287.50 6785287.50 121.55 266312.50 6785287.50 121.39 
          266337.50 6785287.50 121.23 266362.50 6785287.50 121.06 266387.50 6785287.50 120.89 266412.50 6785287.50 120.71 
          266437.50 6785287.50 120.53 266462.50 6785287.50 120.33 266487.50 6785287.50 120.12 266512.50 6785287.50 119.91 
          266537.50 6785287.50 119.69 266562.50 6785287.50 119.47 266587.50 6785287.50 119.25 266612.50 6785287.50 119.03 
          266637.50 6785287.50 118.82 266662.50 6785287.50 118.61 266687.50 6785287.50 118.42 266712.50 6785287.50 118.24 
          266737.50 6785287.50 118.08 266762.50 6785287.50 117.95 266787.50 6785287.50 117.83 266812.50 6785287.50 117.74 
          266837.50 6785287.50 117.67 266862.50 6785287.50 117.60 266887.50 6785287.50 117.56 266912.50 6785287.50 117.53 
          266937.50 6785287.50 117.51 266962.50 6785287.50 117.51 266987.50 6785287.50 117.53 267012.50 6785287.50 117.55 
          267037.50 6785287.50 117.56 267062.50 6785287.50 117.57 267087.50 6785287.50 117.57 264987.50 6785262.50 126.11 
          265012.50 6785262.50 126.10 265037.50 6785262.50 126.10 265062.50 6785262.50 126.09 265087.50 6785262.50 126.07 
          265112.50 6785262.50 126.05 265137.50 6785262.50 126.04 265162.50 6785262.50 126.03 265187.50 6785262.50 126.02 
          265212.50 6785262.50 126.02 265237.50 6785262.50 126.02 265262.50 6785262.50 126.03 265287.50 6785262.50 126.04 
          265312.50 6785262.50 126.05 265337.50 6785262.50 126.06 265362.50 6785262.50 126.07 265387.50 6785262.50 126.09 
          265412.50 6785262.50 126.09 265437.50 6785262.50 126.08 265462.50 6785262.50 126.07 265487.50 6785262.50 126.04 
          265512.50 6785262.50 126.00 265537.50 6785262.50 125.96 265562.50 6785262.50 125.89 265587.50 6785262.50 125.82 
          265612.50 6785262.50 125.74 265637.50 6785262.50 125.64 265662.50 6785262.50 125.53 265687.50 6785262.50 125.41 
          265712.50 6785262.50 125.27 265737.50 6785262.50 125.13 265762.50 6785262.50 124.98 265787.50 6785262.50 124.82 
          265812.50 6785262.50 124.65 265837.50 6785262.50 124.47 265862.50 6785262.50 124.28 265887.50 6785262.50 124.09 
          265912.50 6785262.50 123.89 265937.50 6785262.50 123.69 265962.50 6785262.50 123.48 265987.50 6785262.50 123.28 
          266012.50 6785262.50 123.08 266037.50 6785262.50 122.89 266062.50 6785262.50 122.71 266087.50 6785262.50 122.55 
          266112.50 6785262.50 122.38 266137.50 6785262.50 122.23 266162.50 6785262.50 122.08 266187.50 6785262.50 121.94 
          266212.50 6785262.50 121.81 266237.50 6785262.50 121.67 266262.50 6785262.50 121.54 266287.50 6785262.50 121.41 
          266312.50 6785262.50 121.29 266337.50 6785262.50 121.15 266362.50 6785262.50 121.02 266387.50 6785262.50 120.88 
          266412.50 6785262.50 120.74 266437.50 6785262.50 120.59 266462.50 6785262.50 120.42 266487.50 6785262.50 120.25 
          266512.50 6785262.50 120.07 266537.50 6785262.50 119.89 266562.50 6785262.50 119.71 266587.50 6785262.50 119.52 
          266612.50 6785262.50 119.34 266637.50 6785262.50 119.16 266662.50 6785262.50 118.98 266687.50 6785262.50 118.82 
          266712.50 6785262.50 118.67 266737.50 6785262.50 118.54 266762.50 6785262.50 118.42 266787.50 6785262.50 118.31 
          266812.50 6785262.50 118.23 266837.50 6785262.50 118.17 266862.50 6785262.50 118.11 266887.50 6785262.50 118.08 
          266912.50 6785262.50 118.06 266937.50 6785262.50 118.05 266962.50 6785262.50 118.06 266987.50 6785262.50 118.07 
          267012.50 6785262.50 118.08 267037.50 6785262.50 118.09 267062.50 6785262.50 118.11 267087.50 6785262.50 118.11 
          264987.50 6785237.50 125.67 265012.50 6785237.50 125.67 265037.50 6785237.50 125.66 265062.50 6785237.50 125.65 
          265087.50 6785237.50 125.63 265112.50 6785237.50 125.61 265137.50 6785237.50 125.60 265162.50 6785237.50 125.58 
          265187.50 6785237.50 125.58 265212.50 6785237.50 125.59 265237.50 6785237.50 125.60 265262.50 6785237.50 125.61 
          265287.50 6785237.50 125.63 265312.50 6785237.50 125.65 265337.50 6785237.50 125.67 265362.50 6785237.50 125.69 
          265387.50 6785237.50 125.71 265412.50 6785237.50 125.72 265437.50 6785237.50 125.71 265462.50 6785237.50 125.70 
          265487.50 6785237.50 125.67 265512.50 6785237.50 125.63 265537.50 6785237.50 125.58 265562.50 6785237.50 125.52 
          265587.50 6785237.50 125.45 265612.50 6785237.50 125.36 265637.50 6785237.50 125.25 265662.50 6785237.50 125.14 
          265687.50 6785237.50 125.02 265712.50 6785237.50 124.89 265737.50 6785237.50 124.74 265762.50 6785237.50 124.59 
          265787.50 6785237.50 124.43 265812.50 6785237.50 124.26 265837.50 6785237.50 124.08 265862.50 6785237.50 123.89 
          265887.50 6785237.50 123.70 265912.50 6785237.50 123.50 265937.50 6785237.50 123.30 265962.50 6785237.50 123.10 
          265987.50 6785237.50 122.91 266012.50 6785237.50 122.72 266037.50 6785237.50 122.53 266062.50 6785237.50 122.36 
          266087.50 6785237.50 122.21 266112.50 6785237.50 122.06 266137.50 6785237.50 121.92 266162.50 6785237.50 121.79 
          266187.50 6785237.50 121.67 266212.50 6785237.50 121.56 266237.50 6785237.50 121.46 266262.50 6785237.50 121.36 
          266287.50 6785237.50 121.26 266312.50 6785237.50 121.16 266337.50 6785237.50 121.06 266362.50 6785237.50 120.96 
          266387.50 6785237.50 120.86 266412.50 6785237.50 120.75 266437.50 6785237.50 120.63 266462.50 6785237.50 120.50 
          266487.50 6785237.50 120.36 266512.50 6785237.50 120.22 266537.50 6785237.50 120.08 266562.50 6785237.50 119.93 
          266587.50 6785237.50 119.78 266612.50 6785237.50 119.63 266637.50 6785237.50 119.48 266662.50 6785237.50 119.34 
          266687.50 6785237.50 119.19 266712.50 6785237.50 119.07 266737.50 6785237.50 118.96 266762.50 6785237.50 118.85 
          266787.50 6785237.50 118.76 266812.50 6785237.50 118.70 266837.50 6785237.50 118.64 266862.50 6785237.50 118.61 
          266887.50 6785237.50 118.58 266912.50 6785237.50 118.57 266937.50 6785237.50 118.57 266962.50 6785237.50 118.58 
          266987.50 6785237.50 118.59 267012.50 6785237.50 118.59 267037.50 6785237.50 118.60 267062.50 6785237.50 118.61 
          267087.50 6785237.50 118.61 264987.50 6785212.50 125.22 265012.50 6785212.50 125.22 265037.50 6785212.50 125.21 
          265062.50 6785212.50 125.19 265087.50 6785212.50 125.17 265112.50 6785212.50 125.15 265137.50 6785212.50 125.13 
          265162.50 6785212.50 125.12 265187.50 6785212.50 125.12 265212.50 6785212.50 125.14 265237.50 6785212.50 125.16 
          265262.50 6785212.50 125.18 265287.50 6785212.50 125.20 265312.50 6785212.50 125.23 265337.50 6785212.50 125.26 
          265362.50 6785212.50 125.30 265387.50 6785212.50 125.32 265412.50 6785212.50 125.34 265437.50 6785212.50 125.34 
          265462.50 6785212.50 125.32 265487.50 6785212.50 125.29 265512.50 6785212.50 125.25 265537.50 6785212.50 125.20 
          265562.50 6785212.50 125.13 265587.50 6785212.50 125.05 265612.50 6785212.50 124.95 265637.50 6785212.50 124.85 
          265662.50 6785212.50 124.73 265687.50 6785212.50 124.61 265712.50 6785212.50 124.47 265737.50 6785212.50 124.33 
          265762.50 6785212.50 124.17 265787.50 6785212.50 124.01 265812.50 6785212.50 123.84 265837.50 6785212.50 123.66 
          265862.50 6785212.50 123.48 265887.50 6785212.50 123.29 265912.50 6785212.50 123.09 265937.50 6785212.50 122.89 
          265962.50 6785212.50 122.70 265987.50 6785212.50 122.51 266012.50 6785212.50 122.32 266037.50 6785212.50 122.15 
          266062.50 6785212.50 122.00 266087.50 6785212.50 121.84 266112.50 6785212.50 121.70 266137.50 6785212.50 121.57 
          266162.50 6785212.50 121.47 266187.50 6785212.50 121.38 266212.50 6785212.50 121.29 266237.50 6785212.50 121.21 
          266262.50 6785212.50 121.14 266287.50 6785212.50 121.08 266312.50 6785212.50 121.02 266337.50 6785212.50 120.95 
          266362.50 6785212.50 120.88 266387.50 6785212.50 120.81 266412.50 6785212.50 120.73 266437.50 6785212.50 120.65 
          266462.50 6785212.50 120.56 266487.50 6785212.50 120.46 266512.50 6785212.50 120.35 266537.50 6785212.50 120.24 
          266562.50 6785212.50 120.13 266587.50 6785212.50 120.01 266612.50 6785212.50 119.89 266637.50 6785212.50 119.77 
          266662.50 6785212.50 119.66 266687.50 6785212.50 119.55 266712.50 6785212.50 119.44 266737.50 6785212.50 119.34 
          266762.50 6785212.50 119.25 266787.50 6785212.50 119.19 266812.50 6785212.50 119.13 266837.50 6785212.50 119.10 
          266862.50 6785212.50 119.07 266887.50 6785212.50 119.06 266912.50 6785212.50 119.06 266937.50 6785212.50 119.07 
          266962.50 6785212.50 119.07 266987.50 6785212.50 119.08 267012.50 6785212.50 119.08 267037.50 6785212.50 119.09 
          267062.50 6785212.50 119.09 267087.50 6785212.50 119.09 264987.50 6785187.50 124.76 265012.50 6785187.50 124.75 
          265037.50 6785187.50 124.74 265062.50 6785187.50 124.72 265087.50 6785187.50 124.70 265112.50 6785187.50 124.67 
          265137.50 6785187.50 124.66 265162.50 6785187.50 124.65 265187.50 6785187.50 124.65 265212.50 6785187.50 124.66 
          265237.50 6785187.50 124.69 265262.50 6785187.50 124.73 265287.50 6785187.50 124.76 265312.50 6785187.50 124.80 
          265337.50 6785187.50 124.85 265362.50 6785187.50 124.89 265387.50 6785187.50 124.92 265412.50 6785187.50 124.94 
          265437.50 6785187.50 124.94 265462.50 6785187.50 124.93 265487.50 6785187.50 124.90 265512.50 6785187.50 124.86 
          265537.50 6785187.50 124.80 265562.50 6785187.50 124.73 265587.50 6785187.50 124.64 265612.50 6785187.50 124.54 
          265637.50 6785187.50 124.43 265662.50 6785187.50 124.31 265687.50 6785187.50 124.17 265712.50 6785187.50 124.03 
          265737.50 6785187.50 123.89 265762.50 6785187.50 123.73 265787.50 6785187.50 123.57 265812.50 6785187.50 123.40 
          265837.50 6785187.50 123.22 265862.50 6785187.50 123.04 265887.50 6785187.50 122.84 265912.50 6785187.50 122.65 
          265937.50 6785187.50 122.46 265962.50 6785187.50 122.27 265987.50 6785187.50 122.08 266012.50 6785187.50 121.91 
          266037.50 6785187.50 121.75 266062.50 6785187.50 121.59 266087.50 6785187.50 121.45 266112.50 6785187.50 121.33 
          266137.50 6785187.50 121.22 266162.50 6785187.50 121.12 266187.50 6785187.50 121.05 266212.50 6785187.50 120.99 
          266237.50 6785187.50 120.94 266262.50 6785187.50 120.91 266287.50 6785187.50 120.88 266312.50 6785187.50 120.85 
          266337.50 6785187.50 120.82 266362.50 6785187.50 120.78 266387.50 6785187.50 120.75 266412.50 6785187.50 120.70 
          266437.50 6785187.50 120.65 266462.50 6785187.50 120.59 266487.50 6785187.50 120.53 266512.50 6785187.50 120.46 
          266537.50 6785187.50 120.38 266562.50 6785187.50 120.30 266587.50 6785187.50 120.22 266612.50 6785187.50 120.13 
          266637.50 6785187.50 120.04 266662.50 6785187.50 119.95 266687.50 6785187.50 119.87 266712.50 6785187.50 119.79 
          266737.50 6785187.50 119.70 266762.50 6785187.50 119.63 266787.50 6785187.50 119.58 266812.50 6785187.50 119.55 
          266837.50 6785187.50 119.52 266862.50 6785187.50 119.51 266887.50 6785187.50 119.51 266912.50 6785187.50 119.52 
          266937.50 6785187.50 119.52 266962.50 6785187.50 119.53 266987.50 6785187.50 119.54 267012.50 6785187.50 119.55 
          267037.50 6785187.50 119.56 267062.50 6785187.50 119.56 267087.50 6785187.50 119.56 264987.50 6785162.50 124.26 
          265012.50 6785162.50 124.25 265037.50 6785162.50 124.24 265062.50 6785162.50 124.22 265087.50 6785162.50 124.20 
          265112.50 6785162.50 124.17 265137.50 6785162.50 124.15 265162.50 6785162.50 124.15 265187.50 6785162.50 124.15 
          265212.50 6785162.50 124.17 265237.50 6785162.50 124.20 265262.50 6785162.50 124.26 265287.50 6785162.50 124.31 
          265312.50 6785162.50 124.37 265337.50 6785162.50 124.43 265362.50 6785162.50 124.48 265387.50 6785162.50 124.52 
          265412.50 6785162.50 124.54 265437.50 6785162.50 124.54 265462.50 6785162.50 124.53 265487.50 6785162.50 124.50 
          265512.50 6785162.50 124.45 265537.50 6785162.50 124.38 265562.50 6785162.50 124.31 265587.50 6785162.50 124.22 
          265612.50 6785162.50 124.11 265637.50 6785162.50 123.99 265662.50 6785162.50 123.87 265687.50 6785162.50 123.73 
          265712.50 6785162.50 123.58 265737.50 6785162.50 123.43 265762.50 6785162.50 123.27 265787.50 6785162.50 123.10 
          265812.50 6785162.50 122.93 265837.50 6785162.50 122.75 265862.50 6785162.50 122.56 265887.50 6785162.50 122.38 
          265912.50 6785162.50 122.19 265937.50 6785162.50 122.00 265962.50 6785162.50 121.81 265987.50 6785162.50 121.64 
          266012.50 6785162.50 121.48 266037.50 6785162.50 121.32 266062.50 6785162.50 121.18 266087.50 6785162.50 121.04 
          266112.50 6785162.50 120.92 266137.50 6785162.50 120.82 266162.50 6785162.50 120.74 266187.50 6785162.50 120.69 
          266212.50 6785162.50 120.67 266237.50 6785162.50 120.66 266262.50 6785162.50 120.66 266287.50 6785162.50 120.66 
          266312.50 6785162.50 120.67 266337.50 6785162.50 120.67 266362.50 6785162.50 120.67 266387.50 6785162.50 120.66 
          266412.50 6785162.50 120.65 266437.50 6785162.50 120.63 266462.50 6785162.50 120.61 266487.50 6785162.50 120.58 
          266512.50 6785162.50 120.54 266537.50 6785162.50 120.50 266562.50 6785162.50 120.46 266587.50 6785162.50 120.41 
          266612.50 6785162.50 120.35 266637.50 6785162.50 120.29 266662.50 6785162.50 120.23 266687.50 6785162.50 120.17 
          266712.50 6785162.50 120.10 266737.50 6785162.50 120.04 266762.50 6785162.50 120.00 266787.50 6785162.50 119.96 
          266812.50 6785162.50 119.94 266837.50 6785162.50 119.93 266862.50 6785162.50 119.93 266887.50 6785162.50 119.94 
          266912.50 6785162.50 119.95 266937.50 6785162.50 119.96 266962.50 6785162.50 119.97 266987.50 6785162.50 119.98 
          267012.50 6785162.50 119.98 267037.50 6785162.50 119.99 267062.50 6785162.50 120.00 267087.50 6785162.50 120.00 
          264987.50 6785137.50 123.75 265012.50 6785137.50 123.74 265037.50 6785137.50 123.73 265062.50 6785137.50 123.71 
          265087.50 6785137.50 123.68 265112.50 6785137.50 123.66 265137.50 6785137.50 123.64 265162.50 6785137.50 123.62 
          265187.50 6785137.50 123.63 265212.50 6785137.50 123.65 265237.50 6785137.50 123.70 265262.50 6785137.50 123.77 
          265287.50 6785137.50 123.85 265312.50 6785137.50 123.93 265337.50 6785137.50 124.01 265362.50 6785137.50 124.07 
          265387.50 6785137.50 124.10 265412.50 6785137.50 124.12 265437.50 6785137.50 124.12 265462.50 6785137.50 124.10 
          265487.50 6785137.50 124.07 265512.50 6785137.50 124.02 265537.50 6785137.50 123.96 265562.50 6785137.50 123.87 
          265587.50 6785137.50 123.77 265612.50 6785137.50 123.66 265637.50 6785137.50 123.54 265662.50 6785137.50 123.41 
          265687.50 6785137.50 123.26 265712.50 6785137.50 123.11 265737.50 6785137.50 122.96 265762.50 6785137.50 122.80 
          265787.50 6785137.50 122.63 265812.50 6785137.50 122.45 265837.50 6785137.50 122.26 265862.50 6785137.50 122.08 
          265887.50 6785137.50 121.88 265912.50 6785137.50 121.70 265937.50 6785137.50 121.51 265962.50 6785137.50 121.33 
          265987.50 6785137.50 121.17 266012.50 6785137.50 121.02 266037.50 6785137.50 120.87 266062.50 6785137.50 120.73 
          266087.50 6785137.50 120.60 266112.50 6785137.50 120.49 266137.50 6785137.50 120.39 266162.50 6785137.50 120.33 
          266187.50 6785137.50 120.30 266212.50 6785137.50 120.31 266237.50 6785137.50 120.34 266262.50 6785137.50 120.38 
          266287.50 6785137.50 120.42 266312.50 6785137.50 120.46 266337.50 6785137.50 120.49 266362.50 6785137.50 120.53 
          266387.50 6785137.50 120.56 266412.50 6785137.50 120.58 266437.50 6785137.50 120.60 266462.50 6785137.50 120.61 
          266487.50 6785137.50 120.61 266512.50 6785137.50 120.61 266537.50 6785137.50 120.60 266562.50 6785137.50 120.59 
          266587.50 6785137.50 120.57 266612.50 6785137.50 120.54 266637.50 6785137.50 120.52 266662.50 6785137.50 120.48 
          266687.50 6785137.50 120.44 266712.50 6785137.50 120.40 266737.50 6785137.50 120.37 266762.50 6785137.50 120.34 
          266787.50 6785137.50 120.32 266812.50 6785137.50 120.31 266837.50 6785137.50 120.32 266862.50 6785137.50 120.33 
          266887.50 6785137.50 120.34 266912.50 6785137.50 120.35 266937.50 6785137.50 120.35 266962.50 6785137.50 120.36 
          266987.50 6785137.50 120.37 267012.50 6785137.50 120.38 267037.50 6785137.50 120.39 267062.50 6785137.50 120.39 
          267087.50 6785137.50 120.39 264987.50 6785112.50 123.23 265012.50 6785112.50 123.22 265037.50 6785112.50 123.20 
          265062.50 6785112.50 123.18 265087.50 6785112.50 123.15 265112.50 6785112.50 123.13 265137.50 6785112.50 123.11 
          265162.50 6785112.50 123.09 265187.50 6785112.50 123.09 265212.50 6785112.50 123.11 265237.50 6785112.50 123.18 
          265262.50 6785112.50 123.29 265287.50 6785112.50 123.40 265312.50 6785112.50 123.51 265337.50 6785112.50 123.58 
          265362.50 6785112.50 123.65 265387.50 6785112.50 123.68 265412.50 6785112.50 123.69 265437.50 6785112.50 123.69 
          265462.50 6785112.50 123.67 265487.50 6785112.50 123.64 265512.50 6785112.50 123.58 265537.50 6785112.50 123.51 
          265562.50 6785112.50 123.42 265587.50 6785112.50 123.31 265612.50 6785112.50 123.20 265637.50 6785112.50 123.07 
          265662.50 6785112.50 122.93 265687.50 6785112.50 122.78 265712.50 6785112.50 122.63 265737.50 6785112.50 122.47 
          265762.50 6785112.50 122.30 265787.50 6785112.50 122.13 265812.50 6785112.50 121.95 265837.50 6785112.50 121.77 
          265862.50 6785112.50 121.58 265887.50 6785112.50 121.38 265912.50 6785112.50 121.19 265937.50 6785112.50 121.01 
          265962.50 6785112.50 120.84 265987.50 6785112.50 120.68 266012.50 6785112.50 120.53 266037.50 6785112.50 120.39 
          266062.50 6785112.50 120.26 266087.50 6785112.50 120.14 266112.50 6785112.50 120.03 266137.50 6785112.50 119.93 
          266162.50 6785112.50 119.87 266187.50 6785112.50 119.88 266212.50 6785112.50 119.92 266237.50 6785112.50 119.99 
          266262.50 6785112.50 120.07 266287.50 6785112.50 120.14 266312.50 6785112.50 120.22 266337.50 6785112.50 120.30 
          266362.50 6785112.50 120.37 266387.50 6785112.50 120.43 266412.50 6785112.50 120.49 266437.50 6785112.50 120.54 
          266462.50 6785112.50 120.59 266487.50 6785112.50 120.63 266512.50 6785112.50 120.66 266537.50 6785112.50 120.68 
          266562.50 6785112.50 120.70 266587.50 6785112.50 120.71 266612.50 6785112.50 120.71 266637.50 6785112.50 120.71 
          266662.50 6785112.50 120.70 266687.50 6785112.50 120.69 266712.50 6785112.50 120.67 266737.50 6785112.50 120.66 
          266762.50 6785112.50 120.66 266787.50 6785112.50 120.66 266812.50 6785112.50 120.67 266837.50 6785112.50 120.68 
          266862.50 6785112.50 120.69 266887.50 6785112.50 120.70 266912.50 6785112.50 120.71 266937.50 6785112.50 120.72 
          266962.50 6785112.50 120.73 266987.50 6785112.50 120.74 267012.50 6785112.50 120.75 267037.50 6785112.50 120.75 
          267062.50 6785112.50 120.75 267087.50 6785112.50 120.75 264987.50 6785087.50 122.69 265012.50 6785087.50 122.68 
          265037.50 6785087.50 122.66 265062.50 6785087.50 122.64 265087.50 6785087.50 122.62 265112.50 6785087.50 122.59 
          265137.50 6785087.50 122.56 265162.50 6785087.50 122.54 265187.50 6785087.50 122.53 265212.50 6785087.50 122.53 
          265237.50 6785087.50 122.65 265262.50 6785087.50 122.80 265287.50 6785087.50 122.94 265312.50 6785087.50 123.05 
          265337.50 6785087.50 123.13 265362.50 6785087.50 123.19 265387.50 6785087.50 123.23 265412.50 6785087.50 123.25 
          265437.50 6785087.50 123.25 265462.50 6785087.50 123.22 265487.50 6785087.50 123.18 265512.50 6785087.50 123.13 
          265537.50 6785087.50 123.05 265562.50 6785087.50 122.95 265587.50 6785087.50 122.84 265612.50 6785087.50 122.72 
          265637.50 6785087.50 122.58 265662.50 6785087.50 122.44 265687.50 6785087.50 122.28 265712.50 6785087.50 122.12 
          265737.50 6785087.50 121.96 265762.50 6785087.50 121.79 265787.50 6785087.50 121.61 265812.50 6785087.50 121.43 
          265837.50 6785087.50 121.25 265862.50 6785087.50 121.06 265887.50 6785087.50 120.87 265912.50 6785087.50 120.68 
          265937.50 6785087.50 120.50 265962.50 6785087.50 120.33 265987.50 6785087.50 120.18 266012.50 6785087.50 120.03 
          266037.50 6785087.50 119.89 266062.50 6785087.50 119.76 266087.50 6785087.50 119.64 266112.50 6785087.50 119.53 
          266137.50 6785087.50 119.42 266162.50 6785087.50 119.30 266187.50 6785087.50 119.40 266212.50 6785087.50 119.51 
          266237.50 6785087.50 119.62 266262.50 6785087.50 119.73 266287.50 6785087.50 119.84 266312.50 6785087.50 119.95 
          266337.50 6785087.50 120.07 266362.50 6785087.50 120.19 266387.50 6785087.50 120.29 266412.50 6785087.50 120.39 
          266437.50 6785087.50 120.47 266462.50 6785087.50 120.55 266487.50 6785087.50 120.62 266512.50 6785087.50 120.69 
          266537.50 6785087.50 120.74 266562.50 6785087.50 120.79 266587.50 6785087.50 120.83 266612.50 6785087.50 120.86 
          266637.50 6785087.50 120.89 266662.50 6785087.50 120.90 266687.50 6785087.50 120.91 266712.50 6785087.50 120.92 
          266737.50 6785087.50 120.94 266762.50 6785087.50 120.95 266787.50 6785087.50 120.97 266812.50 6785087.50 120.99 
          266837.50 6785087.50 121.01 266862.50 6785087.50 121.03 266887.50 6785087.50 121.04 266912.50 6785087.50 121.05 
          266937.50 6785087.50 121.06 266962.50 6785087.50 121.06 266987.50 6785087.50 121.07 267012.50 6785087.50 121.07 
          267037.50 6785087.50 121.07 267062.50 6785087.50 121.07 267087.50 6785087.50 121.07 264987.50 6785062.50 122.14 
          265012.50 6785062.50 122.13 265037.50 6785062.50 122.12 265062.50 6785062.50 122.10 265087.50 6785062.50 122.07 
          265112.50 6785062.50 122.03 265137.50 6785062.50 122.01 265162.50 6785062.50 121.97 265187.50 6785062.50 121.91 
          265212.50 6785062.50 121.81 265237.50 6785062.50 122.08 265262.50 6785062.50 122.28 265287.50 6785062.50 122.44 
          265312.50 6785062.50 122.57 265337.50 6785062.50 122.67 265362.50 6785062.50 122.74 265387.50 6785062.50 122.78 
          265412.50 6785062.50 122.79 265437.50 6785062.50 122.79 265462.50 6785062.50 122.76 265487.50 6785062.50 122.72 
          265512.50 6785062.50 122.65 265537.50 6785062.50 122.57 265562.50 6785062.50 122.47 265587.50 6785062.50 122.35 
          265612.50 6785062.50 122.22 265637.50 6785062.50 122.08 265662.50 6785062.50 121.93 265687.50 6785062.50 121.76 
          265712.50 6785062.50 121.60 265737.50 6785062.50 121.43 265762.50 6785062.50 121.26 265787.50 6785062.50 121.08 
          265812.50 6785062.50 120.89 265837.50 6785062.50 120.71 265862.50 6785062.50 120.52 265887.50 6785062.50 120.34 
          265912.50 6785062.50 120.15 265937.50 6785062.50 119.98 265962.50 6785062.50 119.82 265987.50 6785062.50 119.66 
          266012.50 6785062.50 119.52 266037.50 6785062.50 119.38 266062.50 6785062.50 119.25 266087.50 6785062.50 119.13 
          266112.50 6785062.50 119.02 266137.50 6785062.50 118.89 266162.50 6785062.50 118.62 266187.50 6785062.50 118.91 
          266212.50 6785062.50 119.07 266237.50 6785062.50 119.21 266262.50 6785062.50 119.36 266287.50 6785062.50 119.51 
          266312.50 6785062.50 119.67 266337.50 6785062.50 119.83 266362.50 6785062.50 119.98 266387.50 6785062.50 120.12 
          266412.50 6785062.50 120.26 266437.50 6785062.50 120.39 266462.50 6785062.50 120.50 266487.50 6785062.50 120.61 
          266512.50 6785062.50 120.70 266537.50 6785062.50 120.79 266562.50 6785062.50 120.86 266587.50 6785062.50 120.93 
          266612.50 6785062.50 120.99 266637.50 6785062.50 121.04 266662.50 6785062.50 121.09 266687.50 6785062.50 121.12 
          266712.50 6785062.50 121.16 266737.50 6785062.50 121.19 266762.50 6785062.50 121.22 266787.50 6785062.50 121.25 
          266812.50 6785062.50 121.28 266837.50 6785062.50 121.31 266862.50 6785062.50 121.33 266887.50 6785062.50 121.35 
          266912.50 6785062.50 121.36 266937.50 6785062.50 121.36 266962.50 6785062.50 121.37 266987.50 6785062.50 121.37 
          267012.50 6785062.50 121.37 267037.50 6785062.50 121.37 267062.50 6785062.50 121.37 267087.50 6785062.50 121.37 
          264987.50 6785037.50 121.59 265012.50 6785037.50 121.58 265037.50 6785037.50 121.56 265062.50 6785037.50 121.54 
          265087.50 6785037.50 121.51 265112.50 6785037.50 121.48 265137.50 6785037.50 121.44 265162.50 6785037.50 121.38 
          265187.50 6785037.50 121.28 265212.50 6785037.50 121.11 265237.50 6785037.50 121.52 265262.50 6785037.50 121.77 
          265287.50 6785037.50 121.96 265312.50 6785037.50 122.10 265337.50 6785037.50 122.20 265362.50 6785037.50 122.27 
          265387.50 6785037.50 122.31 265412.50 6785037.50 122.32 265437.50 6785037.50 122.32 265462.50 6785037.50 122.29 
          265487.50 6785037.50 122.24 265512.50 6785037.50 122.17 265537.50 6785037.50 122.08 265562.50 6785037.50 121.97 
          265587.50 6785037.50 121.85 265612.50 6785037.50 121.71 265637.50 6785037.50 121.56 265662.50 6785037.50 121.40 
          265687.50 6785037.50 121.24 265712.50 6785037.50 121.06 265737.50 6785037.50 120.89 265762.50 6785037.50 120.71 
          265787.50 6785037.50 120.52 265812.50 6785037.50 120.34 265837.50 6785037.50 120.15 265862.50 6785037.50 119.97 
          265887.50 6785037.50 119.79 265912.50 6785037.50 119.61 265937.50 6785037.50 119.44 265962.50 6785037.50 119.28 
          265987.50 6785037.50 119.12 266012.50 6785037.50 118.98 266037.50 6785037.50 118.84 266062.50 6785037.50 118.72 
          266087.50 6785037.50 118.61 266112.50 6785037.50 118.51 266137.50 6785037.50 118.43 266162.50 6785037.50 118.38 
          266187.50 6785037.50 118.46 266212.50 6785037.50 118.61 266237.50 6785037.50 118.78 266262.50 6785037.50 118.97 
          266287.50 6785037.50 119.17 266312.50 6785037.50 119.37 266337.50 6785037.50 119.56 266362.50 6785037.50 119.76 
          266387.50 6785037.50 119.94 266412.50 6785037.50 120.12 266437.50 6785037.50 120.28 266462.50 6785037.50 120.44 
          266487.50 6785037.50 120.57 266512.50 6785037.50 120.70 266537.50 6785037.50 120.82 266562.50 6785037.50 120.92 
          266587.50 6785037.50 121.02 266612.50 6785037.50 121.11 266637.50 6785037.50 121.19 266662.50 6785037.50 121.25 
          266687.50 6785037.50 121.31 266712.50 6785037.50 121.37 266737.50 6785037.50 121.41 266762.50 6785037.50 121.46 
          266787.50 6785037.50 121.51 266812.50 6785037.50 121.55 266837.50 6785037.50 121.58 266862.50 6785037.50 121.61 
          266887.50 6785037.50 121.63 266912.50 6785037.50 121.64 266937.50 6785037.50 121.64 266962.50 6785037.50 121.65 
          266987.50 6785037.50 121.64 267012.50 6785037.50 121.64 267037.50 6785037.50 121.63 267062.50 6785037.50 121.63 
          267087.50 6785037.50 121.63 264987.50 6785012.50 121.02 265012.50 6785012.50 121.02 265037.50 6785012.50 121.01 
          265062.50 6785012.50 120.99 265087.50 6785012.50 120.96 265112.50 6785012.50 120.92 265137.50 6785012.50 120.86 
          265162.50 6785012.50 120.75 265187.50 6785012.50 120.60 265212.50 6785012.50 120.61 265237.50 6785012.50 121.02 
          265262.50 6785012.50 121.32 265287.50 6785012.50 121.49 265312.50 6785012.50 121.63 265337.50 6785012.50 121.73 
          265362.50 6785012.50 121.80 265387.50 6785012.50 121.84 265412.50 6785012.50 121.85 265437.50 6785012.50 121.84 
          265462.50 6785012.50 121.81 265487.50 6785012.50 121.75 265512.50 6785012.50 121.68 265537.50 6785012.50 121.58 
          265562.50 6785012.50 121.47 265587.50 6785012.50 121.33 265612.50 6785012.50 121.19 265637.50 6785012.50 121.03 
          265662.50 6785012.50 120.86 265687.50 6785012.50 120.69 265712.50 6785012.50 120.50 265737.50 6785012.50 120.32 
          265762.50 6785012.50 120.14 265787.50 6785012.50 119.96 265812.50 6785012.50 119.77 265837.50 6785012.50 119.58 
          265862.50 6785012.50 119.40 265887.50 6785012.50 119.22 265912.50 6785012.50 119.05 265937.50 6785012.50 118.88 
          265962.50 6785012.50 118.72 265987.50 6785012.50 118.57 266012.50 6785012.50 118.42 266037.50 6785012.50 118.28 
          266062.50 6785012.50 118.17 266087.50 6785012.50 118.06 266112.50 6785012.50 117.97 266137.50 6785012.50 117.92 
          266162.50 6785012.50 117.88 266187.50 6785012.50 117.90 266212.50 6785012.50 118.11 266237.50 6785012.50 118.33 
          266262.50 6785012.50 118.56 266287.50 6785012.50 118.81 266312.50 6785012.50 119.05 266337.50 6785012.50 119.29 
          266362.50 6785012.50 119.53 266387.50 6785012.50 119.75 266412.50 6785012.50 119.97 266437.50 6785012.50 120.17 
          266462.50 6785012.50 120.35 266487.50 6785012.50 120.52 266512.50 6785012.50 120.68 266537.50 6785012.50 120.83 
          266562.50 6785012.50 120.97 266587.50 6785012.50 121.10 266612.50 6785012.50 121.21 266637.50 6785012.50 121.31 
          266662.50 6785012.50 121.41 266687.50 6785012.50 121.49 266712.50 6785012.50 121.56 266737.50 6785012.50 121.63 
          266762.50 6785012.50 121.69 266787.50 6785012.50 121.75 266812.50 6785012.50 121.80 266837.50 6785012.50 121.84 
          266862.50 6785012.50 121.87 266887.50 6785012.50 121.88 266912.50 6785012.50 121.90 266937.50 6785012.50 121.90 
          266962.50 6785012.50 121.89 266987.50 6785012.50 121.88 267012.50 6785012.50 121.87 267037.50 6785012.50 121.86 
          267062.50 6785012.50 121.86 267087.50 6785012.50 121.86 264987.50 6784987.50 120.45 265012.50 6784987.50 120.45 
          265037.50 6784987.50 120.44 265062.50 6784987.50 120.42 265087.50 6784987.50 120.40 265112.50 6784987.50 120.35 
          265137.50 6784987.50 120.29 265162.50 6784987.50 120.18 265187.50 6784987.50 119.92 265212.50 6784987.50 120.30 
          265237.50 6784987.50 120.62 265262.50 6784987.50 120.88 265287.50 6784987.50 121.03 265312.50 6784987.50 121.17 
          265337.50 6784987.50 121.27 265362.50 6784987.50 121.33 265387.50 6784987.50 121.36 265412.50 6784987.50 121.37 
          265437.50 6784987.50 121.36 265462.50 6784987.50 121.32 265487.50 6784987.50 121.26 265512.50 6784987.50 121.18 
          265537.50 6784987.50 121.07 265562.50 6784987.50 120.95 265587.50 6784987.50 120.81 265612.50 6784987.50 120.66 
          265637.50 6784987.50 120.49 265662.50 6784987.50 120.31 265687.50 6784987.50 120.12 265712.50 6784987.50 119.93 
          265737.50 6784987.50 119.73 265762.50 6784987.50 119.55 265787.50 6784987.50 119.37 265812.50 6784987.50 119.19 
          265837.50 6784987.50 119.00 265862.50 6784987.50 118.82 265887.50 6784987.50 118.64 265912.50 6784987.50 118.47 
          265937.50 6784987.50 118.31 265962.50 6784987.50 118.15 265987.50 6784987.50 117.99 266012.50 6784987.50 117.84 
          266037.50 6784987.50 117.70 266062.50 6784987.50 117.58 266087.50 6784987.50 117.48 266112.50 6784987.50 117.40 
          266137.50 6784987.50 117.33 266162.50 6784987.50 117.30 266187.50 6784987.50 117.30 266212.50 6784987.50 117.56 
          266237.50 6784987.50 117.84 266262.50 6784987.50 118.14 266287.50 6784987.50 118.44 266312.50 6784987.50 118.73 
          266337.50 6784987.50 119.01 266362.50 6784987.50 119.28 266387.50 6784987.50 119.55 266412.50 6784987.50 119.80 
          266437.50 6784987.50 120.03 266462.50 6784987.50 120.25 266487.50 6784987.50 120.46 266512.50 6784987.50 120.65 
          266537.50 6784987.50 120.83 266562.50 6784987.50 121.00 266587.50 6784987.50 121.16 266612.50 6784987.50 121.30 
          266637.50 6784987.50 121.43 266662.50 6784987.50 121.54 266687.50 6784987.50 121.64 266712.50 6784987.50 121.74 
          266737.50 6784987.50 121.82 266762.50 6784987.50 121.90 266787.50 6784987.50 121.97 266812.50 6784987.50 122.02 
          266837.50 6784987.50 122.07 266862.50 6784987.50 122.10 266887.50 6784987.50 122.12 266912.50 6784987.50 122.13 
          266937.50 6784987.50 122.13 266962.50 6784987.50 122.12 266987.50 6784987.50 122.10 267012.50 6784987.50 122.08 
          267037.50 6784987.50 122.06 267062.50 6784987.50 122.05 267087.50 6784987.50 122.05 264987.50 6784962.50 119.88 
          265012.50 6784962.50 119.88 265037.50 6784962.50 119.87 265062.50 6784962.50 119.85 265087.50 6784962.50 119.83 
          265112.50 6784962.50 119.80 265137.50 6784962.50 119.75 265162.50 6784962.50 119.61 265187.50 6784962.50 119.76 
          265212.50 6784962.50 119.98 265237.50 6784962.50 120.22 265262.50 6784962.50 120.40 265287.50 6784962.50 120.57 
          265312.50 6784962.50 120.69 265337.50 6784962.50 120.78 265362.50 6784962.50 120.85 265387.50 6784962.50 120.88 
          265412.50 6784962.50 120.89 265437.50 6784962.50 120.86 265462.50 6784962.50 120.82 265487.50 6784962.50 120.75 
          265512.50 6784962.50 120.67 265537.50 6784962.50 120.56 265562.50 6784962.50 120.43 265587.50 6784962.50 120.28 
          265612.50 6784962.50 120.12 265637.50 6784962.50 119.94 265662.50 6784962.50 119.74 265687.50 6784962.50 119.54 
          265712.50 6784962.50 119.34 265737.50 6784962.50 119.14 265762.50 6784962.50 118.96 265787.50 6784962.50 118.78 
          265812.50 6784962.50 118.59 265837.50 6784962.50 118.40 265862.50 6784962.50 118.22 265887.50 6784962.50 118.05 
          265912.50 6784962.50 117.88 265937.50 6784962.50 117.72 265962.50 6784962.50 117.56 265987.50 6784962.50 117.40 
          266012.50 6784962.50 117.25 266037.50 6784962.50 117.10 266062.50 6784962.50 116.97 266087.50 6784962.50 116.86 
          266112.50 6784962.50 116.78 266137.50 6784962.50 116.70 266162.50 6784962.50 116.64 266187.50 6784962.50 116.60 
          266212.50 6784962.50 116.97 266237.50 6784962.50 117.33 266262.50 6784962.50 117.70 266287.50 6784962.50 118.05 
          266312.50 6784962.50 118.39 266337.50 6784962.50 118.72 266362.50 6784962.50 119.04 266387.50 6784962.50 119.34 
          266412.50 6784962.50 119.63 266437.50 6784962.50 119.89 266462.50 6784962.50 120.15 266487.50 6784962.50 120.39 
          266512.50 6784962.50 120.61 266537.50 6784962.50 120.83 266562.50 6784962.50 121.03 266587.50 6784962.50 121.21 
          266612.50 6784962.50 121.38 266637.50 6784962.50 121.53 266662.50 6784962.50 121.67 266687.50 6784962.50 121.79 
          266712.50 6784962.50 121.90 266737.50 6784962.50 122.00 266762.50 6784962.50 122.09 266787.50 6784962.50 122.17 
          266812.50 6784962.50 122.23 266837.50 6784962.50 122.28 266862.50 6784962.50 122.32 266887.50 6784962.50 122.34 
          266912.50 6784962.50 122.35 266937.50 6784962.50 122.34 266962.50 6784962.50 122.32 266987.50 6784962.50 122.29 
          267012.50 6784962.50 122.25 267037.50 6784962.50 122.22 267062.50 6784962.50 122.20 267087.50 6784962.50 122.20 
          264987.50 6784937.50 119.30 265012.50 6784937.50 119.29 265037.50 6784937.50 119.29 265062.50 6784937.50 119.27 
          265087.50 6784937.50 119.26 265112.50 6784937.50 119.26 265137.50 6784937.50 119.25 265162.50 6784937.50 119.21 
          265187.50 6784937.50 119.41 265212.50 6784937.50 119.58 265237.50 6784937.50 119.75 265262.50 6784937.50 119.95 
          265287.50 6784937.50 120.10 265312.50 6784937.50 120.22 265337.50 6784937.50 120.30 265362.50 6784937.50 120.36 
          265387.50 6784937.50 120.39 265412.50 6784937.50 120.39 265437.50 6784937.50 120.37 265462.50 6784937.50 120.32 
          265487.50 6784937.50 120.25 265512.50 6784937.50 120.15 265537.50 6784937.50 120.03 265562.50 6784937.50 119.90 
          265587.50 6784937.50 119.74 265612.50 6784937.50 119.57 265637.50 6784937.50 119.38 265662.50 6784937.50 119.17 
          265687.50 6784937.50 118.97 265712.50 6784937.50 118.75 265737.50 6784937.50 118.54 265762.50 6784937.50 118.36 
          265787.50 6784937.50 118.17 265812.50 6784937.50 117.98 265837.50 6784937.50 117.79 265862.50 6784937.50 117.61 
          265887.50 6784937.50 117.43 265912.50 6784937.50 117.27 265937.50 6784937.50 117.11 265962.50 6784937.50 116.95 
          265987.50 6784937.50 116.79 266012.50 6784937.50 116.64 266037.50 6784937.50 116.48 266062.50 6784937.50 116.33 
          266087.50 6784937.50 116.20 266112.50 6784937.50 116.08 266137.50 6784937.50 115.98 266162.50 6784937.50 115.90 
          266187.50 6784937.50 115.72 266212.50 6784937.50 116.34 266237.50 6784937.50 116.81 266262.50 6784937.50 117.24 
          266287.50 6784937.50 117.66 266312.50 6784937.50 118.05 266337.50 6784937.50 118.43 266362.50 6784937.50 118.79 
          266387.50 6784937.50 119.13 266412.50 6784937.50 119.44 266437.50 6784937.50 119.75 266462.50 6784937.50 120.04 
          266487.50 6784937.50 120.31 266512.50 6784937.50 120.57 266537.50 6784937.50 120.82 266562.50 6784937.50 121.05 
          266587.50 6784937.50 121.26 266612.50 6784937.50 121.46 266637.50 6784937.50 121.63 266662.50 6784937.50 121.78 
          266687.50 6784937.50 121.92 266712.50 6784937.50 122.05 266737.50 6784937.50 122.17 266762.50 6784937.50 122.27 
          266787.50 6784937.50 122.35 266812.50 6784937.50 122.43 266837.50 6784937.50 122.48 266862.50 6784937.50 122.52 
          266887.50 6784937.50 122.54 266912.50 6784937.50 122.55 266937.50 6784937.50 122.54 266962.50 6784937.50 122.51 
          266987.50 6784937.50 122.46 267012.50 6784937.50 122.41 267037.50 6784937.50 122.35 267062.50 6784937.50 122.30 
          267087.50 6784937.50 122.30 264987.50 6784912.50 118.71 265012.50 6784912.50 118.71 265037.50 6784912.50 118.70 
          265062.50 6784912.50 118.69 265087.50 6784912.50 118.68 265112.50 6784912.50 118.71 265137.50 6784912.50 118.77 
          265162.50 6784912.50 118.86 265187.50 6784912.50 119.01 265212.50 6784912.50 119.17 265237.50 6784912.50 119.33 
          265262.50 6784912.50 119.48 265287.50 6784912.50 119.63 265312.50 6784912.50 119.73 265337.50 6784912.50 119.82 
          265362.50 6784912.50 119.87 265387.50 6784912.50 119.89 265412.50 6784912.50 119.89 265437.50 6784912.50 119.87 
          265462.50 6784912.50 119.81 265487.50 6784912.50 119.73 265512.50 6784912.50 119.63 265537.50 6784912.50 119.51 
          265562.50 6784912.50 119.36 265587.50 6784912.50 119.20 265612.50 6784912.50 119.02 265637.50 6784912.50 118.82 
          265662.50 6784912.50 118.60 265687.50 6784912.50 118.38 265712.50 6784912.50 118.16 265737.50 6784912.50 117.94 
          265762.50 6784912.50 117.74 265787.50 6784912.50 117.55 265812.50 6784912.50 117.35 265837.50 6784912.50 117.16 
          265862.50 6784912.50 116.98 265887.50 6784912.50 116.81 265912.50 6784912.50 116.64 265937.50 6784912.50 116.49 
          265962.50 6784912.50 116.32 265987.50 6784912.50 116.16 266012.50 6784912.50 116.00 266037.50 6784912.50 115.83 
          266062.50 6784912.50 115.66 266087.50 6784912.50 115.50 266112.50 6784912.50 115.35 266137.50 6784912.50 115.21 
          266162.50 6784912.50 115.10 266187.50 6784912.50 115.11 266212.50 6784912.50 115.76 266237.50 6784912.50 116.29 
          266262.50 6784912.50 116.79 266287.50 6784912.50 117.26 266312.50 6784912.50 117.71 266337.50 6784912.50 118.14 
          266362.50 6784912.50 118.55 266387.50 6784912.50 118.91 266412.50 6784912.50 119.27 266437.50 6784912.50 119.61 
          266462.50 6784912.50 119.93 266487.50 6784912.50 120.23 266512.50 6784912.50 120.53 266537.50 6784912.50 120.81 
          266562.50 6784912.50 121.07 266587.50 6784912.50 121.31 266612.50 6784912.50 121.52 266637.50 6784912.50 121.71 
          266662.50 6784912.50 121.89 266687.50 6784912.50 122.04 266712.50 6784912.50 122.19 266737.50 6784912.50 122.31 
          266762.50 6784912.50 122.43 266787.50 6784912.50 122.53 266812.50 6784912.50 122.61 266837.50 6784912.50 122.67 
          266862.50 6784912.50 122.71 266887.50 6784912.50 122.73 266912.50 6784912.50 122.73 266937.50 6784912.50 122.72 
          266962.50 6784912.50 122.68 266987.50 6784912.50 122.62 267012.50 6784912.50 122.54 267037.50 6784912.50 122.44 
          267062.50 6784912.50 122.34 267087.50 6784912.50 122.34 264987.50 6784887.50 118.11 265012.50 6784887.50 118.11 
          265037.50 6784887.50 118.10 265062.50 6784887.50 118.09 265087.50 6784887.50 118.08 265112.50 6784887.50 118.09 
          265137.50 6784887.50 118.23 265162.50 6784887.50 118.39 265187.50 6784887.50 118.56 265212.50 6784887.50 118.73 
          265237.50 6784887.50 118.88 265262.50 6784887.50 119.03 265287.50 6784887.50 119.15 265312.50 6784887.50 119.26 
          265337.50 6784887.50 119.33 265362.50 6784887.50 119.39 265387.50 6784887.50 119.40 265412.50 6784887.50 119.39 
          265437.50 6784887.50 119.36 265462.50 6784887.50 119.30 265487.50 6784887.50 119.21 265512.50 6784887.50 119.11 
          265537.50 6784887.50 118.97 265562.50 6784887.50 118.82 265587.50 6784887.50 118.65 265612.50 6784887.50 118.46 
          265637.50 6784887.50 118.25 265662.50 6784887.50 118.02 265687.50 6784887.50 117.79 265712.50 6784887.50 117.55 
          265737.50 6784887.50 117.32 265762.50 6784887.50 117.10 265787.50 6784887.50 116.90 265812.50 6784887.50 116.71 
          265837.50 6784887.50 116.51 265862.50 6784887.50 116.33 265887.50 6784887.50 116.17 265912.50 6784887.50 116.00 
          265937.50 6784887.50 115.84 265962.50 6784887.50 115.68 265987.50 6784887.50 115.52 266012.50 6784887.50 115.36 
          266037.50 6784887.50 115.18 266062.50 6784887.50 114.99 266087.50 6784887.50 114.79 266112.50 6784887.50 114.62 
          266137.50 6784887.50 114.40 266162.50 6784887.50 114.12 266187.50 6784887.50 114.57 266212.50 6784887.50 115.18 
          266237.50 6784887.50 115.78 266262.50 6784887.50 116.34 266287.50 6784887.50 116.87 266312.50 6784887.50 117.38 
          266337.50 6784887.50 117.86 266362.50 6784887.50 118.30 266387.50 6784887.50 118.71 266412.50 6784887.50 119.10 
          266437.50 6784887.50 119.47 266462.50 6784887.50 119.82 266487.50 6784887.50 120.16 266512.50 6784887.50 120.49 
          266537.50 6784887.50 120.80 266562.50 6784887.50 121.09 266587.50 6784887.50 121.35 266612.50 6784887.50 121.58 
          266637.50 6784887.50 121.79 266662.50 6784887.50 121.99 266687.50 6784887.50 122.16 266712.50 6784887.50 122.31 
          266737.50 6784887.50 122.45 266762.50 6784887.50 122.58 266787.50 6784887.50 122.69 266812.50 6784887.50 122.77 
          266837.50 6784887.50 122.84 266862.50 6784887.50 122.88 266887.50 6784887.50 122.90 266912.50 6784887.50 122.91 
          266937.50 6784887.50 122.89 266962.50 6784887.50 122.85 266987.50 6784887.50 122.77 267012.50 6784887.50 122.66 
          267037.50 6784887.50 122.50 267062.50 6784887.50 122.21 267087.50 6784887.50 122.21 264987.50 6784862.50 117.50 
          265012.50 6784862.50 117.50 265037.50 6784862.50 117.49 265062.50 6784862.50 117.47 265087.50 6784862.50 117.44 
          265112.50 6784862.50 117.31 265137.50 6784862.50 117.64 265162.50 6784862.50 117.88 265187.50 6784862.50 118.07 
          265212.50 6784862.50 118.26 265237.50 6784862.50 118.42 265262.50 6784862.50 118.56 265287.50 6784862.50 118.67 
          265312.50 6784862.50 118.77 265337.50 6784862.50 118.84 265362.50 6784862.50 118.88 265387.50 6784862.50 118.89 
          265412.50 6784862.50 118.88 265437.50 6784862.50 118.84 265462.50 6784862.50 118.78 265487.50 6784862.50 118.69 
          265512.50 6784862.50 118.57 265537.50 6784862.50 118.43 265562.50 6784862.50 118.28 265587.50 6784862.50 118.09 
          265612.50 6784862.50 117.89 265637.50 6784862.50 117.67 265662.50 6784862.50 117.43 265687.50 6784862.50 117.19 
          265712.50 6784862.50 116.94 265737.50 6784862.50 116.69 265762.50 6784862.50 116.46 265787.50 6784862.50 116.25 
          265812.50 6784862.50 116.06 265837.50 6784862.50 115.86 265862.50 6784862.50 115.68 265887.50 6784862.50 115.52 
          265912.50 6784862.50 115.36 265937.50 6784862.50 115.20 265962.50 6784862.50 115.04 265987.50 6784862.50 114.88 
          266012.50 6784862.50 114.72 266037.50 6784862.50 114.54 266062.50 6784862.50 114.33 266087.50 6784862.50 114.01 
          266112.50 6784862.50 113.90 266137.50 6784862.50 113.61 266162.50 6784862.50 113.41 266187.50 6784862.50 113.62 
          266212.50 6784862.50 114.56 266237.50 6784862.50 115.26 266262.50 6784862.50 115.90 266287.50 6784862.50 116.50 
          266312.50 6784862.50 117.06 266337.50 6784862.50 117.58 266362.50 6784862.50 118.07 266387.50 6784862.50 118.52 
          266412.50 6784862.50 118.94 266437.50 6784862.50 119.33 266462.50 6784862.50 119.72 266487.50 6784862.50 120.09 
          266512.50 6784862.50 120.45 266537.50 6784862.50 120.78 266562.50 6784862.50 121.10 266587.50 6784862.50 121.38 
          266612.50 6784862.50 121.64 266637.50 6784862.50 121.87 266662.50 6784862.50 122.08 266687.50 6784862.50 122.26 
          266712.50 6784862.50 122.44 266737.50 6784862.50 122.59 266762.50 6784862.50 122.72 266787.50 6784862.50 122.83 
          266812.50 6784862.50 122.92 266837.50 6784862.50 122.99 266862.50 6784862.50 123.04 266887.50 6784862.50 123.07 
          266912.50 6784862.50 123.08 266937.50 6784862.50 123.06 266962.50 6784862.50 123.01 266987.50 6784862.50 122.93 
          267012.50 6784862.50 122.80 267037.50 6784862.50 122.60 267062.50 6784862.50 122.21 267087.50 6784862.50 122.21 
          264987.50 6784837.50 116.88 265012.50 6784837.50 116.88 265037.50 6784837.50 116.87 265062.50 6784837.50 116.86 
          265087.50 6784837.50 116.82 265112.50 6784837.50 116.62 265137.50 6784837.50 117.07 265162.50 6784837.50 117.36 
          265187.50 6784837.50 117.58 265212.50 6784837.50 117.78 265237.50 6784837.50 117.94 265262.50 6784837.50 118.08 
          265287.50 6784837.50 118.19 265312.50 6784837.50 118.28 265337.50 6784837.50 118.34 265362.50 6784837.50 118.37 
          265387.50 6784837.50 118.38 265412.50 6784837.50 118.36 265437.50 6784837.50 118.32 265462.50 6784837.50 118.25 
          265487.50 6784837.50 118.15 265512.50 6784837.50 118.03 265537.50 6784837.50 117.88 265562.50 6784837.50 117.72 
          265587.50 6784837.50 117.53 265612.50 6784837.50 117.31 265637.50 6784837.50 117.07 265662.50 6784837.50 116.83 
          265687.50 6784837.50 116.57 265712.50 6784837.50 116.31 265737.50 6784837.50 116.06 265762.50 6784837.50 115.82 
          265787.50 6784837.50 115.59 265812.50 6784837.50 115.39 265837.50 6784837.50 115.20 265862.50 6784837.50 115.02 
          265887.50 6784837.50 114.86 265912.50 6784837.50 114.70 265937.50 6784837.50 114.54 265962.50 6784837.50 114.39 
          265987.50 6784837.50 114.24 266012.50 6784837.50 114.09 266037.50 6784837.50 113.92 266062.50 6784837.50 113.73 
          266087.50 6784837.50 113.49 266112.50 6784837.50 113.21 266137.50 6784837.50 113.10 266162.50 6784837.50 113.00 
          266187.50 6784837.50 113.02 266212.50 6784837.50 113.99 266237.50 6784837.50 114.78 266262.50 6784837.50 115.48 
          266287.50 6784837.50 116.14 266312.50 6784837.50 116.75 266337.50 6784837.50 117.31 266362.50 6784837.50 117.83 
          266387.50 6784837.50 118.33 266412.50 6784837.50 118.78 266437.50 6784837.50 119.21 266462.50 6784837.50 119.63 
          266487.50 6784837.50 120.03 266512.50 6784837.50 120.41 266537.50 6784837.50 120.77 266562.50 6784837.50 121.11 
          266587.50 6784837.50 121.41 266612.50 6784837.50 121.69 266637.50 6784837.50 121.93 266662.50 6784837.50 122.16 
          266687.50 6784837.50 122.36 266712.50 6784837.50 122.55 266737.50 6784837.50 122.71 266762.50 6784837.50 122.85 
          266787.50 6784837.50 122.97 266812.50 6784837.50 123.07 266837.50 6784837.50 123.14 266862.50 6784837.50 123.20 
          266887.50 6784837.50 123.23 266912.50 6784837.50 123.24 266937.50 6784837.50 123.23 266962.50 6784837.50 123.18 
          266987.50 6784837.50 123.10 267012.50 6784837.50 122.99 267037.50 6784837.50 122.80 267062.50 6784837.50 122.51 
          267087.50 6784837.50 122.51 264987.50 6784812.50 116.26 265012.50 6784812.50 116.26 265037.50 6784812.50 116.25 
          265062.50 6784812.50 116.25 265087.50 6784812.50 116.25 265112.50 6784812.50 116.21 265137.50 6784812.50 116.59 
          265162.50 6784812.50 116.88 265187.50 6784812.50 117.11 265212.50 6784812.50 117.30 265237.50 6784812.50 117.47 
          265262.50 6784812.50 117.60 265287.50 6784812.50 117.71 265312.50 6784812.50 117.79 265337.50 6784812.50 117.84 
          265362.50 6784812.50 117.87 265387.50 6784812.50 117.87 265412.50 6784812.50 117.85 265437.50 6784812.50 117.79 
          265462.50 6784812.50 117.71 265487.50 6784812.50 117.61 265512.50 6784812.50 117.48 265537.50 6784812.50 117.32 
          265562.50 6784812.50 117.14 265587.50 6784812.50 116.94 265612.50 6784812.50 116.72 265637.50 6784812.50 116.47 
          265662.50 6784812.50 116.22 265687.50 6784812.50 115.95 265712.50 6784812.50 115.68 265737.50 6784812.50 115.42 
          265762.50 6784812.50 115.17 265787.50 6784812.50 114.93 265812.50 6784812.50 114.71 265837.50 6784812.50 114.51 
          265862.50 6784812.50 114.33 265887.50 6784812.50 114.17 265912.50 6784812.50 114.03 265937.50 6784812.50 113.87 
          265962.50 6784812.50 113.73 265987.50 6784812.50 113.60 266012.50 6784812.50 113.45 266037.50 6784812.50 113.30 
          266062.50 6784812.50 113.13 266087.50 6784812.50 112.93 266112.50 6784812.50 112.73 266137.50 6784812.50 112.50 
          266162.50 6784812.50 112.32 266187.50 6784812.50 112.62 266212.50 6784812.50 113.51 266237.50 6784812.50 114.37 
          266262.50 6784812.50 115.13 266287.50 6784812.50 115.82 266312.50 6784812.50 116.46 266337.50 6784812.50 117.05 
          266362.50 6784812.50 117.61 266387.50 6784812.50 118.13 266412.50 6784812.50 118.62 266437.50 6784812.50 119.10 
          266462.50 6784812.50 119.55 266487.50 6784812.50 119.97 266512.50 6784812.50 120.38 266537.50 6784812.50 120.76 
          266562.50 6784812.50 121.12 266587.50 6784812.50 121.44 266612.50 6784812.50 121.73 266637.50 6784812.50 122.00 
          266662.50 6784812.50 122.24 266687.50 6784812.50 122.46 266712.50 6784812.50 122.66 266737.50 6784812.50 122.83 
          266762.50 6784812.50 122.98 266787.50 6784812.50 123.11 266812.50 6784812.50 123.21 266837.50 6784812.50 123.29 
          266862.50 6784812.50 123.36 266887.50 6784812.50 123.40 266912.50 6784812.50 123.41 266937.50 6784812.50 123.40 
          266962.50 6784812.50 123.37 266987.50 6784812.50 123.31 267012.50 6784812.50 123.22 267037.50 6784812.50 123.10 
          267062.50 6784812.50 123.02 267087.50 6784812.50 123.02 264987.50 6784787.50 115.65 265012.50 6784787.50 115.64 
          265037.50 6784787.50 115.63 265062.50 6784787.50 115.62 265087.50 6784787.50 115.61 265112.50 6784787.50 115.87 
          265137.50 6784787.50 116.16 265162.50 6784787.50 116.42 265187.50 6784787.50 116.64 265212.50 6784787.50 116.84 
          265237.50 6784787.50 117.00 265262.50 6784787.50 117.12 265287.50 6784787.50 117.21 265312.50 6784787.50 117.29 
          265337.50 6784787.50 117.34 265362.50 6784787.50 117.35 265387.50 6784787.50 117.35 265412.50 6784787.50 117.32 
          265437.50 6784787.50 117.26 265462.50 6784787.50 117.17 265487.50 6784787.50 117.06 265512.50 6784787.50 116.92 
          265537.50 6784787.50 116.76 265562.50 6784787.50 116.56 265587.50 6784787.50 116.35 265612.50 6784787.50 116.11 
          265637.50 6784787.50 115.86 265662.50 6784787.50 115.59 265687.50 6784787.50 115.32 265712.50 6784787.50 115.05 
          265737.50 6784787.50 114.78 265762.50 6784787.50 114.51 265787.50 6784787.50 114.26 265812.50 6784787.50 114.02 
          265837.50 6784787.50 113.81 265862.50 6784787.50 113.63 265887.50 6784787.50 113.47 265912.50 6784787.50 113.33 
          265937.50 6784787.50 113.20 265962.50 6784787.50 113.06 265987.50 6784787.50 112.94 266012.50 6784787.50 112.81 
          266037.50 6784787.50 112.67 266062.50 6784787.50 112.52 266087.50 6784787.50 112.35 266112.50 6784787.50 112.17 
          266137.50 6784787.50 111.91 266162.50 6784787.50 111.92 266187.50 6784787.50 112.62 266212.50 6784787.50 113.35 
          266237.50 6784787.50 114.07 266262.50 6784787.50 114.80 266287.50 6784787.50 115.51 266312.50 6784787.50 116.19 
          266337.50 6784787.50 116.81 266362.50 6784787.50 117.38 266387.50 6784787.50 117.94 266412.50 6784787.50 118.48 
          266437.50 6784787.50 118.99 266462.50 6784787.50 119.47 266487.50 6784787.50 119.93 266512.50 6784787.50 120.35 
          266537.50 6784787.50 120.75 266562.50 6784787.50 121.13 266587.50 6784787.50 121.47 266612.50 6784787.50 121.78 
          266637.50 6784787.50 122.06 266662.50 6784787.50 122.32 266687.50 6784787.50 122.55 266712.50 6784787.50 122.76 
          266737.50 6784787.50 122.94 266762.50 6784787.50 123.10 266787.50 6784787.50 123.24 266812.50 6784787.50 123.35 
          266837.50 6784787.50 123.44 266862.50 6784787.50 123.51 266887.50 6784787.50 123.56 266912.50 6784787.50 123.58 
          266937.50 6784787.50 123.58 266962.50 6784787.50 123.56 266987.50 6784787.50 123.52 267012.50 6784787.50 123.47 
          267037.50 6784787.50 123.41 267062.50 6784787.50 123.36 267087.50 6784787.50 123.36 264987.50 6784762.50 115.05 
          265012.50 6784762.50 115.01 265037.50 6784762.50 114.99 265062.50 6784762.50 114.91 265087.50 6784762.50 115.01 
          265112.50 6784762.50 115.43 265137.50 6784762.50 115.72 265162.50 6784762.50 115.96 265187.50 6784762.50 116.18 
          265212.50 6784762.50 116.37 265237.50 6784762.50 116.52 265262.50 6784762.50 116.64 265287.50 6784762.50 116.73 
          265312.50 6784762.50 116.79 265337.50 6784762.50 116.83 265362.50 6784762.50 116.84 265387.50 6784762.50 116.83 
          265412.50 6784762.50 116.78 265437.50 6784762.50 116.71 265462.50 6784762.50 116.61 265487.50 6784762.50 116.49 
          265512.50 6784762.50 116.34 265537.50 6784762.50 116.17 265562.50 6784762.50 115.98 265587.50 6784762.50 115.75 
          265612.50 6784762.50 115.50 265637.50 6784762.50 115.24 265662.50 6784762.50 114.97 265687.50 6784762.50 114.69 
          265712.50 6784762.50 114.41 265737.50 6784762.50 114.13 265762.50 6784762.50 113.85 265787.50 6784762.50 113.56 
          265812.50 6784762.50 113.30 265837.50 6784762.50 113.07 265862.50 6784762.50 112.90 265887.50 6784762.50 112.75 
          265912.50 6784762.50 112.62 265937.50 6784762.50 112.49 265962.50 6784762.50 112.38 265987.50 6784762.50 112.27 
          266012.50 6784762.50 112.16 266037.50 6784762.50 112.04 266062.50 6784762.50 111.91 266087.50 6784762.50 111.76 
          266112.50 6784762.50 111.59 266137.50 6784762.50 111.31 266162.50 6784762.50 111.71 266187.50 6784762.50 112.40 
          266212.50 6784762.50 113.09 266237.50 6784762.50 113.79 266262.50 6784762.50 114.49 266287.50 6784762.50 115.21 
          266312.50 6784762.50 115.91 266337.50 6784762.50 116.56 266362.50 6784762.50 117.19 266387.50 6784762.50 117.79 
          266412.50 6784762.50 118.37 266437.50 6784762.50 118.90 266462.50 6784762.50 119.41 266487.50 6784762.50 119.88 
          266512.50 6784762.50 120.33 266537.50 6784762.50 120.76 266562.50 6784762.50 121.15 266587.50 6784762.50 121.50 
          266612.50 6784762.50 121.83 266637.50 6784762.50 122.13 266662.50 6784762.50 122.40 266687.50 6784762.50 122.64 
          266712.50 6784762.50 122.86 266737.50 6784762.50 123.05 266762.50 6784762.50 123.22 266787.50 6784762.50 123.37 
          266812.50 6784762.50 123.49 266837.50 6784762.50 123.59 266862.50 6784762.50 123.66 266887.50 6784762.50 123.71 
          266912.50 6784762.50 123.74 266937.50 6784762.50 123.75 266962.50 6784762.50 123.74 266987.50 6784762.50 123.72 
          267012.50 6784762.50 123.69 267037.50 6784762.50 123.67 267062.50 6784762.50 123.65 267087.50 6784762.50 123.65 
          264987.50 6784737.50 114.47 265012.50 6784737.50 114.31 265037.50 6784737.50 114.34 265062.50 6784737.50 114.31 
          265087.50 6784737.50 114.68 265112.50 6784737.50 115.01 265137.50 6784737.50 115.28 265162.50 6784737.50 115.52 
          265187.50 6784737.50 115.73 265212.50 6784737.50 115.90 265237.50 6784737.50 116.05 265262.50 6784737.50 116.16 
          265287.50 6784737.50 116.24 265312.50 6784737.50 116.29 265337.50 6784737.50 116.32 265362.50 6784737.50 116.32 
          265387.50 6784737.50 116.29 265412.50 6784737.50 116.23 265437.50 6784737.50 116.15 265462.50 6784737.50 116.04 
          265487.50 6784737.50 115.91 265512.50 6784737.50 115.76 265537.50 6784737.50 115.58 265562.50 6784737.50 115.37 
          265587.50 6784737.50 115.14 265612.50 6784737.50 114.88 265637.50 6784737.50 114.61 265662.50 6784737.50 114.33 
          265687.50 6784737.50 114.05 265712.50 6784737.50 113.76 265737.50 6784737.50 113.46 265762.50 6784737.50 113.15 
          265787.50 6784737.50 112.84 265812.50 6784737.50 112.55 265837.50 6784737.50 112.29 265862.50 6784737.50 112.12 
          265887.50 6784737.50 111.99 265912.50 6784737.50 111.87 265937.50 6784737.50 111.76 265962.50 6784737.50 111.67 
          265987.50 6784737.50 111.58 266012.50 6784737.50 111.49 266037.50 6784737.50 111.40 266062.50 6784737.50 111.29 
          266087.50 6784737.50 111.17 266112.50 6784737.50 111.00 266137.50 6784737.50 110.72 266162.50 6784737.50 111.47 
          266187.50 6784737.50 112.12 266212.50 6784737.50 112.79 266237.50 6784737.50 113.46 266262.50 6784737.50 114.14 
          266287.50 6784737.50 114.90 266312.50 6784737.50 115.64 266337.50 6784737.50 116.36 266362.50 6784737.50 117.04 
          266387.50 6784737.50 117.67 266412.50 6784737.50 118.27 266437.50 6784737.50 118.83 266462.50 6784737.50 119.36 
          266487.50 6784737.50 119.86 266512.50 6784737.50 120.32 266537.50 6784737.50 120.77 266562.50 6784737.50 121.17 
          266587.50 6784737.50 121.54 266612.50 6784737.50 121.88 266637.50 6784737.50 122.20 266662.50 6784737.50 122.48 
          266687.50 6784737.50 122.73 266712.50 6784737.50 122.96 266737.50 6784737.50 123.16 266762.50 6784737.50 123.34 
          266787.50 6784737.50 123.50 266812.50 6784737.50 123.63 266837.50 6784737.50 123.73 266862.50 6784737.50 123.81 
          266887.50 6784737.50 123.87 266912.50 6784737.50 123.91 266937.50 6784737.50 123.93 266962.50 6784737.50 123.93 
          266987.50 6784737.50 123.92 267012.50 6784737.50 123.91 267037.50 6784737.50 123.90 267062.50 6784737.50 123.89 
          267087.50 6784737.50 123.89 264987.50 6784712.50 114.00 265012.50 6784712.50 113.81 265037.50 6784712.50 113.52 
          265062.50 6784712.50 113.91 265087.50 6784712.50 114.30 265112.50 6784712.50 114.60 265137.50 6784712.50 114.86 
          265162.50 6784712.50 115.09 265187.50 6784712.50 115.28 265212.50 6784712.50 115.45 265237.50 6784712.50 115.58 
          265262.50 6784712.50 115.68 265287.50 6784712.50 115.76 265312.50 6784712.50 115.79 265337.50 6784712.50 115.80 
          265362.50 6784712.50 115.79 265387.50 6784712.50 115.74 265412.50 6784712.50 115.67 265437.50 6784712.50 115.58 
          265462.50 6784712.50 115.47 265487.50 6784712.50 115.32 265512.50 6784712.50 115.16 265537.50 6784712.50 114.96 
          265562.50 6784712.50 114.75 265587.50 6784712.50 114.51 265612.50 6784712.50 114.25 265637.50 6784712.50 113.97 
          265662.50 6784712.50 113.69 265687.50 6784712.50 113.39 265712.50 6784712.50 113.09 265737.50 6784712.50 112.78 
          265762.50 6784712.50 112.45 265787.50 6784712.50 112.11 265812.50 6784712.50 111.76 265837.50 6784712.50 111.40 
          265862.50 6784712.50 111.31 265887.50 6784712.50 111.20 265912.50 6784712.50 111.09 265937.50 6784712.50 111.00 
          265962.50 6784712.50 110.93 265987.50 6784712.50 110.87 266012.50 6784712.50 110.81 266037.50 6784712.50 110.75 
          266062.50 6784712.50 110.68 266087.50 6784712.50 110.58 266112.50 6784712.50 110.41 266137.50 6784712.50 110.42 
          266162.50 6784712.50 111.17 266187.50 6784712.50 111.80 266212.50 6784712.50 112.42 266237.50 6784712.50 113.06 
          266262.50 6784712.50 113.61 266287.50 6784712.50 114.59 266312.50 6784712.50 115.43 266337.50 6784712.50 116.20 
          266362.50 6784712.50 116.91 266387.50 6784712.50 117.58 266412.50 6784712.50 118.20 266437.50 6784712.50 118.78 
          266462.50 6784712.50 119.33 266487.50 6784712.50 119.84 266512.50 6784712.50 120.33 266537.50 6784712.50 120.79 
          266562.50 6784712.50 121.20 266587.50 6784712.50 121.59 266612.50 6784712.50 121.94 266637.50 6784712.50 122.26 
          266662.50 6784712.50 122.56 266687.50 6784712.50 122.83 266712.50 6784712.50 123.07 266737.50 6784712.50 123.27 
          266762.50 6784712.50 123.46 266787.50 6784712.50 123.62 266812.50 6784712.50 123.76 266837.50 6784712.50 123.86 
          266862.50 6784712.50 123.95 266887.50 6784712.50 124.02 266912.50 6784712.50 124.07 266937.50 6784712.50 124.09 
          266962.50 6784712.50 124.11 266987.50 6784712.50 124.11 267012.50 6784712.50 124.11 267037.50 6784712.50 124.11 
          267062.50 6784712.50 124.10 267087.50 6784712.50 124.10 264987.50 6784687.50 113.65 265012.50 6784687.50 113.57 
          265037.50 6784687.50 113.50 265062.50 6784687.50 113.69 265087.50 6784687.50 113.94 265112.50 6784687.50 114.21 
          265137.50 6784687.50 114.44 265162.50 6784687.50 114.66 265187.50 6784687.50 114.84 265212.50 6784687.50 115.00 
          265237.50 6784687.50 115.12 265262.50 6784687.50 115.21 265287.50 6784687.50 115.26 265312.50 6784687.50 115.29 
          265337.50 6784687.50 115.29 265362.50 6784687.50 115.26 265387.50 6784687.50 115.20 265412.50 6784687.50 115.12 
          265437.50 6784687.50 115.01 265462.50 6784687.50 114.88 265487.50 6784687.50 114.72 265512.50 6784687.50 114.54 
          265537.50 6784687.50 114.34 265562.50 6784687.50 114.11 265587.50 6784687.50 113.86 265612.50 6784687.50 113.59 
          265637.50 6784687.50 113.32 265662.50 6784687.50 113.03 265687.50 6784687.50 112.73 265712.50 6784687.50 112.42 
          265737.50 6784687.50 112.10 265762.50 6784687.50 111.75 265787.50 6784687.50 111.38 265812.50 6784687.50 110.91 
          265837.50 6784687.50 110.42 265862.50 6784687.50 110.45 265887.50 6784687.50 110.38 265912.50 6784687.50 110.29 
          265937.50 6784687.50 110.21 265962.50 6784687.50 110.16 265987.50 6784687.50 110.15 266012.50 6784687.50 110.13 
          266037.50 6784687.50 110.10 266062.50 6784687.50 110.04 266087.50 6784687.50 109.98 266112.50 6784687.50 110.00 
          266137.50 6784687.50 110.21 266162.50 6784687.50 110.84 266187.50 6784687.50 111.40 266212.50 6784687.50 112.00 
          266237.50 6784687.50 112.61 266262.50 6784687.50 113.53 266287.50 6784687.50 114.43 266312.50 6784687.50 115.27 
          266337.50 6784687.50 116.07 266362.50 6784687.50 116.82 266387.50 6784687.50 117.51 266412.50 6784687.50 118.16 
          266437.50 6784687.50 118.76 266462.50 6784687.50 119.32 266487.50 6784687.50 119.85 266512.50 6784687.50 120.35 
          266537.50 6784687.50 120.82 266562.50 6784687.50 121.24 266587.50 6784687.50 121.64 266612.50 6784687.50 122.00 
          266637.50 6784687.50 122.34 266662.50 6784687.50 122.64 266687.50 6784687.50 122.92 266712.50 6784687.50 123.17 
          266737.50 6784687.50 123.39 266762.50 6784687.50 123.58 266787.50 6784687.50 123.74 266812.50 6784687.50 123.88 
          266837.50 6784687.50 124.00 266862.50 6784687.50 124.09 266887.50 6784687.50 124.16 266912.50 6784687.50 124.22 
          266937.50 6784687.50 124.25 266962.50 6784687.50 124.28 266987.50 6784687.50 124.29 267012.50 6784687.50 124.30 
          267037.50 6784687.50 124.30 267062.50 6784687.50 124.30 267087.50 6784687.50 124.30 264987.50 6784662.50 113.28 
          265012.50 6784662.50 113.25 265037.50 6784662.50 113.22 265062.50 6784662.50 113.32 265087.50 6784662.50 113.55 
          265112.50 6784662.50 113.81 265137.50 6784662.50 114.04 265162.50 6784662.50 114.24 265187.50 6784662.50 114.41 
          265212.50 6784662.50 114.54 265237.50 6784662.50 114.65 265262.50 6784662.50 114.73 265287.50 6784662.50 114.77 
          265312.50 6784662.50 114.79 265337.50 6784662.50 114.77 265362.50 6784662.50 114.73 265387.50 6784662.50 114.66 
          265412.50 6784662.50 114.56 265437.50 6784662.50 114.44 265462.50 6784662.50 114.29 265487.50 6784662.50 114.12 
          265512.50 6784662.50 113.92 265537.50 6784662.50 113.69 265562.50 6784662.50 113.45 265587.50 6784662.50 113.19 
          265612.50 6784662.50 112.92 265637.50 6784662.50 112.65 265662.50 6784662.50 112.37 265687.50 6784662.50 112.07 
          265712.50 6784662.50 111.75 265737.50 6784662.50 111.43 265762.50 6784662.50 111.09 265787.50 6784662.50 110.74 
          265812.50 6784662.50 110.35 265837.50 6784662.50 109.90 265862.50 6784662.50 109.51 265887.50 6784662.50 109.57 
          265912.50 6784662.50 109.48 265937.50 6784662.50 109.38 265962.50 6784662.50 109.35 265987.50 6784662.50 109.41 
          266012.50 6784662.50 109.47 266037.50 6784662.50 109.43 266062.50 6784662.50 109.30 266087.50 6784662.50 109.12 
          266112.50 6784662.50 109.51 266137.50 6784662.50 109.91 266162.50 6784662.50 110.41 266187.50 6784662.50 110.82 
          266212.50 6784662.50 111.51 266237.50 6784662.50 112.45 266262.50 6784662.50 113.37 266287.50 6784662.50 114.28 
          266312.50 6784662.50 115.15 266337.50 6784662.50 115.99 266362.50 6784662.50 116.76 266387.50 6784662.50 117.48 
          266412.50 6784662.50 118.14 266437.50 6784662.50 118.75 266462.50 6784662.50 119.33 266487.50 6784662.50 119.87 
          266512.50 6784662.50 120.39 266537.50 6784662.50 120.86 266562.50 6784662.50 121.30 266587.50 6784662.50 121.70 
          266612.50 6784662.50 122.07 266637.50 6784662.50 122.42 266662.50 6784662.50 122.73 266687.50 6784662.50 123.02 
          266712.50 6784662.50 123.27 266737.50 6784662.50 123.50 266762.50 6784662.50 123.69 266787.50 6784662.50 123.86 
          266812.50 6784662.50 124.00 266837.50 6784662.50 124.13 266862.50 6784662.50 124.22 266887.50 6784662.50 124.30 
          266912.50 6784662.50 124.36 266937.50 6784662.50 124.41 266962.50 6784662.50 124.44 266987.50 6784662.50 124.46 
          267012.50 6784662.50 124.47 267037.50 6784662.50 124.47 267062.50 6784662.50 124.48 267087.50 6784662.50 124.48 
          264987.50 6784637.50 112.92 265012.50 6784637.50 112.87 265037.50 6784637.50 112.71 265062.50 6784637.50 112.71 
          265087.50 6784637.50 113.15 265112.50 6784637.50 113.42 265137.50 6784637.50 113.63 265162.50 6784637.50 113.82 
          265187.50 6784637.50 113.97 265212.50 6784637.50 114.09 265237.50 6784637.50 114.18 265262.50 6784637.50 114.24 
          265287.50 6784637.50 114.27 265312.50 6784637.50 114.27 265337.50 6784637.50 114.24 265362.50 6784637.50 114.19 
          265387.50 6784637.50 114.10 265412.50 6784637.50 113.99 265437.50 6784637.50 113.86 265462.50 6784637.50 113.70 
          265487.50 6784637.50 113.51 265512.50 6784637.50 113.29 265537.50 6784637.50 113.05 265562.50 6784637.50 112.80 
          265587.50 6784637.50 112.53 265612.50 6784637.50 112.25 265637.50 6784637.50 111.97 265662.50 6784637.50 111.69 
          265687.50 6784637.50 111.39 265712.50 6784637.50 111.08 265737.50 6784637.50 110.77 265762.50 6784637.50 110.45 
          265787.50 6784637.50 110.11 265812.50 6784637.50 109.76 265837.50 6784637.50 109.39 265862.50 6784637.50 109.00 
          265887.50 6784637.50 108.80 265912.50 6784637.50 108.64 265937.50 6784637.50 108.42 265962.50 6784637.50 108.39 
          265987.50 6784637.50 108.63 266012.50 6784637.50 108.85 266037.50 6784637.50 108.71 266062.50 6784637.50 108.72 
          266087.50 6784637.50 109.02 266112.50 6784637.50 109.42 266137.50 6784637.50 110.20 266162.50 6784637.50 110.73 
          266187.50 6784637.50 111.01 266212.50 6784637.50 111.23 266237.50 6784637.50 112.11 266262.50 6784637.50 113.15 
          266287.50 6784637.50 114.13 266312.50 6784637.50 115.07 266337.50 6784637.50 115.94 266362.50 6784637.50 116.75 
          266387.50 6784637.50 117.48 266412.50 6784637.50 118.15 266437.50 6784637.50 118.78 266462.50 6784637.50 119.36 
          266487.50 6784637.50 119.91 266512.50 6784637.50 120.44 266537.50 6784637.50 120.91 266562.50 6784637.50 121.35 
          266587.50 6784637.50 121.77 266612.50 6784637.50 122.15 266637.50 6784637.50 122.51 266662.50 6784637.50 122.83 
          266687.50 6784637.50 123.12 266712.50 6784637.50 123.37 266737.50 6784637.50 123.60 266762.50 6784637.50 123.80 
          266787.50 6784637.50 123.97 266812.50 6784637.50 124.12 266837.50 6784637.50 124.25 266862.50 6784637.50 124.35 
          266887.50 6784637.50 124.44 266912.50 6784637.50 124.50 266937.50 6784637.50 124.55 266962.50 6784637.50 124.58 
          266987.50 6784637.50 124.61 267012.50 6784637.50 124.63 267037.50 6784637.50 124.63 267062.50 6784637.50 124.64 
          267087.50 6784637.50 124.64 264987.50 6784612.50 112.58 265012.50 6784612.50 112.56 265037.50 6784612.50 112.50 
          265062.50 6784612.50 112.60 265087.50 6784612.50 112.82 265112.50 6784612.50 113.05 265137.50 6784612.50 113.24 
          265162.50 6784612.50 113.40 265187.50 6784612.50 113.54 265212.50 6784612.50 113.64 265237.50 6784612.50 113.71 
          265262.50 6784612.50 113.76 265287.50 6784612.50 113.77 265312.50 6784612.50 113.75 265337.50 6784612.50 113.71 
          265362.50 6784612.50 113.64 265387.50 6784612.50 113.54 265412.50 6784612.50 113.42 265437.50 6784612.50 113.27 
          265462.50 6784612.50 113.08 265487.50 6784612.50 112.88 265512.50 6784612.50 112.65 265537.50 6784612.50 112.39 
          265562.50 6784612.50 112.13 265587.50 6784612.50 111.86 265612.50 6784612.50 111.58 265637.50 6784612.50 111.30 
          265662.50 6784612.50 111.01 265687.50 6784612.50 110.71 265712.50 6784612.50 110.41 265737.50 6784612.50 110.11 
          265762.50 6784612.50 109.80 265787.50 6784612.50 109.48 265812.50 6784612.50 109.15 265837.50 6784612.50 108.82 
          265862.50 6784612.50 108.50 265887.50 6784612.50 108.22 265912.50 6784612.50 107.78 265937.50 6784612.50 106.94 
          265962.50 6784612.50 106.76 265987.50 6784612.50 107.63 266012.50 6784612.50 108.48 266037.50 6784612.50 108.52 
          266062.50 6784612.50 108.72 266087.50 6784612.50 109.50 266112.50 6784612.50 110.04 266137.50 6784612.50 110.61 
          266162.50 6784612.50 111.11 266187.50 6784612.50 111.51 266212.50 6784612.50 111.81 266237.50 6784612.50 112.22 
          266262.50 6784612.50 112.82 266287.50 6784612.50 114.00 266312.50 6784612.50 115.02 266337.50 6784612.50 115.95 
          266362.50 6784612.50 116.77 266387.50 6784612.50 117.52 266412.50 6784612.50 118.20 266437.50 6784612.50 118.83 
          266462.50 6784612.50 119.42 266487.50 6784612.50 119.98 266512.50 6784612.50 120.50 266537.50 6784612.50 120.98 
          266562.50 6784612.50 121.43 266587.50 6784612.50 121.86 266612.50 6784612.50 122.25 266637.50 6784612.50 122.61 
          266662.50 6784612.50 122.93 266687.50 6784612.50 123.22 266712.50 6784612.50 123.48 266737.50 6784612.50 123.71 
          266762.50 6784612.50 123.91 266787.50 6784612.50 124.09 266812.50 6784612.50 124.24 266837.50 6784612.50 124.37 
          266862.50 6784612.50 124.48 266887.50 6784612.50 124.56 266912.50 6784612.50 124.63 266937.50 6784612.50 124.68 
          266962.50 6784612.50 124.72 266987.50 6784612.50 124.75 267012.50 6784612.50 124.77 267037.50 6784612.50 124.78 
          267062.50 6784612.50 124.78 267087.50 6784612.50 124.78 264987.50 6784587.50 112.24 265012.50 6784587.50 112.23 
          265037.50 6784587.50 112.20 265062.50 6784587.50 112.32 265087.50 6784587.50 112.48 265112.50 6784587.50 112.66 
          265137.50 6784587.50 112.83 265162.50 6784587.50 112.98 265187.50 6784587.50 113.10 265212.50 6784587.50 113.19 
          265237.50 6784587.50 113.24 265262.50 6784587.50 113.27 265287.50 6784587.50 113.26 265312.50 6784587.50 113.23 
          265337.50 6784587.50 113.16 265362.50 6784587.50 113.08 265387.50 6784587.50 112.97 265412.50 6784587.50 112.82 
          265437.50 6784587.50 112.65 265462.50 6784587.50 112.46 265487.50 6784587.50 112.23 265512.50 6784587.50 111.99 
          265537.50 6784587.50 111.72 265562.50 6784587.50 111.45 265587.50 6784587.50 111.18 265612.50 6784587.50 110.90 
          265637.50 6784587.50 110.62 265662.50 6784587.50 110.34 265687.50 6784587.50 110.05 265712.50 6784587.50 109.75 
          265737.50 6784587.50 109.44 265762.50 6784587.50 109.13 265787.50 6784587.50 108.82 265812.50 6784587.50 108.51 
          265837.50 6784587.50 108.22 265862.50 6784587.50 107.97 265887.50 6784587.50 107.69 265912.50 6784587.50 106.75 
          265937.50 6784587.50 107.45 265962.50 6784587.50 107.78 265987.50 6784587.50 108.22 266012.50 6784587.50 108.60 
          266037.50 6784587.50 108.91 266062.50 6784587.50 109.43 266087.50 6784587.50 109.98 266112.50 6784587.50 110.50 
          266137.50 6784587.50 111.03 266162.50 6784587.50 111.53 266187.50 6784587.50 112.00 266212.50 6784587.50 112.44 
          266237.50 6784587.50 112.91 266262.50 6784587.50 113.31 266287.50 6784587.50 113.92 266312.50 6784587.50 115.01 
          266337.50 6784587.50 116.03 266362.50 6784587.50 116.87 266387.50 6784587.50 117.61 266412.50 6784587.50 118.29 
          266437.50 6784587.50 118.92 266462.50 6784587.50 119.51 266487.50 6784587.50 120.06 266512.50 6784587.50 120.59 
          266537.50 6784587.50 121.07 266562.50 6784587.50 121.52 266587.50 6784587.50 121.95 266612.50 6784587.50 122.34 
          266637.50 6784587.50 122.71 266662.50 6784587.50 123.03 266687.50 6784587.50 123.32 266712.50 6784587.50 123.58 
          266737.50 6784587.50 123.82 266762.50 6784587.50 124.02 266787.50 6784587.50 124.20 266812.50 6784587.50 124.35 
          266837.50 6784587.50 124.48 266862.50 6784587.50 124.59 266887.50 6784587.50 124.68 266912.50 6784587.50 124.75 
          266937.50 6784587.50 124.80 266962.50 6784587.50 124.84 266987.50 6784587.50 124.87 267012.50 6784587.50 124.89 
          267037.50 6784587.50 124.90 267062.50 6784587.50 124.91 267087.50 6784587.50 124.91 264987.50 6784562.50 111.89 
          265012.50 6784562.50 111.87 265037.50 6784562.50 111.80 265062.50 6784562.50 111.95 265087.50 6784562.50 112.11 
          265112.50 6784562.50 112.27 265137.50 6784562.50 112.43 265162.50 6784562.50 112.56 265187.50 6784562.50 112.66 
          265212.50 6784562.50 112.73 265237.50 6784562.50 112.77 265262.50 6784562.50 112.77 265287.50 6784562.50 112.74 
          265312.50 6784562.50 112.69 265337.50 6784562.50 112.61 265362.50 6784562.50 112.50 265387.50 6784562.50 112.37 
          265412.50 6784562.50 112.21 265437.50 6784562.50 112.03 265462.50 6784562.50 111.82 265487.50 6784562.50 111.58 
          265512.50 6784562.50 111.32 265537.50 6784562.50 111.04 265562.50 6784562.50 110.76 265587.50 6784562.50 110.49 
          265612.50 6784562.50 110.22 265637.50 6784562.50 109.94 265662.50 6784562.50 109.66 265687.50 6784562.50 109.37 
          265712.50 6784562.50 109.07 265737.50 6784562.50 108.77 265762.50 6784562.50 108.47 265787.50 6784562.50 108.16 
          265812.50 6784562.50 107.85 265837.50 6784562.50 107.54 265862.50 6784562.50 107.40 265887.50 6784562.50 107.47 
          265912.50 6784562.50 107.49 265937.50 6784562.50 107.82 265962.50 6784562.50 108.18 265987.50 6784562.50 108.59 
          266012.50 6784562.50 109.00 266037.50 6784562.50 109.43 266062.50 6784562.50 109.92 266087.50 6784562.50 110.42 
          266112.50 6784562.50 110.93 266137.50 6784562.50 111.46 266162.50 6784562.50 111.97 266187.50 6784562.50 112.47 
          266212.50 6784562.50 112.97 266237.50 6784562.50 113.48 266262.50 6784562.50 114.03 266287.50 6784562.50 114.67 
          266312.50 6784562.50 115.40 266337.50 6784562.50 116.26 266362.50 6784562.50 117.02 266387.50 6784562.50 117.75 
          266412.50 6784562.50 118.42 266437.50 6784562.50 119.04 266462.50 6784562.50 119.62 266487.50 6784562.50 120.17 
          266512.50 6784562.50 120.69 266537.50 6784562.50 121.18 266562.50 6784562.50 121.63 266587.50 6784562.50 122.06 
          266612.50 6784562.50 122.46 266637.50 6784562.50 122.82 266662.50 6784562.50 123.14 266687.50 6784562.50 123.43 
          266712.50 6784562.50 123.69 266737.50 6784562.50 123.93 266762.50 6784562.50 124.13 266787.50 6784562.50 124.31 
          266812.50 6784562.50 124.47 266837.50 6784562.50 124.60 266862.50 6784562.50 124.70 266887.50 6784562.50 124.79 
          266912.50 6784562.50 124.86 266937.50 6784562.50 124.91 266962.50 6784562.50 124.95 266987.50 6784562.50 124.98 
          267012.50 6784562.50 125.00 267037.50 6784562.50 125.01 267062.50 6784562.50 125.02 267087.50 6784562.50 125.02 
          264987.50 6784537.50 111.52 265012.50 6784537.50 111.50 265037.50 6784537.50 111.40 265062.50 6784537.50 111.56 
          265087.50 6784537.50 111.71 265112.50 6784537.50 111.87 265137.50 6784537.50 112.01 265162.50 6784537.50 112.13 
          265187.50 6784537.50 112.21 265212.50 6784537.50 112.27 265237.50 6784537.50 112.29 265262.50 6784537.50 112.27 
          265287.50 6784537.50 112.22 265312.50 6784537.50 112.15 265337.50 6784537.50 112.04 265362.50 6784537.50 111.92 
          265387.50 6784537.50 111.76 265412.50 6784537.50 111.59 265437.50 6784537.50 111.40 265462.50 6784537.50 111.18 
          265487.50 6784537.50 110.93 265512.50 6784537.50 110.66 265537.50 6784537.50 110.38 265562.50 6784537.50 110.09 
          265587.50 6784537.50 109.81 265612.50 6784537.50 109.53 265637.50 6784537.50 109.25 265662.50 6784537.50 108.96 
          265687.50 6784537.50 108.68 265712.50 6784537.50 108.39 265737.50 6784537.50 108.10 265762.50 6784537.50 107.81 
          265787.50 6784537.50 107.51 265812.50 6784537.50 107.16 265837.50 6784537.50 106.52 265862.50 6784537.50 106.62 
          265887.50 6784537.50 107.20 265912.50 6784537.50 107.60 265937.50 6784537.50 108.06 265962.50 6784537.50 108.49 
          265987.50 6784537.50 108.93 266012.50 6784537.50 109.39 266037.50 6784537.50 109.86 266062.50 6784537.50 110.33 
          266087.50 6784537.50 110.85 266112.50 6784537.50 111.36 266137.50 6784537.50 111.88 266162.50 6784537.50 112.40 
          266187.50 6784537.50 112.92 266212.50 6784537.50 113.44 266237.50 6784537.50 113.98 266262.50 6784537.50 114.56 
          266287.50 6784537.50 115.18 266312.50 6784537.50 115.80 266337.50 6784537.50 116.55 266362.50 6784537.50 117.25 
          266387.50 6784537.50 117.93 266412.50 6784537.50 118.58 266437.50 6784537.50 119.19 266462.50 6784537.50 119.76 
          266487.50 6784537.50 120.30 266512.50 6784537.50 120.82 266537.50 6784537.50 121.30 266562.50 6784537.50 121.75 
          266587.50 6784537.50 122.18 266612.50 6784537.50 122.57 266637.50 6784537.50 122.92 266662.50 6784537.50 123.24 
          266687.50 6784537.50 123.54 266712.50 6784537.50 123.80 266737.50 6784537.50 124.03 266762.50 6784537.50 124.24 
          266787.50 6784537.50 124.42 266812.50 6784537.50 124.57 266837.50 6784537.50 124.70 266862.50 6784537.50 124.81 
          266887.50 6784537.50 124.89 266912.50 6784537.50 124.96 266937.50 6784537.50 125.01 266962.50 6784537.50 125.05 
          266987.50 6784537.50 125.07 267012.50 6784537.50 125.09 267037.50 6784537.50 125.10 267062.50 6784537.50 125.10 
          267087.50 6784537.50 125.10 264987.50 6784512.50 111.17 265012.50 6784512.50 111.13 265037.50 6784512.50 111.01 
          265062.50 6784512.50 111.10 265087.50 6784512.50 111.32 265112.50 6784512.50 111.46 265137.50 6784512.50 111.59 
          265162.50 6784512.50 111.69 265187.50 6784512.50 111.76 265212.50 6784512.50 111.79 265237.50 6784512.50 111.79 
          265262.50 6784512.50 111.76 265287.50 6784512.50 111.69 265312.50 6784512.50 111.59 265337.50 6784512.50 111.47 
          265362.50 6784512.50 111.32 265387.50 6784512.50 111.16 265412.50 6784512.50 110.98 265437.50 6784512.50 110.78 
          265462.50 6784512.50 110.54 265487.50 6784512.50 110.28 265512.50 6784512.50 109.99 265537.50 6784512.50 109.71 
          265562.50 6784512.50 109.42 265587.50 6784512.50 109.13 265612.50 6784512.50 108.84 265637.50 6784512.50 108.55 
          265662.50 6784512.50 108.26 265687.50 6784512.50 107.98 265712.50 6784512.50 107.70 265737.50 6784512.50 107.42 
          265762.50 6784512.50 107.15 265787.50 6784512.50 106.87 265812.50 6784512.50 106.58 265837.50 6784512.50 106.03 
          265862.50 6784512.50 106.42 265887.50 6784512.50 107.24 265912.50 6784512.50 107.78 265937.50 6784512.50 108.29 
          265962.50 6784512.50 108.78 265987.50 6784512.50 109.26 266012.50 6784512.50 109.75 266037.50 6784512.50 110.24 
          266062.50 6784512.50 110.72 266087.50 6784512.50 111.24 266112.50 6784512.50 111.76 266137.50 6784512.50 112.28 
          266162.50 6784512.50 112.81 266187.50 6784512.50 113.34 266212.50 6784512.50 113.88 266237.50 6784512.50 114.43 
          266262.50 6784512.50 115.01 266287.50 6784512.50 115.61 266312.50 6784512.50 116.23 266337.50 6784512.50 116.88 
          266362.50 6784512.50 117.53 266387.50 6784512.50 118.16 266412.50 6784512.50 118.78 266437.50 6784512.50 119.37 
          266462.50 6784512.50 119.93 266487.50 6784512.50 120.46 266512.50 6784512.50 120.96 266537.50 6784512.50 121.44 
          266562.50 6784512.50 121.88 266587.50 6784512.50 122.30 266612.50 6784512.50 122.69 266637.50 6784512.50 123.04 
          266662.50 6784512.50 123.36 266687.50 6784512.50 123.65 266712.50 6784512.50 123.91 266737.50 6784512.50 124.15 
          266762.50 6784512.50 124.35 266787.50 6784512.50 124.53 266812.50 6784512.50 124.68 266837.50 6784512.50 124.80 
          266862.50 6784512.50 124.91 266887.50 6784512.50 124.99 266912.50 6784512.50 125.05 266937.50 6784512.50 125.10 
          266962.50 6784512.50 125.13 266987.50 6784512.50 125.15 267012.50 6784512.50 125.16 267037.50 6784512.50 125.17 
          267062.50 6784512.50 125.17 267087.50 6784512.50 125.17 264987.50 6784487.50 110.82 265012.50 6784487.50 110.80 
          265037.50 6784487.50 110.77 265062.50 6784487.50 110.80 265087.50 6784487.50 110.95 265112.50 6784487.50 111.07 
          265137.50 6784487.50 111.17 265162.50 6784487.50 111.25 265187.50 6784487.50 111.30 265212.50 6784487.50 111.31 
          265237.50 6784487.50 111.30 265262.50 6784487.50 111.24 265287.50 6784487.50 111.16 265312.50 6784487.50 111.05 
          265337.50 6784487.50 110.91 265362.50 6784487.50 110.74 265387.50 6784487.50 110.55 265412.50 6784487.50 110.36 
          265437.50 6784487.50 110.15 265462.50 6784487.50 109.91 265487.50 6784487.50 109.63 265512.50 6784487.50 109.34 
          265537.50 6784487.50 109.05 265562.50 6784487.50 108.76 265587.50 6784487.50 108.45 265612.50 6784487.50 108.15 
          265637.50 6784487.50 107.85 265662.50 6784487.50 107.56 265687.50 6784487.50 107.27 265712.50 6784487.50 107.00 
          265737.50 6784487.50 106.73 265762.50 6784487.50 106.46 265787.50 6784487.50 106.23 265812.50 6784487.50 106.01 
          265837.50 6784487.50 106.21 265862.50 6784487.50 106.80 265887.50 6784487.50 107.40 265912.50 6784487.50 107.97 
          265937.50 6784487.50 108.52 265962.50 6784487.50 109.06 265987.50 6784487.50 109.59 266012.50 6784487.50 110.09 
          266037.50 6784487.50 110.59 266062.50 6784487.50 111.10 266087.50 6784487.50 111.61 266112.50 6784487.50 112.15 
          266137.50 6784487.50 112.68 266162.50 6784487.50 113.21 266187.50 6784487.50 113.74 266212.50 6784487.50 114.29 
          266237.50 6784487.50 114.84 266262.50 6784487.50 115.41 266287.50 6784487.50 116.00 266312.50 6784487.50 116.60 
          266337.50 6784487.50 117.22 266362.50 6784487.50 117.81 266387.50 6784487.50 118.41 266412.50 6784487.50 118.99 
          266437.50 6784487.50 119.56 266462.50 6784487.50 120.10 266487.50 6784487.50 120.62 266512.50 6784487.50 121.12 
          266537.50 6784487.50 121.58 266562.50 6784487.50 122.02 266587.50 6784487.50 122.43 266612.50 6784487.50 122.81 
          266637.50 6784487.50 123.16 266662.50 6784487.50 123.48 266687.50 6784487.50 123.77 266712.50 6784487.50 124.03 
          266737.50 6784487.50 124.26 266762.50 6784487.50 124.46 266787.50 6784487.50 124.63 266812.50 6784487.50 124.78 
          266837.50 6784487.50 124.90 266862.50 6784487.50 125.00 266887.50 6784487.50 125.07 266912.50 6784487.50 125.13 
          266937.50 6784487.50 125.17 266962.50 6784487.50 125.20 266987.50 6784487.50 125.21 267012.50 6784487.50 125.21 
          267037.50 6784487.50 125.21 267062.50 6784487.50 125.21 267087.50 6784487.50 125.21 264987.50 6784462.50 110.45 
          265012.50 6784462.50 110.44 265037.50 6784462.50 110.40 265062.50 6784462.50 110.49 265087.50 6784462.50 110.59 
          265112.50 6784462.50 110.68 265137.50 6784462.50 110.76 265162.50 6784462.50 110.81 265187.50 6784462.50 110.84 
          265212.50 6784462.50 110.84 265237.50 6784462.50 110.80 265262.50 6784462.50 110.73 265287.50 6784462.50 110.63 
          265312.50 6784462.50 110.50 265337.50 6784462.50 110.35 265362.50 6784462.50 110.16 265387.50 6784462.50 109.97 
          265412.50 6784462.50 109.76 265437.50 6784462.50 109.53 265462.50 6784462.50 109.27 265487.50 6784462.50 109.00 
          265512.50 6784462.50 108.69 265537.50 6784462.50 108.39 265562.50 6784462.50 108.09 265587.50 6784462.50 107.78 
          265612.50 6784462.50 107.46 265637.50 6784462.50 107.15 265662.50 6784462.50 106.86 265687.50 6784462.50 106.57 
          265712.50 6784462.50 106.29 265737.50 6784462.50 106.01 265762.50 6784462.50 105.73 265787.50 6784462.50 105.33 
          265812.50 6784462.50 105.81 265837.50 6784462.50 106.44 265862.50 6784462.50 107.01 265887.50 6784462.50 107.59 
          265912.50 6784462.50 108.18 265937.50 6784462.50 108.77 265962.50 6784462.50 109.34 265987.50 6784462.50 109.89 
          266012.50 6784462.50 110.42 266037.50 6784462.50 110.94 266062.50 6784462.50 111.45 266087.50 6784462.50 111.98 
          266112.50 6784462.50 112.52 266137.50 6784462.50 113.05 266162.50 6784462.50 113.59 266187.50 6784462.50 114.13 
          266212.50 6784462.50 114.67 266237.50 6784462.50 115.22 266262.50 6784462.50 115.79 266287.50 6784462.50 116.37 
          266312.50 6784462.50 116.96 266337.50 6784462.50 117.54 266362.50 6784462.50 118.11 266387.50 6784462.50 118.67 
          266412.50 6784462.50 119.22 266437.50 6784462.50 119.76 266462.50 6784462.50 120.29 266487.50 6784462.50 120.80 
          266512.50 6784462.50 121.28 266537.50 6784462.50 121.74 266562.50 6784462.50 122.17 266587.50 6784462.50 122.58 
          266612.50 6784462.50 122.95 266637.50 6784462.50 123.30 266662.50 6784462.50 123.60 266687.50 6784462.50 123.90 
          266712.50 6784462.50 124.15 266737.50 6784462.50 124.37 266762.50 6784462.50 124.57 266787.50 6784462.50 124.73 
          266812.50 6784462.50 124.88 266837.50 6784462.50 124.99 266862.50 6784462.50 125.08 266887.50 6784462.50 125.15 
          266912.50 6784462.50 125.20 266937.50 6784462.50 125.23 266962.50 6784462.50 125.25 266987.50 6784462.50 125.25 
          267012.50 6784462.50 125.25 267037.50 6784462.50 125.24 267062.50 6784462.50 125.23 267087.50 6784462.50 125.23 
          264987.50 6784437.50 110.06 265012.50 6784437.50 110.07 265037.50 6784437.50 110.08 265062.50 6784437.50 110.13 
          265087.50 6784437.50 110.20 265112.50 6784437.50 110.27 265137.50 6784437.50 110.33 265162.50 6784437.50 110.37 
          265187.50 6784437.50 110.38 265212.50 6784437.50 110.36 265237.50 6784437.50 110.31 265262.50 6784437.50 110.22 
          265287.50 6784437.50 110.11 265312.50 6784437.50 109.97 265337.50 6784437.50 109.80 265362.50 6784437.50 109.61 
          265387.50 6784437.50 109.40 265412.50 6784437.50 109.17 265437.50 6784437.50 108.92 265462.50 6784437.50 108.65 
          265487.50 6784437.50 108.37 265512.50 6784437.50 108.05 265537.50 6784437.50 107.74 265562.50 6784437.50 107.42 
          265587.50 6784437.50 107.10 265612.50 6784437.50 106.77 265637.50 6784437.50 106.46 265662.50 6784437.50 106.16 
          265687.50 6784437.50 105.86 265712.50 6784437.50 105.59 265737.50 6784437.50 105.28 265762.50 6784437.50 104.83 
          265787.50 6784437.50 105.22 265812.50 6784437.50 105.98 265837.50 6784437.50 106.60 265862.50 6784437.50 107.21 
          265887.50 6784437.50 107.81 265912.50 6784437.50 108.42 265937.50 6784437.50 109.02 265962.50 6784437.50 109.61 
          265987.50 6784437.50 110.18 266012.50 6784437.50 110.73 266037.50 6784437.50 111.27 266062.50 6784437.50 111.80 
          266087.50 6784437.50 112.34 266112.50 6784437.50 112.88 266137.50 6784437.50 113.41 266162.50 6784437.50 113.95 
          266187.50 6784437.50 114.49 266212.50 6784437.50 115.04 266237.50 6784437.50 115.59 266262.50 6784437.50 116.16 
          266287.50 6784437.50 116.72 266312.50 6784437.50 117.29 266337.50 6784437.50 117.86 266362.50 6784437.50 118.41 
          266387.50 6784437.50 118.94 266412.50 6784437.50 119.47 266437.50 6784437.50 119.99 266462.50 6784437.50 120.50 
          266487.50 6784437.50 120.99 266512.50 6784437.50 121.46 266537.50 6784437.50 121.91 266562.50 6784437.50 122.33 
          266587.50 6784437.50 122.73 266612.50 6784437.50 123.10 266637.50 6784437.50 123.43 266662.50 6784437.50 123.73 
          266687.50 6784437.50 124.02 266712.50 6784437.50 124.27 266737.50 6784437.50 124.49 266762.50 6784437.50 124.68 
          266787.50 6784437.50 124.84 266812.50 6784437.50 124.97 266837.50 6784437.50 125.08 266862.50 6784437.50 125.16 
          266887.50 6784437.50 125.23 266912.50 6784437.50 125.27 266937.50 6784437.50 125.28 266962.50 6784437.50 125.29 
          266987.50 6784437.50 125.28 267012.50 6784437.50 125.26 267037.50 6784437.50 125.24 267062.50 6784437.50 125.23 
          267087.50 6784437.50 125.23 264987.50 6784412.50 109.65 265012.50 6784412.50 109.66 265037.50 6784412.50 109.68 
          265062.50 6784412.50 109.73 265087.50 6784412.50 109.78 265112.50 6784412.50 109.84 265137.50 6784412.50 109.89 
          265162.50 6784412.50 109.92 265187.50 6784412.50 109.91 265212.50 6784412.50 109.88 265237.50 6784412.50 109.81 
          265262.50 6784412.50 109.72 265287.50 6784412.50 109.59 265312.50 6784412.50 109.44 265337.50 6784412.50 109.26 
          265362.50 6784412.50 109.05 265387.50 6784412.50 108.83 265412.50 6784412.50 108.59 265437.50 6784412.50 108.32 
          265462.50 6784412.50 108.04 265487.50 6784412.50 107.73 265512.50 6784412.50 107.40 265537.50 6784412.50 107.09 
          265562.50 6784412.50 106.75 265587.50 6784412.50 106.42 265612.50 6784412.50 106.09 265637.50 6784412.50 105.77 
          265662.50 6784412.50 105.46 265687.50 6784412.50 105.15 265712.50 6784412.50 104.90 265737.50 6784412.50 104.43 
          265762.50 6784412.50 104.81 265787.50 6784412.50 105.50 265812.50 6784412.50 106.14 265837.50 6784412.50 106.77 
          265862.50 6784412.50 107.40 265887.50 6784412.50 108.03 265912.50 6784412.50 108.66 265937.50 6784412.50 109.28 
          265962.50 6784412.50 109.87 265987.50 6784412.50 110.46 266012.50 6784412.50 111.04 266037.50 6784412.50 111.59 
          266062.50 6784412.50 112.14 266087.50 6784412.50 112.69 266112.50 6784412.50 113.22 266137.50 6784412.50 113.75 
          266162.50 6784412.50 114.29 266187.50 6784412.50 114.84 266212.50 6784412.50 115.40 266237.50 6784412.50 115.94 
          266262.50 6784412.50 116.50 266287.50 6784412.50 117.06 266312.50 6784412.50 117.61 266337.50 6784412.50 118.16 
          266362.50 6784412.50 118.70 266387.50 6784412.50 119.22 266412.50 6784412.50 119.73 266437.50 6784412.50 120.23 
          266462.50 6784412.50 120.72 266487.50 6784412.50 121.19 266512.50 6784412.50 121.65 266537.50 6784412.50 122.09 
          266562.50 6784412.50 122.50 266587.50 6784412.50 122.89 266612.50 6784412.50 123.25 266637.50 6784412.50 123.58 
          266662.50 6784412.50 123.87 266687.50 6784412.50 124.15 266712.50 6784412.50 124.39 266737.50 6784412.50 124.60 
          266762.50 6784412.50 124.78 266787.50 6784412.50 124.94 266812.50 6784412.50 125.07 266837.50 6784412.50 125.17 
          266862.50 6784412.50 125.24 266887.50 6784412.50 125.29 266912.50 6784412.50 125.32 266937.50 6784412.50 125.33 
          266962.50 6784412.50 125.32 266987.50 6784412.50 125.29 267012.50 6784412.50 125.25 267037.50 6784412.50 125.21 
          267062.50 6784412.50 125.19 267087.50 6784412.50 125.19 264987.50 6784387.50 109.21 265012.50 6784387.50 109.21 
          265037.50 6784387.50 109.23 265062.50 6784387.50 109.28 265087.50 6784387.50 109.35 265112.50 6784387.50 109.40 
          265137.50 6784387.50 109.44 265162.50 6784387.50 109.46 265187.50 6784387.50 109.44 265212.50 6784387.50 109.40 
          265237.50 6784387.50 109.32 265262.50 6784387.50 109.21 265287.50 6784387.50 109.08 265312.50 6784387.50 108.91 
          265337.50 6784387.50 108.72 265362.50 6784387.50 108.49 265387.50 6784387.50 108.25 265412.50 6784387.50 108.00 
          265437.50 6784387.50 107.71 265462.50 6784387.50 107.41 265487.50 6784387.50 107.08 265512.50 6784387.50 106.77 
          265537.50 6784387.50 106.44 265562.50 6784387.50 106.10 265587.50 6784387.50 105.76 265612.50 6784387.50 105.43 
          265637.50 6784387.50 105.11 265662.50 6784387.50 104.77 265687.50 6784387.50 104.31 265712.50 6784387.50 104.22 
          265737.50 6784387.50 104.42 265762.50 6784387.50 105.08 265787.50 6784387.50 105.68 265812.50 6784387.50 106.32 
          265837.50 6784387.50 106.96 265862.50 6784387.50 107.60 265887.50 6784387.50 108.25 265912.50 6784387.50 108.90 
          265937.50 6784387.50 109.52 265962.50 6784387.50 110.13 265987.50 6784387.50 110.74 266012.50 6784387.50 111.33 
          266037.50 6784387.50 111.90 266062.50 6784387.50 112.46 266087.50 6784387.50 113.01 266112.50 6784387.50 113.54 
          266137.50 6784387.50 114.07 266162.50 6784387.50 114.63 266187.50 6784387.50 115.18 266212.50 6784387.50 115.73 
          266237.50 6784387.50 116.27 266262.50 6784387.50 116.82 266287.50 6784387.50 117.38 266312.50 6784387.50 117.92 
          266337.50 6784387.50 118.46 266362.50 6784387.50 118.99 266387.50 6784387.50 119.50 266412.50 6784387.50 120.00 
          266437.50 6784387.50 120.48 266462.50 6784387.50 120.95 266487.50 6784387.50 121.40 266512.50 6784387.50 121.85 
          266537.50 6784387.50 122.27 266562.50 6784387.50 122.68 266587.50 6784387.50 123.05 266612.50 6784387.50 123.40 
          266637.50 6784387.50 123.72 266662.50 6784387.50 124.01 266687.50 6784387.50 124.28 266712.50 6784387.50 124.51 
          266737.50 6784387.50 124.72 266762.50 6784387.50 124.89 266787.50 6784387.50 125.04 266812.50 6784387.50 125.16 
          266837.50 6784387.50 125.25 266862.50 6784387.50 125.32 266887.50 6784387.50 125.36 266912.50 6784387.50 125.37 
          266937.50 6784387.50 125.36 266962.50 6784387.50 125.33 266987.50 6784387.50 125.29 267012.50 6784387.50 125.22 
          267037.50 6784387.50 125.16 267062.50 6784387.50 125.10 267087.50 6784387.50 125.10 264987.50 6784362.50 108.76 
          265012.50 6784362.50 108.74 265037.50 6784362.50 108.70 265062.50 6784362.50 108.81 265087.50 6784362.50 108.90 
          265112.50 6784362.50 108.96 265137.50 6784362.50 109.00 265162.50 6784362.50 109.01 265187.50 6784362.50 108.98 
          265212.50 6784362.50 108.92 265237.50 6784362.50 108.83 265262.50 6784362.50 108.71 265287.50 6784362.50 108.56 
          265312.50 6784362.50 108.38 265337.50 6784362.50 108.18 265362.50 6784362.50 107.93 265387.50 6784362.50 107.69 
          265412.50 6784362.50 107.41 265437.50 6784362.50 107.10 265462.50 6784362.50 106.79 265487.50 6784362.50 106.48 
          265512.50 6784362.50 106.16 265537.50 6784362.50 105.81 265562.50 6784362.50 105.46 265587.50 6784362.50 105.11 
          265612.50 6784362.50 104.78 265637.50 6784362.50 104.46 265662.50 6784362.50 104.10 265687.50 6784362.50 103.72 
          265712.50 6784362.50 104.11 265737.50 6784362.50 104.70 265762.50 6784362.50 105.26 265787.50 6784362.50 105.85 
          265812.50 6784362.50 106.49 265837.50 6784362.50 107.14 265862.50 6784362.50 107.79 265887.50 6784362.50 108.46 
          265912.50 6784362.50 109.12 265937.50 6784362.50 109.76 265962.50 6784362.50 110.39 265987.50 6784362.50 111.01 
          266012.50 6784362.50 111.61 266037.50 6784362.50 112.20 266062.50 6784362.50 112.76 266087.50 6784362.50 113.31 
          266112.50 6784362.50 113.84 266137.50 6784362.50 114.39 266162.50 6784362.50 114.96 266187.50 6784362.50 115.50 
          266212.50 6784362.50 116.06 266237.50 6784362.50 116.60 266262.50 6784362.50 117.15 266287.50 6784362.50 117.69 
          266312.50 6784362.50 118.23 266337.50 6784362.50 118.77 266362.50 6784362.50 119.29 266387.50 6784362.50 119.78 
          266412.50 6784362.50 120.26 266437.50 6784362.50 120.73 266462.50 6784362.50 121.18 266487.50 6784362.50 121.62 
          266512.50 6784362.50 122.05 266537.50 6784362.50 122.47 266562.50 6784362.50 122.86 266587.50 6784362.50 123.22 
          266612.50 6784362.50 123.56 266637.50 6784362.50 123.87 266662.50 6784362.50 124.15 266687.50 6784362.50 124.41 
          266712.50 6784362.50 124.63 266737.50 6784362.50 124.83 266762.50 6784362.50 125.00 266787.50 6784362.50 125.14 
          266812.50 6784362.50 125.25 266837.50 6784362.50 125.33 266862.50 6784362.50 125.39 266887.50 6784362.50 125.42 
          266912.50 6784362.50 125.42 266937.50 6784362.50 125.39 266962.50 6784362.50 125.34 266987.50 6784362.50 125.27 
          267012.50 6784362.50 125.18 267037.50 6784362.50 125.07 267062.50 6784362.50 124.90 267087.50 6784362.50 124.90 
          264987.50 6784337.50 108.30 265012.50 6784337.50 108.25 265037.50 6784337.50 108.01 265062.50 6784337.50 108.31 
          265087.50 6784337.50 108.44 265112.50 6784337.50 108.51 265137.50 6784337.50 108.54 265162.50 6784337.50 108.55 
          265187.50 6784337.50 108.52 265212.50 6784337.50 108.45 265237.50 6784337.50 108.35 265262.50 6784337.50 108.21 
          265287.50 6784337.50 108.04 265312.50 6784337.50 107.85 265337.50 6784337.50 107.62 265362.50 6784337.50 107.38 
          265387.50 6784337.50 107.11 265412.50 6784337.50 106.82 265437.50 6784337.50 106.52 265462.50 6784337.50 106.21 
          265487.50 6784337.50 105.90 265512.50 6784337.50 105.56 265537.50 6784337.50 105.21 265562.50 6784337.50 104.84 
          265587.50 6784337.50 104.46 265612.50 6784337.50 104.10 265637.50 6784337.50 103.81 265662.50 6784337.50 103.42 
          265687.50 6784337.50 103.71 265712.50 6784337.50 104.29 265737.50 6784337.50 104.84 265762.50 6784337.50 105.41 
          265787.50 6784337.50 106.01 265812.50 6784337.50 106.65 265837.50 6784337.50 107.31 265862.50 6784337.50 107.98 
          265887.50 6784337.50 108.66 265912.50 6784337.50 109.34 265937.50 6784337.50 109.99 265962.50 6784337.50 110.63 
          265987.50 6784337.50 111.26 266012.50 6784337.50 111.87 266037.50 6784337.50 112.47 266062.50 6784337.50 113.04 
          266087.50 6784337.50 113.59 266112.50 6784337.50 114.14 266137.50 6784337.50 114.70 266162.50 6784337.50 115.26 
          266187.50 6784337.50 115.81 266212.50 6784337.50 116.37 266237.50 6784337.50 116.92 266262.50 6784337.50 117.47 
          266287.50 6784337.50 118.01 266312.50 6784337.50 118.54 266337.50 6784337.50 119.06 266362.50 6784337.50 119.57 
          266387.50 6784337.50 120.05 266412.50 6784337.50 120.52 266437.50 6784337.50 120.98 266462.50 6784337.50 121.42 
          266487.50 6784337.50 121.85 266512.50 6784337.50 122.26 266537.50 6784337.50 122.66 266562.50 6784337.50 123.04 
          266587.50 6784337.50 123.39 266612.50 6784337.50 123.72 266637.50 6784337.50 124.02 266662.50 6784337.50 124.29 
          266687.50 6784337.50 124.54 266712.50 6784337.50 124.76 266737.50 6784337.50 124.95 266762.50 6784337.50 125.11 
          266787.50 6784337.50 125.24 266812.50 6784337.50 125.34 266837.50 6784337.50 125.41 266862.50 6784337.50 125.46 
          266887.50 6784337.50 125.47 266912.50 6784337.50 125.46 266937.50 6784337.50 125.42 266962.50 6784337.50 125.35 
          266987.50 6784337.50 125.26 267012.50 6784337.50 125.15 267037.50 6784337.50 124.99 267062.50 6784337.50 124.71 
          267087.50 6784337.50 124.71 264987.50 6784312.50 107.90 265012.50 6784312.50 107.85 265037.50 6784312.50 107.71 
          265062.50 6784312.50 107.89 265087.50 6784312.50 108.00 265112.50 6784312.50 108.06 265137.50 6784312.50 108.09 
          265162.50 6784312.50 108.08 265187.50 6784312.50 108.04 265212.50 6784312.50 107.97 265237.50 6784312.50 107.86 
          265262.50 6784312.50 107.71 265287.50 6784312.50 107.53 265312.50 6784312.50 107.32 265337.50 6784312.50 107.08 
          265362.50 6784312.50 106.83 265387.50 6784312.50 106.56 265412.50 6784312.50 106.27 265437.50 6784312.50 105.97 
          265462.50 6784312.50 105.66 265487.50 6784312.50 105.35 265512.50 6784312.50 105.01 265537.50 6784312.50 104.64 
          265562.50 6784312.50 104.23 265587.50 6784312.50 103.80 265612.50 6784312.50 103.31 265637.50 6784312.50 103.02 
          265662.50 6784312.50 103.12 265687.50 6784312.50 103.82 265712.50 6784312.50 104.38 265737.50 6784312.50 104.95 
          265762.50 6784312.50 105.54 265787.50 6784312.50 106.14 265812.50 6784312.50 106.80 265837.50 6784312.50 107.48 
          265862.50 6784312.50 108.16 265887.50 6784312.50 108.85 265912.50 6784312.50 109.54 265937.50 6784312.50 110.21 
          265962.50 6784312.50 110.87 265987.50 6784312.50 111.50 266012.50 6784312.50 112.12 266037.50 6784312.50 112.73 
          266062.50 6784312.50 113.31 266087.50 6784312.50 113.87 266112.50 6784312.50 114.43 266137.50 6784312.50 115.00 
          266162.50 6784312.50 115.56 266187.50 6784312.50 116.12 266212.50 6784312.50 116.68 266237.50 6784312.50 117.24 
          266262.50 6784312.50 117.78 266287.50 6784312.50 118.31 266312.50 6784312.50 118.84 266337.50 6784312.50 119.35 
          266362.50 6784312.50 119.85 266387.50 6784312.50 120.32 266412.50 6784312.50 120.77 266437.50 6784312.50 121.22 
          266462.50 6784312.50 121.65 266487.50 6784312.50 122.07 266512.50 6784312.50 122.47 266537.50 6784312.50 122.86 
          266562.50 6784312.50 123.22 266587.50 6784312.50 123.56 266612.50 6784312.50 123.88 266637.50 6784312.50 124.17 
          266662.50 6784312.50 124.44 266687.50 6784312.50 124.67 266712.50 6784312.50 124.88 266737.50 6784312.50 125.06 
          266762.50 6784312.50 125.22 266787.50 6784312.50 125.34 266812.50 6784312.50 125.43 266837.50 6784312.50 125.49 
          266862.50 6784312.50 125.53 266887.50 6784312.50 125.53 266912.50 6784312.50 125.51 266937.50 6784312.50 125.45 
          266962.50 6784312.50 125.37 266987.50 6784312.50 125.26 267012.50 6784312.50 125.13 267037.50 6784312.50 124.97 
          267062.50 6784312.50 124.81 267087.50 6784312.50 124.81 264987.50 6784287.50 107.51 265012.50 6784287.50 107.48 
          265037.50 6784287.50 107.40 265062.50 6784287.50 107.51 265087.50 6784287.50 107.58 265112.50 6784287.50 107.63 
          265137.50 6784287.50 107.64 265162.50 6784287.50 107.62 265187.50 6784287.50 107.57 265212.50 6784287.50 107.49 
          265237.50 6784287.50 107.37 265262.50 6784287.50 107.22 265287.50 6784287.50 107.02 265312.50 6784287.50 106.80 
          265337.50 6784287.50 106.56 265362.50 6784287.50 106.30 265387.50 6784287.50 106.03 265412.50 6784287.50 105.74 
          265437.50 6784287.50 105.44 265462.50 6784287.50 105.13 265487.50 6784287.50 104.80 265512.50 6784287.50 104.46 
          265537.50 6784287.50 104.10 265562.50 6784287.50 103.69 265587.50 6784287.50 103.20 265612.50 6784287.50 102.62 
          265637.50 6784287.50 102.62 265662.50 6784287.50 103.29 265687.50 6784287.50 103.88 265712.50 6784287.50 104.45 
          265737.50 6784287.50 105.04 265762.50 6784287.50 105.65 265787.50 6784287.50 106.27 265812.50 6784287.50 106.95 
          265837.50 6784287.50 107.64 265862.50 6784287.50 108.34 265887.50 6784287.50 109.03 265912.50 6784287.50 109.73 
          265937.50 6784287.50 110.41 265962.50 6784287.50 111.08 265987.50 6784287.50 111.73 266012.50 6784287.50 112.36 
          266037.50 6784287.50 112.98 266062.50 6784287.50 113.57 266087.50 6784287.50 114.14 266112.50 6784287.50 114.70 
          266137.50 6784287.50 115.28 266162.50 6784287.50 115.85 266187.50 6784287.50 116.42 266212.50 6784287.50 116.99 
          266237.50 6784287.50 117.54 266262.50 6784287.50 118.08 266287.50 6784287.50 118.61 266312.50 6784287.50 119.12 
          266337.50 6784287.50 119.63 266362.50 6784287.50 120.11 266387.50 6784287.50 120.58 266412.50 6784287.50 121.02 
          266437.50 6784287.50 121.46 266462.50 6784287.50 121.88 266487.50 6784287.50 122.28 266512.50 6784287.50 122.68 
          266537.50 6784287.50 123.04 266562.50 6784287.50 123.40 266587.50 6784287.50 123.73 266612.50 6784287.50 124.03 
          266637.50 6784287.50 124.32 266662.50 6784287.50 124.57 266687.50 6784287.50 124.81 266712.50 6784287.50 125.01 
          266737.50 6784287.50 125.18 266762.50 6784287.50 125.32 266787.50 6784287.50 125.44 266812.50 6784287.50 125.52 
          266837.50 6784287.50 125.58 266862.50 6784287.50 125.60 266887.50 6784287.50 125.60 266912.50 6784287.50 125.56 
          266937.50 6784287.50 125.49 266962.50 6784287.50 125.39 266987.50 6784287.50 125.26 267012.50 6784287.50 125.11 
          267037.50 6784287.50 124.93 267062.50 6784287.50 124.61 267087.50 6784287.50 124.61 264987.50 6784262.50 107.11 
          265012.50 6784262.50 107.09 265037.50 6784262.50 107.08 265062.50 6784262.50 107.12 265087.50 6784262.50 107.17 
          265112.50 6784262.50 107.20 265137.50 6784262.50 107.20 265162.50 6784262.50 107.17 265187.50 6784262.50 107.11 
          265212.50 6784262.50 107.01 265237.50 6784262.50 106.88 265262.50 6784262.50 106.72 265287.50 6784262.50 106.51 
          265312.50 6784262.50 106.29 265337.50 6784262.50 106.04 265362.50 6784262.50 105.78 265387.50 6784262.50 105.50 
          265412.50 6784262.50 105.22 265437.50 6784262.50 104.92 265462.50 6784262.50 104.61 265487.50 6784262.50 104.28 
          265512.50 6784262.50 103.92 265537.50 6784262.50 103.55 265562.50 6784262.50 103.18 265587.50 6784262.50 102.84 
          265612.50 6784262.50 102.61 265637.50 6784262.50 102.62 265662.50 6784262.50 103.32 265687.50 6784262.50 103.92 
          265712.50 6784262.50 104.51 265737.50 6784262.50 105.11 265762.50 6784262.50 105.74 265787.50 6784262.50 106.41 
          265812.50 6784262.50 107.10 265837.50 6784262.50 107.79 265862.50 6784262.50 108.50 265887.50 6784262.50 109.20 
          265912.50 6784262.50 109.91 265937.50 6784262.50 110.60 265962.50 6784262.50 111.29 265987.50 6784262.50 111.95 
          266012.50 6784262.50 112.59 266037.50 6784262.50 113.22 266062.50 6784262.50 113.82 266087.50 6784262.50 114.39 
          266112.50 6784262.50 114.97 266137.50 6784262.50 115.56 266162.50 6784262.50 116.14 266187.50 6784262.50 116.72 
          266212.50 6784262.50 117.28 266237.50 6784262.50 117.84 266262.50 6784262.50 118.37 266287.50 6784262.50 118.90 
          266312.50 6784262.50 119.40 266337.50 6784262.50 119.90 266362.50 6784262.50 120.37 266387.50 6784262.50 120.82 
          266412.50 6784262.50 121.26 266437.50 6784262.50 121.69 266462.50 6784262.50 122.09 266487.50 6784262.50 122.49 
          266512.50 6784262.50 122.87 266537.50 6784262.50 123.23 266562.50 6784262.50 123.57 266587.50 6784262.50 123.89 
          266612.50 6784262.50 124.19 266637.50 6784262.50 124.47 266662.50 6784262.50 124.72 266687.50 6784262.50 124.94 
          266712.50 6784262.50 125.13 266737.50 6784262.50 125.30 266762.50 6784262.50 125.43 266787.50 6784262.50 125.54 
          266812.50 6784262.50 125.62 266837.50 6784262.50 125.66 266862.50 6784262.50 125.68 266887.50 6784262.50 125.66 
          266912.50 6784262.50 125.61 266937.50 6784262.50 125.53 266962.50 6784262.50 125.42 266987.50 6784262.50 125.28 
          267012.50 6784262.50 125.11 267037.50 6784262.50 124.92 267062.50 6784262.50 124.70 267087.50 6784262.50 124.70 
          264987.50 6784237.50 106.71 265012.50 6784237.50 106.68 265037.50 6784237.50 106.66 265062.50 6784237.50 106.70 
          265087.50 6784237.50 106.74 265112.50 6784237.50 106.76 265137.50 6784237.50 106.76 265162.50 6784237.50 106.72 
          265187.50 6784237.50 106.65 265212.50 6784237.50 106.54 265237.50 6784237.50 106.40 265262.50 6784237.50 106.22 
          265287.50 6784237.50 106.02 265312.50 6784237.50 105.79 265337.50 6784237.50 105.54 265362.50 6784237.50 105.28 
          265387.50 6784237.50 105.00 265412.50 6784237.50 104.72 265437.50 6784237.50 104.42 265462.50 6784237.50 104.10 
          265487.50 6784237.50 103.77 265512.50 6784237.50 103.42 265537.50 6784237.50 103.06 265562.50 6784237.50 102.60 
          265587.50 6784237.50 102.12 265612.50 6784237.50 102.46 265637.50 6784237.50 102.83 265662.50 6784237.50 103.36 
          265687.50 6784237.50 103.95 265712.50 6784237.50 104.55 265737.50 6784237.50 105.17 265762.50 6784237.50 105.85 
          265787.50 6784237.50 106.53 265812.50 6784237.50 107.23 265837.50 6784237.50 107.93 265862.50 6784237.50 108.64 
          265887.50 6784237.50 109.35 265912.50 6784237.50 110.06 265937.50 6784237.50 110.78 265962.50 6784237.50 111.48 
          265987.50 6784237.50 112.16 266012.50 6784237.50 112.81 266037.50 6784237.50 113.44 266062.50 6784237.50 114.05 
          266087.50 6784237.50 114.63 266112.50 6784237.50 115.24 266137.50 6784237.50 115.84 266162.50 6784237.50 116.43 
          266187.50 6784237.50 117.00 266212.50 6784237.50 117.57 266237.50 6784237.50 118.12 266262.50 6784237.50 118.65 
          266287.50 6784237.50 119.17 266312.50 6784237.50 119.67 266337.50 6784237.50 120.15 266362.50 6784237.50 120.62 
          266387.50 6784237.50 121.06 266412.50 6784237.50 121.49 266437.50 6784237.50 121.90 266462.50 6784237.50 122.30 
          266487.50 6784237.50 122.69 266512.50 6784237.50 123.06 266537.50 6784237.50 123.41 266562.50 6784237.50 123.74 
          266587.50 6784237.50 124.05 266612.50 6784237.50 124.34 266637.50 6784237.50 124.61 266662.50 6784237.50 124.85 
          266687.50 6784237.50 125.07 266712.50 6784237.50 125.25 266737.50 6784237.50 125.41 266762.50 6784237.50 125.54 
          266787.50 6784237.50 125.64 266812.50 6784237.50 125.71 266837.50 6784237.50 125.75 266862.50 6784237.50 125.76 
          266887.50 6784237.50 125.73 266912.50 6784237.50 125.68 266937.50 6784237.50 125.59 266962.50 6784237.50 125.46 
          266987.50 6784237.50 125.30 267012.50 6784237.50 125.11 267037.50 6784237.50 124.89 267062.50 6784237.50 124.69 
          267087.50 6784237.50 124.69 264987.50 6784212.50 106.30 265012.50 6784212.50 106.26 265037.50 6784212.50 106.11 
          265062.50 6784212.50 106.26 265087.50 6784212.50 106.32 265112.50 6784212.50 106.34 265137.50 6784212.50 106.32 
          265162.50 6784212.50 106.28 265187.50 6784212.50 106.20 265212.50 6784212.50 106.08 265237.50 6784212.50 105.93 
          265262.50 6784212.50 105.74 265287.50 6784212.50 105.53 265312.50 6784212.50 105.30 265337.50 6784212.50 105.05 
          265362.50 6784212.50 104.79 265387.50 6784212.50 104.52 265412.50 6784212.50 104.24 265437.50 6784212.50 103.93 
          265462.50 6784212.50 103.62 265487.50 6784212.50 103.28 265512.50 6784212.50 102.93 265537.50 6784212.50 102.58 
          265562.50 6784212.50 102.20 265587.50 6784212.50 101.81 265612.50 6784212.50 102.02 265637.50 6784212.50 102.74 
          265662.50 6784212.50 103.32 265687.50 6784212.50 103.95 265712.50 6784212.50 104.59 265737.50 6784212.50 105.23 
          265762.50 6784212.50 105.95 265787.50 6784212.50 106.65 265812.50 6784212.50 107.33 265837.50 6784212.50 108.05 
          265862.50 6784212.50 108.78 265887.50 6784212.50 109.48 265912.50 6784212.50 110.20 265937.50 6784212.50 110.94 
          265962.50 6784212.50 111.66 265987.50 6784212.50 112.34 266012.50 6784212.50 113.00 266037.50 6784212.50 113.64 
          266062.50 6784212.50 114.26 266087.50 6784212.50 114.86 266112.50 6784212.50 115.48 266137.50 6784212.50 116.09 
          266162.50 6784212.50 116.69 266187.50 6784212.50 117.27 266212.50 6784212.50 117.84 266237.50 6784212.50 118.38 
          266262.50 6784212.50 118.92 266287.50 6784212.50 119.43 266312.50 6784212.50 119.92 266337.50 6784212.50 120.39 
          266362.50 6784212.50 120.85 266387.50 6784212.50 121.29 266412.50 6784212.50 121.70 266437.50 6784212.50 122.11 
          266462.50 6784212.50 122.51 266487.50 6784212.50 122.88 266512.50 6784212.50 123.24 266537.50 6784212.50 123.58 
          266562.50 6784212.50 123.90 266587.50 6784212.50 124.21 266612.50 6784212.50 124.49 266637.50 6784212.50 124.75 
          266662.50 6784212.50 124.98 266687.50 6784212.50 125.19 266712.50 6784212.50 125.37 266737.50 6784212.50 125.52 
          266762.50 6784212.50 125.65 266787.50 6784212.50 125.74 266812.50 6784212.50 125.81 266837.50 6784212.50 125.84 
          266862.50 6784212.50 125.84 266887.50 6784212.50 125.82 266912.50 6784212.50 125.75 266937.50 6784212.50 125.65 
          266962.50 6784212.50 125.52 266987.50 6784212.50 125.35 267012.50 6784212.50 125.12 267037.50 6784212.50 124.83 
          267062.50 6784212.50 124.32 267087.50 6784212.50 124.32 264987.50 6784187.50 105.92 265012.50 6784187.50 105.88 
          265037.50 6784187.50 105.80 265062.50 6784187.50 105.88 265087.50 6784187.50 105.92 265112.50 6784187.50 105.93 
          265137.50 6784187.50 105.90 265162.50 6784187.50 105.84 265187.50 6784187.50 105.75 265212.50 6784187.50 105.62 
          265237.50 6784187.50 105.46 265262.50 6784187.50 105.27 265287.50 6784187.50 105.06 265312.50 6784187.50 104.83 
          265337.50 6784187.50 104.58 265362.50 6784187.50 104.33 265387.50 6784187.50 104.06 265412.50 6784187.50 103.78 
          265437.50 6784187.50 103.47 265462.50 6784187.50 103.14 265487.50 6784187.50 102.79 265512.50 6784187.50 102.40 
          265537.50 6784187.50 102.09 265562.50 6784187.50 101.70 265587.50 6784187.50 101.33 265612.50 6784187.50 102.08 
          265637.50 6784187.50 102.69 265662.50 6784187.50 103.29 265687.50 6784187.50 103.93 265712.50 6784187.50 104.60 
          265737.50 6784187.50 105.30 265762.50 6784187.50 106.01 265787.50 6784187.50 106.74 265812.50 6784187.50 107.46 
          265837.50 6784187.50 108.16 265862.50 6784187.50 108.89 265887.50 6784187.50 109.62 265912.50 6784187.50 110.34 
          265937.50 6784187.50 111.08 265962.50 6784187.50 111.81 265987.50 6784187.50 112.50 266012.50 6784187.50 113.18 
          266037.50 6784187.50 113.83 266062.50 6784187.50 114.46 266087.50 6784187.50 115.09 266112.50 6784187.50 115.71 
          266137.50 6784187.50 116.32 266162.50 6784187.50 116.93 266187.50 6784187.50 117.52 266212.50 6784187.50 118.08 
          266237.50 6784187.50 118.63 266262.50 6784187.50 119.16 266287.50 6784187.50 119.67 266312.50 6784187.50 120.16 
          266337.50 6784187.50 120.61 266362.50 6784187.50 121.06 266387.50 6784187.50 121.49 266412.50 6784187.50 121.90 
          266437.50 6784187.50 122.30 266462.50 6784187.50 122.69 266487.50 6784187.50 123.06 266512.50 6784187.50 123.41 
          266537.50 6784187.50 123.75 266562.50 6784187.50 124.06 266587.50 6784187.50 124.36 266612.50 6784187.50 124.63 
          266637.50 6784187.50 124.89 266662.50 6784187.50 125.11 266687.50 6784187.50 125.31 266712.50 6784187.50 125.49 
          266737.50 6784187.50 125.63 266762.50 6784187.50 125.75 266787.50 6784187.50 125.84 266812.50 6784187.50 125.90 
          266837.50 6784187.50 125.93 266862.50 6784187.50 125.93 266887.50 6784187.50 125.91 266912.50 6784187.50 125.84 
          266937.50 6784187.50 125.74 266962.50 6784187.50 125.60 266987.50 6784187.50 125.42 267012.50 6784187.50 125.18 
          267037.50 6784187.50 124.86 267062.50 6784187.50 124.41 267087.50 6784187.50 124.41 264987.50 6784162.50 105.55 
          265012.50 6784162.50 105.52 265037.50 6784162.50 105.41 265062.50 6784162.50 105.50 265087.50 6784162.50 105.53 
          265112.50 6784162.50 105.52 265137.50 6784162.50 105.48 265162.50 6784162.50 105.41 265187.50 6784162.50 105.30 
          265212.50 6784162.50 105.17 265237.50 6784162.50 105.00 265262.50 6784162.50 104.81 265287.50 6784162.50 104.60 
          265312.50 6784162.50 104.36 265337.50 6784162.50 104.13 265362.50 6784162.50 103.88 265387.50 6784162.50 103.62 
          265412.50 6784162.50 103.34 265437.50 6784162.50 103.03 265462.50 6784162.50 102.69 265487.50 6784162.50 102.30 
          265512.50 6784162.50 101.90 265537.50 6784162.50 101.60 265562.50 6784162.50 101.22 265587.50 6784162.50 101.50 
          265612.50 6784162.50 102.02 265637.50 6784162.50 102.62 265662.50 6784162.50 103.24 265687.50 6784162.50 103.91 
          265712.50 6784162.50 104.61 265737.50 6784162.50 105.34 265762.50 6784162.50 106.07 265787.50 6784162.50 106.81 
          265812.50 6784162.50 107.55 265837.50 6784162.50 108.25 265862.50 6784162.50 109.00 265887.50 6784162.50 109.74 
          265912.50 6784162.50 110.47 265937.50 6784162.50 111.22 265962.50 6784162.50 111.96 265987.50 6784162.50 112.65 
          266012.50 6784162.50 113.33 266037.50 6784162.50 114.00 266062.50 6784162.50 114.65 266087.50 6784162.50 115.29 
          266112.50 6784162.50 115.92 266137.50 6784162.50 116.55 266162.50 6784162.50 117.16 266187.50 6784162.50 117.74 
          266212.50 6784162.50 118.31 266237.50 6784162.50 118.86 266262.50 6784162.50 119.38 266287.50 6784162.50 119.88 
          266312.50 6784162.50 120.36 266337.50 6784162.50 120.81 266362.50 6784162.50 121.25 266387.50 6784162.50 121.67 
          266412.50 6784162.50 122.09 266437.50 6784162.50 122.48 266462.50 6784162.50 122.87 266487.50 6784162.50 123.23 
          266512.50 6784162.50 123.57 266537.50 6784162.50 123.90 266562.50 6784162.50 124.22 266587.50 6784162.50 124.50 
          266612.50 6784162.50 124.77 266637.50 6784162.50 125.01 266662.50 6784162.50 125.24 266687.50 6784162.50 125.43 
          266712.50 6784162.50 125.60 266737.50 6784162.50 125.74 266762.50 6784162.50 125.85 266787.50 6784162.50 125.94 
          266812.50 6784162.50 126.00 266837.50 6784162.50 126.03 266862.50 6784162.50 126.03 266887.50 6784162.50 126.00 
          266912.50 6784162.50 125.94 266937.50 6784162.50 125.84 266962.50 6784162.50 125.71 266987.50 6784162.50 125.53 
          267012.50 6784162.50 125.28 267037.50 6784162.50 124.91 267062.50 6784162.50 124.61 267087.50 6784162.50 124.61 
          264987.50 6784137.50 105.20 265012.50 6784137.50 105.17 265037.50 6784137.50 105.10 265062.50 6784137.50 105.13 
          265087.50 6784137.50 105.14 265112.50 6784137.50 105.12 265137.50 6784137.50 105.06 265162.50 6784137.50 104.97 
          265187.50 6784137.50 104.86 265212.50 6784137.50 104.71 265237.50 6784137.50 104.54 265262.50 6784137.50 104.35 
          265287.50 6784137.50 104.15 265312.50 6784137.50 103.92 265337.50 6784137.50 103.70 265362.50 6784137.50 103.46 
          265387.50 6784137.50 103.21 265412.50 6784137.50 102.93 265437.50 6784137.50 102.61 265462.50 6784137.50 102.24 
          265487.50 6784137.50 101.80 265512.50 6784137.50 101.40 265537.50 6784137.50 101.11 265562.50 6784137.50 100.92 
          265587.50 6784137.50 101.40 265612.50 6784137.50 101.81 265637.50 6784137.50 102.51 265662.50 6784137.50 103.18 
          265687.50 6784137.50 103.90 265712.50 6784137.50 104.60 265737.50 6784137.50 105.35 265762.50 6784137.50 106.12 
          265787.50 6784137.50 106.88 265812.50 6784137.50 107.62 265837.50 6784137.50 108.33 265862.50 6784137.50 109.09 
          265887.50 6784137.50 109.84 265912.50 6784137.50 110.60 265937.50 6784137.50 111.35 265962.50 6784137.50 112.08 
          265987.50 6784137.50 112.78 266012.50 6784137.50 113.48 266037.50 6784137.50 114.15 266062.50 6784137.50 114.81 
          266087.50 6784137.50 115.47 266112.50 6784137.50 116.12 266137.50 6784137.50 116.76 266162.50 6784137.50 117.37 
          266187.50 6784137.50 117.95 266212.50 6784137.50 118.52 266237.50 6784137.50 119.06 266262.50 6784137.50 119.58 
          266287.50 6784137.50 120.07 266312.50 6784137.50 120.54 266337.50 6784137.50 120.99 266362.50 6784137.50 121.43 
          266387.50 6784137.50 121.85 266412.50 6784137.50 122.26 266437.50 6784137.50 122.65 266462.50 6784137.50 123.03 
          266487.50 6784137.50 123.39 266512.50 6784137.50 123.73 266537.50 6784137.50 124.05 266562.50 6784137.50 124.35 
          266587.50 6784137.50 124.64 266612.50 6784137.50 124.90 266637.50 6784137.50 125.14 266662.50 6784137.50 125.35 
          266687.50 6784137.50 125.54 266712.50 6784137.50 125.70 266737.50 6784137.50 125.84 266762.50 6784137.50 125.95 
          266787.50 6784137.50 126.03 266812.50 6784137.50 126.09 266837.50 6784137.50 126.12 266862.50 6784137.50 126.13 
          266887.50 6784137.50 126.10 266912.50 6784137.50 126.04 266937.50 6784137.50 125.96 266962.50 6784137.50 125.84 
          266987.50 6784137.50 125.68 267012.50 6784137.50 125.47 267037.50 6784137.50 125.23 267062.50 6784137.50 125.00 
          267087.50 6784137.50 125.00 264987.50 6784112.50 104.87 265012.50 6784112.50 104.82 265037.50 6784112.50 104.70 
          265062.50 6784112.50 104.76 265087.50 6784112.50 104.75 265112.50 6784112.50 104.71 265137.50 6784112.50 104.64 
          265162.50 6784112.50 104.54 265187.50 6784112.50 104.42 265212.50 6784112.50 104.27 265237.50 6784112.50 104.10 
          265262.50 6784112.50 103.91 265287.50 6784112.50 103.71 265312.50 6784112.50 103.51 265337.50 6784112.50 103.30 
          265362.50 6784112.50 103.07 265387.50 6784112.50 102.82 265412.50 6784112.50 102.54 265437.50 6784112.50 102.21 
          265462.50 6784112.50 101.84 265487.50 6784112.50 101.40 265512.50 6784112.50 100.91 265537.50 6784112.50 100.62 
          265562.50 6784112.50 100.85 265587.50 6784112.50 101.23 265612.50 6784112.50 101.73 265637.50 6784112.50 102.41 
          265662.50 6784112.50 103.12 265687.50 6784112.50 103.86 265712.50 6784112.50 104.60 265737.50 6784112.50 105.36 
          265762.50 6784112.50 106.15 265787.50 6784112.50 106.91 265812.50 6784112.50 107.67 265837.50 6784112.50 108.42 
          265862.50 6784112.50 109.18 265887.50 6784112.50 109.94 265912.50 6784112.50 110.70 265937.50 6784112.50 111.45 
          265962.50 6784112.50 112.19 265987.50 6784112.50 112.91 266012.50 6784112.50 113.61 266037.50 6784112.50 114.30 
          266062.50 6784112.50 114.98 266087.50 6784112.50 115.65 266112.50 6784112.50 116.30 266137.50 6784112.50 116.94 
          266162.50 6784112.50 117.55 266187.50 6784112.50 118.14 266212.50 6784112.50 118.71 266237.50 6784112.50 119.25 
          266262.50 6784112.50 119.76 266287.50 6784112.50 120.24 266312.50 6784112.50 120.71 266337.50 6784112.50 121.16 
          266362.50 6784112.50 121.59 266387.50 6784112.50 122.01 266412.50 6784112.50 122.42 266437.50 6784112.50 122.81 
          266462.50 6784112.50 123.18 266487.50 6784112.50 123.53 266512.50 6784112.50 123.87 266537.50 6784112.50 124.18 
          266562.50 6784112.50 124.48 266587.50 6784112.50 124.76 266612.50 6784112.50 125.01 266637.50 6784112.50 125.25 
          266662.50 6784112.50 125.46 266687.50 6784112.50 125.64 266712.50 6784112.50 125.80 266737.50 6784112.50 125.93 
          266762.50 6784112.50 126.04 266787.50 6784112.50 126.13 266812.50 6784112.50 126.19 266837.50 6784112.50 126.22 
          266862.50 6784112.50 126.23 266887.50 6784112.50 126.21 266912.50 6784112.50 126.16 266937.50 6784112.50 126.09 
          266962.50 6784112.50 125.99 266987.50 6784112.50 125.86 267012.50 6784112.50 125.69 267037.50 6784112.50 125.50 
          267062.50 6784112.50 125.21 267087.50 6784112.50 125.21 264987.50 6784087.50 104.54 265012.50 6784087.50 104.51 
          265037.50 6784087.50 104.45 265062.50 6784087.50 104.41 265087.50 6784087.50 104.36 265112.50 6784087.50 104.30 
          265137.50 6784087.50 104.22 265162.50 6784087.50 104.11 265187.50 6784087.50 103.98 265212.50 6784087.50 103.82 
          265237.50 6784087.50 103.66 265262.50 6784087.50 103.48 265287.50 6784087.50 103.29 265312.50 6784087.50 103.11 
          265337.50 6784087.50 102.91 265362.50 6784087.50 102.70 265387.50 6784087.50 102.45 265412.50 6784087.50 102.17 
          265437.50 6784087.50 101.84 265462.50 6784087.50 101.47 265487.50 6784087.50 101.05 265512.50 6784087.50 100.51 
          265537.50 6784087.50 100.49 265562.50 6784087.50 100.41 265587.50 6784087.50 100.84 265612.50 6784087.50 101.41 
          265637.50 6784087.50 102.24 265662.50 6784087.50 103.05 265687.50 6784087.50 103.82 265712.50 6784087.50 104.60 
          265737.50 6784087.50 105.37 265762.50 6784087.50 106.19 265787.50 6784087.50 106.95 265812.50 6784087.50 107.72 
          265837.50 6784087.50 108.50 265862.50 6784087.50 109.27 265887.50 6784087.50 110.04 265912.50 6784087.50 110.79 
          265937.50 6784087.50 111.55 265962.50 6784087.50 112.30 265987.50 6784087.50 113.02 266012.50 6784087.50 113.74 
          266037.50 6784087.50 114.45 266062.50 6784087.50 115.13 266087.50 6784087.50 115.82 266112.50 6784087.50 116.47 
          266137.50 6784087.50 117.11 266162.50 6784087.50 117.73 266187.50 6784087.50 118.31 266212.50 6784087.50 118.87 
          266237.50 6784087.50 119.40 266262.50 6784087.50 119.91 266287.50 6784087.50 120.40 266312.50 6784087.50 120.86 
          266337.50 6784087.50 121.31 266362.50 6784087.50 121.74 266387.50 6784087.50 122.16 266412.50 6784087.50 122.56 
          266437.50 6784087.50 122.94 266462.50 6784087.50 123.31 266487.50 6784087.50 123.66 266512.50 6784087.50 123.99 
          266537.50 6784087.50 124.30 266562.50 6784087.50 124.59 266587.50 6784087.50 124.86 266612.50 6784087.50 125.11 
          266637.50 6784087.50 125.34 266662.50 6784087.50 125.55 266687.50 6784087.50 125.73 266712.50 6784087.50 125.88 
          266737.50 6784087.50 126.02 266762.50 6784087.50 126.13 266787.50 6784087.50 126.21 266812.50 6784087.50 126.28 
          266837.50 6784087.50 126.31 266862.50 6784087.50 126.33 266887.50 6784087.50 126.31 266912.50 6784087.50 126.28 
          266937.50 6784087.50 126.23 266962.50 6784087.50 126.15 266987.50 6784087.50 126.05 267012.50 6784087.50 125.93 
          267037.50 6784087.50 125.80 267062.50 6784087.50 125.68 267087.50 6784087.50 125.68 264987.50 6784062.50 104.22 
          265012.50 6784062.50 104.19 265037.50 6784062.50 104.12 265062.50 6784062.50 104.04 265087.50 6784062.50 103.97 
          265112.50 6784062.50 103.90 265137.50 6784062.50 103.81 265162.50 6784062.50 103.68 265187.50 6784062.50 103.54 
          265212.50 6784062.50 103.39 265237.50 6784062.50 103.22 265262.50 6784062.50 103.05 265287.50 6784062.50 102.88 
          265312.50 6784062.50 102.71 265337.50 6784062.50 102.53 265362.50 6784062.50 102.32 265387.50 6784062.50 102.08 
          265412.50 6784062.50 101.80 265437.50 6784062.50 101.49 265462.50 6784062.50 101.14 265487.50 6784062.50 100.70 
          265512.50 6784062.50 100.31 265537.50 6784062.50 100.18 265562.50 6784062.50 99.91 265587.50 6784062.50 100.03 
          265612.50 6784062.50 101.24 265637.50 6784062.50 102.13 265662.50 6784062.50 102.98 265687.50 6784062.50 103.79 
          265712.50 6784062.50 104.59 265737.50 6784062.50 105.39 265762.50 6784062.50 106.21 265787.50 6784062.50 106.99 
          265812.50 6784062.50 107.78 265837.50 6784062.50 108.56 265862.50 6784062.50 109.35 265887.50 6784062.50 110.12 
          265912.50 6784062.50 110.89 265937.50 6784062.50 111.64 265962.50 6784062.50 112.39 265987.50 6784062.50 113.13 
          266012.50 6784062.50 113.86 266037.50 6784062.50 114.58 266062.50 6784062.50 115.28 266087.50 6784062.50 115.97 
          266112.50 6784062.50 116.63 266137.50 6784062.50 117.27 266162.50 6784062.50 117.88 266187.50 6784062.50 118.46 
          266212.50 6784062.50 119.01 266237.50 6784062.50 119.54 266262.50 6784062.50 120.05 266287.50 6784062.50 120.53 
          266312.50 6784062.50 120.99 266337.50 6784062.50 121.44 266362.50 6784062.50 121.87 266387.50 6784062.50 122.28 
          266412.50 6784062.50 122.68 266437.50 6784062.50 123.06 266462.50 6784062.50 123.43 266487.50 6784062.50 123.77 
          266512.50 6784062.50 124.10 266537.50 6784062.50 124.41 266562.50 6784062.50 124.69 266587.50 6784062.50 124.96 
          266612.50 6784062.50 125.20 266637.50 6784062.50 125.43 266662.50 6784062.50 125.63 266687.50 6784062.50 125.81 
          266712.50 6784062.50 125.96 266737.50 6784062.50 126.10 266762.50 6784062.50 126.21 266787.50 6784062.50 126.30 
          266812.50 6784062.50 126.36 266837.50 6784062.50 126.40 266862.50 6784062.50 126.42 266887.50 6784062.50 126.42 
          266912.50 6784062.50 126.40 266937.50 6784062.50 126.36 266962.50 6784062.50 126.30 266987.50 6784062.50 126.23 
          267012.50 6784062.50 126.15 267037.50 6784062.50 126.07 267062.50 6784062.50 126.01 267087.50 6784062.50 126.01 
          264987.50 6784037.50 103.92 265012.50 6784037.50 103.88 265037.50 6784037.50 103.79 265062.50 6784037.50 103.60 
          265087.50 6784037.50 103.58 265112.50 6784037.50 103.50 265137.50 6784037.50 103.40 265162.50 6784037.50 103.27 
          265187.50 6784037.50 103.12 265212.50 6784037.50 102.96 265237.50 6784037.50 102.80 265262.50 6784037.50 102.64 
          265287.50 6784037.50 102.48 265312.50 6784037.50 102.32 265337.50 6784037.50 102.15 265362.50 6784037.50 101.95 
          265387.50 6784037.50 101.72 265412.50 6784037.50 101.46 265437.50 6784037.50 101.16 265462.50 6784037.50 100.85 
          265487.50 6784037.50 100.49 265512.50 6784037.50 100.16 265537.50 6784037.50 99.81 265562.50 6784037.50 99.43 
          265587.50 6784037.50 100.30 265612.50 6784037.50 101.19 265637.50 6784037.50 102.08 265662.50 6784037.50 102.93 
          265687.50 6784037.50 103.76 265712.50 6784037.50 104.59 265737.50 6784037.50 105.42 265762.50 6784037.50 106.24 
          265787.50 6784037.50 107.04 265812.50 6784037.50 107.84 265837.50 6784037.50 108.63 265862.50 6784037.50 109.42 
          265887.50 6784037.50 110.20 265912.50 6784037.50 110.97 265937.50 6784037.50 111.74 265962.50 6784037.50 112.48 
          265987.50 6784037.50 113.23 266012.50 6784037.50 113.97 266037.50 6784037.50 114.70 266062.50 6784037.50 115.41 
          266087.50 6784037.50 116.11 266112.50 6784037.50 116.77 266137.50 6784037.50 117.40 266162.50 6784037.50 118.01 
          266187.50 6784037.50 118.59 266212.50 6784037.50 119.14 266237.50 6784037.50 119.67 266262.50 6784037.50 120.18 
          266287.50 6784037.50 120.65 266312.50 6784037.50 121.12 266337.50 6784037.50 121.56 266362.50 6784037.50 121.99 
          266387.50 6784037.50 122.39 266412.50 6784037.50 122.79 266437.50 6784037.50 123.17 266462.50 6784037.50 123.53 
          266487.50 6784037.50 123.87 266512.50 6784037.50 124.19 266537.50 6784037.50 124.49 266562.50 6784037.50 124.77 
          266587.50 6784037.50 125.03 266612.50 6784037.50 125.28 266637.50 6784037.50 125.50 266662.50 6784037.50 125.70 
          266687.50 6784037.50 125.88 266712.50 6784037.50 126.03 266737.50 6784037.50 126.17 266762.50 6784037.50 126.28 
          266787.50 6784037.50 126.37 266812.50 6784037.50 126.44 266837.50 6784037.50 126.49 266862.50 6784037.50 126.52 
          266887.50 6784037.50 126.53 266912.50 6784037.50 126.52 266937.50 6784037.50 126.49 266962.50 6784037.50 126.45 
          266987.50 6784037.50 126.40 267012.50 6784037.50 126.35 267037.50 6784037.50 126.30 267062.50 6784037.50 126.26 
          267087.50 6784037.50 126.26 264987.50 6784012.50 103.65 265012.50 6784012.50 103.60 265037.50 6784012.50 103.49 
          265062.50 6784012.50 103.30 265087.50 6784012.50 103.20 265112.50 6784012.50 103.11 265137.50 6784012.50 103.01 
          265162.50 6784012.50 102.88 265187.50 6784012.50 102.72 265212.50 6784012.50 102.55 265237.50 6784012.50 102.38 
          265262.50 6784012.50 102.23 265287.50 6784012.50 102.09 265312.50 6784012.50 101.94 265337.50 6784012.50 101.77 
          265362.50 6784012.50 101.58 265387.50 6784012.50 101.37 265412.50 6784012.50 101.13 265437.50 6784012.50 100.86 
          265462.50 6784012.50 100.56 265487.50 6784012.50 100.20 265512.50 6784012.50 99.90 265537.50 6784012.50 99.67 
          265562.50 6784012.50 99.23 265587.50 6784012.50 100.27 265612.50 6784012.50 101.14 265637.50 6784012.50 102.03 
          265662.50 6784012.50 102.90 265687.50 6784012.50 103.76 265712.50 6784012.50 104.60 265737.50 6784012.50 105.44 
          265762.50 6784012.50 106.27 265787.50 6784012.50 107.09 265812.50 6784012.50 107.89 265837.50 6784012.50 108.69 
          265862.50 6784012.50 109.49 265887.50 6784012.50 110.28 265912.50 6784012.50 111.06 265937.50 6784012.50 111.82 
          265962.50 6784012.50 112.57 265987.50 6784012.50 113.32 266012.50 6784012.50 114.08 266037.50 6784012.50 114.81 
          266062.50 6784012.50 115.53 266087.50 6784012.50 116.23 266112.50 6784012.50 116.89 266137.50 6784012.50 117.52 
          266162.50 6784012.50 118.13 266187.50 6784012.50 118.70 266212.50 6784012.50 119.25 266237.50 6784012.50 119.78 
          266262.50 6784012.50 120.28 266287.50 6784012.50 120.76 266312.50 6784012.50 121.22 266337.50 6784012.50 121.66 
          266362.50 6784012.50 122.08 266387.50 6784012.50 122.49 266412.50 6784012.50 122.88 266437.50 6784012.50 123.25 
          266462.50 6784012.50 123.61 266487.50 6784012.50 123.95 266512.50 6784012.50 124.27 266537.50 6784012.50 124.57 
          266562.50 6784012.50 124.84 266587.50 6784012.50 125.10 266612.50 6784012.50 125.34 266637.50 6784012.50 125.56 
          266662.50 6784012.50 125.76 266687.50 6784012.50 125.94 266712.50 6784012.50 126.10 266737.50 6784012.50 126.24 
          266762.50 6784012.50 126.35 266787.50 6784012.50 126.44 266812.50 6784012.50 126.52 266837.50 6784012.50 126.57 
          266862.50 6784012.50 126.61 266887.50 6784012.50 126.62 266912.50 6784012.50 126.63 266937.50 6784012.50 126.61 
          266962.50 6784012.50 126.59 266987.50 6784012.50 126.56 267012.50 6784012.50 126.52 267037.50 6784012.50 126.49 
          267062.50 6784012.50 126.47 267087.50 6784012.50 126.47 264987.50 6783987.50 103.40 265012.50 6783987.50 103.35 
          265037.50 6783987.50 103.24 265062.50 6783987.50 103.06 265087.50 6783987.50 102.71 265112.50 6783987.50 102.70 
          265137.50 6783987.50 102.66 265162.50 6783987.50 102.51 265187.50 6783987.50 102.32 265212.50 6783987.50 102.14 
          265237.50 6783987.50 101.96 265262.50 6783987.50 101.82 265287.50 6783987.50 101.69 265312.50 6783987.50 101.55 
          265337.50 6783987.50 101.40 265362.50 6783987.50 101.22 265387.50 6783987.50 101.03 265412.50 6783987.50 100.81 
          265437.50 6783987.50 100.56 265462.50 6783987.50 100.30 265487.50 6783987.50 100.01 265512.50 6783987.50 99.74 
          265537.50 6783987.50 99.49 265562.50 6783987.50 99.22 265587.50 6783987.50 100.25 265612.50 6783987.50 101.12 
          265637.50 6783987.50 102.00 265662.50 6783987.50 102.89 265687.50 6783987.50 103.77 265712.50 6783987.50 104.62 
          265737.50 6783987.50 105.47 265762.50 6783987.50 106.30 265787.50 6783987.50 107.13 265812.50 6783987.50 107.94 
          265837.50 6783987.50 108.75 265862.50 6783987.50 109.56 265887.50 6783987.50 110.35 265912.50 6783987.50 111.14 
          265937.50 6783987.50 111.90 265962.50 6783987.50 112.65 265987.50 6783987.50 113.40 266012.50 6783987.50 114.16 
          266037.50 6783987.50 114.91 266062.50 6783987.50 115.63 266087.50 6783987.50 116.33 266112.50 6783987.50 116.99 
          266137.50 6783987.50 117.62 266162.50 6783987.50 118.22 266187.50 6783987.50 118.80 266212.50 6783987.50 119.35 
          266237.50 6783987.50 119.87 266262.50 6783987.50 120.37 266287.50 6783987.50 120.85 266312.50 6783987.50 121.30 
          266337.50 6783987.50 121.74 266362.50 6783987.50 122.16 266387.50 6783987.50 122.56 266412.50 6783987.50 122.95 
          266437.50 6783987.50 123.32 266462.50 6783987.50 123.68 266487.50 6783987.50 124.02 266512.50 6783987.50 124.33 
          266537.50 6783987.50 124.63 266562.50 6783987.50 124.90 266587.50 6783987.50 125.15 266612.50 6783987.50 125.39 
          266637.50 6783987.50 125.61 266662.50 6783987.50 125.81 266687.50 6783987.50 126.00 266712.50 6783987.50 126.16 
          266737.50 6783987.50 126.29 266762.50 6783987.50 126.41 266787.50 6783987.50 126.50 266812.50 6783987.50 126.58 
          266837.50 6783987.50 126.64 266862.50 6783987.50 126.69 266887.50 6783987.50 126.71 266912.50 6783987.50 126.72 
          266937.50 6783987.50 126.72 266962.50 6783987.50 126.71 266987.50 6783987.50 126.69 267012.50 6783987.50 126.66 
          267037.50 6783987.50 126.65 267062.50 6783987.50 126.63 267087.50 6783987.50 126.63 264987.50 6783962.50 103.19 
          265012.50 6783962.50 103.14 265037.50 6783962.50 103.03 265062.50 6783962.50 102.88 265087.50 6783962.50 102.69 
          265112.50 6783962.50 102.55 265137.50 6783962.50 102.40 265162.50 6783962.50 102.20 265187.50 6783962.50 101.90 
          265212.50 6783962.50 101.70 265237.50 6783962.50 101.50 265262.50 6783962.50 101.41 265287.50 6783962.50 101.29 
          265312.50 6783962.50 101.16 265337.50 6783962.50 101.02 265362.50 6783962.50 100.86 265387.50 6783962.50 100.69 
          265412.50 6783962.50 100.49 265437.50 6783962.50 100.27 265462.50 6783962.50 100.03 265487.50 6783962.50 99.77 
          265512.50 6783962.50 99.48 265537.50 6783962.50 99.02 265562.50 6783962.50 99.32 265587.50 6783962.50 100.27 
          265612.50 6783962.50 101.13 265637.50 6783962.50 102.00 265662.50 6783962.50 102.90 265687.50 6783962.50 103.78 
          265712.50 6783962.50 104.64 265737.50 6783962.50 105.49 265762.50 6783962.50 106.33 265787.50 6783962.50 107.17 
          265812.50 6783962.50 107.99 265837.50 6783962.50 108.80 265862.50 6783962.50 109.61 265887.50 6783962.50 110.42 
          265912.50 6783962.50 111.20 265937.50 6783962.50 111.97 265962.50 6783962.50 112.72 265987.50 6783962.50 113.47 
          266012.50 6783962.50 114.24 266037.50 6783962.50 114.99 266062.50 6783962.50 115.71 266087.50 6783962.50 116.41 
          266112.50 6783962.50 117.07 266137.50 6783962.50 117.70 266162.50 6783962.50 118.30 266187.50 6783962.50 118.88 
          266212.50 6783962.50 119.43 266237.50 6783962.50 119.95 266262.50 6783962.50 120.44 266287.50 6783962.50 120.92 
          266312.50 6783962.50 121.37 266337.50 6783962.50 121.80 266362.50 6783962.50 122.22 266387.50 6783962.50 122.62 
          266412.50 6783962.50 123.01 266437.50 6783962.50 123.38 266462.50 6783962.50 123.73 266487.50 6783962.50 124.07 
          266512.50 6783962.50 124.38 266537.50 6783962.50 124.67 266562.50 6783962.50 124.95 266587.50 6783962.50 125.20 
          266612.50 6783962.50 125.44 266637.50 6783962.50 125.66 266662.50 6783962.50 125.86 266687.50 6783962.50 126.04 
          266712.50 6783962.50 126.20 266737.50 6783962.50 126.34 266762.50 6783962.50 126.46 266787.50 6783962.50 126.56 
          266812.50 6783962.50 126.64 266837.50 6783962.50 126.71 266862.50 6783962.50 126.76 266887.50 6783962.50 126.79 
          266912.50 6783962.50 126.81 266937.50 6783962.50 126.81 266962.50 6783962.50 126.81 266987.50 6783962.50 126.80 
          267012.50 6783962.50 126.79 267037.50 6783962.50 126.78 267062.50 6783962.50 126.78 267087.50 6783962.50 126.78 
          264987.50 6783937.50 103.02 265012.50 6783937.50 102.96 265037.50 6783937.50 102.85 265062.50 6783937.50 102.70 
          265087.50 6783937.50 102.53 265112.50 6783937.50 102.36 265137.50 6783937.50 102.17 265162.50 6783937.50 101.95 
          265187.50 6783937.50 101.68 265212.50 6783937.50 101.40 265237.50 6783937.50 100.92 265262.50 6783937.50 100.97 
          265287.50 6783937.50 100.87 265312.50 6783937.50 100.75 265337.50 6783937.50 100.63 265362.50 6783937.50 100.50 
          265387.50 6783937.50 100.35 265412.50 6783937.50 100.18 265437.50 6783937.50 99.98 265462.50 6783937.50 99.75 
          265487.50 6783937.50 99.50 265512.50 6783937.50 99.24 265537.50 6783937.50 98.82 265562.50 6783937.50 99.50 
          265587.50 6783937.50 100.33 265612.50 6783937.50 101.16 265637.50 6783937.50 102.03 265662.50 6783937.50 102.92 
          265687.50 6783937.50 103.80 265712.50 6783937.50 104.67 265737.50 6783937.50 105.52 265762.50 6783937.50 106.35 
          265787.50 6783937.50 107.19 265812.50 6783937.50 108.02 265837.50 6783937.50 108.84 265862.50 6783937.50 109.66 
          265887.50 6783937.50 110.46 265912.50 6783937.50 111.25 265937.50 6783937.50 112.02 265962.50 6783937.50 112.78 
          265987.50 6783937.50 113.54 266012.50 6783937.50 114.30 266037.50 6783937.50 115.06 266062.50 6783937.50 115.78 
          266087.50 6783937.50 116.48 266112.50 6783937.50 117.14 266137.50 6783937.50 117.77 266162.50 6783937.50 118.37 
          266187.50 6783937.50 118.94 266212.50 6783937.50 119.48 266237.50 6783937.50 120.01 266262.50 6783937.50 120.50 
          266287.50 6783937.50 120.97 266312.50 6783937.50 121.42 266337.50 6783937.50 121.86 266362.50 6783937.50 122.27 
          266387.50 6783937.50 122.67 266412.50 6783937.50 123.05 266437.50 6783937.50 123.42 266462.50 6783937.50 123.77 
          266487.50 6783937.50 124.10 266512.50 6783937.50 124.41 266537.50 6783937.50 124.71 266562.50 6783937.50 124.98 
          266587.50 6783937.50 125.23 266612.50 6783937.50 125.47 266637.50 6783937.50 125.69 266662.50 6783937.50 125.89 
          266687.50 6783937.50 126.08 266712.50 6783937.50 126.24 266737.50 6783937.50 126.38 266762.50 6783937.50 126.50 
          266787.50 6783937.50 126.60 266812.50 6783937.50 126.69 266837.50 6783937.50 126.76 266862.50 6783937.50 126.81 
          266887.50 6783937.50 126.85 266912.50 6783937.50 126.88 266937.50 6783937.50 126.89 266962.50 6783937.50 126.90 
          266987.50 6783937.50 126.90 267012.50 6783937.50 126.89 267037.50 6783937.50 126.89 267062.50 6783937.50 126.89 
          267087.50 6783937.50 126.89 264987.50 6783912.50 102.88 265012.50 6783912.50 102.81 265037.50 6783912.50 102.69 
          265062.50 6783912.50 102.50 265087.50 6783912.50 102.32 265112.50 6783912.50 102.12 265137.50 6783912.50 101.90 
          265162.50 6783912.50 101.66 265187.50 6783912.50 101.40 265212.50 6783912.50 101.17 265237.50 6783912.50 100.87 
          265262.50 6783912.50 100.51 265287.50 6783912.50 100.40 265312.50 6783912.50 100.30 265337.50 6783912.50 100.23 
          265362.50 6783912.50 100.12 265387.50 6783912.50 100.02 265412.50 6783912.50 99.87 265437.50 6783912.50 99.70 
          265462.50 6783912.50 99.47 265487.50 6783912.50 99.20 265512.50 6783912.50 98.97 265537.50 6783912.50 98.82 
          265562.50 6783912.50 99.64 265587.50 6783912.50 100.39 265612.50 6783912.50 101.21 265637.50 6783912.50 102.07 
          265662.50 6783912.50 102.95 265687.50 6783912.50 103.83 265712.50 6783912.50 104.69 265737.50 6783912.50 105.53 
          265762.50 6783912.50 106.37 265787.50 6783912.50 107.21 265812.50 6783912.50 108.04 265837.50 6783912.50 108.87 
          265862.50 6783912.50 109.70 265887.50 6783912.50 110.50 265912.50 6783912.50 111.29 265937.50 6783912.50 112.06 
          265962.50 6783912.50 112.83 265987.50 6783912.50 113.59 266012.50 6783912.50 114.36 266037.50 6783912.50 115.11 
          266062.50 6783912.50 115.83 266087.50 6783912.50 116.53 266112.50 6783912.50 117.19 266137.50 6783912.50 117.82 
          266162.50 6783912.50 118.42 266187.50 6783912.50 118.99 266212.50 6783912.50 119.53 266237.50 6783912.50 120.05 
          266262.50 6783912.50 120.54 266287.50 6783912.50 121.01 266312.50 6783912.50 121.45 266337.50 6783912.50 121.89 
          266362.50 6783912.50 122.30 266387.50 6783912.50 122.70 266412.50 6783912.50 123.08 266437.50 6783912.50 123.45 
          266462.50 6783912.50 123.80 266487.50 6783912.50 124.13 266512.50 6783912.50 124.44 266537.50 6783912.50 124.73 
          266562.50 6783912.50 125.01 266587.50 6783912.50 125.26 266612.50 6783912.50 125.50 266637.50 6783912.50 125.71 
          266662.50 6783912.50 125.92 266687.50 6783912.50 126.10 266712.50 6783912.50 126.26 266737.50 6783912.50 126.41 
          266762.50 6783912.50 126.53 266787.50 6783912.50 126.64 266812.50 6783912.50 126.73 266837.50 6783912.50 126.80 
          266862.50 6783912.50 126.86 266887.50 6783912.50 126.90 266912.50 6783912.50 126.93 266937.50 6783912.50 126.95 
          266962.50 6783912.50 126.96 266987.50 6783912.50 126.97 267012.50 6783912.50 126.97 267037.50 6783912.50 126.97 
          267062.50 6783912.50 126.97 267087.50 6783912.50 126.97 264987.50 6783887.50 102.78 265012.50 6783887.50 102.71 
          265037.50 6783887.50 102.56 265062.50 6783887.50 102.30 265087.50 6783887.50 102.10 265112.50 6783887.50 101.90 
          265137.50 6783887.50 101.60 265162.50 6783887.50 101.31 265187.50 6783887.50 101.01 265212.50 6783887.50 100.90 
          265237.50 6783887.50 100.75 265262.50 6783887.50 100.45 265287.50 6783887.50 99.92 265312.50 6783887.50 99.72 
          265337.50 6783887.50 99.81 265362.50 6783887.50 99.72 265387.50 6783887.50 99.70 265412.50 6783887.50 99.59 
          265437.50 6783887.50 99.45 265462.50 6783887.50 99.19 265487.50 6783887.50 98.83 265512.50 6783887.50 98.33 
          265537.50 6783887.50 99.00 265562.50 6783887.50 99.70 265587.50 6783887.50 100.43 265612.50 6783887.50 101.25 
          265637.50 6783887.50 102.13 265662.50 6783887.50 102.97 265687.50 6783887.50 103.84 265712.50 6783887.50 104.70 
          265737.50 6783887.50 105.54 265762.50 6783887.50 106.38 265787.50 6783887.50 107.22 265812.50 6783887.50 108.06 
          265837.50 6783887.50 108.89 265862.50 6783887.50 109.72 265887.50 6783887.50 110.52 265912.50 6783887.50 111.31 
          265937.50 6783887.50 112.09 265962.50 6783887.50 112.86 265987.50 6783887.50 113.63 266012.50 6783887.50 114.40 
          266037.50 6783887.50 115.14 266062.50 6783887.50 115.87 266087.50 6783887.50 116.56 266112.50 6783887.50 117.22 
          266137.50 6783887.50 117.85 266162.50 6783887.50 118.45 266187.50 6783887.50 119.02 266212.50 6783887.50 119.56 
          266237.50 6783887.50 120.08 266262.50 6783887.50 120.57 266287.50 6783887.50 121.03 266312.50 6783887.50 121.48 
          266337.50 6783887.50 121.91 266362.50 6783887.50 122.32 266387.50 6783887.50 122.72 266412.50 6783887.50 123.10 
          266437.50 6783887.50 123.46 266462.50 6783887.50 123.81 266487.50 6783887.50 124.14 266512.50 6783887.50 124.45 
          266537.50 6783887.50 124.75 266562.50 6783887.50 125.02 266587.50 6783887.50 125.27 266612.50 6783887.50 125.51 
          266637.50 6783887.50 125.73 266662.50 6783887.50 125.93 266687.50 6783887.50 126.12 266712.50 6783887.50 126.28 
          266737.50 6783887.50 126.43 266762.50 6783887.50 126.55 266787.50 6783887.50 126.66 266812.50 6783887.50 126.75 
          266837.50 6783887.50 126.83 266862.50 6783887.50 126.89 266887.50 6783887.50 126.93 266912.50 6783887.50 126.97 
          266937.50 6783887.50 126.99 266962.50 6783887.50 127.01 266987.50 6783887.50 127.01 267012.50 6783887.50 127.02 
          267037.50 6783887.50 127.02 267062.50 6783887.50 127.02 267087.50 6783887.50 127.02 264987.50 6783862.50 102.73 
          265012.50 6783862.50 102.66 265037.50 6783862.50 102.51 265062.50 6783862.50 102.29 265087.50 6783862.50 102.00 
          265112.50 6783862.50 101.71 265137.50 6783862.50 101.50 265162.50 6783862.50 101.30 265187.50 6783862.50 101.12 
          265212.50 6783862.50 100.94 265237.50 6783862.50 100.72 265262.50 6783862.50 100.44 265287.50 6783862.50 100.10 
          265312.50 6783862.50 99.80 265337.50 6783862.50 99.41 265362.50 6783862.50 99.12 265387.50 6783862.50 99.40 
          265412.50 6783862.50 99.31 265437.50 6783862.50 99.26 265462.50 6783862.50 98.97 265487.50 6783862.50 98.32 
          265512.50 6783862.50 98.13 265537.50 6783862.50 99.01 265562.50 6783862.50 99.73 265587.50 6783862.50 100.45 
          265612.50 6783862.50 101.27 265637.50 6783862.50 102.16 265662.50 6783862.50 102.98 265687.50 6783862.50 103.85 
          265712.50 6783862.50 104.70 265737.50 6783862.50 105.55 265762.50 6783862.50 106.38 265787.50 6783862.50 107.22 
          265812.50 6783862.50 108.06 265837.50 6783862.50 108.89 265862.50 6783862.50 109.73 265887.50 6783862.50 110.53 
          265912.50 6783862.50 111.33 265937.50 6783862.50 112.11 265962.50 6783862.50 112.88 265987.50 6783862.50 113.65 
          266012.50 6783862.50 114.42 266037.50 6783862.50 115.16 266062.50 6783862.50 115.88 266087.50 6783862.50 116.58 
          266112.50 6783862.50 117.23 266137.50 6783862.50 117.87 266162.50 6783862.50 118.47 266187.50 6783862.50 119.03 
          266212.50 6783862.50 119.58 266237.50 6783862.50 120.09 266262.50 6783862.50 120.58 266287.50 6783862.50 121.04 
          266312.50 6783862.50 121.49 266337.50 6783862.50 121.92 266362.50 6783862.50 122.33 266387.50 6783862.50 122.73 
          266412.50 6783862.50 123.10 266437.50 6783862.50 123.47 266462.50 6783862.50 123.82 266487.50 6783862.50 124.15 
          266512.50 6783862.50 124.46 266537.50 6783862.50 124.75 266562.50 6783862.50 125.03 266587.50 6783862.50 125.28 
          266612.50 6783862.50 125.52 266637.50 6783862.50 125.74 266662.50 6783862.50 125.94 266687.50 6783862.50 126.12 
          266712.50 6783862.50 126.29 266737.50 6783862.50 126.44 266762.50 6783862.50 126.56 266787.50 6783862.50 126.67 
          266812.50 6783862.50 126.76 266837.50 6783862.50 126.84 266862.50 6783862.50 126.90 266887.50 6783862.50 126.95 
          266912.50 6783862.50 126.99 266937.50 6783862.50 127.01 266962.50 6783862.50 127.03 266987.50 6783862.50 127.04 
          267012.50 6783862.50 127.04 267037.50 6783862.50 127.05 267062.50 6783862.50 127.05 267087.50 6783862.50 127.05 
          264987.50 6783837.50 102.73 265012.50 6783837.50 102.66 265037.50 6783837.50 102.51 265062.50 6783837.50 102.29 
          265087.50 6783837.50 102.00 265112.50 6783837.50 101.71 265137.50 6783837.50 101.50 265162.50 6783837.50 101.30 
          265187.50 6783837.50 101.12 265212.50 6783837.50 100.94 265237.50 6783837.50 100.72 265262.50 6783837.50 100.44 
          265287.50 6783837.50 100.10 265312.50 6783837.50 99.80 265337.50 6783837.50 99.41 265362.50 6783837.50 99.12 
          265387.50 6783837.50 99.40 265412.50 6783837.50 99.31 265437.50 6783837.50 99.26 265462.50 6783837.50 98.97 
          265487.50 6783837.50 98.32 265512.50 6783837.50 98.13 265537.50 6783837.50 99.01 265562.50 6783837.50 99.73 
          265587.50 6783837.50 100.45 265612.50 6783837.50 101.27 265637.50 6783837.50 102.16 265662.50 6783837.50 102.98 
          265687.50 6783837.50 103.85 265712.50 6783837.50 104.70 265737.50 6783837.50 105.55 265762.50 6783837.50 106.38 
          265787.50 6783837.50 107.22 265812.50 6783837.50 108.06 265837.50 6783837.50 108.89 265862.50 6783837.50 109.73 
          265887.50 6783837.50 110.53 265912.50 6783837.50 111.33 265937.50 6783837.50 112.11 265962.50 6783837.50 112.88 
          265987.50 6783837.50 113.65 266012.50 6783837.50 114.42 266037.50 6783837.50 115.16 266062.50 6783837.50 115.88 
          266087.50 6783837.50 116.58 266112.50 6783837.50 117.23 266137.50 6783837.50 117.87 266162.50 6783837.50 118.47 
          266187.50 6783837.50 119.03 266212.50 6783837.50 119.58 266237.50 6783837.50 120.09 266262.50 6783837.50 120.58 
          266287.50 6783837.50 121.04 266312.50 6783837.50 121.49 266337.50 6783837.50 121.92 266362.50 6783837.50 122.33 
          266387.50 6783837.50 122.73 266412.50 6783837.50 123.10 266437.50 6783837.50 123.47 266462.50 6783837.50 123.82 
          266487.50 6783837.50 124.15 266512.50 6783837.50 124.46 266537.50 6783837.50 124.75 266562.50 6783837.50 125.03 
          266587.50 6783837.50 125.28 266612.50 6783837.50 125.52 266637.50 6783837.50 125.74 266662.50 6783837.50 125.94 
          266687.50 6783837.50 126.12 266712.50 6783837.50 126.29 266737.50 6783837.50 126.44 266762.50 6783837.50 126.56 
          266787.50 6783837.50 126.67 266812.50 6783837.50 126.76 266837.50 6783837.50 126.84 266862.50 6783837.50 126.90 
          266887.50 6783837.50 126.95 266912.50 6783837.50 126.99 266937.50 6783837.50 127.01 266962.50 6783837.50 127.03 
          266987.50 6783837.50 127.04 267012.50 6783837.50 127.04 267037.50 6783837.50 127.05 267062.50 6783837.50 127.05 
          267087.50 6783837.50 127.05         </DataArray>
      </Points>
      <Cells>
        <DataArray type="Int64" Name="connectivity" format="ascii">
          85 86 1 0 
          86 87 2 1 
          87 88 3 2 
          88 89 4 3 
          89 90 5 4 
          90 91 6 5 
          91 92 7 6 
          92 93 8 7 
          93 94 9 8 
          94 95 10 9 
          95 96 11 10 
          96 97 12 11 
          97 98 13 12 
          98 99 14 13 
          99 100 15 14 
          100 101 16 15 
          101 102 17 16 
          102 103 18 17 
          103 104 19 18 
          104 105 20 19 
          105 106 21 20 
          106 107 22 21 
          107 108 23 22 
          108 109 24 23 
          109 110 25 24 
          110 111 26 25 
          111 112 27 26 
          112 113 28 27 
          113 114 29 28 
          114 115 30 29 
          115 116 31 30 
          116 117 32 31 
          117 118 33 32 
          118 119 34 33 
          119 120 35 34 
          120 121 36 35 
          121 122 37 36 
          122 123 38 37 
          123 124 39 38 
          124 125 40 39 
          125 126 41 40 
          126 127 42 41 
          127 128 43 42 
          128 129 44 43 
          129 130 45 44 
          130 131 46 45 
          131 132 47 46 
          132 133 48 47 
          133 134 49 48 
          134 135 50 49 
          135 136 51 50 
          136 137 52 51 
          137 138 53 52 
          138 139 54 53 
          139 140 55 54 
          140 141 56 55 
          141 142 57 56 
          142 143 58 57 
          143 144 59 58 
          144 145 60 59 
          145 146 61 60 
          146 147 62 61 
          147 148 63 62 
          148 149 64 63 
          149 150 65 64 
          150 151 66 65 
          151 152 67 66 
          152 153 68 67 
          153 154 69 68 
          154 155 70 69 
          155 156 71 70 
          156 157 72 71 
          157 158 73 72 
          158 159 74 73 
          159 160 75 74 
          160 161 76 75 
          161 162 77 76 
          162 163 78 77 
          163 164 79 78 
          164 165 80 79 
          165 166 81 80 
          166 167 82 81 
          167 168 83 82 
          168 169 84 83 
          170 171 86 85 
          171 172 87 86 
          172 173 88 87 
          173 174 89 88 
          174 175 90 89 
          175 176 91 90 
          176 177 92 91 
          177 178 93 92 
          178 179 94 93 
          179 180 95 94 
          180 181 96 95 
          181 182 97 96 
          182 183 98 97 
          183 184 99 98 
          184 185 100 99 
          185 186 101 100 
          186 187 102 101 
          187 188 103 102 
          188 189 104 103 
          189 190 105 104 
          190 191 106 105 
          191 192 107 106 
          192 193 108 107 
          193 194 109 108 
          194 195 110 109 
          195 196 111 110 
          196 197 112 111 
          197 198 113 112 
          198 199 114 113 
          199 200 115 114 
          200 201 116 115 
          201 202 117 116 
          202 203 118 117 
          203 204 119 118 
          204 205 120 119 
          205 206 121 120 
          206 207 122 121 
          207 208 123 122 
          208 209 124 123 
          209 210 125 124 
          210 211 126 125 
          211 212 127 126 
          212 213 128 127 
          213 214 129 128 
          214 215 130 129 
          215 216 131 130 
          216 217 132 131 
          217 218 133 132 
          218 219 134 133 
          219 220 135 134 
          220 221 136 135 
          221 222 137 136 
          222 223 138 137 
          223 224 139 138 
          224 225 140 139 
          225 226 141 140 
          226 227 142 141 
          227 228 143 142 
          228 229 144 143 
          229 230 145 144 
          230 231 146 145 
          231 232 147 146 
          232 233 148 147 
          233 234 149 148 
          234 235 150 149 
          235 236 151 150 
          236 237 152 151 
          237 238 153 152 
          238 239 154 153 
          239 240 155 154 
          240 241 156 155 
          241 242 157 156 
          242 243 158 157 
          243 244 159 158 
          244 245 160 159 
          245 246 161 160 
          246 247 162 161 
          247 248 163 162 
          248 249 164 163 
          249 250 165 164 
          250 251 166 165 
          251 252 167 166 
          252 253 168 167 
          253 254 169 168 
          255 256 171 170 
          256 257 172 171 
          257 258 173 172 
          258 259 174 173 
          259 260 175 174 
          260 261 176 175 
          261 262 177 176 
          262 263 178 177 
          263 264 179 178 
          264 265 180 179 
          265 266 181 180 
          266 267 182 181 
          267 268 183 182 
          268 269 184 183 
          269 270 185 184 
          270 271 186 185 
          271 272 187 186 
          272 273 188 187 
          273 274 189 188 
          274 275 190 189 
          275 276 191 190 
          276 277 192 191 
          277 278 193 192 
          278 279 194 193 
          279 280 195 194 
          280 281 196 195 
          281 282 197 196 
          282 283 198 197 
          283 284 199 198 
          284 285 200 199 
          285 286 201 200 
          286 287 202 201 
          287 288 203 202 
          288 289 204 203 
          289 290 205 204 
          290 291 206 205 
          291 292 207 206 
          292 293 208 207 
          293 294 209 208 
          294 295 210 209 
          295 296 211 210 
          296 297 212 211 
          297 298 213 212 
          298 299 214 213 
          299 300 215 214 
          300 301 216 215 
          301 302 217 216 
          302 303 218 217 
          303 304 219 218 
          304 305 220 219 
          305 306 221 220 
          306 307 222 221 
          307 308 223 222 
          308 309 224 223 
          309 310 225 224 
          310 311 226 225 
          311 312 227 226 
          312 313 228 227 
          313 314 229 228 
          314 315 230 229 
          315 316 231 230 
          316 317 232 231 
          317 318 233 232 
          318 319 234 233 
          319 320 235 234 
          320 321 236 235 
          321 322 237 236 
          322 323 238 237 
          323 324 239 238 
          324 325 240 239 
          325 326 241 240 
          326 327 242 241 
          327 328 243 242 
          328 329 244 243 
          329 330 245 244 
          330 331 246 245 
          331 332 247 246 
          332 333 248 247 
          333 334 249 248 
          334 335 250 249 
          335 336 251 250 
          336 337 252 251 
          337 338 253 252 
          338 339 254 253 
          340 341 256 255 
          341 342 257 256 
          342 343 258 257 
          343 344 259 258 
          344 345 260 259 
          345 346 261 260 
          346 347 262 261 
          347 348 263 262 
          348 349 264 263 
          349 350 265 264 
          350 351 266 265 
          351 352 267 266 
          352 353 268 267 
          353 354 269 268 
          354 355 270 269 
          355 356 271 270 
          356 357 272 271 
          357 358 273 272 
          358 359 274 273 
          359 360 275 274 
          360 361 276 275 
          361 362 277 276 
          362 363 278 277 
          363 364 279 278 
          364 365 280 279 
          365 366 281 280 
          366 367 282 281 
          367 368 283 282 
          368 369 284 283 
          369 370 285 284 
          370 371 286 285 
          371 372 287 286 
          372 373 288 287 
          373 374 289 288 
          374 375 290 289 
          375 376 291 290 
          376 377 292 291 
          377 378 293 292 
          378 379 294 293 
          379 380 295 294 
          380 381 296 295 
          381 382 297 296 
          382 383 298 297 
          383 384 299 298 
          384 385 300 299 
          385 386 301 300 
          386 387 302 301 
          387 388 303 302 
          388 389 304 303 
          389 390 305 304 
          390 391 306 305 
          391 392 307 306 
          392 393 308 307 
          393 394 309 308 
          394 395 310 309 
          395 396 311 310 
          396 397 312 311 
          397 398 313 312 
          398 399 314 313 
          399 400 315 314 
          400 401 316 315 
          401 402 317 316 
          402 403 318 317 
          403 404 319 318 
          404 405 320 319 
          405 406 321 320 
          406 407 322 321 
          407 408 323 322 
          408 409 324 323 
          409 410 325 324 
          410 411 326 325 
          411 412 327 326 
          412 413 328 327 
          413 414 329 328 
          414 415 330 329 
          415 416 331 330 
          416 417 332 331 
          417 418 333 332 
          418 419 334 333 
          419 420 335 334 
          420 421 336 335 
          421 422 337 336 
          422 423 338 337 
          423 424 339 338 
          425 426 341 340 
          426 427 342 341 
          427 428 343 342 
          428 429 344 343 
          429 430 345 344 
          430 431 346 345 
          431 432 347 346 
          432 433 348 347 
          433 434 349 348 
          434 435 350 349 
          435 436 351 350 
          436 437 352 351 
          437 438 353 352 
          438 439 354 353 
          439 440 355 354 
          440 441 356 355 
          441 442 357 356 
          442 443 358 357 
          443 444 359 358 
          444 445 360 359 
          445 446 361 360 
          446 447 362 361 
          447 448 363 362 
          448 449 364 363 
          449 450 365 364 
          450 451 366 365 
          451 452 367 366 
          452 453 368 367 
          453 454 369 368 
          454 455 370 369 
          455 456 371 370 
          456 457 372 371 
          457 458 373 372 
          458 459 374 373 
          459 460 375 374 
          460 461 376 375 
          461 462 377 376 
          462 463 378 377 
          463 464 379 378 
          464 465 380 379 
          465 466 381 380 
          466 467 382 381 
          467 468 383 382 
          468 469 384 383 
          469 470 385 384 
          470 471 386 385 
          471 472 387 386 
          472 473 388 387 
          473 474 389 388 
          474 475 390 389 
          475 476 391 390 
          476 477 392 391 
          477 478 393 392 
          478 479 394 393 
          479 480 395 394 
          480 481 396 395 
          481 482 397 396 
          482 483 398 397 
          483 484 399 398 
          484 485 400 399 
          485 486 401 400 
          486 487 402 401 
          487 488 403 402 
          488 489 404 403 
          489 490 405 404 
          490 491 406 405 
          491 492 407 406 
          492 493 408 407 
          493 494 409 408 
          494 495 410 409 
          495 496 411 410 
          496 497 412 411 
          497 498 413 412 
          498 499 414 413 
          499 500 415 414 
          500 501 416 415 
          501 502 417 416 
          502 503 418 417 
          503 504 419 418 
          504 505 420 419 
          505 506 421 420 
          506 507 422 421 
          507 508 423 422 
          508 509 424 423 
          510 511 426 425 
          511 512 427 426 
          512 513 428 427 
          513 514 429 428 
          514 515 430 429 
          515 516 431 430 
          516 517 432 431 
          517 518 433 432 
          518 519 434 433 
          519 520 435 434 
          520 521 436 435 
          521 522 437 436 
          522 523 438 437 
          523 524 439 438 
          524 525 440 439 
          525 526 441 440 
          526 527 442 441 
          527 528 443 442 
          528 529 444 443 
          529 530 445 444 
          530 531 446 445 
          531 532 447 446 
          532 533 448 447 
          533 534 449 448 
          534 535 450 449 
          535 536 451 450 
          536 537 452 451 
          537 538 453 452 
          538 539 454 453 
          539 540 455 454 
          540 541 456 455 
          541 542 457 456 
          542 543 458 457 
          543 544 459 458 
          544 545 460 459 
          545 546 461 460 
          546 547 462 461 
          547 548 463 462 
          548 549 464 463 
          549 550 465 464 
          550 551 466 465 
          551 552 467 466 
          552 553 468 467 
          553 554 469 468 
          554 555 470 469 
          555 556 471 470 
          556 557 472 471 
          557 558 473 472 
          558 559 474 473 
          559 560 475 474 
          560 561 476 475 
          561 562 477 476 
          562 563 478 477 
          563 564 479 478 
          564 565 480 479 
          565 566 481 480 
          566 567 482 481 
          567 568 483 482 
          568 569 484 483 
          569 570 485 484 
          570 571 486 485 
          571 572 487 486 
          572 573 488 487 
          573 574 489 488 
          574 575 490 489 
          575 576 491 490 
          576 577 492 491 
          577 578 493 492 
          578 579 494 493 
          579 580 495 494 
          580 581 496 495 
          581 582 497 496 
          582 583 498 497 
          583 584 499 498 
          584 585 500 499 
          585 586 501 500 
          586 587 502 501 
          587 588 503 502 
          588 589 504 503 
          589 590 505 504 
          590 591 506 505 
          591 592 507 506 
          592 593 508 507 
          593 594 509 508 
          595 596 511 510 
          596 597 512 511 
          597 598 513 512 
          598 599 514 513 
          599 600 515 514 
          600 601 516 515 
          601 602 517 516 
          602 603 518 517 
          603 604 519 518 
          604 605 520 519 
          605 606 521 520 
          606 607 522 521 
          607 608 523 522 
          608 609 524 523 
          609 610 525 524 
          610 611 526 525 
          611 612 527 526 
          612 613 528 527 
          613 614 529 528 
          614 615 530 529 
          615 616 531 530 
          616 617 532 531 
          617 618 533 532 
          618 619 534 533 
          619 620 535 534 
          620 621 536 535 
          621 622 537 536 
          622 623 538 537 
          623 624 539 538 
          624 625 540 539 
          625 626 541 540 
          626 627 542 541 
          627 628 543 542 
          628 629 544 543 
          629 630 545 544 
          630 631 546 545 
          631 632 547 546 
          632 633 548 547 
          633 634 549 548 
          634 635 550 549 
          635 636 551 550 
          636 637 552 551 
          637 638 553 552 
          638 639 554 553 
          639 640 555 554 
          640 641 556 555 
          641 642 557 556 
          642 643 558 557 
          643 644 559 558 
          644 645 560 559 
          645 646 561 560 
          646 647 562 561 
          647 648 563 562 
          648 649 564 563 
          649 650 565 564 
          650 651 566 565 
          651 652 567 566 
          652 653 568 567 
          653 654 569 568 
          654 655 570 569 
          655 656 571 570 
          656 657 572 571 
          657 658 573 572 
          658 659 574 573 
          659 660 575 574 
          660 661 576 575 
          661 662 577 576 
          662 663 578 577 
          663 664 579 578 
          664 665 580 579 
          665 666 581 580 
          666 667 582 581 
          667 668 583 582 
          668 669 584 583 
          669 670 585 584 
          670 671 586 585 
          671 672 587 586 
          672 673 588 587 
          673 674 589 588 
          674 675 590 589 
          675 676 591 590 
          676 677 592 591 
          677 678 593 592 
          678 679 594 593 
          680 681 596 595 
          681 682 597 596 
          682 683 598 597 
          683 684 599 598 
          684 685 600 599 
          685 686 601 600 
          686 687 602 601 
          687 688 603 602 
          688 689 604 603 
          689 690 605 604 
          690 691 606 605 
          691 692 607 606 
          692 693 608 607 
          693 694 609 608 
          694 695 610 609 
          695 696 611 610 
          696 697 612 611 
          697 698 613 612 
          698 699 614 613 
          699 700 615 614 
          700 701 616 615 
          701 702 617 616 
          702 703 618 617 
          703 704 619 618 
          704 705 620 619 
          705 706 621 620 
          706 707 622 621 
          707 708 623 622 
          708 709 624 623 
          709 710 625 624 
          710 711 626 625 
          711 712 627 626 
          712 713 628 627 
          713 714 629 628 
          714 715 630 629 
          715 716 631 630 
          716 717 632 631 
          717 718 633 632 
          718 719 634 633 
          719 720 635 634 
          720 721 636 635 
          721 722 637 636 
          722 723 638 637 
          723 724 639 638 
          724 725 640 639 
          725 726 641 640 
          726 727 642 641 
          727 728 643 642 
          728 729 644 643 
          729 730 645 644 
          730 731 646 645 
          731 732 647 646 
          732 733 648 647 
          733 734 649 648 
          734 735 650 649 
          735 736 651 650 
          736 737 652 651 
          737 738 653 652 
          738 739 654 653 
          739 740 655 654 
          740 741 656 655 
          741 742 657 656 
          742 743 658 657 
          743 744 659 658 
          744 745 660 659 
          745 746 661 660 
          746 747 662 661 
          747 748 663 662 
          748 749 664 663 
          749 750 665 664 
          750 751 666 665 
          751 752 667 666 
          752 753 668 667 
          753 754 669 668 
          754 755 670 669 
          755 756 671 670 
          756 757 672 671 
          757 758 673 672 
          758 759 674 673 
          759 760 675 674 
          760 761 676 675 
          761 762 677 676 
          762 763 678 677 
          763 764 679 678 
          765 766 681 680 
          766 767 682 681 
          767 768 683 682 
          768 769 684 683 
          769 770 685 684 
          770 771 686 685 
          771 772 687 686 
          772 773 688 687 
          773 774 689 688 
          774 775 690 689 
          775 776 691 690 
          776 777 692 691 
          777 778 693 692 
          778 779 694 693 
          779 780 695 694 
          780 781 696 695 
          781 782 697 696 
          782 783 698 697 
          783 784 699 698 
          784 785 700 699 
          785 786 701 700 
          786 787 702 701 
          787 788 703 702 
          788 789 704 703 
          789 790 705 704 
          790 791 706 705 
          791 792 707 706 
          792 793 708 707 
          793 794 709 708 
          794 795 710 709 
          795 796 711 710 
          796 797 712 711 
          797 798 713 712 
          798 799 714 713 
          799 800 715 714 
          800 801 716 715 
          801 802 717 716 
          802 803 718 717 
          803 804 719 718 
          804 805 720 719 
          805 806 721 720 
          806 807 722 721 
          807 808 723 722 
          808 809 724 723 
          809 810 725 724 
          810 811 726 725 
          811 812 727 726 
          812 813 728 727 
          813 814 729 728 
          814 815 730 729 
          815 816 731 730 
          816 817 732 731 
          817 818 733 732 
          818 819 734 733 
          819 820 735 734 
          820 821 736 735 
          821 822 737 736 
          822 823 738 737 
          823 824 739 738 
          824 825 740 739 
          825 826 741 740 
          826 827 742 741 
          827 828 743 742 
          828 829 744 743 
          829 830 745 744 
          830 831 746 745 
          831 832 747 746 
          832 833 748 747 
          833 834 749 748 
          834 835 750 749 
          835 836 751 750 
          836 837 752 751 
          837 838 753 752 
          838 839 754 753 
          839 840 755 754 
          840 841 756 755 
          841 842 757 756 
          842 843 758 757 
          843 844 759 758 
          844 845 760 759 
          845 846 761 760 
          846 847 762 761 
          847 848 763 762 
          848 849 764 763 
          850 851 766 765 
          851 852 767 766 
          852 853 768 767 
          853 854 769 768 
          854 855 770 769 
          855 856 771 770 
          856 857 772 771 
          857 858 773 772 
          858 859 774 773 
          859 860 775 774 
          860 861 776 775 
          861 862 777 776 
          862 863 778 777 
          863 864 779 778 
          864 865 780 779 
          865 866 781 780 
          866 867 782 781 
          867 868 783 782 
          868 869 784 783 
          869 870 785 784 
          870 871 786 785 
          871 872 787 786 
          872 873 788 787 
          873 874 789 788 
          874 875 790 789 
          875 876 791 790 
          876 877 792 791 
          877 878 793 792 
          878 879 794 793 
          879 880 795 794 
          880 881 796 795 
          881 882 797 796 
          882 883 798 797 
          883 884 799 798 
          884 885 800 799 
          885 886 801 800 
          886 887 802 801 
          887 888 803 802 
          888 889 804 803 
          889 890 805 804 
          890 891 806 805 
          891 892 807 806 
          892 893 808 807 
          893 894 809 808 
          894 895 810 809 
          895 896 811 810 
          896 897 812 811 
          897 898 813 812 
          898 899 814 813 
          899 900 815 814 
          900 901 816 815 
          901 902 817 816 
          902 903 818 817 
          903 904 819 818 
          904 905 820 819 
          905 906 821 820 
          906 907 822 821 
          907 908 823 822 
          908 909 824 823 
          909 910 825 824 
          910 911 826 825 
          911 912 827 826 
          912 913 828 827 
          913 914 829 828 
          914 915 830 829 
          915 916 831 830 
          916 917 832 831 
          917 918 833 832 
          918 919 834 833 
          919 920 835 834 
          920 921 836 835 
          921 922 837 836 
          922 923 838 837 
          923 924 839 838 
          924 925 840 839 
          925 926 841 840 
          926 927 842 841 
          927 928 843 842 
          928 929 844 843 
          929 930 845 844 
          930 931 846 845 
          931 932 847 846 
          932 933 848 847 
          933 934 849 848 
          935 936 851 850 
          936 937 852 851 
          937 938 853 852 
          938 939 854 853 
          939 940 855 854 
          940 941 856 855 
          941 942 857 856 
          942 943 858 857 
          943 944 859 858 
          944 945 860 859 
          945 946 861 860 
          946 947 862 861 
          947 948 863 862 
          948 949 864 863 
          949 950 865 864 
          950 951 866 865 
          951 952 867 866 
          952 953 868 867 
          953 954 869 868 
          954 955 870 869 
          955 956 871 870 
          956 957 872 871 
          957 958 873 872 
          958 959 874 873 
          959 960 875 874 
          960 961 876 875 
          961 962 877 876 
          962 963 878 877 
          963 964 879 878 
          964 965 880 879 
          965 966 881 880 
          966 967 882 881 
          967 968 883 882 
          968 969 884 883 
          969 970 885 884 
          970 971 886 885 
          971 972 887 886 
          972 973 888 887 
          973 974 889 888 
          974 975 890 889 
          975 976 891 890 
          976 977 892 891 
          977 978 893 892 
          978 979 894 893 
          979 980 895 894 
          980 981 896 895 
          981 982 897 896 
          982 983 898 897 
          983 984 899 898 
          984 985 900 899 
          985 986 901 900 
          986 987 902 901 
          987 988 903 902 
          988 989 904 903 
          989 990 905 904 
          990 991 906 905 
          991 992 907 906 
          992 993 908 907 
          993 994 909 908 
          994 995 910 909 
          995 996 911 910 
          996 997 912 911 
          997 998 913 912 
          998 999 914 913 
          999 1000 915 914 
          1000 1001 916 915 
          1001 1002 917 916 
          1002 1003 918 917 
          1003 1004 919 918 
          1004 1005 920 919 
          1005 1006 921 920 
          1006 1007 922 921 
          1007 1008 923 922 
          1008 1009 924 923 
          1009 1010 925 924 
          1010 1011 926 925 
          1011 1012 927 926 
          1012 1013 928 927 
          1013 1014 929 928 
          1014 1015 930 929 
          1015 1016 931 930 
          1016 1017 932 931 
          1017 1018 933 932 
          1018 1019 934 933 
          1020 1021 936 935 
          1021 1022 937 936 
          1022 1023 938 937 
          1023 1024 939 938 
          1024 1025 940 939 
          1025 1026 941 940 
          1026 1027 942 941 
          1027 1028 943 942 
          1028 1029 944 943 
          1029 1030 945 944 
          1030 1031 946 945 
          1031 1032 947 946 
          1032 1033 948 947 
          1033 1034 949 948 
          1034 1035 950 949 
          1035 1036 951 950 
          1036 1037 952 951 
          1037 1038 953 952 
          1038 1039 954 953 
          1039 1040 955 954 
          1040 1041 956 955 
          1041 1042 957 956 
          1042 1043 958 957 
          1043 1044 959 958 
          1044 1045 960 959 
          1045 1046 961 960 
          1046 1047 962 961 
          1047 1048 963 962 
          1048 1049 964 963 
          1049 1050 965 964 
          1050 1051 966 965 
          1051 1052 967 966 
          1052 1053 968 967 
          1053 1054 969 968 
          1054 1055 970 969 
          1055 1056 971 970 
          1056 1057 972 971 
          1057 1058 973 972 
          1058 1059 974 973 
          1059 1060 975 974 
          1060 1061 976 975 
          1061 1062 977 976 
          1062 1063 978 977 
          1063 1064 979 978 
          1064 1065 980 979 
          1065 1066 981 980 
          1066 1067 982 981 
          1067 1068 983 982 
          1068 1069 984 983 
          1069 1070 985 984 
          1070 1071 986 985 
          1071 1072 987 986 
          1072 1073 988 987 
          1073 1074 989 988 
          1074 1075 990 989 
          1075 1076 991 990 
          1076 1077 992 991 
          1077 1078 993 992 
          1078 1079 994 993 
          1079 1080 995 994 
          1080 1081 996 995 
          1081 1082 997 996 
          1082 1083 998 997 
          1083 1084 999 998 
          1084 1085 1000 999 
          1085 1086 1001 1000 
          1086 1087 1002 1001 
          1087 1088 1003 1002 
          1088 1089 1004 1003 
          1089 1090 1005 1004 
          1090 1091 1006 1005 
          1091 1092 1007 1006 
          1092 1093 1008 1007 
          1093 1094 1009 1008 
          1094 1095 1010 1009 
          1095 1096 1011 1010 
          1096 1097 1012 1011 
          1097 1098 1013 1012 
          1098 1099 1014 1013 
          1099 1100 1015 1014 
          1100 1101 1016 1015 
          1101 1102 1017 1016 
          1102 1103 1018 1017 
          1103 1104 1019 1018 
          1105 1106 1021 1020 
          1106 1107 1022 1021 
          1107 1108 1023 1022 
          1108 1109 1024 1023 
          1109 1110 1025 1024 
          1110 1111 1026 1025 
          1111 1112 1027 1026 
          1112 1113 1028 1027 
          1113 1114 1029 1028 
          1114 1115 1030 1029 
          1115 1116 1031 1030 
          1116 1117 1032 1031 
          1117 1118 1033 1032 
          1118 1119 1034 1033 
          1119 1120 1035 1034 
          1120 1121 1036 1035 
          1121 1122 1037 1036 
          1122 1123 1038 1037 
          1123 1124 1039 1038 
          1124 1125 1040 1039 
          1125 1126 1041 1040 
          1126 1127 1042 1041 
          1127 1128 1043 1042 
          1128 1129 1044 1043 
          1129 1130 1045 1044 
          1130 1131 1046 1045 
          1131 1132 1047 1046 
          1132 1133 1048 1047 
          1133 1134 1049 1048 
          1134 1135 1050 1049 
          1135 1136 1051 1050 
          1136 1137 1052 1051 
          1137 1138 1053 1052 
          1138 1139 1054 1053 
          1139 1140 1055 1054 
          1140 1141 1056 1055 
          1141 1142 1057 1056 
          1142 1143 1058 1057 
          1143 1144 1059 1058 
          1144 1145 1060 1059 
          1145 1146 1061 1060 
          1146 1147 1062 1061 
          1147 1148 1063 1062 
          1148 1149 1064 1063 
          1149 1150 1065 1064 
          1150 1151 1066 1065 
          1151 1152 1067 1066 
          1152 1153 1068 1067 
          1153 1154 1069 1068 
          1154 1155 1070 1069 
          1155 1156 1071 1070 
          1156 1157 1072 1071 
          1157 1158 1073 1072 
          1158 1159 1074 1073 
          1159 1160 1075 1074 
          1160 1161 1076 1075 
          1161 1162 1077 1076 
          1162 1163 1078 1077 
          1163 1164 1079 1078 
          1164 1165 1080 1079 
          1165 1166 1081 1080 
          1166 1167 1082 1081 
          1167 1168 1083 1082 
          1168 1169 1084 1083 
          1169 1170 1085 1084 
          1170 1171 1086 1085 
          1171 1172 1087 1086 
          1172 1173 1088 1087 
          1173 1174 1089 1088 
          1174 1175 1090 1089 
          1175 1176 1091 1090 
          1176 1177 1092 1091 
          1177 1178 1093 1092 
          1178 1179 1094 1093 
          1179 1180 1095 1094 
          1180 1181 1096 1095 
          1181 1182 1097 1096 
          1182 1183 1098 1097 
          1183 1184 1099 1098 
          1184 1185 1100 1099 
          1185 1186 1101 1100 
          1186 1187 1102 1101 
          1187 1188 1103 1102 
          1188 1189 1104 1103 
          1190 1191 1106 1105 
          1191 1192 1107 1106 
          1192 1193 1108 1107 
          1193 1194 1109 1108 
          1194 1195 1110 1109 
          1195 1196 1111 1110 
          1196 1197 1112 1111 
          1197 1198 1113 1112 
          1198 1199 1114 1113 
          1199 1200 1115 1114 
          1200 1201 1116 1115 
          1201 1202 1117 1116 
          1202 1203 1118 1117 
          1203 1204 1119 1118 
          1204 1205 1120 1119 
          1205 1206 1121 1120 
          1206 1207 1122 1121 
          1207 1208 1123 1122 
          1208 1209 1124 1123 
          1209 1210 1125 1124 
          1210 1211 1126 1125 
          1211 1212 1127 1126 
          1212 1213 1128 1127 
          1213 1214 1129 1128 
          1214 1215 1130 1129 
          1215 1216 1131 1130 
          1216 1217 1132 1131 
          1217 1218 1133 1132 
          1218 1219 1134 1133 
          1219 1220 1135 1134 
          1220 1221 1136 1135 
          1221 1222 1137 1136 
          1222 1223 1138 1137 
          1223 1224 1139 1138 
          1224 1225 1140 1139 
          1225 1226 1141 1140 
          1226 1227 1142 1141 
          1227 1228 1143 1142 
          1228 1229 1144 1143 
          1229 1230 1145 1144 
          1230 1231 1146 1145 
          1231 1232 1147 1146 
          1232 1233 1148 1147 
          1233 1234 1149 1148 
          1234 1235 1150 1149 
          1235 1236 1151 1150 
          1236 1237 1152 1151 
          1237 1238 1153 1152 
          1238 1239 1154 1153 
          1239 1240 1155 1154 
          1240 1241 1156 1155 
          1241 1242 1157 1156 
          1242 1243 1158 1157 
          1243 1244 1159 1158 
          1244 1245 1160 1159 
          1245 1246 1161 1160 
          1246 1247 1162 1161 
          1247 1248 1163 1162 
          1248 1249 1164 1163 
          1249 1250 1165 1164 
          1250 1251 1166 1165 
          1251 1252 1167 1166 
          1252 1253 1168 1167 
          1253 1254 1169 1168 
          1254 1255 1170 1169 
          1255 1256 1171 1170 
          1256 1257 1172 1171 
          1257 1258 1173 1172 
          1258 1259 1174 1173 
          1259 1260 1175 1174 
          1260 1261 1176 1175 
          1261 1262 1177 1176 
          1262 1263 1178 1177 
          1263 1264 1179 1178 
          1264 1265 1180 1179 
          1265 1266 1181 1180 
          1266 1267 1182 1181 
          1267 1268 1183 1182 
          1268 1269 1184 1183 
          1269 1270 1185 1184 
          1270 1271 1186 1185 
          1271 1272 1187 1186 
          1272 1273 1188 1187 
          1273 1274 1189 1188 
          1275 1276 1191 1190 
          1276 1277 1192 1191 
          1277 1278 1193 1192 
          1278 1279 1194 1193 
          1279 1280 1195 1194 
          1280 1281 1196 1195 
          1281 1282 1197 1196 
          1282 1283 1198 1197 
          1283 1284 1199 1198 
          1284 1285 1200 1199 
          1285 1286 1201 1200 
          1286 1287 1202 1201 
          1287 1288 1203 1202 
          1288 1289 1204 1203 
          1289 1290 1205 1204 
          1290 1291 1206 1205 
          1291 1292 1207 1206 
          1292 1293 1208 1207 
          1293 1294 1209 1208 
          1294 1295 1210 1209 
          1295 1296 1211 1210 
          1296 1297 1212 1211 
          1297 1298 1213 1212 
          1298 1299 1214 1213 
          1299 1300 1215 1214 
          1300 1301 1216 1215 
          1301 1302 1217 1216 
          1302 1303 1218 1217 
          1303 1304 1219 1218 
          1304 1305 1220 1219 
          1305 1306 1221 1220 
          1306 1307 1222 1221 
          1307 1308 1223 1222 
          1308 1309 1224 1223 
          1309 1310 1225 1224 
          1310 1311 1226 1225 
          1311 1312 1227 1226 
          1312 1313 1228 1227 
          1313 1314 1229 1228 
          1314 1315 1230 1229 
          1315 1316 1231 1230 
          1316 1317 1232 1231 
          1317 1318 1233 1232 
          1318 1319 1234 1233 
          1319 1320 1235 1234 
          1320 1321 1236 1235 
          1321 1322 1237 1236 
          1322 1323 1238 1237 
          1323 1324 1239 1238 
          1324 1325 1240 1239 
          1325 1326 1241 1240 
          1326 1327 1242 1241 
          1327 1328 1243 1242 
          1328 1329 1244 1243 
          1329 1330 1245 1244 
          1330 1331 1246 1245 
          1331 1332 1247 1246 
          1332 1333 1248 1247 
          1333 1334 1249 1248 
          1334 1335 1250 1249 
          1335 1336 1251 1250 
          1336 1337 1252 1251 
          1337 1338 1253 1252 
          1338 1339 1254 1253 
          1339 1340 1255 1254 
          1340 1341 1256 1255 
          1341 1342 1257 1256 
          1342 1343 1258 1257 
          1343 1344 1259 1258 
          1344 1345 1260 1259 
          1345 1346 1261 1260 
          1346 1347 1262 1261 
          1347 1348 1263 1262 
          1348 1349 1264 1263 
          1349 1350 1265 1264 
          1350 1351 1266 1265 
          1351 1352 1267 1266 
          1352 1353 1268 1267 
          1353 1354 1269 1268 
          1354 1355 1270 1269 
          1355 1356 1271 1270 
          1356 1357 1272 1271 
          1357 1358 1273 1272 
          1358 1359 1274 1273 
          1360 1361 1276 1275 
          1361 1362 1277 1276 
          1362 1363 1278 1277 
          1363 1364 1279 1278 
          1364 1365 1280 1279 
          1365 1366 1281 1280 
          1366 1367 1282 1281 
          1367 1368 1283 1282 
          1368 1369 1284 1283 
          1369 1370 1285 1284 
          1370 1371 1286 1285 
          1371 1372 1287 1286 
          1372 1373 1288 1287 
          1373 1374 1289 1288 
          1374 1375 1290 1289 
          1375 1376 1291 1290 
          1376 1377 1292 1291 
          1377 1378 1293 1292 
          1378 1379 1294 1293 
          1379 1380 1295 1294 
          1380 1381 1296 1295 
          1381 1382 1297 1296 
          1382 1383 1298 1297 
          1383 1384 1299 1298 
          1384 1385 1300 1299 
          1385 1386 1301 1300 
          1386 1387 1302 1301 
          1387 1388 1303 1302 
          1388 1389 1304 1303 
          1389 1390 1305 1304 
          1390 1391 1306 1305 
          1391 1392 1307 1306 
          1392 1393 1308 1307 
          1393 1394 1309 1308 
          1394 1395 1310 1309 
          1395 1396 1311 1310 
          1396 1397 1312 1311 
          1397 1398 1313 1312 
          1398 1399 1314 1313 
          1399 1400 1315 1314 
          1400 1401 1316 1315 
          1401 1402 1317 1316 
          1402 1403 1318 1317 
          1403 1404 1319 1318 
          1404 1405 1320 1319 
          1405 1406 1321 1320 
          1406 1407 1322 1321 
          1407 1408 1323 1322 
          1408 1409 1324 1323 
          1409 1410 1325 1324 
          1410 1411 1326 1325 
          1411 1412 1327 1326 
          1412 1413 1328 1327 
          1413 1414 1329 1328 
          1414 1415 1330 1329 
          1415 1416 1331 1330 
          1416 1417 1332 1331 
          1417 1418 1333 1332 
          1418 1419 1334 1333 
          1419 1420 1335 1334 
          1420 1421 1336 1335 
          1421 1422 1337 1336 
          1422 1423 1338 1337 
          1423 1424 1339 1338 
          1424 1425 1340 1339 
          1425 1426 1341 1340 
          1426 1427 1342 1341 
          1427 1428 1343 1342 
          1428 1429 1344 1343 
          1429 1430 1345 1344 
          1430 1431 1346 1345 
          1431 1432 1347 1346 
          1432 1433 1348 1347 
          1433 1434 1349 1348 
          1434 1435 1350 1349 
          1435 1436 1351 1350 
          1436 1437 1352 1351 
          1437 1438 1353 1352 
          1438 1439 1354 1353 
          1439 1440 1355 1354 
          1440 1441 1356 1355 
          1441 1442 1357 1356 
          1442 1443 1358 1357 
          1443 1444 1359 1358 
          1445 1446 1361 1360 
          1446 1447 1362 1361 
          1447 1448 1363 1362 
          1448 1449 1364 1363 
          1449 1450 1365 1364 
          1450 1451 1366 1365 
          1451 1452 1367 1366 
          1452 1453 1368 1367 
          1453 1454 1369 1368 
          1454 1455 1370 1369 
          1455 1456 1371 1370 
          1456 1457 1372 1371 
          1457 1458 1373 1372 
          1458 1459 1374 1373 
          1459 1460 1375 1374 
          1460 1461 1376 1375 
          1461 1462 1377 1376 
          1462 1463 1378 1377 
          1463 1464 1379 1378 
          1464 1465 1380 1379 
          1465 1466 1381 1380 
          1466 1467 1382 1381 
          1467 1468 1383 1382 
          1468 1469 1384 1383 
          1469 1470 1385 1384 
          1470 1471 1386 1385 
          1471 1472 1387 1386 
          1472 1473 1388 1387 
          1473 1474 1389 1388 
          1474 1475 1390 1389 
          1475 1476 1391 1390 
          1476 1477 1392 1391 
          1477 1478 1393 1392 
          1478 1479 1394 1393 
          1479 1480 1395 1394 
          1480 1481 1396 1395 
          1481 1482 1397 1396 
          1482 1483 1398 1397 
          1483 1484 1399 1398 
          1484 1485 1400 1399 
          1485 1486 1401 1400 
          1486 1487 1402 1401 
          1487 1488 1403 1402 
          1488 1489 1404 1403 
          1489 1490 1405 1404 
          1490 1491 1406 1405 
          1491 1492 1407 1406 
          1492 1493 1408 1407 
          1493 1494 1409 1408 
          1494 1495 1410 1409 
          1495 1496 1411 1410 
          1496 1497 1412 1411 
          1497 1498 1413 1412 
          1498 1499 1414 1413 
          1499 1500 1415 1414 
          1500 1501 1416 1415 
          1501 1502 1417 1416 
          1502 1503 1418 1417 
          1503 1504 1419 1418 
          1504 1505 1420 1419 
          1505 1506 1421 1420 
          1506 1507 1422 1421 
          1507 1508 1423 1422 
          1508 1509 1424 1423 
          1509 1510 1425 1424 
          1510 1511 1426 1425 
          1511 1512 1427 1426 
          1512 1513 1428 1427 
          1513 1514 1429 1428 
          1514 1515 1430 1429 
          1515 1516 1431 1430 
          1516 1517 1432 1431 
          1517 1518 1433 1432 
          1518 1519 1434 1433 
          1519 1520 1435 1434 
          1520 1521 1436 1435 
          1521 1522 1437 1436 
          1522 1523 1438 1437 
          1523 1524 1439 1438 
          1524 1525 1440 1439 
          1525 1526 1441 1440 
          1526 1527 1442 1441 
          1527 1528 1443 1442 
          1528 1529 1444 1443 
          1530 1531 1446 1445 
          1531 1532 1447 1446 
          1532 1533 1448 1447 
          1533 1534 1449 1448 
          1534 1535 1450 1449 
          1535 1536 1451 1450 
          1536 1537 1452 1451 
          1537 1538 1453 1452 
          1538 1539 1454 1453 
          1539 1540 1455 1454 
          1540 1541 1456 1455 
          1541 1542 1457 1456 
          1542 1543 1458 1457 
          1543 1544 1459 1458 
          1544 1545 1460 1459 
          1545 1546 1461 1460 
          1546 1547 1462 1461 
          1547 1548 1463 1462 
          1548 1549 1464 1463 
          1549 1550 1465 1464 
          1550 1551 1466 1465 
          1551 1552 1467 1466 
          1552 1553 1468 1467 
          1553 1554 1469 1468 
          1554 1555 1470 1469 
          1555 1556 1471 1470 
          1556 1557 1472 1471 
          1557 1558 1473 1472 
          1558 1559 1474 1473 
          1559 1560 1475 1474 
          1560 1561 1476 1475 
          1561 1562 1477 1476 
          1562 1563 1478 1477 
          1563 1564 1479 1478 
          1564 1565 1480 1479 
          1565 1566 1481 1480 
          1566 1567 1482 1481 
          1567 1568 1483 1482 
          1568 1569 1484 1483 
          1569 1570 1485 1484 
          1570 1571 1486 1485 
          1571 1572 1487 1486 
          1572 1573 1488 1487 
          1573 1574 1489 1488 
          1574 1575 1490 1489 
          1575 1576 1491 1490 
          1576 1577 1492 1491 
          1577 1578 1493 1492 
          1578 1579 1494 1493 
          1579 1580 1495 1494 
          1580 1581 1496 1495 
          1581 1582 1497 1496 
          1582 1583 1498 1497 
          1583 1584 1499 1498 
          1584 1585 1500 1499 
          1585 1586 1501 1500 
          1586 1587 1502 1501 
          1587 1588 1503 1502 
          1588 1589 1504 1503 
          1589 1590 1505 1504 
          1590 1591 1506 1505 
          1591 1592 1507 1506 
          1592 1593 1508 1507 
          1593 1594 1509 1508 
          1594 1595 1510 1509 
          1595 1596 1511 1510 
          1596 1597 1512 1511 
          1597 1598 1513 1512 
          1598 1599 1514 1513 
          1599 1600 1515 1514 
          1600 1601 1516 1515 
          1601 1602 1517 1516 
          1602 1603 1518 1517 
          1603 1604 1519 1518 
          1604 1605 1520 1519 
          1605 1606 1521 1520 
          1606 1607 1522 1521 
          1607 1608 1523 1522 
          1608 1609 1524 1523 
          1609 1610 1525 1524 
          1610 1611 1526 1525 
          1611 1612 1527 1526 
          1612 1613 1528 1527 
          1613 1614 1529 1528 
          1615 1616 1531 1530 
          1616 1617 1532 1531 
          1617 1618 1533 1532 
          1618 1619 1534 1533 
          1619 1620 1535 1534 
          1620 1621 1536 1535 
          1621 1622 1537 1536 
          1622 1623 1538 1537 
          1623 1624 1539 1538 
          1624 1625 1540 1539 
          1625 1626 1541 1540 
          1626 1627 1542 1541 
          1627 1628 1543 1542 
          1628 1629 1544 1543 
          1629 1630 1545 1544 
          1630 1631 1546 1545 
          1631 1632 1547 1546 
          1632 1633 1548 1547 
          1633 1634 1549 1548 
          1634 1635 1550 1549 
          1635 1636 1551 1550 
          1636 1637 1552 1551 
          1637 1638 1553 1552 
          1638 1639 1554 1553 
          1639 1640 1555 1554 
          1640 1641 1556 1555 
          1641 1642 1557 1556 
          1642 1643 1558 1557 
          1643 1644 1559 1558 
          1644 1645 1560 1559 
          1645 1646 1561 1560 
          1646 1647 1562 1561 
          1647 1648 1563 1562 
          1648 1649 1564 1563 
          1649 1650 1565 1564 
          1650 1651 1566 1565 
          1651 1652 1567 1566 
          1652 1653 1568 1567 
          1653 1654 1569 1568 
          1654 1655 1570 1569 
          1655 1656 1571 1570 
          1656 1657 1572 1571 
          1657 1658 1573 1572 
          1658 1659 1574 1573 
          1659 1660 1575 1574 
          1660 1661 1576 1575 
          1661 1662 1577 1576 
          1662 1663 1578 1577 
          1663 1664 1579 1578 
          1664 1665 1580 1579 
          1665 1666 1581 1580 
          1666 1667 1582 1581 
          1667 1668 1583 1582 
          1668 1669 1584 1583 
          1669 1670 1585 1584 
          1670 1671 1586 1585 
          1671 1672 1587 1586 
          1672 1673 1588 1587 
          1673 1674 1589 1588 
          1674 1675 1590 1589 
          1675 1676 1591 1590 
          1676 1677 1592 1591 
          1677 1678 1593 1592 
          1678 1679 1594 1593 
          1679 1680 1595 1594 
          1680 1681 1596 1595 
          1681 1682 1597 1596 
          1682 1683 1598 1597 
          1683 1684 1599 1598 
          1684 1685 1600 1599 
          1685 1686 1601 1600 
          1686 1687 1602 1601 
          1687 1688 1603 1602 
          1688 1689 1604 1603 
          1689 1690 1605 1604 
          1690 1691 1606 1605 
          1691 1692 1607 1606 
          1692 1693 1608 1607 
          1693 1694 1609 1608 
          1694 1695 1610 1609 
          1695 1696 1611 1610 
          1696 1697 1612 1611 
          1697 1698 1613 1612 
          1698 1699 1614 1613 
          1700 1701 1616 1615 
          1701 1702 1617 1616 
          1702 1703 1618 1617 
          1703 1704 1619 1618 
          1704 1705 1620 1619 
          1705 1706 1621 1620 
          1706 1707 1622 1621 
          1707 1708 1623 1622 
          1708 1709 1624 1623 
          1709 1710 1625 1624 
          1710 1711 1626 1625 
          1711 1712 1627 1626 
          1712 1713 1628 1627 
          1713 1714 1629 1628 
          1714 1715 1630 1629 
          1715 1716 1631 1630 
          1716 1717 1632 1631 
          1717 1718 1633 1632 
          1718 1719 1634 1633 
          1719 1720 1635 1634 
          1720 1721 1636 1635 
          1721 1722 1637 1636 
          1722 1723 1638 1637 
          1723 1724 1639 1638 
          1724 1725 1640 1639 
          1725 1726 1641 1640 
          1726 1727 1642 1641 
          1727 1728 1643 1642 
          1728 1729 1644 1643 
          1729 1730 1645 1644 
          1730 1731 1646 1645 
          1731 1732 1647 1646 
          1732 1733 1648 1647 
          1733 1734 1649 1648 
          1734 1735 1650 1649 
          1735 1736 1651 1650 
          1736 1737 1652 1651 
          1737 1738 1653 1652 
          1738 1739 1654 1653 
          1739 1740 1655 1654 
          1740 1741 1656 1655 
          1741 1742 1657 1656 
          1742 1743 1658 1657 
          1743 1744 1659 1658 
          1744 1745 1660 1659 
          1745 1746 1661 1660 
          1746 1747 1662 1661 
          1747 1748 1663 1662 
          1748 1749 1664 1663 
          1749 1750 1665 1664 
          1750 1751 1666 1665 
          1751 1752 1667 1666 
          1752 1753 1668 1667 
          1753 1754 1669 1668 
          1754 1755 1670 1669 
          1755 1756 1671 1670 
          1756 1757 1672 1671 
          1757 1758 1673 1672 
          1758 1759 1674 1673 
          1759 1760 1675 1674 
          1760 1761 1676 1675 
          1761 1762 1677 1676 
          1762 1763 1678 1677 
          1763 1764 1679 1678 
          1764 1765 1680 1679 
          1765 1766 1681 1680 
          1766 1767 1682 1681 
          1767 1768 1683 1682 
          1768 1769 1684 1683 
          1769 1770 1685 1684 
          1770 1771 1686 1685 
          1771 1772 1687 1686 
          1772 1773 1688 1687 
          1773 1774 1689 1688 
          1774 1775 1690 1689 
          1775 1776 1691 1690 
          1776 1777 1692 1691 
          1777 1778 1693 1692 
          1778 1779 1694 1693 
          1779 1780 1695 1694 
          1780 1781 1696 1695 
          1781 1782 1697 1696 
          1782 1783 1698 1697 
          1783 1784 1699 1698 
          1785 1786 1701 1700 
          1786 1787 1702 1701 
          1787 1788 1703 1702 
          1788 1789 1704 1703 
          1789 1790 1705 1704 
          1790 1791 1706 1705 
          1791 1792 1707 1706 
          1792 1793 1708 1707 
          1793 1794 1709 1708 
          1794 1795 1710 1709 
          1795 1796 1711 1710 
          1796 1797 1712 1711 
          1797 1798 1713 1712 
          1798 1799 1714 1713 
          1799 1800 1715 1714 
          1800 1801 1716 1715 
          1801 1802 1717 1716 
          1802 1803 1718 1717 
          1803 1804 1719 1718 
          1804 1805 1720 1719 
          1805 1806 1721 1720 
          1806 1807 1722 1721 
          1807 1808 1723 1722 
          1808 1809 1724 1723 
          1809 1810 1725 1724 
          1810 1811 1726 1725 
          1811 1812 1727 1726 
          1812 1813 1728 1727 
          1813 1814 1729 1728 
          1814 1815 1730 1729 
          1815 1816 1731 1730 
          1816 1817 1732 1731 
          1817 1818 1733 1732 
          1818 1819 1734 1733 
          1819 1820 1735 1734 
          1820 1821 1736 1735 
          1821 1822 1737 1736 
          1822 1823 1738 1737 
          1823 1824 1739 1738 
          1824 1825 1740 1739 
          1825 1826 1741 1740 
          1826 1827 1742 1741 
          1827 1828 1743 1742 
          1828 1829 1744 1743 
          1829 1830 1745 1744 
          1830 1831 1746 1745 
          1831 1832 1747 1746 
          1832 1833 1748 1747 
          1833 1834 1749 1748 
          1834 1835 1750 1749 
          1835 1836 1751 1750 
          1836 1837 1752 1751 
          1837 1838 1753 1752 
          1838 1839 1754 1753 
          1839 1840 1755 1754 
          1840 1841 1756 1755 
          1841 1842 1757 1756 
          1842 1843 1758 1757 
          1843 1844 1759 1758 
          1844 1845 1760 1759 
          1845 1846 1761 1760 
          1846 1847 1762 1761 
          1847 1848 1763 1762 
          1848 1849 1764 1763 
          1849 1850 1765 1764 
          1850 1851 1766 1765 
          1851 1852 1767 1766 
          1852 1853 1768 1767 
          1853 1854 1769 1768 
          1854 1855 1770 1769 
          1855 1856 1771 1770 
          1856 1857 1772 1771 
          1857 1858 1773 1772 
          1858 1859 1774 1773 
          1859 1860 1775 1774 
          1860 1861 1776 1775 
          1861 1862 1777 1776 
          1862 1863 1778 1777 
          1863 1864 1779 1778 
          1864 1865 1780 1779 
          1865 1866 1781 1780 
          1866 1867 1782 1781 
          1867 1868 1783 1782 
          1868 1869 1784 1783 
          1870 1871 1786 1785 
          1871 1872 1787 1786 
          1872 1873 1788 1787 
          1873 1874 1789 1788 
          1874 1875 1790 1789 
          1875 1876 1791 1790 
          1876 1877 1792 1791 
          1877 1878 1793 1792 
          1878 1879 1794 1793 
          1879 1880 1795 1794 
          1880 1881 1796 1795 
          1881 1882 1797 1796 
          1882 1883 1798 1797 
          1883 1884 1799 1798 
          1884 1885 1800 1799 
          1885 1886 1801 1800 
          1886 1887 1802 1801 
          1887 1888 1803 1802 
          1888 1889 1804 1803 
          1889 1890 1805 1804 
          1890 1891 1806 1805 
          1891 1892 1807 1806 
          1892 1893 1808 1807 
          1893 1894 1809 1808 
          1894 1895 1810 1809 
          1895 1896 1811 1810 
          1896 1897 1812 1811 
          1897 1898 1813 1812 
          1898 1899 1814 1813 
          1899 1900 1815 1814 
          1900 1901 1816 1815 
          1901 1902 1817 1816 
          1902 1903 1818 1817 
          1903 1904 1819 1818 
          1904 1905 1820 1819 
          1905 1906 1821 1820 
          1906 1907 1822 1821 
          1907 1908 1823 1822 
          1908 1909 1824 1823 
          1909 1910 1825 1824 
          1910 1911 1826 1825 
          1911 1912 1827 1826 
          1912 1913 1828 1827 
          1913 1914 1829 1828 
          1914 1915 1830 1829 
          1915 1916 1831 1830 
          1916 1917 1832 1831 
          1917 1918 1833 1832 
          1918 1919 1834 1833 
          1919 1920 1835 1834 
          1920 1921 1836 1835 
          1921 1922 1837 1836 
          1922 1923 1838 1837 
          1923 1924 1839 1838 
          1924 1925 1840 1839 
          1925 1926 1841 1840 
          1926 1927 1842 1841 
          1927 1928 1843 1842 
          1928 1929 1844 1843 
          1929 1930 1845 1844 
          1930 1931 1846 1845 
          1931 1932 1847 1846 
          1932 1933 1848 1847 
          1933 1934 1849 1848 
          1934 1935 1850 1849 
          1935 1936 1851 1850 
          1936 1937 1852 1851 
          1937 1938 1853 1852 
          1938 1939 1854 1853 
          1939 1940 1855 1854 
          1940 1941 1856 1855 
          1941 1942 1857 1856 
          1942 1943 1858 1857 
          1943 1944 1859 1858 
          1944 1945 1860 1859 
          1945 1946 1861 1860 
          1946 1947 1862 1861 
          1947 1948 1863 1862 
          1948 1949 1864 1863 
          1949 1950 1865 1864 
          1950 1951 1866 1865 
          1951 1952 1867 1866 
          1952 1953 1868 1867 
          1953 1954 1869 1868 
          1955 1956 1871 1870 
          1956 1957 1872 1871 
          1957 1958 1873 1872 
          1958 1959 1874 1873 
          1959 1960 1875 1874 
          1960 1961 1876 1875 
          1961 1962 1877 1876 
          1962 1963 1878 1877 
          1963 1964 1879 1878 
          1964 1965 1880 1879 
          1965 1966 1881 1880 
          1966 1967 1882 1881 
          1967 1968 1883 1882 
          1968 1969 1884 1883 
          1969 1970 1885 1884 
          1970 1971 1886 1885 
          1971 1972 1887 1886 
          1972 1973 1888 1887 
          1973 1974 1889 1888 
          1974 1975 1890 1889 
          1975 1976 1891 1890 
          1976 1977 1892 1891 
          1977 1978 1893 1892 
          1978 1979 1894 1893 
          1979 1980 1895 1894 
          1980 1981 1896 1895 
          1981 1982 1897 1896 
          1982 1983 1898 1897 
          1983 1984 1899 1898 
          1984 1985 1900 1899 
          1985 1986 1901 1900 
          1986 1987 1902 1901 
          1987 1988 1903 1902 
          1988 1989 1904 1903 
          1989 1990 1905 1904 
          1990 1991 1906 1905 
          1991 1992 1907 1906 
          1992 1993 1908 1907 
          1993 1994 1909 1908 
          1994 1995 1910 1909 
          1995 1996 1911 1910 
          1996 1997 1912 1911 
          1997 1998 1913 1912 
          1998 1999 1914 1913 
          1999 2000 1915 1914 
          2000 2001 1916 1915 
          2001 2002 1917 1916 
          2002 2003 1918 1917 
          2003 2004 1919 1918 
          2004 2005 1920 1919 
          2005 2006 1921 1920 
          2006 2007 1922 1921 
          2007 2008 1923 1922 
          2008 2009 1924 1923 
          2009 2010 1925 1924 
          2010 2011 1926 1925 
          2011 2012 1927 1926 
          2012 2013 1928 1927 
          2013 2014 1929 1928 
          2014 2015 1930 1929 
          2015 2016 1931 1930 
          2016 2017 1932 1931 
          2017 2018 1933 1932 
          2018 2019 1934 1933 
          2019 2020 1935 1934 
          2020 2021 1936 1935 
          2021 2022 1937 1936 
          2022 2023 1938 1937 
          2023 2024 1939 1938 
          2024 2025 1940 1939 
          2025 2026 1941 1940 
          2026 2027 1942 1941 
          2027 2028 1943 1942 
          2028 2029 1944 1943 
          2029 2030 1945 1944 
          2030 2031 1946 1945 
          2031 2032 1947 1946 
          2032 2033 1948 1947 
          2033 2034 1949 1948 
          2034 2035 1950 1949 
          2035 2036 1951 1950 
          2036 2037 1952 1951 
          2037 2038 1953 1952 
          2038 2039 1954 1953 
          2040 2041 1956 1955 
          2041 2042 1957 1956 
          2042 2043 1958 1957 
          2043 2044 1959 1958 
          2044 2045 1960 1959 
          2045 2046 1961 1960 
          2046 2047 1962 1961 
          2047 2048 1963 1962 
          2048 2049 1964 1963 
          2049 2050 1965 1964 
          2050 2051 1966 1965 
          2051 2052 1967 1966 
          2052 2053 1968 1967 
          2053 2054 1969 1968 
          2054 2055 1970 1969 
          2055 2056 1971 1970 
          2056 2057 1972 1971 
          2057 2058 1973 1972 
          2058 2059 1974 1973 
          2059 2060 1975 1974 
          2060 2061 1976 1975 
          2061 2062 1977 1976 
          2062 2063 1978 1977 
          2063 2064 1979 1978 
          2064 2065 1980 1979 
          2065 2066 1981 1980 
          2066 2067 1982 1981 
          2067 2068 1983 1982 
          2068 2069 1984 1983 
          2069 2070 1985 1984 
          2070 2071 1986 1985 
          2071 2072 1987 1986 
          2072 2073 1988 1987 
          2073 2074 1989 1988 
          2074 2075 1990 1989 
          2075 2076 1991 1990 
          2076 2077 1992 1991 
          2077 2078 1993 1992 
          2078 2079 1994 1993 
          2079 2080 1995 1994 
          2080 2081 1996 1995 
          2081 2082 1997 1996 
          2082 2083 1998 1997 
          2083 2084 1999 1998 
          2084 2085 2000 1999 
          2085 2086 2001 2000 
          2086 2087 2002 2001 
          2087 2088 2003 2002 
          2088 2089 2004 2003 
          2089 2090 2005 2004 
          2090 2091 2006 2005 
          2091 2092 2007 2006 
          2092 2093 2008 2007 
          2093 2094 2009 2008 
          2094 2095 2010 2009 
          2095 2096 2011 2010 
          2096 2097 2012 2011 
          2097 2098 2013 2012 
          2098 2099 2014 2013 
          2099 2100 2015 2014 
          2100 2101 2016 2015 
          2101 2102 2017 2016 
          2102 2103 2018 2017 
          2103 2104 2019 2018 
          2104 2105 2020 2019 
          2105 2106 2021 2020 
          2106 2107 2022 2021 
          2107 2108 2023 2022 
          2108 2109 2024 2023 
          2109 2110 2025 2024 
          2110 2111 2026 2025 
          2111 2112 2027 2026 
          2112 2113 2028 2027 
          2113 2114 2029 2028 
          2114 2115 2030 2029 
          2115 2116 2031 2030 
          2116 2117 2032 2031 
          2117 2118 2033 2032 
          2118 2119 2034 2033 
          2119 2120 2035 2034 
          2120 2121 2036 2035 
          2121 2122 2037 2036 
          2122 2123 2038 2037 
          2123 2124 2039 2038 
          2125 2126 2041 2040 
          2126 2127 2042 2041 
          2127 2128 2043 2042 
          2128 2129 2044 2043 
          2129 2130 2045 2044 
          2130 2131 2046 2045 
          2131 2132 2047 2046 
          2132 2133 2048 2047 
          2133 2134 2049 2048 
          2134 2135 2050 2049 
          2135 2136 2051 2050 
          2136 2137 2052 2051 
          2137 2138 2053 2052 
          2138 2139 2054 2053 
          2139 2140 2055 2054 
          2140 2141 2056 2055 
          2141 2142 2057 2056 
          2142 2143 2058 2057 
          2143 2144 2059 2058 
          2144 2145 2060 2059 
          2145 2146 2061 2060 
          2146 2147 2062 2061 
          2147 2148 2063 2062 
          2148 2149 2064 2063 
          2149 2150 2065 2064 
          2150 2151 2066 2065 
          2151 2152 2067 2066 
          2152 2153 2068 2067 
          2153 2154 2069 2068 
          2154 2155 2070 2069 
          2155 2156 2071 2070 
          2156 2157 2072 2071 
          2157 2158 2073 2072 
          2158 2159 2074 2073 
          2159 2160 2075 2074 
          2160 2161 2076 2075 
          2161 2162 2077 2076 
          2162 2163 2078 2077 
          2163 2164 2079 2078 
          2164 2165 2080 2079 
          2165 2166 2081 2080 
          2166 2167 2082 2081 
          2167 2168 2083 2082 
          2168 2169 2084 2083 
          2169 2170 2085 2084 
          2170 2171 2086 2085 
          2171 2172 2087 2086 
          2172 2173 2088 2087 
          2173 2174 2089 2088 
          2174 2175 2090 2089 
          2175 2176 2091 2090 
          2176 2177 2092 2091 
          2177 2178 2093 2092 
          2178 2179 2094 2093 
          2179 2180 2095 2094 
          2180 2181 2096 2095 
          2181 2182 2097 2096 
          2182 2183 2098 2097 
          2183 2184 2099 2098 
          2184 2185 2100 2099 
          2185 2186 2101 2100 
          2186 2187 2102 2101 
          2187 2188 2103 2102 
          2188 2189 2104 2103 
          2189 2190 2105 2104 
          2190 2191 2106 2105 
          2191 2192 2107 2106 
          2192 2193 2108 2107 
          2193 2194 2109 2108 
          2194 2195 2110 2109 
          2195 2196 2111 2110 
          2196 2197 2112 2111 
          2197 2198 2113 2112 
          2198 2199 2114 2113 
          2199 2200 2115 2114 
          2200 2201 2116 2115 
          2201 2202 2117 2116 
          2202 2203 2118 2117 
          2203 2204 2119 2118 
          2204 2205 2120 2119 
          2205 2206 2121 2120 
          2206 2207 2122 2121 
          2207 2208 2123 2122 
          2208 2209 2124 2123 
          2210 2211 2126 2125 
          2211 2212 2127 2126 
          2212 2213 2128 2127 
          2213 2214 2129 2128 
          2214 2215 2130 2129 
          2215 2216 2131 2130 
          2216 2217 2132 2131 
          2217 2218 2133 2132 
          2218 2219 2134 2133 
          2219 2220 2135 2134 
          2220 2221 2136 2135 
          2221 2222 2137 2136 
          2222 2223 2138 2137 
          2223 2224 2139 2138 
          2224 2225 2140 2139 
          2225 2226 2141 2140 
          2226 2227 2142 2141 
          2227 2228 2143 2142 
          2228 2229 2144 2143 
          2229 2230 2145 2144 
          2230 2231 2146 2145 
          2231 2232 2147 2146 
          2232 2233 2148 2147 
          2233 2234 2149 2148 
          2234 2235 2150 2149 
          2235 2236 2151 2150 
          2236 2237 2152 2151 
          2237 2238 2153 2152 
          2238 2239 2154 2153 
          2239 2240 2155 2154 
          2240 2241 2156 2155 
          2241 2242 2157 2156 
          2242 2243 2158 2157 
          2243 2244 2159 2158 
          2244 2245 2160 2159 
          2245 2246 2161 2160 
          2246 2247 2162 2161 
          2247 2248 2163 2162 
          2248 2249 2164 2163 
          2249 2250 2165 2164 
          2250 2251 2166 2165 
          2251 2252 2167 2166 
          2252 2253 2168 2167 
          2253 2254 2169 2168 
          2254 2255 2170 2169 
          2255 2256 2171 2170 
          2256 2257 2172 2171 
          2257 2258 2173 2172 
          2258 2259 2174 2173 
          2259 2260 2175 2174 
          2260 2261 2176 2175 
          2261 2262 2177 2176 
          2262 2263 2178 2177 
          2263 2264 2179 2178 
          2264 2265 2180 2179 
          2265 2266 2181 2180 
          2266 2267 2182 2181 
          2267 2268 2183 2182 
          2268 2269 2184 2183 
          2269 2270 2185 2184 
          2270 2271 2186 2185 
          2271 2272 2187 2186 
          2272 2273 2188 2187 
          2273 2274 2189 2188 
          2274 2275 2190 2189 
          2275 2276 2191 2190 
          2276 2277 2192 2191 
          2277 2278 2193 2192 
          2278 2279 2194 2193 
          2279 2280 2195 2194 
          2280 2281 2196 2195 
          2281 2282 2197 2196 
          2282 2283 2198 2197 
          2283 2284 2199 2198 
          2284 2285 2200 2199 
          2285 2286 2201 2200 
          2286 2287 2202 2201 
          2287 2288 2203 2202 
          2288 2289 2204 2203 
          2289 2290 2205 2204 
          2290 2291 2206 2205 
          2291 2292 2207 2206 
          2292 2293 2208 2207 
          2293 2294 2209 2208 
          2295 2296 2211 2210 
          2296 2297 2212 2211 
          2297 2298 2213 2212 
          2298 2299 2214 2213 
          2299 2300 2215 2214 
          2300 2301 2216 2215 
          2301 2302 2217 2216 
          2302 2303 2218 2217 
          2303 2304 2219 2218 
          2304 2305 2220 2219 
          2305 2306 2221 2220 
          2306 2307 2222 2221 
          2307 2308 2223 2222 
          2308 2309 2224 2223 
          2309 2310 2225 2224 
          2310 2311 2226 2225 
          2311 2312 2227 2226 
          2312 2313 2228 2227 
          2313 2314 2229 2228 
          2314 2315 2230 2229 
          2315 2316 2231 2230 
          2316 2317 2232 2231 
          2317 2318 2233 2232 
          2318 2319 2234 2233 
          2319 2320 2235 2234 
          2320 2321 2236 2235 
          2321 2322 2237 2236 
          2322 2323 2238 2237 
          2323 2324 2239 2238 
          2324 2325 2240 2239 
          2325 2326 2241 2240 
          2326 2327 2242 2241 
          2327 2328 2243 2242 
          2328 2329 2244 2243 
          2329 2330 2245 2244 
          2330 2331 2246 2245 
          2331 2332 2247 2246 
          2332 2333 2248 2247 
          2333 2334 2249 2248 
          2334 2335 2250 2249 
          2335 2336 2251 2250 
          2336 2337 2252 2251 
          2337 2338 2253 2252 
          2338 2339 2254 2253 
          2339 2340 2255 2254 
          2340 2341 2256 2255 
          2341 2342 2257 2256 
          2342 2343 2258 2257 
          2343 2344 2259 2258 
          2344 2345 2260 2259 
          2345 2346 2261 2260 
          2346 2347 2262 2261 
          2347 2348 2263 2262 
          2348 2349 2264 2263 
          2349 2350 2265 2264 
          2350 2351 2266 2265 
          2351 2352 2267 2266 
          2352 2353 2268 2267 
          2353 2354 2269 2268 
          2354 2355 2270 2269 
          2355 2356 2271 2270 
          2356 2357 2272 2271 
          2357 2358 2273 2272 
          2358 2359 2274 2273 
          2359 2360 2275 2274 
          2360 2361 2276 2275 
          2361 2362 2277 2276 
          2362 2363 2278 2277 
          2363 2364 2279 2278 
          2364 2365 2280 2279 
          2365 2366 2281 2280 
          2366 2367 2282 2281 
          2367 2368 2283 2282 
          2368 2369 2284 2283 
          2369 2370 2285 2284 
          2370 2371 2286 2285 
          2371 2372 2287 2286 
          2372 2373 2288 2287 
          2373 2374 2289 2288 
          2374 2375 2290 2289 
          2375 2376 2291 2290 
          2376 2377 2292 2291 
          2377 2378 2293 2292 
          2378 2379 2294 2293 
          2380 2381 2296 2295 
          2381 2382 2297 2296 
          2382 2383 2298 2297 
          2383 2384 2299 2298 
          2384 2385 2300 2299 
          2385 2386 2301 2300 
          2386 2387 2302 2301 
          2387 2388 2303 2302 
          2388 2389 2304 2303 
          2389 2390 2305 2304 
          2390 2391 2306 2305 
          2391 2392 2307 2306 
          2392 2393 2308 2307 
          2393 2394 2309 2308 
          2394 2395 2310 2309 
          2395 2396 2311 2310 
          2396 2397 2312 2311 
          2397 2398 2313 2312 
          2398 2399 2314 2313 
          2399 2400 2315 2314 
          2400 2401 2316 2315 
          2401 2402 2317 2316 
          2402 2403 2318 2317 
          2403 2404 2319 2318 
          2404 2405 2320 2319 
          2405 2406 2321 2320 
          2406 2407 2322 2321 
          2407 2408 2323 2322 
          2408 2409 2324 2323 
          2409 2410 2325 2324 
          2410 2411 2326 2325 
          2411 2412 2327 2326 
          2412 2413 2328 2327 
          2413 2414 2329 2328 
          2414 2415 2330 2329 
          2415 2416 2331 2330 
          2416 2417 2332 2331 
          2417 2418 2333 2332 
          2418 2419 2334 2333 
          2419 2420 2335 2334 
          2420 2421 2336 2335 
          2421 2422 2337 2336 
          2422 2423 2338 2337 
          2423 2424 2339 2338 
          2424 2425 2340 2339 
          2425 2426 2341 2340 
          2426 2427 2342 2341 
          2427 2428 2343 2342 
          2428 2429 2344 2343 
          2429 2430 2345 2344 
          2430 2431 2346 2345 
          2431 2432 2347 2346 
          2432 2433 2348 2347 
          2433 2434 2349 2348 
          2434 2435 2350 2349 
          2435 2436 2351 2350 
          2436 2437 2352 2351 
          2437 2438 2353 2352 
          2438 2439 2354 2353 
          2439 2440 2355 2354 
          2440 2441 2356 2355 
          2441 2442 2357 2356 
          2442 2443 2358 2357 
          2443 2444 2359 2358 
          2444 2445 2360 2359 
          2445 2446 2361 2360 
          2446 2447 2362 2361 
          2447 2448 2363 2362 
          2448 2449 2364 2363 
          2449 2450 2365 2364 
          2450 2451 2366 2365 
          2451 2452 2367 2366 
          2452 2453 2368 2367 
          2453 2454 2369 2368 
          2454 2455 2370 2369 
          2455 2456 2371 2370 
          2456 2457 2372 2371 
          2457 2458 2373 2372 
          2458 2459 2374 2373 
          2459 2460 2375 2374 
          2460 2461 2376 2375 
          2461 2462 2377 2376 
          2462 2463 2378 2377 
          2463 2464 2379 2378 
          2465 2466 2381 2380 
          2466 2467 2382 2381 
          2467 2468 2383 2382 
          2468 2469 2384 2383 
          2469 2470 2385 2384 
          2470 2471 2386 2385 
          2471 2472 2387 2386 
          2472 2473 2388 2387 
          2473 2474 2389 2388 
          2474 2475 2390 2389 
          2475 2476 2391 2390 
          2476 2477 2392 2391 
          2477 2478 2393 2392 
          2478 2479 2394 2393 
          2479 2480 2395 2394 
          2480 2481 2396 2395 
          2481 2482 2397 2396 
          2482 2483 2398 2397 
          2483 2484 2399 2398 
          2484 2485 2400 2399 
          2485 2486 2401 2400 
          2486 2487 2402 2401 
          2487 2488 2403 2402 
          2488 2489 2404 2403 
          2489 2490 2405 2404 
          2490 2491 2406 2405 
          2491 2492 2407 2406 
          2492 2493 2408 2407 
          2493 2494 2409 2408 
          2494 2495 2410 2409 
          2495 2496 2411 2410 
          2496 2497 2412 2411 
          2497 2498 2413 2412 
          2498 2499 2414 2413 
          2499 2500 2415 2414 
          2500 2501 2416 2415 
          2501 2502 2417 2416 
          2502 2503 2418 2417 
          2503 2504 2419 2418 
          2504 2505 2420 2419 
          2505 2506 2421 2420 
          2506 2507 2422 2421 
          2507 2508 2423 2422 
          2508 2509 2424 2423 
          2509 2510 2425 2424 
          2510 2511 2426 2425 
          2511 2512 2427 2426 
          2512 2513 2428 2427 
          2513 2514 2429 2428 
          2514 2515 2430 2429 
          2515 2516 2431 2430 
          2516 2517 2432 2431 
          2517 2518 2433 2432 
          2518 2519 2434 2433 
          2519 2520 2435 2434 
          2520 2521 2436 2435 
          2521 2522 2437 2436 
          2522 2523 2438 2437 
          2523 2524 2439 2438 
          2524 2525 2440 2439 
          2525 2526 2441 2440 
          2526 2527 2442 2441 
          2527 2528 2443 2442 
          2528 2529 2444 2443 
          2529 2530 2445 2444 
          2530 2531 2446 2445 
          2531 2532 2447 2446 
          2532 2533 2448 2447 
          2533 2534 2449 2448 
          2534 2535 2450 2449 
          2535 2536 2451 2450 
          2536 2537 2452 2451 
          2537 2538 2453 2452 
          2538 2539 2454 2453 
          2539 2540 2455 2454 
          2540 2541 2456 2455 
          2541 2542 2457 2456 
          2542 2543 2458 2457 
          2543 2544 2459 2458 
          2544 2545 2460 2459 
          2545 2546 2461 2460 
          2546 2547 2462 2461 
          2547 2548 2463 2462 
          2548 2549 2464 2463 
          2550 2551 2466 2465 
          2551 2552 2467 2466 
          2552 2553 2468 2467 
          2553 2554 2469 2468 
          2554 2555 2470 2469 
          2555 2556 2471 2470 
          2556 2557 2472 2471 
          2557 2558 2473 2472 
          2558 2559 2474 2473 
          2559 2560 2475 2474 
          2560 2561 2476 2475 
          2561 2562 2477 2476 
          2562 2563 2478 2477 
          2563 2564 2479 2478 
          2564 2565 2480 2479 
          2565 2566 2481 2480 
          2566 2567 2482 2481 
          2567 2568 2483 2482 
          2568 2569 2484 2483 
          2569 2570 2485 2484 
          2570 2571 2486 2485 
          2571 2572 2487 2486 
          2572 2573 2488 2487 
          2573 2574 2489 2488 
          2574 2575 2490 2489 
          2575 2576 2491 2490 
          2576 2577 2492 2491 
          2577 2578 2493 2492 
          2578 2579 2494 2493 
          2579 2580 2495 2494 
          2580 2581 2496 2495 
          2581 2582 2497 2496 
          2582 2583 2498 2497 
          2583 2584 2499 2498 
          2584 2585 2500 2499 
          2585 2586 2501 2500 
          2586 2587 2502 2501 
          2587 2588 2503 2502 
          2588 2589 2504 2503 
          2589 2590 2505 2504 
          2590 2591 2506 2505 
          2591 2592 2507 2506 
          2592 2593 2508 2507 
          2593 2594 2509 2508 
          2594 2595 2510 2509 
          2595 2596 2511 2510 
          2596 2597 2512 2511 
          2597 2598 2513 2512 
          2598 2599 2514 2513 
          2599 2600 2515 2514 
          2600 2601 2516 2515 
          2601 2602 2517 2516 
          2602 2603 2518 2517 
          2603 2604 2519 2518 
          2604 2605 2520 2519 
          2605 2606 2521 2520 
          2606 2607 2522 2521 
          2607 2608 2523 2522 
          2608 2609 2524 2523 
          2609 2610 2525 2524 
          2610 2611 2526 2525 
          2611 2612 2527 2526 
          2612 2613 2528 2527 
          2613 2614 2529 2528 
          2614 2615 2530 2529 
          2615 2616 2531 2530 
          2616 2617 2532 2531 
          2617 2618 2533 2532 
          2618 2619 2534 2533 
          2619 2620 2535 2534 
          2620 2621 2536 2535 
          2621 2622 2537 2536 
          2622 2623 2538 2537 
          2623 2624 2539 2538 
          2624 2625 2540 2539 
          2625 2626 2541 2540 
          2626 2627 2542 2541 
          2627 2628 2543 2542 
          2628 2629 2544 2543 
          2629 2630 2545 2544 
          2630 2631 2546 2545 
          2631 2632 2547 2546 
          2632 2633 2548 2547 
          2633 2634 2549 2548 
          2635 2636 2551 2550 
          2636 2637 2552 2551 
          2637 2638 2553 2552 
          2638 2639 2554 2553 
          2639 2640 2555 2554 
          2640 2641 2556 2555 
          2641 2642 2557 2556 
          2642 2643 2558 2557 
          2643 2644 2559 2558 
          2644 2645 2560 2559 
          2645 2646 2561 2560 
          2646 2647 2562 2561 
          2647 2648 2563 2562 
          2648 2649 2564 2563 
          2649 2650 2565 2564 
          2650 2651 2566 2565 
          2651 2652 2567 2566 
          2652 2653 2568 2567 
          2653 2654 2569 2568 
          2654 2655 2570 2569 
          2655 2656 2571 2570 
          2656 2657 2572 2571 
          2657 2658 2573 2572 
          2658 2659 2574 2573 
          2659 2660 2575 2574 
          2660 2661 2576 2575 
          2661 2662 2577 2576 
          2662 2663 2578 2577 
          2663 2664 2579 2578 
          2664 2665 2580 2579 
          2665 2666 2581 2580 
          2666 2667 2582 2581 
          2667 2668 2583 2582 
          2668 2669 2584 2583 
          2669 2670 2585 2584 
          2670 2671 2586 2585 
          2671 2672 2587 2586 
          2672 2673 2588 2587 
          2673 2674 2589 2588 
          2674 2675 2590 2589 
          2675 2676 2591 2590 
          2676 2677 2592 2591 
          2677 2678 2593 2592 
          2678 2679 2594 2593 
          2679 2680 2595 2594 
          2680 2681 2596 2595 
          2681 2682 2597 2596 
          2682 2683 2598 2597 
          2683 2684 2599 2598 
          2684 2685 2600 2599 
          2685 2686 2601 2600 
          2686 2687 2602 2601 
          2687 2688 2603 2602 
          2688 2689 2604 2603 
          2689 2690 2605 2604 
          2690 2691 2606 2605 
          2691 2692 2607 2606 
          2692 2693 2608 2607 
          2693 2694 2609 2608 
          2694 2695 2610 2609 
          2695 2696 2611 2610 
          2696 2697 2612 2611 
          2697 2698 2613 2612 
          2698 2699 2614 2613 
          2699 2700 2615 2614 
          2700 2701 2616 2615 
          2701 2702 2617 2616 
          2702 2703 2618 2617 
          2703 2704 2619 2618 
          2704 2705 2620 2619 
          2705 2706 2621 2620 
          2706 2707 2622 2621 
          2707 2708 2623 2622 
          2708 2709 2624 2623 
          2709 2710 2625 2624 
          2710 2711 2626 2625 
          2711 2712 2627 2626 
          2712 2713 2628 2627 
          2713 2714 2629 2628 
          2714 2715 2630 2629 
          2715 2716 2631 2630 
          2716 2717 2632 2631 
          2717 2718 2633 2632 
          2718 2719 2634 2633 
          2720 2721 2636 2635 
          2721 2722 2637 2636 
          2722 2723 2638 2637 
          2723 2724 2639 2638 
          2724 2725 2640 2639 
          2725 2726 2641 2640 
          2726 2727 2642 2641 
          2727 2728 2643 2642 
          2728 2729 2644 2643 
          2729 2730 2645 2644 
          2730 2731 2646 2645 
          2731 2732 2647 2646 
          2732 2733 2648 2647 
          2733 2734 2649 2648 
          2734 2735 2650 2649 
          2735 2736 2651 2650 
          2736 2737 2652 2651 
          2737 2738 2653 2652 
          2738 2739 2654 2653 
          2739 2740 2655 2654 
          2740 2741 2656 2655 
          2741 2742 2657 2656 
          2742 2743 2658 2657 
          2743 2744 2659 2658 
          2744 2745 2660 2659 
          2745 2746 2661 2660 
          2746 2747 2662 2661 
          2747 2748 2663 2662 
          2748 2749 2664 2663 
          2749 2750 2665 2664 
          2750 2751 2666 2665 
          2751 2752 2667 2666 
          2752 2753 2668 2667 
          2753 2754 2669 2668 
          2754 2755 2670 2669 
          2755 2756 2671 2670 
          2756 2757 2672 2671 
          2757 2758 2673 2672 
          2758 2759 2674 2673 
          2759 2760 2675 2674 
          2760 2761 2676 2675 
          2761 2762 2677 2676 
          2762 2763 2678 2677 
          2763 2764 2679 2678 
          2764 2765 2680 2679 
          2765 2766 2681 2680 
          2766 2767 2682 2681 
          2767 2768 2683 2682 
          2768 2769 2684 2683 
          2769 2770 2685 2684 
          2770 2771 2686 2685 
          2771 2772 2687 2686 
          2772 2773 2688 2687 
          2773 2774 2689 2688 
          2774 2775 2690 2689 
          2775 2776 2691 2690 
          2776 2777 2692 2691 
          2777 2778 2693 2692 
          2778 2779 2694 2693 
          2779 2780 2695 2694 
          2780 2781 2696 2695 
          2781 2782 2697 2696 
          2782 2783 2698 2697 
          2783 2784 2699 2698 
          2784 2785 2700 2699 
          2785 2786 2701 2700 
          2786 2787 2702 2701 
          2787 2788 2703 2702 
          2788 2789 2704 2703 
          2789 2790 2705 2704 
          2790 2791 2706 2705 
          2791 2792 2707 2706 
          2792 2793 2708 2707 
          2793 2794 2709 2708 
          2794 2795 2710 2709 
          2795 2796 2711 2710 
          2796 2797 2712 2711 
          2797 2798 2713 2712 
          2798 2799 2714 2713 
          2799 2800 2715 2714 
          2800 2801 2716 2715 
          2801 2802 2717 2716 
          2802 2803 2718 2717 
          2803 2804 2719 2718 
          2805 2806 2721 2720 
          2806 2807 2722 2721 
          2807 2808 2723 2722 
          2808 2809 2724 2723 
          2809 2810 2725 2724 
          2810 2811 2726 2725 
          2811 2812 2727 2726 
          2812 2813 2728 2727 
          2813 2814 2729 2728 
          2814 2815 2730 2729 
          2815 2816 2731 2730 
          2816 2817 2732 2731 
          2817 2818 2733 2732 
          2818 2819 2734 2733 
          2819 2820 2735 2734 
          2820 2821 2736 2735 
          2821 2822 2737 2736 
          2822 2823 2738 2737 
          2823 2824 2739 2738 
          2824 2825 2740 2739 
          2825 2826 2741 2740 
          2826 2827 2742 2741 
          2827 2828 2743 2742 
          2828 2829 2744 2743 
          2829 2830 2745 2744 
          2830 2831 2746 2745 
          2831 2832 2747 2746 
          2832 2833 2748 2747 
          2833 2834 2749 2748 
          2834 2835 2750 2749 
          2835 2836 2751 2750 
          2836 2837 2752 2751 
          2837 2838 2753 2752 
          2838 2839 2754 2753 
          2839 2840 2755 2754 
          2840 2841 2756 2755 
          2841 2842 2757 2756 
          2842 2843 2758 2757 
          2843 2844 2759 2758 
          2844 2845 2760 2759 
          2845 2846 2761 2760 
          2846 2847 2762 2761 
          2847 2848 2763 2762 
          2848 2849 2764 2763 
          2849 2850 2765 2764 
          2850 2851 2766 2765 
          2851 2852 2767 2766 
          2852 2853 2768 2767 
          2853 2854 2769 2768 
          2854 2855 2770 2769 
          2855 2856 2771 2770 
          2856 2857 2772 2771 
          2857 2858 2773 2772 
          2858 2859 2774 2773 
          2859 2860 2775 2774 
          2860 2861 2776 2775 
          2861 2862 2777 2776 
          2862 2863 2778 2777 
          2863 2864 2779 2778 
          2864 2865 2780 2779 
          2865 2866 2781 2780 
          2866 2867 2782 2781 
          2867 2868 2783 2782 
          2868 2869 2784 2783 
          2869 2870 2785 2784 
          2870 2871 2786 2785 
          2871 2872 2787 2786 
          2872 2873 2788 2787 
          2873 2874 2789 2788 
          2874 2875 2790 2789 
          2875 2876 2791 2790 
          2876 2877 2792 2791 
          2877 2878 2793 2792 
          2878 2879 2794 2793 
          2879 2880 2795 2794 
          2880 2881 2796 2795 
          2881 2882 2797 2796 
          2882 2883 2798 2797 
          2883 2884 2799 2798 
          2884 2885 2800 2799 
          2885 2886 2801 2800 
          2886 2887 2802 2801 
          2887 2888 2803 2802 
          2888 2889 2804 2803 
          2890 2891 2806 2805 
          2891 2892 2807 2806 
          2892 2893 2808 2807 
          2893 2894 2809 2808 
          2894 2895 2810 2809 
          2895 2896 2811 2810 
          2896 2897 2812 2811 
          2897 2898 2813 2812 
          2898 2899 2814 2813 
          2899 2900 2815 2814 
          2900 2901 2816 2815 
          2901 2902 2817 2816 
          2902 2903 2818 2817 
          2903 2904 2819 2818 
          2904 2905 2820 2819 
          2905 2906 2821 2820 
          2906 2907 2822 2821 
          2907 2908 2823 2822 
          2908 2909 2824 2823 
          2909 2910 2825 2824 
          2910 2911 2826 2825 
          2911 2912 2827 2826 
          2912 2913 2828 2827 
          2913 2914 2829 2828 
          2914 2915 2830 2829 
          2915 2916 2831 2830 
          2916 2917 2832 2831 
          2917 2918 2833 2832 
          2918 2919 2834 2833 
          2919 2920 2835 2834 
          2920 2921 2836 2835 
          2921 2922 2837 2836 
          2922 2923 2838 2837 
          2923 2924 2839 2838 
          2924 2925 2840 2839 
          2925 2926 2841 2840 
          2926 2927 2842 2841 
          2927 2928 2843 2842 
          2928 2929 2844 2843 
          2929 2930 2845 2844 
          2930 2931 2846 2845 
          2931 2932 2847 2846 
          2932 2933 2848 2847 
          2933 2934 2849 2848 
          2934 2935 2850 2849 
          2935 2936 2851 2850 
          2936 2937 2852 2851 
          2937 2938 2853 2852 
          2938 2939 2854 2853 
          2939 2940 2855 2854 
          2940 2941 2856 2855 
          2941 2942 2857 2856 
          2942 2943 2858 2857 
          2943 2944 2859 2858 
          2944 2945 2860 2859 
          2945 2946 2861 2860 
          2946 2947 2862 2861 
          2947 2948 2863 2862 
          2948 2949 2864 2863 
          2949 2950 2865 2864 
          2950 2951 2866 2865 
          2951 2952 2867 2866 
          2952 2953 2868 2867 
          2953 2954 2869 2868 
          2954 2955 2870 2869 
          2955 2956 2871 2870 
          2956 2957 2872 2871 
          2957 2958 2873 2872 
          2958 2959 2874 2873 
          2959 2960 2875 2874 
          2960 2961 2876 2875 
          2961 2962 2877 2876 
          2962 2963 2878 2877 
          2963 2964 2879 2878 
          2964 2965 2880 2879 
          2965 2966 2881 2880 
          2966 2967 2882 2881 
          2967 2968 2883 2882 
          2968 2969 2884 2883 
          2969 2970 2885 2884 
          2970 2971 2886 2885 
          2971 2972 2887 2886 
          2972 2973 2888 2887 
          2973 2974 2889 2888 
          2975 2976 2891 2890 
          2976 2977 2892 2891 
          2977 2978 2893 2892 
          2978 2979 2894 2893 
          2979 2980 2895 2894 
          2980 2981 2896 2895 
          2981 2982 2897 2896 
          2982 2983 2898 2897 
          2983 2984 2899 2898 
          2984 2985 2900 2899 
          2985 2986 2901 2900 
          2986 2987 2902 2901 
          2987 2988 2903 2902 
          2988 2989 2904 2903 
          2989 2990 2905 2904 
          2990 2991 2906 2905 
          2991 2992 2907 2906 
          2992 2993 2908 2907 
          2993 2994 2909 2908 
          2994 2995 2910 2909 
          2995 2996 2911 2910 
          2996 2997 2912 2911 
          2997 2998 2913 2912 
          2998 2999 2914 2913 
          2999 3000 2915 2914 
          3000 3001 2916 2915 
          3001 3002 2917 2916 
          3002 3003 2918 2917 
          3003 3004 2919 2918 
          3004 3005 2920 2919 
          3005 3006 2921 2920 
          3006 3007 2922 2921 
          3007 3008 2923 2922 
          3008 3009 2924 2923 
          3009 3010 2925 2924 
          3010 3011 2926 2925 
          3011 3012 2927 2926 
          3012 3013 2928 2927 
          3013 3014 2929 2928 
          3014 3015 2930 2929 
          3015 3016 2931 2930 
          3016 3017 2932 2931 
          3017 3018 2933 2932 
          3018 3019 2934 2933 
          3019 3020 2935 2934 
          3020 3021 2936 2935 
          3021 3022 2937 2936 
          3022 3023 2938 2937 
          3023 3024 2939 2938 
          3024 3025 2940 2939 
          3025 3026 2941 2940 
          3026 3027 2942 2941 
          3027 3028 2943 2942 
          3028 3029 2944 2943 
          3029 3030 2945 2944 
          3030 3031 2946 2945 
          3031 3032 2947 2946 
          3032 3033 2948 2947 
          3033 3034 2949 2948 
          3034 3035 2950 2949 
          3035 3036 2951 2950 
          3036 3037 2952 2951 
          3037 3038 2953 2952 
          3038 3039 2954 2953 
          3039 3040 2955 2954 
          3040 3041 2956 2955 
          3041 3042 2957 2956 
          3042 3043 2958 2957 
          3043 3044 2959 2958 
          3044 3045 2960 2959 
          3045 3046 2961 2960 
          3046 3047 2962 2961 
          3047 3048 2963 2962 
          3048 3049 2964 2963 
          3049 3050 2965 2964 
          3050 3051 2966 2965 
          3051 3052 2967 2966 
          3052 3053 2968 2967 
          3053 3054 2969 2968 
          3054 3055 2970 2969 
          3055 3056 2971 2970 
          3056 3057 2972 2971 
          3057 3058 2973 2972 
          3058 3059 2974 2973 
          3060 3061 2976 2975 
          3061 3062 2977 2976 
          3062 3063 2978 2977 
          3063 3064 2979 2978 
          3064 3065 2980 2979 
          3065 3066 2981 2980 
          3066 3067 2982 2981 
          3067 3068 2983 2982 
          3068 3069 2984 2983 
          3069 3070 2985 2984 
          3070 3071 2986 2985 
          3071 3072 2987 2986 
          3072 3073 2988 2987 
          3073 3074 2989 2988 
          3074 3075 2990 2989 
          3075 3076 2991 2990 
          3076 3077 2992 2991 
          3077 3078 2993 2992 
          3078 3079 2994 2993 
          3079 3080 2995 2994 
          3080 3081 2996 2995 
          3081 3082 2997 2996 
          3082 3083 2998 2997 
          3083 3084 2999 2998 
          3084 3085 3000 2999 
          3085 3086 3001 3000 
          3086 3087 3002 3001 
          3087 3088 3003 3002 
          3088 3089 3004 3003 
          3089 3090 3005 3004 
          3090 3091 3006 3005 
          3091 3092 3007 3006 
          3092 3093 3008 3007 
          3093 3094 3009 3008 
          3094 3095 3010 3009 
          3095 3096 3011 3010 
          3096 3097 3012 3011 
          3097 3098 3013 3012 
          3098 3099 3014 3013 
          3099 3100 3015 3014 
          3100 3101 3016 3015 
          3101 3102 3017 3016 
          3102 3103 3018 3017 
          3103 3104 3019 3018 
          3104 3105 3020 3019 
          3105 3106 3021 3020 
          3106 3107 3022 3021 
          3107 3108 3023 3022 
          3108 3109 3024 3023 
          3109 3110 3025 3024 
          3110 3111 3026 3025 
          3111 3112 3027 3026 
          3112 3113 3028 3027 
          3113 3114 3029 3028 
          3114 3115 3030 3029 
          3115 3116 3031 3030 
          3116 3117 3032 3031 
          3117 3118 3033 3032 
          3118 3119 3034 3033 
          3119 3120 3035 3034 
          3120 3121 3036 3035 
          3121 3122 3037 3036 
          3122 3123 3038 3037 
          3123 3124 3039 3038 
          3124 3125 3040 3039 
          3125 3126 3041 3040 
          3126 3127 3042 3041 
          3127 3128 3043 3042 
          3128 3129 3044 3043 
          3129 3130 3045 3044 
          3130 3131 3046 3045 
          3131 3132 3047 3046 
          3132 3133 3048 3047 
          3133 3134 3049 3048 
          3134 3135 3050 3049 
          3135 3136 3051 3050 
          3136 3137 3052 3051 
          3137 3138 3053 3052 
          3138 3139 3054 3053 
          3139 3140 3055 3054 
          3140 3141 3056 3055 
          3141 3142 3057 3056 
          3142 3143 3058 3057 
          3143 3144 3059 3058 
          3145 3146 3061 3060 
          3146 3147 3062 3061 
          3147 3148 3063 3062 
          3148 3149 3064 3063 
          3149 3150 3065 3064 
          3150 3151 3066 3065 
          3151 3152 3067 3066 
          3152 3153 3068 3067 
          3153 3154 3069 3068 
          3154 3155 3070 3069 
          3155 3156 3071 3070 
          3156 3157 3072 3071 
          3157 3158 3073 3072 
          3158 3159 3074 3073 
          3159 3160 3075 3074 
          3160 3161 3076 3075 
          3161 3162 3077 3076 
          3162 3163 3078 3077 
          3163 3164 3079 3078 
          3164 3165 3080 3079 
          3165 3166 3081 3080 
          3166 3167 3082 3081 
          3167 3168 3083 3082 
          3168 3169 3084 3083 
          3169 3170 3085 3084 
          3170 3171 3086 3085 
          3171 3172 3087 3086 
          3172 3173 3088 3087 
          3173 3174 3089 3088 
          3174 3175 3090 3089 
          3175 3176 3091 3090 
          3176 3177 3092 3091 
          3177 3178 3093 3092 
          3178 3179 3094 3093 
          3179 3180 3095 3094 
          3180 3181 3096 3095 
          3181 3182 3097 3096 
          3182 3183 3098 3097 
          3183 3184 3099 3098 
          3184 3185 3100 3099 
          3185 3186 3101 3100 
          3186 3187 3102 3101 
          3187 3188 3103 3102 
          3188 3189 3104 3103 
          3189 3190 3105 3104 
          3190 3191 3106 3105 
          3191 3192 3107 3106 
          3192 3193 3108 3107 
          3193 3194 3109 3108 
          3194 3195 3110 3109 
          3195 3196 3111 3110 
          3196 3197 3112 3111 
          3197 3198 3113 3112 
          3198 3199 3114 3113 
          3199 3200 3115 3114 
          3200 3201 3116 3115 
          3201 3202 3117 3116 
          3202 3203 3118 3117 
          3203 3204 3119 3118 
          3204 3205 3120 3119 
          3205 3206 3121 3120 
          3206 3207 3122 3121 
          3207 3208 3123 3122 
          3208 3209 3124 3123 
          3209 3210 3125 3124 
          3210 3211 3126 3125 
          3211 3212 3127 3126 
          3212 3213 3128 3127 
          3213 3214 3129 3128 
          3214 3215 3130 3129 
          3215 3216 3131 3130 
          3216 3217 3132 3131 
          3217 3218 3133 3132 
          3218 3219 3134 3133 
          3219 3220 3135 3134 
          3220 3221 3136 3135 
          3221 3222 3137 3136 
          3222 3223 3138 3137 
          3223 3224 3139 3138 
          3224 3225 3140 3139 
          3225 3226 3141 3140 
          3226 3227 3142 3141 
          3227 3228 3143 3142 
          3228 3229 3144 3143 
          3230 3231 3146 3145 
          3231 3232 3147 3146 
          3232 3233 3148 3147 
          3233 3234 3149 3148 
          3234 3235 3150 3149 
          3235 3236 3151 3150 
          3236 3237 3152 3151 
          3237 3238 3153 3152 
          3238 3239 3154 3153 
          3239 3240 3155 3154 
          3240 3241 3156 3155 
          3241 3242 3157 3156 
          3242 3243 3158 3157 
          3243 3244 3159 3158 
          3244 3245 3160 3159 
          3245 3246 3161 3160 
          3246 3247 3162 3161 
          3247 3248 3163 3162 
          3248 3249 3164 3163 
          3249 3250 3165 3164 
          3250 3251 3166 3165 
          3251 3252 3167 3166 
          3252 3253 3168 3167 
          3253 3254 3169 3168 
          3254 3255 3170 3169 
          3255 3256 3171 3170 
          3256 3257 3172 3171 
          3257 3258 3173 3172 
          3258 3259 3174 3173 
          3259 3260 3175 3174 
          3260 3261 3176 3175 
          3261 3262 3177 3176 
          3262 3263 3178 3177 
          3263 3264 3179 3178 
          3264 3265 3180 3179 
          3265 3266 3181 3180 
          3266 3267 3182 3181 
          3267 3268 3183 3182 
          3268 3269 3184 3183 
          3269 3270 3185 3184 
          3270 3271 3186 3185 
          3271 3272 3187 3186 
          3272 3273 3188 3187 
          3273 3274 3189 3188 
          3274 3275 3190 3189 
          3275 3276 3191 3190 
          3276 3277 3192 3191 
          3277 3278 3193 3192 
          3278 3279 3194 3193 
          3279 3280 3195 3194 
          3280 3281 3196 3195 
          3281 3282 3197 3196 
          3282 3283 3198 3197 
          3283 3284 3199 3198 
          3284 3285 3200 3199 
          3285 3286 3201 3200 
          3286 3287 3202 3201 
          3287 3288 3203 3202 
          3288 3289 3204 3203 
          3289 3290 3205 3204 
          3290 3291 3206 3205 
          3291 3292 3207 3206 
          3292 3293 3208 3207 
          3293 3294 3209 3208 
          3294 3295 3210 3209 
          3295 3296 3211 3210 
          3296 3297 3212 3211 
          3297 3298 3213 3212 
          3298 3299 3214 3213 
          3299 3300 3215 3214 
          3300 3301 3216 3215 
          3301 3302 3217 3216 
          3302 3303 3218 3217 
          3303 3304 3219 3218 
          3304 3305 3220 3219 
          3305 3306 3221 3220 
          3306 3307 3222 3221 
          3307 3308 3223 3222 
          3308 3309 3224 3223 
          3309 3310 3225 3224 
          3310 3311 3226 3225 
          3311 3312 3227 3226 
          3312 3313 3228 3227 
          3313 3314 3229 3228 
          3315 3316 3231 3230 
          3316 3317 3232 3231 
          3317 3318 3233 3232 
          3318 3319 3234 3233 
          3319 3320 3235 3234 
          3320 3321 3236 3235 
          3321 3322 3237 3236 
          3322 3323 3238 3237 
          3323 3324 3239 3238 
          3324 3325 3240 3239 
          3325 3326 3241 3240 
          3326 3327 3242 3241 
          3327 3328 3243 3242 
          3328 3329 3244 3243 
          3329 3330 3245 3244 
          3330 3331 3246 3245 
          3331 3332 3247 3246 
          3332 3333 3248 3247 
          3333 3334 3249 3248 
          3334 3335 3250 3249 
          3335 3336 3251 3250 
          3336 3337 3252 3251 
          3337 3338 3253 3252 
          3338 3339 3254 3253 
          3339 3340 3255 3254 
          3340 3341 3256 3255 
          3341 3342 3257 3256 
          3342 3343 3258 3257 
          3343 3344 3259 3258 
          3344 3345 3260 3259 
          3345 3346 3261 3260 
          3346 3347 3262 3261 
          3347 3348 3263 3262 
          3348 3349 3264 3263 
          3349 3350 3265 3264 
          3350 3351 3266 3265 
          3351 3352 3267 3266 
          3352 3353 3268 3267 
          3353 3354 3269 3268 
          3354 3355 3270 3269 
          3355 3356 3271 3270 
          3356 3357 3272 3271 
          3357 3358 3273 3272 
          3358 3359 3274 3273 
          3359 3360 3275 3274 
          3360 3361 3276 3275 
          3361 3362 3277 3276 
          3362 3363 3278 3277 
          3363 3364 3279 3278 
          3364 3365 3280 3279 
          3365 3366 3281 3280 
          3366 3367 3282 3281 
          3367 3368 3283 3282 
          3368 3369 3284 3283 
          3369 3370 3285 3284 
          3370 3371 3286 3285 
          3371 3372 3287 3286 
          3372 3373 3288 3287 
          3373 3374 3289 3288 
          3374 3375 3290 3289 
          3375 3376 3291 3290 
          3376 3377 3292 3291 
          3377 3378 3293 3292 
          3378 3379 3294 3293 
          3379 3380 3295 3294 
          3380 3381 3296 3295 
          3381 3382 3297 3296 
          3382 3383 3298 3297 
          3383 3384 3299 3298 
          3384 3385 3300 3299 
          3385 3386 3301 3300 
          3386 3387 3302 3301 
          3387 3388 3303 3302 
          3388 3389 3304 3303 
          3389 3390 3305 3304 
          3390 3391 3306 3305 
          3391 3392 3307 3306 
          3392 3393 3308 3307 
          3393 3394 3309 3308 
          3394 3395 3310 3309 
          3395 3396 3311 3310 
          3396 3397 3312 3311 
          3397 3398 3313 3312 
          3398 3399 3314 3313 
          3400 3401 3316 3315 
          3401 3402 3317 3316 
          3402 3403 3318 3317 
          3403 3404 3319 3318 
          3404 3405 3320 3319 
          3405 3406 3321 3320 
          3406 3407 3322 3321 
          3407 3408 3323 3322 
          3408 3409 3324 3323 
          3409 3410 3325 3324 
          3410 3411 3326 3325 
          3411 3412 3327 3326 
          3412 3413 3328 3327 
          3413 3414 3329 3328 
          3414 3415 3330 3329 
          3415 3416 3331 3330 
          3416 3417 3332 3331 
          3417 3418 3333 3332 
          3418 3419 3334 3333 
          3419 3420 3335 3334 
          3420 3421 3336 3335 
          3421 3422 3337 3336 
          3422 3423 3338 3337 
          3423 3424 3339 3338 
          3424 3425 3340 3339 
          3425 3426 3341 3340 
          3426 3427 3342 3341 
          3427 3428 3343 3342 
          3428 3429 3344 3343 
          3429 3430 3345 3344 
          3430 3431 3346 3345 
          3431 3432 3347 3346 
          3432 3433 3348 3347 
          3433 3434 3349 3348 
          3434 3435 3350 3349 
          3435 3436 3351 3350 
          3436 3437 3352 3351 
          3437 3438 3353 3352 
          3438 3439 3354 3353 
          3439 3440 3355 3354 
          3440 3441 3356 3355 
          3441 3442 3357 3356 
          3442 3443 3358 3357 
          3443 3444 3359 3358 
          3444 3445 3360 3359 
          3445 3446 3361 3360 
          3446 3447 3362 3361 
          3447 3448 3363 3362 
          3448 3449 3364 3363 
          3449 3450 3365 3364 
          3450 3451 3366 3365 
          3451 3452 3367 3366 
          3452 3453 3368 3367 
          3453 3454 3369 3368 
          3454 3455 3370 3369 
          3455 3456 3371 3370 
          3456 3457 3372 3371 
          3457 3458 3373 3372 
          3458 3459 3374 3373 
          3459 3460 3375 3374 
          3460 3461 3376 3375 
          3461 3462 3377 3376 
          3462 3463 3378 3377 
          3463 3464 3379 3378 
          3464 3465 3380 3379 
          3465 3466 3381 3380 
          3466 3467 3382 3381 
          3467 3468 3383 3382 
          3468 3469 3384 3383 
          3469 3470 3385 3384 
          3470 3471 3386 3385 
          3471 3472 3387 3386 
          3472 3473 3388 3387 
          3473 3474 3389 3388 
          3474 3475 3390 3389 
          3475 3476 3391 3390 
          3476 3477 3392 3391 
          3477 3478 3393 3392 
          3478 3479 3394 3393 
          3479 3480 3395 3394 
          3480 3481 3396 3395 
          3481 3482 3397 3396 
          3482 3483 3398 3397 
          3483 3484 3399 3398 
          3485 3486 3401 3400 
          3486 3487 3402 3401 
          3487 3488 3403 3402 
          3488 3489 3404 3403 
          3489 3490 3405 3404 
          3490 3491 3406 3405 
          3491 3492 3407 3406 
          3492 3493 3408 3407 
          3493 3494 3409 3408 
          3494 3495 3410 3409 
          3495 3496 3411 3410 
          3496 3497 3412 3411 
          3497 3498 3413 3412 
          3498 3499 3414 3413 
          3499 3500 3415 3414 
          3500 3501 3416 3415 
          3501 3502 3417 3416 
          3502 3503 3418 3417 
          3503 3504 3419 3418 
          3504 3505 3420 3419 
          3505 3506 3421 3420 
          3506 3507 3422 3421 
          3507 3508 3423 3422 
          3508 3509 3424 3423 
          3509 3510 3425 3424 
          3510 3511 3426 3425 
          3511 3512 3427 3426 
          3512 3513 3428 3427 
          3513 3514 3429 3428 
          3514 3515 3430 3429 
          3515 3516 3431 3430 
          3516 3517 3432 3431 
          3517 3518 3433 3432 
          3518 3519 3434 3433 
          3519 3520 3435 3434 
          3520 3521 3436 3435 
          3521 3522 3437 3436 
          3522 3523 3438 3437 
          3523 3524 3439 3438 
          3524 3525 3440 3439 
          3525 3526 3441 3440 
          3526 3527 3442 3441 
          3527 3528 3443 3442 
          3528 3529 3444 3443 
          3529 3530 3445 3444 
          3530 3531 3446 3445 
          3531 3532 3447 3446 
          3532 3533 3448 3447 
          3533 3534 3449 3448 
          3534 3535 3450 3449 
          3535 3536 3451 3450 
          3536 3537 3452 3451 
          3537 3538 3453 3452 
          3538 3539 3454 3453 
          3539 3540 3455 3454 
          3540 3541 3456 3455 
          3541 3542 3457 3456 
          3542 3543 3458 3457 
          3543 3544 3459 3458 
          3544 3545 3460 3459 
          3545 3546 3461 3460 
          3546 3547 3462 3461 
          3547 3548 3463 3462 
          3548 3549 3464 3463 
          3549 3550 3465 3464 
          3550 3551 3466 3465 
          3551 3552 3467 3466 
          3552 3553 3468 3467 
          3553 3554 3469 3468 
          3554 3555 3470 3469 
          3555 3556 3471 3470 
          3556 3557 3472 3471 
          3557 3558 3473 3472 
          3558 3559 3474 3473 
          3559 3560 3475 3474 
          3560 3561 3476 3475 
          3561 3562 3477 3476 
          3562 3563 3478 3477 
          3563 3564 3479 3478 
          3564 3565 3480 3479 
          3565 3566 3481 3480 
          3566 3567 3482 3481 
          3567 3568 3483 3482 
          3568 3569 3484 3483 
          3570 3571 3486 3485 
          3571 3572 3487 3486 
          3572 3573 3488 3487 
          3573 3574 3489 3488 
          3574 3575 3490 3489 
          3575 3576 3491 3490 
          3576 3577 3492 3491 
          3577 3578 3493 3492 
          3578 3579 3494 3493 
          3579 3580 3495 3494 
          3580 3581 3496 3495 
          3581 3582 3497 3496 
          3582 3583 3498 3497 
          3583 3584 3499 3498 
          3584 3585 3500 3499 
          3585 3586 3501 3500 
          3586 3587 3502 3501 
          3587 3588 3503 3502 
          3588 3589 3504 3503 
          3589 3590 3505 3504 
          3590 3591 3506 3505 
          3591 3592 3507 3506 
          3592 3593 3508 3507 
          3593 3594 3509 3508 
          3594 3595 3510 3509 
          3595 3596 3511 3510 
          3596 3597 3512 3511 
          3597 3598 3513 3512 
          3598 3599 3514 3513 
          3599 3600 3515 3514 
          3600 3601 3516 3515 
          3601 3602 3517 3516 
          3602 3603 3518 3517 
          3603 3604 3519 3518 
          3604 3605 3520 3519 
          3605 3606 3521 3520 
          3606 3607 3522 3521 
          3607 3608 3523 3522 
          3608 3609 3524 3523 
          3609 3610 3525 3524 
          3610 3611 3526 3525 
          3611 3612 3527 3526 
          3612 3613 3528 3527 
          3613 3614 3529 3528 
          3614 3615 3530 3529 
          3615 3616 3531 3530 
          3616 3617 3532 3531 
          3617 3618 3533 3532 
          3618 3619 3534 3533 
          3619 3620 3535 3534 
          3620 3621 3536 3535 
          3621 3622 3537 3536 
          3622 3623 3538 3537 
          3623 3624 3539 3538 
          3624 3625 3540 3539 
          3625 3626 3541 3540 
          3626 3627 3542 3541 
          3627 3628 3543 3542 
          3628 3629 3544 3543 
          3629 3630 3545 3544 
          3630 3631 3546 3545 
          3631 3632 3547 3546 
          3632 3633 3548 3547 
          3633 3634 3549 3548 
          3634 3635 3550 3549 
          3635 3636 3551 3550 
          3636 3637 3552 3551 
          3637 3638 3553 3552 
          3638 3639 3554 3553 
          3639 3640 3555 3554 
          3640 3641 3556 3555 
          3641 3642 3557 3556 
          3642 3643 3558 3557 
          3643 3644 3559 3558 
          3644 3645 3560 3559 
          3645 3646 3561 3560 
          3646 3647 3562 3561 
          3647 3648 3563 3562 
          3648 3649 3564 3563 
          3649 3650 3565 3564 
          3650 3651 3566 3565 
          3651 3652 3567 3566 
          3652 3653 3568 3567 
          3653 3654 3569 3568 
          3655 3656 3571 3570 
          3656 3657 3572 3571 
          3657 3658 3573 3572 
          3658 3659 3574 3573 
          3659 3660 3575 3574 
          3660 3661 3576 3575 
          3661 3662 3577 3576 
          3662 3663 3578 3577 
          3663 3664 3579 3578 
          3664 3665 3580 3579 
          3665 3666 3581 3580 
          3666 3667 3582 3581 
          3667 3668 3583 3582 
          3668 3669 3584 3583 
          3669 3670 3585 3584 
          3670 3671 3586 3585 
          3671 3672 3587 3586 
          3672 3673 3588 3587 
          3673 3674 3589 3588 
          3674 3675 3590 3589 
          3675 3676 3591 3590 
          3676 3677 3592 3591 
          3677 3678 3593 3592 
          3678 3679 3594 3593 
          3679 3680 3595 3594 
          3680 3681 3596 3595 
          3681 3682 3597 3596 
          3682 3683 3598 3597 
          3683 3684 3599 3598 
          3684 3685 3600 3599 
          3685 3686 3601 3600 
          3686 3687 3602 3601 
          3687 3688 3603 3602 
          3688 3689 3604 3603 
          3689 3690 3605 3604 
          3690 3691 3606 3605 
          3691 3692 3607 3606 
          3692 3693 3608 3607 
          3693 3694 3609 3608 
          3694 3695 3610 3609 
          3695 3696 3611 3610 
          3696 3697 3612 3611 
          3697 3698 3613 3612 
          3698 3699 3614 3613 
          3699 3700 3615 3614 
          3700 3701 3616 3615 
          3701 3702 3617 3616 
          3702 3703 3618 3617 
          3703 3704 3619 3618 
          3704 3705 3620 3619 
          3705 3706 3621 3620 
          3706 3707 3622 3621 
          3707 3708 3623 3622 
          3708 3709 3624 3623 
          3709 3710 3625 3624 
          3710 3711 3626 3625 
          3711 3712 3627 3626 
          3712 3713 3628 3627 
          3713 3714 3629 3628 
          3714 3715 3630 3629 
          3715 3716 3631 3630 
          3716 3717 3632 3631 
          3717 3718 3633 3632 
          3718 3719 3634 3633 
          3719 3720 3635 3634 
          3720 3721 3636 3635 
          3721 3722 3637 3636 
          3722 3723 3638 3637 
          3723 3724 3639 3638 
          3724 3725 3640 3639 
          3725 3726 3641 3640 
          3726 3727 3642 3641 
          3727 3728 3643 3642 
          3728 3729 3644 3643 
          3729 3730 3645 3644 
          3730 3731 3646 3645 
          3731 3732 3647 3646 
          3732 3733 3648 3647 
          3733 3734 3649 3648 
          3734 3735 3650 3649 
          3735 3736 3651 3650 
          3736 3737 3652 3651 
          3737 3738 3653 3652 
          3738 3739 3654 3653 
          3740 3741 3656 3655 
          3741 3742 3657 3656 
          3742 3743 3658 3657 
          3743 3744 3659 3658 
          3744 3745 3660 3659 
          3745 3746 3661 3660 
          3746 3747 3662 3661 
          3747 3748 3663 3662 
          3748 3749 3664 3663 
          3749 3750 3665 3664 
          3750 3751 3666 3665 
          3751 3752 3667 3666 
          3752 3753 3668 3667 
          3753 3754 3669 3668 
          3754 3755 3670 3669 
          3755 3756 3671 3670 
          3756 3757 3672 3671 
          3757 3758 3673 3672 
          3758 3759 3674 3673 
          3759 3760 3675 3674 
          3760 3761 3676 3675 
          3761 3762 3677 3676 
          3762 3763 3678 3677 
          3763 3764 3679 3678 
          3764 3765 3680 3679 
          3765 3766 3681 3680 
          3766 3767 3682 3681 
          3767 3768 3683 3682 
          3768 3769 3684 3683 
          3769 3770 3685 3684 
          3770 3771 3686 3685 
          3771 3772 3687 3686 
          3772 3773 3688 3687 
          3773 3774 3689 3688 
          3774 3775 3690 3689 
          3775 3776 3691 3690 
          3776 3777 3692 3691 
          3777 3778 3693 3692 
          3778 3779 3694 3693 
          3779 3780 3695 3694 
          3780 3781 3696 3695 
          3781 3782 3697 3696 
          3782 3783 3698 3697 
          3783 3784 3699 3698 
          3784 3785 3700 3699 
          3785 3786 3701 3700 
          3786 3787 3702 3701 
          3787 3788 3703 3702 
          3788 3789 3704 3703 
          3789 3790 3705 3704 
          3790 3791 3706 3705 
          3791 3792 3707 3706 
          3792 3793 3708 3707 
          3793 3794 3709 3708 
          3794 3795 3710 3709 
          3795 3796 3711 3710 
          3796 3797 3712 3711 
          3797 3798 3713 3712 
          3798 3799 3714 3713 
          3799 3800 3715 3714 
          3800 3801 3716 3715 
          3801 3802 3717 3716 
          3802 3803 3718 3717 
          3803 3804 3719 3718 
          3804 3805 3720 3719 
          3805 3806 3721 3720 
          3806 3807 3722 3721 
          3807 3808 3723 3722 
          3808 3809 3724 3723 
          3809 3810 3725 3724 
          3810 3811 3726 3725 
          3811 3812 3727 3726 
          3812 3813 3728 3727 
          3813 3814 3729 3728 
          3814 3815 3730 3729 
          3815 3816 3731 3730 
          3816 3817 3732 3731 
          3817 3818 3733 3732 
          3818 3819 3734 3733 
          3819 3820 3735 3734 
          3820 3821 3736 3735 
          3821 3822 3737 3736 
          3822 3823 3738 3737 
          3823 3824 3739 3738 
          3825 3826 3741 3740 
          3826 3827 3742 3741 
          3827 3828 3743 3742 
          3828 3829 3744 3743 
          3829 3830 3745 3744 
          3830 3831 3746 3745 
          3831 3832 3747 3746 
          3832 3833 3748 3747 
          3833 3834 3749 3748 
          3834 3835 3750 3749 
          3835 3836 3751 3750 
          3836 3837 3752 3751 
          3837 3838 3753 3752 
          3838 3839 3754 3753 
          3839 3840 3755 3754 
          3840 3841 3756 3755 
          3841 3842 3757 3756 
          3842 3843 3758 3757 
          3843 3844 3759 3758 
          3844 3845 3760 3759 
          3845 3846 3761 3760 
          3846 3847 3762 3761 
          3847 3848 3763 3762 
          3848 3849 3764 3763 
          3849 3850 3765 3764 
          3850 3851 3766 3765 
          3851 3852 3767 3766 
          3852 3853 3768 3767 
          3853 3854 3769 3768 
          3854 3855 3770 3769 
          3855 3856 3771 3770 
          3856 3857 3772 3771 
          3857 3858 3773 3772 
          3858 3859 3774 3773 
          3859 3860 3775 3774 
          3860 3861 3776 3775 
          3861 3862 3777 3776 
          3862 3863 3778 3777 
          3863 3864 3779 3778 
          3864 3865 3780 3779 
          3865 3866 3781 3780 
          3866 3867 3782 3781 
          3867 3868 3783 3782 
          3868 3869 3784 3783 
          3869 3870 3785 3784 
          3870 3871 3786 3785 
          3871 3872 3787 3786 
          3872 3873 3788 3787 
          3873 3874 3789 3788 
          3874 3875 3790 3789 
          3875 3876 3791 3790 
          3876 3877 3792 3791 
          3877 3878 3793 3792 
          3878 3879 3794 3793 
          3879 3880 3795 3794 
          3880 3881 3796 3795 
          3881 3882 3797 3796 
          3882 3883 3798 3797 
          3883 3884 3799 3798 
          3884 3885 3800 3799 
          3885 3886 3801 3800 
          3886 3887 3802 3801 
          3887 3888 3803 3802 
          3888 3889 3804 3803 
          3889 3890 3805 3804 
          3890 3891 3806 3805 
          3891 3892 3807 3806 
          3892 3893 3808 3807 
          3893 3894 3809 3808 
          3894 3895 3810 3809 
          3895 3896 3811 3810 
          3896 3897 3812 3811 
          3897 3898 3813 3812 
          3898 3899 3814 3813 
          3899 3900 3815 3814 
          3900 3901 3816 3815 
          3901 3902 3817 3816 
          3902 3903 3818 3817 
          3903 3904 3819 3818 
          3904 3905 3820 3819 
          3905 3906 3821 3820 
          3906 3907 3822 3821 
          3907 3908 3823 3822 
          3908 3909 3824 3823 
          3910 3911 3826 3825 
          3911 3912 3827 3826 
          3912 3913 3828 3827 
          3913 3914 3829 3828 
          3914 3915 3830 3829 
          3915 3916 3831 3830 
          3916 3917 3832 3831 
          3917 3918 3833 3832 
          3918 3919 3834 3833 
          3919 3920 3835 3834 
          3920 3921 3836 3835 
          3921 3922 3837 3836 
          3922 3923 3838 3837 
          3923 3924 3839 3838 
          3924 3925 3840 3839 
          3925 3926 3841 3840 
          3926 3927 3842 3841 
          3927 3928 3843 3842 
          3928 3929 3844 3843 
          3929 3930 3845 3844 
          3930 3931 3846 3845 
          3931 3932 3847 3846 
          3932 3933 3848 3847 
          3933 3934 3849 3848 
          3934 3935 3850 3849 
          3935 3936 3851 3850 
          3936 3937 3852 3851 
          3937 3938 3853 3852 
          3938 3939 3854 3853 
          3939 3940 3855 3854 
          3940 3941 3856 3855 
          3941 3942 3857 3856 
          3942 3943 3858 3857 
          3943 3944 3859 3858 
          3944 3945 3860 3859 
          3945 3946 3861 3860 
          3946 3947 3862 3861 
          3947 3948 3863 3862 
          3948 3949 3864 3863 
          3949 3950 3865 3864 
          3950 3951 3866 3865 
          3951 3952 3867 3866 
          3952 3953 3868 3867 
          3953 3954 3869 3868 
          3954 3955 3870 3869 
          3955 3956 3871 3870 
          3956 3957 3872 3871 
          3957 3958 3873 3872 
          3958 3959 3874 3873 
          3959 3960 3875 3874 
          3960 3961 3876 3875 
          3961 3962 3877 3876 
          3962 3963 3878 3877 
          3963 3964 3879 3878 
          3964 3965 3880 3879 
          3965 3966 3881 3880 
          3966 3967 3882 3881 
          3967 3968 3883 3882 
          3968 3969 3884 3883 
          3969 3970 3885 3884 
          3970 3971 3886 3885 
          3971 3972 3887 3886 
          3972 3973 3888 3887 
          3973 3974 3889 3888 
          3974 3975 3890 3889 
          3975 3976 3891 3890 
          3976 3977 3892 3891 
          3977 3978 3893 3892 
          3978 3979 3894 3893 
          3979 3980 3895 3894 
          3980 3981 3896 3895 
          3981 3982 3897 3896 
          3982 3983 3898 3897 
          3983 3984 3899 3898 
          3984 3985 3900 3899 
          3985 3986 3901 3900 
          3986 3987 3902 3901 
          3987 3988 3903 3902 
          3988 3989 3904 3903 
          3989 3990 3905 3904 
          3990 3991 3906 3905 
          3991 3992 3907 3906 
          3992 3993 3908 3907 
          3993 3994 3909 3908 
          3995 3996 3911 3910 
          3996 3997 3912 3911 
          3997 3998 3913 3912 
          3998 3999 3914 3913 
          3999 4000 3915 3914 
          4000 4001 3916 3915 
          4001 4002 3917 3916 
          4002 4003 3918 3917 
          4003 4004 3919 3918 
          4004 4005 3920 3919 
          4005 4006 3921 3920 
          4006 4007 3922 3921 
          4007 4008 3923 3922 
          4008 4009 3924 3923 
          4009 4010 3925 3924 
          4010 4011 3926 3925 
          4011 4012 3927 3926 
          4012 4013 3928 3927 
          4013 4014 3929 3928 
          4014 4015 3930 3929 
          4015 4016 3931 3930 
          4016 4017 3932 3931 
          4017 4018 3933 3932 
          4018 4019 3934 3933 
          4019 4020 3935 3934 
          4020 4021 3936 3935 
          4021 4022 3937 3936 
          4022 4023 3938 3937 
          4023 4024 3939 3938 
          4024 4025 3940 3939 
          4025 4026 3941 3940 
          4026 4027 3942 3941 
          4027 4028 3943 3942 
          4028 4029 3944 3943 
          4029 4030 3945 3944 
          4030 4031 3946 3945 
          4031 4032 3947 3946 
          4032 4033 3948 3947 
          4033 4034 3949 3948 
          4034 4035 3950 3949 
          4035 4036 3951 3950 
          4036 4037 3952 3951 
          4037 4038 3953 3952 
          4038 4039 3954 3953 
          4039 4040 3955 3954 
          4040 4041 3956 3955 
          4041 4042 3957 3956 
          4042 4043 3958 3957 
          4043 4044 3959 3958 
          4044 4045 3960 3959 
          4045 4046 3961 3960 
          4046 4047 3962 3961 
          4047 4048 3963 3962 
          4048 4049 3964 3963 
          4049 4050 3965 3964 
          4050 4051 3966 3965 
          4051 4052 3967 3966 
          4052 4053 3968 3967 
          4053 4054 3969 3968 
          4054 4055 3970 3969 
          4055 4056 3971 3970 
          4056 4057 3972 3971 
          4057 4058 3973 3972 
          4058 4059 3974 3973 
          4059 4060 3975 3974 
          4060 4061 3976 3975 
          4061 4062 3977 3976 
          4062 4063 3978 3977 
          4063 4064 3979 3978 
          4064 4065 3980 3979 
          4065 4066 3981 3980 
          4066 4067 3982 3981 
          4067 4068 3983 3982 
          4068 4069 3984 3983 
          4069 4070 3985 3984 
          4070 4071 3986 3985 
          4071 4072 3987 3986 
          4072 4073 3988 3987 
          4073 4074 3989 3988 
          4074 4075 3990 3989 
          4075 4076 3991 3990 
          4076 4077 3992 3991 
          4077 4078 3993 3992 
          4078 4079 3994 3993 
          4080 4081 3996 3995 
          4081 4082 3997 3996 
          4082 4083 3998 3997 
          4083 4084 3999 3998 
          4084 4085 4000 3999 
          4085 4086 4001 4000 
          4086 4087 4002 4001 
          4087 4088 4003 4002 
          4088 4089 4004 4003 
          4089 4090 4005 4004 
          4090 4091 4006 4005 
          4091 4092 4007 4006 
          4092 4093 4008 4007 
          4093 4094 4009 4008 
          4094 4095 4010 4009 
          4095 4096 4011 4010 
          4096 4097 4012 4011 
          4097 4098 4013 4012 
          4098 4099 4014 4013 
          4099 4100 4015 4014 
          4100 4101 4016 4015 
          4101 4102 4017 4016 
          4102 4103 4018 4017 
          4103 4104 4019 4018 
          4104 4105 4020 4019 
          4105 4106 4021 4020 
          4106 4107 4022 4021 
          4107 4108 4023 4022 
          4108 4109 4024 4023 
          4109 4110 4025 4024 
          4110 4111 4026 4025 
          4111 4112 4027 4026 
          4112 4113 4028 4027 
          4113 4114 4029 4028 
          4114 4115 4030 4029 
          4115 4116 4031 4030 
          4116 4117 4032 4031 
          4117 4118 4033 4032 
          4118 4119 4034 4033 
          4119 4120 4035 4034 
          4120 4121 4036 4035 
          4121 4122 4037 4036 
          4122 4123 4038 4037 
          4123 4124 4039 4038 
          4124 4125 4040 4039 
          4125 4126 4041 4040 
          4126 4127 4042 4041 
          4127 4128 4043 4042 
          4128 4129 4044 4043 
          4129 4130 4045 4044 
          4130 4131 4046 4045 
          4131 4132 4047 4046 
          4132 4133 4048 4047 
          4133 4134 4049 4048 
          4134 4135 4050 4049 
          4135 4136 4051 4050 
          4136 4137 4052 4051 
          4137 4138 4053 4052 
          4138 4139 4054 4053 
          4139 4140 4055 4054 
          4140 4141 4056 4055 
          4141 4142 4057 4056 
          4142 4143 4058 4057 
          4143 4144 4059 4058 
          4144 4145 4060 4059 
          4145 4146 4061 4060 
          4146 4147 4062 4061 
          4147 4148 4063 4062 
          4148 4149 4064 4063 
          4149 4150 4065 4064 
          4150 4151 4066 4065 
          4151 4152 4067 4066 
          4152 4153 4068 4067 
          4153 4154 4069 4068 
          4154 4155 4070 4069 
          4155 4156 4071 4070 
          4156 4157 4072 4071 
          4157 4158 4073 4072 
          4158 4159 4074 4073 
          4159 4160 4075 4074 
          4160 4161 4076 4075 
          4161 4162 4077 4076 
          4162 4163 4078 4077 
          4163 4164 4079 4078 
          4165 4166 4081 4080 
          4166 4167 4082 4081 
          4167 4168 4083 4082 
          4168 4169 4084 4083 
          4169 4170 4085 4084 
          4170 4171 4086 4085 
          4171 4172 4087 4086 
          4172 4173 4088 4087 
          4173 4174 4089 4088 
          4174 4175 4090 4089 
          4175 4176 4091 4090 
          4176 4177 4092 4091 
          4177 4178 4093 4092 
          4178 4179 4094 4093 
          4179 4180 4095 4094 
          4180 4181 4096 4095 
          4181 4182 4097 4096 
          4182 4183 4098 4097 
          4183 4184 4099 4098 
          4184 4185 4100 4099 
          4185 4186 4101 4100 
          4186 4187 4102 4101 
          4187 4188 4103 4102 
          4188 4189 4104 4103 
          4189 4190 4105 4104 
          4190 4191 4106 4105 
          4191 4192 4107 4106 
          4192 4193 4108 4107 
          4193 4194 4109 4108 
          4194 4195 4110 4109 
          4195 4196 4111 4110 
          4196 4197 4112 4111 
          4197 4198 4113 4112 
          4198 4199 4114 4113 
          4199 4200 4115 4114 
          4200 4201 4116 4115 
          4201 4202 4117 4116 
          4202 4203 4118 4117 
          4203 4204 4119 4118 
          4204 4205 4120 4119 
          4205 4206 4121 4120 
          4206 4207 4122 4121 
          4207 4208 4123 4122 
          4208 4209 4124 4123 
          4209 4210 4125 4124 
          4210 4211 4126 4125 
          4211 4212 4127 4126 
          4212 4213 4128 4127 
          4213 4214 4129 4128 
          4214 4215 4130 4129 
          4215 4216 4131 4130 
          4216 4217 4132 4131 
          4217 4218 4133 4132 
          4218 4219 4134 4133 
          4219 4220 4135 4134 
          4220 4221 4136 4135 
          4221 4222 4137 4136 
          4222 4223 4138 4137 
          4223 4224 4139 4138 
          4224 4225 4140 4139 
          4225 4226 4141 4140 
          4226 4227 4142 4141 
          4227 4228 4143 4142 
          4228 4229 4144 4143 
          4229 4230 4145 4144 
          4230 4231 4146 4145 
          4231 4232 4147 4146 
          4232 4233 4148 4147 
          4233 4234 4149 4148 
          4234 4235 4150 4149 
          4235 4236 4151 4150 
          4236 4237 4152 4151 
          4237 4238 4153 4152 
          4238 4239 4154 4153 
          4239 4240 4155 4154 
          4240 4241 4156 4155 
          4241 4242 4157 4156 
          4242 4243 4158 4157 
          4243 4244 4159 4158 
          4244 4245 4160 4159 
          4245 4246 4161 4160 
          4246 4247 4162 4161 
          4247 4248 4163 4162 
          4248 4249 4164 4163 
          4250 4251 4166 4165 
          4251 4252 4167 4166 
          4252 4253 4168 4167 
          4253 4254 4169 4168 
          4254 4255 4170 4169 
          4255 4256 4171 4170 
          4256 4257 4172 4171 
          4257 4258 4173 4172 
          4258 4259 4174 4173 
          4259 4260 4175 4174 
          4260 4261 4176 4175 
          4261 4262 4177 4176 
          4262 4263 4178 4177 
          4263 4264 4179 4178 
          4264 4265 4180 4179 
          4265 4266 4181 4180 
          4266 4267 4182 4181 
          4267 4268 4183 4182 
          4268 4269 4184 4183 
          4269 4270 4185 4184 
          4270 4271 4186 4185 
          4271 4272 4187 4186 
          4272 4273 4188 4187 
          4273 4274 4189 4188 
          4274 4275 4190 4189 
          4275 4276 4191 4190 
          4276 4277 4192 4191 
          4277 4278 4193 4192 
          4278 4279 4194 4193 
          4279 4280 4195 4194 
          4280 4281 4196 4195 
          4281 4282 4197 4196 
          4282 4283 4198 4197 
          4283 4284 4199 4198 
          4284 4285 4200 4199 
          4285 4286 4201 4200 
          4286 4287 4202 4201 
          4287 4288 4203 4202 
          4288 4289 4204 4203 
          4289 4290 4205 4204 
          4290 4291 4206 4205 
          4291 4292 4207 4206 
          4292 4293 4208 4207 
          4293 4294 4209 4208 
          4294 4295 4210 4209 
          4295 4296 4211 4210 
          4296 4297 4212 4211 
          4297 4298 4213 4212 
          4298 4299 4214 4213 
          4299 4300 4215 4214 
          4300 4301 4216 4215 
          4301 4302 4217 4216 
          4302 4303 4218 4217 
          4303 4304 4219 4218 
          4304 4305 4220 4219 
          4305 4306 4221 4220 
          4306 4307 4222 4221 
          4307 4308 4223 4222 
          4308 4309 4224 4223 
          4309 4310 4225 4224 
          4310 4311 4226 4225 
          4311 4312 4227 4226 
          4312 4313 4228 4227 
          4313 4314 4229 4228 
          4314 4315 4230 4229 
          4315 4316 4231 4230 
          4316 4317 4232 4231 
          4317 4318 4233 4232 
          4318 4319 4234 4233 
          4319 4320 4235 4234 
          4320 4321 4236 4235 
          4321 4322 4237 4236 
          4322 4323 4238 4237 
          4323 4324 4239 4238 
          4324 4325 4240 4239 
          4325 4326 4241 4240 
          4326 4327 4242 4241 
          4327 4328 4243 4242 
          4328 4329 4244 4243 
          4329 4330 4245 4244 
          4330 4331 4246 4245 
          4331 4332 4247 4246 
          4332 4333 4248 4247 
          4333 4334 4249 4248 
          4335 4336 4251 4250 
          4336 4337 4252 4251 
          4337 4338 4253 4252 
          4338 4339 4254 4253 
          4339 4340 4255 4254 
          4340 4341 4256 4255 
          4341 4342 4257 4256 
          4342 4343 4258 4257 
          4343 4344 4259 4258 
          4344 4345 4260 4259 
          4345 4346 4261 4260 
          4346 4347 4262 4261 
          4347 4348 4263 4262 
          4348 4349 4264 4263 
          4349 4350 4265 4264 
          4350 4351 4266 4265 
          4351 4352 4267 4266 
          4352 4353 4268 4267 
          4353 4354 4269 4268 
          4354 4355 4270 4269 
          4355 4356 4271 4270 
          4356 4357 4272 4271 
          4357 4358 4273 4272 
          4358 4359 4274 4273 
          4359 4360 4275 4274 
          4360 4361 4276 4275 
          4361 4362 4277 4276 
          4362 4363 4278 4277 
          4363 4364 4279 4278 
          4364 4365 4280 4279 
          4365 4366 4281 4280 
          4366 4367 4282 4281 
          4367 4368 4283 4282 
          4368 4369 4284 4283 
          4369 4370 4285 4284 
          4370 4371 4286 4285 
          4371 4372 4287 4286 
          4372 4373 4288 4287 
          4373 4374 4289 4288 
          4374 4375 4290 4289 
          4375 4376 4291 4290 
          4376 4377 4292 4291 
          4377 4378 4293 4292 
          4378 4379 4294 4293 
          4379 4380 4295 4294 
          4380 4381 4296 4295 
          4381 4382 4297 4296 
          4382 4383 4298 4297 
          4383 4384 4299 4298 
          4384 4385 4300 4299 
          4385 4386 4301 4300 
          4386 4387 4302 4301 
          4387 4388 4303 4302 
          4388 4389 4304 4303 
          4389 4390 4305 4304 
          4390 4391 4306 4305 
          4391 4392 4307 4306 
          4392 4393 4308 4307 
          4393 4394 4309 4308 
          4394 4395 4310 4309 
          4395 4396 4311 4310 
          4396 4397 4312 4311 
          4397 4398 4313 4312 
          4398 4399 4314 4313 
          4399 4400 4315 4314 
          4400 4401 4316 4315 
          4401 4402 4317 4316 
          4402 4403 4318 4317 
          4403 4404 4319 4318 
          4404 4405 4320 4319 
          4405 4406 4321 4320 
          4406 4407 4322 4321 
          4407 4408 4323 4322 
          4408 4409 4324 4323 
          4409 4410 4325 4324 
          4410 4411 4326 4325 
          4411 4412 4327 4326 
          4412 4413 4328 4327 
          4413 4414 4329 4328 
          4414 4415 4330 4329 
          4415 4416 4331 4330 
          4416 4417 4332 4331 
          4417 4418 4333 4332 
          4418 4419 4334 4333 
          4420 4421 4336 4335 
          4421 4422 4337 4336 
          4422 4423 4338 4337 
          4423 4424 4339 4338 
          4424 4425 4340 4339 
          4425 4426 4341 4340 
          4426 4427 4342 4341 
          4427 4428 4343 4342 
          4428 4429 4344 4343 
          4429 4430 4345 4344 
          4430 4431 4346 4345 
          4431 4432 4347 4346 
          4432 4433 4348 4347 
          4433 4434 4349 4348 
          4434 4435 4350 4349 
          4435 4436 4351 4350 
          4436 4437 4352 4351 
          4437 4438 4353 4352 
          4438 4439 4354 4353 
          4439 4440 4355 4354 
          4440 4441 4356 4355 
          4441 4442 4357 4356 
          4442 4443 4358 4357 
          4443 4444 4359 4358 
          4444 4445 4360 4359 
          4445 4446 4361 4360 
          4446 4447 4362 4361 
          4447 4448 4363 4362 
          4448 4449 4364 4363 
          4449 4450 4365 4364 
          4450 4451 4366 4365 
          4451 4452 4367 4366 
          4452 4453 4368 4367 
          4453 4454 4369 4368 
          4454 4455 4370 4369 
          4455 4456 4371 4370 
          4456 4457 4372 4371 
          4457 4458 4373 4372 
          4458 4459 4374 4373 
          4459 4460 4375 4374 
          4460 4461 4376 4375 
          4461 4462 4377 4376 
          4462 4463 4378 4377 
          4463 4464 4379 4378 
          4464 4465 4380 4379 
          4465 4466 4381 4380 
          4466 4467 4382 4381 
          4467 4468 4383 4382 
          4468 4469 4384 4383 
          4469 4470 4385 4384 
          4470 4471 4386 4385 
          4471 4472 4387 4386 
          4472 4473 4388 4387 
          4473 4474 4389 4388 
          4474 4475 4390 4389 
          4475 4476 4391 4390 
          4476 4477 4392 4391 
          4477 4478 4393 4392 
          4478 4479 4394 4393 
          4479 4480 4395 4394 
          4480 4481 4396 4395 
          4481 4482 4397 4396 
          4482 4483 4398 4397 
          4483 4484 4399 4398 
          4484 4485 4400 4399 
          4485 4486 4401 4400 
          4486 4487 4402 4401 
          4487 4488 4403 4402 
          4488 4489 4404 4403 
          4489 4490 4405 4404 
          4490 4491 4406 4405 
          4491 4492 4407 4406 
          4492 4493 4408 4407 
          4493 4494 4409 4408 
          4494 4495 4410 4409 
          4495 4496 4411 4410 
          4496 4497 4412 4411 
          4497 4498 4413 4412 
          4498 4499 4414 4413 
          4499 4500 4415 4414 
          4500 4501 4416 4415 
          4501 4502 4417 4416 
          4502 4503 4418 4417 
          4503 4504 4419 4418 
          4505 4506 4421 4420 
          4506 4507 4422 4421 
          4507 4508 4423 4422 
          4508 4509 4424 4423 
          4509 4510 4425 4424 
          4510 4511 4426 4425 
          4511 4512 4427 4426 
          4512 4513 4428 4427 
          4513 4514 4429 4428 
          4514 4515 4430 4429 
          4515 4516 4431 4430 
          4516 4517 4432 4431 
          4517 4518 4433 4432 
          4518 4519 4434 4433 
          4519 4520 4435 4434 
          4520 4521 4436 4435 
          4521 4522 4437 4436 
          4522 4523 4438 4437 
          4523 4524 4439 4438 
          4524 4525 4440 4439 
          4525 4526 4441 4440 
          4526 4527 4442 4441 
          4527 4528 4443 4442 
          4528 4529 4444 4443 
          4529 4530 4445 4444 
          4530 4531 4446 4445 
          4531 4532 4447 4446 
          4532 4533 4448 4447 
          4533 4534 4449 4448 
          4534 4535 4450 4449 
          4535 4536 4451 4450 
          4536 4537 4452 4451 
          4537 4538 4453 4452 
          4538 4539 4454 4453 
          4539 4540 4455 4454 
          4540 4541 4456 4455 
          4541 4542 4457 4456 
          4542 4543 4458 4457 
          4543 4544 4459 4458 
          4544 4545 4460 4459 
          4545 4546 4461 4460 
          4546 4547 4462 4461 
          4547 4548 4463 4462 
          4548 4549 4464 4463 
          4549 4550 4465 4464 
          4550 4551 4466 4465 
          4551 4552 4467 4466 
          4552 4553 4468 4467 
          4553 4554 4469 4468 
          4554 4555 4470 4469 
          4555 4556 4471 4470 
          4556 4557 4472 4471 
          4557 4558 4473 4472 
          4558 4559 4474 4473 
          4559 4560 4475 4474 
          4560 4561 4476 4475 
          4561 4562 4477 4476 
          4562 4563 4478 4477 
          4563 4564 4479 4478 
          4564 4565 4480 4479 
          4565 4566 4481 4480 
          4566 4567 4482 4481 
          4567 4568 4483 4482 
          4568 4569 4484 4483 
          4569 4570 4485 4484 
          4570 4571 4486 4485 
          4571 4572 4487 4486 
          4572 4573 4488 4487 
          4573 4574 4489 4488 
          4574 4575 4490 4489 
          4575 4576 4491 4490 
          4576 4577 4492 4491 
          4577 4578 4493 4492 
          4578 4579 4494 4493 
          4579 4580 4495 4494 
          4580 4581 4496 4495 
          4581 4582 4497 4496 
          4582 4583 4498 4497 
          4583 4584 4499 4498 
          4584 4585 4500 4499 
          4585 4586 4501 4500 
          4586 4587 4502 4501 
          4587 4588 4503 4502 
          4588 4589 4504 4503 
          4590 4591 4506 4505 
          4591 4592 4507 4506 
          4592 4593 4508 4507 
          4593 4594 4509 4508 
          4594 4595 4510 4509 
          4595 4596 4511 4510 
          4596 4597 4512 4511 
          4597 4598 4513 4512 
          4598 4599 4514 4513 
          4599 4600 4515 4514 
          4600 4601 4516 4515 
          4601 4602 4517 4516 
          4602 4603 4518 4517 
          4603 4604 4519 4518 
          4604 4605 4520 4519 
          4605 4606 4521 4520 
          4606 4607 4522 4521 
          4607 4608 4523 4522 
          4608 4609 4524 4523 
          4609 4610 4525 4524 
          4610 4611 4526 4525 
          4611 4612 4527 4526 
          4612 4613 4528 4527 
          4613 4614 4529 4528 
          4614 4615 4530 4529 
          4615 4616 4531 4530 
          4616 4617 4532 4531 
          4617 4618 4533 4532 
          4618 4619 4534 4533 
          4619 4620 4535 4534 
          4620 4621 4536 4535 
          4621 4622 4537 4536 
          4622 4623 4538 4537 
          4623 4624 4539 4538 
          4624 4625 4540 4539 
          4625 4626 4541 4540 
          4626 4627 4542 4541 
          4627 4628 4543 4542 
          4628 4629 4544 4543 
          4629 4630 4545 4544 
          4630 4631 4546 4545 
          4631 4632 4547 4546 
          4632 4633 4548 4547 
          4633 4634 4549 4548 
          4634 4635 4550 4549 
          4635 4636 4551 4550 
          4636 4637 4552 4551 
          4637 4638 4553 4552 
          4638 4639 4554 4553 
          4639 4640 4555 4554 
          4640 4641 4556 4555 
          4641 4642 4557 4556 
          4642 4643 4558 4557 
          4643 4644 4559 4558 
          4644 4645 4560 4559 
          4645 4646 4561 4560 
          4646 4647 4562 4561 
          4647 4648 4563 4562 
          4648 4649 4564 4563 
          4649 4650 4565 4564 
          4650 4651 4566 4565 
          4651 4652 4567 4566 
          4652 4653 4568 4567 
          4653 4654 4569 4568 
          4654 4655 4570 4569 
          4655 4656 4571 4570 
          4656 4657 4572 4571 
          4657 4658 4573 4572 
          4658 4659 4574 4573 
          4659 4660 4575 4574 
          4660 4661 4576 4575 
          4661 4662 4577 4576 
          4662 4663 4578 4577 
          4663 4664 4579 4578 
          4664 4665 4580 4579 
          4665 4666 4581 4580 
          4666 4667 4582 4581 
          4667 4668 4583 4582 
          4668 4669 4584 4583 
          4669 4670 4585 4584 
          4670 4671 4586 4585 
          4671 4672 4587 4586 
          4672 4673 4588 4587 
          4673 4674 4589 4588 
          4675 4676 4591 4590 
          4676 4677 4592 4591 
          4677 4678 4593 4592 
          4678 4679 4594 4593 
          4679 4680 4595 4594 
          4680 4681 4596 4595 
          4681 4682 4597 4596 
          4682 4683 4598 4597 
          4683 4684 4599 4598 
          4684 4685 4600 4599 
          4685 4686 4601 4600 
          4686 4687 4602 4601 
          4687 4688 4603 4602 
          4688 4689 4604 4603 
          4689 4690 4605 4604 
          4690 4691 4606 4605 
          4691 4692 4607 4606 
          4692 4693 4608 4607 
          4693 4694 4609 4608 
          4694 4695 4610 4609 
          4695 4696 4611 4610 
          4696 4697 4612 4611 
          4697 4698 4613 4612 
          4698 4699 4614 4613 
          4699 4700 4615 4614 
          4700 4701 4616 4615 
          4701 4702 4617 4616 
          4702 4703 4618 4617 
          4703 4704 4619 4618 
          4704 4705 4620 4619 
          4705 4706 4621 4620 
          4706 4707 4622 4621 
          4707 4708 4623 4622 
          4708 4709 4624 4623 
          4709 4710 4625 4624 
          4710 4711 4626 4625 
          4711 4712 4627 4626 
          4712 4713 4628 4627 
          4713 4714 4629 4628 
          4714 4715 4630 4629 
          4715 4716 4631 4630 
          4716 4717 4632 4631 
          4717 4718 4633 4632 
          4718 4719 4634 4633 
          4719 4720 4635 4634 
          4720 4721 4636 4635 
          4721 4722 4637 4636 
          4722 4723 4638 4637 
          4723 4724 4639 4638 
          4724 4725 4640 4639 
          4725 4726 4641 4640 
          4726 4727 4642 4641 
          4727 4728 4643 4642 
          4728 4729 4644 4643 
          4729 4730 4645 4644 
          4730 4731 4646 4645 
          4731 4732 4647 4646 
          4732 4733 4648 4647 
          4733 4734 4649 4648 
          4734 4735 4650 4649 
          4735 4736 4651 4650 
          4736 4737 4652 4651 
          4737 4738 4653 4652 
          4738 4739 4654 4653 
          4739 4740 4655 4654 
          4740 4741 4656 4655 
          4741 4742 4657 4656 
          4742 4743 4658 4657 
          4743 4744 4659 4658 
          4744 4745 4660 4659 
          4745 4746 4661 4660 
          4746 4747 4662 4661 
          4747 4748 4663 4662 
          4748 4749 4664 4663 
          4749 4750 4665 4664 
          4750 4751 4666 4665 
          4751 4752 4667 4666 
          4752 4753 4668 4667 
          4753 4754 4669 4668 
          4754 4755 4670 4669 
          4755 4756 4671 4670 
          4756 4757 4672 4671 
          4757 4758 4673 4672 
          4758 4759 4674 4673 
          4760 4761 4676 4675 
          4761 4762 4677 4676 
          4762 4763 4678 4677 
          4763 4764 4679 4678 
          4764 4765 4680 4679 
          4765 4766 4681 4680 
          4766 4767 4682 4681 
          4767 4768 4683 4682 
          4768 4769 4684 4683 
          4769 4770 4685 4684 
          4770 4771 4686 4685 
          4771 4772 4687 4686 
          4772 4773 4688 4687 
          4773 4774 4689 4688 
          4774 4775 4690 4689 
          4775 4776 4691 4690 
          4776 4777 4692 4691 
          4777 4778 4693 4692 
          4778 4779 4694 4693 
          4779 4780 4695 4694 
          4780 4781 4696 4695 
          4781 4782 4697 4696 
          4782 4783 4698 4697 
          4783 4784 4699 4698 
          4784 4785 4700 4699 
          4785 4786 4701 4700 
          4786 4787 4702 4701 
          4787 4788 4703 4702 
          4788 4789 4704 4703 
          4789 4790 4705 4704 
          4790 4791 4706 4705 
          4791 4792 4707 4706 
          4792 4793 4708 4707 
          4793 4794 4709 4708 
          4794 4795 4710 4709 
          4795 4796 4711 4710 
          4796 4797 4712 4711 
          4797 4798 4713 4712 
          4798 4799 4714 4713 
          4799 4800 4715 4714 
          4800 4801 4716 4715 
          4801 4802 4717 4716 
          4802 4803 4718 4717 
          4803 4804 4719 4718 
          4804 4805 4720 4719 
          4805 4806 4721 4720 
          4806 4807 4722 4721 
          4807 4808 4723 4722 
          4808 4809 4724 4723 
          4809 4810 4725 4724 
          4810 4811 4726 4725 
          4811 4812 4727 4726 
          4812 4813 4728 4727 
          4813 4814 4729 4728 
          4814 4815 4730 4729 
          4815 4816 4731 4730 
          4816 4817 4732 4731 
          4817 4818 4733 4732 
          4818 4819 4734 4733 
          4819 4820 4735 4734 
          4820 4821 4736 4735 
          4821 4822 4737 4736 
          4822 4823 4738 4737 
          4823 4824 4739 4738 
          4824 4825 4740 4739 
          4825 4826 4741 4740 
          4826 4827 4742 4741 
          4827 4828 4743 4742 
          4828 4829 4744 4743 
          4829 4830 4745 4744 
          4830 4831 4746 4745 
          4831 4832 4747 4746 
          4832 4833 4748 4747 
          4833 4834 4749 4748 
          4834 4835 4750 4749 
          4835 4836 4751 4750 
          4836 4837 4752 4751 
          4837 4838 4753 4752 
          4838 4839 4754 4753 
          4839 4840 4755 4754 
          4840 4841 4756 4755 
          4841 4842 4757 4756 
          4842 4843 4758 4757 
          4843 4844 4759 4758 
          4845 4846 4761 4760 
          4846 4847 4762 4761 
          4847 4848 4763 4762 
          4848 4849 4764 4763 
          4849 4850 4765 4764 
          4850 4851 4766 4765 
          4851 4852 4767 4766 
          4852 4853 4768 4767 
          4853 4854 4769 4768 
          4854 4855 4770 4769 
          4855 4856 4771 4770 
          4856 4857 4772 4771 
          4857 4858 4773 4772 
          4858 4859 4774 4773 
          4859 4860 4775 4774 
          4860 4861 4776 4775 
          4861 4862 4777 4776 
          4862 4863 4778 4777 
          4863 4864 4779 4778 
          4864 4865 4780 4779 
          4865 4866 4781 4780 
          4866 4867 4782 4781 
          4867 4868 4783 4782 
          4868 4869 4784 4783 
          4869 4870 4785 4784 
          4870 4871 4786 4785 
          4871 4872 4787 4786 
          4872 4873 4788 4787 
          4873 4874 4789 4788 
          4874 4875 4790 4789 
          4875 4876 4791 4790 
          4876 4877 4792 4791 
          4877 4878 4793 4792 
          4878 4879 4794 4793 
          4879 4880 4795 4794 
          4880 4881 4796 4795 
          4881 4882 4797 4796 
          4882 4883 4798 4797 
          4883 4884 4799 4798 
          4884 4885 4800 4799 
          4885 4886 4801 4800 
          4886 4887 4802 4801 
          4887 4888 4803 4802 
          4888 4889 4804 4803 
          4889 4890 4805 4804 
          4890 4891 4806 4805 
          4891 4892 4807 4806 
          4892 4893 4808 4807 
          4893 4894 4809 4808 
          4894 4895 4810 4809 
          4895 4896 4811 4810 
          4896 4897 4812 4811 
          4897 4898 4813 4812 
          4898 4899 4814 4813 
          4899 4900 4815 4814 
          4900 4901 4816 4815 
          4901 4902 4817 4816 
          4902 4903 4818 4817 
          4903 4904 4819 4818 
          4904 4905 4820 4819 
          4905 4906 4821 4820 
          4906 4907 4822 4821 
          4907 4908 4823 4822 
          4908 4909 4824 4823 
          4909 4910 4825 4824 
          4910 4911 4826 4825 
          4911 4912 4827 4826 
          4912 4913 4828 4827 
          4913 4914 4829 4828 
          4914 4915 4830 4829 
          4915 4916 4831 4830 
          4916 4917 4832 4831 
          4917 4918 4833 4832 
          4918 4919 4834 4833 
          4919 4920 4835 4834 
          4920 4921 4836 4835 
          4921 4922 4837 4836 
          4922 4923 4838 4837 
          4923 4924 4839 4838 
          4924 4925 4840 4839 
          4925 4926 4841 4840 
          4926 4927 4842 4841 
          4927 4928 4843 4842 
          4928 4929 4844 4843 
          4930 4931 4846 4845 
          4931 4932 4847 4846 
          4932 4933 4848 4847 
          4933 4934 4849 4848 
          4934 4935 4850 4849 
          4935 4936 4851 4850 
          4936 4937 4852 4851 
          4937 4938 4853 4852 
          4938 4939 4854 4853 
          4939 4940 4855 4854 
          4940 4941 4856 4855 
          4941 4942 4857 4856 
          4942 4943 4858 4857 
          4943 4944 4859 4858 
          4944 4945 4860 4859 
          4945 4946 4861 4860 
          4946 4947 4862 4861 
          4947 4948 4863 4862 
          4948 4949 4864 4863 
          4949 4950 4865 4864 
          4950 4951 4866 4865 
          4951 4952 4867 4866 
          4952 4953 4868 4867 
          4953 4954 4869 4868 
          4954 4955 4870 4869 
          4955 4956 4871 4870 
          4956 4957 4872 4871 
          4957 4958 4873 4872 
          4958 4959 4874 4873 
          4959 4960 4875 4874 
          4960 4961 4876 4875 
          4961 4962 4877 4876 
          4962 4963 4878 4877 
          4963 4964 4879 4878 
          4964 4965 4880 4879 
          4965 4966 4881 4880 
          4966 4967 4882 4881 
          4967 4968 4883 4882 
          4968 4969 4884 4883 
          4969 4970 4885 4884 
          4970 4971 4886 4885 
          4971 4972 4887 4886 
          4972 4973 4888 4887 
          4973 4974 4889 4888 
          4974 4975 4890 4889 
          4975 4976 4891 4890 
          4976 4977 4892 4891 
          4977 4978 4893 4892 
          4978 4979 4894 4893 
          4979 4980 4895 4894 
          4980 4981 4896 4895 
          4981 4982 4897 4896 
          4982 4983 4898 4897 
          4983 4984 4899 4898 
          4984 4985 4900 4899 
          4985 4986 4901 4900 
          4986 4987 4902 4901 
          4987 4988 4903 4902 
          4988 4989 4904 4903 
          4989 4990 4905 4904 
          4990 4991 4906 4905 
          4991 4992 4907 4906 
          4992 4993 4908 4907 
          4993 4994 4909 4908 
          4994 4995 4910 4909 
          4995 4996 4911 4910 
          4996 4997 4912 4911 
          4997 4998 4913 4912 
          4998 4999 4914 4913 
          4999 5000 4915 4914 
          5000 5001 4916 4915 
          5001 5002 4917 4916 
          5002 5003 4918 4917 
          5003 5004 4919 4918 
          5004 5005 4920 4919 
          5005 5006 4921 4920 
          5006 5007 4922 4921 
          5007 5008 4923 4922 
          5008 5009 4924 4923 
          5009 5010 4925 4924 
          5010 5011 4926 4925 
          5011 5012 4927 4926 
          5012 5013 4928 4927 
          5013 5014 4929 4928 
          5015 5016 4931 4930 
          5016 5017 4932 4931 
          5017 5018 4933 4932 
          5018 5019 4934 4933 
          5019 5020 4935 4934 
          5020 5021 4936 4935 
          5021 5022 4937 4936 
          5022 5023 4938 4937 
          5023 5024 4939 4938 
          5024 5025 4940 4939 
          5025 5026 4941 4940 
          5026 5027 4942 4941 
          5027 5028 4943 4942 
          5028 5029 4944 4943 
          5029 5030 4945 4944 
          5030 5031 4946 4945 
          5031 5032 4947 4946 
          5032 5033 4948 4947 
          5033 5034 4949 4948 
          5034 5035 4950 4949 
          5035 5036 4951 4950 
          5036 5037 4952 4951 
          5037 5038 4953 4952 
          5038 5039 4954 4953 
          5039 5040 4955 4954 
          5040 5041 4956 4955 
          5041 5042 4957 4956 
          5042 5043 4958 4957 
          5043 5044 4959 4958 
          5044 5045 4960 4959 
          5045 5046 4961 4960 
          5046 5047 4962 4961 
          5047 5048 4963 4962 
          5048 5049 4964 4963 
          5049 5050 4965 4964 
          5050 5051 4966 4965 
          5051 5052 4967 4966 
          5052 5053 4968 4967 
          5053 5054 4969 4968 
          5054 5055 4970 4969 
          5055 5056 4971 4970 
          5056 5057 4972 4971 
          5057 5058 4973 4972 
          5058 5059 4974 4973 
          5059 5060 4975 4974 
          5060 5061 4976 4975 
          5061 5062 4977 4976 
          5062 5063 4978 4977 
          5063 5064 4979 4978 
          5064 5065 4980 4979 
          5065 5066 4981 4980 
          5066 5067 4982 4981 
          5067 5068 4983 4982 
          5068 5069 4984 4983 
          5069 5070 4985 4984 
          5070 5071 4986 4985 
          5071 5072 4987 4986 
          5072 5073 4988 4987 
          5073 5074 4989 4988 
          5074 5075 4990 4989 
          5075 5076 4991 4990 
          5076 5077 4992 4991 
          5077 5078 4993 4992 
          5078 5079 4994 4993 
          5079 5080 4995 4994 
          5080 5081 4996 4995 
          5081 5082 4997 4996 
          5082 5083 4998 4997 
          5083 5084 4999 4998 
          5084 5085 5000 4999 
          5085 5086 5001 5000 
          5086 5087 5002 5001 
          5087 5088 5003 5002 
          5088 5089 5004 5003 
          5089 5090 5005 5004 
          5090 5091 5006 5005 
          5091 5092 5007 5006 
          5092 5093 5008 5007 
          5093 5094 5009 5008 
          5094 5095 5010 5009 
          5095 5096 5011 5010 
          5096 5097 5012 5011 
          5097 5098 5013 5012 
          5098 5099 5014 5013 
          5100 5101 5016 5015 
          5101 5102 5017 5016 
          5102 5103 5018 5017 
          5103 5104 5019 5018 
          5104 5105 5020 5019 
          5105 5106 5021 5020 
          5106 5107 5022 5021 
          5107 5108 5023 5022 
          5108 5109 5024 5023 
          5109 5110 5025 5024 
          5110 5111 5026 5025 
          5111 5112 5027 5026 
          5112 5113 5028 5027 
          5113 5114 5029 5028 
          5114 5115 5030 5029 
          5115 5116 5031 5030 
          5116 5117 5032 5031 
          5117 5118 5033 5032 
          5118 5119 5034 5033 
          5119 5120 5035 5034 
          5120 5121 5036 5035 
          5121 5122 5037 5036 
          5122 5123 5038 5037 
          5123 5124 5039 5038 
          5124 5125 5040 5039 
          5125 5126 5041 5040 
          5126 5127 5042 5041 
          5127 5128 5043 5042 
          5128 5129 5044 5043 
          5129 5130 5045 5044 
          5130 5131 5046 5045 
          5131 5132 5047 5046 
          5132 5133 5048 5047 
          5133 5134 5049 5048 
          5134 5135 5050 5049 
          5135 5136 5051 5050 
          5136 5137 5052 5051 
          5137 5138 5053 5052 
          5138 5139 5054 5053 
          5139 5140 5055 5054 
          5140 5141 5056 5055 
          5141 5142 5057 5056 
          5142 5143 5058 5057 
          5143 5144 5059 5058 
          5144 5145 5060 5059 
          5145 5146 5061 5060 
          5146 5147 5062 5061 
          5147 5148 5063 5062 
          5148 5149 5064 5063 
          5149 5150 5065 5064 
          5150 5151 5066 5065 
          5151 5152 5067 5066 
          5152 5153 5068 5067 
          5153 5154 5069 5068 
          5154 5155 5070 5069 
          5155 5156 5071 5070 
          5156 5157 5072 5071 
          5157 5158 5073 5072 
          5158 5159 5074 5073 
          5159 5160 5075 5074 
          5160 5161 5076 5075 
          5161 5162 5077 5076 
          5162 5163 5078 5077 
          5163 5164 5079 5078 
          5164 5165 5080 5079 
          5165 5166 5081 5080 
          5166 5167 5082 5081 
          5167 5168 5083 5082 
          5168 5169 5084 5083 
          5169 5170 5085 5084 
          5170 5171 5086 5085 
          5171 5172 5087 5086 
          5172 5173 5088 5087 
          5173 5174 5089 5088 
          5174 5175 5090 5089 
          5175 5176 5091 5090 
          5176 5177 5092 5091 
          5177 5178 5093 5092 
          5178 5179 5094 5093 
          5179 5180 5095 5094 
          5180 5181 5096 5095 
          5181 5182 5097 5096 
          5182 5183 5098 5097 
          5183 5184 5099 5098 
          5185 5186 5101 5100 
          5186 5187 5102 5101 
          5187 5188 5103 5102 
          5188 5189 5104 5103 
          5189 5190 5105 5104 
          5190 5191 5106 5105 
          5191 5192 5107 5106 
          5192 5193 5108 5107 
          5193 5194 5109 5108 
          5194 5195 5110 5109 
          5195 5196 5111 5110 
          5196 5197 5112 5111 
          5197 5198 5113 5112 
          5198 5199 5114 5113 
          5199 5200 5115 5114 
          5200 5201 5116 5115 
          5201 5202 5117 5116 
          5202 5203 5118 5117 
          5203 5204 5119 5118 
          5204 5205 5120 5119 
          5205 5206 5121 5120 
          5206 5207 5122 5121 
          5207 5208 5123 5122 
          5208 5209 5124 5123 
          5209 5210 5125 5124 
          5210 5211 5126 5125 
          5211 5212 5127 5126 
          5212 5213 5128 5127 
          5213 5214 5129 5128 
          5214 5215 5130 5129 
          5215 5216 5131 5130 
          5216 5217 5132 5131 
          5217 5218 5133 5132 
          5218 5219 5134 5133 
          5219 5220 5135 5134 
          5220 5221 5136 5135 
          5221 5222 5137 5136 
          5222 5223 5138 5137 
          5223 5224 5139 5138 
          5224 5225 5140 5139 
          5225 5226 5141 5140 
          5226 5227 5142 5141 
          5227 5228 5143 5142 
          5228 5229 5144 5143 
          5229 5230 5145 5144 
          5230 5231 5146 5145 
          5231 5232 5147 5146 
          5232 5233 5148 5147 
          5233 5234 5149 5148 
          5234 5235 5150 5149 
          5235 5236 5151 5150 
          5236 5237 5152 5151 
          5237 5238 5153 5152 
          5238 5239 5154 5153 
          5239 5240 5155 5154 
          5240 5241 5156 5155 
          5241 5242 5157 5156 
          5242 5243 5158 5157 
          5243 5244 5159 5158 
          5244 5245 5160 5159 
          5245 5246 5161 5160 
          5246 5247 5162 5161 
          5247 5248 5163 5162 
          5248 5249 5164 5163 
          5249 5250 5165 5164 
          5250 5251 5166 5165 
          5251 5252 5167 5166 
          5252 5253 5168 5167 
          5253 5254 5169 5168 
          5254 5255 5170 5169 
          5255 5256 5171 5170 
          5256 5257 5172 5171 
          5257 5258 5173 5172 
          5258 5259 5174 5173 
          5259 5260 5175 5174 
          5260 5261 5176 5175 
          5261 5262 5177 5176 
          5262 5263 5178 5177 
          5263 5264 5179 5178 
          5264 5265 5180 5179 
          5265 5266 5181 5180 
          5266 5267 5182 5181 
          5267 5268 5183 5182 
          5268 5269 5184 5183 
          5270 5271 5186 5185 
          5271 5272 5187 5186 
          5272 5273 5188 5187 
          5273 5274 5189 5188 
          5274 5275 5190 5189 
          5275 5276 5191 5190 
          5276 5277 5192 5191 
          5277 5278 5193 5192 
          5278 5279 5194 5193 
          5279 5280 5195 5194 
          5280 5281 5196 5195 
          5281 5282 5197 5196 
          5282 5283 5198 5197 
          5283 5284 5199 5198 
          5284 5285 5200 5199 
          5285 5286 5201 5200 
          5286 5287 5202 5201 
          5287 5288 5203 5202 
          5288 5289 5204 5203 
          5289 5290 5205 5204 
          5290 5291 5206 5205 
          5291 5292 5207 5206 
          5292 5293 5208 5207 
          5293 5294 5209 5208 
          5294 5295 5210 5209 
          5295 5296 5211 5210 
          5296 5297 5212 5211 
          5297 5298 5213 5212 
          5298 5299 5214 5213 
          5299 5300 5215 5214 
          5300 5301 5216 5215 
          5301 5302 5217 5216 
          5302 5303 5218 5217 
          5303 5304 5219 5218 
          5304 5305 5220 5219 
          5305 5306 5221 5220 
          5306 5307 5222 5221 
          5307 5308 5223 5222 
          5308 5309 5224 5223 
          5309 5310 5225 5224 
          5310 5311 5226 5225 
          5311 5312 5227 5226 
          5312 5313 5228 5227 
          5313 5314 5229 5228 
          5314 5315 5230 5229 
          5315 5316 5231 5230 
          5316 5317 5232 5231 
          5317 5318 5233 5232 
          5318 5319 5234 5233 
          5319 5320 5235 5234 
          5320 5321 5236 5235 
          5321 5322 5237 5236 
          5322 5323 5238 5237 
          5323 5324 5239 5238 
          5324 5325 5240 5239 
          5325 5326 5241 5240 
          5326 5327 5242 5241 
          5327 5328 5243 5242 
          5328 5329 5244 5243 
          5329 5330 5245 5244 
          5330 5331 5246 5245 
          5331 5332 5247 5246 
          5332 5333 5248 5247 
          5333 5334 5249 5248 
          5334 5335 5250 5249 
          5335 5336 5251 5250 
          5336 5337 5252 5251 
          5337 5338 5253 5252 
          5338 5339 5254 5253 
          5339 5340 5255 5254 
          5340 5341 5256 5255 
          5341 5342 5257 5256 
          5342 5343 5258 5257 
          5343 5344 5259 5258 
          5344 5345 5260 5259 
          5345 5346 5261 5260 
          5346 5347 5262 5261 
          5347 5348 5263 5262 
          5348 5349 5264 5263 
          5349 5350 5265 5264 
          5350 5351 5266 5265 
          5351 5352 5267 5266 
          5352 5353 5268 5267 
          5353 5354 5269 5268 
          5355 5356 5271 5270 
          5356 5357 5272 5271 
          5357 5358 5273 5272 
          5358 5359 5274 5273 
          5359 5360 5275 5274 
          5360 5361 5276 5275 
          5361 5362 5277 5276 
          5362 5363 5278 5277 
          5363 5364 5279 5278 
          5364 5365 5280 5279 
          5365 5366 5281 5280 
          5366 5367 5282 5281 
          5367 5368 5283 5282 
          5368 5369 5284 5283 
          5369 5370 5285 5284 
          5370 5371 5286 5285 
          5371 5372 5287 5286 
          5372 5373 5288 5287 
          5373 5374 5289 5288 
          5374 5375 5290 5289 
          5375 5376 5291 5290 
          5376 5377 5292 5291 
          5377 5378 5293 5292 
          5378 5379 5294 5293 
          5379 5380 5295 5294 
          5380 5381 5296 5295 
          5381 5382 5297 5296 
          5382 5383 5298 5297 
          5383 5384 5299 5298 
          5384 5385 5300 5299 
          5385 5386 5301 5300 
          5386 5387 5302 5301 
          5387 5388 5303 5302 
          5388 5389 5304 5303 
          5389 5390 5305 5304 
          5390 5391 5306 5305 
          5391 5392 5307 5306 
          5392 5393 5308 5307 
          5393 5394 5309 5308 
          5394 5395 5310 5309 
          5395 5396 5311 5310 
          5396 5397 5312 5311 
          5397 5398 5313 5312 
          5398 5399 5314 5313 
          5399 5400 5315 5314 
          5400 5401 5316 5315 
          5401 5402 5317 5316 
          5402 5403 5318 5317 
          5403 5404 5319 5318 
          5404 5405 5320 5319 
          5405 5406 5321 5320 
          5406 5407 5322 5321 
          5407 5408 5323 5322 
          5408 5409 5324 5323 
          5409 5410 5325 5324 
          5410 5411 5326 5325 
          5411 5412 5327 5326 
          5412 5413 5328 5327 
          5413 5414 5329 5328 
          5414 5415 5330 5329 
          5415 5416 5331 5330 
          5416 5417 5332 5331 
          5417 5418 5333 5332 
          5418 5419 5334 5333 
          5419 5420 5335 5334 
          5420 5421 5336 5335 
          5421 5422 5337 5336 
          5422 5423 5338 5337 
          5423 5424 5339 5338 
          5424 5425 5340 5339 
          5425 5426 5341 5340 
          5426 5427 5342 5341 
          5427 5428 5343 5342 
          5428 5429 5344 5343 
          5429 5430 5345 5344 
          5430 5431 5346 5345 
          5431 5432 5347 5346 
          5432 5433 5348 5347 
          5433 5434 5349 5348 
          5434 5435 5350 5349 
          5435 5436 5351 5350 
          5436 5437 5352 5351 
          5437 5438 5353 5352 
          5438 5439 5354 5353 
          5440 5441 5356 5355 
          5441 5442 5357 5356 
          5442 5443 5358 5357 
          5443 5444 5359 5358 
          5444 5445 5360 5359 
          5445 5446 5361 5360 
          5446 5447 5362 5361 
          5447 5448 5363 5362 
          5448 5449 5364 5363 
          5449 5450 5365 5364 
          5450 5451 5366 5365 
          5451 5452 5367 5366 
          5452 5453 5368 5367 
          5453 5454 5369 5368 
          5454 5455 5370 5369 
          5455 5456 5371 5370 
          5456 5457 5372 5371 
          5457 5458 5373 5372 
          5458 5459 5374 5373 
          5459 5460 5375 5374 
          5460 5461 5376 5375 
          5461 5462 5377 5376 
          5462 5463 5378 5377 
          5463 5464 5379 5378 
          5464 5465 5380 5379 
          5465 5466 5381 5380 
          5466 5467 5382 5381 
          5467 5468 5383 5382 
          5468 5469 5384 5383 
          5469 5470 5385 5384 
          5470 5471 5386 5385 
          5471 5472 5387 5386 
          5472 5473 5388 5387 
          5473 5474 5389 5388 
          5474 5475 5390 5389 
          5475 5476 5391 5390 
          5476 5477 5392 5391 
          5477 5478 5393 5392 
          5478 5479 5394 5393 
          5479 5480 5395 5394 
          5480 5481 5396 5395 
          5481 5482 5397 5396 
          5482 5483 5398 5397 
          5483 5484 5399 5398 
          5484 5485 5400 5399 
          5485 5486 5401 5400 
          5486 5487 5402 5401 
          5487 5488 5403 5402 
          5488 5489 5404 5403 
          5489 5490 5405 5404 
          5490 5491 5406 5405 
          5491 5492 5407 5406 
          5492 5493 5408 5407 
          5493 5494 5409 5408 
          5494 5495 5410 5409 
          5495 5496 5411 5410 
          5496 5497 5412 5411 
          5497 5498 5413 5412 
          5498 5499 5414 5413 
          5499 5500 5415 5414 
          5500 5501 5416 5415 
          5501 5502 5417 5416 
          5502 5503 5418 5417 
          5503 5504 5419 5418 
          5504 5505 5420 5419 
          5505 5506 5421 5420 
          5506 5507 5422 5421 
          5507 5508 5423 5422 
          5508 5509 5424 5423 
          5509 5510 5425 5424 
          5510 5511 5426 5425 
          5511 5512 5427 5426 
          5512 5513 5428 5427 
          5513 5514 5429 5428 
          5514 5515 5430 5429 
          5515 5516 5431 5430 
          5516 5517 5432 5431 
          5517 5518 5433 5432 
          5518 5519 5434 5433 
          5519 5520 5435 5434 
          5520 5521 5436 5435 
          5521 5522 5437 5436 
          5522 5523 5438 5437 
          5523 5524 5439 5438 
          5525 5526 5441 5440 
          5526 5527 5442 5441 
          5527 5528 5443 5442 
          5528 5529 5444 5443 
          5529 5530 5445 5444 
          5530 5531 5446 5445 
          5531 5532 5447 5446 
          5532 5533 5448 5447 
          5533 5534 5449 5448 
          5534 5535 5450 5449 
          5535 5536 5451 5450 
          5536 5537 5452 5451 
          5537 5538 5453 5452 
          5538 5539 5454 5453 
          5539 5540 5455 5454 
          5540 5541 5456 5455 
          5541 5542 5457 5456 
          5542 5543 5458 5457 
          5543 5544 5459 5458 
          5544 5545 5460 5459 
          5545 5546 5461 5460 
          5546 5547 5462 5461 
          5547 5548 5463 5462 
          5548 5549 5464 5463 
          5549 5550 5465 5464 
          5550 5551 5466 5465 
          5551 5552 5467 5466 
          5552 5553 5468 5467 
          5553 5554 5469 5468 
          5554 5555 5470 5469 
          5555 5556 5471 5470 
          5556 5557 5472 5471 
          5557 5558 5473 5472 
          5558 5559 5474 5473 
          5559 5560 5475 5474 
          5560 5561 5476 5475 
          5561 5562 5477 5476 
          5562 5563 5478 5477 
          5563 5564 5479 5478 
          5564 5565 5480 5479 
          5565 5566 5481 5480 
          5566 5567 5482 5481 
          5567 5568 5483 5482 
          5568 5569 5484 5483 
          5569 5570 5485 5484 
          5570 5571 5486 5485 
          5571 5572 5487 5486 
          5572 5573 5488 5487 
          5573 5574 5489 5488 
          5574 5575 5490 5489 
          5575 5576 5491 5490 
          5576 5577 5492 5491 
          5577 5578 5493 5492 
          5578 5579 5494 5493 
          5579 5580 5495 5494 
          5580 5581 5496 5495 
          5581 5582 5497 5496 
          5582 5583 5498 5497 
          5583 5584 5499 5498 
          5584 5585 5500 5499 
          5585 5586 5501 5500 
          5586 5587 5502 5501 
          5587 5588 5503 5502 
          5588 5589 5504 5503 
          5589 5590 5505 5504 
          5590 5591 5506 5505 
          5591 5592 5507 5506 
          5592 5593 5508 5507 
          5593 5594 5509 5508 
          5594 5595 5510 5509 
          5595 5596 5511 5510 
          5596 5597 5512 5511 
          5597 5598 5513 5512 
          5598 5599 5514 5513 
          5599 5600 5515 5514 
          5600 5601 5516 5515 
          5601 5602 5517 5516 
          5602 5603 5518 5517 
          5603 5604 5519 5518 
          5604 5605 5520 5519 
          5605 5606 5521 5520 
          5606 5607 5522 5521 
          5607 5608 5523 5522 
          5608 5609 5524 5523 
          5610 5611 5526 5525 
          5611 5612 5527 5526 
          5612 5613 5528 5527 
          5613 5614 5529 5528 
          5614 5615 5530 5529 
          5615 5616 5531 5530 
          5616 5617 5532 5531 
          5617 5618 5533 5532 
          5618 5619 5534 5533 
          5619 5620 5535 5534 
          5620 5621 5536 5535 
          5621 5622 5537 5536 
          5622 5623 5538 5537 
          5623 5624 5539 5538 
          5624 5625 5540 5539 
          5625 5626 5541 5540 
          5626 5627 5542 5541 
          5627 5628 5543 5542 
          5628 5629 5544 5543 
          5629 5630 5545 5544 
          5630 5631 5546 5545 
          5631 5632 5547 5546 
          5632 5633 5548 5547 
          5633 5634 5549 5548 
          5634 5635 5550 5549 
          5635 5636 5551 5550 
          5636 5637 5552 5551 
          5637 5638 5553 5552 
          5638 5639 5554 5553 
          5639 5640 5555 5554 
          5640 5641 5556 5555 
          5641 5642 5557 5556 
          5642 5643 5558 5557 
          5643 5644 5559 5558 
          5644 5645 5560 5559 
          5645 5646 5561 5560 
          5646 5647 5562 5561 
          5647 5648 5563 5562 
          5648 5649 5564 5563 
          5649 5650 5565 5564 
          5650 5651 5566 5565 
          5651 5652 5567 5566 
          5652 5653 5568 5567 
          5653 5654 5569 5568 
          5654 5655 5570 5569 
          5655 5656 5571 5570 
          5656 5657 5572 5571 
          5657 5658 5573 5572 
          5658 5659 5574 5573 
          5659 5660 5575 5574 
          5660 5661 5576 5575 
          5661 5662 5577 5576 
          5662 5663 5578 5577 
          5663 5664 5579 5578 
          5664 5665 5580 5579 
          5665 5666 5581 5580 
          5666 5667 5582 5581 
          5667 5668 5583 5582 
          5668 5669 5584 5583 
          5669 5670 5585 5584 
          5670 5671 5586 5585 
          5671 5672 5587 5586 
          5672 5673 5588 5587 
          5673 5674 5589 5588 
          5674 5675 5590 5589 
          5675 5676 5591 5590 
          5676 5677 5592 5591 
          5677 5678 5593 5592 
          5678 5679 5594 5593 
          5679 5680 5595 5594 
          5680 5681 5596 5595 
          5681 5682 5597 5596 
          5682 5683 5598 5597 
          5683 5684 5599 5598 
          5684 5685 5600 5599 
          5685 5686 5601 5600 
          5686 5687 5602 5601 
          5687 5688 5603 5602 
          5688 5689 5604 5603 
          5689 5690 5605 5604 
          5690 5691 5606 5605 
          5691 5692 5607 5606 
          5692 5693 5608 5607 
          5693 5694 5609 5608 
          5695 5696 5611 5610 
          5696 5697 5612 5611 
          5697 5698 5613 5612 
          5698 5699 5614 5613 
          5699 5700 5615 5614 
          5700 5701 5616 5615 
          5701 5702 5617 5616 
          5702 5703 5618 5617 
          5703 5704 5619 5618 
          5704 5705 5620 5619 
          5705 5706 5621 5620 
          5706 5707 5622 5621 
          5707 5708 5623 5622 
          5708 5709 5624 5623 
          5709 5710 5625 5624 
          5710 5711 5626 5625 
          5711 5712 5627 5626 
          5712 5713 5628 5627 
          5713 5714 5629 5628 
          5714 5715 5630 5629 
          5715 5716 5631 5630 
          5716 5717 5632 5631 
          5717 5718 5633 5632 
          5718 5719 5634 5633 
          5719 5720 5635 5634 
          5720 5721 5636 5635 
          5721 5722 5637 5636 
          5722 5723 5638 5637 
          5723 5724 5639 5638 
          5724 5725 5640 5639 
          5725 5726 5641 5640 
          5726 5727 5642 5641 
          5727 5728 5643 5642 
          5728 5729 5644 5643 
          5729 5730 5645 5644 
          5730 5731 5646 5645 
          5731 5732 5647 5646 
          5732 5733 5648 5647 
          5733 5734 5649 5648 
          5734 5735 5650 5649 
          5735 5736 5651 5650 
          5736 5737 5652 5651 
          5737 5738 5653 5652 
          5738 5739 5654 5653 
          5739 5740 5655 5654 
          5740 5741 5656 5655 
          5741 5742 5657 5656 
          5742 5743 5658 5657 
          5743 5744 5659 5658 
          5744 5745 5660 5659 
          5745 5746 5661 5660 
          5746 5747 5662 5661 
          5747 5748 5663 5662 
          5748 5749 5664 5663 
          5749 5750 5665 5664 
          5750 5751 5666 5665 
          5751 5752 5667 5666 
          5752 5753 5668 5667 
          5753 5754 5669 5668 
          5754 5755 5670 5669 
          5755 5756 5671 5670 
          5756 5757 5672 5671 
          5757 5758 5673 5672 
          5758 5759 5674 5673 
          5759 5760 5675 5674 
          5760 5761 5676 5675 
          5761 5762 5677 5676 
          5762 5763 5678 5677 
          5763 5764 5679 5678 
          5764 5765 5680 5679 
          5765 5766 5681 5680 
          5766 5767 5682 5681 
          5767 5768 5683 5682 
          5768 5769 5684 5683 
          5769 5770 5685 5684 
          5770 5771 5686 5685 
          5771 5772 5687 5686 
          5772 5773 5688 5687 
          5773 5774 5689 5688 
          5774 5775 5690 5689 
          5775 5776 5691 5690 
          5776 5777 5692 5691 
          5777 5778 5693 5692 
          5778 5779 5694 5693 
          5780 5781 5696 5695 
          5781 5782 5697 5696 
          5782 5783 5698 5697 
          5783 5784 5699 5698 
          5784 5785 5700 5699 
          5785 5786 5701 5700 
          5786 5787 5702 5701 
          5787 5788 5703 5702 
          5788 5789 5704 5703 
          5789 5790 5705 5704 
          5790 5791 5706 5705 
          5791 5792 5707 5706 
          5792 5793 5708 5707 
          5793 5794 5709 5708 
          5794 5795 5710 5709 
          5795 5796 5711 5710 
          5796 5797 5712 5711 
          5797 5798 5713 5712 
          5798 5799 5714 5713 
          5799 5800 5715 5714 
          5800 5801 5716 5715 
          5801 5802 5717 5716 
          5802 5803 5718 5717 
          5803 5804 5719 5718 
          5804 5805 5720 5719 
          5805 5806 5721 5720 
          5806 5807 5722 5721 
          5807 5808 5723 5722 
          5808 5809 5724 5723 
          5809 5810 5725 5724 
          5810 5811 5726 5725 
          5811 5812 5727 5726 
          5812 5813 5728 5727 
          5813 5814 5729 5728 
          5814 5815 5730 5729 
          5815 5816 5731 5730 
          5816 5817 5732 5731 
          5817 5818 5733 5732 
          5818 5819 5734 5733 
          5819 5820 5735 5734 
          5820 5821 5736 5735 
          5821 5822 5737 5736 
          5822 5823 5738 5737 
          5823 5824 5739 5738 
          5824 5825 5740 5739 
          5825 5826 5741 5740 
          5826 5827 5742 5741 
          5827 5828 5743 5742 
          5828 5829 5744 5743 
          5829 5830 5745 5744 
          5830 5831 5746 5745 
          5831 5832 5747 5746 
          5832 5833 5748 5747 
          5833 5834 5749 5748 
          5834 5835 5750 5749 
          5835 5836 5751 5750 
          5836 5837 5752 5751 
          5837 5838 5753 5752 
          5838 5839 5754 5753 
          5839 5840 5755 5754 
          5840 5841 5756 5755 
          5841 5842 5757 5756 
          5842 5843 5758 5757 
          5843 5844 5759 5758 
          5844 5845 5760 5759 
          5845 5846 5761 5760 
          5846 5847 5762 5761 
          5847 5848 5763 5762 
          5848 5849 5764 5763 
          5849 5850 5765 5764 
          5850 5851 5766 5765 
          5851 5852 5767 5766 
          5852 5853 5768 5767 
          5853 5854 5769 5768 
          5854 5855 5770 5769 
          5855 5856 5771 5770 
          5856 5857 5772 5771 
          5857 5858 5773 5772 
          5858 5859 5774 5773 
          5859 5860 5775 5774 
          5860 5861 5776 5775 
          5861 5862 5777 5776 
          5862 5863 5778 5777 
          5863 5864 5779 5778 
          5865 5866 5781 5780 
          5866 5867 5782 5781 
          5867 5868 5783 5782 
          5868 5869 5784 5783 
          5869 5870 5785 5784 
          5870 5871 5786 5785 
          5871 5872 5787 5786 
          5872 5873 5788 5787 
          5873 5874 5789 5788 
          5874 5875 5790 5789 
          5875 5876 5791 5790 
          5876 5877 5792 5791 
          5877 5878 5793 5792 
          5878 5879 5794 5793 
          5879 5880 5795 5794 
          5880 5881 5796 5795 
          5881 5882 5797 5796 
          5882 5883 5798 5797 
          5883 5884 5799 5798 
          5884 5885 5800 5799 
          5885 5886 5801 5800 
          5886 5887 5802 5801 
          5887 5888 5803 5802 
          5888 5889 5804 5803 
          5889 5890 5805 5804 
          5890 5891 5806 5805 
          5891 5892 5807 5806 
          5892 5893 5808 5807 
          5893 5894 5809 5808 
          5894 5895 5810 5809 
          5895 5896 5811 5810 
          5896 5897 5812 5811 
          5897 5898 5813 5812 
          5898 5899 5814 5813 
          5899 5900 5815 5814 
          5900 5901 5816 5815 
          5901 5902 5817 5816 
          5902 5903 5818 5817 
          5903 5904 5819 5818 
          5904 5905 5820 5819 
          5905 5906 5821 5820 
          5906 5907 5822 5821 
          5907 5908 5823 5822 
          5908 5909 5824 5823 
          5909 5910 5825 5824 
          5910 5911 5826 5825 
          5911 5912 5827 5826 
          5912 5913 5828 5827 
          5913 5914 5829 5828 
          5914 5915 5830 5829 
          5915 5916 5831 5830 
          5916 5917 5832 5831 
          5917 5918 5833 5832 
          5918 5919 5834 5833 
          5919 5920 5835 5834 
          5920 5921 5836 5835 
          5921 5922 5837 5836 
          5922 5923 5838 5837 
          5923 5924 5839 5838 
          5924 5925 5840 5839 
          5925 5926 5841 5840 
          5926 5927 5842 5841 
          5927 5928 5843 5842 
          5928 5929 5844 5843 
          5929 5930 5845 5844 
          5930 5931 5846 5845 
          5931 5932 5847 5846 
          5932 5933 5848 5847 
          5933 5934 5849 5848 
          5934 5935 5850 5849 
          5935 5936 5851 5850 
          5936 5937 5852 5851 
          5937 5938 5853 5852 
          5938 5939 5854 5853 
          5939 5940 5855 5854 
          5940 5941 5856 5855 
          5941 5942 5857 5856 
          5942 5943 5858 5857 
          5943 5944 5859 5858 
          5944 5945 5860 5859 
          5945 5946 5861 5860 
          5946 5947 5862 5861 
          5947 5948 5863 5862 
          5948 5949 5864 5863 
          5950 5951 5866 5865 
          5951 5952 5867 5866 
          5952 5953 5868 5867 
          5953 5954 5869 5868 
          5954 5955 5870 5869 
          5955 5956 5871 5870 
          5956 5957 5872 5871 
          5957 5958 5873 5872 
          5958 5959 5874 5873 
          5959 5960 5875 5874 
          5960 5961 5876 5875 
          5961 5962 5877 5876 
          5962 5963 5878 5877 
          5963 5964 5879 5878 
          5964 5965 5880 5879 
          5965 5966 5881 5880 
          5966 5967 5882 5881 
          5967 5968 5883 5882 
          5968 5969 5884 5883 
          5969 5970 5885 5884 
          5970 5971 5886 5885 
          5971 5972 5887 5886 
          5972 5973 5888 5887 
          5973 5974 5889 5888 
          5974 5975 5890 5889 
          5975 5976 5891 5890 
          5976 5977 5892 5891 
          5977 5978 5893 5892 
          5978 5979 5894 5893 
          5979 5980 5895 5894 
          5980 5981 5896 5895 
          5981 5982 5897 5896 
          5982 5983 5898 5897 
          5983 5984 5899 5898 
          5984 5985 5900 5899 
          5985 5986 5901 5900 
          5986 5987 5902 5901 
          5987 5988 5903 5902 
          5988 5989 5904 5903 
          5989 5990 5905 5904 
          5990 5991 5906 5905 
          5991 5992 5907 5906 
          5992 5993 5908 5907 
          5993 5994 5909 5908 
          5994 5995 5910 5909 
          5995 5996 5911 5910 
          5996 5997 5912 5911 
          5997 5998 5913 5912 
          5998 5999 5914 5913 
          5999 6000 5915 5914 
          6000 6001 5916 5915 
          6001 6002 5917 5916 
          6002 6003 5918 5917 
          6003 6004 5919 5918 
          6004 6005 5920 5919 
          6005 6006 5921 5920 
          6006 6007 5922 5921 
          6007 6008 5923 5922 
          6008 6009 5924 5923 
          6009 6010 5925 5924 
          6010 6011 5926 5925 
          6011 6012 5927 5926 
          6012 6013 5928 5927 
          6013 6014 5929 5928 
          6014 6015 5930 5929 
          6015 6016 5931 5930 
          6016 6017 5932 5931 
          6017 6018 5933 5932 
          6018 6019 5934 5933 
          6019 6020 5935 5934 
          6020 6021 5936 5935 
          6021 6022 5937 5936 
          6022 6023 5938 5937 
          6023 6024 5939 5938 
          6024 6025 5940 5939 
          6025 6026 5941 5940 
          6026 6027 5942 5941 
          6027 6028 5943 5942 
          6028 6029 5944 5943 
          6029 6030 5945 5944 
          6030 6031 5946 5945 
          6031 6032 5947 5946 
          6032 6033 5948 5947 
          6033 6034 5949 5948 
          6035 6036 5951 5950 
          6036 6037 5952 5951 
          6037 6038 5953 5952 
          6038 6039 5954 5953 
          6039 6040 5955 5954 
          6040 6041 5956 5955 
          6041 6042 5957 5956 
          6042 6043 5958 5957 
          6043 6044 5959 5958 
          6044 6045 5960 5959 
          6045 6046 5961 5960 
          6046 6047 5962 5961 
          6047 6048 5963 5962 
          6048 6049 5964 5963 
          6049 6050 5965 5964 
          6050 6051 5966 5965 
          6051 6052 5967 5966 
          6052 6053 5968 5967 
          6053 6054 5969 5968 
          6054 6055 5970 5969 
          6055 6056 5971 5970 
          6056 6057 5972 5971 
          6057 6058 5973 5972 
          6058 6059 5974 5973 
          6059 6060 5975 5974 
          6060 6061 5976 5975 
          6061 6062 5977 5976 
          6062 6063 5978 5977 
          6063 6064 5979 5978 
          6064 6065 5980 5979 
          6065 6066 5981 5980 
          6066 6067 5982 5981 
          6067 6068 5983 5982 
          6068 6069 5984 5983 
          6069 6070 5985 5984 
          6070 6071 5986 5985 
          6071 6072 5987 5986 
          6072 6073 5988 5987 
          6073 6074 5989 5988 
          6074 6075 5990 5989 
          6075 6076 5991 5990 
          6076 6077 5992 5991 
          6077 6078 5993 5992 
          6078 6079 5994 5993 
          6079 6080 5995 5994 
          6080 6081 5996 5995 
          6081 6082 5997 5996 
          6082 6083 5998 5997 
          6083 6084 5999 5998 
          6084 6085 6000 5999 
          6085 6086 6001 6000 
          6086 6087 6002 6001 
          6087 6088 6003 6002 
          6088 6089 6004 6003 
          6089 6090 6005 6004 
          6090 6091 6006 6005 
          6091 6092 6007 6006 
          6092 6093 6008 6007 
          6093 6094 6009 6008 
          6094 6095 6010 6009 
          6095 6096 6011 6010 
          6096 6097 6012 6011 
          6097 6098 6013 6012 
          6098 6099 6014 6013 
          6099 6100 6015 6014 
          6100 6101 6016 6015 
          6101 6102 6017 6016 
          6102 6103 6018 6017 
          6103 6104 6019 6018 
          6104 6105 6020 6019 
          6105 6106 6021 6020 
          6106 6107 6022 6021 
          6107 6108 6023 6022 
          6108 6109 6024 6023 
          6109 6110 6025 6024 
          6110 6111 6026 6025 
          6111 6112 6027 6026 
          6112 6113 6028 6027 
          6113 6114 6029 6028 
          6114 6115 6030 6029 
          6115 6116 6031 6030 
          6116 6117 6032 6031 
          6117 6118 6033 6032 
          6118 6119 6034 6033 
          6120 6121 6036 6035 
          6121 6122 6037 6036 
          6122 6123 6038 6037 
          6123 6124 6039 6038 
          6124 6125 6040 6039 
          6125 6126 6041 6040 
          6126 6127 6042 6041 
          6127 6128 6043 6042 
          6128 6129 6044 6043 
          6129 6130 6045 6044 
          6130 6131 6046 6045 
          6131 6132 6047 6046 
          6132 6133 6048 6047 
          6133 6134 6049 6048 
          6134 6135 6050 6049 
          6135 6136 6051 6050 
          6136 6137 6052 6051 
          6137 6138 6053 6052 
          6138 6139 6054 6053 
          6139 6140 6055 6054 
          6140 6141 6056 6055 
          6141 6142 6057 6056 
          6142 6143 6058 6057 
          6143 6144 6059 6058 
          6144 6145 6060 6059 
          6145 6146 6061 6060 
          6146 6147 6062 6061 
          6147 6148 6063 6062 
          6148 6149 6064 6063 
          6149 6150 6065 6064 
          6150 6151 6066 6065 
          6151 6152 6067 6066 
          6152 6153 6068 6067 
          6153 6154 6069 6068 
          6154 6155 6070 6069 
          6155 6156 6071 6070 
          6156 6157 6072 6071 
          6157 6158 6073 6072 
          6158 6159 6074 6073 
          6159 6160 6075 6074 
          6160 6161 6076 6075 
          6161 6162 6077 6076 
          6162 6163 6078 6077 
          6163 6164 6079 6078 
          6164 6165 6080 6079 
          6165 6166 6081 6080 
          6166 6167 6082 6081 
          6167 6168 6083 6082 
          6168 6169 6084 6083 
          6169 6170 6085 6084 
          6170 6171 6086 6085 
          6171 6172 6087 6086 
          6172 6173 6088 6087 
          6173 6174 6089 6088 
          6174 6175 6090 6089 
          6175 6176 6091 6090 
          6176 6177 6092 6091 
          6177 6178 6093 6092 
          6178 6179 6094 6093 
          6179 6180 6095 6094 
          6180 6181 6096 6095 
          6181 6182 6097 6096 
          6182 6183 6098 6097 
          6183 6184 6099 6098 
          6184 6185 6100 6099 
          6185 6186 6101 6100 
          6186 6187 6102 6101 
          6187 6188 6103 6102 
          6188 6189 6104 6103 
          6189 6190 6105 6104 
          6190 6191 6106 6105 
          6191 6192 6107 6106 
          6192 6193 6108 6107 
          6193 6194 6109 6108 
          6194 6195 6110 6109 
          6195 6196 6111 6110 
          6196 6197 6112 6111 
          6197 6198 6113 6112 
          6198 6199 6114 6113 
          6199 6200 6115 6114 
          6200 6201 6116 6115 
          6201 6202 6117 6116 
          6202 6203 6118 6117 
          6203 6204 6119 6118 
          6205 6206 6121 6120 
          6206 6207 6122 6121 
          6207 6208 6123 6122 
          6208 6209 6124 6123 
          6209 6210 6125 6124 
          6210 6211 6126 6125 
          6211 6212 6127 6126 
          6212 6213 6128 6127 
          6213 6214 6129 6128 
          6214 6215 6130 6129 
          6215 6216 6131 6130 
          6216 6217 6132 6131 
          6217 6218 6133 6132 
          6218 6219 6134 6133 
          6219 6220 6135 6134 
          6220 6221 6136 6135 
          6221 6222 6137 6136 
          6222 6223 6138 6137 
          6223 6224 6139 6138 
          6224 6225 6140 6139 
          6225 6226 6141 6140 
          6226 6227 6142 6141 
          6227 6228 6143 6142 
          6228 6229 6144 6143 
          6229 6230 6145 6144 
          6230 6231 6146 6145 
          6231 6232 6147 6146 
          6232 6233 6148 6147 
          6233 6234 6149 6148 
          6234 6235 6150 6149 
          6235 6236 6151 6150 
          6236 6237 6152 6151 
          6237 6238 6153 6152 
          6238 6239 6154 6153 
          6239 6240 6155 6154 
          6240 6241 6156 6155 
          6241 6242 6157 6156 
          6242 6243 6158 6157 
          6243 6244 6159 6158 
          6244 6245 6160 6159 
          6245 6246 6161 6160 
          6246 6247 6162 6161 
          6247 6248 6163 6162 
          6248 6249 6164 6163 
          6249 6250 6165 6164 
          6250 6251 6166 6165 
          6251 6252 6167 6166 
          6252 6253 6168 6167 
          6253 6254 6169 6168 
          6254 6255 6170 6169 
          6255 6256 6171 6170 
          6256 6257 6172 6171 
          6257 6258 6173 6172 
          6258 6259 6174 6173 
          6259 6260 6175 6174 
          6260 6261 6176 6175 
          6261 6262 6177 6176 
          6262 6263 6178 6177 
          6263 6264 6179 6178 
          6264 6265 6180 6179 
          6265 6266 6181 6180 
          6266 6267 6182 6181 
          6267 6268 6183 6182 
          6268 6269 6184 6183 
          6269 6270 6185 6184 
          6270 6271 6186 6185 
          6271 6272 6187 6186 
          6272 6273 6188 6187 
          6273 6274 6189 6188 
          6274 6275 6190 6189 
          6275 6276 6191 6190 
          6276 6277 6192 6191 
          6277 6278 6193 6192 
          6278 6279 6194 6193 
          6279 6280 6195 6194 
          6280 6281 6196 6195 
          6281 6282 6197 6196 
          6282 6283 6198 6197 
          6283 6284 6199 6198 
          6284 6285 6200 6199 
          6285 6286 6201 6200 
          6286 6287 6202 6201 
          6287 6288 6203 6202 
          6288 6289 6204 6203 
          6290 6291 6206 6205 
          6291 6292 6207 6206 
          6292 6293 6208 6207 
          6293 6294 6209 6208 
          6294 6295 6210 6209 
          6295 6296 6211 6210 
          6296 6297 6212 6211 
          6297 6298 6213 6212 
          6298 6299 6214 6213 
          6299 6300 6215 6214 
          6300 6301 6216 6215 
          6301 6302 6217 6216 
          6302 6303 6218 6217 
          6303 6304 6219 6218 
          6304 6305 6220 6219 
          6305 6306 6221 6220 
          6306 6307 6222 6221 
          6307 6308 6223 6222 
          6308 6309 6224 6223 
          6309 6310 6225 6224 
          6310 6311 6226 6225 
          6311 6312 6227 6226 
          6312 6313 6228 6227 
          6313 6314 6229 6228 
          6314 6315 6230 6229 
          6315 6316 6231 6230 
          6316 6317 6232 6231 
          6317 6318 6233 6232 
          6318 6319 6234 6233 
          6319 6320 6235 6234 
          6320 6321 6236 6235 
          6321 6322 6237 6236 
          6322 6323 6238 6237 
          6323 6324 6239 6238 
          6324 6325 6240 6239 
          6325 6326 6241 6240 
          6326 6327 6242 6241 
          6327 6328 6243 6242 
          6328 6329 6244 6243 
          6329 6330 6245 6244 
          6330 6331 6246 6245 
          6331 6332 6247 6246 
          6332 6333 6248 6247 
          6333 6334 6249 6248 
          6334 6335 6250 6249 
          6335 6336 6251 6250 
          6336 6337 6252 6251 
          6337 6338 6253 6252 
          6338 6339 6254 6253 
          6339 6340 6255 6254 
          6340 6341 6256 6255 
          6341 6342 6257 6256 
          6342 6343 6258 6257 
          6343 6344 6259 6258 
          6344 6345 6260 6259 
          6345 6346 6261 6260 
          6346 6347 6262 6261 
          6347 6348 6263 6262 
          6348 6349 6264 6263 
          6349 6350 6265 6264 
          6350 6351 6266 6265 
          6351 6352 6267 6266 
          6352 6353 6268 6267 
          6353 6354 6269 6268 
          6354 6355 6270 6269 
          6355 6356 6271 6270 
          6356 6357 6272 6271 
          6357 6358 6273 6272 
          6358 6359 6274 6273 
          6359 6360 6275 6274 
          6360 6361 6276 6275 
          6361 6362 6277 6276 
          6362 6363 6278 6277 
          6363 6364 6279 6278 
          6364 6365 6280 6279 
          6365 6366 6281 6280 
          6366 6367 6282 6281 
          6367 6368 6283 6282 
          6368 6369 6284 6283 
          6369 6370 6285 6284 
          6370 6371 6286 6285 
          6371 6372 6287 6286 
          6372 6373 6288 6287 
          6373 6374 6289 6288 
          6375 6376 6291 6290 
          6376 6377 6292 6291 
          6377 6378 6293 6292 
          6378 6379 6294 6293 
          6379 6380 6295 6294 
          6380 6381 6296 6295 
          6381 6382 6297 6296 
          6382 6383 6298 6297 
          6383 6384 6299 6298 
          6384 6385 6300 6299 
          6385 6386 6301 6300 
          6386 6387 6302 6301 
          6387 6388 6303 6302 
          6388 6389 6304 6303 
          6389 6390 6305 6304 
          6390 6391 6306 6305 
          6391 6392 6307 6306 
          6392 6393 6308 6307 
          6393 6394 6309 6308 
          6394 6395 6310 6309 
          6395 6396 6311 6310 
          6396 6397 6312 6311 
          6397 6398 6313 6312 
          6398 6399 6314 6313 
          6399 6400 6315 6314 
          6400 6401 6316 6315 
          6401 6402 6317 6316 
          6402 6403 6318 6317 
          6403 6404 6319 6318 
          6404 6405 6320 6319 
          6405 6406 6321 6320 
          6406 6407 6322 6321 
          6407 6408 6323 6322 
          6408 6409 6324 6323 
          6409 6410 6325 6324 
          6410 6411 6326 6325 
          6411 6412 6327 6326 
          6412 6413 6328 6327 
          6413 6414 6329 6328 
          6414 6415 6330 6329 
          6415 6416 6331 6330 
          6416 6417 6332 6331 
          6417 6418 6333 6332 
          6418 6419 6334 6333 
          6419 6420 6335 6334 
          6420 6421 6336 6335 
          6421 6422 6337 6336 
          6422 6423 6338 6337 
          6423 6424 6339 6338 
          6424 6425 6340 6339 
          6425 6426 6341 6340 
          6426 6427 6342 6341 
          6427 6428 6343 6342 
          6428 6429 6344 6343 
          6429 6430 6345 6344 
          6430 6431 6346 6345 
          6431 6432 6347 6346 
          6432 6433 6348 6347 
          6433 6434 6349 6348 
          6434 6435 6350 6349 
          6435 6436 6351 6350 
          6436 6437 6352 6351 
          6437 6438 6353 6352 
          6438 6439 6354 6353 
          6439 6440 6355 6354 
          6440 6441 6356 6355 
          6441 6442 6357 6356 
          6442 6443 6358 6357 
          6443 6444 6359 6358 
          6444 6445 6360 6359 
          6445 6446 6361 6360 
          6446 6447 6362 6361 
          6447 6448 6363 6362 
          6448 6449 6364 6363 
          6449 6450 6365 6364 
          6450 6451 6366 6365 
          6451 6452 6367 6366 
          6452 6453 6368 6367 
          6453 6454 6369 6368 
          6454 6455 6370 6369 
          6455 6456 6371 6370 
          6456 6457 6372 6371 
          6457 6458 6373 6372 
          6458 6459 6374 6373 
          6460 6461 6376 6375 
          6461 6462 6377 6376 
          6462 6463 6378 6377 
          6463 6464 6379 6378 
          6464 6465 6380 6379 
          6465 6466 6381 6380 
          6466 6467 6382 6381 
          6467 6468 6383 6382 
          6468 6469 6384 6383 
          6469 6470 6385 6384 
          6470 6471 6386 6385 
          6471 6472 6387 6386 
          6472 6473 6388 6387 
          6473 6474 6389 6388 
          6474 6475 6390 6389 
          6475 6476 6391 6390 
          6476 6477 6392 6391 
          6477 6478 6393 6392 
          6478 6479 6394 6393 
          6479 6480 6395 6394 
          6480 6481 6396 6395 
          6481 6482 6397 6396 
          6482 6483 6398 6397 
          6483 6484 6399 6398 
          6484 6485 6400 6399 
          6485 6486 6401 6400 
          6486 6487 6402 6401 
          6487 6488 6403 6402 
          6488 6489 6404 6403 
          6489 6490 6405 6404 
          6490 6491 6406 6405 
          6491 6492 6407 6406 
          6492 6493 6408 6407 
          6493 6494 6409 6408 
          6494 6495 6410 6409 
          6495 6496 6411 6410 
          6496 6497 6412 6411 
          6497 6498 6413 6412 
          6498 6499 6414 6413 
          6499 6500 6415 6414 
          6500 6501 6416 6415 
          6501 6502 6417 6416 
          6502 6503 6418 6417 
          6503 6504 6419 6418 
          6504 6505 6420 6419 
          6505 6506 6421 6420 
          6506 6507 6422 6421 
          6507 6508 6423 6422 
          6508 6509 6424 6423 
          6509 6510 6425 6424 
          6510 6511 6426 6425 
          6511 6512 6427 6426 
          6512 6513 6428 6427 
          6513 6514 6429 6428 
          6514 6515 6430 6429 
          6515 6516 6431 6430 
          6516 6517 6432 6431 
          6517 6518 6433 6432 
          6518 6519 6434 6433 
          6519 6520 6435 6434 
          6520 6521 6436 6435 
          6521 6522 6437 6436 
          6522 6523 6438 6437 
          6523 6524 6439 6438 
          6524 6525 6440 6439 
          6525 6526 6441 6440 
          6526 6527 6442 6441 
          6527 6528 6443 6442 
          6528 6529 6444 6443 
          6529 6530 6445 6444 
          6530 6531 6446 6445 
          6531 6532 6447 6446 
          6532 6533 6448 6447 
          6533 6534 6449 6448 
          6534 6535 6450 6449 
          6535 6536 6451 6450 
          6536 6537 6452 6451 
          6537 6538 6453 6452 
          6538 6539 6454 6453 
          6539 6540 6455 6454 
          6540 6541 6456 6455 
          6541 6542 6457 6456 
          6542 6543 6458 6457 
          6543 6544 6459 6458 
          6545 6546 6461 6460 
          6546 6547 6462 6461 
          6547 6548 6463 6462 
          6548 6549 6464 6463 
          6549 6550 6465 6464 
          6550 6551 6466 6465 
          6551 6552 6467 6466 
          6552 6553 6468 6467 
          6553 6554 6469 6468 
          6554 6555 6470 6469 
          6555 6556 6471 6470 
          6556 6557 6472 6471 
          6557 6558 6473 6472 
          6558 6559 6474 6473 
          6559 6560 6475 6474 
          6560 6561 6476 6475 
          6561 6562 6477 6476 
          6562 6563 6478 6477 
          6563 6564 6479 6478 
          6564 6565 6480 6479 
          6565 6566 6481 6480 
          6566 6567 6482 6481 
          6567 6568 6483 6482 
          6568 6569 6484 6483 
          6569 6570 6485 6484 
          6570 6571 6486 6485 
          6571 6572 6487 6486 
          6572 6573 6488 6487 
          6573 6574 6489 6488 
          6574 6575 6490 6489 
          6575 6576 6491 6490 
          6576 6577 6492 6491 
          6577 6578 6493 6492 
          6578 6579 6494 6493 
          6579 6580 6495 6494 
          6580 6581 6496 6495 
          6581 6582 6497 6496 
          6582 6583 6498 6497 
          6583 6584 6499 6498 
          6584 6585 6500 6499 
          6585 6586 6501 6500 
          6586 6587 6502 6501 
          6587 6588 6503 6502 
          6588 6589 6504 6503 
          6589 6590 6505 6504 
          6590 6591 6506 6505 
          6591 6592 6507 6506 
          6592 6593 6508 6507 
          6593 6594 6509 6508 
          6594 6595 6510 6509 
          6595 6596 6511 6510 
          6596 6597 6512 6511 
          6597 6598 6513 6512 
          6598 6599 6514 6513 
          6599 6600 6515 6514 
          6600 6601 6516 6515 
          6601 6602 6517 6516 
          6602 6603 6518 6517 
          6603 6604 6519 6518 
          6604 6605 6520 6519 
          6605 6606 6521 6520 
          6606 6607 6522 6521 
          6607 6608 6523 6522 
          6608 6609 6524 6523 
          6609 6610 6525 6524 
          6610 6611 6526 6525 
          6611 6612 6527 6526 
          6612 6613 6528 6527 
          6613 6614 6529 6528 
          6614 6615 6530 6529 
          6615 6616 6531 6530 
          6616 6617 6532 6531 
          6617 6618 6533 6532 
          6618 6619 6534 6533 
          6619 6620 6535 6534 
          6620 6621 6536 6535 
          6621 6622 6537 6536 
          6622 6623 6538 6537 
          6623 6624 6539 6538 
          6624 6625 6540 6539 
          6625 6626 6541 6540 
          6626 6627 6542 6541 
          6627 6628 6543 6542 
          6628 6629 6544 6543 
        </DataArray>
        <DataArray type="Int64" Name="offsets" format="ascii">
          4 8 12 16 20 24 28 32 36 40 44 48 52 56 60 64 68 72 76 80 84 
          88 92 96 100 104 108 112 116 120 124 128 132 136 140 144 148 152 156 160 164 
          168 172 176 180 184 188 192 196 200 204 208 212 216 220 224 228 232 236 240 244 
          248 252 256 260 264 268 272 276 280 284 288 292 296 300 304 308 312 316 320 324 
          328 332 336 340 344 348 352 356 360 364 368 372 376 380 384 388 392 396 400 404 
          408 412 416 420 424 428 432 436 440 444 448 452 456 460 464 468 472 476 480 484 
          488 492 496 500 504 508 512 516 520 524 528 532 536 540 544 548 552 556 560 564 
          568 572 576 580 584 588 592 596 600 604 608 612 616 620 624 628 632 636 640 644 
          648 652 656 660 664 668 672 676 680 684 688 692 696 700 704 708 712 716 720 724 
          728 732 736 740 744 748 752 756 760 764 768 772 776 780 784 788 792 796 800 804 
          808 812 816 820 824 828 832 836 840 844 848 852 856 860 864 868 872 876 880 884 
          888 892 896 900 904 908 912 916 920 924 928 932 936 940 944 948 952 956 960 964 
          968 972 976 980 984 988 992 996 1000 1004 1008 1012 1016 1020 1024 1028 1032 1036 1040 1044 
          1048 1052 1056 1060 1064 1068 1072 1076 1080 1084 1088 1092 1096 1100 1104 1108 1112 1116 1120 1124 
          1128 1132 1136 1140 1144 1148 1152 1156 1160 1164 1168 1172 1176 1180 1184 1188 1192 1196 1200 1204 
          1208 1212 1216 1220 1224 1228 1232 1236 1240 1244 1248 1252 1256 1260 1264 1268 1272 1276 1280 1284 
          1288 1292 1296 1300 1304 1308 1312 1316 1320 1324 1328 1332 1336 1340 1344 1348 1352 1356 1360 1364 
          1368 1372 1376 1380 1384 1388 1392 1396 1400 1404 1408 1412 1416 1420 1424 1428 1432 1436 1440 1444 
          1448 1452 1456 1460 1464 1468 1472 1476 1480 1484 1488 1492 1496 1500 1504 1508 1512 1516 1520 1524 
          1528 1532 1536 1540 1544 1548 1552 1556 1560 1564 1568 1572 1576 1580 1584 1588 1592 1596 1600 1604 
          1608 1612 1616 1620 1624 1628 1632 1636 1640 1644 1648 1652 1656 1660 1664 1668 1672 1676 1680 1684 
          1688 1692 1696 1700 1704 1708 1712 1716 1720 1724 1728 1732 1736 1740 1744 1748 1752 1756 1760 1764 
          1768 1772 1776 1780 1784 1788 1792 1796 1800 1804 1808 1812 1816 1820 1824 1828 1832 1836 1840 1844 
          1848 1852 1856 1860 1864 1868 1872 1876 1880 1884 1888 1892 1896 1900 1904 1908 1912 1916 1920 1924 
          1928 1932 1936 1940 1944 1948 1952 1956 1960 1964 1968 1972 1976 1980 1984 1988 1992 1996 2000 2004 
          2008 2012 2016 2020 2024 2028 2032 2036 2040 2044 2048 2052 2056 2060 2064 2068 2072 2076 2080 2084 
          2088 2092 2096 2100 2104 2108 2112 2116 2120 2124 2128 2132 2136 2140 2144 2148 2152 2156 2160 2164 
          2168 2172 2176 2180 2184 2188 2192 2196 2200 2204 2208 2212 2216 2220 2224 2228 2232 2236 2240 2244 
          2248 2252 2256 2260 2264 2268 2272 2276 2280 2284 2288 2292 2296 2300 2304 2308 2312 2316 2320 2324 
          2328 2332 2336 2340 2344 2348 2352 2356 2360 2364 2368 2372 2376 2380 2384 2388 2392 2396 2400 2404 
          2408 2412 2416 2420 2424 2428 2432 2436 2440 2444 2448 2452 2456 2460 2464 2468 2472 2476 2480 2484 
          2488 2492 2496 2500 2504 2508 2512 2516 2520 2524 2528 2532 2536 2540 2544 2548 2552 2556 2560 2564 
          2568 2572 2576 2580 2584 2588 2592 2596 2600 2604 2608 2612 2616 2620 2624 2628 2632 2636 2640 2644 
          2648 2652 2656 2660 2664 2668 2672 2676 2680 2684 2688 2692 2696 2700 2704 2708 2712 2716 2720 2724 
          2728 2732 2736 2740 2744 2748 2752 2756 2760 2764 2768 2772 2776 2780 2784 2788 2792 2796 2800 2804 
          2808 2812 2816 2820 2824 2828 2832 2836 2840 2844 2848 2852 2856 2860 2864 2868 2872 2876 2880 2884 
          2888 2892 2896 2900 2904 2908 2912 2916 2920 2924 2928 2932 2936 2940 2944 2948 2952 2956 2960 2964 
          2968 2972 2976 2980 2984 2988 2992 2996 3000 3004 3008 3012 3016 3020 3024 3028 3032 3036 3040 3044 
          3048 3052 3056 3060 3064 3068 3072 3076 3080 3084 3088 3092 3096 3100 3104 3108 3112 3116 3120 3124 
          3128 3132 3136 3140 3144 3148 3152 3156 3160 3164 3168 3172 3176 3180 3184 3188 3192 3196 3200 3204 
          3208 3212 3216 3220 3224 3228 3232 3236 3240 3244 3248 3252 3256 3260 3264 3268 3272 3276 3280 3284 
          3288 3292 3296 3300 3304 3308 3312 3316 3320 3324 3328 3332 3336 3340 3344 3348 3352 3356 3360 3364 
          3368 3372 3376 3380 3384 3388 3392 3396 3400 3404 3408 3412 3416 3420 3424 3428 3432 3436 3440 3444 
          3448 3452 3456 3460 3464 3468 3472 3476 3480 3484 3488 3492 3496 3500 3504 3508 3512 3516 3520 3524 
          3528 3532 3536 3540 3544 3548 3552 3556 3560 3564 3568 3572 3576 3580 3584 3588 3592 3596 3600 3604 
          3608 3612 3616 3620 3624 3628 3632 3636 3640 3644 3648 3652 3656 3660 3664 3668 3672 3676 3680 3684 
          3688 3692 3696 3700 3704 3708 3712 3716 3720 3724 3728 3732 3736 3740 3744 3748 3752 3756 3760 3764 
          3768 3772 3776 3780 3784 3788 3792 3796 3800 3804 3808 3812 3816 3820 3824 3828 3832 3836 3840 3844 
          3848 3852 3856 3860 3864 3868 3872 3876 3880 3884 3888 3892 3896 3900 3904 3908 3912 3916 3920 3924 
          3928 3932 3936 3940 3944 3948 3952 3956 3960 3964 3968 3972 3976 3980 3984 3988 3992 3996 4000 4004 
          4008 4012 4016 4020 4024 4028 4032 4036 4040 4044 4048 4052 4056 4060 4064 4068 4072 4076 4080 4084 
          4088 4092 4096 4100 4104 4108 4112 4116 4120 4124 4128 4132 4136 4140 4144 4148 4152 4156 4160 4164 
          4168 4172 4176 4180 4184 4188 4192 4196 4200 4204 4208 4212 4216 4220 4224 4228 4232 4236 4240 4244 
          4248 4252 4256 4260 4264 4268 4272 4276 4280 4284 4288 4292 4296 4300 4304 4308 4312 4316 4320 4324 
          4328 4332 4336 4340 4344 4348 4352 4356 4360 4364 4368 4372 4376 4380 4384 4388 4392 4396 4400 4404 
          4408 4412 4416 4420 4424 4428 4432 4436 4440 4444 4448 4452 4456 4460 4464 4468 4472 4476 4480 4484 
          4488 4492 4496 4500 4504 4508 4512 4516 4520 4524 4528 4532 4536 4540 4544 4548 4552 4556 4560 4564 
          4568 4572 4576 4580 4584 4588 4592 4596 4600 4604 4608 4612 4616 4620 4624 4628 4632 4636 4640 4644 
          4648 4652 4656 4660 4664 4668 4672 4676 4680 4684 4688 4692 4696 4700 4704 4708 4712 4716 4720 4724 
          4728 4732 4736 4740 4744 4748 4752 4756 4760 4764 4768 4772 4776 4780 4784 4788 4792 4796 4800 4804 
          4808 4812 4816 4820 4824 4828 4832 4836 4840 4844 4848 4852 4856 4860 4864 4868 4872 4876 4880 4884 
          4888 4892 4896 4900 4904 4908 4912 4916 4920 4924 4928 4932 4936 4940 4944 4948 4952 4956 4960 4964 
          4968 4972 4976 4980 4984 4988 4992 4996 5000 5004 5008 5012 5016 5020 5024 5028 5032 5036 5040 5044 
          5048 5052 5056 5060 5064 5068 5072 5076 5080 5084 5088 5092 5096 5100 5104 5108 5112 5116 5120 5124 
          5128 5132 5136 5140 5144 5148 5152 5156 5160 5164 5168 5172 5176 5180 5184 5188 5192 5196 5200 5204 
          5208 5212 5216 5220 5224 5228 5232 5236 5240 5244 5248 5252 5256 5260 5264 5268 5272 5276 5280 5284 
          5288 5292 5296 5300 5304 5308 5312 5316 5320 5324 5328 5332 5336 5340 5344 5348 5352 5356 5360 5364 
          5368 5372 5376 5380 5384 5388 5392 5396 5400 5404 5408 5412 5416 5420 5424 5428 5432 5436 5440 5444 
          5448 5452 5456 5460 5464 5468 5472 5476 5480 5484 5488 5492 5496 5500 5504 5508 5512 5516 5520 5524 
          5528 5532 5536 5540 5544 5548 5552 5556 5560 5564 5568 5572 5576 5580 5584 5588 5592 5596 5600 5604 
          5608 5612 5616 5620 5624 5628 5632 5636 5640 5644 5648 5652 5656 5660 5664 5668 5672 5676 5680 5684 
          5688 5692 5696 5700 5704 5708 5712 5716 5720 5724 5728 5732 5736 5740 5744 5748 5752 5756 5760 5764 
          5768 5772 5776 5780 5784 5788 5792 5796 5800 5804 5808 5812 5816 5820 5824 5828 5832 5836 5840 5844 
          5848 5852 5856 5860 5864 5868 5872 5876 5880 5884 5888 5892 5896 5900 5904 5908 5912 5916 5920 5924 
          5928 5932 5936 5940 5944 5948 5952 5956 5960 5964 5968 5972 5976 5980 5984 5988 5992 5996 6000 6004 
          6008 6012 6016 6020 6024 6028 6032 6036 6040 6044 6048 6052 6056 6060 6064 6068 6072 6076 6080 6084 
          6088 6092 6096 6100 6104 6108 6112 6116 6120 6124 6128 6132 6136 6140 6144 6148 6152 6156 6160 6164 
          6168 6172 6176 6180 6184 6188 6192 6196 6200 6204 6208 6212 6216 6220 6224 6228 6232 6236 6240 6244 
          6248 6252 6256 6260 6264 6268 6272 6276 6280 6284 6288 6292 6296 6300 6304 6308 6312 6316 6320 6324 
          6328 6332 6336 6340 6344 6348 6352 6356 6360 6364 6368 6372 6376 6380 6384 6388 6392 6396 6400 6404 
          6408 6412 6416 6420 6424 6428 6432 6436 6440 6444 6448 6452 6456 6460 6464 6468 6472 6476 6480 6484 
          6488 6492 6496 6500 6504 6508 6512 6516 6520 6524 6528 6532 6536 6540 6544 6548 6552 6556 6560 6564 
          6568 6572 6576 6580 6584 6588 6592 6596 6600 6604 6608 6612 6616 6620 6624 6628 6632 6636 6640 6644 
          6648 6652 6656 6660 6664 6668 6672 6676 6680 6684 6688 6692 6696 6700 6704 6708 6712 6716 6720 6724 
          6728 6732 6736 6740 6744 6748 6752 6756 6760 6764 6768 6772 6776 6780 6784 6788 6792 6796 6800 6804 
          6808 6812 6816 6820 6824 6828 6832 6836 6840 6844 6848 6852 6856 6860 6864 6868 6872 6876 6880 6884 
          6888 6892 6896 6900 6904 6908 6912 6916 6920 6924 6928 6932 6936 6940 6944 6948 6952 6956 6960 6964 
          6968 6972 6976 6980 6984 6988 6992 6996 7000 7004 7008 7012 7016 7020 7024 7028 7032 7036 7040 7044 
          7048 7052 7056 7060 7064 7068 7072 7076 7080 7084 7088 7092 7096 7100 7104 7108 7112 7116 7120 7124 
          7128 7132 7136 7140 7144 7148 7152 7156 7160 7164 7168 7172 7176 7180 7184 7188 7192 7196 7200 7204 
          7208 7212 7216 7220 7224 7228 7232 7236 7240 7244 7248 7252 7256 7260 7264 7268 7272 7276 7280 7284 
          7288 7292 7296 7300 7304 7308 7312 7316 7320 7324 7328 7332 7336 7340 7344 7348 7352 7356 7360 7364 
          7368 7372 7376 7380 7384 7388 7392 7396 7400 7404 7408 7412 7416 7420 7424 7428 7432 7436 7440 7444 
          7448 7452 7456 7460 7464 7468 7472 7476 7480 7484 7488 7492 7496 7500 7504 7508 7512 7516 7520 7524 
          7528 7532 7536 7540 7544 7548 7552 7556 7560 7564 7568 7572 7576 7580 7584 7588 7592 7596 7600 7604 
          7608 7612 7616 7620 7624 7628 7632 7636 7640 7644 7648 7652 7656 7660 7664 7668 7672 7676 7680 7684 
          7688 7692 7696 7700 7704 7708 7712 7716 7720 7724 7728 7732 7736 7740 7744 7748 7752 7756 7760 7764 
          7768 7772 7776 7780 7784 7788 7792 7796 7800 7804 7808 7812 7816 7820 7824 7828 7832 7836 7840 7844 
          7848 7852 7856 7860 7864 7868 7872 7876 7880 7884 7888 7892 7896 7900 7904 7908 7912 7916 7920 7924 
          7928 7932 7936 7940 7944 7948 7952 7956 7960 7964 7968 7972 7976 7980 7984 7988 7992 7996 8000 8004 
          8008 8012 8016 8020 8024 8028 8032 8036 8040 8044 8048 8052 8056 8060 8064 8068 8072 8076 8080 8084 
          8088 8092 8096 8100 8104 8108 8112 8116 8120 8124 8128 8132 8136 8140 8144 8148 8152 8156 8160 8164 
          8168 8172 8176 8180 8184 8188 8192 8196 8200 8204 8208 8212 8216 8220 8224 8228 8232 8236 8240 8244 
          8248 8252 8256 8260 8264 8268 8272 8276 8280 8284 8288 8292 8296 8300 8304 8308 8312 8316 8320 8324 
          8328 8332 8336 8340 8344 8348 8352 8356 8360 8364 8368 8372 8376 8380 8384 8388 8392 8396 8400 8404 
          8408 8412 8416 8420 8424 8428 8432 8436 8440 8444 8448 8452 8456 8460 8464 8468 8472 8476 8480 8484 
          8488 8492 8496 8500 8504 8508 8512 8516 8520 8524 8528 8532 8536 8540 8544 8548 8552 8556 8560 8564 
          8568 8572 8576 8580 8584 8588 8592 8596 8600 8604 8608 8612 8616 8620 8624 8628 8632 8636 8640 8644 
          8648 8652 8656 8660 8664 8668 8672 8676 8680 8684 8688 8692 8696 8700 8704 8708 8712 8716 8720 8724 
          8728 8732 8736 8740 8744 8748 8752 8756 8760 8764 8768 8772 8776 8780 8784 8788 8792 8796 8800 8804 
          8808 8812 8816 8820 8824 8828 8832 8836 8840 8844 8848 8852 8856 8860 8864 8868 8872 8876 8880 8884 
          8888 8892 8896 8900 8904 8908 8912 8916 8920 8924 8928 8932 8936 8940 8944 8948 8952 8956 8960 8964 
          8968 8972 8976 8980 8984 8988 8992 8996 9000 9004 9008 9012 9016 9020 9024 9028 9032 9036 9040 9044 
          9048 9052 9056 9060 9064 9068 9072 9076 9080 9084 9088 9092 9096 9100 9104 9108 9112 9116 9120 9124 
          9128 9132 9136 9140 9144 9148 9152 9156 9160 9164 9168 9172 9176 9180 9184 9188 9192 9196 9200 9204 
          9208 9212 9216 9220 9224 9228 9232 9236 9240 9244 9248 9252 9256 9260 9264 9268 9272 9276 9280 9284 
          9288 9292 9296 9300 9304 9308 9312 9316 9320 9324 9328 9332 9336 9340 9344 9348 9352 9356 9360 9364 
          9368 9372 9376 9380 9384 9388 9392 9396 9400 9404 9408 9412 9416 9420 9424 9428 9432 9436 9440 9444 
          9448 9452 9456 9460 9464 9468 9472 9476 9480 9484 9488 9492 9496 9500 9504 9508 9512 9516 9520 9524 
          9528 9532 9536 9540 9544 9548 9552 9556 9560 9564 9568 9572 9576 9580 9584 9588 9592 9596 9600 9604 
          9608 9612 9616 9620 9624 9628 9632 9636 9640 9644 9648 9652 9656 9660 9664 9668 9672 9676 9680 9684 
          9688 9692 9696 9700 9704 9708 9712 9716 9720 9724 9728 9732 9736 9740 9744 9748 9752 9756 9760 9764 
          9768 9772 9776 9780 9784 9788 9792 9796 9800 9804 9808 9812 9816 9820 9824 9828 9832 9836 9840 9844 
          9848 9852 9856 9860 9864 9868 9872 9876 9880 9884 9888 9892 9896 9900 9904 9908 9912 9916 9920 9924 
          9928 9932 9936 9940 9944 9948 9952 9956 9960 9964 9968 9972 9976 9980 9984 9988 9992 9996 10000 10004 
          10008 10012 10016 10020 10024 10028 10032 10036 10040 10044 10048 10052 10056 10060 10064 10068 10072 10076 10080 10084 
          10088 10092 10096 10100 10104 10108 10112 10116 10120 10124 10128 10132 10136 10140 10144 10148 10152 10156 10160 10164 
          10168 10172 10176 10180 10184 10188 10192 10196 10200 10204 10208 10212 10216 10220 10224 10228 10232 10236 10240 10244 
          10248 10252 10256 10260 10264 10268 10272 10276 10280 10284 10288 10292 10296 10300 10304 10308 10312 10316 10320 10324 
          10328 10332 10336 10340 10344 10348 10352 10356 10360 10364 10368 10372 10376 10380 10384 10388 10392 10396 10400 10404 
          10408 10412 10416 10420 10424 10428 10432 10436 10440 10444 10448 10452 10456 10460 10464 10468 10472 10476 10480 10484 
          10488 10492 10496 10500 10504 10508 10512 10516 10520 10524 10528 10532 10536 10540 10544 10548 10552 10556 10560 10564 
          10568 10572 10576 10580 10584 10588 10592 10596 10600 10604 10608 10612 10616 10620 10624 10628 10632 10636 10640 10644 
          10648 10652 10656 10660 10664 10668 10672 10676 10680 10684 10688 10692 10696 10700 10704 10708 10712 10716 10720 10724 
          10728 10732 10736 10740 10744 10748 10752 10756 10760 10764 10768 10772 10776 10780 10784 10788 10792 10796 10800 10804 
          10808 10812 10816 10820 10824 10828 10832 10836 10840 10844 10848 10852 10856 10860 10864 10868 10872 10876 10880 10884 
          10888 10892 10896 10900 10904 10908 10912 10916 10920 10924 10928 10932 10936 10940 10944 10948 10952 10956 10960 10964 
          10968 10972 10976 10980 10984 10988 10992 10996 11000 11004 11008 11012 11016 11020 11024 11028 11032 11036 11040 11044 
          11048 11052 11056 11060 11064 11068 11072 11076 11080 11084 11088 11092 11096 11100 11104 11108 11112 11116 11120 11124 
          11128 11132 11136 11140 11144 11148 11152 11156 11160 11164 11168 11172 11176 11180 11184 11188 11192 11196 11200 11204 
          11208 11212 11216 11220 11224 11228 11232 11236 11240 11244 11248 11252 11256 11260 11264 11268 11272 11276 11280 11284 
          11288 11292 11296 11300 11304 11308 11312 11316 11320 11324 11328 11332 11336 11340 11344 11348 11352 11356 11360 11364 
          11368 11372 11376 11380 11384 11388 11392 11396 11400 11404 11408 11412 11416 11420 11424 11428 11432 11436 11440 11444 
          11448 11452 11456 11460 11464 11468 11472 11476 11480 11484 11488 11492 11496 11500 11504 11508 11512 11516 11520 11524 
          11528 11532 11536 11540 11544 11548 11552 11556 11560 11564 11568 11572 11576 11580 11584 11588 11592 11596 11600 11604 
          11608 11612 11616 11620 11624 11628 11632 11636 11640 11644 11648 11652 11656 11660 11664 11668 11672 11676 11680 11684 
          11688 11692 11696 11700 11704 11708 11712 11716 11720 11724 11728 11732 11736 11740 11744 11748 11752 11756 11760 11764 
          11768 11772 11776 11780 11784 11788 11792 11796 11800 11804 11808 11812 11816 11820 11824 11828 11832 11836 11840 11844 
          11848 11852 11856 11860 11864 11868 11872 11876 11880 11884 11888 11892 11896 11900 11904 11908 11912 11916 11920 11924 
          11928 11932 11936 11940 11944 11948 11952 11956 11960 11964 11968 11972 11976 11980 11984 11988 11992 11996 12000 12004 
          12008 12012 12016 12020 12024 12028 12032 12036 12040 12044 12048 12052 12056 12060 12064 12068 12072 12076 12080 12084 
          12088 12092 12096 12100 12104 12108 12112 12116 12120 12124 12128 12132 12136 12140 12144 12148 12152 12156 12160 12164 
          12168 12172 12176 12180 12184 12188 12192 12196 12200 12204 12208 12212 12216 12220 12224 12228 12232 12236 12240 12244 
          12248 12252 12256 12260 12264 12268 12272 12276 12280 12284 12288 12292 12296 12300 12304 12308 12312 12316 12320 12324 
          12328 12332 12336 12340 12344 12348 12352 12356 12360 12364 12368 12372 12376 12380 12384 12388 12392 12396 12400 12404 
          12408 12412 12416 12420 12424 12428 12432 12436 12440 12444 12448 12452 12456 12460 12464 12468 12472 12476 12480 12484 
          12488 12492 12496 12500 12504 12508 12512 12516 12520 12524 12528 12532 12536 12540 12544 12548 12552 12556 12560 12564 
          12568 12572 12576 12580 12584 12588 12592 12596 12600 12604 12608 12612 12616 12620 12624 12628 12632 12636 12640 12644 
          12648 12652 12656 12660 12664 12668 12672 12676 12680 12684 12688 12692 12696 12700 12704 12708 12712 12716 12720 12724 
          12728 12732 12736 12740 12744 12748 12752 12756 12760 12764 12768 12772 12776 12780 12784 12788 12792 12796 12800 12804 
          12808 12812 12816 12820 12824 12828 12832 12836 12840 12844 12848 12852 12856 12860 12864 12868 12872 12876 12880 12884 
          12888 12892 12896 12900 12904 12908 12912 12916 12920 12924 12928 12932 12936 12940 12944 12948 12952 12956 12960 12964 
          12968 12972 12976 12980 12984 12988 12992 12996 13000 13004 13008 13012 13016 13020 13024 13028 13032 13036 13040 13044 
          13048 13052 13056 13060 13064 13068 13072 13076 13080 13084 13088 13092 13096 13100 13104 13108 13112 13116 13120 13124 
          13128 13132 13136 13140 13144 13148 13152 13156 13160 13164 13168 13172 13176 13180 13184 13188 13192 13196 13200 13204 
          13208 13212 13216 13220 13224 13228 13232 13236 13240 13244 13248 13252 13256 13260 13264 13268 13272 13276 13280 13284 
          13288 13292 13296 13300 13304 13308 13312 13316 13320 13324 13328 13332 13336 13340 13344 13348 13352 13356 13360 13364 
          13368 13372 13376 13380 13384 13388 13392 13396 13400 13404 13408 13412 13416 13420 13424 13428 13432 13436 13440 13444 
          13448 13452 13456 13460 13464 13468 13472 13476 13480 13484 13488 13492 13496 13500 13504 13508 13512 13516 13520 13524 
          13528 13532 13536 13540 13544 13548 13552 13556 13560 13564 13568 13572 13576 13580 13584 13588 13592 13596 13600 13604 
          13608 13612 13616 13620 13624 13628 13632 13636 13640 13644 13648 13652 13656 13660 13664 13668 13672 13676 13680 13684 
          13688 13692 13696 13700 13704 13708 13712 13716 13720 13724 13728 13732 13736 13740 13744 13748 13752 13756 13760 13764 
          13768 13772 13776 13780 13784 13788 13792 13796 13800 13804 13808 13812 13816 13820 13824 13828 13832 13836 13840 13844 
          13848 13852 13856 13860 13864 13868 13872 13876 13880 13884 13888 13892 13896 13900 13904 13908 13912 13916 13920 13924 
          13928 13932 13936 13940 13944 13948 13952 13956 13960 13964 13968 13972 13976 13980 13984 13988 13992 13996 14000 14004 
          14008 14012 14016 14020 14024 14028 14032 14036 14040 14044 14048 14052 14056 14060 14064 14068 14072 14076 14080 14084 
          14088 14092 14096 14100 14104 14108 14112 14116 14120 14124 14128 14132 14136 14140 14144 14148 14152 14156 14160 14164 
          14168 14172 14176 14180 14184 14188 14192 14196 14200 14204 14208 14212 14216 14220 14224 14228 14232 14236 14240 14244 
          14248 14252 14256 14260 14264 14268 14272 14276 14280 14284 14288 14292 14296 14300 14304 14308 14312 14316 14320 14324 
          14328 14332 14336 14340 14344 14348 14352 14356 14360 14364 14368 14372 14376 14380 14384 14388 14392 14396 14400 14404 
          14408 14412 14416 14420 14424 14428 14432 14436 14440 14444 14448 14452 14456 14460 14464 14468 14472 14476 14480 14484 
          14488 14492 14496 14500 14504 14508 14512 14516 14520 14524 14528 14532 14536 14540 14544 14548 14552 14556 14560 14564 
          14568 14572 14576 14580 14584 14588 14592 14596 14600 14604 14608 14612 14616 14620 14624 14628 14632 14636 14640 14644 
          14648 14652 14656 14660 14664 14668 14672 14676 14680 14684 14688 14692 14696 14700 14704 14708 14712 14716 14720 14724 
          14728 14732 14736 14740 14744 14748 14752 14756 14760 14764 14768 14772 14776 14780 14784 14788 14792 14796 14800 14804 
          14808 14812 14816 14820 14824 14828 14832 14836 14840 14844 14848 14852 14856 14860 14864 14868 14872 14876 14880 14884 
          14888 14892 14896 14900 14904 14908 14912 14916 14920 14924 14928 14932 14936 14940 14944 14948 14952 14956 14960 14964 
          14968 14972 14976 14980 14984 14988 14992 14996 15000 15004 15008 15012 15016 15020 15024 15028 15032 15036 15040 15044 
          15048 15052 15056 15060 15064 15068 15072 15076 15080 15084 15088 15092 15096 15100 15104 15108 15112 15116 15120 15124 
          15128 15132 15136 15140 15144 15148 15152 15156 15160 15164 15168 15172 15176 15180 15184 15188 15192 15196 15200 15204 
          15208 15212 15216 15220 15224 15228 15232 15236 15240 15244 15248 15252 15256 15260 15264 15268 15272 15276 15280 15284 
          15288 15292 15296 15300 15304 15308 15312 15316 15320 15324 15328 15332 15336 15340 15344 15348 15352 15356 15360 15364 
          15368 15372 15376 15380 15384 15388 15392 15396 15400 15404 15408 15412 15416 15420 15424 15428 15432 15436 15440 15444 
          15448 15452 15456 15460 15464 15468 15472 15476 15480 15484 15488 15492 15496 15500 15504 15508 15512 15516 15520 15524 
          15528 15532 15536 15540 15544 15548 15552 15556 15560 15564 15568 15572 15576 15580 15584 15588 15592 15596 15600 15604 
          15608 15612 15616 15620 15624 15628 15632 15636 15640 15644 15648 15652 15656 15660 15664 15668 15672 15676 15680 15684 
          15688 15692 15696 15700 15704 15708 15712 15716 15720 15724 15728 15732 15736 15740 15744 15748 15752 15756 15760 15764 
          15768 15772 15776 15780 15784 15788 15792 15796 15800 15804 15808 15812 15816 15820 15824 15828 15832 15836 15840 15844 
          15848 15852 15856 15860 15864 15868 15872 15876 15880 15884 15888 15892 15896 15900 15904 15908 15912 15916 15920 15924 
          15928 15932 15936 15940 15944 15948 15952 15956 15960 15964 15968 15972 15976 15980 15984 15988 15992 15996 16000 16004 
          16008 16012 16016 16020 16024 16028 16032 16036 16040 16044 16048 16052 16056 16060 16064 16068 16072 16076 16080 16084 
          16088 16092 16096 16100 16104 16108 16112 16116 16120 16124 16128 16132 16136 16140 16144 16148 16152 16156 16160 16164 
          16168 16172 16176 16180 16184 16188 16192 16196 16200 16204 16208 16212 16216 16220 16224 16228 16232 16236 16240 16244 
          16248 16252 16256 16260 16264 16268 16272 16276 16280 16284 16288 16292 16296 16300 16304 16308 16312 16316 16320 16324 
          16328 16332 16336 16340 16344 16348 16352 16356 16360 16364 16368 16372 16376 16380 16384 16388 16392 16396 16400 16404 
          16408 16412 16416 16420 16424 16428 16432 16436 16440 16444 16448 16452 16456 16460 16464 16468 16472 16476 16480 16484 
          16488 16492 16496 16500 16504 16508 16512 16516 16520 16524 16528 16532 16536 16540 16544 16548 16552 16556 16560 16564 
          16568 16572 16576 16580 16584 16588 16592 16596 16600 16604 16608 16612 16616 16620 16624 16628 16632 16636 16640 16644 
          16648 16652 16656 16660 16664 16668 16672 16676 16680 16684 16688 16692 16696 16700 16704 16708 16712 16716 16720 16724 
          16728 16732 16736 16740 16744 16748 16752 16756 16760 16764 16768 16772 16776 16780 16784 16788 16792 16796 16800 16804 
          16808 16812 16816 16820 16824 16828 16832 16836 16840 16844 16848 16852 16856 16860 16864 16868 16872 16876 16880 16884 
          16888 16892 16896 16900 16904 16908 16912 16916 16920 16924 16928 16932 16936 16940 16944 16948 16952 16956 16960 16964 
          16968 16972 16976 16980 16984 16988 16992 16996 17000 17004 17008 17012 17016 17020 17024 17028 17032 17036 17040 17044 
          17048 17052 17056 17060 17064 17068 17072 17076 17080 17084 17088 17092 17096 17100 17104 17108 17112 17116 17120 17124 
          17128 17132 17136 17140 17144 17148 17152 17156 17160 17164 17168 17172 17176 17180 17184 17188 17192 17196 17200 17204 
          17208 17212 17216 17220 17224 17228 17232 17236 17240 17244 17248 17252 17256 17260 17264 17268 17272 17276 17280 17284 
          17288 17292 17296 17300 17304 17308 17312 17316 17320 17324 17328 17332 17336 17340 17344 17348 17352 17356 17360 17364 
          17368 17372 17376 17380 17384 17388 17392 17396 17400 17404 17408 17412 17416 17420 17424 17428 17432 17436 17440 17444 
          17448 17452 17456 17460 17464 17468 17472 17476 17480 17484 17488 17492 17496 17500 17504 17508 17512 17516 17520 17524 
          17528 17532 17536 17540 17544 17548 17552 17556 17560 17564 17568 17572 17576 17580 17584 17588 17592 17596 17600 17604 
          17608 17612 17616 17620 17624 17628 17632 17636 17640 17644 17648 17652 17656 17660 17664 17668 17672 17676 17680 17684 
          17688 17692 17696 17700 17704 17708 17712 17716 17720 17724 17728 17732 17736 17740 17744 17748 17752 17756 17760 17764 
          17768 17772 17776 17780 17784 17788 17792 17796 17800 17804 17808 17812 17816 17820 17824 17828 17832 17836 17840 17844 
          17848 17852 17856 17860 17864 17868 17872 17876 17880 17884 17888 17892 17896 17900 17904 17908 17912 17916 17920 17924 
          17928 17932 17936 17940 17944 17948 17952 17956 17960 17964 17968 17972 17976 17980 17984 17988 17992 17996 18000 18004 
          18008 18012 18016 18020 18024 18028 18032 18036 18040 18044 18048 18052 18056 18060 18064 18068 18072 18076 18080 18084 
          18088 18092 18096 18100 18104 18108 18112 18116 18120 18124 18128 18132 18136 18140 18144 18148 18152 18156 18160 18164 
          18168 18172 18176 18180 18184 18188 18192 18196 18200 18204 18208 18212 18216 18220 18224 18228 18232 18236 18240 18244 
          18248 18252 18256 18260 18264 18268 18272 18276 18280 18284 18288 18292 18296 18300 18304 18308 18312 18316 18320 18324 
          18328 18332 18336 18340 18344 18348 18352 18356 18360 18364 18368 18372 18376 18380 18384 18388 18392 18396 18400 18404 
          18408 18412 18416 18420 18424 18428 18432 18436 18440 18444 18448 18452 18456 18460 18464 18468 18472 18476 18480 18484 
          18488 18492 18496 18500 18504 18508 18512 18516 18520 18524 18528 18532 18536 18540 18544 18548 18552 18556 18560 18564 
          18568 18572 18576 18580 18584 18588 18592 18596 18600 18604 18608 18612 18616 18620 18624 18628 18632 18636 18640 18644 
          18648 18652 18656 18660 18664 18668 18672 18676 18680 18684 18688 18692 18696 18700 18704 18708 18712 18716 18720 18724 
          18728 18732 18736 18740 18744 18748 18752 18756 18760 18764 18768 18772 18776 18780 18784 18788 18792 18796 18800 18804 
          18808 18812 18816 18820 18824 18828 18832 18836 18840 18844 18848 18852 18856 18860 18864 18868 18872 18876 18880 18884 
          18888 18892 18896 18900 18904 18908 18912 18916 18920 18924 18928 18932 18936 18940 18944 18948 18952 18956 18960 18964 
          18968 18972 18976 18980 18984 18988 18992 18996 19000 19004 19008 19012 19016 19020 19024 19028 19032 19036 19040 19044 
          19048 19052 19056 19060 19064 19068 19072 19076 19080 19084 19088 19092 19096 19100 19104 19108 19112 19116 19120 19124 
          19128 19132 19136 19140 19144 19148 19152 19156 19160 19164 19168 19172 19176 19180 19184 19188 19192 19196 19200 19204 
          19208 19212 19216 19220 19224 19228 19232 19236 19240 19244 19248 19252 19256 19260 19264 19268 19272 19276 19280 19284 
          19288 19292 19296 19300 19304 19308 19312 19316 19320 19324 19328 19332 19336 19340 19344 19348 19352 19356 19360 19364 
          19368 19372 19376 19380 19384 19388 19392 19396 19400 19404 19408 19412 19416 19420 19424 19428 19432 19436 19440 19444 
          19448 19452 19456 19460 19464 19468 19472 19476 19480 19484 19488 19492 19496 19500 19504 19508 19512 19516 19520 19524 
          19528 19532 19536 19540 19544 19548 19552 19556 19560 19564 19568 19572 19576 19580 19584 19588 19592 19596 19600 19604 
          19608 19612 19616 19620 19624 19628 19632 19636 19640 19644 19648 19652 19656 19660 19664 19668 19672 19676 19680 19684 
          19688 19692 19696 19700 19704 19708 19712 19716 19720 19724 19728 19732 19736 19740 19744 19748 19752 19756 19760 19764 
          19768 19772 19776 19780 19784 19788 19792 19796 19800 19804 19808 19812 19816 19820 19824 19828 19832 19836 19840 19844 
          19848 19852 19856 19860 19864 19868 19872 19876 19880 19884 19888 19892 19896 19900 19904 19908 19912 19916 19920 19924 
          19928 19932 19936 19940 19944 19948 19952 19956 19960 19964 19968 19972 19976 19980 19984 19988 19992 19996 20000 20004 
          20008 20012 20016 20020 20024 20028 20032 20036 20040 20044 20048 20052 20056 20060 20064 20068 20072 20076 20080 20084 
          20088 20092 20096 20100 20104 20108 20112 20116 20120 20124 20128 20132 20136 20140 20144 20148 20152 20156 20160 20164 
          20168 20172 20176 20180 20184 20188 20192 20196 20200 20204 20208 20212 20216 20220 20224 20228 20232 20236 20240 20244 
          20248 20252 20256 20260 20264 20268 20272 20276 20280 20284 20288 20292 20296 20300 20304 20308 20312 20316 20320 20324 
          20328 20332 20336 20340 20344 20348 20352 20356 20360 20364 20368 20372 20376 20380 20384 20388 20392 20396 20400 20404 
          20408 20412 20416 20420 20424 20428 20432 20436 20440 20444 20448 20452 20456 20460 20464 20468 20472 20476 20480 20484 
          20488 20492 20496 20500 20504 20508 20512 20516 20520 20524 20528 20532 20536 20540 20544 20548 20552 20556 20560 20564 
          20568 20572 20576 20580 20584 20588 20592 20596 20600 20604 20608 20612 20616 20620 20624 20628 20632 20636 20640 20644 
          20648 20652 20656 20660 20664 20668 20672 20676 20680 20684 20688 20692 20696 20700 20704 20708 20712 20716 20720 20724 
          20728 20732 20736 20740 20744 20748 20752 20756 20760 20764 20768 20772 20776 20780 20784 20788 20792 20796 20800 20804 
          20808 20812 20816 20820 20824 20828 20832 20836 20840 20844 20848 20852 20856 20860 20864 20868 20872 20876 20880 20884 
          20888 20892 20896 20900 20904 20908 20912 20916 20920 20924 20928 20932 20936 20940 20944 20948 20952 20956 20960 20964 
          20968 20972 20976 20980 20984 20988 20992 20996 21000 21004 21008 21012 21016 21020 21024 21028 21032 21036 21040 21044 
          21048 21052 21056 21060 21064 21068 21072 21076 21080 21084 21088 21092 21096 21100 21104 21108 21112 21116 21120 21124 
          21128 21132 21136 21140 21144 21148 21152 21156 21160 21164 21168 21172 21176 21180 21184 21188 21192 21196 21200 21204 
          21208 21212 21216 21220 21224 21228 21232 21236 21240 21244 21248 21252 21256 21260 21264 21268 21272 21276 21280 21284 
          21288 21292 21296 21300 21304 21308 21312 21316 21320 21324 21328 21332 21336 21340 21344 21348 21352 21356 21360 21364 
          21368 21372 21376 21380 21384 21388 21392 21396 21400 21404 21408 21412 21416 21420 21424 21428 21432 21436 21440 21444 
          21448 21452 21456 21460 21464 21468 21472 21476 21480 21484 21488 21492 21496 21500 21504 21508 21512 21516 21520 21524 
          21528 21532 21536 21540 21544 21548 21552 21556 21560 21564 21568 21572 21576 21580 21584 21588 21592 21596 21600 21604 
          21608 21612 21616 21620 21624 21628 21632 21636 21640 21644 21648 21652 21656 21660 21664 21668 21672 21676 21680 21684 
          21688 21692 21696 21700 21704 21708 21712 21716 21720 21724 21728 21732 21736 21740 21744 21748 21752 21756 21760 21764 
          21768 21772 21776 21780 21784 21788 21792 21796 21800 21804 21808 21812 21816 21820 21824 21828 21832 21836 21840 21844 
          21848 21852 21856 21860 21864 21868 21872 21876 21880 21884 21888 21892 21896 21900 21904 21908 21912 21916 21920 21924 
          21928 21932 21936 21940 21944 21948 21952 21956 21960 21964 21968 21972 21976 21980 21984 21988 21992 21996 22000 22004 
          22008 22012 22016 22020 22024 22028 22032 22036 22040 22044 22048 22052 22056 22060 22064 22068 22072 22076 22080 22084 
          22088 22092 22096 22100 22104 22108 22112 22116 22120 22124 22128 22132 22136 22140 22144 22148 22152 22156 22160 22164 
          22168 22172 22176 22180 22184 22188 22192 22196 22200 22204 22208 22212 22216 22220 22224 22228 22232 22236 22240 22244 
          22248 22252 22256 22260 22264 22268 22272 22276 22280 22284 22288 22292 22296 22300 22304 22308 22312 22316 22320 22324 
          22328 22332 22336 22340 22344 22348 22352 22356 22360 22364 22368 22372 22376 22380 22384 22388 22392 22396 22400 22404 
          22408 22412 22416 22420 22424 22428 22432 22436 22440 22444 22448 22452 22456 22460 22464 22468 22472 22476 22480 22484 
          22488 22492 22496 22500 22504 22508 22512 22516 22520 22524 22528 22532 22536 22540 22544 22548 22552 22556 22560 22564 
          22568 22572 22576 22580 22584 22588 22592 22596 22600 22604 22608 22612 22616 22620 22624 22628 22632 22636 22640 22644 
          22648 22652 22656 22660 22664 22668 22672 22676 22680 22684 22688 22692 22696 22700 22704 22708 22712 22716 22720 22724 
          22728 22732 22736 22740 22744 22748 22752 22756 22760 22764 22768 22772 22776 22780 22784 22788 22792 22796 22800 22804 
          22808 22812 22816 22820 22824 22828 22832 22836 22840 22844 22848 22852 22856 22860 22864 22868 22872 22876 22880 22884 
          22888 22892 22896 22900 22904 22908 22912 22916 22920 22924 22928 22932 22936 22940 22944 22948 22952 22956 22960 22964 
          22968 22972 22976 22980 22984 22988 22992 22996 23000 23004 23008 23012 23016 23020 23024 23028 23032 23036 23040 23044 
          23048 23052 23056 23060 23064 23068 23072 23076 23080 23084 23088 23092 23096 23100 23104 23108 23112 23116 23120 23124 
          23128 23132 23136 23140 23144 23148 23152 23156 23160 23164 23168 23172 23176 23180 23184 23188 23192 23196 23200 23204 
          23208 23212 23216 23220 23224 23228 23232 23236 23240 23244 23248 23252 23256 23260 23264 23268 23272 23276 23280 23284 
          23288 23292 23296 23300 23304 23308 23312 23316 23320 23324 23328 23332 23336 23340 23344 23348 23352 23356 23360 23364 
          23368 23372 23376 23380 23384 23388 23392 23396 23400 23404 23408 23412 23416 23420 23424 23428 23432 23436 23440 23444 
          23448 23452 23456 23460 23464 23468 23472 23476 23480 23484 23488 23492 23496 23500 23504 23508 23512 23516 23520 23524 
          23528 23532 23536 23540 23544 23548 23552 23556 23560 23564 23568 23572 23576 23580 23584 23588 23592 23596 23600 23604 
          23608 23612 23616 23620 23624 23628 23632 23636 23640 23644 23648 23652 23656 23660 23664 23668 23672 23676 23680 23684 
          23688 23692 23696 23700 23704 23708 23712 23716 23720 23724 23728 23732 23736 23740 23744 23748 23752 23756 23760 23764 
          23768 23772 23776 23780 23784 23788 23792 23796 23800 23804 23808 23812 23816 23820 23824 23828 23832 23836 23840 23844 
          23848 23852 23856 23860 23864 23868 23872 23876 23880 23884 23888 23892 23896 23900 23904 23908 23912 23916 23920 23924 
          23928 23932 23936 23940 23944 23948 23952 23956 23960 23964 23968 23972 23976 23980 23984 23988 23992 23996 24000 24004 
          24008 24012 24016 24020 24024 24028 24032 24036 24040 24044 24048 24052 24056 24060 24064 24068 24072 24076 24080 24084 
          24088 24092 24096 24100 24104 24108 24112 24116 24120 24124 24128 24132 24136 24140 24144 24148 24152 24156 24160 24164 
          24168 24172 24176 24180 24184 24188 24192 24196 24200 24204 24208 24212 24216 24220 24224 24228 24232 24236 24240 24244 
          24248 24252 24256 24260 24264 24268 24272 24276 24280 24284 24288 24292 24296 24300 24304 24308 24312 24316 24320 24324 
          24328 24332 24336 24340 24344 24348 24352 24356 24360 24364 24368 24372 24376 24380 24384 24388 24392 24396 24400 24404 
          24408 24412 24416 24420 24424 24428 24432 24436 24440 24444 24448 24452 24456 24460 24464 24468 24472 24476 24480 24484 
          24488 24492 24496 24500 24504 24508 24512 24516 24520 24524 24528 24532 24536 24540 24544 24548 24552 24556 24560 24564 
          24568 24572 24576 24580 24584 24588 24592 24596 24600 24604 24608 24612 24616 24620 24624 24628 24632 24636 24640 24644 
          24648 24652 24656 24660 24664 24668 24672 24676 24680 24684 24688 24692 24696 24700 24704 24708 24712 24716 24720 24724 
          24728 24732 24736 24740 24744 24748 24752 24756 24760 24764 24768 24772 24776 24780 24784 24788 24792 24796 24800 24804 
          24808 24812 24816 24820 24824 24828 24832 24836 24840 24844 24848 24852 24856 24860 24864 24868 24872 24876 24880 24884 
          24888 24892 24896 24900 24904 24908 24912 24916 24920 24924 24928 24932 24936 24940 24944 24948 24952 24956 24960 24964 
          24968 24972 24976 24980 24984 24988 24992 24996 25000 25004 25008 25012 25016 25020 25024 25028 25032 25036 25040 25044 
          25048 25052 25056 25060 25064 25068 25072 25076 25080 25084 25088 25092 25096 25100 25104 25108 25112 25116 25120 25124 
          25128 25132 25136 25140 25144 25148 25152 25156 25160 25164 25168 25172 25176 25180 25184 25188 25192 25196 25200 25204 
          25208 25212 25216 25220 25224 25228 25232 25236 25240 25244 25248 25252 25256 25260 25264 25268 25272 25276 25280 25284 
          25288 25292 25296 25300 25304 25308 25312 25316 25320 25324 25328 25332 25336 25340 25344 25348 25352 25356 25360 25364 
          25368 25372 25376 25380 25384 25388 25392 25396 25400 25404 25408 25412 25416 25420 25424 25428 25432 25436 25440 25444 
          25448 25452 25456 25460 25464 25468 25472 25476 25480 25484 25488 25492 25496 25500 25504 25508 25512 25516 25520 25524 
          25528 25532 25536 25540 25544 25548 25552 25556 25560 25564 25568 25572 25576 25580 25584 25588 25592 25596 25600 25604 
          25608 25612 25616 25620 25624 25628 25632 25636 25640 25644 25648 25652 25656 25660 25664 25668 25672 25676 25680 25684 
          25688 25692 25696 25700 25704 25708 25712 25716 25720 25724 25728 25732 25736 25740 25744 25748 25752 25756 25760 25764 
          25768 25772 25776 25780 25784 25788 25792 25796 25800 25804 25808 25812 25816 25820 25824 25828 25832 25836 25840 25844 
          25848 25852 25856 25860 25864 25868 25872 
        </DataArray>
        <DataArray type="UInt8" Name="types" format="ascii">
          9 9 9 9 9 9 9 9 9 9 9 9 9 9 9 9 9 9 9 9 9 
          9 9 9 9 9 9 9 9 9 9 9 9 9 9 9 9 9 9 9 9 
          9 9 9 9 9 9 9 9 9 9 9 9 9 9 9 9 9 9 9 9 
          9 9 9 9 9 9 9 9 9 9 9 9 9 9 9 9 9 9 9 9 
          9 9 9 9 9 9 9 9 9 9 9 9 9 9 9 9 9 9 9 9 
          9 9 9 9 9 9 9 9 9 9 9 9 9 9 9 9 9 9 9 9 
          9 9 9 9 9 9 9 9 9 9 9 9 9 9 9 9 9 9 9 9 
          9 9 9 9 9 9 9 9 9 9 9 9 9 9 9 9 9 9 9 9 
          9 9 9 9 9 9 9 9 9 9 9 9 9 9 9 9 9 9 9 9 
          9 9 9 9 9 9 9 9 9 9 9 9 9 9 9 9 9 9 9 9 
          9 9 9 9 9 9 9 9 9 9 9 9 9 9 9 9 9 9 9 9 
          9 9 9 9 9 9 9 9 9 9 9 9 9 9 9 9 9 9 9 9 
          9 9 9 9 9 9 9 9 9 9 9 9 9 9 9 9 9 9 9 9 
          9 9 9 9 9 9 9 9 9 9 9 9 9 9 9 9 9 9 9 9 
          9 9 9 9 9 9 9 9 9 9 9 9 9 9 9 9 9 9 9 9 
          9 9 9 9 9 9 9 9 9 9 9 9 9 9 9 9 9 9 9 9 
          9 9 9 9 9 9 9 9 9 9 9 9 9 9 9 9 9 9 9 9 
          9 9 9 9 9 9 9 9 9 9 9 9 9 9 9 9 9 9 9 9 
          9 9 9 9 9 9 9 9 9 9 9 9 9 9 9 9 9 9 9 9 
          9 9 9 9 9 9 9 9 9 9 9 9 9 9 9 9 9 9 9 9 
          9 9 9 9 9 9 9 9 9 9 9 9 9 9 9 9 9 9 9 9 
          9 9 9 9 9 9 9 9 9 9 9 9 9 9 9 9 9 9 9 9 
          9 9 9 9 9 9 9 9 9 9 9 9 9 9 9 9 9 9 9 9 
          9 9 9 9 9 9 9 9 9 9 9 9 9 9 9 9 9 9 9 9 
          9 9 9 9 9 9 9 9 9 9 9 9 9 9 9 9 9 9 9 9 
          9 9 9 9 9 9 9 9 9 9 9 9 9 9 9 9 9 9 9 9 
          9 9 9 9 9 9 9 9 9 9 9 9 9 9 9 9 9 9 9 9 
          9 9 9 9 9 9 9 9 9 9 9 9 9 9 9 9 9 9 9 9 
          9 9 9 9 9 9 9 9 9 9 9 9 9 9 9 9 9 9 9 9 
          9 9 9 9 9 9 9 9 9 9 9 9 9 9 9 9 9 9 9 9 
          9 9 9 9 9 9 9 9 9 9 9 9 9 9 9 9 9 9 9 9 
          9 9 9 9 9 9 9 9 9 9 9 9 9 9 9 9 9 9 9 9 
          9 9 9 9 9 9 9 9 9 9 9 9 9 9 9 9 9 9 9 9 
          9 9 9 9 9 9 9 9 9 9 9 9 9 9 9 9 9 9 9 9 
          9 9 9 9 9 9 9 9 9 9 9 9 9 9 9 9 9 9 9 9 
          9 9 9 9 9 9 9 9 9 9 9 9 9 9 9 9 9 9 9 9 
          9 9 9 9 9 9 9 9 9 9 9 9 9 9 9 9 9 9 9 9 
          9 9 9 9 9 9 9 9 9 9 9 9 9 9 9 9 9 9 9 9 
          9 9 9 9 9 9 9 9 9 9 9 9 9 9 9 9 9 9 9 9 
          9 9 9 9 9 9 9 9 9 9 9 9 9 9 9 9 9 9 9 9 
          9 9 9 9 9 9 9 9 9 9 9 9 9 9 9 9 9 9 9 9 
          9 9 9 9 9 9 9 9 9 9 9 9 9 9 9 9 9 9 9 9 
          9 9 9 9 9 9 9 9 9 9 9 9 9 9 9 9 9 9 9 9 
          9 9 9 9 9 9 9 9 9 9 9 9 9 9 9 9 9 9 9 9 
          9 9 9 9 9 9 9 9 9 9 9 9 9 9 9 9 9 9 9 9 
          9 9 9 9 9 9 9 9 9 9 9 9 9 9 9 9 9 9 9 9 
          9 9 9 9 9 9 9 9 9 9 9 9 9 9 9 9 9 9 9 9 
          9 9 9 9 9 9 9 9 9 9 9 9 9 9 9 9 9 9 9 9 
          9 9 9 9 9 9 9 9 9 9 9 9 9 9 9 9 9 9 9 9 
          9 9 9 9 9 9 9 9 9 9 9 9 9 9 9 9 9 9 9 9 
          9 9 9 9 9 9 9 9 9 9 9 9 9 9 9 9 9 9 9 9 
          9 9 9 9 9 9 9 9 9 9 9 9 9 9 9 9 9 9 9 9 
          9 9 9 9 9 9 9 9 9 9 9 9 9 9 9 9 9 9 9 9 
          9 9 9 9 9 9 9 9 9 9 9 9 9 9 9 9 9 9 9 9 
          9 9 9 9 9 9 9 9 9 9 9 9 9 9 9 9 9 9 9 9 
          9 9 9 9 9 9 9 9 9 9 9 9 9 9 9 9 9 9 9 9 
          9 9 9 9 9 9 9 9 9 9 9 9 9 9 9 9 9 9 9 9 
          9 9 9 9 9 9 9 9 9 9 9 9 9 9 9 9 9 9 9 9 
          9 9 9 9 9 9 9 9 9 9 9 9 9 9 9 9 9 9 9 9 
          9 9 9 9 9 9 9 9 9 9 9 9 9 9 9 9 9 9 9 9 
          9 9 9 9 9 9 9 9 9 9 9 9 9 9 9 9 9 9 9 9 
          9 9 9 9 9 9 9 9 9 9 9 9 9 9 9 9 9 9 9 9 
          9 9 9 9 9 9 9 9 9 9 9 9 9 9 9 9 9 9 9 9 
          9 9 9 9 9 9 9 9 9 9 9 9 9 9 9 9 9 9 9 9 
          9 9 9 9 9 9 9 9 9 9 9 9 9 9 9 9 9 9 9 9 
          9 9 9 9 9 9 9 9 9 9 9 9 9 9 9 9 9 9 9 9 
          9 9 9 9 9 9 9 9 9 9 9 9 9 9 9 9 9 9 9 9 
          9 9 9 9 9 9 9 9 9 9 9 9 9 9 9 9 9 9 9 9 
          9 9 9 9 9 9 9 9 9 9 9 9 9 9 9 9 9 9 9 9 
          9 9 9 9 9 9 9 9 9 9 9 9 9 9 9 9 9 9 9 9 
          9 9 9 9 9 9 9 9 9 9 9 9 9 9 9 9 9 9 9 9 
          9 9 9 9 9 9 9 9 9 9 9 9 9 9 9 9 9 9 9 9 
          9 9 9 9 9 9 9 9 9 9 9 9 9 9 9 9 9 9 9 9 
          9 9 9 9 9 9 9 9 9 9 9 9 9 9 9 9 9 9 9 9 
          9 9 9 9 9 9 9 9 9 9 9 9 9 9 9 9 9 9 9 9 
          9 9 9 9 9 9 9 9 9 9 9 9 9 9 9 9 9 9 9 9 
          9 9 9 9 9 9 9 9 9 9 9 9 9 9 9 9 9 9 9 9 
          9 9 9 9 9 9 9 9 9 9 9 9 9 9 9 9 9 9 9 9 
          9 9 9 9 9 9 9 9 9 9 9 9 9 9 9 9 9 9 9 9 
          9 9 9 9 9 9 9 9 9 9 9 9 9 9 9 9 9 9 9 9 
          9 9 9 9 9 9 9 9 9 9 9 9 9 9 9 9 9 9 9 9 
          9 9 9 9 9 9 9 9 9 9 9 9 9 9 9 9 9 9 9 9 
          9 9 9 9 9 9 9 9 9 9 9 9 9 9 9 9 9 9 9 9 
          9 9 9 9 9 9 9 9 9 9 9 9 9 9 9 9 9 9 9 9 
          9 9 9 9 9 9 9 9 9 9 9 9 9 9 9 9 9 9 9 9 
          9 9 9 9 9 9 9 9 9 9 9 9 9 9 9 9 9 9 9 9 
          9 9 9 9 9 9 9 9 9 9 9 9 9 9 9 9 9 9 9 9 
          9 9 9 9 9 9 9 9 9 9 9 9 9 9 9 9 9 9 9 9 
          9 9 9 9 9 9 9 9 9 9 9 9 9 9 9 9 9 9 9 9 
          9 9 9 9 9 9 9 9 9 9 9 9 9 9 9 9 9 9 9 9 
          9 9 9 9 9 9 9 9 9 9 9 9 9 9 9 9 9 9 9 9 
          9 9 9 9 9 9 9 9 9 9 9 9 9 9 9 9 9 9 9 9 
          9 9 9 9 9 9 9 9 9 9 9 9 9 9 9 9 9 9 9 9 
          9 9 9 9 9 9 9 9 9 9 9 9 9 9 9 9 9 9 9 9 
          9 9 9 9 9 9 9 9 9 9 9 9 9 9 9 9 9 9 9 9 
          9 9 9 9 9 9 9 9 9 9 9 9 9 9 9 9 9 9 9 9 
          9 9 9 9 9 9 9 9 9 9 9 9 9 9 9 9 9 9 9 9 
          9 9 9 9 9 9 9 9 9 9 9 9 9 9 9 9 9 9 9 9 
          9 9 9 9 9 9 9 9 9 9 9 9 9 9 9 9 9 9 9 9 
          9 9 9 9 9 9 9 9 9 9 9 9 9 9 9 9 9 9 9 9 
          9 9 9 9 9 9 9 9 9 9 9 9 9 9 9 9 9 9 9 9 
          9 9 9 9 9 9 9 9 9 9 9 9 9 9 9 9 9 9 9 9 
          9 9 9 9 9 9 9 9 9 9 9 9 9 9 9 9 9 9 9 9 
          9 9 9 9 9 9 9 9 9 9 9 9 9 9 9 9 9 9 9 9 
          9 9 9 9 9 9 9 9 9 9 9 9 9 9 9 9 9 9 9 9 
          9 9 9 9 9 9 9 9 9 9 9 9 9 9 9 9 9 9 9 9 
          9 9 9 9 9 9 9 9 9 9 9 9 9 9 9 9 9 9 9 9 
          9 9 9 9 9 9 9 9 9 9 9 9 9 9 9 9 9 9 9 9 
          9 9 9 9 9 9 9 9 9 9 9 9 9 9 9 9 9 9 9 9 
          9 9 9 9 9 9 9 9 9 9 9 9 9 9 9 9 9 9 9 9 
          9 9 9 9 9 9 9 9 9 9 9 9 9 9 9 9 9 9 9 9 
          9 9 9 9 9 9 9 9 9 9 9 9 9 9 9 9 9 9 9 9 
          9 9 9 9 9 9 9 9 9 9 9 9 9 9 9 9 9 9 9 9 
          9 9 9 9 9 9 9 9 9 9 9 9 9 9 9 9 9 9 9 9 
          9 9 9 9 9 9 9 9 9 9 9 9 9 9 9 9 9 9 9 9 
          9 9 9 9 9 9 9 9 9 9 9 9 9 9 9 9 9 9 9 9 
          9 9 9 9 9 9 9 9 9 9 9 9 9 9 9 9 9 9 9 9 
          9 9 9 9 9 9 9 9 9 9 9 9 9 9 9 9 9 9 9 9 
          9 9 9 9 9 9 9 9 9 9 9 9 9 9 9 9 9 9 9 9 
          9 9 9 9 9 9 9 9 9 9 9 9 9 9 9 9 9 9 9 9 
          9 9 9 9 9 9 9 9 9 9 9 9 9 9 9 9 9 9 9 9 
          9 9 9 9 9 9 9 9 9 9 9 9 9 9 9 9 9 9 9 9 
          9 9 9 9 9 9 9 9 9 9 9 9 9 9 9 9 9 9 9 9 
          9 9 9 9 9 9 9 9 9 9 9 9 9 9 9 9 9 9 9 9 
          9 9 9 9 9 9 9 9 9 9 9 9 9 9 9 9 9 9 9 9 
          9 9 9 9 9 9 9 9 9 9 9 9 9 9 9 9 9 9 9 9 
          9 9 9 9 9 9 9 9 9 9 9 9 9 9 9 9 9 9 9 9 
          9 9 9 9 9 9 9 9 9 9 9 9 9 9 9 9 9 9 9 9 
          9 9 9 9 9 9 9 9 9 9 9 9 9 9 9 9 9 9 9 9 
          9 9 9 9 9 9 9 9 9 9 9 9 9 9 9 9 9 9 9 9 
          9 9 9 9 9 9 9 9 9 9 9 9 9 9 9 9 9 9 9 9 
          9 9 9 9 9 9 9 9 9 9 9 9 9 9 9 9 9 9 9 9 
          9 9 9 9 9 9 9 9 9 9 9 9 9 9 9 9 9 9 9 9 
          9 9 9 9 9 9 9 9 9 9 9 9 9 9 9 9 9 9 9 9 
          9 9 9 9 9 9 9 9 9 9 9 9 9 9 9 9 9 9 9 9 
          9 9 9 9 9 9 9 9 9 9 9 9 9 9 9 9 9 9 9 9 
          9 9 9 9 9 9 9 9 9 9 9 9 9 9 9 9 9 9 9 9 
          9 9 9 9 9 9 9 9 9 9 9 9 9 9 9 9 9 9 9 9 
          9 9 9 9 9 9 9 9 9 9 9 9 9 9 9 9 9 9 9 9 
          9 9 9 9 9 9 9 9 9 9 9 9 9 9 9 9 9 9 9 9 
          9 9 9 9 9 9 9 9 9 9 9 9 9 9 9 9 9 9 9 9 
          9 9 9 9 9 9 9 9 9 9 9 9 9 9 9 9 9 9 9 9 
          9 9 9 9 9 9 9 9 9 9 9 9 9 9 9 9 9 9 9 9 
          9 9 9 9 9 9 9 9 9 9 9 9 9 9 9 9 9 9 9 9 
          9 9 9 9 9 9 9 9 9 9 9 9 9 9 9 9 9 9 9 9 
          9 9 9 9 9 9 9 9 9 9 9 9 9 9 9 9 9 9 9 9 
          9 9 9 9 9 9 9 9 9 9 9 9 9 9 9 9 9 9 9 9 
          9 9 9 9 9 9 9 9 9 9 9 9 9 9 9 9 9 9 9 9 
          9 9 9 9 9 9 9 9 9 9 9 9 9 9 9 9 9 9 9 9 
          9 9 9 9 9 9 9 9 9 9 9 9 9 9 9 9 9 9 9 9 
          9 9 9 9 9 9 9 9 9 9 9 9 9 9 9 9 9 9 9 9 
          9 9 9 9 9 9 9 9 9 9 9 9 9 9 9 9 9 9 9 9 
          9 9 9 9 9 9 9 9 9 9 9 9 9 9 9 9 9 9 9 9 
          9 9 9 9 9 9 9 9 9 9 9 9 9 9 9 9 9 9 9 9 
          9 9 9 9 9 9 9 9 9 9 9 9 9 9 9 9 9 9 9 9 
          9 9 9 9 9 9 9 9 9 9 9 9 9 9 9 9 9 9 9 9 
          9 9 9 9 9 9 9 9 9 9 9 9 9 9 9 9 9 9 9 9 
          9 9 9 9 9 9 9 9 9 9 9 9 9 9 9 9 9 9 9 9 
          9 9 9 9 9 9 9 9 9 9 9 9 9 9 9 9 9 9 9 9 
          9 9 9 9 9 9 9 9 9 9 9 9 9 9 9 9 9 9 9 9 
          9 9 9 9 9 9 9 9 9 9 9 9 9 9 9 9 9 9 9 9 
          9 9 9 9 9 9 9 9 9 9 9 9 9 9 9 9 9 9 9 9 
          9 9 9 9 9 9 9 9 9 9 9 9 9 9 9 9 9 9 9 9 
          9 9 9 9 9 9 9 9 9 9 9 9 9 9 9 9 9 9 9 9 
          9 9 9 9 9 9 9 9 9 9 9 9 9 9 9 9 9 9 9 9 
          9 9 9 9 9 9 9 9 9 9 9 9 9 9 9 9 9 9 9 9 
          9 9 9 9 9 9 9 9 9 9 9 9 9 9 9 9 9 9 9 9 
          9 9 9 9 9 9 9 9 9 9 9 9 9 9 9 9 9 9 9 9 
          9 9 9 9 9 9 9 9 9 9 9 9 9 9 9 9 9 9 9 9 
          9 9 9 9 9 9 9 9 9 9 9 9 9 9 9 9 9 9 9 9 
          9 9 9 9 9 9 9 9 9 9 9 9 9 9 9 9 9 9 9 9 
          9 9 9 9 9 9 9 9 9 9 9 9 9 9 9 9 9 9 9 9 
          9 9 9 9 9 9 9 9 9 9 9 9 9 9 9 9 9 9 9 9 
          9 9 9 9 9 9 9 9 9 9 9 9 9 9 9 9 9 9 9 9 
          9 9 9 9 9 9 9 9 9 9 9 9 9 9 9 9 9 9 9 9 
          9 9 9 9 9 9 9 9 9 9 9 9 9 9 9 9 9 9 9 9 
          9 9 9 9 9 9 9 9 9 9 9 9 9 9 9 9 9 9 9 9 
          9 9 9 9 9 9 9 9 9 9 9 9 9 9 9 9 9 9 9 9 
          9 9 9 9 9 9 9 9 9 9 9 9 9 9 9 9 9 9 9 9 
          9 9 9 9 9 9 9 9 9 9 9 9 9 9 9 9 9 9 9 9 
          9 9 9 9 9 9 9 9 9 9 9 9 9 9 9 9 9 9 9 9 
          9 9 9 9 9 9 9 9 9 9 9 9 9 9 9 9 9 9 9 9 
          9 9 9 9 9 9 9 9 9 9 9 9 9 9 9 9 9 9 9 9 
          9 9 9 9 9 9 9 9 9 9 9 9 9 9 9 9 9 9 9 9 
          9 9 9 9 9 9 9 9 9 9 9 9 9 9 9 9 9 9 9 9 
          9 9 9 9 9 9 9 9 9 9 9 9 9 9 9 9 9 9 9 9 
          9 9 9 9 9 9 9 9 9 9 9 9 9 9 9 9 9 9 9 9 
          9 9 9 9 9 9 9 9 9 9 9 9 9 9 9 9 9 9 9 9 
          9 9 9 9 9 9 9 9 9 9 9 9 9 9 9 9 9 9 9 9 
          9 9 9 9 9 9 9 9 9 9 9 9 9 9 9 9 9 9 9 9 
          9 9 9 9 9 9 9 9 9 9 9 9 9 9 9 9 9 9 9 9 
          9 9 9 9 9 9 9 9 9 9 9 9 9 9 9 9 9 9 9 9 
          9 9 9 9 9 9 9 9 9 9 9 9 9 9 9 9 9 9 9 9 
          9 9 9 9 9 9 9 9 9 9 9 9 9 9 9 9 9 9 9 9 
          9 9 9 9 9 9 9 9 9 9 9 9 9 9 9 9 9 9 9 9 
          9 9 9 9 9 9 9 9 9 9 9 9 9 9 9 9 9 9 9 9 
          9 9 9 9 9 9 9 9 9 9 9 9 9 9 9 9 9 9 9 9 
          9 9 9 9 9 9 9 9 9 9 9 9 9 9 9 9 9 9 9 9 
          9 9 9 9 9 9 9 9 9 9 9 9 9 9 9 9 9 9 9 9 
          9 9 9 9 9 9 9 9 9 9 9 9 9 9 9 9 9 9 9 9 
          9 9 9 9 9 9 9 9 9 9 9 9 9 9 9 9 9 9 9 9 
          9 9 9 9 9 9 9 9 9 9 9 9 9 9 9 9 9 9 9 9 
          9 9 9 9 9 9 9 9 9 9 9 9 9 9 9 9 9 9 9 9 
          9 9 9 9 9 9 9 9 9 9 9 9 9 9 9 9 9 9 9 9 
          9 9 9 9 9 9 9 9 9 9 9 9 9 9 9 9 9 9 9 9 
          9 9 9 9 9 9 9 9 9 9 9 9 9 9 9 9 9 9 9 9 
          9 9 9 9 9 9 9 9 9 9 9 9 9 9 9 9 9 9 9 9 
          9 9 9 9 9 9 9 9 9 9 9 9 9 9 9 9 9 9 9 9 
          9 9 9 9 9 9 9 9 9 9 9 9 9 9 9 9 9 9 9 9 
          9 9 9 9 9 9 9 9 9 9 9 9 9 9 9 9 9 9 9 9 
          9 9 9 9 9 9 9 9 9 9 9 9 9 9 9 9 9 9 9 9 
          9 9 9 9 9 9 9 9 9 9 9 9 9 9 9 9 9 9 9 9 
          9 9 9 9 9 9 9 9 9 9 9 9 9 9 9 9 9 9 9 9 
          9 9 9 9 9 9 9 9 9 9 9 9 9 9 9 9 9 9 9 9 
          9 9 9 9 9 9 9 9 9 9 9 9 9 9 9 9 9 9 9 9 
          9 9 9 9 9 9 9 9 9 9 9 9 9 9 9 9 9 9 9 9 
          9 9 9 9 9 9 9 9 9 9 9 9 9 9 9 9 9 9 9 9 
          9 9 9 9 9 9 9 9 9 9 9 9 9 9 9 9 9 9 9 9 
          9 9 9 9 9 9 9 9 9 9 9 9 9 9 9 9 9 9 9 9 
          9 9 9 9 9 9 9 9 9 9 9 9 9 9 9 9 9 9 9 9 
          9 9 9 9 9 9 9 9 9 9 9 9 9 9 9 9 9 9 9 9 
          9 9 9 9 9 9 9 9 9 9 9 9 9 9 9 9 9 9 9 9 
          9 9 9 9 9 9 9 9 9 9 9 9 9 9 9 9 9 9 9 9 
          9 9 9 9 9 9 9 9 9 9 9 9 9 9 9 9 9 9 9 9 
          9 9 9 9 9 9 9 9 9 9 9 9 9 9 9 9 9 9 9 9 
          9 9 9 9 9 9 9 9 9 9 9 9 9 9 9 9 9 9 9 9 
          9 9 9 9 9 9 9 9 9 9 9 9 9 9 9 9 9 9 9 9 
          9 9 9 9 9 9 9 9 9 9 9 9 9 9 9 9 9 9 9 9 
          9 9 9 9 9 9 9 9 9 9 9 9 9 9 9 9 9 9 9 9 
          9 9 9 9 9 9 9 9 9 9 9 9 9 9 9 9 9 9 9 9 
          9 9 9 9 9 9 9 9 9 9 9 9 9 9 9 9 9 9 9 9 
          9 9 9 9 9 9 9 9 9 9 9 9 9 9 9 9 9 9 9 9 
          9 9 9 9 9 9 9 9 9 9 9 9 9 9 9 9 9 9 9 9 
          9 9 9 9 9 9 9 9 9 9 9 9 9 9 9 9 9 9 9 9 
          9 9 9 9 9 9 9 9 9 9 9 9 9 9 9 9 9 9 9 9 
          9 9 9 9 9 9 9 9 9 9 9 9 9 9 9 9 9 9 9 9 
          9 9 9 9 9 9 9 9 9 9 9 9 9 9 9 9 9 9 9 9 
          9 9 9 9 9 9 9 9 9 9 9 9 9 9 9 9 9 9 9 9 
          9 9 9 9 9 9 9 9 9 9 9 9 9 9 9 9 9 9 9 9 
          9 9 9 9 9 9 9 9 9 9 9 9 9 9 9 9 9 9 9 9 
          9 9 9 9 9 9 9 9 9 9 9 9 9 9 9 9 9 9 9 9 
          9 9 9 9 9 9 9 9 9 9 9 9 9 9 9 9 9 9 9 9 
          9 9 9 9 9 9 9 9 9 9 9 9 9 9 9 9 9 9 9 9 
          9 9 9 9 9 9 9 9 9 9 9 9 9 9 9 9 9 9 9 9 
          9 9 9 9 9 9 9 9 9 9 9 9 9 9 9 9 9 9 9 9 
          9 9 9 9 9 9 9 9 9 9 9 9 9 9 9 9 9 9 9 9 
          9 9 9 9 9 9 9 9 9 9 9 9 9 9 9 9 9 9 9 9 
          9 9 9 9 9 9 9 9 9 9 9 9 9 9 9 9 9 9 9 9 
          9 9 9 9 9 9 9 9 9 9 9 9 9 9 9 9 9 9 9 9 
          9 9 9 9 9 9 9 9 9 9 9 9 9 9 9 9 9 9 9 9 
          9 9 9 9 9 9 9 9 9 9 9 9 9 9 9 9 9 9 9 9 
          9 9 9 9 9 9 9 9 9 9 9 9 9 9 9 9 9 9 9 9 
          9 9 9 9 9 9 9 9 9 9 9 9 9 9 9 9 9 9 9 9 
          9 9 9 9 9 9 9 9 9 9 9 9 9 9 9 9 9 9 9 9 
          9 9 9 9 9 9 9 9 9 9 9 9 9 9 9 9 9 9 9 9 
          9 9 9 9 9 9 9 9 9 9 9 9 9 9 9 9 9 9 9 9 
          9 9 9 9 9 9 9 9 9 9 9 9 9 9 9 9 9 9 9 9 
          9 9 9 9 9 9 9 9 9 9 9 9 9 9 9 9 9 9 9 9 
          9 9 9 9 9 9 9 9 9 9 9 9 9 9 9 9 9 9 9 9 
          9 9 9 9 9 9 9 9 9 9 9 9 9 9 9 9 9 9 9 9 
          9 9 9 9 9 9 9 9 9 9 9 9 9 9 9 9 9 9 9 9 
          9 9 9 9 9 9 9 9 9 9 9 9 9 9 9 9 9 9 9 9 
          9 9 9 9 9 9 9 9 9 9 9 9 9 9 9 9 9 9 9 9 
          9 9 9 9 9 9 9 9 9 9 9 9 9 9 9 9 9 9 9 9 
          9 9 9 9 9 9 9 9 9 9 9 9 9 9 9 9 9 9 9 9 
          9 9 9 9 9 9 9 9 9 9 9 9 9 9 9 9 9 9 9 9 
          9 9 9 9 9 9 9 9 9 9 9 9 9 9 9 9 9 9 9 9 
          9 9 9 9 9 9 9 9 9 9 9 9 9 9 9 9 9 9 9 9 
          9 9 9 9 9 9 9 9 9 9 9 9 9 9 9 9 9 9 9 9 
          9 9 9 9 9 9 9 9 9 9 9 9 9 9 9 9 9 9 9 9 
          9 9 9 9 9 9 9 9 9 9 9 9 9 9 9 9 9 9 9 9 
          9 9 9 9 9 9 9 9 9 9 9 9 9 9 9 9 9 9 9 9 
          9 9 9 9 9 9 9 9 9 9 9 9 9 9 9 9 9 9 9 9 
          9 9 9 9 9 9 9 9 9 9 9 9 9 9 9 9 9 9 9 9 
          9 9 9 9 9 9 9 9 9 9 9 9 9 9 9 9 9 9 9 9 
          9 9 9 9 9 9 9 9 9 9 9 9 9 9 9 9 9 9 9 9 
          9 9 9 9 9 9 9 9 9 9 9 9 9 9 9 9 9 9 9 9 
          9 9 9 9 9 9 9 9 9 9 9 9 9 9 9 9 9 9 9 9 
          9 9 9 9 9 9 9 9 9 9 9 9 9 9 9 9 9 9 9 9 
          9 9 9 9 9 9 9 9 9 9 9 9 9 9 9 9 9 9 9 9 
          9 9 9 9 9 9 9 9 9 9 9 9 9 9 9 9 9 9 9 9 
          9 9 9 9 9 9 9 9 9 9 9 9 9 9 9 9 9 9 9 9 
          9 9 9 9 9 9 9 9 9 9 9 9 9 9 9 9 9 9 9 9 
          9 9 9 9 9 9 9 9 9 9 9 9 9 9 9 9 9 9 9 9 
          9 9 9 9 9 9 9 9 9 9 9 9 9 9 9 9 9 9 9 9 
          9 9 9 9 9 9 9 9 9 9 9 9 9 9 9 9 9 9 9 9 
          9 9 9 9 9 9 9 9 9 9 9 9 9 9 9 9 9 9 9 9 
          9 9 9 9 9 9 9 9 9 9 9 9 9 9 9 9 9 9 9 9 
          9 9 9 9 9 9 9 9 9 9 9 9 9 9 9 9 9 9 9 9 
          9 9 9 9 9 9 9 9 9 9 9 9 9 9 9 9 9 9 9 9 
          9 9 9 9 9 9 9 9 9 9 9 9 9 9 9 9 9 9 9 9 
          9 9 9 9 9 9 9 9 9 9 9 9 9 9 9 9 9 9 9 9 
          9 9 9 9 9 9 9 9 9 9 9 9 9 9 9 9 9 9 9 9 
          9 9 9 9 9 9 9 9 9 9 9 9 9 9 9 9 9 9 9 9 
          9 9 9 9 9 9 9 9 9 9 9 9 9 9 9 9 9 9 9 9 
          9 9 9 9 9 9 9 9 9 9 9 9 9 9 9 9 9 9 9 9 
          9 9 9 9 9 9 9 9 9 9 9 9 9 9 9 9 9 9 9 9 
          9 9 9 9 9 9 9 9 9 9 9 9 9 9 9 9 9 9 9 9 
          9 9 9 9 9 9 9 9 9 9 9 9 9 9 9 9 9 9 9 9 
          9 9 9 9 9 9 9 9 9 9 9 9 9 9 9 9 9 9 9 9 
          9 9 9 9 9 9 9 9 9 9 9 9 9 9 9 9 9 9 9 9 
          9 9 9 9 9 9 9 9 9 9 9 9 9 9 9 9 9 9 9 9 
          9 9 9 9 9 9 9 9 9 9 9 9 9 9 9 9 9 9 9 9 
          9 9 9 9 9 9 9 9 9 9 9 9 9 9 9 9 9 9 9 9 
          9 9 9 9 9 9 9 9 9 9 9 9 9 9 9 9 9 9 9 9 
          9 9 9 9 9 9 9 9 9 9 9 9 9 9 9 9 9 9 9 9 
          9 9 9 9 9 9 9 9 9 9 9 9 9 9 9 9 9 9 9 9 
          9 9 9 9 9 9 9 9 9 9 9 9 9 9 9 9 9 9 9 9 
          9 9 9 9 9 9 9 9 9 9 9 9 9 9 9 9 9 9 9 9 
          9 9 9 9 9 9 9 9 9 9 9 9 9 9 9 9 9 9 9 9 
          9 9 9 9 9 9 9 9 9 9 9 9 9 9 9 9 9 9 9 9 
          9 9 9 9 9 9 9 9 9 9 9 9 9 9 9 9 9 9 9 9 
          9 9 9 9 9 9 9 9 9 9 9 9 9 9 9 9 9 9 9 9 
          9 9 9 9 9 9 9 9 9 9 9 9 9 9 9 9 9 9 9 9 
          9 9 9 9 9 9 9 9 9 9 9 9 9 9 9 9 9 9 9 9 
          9 9 9 9 9 9 9 9 9 9 9 9 9 9 9 9 9 9 9 9 
          9 9 9 9 9 9 9 9 9 9 9 9 9 9 9 9 9 9 9 9 
          9 9 9 9 9 9 9 9 9 9 9 9 9 9 9 9 9 9 9 9 
          9 9 9 9 9 9 9 9 9 9 9 9 9 9 9 9 9 9 9 9 
          9 9 9 9 9 9 9 9 9 9 9 9 9 9 9 9 9 9 9 9 
          9 9 9 9 9 9 9 9 9 9 9 9 9 9 9 9 9 9 9 9 
          9 9 9 9 9 9 9 9 9 9 9 9 9 9 9 9 9 9 9 9 
          9 9 9 9 9 9 9 9 9 9 9 9 9 9 9 9 9 9 9 9 
          9 9 9 9 9 9 9 
        </DataArray>
      </Cells>
    </Piece>
  </UnstructuredGrid>
</VTKFile>
