<VTKFile type="UnstructuredGrid" version="1.0" byte_order="LittleEndian" header_type="UInt64">
  <UnstructuredGrid>
    <Piece NumberOfPoints="6630" NumberOfCells="6468">
      <CellData Scalars="Water Table">
        <DataArray type="Float64" Name="Heads" format="ascii">
          122.60255432128906 122.60064697265625 122.5964584350586 122.58802795410156 122.57730102539062 122.5632553100586 122.5451431274414 122.52069854736328 122.49317169189453 122.46235656738281 122.42792510986328 122.38964080810547 122.34761810302734 122.30264282226562 122.25578308105469 122.20487213134766 122.15031433105469 122.09168243408203 122.02972412109375 121.96495056152344 121.89791107177734
          121.8289794921875 121.759521484375 121.68849182128906 121.61569213867188 121.53961944580078 121.45792388916016 121.36605834960938 121.26631927490234 121.15901184082031 121.04501342773438 120.92481994628906 120.79886627197266 120.6666488647461 120.52730560302734 120.38404846191406 120.23504638671875 120.07817840576172 119.909423828125 119.73040008544922 119.5443115234375
          119.35063934326172 119.14817810058594 118.93708801269531 118.71528625488281 118.48734283447266 118.25218200683594 118.00825500488281 117.75113677978516 117.48272705078125 117.20222473144531 116.9105224609375 116.60749816894531 116.29230499267578 115.97206115722656 115.64212036132812 115.3115234375 114.97400665283203 114.63275909423828 114.28105926513672 113.91792297363281
          113.54517364501953 113.1568603515625 112.75625610351562 112.33968353271484 111.91014099121094 111.46989440917969 111.02882385253906 110.54946899414062 110.06743621826172 109.5875473022461 109.09556579589844 108.60122680664062 108.09178161621094 107.53215026855469 106.93135833740234 106.33018493652344 105.7690658569336 105.30316925048828 104.94269561767578 104.68126678466797
          104.41693878173828 104.8895263671875 105.05015563964844 122.59232330322266 122.59044647216797 122.58483123779297 122.57711791992188 122.56642150878906 122.55218505859375 122.53190612792969 122.50823974609375 122.48075103759766 122.4496078491211 122.41508483886719 122.37692260742188 122.33500671386719 122.29043579101562 122.24308013916016 122.1934814453125 122.13969421386719
          122.08102416992188 122.01951599121094 121.95526123046875 121.88834381103516 121.8204345703125 121.75233459472656 121.68192291259766 121.60826873779297 121.53140258789062 121.44734954833984 121.35624694824219 121.256591796875 121.14962005615234 121.03546905517578 120.915771484375 120.7900619506836 120.65821838378906 120.51874542236328 120.37409973144531 120.22425079345703
          120.06634521484375 119.89793395996094 119.71833801269531 119.53382110595703 119.34056091308594 119.13710021972656 118.92723846435547 118.70890045166016 118.48130798339844 118.2457046508789 118.00213623046875 117.7453842163086 117.47708892822266 117.19820404052734 116.90604400634766 116.60272979736328 116.28917694091797 115.969970703125 115.64241027832031 115.31266784667969
          114.97737884521484 114.63546752929688 114.28585815429688 113.92526245117188 113.55497741699219 113.16732788085938 112.76593780517578 112.35148620605469 111.92301940917969 111.48535919189453 111.04498291015625 110.57317352294922 110.08746337890625 109.59420776367188 109.10835266113281 108.61106872558594 108.0907974243164 107.54376983642578 106.93854522705078 106.29598999023438
          105.68500518798828 105.19248962402344 104.82830810546875 104.42286682128906 104.8553695678711 105.08706665039062 105.20464324951172 122.57105255126953 122.56788635253906 122.5628890991211 122.55487060546875 122.54346466064453 122.52838134765625 122.50718688964844 122.48304748535156 122.45552825927734 122.42431640625 122.38932037353516 122.35125732421875 122.3099365234375
          122.26573944091797 122.21902465820312 122.1707534790039 122.11650085449219 122.06011962890625 121.99891662597656 121.93472290039062 121.86920928955078 121.80260467529297 121.73503112792969 121.66470336914062 121.59038543701172 121.5116958618164 121.42803955078125 121.33677673339844 121.23713684082031 121.13019561767578 121.0161361694336 120.89688873291016 120.77151489257812
          120.63878631591797 120.49976348876953 120.35395050048828 120.20249938964844 120.04214477539062 119.8737564086914 119.69718933105469 119.51304626464844 119.32109832763672 119.11859893798828 118.90982055664062 118.69212341308594 118.46810150146484 118.23486328125 117.989501953125 117.73371124267578 117.46713256835938 117.18924713134766 116.89661407470703 116.5939712524414
          116.28348541259766 115.96510314941406 115.64374542236328 115.3177261352539 114.98612976074219 114.64563751220703 114.29796600341797 113.9389877319336 113.57186126708984 113.1882095336914 112.7899398803711 112.3789291381836 111.95540618896484 111.52198028564453 111.07002258300781 110.60545349121094 110.12326049804688 109.63986206054688 109.1376953125 108.63076782226562
          108.11239624023438 107.55329895019531 106.9540023803711 106.23960876464844 105.47400665283203 104.90814208984375 104.52745056152344 105.00810241699219 105.24424743652344 105.40106201171875 105.48695373535156 122.53684997558594 122.5344467163086 122.52937316894531 122.52092742919922 122.5083236694336 122.49059295654297 122.46990203857422 122.44522094726562 122.41755676269531
          122.38630676269531 122.350830078125 122.31279754638672 122.27207946777344 122.22823333740234 122.18226623535156 122.13436126708984 122.08222961425781 122.0257339477539 121.96632385253906 121.90481567382812 121.84066772460938 121.77497100830078 121.70834350585938 121.6373519897461 121.5619125366211 121.4820556640625 121.39828491210938 121.30707550048828 121.20753479003906
          121.10049438476562 120.98735046386719 120.86762237548828 120.74128723144531 120.60842895507812 120.46907043457031 120.3212661743164 120.16766357421875 120.00813293457031 119.84093475341797 119.66626739501953 119.48265838623047 119.29241943359375 119.09190368652344 118.88385772705078 118.66944885253906 118.447021484375 118.21650695800781 117.97273254394531 117.7174301147461
          117.45307159423828 117.17677307128906 116.88465118408203 116.58164978027344 116.27356719970703 115.96295928955078 115.64742279052734 115.32669067382812 114.99828338623047 114.66175842285156 114.31693267822266 113.9594955444336 113.5960464477539 113.22115325927734 112.82681274414062 112.42268371582031 112.00690460205078 111.575439453125 111.12615966796875 110.65459442138672
          110.18031311035156 109.69005584716797 109.18624877929688 108.66973876953125 108.16203308105469 107.60739135742188 107.01766967773438 106.2259750366211 104.56060791015625 104.82421112060547 105.32987213134766 105.5455322265625 105.69908905029297 105.80581665039062 105.8670425415039 122.4906005859375 122.48809814453125 122.48285675048828 122.47360229492188 122.45854949951172
          122.44070434570312 122.41874694824219 122.39374542236328 122.36642456054688 122.33427429199219 122.2989501953125 122.26139831542969 122.22065734863281 122.17789459228516 122.13272857666016 122.08637237548828 122.03512573242188 121.980224609375 121.92302703857422 121.86299133300781 121.79988098144531 121.73635864257812 121.67141723632812 121.59931182861328 121.52298736572266
          121.44248962402344 121.35706329345703 121.26565551757812 121.16629028320312 121.06029510498047 120.9473876953125 120.82514190673828 120.69776153564453 120.5640640258789 120.4241714477539 120.27766418457031 120.12403869628906 119.96466064453125 119.79872131347656 119.62486267089844 119.44346618652344 119.2542495727539 119.0555419921875 118.851806640625 118.63933563232422
          118.419677734375 118.1897201538086 117.94969177246094 117.70008087158203 117.438232421875 117.1628646850586 116.86638641357422 116.5684585571289 116.2694091796875 115.96265411376953 115.65402221679688 115.33740997314453 115.0133285522461 114.68072509765625 114.33885955810547 113.99044036865234 113.63141632080078 113.26385498046875 112.87702178955078 112.47888946533203
          112.069091796875 111.64350891113281 111.20098114013672 110.72965240478516 110.25830841064453 109.75934600830078 109.24467468261719 108.73458099365234 108.21479797363281 107.6938705444336 107.25057220458984 106.68074035644531 105.91002655029297 105.94225311279297 106.04068756103516 106.13658142089844 106.21891784667969 106.28670501708984 106.3206787109375 122.43153381347656
          122.42850494384766 122.42180633544922 122.4097671508789 122.39508819580078 122.37670135498047 122.35482788085938 122.32872009277344 122.30052185058594 122.2684326171875 122.23400115966797 122.19676208496094 122.15731811523438 122.1147232055664 122.07144927978516 122.02526092529297 121.97508239746094 121.9218978881836 121.86689758300781 121.80845642089844 121.74622344970703
          121.68405151367188 121.6192855834961 121.54678344726562 121.47090911865234 121.39153289794922 121.3056411743164 121.21236419677734 121.1129379272461 121.00662994384766 120.89334106445312 120.77164459228516 120.64466094970703 120.51043701171875 120.368896484375 120.2221450805664 120.06976318359375 119.91177368164062 119.7467041015625 119.57359313964844 119.39385986328125
          119.20745086669922 119.0123291015625 118.81110382080078 118.60131072998047 118.3851089477539 118.15892028808594 117.92156219482422 117.67708587646484 117.41878509521484 117.147216796875 116.85891723632812 116.56581115722656 116.26798248291016 115.96772766113281 115.66144561767578 115.3505630493164 115.030517578125 114.70379638671875 114.3720932006836 114.03004455566406
          113.67839050292969 113.31645202636719 112.93531799316406 112.54798126220703 112.14810943603516 111.72984313964844 111.29106140136719 110.82479095458984 110.34066009521484 109.84170532226562 109.30205535888672 108.80276489257812 108.20639038085938 107.52508544921875 107.56330108642578 107.25755310058594 106.90933990478516 106.77970123291016 106.74153137207031 106.75111389160156
          106.77701568603516 106.8046646118164 106.8216781616211 122.35993194580078 122.35535430908203 122.34585571289062 122.333984375 122.31813049316406 122.29866027832031 122.27578735351562 122.25018310546875 122.22017669677734 122.1881103515625 122.15402221679688 122.11769104003906 122.07971954345703 122.03823852539062 121.99458312988281 121.94922637939453 121.90158081054688
          121.849853515625 121.79511260986328 121.73858642578125 121.68036651611328 121.619384765625 121.55204010009766 121.4810562133789 121.40476989746094 121.32467651367188 121.23859405517578 121.14707946777344 121.04843139648438 120.9426498413086 120.82909393310547 120.70772552490234 120.57947540283203 120.44354248046875 120.30171203613281 120.15611267089844 120.00475311279297
          119.84745788574219 119.68437957763672 119.5123519897461 119.33470916748047 119.15092468261719 118.9599609375 118.76115417480469 118.55690002441406 118.34326171875 118.12126159667969 117.89030456542969 117.65048217773438 117.39823150634766 117.13002014160156 116.8514175415039 116.5632095336914 116.2729263305664 115.97824096679688 115.67852020263672 115.37071228027344
          115.05670928955078 114.73542022705078 114.41490936279297 114.08236694335938 113.7415771484375 113.38534545898438 113.01522064208984 112.63885498046875 112.24984741210938 111.84396362304688 111.41475677490234 110.95142364501953 110.40486907958984 109.9057388305664 109.4082260131836 109.09686279296875 108.51052856445312 108.27909851074219 108.07652282714844 107.83651733398438
          107.60675811767578 107.47920227050781 107.40719604492188 107.36520385742188 107.34886932373047 107.34162139892578 107.34148406982422 122.2720947265625 122.26554107666016 122.25560760498047 122.2422103881836 122.22557067871094 122.20516204833984 122.1815414428711 122.15545654296875 122.12581634521484 122.09313201904297 122.05896759033203 122.02416229248047 121.98712921142578
          121.94721984863281 121.90460205078125 121.86018371582031 121.81352233886719 121.76345825195312 121.71124267578125 121.65657806396484 121.59900665283203 121.53784942626953 121.47184753417969 121.40027618408203 121.32525634765625 121.24507141113281 121.1595230102539 121.06871795654297 120.97027587890625 120.86363983154297 120.75072479248047 120.63004302978516 120.50106811523438
          120.36617279052734 120.2238998413086 120.07807922363281 119.92813873291016 119.77251434326172 119.61003875732422 119.44161224365234 119.26688385009766 119.08536529541016 118.89813232421875 118.70467376708984 118.5043716430664 118.29508972167969 118.07808685302734 117.85232543945312 117.6194839477539 117.37358093261719 117.11095428466797 116.83950805664062 116.5607681274414
          116.27899169921875 115.99166107177734 115.69641876220703 115.39852905273438 115.09185791015625 114.77983093261719 114.47283172607422 114.15093994140625 113.82173156738281 113.47891235351562 113.12086486816406 112.75520324707031 112.37871551513672 111.99097442626953 111.5867919921875 111.16006469726562 110.71733093261719 110.27649688720703 109.80403137207031 109.50020599365234
          109.1446762084961 108.86042022705078 108.60931396484375 108.38831329345703 108.2205810546875 108.08538818359375 107.9952392578125 107.93455505371094 107.90721893310547 107.88526153564453 107.87457275390625 122.16551971435547 122.1597900390625 122.14974975585938 122.13569641113281 122.11846160888672 122.09732055664062 122.07335662841797 122.04650115966797 122.016357421875
          121.98446655273438 121.950439453125 121.91485595703125 121.87722778320312 121.83842468261719 121.79850769042969 121.75653839111328 121.71158599853516 121.6638412475586 121.61309051513672 121.55972290039062 121.50345611572266 121.44312286376953 121.37759399414062 121.30712127685547 121.23298645019531 121.154296875 121.06913757324219 120.97782897949219 120.8788070678711
          120.77230834960938 120.65890502929688 120.5373764038086 120.41068267822266 120.27605438232422 120.13440704345703 119.98844146728516 119.8414535522461 119.68704223632812 119.52601623535156 119.36041259765625 119.18797302246094 119.01020050048828 118.82776641845703 118.63969421386719 118.4437026977539 118.23937225341797 118.02815246582031 117.8089370727539 117.58325958251953
          117.34062194824219 117.0870132446289 116.8260498046875 116.55716705322266 116.2844009399414 116.0059814453125 115.72191619873047 115.43067169189453 115.13298034667969 114.83573150634766 114.53778076171875 114.23043823242188 113.91244506835938 113.58037567138672 113.23950958251953 112.89151763916016 112.53350067138672 112.16576385498047 111.79208374023438 111.40895080566406
          111.02354431152344 110.6419906616211 110.2728500366211 109.94165802001953 109.635009765625 109.3775634765625 109.15648651123047 108.94459533691406 108.77961730957031 108.65614318847656 108.57284545898438 108.51123809814453 108.45716857910156 108.42989349365234 108.41788482666016 122.04376220703125 122.0379867553711 122.02776336669922 122.01424407958984 121.99654388427734
          121.97474670410156 121.94986724853516 121.92206573486328 121.89186096191406 121.85939025878906 121.8254165649414 121.79029083251953 121.7535400390625 121.7166519165039 121.6784439086914 121.63874816894531 121.5951156616211 121.54862976074219 121.50035095214844 121.44817352294922 121.3941879272461 121.33363342285156 121.26917266845703 121.20057678222656 121.12787628173828
          121.04917907714844 120.96414947509766 120.8730239868164 120.77371215820312 120.66705322265625 120.55450439453125 120.433837890625 120.30706024169922 120.17467498779297 120.03507995605469 119.89158630371094 119.7452163696289 119.59147644042969 119.43225860595703 119.27005767822266 119.10073852539062 118.92500305175781 118.74883270263672 118.56613159179688 118.37495422363281
          118.17564392089844 117.97124481201172 117.7603530883789 117.53750610351562 117.302001953125 117.05976104736328 116.80879211425781 116.55052947998047 116.28895568847656 116.02291870117188 115.75031280517578 115.46910858154297 115.18302154541016 114.89878845214844 114.60893249511719 114.31392669677734 114.01126861572266 113.69425964355469 113.37149047851562 113.0411376953125
          112.70939636230469 112.36378479003906 112.01421356201172 111.66761779785156 111.32154846191406 110.99024200439453 110.67241668701172 110.38679504394531 110.11769104003906 109.8562240600586 109.65090942382812 109.46805572509766 109.31835174560547 109.19518280029297 109.1036605834961 109.04326629638672 108.99073791503906 108.95948028564453 108.94564819335938 121.90690612792969
          121.90033721923828 121.8897705078125 121.87529754638672 121.85557556152344 121.83399963378906 121.80908203125 121.78074645996094 121.7501449584961 121.7181167602539 121.68595123291016 121.6522216796875 121.61773681640625 121.58190155029297 121.54508972167969 121.50700378417969 121.46678924560547 121.42283630371094 121.37556457519531 121.32530975341797 121.27137756347656
          121.21099853515625 121.14700317382812 121.07874298095703 121.00686645507812 120.92877197265625 120.84488677978516 120.75370025634766 120.65464782714844 120.54798126220703 120.4362564086914 120.31645202636719 120.18975067138672 120.05928802490234 119.92243957519531 119.78012084960938 119.63457489013672 119.48249816894531 119.3253173828125 119.1636962890625 119.00032043457031
          118.83163452148438 118.66056823730469 118.484619140625 118.29729461669922 118.10432434082031 117.90648651123047 117.70118713378906 117.48562622070312 117.26045989990234 117.02848052978516 116.78746032714844 116.54582214355469 116.29535675048828 116.04051971435547 115.7794418334961 115.51423645019531 115.24664306640625 114.97064208984375 114.6890869140625 114.40546417236328
          114.11711120605469 113.82003021240234 113.51564025878906 113.20613098144531 112.89372253417969 112.5769271850586 112.25284576416016 111.93231201171875 111.61894989013672 111.32432556152344 111.04521179199219 110.79232788085938 110.552490234375 110.33218383789062 110.12419891357422 109.96246337890625 109.82136535644531 109.71800231933594 109.61725616455078 109.54484558105469
          109.50164031982422 109.47322845458984 109.46070098876953 121.74790954589844 121.74373626708984 121.73343658447266 121.71997833251953 121.69979095458984 121.67668151855469 121.6517105102539 121.62305450439453 121.59288787841797 121.56221008300781 121.53092956542969 121.49994659423828 121.46800231933594 121.434326171875 121.39913940429688 121.3633804321289 121.32521057128906
          121.28451538085938 121.23884582519531 121.19029235839844 121.13508605957031 121.07597351074219 121.013671875 120.94527435302734 120.87211608886719 120.79425048828125 120.70999145507812 120.61878204345703 120.5195541381836 120.4141845703125 120.30233764648438 120.18426513671875 120.06077575683594 119.93102264404297 119.79401397705078 119.65355682373047 119.5088882446289
          119.3590087890625 119.20466613769531 119.04779815673828 118.89004516601562 118.726806640625 118.56144714355469 118.38903045654297 118.20854187011719 118.02244567871094 117.83223724365234 117.63516235351562 117.42870330810547 117.21492767333984 116.9949951171875 116.7664794921875 116.5372314453125 116.30088806152344 116.05856323242188 115.81172180175781 115.56208038330078
          115.31173706054688 115.05413055419922 114.77718353271484 114.5084457397461 114.23465728759766 113.9558334350586 113.6729736328125 113.3843002319336 113.09312438964844 112.79866790771484 112.50283813476562 112.2106704711914 111.92375946044922 111.654052734375 111.4071044921875 111.18144226074219 110.97639465332031 110.77487182617188 110.58150482177734 110.41777038574219
          110.29008483886719 110.17164611816406 110.1079330444336 110.03887176513672 109.99964904785156 109.97272491455078 109.95941925048828 121.57502746582031 121.56786346435547 121.55835723876953 121.54210662841797 121.52320861816406 121.50093078613281 121.47623443603516 121.45012664794922 121.42044830322266 121.39081573486328 121.36178588867188 121.3327407836914 121.302734375
          121.2715072631836 121.23930358886719 121.20519256591797 121.16793060302734 121.1287841796875 121.08612060546875 121.0380859375 120.98499298095703 120.92879486083984 120.86744689941406 120.80046081542969 120.72773742675781 120.64875030517578 120.56298828125 120.46968841552734 120.36981964111328 120.26465606689453 120.15380859375 120.03752136230469 119.9178466796875
          119.79124450683594 119.65678405761719 119.51879119873047 119.37638854980469 119.22740173339844 119.07471466064453 118.92244720458984 118.7690200805664 118.61101531982422 118.44969177246094 118.28180694580078 118.10730743408203 117.93050384521484 117.74908447265625 117.56063079833984 117.3656005859375 117.16424560546875 116.95767974853516 116.74349212646484 116.527587890625
          116.30412292480469 116.0744400024414 115.84483337402344 115.61255645751953 115.3756103515625 115.13362884521484 114.87562561035156 114.61873626708984 114.36129760742188 114.10199737548828 113.84074401855469 113.57208251953125 113.29932403564453 113.02418518066406 112.7557373046875 112.48881530761719 112.22826385498047 111.98424530029297 111.76599884033203 111.56401824951172
          111.38057708740234 111.1971664428711 111.02449798583984 110.87065887451172 110.74174499511719 110.64302062988281 110.56880950927734 110.51366424560547 110.47649383544922 110.45323181152344 110.44231414794922 121.38105010986328 121.3741455078125 121.36326599121094 121.34719848632812 121.3269271850586 121.30331420898438 121.27987670898438 121.26006317138672 121.23542022705078
          121.20955657958984 121.18202209472656 121.15347290039062 121.12419128417969 121.09410095214844 121.06285858154297 121.02924346923828 120.99432373046875 120.95610809326172 120.91585540771484 120.87242126464844 120.8231430053711 120.7670669555664 120.70716857910156 120.640625 120.56779479980469 120.4886703491211 120.40258026123047 120.30999755859375 120.21002197265625
          120.10467529296875 119.9935302734375 119.87840270996094 119.76102447509766 119.6386947631836 119.50785827636719 119.36939239501953 119.22795867919922 119.08203887939453 118.93289184570312 118.78499603271484 118.6352310180664 118.48249053955078 118.32572937011719 118.1630630493164 117.99771881103516 117.82901000976562 117.65618133544922 117.47869110107422 117.29595184326172
          117.1094741821289 116.91498565673828 116.71684265136719 116.51414489746094 116.30471801757812 116.0916748046875 115.87796020507812 115.66218566894531 115.4405517578125 115.20935821533203 114.97374725341797 114.73762512207031 114.49695587158203 114.25482940673828 114.01179504394531 113.7578125 113.50615692138672 113.25370025634766 113.00418090820312 112.76372528076172
          112.53314971923828 112.31169891357422 112.11402130126953 111.93343353271484 111.76387786865234 111.60601806640625 111.45014953613281 111.30491638183594 111.18910217285156 111.09766387939453 111.0230712890625 110.96936798095703 110.93895721435547 110.92215728759766 110.9056625366211 121.16949462890625 121.16310119628906 121.1501235961914 121.13459777832031 121.11787414550781
          121.10075378417969 121.07975769042969 121.05397033691406 121.03015899658203 121.00760650634766 120.9836196899414 120.95952606201172 120.9327392578125 120.90436553955078 120.87300109863281 120.84065246582031 120.80767822265625 120.77118682861328 120.73350524902344 120.69186401367188 120.6452407836914 120.58866119384766 120.52904510498047 120.46411895751953 120.39286804199219
          120.31449127197266 120.22844696044922 120.13582611083984 120.03729248046875 119.93302154541016 119.82504272460938 119.71126556396484 119.593017578125 119.47111511230469 119.3414077758789 119.20552062988281 119.06631469726562 118.92301940917969 118.78015899658203 118.63607788085938 118.49020385742188 118.34117126464844 118.18930053710938 118.03453826904297 117.87677001953125
          117.71701049804688 117.55452728271484 117.38934326171875 117.2199478149414 117.04644775390625 116.86646270751953 116.68345642089844 116.49685668945312 116.30291748046875 116.10673522949219 115.91061401367188 115.71033477783203 115.50224304199219 115.28833770751953 115.07209014892578 114.8568115234375 114.6362533569336 114.4090347290039 114.17879486083984 113.94894409179688
          113.71529388427734 113.48300170898438 113.25579071044922 113.0353012084961 112.82595825195312 112.63273620605469 112.4546890258789 112.29096984863281 112.13849639892578 111.99874114990234 111.85577392578125 111.72488403320312 111.61742401123047 111.5337905883789 111.46922302246094 111.42033386230469 111.38945770263672 111.37093353271484 111.36677551269531 120.9487075805664
          120.9426498413086 120.93183898925781 120.91705322265625 120.90055847167969 120.88231658935547 120.86237335205078 120.84007263183594 120.81809997558594 120.79656219482422 120.77383422851562 120.74678039550781 120.72076416015625 120.69344329833984 120.66500091552734 120.63423919677734 120.60575866699219 120.57402801513672 120.53639221191406 120.4937973022461 120.44799041748047
          120.39602661132812 120.33672332763672 120.27220153808594 120.20079803466797 120.12297821044922 120.03856658935547 119.9462661743164 119.84929656982422 119.74778747558594 119.64079284667969 119.5284423828125 119.41211700439453 119.2896499633789 119.15970611572266 119.02620697021484 118.88935852050781 118.75003051757812 118.6112060546875 118.4726333618164 118.33283233642578
          118.18673706054688 118.0392074584961 117.89410400390625 117.7455062866211 117.5966567993164 117.4444808959961 117.29011535644531 117.1340103149414 116.9769058227539 116.81209564208984 116.64446258544922 116.47456359863281 116.29717254638672 116.11864471435547 115.94059753417969 115.75677490234375 115.56574249267578 115.36839294433594 115.17190551757812 114.97667694091797
          114.77128601074219 114.56185913085938 114.34822845458984 114.13553619384766 113.92123413085938 113.70909881591797 113.5021743774414 113.30384826660156 113.1156005859375 112.93961334228516 112.7767333984375 112.6292495727539 112.49661254882812 112.3729248046875 112.24681091308594 112.12788391113281 112.02494812011719 111.95513916015625 111.89717864990234 111.8551025390625
          111.82537078857422 111.80294036865234 111.79530334472656 120.71484375 120.70792388916016 120.69781494140625 120.6843490600586 120.66837310791016 120.64889526367188 120.63153076171875 120.61254119873047 120.59278869628906 120.571533203125 120.54827880859375 120.52357482910156 120.49669647216797 120.4709701538086 120.44381713867188 120.4175033569336 120.39093780517578
          120.36141967773438 120.3251724243164 120.28492736816406 120.23936462402344 120.18856048583984 120.13328552246094 120.06889343261719 119.9961166381836 119.91883087158203 119.83311462402344 119.74241638183594 119.64655303955078 119.54637145996094 119.44032287597656 119.32959747314453 119.21598052978516 119.09823608398438 118.96602630615234 118.83270263671875 118.69900512695312
          118.56377410888672 118.43019104003906 118.29574584960938 118.16015625 118.02377319335938 117.88522338867188 117.74541473388672 117.60569763183594 117.46678924560547 117.32429504394531 117.18408203125 117.04204559326172 116.89876556396484 116.74979400634766 116.59912872314453 116.4458236694336 116.28642272949219 116.12686157226562 115.96607971191406 115.79988861083984
          115.62752532958984 115.44963836669922 115.27350616455078 115.09142303466797 114.9030532836914 114.71134948730469 114.51744842529297 114.31908416748047 114.12255096435547 113.93157958984375 113.74531555175781 113.5662612915039 113.3973159790039 113.23734283447266 113.09004974365234 112.956787109375 112.84211730957031 112.72860717773438 112.61481475830078 112.50634765625
          112.42072296142578 112.3573226928711 112.31129455566406 112.27283477783203 112.24728393554688 112.22823333740234 112.22145080566406 120.46367645263672 120.4609603881836 120.4504623413086 120.43718719482422 120.42235565185547 120.4061050415039 120.3879165649414 120.37002563476562 120.3515396118164 120.33072662353516 120.30939483642578 120.28678894042969 120.26285552978516
          120.23722839355469 120.2135009765625 120.19024658203125 120.16452026367188 120.13800048828125 120.10413360595703 120.06387329101562 120.01703643798828 119.96768188476562 119.91182708740234 119.84666442871094 119.77550506591797 119.69933319091797 119.61651611328125 119.52654266357422 119.43110656738281 119.32911682128906 119.22440338134766 119.1156997680664 119.00131225585938
          118.88412475585938 118.75595092773438 118.62569427490234 118.49323272705078 118.36289978027344 118.23368835449219 118.10491180419922 117.97447967529297 117.8429183959961 117.7119369506836 117.58125305175781 117.45294189453125 117.32495880126953 117.19827270507812 117.07107543945312 116.94341278076172 116.8125991821289 116.67668914794922 116.54596710205078 116.41085052490234
          116.26948547363281 116.12931823730469 115.98562622070312 115.83746337890625 115.68379974365234 115.52727508544922 115.36473083496094 115.19921112060547 115.02869415283203 114.85585021972656 114.67951202392578 114.5020523071289 114.32280731201172 114.14787292480469 113.97796630859375 113.81909942626953 113.66834259033203 113.52622985839844 113.39366912841797 113.27799224853516
          113.17205810546875 113.06863403320312 112.97044372558594 112.87826538085938 112.80240631103516 112.74398803710938 112.70636749267578 112.6747817993164 112.66143798828125 112.6560287475586 112.65096282958984 120.20396423339844 120.19933319091797 120.1917953491211 120.18028259277344 120.16632080078125 120.15095520019531 120.1328125 120.1142578125 120.09660339355469
          120.07720184326172 120.05831909179688 120.03791809082031 120.01659393310547 119.99405670166016 119.97303771972656 119.95133209228516 119.9253921508789 119.89823913574219 119.86537170410156 119.82721710205078 119.78376770019531 119.7334213256836 119.67579650878906 119.61138916015625 119.54100799560547 119.46556854248047 119.38383483886719 119.29351806640625 119.19893646240234
          119.09866333007812 118.99491119384766 118.88737487792969 118.77397918701172 118.65216827392578 118.52680206298828 118.39997100830078 118.27113342285156 118.14704132080078 118.02240753173828 117.89860534667969 117.7727279663086 117.64781951904297 117.52557373046875 117.4053726196289 117.28800201416016 117.1723403930664 117.05899810791016 116.94647216796875 116.83321380615234
          116.71897888183594 116.60420227050781 116.48651885986328 116.36577606201172 116.24542236328125 116.12393951416016 115.99793243408203 115.8675537109375 115.73352813720703 115.59600067138672 115.45098876953125 115.29997253417969 115.14759826660156 114.99327850341797 114.83648681640625 114.67716217041016 114.51800537109375 114.35807037353516 114.20816802978516 114.06777954101562
          113.93245697021484 113.80783081054688 113.69233703613281 113.58512115478516 113.48980712890625 113.40095520019531 113.31002044677734 113.23521423339844 113.1720962524414 113.1238021850586 113.0884780883789 113.06967163085938 113.06078338623047 113.05684661865234 113.0549087524414 119.93515014648438 119.93203735351562 119.9247817993164 119.9139175415039 119.90003967285156
          119.88421630859375 119.86622619628906 119.84860229492188 119.83129119873047 119.81436157226562 119.79674530029297 119.77867889404297 119.75820922851562 119.73712921142578 119.71416473388672 119.6982192993164 119.67355346679688 119.64701080322266 119.6146240234375 119.57552337646484 119.52999877929688 119.47962951660156 119.42198944091797 119.35842895507812 119.28913879394531
          119.21370697021484 119.1308822631836 119.04370880126953 118.94933319091797 118.84969329833984 118.74630737304688 118.63740539550781 118.52228546142578 118.40284729003906 118.2809829711914 118.15828704833984 118.0379867553711 117.91761016845703 117.79791259765625 117.67646026611328 117.557373046875 117.4400634765625 117.32625579833984 117.21776580810547 117.11190032958984
          117.01069641113281 116.9112777709961 116.8117904663086 116.71382904052734 116.61614990234375 116.51713562011719 116.41749572753906 116.31584930419922 116.21292114257812 116.10855102539062 116.00067901611328 115.88882446289062 115.77400207519531 115.65475463867188 115.52799224853516 115.39546966552734 115.2611083984375 115.12433624267578 114.98790740966797 114.84762573242188
          114.70780181884766 114.56863403320312 114.43321228027344 114.30748748779297 114.1899642944336 114.07733917236328 113.97653198242188 113.88294982910156 113.79817199707031 113.71678161621094 113.642578125 113.57994079589844 113.52653503417969 113.48333740234375 113.45829010009766 113.44844818115234 113.44144439697266 113.43952941894531 113.44060516357422 119.65961456298828
          119.6554946899414 119.64920043945312 119.63902282714844 119.62374877929688 119.60752868652344 119.5897216796875 119.57234954833984 119.55531311035156 119.53917694091797 119.52291107177734 119.50789642333984 119.48979187011719 119.46941375732422 119.44942474365234 119.42877960205078 119.41454315185547 119.38552856445312 119.35015106201172 119.3100814819336 119.2650375366211
          119.21234893798828 119.1539077758789 119.08750915527344 119.01770782470703 118.9425048828125 118.86154174804688 118.77136993408203 118.6769027709961 118.57781982421875 118.47440338134766 118.36798095703125 118.25701141357422 118.14228057861328 118.02823638916016 117.91050720214844 117.79459381103516 117.6768569946289 117.5603256225586 117.44319152832031 117.3299789428711
          117.21916198730469 117.11428833007812 117.01898956298828 116.92755889892578 116.83839416503906 116.75209045410156 116.6681137084961 116.58546447753906 116.50346374511719 116.42122650146484 116.33731079101562 116.25445556640625 116.17155456542969 116.08394622802734 115.99386596679688 115.90116882324219 115.80520629882812 115.70301055908203 115.59518432617188 115.48248291015625
          115.36690521240234 115.25072479248047 115.13087463378906 115.01049041748047 114.8907241821289 114.7717056274414 114.6541519165039 114.54232788085938 114.43760681152344 114.34192657470703 114.25247192382812 114.16757202148438 114.09416961669922 114.02577209472656 113.96554565429688 113.91314697265625 113.87088012695312 113.84203338623047 113.82504272460938 113.81442260742188
          113.80801391601562 113.80681610107422 113.81124877929688 119.37432861328125 119.37187194824219 119.36515045166016 119.35360717773438 119.33927917480469 119.32180786132812 119.30502319335938 119.28752136230469 119.27320861816406 119.2582778930664 119.24260711669922 119.2274398803711 119.21189880371094 119.19599914550781 119.18197631835938 119.16654968261719 119.14822387695312
          119.12051391601562 119.08303833007812 119.03953552246094 118.99076843261719 118.93453979492188 118.87267303466797 118.80612182617188 118.73359680175781 118.65473937988281 118.56926727294922 118.48017120361328 118.3843765258789 118.28720092773438 118.1870346069336 118.08181762695312 117.9748764038086 117.86621856689453 117.7541732788086 117.64244079589844 117.53032684326172
          117.41731262207031 117.30640411376953 117.19995880126953 117.09628295898438 116.99576568603516 116.89840698242188 116.81085205078125 116.73332977294922 116.65685272216797 116.58348083496094 116.51406860351562 116.44783782958984 116.38143157958984 116.31571960449219 116.25021362304688 116.1843490600586 116.11907958984375 116.04939270019531 115.97753143310547 115.90313720703125
          115.82518768310547 115.74148559570312 115.6529769897461 115.56100463867188 115.46501922607422 115.36778259277344 115.26873016357422 115.16683959960938 115.06411743164062 114.96507263183594 114.8655014038086 114.7686767578125 114.67894744873047 114.5957260131836 114.5116958618164 114.44217681884766 114.38219451904297 114.3287124633789 114.28053283691406 114.24007415771484
          114.21025085449219 114.19593811035156 114.18266296386719 114.17281341552734 114.1618881225586 114.16356658935547 114.16950225830078 119.08438873291016 119.08257293701172 119.07654571533203 119.06438446044922 119.05010223388672 119.03400421142578 119.01486206054688 118.99700927734375 118.98236846923828 118.97321319580078 118.96161651611328 118.94756317138672 118.93412780761719
          118.92057800292969 118.9091567993164 118.89737701416016 118.87703704833984 118.84854888916016 118.81175231933594 118.76675415039062 118.71217346191406 118.65106201171875 118.58495330810547 118.51246643066406 118.43345642089844 118.35066223144531 118.26325225830078 118.17430114746094 118.08025360107422 117.97946166992188 117.88033294677734 117.77975463867188 117.67718505859375
          117.57170104980469 117.464599609375 117.35706329345703 117.24937438964844 117.1439437866211 117.0417709350586 116.94294738769531 116.84817504882812 116.75830841064453 116.67666625976562 116.60334014892578 116.53117370605469 116.46287536621094 116.40274047851562 116.34953308105469 116.29867553710938 116.24813842773438 116.19931030273438 116.1522216796875 116.1054916381836
          116.05582427978516 116.00458526611328 115.95094299316406 115.89469146728516 115.83492279052734 115.76982116699219 115.70122528076172 115.62871551513672 115.55303192138672 115.47488403320312 115.39610290527344 115.31427764892578 115.23078918457031 115.14611053466797 115.06455993652344 114.98590850830078 114.91014099121094 114.83457946777344 114.76455688476562 114.70819854736328
          114.66136932373047 114.61897277832031 114.58403778076172 114.55776977539062 114.54314422607422 114.5337142944336 114.52516174316406 114.51931762695312 114.5142593383789 114.51305389404297 114.5159912109375 118.79295349121094 118.78754425048828 118.78115844726562 118.77062225341797 118.75565338134766 118.73933410644531 118.72218322753906 118.70735168457031 118.69349670410156
          118.68082427978516 118.67560577392578 118.66725158691406 118.65447998046875 118.64482116699219 118.63629913330078 118.62446594238281 118.60452270507812 118.57417297363281 118.53282928466797 118.48397064208984 118.42677307128906 118.36224365234375 118.29166412353516 118.2134017944336 118.1296157836914 118.04170989990234 117.95063781738281 117.8553237915039 117.75657653808594
          117.65862274169922 117.5611572265625 117.46212768554688 117.36093139648438 117.2599868774414 117.15823364257812 117.05598449707031 116.95547485351562 116.85736846923828 116.7627944946289 116.67430877685547 116.58919525146484 116.51041412353516 116.44144439697266 116.37622833251953 116.3177719116211 116.2655029296875 116.21876525878906 116.17605590820312 116.13822174072266
          116.10169982910156 116.07118225097656 116.04473114013672 116.01374816894531 115.98380279541016 115.95018005371094 115.91386413574219 115.87570190429688 115.83399963378906 115.78816986083984 115.73871612548828 115.6859359741211 115.63050842285156 115.57235717773438 115.51212310791016 115.44988250732422 115.38544464111328 115.3194580078125 115.25333404541016 115.19063568115234
          115.12854766845703 115.06175994873047 115.00894165039062 114.96507263183594 114.92860412597656 114.90133666992188 114.87962341308594 114.86833190917969 114.86073303222656 114.85614776611328 114.8559799194336 114.85533142089844 114.85551452636719 114.85730743408203 114.85641479492188 118.48765563964844 118.4846420288086 118.47691345214844 118.46810150146484 118.4552993774414
          118.439208984375 118.42353057861328 118.4122314453125 118.40082550048828 118.39057159423828 118.38348388671875 118.37966918945312 118.37358856201172 118.36864471435547 118.36271667480469 118.34844970703125 118.32598876953125 118.2922592163086 118.24689483642578 118.19406127929688 118.13288116455078 118.06329345703125 117.98737335205078 117.90542602539062 117.81915283203125
          117.7269515991211 117.63246154785156 117.53370666503906 117.43278503417969 117.33430480957031 117.2341537475586 117.13337707519531 117.03362274169922 116.93411254882812 116.83430480957031 116.73878479003906 116.64659881591797 116.55590057373047 116.47021484375 116.38978576660156 116.31668853759766 116.255126953125 116.19841003417969 116.14533233642578 116.09803771972656
          116.05455017089844 116.017822265625 115.98976135253906 115.96739196777344 115.94979858398438 115.93592834472656 115.92635345458984 115.91508483886719 115.90062713623047 115.88422393798828 115.86627197265625 115.84626770019531 115.8227310180664 115.79602813720703 115.76612854003906 115.73294830322266 115.69654846191406 115.6580810546875 115.61737060546875 115.5744400024414
          115.5295639038086 115.48242950439453 115.43321990966797 115.3824691772461 115.33153533935547 115.28719329833984 115.24880981445312 115.21640014648438 115.19062042236328 115.17285919189453 115.16842651367188 115.16526794433594 115.16487121582031 115.16654968261719 115.1712417602539 115.1751937866211 115.17996215820312 115.18354797363281 115.1865234375 118.17880249023438
          118.17559051513672 118.16950225830078 118.16260528564453 118.15106964111328 118.14006042480469 118.12779998779297 118.11402893066406 118.1077651977539 118.1032485961914 118.09774017333984 118.0942153930664 118.09339904785156 118.09638977050781 118.09207153320312 118.0740737915039 118.04290008544922 117.9996109008789 117.95188903808594 117.89386749267578 117.82840728759766
          117.75590515136719 117.6760482788086 117.58831024169922 117.49565124511719 117.40008544921875 117.30132293701172 117.20114135742188 117.09935760498047 116.99817657470703 116.89949798583984 116.7991943359375 116.70137023925781 116.60325622558594 116.50786590576172 116.41569519042969 116.32563018798828 116.2426986694336 116.16473388671875 116.09555053710938 116.03695678710938
          115.98636627197266 115.94193267822266 115.90242767333984 115.8669204711914 115.83538818359375 115.81275177001953 115.79613494873047 115.78742218017578 115.78601837158203 115.7922134399414 115.79850769042969 115.80270385742188 115.80587005615234 115.80931854248047 115.80816650390625 115.8060531616211 115.80147552490234 115.79389190673828 115.78325653076172 115.76940155029297
          115.7525634765625 115.7330093383789 115.71058654785156 115.6869888305664 115.65999603271484 115.63087463378906 115.59918212890625 115.56283569335938 115.53069305419922 115.50267028808594 115.47969818115234 115.4588851928711 115.44603729248047 115.44408416748047 115.44532775878906 115.44969177246094 115.45475769042969 115.45906066894531 115.46553802490234 115.47419738769531
          115.48184204101562 115.48882293701172 115.490234375 117.86807250976562 117.86473846435547 117.85753631591797 117.85041046142578 117.84475708007812 117.83895111083984 117.83125305175781 117.82503509521484 117.81658172607422 117.81004333496094 117.81011199951172 117.8162612915039 117.82697296142578 117.82978057861328 117.81635284423828 117.79353332519531 117.75395202636719
          117.70175170898438 117.64825439453125 117.58621978759766 117.51554107666016 117.43672180175781 117.35203552246094 117.26004028320312 117.16133880615234 117.06114196777344 116.9601058959961 116.85745239257812 116.75416564941406 116.6534652709961 116.5521011352539 116.45547485351562 116.36067199707031 116.26600646972656 116.17476654052734 116.08638763427734 116.00228881835938
          115.9229507446289 115.85206604003906 115.79297637939453 115.7450180053711 115.70545959472656 115.67240142822266 115.64620208740234 115.62409973144531 115.60897064208984 115.59931182861328 115.59554290771484 115.60016632080078 115.6142349243164 115.6342544555664 115.6546401977539 115.67561340332031 115.69849395751953 115.72099304199219 115.73912811279297 115.75628662109375
          115.77035522460938 115.78176879882812 115.79029846191406 115.79572296142578 115.79789733886719 115.79710388183594 115.79340362548828 115.78677368164062 115.77814483642578 115.7673110961914 115.75098419189453 115.733642578125 115.7178955078125 115.70452117919922 115.69561004638672 115.69142150878906 115.69282531738281 115.70024871826172 115.70796966552734 115.7178726196289
          115.72676849365234 115.73588562011719 115.74596405029297 115.75550079345703 115.76461791992188 115.76924133300781 115.77145385742188 117.55329132080078 117.55057525634766 117.54523468017578 117.54257202148438 117.53880310058594 117.53607940673828 117.53146362304688 117.53396606445312 117.53173065185547 117.52735137939453 117.53133392333984 117.54427337646484 117.55127716064453
          117.543701171875 117.52449035644531 117.49244689941406 117.45055389404297 117.3983154296875 117.3367919921875 117.26814270019531 117.19120788574219 117.10884094238281 117.018310546875 116.92134857177734 116.82035064697266 116.71652221679688 116.61223602294922 116.50542449951172 116.39983367919922 116.29627990722656 116.19779205322266 116.10230255126953 116.00691223144531
          115.91433715820312 115.82886505126953 115.74645233154297 115.67097473144531 115.5997543334961 115.53827667236328 115.48820495605469 115.4491958618164 115.41900634765625 115.39505004882812 115.3783950805664 115.36969757080078 115.36878204345703 115.37376403808594 115.38330078125 115.40210723876953 115.43228912353516 115.46534729003906 115.49996948242188 115.53779602050781
          115.57759857177734 115.61820983886719 115.65888977050781 115.69512176513672 115.72892761230469 115.75994110107422 115.78753662109375 115.81181335449219 115.8330307006836 115.85071563720703 115.86521911621094 115.876708984375 115.8857650756836 115.89017486572266 115.89082336425781 115.89047241210938 115.8911361694336 115.89413452148438 115.89873504638672 115.90972137451172
          115.92664337158203 115.93952178955078 115.95343017578125 115.96855926513672 115.98214721679688 115.99579620361328 116.00767517089844 116.02034759521484 116.02888488769531 116.03459167480469 116.03736877441406 117.23312377929688 117.23248291015625 117.23155212402344 117.23175048828125 117.23229217529297 117.23011016845703 117.23674774169922 117.23896789550781 117.23915100097656
          117.24221801757812 117.24925231933594 117.25666809082031 117.25466918945312 117.24518585205078 117.22265625 117.18476867675781 117.1380386352539 117.08037567138672 117.01443481445312 116.93841552734375 116.85671997070312 116.76850128173828 116.67414855957031 116.57500457763672 116.46961975097656 116.36324310302734 116.25458526611328 116.1445541381836 116.0357666015625
          115.9305419921875 115.83197784423828 115.73600006103516 115.64269256591797 115.55313110351562 115.47179412841797 115.39781951904297 115.3283920288086 115.26728820800781 115.2171859741211 115.17777252197266 115.1482162475586 115.1269760131836 115.11216735839844 115.1072006225586 115.1106948852539 115.1217269897461 115.13884735107422 115.16368103027344 115.19727325439453
          115.23697662353516 115.28458404541016 115.33402252197266 115.3884048461914 115.44683074951172 115.506591796875 115.56527709960938 115.62245178222656 115.67707061767578 115.72832489013672 115.77579498291016 115.81832122802734 115.8576431274414 115.89381408691406 115.92669677734375 115.9563980102539 115.98145294189453 116.00194549560547 116.02120208740234 116.03856658935547
          116.05451965332031 116.0702133178711 116.08935546875 116.11528778076172 116.13838958740234 116.16202545166016 116.18425750732422 116.20326232910156 116.22203063964844 116.23839569091797 116.25482177734375 116.26988220214844 116.27803802490234 116.28526306152344 116.28844451904297 116.91472625732422 116.9155044555664 116.91728973388672 116.91717529296875 116.92063903808594
          116.92709350585938 116.93431854248047 116.94044494628906 116.94329071044922 116.95174407958984 116.96178436279297 116.96490478515625 116.9588623046875 116.9398193359375 116.90927124023438 116.86819458007812 116.81338500976562 116.75183868408203 116.68270874023438 116.60191345214844 116.51504516601562 116.41970825195312 116.32073211669922 116.21649169921875 116.10885620117188
          115.99889373779297 115.88743591308594 115.77562713623047 115.66539001464844 115.55879974365234 115.4573745727539 115.36181640625 115.26924133300781 115.18405151367188 115.105712890625 115.03690338134766 114.97642517089844 114.92601013183594 114.88619232177734 114.85677337646484 114.83458709716797 114.81954193115234 114.8178939819336 114.82393646240234 114.84027862548828
          114.86482238769531 114.89630889892578 114.93769073486328 114.97613525390625 115.03067016601562 115.09144592285156 115.15914154052734 115.23185729980469 115.3076400756836 115.38652038574219 115.46458435058594 115.5411148071289 115.614990234375 115.68648529052734 115.75443267822266 115.81484985351562 115.87303161621094 115.92784881591797 115.97802734375 116.0252914428711
          116.06787872314453 116.10752868652344 116.1430435180664 116.17570495605469 116.20506286621094 116.23405456542969 116.26889038085938 116.30342102050781 116.33851623535156 116.36969757080078 116.39744567871094 116.42281341552734 116.44514465332031 116.46672821044922 116.48734283447266 116.49951171875 116.51176452636719 116.52030944824219 116.52645874023438 116.59569549560547
          116.5981674194336 116.60107421875 116.60551452636719 116.61206817626953 116.61970520019531 116.62348175048828 116.62540435791016 116.63758087158203 116.65608215332031 116.66763305664062 116.68001556396484 116.65713500976562 116.631103515625 116.59331512451172 116.54296112060547 116.48773193359375 116.42030334472656 116.34406280517578 116.25907135009766 116.16682434082031
          116.06838989257812 115.96468353271484 115.85427856445312 115.74047088623047 115.6260986328125 115.50865173339844 115.3941650390625 115.28109741210938 115.17066192626953 115.06773376464844 114.97419738769531 114.88872528076172 114.80835723876953 114.73137664794922 114.66682434082031 114.6143569946289 114.57524871826172 114.54588317871094 114.52473449707031 114.5107650756836
          114.50556182861328 114.51163482666016 114.53065490722656 114.5584716796875 114.59440612792969 114.6408920288086 114.6888198852539 114.74321746826172 114.81270599365234 114.89112091064453 114.9755630493164 115.06720733642578 115.1619873046875 115.2588882446289 115.35649871826172 115.4513168334961 115.54629516601562 115.63653564453125 115.72225189208984 115.8024673461914
          115.87904357910156 115.95162963867188 116.02124786376953 116.0865478515625 116.14599609375 116.20207977294922 116.25381469726562 116.30085754394531 116.3449478149414 116.39109802246094 116.43708801269531 116.48269653320312 116.52411651611328 116.56268310546875 116.5979232788086 116.62910461425781 116.65731811523438 116.68267822265625 116.70038604736328 116.71638488769531
          116.73003387451172 116.74005126953125 116.74761199951172 116.27436828613281 116.2769775390625 116.28021240234375 116.2852783203125 116.29320526123047 116.30036163330078 116.31023406982422 116.32289123535156 116.33938598632812 116.36017608642578 116.3792953491211 116.37108612060547 116.34313201904297 116.31184387207031 116.26780700683594 116.21163940429688 116.14911651611328
          116.07860565185547 115.99628448486328 115.90711212158203 115.81110382080078 115.70849609375 115.59931945800781 115.48441314697266 115.36714172363281 115.24867248535156 115.12858581542969 115.005615234375 114.88607025146484 114.77137756347656 114.6650161743164 114.57438659667969 114.4940185546875 114.41571807861328 114.34938049316406 114.29271697998047 114.24623107910156
          114.21366119384766 114.19364166259766 114.18169403076172 114.17617797851562 114.18024444580078 114.19599914550781 114.22442626953125 114.26448822021484 114.31568908691406 114.37095642089844 114.43084716796875 114.49999237060547 114.58271026611328 114.68032836914062 114.78589630126953 114.89669036865234 115.00959777832031 115.12327575683594 115.24067687988281 115.3575210571289
          115.47135162353516 115.57805633544922 115.68072509765625 115.78156280517578 115.87701416015625 115.96815490722656 116.05603790283203 116.14082336425781 116.21788787841797 116.28874206542969 116.3548812866211 116.41764068603516 116.47815704345703 116.53739166259766 116.59442901611328 116.64817810058594 116.69850158691406 116.74502563476562 116.78775024414062 116.82359313964844
          116.85556030273438 116.8808364868164 116.90168762207031 116.91883087158203 116.93387603759766 116.94448852539062 116.95122528076172 115.95356750488281 115.95487213134766 115.95691680908203 115.96208953857422 115.96992492675781 115.98219299316406 115.99554443359375 116.01261138916016 116.03933715820312 116.06208801269531 116.06578063964844 116.03341674804688 116.01325225830078
          115.97289276123047 115.9278335571289 115.87297821044922 115.80443572998047 115.72734069824219 115.64186096191406 115.54875183105469 115.44757080078125 115.34103393554688 115.22857666015625 115.1107177734375 114.98861694335938 114.86532592773438 114.738525390625 114.6102523803711 114.48273468017578 114.36630249023438 114.26112365722656 114.17286682128906 114.09526062011719
          114.02180480957031 113.95966339111328 113.91011047363281 113.87134552001953 113.8463363647461 113.83265686035156 113.82950592041016 113.83440399169922 113.84693145751953 113.87090301513672 113.90567016601562 113.95649719238281 114.02522277832031 114.0906982421875 114.1636962890625 114.24542999267578 114.3463363647461 114.46449279785156 114.58966827392578 114.7189712524414
          114.8515853881836 114.98526000976562 115.1219253540039 115.25736236572266 115.38951110839844 115.51151275634766 115.63428497314453 115.75346374511719 115.86932373046875 115.97853088378906 116.08493041992188 116.18638610839844 116.28143310546875 116.36890411376953 116.4511947631836 116.52629089355469 116.60063171386719 116.67301177978516 116.7393569946289 116.80186462402344
          116.8608169555664 116.91324615478516 116.95984649658203 117.00316619873047 117.03898620605469 117.06663513183594 117.08963012695312 117.10931396484375 117.1245346069336 117.13565063476562 117.13985443115234 115.62802124023438 115.6273422241211 115.63191223144531 115.63860321044922 115.64801025390625 115.66350555419922 115.67970275878906 115.7029037475586 115.72390747070312
          115.7242660522461 115.707763671875 115.69510650634766 115.66851043701172 115.63189697265625 115.58161926269531 115.52220916748047 115.45028686523438 115.36833190917969 115.28264617919922 115.18444061279297 115.07906341552734 114.96854400634766 114.85134887695312 114.73059844970703 114.60639953613281 114.47796630859375 114.346435546875 114.21253967285156 114.08610534667969
          113.96589660644531 113.85958099365234 113.7706527709961 113.6929702758789 113.62434387207031 113.56448364257812 113.51846313476562 113.48546600341797 113.46662139892578 113.45989990234375 113.46295166015625 113.47825622558594 113.50357818603516 113.5362548828125 113.57616424560547 113.63340759277344 113.70403289794922 113.78919219970703 113.87971496582031 113.97782135009766
          114.1021499633789 114.24024963378906 114.38614654541016 114.53604888916016 114.6879653930664 114.84473419189453 115.00004577636719 115.15269470214844 115.29509735107422 115.44099426269531 115.58372497558594 115.72135162353516 115.85540008544922 115.98538208007812 116.1098403930664 116.227294921875 116.34027099609375 116.44378662109375 116.53785705566406 116.6267318725586
          116.71363830566406 116.794677734375 116.87194061279297 116.94509887695312 117.01167297363281 117.07134246826172 117.1241455078125 117.1722183227539 117.20868682861328 117.24053192138672 117.26717376708984 117.28817749023438 117.30350494384766 117.31438446044922 117.31786346435547 115.30073547363281 115.30195617675781 115.30677032470703 115.31354522705078 115.32435607910156
          115.34077453613281 115.3609619140625 115.38866424560547 115.40203094482422 115.40009307861328 115.38238525390625 115.3507080078125 115.32213592529297 115.27982330322266 115.22944641113281 115.15892791748047 115.08698272705078 115.00559997558594 114.91693878173828 114.81446075439453 114.70609283447266 114.59100341796875 114.47147369384766 114.34738159179688 114.22041320800781
          114.08576965332031 113.95067596435547 113.81673431396484 113.6868896484375 113.56465911865234 113.45479583740234 113.36019897460938 113.2820053100586 113.21431732177734 113.15901184082031 113.11505126953125 113.08837127685547 113.07447052001953 113.07512664794922 113.0865707397461 113.11028289794922 113.14334869384766 113.18270874023438 113.23342895507812 113.29706573486328
          113.3752670288086 113.47183227539062 113.58071899414062 113.7024917602539 113.85139465332031 114.00721740722656 114.17507934570312 114.34754180908203 114.52345275878906 114.70026397705078 114.87419128417969 115.04026794433594 115.20597839355469 115.36864471435547 115.52936553955078 115.68528747558594 115.83795928955078 115.98808288574219 116.132568359375 116.26844024658203
          116.39324188232422 116.50749206542969 116.6159896850586 116.7186508178711 116.81664276123047 116.90860748291016 116.99583435058594 117.07659912109375 117.15023040771484 117.21609497070312 117.27558135986328 117.32408142089844 117.36642456054688 117.40239715576172 117.43140411376953 117.4544906616211 117.47128295898438 117.47955322265625 117.48374938964844 114.97161102294922
          114.97569274902344 114.9815902709961 114.98889923095703 114.99849700927734 115.01266479492188 115.03839874267578 115.06138610839844 115.0685043334961 115.06360626220703 115.042724609375 115.01123046875 114.97228240966797 114.92561340332031 114.86444091796875 114.80508422851562 114.72006225585938 114.63530731201172 114.54356384277344 114.4388656616211 114.32752990722656
          114.20999908447266 114.0860366821289 113.95915985107422 113.82522583007812 113.68891143798828 113.55192565917969 113.41558837890625 113.2838134765625 113.15697479248047 113.04061126708984 112.94108581542969 112.86308288574219 112.79650115966797 112.743408203125 112.70321655273438 112.68228149414062 112.67425537109375 112.67961120605469 112.69892883300781 112.7291488647461
          112.77193450927734 112.82282257080078 112.8863754272461 112.961181640625 113.05187225341797 113.15714263916016 113.27741241455078 113.42066192626953 113.58733367919922 113.76762390136719 113.95697021484375 114.15496063232422 114.35508728027344 114.55423736572266 114.74676513671875 114.93402099609375 115.1166000366211 115.29574584960938 115.4736557006836 115.64862823486328
          115.8200454711914 115.98845672607422 116.1511001586914 116.30216217041016 116.44181060791016 116.56981658935547 116.6916732788086 116.80449676513672 116.91277313232422 117.01374816894531 117.11151885986328 117.1992416381836 117.27672576904297 117.34854125976562 117.41065216064453 117.46477508544922 117.51232147216797 117.55132293701172 117.58295440673828 117.60789489746094
          117.62224578857422 117.6303482055664 117.6322250366211 114.64170837402344 114.6466064453125 114.65347290039062 114.66227722167969 114.6740493774414 114.68707275390625 114.70960998535156 114.72696685791016 114.72835540771484 114.72100830078125 114.69575500488281 114.6592788696289 114.6145248413086 114.56243896484375 114.50452423095703 114.42322540283203 114.34458923339844
          114.2557373046875 114.16345977783203 114.05616760253906 113.94180297851562 113.8209228515625 113.692626953125 113.56287384033203 113.42843627929688 113.288330078125 113.14628601074219 113.00578308105469 112.87096405029297 112.74395751953125 112.62317657470703 112.52075958251953 112.43682098388672 112.37500762939453 112.32219696044922 112.28874969482422 112.27191925048828
          112.26934051513672 112.27873229980469 112.3033447265625 112.3424072265625 112.39505004882812 112.45960998535156 112.53278350830078 112.61617279052734 112.71791076660156 112.83636474609375 112.9717788696289 113.11997985839844 113.31498718261719 113.52074432373047 113.73686981201172 113.96037292480469 114.18389892578125 114.40406036376953 114.62122344970703 114.82946014404297
          115.02815246582031 115.2215805053711 115.41968536376953 115.61312103271484 115.80316925048828 115.98705291748047 116.1648941040039 116.33184051513672 116.48310852050781 116.62564086914062 116.75945281982422 116.88580322265625 117.00411987304688 117.11526489257812 117.21843719482422 117.31307983398438 117.3969955444336 117.47174835205078 117.53852844238281 117.59716033935547
          117.64668273925781 117.68887329101562 117.72232055664062 117.7452621459961 117.75981140136719 117.76737213134766 117.7706527709961 114.30890655517578 114.3145980834961 114.32135772705078 114.33180236816406 114.3479995727539 114.36243438720703 114.37784576416016 114.3873291015625 114.38436126708984 114.36995697021484 114.34020233154297 114.30043029785156 114.25223541259766
          114.19288635253906 114.12129974365234 114.04496002197266 113.9623031616211 113.87125396728516 113.77223205566406 113.66410827636719 113.54584503173828 113.42268371582031 113.29254150390625 113.15935516357422 113.02049255371094 112.875244140625 112.73019409179688 112.58800506591797 112.4520492553711 112.32295227050781 112.2079849243164 112.10404205322266 112.01541900634766
          111.9493179321289 111.90137481689453 111.86974334716797 111.8553466796875 111.85582733154297 111.87039947509766 111.90019989013672 111.94517517089844 112.00775909423828 112.08012390136719 112.16665649414062 112.26055908203125 112.36958312988281 112.50128173828125 112.65433502197266 112.83029174804688 113.0319595336914 113.26931762695312 113.513427734375 113.7672119140625
          114.01428985595703 114.25476837158203 114.49076080322266 114.72003173828125 114.94137573242188 115.1526107788086 115.36858367919922 115.57860565185547 115.78327941894531 115.98262023925781 116.17642211914062 116.3564682006836 116.52088928222656 116.67711639404297 116.8232650756836 116.96004486083984 117.0892105102539 117.20848846435547 117.31768798828125 117.4186019897461
          117.50780487060547 117.58556365966797 117.65959930419922 117.7225570678711 117.77619171142578 117.81808471679688 117.84857940673828 117.87165832519531 117.88858795166016 117.89845275878906 117.90234375 113.97746276855469 113.98295593261719 113.99176788330078 114.00434112548828 114.01986694335938 114.0372314453125 114.04825592041016 114.04856872558594 114.04083251953125
          114.0194091796875 113.98409271240234 113.93763732910156 113.88311004638672 113.81985473632812 113.74818420410156 113.6649398803711 113.5752944946289 113.48627471923828 113.380126953125 113.26417541503906 113.1424331665039 113.01460266113281 112.88145446777344 112.74301147460938 112.60233306884766 112.45528411865234 112.30867767333984 112.16767120361328 112.03218841552734
          111.90357971191406 111.78813171386719 111.68661499023438 111.5954360961914 111.52413177490234 111.47321319580078 111.44010925292969 111.42695617675781 111.43264770507812 111.45018768310547 111.48451232910156 111.54003143310547 111.60702514648438 111.68846893310547 111.78003692626953 111.88402557373047 112.0042953491211 112.13957977294922 112.30049133300781 112.52967834472656
          112.7689437866211 113.03011322021484 113.30635070800781 113.57891082763672 113.84712219238281 114.1080093383789 114.36077880859375 114.60608673095703 114.84449005126953 115.0846176147461 115.31873321533203 115.54545593261719 115.76372528076172 115.97721099853516 116.18509674072266 116.37742614746094 116.5569839477539 116.72531127929688 116.88288879394531 117.03031158447266
          117.1680679321289 117.29607391357422 117.41312408447266 117.51890563964844 117.61344146728516 117.6993408203125 117.7768325805664 117.84371948242188 117.89680480957031 117.9403076171875 117.97605895996094 117.9985580444336 118.01350402832031 118.02389526367188 118.03082275390625 113.65045166015625 113.65476989746094 113.66548156738281 113.67715454101562 113.69232177734375
          113.71022033691406 113.71810913085938 113.71182250976562 113.69530487060547 113.66761779785156 113.6240463256836 113.5701904296875 113.50797271728516 113.44029235839844 113.36369323730469 113.27543640136719 113.18527221679688 113.08908081054688 112.98072814941406 112.85772705078125 112.73233795166016 112.60181427001953 112.46739196777344 112.32456970214844 112.1756591796875
          112.02650451660156 111.88065338134766 111.7398452758789 111.60780334472656 111.4849624633789 111.36935424804688 111.26559448242188 111.17364501953125 111.0940933227539 111.0384292602539 111.00508880615234 110.99153137207031 110.99645233154297 111.01927947998047 111.0576400756836 111.11592102050781 111.19229888916016 111.27973175048828 111.37504577636719 111.48404693603516
          111.6075668334961 111.745361328125 111.90361022949219 112.22479248046875 112.51922607421875 112.80134582519531 113.09552764892578 113.39334869384766 113.68486785888672 113.96379089355469 114.23123931884766 114.49439239501953 114.7630615234375 115.01876831054688 115.2707748413086 115.51338958740234 115.74674224853516 115.97328186035156 116.19493103027344 116.39681243896484
          116.5904312133789 116.7701416015625 116.9389877319336 117.09749603271484 117.24492645263672 117.37914276123047 117.50127410888672 117.61491394042969 117.71739196777344 117.80999755859375 117.89081573486328 117.95743560791016 118.01394653320312 118.05961608886719 118.09526824951172 118.12138366699219 118.14007568359375 118.15288543701172 118.15807342529297 113.33173370361328
          113.33390045166016 113.34037780761719 113.3506851196289 113.36456298828125 113.381591796875 113.38126373291016 113.36468505859375 113.34190368652344 113.30477142333984 113.25568389892578 113.19844818115234 113.13285827636719 113.05768585205078 112.97128295898438 112.87908935546875 112.78783416748047 112.681396484375 112.562744140625 112.43868255615234 112.3115005493164
          112.17807006835938 112.04010009765625 111.89889526367188 111.7450180053711 111.58999633789062 111.44522094726562 111.30843353271484 111.17816162109375 111.05512237548828 110.94320678710938 110.8410415649414 110.74210357666016 110.65999603271484 110.5969009399414 110.56318664550781 110.54733276367188 110.54847717285156 110.56946563720703 110.61540985107422 110.6800308227539
          110.76272583007812 110.85459899902344 110.9560775756836 111.06476593017578 111.18402099609375 111.30147552490234 111.59568786621094 111.9283218383789 112.25987243652344 112.58084869384766 112.89452362060547 113.21100616455078 113.52352905273438 113.81825256347656 114.11434936523438 114.40385437011719 114.6879653930664 114.96129608154297 115.22795104980469 115.48351287841797
          115.73095703125 115.97383117675781 116.20343780517578 116.41802215576172 116.62350463867188 116.81390380859375 116.99441528320312 117.16239166259766 117.31563568115234 117.45874786376953 117.58940887451172 117.71057891845703 117.81928253173828 117.91571044921875 117.99677276611328 118.0675277709961 118.12686920166016 118.17444610595703 118.21112060546875 118.23954772949219
          118.26042938232422 118.27500915527344 118.28209686279297 113.01342010498047 113.01065063476562 113.01449584960938 113.02481842041016 113.03673553466797 113.0431900024414 113.03499603271484 113.01502227783203 112.98527526855469 112.94125366210938 112.88694763183594 112.82683563232422 112.75202178955078 112.6683349609375 112.57679748535156 112.47894287109375 112.3755874633789
          112.26192474365234 112.13861846923828 112.01087188720703 111.87904357910156 111.74419403076172 111.60350036621094 111.45536804199219 111.30349731445312 111.15172576904297 111.00456237792969 110.86880493164062 110.74128723144531 110.61959838867188 110.50827026367188 110.40132904052734 110.30364990234375 110.22139739990234 110.15491485595703 110.11044311523438 110.08695983886719
          110.08328247070312 110.10400390625 110.15339660644531 110.22853088378906 110.31874084472656 110.42054748535156 110.5253677368164 110.63916778564453 110.7382583618164 110.71314239501953 111.23779296875 111.63530731201172 112.01068115234375 112.36639404296875 112.70884704589844 113.04240417480469 113.37226104736328 113.69930267333984 114.01902770996094 114.32359313964844
          114.62232208251953 114.91029357910156 115.1904296875 115.46002197265625 115.72013854980469 115.97592163085938 116.214111328125 116.44075012207031 116.65657043457031 116.85869598388672 117.04680633544922 117.22455596923828 117.38792419433594 117.53860473632812 117.67636108398438 117.8047103881836 117.91692352294922 118.01583099365234 118.1003189086914 118.17523193359375
          118.237060546875 118.28710174560547 118.3272705078125 118.35777282714844 118.38108825683594 118.39551544189453 118.40292358398438 112.70697021484375 112.69635772705078 112.68982696533203 112.69692993164062 112.70512390136719 112.70120239257812 112.68683624267578 112.66050720214844 112.62361145019531 112.5748062133789 112.51629638671875 112.44734954833984 112.36771392822266
          112.27442932128906 112.17485046386719 112.06892395019531 111.95262908935547 111.82862854003906 111.70609283447266 111.57484436035156 111.43800354003906 111.29829406738281 111.14983367919922 111.00035858154297 110.85054779052734 110.69999694824219 110.5550765991211 110.420166015625 110.29388427734375 110.17454528808594 110.06319427490234 109.95610046386719 109.86105346679688
          109.77880096435547 109.70879364013672 109.65425109863281 109.61780548095703 109.6002426147461 109.61736297607422 109.6712417602539 109.75626373291016 109.86271667480469 109.97456359863281 110.09495544433594 110.21896362304688 110.35269165039062 110.40943145751953 110.94048309326172 111.37139129638672 111.77409362792969 112.1640625 112.5295639038086 112.8902816772461
          113.25341796875 113.6021957397461 113.93638610839844 114.2574462890625 114.56641387939453 114.86758422851562 115.15946960449219 115.44019317626953 115.71477508544922 115.9815673828125 116.22843170166016 116.46648406982422 116.6891098022461 116.90237426757812 117.10194396972656 117.28816986083984 117.46049499511719 117.61641693115234 117.7619857788086 117.89401245117188
          118.01080322265625 118.11257934570312 118.2033462524414 118.28132629394531 118.34591674804688 118.39877319335938 118.44100952148438 118.474365234375 118.49879455566406 118.51538848876953 118.5218505859375 112.38809967041016 112.3786849975586 112.36782836914062 112.36334991455078 112.35929870605469 112.34978485107422 112.33082580566406 112.30121612548828 112.2586898803711
          112.2063980102539 112.14044952392578 112.06103515625 111.97395324707031 111.87801361083984 111.7723617553711 111.65645599365234 111.53162384033203 111.40107727050781 111.26539611816406 111.1280288696289 110.98544311523438 110.83844757080078 110.68795013427734 110.53337097167969 110.38331604003906 110.23445129394531 110.09477233886719 109.9642562866211 109.83897399902344
          109.71989440917969 109.61190795898438 109.51004791259766 109.41715240478516 109.33229064941406 109.25432586669922 109.18695068359375 109.13272857666016 109.09974670410156 109.10469055175781 109.16386413574219 109.27607727050781 109.4058837890625 109.5330581665039 109.64965057373047 109.76653289794922 109.98175811767578 110.20393371582031 110.67864227294922 111.11695861816406
          111.55880737304688 111.98074340820312 112.38787078857422 112.77991485595703 113.15410614013672 113.51702117919922 113.86934661865234 114.20228576660156 114.52373504638672 114.83488464355469 115.13609313964844 115.4300308227539 115.71601104736328 115.98930358886719 116.246826171875 116.49197387695312 116.72627258300781 116.94856262207031 117.15670013427734 117.35188293457031
          117.53141784667969 117.69522094726562 117.84535217285156 117.98164367675781 118.10151672363281 118.2099380493164 118.30299377441406 118.38407135009766 118.4527816772461 118.50823974609375 118.55313110351562 118.5889892578125 118.61510467529297 118.63172149658203 118.63980102539062 112.03459930419922 112.02955627441406 112.02345275878906 112.01266479492188 112.00431060791016
          111.99375915527344 111.97264099121094 111.93934631347656 111.88929748535156 111.82740020751953 111.75422668457031 111.67181396484375 111.57552337646484 111.47227478027344 111.35851287841797 111.23719024658203 111.10856628417969 110.97329711914062 110.83173370361328 110.68592834472656 110.53298950195312 110.37301635742188 110.2112045288086 110.05579376220703 109.89898681640625
          109.75460815429688 109.62387084960938 109.49915313720703 109.38079071044922 109.26444244384766 109.16077423095703 109.06600952148438 108.97811126708984 108.89463806152344 108.80815124511719 108.71731567382812 108.63581848144531 108.57500457763672 108.55410766601562 108.61724853515625 108.77787017822266 108.96112823486328 109.09784698486328 109.17882537841797 109.11636352539062
          109.508544921875 109.90876770019531 110.40494537353516 110.80828094482422 111.36669158935547 111.84449005126953 112.28299713134766 112.69010162353516 113.07785034179688 113.45613098144531 113.81716918945312 114.15978240966797 114.49132537841797 114.81275939941406 115.1232681274414 115.42838287353516 115.72325134277344 116.00098419189453 116.26910400390625 116.52174377441406
          116.76553344726562 116.99777221679688 117.21464538574219 117.41605377197266 117.60157012939453 117.77312469482422 117.9266586303711 118.06515502929688 118.19126892089844 118.30433654785156 118.4017333984375 118.4853744506836 118.55634307861328 118.6162338256836 118.66405487060547 118.7014389038086 118.7289047241211 118.74694061279297 118.75553131103516 111.67166900634766
          111.66993713378906 111.66117858886719 111.65467834472656 111.65031433105469 111.63790130615234 111.6093978881836 111.56932830810547 111.5122299194336 111.44194793701172 111.36101531982422 111.26878356933594 111.16781616210938 111.05741119384766 110.9375 110.81014251708984 110.67539978027344 110.53292846679688 110.3893051147461 110.23497009277344 110.0701904296875
          109.90441131591797 109.73989868164062 109.57803344726562 109.41905212402344 109.2724609375 109.14202117919922 109.02204132080078 108.90589141845703 108.80423736572266 108.70864868164062 108.62281799316406 108.53630065917969 108.45195770263672 108.36107635498047 108.26219177246094 108.14452362060547 108.01512145996094 107.90584564208984 107.95399475097656 108.25536346435547
          108.55457305908203 108.70233154296875 108.71308898925781 109.00901794433594 109.40872192382812 109.990234375 110.46495819091797 110.88091278076172 111.20792388916016 111.76738739013672 112.21127319335938 112.62860870361328 113.02793884277344 113.41363525390625 113.78136444091797 114.13378143310547 114.4734115600586 114.80093383789062 115.12022399902344 115.431884765625
          115.73443603515625 116.01957702636719 116.29271697998047 116.55841827392578 116.8109359741211 117.05342864990234 117.2743148803711 117.480712890625 117.67322540283203 117.84922790527344 118.00617980957031 118.1491928100586 118.2801284790039 118.39767456054688 118.49825286865234 118.58537292480469 118.6591796875 118.72167205810547 118.77242279052734 118.81209564208984
          118.84185028076172 118.86117553710938 118.87071990966797 111.32086944580078 111.3167724609375 111.30973052978516 111.30213928222656 111.2912826538086 111.27251434326172 111.23688507080078 111.18894958496094 111.1293716430664 111.05148315429688 110.96597290039062 110.86547088623047 110.75495910644531 110.63642883300781 110.50759887695312 110.37533569335938 110.2334213256836
          110.08588409423828 109.93050384521484 109.76663208007812 109.59754180908203 109.42572784423828 109.25574493408203 109.09068298339844 108.93705749511719 108.79718780517578 108.66854858398438 108.54578399658203 108.43499755859375 108.33778381347656 108.25206756591797 108.17037963867188 108.08873748779297 108.0051498413086 107.91778564453125 107.8192138671875 107.67511749267578
          107.41712951660156 106.9250717163086 106.74417877197266 107.61235046386719 108.27301788330078 108.50528717041016 108.70881652832031 109.19364166259766 109.618408203125 110.08251953125 110.52767181396484 110.9501724243164 111.35734558105469 111.7958984375 112.20954132080078 112.60682678222656 113.00435638427734 113.3902816772461 113.76237487792969 114.12122344970703
          114.46805572509766 114.80130767822266 115.12884521484375 115.44532775878906 115.75199890136719 116.0464096069336 116.32609558105469 116.60015106201172 116.86088562011719 117.10992431640625 117.33453369140625 117.54714965820312 117.74372100830078 117.92212677001953 118.08411407470703 118.23335266113281 118.36985778808594 118.48921966552734 118.59332275390625 118.68417358398438
          118.7615966796875 118.82605743408203 118.87934112548828 118.92184448242188 118.95267486572266 118.972900390625 118.9831314086914 110.9596939086914 110.95358276367188 110.94493865966797 110.93484497070312 110.91918182373047 110.89473724365234 110.85845184326172 110.80723571777344 110.74154663085938 110.65947723388672 110.56117248535156 110.4544677734375 110.33738708496094
          110.20909118652344 110.07174682617188 109.93385314941406 109.78166961669922 109.62348175048828 109.46014404296875 109.28914642333984 109.11327362060547 108.93658447265625 108.763427734375 108.60134887695312 108.4512939453125 108.31483459472656 108.191650390625 108.07577514648438 107.97173309326172 107.87504577636719 107.78556060791016 107.70445251464844 107.63142395019531
          107.55789947509766 107.48782348632812 107.41691589355469 107.28065490722656 106.73011016845703 107.1950454711914 107.44828033447266 107.8624038696289 108.27965545654297 108.61215209960938 108.94434356689453 109.33385467529297 109.73867797851562 110.16925811767578 110.59794616699219 111.01859283447266 111.43257141113281 111.84465026855469 112.24388122558594 112.6296615600586
          113.01022338867188 113.38713073730469 113.76315307617188 114.12420654296875 114.4756088256836 114.81576538085938 115.14788818359375 115.4688720703125 115.78057098388672 116.07839965820312 116.36750793457031 116.6474609375 116.9136962890625 117.16956329345703 117.39996337890625 117.61213684082031 117.81502532958984 117.99903869628906 118.1641845703125 118.3196029663086
          118.4571533203125 118.58018493652344 118.6873779296875 118.78136444091797 118.86126708984375 118.92889404296875 118.9837646484375 119.02793884277344 119.06092834472656 119.0830307006836 119.09427642822266 110.59100341796875 110.5849609375 110.5725326538086 110.55860900878906 110.54122161865234 110.51319885253906 110.47433471679688 110.42041015625 110.3488998413086
          110.26123046875 110.1528091430664 110.03491973876953 109.905517578125 109.77046966552734 109.62398529052734 109.4736328125 109.31581115722656 109.1489028930664 108.98226165771484 108.8064193725586 108.62811279296875 108.44696807861328 108.26702880859375 108.10421752929688 107.96025085449219 107.83000183105469 107.70500946044922 107.5976791381836 107.4984359741211
          107.41006469726562 107.32857513427734 107.25537109375 107.18590545654297 107.11503601074219 107.05099487304688 107.0599136352539 107.11357879638672 107.13897705078125 107.3628158569336 107.6361312866211 107.98355102539062 108.34741973876953 108.70197296142578 109.06243133544922 109.4462890625 109.84062194824219 110.25670623779297 110.67337036132812 111.08544158935547
          111.49440002441406 111.89701080322266 112.29322814941406 112.67638397216797 113.0482406616211 113.41609191894531 113.77827453613281 114.14260864257812 114.49737548828125 114.84140014648438 115.17609405517578 115.50285339355469 115.81626892089844 116.12225341796875 116.41661071777344 116.70172882080078 116.97403717041016 117.23206329345703 117.4631576538086 117.68038177490234
          117.8881607055664 118.0761947631836 118.24444580078125 118.40308380126953 118.54644012451172 118.67166900634766 118.78146362304688 118.87715148925781 118.96009826660156 119.02934265136719 119.08657836914062 119.1321792602539 119.16616821289062 119.18938446044922 119.20110321044922 110.21277618408203 110.20930480957031 110.19641876220703 110.17935943603516 110.15487670898438
          110.1239013671875 110.08296203613281 110.02449798583984 109.94744873046875 109.85179138183594 109.73613739013672 109.60693359375 109.47211456298828 109.3244857788086 109.16356658935547 109.0047836303711 108.83602905273438 108.66998291015625 108.50035858154297 108.32241821289062 108.14094543457031 107.95661163330078 107.78267669677734 107.61994934082031 107.47151184082031
          107.33973693847656 107.2232894897461 107.11518096923828 107.02490997314453 106.94242095947266 106.8712158203125 106.80789184570312 106.74906158447266 106.6762924194336 106.50659942626953 106.60828399658203 106.94700622558594 107.17135620117188 107.43602752685547 107.73570251464844 108.07394409179688 108.43285369873047 108.79520416259766 109.15316772460938 109.5455322265625
          109.93866729736328 110.34144592285156 110.74983215332031 111.15718078613281 111.5589828491211 111.95586395263672 112.34980010986328 112.73351287841797 113.09881591796875 113.4598617553711 113.81928253173828 114.17622375488281 114.5317611694336 114.88150024414062 115.21870422363281 115.5462875366211 115.86429595947266 116.17521667480469 116.47200775146484 116.75914001464844
          117.03496551513672 117.28999328613281 117.52616119384766 117.7523422241211 117.96086883544922 118.15264892578125 118.32701873779297 118.48734283447266 118.63330078125 118.76050567626953 118.87359619140625 118.97154235839844 119.05683135986328 119.12784576416016 119.18684387207031 119.23345947265625 119.2687759399414 119.29209899902344 119.303955078125 109.83950805664062
          109.8310775756836 109.81837463378906 109.79840850830078 109.7724838256836 109.73512268066406 109.68548583984375 109.61974334716797 109.53620147705078 109.43264770507812 109.3092269897461 109.17334747314453 109.02898406982422 108.87059020996094 108.7046127319336 108.53296661376953 108.36125946044922 108.19534301757812 108.02438354492188 107.84180450439453 107.65480041503906
          107.4718017578125 107.30066680908203 107.14026641845703 106.99146270751953 106.85856628417969 106.73727416992188 106.63145446777344 106.54180145263672 106.46662902832031 106.40633392333984 106.36152648925781 106.32722473144531 106.28485870361328 106.0206527709961 106.40655517578125 106.83824157714844 107.15229797363281 107.47205352783203 107.80548858642578 108.15330505371094
          108.51411437988281 108.8790512084961 109.24436950683594 109.63119506835938 110.02936553955078 110.42543029785156 110.82836151123047 111.23102569580078 111.62911987304688 112.02074432373047 112.41101837158203 112.79398345947266 113.160888671875 113.52014923095703 113.87835693359375 114.2300796508789 114.5817642211914 114.93313598632812 115.27240753173828 115.59974670410156
          115.92132568359375 116.23226928710938 116.53318786621094 116.81979370117188 117.09507751464844 117.35394287109375 117.59745025634766 117.8246078491211 118.03645324707031 118.23077392578125 118.40776062011719 118.57149505615234 118.7179946899414 118.85005950927734 118.96451568603516 119.0644760131836 119.15081024169922 119.22323608398438 119.2839126586914 119.33113861083984
          119.36638641357422 119.38955688476562 119.40157318115234 109.4677963256836 109.45480346679688 109.44120788574219 109.4203109741211 109.39344024658203 109.35205078125 109.29206848144531 109.21806335449219 109.12529754638672 109.01392364501953 108.88532257080078 108.74085998535156 108.58435821533203 108.42141723632812 108.24961853027344 108.06776428222656 107.88674926757812
          107.71990203857422 107.54759216308594 107.36665344238281 107.17743682861328 106.99480438232422 106.82451629638672 106.666259765625 106.51663970947266 106.37957000732422 106.2579574584961 106.1530532836914 106.06352233886719 105.99335479736328 105.93846893310547 105.90623474121094 105.91241455078125 106.00282287597656 106.1810073852539 106.46649169921875 106.80259704589844
          107.14277648925781 107.49384307861328 107.85704040527344 108.2223892211914 108.58616638183594 108.95785522460938 109.32947540283203 109.71117401123047 110.11421203613281 110.50904846191406 110.90721130371094 111.30453491210938 111.70278930664062 112.0925521850586 112.47954559326172 112.8599853515625 113.23362731933594 113.5991439819336 113.9501953125 114.298095703125
          114.6442642211914 114.99256134033203 115.32997131347656 115.66036987304688 115.98368835449219 116.2957763671875 116.59703063964844 116.88713836669922 117.16458129882812 117.42741394042969 117.67107391357422 117.90059661865234 118.11422729492188 118.31050872802734 118.4907455444336 118.6549301147461 118.80375671386719 118.9369888305664 119.05384826660156 119.15563201904297
          119.24322509765625 119.31702423095703 119.37741088867188 119.4244155883789 119.45970916748047 119.48292541503906 119.4955062866211 109.08043670654297 109.07252502441406 109.05601501464844 109.03783416748047 109.00993347167969 108.96553039550781 108.90388488769531 108.81755828857422 108.7157211303711 108.59629821777344 108.4593505859375 108.30754852294922 108.14495086669922
          107.97404479980469 107.80137634277344 107.61632537841797 107.43367004394531 107.25639343261719 107.07971954345703 106.89434051513672 106.70955657958984 106.52421569824219 106.35192108154297 106.19477081298828 106.04580688476562 105.90675354003906 105.78470611572266 105.68140411376953 105.59351348876953 105.52031707763672 105.4599380493164 105.40937042236328 105.31603240966797
          105.79536437988281 106.1099624633789 106.43598937988281 106.78158569335938 107.13887023925781 107.51370239257812 107.89613342285156 108.2773666381836 108.65635681152344 109.03187561035156 109.40767669677734 109.79582977294922 110.19672393798828 110.59040069580078 110.98651123046875 111.3825912475586 111.77737426757812 112.16288757324219 112.55337524414062 112.93799591064453
          113.31221771240234 113.6811752319336 114.03502655029297 114.37625885009766 114.71733856201172 115.05989074707031 115.3987808227539 115.72941589355469 116.05269622802734 116.36750793457031 116.6688003540039 116.96011352539062 117.24072265625 117.50261688232422 117.74383544921875 117.9810791015625 118.19376373291016 118.39141845703125 118.57242584228516 118.73831939697266
          118.88855743408203 119.0219497680664 119.14212036132812 119.24440002441406 119.33307647705078 119.4068603515625 119.46748352050781 119.51449584960938 119.54894256591797 119.57160186767578 119.5837173461914 108.68566131591797 108.68052673339844 108.66956329345703 108.64894104003906 108.62065887451172 108.57332611083984 108.50558471679688 108.4156265258789 108.30728912353516
          108.17854309082031 108.03429412841797 107.87789916992188 107.7130355834961 107.54227447509766 107.36251831054688 107.17615509033203 106.99098205566406 106.80499267578125 106.61885833740234 106.43327331542969 106.24825286865234 106.05986022949219 105.8849868774414 105.72335815429688 105.57556915283203 105.43771362304688 105.32106018066406 105.22206115722656 105.13699340820312
          105.05974578857422 104.97212219238281 104.81735229492188 105.20467376708984 105.65653991699219 106.02836608886719 106.39199829101562 106.76427459716797 107.14429473876953 107.53330993652344 107.9290542602539 108.3211669921875 108.71456909179688 109.09947967529297 109.4849624633789 109.8814926147461 110.27536010742188 110.6667251586914 111.06465148925781 111.45943450927734
          111.85664367675781 112.24530792236328 112.6358413696289 113.01969146728516 113.39710235595703 113.7652359008789 114.12459564208984 114.46334838867188 114.80448913574219 115.14420318603516 115.47831726074219 115.80553436279297 116.12928771972656 116.44420623779297 116.74822235107422 117.04084777832031 117.31917572021484 117.58177947998047 117.82177734375 118.06069946289062
          118.27413940429688 118.473876953125 118.65552520751953 118.82169342041016 118.97265625 119.1070327758789 119.22773742675781 119.33091735839844 119.41939544677734 119.49333953857422 119.55374145507812 119.60059356689453 119.6347885131836 119.65833282470703 119.66881561279297 108.29166412353516 108.28740692138672 108.28324890136719 108.263916015625 108.22527313232422
          108.17131805419922 108.09960174560547 108.00643920898438 107.89379119873047 107.76043701171875 107.61262512207031 107.45584106445312 107.28955841064453 107.11122131347656 106.92679595947266 106.73754119873047 106.54618835449219 106.35894012451172 106.16556549072266 105.97408294677734 105.78218078613281 105.58763122558594 105.42265319824219 105.26009368896484 105.1106185913086
          104.97840118408203 104.8679428100586 104.77510070800781 104.69872283935547 104.62702941894531 104.4177474975586 104.8022689819336 105.18509674072266 105.57868194580078 105.9627914428711 106.351806640625 106.7455825805664 107.1474609375 107.55077362060547 107.95464324951172 108.36251831054688 108.7680435180664 109.16522216796875 109.5593032836914 109.95880126953125
          110.34979248046875 110.74211120605469 111.14061737060547 111.54139709472656 111.94184875488281 112.32792663574219 112.71965789794922 113.1061019897461 113.48403930664062 113.85427856445312 114.2142562866211 114.5597152709961 114.90023803710938 115.23594665527344 115.5670394897461 115.89127349853516 116.21509552001953 116.52906036376953 116.8315200805664 117.12445068359375
          117.40190124511719 117.66282653808594 117.90444946289062 118.14078521728516 118.3554916381836 118.55599975585938 118.73818969726562 118.90396118164062 119.05492401123047 119.19025421142578 119.31041717529297 119.41494750976562 119.5036849975586 119.57762908935547 119.63665771484375 119.68331146240234 119.71668243408203 119.73908233642578 119.74883270263672 107.89962005615234
          107.89602661132812 107.8838882446289 107.86742401123047 107.82962036132812 107.77131652832031 107.69715881347656 107.60132598876953 107.48255920410156 107.34510040283203 107.19800567626953 107.03630828857422 106.86539459228516 106.68468475341797 106.49629211425781 106.29547119140625 106.09687805175781 105.91099548339844 105.70598602294922 105.5035400390625 105.30545043945312
          105.1340560913086 104.9642333984375 104.80320739746094 104.65623474121094 104.5304183959961 104.42383575439453 104.33903503417969 104.269287109375 104.20923614501953 104.4044418334961 104.77030944824219 105.12965393066406 105.51595306396484 105.91273498535156 106.31214141845703 106.72583770751953 107.14781951904297 107.56245422363281 107.97856140136719 108.4021224975586
          108.81730651855469 109.22724914550781 109.62921905517578 110.02934265136719 110.41912841796875 110.81493377685547 111.22193145751953 111.62664794921875 112.02677154541016 112.41709899902344 112.80642700195312 113.1957778930664 113.57539367675781 113.9462661743164 114.31129455566406 114.66088104248047 115.00088500976562 115.33353424072266 115.66262817382812 115.984619140625
          116.30586242675781 116.6183090209961 116.9209213256836 117.21095275878906 117.4861068725586 117.74702453613281 117.98988342285156 118.22315216064453 118.43727111816406 118.63650512695312 118.81904602050781 118.98479461669922 119.13566589355469 119.27210998535156 119.39195251464844 119.49673461914062 119.58415222167969 119.65774536132812 119.71603393554688 119.76134490966797
          119.79490661621094 119.81565856933594 119.82493591308594 107.51292419433594 107.5064468383789 107.49152374267578 107.4771728515625 107.44393157958984 107.38624572753906 107.30809020996094 107.20480346679688 107.08071899414062 106.93851470947266 106.78717803955078 106.62008666992188 106.44506072998047 106.26118469238281 106.07001495361328 105.85874938964844 105.66822052001953
          105.45893096923828 105.2486801147461 105.0503921508789 104.87220001220703 104.69721984863281 104.52220153808594 104.35968017578125 104.21401977539062 104.08885955810547 103.98906707763672 103.8982925415039 103.71690368652344 104.10054779052734 104.38822174072266 104.71488952636719 105.06822204589844 105.46013641357422 105.86325073242188 106.27597045898438 106.70703887939453
          107.1424789428711 107.57298278808594 108.0014419555664 108.4355239868164 108.8619384765625 109.2818832397461 109.69078826904297 110.09356689453125 110.4864730834961 110.89171600341797 111.30415344238281 111.7069091796875 112.11003112792969 112.50873565673828 112.9010238647461 113.28851318359375 113.67188262939453 114.04763793945312 114.4154052734375 114.76549530029297
          115.1028823852539 115.43743133544922 115.76405334472656 116.08377838134766 116.40277862548828 116.7127456665039 117.0125732421875 117.29993438720703 117.57344055175781 117.83234405517578 118.07543182373047 118.30422973632812 118.51875305175781 118.71634674072266 118.89913177490234 119.06486511230469 119.21601104736328 119.35106658935547 119.47087860107422 119.57548522949219
          119.66203308105469 119.73387908935547 119.79192352294922 119.83647155761719 119.86895751953125 119.88761138916016 119.89672088623047 107.133056640625 107.12395477294922 107.10944366455078 107.08882141113281 107.05134582519531 106.9915771484375 106.91099548339844 106.80585479736328 106.6824722290039 106.54032135009766 106.38107299804688 106.20704650878906 106.02073669433594
          105.83047485351562 105.63165283203125 105.42776489257812 105.22530364990234 105.01879119873047 104.81645965576172 104.62664031982422 104.44879150390625 104.268798828125 104.09651184082031 103.93392944335938 103.77642059326172 103.64415740966797 103.54029083251953 103.41007995605469 103.70001220703125 103.99918365478516 104.30858612060547 104.64395904541016 105.0055160522461
          105.40148162841797 105.81302642822266 106.24109649658203 106.68612670898438 107.13440704345703 107.57786560058594 108.021484375 108.46430969238281 108.89781951904297 109.33128356933594 109.74691772460938 110.15284729003906 110.55573272705078 110.96964263916016 111.38297271728516 111.78934478759766 112.19451904296875 112.60430145263672 112.99956512451172 113.39057922363281
          113.77631378173828 114.15296173095703 114.52359008789062 114.86891174316406 115.20819854736328 115.5438461303711 115.868408203125 116.18882751464844 116.50346374511719 116.81049346923828 117.10655975341797 117.38984680175781 117.66065216064453 117.91670227050781 118.16084289550781 118.3874282836914 118.60128021240234 118.79691314697266 118.9793472290039 119.14404296875
          119.29387664794922 119.42811584472656 119.546630859375 119.651123046875 119.73673248291016 119.80630493164062 119.862548828125 119.9074935913086 119.93758392333984 119.95589447021484 119.96452331542969 106.77108764648438 106.76167297363281 106.73944854736328 106.70632934570312 106.66265106201172 106.6001205444336 106.5151138305664 106.40585327148438 106.27879333496094
          106.13482666015625 105.97501373291016 105.79888153076172 105.6063003540039 105.40829467773438 105.20445251464844 105.00347900390625 104.8012924194336 104.60128021240234 104.40258026123047 104.21992492675781 104.04292297363281 103.86965942382812 103.6929702758789 103.5162124633789 103.35213470458984 103.18401336669922 103.0081558227539 103.11001586914062 103.54078674316406
          103.8780288696289 104.21247863769531 104.56477355957031 104.9361801147461 105.34245300292969 105.76915740966797 106.2075424194336 106.66141510009766 107.12168884277344 107.58016204833984 108.0352554321289 108.48754119873047 108.931396484375 109.37422943115234 109.79955291748047 110.2093276977539 110.62310791015625 111.04393005371094 111.46188354492188 111.8746337890625
          112.28961181640625 112.70257568359375 113.104248046875 113.49818420410156 113.88520812988281 114.2615737915039 114.63005065917969 114.97705841064453 115.31265258789062 115.64838409423828 115.97443389892578 116.29244232177734 116.60551452636719 116.9077377319336 117.19860076904297 117.4798583984375 117.74638366699219 118.00277709960938 118.24524688720703 118.47075653076172
          118.6810302734375 118.876953125 119.05789184570312 119.22119903564453 119.36985778808594 119.50309753417969 119.62069702148438 119.7253189086914 119.80724334716797 119.87535858154297 119.93169403076172 119.97335052490234 120.00237274169922 120.02084350585938 120.03063201904297 106.40846252441406 106.39679718017578 106.37085723876953 106.33657836914062 106.28717041015625
          106.21885681152344 106.1282958984375 106.01502990722656 105.88448333740234 105.73820495605469 105.57337188720703 105.39402770996094 105.19793701171875 104.99620819091797 104.79279327392578 104.5931625366211 104.3957748413086 104.2014389038086 104.00691223144531 103.82648468017578 103.64691925048828 103.47468566894531 103.3050765991211 103.12725830078125 102.94520568847656
          102.61408233642578 102.61454010009766 103.05498504638672 103.4144515991211 103.76171875 104.11211395263672 104.48176574707031 104.86705780029297 105.28457641601562 105.72624969482422 106.17738342285156 106.63526153564453 107.10352325439453 107.57574462890625 108.04322814941406 108.5075454711914 108.9611587524414 109.4122543334961 109.8458023071289 110.26649475097656
          110.6885757446289 111.11735534667969 111.54431915283203 111.96961975097656 112.3903579711914 112.8049087524414 113.20858764648438 113.6055679321289 113.98987579345703 114.36739349365234 114.73249816894531 115.08187103271484 115.4193115234375 115.75385284423828 116.07804107666016 116.39480590820312 116.70487213134766 117.0022201538086 117.29119110107422 117.56845092773438
          117.8337631225586 118.08839416503906 118.32730865478516 118.55284881591797 118.76187133789062 118.95625305175781 119.13385772705078 119.29629516601562 119.44379425048828 119.57617950439453 119.69268798828125 119.79279327392578 119.87348175048828 119.9415054321289 119.99528503417969 120.03568267822266 120.06404876708984 120.08309173583984 120.0924301147461 106.04197692871094
          106.02799224853516 106.00501251220703 105.96842956542969 105.9154281616211 105.84244537353516 105.74978637695312 105.6326904296875 105.49771881103516 105.34370422363281 105.17418670654297 104.99059295654297 104.79316711425781 104.58907318115234 104.3894271850586 104.19275665283203 103.9968032836914 103.80915069580078 103.6220474243164 103.4425048828125 103.26136779785156
          103.08009338378906 102.90833282470703 102.75257873535156 102.61841583251953 102.5725326538086 102.60507202148438 102.9554443359375 103.29898834228516 103.64986419677734 104.01069641113281 104.39599609375 104.80455780029297 105.23542785644531 105.677978515625 106.13522338867188 106.60362243652344 107.08412170410156 107.56890869140625 108.05025482177734 108.52149200439453
          108.98589324951172 109.44491577148438 109.8914566040039 110.31615447998047 110.75445556640625 111.1938247680664 111.63169860839844 112.06195831298828 112.48927307128906 112.90625762939453 113.31304931640625 113.71011352539062 114.096923828125 114.4717788696289 114.8356704711914 115.18522644042969 115.52320098876953 115.85652160644531 116.17829895019531 116.49334716796875
          116.8006362915039 117.09686279296875 117.38304901123047 117.6556167602539 117.92149353027344 118.17362976074219 118.41093444824219 118.63440704345703 118.83999633789062 119.0328140258789 119.20972442626953 119.36947631835938 119.51576232910156 119.64647674560547 119.75985717773438 119.856689453125 119.93717193603516 120.00296783447266 120.05460357666016 120.0951919555664
          120.12384796142578 120.14363098144531 120.15230560302734 105.68011474609375 105.66393280029297 105.64028930664062 105.59938049316406 105.54296875 105.46851348876953 105.37567901611328 105.25730895996094 105.11676788330078 104.9587631225586 104.78413391113281 104.59768676757812 104.39839172363281 104.19680786132812 103.99986267089844 103.80563354492188 103.61343383789062
          103.43177032470703 103.24649810791016 103.06635284423828 102.88944244384766 102.71541595458984 102.54573822021484 102.3685531616211 102.11048889160156 102.33332824707031 102.54481506347656 102.83946228027344 103.17965698242188 103.53658294677734 103.91239929199219 104.32312774658203 104.74153137207031 105.1793441772461 105.63053894042969 106.0938491821289 106.56683349609375
          107.05030059814453 107.55585479736328 108.0532455444336 108.53792572021484 109.00924682617188 109.47331237792969 109.92755126953125 110.3656234741211 110.81830596923828 111.27025604248047 111.71704864501953 112.15534210205078 112.58689880371094 113.00817108154297 113.4164047241211 113.81607818603516 114.20020294189453 114.5722427368164 114.93853759765625 115.28729248046875
          115.62342071533203 115.95574188232422 116.2771224975586 116.59059143066406 116.89480590820312 117.18939208984375 117.47184753417969 117.7440185546875 118.00602722167969 118.2570571899414 118.49324798583984 118.71224975585938 118.9166030883789 119.10660552978516 119.28128051757812 119.440185546875 119.58414459228516 119.71095275878906 119.82233428955078 119.91624450683594
          119.99575805664062 120.06019592285156 120.11115264892578 120.15132141113281 120.18133544921875 120.19961547851562 120.20924377441406 105.33042907714844 105.31612396240234 105.28562927246094 105.24217987060547 105.1851577758789 105.11146545410156 105.01512145996094 104.8920669555664 104.74613952636719 104.58307647705078 104.40615844726562 104.21661376953125 104.01702880859375
          103.81891632080078 103.62455749511719 103.43289947509766 103.2472915649414 103.06828308105469 102.8858871459961 102.7064208984375 102.52955627441406 102.35562896728516 102.18463897705078 102.01220703125 101.8062515258789 102.00525665283203 102.36408233642578 102.6856918334961 103.04742431640625 103.42845916748047 103.81288146972656 104.25146484375 104.6859130859375
          105.12075805664062 105.58006286621094 106.06151580810547 106.5368881225586 107.02471160888672 107.54073333740234 108.05158996582031 108.546142578125 109.02848815917969 109.4991455078125 109.96267700195312 110.41510009765625 110.88044738769531 111.34251403808594 111.80075073242188 112.24479675292969 112.68110656738281 113.10536193847656 113.51902770996094 113.9162826538086
          114.30117797851562 114.67342376708984 115.03547668457031 115.38435363769531 115.71768951416016 116.0501708984375 116.37353515625 116.68419647216797 116.9852066040039 117.27776336669922 117.5581283569336 117.8289794921875 118.0896224975586 118.33792877197266 118.5698471069336 118.788818359375 118.98970031738281 119.1774673461914 119.34890747070312 119.5057144165039
          119.64619445800781 119.77123260498047 119.8801498413086 119.97408294677734 120.05215454101562 120.11455535888672 120.16486358642578 120.20558166503906 120.23426818847656 120.2530517578125 120.26228332519531 104.99469757080078 104.98202514648438 104.95231628417969 104.90520477294922 104.84894561767578 104.76870727539062 104.66329956054688 104.53348541259766 104.38229370117188
          104.21609497070312 104.03638458251953 103.84538269042969 103.6468734741211 103.44918060302734 103.25942993164062 103.07182312011719 102.89564514160156 102.71897888183594 102.53846740722656 102.35888671875 102.17816162109375 101.99894714355469 101.82096862792969 101.6311264038086 101.32147979736328 101.83661651611328 102.1930160522461 102.53705596923828 102.90174865722656
          103.30524444580078 103.72217559814453 104.15863037109375 104.61558532714844 105.07530212402344 105.53224182128906 106.01970672607422 106.5122299194336 107.01058959960938 107.52885437011719 108.04507446289062 108.54838562011719 109.04052734375 109.52312469482422 109.996826171875 110.46955871582031 110.94025421142578 111.41131591796875 111.87606811523438 112.3303451538086
          112.76920318603516 113.1991958618164 113.61296844482422 114.01289367675781 114.39826202392578 114.76368713378906 115.12393951416016 115.46992492675781 115.80750274658203 116.13961791992188 116.46128845214844 116.77304077148438 117.0731201171875 117.36235046386719 117.64247131347656 117.91348266601562 118.17048645019531 118.41477966308594 118.64374542236328 118.8608627319336
          119.0601806640625 119.2425537109375 119.41255187988281 119.56680297851562 119.70513153076172 119.82881164550781 119.93678283691406 120.02920532226562 120.1044921875 120.1653823852539 120.21641540527344 120.25701141357422 120.2856216430664 120.30380249023438 120.31218719482422 104.67598724365234 104.660400390625 104.62749481201172 104.58383178710938 104.52037811279297
          104.43390655517578 104.32012176513672 104.18315887451172 104.02809143066406 103.85708618164062 103.67317199707031 103.48089599609375 103.28883361816406 103.09484100341797 102.90888977050781 102.7314682006836 102.5587158203125 102.38424682617188 102.20474243164062 102.01846313476562 101.83072662353516 101.64375305175781 101.45720672607422 101.20947265625 101.40350341796875
          101.69690704345703 102.02979278564453 102.3829116821289 102.76652526855469 103.18267822265625 103.6231460571289 104.07612609863281 104.54606628417969 105.01893615722656 105.47872161865234 105.97802734375 106.48599243164062 106.99534606933594 107.52230072021484 108.04523468017578 108.55070495605469 109.051025390625 109.54302215576172 110.02912902832031 110.5154037475586
          110.99644470214844 111.48334503173828 111.9549560546875 112.41072845458984 112.85584259033203 113.2881851196289 113.70126342773438 114.10218048095703 114.48200225830078 114.84516906738281 115.20354461669922 115.55210876464844 115.89640808105469 116.22555541992188 116.5467300415039 116.8558349609375 117.15530395507812 117.4440689086914 117.7264633178711 117.99253845214844
          118.24693298339844 118.48641204833984 118.71580505371094 118.92884063720703 119.12503051757812 119.30619812011719 119.47260284423828 119.62267303466797 119.76039123535156 119.88093566894531 119.98799133300781 120.07829284667969 120.152099609375 120.21295928955078 120.26495361328125 120.30509948730469 120.3338623046875 120.35004425048828 120.3584213256836 104.36717224121094
          104.34957122802734 104.3137435913086 104.26270294189453 104.19476318359375 104.1032943725586 103.98216247558594 103.83920288085938 103.67943572998047 103.50672912597656 103.32089233398438 103.1310043334961 102.94416809082031 102.7568359375 102.58151245117188 102.41231536865234 102.24119567871094 102.0640869140625 101.87855529785156 101.68473052978516 101.48542022705078
          101.28447723388672 101.09479522705078 100.91063690185547 101.22328186035156 101.5132827758789 101.85476684570312 102.22335052490234 102.639892578125 103.05509185791016 103.50867462158203 103.99295806884766 104.47753143310547 104.9566650390625 105.43254089355469 105.94195556640625 106.45352935791016 106.98200988769531 107.51453399658203 108.03858947753906 108.5505142211914
          109.06092071533203 109.56443786621094 110.0601577758789 110.55955505371094 111.05720520019531 111.55061340332031 112.028076171875 112.4891357421875 112.93681335449219 113.3681411743164 113.78520202636719 114.1760482788086 114.55587768554688 114.92127227783203 115.28327178955078 115.62984466552734 115.97601318359375 116.30687713623047 116.62530517578125 116.93726348876953
          117.23340606689453 117.52418518066406 117.80046844482422 118.06661987304688 118.3155746459961 118.55599212646484 118.78109741210938 118.99034118652344 119.18253326416016 119.3623046875 119.52559661865234 119.67396545410156 119.8099594116211 119.92935180664062 120.03472137451172 120.1220703125 120.19466400146484 120.2574462890625 120.31025695800781 120.3498306274414
          120.37757873535156 120.39356994628906 120.40306091308594 104.072998046875 104.05149841308594 104.01067352294922 103.95281982421875 103.87931823730469 103.77989196777344 103.65397644042969 103.50543212890625 103.34246063232422 103.16651153564453 102.98152923583984 102.7980728149414 102.61579132080078 102.4398422241211 102.27740478515625 102.11141204833984 101.93930053710938
          101.76100158691406 101.56687927246094 101.36029052734375 101.14420318603516 100.9004898071289 100.61176300048828 100.7642593383789 100.98888397216797 101.29547119140625 101.6685562133789 102.07215118408203 102.49812316894531 102.94937896728516 103.41464233398438 103.9061508178711 104.39554595947266 104.8961410522461 105.39202880859375 105.91020202636719 106.43295288085938
          106.96443176269531 107.49943542480469 108.03013610839844 108.55221557617188 109.07179260253906 109.58641815185547 110.09859466552734 110.61290740966797 111.11662292480469 111.61372375488281 112.09461975097656 112.56183624267578 113.0098648071289 113.44415283203125 113.85053253173828 114.24364471435547 114.62432861328125 114.99545288085938 115.35514068603516 115.70669555664062
          116.04904174804688 116.38111114501953 116.700439453125 117.0084457397461 117.30757904052734 117.59376525878906 117.86692810058594 118.12955474853516 118.37864685058594 118.616943359375 118.83808898925781 119.0445327758789 119.2333755493164 119.41062927246094 119.57359313964844 119.72042083740234 119.8546371459961 119.97327423095703 120.07432556152344 120.1617660522461
          120.23715209960938 120.30091094970703 120.35296630859375 120.39225769042969 120.4200210571289 120.43693542480469 120.44501495361328 103.7916259765625 103.76849365234375 103.72541809082031 103.6613998413086 103.57546997070312 103.46997833251953 103.33809661865234 103.18402862548828 103.01480102539062 102.8387680053711 102.6604995727539 102.47981262207031 102.30375671386719
          102.14013671875 101.98225402832031 101.81996154785156 101.64840698242188 101.46300506591797 101.2599868774414 101.05184173583984 100.82135009765625 100.50690460205078 100.44792938232422 100.40335083007812 100.64315032958984 101.02839660644531 101.45850372314453 101.91719818115234 102.37567901611328 102.8437271118164 103.32091522216797 103.83992767333984 104.33056640625
          104.84113311767578 105.35834503173828 105.8811264038086 106.41439819335938 106.95014190673828 107.48660278320312 108.0235824584961 108.55384826660156 109.0855941772461 109.61661529541016 110.13967895507812 110.66410064697266 111.17301177978516 111.673583984375 112.1626968383789 112.62657928466797 113.0746841430664 113.5035629272461 113.91217041015625 114.30915069580078
          114.69068908691406 115.06200408935547 115.42200469970703 115.77362060546875 116.11746978759766 116.44859313964844 116.76570892333984 117.0745620727539 117.37109375 117.65624237060547 117.92820739746094 118.18570709228516 118.43452453613281 118.66877746582031 118.88562774658203 119.089599609375 119.27763366699219 119.45448303222656 119.61569213867188 119.76202392578125
          119.89348602294922 120.010986328125 120.11243438720703 120.199951171875 120.27692413330078 120.34200286865234 120.39332580566406 120.43252563476562 120.4600830078125 120.47732543945312 120.48490905761719 103.52549743652344 103.50267791748047 103.45492553710938 103.38250732421875 103.2907943725586 103.17792510986328 103.03801727294922 102.87584686279297 102.70381927490234
          102.52865600585938 102.34915161132812 102.1707763671875 102.00350952148438 101.84825134277344 101.6910400390625 101.5284652709961 101.35687255859375 101.16824340820312 100.97087097167969 100.76451873779297 100.54440307617188 100.30142211914062 100.14090728759766 99.90886688232422 100.01852416992188 100.74279022216797 101.26734924316406 101.76811218261719 102.25506591796875
          102.74320983886719 103.24507904052734 103.76875305175781 104.27849578857422 104.7966079711914 105.32379913330078 105.85830688476562 106.39685821533203 106.9395751953125 107.4797134399414 108.01866912841797 108.56297302246094 109.10331726074219 109.64567565917969 110.17918395996094 110.713134765625 111.23123931884766 111.73464965820312 112.21784210205078 112.68242645263672
          113.12908935546875 113.55692291259766 113.97054290771484 114.36775970458984 114.74929809570312 115.12289428710938 115.485107421875 115.8348159790039 116.17637634277344 116.50389862060547 116.82746887207031 117.13355255126953 117.42732238769531 117.71094512939453 117.9789810180664 118.23495483398438 118.48017120361328 118.71046447753906 118.92699432373047 119.12906646728516
          119.31561279296875 119.4926528930664 119.6534194946289 119.79847717285156 119.92829895019531 120.04425048828125 120.14615631103516 120.23783111572266 120.31428527832031 120.37923431396484 120.43046569824219 120.46946716308594 120.49752807617188 120.51533508300781 120.52366638183594 103.28360748291016 103.2586441040039 103.20690155029297 103.12690734863281 103.02660369873047
          102.90606689453125 102.7549819946289 102.58948516845703 102.41231536865234 102.23292541503906 102.05452728271484 101.88079833984375 101.7192153930664 101.56415557861328 101.40674591064453 101.24312591552734 101.07046508789062 100.88520812988281 100.6910629272461 100.49553680419922 100.2853012084961 100.06450653076172 99.80233764648438 99.42178344726562 100.02220916748047
          100.58274841308594 101.1161117553711 101.63153076171875 102.1443099975586 102.65679168701172 103.17870330810547 103.70740509033203 104.23324584960938 104.76093292236328 105.29608917236328 105.83976745605469 106.38750457763672 106.93498229980469 107.478271484375 108.02056121826172 108.56959533691406 109.1225814819336 109.67539978027344 110.22020721435547 110.76325225830078
          111.28553771972656 111.78296661376953 112.26455688476562 112.73243713378906 113.17965698242188 113.6078872680664 114.02320861816406 114.41913604736328 114.80355834960938 115.17728424072266 115.53727722167969 115.88716125488281 116.22821807861328 116.55718994140625 116.87582397460938 117.18290710449219 117.4766616821289 117.75624084472656 118.02197265625 118.27458953857422
          118.51616668701172 118.74378967285156 118.95951080322266 119.1633529663086 119.35047149658203 119.52787780761719 119.68553924560547 119.82819366455078 119.95851135253906 120.07341003417969 120.17822265625 120.26962280273438 120.3475570678711 120.41323852539062 120.4645004272461 120.5040054321289 120.53236389160156 120.55077362060547 120.55924224853516 103.06219482421875
          103.03597259521484 102.98287200927734 102.8988265991211 102.78700256347656 102.6558837890625 102.50015258789062 102.32835388183594 102.14691162109375 101.96279907226562 101.77843475341797 101.60382080078125 101.44224548339844 101.28592681884766 101.12867736816406 100.96578979492188 100.79649353027344 100.61534118652344 100.42716217041016 100.23635864257812 100.03538513183594
          99.8294677734375 99.6044921875 99.22148132324219 99.90251159667969 100.44789123535156 100.98999786376953 101.5243148803711 102.0524673461914 102.58255767822266 103.1196517944336 103.65544891357422 104.19227600097656 104.73117065429688 105.27407836914062 105.82829284667969 106.38235473632812 106.93421173095703 107.48328399658203 108.02584075927734 108.57772064208984
          109.14556884765625 109.7032470703125 110.25872039794922 110.80583953857422 111.32573699951172 111.82740020751953 112.31314849853516 112.77599334716797 113.22557067871094 113.65354919433594 114.06507110595703 114.46611785888672 114.85090637207031 115.22293090820312 115.58280944824219 115.93014526367188 116.27143859863281 116.60010528564453 116.9175796508789 117.22464752197266
          117.51603698730469 117.79314422607422 118.0560531616211 118.30754089355469 118.54530334472656 118.77220153808594 118.98795318603516 119.19252014160156 119.38153839111328 119.55558776855469 119.71306610107422 119.85430145263672 119.98446655273438 120.10042572021484 120.20671844482422 120.29821014404297 120.3775863647461 120.44280242919922 120.49568176269531 120.5350570678711
          120.5643081665039 120.58280181884766 120.59119415283203 102.86835479736328 102.84095001220703 102.7862319946289 102.69869995117188 102.58045196533203 102.43695831298828 102.27494812011719 102.09516906738281 101.90354919433594 101.70957946777344 101.51087951660156 101.33329772949219 101.17333221435547 101.01336669921875 100.85447692871094 100.69286346435547 100.52869415283203
          100.35485076904297 100.17448425292969 99.9876480102539 99.79447174072266 99.59810638427734 99.40262603759766 99.21517944335938 99.83023834228516 100.3528823852539 100.893798828125 101.43729400634766 101.98180389404297 102.52471160888672 103.0675277709961 103.61097717285156 104.15858459472656 104.70533752441406 105.25764465332031 105.81977081298828 106.37932586669922
          106.93812561035156 107.4884033203125 108.03866577148438 108.58676147460938 109.16459655761719 109.73461151123047 110.2947998046875 110.83900451660156 111.36177062988281 111.86589050292969 112.34872436523438 112.81523895263672 113.26290893554688 113.69266510009766 114.1062240600586 114.50598907470703 114.88799285888672 115.25914764404297 115.61962127685547 115.9669418334961
          116.30595397949219 116.6348648071289 116.95154571533203 117.25820922851562 117.54718780517578 117.82242584228516 118.08306121826172 118.33271789550781 118.57076263427734 118.79578399658203 119.01359558105469 119.21701049804688 119.40412902832031 119.57786560058594 119.7353515625 119.87690734863281 120.00726318359375 120.1248779296875 120.23018646240234 120.32234954833984
          120.40142822265625 120.46900177001953 120.52188873291016 120.56171417236328 120.5903091430664 120.60990905761719 120.61971282958984 102.70603942871094 102.6739730834961 102.61227416992188 102.525634765625 102.41012573242188 102.25706481933594 102.0810775756836 101.88884735107422 101.67940521240234 101.46183013916016 101.24237060546875 101.07118225097656 100.90414428710938
          100.73599243164062 100.57707214355469 100.42198181152344 100.26368713378906 100.09977722167969 99.92479705810547 99.74516296386719 99.55052947998047 99.34323120117188 99.01377868652344 99.30382537841797 99.79727935791016 100.29446411132812 100.82512664794922 101.3756103515625 101.92638397216797 102.47455596923828 103.02351379394531 103.57196807861328 104.12994384765625
          104.6849136352539 105.2423095703125 105.81227111816406 106.37979125976562 106.94129943847656 107.49526977539062 108.05010223388672 108.60347747802734 109.18458557128906 109.76110076904297 110.32107543945312 110.86810302734375 111.39360809326172 111.89608764648438 112.38158416748047 112.84723663330078 113.29458618164062 113.72481536865234 114.13834381103516 114.53736877441406
          114.91966247558594 115.28851318359375 115.64823913574219 115.99503326416016 116.33555603027344 116.6622543334961 116.97757720947266 117.28221130371094 117.57078552246094 117.8448715209961 118.10588073730469 118.35374450683594 118.589599609375 118.81682586669922 119.03358459472656 119.23509216308594 119.42172241210938 119.59512329101562 119.75325775146484 119.89633178710938
          120.02689361572266 120.14452362060547 120.24967193603516 120.34239959716797 120.42237091064453 120.48959350585938 120.54460144042969 120.58556365966797 120.6155014038086 120.63634490966797 120.64641571044922 102.56771087646484 102.53426361083984 102.4684066772461 102.37274169921875 102.24854278564453 102.09651184082031 101.91710662841797 101.70944213867188 101.47811126708984
          101.23320007324219 100.9063949584961 100.78965759277344 100.61799621582031 100.44779205322266 100.29609680175781 100.15077209472656 100.00718688964844 99.85304260253906 99.68202209472656 99.49833679199219 99.30310821533203 99.11294555664062 98.81646728515625 99.31739044189453 99.77002716064453 100.25554656982422 100.78221893310547 101.33088684082031 101.8843994140625
          102.4377212524414 102.98990631103516 103.54076385498047 104.10121154785156 104.66646575927734 105.23441314697266 105.80693817138672 106.37740325927734 106.94402313232422 107.50323486328125 108.06050109863281 108.62293243408203 109.20243835449219 109.78389739990234 110.34573364257812 110.89237976074219 111.41837310791016 111.92279052734375 112.40728759765625 112.87276458740234
          113.3194351196289 113.75164794921875 114.1633529663086 114.55973052978516 114.94461059570312 115.31524658203125 115.67208099365234 116.01570892333984 116.35340118408203 116.6831283569336 116.99625396728516 117.2988052368164 117.58651733398438 117.86249542236328 118.12290954589844 118.37016296386719 118.60591888427734 118.8312759399414 119.0463638305664 119.2480697631836
          119.43547821044922 119.60931396484375 119.7685775756836 119.91098022460938 120.04119873046875 120.15948486328125 120.26509857177734 120.35821533203125 120.43923950195312 120.50711059570312 120.56195068359375 120.60415649414062 120.63532257080078 120.65621948242188 120.66651916503906 102.4653549194336 102.42830657958984 102.35567474365234 102.24858856201172 102.10879516601562
          101.93595123291016 101.74056243896484 101.51348876953125 101.27714538574219 101.06007385253906 100.80168151855469 100.50426483154297 100.31217956542969 100.13656616210938 100.0062026977539 99.87670135498047 99.76295471191406 99.62571716308594 99.46089172363281 99.26293182373047 99.04325866699219 98.863037109375 98.80990600585938 99.29302978515625 99.73847198486328
          100.23414611816406 100.76136016845703 101.30320739746094 101.85859680175781 102.41165924072266 102.96145629882812 103.5167007446289 104.07893371582031 104.64949035644531 105.22612762451172 105.80492401123047 106.3763198852539 106.94610595703125 107.5083999633789 108.0704574584961 108.6435317993164 109.22132110595703 109.79722595214844 110.36407470703125 110.9136734008789
          111.43572235107422 111.94331359863281 112.42703247070312 112.89305114746094 113.3417739868164 113.77157592773438 114.18245697021484 114.57778930664062 114.95816802978516 115.33250427246094 115.68940734863281 116.0331039428711 116.36711883544922 116.69380950927734 117.0087890625 117.31019592285156 117.59814453125 117.87369537353516 118.13460540771484 118.38155364990234
          118.61864471435547 118.84232330322266 119.05464935302734 119.25635528564453 119.44502258300781 119.6196517944336 119.7770004272461 119.92382049560547 120.05327606201172 120.16996002197266 120.27552032470703 120.3698959350586 120.45233154296875 120.52043914794922 120.57621002197266 120.619384765625 120.65061950683594 120.67196655273438 120.68250274658203 102.39363098144531
          102.35389709472656 102.27625274658203 102.1610336303711 102.00806427001953 101.81439971923828 101.59420776367188 101.30331420898438 101.00788879394531 100.90106201171875 100.69307708740234 100.39414978027344 99.91291046142578 99.71087646484375 99.70201873779297 99.58074951171875 99.53508758544922 99.43437957763672 99.27372741699219 99.04024505615234 98.7280502319336
          98.32064056396484 98.83372497558594 99.26863861083984 99.7140121459961 100.22151184082031 100.75997924804688 101.28577423095703 101.8402099609375 102.39451599121094 102.94446563720703 103.50077819824219 104.06472778320312 104.63825988769531 105.21733093261719 105.80206298828125 106.37406921386719 106.94670104980469 107.51519775390625 108.08173370361328 108.65837860107422
          109.23933410644531 109.80601501464844 110.37971496582031 110.92398071289062 111.44706726074219 111.95570373535156 112.44062042236328 112.90802764892578 113.3561019897461 113.78549194335938 114.19703674316406 114.58902740478516 114.9701919555664 115.33872985839844 115.6969985961914 116.04399108886719 116.37477111816406 116.70136260986328 117.01283264160156 117.3188247680664
          117.60521697998047 117.88069152832031 118.14130401611328 118.38932037353516 118.62581634521484 118.84828186035156 119.05975341796875 119.2630386352539 119.45001983642578 119.62640380859375 119.78507995605469 119.92910766601562 120.06029510498047 120.17849731445312 120.28341674804688 120.37711334228516 120.46052551269531 120.529296875 120.58558654785156 120.62954711914062
          120.66085815429688 120.68247985839844 120.6931381225586 102.35499572753906 102.31499481201172 102.23505401611328 102.11412048339844 101.94673919677734 101.70268249511719 101.50187683105469 101.30042266845703 101.08284759521484 100.8845443725586 100.65165710449219 100.37017822265625 100.0422134399414 99.7578125 99.40741729736328 99.11658477783203 99.34870147705078
          99.30064392089844 99.1526107788086 98.86640167236328 98.31436157226562 98.11998748779297 98.77120971679688 99.24591064453125 99.70171356201172 100.21302032470703 100.76275634765625 101.28021240234375 101.83177947998047 102.3824234008789 102.93704986572266 103.4914779663086 104.0557861328125 104.63172912597656 105.20911407470703 105.79956817626953 106.37472534179688
          106.9480209350586 107.51907348632812 108.09017181396484 108.66458892822266 109.24958801269531 109.82002258300781 110.38167572021484 110.92852783203125 111.4525375366211 111.96212768554688 112.44986724853516 112.91559600830078 113.36437225341797 113.7936782836914 114.2051010131836 114.59671020507812 114.97431182861328 115.34407806396484 115.70082092285156 116.04969024658203
          116.37741088867188 116.70401763916016 117.01747131347656 117.3192367553711 117.610107421875 117.88299560546875 118.14440155029297 118.39208984375 118.62842559814453 118.8508529663086 119.06362915039062 119.26583862304688 119.45343780517578 119.6298599243164 119.78701782226562 119.93233489990234 120.0634765625 120.18215942382812 120.2878189086914 120.38103485107422
          120.46443939208984 120.53351593017578 120.59017181396484 120.6346664428711 120.66612243652344 120.68771362304688 120.69844055175781 
        </DataArray>
        <DataArray type="Float64" Name="Drawdown" format="ascii">
          5.597445678710926 6.099353027343739 6.903541564941406 7.811972045898443 8.622698974609364 9.336744689941412 10.054856872558588 10.479301452636719 10.406828308105474 10.537643432617188 10.772074890136707 10.910359191894543 10.75238189697265 10.497357177734386 10.144216918945318 9.995127868652332 9.849685668945312 9.608317565917957 9.270275878906261 8.835049438476574 8.302088928222645
          7.471020507812511 6.540478515625011 5.911508178710932 5.684307861328122 5.960380554199219 6.642076110839838 7.333941650390614 7.833680725097651 8.140988159179699 8.35498657226563 8.475180053710943 8.60113372802735 8.733351135253912 8.672694396972645 8.815951538085926 9.164953613281256 9.721821594238293 10.090576171875 10.169599914550787 10.355688476562506
          10.549360656738287 10.751821899414068 10.962911987304693 10.784713745117188 10.612657165527338 10.547817993164074 10.691744995117176 10.748863220214844 10.817272949218761 10.797775268554688 10.789477539062503 10.792501831054693 10.507695007324216 10.22793884277344 9.75787963867188 9.388476562500003 8.925993347167974 8.667240905761716 8.418940734863284 8.082077026367188
          7.854826354980474 7.543139648437503 7.343743896484369 6.960316467285153 6.5898590087890625 6.0301055908203125 6.17117614746094 5.550531005859369 4.832563781738287 4.612452697753909 4.20443420410156 4.298773193359381 5.308218383789068 5.867849731445318 5.768641662597659 5.46981506347656 4.830934143066401 3.996830749511716 2.4573043823242244 1.218733215332037
          -0.016938781738275566 1.3104736328125028 1.8498443603515682 6.107676696777332 6.709553527832043 7.415168762207031 8.222882080078136 9.133578491210926 9.94781494140625 10.568093872070307 10.791760253906261 10.819248962402355 10.750392150878895 10.884915161132824 11.02307739257813 10.764993286132807 10.509564208984386 10.356919860839838 10.106518554687511 10.060305786132801
          9.718975830078136 9.380484008789068 9.04473876953125 8.411656188964855 7.6795654296875 6.947665405273426 6.718077087402349 6.59173126220702 6.868597412109381 7.452650451660162 8.043753051757818 8.443408203124989 8.750379943847662 8.864530944824224 8.984228515625006 9.109938049316412 9.341781616210938 9.381254577636724 9.425900268554699 9.675749206542974
          10.033654785156244 10.302066040039051 10.381661987304682 10.566178894042963 10.759439086914057 10.662899780273449 10.672761535644526 10.791099548339844 10.718692016601551 10.554295349121105 10.697863769531239 10.754615783691406 10.722911071777332 10.801795959472656 10.793955993652347 10.697270202636716 10.410823059082034 10.130029296874994 9.657589721679685 9.187332153320312
          8.722621154785159 8.26453247070313 7.914141845703128 7.574737548828125 7.4450225830078125 7.132672119140622 6.734062194824219 6.348513793945315 5.776980590820315 5.114640808105463 5.255017089843747 5.026826477050776 4.41253662109375 3.405792236328125 3.0916473388671903 3.1889312744140597 3.3092025756835994 4.256230163574216 4.661454772949213 4.204010009765625
          3.614994812011716 2.1075103759765597 0.37169189453125284 -0.022866821289056816 1.544630432128912 1.912933349609375 2.8953567504882756 6.628947448730457 7.232113647460949 7.937110900878906 8.745129394531261 9.456535339355469 10.171618652343739 10.692813110351551 10.816952514648449 10.944471740722662 10.975683593750006 10.910679626464855 10.948742675781261 10.790063476562494
          10.534260559082043 10.38097534179687 10.329246520996094 10.383499145507812 10.139880371093739 9.801083374023449 9.16527709960937 8.530790710449224 7.89739532470702 7.564968872070324 7.535296630859364 7.60961456298827 7.788304138183605 8.271960449218739 8.763223266601557 9.062863159179699 9.269804382324224 9.283863830566418 9.403111267089855 9.62848510742188
          9.761213684082037 9.900236511230474 9.94604949951173 10.097500610351574 10.35785522460938 10.5262435913086 10.602810668945324 10.686953735351551 10.87890167236327 10.781401062011724 10.790179443359364 10.607876586914074 10.63189849853515 10.76513671875 10.710498046874989 10.666288757324224 10.63286743164062 10.71075286865235 10.603385925292969 10.406028747558594
          10.11651458740235 9.634896850585932 9.156254577636716 8.682273864746094 8.31387023925781 7.854362487792969 7.502033996582028 7.061012268066406 6.828138732910162 6.511790466308597 6.110060119628912 5.621070861816406 5.044593811035156 4.678019714355472 4.029977416992182 3.6945465087890597 3.076739501953128 2.9601379394531193 2.4623046874999943 2.069232177734378
          2.187603759765622 2.046701049804682 2.6459976196289006 2.160391235351568 2.125993347167963 -0.008142089843744316 -0.0274505615234375 1.4918975830078125 2.2557525634765625 2.898937988281247 3.8130462646484347 7.263150024414074 7.965553283691406 8.770626831054699 9.479072570800781 9.891676330566412 10.509407043457031 11.030097961425781 11.054779052734375 11.182443237304682
          11.413693237304699 11.149169921875 10.987202453613293 10.927920532226551 10.571766662597668 10.417733764648432 10.165638732910168 10.517770385742182 10.3742660522461 9.833676147460949 9.49518432617188 9.05933227539063 8.52502899169923 8.39165649414062 8.362648010253906 8.338087463378912 8.317944335937511 8.801715087890614 9.292924499511713 9.592465209960949
          9.699505615234386 9.812649536132824 9.93237762451173 10.058712768554699 10.191571044921886 10.330929565429699 10.478733825683605 10.432336425781244 10.491867065429688 10.559065246582037 10.733732604980474 10.71734161376952 10.907580566406239 10.908096313476562 10.716142272949213 10.630551147460949 10.552978515625 10.783493041992188 10.827267456054699 10.582569885253918
          10.446928405761724 10.52322692871094 10.315348815917972 9.918350219726562 9.326432800292963 8.837040710449216 8.352577209472656 7.973309326171872 7.601716613769526 7.238241577148443 6.883067321777347 6.340504455566403 5.903953552246094 5.678846740722662 5.173187255859375 4.677316284179682 4.293095397949216 3.924560546875 3.573840332031253 2.745405578613287
          2.3196868896484375 1.9099441528320256 1.6137512207031222 0.83026123046875 1.2379669189453182 1.0926086425781278 1.0823303222656193 0.9740249633789091 -0.06060791015625 -0.024211120605471592 1.8701278686523466 2.254467773437497 3.000910949707034 3.694183349609375 4.532957458496099 7.809399414062511 8.611901855468744 9.517143249511719 10.12639770507812 10.541450500488281
          10.95929565429688 11.081253051757812 11.106254577636719 11.633575439453125 11.665725708007812 11.301049804687494 11.138601684570318 10.779342651367188 10.522105407714832 10.367271423339844 10.21362762451173 10.56487426757812 10.519775390625 10.076972961425781 9.837008666992176 9.400119018554676 9.16364135742188 9.528582763671864 9.500688171386713 9.37701263427735
          9.257510375976551 9.342936706542957 9.63434448242188 9.833709716796875 10.039704895019526 10.252612304687489 10.374858093261707 10.402238464355463 10.435935974121094 10.575828552246094 10.722335815429688 10.675961303710949 10.635339355468744 10.701278686523438 10.775137329101568 10.856533813476574 10.945750427246082 10.744458007812511 10.748193359374994 10.660664367675793
          10.680322265624994 10.610279846191418 10.550308227539062 10.59991912841798 10.661767578124994 10.837135314941406 9.933613586425778 9.131541442871097 8.630590820312506 7.937345886230474 7.545977783203128 7.162590026855469 6.786671447753903 6.419274902343744 5.861140441894534 5.409559631347662 4.868583679199219 4.636145019531256 4.122978210449219 3.621110534667963
          3.130908203125003 2.6564910888671847 2.3990188598632756 1.570347595214841 1.541691589355466 1.2406539916992188 0.6553253173828182 0.16541900634766193 0.2852020263671875 0.8061294555664062 0.8494277954101506 0.5192596435546903 -0.010026550292963066 1.257746887207034 2.259312438964841 2.963418579101557 3.681082153320318 4.513294982910153 5.1793212890625 8.368466186523449
          9.171495056152338 9.878193664550793 10.390232849121105 10.804911804199207 11.223298645019526 11.54517211914063 11.271279907226557 11.799478149414057 11.831567382812494 11.665998840332037 11.403237915039057 11.142681884765636 10.685276794433605 10.32855072021485 10.274739074707043 10.624917602539057 10.6781021118164 10.333102416992176 10.191543579101562 9.653776550292974
          9.515948486328114 9.9807144165039 9.953216552734375 9.929090881347662 10.108467102050781 10.194358825683594 10.38763580322265 10.4870620727539 10.593370056152338 10.806658935546864 10.728355407714844 10.855339050292969 10.98956298828125 10.931103515625011 10.877854919433588 10.830236816406256 10.888226318359386 10.953295898437489 10.926406860351562 10.906140136718761
          10.99254913330077 10.887670898437506 10.888896179199207 10.698689270019543 10.714891052246088 10.741079711914068 10.478437805175787 10.522914123535145 10.481214904785162 10.552783203125003 10.04108276367188 9.534188842773432 8.832017517089838 8.23227233886719 7.538554382324222 6.949436950683591 6.469482421875 5.896203613281244 5.427906799316403 4.869955444335943
          4.221609497070318 3.8835479736328153 3.164682006835932 2.552018737792963 2.0518905639648466 1.5701568603515597 1.1089385986328182 0.4752090454101534 0.3593399047851591 0.35829467773437784 -0.002055358886721592 -0.002764892578127842 -0.006390380859372158 -0.02508544921875 0.5366989135742131 0.7424468994140625 0.8906600952148409 1.9202987670898466 2.858468627929682 3.4488861083984403
          4.222984313964844 4.895335388183597 5.678321838378906 9.340068054199207 9.744645690917963 10.354144287109364 10.966015625000011 11.281869506835932 11.601339721679693 11.82421264648437 11.849816894531244 11.87982330322265 11.911889648437494 11.845977783203125 11.582308959960926 11.520280456542963 11.06176147460937 10.605416870117182 10.450773620605474 10.798419189453114
          10.850146484374989 10.50488739013673 10.361413574218744 10.019633483886707 10.080615234374989 10.447959899902344 10.318943786621105 10.195230102539057 10.27532348632812 10.261405944824219 10.752920532226568 11.05156860351562 11.357350158691418 11.570906066894537 11.592274475097668 11.620524597167957 11.456457519531256 11.198287963867188 11.143887329101574 11.095246887207026
          11.052542114257818 11.215620422363287 11.0876480102539 10.965290832519543 10.949075317382807 10.940039062500006 10.738845825195312 10.743099975585949 10.65673828125 10.578738403320301 10.509695434570318 10.549517822265614 10.701768493652338 10.56997985839844 10.248582458496088 9.736790466308591 9.227073669433594 8.721759033203128 8.321479797363281 7.729287719726557
          6.943290710449219 6.064579772949216 5.485090637207037 4.817633056640631 4.358422851562494 3.814654541015628 3.0847793579101506 2.4611450195312443 1.8501525878906193 1.3560363769531278 0.7852432250976591 0.14857635498046307 -0.004869079589838066 -0.005738830566400566 -0.008226013183588066 0.40313720703125 -0.010528564453125 0.020901489257809658 0.5234771728515568 0.7634826660156193
          1.193241882324216 2.120797729492182 3.292803955078128 3.834796142578128 4.751130676269526 5.258378601074213 5.958515930175778 10.127905273437506 10.534458923339855 10.844392395019526 11.257789611816406 11.574429321289074 11.794837951660156 11.9184585571289 12.044543457031239 12.074183654785145 11.906867980957031 11.74103240966798 11.775837707519543 11.912870788574224
          11.652780151367182 11.09539794921875 10.739816284179682 10.886477661132801 10.83654174804687 10.688757324218756 10.643421936035168 10.500993347167963 10.562150573730463 10.828152465820324 10.699723815917963 10.67474365234375 10.654928588867193 10.640476989746105 11.031282043457026 11.429724121093756 11.636360168457031 11.94927520751952 12.169956970214855 12.09893188476562
          12.033827209472662 11.676100158691412 11.421920776367188 11.271861267089832 11.227485656738281 11.189961242675793 11.15838775634765 11.13311614990235 11.014634704589838 10.901867675781261 10.795326232910156 10.795628356933605 10.704910278320312 10.621913146972645 10.447674560546886 10.580516052246082 10.926419067382824 10.789045715332037 10.460491943359372 9.939231872558594
          9.521008300781247 9.10833892822265 8.403581237792963 7.901470947265622 7.008142089843744 6.02016906738281 5.627168273925776 5.049060058593753 4.6782684326171875 4.221087646484378 3.5791351318359403 2.844796752929682 2.021284484863287 1.4090255737304744 0.9132080078125 0.339935302734375 0.08266906738280966 0.023503112792965908 -0.004031372070315342 -0.00020599365234375
          0.25532379150391193 0.7395797729492131 0.9906860351562443 0.9116867065429659 1.7794189453125 1.91461181640625 2.9047607421875057 3.7654449462890653 4.892781066894528 5.714738464355463 6.425427246093747 10.934480285644526 11.140209960937511 11.350250244140625 11.564303588867176 11.881538391113281 12.00267944335937 12.12664337158202 12.253498840332043 12.183642578124989
          12.11553344726562 11.949560546875006 11.885144042968761 11.822772216796864 11.561575317382818 11.201492309570312 10.943461608886707 10.988414001464832 11.036158752441395 10.886909484863281 10.84027709960938 10.796543884277355 10.956877136230474 11.122406005859375 10.992878723144543 10.967013549804676 11.145703125000011 11.230862426757824 11.522171020507812 11.821192932128895
          12.027691650390636 12.24109497070313 12.262623596191418 12.389317321777355 12.323945617675776 11.965592956542963 11.41155853271485 11.358546447753895 11.312957763671875 11.173983764648426 11.13958740234375 11.012026977539051 10.889799499511724 10.772233581542963 10.760305786132818 10.756297302246082 10.660627746582037 10.571847534179682 10.391062927246082 10.816740417480474
          10.859378051757801 10.612986755371097 10.373950195312503 9.942832946777344 9.515599060058591 8.9940185546875 8.478083801269534 7.769328308105472 6.66701965332031 5.864268493652347 5.362219238281256 4.969561767578128 4.587554931640625 3.9196243286132812 3.2604904174804688 2.6084823608398438 1.9664993286132812 1.4342361450195256 1.1079162597656307 0.8910491943359347
          0.7764556884765597 0.6580093383789034 0.5271499633789034 0.2583419799804716 0.4649902343749943 1.0224365234375057 2.043513488769534 1.9554046630859432 2.0203826904296847 2.243856811523443 3.427154541015625 4.588761901855463 5.142831420898432 6.170106506347651 6.982115173339849 11.556237792968744 11.662013244628895 11.772236633300793 12.08575592041015 12.403456115722662
          12.425253295898443 12.45013275146485 12.477934265136724 12.408139038085949 12.240609741210932 11.974583435058605 11.809709167480463 11.546459960937511 11.383348083496088 11.121556091308605 11.061251831054676 10.904884338378906 10.751370239257824 10.799649047851574 10.651826477050776 11.005812072753912 11.066366577148443 11.230827331542969 11.299423217773438 11.472123718261713
          11.650820922851551 11.735850524902332 12.0269760131836 12.226287841796875 12.33294677734375 12.545495605468744 12.566162109375 12.592939758300787 12.625325012207043 12.364920043945318 12.008413696289068 11.954783630371082 11.808523559570318 11.567741394042969 11.62994232177735 11.49926147460937 10.974996948242193 10.851167297363276 10.83386840820313 10.825045776367176
          10.624356079101574 10.528755187988281 10.739646911621094 10.86249389648438 10.597998046875006 10.440238952636719 10.091207885742193 9.549470520019526 9.011044311523435 8.57708129882812 8.149687194824224 7.330891418457028 6.316978454589844 5.701211547851557 5.091067504882815 4.586073303222662 4.188731384277347 3.6057403564453097 3.0285095214843807 2.3588623046875057
          2.190603637695318 1.8362152099609403 1.4857864379882812 1.3323822021484375 0.9784515380859347 0.8097579956054659 0.5275833129882841 0.9132049560546847 1.5823089599609403 1.543775939941412 2.049090576171878 2.4319442749023494 2.581648254394537 2.6048171997070284 3.3963394165039062 4.256733703613278 5.5092620849609375 6.440519714355474 7.254351806640628 12.493093872070318
          12.299662780761707 12.310229492187489 12.524702453613287 12.544424438476568 12.666000366210938 12.69091796875 12.619253540039068 12.449855041503895 12.1818832397461 12.014048767089832 11.747778320312506 11.482263183593744 11.218098449707043 10.954910278320312 10.892996215820318 10.933210754394537 10.777163696289051 10.724435424804682 10.674690246582031 11.128622436523443
          11.089001464843761 11.152996826171886 11.22125701904298 11.59313354492187 11.871228027343761 12.155113220214844 12.446299743652332 12.645352172851574 12.652018737792957 12.863743591308605 12.883547973632801 12.710249328613287 12.740711975097668 12.677560424804682 12.419879150390614 12.365425109863281 12.217501831054676 11.974682617187511 11.636303710937511 11.499679565429688
          11.168365478515625 11.039431762695301 11.315380859375011 11.202705383300781 10.995675659179682 10.893513488769543 10.898812866210932 10.814373779296886 10.539540100097653 10.171519470214847 9.612539672851568 9.354177856445318 8.904643249511722 8.459480285644531 7.820558166503901 7.085763549804682 6.653356933593756 6.129357910156244 5.410913085937494 4.694535827636713
          4.082888793945315 3.579969787597662 3.084359741210932 2.693869018554693 2.506277465820318 2.5230728149414006 2.2471542358398438 1.8676879882812472 1.3810501098632812 0.9756744384765597 0.6547882080078153 0.9076721191406278 1.5475097656249943 2.667816162109375 2.575801086425784 2.837536621093747 2.6786346435546875 2.9819976806640653 3.8827438354492188 4.155154418945315
          5.798359680175778 6.726771545410159 7.539299011230469 12.752090454101562 12.85626373291015 12.766563415527344 13.180021667480474 13.000209045410145 12.923318481445307 12.948289489746088 12.67694549560548 12.407112121582031 12.137789916992176 11.869070434570318 11.700053405761707 11.531997680664062 11.265673828124989 10.900860595703136 10.936619567871105 11.074789428710943
          11.215484619140625 11.061154174804699 11.209707641601568 11.264913940429693 11.124026489257801 11.286328125000011 11.254725646972645 11.427883911132824 11.805749511718744 12.19000854492188 12.581217956542957 12.780445861816418 12.885815429687511 12.997662353515636 13.015734863281239 12.939224243164062 12.868977355957043 12.605986022949224 12.346443176269531 12.191111755371082
          12.040991210937506 11.795333862304688 11.452201843261719 11.409954833984386 11.173193359375006 11.238552856445324 11.410969543457043 11.391458129882807 11.177554321289051 11.067762756347662 11.064837646484364 10.871296691894543 10.585072326660153 10.205004882812503 9.633520507812506 9.262768554687497 8.899111938476565 8.441436767578125 7.788278198242182 6.937919616699219
          6.688262939453125 6.745869445800778 5.722816467285156 4.991554260253906 4.265342712402344 3.744166564941409 3.527026367187503 3.4156997680664034 3.4068756103515625 3.3013320922851506 3.0971618652343693 2.7893295288085938 2.0762405395507812 1.345947265625 1.0928955078125 1.2185577392578182 2.2236053466796903 3.1251281738281307 3.318495178222662 2.8822296142578097
          2.809915161132807 2.1283538818359347 4.292066955566412 4.861128234863287 6.20035095214844 7.027275085449219 7.740580749511722 13.324972534179693 13.13213653564452 13.24164276123048 13.357893371582037 13.276791381835949 13.199069213867176 13.123765563964838 12.849873352050793 12.279551696777332 11.809184265136707 11.53821411132813 11.467259216308605 11.397265624999989
          11.228492736816406 11.060696411132824 11.194807434082037 11.232069396972662 11.471215820312494 11.513879394531244 11.4619140625 11.31500701904298 11.371205139160168 11.532553100585943 11.599539184570318 11.772262573242188 12.051249694824207 12.337011718750006 12.530311584472656 12.630180358886719 12.735343933105469 12.84619140625 12.862478637695318 12.982153320312506
          13.008755493164074 12.743215942382818 12.581208801269526 12.523611450195318 12.272598266601562 11.825285339355474 11.477552795410162 11.430979919433582 11.288984680175787 11.350308227539074 11.418193054199207 11.19269256591798 11.069496154785156 11.050915527343761 10.939369201660156 10.734399414062494 10.435754394531244 10.142320251464838 9.656507873535162 9.372412109375006
          8.99587707519531 8.225559997558591 7.555166625976568 7.087443542480472 6.724389648437494 6.666371154785153 5.924374389648435 5.081263732910159 4.438702392578122 4.098002624511722 4.259255981445307 4.327917480468756 4.200675964355469 3.875814819335943 3.6442626953125057 3.2111846923828153 2.5717361450195284 1.8157546997070284 1.7340011596679688 1.835981750488287
          2.6194229125976562 3.502833557128909 3.9755020141601562 3.6293411254882812 3.0582550048828097 3.5569793701171903 4.331190490722662 5.386335754394537 6.423506164550787 7.246768188476565 7.957685852050787 13.618949890136719 13.325854492187489 13.436734008789074 13.452801513671886 13.173072814941406 12.696685791015625 12.420123291015614 12.839936828613276 12.464579772949207
          12.090443420410168 11.717977905273443 11.44652709960937 11.275808715820318 11.105899047851551 11.037141418457026 11.070756530761713 11.205676269531239 11.343891906738293 11.484144592285162 11.727578735351557 11.7768569946289 11.732933044433594 11.992831420898426 12.059374999999989 12.132205200195301 12.311329650878918 12.497419738769537 12.69000244140625 12.689978027343756
          12.695324707031261 12.606469726562494 12.521597290039068 12.738975524902344 13.061305236816395 13.092141723632807 12.830607604980457 12.672041320800787 12.417961120605469 11.867108154296886 11.515003967285168 11.364768981933594 11.31750946044923 11.374270629882801 11.2369369506836 11.102281188964838 10.970989990234386 10.843818664550781 10.72130889892577 10.504048156738278
          10.2905258178711 9.985014343261724 9.683157348632818 9.385855102539068 8.895281982421878 8.208325195312497 7.522039794921881 7.137814331054685 6.859448242187497 6.290641784667969 5.626252746582026 5.2623748779296875 5.003044128417969 4.945170593261722 5.18820495605469 4.942187500000003 4.793843078613278 4.446299743652347 3.8958190917968807 3.436274719238284
          3.066850280761713 2.4883010864257784 2.2859786987304744 2.3665664672851534 2.7361221313476562 3.9939819335937443 4.5498504638671875 3.9950836181640597 3.710897827148443 4.202336120605466 5.076928710937494 5.830632019042966 6.761042785644534 7.577842712402344 8.094337463378906 13.530505371093739 13.236898803710943 13.049876403808582 12.965402221679682 12.782125854492193
          12.699246215820324 12.520242309570307 12.346029663085943 11.969841003417969 11.792393493652355 11.516380310058594 11.640473937988276 11.5672607421875 11.495634460449224 11.226998901367182 11.159347534179688 11.292321777343744 11.228813171386719 11.566494750976574 12.008135986328114 12.354759216308594 12.011338806152338 12.17095489501952 12.33588104248048 12.507131958007818
          12.685508728027344 12.771553039550781 12.864173889160156 12.862707519531256 12.766978454589832 12.77495727539062 12.688734436035162 12.706982421875011 13.028884887695312 13.158592224121094 12.994479370117176 12.83368530273438 12.476980590820318 12.119841003417974 11.76392211914063 11.509796142578125 11.358828735351551 11.310699462890625 11.16546173095702 10.923229980468761
          10.68298950195313 10.54547271728515 10.310656738281253 10.1800521850586 10.053552246093744 9.733537292480463 9.416543579101557 9.203143310546878 8.69708251953125 7.993264770507807 7.489385986328131 7.189665222167974 6.697756958007815 6.111662292480474 5.527909851074213 5.543188476562506 5.763746643066412 5.790965270996097 5.621205139160153 5.651055908203119
          5.384706115722651 4.916998291015631 4.344209289550776 3.7646987915039034 3.2740417480468693 3.0672637939453153 2.845310974121091 2.7090301513671875 3.161503601074216 4.501258850097656 4.844226074218753 4.475115966796878 4.082575988769534 4.766209411621091 5.83077697753906 6.5796661376953125 7.210542297363276 7.529066467285162 8.633224487304688 13.551292419433594
          13.257350158691395 13.068161010742188 12.882946777343761 12.699441528320307 12.617683410644531 12.43762664794923 12.159927368164062 11.781900024414057 11.703437805175781 11.62616577148438 11.353219604492182 11.379235839843744 11.306556701660156 11.134999084472668 10.765760803222662 11.194241333007824 11.425971984863281 11.663607788085926 11.906202697753912 12.352009582519543
          12.303973388671864 12.263276672363276 12.427798461914051 12.599201965332043 12.777021789550787 12.961433410644531 12.9537338256836 12.950703430175793 12.952212524414051 12.959207153320307 12.871557617187506 12.88788299560548 13.010350036621105 13.040293884277332 12.973793029785156 12.810641479492176 12.449969482421864 12.088793945312489 11.827366638183605 11.767167663574213
          11.313262939453125 10.760792541503918 10.705895996093744 10.454493713378895 10.403343200683594 10.1555191040039 9.90988464355469 9.665989685058591 9.723094177246097 9.487904357910153 9.155537414550778 9.025436401367188 8.502827453613278 7.781355285644537 7.459402465820318 7.24322509765625 6.834257507324224 6.231607055664057 5.928094482421869 6.323323059082028
          6.428713989257815 6.438140869140625 6.251771545410151 6.064463806152347 5.678765869140619 5.190901184082037 4.597825622558588 4.096151733398443 3.7843994140625057 3.4603866577148494 3.023266601562497 2.7707504272460994 3.503387451171875 4.727075195312494 5.153189086914068 4.8721160888671875 4.4750518798828125 5.344860839843747 6.302821350097659 7.044897460937506
          7.574629211425787 7.797059631347651 8.40469665527344 13.685156250000006 13.19207611083985 13.002185058593739 12.815650939941406 12.631626892089855 12.25110473632813 12.268469238281256 12.08745880126952 11.807211303710943 11.728466796875011 11.551721191406244 11.276425170898449 11.003303527832031 11.029029846191406 10.756182861328114 10.482496643066412 11.009062194824224
          11.438580322265636 11.5748275756836 11.915072631835926 12.360635375976557 12.41143951416015 12.666714477539074 12.831106567382818 12.803883361816418 12.981169128417974 12.966885375976574 12.957583618164051 12.953446960449213 13.053628540039057 13.059677124023438 12.97040252685548 13.084019470214855 13.50176391601562 13.233973693847645 12.967297363281261 12.800994873046875
          12.436225891113281 12.169808959960932 11.904254150390614 11.739843750000006 11.57622680664062 11.21477661132812 10.854585266113276 10.494302368164057 10.233210754394534 9.775704956054682 9.515917968750003 9.257954406738278 9.301234436035159 9.15020599365235 8.900871276855469 8.754176330566409 8.213577270507812 7.673138427734372 7.433920288085943 7.300111389160151
          6.972474670410151 6.650361633300776 6.826493835449213 7.108576965332034 6.996946716308599 6.888650512695307 6.782551574707028 6.380915832519534 5.877449035644531 5.468420410156256 4.95468444824219 4.533738708496088 4.202684020996088 3.862657165527338 3.4099502563476562 3.1432128906249943 3.9578826904296847 4.871392822265619 5.185185241699216 4.99365234375
          5.279277038574222 5.742677307128901 6.788705444335932 7.427165222167972 7.852716064453119 8.37176666259765 8.878549194335932 13.436323547363287 13.239039611816395 12.849537658691418 12.562812805175781 12.377644348144543 12.093894958496094 12.0120834350586 11.929974365234386 11.748460388183588 11.56927337646485 11.390605163574207 11.113211059570318 10.837144470214838
          10.662771606445318 10.2864990234375 10.209753417968756 10.835479736328125 11.661999511718761 11.895866394042969 12.136126708984364 12.28296356201173 12.532318115234375 12.888172912597668 12.953335571289074 12.92449493408202 13.100666809082043 13.183483886718761 13.17345733642577 13.168893432617182 13.070883178710943 13.075596618652355 13.084300231933582 13.09868774414062
          13.615875244140625 13.444049072265614 13.174305725097668 12.80676727294923 12.437100219726574 12.166311645507818 11.995088195800776 11.825520324707043 11.557081604003912 11.188063049316412 10.718746948242199 10.247058105468753 9.975041198730466 9.70172729492188 9.428924560546875 9.256587219238284 9.0874008178711 8.223310852050787 8.154032897949222 8.289149475097659
          7.7305145263671875 7.470681762695307 7.314373779296872 7.262536621093744 7.116200256347653 7.372724914550787 7.43526916503906 7.500788879394534 7.371305847167974 7.244149780273432 6.920487976074213 6.697947692871097 6.277192687988276 5.752127075195318 5.122033691406244 4.880900573730472 4.631657409667966 4.27377014160156 3.806330871582034 3.7220077514648438
          4.227941894531256 5.031365966796869 5.429556274414068 5.721734619140619 5.997593688964841 6.256011962890625 7.093632507324216 7.825218200683594 8.238562011718756 9.043971252441409 9.44903717041015 13.196035766601568 12.900666809082026 12.608204650878918 12.319717407226562 12.133679199218761 11.949044799804682 11.767187500000006 11.585742187499989 11.503396606445307
          11.222798156738293 11.141680908203114 10.862081909179693 10.68340606689452 10.305943298339855 10.226962280273426 10.348667907714855 10.674607849121088 11.601760864257812 11.934628295898449 12.272782897949213 12.616232299804693 12.8665786743164 13.124203491210949 13.188610839843761 13.15899200439452 13.334431457519543 13.516165161132818 13.406481933593739 13.40106353759765
          13.30133666992188 13.305088806152355 13.412625122070324 13.526020812988293 13.64783172607423 13.473197937011719 13.200028991699213 12.628866577148443 12.352958679199219 12.077592468261713 12.001394653320318 11.727272033691406 11.352180480957031 10.97442626953125 10.4946273803711 10.011997985839841 9.627659606933591 9.34100189208985 9.153527832031244 8.966786193847653
          8.781021118164062 8.59579772949219 8.313481140136716 7.734223937988276 7.354577636718744 7.376060485839844 7.402067565917974 7.332446289062503 7.366471862792963 7.803999328613287 8.04901123046875 7.800027465820307 7.55240173339844 7.306721496582028 7.16351318359375 6.822837829589844 6.581994628906244 6.041929626464849 5.691831970214849 5.532220458984369
          5.167543029785151 4.792169189453119 4.407662963867182 4.014878845214838 4.610192871093744 5.499044799804693 5.689979553222656 6.2647857666015625 6.627903747558591 6.976197814941401 7.511521911621088 8.53032836914062 8.439216613769531 8.843153381347662 9.3450912475586 12.864849853515636 12.66796264648437 12.375218200683605 12.086082458496094 11.899960327148449
          11.715783691406244 11.433773803710949 11.25139770507812 11.168708801269531 10.985638427734386 10.90325469970702 10.721321105957031 10.441790771484364 10.06287078857423 9.685835266113287 10.301780700683594 10.42644653320312 11.452989196777338 11.985375976562494 12.324476623535162 12.57000122070312 12.920370483398443 13.178010559082026 13.341571044921864 13.410861206054676
          13.586293029785168 13.669117736816418 13.75629119873048 13.75066680908202 13.650306701660156 13.65369262695313 13.662594604492199 13.577714538574213 13.497152709960943 13.219017028808594 12.841712951660156 12.462013244628906 12.182389831542963 12.002087402343761 11.723539733886724 11.442626953125 11.0599365234375 10.573744201660162 10.082234191894528 9.588099670410159
          9.289303588867185 9.088722229003906 8.7882095336914 8.586170959472653 8.483850097656244 8.28286437988281 8.182504272460932 7.884150695800784 7.487078857421878 7.391448974609375 7.399320983886724 7.311175537109378 7.525997924804685 8.045245361328128 8.272007751464841 8.104530334472656 7.838891601562494 7.475663757324213 7.412092590332037 7.152374267578125
          6.892198181152338 6.731365966796872 6.36678771972656 5.992512512207028 5.710035705566412 5.122660827636722 4.623468017578119 4.417050170898435 5.101828002929693 5.683218383789068 6.357421875 6.820059204101568 7.173464965820315 7.51666259765625 8.141709899902338 8.851551818847653 8.45855560302735 8.76047058105469 9.259394836425784 12.64038543701173
          12.344505310058594 12.150799560546886 11.960977172851557 11.576251220703114 11.392471313476562 11.010278320312494 10.827650451660162 10.644686889648426 10.460823059082031 10.377088928222662 10.292103576660168 10.110208129882807 9.630586242675776 9.15057525634765 9.37122039794923 10.28545684814452 11.114471435546875 11.549848937988287 11.989918518066418 12.434962463378895
          12.787651062011719 13.146092224121105 13.212490844726574 13.382292175292974 13.657495117187494 13.938458251953136 13.928630065917957 13.9230972290039 13.822180175781256 13.725596618652332 13.732019042968744 13.642988586425787 13.457719421386713 13.37176361083985 12.989492797851568 12.705406188964844 12.323143005371094 12.0396743774414 11.456808471679693 10.970021057128918
          10.180838012695318 9.685711669921872 9.481010437011719 9.172441101074213 8.86160583496094 8.647909545898443 8.4318862915039 8.214535522460935 8.096536254882807 7.978773498535162 7.562689208984381 7.345544433593744 7.528445434570315 7.416053771972656 7.306134033203122 7.39883117675781 7.894793701171878 8.196989440917974 8.30481567382813 8.217517089843753
          7.933094787597653 7.849275207519526 7.56912536621094 7.389509582519537 7.309275817871097 7.328294372558588 7.045848083496097 6.557672119140619 6.0623931884765625 5.658073425292969 4.947528076171878 4.732427978515631 5.505830383300776 6.274227905273435 7.034454345703125 7.486853027343756 7.829119873046878 8.557966613769537 8.974957275390622 9.08557739257813
          8.59198608398438 8.793183898925776 9.188751220703125 12.225671386718744 12.028128051757818 11.834849548339832 11.54639282226563 11.160720825195312 10.77819213867187 10.494976806640636 10.112478637695318 10.126791381835943 9.941722106933582 9.757392883300781 9.672560119628912 9.488101196289051 9.004000854492176 8.71802368164063 9.033450317382801 10.051776123046864
          10.97948608398437 11.216961669921886 11.560464477539057 12.109231567382807 12.46546020507813 12.82732696533202 13.09387817382813 13.366403198242182 13.645260620117199 13.830732727050787 13.919828796386724 13.815623474121082 13.81279907226562 13.812965393066406 13.718182373046886 13.6251235961914 13.533781433105474 13.3458267211914 13.057559204101551 12.769673156738293
          12.282687377929676 11.793595886230463 11.300041198730469 10.80371704101563 10.004234313964844 9.101593017578125 8.489147949218747 8.566670227050778 8.443147277832026 8.21651916503906 7.985931396484375 7.952162170410162 7.818568420410159 7.6842803955078125 7.449786376953128 6.815650939941406 7.280920410156256 7.250607299804685 7.222468566894534 7.396862792968747
          7.874812316894534 8.15851440429688 8.247023010253912 8.33899536132813 8.134980773925776 7.93221740722656 7.931269836425784 7.833160400390625 7.635882568359378 7.734927368164065 7.534498596191412 6.931323242187503 6.521052551269534 5.904273986816406 4.888304138183599 5.257823181152347 6.117805480957031 6.971287536621091 7.819467163085932 8.259925842285156
          8.689749145507818 9.304061889648438 9.417337036132807 9.42718658447265 8.838111877441406 9.036433410644534 9.130497741699216 11.715611267089855 11.717427062988293 11.623454284667957 11.13561553955077 10.749897766113293 10.26599578857423 9.88513793945313 9.402990722656256 9.31763153076173 9.526786804199219 9.33838348388673 9.052436828613281 8.86587219238281
          8.279421997070315 8.090843200683594 8.802622985839847 9.72296295166015 10.651451110839844 11.088247680664068 11.533245849609386 11.887826538085932 12.148937988281261 12.515046691894526 12.787533569335949 12.966543579101568 13.249337768554682 13.436747741699207 13.725698852539068 13.819746398925787 13.62053833007812 13.619667053222656 13.62024536132813 13.622814941406261
          13.528298950195307 13.335400390625011 13.042936706542974 12.650625610351568 12.156056213378918 11.658229064941395 11.057052612304688 10.451824951171872 9.641691589355474 8.823333740234375 8.496659851074213 8.168826293945315 7.5371246337890625 7.197259521484369 7.350466918945315 7.601324462890631 7.551861572265622 7.400689697265619 6.947778320312494 7.094508361816409
          7.044175720214838 7.095414733886713 7.149057006835932 7.405308532714841 7.965077209472653 8.130178833007818 8.298774719238281 8.271284484863287 8.146968078613284 7.925115966796881 8.003897094726568 8.085722351074224 8.169210815429693 7.953889465332026 7.73544006347656 7.414091491699224 6.789859008789065 5.765420532226557 5.435443115234378 5.991801452636722
          6.738630676269537 7.681027221679685 8.415962219238281 8.942230224609375 9.456855773925781 9.466285705566406 9.574838256835932 9.58068237304687 9.485740661621094 9.386946105957037 9.084008789062494 11.707046508789062 11.412455749511707 11.418841552734364 10.92937774658202 10.344346618652338 9.860665893554682 9.377816772460932 8.892648315429682 8.706503295898443
          8.619175720214841 8.924394226074213 8.732748413085943 8.145520019531247 7.555178833007815 7.563700866699222 8.57553405761719 9.595477294921864 10.625827026367176 10.967170715332031 11.416029357910162 11.773226928710926 12.037756347656256 12.408335876464832 12.586598205566418 12.670384216308605 12.858290100097662 13.049362182617188 13.244676208496088 13.243423461914062
          13.141377258300793 13.238842773437511 13.337872314453136 13.339068603515614 13.340013122558588 13.24176635742188 12.944015502929688 12.544525146484375 12.042631530761724 11.437205505371082 10.925691223144526 10.110804748535159 9.189585876464847 8.45855560302735 7.823771667480472 7.482228088378903 7.134497070312506 6.881234741210932 6.823944091796875 6.961778259277338
          6.59830017089844 6.528817749023432 6.855268859863287 6.586251831054682 6.916197204589849 6.949819946289068 7.0861358642578125 7.424298095703122 7.86600036621094 8.111830139160162 8.161283874511724 8.114064025878903 8.06949157714844 8.02764282226562 7.987876892089844 8.150117492675776 8.314555358886722 8.380541992187503 8.046665954589841 7.509364318847659
          6.771452331542974 5.838240051269537 6.191058349609378 6.734927368164065 7.371395874023435 8.398663330078122 9.120376586914062 9.631668090820312 9.739266967773432 9.543852233886724 9.7440200805664 9.744668579101557 9.744485473632807 9.742692565917963 9.24358520507812 11.312344360351574 11.1153579711914 10.923086547851568 10.531898498535156 9.9447006225586
          9.260791015625003 8.576469421386719 8.287768554687503 7.999174499511724 7.709428405761713 7.916516113281247 8.02033081054688 7.326411437988284 6.731355285644526 7.1372833251953125 8.251550292968744 9.474011230468747 10.707740783691406 10.953105163574207 11.40593872070312 11.767118835449224 11.93670654296875 12.212626647949207 12.394573974609386 12.580847167968756
          12.673048400878912 12.867538452148438 12.966293334960938 12.867214965820324 12.865695190429676 12.8658462524414 12.866622924804688 12.866377258300787 12.865887451171886 12.665695190429688 12.461215209960926 12.253401184082037 11.744099426269543 11.129785156249994 10.410214233398435 9.58331146240235 8.944873046875003 8.301589965820312 7.554667663574222 7.001962280273432
          6.545449829101557 6.082177734374994 6.110238647460932 6.33260803222656 6.150201416015619 5.964071655273443 6.673646545410151 6.784915161132815 6.899372863769528 6.715776062011713 7.033728027343756 7.553732299804693 7.777268981933588 7.903971862792972 8.033871459960935 8.067051696777341 7.903451538085932 7.941918945312494 7.982629394531244 8.225559997558591
          8.470436096191406 8.617570495605463 8.366780090332028 7.417530822753903 6.568464660644537 6.612806701660162 7.151190185546881 7.783599853515625 8.309379577636719 9.027140808105472 9.831573486328125 9.934732055664057 9.935128784179682 9.733450317382818 9.7287582397461 9.724806213378912 9.72003784179688 9.616452026367185 9.3134765625 10.821197509765625
          10.624409484863293 10.430497741699213 10.13739471435548 9.448930358886713 8.759939575195318 7.972200012207026 7.08597106933594 6.992234802246088 6.996751403808588 7.102259826660159 6.805784606933599 6.206600952148435 6.303610229492193 7.307928466796881 8.425926208496094 9.457099914550781 10.4003890991211 10.948110961914068 11.306132507324207 11.671592712402344
          11.944094848632801 12.223951721191412 12.311689758300787 12.404348754882818 12.499914550781256 12.598677062988287 12.69885864257813 12.60064239501952 12.501823425292969 12.600502014160156 12.500805664062511 12.498629760742176 12.396743774414062 12.19213409423827 11.984304809570318 11.574369812011724 11.157301330566412 10.435266113281244 9.80444946289063 9.163043212890628
          8.613633728027338 8.058067321777344 7.397572326660153 6.733079528808588 5.964611816406247 5.487248229980466 5.303865051269526 5.512577819824216 5.413981628417972 6.007786560058591 6.901492309570315 7.197296142578125 7.094129943847662 6.990681457519528 7.091833496093756 7.393946838378909 7.698524475097656 7.806108093261713 7.916743469238284 7.930598449707034
          7.947436523437503 7.966990661621097 7.889413452148432 8.2130111694336 8.340003967285156 8.469125366210932 8.200817871093747 7.337164306640631 7.169306945800784 7.29732971191406 7.920301818847662 8.541114807128906 9.153962707519526 10.055915832519531 10.154672241210932 10.150308227539057 10.045242309570312 9.74093933105469 9.534461975097656 9.525802612304688
          9.41815795898438 9.311177062988278 8.809765624999997 10.431927490234386 10.135261535644531 9.842463684082034 9.449589538574216 8.855242919921878 8.26104888916015 7.36874694824219 6.574964904785162 6.183418273925781 5.889956665039065 5.989888000488278 5.983738708496091 6.273027038574213 6.870219421386722 7.883647155761722 9.106466674804693 9.746047973632812
          10.098248291015622 10.85174560546875 11.31378021240235 11.684458923339832 11.863278198242199 12.147964477539062 12.239959716796875 12.138661193847668 12.138858032226551 12.239894104003895 12.342547607421864 12.245834350585938 12.246534729003912 12.147898864746082 12.14452514648437 12.239328002929682 12.133993530273443 11.92523345947265 11.613612365722659 11.09771118164062
          10.377049255371091 9.647933959960938 9.007023620605466 8.454981994628909 7.99454040527344 7.527598571777347 6.953797912597651 6.3759002685546875 5.691029357910153 5.100688171386722 4.704457092285153 4.799833679199224 4.985765075683588 5.965745544433588 6.745359802246099 7.02438659667969 7.301506042480469 7.679006958007818 7.260871887207031 7.74371337890625
          7.729644775390625 7.618231201171881 7.7097015380859375 7.904277038574222 7.902102661132815 7.902896118164065 8.006596374511716 8.013226318359372 8.221855163574219 8.332688903808588 7.849015808105463 7.666357421875006 7.582104492187497 7.695478820800787 8.204389953613287 9.208578491210943 9.907174682617182 10.399751281738276 10.39203033447265 10.1821273803711
          9.973231506347659 9.764114379882812 9.554035949707028 9.344499206542963 9.13538208007813 8.730758666992188 8.32854614257812 10.046708679199213 9.749424743652341 9.254765319824216 8.957427978515625 8.26119689941406 7.763920593261716 6.468536376953125 6.266033935546872 5.868269348144537 5.072648620605463 5.268666076660153 6.155726623535159 6.848722839355474
          7.456298828125 8.275509643554685 9.20755310058594 9.849446105957028 10.201684570312494 10.863208007812489 11.331857299804682 11.608792114257824 11.891159057617188 12.081689453124994 12.078651428222656 11.979649353027355 11.88347778320312 11.987763977050776 11.994575500488281 11.900166320800793 11.803720092773432 11.802207946777344 11.897697448730469 11.893087768554693
          11.68566284179687 11.571134948730474 11.153547668457037 10.729025268554693 9.900245666503906 9.061723327636713 8.31179504394531 7.750804138183597 7.380993652343747 6.804949951171878 6.321604919433597 5.730302429199213 5.131217956542969 4.6262359619140625 3.916699218749997 3.9978927612304744 4.967710876464849 5.934652709960943 6.500030517578125 6.762203979492185
          7.122401428222659 7.481790161132807 7.8411102294921875 7.904878234863276 7.7710723876953125 7.640058898925787 7.512463378906247 7.6881866455078125 7.866969299316409 7.849284362792972 7.93478088378906 8.123291015625 8.2142349243164 7.909825134277341 7.80917663574219 7.809527587890628 7.808863830566409 8.105865478515625 8.601264953613281 9.590278625488281
          10.273356628417972 10.360478210449216 10.346569824218747 10.131440734863276 9.91785278320313 9.704203796386722 9.392324829101568 9.179652404785159 8.771115112304685 8.465408325195312 8.062631225585932 9.466876220703128 9.167517089843756 8.668447875976568 8.468249511718753 7.867707824707026 6.769889831542969 6.263252258300781 5.96103210449219 5.360848999023432
          4.557781982421872 4.950747680664065 6.143331909179693 6.745330810546875 7.754814147949219 8.677343750000006 9.315231323242188 9.961961364746088 10.219624328613278 10.88556518554688 11.161584472656244 11.443280029296886 11.731498718261719 11.925851440429682 12.024995422363276 11.830380249023449 11.73675689697265 11.745414733886719 11.655445861816403 11.4642333984375
          11.269458007812503 11.368022155761722 11.463999938964847 11.457307434082026 11.146868896484378 11.028205871582031 10.802180480957034 10.171607971191406 9.43271179199219 8.582814025878903 7.822227478027344 7.351783752441406 6.973023986816401 6.3878326416015625 5.892799377441406 5.289305114746099 4.678273010253903 3.9611526489257756 3.436318969726557 3.902726745605463
          4.763023376464844 5.815415954589838 6.065977478027349 6.311595153808597 6.753169250488284 7.293408203124997 7.534722900390619 7.777548217773443 7.922929382324213 7.971675109863284 7.924205017089847 7.581678771972662 7.542356872558599 7.706185913085932 7.873303222656247 8.143601989746088 7.918547058105474 7.798054504394528 8.07879791259765 8.261433410644528
          8.245480346679685 8.329786682128912 9.010644531249994 9.884712219238281 10.061610412597659 10.23797454833985 10.315742492675781 10.096737670898435 9.877969360351557 9.561604309082028 9.345178222656244 8.930117797851565 8.521961975097653 8.214736938476562 7.811555480957026 8.885273742675778 8.584495544433594 8.182710266113276 7.682824707031244 7.0793609619140625
          6.372906494140622 6.065681457519531 5.959555053710943 4.956709289550787 4.148255920410151 4.938215637207037 5.935095214843756 6.841137695312497 7.860180664062497 8.69072875976562 9.431805419921872 9.78661499023437 10.048161315917966 10.817291259765625 10.998086547851557 11.284954833984372 11.380291748046872 11.579267883300787 11.683508300781256 11.591143798828128
          11.501106262207031 11.512564086914068 11.424372863769534 11.234609985351568 11.04120025634765 11.042625427246094 11.13818359375 10.93075866699219 10.615948486328122 10.394287109375 10.163096618652347 9.723574829101565 8.973989868164068 8.113807678222656 7.443226623535153 6.865412902832034 6.380458068847659 5.982106018066403 5.376063537597659 4.859721374511722
          4.235177612304682 3.703691101074213 3.7623092651367216 3.52386474609375 4.569329833984369 5.308554077148443 5.640858459472653 5.968142700195315 6.392359924316409 6.91347961425781 7.33541564941406 7.558885192871088 7.685009765624997 8.013514709472659 8.14556732177735 7.385150146484378 7.6269683837890625 7.772151184082034 7.721972656250003 7.974708557128906
          7.932121276855469 8.292471313476568 8.356956481933594 8.424295043945307 8.394937133789057 8.665945434570318 9.431109619140628 9.796578979492182 10.161483764648438 10.230302429199213 10.202554321289057 10.077186584472656 9.75485534667969 9.533271789550781 9.212657165527347 8.400488281250006 8.28823547363281 7.879690551757818 7.573541259765619 8.304304504394537
          8.101832580566409 7.698925781249997 7.294485473632818 6.787931823730474 6.280294799804693 5.676518249511716 4.774595642089849 3.962419128417963 3.943917846679682 4.632366943359372 7.419984436035151 7.142864990234372 8.168896484374997 8.906684875488281 9.357038879394537 9.912268066406256 10.079696655273438 10.755937194824213 10.940928649902347 11.133175659179685
          11.231610107421872 11.435316467285162 11.445721435546872 11.259529113769531 11.173901367187497 10.991348266601562 11.005834960937506 10.918902587890628 10.629338073730466 10.532266235351557 10.625802612304682 10.611274719238281 10.291642761230463 9.868623352050776 9.53317565917969 9.085643005371097 8.524751281738276 7.75411682128906 7.075265502929682 6.489234924316406
          5.894438171386724 5.388365173339849 4.9693450927734375 4.4415283203125 3.805593872070318 3.6591079711914034 3.411180114746088 3.156782531738287 4.187294006347656 4.908879089355466 5.124436950683588 5.632792663574222 6.138012695312497 6.641111755371099 6.943501281738278 7.148683166503901 7.653704833984378 7.86346435546875 7.677748107910162 7.197532653808594
          7.220956420898432 7.448370361328131 7.978752136230469 8.213452148437497 8.054003906250003 8.197920227050787 8.34618530273437 8.39914245605469 8.655052185058594 9.308901977539065 9.662911987304682 10.017303466796875 10.075883483886713 10.137316894531253 10.202076721191403 10.07089538574219 9.842681884765625 9.517321777343753 8.699613952636724 8.283615112304688
          7.969966125488284 7.559948730468747 6.952388000488284 7.625631713867193 7.523022460937497 7.119787597656256 6.7147216796875 6.406794738769534 5.699638366699219 5.089765930175787 4.1771087646484375 3.5606140136718807 3.939823913574216 5.920704650878903 8.628913879394531 7.656867980957031 8.688156127929688 9.232192993164062 9.38836059570312 9.850883483886719
          10.121394348144534 10.603715515136713 10.792887878417972 10.988896179199216 11.091503906249997 11.200680541992185 11.115586853027338 10.932858276367185 10.851327514648432 10.771414184570318 10.594384765624994 10.313929748535159 10.028622436523435 9.7349838256836 9.825613403320318 10.0059814453125 9.684281921386713 9.35061950683594 9.007283020019528 8.45376892089844
          7.886338806152338 7.306358337402344 6.718305969238287 6.023822021484378 5.319755554199219 4.8040008544921875 4.475573730468753 4.035511779785153 3.6843109130859375 3.4290435791015597 2.9691528320312557 2.8000076293945284 3.6172897338867216 4.319671630859375 4.814103698730463 5.403309631347653 5.790402221679685 6.076724243164065 6.559323120117185 6.942478942871091
          7.328648376464841 6.821943664550787 6.619274902343747 6.818437194824213 7.022985839843756 7.331845092773435 7.943962097167969 8.55917663574219 8.482112121582034 8.311257934570307 8.345118713378909 8.582359313964844 9.121842956542963 9.562608337402338 9.805570983886724 9.951821899414057 10.101498413085935 10.15497436523438 10.212249755859375 10.076406860351568
          9.74443969726562 9.119163513183594 8.598312377929688 8.081169128417969 7.666123962402338 7.155511474609369 6.448774719238287 7.146432495117182 7.045127868652344 6.543083190917969 6.137910461425776 5.73007507324219 5.117807006835932 4.404455566406256 3.587388610839838 3.8606628417968807 5.4379119873046875 7.9342193603515625 8.266583251953122 8.286747741699216
          8.627107238769526 9.272166442871097 9.627021789550781 9.895564270019534 10.07265930175781 10.458139038085932 10.651248168945315 10.752429199218753 10.858966064453128 10.971423339843753 10.8892822265625 10.61138305664062 10.53467407226563 10.361474609374994 10.089747619628909 9.617265319824213 9.23369750976562 8.838876342773432 9.02713317871094 9.404739379882812
          9.078195190429682 8.740336608886722 8.489889526367193 7.928654479980466 7.453663635253903 6.86734313964844 6.470494079589841 5.765596008300776 4.853068542480472 4.229096984863276 3.894329833984372 3.7435028076171903 4.074777221679682 3.4093017578125 2.7363037109375057 2.354570007324213 3.1536636352539062 4.0355072021484375 4.610331726074222 5.081028747558591
          5.448414611816403 5.714739990234378 6.278074645996099 6.642637634277349 6.710488891601557 5.988487243652344 6.165715026855466 6.446536254882815 6.830676269531253 7.121469116210932 7.815069580078131 8.313613891601562 8.618566894531256 8.631095886230469 8.748805236816409 8.673709106445315 9.19936828613281 9.626988220214841 9.760643005371094 9.898135375976565
          10.0391830444336 9.98675384521485 9.840153503417966 9.896833801269537 9.461013793945312 8.933364868164062 8.410369873046875 7.990686035156244 7.375465393066406 6.764349365234381 5.960145568847651 6.671978759765622 6.372657775878906 5.968087768554682 5.561396789550784 5.051989746093753 4.636494445800778 3.8202972412109375 3.497096252441409 4.376092529296869
          5.375733947753901 6.692236328125006 8.304893493652344 8.331489562988281 8.86810302734375 9.318380737304693 9.777790832519528 9.94971313476563 9.93166809082031 10.317353820800776 10.515559387207034 10.52093658447265 10.631455993652338 10.648651123046875 10.569401550292966 10.393600463867188 10.222033691406253 10.053564453125006 9.587460327148435 9.113894653320315
          8.534103393554688 8.040419006347662 8.3293472290039 8.807029724121094 8.675656127929685 8.235516357421872 7.981536865234375 7.414533996582037 6.933378601074224 6.54010009765625 6.03704833984375 5.421743774414068 4.696421813964847 4.063745117187494 3.4238357543945312 3.3665924072265625 3.495967102050784 3.1108078002929744 2.3202850341796903 1.7221786499023466
          2.8978500366210938 3.859750366210932 4.413853454589841 4.763951110839841 5.012034606933597 5.555265808105474 5.899954223632818 5.947305297851557 5.304902648925776 5.659005737304682 6.116275024414065 6.478648376464847 6.944599914550778 7.714617919921878 8.090159606933597 8.372705078124994 8.859729003906253 8.856213378906247 8.66214294433594 8.773268127441412
          9.186361694335943 9.305322265624994 9.628059387207031 9.854901123046872 9.888327026367193 9.928657531738281 9.8758544921875 9.7277816772461 9.091313171386716 8.759468078613281 8.33282623291015 7.811822509765619 7.096495056152349 6.485615539550778 5.682136535644531 6.1992645263671875 5.798043823242182 5.393229675292972 4.886454772949222 4.37564392089844
          4.059225463867193 3.439038085937497 3.9113357543945284 4.997969055175787 5.899906921386716 6.917614746093747 7.749291992187494 8.377864074707034 8.820176696777338 9.570553588867185 9.441072082519526 9.813017272949224 9.894400024414068 10.283061218261722 10.385539245605472 10.393907165527338 10.40899658203125 10.328526306152341 10.352618408203128 10.279586791992188
          10.014230346679682 9.749324035644534 9.28326568603515 8.713110351562506 8.03534088134765 7.445204162597662 7.539801025390631 8.117994689941412 8.085682678222653 7.740988159179693 7.284948730468756 6.811628723144537 6.425529479980469 6.124873352050784 5.613429260253909 5.089717102050784 4.356651306152344 3.517291259765628 2.766571044921875 2.502934265136716
          2.324732971191409 2.028167724609375 1.5192810058593693 1.397508239746088 2.9486053466796847 3.592782592773432 4.124920654296872 4.452458190917966 4.776547241210935 5.099736022949216 5.1258087158203125 4.75973205566406 4.994021606445315 5.531355285644537 6.170634460449222 6.714712524414068 7.662040710449219 8.511917114257812 8.967431640624994 9.031559753417966
          8.706758117675776 8.392507934570318 8.584010314941409 8.781349182128906 9.083357238769537 9.291392517089847 9.604165649414057 9.623400878906253 9.549769592285159 9.583905029296872 9.624418640136724 9.075918579101568 8.833575439453128 8.497602844238287 7.968595886230474 7.445509338378912 6.728717041015628 6.02044677734375 5.31625061035156 5.628388977050776
          5.32430725097656 4.918409729003912 4.311100769042966 3.701502990722659 3.287335205078122 3.3616012573242244 4.338613891601568 5.331495666503912 6.236393737792966 7.157275390625003 7.888769531250006 8.427717590332037 8.974386596679693 9.235559082031244 9.994915771484372 9.779937744140625 9.864692687988281 10.356436157226568 10.361134338378903 10.272470092773432
          10.290000915527344 10.213963317871091 10.240840148925784 10.07477416992188 9.811088562011719 9.548074340820307 9.08441162109375 8.516186523437497 7.643025207519528 6.759388732910153 6.5589141845703125 7.236917114257807 7.303498840332026 6.956591796875003 6.496783447265628 6.217718505859381 5.82574462890625 5.520388793945315 5.101071166992185 4.470851135253909
          3.8280654907226506 2.8771774291992216 2.2136245727539006 1.8388183593749972 1.648127746582034 1.2428573608398494 0.8225875854492131 1.379338073730466 2.7126663208007784 3.332376098632807 3.743029785156253 4.145039367675778 4.544912719726568 4.745762634277341 4.553234863281247 4.56597900390625 4.983399963378901 5.604254150390631 6.326344299316403 7.151371765136716
          8.0799545288086 8.911543273925787 9.348899841308594 9.297837829589838 9.158189392089838 8.930183410644531 9.008326721191409 8.895503234863284 9.087226867675781 9.18625183105469 9.588481140136722 9.500758361816409 9.123274230957037 9.151458740234375 8.989347839355474 8.735224914550784 8.487678527832031 8.048677062988276 7.517045593261713 6.792105102539068
          6.077754211425784 5.469651794433588 4.567774963378909 5.058291625976565 4.8533935546875 4.446527099609369 3.8377227783203125 3.2259506225585994 2.612927246093747 3.2903900146484375 4.673033142089849 5.471644592285159 6.578991699218747 7.404244995117182 7.940721130371088 8.385475158691406 8.93756103515625 9.695475769042972 9.676774597167963 9.755410766601557
          9.7442626953125 10.336540222167969 10.443832397460938 10.358197021484372 10.279077148437494 10.107373046874997 10.137126159667972 10.071563720703125 9.811669921874994 9.453713989257807 8.894216918945318 8.229035949707026 7.356042480468744 6.176823425292966 5.679240417480472 6.063179016113281 6.524992370605474 6.177803039550781 5.811250305175776 5.628080749511724
          5.330659484863276 4.921267700195315 4.496655273437497 3.957592773437497 3.404949951171872 2.640390014648432 1.8672164916992244 1.3838272094726562 1.1820892333984432 0.7636352539062443 0.42822113037109943 0.4800201416015568 2.3850128173828153 2.9792556762695312 3.463130187988284 3.939627075195318 4.31610107421875 4.595939636230469 4.878776550292969 4.970539855957028
          5.071847534179682 5.578419494628903 6.680314636230463 7.686878967285153 8.496830749511716 8.912947082519537 9.2351058959961 9.268159484863276 8.916891479492193 8.97435913085937 9.040547180175778 9.214196777343744 9.295880126953122 9.384735107421875 9.381562805175776 9.386920166015628 9.103004455566406 8.828251647949216 8.861471557617193 8.602839660644534
          8.05331726074219 7.611126708984372 6.877679443359369 6.054737854003903 5.440188598632815 4.832627868652338 4.429347229003909 4.291093444824213 4.185401916503906 3.778642272949213 3.1681976318359375 2.8520004272460966 2.237565612792963 3.1221542358398438 4.712670898437494 5.515638732910162 6.630043029785156 7.359797668457034 7.89956970214844 8.447764587402347
          8.907113647460932 9.278700256347662 9.455039978027344 9.6376968383789 9.628746032714844 10.127767944335943 10.335891723632812 10.354154968261724 10.27731628417969 10.107458496093756 10.140644836425778 10.079507446289057 9.724755859374994 9.269805908203125 8.611994934082034 7.847950744628903 6.777047729492182 5.792015075683594 4.995957946777338 4.984580993652344
          5.550682067871094 5.498625183105474 5.230256652832026 5.1446533203125 4.844172668457034 4.429600524902341 3.999800109863287 3.454824829101568 3.092240905761713 2.319876098632818 1.833343505859375 1.23944091796875 0.8304168701171903 0.5987182617187443 0.34566497802734375 0.169708251953125 1.068040466308588 2.230682373046875 2.986572265625 3.932788085937503
          4.385710144042974 4.745231628417969 5.209239196777347 5.579968261718747 5.858624267578122 6.047389221191409 7.031416320800787 7.721394348144528 8.316720581054682 8.817379760742185 9.22357788085938 9.143531799316406 8.879110717773443 9.022883605957034 9.076734924316412 9.13995513916015 9.3107894897461 9.291511535644531 9.18231201171875 9.1813980102539
          8.892195129394537 8.514436340332026 8.840400695800781 8.577442932128903 8.123808288574224 7.281915283203119 6.451420593261716 5.528341674804693 5.111412048339844 4.901547241210935 4.59765625 3.5225372314453125 3.5170440673828125 3.108232116699213 2.595658874511713 2.3801330566406307 2.162768554687503 3.1517440795898466 4.651431274414065 5.659167480468753
          6.680590820312503 7.415907287597662 7.862362670898435 8.416889953613278 8.880145263671878 9.351815795898432 9.4350601196289 9.424705505371094 9.813725280761716 10.119873046875 10.235824584960938 10.2575668334961 10.18539733886719 10.018545532226568 9.956988525390628 9.997666931152338 9.64471588134765 9.091322326660162 8.432328796386713 7.567811584472651
          6.396420288085935 5.311868286132807 4.513385009765628 4.104563903808597 4.575868225097651 4.726786804199222 4.459890747070318 4.473043823242193 4.467352294921881 3.949812316894537 3.5154876708984375 3.2599685668945284 2.7929748535156307 2.211531066894537 1.7199630737304688 1.2159744262695256 0.8957046508789119 0.36042022705078125 -0.0004913330078153422 0.07032165527343182
          0.7310562133789062 2.0698867797851506 3.3936492919921903 4.021089172363276 4.452877807617185 4.791990661621099 5.039221191406256 5.193913269042966 5.455509948730466 6.415382385253906 7.081266784667974 7.554544067382807 7.936274719238284 8.522789001464844 9.014903259277347 9.022573852539068 9.043016052246088 9.074688720703122 9.117111206054688 9.169688415527347
          9.2319320678711 9.303926086425776 9.286875915527347 9.181094360351565 8.986558532714838 9.000659179687503 8.923167419433597 8.656280517578125 7.80319519042969 6.959692382812506 7.0239410400390625 6.001441955566406 5.286495971679685 5.076104736328119 5.069177246093744 2.649548339843747 2.6452301025390597 2.5345184326171903 2.022845458984378 1.9076782226562443
          2.2897796630859375 3.481890869140628 4.988177490234378 5.904695129394526 6.932382202148432 7.575953674316409 7.829809570312506 8.192027282714847 8.759707641601565 9.336306762695315 9.324563598632807 9.41472778320312 9.910919189453125 10.319271850585935 10.342272949218753 10.267662048339844 10.198185729980466 10.132608032226557 9.97543029785156 9.8243408203125
          9.473495483398438 8.919346618652341 8.1601547241211 7.292196655273443 6.315037536621091 5.130645751953125 4.134405517578131 3.7263549804687557 3.705906677246091 3.8615707397460994 3.7949111938476534 3.908468627929693 4.003547668457031 3.680720520019534 3.142359924316409 2.8840789794921875 2.607701110839841 2.1202682495117244 1.5249542236328182 1.115953063964838
          0.7924331665039119 0.15463867187500568 -0.0036102294921818157 0.6752075195312557 1.5807739257812443 2.1986541748046875 3.3044723510742244 4.006651306152349 4.315132141113281 4.236209106445315 4.068760681152341 4.505607604980469 5.7369384765625 6.281231689453122 6.929225158691409 7.486610412597656 7.853257751464838 8.326718139648435 8.905068969726557 8.70318756103515
          9.009568786621088 9.029858398437497 9.1610122680664 9.302503967285162 9.355073547363276 9.220857238769526 9.098725891113276 9.285086059570318 9.282608032226562 9.290002441406244 9.009184265136724 8.44256439208985 7.986053466796875 7.340383911132818 6.504731750488276 6.278616333007818 6.059924316406253 6.047114562988284 5.541926574707034 2.0682662963867244
          2.0660995483398494 1.9596221923828097 1.5493148803710994 1.63543701171875 2.818408203125003 3.918736267089841 5.035314941406256 6.058096313476568 6.895228576660159 7.444316101074222 7.701551818847662 8.16714172363281 8.742314147949216 9.12871704101562 9.12091064453125 9.612165832519537 10.018603515625003 10.237255859374997 10.261317443847659 10.288499450683588
          10.22192993164063 10.159899902343753 10.20110473632812 9.8549819946289 9.210003662109372 8.65477905273437 7.991566467285153 7.121838378906247 6.144877624511722 5.056793212890625 4.158958435058594 3.357896423339838 3.040003967285159 2.9030990600585938 3.2368133544921847 3.5526672363281193 3.6515228271484403 3.230534362792966 2.8845901489257812 2.619969177246091
          2.437274169921878 1.8454010009765653 1.3439224243164034 0.8352340698242244 0.6159790039062472 -0.0014755249023465922 0.10431213378906534 1.0716781616210938 1.8401275634765568 2.3191513061523494 2.7054763793945256 3.1889938354492244 3.3764709472656307 3.1817474365234375 3.885650634765625 4.89614562988281 5.812034606933594 6.338703918457028 6.872048950195307 7.316487121582028
          7.869042968749994 8.526168823242188 8.696562194824224 8.781977844238284 9.076495361328128 9.086096191406256 9.305584716796872 9.337608337402344 9.184364318847656 9.341252136230466 9.410591125488281 9.589421081542966 9.480717468261716 9.284289550781253 8.703227233886722 8.5324722290039 8.073130798339847 7.425553894042963 6.688879394531256 6.460452270507815
          6.239570617675781 6.124990844726568 5.917903137207034 1.4865798950195312 1.2893493652343722 1.3855041503906307 1.275181579589841 1.663264465332034 3.1568099975585966 4.065003967285151 5.184977722167972 6.214724731445315 6.858746337890622 7.313052368164065 7.873164367675784 8.147978210449224 8.631665039062497 9.023202514648432 9.121057128906244 9.624412536621094
          10.038075256347653 10.161381530761716 10.189128112792972 10.220956420898432 10.255805969238281 10.296499633789068 10.244631958007815 9.896502685546878 9.248274230957037 8.495437622070312 7.831195068359378 7.058712768554685 6.080401611328128 5.091729736328119 3.998670959472662 2.996350097656247 2.478602600097659 2.145085144042966 2.4895568847656193 3.013040161132807
          3.216717529296872 2.7959960937500057 2.5466033935546903 2.4714691162109403 2.1812591552734375 1.6794525146484318 0.9746322631835938 0.6608322143554659 0.26174163818359375 -0.013142395019528408 0.46220703125000284 1.264692687988287 1.8893188476562557 2.0336059570312557 2.0911529541015597 2.1575958251953153 2.5277389526367244 3.4006973266601506 4.380972290039068 5.076406860351568
          5.877677917480469 6.389706420898435 6.909570312499994 7.439978027343756 7.879861450195307 8.524078369140625 8.585888671874997 8.859249877929685 9.143429565429685 9.241304016113276 9.253193664550778 9.475444030761722 9.512075805664068 9.56139526367187 9.623638916015622 9.7952896118164 9.483076477050787 9.184169006347659 8.7996810913086 8.724768066406256
          8.262939453125 7.712898254394531 7.372729492187503 7.042227172851568 6.818911743164065 6.504484558105474 6.197076416015619 1.8930297851562443 1.103642272949216 0.8101730346679688 1.2030700683593807 2.194876098632818 3.498797607421878 4.413163757324213 5.3394927978515625 6.276388549804693 6.825193786621099 7.383703613281256 7.952650451660162 8.332286071777347
          8.525570678710935 8.825149536132812 9.031076049804682 9.347370910644528 9.571371459960943 9.993907165527347 10.12515563964844 10.161996459960932 10.40170593261719 10.250166320800787 10.199641418457034 9.949452209472653 9.300003051757812 8.444923400878906 7.679833984374994 6.906115722656253 6.025454711914065 5.036805725097651 3.7438995361328153 2.638946533203125
          2.0211990356445284 1.691206359863287 1.9457489013671818 2.5821945190429716 2.599757385253909 2.282637023925787 2.128758239746091 1.9437362670898466 1.7372833251953068 1.2254364013671903 0.9050445556640625 0.5810363769531222 0.047308349609380684 -0.009431457519525566 0.7595169067382841 1.2286087036132756 1.2259063720703125 1.2359375000000057 1.0704360961914006 1.7097183227539006
          3.1465820312500057 3.9978042602539006 4.663613891601557 5.2425537109375 5.733586120605466 6.332415771484378 6.8405303955078125 7.359806823730466 8.085224914550778 8.618432617187494 8.571568298339841 8.933515930175787 9.010890197753909 9.397625732421872 9.59805603027344 9.711830139160156 9.739505004882815 9.583583068847659 9.738014221191406 9.70598754882812
          9.48919677734375 9.187420654296872 9.096653747558591 8.91867370605469 8.55408325195313 8.101226806640625 7.658990478515619 7.525634765625 7.301205444335935 6.984611511230469 6.578149414062494 3.1119003295898438 1.821315002441409 1.132171630859375 1.436650085449216 2.4407012939453097 3.6502151489257812 4.569174194335943 5.498783874511716 6.341310119628901
          6.993601989746097 7.659550476074216 7.93896484375 8.326046752929685 8.621986389160156 8.927638244628909 9.043544006347659 9.168376159667972 9.29892272949219 9.534603881835935 9.7719711303711 9.91455688476563 10.161552429199219 10.212049865722662 10.066629028320307 9.916683959960935 9.265548706054688 8.405227661132812 7.635743713378901 6.761026000976557
          5.7801055908203125 4.788092041015631 3.4899520874023438 2.2828475952148466 1.5677093505859432 1.145674133300787 1.4130493164062443 1.967271423339838 2.000253295898432 1.6953094482421847 1.6361358642578097 1.6239227294921932 1.2941162109375028 0.9669418334960938 0.7503494262695369 0.33346710205077557 0.01824188232421875 -0.003933715820309658 0.32135772705078125 0.5830413818359403
          0.441192626953125 0.6192565917968693 1.4121292114257784 2.520085144042966 3.3458938598632812 4.082978820800776 4.930653381347653 5.2977142333984375 5.776264953613278 6.265115356445307 6.763906860351568 7.469969177246099 8.083988952636716 8.410696411132818 8.553173828124997 8.808026123046872 9.173727416992193 9.451437377929693 9.643299865722653 9.84811706542969
          9.868582153320318 9.804779052734375 9.754647827148432 9.71835632324219 9.498483276367182 9.490061950683597 9.097006225585943 8.915928649902341 8.747218322753909 8.391760253906256 8.04686889648437 7.9110107421875 7.684895324707028 7.368278503417969 7.160198974609372 3.365400695800787 2.070443725585932 1.4765472412109375 1.3873352050781307 2.295689392089841
          3.7062408447265653 4.82735900878906 5.860653686523435 6.510702514648443 7.172599792480469 7.7457733154296875 8.228186035156256 8.424476623535156 8.727725219726565 8.941487121582028 9.062809753417966 9.19143371582031 9.326702880859372 9.468266296386716 9.714071655273443 9.86701049804688 9.926983642578122 9.788795471191406 9.744206237792966 9.401013183593747
          8.84539184570312 8.27612915039063 7.600846862792963 6.819209289550784 5.635557556152349 4.539225769042972 3.3339904785156307 2.221888732910159 1.6053619384765625 1.0918487548828182 0.782684326171875 1.1641815185546847 1.5249954223632756 1.445892333984375 1.38275146484375 1.2221298217773438 0.9388717651367244 0.40215301513671875 0.12117462158202841 -0.016363525390630684
          -0.008544921875 -0.008767700195306816 -0.004945373535150566 -0.008280944824221592 0.13330841064453125 0.9555099487304659 2.017002868652341 2.8098983764648438 3.5221496582031193 4.343869018554685 4.882830810546878 5.240217590332037 5.808674621582028 6.38724060058594 6.876731872558594 7.671617126464838 8.07674865722656 8.199015808105472 8.630895996093756 8.778256225585935
          9.234466552734375 9.60222778320312 9.785354614257812 9.883946228027341 9.898429870605469 9.926875305175784 9.6733413696289 9.53484497070312 9.60873107910156 9.595663452148443 9.298266601562503 9.014625549316406 8.743656921386716 8.683766174316403 8.435945129394526 8.198561096191412 7.971095275878909 7.753059387207031 7.544468688964841 2.928330993652338
          1.8300628662109375 1.0388214111328153 1.0453216552734403 2.449685668945307 4.062098693847659 5.190602111816403 6.230671691894528 6.687770080566409 7.258052062988284 7.738984680175776 8.131216430664068 8.43218383789062 8.742588806152341 8.962500000000006 9.089857482910162 9.224600219726568 9.267071533203122 9.610694885253906 9.865029907226557 9.829809570312506
          9.795588684082034 9.66010131835938 9.52196655273437 8.980947875976568 8.2275390625 7.657978820800778 7.177958679199222 6.394108581542966 5.495762634277341 4.391351318359369 3.477182006835932 2.363699340820318 1.748042297363284 1.1389236450195312 0.7378082275390625 0.6554763793945284 0.9848785400390625 1.0941543579101562 1.1460052490234318 0.9446365356445341
          0.44542694091796875 -0.002331542968747158 -0.013088989257809658 -0.0090179443359375 -0.008721923828119316 0.20976562500000284 0.3350418090820284 0.11908721923828125 -0.007923889160153408 0.33261260986327557 1.1887268066406307 2.471391296386713 3.4720611572265625 4.186364746093744 4.718635559082031 5.166218566894528 5.626588439941401 6.099066162109381 6.67977600097656 7.368115234374997
          7.965563964843753 8.180422973632815 8.607283020019537 9.241581726074216 9.589064025878912 9.946571350097656 9.8256851196289 9.919287109375006 10.026774597167972 9.95077209472656 9.69382019042969 9.650807189941403 9.719871520996094 9.70232543945312 9.401747131347662 9.21462707519531 8.940820312499994 8.778327941894531 8.627577209472662 8.487904357910153
          8.358149719238284 8.138824462890625 8.029280090332037 3.0791305541992244 1.9832275390624972 1.1902694702148438 1.2978607177734318 2.8087173461914006 4.627485656738287 5.463114929199222 6.3110504150390625 6.870628356933594 7.248516845703122 7.934027099609381 8.234529113769526 8.44504089355469 8.763571166992193 8.89240112304688 9.124664306640625 9.266578674316406
          9.414115905761719 9.66949615478515 9.83336791992187 9.802458190917974 9.674272155761713 9.444255065917972 9.109317016601565 8.562942504882812 7.902812194824222 7.331451416015625 6.654216003417972 5.865002441406247 5.062216186523443 4.347932434082026 3.629620361328122 2.611262512207034 1.7948501586914034 1.08221435546875 0.6807861328125 0.6248825073242159
          0.6828704833984318 -0.025071716308588066 -0.04417877197265341 -0.012350463867193184 0.4269821166992216 -0.00528717041015625 -0.008816528320309658 0.40635833740233807 0.6815917968749972 1.0174804687499943 0.8723281860351619 0.6498275756835881 0.44265441894530966 0.40410156250000284 0.5904586791992159 1.3931732177734375 2.895643615722662 3.809718322753909 4.437625122070315 5.078776550292972
          5.631944274902338 6.098692321777349 6.771154785156256 7.354672241210935 7.948001098632815 8.453590393066406 8.773904418945307 9.399848937988281 9.739114379882807 9.990075683593744 9.765466308593744 9.952850341796875 9.956278991699222 9.777873229980472 9.715885925292966 9.866647338867182 9.930142211914074 9.710780334472645 9.506677246093744 9.41582641601562
          9.2384033203125 8.973942565917966 8.820658874511722 8.778155517578128 8.547325134277344 8.327099609374997 8.216868591308597 3.2403060913085966 2.046417236328125 1.255061340332034 1.4651550292968807 2.980818176269537 4.805262756347659 5.741548156738276 6.49276428222656 7.158453369140631 7.540522766113284 7.9388275146484375 8.345532226562497 8.662612915039062
          8.890908813476557 8.928253173828125 9.366146850585935 9.418330383300784 9.476518249511713 9.639855957031244 9.710853576660156 9.586726379394534 9.363415527343747 9.036572265624997 8.698651123046872 8.148706054687494 7.485165405273435 7.008349609375003 6.424224853515625 5.728266906738284 4.824954223632815 3.9144393920898466 3.0955474853515597 2.268576049804693
          1.542100524902338 1.012176513671875 0.6830841064453068 0.7193450927734375 -0.030110168457028408 0.40495452880858807 1.151719665527338 0.6375961303710938 0.32034454345702557 0.2878479003906307 0.8556564331054659 0.9661453247070284 1.0613220214843722 1.430741882324213 1.5020538330078068 1.4814071655273438 1.3674285888671847 1.1553497314453125 1.0561187744140597 1.270338439941412
          1.989776611328125 3.212869262695307 4.436846923828128 5.075793457031253 5.724391174316409 6.284234619140619 6.85211181640625 7.431127929687506 8.019429016113278 8.421600341796875 9.032492065429693 9.552539062500003 9.886303710937497 10.230436706542974 10.000036621093756 9.887863159179688 10.184974670410156 10.100961303710932 9.935815429687494 10.180397033691406
          9.942846679687506 9.819815063476568 9.612622070312511 9.518635559082043 9.338732910156239 9.171105957031244 8.916235351562506 8.77206115722656 8.63907165527344 8.5169692993164 8.405723571777344 3.40899658203125 2.215039062499997 1.2274673461914034 1.4413909912109375 3.158778381347659 4.9868011474609375 6.025665283203125 6.779589843750003 7.551100158691412
          8.038769531249997 8.147190856933591 8.465080261230469 8.594482421875 8.929530334472659 8.97601470947265 9.326367187499997 9.484188842773435 9.351097106933594 9.517738342285156 9.493580627441403 9.37188720703125 9.053031921386719 8.332971191406244 7.795782470703131 7.439749145507818 7.069998168945318 6.494990539550784 6.102320861816409 5.401564025878912
          4.589935302734375 3.6714248657226562 2.8446289062499943 1.9140945434570256 1.0849639892578153 0.5490051269531193 0.34008636474609943 0.38642120361328125 0.5610229492187528 0.6371841430664062 0.5638687133789091 0.7164489746093778 0.6525802612304688 0.8980270385742131 1.2375686645507784 1.4537109375000057 1.4593780517578097 1.8432937622070256 1.9266296386718693 1.9145584106445312
          2.0055999755859375 2.0029891967773494 2.106771850585943 2.1236160278320284 2.351759338378912 2.983908081054693 3.7217254638671875 4.957391357421869 5.702624511718753 6.258599853515619 6.823905944824219 7.597146606445307 8.083731079101568 8.777746582031256 9.283389282226565 9.798271179199219 10.125962829589838 10.267936706542969 9.936842346191412 10.019618225097659
          10.311839294433582 10.223805236816418 10.055554199218761 10.39691619873048 10.253559875488293 10.028330993652332 9.81853637695312 9.622848510742188 9.539901733398438 9.270657348632824 9.113421630859364 8.867820739746094 8.633831787109372 8.410615539550776 8.198896789550787 3.1872238159179744 2.2906951904296875 1.2035812377929744 1.420640563964838 2.9451232910156193
          4.8760986328125 6.217037963867185 7.175502014160159 7.952551269531256 8.44820861816406 8.463862609863284 8.493066406249994 8.727885437011722 8.975514221191403 8.736433410644537 9.0952163696289 9.06397094726563 9.030017089843753 9.199641418457034 9.177581787109375 9.05905456542969 8.543388366699219 7.817323303222651 7.08005065917969 6.628488159179682
          6.36026306152344 6.076710510253903 5.584819030761722 5.175090026855472 4.357579040527341 3.5287841796875057 2.5921081542968807 1.6509384155273494 0.8237075805664062 -0.00659942626953125 -0.008283996582036934 0.25299377441406534 0.4286437988281193 0.8639724731445284 1.0642974853515597 1.3260559082031307 1.5671463012695312 1.6047958374023494 1.4468322753906193 2.254467773437497
          2.161332702636713 2.258554077148432 2.4501678466796903 2.5428192138671903 2.5410171508789006 2.6441360473632756 2.8501998901367216 2.8664871215820256 2.701184082031247 3.1401382446289006 3.8807174682617216 4.8237762451171875 5.868238830566412 6.618499755859375 7.081295776367185 7.653712463378909 8.235704040527338 8.824783325195312 9.12799224853515 9.54085998535156
          9.865034484863287 9.810006713867182 9.87383880615235 10.247657775878906 10.339131164550793 10.247351074218756 10.272981262207026 10.41265716552735 10.266699218750006 10.03949432373048 9.926403808593761 9.728457641601551 9.643168640136707 9.372154235839844 9.213156127929693 8.866540527343744 8.6312240600586 8.207901000976562 7.896044921875003 3.160491943359375
          2.1689224243164062 1.1816253662109375 1.301591491699213 2.8275161743164006 4.664877319335943 6.114514160156247 7.180256652832028 8.063798522949213 8.567352294921875 8.490773010253903 8.426652526855463 8.671015930175784 8.729409790039057 8.495387268066409 8.567033386230463 8.538740539550787 8.70465698242188 8.975616455078125 8.858195495605472 8.54519958496094
          7.928198242187506 7.199333190917969 6.559733581542972 6.008537292480469 5.741433715820307 5.362725830078119 4.8685455322265625 4.458198547363281 3.8333709716796847 3.0936660766601562 2.238473510742182 1.1727752685546875 0.31514129638671307 -0.02065277099609375 -0.006555175781244316 0.5617584228515682 1.1477020263671847 2.0279464721679688 2.294511413574213 2.246694946289068
          2.2858856201171847 2.2209487915039006 2.155630493164068 2.668804931640622 2.9706344604492188 2.8745697021484347 3.071638488769537 3.1689743041992244 3.170880126953122 3.179255676269534 3.388981628417966 3.506016540527341 3.4391113281249943 3.6798507690429716 4.321643066406253 5.069920349121091 6.018235778808588 6.866864013671872 7.427592468261722 7.800253295898443
          8.378674316406247 8.767730712890625 9.166812133789065 9.380206298828128 9.70492248535156 9.946057128906247 10.202549743652341 10.375392150878895 10.463546752929688 10.469226074218739 10.392239379882824 10.52850494384765 10.382005310058588 10.24994049072265 10.035484313964844 9.835523986816412 9.649189758300793 9.37676391601562 9.216087341308594 8.76886138916015
          8.333613586425784 7.810443115234378 7.398426818847653 3.6322036743164006 2.245196533203128 1.3587921142578097 1.3796890258789034 3.0065597534179744 4.847949218750003 6.007931518554685 7.181936645507818 8.074702453613284 8.586076354980463 8.614677429199219 8.45914001464844 8.415641784667969 8.47858276367188 8.250381469726562 7.9322357177734375 7.513250732421881
          7.980097961425784 8.452407836914062 8.533346557617193 8.022563171386722 7.305195617675778 6.675483703613281 6.133740234374997 5.483360290527344 5.020429992675787 4.542042541503903 4.046946716308597 3.6364776611328153 3.2066452026367216 2.461531066894537 1.5937652587890625 0.58758544921875 -0.0028228759765625 0.018992614746096592 0.33350830078124716 0.9974029541015597
          2.0572235107421903 3.0061569213867188 3.4429595947265597 3.2776107788085938 2.9138336181640625 2.9421447753906307 2.8705245971679716 3.0888259887695284 3.6857879638671847 3.590951538085932 3.692788696289057 3.7954650878906193 3.997210693359378 4.007447814941401 4.120454406738276 4.240014648437494 4.466372680664065 4.600856018066409 4.5498046875 5.101904296875006
          5.855735778808594 6.707438659667972 7.270028686523432 7.939630126953119 8.516311645507812 8.904223632812503 9.302969360351568 9.712861633300776 10.035418701171878 10.272586059570315 10.328926086425781 10.599403381347656 10.585772705078114 10.589491271972662 10.6092544555664 10.545069885253895 10.496243286132824 10.263011169433582 10.146151733398426 9.944367980957026
          9.75677490234375 9.48297576904298 9.122589111328125 8.575584411621094 8.040290832519531 7.5170745849609375 6.904493713378912 3.819563293457037 2.527474975585932 1.3439849853515682 1.5621658325195256 3.2900665283203097 5.134469604492182 6.396115112304685 7.282441711425776 8.084278869628903 8.603701782226565 8.640649414062494 8.392451477050784 8.155049133300778
          7.925955200195318 7.898623657226565 7.383674621582031 6.866329956054685 7.143606567382818 7.820280456542974 7.905659484863278 7.590443420410153 6.77578430175781 6.148078918457031 5.705229187011724 5.054193115234369 4.29324645996094 3.7152938842773438 3.2185958862304744 2.706486511230466 2.179682922363284 1.5400619506835938 0.5906295776367188 -0.016032409667971592
          0.004635620117184658 0.49003753662108807 1.3640106201171847 2.1184143066406307 3.0611297607421903 3.986297607421875 4.403866577148435 4.322633361816401 4.043643188476565 3.7681243896484347 3.6923233032226506 4.004170227050778 4.403276062011713 4.309599304199224 4.413488769531256 4.517408752441412 4.622625732421881 4.63711242675781 5.146624755859378 5.362004089355466
          5.387782287597659 5.518824768066409 5.364973449707037 5.323741149902347 5.882661437988276 6.64010925292969 7.501219177246099 8.170584106445318 8.747303771972653 9.232492065429682 9.531199645996097 9.93988647460938 10.359277343749994 10.397383117675787 10.356164550781244 11.118920898437494 10.70623626708985 10.708581542968744 10.627574157714832 10.66168060302735
          10.611442565917969 10.3780502319336 10.25787963867188 9.955599975585926 9.766923522949213 9.393139648437511 9.032516479492188 8.485504150390625 7.751057434082028 7.128398132324222 6.516282653808588 3.714338684082037 2.5194732666015653 1.430436706542963 1.5510589599609403 3.579341125488284 5.526673889160151 6.694415283203128 7.584373474121094 8.292710876464838
          8.621456909179685 8.565705871582026 8.22210083007812 7.886964416503901 7.757725524902341 7.637481689453125 7.123844909667966 6.70901794433594 6.69500732421875 7.081141662597659 7.36672668457031 7.351747131347651 6.540139770507807 5.715013122558588 5.076641845703122 4.424430847167969 3.562286376953125 2.8789398193359403 2.2779388427734375 1.6630065917968722
          1.0402542114257756 0.32787780761718466 -0.017352294921877842 -0.004673767089840908 0.6434600830078097 1.7716339111328097 2.908001708984372 3.7357254028320312 4.255705261230474 4.76669006347656 5.070945739746094 4.978833007812497 4.985430908203128 4.700520324707028 4.715037536621097 5.018507385253912 4.924639892578128 4.933274841308588 5.235348510742185 5.340565490722653
          5.6433563232421875 5.754692077636719 6.064158630371097 6.180308532714847 6.302897644042972 6.334764099121088 6.375404357910156 6.136651611328119 6.595510864257818 7.155796813964841 7.721682739257815 8.294465637207026 8.970712280273432 9.455793762207037 9.851777648925776 10.15915222167969 10.380824279785159 10.518220520019526 10.378222656249989 11.239300537109386
          10.925860595703114 11.026123046875 10.844474792480469 10.778306579589838 10.727343749999989 10.492967224121088 10.272262573242188 9.969082641601574 9.68060455322265 9.306660461425793 8.84625854492188 8.299406433105474 7.565211486816409 6.941667175292963 6.231184387207037 3.508335876464841 2.3125930786132756 1.8167510986328068 2.1360839843750057 3.674726867675787
          5.528681945800784 6.700398254394528 7.593560791015619 8.306208801269534 8.539562988281247 8.387374877929688 8.14415893554687 7.910441589355472 7.58877868652344 7.373204040527341 6.962458801269534 6.553811645507807 6.541059875488287 6.734434509277349 7.025917053222656 7.017819213867185 5.812368774414068 5.277346801757815 4.439906311035159 3.6893814086914034
          2.7215988159179716 1.9320571899414034 1.3248992919921818 0.7012771606445369 0.2729705810546932 -0.017747497558588066 -0.002268981933596592 0.7149032592773494 1.9213180541992188 3.1372085571289006 4.148193359375 4.854417419433588 5.3525390625 5.549226379394526 5.645356750488276 5.837481689453128 5.831956481933588 5.634777832031247 5.540696716308588 5.641198730468744
          5.450207519531247 5.55788879394531 5.859382629394531 6.15860290527344 6.358151245117185 6.272073364257807 6.680342102050787 6.893898010253906 7.015960693359375 7.145721435546875 7.185743713378912 7.140284729003909 7.399761962890622 7.7640533447265625 8.232960510253903 8.708726501464838 9.384904479980463 9.770939636230466 10.0684799194336 10.475549316406244
          10.598098754882812 10.637173461914074 10.595550537109375 11.159214782714855 11.044508361816412 11.144000244140614 10.961810302734364 10.796038818359364 10.745075988769543 10.60974578857423 10.38958282470702 9.98505249023438 9.696315002441395 9.322370910644537 8.663342285156261 8.116688537597653 7.283317565917969 6.560917663574216 5.751167297363281 3.2003799438476506
          2.2039733886718693 1.6161117553710938 2.332575988769534 3.670379638671875 5.2286834716796875 6.50284118652344 7.498674011230463 8.117440795898432 8.254899597167963 8.301994323730469 8.063691711425776 7.834605407714847 7.515315246582034 7.303707885742185 6.70452880859375 6.003121948242182 6.38900451660156 6.294013977050781 6.196459960937503 5.594549560546881
          5.065943908691409 4.435766601562506 3.6967926025390625 2.8437652587890625 1.869581604003912 1.0761642456054688 0.46096496582030966 0.030712890624997158 -0.009236145019528408 -0.004441833496088066 0.6296905517578182 1.7703460693359432 3.2840469360351534 4.28726501464844 4.987858581542966 5.774162292480469 6.252180480957037 6.237545776367185 6.421438598632818 6.697877502441401
          6.582693481445318 6.47275085449219 6.270780944824224 6.170657348632815 5.980871582031256 6.285066223144526 6.778068542480469 6.973352050781244 7.073228454589838 6.982901000976568 7.293572998046869 7.704222106933599 7.824606323242193 7.953733825683599 8.188705444335938 8.139118957519528 8.199114990234378 8.366465759277347 8.73737182617188 9.115380859374994
          9.694137573242188 10.081690979003909 10.479078674316412 10.689047241210943 10.813893127441418 10.952975463867176 10.910116577148443 11.176847839355474 11.062728881835938 11.063494873046864 10.980953979492199 10.815205383300793 10.764334106445318 10.727890014648438 10.408047485351574 10.003265380859375 9.515847778320307 9.142254638671886 8.483966064453114 7.738655090332031
          6.905093383789065 6.1843414306640625 5.375064086914065 2.887075805664068 1.8935531616210994 1.2084762573242216 2.5228271484375 4.056068420410156 5.6137542724609375 6.791909790039057 7.695196533203131 8.119281005859378 8.061485290527344 8.212821960449219 7.979913330078119 7.854939270019528 7.638815307617193 7.629985046386722 6.44125061035156 6.231779479980474
          5.941069030761724 5.351319885253901 4.849607849121099 4.727799987792963 4.402780151367182 3.6777984619140653 2.840319824218753 1.9859802246093778 1.2111404418945284 0.6109329223632756 0.20170745849608807 -0.016903686523434658 -0.0005477905273494343 0.6117782592773438 1.5851104736328097 2.831777954101568 4.339863586425778 5.236749267578119 5.924029541015628 6.692961120605474
          7.057521057128909 7.127017211914065 7.198558044433597 7.464476013183599 7.338061523437503 7.118116760253912 6.809211730957031 6.706433105468747 6.613526916503901 7.108283996582031 7.595846557617193 7.593090820312497 7.8899688720703125 8.091264343261713 8.1989761352539 8.411486816406253 8.728117370605474 8.952362060546875 9.0845947265625 8.934504699707034
          8.897117614746094 9.162568664550776 9.335946655273432 9.616221618652347 10.097221374511719 10.487254333496097 10.787426757812497 11.00006561279298 11.126559448242176 11.167655944824219 11.12456817626952 11.09577026367188 11.181246948242176 11.083653259277355 11.100868225097656 10.935134887695312 10.883988952636713 10.648933410644531 10.429121398925787 10.024514770507807
          9.437966918945307 8.866120910644526 8.308076477050776 7.563528442382818 6.731042480468744 5.712388610839838 5.003279113769537 2.366943359375 1.3760452270507812 0.8905563354492188 2.511178588867182 4.14865417480469 5.708422851562503 6.88900451660156 7.794145202636713 8.317527770996094 8.35967864990235 8.318927001953128 7.99295349121094 7.579263305664057
          7.369525146484378 7.168347167968747 6.272235107421878 5.774696350097656 5.181208801269534 4.383540344238284 3.8733596801757812 3.851208496093747 3.431201171875003 2.803488159179693 2.1660705566406193 1.123579406738287 0.45584259033202557 0.35970916748047443 -0.010079956054681816 -1.2207031247157829e-05 0.5008163452148438 1.391413879394534 2.456040954589838 3.5944839477539006
          4.898518371582028 5.786973571777338 6.658903503417974 7.513873291015628 7.865592956542969 7.9221343994140625 8.078515624999994 8.135690307617182 8.002180480957037 8.068716430664068 7.653082275390631 7.447152709960932 7.544267272949213 8.030357360839844 8.217027282714838 8.310655212402338 8.605480957031247 9.095698547363284 9.100434875488276 9.30942077636719
          9.523686218261716 9.647038269042966 9.776409912109372 9.431088256835935 9.591801452636716 9.856153869628912 9.931591796874997 10.211172485351568 10.596536254882807 10.889506530761722 11.09344024658202 11.210153198242182 11.339347839355469 11.383297729492199 11.539157104492176 11.412571716308605 11.49871978759765 11.303086853027338 11.320652770996105 11.055957031249989
          10.90612335205077 10.671884155273432 10.353369140625006 10.048876953124989 9.363267517089838 8.59369506835938 7.837451171875003 6.992506408691412 6.262416076660159 5.444105529785162 4.735476684570315 2.428912353515628 1.5383270263671847 0.9605514526367216 2.1936706542968807 3.9373489379882756 5.599879455566409 6.784886169433591 7.594146728515625 8.121206665039068
          8.265173339843756 8.324986267089841 8.101118469238287 7.493699645996088 6.991705322265631 6.59554748535156 5.896520996093756 5.198707580566406 4.498719787597651 3.5974197387695312 3.180075073242193 3.1570770263671903 3.0303405761718807 2.3070297241210938 1.283787536621091 0.4478652954101534 0.11598663330077841 -0.00815582275390625 -0.010015869140630684 0.4592132568359375
          1.221971130371088 2.0875213623046847 3.1352264404296903 4.063819885253906 5.557546997070318 6.530842590332028 7.292457580566406 8.138584899902341 8.578311157226565 8.719837951660153 8.764744567871091 8.812458801269528 8.768603515625003 8.825770568847659 8.500447082519528 8.1906723022461 8.476892089843744 8.856069946289068 9.038116455078125 9.225366210937494
          9.610388183593756 9.897424316406244 9.995751953124994 10.101815795898432 10.214791870117182 10.238426208496094 10.269949340820318 10.022941589355469 9.987347412109372 10.351615905761719 10.525566101074219 10.707557678222656 10.994485473632807 11.092262268066406 11.201399230957037 11.420141601562506 11.453616333007801 11.697222900390614 11.754753112792969 11.629243469238276
          11.518969726562489 11.523046875000006 11.442108154296875 11.178800964355474 11.030142211914068 10.796902465820324 10.47930297851562 10.1746810913086 9.192756652832031 8.524641418457037 7.968305969238287 6.626649475097651 5.897627258300787 5.279156494140622 4.869367980957037 2.691537475585932 1.8032028198242216 1.0291427612304744 2.2634216308593693 3.912829589843753
          5.58114318847656 6.671704101562497 7.384970092773443 7.915516662597653 8.261795043945312 8.326628112792974 8.205972290039057 7.502062988281253 6.803791809082028 6.207206726074219 5.506837463378901 4.804225158691409 4.098561096191403 3.093087768554682 2.6735153198242188 2.453080749511713 2.5253143310546875 2.2949234008789006 1.0727416992187528 0.25479431152344034
          -0.014082336425786934 -0.014540100097661934 0.2450149536132784 0.9855484008789119 1.8382812499999943 2.787886047363287 3.8182342529296847 4.832942199707034 6.315423583984369 7.573750305175778 8.222616577148443 8.564738464355472 8.996476745605463 9.324255371093756 9.456771850585938 9.592454528808588 9.538841247558594 9.587745666503906 9.354197692871097 9.233505249023438
          9.411424255371088 9.782644653320318 10.055680847167963 10.330380249023435 10.609642028808594 10.695091247558594 10.69141235351563 10.7944320678711 10.710124206542972 10.832606506347659 10.767501831054688 10.618128967285159 10.5806884765625 10.846147155761713 10.921958923339844 11.105194091796875 11.295127868652344 11.297779846191418 11.508808898925793 11.631549072265614
          11.7662368774414 11.911605834960938 11.872691345214832 11.947151184082031 11.83812866210937 11.743746948242176 11.466142272949213 11.30370483398437 11.156205749511713 10.923820495605469 10.507312011718739 9.807206726074213 9.026518249511724 8.4584945678711 7.5047149658203125 6.464317321777344 5.735951232910153 5.316908264160162 4.507569885253901 2.7580230712890597
          1.772007751464841 1.1949874877929716 2.431570434570318 3.984571838378912 5.557554626464849 6.650213623046881 7.267309570312506 7.802281188964841 8.056295776367193 8.125813293457028 8.009407043457031 7.306832885742182 6.410926818847656 5.710572814941401 5.007243347167972 4.103196716308588 3.5908493041992244 2.677952575683591 2.257495117187503 1.8386322021484318
          1.4199066162109375 0.9916671752929744 0.44742126464844034 0.48158416748046307 0.027467346191400566 -0.005072021484380684 0.6445556640624943 1.6010116577148494 2.4501358032226506 3.2893035888671847 4.504003906250006 5.995442199707028 7.064572143554685 7.822021484375 8.564776611328128 9.19637756347656 9.715878295898435 9.93109130859375 10.04974517822265 10.078507995605463
          10.214106750488284 10.355084228515622 10.208543395996088 9.983845520019528 10.545544433593747 10.906175231933588 11.16830139160156 11.238041687011716 11.410726928710943 11.393742370605466 11.386950683593753 11.38988647460937 11.403076171875 11.328221130371091 11.264329528808588 11.11477355957031 11.076799011230463 11.243478393554682 11.221701049804693 11.406652832031256
          11.5993637084961 11.703137207031261 11.81695098876952 11.844383239746094 12.178506469726557 12.226370239257818 12.189065551757807 12.16559295654298 11.960003662109386 11.967185974121094 11.790275573730469 11.430523681640636 11.284237670898449 10.953523254394526 10.34014282226562 9.643310546875 9.062828063964844 8.197032165527332 7.145396423339847 6.504808044433588
          5.876152038574219 5.456369018554682 4.547694396972659 2.619885253906247 1.4360671997070256 1.1597106933593722 2.2006195068359347 3.657031250000003 5.131486511230463 6.424320983886716 7.142691040039068 7.583232116699222 7.841236877441403 7.815866088867182 7.702313232421872 6.901608276367185 6.003192138671878 5.200137329101565 4.394366455078128 3.4865661621093693
          3.0682296752929688 2.1535018920898494 1.6336471557617216 1.3105575561523466 0.9845840454101591 0.7542617797851534 0.23144683837890057 -0.010488891601568184 0.1666717529296875 0.5551849365234318 1.1605377197265625 2.120343017578122 2.863417053222662 3.8876007080078097 5.376872253417972 6.158468627929693 7.020655822753909 7.769461059570318 8.406150817871094 9.133166503906253
          9.849699401855474 10.844145202636724 11.0467544555664 10.962074279785156 10.790753173828122 10.82668762207031 10.872448730468747 10.834376525878909 11.581694030761724 11.929743957519534 12.082951354980466 12.144657897949216 12.21310119628906 12.191828918457034 12.083595275878906 12.08392181396485 11.899797058105463 11.8277572631836 11.961462402343756 11.71270751953125
          11.576579284667972 11.744258117675784 11.722877502441406 11.809408569335943 11.905194091796886 12.010607910156239 12.028152465820312 12.155981445312506 12.293972778320324 12.442942810058582 12.406752014160162 12.18775024414063 12.083396911621094 11.993394470214838 11.81871948242187 11.559814453125 11.215855407714855 10.589047241210949 9.97766571044923 9.483755493164068
          8.90424194335938 8.039804077148432 7.188847351074216 6.54867858886719 6.018664550781253 5.000384521484378 4.49075622558594 2.3695709228515653 1.2838760375976506 0.8143707275390568 1.657820129394537 3.114842224121091 4.788534545898443 6.28487854003906 7.007933044433599 7.453860473632815 7.616923522949222 7.593841552734375 7.383386230468744 6.582971191406244
          5.681083679199219 4.775442504882818 3.867100524902341 2.9527084350585966 2.531716918945307 1.7141128540039006 1.1935791015625057 0.8704437255859432 0.6443710327148438 0.5153610229492216 0.18779296875000284 -0.006251525878909092 -0.00525665283203125 0.6359176635742188 1.3143081665039062 3.0525756835937443 3.971540832519537 4.587118530273443 6.448535156250003 6.614086914062497
          6.779241943359381 7.9199371337890625 8.838484191894537 9.0631118774414 9.775288391113278 10.959266662597656 11.348410034179693 11.253857421874997 11.171511840820315 11.100854492187494 11.237322998046878 11.384899902343747 12.119552612304688 12.45748596191406 12.699249267578125 12.655203247070318 12.718893432617193 12.694638061523435 12.680972290039065 12.483717346191412
          12.398822021484378 12.326576232910156 12.264523315429685 12.115646362304688 11.882310485839838 12.149829101562489 12.226464843749994 12.115803527832043 12.114793395996088 12.222236633300781 12.241871643066418 12.371020507812489 12.5103775024414 12.56207122802735 12.430152893066406 12.411181640624989 12.110299682617182 12.022532653808582 11.75109252929687 11.494285583496094
          11.053805541992176 10.628767395019537 10.019850158691412 9.725917053222645 9.04784545898437 8.08544464111327 7.435136413574213 7.094418334960935 5.7657318115234375 5.046948242187497 4.037716674804685 2.0053024291992188 1.2179748535156278 0.8476837158203097 1.294795227050784 3.0510543823242244 4.731292724609375 6.136700439453122 6.866514587402349 7.217706298828119
          7.383905029296869 7.363615417480474 7.054617309570318 6.253126525878912 5.150819396972651 4.140570068359381 3.1281768798828153 2.4043548583984347 1.9810211181640653 1.3615325927734432 0.9411132812499972 0.6218383789062472 0.4010528564453182 0.2790313720703068 0.06887359619140909 -0.021479797363284092 0.26338348388671307 1.006983947753909 1.762944030761716 2.998251342773443
          4.494755554199216 5.477824401855472 6.34136962890625 7.18441467285156 7.72469787597656 7.9677581787109375 8.880293273925787 9.387770080566412 9.88941040039063 10.671145629882815 11.154925537109378 11.351614379882818 11.45947265625 11.576875305175776 11.703173828125003 12.030441284179688 12.259745788574222 12.58868408203125 12.823931884765628 12.969654846191403
          12.930796813964847 13.000804138183597 12.887031555175781 12.787106323242185 12.601737976074219 12.236312866210938 12.27606048583985 12.130075073242182 12.192497253417969 12.360382080078125 12.438711547851568 12.526959228515636 12.526879882812494 12.537649536132818 12.657528686523449 12.786517333984364 12.729513549804693 12.685220336914057 12.556254577636707 12.539137268066412
          12.239819335937511 11.857446289062494 11.787448120117176 11.53319702148437 11.194868469238287 10.871188354492176 10.263217163085926 9.87079467773438 8.995507812499994 8.134617614746105 7.883584594726557 7.342988586425776 6.114378356933599 4.996197509765622 4.087812805175787 1.9240127563476506 1.2395996093750057 0.7725051879882869 1.5161682128906193 3.179621887207034
          4.866093444824216 6.079878234863287 6.716841125488287 7.071908569335932 7.142913818359375 6.926828002929682 6.51910400390625 5.811166381835932 4.505158996582026 3.3911102294921847 2.3685317993164006 1.7412841796874972 1.5157531738281307 1.1952575683593807 0.7815368652343722 0.4692733764648409 0.2562469482421932 0.14279327392577557 -0.009472656249997158 0.09649658203125
          0.40309295654296307 1.270207214355466 2.1170883178710938 3.4334747314453153 5.017321777343753 6.076853942871097 6.62387390136719 7.353933715820318 7.781063842773435 7.821278381347653 9.121972656249994 9.814007568359372 10.204653930664065 11.07769927978515 11.354765319824224 11.24929504394531 11.448974609375 11.656977844238284 11.970870971679688 12.384596252441412
          12.703555297851565 13.216654968261722 13.245043945312503 13.18927154541015 13.244157409667963 13.211814880371094 12.998736572265628 12.897819519042969 12.517997741699219 12.254830932617182 12.396455383300776 12.547891235351557 12.803591918945301 12.67444458007813 12.753269958496105 12.744165039062494 12.844696044921875 12.9559310913086 13.173536682128912 13.007461547851562
          12.953067016601551 12.813587951660168 12.884194946289057 12.671159362792963 12.374969482421875 12.093801879882818 11.727397155761707 11.277326965332037 11.139608764648443 10.519064331054693 10.112008666992182 9.621707153320301 8.847900390625 8.287040710449219 8.23504638671875 7.49490051269531 6.366137695312503 4.549955749511724 4.241578674316401 1.8328277587890653
          1.2504287719726506 0.7862564086914006 1.4372970581054716 3.105236816406247 4.896705627441406 5.917837524414068 6.460797119140622 6.720564270019537 6.793270874023435 6.479107666015622 5.868995666503906 5.155831909179682 3.7431640625 2.618487548828128 1.787684631347659 1.3588043212890568 1.1359130859375028 0.9214447021484347 0.6152694702148409 0.3145797729492159
          0.11552276611328693 0.005204772949213066 -0.010636901855463066 0.17671813964844318 0.2867172241210909 1.2452331542968693 2.0766494750976534 3.7601074218750057 4.144908142089847 5.691325378417972 6.907041931152349 7.422468566894537 7.443334960937506 7.767459106445315 8.958044433593756 9.546470642089844 10.317990112304685 10.885466003417974 10.961410522460938 11.049485778808588
          11.439079284667969 11.73556213378906 12.039842224121088 12.640444946289065 13.14279479980469 13.449386596679688 13.471923828125 13.410864257812506 13.36318664550781 13.231858825683588 13.114797973632818 12.623951721191403 12.54412231445312 12.478727722167974 12.716728210449219 12.670155334472668 13.02398681640625 12.993122863769543 12.974694824218744 13.162736511230463
          13.06659393310548 13.275814819335949 13.199531555175781 13.233380126953136 12.984425354003918 13.04400787353515 12.81890258789062 12.509658813476562 12.117466735839855 11.937695312500011 11.474403381347656 11.126034545898449 10.990040588378918 10.47064819335938 9.965278625488281 9.277929687500006 8.605335998535168 8.542553710937511 8.489743041992199 7.650169372558594
          6.422421264648435 4.906430053710935 4.5969390869140625 1.927001953125 1.2485015869140597 0.6893264770507841 1.1471801757812443 2.9206817626953097 4.620108032226568 5.64602355957031 6.094567871093744 6.357539367675784 6.333488464355469 5.818470764160153 5.201927185058594 4.284208679199224 3.0601577758789062 2.3225952148437443 1.6885879516601534 1.2606994628906278
          1.2389984130859375 1.0331207275390568 0.5397094726562557 0.25579681396484943 -0.0004898071289005657 -0.011763000488286934 0.13574066162109943 0.3111160278320284 0.5045288085937472 1.5314437866210966 2.3278488159179744 3.3018768310546847 4.350621032714841 5.285357666015628 6.193849182128901 6.704454040527338 7.503858947753912 8.007971191406256 8.989797973632818 9.567047119140625
          10.135568237304682 10.700564575195315 11.069863891601557 11.34778442382813 11.728207397460935 12.113581848144534 12.601405334472659 13.087092590332034 13.283377075195318 13.486276245117182 13.505380249023432 13.538163757324213 13.3901351928711 13.255847167968753 12.749467468261713 12.656355285644537 12.675671386718747 12.804547119140622 12.844859313964832 12.993304443359364
          13.05095825195312 13.118888854980469 13.099560546875011 13.0915542602539 13.192420959472656 13.106234741210926 13.033071899414068 13.070445251464832 13.021353149414068 12.983056640624994 12.661911010742188 12.3554672241211 11.866624450683588 11.689370727539057 11.426406860351562 10.979579162597645 10.7453628540039 10.126725769042963 9.625674438476551 9.338233947753906
          9.262847900390625 9.099089050292974 8.747033691406244 8.107742309570312 7.379978942871091 6.163064575195307 4.754985046386722 2.008374023437497 1.23150634765625 0.7745819091796875 1.1386001586914034 2.424530029296875 4.030021667480469 5.161903381347656 5.615971374511716 5.685198974609378 5.561231994628912 5.239500427246099 4.5201873779296875 3.596243286132818
          2.659863281249997 2.2177459716796903 1.8800384521484403 1.6515930175781222 1.5369949340820312 0.9400131225585966 0.5481582641601506 0.2786499023437443 -0.00690460205078125 0.05207061767578125 -0.0033508300781193157 0.25684967041016193 0.3716033935546932 1.5414962768554688 2.982801818847662 3.724320983886713 4.456272888183591 5.279084777832026 6.660072326660156 6.66943359375
          7.658866882324219 8.441654968261716 9.018873596191412 9.68560180664062 10.149858093261713 10.713397216796878 11.276417541503903 11.64615173339844 12.214405822753903 12.683384704589841 12.96032104492187 13.335899353027344 13.426988220214838 13.626416015624997 13.7373031616211 13.473420715332026 13.3253158569336 13.0964370727539 12.887829589843747 12.890849304199222
          12.809310913085938 12.837995910644537 12.87799530029298 13.026379394531261 13.182530212402355 13.151406860351557 13.034291076660168 13.125437927246082 13.12890625 13.143757629394543 13.071792602539062 12.914292907714838 12.965475463867193 12.731222534179693 12.314372253417957 12.110400390624989 11.822366333007807 11.745516967773426 11.384307861328125 11.037976074218761
          10.606513977050781 10.189013671874989 9.887565612792969 9.600048828125011 9.623075866699224 9.557997131347662 9.006674194335943 8.46747436523438 7.739916992187489 7.122674560546869 5.415090942382818 1.7745025634765597 1.197322082519534 0.7450744628906278 0.8174926757812528 1.8092056274414006 3.422074890136713 4.461982727050781 4.724153137207026 4.696180725097662
          4.671343994140628 4.250848388671869 3.529223632812503 2.696490478515628 2.251748657226557 2.008959960937503 1.871534729003912 1.8431274414062528 1.5317565917968778 1.0291290283203125 0.5354812622070284 0.15559692382812784 -0.0014221191406278422 0.05909271240234659 -0.008866882324213066 -0.018524169921875 0.9572097778320341 2.332650756835932 3.5318878173828097 4.044934082031247
          4.7567901611328125 5.754920959472656 6.7312469482421875 7.021504211425778 7.803392028808588 8.576200866699224 9.24169311523437 9.803141784667972 10.360424804687497 10.9202865600586 11.481330871582031 12.137026977539065 12.496682739257807 12.954324340820307 13.220816040039068 13.586865234374997 13.66876068115235 13.66535034179688 13.482157897949222 13.317573547363281
          13.170910644531247 13.043077087402338 13.029457092285156 12.932240295410153 12.85070190429687 12.97710571289062 13.014892578125 12.965184020996105 13.023623657226551 12.996101379394531 13.272531127929682 13.066447448730457 12.972677612304693 12.989054870605457 12.821018981933605 12.765045166015625 12.719828796386707 12.489535522460926 12.27300567626952 11.970933532714838
          11.68438720703125 11.807347106933605 11.546580505371082 11.201522827148438 10.771701049804676 10.45574951171875 10.053843688964832 10.262168884277344 9.885714721679676 9.72076568603515 9.169534301757807 8.630532836914057 8.202471923828114 7.784664916992199 6.576333618164057 1.7163925170898438 1.2413558959960938 0.7930984497070312 0.4730926513671818 1.173396301269534
          2.6939331054687443 3.345018005371088 3.6105148315429716 3.487684631347662 3.367074584960932 3.145472717285159 2.5192016601562557 1.9807846069335966 1.8358444213867244 1.7932540893554716 1.7568740844726562 1.7295349121093722 1.4147918701171847 0.8089370727539062 0.6044631958007756 0.21469879150390625 0.1354934692382841 -0.002337646484377842 -0.021783447265619316 0.2777908325195284
          1.7172515869140597 2.9838882446289006 3.7684692382812557 4.655690002441403 5.543208312988284 6.421296691894526 7.092594909667966 7.666754150390631 8.239067077636719 8.903910827636722 9.560232543945318 10.112495422363281 10.665017700195307 11.121728515624994 11.679438781738284 12.330404663085943 12.877418518066406 13.324600219726562 13.579792785644528 13.836747741699213
          13.714462280273438 13.417033386230472 13.33544311523437 13.367562866210932 13.22034301757813 13.092112731933597 13.076791381835932 12.880863952636716 12.896441650390628 12.922715759277338 12.862722778320318 12.912838745117199 12.971781921386707 12.94281005859375 12.924176025390636 12.917092895507807 12.823338317871105 12.643759155273443 12.47802734375 12.325410461425776
          12.283833312988293 12.156210327148443 12.140489196777338 12.136647033691418 11.849528503417957 11.872122192382818 11.214460754394537 10.871806335449207 10.841488647460949 10.526589965820307 10.82177734375 10.530377197265636 10.052442932128912 9.98676147460938 9.435499572753912 8.995994567871094 8.667636108398426 8.449226379394531 7.740757751464855 1.43780517578125
          1.0640274047851506 0.8171279907226534 0.4011734008789034 0.41299743652344034 1.4441162109374943 1.999847412109375 2.271646118164057 2.2530883789062557 2.237200927734378 2.0215652465820284 1.5961791992187528 1.3577545166015597 1.4140731811523466 1.5713226318359403 1.6342102050781193 1.7035064697265625 1.3846588134765625 0.7728378295898466 0.5636413574218722 0.16461486816406534
          0.07053222656250568 0.09550781250000284 -0.021481323242184658 0.4974884033203182 1.9521087646484432 3.5100021362304688 4.475685119628906 5.347532653808599 6.217442321777341 6.980348205566401 7.644551086425778 8.207723999023443 8.768829345703125 9.32592163085937 9.97170715332031 10.417645263671872 10.865788269042966 11.316716003417966 11.674159240722659 12.422279357910156
          13.154431152343747 13.396752929687494 13.741279602050781 13.894160461425784 13.674263000488281 13.572599792480474 13.486851501464841 13.224006652832031 13.174429321289068 12.946450805664057 12.834928894042974 12.933882141113287 12.84909362792969 12.777069091796875 12.717190551757824 12.66985473632812 12.828561401367182 12.799894714355474 12.782420349121082 12.775352478027344
          12.583963012695307 12.40685577392577 12.243946838378918 12.192459106445312 12.054696655273432 12.127798461914068 12.212046813964832 12.307479858398438 12.118461608886719 11.744412231445324 11.286933898925781 10.84569854736327 10.91553344726563 10.799574279785162 11.093281555175793 10.701789855957031 10.322413635253895 10.057197570800781 9.804318237304699 9.164942932128895
          9.035691833496088 8.81719818115235 8.20880584716798 1.0316452026367244 0.8590499877929716 1.013768005371091 0.6013000488281222 0.11954803466797159 0.2630416870117216 0.7250518798828125 1.0048309326171818 1.0964508056640625 1.3904205322265568 1.0891204833984318 0.6667022705078125 0.9266677856445256 1.1866333007812528 1.4455230712890597 1.507136535644534 1.6713058471679716
          1.4451492309570284 1.0255157470703153 0.7123519897460966 0.4055282592773466 0.2018936157226534 0.09737396240234375 -0.015179443359372158 0.7697616577148381 2.247117614746088 4.006201171875006 5.262705993652347 6.218196105957034 6.875288391113287 7.532472229003901 8.08902282714844 8.641415405273435 9.094662475585935 9.642355346679693 10.180229187011719 10.620674133300781
          11.061874389648438 11.311596679687497 11.761334228515622 12.213238525390622 13.235403442382818 13.565388488769528 13.7052001953125 13.660995483398438 13.538229370117193 13.43410949707031 13.25127563476562 13.184761047363281 13.037091064453122 12.907334899902338 12.793775939941412 12.694010925292972 12.512007141113287 12.540852355957028 12.58037872314452 12.533058166503906
          12.594046020507818 12.665135192871105 12.648454284667963 12.64179077148438 12.352812194824224 12.177574157714844 12.016938781738276 12.067282104492193 12.129237365722645 12.104216003417974 12.386404418945318 12.282989501953125 11.995870971679693 11.822134399414068 11.464648437499989 11.123092651367188 11.192736816406239 11.175122070312511 11.069813537597668 10.877650451660145
          10.59857177734375 10.230998229980457 9.778111267089855 9.138285827636707 8.609690856933582 8.890090942382812 8.98028717041015 1.1939605712890682 0.8260269165039062 0.6877258300781222 0.8743652343750057 1.1898742675781193 0.7429351806640625 0.31892242431641193 0.3111526489257841 0.22059478759766193 0.2381698608398466 0.25762939453125 0.5288177490234318 0.9958557128906307
          1.0640075683593722 1.2229278564453097 1.3780181884765597 1.4363128662109403 1.4002227783203125 1.0752029418945312 1.1548370361328182 0.8494705200195369 0.5567687988281307 -0.0137786865234375 -0.003825378417971592 1.1027206420898494 2.705535888671875 4.374873352050784 5.824389648437503 6.573616027832031 7.125444030761713 7.776486206054685 8.328031921386724 8.970056152343744
          9.315086364746094 9.7576904296875 10.38772888183594 10.820208740234378 11.058700561523438 11.304730224609372 11.749897766113278 12.196522521972653 13.115414428710935 13.438899230957034 13.478924560546872 13.531896972656256 13.406391906738278 13.20391235351562 13.118415832519531 12.952763366699216 12.80541381835937 12.675184631347662 12.561656188964847 12.462631225585938
          12.280337524414065 12.21148681640625 12.351760864257812 12.40496673583985 12.564443969726568 12.4377456665039 12.42242279052735 12.417788696289051 12.229214477539074 12.055128479003912 11.994119262695307 11.946255493164074 12.010400390624994 12.283174133300776 12.366415405273443 12.164907836914068 11.97827758789063 11.904876708984375 11.746742248535156 11.603668212890625
          11.573106384277338 11.455476379394526 11.350328063964838 11.257600402832026 11.077629089355469 10.810406494140636 10.255398559570324 9.914436340332031 9.784498596191412 10.163655090332043 10.05358428955077 0.8322891235351619 0.5657363891601506 0.43159332275391193 0.62725830078125 1.1514572143554744 1.6034881591796903 1.982893371582037 1.9905578613281278 1.221888732910159
          0.46679992675781534 -0.006394958496088066 0.3103424072265568 0.7820037841796932 0.8522079467773409 1.0039031982421847 1.1492279052734347 1.1928131103515653 1.1469573974609375 0.8179779052734375 0.9016632080078182 0.6968917846679688 0.6870544433593722 -0.016467285156252842 0.18260955810546875 1.4299728393554716 2.944453430175784 4.617781066894537 5.969113159179685 6.715600585937494
          7.362278747558591 7.910093688964849 8.359236145019537 8.998788452148432 9.533534240722659 9.965586853027347 10.393061828613284 10.822596740722659 11.155976867675776 11.396765136718756 11.739498901367185 12.277067565917974 12.997561645507815 13.416102600097659 13.354266357421878 13.307620239257815 13.181626892089838 12.977209472656256 12.792712402343753 12.627235412597656
          12.480564880371091 12.448352050781253 12.236647033691412 12.140269470214847 12.15538940429687 11.984753417968747 11.827919006347656 11.784291076660153 12.046598815917974 12.216871643066412 12.003746032714844 12.001194763183605 11.913482666015625 11.93750457763673 11.777090454101568 11.729837036132807 11.794081115722662 11.968724060058605 12.153636169433582 12.151930236816412
          12.064521789550781 11.990686035156244 11.8314224243164 11.389019775390636 11.45880126953125 11.640515136718761 11.634901428222662 11.541784667968756 11.46076049804688 11.192889404296864 10.838049316406256 10.395843505859375 10.364677429199219 10.643780517578136 10.433480834960932 1.1346450805664006 0.7716934204101591 0.4443252563476534 0.25141143798828125 0.391204833984375
          0.46404876708984943 1.0594375610351534 1.3865112304687557 1.2228546142578125 0.9399261474609375 0.1983184814453125 -0.00426483154296875 0.08782043457031818 0.4634338378906193 0.6937973022460966 0.8232986450195341 1.0370452880859347 0.7742828369140682 0.6391082763671818 0.7370681762695312 0.3567413330078182 0.136962890625 -0.009906005859377842 0.5069702148437472 1.6615280151367244
          3.5658538818359347 4.938639831542972 5.99679260253906 6.741403198242182 7.188340759277338 7.638543701171869 8.283299255371091 8.921066284179688 9.55050964355469 10.073872375488278 10.495075988769528 10.723680114746088 11.05389404296875 11.291600036621091 11.729542541503903 12.356468200683594 12.778678894042969 13.102774047851568 13.235925292968744 13.186326599121088
          12.864277648925778 12.75668640136719 12.47296752929688 12.306948852539065 12.158226013183594 11.928424072265628 11.717543029785162 11.622210693359378 11.541831970214844 11.767495727539057 11.51059265136719 11.366896057128912 11.432881164550778 11.606190490722668 11.691210937499989 11.589804077148443 11.601855468749989 11.626304626464844 11.565394592285145 11.518446350097662
          11.681355285644543 11.657676696777344 11.745350646972668 11.943644714355457 12.054977416992188 11.9803482055664 11.722999572753906 11.976179504394537 11.446723937988281 11.330039978027344 11.624479675292974 11.930104064941418 11.947668457031256 11.479560852050781 11.223789978027355 10.780615234375006 10.349380493164062 10.92803344726562 10.817497253417969 1.6063690185546875
          1.0461029052734432 0.5237472534179659 0.1389663696289034 0.09193572998046307 0.08560028076172443 0.005792236328119316 -0.003314208984377842 -0.0078887939453125 -0.0010620117187443157 0.10692291259765341 0.1058502197265625 -0.012910461425775566 -0.010876464843747158 0.19798126220703693 0.3192504882812557 0.6649124145507841 0.46562042236328693 0.5262725830078097 0.6597549438476591 0.27194976806640625
          -0.020640563964846592 0.1662750244140625 0.8313613891601506 1.985987854003909 4.078488159179685 5.340020751953119 5.614225769042974 6.559790039062506 7.005484008789068 7.455534362792974 8.099221801757807 8.735272216796872 9.361740112304688 9.882669067382807 10.297937011718744 10.525930786132818 10.953298950195318 11.284802246093747 11.618266296386722 12.141621398925778
          12.46066589355469 12.49398498535156 12.920285034179685 12.576019287109375 12.35293273925781 12.24429626464844 11.959379577636724 11.791972351074222 11.543898010253912 11.31450805664062 11.102963256835935 10.81097259521485 10.829808044433591 10.761270141601557 10.903001403808588 10.956008911132812 10.82522888183594 11.098637390136716 11.087167358398432 11.481175231933605
          11.194783020019543 11.319308471679676 11.258695983886724 11.310679626464832 11.374183654785156 11.351718139648426 11.540246582031244 11.936961364746082 11.84998016357423 12.073596191406239 11.814920043945307 11.570892333984375 11.63970489501952 11.621502685546886 11.516583251953136 11.722886657714838 12.039474487304688 11.670703124999989 11.414413452148438 11.070452880859364
          10.43914184570312 11.117520141601574 11.006861877441395 1.3450042724609403 0.9850051879882784 0.5649459838867159 0.18587951660155966 0.05326080322265625 -0.002682495117184658 -0.0018768310546875 -0.00042266845703409217 0.11715240478515909 0.21545562744140057 0.24834289550781818 0.42982177734374716 0.35778656005859943 0.04218749999999716 -0.007417297363275566 -0.016584777832036934 0.051298522949224434
          -0.0006439208984403422 0.24738922119141193 0.23359832763671307 -0.014361572265627842 -0.019987487792974434 0.3287902832031193 1.25408935546875 2.198286437988287 4.086979675292966 5.437243652343753 5.21978759765625 6.168220520019531 6.617576599121094 7.162950134277338 7.708522033691409 8.4442138671875 9.168270874023435 9.690885925292974 10.300431823730463 10.52527465820313
          10.851979064941403 11.180926513671878 11.50982818603515 11.835411071777344 12.250411987304688 12.179977416992188 12.118324279785156 12.07147216796875 11.847462463378903 11.737872314453128 11.45013275146485 11.084403991699219 10.835627746582034 10.506321716308591 10.194898986816412 10.00328979492187 9.925688171386724 10.055921936035162 10.099179077148435 10.250309753417966
          10.122589111328125 10.595982360839841 10.68252868652344 10.7807632446289 10.989892578124994 10.817004394531239 10.955598449707026 11.007910156250006 11.17157440185548 11.2491470336914 11.53637084960937 11.734161376953125 11.746562194824207 11.870140075683594 11.512982177734386 11.66766510009765 11.636523437499989 11.71784057617188 11.712181091308594 11.718965148925776
          12.035560607910156 11.76648406982423 11.609828186035145 11.365333557128906 10.633877563476574 11.112286376953136 11.101559448242199 
        </DataArray>
        <DataArray type="Float64" Name="Drainflow_log" format="ascii">
          nan nan nan nan nan nan nan nan nan nan nan nan nan nan nan nan nan nan nan nan nan
          nan nan nan nan nan nan nan nan nan nan nan nan nan nan nan nan nan nan nan nan
          nan nan nan nan nan nan nan nan nan nan nan nan nan nan nan nan nan nan nan nan
          nan nan nan nan nan nan nan nan nan nan nan nan nan nan nan nan nan nan nan nan
          1.632222757266078 nan nan nan nan nan nan nan nan nan nan nan nan nan nan nan nan nan nan nan
          nan nan nan nan nan nan nan nan nan nan nan nan nan nan nan nan nan nan nan nan
          nan nan nan nan nan nan nan nan nan nan nan nan nan nan nan nan nan nan nan nan
          nan nan nan nan nan nan nan nan nan nan nan nan nan nan nan nan nan nan nan nan
          nan nan nan 1.7625552921855407 nan nan nan nan nan nan nan nan nan nan nan nan nan nan nan nan
          nan nan nan nan nan nan nan nan nan nan nan nan nan nan nan nan nan nan nan nan
          nan nan nan nan nan nan nan nan nan nan nan nan nan nan nan nan nan nan nan nan
          nan nan nan nan nan nan nan nan nan nan nan nan nan nan nan nan nan nan nan nan
          nan nan nan nan nan 1.314375482091848 1.8421195128983663 nan nan nan nan nan nan nan nan nan nan nan nan nan
          nan nan nan nan nan nan nan nan nan nan nan nan nan nan nan nan nan nan nan nan
          nan nan nan nan nan nan nan nan nan nan nan nan nan nan nan nan nan nan nan nan
          nan nan nan nan nan nan nan nan nan nan nan nan nan nan nan nan nan nan nan nan
          nan nan nan nan nan nan nan nan 2.186010456068715 1.787298579429076 nan nan nan nan nan nan nan nan nan nan
          nan nan nan nan nan nan nan nan nan nan nan nan nan nan nan nan nan nan nan nan
          nan nan nan nan nan nan nan nan nan nan nan nan nan nan nan nan nan nan nan nan
          nan nan nan nan nan nan nan nan nan nan nan nan nan nan nan nan nan nan nan nan
          nan nan nan nan nan nan nan nan nan nan nan nan 1.4047800922585965 nan nan nan nan nan nan nan
          nan nan nan nan nan nan nan nan nan nan nan nan nan nan nan nan nan nan nan nan
          nan nan nan nan nan nan nan nan nan nan nan nan nan nan nan nan nan nan nan nan
          nan nan nan nan nan nan nan nan nan nan nan nan nan nan nan nan nan nan nan nan
          nan nan nan nan nan nan nan nan nan nan 0.7169454702872871 0.8438145087018883 1.2091794232193473 1.8029909728471907 nan nan nan nan nan nan
          nan nan nan nan nan nan nan nan nan nan nan nan nan nan nan nan nan nan nan nan
          nan nan nan nan nan nan nan nan nan nan nan nan nan nan nan nan nan nan nan nan
          nan nan nan nan nan nan nan nan nan nan nan nan nan nan nan nan nan nan nan nan
          nan nan nan nan nan nan nan nan nan nan nan nan 1.0909180262080977 1.1627284494217625 1.3183737998304954 nan 1.4259444298452708 nan nan nan
          nan nan nan nan nan nan nan nan nan nan nan nan nan nan nan nan nan nan nan nan
          nan nan nan nan nan nan nan nan nan nan nan nan nan nan nan nan nan nan nan nan
          nan nan nan nan nan nan nan nan nan nan nan nan nan nan nan nan nan nan nan nan
          nan nan nan nan nan nan nan nan nan nan nan nan nan nan nan nan nan nan 1.0081260800818386 -0.2682740668002929
          nan nan nan nan nan nan nan nan nan nan nan nan nan nan nan nan nan nan nan nan
          nan nan nan nan nan nan nan nan nan nan nan nan nan nan nan nan nan nan nan nan
          nan nan nan nan nan nan nan nan nan nan nan nan nan nan nan nan nan nan nan nan
          nan nan nan nan nan nan nan nan nan nan nan nan nan nan nan nan nan nan nan nan
          nan nan nan nan nan nan nan nan nan nan nan nan nan nan nan nan nan nan nan nan
          nan nan nan nan nan nan nan nan nan nan nan nan nan nan nan nan nan nan nan nan
          nan nan nan nan nan nan nan nan nan nan nan nan nan nan nan nan nan nan nan nan
          nan nan nan nan nan nan nan nan nan nan nan nan nan nan nan nan nan nan nan nan
          nan nan nan nan nan nan nan nan nan nan nan nan nan nan nan nan nan nan nan nan
          nan nan nan nan nan nan nan nan nan nan nan nan nan nan nan nan nan nan nan nan
          nan nan nan nan nan nan nan nan nan nan nan nan nan nan nan nan nan nan nan nan
          nan nan nan nan nan nan nan nan nan nan nan nan nan nan nan nan nan nan nan nan
          nan nan nan nan nan nan nan nan nan nan nan nan nan nan nan nan nan nan nan nan
          nan nan nan nan nan nan nan nan nan nan nan nan nan nan nan nan nan nan nan nan
          nan nan nan nan nan nan nan nan nan nan nan nan nan nan nan nan nan nan nan nan
          nan nan nan nan nan nan nan nan nan nan nan nan nan nan nan nan nan nan nan nan
          nan nan nan nan nan nan nan nan nan nan nan nan nan nan nan nan nan nan nan nan
          nan nan nan nan nan nan nan nan nan nan nan nan nan nan nan nan nan nan nan nan
          nan nan nan nan nan nan nan nan nan nan nan nan nan nan nan nan nan nan nan nan
          nan nan nan nan nan nan nan nan nan nan nan nan nan nan nan nan nan nan nan nan
          nan nan nan nan nan nan nan nan nan nan nan nan nan nan nan nan nan nan nan nan
          nan nan nan nan nan nan nan nan nan nan nan nan nan nan nan nan nan nan nan nan
          nan nan nan nan nan nan nan nan nan nan nan nan nan nan nan nan nan nan nan nan
          nan nan nan nan nan nan nan nan nan nan nan nan nan nan nan nan nan nan nan nan
          nan nan nan nan nan nan nan nan nan nan nan nan nan nan nan nan nan nan nan nan
          nan nan nan nan nan nan nan nan nan nan nan nan nan nan nan nan nan nan nan nan
          nan nan nan nan nan nan nan nan nan nan nan nan nan nan nan nan nan nan nan nan
          nan nan nan nan nan nan nan nan nan nan nan nan nan nan nan nan nan nan nan nan
          nan nan nan nan nan nan nan nan nan nan nan nan nan nan nan nan nan nan nan nan
          nan nan nan nan nan nan nan nan nan nan nan nan nan nan nan nan nan nan nan nan
          nan nan nan nan nan nan nan nan nan nan nan nan nan nan nan nan nan nan nan nan
          nan nan nan nan nan nan nan nan nan nan nan nan nan nan nan nan nan nan nan nan
          nan nan nan nan nan nan nan nan nan nan nan nan nan nan nan nan nan nan nan nan
          nan nan nan nan nan nan nan nan nan nan nan nan nan nan nan nan nan nan nan nan
          nan nan nan nan nan nan nan nan nan nan nan nan nan nan nan nan nan nan nan nan
          nan nan nan nan nan nan nan nan nan nan nan nan nan nan nan nan nan nan nan nan
          nan nan nan nan nan nan nan nan nan nan nan nan nan nan nan nan nan nan nan nan
          nan nan nan nan nan nan nan nan nan nan nan nan nan nan nan nan nan nan nan nan
          nan nan nan nan nan nan nan nan nan nan nan nan nan nan nan nan nan nan nan nan
          nan nan nan nan nan nan nan nan nan nan nan nan nan nan nan nan nan nan nan nan
          nan nan nan nan nan nan nan nan nan nan nan nan nan nan nan nan nan nan nan nan
          nan nan nan nan nan nan nan nan nan nan nan nan nan nan nan nan nan nan nan nan
          nan nan nan nan nan nan nan nan nan nan nan nan nan nan nan nan nan nan nan nan
          nan nan nan nan nan nan nan nan nan nan nan nan nan nan nan nan nan nan nan nan
          nan nan nan nan nan nan nan nan nan nan nan nan nan nan nan nan nan nan nan nan
          nan nan nan nan nan nan nan nan nan nan nan nan nan nan nan nan nan nan nan nan
          nan nan nan nan nan nan nan nan nan nan nan nan nan nan nan nan nan nan nan nan
          nan nan nan nan nan nan nan nan nan nan nan nan nan nan nan nan nan nan nan nan
          nan nan nan nan nan nan nan nan nan nan nan nan nan nan nan nan nan nan nan nan
          nan nan nan nan nan nan nan nan nan nan nan nan nan nan nan nan nan nan nan nan
          nan nan nan nan nan nan nan nan nan nan nan nan nan nan nan nan nan nan nan nan
          nan nan nan nan nan nan nan nan nan nan nan nan nan nan nan nan nan nan nan nan
          nan nan nan nan nan nan nan nan nan nan nan nan nan nan nan nan nan nan nan nan
          nan nan nan nan nan nan nan nan nan nan nan nan nan nan nan nan nan nan nan nan
          nan nan nan nan nan nan nan nan nan nan nan nan nan nan nan nan nan nan nan nan
          nan nan nan nan nan nan nan nan nan nan nan nan nan nan nan nan nan nan nan nan
          nan nan nan nan nan nan nan nan nan nan nan nan nan nan nan nan nan nan nan nan
          nan nan nan nan nan nan nan nan nan nan nan nan nan nan nan nan nan nan nan nan
          nan nan nan nan nan nan nan nan nan nan nan nan nan nan nan nan nan nan nan nan
          nan nan nan nan nan nan nan nan nan nan nan nan nan nan nan nan nan nan nan nan
          nan nan nan nan nan nan nan nan nan nan nan nan nan nan nan nan nan nan nan nan
          nan nan nan nan nan nan nan nan nan nan nan nan nan nan nan nan nan nan nan nan
          nan nan nan nan nan nan nan nan nan nan nan nan nan nan nan nan nan nan nan nan
          nan nan nan nan nan nan nan nan nan nan nan nan nan nan nan nan nan nan nan nan
          nan nan nan nan nan nan nan nan nan nan nan nan nan nan nan nan nan nan nan nan
          nan nan nan nan nan nan nan nan nan nan nan nan nan nan nan nan nan nan nan nan
          nan nan nan nan nan nan nan nan nan nan nan nan nan nan nan nan nan nan nan nan
          nan nan nan nan nan nan nan nan nan nan nan nan nan nan nan nan nan nan nan nan
          nan nan nan nan nan nan nan nan nan nan nan nan nan nan nan nan nan nan nan nan
          nan nan nan nan nan nan nan nan nan nan nan nan nan nan nan nan nan nan nan nan
          nan nan nan nan nan nan nan nan nan nan nan nan nan nan nan nan nan nan nan nan
          nan nan nan nan nan nan nan nan nan nan nan nan nan nan nan nan nan nan nan nan
          nan nan nan nan nan nan nan nan nan nan nan nan nan nan nan nan nan nan nan nan
          nan nan nan nan nan nan nan nan nan nan nan nan nan nan nan nan nan nan nan nan
          nan nan nan nan nan nan nan nan nan nan nan nan nan nan nan nan nan nan nan nan
          nan nan nan nan nan nan nan nan nan nan nan nan nan nan nan nan nan nan nan nan
          nan nan nan nan nan nan nan nan nan nan nan nan nan nan nan nan nan nan nan nan
          nan nan nan nan nan nan nan nan nan nan nan nan nan nan nan nan nan nan nan nan
          nan nan nan nan nan nan nan nan nan nan nan nan nan nan nan nan nan nan nan nan
          nan nan nan nan nan nan nan nan nan nan nan nan nan nan nan nan nan nan nan nan
          nan nan nan nan nan nan nan nan nan nan nan nan nan nan nan nan nan nan nan nan
          nan nan nan nan nan nan nan nan nan nan nan nan nan nan nan nan nan nan nan nan
          nan nan nan nan nan nan nan nan nan nan nan nan nan nan nan nan nan nan nan nan
          nan nan nan nan nan nan nan nan nan nan nan nan nan nan nan nan nan nan nan nan
          nan nan nan nan nan nan nan nan nan nan nan nan nan nan nan nan nan nan nan nan
          nan nan nan nan nan nan nan nan nan nan nan nan nan nan nan nan nan nan nan nan
          nan nan nan nan nan nan nan nan nan nan nan nan nan nan nan nan nan nan nan nan
          nan nan nan nan nan nan nan nan nan nan nan nan nan nan nan nan nan nan nan nan
          nan nan nan nan nan nan nan nan nan nan nan nan nan nan nan nan nan nan nan nan
          nan nan nan nan nan nan nan nan nan nan nan nan nan nan nan nan nan nan nan nan
          nan nan nan nan nan nan nan nan nan nan nan nan nan nan nan nan nan nan nan nan
          nan nan nan nan nan nan nan nan nan nan nan nan nan nan nan nan nan nan nan nan
          nan nan nan nan nan nan nan nan nan nan nan nan nan nan nan nan nan nan nan nan
          nan nan nan nan nan nan nan nan nan nan nan nan nan nan nan nan nan nan nan nan
          nan nan nan nan nan nan nan nan nan nan nan nan nan nan nan nan nan nan nan nan
          nan nan nan nan nan nan nan nan nan nan nan nan nan nan nan nan nan nan nan nan
          nan nan nan nan nan nan nan nan nan nan nan nan nan nan nan nan nan nan nan nan
          nan nan nan nan nan nan nan nan nan nan nan nan nan nan nan nan nan nan nan nan
          nan nan nan nan nan nan nan nan nan nan nan nan nan nan nan nan nan nan nan nan
          nan nan nan nan nan nan nan nan nan nan nan nan nan nan nan nan nan nan nan nan
          nan nan nan nan nan nan nan nan nan nan nan nan nan nan nan nan nan nan nan nan
          nan nan nan nan nan nan nan nan nan nan nan nan nan nan nan nan nan nan nan nan
          nan nan nan nan nan nan nan nan nan nan nan nan nan nan nan nan nan nan nan nan
          nan nan nan nan nan nan nan nan nan nan nan nan nan nan nan nan nan nan nan nan
          nan nan nan nan nan nan nan nan nan nan nan nan nan nan nan nan nan nan nan nan
          nan nan nan nan nan nan nan nan nan nan nan nan nan nan nan nan nan nan nan nan
          nan nan nan nan nan nan nan nan nan nan nan nan nan nan nan nan nan nan nan nan
          nan nan nan nan nan nan nan nan nan nan nan nan nan nan nan nan nan nan nan nan
          nan nan nan nan nan nan nan nan nan nan nan nan nan nan nan nan nan nan nan nan
          nan nan nan nan nan nan nan nan nan nan nan nan nan nan nan nan nan nan nan nan
          nan nan nan nan nan nan nan nan nan nan nan nan nan nan nan nan nan nan nan nan
          nan nan nan nan nan nan nan nan nan nan nan nan nan nan nan nan nan nan nan nan
          nan nan nan nan nan nan nan nan nan nan nan nan nan nan nan nan nan nan nan nan
          nan nan nan nan nan nan nan nan nan nan nan nan nan nan nan nan nan nan nan nan
          nan nan nan nan nan nan nan nan nan nan nan nan nan nan nan nan nan nan nan nan
          nan nan nan nan nan nan nan nan nan nan nan nan nan nan nan nan nan nan nan nan
          nan nan nan nan nan nan nan nan nan nan nan nan nan nan nan nan nan nan nan nan
          nan nan nan nan nan nan nan nan nan nan nan nan nan nan nan nan nan nan nan nan
          nan nan nan nan nan nan nan nan nan nan nan nan nan nan nan nan nan nan nan nan
          nan nan nan nan nan nan nan nan nan nan nan nan nan nan nan nan nan nan nan nan
          nan nan nan nan nan nan nan nan nan nan nan nan nan nan nan nan nan nan nan nan
          nan nan nan nan nan nan nan nan nan nan nan nan nan nan nan nan nan nan nan nan
          nan nan nan nan nan nan nan nan nan nan nan nan nan nan nan nan nan nan nan nan
          nan nan nan nan nan nan nan nan nan nan nan nan nan nan nan nan nan nan nan nan
          nan nan nan nan nan nan nan nan nan nan nan nan nan nan nan nan nan nan nan nan
          nan nan nan nan nan nan nan nan nan nan nan nan nan nan nan nan nan nan nan nan
          nan nan nan nan nan nan nan nan nan nan nan nan nan nan nan nan nan nan nan nan
          nan nan nan nan nan nan nan nan nan nan nan nan nan nan nan nan nan nan nan nan
          nan nan nan nan nan nan nan nan nan nan nan nan nan nan nan nan nan nan 0.0976160635779082 nan
          nan nan nan nan nan nan nan nan nan nan nan nan nan nan nan nan nan nan nan nan
          nan nan nan nan nan nan nan nan nan nan nan nan nan nan nan nan nan nan nan nan
          nan nan nan nan nan nan nan nan nan nan nan nan nan nan nan nan nan nan nan nan
          nan nan nan nan nan nan nan nan nan nan nan nan nan nan nan nan nan nan nan nan
          nan nan 0.9598712438554778 nan nan nan nan nan nan nan nan nan nan nan nan nan nan nan nan nan
          nan nan nan nan nan nan nan nan nan nan nan nan nan nan nan nan nan nan nan nan
          nan nan nan nan nan nan nan nan nan nan nan nan nan nan nan nan nan nan nan nan
          nan nan nan nan nan nan nan nan nan nan nan nan nan nan nan nan nan nan nan nan
          nan nan nan nan nan 0.5735936503864807 nan nan nan nan nan nan nan nan nan nan nan nan nan nan
          nan nan nan nan nan nan nan nan nan nan nan nan nan nan nan nan nan nan nan nan
          nan nan nan nan nan nan nan nan nan nan nan nan nan nan nan nan nan nan nan nan
          nan nan nan nan nan nan nan nan nan nan nan nan nan nan nan nan nan nan nan nan
          nan nan nan nan nan nan nan nan nan 1.522079247540318 nan nan nan nan nan nan nan nan nan nan
          nan nan nan nan nan nan nan nan nan nan nan nan nan nan nan nan nan nan nan nan
          nan nan nan nan nan nan nan nan nan nan nan nan nan nan nan nan nan nan nan nan
          nan nan nan nan nan nan nan nan nan nan nan nan nan nan nan nan nan nan nan nan
          nan nan nan nan nan nan nan nan nan nan nan nan nan 1.378082035350646 nan nan nan nan nan nan
          nan nan nan nan nan nan nan nan nan nan nan nan nan nan nan nan nan nan nan nan
          nan nan nan nan nan nan nan nan nan nan nan nan nan nan nan nan nan nan nan nan
          nan nan nan nan nan nan nan nan nan nan nan nan nan nan nan nan nan nan nan nan
          nan nan nan nan nan nan nan nan nan nan nan nan nan nan nan nan nan 0.9985253123208541 nan nan
          nan nan nan nan nan nan nan nan nan nan nan nan nan nan nan nan nan nan nan nan
          nan nan nan nan nan nan nan nan nan nan nan nan nan nan nan nan nan nan nan nan
          nan nan nan nan nan nan nan nan nan nan nan nan nan nan nan nan nan nan nan nan
          nan nan nan nan nan nan nan nan nan nan nan nan nan nan nan nan nan nan nan 1.6171467944897508
          1.3356333991122102 1.3464191031674893 1.0976881311183178 1.3212308552744112 nan nan nan nan nan nan nan nan nan nan nan nan nan nan nan nan
          nan nan nan nan nan nan nan nan nan nan nan nan nan nan nan nan nan nan nan nan
          nan nan nan nan nan nan nan nan nan nan nan nan nan nan nan nan nan nan nan nan
          nan nan nan nan nan nan nan nan nan nan nan nan nan nan nan nan nan nan nan nan
          nan 0.7704896745942458 1.5203984353912565 1.3585135657777574 1.3438549450878547 nan nan nan 1.302647482869349 nan nan nan nan nan nan nan nan nan nan nan
          nan nan nan nan nan nan nan nan nan nan nan nan nan nan nan nan nan nan nan nan
          nan nan nan nan nan nan nan nan nan nan nan nan nan nan nan nan nan nan nan nan
          nan nan nan nan nan nan nan nan nan nan nan nan nan nan nan nan nan nan nan nan
          nan 1.802637332519086 2.0487793668708294 1.495074532904647 nan 1.1268646833012266 1.3487402756065097 nan nan nan nan nan nan nan nan nan nan nan nan nan
          nan nan nan nan nan nan nan nan nan nan nan nan nan nan nan nan nan nan nan nan
          nan nan nan nan nan nan nan nan nan nan nan nan nan nan nan nan nan nan nan nan
          nan nan nan nan nan nan nan nan nan nan nan nan nan nan nan nan nan nan nan nan
          nan nan nan nan 1.8822951185976406 nan nan nan nan nan nan nan nan nan nan nan nan nan nan nan
          nan nan nan nan nan nan nan nan nan nan nan nan nan nan nan nan nan nan nan nan
          nan nan nan nan nan nan nan nan nan nan nan nan nan nan nan nan nan nan nan nan
          nan nan nan nan nan nan nan nan nan nan nan nan nan nan nan nan nan nan nan nan
          nan nan nan nan nan nan nan nan nan nan nan nan nan nan nan nan nan nan nan nan
          nan nan nan nan nan nan nan nan nan nan nan nan nan nan nan nan nan nan nan nan
          nan nan nan nan nan nan nan nan nan nan nan nan nan nan nan nan nan nan nan nan
          nan nan nan nan nan nan nan nan nan nan nan nan nan nan nan nan nan nan nan nan
          nan nan nan nan nan nan nan nan nan 1.2230808621118712 1.3215889752316554 nan nan nan nan nan nan nan nan nan
          nan nan nan nan nan nan nan nan nan nan nan nan nan nan nan nan nan nan nan nan
          nan nan nan nan nan nan nan nan nan nan nan nan nan nan nan nan nan nan nan nan
          nan nan nan nan nan nan nan nan nan nan nan nan nan nan nan nan nan nan nan nan
          nan nan nan nan nan nan nan nan nan nan nan nan nan 1.718389310022211 1.2198867321830658 nan nan nan nan nan
          nan nan nan nan nan nan nan nan nan nan nan nan nan nan nan nan nan nan nan nan
          nan nan nan nan nan nan nan nan nan nan nan nan nan nan nan nan nan nan nan nan
          nan nan nan nan nan nan nan nan nan nan nan nan nan nan nan nan nan nan nan nan
          nan nan nan nan nan nan nan nan nan nan nan nan nan nan nan nan 0.8538875867403757 nan nan nan
          nan nan nan nan nan nan nan nan nan nan nan nan nan nan nan nan nan nan nan nan
          nan nan nan nan nan nan nan nan nan nan nan nan nan nan nan nan nan nan nan nan
          nan nan nan nan nan nan nan nan nan nan nan nan nan nan nan nan nan nan nan nan
          nan nan nan nan nan nan nan nan nan nan nan nan nan nan nan nan nan nan nan 1.6084843528728336
          nan nan nan nan nan nan nan nan nan nan nan nan nan nan nan nan nan nan nan nan
          nan nan nan nan nan nan nan nan nan nan nan nan nan nan nan nan nan nan nan nan
          nan nan nan nan nan nan nan nan nan nan nan nan nan nan nan nan nan nan nan nan
          nan nan nan nan nan nan nan nan nan nan nan nan nan nan nan nan nan nan nan nan
          nan nan 1.642725830690897 1.0731724281471664 nan nan nan nan nan nan nan nan nan nan nan nan nan nan nan nan
          nan nan nan nan nan nan nan nan nan nan nan nan nan nan nan nan nan nan nan nan
          nan nan nan nan nan nan nan nan nan nan nan nan nan nan nan nan nan nan nan nan
          nan nan nan nan nan nan nan nan nan nan nan nan nan nan nan nan nan nan nan nan
          nan nan nan nan nan 1.6525262076136455 0.7581009507592907 nan nan nan nan nan nan nan nan nan nan nan nan nan
          nan nan nan nan nan nan nan nan nan nan nan nan nan nan nan nan nan nan nan nan
          nan nan nan nan nan nan nan nan nan nan nan nan nan nan nan nan nan nan nan nan
          nan nan nan nan nan nan nan nan nan nan nan nan nan nan nan nan nan nan nan nan
          nan nan nan nan nan nan nan nan 1.369057620628109 1.0502881160745954 nan nan nan nan nan nan nan nan nan nan
          nan nan nan nan nan nan nan nan nan nan nan nan nan nan nan nan nan nan nan nan
          nan nan nan nan nan nan nan nan nan nan nan nan nan nan nan nan nan nan nan nan
          nan nan nan nan nan nan nan nan nan nan nan nan nan nan nan nan nan nan nan nan
          nan nan nan nan nan nan nan nan nan nan nan 1.6317061995546 0.14698223819049444 nan nan nan nan nan nan nan
          nan nan nan nan nan nan nan nan nan nan nan nan nan nan nan nan nan nan nan nan
          nan nan nan nan nan nan nan nan nan nan nan nan nan nan nan nan nan nan nan nan
          nan nan nan nan nan nan nan nan nan nan nan nan nan nan nan nan nan nan nan nan
          nan nan nan nan nan nan nan nan nan nan nan nan nan nan 1.4069901154396574 -1.3555252982315742 nan nan nan nan
          nan nan nan nan nan nan nan nan nan nan nan nan nan nan nan nan nan nan nan nan
          nan nan nan nan nan nan nan nan nan nan nan nan nan nan nan nan nan nan nan nan
          nan nan nan nan nan nan nan nan nan nan nan nan nan nan nan nan nan nan nan nan
          nan nan nan nan nan nan nan nan nan nan nan nan nan nan nan nan nan 1.314924460470729 1.4044704861349535 nan
          nan nan nan nan nan nan nan nan nan nan nan nan nan nan nan nan nan nan nan nan
          nan nan nan nan nan nan nan nan nan nan nan nan nan nan nan nan nan nan nan nan
          nan nan nan nan nan nan nan nan nan nan nan nan nan nan nan nan nan nan nan nan
          nan nan nan nan nan nan nan nan nan nan nan nan nan nan nan nan nan nan nan nan
          1.5521879340055242 1.566048953334501 nan nan nan nan nan nan nan nan nan nan nan nan nan nan nan nan nan nan
          nan nan nan nan nan nan nan nan nan nan nan nan nan nan nan nan nan nan nan nan
          nan nan nan nan nan nan nan nan nan nan nan nan nan nan nan nan nan nan nan nan
          nan nan nan nan nan nan nan nan nan nan nan nan nan nan nan nan nan nan nan nan
          nan nan nan nan nan 1.109089173476642 nan nan nan nan nan nan nan nan nan nan nan nan nan nan
          nan nan nan nan nan nan nan nan nan nan nan nan nan nan nan nan nan nan nan nan
          nan nan nan nan nan nan nan nan nan nan nan nan nan nan nan nan nan nan nan nan
          nan nan nan nan nan nan nan nan nan nan nan nan nan nan nan nan nan nan nan nan
          nan nan nan nan nan nan nan 1.4242729390532662 nan nan nan nan nan nan nan nan nan nan nan nan
          nan nan nan nan nan nan nan nan nan nan nan nan nan nan nan nan nan nan nan nan
          nan nan nan nan nan nan nan nan nan nan nan nan nan nan nan nan nan nan nan nan
          nan nan nan nan nan nan nan nan nan nan nan nan nan nan nan nan nan nan nan nan
          nan nan nan nan nan nan nan nan nan nan nan 1.198954305561375 1.1245432675149571 nan nan nan nan nan nan nan
          nan nan nan nan nan nan nan nan nan nan nan nan nan nan nan nan nan nan nan nan
          nan nan nan nan nan nan nan nan nan nan nan nan nan nan nan nan nan nan nan nan
          nan nan nan nan nan nan nan nan nan nan nan nan nan nan nan nan nan nan nan nan
          nan nan nan nan nan nan nan nan nan nan nan nan nan nan nan 1.7354017378703444 nan nan nan nan
          nan nan nan nan nan nan nan nan nan nan nan nan nan nan nan nan nan nan nan nan
          nan nan nan nan nan nan nan nan nan nan nan nan nan nan nan nan nan nan nan nan
          nan nan nan nan nan nan nan nan nan nan nan nan nan nan nan nan nan nan nan nan
          nan nan nan nan nan nan nan nan nan nan nan nan nan nan nan nan nan nan 1.3802577304224495 nan
          nan nan nan nan nan nan nan nan nan nan nan nan nan nan nan nan nan nan nan nan
          nan nan nan nan nan nan nan nan nan nan nan nan nan nan nan nan nan nan nan nan
          nan nan nan nan nan nan nan nan nan nan nan nan nan nan nan nan nan nan nan nan
          nan nan nan nan nan nan nan nan nan nan nan nan nan nan nan nan nan nan nan nan
          nan nan 1.4302857243841625 nan nan nan nan nan nan nan nan nan nan nan nan nan nan nan nan nan
          nan nan nan nan nan nan nan nan nan nan nan nan nan nan nan nan nan nan nan nan
          nan nan nan nan nan nan nan nan nan nan nan nan nan nan nan nan nan nan nan nan
          nan nan nan nan nan nan nan nan nan nan nan nan nan nan nan nan nan nan nan nan
          nan nan nan nan 0.08935721081761734 1.4740510794933128 nan nan nan nan nan nan nan nan nan nan nan nan nan nan
          nan nan nan nan nan nan nan nan nan nan nan nan nan nan nan nan nan nan nan nan
          nan nan nan nan nan nan nan nan nan nan nan nan nan nan nan nan nan nan nan nan
          nan nan nan nan nan nan nan nan nan nan nan nan nan nan nan nan nan nan nan nan
          nan nan nan nan nan nan nan nan 1.242431366882286 nan 0.927807379245717 nan nan nan nan nan nan nan nan nan
          nan nan nan nan nan nan nan nan nan nan nan nan nan nan nan nan nan nan nan nan
          nan nan nan nan nan nan nan nan nan nan nan nan nan nan nan nan nan nan nan nan
          nan nan nan nan nan nan nan nan nan nan nan nan nan nan nan nan nan nan nan nan
          nan nan nan nan nan nan nan nan nan nan nan nan 0.5557392769681357 nan 1.3511080890660927 1.6712945314427299 nan nan nan nan
          nan nan nan nan nan nan nan nan nan nan nan nan nan nan nan nan nan nan nan nan
          nan nan nan nan nan nan nan nan nan nan nan nan nan nan nan nan nan nan nan nan
          nan nan nan nan nan nan nan nan nan nan nan nan nan nan nan nan nan nan nan nan
          nan nan nan nan nan nan nan nan nan nan nan nan nan nan nan nan nan 0.7718804472972117 1.7415293369701528 nan
          nan nan nan nan nan nan nan nan nan nan nan nan nan nan nan nan nan nan nan nan
          nan nan nan nan nan nan nan nan nan nan nan nan nan nan nan nan nan nan nan nan
          nan nan nan nan nan nan nan nan nan nan nan nan nan nan nan nan nan nan nan nan
          nan nan nan nan nan nan nan nan nan nan nan nan nan nan nan nan nan nan nan nan
          nan nan 1.7356983939627684 nan nan nan nan nan nan nan nan nan nan nan nan nan nan nan nan nan
          nan nan nan nan nan nan nan nan nan nan nan nan nan nan nan nan nan nan nan nan
          nan nan nan nan nan nan nan nan nan nan nan nan nan nan nan nan nan nan nan nan
          nan nan nan nan nan nan nan nan nan nan nan nan nan nan nan nan nan nan nan nan
          nan nan nan nan nan nan 1.5847601759293897 nan nan nan nan nan nan nan nan nan nan nan nan nan
          nan nan nan nan nan nan nan nan nan nan nan nan nan nan nan nan nan nan nan nan
          nan nan nan nan nan nan nan nan nan nan nan nan nan nan nan nan nan nan nan nan
          nan nan nan nan nan nan nan nan nan nan nan nan nan nan nan nan nan nan nan nan
          nan nan nan nan nan nan nan nan nan 1.5426627358890055 0.9858739162491217 nan nan nan nan nan nan nan nan nan
          nan nan nan nan nan nan nan nan nan nan nan nan nan nan nan nan nan nan nan nan
          nan nan nan nan nan nan nan nan nan nan nan nan nan nan nan nan nan nan nan nan
          nan nan nan nan nan nan nan nan nan nan nan nan nan nan nan nan nan nan nan nan
          nan 1.2090693376424952 nan nan nan nan nan nan nan nan nan nan nan 1.619941267371343 nan nan nan nan nan nan
          nan nan nan nan nan nan nan nan nan nan nan nan nan nan nan nan nan nan nan nan
          nan nan nan nan nan nan nan nan nan nan nan nan nan nan nan nan nan nan nan nan
          nan nan nan nan nan nan nan nan nan nan nan nan nan nan nan nan nan nan nan nan
          nan nan nan nan nan nan 1.0331759157989173 nan nan nan nan nan nan nan nan nan nan 1.3991688336582 nan nan
          nan nan nan nan nan nan nan nan nan nan nan nan nan nan nan nan nan nan nan nan
          nan nan nan nan nan nan nan nan nan nan nan nan nan nan nan nan nan nan nan nan
          nan nan nan nan nan nan nan nan nan nan nan nan nan nan nan nan nan nan nan nan
          nan nan nan nan nan nan 0.9230663573534975 1.300341795105429 0.42910552476789027 nan nan 1.5143897647404432 1.44007462367482 nan nan nan nan nan nan nan
          1.7181353430745574 nan nan nan nan nan nan nan nan nan nan nan nan nan nan nan nan nan nan nan
          nan nan nan nan nan nan nan nan nan nan nan nan nan nan nan nan nan nan nan nan
          nan nan nan nan nan nan nan nan nan nan nan nan nan nan nan nan nan nan nan nan
          nan nan nan nan nan nan nan nan 0.8334469018840752 0.6769342443045503 0.023583112729502666 nan nan nan nan nan nan 1.273370360918301 1.6233030904342354 nan
          0.20869519129972447 nan nan 1.560591348025648 1.7041793149967328 nan nan nan nan nan nan nan nan nan nan nan nan nan nan nan
          nan nan nan nan nan nan nan nan nan nan nan nan nan nan nan nan nan nan nan nan
          nan nan nan nan nan nan nan nan nan nan nan nan nan nan nan nan nan nan nan nan
          nan nan nan nan nan nan nan 
        </DataArray>
        <DataArray type="Float64" Name="Drainflow" format="ascii">
          nan nan nan nan nan nan nan nan nan nan nan nan nan nan nan nan nan nan nan nan nan
          nan nan nan nan nan nan nan nan nan nan nan nan nan nan nan nan nan nan nan nan
          nan nan nan nan nan nan nan nan nan nan nan nan nan nan nan nan nan nan nan nan
          nan nan nan nan nan nan nan nan nan nan nan nan nan nan nan nan nan nan nan nan
          42.87683868408203 nan nan nan nan nan nan nan nan nan nan nan nan nan nan nan nan nan nan nan
          nan nan nan nan nan nan nan nan nan nan nan nan nan nan nan nan nan nan nan nan
          nan nan nan nan nan nan nan nan nan nan nan nan nan nan nan nan nan nan nan nan
          nan nan nan nan nan nan nan nan nan nan nan nan nan nan nan nan nan nan nan nan
          nan nan nan 57.883567810058594 nan nan nan nan nan nan nan nan nan nan nan nan nan nan nan nan
          nan nan nan nan nan nan nan nan nan nan nan nan nan nan nan nan nan nan nan nan
          nan nan nan nan nan nan nan nan nan nan nan nan nan nan nan nan nan nan nan nan
          nan nan nan nan nan nan nan nan nan nan nan nan nan nan nan nan nan nan nan nan
          nan nan nan nan nan 20.624122619628906 69.52156066894531 nan nan nan nan nan nan nan nan nan nan nan nan nan
          nan nan nan nan nan nan nan nan nan nan nan nan nan nan nan nan nan nan nan nan
          nan nan nan nan nan nan nan nan nan nan nan nan nan nan nan nan nan nan nan nan
          nan nan nan nan nan nan nan nan nan nan nan nan nan nan nan nan nan nan nan nan
          nan nan nan nan nan nan nan nan 153.46539306640625 61.27715301513672 nan nan nan nan nan nan nan nan nan nan
          nan nan nan nan nan nan nan nan nan nan nan nan nan nan nan nan nan nan nan nan
          nan nan nan nan nan nan nan nan nan nan nan nan nan nan nan nan nan nan nan nan
          nan nan nan nan nan nan nan nan nan nan nan nan nan nan nan nan nan nan nan nan
          nan nan nan nan nan nan nan nan nan nan nan nan 25.39686393737793 nan nan nan nan nan nan nan
          nan nan nan nan nan nan nan nan nan nan nan nan nan nan nan nan nan nan nan nan
          nan nan nan nan nan nan nan nan nan nan nan nan nan nan nan nan nan nan nan nan
          nan nan nan nan nan nan nan nan nan nan nan nan nan nan nan nan nan nan nan nan
          nan nan nan nan nan nan nan nan nan nan 5.211292743682861 6.979342460632324 16.18748664855957 63.53177261352539 nan nan nan nan nan nan
          nan nan nan nan nan nan nan nan nan nan nan nan nan nan nan nan nan nan nan nan
          nan nan nan nan nan nan nan nan nan nan nan nan nan nan nan nan nan nan nan nan
          nan nan nan nan nan nan nan nan nan nan nan nan nan nan nan nan nan nan nan nan
          nan nan nan nan nan nan nan nan nan nan nan nan 12.328721046447754 14.545493125915527 20.81487464904785 nan 26.66517448425293 nan nan nan
          nan nan nan nan nan nan nan nan nan nan nan nan nan nan nan nan nan nan nan nan
          nan nan nan nan nan nan nan nan nan nan nan nan nan nan nan nan nan nan nan nan
          nan nan nan nan nan nan nan nan nan nan nan nan nan nan nan nan nan nan nan nan
          nan nan nan nan nan nan nan nan nan nan nan nan nan nan nan nan nan nan 10.188871383666992 0.5391702651977539
          nan nan nan nan nan nan nan nan nan nan nan nan nan nan nan nan nan nan nan nan
          nan nan nan nan nan nan nan nan nan nan nan nan nan nan nan nan nan nan nan nan
          nan nan nan nan nan nan nan nan nan nan nan nan nan nan nan nan nan nan nan nan
          nan nan nan nan nan nan nan nan nan nan nan nan nan nan nan nan nan nan nan nan
          nan nan nan nan nan nan nan nan nan nan nan nan nan nan nan nan nan nan nan nan
          nan nan nan nan nan nan nan nan nan nan nan nan nan nan nan nan nan nan nan nan
          nan nan nan nan nan nan nan nan nan nan nan nan nan nan nan nan nan nan nan nan
          nan nan nan nan nan nan nan nan nan nan nan nan nan nan nan nan nan nan nan nan
          nan nan nan nan nan nan nan nan nan nan nan nan nan nan nan nan nan nan nan nan
          nan nan nan nan nan nan nan nan nan nan nan nan nan nan nan nan nan nan nan nan
          nan nan nan nan nan nan nan nan nan nan nan nan nan nan nan nan nan nan nan nan
          nan nan nan nan nan nan nan nan nan nan nan nan nan nan nan nan nan nan nan nan
          nan nan nan nan nan nan nan nan nan nan nan nan nan nan nan nan nan nan nan nan
          nan nan nan nan nan nan nan nan nan nan nan nan nan nan nan nan nan nan nan nan
          nan nan nan nan nan nan nan nan nan nan nan nan nan nan nan nan nan nan nan nan
          nan nan nan nan nan nan nan nan nan nan nan nan nan nan nan nan nan nan nan nan
          nan nan nan nan nan nan nan nan nan nan nan nan nan nan nan nan nan nan nan nan
          nan nan nan nan nan nan nan nan nan nan nan nan nan nan nan nan nan nan nan nan
          nan nan nan nan nan nan nan nan nan nan nan nan nan nan nan nan nan nan nan nan
          nan nan nan nan nan nan nan nan nan nan nan nan nan nan nan nan nan nan nan nan
          nan nan nan nan nan nan nan nan nan nan nan nan nan nan nan nan nan nan nan nan
          nan nan nan nan nan nan nan nan nan nan nan nan nan nan nan nan nan nan nan nan
          nan nan nan nan nan nan nan nan nan nan nan nan nan nan nan nan nan nan nan nan
          nan nan nan nan nan nan nan nan nan nan nan nan nan nan nan nan nan nan nan nan
          nan nan nan nan nan nan nan nan nan nan nan nan nan nan nan nan nan nan nan nan
          nan nan nan nan nan nan nan nan nan nan nan nan nan nan nan nan nan nan nan nan
          nan nan nan nan nan nan nan nan nan nan nan nan nan nan nan nan nan nan nan nan
          nan nan nan nan nan nan nan nan nan nan nan nan nan nan nan nan nan nan nan nan
          nan nan nan nan nan nan nan nan nan nan nan nan nan nan nan nan nan nan nan nan
          nan nan nan nan nan nan nan nan nan nan nan nan nan nan nan nan nan nan nan nan
          nan nan nan nan nan nan nan nan nan nan nan nan nan nan nan nan nan nan nan nan
          nan nan nan nan nan nan nan nan nan nan nan nan nan nan nan nan nan nan nan nan
          nan nan nan nan nan nan nan nan nan nan nan nan nan nan nan nan nan nan nan nan
          nan nan nan nan nan nan nan nan nan nan nan nan nan nan nan nan nan nan nan nan
          nan nan nan nan nan nan nan nan nan nan nan nan nan nan nan nan nan nan nan nan
          nan nan nan nan nan nan nan nan nan nan nan nan nan nan nan nan nan nan nan nan
          nan nan nan nan nan nan nan nan nan nan nan nan nan nan nan nan nan nan nan nan
          nan nan nan nan nan nan nan nan nan nan nan nan nan nan nan nan nan nan nan nan
          nan nan nan nan nan nan nan nan nan nan nan nan nan nan nan nan nan nan nan nan
          nan nan nan nan nan nan nan nan nan nan nan nan nan nan nan nan nan nan nan nan
          nan nan nan nan nan nan nan nan nan nan nan nan nan nan nan nan nan nan nan nan
          nan nan nan nan nan nan nan nan nan nan nan nan nan nan nan nan nan nan nan nan
          nan nan nan nan nan nan nan nan nan nan nan nan nan nan nan nan nan nan nan nan
          nan nan nan nan nan nan nan nan nan nan nan nan nan nan nan nan nan nan nan nan
          nan nan nan nan nan nan nan nan nan nan nan nan nan nan nan nan nan nan nan nan
          nan nan nan nan nan nan nan nan nan nan nan nan nan nan nan nan nan nan nan nan
          nan nan nan nan nan nan nan nan nan nan nan nan nan nan nan nan nan nan nan nan
          nan nan nan nan nan nan nan nan nan nan nan nan nan nan nan nan nan nan nan nan
          nan nan nan nan nan nan nan nan nan nan nan nan nan nan nan nan nan nan nan nan
          nan nan nan nan nan nan nan nan nan nan nan nan nan nan nan nan nan nan nan nan
          nan nan nan nan nan nan nan nan nan nan nan nan nan nan nan nan nan nan nan nan
          nan nan nan nan nan nan nan nan nan nan nan nan nan nan nan nan nan nan nan nan
          nan nan nan nan nan nan nan nan nan nan nan nan nan nan nan nan nan nan nan nan
          nan nan nan nan nan nan nan nan nan nan nan nan nan nan nan nan nan nan nan nan
          nan nan nan nan nan nan nan nan nan nan nan nan nan nan nan nan nan nan nan nan
          nan nan nan nan nan nan nan nan nan nan nan nan nan nan nan nan nan nan nan nan
          nan nan nan nan nan nan nan nan nan nan nan nan nan nan nan nan nan nan nan nan
          nan nan nan nan nan nan nan nan nan nan nan nan nan nan nan nan nan nan nan nan
          nan nan nan nan nan nan nan nan nan nan nan nan nan nan nan nan nan nan nan nan
          nan nan nan nan nan nan nan nan nan nan nan nan nan nan nan nan nan nan nan nan
          nan nan nan nan nan nan nan nan nan nan nan nan nan nan nan nan nan nan nan nan
          nan nan nan nan nan nan nan nan nan nan nan nan nan nan nan nan nan nan nan nan
          nan nan nan nan nan nan nan nan nan nan nan nan nan nan nan nan nan nan nan nan
          nan nan nan nan nan nan nan nan nan nan nan nan nan nan nan nan nan nan nan nan
          nan nan nan nan nan nan nan nan nan nan nan nan nan nan nan nan nan nan nan nan
          nan nan nan nan nan nan nan nan nan nan nan nan nan nan nan nan nan nan nan nan
          nan nan nan nan nan nan nan nan nan nan nan nan nan nan nan nan nan nan nan nan
          nan nan nan nan nan nan nan nan nan nan nan nan nan nan nan nan nan nan nan nan
          nan nan nan nan nan nan nan nan nan nan nan nan nan nan nan nan nan nan nan nan
          nan nan nan nan nan nan nan nan nan nan nan nan nan nan nan nan nan nan nan nan
          nan nan nan nan nan nan nan nan nan nan nan nan nan nan nan nan nan nan nan nan
          nan nan nan nan nan nan nan nan nan nan nan nan nan nan nan nan nan nan nan nan
          nan nan nan nan nan nan nan nan nan nan nan nan nan nan nan nan nan nan nan nan
          nan nan nan nan nan nan nan nan nan nan nan nan nan nan nan nan nan nan nan nan
          nan nan nan nan nan nan nan nan nan nan nan nan nan nan nan nan nan nan nan nan
          nan nan nan nan nan nan nan nan nan nan nan nan nan nan nan nan nan nan nan nan
          nan nan nan nan nan nan nan nan nan nan nan nan nan nan nan nan nan nan nan nan
          nan nan nan nan nan nan nan nan nan nan nan nan nan nan nan nan nan nan nan nan
          nan nan nan nan nan nan nan nan nan nan nan nan nan nan nan nan nan nan nan nan
          nan nan nan nan nan nan nan nan nan nan nan nan nan nan nan nan nan nan nan nan
          nan nan nan nan nan nan nan nan nan nan nan nan nan nan nan nan nan nan nan nan
          nan nan nan nan nan nan nan nan nan nan nan nan nan nan nan nan nan nan nan nan
          nan nan nan nan nan nan nan nan nan nan nan nan nan nan nan nan nan nan nan nan
          nan nan nan nan nan nan nan nan nan nan nan nan nan nan nan nan nan nan nan nan
          nan nan nan nan nan nan nan nan nan nan nan nan nan nan nan nan nan nan nan nan
          nan nan nan nan nan nan nan nan nan nan nan nan nan nan nan nan nan nan nan nan
          nan nan nan nan nan nan nan nan nan nan nan nan nan nan nan nan nan nan nan nan
          nan nan nan nan nan nan nan nan nan nan nan nan nan nan nan nan nan nan nan nan
          nan nan nan nan nan nan nan nan nan nan nan nan nan nan nan nan nan nan nan nan
          nan nan nan nan nan nan nan nan nan nan nan nan nan nan nan nan nan nan nan nan
          nan nan nan nan nan nan nan nan nan nan nan nan nan nan nan nan nan nan nan nan
          nan nan nan nan nan nan nan nan nan nan nan nan nan nan nan nan nan nan nan nan
          nan nan nan nan nan nan nan nan nan nan nan nan nan nan nan nan nan nan nan nan
          nan nan nan nan nan nan nan nan nan nan nan nan nan nan nan nan nan nan nan nan
          nan nan nan nan nan nan nan nan nan nan nan nan nan nan nan nan nan nan nan nan
          nan nan nan nan nan nan nan nan nan nan nan nan nan nan nan nan nan nan nan nan
          nan nan nan nan nan nan nan nan nan nan nan nan nan nan nan nan nan nan nan nan
          nan nan nan nan nan nan nan nan nan nan nan nan nan nan nan nan nan nan nan nan
          nan nan nan nan nan nan nan nan nan nan nan nan nan nan nan nan nan nan nan nan
          nan nan nan nan nan nan nan nan nan nan nan nan nan nan nan nan nan nan nan nan
          nan nan nan nan nan nan nan nan nan nan nan nan nan nan nan nan nan nan nan nan
          nan nan nan nan nan nan nan nan nan nan nan nan nan nan nan nan nan nan nan nan
          nan nan nan nan nan nan nan nan nan nan nan nan nan nan nan nan nan nan nan nan
          nan nan nan nan nan nan nan nan nan nan nan nan nan nan nan nan nan nan nan nan
          nan nan nan nan nan nan nan nan nan nan nan nan nan nan nan nan nan nan nan nan
          nan nan nan nan nan nan nan nan nan nan nan nan nan nan nan nan nan nan nan nan
          nan nan nan nan nan nan nan nan nan nan nan nan nan nan nan nan nan nan nan nan
          nan nan nan nan nan nan nan nan nan nan nan nan nan nan nan nan nan nan nan nan
          nan nan nan nan nan nan nan nan nan nan nan nan nan nan nan nan nan nan nan nan
          nan nan nan nan nan nan nan nan nan nan nan nan nan nan nan nan nan nan nan nan
          nan nan nan nan nan nan nan nan nan nan nan nan nan nan nan nan nan nan nan nan
          nan nan nan nan nan nan nan nan nan nan nan nan nan nan nan nan nan nan nan nan
          nan nan nan nan nan nan nan nan nan nan nan nan nan nan nan nan nan nan nan nan
          nan nan nan nan nan nan nan nan nan nan nan nan nan nan nan nan nan nan nan nan
          nan nan nan nan nan nan nan nan nan nan nan nan nan nan nan nan nan nan nan nan
          nan nan nan nan nan nan nan nan nan nan nan nan nan nan nan nan nan nan nan nan
          nan nan nan nan nan nan nan nan nan nan nan nan nan nan nan nan nan nan nan nan
          nan nan nan nan nan nan nan nan nan nan nan nan nan nan nan nan nan nan nan nan
          nan nan nan nan nan nan nan nan nan nan nan nan nan nan nan nan nan nan nan nan
          nan nan nan nan nan nan nan nan nan nan nan nan nan nan nan nan nan nan nan nan
          nan nan nan nan nan nan nan nan nan nan nan nan nan nan nan nan nan nan nan nan
          nan nan nan nan nan nan nan nan nan nan nan nan nan nan nan nan nan nan nan nan
          nan nan nan nan nan nan nan nan nan nan nan nan nan nan nan nan nan nan nan nan
          nan nan nan nan nan nan nan nan nan nan nan nan nan nan nan nan nan nan nan nan
          nan nan nan nan nan nan nan nan nan nan nan nan nan nan nan nan nan nan nan nan
          nan nan nan nan nan nan nan nan nan nan nan nan nan nan nan nan nan nan nan nan
          nan nan nan nan nan nan nan nan nan nan nan nan nan nan nan nan nan nan nan nan
          nan nan nan nan nan nan nan nan nan nan nan nan nan nan nan nan nan nan nan nan
          nan nan nan nan nan nan nan nan nan nan nan nan nan nan nan nan nan nan 1.2520338296890259 nan
          nan nan nan nan nan nan nan nan nan nan nan nan nan nan nan nan nan nan nan nan
          nan nan nan nan nan nan nan nan nan nan nan nan nan nan nan nan nan nan nan nan
          nan nan nan nan nan nan nan nan nan nan nan nan nan nan nan nan nan nan nan nan
          nan nan nan nan nan nan nan nan nan nan nan nan nan nan nan nan nan nan nan nan
          nan nan 9.11740493774414 nan nan nan nan nan nan nan nan nan nan nan nan nan nan nan nan nan
          nan nan nan nan nan nan nan nan nan nan nan nan nan nan nan nan nan nan nan nan
          nan nan nan nan nan nan nan nan nan nan nan nan nan nan nan nan nan nan nan nan
          nan nan nan nan nan nan nan nan nan nan nan nan nan nan nan nan nan nan nan nan
          nan nan nan nan nan 3.746223211288452 nan nan nan nan nan nan nan nan nan nan nan nan nan nan
          nan nan nan nan nan nan nan nan nan nan nan nan nan nan nan nan nan nan nan nan
          nan nan nan nan nan nan nan nan nan nan nan nan nan nan nan nan nan nan nan nan
          nan nan nan nan nan nan nan nan nan nan nan nan nan nan nan nan nan nan nan nan
          nan nan nan nan nan nan nan nan nan 33.27202606201172 nan nan nan nan nan nan nan nan nan nan
          nan nan nan nan nan nan nan nan nan nan nan nan nan nan nan nan nan nan nan nan
          nan nan nan nan nan nan nan nan nan nan nan nan nan nan nan nan nan nan nan nan
          nan nan nan nan nan nan nan nan nan nan nan nan nan nan nan nan nan nan nan nan
          nan nan nan nan nan nan nan nan nan nan nan nan nan 23.88262367248535 nan nan nan nan nan nan
          nan nan nan nan nan nan nan nan nan nan nan nan nan nan nan nan nan nan nan nan
          nan nan nan nan nan nan nan nan nan nan nan nan nan nan nan nan nan nan nan nan
          nan nan nan nan nan nan nan nan nan nan nan nan nan nan nan nan nan nan nan nan
          nan nan nan nan nan nan nan nan nan nan nan nan nan nan nan nan nan 9.96610164642334 nan nan
          nan nan nan nan nan nan nan nan nan nan nan nan nan nan nan nan nan nan nan nan
          nan nan nan nan nan nan nan nan nan nan nan nan nan nan nan nan nan nan nan nan
          nan nan nan nan nan nan nan nan nan nan nan nan nan nan nan nan nan nan nan nan
          nan nan nan nan nan nan nan nan nan nan nan nan nan nan nan nan nan nan nan 41.413963317871094
          21.658750534057617 22.203380584716797 12.522416114807129 20.952259063720703 nan nan nan nan nan nan nan nan nan nan nan nan nan nan nan nan
          nan nan nan nan nan nan nan nan nan nan nan nan nan nan nan nan nan nan nan nan
          nan nan nan nan nan nan nan nan nan nan nan nan nan nan nan nan nan nan nan nan
          nan nan nan nan nan nan nan nan nan nan nan nan nan nan nan nan nan nan nan nan
          nan 5.895079612731934 33.14350509643555 22.830402374267578 22.072673797607422 nan nan nan 20.074626922607422 nan nan nan nan nan nan nan nan nan nan nan
          nan nan nan nan nan nan nan nan nan nan nan nan nan nan nan nan nan nan nan nan
          nan nan nan nan nan nan nan nan nan nan nan nan nan nan nan nan nan nan nan nan
          nan nan nan nan nan nan nan nan nan nan nan nan nan nan nan nan nan nan nan nan
          nan 63.48006057739258 111.88693237304688 31.266159057617188 nan 13.392593383789062 22.322368621826172 nan nan nan nan nan nan nan nan nan nan nan nan nan
          nan nan nan nan nan nan nan nan nan nan nan nan nan nan nan nan nan nan nan nan
          nan nan nan nan nan nan nan nan nan nan nan nan nan nan nan nan nan nan nan nan
          nan nan nan nan nan nan nan nan nan nan nan nan nan nan nan nan nan nan nan nan
          nan nan nan nan 76.25970458984375 nan nan nan nan nan nan nan nan nan nan nan nan nan nan nan
          nan nan nan nan nan nan nan nan nan nan nan nan nan nan nan nan nan nan nan nan
          nan nan nan nan nan nan nan nan nan nan nan nan nan nan nan nan nan nan nan nan
          nan nan nan nan nan nan nan nan nan nan nan nan nan nan nan nan nan nan nan nan
          nan nan nan nan nan nan nan nan nan nan nan nan nan nan nan nan nan nan nan nan
          nan nan nan nan nan nan nan nan nan nan nan nan nan nan nan nan nan nan nan nan
          nan nan nan nan nan nan nan nan nan nan nan nan nan nan nan nan nan nan nan nan
          nan nan nan nan nan nan nan nan nan nan nan nan nan nan nan nan nan nan nan nan
          nan nan nan nan nan nan nan nan nan 16.714017868041992 20.96954345703125 nan nan nan nan nan nan nan nan nan
          nan nan nan nan nan nan nan nan nan nan nan nan nan nan nan nan nan nan nan nan
          nan nan nan nan nan nan nan nan nan nan nan nan nan nan nan nan nan nan nan nan
          nan nan nan nan nan nan nan nan nan nan nan nan nan nan nan nan nan nan nan nan
          nan nan nan nan nan nan nan nan nan nan nan nan nan 52.286468505859375 16.591541290283203 nan nan nan nan nan
          nan nan nan nan nan nan nan nan nan nan nan nan nan nan nan nan nan nan nan nan
          nan nan nan nan nan nan nan nan nan nan nan nan nan nan nan nan nan nan nan nan
          nan nan nan nan nan nan nan nan nan nan nan nan nan nan nan nan nan nan nan nan
          nan nan nan nan nan nan nan nan nan nan nan nan nan nan nan nan 7.14311408996582 nan nan nan
          nan nan nan nan nan nan nan nan nan nan nan nan nan nan nan nan nan nan nan nan
          nan nan nan nan nan nan nan nan nan nan nan nan nan nan nan nan nan nan nan nan
          nan nan nan nan nan nan nan nan nan nan nan nan nan nan nan nan nan nan nan nan
          nan nan nan nan nan nan nan nan nan nan nan nan nan nan nan nan nan nan nan 40.59610366821289
          nan nan nan nan nan nan nan nan nan nan nan nan nan nan nan nan nan nan nan nan
          nan nan nan nan nan nan nan nan nan nan nan nan nan nan nan nan nan nan nan nan
          nan nan nan nan nan nan nan nan nan nan nan nan nan nan nan nan nan nan nan nan
          nan nan nan nan nan nan nan nan nan nan nan nan nan nan nan nan nan nan nan nan
          nan nan 43.926422119140625 11.835113525390625 nan nan nan nan nan nan nan nan nan nan nan nan nan nan nan nan
          nan nan nan nan nan nan nan nan nan nan nan nan nan nan nan nan nan nan nan nan
          nan nan nan nan nan nan nan nan nan nan nan nan nan nan nan nan nan nan nan nan
          nan nan nan nan nan nan nan nan nan nan nan nan nan nan nan nan nan nan nan nan
          nan nan nan nan nan 44.9289436340332 5.729291915893555 nan nan nan nan nan nan nan nan nan nan nan nan nan
          nan nan nan nan nan nan nan nan nan nan nan nan nan nan nan nan nan nan nan nan
          nan nan nan nan nan nan nan nan nan nan nan nan nan nan nan nan nan nan nan nan
          nan nan nan nan nan nan nan nan nan nan nan nan nan nan nan nan nan nan nan nan
          nan nan nan nan nan nan nan nan 23.391475677490234 11.227630615234375 nan nan nan nan nan nan nan nan nan nan
          nan nan nan nan nan nan nan nan nan nan nan nan nan nan nan nan nan nan nan nan
          nan nan nan nan nan nan nan nan nan nan nan nan nan nan nan nan nan nan nan nan
          nan nan nan nan nan nan nan nan nan nan nan nan nan nan nan nan nan nan nan nan
          nan nan nan nan nan nan nan nan nan nan nan 42.825870513916016 1.4027563333511353 nan nan nan nan nan nan nan
          nan nan nan nan nan nan nan nan nan nan nan nan nan nan nan nan nan nan nan nan
          nan nan nan nan nan nan nan nan nan nan nan nan nan nan nan nan nan nan nan nan
          nan nan nan nan nan nan nan nan nan nan nan nan nan nan nan nan nan nan nan nan
          nan nan nan nan nan nan nan nan nan nan nan nan nan nan 25.526432037353516 0.04410366714000702 nan nan nan nan
          nan nan nan nan nan nan nan nan nan nan nan nan nan nan nan nan nan nan nan nan
          nan nan nan nan nan nan nan nan nan nan nan nan nan nan nan nan nan nan nan nan
          nan nan nan nan nan nan nan nan nan nan nan nan nan nan nan nan nan nan nan nan
          nan nan nan nan nan nan nan nan nan nan nan nan nan nan nan nan nan 20.650209426879883 25.378765106201172 nan
          nan nan nan nan nan nan nan nan nan nan nan nan nan nan nan nan nan nan nan nan
          nan nan nan nan nan nan nan nan nan nan nan nan nan nan nan nan nan nan nan nan
          nan nan nan nan nan nan nan nan nan nan nan nan nan nan nan nan nan nan nan nan
          nan nan nan nan nan nan nan nan nan nan nan nan nan nan nan nan nan nan nan nan
          35.66054153442383 36.817047119140625 nan nan nan nan nan nan nan nan nan nan nan nan nan nan nan nan nan nan
          nan nan nan nan nan nan nan nan nan nan nan nan nan nan nan nan nan nan nan nan
          nan nan nan nan nan nan nan nan nan nan nan nan nan nan nan nan nan nan nan nan
          nan nan nan nan nan nan nan nan nan nan nan nan nan nan nan nan nan nan nan nan
          nan nan nan nan nan 12.85550594329834 nan nan nan nan nan nan nan nan nan nan nan nan nan nan
          nan nan nan nan nan nan nan nan nan nan nan nan nan nan nan nan nan nan nan nan
          nan nan nan nan nan nan nan nan nan nan nan nan nan nan nan nan nan nan nan nan
          nan nan nan nan nan nan nan nan nan nan nan nan nan nan nan nan nan nan nan nan
          nan nan nan nan nan nan nan 26.562744140625 nan nan nan nan nan nan nan nan nan nan nan nan
          nan nan nan nan nan nan nan nan nan nan nan nan nan nan nan nan nan nan nan nan
          nan nan nan nan nan nan nan nan nan nan nan nan nan nan nan nan nan nan nan nan
          nan nan nan nan nan nan nan nan nan nan nan nan nan nan nan nan nan nan nan nan
          nan nan nan nan nan nan nan nan nan nan nan 15.810816764831543 13.321197509765625 nan nan nan nan nan nan nan
          nan nan nan nan nan nan nan nan nan nan nan nan nan nan nan nan nan nan nan nan
          nan nan nan nan nan nan nan nan nan nan nan nan nan nan nan nan nan nan nan nan
          nan nan nan nan nan nan nan nan nan nan nan nan nan nan nan nan nan nan nan nan
          nan nan nan nan nan nan nan nan nan nan nan nan nan nan nan 54.375308990478516 nan nan nan nan
          nan nan nan nan nan nan nan nan nan nan nan nan nan nan nan nan nan nan nan nan
          nan nan nan nan nan nan nan nan nan nan nan nan nan nan nan nan nan nan nan nan
          nan nan nan nan nan nan nan nan nan nan nan nan nan nan nan nan nan nan nan nan
          nan nan nan nan nan nan nan nan nan nan nan nan nan nan nan nan nan nan 24.0025691986084 nan
          nan nan nan nan nan nan nan nan nan nan nan nan nan nan nan nan nan nan nan nan
          nan nan nan nan nan nan nan nan nan nan nan nan nan nan nan nan nan nan nan nan
          nan nan nan nan nan nan nan nan nan nan nan nan nan nan nan nan nan nan nan nan
          nan nan nan nan nan nan nan nan nan nan nan nan nan nan nan nan nan nan nan nan
          nan nan 26.933061599731445 nan nan nan nan nan nan nan nan nan nan nan nan nan nan nan nan nan
          nan nan nan nan nan nan nan nan nan nan nan nan nan nan nan nan nan nan nan nan
          nan nan nan nan nan nan nan nan nan nan nan nan nan nan nan nan nan nan nan nan
          nan nan nan nan nan nan nan nan nan nan nan nan nan nan nan nan nan nan nan nan
          nan nan nan nan 1.2284492254257202 29.788667678833008 nan nan nan nan nan nan nan nan nan nan nan nan nan nan
          nan nan nan nan nan nan nan nan nan nan nan nan nan nan nan nan nan nan nan nan
          nan nan nan nan nan nan nan nan nan nan nan nan nan nan nan nan nan nan nan nan
          nan nan nan nan nan nan nan nan nan nan nan nan nan nan nan nan nan nan nan nan
          nan nan nan nan nan nan nan nan 17.475570678710938 nan 8.468517303466797 nan nan nan nan nan nan nan nan nan
          nan nan nan nan nan nan nan nan nan nan nan nan nan nan nan nan nan nan nan nan
          nan nan nan nan nan nan nan nan nan nan nan nan nan nan nan nan nan nan nan nan
          nan nan nan nan nan nan nan nan nan nan nan nan nan nan nan nan nan nan nan nan
          nan nan nan nan nan nan nan nan nan nan nan nan 3.59533429145813 nan 22.44440460205078 46.913143157958984 nan nan nan nan
          nan nan nan nan nan nan nan nan nan nan nan nan nan nan nan nan nan nan nan nan
          nan nan nan nan nan nan nan nan nan nan nan nan nan nan nan nan nan nan nan nan
          nan nan nan nan nan nan nan nan nan nan nan nan nan nan nan nan nan nan nan nan
          nan nan nan nan nan nan nan nan nan nan nan nan nan nan nan nan nan 5.91398811340332 55.147945404052734 nan
          nan nan nan nan nan nan nan nan nan nan nan nan nan nan nan nan nan nan nan nan
          nan nan nan nan nan nan nan nan nan nan nan nan nan nan nan nan nan nan nan nan
          nan nan nan nan nan nan nan nan nan nan nan nan nan nan nan nan nan nan nan nan
          nan nan nan nan nan nan nan nan nan nan nan nan nan nan nan nan nan nan nan nan
          nan nan 54.4124641418457 nan nan nan nan nan nan nan nan nan nan nan nan nan nan nan nan nan
          nan nan nan nan nan nan nan nan nan nan nan nan nan nan nan nan nan nan nan nan
          nan nan nan nan nan nan nan nan nan nan nan nan nan nan nan nan nan nan nan nan
          nan nan nan nan nan nan nan nan nan nan nan nan nan nan nan nan nan nan nan nan
          nan nan nan nan nan nan 38.43794631958008 nan nan nan nan nan nan nan nan nan nan nan nan nan
          nan nan nan nan nan nan nan nan nan nan nan nan nan nan nan nan nan nan nan nan
          nan nan nan nan nan nan nan nan nan nan nan nan nan nan nan nan nan nan nan nan
          nan nan nan nan nan nan nan nan nan nan nan nan nan nan nan nan nan nan nan nan
          nan nan nan nan nan nan nan nan nan 34.88692855834961 9.679967880249023 nan nan nan nan nan nan nan nan nan
          nan nan nan nan nan nan nan nan nan nan nan nan nan nan nan nan nan nan nan nan
          nan nan nan nan nan nan nan nan nan nan nan nan nan nan nan nan nan nan nan nan
          nan nan nan nan nan nan nan nan nan nan nan nan nan nan nan nan nan nan nan nan
          nan 16.18338394165039 nan nan nan nan nan nan nan nan nan nan nan 41.68130111694336 nan nan nan nan nan nan
          nan nan nan nan nan nan nan nan nan nan nan nan nan nan nan nan nan nan nan nan
          nan nan nan nan nan nan nan nan nan nan nan nan nan nan nan nan nan nan nan nan
          nan nan nan nan nan nan nan nan nan nan nan nan nan nan nan nan nan nan nan nan
          nan nan nan nan nan nan 10.793838500976562 nan nan nan nan nan nan nan nan nan nan 25.070837020874023 nan nan
          nan nan nan nan nan nan nan nan nan nan nan nan nan nan nan nan nan nan nan nan
          nan nan nan nan nan nan nan nan nan nan nan nan nan nan nan nan nan nan nan nan
          nan nan nan nan nan nan nan nan nan nan nan nan nan nan nan nan nan nan nan nan
          nan nan nan nan nan nan 8.376572608947754 19.968332290649414 2.6859970092773438 nan nan 32.688106536865234 27.547019958496094 nan nan nan nan nan nan nan
          52.25590133666992 nan nan nan nan nan nan nan nan nan nan nan nan nan nan nan nan nan nan nan
          nan nan nan nan nan nan nan nan nan nan nan nan nan nan nan nan nan nan nan nan
          nan nan nan nan nan nan nan nan nan nan nan nan nan nan nan nan nan nan nan nan
          nan nan nan nan nan nan nan nan 6.81470251083374 4.7526326179504395 1.0558035373687744 nan nan nan nan nan nan 18.765941619873047 42.00520324707031 nan
          1.6169447898864746 nan nan 36.357276916503906 50.603355407714844 nan nan nan nan nan nan nan nan nan nan nan nan nan nan nan
          nan nan nan nan nan nan nan nan nan nan nan nan nan nan nan nan nan nan nan nan
          nan nan nan nan nan nan nan nan nan nan nan nan nan nan nan nan nan nan nan nan
          nan nan nan nan nan nan nan 
        </DataArray>
        <DataArray type="Float64" Name="Surfaceflow_log" format="ascii">
          nan nan nan nan nan nan nan nan nan nan nan nan nan nan nan nan nan nan nan nan nan
          nan nan nan nan nan nan nan nan nan nan nan nan nan nan nan nan nan nan nan nan
          nan nan nan nan nan nan nan nan nan nan nan nan nan nan nan nan nan nan nan nan
          nan nan nan nan nan nan nan nan nan nan nan nan nan nan nan nan nan nan nan nan
          2.783930506997669 nan nan nan nan nan nan nan nan nan nan nan nan nan nan nan nan nan nan nan
          nan nan nan nan nan nan nan nan nan nan nan nan nan nan nan nan nan nan nan nan
          nan nan nan nan nan nan nan nan nan nan nan nan nan nan nan nan nan nan nan nan
          nan nan nan nan nan nan nan nan nan nan nan nan nan nan nan nan nan nan nan nan
          nan nan nan 2.752172077732896 nan nan nan nan nan nan nan nan nan nan nan nan nan nan nan nan
          nan nan nan nan nan nan nan nan nan nan nan nan nan nan nan nan nan nan nan nan
          nan nan nan nan nan nan nan nan nan nan nan nan nan nan nan nan nan nan nan nan
          nan nan nan nan nan nan nan nan nan nan nan nan nan nan nan nan nan nan nan nan
          nan nan nan nan nan 1.314375482091848 2.7052454224130877 nan nan nan nan nan nan nan nan nan nan nan nan nan
          nan nan nan nan nan nan nan nan nan nan nan nan nan nan nan nan nan nan nan nan
          nan nan nan nan nan nan nan nan nan nan nan nan nan nan nan nan nan nan nan nan
          nan nan nan nan nan nan nan nan nan nan nan nan nan nan nan nan nan nan nan nan
          nan nan nan nan nan nan nan nan 2.5512724089392353 2.6202731011024993 nan nan nan nan nan nan nan nan nan nan
          nan nan nan nan nan nan nan nan nan nan nan nan nan nan nan nan nan nan nan nan
          nan nan nan nan nan nan nan nan nan nan nan nan nan nan nan nan nan nan nan nan
          nan nan nan nan nan nan nan nan nan nan nan nan nan nan nan nan nan nan nan nan
          nan nan nan nan nan nan nan nan nan nan 2.2479541261183082 2.2479541261183082 1.4047800922585965 nan nan nan nan nan nan nan
          nan nan nan nan nan nan nan nan nan nan nan nan nan nan nan nan nan nan nan nan
          nan nan nan nan nan nan nan nan nan nan nan nan nan nan nan nan nan nan nan nan
          nan nan nan nan nan nan nan nan nan nan nan nan nan nan nan nan nan nan nan nan
          nan nan nan nan nan nan nan nan nan nan 0.7169454702872871 1.8455234117412729 1.9357897276418972 2.2479541261183082 nan nan nan nan nan nan
          nan nan nan nan nan nan nan nan nan nan nan nan nan nan nan nan nan nan nan nan
          nan nan nan nan nan nan nan nan nan nan nan nan nan nan nan nan nan nan nan nan
          nan nan nan nan nan nan nan nan nan nan nan nan nan nan nan nan nan nan nan nan
          nan nan nan nan nan nan nan nan nan nan nan nan 1.0909180262080977 1.4293357739247412 1.7625132168614952 nan 1.434638269844021 nan nan nan
          nan nan nan nan nan nan nan nan nan nan nan nan nan nan nan nan nan nan nan nan
          nan nan nan nan nan nan nan nan nan nan nan nan nan nan nan nan nan nan nan nan
          nan nan nan nan nan nan nan nan nan nan nan nan nan nan nan nan nan nan nan nan
          nan nan nan nan nan nan nan nan nan nan nan nan nan nan nan nan nan nan 1.0081260800818386 -0.2682740668002929
          nan nan nan nan nan nan nan nan nan nan nan nan nan nan nan nan nan nan nan nan
          nan nan nan nan nan nan nan nan nan nan nan nan nan nan nan nan nan nan nan nan
          nan nan nan nan nan nan nan nan nan nan nan nan nan nan nan nan nan nan nan nan
          nan nan nan nan nan nan nan nan nan nan nan nan nan nan nan nan nan nan nan nan
          nan nan nan nan nan nan nan nan nan nan nan nan nan nan nan nan nan nan nan nan
          nan nan nan nan nan nan nan nan nan nan nan nan nan nan nan nan nan nan nan nan
          nan nan nan nan nan nan nan nan nan nan nan nan nan nan nan nan nan nan nan nan
          nan nan nan nan nan nan nan nan nan nan nan nan nan nan nan nan nan nan nan nan
          nan nan nan nan nan nan nan nan nan nan nan nan nan nan nan nan nan nan nan nan
          nan nan nan nan nan nan nan nan nan nan nan nan nan nan nan nan nan nan nan nan
          nan nan nan nan nan nan nan nan nan nan nan nan nan nan nan nan nan nan nan nan
          nan nan nan nan nan nan nan nan nan nan nan nan nan nan nan nan nan nan nan nan
          nan nan nan nan nan nan nan nan nan nan nan nan nan nan nan nan nan nan nan nan
          nan nan nan nan nan nan nan nan nan nan nan nan nan nan nan nan nan nan nan nan
          nan nan nan nan nan nan nan nan nan nan nan nan nan nan nan nan nan nan nan nan
          nan nan nan nan nan nan nan nan nan nan nan nan nan nan nan nan nan nan nan nan
          nan nan nan nan nan nan nan nan nan nan nan nan nan nan nan nan nan nan nan nan
          nan nan nan nan nan nan nan nan nan nan nan nan nan nan nan nan nan nan nan nan
          nan nan nan nan nan nan nan nan nan nan nan nan nan nan nan nan nan nan nan nan
          nan nan nan nan nan nan nan nan nan nan nan nan nan nan nan nan nan nan nan nan
          nan nan nan nan nan nan nan nan nan nan nan nan nan nan nan nan nan nan nan nan
          nan nan nan nan nan nan nan nan nan nan nan nan nan nan nan nan nan nan nan nan
          nan nan nan nan nan nan nan nan nan nan nan nan nan nan nan nan nan nan nan nan
          nan nan nan nan nan nan nan nan nan nan nan nan nan nan nan nan nan nan nan nan
          nan nan nan nan nan nan nan nan nan nan nan nan nan nan nan nan nan nan nan nan
          nan nan nan nan nan nan nan nan nan nan nan nan nan nan nan nan nan nan nan nan
          nan nan nan nan nan nan nan nan nan nan nan nan nan nan nan nan nan nan nan nan
          nan nan nan nan nan nan nan nan nan nan nan nan nan nan nan nan nan nan nan nan
          nan nan nan nan nan nan nan nan nan nan nan nan nan nan nan nan nan nan nan nan
          nan nan nan nan nan nan nan nan nan nan nan nan nan nan nan nan nan nan nan nan
          nan nan nan nan nan nan nan nan nan nan nan nan nan nan nan nan nan nan nan nan
          nan nan nan nan nan nan nan nan nan nan nan nan nan nan nan nan nan nan nan nan
          nan nan nan nan nan nan nan nan nan nan nan nan nan nan nan nan nan nan nan nan
          nan nan nan nan nan nan nan nan nan nan nan nan nan nan nan nan nan nan nan nan
          nan nan nan nan nan nan nan nan nan nan nan nan nan nan nan nan nan nan nan nan
          nan nan nan nan nan nan nan nan nan nan nan nan nan nan nan nan nan nan nan nan
          nan nan nan nan nan nan nan nan nan nan nan nan nan nan nan nan nan nan nan nan
          nan nan nan nan nan nan nan nan nan nan nan nan nan nan nan nan nan nan nan nan
          nan nan nan nan nan nan nan nan nan nan nan nan nan nan nan nan nan nan nan nan
          nan nan nan nan nan nan nan nan nan nan nan nan nan nan nan nan nan nan nan nan
          nan nan nan nan nan nan nan nan nan nan nan nan nan nan nan nan nan nan nan nan
          nan nan nan nan nan nan nan nan nan nan nan nan nan nan nan nan nan nan nan nan
          nan nan nan nan nan nan nan nan nan nan nan nan nan nan nan nan nan nan nan nan
          nan nan nan nan nan nan nan nan nan nan nan nan nan nan nan nan nan nan nan nan
          nan nan nan nan nan nan nan nan nan nan nan nan nan nan nan nan nan nan nan nan
          nan nan nan nan nan nan nan nan nan nan nan nan nan nan nan nan nan nan nan nan
          nan nan nan nan nan nan nan nan nan nan nan nan nan nan nan nan nan nan nan nan
          nan nan nan nan nan nan nan nan nan nan nan nan nan nan nan nan nan nan nan nan
          nan nan nan nan nan nan nan nan nan nan nan nan nan nan nan nan nan nan nan nan
          nan nan nan nan nan nan nan nan nan nan nan nan nan nan nan nan nan nan nan nan
          nan nan nan nan nan nan nan nan nan nan nan nan nan nan nan nan nan nan nan nan
          nan nan nan nan nan nan nan nan nan nan nan nan nan nan nan nan nan nan nan nan
          nan nan nan nan nan nan nan nan nan nan nan nan nan nan nan nan nan nan nan nan
          nan nan nan nan nan nan nan nan nan nan nan nan nan nan nan nan nan nan nan nan
          nan nan nan nan nan nan nan nan nan nan nan nan nan nan nan nan nan nan nan nan
          nan nan nan nan nan nan nan nan nan nan nan nan nan nan nan nan nan nan nan nan
          nan nan nan nan nan nan nan nan nan nan nan nan nan nan nan nan nan nan nan nan
          nan nan nan nan nan nan nan nan nan nan nan nan nan nan nan nan nan nan nan nan
          nan nan nan nan nan nan nan nan nan nan nan nan nan nan nan nan nan nan nan nan
          nan nan nan nan nan nan nan nan nan nan nan nan nan nan nan nan nan nan nan nan
          nan nan nan nan nan nan nan nan nan nan nan nan nan nan nan nan nan nan nan nan
          nan nan nan nan nan nan nan nan nan nan nan nan nan nan nan nan nan nan nan nan
          nan nan nan nan nan nan nan nan nan nan nan nan nan nan nan nan nan nan nan nan
          nan nan nan nan nan nan nan nan nan nan nan nan nan nan nan nan nan nan nan nan
          nan nan nan nan nan nan nan nan nan nan nan nan nan nan nan nan nan nan nan nan
          nan nan nan nan nan nan nan nan nan nan nan nan nan nan nan nan nan nan nan nan
          nan nan nan nan nan nan nan nan nan nan nan nan nan nan nan nan nan nan nan nan
          nan nan nan nan nan nan nan nan nan nan nan nan nan nan nan nan nan nan nan nan
          nan nan nan nan nan nan nan nan nan nan nan nan nan nan nan nan nan nan nan nan
          nan nan nan nan nan nan nan nan nan nan nan nan nan nan nan nan nan nan nan nan
          nan nan nan nan nan nan nan nan nan nan nan nan nan nan nan nan nan nan nan nan
          nan nan nan nan nan nan nan nan nan nan nan nan nan nan nan nan nan nan nan nan
          nan nan nan nan nan nan nan nan nan nan nan nan nan nan nan nan nan nan nan nan
          nan nan nan nan nan nan nan nan nan nan nan nan nan nan nan nan nan nan nan nan
          nan nan nan nan nan nan nan nan nan nan nan nan nan nan nan nan nan nan nan nan
          nan nan nan nan nan nan nan nan nan nan nan nan nan nan nan nan nan nan nan nan
          nan nan nan nan nan nan nan nan nan nan nan nan nan nan nan nan nan nan nan nan
          nan nan nan nan nan nan nan nan nan nan nan nan nan nan nan nan nan nan nan nan
          nan nan nan nan nan nan nan nan nan nan nan nan nan nan nan nan nan nan nan nan
          nan nan nan nan nan nan nan nan nan nan nan nan nan nan nan nan nan nan nan nan
          nan nan nan nan nan nan nan nan nan nan nan nan nan nan nan nan nan nan nan nan
          nan nan nan nan nan nan nan nan nan nan nan nan nan nan nan nan nan nan nan nan
          nan nan nan nan nan nan nan nan nan nan nan nan nan nan nan nan nan nan nan nan
          nan nan nan nan nan nan nan nan nan nan nan nan nan nan nan nan nan nan nan nan
          nan nan nan nan nan nan nan nan nan nan nan nan nan nan nan nan nan nan nan nan
          nan nan nan nan nan nan nan nan nan nan nan nan nan nan nan nan nan nan nan nan
          nan nan nan nan nan nan nan nan nan nan nan nan nan nan nan nan nan nan nan nan
          nan nan nan nan nan nan nan nan nan nan nan nan nan nan nan nan nan nan nan nan
          nan nan nan nan nan nan nan nan nan nan nan nan nan nan nan nan nan nan nan nan
          nan nan nan nan nan nan nan nan nan nan nan nan nan nan nan nan nan nan nan nan
          nan nan nan nan nan nan nan nan nan nan nan nan nan nan nan nan nan nan nan nan
          nan nan nan nan nan nan nan nan nan nan nan nan nan nan nan nan nan nan nan nan
          nan nan nan nan nan nan nan nan nan nan nan nan nan nan nan nan nan nan nan nan
          nan nan nan nan nan nan nan nan nan nan nan nan nan nan nan nan nan nan nan nan
          nan nan nan nan nan nan nan nan nan nan nan nan nan nan nan nan nan nan nan nan
          nan nan nan nan nan nan nan nan nan nan nan nan nan nan nan nan nan nan nan nan
          nan nan nan nan nan nan nan nan nan nan nan nan nan nan nan nan nan nan nan nan
          nan nan nan nan nan nan nan nan nan nan nan nan nan nan nan nan nan nan nan nan
          nan nan nan nan nan nan nan nan nan nan nan nan nan nan nan nan nan nan nan nan
          nan nan nan nan nan nan nan nan nan nan nan nan nan nan nan nan nan nan nan nan
          nan nan nan nan nan nan nan nan nan nan nan nan nan nan nan nan nan nan nan nan
          nan nan nan nan nan nan nan nan nan nan nan nan nan nan nan nan nan nan nan nan
          nan nan nan nan nan nan nan nan nan nan nan nan nan nan nan nan nan nan nan nan
          nan nan nan nan nan nan nan nan nan nan nan nan nan nan nan nan nan nan nan nan
          nan nan nan nan nan nan nan nan nan nan nan nan nan nan nan nan nan nan nan nan
          nan nan nan nan nan nan nan nan nan nan nan nan nan nan nan nan nan nan nan nan
          nan nan nan nan nan nan nan nan nan nan nan nan nan nan nan nan nan nan nan nan
          nan nan nan nan nan nan nan nan nan nan nan nan nan nan nan nan nan nan nan nan
          nan nan nan nan nan nan nan nan nan nan nan nan nan nan nan nan nan nan nan nan
          nan nan nan nan nan nan nan nan nan nan nan nan nan nan nan nan nan nan nan nan
          nan nan nan nan nan nan nan nan nan nan nan nan nan nan nan nan nan nan nan nan
          nan nan nan nan nan nan nan nan nan nan nan nan nan nan nan nan nan nan nan nan
          nan nan nan nan nan nan nan nan nan nan nan nan nan nan nan nan nan nan nan nan
          nan nan nan nan nan nan nan nan nan nan nan nan nan nan nan nan nan nan nan nan
          nan nan nan nan nan nan nan nan nan nan nan nan nan nan nan nan nan nan nan nan
          nan nan nan nan nan nan nan nan nan nan nan nan nan nan nan nan nan nan nan nan
          nan nan nan nan nan nan nan nan nan nan nan nan nan nan nan nan nan nan nan nan
          nan nan nan nan nan nan nan nan nan nan nan nan nan nan nan nan nan nan nan nan
          nan nan nan nan nan nan nan nan nan nan nan nan nan nan nan nan nan nan nan nan
          nan nan nan nan nan nan nan nan nan nan nan nan nan nan nan nan nan nan nan nan
          nan nan nan nan nan nan nan nan nan nan nan nan nan nan nan nan nan nan nan nan
          nan nan nan nan nan nan nan nan nan nan nan nan nan nan nan nan nan nan nan nan
          nan nan nan nan nan nan nan nan nan nan nan nan nan nan nan nan nan nan nan nan
          nan nan nan nan nan nan nan nan nan nan nan nan nan nan nan nan nan nan nan nan
          nan nan nan nan nan nan nan nan nan nan nan nan nan nan nan nan nan nan nan nan
          nan nan nan nan nan nan nan nan nan nan nan nan nan nan nan nan nan nan nan nan
          nan nan nan nan nan nan nan nan nan nan nan nan nan nan nan nan nan nan nan nan
          nan nan nan nan nan nan nan nan nan nan nan nan nan nan nan nan nan nan nan nan
          nan nan nan nan nan nan nan nan nan nan nan nan nan nan nan nan nan nan 0.0976160635779082 nan
          nan nan nan nan nan nan nan nan nan nan nan nan nan nan nan nan nan nan nan nan
          nan nan nan nan nan nan nan nan nan nan nan nan nan nan nan nan nan nan nan nan
          nan nan nan nan nan nan nan nan nan nan nan nan nan nan nan nan nan nan nan nan
          nan nan nan nan nan nan nan nan nan nan nan nan nan nan nan nan nan nan nan nan
          nan nan 1.0157552513935941 nan nan nan nan nan nan nan nan nan nan nan nan nan nan nan nan nan
          nan nan nan nan nan nan nan nan nan nan nan nan nan nan nan nan nan nan nan nan
          nan nan nan nan nan nan nan nan nan nan nan nan nan nan nan nan nan nan nan nan
          nan nan nan nan nan nan nan nan nan nan nan nan nan nan nan nan nan nan nan nan
          nan nan nan nan nan 1.1497012499618309 nan nan nan nan nan nan nan nan nan nan nan nan nan nan
          nan nan nan nan nan nan nan nan nan nan nan nan nan nan nan nan nan nan nan nan
          nan nan nan nan nan nan nan nan nan nan nan nan nan nan nan nan nan nan nan nan
          nan nan nan nan nan nan nan nan nan nan nan nan nan nan nan nan nan nan nan nan
          nan nan nan nan nan nan nan nan nan 1.6756655207769513 nan nan nan nan nan nan nan nan nan nan
          nan nan nan nan nan nan nan nan nan nan nan nan nan nan nan nan nan nan nan nan
          nan nan nan nan nan nan nan nan nan nan nan nan nan nan nan nan nan nan nan nan
          nan nan nan nan nan nan nan nan nan nan nan nan nan nan nan nan nan nan nan nan
          nan nan nan nan nan nan nan nan nan nan nan nan nan 1.8529086582642578 nan nan nan nan nan nan
          nan nan nan nan nan nan nan nan nan nan nan nan nan nan nan nan nan nan nan nan
          nan nan nan nan nan nan nan nan nan nan nan nan nan nan nan nan nan nan nan nan
          nan nan nan nan nan nan nan nan nan nan nan nan nan nan nan nan nan nan nan nan
          nan nan nan nan nan nan nan nan nan nan nan nan nan nan nan nan 1.8529086582642578 0.9985253123208541 nan nan
          nan nan nan nan nan nan nan nan nan nan nan nan nan nan nan nan nan nan nan nan
          nan nan nan nan nan nan nan nan nan nan nan nan nan nan nan nan nan nan nan nan
          nan nan nan nan nan nan nan nan nan nan nan nan nan nan nan nan nan nan nan nan
          nan nan nan nan nan nan nan nan nan nan nan nan nan nan nan nan nan nan nan 2.3425446804911187
          2.030913429369836 1.8793980174387932 1.7287538151193038 1.6130685544936563 nan nan nan nan nan nan nan nan nan nan nan nan nan nan nan nan
          nan nan nan nan nan nan nan nan nan nan nan nan nan nan nan nan nan nan nan nan
          nan nan nan nan nan nan nan nan nan nan nan nan nan nan nan nan nan nan nan nan
          nan nan nan nan nan nan nan nan nan nan nan nan nan nan nan nan nan nan nan nan
          nan 0.7704896745942458 2.4743742007414036 1.6522760942039523 1.3438549450878547 nan nan nan 1.302647482869349 nan nan nan nan nan nan nan nan nan nan nan
          nan nan nan nan nan nan nan nan nan nan nan nan nan nan nan nan nan nan nan nan
          nan nan nan nan nan nan nan nan nan nan nan nan nan nan nan nan nan nan nan nan
          nan nan nan nan nan nan nan nan nan nan nan nan nan nan nan nan nan nan nan nan
          nan 2.7374722071646507 2.683831595044071 2.56935587237222 nan 2.5311191118957264 1.3487402756065097 nan nan nan nan nan nan nan nan nan nan nan nan nan
          nan nan nan nan nan nan nan nan nan nan nan nan nan nan nan nan nan nan nan nan
          nan nan nan nan nan nan nan nan nan nan nan nan nan nan nan nan nan nan nan nan
          nan nan nan nan nan nan nan nan nan nan nan nan nan nan nan nan nan nan nan nan
          nan nan nan nan 2.794216991180816 nan nan nan 2.5311191118957264 nan nan nan nan nan nan nan nan nan nan nan
          nan nan nan nan nan nan nan nan nan nan nan nan nan nan nan nan nan nan nan nan
          nan nan nan nan nan nan nan nan nan nan nan nan nan nan nan nan nan nan nan nan
          nan nan nan nan nan nan nan nan nan nan nan nan nan nan nan nan nan nan nan nan
          nan nan nan nan nan nan nan 2.794216991180816 nan nan nan nan nan nan nan nan nan nan nan nan
          nan nan nan nan nan nan nan nan nan nan nan nan nan nan nan nan nan nan nan nan
          nan nan nan nan nan nan nan nan nan nan nan nan nan nan nan nan nan nan nan nan
          nan nan nan nan nan nan nan nan nan nan nan nan nan nan nan nan nan nan nan nan
          nan nan nan nan nan nan nan nan nan 1.2230808621118712 2.808603101436617 nan nan nan nan nan nan nan nan nan
          nan nan nan nan nan nan nan nan nan nan nan nan nan nan nan nan nan nan nan nan
          nan nan nan nan nan nan nan nan nan nan nan nan nan nan nan nan nan nan nan nan
          nan nan nan nan nan nan nan nan nan nan nan nan nan nan nan nan nan nan nan nan
          nan nan nan nan nan nan nan nan nan nan nan nan nan 2.8628304960319713 1.2198867321830658 nan nan nan nan nan
          nan nan nan nan nan nan nan nan nan nan nan nan nan nan nan nan nan nan nan nan
          nan nan nan nan nan nan nan nan nan nan nan nan nan nan nan nan nan nan nan nan
          nan nan nan nan nan nan nan nan nan nan nan nan nan nan nan nan nan nan nan nan
          nan nan nan nan nan nan nan nan nan nan nan nan nan nan nan nan 2.8670642227263325 nan nan nan
          nan nan nan nan nan nan nan nan nan nan nan nan nan nan nan nan nan nan nan nan
          nan nan nan nan nan nan nan nan nan nan nan nan nan nan nan nan nan nan nan nan
          nan nan nan nan nan nan nan nan nan nan nan nan nan nan nan nan nan nan nan nan
          nan nan nan nan nan nan nan nan nan nan nan nan nan nan nan nan nan nan nan 2.8903718732585135
          nan nan nan nan nan nan nan nan nan nan nan nan nan nan nan nan nan nan nan nan
          nan nan nan nan nan nan nan nan nan nan nan nan nan nan nan nan nan nan nan nan
          nan nan nan nan nan nan nan nan nan nan nan nan nan nan nan nan nan nan nan nan
          nan nan nan nan nan nan nan nan nan nan nan nan nan nan nan nan nan nan nan nan
          nan nan 2.920474802779319 1.0731724281471664 nan nan nan nan nan nan nan nan nan nan nan nan nan nan nan nan
          nan nan nan nan nan nan nan nan nan nan nan nan nan nan nan nan nan nan nan nan
          nan nan nan nan nan nan nan nan nan nan nan nan nan nan nan nan nan nan nan nan
          nan nan nan nan nan nan nan nan nan nan nan nan nan nan nan nan nan nan nan nan
          nan nan nan nan nan 2.9461238896620308 0.7581009507592907 nan nan nan nan nan nan nan nan nan nan nan nan nan
          nan nan nan nan nan nan nan nan nan nan nan nan nan nan nan nan nan nan nan nan
          nan nan nan nan nan nan nan nan nan nan nan nan nan nan nan nan nan nan nan nan
          nan nan nan nan nan nan nan nan nan nan nan nan nan nan nan nan nan nan nan nan
          nan nan nan nan nan nan nan nan 2.9574747879438896 1.0502881160745954 nan nan nan nan nan nan nan nan nan nan
          nan nan nan nan nan nan nan nan nan nan nan nan nan nan nan nan nan nan nan nan
          nan nan nan nan nan nan nan nan nan nan nan nan nan nan nan nan nan nan nan nan
          nan nan nan nan nan nan nan nan nan nan nan nan nan nan nan nan nan nan nan nan
          nan nan nan nan nan nan nan nan nan nan nan 2.9832561369564354 1.1014166559441851 nan nan nan nan nan nan nan
          nan nan nan nan nan nan nan nan nan nan nan nan nan nan nan nan nan nan nan nan
          nan nan nan nan nan nan nan nan nan nan nan nan nan nan nan nan nan nan nan nan
          nan nan nan nan nan nan nan nan nan nan nan nan nan nan nan nan nan nan nan nan
          nan nan nan nan nan nan nan nan nan nan nan nan nan nan 2.9946276984117626 -1.3555252982315742 nan nan nan nan
          nan nan nan nan nan nan nan nan nan nan nan nan nan nan nan nan nan nan nan nan
          nan nan nan nan nan nan nan nan nan nan nan nan nan nan nan nan nan nan nan nan
          nan nan nan nan nan nan nan nan nan nan nan nan nan nan nan nan nan nan nan nan
          nan nan nan nan nan nan nan nan nan nan nan nan nan nan nan nan nan 1.314924460470729 3.0056646968823277 nan
          nan nan nan nan nan nan nan nan nan nan nan nan nan nan nan nan nan nan nan nan
          nan nan nan nan nan nan nan nan nan nan nan nan nan nan nan nan nan nan nan nan
          nan nan nan nan nan nan nan nan nan nan nan nan nan nan nan nan nan nan nan nan
          nan nan nan nan nan nan nan nan nan nan nan nan nan nan nan nan nan nan nan nan
          1.5521879340055242 3.0296256731961764 nan nan nan nan nan nan nan nan nan nan nan nan nan nan nan nan nan nan
          nan nan nan nan nan nan nan nan nan nan nan nan nan nan nan nan nan nan nan nan
          nan nan nan nan nan nan nan nan nan nan nan nan nan nan nan nan nan nan nan nan
          nan nan nan nan nan nan nan nan nan nan nan nan nan nan nan nan nan nan nan nan
          nan nan nan nan nan 3.048873625348447 nan nan nan nan nan nan nan nan nan nan nan nan nan nan
          nan nan nan nan nan nan nan nan nan nan nan nan nan nan nan nan nan nan nan nan
          nan nan nan nan nan nan nan nan nan nan nan nan nan nan nan nan nan nan nan nan
          nan nan nan nan nan nan nan nan nan nan nan nan nan nan nan nan nan nan nan nan
          nan nan nan nan nan nan nan 1.4242729390532662 3.048873625348447 nan nan nan nan nan nan nan nan nan nan nan
          nan nan nan nan nan nan nan nan nan nan nan nan nan nan nan nan nan nan nan nan
          nan nan nan nan nan nan nan nan nan nan nan nan nan nan nan nan nan nan nan nan
          nan nan nan nan nan nan nan nan nan nan nan nan nan nan nan nan nan nan nan nan
          nan nan nan nan nan nan nan nan nan nan nan 1.6270949619148074 3.054012664191398 nan nan nan nan nan nan nan
          nan nan nan nan nan nan nan nan nan nan nan nan nan nan nan nan nan nan nan nan
          nan nan nan nan nan nan nan nan nan nan nan nan nan nan nan nan nan nan nan nan
          nan nan nan nan nan nan nan nan nan nan nan nan nan nan nan nan nan nan nan nan
          nan nan nan nan nan nan nan nan nan nan nan nan nan nan nan 3.0896162819110167 nan nan nan nan
          nan nan nan nan nan nan nan nan nan nan nan nan nan nan nan nan nan nan nan nan
          nan nan nan nan nan nan nan nan nan nan nan nan nan nan nan nan nan nan nan nan
          nan nan nan nan nan nan nan nan nan nan nan nan nan nan nan nan nan nan nan nan
          nan nan nan nan nan nan nan nan nan nan nan nan nan nan nan nan nan nan 3.0980151269709584 nan
          nan nan nan nan nan nan nan nan nan nan nan nan nan nan nan nan nan nan nan nan
          nan nan nan nan nan nan nan nan nan nan nan nan nan nan nan nan nan nan nan nan
          nan nan nan nan nan nan nan nan nan nan nan nan nan nan nan nan nan nan nan nan
          nan nan nan nan nan nan nan nan nan nan nan nan nan nan nan nan nan nan nan nan
          nan nan 3.1072499655252432 nan nan nan nan nan nan nan nan nan nan nan nan nan nan nan nan nan
          nan nan nan nan nan nan nan nan nan nan nan nan nan nan nan nan nan nan nan nan
          nan nan nan nan nan nan nan nan nan nan nan nan nan nan nan nan nan nan nan nan
          nan nan nan nan nan nan nan nan nan nan nan nan nan nan nan nan nan nan nan nan
          nan nan nan nan 0.08935721081761734 3.1172403148710313 nan nan nan nan nan nan nan nan nan nan nan nan nan nan
          nan nan nan nan nan nan nan nan nan nan nan nan nan nan nan nan nan nan nan nan
          nan nan nan nan nan nan nan nan nan nan nan nan nan nan nan nan nan nan nan nan
          nan nan nan nan nan nan nan nan nan nan nan nan nan nan nan nan nan nan nan nan
          nan nan nan nan nan nan nan nan 1.2719349559783786 nan 3.1200389822808257 nan nan nan nan nan nan nan nan nan
          nan nan nan nan nan nan nan nan nan nan nan nan nan nan nan nan nan nan nan nan
          nan nan nan nan nan nan nan nan nan nan nan nan nan nan nan nan nan nan nan nan
          nan nan nan nan nan nan nan nan nan nan nan nan nan nan nan nan nan nan nan nan
          nan nan nan nan nan nan nan nan nan nan nan nan 0.5557392769681357 1.2719349559783786 3.127370309399693 1.6712945314427299 nan nan nan nan
          nan nan nan nan nan nan nan nan nan nan nan nan nan nan nan nan nan nan nan nan
          nan nan nan nan nan nan nan nan nan nan nan nan nan nan nan nan nan nan nan nan
          nan nan nan nan nan nan nan nan nan nan nan nan nan nan nan nan nan nan nan nan
          nan nan nan nan nan nan nan nan nan nan nan nan nan nan nan nan nan 0.9781495720043089 3.1648239535727716 nan
          nan nan nan nan nan nan nan nan nan nan nan nan nan nan nan nan nan nan nan nan
          nan nan nan nan nan nan nan nan nan nan nan nan nan nan nan nan nan nan nan nan
          nan nan nan nan nan nan nan nan nan nan nan nan nan nan nan nan nan nan nan nan
          nan nan nan nan nan nan nan nan nan nan nan nan nan nan nan nan nan nan nan nan
          nan nan 3.1834140255153756 nan nan nan nan nan nan nan nan nan nan nan nan nan nan nan nan nan
          nan nan nan nan nan nan nan nan nan nan nan nan nan nan nan nan nan nan nan nan
          nan nan nan nan nan nan nan nan nan nan nan nan nan nan nan nan nan nan nan nan
          nan nan nan nan nan nan nan nan nan nan nan nan nan nan nan nan nan nan nan nan
          nan nan nan nan nan nan 3.1942212861630224 nan nan nan nan nan nan nan nan nan nan nan nan nan
          nan nan nan nan nan nan nan nan nan nan nan nan nan nan nan nan nan nan nan nan
          nan nan nan nan nan nan nan nan nan nan nan nan nan nan nan nan nan nan nan nan
          nan nan nan nan nan nan nan nan nan nan nan nan nan nan nan nan nan nan nan nan
          nan nan nan nan nan nan nan nan nan 3.203802626857284 0.9858739162491217 nan nan nan nan nan nan nan nan nan
          nan nan nan nan nan nan nan nan nan nan nan nan nan nan nan nan nan nan nan nan
          nan nan nan nan nan nan nan nan nan nan nan nan nan nan nan nan nan nan nan nan
          nan nan nan nan nan nan nan nan nan nan nan nan nan nan nan nan nan nan nan nan
          nan 1.2090693376424952 nan nan nan nan nan nan nan nan nan nan nan 3.217534612660632 nan nan nan nan nan nan
          nan nan nan nan nan nan nan nan nan nan nan nan nan nan nan nan nan nan nan nan
          nan nan nan nan nan nan nan nan nan nan nan nan nan nan nan nan nan nan nan nan
          nan nan nan nan nan nan nan nan nan nan nan nan nan nan nan nan nan nan nan nan
          nan nan nan nan nan nan 1.4309972329586822 nan nan nan nan nan nan nan nan nan nan 3.224083087761749 nan nan
          nan nan nan nan nan nan nan nan nan nan nan nan nan nan nan nan nan nan nan nan
          nan nan nan nan nan nan nan nan nan nan nan nan nan nan nan nan nan nan nan nan
          nan nan nan nan nan nan nan nan nan nan nan nan nan nan nan nan nan nan nan nan
          nan nan nan nan nan nan 0.9230663573534975 1.612445224658863 1.6400244477718149 1.6400244477718149 1.6400244477718149 2.014181747483581 2.1168281207804784 nan nan nan nan nan nan nan
          3.2374228960997025 nan nan nan nan nan nan nan nan nan nan nan nan nan nan nan nan nan nan nan
          nan nan nan nan nan nan nan nan nan nan nan nan nan nan nan nan nan nan nan nan
          nan nan nan nan nan nan nan nan nan nan nan nan nan nan nan nan nan nan nan nan
          nan nan nan nan nan nan nan nan 0.8334469018840752 1.0632333181421498 1.1011673529994634 nan nan nan nan nan nan 2.175025441894418 2.282480574563134 nan
          0.20869519129972447 nan nan 1.560591348025648 3.258752158001538 nan nan nan nan nan nan nan nan nan nan nan nan nan nan nan
          nan nan nan nan nan nan nan nan nan nan nan nan nan nan nan nan nan nan nan nan
          nan nan nan nan nan nan nan nan nan nan nan nan nan nan nan nan nan nan nan nan
          nan nan nan nan nan nan nan 
        </DataArray>
        <DataArray type="Float64" Name="Surfaceflow" format="ascii">
          nan nan nan nan nan nan nan nan nan nan nan nan nan nan nan nan nan nan nan nan nan
          nan nan nan nan nan nan nan nan nan nan nan nan nan nan nan nan nan nan nan nan
          nan nan nan nan nan nan nan nan nan nan nan nan nan nan nan nan nan nan nan nan
          nan nan nan nan nan nan nan nan nan nan nan nan nan nan nan nan nan nan nan nan
          608.0376992225647 nan nan nan nan nan nan nan nan nan nan nan nan nan nan nan nan nan nan nan
          nan nan nan nan nan nan nan nan nan nan nan nan nan nan nan nan nan nan nan nan
          nan nan nan nan nan nan nan nan nan nan nan nan nan nan nan nan nan nan nan nan
          nan nan nan nan nan nan nan nan nan nan nan nan nan nan nan nan nan nan nan nan
          nan nan nan 565.1608605384827 nan nan nan nan nan nan nan nan nan nan nan nan nan nan nan nan
          nan nan nan nan nan nan nan nan nan nan nan nan nan nan nan nan nan nan nan nan
          nan nan nan nan nan nan nan nan nan nan nan nan nan nan nan nan nan nan nan nan
          nan nan nan nan nan nan nan nan nan nan nan nan nan nan nan nan nan nan nan nan
          nan nan nan nan nan 20.624122619628906 507.2772927284241 nan nan nan nan nan nan nan nan nan nan nan nan nan
          nan nan nan nan nan nan nan nan nan nan nan nan nan nan nan nan nan nan nan nan
          nan nan nan nan nan nan nan nan nan nan nan nan nan nan nan nan nan nan nan nan
          nan nan nan nan nan nan nan nan nan nan nan nan nan nan nan nan nan nan nan nan
          nan nan nan nan nan nan nan nan 355.85445642471313 417.13160943984985 nan nan nan nan nan nan nan nan nan nan
          nan nan nan nan nan nan nan nan nan nan nan nan nan nan nan nan nan nan nan nan
          nan nan nan nan nan nan nan nan nan nan nan nan nan nan nan nan nan nan nan nan
          nan nan nan nan nan nan nan nan nan nan nan nan nan nan nan nan nan nan nan nan
          nan nan nan nan nan nan nan nan nan nan 176.99219942092896 176.99219942092896 25.39686393737793 nan nan nan nan nan nan nan
          nan nan nan nan nan nan nan nan nan nan nan nan nan nan nan nan nan nan nan nan
          nan nan nan nan nan nan nan nan nan nan nan nan nan nan nan nan nan nan nan nan
          nan nan nan nan nan nan nan nan nan nan nan nan nan nan nan nan nan nan nan nan
          nan nan nan nan nan nan nan nan nan nan 5.211292743682861 70.06859540939331 86.25608205795288 176.99219942092896 nan nan nan nan nan nan
          nan nan nan nan nan nan nan nan nan nan nan nan nan nan nan nan nan nan nan nan
          nan nan nan nan nan nan nan nan nan nan nan nan nan nan nan nan nan nan nan nan
          nan nan nan nan nan nan nan nan nan nan nan nan nan nan nan nan nan nan nan nan
          nan nan nan nan nan nan nan nan nan nan nan nan 12.328721046447754 26.87421417236328 57.877960205078125 nan 27.204344749450684 nan nan nan
          nan nan nan nan nan nan nan nan nan nan nan nan nan nan nan nan nan nan nan nan
          nan nan nan nan nan nan nan nan nan nan nan nan nan nan nan nan nan nan nan nan
          nan nan nan nan nan nan nan nan nan nan nan nan nan nan nan nan nan nan nan nan
          nan nan nan nan nan nan nan nan nan nan nan nan nan nan nan nan nan nan 10.188871383666992 0.5391702651977539
          nan nan nan nan nan nan nan nan nan nan nan nan nan nan nan nan nan nan nan nan
          nan nan nan nan nan nan nan nan nan nan nan nan nan nan nan nan nan nan nan nan
          nan nan nan nan nan nan nan nan nan nan nan nan nan nan nan nan nan nan nan nan
          nan nan nan nan nan nan nan nan nan nan nan nan nan nan nan nan nan nan nan nan
          nan nan nan nan nan nan nan nan nan nan nan nan nan nan nan nan nan nan nan nan
          nan nan nan nan nan nan nan nan nan nan nan nan nan nan nan nan nan nan nan nan
          nan nan nan nan nan nan nan nan nan nan nan nan nan nan nan nan nan nan nan nan
          nan nan nan nan nan nan nan nan nan nan nan nan nan nan nan nan nan nan nan nan
          nan nan nan nan nan nan nan nan nan nan nan nan nan nan nan nan nan nan nan nan
          nan nan nan nan nan nan nan nan nan nan nan nan nan nan nan nan nan nan nan nan
          nan nan nan nan nan nan nan nan nan nan nan nan nan nan nan nan nan nan nan nan
          nan nan nan nan nan nan nan nan nan nan nan nan nan nan nan nan nan nan nan nan
          nan nan nan nan nan nan nan nan nan nan nan nan nan nan nan nan nan nan nan nan
          nan nan nan nan nan nan nan nan nan nan nan nan nan nan nan nan nan nan nan nan
          nan nan nan nan nan nan nan nan nan nan nan nan nan nan nan nan nan nan nan nan
          nan nan nan nan nan nan nan nan nan nan nan nan nan nan nan nan nan nan nan nan
          nan nan nan nan nan nan nan nan nan nan nan nan nan nan nan nan nan nan nan nan
          nan nan nan nan nan nan nan nan nan nan nan nan nan nan nan nan nan nan nan nan
          nan nan nan nan nan nan nan nan nan nan nan nan nan nan nan nan nan nan nan nan
          nan nan nan nan nan nan nan nan nan nan nan nan nan nan nan nan nan nan nan nan
          nan nan nan nan nan nan nan nan nan nan nan nan nan nan nan nan nan nan nan nan
          nan nan nan nan nan nan nan nan nan nan nan nan nan nan nan nan nan nan nan nan
          nan nan nan nan nan nan nan nan nan nan nan nan nan nan nan nan nan nan nan nan
          nan nan nan nan nan nan nan nan nan nan nan nan nan nan nan nan nan nan nan nan
          nan nan nan nan nan nan nan nan nan nan nan nan nan nan nan nan nan nan nan nan
          nan nan nan nan nan nan nan nan nan nan nan nan nan nan nan nan nan nan nan nan
          nan nan nan nan nan nan nan nan nan nan nan nan nan nan nan nan nan nan nan nan
          nan nan nan nan nan nan nan nan nan nan nan nan nan nan nan nan nan nan nan nan
          nan nan nan nan nan nan nan nan nan nan nan nan nan nan nan nan nan nan nan nan
          nan nan nan nan nan nan nan nan nan nan nan nan nan nan nan nan nan nan nan nan
          nan nan nan nan nan nan nan nan nan nan nan nan nan nan nan nan nan nan nan nan
          nan nan nan nan nan nan nan nan nan nan nan nan nan nan nan nan nan nan nan nan
          nan nan nan nan nan nan nan nan nan nan nan nan nan nan nan nan nan nan nan nan
          nan nan nan nan nan nan nan nan nan nan nan nan nan nan nan nan nan nan nan nan
          nan nan nan nan nan nan nan nan nan nan nan nan nan nan nan nan nan nan nan nan
          nan nan nan nan nan nan nan nan nan nan nan nan nan nan nan nan nan nan nan nan
          nan nan nan nan nan nan nan nan nan nan nan nan nan nan nan nan nan nan nan nan
          nan nan nan nan nan nan nan nan nan nan nan nan nan nan nan nan nan nan nan nan
          nan nan nan nan nan nan nan nan nan nan nan nan nan nan nan nan nan nan nan nan
          nan nan nan nan nan nan nan nan nan nan nan nan nan nan nan nan nan nan nan nan
          nan nan nan nan nan nan nan nan nan nan nan nan nan nan nan nan nan nan nan nan
          nan nan nan nan nan nan nan nan nan nan nan nan nan nan nan nan nan nan nan nan
          nan nan nan nan nan nan nan nan nan nan nan nan nan nan nan nan nan nan nan nan
          nan nan nan nan nan nan nan nan nan nan nan nan nan nan nan nan nan nan nan nan
          nan nan nan nan nan nan nan nan nan nan nan nan nan nan nan nan nan nan nan nan
          nan nan nan nan nan nan nan nan nan nan nan nan nan nan nan nan nan nan nan nan
          nan nan nan nan nan nan nan nan nan nan nan nan nan nan nan nan nan nan nan nan
          nan nan nan nan nan nan nan nan nan nan nan nan nan nan nan nan nan nan nan nan
          nan nan nan nan nan nan nan nan nan nan nan nan nan nan nan nan nan nan nan nan
          nan nan nan nan nan nan nan nan nan nan nan nan nan nan nan nan nan nan nan nan
          nan nan nan nan nan nan nan nan nan nan nan nan nan nan nan nan nan nan nan nan
          nan nan nan nan nan nan nan nan nan nan nan nan nan nan nan nan nan nan nan nan
          nan nan nan nan nan nan nan nan nan nan nan nan nan nan nan nan nan nan nan nan
          nan nan nan nan nan nan nan nan nan nan nan nan nan nan nan nan nan nan nan nan
          nan nan nan nan nan nan nan nan nan nan nan nan nan nan nan nan nan nan nan nan
          nan nan nan nan nan nan nan nan nan nan nan nan nan nan nan nan nan nan nan nan
          nan nan nan nan nan nan nan nan nan nan nan nan nan nan nan nan nan nan nan nan
          nan nan nan nan nan nan nan nan nan nan nan nan nan nan nan nan nan nan nan nan
          nan nan nan nan nan nan nan nan nan nan nan nan nan nan nan nan nan nan nan nan
          nan nan nan nan nan nan nan nan nan nan nan nan nan nan nan nan nan nan nan nan
          nan nan nan nan nan nan nan nan nan nan nan nan nan nan nan nan nan nan nan nan
          nan nan nan nan nan nan nan nan nan nan nan nan nan nan nan nan nan nan nan nan
          nan nan nan nan nan nan nan nan nan nan nan nan nan nan nan nan nan nan nan nan
          nan nan nan nan nan nan nan nan nan nan nan nan nan nan nan nan nan nan nan nan
          nan nan nan nan nan nan nan nan nan nan nan nan nan nan nan nan nan nan nan nan
          nan nan nan nan nan nan nan nan nan nan nan nan nan nan nan nan nan nan nan nan
          nan nan nan nan nan nan nan nan nan nan nan nan nan nan nan nan nan nan nan nan
          nan nan nan nan nan nan nan nan nan nan nan nan nan nan nan nan nan nan nan nan
          nan nan nan nan nan nan nan nan nan nan nan nan nan nan nan nan nan nan nan nan
          nan nan nan nan nan nan nan nan nan nan nan nan nan nan nan nan nan nan nan nan
          nan nan nan nan nan nan nan nan nan nan nan nan nan nan nan nan nan nan nan nan
          nan nan nan nan nan nan nan nan nan nan nan nan nan nan nan nan nan nan nan nan
          nan nan nan nan nan nan nan nan nan nan nan nan nan nan nan nan nan nan nan nan
          nan nan nan nan nan nan nan nan nan nan nan nan nan nan nan nan nan nan nan nan
          nan nan nan nan nan nan nan nan nan nan nan nan nan nan nan nan nan nan nan nan
          nan nan nan nan nan nan nan nan nan nan nan nan nan nan nan nan nan nan nan nan
          nan nan nan nan nan nan nan nan nan nan nan nan nan nan nan nan nan nan nan nan
          nan nan nan nan nan nan nan nan nan nan nan nan nan nan nan nan nan nan nan nan
          nan nan nan nan nan nan nan nan nan nan nan nan nan nan nan nan nan nan nan nan
          nan nan nan nan nan nan nan nan nan nan nan nan nan nan nan nan nan nan nan nan
          nan nan nan nan nan nan nan nan nan nan nan nan nan nan nan nan nan nan nan nan
          nan nan nan nan nan nan nan nan nan nan nan nan nan nan nan nan nan nan nan nan
          nan nan nan nan nan nan nan nan nan nan nan nan nan nan nan nan nan nan nan nan
          nan nan nan nan nan nan nan nan nan nan nan nan nan nan nan nan nan nan nan nan
          nan nan nan nan nan nan nan nan nan nan nan nan nan nan nan nan nan nan nan nan
          nan nan nan nan nan nan nan nan nan nan nan nan nan nan nan nan nan nan nan nan
          nan nan nan nan nan nan nan nan nan nan nan nan nan nan nan nan nan nan nan nan
          nan nan nan nan nan nan nan nan nan nan nan nan nan nan nan nan nan nan nan nan
          nan nan nan nan nan nan nan nan nan nan nan nan nan nan nan nan nan nan nan nan
          nan nan nan nan nan nan nan nan nan nan nan nan nan nan nan nan nan nan nan nan
          nan nan nan nan nan nan nan nan nan nan nan nan nan nan nan nan nan nan nan nan
          nan nan nan nan nan nan nan nan nan nan nan nan nan nan nan nan nan nan nan nan
          nan nan nan nan nan nan nan nan nan nan nan nan nan nan nan nan nan nan nan nan
          nan nan nan nan nan nan nan nan nan nan nan nan nan nan nan nan nan nan nan nan
          nan nan nan nan nan nan nan nan nan nan nan nan nan nan nan nan nan nan nan nan
          nan nan nan nan nan nan nan nan nan nan nan nan nan nan nan nan nan nan nan nan
          nan nan nan nan nan nan nan nan nan nan nan nan nan nan nan nan nan nan nan nan
          nan nan nan nan nan nan nan nan nan nan nan nan nan nan nan nan nan nan nan nan
          nan nan nan nan nan nan nan nan nan nan nan nan nan nan nan nan nan nan nan nan
          nan nan nan nan nan nan nan nan nan nan nan nan nan nan nan nan nan nan nan nan
          nan nan nan nan nan nan nan nan nan nan nan nan nan nan nan nan nan nan nan nan
          nan nan nan nan nan nan nan nan nan nan nan nan nan nan nan nan nan nan nan nan
          nan nan nan nan nan nan nan nan nan nan nan nan nan nan nan nan nan nan nan nan
          nan nan nan nan nan nan nan nan nan nan nan nan nan nan nan nan nan nan nan nan
          nan nan nan nan nan nan nan nan nan nan nan nan nan nan nan nan nan nan nan nan
          nan nan nan nan nan nan nan nan nan nan nan nan nan nan nan nan nan nan nan nan
          nan nan nan nan nan nan nan nan nan nan nan nan nan nan nan nan nan nan nan nan
          nan nan nan nan nan nan nan nan nan nan nan nan nan nan nan nan nan nan nan nan
          nan nan nan nan nan nan nan nan nan nan nan nan nan nan nan nan nan nan nan nan
          nan nan nan nan nan nan nan nan nan nan nan nan nan nan nan nan nan nan nan nan
          nan nan nan nan nan nan nan nan nan nan nan nan nan nan nan nan nan nan nan nan
          nan nan nan nan nan nan nan nan nan nan nan nan nan nan nan nan nan nan nan nan
          nan nan nan nan nan nan nan nan nan nan nan nan nan nan nan nan nan nan nan nan
          nan nan nan nan nan nan nan nan nan nan nan nan nan nan nan nan nan nan nan nan
          nan nan nan nan nan nan nan nan nan nan nan nan nan nan nan nan nan nan nan nan
          nan nan nan nan nan nan nan nan nan nan nan nan nan nan nan nan nan nan nan nan
          nan nan nan nan nan nan nan nan nan nan nan nan nan nan nan nan nan nan nan nan
          nan nan nan nan nan nan nan nan nan nan nan nan nan nan nan nan nan nan nan nan
          nan nan nan nan nan nan nan nan nan nan nan nan nan nan nan nan nan nan nan nan
          nan nan nan nan nan nan nan nan nan nan nan nan nan nan nan nan nan nan nan nan
          nan nan nan nan nan nan nan nan nan nan nan nan nan nan nan nan nan nan nan nan
          nan nan nan nan nan nan nan nan nan nan nan nan nan nan nan nan nan nan nan nan
          nan nan nan nan nan nan nan nan nan nan nan nan nan nan nan nan nan nan nan nan
          nan nan nan nan nan nan nan nan nan nan nan nan nan nan nan nan nan nan nan nan
          nan nan nan nan nan nan nan nan nan nan nan nan nan nan nan nan nan nan nan nan
          nan nan nan nan nan nan nan nan nan nan nan nan nan nan nan nan nan nan nan nan
          nan nan nan nan nan nan nan nan nan nan nan nan nan nan nan nan nan nan nan nan
          nan nan nan nan nan nan nan nan nan nan nan nan nan nan nan nan nan nan nan nan
          nan nan nan nan nan nan nan nan nan nan nan nan nan nan nan nan nan nan 1.2520338296890259 nan
          nan nan nan nan nan nan nan nan nan nan nan nan nan nan nan nan nan nan nan nan
          nan nan nan nan nan nan nan nan nan nan nan nan nan nan nan nan nan nan nan nan
          nan nan nan nan nan nan nan nan nan nan nan nan nan nan nan nan nan nan nan nan
          nan nan nan nan nan nan nan nan nan nan nan nan nan nan nan nan nan nan nan nan
          nan nan 10.369438767433167 nan nan nan nan nan nan nan nan nan nan nan nan nan nan nan nan nan
          nan nan nan nan nan nan nan nan nan nan nan nan nan nan nan nan nan nan nan nan
          nan nan nan nan nan nan nan nan nan nan nan nan nan nan nan nan nan nan nan nan
          nan nan nan nan nan nan nan nan nan nan nan nan nan nan nan nan nan nan nan nan
          nan nan nan nan nan 14.115661978721619 nan nan nan nan nan nan nan nan nan nan nan nan nan nan
          nan nan nan nan nan nan nan nan nan nan nan nan nan nan nan nan nan nan nan nan
          nan nan nan nan nan nan nan nan nan nan nan nan nan nan nan nan nan nan nan nan
          nan nan nan nan nan nan nan nan nan nan nan nan nan nan nan nan nan nan nan nan
          nan nan nan nan nan nan nan nan nan 47.38768804073334 nan nan nan nan nan nan nan nan nan nan
          nan nan nan nan nan nan nan nan nan nan nan nan nan nan nan nan nan nan nan nan
          nan nan nan nan nan nan nan nan nan nan nan nan nan nan nan nan nan nan nan nan
          nan nan nan nan nan nan nan nan nan nan nan nan nan nan nan nan nan nan nan nan
          nan nan nan nan nan nan nan nan nan nan nan nan nan 71.27031171321869 nan nan nan nan nan nan
          nan nan nan nan nan nan nan nan nan nan nan nan nan nan nan nan nan nan nan nan
          nan nan nan nan nan nan nan nan nan nan nan nan nan nan nan nan nan nan nan nan
          nan nan nan nan nan nan nan nan nan nan nan nan nan nan nan nan nan nan nan nan
          nan nan nan nan nan nan nan nan nan nan nan nan nan nan nan nan 71.27031171321869 9.96610164642334 nan nan
          nan nan nan nan nan nan nan nan nan nan nan nan nan nan nan nan nan nan nan nan
          nan nan nan nan nan nan nan nan nan nan nan nan nan nan nan nan nan nan nan nan
          nan nan nan nan nan nan nan nan nan nan nan nan nan nan nan nan nan nan nan nan
          nan nan nan nan nan nan nan nan nan nan nan nan nan nan nan nan nan nan nan 220.0618098974228
          107.37753486633301 75.75268268585205 53.549302101135254 41.026885986328125 nan nan nan nan nan nan nan nan nan nan nan nan nan nan nan nan
          nan nan nan nan nan nan nan nan nan nan nan nan nan nan nan nan nan nan nan nan
          nan nan nan nan nan nan nan nan nan nan nan nan nan nan nan nan nan nan nan nan
          nan nan nan nan nan nan nan nan nan nan nan nan nan nan nan nan nan nan nan nan
          nan 5.895079612731934 298.10839116573334 44.903076171875 22.072673797607422 nan nan nan 20.074626922607422 nan nan nan nan nan nan nan nan nan nan nan
          nan nan nan nan nan nan nan nan nan nan nan nan nan nan nan nan nan nan nan nan
          nan nan nan nan nan nan nan nan nan nan nan nan nan nan nan nan nan nan nan nan
          nan nan nan nan nan nan nan nan nan nan nan nan nan nan nan nan nan nan nan nan
          nan 546.3515847921371 482.87152421474457 370.9845918416977 nan 339.7184327840805 22.322368621826172 nan nan nan nan nan nan nan nan nan nan nan nan nan
          nan nan nan nan nan nan nan nan nan nan nan nan nan nan nan nan nan nan nan nan
          nan nan nan nan nan nan nan nan nan nan nan nan nan nan nan nan nan nan nan nan
          nan nan nan nan nan nan nan nan nan nan nan nan nan nan nan nan nan nan nan nan
          nan nan nan nan 622.6112893819809 nan nan nan 339.7184327840805 nan nan nan nan nan nan nan nan nan nan nan
          nan nan nan nan nan nan nan nan nan nan nan nan nan nan nan nan nan nan nan nan
          nan nan nan nan nan nan nan nan nan nan nan nan nan nan nan nan nan nan nan nan
          nan nan nan nan nan nan nan nan nan nan nan nan nan nan nan nan nan nan nan nan
          nan nan nan nan nan nan nan 622.6112893819809 nan nan nan nan nan nan nan nan nan nan nan nan
          nan nan nan nan nan nan nan nan nan nan nan nan nan nan nan nan nan nan nan nan
          nan nan nan nan nan nan nan nan nan nan nan nan nan nan nan nan nan nan nan nan
          nan nan nan nan nan nan nan nan nan nan nan nan nan nan nan nan nan nan nan nan
          nan nan nan nan nan nan nan nan nan 16.714017868041992 643.5808328390121 nan nan nan nan nan nan nan nan nan
          nan nan nan nan nan nan nan nan nan nan nan nan nan nan nan nan nan nan nan nan
          nan nan nan nan nan nan nan nan nan nan nan nan nan nan nan nan nan nan nan nan
          nan nan nan nan nan nan nan nan nan nan nan nan nan nan nan nan nan nan nan nan
          nan nan nan nan nan nan nan nan nan nan nan nan nan 729.1728605031967 16.591541290283203 nan nan nan nan nan
          nan nan nan nan nan nan nan nan nan nan nan nan nan nan nan nan nan nan nan nan
          nan nan nan nan nan nan nan nan nan nan nan nan nan nan nan nan nan nan nan nan
          nan nan nan nan nan nan nan nan nan nan nan nan nan nan nan nan nan nan nan nan
          nan nan nan nan nan nan nan nan nan nan nan nan nan nan nan nan 736.3159745931625 nan nan nan
          nan nan nan nan nan nan nan nan nan nan nan nan nan nan nan nan nan nan nan nan
          nan nan nan nan nan nan nan nan nan nan nan nan nan nan nan nan nan nan nan nan
          nan nan nan nan nan nan nan nan nan nan nan nan nan nan nan nan nan nan nan nan
          nan nan nan nan nan nan nan nan nan nan nan nan nan nan nan nan nan nan nan 776.9120782613754
          nan nan nan nan nan nan nan nan nan nan nan nan nan nan nan nan nan nan nan nan
          nan nan nan nan nan nan nan nan nan nan nan nan nan nan nan nan nan nan nan nan
          nan nan nan nan nan nan nan nan nan nan nan nan nan nan nan nan nan nan nan nan
          nan nan nan nan nan nan nan nan nan nan nan nan nan nan nan nan nan nan nan nan
          nan nan 832.6736139059067 11.835113525390625 nan nan nan nan nan nan nan nan nan nan nan nan nan nan nan nan
          nan nan nan nan nan nan nan nan nan nan nan nan nan nan nan nan nan nan nan nan
          nan nan nan nan nan nan nan nan nan nan nan nan nan nan nan nan nan nan nan nan
          nan nan nan nan nan nan nan nan nan nan nan nan nan nan nan nan nan nan nan nan
          nan nan nan nan nan 883.3318494558334 5.729291915893555 nan nan nan nan nan nan nan nan nan nan nan nan nan
          nan nan nan nan nan nan nan nan nan nan nan nan nan nan nan nan nan nan nan nan
          nan nan nan nan nan nan nan nan nan nan nan nan nan nan nan nan nan nan nan nan
          nan nan nan nan nan nan nan nan nan nan nan nan nan nan nan nan nan nan nan nan
          nan nan nan nan nan nan nan nan 906.7233251333237 11.227630615234375 nan nan nan nan nan nan nan nan nan nan
          nan nan nan nan nan nan nan nan nan nan nan nan nan nan nan nan nan nan nan nan
          nan nan nan nan nan nan nan nan nan nan nan nan nan nan nan nan nan nan nan nan
          nan nan nan nan nan nan nan nan nan nan nan nan nan nan nan nan nan nan nan nan
          nan nan nan nan nan nan nan nan nan nan nan 962.1795825958252 12.63038694858551 nan nan nan nan nan nan nan
          nan nan nan nan nan nan nan nan nan nan nan nan nan nan nan nan nan nan nan nan
          nan nan nan nan nan nan nan nan nan nan nan nan nan nan nan nan nan nan nan nan
          nan nan nan nan nan nan nan nan nan nan nan nan nan nan nan nan nan nan nan nan
          nan nan nan nan nan nan nan nan nan nan nan nan nan nan 987.7060146331787 0.04410366714000702 nan nan nan nan
          nan nan nan nan nan nan nan nan nan nan nan nan nan nan nan nan nan nan nan nan
          nan nan nan nan nan nan nan nan nan nan nan nan nan nan nan nan nan nan nan nan
          nan nan nan nan nan nan nan nan nan nan nan nan nan nan nan nan nan nan nan nan
          nan nan nan nan nan nan nan nan nan nan nan nan nan nan nan nan nan 20.650209426879883 1013.1288834065199 nan
          nan nan nan nan nan nan nan nan nan nan nan nan nan nan nan nan nan nan nan nan
          nan nan nan nan nan nan nan nan nan nan nan nan nan nan nan nan nan nan nan nan
          nan nan nan nan nan nan nan nan nan nan nan nan nan nan nan nan nan nan nan nan
          nan nan nan nan nan nan nan nan nan nan nan nan nan nan nan nan nan nan nan nan
          35.66054153442383 1070.5961399525404 nan nan nan nan nan nan nan nan nan nan nan nan nan nan nan nan nan nan
          nan nan nan nan nan nan nan nan nan nan nan nan nan nan nan nan nan nan nan nan
          nan nan nan nan nan nan nan nan nan nan nan nan nan nan nan nan nan nan nan nan
          nan nan nan nan nan nan nan nan nan nan nan nan nan nan nan nan nan nan nan nan
          nan nan nan nan nan 1119.1121874302626 nan nan nan nan nan nan nan nan nan nan nan nan nan nan
          nan nan nan nan nan nan nan nan nan nan nan nan nan nan nan nan nan nan nan nan
          nan nan nan nan nan nan nan nan nan nan nan nan nan nan nan nan nan nan nan nan
          nan nan nan nan nan nan nan nan nan nan nan nan nan nan nan nan nan nan nan nan
          nan nan nan nan nan nan nan 26.562744140625 1119.1121874302626 nan nan nan nan nan nan nan nan nan nan nan
          nan nan nan nan nan nan nan nan nan nan nan nan nan nan nan nan nan nan nan nan
          nan nan nan nan nan nan nan nan nan nan nan nan nan nan nan nan nan nan nan nan
          nan nan nan nan nan nan nan nan nan nan nan nan nan nan nan nan nan nan nan nan
          nan nan nan nan nan nan nan nan nan nan nan 42.37356090545654 1132.4333849400282 nan nan nan nan nan nan nan
          nan nan nan nan nan nan nan nan nan nan nan nan nan nan nan nan nan nan nan nan
          nan nan nan nan nan nan nan nan nan nan nan nan nan nan nan nan nan nan nan nan
          nan nan nan nan nan nan nan nan nan nan nan nan nan nan nan nan nan nan nan nan
          nan nan nan nan nan nan nan nan nan nan nan nan nan nan nan 1229.1822548359632 nan nan nan nan
          nan nan nan nan nan nan nan nan nan nan nan nan nan nan nan nan nan nan nan nan
          nan nan nan nan nan nan nan nan nan nan nan nan nan nan nan nan nan nan nan nan
          nan nan nan nan nan nan nan nan nan nan nan nan nan nan nan nan nan nan nan nan
          nan nan nan nan nan nan nan nan nan nan nan nan nan nan nan nan nan nan 1253.1848240345716 nan
          nan nan nan nan nan nan nan nan nan nan nan nan nan nan nan nan nan nan nan nan
          nan nan nan nan nan nan nan nan nan nan nan nan nan nan nan nan nan nan nan nan
          nan nan nan nan nan nan nan nan nan nan nan nan nan nan nan nan nan nan nan nan
          nan nan nan nan nan nan nan nan nan nan nan nan nan nan nan nan nan nan nan nan
          nan nan 1280.117885634303 nan nan nan nan nan nan nan nan nan nan nan nan nan nan nan nan nan
          nan nan nan nan nan nan nan nan nan nan nan nan nan nan nan nan nan nan nan nan
          nan nan nan nan nan nan nan nan nan nan nan nan nan nan nan nan nan nan nan nan
          nan nan nan nan nan nan nan nan nan nan nan nan nan nan nan nan nan nan nan nan
          nan nan nan nan 1.2284492254257202 1309.906553313136 nan nan nan nan nan nan nan nan nan nan nan nan nan nan
          nan nan nan nan nan nan nan nan nan nan nan nan nan nan nan nan nan nan nan nan
          nan nan nan nan nan nan nan nan nan nan nan nan nan nan nan nan nan nan nan nan
          nan nan nan nan nan nan nan nan nan nan nan nan nan nan nan nan nan nan nan nan
          nan nan nan nan nan nan nan nan 18.704019904136658 nan 1318.375070616603 nan nan nan nan nan nan nan nan nan
          nan nan nan nan nan nan nan nan nan nan nan nan nan nan nan nan nan nan nan nan
          nan nan nan nan nan nan nan nan nan nan nan nan nan nan nan nan nan nan nan nan
          nan nan nan nan nan nan nan nan nan nan nan nan nan nan nan nan nan nan nan nan
          nan nan nan nan nan nan nan nan nan nan nan nan 3.59533429145813 18.704019904136658 1340.8194752186537 46.913143157958984 nan nan nan nan
          nan nan nan nan nan nan nan nan nan nan nan nan nan nan nan nan nan nan nan nan
          nan nan nan nan nan nan nan nan nan nan nan nan nan nan nan nan nan nan nan nan
          nan nan nan nan nan nan nan nan nan nan nan nan nan nan nan nan nan nan nan nan
          nan nan nan nan nan nan nan nan nan nan nan nan nan nan nan nan nan 9.50932240486145 1461.584583684802 nan
          nan nan nan nan nan nan nan nan nan nan nan nan nan nan nan nan nan nan nan nan
          nan nan nan nan nan nan nan nan nan nan nan nan nan nan nan nan nan nan nan nan
          nan nan nan nan nan nan nan nan nan nan nan nan nan nan nan nan nan nan nan nan
          nan nan nan nan nan nan nan nan nan nan nan nan nan nan nan nan nan nan nan nan
          nan nan 1525.5063702315092 nan nan nan nan nan nan nan nan nan nan nan nan nan nan nan nan nan
          nan nan nan nan nan nan nan nan nan nan nan nan nan nan nan nan nan nan nan nan
          nan nan nan nan nan nan nan nan nan nan nan nan nan nan nan nan nan nan nan nan
          nan nan nan nan nan nan nan nan nan nan nan nan nan nan nan nan nan nan nan nan
          nan nan nan nan nan nan 1563.9443165510893 nan nan nan nan nan nan nan nan nan nan nan nan nan
          nan nan nan nan nan nan nan nan nan nan nan nan nan nan nan nan nan nan nan nan
          nan nan nan nan nan nan nan nan nan nan nan nan nan nan nan nan nan nan nan nan
          nan nan nan nan nan nan nan nan nan nan nan nan nan nan nan nan nan nan nan nan
          nan nan nan nan nan nan nan nan nan 1598.831245109439 9.679967880249023 nan nan nan nan nan nan nan nan nan
          nan nan nan nan nan nan nan nan nan nan nan nan nan nan nan nan nan nan nan nan
          nan nan nan nan nan nan nan nan nan nan nan nan nan nan nan nan nan nan nan nan
          nan nan nan nan nan nan nan nan nan nan nan nan nan nan nan nan nan nan nan nan
          nan 16.18338394165039 nan nan nan nan nan nan nan nan nan nan nan 1650.1925141066313 nan nan nan nan nan nan
          nan nan nan nan nan nan nan nan nan nan nan nan nan nan nan nan nan nan nan nan
          nan nan nan nan nan nan nan nan nan nan nan nan nan nan nan nan nan nan nan nan
          nan nan nan nan nan nan nan nan nan nan nan nan nan nan nan nan nan nan nan nan
          nan nan nan nan nan nan 26.977222442626953 nan nan nan nan nan nan nan nan nan nan 1675.2633511275053 nan nan
          nan nan nan nan nan nan nan nan nan nan nan nan nan nan nan nan nan nan nan nan
          nan nan nan nan nan nan nan nan nan nan nan nan nan nan nan nan nan nan nan nan
          nan nan nan nan nan nan nan nan nan nan nan nan nan nan nan nan nan nan nan nan
          nan nan nan nan nan nan 8.376572608947754 40.96804356575012 43.654040575027466 43.654040575027466 43.654040575027466 103.31936955451965 130.86638951301575 nan nan nan nan nan nan nan
          1727.5192524641752 nan nan nan nan nan nan nan nan nan nan nan nan nan nan nan nan nan nan nan
          nan nan nan nan nan nan nan nan nan nan nan nan nan nan nan nan nan nan nan nan
          nan nan nan nan nan nan nan nan nan nan nan nan nan nan nan nan nan nan nan nan
          nan nan nan nan nan nan nan nan 6.81470251083374 11.56733512878418 12.623138666152954 nan nan nan nan nan nan 149.6323311328888 191.6375343799591 nan
          1.6169447898864746 nan nan 36.357276916503906 1814.479884788394 nan nan nan nan nan nan nan nan nan nan nan nan nan nan nan
          nan nan nan nan nan nan nan nan nan nan nan nan nan nan nan nan nan nan nan nan
          nan nan nan nan nan nan nan nan nan nan nan nan nan nan nan nan nan nan nan nan
          nan nan nan nan nan nan nan 
        </DataArray>
      </CellData>
      <Points>
        <DataArray type="Float64" Name="Points" NumberOfComponents="3" format="ascii">
          264987.50 6785762.50 122.60 265012.50 6785762.50 122.60 265037.50 6785762.50 122.60 265062.50 6785762.50 122.59 265087.50 6785762.50 122.58 
          265112.50 6785762.50 122.56 265137.50 6785762.50 122.55 265162.50 6785762.50 122.52 265187.50 6785762.50 122.49 
          265212.50 6785762.50 122.46 265237.50 6785762.50 122.43 265262.50 6785762.50 122.39 265287.50 6785762.50 122.35 
          265312.50 6785762.50 122.30 265337.50 6785762.50 122.26 265362.50 6785762.50 122.20 265387.50 6785762.50 122.15 
          265412.50 6785762.50 122.09 265437.50 6785762.50 122.03 265462.50 6785762.50 121.96 265487.50 6785762.50 121.90 
          265512.50 6785762.50 121.83 265537.50 6785762.50 121.76 265562.50 6785762.50 121.69 265587.50 6785762.50 121.62 
          265612.50 6785762.50 121.54 265637.50 6785762.50 121.46 265662.50 6785762.50 121.37 265687.50 6785762.50 121.27 
          265712.50 6785762.50 121.16 265737.50 6785762.50 121.05 265762.50 6785762.50 120.92 265787.50 6785762.50 120.80 
          265812.50 6785762.50 120.67 265837.50 6785762.50 120.53 265862.50 6785762.50 120.38 265887.50 6785762.50 120.24 
          265912.50 6785762.50 120.08 265937.50 6785762.50 119.91 265962.50 6785762.50 119.73 265987.50 6785762.50 119.54 
          266012.50 6785762.50 119.35 266037.50 6785762.50 119.15 266062.50 6785762.50 118.94 266087.50 6785762.50 118.72 
          266112.50 6785762.50 118.49 266137.50 6785762.50 118.25 266162.50 6785762.50 118.01 266187.50 6785762.50 117.75 
          266212.50 6785762.50 117.48 266237.50 6785762.50 117.20 266262.50 6785762.50 116.91 266287.50 6785762.50 116.61 
          266312.50 6785762.50 116.29 266337.50 6785762.50 115.97 266362.50 6785762.50 115.64 266387.50 6785762.50 115.31 
          266412.50 6785762.50 114.97 266437.50 6785762.50 114.63 266462.50 6785762.50 114.28 266487.50 6785762.50 113.92 
          266512.50 6785762.50 113.55 266537.50 6785762.50 113.16 266562.50 6785762.50 112.76 266587.50 6785762.50 112.34 
          266612.50 6785762.50 111.91 266637.50 6785762.50 111.47 266662.50 6785762.50 111.03 266687.50 6785762.50 110.55 
          266712.50 6785762.50 110.07 266737.50 6785762.50 109.59 266762.50 6785762.50 109.10 266787.50 6785762.50 108.60 
          266812.50 6785762.50 108.09 266837.50 6785762.50 107.53 266862.50 6785762.50 106.93 266887.50 6785762.50 106.33 
          266912.50 6785762.50 105.77 266937.50 6785762.50 105.30 266962.50 6785762.50 104.94 266987.50 6785762.50 104.68 
          267012.50 6785762.50 104.42 267037.50 6785762.50 104.89 267062.50 6785762.50 105.05 267087.50 6785762.50 105.05 
          264987.50 6785737.50 122.59 265012.50 6785737.50 122.59 265037.50 6785737.50 122.58 265062.50 6785737.50 122.58 
          265087.50 6785737.50 122.57 265112.50 6785737.50 122.55 265137.50 6785737.50 122.53 265162.50 6785737.50 122.51 
          265187.50 6785737.50 122.48 265212.50 6785737.50 122.45 265237.50 6785737.50 122.42 265262.50 6785737.50 122.38 
          265287.50 6785737.50 122.34 265312.50 6785737.50 122.29 265337.50 6785737.50 122.24 265362.50 6785737.50 122.19 
          265387.50 6785737.50 122.14 265412.50 6785737.50 122.08 265437.50 6785737.50 122.02 265462.50 6785737.50 121.96 
          265487.50 6785737.50 121.89 265512.50 6785737.50 121.82 265537.50 6785737.50 121.75 265562.50 6785737.50 121.68 
          265587.50 6785737.50 121.61 265612.50 6785737.50 121.53 265637.50 6785737.50 121.45 265662.50 6785737.50 121.36 
          265687.50 6785737.50 121.26 265712.50 6785737.50 121.15 265737.50 6785737.50 121.04 265762.50 6785737.50 120.92 
          265787.50 6785737.50 120.79 265812.50 6785737.50 120.66 265837.50 6785737.50 120.52 265862.50 6785737.50 120.37 
          265887.50 6785737.50 120.22 265912.50 6785737.50 120.07 265937.50 6785737.50 119.90 265962.50 6785737.50 119.72 
          265987.50 6785737.50 119.53 266012.50 6785737.50 119.34 266037.50 6785737.50 119.14 266062.50 6785737.50 118.93 
          266087.50 6785737.50 118.71 266112.50 6785737.50 118.48 266137.50 6785737.50 118.25 266162.50 6785737.50 118.00 
          266187.50 6785737.50 117.75 266212.50 6785737.50 117.48 266237.50 6785737.50 117.20 266262.50 6785737.50 116.91 
          266287.50 6785737.50 116.60 266312.50 6785737.50 116.29 266337.50 6785737.50 115.97 266362.50 6785737.50 115.64 
          266387.50 6785737.50 115.31 266412.50 6785737.50 114.98 266437.50 6785737.50 114.64 266462.50 6785737.50 114.29 
          266487.50 6785737.50 113.93 266512.50 6785737.50 113.55 266537.50 6785737.50 113.17 266562.50 6785737.50 112.77 
          266587.50 6785737.50 112.35 266612.50 6785737.50 111.92 266637.50 6785737.50 111.49 266662.50 6785737.50 111.04 
          266687.50 6785737.50 110.57 266712.50 6785737.50 110.09 266737.50 6785737.50 109.59 266762.50 6785737.50 109.11 
          266787.50 6785737.50 108.61 266812.50 6785737.50 108.09 266837.50 6785737.50 107.54 266862.50 6785737.50 106.94 
          266887.50 6785737.50 106.30 266912.50 6785737.50 105.69 266937.50 6785737.50 105.19 266962.50 6785737.50 104.83 
          266987.50 6785737.50 104.42 267012.50 6785737.50 104.86 267037.50 6785737.50 105.09 267062.50 6785737.50 105.20 
          267087.50 6785737.50 105.20 264987.50 6785712.50 122.57 265012.50 6785712.50 122.57 265037.50 6785712.50 122.56 
          265062.50 6785712.50 122.55 265087.50 6785712.50 122.54 265112.50 6785712.50 122.53 265137.50 6785712.50 122.51 
          265162.50 6785712.50 122.48 265187.50 6785712.50 122.46 265212.50 6785712.50 122.42 265237.50 6785712.50 122.39 
          265262.50 6785712.50 122.35 265287.50 6785712.50 122.31 265312.50 6785712.50 122.27 265337.50 6785712.50 122.22 
          265362.50 6785712.50 122.17 265387.50 6785712.50 122.12 265412.50 6785712.50 122.06 265437.50 6785712.50 122.00 
          265462.50 6785712.50 121.93 265487.50 6785712.50 121.87 265512.50 6785712.50 121.80 265537.50 6785712.50 121.74 
          265562.50 6785712.50 121.66 265587.50 6785712.50 121.59 265612.50 6785712.50 121.51 265637.50 6785712.50 121.43 
          265662.50 6785712.50 121.34 265687.50 6785712.50 121.24 265712.50 6785712.50 121.13 265737.50 6785712.50 121.02 
          265762.50 6785712.50 120.90 265787.50 6785712.50 120.77 265812.50 6785712.50 120.64 265837.50 6785712.50 120.50 
          265862.50 6785712.50 120.35 265887.50 6785712.50 120.20 265912.50 6785712.50 120.04 265937.50 6785712.50 119.87 
          265962.50 6785712.50 119.70 265987.50 6785712.50 119.51 266012.50 6785712.50 119.32 266037.50 6785712.50 119.12 
          266062.50 6785712.50 118.91 266087.50 6785712.50 118.69 266112.50 6785712.50 118.47 266137.50 6785712.50 118.23 
          266162.50 6785712.50 117.99 266187.50 6785712.50 117.73 266212.50 6785712.50 117.47 266237.50 6785712.50 117.19 
          266262.50 6785712.50 116.90 266287.50 6785712.50 116.59 266312.50 6785712.50 116.28 266337.50 6785712.50 115.97 
          266362.50 6785712.50 115.64 266387.50 6785712.50 115.32 266412.50 6785712.50 114.99 266437.50 6785712.50 114.65 
          266462.50 6785712.50 114.30 266487.50 6785712.50 113.94 266512.50 6785712.50 113.57 266537.50 6785712.50 113.19 
          266562.50 6785712.50 112.79 266587.50 6785712.50 112.38 266612.50 6785712.50 111.96 266637.50 6785712.50 111.52 
          266662.50 6785712.50 111.07 266687.50 6785712.50 110.61 266712.50 6785712.50 110.12 266737.50 6785712.50 109.64 
          266762.50 6785712.50 109.14 266787.50 6785712.50 108.63 266812.50 6785712.50 108.11 266837.50 6785712.50 107.55 
          266862.50 6785712.50 106.95 266887.50 6785712.50 106.24 266912.50 6785712.50 105.47 266937.50 6785712.50 104.91 
          266962.50 6785712.50 104.53 266987.50 6785712.50 105.01 267012.50 6785712.50 105.24 267037.50 6785712.50 105.40 
          267062.50 6785712.50 105.49 267087.50 6785712.50 105.49 264987.50 6785687.50 122.54 265012.50 6785687.50 122.53 
          265037.50 6785687.50 122.53 265062.50 6785687.50 122.52 265087.50 6785687.50 122.51 265112.50 6785687.50 122.49 
          265137.50 6785687.50 122.47 265162.50 6785687.50 122.45 265187.50 6785687.50 122.42 265212.50 6785687.50 122.39 
          265237.50 6785687.50 122.35 265262.50 6785687.50 122.31 265287.50 6785687.50 122.27 265312.50 6785687.50 122.23 
          265337.50 6785687.50 122.18 265362.50 6785687.50 122.13 265387.50 6785687.50 122.08 265412.50 6785687.50 122.03 
          265437.50 6785687.50 121.97 265462.50 6785687.50 121.90 265487.50 6785687.50 121.84 265512.50 6785687.50 121.77 
          265537.50 6785687.50 121.71 265562.50 6785687.50 121.64 265587.50 6785687.50 121.56 265612.50 6785687.50 121.48 
          265637.50 6785687.50 121.40 265662.50 6785687.50 121.31 265687.50 6785687.50 121.21 265712.50 6785687.50 121.10 
          265737.50 6785687.50 120.99 265762.50 6785687.50 120.87 265787.50 6785687.50 120.74 265812.50 6785687.50 120.61 
          265837.50 6785687.50 120.47 265862.50 6785687.50 120.32 265887.50 6785687.50 120.17 265912.50 6785687.50 120.01 
          265937.50 6785687.50 119.84 265962.50 6785687.50 119.67 265987.50 6785687.50 119.48 266012.50 6785687.50 119.29 
          266037.50 6785687.50 119.09 266062.50 6785687.50 118.88 266087.50 6785687.50 118.67 266112.50 6785687.50 118.45 
          266137.50 6785687.50 118.22 266162.50 6785687.50 117.97 266187.50 6785687.50 117.72 266212.50 6785687.50 117.45 
          266237.50 6785687.50 117.18 266262.50 6785687.50 116.88 266287.50 6785687.50 116.58 266312.50 6785687.50 116.27 
          266337.50 6785687.50 115.96 266362.50 6785687.50 115.65 266387.50 6785687.50 115.33 266412.50 6785687.50 115.00 
          266437.50 6785687.50 114.66 266462.50 6785687.50 114.32 266487.50 6785687.50 113.96 266512.50 6785687.50 113.60 
          266537.50 6785687.50 113.22 266562.50 6785687.50 112.83 266587.50 6785687.50 112.42 266612.50 6785687.50 112.01 
          266637.50 6785687.50 111.58 266662.50 6785687.50 111.13 266687.50 6785687.50 110.65 266712.50 6785687.50 110.18 
          266737.50 6785687.50 109.69 266762.50 6785687.50 109.19 266787.50 6785687.50 108.67 266812.50 6785687.50 108.16 
          266837.50 6785687.50 107.61 266862.50 6785687.50 107.02 266887.50 6785687.50 106.23 266912.50 6785687.50 104.56 
          266937.50 6785687.50 104.82 266962.50 6785687.50 105.33 266987.50 6785687.50 105.55 267012.50 6785687.50 105.70 
          267037.50 6785687.50 105.81 267062.50 6785687.50 105.87 267087.50 6785687.50 105.87 264987.50 6785662.50 122.49 
          265012.50 6785662.50 122.49 265037.50 6785662.50 122.48 265062.50 6785662.50 122.47 265087.50 6785662.50 122.46 
          265112.50 6785662.50 122.44 265137.50 6785662.50 122.42 265162.50 6785662.50 122.39 265187.50 6785662.50 122.37 
          265212.50 6785662.50 122.33 265237.50 6785662.50 122.30 265262.50 6785662.50 122.26 265287.50 6785662.50 122.22 
          265312.50 6785662.50 122.18 265337.50 6785662.50 122.13 265362.50 6785662.50 122.09 265387.50 6785662.50 122.04 
          265412.50 6785662.50 121.98 265437.50 6785662.50 121.92 265462.50 6785662.50 121.86 265487.50 6785662.50 121.80 
          265512.50 6785662.50 121.74 265537.50 6785662.50 121.67 265562.50 6785662.50 121.60 265587.50 6785662.50 121.52 
          265612.50 6785662.50 121.44 265637.50 6785662.50 121.36 265662.50 6785662.50 121.27 265687.50 6785662.50 121.17 
          265712.50 6785662.50 121.06 265737.50 6785662.50 120.95 265762.50 6785662.50 120.83 265787.50 6785662.50 120.70 
          265812.50 6785662.50 120.56 265837.50 6785662.50 120.42 265862.50 6785662.50 120.28 265887.50 6785662.50 120.12 
          265912.50 6785662.50 119.96 265937.50 6785662.50 119.80 265962.50 6785662.50 119.62 265987.50 6785662.50 119.44 
          266012.50 6785662.50 119.25 266037.50 6785662.50 119.06 266062.50 6785662.50 118.85 266087.50 6785662.50 118.64 
          266112.50 6785662.50 118.42 266137.50 6785662.50 118.19 266162.50 6785662.50 117.95 266187.50 6785662.50 117.70 
          266212.50 6785662.50 117.44 266237.50 6785662.50 117.16 266262.50 6785662.50 116.87 266287.50 6785662.50 116.57 
          266312.50 6785662.50 116.27 266337.50 6785662.50 115.96 266362.50 6785662.50 115.65 266387.50 6785662.50 115.34 
          266412.50 6785662.50 115.01 266437.50 6785662.50 114.68 266462.50 6785662.50 114.34 266487.50 6785662.50 113.99 
          266512.50 6785662.50 113.63 266537.50 6785662.50 113.26 266562.50 6785662.50 112.88 266587.50 6785662.50 112.48 
          266612.50 6785662.50 112.07 266637.50 6785662.50 111.64 266662.50 6785662.50 111.20 266687.50 6785662.50 110.73 
          266712.50 6785662.50 110.26 266737.50 6785662.50 109.76 266762.50 6785662.50 109.24 266787.50 6785662.50 108.73 
          266812.50 6785662.50 108.21 266837.50 6785662.50 107.69 266862.50 6785662.50 107.25 266887.50 6785662.50 106.68 
          266912.50 6785662.50 105.91 266937.50 6785662.50 105.94 266962.50 6785662.50 106.04 266987.50 6785662.50 106.14 
          267012.50 6785662.50 106.22 267037.50 6785662.50 106.29 267062.50 6785662.50 106.32 267087.50 6785662.50 106.32 
          264987.50 6785637.50 122.43 265012.50 6785637.50 122.43 265037.50 6785637.50 122.42 265062.50 6785637.50 122.41 
          265087.50 6785637.50 122.40 265112.50 6785637.50 122.38 265137.50 6785637.50 122.35 265162.50 6785637.50 122.33 
          265187.50 6785637.50 122.30 265212.50 6785637.50 122.27 265237.50 6785637.50 122.23 265262.50 6785637.50 122.20 
          265287.50 6785637.50 122.16 265312.50 6785637.50 122.11 265337.50 6785637.50 122.07 265362.50 6785637.50 122.03 
          265387.50 6785637.50 121.98 265412.50 6785637.50 121.92 265437.50 6785637.50 121.87 265462.50 6785637.50 121.81 
          265487.50 6785637.50 121.75 265512.50 6785637.50 121.68 265537.50 6785637.50 121.62 265562.50 6785637.50 121.55 
          265587.50 6785637.50 121.47 265612.50 6785637.50 121.39 265637.50 6785637.50 121.31 265662.50 6785637.50 121.21 
          265687.50 6785637.50 121.11 265712.50 6785637.50 121.01 265737.50 6785637.50 120.89 265762.50 6785637.50 120.77 
          265787.50 6785637.50 120.64 265812.50 6785637.50 120.51 265837.50 6785637.50 120.37 265862.50 6785637.50 120.22 
          265887.50 6785637.50 120.07 265912.50 6785637.50 119.91 265937.50 6785637.50 119.75 265962.50 6785637.50 119.57 
          265987.50 6785637.50 119.39 266012.50 6785637.50 119.21 266037.50 6785637.50 119.01 266062.50 6785637.50 118.81 
          266087.50 6785637.50 118.60 266112.50 6785637.50 118.39 266137.50 6785637.50 118.16 266162.50 6785637.50 117.92 
          266187.50 6785637.50 117.68 266212.50 6785637.50 117.42 266237.50 6785637.50 117.15 266262.50 6785637.50 116.86 
          266287.50 6785637.50 116.57 266312.50 6785637.50 116.27 266337.50 6785637.50 115.97 266362.50 6785637.50 115.66 
          266387.50 6785637.50 115.35 266412.50 6785637.50 115.03 266437.50 6785637.50 114.70 266462.50 6785637.50 114.37 
          266487.50 6785637.50 114.03 266512.50 6785637.50 113.68 266537.50 6785637.50 113.32 266562.50 6785637.50 112.94 
          266587.50 6785637.50 112.55 266612.50 6785637.50 112.15 266637.50 6785637.50 111.73 266662.50 6785637.50 111.29 
          266687.50 6785637.50 110.82 266712.50 6785637.50 110.34 266737.50 6785637.50 109.84 266762.50 6785637.50 109.30 
          266787.50 6785637.50 108.80 266812.50 6785637.50 108.21 266837.50 6785637.50 107.53 266862.50 6785637.50 107.56 
          266887.50 6785637.50 107.26 266912.50 6785637.50 106.91 266937.50 6785637.50 106.78 266962.50 6785637.50 106.74 
          266987.50 6785637.50 106.75 267012.50 6785637.50 106.78 267037.50 6785637.50 106.80 267062.50 6785637.50 106.82 
          267087.50 6785637.50 106.82 264987.50 6785612.50 122.36 265012.50 6785612.50 122.36 265037.50 6785612.50 122.35 
          265062.50 6785612.50 122.33 265087.50 6785612.50 122.32 265112.50 6785612.50 122.30 265137.50 6785612.50 122.28 
          265162.50 6785612.50 122.25 265187.50 6785612.50 122.22 265212.50 6785612.50 122.19 265237.50 6785612.50 122.15 
          265262.50 6785612.50 122.12 265287.50 6785612.50 122.08 265312.50 6785612.50 122.04 265337.50 6785612.50 121.99 
          265362.50 6785612.50 121.95 265387.50 6785612.50 121.90 265412.50 6785612.50 121.85 265437.50 6785612.50 121.80 
          265462.50 6785612.50 121.74 265487.50 6785612.50 121.68 265512.50 6785612.50 121.62 265537.50 6785612.50 121.55 
          265562.50 6785612.50 121.48 265587.50 6785612.50 121.40 265612.50 6785612.50 121.32 265637.50 6785612.50 121.24 
          265662.50 6785612.50 121.15 265687.50 6785612.50 121.05 265712.50 6785612.50 120.94 265737.50 6785612.50 120.83 
          265762.50 6785612.50 120.71 265787.50 6785612.50 120.58 265812.50 6785612.50 120.44 265837.50 6785612.50 120.30 
          265862.50 6785612.50 120.16 265887.50 6785612.50 120.00 265912.50 6785612.50 119.85 265937.50 6785612.50 119.68 
          265962.50 6785612.50 119.51 265987.50 6785612.50 119.33 266012.50 6785612.50 119.15 266037.50 6785612.50 118.96 
          266062.50 6785612.50 118.76 266087.50 6785612.50 118.56 266112.50 6785612.50 118.34 266137.50 6785612.50 118.12 
          266162.50 6785612.50 117.89 266187.50 6785612.50 117.65 266212.50 6785612.50 117.40 266237.50 6785612.50 117.13 
          266262.50 6785612.50 116.85 266287.50 6785612.50 116.56 266312.50 6785612.50 116.27 266337.50 6785612.50 115.98 
          266362.50 6785612.50 115.68 266387.50 6785612.50 115.37 266412.50 6785612.50 115.06 266437.50 6785612.50 114.74 
          266462.50 6785612.50 114.41 266487.50 6785612.50 114.08 266512.50 6785612.50 113.74 266537.50 6785612.50 113.39 
          266562.50 6785612.50 113.02 266587.50 6785612.50 112.64 266612.50 6785612.50 112.25 266637.50 6785612.50 111.84 
          266662.50 6785612.50 111.41 266687.50 6785612.50 110.95 266712.50 6785612.50 110.40 266737.50 6785612.50 109.91 
          266762.50 6785612.50 109.41 266787.50 6785612.50 109.10 266812.50 6785612.50 108.51 266837.50 6785612.50 108.28 
          266862.50 6785612.50 108.08 266887.50 6785612.50 107.84 266912.50 6785612.50 107.61 266937.50 6785612.50 107.48 
          266962.50 6785612.50 107.41 266987.50 6785612.50 107.37 267012.50 6785612.50 107.35 267037.50 6785612.50 107.34 
          267062.50 6785612.50 107.34 267087.50 6785612.50 107.34 264987.50 6785587.50 122.27 265012.50 6785587.50 122.27 
          265037.50 6785587.50 122.26 265062.50 6785587.50 122.24 265087.50 6785587.50 122.23 265112.50 6785587.50 122.21 
          265137.50 6785587.50 122.18 265162.50 6785587.50 122.16 265187.50 6785587.50 122.13 265212.50 6785587.50 122.09 
          265237.50 6785587.50 122.06 265262.50 6785587.50 122.02 265287.50 6785587.50 121.99 265312.50 6785587.50 121.95 
          265337.50 6785587.50 121.90 265362.50 6785587.50 121.86 265387.50 6785587.50 121.81 265412.50 6785587.50 121.76 
          265437.50 6785587.50 121.71 265462.50 6785587.50 121.66 265487.50 6785587.50 121.60 265512.50 6785587.50 121.54 
          265537.50 6785587.50 121.47 265562.50 6785587.50 121.40 265587.50 6785587.50 121.33 265612.50 6785587.50 121.25 
          265637.50 6785587.50 121.16 265662.50 6785587.50 121.07 265687.50 6785587.50 120.97 265712.50 6785587.50 120.86 
          265737.50 6785587.50 120.75 265762.50 6785587.50 120.63 265787.50 6785587.50 120.50 265812.50 6785587.50 120.37 
          265837.50 6785587.50 120.22 265862.50 6785587.50 120.08 265887.50 6785587.50 119.93 265912.50 6785587.50 119.77 
          265937.50 6785587.50 119.61 265962.50 6785587.50 119.44 265987.50 6785587.50 119.27 266012.50 6785587.50 119.09 
          266037.50 6785587.50 118.90 266062.50 6785587.50 118.70 266087.50 6785587.50 118.50 266112.50 6785587.50 118.30 
          266137.50 6785587.50 118.08 266162.50 6785587.50 117.85 266187.50 6785587.50 117.62 266212.50 6785587.50 117.37 
          266237.50 6785587.50 117.11 266262.50 6785587.50 116.84 266287.50 6785587.50 116.56 266312.50 6785587.50 116.28 
          266337.50 6785587.50 115.99 266362.50 6785587.50 115.70 266387.50 6785587.50 115.40 266412.50 6785587.50 115.09 
          266437.50 6785587.50 114.78 266462.50 6785587.50 114.47 266487.50 6785587.50 114.15 266512.50 6785587.50 113.82 
          266537.50 6785587.50 113.48 266562.50 6785587.50 113.12 266587.50 6785587.50 112.76 266612.50 6785587.50 112.38 
          266637.50 6785587.50 111.99 266662.50 6785587.50 111.59 266687.50 6785587.50 111.16 266712.50 6785587.50 110.72 
          266737.50 6785587.50 110.28 266762.50 6785587.50 109.80 266787.50 6785587.50 109.50 266812.50 6785587.50 109.14 
          266837.50 6785587.50 108.86 266862.50 6785587.50 108.61 266887.50 6785587.50 108.39 266912.50 6785587.50 108.22 
          266937.50 6785587.50 108.09 266962.50 6785587.50 108.00 266987.50 6785587.50 107.93 267012.50 6785587.50 107.91 
          267037.50 6785587.50 107.89 267062.50 6785587.50 107.87 267087.50 6785587.50 107.87 264987.50 6785562.50 122.17 
          265012.50 6785562.50 122.16 265037.50 6785562.50 122.15 265062.50 6785562.50 122.14 265087.50 6785562.50 122.12 
          265112.50 6785562.50 122.10 265137.50 6785562.50 122.07 265162.50 6785562.50 122.05 265187.50 6785562.50 122.02 
          265212.50 6785562.50 121.98 265237.50 6785562.50 121.95 265262.50 6785562.50 121.91 265287.50 6785562.50 121.88 
          265312.50 6785562.50 121.84 265337.50 6785562.50 121.80 265362.50 6785562.50 121.76 265387.50 6785562.50 121.71 
          265412.50 6785562.50 121.66 265437.50 6785562.50 121.61 265462.50 6785562.50 121.56 265487.50 6785562.50 121.50 
          265512.50 6785562.50 121.44 265537.50 6785562.50 121.38 265562.50 6785562.50 121.31 265587.50 6785562.50 121.23 
          265612.50 6785562.50 121.15 265637.50 6785562.50 121.07 265662.50 6785562.50 120.98 265687.50 6785562.50 120.88 
          265712.50 6785562.50 120.77 265737.50 6785562.50 120.66 265762.50 6785562.50 120.54 265787.50 6785562.50 120.41 
          265812.50 6785562.50 120.28 265837.50 6785562.50 120.13 265862.50 6785562.50 119.99 265887.50 6785562.50 119.84 
          265912.50 6785562.50 119.69 265937.50 6785562.50 119.53 265962.50 6785562.50 119.36 265987.50 6785562.50 119.19 
          266012.50 6785562.50 119.01 266037.50 6785562.50 118.83 266062.50 6785562.50 118.64 266087.50 6785562.50 118.44 
          266112.50 6785562.50 118.24 266137.50 6785562.50 118.03 266162.50 6785562.50 117.81 266187.50 6785562.50 117.58 
          266212.50 6785562.50 117.34 266237.50 6785562.50 117.09 266262.50 6785562.50 116.83 266287.50 6785562.50 116.56 
          266312.50 6785562.50 116.28 266337.50 6785562.50 116.01 266362.50 6785562.50 115.72 266387.50 6785562.50 115.43 
          266412.50 6785562.50 115.13 266437.50 6785562.50 114.84 266462.50 6785562.50 114.54 266487.50 6785562.50 114.23 
          266512.50 6785562.50 113.91 266537.50 6785562.50 113.58 266562.50 6785562.50 113.24 266587.50 6785562.50 112.89 
          266612.50 6785562.50 112.53 266637.50 6785562.50 112.17 266662.50 6785562.50 111.79 266687.50 6785562.50 111.41 
          266712.50 6785562.50 111.02 266737.50 6785562.50 110.64 266762.50 6785562.50 110.27 266787.50 6785562.50 109.94 
          266812.50 6785562.50 109.64 266837.50 6785562.50 109.38 266862.50 6785562.50 109.16 266887.50 6785562.50 108.94 
          266912.50 6785562.50 108.78 266937.50 6785562.50 108.66 266962.50 6785562.50 108.57 266987.50 6785562.50 108.51 
          267012.50 6785562.50 108.46 267037.50 6785562.50 108.43 267062.50 6785562.50 108.42 267087.50 6785562.50 108.42 
          264987.50 6785537.50 122.04 265012.50 6785537.50 122.04 265037.50 6785537.50 122.03 265062.50 6785537.50 122.01 
          265087.50 6785537.50 122.00 265112.50 6785537.50 121.97 265137.50 6785537.50 121.95 265162.50 6785537.50 121.92 
          265187.50 6785537.50 121.89 265212.50 6785537.50 121.86 265237.50 6785537.50 121.83 265262.50 6785537.50 121.79 
          265287.50 6785537.50 121.75 265312.50 6785537.50 121.72 265337.50 6785537.50 121.68 265362.50 6785537.50 121.64 
          265387.50 6785537.50 121.60 265412.50 6785537.50 121.55 265437.50 6785537.50 121.50 265462.50 6785537.50 121.45 
          265487.50 6785537.50 121.39 265512.50 6785537.50 121.33 265537.50 6785537.50 121.27 265562.50 6785537.50 121.20 
          265587.50 6785537.50 121.13 265612.50 6785537.50 121.05 265637.50 6785537.50 120.96 265662.50 6785537.50 120.87 
          265687.50 6785537.50 120.77 265712.50 6785537.50 120.67 265737.50 6785537.50 120.55 265762.50 6785537.50 120.43 
          265787.50 6785537.50 120.31 265812.50 6785537.50 120.17 265837.50 6785537.50 120.04 265862.50 6785537.50 119.89 
          265887.50 6785537.50 119.75 265912.50 6785537.50 119.59 265937.50 6785537.50 119.43 265962.50 6785537.50 119.27 
          265987.50 6785537.50 119.10 266012.50 6785537.50 118.93 266037.50 6785537.50 118.75 266062.50 6785537.50 118.57 
          266087.50 6785537.50 118.37 266112.50 6785537.50 118.18 266137.50 6785537.50 117.97 266162.50 6785537.50 117.76 
          266187.50 6785537.50 117.54 266212.50 6785537.50 117.30 266237.50 6785537.50 117.06 266262.50 6785537.50 116.81 
          266287.50 6785537.50 116.55 266312.50 6785537.50 116.29 266337.50 6785537.50 116.02 266362.50 6785537.50 115.75 
          266387.50 6785537.50 115.47 266412.50 6785537.50 115.18 266437.50 6785537.50 114.90 266462.50 6785537.50 114.61 
          266487.50 6785537.50 114.31 266512.50 6785537.50 114.01 266537.50 6785537.50 113.69 266562.50 6785537.50 113.37 
          266587.50 6785537.50 113.04 266612.50 6785537.50 112.71 266637.50 6785537.50 112.36 266662.50 6785537.50 112.01 
          266687.50 6785537.50 111.67 266712.50 6785537.50 111.32 266737.50 6785537.50 110.99 266762.50 6785537.50 110.67 
          266787.50 6785537.50 110.39 266812.50 6785537.50 110.12 266837.50 6785537.50 109.86 266862.50 6785537.50 109.65 
          266887.50 6785537.50 109.47 266912.50 6785537.50 109.32 266937.50 6785537.50 109.20 266962.50 6785537.50 109.10 
          266987.50 6785537.50 109.04 267012.50 6785537.50 108.99 267037.50 6785537.50 108.96 267062.50 6785537.50 108.95 
          267087.50 6785537.50 108.95 264987.50 6785512.50 121.91 265012.50 6785512.50 121.90 265037.50 6785512.50 121.89 
          265062.50 6785512.50 121.88 265087.50 6785512.50 121.86 265112.50 6785512.50 121.83 265137.50 6785512.50 121.81 
          265162.50 6785512.50 121.78 265187.50 6785512.50 121.75 265212.50 6785512.50 121.72 265237.50 6785512.50 121.69 
          265262.50 6785512.50 121.65 265287.50 6785512.50 121.62 265312.50 6785512.50 121.58 265337.50 6785512.50 121.55 
          265362.50 6785512.50 121.51 265387.50 6785512.50 121.47 265412.50 6785512.50 121.42 265437.50 6785512.50 121.38 
          265462.50 6785512.50 121.33 265487.50 6785512.50 121.27 265512.50 6785512.50 121.21 265537.50 6785512.50 121.15 
          265562.50 6785512.50 121.08 265587.50 6785512.50 121.01 265612.50 6785512.50 120.93 265637.50 6785512.50 120.84 
          265662.50 6785512.50 120.75 265687.50 6785512.50 120.65 265712.50 6785512.50 120.55 265737.50 6785512.50 120.44 
          265762.50 6785512.50 120.32 265787.50 6785512.50 120.19 265812.50 6785512.50 120.06 265837.50 6785512.50 119.92 
          265862.50 6785512.50 119.78 265887.50 6785512.50 119.63 265912.50 6785512.50 119.48 265937.50 6785512.50 119.33 
          265962.50 6785512.50 119.16 265987.50 6785512.50 119.00 266012.50 6785512.50 118.83 266037.50 6785512.50 118.66 
          266062.50 6785512.50 118.48 266087.50 6785512.50 118.30 266112.50 6785512.50 118.10 266137.50 6785512.50 117.91 
          266162.50 6785512.50 117.70 266187.50 6785512.50 117.49 266212.50 6785512.50 117.26 266237.50 6785512.50 117.03 
          266262.50 6785512.50 116.79 266287.50 6785512.50 116.55 266312.50 6785512.50 116.30 266337.50 6785512.50 116.04 
          266362.50 6785512.50 115.78 266387.50 6785512.50 115.51 266412.50 6785512.50 115.25 266437.50 6785512.50 114.97 
          266462.50 6785512.50 114.69 266487.50 6785512.50 114.41 266512.50 6785512.50 114.12 266537.50 6785512.50 113.82 
          266562.50 6785512.50 113.52 266587.50 6785512.50 113.21 266612.50 6785512.50 112.89 266637.50 6785512.50 112.58 
          266662.50 6785512.50 112.25 266687.50 6785512.50 111.93 266712.50 6785512.50 111.62 266737.50 6785512.50 111.32 
          266762.50 6785512.50 111.05 266787.50 6785512.50 110.79 266812.50 6785512.50 110.55 266837.50 6785512.50 110.33 
          266862.50 6785512.50 110.12 266887.50 6785512.50 109.96 266912.50 6785512.50 109.82 266937.50 6785512.50 109.72 
          266962.50 6785512.50 109.62 266987.50 6785512.50 109.54 267012.50 6785512.50 109.50 267037.50 6785512.50 109.47 
          267062.50 6785512.50 109.46 267087.50 6785512.50 109.46 264987.50 6785487.50 121.75 265012.50 6785487.50 121.74 
          265037.50 6785487.50 121.73 265062.50 6785487.50 121.72 265087.50 6785487.50 121.70 265112.50 6785487.50 121.68 
          265137.50 6785487.50 121.65 265162.50 6785487.50 121.62 265187.50 6785487.50 121.59 265212.50 6785487.50 121.56 
          265237.50 6785487.50 121.53 265262.50 6785487.50 121.50 265287.50 6785487.50 121.47 265312.50 6785487.50 121.43 
          265337.50 6785487.50 121.40 265362.50 6785487.50 121.36 265387.50 6785487.50 121.33 265412.50 6785487.50 121.28 
          265437.50 6785487.50 121.24 265462.50 6785487.50 121.19 265487.50 6785487.50 121.14 265512.50 6785487.50 121.08 
          265537.50 6785487.50 121.01 265562.50 6785487.50 120.95 265587.50 6785487.50 120.87 265612.50 6785487.50 120.79 
          265637.50 6785487.50 120.71 265662.50 6785487.50 120.62 265687.50 6785487.50 120.52 265712.50 6785487.50 120.41 
          265737.50 6785487.50 120.30 265762.50 6785487.50 120.18 265787.50 6785487.50 120.06 265812.50 6785487.50 119.93 
          265837.50 6785487.50 119.79 265862.50 6785487.50 119.65 265887.50 6785487.50 119.51 265912.50 6785487.50 119.36 
          265937.50 6785487.50 119.20 265962.50 6785487.50 119.05 265987.50 6785487.50 118.89 266012.50 6785487.50 118.73 
          266037.50 6785487.50 118.56 266062.50 6785487.50 118.39 266087.50 6785487.50 118.21 266112.50 6785487.50 118.02 
          266137.50 6785487.50 117.83 266162.50 6785487.50 117.64 266187.50 6785487.50 117.43 266212.50 6785487.50 117.21 
          266237.50 6785487.50 116.99 266262.50 6785487.50 116.77 266287.50 6785487.50 116.54 266312.50 6785487.50 116.30 
          266337.50 6785487.50 116.06 266362.50 6785487.50 115.81 266387.50 6785487.50 115.56 266412.50 6785487.50 115.31 
          266437.50 6785487.50 115.05 266462.50 6785487.50 114.78 266487.50 6785487.50 114.51 266512.50 6785487.50 114.23 
          266537.50 6785487.50 113.96 266562.50 6785487.50 113.67 266587.50 6785487.50 113.38 266612.50 6785487.50 113.09 
          266637.50 6785487.50 112.80 266662.50 6785487.50 112.50 266687.50 6785487.50 112.21 266712.50 6785487.50 111.92 
          266737.50 6785487.50 111.65 266762.50 6785487.50 111.41 266787.50 6785487.50 111.18 266812.50 6785487.50 110.98 
          266837.50 6785487.50 110.77 266862.50 6785487.50 110.58 266887.50 6785487.50 110.42 266912.50 6785487.50 110.29 
          266937.50 6785487.50 110.17 266962.50 6785487.50 110.11 266987.50 6785487.50 110.04 267012.50 6785487.50 110.00 
          267037.50 6785487.50 109.97 267062.50 6785487.50 109.96 267087.50 6785487.50 109.96 264987.50 6785462.50 121.58 
          265012.50 6785462.50 121.57 265037.50 6785462.50 121.56 265062.50 6785462.50 121.54 265087.50 6785462.50 121.52 
          265112.50 6785462.50 121.50 265137.50 6785462.50 121.48 265162.50 6785462.50 121.45 265187.50 6785462.50 121.42 
          265212.50 6785462.50 121.39 265237.50 6785462.50 121.36 265262.50 6785462.50 121.33 265287.50 6785462.50 121.30 
          265312.50 6785462.50 121.27 265337.50 6785462.50 121.24 265362.50 6785462.50 121.21 265387.50 6785462.50 121.17 
          265412.50 6785462.50 121.13 265437.50 6785462.50 121.09 265462.50 6785462.50 121.04 265487.50 6785462.50 120.98 
          265512.50 6785462.50 120.93 265537.50 6785462.50 120.87 265562.50 6785462.50 120.80 265587.50 6785462.50 120.73 
          265612.50 6785462.50 120.65 265637.50 6785462.50 120.56 265662.50 6785462.50 120.47 265687.50 6785462.50 120.37 
          265712.50 6785462.50 120.26 265737.50 6785462.50 120.15 265762.50 6785462.50 120.04 265787.50 6785462.50 119.92 
          265812.50 6785462.50 119.79 265837.50 6785462.50 119.66 265862.50 6785462.50 119.52 265887.50 6785462.50 119.38 
          265912.50 6785462.50 119.23 265937.50 6785462.50 119.07 265962.50 6785462.50 118.92 265987.50 6785462.50 118.77 
          266012.50 6785462.50 118.61 266037.50 6785462.50 118.45 266062.50 6785462.50 118.28 266087.50 6785462.50 118.11 
          266112.50 6785462.50 117.93 266137.50 6785462.50 117.75 266162.50 6785462.50 117.56 266187.50 6785462.50 117.37 
          266212.50 6785462.50 117.16 266237.50 6785462.50 116.96 266262.50 6785462.50 116.74 266287.50 6785462.50 116.53 
          266312.50 6785462.50 116.30 266337.50 6785462.50 116.07 266362.50 6785462.50 115.84 266387.50 6785462.50 115.61 
          266412.50 6785462.50 115.38 266437.50 6785462.50 115.13 266462.50 6785462.50 114.88 266487.50 6785462.50 114.62 
          266512.50 6785462.50 114.36 266537.50 6785462.50 114.10 266562.50 6785462.50 113.84 266587.50 6785462.50 113.57 
          266612.50 6785462.50 113.30 266637.50 6785462.50 113.02 266662.50 6785462.50 112.76 266687.50 6785462.50 112.49 
          266712.50 6785462.50 112.23 266737.50 6785462.50 111.98 266762.50 6785462.50 111.77 266787.50 6785462.50 111.56 
          266812.50 6785462.50 111.38 266837.50 6785462.50 111.20 266862.50 6785462.50 111.02 266887.50 6785462.50 110.87 
          266912.50 6785462.50 110.74 266937.50 6785462.50 110.64 266962.50 6785462.50 110.57 266987.50 6785462.50 110.51 
          267012.50 6785462.50 110.48 267037.50 6785462.50 110.45 267062.50 6785462.50 110.44 267087.50 6785462.50 110.44 
          264987.50 6785437.50 121.38 265012.50 6785437.50 121.37 265037.50 6785437.50 121.36 265062.50 6785437.50 121.35 
          265087.50 6785437.50 121.33 265112.50 6785437.50 121.30 265137.50 6785437.50 121.28 265162.50 6785437.50 121.26 
          265187.50 6785437.50 121.24 265212.50 6785437.50 121.21 265237.50 6785437.50 121.18 265262.50 6785437.50 121.15 
          265287.50 6785437.50 121.12 265312.50 6785437.50 121.09 265337.50 6785437.50 121.06 265362.50 6785437.50 121.03 
          265387.50 6785437.50 120.99 265412.50 6785437.50 120.96 265437.50 6785437.50 120.92 265462.50 6785437.50 120.87 
          265487.50 6785437.50 120.82 265512.50 6785437.50 120.77 265537.50 6785437.50 120.71 265562.50 6785437.50 120.64 
          265587.50 6785437.50 120.57 265612.50 6785437.50 120.49 265637.50 6785437.50 120.40 265662.50 6785437.50 120.31 
          265687.50 6785437.50 120.21 265712.50 6785437.50 120.10 265737.50 6785437.50 119.99 265762.50 6785437.50 119.88 
          265787.50 6785437.50 119.76 265812.50 6785437.50 119.64 265837.50 6785437.50 119.51 265862.50 6785437.50 119.37 
          265887.50 6785437.50 119.23 265912.50 6785437.50 119.08 265937.50 6785437.50 118.93 265962.50 6785437.50 118.78 
          265987.50 6785437.50 118.64 266012.50 6785437.50 118.48 266037.50 6785437.50 118.33 266062.50 6785437.50 118.16 
          266087.50 6785437.50 118.00 266112.50 6785437.50 117.83 266137.50 6785437.50 117.66 266162.50 6785437.50 117.48 
          266187.50 6785437.50 117.30 266212.50 6785437.50 117.11 266237.50 6785437.50 116.91 266262.50 6785437.50 116.72 
          266287.50 6785437.50 116.51 266312.50 6785437.50 116.30 266337.50 6785437.50 116.09 266362.50 6785437.50 115.88 
          266387.50 6785437.50 115.66 266412.50 6785437.50 115.44 266437.50 6785437.50 115.21 266462.50 6785437.50 114.97 
          266487.50 6785437.50 114.74 266512.50 6785437.50 114.50 266537.50 6785437.50 114.25 266562.50 6785437.50 114.01 
          266587.50 6785437.50 113.76 266612.50 6785437.50 113.51 266637.50 6785437.50 113.25 266662.50 6785437.50 113.00 
          266687.50 6785437.50 112.76 266712.50 6785437.50 112.53 266737.50 6785437.50 112.31 266762.50 6785437.50 112.11 
          266787.50 6785437.50 111.93 266812.50 6785437.50 111.76 266837.50 6785437.50 111.61 266862.50 6785437.50 111.45 
          266887.50 6785437.50 111.30 266912.50 6785437.50 111.19 266937.50 6785437.50 111.10 266962.50 6785437.50 111.02 
          266987.50 6785437.50 110.97 267012.50 6785437.50 110.94 267037.50 6785437.50 110.92 267062.50 6785437.50 110.91 
          267087.50 6785437.50 110.91 264987.50 6785412.50 121.17 265012.50 6785412.50 121.16 265037.50 6785412.50 121.15 
          265062.50 6785412.50 121.13 265087.50 6785412.50 121.12 265112.50 6785412.50 121.10 265137.50 6785412.50 121.08 
          265162.50 6785412.50 121.05 265187.50 6785412.50 121.03 265212.50 6785412.50 121.01 265237.50 6785412.50 120.98 
          265262.50 6785412.50 120.96 265287.50 6785412.50 120.93 265312.50 6785412.50 120.90 265337.50 6785412.50 120.87 
          265362.50 6785412.50 120.84 265387.50 6785412.50 120.81 265412.50 6785412.50 120.77 265437.50 6785412.50 120.73 
          265462.50 6785412.50 120.69 265487.50 6785412.50 120.65 265512.50 6785412.50 120.59 265537.50 6785412.50 120.53 
          265562.50 6785412.50 120.46 265587.50 6785412.50 120.39 265612.50 6785412.50 120.31 265637.50 6785412.50 120.23 
          265662.50 6785412.50 120.14 265687.50 6785412.50 120.04 265712.50 6785412.50 119.93 265737.50 6785412.50 119.83 
          265762.50 6785412.50 119.71 265787.50 6785412.50 119.59 265812.50 6785412.50 119.47 265837.50 6785412.50 119.34 
          265862.50 6785412.50 119.21 265887.50 6785412.50 119.07 265912.50 6785412.50 118.92 265937.50 6785412.50 118.78 
          265962.50 6785412.50 118.64 265987.50 6785412.50 118.49 266012.50 6785412.50 118.34 266037.50 6785412.50 118.19 
          266062.50 6785412.50 118.03 266087.50 6785412.50 117.88 266112.50 6785412.50 117.72 266137.50 6785412.50 117.55 
          266162.50 6785412.50 117.39 266187.50 6785412.50 117.22 266212.50 6785412.50 117.05 266237.50 6785412.50 116.87 
          266262.50 6785412.50 116.68 266287.50 6785412.50 116.50 266312.50 6785412.50 116.30 266337.50 6785412.50 116.11 
          266362.50 6785412.50 115.91 266387.50 6785412.50 115.71 266412.50 6785412.50 115.50 266437.50 6785412.50 115.29 
          266462.50 6785412.50 115.07 266487.50 6785412.50 114.86 266512.50 6785412.50 114.64 266537.50 6785412.50 114.41 
          266562.50 6785412.50 114.18 266587.50 6785412.50 113.95 266612.50 6785412.50 113.72 266637.50 6785412.50 113.48 
          266662.50 6785412.50 113.26 266687.50 6785412.50 113.04 266712.50 6785412.50 112.83 266737.50 6785412.50 112.63 
          266762.50 6785412.50 112.45 266787.50 6785412.50 112.29 266812.50 6785412.50 112.14 266837.50 6785412.50 112.00 
          266862.50 6785412.50 111.86 266887.50 6785412.50 111.72 266912.50 6785412.50 111.62 266937.50 6785412.50 111.53 
          266962.50 6785412.50 111.47 266987.50 6785412.50 111.42 267012.50 6785412.50 111.39 267037.50 6785412.50 111.37 
          267062.50 6785412.50 111.37 267087.50 6785412.50 111.37 264987.50 6785387.50 120.95 265012.50 6785387.50 120.94 
          265037.50 6785387.50 120.93 265062.50 6785387.50 120.92 265087.50 6785387.50 120.90 265112.50 6785387.50 120.88 
          265137.50 6785387.50 120.86 265162.50 6785387.50 120.84 265187.50 6785387.50 120.82 265212.50 6785387.50 120.80 
          265237.50 6785387.50 120.77 265262.50 6785387.50 120.75 265287.50 6785387.50 120.72 265312.50 6785387.50 120.69 
          265337.50 6785387.50 120.67 265362.50 6785387.50 120.63 265387.50 6785387.50 120.61 265412.50 6785387.50 120.57 
          265437.50 6785387.50 120.54 265462.50 6785387.50 120.49 265487.50 6785387.50 120.45 265512.50 6785387.50 120.40 
          265537.50 6785387.50 120.34 265562.50 6785387.50 120.27 265587.50 6785387.50 120.20 265612.50 6785387.50 120.12 
          265637.50 6785387.50 120.04 265662.50 6785387.50 119.95 265687.50 6785387.50 119.85 265712.50 6785387.50 119.75 
          265737.50 6785387.50 119.64 265762.50 6785387.50 119.53 265787.50 6785387.50 119.41 265812.50 6785387.50 119.29 
          265837.50 6785387.50 119.16 265862.50 6785387.50 119.03 265887.50 6785387.50 118.89 265912.50 6785387.50 118.75 
          265937.50 6785387.50 118.61 265962.50 6785387.50 118.47 265987.50 6785387.50 118.33 266012.50 6785387.50 118.19 
          266037.50 6785387.50 118.04 266062.50 6785387.50 117.89 266087.50 6785387.50 117.75 266112.50 6785387.50 117.60 
          266137.50 6785387.50 117.44 266162.50 6785387.50 117.29 266187.50 6785387.50 117.13 266212.50 6785387.50 116.98 
          266237.50 6785387.50 116.81 266262.50 6785387.50 116.64 266287.50 6785387.50 116.47 266312.50 6785387.50 116.30 
          266337.50 6785387.50 116.12 266362.50 6785387.50 115.94 266387.50 6785387.50 115.76 266412.50 6785387.50 115.57 
          266437.50 6785387.50 115.37 266462.50 6785387.50 115.17 266487.50 6785387.50 114.98 266512.50 6785387.50 114.77 
          266537.50 6785387.50 114.56 266562.50 6785387.50 114.35 266587.50 6785387.50 114.14 266612.50 6785387.50 113.92 
          266637.50 6785387.50 113.71 266662.50 6785387.50 113.50 266687.50 6785387.50 113.30 266712.50 6785387.50 113.12 
          266737.50 6785387.50 112.94 266762.50 6785387.50 112.78 266787.50 6785387.50 112.63 266812.50 6785387.50 112.50 
          266837.50 6785387.50 112.37 266862.50 6785387.50 112.25 266887.50 6785387.50 112.13 266912.50 6785387.50 112.02 
          266937.50 6785387.50 111.96 266962.50 6785387.50 111.90 266987.50 6785387.50 111.86 267012.50 6785387.50 111.83 
          267037.50 6785387.50 111.80 267062.50 6785387.50 111.80 267087.50 6785387.50 111.80 264987.50 6785362.50 120.71 
          265012.50 6785362.50 120.71 265037.50 6785362.50 120.70 265062.50 6785362.50 120.68 265087.50 6785362.50 120.67 
          265112.50 6785362.50 120.65 265137.50 6785362.50 120.63 265162.50 6785362.50 120.61 265187.50 6785362.50 120.59 
          265212.50 6785362.50 120.57 265237.50 6785362.50 120.55 265262.50 6785362.50 120.52 265287.50 6785362.50 120.50 
          265312.50 6785362.50 120.47 265337.50 6785362.50 120.44 265362.50 6785362.50 120.42 265387.50 6785362.50 120.39 
          265412.50 6785362.50 120.36 265437.50 6785362.50 120.33 265462.50 6785362.50 120.28 265487.50 6785362.50 120.24 
          265512.50 6785362.50 120.19 265537.50 6785362.50 120.13 265562.50 6785362.50 120.07 265587.50 6785362.50 120.00 
          265612.50 6785362.50 119.92 265637.50 6785362.50 119.83 265662.50 6785362.50 119.74 265687.50 6785362.50 119.65 
          265712.50 6785362.50 119.55 265737.50 6785362.50 119.44 265762.50 6785362.50 119.33 265787.50 6785362.50 119.22 
          265812.50 6785362.50 119.10 265837.50 6785362.50 118.97 265862.50 6785362.50 118.83 265887.50 6785362.50 118.70 
          265912.50 6785362.50 118.56 265937.50 6785362.50 118.43 265962.50 6785362.50 118.30 265987.50 6785362.50 118.16 
          266012.50 6785362.50 118.02 266037.50 6785362.50 117.89 266062.50 6785362.50 117.75 266087.50 6785362.50 117.61 
          266112.50 6785362.50 117.47 266137.50 6785362.50 117.32 266162.50 6785362.50 117.18 266187.50 6785362.50 117.04 
          266212.50 6785362.50 116.90 266237.50 6785362.50 116.75 266262.50 6785362.50 116.60 266287.50 6785362.50 116.45 
          266312.50 6785362.50 116.29 266337.50 6785362.50 116.13 266362.50 6785362.50 115.97 266387.50 6785362.50 115.80 
          266412.50 6785362.50 115.63 266437.50 6785362.50 115.45 266462.50 6785362.50 115.27 266487.50 6785362.50 115.09 
          266512.50 6785362.50 114.90 266537.50 6785362.50 114.71 266562.50 6785362.50 114.52 266587.50 6785362.50 114.32 
          266612.50 6785362.50 114.12 266637.50 6785362.50 113.93 266662.50 6785362.50 113.75 266687.50 6785362.50 113.57 
          266712.50 6785362.50 113.40 266737.50 6785362.50 113.24 266762.50 6785362.50 113.09 266787.50 6785362.50 112.96 
          266812.50 6785362.50 112.84 266837.50 6785362.50 112.73 266862.50 6785362.50 112.61 266887.50 6785362.50 112.51 
          266912.50 6785362.50 112.42 266937.50 6785362.50 112.36 266962.50 6785362.50 112.31 266987.50 6785362.50 112.27 
          267012.50 6785362.50 112.25 267037.50 6785362.50 112.23 267062.50 6785362.50 112.22 267087.50 6785362.50 112.22 
          264987.50 6785337.50 120.46 265012.50 6785337.50 120.46 265037.50 6785337.50 120.45 265062.50 6785337.50 120.44 
          265087.50 6785337.50 120.42 265112.50 6785337.50 120.41 265137.50 6785337.50 120.39 265162.50 6785337.50 120.37 
          265187.50 6785337.50 120.35 265212.50 6785337.50 120.33 265237.50 6785337.50 120.31 265262.50 6785337.50 120.29 
          265287.50 6785337.50 120.26 265312.50 6785337.50 120.24 265337.50 6785337.50 120.21 265362.50 6785337.50 120.19 
          265387.50 6785337.50 120.16 265412.50 6785337.50 120.14 265437.50 6785337.50 120.10 265462.50 6785337.50 120.06 
          265487.50 6785337.50 120.02 265512.50 6785337.50 119.97 265537.50 6785337.50 119.91 265562.50 6785337.50 119.85 
          265587.50 6785337.50 119.78 265612.50 6785337.50 119.70 265637.50 6785337.50 119.62 265662.50 6785337.50 119.53 
          265687.50 6785337.50 119.43 265712.50 6785337.50 119.33 265737.50 6785337.50 119.22 265762.50 6785337.50 119.12 
          265787.50 6785337.50 119.00 265812.50 6785337.50 118.88 265837.50 6785337.50 118.76 265862.50 6785337.50 118.63 
          265887.50 6785337.50 118.49 265912.50 6785337.50 118.36 265937.50 6785337.50 118.23 265962.50 6785337.50 118.10 
          265987.50 6785337.50 117.97 266012.50 6785337.50 117.84 266037.50 6785337.50 117.71 266062.50 6785337.50 117.58 
          266087.50 6785337.50 117.45 266112.50 6785337.50 117.32 266137.50 6785337.50 117.20 266162.50 6785337.50 117.07 
          266187.50 6785337.50 116.94 266212.50 6785337.50 116.81 266237.50 6785337.50 116.68 266262.50 6785337.50 116.55 
          266287.50 6785337.50 116.41 266312.50 6785337.50 116.27 266337.50 6785337.50 116.13 266362.50 6785337.50 115.99 
          266387.50 6785337.50 115.84 266412.50 6785337.50 115.68 266437.50 6785337.50 115.53 266462.50 6785337.50 115.36 
          266487.50 6785337.50 115.20 266512.50 6785337.50 115.03 266537.50 6785337.50 114.86 266562.50 6785337.50 114.68 
          266587.50 6785337.50 114.50 266612.50 6785337.50 114.32 266637.50 6785337.50 114.15 266662.50 6785337.50 113.98 
          266687.50 6785337.50 113.82 266712.50 6785337.50 113.67 266737.50 6785337.50 113.53 266762.50 6785337.50 113.39 
          266787.50 6785337.50 113.28 266812.50 6785337.50 113.17 266837.50 6785337.50 113.07 266862.50 6785337.50 112.97 
          266887.50 6785337.50 112.88 266912.50 6785337.50 112.80 266937.50 6785337.50 112.74 266962.50 6785337.50 112.71 
          266987.50 6785337.50 112.67 267012.50 6785337.50 112.66 267037.50 6785337.50 112.66 267062.50 6785337.50 112.65 
          267087.50 6785337.50 112.65 264987.50 6785312.50 120.20 265012.50 6785312.50 120.20 265037.50 6785312.50 120.19 
          265062.50 6785312.50 120.18 265087.50 6785312.50 120.17 265112.50 6785312.50 120.15 265137.50 6785312.50 120.13 
          265162.50 6785312.50 120.11 265187.50 6785312.50 120.10 265212.50 6785312.50 120.08 265237.50 6785312.50 120.06 
          265262.50 6785312.50 120.04 265287.50 6785312.50 120.02 265312.50 6785312.50 119.99 265337.50 6785312.50 119.97 
          265362.50 6785312.50 119.95 265387.50 6785312.50 119.93 265412.50 6785312.50 119.90 265437.50 6785312.50 119.87 
          265462.50 6785312.50 119.83 265487.50 6785312.50 119.78 265512.50 6785312.50 119.73 265537.50 6785312.50 119.68 
          265562.50 6785312.50 119.61 265587.50 6785312.50 119.54 265612.50 6785312.50 119.47 265637.50 6785312.50 119.38 
          265662.50 6785312.50 119.29 265687.50 6785312.50 119.20 265712.50 6785312.50 119.10 265737.50 6785312.50 118.99 
          265762.50 6785312.50 118.89 265787.50 6785312.50 118.77 265812.50 6785312.50 118.65 265837.50 6785312.50 118.53 
          265862.50 6785312.50 118.40 265887.50 6785312.50 118.27 265912.50 6785312.50 118.15 265937.50 6785312.50 118.02 
          265962.50 6785312.50 117.90 265987.50 6785312.50 117.77 266012.50 6785312.50 117.65 266037.50 6785312.50 117.53 
          266062.50 6785312.50 117.41 266087.50 6785312.50 117.29 266112.50 6785312.50 117.17 266137.50 6785312.50 117.06 
          266162.50 6785312.50 116.95 266187.50 6785312.50 116.83 266212.50 6785312.50 116.72 266237.50 6785312.50 116.60 
          266262.50 6785312.50 116.49 266287.50 6785312.50 116.37 266312.50 6785312.50 116.25 266337.50 6785312.50 116.12 
          266362.50 6785312.50 116.00 266387.50 6785312.50 115.87 266412.50 6785312.50 115.73 266437.50 6785312.50 115.60 
          266462.50 6785312.50 115.45 266487.50 6785312.50 115.30 266512.50 6785312.50 115.15 266537.50 6785312.50 114.99 
          266562.50 6785312.50 114.84 266587.50 6785312.50 114.68 266612.50 6785312.50 114.52 266637.50 6785312.50 114.36 
          266662.50 6785312.50 114.21 266687.50 6785312.50 114.07 266712.50 6785312.50 113.93 266737.50 6785312.50 113.81 
          266762.50 6785312.50 113.69 266787.50 6785312.50 113.59 266812.50 6785312.50 113.49 266837.50 6785312.50 113.40 
          266862.50 6785312.50 113.31 266887.50 6785312.50 113.24 266912.50 6785312.50 113.17 266937.50 6785312.50 113.12 
          266962.50 6785312.50 113.09 266987.50 6785312.50 113.07 267012.50 6785312.50 113.06 267037.50 6785312.50 113.06 
          267062.50 6785312.50 113.05 267087.50 6785312.50 113.05 264987.50 6785287.50 119.94 265012.50 6785287.50 119.93 
          265037.50 6785287.50 119.92 265062.50 6785287.50 119.91 265087.50 6785287.50 119.90 265112.50 6785287.50 119.88 
          265137.50 6785287.50 119.87 265162.50 6785287.50 119.85 265187.50 6785287.50 119.83 265212.50 6785287.50 119.81 
          265237.50 6785287.50 119.80 265262.50 6785287.50 119.78 265287.50 6785287.50 119.76 265312.50 6785287.50 119.74 
          265337.50 6785287.50 119.71 265362.50 6785287.50 119.70 265387.50 6785287.50 119.67 265412.50 6785287.50 119.65 
          265437.50 6785287.50 119.61 265462.50 6785287.50 119.58 265487.50 6785287.50 119.53 265512.50 6785287.50 119.48 
          265537.50 6785287.50 119.42 265562.50 6785287.50 119.36 265587.50 6785287.50 119.29 265612.50 6785287.50 119.21 
          265637.50 6785287.50 119.13 265662.50 6785287.50 119.04 265687.50 6785287.50 118.95 265712.50 6785287.50 118.85 
          265737.50 6785287.50 118.75 265762.50 6785287.50 118.64 265787.50 6785287.50 118.52 265812.50 6785287.50 118.40 
          265837.50 6785287.50 118.28 265862.50 6785287.50 118.16 265887.50 6785287.50 118.04 265912.50 6785287.50 117.92 
          265937.50 6785287.50 117.80 265962.50 6785287.50 117.68 265987.50 6785287.50 117.56 266012.50 6785287.50 117.44 
          266037.50 6785287.50 117.33 266062.50 6785287.50 117.22 266087.50 6785287.50 117.11 266112.50 6785287.50 117.01 
          266137.50 6785287.50 116.91 266162.50 6785287.50 116.81 266187.50 6785287.50 116.71 266212.50 6785287.50 116.62 
          266237.50 6785287.50 116.52 266262.50 6785287.50 116.42 266287.50 6785287.50 116.32 266312.50 6785287.50 116.21 
          266337.50 6785287.50 116.11 266362.50 6785287.50 116.00 266387.50 6785287.50 115.89 266412.50 6785287.50 115.77 
          266437.50 6785287.50 115.65 266462.50 6785287.50 115.53 266487.50 6785287.50 115.40 266512.50 6785287.50 115.26 
          266537.50 6785287.50 115.12 266562.50 6785287.50 114.99 266587.50 6785287.50 114.85 266612.50 6785287.50 114.71 
          266637.50 6785287.50 114.57 266662.50 6785287.50 114.43 266687.50 6785287.50 114.31 266712.50 6785287.50 114.19 
          266737.50 6785287.50 114.08 266762.50 6785287.50 113.98 266787.50 6785287.50 113.88 266812.50 6785287.50 113.80 
          266837.50 6785287.50 113.72 266862.50 6785287.50 113.64 266887.50 6785287.50 113.58 266912.50 6785287.50 113.53 
          266937.50 6785287.50 113.48 266962.50 6785287.50 113.46 266987.50 6785287.50 113.45 267012.50 6785287.50 113.44 
          267037.50 6785287.50 113.44 267062.50 6785287.50 113.44 267087.50 6785287.50 113.44 264987.50 6785262.50 119.66 
          265012.50 6785262.50 119.66 265037.50 6785262.50 119.65 265062.50 6785262.50 119.64 265087.50 6785262.50 119.62 
          265112.50 6785262.50 119.61 265137.50 6785262.50 119.59 265162.50 6785262.50 119.57 265187.50 6785262.50 119.56 
          265212.50 6785262.50 119.54 265237.50 6785262.50 119.52 265262.50 6785262.50 119.51 265287.50 6785262.50 119.49 
          265312.50 6785262.50 119.47 265337.50 6785262.50 119.45 265362.50 6785262.50 119.43 265387.50 6785262.50 119.41 
          265412.50 6785262.50 119.39 265437.50 6785262.50 119.35 265462.50 6785262.50 119.31 265487.50 6785262.50 119.27 
          265512.50 6785262.50 119.21 265537.50 6785262.50 119.15 265562.50 6785262.50 119.09 265587.50 6785262.50 119.02 
          265612.50 6785262.50 118.94 265637.50 6785262.50 118.86 265662.50 6785262.50 118.77 265687.50 6785262.50 118.68 
          265712.50 6785262.50 118.58 265737.50 6785262.50 118.47 265762.50 6785262.50 118.37 265787.50 6785262.50 118.26 
          265812.50 6785262.50 118.14 265837.50 6785262.50 118.03 265862.50 6785262.50 117.91 265887.50 6785262.50 117.79 
          265912.50 6785262.50 117.68 265937.50 6785262.50 117.56 265962.50 6785262.50 117.44 265987.50 6785262.50 117.33 
          266012.50 6785262.50 117.22 266037.50 6785262.50 117.11 266062.50 6785262.50 117.02 266087.50 6785262.50 116.93 
          266112.50 6785262.50 116.84 266137.50 6785262.50 116.75 266162.50 6785262.50 116.67 266187.50 6785262.50 116.59 
          266212.50 6785262.50 116.50 266237.50 6785262.50 116.42 266262.50 6785262.50 116.34 266287.50 6785262.50 116.25 
          266312.50 6785262.50 116.17 266337.50 6785262.50 116.08 266362.50 6785262.50 115.99 266387.50 6785262.50 115.90 
          266412.50 6785262.50 115.81 266437.50 6785262.50 115.70 266462.50 6785262.50 115.60 266487.50 6785262.50 115.48 
          266512.50 6785262.50 115.37 266537.50 6785262.50 115.25 266562.50 6785262.50 115.13 266587.50 6785262.50 115.01 
          266612.50 6785262.50 114.89 266637.50 6785262.50 114.77 266662.50 6785262.50 114.65 266687.50 6785262.50 114.54 
          266712.50 6785262.50 114.44 266737.50 6785262.50 114.34 266762.50 6785262.50 114.25 266787.50 6785262.50 114.17 
          266812.50 6785262.50 114.09 266837.50 6785262.50 114.03 266862.50 6785262.50 113.97 266887.50 6785262.50 113.91 
          266912.50 6785262.50 113.87 266937.50 6785262.50 113.84 266962.50 6785262.50 113.83 266987.50 6785262.50 113.81 
          267012.50 6785262.50 113.81 267037.50 6785262.50 113.81 267062.50 6785262.50 113.81 267087.50 6785262.50 113.81 
          264987.50 6785237.50 119.37 265012.50 6785237.50 119.37 265037.50 6785237.50 119.37 265062.50 6785237.50 119.35 
          265087.50 6785237.50 119.34 265112.50 6785237.50 119.32 265137.50 6785237.50 119.31 265162.50 6785237.50 119.29 
          265187.50 6785237.50 119.27 265212.50 6785237.50 119.26 265237.50 6785237.50 119.24 265262.50 6785237.50 119.23 
          265287.50 6785237.50 119.21 265312.50 6785237.50 119.20 265337.50 6785237.50 119.18 265362.50 6785237.50 119.17 
          265387.50 6785237.50 119.15 265412.50 6785237.50 119.12 265437.50 6785237.50 119.08 265462.50 6785237.50 119.04 
          265487.50 6785237.50 118.99 265512.50 6785237.50 118.93 265537.50 6785237.50 118.87 265562.50 6785237.50 118.81 
          265587.50 6785237.50 118.73 265612.50 6785237.50 118.65 265637.50 6785237.50 118.57 265662.50 6785237.50 118.48 
          265687.50 6785237.50 118.38 265712.50 6785237.50 118.29 265737.50 6785237.50 118.19 265762.50 6785237.50 118.08 
          265787.50 6785237.50 117.97 265812.50 6785237.50 117.87 265837.50 6785237.50 117.75 265862.50 6785237.50 117.64 
          265887.50 6785237.50 117.53 265912.50 6785237.50 117.42 265937.50 6785237.50 117.31 265962.50 6785237.50 117.20 
          265987.50 6785237.50 117.10 266012.50 6785237.50 117.00 266037.50 6785237.50 116.90 266062.50 6785237.50 116.81 
          266087.50 6785237.50 116.73 266112.50 6785237.50 116.66 266137.50 6785237.50 116.58 266162.50 6785237.50 116.51 
          266187.50 6785237.50 116.45 266212.50 6785237.50 116.38 266237.50 6785237.50 116.32 266262.50 6785237.50 116.25 
          266287.50 6785237.50 116.18 266312.50 6785237.50 116.12 266337.50 6785237.50 116.05 266362.50 6785237.50 115.98 
          266387.50 6785237.50 115.90 266412.50 6785237.50 115.83 266437.50 6785237.50 115.74 266462.50 6785237.50 115.65 
          266487.50 6785237.50 115.56 266512.50 6785237.50 115.47 266537.50 6785237.50 115.37 266562.50 6785237.50 115.27 
          266587.50 6785237.50 115.17 266612.50 6785237.50 115.06 266637.50 6785237.50 114.97 266662.50 6785237.50 114.87 
          266687.50 6785237.50 114.77 266712.50 6785237.50 114.68 266737.50 6785237.50 114.60 266762.50 6785237.50 114.51 
          266787.50 6785237.50 114.44 266812.50 6785237.50 114.38 266837.50 6785237.50 114.33 266862.50 6785237.50 114.28 
          266887.50 6785237.50 114.24 266912.50 6785237.50 114.21 266937.50 6785237.50 114.20 266962.50 6785237.50 114.18 
          266987.50 6785237.50 114.17 267012.50 6785237.50 114.16 267037.50 6785237.50 114.16 267062.50 6785237.50 114.17 
          267087.50 6785237.50 114.17 264987.50 6785212.50 119.08 265012.50 6785212.50 119.08 265037.50 6785212.50 119.08 
          265062.50 6785212.50 119.06 265087.50 6785212.50 119.05 265112.50 6785212.50 119.03 265137.50 6785212.50 119.01 
          265162.50 6785212.50 119.00 265187.50 6785212.50 118.98 265212.50 6785212.50 118.97 265237.50 6785212.50 118.96 
          265262.50 6785212.50 118.95 265287.50 6785212.50 118.93 265312.50 6785212.50 118.92 265337.50 6785212.50 118.91 
          265362.50 6785212.50 118.90 265387.50 6785212.50 118.88 265412.50 6785212.50 118.85 265437.50 6785212.50 118.81 
          265462.50 6785212.50 118.77 265487.50 6785212.50 118.71 265512.50 6785212.50 118.65 265537.50 6785212.50 118.58 
          265562.50 6785212.50 118.51 265587.50 6785212.50 118.43 265612.50 6785212.50 118.35 265637.50 6785212.50 118.26 
          265662.50 6785212.50 118.17 265687.50 6785212.50 118.08 265712.50 6785212.50 117.98 265737.50 6785212.50 117.88 
          265762.50 6785212.50 117.78 265787.50 6785212.50 117.68 265812.50 6785212.50 117.57 265837.50 6785212.50 117.46 
          265862.50 6785212.50 117.36 265887.50 6785212.50 117.25 265912.50 6785212.50 117.14 265937.50 6785212.50 117.04 
          265962.50 6785212.50 116.94 265987.50 6785212.50 116.85 266012.50 6785212.50 116.76 266037.50 6785212.50 116.68 
          266062.50 6785212.50 116.60 266087.50 6785212.50 116.53 266112.50 6785212.50 116.46 266137.50 6785212.50 116.40 
          266162.50 6785212.50 116.35 266187.50 6785212.50 116.30 266212.50 6785212.50 116.25 266237.50 6785212.50 116.20 
          266262.50 6785212.50 116.15 266287.50 6785212.50 116.11 266312.50 6785212.50 116.06 266337.50 6785212.50 116.00 
          266362.50 6785212.50 115.95 266387.50 6785212.50 115.89 266412.50 6785212.50 115.83 266437.50 6785212.50 115.77 
          266462.50 6785212.50 115.70 266487.50 6785212.50 115.63 266512.50 6785212.50 115.55 266537.50 6785212.50 115.47 
          266562.50 6785212.50 115.40 266587.50 6785212.50 115.31 266612.50 6785212.50 115.23 266637.50 6785212.50 115.15 
          266662.50 6785212.50 115.06 266687.50 6785212.50 114.99 266712.50 6785212.50 114.91 266737.50 6785212.50 114.83 
          266762.50 6785212.50 114.76 266787.50 6785212.50 114.71 266812.50 6785212.50 114.66 266837.50 6785212.50 114.62 
          266862.50 6785212.50 114.58 266887.50 6785212.50 114.56 266912.50 6785212.50 114.54 266937.50 6785212.50 114.53 
          266962.50 6785212.50 114.53 266987.50 6785212.50 114.52 267012.50 6785212.50 114.51 267037.50 6785212.50 114.51 
          267062.50 6785212.50 114.52 267087.50 6785212.50 114.52 264987.50 6785187.50 118.79 265012.50 6785187.50 118.79 
          265037.50 6785187.50 118.78 265062.50 6785187.50 118.77 265087.50 6785187.50 118.76 265112.50 6785187.50 118.74 
          265137.50 6785187.50 118.72 265162.50 6785187.50 118.71 265187.50 6785187.50 118.69 265212.50 6785187.50 118.68 
          265237.50 6785187.50 118.68 265262.50 6785187.50 118.67 265287.50 6785187.50 118.65 265312.50 6785187.50 118.64 
          265337.50 6785187.50 118.64 265362.50 6785187.50 118.62 265387.50 6785187.50 118.60 265412.50 6785187.50 118.57 
          265437.50 6785187.50 118.53 265462.50 6785187.50 118.48 265487.50 6785187.50 118.43 265512.50 6785187.50 118.36 
          265537.50 6785187.50 118.29 265562.50 6785187.50 118.21 265587.50 6785187.50 118.13 265612.50 6785187.50 118.04 
          265637.50 6785187.50 117.95 265662.50 6785187.50 117.86 265687.50 6785187.50 117.76 265712.50 6785187.50 117.66 
          265737.50 6785187.50 117.56 265762.50 6785187.50 117.46 265787.50 6785187.50 117.36 265812.50 6785187.50 117.26 
          265837.50 6785187.50 117.16 265862.50 6785187.50 117.06 265887.50 6785187.50 116.96 265912.50 6785187.50 116.86 
          265937.50 6785187.50 116.76 265962.50 6785187.50 116.67 265987.50 6785187.50 116.59 266012.50 6785187.50 116.51 
          266037.50 6785187.50 116.44 266062.50 6785187.50 116.38 266087.50 6785187.50 116.32 266112.50 6785187.50 116.27 
          266137.50 6785187.50 116.22 266162.50 6785187.50 116.18 266187.50 6785187.50 116.14 266212.50 6785187.50 116.10 
          266237.50 6785187.50 116.07 266262.50 6785187.50 116.04 266287.50 6785187.50 116.01 266312.50 6785187.50 115.98 
          266337.50 6785187.50 115.95 266362.50 6785187.50 115.91 266387.50 6785187.50 115.88 266412.50 6785187.50 115.83 
          266437.50 6785187.50 115.79 266462.50 6785187.50 115.74 266487.50 6785187.50 115.69 266512.50 6785187.50 115.63 
          266537.50 6785187.50 115.57 266562.50 6785187.50 115.51 266587.50 6785187.50 115.45 266612.50 6785187.50 115.39 
          266637.50 6785187.50 115.32 266662.50 6785187.50 115.25 266687.50 6785187.50 115.19 266712.50 6785187.50 115.13 
          266737.50 6785187.50 115.06 266762.50 6785187.50 115.01 266787.50 6785187.50 114.97 266812.50 6785187.50 114.93 
          266837.50 6785187.50 114.90 266862.50 6785187.50 114.88 266887.50 6785187.50 114.87 266912.50 6785187.50 114.86 
          266937.50 6785187.50 114.86 266962.50 6785187.50 114.86 266987.50 6785187.50 114.86 267012.50 6785187.50 114.86 
          267037.50 6785187.50 114.86 267062.50 6785187.50 114.86 267087.50 6785187.50 114.86 264987.50 6785162.50 118.49 
          265012.50 6785162.50 118.48 265037.50 6785162.50 118.48 265062.50 6785162.50 118.47 265087.50 6785162.50 118.46 
          265112.50 6785162.50 118.44 265137.50 6785162.50 118.42 265162.50 6785162.50 118.41 265187.50 6785162.50 118.40 
          265212.50 6785162.50 118.39 265237.50 6785162.50 118.38 265262.50 6785162.50 118.38 265287.50 6785162.50 118.37 
          265312.50 6785162.50 118.37 265337.50 6785162.50 118.36 265362.50 6785162.50 118.35 265387.50 6785162.50 118.33 
          265412.50 6785162.50 118.29 265437.50 6785162.50 118.25 265462.50 6785162.50 118.19 265487.50 6785162.50 118.13 
          265512.50 6785162.50 118.06 265537.50 6785162.50 117.99 265562.50 6785162.50 117.91 265587.50 6785162.50 117.82 
          265612.50 6785162.50 117.73 265637.50 6785162.50 117.63 265662.50 6785162.50 117.53 265687.50 6785162.50 117.43 
          265712.50 6785162.50 117.33 265737.50 6785162.50 117.23 265762.50 6785162.50 117.13 265787.50 6785162.50 117.03 
          265812.50 6785162.50 116.93 265837.50 6785162.50 116.83 265862.50 6785162.50 116.74 265887.50 6785162.50 116.65 
          265912.50 6785162.50 116.56 265937.50 6785162.50 116.47 265962.50 6785162.50 116.39 265987.50 6785162.50 116.32 
          266012.50 6785162.50 116.26 266037.50 6785162.50 116.20 266062.50 6785162.50 116.15 266087.50 6785162.50 116.10 
          266112.50 6785162.50 116.05 266137.50 6785162.50 116.02 266162.50 6785162.50 115.99 266187.50 6785162.50 115.97 
          266212.50 6785162.50 115.95 266237.50 6785162.50 115.94 266262.50 6785162.50 115.93 266287.50 6785162.50 115.92 
          266312.50 6785162.50 115.90 266337.50 6785162.50 115.88 266362.50 6785162.50 115.87 266387.50 6785162.50 115.85 
          266412.50 6785162.50 115.82 266437.50 6785162.50 115.80 266462.50 6785162.50 115.77 266487.50 6785162.50 115.73 
          266512.50 6785162.50 115.70 266537.50 6785162.50 115.66 266562.50 6785162.50 115.62 266587.50 6785162.50 115.57 
          266612.50 6785162.50 115.53 266637.50 6785162.50 115.48 266662.50 6785162.50 115.43 266687.50 6785162.50 115.38 
          266712.50 6785162.50 115.33 266737.50 6785162.50 115.29 266762.50 6785162.50 115.25 266787.50 6785162.50 115.22 
          266812.50 6785162.50 115.19 266837.50 6785162.50 115.17 266862.50 6785162.50 115.17 266887.50 6785162.50 115.17 
          266912.50 6785162.50 115.16 266937.50 6785162.50 115.17 266962.50 6785162.50 115.17 266987.50 6785162.50 115.18 
          267012.50 6785162.50 115.18 267037.50 6785162.50 115.18 267062.50 6785162.50 115.19 267087.50 6785162.50 115.19 
          264987.50 6785137.50 118.18 265012.50 6785137.50 118.18 265037.50 6785137.50 118.17 265062.50 6785137.50 118.16 
          265087.50 6785137.50 118.15 265112.50 6785137.50 118.14 265137.50 6785137.50 118.13 265162.50 6785137.50 118.11 
          265187.50 6785137.50 118.11 265212.50 6785137.50 118.10 265237.50 6785137.50 118.10 265262.50 6785137.50 118.09 
          265287.50 6785137.50 118.09 265312.50 6785137.50 118.10 265337.50 6785137.50 118.09 265362.50 6785137.50 118.07 
          265387.50 6785137.50 118.04 265412.50 6785137.50 118.00 265437.50 6785137.50 117.95 265462.50 6785137.50 117.89 
          265487.50 6785137.50 117.83 265512.50 6785137.50 117.76 265537.50 6785137.50 117.68 265562.50 6785137.50 117.59 
          265587.50 6785137.50 117.50 265612.50 6785137.50 117.40 265637.50 6785137.50 117.30 265662.50 6785137.50 117.20 
          265687.50 6785137.50 117.10 265712.50 6785137.50 117.00 265737.50 6785137.50 116.90 265762.50 6785137.50 116.80 
          265787.50 6785137.50 116.70 265812.50 6785137.50 116.60 265837.50 6785137.50 116.51 265862.50 6785137.50 116.42 
          265887.50 6785137.50 116.33 265912.50 6785137.50 116.24 265937.50 6785137.50 116.16 265962.50 6785137.50 116.10 
          265987.50 6785137.50 116.04 266012.50 6785137.50 115.99 266037.50 6785137.50 115.94 266062.50 6785137.50 115.90 
          266087.50 6785137.50 115.87 266112.50 6785137.50 115.84 266137.50 6785137.50 115.81 266162.50 6785137.50 115.80 
          266187.50 6785137.50 115.79 266212.50 6785137.50 115.79 266237.50 6785137.50 115.79 266262.50 6785137.50 115.80 
          266287.50 6785137.50 115.80 266312.50 6785137.50 115.81 266337.50 6785137.50 115.81 266362.50 6785137.50 115.81 
          266387.50 6785137.50 115.81 266412.50 6785137.50 115.80 266437.50 6785137.50 115.79 266462.50 6785137.50 115.78 
          266487.50 6785137.50 115.77 266512.50 6785137.50 115.75 266537.50 6785137.50 115.73 266562.50 6785137.50 115.71 
          266587.50 6785137.50 115.69 266612.50 6785137.50 115.66 266637.50 6785137.50 115.63 266662.50 6785137.50 115.60 
          266687.50 6785137.50 115.56 266712.50 6785137.50 115.53 266737.50 6785137.50 115.50 266762.50 6785137.50 115.48 
          266787.50 6785137.50 115.46 266812.50 6785137.50 115.45 266837.50 6785137.50 115.44 266862.50 6785137.50 115.45 
          266887.50 6785137.50 115.45 266912.50 6785137.50 115.45 266937.50 6785137.50 115.46 266962.50 6785137.50 115.47 
          266987.50 6785137.50 115.47 267012.50 6785137.50 115.48 267037.50 6785137.50 115.49 267062.50 6785137.50 115.49 
          267087.50 6785137.50 115.49 264987.50 6785112.50 117.87 265012.50 6785112.50 117.86 265037.50 6785112.50 117.86 
          265062.50 6785112.50 117.85 265087.50 6785112.50 117.84 265112.50 6785112.50 117.84 265137.50 6785112.50 117.83 
          265162.50 6785112.50 117.83 265187.50 6785112.50 117.82 265212.50 6785112.50 117.81 265237.50 6785112.50 117.81 
          265262.50 6785112.50 117.82 265287.50 6785112.50 117.83 265312.50 6785112.50 117.83 265337.50 6785112.50 117.82 
          265362.50 6785112.50 117.79 265387.50 6785112.50 117.75 265412.50 6785112.50 117.70 265437.50 6785112.50 117.65 
          265462.50 6785112.50 117.59 265487.50 6785112.50 117.52 265512.50 6785112.50 117.44 265537.50 6785112.50 117.35 
          265562.50 6785112.50 117.26 265587.50 6785112.50 117.16 265612.50 6785112.50 117.06 265637.50 6785112.50 116.96 
          265662.50 6785112.50 116.86 265687.50 6785112.50 116.75 265712.50 6785112.50 116.65 265737.50 6785112.50 116.55 
          265762.50 6785112.50 116.46 265787.50 6785112.50 116.36 265812.50 6785112.50 116.27 265837.50 6785112.50 116.17 
          265862.50 6785112.50 116.09 265887.50 6785112.50 116.00 265912.50 6785112.50 115.92 265937.50 6785112.50 115.85 
          265962.50 6785112.50 115.79 265987.50 6785112.50 115.75 266012.50 6785112.50 115.71 266037.50 6785112.50 115.67 
          266062.50 6785112.50 115.65 266087.50 6785112.50 115.62 266112.50 6785112.50 115.61 266137.50 6785112.50 115.60 
          266162.50 6785112.50 115.60 266187.50 6785112.50 115.60 266212.50 6785112.50 115.61 266237.50 6785112.50 115.63 
          266262.50 6785112.50 115.65 266287.50 6785112.50 115.68 266312.50 6785112.50 115.70 266337.50 6785112.50 115.72 
          266362.50 6785112.50 115.74 266387.50 6785112.50 115.76 266412.50 6785112.50 115.77 266437.50 6785112.50 115.78 
          266462.50 6785112.50 115.79 266487.50 6785112.50 115.80 266512.50 6785112.50 115.80 266537.50 6785112.50 115.80 
          266562.50 6785112.50 115.79 266587.50 6785112.50 115.79 266612.50 6785112.50 115.78 266637.50 6785112.50 115.77 
          266662.50 6785112.50 115.75 266687.50 6785112.50 115.73 266712.50 6785112.50 115.72 266737.50 6785112.50 115.70 
          266762.50 6785112.50 115.70 266787.50 6785112.50 115.69 266812.50 6785112.50 115.69 266837.50 6785112.50 115.70 
          266862.50 6785112.50 115.71 266887.50 6785112.50 115.72 266912.50 6785112.50 115.73 266937.50 6785112.50 115.74 
          266962.50 6785112.50 115.75 266987.50 6785112.50 115.76 267012.50 6785112.50 115.76 267037.50 6785112.50 115.77 
          267062.50 6785112.50 115.77 267087.50 6785112.50 115.77 264987.50 6785087.50 117.55 265012.50 6785087.50 117.55 
          265037.50 6785087.50 117.55 265062.50 6785087.50 117.54 265087.50 6785087.50 117.54 265112.50 6785087.50 117.54 
          265137.50 6785087.50 117.53 265162.50 6785087.50 117.53 265187.50 6785087.50 117.53 265212.50 6785087.50 117.53 
          265237.50 6785087.50 117.53 265262.50 6785087.50 117.54 265287.50 6785087.50 117.55 265312.50 6785087.50 117.54 
          265337.50 6785087.50 117.52 265362.50 6785087.50 117.49 265387.50 6785087.50 117.45 265412.50 6785087.50 117.40 
          265437.50 6785087.50 117.34 265462.50 6785087.50 117.27 265487.50 6785087.50 117.19 265512.50 6785087.50 117.11 
          265537.50 6785087.50 117.02 265562.50 6785087.50 116.92 265587.50 6785087.50 116.82 265612.50 6785087.50 116.72 
          265637.50 6785087.50 116.61 265662.50 6785087.50 116.51 265687.50 6785087.50 116.40 265712.50 6785087.50 116.30 
          265737.50 6785087.50 116.20 265762.50 6785087.50 116.10 265787.50 6785087.50 116.01 265812.50 6785087.50 115.91 
          265837.50 6785087.50 115.83 265862.50 6785087.50 115.75 265887.50 6785087.50 115.67 265912.50 6785087.50 115.60 
          265937.50 6785087.50 115.54 265962.50 6785087.50 115.49 265987.50 6785087.50 115.45 266012.50 6785087.50 115.42 
          266037.50 6785087.50 115.40 266062.50 6785087.50 115.38 266087.50 6785087.50 115.37 266112.50 6785087.50 115.37 
          266137.50 6785087.50 115.37 266162.50 6785087.50 115.38 266187.50 6785087.50 115.40 266212.50 6785087.50 115.43 
          266237.50 6785087.50 115.47 266262.50 6785087.50 115.50 266287.50 6785087.50 115.54 266312.50 6785087.50 115.58 
          266337.50 6785087.50 115.62 266362.50 6785087.50 115.66 266387.50 6785087.50 115.70 266412.50 6785087.50 115.73 
          266437.50 6785087.50 115.76 266462.50 6785087.50 115.79 266487.50 6785087.50 115.81 266512.50 6785087.50 115.83 
          266537.50 6785087.50 115.85 266562.50 6785087.50 115.87 266587.50 6785087.50 115.88 266612.50 6785087.50 115.89 
          266637.50 6785087.50 115.89 266662.50 6785087.50 115.89 266687.50 6785087.50 115.89 266712.50 6785087.50 115.89 
          266737.50 6785087.50 115.89 266762.50 6785087.50 115.90 266787.50 6785087.50 115.91 266812.50 6785087.50 115.93 
          266837.50 6785087.50 115.94 266862.50 6785087.50 115.95 266887.50 6785087.50 115.97 266912.50 6785087.50 115.98 
          266937.50 6785087.50 116.00 266962.50 6785087.50 116.01 266987.50 6785087.50 116.02 267012.50 6785087.50 116.03 
          267037.50 6785087.50 116.03 267062.50 6785087.50 116.04 267087.50 6785087.50 116.04 264987.50 6785062.50 117.23 
          265012.50 6785062.50 117.23 265037.50 6785062.50 117.23 265062.50 6785062.50 117.23 265087.50 6785062.50 117.23 
          265112.50 6785062.50 117.23 265137.50 6785062.50 117.24 265162.50 6785062.50 117.24 265187.50 6785062.50 117.24 
          265212.50 6785062.50 117.24 265237.50 6785062.50 117.25 265262.50 6785062.50 117.26 265287.50 6785062.50 117.25 
          265312.50 6785062.50 117.25 265337.50 6785062.50 117.22 265362.50 6785062.50 117.18 265387.50 6785062.50 117.14 
          265412.50 6785062.50 117.08 265437.50 6785062.50 117.01 265462.50 6785062.50 116.94 265487.50 6785062.50 116.86 
          265512.50 6785062.50 116.77 265537.50 6785062.50 116.67 265562.50 6785062.50 116.58 265587.50 6785062.50 116.47 
          265612.50 6785062.50 116.36 265637.50 6785062.50 116.25 265662.50 6785062.50 116.14 265687.50 6785062.50 116.04 
          265712.50 6785062.50 115.93 265737.50 6785062.50 115.83 265762.50 6785062.50 115.74 265787.50 6785062.50 115.64 
          265812.50 6785062.50 115.55 265837.50 6785062.50 115.47 265862.50 6785062.50 115.40 265887.50 6785062.50 115.33 
          265912.50 6785062.50 115.27 265937.50 6785062.50 115.22 265962.50 6785062.50 115.18 265987.50 6785062.50 115.15 
          266012.50 6785062.50 115.13 266037.50 6785062.50 115.11 266062.50 6785062.50 115.11 266087.50 6785062.50 115.11 
          266112.50 6785062.50 115.12 266137.50 6785062.50 115.14 266162.50 6785062.50 115.16 266187.50 6785062.50 115.20 
          266212.50 6785062.50 115.24 266237.50 6785062.50 115.28 266262.50 6785062.50 115.33 266287.50 6785062.50 115.39 
          266312.50 6785062.50 115.45 266337.50 6785062.50 115.51 266362.50 6785062.50 115.57 266387.50 6785062.50 115.62 
          266412.50 6785062.50 115.68 266437.50 6785062.50 115.73 266462.50 6785062.50 115.78 266487.50 6785062.50 115.82 
          266512.50 6785062.50 115.86 266537.50 6785062.50 115.89 266562.50 6785062.50 115.93 266587.50 6785062.50 115.96 
          266612.50 6785062.50 115.98 266637.50 6785062.50 116.00 266662.50 6785062.50 116.02 266687.50 6785062.50 116.04 
          266712.50 6785062.50 116.05 266737.50 6785062.50 116.07 266762.50 6785062.50 116.09 266787.50 6785062.50 116.12 
          266812.50 6785062.50 116.14 266837.50 6785062.50 116.16 266862.50 6785062.50 116.18 266887.50 6785062.50 116.20 
          266912.50 6785062.50 116.22 266937.50 6785062.50 116.24 266962.50 6785062.50 116.25 266987.50 6785062.50 116.27 
          267012.50 6785062.50 116.28 267037.50 6785062.50 116.29 267062.50 6785062.50 116.29 267087.50 6785062.50 116.29 
          264987.50 6785037.50 116.91 265012.50 6785037.50 116.92 265037.50 6785037.50 116.92 265062.50 6785037.50 116.92 
          265087.50 6785037.50 116.92 265112.50 6785037.50 116.93 265137.50 6785037.50 116.93 265162.50 6785037.50 116.94 
          265187.50 6785037.50 116.94 265212.50 6785037.50 116.95 265237.50 6785037.50 116.96 265262.50 6785037.50 116.96 
          265287.50 6785037.50 116.96 265312.50 6785037.50 116.94 265337.50 6785037.50 116.91 265362.50 6785037.50 116.87 
          265387.50 6785037.50 116.81 265412.50 6785037.50 116.75 265437.50 6785037.50 116.68 265462.50 6785037.50 116.60 
          265487.50 6785037.50 116.52 265512.50 6785037.50 116.42 265537.50 6785037.50 116.32 265562.50 6785037.50 116.22 
          265587.50 6785037.50 116.11 265612.50 6785037.50 116.00 265637.50 6785037.50 115.89 265662.50 6785037.50 115.78 
          265687.50 6785037.50 115.67 265712.50 6785037.50 115.56 265737.50 6785037.50 115.46 265762.50 6785037.50 115.36 
          265787.50 6785037.50 115.27 265812.50 6785037.50 115.18 265837.50 6785037.50 115.11 265862.50 6785037.50 115.04 
          265887.50 6785037.50 114.98 265912.50 6785037.50 114.93 265937.50 6785037.50 114.89 265962.50 6785037.50 114.86 
          265987.50 6785037.50 114.83 266012.50 6785037.50 114.82 266037.50 6785037.50 114.82 266062.50 6785037.50 114.82 
          266087.50 6785037.50 114.84 266112.50 6785037.50 114.86 266137.50 6785037.50 114.90 266162.50 6785037.50 114.94 
          266187.50 6785037.50 114.98 266212.50 6785037.50 115.03 266237.50 6785037.50 115.09 266262.50 6785037.50 115.16 
          266287.50 6785037.50 115.23 266312.50 6785037.50 115.31 266337.50 6785037.50 115.39 266362.50 6785037.50 115.46 
          266387.50 6785037.50 115.54 266412.50 6785037.50 115.61 266437.50 6785037.50 115.69 266462.50 6785037.50 115.75 
          266487.50 6785037.50 115.81 266512.50 6785037.50 115.87 266537.50 6785037.50 115.93 266562.50 6785037.50 115.98 
          266587.50 6785037.50 116.03 266612.50 6785037.50 116.07 266637.50 6785037.50 116.11 266662.50 6785037.50 116.14 
          266687.50 6785037.50 116.18 266712.50 6785037.50 116.21 266737.50 6785037.50 116.23 266762.50 6785037.50 116.27 
          266787.50 6785037.50 116.30 266812.50 6785037.50 116.34 266837.50 6785037.50 116.37 266862.50 6785037.50 116.40 
          266887.50 6785037.50 116.42 266912.50 6785037.50 116.45 266937.50 6785037.50 116.47 266962.50 6785037.50 116.49 
          266987.50 6785037.50 116.50 267012.50 6785037.50 116.51 267037.50 6785037.50 116.52 267062.50 6785037.50 116.53 
          267087.50 6785037.50 116.53 264987.50 6785012.50 116.60 265012.50 6785012.50 116.60 265037.50 6785012.50 116.60 
          265062.50 6785012.50 116.61 265087.50 6785012.50 116.61 265112.50 6785012.50 116.62 265137.50 6785012.50 116.62 
          265162.50 6785012.50 116.63 265187.50 6785012.50 116.64 265212.50 6785012.50 116.66 265237.50 6785012.50 116.67 
          265262.50 6785012.50 116.68 265287.50 6785012.50 116.66 265312.50 6785012.50 116.63 265337.50 6785012.50 116.59 
          265362.50 6785012.50 116.54 265387.50 6785012.50 116.49 265412.50 6785012.50 116.42 265437.50 6785012.50 116.34 
          265462.50 6785012.50 116.26 265487.50 6785012.50 116.17 265512.50 6785012.50 116.07 265537.50 6785012.50 115.96 
          265562.50 6785012.50 115.85 265587.50 6785012.50 115.74 265612.50 6785012.50 115.63 265637.50 6785012.50 115.51 
          265662.50 6785012.50 115.39 265687.50 6785012.50 115.28 265712.50 6785012.50 115.17 265737.50 6785012.50 115.07 
          265762.50 6785012.50 114.97 265787.50 6785012.50 114.89 265812.50 6785012.50 114.81 265837.50 6785012.50 114.73 
          265862.50 6785012.50 114.67 265887.50 6785012.50 114.61 265912.50 6785012.50 114.58 265937.50 6785012.50 114.55 
          265962.50 6785012.50 114.52 265987.50 6785012.50 114.51 266012.50 6785012.50 114.51 266037.50 6785012.50 114.51 
          266062.50 6785012.50 114.53 266087.50 6785012.50 114.56 266112.50 6785012.50 114.59 266137.50 6785012.50 114.64 
          266162.50 6785012.50 114.69 266187.50 6785012.50 114.74 266212.50 6785012.50 114.81 266237.50 6785012.50 114.89 
          266262.50 6785012.50 114.98 266287.50 6785012.50 115.07 266312.50 6785012.50 115.16 266337.50 6785012.50 115.26 
          266362.50 6785012.50 115.36 266387.50 6785012.50 115.45 266412.50 6785012.50 115.55 266437.50 6785012.50 115.64 
          266462.50 6785012.50 115.72 266487.50 6785012.50 115.80 266512.50 6785012.50 115.88 266537.50 6785012.50 115.95 
          266562.50 6785012.50 116.02 266587.50 6785012.50 116.09 266612.50 6785012.50 116.15 266637.50 6785012.50 116.20 
          266662.50 6785012.50 116.25 266687.50 6785012.50 116.30 266712.50 6785012.50 116.34 266737.50 6785012.50 116.39 
          266762.50 6785012.50 116.44 266787.50 6785012.50 116.48 266812.50 6785012.50 116.52 266837.50 6785012.50 116.56 
          266862.50 6785012.50 116.60 266887.50 6785012.50 116.63 266912.50 6785012.50 116.66 266937.50 6785012.50 116.68 
          266962.50 6785012.50 116.70 266987.50 6785012.50 116.72 267012.50 6785012.50 116.73 267037.50 6785012.50 116.74 
          267062.50 6785012.50 116.75 267087.50 6785012.50 116.75 264987.50 6784987.50 116.27 265012.50 6784987.50 116.28 
          265037.50 6784987.50 116.28 265062.50 6784987.50 116.29 265087.50 6784987.50 116.29 265112.50 6784987.50 116.30 
          265137.50 6784987.50 116.31 265162.50 6784987.50 116.32 265187.50 6784987.50 116.34 265212.50 6784987.50 116.36 
          265237.50 6784987.50 116.38 265262.50 6784987.50 116.37 265287.50 6784987.50 116.34 265312.50 6784987.50 116.31 
          265337.50 6784987.50 116.27 265362.50 6784987.50 116.21 265387.50 6784987.50 116.15 265412.50 6784987.50 116.08 
          265437.50 6784987.50 116.00 265462.50 6784987.50 115.91 265487.50 6784987.50 115.81 265512.50 6784987.50 115.71 
          265537.50 6784987.50 115.60 265562.50 6784987.50 115.48 265587.50 6784987.50 115.37 265612.50 6784987.50 115.25 
          265637.50 6784987.50 115.13 265662.50 6784987.50 115.01 265687.50 6784987.50 114.89 265712.50 6784987.50 114.77 
          265737.50 6784987.50 114.67 265762.50 6784987.50 114.57 265787.50 6784987.50 114.49 265812.50 6784987.50 114.42 
          265837.50 6784987.50 114.35 265862.50 6784987.50 114.29 265887.50 6784987.50 114.25 265912.50 6784987.50 114.21 
          265937.50 6784987.50 114.19 265962.50 6784987.50 114.18 265987.50 6784987.50 114.18 266012.50 6784987.50 114.18 
          266037.50 6784987.50 114.20 266062.50 6784987.50 114.22 266087.50 6784987.50 114.26 266112.50 6784987.50 114.32 
          266137.50 6784987.50 114.37 266162.50 6784987.50 114.43 266187.50 6784987.50 114.50 266212.50 6784987.50 114.58 
          266237.50 6784987.50 114.68 266262.50 6784987.50 114.79 266287.50 6784987.50 114.90 266312.50 6784987.50 115.01 
          266337.50 6784987.50 115.12 266362.50 6784987.50 115.24 266387.50 6784987.50 115.36 266412.50 6784987.50 115.47 
          266437.50 6784987.50 115.58 266462.50 6784987.50 115.68 266487.50 6784987.50 115.78 266512.50 6784987.50 115.88 
          266537.50 6784987.50 115.97 266562.50 6784987.50 116.06 266587.50 6784987.50 116.14 266612.50 6784987.50 116.22 
          266637.50 6784987.50 116.29 266662.50 6784987.50 116.35 266687.50 6784987.50 116.42 266712.50 6784987.50 116.48 
          266737.50 6784987.50 116.54 266762.50 6784987.50 116.59 266787.50 6784987.50 116.65 266812.50 6784987.50 116.70 
          266837.50 6784987.50 116.75 266862.50 6784987.50 116.79 266887.50 6784987.50 116.82 266912.50 6784987.50 116.86 
          266937.50 6784987.50 116.88 266962.50 6784987.50 116.90 266987.50 6784987.50 116.92 267012.50 6784987.50 116.93 
          267037.50 6784987.50 116.94 267062.50 6784987.50 116.95 267087.50 6784987.50 116.95 264987.50 6784962.50 115.95 
          265012.50 6784962.50 115.95 265037.50 6784962.50 115.96 265062.50 6784962.50 115.96 265087.50 6784962.50 115.97 
          265112.50 6784962.50 115.98 265137.50 6784962.50 116.00 265162.50 6784962.50 116.01 265187.50 6784962.50 116.04 
          265212.50 6784962.50 116.06 265237.50 6784962.50 116.07 265262.50 6784962.50 116.03 265287.50 6784962.50 116.01 
          265312.50 6784962.50 115.97 265337.50 6784962.50 115.93 265362.50 6784962.50 115.87 265387.50 6784962.50 115.80 
          265412.50 6784962.50 115.73 265437.50 6784962.50 115.64 265462.50 6784962.50 115.55 265487.50 6784962.50 115.45 
          265512.50 6784962.50 115.34 265537.50 6784962.50 115.23 265562.50 6784962.50 115.11 265587.50 6784962.50 114.99 
          265612.50 6784962.50 114.87 265637.50 6784962.50 114.74 265662.50 6784962.50 114.61 265687.50 6784962.50 114.48 
          265712.50 6784962.50 114.37 265737.50 6784962.50 114.26 265762.50 6784962.50 114.17 265787.50 6784962.50 114.10 
          265812.50 6784962.50 114.02 265837.50 6784962.50 113.96 265862.50 6784962.50 113.91 265887.50 6784962.50 113.87 
          265912.50 6784962.50 113.85 265937.50 6784962.50 113.83 265962.50 6784962.50 113.83 265987.50 6784962.50 113.83 
          266012.50 6784962.50 113.85 266037.50 6784962.50 113.87 266062.50 6784962.50 113.91 266087.50 6784962.50 113.96 
          266112.50 6784962.50 114.03 266137.50 6784962.50 114.09 266162.50 6784962.50 114.16 266187.50 6784962.50 114.25 
          266212.50 6784962.50 114.35 266237.50 6784962.50 114.46 266262.50 6784962.50 114.59 266287.50 6784962.50 114.72 
          266312.50 6784962.50 114.85 266337.50 6784962.50 114.99 266362.50 6784962.50 115.12 266387.50 6784962.50 115.26 
          266412.50 6784962.50 115.39 266437.50 6784962.50 115.51 266462.50 6784962.50 115.63 266487.50 6784962.50 115.75 
          266512.50 6784962.50 115.87 266537.50 6784962.50 115.98 266562.50 6784962.50 116.08 266587.50 6784962.50 116.19 
          266612.50 6784962.50 116.28 266637.50 6784962.50 116.37 266662.50 6784962.50 116.45 266687.50 6784962.50 116.53 
          266712.50 6784962.50 116.60 266737.50 6784962.50 116.67 266762.50 6784962.50 116.74 266787.50 6784962.50 116.80 
          266812.50 6784962.50 116.86 266837.50 6784962.50 116.91 266862.50 6784962.50 116.96 266887.50 6784962.50 117.00 
          266912.50 6784962.50 117.04 266937.50 6784962.50 117.07 266962.50 6784962.50 117.09 266987.50 6784962.50 117.11 
          267012.50 6784962.50 117.12 267037.50 6784962.50 117.14 267062.50 6784962.50 117.14 267087.50 6784962.50 117.14 
          264987.50 6784937.50 115.63 265012.50 6784937.50 115.63 265037.50 6784937.50 115.63 265062.50 6784937.50 115.64 
          265087.50 6784937.50 115.65 265112.50 6784937.50 115.66 265137.50 6784937.50 115.68 265162.50 6784937.50 115.70 
          265187.50 6784937.50 115.72 265212.50 6784937.50 115.72 265237.50 6784937.50 115.71 265262.50 6784937.50 115.70 
          265287.50 6784937.50 115.67 265312.50 6784937.50 115.63 265337.50 6784937.50 115.58 265362.50 6784937.50 115.52 
          265387.50 6784937.50 115.45 265412.50 6784937.50 115.37 265437.50 6784937.50 115.28 265462.50 6784937.50 115.18 
          265487.50 6784937.50 115.08 265512.50 6784937.50 114.97 265537.50 6784937.50 114.85 265562.50 6784937.50 114.73 
          265587.50 6784937.50 114.61 265612.50 6784937.50 114.48 265637.50 6784937.50 114.35 265662.50 6784937.50 114.21 
          265687.50 6784937.50 114.09 265712.50 6784937.50 113.97 265737.50 6784937.50 113.86 265762.50 6784937.50 113.77 
          265787.50 6784937.50 113.69 265812.50 6784937.50 113.62 265837.50 6784937.50 113.56 265862.50 6784937.50 113.52 
          265887.50 6784937.50 113.49 265912.50 6784937.50 113.47 265937.50 6784937.50 113.46 265962.50 6784937.50 113.46 
          265987.50 6784937.50 113.48 266012.50 6784937.50 113.50 266037.50 6784937.50 113.54 266062.50 6784937.50 113.58 
          266087.50 6784937.50 113.63 266112.50 6784937.50 113.70 266137.50 6784937.50 113.79 266162.50 6784937.50 113.88 
          266187.50 6784937.50 113.98 266212.50 6784937.50 114.10 266237.50 6784937.50 114.24 266262.50 6784937.50 114.39 
          266287.50 6784937.50 114.54 266312.50 6784937.50 114.69 266337.50 6784937.50 114.84 266362.50 6784937.50 115.00 
          266387.50 6784937.50 115.15 266412.50 6784937.50 115.30 266437.50 6784937.50 115.44 266462.50 6784937.50 115.58 
          266487.50 6784937.50 115.72 266512.50 6784937.50 115.86 266537.50 6784937.50 115.99 266562.50 6784937.50 116.11 
          266587.50 6784937.50 116.23 266612.50 6784937.50 116.34 266637.50 6784937.50 116.44 266662.50 6784937.50 116.54 
          266687.50 6784937.50 116.63 266712.50 6784937.50 116.71 266737.50 6784937.50 116.79 266762.50 6784937.50 116.87 
          266787.50 6784937.50 116.95 266812.50 6784937.50 117.01 266837.50 6784937.50 117.07 266862.50 6784937.50 117.12 
          266887.50 6784937.50 117.17 266912.50 6784937.50 117.21 266937.50 6784937.50 117.24 266962.50 6784937.50 117.27 
          266987.50 6784937.50 117.29 267012.50 6784937.50 117.30 267037.50 6784937.50 117.31 267062.50 6784937.50 117.32 
          267087.50 6784937.50 117.32 264987.50 6784912.50 115.30 265012.50 6784912.50 115.30 265037.50 6784912.50 115.31 
          265062.50 6784912.50 115.31 265087.50 6784912.50 115.32 265112.50 6784912.50 115.34 265137.50 6784912.50 115.36 
          265162.50 6784912.50 115.39 265187.50 6784912.50 115.40 265212.50 6784912.50 115.40 265237.50 6784912.50 115.38 
          265262.50 6784912.50 115.35 265287.50 6784912.50 115.32 265312.50 6784912.50 115.28 265337.50 6784912.50 115.23 
          265362.50 6784912.50 115.16 265387.50 6784912.50 115.09 265412.50 6784912.50 115.01 265437.50 6784912.50 114.92 
          265462.50 6784912.50 114.81 265487.50 6784912.50 114.71 265512.50 6784912.50 114.59 265537.50 6784912.50 114.47 
          265562.50 6784912.50 114.35 265587.50 6784912.50 114.22 265612.50 6784912.50 114.09 265637.50 6784912.50 113.95 
          265662.50 6784912.50 113.82 265687.50 6784912.50 113.69 265712.50 6784912.50 113.56 265737.50 6784912.50 113.45 
          265762.50 6784912.50 113.36 265787.50 6784912.50 113.28 265812.50 6784912.50 113.21 265837.50 6784912.50 113.16 
          265862.50 6784912.50 113.12 265887.50 6784912.50 113.09 265912.50 6784912.50 113.07 265937.50 6784912.50 113.08 
          265962.50 6784912.50 113.09 265987.50 6784912.50 113.11 266012.50 6784912.50 113.14 266037.50 6784912.50 113.18 
          266062.50 6784912.50 113.23 266087.50 6784912.50 113.30 266112.50 6784912.50 113.38 266137.50 6784912.50 113.47 
          266162.50 6784912.50 113.58 266187.50 6784912.50 113.70 266212.50 6784912.50 113.85 266237.50 6784912.50 114.01 
          266262.50 6784912.50 114.18 266287.50 6784912.50 114.35 266312.50 6784912.50 114.52 266337.50 6784912.50 114.70 
          266362.50 6784912.50 114.87 266387.50 6784912.50 115.04 266412.50 6784912.50 115.21 266437.50 6784912.50 115.37 
          266462.50 6784912.50 115.53 266487.50 6784912.50 115.69 266512.50 6784912.50 115.84 266537.50 6784912.50 115.99 
          266562.50 6784912.50 116.13 266587.50 6784912.50 116.27 266612.50 6784912.50 116.39 266637.50 6784912.50 116.51 
          266662.50 6784912.50 116.62 266687.50 6784912.50 116.72 266712.50 6784912.50 116.82 266737.50 6784912.50 116.91 
          266762.50 6784912.50 117.00 266787.50 6784912.50 117.08 266812.50 6784912.50 117.15 266837.50 6784912.50 117.22 
          266862.50 6784912.50 117.28 266887.50 6784912.50 117.32 266912.50 6784912.50 117.37 266937.50 6784912.50 117.40 
          266962.50 6784912.50 117.43 266987.50 6784912.50 117.45 267012.50 6784912.50 117.47 267037.50 6784912.50 117.48 
          267062.50 6784912.50 117.48 267087.50 6784912.50 117.48 264987.50 6784887.50 114.97 265012.50 6784887.50 114.98 
          265037.50 6784887.50 114.98 265062.50 6784887.50 114.99 265087.50 6784887.50 115.00 265112.50 6784887.50 115.01 
          265137.50 6784887.50 115.04 265162.50 6784887.50 115.06 265187.50 6784887.50 115.07 265212.50 6784887.50 115.06 
          265237.50 6784887.50 115.04 265262.50 6784887.50 115.01 265287.50 6784887.50 114.97 265312.50 6784887.50 114.93 
          265337.50 6784887.50 114.86 265362.50 6784887.50 114.81 265387.50 6784887.50 114.72 265412.50 6784887.50 114.64 
          265437.50 6784887.50 114.54 265462.50 6784887.50 114.44 265487.50 6784887.50 114.33 265512.50 6784887.50 114.21 
          265537.50 6784887.50 114.09 265562.50 6784887.50 113.96 265587.50 6784887.50 113.83 265612.50 6784887.50 113.69 
          265637.50 6784887.50 113.55 265662.50 6784887.50 113.42 265687.50 6784887.50 113.28 265712.50 6784887.50 113.16 
          265737.50 6784887.50 113.04 265762.50 6784887.50 112.94 265787.50 6784887.50 112.86 265812.50 6784887.50 112.80 
          265837.50 6784887.50 112.74 265862.50 6784887.50 112.70 265887.50 6784887.50 112.68 265912.50 6784887.50 112.67 
          265937.50 6784887.50 112.68 265962.50 6784887.50 112.70 265987.50 6784887.50 112.73 266012.50 6784887.50 112.77 
          266037.50 6784887.50 112.82 266062.50 6784887.50 112.89 266087.50 6784887.50 112.96 266112.50 6784887.50 113.05 
          266137.50 6784887.50 113.16 266162.50 6784887.50 113.28 266187.50 6784887.50 113.42 266212.50 6784887.50 113.59 
          266237.50 6784887.50 113.77 266262.50 6784887.50 113.96 266287.50 6784887.50 114.15 266312.50 6784887.50 114.36 
          266337.50 6784887.50 114.55 266362.50 6784887.50 114.75 266387.50 6784887.50 114.93 266412.50 6784887.50 115.12 
          266437.50 6784887.50 115.30 266462.50 6784887.50 115.47 266487.50 6784887.50 115.65 266512.50 6784887.50 115.82 
          266537.50 6784887.50 115.99 266562.50 6784887.50 116.15 266587.50 6784887.50 116.30 266612.50 6784887.50 116.44 
          266637.50 6784887.50 116.57 266662.50 6784887.50 116.69 266687.50 6784887.50 116.80 266712.50 6784887.50 116.91 
          266737.50 6784887.50 117.01 266762.50 6784887.50 117.11 266787.50 6784887.50 117.20 266812.50 6784887.50 117.28 
          266837.50 6784887.50 117.35 266862.50 6784887.50 117.41 266887.50 6784887.50 117.46 266912.50 6784887.50 117.51 
          266937.50 6784887.50 117.55 266962.50 6784887.50 117.58 266987.50 6784887.50 117.61 267012.50 6784887.50 117.62 
          267037.50 6784887.50 117.63 267062.50 6784887.50 117.63 267087.50 6784887.50 117.63 264987.50 6784862.50 114.64 
          265012.50 6784862.50 114.65 265037.50 6784862.50 114.65 265062.50 6784862.50 114.66 265087.50 6784862.50 114.67 
          265112.50 6784862.50 114.69 265137.50 6784862.50 114.71 265162.50 6784862.50 114.73 265187.50 6784862.50 114.73 
          265212.50 6784862.50 114.72 265237.50 6784862.50 114.70 265262.50 6784862.50 114.66 265287.50 6784862.50 114.61 
          265312.50 6784862.50 114.56 265337.50 6784862.50 114.50 265362.50 6784862.50 114.42 265387.50 6784862.50 114.34 
          265412.50 6784862.50 114.26 265437.50 6784862.50 114.16 265462.50 6784862.50 114.06 265487.50 6784862.50 113.94 
          265512.50 6784862.50 113.82 265537.50 6784862.50 113.69 265562.50 6784862.50 113.56 265587.50 6784862.50 113.43 
          265612.50 6784862.50 113.29 265637.50 6784862.50 113.15 265662.50 6784862.50 113.01 265687.50 6784862.50 112.87 
          265712.50 6784862.50 112.74 265737.50 6784862.50 112.62 265762.50 6784862.50 112.52 265787.50 6784862.50 112.44 
          265812.50 6784862.50 112.38 265837.50 6784862.50 112.32 265862.50 6784862.50 112.29 265887.50 6784862.50 112.27 
          265912.50 6784862.50 112.27 265937.50 6784862.50 112.28 265962.50 6784862.50 112.30 265987.50 6784862.50 112.34 
          266012.50 6784862.50 112.40 266037.50 6784862.50 112.46 266062.50 6784862.50 112.53 266087.50 6784862.50 112.62 
          266112.50 6784862.50 112.72 266137.50 6784862.50 112.84 266162.50 6784862.50 112.97 266187.50 6784862.50 113.12 
          266212.50 6784862.50 113.31 266237.50 6784862.50 113.52 266262.50 6784862.50 113.74 266287.50 6784862.50 113.96 
          266312.50 6784862.50 114.18 266337.50 6784862.50 114.40 266362.50 6784862.50 114.62 266387.50 6784862.50 114.83 
          266412.50 6784862.50 115.03 266437.50 6784862.50 115.22 266462.50 6784862.50 115.42 266487.50 6784862.50 115.61 
          266512.50 6784862.50 115.80 266537.50 6784862.50 115.99 266562.50 6784862.50 116.16 266587.50 6784862.50 116.33 
          266612.50 6784862.50 116.48 266637.50 6784862.50 116.63 266662.50 6784862.50 116.76 266687.50 6784862.50 116.89 
          266712.50 6784862.50 117.00 266737.50 6784862.50 117.12 266762.50 6784862.50 117.22 266787.50 6784862.50 117.31 
          266812.50 6784862.50 117.40 266837.50 6784862.50 117.47 266862.50 6784862.50 117.54 266887.50 6784862.50 117.60 
          266912.50 6784862.50 117.65 266937.50 6784862.50 117.69 266962.50 6784862.50 117.72 266987.50 6784862.50 117.75 
          267012.50 6784862.50 117.76 267037.50 6784862.50 117.77 267062.50 6784862.50 117.77 267087.50 6784862.50 117.77 
          264987.50 6784837.50 114.31 265012.50 6784837.50 114.31 265037.50 6784837.50 114.32 265062.50 6784837.50 114.33 
          265087.50 6784837.50 114.35 265112.50 6784837.50 114.36 265137.50 6784837.50 114.38 265162.50 6784837.50 114.39 
          265187.50 6784837.50 114.38 265212.50 6784837.50 114.37 265237.50 6784837.50 114.34 265262.50 6784837.50 114.30 
          265287.50 6784837.50 114.25 265312.50 6784837.50 114.19 265337.50 6784837.50 114.12 265362.50 6784837.50 114.04 
          265387.50 6784837.50 113.96 265412.50 6784837.50 113.87 265437.50 6784837.50 113.77 265462.50 6784837.50 113.66 
          265487.50 6784837.50 113.55 265512.50 6784837.50 113.42 265537.50 6784837.50 113.29 265562.50 6784837.50 113.16 
          265587.50 6784837.50 113.02 265612.50 6784837.50 112.88 265637.50 6784837.50 112.73 265662.50 6784837.50 112.59 
          265687.50 6784837.50 112.45 265712.50 6784837.50 112.32 265737.50 6784837.50 112.21 265762.50 6784837.50 112.10 
          265787.50 6784837.50 112.02 265812.50 6784837.50 111.95 265837.50 6784837.50 111.90 265862.50 6784837.50 111.87 
          265887.50 6784837.50 111.86 265912.50 6784837.50 111.86 265937.50 6784837.50 111.87 265962.50 6784837.50 111.90 
          265987.50 6784837.50 111.95 266012.50 6784837.50 112.01 266037.50 6784837.50 112.08 266062.50 6784837.50 112.17 
          266087.50 6784837.50 112.26 266112.50 6784837.50 112.37 266137.50 6784837.50 112.50 266162.50 6784837.50 112.65 
          266187.50 6784837.50 112.83 266212.50 6784837.50 113.03 266237.50 6784837.50 113.27 266262.50 6784837.50 113.51 
          266287.50 6784837.50 113.77 266312.50 6784837.50 114.01 266337.50 6784837.50 114.25 266362.50 6784837.50 114.49 
          266387.50 6784837.50 114.72 266412.50 6784837.50 114.94 266437.50 6784837.50 115.15 266462.50 6784837.50 115.37 
          266487.50 6784837.50 115.58 266512.50 6784837.50 115.78 266537.50 6784837.50 115.98 266562.50 6784837.50 116.18 
          266587.50 6784837.50 116.36 266612.50 6784837.50 116.52 266637.50 6784837.50 116.68 266662.50 6784837.50 116.82 
          266687.50 6784837.50 116.96 266712.50 6784837.50 117.09 266737.50 6784837.50 117.21 266762.50 6784837.50 117.32 
          266787.50 6784837.50 117.42 266812.50 6784837.50 117.51 266837.50 6784837.50 117.59 266862.50 6784837.50 117.66 
          266887.50 6784837.50 117.72 266912.50 6784837.50 117.78 266937.50 6784837.50 117.82 266962.50 6784837.50 117.85 
          266987.50 6784837.50 117.87 267012.50 6784837.50 117.89 267037.50 6784837.50 117.90 267062.50 6784837.50 117.90 
          267087.50 6784837.50 117.90 264987.50 6784812.50 113.98 265012.50 6784812.50 113.98 265037.50 6784812.50 113.99 
          265062.50 6784812.50 114.00 265087.50 6784812.50 114.02 265112.50 6784812.50 114.04 265137.50 6784812.50 114.05 
          265162.50 6784812.50 114.05 265187.50 6784812.50 114.04 265212.50 6784812.50 114.02 265237.50 6784812.50 113.98 
          265262.50 6784812.50 113.94 265287.50 6784812.50 113.88 265312.50 6784812.50 113.82 265337.50 6784812.50 113.75 
          265362.50 6784812.50 113.66 265387.50 6784812.50 113.58 265412.50 6784812.50 113.49 265437.50 6784812.50 113.38 
          265462.50 6784812.50 113.26 265487.50 6784812.50 113.14 265512.50 6784812.50 113.01 265537.50 6784812.50 112.88 
          265562.50 6784812.50 112.74 265587.50 6784812.50 112.60 265612.50 6784812.50 112.46 265637.50 6784812.50 112.31 
          265662.50 6784812.50 112.17 265687.50 6784812.50 112.03 265712.50 6784812.50 111.90 265737.50 6784812.50 111.79 
          265762.50 6784812.50 111.69 265787.50 6784812.50 111.60 265812.50 6784812.50 111.52 265837.50 6784812.50 111.47 
          265862.50 6784812.50 111.44 265887.50 6784812.50 111.43 265912.50 6784812.50 111.43 265937.50 6784812.50 111.45 
          265962.50 6784812.50 111.48 265987.50 6784812.50 111.54 266012.50 6784812.50 111.61 266037.50 6784812.50 111.69 
          266062.50 6784812.50 111.78 266087.50 6784812.50 111.88 266112.50 6784812.50 112.00 266137.50 6784812.50 112.14 
          266162.50 6784812.50 112.30 266187.50 6784812.50 112.53 266212.50 6784812.50 112.77 266237.50 6784812.50 113.03 
          266262.50 6784812.50 113.31 266287.50 6784812.50 113.58 266312.50 6784812.50 113.85 266337.50 6784812.50 114.11 
          266362.50 6784812.50 114.36 266387.50 6784812.50 114.61 266412.50 6784812.50 114.84 266437.50 6784812.50 115.08 
          266462.50 6784812.50 115.32 266487.50 6784812.50 115.55 266512.50 6784812.50 115.76 266537.50 6784812.50 115.98 
          266562.50 6784812.50 116.19 266587.50 6784812.50 116.38 266612.50 6784812.50 116.56 266637.50 6784812.50 116.73 
          266662.50 6784812.50 116.88 266687.50 6784812.50 117.03 266712.50 6784812.50 117.17 266737.50 6784812.50 117.30 
          266762.50 6784812.50 117.41 266787.50 6784812.50 117.52 266812.50 6784812.50 117.61 266837.50 6784812.50 117.70 
          266862.50 6784812.50 117.78 266887.50 6784812.50 117.84 266912.50 6784812.50 117.90 266937.50 6784812.50 117.94 
          266962.50 6784812.50 117.98 266987.50 6784812.50 118.00 267012.50 6784812.50 118.01 267037.50 6784812.50 118.02 
          267062.50 6784812.50 118.03 267087.50 6784812.50 118.03 264987.50 6784787.50 113.65 265012.50 6784787.50 113.65 
          265037.50 6784787.50 113.67 265062.50 6784787.50 113.68 265087.50 6784787.50 113.69 265112.50 6784787.50 113.71 
          265137.50 6784787.50 113.72 265162.50 6784787.50 113.71 265187.50 6784787.50 113.70 265212.50 6784787.50 113.67 
          265237.50 6784787.50 113.62 265262.50 6784787.50 113.57 265287.50 6784787.50 113.51 265312.50 6784787.50 113.44 
          265337.50 6784787.50 113.36 265362.50 6784787.50 113.28 265387.50 6784787.50 113.19 265412.50 6784787.50 113.09 
          265437.50 6784787.50 112.98 265462.50 6784787.50 112.86 265487.50 6784787.50 112.73 265512.50 6784787.50 112.60 
          265537.50 6784787.50 112.47 265562.50 6784787.50 112.32 265587.50 6784787.50 112.18 265612.50 6784787.50 112.03 
          265637.50 6784787.50 111.88 265662.50 6784787.50 111.74 265687.50 6784787.50 111.61 265712.50 6784787.50 111.48 
          265737.50 6784787.50 111.37 265762.50 6784787.50 111.27 265787.50 6784787.50 111.17 265812.50 6784787.50 111.09 
          265837.50 6784787.50 111.04 265862.50 6784787.50 111.01 265887.50 6784787.50 110.99 265912.50 6784787.50 111.00 
          265937.50 6784787.50 111.02 265962.50 6784787.50 111.06 265987.50 6784787.50 111.12 266012.50 6784787.50 111.19 
          266037.50 6784787.50 111.28 266062.50 6784787.50 111.38 266087.50 6784787.50 111.48 266112.50 6784787.50 111.61 
          266137.50 6784787.50 111.75 266162.50 6784787.50 111.90 266187.50 6784787.50 112.22 266212.50 6784787.50 112.52 
          266237.50 6784787.50 112.80 266262.50 6784787.50 113.10 266287.50 6784787.50 113.39 266312.50 6784787.50 113.68 
          266337.50 6784787.50 113.96 266362.50 6784787.50 114.23 266387.50 6784787.50 114.49 266412.50 6784787.50 114.76 
          266437.50 6784787.50 115.02 266462.50 6784787.50 115.27 266487.50 6784787.50 115.51 266512.50 6784787.50 115.75 
          266537.50 6784787.50 115.97 266562.50 6784787.50 116.19 266587.50 6784787.50 116.40 266612.50 6784787.50 116.59 
          266637.50 6784787.50 116.77 266662.50 6784787.50 116.94 266687.50 6784787.50 117.10 266712.50 6784787.50 117.24 
          266737.50 6784787.50 117.38 266762.50 6784787.50 117.50 266787.50 6784787.50 117.61 266812.50 6784787.50 117.72 
          266837.50 6784787.50 117.81 266862.50 6784787.50 117.89 266887.50 6784787.50 117.96 266912.50 6784787.50 118.01 
          266937.50 6784787.50 118.06 266962.50 6784787.50 118.10 266987.50 6784787.50 118.12 267012.50 6784787.50 118.14 
          267037.50 6784787.50 118.15 267062.50 6784787.50 118.16 267087.50 6784787.50 118.16 264987.50 6784762.50 113.33 
          265012.50 6784762.50 113.33 265037.50 6784762.50 113.34 265062.50 6784762.50 113.35 265087.50 6784762.50 113.36 
          265112.50 6784762.50 113.38 265137.50 6784762.50 113.38 265162.50 6784762.50 113.36 265187.50 6784762.50 113.34 
          265212.50 6784762.50 113.30 265237.50 6784762.50 113.26 265262.50 6784762.50 113.20 265287.50 6784762.50 113.13 
          265312.50 6784762.50 113.06 265337.50 6784762.50 112.97 265362.50 6784762.50 112.88 265387.50 6784762.50 112.79 
          265412.50 6784762.50 112.68 265437.50 6784762.50 112.56 265462.50 6784762.50 112.44 265487.50 6784762.50 112.31 
          265512.50 6784762.50 112.18 265537.50 6784762.50 112.04 265562.50 6784762.50 111.90 265587.50 6784762.50 111.75 
          265612.50 6784762.50 111.59 265637.50 6784762.50 111.45 265662.50 6784762.50 111.31 265687.50 6784762.50 111.18 
          265712.50 6784762.50 111.06 265737.50 6784762.50 110.94 265762.50 6784762.50 110.84 265787.50 6784762.50 110.74 
          265812.50 6784762.50 110.66 265837.50 6784762.50 110.60 265862.50 6784762.50 110.56 265887.50 6784762.50 110.55 
          265912.50 6784762.50 110.55 265937.50 6784762.50 110.57 265962.50 6784762.50 110.62 265987.50 6784762.50 110.68 
          266012.50 6784762.50 110.76 266037.50 6784762.50 110.85 266062.50 6784762.50 110.96 266087.50 6784762.50 111.06 
          266112.50 6784762.50 111.18 266137.50 6784762.50 111.30 266162.50 6784762.50 111.60 266187.50 6784762.50 111.93 
          266212.50 6784762.50 112.26 266237.50 6784762.50 112.58 266262.50 6784762.50 112.89 266287.50 6784762.50 113.21 
          266312.50 6784762.50 113.52 266337.50 6784762.50 113.82 266362.50 6784762.50 114.11 266387.50 6784762.50 114.40 
          266412.50 6784762.50 114.69 266437.50 6784762.50 114.96 266462.50 6784762.50 115.23 266487.50 6784762.50 115.48 
          266512.50 6784762.50 115.73 266537.50 6784762.50 115.97 266562.50 6784762.50 116.20 266587.50 6784762.50 116.42 
          266612.50 6784762.50 116.62 266637.50 6784762.50 116.81 266662.50 6784762.50 116.99 266687.50 6784762.50 117.16 
          266712.50 6784762.50 117.32 266737.50 6784762.50 117.46 266762.50 6784762.50 117.59 266787.50 6784762.50 117.71 
          266812.50 6784762.50 117.82 266837.50 6784762.50 117.92 266862.50 6784762.50 118.00 266887.50 6784762.50 118.07 
          266912.50 6784762.50 118.13 266937.50 6784762.50 118.17 266962.50 6784762.50 118.21 266987.50 6784762.50 118.24 
          267012.50 6784762.50 118.26 267037.50 6784762.50 118.28 267062.50 6784762.50 118.28 267087.50 6784762.50 118.28 
          264987.50 6784737.50 113.01 265012.50 6784737.50 113.01 265037.50 6784737.50 113.01 265062.50 6784737.50 113.02 
          265087.50 6784737.50 113.04 265112.50 6784737.50 113.04 265137.50 6784737.50 113.03 265162.50 6784737.50 113.02 
          265187.50 6784737.50 112.99 265212.50 6784737.50 112.94 265237.50 6784737.50 112.89 265262.50 6784737.50 112.83 
          265287.50 6784737.50 112.75 265312.50 6784737.50 112.67 265337.50 6784737.50 112.58 265362.50 6784737.50 112.48 
          265387.50 6784737.50 112.38 265412.50 6784737.50 112.26 265437.50 6784737.50 112.14 265462.50 6784737.50 112.01 
          265487.50 6784737.50 111.88 265512.50 6784737.50 111.74 265537.50 6784737.50 111.60 265562.50 6784737.50 111.46 
          265587.50 6784737.50 111.30 265612.50 6784737.50 111.15 265637.50 6784737.50 111.00 265662.50 6784737.50 110.87 
          265687.50 6784737.50 110.74 265712.50 6784737.50 110.62 265737.50 6784737.50 110.51 265762.50 6784737.50 110.40 
          265787.50 6784737.50 110.30 265812.50 6784737.50 110.22 265837.50 6784737.50 110.15 265862.50 6784737.50 110.11 
          265887.50 6784737.50 110.09 265912.50 6784737.50 110.08 265937.50 6784737.50 110.10 265962.50 6784737.50 110.15 
          265987.50 6784737.50 110.23 266012.50 6784737.50 110.32 266037.50 6784737.50 110.42 266062.50 6784737.50 110.53 
          266087.50 6784737.50 110.64 266112.50 6784737.50 110.74 266137.50 6784737.50 110.71 266162.50 6784737.50 111.24 
          266187.50 6784737.50 111.64 266212.50 6784737.50 112.01 266237.50 6784737.50 112.37 266262.50 6784737.50 112.71 
          266287.50 6784737.50 113.04 266312.50 6784737.50 113.37 266337.50 6784737.50 113.70 266362.50 6784737.50 114.02 
          266387.50 6784737.50 114.32 266412.50 6784737.50 114.62 266437.50 6784737.50 114.91 266462.50 6784737.50 115.19 
          266487.50 6784737.50 115.46 266512.50 6784737.50 115.72 266537.50 6784737.50 115.98 266562.50 6784737.50 116.21 
          266587.50 6784737.50 116.44 266612.50 6784737.50 116.66 266637.50 6784737.50 116.86 266662.50 6784737.50 117.05 
          266687.50 6784737.50 117.22 266712.50 6784737.50 117.39 266737.50 6784737.50 117.54 266762.50 6784737.50 117.68 
          266787.50 6784737.50 117.80 266812.50 6784737.50 117.92 266837.50 6784737.50 118.02 266862.50 6784737.50 118.10 
          266887.50 6784737.50 118.18 266912.50 6784737.50 118.24 266937.50 6784737.50 118.29 266962.50 6784737.50 118.33 
          266987.50 6784737.50 118.36 267012.50 6784737.50 118.38 267037.50 6784737.50 118.40 267062.50 6784737.50 118.40 
          267087.50 6784737.50 118.40 264987.50 6784712.50 112.71 265012.50 6784712.50 112.70 265037.50 6784712.50 112.69 
          265062.50 6784712.50 112.70 265087.50 6784712.50 112.71 265112.50 6784712.50 112.70 265137.50 6784712.50 112.69 
          265162.50 6784712.50 112.66 265187.50 6784712.50 112.62 265212.50 6784712.50 112.57 265237.50 6784712.50 112.52 
          265262.50 6784712.50 112.45 265287.50 6784712.50 112.37 265312.50 6784712.50 112.27 265337.50 6784712.50 112.17 
          265362.50 6784712.50 112.07 265387.50 6784712.50 111.95 265412.50 6784712.50 111.83 265437.50 6784712.50 111.71 
          265462.50 6784712.50 111.57 265487.50 6784712.50 111.44 265512.50 6784712.50 111.30 265537.50 6784712.50 111.15 
          265562.50 6784712.50 111.00 265587.50 6784712.50 110.85 265612.50 6784712.50 110.70 265637.50 6784712.50 110.56 
          265662.50 6784712.50 110.42 265687.50 6784712.50 110.29 265712.50 6784712.50 110.17 265737.50 6784712.50 110.06 
          265762.50 6784712.50 109.96 265787.50 6784712.50 109.86 265812.50 6784712.50 109.78 265837.50 6784712.50 109.71 
          265862.50 6784712.50 109.65 265887.50 6784712.50 109.62 265912.50 6784712.50 109.60 265937.50 6784712.50 109.62 
          265962.50 6784712.50 109.67 265987.50 6784712.50 109.76 266012.50 6784712.50 109.86 266037.50 6784712.50 109.97 
          266062.50 6784712.50 110.09 266087.50 6784712.50 110.22 266112.50 6784712.50 110.35 266137.50 6784712.50 110.41 
          266162.50 6784712.50 110.94 266187.50 6784712.50 111.37 266212.50 6784712.50 111.77 266237.50 6784712.50 112.16 
          266262.50 6784712.50 112.53 266287.50 6784712.50 112.89 266312.50 6784712.50 113.25 266337.50 6784712.50 113.60 
          266362.50 6784712.50 113.94 266387.50 6784712.50 114.26 266412.50 6784712.50 114.57 266437.50 6784712.50 114.87 
          266462.50 6784712.50 115.16 266487.50 6784712.50 115.44 266512.50 6784712.50 115.71 266537.50 6784712.50 115.98 
          266562.50 6784712.50 116.23 266587.50 6784712.50 116.47 266612.50 6784712.50 116.69 266637.50 6784712.50 116.90 
          266662.50 6784712.50 117.10 266687.50 6784712.50 117.29 266712.50 6784712.50 117.46 266737.50 6784712.50 117.62 
          266762.50 6784712.50 117.76 266787.50 6784712.50 117.89 266812.50 6784712.50 118.01 266837.50 6784712.50 118.11 
          266862.50 6784712.50 118.20 266887.50 6784712.50 118.28 266912.50 6784712.50 118.35 266937.50 6784712.50 118.40 
          266962.50 6784712.50 118.44 266987.50 6784712.50 118.47 267012.50 6784712.50 118.50 267037.50 6784712.50 118.52 
          267062.50 6784712.50 118.52 267087.50 6784712.50 118.52 264987.50 6784687.50 112.39 265012.50 6784687.50 112.38 
          265037.50 6784687.50 112.37 265062.50 6784687.50 112.36 265087.50 6784687.50 112.36 265112.50 6784687.50 112.35 
          265137.50 6784687.50 112.33 265162.50 6784687.50 112.30 265187.50 6784687.50 112.26 265212.50 6784687.50 112.21 
          265237.50 6784687.50 112.14 265262.50 6784687.50 112.06 265287.50 6784687.50 111.97 265312.50 6784687.50 111.88 
          265337.50 6784687.50 111.77 265362.50 6784687.50 111.66 265387.50 6784687.50 111.53 265412.50 6784687.50 111.40 
          265437.50 6784687.50 111.27 265462.50 6784687.50 111.13 265487.50 6784687.50 110.99 265512.50 6784687.50 110.84 
          265537.50 6784687.50 110.69 265562.50 6784687.50 110.53 265587.50 6784687.50 110.38 265612.50 6784687.50 110.23 
          265637.50 6784687.50 110.09 265662.50 6784687.50 109.96 265687.50 6784687.50 109.84 265712.50 6784687.50 109.72 
          265737.50 6784687.50 109.61 265762.50 6784687.50 109.51 265787.50 6784687.50 109.42 265812.50 6784687.50 109.33 
          265837.50 6784687.50 109.25 265862.50 6784687.50 109.19 265887.50 6784687.50 109.13 265912.50 6784687.50 109.10 
          265937.50 6784687.50 109.10 265962.50 6784687.50 109.16 265987.50 6784687.50 109.28 266012.50 6784687.50 109.41 
          266037.50 6784687.50 109.53 266062.50 6784687.50 109.65 266087.50 6784687.50 109.77 266112.50 6784687.50 109.98 
          266137.50 6784687.50 110.20 266162.50 6784687.50 110.68 266187.50 6784687.50 111.12 266212.50 6784687.50 111.56 
          266237.50 6784687.50 111.98 266262.50 6784687.50 112.39 266287.50 6784687.50 112.78 266312.50 6784687.50 113.15 
          266337.50 6784687.50 113.52 266362.50 6784687.50 113.87 266387.50 6784687.50 114.20 266412.50 6784687.50 114.52 
          266437.50 6784687.50 114.83 266462.50 6784687.50 115.14 266487.50 6784687.50 115.43 266512.50 6784687.50 115.72 
          266537.50 6784687.50 115.99 266562.50 6784687.50 116.25 266587.50 6784687.50 116.49 266612.50 6784687.50 116.73 
          266637.50 6784687.50 116.95 266662.50 6784687.50 117.16 266687.50 6784687.50 117.35 266712.50 6784687.50 117.53 
          266737.50 6784687.50 117.70 266762.50 6784687.50 117.85 266787.50 6784687.50 117.98 266812.50 6784687.50 118.10 
          266837.50 6784687.50 118.21 266862.50 6784687.50 118.30 266887.50 6784687.50 118.38 266912.50 6784687.50 118.45 
          266937.50 6784687.50 118.51 266962.50 6784687.50 118.55 266987.50 6784687.50 118.59 267012.50 6784687.50 118.62 
          267037.50 6784687.50 118.63 267062.50 6784687.50 118.64 267087.50 6784687.50 118.64 264987.50 6784662.50 112.03 
          265012.50 6784662.50 112.03 265037.50 6784662.50 112.02 265062.50 6784662.50 112.01 265087.50 6784662.50 112.00 
          265112.50 6784662.50 111.99 265137.50 6784662.50 111.97 265162.50 6784662.50 111.94 265187.50 6784662.50 111.89 
          265212.50 6784662.50 111.83 265237.50 6784662.50 111.75 265262.50 6784662.50 111.67 265287.50 6784662.50 111.58 
          265312.50 6784662.50 111.47 265337.50 6784662.50 111.36 265362.50 6784662.50 111.24 265387.50 6784662.50 111.11 
          265412.50 6784662.50 110.97 265437.50 6784662.50 110.83 265462.50 6784662.50 110.69 265487.50 6784662.50 110.53 
          265512.50 6784662.50 110.37 265537.50 6784662.50 110.21 265562.50 6784662.50 110.06 265587.50 6784662.50 109.90 
          265612.50 6784662.50 109.75 265637.50 6784662.50 109.62 265662.50 6784662.50 109.50 265687.50 6784662.50 109.38 
          265712.50 6784662.50 109.26 265737.50 6784662.50 109.16 265762.50 6784662.50 109.07 265787.50 6784662.50 108.98 
          265812.50 6784662.50 108.89 265837.50 6784662.50 108.81 265862.50 6784662.50 108.72 265887.50 6784662.50 108.64 
          265912.50 6784662.50 108.58 265937.50 6784662.50 108.55 265962.50 6784662.50 108.62 265987.50 6784662.50 108.78 
          266012.50 6784662.50 108.96 266037.50 6784662.50 109.10 266062.50 6784662.50 109.18 266087.50 6784662.50 109.12 
          266112.50 6784662.50 109.51 266137.50 6784662.50 109.91 266162.50 6784662.50 110.40 266187.50 6784662.50 110.81 
          266212.50 6784662.50 111.37 266237.50 6784662.50 111.84 266262.50 6784662.50 112.28 266287.50 6784662.50 112.69 
          266312.50 6784662.50 113.08 266337.50 6784662.50 113.46 266362.50 6784662.50 113.82 266387.50 6784662.50 114.16 
          266412.50 6784662.50 114.49 266437.50 6784662.50 114.81 266462.50 6784662.50 115.12 266487.50 6784662.50 115.43 
          266512.50 6784662.50 115.72 266537.50 6784662.50 116.00 266562.50 6784662.50 116.27 266587.50 6784662.50 116.52 
          266612.50 6784662.50 116.77 266637.50 6784662.50 117.00 266662.50 6784662.50 117.21 266687.50 6784662.50 117.42 
          266712.50 6784662.50 117.60 266737.50 6784662.50 117.77 266762.50 6784662.50 117.93 266787.50 6784662.50 118.07 
          266812.50 6784662.50 118.19 266837.50 6784662.50 118.30 266862.50 6784662.50 118.40 266887.50 6784662.50 118.49 
          266912.50 6784662.50 118.56 266937.50 6784662.50 118.62 266962.50 6784662.50 118.66 266987.50 6784662.50 118.70 
          267012.50 6784662.50 118.73 267037.50 6784662.50 118.75 267062.50 6784662.50 118.76 267087.50 6784662.50 118.76 
          264987.50 6784637.50 111.67 265012.50 6784637.50 111.67 265037.50 6784637.50 111.66 265062.50 6784637.50 111.65 
          265087.50 6784637.50 111.65 265112.50 6784637.50 111.64 265137.50 6784637.50 111.61 265162.50 6784637.50 111.57 
          265187.50 6784637.50 111.51 265212.50 6784637.50 111.44 265237.50 6784637.50 111.36 265262.50 6784637.50 111.27 
          265287.50 6784637.50 111.17 265312.50 6784637.50 111.06 265337.50 6784637.50 110.94 265362.50 6784637.50 110.81 
          265387.50 6784637.50 110.68 265412.50 6784637.50 110.53 265437.50 6784637.50 110.39 265462.50 6784637.50 110.23 
          265487.50 6784637.50 110.07 265512.50 6784637.50 109.90 265537.50 6784637.50 109.74 265562.50 6784637.50 109.58 
          265587.50 6784637.50 109.42 265612.50 6784637.50 109.27 265637.50 6784637.50 109.14 265662.50 6784637.50 109.02 
          265687.50 6784637.50 108.91 265712.50 6784637.50 108.80 265737.50 6784637.50 108.71 265762.50 6784637.50 108.62 
          265787.50 6784637.50 108.54 265812.50 6784637.50 108.45 265837.50 6784637.50 108.36 265862.50 6784637.50 108.26 
          265887.50 6784637.50 108.14 265912.50 6784637.50 108.02 265937.50 6784637.50 107.91 265962.50 6784637.50 107.95 
          265987.50 6784637.50 108.26 266012.50 6784637.50 108.55 266037.50 6784637.50 108.70 266062.50 6784637.50 108.71 
          266087.50 6784637.50 109.01 266112.50 6784637.50 109.41 266137.50 6784637.50 109.99 266162.50 6784637.50 110.46 
          266187.50 6784637.50 110.88 266212.50 6784637.50 111.21 266237.50 6784637.50 111.77 266262.50 6784637.50 112.21 
          266287.50 6784637.50 112.63 266312.50 6784637.50 113.03 266337.50 6784637.50 113.41 266362.50 6784637.50 113.78 
          266387.50 6784637.50 114.13 266412.50 6784637.50 114.47 266437.50 6784637.50 114.80 266462.50 6784637.50 115.12 
          266487.50 6784637.50 115.43 266512.50 6784637.50 115.73 266537.50 6784637.50 116.02 266562.50 6784637.50 116.29 
          266587.50 6784637.50 116.56 266612.50 6784637.50 116.81 266637.50 6784637.50 117.05 266662.50 6784637.50 117.27 
          266687.50 6784637.50 117.48 266712.50 6784637.50 117.67 266737.50 6784637.50 117.85 266762.50 6784637.50 118.01 
          266787.50 6784637.50 118.15 266812.50 6784637.50 118.28 266837.50 6784637.50 118.40 266862.50 6784637.50 118.50 
          266887.50 6784637.50 118.59 266912.50 6784637.50 118.66 266937.50 6784637.50 118.72 266962.50 6784637.50 118.77 
          266987.50 6784637.50 118.81 267012.50 6784637.50 118.84 267037.50 6784637.50 118.86 267062.50 6784637.50 118.87 
          267087.50 6784637.50 118.87 264987.50 6784612.50 111.32 265012.50 6784612.50 111.32 265037.50 6784612.50 111.31 
          265062.50 6784612.50 111.30 265087.50 6784612.50 111.29 265112.50 6784612.50 111.27 265137.50 6784612.50 111.24 
          265162.50 6784612.50 111.19 265187.50 6784612.50 111.13 265212.50 6784612.50 111.05 265237.50 6784612.50 110.97 
          265262.50 6784612.50 110.87 265287.50 6784612.50 110.75 265312.50 6784612.50 110.64 265337.50 6784612.50 110.51 
          265362.50 6784612.50 110.38 265387.50 6784612.50 110.23 265412.50 6784612.50 110.09 265437.50 6784612.50 109.93 
          265462.50 6784612.50 109.77 265487.50 6784612.50 109.60 265512.50 6784612.50 109.43 265537.50 6784612.50 109.26 
          265562.50 6784612.50 109.09 265587.50 6784612.50 108.94 265612.50 6784612.50 108.80 265637.50 6784612.50 108.67 
          265662.50 6784612.50 108.55 265687.50 6784612.50 108.43 265712.50 6784612.50 108.34 265737.50 6784612.50 108.25 
          265762.50 6784612.50 108.17 265787.50 6784612.50 108.09 265812.50 6784612.50 108.01 265837.50 6784612.50 107.92 
          265862.50 6784612.50 107.82 265887.50 6784612.50 107.68 265912.50 6784612.50 107.42 265937.50 6784612.50 106.93 
          265962.50 6784612.50 106.74 265987.50 6784612.50 107.61 266012.50 6784612.50 108.27 266037.50 6784612.50 108.51 
          266062.50 6784612.50 108.71 266087.50 6784612.50 109.19 266112.50 6784612.50 109.62 266137.50 6784612.50 110.08 
          266162.50 6784612.50 110.53 266187.50 6784612.50 110.95 266212.50 6784612.50 111.36 266237.50 6784612.50 111.80 
          266262.50 6784612.50 112.21 266287.50 6784612.50 112.61 266312.50 6784612.50 113.00 266337.50 6784612.50 113.39 
          266362.50 6784612.50 113.76 266387.50 6784612.50 114.12 266412.50 6784612.50 114.47 266437.50 6784612.50 114.80 
          266462.50 6784612.50 115.13 266487.50 6784612.50 115.45 266512.50 6784612.50 115.75 266537.50 6784612.50 116.05 
          266562.50 6784612.50 116.33 266587.50 6784612.50 116.60 266612.50 6784612.50 116.86 266637.50 6784612.50 117.11 
          266662.50 6784612.50 117.33 266687.50 6784612.50 117.55 266712.50 6784612.50 117.74 266737.50 6784612.50 117.92 
          266762.50 6784612.50 118.08 266787.50 6784612.50 118.23 266812.50 6784612.50 118.37 266837.50 6784612.50 118.49 
          266862.50 6784612.50 118.59 266887.50 6784612.50 118.68 266912.50 6784612.50 118.76 266937.50 6784612.50 118.83 
          266962.50 6784612.50 118.88 266987.50 6784612.50 118.92 267012.50 6784612.50 118.95 267037.50 6784612.50 118.97 
          267062.50 6784612.50 118.98 267087.50 6784612.50 118.98 264987.50 6784587.50 110.96 265012.50 6784587.50 110.95 
          265037.50 6784587.50 110.94 265062.50 6784587.50 110.93 265087.50 6784587.50 110.92 265112.50 6784587.50 110.89 
          265137.50 6784587.50 110.86 265162.50 6784587.50 110.81 265187.50 6784587.50 110.74 265212.50 6784587.50 110.66 
          265237.50 6784587.50 110.56 265262.50 6784587.50 110.45 265287.50 6784587.50 110.34 265312.50 6784587.50 110.21 
          265337.50 6784587.50 110.07 265362.50 6784587.50 109.93 265387.50 6784587.50 109.78 265412.50 6784587.50 109.62 
          265437.50 6784587.50 109.46 265462.50 6784587.50 109.29 265487.50 6784587.50 109.11 265512.50 6784587.50 108.94 
          265537.50 6784587.50 108.76 265562.50 6784587.50 108.60 265587.50 6784587.50 108.45 265612.50 6784587.50 108.31 
          265637.50 6784587.50 108.19 265662.50 6784587.50 108.08 265687.50 6784587.50 107.97 265712.50 6784587.50 107.88 
          265737.50 6784587.50 107.79 265762.50 6784587.50 107.70 265787.50 6784587.50 107.63 265812.50 6784587.50 107.56 
          265837.50 6784587.50 107.49 265862.50 6784587.50 107.42 265887.50 6784587.50 107.28 265912.50 6784587.50 106.73 
          265937.50 6784587.50 107.20 265962.50 6784587.50 107.45 265987.50 6784587.50 107.86 266012.50 6784587.50 108.28 
          266037.50 6784587.50 108.61 266062.50 6784587.50 108.94 266087.50 6784587.50 109.33 266112.50 6784587.50 109.74 
          266137.50 6784587.50 110.17 266162.50 6784587.50 110.60 266187.50 6784587.50 111.02 266212.50 6784587.50 111.43 
          266237.50 6784587.50 111.84 266262.50 6784587.50 112.24 266287.50 6784587.50 112.63 266312.50 6784587.50 113.01 
          266337.50 6784587.50 113.39 266362.50 6784587.50 113.76 266387.50 6784587.50 114.12 266412.50 6784587.50 114.48 
          266437.50 6784587.50 114.82 266462.50 6784587.50 115.15 266487.50 6784587.50 115.47 266512.50 6784587.50 115.78 
          266537.50 6784587.50 116.08 266562.50 6784587.50 116.37 266587.50 6784587.50 116.65 266612.50 6784587.50 116.91 
          266637.50 6784587.50 117.17 266662.50 6784587.50 117.40 266687.50 6784587.50 117.61 266712.50 6784587.50 117.82 
          266737.50 6784587.50 118.00 266762.50 6784587.50 118.16 266787.50 6784587.50 118.32 266812.50 6784587.50 118.46 
          266837.50 6784587.50 118.58 266862.50 6784587.50 118.69 266887.50 6784587.50 118.78 266912.50 6784587.50 118.86 
          266937.50 6784587.50 118.93 266962.50 6784587.50 118.98 266987.50 6784587.50 119.03 267012.50 6784587.50 119.06 
          267037.50 6784587.50 119.08 267062.50 6784587.50 119.09 267087.50 6784587.50 119.09 264987.50 6784562.50 110.59 
          265012.50 6784562.50 110.58 265037.50 6784562.50 110.57 265062.50 6784562.50 110.56 265087.50 6784562.50 110.54 
          265112.50 6784562.50 110.51 265137.50 6784562.50 110.47 265162.50 6784562.50 110.42 265187.50 6784562.50 110.35 
          265212.50 6784562.50 110.26 265237.50 6784562.50 110.15 265262.50 6784562.50 110.03 265287.50 6784562.50 109.91 
          265312.50 6784562.50 109.77 265337.50 6784562.50 109.62 265362.50 6784562.50 109.47 265387.50 6784562.50 109.32 
          265412.50 6784562.50 109.15 265437.50 6784562.50 108.98 265462.50 6784562.50 108.81 265487.50 6784562.50 108.63 
          265512.50 6784562.50 108.45 265537.50 6784562.50 108.27 265562.50 6784562.50 108.10 265587.50 6784562.50 107.96 
          265612.50 6784562.50 107.83 265637.50 6784562.50 107.71 265662.50 6784562.50 107.60 265687.50 6784562.50 107.50 
          265712.50 6784562.50 107.41 265737.50 6784562.50 107.33 265762.50 6784562.50 107.26 265787.50 6784562.50 107.19 
          265812.50 6784562.50 107.12 265837.50 6784562.50 107.05 265862.50 6784562.50 107.06 265887.50 6784562.50 107.11 
          265912.50 6784562.50 107.14 265937.50 6784562.50 107.36 265962.50 6784562.50 107.64 265987.50 6784562.50 107.98 
          266012.50 6784562.50 108.35 266037.50 6784562.50 108.70 266062.50 6784562.50 109.06 266087.50 6784562.50 109.45 
          266112.50 6784562.50 109.84 266137.50 6784562.50 110.26 266162.50 6784562.50 110.67 266187.50 6784562.50 111.09 
          266212.50 6784562.50 111.49 266237.50 6784562.50 111.90 266262.50 6784562.50 112.29 266287.50 6784562.50 112.68 
          266312.50 6784562.50 113.05 266337.50 6784562.50 113.42 266362.50 6784562.50 113.78 266387.50 6784562.50 114.14 
          266412.50 6784562.50 114.50 266437.50 6784562.50 114.84 266462.50 6784562.50 115.18 266487.50 6784562.50 115.50 
          266512.50 6784562.50 115.82 266537.50 6784562.50 116.12 266562.50 6784562.50 116.42 266587.50 6784562.50 116.70 
          266612.50 6784562.50 116.97 266637.50 6784562.50 117.23 266662.50 6784562.50 117.46 266687.50 6784562.50 117.68 
          266712.50 6784562.50 117.89 266737.50 6784562.50 118.08 266762.50 6784562.50 118.24 266787.50 6784562.50 118.40 
          266812.50 6784562.50 118.55 266837.50 6784562.50 118.67 266862.50 6784562.50 118.78 266887.50 6784562.50 118.88 
          266912.50 6784562.50 118.96 266937.50 6784562.50 119.03 266962.50 6784562.50 119.09 266987.50 6784562.50 119.13 
          267012.50 6784562.50 119.17 267037.50 6784562.50 119.19 267062.50 6784562.50 119.20 267087.50 6784562.50 119.20 
          264987.50 6784537.50 110.21 265012.50 6784537.50 110.21 265037.50 6784537.50 110.20 265062.50 6784537.50 110.18 
          265087.50 6784537.50 110.15 265112.50 6784537.50 110.12 265137.50 6784537.50 110.08 265162.50 6784537.50 110.02 
          265187.50 6784537.50 109.95 265212.50 6784537.50 109.85 265237.50 6784537.50 109.74 265262.50 6784537.50 109.61 
          265287.50 6784537.50 109.47 265312.50 6784537.50 109.32 265337.50 6784537.50 109.16 265362.50 6784537.50 109.00 
          265387.50 6784537.50 108.84 265412.50 6784537.50 108.67 265437.50 6784537.50 108.50 265462.50 6784537.50 108.32 
          265487.50 6784537.50 108.14 265512.50 6784537.50 107.96 265537.50 6784537.50 107.78 265562.50 6784537.50 107.62 
          265587.50 6784537.50 107.47 265612.50 6784537.50 107.34 265637.50 6784537.50 107.22 265662.50 6784537.50 107.12 
          265687.50 6784537.50 107.02 265712.50 6784537.50 106.94 265737.50 6784537.50 106.87 265762.50 6784537.50 106.81 
          265787.50 6784537.50 106.75 265812.50 6784537.50 106.68 265837.50 6784537.50 106.51 265862.50 6784537.50 106.61 
          265887.50 6784537.50 106.95 265912.50 6784537.50 107.17 265937.50 6784537.50 107.44 265962.50 6784537.50 107.74 
          265987.50 6784537.50 108.07 266012.50 6784537.50 108.43 266037.50 6784537.50 108.80 266062.50 6784537.50 109.15 
          266087.50 6784537.50 109.55 266112.50 6784537.50 109.94 266137.50 6784537.50 110.34 266162.50 6784537.50 110.75 
          266187.50 6784537.50 111.16 266212.50 6784537.50 111.56 266237.50 6784537.50 111.96 266262.50 6784537.50 112.35 
          266287.50 6784537.50 112.73 266312.50 6784537.50 113.10 266337.50 6784537.50 113.46 266362.50 6784537.50 113.82 
          266387.50 6784537.50 114.18 266412.50 6784537.50 114.53 266437.50 6784537.50 114.88 266462.50 6784537.50 115.22 
          266487.50 6784537.50 115.55 266512.50 6784537.50 115.86 266537.50 6784537.50 116.18 266562.50 6784537.50 116.47 
          266587.50 6784537.50 116.76 266612.50 6784537.50 117.03 266637.50 6784537.50 117.29 266662.50 6784537.50 117.53 
          266687.50 6784537.50 117.75 266712.50 6784537.50 117.96 266737.50 6784537.50 118.15 266762.50 6784537.50 118.33 
          266787.50 6784537.50 118.49 266812.50 6784537.50 118.63 266837.50 6784537.50 118.76 266862.50 6784537.50 118.87 
          266887.50 6784537.50 118.97 266912.50 6784537.50 119.06 266937.50 6784537.50 119.13 266962.50 6784537.50 119.19 
          266987.50 6784537.50 119.23 267012.50 6784537.50 119.27 267037.50 6784537.50 119.29 267062.50 6784537.50 119.30 
          267087.50 6784537.50 119.30 264987.50 6784512.50 109.84 265012.50 6784512.50 109.83 265037.50 6784512.50 109.82 
          265062.50 6784512.50 109.80 265087.50 6784512.50 109.77 265112.50 6784512.50 109.74 265137.50 6784512.50 109.69 
          265162.50 6784512.50 109.62 265187.50 6784512.50 109.54 265212.50 6784512.50 109.43 265237.50 6784512.50 109.31 
          265262.50 6784512.50 109.17 265287.50 6784512.50 109.03 265312.50 6784512.50 108.87 265337.50 6784512.50 108.70 
          265362.50 6784512.50 108.53 265387.50 6784512.50 108.36 265412.50 6784512.50 108.20 265437.50 6784512.50 108.02 
          265462.50 6784512.50 107.84 265487.50 6784512.50 107.65 265512.50 6784512.50 107.47 265537.50 6784512.50 107.30 
          265562.50 6784512.50 107.14 265587.50 6784512.50 106.99 265612.50 6784512.50 106.86 265637.50 6784512.50 106.74 
          265662.50 6784512.50 106.63 265687.50 6784512.50 106.54 265712.50 6784512.50 106.47 265737.50 6784512.50 106.41 
          265762.50 6784512.50 106.36 265787.50 6784512.50 106.33 265812.50 6784512.50 106.28 265837.50 6784512.50 106.02 
          265862.50 6784512.50 106.41 265887.50 6784512.50 106.84 265912.50 6784512.50 107.15 265937.50 6784512.50 107.47 
          265962.50 6784512.50 107.81 265987.50 6784512.50 108.15 266012.50 6784512.50 108.51 266037.50 6784512.50 108.88 
          266062.50 6784512.50 109.24 266087.50 6784512.50 109.63 266112.50 6784512.50 110.03 266137.50 6784512.50 110.43 
          266162.50 6784512.50 110.83 266187.50 6784512.50 111.23 266212.50 6784512.50 111.63 266237.50 6784512.50 112.02 
          266262.50 6784512.50 112.41 266287.50 6784512.50 112.79 266312.50 6784512.50 113.16 266337.50 6784512.50 113.52 
          266362.50 6784512.50 113.88 266387.50 6784512.50 114.23 266412.50 6784512.50 114.58 266437.50 6784512.50 114.93 
          266462.50 6784512.50 115.27 266487.50 6784512.50 115.60 266512.50 6784512.50 115.92 266537.50 6784512.50 116.23 
          266562.50 6784512.50 116.53 266587.50 6784512.50 116.82 266612.50 6784512.50 117.10 266637.50 6784512.50 117.35 
          266662.50 6784512.50 117.60 266687.50 6784512.50 117.82 266712.50 6784512.50 118.04 266737.50 6784512.50 118.23 
          266762.50 6784512.50 118.41 266787.50 6784512.50 118.57 266812.50 6784512.50 118.72 266837.50 6784512.50 118.85 
          266862.50 6784512.50 118.96 266887.50 6784512.50 119.06 266912.50 6784512.50 119.15 266937.50 6784512.50 119.22 
          266962.50 6784512.50 119.28 266987.50 6784512.50 119.33 267012.50 6784512.50 119.37 267037.50 6784512.50 119.39 
          267062.50 6784512.50 119.40 267087.50 6784512.50 119.40 264987.50 6784487.50 109.47 265012.50 6784487.50 109.45 
          265037.50 6784487.50 109.44 265062.50 6784487.50 109.42 265087.50 6784487.50 109.39 265112.50 6784487.50 109.35 
          265137.50 6784487.50 109.29 265162.50 6784487.50 109.22 265187.50 6784487.50 109.13 265212.50 6784487.50 109.01 
          265237.50 6784487.50 108.89 265262.50 6784487.50 108.74 265287.50 6784487.50 108.58 265312.50 6784487.50 108.42 
          265337.50 6784487.50 108.25 265362.50 6784487.50 108.07 265387.50 6784487.50 107.89 265412.50 6784487.50 107.72 
          265437.50 6784487.50 107.55 265462.50 6784487.50 107.37 265487.50 6784487.50 107.18 265512.50 6784487.50 106.99 
          265537.50 6784487.50 106.82 265562.50 6784487.50 106.67 265587.50 6784487.50 106.52 265612.50 6784487.50 106.38 
          265637.50 6784487.50 106.26 265662.50 6784487.50 106.15 265687.50 6784487.50 106.06 265712.50 6784487.50 105.99 
          265737.50 6784487.50 105.94 265762.50 6784487.50 105.91 265787.50 6784487.50 105.91 265812.50 6784487.50 106.00 
          265837.50 6784487.50 106.18 265862.50 6784487.50 106.47 265887.50 6784487.50 106.80 265912.50 6784487.50 107.14 
          265937.50 6784487.50 107.49 265962.50 6784487.50 107.86 265987.50 6784487.50 108.22 266012.50 6784487.50 108.59 
          266037.50 6784487.50 108.96 266062.50 6784487.50 109.33 266087.50 6784487.50 109.71 266112.50 6784487.50 110.11 
          266137.50 6784487.50 110.51 266162.50 6784487.50 110.91 266187.50 6784487.50 111.30 266212.50 6784487.50 111.70 
          266237.50 6784487.50 112.09 266262.50 6784487.50 112.48 266287.50 6784487.50 112.86 266312.50 6784487.50 113.23 
          266337.50 6784487.50 113.60 266362.50 6784487.50 113.95 266387.50 6784487.50 114.30 266412.50 6784487.50 114.64 
          266437.50 6784487.50 114.99 266462.50 6784487.50 115.33 266487.50 6784487.50 115.66 266512.50 6784487.50 115.98 
          266537.50 6784487.50 116.30 266562.50 6784487.50 116.60 266587.50 6784487.50 116.89 266612.50 6784487.50 117.16 
          266637.50 6784487.50 117.43 266662.50 6784487.50 117.67 266687.50 6784487.50 117.90 266712.50 6784487.50 118.11 
          266737.50 6784487.50 118.31 266762.50 6784487.50 118.49 266787.50 6784487.50 118.65 266812.50 6784487.50 118.80 
          266837.50 6784487.50 118.94 266862.50 6784487.50 119.05 266887.50 6784487.50 119.16 266912.50 6784487.50 119.24 
          266937.50 6784487.50 119.32 266962.50 6784487.50 119.38 266987.50 6784487.50 119.42 267012.50 6784487.50 119.46 
          267037.50 6784487.50 119.48 267062.50 6784487.50 119.50 267087.50 6784487.50 119.50 264987.50 6784462.50 109.08 
          265012.50 6784462.50 109.07 265037.50 6784462.50 109.06 265062.50 6784462.50 109.04 265087.50 6784462.50 109.01 
          265112.50 6784462.50 108.97 265137.50 6784462.50 108.90 265162.50 6784462.50 108.82 265187.50 6784462.50 108.72 
          265212.50 6784462.50 108.60 265237.50 6784462.50 108.46 265262.50 6784462.50 108.31 265287.50 6784462.50 108.14 
          265312.50 6784462.50 107.97 265337.50 6784462.50 107.80 265362.50 6784462.50 107.62 265387.50 6784462.50 107.43 
          265412.50 6784462.50 107.26 265437.50 6784462.50 107.08 265462.50 6784462.50 106.89 265487.50 6784462.50 106.71 
          265512.50 6784462.50 106.52 265537.50 6784462.50 106.35 265562.50 6784462.50 106.19 265587.50 6784462.50 106.05 
          265612.50 6784462.50 105.91 265637.50 6784462.50 105.78 265662.50 6784462.50 105.68 265687.50 6784462.50 105.59 
          265712.50 6784462.50 105.52 265737.50 6784462.50 105.46 265762.50 6784462.50 105.41 265787.50 6784462.50 105.32 
          265812.50 6784462.50 105.80 265837.50 6784462.50 106.11 265862.50 6784462.50 106.44 265887.50 6784462.50 106.78 
          265912.50 6784462.50 107.14 265937.50 6784462.50 107.51 265962.50 6784462.50 107.90 265987.50 6784462.50 108.28 
          266012.50 6784462.50 108.66 266037.50 6784462.50 109.03 266062.50 6784462.50 109.41 266087.50 6784462.50 109.80 
          266112.50 6784462.50 110.20 266137.50 6784462.50 110.59 266162.50 6784462.50 110.99 266187.50 6784462.50 111.38 
          266212.50 6784462.50 111.78 266237.50 6784462.50 112.16 266262.50 6784462.50 112.55 266287.50 6784462.50 112.94 
          266312.50 6784462.50 113.31 266337.50 6784462.50 113.68 266362.50 6784462.50 114.04 266387.50 6784462.50 114.38 
          266412.50 6784462.50 114.72 266437.50 6784462.50 115.06 266462.50 6784462.50 115.40 266487.50 6784462.50 115.73 
          266512.50 6784462.50 116.05 266537.50 6784462.50 116.37 266562.50 6784462.50 116.67 266587.50 6784462.50 116.96 
          266612.50 6784462.50 117.24 266637.50 6784462.50 117.50 266662.50 6784462.50 117.74 266687.50 6784462.50 117.98 
          266712.50 6784462.50 118.19 266737.50 6784462.50 118.39 266762.50 6784462.50 118.57 266787.50 6784462.50 118.74 
          266812.50 6784462.50 118.89 266837.50 6784462.50 119.02 266862.50 6784462.50 119.14 266887.50 6784462.50 119.24 
          266912.50 6784462.50 119.33 266937.50 6784462.50 119.41 266962.50 6784462.50 119.47 266987.50 6784462.50 119.51 
          267012.50 6784462.50 119.55 267037.50 6784462.50 119.57 267062.50 6784462.50 119.58 267087.50 6784462.50 119.58 
          264987.50 6784437.50 108.69 265012.50 6784437.50 108.68 265037.50 6784437.50 108.67 265062.50 6784437.50 108.65 
          265087.50 6784437.50 108.62 265112.50 6784437.50 108.57 265137.50 6784437.50 108.51 265162.50 6784437.50 108.42 
          265187.50 6784437.50 108.31 265212.50 6784437.50 108.18 265237.50 6784437.50 108.03 265262.50 6784437.50 107.88 
          265287.50 6784437.50 107.71 265312.50 6784437.50 107.54 265337.50 6784437.50 107.36 265362.50 6784437.50 107.18 
          265387.50 6784437.50 106.99 265412.50 6784437.50 106.80 265437.50 6784437.50 106.62 265462.50 6784437.50 106.43 
          265487.50 6784437.50 106.25 265512.50 6784437.50 106.06 265537.50 6784437.50 105.88 265562.50 6784437.50 105.72 
          265587.50 6784437.50 105.58 265612.50 6784437.50 105.44 265637.50 6784437.50 105.32 265662.50 6784437.50 105.22 
          265687.50 6784437.50 105.14 265712.50 6784437.50 105.06 265737.50 6784437.50 104.97 265762.50 6784437.50 104.82 
          265787.50 6784437.50 105.20 265812.50 6784437.50 105.66 265837.50 6784437.50 106.03 265862.50 6784437.50 106.39 
          265887.50 6784437.50 106.76 265912.50 6784437.50 107.14 265937.50 6784437.50 107.53 265962.50 6784437.50 107.93 
          265987.50 6784437.50 108.32 266012.50 6784437.50 108.71 266037.50 6784437.50 109.10 266062.50 6784437.50 109.48 
          266087.50 6784437.50 109.88 266112.50 6784437.50 110.28 266137.50 6784437.50 110.67 266162.50 6784437.50 111.06 
          266187.50 6784437.50 111.46 266212.50 6784437.50 111.86 266237.50 6784437.50 112.25 266262.50 6784437.50 112.64 
          266287.50 6784437.50 113.02 266312.50 6784437.50 113.40 266337.50 6784437.50 113.77 266362.50 6784437.50 114.12 
          266387.50 6784437.50 114.46 266412.50 6784437.50 114.80 266437.50 6784437.50 115.14 266462.50 6784437.50 115.48 
          266487.50 6784437.50 115.81 266512.50 6784437.50 116.13 266537.50 6784437.50 116.44 266562.50 6784437.50 116.75 
          266587.50 6784437.50 117.04 266612.50 6784437.50 117.32 266637.50 6784437.50 117.58 266662.50 6784437.50 117.82 
          266687.50 6784437.50 118.06 266712.50 6784437.50 118.27 266737.50 6784437.50 118.47 266762.50 6784437.50 118.66 
          266787.50 6784437.50 118.82 266812.50 6784437.50 118.97 266837.50 6784437.50 119.11 266862.50 6784437.50 119.23 
          266887.50 6784437.50 119.33 266912.50 6784437.50 119.42 266937.50 6784437.50 119.49 266962.50 6784437.50 119.55 
          266987.50 6784437.50 119.60 267012.50 6784437.50 119.63 267037.50 6784437.50 119.66 267062.50 6784437.50 119.67 
          267087.50 6784437.50 119.67 264987.50 6784412.50 108.29 265012.50 6784412.50 108.29 265037.50 6784412.50 108.28 
          265062.50 6784412.50 108.26 265087.50 6784412.50 108.23 265112.50 6784412.50 108.17 265137.50 6784412.50 108.10 
          265162.50 6784412.50 108.01 265187.50 6784412.50 107.89 265212.50 6784412.50 107.76 265237.50 6784412.50 107.61 
          265262.50 6784412.50 107.46 265287.50 6784412.50 107.29 265312.50 6784412.50 107.11 265337.50 6784412.50 106.93 
          265362.50 6784412.50 106.74 265387.50 6784412.50 106.55 265412.50 6784412.50 106.36 265437.50 6784412.50 106.17 
          265462.50 6784412.50 105.97 265487.50 6784412.50 105.78 265512.50 6784412.50 105.59 265537.50 6784412.50 105.42 
          265562.50 6784412.50 105.26 265587.50 6784412.50 105.11 265612.50 6784412.50 104.98 265637.50 6784412.50 104.87 
          265662.50 6784412.50 104.78 265687.50 6784412.50 104.70 265712.50 6784412.50 104.63 265737.50 6784412.50 104.42 
          265762.50 6784412.50 104.80 265787.50 6784412.50 105.19 265812.50 6784412.50 105.58 265837.50 6784412.50 105.96 
          265862.50 6784412.50 106.35 265887.50 6784412.50 106.75 265912.50 6784412.50 107.15 265937.50 6784412.50 107.55 
          265962.50 6784412.50 107.95 265987.50 6784412.50 108.36 266012.50 6784412.50 108.77 266037.50 6784412.50 109.17 
          266062.50 6784412.50 109.56 266087.50 6784412.50 109.96 266112.50 6784412.50 110.35 266137.50 6784412.50 110.74 
          266162.50 6784412.50 111.14 266187.50 6784412.50 111.54 266212.50 6784412.50 111.94 266237.50 6784412.50 112.33 
          266262.50 6784412.50 112.72 266287.50 6784412.50 113.11 266312.50 6784412.50 113.48 266337.50 6784412.50 113.85 
          266362.50 6784412.50 114.21 266387.50 6784412.50 114.56 266412.50 6784412.50 114.90 266437.50 6784412.50 115.24 
          266462.50 6784412.50 115.57 266487.50 6784412.50 115.89 266512.50 6784412.50 116.22 266537.50 6784412.50 116.53 
          266562.50 6784412.50 116.83 266587.50 6784412.50 117.12 266612.50 6784412.50 117.40 266637.50 6784412.50 117.66 
          266662.50 6784412.50 117.90 266687.50 6784412.50 118.14 266712.50 6784412.50 118.36 266737.50 6784412.50 118.56 
          266762.50 6784412.50 118.74 266787.50 6784412.50 118.90 266812.50 6784412.50 119.05 266837.50 6784412.50 119.19 
          266862.50 6784412.50 119.31 266887.50 6784412.50 119.41 266912.50 6784412.50 119.50 266937.50 6784412.50 119.58 
          266962.50 6784412.50 119.64 266987.50 6784412.50 119.68 267012.50 6784412.50 119.72 267037.50 6784412.50 119.74 
          267062.50 6784412.50 119.75 267087.50 6784412.50 119.75 264987.50 6784387.50 107.90 265012.50 6784387.50 107.90 
          265037.50 6784387.50 107.88 265062.50 6784387.50 107.87 265087.50 6784387.50 107.83 265112.50 6784387.50 107.77 
          265137.50 6784387.50 107.70 265162.50 6784387.50 107.60 265187.50 6784387.50 107.48 265212.50 6784387.50 107.35 
          265237.50 6784387.50 107.20 265262.50 6784387.50 107.04 265287.50 6784387.50 106.87 265312.50 6784387.50 106.68 
          265337.50 6784387.50 106.50 265362.50 6784387.50 106.30 265387.50 6784387.50 106.10 265412.50 6784387.50 105.91 
          265437.50 6784387.50 105.71 265462.50 6784387.50 105.50 265487.50 6784387.50 105.31 265512.50 6784387.50 105.13 
          265537.50 6784387.50 104.96 265562.50 6784387.50 104.80 265587.50 6784387.50 104.66 265612.50 6784387.50 104.53 
          265637.50 6784387.50 104.42 265662.50 6784387.50 104.34 265687.50 6784387.50 104.27 265712.50 6784387.50 104.21 
          265737.50 6784387.50 104.40 265762.50 6784387.50 104.77 265787.50 6784387.50 105.13 265812.50 6784387.50 105.52 
          265837.50 6784387.50 105.91 265862.50 6784387.50 106.31 265887.50 6784387.50 106.73 265912.50 6784387.50 107.15 
          265937.50 6784387.50 107.56 265962.50 6784387.50 107.98 265987.50 6784387.50 108.40 266012.50 6784387.50 108.82 
          266037.50 6784387.50 109.23 266062.50 6784387.50 109.63 266087.50 6784387.50 110.03 266112.50 6784387.50 110.42 
          266137.50 6784387.50 110.81 266162.50 6784387.50 111.22 266187.50 6784387.50 111.63 266212.50 6784387.50 112.03 
          266237.50 6784387.50 112.42 266262.50 6784387.50 112.81 266287.50 6784387.50 113.20 266312.50 6784387.50 113.58 
          266337.50 6784387.50 113.95 266362.50 6784387.50 114.31 266387.50 6784387.50 114.66 266412.50 6784387.50 115.00 
          266437.50 6784387.50 115.33 266462.50 6784387.50 115.66 266487.50 6784387.50 115.98 266512.50 6784387.50 116.31 
          266537.50 6784387.50 116.62 266562.50 6784387.50 116.92 266587.50 6784387.50 117.21 266612.50 6784387.50 117.49 
          266637.50 6784387.50 117.75 266662.50 6784387.50 117.99 266687.50 6784387.50 118.22 266712.50 6784387.50 118.44 
          266737.50 6784387.50 118.64 266762.50 6784387.50 118.82 266787.50 6784387.50 118.98 266812.50 6784387.50 119.14 
          266837.50 6784387.50 119.27 266862.50 6784387.50 119.39 266887.50 6784387.50 119.50 266912.50 6784387.50 119.58 
          266937.50 6784387.50 119.66 266962.50 6784387.50 119.72 266987.50 6784387.50 119.76 267012.50 6784387.50 119.79 
          267037.50 6784387.50 119.82 267062.50 6784387.50 119.82 267087.50 6784387.50 119.82 264987.50 6784362.50 107.51 
          265012.50 6784362.50 107.51 265037.50 6784362.50 107.49 265062.50 6784362.50 107.48 265087.50 6784362.50 107.44 
          265112.50 6784362.50 107.39 265137.50 6784362.50 107.31 265162.50 6784362.50 107.20 265187.50 6784362.50 107.08 
          265212.50 6784362.50 106.94 265237.50 6784362.50 106.79 265262.50 6784362.50 106.62 265287.50 6784362.50 106.45 
          265312.50 6784362.50 106.26 265337.50 6784362.50 106.07 265362.50 6784362.50 105.86 265387.50 6784362.50 105.67 
          265412.50 6784362.50 105.46 265437.50 6784362.50 105.25 265462.50 6784362.50 105.05 265487.50 6784362.50 104.87 
          265512.50 6784362.50 104.70 265537.50 6784362.50 104.52 265562.50 6784362.50 104.36 265587.50 6784362.50 104.21 
          265612.50 6784362.50 104.09 265637.50 6784362.50 103.99 265662.50 6784362.50 103.90 265687.50 6784362.50 103.72 
          265712.50 6784362.50 104.10 265737.50 6784362.50 104.39 265762.50 6784362.50 104.71 265787.50 6784362.50 105.07 
          265812.50 6784362.50 105.46 265837.50 6784362.50 105.86 265862.50 6784362.50 106.28 265887.50 6784362.50 106.71 
          265912.50 6784362.50 107.14 265937.50 6784362.50 107.57 265962.50 6784362.50 108.00 265987.50 6784362.50 108.44 
          266012.50 6784362.50 108.86 266037.50 6784362.50 109.28 266062.50 6784362.50 109.69 266087.50 6784362.50 110.09 
          266112.50 6784362.50 110.49 266137.50 6784362.50 110.89 266162.50 6784362.50 111.30 266187.50 6784362.50 111.71 
          266212.50 6784362.50 112.11 266237.50 6784362.50 112.51 266262.50 6784362.50 112.90 266287.50 6784362.50 113.29 
          266312.50 6784362.50 113.67 266337.50 6784362.50 114.05 266362.50 6784362.50 114.42 266387.50 6784362.50 114.77 
          266412.50 6784362.50 115.10 266437.50 6784362.50 115.44 266462.50 6784362.50 115.76 266487.50 6784362.50 116.08 
          266512.50 6784362.50 116.40 266537.50 6784362.50 116.71 266562.50 6784362.50 117.01 266587.50 6784362.50 117.30 
          266612.50 6784362.50 117.57 266637.50 6784362.50 117.83 266662.50 6784362.50 118.08 266687.50 6784362.50 118.30 
          266712.50 6784362.50 118.52 266737.50 6784362.50 118.72 266762.50 6784362.50 118.90 266787.50 6784362.50 119.06 
          266812.50 6784362.50 119.22 266837.50 6784362.50 119.35 266862.50 6784362.50 119.47 266887.50 6784362.50 119.58 
          266912.50 6784362.50 119.66 266937.50 6784362.50 119.73 266962.50 6784362.50 119.79 266987.50 6784362.50 119.84 
          267012.50 6784362.50 119.87 267037.50 6784362.50 119.89 267062.50 6784362.50 119.90 267087.50 6784362.50 119.90 
          264987.50 6784337.50 107.13 265012.50 6784337.50 107.12 265037.50 6784337.50 107.11 265062.50 6784337.50 107.09 
          265087.50 6784337.50 107.05 265112.50 6784337.50 106.99 265137.50 6784337.50 106.91 265162.50 6784337.50 106.81 
          265187.50 6784337.50 106.68 265212.50 6784337.50 106.54 265237.50 6784337.50 106.38 265262.50 6784337.50 106.21 
          265287.50 6784337.50 106.02 265312.50 6784337.50 105.83 265337.50 6784337.50 105.63 265362.50 6784337.50 105.43 
          265387.50 6784337.50 105.23 265412.50 6784337.50 105.02 265437.50 6784337.50 104.82 265462.50 6784337.50 104.63 
          265487.50 6784337.50 104.45 265512.50 6784337.50 104.27 265537.50 6784337.50 104.10 265562.50 6784337.50 103.93 
          265587.50 6784337.50 103.78 265612.50 6784337.50 103.64 265637.50 6784337.50 103.54 265662.50 6784337.50 103.41 
          265687.50 6784337.50 103.70 265712.50 6784337.50 104.00 265737.50 6784337.50 104.31 265762.50 6784337.50 104.64 
          265787.50 6784337.50 105.01 265812.50 6784337.50 105.40 265837.50 6784337.50 105.81 265862.50 6784337.50 106.24 
          265887.50 6784337.50 106.69 265912.50 6784337.50 107.13 265937.50 6784337.50 107.58 265962.50 6784337.50 108.02 
          265987.50 6784337.50 108.46 266012.50 6784337.50 108.90 266037.50 6784337.50 109.33 266062.50 6784337.50 109.75 
          266087.50 6784337.50 110.15 266112.50 6784337.50 110.56 266137.50 6784337.50 110.97 266162.50 6784337.50 111.38 
          266187.50 6784337.50 111.79 266212.50 6784337.50 112.19 266237.50 6784337.50 112.60 266262.50 6784337.50 113.00 
          266287.50 6784337.50 113.39 266312.50 6784337.50 113.78 266337.50 6784337.50 114.15 266362.50 6784337.50 114.52 
          266387.50 6784337.50 114.87 266412.50 6784337.50 115.21 266437.50 6784337.50 115.54 266462.50 6784337.50 115.87 
          266487.50 6784337.50 116.19 266512.50 6784337.50 116.50 266537.50 6784337.50 116.81 266562.50 6784337.50 117.11 
          266587.50 6784337.50 117.39 266612.50 6784337.50 117.66 266637.50 6784337.50 117.92 266662.50 6784337.50 118.16 
          266687.50 6784337.50 118.39 266712.50 6784337.50 118.60 266737.50 6784337.50 118.80 266762.50 6784337.50 118.98 
          266787.50 6784337.50 119.14 266812.50 6784337.50 119.29 266837.50 6784337.50 119.43 266862.50 6784337.50 119.55 
          266887.50 6784337.50 119.65 266912.50 6784337.50 119.74 266937.50 6784337.50 119.81 266962.50 6784337.50 119.86 
          266987.50 6784337.50 119.91 267012.50 6784337.50 119.94 267037.50 6784337.50 119.96 267062.50 6784337.50 119.96 
          267087.50 6784337.50 119.96 264987.50 6784312.50 106.77 265012.50 6784312.50 106.76 265037.50 6784312.50 106.74 
          265062.50 6784312.50 106.71 265087.50 6784312.50 106.66 265112.50 6784312.50 106.60 265137.50 6784312.50 106.52 
          265162.50 6784312.50 106.41 265187.50 6784312.50 106.28 265212.50 6784312.50 106.13 265237.50 6784312.50 105.98 
          265262.50 6784312.50 105.80 265287.50 6784312.50 105.61 265312.50 6784312.50 105.41 265337.50 6784312.50 105.20 
          265362.50 6784312.50 105.00 265387.50 6784312.50 104.80 265412.50 6784312.50 104.60 265437.50 6784312.50 104.40 
          265462.50 6784312.50 104.22 265487.50 6784312.50 104.04 265512.50 6784312.50 103.87 265537.50 6784312.50 103.69 
          265562.50 6784312.50 103.52 265587.50 6784312.50 103.35 265612.50 6784312.50 103.18 265637.50 6784312.50 103.01 
          265662.50 6784312.50 103.11 265687.50 6784312.50 103.54 265712.50 6784312.50 103.88 265737.50 6784312.50 104.21 
          265762.50 6784312.50 104.56 265787.50 6784312.50 104.94 265812.50 6784312.50 105.34 265837.50 6784312.50 105.77 
          265862.50 6784312.50 106.21 265887.50 6784312.50 106.66 265912.50 6784312.50 107.12 265937.50 6784312.50 107.58 
          265962.50 6784312.50 108.04 265987.50 6784312.50 108.49 266012.50 6784312.50 108.93 266037.50 6784312.50 109.37 
          266062.50 6784312.50 109.80 266087.50 6784312.50 110.21 266112.50 6784312.50 110.62 266137.50 6784312.50 111.04 
          266162.50 6784312.50 111.46 266187.50 6784312.50 111.87 266212.50 6784312.50 112.29 266237.50 6784312.50 112.70 
          266262.50 6784312.50 113.10 266287.50 6784312.50 113.50 266312.50 6784312.50 113.89 266337.50 6784312.50 114.26 
          266362.50 6784312.50 114.63 266387.50 6784312.50 114.98 266412.50 6784312.50 115.31 266437.50 6784312.50 115.65 
          266462.50 6784312.50 115.97 266487.50 6784312.50 116.29 266512.50 6784312.50 116.61 266537.50 6784312.50 116.91 
          266562.50 6784312.50 117.20 266587.50 6784312.50 117.48 266612.50 6784312.50 117.75 266637.50 6784312.50 118.00 
          266662.50 6784312.50 118.25 266687.50 6784312.50 118.47 266712.50 6784312.50 118.68 266737.50 6784312.50 118.88 
          266762.50 6784312.50 119.06 266787.50 6784312.50 119.22 266812.50 6784312.50 119.37 266837.50 6784312.50 119.50 
          266862.50 6784312.50 119.62 266887.50 6784312.50 119.73 266912.50 6784312.50 119.81 266937.50 6784312.50 119.88 
          266962.50 6784312.50 119.93 266987.50 6784312.50 119.97 267012.50 6784312.50 120.00 267037.50 6784312.50 120.02 
          267062.50 6784312.50 120.03 267087.50 6784312.50 120.03 264987.50 6784287.50 106.41 265012.50 6784287.50 106.40 
          265037.50 6784287.50 106.37 265062.50 6784287.50 106.34 265087.50 6784287.50 106.29 265112.50 6784287.50 106.22 
          265137.50 6784287.50 106.13 265162.50 6784287.50 106.02 265187.50 6784287.50 105.88 265212.50 6784287.50 105.74 
          265237.50 6784287.50 105.57 265262.50 6784287.50 105.39 265287.50 6784287.50 105.20 265312.50 6784287.50 105.00 
          265337.50 6784287.50 104.79 265362.50 6784287.50 104.59 265387.50 6784287.50 104.40 265412.50 6784287.50 104.20 
          265437.50 6784287.50 104.01 265462.50 6784287.50 103.83 265487.50 6784287.50 103.65 265512.50 6784287.50 103.47 
          265537.50 6784287.50 103.31 265562.50 6784287.50 103.13 265587.50 6784287.50 102.95 265612.50 6784287.50 102.61 
          265637.50 6784287.50 102.61 265662.50 6784287.50 103.05 265687.50 6784287.50 103.41 265712.50 6784287.50 103.76 
          265737.50 6784287.50 104.11 265762.50 6784287.50 104.48 265787.50 6784287.50 104.87 265812.50 6784287.50 105.28 
          265837.50 6784287.50 105.73 265862.50 6784287.50 106.18 265887.50 6784287.50 106.64 265912.50 6784287.50 107.10 
          265937.50 6784287.50 107.58 265962.50 6784287.50 108.04 265987.50 6784287.50 108.51 266012.50 6784287.50 108.96 
          266037.50 6784287.50 109.41 266062.50 6784287.50 109.85 266087.50 6784287.50 110.27 266112.50 6784287.50 110.69 
          266137.50 6784287.50 111.12 266162.50 6784287.50 111.54 266187.50 6784287.50 111.97 266212.50 6784287.50 112.39 
          266237.50 6784287.50 112.80 266262.50 6784287.50 113.21 266287.50 6784287.50 113.61 266312.50 6784287.50 113.99 
          266337.50 6784287.50 114.37 266362.50 6784287.50 114.73 266387.50 6784287.50 115.08 266412.50 6784287.50 115.42 
          266437.50 6784287.50 115.75 266462.50 6784287.50 116.08 266487.50 6784287.50 116.39 266512.50 6784287.50 116.70 
          266537.50 6784287.50 117.00 266562.50 6784287.50 117.29 266587.50 6784287.50 117.57 266612.50 6784287.50 117.83 
          266637.50 6784287.50 118.09 266662.50 6784287.50 118.33 266687.50 6784287.50 118.55 266712.50 6784287.50 118.76 
          266737.50 6784287.50 118.96 266762.50 6784287.50 119.13 266787.50 6784287.50 119.30 266812.50 6784287.50 119.44 
          266837.50 6784287.50 119.58 266862.50 6784287.50 119.69 266887.50 6784287.50 119.79 266912.50 6784287.50 119.87 
          266937.50 6784287.50 119.94 266962.50 6784287.50 120.00 266987.50 6784287.50 120.04 267012.50 6784287.50 120.06 
          267037.50 6784287.50 120.08 267062.50 6784287.50 120.09 267087.50 6784287.50 120.09 264987.50 6784262.50 106.04 
          265012.50 6784262.50 106.03 265037.50 6784262.50 106.01 265062.50 6784262.50 105.97 265087.50 6784262.50 105.92 
          265112.50 6784262.50 105.84 265137.50 6784262.50 105.75 265162.50 6784262.50 105.63 265187.50 6784262.50 105.50 
          265212.50 6784262.50 105.34 265237.50 6784262.50 105.17 265262.50 6784262.50 104.99 265287.50 6784262.50 104.79 
          265312.50 6784262.50 104.59 265337.50 6784262.50 104.39 265362.50 6784262.50 104.19 265387.50 6784262.50 104.00 
          265412.50 6784262.50 103.81 265437.50 6784262.50 103.62 265462.50 6784262.50 103.44 265487.50 6784262.50 103.26 
          265512.50 6784262.50 103.08 265537.50 6784262.50 102.91 265562.50 6784262.50 102.75 265587.50 6784262.50 102.62 
          265612.50 6784262.50 102.57 265637.50 6784262.50 102.61 265662.50 6784262.50 102.96 265687.50 6784262.50 103.30 
          265712.50 6784262.50 103.65 265737.50 6784262.50 104.01 265762.50 6784262.50 104.40 265787.50 6784262.50 104.80 
          265812.50 6784262.50 105.24 265837.50 6784262.50 105.68 265862.50 6784262.50 106.14 265887.50 6784262.50 106.60 
          265912.50 6784262.50 107.08 265937.50 6784262.50 107.57 265962.50 6784262.50 108.05 265987.50 6784262.50 108.52 
          266012.50 6784262.50 108.99 266037.50 6784262.50 109.44 266062.50 6784262.50 109.89 266087.50 6784262.50 110.32 
          266112.50 6784262.50 110.75 266137.50 6784262.50 111.19 266162.50 6784262.50 111.63 266187.50 6784262.50 112.06 
          266212.50 6784262.50 112.49 266237.50 6784262.50 112.91 266262.50 6784262.50 113.31 266287.50 6784262.50 113.71 
          266312.50 6784262.50 114.10 266337.50 6784262.50 114.47 266362.50 6784262.50 114.84 266387.50 6784262.50 115.19 
          266412.50 6784262.50 115.52 266437.50 6784262.50 115.86 266462.50 6784262.50 116.18 266487.50 6784262.50 116.49 
          266512.50 6784262.50 116.80 266537.50 6784262.50 117.10 266562.50 6784262.50 117.38 266587.50 6784262.50 117.66 
          266612.50 6784262.50 117.92 266637.50 6784262.50 118.17 266662.50 6784262.50 118.41 266687.50 6784262.50 118.63 
          266712.50 6784262.50 118.84 266737.50 6784262.50 119.03 266762.50 6784262.50 119.21 266787.50 6784262.50 119.37 
          266812.50 6784262.50 119.52 266837.50 6784262.50 119.65 266862.50 6784262.50 119.76 266887.50 6784262.50 119.86 
          266912.50 6784262.50 119.94 266937.50 6784262.50 120.00 266962.50 6784262.50 120.05 266987.50 6784262.50 120.10 
          267012.50 6784262.50 120.12 267037.50 6784262.50 120.14 267062.50 6784262.50 120.15 267087.50 6784262.50 120.15 
          264987.50 6784237.50 105.68 265012.50 6784237.50 105.66 265037.50 6784237.50 105.64 265062.50 6784237.50 105.60 
          265087.50 6784237.50 105.54 265112.50 6784237.50 105.47 265137.50 6784237.50 105.38 265162.50 6784237.50 105.26 
          265187.50 6784237.50 105.12 265212.50 6784237.50 104.96 265237.50 6784237.50 104.78 265262.50 6784237.50 104.60 
          265287.50 6784237.50 104.40 265312.50 6784237.50 104.20 265337.50 6784237.50 104.00 265362.50 6784237.50 103.81 
          265387.50 6784237.50 103.61 265412.50 6784237.50 103.43 265437.50 6784237.50 103.25 265462.50 6784237.50 103.07 
          265487.50 6784237.50 102.89 265512.50 6784237.50 102.72 265537.50 6784237.50 102.55 265562.50 6784237.50 102.37 
          265587.50 6784237.50 102.11 265612.50 6784237.50 102.33 265637.50 6784237.50 102.54 265662.50 6784237.50 102.84 
          265687.50 6784237.50 103.18 265712.50 6784237.50 103.54 265737.50 6784237.50 103.91 265762.50 6784237.50 104.32 
          265787.50 6784237.50 104.74 265812.50 6784237.50 105.18 265837.50 6784237.50 105.63 265862.50 6784237.50 106.09 
          265887.50 6784237.50 106.57 265912.50 6784237.50 107.05 265937.50 6784237.50 107.56 265962.50 6784237.50 108.05 
          265987.50 6784237.50 108.54 266012.50 6784237.50 109.01 266037.50 6784237.50 109.47 266062.50 6784237.50 109.93 
          266087.50 6784237.50 110.37 266112.50 6784237.50 110.82 266137.50 6784237.50 111.27 266162.50 6784237.50 111.72 
          266187.50 6784237.50 112.16 266212.50 6784237.50 112.59 266237.50 6784237.50 113.01 266262.50 6784237.50 113.42 
          266287.50 6784237.50 113.82 266312.50 6784237.50 114.20 266337.50 6784237.50 114.57 266362.50 6784237.50 114.94 
          266387.50 6784237.50 115.29 266412.50 6784237.50 115.62 266437.50 6784237.50 115.96 266462.50 6784237.50 116.28 
          266487.50 6784237.50 116.59 266512.50 6784237.50 116.89 266537.50 6784237.50 117.19 266562.50 6784237.50 117.47 
          266587.50 6784237.50 117.74 266612.50 6784237.50 118.01 266637.50 6784237.50 118.26 266662.50 6784237.50 118.49 
          266687.50 6784237.50 118.71 266712.50 6784237.50 118.92 266737.50 6784237.50 119.11 266762.50 6784237.50 119.28 
          266787.50 6784237.50 119.44 266812.50 6784237.50 119.58 266837.50 6784237.50 119.71 266862.50 6784237.50 119.82 
          266887.50 6784237.50 119.92 266912.50 6784237.50 120.00 266937.50 6784237.50 120.06 266962.50 6784237.50 120.11 
          266987.50 6784237.50 120.15 267012.50 6784237.50 120.18 267037.50 6784237.50 120.20 267062.50 6784237.50 120.21 
          267087.50 6784237.50 120.21 264987.50 6784212.50 105.33 265012.50 6784212.50 105.32 265037.50 6784212.50 105.29 
          265062.50 6784212.50 105.24 265087.50 6784212.50 105.19 265112.50 6784212.50 105.11 265137.50 6784212.50 105.02 
          265162.50 6784212.50 104.89 265187.50 6784212.50 104.75 265212.50 6784212.50 104.58 265237.50 6784212.50 104.41 
          265262.50 6784212.50 104.22 265287.50 6784212.50 104.02 265312.50 6784212.50 103.82 265337.50 6784212.50 103.62 
          265362.50 6784212.50 103.43 265387.50 6784212.50 103.25 265412.50 6784212.50 103.07 265437.50 6784212.50 102.89 
          265462.50 6784212.50 102.71 265487.50 6784212.50 102.53 265512.50 6784212.50 102.36 265537.50 6784212.50 102.18 
          265562.50 6784212.50 102.01 265587.50 6784212.50 101.81 265612.50 6784212.50 102.01 265637.50 6784212.50 102.36 
          265662.50 6784212.50 102.69 265687.50 6784212.50 103.05 265712.50 6784212.50 103.43 265737.50 6784212.50 103.81 
          265762.50 6784212.50 104.25 265787.50 6784212.50 104.69 265812.50 6784212.50 105.12 265837.50 6784212.50 105.58 
          265862.50 6784212.50 106.06 265887.50 6784212.50 106.54 265912.50 6784212.50 107.02 265937.50 6784212.50 107.54 
          265962.50 6784212.50 108.05 265987.50 6784212.50 108.55 266012.50 6784212.50 109.03 266037.50 6784212.50 109.50 
          266062.50 6784212.50 109.96 266087.50 6784212.50 110.42 266112.50 6784212.50 110.88 266137.50 6784212.50 111.34 
          266162.50 6784212.50 111.80 266187.50 6784212.50 112.24 266212.50 6784212.50 112.68 266237.50 6784212.50 113.11 
          266262.50 6784212.50 113.52 266287.50 6784212.50 113.92 266312.50 6784212.50 114.30 266337.50 6784212.50 114.67 
          266362.50 6784212.50 115.04 266387.50 6784212.50 115.38 266412.50 6784212.50 115.72 266437.50 6784212.50 116.05 
          266462.50 6784212.50 116.37 266487.50 6784212.50 116.68 266512.50 6784212.50 116.99 266537.50 6784212.50 117.28 
          266562.50 6784212.50 117.56 266587.50 6784212.50 117.83 266612.50 6784212.50 118.09 266637.50 6784212.50 118.34 
          266662.50 6784212.50 118.57 266687.50 6784212.50 118.79 266712.50 6784212.50 118.99 266737.50 6784212.50 119.18 
          266762.50 6784212.50 119.35 266787.50 6784212.50 119.51 266812.50 6784212.50 119.65 266837.50 6784212.50 119.77 
          266862.50 6784212.50 119.88 266887.50 6784212.50 119.97 266912.50 6784212.50 120.05 266937.50 6784212.50 120.11 
          266962.50 6784212.50 120.16 266987.50 6784212.50 120.21 267012.50 6784212.50 120.23 267037.50 6784212.50 120.25 
          267062.50 6784212.50 120.26 267087.50 6784212.50 120.26 264987.50 6784187.50 104.99 265012.50 6784187.50 104.98 
          265037.50 6784187.50 104.95 265062.50 6784187.50 104.91 265087.50 6784187.50 104.85 265112.50 6784187.50 104.77 
          265137.50 6784187.50 104.66 265162.50 6784187.50 104.53 265187.50 6784187.50 104.38 265212.50 6784187.50 104.22 
          265237.50 6784187.50 104.04 265262.50 6784187.50 103.85 265287.50 6784187.50 103.65 265312.50 6784187.50 103.45 
          265337.50 6784187.50 103.26 265362.50 6784187.50 103.07 265387.50 6784187.50 102.90 265412.50 6784187.50 102.72 
          265437.50 6784187.50 102.54 265462.50 6784187.50 102.36 265487.50 6784187.50 102.18 265512.50 6784187.50 102.00 
          265537.50 6784187.50 101.82 265562.50 6784187.50 101.63 265587.50 6784187.50 101.32 265612.50 6784187.50 101.84 
          265637.50 6784187.50 102.19 265662.50 6784187.50 102.54 265687.50 6784187.50 102.90 265712.50 6784187.50 103.31 
          265737.50 6784187.50 103.72 265762.50 6784187.50 104.16 265787.50 6784187.50 104.62 265812.50 6784187.50 105.08 
          265837.50 6784187.50 105.53 265862.50 6784187.50 106.02 265887.50 6784187.50 106.51 265912.50 6784187.50 107.01 
          265937.50 6784187.50 107.53 265962.50 6784187.50 108.05 265987.50 6784187.50 108.55 266012.50 6784187.50 109.04 
          266037.50 6784187.50 109.52 266062.50 6784187.50 110.00 266087.50 6784187.50 110.47 266112.50 6784187.50 110.94 
          266137.50 6784187.50 111.41 266162.50 6784187.50 111.88 266187.50 6784187.50 112.33 266212.50 6784187.50 112.77 
          266237.50 6784187.50 113.20 266262.50 6784187.50 113.61 266287.50 6784187.50 114.01 266312.50 6784187.50 114.40 
          266337.50 6784187.50 114.76 266362.50 6784187.50 115.12 266387.50 6784187.50 115.47 266412.50 6784187.50 115.81 
          266437.50 6784187.50 116.14 266462.50 6784187.50 116.46 266487.50 6784187.50 116.77 266512.50 6784187.50 117.07 
          266537.50 6784187.50 117.36 266562.50 6784187.50 117.64 266587.50 6784187.50 117.91 266612.50 6784187.50 118.17 
          266637.50 6784187.50 118.41 266662.50 6784187.50 118.64 266687.50 6784187.50 118.86 266712.50 6784187.50 119.06 
          266737.50 6784187.50 119.24 266762.50 6784187.50 119.41 266787.50 6784187.50 119.57 266812.50 6784187.50 119.71 
          266837.50 6784187.50 119.83 266862.50 6784187.50 119.94 266887.50 6784187.50 120.03 266912.50 6784187.50 120.10 
          266937.50 6784187.50 120.17 266962.50 6784187.50 120.22 266987.50 6784187.50 120.26 267012.50 6784187.50 120.29 
          267037.50 6784187.50 120.30 267062.50 6784187.50 120.31 267087.50 6784187.50 120.31 264987.50 6784162.50 104.68 
          265012.50 6784162.50 104.66 265037.50 6784162.50 104.63 265062.50 6784162.50 104.58 265087.50 6784162.50 104.52 
          265112.50 6784162.50 104.43 265137.50 6784162.50 104.32 265162.50 6784162.50 104.18 265187.50 6784162.50 104.03 
          265212.50 6784162.50 103.86 265237.50 6784162.50 103.67 265262.50 6784162.50 103.48 265287.50 6784162.50 103.29 
          265312.50 6784162.50 103.09 265337.50 6784162.50 102.91 265362.50 6784162.50 102.73 265387.50 6784162.50 102.56 
          265412.50 6784162.50 102.38 265437.50 6784162.50 102.20 265462.50 6784162.50 102.02 265487.50 6784162.50 101.83 
          265512.50 6784162.50 101.64 265537.50 6784162.50 101.46 265562.50 6784162.50 101.21 265587.50 6784162.50 101.40 
          265612.50 6784162.50 101.70 265637.50 6784162.50 102.03 265662.50 6784162.50 102.38 265687.50 6784162.50 102.77 
          265712.50 6784162.50 103.18 265737.50 6784162.50 103.62 265762.50 6784162.50 104.08 265787.50 6784162.50 104.55 
          265812.50 6784162.50 105.02 265837.50 6784162.50 105.48 265862.50 6784162.50 105.98 265887.50 6784162.50 106.49 
          265912.50 6784162.50 107.00 265937.50 6784162.50 107.52 265962.50 6784162.50 108.05 265987.50 6784162.50 108.55 
          266012.50 6784162.50 109.05 266037.50 6784162.50 109.54 266062.50 6784162.50 110.03 266087.50 6784162.50 110.52 
          266112.50 6784162.50 111.00 266137.50 6784162.50 111.48 266162.50 6784162.50 111.95 266187.50 6784162.50 112.41 
          266212.50 6784162.50 112.86 266237.50 6784162.50 113.29 266262.50 6784162.50 113.70 266287.50 6784162.50 114.10 
          266312.50 6784162.50 114.48 266337.50 6784162.50 114.85 266362.50 6784162.50 115.20 266387.50 6784162.50 115.55 
          266412.50 6784162.50 115.90 266437.50 6784162.50 116.23 266462.50 6784162.50 116.55 266487.50 6784162.50 116.86 
          266512.50 6784162.50 117.16 266537.50 6784162.50 117.44 266562.50 6784162.50 117.73 266587.50 6784162.50 117.99 
          266612.50 6784162.50 118.25 266637.50 6784162.50 118.49 266662.50 6784162.50 118.72 266687.50 6784162.50 118.93 
          266712.50 6784162.50 119.13 266737.50 6784162.50 119.31 266762.50 6784162.50 119.47 266787.50 6784162.50 119.62 
          266812.50 6784162.50 119.76 266837.50 6784162.50 119.88 266862.50 6784162.50 119.99 266887.50 6784162.50 120.08 
          266912.50 6784162.50 120.15 266937.50 6784162.50 120.21 266962.50 6784162.50 120.26 266987.50 6784162.50 120.31 
          267012.50 6784162.50 120.33 267037.50 6784162.50 120.35 267062.50 6784162.50 120.36 267087.50 6784162.50 120.36 
          264987.50 6784137.50 104.37 265012.50 6784137.50 104.35 265037.50 6784137.50 104.31 265062.50 6784137.50 104.26 
          265087.50 6784137.50 104.19 265112.50 6784137.50 104.10 265137.50 6784137.50 103.98 265162.50 6784137.50 103.84 
          265187.50 6784137.50 103.68 265212.50 6784137.50 103.51 265237.50 6784137.50 103.32 265262.50 6784137.50 103.13 
          265287.50 6784137.50 102.94 265312.50 6784137.50 102.76 265337.50 6784137.50 102.58 265362.50 6784137.50 102.41 
          265387.50 6784137.50 102.24 265412.50 6784137.50 102.06 265437.50 6784137.50 101.88 265462.50 6784137.50 101.68 
          265487.50 6784137.50 101.49 265512.50 6784137.50 101.28 265537.50 6784137.50 101.09 265562.50 6784137.50 100.91 
          265587.50 6784137.50 101.22 265612.50 6784137.50 101.51 265637.50 6784137.50 101.85 265662.50 6784137.50 102.22 
          265687.50 6784137.50 102.64 265712.50 6784137.50 103.06 265737.50 6784137.50 103.51 265762.50 6784137.50 103.99 
          265787.50 6784137.50 104.48 265812.50 6784137.50 104.96 265837.50 6784137.50 105.43 265862.50 6784137.50 105.94 
          265887.50 6784137.50 106.45 265912.50 6784137.50 106.98 265937.50 6784137.50 107.51 265962.50 6784137.50 108.04 
          265987.50 6784137.50 108.55 266012.50 6784137.50 109.06 266037.50 6784137.50 109.56 266062.50 6784137.50 110.06 
          266087.50 6784137.50 110.56 266112.50 6784137.50 111.06 266137.50 6784137.50 111.55 266162.50 6784137.50 112.03 
          266187.50 6784137.50 112.49 266212.50 6784137.50 112.94 266237.50 6784137.50 113.37 266262.50 6784137.50 113.79 
          266287.50 6784137.50 114.18 266312.50 6784137.50 114.56 266337.50 6784137.50 114.92 266362.50 6784137.50 115.28 
          266387.50 6784137.50 115.63 266412.50 6784137.50 115.98 266437.50 6784137.50 116.31 266462.50 6784137.50 116.63 
          266487.50 6784137.50 116.94 266512.50 6784137.50 117.23 266537.50 6784137.50 117.52 266562.50 6784137.50 117.80 
          266587.50 6784137.50 118.07 266612.50 6784137.50 118.32 266637.50 6784137.50 118.56 266662.50 6784137.50 118.78 
          266687.50 6784137.50 118.99 266712.50 6784137.50 119.18 266737.50 6784137.50 119.36 266762.50 6784137.50 119.53 
          266787.50 6784137.50 119.67 266812.50 6784137.50 119.81 266837.50 6784137.50 119.93 266862.50 6784137.50 120.03 
          266887.50 6784137.50 120.12 266912.50 6784137.50 120.19 266937.50 6784137.50 120.26 266962.50 6784137.50 120.31 
          266987.50 6784137.50 120.35 267012.50 6784137.50 120.38 267037.50 6784137.50 120.39 267062.50 6784137.50 120.40 
          267087.50 6784137.50 120.40 264987.50 6784112.50 104.07 265012.50 6784112.50 104.05 265037.50 6784112.50 104.01 
          265062.50 6784112.50 103.95 265087.50 6784112.50 103.88 265112.50 6784112.50 103.78 265137.50 6784112.50 103.65 
          265162.50 6784112.50 103.51 265187.50 6784112.50 103.34 265212.50 6784112.50 103.17 265237.50 6784112.50 102.98 
          265262.50 6784112.50 102.80 265287.50 6784112.50 102.62 265312.50 6784112.50 102.44 265337.50 6784112.50 102.28 
          265362.50 6784112.50 102.11 265387.50 6784112.50 101.94 265412.50 6784112.50 101.76 265437.50 6784112.50 101.57 
          265462.50 6784112.50 101.36 265487.50 6784112.50 101.14 265512.50 6784112.50 100.90 265537.50 6784112.50 100.61 
          265562.50 6784112.50 100.76 265587.50 6784112.50 100.99 265612.50 6784112.50 101.30 265637.50 6784112.50 101.67 
          265662.50 6784112.50 102.07 265687.50 6784112.50 102.50 265712.50 6784112.50 102.95 265737.50 6784112.50 103.41 
          265762.50 6784112.50 103.91 265787.50 6784112.50 104.40 265812.50 6784112.50 104.90 265837.50 6784112.50 105.39 
          265862.50 6784112.50 105.91 265887.50 6784112.50 106.43 265912.50 6784112.50 106.96 265937.50 6784112.50 107.50 
          265962.50 6784112.50 108.03 265987.50 6784112.50 108.55 266012.50 6784112.50 109.07 266037.50 6784112.50 109.59 
          266062.50 6784112.50 110.10 266087.50 6784112.50 110.61 266112.50 6784112.50 111.12 266137.50 6784112.50 111.61 
          266162.50 6784112.50 112.09 266187.50 6784112.50 112.56 266212.50 6784112.50 113.01 266237.50 6784112.50 113.44 
          266262.50 6784112.50 113.85 266287.50 6784112.50 114.24 266312.50 6784112.50 114.62 266337.50 6784112.50 115.00 
          266362.50 6784112.50 115.36 266387.50 6784112.50 115.71 266412.50 6784112.50 116.05 266437.50 6784112.50 116.38 
          266462.50 6784112.50 116.70 266487.50 6784112.50 117.01 266512.50 6784112.50 117.31 266537.50 6784112.50 117.59 
          266562.50 6784112.50 117.87 266587.50 6784112.50 118.13 266612.50 6784112.50 118.38 266637.50 6784112.50 118.62 
          266662.50 6784112.50 118.84 266687.50 6784112.50 119.04 266712.50 6784112.50 119.23 266737.50 6784112.50 119.41 
          266762.50 6784112.50 119.57 266787.50 6784112.50 119.72 266812.50 6784112.50 119.85 266837.50 6784112.50 119.97 
          266862.50 6784112.50 120.07 266887.50 6784112.50 120.16 266912.50 6784112.50 120.24 266937.50 6784112.50 120.30 
          266962.50 6784112.50 120.35 266987.50 6784112.50 120.39 267012.50 6784112.50 120.42 267037.50 6784112.50 120.44 
          267062.50 6784112.50 120.45 267087.50 6784112.50 120.45 264987.50 6784087.50 103.79 265012.50 6784087.50 103.77 
          265037.50 6784087.50 103.73 265062.50 6784087.50 103.66 265087.50 6784087.50 103.58 265112.50 6784087.50 103.47 
          265137.50 6784087.50 103.34 265162.50 6784087.50 103.18 265187.50 6784087.50 103.01 265212.50 6784087.50 102.84 
          265237.50 6784087.50 102.66 265262.50 6784087.50 102.48 265287.50 6784087.50 102.30 265312.50 6784087.50 102.14 
          265337.50 6784087.50 101.98 265362.50 6784087.50 101.82 265387.50 6784087.50 101.65 265412.50 6784087.50 101.46 
          265437.50 6784087.50 101.26 265462.50 6784087.50 101.05 265487.50 6784087.50 100.82 265512.50 6784087.50 100.51 
          265537.50 6784087.50 100.45 265562.50 6784087.50 100.40 265587.50 6784087.50 100.64 265612.50 6784087.50 101.03 
          265637.50 6784087.50 101.46 265662.50 6784087.50 101.92 265687.50 6784087.50 102.38 265712.50 6784087.50 102.84 
          265737.50 6784087.50 103.32 265762.50 6784087.50 103.84 265787.50 6784087.50 104.33 265812.50 6784087.50 104.84 
          265837.50 6784087.50 105.36 265862.50 6784087.50 105.88 265887.50 6784087.50 106.41 265912.50 6784087.50 106.95 
          265937.50 6784087.50 107.49 265962.50 6784087.50 108.02 265987.50 6784087.50 108.55 266012.50 6784087.50 109.09 
          266037.50 6784087.50 109.62 266062.50 6784087.50 110.14 266087.50 6784087.50 110.66 266112.50 6784087.50 111.17 
          266137.50 6784087.50 111.67 266162.50 6784087.50 112.16 266187.50 6784087.50 112.63 266212.50 6784087.50 113.07 
          266237.50 6784087.50 113.50 266262.50 6784087.50 113.91 266287.50 6784087.50 114.31 266312.50 6784087.50 114.69 
          266337.50 6784087.50 115.06 266362.50 6784087.50 115.42 266387.50 6784087.50 115.77 266412.50 6784087.50 116.12 
          266437.50 6784087.50 116.45 266462.50 6784087.50 116.77 266487.50 6784087.50 117.07 266512.50 6784087.50 117.37 
          266537.50 6784087.50 117.66 266562.50 6784087.50 117.93 266587.50 6784087.50 118.19 266612.50 6784087.50 118.43 
          266637.50 6784087.50 118.67 266662.50 6784087.50 118.89 266687.50 6784087.50 119.09 266712.50 6784087.50 119.28 
          266737.50 6784087.50 119.45 266762.50 6784087.50 119.62 266787.50 6784087.50 119.76 266812.50 6784087.50 119.89 
          266837.50 6784087.50 120.01 266862.50 6784087.50 120.11 266887.50 6784087.50 120.20 266912.50 6784087.50 120.28 
          266937.50 6784087.50 120.34 266962.50 6784087.50 120.39 266987.50 6784087.50 120.43 267012.50 6784087.50 120.46 
          267037.50 6784087.50 120.48 267062.50 6784087.50 120.48 267087.50 6784087.50 120.48 264987.50 6784062.50 103.53 
          265012.50 6784062.50 103.50 265037.50 6784062.50 103.45 265062.50 6784062.50 103.38 265087.50 6784062.50 103.29 
          265112.50 6784062.50 103.18 265137.50 6784062.50 103.04 265162.50 6784062.50 102.88 265187.50 6784062.50 102.70 
          265212.50 6784062.50 102.53 265237.50 6784062.50 102.35 265262.50 6784062.50 102.17 265287.50 6784062.50 102.00 
          265312.50 6784062.50 101.85 265337.50 6784062.50 101.69 265362.50 6784062.50 101.53 265387.50 6784062.50 101.36 
          265412.50 6784062.50 101.17 265437.50 6784062.50 100.97 265462.50 6784062.50 100.76 265487.50 6784062.50 100.54 
          265512.50 6784062.50 100.30 265537.50 6784062.50 100.14 265562.50 6784062.50 99.91 265587.50 6784062.50 100.02 
          265612.50 6784062.50 100.74 265637.50 6784062.50 101.27 265662.50 6784062.50 101.77 265687.50 6784062.50 102.26 
          265712.50 6784062.50 102.74 265737.50 6784062.50 103.25 265762.50 6784062.50 103.77 265787.50 6784062.50 104.28 
          265812.50 6784062.50 104.80 265837.50 6784062.50 105.32 265862.50 6784062.50 105.86 265887.50 6784062.50 106.40 
          265912.50 6784062.50 106.94 265937.50 6784062.50 107.48 265962.50 6784062.50 108.02 265987.50 6784062.50 108.56 
          266012.50 6784062.50 109.10 266037.50 6784062.50 109.65 266062.50 6784062.50 110.18 266087.50 6784062.50 110.71 
          266112.50 6784062.50 111.23 266137.50 6784062.50 111.73 266162.50 6784062.50 112.22 266187.50 6784062.50 112.68 
          266212.50 6784062.50 113.13 266237.50 6784062.50 113.56 266262.50 6784062.50 113.97 266287.50 6784062.50 114.37 
          266312.50 6784062.50 114.75 266337.50 6784062.50 115.12 266362.50 6784062.50 115.49 266387.50 6784062.50 115.83 
          266412.50 6784062.50 116.18 266437.50 6784062.50 116.50 266462.50 6784062.50 116.83 266487.50 6784062.50 117.13 
          266512.50 6784062.50 117.43 266537.50 6784062.50 117.71 266562.50 6784062.50 117.98 266587.50 6784062.50 118.23 
          266612.50 6784062.50 118.48 266637.50 6784062.50 118.71 266662.50 6784062.50 118.93 266687.50 6784062.50 119.13 
          266712.50 6784062.50 119.32 266737.50 6784062.50 119.49 266762.50 6784062.50 119.65 266787.50 6784062.50 119.80 
          266812.50 6784062.50 119.93 266837.50 6784062.50 120.04 266862.50 6784062.50 120.15 266887.50 6784062.50 120.24 
          266912.50 6784062.50 120.31 266937.50 6784062.50 120.38 266962.50 6784062.50 120.43 266987.50 6784062.50 120.47 
          267012.50 6784062.50 120.50 267037.50 6784062.50 120.52 267062.50 6784062.50 120.52 267087.50 6784062.50 120.52 
          264987.50 6784037.50 103.28 265012.50 6784037.50 103.26 265037.50 6784037.50 103.21 265062.50 6784037.50 103.13 
          265087.50 6784037.50 103.03 265112.50 6784037.50 102.91 265137.50 6784037.50 102.75 265162.50 6784037.50 102.59 
          265187.50 6784037.50 102.41 265212.50 6784037.50 102.23 265237.50 6784037.50 102.05 265262.50 6784037.50 101.88 
          265287.50 6784037.50 101.72 265312.50 6784037.50 101.56 265337.50 6784037.50 101.41 265362.50 6784037.50 101.24 
          265387.50 6784037.50 101.07 265412.50 6784037.50 100.89 265437.50 6784037.50 100.69 265462.50 6784037.50 100.50 
          265487.50 6784037.50 100.29 265512.50 6784037.50 100.06 265537.50 6784037.50 99.80 265562.50 6784037.50 99.42 
          265587.50 6784037.50 100.02 265612.50 6784037.50 100.58 265637.50 6784037.50 101.12 265662.50 6784037.50 101.63 
          265687.50 6784037.50 102.14 265712.50 6784037.50 102.66 265737.50 6784037.50 103.18 265762.50 6784037.50 103.71 
          265787.50 6784037.50 104.23 265812.50 6784037.50 104.76 265837.50 6784037.50 105.30 265862.50 6784037.50 105.84 
          265887.50 6784037.50 106.39 265912.50 6784037.50 106.93 265937.50 6784037.50 107.48 265962.50 6784037.50 108.02 
          265987.50 6784037.50 108.57 266012.50 6784037.50 109.12 266037.50 6784037.50 109.68 266062.50 6784037.50 110.22 
          266087.50 6784037.50 110.76 266112.50 6784037.50 111.29 266137.50 6784037.50 111.78 266162.50 6784037.50 112.26 
          266187.50 6784037.50 112.73 266212.50 6784037.50 113.18 266237.50 6784037.50 113.61 266262.50 6784037.50 114.02 
          266287.50 6784037.50 114.42 266312.50 6784037.50 114.80 266337.50 6784037.50 115.18 266362.50 6784037.50 115.54 
          266387.50 6784037.50 115.89 266412.50 6784037.50 116.23 266437.50 6784037.50 116.56 266462.50 6784037.50 116.88 
          266487.50 6784037.50 117.18 266512.50 6784037.50 117.48 266537.50 6784037.50 117.76 266562.50 6784037.50 118.02 
          266587.50 6784037.50 118.27 266612.50 6784037.50 118.52 266637.50 6784037.50 118.74 266662.50 6784037.50 118.96 
          266687.50 6784037.50 119.16 266712.50 6784037.50 119.35 266737.50 6784037.50 119.53 266762.50 6784037.50 119.69 
          266787.50 6784037.50 119.83 266812.50 6784037.50 119.96 266837.50 6784037.50 120.07 266862.50 6784037.50 120.18 
          266887.50 6784037.50 120.27 266912.50 6784037.50 120.35 266937.50 6784037.50 120.41 266962.50 6784037.50 120.46 
          266987.50 6784037.50 120.50 267012.50 6784037.50 120.53 267037.50 6784037.50 120.55 267062.50 6784037.50 120.56 
          267087.50 6784037.50 120.56 264987.50 6784012.50 103.06 265012.50 6784012.50 103.04 265037.50 6784012.50 102.98 
          265062.50 6784012.50 102.90 265087.50 6784012.50 102.79 265112.50 6784012.50 102.66 265137.50 6784012.50 102.50 
          265162.50 6784012.50 102.33 265187.50 6784012.50 102.15 265212.50 6784012.50 101.96 265237.50 6784012.50 101.78 
          265262.50 6784012.50 101.60 265287.50 6784012.50 101.44 265312.50 6784012.50 101.29 265337.50 6784012.50 101.13 
          265362.50 6784012.50 100.97 265387.50 6784012.50 100.80 265412.50 6784012.50 100.62 265437.50 6784012.50 100.43 
          265462.50 6784012.50 100.24 265487.50 6784012.50 100.04 265512.50 6784012.50 99.83 265537.50 6784012.50 99.60 
          265562.50 6784012.50 99.22 265587.50 6784012.50 99.90 265612.50 6784012.50 100.45 265637.50 6784012.50 100.99 
          265662.50 6784012.50 101.52 265687.50 6784012.50 102.05 265712.50 6784012.50 102.58 265737.50 6784012.50 103.12 
          265762.50 6784012.50 103.66 265787.50 6784012.50 104.19 265812.50 6784012.50 104.73 265837.50 6784012.50 105.27 
          265862.50 6784012.50 105.83 265887.50 6784012.50 106.38 265912.50 6784012.50 106.93 265937.50 6784012.50 107.48 
          265962.50 6784012.50 108.03 265987.50 6784012.50 108.58 266012.50 6784012.50 109.15 266037.50 6784012.50 109.70 
          266062.50 6784012.50 110.26 266087.50 6784012.50 110.81 266112.50 6784012.50 111.33 266137.50 6784012.50 111.83 
          266162.50 6784012.50 112.31 266187.50 6784012.50 112.78 266212.50 6784012.50 113.23 266237.50 6784012.50 113.65 
          266262.50 6784012.50 114.07 266287.50 6784012.50 114.47 266312.50 6784012.50 114.85 266337.50 6784012.50 115.22 
          266362.50 6784012.50 115.58 266387.50 6784012.50 115.93 266412.50 6784012.50 116.27 266437.50 6784012.50 116.60 
          266462.50 6784012.50 116.92 266487.50 6784012.50 117.22 266512.50 6784012.50 117.52 266537.50 6784012.50 117.79 
          266562.50 6784012.50 118.06 266587.50 6784012.50 118.31 266612.50 6784012.50 118.55 266637.50 6784012.50 118.77 
          266662.50 6784012.50 118.99 266687.50 6784012.50 119.19 266712.50 6784012.50 119.38 266737.50 6784012.50 119.56 
          266762.50 6784012.50 119.71 266787.50 6784012.50 119.85 266812.50 6784012.50 119.98 266837.50 6784012.50 120.10 
          266862.50 6784012.50 120.21 266887.50 6784012.50 120.30 266912.50 6784012.50 120.38 266937.50 6784012.50 120.44 
          266962.50 6784012.50 120.50 266987.50 6784012.50 120.54 267012.50 6784012.50 120.56 267037.50 6784012.50 120.58 
          267062.50 6784012.50 120.59 267087.50 6784012.50 120.59 264987.50 6783987.50 102.87 265012.50 6783987.50 102.84 
          265037.50 6783987.50 102.79 265062.50 6783987.50 102.70 265087.50 6783987.50 102.58 265112.50 6783987.50 102.44 
          265137.50 6783987.50 102.27 265162.50 6783987.50 102.10 265187.50 6783987.50 101.90 265212.50 6783987.50 101.71 
          265237.50 6783987.50 101.51 265262.50 6783987.50 101.33 265287.50 6783987.50 101.17 265312.50 6783987.50 101.01 
          265337.50 6783987.50 100.85 265362.50 6783987.50 100.69 265387.50 6783987.50 100.53 265412.50 6783987.50 100.35 
          265437.50 6783987.50 100.17 265462.50 6783987.50 99.99 265487.50 6783987.50 99.79 265512.50 6783987.50 99.60 
          265537.50 6783987.50 99.40 265562.50 6783987.50 99.22 265587.50 6783987.50 99.83 265612.50 6783987.50 100.35 
          265637.50 6783987.50 100.89 265662.50 6783987.50 101.44 265687.50 6783987.50 101.98 265712.50 6783987.50 102.52 
          265737.50 6783987.50 103.07 265762.50 6783987.50 103.61 265787.50 6783987.50 104.16 265812.50 6783987.50 104.71 
          265837.50 6783987.50 105.26 265862.50 6783987.50 105.82 265887.50 6783987.50 106.38 265912.50 6783987.50 106.94 
          265937.50 6783987.50 107.49 265962.50 6783987.50 108.04 265987.50 6783987.50 108.59 266012.50 6783987.50 109.16 
          266037.50 6783987.50 109.73 266062.50 6783987.50 110.29 266087.50 6783987.50 110.84 266112.50 6783987.50 111.36 
          266137.50 6783987.50 111.87 266162.50 6783987.50 112.35 266187.50 6783987.50 112.82 266212.50 6783987.50 113.26 
          266237.50 6783987.50 113.69 266262.50 6783987.50 114.11 266287.50 6783987.50 114.51 266312.50 6783987.50 114.89 
          266337.50 6783987.50 115.26 266362.50 6783987.50 115.62 266387.50 6783987.50 115.97 266412.50 6783987.50 116.31 
          266437.50 6783987.50 116.63 266462.50 6783987.50 116.95 266487.50 6783987.50 117.26 266512.50 6783987.50 117.55 
          266537.50 6783987.50 117.82 266562.50 6783987.50 118.08 266587.50 6783987.50 118.33 266612.50 6783987.50 118.57 
          266637.50 6783987.50 118.80 266662.50 6783987.50 119.01 266687.50 6783987.50 119.22 266712.50 6783987.50 119.40 
          266737.50 6783987.50 119.58 266762.50 6783987.50 119.74 266787.50 6783987.50 119.88 266812.50 6783987.50 120.01 
          266837.50 6783987.50 120.12 266862.50 6783987.50 120.23 266887.50 6783987.50 120.32 266912.50 6783987.50 120.40 
          266937.50 6783987.50 120.47 266962.50 6783987.50 120.52 266987.50 6783987.50 120.56 267012.50 6783987.50 120.59 
          267037.50 6783987.50 120.61 267062.50 6783987.50 120.62 267087.50 6783987.50 120.62 264987.50 6783962.50 102.71 
          265012.50 6783962.50 102.67 265037.50 6783962.50 102.61 265062.50 6783962.50 102.53 265087.50 6783962.50 102.41 
          265112.50 6783962.50 102.26 265137.50 6783962.50 102.08 265162.50 6783962.50 101.89 265187.50 6783962.50 101.68 
          265212.50 6783962.50 101.46 265237.50 6783962.50 101.24 265262.50 6783962.50 101.07 265287.50 6783962.50 100.90 
          265312.50 6783962.50 100.74 265337.50 6783962.50 100.58 265362.50 6783962.50 100.42 265387.50 6783962.50 100.26 
          265412.50 6783962.50 100.10 265437.50 6783962.50 99.92 265462.50 6783962.50 99.75 265487.50 6783962.50 99.55 
          265512.50 6783962.50 99.34 265537.50 6783962.50 99.01 265562.50 6783962.50 99.30 265587.50 6783962.50 99.80 
          265612.50 6783962.50 100.29 265637.50 6783962.50 100.83 265662.50 6783962.50 101.38 265687.50 6783962.50 101.93 
          265712.50 6783962.50 102.47 265737.50 6783962.50 103.02 265762.50 6783962.50 103.57 265787.50 6783962.50 104.13 
          265812.50 6783962.50 104.68 265837.50 6783962.50 105.24 265862.50 6783962.50 105.81 265887.50 6783962.50 106.38 
          265912.50 6783962.50 106.94 265937.50 6783962.50 107.50 265962.50 6783962.50 108.05 265987.50 6783962.50 108.60 
          266012.50 6783962.50 109.18 266037.50 6783962.50 109.76 266062.50 6783962.50 110.32 266087.50 6783962.50 110.87 
          266112.50 6783962.50 111.39 266137.50 6783962.50 111.90 266162.50 6783962.50 112.38 266187.50 6783962.50 112.85 
          266212.50 6783962.50 113.29 266237.50 6783962.50 113.72 266262.50 6783962.50 114.14 266287.50 6783962.50 114.54 
          266312.50 6783962.50 114.92 266337.50 6783962.50 115.29 266362.50 6783962.50 115.65 266387.50 6783962.50 116.00 
          266412.50 6783962.50 116.34 266437.50 6783962.50 116.66 266462.50 6783962.50 116.98 266487.50 6783962.50 117.28 
          266512.50 6783962.50 117.57 266537.50 6783962.50 117.84 266562.50 6783962.50 118.11 266587.50 6783962.50 118.35 
          266612.50 6783962.50 118.59 266637.50 6783962.50 118.82 266662.50 6783962.50 119.03 266687.50 6783962.50 119.24 
          266712.50 6783962.50 119.42 266737.50 6783962.50 119.60 266762.50 6783962.50 119.75 266787.50 6783962.50 119.90 
          266812.50 6783962.50 120.03 266837.50 6783962.50 120.14 266862.50 6783962.50 120.25 266887.50 6783962.50 120.34 
          266912.50 6783962.50 120.42 266937.50 6783962.50 120.49 266962.50 6783962.50 120.54 266987.50 6783962.50 120.59 
          267012.50 6783962.50 120.62 267037.50 6783962.50 120.64 267062.50 6783962.50 120.65 267087.50 6783962.50 120.65 
          264987.50 6783937.50 102.57 265012.50 6783937.50 102.53 265037.50 6783937.50 102.47 265062.50 6783937.50 102.37 
          265087.50 6783937.50 102.25 265112.50 6783937.50 102.10 265137.50 6783937.50 101.92 265162.50 6783937.50 101.71 
          265187.50 6783937.50 101.48 265212.50 6783937.50 101.23 265237.50 6783937.50 100.91 265262.50 6783937.50 100.79 
          265287.50 6783937.50 100.62 265312.50 6783937.50 100.45 265337.50 6783937.50 100.30 265362.50 6783937.50 100.15 
          265387.50 6783937.50 100.01 265412.50 6783937.50 99.85 265437.50 6783937.50 99.68 265462.50 6783937.50 99.50 
          265487.50 6783937.50 99.30 265512.50 6783937.50 99.11 265537.50 6783937.50 98.82 265562.50 6783937.50 99.32 
          265587.50 6783937.50 99.77 265612.50 6783937.50 100.26 265637.50 6783937.50 100.78 265662.50 6783937.50 101.33 
          265687.50 6783937.50 101.88 265712.50 6783937.50 102.44 265737.50 6783937.50 102.99 265762.50 6783937.50 103.54 
          265787.50 6783937.50 104.10 265812.50 6783937.50 104.67 265837.50 6783937.50 105.23 265862.50 6783937.50 105.81 
          265887.50 6783937.50 106.38 265912.50 6783937.50 106.94 265937.50 6783937.50 107.50 265962.50 6783937.50 108.06 
          265987.50 6783937.50 108.62 266012.50 6783937.50 109.20 266037.50 6783937.50 109.78 266062.50 6783937.50 110.35 
          266087.50 6783937.50 110.89 266112.50 6783937.50 111.42 266137.50 6783937.50 111.92 266162.50 6783937.50 112.41 
          266187.50 6783937.50 112.87 266212.50 6783937.50 113.32 266237.50 6783937.50 113.75 266262.50 6783937.50 114.16 
          266287.50 6783937.50 114.56 266312.50 6783937.50 114.94 266337.50 6783937.50 115.32 266362.50 6783937.50 115.67 
          266387.50 6783937.50 116.02 266412.50 6783937.50 116.35 266437.50 6783937.50 116.68 266462.50 6783937.50 117.00 
          266487.50 6783937.50 117.30 266512.50 6783937.50 117.59 266537.50 6783937.50 117.86 266562.50 6783937.50 118.12 
          266587.50 6783937.50 118.37 266612.50 6783937.50 118.61 266637.50 6783937.50 118.83 266662.50 6783937.50 119.05 
          266687.50 6783937.50 119.25 266712.50 6783937.50 119.44 266737.50 6783937.50 119.61 266762.50 6783937.50 119.77 
          266787.50 6783937.50 119.91 266812.50 6783937.50 120.04 266837.50 6783937.50 120.16 266862.50 6783937.50 120.27 
          266887.50 6783937.50 120.36 266912.50 6783937.50 120.44 266937.50 6783937.50 120.51 266962.50 6783937.50 120.56 
          266987.50 6783937.50 120.60 267012.50 6783937.50 120.64 267037.50 6783937.50 120.66 267062.50 6783937.50 120.67 
          267087.50 6783937.50 120.67 264987.50 6783912.50 102.47 265012.50 6783912.50 102.43 265037.50 6783912.50 102.36 
          265062.50 6783912.50 102.25 265087.50 6783912.50 102.11 265112.50 6783912.50 101.94 265137.50 6783912.50 101.74 
          265162.50 6783912.50 101.51 265187.50 6783912.50 101.28 265212.50 6783912.50 101.06 265237.50 6783912.50 100.80 
          265262.50 6783912.50 100.50 265287.50 6783912.50 100.31 265312.50 6783912.50 100.14 265337.50 6783912.50 100.01 
          265362.50 6783912.50 99.88 265387.50 6783912.50 99.76 265412.50 6783912.50 99.63 265437.50 6783912.50 99.46 
          265462.50 6783912.50 99.26 265487.50 6783912.50 99.04 265512.50 6783912.50 98.86 265537.50 6783912.50 98.81 
          265562.50 6783912.50 99.29 265587.50 6783912.50 99.74 265612.50 6783912.50 100.23 265637.50 6783912.50 100.76 
          265662.50 6783912.50 101.30 265687.50 6783912.50 101.86 265712.50 6783912.50 102.41 265737.50 6783912.50 102.96 
          265762.50 6783912.50 103.52 265787.50 6783912.50 104.08 265812.50 6783912.50 104.65 265837.50 6783912.50 105.23 
          265862.50 6783912.50 105.80 265887.50 6783912.50 106.38 265912.50 6783912.50 106.95 265937.50 6783912.50 107.51 
          265962.50 6783912.50 108.07 265987.50 6783912.50 108.64 266012.50 6783912.50 109.22 266037.50 6783912.50 109.80 
          266062.50 6783912.50 110.36 266087.50 6783912.50 110.91 266112.50 6783912.50 111.44 266137.50 6783912.50 111.94 
          266162.50 6783912.50 112.43 266187.50 6783912.50 112.89 266212.50 6783912.50 113.34 266237.50 6783912.50 113.77 
          266262.50 6783912.50 114.18 266287.50 6783912.50 114.58 266312.50 6783912.50 114.96 266337.50 6783912.50 115.33 
          266362.50 6783912.50 115.69 266387.50 6783912.50 116.03 266412.50 6783912.50 116.37 266437.50 6783912.50 116.69 
          266462.50 6783912.50 117.01 266487.50 6783912.50 117.31 266512.50 6783912.50 117.60 266537.50 6783912.50 117.87 
          266562.50 6783912.50 118.13 266587.50 6783912.50 118.38 266612.50 6783912.50 118.62 266637.50 6783912.50 118.84 
          266662.50 6783912.50 119.05 266687.50 6783912.50 119.26 266712.50 6783912.50 119.45 266737.50 6783912.50 119.62 
          266762.50 6783912.50 119.78 266787.50 6783912.50 119.92 266812.50 6783912.50 120.05 266837.50 6783912.50 120.17 
          266862.50 6783912.50 120.28 266887.50 6783912.50 120.37 266912.50 6783912.50 120.45 266937.50 6783912.50 120.52 
          266962.50 6783912.50 120.58 266987.50 6783912.50 120.62 267012.50 6783912.50 120.65 267037.50 6783912.50 120.67 
          267062.50 6783912.50 120.68 267087.50 6783912.50 120.68 264987.50 6783887.50 102.39 265012.50 6783887.50 102.35 
          265037.50 6783887.50 102.28 265062.50 6783887.50 102.16 265087.50 6783887.50 102.01 265112.50 6783887.50 101.81 
          265137.50 6783887.50 101.59 265162.50 6783887.50 101.30 265187.50 6783887.50 101.01 265212.50 6783887.50 100.90 
          265237.50 6783887.50 100.69 265262.50 6783887.50 100.39 265287.50 6783887.50 99.91 265312.50 6783887.50 99.71 
          265337.50 6783887.50 99.70 265362.50 6783887.50 99.58 265387.50 6783887.50 99.54 265412.50 6783887.50 99.43 
          265437.50 6783887.50 99.27 265462.50 6783887.50 99.04 265487.50 6783887.50 98.73 265512.50 6783887.50 98.32 
          265537.50 6783887.50 98.83 265562.50 6783887.50 99.27 265587.50 6783887.50 99.71 265612.50 6783887.50 100.22 
          265637.50 6783887.50 100.76 265662.50 6783887.50 101.29 265687.50 6783887.50 101.84 265712.50 6783887.50 102.39 
          265737.50 6783887.50 102.94 265762.50 6783887.50 103.50 265787.50 6783887.50 104.06 265812.50 6783887.50 104.64 
          265837.50 6783887.50 105.22 265862.50 6783887.50 105.80 265887.50 6783887.50 106.37 265912.50 6783887.50 106.95 
          265937.50 6783887.50 107.52 265962.50 6783887.50 108.08 265987.50 6783887.50 108.66 266012.50 6783887.50 109.24 
          266037.50 6783887.50 109.81 266062.50 6783887.50 110.38 266087.50 6783887.50 110.92 266112.50 6783887.50 111.45 
          266137.50 6783887.50 111.96 266162.50 6783887.50 112.44 266187.50 6783887.50 112.91 266212.50 6783887.50 113.36 
          266237.50 6783887.50 113.79 266262.50 6783887.50 114.20 266287.50 6783887.50 114.59 266312.50 6783887.50 114.97 
          266337.50 6783887.50 115.34 266362.50 6783887.50 115.70 266387.50 6783887.50 116.04 266412.50 6783887.50 116.37 
          266437.50 6783887.50 116.70 266462.50 6783887.50 117.01 266487.50 6783887.50 117.32 266512.50 6783887.50 117.61 
          266537.50 6783887.50 117.88 266562.50 6783887.50 118.14 266587.50 6783887.50 118.39 266612.50 6783887.50 118.63 
          266637.50 6783887.50 118.85 266662.50 6783887.50 119.06 266687.50 6783887.50 119.26 266712.50 6783887.50 119.45 
          266737.50 6783887.50 119.63 266762.50 6783887.50 119.79 266787.50 6783887.50 119.93 266812.50 6783887.50 120.06 
          266837.50 6783887.50 120.18 266862.50 6783887.50 120.28 266887.50 6783887.50 120.38 266912.50 6783887.50 120.46 
          266937.50 6783887.50 120.53 266962.50 6783887.50 120.59 266987.50 6783887.50 120.63 267012.50 6783887.50 120.66 
          267037.50 6783887.50 120.68 267062.50 6783887.50 120.69 267087.50 6783887.50 120.69 264987.50 6783862.50 102.35 
          265012.50 6783862.50 102.31 265037.50 6783862.50 102.24 265062.50 6783862.50 102.11 265087.50 6783862.50 101.95 
          265112.50 6783862.50 101.70 265137.50 6783862.50 101.50 265162.50 6783862.50 101.30 265187.50 6783862.50 101.08 
          265212.50 6783862.50 100.88 265237.50 6783862.50 100.65 265262.50 6783862.50 100.37 265287.50 6783862.50 100.04 
          265312.50 6783862.50 99.76 265337.50 6783862.50 99.41 265362.50 6783862.50 99.12 265387.50 6783862.50 99.35 
          265412.50 6783862.50 99.30 265437.50 6783862.50 99.15 265462.50 6783862.50 98.87 265487.50 6783862.50 98.31 
          265512.50 6783862.50 98.12 265537.50 6783862.50 98.77 265562.50 6783862.50 99.25 265587.50 6783862.50 99.70 
          265612.50 6783862.50 100.21 265637.50 6783862.50 100.76 265662.50 6783862.50 101.28 265687.50 6783862.50 101.83 
          265712.50 6783862.50 102.38 265737.50 6783862.50 102.94 265762.50 6783862.50 103.49 265787.50 6783862.50 104.06 
          265812.50 6783862.50 104.63 265837.50 6783862.50 105.21 265862.50 6783862.50 105.80 265887.50 6783862.50 106.37 
          265912.50 6783862.50 106.95 265937.50 6783862.50 107.52 265962.50 6783862.50 108.09 265987.50 6783862.50 108.66 
          266012.50 6783862.50 109.25 266037.50 6783862.50 109.82 266062.50 6783862.50 110.38 266087.50 6783862.50 110.93 
          266112.50 6783862.50 111.45 266137.50 6783862.50 111.96 266162.50 6783862.50 112.45 266187.50 6783862.50 112.92 
          266212.50 6783862.50 113.36 266237.50 6783862.50 113.79 266262.50 6783862.50 114.21 266287.50 6783862.50 114.60 
          266312.50 6783862.50 114.97 266337.50 6783862.50 115.34 266362.50 6783862.50 115.70 266387.50 6783862.50 116.05 
          266412.50 6783862.50 116.38 266437.50 6783862.50 116.70 266462.50 6783862.50 117.02 266487.50 6783862.50 117.32 
          266512.50 6783862.50 117.61 266537.50 6783862.50 117.88 266562.50 6783862.50 118.14 266587.50 6783862.50 118.39 
          266612.50 6783862.50 118.63 266637.50 6783862.50 118.85 266662.50 6783862.50 119.06 266687.50 6783862.50 119.27 
          266712.50 6783862.50 119.45 266737.50 6783862.50 119.63 266762.50 6783862.50 119.79 266787.50 6783862.50 119.93 
          266812.50 6783862.50 120.06 266837.50 6783862.50 120.18 266862.50 6783862.50 120.29 266887.50 6783862.50 120.38 
          266912.50 6783862.50 120.46 266937.50 6783862.50 120.53 266962.50 6783862.50 120.59 266987.50 6783862.50 120.63 
          267012.50 6783862.50 120.67 267037.50 6783862.50 120.69 267062.50 6783862.50 120.70 267087.50 6783862.50 120.70 
          264987.50 6783837.50 102.35 265012.50 6783837.50 102.31 265037.50 6783837.50 102.24 265062.50 6783837.50 102.11 
          265087.50 6783837.50 101.95 265112.50 6783837.50 101.70 265137.50 6783837.50 101.50 265162.50 6783837.50 101.30 
          265187.50 6783837.50 101.08 265212.50 6783837.50 100.88 265237.50 6783837.50 100.65 265262.50 6783837.50 100.37 
          265287.50 6783837.50 100.04 265312.50 6783837.50 99.76 265337.50 6783837.50 99.41 265362.50 6783837.50 99.12 
          265387.50 6783837.50 99.35 265412.50 6783837.50 99.30 265437.50 6783837.50 99.15 265462.50 6783837.50 98.87 
          265487.50 6783837.50 98.31 265512.50 6783837.50 98.12 265537.50 6783837.50 98.77 265562.50 6783837.50 99.25 
          265587.50 6783837.50 99.70 265612.50 6783837.50 100.21 265637.50 6783837.50 100.76 265662.50 6783837.50 101.28 
          265687.50 6783837.50 101.83 265712.50 6783837.50 102.38 265737.50 6783837.50 102.94 265762.50 6783837.50 103.49 
          265787.50 6783837.50 104.06 265812.50 6783837.50 104.63 265837.50 6783837.50 105.21 265862.50 6783837.50 105.80 
          265887.50 6783837.50 106.37 265912.50 6783837.50 106.95 265937.50 6783837.50 107.52 265962.50 6783837.50 108.09 
          265987.50 6783837.50 108.66 266012.50 6783837.50 109.25 266037.50 6783837.50 109.82 266062.50 6783837.50 110.38 
          266087.50 6783837.50 110.93 266112.50 6783837.50 111.45 266137.50 6783837.50 111.96 266162.50 6783837.50 112.45 
          266187.50 6783837.50 112.92 266212.50 6783837.50 113.36 266237.50 6783837.50 113.79 266262.50 6783837.50 114.21 
          266287.50 6783837.50 114.60 266312.50 6783837.50 114.97 266337.50 6783837.50 115.34 266362.50 6783837.50 115.70 
          266387.50 6783837.50 116.05 266412.50 6783837.50 116.38 266437.50 6783837.50 116.70 266462.50 6783837.50 117.02 
          266487.50 6783837.50 117.32 266512.50 6783837.50 117.61 266537.50 6783837.50 117.88 266562.50 6783837.50 118.14 
          266587.50 6783837.50 118.39 266612.50 6783837.50 118.63 266637.50 6783837.50 118.85 266662.50 6783837.50 119.06 
          266687.50 6783837.50 119.27 266712.50 6783837.50 119.45 266737.50 6783837.50 119.63 266762.50 6783837.50 119.79 
          266787.50 6783837.50 119.93 266812.50 6783837.50 120.06 266837.50 6783837.50 120.18 266862.50 6783837.50 120.29 
          266887.50 6783837.50 120.38 266912.50 6783837.50 120.46 266937.50 6783837.50 120.53 266962.50 6783837.50 120.59 
          266987.50 6783837.50 120.63 267012.50 6783837.50 120.67 267037.50 6783837.50 120.69 267062.50 6783837.50 120.70 
          267087.50 6783837.50 120.70         </DataArray>
      </Points>
      <Cells>
        <DataArray type="Int64" Name="connectivity" format="ascii">
          85 86 1 0 
          86 87 2 1 
          87 88 3 2 
          88 89 4 3 
          89 90 5 4 
          90 91 6 5 
          91 92 7 6 
          92 93 8 7 
          93 94 9 8 
          94 95 10 9 
          95 96 11 10 
          96 97 12 11 
          97 98 13 12 
          98 99 14 13 
          99 100 15 14 
          100 101 16 15 
          101 102 17 16 
          102 103 18 17 
          103 104 19 18 
          104 105 20 19 
          105 106 21 20 
          106 107 22 21 
          107 108 23 22 
          108 109 24 23 
          109 110 25 24 
          110 111 26 25 
          111 112 27 26 
          112 113 28 27 
          113 114 29 28 
          114 115 30 29 
          115 116 31 30 
          116 117 32 31 
          117 118 33 32 
          118 119 34 33 
          119 120 35 34 
          120 121 36 35 
          121 122 37 36 
          122 123 38 37 
          123 124 39 38 
          124 125 40 39 
          125 126 41 40 
          126 127 42 41 
          127 128 43 42 
          128 129 44 43 
          129 130 45 44 
          130 131 46 45 
          131 132 47 46 
          132 133 48 47 
          133 134 49 48 
          134 135 50 49 
          135 136 51 50 
          136 137 52 51 
          137 138 53 52 
          138 139 54 53 
          139 140 55 54 
          140 141 56 55 
          141 142 57 56 
          142 143 58 57 
          143 144 59 58 
          144 145 60 59 
          145 146 61 60 
          146 147 62 61 
          147 148 63 62 
          148 149 64 63 
          149 150 65 64 
          150 151 66 65 
          151 152 67 66 
          152 153 68 67 
          153 154 69 68 
          154 155 70 69 
          155 156 71 70 
          156 157 72 71 
          157 158 73 72 
          158 159 74 73 
          159 160 75 74 
          160 161 76 75 
          161 162 77 76 
          162 163 78 77 
          163 164 79 78 
          164 165 80 79 
          165 166 81 80 
          166 167 82 81 
          167 168 83 82 
          168 169 84 83 
          170 171 86 85 
          171 172 87 86 
          172 173 88 87 
          173 174 89 88 
          174 175 90 89 
          175 176 91 90 
          176 177 92 91 
          177 178 93 92 
          178 179 94 93 
          179 180 95 94 
          180 181 96 95 
          181 182 97 96 
          182 183 98 97 
          183 184 99 98 
          184 185 100 99 
          185 186 101 100 
          186 187 102 101 
          187 188 103 102 
          188 189 104 103 
          189 190 105 104 
          190 191 106 105 
          191 192 107 106 
          192 193 108 107 
          193 194 109 108 
          194 195 110 109 
          195 196 111 110 
          196 197 112 111 
          197 198 113 112 
          198 199 114 113 
          199 200 115 114 
          200 201 116 115 
          201 202 117 116 
          202 203 118 117 
          203 204 119 118 
          204 205 120 119 
          205 206 121 120 
          206 207 122 121 
          207 208 123 122 
          208 209 124 123 
          209 210 125 124 
          210 211 126 125 
          211 212 127 126 
          212 213 128 127 
          213 214 129 128 
          214 215 130 129 
          215 216 131 130 
          216 217 132 131 
          217 218 133 132 
          218 219 134 133 
          219 220 135 134 
          220 221 136 135 
          221 222 137 136 
          222 223 138 137 
          223 224 139 138 
          224 225 140 139 
          225 226 141 140 
          226 227 142 141 
          227 228 143 142 
          228 229 144 143 
          229 230 145 144 
          230 231 146 145 
          231 232 147 146 
          232 233 148 147 
          233 234 149 148 
          234 235 150 149 
          235 236 151 150 
          236 237 152 151 
          237 238 153 152 
          238 239 154 153 
          239 240 155 154 
          240 241 156 155 
          241 242 157 156 
          242 243 158 157 
          243 244 159 158 
          244 245 160 159 
          245 246 161 160 
          246 247 162 161 
          247 248 163 162 
          248 249 164 163 
          249 250 165 164 
          250 251 166 165 
          251 252 167 166 
          252 253 168 167 
          253 254 169 168 
          255 256 171 170 
          256 257 172 171 
          257 258 173 172 
          258 259 174 173 
          259 260 175 174 
          260 261 176 175 
          261 262 177 176 
          262 263 178 177 
          263 264 179 178 
          264 265 180 179 
          265 266 181 180 
          266 267 182 181 
          267 268 183 182 
          268 269 184 183 
          269 270 185 184 
          270 271 186 185 
          271 272 187 186 
          272 273 188 187 
          273 274 189 188 
          274 275 190 189 
          275 276 191 190 
          276 277 192 191 
          277 278 193 192 
          278 279 194 193 
          279 280 195 194 
          280 281 196 195 
          281 282 197 196 
          282 283 198 197 
          283 284 199 198 
          284 285 200 199 
          285 286 201 200 
          286 287 202 201 
          287 288 203 202 
          288 289 204 203 
          289 290 205 204 
          290 291 206 205 
          291 292 207 206 
          292 293 208 207 
          293 294 209 208 
          294 295 210 209 
          295 296 211 210 
          296 297 212 211 
          297 298 213 212 
          298 299 214 213 
          299 300 215 214 
          300 301 216 215 
          301 302 217 216 
          302 303 218 217 
          303 304 219 218 
          304 305 220 219 
          305 306 221 220 
          306 307 222 221 
          307 308 223 222 
          308 309 224 223 
          309 310 225 224 
          310 311 226 225 
          311 312 227 226 
          312 313 228 227 
          313 314 229 228 
          314 315 230 229 
          315 316 231 230 
          316 317 232 231 
          317 318 233 232 
          318 319 234 233 
          319 320 235 234 
          320 321 236 235 
          321 322 237 236 
          322 323 238 237 
          323 324 239 238 
          324 325 240 239 
          325 326 241 240 
          326 327 242 241 
          327 328 243 242 
          328 329 244 243 
          329 330 245 244 
          330 331 246 245 
          331 332 247 246 
          332 333 248 247 
          333 334 249 248 
          334 335 250 249 
          335 336 251 250 
          336 337 252 251 
          337 338 253 252 
          338 339 254 253 
          340 341 256 255 
          341 342 257 256 
          342 343 258 257 
          343 344 259 258 
          344 345 260 259 
          345 346 261 260 
          346 347 262 261 
          347 348 263 262 
          348 349 264 263 
          349 350 265 264 
          350 351 266 265 
          351 352 267 266 
          352 353 268 267 
          353 354 269 268 
          354 355 270 269 
          355 356 271 270 
          356 357 272 271 
          357 358 273 272 
          358 359 274 273 
          359 360 275 274 
          360 361 276 275 
          361 362 277 276 
          362 363 278 277 
          363 364 279 278 
          364 365 280 279 
          365 366 281 280 
          366 367 282 281 
          367 368 283 282 
          368 369 284 283 
          369 370 285 284 
          370 371 286 285 
          371 372 287 286 
          372 373 288 287 
          373 374 289 288 
          374 375 290 289 
          375 376 291 290 
          376 377 292 291 
          377 378 293 292 
          378 379 294 293 
          379 380 295 294 
          380 381 296 295 
          381 382 297 296 
          382 383 298 297 
          383 384 299 298 
          384 385 300 299 
          385 386 301 300 
          386 387 302 301 
          387 388 303 302 
          388 389 304 303 
          389 390 305 304 
          390 391 306 305 
          391 392 307 306 
          392 393 308 307 
          393 394 309 308 
          394 395 310 309 
          395 396 311 310 
          396 397 312 311 
          397 398 313 312 
          398 399 314 313 
          399 400 315 314 
          400 401 316 315 
          401 402 317 316 
          402 403 318 317 
          403 404 319 318 
          404 405 320 319 
          405 406 321 320 
          406 407 322 321 
          407 408 323 322 
          408 409 324 323 
          409 410 325 324 
          410 411 326 325 
          411 412 327 326 
          412 413 328 327 
          413 414 329 328 
          414 415 330 329 
          415 416 331 330 
          416 417 332 331 
          417 418 333 332 
          418 419 334 333 
          419 420 335 334 
          420 421 336 335 
          421 422 337 336 
          422 423 338 337 
          423 424 339 338 
          425 426 341 340 
          426 427 342 341 
          427 428 343 342 
          428 429 344 343 
          429 430 345 344 
          430 431 346 345 
          431 432 347 346 
          432 433 348 347 
          433 434 349 348 
          434 435 350 349 
          435 436 351 350 
          436 437 352 351 
          437 438 353 352 
          438 439 354 353 
          439 440 355 354 
          440 441 356 355 
          441 442 357 356 
          442 443 358 357 
          443 444 359 358 
          444 445 360 359 
          445 446 361 360 
          446 447 362 361 
          447 448 363 362 
          448 449 364 363 
          449 450 365 364 
          450 451 366 365 
          451 452 367 366 
          452 453 368 367 
          453 454 369 368 
          454 455 370 369 
          455 456 371 370 
          456 457 372 371 
          457 458 373 372 
          458 459 374 373 
          459 460 375 374 
          460 461 376 375 
          461 462 377 376 
          462 463 378 377 
          463 464 379 378 
          464 465 380 379 
          465 466 381 380 
          466 467 382 381 
          467 468 383 382 
          468 469 384 383 
          469 470 385 384 
          470 471 386 385 
          471 472 387 386 
          472 473 388 387 
          473 474 389 388 
          474 475 390 389 
          475 476 391 390 
          476 477 392 391 
          477 478 393 392 
          478 479 394 393 
          479 480 395 394 
          480 481 396 395 
          481 482 397 396 
          482 483 398 397 
          483 484 399 398 
          484 485 400 399 
          485 486 401 400 
          486 487 402 401 
          487 488 403 402 
          488 489 404 403 
          489 490 405 404 
          490 491 406 405 
          491 492 407 406 
          492 493 408 407 
          493 494 409 408 
          494 495 410 409 
          495 496 411 410 
          496 497 412 411 
          497 498 413 412 
          498 499 414 413 
          499 500 415 414 
          500 501 416 415 
          501 502 417 416 
          502 503 418 417 
          503 504 419 418 
          504 505 420 419 
          505 506 421 420 
          506 507 422 421 
          507 508 423 422 
          508 509 424 423 
          510 511 426 425 
          511 512 427 426 
          512 513 428 427 
          513 514 429 428 
          514 515 430 429 
          515 516 431 430 
          516 517 432 431 
          517 518 433 432 
          518 519 434 433 
          519 520 435 434 
          520 521 436 435 
          521 522 437 436 
          522 523 438 437 
          523 524 439 438 
          524 525 440 439 
          525 526 441 440 
          526 527 442 441 
          527 528 443 442 
          528 529 444 443 
          529 530 445 444 
          530 531 446 445 
          531 532 447 446 
          532 533 448 447 
          533 534 449 448 
          534 535 450 449 
          535 536 451 450 
          536 537 452 451 
          537 538 453 452 
          538 539 454 453 
          539 540 455 454 
          540 541 456 455 
          541 542 457 456 
          542 543 458 457 
          543 544 459 458 
          544 545 460 459 
          545 546 461 460 
          546 547 462 461 
          547 548 463 462 
          548 549 464 463 
          549 550 465 464 
          550 551 466 465 
          551 552 467 466 
          552 553 468 467 
          553 554 469 468 
          554 555 470 469 
          555 556 471 470 
          556 557 472 471 
          557 558 473 472 
          558 559 474 473 
          559 560 475 474 
          560 561 476 475 
          561 562 477 476 
          562 563 478 477 
          563 564 479 478 
          564 565 480 479 
          565 566 481 480 
          566 567 482 481 
          567 568 483 482 
          568 569 484 483 
          569 570 485 484 
          570 571 486 485 
          571 572 487 486 
          572 573 488 487 
          573 574 489 488 
          574 575 490 489 
          575 576 491 490 
          576 577 492 491 
          577 578 493 492 
          578 579 494 493 
          579 580 495 494 
          580 581 496 495 
          581 582 497 496 
          582 583 498 497 
          583 584 499 498 
          584 585 500 499 
          585 586 501 500 
          586 587 502 501 
          587 588 503 502 
          588 589 504 503 
          589 590 505 504 
          590 591 506 505 
          591 592 507 506 
          592 593 508 507 
          593 594 509 508 
          595 596 511 510 
          596 597 512 511 
          597 598 513 512 
          598 599 514 513 
          599 600 515 514 
          600 601 516 515 
          601 602 517 516 
          602 603 518 517 
          603 604 519 518 
          604 605 520 519 
          605 606 521 520 
          606 607 522 521 
          607 608 523 522 
          608 609 524 523 
          609 610 525 524 
          610 611 526 525 
          611 612 527 526 
          612 613 528 527 
          613 614 529 528 
          614 615 530 529 
          615 616 531 530 
          616 617 532 531 
          617 618 533 532 
          618 619 534 533 
          619 620 535 534 
          620 621 536 535 
          621 622 537 536 
          622 623 538 537 
          623 624 539 538 
          624 625 540 539 
          625 626 541 540 
          626 627 542 541 
          627 628 543 542 
          628 629 544 543 
          629 630 545 544 
          630 631 546 545 
          631 632 547 546 
          632 633 548 547 
          633 634 549 548 
          634 635 550 549 
          635 636 551 550 
          636 637 552 551 
          637 638 553 552 
          638 639 554 553 
          639 640 555 554 
          640 641 556 555 
          641 642 557 556 
          642 643 558 557 
          643 644 559 558 
          644 645 560 559 
          645 646 561 560 
          646 647 562 561 
          647 648 563 562 
          648 649 564 563 
          649 650 565 564 
          650 651 566 565 
          651 652 567 566 
          652 653 568 567 
          653 654 569 568 
          654 655 570 569 
          655 656 571 570 
          656 657 572 571 
          657 658 573 572 
          658 659 574 573 
          659 660 575 574 
          660 661 576 575 
          661 662 577 576 
          662 663 578 577 
          663 664 579 578 
          664 665 580 579 
          665 666 581 580 
          666 667 582 581 
          667 668 583 582 
          668 669 584 583 
          669 670 585 584 
          670 671 586 585 
          671 672 587 586 
          672 673 588 587 
          673 674 589 588 
          674 675 590 589 
          675 676 591 590 
          676 677 592 591 
          677 678 593 592 
          678 679 594 593 
          680 681 596 595 
          681 682 597 596 
          682 683 598 597 
          683 684 599 598 
          684 685 600 599 
          685 686 601 600 
          686 687 602 601 
          687 688 603 602 
          688 689 604 603 
          689 690 605 604 
          690 691 606 605 
          691 692 607 606 
          692 693 608 607 
          693 694 609 608 
          694 695 610 609 
          695 696 611 610 
          696 697 612 611 
          697 698 613 612 
          698 699 614 613 
          699 700 615 614 
          700 701 616 615 
          701 702 617 616 
          702 703 618 617 
          703 704 619 618 
          704 705 620 619 
          705 706 621 620 
          706 707 622 621 
          707 708 623 622 
          708 709 624 623 
          709 710 625 624 
          710 711 626 625 
          711 712 627 626 
          712 713 628 627 
          713 714 629 628 
          714 715 630 629 
          715 716 631 630 
          716 717 632 631 
          717 718 633 632 
          718 719 634 633 
          719 720 635 634 
          720 721 636 635 
          721 722 637 636 
          722 723 638 637 
          723 724 639 638 
          724 725 640 639 
          725 726 641 640 
          726 727 642 641 
          727 728 643 642 
          728 729 644 643 
          729 730 645 644 
          730 731 646 645 
          731 732 647 646 
          732 733 648 647 
          733 734 649 648 
          734 735 650 649 
          735 736 651 650 
          736 737 652 651 
          737 738 653 652 
          738 739 654 653 
          739 740 655 654 
          740 741 656 655 
          741 742 657 656 
          742 743 658 657 
          743 744 659 658 
          744 745 660 659 
          745 746 661 660 
          746 747 662 661 
          747 748 663 662 
          748 749 664 663 
          749 750 665 664 
          750 751 666 665 
          751 752 667 666 
          752 753 668 667 
          753 754 669 668 
          754 755 670 669 
          755 756 671 670 
          756 757 672 671 
          757 758 673 672 
          758 759 674 673 
          759 760 675 674 
          760 761 676 675 
          761 762 677 676 
          762 763 678 677 
          763 764 679 678 
          765 766 681 680 
          766 767 682 681 
          767 768 683 682 
          768 769 684 683 
          769 770 685 684 
          770 771 686 685 
          771 772 687 686 
          772 773 688 687 
          773 774 689 688 
          774 775 690 689 
          775 776 691 690 
          776 777 692 691 
          777 778 693 692 
          778 779 694 693 
          779 780 695 694 
          780 781 696 695 
          781 782 697 696 
          782 783 698 697 
          783 784 699 698 
          784 785 700 699 
          785 786 701 700 
          786 787 702 701 
          787 788 703 702 
          788 789 704 703 
          789 790 705 704 
          790 791 706 705 
          791 792 707 706 
          792 793 708 707 
          793 794 709 708 
          794 795 710 709 
          795 796 711 710 
          796 797 712 711 
          797 798 713 712 
          798 799 714 713 
          799 800 715 714 
          800 801 716 715 
          801 802 717 716 
          802 803 718 717 
          803 804 719 718 
          804 805 720 719 
          805 806 721 720 
          806 807 722 721 
          807 808 723 722 
          808 809 724 723 
          809 810 725 724 
          810 811 726 725 
          811 812 727 726 
          812 813 728 727 
          813 814 729 728 
          814 815 730 729 
          815 816 731 730 
          816 817 732 731 
          817 818 733 732 
          818 819 734 733 
          819 820 735 734 
          820 821 736 735 
          821 822 737 736 
          822 823 738 737 
          823 824 739 738 
          824 825 740 739 
          825 826 741 740 
          826 827 742 741 
          827 828 743 742 
          828 829 744 743 
          829 830 745 744 
          830 831 746 745 
          831 832 747 746 
          832 833 748 747 
          833 834 749 748 
          834 835 750 749 
          835 836 751 750 
          836 837 752 751 
          837 838 753 752 
          838 839 754 753 
          839 840 755 754 
          840 841 756 755 
          841 842 757 756 
          842 843 758 757 
          843 844 759 758 
          844 845 760 759 
          845 846 761 760 
          846 847 762 761 
          847 848 763 762 
          848 849 764 763 
          850 851 766 765 
          851 852 767 766 
          852 853 768 767 
          853 854 769 768 
          854 855 770 769 
          855 856 771 770 
          856 857 772 771 
          857 858 773 772 
          858 859 774 773 
          859 860 775 774 
          860 861 776 775 
          861 862 777 776 
          862 863 778 777 
          863 864 779 778 
          864 865 780 779 
          865 866 781 780 
          866 867 782 781 
          867 868 783 782 
          868 869 784 783 
          869 870 785 784 
          870 871 786 785 
          871 872 787 786 
          872 873 788 787 
          873 874 789 788 
          874 875 790 789 
          875 876 791 790 
          876 877 792 791 
          877 878 793 792 
          878 879 794 793 
          879 880 795 794 
          880 881 796 795 
          881 882 797 796 
          882 883 798 797 
          883 884 799 798 
          884 885 800 799 
          885 886 801 800 
          886 887 802 801 
          887 888 803 802 
          888 889 804 803 
          889 890 805 804 
          890 891 806 805 
          891 892 807 806 
          892 893 808 807 
          893 894 809 808 
          894 895 810 809 
          895 896 811 810 
          896 897 812 811 
          897 898 813 812 
          898 899 814 813 
          899 900 815 814 
          900 901 816 815 
          901 902 817 816 
          902 903 818 817 
          903 904 819 818 
          904 905 820 819 
          905 906 821 820 
          906 907 822 821 
          907 908 823 822 
          908 909 824 823 
          909 910 825 824 
          910 911 826 825 
          911 912 827 826 
          912 913 828 827 
          913 914 829 828 
          914 915 830 829 
          915 916 831 830 
          916 917 832 831 
          917 918 833 832 
          918 919 834 833 
          919 920 835 834 
          920 921 836 835 
          921 922 837 836 
          922 923 838 837 
          923 924 839 838 
          924 925 840 839 
          925 926 841 840 
          926 927 842 841 
          927 928 843 842 
          928 929 844 843 
          929 930 845 844 
          930 931 846 845 
          931 932 847 846 
          932 933 848 847 
          933 934 849 848 
          935 936 851 850 
          936 937 852 851 
          937 938 853 852 
          938 939 854 853 
          939 940 855 854 
          940 941 856 855 
          941 942 857 856 
          942 943 858 857 
          943 944 859 858 
          944 945 860 859 
          945 946 861 860 
          946 947 862 861 
          947 948 863 862 
          948 949 864 863 
          949 950 865 864 
          950 951 866 865 
          951 952 867 866 
          952 953 868 867 
          953 954 869 868 
          954 955 870 869 
          955 956 871 870 
          956 957 872 871 
          957 958 873 872 
          958 959 874 873 
          959 960 875 874 
          960 961 876 875 
          961 962 877 876 
          962 963 878 877 
          963 964 879 878 
          964 965 880 879 
          965 966 881 880 
          966 967 882 881 
          967 968 883 882 
          968 969 884 883 
          969 970 885 884 
          970 971 886 885 
          971 972 887 886 
          972 973 888 887 
          973 974 889 888 
          974 975 890 889 
          975 976 891 890 
          976 977 892 891 
          977 978 893 892 
          978 979 894 893 
          979 980 895 894 
          980 981 896 895 
          981 982 897 896 
          982 983 898 897 
          983 984 899 898 
          984 985 900 899 
          985 986 901 900 
          986 987 902 901 
          987 988 903 902 
          988 989 904 903 
          989 990 905 904 
          990 991 906 905 
          991 992 907 906 
          992 993 908 907 
          993 994 909 908 
          994 995 910 909 
          995 996 911 910 
          996 997 912 911 
          997 998 913 912 
          998 999 914 913 
          999 1000 915 914 
          1000 1001 916 915 
          1001 1002 917 916 
          1002 1003 918 917 
          1003 1004 919 918 
          1004 1005 920 919 
          1005 1006 921 920 
          1006 1007 922 921 
          1007 1008 923 922 
          1008 1009 924 923 
          1009 1010 925 924 
          1010 1011 926 925 
          1011 1012 927 926 
          1012 1013 928 927 
          1013 1014 929 928 
          1014 1015 930 929 
          1015 1016 931 930 
          1016 1017 932 931 
          1017 1018 933 932 
          1018 1019 934 933 
          1020 1021 936 935 
          1021 1022 937 936 
          1022 1023 938 937 
          1023 1024 939 938 
          1024 1025 940 939 
          1025 1026 941 940 
          1026 1027 942 941 
          1027 1028 943 942 
          1028 1029 944 943 
          1029 1030 945 944 
          1030 1031 946 945 
          1031 1032 947 946 
          1032 1033 948 947 
          1033 1034 949 948 
          1034 1035 950 949 
          1035 1036 951 950 
          1036 1037 952 951 
          1037 1038 953 952 
          1038 1039 954 953 
          1039 1040 955 954 
          1040 1041 956 955 
          1041 1042 957 956 
          1042 1043 958 957 
          1043 1044 959 958 
          1044 1045 960 959 
          1045 1046 961 960 
          1046 1047 962 961 
          1047 1048 963 962 
          1048 1049 964 963 
          1049 1050 965 964 
          1050 1051 966 965 
          1051 1052 967 966 
          1052 1053 968 967 
          1053 1054 969 968 
          1054 1055 970 969 
          1055 1056 971 970 
          1056 1057 972 971 
          1057 1058 973 972 
          1058 1059 974 973 
          1059 1060 975 974 
          1060 1061 976 975 
          1061 1062 977 976 
          1062 1063 978 977 
          1063 1064 979 978 
          1064 1065 980 979 
          1065 1066 981 980 
          1066 1067 982 981 
          1067 1068 983 982 
          1068 1069 984 983 
          1069 1070 985 984 
          1070 1071 986 985 
          1071 1072 987 986 
          1072 1073 988 987 
          1073 1074 989 988 
          1074 1075 990 989 
          1075 1076 991 990 
          1076 1077 992 991 
          1077 1078 993 992 
          1078 1079 994 993 
          1079 1080 995 994 
          1080 1081 996 995 
          1081 1082 997 996 
          1082 1083 998 997 
          1083 1084 999 998 
          1084 1085 1000 999 
          1085 1086 1001 1000 
          1086 1087 1002 1001 
          1087 1088 1003 1002 
          1088 1089 1004 1003 
          1089 1090 1005 1004 
          1090 1091 1006 1005 
          1091 1092 1007 1006 
          1092 1093 1008 1007 
          1093 1094 1009 1008 
          1094 1095 1010 1009 
          1095 1096 1011 1010 
          1096 1097 1012 1011 
          1097 1098 1013 1012 
          1098 1099 1014 1013 
          1099 1100 1015 1014 
          1100 1101 1016 1015 
          1101 1102 1017 1016 
          1102 1103 1018 1017 
          1103 1104 1019 1018 
          1105 1106 1021 1020 
          1106 1107 1022 1021 
          1107 1108 1023 1022 
          1108 1109 1024 1023 
          1109 1110 1025 1024 
          1110 1111 1026 1025 
          1111 1112 1027 1026 
          1112 1113 1028 1027 
          1113 1114 1029 1028 
          1114 1115 1030 1029 
          1115 1116 1031 1030 
          1116 1117 1032 1031 
          1117 1118 1033 1032 
          1118 1119 1034 1033 
          1119 1120 1035 1034 
          1120 1121 1036 1035 
          1121 1122 1037 1036 
          1122 1123 1038 1037 
          1123 1124 1039 1038 
          1124 1125 1040 1039 
          1125 1126 1041 1040 
          1126 1127 1042 1041 
          1127 1128 1043 1042 
          1128 1129 1044 1043 
          1129 1130 1045 1044 
          1130 1131 1046 1045 
          1131 1132 1047 1046 
          1132 1133 1048 1047 
          1133 1134 1049 1048 
          1134 1135 1050 1049 
          1135 1136 1051 1050 
          1136 1137 1052 1051 
          1137 1138 1053 1052 
          1138 1139 1054 1053 
          1139 1140 1055 1054 
          1140 1141 1056 1055 
          1141 1142 1057 1056 
          1142 1143 1058 1057 
          1143 1144 1059 1058 
          1144 1145 1060 1059 
          1145 1146 1061 1060 
          1146 1147 1062 1061 
          1147 1148 1063 1062 
          1148 1149 1064 1063 
          1149 1150 1065 1064 
          1150 1151 1066 1065 
          1151 1152 1067 1066 
          1152 1153 1068 1067 
          1153 1154 1069 1068 
          1154 1155 1070 1069 
          1155 1156 1071 1070 
          1156 1157 1072 1071 
          1157 1158 1073 1072 
          1158 1159 1074 1073 
          1159 1160 1075 1074 
          1160 1161 1076 1075 
          1161 1162 1077 1076 
          1162 1163 1078 1077 
          1163 1164 1079 1078 
          1164 1165 1080 1079 
          1165 1166 1081 1080 
          1166 1167 1082 1081 
          1167 1168 1083 1082 
          1168 1169 1084 1083 
          1169 1170 1085 1084 
          1170 1171 1086 1085 
          1171 1172 1087 1086 
          1172 1173 1088 1087 
          1173 1174 1089 1088 
          1174 1175 1090 1089 
          1175 1176 1091 1090 
          1176 1177 1092 1091 
          1177 1178 1093 1092 
          1178 1179 1094 1093 
          1179 1180 1095 1094 
          1180 1181 1096 1095 
          1181 1182 1097 1096 
          1182 1183 1098 1097 
          1183 1184 1099 1098 
          1184 1185 1100 1099 
          1185 1186 1101 1100 
          1186 1187 1102 1101 
          1187 1188 1103 1102 
          1188 1189 1104 1103 
          1190 1191 1106 1105 
          1191 1192 1107 1106 
          1192 1193 1108 1107 
          1193 1194 1109 1108 
          1194 1195 1110 1109 
          1195 1196 1111 1110 
          1196 1197 1112 1111 
          1197 1198 1113 1112 
          1198 1199 1114 1113 
          1199 1200 1115 1114 
          1200 1201 1116 1115 
          1201 1202 1117 1116 
          1202 1203 1118 1117 
          1203 1204 1119 1118 
          1204 1205 1120 1119 
          1205 1206 1121 1120 
          1206 1207 1122 1121 
          1207 1208 1123 1122 
          1208 1209 1124 1123 
          1209 1210 1125 1124 
          1210 1211 1126 1125 
          1211 1212 1127 1126 
          1212 1213 1128 1127 
          1213 1214 1129 1128 
          1214 1215 1130 1129 
          1215 1216 1131 1130 
          1216 1217 1132 1131 
          1217 1218 1133 1132 
          1218 1219 1134 1133 
          1219 1220 1135 1134 
          1220 1221 1136 1135 
          1221 1222 1137 1136 
          1222 1223 1138 1137 
          1223 1224 1139 1138 
          1224 1225 1140 1139 
          1225 1226 1141 1140 
          1226 1227 1142 1141 
          1227 1228 1143 1142 
          1228 1229 1144 1143 
          1229 1230 1145 1144 
          1230 1231 1146 1145 
          1231 1232 1147 1146 
          1232 1233 1148 1147 
          1233 1234 1149 1148 
          1234 1235 1150 1149 
          1235 1236 1151 1150 
          1236 1237 1152 1151 
          1237 1238 1153 1152 
          1238 1239 1154 1153 
          1239 1240 1155 1154 
          1240 1241 1156 1155 
          1241 1242 1157 1156 
          1242 1243 1158 1157 
          1243 1244 1159 1158 
          1244 1245 1160 1159 
          1245 1246 1161 1160 
          1246 1247 1162 1161 
          1247 1248 1163 1162 
          1248 1249 1164 1163 
          1249 1250 1165 1164 
          1250 1251 1166 1165 
          1251 1252 1167 1166 
          1252 1253 1168 1167 
          1253 1254 1169 1168 
          1254 1255 1170 1169 
          1255 1256 1171 1170 
          1256 1257 1172 1171 
          1257 1258 1173 1172 
          1258 1259 1174 1173 
          1259 1260 1175 1174 
          1260 1261 1176 1175 
          1261 1262 1177 1176 
          1262 1263 1178 1177 
          1263 1264 1179 1178 
          1264 1265 1180 1179 
          1265 1266 1181 1180 
          1266 1267 1182 1181 
          1267 1268 1183 1182 
          1268 1269 1184 1183 
          1269 1270 1185 1184 
          1270 1271 1186 1185 
          1271 1272 1187 1186 
          1272 1273 1188 1187 
          1273 1274 1189 1188 
          1275 1276 1191 1190 
          1276 1277 1192 1191 
          1277 1278 1193 1192 
          1278 1279 1194 1193 
          1279 1280 1195 1194 
          1280 1281 1196 1195 
          1281 1282 1197 1196 
          1282 1283 1198 1197 
          1283 1284 1199 1198 
          1284 1285 1200 1199 
          1285 1286 1201 1200 
          1286 1287 1202 1201 
          1287 1288 1203 1202 
          1288 1289 1204 1203 
          1289 1290 1205 1204 
          1290 1291 1206 1205 
          1291 1292 1207 1206 
          1292 1293 1208 1207 
          1293 1294 1209 1208 
          1294 1295 1210 1209 
          1295 1296 1211 1210 
          1296 1297 1212 1211 
          1297 1298 1213 1212 
          1298 1299 1214 1213 
          1299 1300 1215 1214 
          1300 1301 1216 1215 
          1301 1302 1217 1216 
          1302 1303 1218 1217 
          1303 1304 1219 1218 
          1304 1305 1220 1219 
          1305 1306 1221 1220 
          1306 1307 1222 1221 
          1307 1308 1223 1222 
          1308 1309 1224 1223 
          1309 1310 1225 1224 
          1310 1311 1226 1225 
          1311 1312 1227 1226 
          1312 1313 1228 1227 
          1313 1314 1229 1228 
          1314 1315 1230 1229 
          1315 1316 1231 1230 
          1316 1317 1232 1231 
          1317 1318 1233 1232 
          1318 1319 1234 1233 
          1319 1320 1235 1234 
          1320 1321 1236 1235 
          1321 1322 1237 1236 
          1322 1323 1238 1237 
          1323 1324 1239 1238 
          1324 1325 1240 1239 
          1325 1326 1241 1240 
          1326 1327 1242 1241 
          1327 1328 1243 1242 
          1328 1329 1244 1243 
          1329 1330 1245 1244 
          1330 1331 1246 1245 
          1331 1332 1247 1246 
          1332 1333 1248 1247 
          1333 1334 1249 1248 
          1334 1335 1250 1249 
          1335 1336 1251 1250 
          1336 1337 1252 1251 
          1337 1338 1253 1252 
          1338 1339 1254 1253 
          1339 1340 1255 1254 
          1340 1341 1256 1255 
          1341 1342 1257 1256 
          1342 1343 1258 1257 
          1343 1344 1259 1258 
          1344 1345 1260 1259 
          1345 1346 1261 1260 
          1346 1347 1262 1261 
          1347 1348 1263 1262 
          1348 1349 1264 1263 
          1349 1350 1265 1264 
          1350 1351 1266 1265 
          1351 1352 1267 1266 
          1352 1353 1268 1267 
          1353 1354 1269 1268 
          1354 1355 1270 1269 
          1355 1356 1271 1270 
          1356 1357 1272 1271 
          1357 1358 1273 1272 
          1358 1359 1274 1273 
          1360 1361 1276 1275 
          1361 1362 1277 1276 
          1362 1363 1278 1277 
          1363 1364 1279 1278 
          1364 1365 1280 1279 
          1365 1366 1281 1280 
          1366 1367 1282 1281 
          1367 1368 1283 1282 
          1368 1369 1284 1283 
          1369 1370 1285 1284 
          1370 1371 1286 1285 
          1371 1372 1287 1286 
          1372 1373 1288 1287 
          1373 1374 1289 1288 
          1374 1375 1290 1289 
          1375 1376 1291 1290 
          1376 1377 1292 1291 
          1377 1378 1293 1292 
          1378 1379 1294 1293 
          1379 1380 1295 1294 
          1380 1381 1296 1295 
          1381 1382 1297 1296 
          1382 1383 1298 1297 
          1383 1384 1299 1298 
          1384 1385 1300 1299 
          1385 1386 1301 1300 
          1386 1387 1302 1301 
          1387 1388 1303 1302 
          1388 1389 1304 1303 
          1389 1390 1305 1304 
          1390 1391 1306 1305 
          1391 1392 1307 1306 
          1392 1393 1308 1307 
          1393 1394 1309 1308 
          1394 1395 1310 1309 
          1395 1396 1311 1310 
          1396 1397 1312 1311 
          1397 1398 1313 1312 
          1398 1399 1314 1313 
          1399 1400 1315 1314 
          1400 1401 1316 1315 
          1401 1402 1317 1316 
          1402 1403 1318 1317 
          1403 1404 1319 1318 
          1404 1405 1320 1319 
          1405 1406 1321 1320 
          1406 1407 1322 1321 
          1407 1408 1323 1322 
          1408 1409 1324 1323 
          1409 1410 1325 1324 
          1410 1411 1326 1325 
          1411 1412 1327 1326 
          1412 1413 1328 1327 
          1413 1414 1329 1328 
          1414 1415 1330 1329 
          1415 1416 1331 1330 
          1416 1417 1332 1331 
          1417 1418 1333 1332 
          1418 1419 1334 1333 
          1419 1420 1335 1334 
          1420 1421 1336 1335 
          1421 1422 1337 1336 
          1422 1423 1338 1337 
          1423 1424 1339 1338 
          1424 1425 1340 1339 
          1425 1426 1341 1340 
          1426 1427 1342 1341 
          1427 1428 1343 1342 
          1428 1429 1344 1343 
          1429 1430 1345 1344 
          1430 1431 1346 1345 
          1431 1432 1347 1346 
          1432 1433 1348 1347 
          1433 1434 1349 1348 
          1434 1435 1350 1349 
          1435 1436 1351 1350 
          1436 1437 1352 1351 
          1437 1438 1353 1352 
          1438 1439 1354 1353 
          1439 1440 1355 1354 
          1440 1441 1356 1355 
          1441 1442 1357 1356 
          1442 1443 1358 1357 
          1443 1444 1359 1358 
          1445 1446 1361 1360 
          1446 1447 1362 1361 
          1447 1448 1363 1362 
          1448 1449 1364 1363 
          1449 1450 1365 1364 
          1450 1451 1366 1365 
          1451 1452 1367 1366 
          1452 1453 1368 1367 
          1453 1454 1369 1368 
          1454 1455 1370 1369 
          1455 1456 1371 1370 
          1456 1457 1372 1371 
          1457 1458 1373 1372 
          1458 1459 1374 1373 
          1459 1460 1375 1374 
          1460 1461 1376 1375 
          1461 1462 1377 1376 
          1462 1463 1378 1377 
          1463 1464 1379 1378 
          1464 1465 1380 1379 
          1465 1466 1381 1380 
          1466 1467 1382 1381 
          1467 1468 1383 1382 
          1468 1469 1384 1383 
          1469 1470 1385 1384 
          1470 1471 1386 1385 
          1471 1472 1387 1386 
          1472 1473 1388 1387 
          1473 1474 1389 1388 
          1474 1475 1390 1389 
          1475 1476 1391 1390 
          1476 1477 1392 1391 
          1477 1478 1393 1392 
          1478 1479 1394 1393 
          1479 1480 1395 1394 
          1480 1481 1396 1395 
          1481 1482 1397 1396 
          1482 1483 1398 1397 
          1483 1484 1399 1398 
          1484 1485 1400 1399 
          1485 1486 1401 1400 
          1486 1487 1402 1401 
          1487 1488 1403 1402 
          1488 1489 1404 1403 
          1489 1490 1405 1404 
          1490 1491 1406 1405 
          1491 1492 1407 1406 
          1492 1493 1408 1407 
          1493 1494 1409 1408 
          1494 1495 1410 1409 
          1495 1496 1411 1410 
          1496 1497 1412 1411 
          1497 1498 1413 1412 
          1498 1499 1414 1413 
          1499 1500 1415 1414 
          1500 1501 1416 1415 
          1501 1502 1417 1416 
          1502 1503 1418 1417 
          1503 1504 1419 1418 
          1504 1505 1420 1419 
          1505 1506 1421 1420 
          1506 1507 1422 1421 
          1507 1508 1423 1422 
          1508 1509 1424 1423 
          1509 1510 1425 1424 
          1510 1511 1426 1425 
          1511 1512 1427 1426 
          1512 1513 1428 1427 
          1513 1514 1429 1428 
          1514 1515 1430 1429 
          1515 1516 1431 1430 
          1516 1517 1432 1431 
          1517 1518 1433 1432 
          1518 1519 1434 1433 
          1519 1520 1435 1434 
          1520 1521 1436 1435 
          1521 1522 1437 1436 
          1522 1523 1438 1437 
          1523 1524 1439 1438 
          1524 1525 1440 1439 
          1525 1526 1441 1440 
          1526 1527 1442 1441 
          1527 1528 1443 1442 
          1528 1529 1444 1443 
          1530 1531 1446 1445 
          1531 1532 1447 1446 
          1532 1533 1448 1447 
          1533 1534 1449 1448 
          1534 1535 1450 1449 
          1535 1536 1451 1450 
          1536 1537 1452 1451 
          1537 1538 1453 1452 
          1538 1539 1454 1453 
          1539 1540 1455 1454 
          1540 1541 1456 1455 
          1541 1542 1457 1456 
          1542 1543 1458 1457 
          1543 1544 1459 1458 
          1544 1545 1460 1459 
          1545 1546 1461 1460 
          1546 1547 1462 1461 
          1547 1548 1463 1462 
          1548 1549 1464 1463 
          1549 1550 1465 1464 
          1550 1551 1466 1465 
          1551 1552 1467 1466 
          1552 1553 1468 1467 
          1553 1554 1469 1468 
          1554 1555 1470 1469 
          1555 1556 1471 1470 
          1556 1557 1472 1471 
          1557 1558 1473 1472 
          1558 1559 1474 1473 
          1559 1560 1475 1474 
          1560 1561 1476 1475 
          1561 1562 1477 1476 
          1562 1563 1478 1477 
          1563 1564 1479 1478 
          1564 1565 1480 1479 
          1565 1566 1481 1480 
          1566 1567 1482 1481 
          1567 1568 1483 1482 
          1568 1569 1484 1483 
          1569 1570 1485 1484 
          1570 1571 1486 1485 
          1571 1572 1487 1486 
          1572 1573 1488 1487 
          1573 1574 1489 1488 
          1574 1575 1490 1489 
          1575 1576 1491 1490 
          1576 1577 1492 1491 
          1577 1578 1493 1492 
          1578 1579 1494 1493 
          1579 1580 1495 1494 
          1580 1581 1496 1495 
          1581 1582 1497 1496 
          1582 1583 1498 1497 
          1583 1584 1499 1498 
          1584 1585 1500 1499 
          1585 1586 1501 1500 
          1586 1587 1502 1501 
          1587 1588 1503 1502 
          1588 1589 1504 1503 
          1589 1590 1505 1504 
          1590 1591 1506 1505 
          1591 1592 1507 1506 
          1592 1593 1508 1507 
          1593 1594 1509 1508 
          1594 1595 1510 1509 
          1595 1596 1511 1510 
          1596 1597 1512 1511 
          1597 1598 1513 1512 
          1598 1599 1514 1513 
          1599 1600 1515 1514 
          1600 1601 1516 1515 
          1601 1602 1517 1516 
          1602 1603 1518 1517 
          1603 1604 1519 1518 
          1604 1605 1520 1519 
          1605 1606 1521 1520 
          1606 1607 1522 1521 
          1607 1608 1523 1522 
          1608 1609 1524 1523 
          1609 1610 1525 1524 
          1610 1611 1526 1525 
          1611 1612 1527 1526 
          1612 1613 1528 1527 
          1613 1614 1529 1528 
          1615 1616 1531 1530 
          1616 1617 1532 1531 
          1617 1618 1533 1532 
          1618 1619 1534 1533 
          1619 1620 1535 1534 
          1620 1621 1536 1535 
          1621 1622 1537 1536 
          1622 1623 1538 1537 
          1623 1624 1539 1538 
          1624 1625 1540 1539 
          1625 1626 1541 1540 
          1626 1627 1542 1541 
          1627 1628 1543 1542 
          1628 1629 1544 1543 
          1629 1630 1545 1544 
          1630 1631 1546 1545 
          1631 1632 1547 1546 
          1632 1633 1548 1547 
          1633 1634 1549 1548 
          1634 1635 1550 1549 
          1635 1636 1551 1550 
          1636 1637 1552 1551 
          1637 1638 1553 1552 
          1638 1639 1554 1553 
          1639 1640 1555 1554 
          1640 1641 1556 1555 
          1641 1642 1557 1556 
          1642 1643 1558 1557 
          1643 1644 1559 1558 
          1644 1645 1560 1559 
          1645 1646 1561 1560 
          1646 1647 1562 1561 
          1647 1648 1563 1562 
          1648 1649 1564 1563 
          1649 1650 1565 1564 
          1650 1651 1566 1565 
          1651 1652 1567 1566 
          1652 1653 1568 1567 
          1653 1654 1569 1568 
          1654 1655 1570 1569 
          1655 1656 1571 1570 
          1656 1657 1572 1571 
          1657 1658 1573 1572 
          1658 1659 1574 1573 
          1659 1660 1575 1574 
          1660 1661 1576 1575 
          1661 1662 1577 1576 
          1662 1663 1578 1577 
          1663 1664 1579 1578 
          1664 1665 1580 1579 
          1665 1666 1581 1580 
          1666 1667 1582 1581 
          1667 1668 1583 1582 
          1668 1669 1584 1583 
          1669 1670 1585 1584 
          1670 1671 1586 1585 
          1671 1672 1587 1586 
          1672 1673 1588 1587 
          1673 1674 1589 1588 
          1674 1675 1590 1589 
          1675 1676 1591 1590 
          1676 1677 1592 1591 
          1677 1678 1593 1592 
          1678 1679 1594 1593 
          1679 1680 1595 1594 
          1680 1681 1596 1595 
          1681 1682 1597 1596 
          1682 1683 1598 1597 
          1683 1684 1599 1598 
          1684 1685 1600 1599 
          1685 1686 1601 1600 
          1686 1687 1602 1601 
          1687 1688 1603 1602 
          1688 1689 1604 1603 
          1689 1690 1605 1604 
          1690 1691 1606 1605 
          1691 1692 1607 1606 
          1692 1693 1608 1607 
          1693 1694 1609 1608 
          1694 1695 1610 1609 
          1695 1696 1611 1610 
          1696 1697 1612 1611 
          1697 1698 1613 1612 
          1698 1699 1614 1613 
          1700 1701 1616 1615 
          1701 1702 1617 1616 
          1702 1703 1618 1617 
          1703 1704 1619 1618 
          1704 1705 1620 1619 
          1705 1706 1621 1620 
          1706 1707 1622 1621 
          1707 1708 1623 1622 
          1708 1709 1624 1623 
          1709 1710 1625 1624 
          1710 1711 1626 1625 
          1711 1712 1627 1626 
          1712 1713 1628 1627 
          1713 1714 1629 1628 
          1714 1715 1630 1629 
          1715 1716 1631 1630 
          1716 1717 1632 1631 
          1717 1718 1633 1632 
          1718 1719 1634 1633 
          1719 1720 1635 1634 
          1720 1721 1636 1635 
          1721 1722 1637 1636 
          1722 1723 1638 1637 
          1723 1724 1639 1638 
          1724 1725 1640 1639 
          1725 1726 1641 1640 
          1726 1727 1642 1641 
          1727 1728 1643 1642 
          1728 1729 1644 1643 
          1729 1730 1645 1644 
          1730 1731 1646 1645 
          1731 1732 1647 1646 
          1732 1733 1648 1647 
          1733 1734 1649 1648 
          1734 1735 1650 1649 
          1735 1736 1651 1650 
          1736 1737 1652 1651 
          1737 1738 1653 1652 
          1738 1739 1654 1653 
          1739 1740 1655 1654 
          1740 1741 1656 1655 
          1741 1742 1657 1656 
          1742 1743 1658 1657 
          1743 1744 1659 1658 
          1744 1745 1660 1659 
          1745 1746 1661 1660 
          1746 1747 1662 1661 
          1747 1748 1663 1662 
          1748 1749 1664 1663 
          1749 1750 1665 1664 
          1750 1751 1666 1665 
          1751 1752 1667 1666 
          1752 1753 1668 1667 
          1753 1754 1669 1668 
          1754 1755 1670 1669 
          1755 1756 1671 1670 
          1756 1757 1672 1671 
          1757 1758 1673 1672 
          1758 1759 1674 1673 
          1759 1760 1675 1674 
          1760 1761 1676 1675 
          1761 1762 1677 1676 
          1762 1763 1678 1677 
          1763 1764 1679 1678 
          1764 1765 1680 1679 
          1765 1766 1681 1680 
          1766 1767 1682 1681 
          1767 1768 1683 1682 
          1768 1769 1684 1683 
          1769 1770 1685 1684 
          1770 1771 1686 1685 
          1771 1772 1687 1686 
          1772 1773 1688 1687 
          1773 1774 1689 1688 
          1774 1775 1690 1689 
          1775 1776 1691 1690 
          1776 1777 1692 1691 
          1777 1778 1693 1692 
          1778 1779 1694 1693 
          1779 1780 1695 1694 
          1780 1781 1696 1695 
          1781 1782 1697 1696 
          1782 1783 1698 1697 
          1783 1784 1699 1698 
          1785 1786 1701 1700 
          1786 1787 1702 1701 
          1787 1788 1703 1702 
          1788 1789 1704 1703 
          1789 1790 1705 1704 
          1790 1791 1706 1705 
          1791 1792 1707 1706 
          1792 1793 1708 1707 
          1793 1794 1709 1708 
          1794 1795 1710 1709 
          1795 1796 1711 1710 
          1796 1797 1712 1711 
          1797 1798 1713 1712 
          1798 1799 1714 1713 
          1799 1800 1715 1714 
          1800 1801 1716 1715 
          1801 1802 1717 1716 
          1802 1803 1718 1717 
          1803 1804 1719 1718 
          1804 1805 1720 1719 
          1805 1806 1721 1720 
          1806 1807 1722 1721 
          1807 1808 1723 1722 
          1808 1809 1724 1723 
          1809 1810 1725 1724 
          1810 1811 1726 1725 
          1811 1812 1727 1726 
          1812 1813 1728 1727 
          1813 1814 1729 1728 
          1814 1815 1730 1729 
          1815 1816 1731 1730 
          1816 1817 1732 1731 
          1817 1818 1733 1732 
          1818 1819 1734 1733 
          1819 1820 1735 1734 
          1820 1821 1736 1735 
          1821 1822 1737 1736 
          1822 1823 1738 1737 
          1823 1824 1739 1738 
          1824 1825 1740 1739 
          1825 1826 1741 1740 
          1826 1827 1742 1741 
          1827 1828 1743 1742 
          1828 1829 1744 1743 
          1829 1830 1745 1744 
          1830 1831 1746 1745 
          1831 1832 1747 1746 
          1832 1833 1748 1747 
          1833 1834 1749 1748 
          1834 1835 1750 1749 
          1835 1836 1751 1750 
          1836 1837 1752 1751 
          1837 1838 1753 1752 
          1838 1839 1754 1753 
          1839 1840 1755 1754 
          1840 1841 1756 1755 
          1841 1842 1757 1756 
          1842 1843 1758 1757 
          1843 1844 1759 1758 
          1844 1845 1760 1759 
          1845 1846 1761 1760 
          1846 1847 1762 1761 
          1847 1848 1763 1762 
          1848 1849 1764 1763 
          1849 1850 1765 1764 
          1850 1851 1766 1765 
          1851 1852 1767 1766 
          1852 1853 1768 1767 
          1853 1854 1769 1768 
          1854 1855 1770 1769 
          1855 1856 1771 1770 
          1856 1857 1772 1771 
          1857 1858 1773 1772 
          1858 1859 1774 1773 
          1859 1860 1775 1774 
          1860 1861 1776 1775 
          1861 1862 1777 1776 
          1862 1863 1778 1777 
          1863 1864 1779 1778 
          1864 1865 1780 1779 
          1865 1866 1781 1780 
          1866 1867 1782 1781 
          1867 1868 1783 1782 
          1868 1869 1784 1783 
          1870 1871 1786 1785 
          1871 1872 1787 1786 
          1872 1873 1788 1787 
          1873 1874 1789 1788 
          1874 1875 1790 1789 
          1875 1876 1791 1790 
          1876 1877 1792 1791 
          1877 1878 1793 1792 
          1878 1879 1794 1793 
          1879 1880 1795 1794 
          1880 1881 1796 1795 
          1881 1882 1797 1796 
          1882 1883 1798 1797 
          1883 1884 1799 1798 
          1884 1885 1800 1799 
          1885 1886 1801 1800 
          1886 1887 1802 1801 
          1887 1888 1803 1802 
          1888 1889 1804 1803 
          1889 1890 1805 1804 
          1890 1891 1806 1805 
          1891 1892 1807 1806 
          1892 1893 1808 1807 
          1893 1894 1809 1808 
          1894 1895 1810 1809 
          1895 1896 1811 1810 
          1896 1897 1812 1811 
          1897 1898 1813 1812 
          1898 1899 1814 1813 
          1899 1900 1815 1814 
          1900 1901 1816 1815 
          1901 1902 1817 1816 
          1902 1903 1818 1817 
          1903 1904 1819 1818 
          1904 1905 1820 1819 
          1905 1906 1821 1820 
          1906 1907 1822 1821 
          1907 1908 1823 1822 
          1908 1909 1824 1823 
          1909 1910 1825 1824 
          1910 1911 1826 1825 
          1911 1912 1827 1826 
          1912 1913 1828 1827 
          1913 1914 1829 1828 
          1914 1915 1830 1829 
          1915 1916 1831 1830 
          1916 1917 1832 1831 
          1917 1918 1833 1832 
          1918 1919 1834 1833 
          1919 1920 1835 1834 
          1920 1921 1836 1835 
          1921 1922 1837 1836 
          1922 1923 1838 1837 
          1923 1924 1839 1838 
          1924 1925 1840 1839 
          1925 1926 1841 1840 
          1926 1927 1842 1841 
          1927 1928 1843 1842 
          1928 1929 1844 1843 
          1929 1930 1845 1844 
          1930 1931 1846 1845 
          1931 1932 1847 1846 
          1932 1933 1848 1847 
          1933 1934 1849 1848 
          1934 1935 1850 1849 
          1935 1936 1851 1850 
          1936 1937 1852 1851 
          1937 1938 1853 1852 
          1938 1939 1854 1853 
          1939 1940 1855 1854 
          1940 1941 1856 1855 
          1941 1942 1857 1856 
          1942 1943 1858 1857 
          1943 1944 1859 1858 
          1944 1945 1860 1859 
          1945 1946 1861 1860 
          1946 1947 1862 1861 
          1947 1948 1863 1862 
          1948 1949 1864 1863 
          1949 1950 1865 1864 
          1950 1951 1866 1865 
          1951 1952 1867 1866 
          1952 1953 1868 1867 
          1953 1954 1869 1868 
          1955 1956 1871 1870 
          1956 1957 1872 1871 
          1957 1958 1873 1872 
          1958 1959 1874 1873 
          1959 1960 1875 1874 
          1960 1961 1876 1875 
          1961 1962 1877 1876 
          1962 1963 1878 1877 
          1963 1964 1879 1878 
          1964 1965 1880 1879 
          1965 1966 1881 1880 
          1966 1967 1882 1881 
          1967 1968 1883 1882 
          1968 1969 1884 1883 
          1969 1970 1885 1884 
          1970 1971 1886 1885 
          1971 1972 1887 1886 
          1972 1973 1888 1887 
          1973 1974 1889 1888 
          1974 1975 1890 1889 
          1975 1976 1891 1890 
          1976 1977 1892 1891 
          1977 1978 1893 1892 
          1978 1979 1894 1893 
          1979 1980 1895 1894 
          1980 1981 1896 1895 
          1981 1982 1897 1896 
          1982 1983 1898 1897 
          1983 1984 1899 1898 
          1984 1985 1900 1899 
          1985 1986 1901 1900 
          1986 1987 1902 1901 
          1987 1988 1903 1902 
          1988 1989 1904 1903 
          1989 1990 1905 1904 
          1990 1991 1906 1905 
          1991 1992 1907 1906 
          1992 1993 1908 1907 
          1993 1994 1909 1908 
          1994 1995 1910 1909 
          1995 1996 1911 1910 
          1996 1997 1912 1911 
          1997 1998 1913 1912 
          1998 1999 1914 1913 
          1999 2000 1915 1914 
          2000 2001 1916 1915 
          2001 2002 1917 1916 
          2002 2003 1918 1917 
          2003 2004 1919 1918 
          2004 2005 1920 1919 
          2005 2006 1921 1920 
          2006 2007 1922 1921 
          2007 2008 1923 1922 
          2008 2009 1924 1923 
          2009 2010 1925 1924 
          2010 2011 1926 1925 
          2011 2012 1927 1926 
          2012 2013 1928 1927 
          2013 2014 1929 1928 
          2014 2015 1930 1929 
          2015 2016 1931 1930 
          2016 2017 1932 1931 
          2017 2018 1933 1932 
          2018 2019 1934 1933 
          2019 2020 1935 1934 
          2020 2021 1936 1935 
          2021 2022 1937 1936 
          2022 2023 1938 1937 
          2023 2024 1939 1938 
          2024 2025 1940 1939 
          2025 2026 1941 1940 
          2026 2027 1942 1941 
          2027 2028 1943 1942 
          2028 2029 1944 1943 
          2029 2030 1945 1944 
          2030 2031 1946 1945 
          2031 2032 1947 1946 
          2032 2033 1948 1947 
          2033 2034 1949 1948 
          2034 2035 1950 1949 
          2035 2036 1951 1950 
          2036 2037 1952 1951 
          2037 2038 1953 1952 
          2038 2039 1954 1953 
          2040 2041 1956 1955 
          2041 2042 1957 1956 
          2042 2043 1958 1957 
          2043 2044 1959 1958 
          2044 2045 1960 1959 
          2045 2046 1961 1960 
          2046 2047 1962 1961 
          2047 2048 1963 1962 
          2048 2049 1964 1963 
          2049 2050 1965 1964 
          2050 2051 1966 1965 
          2051 2052 1967 1966 
          2052 2053 1968 1967 
          2053 2054 1969 1968 
          2054 2055 1970 1969 
          2055 2056 1971 1970 
          2056 2057 1972 1971 
          2057 2058 1973 1972 
          2058 2059 1974 1973 
          2059 2060 1975 1974 
          2060 2061 1976 1975 
          2061 2062 1977 1976 
          2062 2063 1978 1977 
          2063 2064 1979 1978 
          2064 2065 1980 1979 
          2065 2066 1981 1980 
          2066 2067 1982 1981 
          2067 2068 1983 1982 
          2068 2069 1984 1983 
          2069 2070 1985 1984 
          2070 2071 1986 1985 
          2071 2072 1987 1986 
          2072 2073 1988 1987 
          2073 2074 1989 1988 
          2074 2075 1990 1989 
          2075 2076 1991 1990 
          2076 2077 1992 1991 
          2077 2078 1993 1992 
          2078 2079 1994 1993 
          2079 2080 1995 1994 
          2080 2081 1996 1995 
          2081 2082 1997 1996 
          2082 2083 1998 1997 
          2083 2084 1999 1998 
          2084 2085 2000 1999 
          2085 2086 2001 2000 
          2086 2087 2002 2001 
          2087 2088 2003 2002 
          2088 2089 2004 2003 
          2089 2090 2005 2004 
          2090 2091 2006 2005 
          2091 2092 2007 2006 
          2092 2093 2008 2007 
          2093 2094 2009 2008 
          2094 2095 2010 2009 
          2095 2096 2011 2010 
          2096 2097 2012 2011 
          2097 2098 2013 2012 
          2098 2099 2014 2013 
          2099 2100 2015 2014 
          2100 2101 2016 2015 
          2101 2102 2017 2016 
          2102 2103 2018 2017 
          2103 2104 2019 2018 
          2104 2105 2020 2019 
          2105 2106 2021 2020 
          2106 2107 2022 2021 
          2107 2108 2023 2022 
          2108 2109 2024 2023 
          2109 2110 2025 2024 
          2110 2111 2026 2025 
          2111 2112 2027 2026 
          2112 2113 2028 2027 
          2113 2114 2029 2028 
          2114 2115 2030 2029 
          2115 2116 2031 2030 
          2116 2117 2032 2031 
          2117 2118 2033 2032 
          2118 2119 2034 2033 
          2119 2120 2035 2034 
          2120 2121 2036 2035 
          2121 2122 2037 2036 
          2122 2123 2038 2037 
          2123 2124 2039 2038 
          2125 2126 2041 2040 
          2126 2127 2042 2041 
          2127 2128 2043 2042 
          2128 2129 2044 2043 
          2129 2130 2045 2044 
          2130 2131 2046 2045 
          2131 2132 2047 2046 
          2132 2133 2048 2047 
          2133 2134 2049 2048 
          2134 2135 2050 2049 
          2135 2136 2051 2050 
          2136 2137 2052 2051 
          2137 2138 2053 2052 
          2138 2139 2054 2053 
          2139 2140 2055 2054 
          2140 2141 2056 2055 
          2141 2142 2057 2056 
          2142 2143 2058 2057 
          2143 2144 2059 2058 
          2144 2145 2060 2059 
          2145 2146 2061 2060 
          2146 2147 2062 2061 
          2147 2148 2063 2062 
          2148 2149 2064 2063 
          2149 2150 2065 2064 
          2150 2151 2066 2065 
          2151 2152 2067 2066 
          2152 2153 2068 2067 
          2153 2154 2069 2068 
          2154 2155 2070 2069 
          2155 2156 2071 2070 
          2156 2157 2072 2071 
          2157 2158 2073 2072 
          2158 2159 2074 2073 
          2159 2160 2075 2074 
          2160 2161 2076 2075 
          2161 2162 2077 2076 
          2162 2163 2078 2077 
          2163 2164 2079 2078 
          2164 2165 2080 2079 
          2165 2166 2081 2080 
          2166 2167 2082 2081 
          2167 2168 2083 2082 
          2168 2169 2084 2083 
          2169 2170 2085 2084 
          2170 2171 2086 2085 
          2171 2172 2087 2086 
          2172 2173 2088 2087 
          2173 2174 2089 2088 
          2174 2175 2090 2089 
          2175 2176 2091 2090 
          2176 2177 2092 2091 
          2177 2178 2093 2092 
          2178 2179 2094 2093 
          2179 2180 2095 2094 
          2180 2181 2096 2095 
          2181 2182 2097 2096 
          2182 2183 2098 2097 
          2183 2184 2099 2098 
          2184 2185 2100 2099 
          2185 2186 2101 2100 
          2186 2187 2102 2101 
          2187 2188 2103 2102 
          2188 2189 2104 2103 
          2189 2190 2105 2104 
          2190 2191 2106 2105 
          2191 2192 2107 2106 
          2192 2193 2108 2107 
          2193 2194 2109 2108 
          2194 2195 2110 2109 
          2195 2196 2111 2110 
          2196 2197 2112 2111 
          2197 2198 2113 2112 
          2198 2199 2114 2113 
          2199 2200 2115 2114 
          2200 2201 2116 2115 
          2201 2202 2117 2116 
          2202 2203 2118 2117 
          2203 2204 2119 2118 
          2204 2205 2120 2119 
          2205 2206 2121 2120 
          2206 2207 2122 2121 
          2207 2208 2123 2122 
          2208 2209 2124 2123 
          2210 2211 2126 2125 
          2211 2212 2127 2126 
          2212 2213 2128 2127 
          2213 2214 2129 2128 
          2214 2215 2130 2129 
          2215 2216 2131 2130 
          2216 2217 2132 2131 
          2217 2218 2133 2132 
          2218 2219 2134 2133 
          2219 2220 2135 2134 
          2220 2221 2136 2135 
          2221 2222 2137 2136 
          2222 2223 2138 2137 
          2223 2224 2139 2138 
          2224 2225 2140 2139 
          2225 2226 2141 2140 
          2226 2227 2142 2141 
          2227 2228 2143 2142 
          2228 2229 2144 2143 
          2229 2230 2145 2144 
          2230 2231 2146 2145 
          2231 2232 2147 2146 
          2232 2233 2148 2147 
          2233 2234 2149 2148 
          2234 2235 2150 2149 
          2235 2236 2151 2150 
          2236 2237 2152 2151 
          2237 2238 2153 2152 
          2238 2239 2154 2153 
          2239 2240 2155 2154 
          2240 2241 2156 2155 
          2241 2242 2157 2156 
          2242 2243 2158 2157 
          2243 2244 2159 2158 
          2244 2245 2160 2159 
          2245 2246 2161 2160 
          2246 2247 2162 2161 
          2247 2248 2163 2162 
          2248 2249 2164 2163 
          2249 2250 2165 2164 
          2250 2251 2166 2165 
          2251 2252 2167 2166 
          2252 2253 2168 2167 
          2253 2254 2169 2168 
          2254 2255 2170 2169 
          2255 2256 2171 2170 
          2256 2257 2172 2171 
          2257 2258 2173 2172 
          2258 2259 2174 2173 
          2259 2260 2175 2174 
          2260 2261 2176 2175 
          2261 2262 2177 2176 
          2262 2263 2178 2177 
          2263 2264 2179 2178 
          2264 2265 2180 2179 
          2265 2266 2181 2180 
          2266 2267 2182 2181 
          2267 2268 2183 2182 
          2268 2269 2184 2183 
          2269 2270 2185 2184 
          2270 2271 2186 2185 
          2271 2272 2187 2186 
          2272 2273 2188 2187 
          2273 2274 2189 2188 
          2274 2275 2190 2189 
          2275 2276 2191 2190 
          2276 2277 2192 2191 
          2277 2278 2193 2192 
          2278 2279 2194 2193 
          2279 2280 2195 2194 
          2280 2281 2196 2195 
          2281 2282 2197 2196 
          2282 2283 2198 2197 
          2283 2284 2199 2198 
          2284 2285 2200 2199 
          2285 2286 2201 2200 
          2286 2287 2202 2201 
          2287 2288 2203 2202 
          2288 2289 2204 2203 
          2289 2290 2205 2204 
          2290 2291 2206 2205 
          2291 2292 2207 2206 
          2292 2293 2208 2207 
          2293 2294 2209 2208 
          2295 2296 2211 2210 
          2296 2297 2212 2211 
          2297 2298 2213 2212 
          2298 2299 2214 2213 
          2299 2300 2215 2214 
          2300 2301 2216 2215 
          2301 2302 2217 2216 
          2302 2303 2218 2217 
          2303 2304 2219 2218 
          2304 2305 2220 2219 
          2305 2306 2221 2220 
          2306 2307 2222 2221 
          2307 2308 2223 2222 
          2308 2309 2224 2223 
          2309 2310 2225 2224 
          2310 2311 2226 2225 
          2311 2312 2227 2226 
          2312 2313 2228 2227 
          2313 2314 2229 2228 
          2314 2315 2230 2229 
          2315 2316 2231 2230 
          2316 2317 2232 2231 
          2317 2318 2233 2232 
          2318 2319 2234 2233 
          2319 2320 2235 2234 
          2320 2321 2236 2235 
          2321 2322 2237 2236 
          2322 2323 2238 2237 
          2323 2324 2239 2238 
          2324 2325 2240 2239 
          2325 2326 2241 2240 
          2326 2327 2242 2241 
          2327 2328 2243 2242 
          2328 2329 2244 2243 
          2329 2330 2245 2244 
          2330 2331 2246 2245 
          2331 2332 2247 2246 
          2332 2333 2248 2247 
          2333 2334 2249 2248 
          2334 2335 2250 2249 
          2335 2336 2251 2250 
          2336 2337 2252 2251 
          2337 2338 2253 2252 
          2338 2339 2254 2253 
          2339 2340 2255 2254 
          2340 2341 2256 2255 
          2341 2342 2257 2256 
          2342 2343 2258 2257 
          2343 2344 2259 2258 
          2344 2345 2260 2259 
          2345 2346 2261 2260 
          2346 2347 2262 2261 
          2347 2348 2263 2262 
          2348 2349 2264 2263 
          2349 2350 2265 2264 
          2350 2351 2266 2265 
          2351 2352 2267 2266 
          2352 2353 2268 2267 
          2353 2354 2269 2268 
          2354 2355 2270 2269 
          2355 2356 2271 2270 
          2356 2357 2272 2271 
          2357 2358 2273 2272 
          2358 2359 2274 2273 
          2359 2360 2275 2274 
          2360 2361 2276 2275 
          2361 2362 2277 2276 
          2362 2363 2278 2277 
          2363 2364 2279 2278 
          2364 2365 2280 2279 
          2365 2366 2281 2280 
          2366 2367 2282 2281 
          2367 2368 2283 2282 
          2368 2369 2284 2283 
          2369 2370 2285 2284 
          2370 2371 2286 2285 
          2371 2372 2287 2286 
          2372 2373 2288 2287 
          2373 2374 2289 2288 
          2374 2375 2290 2289 
          2375 2376 2291 2290 
          2376 2377 2292 2291 
          2377 2378 2293 2292 
          2378 2379 2294 2293 
          2380 2381 2296 2295 
          2381 2382 2297 2296 
          2382 2383 2298 2297 
          2383 2384 2299 2298 
          2384 2385 2300 2299 
          2385 2386 2301 2300 
          2386 2387 2302 2301 
          2387 2388 2303 2302 
          2388 2389 2304 2303 
          2389 2390 2305 2304 
          2390 2391 2306 2305 
          2391 2392 2307 2306 
          2392 2393 2308 2307 
          2393 2394 2309 2308 
          2394 2395 2310 2309 
          2395 2396 2311 2310 
          2396 2397 2312 2311 
          2397 2398 2313 2312 
          2398 2399 2314 2313 
          2399 2400 2315 2314 
          2400 2401 2316 2315 
          2401 2402 2317 2316 
          2402 2403 2318 2317 
          2403 2404 2319 2318 
          2404 2405 2320 2319 
          2405 2406 2321 2320 
          2406 2407 2322 2321 
          2407 2408 2323 2322 
          2408 2409 2324 2323 
          2409 2410 2325 2324 
          2410 2411 2326 2325 
          2411 2412 2327 2326 
          2412 2413 2328 2327 
          2413 2414 2329 2328 
          2414 2415 2330 2329 
          2415 2416 2331 2330 
          2416 2417 2332 2331 
          2417 2418 2333 2332 
          2418 2419 2334 2333 
          2419 2420 2335 2334 
          2420 2421 2336 2335 
          2421 2422 2337 2336 
          2422 2423 2338 2337 
          2423 2424 2339 2338 
          2424 2425 2340 2339 
          2425 2426 2341 2340 
          2426 2427 2342 2341 
          2427 2428 2343 2342 
          2428 2429 2344 2343 
          2429 2430 2345 2344 
          2430 2431 2346 2345 
          2431 2432 2347 2346 
          2432 2433 2348 2347 
          2433 2434 2349 2348 
          2434 2435 2350 2349 
          2435 2436 2351 2350 
          2436 2437 2352 2351 
          2437 2438 2353 2352 
          2438 2439 2354 2353 
          2439 2440 2355 2354 
          2440 2441 2356 2355 
          2441 2442 2357 2356 
          2442 2443 2358 2357 
          2443 2444 2359 2358 
          2444 2445 2360 2359 
          2445 2446 2361 2360 
          2446 2447 2362 2361 
          2447 2448 2363 2362 
          2448 2449 2364 2363 
          2449 2450 2365 2364 
          2450 2451 2366 2365 
          2451 2452 2367 2366 
          2452 2453 2368 2367 
          2453 2454 2369 2368 
          2454 2455 2370 2369 
          2455 2456 2371 2370 
          2456 2457 2372 2371 
          2457 2458 2373 2372 
          2458 2459 2374 2373 
          2459 2460 2375 2374 
          2460 2461 2376 2375 
          2461 2462 2377 2376 
          2462 2463 2378 2377 
          2463 2464 2379 2378 
          2465 2466 2381 2380 
          2466 2467 2382 2381 
          2467 2468 2383 2382 
          2468 2469 2384 2383 
          2469 2470 2385 2384 
          2470 2471 2386 2385 
          2471 2472 2387 2386 
          2472 2473 2388 2387 
          2473 2474 2389 2388 
          2474 2475 2390 2389 
          2475 2476 2391 2390 
          2476 2477 2392 2391 
          2477 2478 2393 2392 
          2478 2479 2394 2393 
          2479 2480 2395 2394 
          2480 2481 2396 2395 
          2481 2482 2397 2396 
          2482 2483 2398 2397 
          2483 2484 2399 2398 
          2484 2485 2400 2399 
          2485 2486 2401 2400 
          2486 2487 2402 2401 
          2487 2488 2403 2402 
          2488 2489 2404 2403 
          2489 2490 2405 2404 
          2490 2491 2406 2405 
          2491 2492 2407 2406 
          2492 2493 2408 2407 
          2493 2494 2409 2408 
          2494 2495 2410 2409 
          2495 2496 2411 2410 
          2496 2497 2412 2411 
          2497 2498 2413 2412 
          2498 2499 2414 2413 
          2499 2500 2415 2414 
          2500 2501 2416 2415 
          2501 2502 2417 2416 
          2502 2503 2418 2417 
          2503 2504 2419 2418 
          2504 2505 2420 2419 
          2505 2506 2421 2420 
          2506 2507 2422 2421 
          2507 2508 2423 2422 
          2508 2509 2424 2423 
          2509 2510 2425 2424 
          2510 2511 2426 2425 
          2511 2512 2427 2426 
          2512 2513 2428 2427 
          2513 2514 2429 2428 
          2514 2515 2430 2429 
          2515 2516 2431 2430 
          2516 2517 2432 2431 
          2517 2518 2433 2432 
          2518 2519 2434 2433 
          2519 2520 2435 2434 
          2520 2521 2436 2435 
          2521 2522 2437 2436 
          2522 2523 2438 2437 
          2523 2524 2439 2438 
          2524 2525 2440 2439 
          2525 2526 2441 2440 
          2526 2527 2442 2441 
          2527 2528 2443 2442 
          2528 2529 2444 2443 
          2529 2530 2445 2444 
          2530 2531 2446 2445 
          2531 2532 2447 2446 
          2532 2533 2448 2447 
          2533 2534 2449 2448 
          2534 2535 2450 2449 
          2535 2536 2451 2450 
          2536 2537 2452 2451 
          2537 2538 2453 2452 
          2538 2539 2454 2453 
          2539 2540 2455 2454 
          2540 2541 2456 2455 
          2541 2542 2457 2456 
          2542 2543 2458 2457 
          2543 2544 2459 2458 
          2544 2545 2460 2459 
          2545 2546 2461 2460 
          2546 2547 2462 2461 
          2547 2548 2463 2462 
          2548 2549 2464 2463 
          2550 2551 2466 2465 
          2551 2552 2467 2466 
          2552 2553 2468 2467 
          2553 2554 2469 2468 
          2554 2555 2470 2469 
          2555 2556 2471 2470 
          2556 2557 2472 2471 
          2557 2558 2473 2472 
          2558 2559 2474 2473 
          2559 2560 2475 2474 
          2560 2561 2476 2475 
          2561 2562 2477 2476 
          2562 2563 2478 2477 
          2563 2564 2479 2478 
          2564 2565 2480 2479 
          2565 2566 2481 2480 
          2566 2567 2482 2481 
          2567 2568 2483 2482 
          2568 2569 2484 2483 
          2569 2570 2485 2484 
          2570 2571 2486 2485 
          2571 2572 2487 2486 
          2572 2573 2488 2487 
          2573 2574 2489 2488 
          2574 2575 2490 2489 
          2575 2576 2491 2490 
          2576 2577 2492 2491 
          2577 2578 2493 2492 
          2578 2579 2494 2493 
          2579 2580 2495 2494 
          2580 2581 2496 2495 
          2581 2582 2497 2496 
          2582 2583 2498 2497 
          2583 2584 2499 2498 
          2584 2585 2500 2499 
          2585 2586 2501 2500 
          2586 2587 2502 2501 
          2587 2588 2503 2502 
          2588 2589 2504 2503 
          2589 2590 2505 2504 
          2590 2591 2506 2505 
          2591 2592 2507 2506 
          2592 2593 2508 2507 
          2593 2594 2509 2508 
          2594 2595 2510 2509 
          2595 2596 2511 2510 
          2596 2597 2512 2511 
          2597 2598 2513 2512 
          2598 2599 2514 2513 
          2599 2600 2515 2514 
          2600 2601 2516 2515 
          2601 2602 2517 2516 
          2602 2603 2518 2517 
          2603 2604 2519 2518 
          2604 2605 2520 2519 
          2605 2606 2521 2520 
          2606 2607 2522 2521 
          2607 2608 2523 2522 
          2608 2609 2524 2523 
          2609 2610 2525 2524 
          2610 2611 2526 2525 
          2611 2612 2527 2526 
          2612 2613 2528 2527 
          2613 2614 2529 2528 
          2614 2615 2530 2529 
          2615 2616 2531 2530 
          2616 2617 2532 2531 
          2617 2618 2533 2532 
          2618 2619 2534 2533 
          2619 2620 2535 2534 
          2620 2621 2536 2535 
          2621 2622 2537 2536 
          2622 2623 2538 2537 
          2623 2624 2539 2538 
          2624 2625 2540 2539 
          2625 2626 2541 2540 
          2626 2627 2542 2541 
          2627 2628 2543 2542 
          2628 2629 2544 2543 
          2629 2630 2545 2544 
          2630 2631 2546 2545 
          2631 2632 2547 2546 
          2632 2633 2548 2547 
          2633 2634 2549 2548 
          2635 2636 2551 2550 
          2636 2637 2552 2551 
          2637 2638 2553 2552 
          2638 2639 2554 2553 
          2639 2640 2555 2554 
          2640 2641 2556 2555 
          2641 2642 2557 2556 
          2642 2643 2558 2557 
          2643 2644 2559 2558 
          2644 2645 2560 2559 
          2645 2646 2561 2560 
          2646 2647 2562 2561 
          2647 2648 2563 2562 
          2648 2649 2564 2563 
          2649 2650 2565 2564 
          2650 2651 2566 2565 
          2651 2652 2567 2566 
          2652 2653 2568 2567 
          2653 2654 2569 2568 
          2654 2655 2570 2569 
          2655 2656 2571 2570 
          2656 2657 2572 2571 
          2657 2658 2573 2572 
          2658 2659 2574 2573 
          2659 2660 2575 2574 
          2660 2661 2576 2575 
          2661 2662 2577 2576 
          2662 2663 2578 2577 
          2663 2664 2579 2578 
          2664 2665 2580 2579 
          2665 2666 2581 2580 
          2666 2667 2582 2581 
          2667 2668 2583 2582 
          2668 2669 2584 2583 
          2669 2670 2585 2584 
          2670 2671 2586 2585 
          2671 2672 2587 2586 
          2672 2673 2588 2587 
          2673 2674 2589 2588 
          2674 2675 2590 2589 
          2675 2676 2591 2590 
          2676 2677 2592 2591 
          2677 2678 2593 2592 
          2678 2679 2594 2593 
          2679 2680 2595 2594 
          2680 2681 2596 2595 
          2681 2682 2597 2596 
          2682 2683 2598 2597 
          2683 2684 2599 2598 
          2684 2685 2600 2599 
          2685 2686 2601 2600 
          2686 2687 2602 2601 
          2687 2688 2603 2602 
          2688 2689 2604 2603 
          2689 2690 2605 2604 
          2690 2691 2606 2605 
          2691 2692 2607 2606 
          2692 2693 2608 2607 
          2693 2694 2609 2608 
          2694 2695 2610 2609 
          2695 2696 2611 2610 
          2696 2697 2612 2611 
          2697 2698 2613 2612 
          2698 2699 2614 2613 
          2699 2700 2615 2614 
          2700 2701 2616 2615 
          2701 2702 2617 2616 
          2702 2703 2618 2617 
          2703 2704 2619 2618 
          2704 2705 2620 2619 
          2705 2706 2621 2620 
          2706 2707 2622 2621 
          2707 2708 2623 2622 
          2708 2709 2624 2623 
          2709 2710 2625 2624 
          2710 2711 2626 2625 
          2711 2712 2627 2626 
          2712 2713 2628 2627 
          2713 2714 2629 2628 
          2714 2715 2630 2629 
          2715 2716 2631 2630 
          2716 2717 2632 2631 
          2717 2718 2633 2632 
          2718 2719 2634 2633 
          2720 2721 2636 2635 
          2721 2722 2637 2636 
          2722 2723 2638 2637 
          2723 2724 2639 2638 
          2724 2725 2640 2639 
          2725 2726 2641 2640 
          2726 2727 2642 2641 
          2727 2728 2643 2642 
          2728 2729 2644 2643 
          2729 2730 2645 2644 
          2730 2731 2646 2645 
          2731 2732 2647 2646 
          2732 2733 2648 2647 
          2733 2734 2649 2648 
          2734 2735 2650 2649 
          2735 2736 2651 2650 
          2736 2737 2652 2651 
          2737 2738 2653 2652 
          2738 2739 2654 2653 
          2739 2740 2655 2654 
          2740 2741 2656 2655 
          2741 2742 2657 2656 
          2742 2743 2658 2657 
          2743 2744 2659 2658 
          2744 2745 2660 2659 
          2745 2746 2661 2660 
          2746 2747 2662 2661 
          2747 2748 2663 2662 
          2748 2749 2664 2663 
          2749 2750 2665 2664 
          2750 2751 2666 2665 
          2751 2752 2667 2666 
          2752 2753 2668 2667 
          2753 2754 2669 2668 
          2754 2755 2670 2669 
          2755 2756 2671 2670 
          2756 2757 2672 2671 
          2757 2758 2673 2672 
          2758 2759 2674 2673 
          2759 2760 2675 2674 
          2760 2761 2676 2675 
          2761 2762 2677 2676 
          2762 2763 2678 2677 
          2763 2764 2679 2678 
          2764 2765 2680 2679 
          2765 2766 2681 2680 
          2766 2767 2682 2681 
          2767 2768 2683 2682 
          2768 2769 2684 2683 
          2769 2770 2685 2684 
          2770 2771 2686 2685 
          2771 2772 2687 2686 
          2772 2773 2688 2687 
          2773 2774 2689 2688 
          2774 2775 2690 2689 
          2775 2776 2691 2690 
          2776 2777 2692 2691 
          2777 2778 2693 2692 
          2778 2779 2694 2693 
          2779 2780 2695 2694 
          2780 2781 2696 2695 
          2781 2782 2697 2696 
          2782 2783 2698 2697 
          2783 2784 2699 2698 
          2784 2785 2700 2699 
          2785 2786 2701 2700 
          2786 2787 2702 2701 
          2787 2788 2703 2702 
          2788 2789 2704 2703 
          2789 2790 2705 2704 
          2790 2791 2706 2705 
          2791 2792 2707 2706 
          2792 2793 2708 2707 
          2793 2794 2709 2708 
          2794 2795 2710 2709 
          2795 2796 2711 2710 
          2796 2797 2712 2711 
          2797 2798 2713 2712 
          2798 2799 2714 2713 
          2799 2800 2715 2714 
          2800 2801 2716 2715 
          2801 2802 2717 2716 
          2802 2803 2718 2717 
          2803 2804 2719 2718 
          2805 2806 2721 2720 
          2806 2807 2722 2721 
          2807 2808 2723 2722 
          2808 2809 2724 2723 
          2809 2810 2725 2724 
          2810 2811 2726 2725 
          2811 2812 2727 2726 
          2812 2813 2728 2727 
          2813 2814 2729 2728 
          2814 2815 2730 2729 
          2815 2816 2731 2730 
          2816 2817 2732 2731 
          2817 2818 2733 2732 
          2818 2819 2734 2733 
          2819 2820 2735 2734 
          2820 2821 2736 2735 
          2821 2822 2737 2736 
          2822 2823 2738 2737 
          2823 2824 2739 2738 
          2824 2825 2740 2739 
          2825 2826 2741 2740 
          2826 2827 2742 2741 
          2827 2828 2743 2742 
          2828 2829 2744 2743 
          2829 2830 2745 2744 
          2830 2831 2746 2745 
          2831 2832 2747 2746 
          2832 2833 2748 2747 
          2833 2834 2749 2748 
          2834 2835 2750 2749 
          2835 2836 2751 2750 
          2836 2837 2752 2751 
          2837 2838 2753 2752 
          2838 2839 2754 2753 
          2839 2840 2755 2754 
          2840 2841 2756 2755 
          2841 2842 2757 2756 
          2842 2843 2758 2757 
          2843 2844 2759 2758 
          2844 2845 2760 2759 
          2845 2846 2761 2760 
          2846 2847 2762 2761 
          2847 2848 2763 2762 
          2848 2849 2764 2763 
          2849 2850 2765 2764 
          2850 2851 2766 2765 
          2851 2852 2767 2766 
          2852 2853 2768 2767 
          2853 2854 2769 2768 
          2854 2855 2770 2769 
          2855 2856 2771 2770 
          2856 2857 2772 2771 
          2857 2858 2773 2772 
          2858 2859 2774 2773 
          2859 2860 2775 2774 
          2860 2861 2776 2775 
          2861 2862 2777 2776 
          2862 2863 2778 2777 
          2863 2864 2779 2778 
          2864 2865 2780 2779 
          2865 2866 2781 2780 
          2866 2867 2782 2781 
          2867 2868 2783 2782 
          2868 2869 2784 2783 
          2869 2870 2785 2784 
          2870 2871 2786 2785 
          2871 2872 2787 2786 
          2872 2873 2788 2787 
          2873 2874 2789 2788 
          2874 2875 2790 2789 
          2875 2876 2791 2790 
          2876 2877 2792 2791 
          2877 2878 2793 2792 
          2878 2879 2794 2793 
          2879 2880 2795 2794 
          2880 2881 2796 2795 
          2881 2882 2797 2796 
          2882 2883 2798 2797 
          2883 2884 2799 2798 
          2884 2885 2800 2799 
          2885 2886 2801 2800 
          2886 2887 2802 2801 
          2887 2888 2803 2802 
          2888 2889 2804 2803 
          2890 2891 2806 2805 
          2891 2892 2807 2806 
          2892 2893 2808 2807 
          2893 2894 2809 2808 
          2894 2895 2810 2809 
          2895 2896 2811 2810 
          2896 2897 2812 2811 
          2897 2898 2813 2812 
          2898 2899 2814 2813 
          2899 2900 2815 2814 
          2900 2901 2816 2815 
          2901 2902 2817 2816 
          2902 2903 2818 2817 
          2903 2904 2819 2818 
          2904 2905 2820 2819 
          2905 2906 2821 2820 
          2906 2907 2822 2821 
          2907 2908 2823 2822 
          2908 2909 2824 2823 
          2909 2910 2825 2824 
          2910 2911 2826 2825 
          2911 2912 2827 2826 
          2912 2913 2828 2827 
          2913 2914 2829 2828 
          2914 2915 2830 2829 
          2915 2916 2831 2830 
          2916 2917 2832 2831 
          2917 2918 2833 2832 
          2918 2919 2834 2833 
          2919 2920 2835 2834 
          2920 2921 2836 2835 
          2921 2922 2837 2836 
          2922 2923 2838 2837 
          2923 2924 2839 2838 
          2924 2925 2840 2839 
          2925 2926 2841 2840 
          2926 2927 2842 2841 
          2927 2928 2843 2842 
          2928 2929 2844 2843 
          2929 2930 2845 2844 
          2930 2931 2846 2845 
          2931 2932 2847 2846 
          2932 2933 2848 2847 
          2933 2934 2849 2848 
          2934 2935 2850 2849 
          2935 2936 2851 2850 
          2936 2937 2852 2851 
          2937 2938 2853 2852 
          2938 2939 2854 2853 
          2939 2940 2855 2854 
          2940 2941 2856 2855 
          2941 2942 2857 2856 
          2942 2943 2858 2857 
          2943 2944 2859 2858 
          2944 2945 2860 2859 
          2945 2946 2861 2860 
          2946 2947 2862 2861 
          2947 2948 2863 2862 
          2948 2949 2864 2863 
          2949 2950 2865 2864 
          2950 2951 2866 2865 
          2951 2952 2867 2866 
          2952 2953 2868 2867 
          2953 2954 2869 2868 
          2954 2955 2870 2869 
          2955 2956 2871 2870 
          2956 2957 2872 2871 
          2957 2958 2873 2872 
          2958 2959 2874 2873 
          2959 2960 2875 2874 
          2960 2961 2876 2875 
          2961 2962 2877 2876 
          2962 2963 2878 2877 
          2963 2964 2879 2878 
          2964 2965 2880 2879 
          2965 2966 2881 2880 
          2966 2967 2882 2881 
          2967 2968 2883 2882 
          2968 2969 2884 2883 
          2969 2970 2885 2884 
          2970 2971 2886 2885 
          2971 2972 2887 2886 
          2972 2973 2888 2887 
          2973 2974 2889 2888 
          2975 2976 2891 2890 
          2976 2977 2892 2891 
          2977 2978 2893 2892 
          2978 2979 2894 2893 
          2979 2980 2895 2894 
          2980 2981 2896 2895 
          2981 2982 2897 2896 
          2982 2983 2898 2897 
          2983 2984 2899 2898 
          2984 2985 2900 2899 
          2985 2986 2901 2900 
          2986 2987 2902 2901 
          2987 2988 2903 2902 
          2988 2989 2904 2903 
          2989 2990 2905 2904 
          2990 2991 2906 2905 
          2991 2992 2907 2906 
          2992 2993 2908 2907 
          2993 2994 2909 2908 
          2994 2995 2910 2909 
          2995 2996 2911 2910 
          2996 2997 2912 2911 
          2997 2998 2913 2912 
          2998 2999 2914 2913 
          2999 3000 2915 2914 
          3000 3001 2916 2915 
          3001 3002 2917 2916 
          3002 3003 2918 2917 
          3003 3004 2919 2918 
          3004 3005 2920 2919 
          3005 3006 2921 2920 
          3006 3007 2922 2921 
          3007 3008 2923 2922 
          3008 3009 2924 2923 
          3009 3010 2925 2924 
          3010 3011 2926 2925 
          3011 3012 2927 2926 
          3012 3013 2928 2927 
          3013 3014 2929 2928 
          3014 3015 2930 2929 
          3015 3016 2931 2930 
          3016 3017 2932 2931 
          3017 3018 2933 2932 
          3018 3019 2934 2933 
          3019 3020 2935 2934 
          3020 3021 2936 2935 
          3021 3022 2937 2936 
          3022 3023 2938 2937 
          3023 3024 2939 2938 
          3024 3025 2940 2939 
          3025 3026 2941 2940 
          3026 3027 2942 2941 
          3027 3028 2943 2942 
          3028 3029 2944 2943 
          3029 3030 2945 2944 
          3030 3031 2946 2945 
          3031 3032 2947 2946 
          3032 3033 2948 2947 
          3033 3034 2949 2948 
          3034 3035 2950 2949 
          3035 3036 2951 2950 
          3036 3037 2952 2951 
          3037 3038 2953 2952 
          3038 3039 2954 2953 
          3039 3040 2955 2954 
          3040 3041 2956 2955 
          3041 3042 2957 2956 
          3042 3043 2958 2957 
          3043 3044 2959 2958 
          3044 3045 2960 2959 
          3045 3046 2961 2960 
          3046 3047 2962 2961 
          3047 3048 2963 2962 
          3048 3049 2964 2963 
          3049 3050 2965 2964 
          3050 3051 2966 2965 
          3051 3052 2967 2966 
          3052 3053 2968 2967 
          3053 3054 2969 2968 
          3054 3055 2970 2969 
          3055 3056 2971 2970 
          3056 3057 2972 2971 
          3057 3058 2973 2972 
          3058 3059 2974 2973 
          3060 3061 2976 2975 
          3061 3062 2977 2976 
          3062 3063 2978 2977 
          3063 3064 2979 2978 
          3064 3065 2980 2979 
          3065 3066 2981 2980 
          3066 3067 2982 2981 
          3067 3068 2983 2982 
          3068 3069 2984 2983 
          3069 3070 2985 2984 
          3070 3071 2986 2985 
          3071 3072 2987 2986 
          3072 3073 2988 2987 
          3073 3074 2989 2988 
          3074 3075 2990 2989 
          3075 3076 2991 2990 
          3076 3077 2992 2991 
          3077 3078 2993 2992 
          3078 3079 2994 2993 
          3079 3080 2995 2994 
          3080 3081 2996 2995 
          3081 3082 2997 2996 
          3082 3083 2998 2997 
          3083 3084 2999 2998 
          3084 3085 3000 2999 
          3085 3086 3001 3000 
          3086 3087 3002 3001 
          3087 3088 3003 3002 
          3088 3089 3004 3003 
          3089 3090 3005 3004 
          3090 3091 3006 3005 
          3091 3092 3007 3006 
          3092 3093 3008 3007 
          3093 3094 3009 3008 
          3094 3095 3010 3009 
          3095 3096 3011 3010 
          3096 3097 3012 3011 
          3097 3098 3013 3012 
          3098 3099 3014 3013 
          3099 3100 3015 3014 
          3100 3101 3016 3015 
          3101 3102 3017 3016 
          3102 3103 3018 3017 
          3103 3104 3019 3018 
          3104 3105 3020 3019 
          3105 3106 3021 3020 
          3106 3107 3022 3021 
          3107 3108 3023 3022 
          3108 3109 3024 3023 
          3109 3110 3025 3024 
          3110 3111 3026 3025 
          3111 3112 3027 3026 
          3112 3113 3028 3027 
          3113 3114 3029 3028 
          3114 3115 3030 3029 
          3115 3116 3031 3030 
          3116 3117 3032 3031 
          3117 3118 3033 3032 
          3118 3119 3034 3033 
          3119 3120 3035 3034 
          3120 3121 3036 3035 
          3121 3122 3037 3036 
          3122 3123 3038 3037 
          3123 3124 3039 3038 
          3124 3125 3040 3039 
          3125 3126 3041 3040 
          3126 3127 3042 3041 
          3127 3128 3043 3042 
          3128 3129 3044 3043 
          3129 3130 3045 3044 
          3130 3131 3046 3045 
          3131 3132 3047 3046 
          3132 3133 3048 3047 
          3133 3134 3049 3048 
          3134 3135 3050 3049 
          3135 3136 3051 3050 
          3136 3137 3052 3051 
          3137 3138 3053 3052 
          3138 3139 3054 3053 
          3139 3140 3055 3054 
          3140 3141 3056 3055 
          3141 3142 3057 3056 
          3142 3143 3058 3057 
          3143 3144 3059 3058 
          3145 3146 3061 3060 
          3146 3147 3062 3061 
          3147 3148 3063 3062 
          3148 3149 3064 3063 
          3149 3150 3065 3064 
          3150 3151 3066 3065 
          3151 3152 3067 3066 
          3152 3153 3068 3067 
          3153 3154 3069 3068 
          3154 3155 3070 3069 
          3155 3156 3071 3070 
          3156 3157 3072 3071 
          3157 3158 3073 3072 
          3158 3159 3074 3073 
          3159 3160 3075 3074 
          3160 3161 3076 3075 
          3161 3162 3077 3076 
          3162 3163 3078 3077 
          3163 3164 3079 3078 
          3164 3165 3080 3079 
          3165 3166 3081 3080 
          3166 3167 3082 3081 
          3167 3168 3083 3082 
          3168 3169 3084 3083 
          3169 3170 3085 3084 
          3170 3171 3086 3085 
          3171 3172 3087 3086 
          3172 3173 3088 3087 
          3173 3174 3089 3088 
          3174 3175 3090 3089 
          3175 3176 3091 3090 
          3176 3177 3092 3091 
          3177 3178 3093 3092 
          3178 3179 3094 3093 
          3179 3180 3095 3094 
          3180 3181 3096 3095 
          3181 3182 3097 3096 
          3182 3183 3098 3097 
          3183 3184 3099 3098 
          3184 3185 3100 3099 
          3185 3186 3101 3100 
          3186 3187 3102 3101 
          3187 3188 3103 3102 
          3188 3189 3104 3103 
          3189 3190 3105 3104 
          3190 3191 3106 3105 
          3191 3192 3107 3106 
          3192 3193 3108 3107 
          3193 3194 3109 3108 
          3194 3195 3110 3109 
          3195 3196 3111 3110 
          3196 3197 3112 3111 
          3197 3198 3113 3112 
          3198 3199 3114 3113 
          3199 3200 3115 3114 
          3200 3201 3116 3115 
          3201 3202 3117 3116 
          3202 3203 3118 3117 
          3203 3204 3119 3118 
          3204 3205 3120 3119 
          3205 3206 3121 3120 
          3206 3207 3122 3121 
          3207 3208 3123 3122 
          3208 3209 3124 3123 
          3209 3210 3125 3124 
          3210 3211 3126 3125 
          3211 3212 3127 3126 
          3212 3213 3128 3127 
          3213 3214 3129 3128 
          3214 3215 3130 3129 
          3215 3216 3131 3130 
          3216 3217 3132 3131 
          3217 3218 3133 3132 
          3218 3219 3134 3133 
          3219 3220 3135 3134 
          3220 3221 3136 3135 
          3221 3222 3137 3136 
          3222 3223 3138 3137 
          3223 3224 3139 3138 
          3224 3225 3140 3139 
          3225 3226 3141 3140 
          3226 3227 3142 3141 
          3227 3228 3143 3142 
          3228 3229 3144 3143 
          3230 3231 3146 3145 
          3231 3232 3147 3146 
          3232 3233 3148 3147 
          3233 3234 3149 3148 
          3234 3235 3150 3149 
          3235 3236 3151 3150 
          3236 3237 3152 3151 
          3237 3238 3153 3152 
          3238 3239 3154 3153 
          3239 3240 3155 3154 
          3240 3241 3156 3155 
          3241 3242 3157 3156 
          3242 3243 3158 3157 
          3243 3244 3159 3158 
          3244 3245 3160 3159 
          3245 3246 3161 3160 
          3246 3247 3162 3161 
          3247 3248 3163 3162 
          3248 3249 3164 3163 
          3249 3250 3165 3164 
          3250 3251 3166 3165 
          3251 3252 3167 3166 
          3252 3253 3168 3167 
          3253 3254 3169 3168 
          3254 3255 3170 3169 
          3255 3256 3171 3170 
          3256 3257 3172 3171 
          3257 3258 3173 3172 
          3258 3259 3174 3173 
          3259 3260 3175 3174 
          3260 3261 3176 3175 
          3261 3262 3177 3176 
          3262 3263 3178 3177 
          3263 3264 3179 3178 
          3264 3265 3180 3179 
          3265 3266 3181 3180 
          3266 3267 3182 3181 
          3267 3268 3183 3182 
          3268 3269 3184 3183 
          3269 3270 3185 3184 
          3270 3271 3186 3185 
          3271 3272 3187 3186 
          3272 3273 3188 3187 
          3273 3274 3189 3188 
          3274 3275 3190 3189 
          3275 3276 3191 3190 
          3276 3277 3192 3191 
          3277 3278 3193 3192 
          3278 3279 3194 3193 
          3279 3280 3195 3194 
          3280 3281 3196 3195 
          3281 3282 3197 3196 
          3282 3283 3198 3197 
          3283 3284 3199 3198 
          3284 3285 3200 3199 
          3285 3286 3201 3200 
          3286 3287 3202 3201 
          3287 3288 3203 3202 
          3288 3289 3204 3203 
          3289 3290 3205 3204 
          3290 3291 3206 3205 
          3291 3292 3207 3206 
          3292 3293 3208 3207 
          3293 3294 3209 3208 
          3294 3295 3210 3209 
          3295 3296 3211 3210 
          3296 3297 3212 3211 
          3297 3298 3213 3212 
          3298 3299 3214 3213 
          3299 3300 3215 3214 
          3300 3301 3216 3215 
          3301 3302 3217 3216 
          3302 3303 3218 3217 
          3303 3304 3219 3218 
          3304 3305 3220 3219 
          3305 3306 3221 3220 
          3306 3307 3222 3221 
          3307 3308 3223 3222 
          3308 3309 3224 3223 
          3309 3310 3225 3224 
          3310 3311 3226 3225 
          3311 3312 3227 3226 
          3312 3313 3228 3227 
          3313 3314 3229 3228 
          3315 3316 3231 3230 
          3316 3317 3232 3231 
          3317 3318 3233 3232 
          3318 3319 3234 3233 
          3319 3320 3235 3234 
          3320 3321 3236 3235 
          3321 3322 3237 3236 
          3322 3323 3238 3237 
          3323 3324 3239 3238 
          3324 3325 3240 3239 
          3325 3326 3241 3240 
          3326 3327 3242 3241 
          3327 3328 3243 3242 
          3328 3329 3244 3243 
          3329 3330 3245 3244 
          3330 3331 3246 3245 
          3331 3332 3247 3246 
          3332 3333 3248 3247 
          3333 3334 3249 3248 
          3334 3335 3250 3249 
          3335 3336 3251 3250 
          3336 3337 3252 3251 
          3337 3338 3253 3252 
          3338 3339 3254 3253 
          3339 3340 3255 3254 
          3340 3341 3256 3255 
          3341 3342 3257 3256 
          3342 3343 3258 3257 
          3343 3344 3259 3258 
          3344 3345 3260 3259 
          3345 3346 3261 3260 
          3346 3347 3262 3261 
          3347 3348 3263 3262 
          3348 3349 3264 3263 
          3349 3350 3265 3264 
          3350 3351 3266 3265 
          3351 3352 3267 3266 
          3352 3353 3268 3267 
          3353 3354 3269 3268 
          3354 3355 3270 3269 
          3355 3356 3271 3270 
          3356 3357 3272 3271 
          3357 3358 3273 3272 
          3358 3359 3274 3273 
          3359 3360 3275 3274 
          3360 3361 3276 3275 
          3361 3362 3277 3276 
          3362 3363 3278 3277 
          3363 3364 3279 3278 
          3364 3365 3280 3279 
          3365 3366 3281 3280 
          3366 3367 3282 3281 
          3367 3368 3283 3282 
          3368 3369 3284 3283 
          3369 3370 3285 3284 
          3370 3371 3286 3285 
          3371 3372 3287 3286 
          3372 3373 3288 3287 
          3373 3374 3289 3288 
          3374 3375 3290 3289 
          3375 3376 3291 3290 
          3376 3377 3292 3291 
          3377 3378 3293 3292 
          3378 3379 3294 3293 
          3379 3380 3295 3294 
          3380 3381 3296 3295 
          3381 3382 3297 3296 
          3382 3383 3298 3297 
          3383 3384 3299 3298 
          3384 3385 3300 3299 
          3385 3386 3301 3300 
          3386 3387 3302 3301 
          3387 3388 3303 3302 
          3388 3389 3304 3303 
          3389 3390 3305 3304 
          3390 3391 3306 3305 
          3391 3392 3307 3306 
          3392 3393 3308 3307 
          3393 3394 3309 3308 
          3394 3395 3310 3309 
          3395 3396 3311 3310 
          3396 3397 3312 3311 
          3397 3398 3313 3312 
          3398 3399 3314 3313 
          3400 3401 3316 3315 
          3401 3402 3317 3316 
          3402 3403 3318 3317 
          3403 3404 3319 3318 
          3404 3405 3320 3319 
          3405 3406 3321 3320 
          3406 3407 3322 3321 
          3407 3408 3323 3322 
          3408 3409 3324 3323 
          3409 3410 3325 3324 
          3410 3411 3326 3325 
          3411 3412 3327 3326 
          3412 3413 3328 3327 
          3413 3414 3329 3328 
          3414 3415 3330 3329 
          3415 3416 3331 3330 
          3416 3417 3332 3331 
          3417 3418 3333 3332 
          3418 3419 3334 3333 
          3419 3420 3335 3334 
          3420 3421 3336 3335 
          3421 3422 3337 3336 
          3422 3423 3338 3337 
          3423 3424 3339 3338 
          3424 3425 3340 3339 
          3425 3426 3341 3340 
          3426 3427 3342 3341 
          3427 3428 3343 3342 
          3428 3429 3344 3343 
          3429 3430 3345 3344 
          3430 3431 3346 3345 
          3431 3432 3347 3346 
          3432 3433 3348 3347 
          3433 3434 3349 3348 
          3434 3435 3350 3349 
          3435 3436 3351 3350 
          3436 3437 3352 3351 
          3437 3438 3353 3352 
          3438 3439 3354 3353 
          3439 3440 3355 3354 
          3440 3441 3356 3355 
          3441 3442 3357 3356 
          3442 3443 3358 3357 
          3443 3444 3359 3358 
          3444 3445 3360 3359 
          3445 3446 3361 3360 
          3446 3447 3362 3361 
          3447 3448 3363 3362 
          3448 3449 3364 3363 
          3449 3450 3365 3364 
          3450 3451 3366 3365 
          3451 3452 3367 3366 
          3452 3453 3368 3367 
          3453 3454 3369 3368 
          3454 3455 3370 3369 
          3455 3456 3371 3370 
          3456 3457 3372 3371 
          3457 3458 3373 3372 
          3458 3459 3374 3373 
          3459 3460 3375 3374 
          3460 3461 3376 3375 
          3461 3462 3377 3376 
          3462 3463 3378 3377 
          3463 3464 3379 3378 
          3464 3465 3380 3379 
          3465 3466 3381 3380 
          3466 3467 3382 3381 
          3467 3468 3383 3382 
          3468 3469 3384 3383 
          3469 3470 3385 3384 
          3470 3471 3386 3385 
          3471 3472 3387 3386 
          3472 3473 3388 3387 
          3473 3474 3389 3388 
          3474 3475 3390 3389 
          3475 3476 3391 3390 
          3476 3477 3392 3391 
          3477 3478 3393 3392 
          3478 3479 3394 3393 
          3479 3480 3395 3394 
          3480 3481 3396 3395 
          3481 3482 3397 3396 
          3482 3483 3398 3397 
          3483 3484 3399 3398 
          3485 3486 3401 3400 
          3486 3487 3402 3401 
          3487 3488 3403 3402 
          3488 3489 3404 3403 
          3489 3490 3405 3404 
          3490 3491 3406 3405 
          3491 3492 3407 3406 
          3492 3493 3408 3407 
          3493 3494 3409 3408 
          3494 3495 3410 3409 
          3495 3496 3411 3410 
          3496 3497 3412 3411 
          3497 3498 3413 3412 
          3498 3499 3414 3413 
          3499 3500 3415 3414 
          3500 3501 3416 3415 
          3501 3502 3417 3416 
          3502 3503 3418 3417 
          3503 3504 3419 3418 
          3504 3505 3420 3419 
          3505 3506 3421 3420 
          3506 3507 3422 3421 
          3507 3508 3423 3422 
          3508 3509 3424 3423 
          3509 3510 3425 3424 
          3510 3511 3426 3425 
          3511 3512 3427 3426 
          3512 3513 3428 3427 
          3513 3514 3429 3428 
          3514 3515 3430 3429 
          3515 3516 3431 3430 
          3516 3517 3432 3431 
          3517 3518 3433 3432 
          3518 3519 3434 3433 
          3519 3520 3435 3434 
          3520 3521 3436 3435 
          3521 3522 3437 3436 
          3522 3523 3438 3437 
          3523 3524 3439 3438 
          3524 3525 3440 3439 
          3525 3526 3441 3440 
          3526 3527 3442 3441 
          3527 3528 3443 3442 
          3528 3529 3444 3443 
          3529 3530 3445 3444 
          3530 3531 3446 3445 
          3531 3532 3447 3446 
          3532 3533 3448 3447 
          3533 3534 3449 3448 
          3534 3535 3450 3449 
          3535 3536 3451 3450 
          3536 3537 3452 3451 
          3537 3538 3453 3452 
          3538 3539 3454 3453 
          3539 3540 3455 3454 
          3540 3541 3456 3455 
          3541 3542 3457 3456 
          3542 3543 3458 3457 
          3543 3544 3459 3458 
          3544 3545 3460 3459 
          3545 3546 3461 3460 
          3546 3547 3462 3461 
          3547 3548 3463 3462 
          3548 3549 3464 3463 
          3549 3550 3465 3464 
          3550 3551 3466 3465 
          3551 3552 3467 3466 
          3552 3553 3468 3467 
          3553 3554 3469 3468 
          3554 3555 3470 3469 
          3555 3556 3471 3470 
          3556 3557 3472 3471 
          3557 3558 3473 3472 
          3558 3559 3474 3473 
          3559 3560 3475 3474 
          3560 3561 3476 3475 
          3561 3562 3477 3476 
          3562 3563 3478 3477 
          3563 3564 3479 3478 
          3564 3565 3480 3479 
          3565 3566 3481 3480 
          3566 3567 3482 3481 
          3567 3568 3483 3482 
          3568 3569 3484 3483 
          3570 3571 3486 3485 
          3571 3572 3487 3486 
          3572 3573 3488 3487 
          3573 3574 3489 3488 
          3574 3575 3490 3489 
          3575 3576 3491 3490 
          3576 3577 3492 3491 
          3577 3578 3493 3492 
          3578 3579 3494 3493 
          3579 3580 3495 3494 
          3580 3581 3496 3495 
          3581 3582 3497 3496 
          3582 3583 3498 3497 
          3583 3584 3499 3498 
          3584 3585 3500 3499 
          3585 3586 3501 3500 
          3586 3587 3502 3501 
          3587 3588 3503 3502 
          3588 3589 3504 3503 
          3589 3590 3505 3504 
          3590 3591 3506 3505 
          3591 3592 3507 3506 
          3592 3593 3508 3507 
          3593 3594 3509 3508 
          3594 3595 3510 3509 
          3595 3596 3511 3510 
          3596 3597 3512 3511 
          3597 3598 3513 3512 
          3598 3599 3514 3513 
          3599 3600 3515 3514 
          3600 3601 3516 3515 
          3601 3602 3517 3516 
          3602 3603 3518 3517 
          3603 3604 3519 3518 
          3604 3605 3520 3519 
          3605 3606 3521 3520 
          3606 3607 3522 3521 
          3607 3608 3523 3522 
          3608 3609 3524 3523 
          3609 3610 3525 3524 
          3610 3611 3526 3525 
          3611 3612 3527 3526 
          3612 3613 3528 3527 
          3613 3614 3529 3528 
          3614 3615 3530 3529 
          3615 3616 3531 3530 
          3616 3617 3532 3531 
          3617 3618 3533 3532 
          3618 3619 3534 3533 
          3619 3620 3535 3534 
          3620 3621 3536 3535 
          3621 3622 3537 3536 
          3622 3623 3538 3537 
          3623 3624 3539 3538 
          3624 3625 3540 3539 
          3625 3626 3541 3540 
          3626 3627 3542 3541 
          3627 3628 3543 3542 
          3628 3629 3544 3543 
          3629 3630 3545 3544 
          3630 3631 3546 3545 
          3631 3632 3547 3546 
          3632 3633 3548 3547 
          3633 3634 3549 3548 
          3634 3635 3550 3549 
          3635 3636 3551 3550 
          3636 3637 3552 3551 
          3637 3638 3553 3552 
          3638 3639 3554 3553 
          3639 3640 3555 3554 
          3640 3641 3556 3555 
          3641 3642 3557 3556 
          3642 3643 3558 3557 
          3643 3644 3559 3558 
          3644 3645 3560 3559 
          3645 3646 3561 3560 
          3646 3647 3562 3561 
          3647 3648 3563 3562 
          3648 3649 3564 3563 
          3649 3650 3565 3564 
          3650 3651 3566 3565 
          3651 3652 3567 3566 
          3652 3653 3568 3567 
          3653 3654 3569 3568 
          3655 3656 3571 3570 
          3656 3657 3572 3571 
          3657 3658 3573 3572 
          3658 3659 3574 3573 
          3659 3660 3575 3574 
          3660 3661 3576 3575 
          3661 3662 3577 3576 
          3662 3663 3578 3577 
          3663 3664 3579 3578 
          3664 3665 3580 3579 
          3665 3666 3581 3580 
          3666 3667 3582 3581 
          3667 3668 3583 3582 
          3668 3669 3584 3583 
          3669 3670 3585 3584 
          3670 3671 3586 3585 
          3671 3672 3587 3586 
          3672 3673 3588 3587 
          3673 3674 3589 3588 
          3674 3675 3590 3589 
          3675 3676 3591 3590 
          3676 3677 3592 3591 
          3677 3678 3593 3592 
          3678 3679 3594 3593 
          3679 3680 3595 3594 
          3680 3681 3596 3595 
          3681 3682 3597 3596 
          3682 3683 3598 3597 
          3683 3684 3599 3598 
          3684 3685 3600 3599 
          3685 3686 3601 3600 
          3686 3687 3602 3601 
          3687 3688 3603 3602 
          3688 3689 3604 3603 
          3689 3690 3605 3604 
          3690 3691 3606 3605 
          3691 3692 3607 3606 
          3692 3693 3608 3607 
          3693 3694 3609 3608 
          3694 3695 3610 3609 
          3695 3696 3611 3610 
          3696 3697 3612 3611 
          3697 3698 3613 3612 
          3698 3699 3614 3613 
          3699 3700 3615 3614 
          3700 3701 3616 3615 
          3701 3702 3617 3616 
          3702 3703 3618 3617 
          3703 3704 3619 3618 
          3704 3705 3620 3619 
          3705 3706 3621 3620 
          3706 3707 3622 3621 
          3707 3708 3623 3622 
          3708 3709 3624 3623 
          3709 3710 3625 3624 
          3710 3711 3626 3625 
          3711 3712 3627 3626 
          3712 3713 3628 3627 
          3713 3714 3629 3628 
          3714 3715 3630 3629 
          3715 3716 3631 3630 
          3716 3717 3632 3631 
          3717 3718 3633 3632 
          3718 3719 3634 3633 
          3719 3720 3635 3634 
          3720 3721 3636 3635 
          3721 3722 3637 3636 
          3722 3723 3638 3637 
          3723 3724 3639 3638 
          3724 3725 3640 3639 
          3725 3726 3641 3640 
          3726 3727 3642 3641 
          3727 3728 3643 3642 
          3728 3729 3644 3643 
          3729 3730 3645 3644 
          3730 3731 3646 3645 
          3731 3732 3647 3646 
          3732 3733 3648 3647 
          3733 3734 3649 3648 
          3734 3735 3650 3649 
          3735 3736 3651 3650 
          3736 3737 3652 3651 
          3737 3738 3653 3652 
          3738 3739 3654 3653 
          3740 3741 3656 3655 
          3741 3742 3657 3656 
          3742 3743 3658 3657 
          3743 3744 3659 3658 
          3744 3745 3660 3659 
          3745 3746 3661 3660 
          3746 3747 3662 3661 
          3747 3748 3663 3662 
          3748 3749 3664 3663 
          3749 3750 3665 3664 
          3750 3751 3666 3665 
          3751 3752 3667 3666 
          3752 3753 3668 3667 
          3753 3754 3669 3668 
          3754 3755 3670 3669 
          3755 3756 3671 3670 
          3756 3757 3672 3671 
          3757 3758 3673 3672 
          3758 3759 3674 3673 
          3759 3760 3675 3674 
          3760 3761 3676 3675 
          3761 3762 3677 3676 
          3762 3763 3678 3677 
          3763 3764 3679 3678 
          3764 3765 3680 3679 
          3765 3766 3681 3680 
          3766 3767 3682 3681 
          3767 3768 3683 3682 
          3768 3769 3684 3683 
          3769 3770 3685 3684 
          3770 3771 3686 3685 
          3771 3772 3687 3686 
          3772 3773 3688 3687 
          3773 3774 3689 3688 
          3774 3775 3690 3689 
          3775 3776 3691 3690 
          3776 3777 3692 3691 
          3777 3778 3693 3692 
          3778 3779 3694 3693 
          3779 3780 3695 3694 
          3780 3781 3696 3695 
          3781 3782 3697 3696 
          3782 3783 3698 3697 
          3783 3784 3699 3698 
          3784 3785 3700 3699 
          3785 3786 3701 3700 
          3786 3787 3702 3701 
          3787 3788 3703 3702 
          3788 3789 3704 3703 
          3789 3790 3705 3704 
          3790 3791 3706 3705 
          3791 3792 3707 3706 
          3792 3793 3708 3707 
          3793 3794 3709 3708 
          3794 3795 3710 3709 
          3795 3796 3711 3710 
          3796 3797 3712 3711 
          3797 3798 3713 3712 
          3798 3799 3714 3713 
          3799 3800 3715 3714 
          3800 3801 3716 3715 
          3801 3802 3717 3716 
          3802 3803 3718 3717 
          3803 3804 3719 3718 
          3804 3805 3720 3719 
          3805 3806 3721 3720 
          3806 3807 3722 3721 
          3807 3808 3723 3722 
          3808 3809 3724 3723 
          3809 3810 3725 3724 
          3810 3811 3726 3725 
          3811 3812 3727 3726 
          3812 3813 3728 3727 
          3813 3814 3729 3728 
          3814 3815 3730 3729 
          3815 3816 3731 3730 
          3816 3817 3732 3731 
          3817 3818 3733 3732 
          3818 3819 3734 3733 
          3819 3820 3735 3734 
          3820 3821 3736 3735 
          3821 3822 3737 3736 
          3822 3823 3738 3737 
          3823 3824 3739 3738 
          3825 3826 3741 3740 
          3826 3827 3742 3741 
          3827 3828 3743 3742 
          3828 3829 3744 3743 
          3829 3830 3745 3744 
          3830 3831 3746 3745 
          3831 3832 3747 3746 
          3832 3833 3748 3747 
          3833 3834 3749 3748 
          3834 3835 3750 3749 
          3835 3836 3751 3750 
          3836 3837 3752 3751 
          3837 3838 3753 3752 
          3838 3839 3754 3753 
          3839 3840 3755 3754 
          3840 3841 3756 3755 
          3841 3842 3757 3756 
          3842 3843 3758 3757 
          3843 3844 3759 3758 
          3844 3845 3760 3759 
          3845 3846 3761 3760 
          3846 3847 3762 3761 
          3847 3848 3763 3762 
          3848 3849 3764 3763 
          3849 3850 3765 3764 
          3850 3851 3766 3765 
          3851 3852 3767 3766 
          3852 3853 3768 3767 
          3853 3854 3769 3768 
          3854 3855 3770 3769 
          3855 3856 3771 3770 
          3856 3857 3772 3771 
          3857 3858 3773 3772 
          3858 3859 3774 3773 
          3859 3860 3775 3774 
          3860 3861 3776 3775 
          3861 3862 3777 3776 
          3862 3863 3778 3777 
          3863 3864 3779 3778 
          3864 3865 3780 3779 
          3865 3866 3781 3780 
          3866 3867 3782 3781 
          3867 3868 3783 3782 
          3868 3869 3784 3783 
          3869 3870 3785 3784 
          3870 3871 3786 3785 
          3871 3872 3787 3786 
          3872 3873 3788 3787 
          3873 3874 3789 3788 
          3874 3875 3790 3789 
          3875 3876 3791 3790 
          3876 3877 3792 3791 
          3877 3878 3793 3792 
          3878 3879 3794 3793 
          3879 3880 3795 3794 
          3880 3881 3796 3795 
          3881 3882 3797 3796 
          3882 3883 3798 3797 
          3883 3884 3799 3798 
          3884 3885 3800 3799 
          3885 3886 3801 3800 
          3886 3887 3802 3801 
          3887 3888 3803 3802 
          3888 3889 3804 3803 
          3889 3890 3805 3804 
          3890 3891 3806 3805 
          3891 3892 3807 3806 
          3892 3893 3808 3807 
          3893 3894 3809 3808 
          3894 3895 3810 3809 
          3895 3896 3811 3810 
          3896 3897 3812 3811 
          3897 3898 3813 3812 
          3898 3899 3814 3813 
          3899 3900 3815 3814 
          3900 3901 3816 3815 
          3901 3902 3817 3816 
          3902 3903 3818 3817 
          3903 3904 3819 3818 
          3904 3905 3820 3819 
          3905 3906 3821 3820 
          3906 3907 3822 3821 
          3907 3908 3823 3822 
          3908 3909 3824 3823 
          3910 3911 3826 3825 
          3911 3912 3827 3826 
          3912 3913 3828 3827 
          3913 3914 3829 3828 
          3914 3915 3830 3829 
          3915 3916 3831 3830 
          3916 3917 3832 3831 
          3917 3918 3833 3832 
          3918 3919 3834 3833 
          3919 3920 3835 3834 
          3920 3921 3836 3835 
          3921 3922 3837 3836 
          3922 3923 3838 3837 
          3923 3924 3839 3838 
          3924 3925 3840 3839 
          3925 3926 3841 3840 
          3926 3927 3842 3841 
          3927 3928 3843 3842 
          3928 3929 3844 3843 
          3929 3930 3845 3844 
          3930 3931 3846 3845 
          3931 3932 3847 3846 
          3932 3933 3848 3847 
          3933 3934 3849 3848 
          3934 3935 3850 3849 
          3935 3936 3851 3850 
          3936 3937 3852 3851 
          3937 3938 3853 3852 
          3938 3939 3854 3853 
          3939 3940 3855 3854 
          3940 3941 3856 3855 
          3941 3942 3857 3856 
          3942 3943 3858 3857 
          3943 3944 3859 3858 
          3944 3945 3860 3859 
          3945 3946 3861 3860 
          3946 3947 3862 3861 
          3947 3948 3863 3862 
          3948 3949 3864 3863 
          3949 3950 3865 3864 
          3950 3951 3866 3865 
          3951 3952 3867 3866 
          3952 3953 3868 3867 
          3953 3954 3869 3868 
          3954 3955 3870 3869 
          3955 3956 3871 3870 
          3956 3957 3872 3871 
          3957 3958 3873 3872 
          3958 3959 3874 3873 
          3959 3960 3875 3874 
          3960 3961 3876 3875 
          3961 3962 3877 3876 
          3962 3963 3878 3877 
          3963 3964 3879 3878 
          3964 3965 3880 3879 
          3965 3966 3881 3880 
          3966 3967 3882 3881 
          3967 3968 3883 3882 
          3968 3969 3884 3883 
          3969 3970 3885 3884 
          3970 3971 3886 3885 
          3971 3972 3887 3886 
          3972 3973 3888 3887 
          3973 3974 3889 3888 
          3974 3975 3890 3889 
          3975 3976 3891 3890 
          3976 3977 3892 3891 
          3977 3978 3893 3892 
          3978 3979 3894 3893 
          3979 3980 3895 3894 
          3980 3981 3896 3895 
          3981 3982 3897 3896 
          3982 3983 3898 3897 
          3983 3984 3899 3898 
          3984 3985 3900 3899 
          3985 3986 3901 3900 
          3986 3987 3902 3901 
          3987 3988 3903 3902 
          3988 3989 3904 3903 
          3989 3990 3905 3904 
          3990 3991 3906 3905 
          3991 3992 3907 3906 
          3992 3993 3908 3907 
          3993 3994 3909 3908 
          3995 3996 3911 3910 
          3996 3997 3912 3911 
          3997 3998 3913 3912 
          3998 3999 3914 3913 
          3999 4000 3915 3914 
          4000 4001 3916 3915 
          4001 4002 3917 3916 
          4002 4003 3918 3917 
          4003 4004 3919 3918 
          4004 4005 3920 3919 
          4005 4006 3921 3920 
          4006 4007 3922 3921 
          4007 4008 3923 3922 
          4008 4009 3924 3923 
          4009 4010 3925 3924 
          4010 4011 3926 3925 
          4011 4012 3927 3926 
          4012 4013 3928 3927 
          4013 4014 3929 3928 
          4014 4015 3930 3929 
          4015 4016 3931 3930 
          4016 4017 3932 3931 
          4017 4018 3933 3932 
          4018 4019 3934 3933 
          4019 4020 3935 3934 
          4020 4021 3936 3935 
          4021 4022 3937 3936 
          4022 4023 3938 3937 
          4023 4024 3939 3938 
          4024 4025 3940 3939 
          4025 4026 3941 3940 
          4026 4027 3942 3941 
          4027 4028 3943 3942 
          4028 4029 3944 3943 
          4029 4030 3945 3944 
          4030 4031 3946 3945 
          4031 4032 3947 3946 
          4032 4033 3948 3947 
          4033 4034 3949 3948 
          4034 4035 3950 3949 
          4035 4036 3951 3950 
          4036 4037 3952 3951 
          4037 4038 3953 3952 
          4038 4039 3954 3953 
          4039 4040 3955 3954 
          4040 4041 3956 3955 
          4041 4042 3957 3956 
          4042 4043 3958 3957 
          4043 4044 3959 3958 
          4044 4045 3960 3959 
          4045 4046 3961 3960 
          4046 4047 3962 3961 
          4047 4048 3963 3962 
          4048 4049 3964 3963 
          4049 4050 3965 3964 
          4050 4051 3966 3965 
          4051 4052 3967 3966 
          4052 4053 3968 3967 
          4053 4054 3969 3968 
          4054 4055 3970 3969 
          4055 4056 3971 3970 
          4056 4057 3972 3971 
          4057 4058 3973 3972 
          4058 4059 3974 3973 
          4059 4060 3975 3974 
          4060 4061 3976 3975 
          4061 4062 3977 3976 
          4062 4063 3978 3977 
          4063 4064 3979 3978 
          4064 4065 3980 3979 
          4065 4066 3981 3980 
          4066 4067 3982 3981 
          4067 4068 3983 3982 
          4068 4069 3984 3983 
          4069 4070 3985 3984 
          4070 4071 3986 3985 
          4071 4072 3987 3986 
          4072 4073 3988 3987 
          4073 4074 3989 3988 
          4074 4075 3990 3989 
          4075 4076 3991 3990 
          4076 4077 3992 3991 
          4077 4078 3993 3992 
          4078 4079 3994 3993 
          4080 4081 3996 3995 
          4081 4082 3997 3996 
          4082 4083 3998 3997 
          4083 4084 3999 3998 
          4084 4085 4000 3999 
          4085 4086 4001 4000 
          4086 4087 4002 4001 
          4087 4088 4003 4002 
          4088 4089 4004 4003 
          4089 4090 4005 4004 
          4090 4091 4006 4005 
          4091 4092 4007 4006 
          4092 4093 4008 4007 
          4093 4094 4009 4008 
          4094 4095 4010 4009 
          4095 4096 4011 4010 
          4096 4097 4012 4011 
          4097 4098 4013 4012 
          4098 4099 4014 4013 
          4099 4100 4015 4014 
          4100 4101 4016 4015 
          4101 4102 4017 4016 
          4102 4103 4018 4017 
          4103 4104 4019 4018 
          4104 4105 4020 4019 
          4105 4106 4021 4020 
          4106 4107 4022 4021 
          4107 4108 4023 4022 
          4108 4109 4024 4023 
          4109 4110 4025 4024 
          4110 4111 4026 4025 
          4111 4112 4027 4026 
          4112 4113 4028 4027 
          4113 4114 4029 4028 
          4114 4115 4030 4029 
          4115 4116 4031 4030 
          4116 4117 4032 4031 
          4117 4118 4033 4032 
          4118 4119 4034 4033 
          4119 4120 4035 4034 
          4120 4121 4036 4035 
          4121 4122 4037 4036 
          4122 4123 4038 4037 
          4123 4124 4039 4038 
          4124 4125 4040 4039 
          4125 4126 4041 4040 
          4126 4127 4042 4041 
          4127 4128 4043 4042 
          4128 4129 4044 4043 
          4129 4130 4045 4044 
          4130 4131 4046 4045 
          4131 4132 4047 4046 
          4132 4133 4048 4047 
          4133 4134 4049 4048 
          4134 4135 4050 4049 
          4135 4136 4051 4050 
          4136 4137 4052 4051 
          4137 4138 4053 4052 
          4138 4139 4054 4053 
          4139 4140 4055 4054 
          4140 4141 4056 4055 
          4141 4142 4057 4056 
          4142 4143 4058 4057 
          4143 4144 4059 4058 
          4144 4145 4060 4059 
          4145 4146 4061 4060 
          4146 4147 4062 4061 
          4147 4148 4063 4062 
          4148 4149 4064 4063 
          4149 4150 4065 4064 
          4150 4151 4066 4065 
          4151 4152 4067 4066 
          4152 4153 4068 4067 
          4153 4154 4069 4068 
          4154 4155 4070 4069 
          4155 4156 4071 4070 
          4156 4157 4072 4071 
          4157 4158 4073 4072 
          4158 4159 4074 4073 
          4159 4160 4075 4074 
          4160 4161 4076 4075 
          4161 4162 4077 4076 
          4162 4163 4078 4077 
          4163 4164 4079 4078 
          4165 4166 4081 4080 
          4166 4167 4082 4081 
          4167 4168 4083 4082 
          4168 4169 4084 4083 
          4169 4170 4085 4084 
          4170 4171 4086 4085 
          4171 4172 4087 4086 
          4172 4173 4088 4087 
          4173 4174 4089 4088 
          4174 4175 4090 4089 
          4175 4176 4091 4090 
          4176 4177 4092 4091 
          4177 4178 4093 4092 
          4178 4179 4094 4093 
          4179 4180 4095 4094 
          4180 4181 4096 4095 
          4181 4182 4097 4096 
          4182 4183 4098 4097 
          4183 4184 4099 4098 
          4184 4185 4100 4099 
          4185 4186 4101 4100 
          4186 4187 4102 4101 
          4187 4188 4103 4102 
          4188 4189 4104 4103 
          4189 4190 4105 4104 
          4190 4191 4106 4105 
          4191 4192 4107 4106 
          4192 4193 4108 4107 
          4193 4194 4109 4108 
          4194 4195 4110 4109 
          4195 4196 4111 4110 
          4196 4197 4112 4111 
          4197 4198 4113 4112 
          4198 4199 4114 4113 
          4199 4200 4115 4114 
          4200 4201 4116 4115 
          4201 4202 4117 4116 
          4202 4203 4118 4117 
          4203 4204 4119 4118 
          4204 4205 4120 4119 
          4205 4206 4121 4120 
          4206 4207 4122 4121 
          4207 4208 4123 4122 
          4208 4209 4124 4123 
          4209 4210 4125 4124 
          4210 4211 4126 4125 
          4211 4212 4127 4126 
          4212 4213 4128 4127 
          4213 4214 4129 4128 
          4214 4215 4130 4129 
          4215 4216 4131 4130 
          4216 4217 4132 4131 
          4217 4218 4133 4132 
          4218 4219 4134 4133 
          4219 4220 4135 4134 
          4220 4221 4136 4135 
          4221 4222 4137 4136 
          4222 4223 4138 4137 
          4223 4224 4139 4138 
          4224 4225 4140 4139 
          4225 4226 4141 4140 
          4226 4227 4142 4141 
          4227 4228 4143 4142 
          4228 4229 4144 4143 
          4229 4230 4145 4144 
          4230 4231 4146 4145 
          4231 4232 4147 4146 
          4232 4233 4148 4147 
          4233 4234 4149 4148 
          4234 4235 4150 4149 
          4235 4236 4151 4150 
          4236 4237 4152 4151 
          4237 4238 4153 4152 
          4238 4239 4154 4153 
          4239 4240 4155 4154 
          4240 4241 4156 4155 
          4241 4242 4157 4156 
          4242 4243 4158 4157 
          4243 4244 4159 4158 
          4244 4245 4160 4159 
          4245 4246 4161 4160 
          4246 4247 4162 4161 
          4247 4248 4163 4162 
          4248 4249 4164 4163 
          4250 4251 4166 4165 
          4251 4252 4167 4166 
          4252 4253 4168 4167 
          4253 4254 4169 4168 
          4254 4255 4170 4169 
          4255 4256 4171 4170 
          4256 4257 4172 4171 
          4257 4258 4173 4172 
          4258 4259 4174 4173 
          4259 4260 4175 4174 
          4260 4261 4176 4175 
          4261 4262 4177 4176 
          4262 4263 4178 4177 
          4263 4264 4179 4178 
          4264 4265 4180 4179 
          4265 4266 4181 4180 
          4266 4267 4182 4181 
          4267 4268 4183 4182 
          4268 4269 4184 4183 
          4269 4270 4185 4184 
          4270 4271 4186 4185 
          4271 4272 4187 4186 
          4272 4273 4188 4187 
          4273 4274 4189 4188 
          4274 4275 4190 4189 
          4275 4276 4191 4190 
          4276 4277 4192 4191 
          4277 4278 4193 4192 
          4278 4279 4194 4193 
          4279 4280 4195 4194 
          4280 4281 4196 4195 
          4281 4282 4197 4196 
          4282 4283 4198 4197 
          4283 4284 4199 4198 
          4284 4285 4200 4199 
          4285 4286 4201 4200 
          4286 4287 4202 4201 
          4287 4288 4203 4202 
          4288 4289 4204 4203 
          4289 4290 4205 4204 
          4290 4291 4206 4205 
          4291 4292 4207 4206 
          4292 4293 4208 4207 
          4293 4294 4209 4208 
          4294 4295 4210 4209 
          4295 4296 4211 4210 
          4296 4297 4212 4211 
          4297 4298 4213 4212 
          4298 4299 4214 4213 
          4299 4300 4215 4214 
          4300 4301 4216 4215 
          4301 4302 4217 4216 
          4302 4303 4218 4217 
          4303 4304 4219 4218 
          4304 4305 4220 4219 
          4305 4306 4221 4220 
          4306 4307 4222 4221 
          4307 4308 4223 4222 
          4308 4309 4224 4223 
          4309 4310 4225 4224 
          4310 4311 4226 4225 
          4311 4312 4227 4226 
          4312 4313 4228 4227 
          4313 4314 4229 4228 
          4314 4315 4230 4229 
          4315 4316 4231 4230 
          4316 4317 4232 4231 
          4317 4318 4233 4232 
          4318 4319 4234 4233 
          4319 4320 4235 4234 
          4320 4321 4236 4235 
          4321 4322 4237 4236 
          4322 4323 4238 4237 
          4323 4324 4239 4238 
          4324 4325 4240 4239 
          4325 4326 4241 4240 
          4326 4327 4242 4241 
          4327 4328 4243 4242 
          4328 4329 4244 4243 
          4329 4330 4245 4244 
          4330 4331 4246 4245 
          4331 4332 4247 4246 
          4332 4333 4248 4247 
          4333 4334 4249 4248 
          4335 4336 4251 4250 
          4336 4337 4252 4251 
          4337 4338 4253 4252 
          4338 4339 4254 4253 
          4339 4340 4255 4254 
          4340 4341 4256 4255 
          4341 4342 4257 4256 
          4342 4343 4258 4257 
          4343 4344 4259 4258 
          4344 4345 4260 4259 
          4345 4346 4261 4260 
          4346 4347 4262 4261 
          4347 4348 4263 4262 
          4348 4349 4264 4263 
          4349 4350 4265 4264 
          4350 4351 4266 4265 
          4351 4352 4267 4266 
          4352 4353 4268 4267 
          4353 4354 4269 4268 
          4354 4355 4270 4269 
          4355 4356 4271 4270 
          4356 4357 4272 4271 
          4357 4358 4273 4272 
          4358 4359 4274 4273 
          4359 4360 4275 4274 
          4360 4361 4276 4275 
          4361 4362 4277 4276 
          4362 4363 4278 4277 
          4363 4364 4279 4278 
          4364 4365 4280 4279 
          4365 4366 4281 4280 
          4366 4367 4282 4281 
          4367 4368 4283 4282 
          4368 4369 4284 4283 
          4369 4370 4285 4284 
          4370 4371 4286 4285 
          4371 4372 4287 4286 
          4372 4373 4288 4287 
          4373 4374 4289 4288 
          4374 4375 4290 4289 
          4375 4376 4291 4290 
          4376 4377 4292 4291 
          4377 4378 4293 4292 
          4378 4379 4294 4293 
          4379 4380 4295 4294 
          4380 4381 4296 4295 
          4381 4382 4297 4296 
          4382 4383 4298 4297 
          4383 4384 4299 4298 
          4384 4385 4300 4299 
          4385 4386 4301 4300 
          4386 4387 4302 4301 
          4387 4388 4303 4302 
          4388 4389 4304 4303 
          4389 4390 4305 4304 
          4390 4391 4306 4305 
          4391 4392 4307 4306 
          4392 4393 4308 4307 
          4393 4394 4309 4308 
          4394 4395 4310 4309 
          4395 4396 4311 4310 
          4396 4397 4312 4311 
          4397 4398 4313 4312 
          4398 4399 4314 4313 
          4399 4400 4315 4314 
          4400 4401 4316 4315 
          4401 4402 4317 4316 
          4402 4403 4318 4317 
          4403 4404 4319 4318 
          4404 4405 4320 4319 
          4405 4406 4321 4320 
          4406 4407 4322 4321 
          4407 4408 4323 4322 
          4408 4409 4324 4323 
          4409 4410 4325 4324 
          4410 4411 4326 4325 
          4411 4412 4327 4326 
          4412 4413 4328 4327 
          4413 4414 4329 4328 
          4414 4415 4330 4329 
          4415 4416 4331 4330 
          4416 4417 4332 4331 
          4417 4418 4333 4332 
          4418 4419 4334 4333 
          4420 4421 4336 4335 
          4421 4422 4337 4336 
          4422 4423 4338 4337 
          4423 4424 4339 4338 
          4424 4425 4340 4339 
          4425 4426 4341 4340 
          4426 4427 4342 4341 
          4427 4428 4343 4342 
          4428 4429 4344 4343 
          4429 4430 4345 4344 
          4430 4431 4346 4345 
          4431 4432 4347 4346 
          4432 4433 4348 4347 
          4433 4434 4349 4348 
          4434 4435 4350 4349 
          4435 4436 4351 4350 
          4436 4437 4352 4351 
          4437 4438 4353 4352 
          4438 4439 4354 4353 
          4439 4440 4355 4354 
          4440 4441 4356 4355 
          4441 4442 4357 4356 
          4442 4443 4358 4357 
          4443 4444 4359 4358 
          4444 4445 4360 4359 
          4445 4446 4361 4360 
          4446 4447 4362 4361 
          4447 4448 4363 4362 
          4448 4449 4364 4363 
          4449 4450 4365 4364 
          4450 4451 4366 4365 
          4451 4452 4367 4366 
          4452 4453 4368 4367 
          4453 4454 4369 4368 
          4454 4455 4370 4369 
          4455 4456 4371 4370 
          4456 4457 4372 4371 
          4457 4458 4373 4372 
          4458 4459 4374 4373 
          4459 4460 4375 4374 
          4460 4461 4376 4375 
          4461 4462 4377 4376 
          4462 4463 4378 4377 
          4463 4464 4379 4378 
          4464 4465 4380 4379 
          4465 4466 4381 4380 
          4466 4467 4382 4381 
          4467 4468 4383 4382 
          4468 4469 4384 4383 
          4469 4470 4385 4384 
          4470 4471 4386 4385 
          4471 4472 4387 4386 
          4472 4473 4388 4387 
          4473 4474 4389 4388 
          4474 4475 4390 4389 
          4475 4476 4391 4390 
          4476 4477 4392 4391 
          4477 4478 4393 4392 
          4478 4479 4394 4393 
          4479 4480 4395 4394 
          4480 4481 4396 4395 
          4481 4482 4397 4396 
          4482 4483 4398 4397 
          4483 4484 4399 4398 
          4484 4485 4400 4399 
          4485 4486 4401 4400 
          4486 4487 4402 4401 
          4487 4488 4403 4402 
          4488 4489 4404 4403 
          4489 4490 4405 4404 
          4490 4491 4406 4405 
          4491 4492 4407 4406 
          4492 4493 4408 4407 
          4493 4494 4409 4408 
          4494 4495 4410 4409 
          4495 4496 4411 4410 
          4496 4497 4412 4411 
          4497 4498 4413 4412 
          4498 4499 4414 4413 
          4499 4500 4415 4414 
          4500 4501 4416 4415 
          4501 4502 4417 4416 
          4502 4503 4418 4417 
          4503 4504 4419 4418 
          4505 4506 4421 4420 
          4506 4507 4422 4421 
          4507 4508 4423 4422 
          4508 4509 4424 4423 
          4509 4510 4425 4424 
          4510 4511 4426 4425 
          4511 4512 4427 4426 
          4512 4513 4428 4427 
          4513 4514 4429 4428 
          4514 4515 4430 4429 
          4515 4516 4431 4430 
          4516 4517 4432 4431 
          4517 4518 4433 4432 
          4518 4519 4434 4433 
          4519 4520 4435 4434 
          4520 4521 4436 4435 
          4521 4522 4437 4436 
          4522 4523 4438 4437 
          4523 4524 4439 4438 
          4524 4525 4440 4439 
          4525 4526 4441 4440 
          4526 4527 4442 4441 
          4527 4528 4443 4442 
          4528 4529 4444 4443 
          4529 4530 4445 4444 
          4530 4531 4446 4445 
          4531 4532 4447 4446 
          4532 4533 4448 4447 
          4533 4534 4449 4448 
          4534 4535 4450 4449 
          4535 4536 4451 4450 
          4536 4537 4452 4451 
          4537 4538 4453 4452 
          4538 4539 4454 4453 
          4539 4540 4455 4454 
          4540 4541 4456 4455 
          4541 4542 4457 4456 
          4542 4543 4458 4457 
          4543 4544 4459 4458 
          4544 4545 4460 4459 
          4545 4546 4461 4460 
          4546 4547 4462 4461 
          4547 4548 4463 4462 
          4548 4549 4464 4463 
          4549 4550 4465 4464 
          4550 4551 4466 4465 
          4551 4552 4467 4466 
          4552 4553 4468 4467 
          4553 4554 4469 4468 
          4554 4555 4470 4469 
          4555 4556 4471 4470 
          4556 4557 4472 4471 
          4557 4558 4473 4472 
          4558 4559 4474 4473 
          4559 4560 4475 4474 
          4560 4561 4476 4475 
          4561 4562 4477 4476 
          4562 4563 4478 4477 
          4563 4564 4479 4478 
          4564 4565 4480 4479 
          4565 4566 4481 4480 
          4566 4567 4482 4481 
          4567 4568 4483 4482 
          4568 4569 4484 4483 
          4569 4570 4485 4484 
          4570 4571 4486 4485 
          4571 4572 4487 4486 
          4572 4573 4488 4487 
          4573 4574 4489 4488 
          4574 4575 4490 4489 
          4575 4576 4491 4490 
          4576 4577 4492 4491 
          4577 4578 4493 4492 
          4578 4579 4494 4493 
          4579 4580 4495 4494 
          4580 4581 4496 4495 
          4581 4582 4497 4496 
          4582 4583 4498 4497 
          4583 4584 4499 4498 
          4584 4585 4500 4499 
          4585 4586 4501 4500 
          4586 4587 4502 4501 
          4587 4588 4503 4502 
          4588 4589 4504 4503 
          4590 4591 4506 4505 
          4591 4592 4507 4506 
          4592 4593 4508 4507 
          4593 4594 4509 4508 
          4594 4595 4510 4509 
          4595 4596 4511 4510 
          4596 4597 4512 4511 
          4597 4598 4513 4512 
          4598 4599 4514 4513 
          4599 4600 4515 4514 
          4600 4601 4516 4515 
          4601 4602 4517 4516 
          4602 4603 4518 4517 
          4603 4604 4519 4518 
          4604 4605 4520 4519 
          4605 4606 4521 4520 
          4606 4607 4522 4521 
          4607 4608 4523 4522 
          4608 4609 4524 4523 
          4609 4610 4525 4524 
          4610 4611 4526 4525 
          4611 4612 4527 4526 
          4612 4613 4528 4527 
          4613 4614 4529 4528 
          4614 4615 4530 4529 
          4615 4616 4531 4530 
          4616 4617 4532 4531 
          4617 4618 4533 4532 
          4618 4619 4534 4533 
          4619 4620 4535 4534 
          4620 4621 4536 4535 
          4621 4622 4537 4536 
          4622 4623 4538 4537 
          4623 4624 4539 4538 
          4624 4625 4540 4539 
          4625 4626 4541 4540 
          4626 4627 4542 4541 
          4627 4628 4543 4542 
          4628 4629 4544 4543 
          4629 4630 4545 4544 
          4630 4631 4546 4545 
          4631 4632 4547 4546 
          4632 4633 4548 4547 
          4633 4634 4549 4548 
          4634 4635 4550 4549 
          4635 4636 4551 4550 
          4636 4637 4552 4551 
          4637 4638 4553 4552 
          4638 4639 4554 4553 
          4639 4640 4555 4554 
          4640 4641 4556 4555 
          4641 4642 4557 4556 
          4642 4643 4558 4557 
          4643 4644 4559 4558 
          4644 4645 4560 4559 
          4645 4646 4561 4560 
          4646 4647 4562 4561 
          4647 4648 4563 4562 
          4648 4649 4564 4563 
          4649 4650 4565 4564 
          4650 4651 4566 4565 
          4651 4652 4567 4566 
          4652 4653 4568 4567 
          4653 4654 4569 4568 
          4654 4655 4570 4569 
          4655 4656 4571 4570 
          4656 4657 4572 4571 
          4657 4658 4573 4572 
          4658 4659 4574 4573 
          4659 4660 4575 4574 
          4660 4661 4576 4575 
          4661 4662 4577 4576 
          4662 4663 4578 4577 
          4663 4664 4579 4578 
          4664 4665 4580 4579 
          4665 4666 4581 4580 
          4666 4667 4582 4581 
          4667 4668 4583 4582 
          4668 4669 4584 4583 
          4669 4670 4585 4584 
          4670 4671 4586 4585 
          4671 4672 4587 4586 
          4672 4673 4588 4587 
          4673 4674 4589 4588 
          4675 4676 4591 4590 
          4676 4677 4592 4591 
          4677 4678 4593 4592 
          4678 4679 4594 4593 
          4679 4680 4595 4594 
          4680 4681 4596 4595 
          4681 4682 4597 4596 
          4682 4683 4598 4597 
          4683 4684 4599 4598 
          4684 4685 4600 4599 
          4685 4686 4601 4600 
          4686 4687 4602 4601 
          4687 4688 4603 4602 
          4688 4689 4604 4603 
          4689 4690 4605 4604 
          4690 4691 4606 4605 
          4691 4692 4607 4606 
          4692 4693 4608 4607 
          4693 4694 4609 4608 
          4694 4695 4610 4609 
          4695 4696 4611 4610 
          4696 4697 4612 4611 
          4697 4698 4613 4612 
          4698 4699 4614 4613 
          4699 4700 4615 4614 
          4700 4701 4616 4615 
          4701 4702 4617 4616 
          4702 4703 4618 4617 
          4703 4704 4619 4618 
          4704 4705 4620 4619 
          4705 4706 4621 4620 
          4706 4707 4622 4621 
          4707 4708 4623 4622 
          4708 4709 4624 4623 
          4709 4710 4625 4624 
          4710 4711 4626 4625 
          4711 4712 4627 4626 
          4712 4713 4628 4627 
          4713 4714 4629 4628 
          4714 4715 4630 4629 
          4715 4716 4631 4630 
          4716 4717 4632 4631 
          4717 4718 4633 4632 
          4718 4719 4634 4633 
          4719 4720 4635 4634 
          4720 4721 4636 4635 
          4721 4722 4637 4636 
          4722 4723 4638 4637 
          4723 4724 4639 4638 
          4724 4725 4640 4639 
          4725 4726 4641 4640 
          4726 4727 4642 4641 
          4727 4728 4643 4642 
          4728 4729 4644 4643 
          4729 4730 4645 4644 
          4730 4731 4646 4645 
          4731 4732 4647 4646 
          4732 4733 4648 4647 
          4733 4734 4649 4648 
          4734 4735 4650 4649 
          4735 4736 4651 4650 
          4736 4737 4652 4651 
          4737 4738 4653 4652 
          4738 4739 4654 4653 
          4739 4740 4655 4654 
          4740 4741 4656 4655 
          4741 4742 4657 4656 
          4742 4743 4658 4657 
          4743 4744 4659 4658 
          4744 4745 4660 4659 
          4745 4746 4661 4660 
          4746 4747 4662 4661 
          4747 4748 4663 4662 
          4748 4749 4664 4663 
          4749 4750 4665 4664 
          4750 4751 4666 4665 
          4751 4752 4667 4666 
          4752 4753 4668 4667 
          4753 4754 4669 4668 
          4754 4755 4670 4669 
          4755 4756 4671 4670 
          4756 4757 4672 4671 
          4757 4758 4673 4672 
          4758 4759 4674 4673 
          4760 4761 4676 4675 
          4761 4762 4677 4676 
          4762 4763 4678 4677 
          4763 4764 4679 4678 
          4764 4765 4680 4679 
          4765 4766 4681 4680 
          4766 4767 4682 4681 
          4767 4768 4683 4682 
          4768 4769 4684 4683 
          4769 4770 4685 4684 
          4770 4771 4686 4685 
          4771 4772 4687 4686 
          4772 4773 4688 4687 
          4773 4774 4689 4688 
          4774 4775 4690 4689 
          4775 4776 4691 4690 
          4776 4777 4692 4691 
          4777 4778 4693 4692 
          4778 4779 4694 4693 
          4779 4780 4695 4694 
          4780 4781 4696 4695 
          4781 4782 4697 4696 
          4782 4783 4698 4697 
          4783 4784 4699 4698 
          4784 4785 4700 4699 
          4785 4786 4701 4700 
          4786 4787 4702 4701 
          4787 4788 4703 4702 
          4788 4789 4704 4703 
          4789 4790 4705 4704 
          4790 4791 4706 4705 
          4791 4792 4707 4706 
          4792 4793 4708 4707 
          4793 4794 4709 4708 
          4794 4795 4710 4709 
          4795 4796 4711 4710 
          4796 4797 4712 4711 
          4797 4798 4713 4712 
          4798 4799 4714 4713 
          4799 4800 4715 4714 
          4800 4801 4716 4715 
          4801 4802 4717 4716 
          4802 4803 4718 4717 
          4803 4804 4719 4718 
          4804 4805 4720 4719 
          4805 4806 4721 4720 
          4806 4807 4722 4721 
          4807 4808 4723 4722 
          4808 4809 4724 4723 
          4809 4810 4725 4724 
          4810 4811 4726 4725 
          4811 4812 4727 4726 
          4812 4813 4728 4727 
          4813 4814 4729 4728 
          4814 4815 4730 4729 
          4815 4816 4731 4730 
          4816 4817 4732 4731 
          4817 4818 4733 4732 
          4818 4819 4734 4733 
          4819 4820 4735 4734 
          4820 4821 4736 4735 
          4821 4822 4737 4736 
          4822 4823 4738 4737 
          4823 4824 4739 4738 
          4824 4825 4740 4739 
          4825 4826 4741 4740 
          4826 4827 4742 4741 
          4827 4828 4743 4742 
          4828 4829 4744 4743 
          4829 4830 4745 4744 
          4830 4831 4746 4745 
          4831 4832 4747 4746 
          4832 4833 4748 4747 
          4833 4834 4749 4748 
          4834 4835 4750 4749 
          4835 4836 4751 4750 
          4836 4837 4752 4751 
          4837 4838 4753 4752 
          4838 4839 4754 4753 
          4839 4840 4755 4754 
          4840 4841 4756 4755 
          4841 4842 4757 4756 
          4842 4843 4758 4757 
          4843 4844 4759 4758 
          4845 4846 4761 4760 
          4846 4847 4762 4761 
          4847 4848 4763 4762 
          4848 4849 4764 4763 
          4849 4850 4765 4764 
          4850 4851 4766 4765 
          4851 4852 4767 4766 
          4852 4853 4768 4767 
          4853 4854 4769 4768 
          4854 4855 4770 4769 
          4855 4856 4771 4770 
          4856 4857 4772 4771 
          4857 4858 4773 4772 
          4858 4859 4774 4773 
          4859 4860 4775 4774 
          4860 4861 4776 4775 
          4861 4862 4777 4776 
          4862 4863 4778 4777 
          4863 4864 4779 4778 
          4864 4865 4780 4779 
          4865 4866 4781 4780 
          4866 4867 4782 4781 
          4867 4868 4783 4782 
          4868 4869 4784 4783 
          4869 4870 4785 4784 
          4870 4871 4786 4785 
          4871 4872 4787 4786 
          4872 4873 4788 4787 
          4873 4874 4789 4788 
          4874 4875 4790 4789 
          4875 4876 4791 4790 
          4876 4877 4792 4791 
          4877 4878 4793 4792 
          4878 4879 4794 4793 
          4879 4880 4795 4794 
          4880 4881 4796 4795 
          4881 4882 4797 4796 
          4882 4883 4798 4797 
          4883 4884 4799 4798 
          4884 4885 4800 4799 
          4885 4886 4801 4800 
          4886 4887 4802 4801 
          4887 4888 4803 4802 
          4888 4889 4804 4803 
          4889 4890 4805 4804 
          4890 4891 4806 4805 
          4891 4892 4807 4806 
          4892 4893 4808 4807 
          4893 4894 4809 4808 
          4894 4895 4810 4809 
          4895 4896 4811 4810 
          4896 4897 4812 4811 
          4897 4898 4813 4812 
          4898 4899 4814 4813 
          4899 4900 4815 4814 
          4900 4901 4816 4815 
          4901 4902 4817 4816 
          4902 4903 4818 4817 
          4903 4904 4819 4818 
          4904 4905 4820 4819 
          4905 4906 4821 4820 
          4906 4907 4822 4821 
          4907 4908 4823 4822 
          4908 4909 4824 4823 
          4909 4910 4825 4824 
          4910 4911 4826 4825 
          4911 4912 4827 4826 
          4912 4913 4828 4827 
          4913 4914 4829 4828 
          4914 4915 4830 4829 
          4915 4916 4831 4830 
          4916 4917 4832 4831 
          4917 4918 4833 4832 
          4918 4919 4834 4833 
          4919 4920 4835 4834 
          4920 4921 4836 4835 
          4921 4922 4837 4836 
          4922 4923 4838 4837 
          4923 4924 4839 4838 
          4924 4925 4840 4839 
          4925 4926 4841 4840 
          4926 4927 4842 4841 
          4927 4928 4843 4842 
          4928 4929 4844 4843 
          4930 4931 4846 4845 
          4931 4932 4847 4846 
          4932 4933 4848 4847 
          4933 4934 4849 4848 
          4934 4935 4850 4849 
          4935 4936 4851 4850 
          4936 4937 4852 4851 
          4937 4938 4853 4852 
          4938 4939 4854 4853 
          4939 4940 4855 4854 
          4940 4941 4856 4855 
          4941 4942 4857 4856 
          4942 4943 4858 4857 
          4943 4944 4859 4858 
          4944 4945 4860 4859 
          4945 4946 4861 4860 
          4946 4947 4862 4861 
          4947 4948 4863 4862 
          4948 4949 4864 4863 
          4949 4950 4865 4864 
          4950 4951 4866 4865 
          4951 4952 4867 4866 
          4952 4953 4868 4867 
          4953 4954 4869 4868 
          4954 4955 4870 4869 
          4955 4956 4871 4870 
          4956 4957 4872 4871 
          4957 4958 4873 4872 
          4958 4959 4874 4873 
          4959 4960 4875 4874 
          4960 4961 4876 4875 
          4961 4962 4877 4876 
          4962 4963 4878 4877 
          4963 4964 4879 4878 
          4964 4965 4880 4879 
          4965 4966 4881 4880 
          4966 4967 4882 4881 
          4967 4968 4883 4882 
          4968 4969 4884 4883 
          4969 4970 4885 4884 
          4970 4971 4886 4885 
          4971 4972 4887 4886 
          4972 4973 4888 4887 
          4973 4974 4889 4888 
          4974 4975 4890 4889 
          4975 4976 4891 4890 
          4976 4977 4892 4891 
          4977 4978 4893 4892 
          4978 4979 4894 4893 
          4979 4980 4895 4894 
          4980 4981 4896 4895 
          4981 4982 4897 4896 
          4982 4983 4898 4897 
          4983 4984 4899 4898 
          4984 4985 4900 4899 
          4985 4986 4901 4900 
          4986 4987 4902 4901 
          4987 4988 4903 4902 
          4988 4989 4904 4903 
          4989 4990 4905 4904 
          4990 4991 4906 4905 
          4991 4992 4907 4906 
          4992 4993 4908 4907 
          4993 4994 4909 4908 
          4994 4995 4910 4909 
          4995 4996 4911 4910 
          4996 4997 4912 4911 
          4997 4998 4913 4912 
          4998 4999 4914 4913 
          4999 5000 4915 4914 
          5000 5001 4916 4915 
          5001 5002 4917 4916 
          5002 5003 4918 4917 
          5003 5004 4919 4918 
          5004 5005 4920 4919 
          5005 5006 4921 4920 
          5006 5007 4922 4921 
          5007 5008 4923 4922 
          5008 5009 4924 4923 
          5009 5010 4925 4924 
          5010 5011 4926 4925 
          5011 5012 4927 4926 
          5012 5013 4928 4927 
          5013 5014 4929 4928 
          5015 5016 4931 4930 
          5016 5017 4932 4931 
          5017 5018 4933 4932 
          5018 5019 4934 4933 
          5019 5020 4935 4934 
          5020 5021 4936 4935 
          5021 5022 4937 4936 
          5022 5023 4938 4937 
          5023 5024 4939 4938 
          5024 5025 4940 4939 
          5025 5026 4941 4940 
          5026 5027 4942 4941 
          5027 5028 4943 4942 
          5028 5029 4944 4943 
          5029 5030 4945 4944 
          5030 5031 4946 4945 
          5031 5032 4947 4946 
          5032 5033 4948 4947 
          5033 5034 4949 4948 
          5034 5035 4950 4949 
          5035 5036 4951 4950 
          5036 5037 4952 4951 
          5037 5038 4953 4952 
          5038 5039 4954 4953 
          5039 5040 4955 4954 
          5040 5041 4956 4955 
          5041 5042 4957 4956 
          5042 5043 4958 4957 
          5043 5044 4959 4958 
          5044 5045 4960 4959 
          5045 5046 4961 4960 
          5046 5047 4962 4961 
          5047 5048 4963 4962 
          5048 5049 4964 4963 
          5049 5050 4965 4964 
          5050 5051 4966 4965 
          5051 5052 4967 4966 
          5052 5053 4968 4967 
          5053 5054 4969 4968 
          5054 5055 4970 4969 
          5055 5056 4971 4970 
          5056 5057 4972 4971 
          5057 5058 4973 4972 
          5058 5059 4974 4973 
          5059 5060 4975 4974 
          5060 5061 4976 4975 
          5061 5062 4977 4976 
          5062 5063 4978 4977 
          5063 5064 4979 4978 
          5064 5065 4980 4979 
          5065 5066 4981 4980 
          5066 5067 4982 4981 
          5067 5068 4983 4982 
          5068 5069 4984 4983 
          5069 5070 4985 4984 
          5070 5071 4986 4985 
          5071 5072 4987 4986 
          5072 5073 4988 4987 
          5073 5074 4989 4988 
          5074 5075 4990 4989 
          5075 5076 4991 4990 
          5076 5077 4992 4991 
          5077 5078 4993 4992 
          5078 5079 4994 4993 
          5079 5080 4995 4994 
          5080 5081 4996 4995 
          5081 5082 4997 4996 
          5082 5083 4998 4997 
          5083 5084 4999 4998 
          5084 5085 5000 4999 
          5085 5086 5001 5000 
          5086 5087 5002 5001 
          5087 5088 5003 5002 
          5088 5089 5004 5003 
          5089 5090 5005 5004 
          5090 5091 5006 5005 
          5091 5092 5007 5006 
          5092 5093 5008 5007 
          5093 5094 5009 5008 
          5094 5095 5010 5009 
          5095 5096 5011 5010 
          5096 5097 5012 5011 
          5097 5098 5013 5012 
          5098 5099 5014 5013 
          5100 5101 5016 5015 
          5101 5102 5017 5016 
          5102 5103 5018 5017 
          5103 5104 5019 5018 
          5104 5105 5020 5019 
          5105 5106 5021 5020 
          5106 5107 5022 5021 
          5107 5108 5023 5022 
          5108 5109 5024 5023 
          5109 5110 5025 5024 
          5110 5111 5026 5025 
          5111 5112 5027 5026 
          5112 5113 5028 5027 
          5113 5114 5029 5028 
          5114 5115 5030 5029 
          5115 5116 5031 5030 
          5116 5117 5032 5031 
          5117 5118 5033 5032 
          5118 5119 5034 5033 
          5119 5120 5035 5034 
          5120 5121 5036 5035 
          5121 5122 5037 5036 
          5122 5123 5038 5037 
          5123 5124 5039 5038 
          5124 5125 5040 5039 
          5125 5126 5041 5040 
          5126 5127 5042 5041 
          5127 5128 5043 5042 
          5128 5129 5044 5043 
          5129 5130 5045 5044 
          5130 5131 5046 5045 
          5131 5132 5047 5046 
          5132 5133 5048 5047 
          5133 5134 5049 5048 
          5134 5135 5050 5049 
          5135 5136 5051 5050 
          5136 5137 5052 5051 
          5137 5138 5053 5052 
          5138 5139 5054 5053 
          5139 5140 5055 5054 
          5140 5141 5056 5055 
          5141 5142 5057 5056 
          5142 5143 5058 5057 
          5143 5144 5059 5058 
          5144 5145 5060 5059 
          5145 5146 5061 5060 
          5146 5147 5062 5061 
          5147 5148 5063 5062 
          5148 5149 5064 5063 
          5149 5150 5065 5064 
          5150 5151 5066 5065 
          5151 5152 5067 5066 
          5152 5153 5068 5067 
          5153 5154 5069 5068 
          5154 5155 5070 5069 
          5155 5156 5071 5070 
          5156 5157 5072 5071 
          5157 5158 5073 5072 
          5158 5159 5074 5073 
          5159 5160 5075 5074 
          5160 5161 5076 5075 
          5161 5162 5077 5076 
          5162 5163 5078 5077 
          5163 5164 5079 5078 
          5164 5165 5080 5079 
          5165 5166 5081 5080 
          5166 5167 5082 5081 
          5167 5168 5083 5082 
          5168 5169 5084 5083 
          5169 5170 5085 5084 
          5170 5171 5086 5085 
          5171 5172 5087 5086 
          5172 5173 5088 5087 
          5173 5174 5089 5088 
          5174 5175 5090 5089 
          5175 5176 5091 5090 
          5176 5177 5092 5091 
          5177 5178 5093 5092 
          5178 5179 5094 5093 
          5179 5180 5095 5094 
          5180 5181 5096 5095 
          5181 5182 5097 5096 
          5182 5183 5098 5097 
          5183 5184 5099 5098 
          5185 5186 5101 5100 
          5186 5187 5102 5101 
          5187 5188 5103 5102 
          5188 5189 5104 5103 
          5189 5190 5105 5104 
          5190 5191 5106 5105 
          5191 5192 5107 5106 
          5192 5193 5108 5107 
          5193 5194 5109 5108 
          5194 5195 5110 5109 
          5195 5196 5111 5110 
          5196 5197 5112 5111 
          5197 5198 5113 5112 
          5198 5199 5114 5113 
          5199 5200 5115 5114 
          5200 5201 5116 5115 
          5201 5202 5117 5116 
          5202 5203 5118 5117 
          5203 5204 5119 5118 
          5204 5205 5120 5119 
          5205 5206 5121 5120 
          5206 5207 5122 5121 
          5207 5208 5123 5122 
          5208 5209 5124 5123 
          5209 5210 5125 5124 
          5210 5211 5126 5125 
          5211 5212 5127 5126 
          5212 5213 5128 5127 
          5213 5214 5129 5128 
          5214 5215 5130 5129 
          5215 5216 5131 5130 
          5216 5217 5132 5131 
          5217 5218 5133 5132 
          5218 5219 5134 5133 
          5219 5220 5135 5134 
          5220 5221 5136 5135 
          5221 5222 5137 5136 
          5222 5223 5138 5137 
          5223 5224 5139 5138 
          5224 5225 5140 5139 
          5225 5226 5141 5140 
          5226 5227 5142 5141 
          5227 5228 5143 5142 
          5228 5229 5144 5143 
          5229 5230 5145 5144 
          5230 5231 5146 5145 
          5231 5232 5147 5146 
          5232 5233 5148 5147 
          5233 5234 5149 5148 
          5234 5235 5150 5149 
          5235 5236 5151 5150 
          5236 5237 5152 5151 
          5237 5238 5153 5152 
          5238 5239 5154 5153 
          5239 5240 5155 5154 
          5240 5241 5156 5155 
          5241 5242 5157 5156 
          5242 5243 5158 5157 
          5243 5244 5159 5158 
          5244 5245 5160 5159 
          5245 5246 5161 5160 
          5246 5247 5162 5161 
          5247 5248 5163 5162 
          5248 5249 5164 5163 
          5249 5250 5165 5164 
          5250 5251 5166 5165 
          5251 5252 5167 5166 
          5252 5253 5168 5167 
          5253 5254 5169 5168 
          5254 5255 5170 5169 
          5255 5256 5171 5170 
          5256 5257 5172 5171 
          5257 5258 5173 5172 
          5258 5259 5174 5173 
          5259 5260 5175 5174 
          5260 5261 5176 5175 
          5261 5262 5177 5176 
          5262 5263 5178 5177 
          5263 5264 5179 5178 
          5264 5265 5180 5179 
          5265 5266 5181 5180 
          5266 5267 5182 5181 
          5267 5268 5183 5182 
          5268 5269 5184 5183 
          5270 5271 5186 5185 
          5271 5272 5187 5186 
          5272 5273 5188 5187 
          5273 5274 5189 5188 
          5274 5275 5190 5189 
          5275 5276 5191 5190 
          5276 5277 5192 5191 
          5277 5278 5193 5192 
          5278 5279 5194 5193 
          5279 5280 5195 5194 
          5280 5281 5196 5195 
          5281 5282 5197 5196 
          5282 5283 5198 5197 
          5283 5284 5199 5198 
          5284 5285 5200 5199 
          5285 5286 5201 5200 
          5286 5287 5202 5201 
          5287 5288 5203 5202 
          5288 5289 5204 5203 
          5289 5290 5205 5204 
          5290 5291 5206 5205 
          5291 5292 5207 5206 
          5292 5293 5208 5207 
          5293 5294 5209 5208 
          5294 5295 5210 5209 
          5295 5296 5211 5210 
          5296 5297 5212 5211 
          5297 5298 5213 5212 
          5298 5299 5214 5213 
          5299 5300 5215 5214 
          5300 5301 5216 5215 
          5301 5302 5217 5216 
          5302 5303 5218 5217 
          5303 5304 5219 5218 
          5304 5305 5220 5219 
          5305 5306 5221 5220 
          5306 5307 5222 5221 
          5307 5308 5223 5222 
          5308 5309 5224 5223 
          5309 5310 5225 5224 
          5310 5311 5226 5225 
          5311 5312 5227 5226 
          5312 5313 5228 5227 
          5313 5314 5229 5228 
          5314 5315 5230 5229 
          5315 5316 5231 5230 
          5316 5317 5232 5231 
          5317 5318 5233 5232 
          5318 5319 5234 5233 
          5319 5320 5235 5234 
          5320 5321 5236 5235 
          5321 5322 5237 5236 
          5322 5323 5238 5237 
          5323 5324 5239 5238 
          5324 5325 5240 5239 
          5325 5326 5241 5240 
          5326 5327 5242 5241 
          5327 5328 5243 5242 
          5328 5329 5244 5243 
          5329 5330 5245 5244 
          5330 5331 5246 5245 
          5331 5332 5247 5246 
          5332 5333 5248 5247 
          5333 5334 5249 5248 
          5334 5335 5250 5249 
          5335 5336 5251 5250 
          5336 5337 5252 5251 
          5337 5338 5253 5252 
          5338 5339 5254 5253 
          5339 5340 5255 5254 
          5340 5341 5256 5255 
          5341 5342 5257 5256 
          5342 5343 5258 5257 
          5343 5344 5259 5258 
          5344 5345 5260 5259 
          5345 5346 5261 5260 
          5346 5347 5262 5261 
          5347 5348 5263 5262 
          5348 5349 5264 5263 
          5349 5350 5265 5264 
          5350 5351 5266 5265 
          5351 5352 5267 5266 
          5352 5353 5268 5267 
          5353 5354 5269 5268 
          5355 5356 5271 5270 
          5356 5357 5272 5271 
          5357 5358 5273 5272 
          5358 5359 5274 5273 
          5359 5360 5275 5274 
          5360 5361 5276 5275 
          5361 5362 5277 5276 
          5362 5363 5278 5277 
          5363 5364 5279 5278 
          5364 5365 5280 5279 
          5365 5366 5281 5280 
          5366 5367 5282 5281 
          5367 5368 5283 5282 
          5368 5369 5284 5283 
          5369 5370 5285 5284 
          5370 5371 5286 5285 
          5371 5372 5287 5286 
          5372 5373 5288 5287 
          5373 5374 5289 5288 
          5374 5375 5290 5289 
          5375 5376 5291 5290 
          5376 5377 5292 5291 
          5377 5378 5293 5292 
          5378 5379 5294 5293 
          5379 5380 5295 5294 
          5380 5381 5296 5295 
          5381 5382 5297 5296 
          5382 5383 5298 5297 
          5383 5384 5299 5298 
          5384 5385 5300 5299 
          5385 5386 5301 5300 
          5386 5387 5302 5301 
          5387 5388 5303 5302 
          5388 5389 5304 5303 
          5389 5390 5305 5304 
          5390 5391 5306 5305 
          5391 5392 5307 5306 
          5392 5393 5308 5307 
          5393 5394 5309 5308 
          5394 5395 5310 5309 
          5395 5396 5311 5310 
          5396 5397 5312 5311 
          5397 5398 5313 5312 
          5398 5399 5314 5313 
          5399 5400 5315 5314 
          5400 5401 5316 5315 
          5401 5402 5317 5316 
          5402 5403 5318 5317 
          5403 5404 5319 5318 
          5404 5405 5320 5319 
          5405 5406 5321 5320 
          5406 5407 5322 5321 
          5407 5408 5323 5322 
          5408 5409 5324 5323 
          5409 5410 5325 5324 
          5410 5411 5326 5325 
          5411 5412 5327 5326 
          5412 5413 5328 5327 
          5413 5414 5329 5328 
          5414 5415 5330 5329 
          5415 5416 5331 5330 
          5416 5417 5332 5331 
          5417 5418 5333 5332 
          5418 5419 5334 5333 
          5419 5420 5335 5334 
          5420 5421 5336 5335 
          5421 5422 5337 5336 
          5422 5423 5338 5337 
          5423 5424 5339 5338 
          5424 5425 5340 5339 
          5425 5426 5341 5340 
          5426 5427 5342 5341 
          5427 5428 5343 5342 
          5428 5429 5344 5343 
          5429 5430 5345 5344 
          5430 5431 5346 5345 
          5431 5432 5347 5346 
          5432 5433 5348 5347 
          5433 5434 5349 5348 
          5434 5435 5350 5349 
          5435 5436 5351 5350 
          5436 5437 5352 5351 
          5437 5438 5353 5352 
          5438 5439 5354 5353 
          5440 5441 5356 5355 
          5441 5442 5357 5356 
          5442 5443 5358 5357 
          5443 5444 5359 5358 
          5444 5445 5360 5359 
          5445 5446 5361 5360 
          5446 5447 5362 5361 
          5447 5448 5363 5362 
          5448 5449 5364 5363 
          5449 5450 5365 5364 
          5450 5451 5366 5365 
          5451 5452 5367 5366 
          5452 5453 5368 5367 
          5453 5454 5369 5368 
          5454 5455 5370 5369 
          5455 5456 5371 5370 
          5456 5457 5372 5371 
          5457 5458 5373 5372 
          5458 5459 5374 5373 
          5459 5460 5375 5374 
          5460 5461 5376 5375 
          5461 5462 5377 5376 
          5462 5463 5378 5377 
          5463 5464 5379 5378 
          5464 5465 5380 5379 
          5465 5466 5381 5380 
          5466 5467 5382 5381 
          5467 5468 5383 5382 
          5468 5469 5384 5383 
          5469 5470 5385 5384 
          5470 5471 5386 5385 
          5471 5472 5387 5386 
          5472 5473 5388 5387 
          5473 5474 5389 5388 
          5474 5475 5390 5389 
          5475 5476 5391 5390 
          5476 5477 5392 5391 
          5477 5478 5393 5392 
          5478 5479 5394 5393 
          5479 5480 5395 5394 
          5480 5481 5396 5395 
          5481 5482 5397 5396 
          5482 5483 5398 5397 
          5483 5484 5399 5398 
          5484 5485 5400 5399 
          5485 5486 5401 5400 
          5486 5487 5402 5401 
          5487 5488 5403 5402 
          5488 5489 5404 5403 
          5489 5490 5405 5404 
          5490 5491 5406 5405 
          5491 5492 5407 5406 
          5492 5493 5408 5407 
          5493 5494 5409 5408 
          5494 5495 5410 5409 
          5495 5496 5411 5410 
          5496 5497 5412 5411 
          5497 5498 5413 5412 
          5498 5499 5414 5413 
          5499 5500 5415 5414 
          5500 5501 5416 5415 
          5501 5502 5417 5416 
          5502 5503 5418 5417 
          5503 5504 5419 5418 
          5504 5505 5420 5419 
          5505 5506 5421 5420 
          5506 5507 5422 5421 
          5507 5508 5423 5422 
          5508 5509 5424 5423 
          5509 5510 5425 5424 
          5510 5511 5426 5425 
          5511 5512 5427 5426 
          5512 5513 5428 5427 
          5513 5514 5429 5428 
          5514 5515 5430 5429 
          5515 5516 5431 5430 
          5516 5517 5432 5431 
          5517 5518 5433 5432 
          5518 5519 5434 5433 
          5519 5520 5435 5434 
          5520 5521 5436 5435 
          5521 5522 5437 5436 
          5522 5523 5438 5437 
          5523 5524 5439 5438 
          5525 5526 5441 5440 
          5526 5527 5442 5441 
          5527 5528 5443 5442 
          5528 5529 5444 5443 
          5529 5530 5445 5444 
          5530 5531 5446 5445 
          5531 5532 5447 5446 
          5532 5533 5448 5447 
          5533 5534 5449 5448 
          5534 5535 5450 5449 
          5535 5536 5451 5450 
          5536 5537 5452 5451 
          5537 5538 5453 5452 
          5538 5539 5454 5453 
          5539 5540 5455 5454 
          5540 5541 5456 5455 
          5541 5542 5457 5456 
          5542 5543 5458 5457 
          5543 5544 5459 5458 
          5544 5545 5460 5459 
          5545 5546 5461 5460 
          5546 5547 5462 5461 
          5547 5548 5463 5462 
          5548 5549 5464 5463 
          5549 5550 5465 5464 
          5550 5551 5466 5465 
          5551 5552 5467 5466 
          5552 5553 5468 5467 
          5553 5554 5469 5468 
          5554 5555 5470 5469 
          5555 5556 5471 5470 
          5556 5557 5472 5471 
          5557 5558 5473 5472 
          5558 5559 5474 5473 
          5559 5560 5475 5474 
          5560 5561 5476 5475 
          5561 5562 5477 5476 
          5562 5563 5478 5477 
          5563 5564 5479 5478 
          5564 5565 5480 5479 
          5565 5566 5481 5480 
          5566 5567 5482 5481 
          5567 5568 5483 5482 
          5568 5569 5484 5483 
          5569 5570 5485 5484 
          5570 5571 5486 5485 
          5571 5572 5487 5486 
          5572 5573 5488 5487 
          5573 5574 5489 5488 
          5574 5575 5490 5489 
          5575 5576 5491 5490 
          5576 5577 5492 5491 
          5577 5578 5493 5492 
          5578 5579 5494 5493 
          5579 5580 5495 5494 
          5580 5581 5496 5495 
          5581 5582 5497 5496 
          5582 5583 5498 5497 
          5583 5584 5499 5498 
          5584 5585 5500 5499 
          5585 5586 5501 5500 
          5586 5587 5502 5501 
          5587 5588 5503 5502 
          5588 5589 5504 5503 
          5589 5590 5505 5504 
          5590 5591 5506 5505 
          5591 5592 5507 5506 
          5592 5593 5508 5507 
          5593 5594 5509 5508 
          5594 5595 5510 5509 
          5595 5596 5511 5510 
          5596 5597 5512 5511 
          5597 5598 5513 5512 
          5598 5599 5514 5513 
          5599 5600 5515 5514 
          5600 5601 5516 5515 
          5601 5602 5517 5516 
          5602 5603 5518 5517 
          5603 5604 5519 5518 
          5604 5605 5520 5519 
          5605 5606 5521 5520 
          5606 5607 5522 5521 
          5607 5608 5523 5522 
          5608 5609 5524 5523 
          5610 5611 5526 5525 
          5611 5612 5527 5526 
          5612 5613 5528 5527 
          5613 5614 5529 5528 
          5614 5615 5530 5529 
          5615 5616 5531 5530 
          5616 5617 5532 5531 
          5617 5618 5533 5532 
          5618 5619 5534 5533 
          5619 5620 5535 5534 
          5620 5621 5536 5535 
          5621 5622 5537 5536 
          5622 5623 5538 5537 
          5623 5624 5539 5538 
          5624 5625 5540 5539 
          5625 5626 5541 5540 
          5626 5627 5542 5541 
          5627 5628 5543 5542 
          5628 5629 5544 5543 
          5629 5630 5545 5544 
          5630 5631 5546 5545 
          5631 5632 5547 5546 
          5632 5633 5548 5547 
          5633 5634 5549 5548 
          5634 5635 5550 5549 
          5635 5636 5551 5550 
          5636 5637 5552 5551 
          5637 5638 5553 5552 
          5638 5639 5554 5553 
          5639 5640 5555 5554 
          5640 5641 5556 5555 
          5641 5642 5557 5556 
          5642 5643 5558 5557 
          5643 5644 5559 5558 
          5644 5645 5560 5559 
          5645 5646 5561 5560 
          5646 5647 5562 5561 
          5647 5648 5563 5562 
          5648 5649 5564 5563 
          5649 5650 5565 5564 
          5650 5651 5566 5565 
          5651 5652 5567 5566 
          5652 5653 5568 5567 
          5653 5654 5569 5568 
          5654 5655 5570 5569 
          5655 5656 5571 5570 
          5656 5657 5572 5571 
          5657 5658 5573 5572 
          5658 5659 5574 5573 
          5659 5660 5575 5574 
          5660 5661 5576 5575 
          5661 5662 5577 5576 
          5662 5663 5578 5577 
          5663 5664 5579 5578 
          5664 5665 5580 5579 
          5665 5666 5581 5580 
          5666 5667 5582 5581 
          5667 5668 5583 5582 
          5668 5669 5584 5583 
          5669 5670 5585 5584 
          5670 5671 5586 5585 
          5671 5672 5587 5586 
          5672 5673 5588 5587 
          5673 5674 5589 5588 
          5674 5675 5590 5589 
          5675 5676 5591 5590 
          5676 5677 5592 5591 
          5677 5678 5593 5592 
          5678 5679 5594 5593 
          5679 5680 5595 5594 
          5680 5681 5596 5595 
          5681 5682 5597 5596 
          5682 5683 5598 5597 
          5683 5684 5599 5598 
          5684 5685 5600 5599 
          5685 5686 5601 5600 
          5686 5687 5602 5601 
          5687 5688 5603 5602 
          5688 5689 5604 5603 
          5689 5690 5605 5604 
          5690 5691 5606 5605 
          5691 5692 5607 5606 
          5692 5693 5608 5607 
          5693 5694 5609 5608 
          5695 5696 5611 5610 
          5696 5697 5612 5611 
          5697 5698 5613 5612 
          5698 5699 5614 5613 
          5699 5700 5615 5614 
          5700 5701 5616 5615 
          5701 5702 5617 5616 
          5702 5703 5618 5617 
          5703 5704 5619 5618 
          5704 5705 5620 5619 
          5705 5706 5621 5620 
          5706 5707 5622 5621 
          5707 5708 5623 5622 
          5708 5709 5624 5623 
          5709 5710 5625 5624 
          5710 5711 5626 5625 
          5711 5712 5627 5626 
          5712 5713 5628 5627 
          5713 5714 5629 5628 
          5714 5715 5630 5629 
          5715 5716 5631 5630 
          5716 5717 5632 5631 
          5717 5718 5633 5632 
          5718 5719 5634 5633 
          5719 5720 5635 5634 
          5720 5721 5636 5635 
          5721 5722 5637 5636 
          5722 5723 5638 5637 
          5723 5724 5639 5638 
          5724 5725 5640 5639 
          5725 5726 5641 5640 
          5726 5727 5642 5641 
          5727 5728 5643 5642 
          5728 5729 5644 5643 
          5729 5730 5645 5644 
          5730 5731 5646 5645 
          5731 5732 5647 5646 
          5732 5733 5648 5647 
          5733 5734 5649 5648 
          5734 5735 5650 5649 
          5735 5736 5651 5650 
          5736 5737 5652 5651 
          5737 5738 5653 5652 
          5738 5739 5654 5653 
          5739 5740 5655 5654 
          5740 5741 5656 5655 
          5741 5742 5657 5656 
          5742 5743 5658 5657 
          5743 5744 5659 5658 
          5744 5745 5660 5659 
          5745 5746 5661 5660 
          5746 5747 5662 5661 
          5747 5748 5663 5662 
          5748 5749 5664 5663 
          5749 5750 5665 5664 
          5750 5751 5666 5665 
          5751 5752 5667 5666 
          5752 5753 5668 5667 
          5753 5754 5669 5668 
          5754 5755 5670 5669 
          5755 5756 5671 5670 
          5756 5757 5672 5671 
          5757 5758 5673 5672 
          5758 5759 5674 5673 
          5759 5760 5675 5674 
          5760 5761 5676 5675 
          5761 5762 5677 5676 
          5762 5763 5678 5677 
          5763 5764 5679 5678 
          5764 5765 5680 5679 
          5765 5766 5681 5680 
          5766 5767 5682 5681 
          5767 5768 5683 5682 
          5768 5769 5684 5683 
          5769 5770 5685 5684 
          5770 5771 5686 5685 
          5771 5772 5687 5686 
          5772 5773 5688 5687 
          5773 5774 5689 5688 
          5774 5775 5690 5689 
          5775 5776 5691 5690 
          5776 5777 5692 5691 
          5777 5778 5693 5692 
          5778 5779 5694 5693 
          5780 5781 5696 5695 
          5781 5782 5697 5696 
          5782 5783 5698 5697 
          5783 5784 5699 5698 
          5784 5785 5700 5699 
          5785 5786 5701 5700 
          5786 5787 5702 5701 
          5787 5788 5703 5702 
          5788 5789 5704 5703 
          5789 5790 5705 5704 
          5790 5791 5706 5705 
          5791 5792 5707 5706 
          5792 5793 5708 5707 
          5793 5794 5709 5708 
          5794 5795 5710 5709 
          5795 5796 5711 5710 
          5796 5797 5712 5711 
          5797 5798 5713 5712 
          5798 5799 5714 5713 
          5799 5800 5715 5714 
          5800 5801 5716 5715 
          5801 5802 5717 5716 
          5802 5803 5718 5717 
          5803 5804 5719 5718 
          5804 5805 5720 5719 
          5805 5806 5721 5720 
          5806 5807 5722 5721 
          5807 5808 5723 5722 
          5808 5809 5724 5723 
          5809 5810 5725 5724 
          5810 5811 5726 5725 
          5811 5812 5727 5726 
          5812 5813 5728 5727 
          5813 5814 5729 5728 
          5814 5815 5730 5729 
          5815 5816 5731 5730 
          5816 5817 5732 5731 
          5817 5818 5733 5732 
          5818 5819 5734 5733 
          5819 5820 5735 5734 
          5820 5821 5736 5735 
          5821 5822 5737 5736 
          5822 5823 5738 5737 
          5823 5824 5739 5738 
          5824 5825 5740 5739 
          5825 5826 5741 5740 
          5826 5827 5742 5741 
          5827 5828 5743 5742 
          5828 5829 5744 5743 
          5829 5830 5745 5744 
          5830 5831 5746 5745 
          5831 5832 5747 5746 
          5832 5833 5748 5747 
          5833 5834 5749 5748 
          5834 5835 5750 5749 
          5835 5836 5751 5750 
          5836 5837 5752 5751 
          5837 5838 5753 5752 
          5838 5839 5754 5753 
          5839 5840 5755 5754 
          5840 5841 5756 5755 
          5841 5842 5757 5756 
          5842 5843 5758 5757 
          5843 5844 5759 5758 
          5844 5845 5760 5759 
          5845 5846 5761 5760 
          5846 5847 5762 5761 
          5847 5848 5763 5762 
          5848 5849 5764 5763 
          5849 5850 5765 5764 
          5850 5851 5766 5765 
          5851 5852 5767 5766 
          5852 5853 5768 5767 
          5853 5854 5769 5768 
          5854 5855 5770 5769 
          5855 5856 5771 5770 
          5856 5857 5772 5771 
          5857 5858 5773 5772 
          5858 5859 5774 5773 
          5859 5860 5775 5774 
          5860 5861 5776 5775 
          5861 5862 5777 5776 
          5862 5863 5778 5777 
          5863 5864 5779 5778 
          5865 5866 5781 5780 
          5866 5867 5782 5781 
          5867 5868 5783 5782 
          5868 5869 5784 5783 
          5869 5870 5785 5784 
          5870 5871 5786 5785 
          5871 5872 5787 5786 
          5872 5873 5788 5787 
          5873 5874 5789 5788 
          5874 5875 5790 5789 
          5875 5876 5791 5790 
          5876 5877 5792 5791 
          5877 5878 5793 5792 
          5878 5879 5794 5793 
          5879 5880 5795 5794 
          5880 5881 5796 5795 
          5881 5882 5797 5796 
          5882 5883 5798 5797 
          5883 5884 5799 5798 
          5884 5885 5800 5799 
          5885 5886 5801 5800 
          5886 5887 5802 5801 
          5887 5888 5803 5802 
          5888 5889 5804 5803 
          5889 5890 5805 5804 
          5890 5891 5806 5805 
          5891 5892 5807 5806 
          5892 5893 5808 5807 
          5893 5894 5809 5808 
          5894 5895 5810 5809 
          5895 5896 5811 5810 
          5896 5897 5812 5811 
          5897 5898 5813 5812 
          5898 5899 5814 5813 
          5899 5900 5815 5814 
          5900 5901 5816 5815 
          5901 5902 5817 5816 
          5902 5903 5818 5817 
          5903 5904 5819 5818 
          5904 5905 5820 5819 
          5905 5906 5821 5820 
          5906 5907 5822 5821 
          5907 5908 5823 5822 
          5908 5909 5824 5823 
          5909 5910 5825 5824 
          5910 5911 5826 5825 
          5911 5912 5827 5826 
          5912 5913 5828 5827 
          5913 5914 5829 5828 
          5914 5915 5830 5829 
          5915 5916 5831 5830 
          5916 5917 5832 5831 
          5917 5918 5833 5832 
          5918 5919 5834 5833 
          5919 5920 5835 5834 
          5920 5921 5836 5835 
          5921 5922 5837 5836 
          5922 5923 5838 5837 
          5923 5924 5839 5838 
          5924 5925 5840 5839 
          5925 5926 5841 5840 
          5926 5927 5842 5841 
          5927 5928 5843 5842 
          5928 5929 5844 5843 
          5929 5930 5845 5844 
          5930 5931 5846 5845 
          5931 5932 5847 5846 
          5932 5933 5848 5847 
          5933 5934 5849 5848 
          5934 5935 5850 5849 
          5935 5936 5851 5850 
          5936 5937 5852 5851 
          5937 5938 5853 5852 
          5938 5939 5854 5853 
          5939 5940 5855 5854 
          5940 5941 5856 5855 
          5941 5942 5857 5856 
          5942 5943 5858 5857 
          5943 5944 5859 5858 
          5944 5945 5860 5859 
          5945 5946 5861 5860 
          5946 5947 5862 5861 
          5947 5948 5863 5862 
          5948 5949 5864 5863 
          5950 5951 5866 5865 
          5951 5952 5867 5866 
          5952 5953 5868 5867 
          5953 5954 5869 5868 
          5954 5955 5870 5869 
          5955 5956 5871 5870 
          5956 5957 5872 5871 
          5957 5958 5873 5872 
          5958 5959 5874 5873 
          5959 5960 5875 5874 
          5960 5961 5876 5875 
          5961 5962 5877 5876 
          5962 5963 5878 5877 
          5963 5964 5879 5878 
          5964 5965 5880 5879 
          5965 5966 5881 5880 
          5966 5967 5882 5881 
          5967 5968 5883 5882 
          5968 5969 5884 5883 
          5969 5970 5885 5884 
          5970 5971 5886 5885 
          5971 5972 5887 5886 
          5972 5973 5888 5887 
          5973 5974 5889 5888 
          5974 5975 5890 5889 
          5975 5976 5891 5890 
          5976 5977 5892 5891 
          5977 5978 5893 5892 
          5978 5979 5894 5893 
          5979 5980 5895 5894 
          5980 5981 5896 5895 
          5981 5982 5897 5896 
          5982 5983 5898 5897 
          5983 5984 5899 5898 
          5984 5985 5900 5899 
          5985 5986 5901 5900 
          5986 5987 5902 5901 
          5987 5988 5903 5902 
          5988 5989 5904 5903 
          5989 5990 5905 5904 
          5990 5991 5906 5905 
          5991 5992 5907 5906 
          5992 5993 5908 5907 
          5993 5994 5909 5908 
          5994 5995 5910 5909 
          5995 5996 5911 5910 
          5996 5997 5912 5911 
          5997 5998 5913 5912 
          5998 5999 5914 5913 
          5999 6000 5915 5914 
          6000 6001 5916 5915 
          6001 6002 5917 5916 
          6002 6003 5918 5917 
          6003 6004 5919 5918 
          6004 6005 5920 5919 
          6005 6006 5921 5920 
          6006 6007 5922 5921 
          6007 6008 5923 5922 
          6008 6009 5924 5923 
          6009 6010 5925 5924 
          6010 6011 5926 5925 
          6011 6012 5927 5926 
          6012 6013 5928 5927 
          6013 6014 5929 5928 
          6014 6015 5930 5929 
          6015 6016 5931 5930 
          6016 6017 5932 5931 
          6017 6018 5933 5932 
          6018 6019 5934 5933 
          6019 6020 5935 5934 
          6020 6021 5936 5935 
          6021 6022 5937 5936 
          6022 6023 5938 5937 
          6023 6024 5939 5938 
          6024 6025 5940 5939 
          6025 6026 5941 5940 
          6026 6027 5942 5941 
          6027 6028 5943 5942 
          6028 6029 5944 5943 
          6029 6030 5945 5944 
          6030 6031 5946 5945 
          6031 6032 5947 5946 
          6032 6033 5948 5947 
          6033 6034 5949 5948 
          6035 6036 5951 5950 
          6036 6037 5952 5951 
          6037 6038 5953 5952 
          6038 6039 5954 5953 
          6039 6040 5955 5954 
          6040 6041 5956 5955 
          6041 6042 5957 5956 
          6042 6043 5958 5957 
          6043 6044 5959 5958 
          6044 6045 5960 5959 
          6045 6046 5961 5960 
          6046 6047 5962 5961 
          6047 6048 5963 5962 
          6048 6049 5964 5963 
          6049 6050 5965 5964 
          6050 6051 5966 5965 
          6051 6052 5967 5966 
          6052 6053 5968 5967 
          6053 6054 5969 5968 
          6054 6055 5970 5969 
          6055 6056 5971 5970 
          6056 6057 5972 5971 
          6057 6058 5973 5972 
          6058 6059 5974 5973 
          6059 6060 5975 5974 
          6060 6061 5976 5975 
          6061 6062 5977 5976 
          6062 6063 5978 5977 
          6063 6064 5979 5978 
          6064 6065 5980 5979 
          6065 6066 5981 5980 
          6066 6067 5982 5981 
          6067 6068 5983 5982 
          6068 6069 5984 5983 
          6069 6070 5985 5984 
          6070 6071 5986 5985 
          6071 6072 5987 5986 
          6072 6073 5988 5987 
          6073 6074 5989 5988 
          6074 6075 5990 5989 
          6075 6076 5991 5990 
          6076 6077 5992 5991 
          6077 6078 5993 5992 
          6078 6079 5994 5993 
          6079 6080 5995 5994 
          6080 6081 5996 5995 
          6081 6082 5997 5996 
          6082 6083 5998 5997 
          6083 6084 5999 5998 
          6084 6085 6000 5999 
          6085 6086 6001 6000 
          6086 6087 6002 6001 
          6087 6088 6003 6002 
          6088 6089 6004 6003 
          6089 6090 6005 6004 
          6090 6091 6006 6005 
          6091 6092 6007 6006 
          6092 6093 6008 6007 
          6093 6094 6009 6008 
          6094 6095 6010 6009 
          6095 6096 6011 6010 
          6096 6097 6012 6011 
          6097 6098 6013 6012 
          6098 6099 6014 6013 
          6099 6100 6015 6014 
          6100 6101 6016 6015 
          6101 6102 6017 6016 
          6102 6103 6018 6017 
          6103 6104 6019 6018 
          6104 6105 6020 6019 
          6105 6106 6021 6020 
          6106 6107 6022 6021 
          6107 6108 6023 6022 
          6108 6109 6024 6023 
          6109 6110 6025 6024 
          6110 6111 6026 6025 
          6111 6112 6027 6026 
          6112 6113 6028 6027 
          6113 6114 6029 6028 
          6114 6115 6030 6029 
          6115 6116 6031 6030 
          6116 6117 6032 6031 
          6117 6118 6033 6032 
          6118 6119 6034 6033 
          6120 6121 6036 6035 
          6121 6122 6037 6036 
          6122 6123 6038 6037 
          6123 6124 6039 6038 
          6124 6125 6040 6039 
          6125 6126 6041 6040 
          6126 6127 6042 6041 
          6127 6128 6043 6042 
          6128 6129 6044 6043 
          6129 6130 6045 6044 
          6130 6131 6046 6045 
          6131 6132 6047 6046 
          6132 6133 6048 6047 
          6133 6134 6049 6048 
          6134 6135 6050 6049 
          6135 6136 6051 6050 
          6136 6137 6052 6051 
          6137 6138 6053 6052 
          6138 6139 6054 6053 
          6139 6140 6055 6054 
          6140 6141 6056 6055 
          6141 6142 6057 6056 
          6142 6143 6058 6057 
          6143 6144 6059 6058 
          6144 6145 6060 6059 
          6145 6146 6061 6060 
          6146 6147 6062 6061 
          6147 6148 6063 6062 
          6148 6149 6064 6063 
          6149 6150 6065 6064 
          6150 6151 6066 6065 
          6151 6152 6067 6066 
          6152 6153 6068 6067 
          6153 6154 6069 6068 
          6154 6155 6070 6069 
          6155 6156 6071 6070 
          6156 6157 6072 6071 
          6157 6158 6073 6072 
          6158 6159 6074 6073 
          6159 6160 6075 6074 
          6160 6161 6076 6075 
          6161 6162 6077 6076 
          6162 6163 6078 6077 
          6163 6164 6079 6078 
          6164 6165 6080 6079 
          6165 6166 6081 6080 
          6166 6167 6082 6081 
          6167 6168 6083 6082 
          6168 6169 6084 6083 
          6169 6170 6085 6084 
          6170 6171 6086 6085 
          6171 6172 6087 6086 
          6172 6173 6088 6087 
          6173 6174 6089 6088 
          6174 6175 6090 6089 
          6175 6176 6091 6090 
          6176 6177 6092 6091 
          6177 6178 6093 6092 
          6178 6179 6094 6093 
          6179 6180 6095 6094 
          6180 6181 6096 6095 
          6181 6182 6097 6096 
          6182 6183 6098 6097 
          6183 6184 6099 6098 
          6184 6185 6100 6099 
          6185 6186 6101 6100 
          6186 6187 6102 6101 
          6187 6188 6103 6102 
          6188 6189 6104 6103 
          6189 6190 6105 6104 
          6190 6191 6106 6105 
          6191 6192 6107 6106 
          6192 6193 6108 6107 
          6193 6194 6109 6108 
          6194 6195 6110 6109 
          6195 6196 6111 6110 
          6196 6197 6112 6111 
          6197 6198 6113 6112 
          6198 6199 6114 6113 
          6199 6200 6115 6114 
          6200 6201 6116 6115 
          6201 6202 6117 6116 
          6202 6203 6118 6117 
          6203 6204 6119 6118 
          6205 6206 6121 6120 
          6206 6207 6122 6121 
          6207 6208 6123 6122 
          6208 6209 6124 6123 
          6209 6210 6125 6124 
          6210 6211 6126 6125 
          6211 6212 6127 6126 
          6212 6213 6128 6127 
          6213 6214 6129 6128 
          6214 6215 6130 6129 
          6215 6216 6131 6130 
          6216 6217 6132 6131 
          6217 6218 6133 6132 
          6218 6219 6134 6133 
          6219 6220 6135 6134 
          6220 6221 6136 6135 
          6221 6222 6137 6136 
          6222 6223 6138 6137 
          6223 6224 6139 6138 
          6224 6225 6140 6139 
          6225 6226 6141 6140 
          6226 6227 6142 6141 
          6227 6228 6143 6142 
          6228 6229 6144 6143 
          6229 6230 6145 6144 
          6230 6231 6146 6145 
          6231 6232 6147 6146 
          6232 6233 6148 6147 
          6233 6234 6149 6148 
          6234 6235 6150 6149 
          6235 6236 6151 6150 
          6236 6237 6152 6151 
          6237 6238 6153 6152 
          6238 6239 6154 6153 
          6239 6240 6155 6154 
          6240 6241 6156 6155 
          6241 6242 6157 6156 
          6242 6243 6158 6157 
          6243 6244 6159 6158 
          6244 6245 6160 6159 
          6245 6246 6161 6160 
          6246 6247 6162 6161 
          6247 6248 6163 6162 
          6248 6249 6164 6163 
          6249 6250 6165 6164 
          6250 6251 6166 6165 
          6251 6252 6167 6166 
          6252 6253 6168 6167 
          6253 6254 6169 6168 
          6254 6255 6170 6169 
          6255 6256 6171 6170 
          6256 6257 6172 6171 
          6257 6258 6173 6172 
          6258 6259 6174 6173 
          6259 6260 6175 6174 
          6260 6261 6176 6175 
          6261 6262 6177 6176 
          6262 6263 6178 6177 
          6263 6264 6179 6178 
          6264 6265 6180 6179 
          6265 6266 6181 6180 
          6266 6267 6182 6181 
          6267 6268 6183 6182 
          6268 6269 6184 6183 
          6269 6270 6185 6184 
          6270 6271 6186 6185 
          6271 6272 6187 6186 
          6272 6273 6188 6187 
          6273 6274 6189 6188 
          6274 6275 6190 6189 
          6275 6276 6191 6190 
          6276 6277 6192 6191 
          6277 6278 6193 6192 
          6278 6279 6194 6193 
          6279 6280 6195 6194 
          6280 6281 6196 6195 
          6281 6282 6197 6196 
          6282 6283 6198 6197 
          6283 6284 6199 6198 
          6284 6285 6200 6199 
          6285 6286 6201 6200 
          6286 6287 6202 6201 
          6287 6288 6203 6202 
          6288 6289 6204 6203 
          6290 6291 6206 6205 
          6291 6292 6207 6206 
          6292 6293 6208 6207 
          6293 6294 6209 6208 
          6294 6295 6210 6209 
          6295 6296 6211 6210 
          6296 6297 6212 6211 
          6297 6298 6213 6212 
          6298 6299 6214 6213 
          6299 6300 6215 6214 
          6300 6301 6216 6215 
          6301 6302 6217 6216 
          6302 6303 6218 6217 
          6303 6304 6219 6218 
          6304 6305 6220 6219 
          6305 6306 6221 6220 
          6306 6307 6222 6221 
          6307 6308 6223 6222 
          6308 6309 6224 6223 
          6309 6310 6225 6224 
          6310 6311 6226 6225 
          6311 6312 6227 6226 
          6312 6313 6228 6227 
          6313 6314 6229 6228 
          6314 6315 6230 6229 
          6315 6316 6231 6230 
          6316 6317 6232 6231 
          6317 6318 6233 6232 
          6318 6319 6234 6233 
          6319 6320 6235 6234 
          6320 6321 6236 6235 
          6321 6322 6237 6236 
          6322 6323 6238 6237 
          6323 6324 6239 6238 
          6324 6325 6240 6239 
          6325 6326 6241 6240 
          6326 6327 6242 6241 
          6327 6328 6243 6242 
          6328 6329 6244 6243 
          6329 6330 6245 6244 
          6330 6331 6246 6245 
          6331 6332 6247 6246 
          6332 6333 6248 6247 
          6333 6334 6249 6248 
          6334 6335 6250 6249 
          6335 6336 6251 6250 
          6336 6337 6252 6251 
          6337 6338 6253 6252 
          6338 6339 6254 6253 
          6339 6340 6255 6254 
          6340 6341 6256 6255 
          6341 6342 6257 6256 
          6342 6343 6258 6257 
          6343 6344 6259 6258 
          6344 6345 6260 6259 
          6345 6346 6261 6260 
          6346 6347 6262 6261 
          6347 6348 6263 6262 
          6348 6349 6264 6263 
          6349 6350 6265 6264 
          6350 6351 6266 6265 
          6351 6352 6267 6266 
          6352 6353 6268 6267 
          6353 6354 6269 6268 
          6354 6355 6270 6269 
          6355 6356 6271 6270 
          6356 6357 6272 6271 
          6357 6358 6273 6272 
          6358 6359 6274 6273 
          6359 6360 6275 6274 
          6360 6361 6276 6275 
          6361 6362 6277 6276 
          6362 6363 6278 6277 
          6363 6364 6279 6278 
          6364 6365 6280 6279 
          6365 6366 6281 6280 
          6366 6367 6282 6281 
          6367 6368 6283 6282 
          6368 6369 6284 6283 
          6369 6370 6285 6284 
          6370 6371 6286 6285 
          6371 6372 6287 6286 
          6372 6373 6288 6287 
          6373 6374 6289 6288 
          6375 6376 6291 6290 
          6376 6377 6292 6291 
          6377 6378 6293 6292 
          6378 6379 6294 6293 
          6379 6380 6295 6294 
          6380 6381 6296 6295 
          6381 6382 6297 6296 
          6382 6383 6298 6297 
          6383 6384 6299 6298 
          6384 6385 6300 6299 
          6385 6386 6301 6300 
          6386 6387 6302 6301 
          6387 6388 6303 6302 
          6388 6389 6304 6303 
          6389 6390 6305 6304 
          6390 6391 6306 6305 
          6391 6392 6307 6306 
          6392 6393 6308 6307 
          6393 6394 6309 6308 
          6394 6395 6310 6309 
          6395 6396 6311 6310 
          6396 6397 6312 6311 
          6397 6398 6313 6312 
          6398 6399 6314 6313 
          6399 6400 6315 6314 
          6400 6401 6316 6315 
          6401 6402 6317 6316 
          6402 6403 6318 6317 
          6403 6404 6319 6318 
          6404 6405 6320 6319 
          6405 6406 6321 6320 
          6406 6407 6322 6321 
          6407 6408 6323 6322 
          6408 6409 6324 6323 
          6409 6410 6325 6324 
          6410 6411 6326 6325 
          6411 6412 6327 6326 
          6412 6413 6328 6327 
          6413 6414 6329 6328 
          6414 6415 6330 6329 
          6415 6416 6331 6330 
          6416 6417 6332 6331 
          6417 6418 6333 6332 
          6418 6419 6334 6333 
          6419 6420 6335 6334 
          6420 6421 6336 6335 
          6421 6422 6337 6336 
          6422 6423 6338 6337 
          6423 6424 6339 6338 
          6424 6425 6340 6339 
          6425 6426 6341 6340 
          6426 6427 6342 6341 
          6427 6428 6343 6342 
          6428 6429 6344 6343 
          6429 6430 6345 6344 
          6430 6431 6346 6345 
          6431 6432 6347 6346 
          6432 6433 6348 6347 
          6433 6434 6349 6348 
          6434 6435 6350 6349 
          6435 6436 6351 6350 
          6436 6437 6352 6351 
          6437 6438 6353 6352 
          6438 6439 6354 6353 
          6439 6440 6355 6354 
          6440 6441 6356 6355 
          6441 6442 6357 6356 
          6442 6443 6358 6357 
          6443 6444 6359 6358 
          6444 6445 6360 6359 
          6445 6446 6361 6360 
          6446 6447 6362 6361 
          6447 6448 6363 6362 
          6448 6449 6364 6363 
          6449 6450 6365 6364 
          6450 6451 6366 6365 
          6451 6452 6367 6366 
          6452 6453 6368 6367 
          6453 6454 6369 6368 
          6454 6455 6370 6369 
          6455 6456 6371 6370 
          6456 6457 6372 6371 
          6457 6458 6373 6372 
          6458 6459 6374 6373 
          6460 6461 6376 6375 
          6461 6462 6377 6376 
          6462 6463 6378 6377 
          6463 6464 6379 6378 
          6464 6465 6380 6379 
          6465 6466 6381 6380 
          6466 6467 6382 6381 
          6467 6468 6383 6382 
          6468 6469 6384 6383 
          6469 6470 6385 6384 
          6470 6471 6386 6385 
          6471 6472 6387 6386 
          6472 6473 6388 6387 
          6473 6474 6389 6388 
          6474 6475 6390 6389 
          6475 6476 6391 6390 
          6476 6477 6392 6391 
          6477 6478 6393 6392 
          6478 6479 6394 6393 
          6479 6480 6395 6394 
          6480 6481 6396 6395 
          6481 6482 6397 6396 
          6482 6483 6398 6397 
          6483 6484 6399 6398 
          6484 6485 6400 6399 
          6485 6486 6401 6400 
          6486 6487 6402 6401 
          6487 6488 6403 6402 
          6488 6489 6404 6403 
          6489 6490 6405 6404 
          6490 6491 6406 6405 
          6491 6492 6407 6406 
          6492 6493 6408 6407 
          6493 6494 6409 6408 
          6494 6495 6410 6409 
          6495 6496 6411 6410 
          6496 6497 6412 6411 
          6497 6498 6413 6412 
          6498 6499 6414 6413 
          6499 6500 6415 6414 
          6500 6501 6416 6415 
          6501 6502 6417 6416 
          6502 6503 6418 6417 
          6503 6504 6419 6418 
          6504 6505 6420 6419 
          6505 6506 6421 6420 
          6506 6507 6422 6421 
          6507 6508 6423 6422 
          6508 6509 6424 6423 
          6509 6510 6425 6424 
          6510 6511 6426 6425 
          6511 6512 6427 6426 
          6512 6513 6428 6427 
          6513 6514 6429 6428 
          6514 6515 6430 6429 
          6515 6516 6431 6430 
          6516 6517 6432 6431 
          6517 6518 6433 6432 
          6518 6519 6434 6433 
          6519 6520 6435 6434 
          6520 6521 6436 6435 
          6521 6522 6437 6436 
          6522 6523 6438 6437 
          6523 6524 6439 6438 
          6524 6525 6440 6439 
          6525 6526 6441 6440 
          6526 6527 6442 6441 
          6527 6528 6443 6442 
          6528 6529 6444 6443 
          6529 6530 6445 6444 
          6530 6531 6446 6445 
          6531 6532 6447 6446 
          6532 6533 6448 6447 
          6533 6534 6449 6448 
          6534 6535 6450 6449 
          6535 6536 6451 6450 
          6536 6537 6452 6451 
          6537 6538 6453 6452 
          6538 6539 6454 6453 
          6539 6540 6455 6454 
          6540 6541 6456 6455 
          6541 6542 6457 6456 
          6542 6543 6458 6457 
          6543 6544 6459 6458 
          6545 6546 6461 6460 
          6546 6547 6462 6461 
          6547 6548 6463 6462 
          6548 6549 6464 6463 
          6549 6550 6465 6464 
          6550 6551 6466 6465 
          6551 6552 6467 6466 
          6552 6553 6468 6467 
          6553 6554 6469 6468 
          6554 6555 6470 6469 
          6555 6556 6471 6470 
          6556 6557 6472 6471 
          6557 6558 6473 6472 
          6558 6559 6474 6473 
          6559 6560 6475 6474 
          6560 6561 6476 6475 
          6561 6562 6477 6476 
          6562 6563 6478 6477 
          6563 6564 6479 6478 
          6564 6565 6480 6479 
          6565 6566 6481 6480 
          6566 6567 6482 6481 
          6567 6568 6483 6482 
          6568 6569 6484 6483 
          6569 6570 6485 6484 
          6570 6571 6486 6485 
          6571 6572 6487 6486 
          6572 6573 6488 6487 
          6573 6574 6489 6488 
          6574 6575 6490 6489 
          6575 6576 6491 6490 
          6576 6577 6492 6491 
          6577 6578 6493 6492 
          6578 6579 6494 6493 
          6579 6580 6495 6494 
          6580 6581 6496 6495 
          6581 6582 6497 6496 
          6582 6583 6498 6497 
          6583 6584 6499 6498 
          6584 6585 6500 6499 
          6585 6586 6501 6500 
          6586 6587 6502 6501 
          6587 6588 6503 6502 
          6588 6589 6504 6503 
          6589 6590 6505 6504 
          6590 6591 6506 6505 
          6591 6592 6507 6506 
          6592 6593 6508 6507 
          6593 6594 6509 6508 
          6594 6595 6510 6509 
          6595 6596 6511 6510 
          6596 6597 6512 6511 
          6597 6598 6513 6512 
          6598 6599 6514 6513 
          6599 6600 6515 6514 
          6600 6601 6516 6515 
          6601 6602 6517 6516 
          6602 6603 6518 6517 
          6603 6604 6519 6518 
          6604 6605 6520 6519 
          6605 6606 6521 6520 
          6606 6607 6522 6521 
          6607 6608 6523 6522 
          6608 6609 6524 6523 
          6609 6610 6525 6524 
          6610 6611 6526 6525 
          6611 6612 6527 6526 
          6612 6613 6528 6527 
          6613 6614 6529 6528 
          6614 6615 6530 6529 
          6615 6616 6531 6530 
          6616 6617 6532 6531 
          6617 6618 6533 6532 
          6618 6619 6534 6533 
          6619 6620 6535 6534 
          6620 6621 6536 6535 
          6621 6622 6537 6536 
          6622 6623 6538 6537 
          6623 6624 6539 6538 
          6624 6625 6540 6539 
          6625 6626 6541 6540 
          6626 6627 6542 6541 
          6627 6628 6543 6542 
          6628 6629 6544 6543 
        </DataArray>
        <DataArray type="Int64" Name="offsets" format="ascii">
          4 8 12 16 20 24 28 32 36 40 44 48 52 56 60 64 68 72 76 80 84 
          88 92 96 100 104 108 112 116 120 124 128 132 136 140 144 148 152 156 160 164 
          168 172 176 180 184 188 192 196 200 204 208 212 216 220 224 228 232 236 240 244 
          248 252 256 260 264 268 272 276 280 284 288 292 296 300 304 308 312 316 320 324 
          328 332 336 340 344 348 352 356 360 364 368 372 376 380 384 388 392 396 400 404 
          408 412 416 420 424 428 432 436 440 444 448 452 456 460 464 468 472 476 480 484 
          488 492 496 500 504 508 512 516 520 524 528 532 536 540 544 548 552 556 560 564 
          568 572 576 580 584 588 592 596 600 604 608 612 616 620 624 628 632 636 640 644 
          648 652 656 660 664 668 672 676 680 684 688 692 696 700 704 708 712 716 720 724 
          728 732 736 740 744 748 752 756 760 764 768 772 776 780 784 788 792 796 800 804 
          808 812 816 820 824 828 832 836 840 844 848 852 856 860 864 868 872 876 880 884 
          888 892 896 900 904 908 912 916 920 924 928 932 936 940 944 948 952 956 960 964 
          968 972 976 980 984 988 992 996 1000 1004 1008 1012 1016 1020 1024 1028 1032 1036 1040 1044 
          1048 1052 1056 1060 1064 1068 1072 1076 1080 1084 1088 1092 1096 1100 1104 1108 1112 1116 1120 1124 
          1128 1132 1136 1140 1144 1148 1152 1156 1160 1164 1168 1172 1176 1180 1184 1188 1192 1196 1200 1204 
          1208 1212 1216 1220 1224 1228 1232 1236 1240 1244 1248 1252 1256 1260 1264 1268 1272 1276 1280 1284 
          1288 1292 1296 1300 1304 1308 1312 1316 1320 1324 1328 1332 1336 1340 1344 1348 1352 1356 1360 1364 
          1368 1372 1376 1380 1384 1388 1392 1396 1400 1404 1408 1412 1416 1420 1424 1428 1432 1436 1440 1444 
          1448 1452 1456 1460 1464 1468 1472 1476 1480 1484 1488 1492 1496 1500 1504 1508 1512 1516 1520 1524 
          1528 1532 1536 1540 1544 1548 1552 1556 1560 1564 1568 1572 1576 1580 1584 1588 1592 1596 1600 1604 
          1608 1612 1616 1620 1624 1628 1632 1636 1640 1644 1648 1652 1656 1660 1664 1668 1672 1676 1680 1684 
          1688 1692 1696 1700 1704 1708 1712 1716 1720 1724 1728 1732 1736 1740 1744 1748 1752 1756 1760 1764 
          1768 1772 1776 1780 1784 1788 1792 1796 1800 1804 1808 1812 1816 1820 1824 1828 1832 1836 1840 1844 
          1848 1852 1856 1860 1864 1868 1872 1876 1880 1884 1888 1892 1896 1900 1904 1908 1912 1916 1920 1924 
          1928 1932 1936 1940 1944 1948 1952 1956 1960 1964 1968 1972 1976 1980 1984 1988 1992 1996 2000 2004 
          2008 2012 2016 2020 2024 2028 2032 2036 2040 2044 2048 2052 2056 2060 2064 2068 2072 2076 2080 2084 
          2088 2092 2096 2100 2104 2108 2112 2116 2120 2124 2128 2132 2136 2140 2144 2148 2152 2156 2160 2164 
          2168 2172 2176 2180 2184 2188 2192 2196 2200 2204 2208 2212 2216 2220 2224 2228 2232 2236 2240 2244 
          2248 2252 2256 2260 2264 2268 2272 2276 2280 2284 2288 2292 2296 2300 2304 2308 2312 2316 2320 2324 
          2328 2332 2336 2340 2344 2348 2352 2356 2360 2364 2368 2372 2376 2380 2384 2388 2392 2396 2400 2404 
          2408 2412 2416 2420 2424 2428 2432 2436 2440 2444 2448 2452 2456 2460 2464 2468 2472 2476 2480 2484 
          2488 2492 2496 2500 2504 2508 2512 2516 2520 2524 2528 2532 2536 2540 2544 2548 2552 2556 2560 2564 
          2568 2572 2576 2580 2584 2588 2592 2596 2600 2604 2608 2612 2616 2620 2624 2628 2632 2636 2640 2644 
          2648 2652 2656 2660 2664 2668 2672 2676 2680 2684 2688 2692 2696 2700 2704 2708 2712 2716 2720 2724 
          2728 2732 2736 2740 2744 2748 2752 2756 2760 2764 2768 2772 2776 2780 2784 2788 2792 2796 2800 2804 
          2808 2812 2816 2820 2824 2828 2832 2836 2840 2844 2848 2852 2856 2860 2864 2868 2872 2876 2880 2884 
          2888 2892 2896 2900 2904 2908 2912 2916 2920 2924 2928 2932 2936 2940 2944 2948 2952 2956 2960 2964 
          2968 2972 2976 2980 2984 2988 2992 2996 3000 3004 3008 3012 3016 3020 3024 3028 3032 3036 3040 3044 
          3048 3052 3056 3060 3064 3068 3072 3076 3080 3084 3088 3092 3096 3100 3104 3108 3112 3116 3120 3124 
          3128 3132 3136 3140 3144 3148 3152 3156 3160 3164 3168 3172 3176 3180 3184 3188 3192 3196 3200 3204 
          3208 3212 3216 3220 3224 3228 3232 3236 3240 3244 3248 3252 3256 3260 3264 3268 3272 3276 3280 3284 
          3288 3292 3296 3300 3304 3308 3312 3316 3320 3324 3328 3332 3336 3340 3344 3348 3352 3356 3360 3364 
          3368 3372 3376 3380 3384 3388 3392 3396 3400 3404 3408 3412 3416 3420 3424 3428 3432 3436 3440 3444 
          3448 3452 3456 3460 3464 3468 3472 3476 3480 3484 3488 3492 3496 3500 3504 3508 3512 3516 3520 3524 
          3528 3532 3536 3540 3544 3548 3552 3556 3560 3564 3568 3572 3576 3580 3584 3588 3592 3596 3600 3604 
          3608 3612 3616 3620 3624 3628 3632 3636 3640 3644 3648 3652 3656 3660 3664 3668 3672 3676 3680 3684 
          3688 3692 3696 3700 3704 3708 3712 3716 3720 3724 3728 3732 3736 3740 3744 3748 3752 3756 3760 3764 
          3768 3772 3776 3780 3784 3788 3792 3796 3800 3804 3808 3812 3816 3820 3824 3828 3832 3836 3840 3844 
          3848 3852 3856 3860 3864 3868 3872 3876 3880 3884 3888 3892 3896 3900 3904 3908 3912 3916 3920 3924 
          3928 3932 3936 3940 3944 3948 3952 3956 3960 3964 3968 3972 3976 3980 3984 3988 3992 3996 4000 4004 
          4008 4012 4016 4020 4024 4028 4032 4036 4040 4044 4048 4052 4056 4060 4064 4068 4072 4076 4080 4084 
          4088 4092 4096 4100 4104 4108 4112 4116 4120 4124 4128 4132 4136 4140 4144 4148 4152 4156 4160 4164 
          4168 4172 4176 4180 4184 4188 4192 4196 4200 4204 4208 4212 4216 4220 4224 4228 4232 4236 4240 4244 
          4248 4252 4256 4260 4264 4268 4272 4276 4280 4284 4288 4292 4296 4300 4304 4308 4312 4316 4320 4324 
          4328 4332 4336 4340 4344 4348 4352 4356 4360 4364 4368 4372 4376 4380 4384 4388 4392 4396 4400 4404 
          4408 4412 4416 4420 4424 4428 4432 4436 4440 4444 4448 4452 4456 4460 4464 4468 4472 4476 4480 4484 
          4488 4492 4496 4500 4504 4508 4512 4516 4520 4524 4528 4532 4536 4540 4544 4548 4552 4556 4560 4564 
          4568 4572 4576 4580 4584 4588 4592 4596 4600 4604 4608 4612 4616 4620 4624 4628 4632 4636 4640 4644 
          4648 4652 4656 4660 4664 4668 4672 4676 4680 4684 4688 4692 4696 4700 4704 4708 4712 4716 4720 4724 
          4728 4732 4736 4740 4744 4748 4752 4756 4760 4764 4768 4772 4776 4780 4784 4788 4792 4796 4800 4804 
          4808 4812 4816 4820 4824 4828 4832 4836 4840 4844 4848 4852 4856 4860 4864 4868 4872 4876 4880 4884 
          4888 4892 4896 4900 4904 4908 4912 4916 4920 4924 4928 4932 4936 4940 4944 4948 4952 4956 4960 4964 
          4968 4972 4976 4980 4984 4988 4992 4996 5000 5004 5008 5012 5016 5020 5024 5028 5032 5036 5040 5044 
          5048 5052 5056 5060 5064 5068 5072 5076 5080 5084 5088 5092 5096 5100 5104 5108 5112 5116 5120 5124 
          5128 5132 5136 5140 5144 5148 5152 5156 5160 5164 5168 5172 5176 5180 5184 5188 5192 5196 5200 5204 
          5208 5212 5216 5220 5224 5228 5232 5236 5240 5244 5248 5252 5256 5260 5264 5268 5272 5276 5280 5284 
          5288 5292 5296 5300 5304 5308 5312 5316 5320 5324 5328 5332 5336 5340 5344 5348 5352 5356 5360 5364 
          5368 5372 5376 5380 5384 5388 5392 5396 5400 5404 5408 5412 5416 5420 5424 5428 5432 5436 5440 5444 
          5448 5452 5456 5460 5464 5468 5472 5476 5480 5484 5488 5492 5496 5500 5504 5508 5512 5516 5520 5524 
          5528 5532 5536 5540 5544 5548 5552 5556 5560 5564 5568 5572 5576 5580 5584 5588 5592 5596 5600 5604 
          5608 5612 5616 5620 5624 5628 5632 5636 5640 5644 5648 5652 5656 5660 5664 5668 5672 5676 5680 5684 
          5688 5692 5696 5700 5704 5708 5712 5716 5720 5724 5728 5732 5736 5740 5744 5748 5752 5756 5760 5764 
          5768 5772 5776 5780 5784 5788 5792 5796 5800 5804 5808 5812 5816 5820 5824 5828 5832 5836 5840 5844 
          5848 5852 5856 5860 5864 5868 5872 5876 5880 5884 5888 5892 5896 5900 5904 5908 5912 5916 5920 5924 
          5928 5932 5936 5940 5944 5948 5952 5956 5960 5964 5968 5972 5976 5980 5984 5988 5992 5996 6000 6004 
          6008 6012 6016 6020 6024 6028 6032 6036 6040 6044 6048 6052 6056 6060 6064 6068 6072 6076 6080 6084 
          6088 6092 6096 6100 6104 6108 6112 6116 6120 6124 6128 6132 6136 6140 6144 6148 6152 6156 6160 6164 
          6168 6172 6176 6180 6184 6188 6192 6196 6200 6204 6208 6212 6216 6220 6224 6228 6232 6236 6240 6244 
          6248 6252 6256 6260 6264 6268 6272 6276 6280 6284 6288 6292 6296 6300 6304 6308 6312 6316 6320 6324 
          6328 6332 6336 6340 6344 6348 6352 6356 6360 6364 6368 6372 6376 6380 6384 6388 6392 6396 6400 6404 
          6408 6412 6416 6420 6424 6428 6432 6436 6440 6444 6448 6452 6456 6460 6464 6468 6472 6476 6480 6484 
          6488 6492 6496 6500 6504 6508 6512 6516 6520 6524 6528 6532 6536 6540 6544 6548 6552 6556 6560 6564 
          6568 6572 6576 6580 6584 6588 6592 6596 6600 6604 6608 6612 6616 6620 6624 6628 6632 6636 6640 6644 
          6648 6652 6656 6660 6664 6668 6672 6676 6680 6684 6688 6692 6696 6700 6704 6708 6712 6716 6720 6724 
          6728 6732 6736 6740 6744 6748 6752 6756 6760 6764 6768 6772 6776 6780 6784 6788 6792 6796 6800 6804 
          6808 6812 6816 6820 6824 6828 6832 6836 6840 6844 6848 6852 6856 6860 6864 6868 6872 6876 6880 6884 
          6888 6892 6896 6900 6904 6908 6912 6916 6920 6924 6928 6932 6936 6940 6944 6948 6952 6956 6960 6964 
          6968 6972 6976 6980 6984 6988 6992 6996 7000 7004 7008 7012 7016 7020 7024 7028 7032 7036 7040 7044 
          7048 7052 7056 7060 7064 7068 7072 7076 7080 7084 7088 7092 7096 7100 7104 7108 7112 7116 7120 7124 
          7128 7132 7136 7140 7144 7148 7152 7156 7160 7164 7168 7172 7176 7180 7184 7188 7192 7196 7200 7204 
          7208 7212 7216 7220 7224 7228 7232 7236 7240 7244 7248 7252 7256 7260 7264 7268 7272 7276 7280 7284 
          7288 7292 7296 7300 7304 7308 7312 7316 7320 7324 7328 7332 7336 7340 7344 7348 7352 7356 7360 7364 
          7368 7372 7376 7380 7384 7388 7392 7396 7400 7404 7408 7412 7416 7420 7424 7428 7432 7436 7440 7444 
          7448 7452 7456 7460 7464 7468 7472 7476 7480 7484 7488 7492 7496 7500 7504 7508 7512 7516 7520 7524 
          7528 7532 7536 7540 7544 7548 7552 7556 7560 7564 7568 7572 7576 7580 7584 7588 7592 7596 7600 7604 
          7608 7612 7616 7620 7624 7628 7632 7636 7640 7644 7648 7652 7656 7660 7664 7668 7672 7676 7680 7684 
          7688 7692 7696 7700 7704 7708 7712 7716 7720 7724 7728 7732 7736 7740 7744 7748 7752 7756 7760 7764 
          7768 7772 7776 7780 7784 7788 7792 7796 7800 7804 7808 7812 7816 7820 7824 7828 7832 7836 7840 7844 
          7848 7852 7856 7860 7864 7868 7872 7876 7880 7884 7888 7892 7896 7900 7904 7908 7912 7916 7920 7924 
          7928 7932 7936 7940 7944 7948 7952 7956 7960 7964 7968 7972 7976 7980 7984 7988 7992 7996 8000 8004 
          8008 8012 8016 8020 8024 8028 8032 8036 8040 8044 8048 8052 8056 8060 8064 8068 8072 8076 8080 8084 
          8088 8092 8096 8100 8104 8108 8112 8116 8120 8124 8128 8132 8136 8140 8144 8148 8152 8156 8160 8164 
          8168 8172 8176 8180 8184 8188 8192 8196 8200 8204 8208 8212 8216 8220 8224 8228 8232 8236 8240 8244 
          8248 8252 8256 8260 8264 8268 8272 8276 8280 8284 8288 8292 8296 8300 8304 8308 8312 8316 8320 8324 
          8328 8332 8336 8340 8344 8348 8352 8356 8360 8364 8368 8372 8376 8380 8384 8388 8392 8396 8400 8404 
          8408 8412 8416 8420 8424 8428 8432 8436 8440 8444 8448 8452 8456 8460 8464 8468 8472 8476 8480 8484 
          8488 8492 8496 8500 8504 8508 8512 8516 8520 8524 8528 8532 8536 8540 8544 8548 8552 8556 8560 8564 
          8568 8572 8576 8580 8584 8588 8592 8596 8600 8604 8608 8612 8616 8620 8624 8628 8632 8636 8640 8644 
          8648 8652 8656 8660 8664 8668 8672 8676 8680 8684 8688 8692 8696 8700 8704 8708 8712 8716 8720 8724 
          8728 8732 8736 8740 8744 8748 8752 8756 8760 8764 8768 8772 8776 8780 8784 8788 8792 8796 8800 8804 
          8808 8812 8816 8820 8824 8828 8832 8836 8840 8844 8848 8852 8856 8860 8864 8868 8872 8876 8880 8884 
          8888 8892 8896 8900 8904 8908 8912 8916 8920 8924 8928 8932 8936 8940 8944 8948 8952 8956 8960 8964 
          8968 8972 8976 8980 8984 8988 8992 8996 9000 9004 9008 9012 9016 9020 9024 9028 9032 9036 9040 9044 
          9048 9052 9056 9060 9064 9068 9072 9076 9080 9084 9088 9092 9096 9100 9104 9108 9112 9116 9120 9124 
          9128 9132 9136 9140 9144 9148 9152 9156 9160 9164 9168 9172 9176 9180 9184 9188 9192 9196 9200 9204 
          9208 9212 9216 9220 9224 9228 9232 9236 9240 9244 9248 9252 9256 9260 9264 9268 9272 9276 9280 9284 
          9288 9292 9296 9300 9304 9308 9312 9316 9320 9324 9328 9332 9336 9340 9344 9348 9352 9356 9360 9364 
          9368 9372 9376 9380 9384 9388 9392 9396 9400 9404 9408 9412 9416 9420 9424 9428 9432 9436 9440 9444 
          9448 9452 9456 9460 9464 9468 9472 9476 9480 9484 9488 9492 9496 9500 9504 9508 9512 9516 9520 9524 
          9528 9532 9536 9540 9544 9548 9552 9556 9560 9564 9568 9572 9576 9580 9584 9588 9592 9596 9600 9604 
          9608 9612 9616 9620 9624 9628 9632 9636 9640 9644 9648 9652 9656 9660 9664 9668 9672 9676 9680 9684 
          9688 9692 9696 9700 9704 9708 9712 9716 9720 9724 9728 9732 9736 9740 9744 9748 9752 9756 9760 9764 
          9768 9772 9776 9780 9784 9788 9792 9796 9800 9804 9808 9812 9816 9820 9824 9828 9832 9836 9840 9844 
          9848 9852 9856 9860 9864 9868 9872 9876 9880 9884 9888 9892 9896 9900 9904 9908 9912 9916 9920 9924 
          9928 9932 9936 9940 9944 9948 9952 9956 9960 9964 9968 9972 9976 9980 9984 9988 9992 9996 10000 10004 
          10008 10012 10016 10020 10024 10028 10032 10036 10040 10044 10048 10052 10056 10060 10064 10068 10072 10076 10080 10084 
          10088 10092 10096 10100 10104 10108 10112 10116 10120 10124 10128 10132 10136 10140 10144 10148 10152 10156 10160 10164 
          10168 10172 10176 10180 10184 10188 10192 10196 10200 10204 10208 10212 10216 10220 10224 10228 10232 10236 10240 10244 
          10248 10252 10256 10260 10264 10268 10272 10276 10280 10284 10288 10292 10296 10300 10304 10308 10312 10316 10320 10324 
          10328 10332 10336 10340 10344 10348 10352 10356 10360 10364 10368 10372 10376 10380 10384 10388 10392 10396 10400 10404 
          10408 10412 10416 10420 10424 10428 10432 10436 10440 10444 10448 10452 10456 10460 10464 10468 10472 10476 10480 10484 
          10488 10492 10496 10500 10504 10508 10512 10516 10520 10524 10528 10532 10536 10540 10544 10548 10552 10556 10560 10564 
          10568 10572 10576 10580 10584 10588 10592 10596 10600 10604 10608 10612 10616 10620 10624 10628 10632 10636 10640 10644 
          10648 10652 10656 10660 10664 10668 10672 10676 10680 10684 10688 10692 10696 10700 10704 10708 10712 10716 10720 10724 
          10728 10732 10736 10740 10744 10748 10752 10756 10760 10764 10768 10772 10776 10780 10784 10788 10792 10796 10800 10804 
          10808 10812 10816 10820 10824 10828 10832 10836 10840 10844 10848 10852 10856 10860 10864 10868 10872 10876 10880 10884 
          10888 10892 10896 10900 10904 10908 10912 10916 10920 10924 10928 10932 10936 10940 10944 10948 10952 10956 10960 10964 
          10968 10972 10976 10980 10984 10988 10992 10996 11000 11004 11008 11012 11016 11020 11024 11028 11032 11036 11040 11044 
          11048 11052 11056 11060 11064 11068 11072 11076 11080 11084 11088 11092 11096 11100 11104 11108 11112 11116 11120 11124 
          11128 11132 11136 11140 11144 11148 11152 11156 11160 11164 11168 11172 11176 11180 11184 11188 11192 11196 11200 11204 
          11208 11212 11216 11220 11224 11228 11232 11236 11240 11244 11248 11252 11256 11260 11264 11268 11272 11276 11280 11284 
          11288 11292 11296 11300 11304 11308 11312 11316 11320 11324 11328 11332 11336 11340 11344 11348 11352 11356 11360 11364 
          11368 11372 11376 11380 11384 11388 11392 11396 11400 11404 11408 11412 11416 11420 11424 11428 11432 11436 11440 11444 
          11448 11452 11456 11460 11464 11468 11472 11476 11480 11484 11488 11492 11496 11500 11504 11508 11512 11516 11520 11524 
          11528 11532 11536 11540 11544 11548 11552 11556 11560 11564 11568 11572 11576 11580 11584 11588 11592 11596 11600 11604 
          11608 11612 11616 11620 11624 11628 11632 11636 11640 11644 11648 11652 11656 11660 11664 11668 11672 11676 11680 11684 
          11688 11692 11696 11700 11704 11708 11712 11716 11720 11724 11728 11732 11736 11740 11744 11748 11752 11756 11760 11764 
          11768 11772 11776 11780 11784 11788 11792 11796 11800 11804 11808 11812 11816 11820 11824 11828 11832 11836 11840 11844 
          11848 11852 11856 11860 11864 11868 11872 11876 11880 11884 11888 11892 11896 11900 11904 11908 11912 11916 11920 11924 
          11928 11932 11936 11940 11944 11948 11952 11956 11960 11964 11968 11972 11976 11980 11984 11988 11992 11996 12000 12004 
          12008 12012 12016 12020 12024 12028 12032 12036 12040 12044 12048 12052 12056 12060 12064 12068 12072 12076 12080 12084 
          12088 12092 12096 12100 12104 12108 12112 12116 12120 12124 12128 12132 12136 12140 12144 12148 12152 12156 12160 12164 
          12168 12172 12176 12180 12184 12188 12192 12196 12200 12204 12208 12212 12216 12220 12224 12228 12232 12236 12240 12244 
          12248 12252 12256 12260 12264 12268 12272 12276 12280 12284 12288 12292 12296 12300 12304 12308 12312 12316 12320 12324 
          12328 12332 12336 12340 12344 12348 12352 12356 12360 12364 12368 12372 12376 12380 12384 12388 12392 12396 12400 12404 
          12408 12412 12416 12420 12424 12428 12432 12436 12440 12444 12448 12452 12456 12460 12464 12468 12472 12476 12480 12484 
          12488 12492 12496 12500 12504 12508 12512 12516 12520 12524 12528 12532 12536 12540 12544 12548 12552 12556 12560 12564 
          12568 12572 12576 12580 12584 12588 12592 12596 12600 12604 12608 12612 12616 12620 12624 12628 12632 12636 12640 12644 
          12648 12652 12656 12660 12664 12668 12672 12676 12680 12684 12688 12692 12696 12700 12704 12708 12712 12716 12720 12724 
          12728 12732 12736 12740 12744 12748 12752 12756 12760 12764 12768 12772 12776 12780 12784 12788 12792 12796 12800 12804 
          12808 12812 12816 12820 12824 12828 12832 12836 12840 12844 12848 12852 12856 12860 12864 12868 12872 12876 12880 12884 
          12888 12892 12896 12900 12904 12908 12912 12916 12920 12924 12928 12932 12936 12940 12944 12948 12952 12956 12960 12964 
          12968 12972 12976 12980 12984 12988 12992 12996 13000 13004 13008 13012 13016 13020 13024 13028 13032 13036 13040 13044 
          13048 13052 13056 13060 13064 13068 13072 13076 13080 13084 13088 13092 13096 13100 13104 13108 13112 13116 13120 13124 
          13128 13132 13136 13140 13144 13148 13152 13156 13160 13164 13168 13172 13176 13180 13184 13188 13192 13196 13200 13204 
          13208 13212 13216 13220 13224 13228 13232 13236 13240 13244 13248 13252 13256 13260 13264 13268 13272 13276 13280 13284 
          13288 13292 13296 13300 13304 13308 13312 13316 13320 13324 13328 13332 13336 13340 13344 13348 13352 13356 13360 13364 
          13368 13372 13376 13380 13384 13388 13392 13396 13400 13404 13408 13412 13416 13420 13424 13428 13432 13436 13440 13444 
          13448 13452 13456 13460 13464 13468 13472 13476 13480 13484 13488 13492 13496 13500 13504 13508 13512 13516 13520 13524 
          13528 13532 13536 13540 13544 13548 13552 13556 13560 13564 13568 13572 13576 13580 13584 13588 13592 13596 13600 13604 
          13608 13612 13616 13620 13624 13628 13632 13636 13640 13644 13648 13652 13656 13660 13664 13668 13672 13676 13680 13684 
          13688 13692 13696 13700 13704 13708 13712 13716 13720 13724 13728 13732 13736 13740 13744 13748 13752 13756 13760 13764 
          13768 13772 13776 13780 13784 13788 13792 13796 13800 13804 13808 13812 13816 13820 13824 13828 13832 13836 13840 13844 
          13848 13852 13856 13860 13864 13868 13872 13876 13880 13884 13888 13892 13896 13900 13904 13908 13912 13916 13920 13924 
          13928 13932 13936 13940 13944 13948 13952 13956 13960 13964 13968 13972 13976 13980 13984 13988 13992 13996 14000 14004 
          14008 14012 14016 14020 14024 14028 14032 14036 14040 14044 14048 14052 14056 14060 14064 14068 14072 14076 14080 14084 
          14088 14092 14096 14100 14104 14108 14112 14116 14120 14124 14128 14132 14136 14140 14144 14148 14152 14156 14160 14164 
          14168 14172 14176 14180 14184 14188 14192 14196 14200 14204 14208 14212 14216 14220 14224 14228 14232 14236 14240 14244 
          14248 14252 14256 14260 14264 14268 14272 14276 14280 14284 14288 14292 14296 14300 14304 14308 14312 14316 14320 14324 
          14328 14332 14336 14340 14344 14348 14352 14356 14360 14364 14368 14372 14376 14380 14384 14388 14392 14396 14400 14404 
          14408 14412 14416 14420 14424 14428 14432 14436 14440 14444 14448 14452 14456 14460 14464 14468 14472 14476 14480 14484 
          14488 14492 14496 14500 14504 14508 14512 14516 14520 14524 14528 14532 14536 14540 14544 14548 14552 14556 14560 14564 
          14568 14572 14576 14580 14584 14588 14592 14596 14600 14604 14608 14612 14616 14620 14624 14628 14632 14636 14640 14644 
          14648 14652 14656 14660 14664 14668 14672 14676 14680 14684 14688 14692 14696 14700 14704 14708 14712 14716 14720 14724 
          14728 14732 14736 14740 14744 14748 14752 14756 14760 14764 14768 14772 14776 14780 14784 14788 14792 14796 14800 14804 
          14808 14812 14816 14820 14824 14828 14832 14836 14840 14844 14848 14852 14856 14860 14864 14868 14872 14876 14880 14884 
          14888 14892 14896 14900 14904 14908 14912 14916 14920 14924 14928 14932 14936 14940 14944 14948 14952 14956 14960 14964 
          14968 14972 14976 14980 14984 14988 14992 14996 15000 15004 15008 15012 15016 15020 15024 15028 15032 15036 15040 15044 
          15048 15052 15056 15060 15064 15068 15072 15076 15080 15084 15088 15092 15096 15100 15104 15108 15112 15116 15120 15124 
          15128 15132 15136 15140 15144 15148 15152 15156 15160 15164 15168 15172 15176 15180 15184 15188 15192 15196 15200 15204 
          15208 15212 15216 15220 15224 15228 15232 15236 15240 15244 15248 15252 15256 15260 15264 15268 15272 15276 15280 15284 
          15288 15292 15296 15300 15304 15308 15312 15316 15320 15324 15328 15332 15336 15340 15344 15348 15352 15356 15360 15364 
          15368 15372 15376 15380 15384 15388 15392 15396 15400 15404 15408 15412 15416 15420 15424 15428 15432 15436 15440 15444 
          15448 15452 15456 15460 15464 15468 15472 15476 15480 15484 15488 15492 15496 15500 15504 15508 15512 15516 15520 15524 
          15528 15532 15536 15540 15544 15548 15552 15556 15560 15564 15568 15572 15576 15580 15584 15588 15592 15596 15600 15604 
          15608 15612 15616 15620 15624 15628 15632 15636 15640 15644 15648 15652 15656 15660 15664 15668 15672 15676 15680 15684 
          15688 15692 15696 15700 15704 15708 15712 15716 15720 15724 15728 15732 15736 15740 15744 15748 15752 15756 15760 15764 
          15768 15772 15776 15780 15784 15788 15792 15796 15800 15804 15808 15812 15816 15820 15824 15828 15832 15836 15840 15844 
          15848 15852 15856 15860 15864 15868 15872 15876 15880 15884 15888 15892 15896 15900 15904 15908 15912 15916 15920 15924 
          15928 15932 15936 15940 15944 15948 15952 15956 15960 15964 15968 15972 15976 15980 15984 15988 15992 15996 16000 16004 
          16008 16012 16016 16020 16024 16028 16032 16036 16040 16044 16048 16052 16056 16060 16064 16068 16072 16076 16080 16084 
          16088 16092 16096 16100 16104 16108 16112 16116 16120 16124 16128 16132 16136 16140 16144 16148 16152 16156 16160 16164 
          16168 16172 16176 16180 16184 16188 16192 16196 16200 16204 16208 16212 16216 16220 16224 16228 16232 16236 16240 16244 
          16248 16252 16256 16260 16264 16268 16272 16276 16280 16284 16288 16292 16296 16300 16304 16308 16312 16316 16320 16324 
          16328 16332 16336 16340 16344 16348 16352 16356 16360 16364 16368 16372 16376 16380 16384 16388 16392 16396 16400 16404 
          16408 16412 16416 16420 16424 16428 16432 16436 16440 16444 16448 16452 16456 16460 16464 16468 16472 16476 16480 16484 
          16488 16492 16496 16500 16504 16508 16512 16516 16520 16524 16528 16532 16536 16540 16544 16548 16552 16556 16560 16564 
          16568 16572 16576 16580 16584 16588 16592 16596 16600 16604 16608 16612 16616 16620 16624 16628 16632 16636 16640 16644 
          16648 16652 16656 16660 16664 16668 16672 16676 16680 16684 16688 16692 16696 16700 16704 16708 16712 16716 16720 16724 
          16728 16732 16736 16740 16744 16748 16752 16756 16760 16764 16768 16772 16776 16780 16784 16788 16792 16796 16800 16804 
          16808 16812 16816 16820 16824 16828 16832 16836 16840 16844 16848 16852 16856 16860 16864 16868 16872 16876 16880 16884 
          16888 16892 16896 16900 16904 16908 16912 16916 16920 16924 16928 16932 16936 16940 16944 16948 16952 16956 16960 16964 
          16968 16972 16976 16980 16984 16988 16992 16996 17000 17004 17008 17012 17016 17020 17024 17028 17032 17036 17040 17044 
          17048 17052 17056 17060 17064 17068 17072 17076 17080 17084 17088 17092 17096 17100 17104 17108 17112 17116 17120 17124 
          17128 17132 17136 17140 17144 17148 17152 17156 17160 17164 17168 17172 17176 17180 17184 17188 17192 17196 17200 17204 
          17208 17212 17216 17220 17224 17228 17232 17236 17240 17244 17248 17252 17256 17260 17264 17268 17272 17276 17280 17284 
          17288 17292 17296 17300 17304 17308 17312 17316 17320 17324 17328 17332 17336 17340 17344 17348 17352 17356 17360 17364 
          17368 17372 17376 17380 17384 17388 17392 17396 17400 17404 17408 17412 17416 17420 17424 17428 17432 17436 17440 17444 
          17448 17452 17456 17460 17464 17468 17472 17476 17480 17484 17488 17492 17496 17500 17504 17508 17512 17516 17520 17524 
          17528 17532 17536 17540 17544 17548 17552 17556 17560 17564 17568 17572 17576 17580 17584 17588 17592 17596 17600 17604 
          17608 17612 17616 17620 17624 17628 17632 17636 17640 17644 17648 17652 17656 17660 17664 17668 17672 17676 17680 17684 
          17688 17692 17696 17700 17704 17708 17712 17716 17720 17724 17728 17732 17736 17740 17744 17748 17752 17756 17760 17764 
          17768 17772 17776 17780 17784 17788 17792 17796 17800 17804 17808 17812 17816 17820 17824 17828 17832 17836 17840 17844 
          17848 17852 17856 17860 17864 17868 17872 17876 17880 17884 17888 17892 17896 17900 17904 17908 17912 17916 17920 17924 
          17928 17932 17936 17940 17944 17948 17952 17956 17960 17964 17968 17972 17976 17980 17984 17988 17992 17996 18000 18004 
          18008 18012 18016 18020 18024 18028 18032 18036 18040 18044 18048 18052 18056 18060 18064 18068 18072 18076 18080 18084 
          18088 18092 18096 18100 18104 18108 18112 18116 18120 18124 18128 18132 18136 18140 18144 18148 18152 18156 18160 18164 
          18168 18172 18176 18180 18184 18188 18192 18196 18200 18204 18208 18212 18216 18220 18224 18228 18232 18236 18240 18244 
          18248 18252 18256 18260 18264 18268 18272 18276 18280 18284 18288 18292 18296 18300 18304 18308 18312 18316 18320 18324 
          18328 18332 18336 18340 18344 18348 18352 18356 18360 18364 18368 18372 18376 18380 18384 18388 18392 18396 18400 18404 
          18408 18412 18416 18420 18424 18428 18432 18436 18440 18444 18448 18452 18456 18460 18464 18468 18472 18476 18480 18484 
          18488 18492 18496 18500 18504 18508 18512 18516 18520 18524 18528 18532 18536 18540 18544 18548 18552 18556 18560 18564 
          18568 18572 18576 18580 18584 18588 18592 18596 18600 18604 18608 18612 18616 18620 18624 18628 18632 18636 18640 18644 
          18648 18652 18656 18660 18664 18668 18672 18676 18680 18684 18688 18692 18696 18700 18704 18708 18712 18716 18720 18724 
          18728 18732 18736 18740 18744 18748 18752 18756 18760 18764 18768 18772 18776 18780 18784 18788 18792 18796 18800 18804 
          18808 18812 18816 18820 18824 18828 18832 18836 18840 18844 18848 18852 18856 18860 18864 18868 18872 18876 18880 18884 
          18888 18892 18896 18900 18904 18908 18912 18916 18920 18924 18928 18932 18936 18940 18944 18948 18952 18956 18960 18964 
          18968 18972 18976 18980 18984 18988 18992 18996 19000 19004 19008 19012 19016 19020 19024 19028 19032 19036 19040 19044 
          19048 19052 19056 19060 19064 19068 19072 19076 19080 19084 19088 19092 19096 19100 19104 19108 19112 19116 19120 19124 
          19128 19132 19136 19140 19144 19148 19152 19156 19160 19164 19168 19172 19176 19180 19184 19188 19192 19196 19200 19204 
          19208 19212 19216 19220 19224 19228 19232 19236 19240 19244 19248 19252 19256 19260 19264 19268 19272 19276 19280 19284 
          19288 19292 19296 19300 19304 19308 19312 19316 19320 19324 19328 19332 19336 19340 19344 19348 19352 19356 19360 19364 
          19368 19372 19376 19380 19384 19388 19392 19396 19400 19404 19408 19412 19416 19420 19424 19428 19432 19436 19440 19444 
          19448 19452 19456 19460 19464 19468 19472 19476 19480 19484 19488 19492 19496 19500 19504 19508 19512 19516 19520 19524 
          19528 19532 19536 19540 19544 19548 19552 19556 19560 19564 19568 19572 19576 19580 19584 19588 19592 19596 19600 19604 
          19608 19612 19616 19620 19624 19628 19632 19636 19640 19644 19648 19652 19656 19660 19664 19668 19672 19676 19680 19684 
          19688 19692 19696 19700 19704 19708 19712 19716 19720 19724 19728 19732 19736 19740 19744 19748 19752 19756 19760 19764 
          19768 19772 19776 19780 19784 19788 19792 19796 19800 19804 19808 19812 19816 19820 19824 19828 19832 19836 19840 19844 
          19848 19852 19856 19860 19864 19868 19872 19876 19880 19884 19888 19892 19896 19900 19904 19908 19912 19916 19920 19924 
          19928 19932 19936 19940 19944 19948 19952 19956 19960 19964 19968 19972 19976 19980 19984 19988 19992 19996 20000 20004 
          20008 20012 20016 20020 20024 20028 20032 20036 20040 20044 20048 20052 20056 20060 20064 20068 20072 20076 20080 20084 
          20088 20092 20096 20100 20104 20108 20112 20116 20120 20124 20128 20132 20136 20140 20144 20148 20152 20156 20160 20164 
          20168 20172 20176 20180 20184 20188 20192 20196 20200 20204 20208 20212 20216 20220 20224 20228 20232 20236 20240 20244 
          20248 20252 20256 20260 20264 20268 20272 20276 20280 20284 20288 20292 20296 20300 20304 20308 20312 20316 20320 20324 
          20328 20332 20336 20340 20344 20348 20352 20356 20360 20364 20368 20372 20376 20380 20384 20388 20392 20396 20400 20404 
          20408 20412 20416 20420 20424 20428 20432 20436 20440 20444 20448 20452 20456 20460 20464 20468 20472 20476 20480 20484 
          20488 20492 20496 20500 20504 20508 20512 20516 20520 20524 20528 20532 20536 20540 20544 20548 20552 20556 20560 20564 
          20568 20572 20576 20580 20584 20588 20592 20596 20600 20604 20608 20612 20616 20620 20624 20628 20632 20636 20640 20644 
          20648 20652 20656 20660 20664 20668 20672 20676 20680 20684 20688 20692 20696 20700 20704 20708 20712 20716 20720 20724 
          20728 20732 20736 20740 20744 20748 20752 20756 20760 20764 20768 20772 20776 20780 20784 20788 20792 20796 20800 20804 
          20808 20812 20816 20820 20824 20828 20832 20836 20840 20844 20848 20852 20856 20860 20864 20868 20872 20876 20880 20884 
          20888 20892 20896 20900 20904 20908 20912 20916 20920 20924 20928 20932 20936 20940 20944 20948 20952 20956 20960 20964 
          20968 20972 20976 20980 20984 20988 20992 20996 21000 21004 21008 21012 21016 21020 21024 21028 21032 21036 21040 21044 
          21048 21052 21056 21060 21064 21068 21072 21076 21080 21084 21088 21092 21096 21100 21104 21108 21112 21116 21120 21124 
          21128 21132 21136 21140 21144 21148 21152 21156 21160 21164 21168 21172 21176 21180 21184 21188 21192 21196 21200 21204 
          21208 21212 21216 21220 21224 21228 21232 21236 21240 21244 21248 21252 21256 21260 21264 21268 21272 21276 21280 21284 
          21288 21292 21296 21300 21304 21308 21312 21316 21320 21324 21328 21332 21336 21340 21344 21348 21352 21356 21360 21364 
          21368 21372 21376 21380 21384 21388 21392 21396 21400 21404 21408 21412 21416 21420 21424 21428 21432 21436 21440 21444 
          21448 21452 21456 21460 21464 21468 21472 21476 21480 21484 21488 21492 21496 21500 21504 21508 21512 21516 21520 21524 
          21528 21532 21536 21540 21544 21548 21552 21556 21560 21564 21568 21572 21576 21580 21584 21588 21592 21596 21600 21604 
          21608 21612 21616 21620 21624 21628 21632 21636 21640 21644 21648 21652 21656 21660 21664 21668 21672 21676 21680 21684 
          21688 21692 21696 21700 21704 21708 21712 21716 21720 21724 21728 21732 21736 21740 21744 21748 21752 21756 21760 21764 
          21768 21772 21776 21780 21784 21788 21792 21796 21800 21804 21808 21812 21816 21820 21824 21828 21832 21836 21840 21844 
          21848 21852 21856 21860 21864 21868 21872 21876 21880 21884 21888 21892 21896 21900 21904 21908 21912 21916 21920 21924 
          21928 21932 21936 21940 21944 21948 21952 21956 21960 21964 21968 21972 21976 21980 21984 21988 21992 21996 22000 22004 
          22008 22012 22016 22020 22024 22028 22032 22036 22040 22044 22048 22052 22056 22060 22064 22068 22072 22076 22080 22084 
          22088 22092 22096 22100 22104 22108 22112 22116 22120 22124 22128 22132 22136 22140 22144 22148 22152 22156 22160 22164 
          22168 22172 22176 22180 22184 22188 22192 22196 22200 22204 22208 22212 22216 22220 22224 22228 22232 22236 22240 22244 
          22248 22252 22256 22260 22264 22268 22272 22276 22280 22284 22288 22292 22296 22300 22304 22308 22312 22316 22320 22324 
          22328 22332 22336 22340 22344 22348 22352 22356 22360 22364 22368 22372 22376 22380 22384 22388 22392 22396 22400 22404 
          22408 22412 22416 22420 22424 22428 22432 22436 22440 22444 22448 22452 22456 22460 22464 22468 22472 22476 22480 22484 
          22488 22492 22496 22500 22504 22508 22512 22516 22520 22524 22528 22532 22536 22540 22544 22548 22552 22556 22560 22564 
          22568 22572 22576 22580 22584 22588 22592 22596 22600 22604 22608 22612 22616 22620 22624 22628 22632 22636 22640 22644 
          22648 22652 22656 22660 22664 22668 22672 22676 22680 22684 22688 22692 22696 22700 22704 22708 22712 22716 22720 22724 
          22728 22732 22736 22740 22744 22748 22752 22756 22760 22764 22768 22772 22776 22780 22784 22788 22792 22796 22800 22804 
          22808 22812 22816 22820 22824 22828 22832 22836 22840 22844 22848 22852 22856 22860 22864 22868 22872 22876 22880 22884 
          22888 22892 22896 22900 22904 22908 22912 22916 22920 22924 22928 22932 22936 22940 22944 22948 22952 22956 22960 22964 
          22968 22972 22976 22980 22984 22988 22992 22996 23000 23004 23008 23012 23016 23020 23024 23028 23032 23036 23040 23044 
          23048 23052 23056 23060 23064 23068 23072 23076 23080 23084 23088 23092 23096 23100 23104 23108 23112 23116 23120 23124 
          23128 23132 23136 23140 23144 23148 23152 23156 23160 23164 23168 23172 23176 23180 23184 23188 23192 23196 23200 23204 
          23208 23212 23216 23220 23224 23228 23232 23236 23240 23244 23248 23252 23256 23260 23264 23268 23272 23276 23280 23284 
          23288 23292 23296 23300 23304 23308 23312 23316 23320 23324 23328 23332 23336 23340 23344 23348 23352 23356 23360 23364 
          23368 23372 23376 23380 23384 23388 23392 23396 23400 23404 23408 23412 23416 23420 23424 23428 23432 23436 23440 23444 
          23448 23452 23456 23460 23464 23468 23472 23476 23480 23484 23488 23492 23496 23500 23504 23508 23512 23516 23520 23524 
          23528 23532 23536 23540 23544 23548 23552 23556 23560 23564 23568 23572 23576 23580 23584 23588 23592 23596 23600 23604 
          23608 23612 23616 23620 23624 23628 23632 23636 23640 23644 23648 23652 23656 23660 23664 23668 23672 23676 23680 23684 
          23688 23692 23696 23700 23704 23708 23712 23716 23720 23724 23728 23732 23736 23740 23744 23748 23752 23756 23760 23764 
          23768 23772 23776 23780 23784 23788 23792 23796 23800 23804 23808 23812 23816 23820 23824 23828 23832 23836 23840 23844 
          23848 23852 23856 23860 23864 23868 23872 23876 23880 23884 23888 23892 23896 23900 23904 23908 23912 23916 23920 23924 
          23928 23932 23936 23940 23944 23948 23952 23956 23960 23964 23968 23972 23976 23980 23984 23988 23992 23996 24000 24004 
          24008 24012 24016 24020 24024 24028 24032 24036 24040 24044 24048 24052 24056 24060 24064 24068 24072 24076 24080 24084 
          24088 24092 24096 24100 24104 24108 24112 24116 24120 24124 24128 24132 24136 24140 24144 24148 24152 24156 24160 24164 
          24168 24172 24176 24180 24184 24188 24192 24196 24200 24204 24208 24212 24216 24220 24224 24228 24232 24236 24240 24244 
          24248 24252 24256 24260 24264 24268 24272 24276 24280 24284 24288 24292 24296 24300 24304 24308 24312 24316 24320 24324 
          24328 24332 24336 24340 24344 24348 24352 24356 24360 24364 24368 24372 24376 24380 24384 24388 24392 24396 24400 24404 
          24408 24412 24416 24420 24424 24428 24432 24436 24440 24444 24448 24452 24456 24460 24464 24468 24472 24476 24480 24484 
          24488 24492 24496 24500 24504 24508 24512 24516 24520 24524 24528 24532 24536 24540 24544 24548 24552 24556 24560 24564 
          24568 24572 24576 24580 24584 24588 24592 24596 24600 24604 24608 24612 24616 24620 24624 24628 24632 24636 24640 24644 
          24648 24652 24656 24660 24664 24668 24672 24676 24680 24684 24688 24692 24696 24700 24704 24708 24712 24716 24720 24724 
          24728 24732 24736 24740 24744 24748 24752 24756 24760 24764 24768 24772 24776 24780 24784 24788 24792 24796 24800 24804 
          24808 24812 24816 24820 24824 24828 24832 24836 24840 24844 24848 24852 24856 24860 24864 24868 24872 24876 24880 24884 
          24888 24892 24896 24900 24904 24908 24912 24916 24920 24924 24928 24932 24936 24940 24944 24948 24952 24956 24960 24964 
          24968 24972 24976 24980 24984 24988 24992 24996 25000 25004 25008 25012 25016 25020 25024 25028 25032 25036 25040 25044 
          25048 25052 25056 25060 25064 25068 25072 25076 25080 25084 25088 25092 25096 25100 25104 25108 25112 25116 25120 25124 
          25128 25132 25136 25140 25144 25148 25152 25156 25160 25164 25168 25172 25176 25180 25184 25188 25192 25196 25200 25204 
          25208 25212 25216 25220 25224 25228 25232 25236 25240 25244 25248 25252 25256 25260 25264 25268 25272 25276 25280 25284 
          25288 25292 25296 25300 25304 25308 25312 25316 25320 25324 25328 25332 25336 25340 25344 25348 25352 25356 25360 25364 
          25368 25372 25376 25380 25384 25388 25392 25396 25400 25404 25408 25412 25416 25420 25424 25428 25432 25436 25440 25444 
          25448 25452 25456 25460 25464 25468 25472 25476 25480 25484 25488 25492 25496 25500 25504 25508 25512 25516 25520 25524 
          25528 25532 25536 25540 25544 25548 25552 25556 25560 25564 25568 25572 25576 25580 25584 25588 25592 25596 25600 25604 
          25608 25612 25616 25620 25624 25628 25632 25636 25640 25644 25648 25652 25656 25660 25664 25668 25672 25676 25680 25684 
          25688 25692 25696 25700 25704 25708 25712 25716 25720 25724 25728 25732 25736 25740 25744 25748 25752 25756 25760 25764 
          25768 25772 25776 25780 25784 25788 25792 25796 25800 25804 25808 25812 25816 25820 25824 25828 25832 25836 25840 25844 
          25848 25852 25856 25860 25864 25868 25872 
        </DataArray>
        <DataArray type="UInt8" Name="types" format="ascii">
          9 9 9 9 9 9 9 9 9 9 9 9 9 9 9 9 9 9 9 9 9 
          9 9 9 9 9 9 9 9 9 9 9 9 9 9 9 9 9 9 9 9 
          9 9 9 9 9 9 9 9 9 9 9 9 9 9 9 9 9 9 9 9 
          9 9 9 9 9 9 9 9 9 9 9 9 9 9 9 9 9 9 9 9 
          9 9 9 9 9 9 9 9 9 9 9 9 9 9 9 9 9 9 9 9 
          9 9 9 9 9 9 9 9 9 9 9 9 9 9 9 9 9 9 9 9 
          9 9 9 9 9 9 9 9 9 9 9 9 9 9 9 9 9 9 9 9 
          9 9 9 9 9 9 9 9 9 9 9 9 9 9 9 9 9 9 9 9 
          9 9 9 9 9 9 9 9 9 9 9 9 9 9 9 9 9 9 9 9 
          9 9 9 9 9 9 9 9 9 9 9 9 9 9 9 9 9 9 9 9 
          9 9 9 9 9 9 9 9 9 9 9 9 9 9 9 9 9 9 9 9 
          9 9 9 9 9 9 9 9 9 9 9 9 9 9 9 9 9 9 9 9 
          9 9 9 9 9 9 9 9 9 9 9 9 9 9 9 9 9 9 9 9 
          9 9 9 9 9 9 9 9 9 9 9 9 9 9 9 9 9 9 9 9 
          9 9 9 9 9 9 9 9 9 9 9 9 9 9 9 9 9 9 9 9 
          9 9 9 9 9 9 9 9 9 9 9 9 9 9 9 9 9 9 9 9 
          9 9 9 9 9 9 9 9 9 9 9 9 9 9 9 9 9 9 9 9 
          9 9 9 9 9 9 9 9 9 9 9 9 9 9 9 9 9 9 9 9 
          9 9 9 9 9 9 9 9 9 9 9 9 9 9 9 9 9 9 9 9 
          9 9 9 9 9 9 9 9 9 9 9 9 9 9 9 9 9 9 9 9 
          9 9 9 9 9 9 9 9 9 9 9 9 9 9 9 9 9 9 9 9 
          9 9 9 9 9 9 9 9 9 9 9 9 9 9 9 9 9 9 9 9 
          9 9 9 9 9 9 9 9 9 9 9 9 9 9 9 9 9 9 9 9 
          9 9 9 9 9 9 9 9 9 9 9 9 9 9 9 9 9 9 9 9 
          9 9 9 9 9 9 9 9 9 9 9 9 9 9 9 9 9 9 9 9 
          9 9 9 9 9 9 9 9 9 9 9 9 9 9 9 9 9 9 9 9 
          9 9 9 9 9 9 9 9 9 9 9 9 9 9 9 9 9 9 9 9 
          9 9 9 9 9 9 9 9 9 9 9 9 9 9 9 9 9 9 9 9 
          9 9 9 9 9 9 9 9 9 9 9 9 9 9 9 9 9 9 9 9 
          9 9 9 9 9 9 9 9 9 9 9 9 9 9 9 9 9 9 9 9 
          9 9 9 9 9 9 9 9 9 9 9 9 9 9 9 9 9 9 9 9 
          9 9 9 9 9 9 9 9 9 9 9 9 9 9 9 9 9 9 9 9 
          9 9 9 9 9 9 9 9 9 9 9 9 9 9 9 9 9 9 9 9 
          9 9 9 9 9 9 9 9 9 9 9 9 9 9 9 9 9 9 9 9 
          9 9 9 9 9 9 9 9 9 9 9 9 9 9 9 9 9 9 9 9 
          9 9 9 9 9 9 9 9 9 9 9 9 9 9 9 9 9 9 9 9 
          9 9 9 9 9 9 9 9 9 9 9 9 9 9 9 9 9 9 9 9 
          9 9 9 9 9 9 9 9 9 9 9 9 9 9 9 9 9 9 9 9 
          9 9 9 9 9 9 9 9 9 9 9 9 9 9 9 9 9 9 9 9 
          9 9 9 9 9 9 9 9 9 9 9 9 9 9 9 9 9 9 9 9 
          9 9 9 9 9 9 9 9 9 9 9 9 9 9 9 9 9 9 9 9 
          9 9 9 9 9 9 9 9 9 9 9 9 9 9 9 9 9 9 9 9 
          9 9 9 9 9 9 9 9 9 9 9 9 9 9 9 9 9 9 9 9 
          9 9 9 9 9 9 9 9 9 9 9 9 9 9 9 9 9 9 9 9 
          9 9 9 9 9 9 9 9 9 9 9 9 9 9 9 9 9 9 9 9 
          9 9 9 9 9 9 9 9 9 9 9 9 9 9 9 9 9 9 9 9 
          9 9 9 9 9 9 9 9 9 9 9 9 9 9 9 9 9 9 9 9 
          9 9 9 9 9 9 9 9 9 9 9 9 9 9 9 9 9 9 9 9 
          9 9 9 9 9 9 9 9 9 9 9 9 9 9 9 9 9 9 9 9 
          9 9 9 9 9 9 9 9 9 9 9 9 9 9 9 9 9 9 9 9 
          9 9 9 9 9 9 9 9 9 9 9 9 9 9 9 9 9 9 9 9 
          9 9 9 9 9 9 9 9 9 9 9 9 9 9 9 9 9 9 9 9 
          9 9 9 9 9 9 9 9 9 9 9 9 9 9 9 9 9 9 9 9 
          9 9 9 9 9 9 9 9 9 9 9 9 9 9 9 9 9 9 9 9 
          9 9 9 9 9 9 9 9 9 9 9 9 9 9 9 9 9 9 9 9 
          9 9 9 9 9 9 9 9 9 9 9 9 9 9 9 9 9 9 9 9 
          9 9 9 9 9 9 9 9 9 9 9 9 9 9 9 9 9 9 9 9 
          9 9 9 9 9 9 9 9 9 9 9 9 9 9 9 9 9 9 9 9 
          9 9 9 9 9 9 9 9 9 9 9 9 9 9 9 9 9 9 9 9 
          9 9 9 9 9 9 9 9 9 9 9 9 9 9 9 9 9 9 9 9 
          9 9 9 9 9 9 9 9 9 9 9 9 9 9 9 9 9 9 9 9 
          9 9 9 9 9 9 9 9 9 9 9 9 9 9 9 9 9 9 9 9 
          9 9 9 9 9 9 9 9 9 9 9 9 9 9 9 9 9 9 9 9 
          9 9 9 9 9 9 9 9 9 9 9 9 9 9 9 9 9 9 9 9 
          9 9 9 9 9 9 9 9 9 9 9 9 9 9 9 9 9 9 9 9 
          9 9 9 9 9 9 9 9 9 9 9 9 9 9 9 9 9 9 9 9 
          9 9 9 9 9 9 9 9 9 9 9 9 9 9 9 9 9 9 9 9 
          9 9 9 9 9 9 9 9 9 9 9 9 9 9 9 9 9 9 9 9 
          9 9 9 9 9 9 9 9 9 9 9 9 9 9 9 9 9 9 9 9 
          9 9 9 9 9 9 9 9 9 9 9 9 9 9 9 9 9 9 9 9 
          9 9 9 9 9 9 9 9 9 9 9 9 9 9 9 9 9 9 9 9 
          9 9 9 9 9 9 9 9 9 9 9 9 9 9 9 9 9 9 9 9 
          9 9 9 9 9 9 9 9 9 9 9 9 9 9 9 9 9 9 9 9 
          9 9 9 9 9 9 9 9 9 9 9 9 9 9 9 9 9 9 9 9 
          9 9 9 9 9 9 9 9 9 9 9 9 9 9 9 9 9 9 9 9 
          9 9 9 9 9 9 9 9 9 9 9 9 9 9 9 9 9 9 9 9 
          9 9 9 9 9 9 9 9 9 9 9 9 9 9 9 9 9 9 9 9 
          9 9 9 9 9 9 9 9 9 9 9 9 9 9 9 9 9 9 9 9 
          9 9 9 9 9 9 9 9 9 9 9 9 9 9 9 9 9 9 9 9 
          9 9 9 9 9 9 9 9 9 9 9 9 9 9 9 9 9 9 9 9 
          9 9 9 9 9 9 9 9 9 9 9 9 9 9 9 9 9 9 9 9 
          9 9 9 9 9 9 9 9 9 9 9 9 9 9 9 9 9 9 9 9 
          9 9 9 9 9 9 9 9 9 9 9 9 9 9 9 9 9 9 9 9 
          9 9 9 9 9 9 9 9 9 9 9 9 9 9 9 9 9 9 9 9 
          9 9 9 9 9 9 9 9 9 9 9 9 9 9 9 9 9 9 9 9 
          9 9 9 9 9 9 9 9 9 9 9 9 9 9 9 9 9 9 9 9 
          9 9 9 9 9 9 9 9 9 9 9 9 9 9 9 9 9 9 9 9 
          9 9 9 9 9 9 9 9 9 9 9 9 9 9 9 9 9 9 9 9 
          9 9 9 9 9 9 9 9 9 9 9 9 9 9 9 9 9 9 9 9 
          9 9 9 9 9 9 9 9 9 9 9 9 9 9 9 9 9 9 9 9 
          9 9 9 9 9 9 9 9 9 9 9 9 9 9 9 9 9 9 9 9 
          9 9 9 9 9 9 9 9 9 9 9 9 9 9 9 9 9 9 9 9 
          9 9 9 9 9 9 9 9 9 9 9 9 9 9 9 9 9 9 9 9 
          9 9 9 9 9 9 9 9 9 9 9 9 9 9 9 9 9 9 9 9 
          9 9 9 9 9 9 9 9 9 9 9 9 9 9 9 9 9 9 9 9 
          9 9 9 9 9 9 9 9 9 9 9 9 9 9 9 9 9 9 9 9 
          9 9 9 9 9 9 9 9 9 9 9 9 9 9 9 9 9 9 9 9 
          9 9 9 9 9 9 9 9 9 9 9 9 9 9 9 9 9 9 9 9 
          9 9 9 9 9 9 9 9 9 9 9 9 9 9 9 9 9 9 9 9 
          9 9 9 9 9 9 9 9 9 9 9 9 9 9 9 9 9 9 9 9 
          9 9 9 9 9 9 9 9 9 9 9 9 9 9 9 9 9 9 9 9 
          9 9 9 9 9 9 9 9 9 9 9 9 9 9 9 9 9 9 9 9 
          9 9 9 9 9 9 9 9 9 9 9 9 9 9 9 9 9 9 9 9 
          9 9 9 9 9 9 9 9 9 9 9 9 9 9 9 9 9 9 9 9 
          9 9 9 9 9 9 9 9 9 9 9 9 9 9 9 9 9 9 9 9 
          9 9 9 9 9 9 9 9 9 9 9 9 9 9 9 9 9 9 9 9 
          9 9 9 9 9 9 9 9 9 9 9 9 9 9 9 9 9 9 9 9 
          9 9 9 9 9 9 9 9 9 9 9 9 9 9 9 9 9 9 9 9 
          9 9 9 9 9 9 9 9 9 9 9 9 9 9 9 9 9 9 9 9 
          9 9 9 9 9 9 9 9 9 9 9 9 9 9 9 9 9 9 9 9 
          9 9 9 9 9 9 9 9 9 9 9 9 9 9 9 9 9 9 9 9 
          9 9 9 9 9 9 9 9 9 9 9 9 9 9 9 9 9 9 9 9 
          9 9 9 9 9 9 9 9 9 9 9 9 9 9 9 9 9 9 9 9 
          9 9 9 9 9 9 9 9 9 9 9 9 9 9 9 9 9 9 9 9 
          9 9 9 9 9 9 9 9 9 9 9 9 9 9 9 9 9 9 9 9 
          9 9 9 9 9 9 9 9 9 9 9 9 9 9 9 9 9 9 9 9 
          9 9 9 9 9 9 9 9 9 9 9 9 9 9 9 9 9 9 9 9 
          9 9 9 9 9 9 9 9 9 9 9 9 9 9 9 9 9 9 9 9 
          9 9 9 9 9 9 9 9 9 9 9 9 9 9 9 9 9 9 9 9 
          9 9 9 9 9 9 9 9 9 9 9 9 9 9 9 9 9 9 9 9 
          9 9 9 9 9 9 9 9 9 9 9 9 9 9 9 9 9 9 9 9 
          9 9 9 9 9 9 9 9 9 9 9 9 9 9 9 9 9 9 9 9 
          9 9 9 9 9 9 9 9 9 9 9 9 9 9 9 9 9 9 9 9 
          9 9 9 9 9 9 9 9 9 9 9 9 9 9 9 9 9 9 9 9 
          9 9 9 9 9 9 9 9 9 9 9 9 9 9 9 9 9 9 9 9 
          9 9 9 9 9 9 9 9 9 9 9 9 9 9 9 9 9 9 9 9 
          9 9 9 9 9 9 9 9 9 9 9 9 9 9 9 9 9 9 9 9 
          9 9 9 9 9 9 9 9 9 9 9 9 9 9 9 9 9 9 9 9 
          9 9 9 9 9 9 9 9 9 9 9 9 9 9 9 9 9 9 9 9 
          9 9 9 9 9 9 9 9 9 9 9 9 9 9 9 9 9 9 9 9 
          9 9 9 9 9 9 9 9 9 9 9 9 9 9 9 9 9 9 9 9 
          9 9 9 9 9 9 9 9 9 9 9 9 9 9 9 9 9 9 9 9 
          9 9 9 9 9 9 9 9 9 9 9 9 9 9 9 9 9 9 9 9 
          9 9 9 9 9 9 9 9 9 9 9 9 9 9 9 9 9 9 9 9 
          9 9 9 9 9 9 9 9 9 9 9 9 9 9 9 9 9 9 9 9 
          9 9 9 9 9 9 9 9 9 9 9 9 9 9 9 9 9 9 9 9 
          9 9 9 9 9 9 9 9 9 9 9 9 9 9 9 9 9 9 9 9 
          9 9 9 9 9 9 9 9 9 9 9 9 9 9 9 9 9 9 9 9 
          9 9 9 9 9 9 9 9 9 9 9 9 9 9 9 9 9 9 9 9 
          9 9 9 9 9 9 9 9 9 9 9 9 9 9 9 9 9 9 9 9 
          9 9 9 9 9 9 9 9 9 9 9 9 9 9 9 9 9 9 9 9 
          9 9 9 9 9 9 9 9 9 9 9 9 9 9 9 9 9 9 9 9 
          9 9 9 9 9 9 9 9 9 9 9 9 9 9 9 9 9 9 9 9 
          9 9 9 9 9 9 9 9 9 9 9 9 9 9 9 9 9 9 9 9 
          9 9 9 9 9 9 9 9 9 9 9 9 9 9 9 9 9 9 9 9 
          9 9 9 9 9 9 9 9 9 9 9 9 9 9 9 9 9 9 9 9 
          9 9 9 9 9 9 9 9 9 9 9 9 9 9 9 9 9 9 9 9 
          9 9 9 9 9 9 9 9 9 9 9 9 9 9 9 9 9 9 9 9 
          9 9 9 9 9 9 9 9 9 9 9 9 9 9 9 9 9 9 9 9 
          9 9 9 9 9 9 9 9 9 9 9 9 9 9 9 9 9 9 9 9 
          9 9 9 9 9 9 9 9 9 9 9 9 9 9 9 9 9 9 9 9 
          9 9 9 9 9 9 9 9 9 9 9 9 9 9 9 9 9 9 9 9 
          9 9 9 9 9 9 9 9 9 9 9 9 9 9 9 9 9 9 9 9 
          9 9 9 9 9 9 9 9 9 9 9 9 9 9 9 9 9 9 9 9 
          9 9 9 9 9 9 9 9 9 9 9 9 9 9 9 9 9 9 9 9 
          9 9 9 9 9 9 9 9 9 9 9 9 9 9 9 9 9 9 9 9 
          9 9 9 9 9 9 9 9 9 9 9 9 9 9 9 9 9 9 9 9 
          9 9 9 9 9 9 9 9 9 9 9 9 9 9 9 9 9 9 9 9 
          9 9 9 9 9 9 9 9 9 9 9 9 9 9 9 9 9 9 9 9 
          9 9 9 9 9 9 9 9 9 9 9 9 9 9 9 9 9 9 9 9 
          9 9 9 9 9 9 9 9 9 9 9 9 9 9 9 9 9 9 9 9 
          9 9 9 9 9 9 9 9 9 9 9 9 9 9 9 9 9 9 9 9 
          9 9 9 9 9 9 9 9 9 9 9 9 9 9 9 9 9 9 9 9 
          9 9 9 9 9 9 9 9 9 9 9 9 9 9 9 9 9 9 9 9 
          9 9 9 9 9 9 9 9 9 9 9 9 9 9 9 9 9 9 9 9 
          9 9 9 9 9 9 9 9 9 9 9 9 9 9 9 9 9 9 9 9 
          9 9 9 9 9 9 9 9 9 9 9 9 9 9 9 9 9 9 9 9 
          9 9 9 9 9 9 9 9 9 9 9 9 9 9 9 9 9 9 9 9 
          9 9 9 9 9 9 9 9 9 9 9 9 9 9 9 9 9 9 9 9 
          9 9 9 9 9 9 9 9 9 9 9 9 9 9 9 9 9 9 9 9 
          9 9 9 9 9 9 9 9 9 9 9 9 9 9 9 9 9 9 9 9 
          9 9 9 9 9 9 9 9 9 9 9 9 9 9 9 9 9 9 9 9 
          9 9 9 9 9 9 9 9 9 9 9 9 9 9 9 9 9 9 9 9 
          9 9 9 9 9 9 9 9 9 9 9 9 9 9 9 9 9 9 9 9 
          9 9 9 9 9 9 9 9 9 9 9 9 9 9 9 9 9 9 9 9 
          9 9 9 9 9 9 9 9 9 9 9 9 9 9 9 9 9 9 9 9 
          9 9 9 9 9 9 9 9 9 9 9 9 9 9 9 9 9 9 9 9 
          9 9 9 9 9 9 9 9 9 9 9 9 9 9 9 9 9 9 9 9 
          9 9 9 9 9 9 9 9 9 9 9 9 9 9 9 9 9 9 9 9 
          9 9 9 9 9 9 9 9 9 9 9 9 9 9 9 9 9 9 9 9 
          9 9 9 9 9 9 9 9 9 9 9 9 9 9 9 9 9 9 9 9 
          9 9 9 9 9 9 9 9 9 9 9 9 9 9 9 9 9 9 9 9 
          9 9 9 9 9 9 9 9 9 9 9 9 9 9 9 9 9 9 9 9 
          9 9 9 9 9 9 9 9 9 9 9 9 9 9 9 9 9 9 9 9 
          9 9 9 9 9 9 9 9 9 9 9 9 9 9 9 9 9 9 9 9 
          9 9 9 9 9 9 9 9 9 9 9 9 9 9 9 9 9 9 9 9 
          9 9 9 9 9 9 9 9 9 9 9 9 9 9 9 9 9 9 9 9 
          9 9 9 9 9 9 9 9 9 9 9 9 9 9 9 9 9 9 9 9 
          9 9 9 9 9 9 9 9 9 9 9 9 9 9 9 9 9 9 9 9 
          9 9 9 9 9 9 9 9 9 9 9 9 9 9 9 9 9 9 9 9 
          9 9 9 9 9 9 9 9 9 9 9 9 9 9 9 9 9 9 9 9 
          9 9 9 9 9 9 9 9 9 9 9 9 9 9 9 9 9 9 9 9 
          9 9 9 9 9 9 9 9 9 9 9 9 9 9 9 9 9 9 9 9 
          9 9 9 9 9 9 9 9 9 9 9 9 9 9 9 9 9 9 9 9 
          9 9 9 9 9 9 9 9 9 9 9 9 9 9 9 9 9 9 9 9 
          9 9 9 9 9 9 9 9 9 9 9 9 9 9 9 9 9 9 9 9 
          9 9 9 9 9 9 9 9 9 9 9 9 9 9 9 9 9 9 9 9 
          9 9 9 9 9 9 9 9 9 9 9 9 9 9 9 9 9 9 9 9 
          9 9 9 9 9 9 9 9 9 9 9 9 9 9 9 9 9 9 9 9 
          9 9 9 9 9 9 9 9 9 9 9 9 9 9 9 9 9 9 9 9 
          9 9 9 9 9 9 9 9 9 9 9 9 9 9 9 9 9 9 9 9 
          9 9 9 9 9 9 9 9 9 9 9 9 9 9 9 9 9 9 9 9 
          9 9 9 9 9 9 9 9 9 9 9 9 9 9 9 9 9 9 9 9 
          9 9 9 9 9 9 9 9 9 9 9 9 9 9 9 9 9 9 9 9 
          9 9 9 9 9 9 9 9 9 9 9 9 9 9 9 9 9 9 9 9 
          9 9 9 9 9 9 9 9 9 9 9 9 9 9 9 9 9 9 9 9 
          9 9 9 9 9 9 9 9 9 9 9 9 9 9 9 9 9 9 9 9 
          9 9 9 9 9 9 9 9 9 9 9 9 9 9 9 9 9 9 9 9 
          9 9 9 9 9 9 9 9 9 9 9 9 9 9 9 9 9 9 9 9 
          9 9 9 9 9 9 9 9 9 9 9 9 9 9 9 9 9 9 9 9 
          9 9 9 9 9 9 9 9 9 9 9 9 9 9 9 9 9 9 9 9 
          9 9 9 9 9 9 9 9 9 9 9 9 9 9 9 9 9 9 9 9 
          9 9 9 9 9 9 9 9 9 9 9 9 9 9 9 9 9 9 9 9 
          9 9 9 9 9 9 9 9 9 9 9 9 9 9 9 9 9 9 9 9 
          9 9 9 9 9 9 9 9 9 9 9 9 9 9 9 9 9 9 9 9 
          9 9 9 9 9 9 9 9 9 9 9 9 9 9 9 9 9 9 9 9 
          9 9 9 9 9 9 9 9 9 9 9 9 9 9 9 9 9 9 9 9 
          9 9 9 9 9 9 9 9 9 9 9 9 9 9 9 9 9 9 9 9 
          9 9 9 9 9 9 9 9 9 9 9 9 9 9 9 9 9 9 9 9 
          9 9 9 9 9 9 9 9 9 9 9 9 9 9 9 9 9 9 9 9 
          9 9 9 9 9 9 9 9 9 9 9 9 9 9 9 9 9 9 9 9 
          9 9 9 9 9 9 9 9 9 9 9 9 9 9 9 9 9 9 9 9 
          9 9 9 9 9 9 9 9 9 9 9 9 9 9 9 9 9 9 9 9 
          9 9 9 9 9 9 9 9 9 9 9 9 9 9 9 9 9 9 9 9 
          9 9 9 9 9 9 9 9 9 9 9 9 9 9 9 9 9 9 9 9 
          9 9 9 9 9 9 9 9 9 9 9 9 9 9 9 9 9 9 9 9 
          9 9 9 9 9 9 9 9 9 9 9 9 9 9 9 9 9 9 9 9 
          9 9 9 9 9 9 9 9 9 9 9 9 9 9 9 9 9 9 9 9 
          9 9 9 9 9 9 9 9 9 9 9 9 9 9 9 9 9 9 9 9 
          9 9 9 9 9 9 9 9 9 9 9 9 9 9 9 9 9 9 9 9 
          9 9 9 9 9 9 9 9 9 9 9 9 9 9 9 9 9 9 9 9 
          9 9 9 9 9 9 9 9 9 9 9 9 9 9 9 9 9 9 9 9 
          9 9 9 9 9 9 9 9 9 9 9 9 9 9 9 9 9 9 9 9 
          9 9 9 9 9 9 9 9 9 9 9 9 9 9 9 9 9 9 9 9 
          9 9 9 9 9 9 9 9 9 9 9 9 9 9 9 9 9 9 9 9 
          9 9 9 9 9 9 9 9 9 9 9 9 9 9 9 9 9 9 9 9 
          9 9 9 9 9 9 9 9 9 9 9 9 9 9 9 9 9 9 9 9 
          9 9 9 9 9 9 9 9 9 9 9 9 9 9 9 9 9 9 9 9 
          9 9 9 9 9 9 9 9 9 9 9 9 9 9 9 9 9 9 9 9 
          9 9 9 9 9 9 9 9 9 9 9 9 9 9 9 9 9 9 9 9 
          9 9 9 9 9 9 9 9 9 9 9 9 9 9 9 9 9 9 9 9 
          9 9 9 9 9 9 9 9 9 9 9 9 9 9 9 9 9 9 9 9 
          9 9 9 9 9 9 9 9 9 9 9 9 9 9 9 9 9 9 9 9 
          9 9 9 9 9 9 9 9 9 9 9 9 9 9 9 9 9 9 9 9 
          9 9 9 9 9 9 9 9 9 9 9 9 9 9 9 9 9 9 9 9 
          9 9 9 9 9 9 9 9 9 9 9 9 9 9 9 9 9 9 9 9 
          9 9 9 9 9 9 9 9 9 9 9 9 9 9 9 9 9 9 9 9 
          9 9 9 9 9 9 9 9 9 9 9 9 9 9 9 9 9 9 9 9 
          9 9 9 9 9 9 9 9 9 9 9 9 9 9 9 9 9 9 9 9 
          9 9 9 9 9 9 9 9 9 9 9 9 9 9 9 9 9 9 9 9 
          9 9 9 9 9 9 9 9 9 9 9 9 9 9 9 9 9 9 9 9 
          9 9 9 9 9 9 9 9 9 9 9 9 9 9 9 9 9 9 9 9 
          9 9 9 9 9 9 9 9 9 9 9 9 9 9 9 9 9 9 9 9 
          9 9 9 9 9 9 9 9 9 9 9 9 9 9 9 9 9 9 9 9 
          9 9 9 9 9 9 9 9 9 9 9 9 9 9 9 9 9 9 9 9 
          9 9 9 9 9 9 9 9 9 9 9 9 9 9 9 9 9 9 9 9 
          9 9 9 9 9 9 9 9 9 9 9 9 9 9 9 9 9 9 9 9 
          9 9 9 9 9 9 9 9 9 9 9 9 9 9 9 9 9 9 9 9 
          9 9 9 9 9 9 9 9 9 9 9 9 9 9 9 9 9 9 9 9 
          9 9 9 9 9 9 9 9 9 9 9 9 9 9 9 9 9 9 9 9 
          9 9 9 9 9 9 9 9 9 9 9 9 9 9 9 9 9 9 9 9 
          9 9 9 9 9 9 9 9 9 9 9 9 9 9 9 9 9 9 9 9 
          9 9 9 9 9 9 9 9 9 9 9 9 9 9 9 9 9 9 9 9 
          9 9 9 9 9 9 9 9 9 9 9 9 9 9 9 9 9 9 9 9 
          9 9 9 9 9 9 9 9 9 9 9 9 9 9 9 9 9 9 9 9 
          9 9 9 9 9 9 9 9 9 9 9 9 9 9 9 9 9 9 9 9 
          9 9 9 9 9 9 9 9 9 9 9 9 9 9 9 9 9 9 9 9 
          9 9 9 9 9 9 9 9 9 9 9 9 9 9 9 9 9 9 9 9 
          9 9 9 9 9 9 9 9 9 9 9 9 9 9 9 9 9 9 9 9 
          9 9 9 9 9 9 9 9 9 9 9 9 9 9 9 9 9 9 9 9 
          9 9 9 9 9 9 9 9 9 9 9 9 9 9 9 9 9 9 9 9 
          9 9 9 9 9 9 9 9 9 9 9 9 9 9 9 9 9 9 9 9 
          9 9 9 9 9 9 9 9 9 9 9 9 9 9 9 9 9 9 9 9 
          9 9 9 9 9 9 9 9 9 9 9 9 9 9 9 9 9 9 9 9 
          9 9 9 9 9 9 9 9 9 9 9 9 9 9 9 9 9 9 9 9 
          9 9 9 9 9 9 9 9 9 9 9 9 9 9 9 9 9 9 9 9 
          9 9 9 9 9 9 9 9 9 9 9 9 9 9 9 9 9 9 9 9 
          9 9 9 9 9 9 9 9 9 9 9 9 9 9 9 9 9 9 9 9 
          9 9 9 9 9 9 9 9 9 9 9 9 9 9 9 9 9 9 9 9 
          9 9 9 9 9 9 9 9 9 9 9 9 9 9 9 9 9 9 9 9 
          9 9 9 9 9 9 9 9 9 9 9 9 9 9 9 9 9 9 9 9 
          9 9 9 9 9 9 9 9 9 9 9 9 9 9 9 9 9 9 9 9 
          9 9 9 9 9 9 9 9 9 9 9 9 9 9 9 9 9 9 9 9 
          9 9 9 9 9 9 9 9 9 9 9 9 9 9 9 9 9 9 9 9 
          9 9 9 9 9 9 9 9 9 9 9 9 9 9 9 9 9 9 9 9 
          9 9 9 9 9 9 9 9 9 9 9 9 9 9 9 9 9 9 9 9 
          9 9 9 9 9 9 9 9 9 9 9 9 9 9 9 9 9 9 9 9 
          9 9 9 9 9 9 9 9 9 9 9 9 9 9 9 9 9 9 9 9 
          9 9 9 9 9 9 9 9 9 9 9 9 9 9 9 9 9 9 9 9 
          9 9 9 9 9 9 9 9 9 9 9 9 9 9 9 9 9 9 9 9 
          9 9 9 9 9 9 9 9 9 9 9 9 9 9 9 9 9 9 9 9 
          9 9 9 9 9 9 9 9 9 9 9 9 9 9 9 9 9 9 9 9 
          9 9 9 9 9 9 9 9 9 9 9 9 9 9 9 9 9 9 9 9 
          9 9 9 9 9 9 9 9 9 9 9 9 9 9 9 9 9 9 9 9 
          9 9 9 9 9 9 9 9 9 9 9 9 9 9 9 9 9 9 9 9 
          9 9 9 9 9 9 9 9 9 9 9 9 9 9 9 9 9 9 9 9 
          9 9 9 9 9 9 9 9 9 9 9 9 9 9 9 9 9 9 9 9 
          9 9 9 9 9 9 9 9 9 9 9 9 9 9 9 9 9 9 9 9 
          9 9 9 9 9 9 9 9 9 9 9 9 9 9 9 9 9 9 9 9 
          9 9 9 9 9 9 9 9 9 9 9 9 9 9 9 9 9 9 9 9 
          9 9 9 9 9 9 9 9 9 9 9 9 9 9 9 9 9 9 9 9 
          9 9 9 9 9 9 9 9 9 9 9 9 9 9 9 9 9 9 9 9 
          9 9 9 9 9 9 9 9 9 9 9 9 9 9 9 9 9 9 9 9 
          9 9 9 9 9 9 9 9 9 9 9 9 9 9 9 9 9 9 9 9 
          9 9 9 9 9 9 9 9 9 9 9 9 9 9 9 9 9 9 9 9 
          9 9 9 9 9 9 9 9 9 9 9 9 9 9 9 9 9 9 9 9 
          9 9 9 9 9 9 9 9 9 9 9 9 9 9 9 9 9 9 9 9 
          9 9 9 9 9 9 9 9 9 9 9 9 9 9 9 9 9 9 9 9 
          9 9 9 9 9 9 9 9 9 9 9 9 9 9 9 9 9 9 9 9 
          9 9 9 9 9 9 9 9 9 9 9 9 9 9 9 9 9 9 9 9 
          9 9 9 9 9 9 9 9 9 9 9 9 9 9 9 9 9 9 9 9 
          9 9 9 9 9 9 9 9 9 9 9 9 9 9 9 9 9 9 9 9 
          9 9 9 9 9 9 9 9 9 9 9 9 9 9 9 9 9 9 9 9 
          9 9 9 9 9 9 9 9 9 9 9 9 9 9 9 9 9 9 9 9 
          9 9 9 9 9 9 9 9 9 9 9 9 9 9 9 9 9 9 9 9 
          9 9 9 9 9 9 9 9 9 9 9 9 9 9 9 9 9 9 9 9 
          9 9 9 9 9 9 9 9 9 9 9 9 9 9 9 9 9 9 9 9 
          9 9 9 9 9 9 9 9 9 9 9 9 9 9 9 9 9 9 9 9 
          9 9 9 9 9 9 9 9 9 9 9 9 9 9 9 9 9 9 9 9 
          9 9 9 9 9 9 9 9 9 9 9 9 9 9 9 9 9 9 9 9 
          9 9 9 9 9 9 9 9 9 9 9 9 9 9 9 9 9 9 9 9 
          9 9 9 9 9 9 9 9 9 9 9 9 9 9 9 9 9 9 9 9 
          9 9 9 9 9 9 9 9 9 9 9 9 9 9 9 9 9 9 9 9 
          9 9 9 9 9 9 9 
        </DataArray>
      </Cells>
    </Piece>
  </UnstructuredGrid>
</VTKFile>
