cell_id,geom_type,n0,n1,n2,n3,centroid_x,centroid_y,area_m2,z_top_centroid,z_top_mean,z_bottom_centroid,z_bottom_mean,geology_code,geology_key,hydraulic_conductivity_m_s,storage_coefficient
0,triangle,928,1019,927,,365163.86154725583,6956051.010386744,95236.287109375,68.11064164785579,68.5413708290624,18.11064164785578,18.541370829062405,12,1841,7.95270728767e-06,
1,triangle,797,1028,796,,370445.15573528764,6945672.396812651,1543647.36328125,73.33392912140359,64.32398824911513,23.33392912140358,14.323988249115137,12,1841,8.374781987205358e-06,
2,triangle,939,946,930,,364673.3862190565,6949696.240790524,1054384.0126953125,72.08085000821544,95.38237995813893,22.08085000821543,45.38237995813893,6,1721,1.0053722495632857e-05,
3,triangle,990,1028,797,,369630.144456021,6945219.512619893,2238572.3940429688,50.85753377454524,48.56111421119297,0.8575337745452383,-1.4388857888070348,12,1841,8.234090420693573e-06,
4,triangle,797,1117,990,,369701.11372853024,6944247.483017976,1269033.0932617188,66.94955994848478,39.19066686998402,16.94955994848477,-10.80933313001598,6,1721,1.0063080785346786e-05,
5,triangle,791,948,790,,370298.7123904464,6956734.768264149,1960461.7338867188,63.92896507618287,92.08167440839829,13.92896507618287,42.08167440839828,12,1841,7.95270728767e-06,
6,triangle,902,1005,901,,363090.24662176427,6951414.89895285,60820.0810546875,120.64902195921442,115.53222297271004,70.64902195921442,65.53222297271006,65,1681,6.32455532034e-06,
7,triangle,930,1012,939,,365092.9856077155,6948963.887249469,1592505.302734375,75.54686509204444,88.12424527557918,25.546865092044435,38.12424527557917,6,1721,1.189207115e-05,
8,triangle,792,993,970,,369678.74502104503,6954167.929001875,1556029.4086914062,104.02555615813806,115.83153696611278,54.025556158138066,65.83153696611278,65,1681,6.3827036048875e-06,
9,triangle,1028,1063,795,,370010.0114358216,6947850.528505613,1732707.4091796875,93.86799879257578,92.70614135200351,43.86799879257577,42.706141352003534,65,1681,7.0804830194575e-06,
10,triangle,861,27,862,,354717.9405357034,6949701.032331803,40914.6787109375,133.7136442478376,132.6205102108826,83.7136442478376,82.62051021088257,65,1681,6.32455532034e-06,
11,triangle,792,970,791,,370435.0266975745,6954850.580212396,1572477.1376953125,147.29018807881846,109.11821859934385,97.29018807881846,59.118218599343855,65,1681,6.4408518894350004e-06,
12,triangle,788,992,787,,368161.5368431895,6960638.097701907,2100029.62109375,5.7516661305860115,5.7516661305860115,-10049.0,-6714.082777956472,23,2151,6.885631099464286e-06,
13,triangle,783,982,782,,358630.7426331264,6960821.866614507,1585059.009765625,62.48124381273859,91.20076485590384,12.481243812738589,41.200764855903834,14,2121,9.707529612524286e-06,
14,triangle,771,1039,770,,350981.3477005083,6945617.770107058,1547926.517578125,94.93341315731365,74.42747554553851,44.933413157313645,24.427475545538517,16,1441,8.822489125121429e-06,
15,triangle,918,993,917,,368085.4552233294,6953804.809289434,114824.29296875,167.1063197315706,150.83585553849494,117.10631973157061,100.83585553849495,65,1681,6.921074873517858e-06,
16,triangle,939,1073,946,,363839.1329084574,6949672.1231913855,190597.400390625,110.84143174164349,93.35818277771598,60.84143174164349,43.35818277771599,65,1681,6.3827036048875e-06,
17,triangle,770,1039,994,,351706.436388281,6945148.271455954,1804422.6318359375,114.08833682378939,78.90841302697477,64.08833682378939,28.908413026974774,65,1681,7.037304047231428e-06,
18,triangle,19,988,18,,353565.952909621,6953916.584322713,141792.2138671875,111.02209449859193,111.63490172419536,61.02209449859194,61.634901724195366,6,1721,1.189207115e-05,
19,triangle,864,1026,863,,355038.44072438084,6948620.826813899,100417.5859375,81.35452595702716,86.3033085908744,31.354525957027175,36.303308590874394,12,1841,7.95270728767e-06,
20,triangle,806,1121,805,,354744.4915807471,6942908.819592045,1390822.857421875,102.88236356731827,83.65410771653858,52.882363567318265,33.65410771653857,18,2041,5.870514197607143e-06,
21,triangle,904,1005,903,,362990.31067082955,6951887.215920591,43563.1064453125,112.85965201833588,111.88596601601044,62.85965201833589,61.885966016010435,65,1681,6.32455532034e-06,
22,triangle,985,1063,1028,,369149.91381502274,6947825.737118273,1412585.5639648438,85.86617844604143,110.12169722383585,35.86617844604143,60.12169722383587,65,1681,7.0711247297435714e-06,
23,triangle,801,996,800,,364448.8636363636,6943117.811795354,1976476.0078125,123.89222119850137,101.09265542700298,73.89222119850136,51.09265542700299,65,1681,6.4990001739825e-06,
24,triangle,935,992,976,,367303.492068405,6958009.946815662,1395557.7099609375,7.823266998509565,43.803997960392614,-42.17673300149043,-6.196002039607393,65,1681,3.331755576918357e-05,
25,triangle,923,999,922,,367280.0300910932,6955250.195872512,121386.310546875,170.18134614123443,163.8546383781264,120.18134614123443,113.85463837812638,65,1681,6.32455532034e-06,
26,triangle,921,999,920,,367568.5269275066,6954973.981223828,121386.310546875,168.29243349375713,167.8771041586689,118.29243349375712,117.8771041586689,65,1681,6.32455532034e-06,
27,triangle,976,992,948,,368159.08244925755,6957703.75719612,1587902.8935546875,16.157327560533915,69.73081897736617,-33.842672439466085,19.73081897736616,65,1681,2.6261757679052144e-05,
28,triangle,990,1009,969,,367182.4868408556,6944930.3024475165,2068328.7236328125,67.89495011365709,62.18274238250376,17.89495011365708,12.182742382503761,12,1841,7.95270728767e-06,
29,triangle,805,1121,1105,,355507.72289923514,6943555.699872244,2278201.1918945312,98.22763788037227,91.62707768813515,48.227637880372264,41.62707768813513,12,1841,6.781473674509644e-06,
30,triangle,791,970,948,,369746.2390880209,6955890.348476545,1669376.55078125,68.92825091979714,82.48989392326948,18.92825091979713,32.48989392326947,12,1841,7.95270728767e-06,
31,triangle,903,1005,44,,362923.64400416287,6951741.660365035,43563.10693359375,109.4482894854611,109.67041098885322,59.448289485461096,59.670410988853234,65,1681,6.32455532034e-06,
32,triangle,917,1033,50,,367772.0982181334,6953403.548748054,110681.1826171875,155.83343311874137,159.9850132756719,105.83343311874134,109.9850132756719,65,1681,8.511793681992141e-06,
33,triangle,852,972,851,,354888.40869075566,6952389.254480843,52797.4130859375,127.76196367014082,126.42256090889812,77.7619636701408,76.42256090889813,65,1681,6.32455532034e-06,
34,triangle,936,982,783,,359146.9436464542,6960105.609563763,1420814.6259765625,67.69024852575805,96.88109936575667,17.69024852575805,46.88109936575666,12,1841,8.683883256359287e-06,
35,triangle,808,975,54,,364306.9175706017,6956189.509740435,36744.60888671875,23.290939878066247,35.736358657942255,-26.709060121933753,-14.26364134205774,12,1841,7.95270728767e-06,
36,triangle,772,1039,771,,350981.3477005083,6946882.770107058,1547926.517578125,43.982824994275056,54.76614309721492,-6.017175005724942,4.766143097214924,16,1441,1e-05,
37,triangle,891,1090,38,,361150.4401785151,6947906.359659143,43082.2607421875,103.69454388958678,101.93659609846482,53.694543889586775,51.936596098464825,12,1841,7.95270728767e-06,
38,triangle,834,1001,833,,356121.37075849995,6958484.008435287,95072.42919921875,170.35032716825404,165.7510430351845,120.35032716825405,115.75104303518451,12,1841,7.95270728767e-06,
39,triangle,26,1116,1016,,353414.24817633705,6950249.191510066,67001.6884765625,111.13041688290083,107.98480911097023,61.13041688290084,57.984809110970225,6,1721,9.903672639407145e-06,
40,triangle,855,1075,854,,354110.33109512,6951630.928181726,52552.2197265625,109.95773260716959,109.57878938155089,59.957732607169596,59.578789381550884,65,1681,6.32455532034e-06,
41,triangle,985,1128,997,,367931.19764907804,6948830.586911167,1547927.900390625,122.15459757601076,138.70091045728074,72.15459757601076,88.70091045728076,6,1721,1.149439144788143e-05,
42,triangle,994,1124,770,,351594.5500308764,6944275.4857062325,961319.8793945312,79.9699411793332,67.75018544672237,29.969941179333205,17.750185446722373,12,1841,7.95270728767e-06,
43,triangle,997,1111,956,,368389.39109330165,6951208.249683852,1489773.8891601562,148.48874019998482,149.28072813711023,98.48874019998482,99.28072813711024,65,1681,8.909473384110715e-06,
44,triangle,997,1128,930,,367154.66710902663,6949420.3345626695,1834682.8525390625,123.40142167439646,126.79660727940234,73.40142167439646,76.79660727940234,6,1721,1.189207115e-05,
45,triangle,51,993,918,,368186.9896691142,6953940.702690897,114824.29345703125,165.2817819728498,151.44472299701934,115.28178197284981,101.44472299701935,65,1681,6.921074873517858e-06,
46,triangle,772,1104,1039,,351505.3042535302,6947662.083353971,1749765.9990234375,28.484073084577055,54.85860588845759,-21.51592691542295,4.858605888457585,16,1441,1.0067573969642858e-05,
47,triangle,774,973,773,,350919.11501890264,6951068.4983880045,1370796.7475585938,65.58155088766553,53.434574376184855,15.58155088766553,3.434574376184859,6,1721,1.3841728757869287e-05,
48,triangle,820,974,819,,361365.70280679496,6956699.411639162,49133.5947265625,138.0268733736898,135.93428942092407,88.0268733736898,85.93428942092407,65,1681,6.32455532034e-06,
49,triangle,1011,1102,961,,364924.3099737121,6958757.570216921,1332808.71875,18.704607443514828,45.93250701313525,-31.295392556485176,-4.067492986864746,12,1841,9.993284075062502e-06,
50,triangle,956,1111,1033,,368260.311172802,6952127.796600948,1012766.8325195312,145.33145193619168,141.72906930182594,95.33145193619168,91.72906930182593,6,1721,1.0301352341525715e-05,
51,triangle,877,1015,876,,358013.2282590768,6947051.388571632,56524.55224609375,101.11252610941662,104.58658336019045,51.112526109416606,54.586583360190446,12,1841,7.95270728767e-06,
52,triangle,930,946,937,,364932.8477440208,6950308.383731228,1076078.4418945312,95.54248346290899,96.36534053488111,45.54248346290898,46.36534053488111,6,1721,1.0485155484882145e-05,
53,triangle,796,1028,795,,370445.15573528764,6946937.396812651,1543647.36328125,65.20934254388516,85.90398829997775,15.209342543885151,35.90398829997774,12,1841,7.95270728767e-06,
54,triangle,969,1123,990,,367589.3801866596,6945864.564570688,1750537.9296875,40.80059199916291,61.42879888054594,-9.199408000837087,11.428798880545946,12,1841,7.95270728767e-06,
55,triangle,34,1015,878,,358063.85206510447,6946616.302210639,58420.66064453125,125.12549321306496,118.07187557106971,75.12549321306494,68.07187557106971,12,1841,7.95270728767e-06,
56,triangle,949,1086,43,,363636.5653803549,6951047.588570717,155293.6318359375,92.96041745598392,100.41896896590436,42.96041745598391,50.41896896590438,65,1681,7.0804830194575e-06,
57,triangle,837,977,16,,355171.26344041975,6957166.272100343,66640.79345703125,122.4381179549557,129.15003149686757,72.4381179549557,79.15003149686756,65,1681,6.32455532034e-06,
58,triangle,992,1011,787,,367053.8235776257,6960023.419364243,2431242.4780273438,5.101335365867877,5.101335365867877,-10048.999999999998,-3379.5991097560877,23,2151,1.2107468820178572e-05,
59,triangle,804,1107,803,,358864.3150747887,6942998.029900906,1640814.47265625,92.93496319813845,106.6130084529861,42.93496319813846,56.61300845298609,6,1721,1.1892071149999999e-05,
60,triangle,862,983,861,,354532.2838690475,6949634.897677674,71221.1826171875,124.74238004646834,125.90967033632514,74.74238004646836,75.90967033632512,65,1681,6.32455532034e-06,
61,triangle,850,972,21,,354689.8731568497,6952743.218946937,51672.0341796875,137.69038991304825,135.9116660407131,87.69038991304826,85.9116660407131,65,1681,6.32455532034e-06,
62,triangle,44,1005,902,,362956.95598780777,6951584.221375789,60820.08203125,121.71008518787721,114.28573469188551,71.71008518787721,64.28573469188551,65,1681,6.32455532034e-06,
63,triangle,11,1018,823,,360006.8217948175,6957573.585211533,52091.1162109375,128.35461379776982,130.64233766139589,78.3546137977698,80.64233766139589,12,1841,7.95270728767e-06,
64,triangle,948,1047,790,,369877.89584131626,6957712.813056971,1497546.9614257812,20.035741351204827,67.8897087891808,-29.964258648795173,17.889708789180805,49,21,2.9121400621833214e-05,
65,triangle,14,1013,832,,356808.86778473685,6958554.90734224,104727.55078125,170.79052898720695,161.4239382212172,120.79052898720697,111.42393822121726,12,1841,7.95270728767e-06,
66,triangle,996,1009,800,,365506.5890292131,6943628.985265856,2096865.6103515625,83.59874372402493,81.29593519590098,33.598743724024935,31.29593519590098,12,1841,7.603817580385e-06,
67,triangle,773,973,968,,351447.9898672653,6950426.289621874,1052740.2680664062,91.50292498390343,81.42864426111088,41.50292498390343,31.428644261110875,6,1721,1.1295551596822145e-05,
68,triangle,793,956,792,,370398.48706217826,6952572.387732438,1676478.07421875,153.3022632060585,152.4179475173206,103.30226320605853,102.41794751732061,65,1681,6.32455532034e-06,
69,triangle,16,977,836,,355286.15360278054,6957328.935848982,75770.4443359375,136.37182943011453,132.76322267293708,86.37182943011452,82.76322267293706,65,1681,6.32455532034e-06,
70,triangle,788,1119,992,,369006.7263565468,6960177.826200853,1444182.9853515625,5.888930909770677,5.888930909770677,-10049.0,-3379.0740460601533,23,2151,2.136660196625e-05,
71,triangle,969,1128,1123,,367047.21105124423,6947037.892329488,1662826.47265625,116.29239102132388,85.43211907435979,66.2923910213239,35.4321190743598,65,1681,7.037371442612857e-06,
72,triangle,803,959,802,,360855.5734325457,6943074.651728433,1855529.7294921875,135.7270027842648,125.00644745667034,85.72700278426483,75.00644745667033,6,1721,1.189207115e-05,
73,triangle,1023,1092,1012,,364128.06503623346,6947459.846536699,1470680.9946289062,68.39803662267907,76.52074800348244,18.398036622679065,26.520748003482442,6,1721,1.189207115e-05,
74,triangle,779,1037,1,,351600.0417155784,6960846.328976005,1516508.8017578125,174.71417302853314,138.65633596864788,124.71417302853314,88.65633596864785,12,1841,8.093398854181786e-06,
75,triangle,807,1124,1121,,352685.54383294174,6943343.803949381,1543027.94140625,93.01348609781942,72.05114398276888,43.013486097819424,22.051143982768878,12,1841,7.95270728767e-06,
76,triangle,54,975,53,,364347.51585155743,6956066.15169382,6381.5390625,21.86299832619119,20.06210531035494,-28.13700167380881,-29.93789468964506,12,1841,7.95270728767e-06,
77,triangle,883,998,35,,359493.10277061426,6945262.851156759,173178.84326171875,118.13275849208257,120.04037138845963,68.13275849208257,70.04037138845963,52,1561,1.0344463918370358e-05,
78,triangle,922,999,921,,367424.2785092999,6955112.0885481695,121386.310546875,170.24979064493854,167.98002951311153,120.24979064493856,117.98002951311155,65,1681,6.32455532034e-06,
79,triangle,1,1037,778,,350977.3144428511,6960213.828976005,1536446.8579101562,123.6642477692995,95.99712250373757,73.66424776929948,45.997122503737565,6,1721,1.1469996450464645e-05,
80,triangle,801,1021,996,,363523.195370526,6943611.136910112,1652721.1083984375,126.58035756173942,119.63707748579107,76.58035756173942,69.63707748579107,6,1721,1.0500192192585e-05,
81,triangle,1012,1128,969,,366131.0998597423,6947435.887551184,1955331.3193359375,89.13662956507652,82.72956862299507,39.13662956507652,32.72956862299507,6,1721,1.0500192192585e-05,
82,triangle,969,1009,996,,365817.95266557677,6944823.498435628,2187073.9204101562,99.04705003489055,87.08372842738834,49.04705003489055,37.083728427388316,12,1841,7.4293727267425005e-06,
83,triangle,803,998,959,,360289.41548582475,6943855.975466456,1429222.4658203125,124.21346448767981,108.29970448515128,74.2134644876798,58.299704485151274,6,1721,1.1892071150000002e-05,
84,triangle,803,1107,998,,359543.6116735223,6943779.353638931,1173486.5327148438,121.59139079903422,106.909295275872,71.5913907990342,56.909295275871976,6,1721,1.1892071149999999e-05,
85,triangle,1012,1092,939,,364128.0263706038,6948353.064317734,1178901.9453125,86.001428691265,76.8615239721791,36.001428691265,26.861523972179096,6,1721,1.189207115e-05,
86,triangle,935,1011,992,,366754.900132674,6958839.377247934,1866856.8515625,4.361240853822808,5.325744856039758,-45.63875914617719,-44.67425514396024,1,1,6.0048682112155e-05,
87,triangle,996,1023,969,,364935.69034158904,6945664.60735403,2112160.3999023438,110.18715810688732,91.51436588569491,60.187158106887324,41.51436588569491,65,1681,7.716434277755e-06,
88,triangle,931,1023,996,,363708.9444951983,6945504.72763881,1557122.6459960938,105.9421755453504,94.66130623212962,55.94217554535039,44.66130623212961,6,1721,1.1693231298940716e-05,
89,triangle,818,974,817,,361739.7710213857,6956562.596504877,50775.79345703125,141.63642259387967,140.11363339176918,91.63642259387969,90.1136333917692,65,1681,6.32455532034e-06,
90,triangle,935,1102,1011,,365701.4263039466,6958381.270390321,1215851.80859375,8.293644387571627,29.09686412870457,-41.706355612428375,-20.90313587129543,12,1841,2.3736427777633575e-05,
91,triangle,992,1047,948,,368920.11450268753,6958228.410758878,1584252.7060546875,10.69915919427207,35.13026508157015,-39.30084080572793,-14.86973491842985,49,21,5.442429093483928e-05,
92,triangle,777,955,776,,350983.4107421949,6956644.271907303,1553798.4501953125,111.98128148484238,50.13228981362448,61.981281484842384,0.13228981362447456,1,1,5.486202032857143e-05,
93,triangle,861,983,860,,354412.5745467758,6949791.819324964,54591.31884765625,120.0928323296937,120.61117853432056,70.09283232969372,70.61117853432056,65,1681,6.32455532034e-06,
94,triangle,807,1121,806,,353499.03703529254,6942908.819592045,1390822.8564453125,96.3700294735249,87.28744063372096,46.370029473524895,37.28744063372096,12,1841,7.822570219541072e-06,
95,triangle,930,1111,997,,367341.7758702733,6950468.318215576,1844682.3696289062,121.39053548255872,143.19403351719404,71.39053548255873,93.19403351719406,6,1721,1.189207115e-05,
96,triangle,972,1130,851,,354891.3325287111,6952533.084945661,32164.08544921875,132.6864744650655,132.35581314449598,82.68647446506549,82.35581314449597,65,1681,6.32455532034e-06,
97,triangle,805,1105,804,,356805.2767730335,6943059.380280199,1812734.9672851562,87.34831727492482,100.67599960416742,37.348317274924824,50.67599960416741,18,2041,4.7098350828296436e-06,
98,triangle,37,980,886,,360087.51884960226,6946732.261417005,53625.7333984375,120.8910445121314,117.80207375499292,70.8910445121314,67.80207375499292,12,1841,7.95270728767e-06,
99,triangle,996,1021,931,,363230.54043322615,6944645.770364664,1486564.705078125,109.8940739715226,106.74150798717284,59.8940739715226,56.74150798717283,6,1721,1.1693231298940716e-05,
100,triangle,933,1002,955,,353083.1857748872,6957179.877287932,1332036.0727539062,134.45769522507237,131.59026034259216,84.4576952250724,81.59026034259216,6,1721,1.1047921750929286e-05,
101,triangle,956,993,792,,369642.2053856488,6953154.736521918,1883889.3930664062,163.2652705212996,136.35126557891377,113.26527052129961,86.35126557891378,65,1681,6.32455532034e-06,
102,triangle,833,1001,14,,356306.113854687,6958551.179523167,95072.4296875,175.47859028980392,168.13564238923746,125.47859028980389,118.13564238923749,12,1841,7.95270728767e-06,
103,triangle,956,1122,997,,369188.4117658409,6950960.021868766,1099494.638671875,160.1444269862861,151.21186590602517,110.14442698628612,101.21186590602518,65,1681,7.716434277755e-06,
104,triangle,961,1127,1011,,364742.5238456005,6959613.540556408,1101785.12890625,12.206682112640236,25.004799914144794,-37.79331788735977,-24.995200085855206,12,1841,8.069683033966787e-06,
105,triangle,997,1063,985,,368853.233764294,6949023.275038087,1285212.3666992188,132.1043796808984,137.26261735341487,82.10437968089843,87.26261735341485,6,1721,1.189207115e-05,
106,triangle,887,980,37,,360165.98338153074,6946893.340746713,63832.43017578125,121.47426923250856,118.85689020078472,71.47426923250855,68.85689020078472,12,1841,7.95270728767e-06,
107,triangle,39,1097,893,,362276.2660001998,6948242.216879639,80636.92578125,121.62745728162528,121.19062155868401,71.62745728162528,71.19062155868401,12,1841,7.95270728767e-06,
108,triangle,773,1104,772,,350961.45655302197,6948884.313246913,1491311.3393554688,51.27228116422725,58.25813115163489,1.272281164227249,8.258131151634899,16,1441,1.0135147939285717e-05,
109,triangle,1016,1116,945,,353410.52881461126,6949913.901663386,190601.84423828125,106.01278611350334,111.71412808438099,56.01278611350334,61.714128084380974,65,1681,7.915274128814286e-06,
110,triangle,840,1002,17,,353997.1325220859,6956322.381465721,115448.4228515625,91.65316473944034,117.78965265022644,41.65316473944035,67.78965265022644,6,1721,1.189207115e-05,
111,triangle,10,984,821,,360732.6745547185,6957092.507360205,35527.35205078125,142.04315684374333,142.24897501996153,92.04315684374333,92.24897501996156,65,1681,6.906038165815001e-06,
112,triangle,990,1125,1009,,367821.7546651315,6944078.5205754405,1166859.9345703125,67.48853515861185,57.971623014613364,17.488535158611846,7.9716230146133595,12,1841,7.95270728767e-06,
113,triangle,978,1002,933,,353839.75529152696,6957361.156666738,692638.5439453125,160.2939071250979,143.76874075412545,110.29390712509789,93.76874075412543,65,1681,7.245569583386071e-06,
114,triangle,881,1000,880,,358388.3841740328,6945653.106447324,140993.41162109375,112.36911600299614,108.72639110656523,62.36911600299614,58.726391106565224,12,1841,7.0417478107675e-06,
115,triangle,26,1016,857,,353387.5757581282,6950426.660554652,60154.48876953125,110.76660845754498,110.25382513160771,60.76660845754496,60.2538251316077,6,1721,1.1096711745762857e-05,
116,triangle,892,957,891,,361497.4321892403,6947875.267157662,156234.41455078125,101.21227545461879,102.41484377793118,51.21227545461879,52.41484377793116,12,1841,8.374781987205358e-06,
117,triangle,993,1027,970,,368768.16771324934,6954449.378524021,630966.63671875,145.83907714310607,109.55568328162167,95.83907714310605,59.55568328162166,65,1681,7.444409434445358e-06,
118,triangle,783,1054,936,,360057.242594319,6960069.904178955,1530337.576171875,86.50812509334013,90.16282555527401,36.508125093340134,40.162825555274004,14,2121,9.707529612524286e-06,
119,triangle,1121,1124,994,,352787.90524798725,6944139.305298276,1154323.7744140625,76.0269975361953,63.18932436054524,26.0269975361953,13.18932436054524,12,1841,7.95270728767e-06,
120,triangle,800,1009,799,,366440.679938304,6942923.673470502,1432447.4750976562,55.919813891528825,66.99267252920548,5.919813891528831,16.992672529205475,12,1841,7.95270728767e-06,
121,triangle,959,1030,941,,360845.0919486286,6945417.419551875,881696.3349609375,90.54634188745813,108.84980482877201,40.54634188745813,58.849804828772,52,1561,1.189207115e-05,
122,triangle,1003,1121,994,,353557.81265797856,6944918.226013258,1523557.6059570312,80.01155069762845,72.89416535427588,30.011550697628444,22.894165354275884,12,1841,7.95270728767e-06,
123,triangle,901,949,43,,363434.90669030556,6951175.920901544,120456.650390625,102.50144204508405,111.4484503513046,52.50144204508405,61.44845035130461,65,1681,6.4408518894350004e-06,
124,triangle,937,940,930,,365585.1500087741,6950837.4460185645,1082424.650390625,113.174349798757,103.02978576875877,63.174349798757014,53.02978576875876,6,1721,1.1329304883952858e-05,
125,triangle,804,1105,962,,357425.829386014,6943648.60436646,1272288.5805664062,96.4206080202785,108.26566675673674,46.420608020278486,58.26566675673673,18,2041,4.579698014700715e-06,
126,triangle,955,1110,933,,352505.8895187176,6957748.884743388,1465456.158203125,133.6658314134458,137.8206762452456,83.66583141344582,87.8206762452456,6,1721,1.1188613317441073e-05,
127,triangle,1105,1121,952,,355196.3740671759,6944449.948185768,1213731.0854492188,77.63626832144874,92.69690426549,27.636268321448732,42.69690426549002,12,1841,7.95270728767e-06,
128,triangle,787,1011,786,,366143.4230980726,6960772.821662336,1722496.3408203125,4.4510046011497435,4.4510046011497435,-10049.0,-6714.516331799617,10,2191,8.223186556964286e-06,
129,triangle,6,1066,809,,364479.9784589096,6956934.211065558,68990.7587890625,96.39884799952111,91.81376878574973,46.39884799952111,41.81376878574974,12,1841,7.95270728767e-06,
130,triangle,940,1111,930,,366471.1015180512,6951013.23012687,1536446.4697265625,110.26448523449517,125.1675803785689,60.26448523449518,75.1675803785689,6,1721,1.189207115e-05,
131,triangle,955,963,776,,351480.62353283167,6955675.993123517,1533637.3012695312,95.22335546328421,59.76325886574725,45.22335546328421,9.763258865747249,1,1,5.915901524642857e-05,
132,triangle,952,1121,1003,,354389.55695632845,6945016.972977887,1158473.6508789062,89.01026689922323,79.19247863667202,39.01026689922321,29.192478636672018,12,1841,7.95270728767e-06,
133,triangle,28,983,862,,354517.43372702244,6949426.508362186,57544.54296875,133.9144057947521,126.17962535607775,83.9144057947521,76.17962535607774,65,1681,6.4990001739825e-06,
134,triangle,974,1129,819,,361461.67087906087,6956593.210308611,30219.34375,138.48579732415027,137.0608913992289,88.48579732415028,87.06089139922892,65,1681,6.32455532034e-06,
135,triangle,964,1055,933,,354684.57986138185,6958975.17770499,1069667.4697265625,163.96856424377484,149.41449891433982,113.96856424377484,99.41449891433983,12,1841,7.95270728767e-06,
136,triangle,931,959,941,,361642.4486643344,6945423.845922987,1459147.4287109375,85.62151946259792,106.98972082051365,35.62151946259791,56.98972082051364,52,1561,1.189207115e-05,
137,triangle,839,1042,838,,354705.83672557556,6956796.224237482,60115.7900390625,126.07925101841468,115.04469810467917,76.07925101841467,65.04469810467914,65,1681,8.511793681992141e-06,
138,triangle,947,1077,1054,,360600.1220817699,6958555.487364597,779771.521484375,96.40908010397503,96.87675778451342,46.409080103975015,46.876757784513416,12,1841,7.95270728767e-06,
139,triangle,822,984,10,,360565.5711698316,6957149.368649083,48358.263671875,140.88776839542612,139.15526181919353,90.88776839542612,89.15526181919353,12,1841,7.48752101129e-06,
140,triangle,968,1104,773,,351490.3314013846,6949507.104480782,1133012.4130859375,88.88451379179828,80.56220075681645,38.884513791798284,30.562200756816452,6,1721,1.189207115e-05,
141,triangle,776,963,775,,350934.71279063675,6954726.721216217,1415191.9052734375,28.498644494910756,27.156636099623373,-21.50135550508924,-22.843363900376627,1,1,6.990150254107143e-05,
142,triangle,933,1055,979,,354590.6149283068,6958312.348061279,577412.3603515625,119.26759729904535,134.07247736050093,69.26759729904535,84.07247736050094,12,1841,7.95270728767e-06,
143,triangle,7,1083,813,,363169.17703327344,6957115.3977931505,52294.61767578125,123.54813392349261,125.68584327543267,73.54813392349261,75.68584327543266,12,1841,7.5456692958375e-06,
144,triangle,931,1021,959,,362128.1593203174,6944602.61029774,1196713.9384765625,119.14598990649537,115.59620862224232,69.14598990649537,65.59620862224232,6,1721,1.189207115e-05,
145,triangle,42,991,41,,363145.1450220719,6950019.921380687,52606.095703125,122.6672128618803,118.27533996068819,72.66721286188029,68.27533996068819,65,1681,6.32455532034e-06,
146,triangle,781,964,780,,355105.1138404044,6960889.569133185,1395338.087890625,118.88976625524283,133.3981670785677,68.88976625524283,83.39816707856771,12,1841,8.830118450097143e-06,
147,triangle,11,1078,1077,,359766.7004004096,6957958.21026352,100226.728515625,130.5983800591131,127.89340244810886,80.59838005911311,77.89340244810886,12,1841,7.95270728767e-06,
148,triangle,1004,1005,904,,363115.1612350268,6951963.3242652975,52279.060546875,109.37496027964652,114.3905622209492,59.374960279646515,64.3905622209492,65,1681,6.32455532034e-06,
149,triangle,947,1054,932,,361376.0869457533,6958662.204208572,1292794.4296875,78.84084011935457,84.25498052198334,28.84084011935457,34.254980521983335,12,1841,7.95270728767e-06,
150,triangle,933,1126,964,,354063.5898408016,6959453.419244026,1427512.4350585938,177.58309092082553,166.20678250875093,127.58309092082553,116.20678250875092,12,1841,7.95270728767e-06,
151,triangle,927,1017,926,,365914.92719332717,6956115.490658197,147873.359375,91.80479684289311,69.91536750889823,41.804796842893104,19.915367508898225,65,1681,6.32455532034e-06,
152,triangle,969,1023,1012,,365172.8342523771,6946802.726374045,1941542.126953125,90.47273515734145,75.66546370553783,40.47273515734143,25.665463705537835,6,1721,9.903672639407145e-06,
153,triangle,23,1074,852,,354787.5408393548,6952094.286097758,46377.599609375,113.65472236220073,114.83036311416713,63.65472236220073,64.83036311416713,65,1681,6.32455532034e-06,
154,triangle,962,1107,804,,358239.4131423147,6943587.253987167,884335.2001953125,93.95043771761581,112.77388825851493,43.95043771761582,62.773888258514916,18,2041,5.121355283982143e-06,
155,triangle,17,978,839,,354365.5055305381,6956695.5442201765,93262.7333984375,94.94486332314159,126.4710497134302,44.944863323141576,76.4710497134302,6,1721,1.0699032043644285e-05,
156,triangle,884,1030,883,,359760.1692947064,6945660.866476717,113371.4072265625,101.77910487251665,111.64931322533322,51.779104872516676,61.64931322533321,52,1561,1.0766538617905715e-05,
157,triangle,784,1054,783,,360786.4961264457,6960786.1612297,1685115.2353515625,24.233553320928852,56.902187224724685,-25.766446679071144,6.902187224724681,17,2101,6.657465942726787e-06,
158,triangle,3,1117,797,,370516.12500779686,6943435.367210734,1341651.0712890625,41.85272768671909,39.053541416532475,-8.147272313280906,-10.946458583467527,6,1721,1.160956644356e-05,
159,triangle,798,1117,3,,369893.3977350697,6942802.867210734,1093915.3881835938,21.813268468877983,40.15869317674941,-28.186731531122017,-9.841306823250592,6,1721,1.175081879678e-05,
160,triangle,1000,1105,942,,357116.3461545878,6945114.810285731,889846.6337890625,87.85515398570612,92.92011117898328,37.855153985706124,42.92011117898327,12,1841,7.5622960832832155e-06,
161,triangle,994,1039,1003,,352908.30514137604,6945729.67652827,1440321.4614257812,98.32390467066756,75.16350288626005,48.32390467066754,25.16350288626005,12,1841,8.040794196860358e-06,
162,triangle,959,1021,802,,361798.0869848899,6943567.976843189,1326459.6987304688,130.05392675649318,135.7751111767619,80.0539267564932,85.77511117676188,6,1721,1.189207115e-05,
163,triangle,802,1021,801,,362589.10446143505,6942905.825114757,1382431.5146484375,143.3762188143715,134.32472254595987,93.3762188143715,84.32472254595989,6,1721,1.1693231298940716e-05,
164,triangle,920,1027,919,,367867.0886334302,6954547.411110806,75714.6728515625,163.76240293864785,162.80834194656796,113.76240293864787,112.80834194656796,65,1681,6.32455532034e-06,
165,triangle,789,1119,2,,370587.23496790277,6960294.728498946,1139254.34765625,5.090000152587891,24.46209839379408,-9460.553320835532,-3366.6919344041376,23,2151,2.3780097110714285e-05,
166,triangle,850,1130,972,,354825.15401740925,6952651.073101026,31660.6201171875,136.74108033654045,135.16677787347632,86.74108033654048,85.16677787347629,65,1681,6.32455532034e-06,
167,triangle,2,1119,788,,369964.5076951755,6960927.228498946,1289806.2749023438,6.026195688955342,6.026195688955342,-10049.0,-6713.991268103681,23,2151,4.472135955e-06,
168,triangle,916,995,49,,367067.44087683334,6953574.989773829,54363.1962890625,163.81434715258888,161.77080407818474,113.8143471525889,111.77080407818475,65,1681,6.32455532034e-06,
169,triangle,49,995,915,,366879.9408768334,6953537.489773829,56848.73974609375,165.68096419170502,162.59676983462,115.68096419170502,112.59676983462003,65,1681,6.32455532034e-06,
170,triangle,818,1129,974,,361586.3602839245,6956547.605263849,30199.25732421875,140.28208199054615,137.7978277340603,90.28208199054617,87.79782773406032,65,1681,6.32455532034e-06,
171,triangle,942,1105,986,,356419.66679397534,6945334.561093498,796210.08984375,84.24481107459876,83.8409128211821,34.24481107459875,33.84091282118209,12,1841,7.95270728767e-06,
172,triangle,1033,1111,944,,367571.3625077279,6952316.8651598245,541957.4868164062,158.5551769828595,146.49791633008508,108.5551769828595,96.49791633008506,6,1721,1.189207115e-05,
173,triangle,41,1073,1072,,363317.17800561065,6949674.189591344,76681.80029296875,114.6259011907867,113.36140162212801,64.6259011907867,63.36140162212801,65,1681,6.32455532034e-06,
174,triangle,876,1015,1014,,357859.8504121886,6947087.886469281,48559.982421875,97.29642524712852,99.88215737787435,47.29642524712852,49.88215737787434,12,1841,7.95270728767e-06,
175,triangle,778,1110,777,,350897.45113220345,6958445.184257224,1309135.91015625,122.70968852894383,71.43023681005859,72.70968852894381,21.430236810058574,6,1721,2.4783055903571428e-05,
176,triangle,962,1105,1000,,357437.9257334387,6944569.33199883,719822.7646484375,115.03558277642362,104.39890364639162,65.03558277642364,54.398903646391624,18,2041,4.699280584446786e-06,
177,triangle,1039,1104,934,,352532.1550287975,6947487.768042716,1638070.5327148438,67.24477784250382,68.15525442161616,17.244777842503826,18.155254421616156,16,1441,8.623649274062142e-06,
178,triangle,899,991,42,,363137.3521070091,6950202.667625551,48396.287109375,123.73894201244991,118.817094698719,73.73894201244991,68.817094698719,65,1681,6.32455532034e-06,
179,triangle,832,1013,831,,357025.9596552172,6958513.156097277,104727.55126953125,175.64442304354077,161.05586574413653,125.64442304354077,111.05586574413655,12,1841,7.836410718575001e-06,
180,triangle,841,1137,840,,354001.7723244666,6955842.180269557,66916.52734375,100.48946482965421,108.22915504761056,50.48946482965421,58.22915504761057,6,1721,1.189207115e-05,
181,triangle,53,975,929,,364464.9731381484,6956046.108823466,32848.03271484375,32.2292518564633,27.548437729778794,-17.770748143536704,-22.451562270221206,12,1841,7.95270728767e-06,
182,triangle,831,1060,830,,357449.5452710362,6958379.286831672,79129.97119140625,175.11269465346297,166.46034353666883,125.11269465346297,116.4603435366688,65,1681,6.4990001739825e-06,
183,triangle,1009,1125,799,,367391.31139894365,6943266.404768198,1043804.6005859375,59.898060205176385,68.5693463928024,9.898060205176384,18.569346392802412,12,1841,7.95270728767e-06,
184,triangle,857,1016,25,,353336.42111814074,6950603.58695509,60154.48974609375,113.03691267068389,112.2784187561687,63.03691267068388,62.27841875616869,6,1721,1.189207115e-05,
185,triangle,991,1073,41,,363345.93021728937,6949886.593379043,72482.02392578125,113.79260967922457,113.70921017374535,63.79260967922457,63.70921017374534,65,1681,6.32455532034e-06,
186,triangle,782,967,781,,356939.0201872198,6960937.340965725,1261468.384765625,124.97666886248867,107.1096738951432,74.97666886248867,57.109673895143196,14,2121,1e-05,
187,triangle,777,1110,955,,351443.3618743985,6957496.956164527,1194392.001953125,136.7621481956469,95.51352601078838,86.76214819564687,45.51352601078836,6,1721,1.833756352678572e-05,
188,triangle,770,1124,0,,350869.4613431037,6943479.9843573375,1229469.97265625,70.88557476334542,57.98624790933723,20.88557476334542,7.98624790933723,12,1841,1.710946338943143e-05,
189,triangle,1011,1127,786,,365195.8363480594,6960421.2828461155,1116474.7045898438,5.760795980732816,9.366453626379402,-1759.4829472702318,-3376.7556975824136,10,2191,9.012881420535715e-06,
190,triangle,51,1027,993,,368323.9102999428,6954159.4486127,233262.87451171875,153.9247950104942,142.3970830337848,103.92479501049417,92.39708303378478,65,1681,6.523395171399286e-06,
191,triangle,845,1138,844,,353788.9460581059,6954800.846831087,65830.990234375,119.72072817372806,110.18052123783464,69.72072817372805,60.18052123783465,6,1721,1.189207115e-05,
192,triangle,843,1138,842,,353874.76873572095,6955216.233066809,65830.990234375,105.59956867481365,105.11390006763925,55.59956867481365,55.11390006763924,6,1721,1.189207115e-05,
193,triangle,971,1023,931,,363059.73042375216,6946283.587609409,1011569.7583007812,73.56837073274944,87.37498144462636,23.568370732749447,37.374981444626364,6,1721,1.189207115e-05,
194,triangle,0,1124,807,,351492.188615831,6942847.4843573375,1218944.8012695312,66.39392198148175,60.344006309994164,16.393921981481743,10.344006309994162,12,1841,7.95270728767e-06,
195,triangle,1071,1072,965,,363052.6979681858,6949284.155114423,81146.4521484375,96.81651895176232,98.54618984584873,46.81651895176231,48.54618984584872,65,1681,6.4990001739825e-06,
196,triangle,835,1051,15,,355531.22090399615,6957970.516553906,53988.2099609375,158.62947293765748,158.13037662736795,108.6294729376575,108.13037662736797,12,1841,7.2549278731e-06,
197,triangle,1004,1029,1005,,363300.8529922925,6951944.380600356,55575.05322265625,104.39703924415718,107.11073273655605,54.397039244157185,57.11073273655604,65,1681,6.32455532034e-06,
198,triangle,782,982,967,,357659.53554761875,6960371.707580231,1085094.0327148438,88.25996141764084,108.37362042588411,38.25996141764083,58.37362042588412,12,1841,8.318295272014644e-06,
199,triangle,1072,1073,939,,363623.9217525594,6949446.541662061,153902.978515625,110.66729992367027,100.63140872797919,60.66729992367027,50.63140872797919,65,1681,6.3827036048875e-06,
200,triangle,945,983,28,,354139.73625645664,6949353.594141889,152726.7158203125,118.89890124312927,122.3857567989304,68.89890124312927,72.38575679893039,65,1681,6.32455532034e-06,
201,triangle,50,1033,1032,,367676.665243701,6953210.506097826,150557.244140625,153.13667813087645,155.37354755241722,103.13667813087643,105.37354755241724,6,1721,1.0301352341525715e-05,
202,triangle,912,1008,47,,365237.68008439103,6953144.241538492,38656.34765625,160.49734181114076,155.15804793345114,110.49734181114076,105.15804793345113,65,1681,6.32455532034e-06,
203,triangle,50,1032,916,,367396.9199541038,6953477.762881038,60637.78076171875,171.82059782709996,167.25094140192164,121.82059782709996,117.25094140192165,65,1681,6.32455532034e-06,
204,triangle,1123,1128,985,,367743.9316122636,6947716.087772376,1040066.0805664062,136.8408004255786,109.4544278535829,86.84080042557862,59.4544278535829,65,1681,7.318754575636428e-06,
205,triangle,46,1046,909,,364697.3821930078,6952434.6369920885,33862.126953125,156.61959959109743,152.6761243233705,106.61959959109743,102.6761243233705,65,1681,6.32455532034e-06,
206,triangle,790,1047,789,,370566.6834508699,6958570.544792821,1197749.103515625,49.32301664129306,54.33736685962368,-0.6769833587069378,4.337366859623682,12,1841,1.129513255095893e-05,
207,triangle,9,1093,820,,361229.1544086218,6956959.858023606,37625.9833984375,137.50596198432805,135.62881726658654,87.50596198432805,85.62881726658652,65,1681,6.32455532034e-06,
208,triangle,963,1118,775,,351363.1381888494,6953808.797897995,1210675.6337890625,22.840052000912046,53.04156115154075,-27.159947999087954,3.041561151540757,6,1721,2.4783055903571428e-05,
209,triangle,22,1130,850,,354989.2453266536,6952709.318620183,20166.6103515625,140.3123423328582,140.37818042938576,90.31234233285824,90.37818042938575,65,1681,6.32455532034e-06,
210,triangle,924,1053,923,,366815.7878339845,6955518.553393778,64224.818359375,139.9068409088194,129.02948395967005,89.90684090881939,79.02948395967005,65,1681,6.32455532034e-06,
211,triangle,52,1053,925,,366527.29099757114,6955794.768042463,64224.818359375,88.76864380211542,98.6344422458328,38.76864380211542,48.634442245832794,65,1681,6.32455532034e-06,
212,triangle,780,1126,779,,353315.2665378963,6960964.421531976,1185581.2529296875,166.31208916418566,163.8145240720007,116.31208916418566,113.81452407200071,12,1841,7.95270728767e-06,
213,triangle,836,1050,835,,355427.4914362133,6957640.655268799,54356.40771484375,149.66194014773185,145.60360383018954,99.66194014773187,95.60360383018956,65,1681,6.32455532034e-06,
214,triangle,781,967,964,,356002.0885730786,6960439.41009891,1250991.8920898438,138.59654006501464,128.05632693192035,88.59654006501464,78.05632693192035,12,1841,8.610765659490359e-06,
215,triangle,795,1063,794,,370552.35570053384,6949018.131692964,1238529.4624023438,132.73706855999802,111.11548719916122,82.73706855999802,61.11548719916124,65,1681,7.716434277755e-06,
216,triangle,870,1031,869,,355663.4781048284,6946828.165224635,104242.05029296875,67.6412169897657,69.43569396845635,17.6412169897657,19.435693968456345,12,1841,7.95270728767e-06,
217,triangle,932,1106,961,,363036.31092700706,6959223.194551189,1178200.8466796875,74.65204285035944,50.55880458112432,24.652042850359436,0.5588045811243264,12,1841,8.172060078276786e-06,
218,triangle,1003,1039,934,,353210.06722887064,6946657.3598681195,1434098.8833007812,89.42795085066061,75.30288019266173,39.42795085066061,25.302880192661735,16,1441,9.06444055302536e-06,
219,triangle,793,1122,956,,370027.43608128204,6951562.587136301,1066658.9165039062,144.69868688017795,151.4069568661169,94.69868688017792,101.4069568661169,65,1681,6.32455532034e-06,
220,triangle,937,1086,949,,364127.27293337433,6951080.881982435,392505.91015625,72.70486303736072,88.4744164186806,22.704863037360724,38.4744164186806,12,1841,7.95270728767e-06,
221,triangle,964,1126,780,,354246.51674193697,6960466.490665163,1115893.2416992188,144.12216160454622,161.11723690566006,94.12216160454622,111.11723690566005,12,1841,7.95270728767e-06,
222,triangle,871,1059,870,,356139.05758873926,6946825.541001315,64716.2841796875,75.83290090385293,75.16429061005459,25.832900903852924,25.164290610054604,12,1841,7.95270728767e-06,
223,triangle,820,1093,974,,361399.7945935223,6956863.282926413,53889.921875,134.28741820666784,132.462176225446,84.28741820666784,82.46217622544602,65,1681,6.32455532034e-06,
224,triangle,29,1025,865,,355650.26987398503,6948173.194865885,34865.396484375,81.36182778560833,80.8914511320507,31.361827785608327,30.891451132050708,12,1841,7.95270728767e-06,
225,triangle,1087,1088,941,,360844.2568728433,6946818.085423746,148516.123046875,103.8244471011402,103.11230442715055,53.824447101140194,53.11230442715055,52,1561,1.161068801697643e-05,
226,triangle,817,1079,816,,362042.73196022864,6956668.102585785,42864.67431640625,148.06120174245297,146.17992376804423,98.06120174245297,96.17992376804422,65,1681,6.32455532034e-06,
227,triangle,1091,1092,39,,362782.5406040467,6948358.836079404,123007.138671875,128.26423719525172,116.12195447820893,78.2642371952517,66.12195447820893,12,1841,8.796856686740717e-06,
228,triangle,914,1049,913,,366009.490762745,6953153.158547356,77704.8212890625,152.2323769240289,148.37562026984924,102.23237692402888,98.37562026984926,65,1681,6.32455532034e-06,
229,triangle,25,1041,856,,353382.28951526457,6951055.360294948,57600.9404296875,115.82409845305482,116.82308363134273,65.82409845305482,66.82308363134274,65,1681,7.5175944266957145e-06,
230,triangle,905,1004,45,,363205.34094388183,6952245.5950783,34427.98388671875,133.7384806879444,130.2645829233018,83.73848068794439,80.26458292330179,65,1681,6.32455532034e-06,
231,triangle,853,1074,23,,354667.6227806976,6951961.935733236,46404.2080078125,110.36906784724727,113.04179211083232,60.36906784724725,63.04179211083232,65,1681,6.32455532034e-06,
232,triangle,954,1058,1057,,357075.9635000224,6946667.213391866,86120.0810546875,86.39525899265385,92.06952800944391,36.395258992653865,42.06952800944391,12,1841,7.95270728767e-06,
233,triangle,1088,1089,957,,361057.5828422263,6947321.73700998,84190.24853515625,101.75447760822395,98.66941745627999,51.75447760822393,48.66941745627998,52,1561,1.0344463918370358e-05,
234,triangle,971,1092,1023,,363241.7070539992,6947100.587487284,983630.5859375,68.82009884050778,85.08332539613626,18.82009884050778,35.083325396136274,6,1721,1.189207115e-05,
235,triangle,785,1106,784,,362637.024928317,6960956.483663507,1207825.32421875,6.127253225978337,20.060191374496632,-1251.9798648984677,-3369.626539083669,23,2151,4.784876335499643e-06,
236,triangle,47,1008,911,,365100.0856065293,6953056.790233736,26141.736328125,161.50484620582563,157.21668572496574,111.50484620582564,107.21668572496573,65,1681,6.32455532034e-06,
237,triangle,901,1005,949,,363377.78141020035,6951451.287123208,184375.5048828125,96.54466818986256,102.99713186310403,46.54466818986258,52.99713186310404,65,1681,6.3827036048875e-06,
238,triangle,45,1004,904,,363072.35056419723,6952160.275011373,29472.30810546875,129.67690958891217,126.3792127600514,79.67690958891217,76.37921276005139,65,1681,6.32455532034e-06,
239,triangle,809,1065,808,,364336.00966154,6956549.113180135,61413.32958984375,80.91118703127016,72.01026198525624,30.911187031270153,22.010261985256232,12,1841,7.95270728767e-06,
240,triangle,888,1087,887,,360374.7892836029,6947125.075542045,56609.82861328125,126.9042141630342,119.47734423411374,76.90421416303418,69.47734423411374,12,1841,7.95270728767e-06,
241,triangle,1106,1127,961,,363727.03476675414,6959797.202557579,1089092.001953125,26.4812314277998,34.33095624767177,-23.518768572200198,-15.669043752328227,14,2121,9.415059225048572e-06,
242,triangle,882,1109,881,,358744.0653611266,6945482.065894364,90907.466796875,120.70933976106336,117.8089624161063,70.70933976106338,67.8089624161063,18,2041,4.30886938006e-06,
243,triangle,915,1048,48,,366603.9025335245,6953336.061360687,59686.7158203125,161.39157420898343,159.2946577328287,111.3915742089834,109.29465773282872,65,1681,6.32455532034e-06,
244,triangle,775,1118,774,,350865.9253982126,6952879.576681781,1219405.7900390625,30.012441516073203,35.05092489360744,-19.9875584839268,-14.949075106392563,1,1,5.701051778750001e-05,
245,triangle,934,1104,945,,353032.47332228295,6948467.131387466,1301251.4360351562,106.05285842702999,82.57083056600148,56.052858427029996,32.57083056600147,65,1681,6.523395171399286e-06,
246,triangle,852,1074,972,,354723.44953011046,6952286.040578601,72935.4619140625,122.44628788347435,119.66347899370056,72.44628788347435,69.66347899370056,65,1681,6.32455532034e-06,
247,triangle,886,1094,885,,360014.6588514585,6946468.954098822,33793.0341796875,122.26460378119124,120.01486758452855,72.26460378119124,70.01486758452855,12,1841,7.95270728767e-06,
248,triangle,794,1122,793,,370616.4490191038,6950890.199403863,1056103.8544921875,164.1407943257654,149.2090110781257,114.14079432576538,99.2090110781257,65,1681,8.909473384110715e-06,
249,triangle,848,1132,847,,354379.6514046814,6953542.302244529,32495.703125,103.85018885650209,104.76480760796973,53.850188856502086,54.764807607969736,6,1721,9.704832788347857e-06,
250,triangle,863,1010,28,,354582.3588385335,6948906.4025111785,121000.92626953125,104.27614613160928,106.79647394780591,54.27614613160928,56.79647394780591,12,1841,7.95270728767e-06,
251,triangle,814,1082,7,,362866.4804015032,6956996.198755472,38227.12744140625,131.92176828372817,129.71058731905558,81.92176828372817,79.71058731905559,65,1681,6.673445027625e-06,
252,triangle,946,1086,937,,364157.7585622101,6950626.606046637,345177.373046875,71.30447990478135,86.58957644162855,21.304479904781335,36.58957644162856,12,1841,7.4293727267425005e-06,
253,triangle,930,1128,1012,,366051.28988071036,6948703.830645572,1434793.73828125,84.60245336125965,94.84757422433977,34.60245336125965,44.84757422433975,6,1721,1.189207115e-05,
254,triangle,945,1104,968,,352534.49739537825,6949264.23793259,1108862.9150390625,88.32449671412454,91.57825163802447,38.32449671412453,41.578251638024454,6,1721,9.307153086229285e-06,
255,triangle,1037,1110,778,,351437.2655750546,6959169.0132332295,1190613.865234375,83.36651234922888,96.9823582202496,33.36651234922888,46.9823582202496,6,1721,1.1469996450464645e-05,
256,triangle,1063,1122,794,,370181.3047196376,6949905.831096827,1087243.408203125,138.2626327472575,130.57783028819188,88.2626327472575,80.57783028819188,6,1721,1.189207115e-05,
257,triangle,15,1055,834,,355656.2169998271,6958324.918939904,99244.37451171875,158.39252814556116,155.89134696725944,108.39252814556116,105.89134696725944,12,1841,7.95270728767e-06,
258,triangle,799,1125,798,,368201.76782427594,6942755.231297695,960426.568359375,57.864925030952946,58.455461395596565,7.864925030952942,8.45546139559657,12,1841,9.359622952787858e-06,
259,triangle,877,1064,1015,,358079.52095299936,6946914.447881476,30225.08056640625,107.2294582299251,109.95997537354943,57.22945822992511,59.95997537354941,12,1841,7.95270728767e-06,
260,triangle,786,1127,785,,364435.3677954415,6961035.961183779,985107.63671875,14.28190265160906,14.28190265160906,-10049.0,-6711.239365782797,23,2151,5.261830818571429e-06,
261,triangle,972,1135,21,,354511.85619442066,6952699.797777328,57335.0107421875,132.77742238184373,130.52509029998998,82.77742238184373,80.52509029998997,65,1681,6.32455532034e-06,
262,triangle,813,1098,812,,363449.98029897944,6957091.868152675,30109.3134765625,126.98103193085375,129.30660632133174,76.98103193085375,79.30660632133176,12,1841,7.6619658649325e-06,
263,triangle,906,1029,905,,363498.82956298627,6952248.405424726,49732.2509765625,131.1445333091534,126.78733421423915,81.14453330915339,76.78733421423915,65,1681,6.32455532034e-06,
264,triangle,909,1045,908,,364418.16723452933,6952392.293405206,37092.41650390625,134.07374626155897,136.35974006293296,84.07374626155897,86.35974006293299,65,1681,6.32455532034e-06,
265,triangle,907,1043,906,,363798.68230462825,6952297.606667099,44591.40380859375,126.69291194809293,125.92251958385732,76.69291194809294,75.92251958385732,65,1681,6.32455532034e-06,
266,triangle,908,1044,907,,364113.2243424691,6952320.685451727,51994.4150390625,119.44411784472788,122.45041024976472,69.44411784472791,72.45041024976472,65,1681,6.3827036048875e-06,
267,triangle,889,1088,888,,360609.86166257615,6947337.615808365,63707.44384765625,113.1341190613509,110.75812835548608,63.13411906135091,60.758128355486086,12,1841,7.95270728767e-06,
268,triangle,816,1080,815,,362308.33317618974,6956773.511191871,41214.09375,136.673317354638,137.13634524683079,86.67331735463796,87.13634524683079,65,1681,6.32455532034e-06,
269,triangle,860,1114,859,,354184.515436702,6949938.223380341,34826.95703125,115.42685401793246,114.5373941871565,65.42685401793244,64.5373941871565,65,1681,6.32455532034e-06,
270,triangle,890,1089,889,,360776.0686477332,6947580.773733531,39467.8974609375,108.20087239326324,106.5376780071523,58.20087239326323,56.53767800715229,12,1841,7.95270728767e-06,
271,triangle,38,1090,890,,360978.36311433726,6947798.342163027,34656.599609375,103.17529662137487,101.78095037609296,53.17529662137486,51.78095037609296,12,1841,7.95270728767e-06,
272,triangle,829,1061,828,,358134.2936547044,6958277.6409273455,93805.81640625,169.38828111262774,163.94420748690249,119.38828111262772,113.94420748690249,12,1841,7.72011414948e-06,
273,triangle,961,987,932,,363227.0634828227,6958539.67085205,652385.3955078125,54.47560381893772,66.63826849267271,4.475603818937716,16.638268492672715,12,1841,7.95270728767e-06,
274,triangle,815,1081,814,,362572.9599882799,6956905.894942142,50768.07177734375,125.50012018776928,126.7633789165546,75.50012018776928,76.76337891655459,65,1681,6.3827036048875e-06,
275,triangle,977,1050,836,,355234.9263499411,6957522.847749602,65063.42626953125,142.37896984451692,135.5716271009518,92.37896984451692,85.57162710095179,65,1681,6.32455532034e-06,
276,triangle,955,989,963,,352289.6490648212,6955613.318253603,855783.0844726562,102.4810188364259,86.92387365117567,52.4810188364259,36.92387365117568,6,1721,1.189207115e-05,
277,triangle,900,1085,899,,363244.41596646,6950464.628363286,39883.6474609375,125.83118020967022,119.13695219123774,75.83118020967022,69.13695219123775,65,1681,6.32455532034e-06,
278,triangle,974,1079,817,,361839.3039305385,6956708.342622877,57802.7724609375,142.26782853775802,139.91949234632725,92.26782853775802,89.91949234632723,65,1681,6.32455532034e-06,
279,triangle,774,1118,973,,351347.54041711526,6952048.075069785,1135866.0942382812,37.00861723457743,51.65416504445559,-12.991382765422575,1.6541650444555895,6,1721,1.6189066067857145e-05,
280,triangle,878,1064,33,,358257.20604831044,6946798.559114516,23709.45703125,123.3488035128854,120.63198100631854,73.3488035128854,70.63198100631855,12,1841,7.95270728767e-06,
281,triangle,1101,1102,6,,364545.65484324604,6957437.8191367425,117745.5361328125,89.10691378035999,91.43885101589467,39.10691378035999,41.43885101589465,12,1841,7.95270728767e-06,
282,triangle,785,1127,1106,,363557.61999648577,6960604.944847286,981159.7490234375,29.491555708320814,23.35568812666987,-20.50844429167919,-3367.4295412488864,14,2121,7.433491693392858e-06,
283,triangle,997,1122,1063,,369342.2804041966,6949935.765829292,1213440.9326171875,149.76202353181097,139.30940457061317,99.76202353181094,89.30940457061318,6,1721,1.189207115e-05,
284,triangle,8,1129,818,,361516.9387880767,6956394.936992865,19736.01806640625,143.00722717668373,142.7930330968062,93.00722717668374,92.79303309680624,65,1681,6.32455532034e-06,
285,triangle,926,1017,52,,366152.33645780344,6956098.378673673,112186.30615234375,82.34063649739778,71.45542279939693,32.340636497397796,21.455422799396928,65,1681,6.32455532034e-06,
286,triangle,919,1027,51,,368011.33705163695,6954409.303786464,75714.6728515625,168.5211682331111,164.2028612320003,118.52116823311108,114.2028612320003,65,1681,6.32455532034e-06,
287,triangle,6,1102,1066,,364696.6474727032,6957259.793528677,178124.2431640625,91.72471791987437,88.41664990550198,41.72471791987436,38.416649905501984,12,1841,7.95270728767e-06,
288,triangle,897,1035,896,,362597.54627715953,6949379.8016686365,33704.90869140625,105.20159918945649,106.40731701081644,55.2015991894565,56.40731701081645,65,1681,6.32455532034e-06,
289,triangle,43,1086,900,,363440.6759088969,6950757.650300003,59357.52197265625,113.16514083833309,113.11075740179365,63.16514083833307,63.11075740179367,65,1681,6.32455532034e-06,
290,triangle,990,1123,1028,,368603.85410376545,6946032.448213567,1300267.2421875,45.39479230599375,59.02620746665792,-4.605207694006264,9.02620746665792,12,1841,7.95270728767e-06,
291,triangle,1082,1083,7,,363001.5614779888,6957167.025263765,58540.3388671875,117.2449346227191,118.72468024871483,67.2449346227191,68.72468024871483,12,1841,7.8945590031225e-06,
292,triangle,821,1112,9,,360972.73600844486,6957115.88982781,30260.0478515625,138.31675986822034,135.9589737592572,88.31675986822034,85.9589737592572,65,1681,7.02233473491e-06,
293,triangle,986,1105,952,,355809.3449277864,6945094.10703386,778393.830078125,88.13253977778011,88.799864713376,38.1325397777801,38.799864713376,12,1841,7.95270728767e-06,
294,triangle,885,1095,36,,359988.5324846288,6946212.015098699,32871.8681640625,118.72688419079745,117.71525383971608,68.72688419079745,67.71525383971608,12,1841,8.9375482532525e-06,
295,triangle,875,1038,874,,357433.95713578025,6947182.144470766,38937.23828125,91.67133529967111,95.09130924932923,41.671335299671114,45.09130924932922,12,1841,7.95270728767e-06,
296,triangle,859,1115,858,,353927.8664333752,6950041.300408621,36110.0390625,112.0809396586529,110.02370650723583,62.08093965865288,60.02370650723583,65,1681,6.32455532034e-06,
297,triangle,858,1116,26,,353667.00742756296,6950155.612724736,33773.888671875,110.86331856678696,110.36520730252785,60.86331856678696,60.365207302527864,65,1681,6.32455532034e-06,
298,triangle,812,1099,811,,363705.13350232685,6957109.063603987,25651.599609375,130.10367217598963,126.92188421935539,80.10367217598963,76.92188421935538,12,1841,7.95270728767e-06,
299,triangle,874,1056,873,,357175.79932277877,6947092.0431413455,32448.072265625,91.86296438751677,91.32106321572769,41.86296438751677,41.32106321572769,12,1841,7.95270728767e-06,
300,triangle,873,1057,872,,356937.699854664,6946996.868616904,31041.59033203125,88.94332078285967,86.81141744803125,38.94332078285968,36.81141744803124,12,1841,7.95270728767e-06,
301,triangle,872,1058,31,,356697.96246089664,6946830.251198437,56468.73046875,81.29840210534013,87.7163566376474,31.298402105340134,37.71635663764741,12,1841,7.95270728767e-06,
302,triangle,1044,1045,1024,,364434.13379108673,6952068.419158365,71093.98779296875,127.69240616390448,117.36560020141367,77.69240616390448,67.3656002014137,65,1681,6.32455532034e-06,
303,triangle,811,1100,810,,363962.56916436134,6957167.00642819,37676.35205078125,125.24103711522451,118.21081660566976,75.24103711522451,68.21081660566976,12,1841,7.95270728767e-06,
304,triangle,810,1101,6,,364267.736976637,6957213.429931427,42869.31103515625,106.90781981133712,104.34998275887442,56.90781981133712,54.34998275887441,12,1841,7.95270728767e-06,
305,triangle,898,1071,897,,362816.1543329221,6949536.456340104,30484.1083984375,111.72626622725872,110.80120167225209,61.726266227258705,60.801201672252084,65,1681,6.32455532034e-06,
306,triangle,41,1072,898,,363090.97148442385,6949658.628667407,51620.0322265625,114.5634487436021,114.80400191459768,64.5634487436021,64.80400191459768,65,1681,6.32455532034e-06,
307,triangle,957,971,941,,361691.6655992561,6946853.7466407055,595033.51171875,85.39463219232343,90.85586039741435,35.39463219232344,40.85586039741435,52,1561,1.189207115e-05,
308,triangle,988,1118,963,,352221.1359941796,6953771.612120223,1048489.271484375,96.57053425897921,88.40748263963826,46.570534258979194,38.40748263963825,6,1721,1.189207115e-05,
309,triangle,849,1133,848,,354422.690051267,6953286.236204433,30281.4716796875,112.7483933892476,112.67843500519616,62.748393389247596,62.67843500519615,65,1681,6.32455532034e-06,
310,triangle,867,1062,866,,355594.9188861325,6947781.538026535,30972.20947265625,73.21998703944911,72.89555666891972,23.2199870394491,22.895556668919713,12,1841,7.95270728767e-06,
311,triangle,30,1068,868,,355320.8338775895,6947276.571290951,46224.9931640625,74.5173271199562,71.53109638250213,24.517327119956203,21.53109638250213,12,1841,7.95270728767e-06,
312,triangle,868,1067,867,,355451.69680014736,6947556.222840856,45406.0146484375,72.23053478856309,71.09294603293084,22.230534788563087,21.092946032930843,12,1841,7.95270728767e-06,
313,triangle,779,1126,1037,,352609.6264352928,6960423.250507983,1099956.0322265625,158.75844712595384,152.14904085082537,108.75844712595385,102.14904085082537,12,1841,7.95270728767e-06,
314,triangle,895,1036,894,,362413.0709371597,6948890.047936242,33196.29150390625,107.86496784754156,108.13549100809202,57.864967847541564,58.135491008092025,12,1841,7.95270728767e-06,
315,triangle,826,1040,825,,359073.18422005,6957683.058954399,32817.77197265625,163.03820324955583,162.5864853125117,113.03820324955583,112.58648531251174,12,1841,7.8945590031225e-06,
316,triangle,980,1094,886,,360155.0712968463,6946571.95350495,45183.12841796875,116.78875341114838,115.90492854271012,66.78875341114838,65.90492854271012,12,1841,8.093398854181786e-06,
317,triangle,21,1134,849,,354458.6915876185,6953034.437720389,30585.63671875,132.5208059730896,129.88601237336547,82.52080597308961,79.88601237336547,65,1681,6.32455532034e-06,
318,triangle,1015,1064,878,,358092.7154614764,6946772.639176319,30225.080078125,121.5060150255728,115.2403821014405,71.50601502557281,65.2403821014405,12,1841,7.95270728767e-06,
319,triangle,866,1025,29,,355702.51731989556,6948012.770760848,30516.26318359375,79.21272143612572,78.49407407962973,29.21272143612572,28.494074079629723,12,1841,7.95270728767e-06,
320,triangle,18,1020,845,,353603.1911504639,6954430.407532371,116869.92138671875,108.74937895476853,109.35859512814021,58.74937895476853,59.3585951281402,6,1721,1.189207115e-05,
321,triangle,32,1014,875,,357676.94054004125,6947309.050529267,29080.08154296875,97.89995128738974,97.03044422213718,47.89995128738974,47.03044422213716,12,1841,7.95270728767e-06,
322,triangle,880,1108,879,,358217.3564471782,6946064.335014887,60433.7421875,117.28186817562519,116.60939020812403,67.28186817562519,66.60939020812403,12,1841,7.95270728767e-06,
323,triangle,824,1078,11,,359590.7204415219,6957737.366962272,39667.8564453125,147.15127282788373,143.77425785611692,97.15127282788374,93.7742578561169,12,1841,7.95270728767e-06,
324,triangle,825,1076,824,,359336.51430578186,6957694.268299679,29874.5126953125,150.93657252494506,150.76402952419627,100.93657252494505,100.76402952419626,12,1841,7.95270728767e-06,
325,triangle,967,1001,964,,356044.8921576773,6959630.008499351,901531.96484375,139.00613524681174,145.06163483537253,89.00613524681174,95.06163483537252,12,1841,7.95270728767e-06,
326,triangle,36,1030,884,,359928.362252356,6945811.998451258,113371.4072265625,105.38792805201565,109.65136712581064,55.387928052015646,59.651367125810644,52,1561,1.1329304883952858e-05,
327,triangle,960,1078,1076,,359357.59307484166,6958019.157025968,56264.6640625,144.38168015727618,143.84465416494052,94.38168015727618,93.84465416494051,12,1841,7.95270728767e-06,
328,triangle,983,1114,860,,354253.1275566144,6949766.634747118,41474.38623046875,115.05046879796322,116.05333493656967,65.05046879796322,66.05333493656967,65,1681,6.32455532034e-06,
329,triangle,894,1091,39,,362512.19893815153,6948613.377420896,39145.20703125,135.24255026748074,126.76602390166317,85.24255026748074,76.76602390166319,12,1841,7.95270728767e-06,
330,triangle,933,979,978,,354262.5204468469,6957814.219354446,531633.40234375,163.10022266829455,137.68915888608808,113.10022266829455,87.68915888608808,12,1841,7.72011414948e-06,
331,triangle,1015,1038,1014,,357705.97904327995,6947002.762221106,52619.63330078125,99.45405055085871,97.68929793591116,49.454050550858696,47.68929793591115,12,1841,7.95270728767e-06,
332,triangle,784,1106,1054,,361776.9301456718,6960355.144893207,1455415.1879882812,53.86132977774546,40.766102431908884,3.861329777745455,-9.233897568091118,14,2121,8.217315169454287e-06,
333,triangle,30,1069,1068,,355047.48488749674,6947137.268902325,94609.48828125,68.25880027726745,63.63473400469443,18.258800277267447,13.634734004694423,12,1841,7.95270728767e-06,
334,triangle,13,1052,827,,358601.2703764748,6957961.108039025,34954.2529296875,173.431430891262,171.5562930841049,123.43143089126204,121.55629308410492,12,1841,7.95270728767e-06,
335,triangle,876,1014,32,,357824.34099902265,6947288.806407477,27758.38330078125,98.75592482633598,97.86227471932557,48.755924826335985,47.86227471932555,12,1841,7.95270728767e-06,
336,triangle,1022,1052,1040,,358867.7723457289,6957890.986511599,38103.80712890625,166.2599207325016,167.04472715825565,116.25992073250161,117.04472715825564,12,1841,7.95270728767e-06,
337,triangle,24,1006,855,,353739.387353061,6951506.279250649,73502.25537109375,115.32546498844576,108.36849500524043,65.32546498844576,58.368495005240426,65,1681,6.32455532034e-06,
338,triangle,887,1087,980,,360358.27266513364,6946905.916288759,68261.9580078125,118.12513184675475,115.62067839953875,68.12513184675474,65.62067839953875,12,1841,7.95270728767e-06,
339,triangle,1062,1067,1026,,355275.88384782727,6947915.578527573,68394.4033203125,65.99700371836337,68.8664206620375,15.997003718363384,18.866420662037488,12,1841,7.95270728767e-06,
340,triangle,17,1002,978,,354049.14804876613,6956700.503699317,297880.5185546875,98.2854429246822,128.5135373535745,48.2854429246822,78.51353735357448,6,1721,1.0699032043644285e-05,
341,triangle,911,1096,910,,365017.18586445786,6952842.581610714,22954.2685546875,166.08494280752967,160.63855009472414,116.08494280752967,110.63855009472412,65,1681,6.32455532034e-06,
342,triangle,941,971,931,,362095.615705797,6946245.865960508,946431.3203125,99.54058260139405,90.84869539794092,49.540582601394036,40.84869539794091,52,1561,1.1892071149999999e-05,
343,triangle,910,1103,46,,364944.8075123348,6952631.288936744,22976.720703125,168.36702014672517,160.8068104324346,118.36702014672517,110.80681043243459,65,1681,6.32455532034e-06,
344,triangle,1054,1077,936,,360133.8762314846,6959037.640512369,794194.4594726562,84.6752498530036,96.82717604173361,34.67524985300362,46.82717604173362,12,1841,8.098942481407858e-06,
345,triangle,12,1022,826,,358820.6734444738,6957641.185180946,23456.6953125,173.3026766795922,171.96584940023158,123.30267667959218,121.9658494002316,65,1681,6.6152967430775e-06,
346,triangle,19,1136,953,,353930.15516593657,6953577.369997005,66637.84130859375,102.50806724443241,106.86418201852342,52.50806724443242,56.86418201852342,6,1721,1.1693231298940716e-05,
347,triangle,945,1010,934,,353819.9038099381,6948449.146522091,698466.9399414062,100.10245169586298,95.23045693479065,50.10245169586299,45.230456934790645,65,1681,6.847889881267501e-06,
348,triangle,36,1095,1030,,360096.2074712377,6945925.714174888,93511.14501953125,104.66351451065908,110.0968448368234,54.6635145106591,60.0968448368234,52,1561,1.189207115e-05,
349,triangle,851,1130,22,,355055.4238379556,6952591.330464818,20478.13037109375,139.32144318831976,137.56721570040543,89.32144318831973,87.56721570040541,65,1681,6.32455532034e-06,
350,triangle,953,988,19,,353578.5527014044,6953588.746977441,290742.18701171875,107.67237971916887,110.03399875061318,57.672379719168866,60.03399875061317,6,1721,1.149439144788143e-05,
351,triangle,846,1136,19,,354031.020186034,6953815.151177462,32761.5302734375,110.88000169010483,109.56250823214737,60.88000169010484,59.562508232147366,6,1721,1.189207115e-05,
352,triangle,1054,1106,932,,362006.80137409345,6959429.598070595,1240880.333984375,45.32149189196269,59.19094860014359,-4.6785081080373105,9.190948600143594,12,1841,8.830118450097143e-06,
353,triangle,1028,1123,985,,368558.7677622333,6947093.041018984,992598.9643554688,64.45607277763875,99.31130444998011,14.456072777638747,49.31130444998012,12,1841,7.371224442195001e-06,
354,triangle,827,1022,12,,358695.1590140008,6957709.871747223,23028.75048828125,173.97825593456406,173.17720571136397,123.97825593456406,123.17720571136398,65,1681,6.7315933121724995e-06,
355,triangle,896,1034,40,,362367.83634535735,6949253.941643056,24035.5537109375,100.55339817594843,101.60059783639933,50.55339817594844,51.600597836399345,65,1681,6.32455532034e-06,
356,triangle,984,1112,821,,360834.73859674257,6957199.53213575,39089.66259765625,137.85897056829623,136.49924707523718,87.85897056829621,86.49924707523718,12,1841,7.778262434027501e-06,
357,triangle,980,1087,941,,360680.37859179795,6946653.810362094,142764.17822265625,97.59106336177723,105.29332487840618,47.59106336177724,55.29332487840619,52,1561,1.161068801697643e-05,
358,triangle,893,1097,892,,362040.3621891308,6948154.357062223,107509.58447265625,116.81858902015125,113.65351489880852,66.81858902015126,63.65351489880854,12,1841,8.093398854181786e-06,
359,triangle,33,1064,877,,358244.0115398334,6946940.3678196715,22347.27294921875,116.54528224290571,115.35157427842745,66.54528224290573,65.35157427842745,12,1841,7.95270728767e-06,
360,triangle,869,1031,30,,355474.63623162574,6946866.145354544,104242.05078125,74.92370693187394,70.6769146795453,24.923706931873912,20.67691467954531,12,1841,7.95270728767e-06,
361,triangle,957,1090,891,,361284.5927104321,6947702.207127226,100690.0439453125,94.37448802467578,97.98080010061248,44.37448802467577,47.98080010061248,12,1841,8.656165120228928e-06,
362,triangle,819,1129,8,,361392.2493832132,6956440.542037628,19754.76904296875,142.08603762429726,142.05609676197483,92.08603762429726,92.05609676197484,65,1681,6.32455532034e-06,
363,triangle,992,1119,1047,,369208.63708014396,6959258.370993674,1125271.4731445312,4.801826707928257,9.287321348787204,-45.19817329207174,-40.7126786512128,1,1,6.969990545797857e-05,
364,triangle,40,1034,895,,362317.8455887519,6949120.825288543,23564.67041015625,99.34400208099999,100.27392385083527,49.344002080999985,50.273923850835274,65,1681,6.32455532034e-06,
365,triangle,9,1113,1093,,361246.7585991619,6957134.715636671,42477.517578125,133.3068183618154,131.01554177992557,83.30681836181539,81.01554177992558,12,1841,7.5456692958375e-06,
366,triangle,847,1131,20,,354362.7424983397,6953799.8006524965,24367.904296875,107.18955025089434,106.49373108655772,57.18955025089433,56.493731086557716,6,1721,1.189207115e-05,
367,triangle,933,1110,1037,,352499.7932193738,6958788.441812093,1354271.7216796875,170.80012819517827,140.40384192536928,120.80012819517827,90.40384192536926,12,1841,8.656165120228928e-06,
368,triangle,1083,1098,813,,363313.21424280625,6957205.262664075,46401.78857421875,119.97191950774894,120.14300773772136,69.97191950774895,70.14300773772139,12,1841,7.95270728767e-06,
369,triangle,968,1016,945,,352890.42320903926,6949900.775443133,740587.6591796875,101.17638994779406,108.45543293440623,51.176389947794064,58.455432934406225,6,1721,1.0500192192585e-05,
370,triangle,20,1131,846,,354263.5272816035,6953874.683442261,22542.11328125,109.28589454631091,109.11899739007896,59.285894546310914,59.11899739007897,6,1721,1.189207115e-05,
371,triangle,1112,1113,9,,361098.4704174762,6957219.788002239,38420.3486328125,133.84171894874427,130.17142761533455,83.84171894874426,80.17142761533455,12,1841,7.8945590031225e-06,
372,triangle,11,1077,1018,,360002.75422291254,6957857.484765682,168128.732421875,124.03629179046831,120.31656335176763,74.03629179046831,70.31656335176761,12,1841,7.95270728767e-06,
373,triangle,1047,1119,789,,370166.4184187727,6959375.273291767,843006.3193359375,46.89674762584801,21.6694330048028,-3.103252374151989,-28.3305669951972,49,21,5.207419639281785e-05,
374,triangle,995,1048,915,,366802.39198697155,6953333.335836194,66766.48583984375,140.62766512068129,148.48299953897902,90.62766512068129,98.48299953897902,65,1681,6.32455532034e-06,
375,triangle,916,1032,995,,367220.40940755093,6953400.037356545,77466.2998046875,152.3180393564319,156.5023120126696,102.31803935643191,106.5023120126696,65,1681,6.32455532034e-06,
376,triangle,925,1053,924,,366671.53941577784,6955656.660718121,64224.81787109375,106.94457418283523,112.57833258284546,56.94457418283522,62.57833258284546,65,1681,6.32455532034e-06,
377,triangle,913,966,912,,365540.05977316276,6953069.322962181,93442.1689453125,130.72903302893008,145.66547562556528,80.72903302893006,95.66547562556529,65,1681,6.32455532034e-06,
378,triangle,1050,1051,835,,355378.7749621039,6957840.185086348,57105.98388671875,152.07208498467605,150.40903678581597,102.07208498467605,100.40903678581599,65,1681,6.7315933121724995e-06,
379,triangle,856,1041,24,,353458.4441552521,6951208.587297534,57600.94091796875,115.73752793631357,116.75057225051647,65.73752793631357,66.75057225051647,65,1681,6.32455532034e-06,
380,triangle,1001,1013,14,,356586.30725227715,6958763.04803183,249746.9921875,157.84561552826014,151.8690974262182,107.84561552826013,101.86909742621818,12,1841,7.95270728767e-06,
381,triangle,998,1107,35,,359330.62561095925,6944776.084354662,574763.1342773438,119.39497964244019,122.7536232978154,69.39497964244019,72.75362329781537,52,1561,1.1209722314206788e-05,
382,triangle,830,1060,829,,357666.63714151666,6958337.535586708,79129.97021484375,176.46213434288234,167.00554181837788,126.46213434288234,117.00554181837788,65,1681,6.673445027625e-06,
383,triangle,21,1135,1134,,354392.9305475071,6952869.10580643,44260.52099609375,139.4470802151089,131.9450506549777,89.4470802151089,81.9450506549777,65,1681,6.32455532034e-06,
384,triangle,1024,1120,940,,365215.20479242195,6951964.097539823,272412.35791015625,94.57232261452393,109.79572630750526,44.572322614523934,59.79572630750528,12,1841,7.778262434027501e-06,
385,triangle,1037,1126,933,,353049.4268068848,6959410.179086846,1275359.931640625,178.7425348281804,152.91131109103472,128.7425348281804,102.91131109103473,12,1841,7.95270728767e-06,
386,triangle,943,1081,1080,,362195.56750206783,6957157.717511977,87923.22705078125,107.64086713337089,105.87036656227845,57.64086713337088,55.870366562278434,12,1841,7.836410718575001e-06,
387,triangle,842,1137,841,,353958.8609856591,6955634.487151696,66916.52734375,110.37279567936855,107.38068472847463,60.37279567936856,57.38068472847465,6,1721,1.189207115e-05,
388,triangle,899,1085,991,,363284.33212253434,6950287.112956577,44298.8408203125,119.80510015073503,112.18135828017694,69.80510015073503,62.181358280176944,65,1681,6.32455532034e-06,
389,triangle,965,1092,1091,,362974.32104679506,6948528.088473107,184389.041015625,120.12370066728448,102.61028498906201,70.12370066728448,52.610284989062,12,1841,8.374781987205358e-06,
390,triangle,944,1111,940,,366829.76807600545,6951942.230154025,834735.2456054688,137.4491320457788,136.0231220267442,87.44913204577881,86.0231220267442,6,1721,1.189207115e-05,
391,triangle,954,1015,34,,357783.084548417,6946585.706433802,137019.86474609375,110.94478011185866,112.54722672480159,60.944780111858655,62.54722672480159,12,1841,7.95270728767e-06,
392,triangle,966,1120,1103,,365216.05294800055,6952529.8819932,65238.3955078125,122.89554530506146,125.83305030463764,72.89554530506145,75.83305030463764,12,1841,7.603817580385e-06,
393,triangle,927,1019,950,,365271.9692965739,6956368.480838428,288469.03857421875,20.37222196745094,60.11112360393091,-29.62777803254906,10.111123603930906,12,1841,7.95270728767e-06,
394,triangle,844,1138,843,,353831.8573969134,6955008.539948949,65830.9892578125,111.60258897933431,109.01444372170259,61.602588979334314,59.014443721702584,6,1721,1.189207115e-05,
395,triangle,961,1102,1007,,364335.70435281406,6958188.291180928,520820.798828125,72.04527532414927,69.5447381567052,22.04527532414928,19.544738156705197,12,1841,7.95270728767e-06,
396,triangle,809,1066,1065,,364520.7589394574,6956727.454251121,74215.44140625,87.95446247337361,77.14014630208823,37.9544624733736,27.140146302088223,12,1841,7.95270728767e-06,
397,triangle,863,1026,1010,,354765.68602575426,6948561.910781943,250013.40478515625,82.33129002210029,89.21961572761006,32.3312900221003,39.21961572761006,12,1841,7.95270728767e-06,
398,triangle,1093,1113,943,,361514.94909534836,6957260.900893883,99569.13427734375,112.07915889807855,113.61470163165285,62.07915889807856,63.61470163165285,12,1841,7.95270728767e-06,
399,triangle,31,1059,871,,356327.8994619418,6946787.560871406,64716.28466796875,83.45097833611779,79.82419720406511,33.4509783361178,29.824197204065104,12,1841,7.95270728767e-06,
400,triangle,847,1132,1131,,354301.66166997404,6953651.370663979,25207.4140625,102.7854158508783,104.24397645696308,52.78541585087827,54.243976456963075,6,1721,1.189207115e-05,
401,triangle,35,1109,882,,358885.4341077058,6945351.498940967,90907.46630859375,126.9296019948701,123.03500551746261,76.92960199487011,73.03500551746261,18,2041,4.30886938006e-06,
402,triangle,798,1125,1117,,368975.84737752733,6943145.59850843,751330.9291992188,25.824898067695194,52.34748746640965,-24.175101932304806,2.347487466409645,6,1721,1.1329304883952858e-05,
403,triangle,1134,1135,953,,354154.61807762645,6952967.97518269,81802.93408203125,128.91833093987884,119.92656556114939,78.91833093987886,69.92656556114939,65,1681,6.32455532034e-06,
404,triangle,13,1061,1052,,358556.3461416301,6958229.256436154,84265.46240234375,167.89353306338913,158.953451821513,117.89353306338913,108.953451821513,12,1841,7.95270728767e-06,
405,triangle,1003,1031,952,,354843.6310794501,6945848.002850548,822128.1958007812,71.38794330121381,74.60414055734542,21.387943301213806,24.60414055734542,12,1841,7.95270728767e-06,
406,triangle,993,1033,917,,368164.84892601304,6953426.587338652,451186.7861328125,127.81863714295216,138.17065249253304,77.81863714295216,88.17065249253305,6,1721,1.1096711745762857e-05,
407,triangle,1079,1080,816,,362135.01655980473,6956806.829075978,37953.73193359375,139.91515045778453,138.67329480125025,89.91515045778453,88.67329480125026,65,1681,6.32455532034e-06,
408,triangle,951,1069,934,,354284.34691216104,6947401.17227056,407009.2265625,71.49493841424368,61.873590061005665,21.494938414243684,11.873590061005663,12,1841,7.8945590031225e-06,
409,triangle,974,1093,943,,361634.2455266912,6957072.549306352,110625.04248046875,112.79256260494836,115.41581314283975,62.79256260494836,65.41581314283975,12,1841,7.1967795885525005e-06,
410,triangle,888,1088,1087,,360592.1509461791,6947140.191350411,71584.3125,117.88302918465178,111.3343235519208,67.88302918465178,61.33432355192079,12,1841,7.95270728767e-06,
411,triangle,957,1097,971,,362055.21789182647,6947359.70089683,480822.67431640625,95.69097415642807,94.13176585767103,45.690974156428055,44.131765857671034,52,1561,1.189207115e-05,
412,triangle,906,1043,1029,,363652.0695895068,6952168.2583569335,47749.9736328125,117.34900848176699,115.67795648550566,67.34900848176699,65.67795648550566,65,1681,6.32455532034e-06,
413,triangle,909,1046,1045,,364573.1937322675,6952336.296060066,28943.99072265625,146.3500450493376,143.27335793355743,96.35004504933761,93.27335793355745,65,1681,6.32455532034e-06,
414,triangle,908,1045,1044,,364288.00702078274,6952259.971387151,50548.853515625,122.02648830670634,123.21927094790453,72.02648830670634,73.21927094790456,65,1681,6.32455532034e-06,
415,triangle,907,1044,1043,,363967.49322993564,6952202.9115164885,54981.1865234375,109.8686351436811,114.30244367985067,59.868635143681104,64.30244367985067,65,1681,6.4990001739825e-06,
416,triangle,46,1120,1046,,364885.0787989605,6952366.726181266,48156.7109375,152.66930675173336,143.3282896892912,102.66930675173337,93.3282896892912,65,1681,6.32455532034e-06,
417,triangle,943,947,932,,361697.39595977456,6957942.304937596,698440.4077148438,91.66200261136558,85.75760116589481,41.662002611365594,35.75760116589481,12,1841,7.95270728767e-06,
418,triangle,905,1029,1004,,363357.69936781423,6952153.873635579,38902.9716796875,120.89614255285423,119.8434948629119,70.89614255285423,69.8434948629119,65,1681,6.32455532034e-06,
419,triangle,889,1089,1088,,360783.4303103094,6947385.889541897,50639.880859375,105.21954950202529,105.36706547835199,55.21954950202528,55.36706547835198,12,1841,7.95270728767e-06,
420,triangle,1035,1036,1034,,362559.4089234211,6949115.5478045,28641.82421875,96.4651549183534,100.09478671111567,46.46515491835341,50.09478671111568,65,1681,6.7315933121724995e-06,
421,triangle,890,1090,1089,,360941.93176207045,6947636.615896557,37430.578125,101.59726982873127,101.65214630554071,51.59726982873126,51.652146305540704,12,1841,7.95270728767e-06,
422,triangle,1080,1081,815,,362392.3950623181,6956932.193198443,46901.720703125,120.52096411527074,122.84415304996621,70.52096411527074,72.84415304996621,65,1681,6.4408518894350004e-06,
423,triangle,1081,1082,814,,362677.6927620937,6957042.452528152,48815.81689453125,118.57119339830835,119.46982570417067,68.57119339830835,69.46982570417067,12,1841,7.313076157647499e-06,
424,triangle,1051,1055,15,,355447.64985158894,6958274.700968062,111318.75,146.8178023683835,150.39478600253153,96.8178023683835,100.39478600253152,12,1841,7.95270728767e-06,
425,triangle,999,1027,920,,367871.05296275293,6954917.619458388,307893.966796875,166.5119817945774,159.80805002550855,116.51198179457741,109.80805002550856,65,1681,6.32455532034e-06,
426,triangle,943,1080,1079,,362029.13884140045,6957069.829467476,75618.14697265625,119.32263029249373,118.17866427240106,69.32263029249373,68.17866427240106,12,1841,7.313076157647499e-06,
427,triangle,973,1118,938,,352204.7118028083,6952246.485370285,1017996.1606445312,83.59406012882627,77.86955350710527,33.59406012882627,27.86955350710527,6,1721,1.1693231298940716e-05,
428,triangle,943,1079,974,,361824.37605398026,6957008.819092341,107941.9638671875,121.73278535768756,119.43072162770727,71.73278535768756,69.43072162770727,65,1681,7.02233473491e-06,
429,triangle,973,1016,968,,352327.87223394826,6950577.140379329,734206.765625,77.21043255151436,86.305287936748,27.210432551514362,36.305287936747995,6,1721,1.0897871894703572e-05,
430,triangle,1117,1125,990,,368783.563370988,6943957.714315672,920444.6811523438,40.42803320331586,49.952794645565454,-9.57196679668414,-0.04720535443454921,12,1841,8.374781987205358e-06,
431,triangle,1005,1029,949,,363496.8492001763,6951747.2214367585,134427.94140625,96.42494152217994,96.68636912504354,46.42494152217993,46.68636912504354,65,1681,6.3827036048875e-06,
432,triangle,1094,1095,885,,360081.4785276584,6946324.945175767,27524.64697265625,119.88538620096305,118.09097773539678,69.88538620096305,68.09097773539678,52,1561,9.922389218835e-06,
433,triangle,923,1053,999,,367180.3732088239,6955543.493430504,306767.38037109375,150.09165424131615,137.00269386160383,100.09165424131614,87.00269386160384,65,1681,6.32455532034e-06,
434,triangle,900,1086,1085,,363462.7199734876,6950589.41259877,78408.55224609375,98.27976400550997,107.19024302619603,48.27976400550996,57.19024302619604,65,1681,6.32455532034e-06,
435,triangle,934,1069,1003,,354077.76943798334,6946863.936272152,717160.4643554688,48.55705398018941,65.47510038659422,-1.442946019810584,15.47510038659422,12,1841,7.8945590031225e-06,
436,triangle,828,1061,13,,358351.38552518474,6958235.889682381,93805.81640625,169.8004102299907,162.61222214783353,119.80041022999066,112.61222214783356,12,1841,7.95270728767e-06,
437,triangle,1103,1120,46,,365007.16116463876,6952475.92041507,39302.216796875,152.32977571787893,142.6671881564496,102.32977571787893,92.66718815644963,65,1681,6.4408518894350004e-06,
438,triangle,1092,1097,39,,362622.8438921539,6948108.077006098,277446.50927734375,115.13704340866462,107.41844375998801,65.13704340866462,57.41844375998801,52,1561,1.0203772351858573e-05,
439,triangle,1107,1109,35,,358877.7378001651,6944875.014649443,298156.138671875,124.24448276307436,124.19977012663475,74.24448276307436,74.19977012663473,18,2041,4.30886938006e-06,
440,triangle,1114,1115,859,,354022.6882297821,6949910.661851685,35957.38232421875,109.04685823188241,109.22118824869146,59.04685823188241,59.221188248691476,65,1681,6.32455532034e-06,
441,triangle,1098,1099,812,,363577.8247756403,6957168.9945965195,22902.30810546875,125.51119670272126,124.50271169412268,75.51119670272126,74.50271169412268,12,1841,7.95270728767e-06,
442,triangle,940,1120,966,,365477.2838981824,6952234.695925035,253303.85546875,95.98390297643562,111.02766089966458,45.98390297643561,61.02766089966459,12,1841,8.093398854181786e-06,
443,triangle,1016,1041,25,,353227.3638462219,6950860.247852184,132956.59130859375,110.00742499637803,111.68026004910611,60.00742499637803,61.68026004910612,6,1721,1.0699032043644285e-05,
444,triangle,848,1133,1132,,354323.3769898543,6953399.573982868,29710.41455078125,106.95057152394202,107.26181131771956,56.95057152394201,57.26181131771957,65,1681,6.722235022458572e-06,
445,triangle,941,1030,981,,360618.0064660786,6946007.153080656,210673.5205078125,113.4228747710408,103.01343056428952,63.42287477104079,53.01343056428953,52,1561,1.189207115e-05,
446,triangle,896,1035,1034,,362518.30394848617,6949255.132237275,26249.1806640625,100.36264777220426,100.3737423433348,50.362647772204255,50.373742343334804,65,1681,6.32455532034e-06,
447,triangle,1115,1116,858,,353759.4490072114,6950022.597216985,38705.94140625,107.5093412438169,107.27369709261637,57.5093412438169,57.27369709261637,65,1681,6.32455532034e-06,
448,triangle,1038,1056,874,,357337.8643899976,6947056.668351017,35420.1953125,87.58295313691242,91.70640920620968,37.58295313691242,41.706409206209685,12,1841,7.95270728767e-06,
449,triangle,1056,1057,873,,357094.4110746007,6946976.382866609,25576.8662109375,85.91524024383422,86.35195711723986,35.915240243834226,36.35195711723986,12,1841,7.95270728767e-06,
450,triangle,1057,1058,872,,356869.37817843794,6946819.581293154,52524.3671875,79.10899397494295,85.75749610427675,29.108993974942944,35.757496104276754,12,1841,7.95270728767e-06,
451,triangle,965,1072,939,,363439.5234043047,6949200.884068285,222307.46435546875,99.1388406279542,93.96330282147323,49.138840627954195,43.96330282147324,12,1841,7.2549278731e-06,
452,triangle,1099,1100,811,,363819.067704803,6957214.198993641,28759.7294921875,127.58044302208894,120.34410738079839,77.58044302208896,70.34410738079838,12,1841,7.95270728767e-06,
453,triangle,897,1071,1035,,362742.04326202016,6949386.535859905,31048.89013671875,102.02273040025904,103.9863941102339,52.022730400259036,53.986394110233896,65,1681,6.32455532034e-06,
454,triangle,1100,1101,810,,364110.32524289394,6957288.631442686,55609.41845703125,112.11546118310753,107.2633824776626,62.11546118310754,57.263382477662596,12,1841,7.95270728767e-06,
455,triangle,943,1113,947,,361334.6194928275,6957512.204952058,173578.1005859375,111.86353443207064,106.09746837067382,61.86353443207063,56.09746837067382,12,1841,7.95270728767e-06,
456,triangle,1014,1038,875,,357586.2016415408,6947168.685369484,33642.578125,90.3014378665488,94.7567108449323,40.301437866548795,44.75671084493231,12,1841,7.95270728767e-06,
457,triangle,898,1072,1071,,363010.8897952537,6949514.251784258,52416.5078125,102.48547516588133,106.65689604482434,52.48547516588132,56.65689604482433,65,1681,6.32455532034e-06,
458,triangle,879,1108,34,,358075.9877005991,6946194.901968283,60433.7421875,119.67649494409392,119.17895290777285,69.67649494409393,69.17895290777285,12,1841,7.95270728767e-06,
459,triangle,966,1008,912,,365369.5141458607,6952973.456851513,55843.984375,130.0205862166591,138.1129374519205,80.02058621665908,88.11293745192047,65,1681,6.3827036048875e-06,
460,triangle,48,1049,914,,366233.30790387373,6953178.230313462,77704.8212890625,166.09243355589484,152.9692318526711,116.09243355589484,102.96923185267111,65,1681,6.3827036048875e-06,
461,triangle,868,1068,1067,,355280.3339785957,6947459.347432665,66969.150390625,70.56512705396223,68.05275545769769,20.565127053962225,18.052755457697682,12,1841,7.95270728767e-06,
462,triangle,867,1067,1062,,355442.65122018574,6947721.296401296,39183.06396484375,69.85494292713531,69.14866524659965,19.854942927135312,19.148665246599652,12,1841,7.95270728767e-06,
463,triangle,866,1062,1025,,355581.703972981,6947934.826554336,26483.494140625,75.90517299845807,74.27677709914421,25.90517299845808,24.27677709914421,12,1841,7.95270728767e-06,
464,triangle,1008,1096,911,,365121.8291928792,6952921.618109559,22289.28515625,145.44696290812283,149.6238735273624,95.44696290812281,99.62387352736243,65,1681,6.32455532034e-06,
465,triangle,1131,1136,846,,354151.4608847991,6953774.454017386,19542.54345703125,108.36333571677925,107.59362060773799,58.363335716779275,57.59362060773798,6,1721,1.189207115e-05,
466,triangle,849,1134,1133,,354364.1849397444,6953153.477225681,26932.50634765625,117.7144100773093,120.43759089938969,67.7144100773093,70.43759089938969,65,1681,6.32455532034e-06,
467,triangle,938,1118,988,,352581.0945892358,6953040.801204507,766322.2109375,96.82805289265946,96.63223484435461,46.82805289265945,46.63223484435462,6,1721,1.0897871894703572e-05,
468,triangle,1058,1059,31,,356522.5346994633,6946661.277062337,104432.9375,72.19796781328846,83.29626277089662,22.197967813288457,33.29626277089662,12,1841,7.95270728767e-06,
469,triangle,1040,1076,825,,359190.28510866995,6957767.707856417,31708.61767578125,156.42759444409364,155.61402886352388,106.42759444409367,105.61402886352387,12,1841,7.95270728767e-06,
470,triangle,1076,1078,824,,359446.8646215611,6957803.456165456,33958.8662109375,145.85116317276302,145.47468369484326,95.85116317276301,95.47468369484325,12,1841,7.95270728767e-06,
471,triangle,1034,1036,895,,362433.8101216972,6949031.611213907,25438.49658203125,100.65357725570371,102.06752454009062,50.653577255703716,52.06752454009061,12,1841,7.6619658649325e-06,
472,triangle,1036,1091,894,,362553.55706688226,6948772.401335382,50086.8408203125,117.2545632183779,117.57070923179356,67.25456321837788,67.57070923179356,12,1841,7.95270728767e-06,
473,triangle,1022,1040,826,,358935.40095594287,6957733.184436514,26645.81494140625,169.83417117921618,167.9070383727809,119.83417117921616,117.9070383727809,12,1841,7.8945590031225e-06,
474,triangle,1006,1075,855,,353907.9099891521,6951705.26483006,111573.82421875,105.37531758073459,101.33039761707363,55.3753175807346,51.33039761707363,65,1681,6.32455532034e-06,
475,triangle,1017,1053,52,,366443.591633812,6956108.0796988085,208455.326171875,64.94541737915364,67.80863300576021,14.945417379153639,17.808633005760214,65,1681,6.32455532034e-06,
476,triangle,988,1020,18,,353318.0025706584,6954160.025496741,332939.68359375,102.98184048998851,110.21202604554226,52.981840489988514,60.21202604554227,6,1721,1.189207115e-05,
477,triangle,945,1116,1115,,353670.9733832961,6949722.45869667,102190.76904296875,101.26871096686779,111.03270610662963,51.26871096686777,61.032706106629625,65,1681,6.32455532034e-06,
478,triangle,995,1032,944,,367190.29733019293,6953044.755215086,139742.0537109375,149.63898972684865,150.41179553227852,99.63898972684865,100.41179553227853,65,1681,9.10831323517e-06,
479,triangle,834,1055,1001,,355819.3170468882,6958612.940638834,291804.119140625,145.01048584488808,150.7686562564543,95.01048584488808,100.76865625645432,12,1841,7.95270728767e-06,
480,triangle,1067,1068,951,,355003.8813061547,6947556.839603677,104101.04931640625,60.27485988709054,64.92927597384717,10.274859887090546,14.929275973847176,12,1841,7.95270728767e-06,
481,triangle,970,999,948,,368681.3484925081,6955827.760787371,1336169.5375976562,129.7499365922388,108.00869856719453,79.74993659223881,58.00869856719451,65,1681,6.906038165815001e-06,
482,triangle,948,999,976,,368051.9731923735,6956493.0718050385,1120565.8271484375,130.68557652448266,122.8857346059201,80.68557652448266,72.88573460592009,65,1681,6.32455532034e-06,
483,triangle,827,1052,1022,,358714.51597331377,6957873.860388585,33186.2802734375,171.62948999648995,170.3324107279685,121.62948999648995,120.33241072796848,12,1841,7.95270728767e-06,
484,triangle,944,1048,995,,366959.7799096136,6953015.553694735,128569.0537109375,132.25117902799516,141.56651730215265,82.25117902799515,91.56651730215265,65,1681,8.719991822765357e-06,
485,triangle,979,1050,977,,355014.53266394977,6957675.672783018,80501.0322265625,120.93494724435297,124.47956817767992,70.93494724435297,74.47956817767992,65,1681,6.673445027625e-06,
486,triangle,941,1088,957,,361136.12012115744,6946951.357349784,265266.4072265625,96.0782569589032,95.83846120864384,46.0782569589032,45.83846120864383,52,1561,1.189207115e-05,
487,triangle,1068,1069,951,,354808.2881373735,6947315.766995656,150096.8984375,63.42897721726633,60.2937937004421,13.42897721726633,10.293793700442103,12,1841,7.95270728767e-06,
488,triangle,978,979,977,,354721.5735089572,6957503.978835173,181362.11572265625,106.956934150801,124.61637716324303,56.95693415080101,74.616377163243,65,1681,6.4990001739825e-06,
489,triangle,945,1115,1114,,353849.4563436774,6949645.674657732,93496.89794921875,104.42469511893867,112.69379911743165,54.424695118938686,62.69379911743166,65,1681,6.32455532034e-06,
490,triangle,937,1024,940,,365119.86645866674,6951530.27334888,514908.0068359375,79.72452321927598,100.32285806517918,29.724523219275987,50.32285806517919,12,1841,7.95270728767e-06,
491,triangle,976,1017,935,,366675.973863819,6957156.686706373,730820.201171875,99.66560250165162,46.7576249188266,49.66560250165162,-3.242375081173402,65,1681,6.32455532034e-06,
492,triangle,883,1030,998,,359861.53172562615,6945294.327524467,335503.12939453125,112.89562503368896,107.2151026140001,62.89562503368895,57.2151026140001,52,1561,1.1751379583488215e-05,
493,triangle,934,1010,951,,354184.1840432172,6947913.154141009,484756.4248046875,67.23916937997596,75.75998387829502,17.23916937997596,25.759983878295017,12,1841,7.72011414948e-06,
494,triangle,1029,1043,949,,363706.93560221855,6951876.567404191,90172.32421875,91.97663821835303,98.30975352266591,41.97663821835303,48.309753522665915,65,1681,6.3827036048875e-06,
495,triangle,808,1065,975,,364386.4736625906,6956348.332524438,46762.2197265625,43.28042611254737,48.779214495755376,-6.719573887452631,-1.2207855042446276,12,1841,7.95270728767e-06,
496,triangle,840,1137,1002,,353810.01065008884,6956109.774577745,226426.7529296875,86.44599183055799,113.39632364279055,36.445991830557986,63.39632364279055,6,1721,1.189207115e-05,
497,triangle,945,1114,983,,353995.13940832036,6949536.798879531,107427.7578125,108.97115497810893,117.55795818142688,58.97115497810892,67.55795818142688,65,1681,6.32455532034e-06,
498,triangle,1096,1103,910,,365043.60882057686,6952720.863077675,18836.44873046875,158.33145307550683,153.42497086454995,108.3314530755068,103.42497086454995,65,1681,6.32455532034e-06,
499,triangle,952,1031,986,,355448.08840407635,6945774.576218367,385866.8701171875,75.82681275980505,69.891150059769,25.826812759805055,19.891150059768997,12,1841,7.95270728767e-06,
500,triangle,865,1026,864,,355284.1924874151,6948402.766211188,100655.9716796875,79.64227371040528,80.02869422585572,29.642273710405284,30.028694225855713,12,1841,7.95270728767e-06,
501,triangle,1132,1136,1131,,354176.8511954874,6953638.397161421,20900.888671875,102.99143339404841,104.41925391826805,52.991433394048414,54.419253918268055,6,1721,1.189207115e-05,
502,triangle,1048,1049,48,,366445.03330231877,6953111.468726668,97885.52001953125,149.27413026249445,140.39526099944945,99.27413026249442,90.39526099944946,65,1681,6.4408518894350004e-06,
503,triangle,1043,1044,949,,363922.70219629613,6951898.678274598,103175.87109375,90.48491546013227,98.92919074630736,40.48491546013227,48.92919074630734,12,1841,7.371224442195001e-06,
504,triangle,1065,1066,1019,,364716.88125059736,6956571.450876751,94974.365234375,80.99131259597543,59.78567808898841,30.991312595975433,9.785678088988414,12,1841,7.95270728767e-06,
505,triangle,28,1010,945,,354165.113297123,6948999.390510891,368344.27587890625,104.76130329433802,113.98546478509394,54.76130329433803,63.98546478509393,12,1841,7.313076157647499e-06,
506,triangle,913,1049,966,,365805.59911252145,6952944.7662112145,192149.01025390625,122.60069743880342,129.98390195783395,72.60069743880342,79.98390195783395,65,1681,6.4990001739825e-06,
507,triangle,950,1017,927,,365718.4716233691,6956454.9134242395,397874.65673828125,49.86955196067606,53.25098062255214,-0.13044803932394092,3.2509806225521487,12,1841,7.836410718575001e-06,
508,triangle,892,1097,957,,361801.013344297,6947811.097991007,274302.10693359375,100.98403541931926,102.18015814807607,50.98403541931925,52.18015814807606,52,1561,9.922389218835e-06,
509,triangle,987,1070,932,,362765.8860451954,6958066.13264233,440027.46728515625,83.10815571495549,75.91224174117339,33.10815571495549,25.912241741173393,12,1841,7.95270728767e-06,
510,triangle,870,1059,1031,,355855.5811417719,6946637.217683489,237421.41796875,71.738075115397,69.12500873770277,21.738075115397,19.125008737702768,12,1841,7.95270728767e-06,
511,triangle,1084,1098,1083,,363410.0217228653,6957377.797969069,50109.8701171875,106.10977437959761,107.80757312506402,56.10977437959761,57.80757312506403,12,1841,7.95270728767e-06,
512,triangle,881,1109,1000,,358417.10487167654,6945340.779334302,245893.255859375,105.44719230229265,105.32728775490699,55.447192302292635,55.32728775490699,18,2041,4.30886938006e-06,
513,triangle,1018,1077,947,,360374.8345659937,6957905.994968724,216046.5908203125,121.46260995429554,108.44586027613002,71.46260995429556,58.44586027613001,12,1841,7.95270728767e-06,
514,triangle,929,1019,928,,364854.9524868818,6956073.275933425,78258.30224609375,33.1449345008641,51.17938751820231,-16.855065499135893,1.1793875182023175,12,1841,7.95270728767e-06,
515,triangle,1085,1086,946,,363689.09507378127,6950425.074933686,132028.9287109375,87.36001323397782,92.61361461325471,37.360013233977824,42.61361461325472,65,1681,6.32455532034e-06,
516,triangle,1013,1060,831,,357311.7293148123,6958620.196663841,192327.26220703125,163.35900257221337,149.57677163132692,113.3590025722134,99.5767716313269,12,1841,7.371224442195001e-06,
517,triangle,1007,1101,1100,,364080.4521176701,6957536.572430052,86601.49609375,92.02212847278105,93.75980876244255,42.02212847278105,43.75980876244254,12,1841,7.95270728767e-06,
518,triangle,823,1018,822,,360216.1667872963,6957417.821919392,65089.03125,129.76790474522696,126.91996082859752,79.76790474522697,76.9199608285975,12,1841,7.95270728767e-06,
519,triangle,982,1013,967,,357381.4483062063,6959553.323878287,702892.4077148438,102.05378851766488,120.71927706647845,52.053788517664884,70.71927706647845,12,1841,7.95270728767e-06,
520,triangle,1032,1033,944,,367547.73602521425,6952880.15219026,252825.158203125,157.84897776228928,147.66599628142254,107.84897776228927,97.66599628142252,6,1721,1.189207115e-05,
521,triangle,1000,1108,880,,358102.44907759666,6945727.198024732,270681.19287109375,109.19032903077684,106.18167253032448,59.19032903077684,56.181672530324484,12,1841,7.822570219541072e-06,
522,triangle,938,1041,973,,352689.53716840246,6951704.456084308,765074.5034179688,76.3979089343438,86.1142507502578,26.39790893434381,36.11425075025779,65,1681,8.114113979873571e-06,
523,triangle,953,1135,958,,354054.87463244813,6952760.302000248,146962.85400390625,121.43662280335832,110.88118440565033,71.43662280335833,60.88118440565032,65,1681,6.32455532034e-06,
524,triangle,932,1070,943,,362291.36824698426,6957859.434636686,413612.45556640625,92.53833722408355,77.91821545520405,42.53833722408356,27.918215455204045,12,1841,7.95270728767e-06,
525,triangle,954,1038,1015,,357591.78388195764,6946793.859841463,97179.2265625,104.55029391500398,102.14948179985022,54.55029391500398,52.149481799850214,12,1841,7.95270728767e-06,
526,triangle,942,1059,1058,,356664.36282797373,6946299.29671792,224328.685546875,75.17452144442265,78.71835721866154,25.17452144442266,28.71835721866154,12,1841,7.95270728767e-06,
527,triangle,1025,1026,865,,355408.99065699126,6948205.465147528,60576.81494140625,77.93860517033518,77.65484163529158,27.938605170335183,27.654841635291575,12,1841,7.95270728767e-06,
528,triangle,950,1102,935,,365559.27166185644,6957495.832976642,629393.7631835938,67.20350078806933,44.378345406273354,17.203500788069334,-5.621654593726649,12,1841,7.95270728767e-06,
529,triangle,947,1113,1112,,361019.7117277179,6957468.801102211,74650.79150390625,116.7421682837681,119.74918176332251,66.7421682837681,69.74918176332254,12,1841,7.95270728767e-06,
530,triangle,998,1030,959,,360444.8583782736,6944884.182549897,495044.4638671875,93.68651621831518,111.31876373263515,43.68651621831517,61.31876373263514,52,1561,1.189207115e-05,
531,triangle,1025,1062,1026,,355377.6806783049,6948048.102758296,53934.193359375,73.39555820689236,72.82717247862196,23.395558206892364,22.827172478621964,12,1841,7.95270728767e-06,
532,triangle,1006,1041,938,,353277.5846176921,6951880.640420306,320309.1201171875,89.21948375500193,96.74696103635462,39.21948375500194,46.74696103635463,65,1681,7.318754575636428e-06,
533,triangle,1003,1069,1031,,354698.34800294857,6946468.101048115,495349.7060546875,51.31598281680386,62.69058513625552,1.315982816803858,12.69058513625552,12,1841,7.95270728767e-06,
534,triangle,1077,1078,960,,359590.44328416325,6958167.724557754,137128.29150390625,124.1601210232156,128.0099286080122,74.1601210232156,78.00992860801222,12,1841,7.95270728767e-06,
535,triangle,854,1075,853,,354336.07350731356,6951758.724658735,52670.7646484375,111.16175212207337,108.7379344321371,61.161752122073366,58.7379344321371,65,1681,6.32455532034e-06,
536,triangle,942,1108,1000,,357581.00674870354,6945669.319252066,395613.4267578125,102.88943260766926,91.38737486574134,52.889432607669264,41.38737486574135,12,1841,7.95270728767e-06,
537,triangle,949,1044,1024,,364214.5600791336,6951824.899981051,193380.6044921875,95.22016384507177,101.2234865697305,45.22016384507177,51.22348656973052,12,1841,7.371224442195001e-06,
538,triangle,842,1138,1137,,353773.46954133897,6955419.012414559,134646.86376953125,103.52005704117177,104.06377187560274,53.520057041171754,54.06377187560275,6,1721,1.189207115e-05,
539,triangle,938,988,953,,353286.99969853857,6953127.736876383,494148.76220703125,91.57081631210274,102.62307729338556,41.570816312102735,52.62307729338556,65,1681,8.114113979873571e-06,
540,triangle,1031,1069,30,,355144.1222272495,6946826.838953192,260548.39599609375,73.62158895491199,62.430015114919286,23.621588954911992,12.43001511491928,12,1841,7.95270728767e-06,
541,triangle,942,1058,954,,357046.3759109916,6946315.902952733,216602.294921875,96.56575910807435,89.45048299057947,46.56575910807433,39.45048299057948,12,1841,7.95270728767e-06,
542,triangle,978,1042,839,,354548.257770371,6956943.95604797,144264.0576171875,92.93806114303645,120.1558544767219,42.93806114303644,70.1558544767219,65,1681,6.921074873517858e-06,
543,triangle,34,1108,954,,357774.25492664264,6946316.348951868,145267.4658203125,122.65509056013198,114.6789742559932,72.65509056013198,64.6789742559932,12,1841,7.95270728767e-06,
544,triangle,1020,1138,845,,353525.0780531625,6954734.165589887,201422.28759765625,114.6830719059053,106.54866350006826,64.6830719059053,56.54866350006827,6,1721,1.189207115e-05,
545,triangle,955,1002,989,,352829.6836625575,6956232.773839154,799777.3291015625,106.09838510897889,106.87805774115857,56.0983851089789,56.878057741158564,6,1721,1.189207115e-05,
546,triangle,960,1061,936,,359039.50883697433,6958705.1917049475,408895.98193359375,120.45165183079033,128.71131727190337,70.45165183079034,78.71131727190335,12,1841,7.95270728767e-06,
547,triangle,935,1017,950,,365985.22728599794,6957100.679724966,560088.6826171875,86.13615101385969,23.560853092042535,36.136151013859696,-26.439146907957465,12,1841,7.48752101129e-06,
548,triangle,936,1061,982,,358703.18752036034,6959176.964426778,628473.2358398438,99.79014062103457,114.96114690667287,49.790140621034574,64.96114690667288,12,1841,7.95270728767e-06,
549,triangle,940,1049,944,,366405.62097269733,6952393.448733829,588940.7211914062,110.53759472284571,122.87579655220482,60.53759472284571,72.87579655220482,6,1721,1.0766538617905715e-05,
550,triangle,981,1094,980,,360326.19044543727,6946418.251425203,55989.427734375,116.5216822257556,114.13877465316973,66.52168222575563,64.13877465316973,52,1561,1.189207115e-05,
551,triangle,986,1059,942,,356345.14788097376,6946050.386184595,364159.298828125,60.6921756285393,69.89830830669078,10.69217562853931,19.898308306690776,12,1841,7.95270728767e-06,
552,triangle,967,1013,1001,,356703.73653040593,6959309.555664222,497301.08447265625,128.65327548810268,136.4606384391897,78.65327548810266,86.46063843918971,12,1841,7.95270728767e-06,
553,triangle,991,1085,946,,363552.35253980634,6950207.002968915,77047.3681640625,94.81575965950123,97.93983795023127,44.815759659501225,47.939837950231265,65,1681,6.32455532034e-06,
554,triangle,1019,1066,950,,365002.22997822723,6956700.012341405,178438.2041015625,66.50839226563355,56.74130531677381,16.508392265633546,6.741305316773818,12,1841,7.95270728767e-06,
555,triangle,999,1053,976,,367355.87636751257,6956153.466048638,674443.22265625,145.17718379196825,124.81680554748012,95.17718379196823,74.8168055474801,65,1681,6.32455532034e-06,
556,triangle,1066,1102,950,,365022.77668088087,6957181.598178893,273098.169921875,78.22504157088653,70.69865464962588,28.225041570886546,20.698654649625876,12,1841,7.95270728767e-06,
557,triangle,987,1083,1070,,363042.8147994589,6957653.219696388,190470.8388671875,89.12757057883363,89.73448189808074,39.12757057883363,39.73448189808076,12,1841,7.95270728767e-06,
558,triangle,837,1042,977,,354979.26941514434,6957162.626206244,66213.7939453125,116.68462126272605,117.6845603660427,66.68462126272605,67.6845603660427,65,1681,6.32455532034e-06,
559,triangle,838,1042,837,,354917.74792275386,6956938.757622275,59552.4970703125,127.60910467670959,118.48647162398844,77.60910467670958,68.48647162398844,65,1681,6.32455532034e-06,
560,triangle,954,1057,1056,,357216.72840761207,6946789.018175502,46935.26904296875,88.62378310292848,91.48492424533568,38.62378310292847,41.48492424533566,12,1841,7.95270728767e-06,
561,triangle,1060,1061,829,,357985.87957333867,6958468.183983836,188051.92041015625,162.69768503579223,152.65832993696654,112.69768503579225,102.65832993696654,12,1841,7.836410718575001e-06,
562,triangle,1007,1102,1101,,364425.3330726158,6957675.7821646435,179535.54150390625,84.44862212054262,82.05160562601971,34.44862212054263,32.0516056260197,12,1841,7.95270728767e-06,
563,triangle,954,1056,1038,,357375.913734436,6946834.306870093,57700.6943359375,93.62821798295185,95.83199466575184,43.62821798295185,45.831994665751836,12,1841,7.95270728767e-06,
564,triangle,953,958,938,,353617.9081585388,6952701.645314994,388111.67724609375,96.51807751395194,99.42718382070308,46.51807751395194,49.42718382070308,65,1681,6.722235022458572e-06,
565,triangle,944,1049,1048,,366691.1040838321,6952856.114819101,189223.98291015625,117.91029344552612,132.62468092385708,67.91029344552611,82.62468092385708,12,1841,9.243326383692858e-06,
566,triangle,977,1042,978,,354716.23360665556,6957239.42678493,77643.97802734375,129.54816623755386,121.84755748637265,79.54816623755386,71.84755748637265,65,1681,6.32455532034e-06,
567,triangle,973,1041,1016,,352712.2481493925,6951024.396541263,556260.3359375,99.02822119531601,91.23484040029764,49.02822119531601,41.234840400297635,65,1681,7.915274128814286e-06,
568,triangle,975,1019,929,,364658.19523648213,6956156.989861927,59857.796875,19.079544532265256,31.838403522059153,-30.920455467734747,-18.161596477940847,12,1841,7.95270728767e-06,
569,triangle,946,1073,991,,363606.1577194985,6949989.229636244,108869.3046875,98.3527189058363,100.0094445818305,48.35271890583629,50.0094445818305,65,1681,6.32455532034e-06,
570,triangle,972,1074,958,,354407.3557954409,6952356.096572774,120345.68701171875,115.55142967115334,114.54539493352183,65.55142967115333,64.54539493352183,65,1681,6.32455532034e-06,
571,triangle,939,1092,965,,363415.1480946574,6948702.314573613,534250.560546875,78.73247791183519,87.49793082596649,28.7324779118352,37.4979308259665,12,1841,8.9375482532525e-06,
572,triangle,1089,1090,957,,361146.0842939874,6947502.463364642,71436.8056640625,96.09178846980845,97.30116525813685,46.091788469808456,47.30116525813685,12,1841,9.218931386276073e-06,
573,triangle,989,1020,963,,352644.51237222244,6954934.407921888,532950.4399414062,100.67049780591495,87.79868495652197,50.67049780591495,37.79868495652196,6,1721,1.189207115e-05,
574,triangle,24,1041,1006,,353493.2985877187,6951472.306821316,134191.55126953125,115.62379669709044,106.22972116228932,65.62379669709044,56.22972116228934,65,1681,6.32455532034e-06,
575,triangle,975,1065,1019,,364620.29404188,6956335.855516285,65018.919921875,34.13672834449869,37.394926940448414,-15.863271655501308,-12.605073059551584,12,1841,7.95270728767e-06,
576,triangle,962,1109,1107,,358465.82193025417,6944467.508019972,440609.2099609375,111.9444759312937,114.51632191022019,61.944475931293695,64.51632191022017,18,2041,4.30886938006e-06,
577,triangle,941,981,980,,360650.7439248575,6946396.453410595,182057.8359375,99.39202389584545,106.52190052536378,49.392023895845455,56.5219005253638,52,1561,1.189207115e-05,
578,triangle,1045,1046,1024,,364619.6634562201,6952132.201542132,48048.08447265625,141.1347422710043,131.8635693372208,91.13474227100428,81.86356933722084,65,1681,6.32455532034e-06,
579,triangle,956,1033,993,,368674.10114970803,6952839.21817148,716819.0229492188,105.80699601613274,126.45784881169531,55.80699601613274,76.4578488116953,6,1721,9.704832788347857e-06,
580,triangle,936,1077,960,,359559.8986002337,6958601.573175345,381434.0380859375,111.27159036851427,117.29562021744675,61.27159036851427,67.29562021744677,12,1841,7.95270728767e-06,
581,triangle,822,1018,984,,360435.9464471678,6957370.204149577,77184.904296875,127.4769547267105,129.8203023295256,77.4769547267105,79.82030232952557,12,1841,7.95270728767e-06,
582,triangle,963,1020,988,,352693.4846455631,6954327.39701403,563587.9360351562,81.87890839349804,95.9319917755393,31.87890839349804,45.9319917755393,6,1721,1.189207115e-05,
583,triangle,1070,1081,943,,362335.3781271986,6957359.425033095,150113.56787109375,95.55891616388172,92.02743339602235,45.558916163881705,42.02743339602235,12,1841,7.95270728767e-06,
584,triangle,1046,1120,1024,,364831.89147656184,6952150.089374184,80693.98046875,120.82215275300337,125.2622172453199,70.82215275300335,75.2622172453199,65,1681,6.32455532034e-06,
585,triangle,1052,1061,960,,358805.08902538364,6958313.770730388,155233.88037109375,154.5168161181484,148.4421731635097,104.51681611814841,98.44217316350971,12,1841,7.95270728767e-06,
586,triangle,976,1053,1017,,366835.4674198106,6956510.891330431,555437.45703125,95.14584692884897,74.61551687736015,45.14584692884897,24.615516877360154,65,1681,6.32455532034e-06,
587,triangle,961,1007,987,,363791.7824588483,6958281.260301004,398997.2802734375,73.04676602911024,70.74568528597034,23.046766029110238,20.745685285970335,12,1841,7.95270728767e-06,
588,triangle,953,1136,1132,,354042.01661567873,6953453.686273593,50724.2275390625,99.02065671790719,103.43159917715424,49.02065671790719,53.43159917715425,6,1721,1.0301352341525715e-05,
589,triangle,987,1084,1083,,363361.7750676015,6957645.203261393,132789.45947265625,95.4592388473448,94.90123500187515,45.45923884734481,44.90123500187514,12,1841,7.95270728767e-06,
590,triangle,947,1112,984,,360830.37056245795,6957460.66691981,68157.306640625,129.69098116130587,125.25720763162992,79.69098116130587,75.25720763162992,12,1841,7.95270728767e-06,
591,triangle,1030,1095,981,,360284.25568368565,6945954.170754557,108119.41943359375,111.73222787960258,110.36207779049853,61.732227879602576,60.362077790498525,52,1561,1.189207115e-05,
592,triangle,982,1060,1013,,357658.3346229128,6959092.981189977,390673.12841796875,99.9569499170556,124.52853555073325,49.9569499170556,74.52853555073325,12,1841,7.95270728767e-06,
593,triangle,949,1024,937,,364437.0785650777,6951455.486997341,415049.1953125,74.99515772313205,95.54325280835359,24.995157723132046,45.54325280835358,12,1841,7.313076157647499e-06,
594,triangle,853,1075,1074,,354437.36410584144,6951935.164680827,71543.38037109375,103.33751724113276,108.017510205103,53.33751724113276,58.01751020510299,65,1681,6.32455532034e-06,
595,triangle,1000,1109,962,,358146.55774834467,6944802.705751435,322303.19775390625,104.45121163289036,100.86988263984874,54.451211632890356,50.86988263984873,18,2041,4.30886938006e-06,
596,triangle,1026,1067,951,,355008.47675534786,6947847.997138145,156144.8671875,68.33863706958752,67.68722196451817,18.33863706958753,17.687221964518173,12,1841,7.95270728767e-06,
597,triangle,1070,1083,1082,,362869.85733531177,6957357.554963219,87979.71826171875,92.13672634867365,101.42068888741524,42.13672634867365,51.42068888741525,12,1841,7.95270728767e-06,
598,triangle,1010,1026,951,,354712.72071762284,6948118.906400573,259618.87353515625,73.73190418400435,76.93813350840246,23.731904184004353,26.938133508402455,12,1841,7.95270728767e-06,
599,triangle,958,1006,938,,353553.24011921574,6952244.81568534,302340.55615234375,77.4652419219913,94.71536687304798,27.4652419219913,44.715366873048005,65,1681,6.921074873517858e-06,
600,triangle,1001,1055,964,,355533.03761984315,6959178.847526568,540698.916015625,149.39061400207504,144.716624966667,99.39061400207503,94.716624966667,12,1841,7.95270728767e-06,
601,triangle,1070,1082,1081,,362636.93846126256,6957270.458305568,68525.3603515625,93.58810055134519,101.7076666713262,43.588100551345185,51.707666671326194,12,1841,7.95270728767e-06,
602,triangle,966,1049,940,,365843.7499703961,6952427.874422201,389240.51171875,93.53045594009482,110.54526179260925,43.53045594009484,60.545261792609246,12,1841,8.093398854181786e-06,
603,triangle,1133,1134,953,,354138.6165475461,6953165.090679623,50968.46240234375,113.83976000351788,115.49700768775908,63.83976000351789,65.49700768775908,65,1681,6.32455532034e-06,
604,triangle,958,1135,972,,354328.119482355,6952533.87746077,68272.25634765625,118.74609849654358,118.7288658369766,68.74609849654357,68.7288658369766,65,1681,6.32455532034e-06,
605,triangle,958,1075,1006,,353937.4767253333,6952035.4676657645,142044.4619140625,90.43311166210685,97.1600296108159,40.433111662106846,47.16002961081591,65,1681,6.32455532034e-06,
606,triangle,971,1097,1092,,362641.14462861436,6947568.820094507,488107.947265625,96.25814728019552,91.8329448097075,46.25814728019551,41.832944809707506,6,1721,1.189207115e-05,
607,triangle,989,1138,1020,,353190.9172000163,6955070.794462115,259686.73681640625,107.38675182036378,99.26878759845299,57.38675182036377,49.26878759845298,6,1721,1.189207115e-05,
608,triangle,970,1027,999,,368459.5587942661,6955069.442045365,561462.2749023438,131.87255117615302,128.3611695587778,81.87255117615302,78.36116955877777,65,1681,7.0804830194575e-06,
609,triangle,979,1051,1050,,355124.64171309496,6957884.928997039,80219.1142578125,138.53634734195205,134.64826281903436,88.53634734195207,84.64826281903436,12,1841,7.72011414948e-06,
610,triangle,960,1076,1040,,359187.9991314776,6957989.595283206,57503.7314453125,152.8932149040997,151.64718562192618,102.89321490409972,101.6471856219262,12,1841,7.95270728767e-06,
611,triangle,979,1055,1051,,355159.77703956235,6958211.363756026,164582.7822265625,140.69163908911503,131.1683902790103,90.69163908911503,81.1683902790103,12,1841,7.95270728767e-06,
612,triangle,1132,1133,953,,354110.5526753383,6953323.931514491,54368.8369140625,105.85454070348473,105.75332542559909,55.854540703484716,55.75332542559909,65,1681,6.722235022458572e-06,
613,triangle,1040,1052,960,,359003.26963264355,6958062.748456273,79505.48388671875,155.93498074035918,157.75733085638876,105.9349807403592,107.75733085638876,12,1841,7.95270728767e-06,
614,triangle,1084,1100,1099,,363734.9778940492,6957366.778379706,38166.47216796875,107.30877962949718,111.33053213577178,57.30877962949719,61.33053213577179,12,1841,7.95270728767e-06,
615,triangle,1002,1137,989,,353368.57144992385,6955927.17065532,353977.72509765625,97.73412588062111,106.56771983756157,47.7341258806211,56.56771983756158,6,1721,1.189207115e-05,
616,triangle,1035,1071,965,,362858.7109929624,6949206.809548208,54021.40234375,93.28106953049362,95.94713470377059,43.28106953049362,45.94713470377059,65,1681,6.789741596720001e-06,
617,triangle,966,1103,1096,,365226.81469664123,6952699.909234102,33815.064453125,130.86838965461482,134.45532921846697,80.86838965461484,84.45532921846699,65,1681,6.673445027625e-06,
618,triangle,965,1091,1036,,362770.20631103544,6948858.907732713,77530.13671875,106.91618608019965,109.49705802481049,56.91618608019965,59.497058024810485,12,1841,7.95270728767e-06,
619,triangle,1007,1100,1084,,363848.6062283837,6957567.5268016225,88375.0869140625,90.93553210020602,95.6936676454231,40.93553210020602,45.69366764542311,12,1841,7.95270728767e-06,
620,triangle,1074,1075,958,,354241.18842982914,6952137.571039521,128303.92578125,101.64152411682811,104.68799714825906,51.641524116828116,54.687997148259065,65,1681,6.32455532034e-06,
621,triangle,1084,1099,1098,,363584.183610293,6957331.5519420495,31495.47900390625,112.88673282636239,113.72961425180296,62.88673282636239,63.729614251802964,12,1841,7.95270728767e-06,
622,triangle,966,1096,1008,,365279.34916164627,6952825.748844284,36945.767578125,129.37002803455647,131.5360418050738,79.37002803455646,81.53604180507381,65,1681,6.32455532034e-06,
623,triangle,965,1036,1035,,362755.31898303685,6949060.490924164,59606.84521484375,95.26756748479207,98.08910197213402,45.26756748479207,48.08910197213402,12,1841,7.778262434027501e-06,
624,triangle,1031,1059,986,,355825.4223688946,6946243.033276138,266404.001953125,63.54489870603358,65.91380897255155,13.544898706033587,15.913808972551545,12,1841,7.95270728767e-06,
625,triangle,1007,1084,987,,363649.56528936373,6957799.705656289,157122.93505859375,90.48803808716931,85.1864116382654,40.488038087169315,35.186411638265405,12,1841,7.95270728767e-06,
626,triangle,954,1108,942,,357394.1813443286,6946127.903225806,292316.716796875,109.9834805488566,97.31511389176121,59.983480548856605,47.31511389176122,12,1841,7.95270728767e-06,
627,triangle,984,1018,947,,360598.6817977701,6957574.477644761,134597.197265625,127.26275736586234,121.67197608668634,77.26275736586237,71.67197608668634,12,1841,7.95270728767e-06,
628,triangle,981,1095,1094,,360261.06220817793,6946262.322425728,35499.1552734375,119.42830874571109,117.12206858918348,69.4283087457111,67.12206858918348,52,1561,1.189207115e-05,
629,triangle,982,1061,1060,,358115.39301095874,6958982.719754938,402682.37353515625,100.90052176620614,127.06489557466382,50.90052176620614,77.06489557466382,12,1841,7.95270728767e-06,
630,triangle,1137,1138,989,,353374.9416799815,6955444.101609994,247617.37255859375,72.90067441129642,98.0836383895097,22.900674411296432,48.08363838950971,6,1721,1.189207115e-05,
631,triangle,54,4,5,,364205.03487996524,6956006.889377251,2519.767578125,20.972507259435478,27.393403088795953,-29.027492740564526,-22.606596911204047,12,1841,7.95270728767e-06,
632,triangle,54,5,808,,364187.7110840341,6956128.569845579,30447.6923828125,37.794399214902064,43.488469525977045,-12.205600785097932,-6.511530474022955,12,1841,7.95270728767e-06,
633,triangle,1294,1805,1256,,355112.091384949,6950410.476414678,123232.73876953125,128.58653698726653,121.64825263951654,78.58653698726653,71.64825263951651,65,1681,6.32455532034e-06,
634,triangle,175,1374,176,,358161.9173860007,6952503.884174443,12153.73583984375,44.14496237645051,43.4297949819437,-5.855037623549496,-6.570205018056305,12,1841,7.95270728767e-06,
635,triangle,107,1262,108,,356725.0,6948550.0,14062.5,58.533333672417534,59.0,8.533333672417529,9.0,12,1841,7.95270728767e-06,
636,triangle,280,1298,281,,360698.67075044475,6948738.082721777,12441.1533203125,68.57706874744018,69.59624147271647,18.577068747440173,19.59624147271646,12,1841,7.95270728767e-06,
637,triangle,921,1384,920,,367326.68238423875,6954577.299209923,82511.515625,167.24259651211844,157.4241993577869,117.24259651211841,107.4241993577869,65,1681,6.32455532034e-06,
638,triangle,356,1333,355,,361119.6428571429,6949155.357142857,12857.142578125,78.09302885353942,75.91105354724452,28.093028853539423,25.911053547244524,12,1841,7.95270728767e-06,
639,triangle,20,1371,846,,354274.77060108184,6954089.257700694,60327.03125,105.6020506471971,107.52087967145849,55.6020506471971,57.52087967145851,6,1721,1.189207115e-05,
640,triangle,463,1797,462,,363611.0737571597,6953211.939700589,13965.0810546875,80.55045800282188,82.2266601985916,30.550458002821877,32.22666019859161,65,1681,6.32455532034e-06,
641,triangle,908,1296,907,,364090.5790303002,6952611.117136273,79529.72998046875,132.65627346440797,123.55974098492307,82.65627346440799,73.55974098492307,65,1681,6.32455532034e-06,
642,triangle,242,1803,243,,362828.47966269846,6955110.40922619,7657.923828125,23.268764064453194,23.036178216704826,-26.731235935546806,-26.963821783295174,12,1841,7.95270728767e-06,
643,triangle,18,2070,845,,353888.266185636,6954285.957435258,30295.08642578125,108.37885198866323,109.40644476782496,58.378851988663214,59.40644476782496,6,1721,1.189207115e-05,
644,triangle,1738,1820,1397,,365753.97548731946,6954775.93896522,99270.185546875,113.48694312762275,105.35465227686534,63.48694312762275,55.35465227686535,65,1681,6.32455532034e-06,
645,triangle,1167,1649,1360,,359290.393249891,6953139.03603918,70032.86328125,50.46512912911855,44.16619671617398,0.46512912911855536,-5.833803283826026,12,1841,7.95270728767e-06,
646,triangle,603,1829,604,,356071.0398653101,6954544.513511013,9500.2451171875,78.09074212142713,79.31671033093649,28.090742121427116,29.31671033093649,6,1721,1.189207115e-05,
647,triangle,672,1329,671,,359759.4557709447,6953196.09978461,6688.77392578125,39.064685573227734,38.34296556596192,-10.935314426772264,-11.657034434038083,12,1841,7.95270728767e-06,
648,triangle,629,1325,630,,356347.67805185955,6955462.483987827,10103.16748046875,87.18641802025724,87.41331306709912,37.18641802025722,37.41331306709912,6,1721,1.189207115e-05,
649,triangle,231,1308,232,,362032.019285483,6954302.065830182,8994.763671875,25.88293851601756,28.91350508928332,-24.11706148398244,-21.086494910716677,12,1841,7.95270728767e-06,
650,triangle,540,1772,539,,365005.2462750077,6954093.007091952,6411.7021484375,96.85830392399309,97.701416510434,46.858303923993084,47.701416510434,65,1681,6.32455532034e-06,
651,triangle,915,1623,48,,366439.8674985817,6953570.535987407,79967.623046875,169.84959878574165,162.80420029076313,119.84959878574165,112.80420029076315,65,1681,6.32455532034e-06,
652,triangle,614,2077,1801,,361844.7220605756,6955489.21713857,79680.77197265625,57.52472974928065,65.5445980592474,7.524729749280653,15.544598059247411,65,1681,6.32455532034e-06,
653,triangle,845,1371,844,,354025.73684647755,6954568.53657456,67253.2734375,110.32001307373834,110.77908691481774,60.32001307373834,60.779086914817746,6,1721,1.189207115e-05,
654,triangle,188,1379,187,,359011.1302945173,6952773.213852506,5424.05859375,34.60913787833378,35.60916255880912,-15.390862121666219,-14.390837441190884,12,1841,7.95270728767e-06,
655,triangle,238,1380,239,,362522.4158842243,6954803.624268812,7739.056640625,25.53774192714157,25.97922355059536,-24.46225807285843,-24.02077644940464,12,1841,7.95270728767e-06,
656,triangle,393,1378,394,,356834.61805555556,6951857.743055556,6707.03125,60.383658721382005,56.142224806950644,10.383658721382007,6.142224806950641,12,1841,7.95270728767e-06,
657,triangle,394,1378,395,,356859.61805555556,6951907.743055556,8648.4375,60.761731989446496,55.94222531557694,10.761731989446497,5.942225315576944,12,1841,7.95270728767e-06,
658,triangle,1256,1805,1143,,355406.2760542309,6950472.701413855,194470.6435546875,133.48131329271766,123.77431003522706,83.48131329271766,73.77431003522706,65,1681,6.32455532034e-06,
659,triangle,1177,1498,1143,,356005.56801554904,6950874.934499738,137221.9453125,94.92635024416035,97.65739070131882,44.926350244160346,47.65739070131881,65,1681,6.3827036048875e-06,
660,triangle,1265,1301,1145,,359021.4693686583,6947829.9337310605,89104.6865234375,90.87294798454934,92.06736298791822,40.87294798454933,42.067362987918216,12,1841,7.95270728767e-06,
661,triangle,178,1328,177,,358191.56883033126,6952741.550923008,11247.98583984375,41.28661724521538,40.66212203707971,-8.713382754784613,-9.337877962920286,12,1841,7.95270728767e-06,
662,triangle,345,1392,344,,358432.32456140354,6948756.384015595,8543.31103515625,67.24274182554366,67.40317284633906,17.24274182554366,17.40317284633906,12,1841,7.95270728767e-06,
663,triangle,1406,1967,712,,358266.9333725527,6956927.707431915,68455.935546875,132.37484707702936,139.27370816743473,82.37484707702934,89.27370816743475,65,1681,6.32455532034e-06,
664,triangle,1379,1649,1167,,359137.61547211325,6953040.275473692,52133.97216796875,43.67046765191796,42.94293695746626,-6.32953234808204,-7.0570630425337475,12,1841,7.95270728767e-06,
665,triangle,85,1392,345,,358407.32456140354,6948706.384015595,6449.013671875,67.31637046337931,67.40317284633906,17.316370463379318,17.40317284633906,12,1841,7.95270728767e-06,
666,triangle,139,1790,140,,356851.07460969005,6950124.543758333,8558.3935546875,52.57157351137293,51.52707769043409,2.5715735113729337,1.5270776904340986,12,1841,7.95270728767e-06,
667,triangle,644,1791,643,,359536.8504003822,6955262.521784636,6958.17041015625,84.95197884851225,84.42153333026953,34.95197884851225,34.42153333026952,65,1681,6.32455532034e-06,
668,triangle,724,1789,723,,359212.5,6956638.461538461,9951.92333984375,111.72179354147363,114.26538457627176,61.72179354147363,64.26538457627179,65,1681,6.32455532034e-06,
669,triangle,1370,2019,491,,355117.5221437441,6953764.2906578975,63982.9521484375,92.93640756155193,98.62165498838907,42.93640756155192,48.62165498838906,6,1721,1.010251249046643e-05,
670,triangle,443,1781,442,,360721.7434108788,6952096.743410879,14795.232421875,52.7025859032067,49.95247149606894,2.7025859032067028,-0.04752850393106852,12,1841,7.95270728767e-06,
671,triangle,95,1813,1630,,357551.2201947106,6948673.696456604,22297.14208984375,64.58774144422885,65.95777566158877,14.587741444228852,15.957775661588768,12,1841,7.95270728767e-06,
672,triangle,683,1984,682,,355368.9138494006,6955701.505499412,7922.1767578125,89.20260443099937,90.00551370965867,39.20260443099937,40.00551370965867,6,1721,1.189207115e-05,
673,triangle,685,1984,684,,355468.9138494006,6955601.505499412,7922.1767578125,88.34335082424103,88.67217783319383,38.343350824241035,38.67217783319383,6,1721,1.189207115e-05,
674,triangle,861,1745,860,,354468.76065990096,6950042.7458570255,50000.43212890625,120.74822901813883,119.58889470380706,70.74822901813883,69.58889470380706,65,1681,6.32455532034e-06,
675,triangle,1801,1965,614,,361794.6365341912,6955305.734587637,60427.83349609375,61.91242444286201,62.35670183590525,11.912424442862017,12.356701835905247,65,1681,6.4990001739825e-06,
676,triangle,1148,1598,1157,,361483.4253753675,6953111.923268643,138708.9248046875,49.77831415875887,57.97228197326569,-0.22168584124113655,7.972281973265683,12,1841,7.95270728767e-06,
677,triangle,344,1392,343,,358482.32456140354,6948781.384015595,4906.79833984375,68.11595363675039,68.16984053025833,18.115953636750383,18.16984053025833,12,1841,7.95270728767e-06,
678,triangle,380,1749,379,,355762.5,6951612.5,9843.75,69.80833053588864,70.38333320617676,19.808330535888636,20.383333206176758,65,1681,6.32455532034e-06,
679,triangle,82,1751,83,,358563.758179577,6948491.324848294,7172.794921875,73.32285409104831,72.65688343209426,23.322854091048313,22.656883432094258,12,1841,7.95270728767e-06,
680,triangle,290,1273,289,,360212.5,6949387.5,9843.75,63.66666634877521,60.441667238871254,13.666666348775207,10.441667238871256,12,1841,7.95270728767e-06,
681,triangle,767,1293,766,,356240.0183457231,6956186.471882191,7314.56396484375,91.79065891861597,92.71726413470884,41.790658918615975,42.71726413470884,6,1721,1.189207115e-05,
682,triangle,570,1744,1700,,357204.1720646441,6954482.031346932,38659.61474609375,83.28048726157094,84.52622024129569,33.28048726157094,34.52622024129568,6,1721,1.1096711745762857e-05,
683,triangle,900,1354,899,,363013.9539377371,6950574.196897275,68000.693359375,119.77855293161228,119.90226659152405,69.7785529316123,69.90226659152405,65,1681,6.32455532034e-06,
684,triangle,225,1400,224,,361472.3011363636,6954005.823863637,3116.1220703125,25.86285047286256,25.778651137366662,-24.137149527137435,-24.221348862633338,12,1841,7.95270728767e-06,
685,triangle,595,1319,594,,355661.4583333333,6954952.604166667,5917.96875,85.30851607486093,85.69817598881544,35.308516074860925,35.69817598881545,6,1721,1.189207115e-05,
686,triangle,143,1735,142,,356729.8342980552,6950389.062085192,5081.1416015625,52.1104005721993,52.679445846663675,2.110400572199301,2.679445846663679,12,1841,7.95270728767e-06,
687,triangle,712,1718,1406,,358430.3740694945,6956925.836685032,26566.3369140625,138.94068064928967,138.66825112672907,88.94068064928965,88.6682511267291,65,1681,6.32455532034e-06,
688,triangle,67,1626,66,,358863.8557706407,6947270.391411078,6143.46630859375,83.88343059734491,82.41851563035017,33.88343059734491,32.41851563035018,12,1841,7.95270728767e-06,
689,triangle,69,1627,70,,358702.2321428571,6947487.946428572,5876.1162109375,79.02007878557161,80.08869016738812,29.020078785571606,30.088690167388126,12,1841,7.95270728767e-06,
690,triangle,132,1636,131,,356348.6250985165,6949591.659378439,5779.6767578125,56.62138785045869,55.23775190346703,6.621387850458687,5.237751903467026,12,1841,7.95270728767e-06,
691,triangle,162,1641,163,,357161.038812314,6951769.924274687,6196.01904296875,46.14395388846904,46.315118233367286,-3.856046111530966,-3.684881766632717,12,1841,7.95270728767e-06,
692,triangle,273,1436,272,,356559.9741826774,6948424.207585995,7315.404296875,58.06181935009437,59.050880468816636,8.061819350094364,9.050880468816635,12,1841,7.95270728767e-06,
693,triangle,279,1658,280,,360554.3269070244,6948688.1104311645,6962.57666015625,68.67923752014073,69.97450627625,18.679237520140727,19.974506276249997,12,1841,7.95270728767e-06,
694,triangle,299,1661,300,,359833.6922350161,6949897.884400971,6602.87646484375,56.41130263473882,57.17895752992606,6.411302634738814,7.1789575299260555,12,1841,7.95270728767e-06,
695,triangle,394,1678,393,,356712.5,6951837.5,7031.25,56.305554919772675,55.66666603088379,6.305554919772675,5.666666030883789,12,1841,7.95270728767e-06,
696,triangle,398,1679,399,,357015.88293650793,6952151.77579365,5425.22314453125,55.21308189454462,53.358235880384974,5.213081894544615,3.358235880384979,12,1841,7.95270728767e-06,
697,triangle,414,1485,413,,358937.5,6951512.5,7031.25,47.37222332424593,45.94166660308838,-2.6277766757540695,-4.058333396911621,12,1841,7.95270728767e-06,
698,triangle,578,1527,577,,356644.73320008634,6953865.602092969,6682.2646484375,76.41457325068134,77.32238196436793,26.41457325068135,27.322381964367935,65,1681,6.32455532034e-06,
699,triangle,605,1704,604,,356192.9422072598,6954580.921887328,6291.2119140625,75.10595280117728,76.60435594965357,25.10595280117729,26.604355949653577,6,1721,1.189207115e-05,
700,triangle,607,1705,608,,356351.63807281153,6954353.78576959,5440.716796875,76.23709456177673,75.2066122002904,26.23709456177674,25.20661220029039,6,1721,1.189207115e-05,
701,triangle,611,1538,610,,356526.30385487527,6954089.172335601,5771.68408203125,75.41334688572067,76.21202048913526,25.413346885720664,26.212020489135256,65,1681,6.32455532034e-06,
702,triangle,766,1723,765,,356225.136549389,6956307.219197456,5640.36181640625,92.63915160205718,92.4362337208742,42.639151602057176,42.436233720874185,6,1721,1.189207115e-05,
703,triangle,864,1892,863,,355035.127434114,6948981.70411554,97266.171875,91.78437582709009,96.80970438890945,41.784375827090074,46.80970438890944,12,1841,7.95270728767e-06,
704,triangle,728,1883,727,,359525.0623582766,6956413.471677132,7147.5791015625,99.21911553474253,100.3099240328175,49.21911553474253,50.30992403281752,65,1681,6.32455532034e-06,
705,triangle,44,1278,902,,362780.43677428673,6951458.90311065,44012.845703125,117.90662363085416,116.91526343066748,67.90662363085414,66.91526343066747,65,1681,6.32455532034e-06,
706,triangle,541,1773,540,,364889.17947173206,6954096.37782162,6032.4951171875,94.68925132465667,95.9630857052628,44.68925132465666,45.963085705262785,65,1681,6.32455532034e-06,
707,triangle,1171,1743,1160,,360528.52601575037,6954082.6222172165,137402.6123046875,89.70592838120616,91.40247239905045,39.70592838120617,41.40247239905045,65,1681,6.32455532034e-06,
708,triangle,855,1330,854,,354095.29250304325,6951378.960104675,70963.974609375,115.89485783319613,116.56553052099855,65.89485783319613,66.56553052099854,65,1681,6.32455532034e-06,
709,triangle,580,1596,1371,,354388.37282319943,6954672.703651954,73888.3427734375,101.17406768268738,100.01198316856103,51.17406768268738,50.01198316856104,6,1721,1.189207115e-05,
710,triangle,385,1771,1677,,356239.01668379636,6951406.971815563,14424.6318359375,67.92070487291501,68.47047315667288,17.920704872915017,18.470473156672885,12,1841,7.95270728767e-06,
711,triangle,542,1848,543,,364752.1589730156,6954200.753653626,5709.7861328125,92.57608387911074,93.42885691947545,42.57608387911074,43.42885691947546,65,1681,6.32455532034e-06,
712,triangle,886,1737,885,,359800.45117858954,6946507.595344211,55473.3369140625,116.48785570543123,115.60227787188376,66.48785570543124,65.60227787188376,12,1841,7.95270728767e-06,
713,triangle,48,1623,914,,366239.27606914606,6953495.571870461,81768.0859375,168.5900776775653,161.94890160635654,118.59007767756528,111.94890160635653,65,1681,6.32455532034e-06,
714,triangle,138,2029,139,,356737.26501302345,6950009.321688036,5956.1240234375,53.91583039290282,54.76326276111464,3.915830392902814,4.763262761114639,12,1841,7.95270728767e-06,
715,triangle,45,2105,1922,,363002.7897166019,6952425.869269688,39502.45361328125,129.23086920983772,125.05550159415776,79.2308692098377,75.05550159415776,65,1681,6.32455532034e-06,
716,triangle,362,1817,1391,,354298.8966576499,6950691.276645772,44123.03173828125,102.19859740229215,105.50753561725934,52.198597402292165,55.50753561725933,65,1681,6.32455532034e-06,
717,triangle,462,1819,461,,363696.3000223301,6953339.566789918,9194.98828125,76.0533025463134,76.97636742105841,26.053302546313407,26.976367421058416,65,1681,6.32455532034e-06,
718,triangle,444,1818,443,,360655.59675926296,6952210.921435498,9391.70263671875,47.13482157736729,47.526642282056144,-2.865178422632707,-2.473357717943855,12,1841,7.95270728767e-06,
719,triangle,820,1833,819,,361101.9005629167,6956675.068959934,53188.74609375,136.7842136629059,137.7334631320311,86.7842136629059,87.73346313203108,65,1681,6.32455532034e-06,
720,triangle,1397,1820,1246,,366034.7685020943,6954662.802172921,177824.8857421875,112.25394817507694,111.19235831078363,62.25394817507695,61.19235831078364,65,1681,6.32455532034e-06,
721,triangle,1842,2054,1179,,360288.35753679235,6950569.193578385,107049.1748046875,74.21244712716941,76.9503771167745,24.212447127169405,26.9503771167745,12,1841,7.95270728767e-06,
722,triangle,842,1594,841,,354226.5055389526,6955625.799455848,58995.1201171875,106.07374165450649,105.9229889607053,56.073741654506506,55.92298896070529,6,1721,1.189207115e-05,
723,triangle,364,1817,363,,354487.2870603558,6950837.712939645,11297.9111328125,99.9699633265345,98.87396545404522,49.9699633265345,48.87396545404522,65,1681,6.32455532034e-06,
724,triangle,33,1613,877,,358359.5511698008,6947077.28963801,45038.59619140625,115.79753007155082,111.23392961961792,65.79753007155082,61.23392961961793,12,1841,7.95270728767e-06,
725,triangle,814,1897,7,,362973.9709515176,6956847.854773437,40613.708984375,137.217085929446,133.24352556679617,87.21708592944599,83.24352556679615,65,1681,6.32455532034e-06,
726,triangle,1301,1621,1145,,359158.9531471054,6947681.308923964,98063.3642578125,98.47995532277108,96.73391185288988,48.47995532277106,46.73391185288987,12,1841,7.95270728767e-06,
727,triangle,481,1876,480,,362427.29538343643,6953874.2772177,5366.76953125,39.52284960653523,42.694613652203564,-10.477150393464767,-7.305386347796433,12,1841,7.95270728767e-06,
728,triangle,1468,1904,1821,,360216.5121326899,6948616.938807822,15462.8935546875,81.1715765623822,80.77606742805825,31.171576562382196,30.77606742805826,12,1841,7.95270728767e-06,
729,triangle,338,1298,337,,360948.67075044475,6948738.082721777,12740.234375,77.19548432678349,72.99624045546386,27.19548432678348,22.99624045546386,12,1841,7.95270728767e-06,
730,triangle,661,1299,660,,359409.67938311695,6954091.933847402,11431.48828125,65.98174702165375,63.75585051552965,15.98174702165375,13.755850515529659,65,1681,6.32455532034e-06,
731,triangle,1167,1713,1144,,358826.72650655726,6953635.38263433,212515.404296875,68.92307772835342,71.01009552671,18.923077728353427,21.010095526710003,65,1681,6.32455532034e-06,
732,triangle,285,1976,286,,360580.24680982577,6949213.402941498,7723.0966796875,65.24183970467487,65.837935191631,15.241839704674875,15.837935191631004,12,1841,7.95270728767e-06,
733,triangle,694,1609,1568,,360009.4873625085,6956799.331247439,19234.72900390625,120.75891173742902,120.30673533329782,70.75891173742902,70.30673533329782,65,1681,6.32455532034e-06,
734,triangle,758,1812,759,,356594.24286771653,6956750.0721934885,9093.298828125,112.44919419216494,109.42012584232306,62.44919419216494,59.42012584232307,6,1721,1.189207115e-05,
735,triangle,1144,1713,1372,,358659.5605839844,6953910.702504295,139460.58837890625,91.75659783047435,86.38863384962492,41.75659783047435,36.38863384962492,65,1681,6.32455532034e-06,
736,triangle,64,2004,65,,358994.52769178554,6947273.194689344,7618.76806640625,84.33656155303638,86.3799668436322,34.33656155303639,36.3799668436322,12,1841,7.95270728767e-06,
737,triangle,275,1821,274,,360243.03757735394,6948440.413363158,6408.2724609375,76.34357647256216,76.77169597645836,26.34357647256216,26.771695976458346,12,1841,7.95270728767e-06,
738,triangle,427,1809,428,,361937.0780071002,6951935.406450026,10967.00146484375,91.40599597769751,90.68025377731101,41.405995977697515,40.680253777311016,12,1841,7.2549278731e-06,
739,triangle,606,2007,605,,356350.8121055719,6954497.784568522,8279.62548828125,74.07934750961519,76.53580270976686,24.07934750961518,26.535802709766855,6,1721,1.189207115e-05,
740,triangle,1727,1842,1235,,360108.6604947992,6950931.995025913,78354.64453125,79.10148367948806,75.95832549208062,29.10148367948806,25.958325492080615,12,1841,7.95270728767e-06,
741,triangle,512,1811,513,,356527.3265198896,6953433.791842968,7186.68359375,76.10829166753827,77.3306375569991,26.108291667538268,27.330637556999097,65,1681,6.32455532034e-06,
742,triangle,699,2116,698,,359958.6963032196,6956315.753901451,4831.02001953125,102.2653393624589,101.09220644706312,52.26533936245891,51.09220644706311,65,1681,6.32455532034e-06,
743,triangle,702,2116,701,,359858.6963032196,6956215.753901451,4831.02001953125,95.87643855053311,96.55887362235609,45.876438550533116,46.55887362235608,65,1681,6.32455532034e-06,
744,triangle,1397,1849,1738,,365627.2143154091,6955070.256230091,138542.45556640625,89.66207765373404,85.94355590342464,39.66207765373405,35.94355590342466,65,1681,6.32455532034e-06,
745,triangle,354,1804,355,,361089.0625,6949335.9375,10898.4375,80.34817588329308,78.75585928559303,30.348175883293102,28.755859285593033,12,1841,7.95270728767e-06,
746,triangle,356,1804,357,,360989.0625,6949235.9375,10898.4375,75.93281194567673,75.45585877696674,25.932811945676733,25.455858776966732,12,1841,7.95270728767e-06,
747,triangle,516,1822,517,,356897.64638354746,6953109.168057655,7406.09326171875,69.94605529713839,71.26413999036185,19.946055297138386,21.264139990361855,65,1681,6.32455532034e-06,
748,triangle,368,1907,367,,354806.42413990013,6951126.05527338,7833.50244140625,84.85500470294588,85.046162618623,34.85500470294588,35.046162618623,65,1681,6.32455532034e-06,
749,triangle,366,1907,365,,354706.42413990013,6951026.05527338,7833.50244140625,88.8334857173456,88.57949798646155,38.8334857173456,38.57949798646154,65,1681,6.32455532034e-06,
750,triangle,482,1841,483,,362523.0852514449,6954056.45071911,5409.59033203125,38.60953402407097,38.63620843717795,-11.390465975929029,-11.363791562822053,12,1841,7.95270728767e-06,
751,triangle,466,1800,465,,363327.49706651183,6953190.897381857,6649.04443359375,74.33157199977487,74.81371564027579,24.33157199977486,24.813715640275774,65,1681,6.32455532034e-06,
752,triangle,1919,2019,1890,,355283.90669109416,6953166.449862667,121923.8310546875,128.38028868632685,125.00497395176463,78.38028868632685,75.00497395176463,65,1681,6.32455532034e-06,
753,triangle,232,1308,233,,362082.019285483,6954352.065830182,8994.76318359375,28.687173977034444,28.74683842261665,-21.312826022965556,-21.253161577383345,12,1841,7.95270728767e-06,
754,triangle,1158,1607,1269,,357410.6888713583,6950840.164363,74820.1845703125,70.35206634366358,70.54683563513387,20.352066343663576,20.546835635133874,12,1841,7.95270728767e-06,
755,triangle,559,1893,560,,363738.1373999385,6954923.875240239,9788.92236328125,54.744976923682316,53.7202206017817,4.744976923682317,3.720220601781694,12,1841,7.95270728767e-06,
756,triangle,1273,1660,289,,360218.14587949216,6949317.619722698,17354.0283203125,65.40735520101605,62.76043019790995,15.407355201016038,12.760430197909942,12,1841,7.95270728767e-06,
757,triangle,246,1600,245,,362831.25,6955443.75,12656.25,22.824999928474426,24.69583344459635,-27.175000071525574,-25.30416655540365,12,1841,7.95270728767e-06,
758,triangle,217,1598,218,,361293.75,6953531.25,12656.25,30.49999976158142,30.78333353996277,-19.50000023841858,-19.21666646003723,12,1841,7.95270728767e-06,
759,triangle,226,1599,225,,361481.25,6954168.75,12656.25,27.743749737739563,29.856250524520874,-22.256250262260437,-20.143749475479126,65,1681,6.6152967430775e-06,
760,triangle,554,1601,555,,364144.4492256371,6954692.556853439,12600.68408203125,87.92118952118378,80.84111515432836,37.92118952118378,30.841115154328367,12,1841,7.95270728767e-06,
761,triangle,658,1713,659,,359156.25,6954056.25,12656.25,72.87500190734863,64.39166514078777,22.875001907348633,14.39166514078776,65,1681,6.32455532034e-06,
762,triangle,1262,1799,1194,,357073.4056122449,6948756.2801579945,25107.29638671875,65.37633175287053,66.0153944603075,15.376331752870525,16.015394460307498,12,1841,7.95270728767e-06,
763,triangle,1371,1761,580,,354508.44431712985,6954565.897428136,40639.7734375,97.30966720714714,99.27852413247801,47.30966720714714,49.278524132478005,6,1721,1.189207115e-05,
764,triangle,1195,1964,1606,,356162.9782583979,6950117.456704662,86690.6025390625,87.3015267945045,83.82673943935005,37.3015267945045,33.82673943935006,12,1841,7.95270728767e-06,
765,triangle,913,1320,912,,365570.3199471683,6953401.431351398,72096.7978515625,162.25476948049715,155.2426693773739,112.25476948049715,105.24266937737389,65,1681,6.32455532034e-06,
766,triangle,1738,1849,1152,,365325.72422610363,6954993.457548239,129330.54931640625,101.0458032475443,85.68563648414586,51.0458032475443,35.68563648414587,65,1681,6.32455532034e-06,
767,triangle,1702,1765,570,,357395.2464507635,6954275.119494129,49185.05517578125,81.35610624700998,88.2605738693593,31.356106247009986,38.26057386935931,65,1681,6.32455532034e-06,
768,triangle,732,2080,733,,355748.9632642998,6956726.0367356995,8670.76513671875,102.86449110840866,105.52298338543623,52.864491108408664,55.52298338543623,6,1721,1.189207115e-05,
769,triangle,1230,1680,403,,357262.0213012397,6952512.438667893,29446.81640625,61.197649712184145,56.67650527218254,11.19764971218414,6.676505272182538,12,1841,7.5456692958375e-06,
770,triangle,225,1599,1400,,361428.5511363636,6954099.573863637,17266.5126953125,26.586251132400758,30.268234868064294,-23.413748867599235,-19.731765131935706,65,1681,6.847889881267501e-06,
771,triangle,1186,1374,1233,,358317.07644960843,6952195.324772413,105206.49560546875,63.71743476977877,60.6131175493903,13.71743476977877,10.61311754939031,12,1841,7.95270728767e-06,
772,triangle,1217,2087,1749,,356024.6939746718,6951918.80186868,73250.49609375,89.40156127229999,84.03855792671031,39.40156127229998,34.038557926710304,65,1681,6.32455532034e-06,
773,triangle,1686,1687,444,,360727.9880131453,6952327.154972367,17649.16162109375,47.94193741356404,48.19806416164666,-2.05806258643596,-1.8019358383533393,12,1841,7.95270728767e-06,
774,triangle,117,1774,116,,355969.5732831355,6948533.4335946785,7488.720703125,59.53464902463813,59.624485566943086,9.534649024638124,9.624485566943086,12,1841,7.95270728767e-06,
775,triangle,872,1356,31,,356586.0687999008,6947062.101677942,49071.9853515625,85.90624201277,83.26729753557076,35.90624201276999,33.267297535570755,12,1841,7.95270728767e-06,
776,triangle,664,2089,663,,359592.4538352974,6953870.460930943,7077.9111328125,48.845991532348116,52.6360011796795,-1.154008467651884,2.6360011796795,65,1681,6.32455532034e-06,
777,triangle,564,1321,565,,363448.5579058768,6955209.144640571,9304.0361328125,41.46309209306181,41.01052184134253,-8.53690790693819,-8.98947815865747,12,1841,7.95270728767e-06,
778,triangle,161,1378,160,,357009.61805555556,6951757.743055556,8226.5625,54.668913901444895,50.808892745183066,4.6689139014448955,0.8088927451830626,12,1841,7.95270728767e-06,
779,triangle,201,1403,202,,360089.2573696145,6952905.463435374,6614.31787109375,32.12507369312219,33.20290293425085,-17.874926306877818,-16.797097065749146,12,1841,7.95270728767e-06,
780,triangle,1749,2087,1741,,355816.20856952574,6952122.467994562,170757.28857421875,97.19870518806981,95.62482624182206,47.19870518806982,45.62482624182206,65,1681,6.32455532034e-06,
781,triangle,1375,1598,1148,,361675.8925887512,6953290.662474758,97553.74365234375,58.13527312417448,59.39840710928803,8.135273124174486,9.398407109288032,12,1841,7.95270728767e-06,
782,triangle,1505,1898,416,,362251.1764425514,6950971.793145346,19713.0087890625,94.5923567753308,95.21561162324694,44.59235677533079,45.21561162324693,65,1681,6.32455532034e-06,
783,triangle,235,1981,234,,362155.6182765653,6954579.384866588,8298.74169921875,24.097761298324286,24.483361973427908,-25.902238701675717,-25.516638026572092,12,1841,7.95270728767e-06,
784,triangle,1241,1612,731,,355965.2721015997,6956979.188894376,79871.486328125,122.89973639528282,117.90903183652888,72.89973639528282,67.9090318365289,6,1721,1.1096711745762857e-05,
785,triangle,109,1436,273,,356534.9741826774,6948474.207585995,7404.5517578125,57.66077244802034,58.450880723129785,7.660772448020346,8.450880723129787,12,1841,7.95270728767e-06,
786,triangle,415,1485,414,,358987.5,6951537.5,5625.0,44.90833314259844,44.50833225250244,-5.0916668574015675,-5.491667747497559,12,1841,7.95270728767e-06,
787,triangle,579,1527,578,,356594.73320008634,6953840.602092969,6089.74951171875,74.60105841144733,76.389047613782,24.60105841144733,26.389047613781997,65,1681,6.32455532034e-06,
788,triangle,612,1538,611,,356551.30385487527,6954039.172335601,4553.5712890625,74.83941300304694,76.47868817305452,24.839413003046925,26.478688173054525,65,1681,6.32455532034e-06,
789,triangle,639,1552,640,,359239.98726576124,6955531.42843863,6028.2333984375,80.02998560834776,80.54113479966493,30.029985608347758,30.541134799664928,65,1681,6.32455532034e-06,
790,triangle,64,1625,1621,,359124.97177470016,6947224.630936776,25245.45751953125,87.11584578731397,89.9759934378824,37.11584578731397,39.975993437882394,12,1841,7.95270728767e-06,
791,triangle,170,1363,406,,357655.0,6952411.09375,6873.046875,40.3131804895401,40.183374965985614,-9.686819510459902,-9.816625034014388,12,1841,7.95270728767e-06,
792,triangle,1352,1880,1150,,359319.7497715424,6949138.217600335,131712.435546875,88.45238831315152,84.303293219887,38.452388313151516,34.30329321988699,12,1841,7.95270728767e-06,
793,triangle,31,1356,871,,356407.37987472635,6947046.094953079,51925.373046875,83.33588608263157,79.9203754020561,33.33588608263159,29.920375402056106,12,1841,7.95270728767e-06,
794,triangle,1143,1498,1187,,355741.0252765996,6950888.1146346815,80850.556640625,97.94605218836261,103.75295950804978,47.94605218836262,53.75295950804979,65,1681,6.32455532034e-06,
795,triangle,1374,1854,1233,,358119.91778913414,6952311.485995467,32736.07080078125,57.22658531554241,55.81160942188914,7.22658531554241,5.811609421889134,12,1841,7.95270728767e-06,
796,triangle,1598,1795,1157,,361262.244671956,6953230.302076337,53757.7353515625,37.92428080624521,41.260425851011156,-12.07571919375479,-8.739574148988842,12,1841,7.95270728767e-06,
797,triangle,360,2139,361,,359715.0719055349,6950596.840321723,6965.12548828125,59.42728563324307,56.467291316383694,9.427285633243075,6.467291316383691,12,1841,7.95270728767e-06,
798,triangle,1246,1820,1808,,365973.1150284274,6954333.040509626,127208.291015625,121.11176942545067,119.45817365006529,71.11176942545067,69.45817365006529,65,1681,6.32455532034e-06,
799,triangle,406,1363,405,,357605.0,6952436.09375,10248.046875,41.35716676447126,40.98337547461191,-8.64283323552875,-9.016624525388087,12,1841,7.95270728767e-06,
800,triangle,764,2003,765,,356213.0434023973,6956410.123253775,5296.4833984375,94.3874965961579,94.4948484414641,44.387496596157895,44.49484844146409,6,1721,1.189207115e-05,
801,triangle,1143,1195,1177,,356135.5887428245,6950640.849092933,151355.5234375,98.71481643880645,97.88285896256544,48.714816438806466,47.88285896256545,65,1681,6.906038165815001e-06,
802,triangle,1744,2075,1591,,357130.1447484779,6955084.796185468,91010.1591796875,107.51541775452341,100.610708216914,57.51541775452341,50.61070821691402,6,1721,1.189207115e-05,
803,triangle,559,1960,558,,363780.4276372772,6954737.153260872,6459.6494140625,58.85713853618508,61.881198526762944,8.857138536185087,11.88119852676295,12,1841,7.95270728767e-06,
804,triangle,548,1777,547,,364387.5,6954069.744417439,9028.7529296875,88.29884865616448,88.90757005016388,38.29884865616448,38.90757005016389,65,1681,6.32455532034e-06,
805,triangle,1360,1366,1167,,359369.96300765243,6953320.866810533,71901.755859375,52.26301492672486,44.88744192203493,2.26301492672486,-5.112558077965067,12,1841,7.313076157647499e-06,
806,triangle,652,1710,651,,359571.875,6954578.125,13359.375,72.34062544504812,73.24427076180775,22.340625445048104,23.24427076180776,65,1681,6.32455532034e-06,
807,triangle,1215,1563,1561,,355010.93076045235,6955572.098201188,39704.9345703125,102.36637307020374,99.38751771564563,52.366373070203736,49.38751771564563,6,1721,1.189207115e-05,
808,triangle,336,1733,1212,,361324.21971080796,6948753.4571311325,76575.46337890625,80.90454181878417,82.32107286615745,30.90454181878416,32.321072866157444,12,1841,7.95270728767e-06,
809,triangle,756,1988,757,,356802.9878106013,6956934.224120821,6326.5849609375,115.19895850173094,115.7555720755925,65.19895850173094,65.7555720755925,65,1681,6.32455532034e-06,
810,triangle,84,1392,85,,358432.32456140354,6948656.384015595,7167.21484375,67.94972977078228,68.06983951300573,17.949729770782277,18.06983951300573,12,1841,7.95270728767e-06,
811,triangle,14,1742,832,,356634.20600579353,6958217.109360915,76679.9189453125,177.30570661656043,174.41288783866182,127.30570661656041,124.4128878386618,12,1841,7.778262434027501e-06,
812,triangle,30,869,868,,355512.10579110705,6947192.444789551,37602.6630859375,76.04221357306203,75.60317286259625,26.04221357306203,25.603172862596264,12,1841,7.95270728767e-06,
813,triangle,731,1881,1241,,356090.61847349413,6956840.825385491,42873.3447265625,113.8192695641461,111.89268228553368,63.819269564146104,61.89268228553368,6,1721,1.189207115e-05,
814,triangle,1407,1594,676,,354630.37194841355,6955911.841745585,68622.7255859375,97.80383816542144,100.13773009479348,47.80383816542145,50.13773009479349,6,1721,1.189207115e-05,
815,triangle,1212,1333,336,,361265.15796524804,6948917.8655831255,35844.0029296875,80.02803314959164,81.14259381060859,30.028033149591632,31.142593810608588,12,1841,7.95270728767e-06,
816,triangle,1141,2018,1189,,360393.91165726463,6955182.976805436,204479.029296875,143.44605370487383,141.27621408573563,93.44605370487383,91.27621408573562,65,1681,6.32455532034e-06,
817,triangle,336,2101,1733,,361191.20460270275,6948616.729940864,22159.72607421875,78.53639814837699,78.31297261413575,28.536398148376996,28.31297261413575,12,1841,7.95270728767e-06,
818,triangle,1894,1978,1233,,357770.6867912638,6952067.4818637045,46851.333984375,53.27742386086854,57.942148917962875,3.2774238608685367,7.942148917962882,12,1841,7.95270728767e-06,
819,triangle,122,2130,121,,355828.04846938775,6948996.951530613,7751.59423828125,58.33571920662081,58.34190726972769,8.335719206620807,8.341907269727688,12,1841,7.95270728767e-06,
820,triangle,833,1742,14,,356433.2885224598,6958204.399439457,68294.8671875,175.30830926117346,173.76191215162203,125.30830926117343,123.76191215162203,12,1841,7.778262434027501e-06,
821,triangle,1142,1886,1785,,357729.41821146436,6955821.846596874,205918.3974609375,128.12281384038724,127.23732145184557,78.12281384038724,77.23732145184557,6,1721,1.189207115e-05,
822,triangle,358,2067,357,,360941.12103174604,6949052.232142857,4375.0,69.25209134926646,68.84220011388824,19.252091349266472,18.84220011388825,12,1841,7.95270728767e-06,
823,triangle,365,1796,364,,354573.9607965243,6950951.039203475,14296.3203125,96.7713464105094,96.18900787439937,46.771346410509395,46.18900787439937,65,1681,6.32455532034e-06,
824,triangle,570,1765,1744,,357387.3015415836,6954496.771904972,84568.6728515625,91.29103752339404,88.60450591848205,41.29103752339404,38.60450591848204,6,1721,9.505992937288572e-06,
825,triangle,1858,2017,1494,,355295.13754885114,6951667.58467264,31289.2880859375,88.74331651737467,90.10837612309855,38.74331651737466,40.10837612309856,65,1681,6.32455532034e-06,
826,triangle,1599,1941,1400,,361321.57061688305,6954037.830201328,41557.2744140625,27.096539558573987,31.542732679331753,-22.90346044142601,-18.457267320668244,65,1681,6.6152967430775e-06,
827,triangle,878,1815,33,,358384.4293524593,6946666.181680015,55578.25634765625,121.47387757975855,119.22319228253455,71.47387757975855,69.22319228253455,12,1841,7.95270728767e-06,
828,triangle,1332,2128,1395,,359975.9965013712,6948193.08756961,68733.3408203125,80.94096908480981,88.12147563499347,30.940969084809815,38.121475634993466,12,1841,7.95270728767e-06,
829,triangle,479,2107,478,,362495.82490351255,6953687.977833386,7447.19189453125,52.04763016630124,53.21625918124571,2.047630166301237,3.216259181245707,12,1841,7.95270728767e-06,
830,triangle,346,1784,1668,,361745.4593188945,6949870.103320788,24611.40478515625,93.96331932884237,90.84642390441444,43.96331932884238,40.84642390441443,12,1841,7.95270728767e-06,
831,triangle,1727,2054,1842,,360178.00185374124,6950738.154207577,81985.12646484375,70.14230735941717,74.28006605485699,20.142307359417167,24.280066054856974,12,1841,7.95270728767e-06,
832,triangle,6,810,809,,364271.67839632626,6957000.5896185925,43937.6923828125,103.04676113855321,102.16807798944261,53.04676113855321,52.168077989442615,12,1841,7.95270728767e-06,
833,triangle,69,2119,68,,358683.6972075669,6947387.72214727,6027.8232421875,80.08633166066275,81.21667817413574,30.086331660662744,31.216678174135748,12,1841,7.95270728767e-06,
834,triangle,298,2121,297,,359831.86207787594,6949759.014290453,6651.408203125,58.85136201503534,57.487003097116094,8.851362015035338,7.487003097116099,12,1841,7.95270728767e-06,
835,triangle,130,2120,131,,356363.6904761905,6949493.452380952,5089.28564453125,55.8179205488108,58.225869465660026,5.817920548810796,8.225869465660022,12,1841,7.95270728767e-06,
836,triangle,397,2122,396,,356880.2083333333,6952144.791666667,7265.625,54.0781053385825,55.68587959916505,4.078105338582505,5.685879599165051,12,1841,7.95270728767e-06,
837,triangle,550,2123,549,,364229.22776147333,6954211.124227952,6710.4013671875,82.42900621561556,81.73874047950373,32.429006215615544,31.738740479503736,65,1681,6.32455532034e-06,
838,triangle,412,1980,411,,358748.2603666438,6951388.120189197,7296.7294921875,45.267364839963705,45.23783510491532,-4.732635160036293,-4.762164895084678,12,1841,7.95270728767e-06,
839,triangle,164,1978,165,,357405.28492647054,6951919.71507353,9626.6083984375,51.911608095629276,49.2948777429061,1.9116080956292683,-0.7051222570938892,12,1841,7.95270728767e-06,
840,triangle,669,1878,668,,359764.7375820056,6953462.5,7282.9775390625,45.244251824437995,43.722991774731135,-4.755748175562006,-6.277008225268869,65,1681,6.6152967430775e-06,
841,triangle,119,2126,118,,355818.9204803244,6948665.504475191,7377.1923828125,58.05918669080318,59.77403568372514,8.059186690803184,9.77403568372514,12,1841,7.95270728767e-06,
842,triangle,407,1681,1314,,358510.71428571426,6951103.571428572,11049.107421875,59.48843562844928,58.7188774874395,9.488435628449288,8.718877487439498,12,1841,7.95270728767e-06,
843,triangle,1185,2090,1269,,357349.86248246237,6950440.83182323,74526.669921875,81.35049310841877,78.62329391265047,31.350493108418775,28.623293912650468,12,1841,7.95270728767e-06,
844,triangle,929,1753,928,,364815.10176025546,6955780.367727193,107204.69921875,70.33610964591611,57.050793413022156,20.336109645916103,7.050793413022156,12,1841,7.95270728767e-06,
845,triangle,1216,1265,1145,,358987.9182607609,6948040.243291809,91958.7001953125,89.16887531667406,91.10457621344916,39.16887531667406,41.10457621344918,12,1841,7.95270728767e-06,
846,triangle,1612,2080,731,,355791.1644575579,6956923.467329611,24275.1787109375,120.54995529317671,115.98561445046066,70.54995529317672,65.98561445046066,6,1721,9.505992937288572e-06,
847,triangle,1520,1885,1342,,362666.43108142796,6953263.275508928,52741.35595703125,91.89943633625023,84.32299689444851,41.89943633625023,34.32299689444851,12,1841,7.95270728767e-06,
848,triangle,278,2143,277,,360412.48705245374,6948691.436955626,6069.36376953125,70.97089529336111,71.01582706414501,20.970895293361117,21.01582706414501,12,1841,7.95270728767e-06,
849,triangle,847,1370,20,,354559.9152869447,6953841.815265469,55461.78564453125,107.11575831974488,105.10681479667655,57.11575831974489,55.10681479667656,6,1721,1.189207115e-05,
850,triangle,209,1879,210,,360658.7224276829,6953311.09635333,8170.43359375,30.14506619852904,30.639296495417494,-19.854933801470963,-19.360703504582506,12,1841,7.95270728767e-06,
851,triangle,27,1892,1239,,355148.7972648193,6949533.518063736,129902.19140625,109.58708956738268,111.46951834090429,59.587089567382684,61.46951834090428,12,1841,7.5456692958375e-06,
852,triangle,631,1359,632,,356185.85311687324,6955331.942665313,6406.0498046875,84.19518519192047,83.72813188875487,34.19518519192047,33.72813188875487,6,1721,1.189207115e-05,
853,triangle,469,1341,470,,363076.7030660023,6953404.432546436,9127.755859375,68.57361169946464,70.22038888324106,18.573611699464628,20.22038888324105,12,1841,7.95270728767e-06,
854,triangle,555,1344,554,,364051.0054409878,6954609.45101441,7261.1484375,74.36091729724755,73.11453431749756,24.36091729724755,23.11453431749757,12,1841,7.95270728767e-06,
855,triangle,565,1345,564,,363371.2295386905,6955130.33296131,8261.71875,40.361979444947316,38.054443838327195,-9.638020555052686,-11.945556161672805,12,1841,7.95270728767e-06,
856,triangle,692,1347,693,,355937.5,6955187.5,11250.0,81.37500169542105,82.26666768391927,31.375001695421034,32.26666768391927,6,1721,1.189207115e-05,
857,triangle,127,1338,128,,356187.5,6949337.5,11250.0,60.705554962158146,61.466667811075844,10.705554962158143,11.466667811075846,12,1841,7.95270728767e-06,
858,triangle,139,1339,138,,356687.5,6950112.5,11250.0,50.01666577657063,51.26666704813639,0.01666577657063284,1.2666670481363933,12,1841,7.95270728767e-06,
859,triangle,698,1348,699,,359917.734375,6956400.234375,9281.25,102.03274244256313,105.38278341611228,52.032742442563126,55.38278341611228,65,1681,6.32455532034e-06,
860,triangle,566,1401,567,,363284.56198954186,6955246.849404507,5270.55810546875,35.968022843431,34.84649844382354,-14.031977156569006,-15.153501556176456,12,1841,7.95270728767e-06,
861,triangle,1602,1656,259,,363848.1671282419,6955829.890033085,11130.93310546875,22.432619501415353,23.72008758416129,-27.567380498584647,-26.27991241583871,12,1841,7.95270728767e-06,
862,triangle,924,1747,923,,366693.49314835714,6955210.01237782,73916.9599609375,146.78306987871215,138.59466786768002,96.78306987871214,88.59466786768003,65,1681,6.32455532034e-06,
863,triangle,1785,1886,1159,,357475.93095341494,6956048.742480605,197894.15087890625,128.95896589863537,125.8687106436477,78.95896589863537,75.8687106436477,6,1721,1.189207115e-05,
864,triangle,49,1900,1877,,366937.0927754121,6953882.45470098,53646.068359375,163.34830619421712,161.11713491482234,113.34830619421712,111.11713491482232,65,1681,6.32455532034e-06,
865,triangle,673,1329,672,,359759.4557709447,6953146.09978461,6688.7744140625,37.6721275365851,37.5762991536084,-12.327872463414899,-12.423700846391599,12,1841,7.95270728767e-06,
866,triangle,216,1795,217,,361159.6290000351,6953479.124167756,7973.53125,28.465266313128815,28.188774108617167,-21.534733686871185,-21.81122589138283,12,1841,7.95270728767e-06,
867,triangle,300,1661,1295,,359896.1922350161,6950010.384400971,30736.32958984375,68.82541942516599,63.120623815123,18.825419425165986,13.120623815122997,12,1841,7.95270728767e-06,
868,triangle,893,1604,892,,361949.8478958581,6948429.144357753,79623.8330078125,122.39028864619257,113.01138337575867,72.39028864619257,63.01138337575867,12,1841,7.95270728767e-06,
869,triangle,906,1323,905,,363489.47496216366,6952501.562533704,64325.728515625,138.97789981594718,131.39497810378253,88.97789981594718,81.39497810378253,65,1681,6.32455532034e-06,
870,triangle,809,1831,808,,364169.02004816156,6956655.114865479,64422.2900390625,80.34060189363814,85.68952915949423,30.340601893638144,35.689529159494235,12,1841,7.95270728767e-06,
871,triangle,384,1771,385,,356154.741505719,6951396.740571869,5991.685546875,66.19447289412719,65.75380396933285,16.19447289412718,15.75380396933285,12,1841,7.95270728767e-06,
872,triangle,539,1772,538,,365055.2462750077,6954093.007091952,6411.7021484375,98.78305137564635,98.76808215984806,48.783051375646345,48.76808215984806,65,1681,6.32455532034e-06,
873,triangle,854,1796,1377,,354429.4489462062,6951365.955589786,69515.3564453125,106.20482891156573,106.96212114685879,56.20482891156571,56.96212114685878,65,1681,6.32455532034e-06,
874,triangle,1597,1704,605,,356298.7525704429,6954641.948732535,29139.54296875,79.46821429879844,79.76303878281782,29.46821429879844,29.76303878281783,6,1721,1.189207115e-05,
875,triangle,123,1925,124,,356035.17361111107,6949077.673611111,6468.75,59.291177601248684,60.91614464412957,9.291177601248686,10.916144644129565,12,1841,7.95270728767e-06,
876,triangle,1355,2117,1309,,364163.6138134117,6955687.077916962,19712.6611328125,32.9020077679899,37.852078411655334,-17.097992232010103,-12.147921588344671,12,1841,7.95270728767e-06,
877,triangle,812,1415,811,,363729.92718101543,6956893.117324564,63355.875,128.6297335159264,118.1092897269524,78.6297335159264,68.10928972695238,12,1841,7.95270728767e-06,
878,triangle,903,1335,44,,362690.75336177,6951780.008463815,38460.79296875,114.65598999153488,113.35977226879528,64.65598999153487,63.35977226879529,65,1681,6.32455532034e-06,
879,triangle,1371,2070,846,,354138.9530191834,6954163.5025125025,53486.517578125,106.55478722436432,107.32868184426468,56.55478722436432,57.328681844264686,6,1721,1.189207115e-05,
880,triangle,1188,1749,1741,,355569.81683832454,6952063.939931337,78551.75341796875,105.19796983212773,100.88375379788839,55.197969832127725,50.88375379788838,65,1681,6.32455532034e-06,
881,triangle,1239,1805,27,,355214.35384540725,6949800.436127766,147738.263671875,113.08299129503328,120.65239482698388,63.08299129503329,70.65239482698388,65,1681,6.789741596720001e-06,
882,triangle,240,2005,241,,362682.6219190874,6954959.791774797,8193.390625,23.337297928677103,24.2946890821221,-26.662702071322897,-25.7053109178779,12,1841,7.95270728767e-06,
883,triangle,1494,2017,1312,,355162.26587795414,6951623.124978233,37861.98779296875,89.50289106568856,91.52731634959933,39.50289106568855,41.527316349599324,65,1681,6.32455532034e-06,
884,triangle,1145,1611,1216,,359101.11404177133,6948265.122453262,123912.45703125,96.7026234501595,94.0937405551709,46.7026234501595,44.0937405551709,12,1841,7.95270728767e-06,
885,triangle,670,1366,1360,,359557.2903569967,6953323.097048593,15847.4794921875,41.86832778973328,42.26684662207387,-8.131672210266727,-7.73315337792613,12,1841,7.603817580385e-06,
886,triangle,492,1838,491,,355255.9445259042,6953944.055474095,12724.9814453125,89.47611569294855,89.94371680109782,39.476115692948554,39.943716801097814,6,1721,1.189207115e-05,
887,triangle,1408,1998,342,,358519.0779883382,6948978.04105652,19072.83642578125,74.99404395750572,74.2358327880361,24.994043957505724,24.235832788036106,12,1841,7.95270728767e-06,
888,triangle,1588,1892,864,,355242.6158553941,6948946.364470299,88640.59765625,80.35649986231216,87.24930650078467,30.356499862312166,37.24930650078468,12,1841,7.95270728767e-06,
889,triangle,468,1341,469,,363126.7030660023,6953379.432546436,6123.6611328125,69.08446337013274,70.48705656716032,19.084463370132752,20.48705656716032,12,1841,7.48752101129e-06,
890,triangle,470,1341,471,,363051.7030660023,6953454.432546436,5816.5947265625,68.5956583443686,69.78705707578662,18.59565834436861,19.787057075786624,12,1841,7.95270728767e-06,
891,triangle,554,1344,553,,364076.0054409878,6954559.45101441,5511.8876953125,77.6086363397743,76.28120098416423,27.60863633977431,26.281200984164233,12,1841,7.95270728767e-06,
892,triangle,556,1344,555,,364001.0054409878,6954634.45101441,4561.7607421875,72.10396953741567,72.14786714220459,22.10396953741567,22.1478671422046,12,1841,7.95270728767e-06,
893,triangle,564,1345,563,,363396.2295386905,6955080.33296131,6049.17724609375,39.90244468751874,37.78777742597368,-10.09755531248127,-12.21222257402632,12,1841,7.95270728767e-06,
894,triangle,566,1345,565,,363321.2295386905,6955155.33296131,5025.0419921875,34.672305009890046,35.95444282107459,-15.327694990109949,-14.045557178925408,12,1841,7.95270728767e-06,
895,triangle,595,1346,596,,355789.74965480133,6954849.212123938,5713.6357421875,83.75651294301474,84.16555017156914,33.75651294301475,34.16555017156915,6,1721,1.189207115e-05,
896,triangle,596,1347,595,,355787.5,6954962.5,7031.25,83.73889138963487,83.83333333333333,33.73889138963487,33.833333333333336,6,1721,1.189207115e-05,
897,triangle,691,1347,692,,355887.5,6955212.5,7031.25,82.73333422342935,83.16666666666667,32.733334223429345,33.166666666666664,6,1721,1.189207115e-05,
898,triangle,126,1338,127,,356162.5,6949287.5,7031.25,64.17222097184926,61.83333396911621,14.17222097184925,11.833333969116211,12,1841,7.95270728767e-06,
899,triangle,128,1338,129,,356237.5,6949362.5,7031.25,61.186111556159204,60.90000089009603,11.186111556159197,10.90000089009603,12,1841,7.95270728767e-06,
900,triangle,138,1339,137,,356637.5,6950087.5,7031.25,51.01388814714222,51.29999987284342,1.013888147142209,1.2999998728434246,12,1841,7.95270728767e-06,
901,triangle,140,1339,139,,356712.5,6950162.5,7031.25,50.51944308810765,51.46666653951009,0.519443088107645,1.466666539510091,12,1841,7.95270728767e-06,
902,triangle,142,1339,141,,356712.5,6950262.5,7031.25,51.8722212049696,52.000000635782875,1.8722212049696003,2.0000006357828775,12,1841,7.95270728767e-06,
903,triangle,510,1343,511,,356434.1973508035,6953612.517663304,4590.2978515625,70.89324993774925,71.25088247235146,20.893249937749246,21.250882472351464,65,1681,6.32455532034e-06,
904,triangle,671,1360,672,,359638.9080722951,6953196.974417993,6872.841796875,37.98457179768156,39.03242308045629,-12.015428202318436,-10.967576919543712,12,1841,7.95270728767e-06,
905,triangle,697,1348,698,,359942.734375,6956450.234375,6442.3828125,106.90502200903997,106.48278443336488,56.90502200903995,56.482784433364884,65,1681,6.32455532034e-06,
906,triangle,699,1348,700,,359867.734375,6956375.234375,5651.3671875,102.98707290912671,103.68278392473859,52.98707290912671,53.68278392473858,65,1681,6.32455532034e-06,
907,triangle,53,1355,929,,364423.7673916374,6955898.647024599,38218.3154296875,30.5847199630723,34.61684088240549,-19.415280036927697,-15.383159117594511,12,1841,7.95270728767e-06,
908,triangle,182,1766,181,,358532.04417930916,6952781.105713788,6311.892578125,40.299792985945935,39.9952499771329,-9.700207014054072,-10.004750022867102,12,1841,7.95270728767e-06,
909,triangle,860,1745,859,,354299.248135522,6950113.048509754,50000.4326171875,116.61329539094368,116.11996750987358,66.61329539094368,66.11996750987358,65,1681,6.32455532034e-06,
910,triangle,1395,1611,1145,,359424.7311098892,6948334.27112081,158728.3701171875,98.02034824718808,95.49360015092621,48.02034824718808,45.493600150926206,12,1841,7.95270728767e-06,
911,triangle,1693,2113,523,,357445.1822815588,6953194.383995595,9399.501953125,63.28017305386798,61.70688819073636,13.280173053867987,11.70688819073636,65,1681,6.32455532034e-06,
912,triangle,1711,2131,657,,359142.0823667827,6954281.060501487,10155.50634765625,66.34812310107658,63.895735229937905,16.348123101076585,13.895735229937896,65,1681,6.32455532034e-06,
913,triangle,1269,2090,1158,,357522.58601842815,6950623.35859309,116269.44921875,81.6049595540089,79.07433495939233,31.604959554008897,29.07433495939233,12,1841,7.95270728767e-06,
914,triangle,622,1785,1776,,357036.0189279551,6955633.187552962,44571.8828125,97.26244392752706,101.21697788738851,47.262443927527066,51.21697788738851,6,1721,1.189207115e-05,
915,triangle,353,1671,354,,361205.11492011463,6949437.8589807255,9308.70703125,77.04859882524032,77.80406679950704,27.04859882524032,27.80406679950705,12,1841,7.95270728767e-06,
916,triangle,571,1702,570,,357237.756065807,6954205.281059038,12090.9384765625,81.14779462317506,82.73665345593139,31.147794623175063,32.73665345593138,65,1681,6.32455532034e-06,
917,triangle,575,1619,574,,356940.1244111967,6954001.8702895,9928.5888671875,81.04951218542016,79.82116838553979,31.049512185420156,29.821168385539796,65,1681,6.32455532034e-06,
918,triangle,426,1618,427,,362049.30268273415,6951825.5380017245,11232.0771484375,94.2968114170759,92.5815214205694,44.296811417075894,42.581521420569395,65,1681,6.32455532034e-06,
919,triangle,851,1741,22,,355242.2122692725,6952516.6150922915,60774.837890625,136.96847884412728,130.14356379814762,86.96847884412726,80.14356379814762,65,1681,6.32455532034e-06,
920,triangle,1142,1729,1411,,357771.29747108236,6955282.656374506,116788.65087890625,118.41344323770109,119.00413404084672,68.41344323770107,69.00413404084672,6,1721,1.189207115e-05,
921,triangle,1330,1796,854,,354272.4137704183,6951265.979483016,84389.513671875,108.14396476534782,112.57547413858215,58.14396476534784,62.575474138582166,65,1681,6.32455532034e-06,
922,triangle,1151,1880,1352,,359134.0039614259,6949320.62579994,115813.970703125,84.84917725676226,83.47490018097182,34.84917725676225,33.474900180971815,12,1841,7.95270728767e-06,
923,triangle,881,1369,880,,358694.7246220167,6945969.7631003,49723.9970703125,115.78647792560075,115.73403292243525,65.78647792560075,65.73403292243525,12,1841,7.95270728767e-06,
924,triangle,1355,1753,929,,364577.1387633447,6955716.61985683,93494.7138671875,31.807490911868836,44.77821256950568,-18.192509088131164,-5.221787430494313,12,1841,7.95270728767e-06,
925,triangle,920,1798,919,,367629.443685411,6954376.76586951,53515.908203125,171.4674308920578,168.99109792071155,121.46743089205779,118.99109792071158,65,1681,6.32455532034e-06,
926,triangle,1198,1513,1511,,361265.7835679722,6952221.12512415,32008.4111328125,60.73634869758926,65.11348829282444,10.736348697589253,15.113488292824448,12,1841,7.95270728767e-06,
927,triangle,514,2073,515,,356730.0716797188,6953235.326777037,6705.173828125,69.8191238816507,71.14701579084709,19.819123881650697,21.147015790847092,65,1681,6.32455532034e-06,
928,triangle,1360,1649,194,,359427.7205992353,6953016.2662772415,19460.44580078125,39.195041720539294,39.84560065327346,-10.804958279460708,-10.154399346726542,12,1841,7.95270728767e-06,
929,triangle,862,1892,27,,354883.1042906321,6949509.028588722,66494.5595703125,128.9588468155779,125.8200028084744,78.95884681557791,75.82000280847438,65,1681,7.02233473491e-06,
930,triangle,1388,1658,1467,,360565.2714127743,6948379.911158703,39636.3466796875,83.94948148690631,83.3425644117424,33.94948148690631,33.34256441174241,12,1841,7.95270728767e-06,
931,triangle,1191,1743,1171,,360317.3517733261,6953916.334338429,87406.77197265625,94.26084350872044,89.87921335555318,44.26084350872045,39.87921335555318,65,1681,6.32455532034e-06,
932,triangle,628,1325,629,,356397.67805185955,6955512.483987827,10103.16748046875,87.94658082529034,88.67998075101839,37.946580825290354,38.679980751018384,6,1721,1.189207115e-05,
933,triangle,211,2079,210,,360706.60747906513,6953483.949303466,5888.455078125,28.86256363481416,30.79350197025957,-21.13743636518584,-19.206498029740427,12,1841,7.95270728767e-06,
934,triangle,1605,1833,10,,360609.75769238087,6956841.84697516,49119.92431640625,143.37614440068788,138.24181246038933,93.37614440068786,88.24181246038934,65,1681,6.32455532034e-06,
935,triangle,1167,1402,1379,,358980.1563796466,6953069.7237706715,54040.63720703125,45.11514573756986,43.607211674429045,-4.884854262430141,-6.3927883255709546,12,1841,7.778262434027501e-06,
936,triangle,533,1760,534,,365437.5,6954300.0,8437.5,112.54999923706055,108.61666742960612,62.54999923706055,58.61666742960612,65,1681,6.32455532034e-06,
937,triangle,580,1761,581,,354640.53591032745,6954682.59992822,7582.50830078125,96.22990962613454,97.03588584082752,46.22990962613453,47.03588584082752,6,1721,1.189207115e-05,
938,triangle,586,1762,587,,355088.62420699646,6954700.043654052,5620.0888671875,94.63050468774807,93.68898037696319,44.630504687748065,43.688980376963194,6,1721,1.189207115e-05,
939,triangle,594,1319,593,,355611.4583333333,6954952.604166667,5917.96875,85.87916575539383,85.89817548018914,35.879165755393835,35.898175480189146,6,1721,1.189207115e-05,
940,triangle,677,1763,676,,354862.8018119062,6955935.643485934,6822.39208984375,94.34244282532266,95.2448417817315,44.34244282532267,45.24484178173148,6,1721,1.189207115e-05,
941,triangle,719,1764,720,,358895.9130571072,6956482.762530892,7564.21484375,121.9964700077752,119.35927735678179,71.9964700077752,69.35927735678179,65,1681,6.32455532034e-06,
942,triangle,78,1757,77,,358360.48072579736,6948108.399694507,7258.41796875,77.92787891658911,76.50902701000375,27.927878916589115,26.509027010003745,12,1841,7.95270728767e-06,
943,triangle,144,1735,143,,356729.8342980552,6950439.062085192,5081.1416015625,52.45249083879861,52.41277816274441,2.452490838798603,2.412778162744408,12,1841,7.95270728767e-06,
944,triangle,325,1758,326,,359233.92159287044,6951871.7634546235,6628.6796875,49.03911917961827,46.020249656414116,-0.960880820381733,-3.9797503435858785,12,1841,7.95270728767e-06,
945,triangle,416,1759,417,,362393.9684712179,6951099.484001695,7758.95263671875,94.08592977130752,94.88068110804177,44.08592977130751,44.880681108041784,65,1681,6.32455532034e-06,
946,triangle,457,1740,456,,359696.16624646634,6952561.727843366,10361.9150390625,40.713970438560104,40.24389217769095,-9.286029561439893,-9.756107822309046,12,1841,7.95270728767e-06,
947,triangle,29,1774,865,,355773.40324824065,6948281.185110732,52634.94091796875,78.22796478649094,76.8043400350199,28.227964786490944,26.80434003501991,12,1841,7.95270728767e-06,
948,triangle,662,2089,661,,359492.4538352974,6953970.460930943,7077.91162109375,54.64354946567816,53.96933451301283,4.643549465678167,3.9693345130128335,65,1681,6.32455532034e-06,
949,triangle,1232,1625,60,,359250.2215564622,6947024.339114943,29556.388671875,90.99859670436695,91.0540848597794,40.99859670436695,41.0540848597794,12,1841,7.95270728767e-06,
950,triangle,1231,1624,62,,358981.6456167302,6946871.450806552,22830.6962890625,88.64402631426724,93.32365303891079,38.644026314267236,43.3236530389108,12,1841,7.95270728767e-06,
951,triangle,204,2084,203,,360173.5536938892,6953109.953250554,6907.4501953125,30.46292559981289,31.741219337779807,-19.537074400187105,-18.258780662220193,12,1841,7.95270728767e-06,
952,triangle,236,1404,235,,362275.0,6954700.0,8437.5,24.166666666666664,24.066666920979817,-25.833333333333336,-25.933333079020183,12,1841,7.95270728767e-06,
953,triangle,618,1404,619,,362275.0,6954950.0,8437.5,27.977777481079105,28.099999745686848,-22.022222518920902,-21.900000254313152,12,1841,7.95270728767e-06,
954,triangle,529,1696,1694,,357790.1820026259,6952856.250100173,11407.57763671875,46.1616427470076,47.28532448765736,-3.838357252992399,-2.714675512342632,65,1681,7.0804830194575e-06,
955,triangle,1492,1670,350,,361436.94530971907,6949610.187217626,11233.87646484375,85.18746464821356,84.26466552060248,35.18746464821358,34.26466552060248,12,1841,7.95270728767e-06,
956,triangle,1500,1676,387,,356279.86148273974,6951626.108580001,9085.732421875,65.25609113580171,63.68279649403748,15.256091135801716,13.682796494037477,12,1841,7.95270728767e-06,
957,triangle,352,1672,1669,,361394.9048307003,6949378.920727785,11796.9521484375,81.05729480809674,81.1070752938421,31.057294808096735,31.107075293842104,12,1841,7.95270728767e-06,
958,triangle,845,2070,1371,,354046.9438767065,6954357.405236247,60028.27099609375,107.44242809103444,107.19507881673611,57.44242809103443,57.19507881673612,6,1721,1.189207115e-05,
959,triangle,1611,1751,1216,,358880.8908489431,6948424.769314368,66373.48193359375,90.67813388097547,87.64270264765645,40.67813388097547,37.64270264765644,12,1841,7.95270728767e-06,
960,triangle,615,2057,614,,362119.6578036327,6955316.607216429,6892.314453125,42.91428480800878,44.24512738797417,-7.085715191991219,-5.754872612025835,12,1841,7.313076157647499e-06,
961,triangle,567,1401,568,,363234.56198954186,6955271.849404507,9158.78125,33.726742452852214,33.67983241293975,-16.27325754714778,-16.320167587060244,12,1841,7.95270728767e-06,
962,triangle,1282,2019,1156,,355565.52199405135,6953489.379035619,91436.51513671875,114.83866173546059,108.2010706555216,64.83866173546058,58.2010706555216,65,1681,6.32455532034e-06,
963,triangle,1732,1892,1588,,355397.2241160903,6949097.370056807,81892.912109375,78.05609731239812,80.80252300819427,28.056097312398123,30.802523008194274,12,1841,7.95270728767e-06,
964,triangle,898,1779,897,,362728.27822870103,6949716.801923432,50187.12841796875,116.67818148509993,114.9340621297351,66.67818148509993,64.93406212973511,65,1681,6.32455532034e-06,
965,triangle,498,1844,497,,355762.5,6954074.356802671,8365.14013671875,79.93585044133505,81.89603015743542,29.93585044133504,31.896030157435415,6,1721,1.189207115e-05,
966,triangle,32,1923,1166,,357906.85774409556,6947683.614305477,89051.6064453125,94.65044351642379,90.21077092386334,44.650443516423806,40.21077092386336,12,1841,7.95270728767e-06,
967,triangle,1222,1861,1154,,362994.08945155656,6953938.9185122065,54894.4853515625,74.44808182983402,70.91926346938065,24.448081829834013,20.919263469380656,12,1841,7.95270728767e-06,
968,triangle,842,1985,1594,,354305.4342964781,6955451.010995046,87020.78515625,100.91302768288001,104.82629954609992,50.91302768288,54.826299546099925,6,1721,1.189207115e-05,
969,triangle,622,1776,623,,356887.5,6955574.221743296,8349.94580078125,94.54221667001956,96.67619657881612,44.54221667001956,46.67619657881611,6,1721,1.189207115e-05,
970,triangle,712,1792,713,,358332.7816205534,6956682.781620554,12311.6357421875,130.40342591435407,129.94409390998797,80.40342591435407,79.94409390998798,65,1681,6.32455532034e-06,
971,triangle,759,2140,758,,356661.21653421054,6956688.513914804,5366.54443359375,106.8978108861399,107.00194152750511,56.897810886139894,57.00194152750512,6,1721,1.189207115e-05,
972,triangle,761,2140,760,,356561.21653421054,6956588.513914804,5366.544921875,102.50953344920309,102.96860615966658,52.50953344920309,52.96860615966657,6,1721,1.189207115e-05,
973,triangle,365,2142,366,,354711.91275970294,6950914.848835451,5294.69189453125,89.80151453630315,89.77233453689513,39.801514536303145,39.77233453689514,65,1681,6.32455532034e-06,
974,triangle,363,2142,364,,354611.91275970294,6950814.848835451,5294.69140625,93.82440566602155,93.93899866043029,43.82440566602155,43.93899866043029,65,1681,6.32455532034e-06,
975,triangle,542,1773,541,,364839.17947173206,6954096.37782162,6032.4951171875,94.2235157335911,94.82975186330316,44.2235157335911,44.82975186330315,65,1681,6.32455532034e-06,
976,triangle,60,1625,61,,359137.5,6946962.5,5625.0,85.63333257039386,86.1916675567627,35.63333257039386,36.191667556762695,12,1841,7.95270728767e-06,
977,triangle,62,1624,61,,359064.9791194617,6946936.028238532,5511.67236328125,85.30839021280629,86.22508616539109,35.308390212806295,36.2250861653911,12,1841,7.95270728767e-06,
978,triangle,66,1626,65,,358913.8557706407,6947245.391411078,4584.69189453125,84.19823172282602,83.51851664760278,34.19823172282603,33.51851664760278,12,1841,7.95270728767e-06,
979,triangle,68,1627,69,,358727.2321428571,6947437.946428572,4520.08984375,79.06202245515317,80.2553568340548,29.062022455153155,30.255356834054794,12,1841,7.95270728767e-06,
980,triangle,85,1427,84,,358337.21316651657,6948630.29354599,6467.99462890625,68.43207522033097,68.34315921782314,18.432075220330983,18.343159217823146,12,1841,7.95270728767e-06,
981,triangle,95,1630,96,,357513.7201947106,6948566.004148913,5881.9453125,64.11165391942028,63.335980300729716,14.111653919420277,13.335980300729716,12,1841,7.95270728767e-06,
982,triangle,97,1629,96,,357538.4932544446,6948489.88662969,5468.2451171875,63.408873258375934,62.81122847597518,13.408873258375936,12.81122847597517,12,1841,7.95270728767e-06,
983,triangle,131,1636,130,,356323.6250985165,6949541.659378439,4841.35693359375,56.22461098991258,55.604418061507396,6.22461098991258,5.604418061507391,12,1841,7.95270728767e-06,
984,triangle,135,1638,134,,356512.5,6949887.5,5625.0,53.283333460489885,53.391666412353516,3.2833334604898843,3.3916664123535156,12,1841,7.95270728767e-06,
985,triangle,135,1637,136,,356592.35608587274,6949865.771007483,5803.3212890625,60.53509716477649,57.67610988674051,10.535097164776495,7.676109886740515,12,1841,7.95270728767e-06,
986,triangle,157,1639,158,,356962.1680936834,6951442.261904761,5051.9462890625,49.24161053553579,48.68575213892121,-0.7583894644642049,-1.3142478610787893,12,1841,7.95270728767e-06,
987,triangle,161,1641,162,,357111.038812314,6951744.924274687,4625.3857421875,45.5613414799034,47.04845182101377,-4.438658520096608,-2.951548178986233,12,1841,7.95270728767e-06,
988,triangle,168,1643,169,,357561.5827804336,6952192.668920246,4940.30908203125,43.14639797931558,43.59953950085978,-6.853602020684414,-6.400460499140222,12,1841,7.95270728767e-06,
989,triangle,170,1644,171,,357762.5,6952387.5,5625.0,39.79999955495201,40.46666653951009,-10.200000445047996,-9.533333460489908,12,1841,7.95270728767e-06,
990,triangle,257,1657,258,,363839.23812292237,6955690.759607904,5453.8330078125,23.341742837714335,22.901109832090793,-26.65825716228566,-27.098890167909207,12,1841,7.95270728767e-06,
991,triangle,259,1656,258,,363813.2774259648,6955762.8715771185,5579.34228515625,20.489635697929018,20.61627525205208,-29.510364302070982,-29.38372474794792,12,1841,7.95270728767e-06,
992,triangle,278,1658,279,,360504.3269070244,6948663.1104311645,7449.353515625,69.81341302772108,71.1745057676237,19.81341302772108,21.174505767623696,12,1841,7.95270728767e-06,
993,triangle,287,1471,288,,360409.62683884776,6949362.367381019,5286.849609375,63.47235999910704,60.71432953152286,13.472359999107034,10.714329531522862,12,1841,7.95270728767e-06,
994,triangle,298,1661,299,,359858.6922350161,6949847.884400971,6364.87158203125,55.13748999476959,57.978956766986606,5.137489994769585,7.978956766986602,12,1841,7.95270728767e-06,
995,triangle,300,1663,301,,359735.79931972787,6950034.523809523,5098.85205078125,57.260846061572906,55.949563702278965,7.260846061572913,5.949563702278972,12,1841,7.95270728767e-06,
996,triangle,302,1662,301,,359662.5,6950012.5,5625.0,55.67500050862623,53.683334032694496,5.6750005086262325,3.6833340326944985,12,1841,7.95270728767e-06,
997,triangle,310,1666,311,,359517.1197886061,6950791.136745404,6553.8603515625,48.36706803165636,49.003273252707764,-1.6329319683436399,-0.9967267472922406,12,1841,7.95270728767e-06,
998,triangle,312,1665,311,,359437.5,6950762.5,5625.0,47.84999942779538,47.94166628519694,-2.150000572204621,-2.05833371480306,12,1841,7.95270728767e-06,
999,triangle,350,1670,351,,361416.95245723194,6949542.801718544,5720.5419921875,81.5056834609542,81.08279164290566,31.505683460954188,31.082791642905658,12,1841,7.95270728767e-06,
1000,triangle,352,1669,351,,361433.41958641034,6949448.432527315,6748.5439453125,79.11612804625356,79.6899895034781,29.11612804625355,29.689989503478103,12,1841,7.95270728767e-06,
1001,triangle,371,1675,372,,355215.06532300723,6951253.668590707,6907.13232421875,77.37968543916975,77.17624994962333,27.37968543916974,27.176249949623326,65,1681,6.32455532034e-06,
1002,triangle,373,1674,372,,355187.5,6951337.5,5625.0,75.75833447774251,76.17499923706055,25.758334477742505,26.174999237060547,65,1681,6.32455532034e-06,
1003,triangle,385,1677,386,,356259.27517807734,6951485.231243692,5517.44287109375,61.89379323657174,62.75000328361282,11.893793236571737,12.750003283612822,12,1841,7.95270728767e-06,
1004,triangle,387,1676,386,,356242.36148273974,6951563.608580001,5202.7978515625,62.73790877399816,62.00779630330262,12.737908773998157,12.007796303302614,12,1841,7.95270728767e-06,
1005,triangle,393,1678,392,,356687.5,6951787.5,5625.0,55.899999936421736,56.06666628519694,5.899999936421731,6.06666628519694,12,1841,7.95270728767e-06,
1006,triangle,397,1679,398,,356965.88293650793,6952126.77579365,4399.5537109375,53.67032283859908,53.25823486313237,3.6703228385990774,3.2582348631323748,12,1841,7.95270728767e-06,
1007,triangle,403,1680,402,,357282.2353144993,6952394.525664796,7007.66455078125,49.18467402299382,49.93719255278165,-0.8153259770061796,-0.06280744721834353,12,1841,7.95270728767e-06,
1008,triangle,524,1693,523,,357462.5,6953137.5,5625.0,55.60000038146974,54.55833371480306,5.600000381469737,4.55833371480306,65,1681,6.32455532034e-06,
1009,triangle,524,1692,525,,357437.5,6953062.5,5625.0,50.89166673024498,51.48333422342936,0.8916667302449727,1.483334223429362,65,1681,6.32455532034e-06,
1010,triangle,527,1695,528,,357634.60829493083,6952862.041330646,6001.9169921875,45.216779031055914,45.19232845300778,-4.78322096894409,-4.807671546992213,65,1681,6.4408518894350004e-06,
1011,triangle,529,1694,528,,357726.71759791765,6952890.492811147,7561.17138671875,47.012795456848494,47.6787762039258,-2.987204543151504,-2.321223796074195,65,1681,6.4990001739825e-06,
1012,triangle,532,1446,531,,357912.5,6952612.5,5625.0,40.5083335240682,40.76666736602783,-9.491666475931796,-9.233332633972168,12,1841,7.95270728767e-06,
1013,triangle,604,1704,603,,356142.9422072598,6954605.921887328,5497.21044921875,75.48022224791609,76.97102210769394,25.4802222479161,26.97102210769394,6,1721,1.189207115e-05,
1014,triangle,606,1705,607,,356326.63807281153,6954403.78576959,5014.81787109375,74.75899681816962,74.77327784970446,24.758996818169614,24.773277849704453,6,1721,1.189207115e-05,
1015,triangle,656,1559,655,,359287.09705473104,6954291.704835343,5106.62451171875,61.307275510478526,60.50180069694935,11.307275510478526,10.501800696949354,65,1681,6.32455532034e-06,
1016,triangle,656,1711,657,,359206.82436377445,6954306.9361077845,5637.57080078125,64.07293918281331,62.258689865936326,14.072939182813322,12.258689865936324,65,1681,6.32455532034e-06,
1017,triangle,705,1571,704,,359635.1806026862,6956060.652730647,5571.8857421875,87.42291025785262,89.46044663864434,37.42291025785261,39.460446638644356,65,1681,6.32455532034e-06,
1018,triangle,729,1570,728,,359635.7352120536,6956284.172712053,5052.14111328125,93.80776493116183,93.37953014497788,43.80776493116182,43.37953014497788,65,1681,6.32455532034e-06,
1019,triangle,765,1723,764,,356250.136549389,6956357.219197456,4828.2021484375,93.3459613938474,93.46956908871273,43.34596139384742,43.469569088712724,6,1721,1.189207115e-05,
1020,triangle,740,1351,741,,355975.4403911585,6955997.199239087,8703.0419921875,87.66852309862976,87.85237628616535,37.66852309862976,37.85237628616535,6,1721,1.189207115e-05,
1021,triangle,171,1363,170,,357705.0,6952436.09375,6310.546875,40.0403336159388,40.01670829931894,-9.9596663840612,-9.983291700681056,12,1841,7.95270728767e-06,
1022,triangle,207,1350,208,,360496.9291522633,6953151.214308962,7955.419921875,30.578953846209046,30.042403170665903,-19.42104615379095,-19.9575968293341,12,1841,7.95270728767e-06,
1023,triangle,1153,1919,1741,,355739.14438356383,6952685.449924833,172683.396484375,121.97191732791049,117.32966120563731,71.97191732791049,67.32966120563732,65,1681,6.32455532034e-06,
1024,triangle,892,1733,891,,361476.1509266927,6948261.201713775,85916.90087890625,102.48699814029118,100.55035839451837,52.48699814029118,50.550358394518376,12,1841,7.95270728767e-06,
1025,triangle,1183,1999,1149,,357681.60597892315,6949288.269053719,112019.68798828125,86.02967376340777,85.20827506619592,36.02967376340777,35.20827506619593,12,1841,7.95270728767e-06,
1026,triangle,1371,1596,844,,354165.51487773895,6954692.246468742,82891.6806640625,108.45536098893935,108.13060733647575,58.45536098893935,58.13060733647575,6,1721,1.189207115e-05,
1027,triangle,1187,1256,1143,,355499.1025752875,6950779.14923482,111716.462890625,105.87022547665089,111.08247440002985,55.87022547665089,61.082474400029845,65,1681,6.32455532034e-06,
1028,triangle,257,1462,1224,,363721.1553411377,6955514.0124839945,18080.35693359375,43.045728423941284,35.44588073600452,-6.954271576058722,-14.554119263995487,12,1841,7.95270728767e-06,
1029,triangle,630,1359,631,,356235.85311687324,6955356.942665313,10810.07373046875,84.90450544868759,84.8614657307145,34.90450544868759,34.8614657307145,6,1721,1.189207115e-05,
1030,triangle,543,1848,544,,364702.1589730156,6954200.753653626,5709.7861328125,92.17708186932563,92.52885793672806,42.17708186932564,42.52885793672806,65,1681,6.32455532034e-06,
1031,triangle,1296,2016,1819,,363980.0795968964,6953265.140672643,70375.6982421875,90.0556038617396,92.14017498572906,40.05560386173961,42.14017498572907,65,1681,6.32455532034e-06,
1032,triangle,841,1594,840,,354269.4168777601,6955833.492573708,58995.1201171875,108.40692933301108,106.77145927984122,58.406929333011085,56.77145927984122,6,1721,1.189207115e-05,
1033,triangle,1890,2019,1337,,355093.09936089115,6953301.382653681,64855.32275390625,118.09640803886141,118.71251993026515,68.09640803886143,68.71251993026515,65,1681,6.32455532034e-06,
1034,triangle,1314,1979,1417,,358504.85267854674,6951382.529704805,30169.54052734375,57.676609309143764,57.28628655853148,7.6766093091437675,7.286286558531476,12,1841,7.95270728767e-06,
1035,triangle,757,1806,758,,356687.3199267205,6956864.438781384,11488.37109375,119.34641250592873,116.25368705496997,69.34641250592873,66.25368705496997,65,1681,6.921074873517858e-06,
1036,triangle,1150,1880,1611,,359214.94877594436,6948856.174382914,146393.88671875,85.11858951792766,86.93058563575896,35.11858951792766,36.93058563575895,12,1841,7.95270728767e-06,
1037,triangle,676,1594,1561,,354728.33395808004,6955766.005321289,28959.6904296875,100.53017912051853,97.45574907384444,50.530179120518525,47.45574907384445,6,1721,1.189207115e-05,
1038,triangle,837,1385,16,,355354.26606732345,6956985.0007074205,44504.91455078125,128.4485420187964,125.32268045572118,78.4485420187964,75.32268045572118,65,1681,6.32455532034e-06,
1039,triangle,1179,2106,1842,,360530.8485912254,6950505.316903859,152142.42919921875,81.335129955826,86.0179127967511,31.335129955826005,36.01791279675111,12,1841,7.95270728767e-06,
1040,triangle,1411,2091,1142,,358019.79925551923,6955247.367422316,120605.9033203125,125.99843276869039,124.30643292625352,75.99843276869039,74.30643292625352,6,1721,1.189207115e-05,
1041,triangle,880,1815,879,,358447.3251242664,6946210.053398754,53475.51171875,114.7331414776118,116.34148937271694,64.73314147761178,66.34148937271695,12,1841,7.95270728767e-06,
1042,triangle,1284,1760,1152,,365217.39765533706,6954576.583617794,50620.21484375,109.05013817364465,107.69361808547889,59.050138173644655,57.693618085478896,65,1681,6.32455532034e-06,
1043,triangle,1690,2019,1282,,355444.5251360587,6953678.933183566,43979.9365234375,105.64978165381306,99.1651203914689,55.649781653813065,49.165120391468896,65,1681,6.32455532034e-06,
1044,triangle,1372,1986,1882,,358214.93088447116,6954228.371816154,199233.05078125,101.14944842398917,101.17819266607229,51.14944842398917,51.1781926660723,65,1681,6.32455532034e-06,
1045,triangle,884,1850,883,,359390.94441388285,6945780.595422164,57491.9072265625,121.69309622479071,118.83799541569105,71.6930962247907,68.83799541569105,12,1841,7.95270728767e-06,
1046,triangle,1739,1891,1161,,358528.6560613738,6950228.3670066865,179356.22998046875,85.62868112660945,87.81164580627899,35.62868112660946,37.81164580627898,12,1841,7.95270728767e-06,
1047,triangle,1256,1780,1294,,354973.02083967737,6950609.824855107,45183.7080078125,117.53852650066605,114.72748013602552,67.53852650066607,64.72748013602552,65,1681,6.32455532034e-06,
1048,triangle,874,1755,873,,357088.7119098787,6947299.47026066,59924.53515625,92.8410248451433,87.56955576019664,42.84102484514328,37.56955576019663,12,1841,7.95270728767e-06,
1049,triangle,491,1838,1370,,355084.7824018332,6953929.793328549,43291.05126953125,96.79101450931545,95.96422217090168,46.791014509315445,45.96422217090167,6,1721,1.189207115e-05,
1050,triangle,1235,1842,1146,,360172.01949475467,6951167.723640733,158957.35107421875,80.51743841361308,75.77906716774228,30.51743841361307,25.779067167742284,12,1841,7.95270728767e-06,
1051,triangle,1748,2049,1789,,359396.76906498853,6957128.997426721,84378.30224609375,143.95508198184993,136.1504445887114,93.95508198184991,86.15044458871142,65,1681,6.32455532034e-06,
1052,triangle,121,1990,120,,355754.52025014366,6948854.293358802,5116.47216796875,59.356918082812314,60.103078605055266,9.356918082812314,10.10307860505527,12,1841,7.95270728767e-06,
1053,triangle,16,1612,836,,355544.274089609,6957237.178383305,63701.6953125,131.25943299807494,134.48181713044275,81.25943299807494,84.48181713044276,65,1681,6.32455532034e-06,
1054,triangle,222,2095,223,,361545.96180681867,6953829.038193181,7528.90625,27.608865175627905,28.584700169328173,-22.39113482437209,-21.415299830671827,12,1841,7.95270728767e-06,
1055,triangle,1154,1861,1219,,363170.2982025039,6953859.108631336,83091.4326171875,82.97414362764243,78.90349073034554,32.974143627642434,28.90349073034554,12,1841,7.95270728767e-06,
1056,triangle,1821,1904,1207,,360154.7281131616,6948730.102173657,33819.05322265625,83.73111812570055,84.17763132597382,33.73111812570054,34.177631325973806,12,1841,7.95270728767e-06,
1057,triangle,1150,1611,1395,,359498.53502128465,6948655.711249807,165877.087890625,93.28392667940615,91.32767025550089,43.283926679406136,41.32767025550089,12,1841,7.95270728767e-06,
1058,triangle,865,1730,864,,355440.5913381148,6948557.33766996,61740.26220703125,81.56544994090116,78.448998145458,31.565449940901164,28.448998145458006,12,1841,7.95270728767e-06,
1059,triangle,1867,2062,1542,,355101.72839224973,6954935.2443687515,18672.529296875,95.98475386837475,95.08335076469147,45.98475386837475,45.08335076469147,6,1721,1.189207115e-05,
1060,triangle,767,1373,768,,356096.5553868581,6956174.699894771,8791.2568359375,89.71724882859627,89.83175892547693,39.71724882859626,39.831758925476926,6,1721,1.189207115e-05,
1061,triangle,1296,2058,907,,363933.35268180165,6952700.496231309,68789.62060546875,139.064987787949,126.33534811242953,89.06498778794898,76.33534811242953,65,1681,6.32455532034e-06,
1062,triangle,1217,1500,1313,,356340.6976744186,6951814.615633075,30334.30224609375,70.7708497898035,72.4334445814675,20.770849789803506,22.433444581467498,12,1841,7.836410718575001e-06,
1063,triangle,93,1912,92,,357806.3092608696,6948547.8744423585,5864.125,66.58909136846987,66.59221624906282,16.589091368469866,16.592216249062812,12,1841,7.95270728767e-06,
1064,triangle,431,1920,430,,361660.30712285655,6951857.6468698485,4764.7265625,78.00834439320604,78.86452307320998,28.00834439320606,28.864523073209977,12,1841,7.95270728767e-06,
1065,triangle,537,1913,538,,365117.03824503865,6954193.194020334,4859.32763671875,97.92798822818125,100.10204209758092,47.927988228181235,50.10204209758093,65,1681,6.32455532034e-06,
1066,triangle,590,1914,591,,355405.9760719344,6954782.654902446,4763.8232421875,87.5390954273945,87.6059111831939,37.53909542739451,37.60591118319389,6,1721,1.189207115e-05,
1067,triangle,626,1915,625,,356680.6951155688,6955456.328362071,4913.05908203125,90.97598844547836,91.78361365259694,40.975988445478364,41.783613652596934,6,1721,1.189207115e-05,
1068,triangle,308,1909,307,,359506.10310358525,6950495.724417351,4938.40087890625,55.42344311534848,54.81990979519916,5.423443115348481,4.819909795199162,12,1841,7.95270728767e-06,
1069,triangle,420,1910,421,,362307.1428571429,6951437.5,6428.5712890625,91.30555531335342,92.70476168677935,41.30555531335341,42.70476168677934,65,1681,6.32455532034e-06,
1070,triangle,482,1911,481,,362430.9514762407,6953989.733711168,4955.458984375,37.70933644884678,39.77260280523243,-12.290663551153225,-10.227397194767564,12,1841,7.95270728767e-06,
1071,triangle,484,1911,483,,362430.9514762407,6954089.733711168,4955.45849609375,36.18418259912945,37.37260255091928,-13.815817400870554,-12.627397449080716,12,1841,7.95270728767e-06,
1072,triangle,342,1998,343,,358506.5779883382,6948868.04105652,4842.11865234375,69.19819761461021,70.61916739293518,19.1981976146102,20.619167392935193,12,1841,7.95270728767e-06,
1073,triangle,1140,1891,1739,,358238.4797979737,6950066.897981702,143914.51416015625,86.14928059903482,91.25254936249105,36.14928059903484,41.25254936249106,12,1841,7.95270728767e-06,
1074,triangle,908,1921,1296,,364245.6017325754,6952714.2323445575,64179.31640625,126.5980184716414,124.08594118993845,76.5980184716414,74.08594118993845,65,1681,6.32455532034e-06,
1075,triangle,128,1787,127,,356089.0625,6949435.9375,10898.4375,57.060417095820114,57.995443403720856,7.060417095820111,7.995443403720856,12,1841,7.95270728767e-06,
1076,triangle,480,1876,479,,362427.29538343643,6953824.2772177,5366.76904296875,40.864130368501954,43.727946476910596,-9.135869631498046,-6.272053523089402,12,1841,7.95270728767e-06,
1077,triangle,1156,2019,1919,,355519.05991657125,6953245.891598191,134359.16845703125,127.49247567257464,119.21531453085095,77.49247567257466,69.21531453085095,65,1681,6.32455532034e-06,
1078,triangle,1160,2033,1171,,360450.4018615459,6954365.80484841,145315.9794921875,124.80346090905125,111.84403533171769,74.80346090905124,61.84403533171767,65,1681,6.32455532034e-06,
1079,triangle,262,263,5,,364140.8333333333,6955942.6878306195,5833.630859375,23.54373019770346,27.273190241641817,-26.45626980229654,-22.726809758358183,12,1841,7.95270728767e-06,
1080,triangle,347,1824,346,,361815.23364618985,6949634.766353811,11865.0703125,84.92204091165789,84.19438851008815,34.922040911657874,34.194388510088146,12,1841,7.95270728767e-06,
1081,triangle,357,1333,356,,361069.6428571429,6949105.357142857,12857.142578125,74.94416099772555,73.74438688057786,24.944160997725543,23.74438688057786,12,1841,7.95270728767e-06,
1082,triangle,210,1879,1653,,360746.2224276829,6953348.59635333,18463.537109375,29.35635380459089,31.205963098505872,-20.64364619540911,-18.794036901494128,12,1841,7.95270728767e-06,
1083,triangle,1257,1513,1198,,361179.76117995894,6952353.613108914,61597.2548828125,71.45486129762689,67.7760513938092,21.454861297626902,17.776051393809194,12,1841,7.95270728767e-06,
1084,triangle,1153,1383,1156,,356079.05646553513,6953027.329371129,93159.39990234375,108.88655988752035,106.84945124092889,58.886559887520356,56.849451240928886,65,1681,6.32455532034e-06,
1085,triangle,1156,1919,1153,,355831.93211429124,6952967.168165875,135902.8291015625,116.70824663155923,117.693283104692,66.70824663155925,67.69328310469201,65,1681,6.32455532034e-06,
1086,triangle,1142,1785,1729,,357599.9939000923,6955514.447025073,130895.31494140625,119.11074009626336,118.38153105824057,69.11074009626336,68.38153105824057,6,1721,1.189207115e-05,
1087,triangle,1329,1950,671,,359794.3592085577,6953249.995203258,12270.22265625,41.2710301987858,40.85410937104347,-8.7289698012142,-9.14589062895653,12,1841,7.95270728767e-06,
1088,triangle,670,1360,671,,359613.9080722951,6953246.974417993,10025.7197265625,39.04969296140406,39.46575615947648,-10.950307038595941,-10.534243840523528,12,1841,7.95270728767e-06,
1089,triangle,918,1798,917,,367693.5146440439,6953965.764780805,41786.2041015625,170.47289539838616,168.95610673839673,120.47289539838614,118.95610673839674,65,1681,6.32455532034e-06,
1090,triangle,1300,1613,33,,358544.39930082235,6947083.843709911,53237.1416015625,117.28683638584445,107.57529806511836,67.28683638584444,57.57529806511837,12,1841,7.95270728767e-06,
1091,triangle,245,1412,246,,362916.68925382657,6955352.060746173,7270.70703125,24.007567724191357,23.910489407081712,-25.992432275808646,-26.089510592918288,12,1841,7.95270728767e-06,
1092,triangle,453,1993,452,,360388.83241647,6952862.895885396,8243.06640625,34.79708903277129,36.10903717371264,-15.20291096722871,-13.890962826287355,12,1841,7.95270728767e-06,
1093,triangle,1372,1882,1144,,358260.258495949,6953907.688513647,159273.52001953125,99.35359955259156,93.83832225405119,49.35359955259155,43.83832225405117,65,1681,6.32455532034e-06,
1094,triangle,1520,2107,1394,,362454.4063078326,6953461.708168954,32120.5146484375,74.59185522668947,75.00745113666893,24.591855226689464,25.007451136668937,12,1841,7.95270728767e-06,
1095,triangle,445,2149,444,,360580.06412870175,6952309.174004273,6835.7099609375,43.76229417681762,44.138266190503266,-6.237705823182379,-5.861733809496729,12,1841,7.95270728767e-06,
1096,triangle,727,1883,726,,359475.0623582766,6956463.471677132,7147.5791015625,102.40456505205377,102.67659019085788,52.404565052053776,52.67659019085789,65,1681,6.32455532034e-06,
1097,triangle,1837,1876,1202,,362198.210541198,6953782.440523901,31620.3759765625,55.32919359530178,52.4556895058619,5.329193595301781,2.455689505861898,12,1841,7.95270728767e-06,
1098,triangle,1333,1672,355,,361206.12810143287,6949185.845343326,26671.244140625,83.75571418272798,80.26147368819447,33.75571418272797,30.261473688194467,12,1841,7.95270728767e-06,
1099,triangle,816,1788,815,,362407.65250318235,6956557.085760125,64112.7158203125,141.0056280793804,134.6043737651639,91.00562807938037,84.60437376516391,65,1681,6.32455532034e-06,
1100,triangle,280,1658,1298,,360652.9976574692,6948651.193152942,23951.90380859375,74.66225910268315,73.6040805736735,24.66225910268315,23.60408057367349,12,1841,7.95270728767e-06,
1101,triangle,1341,1861,472,,363045.71139400644,6953581.774750861,11623.58544921875,69.54629728573202,71.16217134707983,19.54629728573202,21.16217134707983,12,1841,7.95270728767e-06,
1102,triangle,246,1412,247,,362966.68925382657,6955377.060746173,5393.166015625,23.991468356302676,24.177155819435228,-26.008531643697324,-25.822844180564772,12,1841,7.95270728767e-06,
1103,triangle,1699,1960,559,,363696.78607806814,6954768.420114388,16431.37451171875,56.8892149865476,58.69744387968209,6.889214986547602,8.697443879682094,12,1841,7.95270728767e-06,
1104,triangle,1231,1300,33,,358656.9343371258,6946915.359394688,70407.57373046875,109.55438185729938,108.38917609133819,59.554381857299376,58.38917609133819,12,1841,7.95270728767e-06,
1105,triangle,1539,1596,580,,354499.36387303984,6954843.084253478,25942.2041015625,97.22086781246679,98.6056097730189,47.22086781246678,48.6056097730189,6,1721,1.189207115e-05,
1106,triangle,465,1924,464,,363432.9013300191,6953203.9065692285,5185.5107421875,77.63748309194204,77.85774028265298,27.637483091942045,27.857740282652983,65,1681,6.32455532034e-06,
1107,triangle,1168,1753,1355,,364415.9314767537,6955474.162727184,139933.90576171875,64.44506399878364,54.025214055619756,14.445063998783645,4.0252140556197595,12,1841,7.95270728767e-06,
1108,triangle,1153,1617,1180,,356571.51952491986,6952517.979231726,118565.21044921875,91.18435990327235,88.85222325284774,41.18435990327234,38.85222325284775,65,1681,6.32455532034e-06,
1109,triangle,859,1391,858,,354011.6490953013,6950242.956324011,54054.9912109375,113.04762332325267,112.21938580345609,63.047623323252694,62.2193858034561,65,1681,6.32455532034e-06,
1110,triangle,830,1786,829,,357638.114191375,6958028.968465988,74271.1640625,176.45562743932354,174.29888279023302,126.45562743932354,124.29888279023301,65,1681,6.32455532034e-06,
1111,triangle,114,1927,113,,356198.15313481336,6948561.297578174,4354.0224609375,62.10990947319887,61.63365526733538,12.109909473198863,11.633655267335385,12,1841,7.95270728767e-06,
1112,triangle,116,1927,115,,356098.15313481336,6948561.297578174,4354.0224609375,59.818003925107476,60.80032193400205,9.818003925107476,10.800321934002051,12,1841,7.95270728767e-06,
1113,triangle,751,1902,1896,,357346.677168303,6957193.082586836,55105.7431640625,125.16260192846987,128.60607447895788,75.16260192846988,78.6060744789579,65,1681,6.32455532034e-06,
1114,triangle,837,1582,1385,,355367.3988099622,6956810.516390367,63013.3759765625,116.21357466459554,115.81572479963364,66.21357466459554,65.81572479963364,65,1681,8.710633533051428e-06,
1115,triangle,1606,1964,1305,,356129.36577544874,6949897.949792814,47141.01708984375,80.6081204899553,78.36288003308458,30.6081204899553,28.362880033084593,12,1841,7.95270728767e-06,
1116,triangle,1166,1793,32,,357708.7997932939,6947721.158540598,88808.5732421875,92.8542081895162,91.4440947545426,42.8542081895162,41.4440947545426,12,1841,7.95270728767e-06,
1117,triangle,1539,2061,1174,,354706.0683051155,6955056.679874073,28745.94287109375,100.82986730732148,100.73494854663602,50.82986730732147,50.73494854663602,6,1721,1.189207115e-05,
1118,triangle,1605,1609,694,,360151.10007585253,6956854.503993769,48299.0849609375,118.26189468584072,124.19814957110731,68.26189468584072,74.19814957110731,65,1681,6.32455532034e-06,
1119,triangle,626,1928,627,,356575.00598051725,6955543.179041895,4857.642578125,89.96667543956528,90.32725982866198,39.96667543956528,40.32725982866197,6,1721,1.189207115e-05,
1120,triangle,866,1334,29,,355862.4812450544,6947947.709329114,38702.5078125,78.72638455446464,76.91670147562715,28.726384554464644,26.91670147562715,12,1841,7.95270728767e-06,
1121,triangle,547,1931,546,,364486.5016711861,6954110.592410048,4433.35400390625,85.39509700969181,87.39693591241564,35.39509700969181,37.39693591241565,65,1681,6.32455532034e-06,
1122,triangle,483,1841,484,,362523.0852514449,6954106.45071911,5409.5908203125,37.660220955405094,37.66954126188498,-12.33977904459491,-12.330458738115022,12,1841,7.95270728767e-06,
1123,triangle,1963,2021,1246,,366719.4530104867,6954667.198588427,86201.7294921875,122.13551274393494,136.7886938089942,72.13551274393495,86.7886938089942,65,1681,6.32455532034e-06,
1124,triangle,1207,1273,1150,,359896.0012642723,6949091.281482021,120665.23779296875,76.03331887535101,80.16855515136409,26.03331887535102,30.168555151364085,12,1841,7.95270728767e-06,
1125,triangle,1149,1999,1899,,357571.05377274734,6949549.908868142,190426.7353515625,89.50095777460689,83.33595141647966,39.500957774606874,33.33595141647966,12,1841,7.95270728767e-06,
1126,triangle,407,1884,408,,358662.3358750525,6950994.264742547,10470.50244140625,62.52007393739268,60.159946170557724,12.520073937392675,10.159946170557726,12,1841,7.95270728767e-06,
1127,triangle,1733,2150,891,,361264.839528687,6948256.291738511,50550.4765625,97.2303466994571,94.59273985307435,47.2303466994571,44.59273985307434,12,1841,7.95270728767e-06,
1128,triangle,861,2096,1745,,354626.5829826635,6950079.79944785,63730.0673828125,122.38281533224502,122.69368810764867,72.38281533224502,72.69368810764867,65,1681,6.32455532034e-06,
1129,triangle,1157,1198,1148,,361496.8451942297,6952765.428221535,169326.86962890625,74.66492140269793,70.58523623161261,24.66492140269794,20.5852362316126,12,1841,7.95270728767e-06,
1130,triangle,895,1604,894,,362212.25033017644,6948802.897635869,51333.619140625,107.07449825820268,107.17734863717783,57.07449825820267,57.17734863717783,12,1841,7.778262434027501e-06,
1131,triangle,1155,1978,1416,,357749.0036991071,6951720.506691627,70621.01806640625,66.39743115157447,67.35693553683251,16.39743115157447,17.356935536832502,12,1841,7.95270728767e-06,
1132,triangle,1261,2022,47,,364918.06777973234,6953348.96314638,71634.75244140625,152.82158075701926,151.69691216426824,102.82158075701926,101.69691216426823,65,1681,6.32455532034e-06,
1133,triangle,1298,1658,1388,,360697.6568571636,6948470.562984775,57752.73681640625,85.19077631100961,83.15060118016768,35.19077631100961,33.15060118016768,12,1841,7.95270728767e-06,
1134,triangle,1871,2115,1577,,358912.5,6956695.833333333,16339.2861328125,121.91388808353516,121.46428610785932,71.91388808353516,71.46428610785931,65,1681,6.32455532034e-06,
1135,triangle,1853,2110,1439,,356920.8333333333,6950437.5,16339.2861328125,60.02777745988462,58.52777800484295,10.027777459884614,8.527778004842952,12,1841,7.95270728767e-06,
1136,triangle,38,1388,890,,360856.3258663611,6947967.703165166,57133.849609375,100.65903210672931,100.79466899200128,50.65903210672931,50.79466899200128,12,1841,7.95270728767e-06,
1137,triangle,877,1331,876,,358154.4885173088,6947242.360012193,48163.39306640625,99.08012885390613,99.35482447606705,49.080128853906146,49.35482447606705,12,1841,7.95270728767e-06,
1138,triangle,900,1846,1354,,363000.7077758349,6950746.011281193,59418.55078125,119.64708057232028,117.95504395913554,69.64708057232026,67.95504395913554,65,1681,6.32455532034e-06,
1139,triangle,1314,1417,1155,,358330.9913338896,6951488.858283286,97400.431640625,62.510251095558104,62.19995295341483,12.510251095558107,12.199952953414835,12,1841,7.95270728767e-06,
1140,triangle,824,1748,11,,359621.3557770814,6957505.54638276,51927.720703125,142.60468377791514,140.53396613556677,92.60468377791513,90.53396613556679,12,1841,7.8945590031225e-06,
1141,triangle,1409,1886,1164,,358291.1812069544,6956190.900594524,103923.5625,136.93223887121638,134.5331516881382,86.93223887121638,84.53315168813816,6,1721,1.189207115e-05,
1142,triangle,1454,2056,1599,,361569.1216168334,6954355.800293629,32892.90234375,40.70194467554923,37.580561842424146,-9.298055324450763,-12.419438157575856,12,1841,7.48752101129e-06,
1143,triangle,751,2086,1902,,357365.2116006737,6957036.151804176,27180.69482421875,124.00070360921467,128.97513697361921,74.00070360921467,78.9751369736192,65,1681,6.32455532034e-06,
1144,triangle,261,1602,260,,363984.889702277,6955842.018455966,4727.076171875,21.11510066161169,22.837145919755695,-28.88489933838831,-27.162854080244305,12,1841,7.95270728767e-06,
1145,triangle,1390,2071,884,,359492.1157234223,6946102.36561225,68087.57763671875,109.08589934203636,105.85008280937457,59.085899342036356,55.85008280937459,12,1841,7.95270728767e-06,
1146,triangle,1189,2033,1141,,360330.59210526315,6954894.407894737,134407.89501953125,138.6799411844238,132.96935689790564,88.67994118442381,82.96935689790563,65,1681,6.32455532034e-06,
1147,triangle,1600,1655,245,,362768.75,6955381.25,18984.375,22.92569475703771,24.67916639645996,-27.07430524296229,-25.32083360354004,12,1841,7.95270728767e-06,
1148,triangle,728,1570,1348,,359703.4695870536,6956359.407087053,20334.28125,105.1539586837479,102.0956468944235,55.1539586837479,52.09564689442349,65,1681,6.32455532034e-06,
1149,triangle,1192,1262,1194,,356943.81809202646,6948871.118555437,89684.75,66.10452983438941,70.78003299261222,16.104529834389403,20.78003299261222,12,1841,7.95270728767e-06,
1150,triangle,1492,1668,1362,,361487.81705988274,6949867.969359808,42006.2705078125,98.20896145479661,95.35540531048021,48.20896145479663,45.355405310480215,12,1841,7.95270728767e-06,
1151,triangle,183,1938,182,,358637.64960229717,6952758.916796771,3815.6396484375,36.46080049796362,36.211772367949486,-13.539199502036382,-13.788227632050512,12,1841,7.95270728767e-06,
1152,triangle,169,1894,170,,357672.7428011854,6952268.826192204,8878.11865234375,41.17463772840497,41.7806148928071,-8.825362271595035,-8.219385107192904,12,1841,7.95270728767e-06,
1153,triangle,1534,1843,550,,364117.6253896309,6954297.987968643,12301.03759765625,88.53980741107878,87.90160854612994,38.53980741107878,37.901608546129935,65,1681,6.789741596720001e-06,
1154,triangle,1620,1905,1206,,360911.13592043665,6956073.75343453,120284.095703125,150.75027604157353,143.33319396353542,100.75027604157353,93.33319396353545,65,1681,6.32455532034e-06,
1155,triangle,695,1816,694,,360143.9818046224,6956662.5,7760.453125,115.13088383317951,115.95928248518562,65.13088383317951,65.95928248518564,65,1681,6.32455532034e-06,
1156,triangle,921,1963,1384,,367139.6792610441,6954598.558217636,64943.0380859375,158.3694196706714,149.2365722050133,108.36941967067139,99.23657220501327,65,1681,6.32455532034e-06,
1157,triangle,622,2075,1785,,357126.6289945955,6955512.940509851,46308.685546875,98.74655898369889,101.86702524991234,48.74655898369888,51.86702524991236,6,1721,1.189207115e-05,
1158,triangle,884,2071,1850,,359343.6646932333,6945969.544170131,86178.560546875,110.37034710040507,110.63583885616947,60.37034710040507,60.63583885616947,12,1841,7.822570219541072e-06,
1159,triangle,79,1940,78,,358390.5805279173,6948217.090981622,3872.19091796875,73.84692563826431,73.40845199520368,23.846925638264302,23.408451995203677,12,1841,7.95270728767e-06,
1160,triangle,81,1940,80,,358390.5805279173,6948317.090981622,3872.1904296875,71.75316231548781,71.94178481991071,21.753162315487806,21.94178481991071,12,1841,7.95270728767e-06,
1161,triangle,163,1358,162,,357176.5625,6951879.6875,6152.34375,46.68450573583444,47.340885604421295,-3.3154942641655585,-2.6591143955787024,12,1841,7.95270728767e-06,
1162,triangle,1615,2121,1616,,359638.7302280849,6949715.490079694,19335.154296875,71.93122078077313,69.20045040956433,21.93122078077313,19.200450409564336,12,1841,7.95270728767e-06,
1163,triangle,610,1326,609,,356536.7346938776,6954202.551020409,6945.15283203125,79.19816119816014,78.10735665072012,29.19816119816014,28.10735665072012,6,1721,1.0699032043644285e-05,
1164,triangle,647,1756,648,,359410.57243313175,6954940.059891331,7248.10107421875,79.0091160699824,77.68126381929164,29.009116069982394,27.681263819291647,65,1681,6.32455532034e-06,
1165,triangle,200,1353,201,,359965.04629629635,6952816.493055556,6582.03125,33.087191683498105,36.44839835395417,-16.9128083165019,-13.55160164604583,12,1841,7.95270728767e-06,
1166,triangle,1623,2088,914,,366059.93601860426,6953588.476344337,73519.32421875,154.96969701829093,153.5340730353341,104.96969701829092,103.53407303533409,65,1681,6.32455532034e-06,
1167,triangle,497,1952,496,,355657.9650192815,6954043.253451411,4866.01318359375,80.00128812543662,81.01435485508398,30.001288125436616,31.01435485508398,6,1721,1.189207115e-05,
1168,triangle,106,1433,107,,356783.9285714286,6948431.31949124,7340.40673828125,58.91979161970279,58.67515245470548,8.919791619702785,8.675152454705488,12,1841,7.95270728767e-06,
1169,triangle,693,1546,634,,356037.5,6955112.5,8437.5,80.14166831970215,79.8083324432373,30.141668319702145,29.808332443237305,6,1721,1.189207115e-05,
1170,triangle,1273,1352,1150,,359688.2700566621,6949258.296238933,121232.044921875,81.14359142533698,79.32997225721392,31.14359142533698,29.32997225721392,12,1841,7.95270728767e-06,
1171,triangle,1599,2056,1165,,361526.81392452563,6954565.415678245,94853.98583984375,53.1586730195276,54.779378167254215,3.158673019527596,4.779378167254213,12,1841,7.48752101129e-06,
1172,triangle,513,1810,514,,356619.7461988206,6953310.120647873,10702.4794921875,74.21514340909896,75.02363774976098,24.21514340909895,25.02363774976098,65,1681,6.32455532034e-06,
1173,triangle,274,2036,1467,,360359.75225728954,6948296.906279403,13817.759765625,77.49015532042434,78.11938223624364,27.490155320424332,28.119382236243634,12,1841,7.95270728767e-06,
1174,triangle,1233,1978,1155,,357882.34393743397,6951902.953355193,115686.66943359375,58.20540751096371,64.45625901700122,8.205407510963704,14.456259017001218,12,1841,7.95270728767e-06,
1175,triangle,1395,1821,1207,,359996.31951804616,6948608.03495729,72107.17529296875,88.71174835588857,88.83533244134702,38.71174835588857,38.835332441347,12,1841,7.95270728767e-06,
1176,triangle,568,1401,250,,363234.56198954186,6955346.849404507,10943.3896484375,37.16046381164393,31.479832921566057,-12.83953618835607,-18.520167078433943,12,1841,7.95270728767e-06,
1177,triangle,669,1950,1878,,359799.6410196186,6953416.395418648,12038.123046875,45.62197915696231,44.33413659706529,-4.378020843037688,-5.66586340293471,12,1841,7.5456692958375e-06,
1178,triangle,1183,1429,1267,,358005.16581632657,6948966.2580444105,62553.1357421875,84.05902686360216,78.1433891324685,34.05902686360216,28.143389132468503,12,1841,7.95270728767e-06,
1179,triangle,1713,1794,1372,,358830.71954927867,6954094.59931815,45041.1123046875,91.42556125643824,84.36504222029748,41.42556125643824,34.365042220297475,65,1681,6.32455532034e-06,
1180,triangle,381,2042,382,,355934.47558537987,6951415.580117014,3872.2373046875,65.78162214529024,66.21980114653086,15.78162214529024,16.219801146530845,12,1841,7.95270728767e-06,
1181,triangle,383,2042,384,,356034.47558537987,6951415.580117014,3872.2373046875,64.47643860436418,64.25313651436939,14.476438604364178,14.253136514369388,12,1841,7.95270728767e-06,
1182,triangle,536,2043,535,,365266.63379885553,6954122.224884457,3124.70068359375,101.93048646296265,101.95384980556356,51.930486462962634,51.95384980556357,65,1681,6.32455532034e-06,
1183,triangle,538,2043,537,,365166.63379885553,6954122.224884457,3124.70068359375,100.5149786031515,100.15384929693727,50.514978603151505,50.15384929693727,65,1681,6.32455532034e-06,
1184,triangle,420,2046,419,,362212.5221309671,6951311.830204379,4216.259765625,93.00506511763706,92.62576182888422,43.005065117637045,42.62576182888423,65,1681,6.32455532034e-06,
1185,triangle,650,2047,649,,359589.36689567874,6954766.410888199,4428.77587890625,71.26336863733192,71.6122481516488,21.263368637331908,21.6122481516488,65,1681,6.32455532034e-06,
1186,triangle,1805,2096,27,,354986.773871711,6949969.921890867,76305.79931640625,137.01820651164348,132.80918089639104,87.01820651164347,82.80918089639106,65,1681,6.32455532034e-06,
1187,triangle,1320,1969,912,,365395.6042726969,6953479.900346185,62604.3251953125,156.20817246676413,151.80693012781038,106.20817246676415,101.80693012781039,65,1681,6.32455532034e-06,
1188,triangle,241,1381,240,,362610.37864141027,6955023.804567336,7135.41650390625,23.066071761315957,23.737628687097953,-26.933928238684047,-26.262371312902047,12,1841,7.95270728767e-06,
1189,triangle,652,1365,653,,359423.8095238095,6954619.94047619,8002.23193359375,66.3049508926081,67.91466286069969,16.30495089260811,17.91466286069969,65,1681,6.32455532034e-06,
1190,triangle,705,1382,706,,359506.0746173469,6956044.818239796,7171.1572265625,93.03463521375974,90.52476269470687,43.03463521375973,40.52476269470688,65,1681,6.32455532034e-06,
1191,triangle,1161,1891,1410,,358835.60241852695,6950087.323762332,156331.984375,93.03110251513462,87.52978292306223,43.03110251513461,37.529782923062236,12,1841,7.95270728767e-06,
1192,triangle,1206,2018,1620,,360718.8535261554,6955836.697235018,181916.423828125,159.5096313769538,147.651179456263,109.50963137695376,97.65117945626302,65,1681,6.32455532034e-06,
1193,triangle,568,1336,567,,363145.2529761905,6955188.080357143,10312.50048828125,29.833222673024494,29.7092189212535,-20.166777326975506,-20.2907810787465,12,1841,7.95270728767e-06,
1194,triangle,391,1361,392,,356693.53515625,6951658.125,9608.642578125,59.82192090801891,56.89896190226077,9.821920908018916,6.898961902260769,12,1841,7.95270728767e-06,
1195,triangle,175,1854,1374,,358127.2587255263,6952432.545397497,19042.181640625,43.06883970290193,47.34495339395261,-6.931160297098068,-2.655046606047389,12,1841,7.95270728767e-06,
1196,triangle,1531,1808,533,,365564.21772034554,6954118.058802293,27158.8515625,108.34062195877993,109.4225793512796,58.340621958779934,59.42257935127961,65,1681,6.32455532034e-06,
1197,triangle,882,1850,881,,358926.60185753973,6945749.747890446,47861.51416015625,122.07897029303619,121.93942220290262,72.07897029303618,71.93942220290262,18,2041,4.30886938006e-06,
1198,triangle,1146,1398,1235,,359872.07905132027,6951308.97881069,110499.2724609375,67.44048908510855,67.18432961017332,17.44048908510856,17.18432961017332,12,1841,7.95270728767e-06,
1199,triangle,1391,1817,1622,,354093.2662372494,6950724.636919214,91370.9970703125,106.28735959216101,109.2259702520554,56.287359592161,59.22597025205541,65,1681,6.32455532034e-06,
1200,triangle,1589,2018,1206,,360430.78845994244,6955903.095678669,153617.6103515625,146.2417294355135,142.83204917766224,96.24172943551349,92.83204917766226,65,1681,6.32455532034e-06,
1201,triangle,32,1793,875,,357603.0612164854,6947490.671554702,51426.6181640625,100.49466858429076,96.73611111889834,50.494668584290764,46.73611111889832,12,1841,7.95270728767e-06,
1202,triangle,36,1390,884,,359707.5884017215,6946064.548838824,57275.7578125,117.16717166346147,112.05429326937359,67.16717166346146,62.05429326937358,12,1841,7.95270728767e-06,
1203,triangle,484,1957,485,,362510.0998046836,6954208.600958812,3948.72802734375,35.333284531201066,35.39400626006434,-14.666715468798934,-14.605993739935665,12,1841,7.95270728767e-06,
1204,triangle,10,1833,821,,360777.50990744313,6956887.947275844,35396.421875,141.11577406524395,140.34123437394805,91.11577406524395,90.34123437394805,65,1681,6.32455532034e-06,
1205,triangle,122,1634,123,,355911.58153370937,6948960.874318816,5704.5615234375,59.02738660263467,58.638807010610684,9.027386602634682,8.638807010610686,12,1841,7.95270728767e-06,
1206,triangle,124,1635,123,,355987.5,6949137.5,5625.0,58.000000953674274,58.033334732055664,8.000000953674277,8.033334732055664,12,1841,7.95270728767e-06,
1207,triangle,165,1642,164,,357335.5601615647,6951981.255314626,5140.7041015625,43.80540812431201,44.29881929390451,-6.194591875687992,-5.701180706095493,12,1841,7.95270728767e-06,
1208,triangle,177,1446,176,,358112.5,6952612.5,5625.0,39.1666660308838,38.933334032694496,-10.8333339691162,-11.066665967305502,12,1841,7.95270728767e-06,
1209,triangle,176,1645,177,,358208.6684515306,6952614.254383773,4996.5830078125,38.779324887035976,38.41713924870334,-11.220675112964022,-11.582860751296655,12,1841,7.95270728767e-06,
1210,triangle,189,1648,190,,359183.65216285136,6952683.874998904,5599.93115234375,37.59137272639662,37.17705241446913,-12.408627273603377,-12.822947585530871,12,1841,7.95270728767e-06,
1211,triangle,194,1649,193,,359388.8125269402,6952919.291859248,6241.4248046875,35.03698578922791,36.17984500242329,-14.963014210772089,-13.820154997576713,12,1841,7.95270728767e-06,
1212,triangle,203,1650,202,,360061.61728529463,6952985.477489204,5496.77294921875,31.73806146634726,32.09793088599639,-18.261938533652735,-17.902069114003613,12,1841,7.95270728767e-06,
1213,triangle,209,1652,208,,360512.5,6953287.5,5625.0,29.11666615804032,29.424999872843426,-20.88333384195968,-20.575000127156574,12,1841,7.95270728767e-06,
1214,triangle,210,1653,211,,360762.5,6953437.5,5625.0,28.366666634877518,28.43333339691162,-21.633333365122482,-21.56666660308838,12,1841,7.95270728767e-06,
1215,triangle,233,1654,232,,362014.27280733717,6954416.546707969,5880.81396484375,24.09892187595807,24.88300640944664,-25.901078124041934,-25.11699359055336,12,1841,7.95270728767e-06,
1216,triangle,242,1655,241,,362737.5,6955137.5,5625.0,22.741666475931808,22.483332951863606,-27.258333524068192,-27.516667048136394,12,1841,7.95270728767e-06,
1217,triangle,287,1660,286,,360430.64587949216,6949230.119722698,7226.3701171875,62.64652147857625,60.98542962570536,12.646521478576243,10.985429625705352,12,1841,7.95270728767e-06,
1218,triangle,339,1469,338,,360887.5,6948862.5,5625.0,70.00833193461101,68.39999834696452,20.008331934611007,18.39999834696452,12,1841,7.95270728767e-06,
1219,triangle,338,1667,339,,360965.7738095238,6948863.392857143,3281.25048828125,70.5963177378193,70.67471507346552,20.596317737819298,20.67471507346552,12,1841,7.95270728767e-06,
1220,triangle,355,1672,354,,361211.48524429,6949305.48820047,6299.66748046875,77.82800652087724,77.25041912369734,27.828006520877242,27.250419123697338,12,1841,7.95270728767e-06,
1221,triangle,367,1673,368,,354912.5,6951112.5,5625.0,83.07500012715658,82.90833346048991,33.07500012715658,32.90833346048991,65,1681,6.32455532034e-06,
1222,triangle,411,1683,412,,358804.69025924144,6951335.651163864,4954.3974609375,46.22608654290174,45.752903494067475,-3.773913457098261,-4.2470965059325305,12,1841,7.95270728767e-06,
1223,triangle,428,1684,427,,361912.0941558441,6951822.808441558,4510.9580078125,87.11342110448066,88.50014553105501,37.11342110448065,38.500145531055004,12,1841,7.1967795885525005e-06,
1224,triangle,443,1686,444,,360762.5,6952237.5,5625.0,43.95833269755041,44.90000025431315,-6.041667302449581,-5.099999745686849,12,1841,7.95270728767e-06,
1225,triangle,444,1687,445,,360640.4880131453,6952364.654972367,6203.5859375,44.46180760688995,44.13139724066684,-5.538192393110059,-5.868602759333157,12,1841,7.95270728767e-06,
1226,triangle,461,1688,462,,363587.5,6953362.5,5625.0,77.29166539510086,76.28333218892415,27.29166539510087,26.283332188924152,65,1681,6.32455532034e-06,
1227,triangle,513,1691,512,,356587.5,6953487.5,5625.0,71.44999821980798,73.52499961853027,21.449998219807973,23.524999618530273,65,1681,6.32455532034e-06,
1228,triangle,515,1528,514,,356783.12485505565,6953291.18219347,5547.04296875,72.67044179384675,71.42160366124396,22.67044179384675,21.421603661243964,65,1681,6.32455532034e-06,
1229,triangle,558,1698,559,,363837.5,6954787.5,5625.0,62.49166647593171,62.89166704813639,12.491666475931712,12.891667048136393,12,1841,7.95270728767e-06,
1230,triangle,560,1699,559,,363666.35844079097,6954856.266853516,5892.15478515625,49.93301211152493,51.14957868625248,-0.0669878884750637,1.1495786862524804,12,1841,7.95270728767e-06,
1231,triangle,574,1701,573,,357012.5,6954112.5,5625.0,78.10833231608075,77.87499936421712,28.108332316080745,27.87499936421712,65,1681,6.32455532034e-06,
1232,triangle,573,1703,574,,356915.38305798516,6954113.868642695,5454.62841796875,76.68204898533891,77.02796045675485,26.682048985338902,27.02796045675485,65,1681,6.32455532034e-06,
1233,triangle,614,1706,615,,362060.26839707774,6955267.793475334,5280.53955078125,40.772584289566964,40.89256516938317,-9.22741571043303,-9.10743483061683,12,1841,7.72011414948e-06,
1234,triangle,619,1707,618,,362291.6679544368,6955059.959715585,5808.11328125,31.619273629243438,32.22424333251788,-18.38072637075656,-17.775756667482117,12,1841,7.95270728767e-06,
1235,triangle,630,1708,629,,356412.5,6955387.5,5625.0,87.15833473205569,87.20000076293945,37.158334732055685,37.20000076293945,6,1721,1.189207115e-05,
1236,triangle,653,1709,652,,359441.2564741806,6954517.8641485,5444.13671875,60.911706201142024,61.37905419334254,10.911706201142035,11.37905419334254,65,1681,6.32455532034e-06,
1237,triangle,661,1712,662,,359392.9349732273,6953959.851582578,5311.51220703125,51.52776494632516,52.678381806976034,1.5277649463251588,2.678381806976035,65,1681,6.32455532034e-06,
1238,triangle,662,1714,663,,359514.6286563659,6953836.253574629,5525.7490234375,47.99991990099038,47.247302337449845,-2.0000800990096135,-2.7526976625501463,65,1681,6.32455532034e-06,
1239,triangle,683,1716,684,,355386.01232871204,6955559.42893184,6137.85791015625,87.37400318366502,87.73841399278024,37.37400318366503,37.73841399278025,6,1721,1.189207115e-05,
1240,triangle,706,1717,705,,359512.5,6955937.5,5625.0,86.19166692097983,86.90833282470703,36.19166692097983,36.90833282470703,65,1681,6.32455532034e-06,
1241,triangle,727,1719,728,,359460.8239910112,6956352.968016009,6885.8994140625,97.29134161111811,97.46583730621376,47.291341611118106,47.46583730621376,65,1681,6.32455532034e-06,
1242,triangle,732,1580,731,,355837.5,6956687.5,5625.0,107.09999974568683,104.33333524068196,57.099999745686844,54.33333524068197,6,1721,1.189207115e-05,
1243,triangle,757,1721,756,,356862.5,6956887.5,5625.0,112.92499987284346,114.0833346048991,62.92499987284346,64.0833346048991,65,1681,6.32455532034e-06,
1244,triangle,760,1722,761,,356461.10359379207,6956592.473595147,6341.625,100.81578992491575,100.56401111346197,50.81578992491575,50.56401111346196,6,1721,1.189207115e-05,
1245,triangle,342,1880,1408,,358681.47971488023,6949002.4213614045,62687.41015625,73.83545661246157,76.56498896448379,23.83545661246157,26.564988964483785,12,1841,7.95270728767e-06,
1246,triangle,1143,1964,1195,,355982.0517674512,6950313.162323789,138528.01025390625,106.58527208698432,104.85512943928471,56.585272086984304,54.85512943928472,12,1841,7.1967795885525005e-06,
1247,triangle,192,1327,193,,359395.4854975375,6952788.351302507,9240.09716796875,39.65996902940763,37.66346022086115,-10.340030970592377,-12.336539779138855,12,1841,7.95270728767e-06,
1248,triangle,1388,1592,1298,,360867.61900409573,6948428.866519487,57606.70068359375,86.52974117862878,84.89924653796994,36.52974117862879,34.899246537969944,12,1841,7.95270728767e-06,
1249,triangle,1927,1944,113,,356244.77859831153,6948548.398611006,5324.64599609375,63.91825801591416,63.27990171779492,13.91825801591416,13.279901717794921,12,1841,7.95270728767e-06,
1250,triangle,1463,1755,1247,,356834.16202339384,6947842.183532844,80640.931640625,65.96146458548134,67.80936292972694,15.961464585481334,17.809362929726944,12,1841,7.95270728767e-06,
1251,triangle,814,2020,1897,,362907.01208967925,6956684.720383227,63257.2470703125,135.83812611776017,131.25846656935485,85.83812611776017,81.25846656935482,65,1681,6.32455532034e-06,
1252,triangle,1246,1808,1623,,366126.90357505955,6954114.401594593,161000.51171875,123.79043167993731,126.20605290601225,73.79043167993734,76.20605290601225,65,1681,6.32455532034e-06,
1253,triangle,11,1748,823,,359801.40330787405,6957442.490129859,66815.626953125,135.75979868073898,134.97888503718698,85.75979868073897,84.97888503718697,12,1841,7.836410718575001e-06,
1254,triangle,1160,1941,1599,,361133.36038961035,6954127.460883145,94467.08935546875,39.62767939772474,48.72854437393713,-10.372320602275261,-1.2714556260628669,65,1681,6.32455532034e-06,
1255,triangle,731,1580,1322,,355912.1092554392,6956621.698842473,19060.16796875,109.17925349789346,103.52722795726986,59.17925349789345,53.52722795726985,6,1721,1.189207115e-05,
1256,triangle,499,2060,498,,355862.5,6954051.493506494,5793.01953125,78.53435707479045,79.24433157783822,28.534357074790442,29.244331577838228,6,1721,1.189207115e-05,
1257,triangle,501,2060,500,,355962.5,6954051.493506494,5793.01953125,77.44357889791434,77.67766338529266,27.44357889791433,27.677663385292657,6,1721,1.0897871894703572e-05,
1258,triangle,1776,1785,1159,,357137.7170383253,6955890.976259724,120198.51171875,111.10132689540978,112.76992989910059,61.1013268954098,62.76992989910059,6,1721,1.189207115e-05,
1259,triangle,885,1390,36,,359800.1494124748,6946231.194155802,45068.78759765625,114.50257099049921,113.62641608619101,64.50257099049921,63.62641608619102,12,1841,7.95270728767e-06,
1260,triangle,1391,1745,362,,354341.30571042997,6950497.522250727,68374.42333984375,106.53976143165775,107.88000089585113,56.53976143165775,57.88000089585112,65,1681,6.32455532034e-06,
1261,triangle,1693,1694,1213,,357669.2398586992,6953183.526715015,35879.6962890625,70.29383998789072,67.93406777563119,20.293839987890717,17.934067775631195,65,1681,6.32455532034e-06,
1262,triangle,887,1770,37,,359996.1725547023,6947060.741673837,42389.2724609375,122.46447355659923,120.5346774520154,72.46447355659923,70.5346774520154,12,1841,7.95270728767e-06,
1263,triangle,1397,1916,1849,,365704.81686945196,6955318.751476842,115570.2294921875,67.5720854430164,75.30802889750628,17.572085443016412,25.30802889750628,65,1681,6.32455532034e-06,
1264,triangle,262,1602,261,,364034.889702277,6955867.018455966,9239.484375,20.35559002736977,23.07047950740218,-29.644409972630225,-26.92952049259782,12,1841,7.95270728767e-06,
1265,triangle,1832,1898,1413,,361954.30354501307,6950821.7177263545,88485.5791015625,102.68061993489715,102.2284510657045,52.68061993489715,52.2284510657045,65,1681,6.4408518894350004e-06,
1266,triangle,1227,1353,456,,359959.68915343913,6952564.70734127,37497.6748046875,48.23187392038591,43.300439650361774,-1.7681260796140903,-6.699560349638226,12,1841,7.95270728767e-06,
1267,triangle,452,1350,453,,360446.9291522633,6952951.214308962,8228.6396484375,32.950523194442326,33.67573701262554,-17.049476805557678,-16.324262987374464,12,1841,7.95270728767e-06,
1268,triangle,489,1364,488,,362392.59616068535,6954465.883228772,7483.56884765625,29.709632850844717,31.260134762020613,-20.290367149155283,-18.739865237979384,12,1841,7.95270728767e-06,
1269,triangle,648,1365,649,,359473.8095238095,6954819.94047619,9140.62451171875,68.19998717555727,71.94799822853824,18.199987175557265,21.94799822853823,65,1681,6.32455532034e-06,
1270,triangle,666,1366,667,,359618.3822847016,6953551.1226306,9055.69677734375,43.17490580960935,43.934424304557034,-6.825094190390652,-6.065575695442966,65,1681,6.32455532034e-06,
1271,triangle,741,1351,742,,356025.4403911585,6955947.199239087,8703.04150390625,86.36321191067287,86.71904244420573,36.36321191067287,36.71904244420572,6,1721,1.189207115e-05,
1272,triangle,744,1351,745,,356025.4403911585,6955797.199239087,8072.8701171875,85.27105807013959,85.78571063675129,35.27105807013959,35.78571063675129,6,1721,1.189207115e-05,
1273,triangle,682,1984,1564,,355335.8631009233,6955775.849341179,15356.67529296875,92.06641253210461,93.45104158233566,42.06641253210462,43.45104158233564,6,1721,1.189207115e-05,
1274,triangle,33,1815,1231,,358591.64829908166,6946704.196865089,93574.099609375,119.51275615010167,113.2134071213851,69.51275615010165,63.21340712138511,12,1841,7.95270728767e-06,
1275,triangle,1748,1789,1201,,359505.790123726,6956956.535290615,96545.75,142.7967398376887,134.26367545063093,92.7967398376887,84.26367545063096,65,1681,6.32455532034e-06,
1276,triangle,869,1734,868,,355675.5967115218,6947272.647889517,56596.94921875,73.16232946542436,73.06768715400005,23.162329465424364,23.06768715400006,12,1841,7.95270728767e-06,
1277,triangle,1221,1898,1832,,362049.44195251615,6950586.450167239,123547.07421875,104.78507304187269,105.44244049155019,54.785073041872685,55.44244049155018,65,1681,6.3827036048875e-06,
1278,triangle,613,1396,507,,356466.0714285714,6953919.642857143,8839.28564453125,73.91462710114031,73.97074742219188,23.91462710114032,23.97074742219188,65,1681,6.32455532034e-06,
1279,triangle,1789,2049,1190,,359184.9236332872,6957057.011197898,65839.341796875,152.52500994380628,143.8897623814076,102.5250099438063,93.88976238140759,65,1681,6.32455532034e-06,
1280,triangle,362,1814,363,,354543.9305841106,6950692.438256002,11417.88671875,99.296513584389,101.08517322364526,49.296513584389004,51.085173223645256,65,1681,6.32455532034e-06,
1281,triangle,408,1884,1682,,358724.83642450726,6951048.057436395,14242.96484375,64.24814647059722,61.49324117204492,14.248146470597227,11.493241172044913,12,1841,7.95270728767e-06,
1282,triangle,915,1877,1623,,366535.0180345467,6953774.018647102,99752.58984375,163.67372072282944,155.46023532412357,113.67372072282943,105.46023532412357,65,1681,6.32455532034e-06,
1283,triangle,369,1906,368,,354898.65063878085,6951241.6727252,10464.9853515625,81.79916856643035,83.24453095992091,31.799168566430346,33.244530959920915,65,1681,6.32455532034e-06,
1284,triangle,1884,1930,1161,,358707.105291777,6950684.015773642,63950.7685546875,75.01809551537974,73.47369212507446,25.01809551537975,23.47369212507445,12,1841,7.95270728767e-06,
1285,triangle,511,1811,512,,356477.3265198896,6953483.791842968,7186.6845703125,75.84269709060322,77.4306385742517,25.842697090603227,27.430638574251702,65,1681,6.32455532034e-06,
1286,triangle,100,1851,101,,357200.9822251995,6948496.58374955,5240.671875,59.805154892915105,59.97530591578169,9.805154892915109,9.975305915781687,12,1841,7.95270728767e-06,
1287,triangle,184,1961,185,,358746.154283,6952690.643075582,3865.15380859375,36.54438161020347,36.925496806542945,-13.455618389796529,-13.074503193457057,12,1841,7.95270728767e-06,
1288,triangle,215,1855,216,,361064.96455472085,6953510.865210953,4402.66357421875,27.964671914321997,27.955578526066375,-22.035328085678007,-22.044421473933625,12,1841,7.95270728767e-06,
1289,triangle,497,1863,498,,355780.23997369135,6953953.175831683,5267.71875,80.2945806148112,80.55018450944829,30.294580614811206,30.550184509448286,65,1681,9.10831323517e-06,
1290,triangle,544,1865,545,,364589.17636780464,6954194.657668649,5023.98828125,88.41669552667726,88.65494730246836,38.416695526677266,38.654947302468344,65,1681,6.32455532034e-06,
1291,triangle,589,1867,588,,355251.72839224973,6954874.243647703,5539.91064453125,90.19788575670756,91.31299944960271,40.197885756707564,41.31299944960271,6,1721,1.189207115e-05,
1292,triangle,720,1872,721,,359003.0038174216,6956509.836416066,4518.4033203125,116.85291181819764,115.68259790578101,66.85291181819764,65.68259790578101,65,1681,6.32455532034e-06,
1293,triangle,723,1871,722,,359112.5,6956600.0,5625.0,110.67777591281467,111.5,60.67777591281465,61.5,65,1681,6.32455532034e-06,
1294,triangle,140,1853,141,,356825.0,6950237.5,5625.0,50.472221798366974,53.81666628519694,0.47222179836697836,3.81666628519694,12,1841,7.95270728767e-06,
1295,triangle,332,1962,331,,358998.8006299459,6952335.593242399,2947.42919921875,36.311043714699025,36.295762840951205,-13.688956285300979,-13.704237159048787,12,1841,7.95270728767e-06,
1296,triangle,334,1962,333,,358998.8006299459,6952435.593242399,2947.4296875,35.663443578014395,35.86242849036527,-14.336556421985607,-14.137571509634725,12,1841,7.95270728767e-06,
1297,triangle,479,1862,480,,362507.3751259308,6953835.258812569,3642.2021484375,42.94665777954586,42.59559254132618,-7.053342220454143,-7.404407458673821,12,1841,7.95270728767e-06,
1298,triangle,481,1862,482,,362507.3751259308,6953935.258812569,3642.2021484375,39.99256756042651,40.2622604795586,-10.00743243957349,-9.7377395204414,12,1841,7.95270728767e-06,
1299,triangle,550,1866,551,,364244.36010588874,6954350.850841767,4990.51171875,85.75947282291142,84.9496989357222,35.75947282291142,34.949698935722196,65,1681,6.32455532034e-06,
1300,triangle,645,1870,644,,359525.0,6955137.5,5625.0,76.44999779595278,77.88333384195964,26.449997795952772,27.883333841959637,65,1681,6.32455532034e-06,
1301,triangle,646,1869,647,,359433.3491204918,6955039.620622866,4685.72412109375,73.01330567342153,73.9105525891692,23.013305673421534,23.91055258916919,65,1681,6.32455532034e-06,
1302,triangle,739,1373,738,,355921.5553868581,6956224.699894771,5237.4814453125,91.14253366082063,91.09842406626468,41.14253366082063,41.09842406626469,6,1721,1.189207115e-05,
1303,triangle,744,1873,743,,356141.02767672593,6955849.213818087,4615.61376953125,85.91762132170957,86.28973182435085,35.91762132170956,36.28973182435086,6,1721,1.189207115e-05,
1304,triangle,766,1373,767,,356121.5553868581,6956224.699894771,6012.51953125,90.15439030173096,90.63175689097172,40.15439030173095,40.63175689097172,6,1721,1.189207115e-05,
1305,triangle,519,1903,518,,357044.1313712164,6953307.461609808,6464.4306640625,77.54777984427587,73.07701964550823,27.54777984427587,23.07701964550822,65,1681,6.32455532034e-06,
1306,triangle,1410,1891,1151,,358895.60049587843,6949786.733782136,128197.830078125,91.71125700308495,87.084563686913,41.71125700308495,37.084563686913015,12,1841,7.95270728767e-06,
1307,triangle,1332,1395,1145,,359718.1300376902,6948116.417537204,160643.3564453125,89.39542510210481,94.83664158098772,39.395425102104795,44.83664158098773,12,1841,7.95270728767e-06,
1308,triangle,1774,2126,865,,355758.1570618984,6948437.522919256,36603.5283203125,69.64038870476374,71.32696866907146,19.640388704763744,21.326968669071473,12,1841,7.95270728767e-06,
1309,triangle,896,1405,40,,362270.85261467047,6949398.077191852,46502.0751953125,100.18357194781106,100.32930453961343,50.18357194781106,50.32930453961344,65,1681,6.32455532034e-06,
1310,triangle,1643,1978,1894,,357614.6105080896,6952056.2101859795,19337.05859375,59.388638392318015,54.441698548926496,9.388638392318013,4.4416985489265,12,1841,7.95270728767e-06,
1311,triangle,612,1396,613,,356491.0714285714,6953969.642857143,6629.46435546875,74.29710946115306,75.07074843944447,24.29710946115306,25.070748439444486,65,1681,6.32455532034e-06,
1312,triangle,1224,1309,257,,363848.06806727167,6955521.494737044,38458.00537109375,48.390003120434265,39.85188175906976,-1.6099968795657449,-10.148118240930241,12,1841,7.95270728767e-06,
1313,triangle,690,1387,689,,355785.0016517889,6955358.646837278,7722.955078125,84.32596863952728,84.64798959382769,34.32596863952729,34.64798959382769,6,1721,1.189207115e-05,
1314,triangle,1668,1784,1362,,361586.3892732682,6949992.981211792,62632.94677734375,100.94719857953196,98.80526535521983,50.94719857953195,48.80526535521983,12,1841,7.95270728767e-06,
1315,triangle,926,1845,52,,366119.88924959133,6955754.849909302,47213.126953125,98.8477769189561,98.59371233589933,48.8477769189561,48.59371233589932,65,1681,6.32455532034e-06,
1316,triangle,55,2078,56,,359291.65105491056,6946565.756710558,4685.7431640625,92.94129229645294,93.06635999983554,42.94129229645295,43.06635999983555,12,1841,7.95270728767e-06,
1317,triangle,762,1807,761,,356475.3634318449,6956463.661967465,9753.9150390625,99.46408317146731,98.95568269530285,49.4640831714673,48.95568269530286,6,1721,1.189207115e-05,
1318,triangle,1885,2083,1243,,362302.6772080159,6952567.220253472,138707.5947265625,108.93161923205946,101.0082734074084,58.931619232059454,51.00827340740838,65,1681,7.138631304005e-06,
1319,triangle,239,1381,621,,362510.37864141027,6954948.804567336,5490.51416015625,23.95062664596607,24.00429509945147,-26.04937335403393,-25.99570490054853,12,1841,7.95270728767e-06,
1320,triangle,621,1381,620,,362460.37864141027,6954948.804567336,5490.513671875,24.84330985293862,24.604295480921195,-25.156690147061383,-25.395704519078805,12,1841,7.95270728767e-06,
1321,triangle,453,1350,454,,360421.9291522633,6953001.214308962,5279.52978515625,31.813257363479046,32.47573688546896,-18.186742636520954,-17.524263114531042,12,1841,7.95270728767e-06,
1322,triangle,488,1364,487,,362417.59616068535,6954415.883228772,6457.931640625,31.177233666538417,32.59346809535395,-18.82276633346158,-17.40653190464605,12,1841,7.95270728767e-06,
1323,triangle,649,1365,650,,359498.8095238095,6954769.94047619,5758.9287109375,69.51039129014539,71.214663369326,19.51039129014539,21.214663369325994,65,1681,6.32455532034e-06,
1324,triangle,650,1365,651,,359498.8095238095,6954719.94047619,5758.92822265625,68.55043989321051,70.64799644834618,18.5504398932105,20.647996448346174,65,1681,6.32455532034e-06,
1325,triangle,667,1366,668,,359643.3822847016,6953501.1226306,6369.4931640625,42.236881037469686,43.63442379593073,-7.7631189625303145,-6.365576204069268,65,1681,6.32455532034e-06,
1326,triangle,668,1366,669,,359643.3822847016,6953451.1226306,6369.4931640625,41.22583213951901,42.501089953971096,-8.774167860480997,-7.498910046028904,65,1681,6.673445027625e-06,
1327,triangle,730,1382,704,,359581.0746173469,6956144.818239796,4941.60546875,91.30337548858368,91.32476320333318,41.30337548858369,41.324763203333184,65,1681,6.32455532034e-06,
1328,triangle,729,1382,730,,359581.0746173469,6956194.818239796,4941.60546875,91.25850921550645,92.69142936137354,41.25850921550644,42.691429361373544,65,1681,6.32455532034e-06,
1329,triangle,742,1351,743,,356050.4403911585,6955897.199239087,5575.4560546875,85.57302725510642,86.05237577753905,35.57302725510641,36.05237577753905,6,1721,1.189207115e-05,
1330,triangle,743,1351,744,,356050.4403911585,6955847.199239087,5575.4560546875,85.2978478745482,85.91904447871093,35.29784787454819,35.91904447871092,6,1721,1.189207115e-05,
1331,triangle,840,1594,1407,,354418.3366805681,6955971.770798095,83167.6279296875,104.02903097167382,105.67094810307377,54.02903097167383,55.67094810307376,6,1721,1.189207115e-05,
1332,triangle,1372,2135,1986,,358562.90089317225,6954417.065628183,133573.1943359375,87.26053531853918,95.0304543483109,37.26053531853918,45.03045434831089,65,1681,6.32455532034e-06,
1333,triangle,1146,1781,1386,,360331.87686602183,6951837.217829284,104114.3154296875,65.91491810806995,64.14058114306702,15.914918108069962,14.140581143067037,12,1841,7.95270728767e-06,
1334,triangle,1729,2075,1744,,357329.2108269849,6955130.496562437,100610.25732421875,109.70339679286096,103.75935072673822,59.70339679286095,53.75935072673823,6,1721,1.189207115e-05,
1335,triangle,1732,1990,121,,355705.77025014366,6948953.043358802,19636.11181640625,64.2938473582591,62.841744112689746,14.293847358259093,12.841744112689746,12,1841,7.95270728767e-06,
1336,triangle,1246,1747,1397,,366269.6285201558,6954828.7973939255,130239.833984375,91.21192861542391,109.9179518811988,41.21192861542391,59.9179518811988,65,1681,6.32455532034e-06,
1337,triangle,1230,1864,1822,,357114.9323702879,6952902.081060751,44531.2109375,72.54302994429749,72.20345220113643,22.54302994429749,22.203452201136432,65,1681,6.32455532034e-06,
1338,triangle,478,1862,479,,362532.3751259308,6953785.258812569,7608.8173828125,45.761761211597985,48.32892612897266,-4.23823878840201,-1.6710738710273363,12,1841,7.95270728767e-06,
1339,triangle,549,1866,550,,364269.36010588874,6954300.850841767,7898.73193359375,84.91333594163368,85.21636407650995,34.913335941633676,35.216364076509954,65,1681,6.32455532034e-06,
1340,triangle,740,1373,739,,355946.5553868581,6956174.699894771,8016.21875,89.99478396133414,90.09842406626468,39.994783961334115,40.09842406626469,6,1721,1.189207115e-05,
1341,triangle,155,2102,154,,356800.78125,6951287.5,5537.109375,45.941145638624825,46.189063012599945,-4.058854361375175,-3.810936987400055,12,1841,7.95270728767e-06,
1342,triangle,214,2100,213,,360963.8159848777,6953594.825776768,5042.89990234375,28.349013063734112,28.163654257461715,-21.650986936265884,-21.836345742538285,12,1841,7.95270728767e-06,
1343,triangle,24,2069,855,,353795.54970635055,6951258.472295579,35274.9228515625,118.49231246913361,117.55291827270655,68.49231246913362,67.55291827270655,65,1681,6.32455532034e-06,
1344,triangle,1770,1968,37,,359832.82115535234,6946977.844997455,39757.2919921875,117.6266487875591,116.2905752354924,67.6266487875591,66.2905752354924,12,1841,7.95270728767e-06,
1345,triangle,823,1609,822,,360133.5864787348,6957203.802362596,79053.7548828125,129.81880902964016,129.77322624867156,79.81880902964018,79.77322624867155,12,1841,7.313076157647499e-06,
1346,triangle,676,1763,1407,,354753.23067746504,6956030.004203901,28515.0439453125,98.71617674229816,99.63864889721036,48.71617674229816,49.63864889721035,6,1721,1.189207115e-05,
1347,triangle,433,1953,432,,361512.5,6951850.920758928,5521.4150390625,68.44509090885491,70.97029539659839,18.445090908854905,20.970295396598384,12,1841,7.95270728767e-06,
1348,triangle,435,1953,434,,361412.5,6951850.920758928,5521.4150390625,63.101177601362224,64.6369607916993,13.10117760136222,14.636960791699295,12,1841,7.95270728767e-06,
1349,triangle,539,1954,540,,364961.5692039353,6954178.982473527,3260.5283203125,95.92368230026952,95.8504463836203,45.92368230026954,45.850446383620294,65,1681,6.32455532034e-06,
1350,triangle,541,1954,542,,364861.5692039353,6954178.982473527,3260.5283203125,92.55547871144174,93.11711152440806,42.55547871144174,43.11711152440805,65,1681,6.32455532034e-06,
1351,triangle,624,1955,623,,356838.2177032642,6955460.881059416,4400.880859375,93.96337925318787,93.96712145814648,43.96337925318787,43.96712145814647,6,1721,1.189207115e-05,
1352,triangle,306,1956,305,,359522.475132769,6950345.16934356,3096.54736328125,51.85238137296812,53.729060797654974,1.8523813729681176,3.7290607976549706,12,1841,7.95270728767e-06,
1353,triangle,854,1377,853,,354478.0700910247,6951606.732688456,65492.02587890625,120.05040177464176,110.11132257986138,70.05040177464177,60.111322579861366,65,1681,6.32455532034e-06,
1354,triangle,1986,2135,1147,,358595.61445926264,6954692.259151178,140869.75537109375,108.6502211851621,106.90652863887014,58.65022118516208,56.906528638870135,65,1681,6.32455532034e-06,
1355,triangle,1195,1268,1177,,356397.5918560874,6950681.465904412,64451.498046875,84.10942421604936,78.32803953021393,34.10942421604937,28.328039530213932,12,1841,7.95270728767e-06,
1356,triangle,60,1264,1232,,359348.0054734177,6946940.457597576,41767.19921875,94.85972286123861,96.0499572734024,44.8597228612386,46.049957273402406,12,1841,7.95270728767e-06,
1357,triangle,62,1300,1231,,358872.7676704591,6946956.192728021,43302.654296875,90.86117874290336,95.70121243325262,40.86117874290336,45.701212433252614,12,1841,7.95270728767e-06,
1358,triangle,560,1893,561,,363688.1373999385,6954973.875240239,9788.921875,50.47860454365313,50.35355317217557,0.47860454365312544,0.353553172175574,12,1841,7.95270728767e-06,
1359,triangle,543,1943,542,,364734.95588143356,6954121.365308578,3221.40283203125,91.1253959816529,91.08637332274141,41.12539598165289,41.086373322741416,65,1681,6.32455532034e-06,
1360,triangle,545,1943,544,,364634.95588143356,6954121.365308578,3221.40283203125,88.28085540877294,88.75303998940808,38.28085540877292,38.75303998940808,65,1681,6.32455532034e-06,
1361,triangle,602,1829,603,,356021.0398653101,6954594.513511013,9500.2451171875,77.37071364866033,80.08337547172425,27.370713648660328,30.083375471724253,6,1721,1.189207115e-05,
1362,triangle,185,1939,184,,358790.0190473269,6952750.838686501,2906.8525390625,34.3028840067441,34.523037692239605,-15.697115993255895,-15.476962307760394,12,1841,7.95270728767e-06,
1363,triangle,187,1939,186,,358890.0190473269,6952750.838686501,2906.85205078125,34.33732063099809,34.45637077125979,-15.662679369001905,-15.54362922874021,12,1841,7.95270728767e-06,
1364,triangle,53,1768,1355,,364306.32213526504,6955881.177864735,5279.52001953125,28.46685177017959,28.83155937577385,-21.533148229820405,-21.168440624226147,12,1841,7.95270728767e-06,
1365,triangle,150,2045,151,,356962.8072762508,6950990.363626557,4253.31884765625,50.111403618200406,50.03793461104724,0.11140361820040784,0.037934611047239976,12,1841,7.95270728767e-06,
1366,triangle,486,1958,487,,362509.5071456915,6954361.537845879,3882.05419921875,33.56005563008863,33.53110074789955,-16.439944369911373,-16.468899252100453,12,1841,7.95270728767e-06,
1367,triangle,584,2062,583,,354887.5,6954873.500721049,5456.3310546875,92.71012514658347,93.71201696450282,42.71012514658346,43.71201696450282,6,1721,1.189207115e-05,
1368,triangle,1189,2018,1176,,360143.4135879581,6955387.35729896,126354.95458984375,143.73227563209383,136.8348918313017,93.7322756320938,86.83489183130166,65,1681,6.32455532034e-06,
1369,triangle,98,1926,97,,357384.5238095238,6948418.532509158,3540.0927734375,60.8138007584835,60.97233843225581,10.813800758483506,10.972338432255805,12,1841,7.95270728767e-06,
1370,triangle,100,1926,99,,357284.5238095238,6948418.532509158,3540.0927734375,60.11317577255224,60.239006116175084,10.113175772552236,10.239006116175078,12,1841,7.95270728767e-06,
1371,triangle,404,1974,403,,357437.5,6952473.4375,5449.21875,46.87222188048891,45.459375739097595,-3.127778119511091,-4.540624260902405,12,1841,7.95270728767e-06,
1372,triangle,1183,1431,1429,,357866.74904336734,6948876.336895444,45006.52294921875,79.00432526042653,75.23069703978854,29.004325260426533,25.230697039788538,12,1841,7.95270728767e-06,
1373,triangle,1816,1833,1605,,360487.90616366995,6956738.513641827,54534.25390625,138.8491023335832,131.97105964125822,88.84910233358322,81.97105964125821,65,1681,6.32455532034e-06,
1374,triangle,1221,1832,1784,,361899.50163089554,6950357.217347371,151830.6767578125,102.76706243188275,106.04874618024228,52.76706243188275,56.04874618024228,65,1681,7.02233473491e-06,
1375,triangle,97,1752,1302,,357501.1274509804,6948304.310493427,30759.93896484375,64.43074904800454,66.90893210496127,14.430749048004545,16.908932104961277,12,1841,7.95270728767e-06,
1376,triangle,346,1824,1405,,361954.5600361834,6949614.13985419,25299.9306640625,88.768589327618,89.15439510699774,38.76858932761802,39.15439510699773,65,1681,6.847889881267501e-06,
1377,triangle,1148,2083,1885,,362123.09653888707,6952800.279772457,184419.5986328125,108.53052759477254,93.78420838408483,58.53052759477252,43.78420838408482,12,1841,7.95270728767e-06,
1378,triangle,1384,1798,920,,367391.5634714658,6954350.292203188,114704.0966796875,162.17630071417545,155.5379011987702,112.17630071417544,105.53790119877017,65,1681,6.32455532034e-06,
1379,triangle,840,1407,17,,354337.81399927166,6956193.065381918,56240.80712890625,113.56173020044265,111.52197287827902,63.56173020044265,61.52197287827902,6,1721,1.189207115e-05,
1380,triangle,281,1367,280,,360618.08606927335,6948822.538930726,6125.94677734375,66.54835553828437,66.14645679840815,16.54835553828437,16.14645679840815,12,1841,7.95270728767e-06,
1381,triangle,1246,1877,1384,,366714.7858508869,6954248.35450381,149246.2744140625,130.2570796710824,135.61757991179022,80.25707967108241,85.61757991179019,65,1681,6.32455532034e-06,
1382,triangle,1404,1981,235,,362180.6182765653,6954679.384866588,23416.3310546875,24.413704682991593,25.016695433917818,-25.586295317008407,-24.983304566082182,12,1841,7.95270728767e-06,
1383,triangle,1209,2048,1897,,363264.3545062135,6956589.948275343,60036.1826171875,109.47607000279481,112.30106810839511,59.47607000279481,62.30106810839513,65,1681,6.32455532034e-06,
1384,triangle,668,1878,667,,359764.7375820056,6953512.5,7282.978515625,45.9389877641098,44.856325616690775,-4.061012235890203,-5.143674383309233,65,1681,6.32455532034e-06,
1385,triangle,1141,2033,1160,,360627.183014354,6954602.362440191,163192.28466796875,135.75035702016802,121.20881934840794,85.75035702016801,71.20881934840794,65,1681,6.32455532034e-06,
1386,triangle,346,2028,1784,,361898.49450485484,6949896.903707114,57011.32373046875,89.85280296097542,91.80320481784952,39.852802960975424,41.803204817849526,12,1841,7.371224442195001e-06,
1387,triangle,1384,1963,1246,,366815.6854421976,6954483.078278363,116369.462890625,118.54000298023985,133.16164247573445,68.54000298023985,83.16164247573444,65,1681,6.32455532034e-06,
1388,triangle,1144,1389,1167,,358657.97650655726,6953383.94761939,130034.2763671875,56.087228706763,63.344361977276556,6.087228706763006,13.344361977276558,65,1681,6.32455532034e-06,
1389,triangle,1741,2087,1153,,355955.2650350609,6952434.7973656915,178345.0595703125,102.85456497242228,102.58727636885935,52.854564972422274,52.58727636885934,65,1681,6.32455532034e-06,
1390,triangle,52,1845,925,,366294.428680559,6955678.41436296,45898.7900390625,102.82106510364167,100.86083421363645,52.82106510364166,50.86083421363645,65,1681,6.32455532034e-06,
1391,triangle,1669,1672,1212,,361440.4199388055,6949241.429168052,41505.46044921875,88.22334484690826,84.43861403132726,38.223344846908255,34.43861403132726,12,1841,7.95270728767e-06,
1392,triangle,1622,1817,1330,,354095.52603968914,6950933.16741696,65902.1337890625,112.58033197142063,112.02252716076221,62.58033197142064,62.022527160762216,65,1681,6.32455532034e-06,
1393,triangle,1604,1733,892,,361689.2177884768,6948471.8198426515,122396.97265625,98.00810782017184,99.6735412416134,48.008107820171844,49.67354124161341,12,1841,7.603817580385e-06,
1394,triangle,461,1819,460,,363746.3000223301,6953389.566789918,9194.98828125,76.76541608997852,77.87636894693732,26.7654160899785,27.876368946937323,65,1681,6.32455532034e-06,
1395,triangle,1463,1989,1755,,356736.4671169419,6947687.113298752,48925.36865234375,68.12452818813632,68.94185455447412,18.124528188136328,18.941854554474126,12,1841,7.95270728767e-06,
1396,triangle,44,1910,1278,,362605.100981118,6951490.230988786,42745.63232421875,107.46884854195305,107.58608336338328,57.468848541953044,57.58608336338329,65,1681,6.32455532034e-06,
1397,triangle,1198,2083,1148,,361752.8854792812,6952611.992870183,147618.79638671875,93.12393083703478,86.70870124128054,43.12393083703479,36.70870124128053,12,1841,7.95270728767e-06,
1398,triangle,1904,2143,1659,,360374.7667837634,6948878.13709334,18681.4619140625,74.49122685781113,74.4051122111289,24.491226857811125,24.40511221112891,12,1841,7.95270728767e-06,
1399,triangle,403,1974,1230,,357367.28598674043,6952566.350503095,25534.310546875,56.55591500798449,52.96535487085199,6.5559150079844795,2.965354870851993,12,1841,7.72011414948e-06,
1400,triangle,1146,1933,1781,,360503.35205274797,6951658.567370822,125518.25244140625,73.73263660905234,71.04766176963427,23.73263660905234,21.047661769634267,12,1841,7.95270728767e-06,
1401,triangle,1152,1760,1738,,365344.5245361176,6954691.014012583,84181.77001953125,110.80780541877877,104.12439620364349,60.807805418778784,54.1243962036435,65,1681,6.32455532034e-06,
1402,triangle,1191,1610,1288,,359962.3053503467,6953821.612192362,50587.9375,75.34532035667827,67.99067814458405,25.345320356678265,17.990678144584056,65,1681,6.32455532034e-06,
1403,triangle,1438,1606,1305,,356282.902750822,6949825.636561959,19827.564453125,66.77927637596318,65.9156101285699,16.77927637596318,15.91561012856991,12,1841,7.95270728767e-06,
1404,triangle,49,1877,915,,366776.6019593514,6953743.697958016,54474.0478515625,172.93758427709088,166.06446306183014,122.93758427709088,116.06446306183015,65,1681,6.32455532034e-06,
1405,triangle,164,1358,163,,357226.5625,6951904.6875,8789.0625,44.829037939508765,47.040885095795,-5.1709620604912345,-2.9591149042050042,12,1841,7.95270728767e-06,
1406,triangle,1236,1700,1162,,356882.138552241,6954551.750137455,55090.2177734375,92.10324585711852,88.39849110069525,42.10324585711853,38.398491100695246,6,1721,1.189207115e-05,
1407,triangle,1354,1966,899,,362850.3215578489,6950462.225810483,75887.7900390625,115.19455046762316,117.39474690210618,65.19455046762316,67.39474690210618,65,1681,6.32455532034e-06,
1408,triangle,1236,2011,1700,,356916.2740179969,6954367.017467077,24451.05126953125,86.33467949202172,85.63555692889668,36.334679492021735,35.63555692889668,6,1721,1.189207115e-05,
1409,triangle,1388,2150,1592,,360962.1727821241,6948283.9426825745,43410.08251953125,89.69312678362823,89.4122332089666,39.69312678362824,39.4122332089666,12,1841,7.95270728767e-06,
1410,triangle,17,1407,839,,354440.95413726225,6956351.853652035,51724.8232421875,120.43527617761143,114.64108694198781,70.43527617761143,64.64108694198781,6,1721,1.189207115e-05,
1411,triangle,1394,1885,1520,,362485.9622827882,6953246.772190735,84307.6201171875,97.12646038043883,87.62965305457759,47.12646038043882,37.62965305457758,12,1841,7.95270728767e-06,
1412,triangle,868,1734,867,,355655.6876195559,6947453.649799108,46150.615234375,71.8540870975855,72.0358012491391,21.854087097585506,22.035801249139087,12,1841,7.95270728767e-06,
1413,triangle,97,1926,1752,,357397.0238095238,6948320.45558608,16093.96435546875,62.65373716210958,64.59541558030924,12.653737162109579,14.595415580309236,12,1841,7.95270728767e-06,
1414,triangle,1406,1934,12,,358661.74396070885,6957339.345655839,68515.8291015625,172.99183936821987,167.71732787314264,122.99183936821986,117.71732787314265,65,1681,6.32455532034e-06,
1415,triangle,1192,1194,1149,,357094.4309202647,6949092.43555436,122016.3193359375,76.08982049592717,77.64717131135922,26.08982049592717,27.647171311359216,12,1841,7.95270728767e-06,
1416,triangle,25,1622,856,,353600.90833105735,6950883.673172587,47188.482421875,116.30615300928437,116.50123039540567,66.30615300928437,66.50123039540567,6,1721,9.307153086229285e-06,
1417,triangle,1314,1929,407,,358402.07443844224,6951014.574438442,44536.25390625,67.08195227687128,65.59317680913875,17.081952276871277,15.593176809138754,12,1841,7.95270728767e-06,
1418,triangle,1842,2106,1139,,360764.22837286745,6950648.7744055195,144631.33349609375,87.45511399235541,90.97941857470994,37.45511399235541,40.979418574709946,12,1841,7.95270728767e-06,
1419,triangle,55,2071,1390,,359360.77246469934,6946317.002921976,50500.09814453125,96.45712070067697,97.43019143576267,46.457120700676946,47.43019143576265,12,1841,7.95270728767e-06,
1420,triangle,1390,1737,55,,359454.98351315904,6946430.757471006,40875.40966796875,99.50775909315155,99.59753607879755,49.50775909315155,49.59753607879755,12,1841,7.95270728767e-06,
1421,triangle,1896,2001,1199,,357139.28718857403,6957624.575504991,76000.0966796875,155.00447856333727,151.59974558720418,105.00447856333726,101.59974558720417,65,1681,6.32455532034e-06,
1422,triangle,244,1412,245,,362891.68925382657,6955302.060746173,4690.041015625,23.804450305317076,23.54382261325847,-26.195549694682924,-26.45617738674153,12,1841,7.95270728767e-06,
1423,triangle,450,1993,449,,360413.83241647,6952712.895885396,4068.85302734375,41.645015387133554,40.642369998419674,-8.354984612866451,-9.357630001580324,12,1841,7.95270728767e-06,
1424,triangle,452,1993,451,,360413.83241647,6952812.895885396,4068.85302734375,36.493606109967686,37.17570409469246,-13.506393890032314,-12.824295905307537,12,1841,7.95270728767e-06,
1425,triangle,1290,1839,1206,,360328.47690412955,6956298.491292353,50081.5390625,130.10030902700706,125.5606697847876,80.10030902700706,75.5606697847876,65,1681,6.32455532034e-06,
1426,triangle,1278,1972,902,,362811.98338895437,6951273.478768833,42459.5712890625,114.05190971618234,114.18901562448961,64.05190971618235,64.18901562448961,65,1681,6.32455532034e-06,
1427,triangle,1352,1616,1151,,359315.6423967546,6949578.430227778,88523.033203125,77.68403881844742,79.88794262520905,27.684038818447426,29.887942625209053,12,1841,7.95270728767e-06,
1428,triangle,1254,1879,1280,,360810.3502692,6953075.056517675,44167.5537109375,41.91558050028279,42.379999823344555,-8.084419499717205,-7.620000176655441,12,1841,7.95270728767e-06,
1429,triangle,1204,1884,1161,,358870.284529202,6950727.190271326,56978.591796875,76.59339700185838,75.98204693976436,26.593397001858378,25.982046939764356,12,1841,7.95270728767e-06,
1430,triangle,363,1817,362,,354437.2870603558,6950787.712939645,11297.9111328125,101.08142820620485,100.50729929600486,51.08142820620485,50.50729929600485,65,1681,6.32455532034e-06,
1431,triangle,1621,2092,1145,,359394.878665959,6947682.621456139,108205.693359375,101.31682692830374,99.7401864886064,51.316826928303726,49.74018648860639,12,1841,7.95270728767e-06,
1432,triangle,1161,1310,1204,,359012.2496203173,6950615.496450243,59295.16748046875,76.33864875909309,76.36559853914343,26.338648759093097,26.365598539143424,12,1841,7.95270728767e-06,
1433,triangle,928,1849,927,,365326.8631072517,6955730.048915596,140712.0537109375,88.97148680871896,78.02161938053649,38.97148680871896,28.021619380536503,65,1681,6.789741596720001e-06,
1434,triangle,1264,1968,1232,,359520.48740740103,6946936.72758786,42271.1845703125,103.3854531100915,104.88326275250837,53.38545311009149,54.88326275250838,12,1841,7.95270728767e-06,
1435,triangle,1539,1985,1596,,354419.8016933161,6954999.378286257,55432.45263671875,100.78210127832256,102.56990430007393,50.78210127832256,52.56990430007392,6,1721,1.189207115e-05,
1436,triangle,1898,2125,416,,362338.32470418606,6950910.436731025,29521.029296875,94.55107481782159,95.57382417834599,44.5510748178216,45.573824178346,65,1681,6.32455532034e-06,
1437,triangle,357,1357,358,,360888.3854166667,6949121.197916667,9316.40625,68.87908340549663,70.2624138943906,18.87908340549662,20.26241389439061,12,1841,7.95270728767e-06,
1438,triangle,857,1622,25,,353588.40833105735,6950718.596471076,53395.04833984375,114.13262986699678,113.54420975601776,64.13262986699678,63.54420975601776,6,1721,9.505992937288572e-06,
1439,triangle,40,1824,1324,,361984.634395517,6949352.125711924,51263.5400390625,96.28567764968892,93.83950178091335,46.28567764968892,43.839501780913345,65,1681,6.55714845853e-06,
1440,triangle,7,1897,813,,363155.36943877,6956895.308810866,36665.787109375,134.3846976125985,132.98355425040342,84.3846976125985,82.98355425040342,65,1681,6.32455532034e-06,
1441,triangle,47,1969,1261,,365068.26813332393,6953459.701710763,58802.18408203125,149.39433280919462,151.07870054947753,99.39433280919461,101.07870054947755,65,1681,6.32455532034e-06,
1442,triangle,1160,2053,1141,,360882.7172827173,6954600.33091908,114710.8740234375,125.88415352060161,115.5504847252398,75.88415352060161,65.5504847252398,65,1681,6.32455532034e-06,
1443,triangle,1808,1820,533,,365672.7121903158,6954253.209161314,61839.92822265625,110.56401650504807,113.85990364275172,60.56401650504808,63.859903642751725,65,1681,6.32455532034e-06,
1444,triangle,1348,1883,728,,359642.7967332766,6956438.706052132,26472.9326171875,109.49060071344695,107.05937360697017,59.49060071344696,57.05937360697016,65,1681,6.32455532034e-06,
1445,triangle,1174,1985,1539,,354564.00612539175,6955136.545739432,62674.0615234375,105.69248372540287,103.84068449874025,55.692483725402866,53.840684498740245,6,1721,1.189207115e-05,
1446,triangle,1730,1990,1588,,355560.20650720043,6948796.607572738,21492.748046875,70.78335519795948,69.04751013090953,20.783355197959487,19.047510130909533,12,1841,7.95270728767e-06,
1447,triangle,118,1634,119,,355861.58153370937,6948760.874318816,8151.28369140625,59.90007366223269,59.072138818065106,9.900073662232694,9.072138818065111,12,1841,7.95270728767e-06,
1448,triangle,358,1470,340,,360816.2088496112,6949030.845329203,7271.60400390625,64.99291512744189,65.49295554941118,14.992915127441897,15.492955549411183,12,1841,7.95270728767e-06,
1449,triangle,402,1445,403,,357382.55739795923,6952367.442602041,7325.4140625,46.98747019414079,44.92683609891433,-3.0125298058592143,-5.073163901085668,12,1841,7.95270728767e-06,
1450,triangle,456,1449,457,,359762.5,6952662.5,8437.5,37.58055633968777,36.899999936421715,-12.419443660312233,-13.100000063578287,12,1841,7.95270728767e-06,
1451,triangle,342,1959,1880,,358763.27804893564,6948858.946705878,38947.46826171875,75.68938694697285,76.75177719650436,25.689386946972846,26.75177719650436,12,1841,7.95270728767e-06,
1452,triangle,1935,2077,1169,,362080.3072548043,6955911.237901426,87352.50830078125,90.84655769521851,89.45724888858945,40.84655769521851,39.45724888858945,65,1681,6.32455532034e-06,
1453,triangle,1527,1537,577,,356710.12297190464,6953846.827083722,13352.97314453125,81.76004004126969,80.77315008745187,31.760040041269693,30.77315008745187,65,1681,6.32455532034e-06,
1454,triangle,1745,1814,362,,354523.6266972465,6950536.3968006,39959.3271484375,107.96391658510078,107.73160548216117,57.96391658510079,57.73160548216117,65,1681,6.32455532034e-06,
1455,triangle,1882,1986,1765,,357901.9145413448,6954325.120619341,172848.09765625,90.25977710766645,102.30297920231108,40.25977710766645,52.30297920231109,65,1681,6.32455532034e-06,
1456,triangle,1700,1744,1162,,357061.9497088681,6954653.683607335,101457.8388671875,94.00791997502867,88.71240892183009,44.00791997502867,38.7124089218301,6,1721,1.189207115e-05,
1457,triangle,1885,1922,1253,,362801.4291499122,6952742.874956285,123338.7900390625,97.20287996427584,101.48882143136046,47.202879964275844,51.48882143136046,65,1681,6.32455532034e-06,
1458,triangle,833,2014,1742,,356320.44138414157,6958064.438337683,62120.0927734375,168.051452962158,168.24761865431665,118.051452962158,118.24761865431664,65,1681,6.9641864503624995e-06,
1459,triangle,1922,2105,1253,,363004.5730539014,6952615.816883408,66164.5859375,113.30414285610311,109.18906517050033,63.3041428561031,59.18906517050035,65,1681,6.32455532034e-06,
1460,triangle,185,1340,186,,358848.4375,6952671.875,5976.5625,35.335763573646545,35.56848964095116,-14.664236426353458,-14.431510359048843,12,1841,7.95270728767e-06,
1461,triangle,335,1340,334,,358973.4375,6952546.875,5800.78125,35.87343665957451,36.30182322859764,-14.126563340425491,-13.698176771402359,12,1841,7.95270728767e-06,
1462,triangle,467,1341,468,,363176.7030660023,6953379.432546436,6123.662109375,70.32084141707546,70.68705605853403,20.32084141707546,20.68705605853402,12,1841,7.1967795885525005e-06,
1463,triangle,471,1341,472,,363051.7030660023,6953504.432546436,5816.5947265625,68.98435640634554,69.32038990049365,18.98435640634554,19.320389900493655,12,1841,7.95270728767e-06,
1464,triangle,475,1342,474,,362814.92345882877,6953496.4464555,6024.7734375,66.83323572941043,68.009477801962,16.833235729410426,18.009477801961996,12,1841,7.95270728767e-06,
1465,triangle,557,1344,556,,363951.0054409878,6954634.45101441,4561.76123046875,72.46163445993292,70.9478676508309,22.461634459932913,20.9478676508309,12,1841,7.95270728767e-06,
1466,triangle,567,1345,566,,363271.2295386905,6955155.33296131,5025.0419921875,32.082484081513385,32.72110923342811,-17.917515918486618,-17.278890766571894,12,1841,7.95270728767e-06,
1467,triangle,596,1346,597,,355839.74965480133,6954849.212123938,5713.63623046875,83.38827181702688,83.06555169744804,33.388271817026876,33.06555169744806,6,1721,1.189207115e-05,
1468,triangle,597,1347,596,,355837.5,6954962.5,7031.25,82.1916669209798,82.73333485921223,32.191666920979806,32.73333485921224,6,1721,1.189207115e-05,
1469,triangle,601,1346,602,,355964.74965480133,6954724.212123938,6778.16357421875,82.78231645844777,81.29888401352878,32.782316458447745,31.298884013528788,6,1721,1.189207115e-05,
1470,triangle,690,1347,691,,355837.5,6955212.5,7031.25,84.07499885559082,84.26666514078777,34.07499885559081,34.26666514078776,6,1721,1.189207115e-05,
1471,triangle,125,1338,126,,356162.5,6949237.5,7031.25,66.66666603088372,61.83333396911621,16.66666603088372,11.833333969116211,12,1841,7.95270728767e-06,
1472,triangle,141,1339,140,,356712.5,6950212.5,7031.25,51.25833193461099,51.73333295186361,1.258331934610993,1.7333329518636067,12,1841,7.95270728767e-06,
1473,triangle,509,1343,510,,356434.1973508035,6953662.517663304,4590.2978515625,71.26118696005874,71.45088196372517,21.261186960058748,21.450881963725163,65,1681,6.32455532034e-06,
1474,triangle,672,1360,673,,359638.9080722951,6953146.974417993,6872.841796875,37.15771417695387,38.265756668102775,-12.842285823046135,-11.734243331897227,12,1841,7.95270728767e-06,
1475,triangle,696,1348,697,,359942.734375,6956500.234375,6442.3828125,110.89649803462132,108.24944957415265,60.89649803462132,58.24944957415264,65,1681,6.32455532034e-06,
1476,triangle,101,2133,102,,357088.6880584105,6948479.883342683,3361.8759765625,59.21170612733906,59.30224778553031,9.211706127339063,9.302247785530312,12,1841,7.95270728767e-06,
1477,triangle,94,2134,95,,357658.797603863,6948631.233153011,3513.7294921875,64.54956241803583,64.92451461593274,14.549562418035832,14.924514615932736,12,1841,7.95270728767e-06,
1478,triangle,1833,1905,819,,361064.7404071645,6956488.106386098,89529.5673828125,136.7809142674344,139.5583995619638,86.78091426743441,89.55839956196378,65,1681,6.32455532034e-06,
1479,triangle,460,1971,461,,363663.859026941,6953463.019371976,8343.03857421875,78.6883619852703,79.6612252818253,28.688361985270316,29.661225281825285,65,1681,6.32455532034e-06,
1480,triangle,1375,1837,1202,,362022.2480430662,6953656.830420896,62623.81787109375,54.57831765614411,55.27551906495532,4.578317656144107,5.275519064955323,12,1841,7.95270728767e-06,
1481,triangle,1159,1769,1258,,357240.492663745,6956571.848065992,76098.376953125,136.2249315420522,134.73103920224773,86.22493154205219,84.73103920224774,6,1721,9.505992937288572e-06,
1482,triangle,241,1655,1381,,362647.87864141027,6955111.304567336,18107.513671875,23.766971059064364,23.65429535376462,-26.233028940935633,-26.34570464623538,12,1841,7.95270728767e-06,
1483,triangle,1899,1999,1140,,357792.3060774417,6949753.239140219,151765.53466796875,95.06934914721984,87.73519943614993,45.06934914721984,37.735199436149934,12,1841,7.95270728767e-06,
1484,triangle,1408,1880,1151,,358828.51918856445,6949237.947677194,104837.11962890625,83.96710065264787,81.47858533524679,33.967100652647865,31.478585335246795,12,1841,7.95270728767e-06,
1485,triangle,2039,2094,1734,,356039.06046776753,6947551.683581154,63532.44384765625,66.24494641307842,67.81552544163274,16.24494641307843,17.81552544163274,12,1841,7.95270728767e-06,
1486,triangle,158,1639,1260,,357049.6680936834,6951379.761904761,21291.40234375,61.19617732349847,57.08575175745148,11.196177323498466,7.085751757451484,12,1841,7.95270728767e-06,
1487,triangle,1295,1663,300,,359823.29931972787,6950097.023809523,22332.58935546875,68.01091498043577,62.991229733162754,18.010914980435775,12.991229733162761,12,1841,7.95270728767e-06,
1488,triangle,1584,1828,739,,355804.5506266631,6956146.558159213,14586.44140625,93.10929733607956,92.95455946363428,43.10929733607957,42.95455946363429,6,1721,1.189207115e-05,
1489,triangle,1151,1891,1408,,358695.88556711416,6949509.88188408,165312.5048828125,87.43028113791868,85.18455276074569,37.43028113791869,35.18455276074568,12,1841,7.95270728767e-06,
1490,triangle,45,1922,904,,362929.7649341446,6952266.274376288,33124.39013671875,131.92574900992742,126.29083287794622,81.92574900992742,76.29083287794622,65,1681,6.32455532034e-06,
1491,triangle,819,1905,8,,361259.12115519494,6956359.780794341,42279.04296875,142.4628529053801,142.75443121360271,92.46285290538009,92.7544312136027,65,1681,6.32455532034e-06,
1492,triangle,1228,1374,1186,,358536.9173860007,6952278.884174443,72483.43994140625,61.32124249361257,57.58812876032505,11.321242493612573,7.588128760325042,12,1841,7.95270728767e-06,
1493,triangle,1180,1726,1153,,356529.39222490956,6952745.529991396,99868.97265625,98.14822060540108,96.62527343092593,48.14822060540108,46.62527343092594,65,1681,6.32455532034e-06,
1494,triangle,759,1812,760,,356544.24286771653,6956700.0721934885,9093.298828125,108.95335210608697,107.1534581584038,58.95335210608697,57.153458158403794,6,1721,1.189207115e-05,
1495,triangle,558,1960,557,,363830.4276372772,6954687.153260872,6459.6494140625,64.02617569500983,65.2478646848033,14.026175695009819,15.247864684803313,12,1841,7.95270728767e-06,
1496,triangle,1164,1886,1142,,358154.2981697835,6955932.608626638,193256.8623046875,135.89881698501412,133.9283129309799,85.89881698501412,83.92831293097991,6,1721,1.189207115e-05,
1497,triangle,1925,2136,1338,,356242.9037183621,6949065.069090686,28595.935546875,79.75953394014562,74.82347654569149,29.759533940145623,24.82347654569149,12,1841,7.95270728767e-06,
1498,triangle,1369,1815,880,,358638.7582026689,6946189.573061575,80997.5810546875,109.00133974484429,112.92141351078743,59.00133974484429,62.92141351078743,12,1841,7.95270728767e-06,
1499,triangle,1199,1742,1724,,356697.96563952044,6957589.7882017745,116436.54296875,144.77070714735763,153.74626326568537,94.77070714735761,103.74626326568539,65,1681,6.32455532034e-06,
1500,triangle,1161,1476,1310,,359091.3423625005,6950431.187217449,54492.93505859375,75.8330136978305,80.28564721880866,25.83301369783049,30.28564721880866,12,1841,7.95270728767e-06,
1501,triangle,1234,1415,1209,,363536.31147522485,6956309.67949468,123520.6376953125,86.05395399117769,77.01990428508907,36.0539539911777,27.01990428508907,65,1681,6.847889881267501e-06,
1502,triangle,820,2002,1833,,361000.9681490232,6956787.201059576,28030.359375,137.09957028250375,137.1097860469393,87.09957028250375,87.1097860469393,65,1681,6.32455532034e-06,
1503,triangle,1211,1614,1192,,356697.25519632903,6949331.697928297,71838.5166015625,87.00408581998843,81.88815890106174,37.004085819988425,31.888158901061757,12,1841,7.95270728767e-06,
1504,triangle,1304,1787,1239,,355776.6189387466,6949470.47464712,56774.34326171875,74.67480232364922,76.1642128115585,24.674802323649228,26.1642128115585,12,1841,7.95270728767e-06,
1505,triangle,249,1937,248,,363114.16302255896,6955552.323130098,5886.3515625,31.955724667440965,29.618345730885576,-18.044275332559035,-20.381654269114424,12,1841,7.95270728767e-06,
1506,triangle,428,1809,429,,361887.0780071002,6951985.406450026,10967.00146484375,90.71365505129909,90.91358609339174,40.71365505129908,40.91358609339174,12,1841,7.95270728767e-06,
1507,triangle,623,2148,624,,356785.6438897164,6955538.635996065,4346.5498046875,91.94459338054733,92.85887787985824,41.94459338054733,42.858877879858234,6,1721,1.189207115e-05,
1508,triangle,625,2148,626,,356685.6438897164,6955538.635996065,4346.54931640625,90.77069698163552,91.35887787985824,40.77069698163552,41.358877879858234,6,1721,1.189207115e-05,
1509,triangle,1408,1999,1267,,358268.4931506849,6949201.952054795,78628.638671875,88.86133145832952,84.51613522157002,38.86133145832953,34.51613522157003,12,1841,7.95270728767e-06,
1510,triangle,1142,1802,1164,,358388.7233455263,6955695.315990116,159518.6943359375,118.96409162287584,123.11509938331331,68.96409162287584,73.11509938331331,6,1721,1.189207115e-05,
1511,triangle,456,2074,1227,,359922.09057176585,6952422.526986,47813.025390625,42.74197196922257,42.09600818794832,-7.258028030777437,-7.903991812051678,12,1841,7.95270728767e-06,
1512,triangle,213,1888,212,,360859.6786149231,6953613.720557249,7168.5625,29.862001876527046,30.87713295765762,-20.137998123472958,-19.12286704234238,12,1841,7.836410718575001e-06,
1513,triangle,154,1889,153,,356788.28125,6951187.5,6943.359375,50.28906250000004,48.352604269981384,0.2890625000000393,-1.6473957300186157,12,1841,7.95270728767e-06,
1514,triangle,1186,1233,1155,,358239.5590109634,6951945.738281664,128082.6591796875,66.68883354649145,64.74471397164557,16.68883354649144,14.744713971645561,12,1841,7.95270728767e-06,
1515,triangle,1144,1213,1182,,358057.87675933324,6953415.021369829,127127.8076171875,78.54593299487183,79.57318425577274,28.545932994871833,29.573184255772745,65,1681,6.32455532034e-06,
1516,triangle,1168,1355,1309,,364164.49679952377,6955513.648179659,62024.3984375,41.632036028556435,51.59548408971441,-8.367963971443567,1.5954840897144182,12,1841,7.95270728767e-06,
1517,triangle,12,2055,1406,,358512.28664329165,6957429.497170412,58621.3701171875,170.81744316616366,166.99577391510834,120.81744316616366,116.99577391510837,65,1681,6.32455532034e-06,
1518,triangle,1986,2091,1411,,358102.0901315233,6954918.520774181,124324.72216796875,119.94903889254122,116.0225748413864,69.94903889254122,66.02257484138642,6,1721,1.1295551596822145e-05,
1519,triangle,620,1381,619,,362410.37864141027,6954973.804567336,9470.611328125,26.45961751728591,26.070962020431285,-23.540382482714094,-23.929037979568715,12,1841,7.95270728767e-06,
1520,triangle,530,1363,531,,357755.0,6952636.09375,9439.453125,42.45187514146169,42.25004188696543,-7.548124858538305,-7.7499581130345705,12,1841,7.95270728767e-06,
1521,triangle,728,1382,729,,359556.0746173469,6956244.818239796,8337.0537109375,92.08617896685205,93.9580970452928,42.08617896685205,43.95809704529282,65,1681,6.32455532034e-06,
1522,triangle,240,1381,239,,362560.37864141027,6954973.804567336,7135.4169921875,23.40823968439493,23.8376284327848,-26.591760315605075,-26.1623715672152,12,1841,7.95270728767e-06,
1523,triangle,172,1363,171,,357755.0,6952486.09375,6310.546875,39.93618178738489,39.683374965985614,-10.063818212615114,-10.316625034014388,12,1841,7.95270728767e-06,
1524,triangle,651,1365,652,,359473.8095238095,6954669.94047619,8002.232421875,66.67161895801296,69.44799695697249,16.671618958012953,19.447996956972478,65,1681,6.32455532034e-06,
1525,triangle,669,1366,670,,359618.3822847016,6953401.1226306,9308.2890625,40.13907096007481,41.03442405024388,-9.860929039925194,-8.965575949756117,12,1841,7.6619658649325e-06,
1526,triangle,704,1382,705,,359556.0746173469,6956094.818239796,7171.1572265625,94.03566246389045,91.09143088725244,44.035662463890425,41.09143088725245,65,1681,6.32455532034e-06,
1527,triangle,1323,2105,905,,363329.8523185849,6952563.295071029,54666.24609375,128.26340226984465,125.19996317673916,78.26340226984463,75.19996317673916,65,1681,6.32455532034e-06,
1528,triangle,712,1967,1792,,358195.190985011,6956731.629906355,38587.482421875,132.35653812047207,133.36426238130957,82.35653812047207,83.36426238130959,65,1681,6.32455532034e-06,
1529,triangle,533,1820,1760,,365557.9608618966,6954383.126270786,36893.8935546875,119.52736526525968,114.87233817982195,69.52736526525969,64.87233817982195,65,1681,6.32455532034e-06,
1530,triangle,1405,1824,40,,362095.39336951677,6949448.306520857,42417.80859375,96.36682187454915,94.96943258427909,46.36682187454915,44.9694325842791,65,1681,6.32455532034e-06,
1531,triangle,822,1605,10,,360461.425710998,6957007.504356372,43157.736328125,140.46882848237448,137.33536018125005,90.46882848237446,87.33536018125005,65,1681,6.4408518894350004e-06,
1532,triangle,611,1396,612,,356466.0714285714,6954019.642857143,7232.14306640625,75.35776696237718,75.70408228140411,25.35776696237718,25.704082281404123,65,1681,6.32455532034e-06,
1533,triangle,1172,1776,1159,,356947.8854175508,6956023.130313267,104524.99609375,115.89906085523033,114.72412482793119,65.89906085523033,64.72412482793119,6,1721,1.189207115e-05,
1534,triangle,755,1988,756,,356852.9878106013,6956984.224120821,6326.58447265625,115.0089396422423,116.35557309284509,65.0089396422423,66.3555730928451,65,1681,6.32455532034e-06,
1535,triangle,1415,2048,1209,,363477.1176668333,6956547.844951183,85524.29638671875,110.26168674525871,102.11280376776033,60.26168674525871,52.11280376776032,65,1681,6.4990001739825e-06,
1536,triangle,1385,1612,16,,355568.451193258,6957046.180593912,51357.9189453125,124.54266222402794,125.29120440356836,74.54266222402794,75.29120440356836,65,1681,6.32455532034e-06,
1537,triangle,1741,1919,22,,355396.7545846954,6952676.453887037,95570.04443359375,139.81698357393896,130.92939595352317,89.81698357393897,80.92939595352317,65,1681,6.32455532034e-06,
1538,triangle,282,1367,281,,360643.08606927335,6948872.538930726,3590.31689453125,65.51990714031463,65.5464570527213,15.51990714031463,15.5464570527213,12,1841,7.95270728767e-06,
1539,triangle,280,1367,279,,360568.08606927335,6948797.538930726,5348.12939453125,68.28671780485473,67.4131219391959,18.28671780485473,17.413121939195907,12,1841,7.95270728767e-06,
1540,triangle,1712,1713,1318,,359225.5448125911,6953868.961078048,32120.21142578125,70.84279173263985,67.89720935847002,20.842791732639846,17.89720935847001,65,1681,6.32455532034e-06,
1541,triangle,1170,2016,1296,,364185.3397372658,6953326.055294182,109469.92236328125,99.63134209797315,104.28150331144623,49.63134209797314,54.28150331144624,65,1681,6.32455532034e-06,
1542,triangle,241,1803,242,,362778.47966269846,6955060.40922619,7657.92431640625,22.774936103344327,23.169511422881584,-27.22506389665567,-26.830488577118416,12,1841,7.95270728767e-06,
1543,triangle,355,1804,356,,361039.0625,6949285.9375,10898.4375,77.80464451511713,77.62252544363339,27.804644515117126,27.622525443633396,12,1841,7.95270728767e-06,
1544,triangle,1333,1667,336,,361110.4166666667,6948868.75,15770.0888671875,79.46921131346066,76.5191055144275,29.46921131346066,26.519105514427494,12,1841,7.95270728767e-06,
1545,triangle,898,1997,1779,,362805.6170323868,6949840.859318477,31833.849609375,116.39045098928396,117.0573942214671,66.39045098928396,67.0573942214671,65,1681,6.32455532034e-06,
1546,triangle,367,1907,366,,354756.42413990013,6951076.05527338,7833.50244140625,86.13041864597488,86.546162618623,36.13041864597488,36.546162618623,65,1681,6.32455532034e-06,
1547,triangle,912,1969,47,,365233.51003722165,6953318.576643948,49372.05712890625,162.234657009199,159.27484685753245,112.23465700919898,109.27484685753245,65,1681,6.32455532034e-06,
1548,triangle,1781,1933,1279,,360732.1551011945,6951778.572543292,55144.28125,60.82397771644044,65.0766255981708,10.823977716440442,15.076625598170805,12,1841,7.95270728767e-06,
1549,triangle,1162,1744,1591,,357009.8123260616,6954902.473745688,86516.85888671875,100.74077807105873,96.33731911414883,50.74077807105873,46.33731911414882,6,1721,1.189207115e-05,
1550,triangle,1141,2145,2018,,360773.91961719835,6955218.184632152,140660.11962890625,167.8118204702303,153.9198570922046,117.81182047023027,103.91985709220462,65,1681,6.32455532034e-06,
1551,triangle,220,1941,219,,361268.01948051946,6953788.256337691,10714.146484375,26.8612502233,27.40783101744422,-23.138749776699996,-22.59216898255578,12,1841,7.95270728767e-06,
1552,triangle,425,1942,424,,362030.16873595194,6951611.901764895,6517.06884765625,93.25249249245424,92.18523075045012,43.25249249245422,42.18523075045011,65,1681,6.32455532034e-06,
1553,triangle,1905,2093,8,,361279.16101731284,6956147.09979932,59743.2568359375,145.60580557055732,142.3794847888454,95.60580557055732,92.3794847888454,65,1681,6.32455532034e-06,
1554,triangle,1187,2097,1256,,355330.9395050278,6950938.485202812,42101.0859375,95.2507023445348,96.52711598795928,45.2507023445348,46.527115987959284,65,1681,6.32455532034e-06,
1555,triangle,1151,1616,1410,,359209.8725526575,6949772.604003087,88364.9951171875,81.51996070909357,79.79163870565138,31.519960709093567,29.791638705651376,12,1841,7.95270728767e-06,
1556,triangle,2030,2039,1734,,356125.1741879885,6947411.359100856,65237.8759765625,66.4077790806088,68.65801645023295,16.40777908060879,18.65801645023295,12,1841,7.95270728767e-06,
1557,triangle,1603,1918,1220,,363318.622025164,6954724.801065574,68001.56884765625,56.46452917030329,54.656467950081684,6.464529170303287,4.656467950081682,12,1841,7.95270728767e-06,
1558,triangle,13,1750,827,,358436.6417167746,6957870.873268019,36158.826171875,174.08528682379966,173.17362286022217,124.08528682379963,123.17362286022218,65,1681,7.138631304005e-06,
1559,triangle,1779,1997,42,,362831.03835835605,6949989.748244059,33650.41845703125,122.88903657724329,120.1809237159403,72.8890365772433,70.18092371594028,65,1681,6.32455532034e-06,
1560,triangle,1343,1811,511,,356411.523870693,6953546.309506272,11394.26123046875,74.09551242238284,78.88152053797687,24.095512422382832,28.881520537976865,65,1681,6.32455532034e-06,
1561,triangle,1995,2019,1370,,354943.8475537103,6953670.21521714,76871.78857421875,99.0219543963475,104.3885970190367,49.02195439634748,54.388597019036695,65,1681,9.10831323517e-06,
1562,triangle,2016,2146,460,,363845.59016813984,6953574.808593157,34920.7587890625,79.6692865287614,83.42398126458532,29.669286528761397,33.423981264585315,65,1681,6.32455532034e-06,
1563,triangle,1167,1366,1318,,359307.4147747212,6953501.751888008,69860.2900390625,54.83529387575827,50.61551433130504,4.8352938757582615,0.6155143313050413,65,1681,6.32455532034e-06,
1564,triangle,1177,1771,1498,,356147.1464510083,6951118.511039597,65314.7197265625,86.21238443208716,78.93583503787798,36.212384432087156,28.935835037877983,65,1681,6.673445027625e-06,
1565,triangle,1310,2144,1204,,359137.70822398475,6950729.380154257,21010.95849609375,66.37626056428681,67.42344832733211,16.37626056428681,17.42344832733211,12,1841,7.95270728767e-06,
1566,triangle,1149,1211,1192,,356954.1180245673,6949321.7649272205,141758.4873046875,80.6713443642322,81.50113077566608,30.6713443642322,31.501130775666095,12,1841,7.95270728767e-06,
1567,triangle,247,1412,569,,363016.68925382657,6955352.060746173,6328.12548828125,24.678025973504152,24.54382197747559,-25.32197402649585,-25.45617802252441,12,1841,7.95270728767e-06,
1568,triangle,1180,1680,1230,,357086.1659067801,6952562.201440011,53461.76025390625,76.43239955279803,72.65981269002715,26.432399552798024,22.659812690027163,65,1681,6.4990001739825e-06,
1569,triangle,662,1712,1318,,359369.2948125911,6953862.711078048,20681.470703125,58.92259695125615,56.3055434547428,8.922596951256148,6.305543454742797,65,1681,6.32455532034e-06,
1570,triangle,1243,1922,1885,,362569.20285185473,6952546.446516977,131842.17822265625,107.64100581699492,106.73132444201751,57.641005816994905,56.731324442017495,65,1681,6.32455532034e-06,
1571,triangle,886,1968,1737,,359724.02884309646,6946676.857327242,60302.6025390625,115.92877336120719,113.21023684447964,65.9287733612072,63.210236844479645,12,1841,7.95270728767e-06,
1572,triangle,2017,2037,1312,,355013.3856788141,6951655.231765096,44303.1025390625,96.27439040111724,97.89011671760404,46.274390401117245,47.89011671760405,65,1681,6.32455532034e-06,
1573,triangle,1743,1888,1160,,360752.48578348156,6953920.400366247,71149.52880859375,54.008673488560554,61.64438937339833,4.008673488560551,11.644389373398335,65,1681,6.32455532034e-06,
1574,triangle,864,1730,1588,,355402.3279963606,6948740.058627429,42915.8369140625,78.99123481060221,75.16321462235192,28.99123481060221,25.16321462235192,12,1841,7.95270728767e-06,
1575,triangle,859,1745,1391,,354221.2035905283,6950287.1428964855,75633.0966796875,111.60247590739488,112.99944086762882,61.60247590739486,62.999440867628834,65,1681,6.32455532034e-06,
1576,triangle,1592,2150,1733,,361171.2181851324,6948380.521541607,38434.259765625,87.8298984463196,86.72191288918505,37.8298984463196,36.72191288918506,12,1841,7.95270728767e-06,
1577,triangle,38,2150,1388,,360953.71706150094,6948121.695383365,46852.62890625,97.06803190554008,96.73222940093251,47.068031905540096,46.73222940093249,12,1841,7.95270728767e-06,
1578,triangle,469,1917,1518,,363057.0201686493,6953235.340820099,14044.98681640625,69.524815610801,70.86172085168137,19.524815610801,20.861720851681365,65,1681,6.789741596720001e-06,
1579,triangle,1147,2091,1986,,358385.4879267512,6954914.628769979,114605.62548828125,126.59253510769287,122.30106538462292,76.59253510769288,72.3010653846229,6,1721,1.010251249046643e-05,
1580,triangle,1747,2021,923,,366720.0015482178,6955022.390710704,62637.52392578125,147.110512425875,139.74202430199156,97.11051242587497,89.74202430199155,65,1681,6.32455532034e-06,
1581,triangle,134,1606,1438,,356381.58956120646,6949844.958412882,12841.06982421875,59.97966958590891,59.95530252112434,9.979669585908908,9.955302521124343,12,1841,7.95270728767e-06,
1582,triangle,303,1376,304,,359623.21428571426,6950237.5,6830.35693359375,57.51865007006778,57.47023832230091,7.518650070067776,7.470238322300911,12,1841,7.95270728767e-06,
1583,triangle,748,1359,747,,356035.85311687324,6955506.942665313,8877.42578125,84.14973938252355,84.69479652091633,34.14973938252354,34.69479652091632,6,1721,1.189207115e-05,
1584,triangle,1621,2004,64,,359081.99946648575,6947335.32562612,22722.34326171875,90.16958213320763,91.39762504083264,40.16958213320764,41.39762504083263,12,1841,7.95270728767e-06,
1585,triangle,1937,1973,1458,,362976.72419830505,6955736.189509342,35759.046875,40.26442649778136,48.54713960666524,-9.735573502218651,-1.4528603933347597,65,1681,7.02233473491e-06,
1586,triangle,1335,1910,44,,362548.7295522462,6951653.897352704,50833.89892578125,107.51259565974692,108.6459159045434,57.51259565974692,58.645915904543386,65,1681,6.32455532034e-06,
1587,triangle,1604,2052,1212,,361803.81141769356,6948918.128883992,81326.94921875,88.88659087098561,95.21750044394321,38.88659087098561,45.217500443943216,12,1841,7.5456692958375e-06,
1588,triangle,485,2124,484,,362437.3587527285,6954210.947666083,4234.64013671875,36.07871877615176,35.89837972934388,-13.921281223848238,-14.101620270656118,12,1841,7.95270728767e-06,
1589,triangle,487,2124,486,,362437.3587527285,6954310.947666083,4234.640625,34.57359846072299,34.63171268120749,-15.426401539277009,-15.368287318792511,12,1841,7.95270728767e-06,
1590,triangle,1929,1930,407,,358447.30245883396,6950855.709173552,44160.38671875,68.41900341605051,65.82310582159921,18.419003416050522,15.823105821599208,12,1841,7.95270728767e-06,
1591,triangle,1896,1902,1786,,357474.9698129966,6957411.51374353,107055.93798828125,145.74979738355765,144.39410448118818,95.74979738355765,94.3941044811882,65,1681,6.32455532034e-06,
1592,triangle,1422,2108,1923,,358296.51476977376,6947685.175294846,30010.181640625,82.31075561542866,82.62799164842997,32.310755615428654,32.627991648429955,12,1841,7.95270728767e-06,
1593,triangle,922,1963,921,,367161.18684767914,6954832.192870473,51209.82666015625,169.58041126722532,161.25203042099662,119.58041126722534,111.25203042099662,65,1681,6.32455532034e-06,
1594,triangle,1239,1892,1732,,355415.8805981527,6949323.10139707,112227.673828125,86.62802782741406,86.99529582318429,36.628027827414066,36.9952958231843,12,1841,7.95270728767e-06,
1595,triangle,832,1936,831,,356978.3864840139,6958186.20242547,59444.201171875,175.55888842208438,174.5500280838903,125.55888842208437,124.55002808389027,65,1681,6.673445027625e-06,
1596,triangle,1246,2021,1747,,366540.25614757795,6954768.803447089,84002.876953125,114.47237474166737,127.79248570769789,64.47237474166737,77.79248570769789,65,1681,6.32455532034e-06,
1597,triangle,1558,1710,1171,,359909.12154752883,6954487.223469923,96421.1865234375,103.38771768199068,108.89950360464088,53.38771768199068,58.89950360464088,65,1681,6.32455532034e-06,
1598,triangle,293,2104,1473,,360239.282758261,6949701.647325635,9297.330078125,60.25692540186489,59.94284953835651,10.25692540186488,9.94284953835651,12,1841,7.95270728767e-06,
1599,triangle,1471,2104,292,,360355.36547521135,6949583.106017382,10639.05126953125,59.146122066836995,61.72561088769512,9.146122066836988,11.725610887695114,12,1841,7.95270728767e-06,
1600,triangle,1386,2074,1994,,359952.8697048535,6952038.438545592,96164.85107421875,51.18748239820875,51.936759698077644,1.187482398208742,1.9367596980776443,12,1841,7.95270728767e-06,
1601,triangle,1405,2028,346,,362019.2558289759,6949733.879856427,49585.8505859375,92.30769825279492,90.43147800094899,42.30769825279492,40.43147800094898,65,1681,6.4990001739825e-06,
1602,triangle,605,2007,1597,,356406.62246875506,6954583.811413729,21625.2158203125,77.76484377273316,80.2944865601837,27.76484377273317,30.294486560183714,6,1721,1.189207115e-05,
1603,triangle,1657,2117,261,,364044.60513681034,6955751.689345207,6943.30859375,28.864488239433808,25.624371011433237,-21.13551176056619,-24.375628988566763,12,1841,7.95270728767e-06,
1604,triangle,1145,2092,1332,,359663.98959632334,6947838.271841082,127453.3271484375,91.78365401103758,97.40584339541799,41.78365401103758,47.40584339541798,12,1841,7.95270728767e-06,
1605,triangle,1192,1631,1435,,356588.62110736425,6948810.0549813425,32679.6044921875,69.14481218312567,68.08883467380043,19.144812183125673,18.088834673800438,12,1841,7.95270728767e-06,
1606,triangle,134,1638,1606,,356431.58956120646,6949919.958412882,18956.84619140625,59.60571235886755,59.37196886989957,9.605712358867553,9.371968869899572,12,1841,7.95270728767e-06,
1607,triangle,828,1750,13,,358289.56692058843,6957966.622023056,43527.03662109375,176.7749212646002,174.75872566088506,126.77492126460021,124.75872566088509,65,1681,7.0804830194575e-06,
1608,triangle,1169,2025,1935,,362151.6509548568,6956121.082454356,67117.2568359375,115.49880662621149,112.27596927293143,65.49880662621149,62.275969272931434,65,1681,6.32455532034e-06,
1609,triangle,1273,1615,1352,,359736.73477286147,6949461.428122748,57702.3583984375,76.73927200442436,74.30673157596998,26.739272004424365,24.30673157596998,12,1841,7.95270728767e-06,
1610,triangle,1356,2030,871,,356293.5051825107,6947161.151266142,45010.5341796875,76.85509077019253,75.85855737416297,26.855090770192525,25.85855737416298,12,1841,7.95270728767e-06,
1611,triangle,924,2024,1747,,366520.96610632696,6955246.391161546,57860.603515625,134.96336093329006,127.71861687608528,84.96336093329006,77.7186168760853,65,1681,6.32455532034e-06,
1612,triangle,23,2037,2017,,354943.7369202667,6951808.609784917,44368.7421875,108.44259411510842,106.94502970347439,58.442594115108406,56.9450297034744,65,1681,6.32455532034e-06,
1613,triangle,1515,2149,446,,360467.56412870175,6952421.674004273,10253.5654296875,45.688507936804385,45.87993234854363,-4.311492063195606,-4.120067651456364,12,1841,7.95270728767e-06,
1614,triangle,1206,1816,1290,,360382.2986045597,6956451.151396546,50673.7841796875,120.23731451785292,128.43404201657762,70.23731451785292,78.4340420165776,65,1681,6.32455532034e-06,
1615,triangle,870,1734,869,,355827.18266240665,6947153.661837291,48048.99755859375,73.89268413211506,72.04392726331291,23.892684132115072,22.043927263312913,12,1841,7.95270728767e-06,
1616,triangle,818,1935,817,,361844.9058927808,6956349.6403382495,54111.880859375,142.47913368014747,138.75962811947932,92.47913368014747,88.7596281194793,65,1681,6.32455532034e-06,
1617,triangle,1489,1962,1228,,358866.96753956686,6952312.870939192,27442.50244140625,43.507615391564,44.78842519170478,-6.492384608435998,-5.211574808295215,12,1841,7.95270728767e-06,
1618,triangle,1215,2062,1867,,355101.72839224973,6955085.2443687515,58431.6357421875,99.88414866737489,97.65001768567129,49.88414866737488,47.65001768567129,6,1721,1.189207115e-05,
1619,triangle,231,1457,1308,,361994.519285483,6954239.565830182,10912.05078125,27.84176923834329,30.18850534359647,-22.15823076165671,-19.81149465640353,12,1841,7.95270728767e-06,
1620,triangle,373,1494,1312,,355208.36555308633,6951468.437731852,18699.7998046875,79.81765713216018,80.44591875349097,29.817657132160175,30.445918753490968,65,1681,6.32455532034e-06,
1621,triangle,872,2031,1356,,356672.0160475873,6947199.534250573,44904.7626953125,83.00198417201705,81.5135594496122,33.00198417201703,31.513559449612192,12,1841,7.95270728767e-06,
1622,triangle,1153,2087,1617,,356343.87121963274,6952384.902695212,143058.578125,92.16461189311126,88.2406959104909,42.164611893111264,38.24069591049089,65,1681,6.32455532034e-06,
1623,triangle,1368,1769,1159,,357459.7233982094,6956573.832487424,98616.55078125,143.54772341649405,137.60429503642385,93.54772341649405,87.60429503642384,65,1681,7.915274128814286e-06,
1624,triangle,1737,2078,55,,359385.8291626189,6946553.256710558,14929.8828125,99.02087599246823,97.95403294007906,49.020875992468234,47.95403294007905,12,1841,7.95270728767e-06,
1625,triangle,1260,1306,158,,357154.9525049485,6951451.861048701,40442.21875,66.12314502476497,61.27415594130533,16.123145024764973,11.274155941305333,12,1841,7.95270728767e-06,
1626,triangle,1518,1917,1253,,363049.63683928206,6953084.455100487,33440.30224609375,73.08468126747623,77.01058014335598,23.084681267476228,27.01058014335597,65,1681,6.32455532034e-06,
1627,triangle,178,2129,1328,,358232.0468784182,6952807.1425453825,13567.244140625,47.24926565768335,44.585343498786614,-2.7507343423166515,-5.414656501213384,12,1841,7.95270728767e-06,
1628,triangle,15,1767,834,,355844.826630662,6958047.536405411,44561.27587890625,166.86650876362958,164.49716437453912,116.86650876362957,114.49716437453914,12,1841,7.48752101129e-06,
1629,triangle,1677,1771,1248,,356333.0271004631,6951354.497857229,25312.0888671875,76.78996359896055,72.10298113668068,26.789963598960558,22.102981136680683,12,1841,7.95270728767e-06,
1630,triangle,903,2076,1335,,362669.7684288014,6951928.968866718,45497.90234375,111.50607082650039,111.99280518230614,61.50607082650039,61.99280518230614,65,1681,6.32455532034e-06,
1631,triangle,751,1896,1720,,357193.97325545084,6957194.423094838,18407.392578125,124.1275536161593,124.30669779139828,74.1275536161593,74.30669779139829,65,1681,6.32455532034e-06,
1632,triangle,1212,1733,1604,,361605.19697010313,6948736.25942279,143579.9853515625,84.78634000748258,92.23823380256772,34.78634000748259,42.23823380256771,12,1841,7.95270728767e-06,
1633,triangle,1354,2125,1898,,362470.67602432193,6950788.617262706,37432.7744140625,98.05259745453635,100.66325300825285,48.052597454536354,50.663253008252845,65,1681,6.32455532034e-06,
1634,triangle,1232,1968,1770,,359654.70937848114,6947055.517445731,57741.494140625,105.7142033460808,108.28891800667135,55.71420334608078,58.28891800667136,12,1841,7.95270728767e-06,
1635,triangle,42,1997,41,,362998.9961517472,6949953.779543879,26901.3115234375,126.22642062341664,124.1951691282306,76.22642062341666,74.1951691282306,65,1681,6.32455532034e-06,
1636,triangle,1215,1561,1174,,354890.55972369807,6955437.597898885,78829.94775390625,105.4964984810684,102.47695091579352,55.4964984810684,52.47695091579353,6,1721,1.189207115e-05,
1637,triangle,157,1361,156,,356843.53515625,6951458.125,10078.857421875,51.57324618442179,50.29896215657393,1.5732461844217909,0.29896215657392017,12,1841,7.95270728767e-06,
1638,triangle,572,2011,573,,356991.9131099799,6954211.919590026,7875.7294921875,78.83832212700224,79.08992117540251,28.838322127002247,29.08992117540251,65,1681,6.32455532034e-06,
1639,triangle,617,2010,618,,362166.8868156744,6955061.047651111,8107.37255859375,33.48462977901036,34.10553128107686,-16.515370220989634,-15.894468718923141,12,1841,7.95270728767e-06,
1640,triangle,1155,2032,1314,,358132.65760213044,6951395.267042422,94888.478515625,64.06151457950185,67.87777844404575,14.061514579501841,17.87777844404575,12,1841,7.95270728767e-06,
1641,triangle,266,1996,265,,356427.6074598036,6947898.446918647,5331.66015625,62.00346223223018,62.0913199182454,12.003462232230184,12.091319918245397,12,1841,7.95270728767e-06,
1642,triangle,1314,2032,1929,,358187.8320932171,6951118.04379717,84238.708984375,71.33833390240872,70.7178966101143,21.33833390240871,20.7178966101143,12,1841,7.95270728767e-06,
1643,triangle,163,1977,164,,357306.41125134006,6951826.114011328,9033.43994140625,48.001586234026824,49.857436178946465,-1.9984137659731773,-0.1425638210535419,12,1841,7.95270728767e-06,
1644,triangle,165,1978,166,,357455.28492647054,6951969.71507353,9626.6083984375,51.104232350066084,48.461544409572774,1.1042323500660938,-1.5384555904272226,12,1841,7.95270728767e-06,
1645,triangle,411,1979,410,,358658.2612920127,6951297.969105213,7279.62939453125,48.99968450699064,48.64772500931559,-1.000315493009357,-1.3522749906844105,12,1841,7.95270728767e-06,
1646,triangle,413,1980,412,,358798.2603666438,6951438.120189197,7296.7294921875,45.03519161709941,45.37116894687495,-4.964808382900594,-4.628831053125042,12,1841,7.95270728767e-06,
1647,triangle,1212,2052,1324,,361751.4015743921,6949118.519283782,62503.55859375,94.03135732979909,91.46374863441014,44.03135732979911,41.46374863441013,12,1841,7.95270728767e-06,
1648,triangle,614,1965,1706,,361967.19590876,6955221.420768331,20821.83203125,46.71467160190917,47.314261102713765,-3.285328398090824,-2.68573889728624,12,1841,7.8945590031225e-06,
1649,triangle,42,1966,1779,,362773.638692718,6950121.434400786,52739.35302734375,124.9219491410184,118.70916877004079,74.9219491410184,68.70916877004079,65,1681,6.32455532034e-06,
1650,triangle,885,1737,1390,,359678.88778263534,6946382.765478258,50489.564453125,108.72213389840202,109.5895502692269,58.72213389840202,59.58955026922692,12,1841,7.95270728767e-06,
1651,triangle,1458,1973,1600,,362843.8111757461,6955702.616379242,45854.064453125,42.653143204726604,43.62462732037602,-7.346856795273396,-6.37537267962398,65,1681,6.9641864503624995e-06,
1652,triangle,1740,2074,456,,359748.6139610894,6952436.040543652,29118.86279296875,42.9605475654387,42.087859450701394,-7.039452434561294,-7.9121405492985994,12,1841,7.95270728767e-06,
1653,triangle,812,2048,1415,,363587.85505199543,6956785.659101553,61846.6962890625,129.8850688719975,119.05405703672325,79.8850688719975,69.05405703672325,65,1681,6.847889881267501e-06,
1654,triangle,1280,1879,1350,,360664.62109317345,6953027.703728676,40367.24365234375,41.409136384423654,41.18399936217235,-8.590863615576342,-8.816000637827653,12,1841,7.95270728767e-06,
1655,triangle,1165,2053,1599,,361312.5686813186,6954608.241758242,108716.17138671875,73.23846463676331,79.02442210774119,23.23846463676331,29.024422107741184,65,1681,6.847889881267501e-06,
1656,triangle,835,1767,15,,355718.71551955095,6957905.869738743,47017.81640625,160.82368343100745,158.86388549769455,110.82368343100745,108.86388549769454,65,1681,6.3827036048875e-06,
1657,triangle,1891,1999,1408,,358367.3392441149,6949478.807623086,173941.52880859375,92.33153321348155,88.37042443625973,42.33153321348154,38.370424436259725,12,1841,7.95270728767e-06,
1658,triangle,1152,1590,1284,,365041.6848648293,6954585.513258523,42667.5205078125,104.85669803961387,103.57587932635884,54.856698039613875,53.57587932635886,65,1681,6.32455532034e-06,
1659,triangle,855,2069,1330,,353949.0337503648,6951205.489797941,48444.45458984375,115.53934087379885,117.50156202398743,65.53934087379885,67.5015620239874,65,1681,6.32455532034e-06,
1660,triangle,234,1981,233,,362105.6182765653,6954529.384866588,8298.7412109375,24.25775479500122,24.650028640094575,-25.742245204998785,-25.349971359905425,12,1841,7.95270728767e-06,
1661,triangle,366,1982,367,,354823.3985390879,6950992.922837742,9053.51611328125,86.92120952904278,87.52686860459717,36.921209529042784,37.52686860459716,65,1681,6.32455532034e-06,
1662,triangle,684,1984,683,,355418.9138494006,6955651.505499412,7922.17626953125,88.94547994891174,89.27217885044644,38.94547994891173,39.27217885044643,6,1721,1.189207115e-05,
1663,triangle,758,1983,757,,356773.4088203401,6956771.154273431,8691.13623046875,111.16073951201544,115.00720554860466,61.16073951201543,65.00720554860466,6,1721,1.149439144788143e-05,
1664,triangle,913,2088,1320,,365726.70560831967,6953531.943474434,60038.66650390625,155.8544245162738,150.89976171076538,105.85442451627381,100.89976171076536,65,1681,6.32455532034e-06,
1665,triangle,1415,1831,811,,363875.0639844039,6956822.296073864,49349.1123046875,109.68974305937871,107.62375786018372,59.68974305937871,57.623757860183694,12,1841,7.95270728767e-06,
1666,triangle,58,1624,1418,,359127.4791194617,6946723.528238532,7936.3623046875,92.1294626058133,91.28342051597703,42.12946260581331,41.283420515977035,12,1841,7.95270728767e-06,
1667,triangle,1428,1429,87,,358185.52295918367,6948795.848141813,8190.88037109375,69.2657388439819,69.15254320705456,19.265738843981897,19.152543207054567,12,1841,7.95270728767e-06,
1668,triangle,88,1430,1427,,358133.1418281598,6948622.070460837,8141.53076171875,68.28696804052713,68.03888394014807,18.286968040527128,18.038883940148068,12,1841,7.95270728767e-06,
1669,triangle,1429,1431,90,,357954.24904336734,6948738.836895444,12518.26171875,71.78358255267868,70.52236370645521,21.78358255267869,20.522363706455206,12,1841,7.95270728767e-06,
1670,triangle,255,1656,1461,,363602.28020038083,6955707.272726435,9476.5400390625,22.968131527447312,24.433826560280455,-27.031868472552688,-25.566173439719545,12,1841,7.95270728767e-06,
1671,triangle,1463,1465,267,,356605.8589918956,6947992.859124075,9056.60791015625,61.02657328382804,61.18573355024402,11.02657328382805,11.185733550244022,12,1841,7.95270728767e-06,
1672,triangle,269,1466,1464,,356504.38502209395,6948160.440700117,7110.23828125,60.388676637625025,60.54992232682815,10.388676637625025,10.549922326828147,12,1841,7.95270728767e-06,
1673,triangle,295,1474,1472,,360081.6964285714,6949597.767857143,7684.15234375,59.760491397928,58.89522829268191,9.760491397927995,8.895228292681907,12,1841,7.95270728767e-06,
1674,triangle,314,1666,1478,,359461.77420850826,6951004.098904175,10190.3427734375,56.03803538851547,53.55837623569871,6.038035388515464,3.5583762356987045,12,1841,7.95270728767e-06,
1675,triangle,324,1487,1485,,359043.6740321128,6951739.999437275,7817.412109375,46.382619040162346,46.22689661171938,-3.61738095983766,-3.7731033882806124,12,1841,7.95270728767e-06,
1676,triangle,389,1678,1500,,356475.0,6951725.0,8437.5,59.26666768391924,60.64166673024496,9.266667683919238,10.641666730244955,12,1841,7.95270728767e-06,
1677,triangle,1513,1686,440,,360978.2521126329,6952184.744345777,10630.65234375,59.388849182641124,53.84752789079252,9.388849182641124,3.84752789079252,12,1841,7.95270728767e-06,
1678,triangle,448,1687,1516,,360577.9880131453,6952577.154972367,8820.509765625,49.87793989514951,46.30639679561883,-0.12206010485049079,-3.6936032043811715,12,1841,7.95270728767e-06,
1679,triangle,494,1690,1523,,355516.50314200734,6953877.054147947,7162.56103515625,83.81407037727915,84.43905138898279,33.81407037727914,34.43905138898279,6,1721,1.1295551596822145e-05,
1680,triangle,1524,1526,502,,356088.43420577236,6953878.4174647005,7210.2275390625,78.4468430995823,77.7246312801676,28.446843099582296,27.7246312801676,65,1681,6.32455532034e-06,
1681,triangle,526,1694,1693,,357639.21759791765,6953052.992811147,8192.56494140625,54.06477942793394,54.13711017304201,4.064779427933947,4.137110173042016,65,1681,6.32455532034e-06,
1682,triangle,1561,1563,678,,354973.43076045235,6955734.598201188,10587.4013671875,95.12424368353176,96.52918412799914,45.12424368353175,46.529184127999144,6,1721,1.189207115e-05,
1683,triangle,680,1564,1562,,355134.8449799616,6955858.738864377,10009.740234375,95.35968671357081,95.38094844418588,45.35968671357081,45.38094844418588,6,1721,1.189207115e-05,
1684,triangle,686,1716,1565,,355473.51232871204,6955396.92893184,6048.7919921875,87.2444564024378,87.3550801508206,37.244456402437805,37.35508015082062,6,1721,1.189207115e-05,
1685,triangle,1868,1901,637,,359043.7918034923,6955739.118910789,17659.78271484375,93.36248868669946,94.04504484189344,43.362488686699464,44.045044841893436,65,1681,6.32455532034e-06,
1686,triangle,808,1831,1415,,363989.06341447635,6956587.55440931,78272.9912109375,79.72705266556987,88.52423830495188,29.727052665569865,38.52423830495187,12,1841,7.95270728767e-06,
1687,triangle,304,1376,305,,359598.21428571426,6950287.5,5424.10693359375,57.43571444919764,56.33690575190703,7.435714449197638,6.33690575190703,12,1841,7.95270728767e-06,
1688,triangle,749,1359,748,,356010.85311687324,6955456.942665313,6845.9755859375,83.42984076341402,84.62813087150226,33.42984076341403,34.62813087150226,6,1721,1.189207115e-05,
1689,triangle,1818,2149,1386,,360409.3739328454,6952170.4318658225,27296.96728515625,57.990948762133556,55.840281000196676,7.9909487621335495,5.840281000196676,12,1841,7.95270728767e-06,
1690,triangle,29,1334,1225,,356030.33814480226,6948055.133485575,51951.32421875,76.89833974793221,75.33271978726147,26.89833974793221,25.33271978726147,12,1841,7.95270728767e-06,
1691,triangle,1150,1395,1207,,359811.06722449284,6948770.739710317,132057.66845703125,94.66295088103932,89.53896073377909,44.66295088103932,39.538960733779085,12,1841,7.95270728767e-06,
1692,triangle,851,2038,1741,,355264.36002610036,6952348.772281416,55919.9638671875,128.6233420887606,122.7611432195302,78.62334208876058,72.7611432195302,65,1681,6.32455532034e-06,
1693,triangle,1620,2093,1905,,361154.32259152696,6955952.396910568,81055.2763671875,148.18708809885754,142.62869362923908,98.18708809885756,92.62869362923908,65,1681,6.32455532034e-06,
1694,triangle,1225,1774,29,,355993.507593899,6948228.185162156,54130.39892578125,78.76903323723991,72.82298129423324,28.769033237239917,22.822981294233248,12,1841,7.95270728767e-06,
1695,triangle,844,1596,843,,354071.20419487986,6954932.338344545,53375.35107421875,112.95913577567501,110.13971598394573,62.959135775674994,60.13971598394573,6,1721,1.189207115e-05,
1696,triangle,1965,2010,1706,,361984.0827244344,6955107.468419443,20426.7412109375,44.90180270865402,44.95312520849765,-5.098197291345985,-5.046874791502351,12,1841,7.95270728767e-06,
1697,triangle,1547,1704,1597,,356278.89492856927,6954757.247025404,29877.40869140625,87.28988101616503,84.09094069568471,37.289881016165026,34.09094069568471,6,1721,1.189207115e-05,
1698,triangle,1659,2143,1367,,360481.87829770084,6948911.650579404,18391.353515625,70.04386641922537,70.46386295303806,20.043866419225367,20.463862953038056,12,1841,7.95270728767e-06,
1699,triangle,1206,1839,1589,,360302.0369068701,6956129.958769041,75218.99267578125,132.7113455098767,129.90008045884764,82.71134550987672,79.90008045884764,65,1681,6.32455532034e-06,
1700,triangle,507,1396,506,,356416.0714285714,6953894.642857143,5022.32177734375,74.36700841682651,74.27074793081817,24.367008416826497,24.270747930818185,65,1681,6.32455532034e-06,
1701,triangle,1885,1917,1342,,362773.2959339509,6953173.623083687,53943.02490234375,84.20909285254285,82.63603593770266,34.20909285254285,32.63603593770264,12,1841,7.72011414948e-06,
1702,triangle,1702,1882,1765,,357602.1943627281,6954153.355503481,109406.818359375,90.57996893526328,96.3685950984926,40.57996893526329,46.3685950984926,65,1681,6.32455532034e-06,
1703,triangle,1832,2085,1139,,361286.6636523711,6950853.018635401,154106.16015625,90.3804083880769,98.12486693041085,40.38040838807691,48.12486693041084,12,1841,7.95270728767e-06,
1704,triangle,1322,1881,731,,356017.1568205916,6956668.265927498,34258.52734375,111.5841459688994,105.6401742306171,61.58414596889942,55.640174230617106,6,1721,1.189207115e-05,
1705,triangle,1234,1932,1415,,363763.4881331387,6956268.2173868315,77683.87353515625,67.34624030526192,65.46450823146952,17.346240305261905,15.464508231469525,12,1841,7.95270728767e-06,
1706,triangle,1163,2085,1832,,361491.54410298186,6951021.155941546,130939.2900390625,103.00982226652944,99.98669011715124,53.00982226652943,49.98669011715125,12,1841,7.95270728767e-06,
1707,triangle,1175,2014,1767,,356078.99013202573,6957783.479913109,63237.7236328125,149.41857775538227,156.3821567124742,99.41857775538227,106.38215671247421,65,1681,6.32455532034e-06,
1708,triangle,12,1934,826,,358835.03885547403,6957482.506409337,39055.6650390625,172.8542453712032,170.7145643467172,122.8542453712032,120.71456434671718,65,1681,6.32455532034e-06,
1709,triangle,739,1828,740,,355874.21996858204,6956093.581286925,9247.35888671875,90.73553641194698,90.95427591570304,40.73553641194697,40.95427591570305,6,1721,1.189207115e-05,
1710,triangle,653,1826,654,,359316.7446755587,6954521.5382638415,8976.779296875,60.93682133167381,65.51407488154369,10.93682133167381,15.514074881543683,65,1681,6.32455532034e-06,
1711,triangle,706,1827,707,,359397.04537359416,6955945.890437418,8307.56982421875,88.55984665637493,89.56767726580875,38.55984665637495,39.567677265808754,65,1681,6.32455532034e-06,
1712,triangle,1302,1629,97,,357577.12070542504,6948417.274046197,17866.2421875,65.32904437792584,64.59708470444878,15.329044377925838,14.597084704448775,12,1841,7.95270728767e-06,
1713,triangle,1309,1657,257,,363903.6508490564,6955635.741860952,15018.26953125,38.75638591722433,31.373777617190132,-11.24361408277568,-18.626222382809868,12,1841,7.95270728767e-06,
1714,triangle,1312,1674,373,,355141.31542521407,6951399.955313512,14538.4404296875,79.46720606912835,79.68775256351388,29.46720606912836,29.687752563513886,65,1681,6.32455532034e-06,
1715,triangle,284,1367,283,,360618.08606927335,6948972.538930726,6679.6875,65.44260209442456,64.87978911448887,15.442602094424565,14.879789114488878,12,1841,7.95270728767e-06,
1716,triangle,422,2027,423,,362241.3221791494,6951600.370063457,7502.87744140625,92.84507277691009,93.33624035698955,42.84507277691008,43.33624035698955,65,1681,6.32455532034e-06,
1717,triangle,1218,1863,1282,,355841.9197895308,6953700.40665346,46178.8251953125,94.94725266816008,92.02497889688205,44.947252668160075,42.024978896882054,65,1681,6.32455532034e-06,
1718,triangle,1617,2087,1313,,356454.81475409766,6952122.5733240815,76055.90771484375,85.40717848613528,78.33657949825668,35.407178486135265,28.336579498256672,65,1681,6.673445027625e-06,
1719,triangle,1250,1942,1315,,361885.48161626933,6951517.425924019,22397.16845703125,103.76989615214113,99.79805674906432,53.76989615214113,49.79805674906431,65,1681,6.32455532034e-06,
1720,triangle,1819,2016,460,,363868.76655772206,6953435.152893744,28479.15087890625,79.59547900570469,81.55053423119938,29.595479005704686,31.55053423119939,65,1681,6.32455532034e-06,
1721,triangle,1272,1976,1804,,360718.9622230916,6949423.658234298,42637.2294921875,84.86712525732433,80.6939372553101,34.86712525732435,30.693937255310114,12,1841,7.95270728767e-06,
1722,triangle,120,1990,119,,355754.52025014366,6948804.293358802,5116.4716796875,57.951754174713386,59.73641117544915,7.95175417471339,9.73641117544915,12,1841,7.95270728767e-06,
1723,triangle,1742,1936,832,,356774.4546840869,6958068.43865383,74632.921875,171.77941290382833,170.86942313839242,121.77941290382833,120.8694231383924,65,1681,6.847889881267501e-06,
1724,triangle,1877,1900,1384,,366977.02430329815,6954079.018331234,83005.86962890625,145.51135083872313,147.7619238841132,95.51135083872313,97.76192388411319,65,1681,6.32455532034e-06,
1725,triangle,1144,1882,1213,,357969.77402864763,6953665.132785611,159304.0166015625,94.64621300221557,92.63614623376439,44.64621300221559,42.63614623376438,65,1681,6.32455532034e-06,
1726,triangle,1610,1710,1299,,359669.66221706243,6954225.421039764,57348.47021484375,82.07526263525476,85.66306085317107,32.07526263525476,35.66306085317108,65,1681,6.32455532034e-06,
1727,triangle,1249,1941,1160,,361009.0300324675,6953988.07733143,33831.7021484375,40.40169533795375,47.97667520643112,-9.598304662046246,-2.023324793568873,65,1681,6.32455532034e-06,
1728,triangle,1245,1967,1406,,358158.3564351069,6957151.744737726,126127.39208984375,142.74847325216655,152.3383615740086,92.74847325216653,102.3383615740086,65,1681,6.32455532034e-06,
1729,triangle,407,1930,1884,,358620.0638954442,6950872.899477656,29420.42431640625,65.15239243126057,63.68154216757629,15.152392431260566,13.681542167576287,12,1841,7.95270728767e-06,
1730,triangle,1245,2055,1750,,358228.9139973636,6957598.429200468,52522.43994140625,164.11400716227732,167.0127577861294,114.11400716227729,117.01275778612937,65,1681,6.32455532034e-06,
1731,triangle,1283,2113,1213,,357450.20454234025,6953374.917899463,34252.9853515625,88.7293124325756,84.16217925381545,38.7293124325756,34.16217925381545,65,1681,6.32455532034e-06,
1732,triangle,2018,2145,1620,,360877.4145247459,6955476.815076734,141828.85546875,166.92295583767603,150.7937325619657,116.92295583767606,100.79373256196568,65,1681,6.32455532034e-06,
1733,triangle,1240,1608,1220,,362866.45021515683,6954562.163962337,57640.46240234375,37.346124791092954,41.27415126656485,-12.653875208907044,-8.725848733435148,12,1841,7.95270728767e-06,
1734,triangle,705,2141,1571,,359687.19233533804,6955981.230366151,18430.00146484375,95.636151631979,100.28969271159485,45.636151631979004,50.28969271159485,65,1681,6.32455532034e-06,
1735,triangle,1717,2141,705,,359614.51173265185,6955908.077635504,24720.8076171875,97.2804129185231,98.3042470902031,47.2804129185231,48.30424709020311,65,1681,6.32455532034e-06,
1736,triangle,1206,1833,1816,,360574.3813512686,6956539.248910089,107193.4931640625,129.56814573866112,134.14734247720583,79.56814573866112,84.14734247720584,65,1681,6.32455532034e-06,
1737,triangle,899,1966,42,,362933.8035710465,6950268.2119454695,41036.86767578125,121.84504670397207,123.26516892036193,71.84504670397206,73.26516892036193,65,1681,6.32455532034e-06,
1738,triangle,808,1932,5,,364071.58003200777,6956184.939307407,39194.181640625,61.278212260779554,52.199475082214356,11.278212260779558,2.1994750822143643,12,1841,7.95270728767e-06,
1739,triangle,449,1993,1515,,360401.33241647,6952650.395885396,8234.92333984375,44.57982406866308,42.98403717371264,-5.420175931336923,-7.015962826287354,12,1841,7.95270728767e-06,
1740,triangle,1555,1791,1287,,359595.30127236404,6955433.293783563,18513.02294921875,106.56698543546335,103.09224255430159,56.56698543546335,53.09224255430158,65,1681,6.32455532034e-06,
1741,triangle,1142,2091,1802,,358285.1158474064,6955414.88759087,115994.5986328125,121.74635751074487,124.57147958606454,71.74635751074487,74.57147958606454,6,1721,1.189207115e-05,
1742,triangle,1385,2098,733,,355617.8645833333,6956695.416666667,21622.55859375,102.55138058209874,104.22241245216793,52.55138058209874,54.22241245216793,6,1721,1.1693231298940716e-05,
1743,triangle,881,1850,1369,,358905.98181607365,6945925.117983361,64988.7314453125,109.10644062112898,116.46538935757333,59.106440621128996,66.46538935757333,18,2041,5.349965925091429e-06,
1744,triangle,1786,2001,1896,,357365.07144287974,6957670.462637884,90042.0390625,151.10377383016507,154.35734049978677,101.10377383016507,104.35734049978679,65,1681,6.32455532034e-06,
1745,triangle,307,1909,306,,359506.10310358525,6950445.724417351,4938.40087890625,54.71219712017713,56.586576207552675,4.712197120177133,6.586576207552677,12,1841,7.95270728767e-06,
1746,triangle,421,1910,422,,362307.1428571429,6951487.5,6428.5712890625,91.56666801089472,92.33809552873898,41.56666801089471,42.338095528738975,65,1681,6.32455532034e-06,
1747,triangle,483,1911,482,,362430.9514762407,6954039.733711168,4955.458984375,36.782484880082166,38.33926972621225,-13.217515119917831,-11.660730273787747,12,1841,7.95270728767e-06,
1748,triangle,92,1912,91,,357856.3092608696,6948547.8744423585,5864.125,67.12113518372793,66.65888189847688,17.121135183727922,16.658881898476874,12,1841,7.95270728767e-06,
1749,triangle,432,1920,431,,361610.30712285655,6951857.6468698485,4764.7275390625,75.43470329879482,75.76452205595737,25.434703298794815,25.76452205595737,12,1841,7.95270728767e-06,
1750,triangle,538,1913,539,,365067.03824503865,6954193.194020334,4859.3271484375,97.88392343912096,98.86870978150019,47.88392343912097,48.8687097815002,65,1681,6.32455532034e-06,
1751,triangle,591,1914,592,,355455.9760719344,6954782.654902446,4763.82373046875,86.99493868829012,87.17257937573947,36.994938688290134,37.17257937573947,6,1721,1.189207115e-05,
1752,triangle,625,1915,624,,356730.6951155688,6955456.328362071,4913.0595703125,91.41349549500737,92.1502798106373,41.41349549500737,42.1502798106373,6,1721,1.189207115e-05,
1753,triangle,343,1998,344,,358456.5779883382,6948868.04105652,4842.11865234375,69.18847265811127,69.91916535842998,19.18847265811127,19.919165358429982,12,1841,7.95270728767e-06,
1754,triangle,1291,1934,1406,,358655.7899426392,6957140.651577559,52763.23095703125,163.61866556505228,158.6309394618817,113.6186655650523,108.63093946188171,65,1681,6.32455532034e-06,
1755,triangle,1252,1705,604,,356153.4123402108,6954413.394062877,17867.80859375,81.17546838918484,80.07997081435825,31.175468389184843,30.079970814358244,6,1721,1.189207115e-05,
1756,triangle,1720,1896,1875,,357104.78301375895,6957224.403177136,25422.3388671875,129.630128036762,127.25332345359071,79.63012803676196,77.25332345359071,65,1681,6.32455532034e-06,
1757,triangle,918,2072,1798,,367726.097179671,6954098.096074027,25246.79296875,170.83578310686565,169.01405911621055,120.83578310686565,119.01405911621059,65,1681,6.32455532034e-06,
1758,triangle,124,1925,125,,356085.17361111107,6949127.673611111,6468.75,62.3100518030876,60.68281105648308,12.310051803087598,10.68281105648308,12,1841,7.95270728767e-06,
1759,triangle,1192,1435,1262,,356726.12110736425,6948797.5549813425,43427.6865234375,65.54212373075102,67.2721683886035,15.542123730751024,17.272168388603497,12,1841,7.95270728767e-06,
1760,triangle,1406,1718,1291,,358540.2533847582,6956992.975940086,32725.1826171875,149.24788290555966,146.38178728618755,99.24788290555966,96.38178728618759,65,1681,6.32455532034e-06,
1761,triangle,1510,1953,435,,361350.0,6951838.420758928,10391.4970703125,64.34739430749165,63.12029437934578,14.347394307491655,13.12029437934578,12,1841,7.95270728767e-06,
1762,triangle,1200,1802,1147,,358765.38167482504,6955228.14232842,102564.34423828125,122.9192027948099,116.93444973746266,72.9192027948099,66.93444973746264,6,1721,9.903672639407145e-06,
1763,triangle,588,1867,1542,,355189.22839224973,6954886.743647703,9813.33740234375,91.87010770735648,92.90466662489568,41.87010770735649,42.904666624895675,6,1721,1.189207115e-05,
1764,triangle,331,1962,1489,,358979.46753956686,6952275.370939192,7249.18310546875,38.42085561498084,38.91342487381334,-11.579144385019159,-11.086575126186654,12,1841,7.95270728767e-06,
1765,triangle,1585,1873,744,,356153.52767672593,6955786.713818087,8285.447265625,86.37405340169735,87.00639836386095,36.37405340169735,37.006398363860946,6,1721,1.189207115e-05,
1766,triangle,233,1364,234,,362192.59616068535,6954465.883228772,8630.205078125,29.823397222651703,27.99346771388422,-20.176602777348293,-22.00653228611578,12,1841,7.95270728767e-06,
1767,triangle,1525,2060,501,,356025.0,6954063.993506494,10798.904296875,78.31298853889109,79.4193301791159,28.31298853889109,29.4193301791159,6,1721,1.0699032043644285e-05,
1768,triangle,1628,1940,81,,358369.75151072367,6948371.895191937,7700.8837890625,72.30572966900921,72.7134568516452,22.30572966900922,22.7134568516452,12,1841,7.95270728767e-06,
1769,triangle,535,2043,1531,,365328.60019078176,6954095.200796223,8677.96630859375,105.03047679718249,104.90553010626691,55.03047679718248,54.905530106266916,65,1681,6.32455532034e-06,
1770,triangle,1497,2042,381,,355882.68987109413,6951393.816724156,7525.201171875,67.94394117639813,68.21789910717708,17.943941176398127,18.21789910717707,12,1841,7.95270728767e-06,
1771,triangle,649,2047,1557,,359602.418888524,6954826.121871717,8121.908203125,68.76238147082444,77.61289532528882,18.762381470824433,27.612895325288807,65,1681,6.32455532034e-06,
1772,triangle,1503,1680,1180,,357013.35540985194,6952432.964176714,27498.58935546875,74.85932416534067,72.06868983752081,24.85932416534066,22.06868983752081,65,1681,7.0804830194575e-06,
1773,triangle,20,1987,1371,,354477.14894115017,6954196.950430852,95481.2626953125,103.28707745168995,106.8251223864301,53.28707745168995,56.82512238643011,6,1721,1.189207115e-05,
1774,triangle,1181,1584,1581,,355575.3441145644,6956328.481603515,37305.349609375,101.7033706767063,100.70725490693547,51.703370676706285,50.707254906935475,6,1721,1.189207115e-05,
1775,triangle,1288,1610,664,,359764.38868368,6953842.445525695,31253.57666015625,58.601667374913035,58.71614165855883,8.60166737491304,8.716141658558834,65,1681,6.32455532034e-06,
1776,triangle,1798,2072,919,,367704.74019345996,6954235.096436929,27204.013671875,171.32166600326582,169.83470212543335,121.32166600326582,119.83470212543337,65,1681,6.32455532034e-06,
1777,triangle,1324,1669,1212,,361607.5021105094,6949244.13365903,60534.70166015625,91.47813314444404,87.15160454313342,41.478133144444044,37.1516045431334,12,1841,7.95270728767e-06,
1778,triangle,514,2026,513,,356698.3349795974,6953406.034821113,8929.1025390625,73.4919219985655,75.86486668983004,23.491921998565502,25.864866689830034,65,1681,6.32455532034e-06,
1779,triangle,1615,1616,1352,,359549.8529230704,6949599.153911989,50463.36767578125,78.65608899731976,75.6930949828803,28.656088997319753,25.693094982880286,12,1841,7.95270728767e-06,
1780,triangle,56,1418,55,,359212.5,6946562.5,4218.75,91.49999936421712,91.49166615804036,41.49999936421711,41.49166615804037,12,1841,7.95270728767e-06,
1781,triangle,59,1624,58,,359139.9791194617,6946786.028238532,3939.84912109375,89.95975019914542,89.12508769127,39.95975019914541,39.125087691270004,12,1841,7.95270728767e-06,
1782,triangle,59,1419,60,,359212.5,6946812.5,4218.75,88.96666781107587,89.18333498636882,38.96666781107586,39.18333498636881,12,1841,7.95270728767e-06,
1783,triangle,63,1626,62,,358988.8557706407,6947095.391411078,4066.2255859375,84.6699094855695,85.15185048956242,34.669909485569505,35.15185048956241,12,1841,7.95270728767e-06,
1784,triangle,63,1625,64,,359062.5,6947112.5,4218.75,85.39166831970215,85.42500241597493,35.39166831970215,35.42500241597494,12,1841,7.95270728767e-06,
1785,triangle,74,1423,75,,358533.41636672243,6947867.268814455,3759.3408203125,75.35699046861748,75.593466693832,25.356990468617482,25.593466693832003,12,1841,7.95270728767e-06,
1786,triangle,75,1424,74,,358459.7045986582,6947909.044160466,4533.232421875,75.43463108025034,75.93671483324324,25.434631080250348,25.936714833243254,12,1841,7.95270728767e-06,
1787,triangle,78,1425,79,,358462.55392336164,6948171.115651536,4224.81640625,73.7860587336583,74.44282009378946,23.786058733658294,24.442820093789475,12,1841,7.95270728767e-06,
1788,triangle,79,1426,80,,358468.42897363775,6948279.489316042,4885.75927734375,73.35970725832112,73.6038352352806,23.359707258321116,23.6038352352806,12,1841,7.95270728767e-06,
1789,triangle,86,1428,87,,358255.3571428571,6948779.590097402,3328.8857421875,66.3390543545058,66.21748867948516,16.33905435450581,16.217488679485154,12,1841,7.95270728767e-06,
1790,triangle,89,1430,88,,358070.92866164324,6948641.776914847,3737.59716796875,66.50579729807902,66.42905703840565,16.505797298079013,16.429057038405652,12,1841,7.95270728767e-06,
1791,triangle,89,1429,90,,358030.16581632657,6948716.2580444105,4641.52978515625,68.39323425580896,68.16838938678166,18.393234255808967,18.168389386781655,12,1841,7.95270728767e-06,
1792,triangle,92,1431,93,,357799.08322704077,6948647.578851034,5352.62109375,66.45602359058813,67.15397482829985,16.45602359058813,17.15397482829985,12,1841,7.95270728767e-06,
1793,triangle,94,1629,93,,357688.4932544446,6948564.88662969,3950.25390625,63.89450995393604,63.94456358950057,13.894509953936032,13.94456358950056,12,1841,7.95270728767e-06,
1794,triangle,98,1630,99,,357363.7201947106,6948491.004148913,4612.966796875,60.90356278318396,61.302647476022685,10.90356278318395,11.302647476022685,12,1841,7.95270728767e-06,
1795,triangle,102,1432,101,,357085.92853674927,6948412.061633588,4268.06640625,59.23282061999911,59.36880678433834,9.23282061999911,9.36880678433834,12,1841,7.95270728767e-06,
1796,triangle,105,1433,106,,356833.9285714286,6948406.31949124,3523.44287109375,59.005813992434014,59.00848578803882,9.005813992434021,9.00848578803882,12,1841,7.95270728767e-06,
1797,triangle,106,1434,105,,356793.15518342896,6948336.026475144,4384.521484375,59.28026118507252,59.17898843848354,9.280261185072515,9.178988438483545,12,1841,7.95270728767e-06,
1798,triangle,114,1632,115,,356151.5773809524,6948634.43452381,3873.8837890625,58.71219539431432,59.11829350902135,8.712195394314321,9.11829350902135,12,1841,7.95270728767e-06,
1799,triangle,115,1633,116,,356048.231292517,6948633.9965986395,3824.6171875,59.20058687095307,59.5080863800517,9.200586870953071,9.508086380051706,12,1841,7.95270728767e-06,
1800,triangle,119,1634,120,,355836.58153370937,6948810.874318816,4115.42236328125,58.86052771918265,58.87213932669141,8.860527719182652,8.872139326691414,12,1841,7.95270728767e-06,
1801,triangle,127,1635,126,,356062.5,6949287.5,4218.75,58.0500005086263,57.43333371480306,8.050000508626304,7.43333371480306,12,1841,7.95270728767e-06,
1802,triangle,142,1439,143,,356799.4047619048,6950387.5,2745.53564453125,51.18134993094168,51.065874024043644,1.1813499309416802,1.0658740240436468,12,1841,7.95270728767e-06,
1803,triangle,147,1440,146,,356811.24823029916,6950641.968691926,4359.57373046875,53.33241993512388,51.888342215813005,3.3324199351238732,1.8883422158130045,12,1841,7.95270728767e-06,
1804,triangle,146,1441,147,,356889.3104616254,6950684.234555185,4422.4267578125,52.06612479520365,52.55982094309726,2.0661247952036508,2.5598209430972574,12,1841,7.95270728767e-06,
1805,triangle,151,1442,150,,356892.87970079813,6950938.840020083,3613.5341796875,50.38548972220689,49.80043698663126,0.38548972220689004,-0.1995630133687447,12,1841,7.95270728767e-06,
1806,triangle,154,1444,155,,356885.5085621003,6951241.071428572,3994.712890625,48.22417014481954,47.81871115068292,-1.7758298551804648,-2.1812888493170806,12,1841,7.95270728767e-06,
1807,triangle,158,1641,159,,357036.038812314,6951594.924274687,4054.3662109375,48.44560578830169,47.44845080376117,-1.5543942116983154,-2.551549196238837,12,1841,7.95270728767e-06,
1808,triangle,160,1640,159,,356973.6628930362,6951619.503279321,2962.9248046875,48.67123391790804,48.126247603281264,-1.3287660820919567,-1.8737523967187286,12,1841,7.95270728767e-06,
1809,triangle,173,1644,174,,357912.5,6952462.5,4218.75,37.250000635782875,39.20000012715658,-12.749999364217121,-10.799999872843424,12,1841,7.95270728767e-06,
1810,triangle,182,1646,183,,358590.98819800006,6952684.483453493,4558.111328125,37.79797963941436,39.44571669651621,-12.202020360585648,-10.554283303483793,12,1841,7.95270728767e-06,
1811,triangle,199,1449,200,,359862.5,6952837.5,4218.75,33.20000012715657,33.899999936421715,-16.79999987284343,-16.10000006357829,12,1841,7.95270728767e-06,
1812,triangle,200,1650,199,,359911.61728529463,6952910.477489204,3991.2177734375,32.773286000395956,32.86459793413278,-17.226713999604037,-17.135402065867222,12,1841,7.95270728767e-06,
1813,triangle,206,1652,205,,360362.5,6953212.5,4218.75,29.216666221618645,30.058333079020183,-20.783333778381355,-19.941666920979817,12,1841,7.95270728767e-06,
1814,triangle,213,1653,214,,360912.5,6953512.5,4218.75,28.283333460489906,28.43333339691162,-21.716666539510094,-21.56666660308838,12,1841,7.95270728767e-06,
1815,triangle,216,1451,215,,361112.0941558441,6953582.437094156,3649.17333984375,27.068822835539848,27.10076004754144,-22.931177164460152,-22.899239952458558,12,1841,7.95270728767e-06,
1816,triangle,245,1655,244,,362812.5,6955287.5,4218.75,21.808333237965904,22.083333333333332,-28.191666762034096,-27.916666666666668,12,1841,7.95270728767e-06,
1817,triangle,256,1656,255,,363663.2774259648,6955687.8715771185,4260.55224609375,21.04502389622766,20.78294191871875,-28.954976103772342,-29.21705808128125,12,1841,7.95270728767e-06,
1818,triangle,256,1462,257,,363687.5,6955612.5,4218.75,23.466666698455754,24.233333428700764,-26.533333301544246,-25.766666571299236,12,1841,7.95270728767e-06,
1819,triangle,260,1657,261,,363989.23812292237,6955765.759607904,3852.0439453125,22.760644139952603,22.53444303826755,-27.239355860047397,-27.46555696173245,12,1841,7.95270728767e-06,
1820,triangle,267,1465,268,,356583.6569553446,6948056.727018796,3786.4072265625,60.042577098311355,59.99429133829103,10.042577098311355,9.99429133829103,12,1841,7.95270728767e-06,
1821,triangle,269,1464,268,,356516.88502209395,6948097.940700117,3725.435546875,59.85945730487303,60.09158899349482,9.859457304873038,10.091588993494813,12,1841,7.95270728767e-06,
1822,triangle,272,1466,271,,356587.5,6948312.5,4218.75,59.13333320617676,59.358333587646484,9.133333206176765,9.358333587646484,12,1841,7.95270728767e-06,
1823,triangle,291,1472,290,,360262.5,6949487.5,4218.75,58.26666609446207,57.78333314259847,8.266666094462064,7.78333314259847,12,1841,7.95270728767e-06,
1824,triangle,291,1471,292,,360334.62683884776,6949512.367381019,3895.51953125,58.978220979612274,59.48099594387637,8.978220979612278,9.480995943876378,12,1841,7.95270728767e-06,
1825,triangle,293,1473,294,,360168.5441218974,6949680.908689272,3477.2275390625,56.63721115881892,56.731568690810555,6.637211158818921,6.731568690810561,12,1841,7.95270728767e-06,
1826,triangle,295,1472,294,,360137.5,6949612.5,4218.75,57.30833435058592,56.15000057220459,7.308334350585923,6.15000057220459,12,1841,7.95270728767e-06,
1827,triangle,305,1664,306,,359578.3163265306,6950387.5,3185.5869140625,57.21241455986015,55.063946204930964,7.2124145598601475,5.063946204930962,12,1841,7.95270728767e-06,
1828,triangle,309,1665,308,,359512.5,6950612.5,4218.75,49.799999554951945,48.74166679382324,-0.20000044504805678,-1.2583332061767578,12,1841,7.95270728767e-06,
1829,triangle,313,1477,312,,359360.12960825954,6950904.90131897,4485.41943359375,49.55448296233982,48.84788672398522,-0.4455170376601758,-1.1521132760147765,12,1841,7.95270728767e-06,
1830,triangle,313,1666,314,,359442.1197886061,6950941.136745404,4738.4765625,51.6585782133527,49.036607348980546,1.6585782133526936,-0.9633926510194541,12,1841,7.95270728767e-06,
1831,triangle,322,1484,323,,359133.5519907319,6951614.970314755,3774.5986328125,41.20219318004785,41.94203553968932,-8.79780681995215,-8.057964460310679,12,1841,7.95270728767e-06,
1832,triangle,324,1485,323,,359062.5,6951687.5,4218.75,44.41666603088378,43.94166533152262,-5.583333969116218,-6.058334668477376,12,1841,7.95270728767e-06,
1833,triangle,328,1488,329,,359131.5476190476,6952062.5,3549.10693359375,45.36481597940494,43.812302438037555,-4.635184020595066,-6.187697561962449,12,1841,7.95270728767e-06,
1834,triangle,329,1489,328,,359055.66690962104,6952114.777696793,4987.47265625,42.076353306534564,42.05099638344807,-7.923646693465441,-7.949003616551928,12,1841,7.95270728767e-06,
1835,triangle,332,1490,333,,359059.89888992254,6952371.388381316,3926.125,37.644623994467,37.71500471918521,-12.355376005533007,-12.28499528081479,12,1841,7.95270728767e-06,
1836,triangle,333,1647,334,,359061.3130170543,6952479.801007219,4085.21435546875,35.84658520302836,36.468410053284025,-14.15341479697164,-13.531589946715977,12,1841,7.95270728767e-06,
1837,triangle,340,1470,341,,360766.2088496112,6949005.845329203,3470.099609375,64.82593482908304,64.8596229790173,14.82593482908304,14.859622979017303,12,1841,7.95270728767e-06,
1838,triangle,370,1674,369,,355037.5,6951262.5,4218.75,79.625,79.2083346048991,29.625,29.20833460489909,65,1681,6.32455532034e-06,
1839,triangle,370,1673,371,,355062.5,6951187.5,4218.75,79.32500076293945,79.87500063578288,29.325000762939453,29.87500063578288,65,1681,6.32455532034e-06,
1840,triangle,376,1495,377,,355512.5,6951412.5,4218.75,70.48333104451497,70.93333180745442,20.48333104451497,20.933331807454426,65,1681,6.32455532034e-06,
1841,triangle,377,1496,376,,355562.5,6951485.873073719,4035.720703125,69.79575038456493,69.67116474763698,19.795750384564922,19.671164747636976,65,1681,6.32455532034e-06,
1842,triangle,383,1499,382,,355973.03037494066,6951490.266901334,4530.0263671875,63.61500870182036,64.79521471444492,13.61500870182036,14.795214714444917,12,1841,7.95270728767e-06,
1843,triangle,384,1676,383,,356092.36148273974,6951488.608580001,4343.46484375,62.36180390498842,62.94113065388856,12.361803904988413,12.941130653888552,12,1841,7.95270728767e-06,
1844,triangle,390,1678,389,,356537.5,6951712.5,4218.75,57.57500044504802,57.63333320617676,7.575000445048021,7.633333206176758,12,1841,7.95270728767e-06,
1845,triangle,390,1501,391,,356569.2702520462,6951631.308128719,4915.3359375,62.097030109022306,59.73913707178313,12.0970301090223,9.739137071783126,12,1841,7.95270728767e-06,
1846,triangle,403,1445,404,,357432.55739795923,6952392.442602041,3662.70703125,44.47429050753402,44.16016968656081,-5.525709492465971,-5.839830313439184,12,1841,7.95270728767e-06,
1847,triangle,408,1682,409,,358687.50054945477,6951128.792693849,4218.8115234375,56.04319906290898,55.06662858913367,6.043199062908978,5.066628589133671,12,1841,7.95270728767e-06,
1848,triangle,410,1681,409,,358623.21428571426,6951166.071428572,3013.39306640625,50.69846935661046,51.09387716954806,0.6984693566104591,1.0938771695480582,12,1841,7.95270728767e-06,
1849,triangle,419,1506,420,,362292.7824130393,6951317.540577087,4813.021484375,92.62784821757677,92.58215593008087,42.62784821757677,42.58215593008087,65,1681,6.32455532034e-06,
1850,triangle,421,1507,420,,362207.82852765336,6951428.460406254,4744.29052734375,90.64609944493034,91.92292842345876,40.64609944493036,41.92292842345875,65,1681,6.32455532034e-06,
1851,triangle,431,1685,432,,361635.68449356366,6951927.886814024,3137.2666015625,75.99887561291342,76.57154170527537,25.99887561291343,26.57154170527536,12,1841,7.95270728767e-06,
1852,triangle,433,1509,434,,361437.5,6951937.5,4218.75,65.37500095367426,64.49166742960612,15.375000953674256,14.49166742960612,12,1841,7.95270728767e-06,
1853,triangle,440,1686,441,,360912.5,6952162.5,4218.75,51.775000254313106,48.93333435058594,1.775000254313107,-1.0666656494140625,12,1841,7.95270728767e-06,
1854,triangle,442,1514,441,,360887.5,6952087.5,4218.75,46.7666680018107,47.02500089009603,-3.2333319981892967,-2.974999109903971,12,1841,7.95270728767e-06,
1855,triangle,447,1515,446,,360487.5,6952487.5,4218.75,43.1333335240682,42.208333333333336,-6.866666475931803,-7.791666666666667,12,1841,7.95270728767e-06,
1856,triangle,447,1687,448,,360565.4880131453,6952514.654972367,4554.9013671875,48.140252913060706,45.03139749497999,-1.8597470869392898,-4.968602505020006,12,1841,7.95270728767e-06,
1857,triangle,450,1516,451,,360487.5,6952737.5,4218.75,39.04999891916909,39.90833314259847,-10.950001080830907,-10.09166685740153,12,1841,7.95270728767e-06,
1858,triangle,454,2159,455,,360389.38583045267,6953075.242861792,1618.40625,30.122318955279166,30.061204481426355,-19.877681044720834,-19.938795518573645,12,1841,7.95270728767e-06,
1859,triangle,458,1447,457,,359662.5,6952712.5,4218.75,39.575000445048005,38.108333587646484,-10.424999554951986,-11.891666412353516,12,1841,7.95270728767e-06,
1860,triangle,457,1449,458,,359737.5,6952712.5,4218.75,37.14166800181071,36.36666711171468,-12.858331998189291,-13.633332888285318,12,1841,7.95270728767e-06,
1861,triangle,464,1688,465,,363437.5,6953287.5,4218.75,73.90833091735841,75.11666552225749,23.908330917358416,25.116665522257488,65,1681,6.32455532034e-06,
1862,triangle,469,1518,468,,363126.02857199515,6953281.206047078,4926.8193359375,69.03768347836898,69.17362483234767,19.037683478368983,19.173624832347674,65,1681,6.6152967430775e-06,
1863,triangle,471,2166,470,,362977.4872431381,6953453.57440925,2532.68505859375,67.64858351272086,67.49091286271677,17.64858351272086,17.490912862716765,12,1841,7.95270728767e-06,
1864,triangle,473,1519,474,,362863.6904761905,6953589.285714286,4419.64306640625,67.81224581662879,66.98707559373786,17.812245816628796,16.987075593737856,12,1841,7.95270728767e-06,
1865,triangle,474,2166,473,,362902.4872431381,6953528.57440925,2410.37890625,66.67986763017166,66.6242467046764,16.679867630171664,16.624246704676402,12,1841,7.95270728767e-06,
1866,triangle,493,1522,492,,355412.5,6953962.5,4218.75,84.38333320617677,84.71666653951009,34.38333320617677,34.71666653951009,6,1721,1.189207115e-05,
1867,triangle,493,1690,494,,355454.00314200734,6953889.554147947,3987.658203125,83.59813704368206,84.06405075319991,33.59813704368206,34.064050753199915,6,1721,1.189207115e-05,
1868,triangle,496,1523,497,,355662.5,6953962.5,4218.75,80.54999987284343,80.64166831970215,30.549999872843426,30.64166831970215,6,1721,1.189207115e-05,
1869,triangle,499,1524,500,,355937.5,6953962.5,4218.75,76.6833324432373,77.27500089009602,26.683332443237315,27.275000890096027,6,1721,9.903672639407145e-06,
1870,triangle,502,1526,503,,356150.93420577236,6953890.9174647005,3834.28515625,76.21250344759241,75.81629909124344,26.212503447592418,25.816299091243447,65,1681,6.32455532034e-06,
1871,triangle,504,1525,503,,356187.5,6953962.5,4218.75,76.92500241597494,76.50833447774251,26.925002415974937,26.508334477742512,65,1681,6.32455532034e-06,
1872,triangle,505,2167,506,,356380.6995584672,6953827.086277217,2577.7939453125,73.61611026910369,73.16340494294475,23.61611026910369,23.163404942944755,65,1681,6.32455532034e-06,
1873,triangle,508,2167,509,,356455.6995584672,6953752.086277217,2171.2998046875,70.99624249386473,71.13007211823772,20.996242493864724,21.130072118237724,65,1681,6.32455532034e-06,
1874,triangle,510,1691,509,,356512.5,6953637.5,4218.75,76.00833384195964,73.79166730244954,26.008333841959644,23.791667302449543,65,1681,6.32455532034e-06,
1875,triangle,522,1530,521,,357241.0714285714,6953210.770069699,4024.1328125,62.23855554441384,62.50323845687581,12.238555544413844,12.503238456875815,65,1681,6.32455532034e-06,
1876,triangle,521,1692,522,,357287.5,6953137.5,4218.75,57.46666717529298,57.01666704813639,7.4666671752929865,7.0166670481363935,65,1681,6.32455532034e-06,
1877,triangle,536,1533,537,,365227.49756322225,6954190.811514709,4591.29541015625,99.65569907873714,101.4038285129421,49.655699078737136,51.40382851294212,65,1681,6.32455532034e-06,
1878,triangle,546,1697,547,,364443.75,6954177.083333333,3046.875,84.59930467603246,84.52916574478148,34.59930467603246,34.52916574478149,65,1681,6.32455532034e-06,
1879,triangle,551,1534,550,,364162.4202158509,6954357.266642381,4227.7255859375,82.90025889213099,82.36296602672839,32.900258892131,32.36296602672839,65,1681,6.906038165815001e-06,
1880,triangle,555,1698,556,,363987.5,6954712.5,4218.75,70.72499910990393,70.29166603088379,20.724999109903933,20.29166603088379,12,1841,7.95270728767e-06,
1881,triangle,583,1540,584,,354841.2005393561,6954786.20786835,4364.115234375,94.72678701550487,94.28528640952034,44.726787015504854,44.28528640952033,6,1721,1.189207115e-05,
1882,triangle,589,1543,590,,355294.7136916099,6954782.476397745,4783.9052734375,90.59334085559277,89.78304401430336,40.593340855592785,39.783044014303364,6,1721,1.189207115e-05,
1883,triangle,591,1544,590,,355409.375,6954864.0625,4394.53125,87.28125015894568,87.20234326521556,37.281250158945696,37.20234326521555,6,1721,1.189207115e-05,
1884,triangle,594,1545,595,,355665.86783569097,6954858.212920816,4701.04638671875,85.59290199729739,85.72679708641537,35.59290199729739,35.72679708641538,6,1721,1.189207115e-05,
1885,triangle,598,1546,597,,355937.5,6954937.5,4218.75,79.58333142598471,79.74166679382324,29.583331425984706,29.741666793823242,6,1721,1.189207115e-05,
1886,triangle,597,2171,598,,355927.4582758003,6954879.035353989,2358.5224609375,80.21870234450029,80.03510584804273,30.218702344500276,30.035105848042736,6,1721,1.189207115e-05,
1887,triangle,601,1704,600,,356067.9422072598,6954755.921887328,4830.998046875,80.33683048792335,79.2376897916132,30.336830487923347,29.23768979161321,6,1721,1.189207115e-05,
1888,triangle,600,2171,601,,356002.4582758003,6954804.035353989,2535.9443359375,79.70266490610716,79.5017730233357,29.70266490610716,29.501773023335705,6,1721,1.189207115e-05,
1889,triangle,610,1549,611,,356450.1272784755,6954126.922491831,2798.1806640625,74.382879047661,73.93155894146774,24.382879047661,23.93155894146774,65,1681,7.5175944266957145e-06,
1890,triangle,627,1708,626,,356562.5,6955462.5,4218.75,90.36666933695476,90.13333511352539,40.36666933695476,40.13333511352539,6,1721,1.189207115e-05,
1891,triangle,634,1546,635,,356062.5,6955062.5,4218.75,79.82499885559082,79.67499860127766,29.82499885559082,29.674998601277668,6,1721,1.189207115e-05,
1892,triangle,635,1550,634,,356132.4370941559,6955112.094155844,3649.1728515625,80.25987196487574,79.95851429697602,30.259871964875735,29.958514296976023,6,1721,1.189207115e-05,
1893,triangle,644,1556,645,,359437.5,6955187.5,4218.75,74.47499910990396,72.83333269755046,24.47499910990397,22.833332697550457,65,1681,6.32455532034e-06,
1894,triangle,647,1557,646,,359513.05199284526,6954984.7109835185,4280.84912109375,74.31459078729878,71.8006476822663,24.314590787298773,21.800647682266312,65,1681,6.32455532034e-06,
1895,triangle,665,1560,664,,359662.5,6953712.5,4218.75,44.95833365122478,45.80000082651774,-5.041666348775218,-4.199999173482259,65,1681,6.32455532034e-06,
1896,triangle,665,1714,666,,359589.6286563659,6953686.253574629,3979.27587890625,45.49413768888834,45.4473031003893,-4.505862311111658,-4.552696899610694,65,1681,6.32455532034e-06,
1897,triangle,673,1448,674,,359669.32214931207,6953036.11378732,3451.25830078125,34.803517438901665,34.56103341895424,-15.196482561098334,-15.438966581045763,12,1841,7.95270728767e-06,
1898,triangle,674,1450,673,,359729.3069713681,6953037.012473077,3297.03466796875,34.47508643535697,34.498573462225735,-15.52491356464303,-15.501426537774265,12,1841,7.95270728767e-06,
1899,triangle,678,1563,679,,355035.0398852271,6955761.073907517,4379.18505859375,93.80991033037196,94.41735905072193,43.80991033037196,44.41735905072192,6,1721,1.189207115e-05,
1900,triangle,680,1562,679,,355067.8957284389,6955834.395022611,3869.4404296875,93.53127009148123,93.43542057150891,43.53127009148124,43.43542057150891,6,1721,1.189207115e-05,
1901,triangle,691,2174,690,,355855.8336086315,6955297.27447288,2505.8779296875,82.81267034648292,82.86886569745069,32.81267034648291,32.86886569745068,6,1721,1.189207115e-05,
1902,triangle,698,1569,697,,360037.5,6956462.5,4218.75,104.57499885559082,105.02500025431316,54.57499885559082,55.02500025431315,65,1681,6.32455532034e-06,
1903,triangle,711,1573,710,,359356.5555011761,6955632.217355332,3549.994140625,79.31295489464382,79.26153625013471,29.312954894643827,29.261536250134714,65,1681,6.32455532034e-06,
1904,triangle,717,1575,716,,358665.6970450377,6956660.866832354,4035.0185546875,118.7444724019216,118.38311387217662,68.7444724019216,68.38311387217662,65,1681,6.32455532034e-06,
1905,triangle,716,1576,717,,358706.8049032442,6956587.020053297,4272.74365234375,117.60607377636248,117.68433746931123,67.60607377636248,67.68433746931123,65,1681,6.32455532034e-06,
1906,triangle,721,1577,720,,358962.5,6956574.404761906,2745.53564453125,113.41164049020131,113.40476193503906,63.41164049020131,63.404761935039055,65,1681,6.32455532034e-06,
1907,triangle,722,1578,723,,359162.5,6956512.5,4218.75,110.23333231608075,109.06666628519694,60.23333231608075,59.06666628519694,65,1681,6.32455532034e-06,
1908,triangle,738,1584,739,,355830.330658081,6956227.976872288,5025.30078125,92.20884767947814,92.0669491973453,42.20884767947812,42.0669491973453,6,1721,1.189207115e-05,
1909,triangle,742,1587,769,,356127.5030576205,6956008.161980365,3094.09423828125,87.11685835828669,87.0622987868955,37.11685835828669,37.0622987868955,6,1721,1.189207115e-05,
1910,triangle,745,1586,746,,355993.2793224656,6955669.645824942,3568.576171875,84.9011837863768,84.94175647630698,34.90118378637681,34.94175647630698,6,1721,1.189207115e-05,
1911,triangle,747,1585,746,,356062.5,6955637.5,4218.75,84.67499860127768,84.64999834696452,34.67499860127767,34.649998346964516,6,1721,1.189207115e-05,
1912,triangle,750,1551,749,,355980.12187383906,6955361.7060950445,3388.7109375,82.59890498593117,82.4596913594783,32.59890498593116,32.459691359478285,6,1721,1.189207115e-05,
1913,triangle,749,2174,750,,355930.8336086315,6955372.27447288,2156.21875,82.57130338049276,82.53553490724886,32.57130338049275,32.53553490724886,6,1721,1.189207115e-05,
1914,triangle,753,1720,754,,357062.5,6957037.5,4218.75,117.17499860127768,117.27500025431316,67.17499860127768,67.27500025431316,65,1681,6.32455532034e-06,
1915,triangle,754,1721,753,,357012.5,6956962.5,4218.75,116.60833485921226,116.78333409627278,66.60833485921225,66.78333409627278,65,1681,6.32455532034e-06,
1916,triangle,22,1890,850,,355033.668263221,6952836.879753175,43883.2958984375,140.50625573076263,139.10780984709632,90.50625573076263,89.10780984709633,65,1681,6.32455532034e-06,
1917,triangle,47,2022,911,,364945.7152057683,6953120.386774809,33250.42578125,164.91413064469657,161.95169626383776,114.91413064469658,111.95169626383775,65,1681,6.32455532034e-06,
1918,triangle,1558,2047,1710,,359737.76959601574,6954652.691949903,25261.4091796875,101.57298644181633,95.70986910631329,51.572986441816326,45.70986910631328,65,1681,6.32455532034e-06,
1919,triangle,1394,1837,1375,,362102.15556224884,6953482.746916745,67022.2646484375,66.65692213898267,68.60944187154017,16.65692213898266,18.609441871540177,12,1841,7.95270728767e-06,
1920,triangle,1227,2074,1386,,360070.8036166466,6952247.863412052,57376.4404296875,47.209820908170954,48.171380969898735,-2.790179091829041,-1.8286190301012664,12,1841,7.95270728767e-06,
1921,triangle,393,1393,1378,,356858.06025752315,6951791.637731481,11844.6015625,62.46527487316211,59.1300561331866,12.465274873162107,9.130056133186601,12,1841,7.95270728767e-06,
1922,triangle,1746,2077,614,,362086.65013484075,6955516.746940705,44598.85986328125,53.01380995892347,57.467262683062735,3.0138099589234626,7.467262683062738,65,1681,6.32455532034e-06,
1923,triangle,65,2004,66,,358944.52769178554,6947323.194689344,7618.767578125,83.64704002752957,85.14663198441997,33.647040027529584,35.14663198441996,12,1841,7.95270728767e-06,
1924,triangle,239,2005,240,,362632.6219190874,6954909.791774797,8193.3916015625,23.382966568741857,24.39468882780895,-26.61703343125814,-25.60531117219105,12,1841,7.95270728767e-06,
1925,triangle,1724,1742,1175,,356443.110148347,6957566.054401075,138364.3642578125,152.96140397248772,151.27214771621604,102.96140397248773,101.27214771621603,65,1681,6.32455532034e-06,
1926,triangle,359,1376,1295,,359810.71428571426,6950325.0,28125.0,70.52857062930121,65.87857178279081,20.52857062930122,15.87857178279082,12,1841,7.95270728767e-06,
1927,triangle,1784,1832,1362,,361590.9507240253,6950279.198906638,134070.46337890625,106.95152330678617,105.12510547267279,56.95152330678616,55.12510547267279,12,1841,7.95270728767e-06,
1928,triangle,283,1367,282,,360643.08606927335,6948922.538930726,3590.3173828125,65.24869199290976,65.37978911448887,15.248691992909755,15.379789114488878,12,1841,7.95270728767e-06,
1929,triangle,1196,1590,1152,,364852.52752388996,6954629.242206283,64431.6259765625,97.57931490395626,100.59452376773145,47.57931490395626,50.59452376773144,65,1681,6.32455532034e-06,
1930,triangle,607,2007,606,,356400.8121055719,6954447.784568522,8279.62548828125,74.07044491543684,76.23580220114054,24.07044491543685,26.235802201140555,6,1721,1.189207115e-05,
1931,triangle,55,2138,2071,,359169.9409171911,6946372.321805235,36459.6318359375,94.38897862715953,95.31582641131473,44.38897862715953,45.315826411314724,12,1841,7.95270728767e-06,
1932,triangle,1170,2022,1261,,364703.7946090984,6953440.27789117,103097.6123046875,138.6209682185559,135.99323896595737,88.6209682185559,85.99323896595736,65,1681,6.32455532034e-06,
1933,triangle,694,1816,1605,,360241.4535783671,6956744.354716738,23131.521484375,123.87972251244102,124.40909082157009,73.879722512441,74.40909082157008,65,1681,6.32455532034e-06,
1934,triangle,1254,1280,1157,,360985.4935134381,6952983.888072926,65166.78125,50.51721422341873,48.12902191182801,0.5172142234187322,-1.8709780881719904,12,1841,7.95270728767e-06,
1935,triangle,631,1991,630,,356314.04887637496,6955273.839261883,7336.08154296875,84.34529402930607,84.80548300835147,34.345294029306054,34.80548300835148,6,1721,1.189207115e-05,
1936,triangle,343,1392,342,,358532.32456140354,6948781.384015595,4906.79833984375,68.8974325804837,68.86984256476354,18.897432580483688,18.86984256476354,12,1841,7.95270728767e-06,
1937,triangle,733,2080,1385,,355666.0465976331,6956783.9534023665,19430.2421875,105.14549650443854,108.70633409259632,55.145496504438555,58.70633409259633,6,1721,1.149439144788143e-05,
1938,triangle,1362,1832,1139,,361339.1825331527,6950490.707805571,192332.4140625,100.06164401129027,104.68384999185226,50.06164401129027,54.68384999185225,12,1841,7.95270728767e-06,
1939,triangle,1699,1918,1603,,363487.48046595487,6954753.56791909,32240.7998046875,58.94742560435003,58.58437976621696,8.947425604350034,8.584379766216966,12,1841,7.95270728767e-06,
1940,triangle,1378,1393,160,,356933.06025752315,6951741.637731481,12781.29345703125,59.92184368291094,56.7300571504392,9.921843682910932,6.730057150439205,12,1841,7.95270728767e-06,
1941,triangle,1201,1789,1579,,359420.1397746599,6956744.057226256,47247.546875,130.55016690339926,128.81843571558832,80.55016690339923,78.81843571558836,65,1681,6.32455532034e-06,
1942,triangle,1600,1746,1244,,362479.2948694662,6955462.628202799,48666.8935546875,46.359219635114094,43.896022551679046,-3.6407803648859094,-6.103977448320951,12,1841,7.6619658649325e-06,
1943,triangle,1779,2013,897,,362559.08449679805,6949711.605211876,54326.080078125,112.3562244890076,109.32331385464617,62.3562244890076,59.32331385464616,65,1681,6.32455532034e-06,
1944,triangle,1396,1525,504,,356253.5714285714,6953982.142857143,10245.53515625,78.91065641648814,78.01241472464142,28.910656416488138,28.012414724641427,65,1681,6.32455532034e-06,
1945,triangle,2009,2092,1770,,359836.2991263059,6947407.357687372,78579.130859375,108.17584549778618,106.67503450651873,58.17584549778617,56.67503450651873,12,1841,7.95270728767e-06,
1946,triangle,1159,1886,1368,,357620.89386134286,6956370.363903555,143153.7958984375,146.43183802731,137.72414291936343,96.43183802731001,87.72414291936347,6,1721,1.149439144788143e-05,
1947,triangle,442,1781,1279,,360761.9668695877,6951981.8865757035,35291.875,54.91921943429831,54.49417244396631,4.91921943429831,4.4941724439663115,12,1841,7.95270728767e-06,
1948,triangle,1207,1660,1273,,360143.8618599639,6949168.283088534,64422.35546875,76.01614444607813,72.71199460445179,26.016144446078133,22.711994604451792,12,1841,7.95270728767e-06,
1949,triangle,464,1924,463,,363482.9013300191,6953203.9065692285,5185.51123046875,79.4827037369889,79.6577407912793,29.482703736988896,29.657740791279284,65,1681,6.32455532034e-06,
1950,triangle,877,1613,1331,,358336.32084119885,6947242.341140377,41848.68017578125,102.49210797201027,100.61057183061651,52.49210797201029,50.6105718306165,12,1841,7.95270728767e-06,
1951,triangle,1221,1966,1354,,362567.3237687813,6950444.727798135,99502.05078125,110.72753618327863,112.12169755450361,60.727536183278644,62.12169755450361,65,1681,6.32455532034e-06,
1952,triangle,1168,2059,1753,,364500.4069953219,6955222.50118677,123278.611328125,95.03039764739366,76.5836931686529,45.030397647393656,26.5836931686529,12,1841,7.8945590031225e-06,
1953,triangle,1199,2001,1936,,357035.5626114165,6957809.815036404,55228.53662109375,163.53066069454388,163.1851410755441,113.53066069454387,113.18514107554408,65,1681,6.32455532034e-06,
1954,triangle,810,1831,809,,364145.4692634956,6956899.834489499,41304.22998046875,102.12915074582419,101.17372268001908,52.129150745824184,51.1737226800191,12,1841,7.95270728767e-06,
1955,triangle,1354,1898,1221,,362400.3375688731,6950600.707034353,106954.43212890625,102.34618101139031,104.93067357261202,52.34618101139031,54.930673572612015,65,1681,6.32455532034e-06,
1956,triangle,1223,2016,1777,,364139.8760590339,6953785.409793414,74253.283203125,93.06648520142815,94.13576586030173,43.06648520142816,44.135765860301746,65,1681,6.32455532034e-06,
1957,triangle,1213,1694,1182,,357851.79050134943,6953199.151308585,80686.37939453125,69.84926515016416,69.2207938205961,19.84926515016416,19.220793820596096,65,1681,6.32455532034e-06,
1958,triangle,115,1927,114,,356148.15313481336,6948561.297578174,4354.0224609375,61.14902528622822,61.10032244262835,11.149025286228227,11.100322442628354,12,1841,7.95270728767e-06,
1959,triangle,1316,1893,559,,363850.6373999385,6954936.375240239,26871.439453125,66.51607166048512,66.74522149187773,16.516071660485117,16.74522149187772,12,1841,7.95270728767e-06,
1960,triangle,1247,1852,1432,,357043.6700041811,6948236.99218474,22429.03466796875,62.00810449836635,62.409357592847336,12.008104498366347,12.409357592847348,12,1841,7.95270728767e-06,
1961,triangle,1558,1870,1557,,359689.5796931822,6954930.367045223,23789.35888671875,88.2434868694483,93.83733095414321,38.24348686944829,43.837330954143205,65,1681,6.32455532034e-06,
1962,triangle,655,1559,1299,,359371.7764378479,6954258.638682745,19027.0966796875,78.55371880483665,71.59098454581233,28.553718804836645,21.590984545812347,65,1681,6.32455532034e-06,
1963,triangle,905,2105,45,,363186.84849547525,6952401.859404772,36693.5205078125,135.35831419971274,131.01340734758563,85.35831419971274,81.01340734758566,65,1681,6.32455532034e-06,
1964,triangle,1350,2112,1280,,360618.2209238259,6952906.479857539,19813.44189453125,40.463524558385714,41.980434500972756,-9.536475441614284,-8.019565499027248,12,1841,7.95270728767e-06,
1965,triangle,1901,2118,637,,358973.38719458855,6955647.462922749,23072.7294921875,92.70524209813665,95.05052160994224,42.705242098136665,45.05052160994223,65,1681,6.523395171399286e-06,
1966,triangle,847,1995,1370,,354677.07403024426,6953713.573158043,54322.54296875,101.12659930089605,103.48027626363061,51.12659930089604,53.48027626363061,6,1721,1.189207115e-05,
1967,triangle,1182,1389,1144,,358340.35449855175,6953339.302451021,97561.6064453125,71.82941365832389,69.53549234081068,21.829413658323894,19.535492340810666,65,1681,6.32455532034e-06,
1968,triangle,815,2020,814,,362694.7887658512,6956696.5067792535,55474.611328125,137.81123387875184,135.01908153399816,87.81123387875185,85.01908153399818,65,1681,6.32455532034e-06,
1969,triangle,559,1698,1316,,363900.0,6954850.0,15468.75,72.96666463216145,72.45000076293945,22.966664632161454,22.450000762939453,12,1841,7.95270728767e-06,
1970,triangle,1318,1714,662,,359440.98849572963,6953789.113070098,18701.7978515625,54.56925924772135,51.941130906196435,4.5692592477213445,1.941130906196434,65,1681,6.32455532034e-06,
1971,triangle,1139,2085,1842,,360892.6483920266,6950947.839800877,142883.44873046875,93.13336615565427,89.26840772188218,43.13336615565427,39.268407721882184,12,1841,7.95270728767e-06,
1972,triangle,1188,2017,1858,,355340.69199003093,6951819.760426679,57440.0556640625,94.23922056738407,98.17258448565538,44.23922056738406,48.172584485655385,65,1681,6.32455532034e-06,
1973,triangle,906,2058,1323,,363631.219752719,6952628.568496186,54828.85546875,135.98975548028065,131.20917407246955,85.98975548028065,81.20917407246957,65,1681,6.32455532034e-06,
1974,triangle,1815,2138,1231,,358802.4554903573,6946543.6065526875,74943.095703125,111.79975584523265,105.18760976995122,61.79975584523266,55.18760976995122,12,1841,7.95270728767e-06,
1975,triangle,627,1928,628,,356525.00598051725,6955543.179041895,4857.6416015625,89.61918421487309,89.96059367062162,39.61918421487309,39.96059367062161,6,1721,1.189207115e-05,
1976,triangle,22,1919,1890,,355254.3890899459,6952878.730392556,63772.55810546875,140.04556323550156,137.08267727349156,90.04556323550156,87.08267727349157,65,1681,6.32455532034e-06,
1977,triangle,1379,1939,187,,358951.1493418442,6952799.052539007,11790.56640625,35.47490157465124,36.39886666340224,-14.52509842534876,-13.601133336597762,12,1841,7.95270728767e-06,
1978,triangle,1362,1493,1492,,361340.8140352471,6949843.584732736,50248.58837890625,102.12229616709563,97.7754172959045,52.12229616709563,47.7754172959045,12,1841,7.95270728767e-06,
1979,triangle,1332,2092,2009,,359898.3759433347,6947652.730668587,93384.1962890625,101.43225881557281,99.43182105264873,51.43225881557281,49.43182105264875,12,1841,7.95270728767e-06,
1980,triangle,546,1931,545,,364536.5016711861,6954110.592410048,4433.353515625,86.05604558142201,88.16360359633491,36.05604558142202,38.16360359633492,65,1681,6.32455532034e-06,
1981,triangle,1253,1917,1885,,362850.989145755,6953001.290908574,74145.57861328125,80.4333054651056,86.47541691878895,30.433305465105597,36.47541691878896,65,1681,6.3827036048875e-06,
1982,triangle,1604,2082,894,,362195.1085676456,6948662.41554131,32913.71484375,113.5482790090229,115.53111742659479,63.54827900902291,65.53111742659479,12,1841,7.95270728767e-06,
1983,triangle,1219,1861,1341,,363167.7534782871,6953639.46486999,43395.49755859375,78.33366714573017,78.51306656746992,28.33366714573018,28.51306656746992,12,1841,7.95270728767e-06,
1984,triangle,1267,1999,1183,,357993.4931506849,6949179.452054795,104023.97265625,90.18219035946383,84.64113598450948,40.18219035946384,34.641135984509475,12,1841,7.95270728767e-06,
1985,triangle,1161,1930,1739,,358525.0379883356,6950517.646173506,89945.43798828125,74.800977855565,79.04561950958767,24.800977855564994,29.045619509587667,12,1841,7.95270728767e-06,
1986,triangle,883,2081,35,,359228.2061195175,6945553.542179403,26905.8642578125,132.98291029516807,130.08007712992483,82.98291029516807,80.08007712992482,12,1841,6.2609254019939286e-06,
1987,triangle,1495,1675,1187,,355450.5225840578,6951191.84872565,29266.68701171875,82.40266088728286,82.08848440576836,32.40266088728286,32.088484405768355,65,1681,6.32455532034e-06,
1988,triangle,1198,1511,1509,,361362.53145533917,6952161.380778373,26914.4375,65.01247822770169,66.19096091065823,15.012478227701694,16.19096091065823,12,1841,7.95270728767e-06,
1989,triangle,1778,1790,139,,356909.8865106786,6950032.195194245,22935.07421875,61.8920605589961,55.76841862379979,11.892060558996103,5.768418623799796,12,1841,7.95270728767e-06,
1990,triangle,265,2039,1989,,356475.13481957215,6947691.634309914,33835.2275390625,64.6574581315566,64.53463878031569,14.657458131556602,14.534638780315689,12,1841,7.95270728767e-06,
1991,triangle,873,2031,872,,356852.2313848091,6947144.97109482,38579.798828125,88.89505566894574,87.01653989544333,38.89505566894576,37.01653989544334,12,1841,7.95270728767e-06,
1992,triangle,1157,1257,1198,,361222.8747392469,6952601.296671717,113108.6201171875,78.41856935817107,65.38350900789744,28.41856935817107,15.383509007897436,12,1841,7.95270728767e-06,
1993,triangle,1758,1857,1488,,359265.469211918,6952021.7634546235,15166.732421875,53.162215739324594,51.78255158582537,3.162215739324596,1.7825515858253702,12,1841,7.95270728767e-06,
1994,triangle,1406,2055,1245,,358287.87637251243,6957387.701142889,75982.33203125,154.09695184844887,163.26050275096281,104.09695184844887,113.26050275096281,65,1681,6.32455532034e-06,
1995,triangle,470,1917,469,,363005.9915966541,6953304.134773021,10110.78369140625,69.81057594141214,70.22142884404072,19.810575941412136,20.22142884404072,12,1841,7.95270728767e-06,
1996,triangle,563,1918,562,,363453.81420084514,6954973.8324496215,8139.751953125,40.09519013304576,41.90816802445826,-9.904809866954245,-8.091831975541735,12,1841,7.95270728767e-06,
1997,triangle,866,2094,1334,,355891.1528897521,6947803.106173386,33477.89404296875,74.74487106774264,73.37552294830286,24.744871067742636,23.375522948302848,12,1841,7.95270728767e-06,
1998,triangle,1337,2019,1995,,354979.57799633435,6953486.748948445,56790.04541015625,110.3124535120348,108.85646920666575,60.312453512034814,58.85646920666576,65,1681,6.32455532034e-06,
1999,triangle,168,1414,167,,357444.6428571429,6952180.357142857,6830.35693359375,46.31360460787876,45.005613184303,-3.6863953921212427,-4.994386815696999,12,1841,7.95270728767e-06,
2000,triangle,39,2082,893,,362278.3348198393,6948470.140459244,22711.501953125,129.3946103281689,128.81268284262035,79.3946103281689,78.81268284262036,12,1841,7.95270728767e-06,
2001,triangle,26,2006,857,,353628.6680472393,6950431.167123939,36339.287109375,111.82462154706003,111.8455523824545,61.82462154706004,61.845552382454485,65,1681,6.32455532034e-06,
2002,triangle,1610,2089,664,,359680.56166924286,6953925.823123303,22738.78369140625,55.871813011729046,60.39894177276577,5.871813011729042,10.398941772765767,65,1681,6.32455532034e-06,
2003,triangle,463,1924,1797,,363568.9750871788,6953140.846269819,17520.0576171875,86.97407402134715,86.81773534045685,36.97407402134715,36.81773534045683,65,1681,6.32455532034e-06,
2004,triangle,1899,2090,1185,,357400.4093663376,6950175.329751365,94271.9306640625,72.89548716202503,80.037304638175,22.895487162025027,30.037304638175,12,1841,7.95270728767e-06,
2005,triangle,1178,1493,1362,,361140.60451782984,6949871.292556815,61958.5224609375,101.7184019729644,99.66372191178816,51.718401972964394,49.66372191178815,12,1841,7.95270728767e-06,
2006,triangle,666,1714,1366,,359558.0109410675,6953612.376205229,12938.0107421875,47.460572985079835,46.181726642006886,-2.539427014920163,-3.8182733579931125,65,1681,6.32455532034e-06,
2007,triangle,1351,1586,745,,355968.71971362404,6955741.84506403,10092.05322265625,86.89968327893473,86.39413377972494,36.89968327893473,36.39413377972493,6,1721,1.189207115e-05,
2008,triangle,515,2073,516,,356780.0716797188,6953185.326777037,6705.173828125,70.36612034913115,70.41368093163486,20.366120349131148,20.413680931634854,65,1681,6.32455532034e-06,
2009,triangle,1220,1608,1154,,363015.7401186866,6954409.231341547,97136.7587890625,51.872068852945965,53.46119179862196,1.8720688529459628,3.4611917986219676,12,1841,7.95270728767e-06,
2010,triangle,1659,1660,1207,,360282.6670359376,6949053.457781586,42124.40673828125,77.41814603839379,73.33857413998471,27.418146038393797,23.338574139984704,12,1841,7.95270728767e-06,
2011,triangle,1399,2085,1593,,361254.7300093065,6951461.205498326,75063.90869140625,72.61211463025657,78.3747863197696,22.612114630256585,28.374786319769612,12,1841,7.95270728767e-06,
2012,triangle,23,2017,852,,354980.5669915344,6951994.687246381,40947.03466796875,113.15256692926981,113.10917500937062,63.1525669292698,63.10917500937063,65,1681,6.32455532034e-06,
2013,triangle,1296,1731,1170,,364341.74683409114,6953147.504104019,103127.74072265625,117.94892045283116,121.0022912536021,67.94892045283117,71.00229125360211,65,1681,6.32455532034e-06,
2014,triangle,1334,2094,2039,,356096.83040399547,6947721.719421891,48023.4521484375,69.44912087045613,69.2560494380064,19.44912087045612,19.256049438006396,12,1841,7.95270728767e-06,
2015,triangle,831,2001,830,,357298.0352189362,6958122.3969406085,60582.5205078125,174.6037825631716,173.26993260755273,124.60378256317158,123.26993260755273,65,1681,6.32455532034e-06,
2016,triangle,1902,1967,1245,,357869.03633986396,6957134.045083611,134187.1015625,144.6843075644445,143.69253266172782,94.68430756444452,93.69253266172784,65,1681,6.32455532034e-06,
2017,triangle,1325,1359,630,,356258.5311687328,6955469.42665314,24919.4521484375,89.01869243367656,88.04144393860138,39.018692433676556,38.041443938601375,6,1721,1.189207115e-05,
2018,triangle,1786,1970,829,,357790.79255528917,6957904.810904149,59370.955078125,176.7088122298731,174.22713412864962,126.70881222987313,124.22713412864964,65,1681,6.32455532034e-06,
2019,triangle,1587,1873,1293,,356258.54908006947,6956018.847680643,18306.1884765625,92.32612259383836,92.10263011379372,42.32612259383838,42.10263011379373,6,1721,1.189207115e-05,
2020,triangle,1749,1858,1496,,355611.6870961112,6951655.2880816385,22255.80029296875,76.27746138321743,77.71497924631187,26.277461383217414,27.714979246311884,65,1681,6.32455532034e-06,
2021,triangle,1295,2054,359,,359930.0,6950387.5,36421.875,62.22222069634322,64.65166651407874,12.222220696343227,14.651666514078746,12,1841,7.95270728767e-06,
2022,triangle,1318,1713,1167,,359145.2824900195,6953656.879257408,86962.7119140625,62.459027148823026,62.23942310576819,12.459027148823026,12.23942310576819,65,1681,6.32455532034e-06,
2023,triangle,848,1995,847,,354557.89097634656,6953562.490125622,38648.1005859375,103.8488455139351,105.38802370451845,53.8488455139351,55.38802370451844,6,1721,9.307153086229285e-06,
2024,triangle,1798,1887,917,,367557.36697531707,6953910.482178035,41739.8193359375,167.60822122597432,167.2670244240365,117.60822122597433,117.2670244240365,65,1681,6.32455532034e-06,
2025,triangle,19,2070,18,,353893.8041890591,6954079.681578959,29136.5517578125,109.07762648337614,109.79826394725278,59.077626483376136,59.79826394725277,6,1721,1.189207115e-05,
2026,triangle,1171,1610,1191,,360071.7433478041,6953985.4712672485,98651.3505859375,96.22158866381753,89.67269306242122,46.22158866381753,39.67269306242122,65,1681,6.32455532034e-06,
2027,triangle,265,1989,1463,,356569.74859753106,6947780.992422338,19404.2236328125,64.3321280744938,64.181151566189,14.332128074493799,14.181151566189,12,1841,7.95270728767e-06,
2028,triangle,1719,1827,1382,,359388.9439819523,6956168.6766932225,25409.4794921875,107.57434356297937,102.1916085655575,57.57434356297936,52.191608565557516,65,1681,6.32455532034e-06,
2029,triangle,837,2000,1582,,355222.1738342151,6956734.1459040195,47745.95654296875,116.32802364411847,117.29096016638407,66.32802364411849,67.29096016638407,6,1721,1.0699032043644285e-05,
2030,triangle,1437,1614,1211,,356631.6827981986,6949522.962716694,38752.87939453125,82.95468083066415,78.62351679695941,32.95468083066414,28.623516796959418,12,1841,7.95270728767e-06,
2031,triangle,1359,1585,747,,356098.35311687324,6955569.442665313,13316.138671875,86.83406265074778,85.87813023571938,36.83406265074779,35.87813023571938,6,1721,1.189207115e-05,
2032,triangle,890,1992,889,,360641.3003338911,6947703.699666109,41705.78955078125,104.9239009888277,104.92550728514296,54.9239009888277,54.92550728514296,12,1841,7.95270728767e-06,
2033,triangle,830,2001,1786,,357446.73599314946,6957941.746008935,79088.451171875,168.76194537947362,169.33214555371487,118.76194537947362,119.33214555371485,65,1681,6.32455532034e-06,
2034,triangle,260,1602,259,,363934.889702277,6955842.018455966,4727.076171875,21.770504814239132,23.10381233210921,-28.22949518576087,-26.89618766789079,12,1841,7.95270728767e-06,
2035,triangle,1840,2141,1589,,359959.9354636357,6955945.569442158,33857.794921875,115.93462246578811,117.76625859464066,65.93462246578811,67.76625859464066,65,1681,6.32455532034e-06,
2036,triangle,1724,1988,1875,,356783.5947474887,6957150.130064361,31939.25537109375,131.843211276774,129.83947843541375,81.84321127677403,79.83947843541374,65,1681,6.32455532034e-06,
2037,triangle,1524,1863,1218,,355952.5820632945,6953777.080421287,26986.712890625,88.88871581755173,84.80005722416279,38.88871581755172,34.80005722416279,65,1681,6.32455532034e-06,
2038,triangle,1787,1964,1239,,355798.08196337335,6949692.787877976,108370.92919921875,83.54085347988962,84.58648214386858,33.54085347988962,34.58648214386859,12,1841,7.95270728767e-06,
2039,triangle,874,2040,1755,,357181.345912115,6947441.234196597,51925.30615234375,88.83892455689158,86.14431250879996,38.838924556891584,36.14431250879996,12,1841,7.95270728767e-06,
2040,triangle,925,2024,924,,366526.54504691344,6955468.7956060255,41804.2490234375,128.63419549993893,124.06734463944917,78.63419549993893,74.06734463944916,65,1681,6.32455532034e-06,
2041,triangle,829,1970,828,,357967.72958679666,6958022.83496838,46302.9423828125,178.76700025723932,178.21967070673045,128.7670002572393,128.21967070673045,65,1681,6.32455532034e-06,
2042,triangle,184,1938,183,,358687.64960229717,6952758.916796771,3815.6396484375,35.64237580315236,35.778439288929306,-14.357624196847642,-14.221560711070694,12,1841,7.95270728767e-06,
2043,triangle,357,2067,1333,,361035.76388888893,6949032.589285714,16753.826171875,77.63296027726884,74.48658852034501,27.632960277268847,24.486588520345013,12,1841,7.95270728767e-06,
2044,triangle,491,2019,1690,,355317.68740982236,6953743.10695139,23969.943359375,96.52207966775501,94.19853319649216,46.52207966775501,44.19853319649215,65,1681,7.318754575636428e-06,
2045,triangle,208,1879,209,,360608.7224276829,6953261.09635333,8170.43310546875,29.34944469547019,30.3726294472811,-20.650555304529806,-19.627370552718897,12,1841,7.95270728767e-06,
2046,triangle,850,1825,21,,354730.36789991026,6952932.790299681,39533.6650390625,139.76906561780908,136.1254095890694,89.76906561780908,86.1254095890694,65,1681,6.32455532034e-06,
2047,triangle,1163,1832,1413,,361757.4754831306,6950972.131111569,86041.4501953125,105.72275661796807,104.25532446031646,55.722756617968074,54.255324460316466,65,1681,6.906038165815001e-06,
2048,triangle,8,2127,818,,361566.3404975785,6956275.045106889,37663.8681640625,142.28065464137651,141.14906261767104,92.2806546413765,91.14906261767106,65,1681,6.32455532034e-06,
2049,triangle,1739,1929,1158,,358059.7619823688,6950707.28244292,117257.39208984375,80.94565181655179,80.6924512880994,30.94565181655178,30.692451288099402,12,1841,7.95270728767e-06,
2050,triangle,60,1419,1264,,359297.7839169555,6946816.118482632,10783.52978515625,92.83469777882607,93.93754060616857,42.834697778826076,43.93754060616857,12,1841,7.95270728767e-06,
2051,triangle,62,1626,1300,,358894.9569438314,6947091.161571081,15801.6552734375,88.60610395371954,89.38782989125497,38.60610395371955,39.38782989125497,12,1841,7.95270728767e-06,
2052,triangle,1304,1635,127,,355975.0,6949300.0,12656.25,65.12222374810116,62.66666793823242,15.12222374810116,12.666667938232422,12,1841,7.95270728767e-06,
2053,triangle,1306,1641,158,,357128.49131726247,6951584.285323388,16361.12939453125,60.05383816645223,55.655940459869555,10.053838166452232,5.655940459869555,12,1841,7.95270728767e-06,
2054,triangle,205,1652,1307,,360334.13911966304,6953286.346991449,13028.8291015625,34.12263679161947,35.26860833423252,-15.877363208380526,-14.73139166576748,12,1841,7.95270728767e-06,
2055,triangle,369,1674,1312,,355041.31542521407,6951349.955313512,9895.48046875,81.54230631050973,81.55442126468576,31.54230631050973,31.55442126468576,65,1681,6.32455532034e-06,
2056,triangle,1314,1681,410,,358535.71428571426,6951178.571428572,11852.6787109375,55.61111093810644,56.31887723312635,5.611110938106441,6.318877233126346,12,1841,7.95270728767e-06,
2057,triangle,1279,1514,442,,360877.7234587089,6951997.643164825,12594.38232421875,49.74399871613498,50.43336799603377,-0.25600128386501586,0.4333679960337733,12,1841,7.95270728767e-06,
2058,triangle,492,1522,1281,,355400.0,6954050.0,12656.25,89.79999796549481,87.96666653951009,39.79999796549481,37.96666653951009,6,1721,1.189207115e-05,
2059,triangle,1316,1698,555,,364000.0,6954800.0,12656.25,83.6777759128148,77.01666641235352,33.6777759128148,27.016666412353516,12,1841,7.95270728767e-06,
2060,triangle,664,1560,1288,,359738.7808497345,6953724.583333333,10692.7060546875,50.80196020373157,51.619868050030675,0.8019602037315725,1.6198680500306721,65,1681,6.32455532034e-06,
2061,triangle,1290,1569,698,,360116.869838594,6956443.561411545,12370.79736328125,109.42983061873713,110.07366810474674,59.42983061873714,60.07366810474675,65,1681,6.32455532034e-06,
2062,triangle,1386,2149,1227,,360273.42003072525,6952257.724716038,55950.39453125,53.08072072255635,51.63234655405822,3.080720722556356,1.6323465540582245,12,1841,7.95270728767e-06,
2063,triangle,863,2012,28,,354722.82415331184,6949159.433142565,30852.25927734375,115.88941145920566,114.72395524620295,65.88941145920565,64.72395524620295,12,1841,7.95270728767e-06,
2064,triangle,1180,2122,1503,,356911.32842868596,6952383.230178583,24968.5361328125,75.72147140485643,73.31737815546995,25.721471404856423,23.317378155469964,65,1681,7.02233473491e-06,
2065,triangle,816,2025,1788,,362306.3765405842,6956413.302511795,53503.029296875,138.60089495933687,134.29697150096123,88.60089495933687,84.29697150096126,65,1681,6.32455532034e-06,
2066,triangle,212,2079,211,,360756.60747906513,6953533.949303466,5888.45556640625,29.112159544114885,30.660168764082812,-20.88784045588511,-19.339831235917185,12,1841,7.95270728767e-06,
2067,triangle,865,2126,1730,,355637.87007913546,6948525.097731657,34296.169921875,75.29572050408959,72.1709186709179,25.295720504089587,22.17091867091791,12,1841,7.95270728767e-06,
2068,triangle,80,1940,79,,358390.5805279173,6948267.090981622,3872.1904296875,72.64226153226447,72.27511815324404,22.642261532264467,22.27511815324404,12,1841,7.95270728767e-06,
2069,triangle,1338,2136,1192,,356439.04819927743,6949058.514035012,70566.4423828125,84.50948597061527,77.03736591142676,34.50948597061527,27.037365911426747,12,1841,7.95270728767e-06,
2070,triangle,1139,2106,1362,,361042.71788380685,6950362.90746648,139539.734375,99.12904934417134,98.62685529265342,49.12904934417135,48.62685529265341,12,1841,7.95270728767e-06,
2071,triangle,608,1705,1297,,356286.33031509304,6954295.677863437,15664.93212890625,82.21010951369702,78.41112692944263,32.21010951369703,28.411126929442645,6,1721,1.189207115e-05,
2072,triangle,843,1985,842,,354139.0889375666,6955256.919343147,53760.0751953125,104.14138027877615,107.3341235059058,54.141380278776154,57.33412350590578,6,1721,1.189207115e-05,
2073,triangle,1211,1899,1778,,357057.94679911545,6949786.120623197,67953.74462890625,72.33599605681596,73.21464290599667,22.335996056815958,23.21464290599667,12,1841,7.95270728767e-06,
2074,triangle,604,1829,1252,,356047.81413270935,6954454.1218043,22044.36572265625,85.8764050703377,83.35673561167101,35.8764050703377,33.35673561167101,6,1721,1.189207115e-05,
2075,triangle,1474,1615,1273,,359912.9464285714,6949529.017857143,29129.46484375,69.70907827705669,66.90564495934858,19.709078277056694,16.905644959348574,12,1841,7.95270728767e-06,
2076,triangle,1502,1617,1313,,356646.4562089465,6952070.300353784,28977.84765625,72.32378064012754,69.1949216113576,22.32378064012754,19.194921611357604,12,1841,7.8945590031225e-06,
2077,triangle,1218,1282,1156,,355836.67981583945,6953497.230821778,76001.75830078125,103.86313096605915,102.44146410585824,53.86313096605916,52.441464105858245,65,1681,6.32455532034e-06,
2078,triangle,825,2049,824,,359345.073455564,6957522.561634158,37575.7802734375,149.9935596330859,149.73914611686985,99.99355963308592,99.73914611686983,12,1841,7.6619658649325e-06,
2079,triangle,40,2052,895,,362158.85451836465,6949083.405489025,39824.400390625,99.16598018969694,99.11142320130868,49.165980189696946,49.11142320130867,65,1681,6.32455532034e-06,
2080,triangle,1842,2085,1933,,360796.0397486335,6951215.619518466,162646.26416015625,84.52735492202498,82.26038218015763,34.527354922025,32.26038218015763,12,1841,7.95270728767e-06,
2081,triangle,1289,1908,1763,,354935.88013030746,6956175.814089265,27671.9921875,104.00371560312169,103.85265515610688,54.00371560312168,53.852655156106856,6,1721,1.189207115e-05,
2082,triangle,1230,1822,1180,,357001.5769758283,6952751.84383287,74451.53271484375,82.76413044788798,79.65342679427401,32.76413044788798,29.653426794274026,65,1681,6.32455532034e-06,
2083,triangle,916,1900,49,,367118.12509831827,6953778.900275178,41996.748046875,168.78150867337558,166.78103628626062,118.78150867337557,116.78103628626063,65,1681,6.32455532034e-06,
2084,triangle,1568,1609,1201,,359871.9873625085,6956836.831247439,43987.35107421875,133.47883865625255,129.47340199996447,83.47883865625255,79.47340199996448,65,1681,6.32455532034e-06,
2085,triangle,1192,2136,1631,,356489.04819927743,6948883.514035012,47003.03759765625,73.22752962202722,73.15403206946712,23.22752962202723,23.15403206946711,12,1841,7.95270728767e-06,
2086,triangle,1281,1838,492,,355293.4445259042,6954056.555474095,29668.712890625,93.21151213847257,91.79371527521891,43.21151213847256,41.79371527521891,6,1721,1.189207115e-05,
2087,triangle,1374,1646,180,,358427.90558400075,6952563.367627934,15776.19140625,44.86605442826591,46.84217885375287,-5.133945571734088,-3.157821146247129,12,1841,7.95270728767e-06,
2088,triangle,1243,1618,1335,,362335.4464170796,6952003.787862174,64911.76953125,107.4327277813786,105.82222147790105,57.43272778137859,55.822221477901074,65,1681,6.32455532034e-06,
2089,triangle,858,2006,26,,353739.0016294224,6950307.552597356,35564.57421875,112.57227642037114,112.04014763116339,62.57227642037114,62.040147631163414,65,1681,6.32455532034e-06,
2090,triangle,496,1952,495,,355607.9650192815,6954043.253451411,4866.013671875,81.53013923612417,81.68102152175065,31.53013923612417,31.681021521750647,6,1721,1.189207115e-05,
2091,triangle,555,1601,1316,,364106.9492256371,6954805.056853439,29739.4560546875,94.80478438524005,86.59944836050512,44.80478438524004,36.59944836050513,12,1841,7.95270728767e-06,
2092,triangle,46,1830,909,,364683.2632946232,6952577.60559773,31049.9775390625,157.39475494247893,155.8765197152927,107.39475494247893,105.87651971529266,65,1681,6.32455532034e-06,
2093,triangle,1691,2026,1527,,356655.56817968376,6953609.136914082,15561.263671875,88.67043702821613,84.61224725547564,38.67043702821612,34.61224725547564,65,1681,6.32455532034e-06,
2094,triangle,836,2034,835,,355612.7701195837,6957588.099696905,43736.07763671875,145.00744177823825,144.67498336295947,95.00744177823825,94.6749833629595,65,1681,6.32455532034e-06,
2095,triangle,901,1846,43,,363184.12573996716,6950973.569337328,35770.763671875,121.87134747104534,121.85790807180972,71.87134747104534,71.85790807180972,65,1681,6.32455532034e-06,
2096,triangle,27,2096,861,,354756.0535361942,6949895.007569919,39096.845703125,130.16665893858533,130.42681181271965,80.16665893858533,80.42681181271963,65,1681,6.32455532034e-06,
2097,triangle,1456,2056,1454,,361704.12905730953,6954375.36874601,16658.16552734375,38.45939465326192,35.01149129878896,-11.540605346738083,-14.988508701211044,12,1841,7.95270728767e-06,
2098,triangle,1140,2090,1899,,357655.07906292053,6950055.190930157,128836.2470703125,85.81153704766174,85.39566462351263,35.811537047661744,35.39566462351262,12,1841,7.95270728767e-06,
2099,triangle,262,1768,263,,364200.0120302187,6955912.487969781,4221.45654296875,22.251130889629255,22.134383991812395,-27.74886911037074,-27.8656160081876,12,1841,7.95270728767e-06,
2100,triangle,286,1976,287,,360530.24680982577,6949263.402941498,7723.0966796875,65.59692211403221,65.0379346830047,15.596922114032218,15.037934683004702,12,1841,7.95270728767e-06,
2101,triangle,210,1975,209,,360596.25,6953403.75,9281.25,28.93324993133549,32.08466720263166,-21.06675006866451,-17.91533279736834,12,1841,7.95270728767e-06,
2102,triangle,875,2040,874,,357364.52607079764,6947359.28319703,39169.2099609375,96.90247105376888,93.28072000745055,46.90247105376887,43.280720007450554,12,1841,7.95270728767e-06,
2103,triangle,923,2021,922,,366941.95311611425,6955037.6341686705,52657.0302734375,162.82138418073706,157.02878491050413,112.82138418073706,107.02878491050411,65,1681,6.32455532034e-06,
2104,triangle,1181,1908,1289,,355093.7126353954,6956249.656377965,49165.7841796875,109.44864395163837,107.1083325924244,59.44864395163838,57.10833259242438,6,1721,1.189207115e-05,
2105,triangle,1173,1882,1702,,357500.0796535068,6953906.136252597,102732.39111328125,101.512244462527,97.89144633234173,51.51224446252698,47.89144633234173,65,1681,6.32455532034e-06,
2106,triangle,205,2084,204,,360223.5536938892,6953159.953250554,6907.4501953125,29.70412967322901,30.774552798269713,-20.29587032677099,-19.225447201730283,12,1841,7.95270728767e-06,
2107,triangle,1755,2031,873,,356921.85519184574,6947331.912463839,52025.94384765625,84.73826600307065,82.80557210912089,34.73826600307065,32.805572109120895,12,1841,7.95270728767e-06,
2108,triangle,1370,1987,20,,354663.07841027685,6954024.390785391,74275.06298828125,110.31218264367365,107.0363238151694,60.312182643673644,57.0363238151694,6,1721,1.189207115e-05,
2109,triangle,1416,2032,1155,,357879.4764274115,6951529.260976826,77799.63037109375,71.60135763973217,69.88677708627564,21.60135763973217,19.886777086275632,12,1841,7.95270728767e-06,
2110,triangle,1595,2106,1179,,360542.92094624456,6950163.470131255,81062.0302734375,86.31009732555378,84.26655607536163,36.31009732555379,34.26655607536163,12,1841,7.95270728767e-06,
2111,triangle,1753,1849,928,,365066.34416365065,6955577.854133204,161567.09423828125,67.8883500525022,64.0090351160603,17.8883500525022,14.009035116060303,65,1681,7.02233473491e-06,
2112,triangle,909,1921,908,,364398.407258491,6952556.12267807,37493.17919921875,135.98179549950683,136.11707956980854,85.98179549950683,86.11707956980854,65,1681,6.32455532034e-06,
2113,triangle,914,2088,913,,365900.3370845376,6953408.227421358,56902.46728515625,165.84964571221659,159.71428627097208,115.8496457122166,109.7142862709721,65,1681,6.32455532034e-06,
2114,triangle,1200,2118,1802,,358854.2567717481,6955413.203185481,49399.62109375,105.91252207440058,106.01471808344992,55.9125220744006,56.01471808344991,6,1721,9.903672639407145e-06,
2115,triangle,1213,2113,1693,,357550.20454234025,6953274.917899463,31442.4638671875,78.60996964118405,73.17051245999221,28.60996964118405,23.17051245999221,65,1681,6.32455532034e-06,
2116,triangle,643,1791,1555,,359548.8254081646,6955329.2753658565,10946.373046875,89.09013056137877,90.17124980207687,39.09013056137878,40.17124980207686,65,1681,6.32455532034e-06,
2117,triangle,1579,1789,724,,359282.6397746599,6956656.557226256,18986.984375,115.93052141140777,117.11843622421465,65.93052141140777,67.11843622421465,65,1681,6.32455532034e-06,
2118,triangle,1237,1584,1181,,355548.00052301673,6956167.0995588675,61314.615234375,101.72042120956648,100.95736735718849,51.72042120956649,50.95736735718848,6,1721,1.189207115e-05,
2119,triangle,752,2086,751,,357225.0076878215,6956999.992312178,8439.23046875,120.50154780177203,123.03409387370608,70.50154780177203,73.03409387370608,65,1681,6.32455532034e-06,
2120,triangle,162,1378,161,,357059.61805555556,6951807.743055556,8226.5625,51.45841991888236,49.90889249086991,1.4584199188823674,-0.09110750913008836,12,1841,7.95270728767e-06,
2121,triangle,191,1379,190,,359161.1302945173,6952798.213852506,9796.89990234375,37.24404841765038,36.77582922547578,-12.755951582349612,-13.224170774524218,12,1841,7.95270728767e-06,
2122,triangle,237,1380,238,,362472.4158842243,6954753.624268812,7739.056640625,26.80399772703278,26.312556883928693,-23.196002272967217,-23.687443116071307,12,1841,7.95270728767e-06,
2123,triangle,619,1404,620,,362325.0,6954900.0,8437.5,25.600000381469727,25.700000127156574,-24.399999618530273,-24.299999872843426,12,1841,7.95270728767e-06,
2124,triangle,907,2058,906,,363787.18706866325,6952504.759697374,48956.55712890625,146.3657990231755,136.84609328127783,96.3657990231755,86.84609328127783,65,1681,6.32455532034e-06,
2125,triangle,1996,2039,265,,356380.1957183958,6947795.220911499,21685.44775390625,63.59104805939184,63.26958318628471,13.591048059391834,13.269583186284713,12,1841,7.95270728767e-06,
2126,triangle,1955,2075,622,,356991.3277699046,6955414.855759598,16190.39990234375,99.52309521300452,99.12669873281976,49.523095213004524,49.12669873281976,6,1721,1.189207115e-05,
2127,triangle,1792,1967,1368,,357988.67282089405,6956687.217138973,60108.07958984375,138.32624958573282,139.16047494834515,88.32624958573281,89.16047494834515,65,1681,6.32455532034e-06,
2128,triangle,1299,1709,655,,359425.93585729745,6954334.797995903,15577.76806640625,75.93960063269584,71.60157188416515,25.939600632695843,21.601571884165168,65,1681,6.32455532034e-06,
2129,triangle,1171,2033,1558,,360117.838652792,6954553.5063646585,107287.56591796875,122.31736257453284,120.33292307407208,72.31736257453285,70.33292307407208,65,1681,6.32455532034e-06,
2130,triangle,149,2044,150,,356972.2733825616,6950880.764342685,5318.25537109375,51.37352704912166,50.09444638370268,1.3735270491216598,0.09444638370268137,12,1841,7.95270728767e-06,
2131,triangle,419,2046,418,,362212.5221309671,6951261.830204379,4216.2607421875,93.19869407686183,93.2924284955509,43.19869407686183,43.292428495550894,65,1681,6.32455532034e-06,
2132,triangle,651,2047,650,,359589.36689567874,6954716.410888199,4428.77587890625,72.24212086074307,71.04558123066899,22.242120860743064,21.045581230668983,65,1681,6.32455532034e-06,
2133,triangle,382,2042,383,,355984.47558537987,6951415.580117014,3872.236328125,64.97480864240677,64.95313600574309,14.974808642406758,14.953136005743085,12,1841,7.95270728767e-06,
2134,triangle,537,2043,536,,365216.63379885553,6954122.224884457,3124.7001953125,101.23028322327549,101.1871821216443,51.230283223275485,51.1871821216443,65,1681,6.32455532034e-06,
2135,triangle,21,1825,849,,354618.1119775925,6953054.7010440305,33173.11083984375,131.4472537673149,128.67979556673404,81.44725376731489,78.67979556673403,65,1681,6.32455532034e-06,
2136,triangle,817,2025,816,,362114.77261401556,6956491.001453348,41767.37060546875,148.65089820205495,144.33557194942208,98.65089820205493,94.33557194942209,65,1681,6.32455532034e-06,
2137,triangle,811,1831,810,,363993.7717652737,6956991.049787837,35342.34912109375,117.25855976493446,114.30306157745808,67.25855976493447,64.30306157745805,12,1841,7.95270728767e-06,
2138,triangle,338,1469,1298,,360861.17075044475,6948775.582721777,20301.5048828125,74.4674864424064,72.02957264438801,24.46748644240639,22.02957264438801,12,1841,7.95270728767e-06,
2139,triangle,1802,2091,1147,,358508.15077316,6955207.277922737,97549.58203125,128.77513510627728,122.5584587758626,78.77513510627729,72.5584587758626,6,1721,1.189207115e-05,
2140,triangle,1368,1886,1792,,357951.977371526,6956470.356817346,103993.26806640625,149.98975210310445,142.14861764234638,99.98975210310442,92.14861764234638,65,1681,8.511793681992141e-06,
2141,triangle,1581,2098,1582,,355547.45979879453,6956544.867972876,10777.78466796875,100.50684545800607,101.41711622909789,50.50684545800609,51.41711622909789,6,1721,1.189207115e-05,
2142,triangle,1432,2099,1247,,356944.53189832176,6948219.632939834,13263.67724609375,61.87644952086381,61.933582185594254,11.876449520863806,11.933582185594267,12,1841,7.95270728767e-06,
2143,triangle,1251,2103,1547,,356285.5484207159,6954964.592981338,18273.73974609375,92.22336419114892,90.16927084707766,42.2233641911489,40.169270847077634,6,1721,1.189207115e-05,
2144,triangle,823,1748,1609,,359891.2559985407,6957224.559808449,83387.83154296875,131.453545130647,129.04933493306783,81.45354513064703,79.04933493306783,65,1681,6.906038165815001e-06,
2145,triangle,1739,2090,1140,,357933.3998407074,6950233.9462581435,129169.13134765625,92.04734076498639,89.32486131967353,42.04734076498639,39.32486131967354,12,1841,7.95270728767e-06,
2146,triangle,698,1839,1290,,360119.52994278626,6956340.901307352,24368.28271484375,112.42911087239972,112.00124680500112,62.42911087239972,62.00124680500111,65,1681,6.32455532034e-06,
2147,triangle,1223,1843,1208,,363963.4364522647,6954131.686940626,36523.49267578125,99.87085864601445,100.06117796129301,49.87085864601445,50.061177961293,65,1681,7.138631304005e-06,
2148,triangle,834,2014,833,,356122.5382174013,6958156.7822664045,41122.7607421875,170.95231444727384,169.9116967228422,120.95231444727384,119.91169672284222,12,1841,7.72011414948e-06,
2149,triangle,1475,1956,1476,,359401.22282579757,6950245.460987565,18929.5322265625,76.85538126668213,71.5000767632673,26.85538126668213,21.500076763267305,12,1841,7.95270728767e-06,
2150,triangle,1838,1987,1370,,354909.85626951436,6954059.2795928195,62111.02880859375,107.43962040028575,103.58655750944212,57.43962040028573,53.58655750944212,6,1721,1.189207115e-05,
2151,triangle,1158,2051,1607,,357506.7235811507,6951044.87500691,79094.720703125,69.92977713890936,71.33923341257555,19.929777138909365,21.339233412575563,12,1841,7.95270728767e-06,
2152,triangle,1767,2034,1175,,355947.5553675417,6957639.797343611,60632.5986328125,141.859733649991,148.6942334268396,91.85973364999101,98.69423342683957,65,1681,6.32455532034e-06,
2153,triangle,1436,1466,272,,356522.4741826774,6948361.707585995,15058.13671875,59.71719519908916,60.109213547836816,9.717195199089169,10.109213547836818,12,1841,7.95270728767e-06,
2154,triangle,871,2030,870,,356116.3426693838,6947074.57466066,39155.56640625,75.95832767860021,74.6987673294201,25.958327678600206,24.698767329420093,12,1841,7.95270728767e-06,
2155,triangle,1617,2122,1180,,356800.17139271816,6952362.941527263,28092.32177734375,75.48530624539188,76.39232028173821,25.48530624539189,26.39232028173822,65,1681,6.6152967430775e-06,
2156,triangle,1196,1601,1535,,364366.40370494244,6954652.622585591,39336.31884765625,109.398835906066,102.60521208308819,59.398835906066004,52.6052120830882,65,1681,6.6152967430775e-06,
2157,triangle,1146,1994,1398,,359850.62935561204,6951553.927411608,112638.7353515625,63.63114397278031,63.280156762477624,13.631143972780306,13.280156762477631,12,1841,7.95270728767e-06,
2158,triangle,1335,2076,1243,,362505.9921347101,6952068.043596688,63505.9853515625,106.17827155237693,108.99888225831357,56.17827155237693,58.99888225831358,65,1681,6.32455532034e-06,
2159,triangle,767,1587,1293,,356242.5214033436,6956119.633862555,12088.697265625,92.11118533164566,92.24623264002882,42.111185331645665,42.246232640028815,6,1721,1.189207115e-05,
2160,triangle,1499,1749,380,,355835.53037494066,6951627.766901334,19770.7236328125,72.07109918988753,71.97854842924798,22.07109918988753,21.97854842924798,65,1681,6.32455532034e-06,
2161,triangle,1426,1751,82,,358582.18715321476,6948420.814164336,14411.37890625,77.90714893214307,76.39405250933449,27.90714893214308,26.39405250933449,12,1841,7.95270728767e-06,
2162,triangle,379,1749,1496,,355700.0,6951623.373073719,15377.2353515625,71.07772631250855,72.35449846244003,21.077726312508553,22.354498462440034,65,1681,6.32455532034e-06,
2163,triangle,1148,1885,1394,,362217.6452421036,6953088.730352535,141041.5439453125,97.19682575702522,88.32189234025351,47.19682575702523,38.321892340253505,12,1841,7.95270728767e-06,
2164,triangle,813,2048,812,,363435.21689664596,6956924.478937134,37358.373046875,135.28755495270892,132.67054615633535,85.28755495270892,82.67054615633533,65,1681,6.4990001739825e-06,
2165,triangle,616,2057,615,,362169.6578036327,6955266.607216429,6892.31494140625,41.55716742755789,42.01179380032768,-8.442832572442109,-7.9882061996723195,12,1841,7.95270728767e-06,
2166,triangle,1788,2020,815,,362613.5431668819,6956506.379603808,75105.453125,130.7296219518675,128.5678841857429,80.7296219518675,78.56788418574291,65,1681,6.32455532034e-06,
2167,triangle,1297,1549,608,,356334.81952075707,6954218.814585677,14148.216796875,79.638081517678,77.13607367061998,29.63808151767802,27.13607367061999,6,1721,1.189207115e-05,
2168,triangle,1187,1859,1495,,355551.800125658,6951212.125331816,24930.38525390625,82.09310395102946,81.22636615920415,32.09310395102946,31.226366159204147,65,1681,6.32455532034e-06,
2169,triangle,1509,1860,1198,,361462.0134645941,6952148.7398721995,28934.21826171875,72.49749038453898,73.19851465399404,22.497490384538985,23.198514653994042,12,1841,7.95270728767e-06,
2170,triangle,1186,1856,1489,,358841.95573168877,6952058.538216412,29498.5048828125,51.94038206818553,52.066736211392744,1.9403820681855253,2.066736211392744,12,1841,7.95270728767e-06,
2171,triangle,1742,2014,1175,,356297.9658314495,6957806.000771392,86400.07373046875,164.10649480590212,159.48113073834998,114.10649480590209,109.48113073834996,65,1681,6.32455532034e-06,
2172,triangle,50,1887,916,,367406.97248270176,6953683.469629225,31962.96923828125,172.3526029539434,170.10769383508605,122.3526029539434,120.10769383508607,65,1681,6.32455532034e-06,
2173,triangle,1599,2053,1160,,361101.4672827173,6954381.58091908,105747.08447265625,68.71777858331308,77.17340166211419,18.71777858331307,27.173401662114188,65,1681,6.32455532034e-06,
2174,triangle,1298,1469,281,,360761.17075044475,6948775.582721777,13186.2705078125,69.34139213171161,70.22957467889323,19.341392131711604,20.22957467889322,12,1841,7.95270728767e-06,
2175,triangle,1262,1435,108,,356694.8030153378,6948626.436425906,18529.115234375,58.909847240630555,60.34213514167812,8.909847240630555,10.342135141678126,12,1841,7.95270728767e-06,
2176,triangle,1299,1559,660,,359371.7764378479,6954158.638682745,13634.951171875,74.31035693430567,69.32431813345882,24.310356934305673,19.32431813345883,65,1681,6.32455532034e-06,
2177,triangle,485,1957,486,,362510.0998046836,6954258.600958812,3948.72802734375,34.59023868855934,34.860672799574424,-15.409761311440665,-15.139327200425575,12,1841,7.95270728767e-06,
2178,triangle,1193,1987,1838,,354990.73830623017,6954209.133086458,48135.330078125,108.51305997135377,104.38749678560241,58.51305997135377,54.3874967856024,6,1721,1.189207115e-05,
2179,triangle,1209,2020,1973,,362980.60644657613,6956256.898711145,103134.6220703125,103.59197283116833,94.84950748648164,53.591972831168334,44.84950748648165,65,1681,6.32455532034e-06,
2180,triangle,1619,1702,1701,,357165.3804770037,6954044.651348538,21259.2666015625,88.88519926159547,87.59948787235497,38.88519926159548,37.59948787235497,65,1681,6.32455532034e-06,
2181,triangle,1833,2002,821,,360892.83793053194,6956858.160498213,23582.27783203125,138.80469268829634,138.284056704201,88.80469268829634,88.284056704201,65,1681,6.32455532034e-06,
2182,triangle,1623,1877,1246,,366433.2703981961,6954082.111562642,143316.4921875,134.73101871867286,138.36856320479276,84.73101871867286,88.36856320479274,65,1681,6.32455532034e-06,
2183,triangle,292,2104,293,,360295.7386363636,6949645.738636363,7478.69287109375,57.84735135252885,58.64461392656614,7.847351352528842,8.644613926566132,12,1841,7.95270728767e-06,
2184,triangle,889,2008,888,,360436.6432293656,6947488.356770635,38339.765625,109.79757417512903,110.081022220918,59.79757417512902,60.08102222091799,12,1841,7.95270728767e-06,
2185,triangle,43,1846,900,,363209.12573996716,6950804.680448438,37219.310546875,125.08057923067258,123.11024393444684,75.08057923067258,73.11024393444684,65,1681,6.32455532034e-06,
2186,triangle,1383,1811,1218,,356239.66860949266,6953372.696432572,67991.16015625,101.8138334028899,94.64251316579725,51.81383340288991,44.64251316579726,65,1681,6.32455532034e-06,
2187,triangle,919,2072,51,,367856.23173354304,6954254.942457151,22582.3330078125,172.19566787330004,173.3740845487787,122.19566787330004,123.37408454877873,65,1681,6.32455532034e-06,
2188,triangle,1377,2037,853,,354674.1564455968,6951616.975817992,48917.03955078125,108.83526726930097,105.75094714813663,58.83526726930098,55.75094714813664,65,1681,6.32455532034e-06,
2189,triangle,1729,1744,1411,,357545.92325928994,6955003.697021355,105696.314453125,103.0984967971829,105.12982390128384,53.09849679718291,55.12982390128385,6,1721,1.189207115e-05,
2190,triangle,1558,2033,1189,,360044.6198056001,6954840.0639564395,78612.96337890625,119.23922098744457,115.88937401174216,69.23922098744457,65.88937401174216,65,1681,6.32455532034e-06,
2191,triangle,897,2013,896,,362502.4636161585,6949524.525437278,36599.96337890625,110.7403391742692,107.61137629774568,60.74033917426918,57.611376297745686,65,1681,6.32455532034e-06,
2192,triangle,1312,1906,369,,354952.4660639949,6951354.128038712,25612.1630859375,84.36124928438304,84.65728326912165,34.36124928438303,34.65728326912165,65,1681,6.32455532034e-06,
2193,triangle,888,2009,887,,360210.03438608325,6947299.470148027,50222.265625,117.92495054166815,116.68337999173514,67.92495054166815,66.68337999173514,12,1841,7.95270728767e-06,
2194,triangle,1160,1888,1249,,360900.68916687113,6953938.5415509865,33426.73193359375,46.40497133227094,50.67931009850813,-3.595028667729062,0.6793100985081301,65,1681,6.32455532034e-06,
2195,triangle,876,1923,32,,357948.5196262686,6947432.883197789,44042.10595703125,96.57962903469019,96.33461778540749,46.57962903469018,46.33461778540748,12,1841,7.95270728767e-06,
2196,triangle,127,1787,1304,,355976.5625,6949398.4375,26015.625,64.47899417082465,63.59544378519058,14.478994170824645,13.595443785190582,12,1841,7.95270728767e-06,
2197,triangle,1162,1317,1251,,356611.96393469255,6955001.432937741,54651.04931640625,98.50136832156329,94.23128397992286,48.501368321563305,44.23128397992287,6,1721,1.189207115e-05,
2198,triangle,1166,1923,1266,,358037.0518394646,6947837.756762064,49904.9296875,91.05972037720943,85.89572035974209,41.05972037720944,35.895720359742086,12,1841,7.95270728767e-06,
2199,triangle,1148,1394,1375,,361966.5972489402,6953264.355612065,115045.796875,74.88901064555169,74.76454086474966,24.889010645551696,24.764540864749666,12,1841,7.95270728767e-06,
2200,triangle,1298,2101,337,,360986.17075044475,6948663.863971777,18982.3330078125,77.04738337423737,75.11967944955363,27.047383374237377,25.11967944955362,12,1841,7.95270728767e-06,
2201,triangle,500,2060,499,,355912.5,6954051.493506494,5793.01904296875,77.92541068603256,78.31099722725229,27.925410686032567,28.31099722725229,6,1721,1.189207115e-05,
2202,triangle,1630,1813,1194,,357438.7201947106,6948773.696456605,57320.9013671875,70.27231000333575,69.07444181962914,20.272310003335747,19.074441819629133,12,1841,7.95270728767e-06,
2203,triangle,83,1751,1392,,358571.0827409805,6948572.708863889,16463.177734375,70.83908419113881,72.56005627843332,20.839084191138816,22.56005627843332,12,1841,7.95270728767e-06,
2204,triangle,583,2061,582,,354787.5,6954876.42816742,5785.6689453125,94.59856844882938,95.15855908357709,44.59856844882939,45.158559083577096,6,1721,1.189207115e-05,
2205,triangle,221,1400,220,,361397.3011363636,6953830.823863637,6280.1845703125,26.194670105338094,26.211984216386842,-23.80532989466191,-23.788015783613158,12,1841,7.95270728767e-06,
2206,triangle,251,1401,252,,363334.56198954186,6955446.849404507,5979.44140625,26.436090251147128,28.613165491959936,-23.563909748852872,-21.386834508040064,12,1841,7.95270728767e-06,
2207,triangle,565,1401,566,,363334.56198954186,6955246.849404507,5270.55810546875,39.35582201201524,38.079832031470026,-10.644177987984765,-11.920167968529972,12,1841,7.95270728767e-06,
2208,triangle,1313,2087,1217,,356274.6939746718,6951968.80186868,68399.24072265625,78.44314168687434,81.09689164151337,28.44314168687433,31.096891641513366,65,1681,6.847889881267501e-06,
2209,triangle,1792,1886,1409,,358175.56394123356,6956378.954375646,66610.82958984375,145.24904385447343,139.81213845983348,95.2490438544734,89.81213845983348,6,1721,1.0301352341525715e-05,
2210,triangle,1929,2032,1158,,357965.2510655325,6951007.856659237,118877.3916015625,71.8076985382391,75.91863086733734,21.8076985382391,25.91863086733734,12,1841,7.95270728767e-06,
2211,triangle,1237,1828,1584,,355701.5861746045,6956076.195071158,30498.408203125,98.08344775675123,96.1777917387618,48.08344775675123,46.17779173876179,6,1721,1.189207115e-05,
2212,triangle,1547,1597,1251,,356372.4967280067,6954854.116055249,36864.41845703125,90.37879792909229,88.74684344140974,40.378797929092286,38.746843441409744,6,1721,1.189207115e-05,
2213,triangle,1307,2084,205,,360245.1928135522,6953258.800242003,16945.6640625,33.279985893721715,35.45149459299214,-16.72001410627828,-14.548505407007854,12,1841,7.95270728767e-06,
2214,triangle,1263,1984,685,,355561.42706371186,6955633.18019764,24795.283203125,91.61180289712925,91.0597338483841,41.611802897129245,41.0597338483841,6,1721,1.189207115e-05,
2215,triangle,1808,2088,1623,,365960.628301997,6953836.7849190375,82945.22119140625,131.9096397275962,135.73699429308667,81.90963972759619,85.73699429308664,65,1681,6.32455532034e-06,
2216,triangle,564,1536,1321,,363513.1143643085,6955174.758838247,11522.98046875,41.4714120605966,42.11820801088138,-8.528587939403396,-7.881791989118618,12,1841,7.95270728767e-06,
2217,triangle,416,2125,1759,,362438.7877879107,6951013.290561787,18887.81103515625,95.37589527034905,96.02907552676453,45.37589527034905,46.02907552676453,65,1681,6.32455532034e-06,
2218,triangle,410,1979,1314,,358545.7612920127,6951260.469105213,19829.38720703125,54.511325470308904,55.4393919938737,4.511325470308908,5.439391993873695,12,1841,7.95270728767e-06,
2219,triangle,856,2069,24,,353671.01821292704,6951132.915670663,28652.43017578125,119.63735447218666,118.96932377620595,69.63735447218666,68.96932377620595,65,1681,6.32455532034e-06,
2220,triangle,1154,1603,1220,,363244.05561453785,6954475.044923735,121267.2177734375,61.71407907159601,64.15911475193214,11.714079071596007,14.159114751932144,12,1841,7.95270728767e-06,
2221,triangle,1190,2115,1871,,358943.9446920247,6956830.016094758,47075.12353515625,134.68531881483037,134.06380052379492,84.68531881483037,84.0638005237949,65,1681,6.32455532034e-06,
2222,triangle,1185,2110,1853,,357038.6240077783,6950394.786092207,40785.35888671875,71.19527498026312,67.20326493877803,21.195274980263125,17.203264938778037,12,1841,7.95270728767e-06,
2223,triangle,1231,2138,1418,,358999.1403552109,6946596.498922285,36737.94921875,104.35792357830013,99.58573267154509,54.35792357830013,49.58573267154509,12,1841,7.95270728767e-06,
2224,triangle,1195,1735,1268,,356489.9261541427,6950508.027989603,44868.0234375,71.7876504418396,72.85748512256446,21.787650441839602,22.85748512256446,12,1841,7.95270728767e-06,
2225,triangle,910,1830,46,,364808.6062482718,6952665.063308581,26843.2314453125,168.59785227669514,164.66830735719836,118.59785227669515,114.66830735719834,65,1681,6.32455532034e-06,
2226,triangle,902,1972,901,,362978.98256560246,6951208.092023775,43591.0029296875,118.2109056309638,119.43781210248045,68.2109056309638,69.43781210248045,65,1681,6.32455532034e-06,
2227,triangle,1320,2088,1808,,365739.3064622769,6953792.787932187,65655.197265625,130.82326188380432,135.98689802816713,80.82326188380434,85.98689802816715,65,1681,6.32455532034e-06,
2228,triangle,1594,1985,1174,,354525.0497516038,6955400.348665611,82421.74609375,106.56084607770838,104.74834258194652,56.56084607770838,54.748342581946495,6,1721,1.189207115e-05,
2229,triangle,1897,2020,1209,,363068.12183717586,6956504.33822975,71095.388671875,111.45670290932469,112.49490481366153,61.45670290932469,62.49490481366152,65,1681,6.32455532034e-06,
2230,triangle,37,1968,886,,359870.6840687214,6946798.523993909,37769.4833984375,121.65279598534141,119.51997176940722,71.65279598534141,69.51997176940722,12,1841,7.95270728767e-06,
2231,triangle,1159,1728,1172,,356940.12890483934,6956258.689732704,75896.40625,116.46256971679357,119.6490063536073,66.46256971679358,69.6490063536073,6,1721,1.189207115e-05,
2232,triangle,1778,1899,1790,,357111.8343045029,6949956.335008671,43747.31591796875,59.97465715719143,64.00442856173,9.974657157191434,14.00442856173001,12,1841,7.95270728767e-06,
2233,triangle,763,2003,764,,356263.0434023973,6956460.123253775,5296.4833984375,95.08220200538413,95.4948484414641,45.08220200538414,45.49484844146409,6,1721,1.189207115e-05,
2234,triangle,1601,2059,1168,,364329.0088175952,6955009.5612396365,81652.103515625,95.44663838225529,93.48907711148668,45.44663838225529,43.48907711148667,12,1841,7.836410718575001e-06,
2235,triangle,1797,1819,462,,363707.37377948966,6953226.506490506,26560.513671875,81.37301737492363,83.83636146160966,31.37301737492364,33.83636146160966,65,1681,6.32455532034e-06,
2236,triangle,1786,1902,1245,,357734.9196200999,6957428.627954503,134397.078125,161.2289416981361,154.66039520988917,111.22894169813611,104.66039520988915,65,1681,6.32455532034e-06,
2237,triangle,1682,1884,1311,,358835.8004156184,6951076.146148409,27944.2353515625,66.19647084238494,64.3001868896339,16.19647084238494,14.300186889633897,12,1841,7.95270728767e-06,
2238,triangle,893,2082,1604,,362118.8723415867,6948542.014073358,33325.634765625,121.61605352983236,118.65922580183654,71.61605352983236,68.65922580183654,12,1841,7.95270728767e-06,
2239,triangle,1455,2137,1457,,361807.56040554005,6954088.989727191,15097.32568359375,29.014862730894933,28.970423674082145,-20.985137269105063,-21.029576325917855,12,1841,7.95270728767e-06,
2240,triangle,1398,1478,1235,,359630.3130609601,6951181.8029771065,54017.9775390625,63.028705944537506,61.92669496517712,13.028705944537512,11.92669496517712,12,1841,7.95270728767e-06,
2241,triangle,1226,1461,1234,,363453.9185812801,6955874.21125242,44991.240234375,53.8875372726927,48.67419115425633,3.887537272692701,-1.3258088457436756,12,1841,7.95270728767e-06,
2242,triangle,1207,1904,1659,,360262.9957117814,6948912.36350355,33453.73193359375,78.61410232338784,78.77418263254593,28.614102323387836,28.774182632545934,12,1841,7.95270728767e-06,
2243,triangle,274,2128,2036,,360260.31478732027,6948257.823403291,23224.97216796875,75.84406190281638,77.89059959223357,25.844061902816378,27.89059959223356,12,1841,7.95270728767e-06,
2244,triangle,1362,2106,1178,,360995.70434387674,6950054.09453964,125283.7490234375,93.30728889696425,97.506555344618,43.307288896964245,47.50655534461799,12,1841,7.95270728767e-06,
2245,triangle,1178,2106,1595,,360729.28718795645,6949998.114706074,82530.33251953125,86.58430267521763,88.10776190528505,36.58430267521763,38.10776190528504,12,1841,7.95270728767e-06,
2246,triangle,1388,1992,890,,360685.1262002522,6947928.902831274,67004.47900390625,97.94753773983822,99.0536941994397,47.94753773983823,49.05369419943971,12,1841,7.95270728767e-06,
2247,triangle,107,1433,1262,,356808.9285714286,6948531.31949124,18466.5068359375,59.84905957728223,59.70848655097827,9.849059577282237,9.708486550978273,12,1841,7.95270728767e-06,
2248,triangle,1709,1710,652,,359538.1314741806,6954495.9891485,20324.21435546875,71.14709108360469,74.52332520946345,21.14709108360468,24.52332520946345,65,1681,6.32455532034e-06,
2249,triangle,1369,2138,1815,,358807.6348794066,6946333.068270013,70853.20263671875,100.77718547258073,106.75264887468272,50.77718547258072,56.7526488746827,12,1841,7.95270728767e-06,
2250,triangle,1279,1933,1399,,360914.8878888912,6951675.385449742,59063.03759765625,62.72104360111757,66.18763806285462,12.721043601117564,16.187638062854614,12,1841,7.95270728767e-06,
2251,triangle,1149,1194,1183,,357425.6128282382,6949108.816998924,95075.99072265625,80.39857001891126,78.12547216070664,30.39857001891125,28.125472160706636,12,1841,7.95270728767e-06,
2252,triangle,614,2057,1746,,362174.2949004069,6955396.244313203,20134.24755859375,52.73338991872731,51.436129976131724,2.733389918727309,1.4361299761317283,65,1681,6.7315933121724995e-06,
2253,triangle,1561,1594,1174,,354693.00280655286,6955567.578926503,80308.34033203125,106.87002624347339,102.06253979883536,56.87002624347341,52.06253979883536,6,1721,1.189207115e-05,
2254,triangle,1756,1869,1200,,359220.94384344295,6955089.844360065,28381.31689453125,107.00433205626763,100.95595832601367,57.00433205626763,50.955958326013665,65,1681,6.32455532034e-06,
2255,triangle,217,1795,1598,,361253.3790000351,6953435.374167756,24953.3759765625,32.527757479049725,32.33877444240318,-17.472242520950278,-17.66122555759682,12,1841,7.95270728767e-06,
2256,triangle,312,2144,1665,,359350.0,6950762.5,18984.375,54.716665903727204,52.59166653951009,4.716665903727204,2.5916665395100913,12,1841,7.95270728767e-06,
2257,triangle,1324,2052,40,,361996.7197996203,6949190.17751018,47464.6787109375,98.48846286709902,95.44724737420636,48.48846286709902,45.447247374206334,65,1681,6.6152967430775e-06,
2258,triangle,1801,2077,1349,,361731.2263558881,6955654.0569107225,70774.3212890625,75.15642763349251,88.29605569621583,25.156427633492513,38.296055696215845,65,1681,6.32455532034e-06,
2259,triangle,1673,2097,371,,355132.5,6951125.0,18140.625,83.59333318074547,83.42833442687989,33.59333318074549,33.42833442687988,65,1681,6.32455532034e-06,
2260,triangle,1295,1661,1274,,360034.685993247,6950000.050919466,40871.6865234375,74.4598243638658,70.77535974180076,24.459824363865806,20.775359741800756,12,1841,7.95270728767e-06,
2261,triangle,1415,1932,808,,363960.3658838395,6956379.09940179,64982.458984375,60.370056900150416,70.51312084913808,10.37005690015041,20.513120849138087,12,1841,7.95270728767e-06,
2262,triangle,5,1602,262,,364050.72303561034,6955934.706286587,11805.3671875,32.10010692789349,30.310336288554094,-17.899893072106504,-19.689663711445913,12,1841,7.95270728767e-06,
2263,triangle,1391,2006,858,,353915.225870997,6950376.193004996,45821.7158203125,112.0344884987931,111.14431671747218,62.03448849879309,61.144316717472186,65,1681,6.32455532034e-06,
2264,triangle,540,1773,1772,,364944.42574673984,6954039.384913571,16485.2421875,99.08129365731,100.79783605765643,49.08129365731,50.79783605765642,65,1681,6.32455532034e-06,
2265,triangle,443,1818,1781,,360627.3401701418,6952107.664846376,21066.6806640625,59.93958164735253,54.845779936165435,9.939581647352531,4.8457799361654414,12,1841,7.95270728767e-06,
2266,triangle,685,2173,1263,,355597.3496860435,6955554.770355723,8187.9365234375,91.3099207237227,89.92737773525806,41.309920723722705,39.927377735258055,6,1721,1.189207115e-05,
2267,triangle,1232,2092,1621,,359423.61885001604,6947387.782583893,78858.34912109375,102.72446443516587,99.79468296064069,52.724464435165864,49.79468296064068,12,1841,7.95270728767e-06,
2268,triangle,852,2038,851,,355074.6477568278,6952279.657189126,33481.83056640625,122.62529302677433,124.25154288619017,72.62529302677433,74.25154288619015,65,1681,6.32455532034e-06,
2269,triangle,822,1609,1605,,360249.22067977255,6957014.32030007,55182.5166015625,127.13422678702267,130.85366611165617,77.13422678702267,80.85366611165614,65,1681,6.4408518894350004e-06,
2270,triangle,1422,1923,1331,,358278.87967926706,6947546.893463879,37072.5126953125,82.96304832709467,86.44497807026058,32.96304832709467,36.44497807026057,12,1841,7.95270728767e-06,
2271,triangle,1389,1402,1167,,358806.5260851293,6953176.324903226,62344.03369140625,51.17932704555511,49.823981724226854,1.1793270455551135,-0.1760182757731489,65,1681,6.906038165815001e-06,
2272,triangle,99,1851,100,,357250.9822251995,6948496.58374955,5240.671875,60.15049148785194,60.275306424407994,10.150491487851932,10.27530642440799,12,1841,7.95270728767e-06,
2273,triangle,101,1852,100,,357187.5,6948400.0,5625.0,59.81666628519693,60.25,9.81666628519693,10.25,12,1841,7.95270728767e-06,
2274,triangle,174,1854,175,,358015.3413395256,6952453.661223054,5213.1123046875,38.10009902045432,41.448491236715945,-11.899900979545674,-8.551508763284053,12,1841,7.95270728767e-06,
2275,triangle,183,1961,184,,358696.154283,6952690.643075582,3865.15380859375,37.34755898412019,37.458829631249976,-12.652441015879807,-12.541170368750025,12,1841,7.95270728767e-06,
2276,triangle,214,1855,215,,361014.96455472085,6953510.865210953,4402.66357421875,28.254723683339876,28.388912240869434,-21.745276316660124,-21.611087759130566,12,1841,7.95270728767e-06,
2277,triangle,376,1858,375,,355461.6870961112,6951506.915007919,6402.93798828125,73.51488522667104,74.06047773211402,23.514885226671044,24.060477732114034,65,1681,6.32455532034e-06,
2278,triangle,377,1859,378,,355616.3428646074,6951398.945196872,5743.66552734375,69.76089161258821,70.71413068580652,19.760891612588214,20.714130685806513,65,1681,6.32455532034e-06,
2279,triangle,432,1860,433,,361542.3436457319,6951951.484919309,5792.0537109375,74.44754699347078,72.810560697644,24.44754699347078,22.81056069764399,12,1841,7.95270728767e-06,
2280,triangle,472,1861,473,,362969.0083280041,6953602.342204425,5888.498046875,68.19479017957549,68.77511579717212,18.194790179575506,18.775115797172116,12,1841,7.95270728767e-06,
2281,triangle,498,1863,499,,355830.23997369135,6953953.175831683,5267.71923828125,79.51849927418095,79.88351784278161,29.51849927418096,29.883517842781618,65,1681,8.909473384110715e-06,
2282,triangle,520,1864,521,,357187.5,6953125.0,5625.0,63.2333335876465,64.0,13.2333335876465,14.0,65,1681,6.32455532034e-06,
2283,triangle,545,1865,546,,364539.17636780464,6954194.657668649,5023.9873046875,87.45877536792614,87.42161244325611,37.45877536792614,37.4216124432561,65,1681,6.32455532034e-06,
2284,triangle,590,1867,589,,355301.72839224973,6954874.243647703,5539.91064453125,89.40165846605498,90.1129974150975,39.401658466054975,40.1129974150975,6,1721,1.189207115e-05,
2285,triangle,638,1868,637,,359137.5,6955700.0,5625.0,85.18333562215173,84.75000127156575,35.18333562215172,34.75000127156576,65,1681,6.32455532034e-06,
2286,triangle,722,1871,721,,359062.5,6956600.0,5625.0,111.96666463216145,113.83333333333333,61.966664632161454,63.833333333333336,65,1681,6.32455532034e-06,
2287,triangle,721,1872,722,,359053.0038174216,6956509.836416066,4518.40283203125,115.35748132311798,114.38259739715471,65.35748132311798,64.38259739715471,65,1681,6.32455532034e-06,
2288,triangle,753,1874,752,,357124.55979061854,6956956.137103739,4934.57568359375,121.02314089257223,121.41829663720978,71.02314089257223,71.41829663720978,65,1681,6.32455532034e-06,
2289,triangle,754,1875,755,,356960.8097583081,6957054.980082299,6185.25927734375,118.37419546083534,118.61329487199059,68.37419546083535,68.61329487199059,65,1681,6.32455532034e-06,
2290,triangle,141,1853,142,,356825.0,6950287.5,5625.0,50.78333282470703,54.08333396911621,0.7833328247070371,4.083333969116211,12,1841,7.95270728767e-06,
2291,triangle,328,1856,327,,359048.7888220677,6952006.260519619,5761.25732421875,46.01726045790422,45.63240789333367,-3.9827395420957905,-4.36759210666633,12,1841,7.95270728767e-06,
2292,triangle,329,1857,330,,359150.0,6952162.5,5625.0,44.61666552225753,43.25,-5.383334477742471,-6.75,12,1841,7.95270728767e-06,
2293,triangle,333,1962,332,,358998.8006299459,6952385.593242399,2947.4287109375,35.87268978356656,35.89576258663806,-14.127310216433447,-14.104237413361938,12,1841,7.95270728767e-06,
2294,triangle,480,1862,481,,362507.3751259308,6953885.258812569,3642.201171875,41.523561729775075,41.562259716619145,-8.476438270224934,-8.437740283380853,12,1841,7.95270728767e-06,
2295,triangle,551,1866,552,,364244.36010588874,6954400.850841767,4990.51171875,87.60383742005719,85.01636712826776,37.60383742005719,35.01636712826777,65,1681,6.32455532034e-06,
2296,triangle,645,1869,646,,359433.3491204918,6955089.620622866,4685.7236328125,73.91816606359495,74.27721874720956,23.918166063594956,24.277218747209556,65,1681,6.32455532034e-06,
2297,triangle,646,1870,645,,359525.0,6955087.5,5625.0,76.40000025431321,76.85000101725261,26.400000254313216,26.850001017252605,65,1681,6.32455532034e-06,
2298,triangle,738,1373,737,,355921.5553868581,6956274.699894771,5237.48095703125,92.22609939608625,92.09842406626468,42.22609939608626,42.09842406626469,6,1721,1.189207115e-05,
2299,triangle,743,1873,742,,356141.02767672593,6955899.213818087,4615.61328125,86.0298512016038,86.42306312317898,36.0298512016038,36.423063123178984,6,1721,1.189207115e-05,
2300,triangle,765,1373,766,,356121.5553868581,6956274.699894771,6012.5185546875,91.01683634851045,91.49842304901209,41.01683634851045,41.49842304901208,6,1721,1.189207115e-05,
2301,triangle,1385,2080,1612,,355683.24779089115,6956956.383996278,25237.58349609375,117.15344596124382,118.83563182428742,67.15344596124383,68.83563182428743,65,1681,7.318754575636428e-06,
2302,triangle,1261,1725,1170,,364658.07018981595,6953655.895956372,65887.6494140625,130.1420423142741,125.5508484636948,80.14204231427412,75.5508484636948,65,1681,6.32455532034e-06,
2303,triangle,1675,2097,1187,,355383.0225840578,6951091.84872565,31723.67822265625,86.27342638503478,86.97515153019869,36.27342638503478,36.975151530198694,65,1681,6.32455532034e-06,
2304,triangle,827,2055,12,,358560.0671075838,6957641.344490188,34368.89013671875,171.93090762424558,171.2043666998153,121.93090762424558,121.20436669981531,65,1681,6.32455532034e-06,
2305,triangle,862,2012,1892,,354863.289979421,6949341.72093498,37801.3681640625,117.12206792658213,118.63635221847751,67.12206792658212,68.63635221847751,12,1841,7.72011414948e-06,
2306,triangle,1186,1489,1228,,358755.66690962104,6952189.777696793,60587.6455078125,55.697931079348976,53.67599606555663,5.697931079348974,3.675996065556633,12,1841,7.95270728767e-06,
2307,triangle,1181,1564,1237,,355384.61911645834,6956038.466528346,59996.7294921875,104.27668802323984,102.13594654114645,54.27668802323986,52.13594654114646,6,1721,1.189207115e-05,
2308,triangle,904,2076,903,,362826.5150670313,6952014.793736237,29216.6259765625,118.13055113400563,117.15083586546955,68.13055113400561,67.15083586546955,65,1681,6.32455532034e-06,
2309,triangle,1157,1280,1257,,360999.674433612,6952756.93478521,89805.376953125,64.8556030820454,57.15618757234338,14.85560308204541,7.156187572343363,12,1841,7.95270728767e-06,
2310,triangle,661,2089,1299,,359502.1332184142,6954062.394778345,21025.60595703125,76.19470493824414,68.75851785324953,26.194704938244136,18.758517853249526,65,1681,6.32455532034e-06,
2311,triangle,867,2094,866,,355744.40387774474,6947714.879077319,34694.53662109375,73.10310387434131,73.57167512208093,23.10310387434133,23.571675122080933,12,1841,7.95270728767e-06,
2312,triangle,1759,1972,1278,,362673.47320986073,6951166.7906486625,39660.74658203125,104.60400352136571,105.10242062788194,54.6040035213657,55.10242062788193,65,1681,6.32455532034e-06,
2313,triangle,542,1954,1848,,364813.7281769509,6954229.736127153,11331.0458984375,95.2185917039462,96.87930177721684,45.2185917039462,46.879301777216845,65,1681,6.32455532034e-06,
2314,triangle,1315,2068,430,,361767.41883116885,6951789.561688311,10490.259765625,87.77064672484912,90.27651844012168,37.77064672484912,40.276518440121684,12,1841,7.95270728767e-06,
2315,triangle,1213,1882,1173,,357617.3458484812,6953681.389097429,118387.4208984375,99.87539308121394,97.01841739997936,49.87539308121394,47.01841739997934,65,1681,6.32455532034e-06,
2316,triangle,895,2052,1604,,362073.9984443265,6948907.041114016,58331.59423828125,98.27383652126372,99.9468815196498,48.273836521263725,49.946881519649814,65,1681,6.4408518894350004e-06,
2317,triangle,1155,1417,1186,,358405.9913338896,6951763.858283286,98722.7412109375,63.516016001961106,61.95828584170015,13.516016001961104,11.958285841700153,12,1841,7.95270728767e-06,
2318,triangle,479,1876,1837,,362343.66340019164,6953753.413882443,18982.1015625,53.266128475587855,51.17347784172938,3.2661284755878546,1.1734778417293825,12,1841,7.95270728767e-06,
2319,triangle,1468,1821,275,,360230.53757735394,6948502.913363158,8745.40673828125,79.11195398366962,77.95502905547853,29.111953983669615,27.95502905547853,12,1841,7.95270728767e-06,
2320,triangle,1272,1804,1178,,360808.49874833575,6949580.34861596,63570.5693359375,90.6357408510209,86.62618132019902,40.63574085102089,36.626181320199045,12,1841,7.95270728767e-06,
2321,triangle,1750,1970,1245,,358077.80086513516,6957692.673413551,59615.1259765625,174.90767293710542,171.13853489199047,124.90767293710542,121.13853489199043,65,1681,6.32455532034e-06,
2322,triangle,1157,1795,1254,,361111.153000246,6953147.619174298,46501.79443359375,38.248199251916226,40.94882953053298,-11.751800748083774,-9.051170469467014,12,1841,7.95270728767e-06,
2323,triangle,1788,2025,1169,,362350.59819787444,6956178.623564375,61933.52099609375,114.04602976743361,109.84594570824824,64.04602976743361,59.84594570824825,65,1681,6.32455532034e-06,
2324,triangle,917,1887,50,,367556.5568467229,6953726.488096063,28999.08349609375,172.06299901592524,170.96113400727356,122.06299901592521,120.96113400727359,65,1681,6.32455532034e-06,
2325,triangle,1801,2093,1620,,361305.8375624901,6955684.47120026,97329.2392578125,111.71588070709231,123.26380376351271,61.71588070709231,73.26380376351273,65,1681,6.32455532034e-06,
2326,triangle,1247,1465,1463,,356726.1004593275,6948017.7896752255,27856.25634765625,63.6115467138676,62.77628486737933,13.6115467138676,12.776284867379331,12,1841,7.95270728767e-06,
2327,triangle,1368,1967,1902,,357771.09511319274,6956865.595010418,82121.962890625,136.52231226878038,136.42409182218955,86.52231226878038,86.42409182218955,65,1681,6.32455532034e-06,
2328,triangle,1247,1755,1184,,357030.32303663547,6947850.77997682,69202.33251953125,72.0155968237681,72.31949497148933,22.015596823768103,22.319494971489338,12,1841,7.95270728767e-06,
2329,triangle,1923,2108,1266,,358209.986013134,6947770.599899319,29612.6904296875,85.61305568905802,85.07157850912266,35.61305568905801,35.07157850912265,12,1841,7.95270728767e-06,
2330,triangle,1158,2090,1739,,357851.4536800902,6950536.611849211,149796.3037109375,88.2483497875774,84.41754238107778,38.248349787577396,34.41754238107777,12,1841,7.95270728767e-06,
2331,triangle,56,2078,57,,359291.65105491056,6946615.756710558,4685.744140625,93.01427029100236,93.03302717512851,43.01427029100236,43.03302717512852,12,1841,7.95270728767e-06,
2332,triangle,1255,2010,1965,,361926.32481311896,6954998.911587964,32143.26708984375,49.08906028161606,47.709493352284255,-0.9109397183839414,-2.2905066477157416,12,1841,7.95270728767e-06,
2333,triangle,824,2049,1748,,359486.05910690274,6957399.928920425,52167.0498046875,140.58812533410858,141.20950856696666,90.58812533410858,91.20950856696668,65,1681,7.0804830194575e-06,
2334,triangle,849,2015,848,,354566.6444606174,6953305.853617645,27367.4912109375,113.83693701840446,113.98058970519621,63.83693701840445,63.980589705196195,65,1681,6.32455532034e-06,
2335,triangle,1199,1936,1742,,356805.91713923455,6957821.024966781,68398.001953125,160.399939055585,163.9260750848553,110.39993905558501,113.9260750848553,65,1681,6.32455532034e-06,
2336,triangle,1779,2028,2013,,362373.4614864265,6949831.204184979,63088.3173828125,100.77430483654217,101.79657583829618,50.77430483654217,51.79657583829617,65,1681,6.32455532034e-06,
2337,triangle,1202,1847,1375,,361860.49325445574,6953697.51963979,46585.57861328125,46.55777115926153,47.908428813637755,-3.442228840738474,-2.091571186362244,12,1841,7.95270728767e-06,
2338,triangle,250,1836,568,,363162.5,6955375.0,8437.5,27.89999983045789,24.733333587646484,-22.100000169542113,-25.266666412353516,12,1841,7.95270728767e-06,
2339,triangle,826,2050,825,,359083.9101008105,6957522.912205763,30167.884765625,161.1883808379452,161.28273002022055,111.1883808379452,111.28273002022058,65,1681,6.789741596720001e-06,
2340,triangle,731,2080,732,,355798.9632642998,6956776.0367356995,8670.76513671875,104.44224760298417,107.25631824464847,54.44224760298416,57.25631824464847,6,1721,1.189207115e-05,
2341,triangle,1275,1994,1758,,359517.532085422,6951764.489366391,56235.48486328125,56.39437376784639,54.81918322241487,6.394373767846384,4.8191832224148685,12,1841,7.95270728767e-06,
2342,triangle,517,1822,1529,,356960.14638354746,6953095.349573272,11255.49560546875,71.22230315388849,71.80379709580035,21.222303153888475,21.80379709580035,65,1681,6.32455532034e-06,
2343,triangle,1300,1626,67,,358819.9569438314,6947191.161571081,18497.5859375,88.96629500295592,87.921162715962,38.96629500295592,37.921162715962,12,1841,7.95270728767e-06,
2344,triangle,1313,1678,394,,356625.0,6951875.0,18281.25,64.03333409627281,61.90833346048991,14.033334096272807,11.908333460489908,12,1841,7.95270728767e-06,
2345,triangle,1293,1723,766,,356290.1548951121,6956243.691079646,18119.2763671875,94.00435633167282,94.38683271479526,44.00435633167283,44.38683271479527,6,1721,1.189207115e-05,
2346,triangle,163,1641,1306,,357203.49131726247,6951684.285323388,19340.12109375,60.220429811223774,54.38927404751604,10.220429811223774,4.3892740475160394,12,1841,7.95270728767e-06,
2347,triangle,413,1485,1276,,358893.21822478995,6951604.996060924,21031.7099609375,51.91491808429396,49.73538812549114,1.914918084293954,-0.264611874508858,12,1841,7.95270728767e-06,
2348,triangle,1777,2016,1170,,364286.52669809136,6953640.811932723,82533.41796875,105.36928352974552,102.89943311570674,55.36928352974553,52.899433115706735,65,1681,6.32455532034e-06,
2349,triangle,1796,1817,364,,354461.24785688013,6950938.752143119,27093.43701171875,103.83063956109228,102.09630615315162,53.830639561092276,52.09630615315163,65,1681,6.32455532034e-06,
2350,triangle,1766,1946,181,,358480.953015171,6952796.669473849,7080.73779296875,43.622921881501114,42.51220023599585,-6.377078118498885,-7.4877997640041505,12,1841,7.95270728767e-06,
2351,triangle,1612,2034,836,,355678.32552013994,6957378.5347120315,60678.4326171875,128.65987222724198,136.36160109122744,78.65987222724199,86.36160109122744,65,1681,6.32455532034e-06,
2352,triangle,365,1907,1796,,354605.38493642444,6951052.094476856,27499.7939453125,94.39605433363845,94.93516998439607,44.39605433363846,44.935169984396076,65,1681,6.32455532034e-06,
2353,triangle,1518,1800,466,,363253.525638507,6953172.103428935,13235.7119140625,72.62019254227134,74.32067380595679,22.62019254227135,24.320673805956783,65,1681,6.32455532034e-06,
2354,triangle,1287,1791,1176,,359745.3281952752,6955483.420695866,46726.33984375,125.93195365485903,121.10120331943398,75.93195365485904,71.10120331943396,65,1681,6.32455532034e-06,
2355,triangle,392,1393,393,,356773.4422019676,6951758.894675925,7261.5966796875,56.89740504067557,56.587831071922814,6.897405040675573,6.5878310719228095,12,1841,7.95270728767e-06,
2356,triangle,83,1392,84,,358482.32456140354,6948606.384015595,7167.21484375,68.8172294136532,68.66984053025833,18.8172294136532,18.66984053025833,12,1841,7.95270728767e-06,
2357,triangle,203,2084,1329,,360058.0094648339,6953131.053035166,24127.8583984375,34.3373384384662,35.41751760129218,-15.662661561533799,-14.58248239870782,12,1841,7.95270728767e-06,
2358,triangle,595,1347,1319,,355723.9583333333,6955015.104166667,19716.796875,87.68793704849715,87.09817751469434,37.68793704849715,37.098177514694356,6,1721,1.189207115e-05,
2359,triangle,142,1735,1339,,356667.3342980552,6950326.562085192,18607.923828125,54.68170268342088,54.81277905284043,4.681702683420874,4.812779052840437,12,1841,7.95270728767e-06,
2360,triangle,70,1627,1301,,358789.7321428571,6947525.446428572,17527.90185546875,85.57492981152085,84.93035734268109,35.57492981152085,34.9303573426811,12,1841,7.95270728767e-06,
2361,triangle,1305,1636,132,,356274.938288132,6949647.337527516,18147.82958984375,61.06398899426663,60.46472592326611,11.063988994266632,10.464725923266107,12,1841,7.95270728767e-06,
2362,triangle,1813,2134,1431,,357720.38083090377,6948761.504311737,10895.34765625,72.30950717123025,70.46694994587939,22.309507171230244,20.466949945879396,12,1841,7.95270728767e-06,
2363,triangle,1710,2047,651,,359636.24189567874,6954619.535888199,16194.40234375,85.20608975294115,82.02318558012323,35.20608975294116,32.023185580123226,65,1681,6.32455532034e-06,
2364,triangle,1688,1971,1517,,363466.53915071953,6953423.886465096,12046.57470703125,84.59173410473517,82.18791399598662,34.59173410473518,32.18791399598662,65,1681,6.32455532034e-06,
2365,triangle,1154,1608,1222,,362939.0734520199,6954144.231341547,60515.03955078125,60.326542060783844,62.339525204010705,10.326542060783842,12.339525204010705,12,1841,7.95270728767e-06,
2366,triangle,290,1472,1273,,360175.0,6949450.0,16875.0,61.833333333333286,60.691667556762695,11.833333333333282,10.691667556762695,12,1841,7.95270728767e-06,
2367,triangle,394,1502,1313,,356675.63775510207,6951951.9132653065,14851.72216796875,64.35154974339443,62.80512295152815,14.351549743394429,12.805122951528148,12,1841,7.95270728767e-06,
2368,triangle,1289,1564,1181,,355212.8536675892,6956087.094774677,50737.5576171875,108.27034678269463,104.66956029963667,58.27034678269464,54.669560299636665,6,1721,1.189207115e-05,
2369,triangle,1175,1612,1241,,356062.9250008141,6957227.99911748,112520.37109375,136.71064400192625,133.09868521866687,86.71064400192625,83.09868521866689,65,1681,8.114113979873571e-06,
2370,triangle,391,1501,1361,,356637.8054082962,6951589.433128719,14350.232421875,66.28548960228466,61.838098465417595,16.28548960228466,11.838098465417593,12,1841,7.95270728767e-06,
2371,triangle,927,1916,926,,365759.9391139213,6955772.116452943,67503.4873046875,95.9462503208963,88.76955649166507,45.94625032089629,38.769556491665064,65,1681,6.32455532034e-06,
2372,triangle,156,2102,155,,356800.78125,6951337.5,5537.109375,47.28437501192093,46.622396091620125,-2.715624988079071,-3.377603908379873,12,1841,7.95270728767e-06,
2373,triangle,636,2103,635,,356143.86205589236,6955021.503771295,4934.4814453125,82.47499148366599,82.21444408079178,32.47499148366599,32.21444408079178,6,1721,1.189207115e-05,
2374,triangle,733,2098,734,,355675.78125,6956587.5,5537.109375,99.22499895095825,99.3057268857956,49.22499895095825,49.30572688579559,6,1721,1.189207115e-05,
2375,triangle,105,2099,104,,356888.36189414066,6948332.640755094,4765.4150390625,59.422566487110835,59.540891005100434,9.422566487110835,9.540891005100434,12,1841,7.95270728767e-06,
2376,triangle,215,2100,214,,361013.8159848777,6953594.825776768,5042.89990234375,28.019117925438355,28.063654511774867,-21.98088207456165,-21.936345488225133,12,1841,7.95270728767e-06,
2377,triangle,337,2101,336,,361087.5,6948700.78125,5537.109375,72.89531254768372,73.0567733446757,22.895312547683716,23.0567733446757,12,1841,7.95270728767e-06,
2378,triangle,1253,1800,1518,,363171.1423091398,6953046.217709322,30863.88525390625,77.8478187289152,79.80286643096473,27.847818728915193,29.80286643096473,65,1681,6.32455532034e-06,
2379,triangle,1194,1813,1183,,357537.5,6948945.192307692,46838.9423828125,74.1277759421469,74.28012818556608,24.127775942146897,24.28012818556608,12,1841,7.95270728767e-06,
2380,triangle,516,2073,1822,,356827.71806326625,6953094.494834692,14805.0625,72.60850255403629,75.21115374670374,22.608502554036296,25.21115374670374,65,1681,6.32455532034e-06,
2381,triangle,1228,1646,1374,,358515.4055840007,6952475.867627934,37250.1572265625,54.67623693056282,51.9505127592908,4.676236930562821,1.9505127592907938,12,1841,7.95270728767e-06,
2382,triangle,1210,1537,1527,,356788.97840272816,6953762.324935262,27929.88427734375,93.04117533990068,87.60960681767271,43.041175339900676,37.609606817672706,65,1681,6.32455532034e-06,
2383,triangle,2093,2127,8,,361461.6909548328,6956107.96915663,49120.44970703125,142.14666393926788,140.03717985808237,92.14666393926788,90.03717985808238,65,1681,6.32455532034e-06,
2384,triangle,1301,1421,70,,358749.9979993755,6947610.125957313,18049.7080078125,84.42334139061893,84.33045142099577,34.42334139061893,34.33045142099578,12,1841,7.95270728767e-06,
2385,triangle,132,1438,1305,,356313.81318961555,6949718.178149077,10709.00341796875,60.289339319791516,60.40197484631682,10.289339319791514,10.401974846316822,12,1841,7.95270728767e-06,
2386,triangle,305,1956,304,,359522.475132769,6950295.16934356,3096.5478515625,53.87712166196514,53.56239413098831,3.877121661965141,3.562394130988304,12,1841,7.95270728767e-06,
2387,triangle,434,1953,433,,361462.5,6951850.920758928,5521.4140625,65.22535431740177,67.5369623175782,15.225354317401763,17.5369623175782,12,1841,7.95270728767e-06,
2388,triangle,540,1954,541,,364911.5692039353,6954178.982473527,3260.5283203125,94.19769172204643,94.25044536636769,44.19769172204642,44.25044536636769,65,1681,6.32455532034e-06,
2389,triangle,623,1955,622,,356888.2177032642,6955460.881059416,4400.880859375,95.25116877095925,95.33378761618684,45.25116877095925,45.33378761618684,6,1721,1.189207115e-05,
2390,triangle,222,1400,221,,361447.3011363636,6953855.823863637,6583.806640625,26.11783956048157,26.111984470699994,-23.88216043951843,-23.888015529300006,12,1841,7.95270728767e-06,
2391,triangle,250,1401,251,,363284.56198954186,6955421.849404507,7055.166015625,24.859322033281234,29.246499333919573,-25.140677966718762,-20.753500666080427,12,1841,7.95270728767e-06,
2392,triangle,117,2126,1774,,355888.4937634599,6948523.93806987,16566.6708984375,60.6457841759275,62.498522267920826,10.645784175927508,12.498522267920832,12,1841,7.95270728767e-06,
2393,triangle,243,1803,1336,,362923.73263888893,6955098.489583333,19841.517578125,26.50327344750996,26.01206418609472,-23.49672655249004,-23.987935813905278,12,1841,7.95270728767e-06,
2394,triangle,1761,1987,1285,,354754.0135535016,6954428.0412709415,31224.57080078125,105.14874584500167,105.26872955281907,55.14874584500167,55.26872955281906,6,1721,1.189207115e-05,
2395,triangle,95,2134,1813,,357646.297603863,6948713.925460703,10819.74365234375,67.67627998481487,67.44630895953918,17.676279984814865,17.44630895953918,12,1841,7.95270728767e-06,
2396,triangle,1395,2128,1821,,360012.45137366065,6948390.719611049,42517.40576171875,86.85064901773185,85.9098559988135,36.85064901773186,35.90985599881349,12,1841,7.95270728767e-06,
2397,triangle,1619,1701,574,,357027.6244111967,6954039.3702895,15793.4794921875,82.6979596702718,82.32950159171655,32.69795967027181,32.32950159171656,65,1681,6.32455532034e-06,
2398,triangle,1248,1771,1177,,356336.2519223857,6951181.766613536,44087.1953125,79.2854624688505,74.03631093208804,29.285462468850486,24.036310932088046,12,1841,7.6619658649325e-06,
2399,triangle,1271,1403,201,,360122.39229024947,6952818.707482994,19286.51123046875,40.54921861836765,38.32895338422325,-9.450781381632355,-11.671046615776751,12,1841,7.95270728767e-06,
2400,triangle,482,1862,1841,,362555.46037737565,6953991.709531679,13181.337890625,41.77567264721073,42.53180148713043,-8.224327352789267,-7.468198512869573,12,1841,7.95270728767e-06,
2401,triangle,1164,1764,1292,,358691.9462660908,6956233.059314832,36311.10009765625,135.0037799622151,129.4170285645622,85.00377996221512,79.4170285645622,6,1721,9.307153086229285e-06,
2402,triangle,1994,2074,1205,,359726.4286971528,6952071.0865077255,71187.32177734375,49.834788093937114,50.633889641380414,-0.16521190606288452,0.6338896413804086,12,1841,7.95270728767e-06,
2403,triangle,544,1943,543,,364684.95588143356,6954121.365308578,3221.40283203125,89.82881327863221,90.18637433999402,39.82881327863221,40.18637433999402,65,1681,6.32455532034e-06,
2404,triangle,9,2002,820,,361094.13020800083,6956908.118836,20710.30615234375,138.21625981331442,138.4772533769728,88.21625981331442,88.4772533769728,65,1681,6.32455532034e-06,
2405,triangle,1203,1719,1578,,359207.9338384339,6956304.22398151,29691.484375,118.50561115973177,114.20657252014318,68.50561115973176,64.20657252014318,65,1681,6.32455532034e-06,
2406,triangle,1593,2085,1163,,361421.93113634194,6951314.692737141,81830.6943359375,85.34468081494308,90.73027141697929,35.344680814943075,40.730271416979285,12,1841,7.95270728767e-06,
2407,triangle,1308,1364,233,,362174.6154461683,6954367.949058955,21897.34521484375,36.86981704729636,33.3069730574807,-13.130182952703645,-16.693026942519307,12,1841,7.95270728767e-06,
2408,triangle,67,2119,1300,,358739.7983807575,6947233.492307272,13681.6953125,86.88998027485243,87.61932424249495,36.889980274852434,37.61932424249496,12,1841,7.95270728767e-06,
2409,triangle,481,1911,1876,,362383.24685967714,6953939.010928868,13628.3935546875,40.55779488564475,44.06721620312285,-9.442205114355243,-5.93278379687715,12,1841,7.95270728767e-06,
2410,triangle,1203,1764,1164,,358828.9217908041,6956166.246335823,62680.79296875,134.4891149830097,127.26511907322102,84.48911498300967,77.26511907322102,65,1681,8.511793681992141e-06,
2411,triangle,887,2009,1770,,360023.7069407856,6947247.711821864,57744.8759765625,116.30473331552946,114.50450140839085,66.30473331552946,64.50450140839084,12,1841,7.95270728767e-06,
2412,triangle,1152,1849,1753,,365071.96180613077,6955205.9862082,177177.90087890625,71.31251364141323,68.92746937165924,21.312513641413236,18.927469371659246,65,1681,6.32455532034e-06,
2413,triangle,186,1939,185,,358840.0190473269,6952750.838686501,2906.85205078125,34.26024868966222,34.28970410459312,-15.73975131033778,-15.710295895406878,12,1841,7.95270728767e-06,
2414,triangle,1747,2024,1397,,366276.8468787653,6955118.763441267,87743.2734375,109.83284842936592,110.99143948389775,59.832848429365924,60.99143948389775,65,1681,6.32455532034e-06,
2415,triangle,1294,2096,1805,,354996.5856060222,6950176.694257033,70268.037109375,131.26060130363757,128.84559409084716,81.26060130363757,78.84559409084714,65,1681,6.32455532034e-06,
2416,triangle,1392,1959,342,,358626.6228954589,6948747.909360069,16263.875,71.91600756596888,72.67329619188503,21.91600756596888,22.673296191885033,12,1841,7.95270728767e-06,
2417,triangle,663,2089,662,,359542.4538352974,6953920.460930943,7077.9111328125,50.776178134852955,52.90266759203302,0.7761781348529571,2.9026675920330156,65,1681,6.32455532034e-06,
2418,triangle,1351,1828,1263,,355817.1735740518,6955847.455224241,32411.37109375,92.94481732797814,92.16087539235163,42.94481732797815,42.16087539235164,6,1721,1.189207115e-05,
2419,triangle,151,2045,152,,356962.8072762508,6951040.363626557,4253.318359375,50.67920110122451,49.9379348653604,0.6792011012245096,-0.06206513463960898,12,1841,7.95270728767e-06,
2420,triangle,1789,1871,723,,359150.0,6956688.461538461,17740.384765625,118.30256594138451,119.5987179096051,68.30256594138453,69.59871790960511,65,1681,6.32455532034e-06,
2421,triangle,644,1870,1791,,359586.8504003822,6955200.021784636,18879.65625,93.60971874297384,92.60486768085546,43.60971874297384,42.604867680855456,65,1681,6.32455532034e-06,
2422,triangle,1790,1853,140,,356901.07460969005,6950187.043758333,18565.2451171875,57.4151583023132,55.91041089661085,7.415158302313203,5.910410896610856,12,1841,7.95270728767e-06,
2423,triangle,487,1958,488,,362509.5071456915,6954411.537845879,3882.0537109375,32.96756272072553,32.764434335546035,-17.03243727927447,-17.23556566445397,12,1841,7.95270728767e-06,
2424,triangle,585,2062,584,,354937.5,6954873.500721049,5456.3310546875,93.3663639685359,92.91201645587653,43.36636396853589,42.91201645587652,6,1721,1.189207115e-05,
2425,triangle,2054,2139,359,,359882.5719055349,6950521.840321723,19497.28369140625,63.96764839871288,63.71062436997253,13.967648398712889,13.710624369972528,12,1841,7.95270728767e-06,
2426,triangle,28,2012,862,,354683.2760824671,6949325.335362573,29772.7255859375,126.79453054129887,125.70681464063834,76.79453054129887,75.70681464063831,12,1841,7.6619658649325e-06,
2427,triangle,1375,2095,1598,,361591.0446921233,6953533.955307876,54250.4775390625,43.991438477101276,43.61581050823441,-6.008561522898723,-6.384189491765583,12,1841,7.95270728767e-06,
2428,triangle,186,1782,187,,358934.3377976191,6952702.604166667,2519.53125,34.0898605497295,33.89052624929502,-15.910139450270496,-16.10947375070498,12,1841,7.95270728767e-06,
2429,triangle,99,1926,98,,357334.5238095238,6948418.532509158,3540.0927734375,60.40164037646745,60.5056725285286,10.401640376467444,10.505672528528594,12,1841,7.95270728767e-06,
2430,triangle,405,1974,404,,357487.5,6952473.4375,5449.21875,44.767707864443445,44.392708818117775,-5.232292135556562,-5.607291181882222,12,1841,7.95270728767e-06,
2431,triangle,1413,1898,1505,,362130.5188962924,6950957.957036202,37175.626953125,97.16329842495063,97.31743616323057,47.16329842495062,47.31743616323056,65,1681,6.32455532034e-06,
2432,triangle,1765,1986,1411,,357889.7891283255,6954674.0597690875,152147.568359375,107.65782224153385,104.02500893102302,57.657822241533864,54.025008931023024,6,1721,1.010251249046643e-05,
2433,triangle,1182,1694,1328,,357988.33707089926,6953010.168327724,58431.51025390625,60.23195501418012,55.785957746460326,10.231955014180127,5.785957746460326,65,1681,6.3827036048875e-06,
2434,triangle,1315,1593,1163,,361621.02006274974,6951467.004016306,58102.50146484375,94.9368766530817,95.1804140448679,44.93687665308171,45.180414044867895,12,1841,7.778262434027501e-06,
2435,triangle,1607,2051,1260,,357329.3046088353,6951180.062144843,45155.59716796875,69.28000690419726,67.71349896461766,19.280006904197265,17.71349896461766,12,1841,7.95270728767e-06,
2436,triangle,1733,2101,1592,,361165.49365665927,6948513.143906741,24384.2294921875,82.12726573993078,81.2361237395617,32.12726573993079,31.23612373956171,12,1841,7.95270728767e-06,
2437,triangle,1169,1746,1600,,362443.79161293554,6955666.9697165815,93001.49462890625,51.94450790335632,55.059036516025856,1.944507903356317,5.059036516025856,65,1681,6.32455532034e-06,
2438,triangle,1398,1994,1275,,359596.11049255164,6951592.725911767,57532.07666015625,53.8957813448564,55.78226715364723,3.8957813448564074,5.782267153647232,12,1841,7.95270728767e-06,
2439,triangle,121,2130,1732,,355754.29846938775,6949045.701530613,16796.07763671875,59.505956959666214,60.9139061106955,9.50595695966621,10.913906110695498,12,1841,7.95270728767e-06,
2440,triangle,839,1908,838,,354736.47230351315,6956545.942243303,69651.51513671875,118.85576437913014,117.21591394487785,68.85576437913014,67.21591394487785,6,1721,1.189207115e-05,
2441,triangle,1214,1756,1200,,359125.0947229511,6954987.723737198,51033.88720703125,116.32331992591071,106.9954071355668,66.3233199259107,56.9954071355668,65,1681,6.32455532034e-06,
2442,triangle,202,1403,203,,360139.2573696145,6952955.463435374,6614.31787109375,31.866461923683424,33.13623601327104,-18.13353807631658,-16.863763986728966,12,1841,7.95270728767e-06,
2443,triangle,237,1404,236,,362325.0,6954750.0,8437.5,23.700000762939453,24.200000127156574,-26.299999237060547,-25.799999872843426,12,1841,7.95270728767e-06,
2444,triangle,1197,1286,1281,,355443.7509762395,6954375.394998559,45266.8310546875,96.08749873086416,96.40265958656767,46.08749873086415,46.402659586567665,6,1721,1.189207115e-05,
2445,triangle,1280,1687,1257,,360806.2967748363,6952601.661848997,64472.40771484375,60.5129168604945,56.79926648342242,10.512916860494505,6.799266483422412,12,1841,7.95270728767e-06,
2446,triangle,35,2081,882,,359073.425267403,6945543.259668832,25314.9482421875,133.11813873668638,131.62856443010844,83.11813873668638,81.62856443010844,18,2041,4.30886938006e-06,
2447,triangle,1614,2120,1338,,356394.9404761905,6949337.202380952,15301.33935546875,78.28679084044754,75.38003679989872,28.286790840447534,25.380036799898708,12,1841,7.95270728767e-06,
2448,triangle,505,1396,504,,356316.0714285714,6953919.642857143,6830.357421875,75.4090121651963,75.83741358023224,25.40901216519631,25.837413580232248,65,1681,6.32455532034e-06,
2449,triangle,548,2123,1777,,364316.72776147333,6954055.868645392,17311.16162109375,88.46934551100715,90.3129797394658,38.46934551100715,40.31297973946581,65,1681,6.32455532034e-06,
2450,triangle,1225,1996,1464,,356334.2601259944,6948056.972519572,23829.3134765625,65.1090913170569,65.72999733504365,15.109091317056896,15.729997335043644,12,1841,7.95270728767e-06,
2451,triangle,34,2023,878,,358206.53077128396,6946481.844173212,27366.6064453125,123.19874527345762,122.39473067078148,73.19874527345762,72.39473067078148,12,1841,7.95270728767e-06,
2452,triangle,139,2029,1778,,356821.076914012,6949966.973123949,21241.5732421875,63.46514038598358,59.20460318585403,13.465140385983581,9.204603185854035,12,1841,7.95270728767e-06,
2453,triangle,1257,1687,1686,,360834.8272616092,6952398.768782613,42651.8818359375,56.54200702151612,56.46363345400013,6.542007021516124,6.463633454000127,12,1841,7.95270728767e-06,
2454,triangle,123,1634,1303,,355985.12320037605,6948926.915985483,17567.5400390625,65.57893877020035,63.85247732564674,15.578938770200343,13.85247732564675,12,1841,7.95270728767e-06,
2455,triangle,1203,1827,1719,,359242.479212028,6956162.614418928,44788.55419921875,115.9581157303713,110.4075829921287,65.95811573037129,60.4075829921287,65,1681,6.32455532034e-06,
2456,triangle,1532,1969,1320,,365342.0862938536,6953672.788983945,49389.18798828125,142.24360869566124,139.42918573678642,92.24360869566124,89.42918573678641,65,1681,6.32455532034e-06,
2457,triangle,595,1545,1346,,355730.6174904923,6954807.425044754,15275.349609375,87.66245443156994,87.4590154505301,37.66245443156994,37.4590154505301,6,1721,1.189207115e-05,
2458,triangle,371,2097,1675,,355235.06532300723,6951166.168590707,19042.51220703125,81.91269218726994,81.896250407387,31.912692187269947,31.896250407386997,65,1681,6.32455532034e-06,
2459,triangle,1153,1726,1383,,356332.74761936924,6952923.267219276,64739.52197265625,102.77119152190639,99.91229906158391,52.77119152190637,49.912299061583916,65,1681,6.32455532034e-06,
2460,triangle,1779,1966,1221,,362532.28622062877,6950188.164065857,88006.1376953125,117.77868934704817,113.06513188770748,67.77868934704817,63.06513188770749,65,1681,6.32455532034e-06,
2461,triangle,1221,2028,1779,,362326.7240722094,6950052.01948719,106834.921875,109.17534447421899,104.88681672552502,59.17534447421899,54.886816725525,65,1681,6.32455532034e-06,
2462,triangle,1328,1446,177,,358104.06883033126,6952704.050923008,20597.951171875,41.352171023631925,42.028789148794395,-8.647828976368077,-7.971210851205605,12,1841,7.95270728767e-06,
2463,triangle,1806,1812,758,,356581.562794437,6956839.510974873,23405.26953125,120.19919488674898,117.4404780380808,70.19919488674898,67.44047803808078,6,1721,1.149439144788143e-05,
2464,triangle,1598,2095,1452,,361452.21180681867,6953597.788193181,21840.23486328125,33.608016118094085,33.93470047132504,-16.39198388190592,-16.06529952867496,12,1841,7.95270728767e-06,
2465,triangle,1183,1813,1431,,357724.08322704077,6948892.771158726,26066.93212890625,75.17857297787127,74.18410301386594,25.178572977871283,24.184103013865933,12,1841,7.95270728767e-06,
2466,triangle,1842,1933,1146,,360469.0490853037,6951320.568789988,152980.66259765625,85.23096234135853,78.00659475211411,35.230962341358534,28.006594752114115,12,1841,7.95270728767e-06,
2467,triangle,41,1997,898,,362973.57482577796,6949804.890618297,24260.84375,120.21670234249056,121.07163963375741,70.21670234249056,71.07163963375741,65,1681,6.32455532034e-06,
2468,triangle,1285,1987,1193,,354898.19755581906,6954356.032690813,37299.1884765625,108.2531532696863,106.48762270854161,58.253153269686294,56.487622708541615,6,1721,1.189207115e-05,
2469,triangle,1200,1869,1556,,359247.8714103112,6955187.284468733,23759.5810546875,97.32814586609462,94.54136155485843,47.32814586609461,44.541361554858405,65,1681,6.32455532034e-06,
2470,triangle,1579,1883,1201,,359532.7021329365,6956644.067364926,29465.75,124.93113952695744,122.12964031292186,74.93113952695744,72.12964031292186,65,1681,6.32455532034e-06,
2471,triangle,1147,1214,1200,,358917.7425839926,6954995.947000767,86361.2529296875,122.56422148707264,116.02268583460948,72.56422148707264,66.02268583460948,65,1681,6.32455532034e-06,
2472,triangle,1258,1728,1159,,357055.69269907736,6956446.172680681,54031.45361328125,123.75401092693292,126.67698786631634,73.75401092693292,76.67698786631634,6,1721,1.189207115e-05,
2473,triangle,1357,1976,285,,360668.63222649245,6949209.600858164,17584.2021484375,71.97763538566227,71.46701651562773,21.977635385662268,21.467016515627733,12,1841,7.95270728767e-06,
2474,triangle,1200,1556,1553,,359227.0222898194,6955285.163845867,25120.3017578125,89.58915245499264,91.68914331627515,39.58915245499264,41.68914331627516,65,1681,6.32455532034e-06,
2475,triangle,1211,1637,1437,,356655.28888407134,6949657.483724177,26536.39892578125,80.41535977411426,74.54546023955727,30.415359774114258,24.545460239557272,12,1841,7.95270728767e-06,
2476,triangle,1215,1715,1563,,355132.54653276486,6955529.586225438,27452.849609375,99.71471724420014,97.74982108422667,49.714717244200145,47.74982108422665,6,1721,1.189207115e-05,
2477,triangle,853,2037,23,,354762.41853674175,6951795.738840681,39261.0263671875,112.91807010042643,109.40184090614169,62.91807010042641,59.40184090614169,65,1681,6.32455532034e-06,
2478,triangle,882,2081,1850,,359072.6293415913,6945694.464981987,25986.12353515625,127.40355479078491,125.99197784600675,77.40355479078491,75.99197784600675,18,2041,4.30886938006e-06,
2479,triangle,757,1988,1806,,356715.3077373218,6956948.662902205,17235.03515625,123.96471400645468,121.77592427135023,73.96471400645468,71.77592427135022,65,1681,6.32455532034e-06,
2480,triangle,1770,2092,1232,,359630.6529633515,6947298.059987622,87237.5458984375,103.46320085141086,104.70355332132226,53.463200851410875,54.70355332132226,12,1841,7.95270728767e-06,
2481,triangle,1752,1793,1166,,357587.1331266272,6947963.914950855,86432.6171875,81.48033072927346,81.79068980793727,31.48033072927346,31.79068980793728,12,1841,7.95270728767e-06,
2482,triangle,1711,2135,2131,,359047.00028744846,6954372.990322869,33844.1220703125,72.33253158217148,73.05601763268348,22.332531582171484,23.056017632683474,65,1681,6.32455532034e-06,
2483,triangle,221,2095,222,,361495.96180681867,6953779.038193181,7528.90625,26.54251294248931,28.618033629818083,-23.45748705751069,-21.381966370181917,12,1841,7.95270728767e-06,
2484,triangle,1349,2077,1935,,361858.90703395527,6955882.495053772,57702.625,99.19701040293045,101.66983988424558,49.19701040293044,51.66983988424558,65,1681,6.32455532034e-06,
2485,triangle,911,2041,910,,364891.7499359318,6952887.722906499,24550.34375,171.71293614768805,167.7596702764832,121.71293614768805,117.75967027648323,65,1681,6.32455532034e-06,
2486,triangle,1805,1964,1143,,355652.25683488045,6950207.209576845,170256.3447265625,133.85755149787602,119.93503277122905,83.85755149787602,69.93503277122907,65,1681,6.4990001739825e-06,
2487,triangle,1175,2034,1612,,355908.07218967,6957403.430479076,78529.65478515625,140.20686477037128,139.51062437266424,90.20686477037128,89.51062437266425,65,1681,6.32455532034e-06,
2488,triangle,1255,1965,1165,,361729.63030513684,6954959.979321468,55010.3212890625,65.17154550511283,63.45277880929634,15.171545505112826,13.45277880929634,12,1841,7.95270728767e-06,
2489,triangle,1219,2147,1154,,363369.696201676,6953967.204745437,76750.4697265625,94.52554603618958,89.73357711806189,44.525546036189596,39.73357711806191,12,1841,7.95270728767e-06,
2490,triangle,1618,1809,427,,362036.3806898344,6951935.94445175,27168.6611328125,98.95318334222424,97.12844135592077,48.953183342224236,47.12844135592078,65,1681,6.32455532034e-06,
2491,triangle,1845,2024,925,,366338.2742658388,6955507.632160173,49324.15380859375,113.24912073420046,108.9775554077654,63.249120734200474,58.9775554077654,65,1681,6.32455532034e-06,
2492,triangle,658,2131,1713,,359091.50800300826,6954105.374393704,17044.67041015625,72.35601437055224,66.59537742576916,22.35601437055225,16.595377425769154,65,1681,6.32455532034e-06,
2493,triangle,1349,2093,1801,,361526.3469502551,6955728.180527831,72485.1142578125,102.54185803746051,112.04138618503322,52.54185803746053,62.041386185033225,65,1681,6.32455532034e-06,
2494,triangle,1671,1804,354,,361094.17742011463,6949423.7964807255,23330.02734375,85.06062433050494,81.62659427764565,35.06062433050494,31.626594277645655,12,1841,7.95270728767e-06,
2495,triangle,1217,1676,1500,,356220.5591571583,6951690.724213076,24355.65625,73.5968634830448,70.4995739637903,23.596863483044796,20.499573963790294,12,1841,7.95270728767e-06,
2496,triangle,1250,1315,1163,,361776.9902059282,6951402.5677152695,52316.13134765625,102.88928350992734,101.1651276269705,52.88928350992733,51.1651276269705,65,1681,6.3827036048875e-06,
2497,triangle,1793,2040,875,,357442.89125300245,6947527.445121185,43577.3251953125,94.85817201887099,92.6517884998148,44.85817201887098,42.651788499814806,12,1841,7.95270728767e-06,
2498,triangle,201,1353,1271,,360048.1812169312,6952754.737103175,18071.98681640625,43.148145276963426,41.307782391573056,-6.851854723036576,-8.692217608426946,12,1841,7.95270728767e-06,
2499,triangle,1162,1591,1317,,356772.6434532059,6955052.53003597,54567.52587890625,101.43992336353487,97.84157072173086,51.43992336353487,47.841570721730875,6,1721,1.189207115e-05,
2500,triangle,879,2023,34,,358227.496028553,6946329.801412791,26984.486328125,122.80458005444981,121.37006047629302,72.80458005444979,71.37006047629303,12,1841,7.95270728767e-06,
2501,triangle,1330,2069,1622,,353921.5638008152,6950999.830246247,43652.22119140625,115.67945184136948,115.04093494509925,65.67945184136948,65.04093494509925,65,1681,6.32455532034e-06,
2502,triangle,1643,1894,169,,357634.32558161905,6952186.49511245,14199.3544921875,47.4666198848103,46.24682055170724,-2.533380115189695,-3.753179448292761,12,1841,7.95270728767e-06,
2503,triangle,170,1894,1644,,357760.2428011854,6952306.326192204,17078.16650390625,44.64562663494779,43.34728117800404,-5.3543733650522105,-6.652718821995964,12,1841,7.95270728767e-06,
2504,triangle,1821,2128,274,,360184.8854134402,6948373.761382752,21252.24951171875,78.32787307838969,79.0644503528202,28.327873078389686,29.06445035282019,12,1841,7.95270728767e-06,
2505,triangle,359,2139,360,,359765.0719055349,6950546.840321723,6965.12548828125,57.88125768394928,59.400624395403874,7.88125768394928,9.400624395403874,12,1841,7.95270728767e-06,
2506,triangle,760,2140,759,,356611.21653421054,6956638.513914804,5366.54443359375,104.52055691106847,104.73527384358584,54.52055691106846,54.735273843585844,6,1721,1.189207115e-05,
2507,triangle,1694,1696,1328,,357906.75083295716,6952872.801023179,30532.5390625,49.711875518628844,48.84744677905024,-0.2881244813711527,-1.1525532209497673,12,1841,7.371224442195001e-06,
2508,triangle,513,1811,1810,,356522.0727187102,6953343.912490841,22414.4775390625,87.1298919065976,82.8876081314671,37.12989190659762,32.88760813146711,65,1681,6.32455532034e-06,
2509,triangle,1744,1765,1411,,357582.1240405289,6954723.947064072,114289.443359375,103.66959229197955,98.43455687632725,53.66959229197957,48.43455687632726,6,1721,1.189207115e-05,
2510,triangle,1251,1597,1162,,356575.13201410434,6954835.470022783,45194.8720703125,92.1164602457724,90.2384640510369,42.116460245772416,40.23846405103691,6,1721,1.189207115e-05,
2511,triangle,1420,1613,69,,358563.2458506425,6947411.068244748,14558.25048828125,84.37405766365077,88.4385720052191,34.374057663650774,38.43857200521909,12,1841,7.95270728767e-06,
2512,triangle,131,1614,1437,,356484.49569389597,6949518.6333438335,15043.67041015625,68.67593342592006,68.61955834990515,18.67593342592008,18.619558349905144,12,1841,7.95270728767e-06,
2513,triangle,218,1598,1452,,361356.25,6953568.75,14062.5,32.22083397706351,31.450000047683716,-17.779166022936487,-18.549999952316284,12,1841,7.95270728767e-06,
2514,triangle,1454,1599,226,,361518.75,6954231.25,14062.5,31.50833308696744,32.03958376248678,-18.49166691303256,-17.960416237513225,65,1681,7.0804830194575e-06,
2515,triangle,297,1615,1474,,359875.4464285714,6949641.517857143,16071.42822265625,61.580027420108856,62.363977974790465,11.580027420108845,12.363977974790467,12,1841,7.95270728767e-06,
2516,triangle,1475,1616,302,,359529.36584323755,6950013.017433246,23609.0810546875,72.06047107045029,63.24904813727281,22.06047107045029,13.249048137272808,12,1841,7.95270728767e-06,
2517,triangle,1670,1671,353,,361247.0673773466,6949505.66069927,11533.326171875,83.7494791601809,82.12019075849344,33.749479160180904,32.120190758493436,12,1841,7.95270728767e-06,
2518,triangle,396,1617,1502,,356758.9562089466,6952107.800353784,13925.2822265625,64.34938450333158,62.68658776939797,14.349384503331587,12.686587769397969,12,1841,7.95270728767e-06,
2519,triangle,1508,1618,426,,362111.80268273415,6951788.0380017245,11301.5634765625,98.02091668999662,95.83985526252904,48.02091668999664,45.839855262529035,65,1681,6.32455532034e-06,
2520,triangle,1535,1601,554,,364213.07810332556,6954655.355892007,15703.888671875,101.00974767384223,91.29011461119198,51.00974767384223,41.29011461119198,12,1841,7.836410718575001e-06,
2521,triangle,1701,1702,571,,357200.256065807,6954142.781059038,13105.5263671875,84.5231703123379,83.94498615348185,34.5231703123379,33.94498615348184,65,1681,6.32455532034e-06,
2522,triangle,1537,1619,575,,356905.51418301504,6953933.0952802515,13828.9658203125,83.25036421184679,82.9386031752904,33.250364211846794,32.9386031752904,65,1681,6.32455532034e-06,
2523,triangle,659,1713,1712,,359199.1849732273,6953991.101582578,15951.86474609375,77.30069787786734,66.3700474563901,27.300697877867332,16.370047456390097,65,1681,6.32455532034e-06,
2524,triangle,1458,1600,246,,362864.47054180055,6955521.104648683,17815.63916015625,24.10462089407117,26.728257886002027,-25.89537910592883,-23.271742113997973,12,1841,7.95270728767e-06,
2525,triangle,846,2070,19,,354007.26900093985,6953989.625414145,36452.3505859375,111.11542837196349,110.89568718729454,61.1154283719635,60.89568718729455,6,1721,1.189207115e-05,
2526,triangle,1629,1912,93,,357744.8025153142,6948512.761072051,13510.38671875,65.82000725918643,66.27011215464411,15.820007259186431,16.270112154644107,12,1841,7.95270728767e-06,
2527,triangle,1533,1913,537,,365169.535808261,6954234.005535043,11398.2724609375,99.35814606988058,103.17253982032122,49.35814606988056,53.17253982032122,65,1681,6.32455532034e-06,
2528,triangle,1543,1914,590,,355350.6897635442,6954740.131300191,11698.609375,92.06099855526762,90.6222900567095,42.060998555267616,40.622290056709495,6,1721,1.189207115e-05,
2529,triangle,1708,1915,626,,356618.1951155688,6955418.828362071,12549.3896484375,92.27539642372261,92.4836144155364,42.2753964237226,42.48361441553639,6,1721,1.189207115e-05,
2530,triangle,1665,1909,308,,359468.60310358525,6950558.224417351,12347.8564453125,59.73648247462903,56.39490992235574,9.736482474629028,6.394909922355737,12,1841,7.95270728767e-06,
2531,triangle,1506,1910,420,,362349.9252701821,6951380.040577087,15566.2412109375,93.42113905141372,94.25358479215318,43.42113905141373,44.253584792153184,65,1681,6.32455532034e-06,
2532,triangle,1203,1901,1868,,359028.4016509149,6955902.87487629,42936.26416015625,107.02605000516523,107.98578145454519,57.026050005165246,57.98578145454519,65,1681,6.32455532034e-06,
2533,triangle,628,1928,1325,,356447.6840323768,6955580.663029722,14384.40966796875,90.55056810045195,90.97390521184182,40.55056810045196,40.97390521184182,6,1721,1.189207115e-05,
2534,triangle,484,2124,1911,,362393.3102289692,6954150.681377251,13099.08935546875,39.42192969803896,39.57098151732371,-10.578070301961038,-10.429018482676286,12,1841,7.95270728767e-06,
2535,triangle,1147,2135,1214,,358870.6382148389,6954752.712976281,73499.2021484375,106.77383835046537,106.25215812725664,56.77383835046536,56.25215812725664,65,1681,6.32455532034e-06,
2536,triangle,1608,1841,1222,,362757.91091324575,6954126.605752874,37981.7158203125,54.95068500787171,52.39825214821326,4.950685007871716,2.3982521482132566,12,1841,7.95270728767e-06,
2537,triangle,1227,2149,1515,,360337.20698584453,6952419.888289988,35834.16357421875,51.79260464235336,48.43197377210782,1.7926046423533555,-1.5680262278921866,12,1841,7.95270728767e-06,
2538,triangle,364,2142,365,,354661.91275970294,6950864.848835451,5294.69140625,91.6941507675158,92.30566736160216,41.694150767515794,42.30566736160217,65,1681,6.32455532034e-06,
2539,triangle,1152,2059,1196,,364744.0499063558,6954799.816951752,94674.55615234375,94.71266140754861,100.54355724513852,44.712661407548616,50.54355724513854,65,1681,6.32455532034e-06,
2540,triangle,1973,2020,1788,,362738.2511001102,6956247.153689177,83833.7685546875,108.97556945912348,107.1618718939197,58.975569459123484,57.1618718939197,65,1681,6.32455532034e-06,
2541,triangle,1603,2147,1208,,363639.03590633796,6954279.7932766965,72332.33837890625,104.3229668676578,99.10034142797612,54.3229668676578,49.100341427976126,12,1841,7.95270728767e-06,
2542,triangle,1892,2012,863,,354902.83805026574,6949175.818714972,38880.9013671875,106.50600028932307,107.65349282404215,56.506000289323076,57.653492824042154,12,1841,7.95270728767e-06,
2543,triangle,1169,2077,1746,,362194.55465100217,6955710.329560511,68350.64453125,71.23834892563448,68.00612932437505,21.238348925634476,18.006129324375042,65,1681,6.32455532034e-06,
2544,triangle,1327,1740,457,,359591.6517440038,6952600.079145871,24372.099609375,44.822509867157535,43.740685731885435,-5.177490132842468,-6.259314268114568,12,1841,7.95270728767e-06,
2545,triangle,1306,1977,163,,357298.8637562885,6951715.475060027,19863.5849609375,62.859496588608906,58.231592501721515,12.85949658860891,8.231592501721517,12,1841,7.95270728767e-06,
2546,triangle,1276,1980,413,,358803.97859143367,6951555.616250123,20397.29296875,51.64549190346162,49.2982230396716,1.6454919034616216,-0.7017769603283986,12,1841,7.95270728767e-06,
2547,triangle,1186,1417,1276,,358652.30961132393,6951777.056660517,55257.5556640625,59.12594247095494,58.05728211794433,9.125942470954932,8.057282117944332,12,1841,7.95270728767e-06,
2548,triangle,1215,1867,1242,,355255.8950589164,6955157.576981037,41046.091796875,98.68725734499368,97.65836984823011,48.68725734499368,47.65836984823009,6,1721,1.189207115e-05,
2549,triangle,1194,1851,1630,,357302.2024199101,6948687.587898463,29485.755859375,64.43955176817485,65.96128647082456,14.439551768174852,15.961286470824556,12,1841,7.95270728767e-06,
2550,triangle,460,2146,1971,,363686.98265968874,6953567.241861305,21686.89892578125,82.71363254831367,83.74437459548187,32.71363254831367,33.74437459548187,65,1681,6.32455532034e-06,
2551,triangle,478,2107,477,,362545.82490351255,6953637.977833386,7447.19189453125,58.547026228007454,58.482926865164984,8.547026228007452,8.482926865164977,12,1841,7.95270728767e-06,
2552,triangle,1176,1791,1189,,359861.35233107564,6955316.90227816,69754.35986328125,131.4152416673383,122.00521133014871,81.41524166733832,72.0052113301487,65,1681,6.32455532034e-06,
2553,triangle,1535,1866,1196,,364391.31458519405,6954510.91657392,31676.07958984375,103.03651115308686,100.3804625311487,53.036511153086856,50.3804625311487,65,1681,6.32455532034e-06,
2554,triangle,1327,1648,1277,,359360.9298898464,6952596.944970622,23882.6181640625,47.38309101050653,45.97400805841509,-2.6169089894934636,-4.025991941584905,12,1841,7.95270728767e-06,
2555,triangle,179,2129,178,,358315.4780480869,6952765.591622376,4566.5576171875,41.45363498730782,41.089888128373566,-8.546365012692181,-8.91011187162643,12,1841,7.95270728767e-06,
2556,triangle,310,1895,1666,,359595.66238479246,6950787.686070348,16699.25830078125,52.947076507409655,55.01919577641047,2.94707650740966,5.0191957764104735,12,1841,7.95270728767e-06,
2557,triangle,626,2148,1928,,356635.64987023367,6955581.815037959,11271.3203125,91.5560519511746,92.25280335793427,41.5560519511746,42.252803357934276,6,1721,1.189207115e-05,
2558,triangle,1933,2085,1399,,361013.07550377445,6951450.431005753,97585.39404296875,74.1497537212454,76.4124616623616,24.149753721245403,26.412461662361583,12,1841,7.95270728767e-06,
2559,triangle,119,1990,1730,,355678.8065505162,6948750.3017658815,15913.97509765625,59.627663685367054,63.304846489925524,9.627663685367061,13.304846489925522,12,1841,7.95270728767e-06,
2560,triangle,1815,2023,879,,358383.58272907377,6946353.760943972,27351.33740234375,116.94101573106575,117.12977828287985,66.94101573106576,67.12977828287985,12,1841,7.95270728767e-06,
2561,triangle,1724,1875,1199,,356833.1153272752,6957338.449967342,73270.4326171875,141.8330545576096,140.64767681730748,91.83305455760959,90.64767681730747,65,1681,6.32455532034e-06,
2562,triangle,891,2150,38,,361151.9682593176,6948074.509714314,33895.5048828125,100.36672249895287,100.4130212343395,50.36672249895286,50.413021234339475,12,1841,7.95270728767e-06,
2563,triangle,569,1412,568,,363066.68925382657,6955302.060746173,6328.125,25.72270399963752,26.477155692278654,-24.27729600036248,-23.522844307721346,12,1841,7.95270728767e-06,
2564,triangle,430,1920,1315,,361697.80712285655,6951770.1468698485,18011.43408203125,84.14162731763903,87.21452409046258,34.14162731763903,37.21452409046258,12,1841,7.95270728767e-06,
2565,triangle,1418,2138,55,,359132.47385794244,6946511.076354265,17963.4013671875,96.8996654640091,94.32049913135872,46.8996654640091,44.32049913135872,12,1841,7.95270728767e-06,
2566,triangle,1399,1953,1510,,361279.47619857546,6951756.9770762585,28704.42822265625,67.03754919621915,65.58377859441167,17.03754919621915,15.58377859441167,12,1841,7.95270728767e-06,
2567,triangle,1171,1710,1610,,359895.7016811375,6954234.429600581,94624.064453125,96.09557069207548,97.60909324193096,46.09557069207548,47.60909324193097,65,1681,6.32455532034e-06,
2568,triangle,896,2013,1405,,362326.2375567982,6949543.991554714,37462.15380859375,99.31929761593207,100.30650833347813,49.31929761593207,50.30650833347813,65,1681,6.32455532034e-06,
2569,triangle,357,1804,1357,,360902.4479166667,6949232.135416667,22784.1796875,79.89064465685351,77.61827419723625,29.890644656853517,27.618274197236246,12,1841,7.95270728767e-06,
2570,triangle,1196,2059,1601,,364476.0844192121,6954794.327933219,64783.95947265625,104.67395286411228,104.9375081074511,54.67395286411227,54.937508107451094,65,1681,6.4408518894350004e-06,
2571,triangle,74,2108,73,,358453.5714285714,6947812.5,5223.21435546875,75.54762104579397,76.04761995587984,25.54762104579397,26.047619955879835,12,1841,7.95270728767e-06,
2572,triangle,75,2109,76,,358543.0161606986,6947971.065448883,4839.318359375,78.34254243881576,77.9609971319851,28.34254243881576,27.960997131985096,12,1841,7.95270728767e-06,
2573,triangle,145,2110,146,,356896.4285714286,6950587.5,5223.21484375,52.82142838977699,52.67857179187515,2.821428389776994,2.6785717918751515,12,1841,7.95270728767e-06,
2574,triangle,148,2111,147,,356814.7300986059,6950745.2449493455,3967.86376953125,54.48888579076583,53.97145433239999,4.488885790765826,3.971454332399997,12,1841,7.95270728767e-06,
2575,triangle,451,2112,452,,360487.32225833536,6952839.872482193,4198.75390625,35.49853667163404,36.00239855519772,-14.501463328365961,-13.99760144480228,12,1841,7.95270728767e-06,
2576,triangle,523,2113,522,,357357.6822815588,6953206.883995595,3586.94921875,58.543926728533165,60.215221396913115,8.543926728533169,10.215221396913117,65,1681,6.32455532034e-06,
2577,triangle,715,2114,716,,358601.14988376136,6956585.866127011,4402.56103515625,119.06203309406952,118.99614008066476,69.06203309406953,68.99614008066476,65,1681,6.32455532034e-06,
2578,triangle,718,2115,717,,358762.5,6956671.428571428,5223.2138671875,119.98809523805667,119.85952468144656,69.98809523805666,69.85952468144656,65,1681,6.32455532034e-06,
2579,triangle,1810,2073,514,,356649.8178785394,6953220.44742491,16990.634765625,73.61291690147925,77.4039858566888,23.61291690147924,27.403985856688802,65,1681,6.32455532034e-06,
2580,triangle,1339,1638,137,,356575.0,6950075.0,11250.0,54.01111136542428,54.02499961853027,4.011111365424274,4.024999618530273,12,1841,7.95270728767e-06,
2581,triangle,1348,1570,700,,359803.4695870536,6956359.407087053,9393.46728515625,104.36818170405266,103.3956474030498,54.36818170405266,53.39564740304979,65,1681,6.32455532034e-06,
2582,triangle,657,2131,658,,359135.25800300826,6954199.124393704,4470.974609375,59.16013602007457,58.73704510968843,9.160136020074573,8.737045109688424,65,1681,6.32455532034e-06,
2583,triangle,1507,2046,420,,362170.3506586205,6951365.290610633,12043.4033203125,93.35221857538912,93.51535742763595,43.35221857538912,43.515357427635955,65,1681,6.32455532034e-06,
2584,triangle,1906,1907,368,,354805.0747786809,6951217.72799858,20449.501953125,85.82415101912811,86.69069256129131,35.8241510191281,36.690692561291314,65,1681,6.32455532034e-06,
2585,triangle,1226,1234,1209,,363371.60809692385,6956077.64167278,72522.10205078125,68.76082823948218,65.28970812255147,18.760828239482176,15.289708122551476,65,1681,6.7315933121724995e-06,
2586,triangle,1418,1624,1231,,359019.1456167302,6946733.950806552,26852.4453125,97.16249787068736,96.88198738949673,47.16249787068736,46.881987389496736,12,1841,7.95270728767e-06,
2587,triangle,1461,1656,1234,,363602.28020038083,6955832.272726436,32302.95166015625,36.29381510048586,35.76715989361379,-13.706184899514138,-14.232840106386211,12,1841,7.95270728767e-06,
2588,triangle,1478,1666,1235,,359609.9328495663,6951022.939722511,39601.353515625,62.82897718170073,61.57996847219803,12.82897718170073,11.579968472198031,12,1841,7.95270728767e-06,
2589,triangle,1257,1686,1513,,360985.09136109677,6952306.358156023,32663.2841796875,62.74020812505401,59.21309692883284,12.740208125054004,9.213096928832835,12,1841,7.95270728767e-06,
2590,triangle,1758,1994,1205,,359557.9025754002,6951943.537262063,64800.8037109375,56.026449815938825,54.910171770470946,6.026449815938818,4.910171770470933,12,1841,7.95270728767e-06,
2591,triangle,1140,1999,1891,,358176.7043770475,6949743.454894085,141684.58544921875,94.6502633711819,93.88681153761645,44.65026337118188,43.88681153761644,12,1841,7.95270728767e-06,
2592,triangle,1156,1383,1218,,356037.342089603,6953313.904589604,94586.396484375,105.29840162736404,102.61187611742446,55.29840162736405,52.611876117424465,65,1681,6.32455532034e-06,
2593,triangle,1182,1754,1389,,358320.0506426503,6953128.009282599,37727.53857421875,64.2582464361652,60.38174772384207,14.258246436165193,10.381747723842063,65,1681,6.32455532034e-06,
2594,triangle,1386,1994,1146,,360061.8424004928,6951779.263837661,117724.6728515625,61.24339376523952,62.60552954442804,11.243393765239514,12.605529544428043,12,1841,7.95270728767e-06,
2595,triangle,361,2139,1895,,359718.6145017212,6950668.389646667,14036.5732421875,63.91929046551135,60.08321358577325,13.919290465511354,10.083213585773255,12,1841,7.95270728767e-06,
2596,triangle,1238,1628,1427,,358238.1716143089,6948479.38547139,25423.576171875,72.6042520116278,71.14815842218128,22.6042520116278,21.14815842218128,12,1841,7.95270728767e-06,
2597,triangle,1305,1964,1787,,356024.3387142423,6949751.4288799325,51150.482421875,78.5778279582691,76.97802072494623,28.577827958269104,26.978020724946237,12,1841,7.95270728767e-06,
2598,triangle,1523,1863,497,,355717.73997369135,6953915.675831683,13004.57421875,82.84749030422476,82.52518361935226,32.84749030422476,32.525183619352255,6,1721,1.0699032043644285e-05,
2599,triangle,1777,2123,1223,,364196.63728511526,6953975.947917539,39518.1806640625,93.28165375493714,94.23367642338197,43.28165375493714,44.23367642338196,65,1681,6.32455532034e-06,
2600,triangle,1851,2133,101,,357139.67028361,6948526.467092234,11105.91943359375,59.89051902202135,60.21088678033218,9.89051902202135,10.210886780332181,12,1841,7.95270728767e-06,
2601,triangle,1218,1526,1524,,356073.2762953755,6953764.822054304,26688.1865234375,85.93811338253934,82.86617231458426,35.938113382539356,32.86617231458425,65,1681,6.32455532034e-06,
2602,triangle,1936,2001,831,,357112.6460915091,6958036.353100971,56970.1923828125,171.6093554300203,169.88052304196455,121.60935543002024,119.88052304196454,65,1681,6.32455532034e-06,
2603,triangle,1291,2115,1190,,358816.3240072884,6956922.155349811,36748.798828125,144.43589510539823,143.2106710338393,94.43589510539822,93.21067103383932,65,1681,6.32455532034e-06,
2604,triangle,1269,2110,1185,,357140.02491772734,6950521.927978497,42008.82470703125,72.00044250798231,69.64193094500696,22.00044250798232,19.641930945006962,12,1841,7.95270728767e-06,
2605,triangle,261,2117,262,,364105.3670138879,6955810.929737303,4999.193359375,23.657915913010378,23.023261687968745,-26.34208408698962,-26.976738312031255,12,1841,7.95270728767e-06,
2606,triangle,1609,1748,1201,,359771.918425834,6957015.723029185,76583.27685546875,134.2971489635068,131.64663363496095,84.2971489635068,81.64663363496095,65,1681,6.32455532034e-06,
2607,triangle,68,2119,67,,358733.6972075669,6947337.72214727,6027.82275390625,81.58097822047448,81.58334433217611,31.580978220474478,31.58334433217611,12,1841,7.95270728767e-06,
2608,triangle,299,2121,298,,359781.86207787594,6949809.014290453,6651.408203125,59.14988423745437,57.987003097116094,9.149884237454367,7.987003097116099,12,1841,7.95270728767e-06,
2609,triangle,129,2120,130,,356313.6904761905,6949443.452380952,5089.28564453125,55.49952688430932,57.92586895703372,5.499526884309319,7.92586895703372,12,1841,7.95270728767e-06,
2610,triangle,398,2122,397,,356930.2083333333,6952194.791666667,7265.625,55.39010477068513,54.81921344112468,5.390104770685129,4.819213441124686,12,1841,7.95270728767e-06,
2611,triangle,1397,2024,1845,,366166.2792473805,6955310.950777723,83793.044921875,104.1777191745746,103.65264754369143,54.17771917457461,53.652647543691415,65,1681,6.32455532034e-06,
2612,triangle,637,2118,1552,,359057.0826568575,6955564.772450591,14162.86572265625,86.75814454394902,88.99661233065318,36.75814454394901,38.99661233065317,65,1681,6.32455532034e-06,
2613,triangle,1527,2026,1210,,356771.9236105072,6953637.134765622,35471.41845703125,93.00027061098604,89.1237038585399,43.000270610986036,39.1237038585399,65,1681,6.32455532034e-06,
2614,triangle,1331,1923,876,,358125.28929766663,6947422.934700157,50127.87939453125,94.21963941568706,93.12274155983289,44.21963941568705,43.12274155983287,12,1841,7.95270728767e-06,
2615,triangle,1814,2142,363,,354630.8433438136,6950732.287091453,18972.56005859375,98.00628550998391,99.3908380421159,48.00628550998389,49.39083804211592,65,1681,6.32455532034e-06,
2616,triangle,1620,2145,1801,,361221.2118899903,6955445.945565936,122788.2177734375,113.54290848049975,127.11085720351173,63.54290848049974,77.11085720351174,65,1681,6.32455532034e-06,
2617,triangle,878,2023,1815,,358362.6174718048,6946505.803704392,27351.3369140625,117.74527486797803,118.1544484773683,67.74527486797803,68.1544484773683,12,1841,7.95270728767e-06,
2618,triangle,1425,1426,79,,358505.9828969994,6948225.6049675755,10628.357421875,75.08087015269159,76.91332148711042,25.080870152691595,26.913321487110434,12,1841,7.95270728767e-06,
2619,triangle,1632,1633,115,,356099.8086734694,6948668.431122449,8213.88671875,61.01667738112846,61.459713222406386,11.01667738112846,11.459713222406391,12,1841,7.95270728767e-06,
2620,triangle,1490,1647,333,,359096.2119069768,6952426.189388535,9355.4833984375,37.259646297598685,39.3500814391359,-12.74035370240131,-10.649918560864103,12,1841,7.95270728767e-06,
2621,triangle,383,1676,1499,,356040.3918576804,6951528.8754813345,12361.61083984375,64.74377894695947,65.96967768441421,14.743778946959466,15.969677684414199,12,1841,7.95270728767e-06,
2622,triangle,51,2072,918,,367877.588719754,6954117.942094249,20268.97412109375,172.7026561651525,172.55344153955593,122.70265616515245,122.55344153955593,65,1681,6.32455532034e-06,
2623,triangle,1293,1873,1229,,356356.5679810532,6955959.778394592,33204.33642578125,96.69431283511403,95.79717326938267,46.69431283511403,45.797173269382654,6,1721,1.189207115e-05,
2624,triangle,2083,2132,1809,,361914.0123723521,6952239.708032901,44619.537109375,95.28991051044343,98.67339695973811,45.28991051044343,48.67339695973812,12,1841,7.95270728767e-06,
2625,triangle,1300,2119,1613,,358643.9298417226,6947212.399190514,17328.51904296875,96.46275182059463,95.53734693175447,46.46275182059462,45.53734693175448,12,1841,7.95270728767e-06,
2626,triangle,1164,1901,1203,,358839.30053718924,6955972.6027157195,79854.14599609375,122.41885564761162,119.70088782989842,72.41885564761162,69.70088782989842,6,1721,1.0699032043644285e-05,
2627,triangle,549,2123,548,,364279.22776147333,6954161.124227952,6710.4013671875,80.8091206502438,82.07207381283708,30.809120650243802,32.07207381283707,65,1681,6.32455532034e-06,
2628,triangle,1174,2061,1736,,354789.6688484727,6955126.078695711,16059.0634765625,101.5891530904627,101.67176061273192,51.589153090462716,51.67176061273192,6,1721,1.189207115e-05,
2629,triangle,1234,1656,1602,,363748.1671282419,6955904.890033085,37404.30615234375,34.458055242921446,35.15342129896435,-15.541944757078548,-14.846578701035648,12,1841,7.95270728767e-06,
2630,triangle,713,1792,1574,,358368.1732915773,6956616.204593894,14550.5693359375,133.3513053168009,130.3500578852503,83.35130531680089,80.3500578852503,65,1681,6.32455532034e-06,
2631,triangle,1380,2005,239,,362605.03780331166,6954813.416043609,18684.478515625,27.82620143935026,27.407245838894216,-22.17379856064974,-22.592754161105784,12,1841,7.95270728767e-06,
2632,triangle,1320,1808,1531,,365592.145289154,6953938.549171197,65603.9755859375,119.04851196601025,122.44269823331065,69.04851196601025,72.44269823331067,65,1681,6.32455532034e-06,
2633,triangle,243,1412,244,,362891.68925382657,6955252.060746173,4690.04150390625,24.3732925331679,23.57715607374838,-25.6267074668321,-26.42284392625162,12,1841,7.95270728767e-06,
2634,triangle,451,1993,450,,360413.83241647,6952762.895885396,4068.85302734375,39.10812927437638,38.87570358606616,-10.891870725623619,-11.12429641393384,12,1841,7.95270728767e-06,
2635,triangle,748,1387,749,,355910.0016517889,6955458.646837278,4499.814453125,84.391132843523,84.2479906110803,34.391132843522996,34.24799061108029,6,1721,1.189207115e-05,
2636,triangle,1303,1925,123,,356058.71527777775,6948993.715277777,16548.828125,67.30473479657255,66.56314803818582,17.304734796572546,16.563148038185815,12,1841,7.95270728767e-06,
2637,triangle,1149,1899,1211,,357174.747726365,6949599.786186208,132609.25,85.5211144901494,80.10710797529724,35.5211144901494,30.107107975297243,12,1841,7.95270728767e-06,
2638,triangle,1581,1582,1181,,355467.3128657888,6956441.853747509,43105.705078125,104.70646536942671,104.11190601821981,54.706465369426724,54.1119060182198,6,1721,1.189207115e-05,
2639,triangle,1176,2018,1589,,360208.84342929255,6955662.386187193,101403.53125,146.1367031609861,142.69797010148216,96.13670316098612,92.69797010148214,65,1681,6.32455532034e-06,
2640,triangle,1316,1601,1168,,364138.1992256371,6954992.556853439,45725.3330078125,89.65673577634983,87.39944918702287,39.65673577634984,37.39944918702287,12,1841,7.95270728767e-06,
2641,triangle,1493,1670,1492,,361341.8365381053,6949663.508560277,22714.29296875,93.6555471085198,91.09936697937844,43.65554710851979,41.09936697937846,12,1841,7.95270728767e-06,
2642,triangle,461,1971,1688,,363576.359026941,6953425.519371976,12725.8779296875,81.88259797055434,80.61122413741612,31.882597970554343,30.611224137416105,65,1681,6.32455532034e-06,
2643,triangle,1173,1283,1213,,357422.8979365167,6953515.653088075,55151.560546875,95.80579947305768,93.66039617084607,45.805799473057675,43.66039617084605,65,1681,6.32455532034e-06,
2644,triangle,760,1812,1722,,356455.3464615086,6956667.5457886355,15439.1572265625,105.78321129293009,105.75080209657278,55.78321129293008,55.750802096572784,6,1721,1.189207115e-05,
2645,triangle,1354,1972,1759,,362698.6997393547,6950958.073524892,58138.7119140625,104.32984552895479,105.76901040198923,54.32984552895479,55.76901040198923,65,1681,6.32455532034e-06,
2646,triangle,1602,1932,1234,,363818.75865025056,6956048.387917794,44032.90185546875,44.90320181169835,43.34815134883644,-5.096798188301648,-6.651848651163565,12,1841,7.95270728767e-06,
2647,triangle,1323,2058,1797,,363652.14608384273,6952856.256951812,48050.66259765625,116.3856117210881,116.40211399709726,66.3856117210881,66.40211399709725,65,1681,6.32455532034e-06,
2648,triangle,1837,2107,479,,362387.1929202678,6953667.114498128,22479.98876953125,54.81770543650592,54.928456958418,4.817705436505919,4.928456958418008,12,1841,7.95270728767e-06,
2649,triangle,1864,2035,1692,,357323.674285209,6952991.048979218,15298.783203125,58.4179577845735,59.28517646456064,8.417957784573506,9.285176464560644,65,1681,6.32455532034e-06,
2650,triangle,1243,2083,1809,,362112.37433664803,6952279.584848334,71884.23828125,98.67264520896659,101.85006608556505,48.6726452089666,51.85006608556504,65,1681,7.138631304005e-06,
2651,triangle,506,1396,505,,356366.0714285714,6953894.642857143,5022.3212890625,74.84007956921785,75.27074793081817,24.840079569217853,25.270747930818185,65,1681,6.32455532034e-06,
2652,triangle,857,2006,1622,,353712.6522711194,6950604.604098893,50314.90771484375,110.34478889873466,110.70125515014341,60.34478889873465,60.70125515014342,65,1681,6.921074873517858e-06,
2653,triangle,1621,1625,1232,,359262.6933311624,6947211.47005172,53473.11962890625,92.85262355139162,94.9384092150202,42.852623551391616,44.938409215020194,12,1841,7.95270728767e-06,
2654,triangle,234,1835,235,,362244.59936011425,6954560.980538129,3782.11767578125,23.70262052943437,24.136072394701117,-26.29737947056563,-25.863927605298883,12,1841,7.95270728767e-06,
2655,triangle,568,1836,569,,363112.5,6955350.0,4218.75,26.399999618530273,25.099999745686848,-23.600000381469727,-24.900000254313152,12,1841,7.95270728767e-06,
2656,triangle,1971,2146,1219,,363559.0247439694,6953649.931980435,38486.2470703125,91.69096197202632,87.72860111470008,41.6909619720263,37.72860111470009,65,1681,6.789741596720001e-06,
2657,triangle,1440,1735,144,,356716.0825283544,6950506.030777118,9206.8251953125,54.64677053825726,55.10111961561796,4.646770538257251,5.10111961561796,12,1841,7.95270728767e-06,
2658,triangle,1486,1758,325,,359253.1638491927,6951810.331255835,11544.3955078125,51.30675154643253,48.867308156534364,1.3067515464325397,-1.132691843465642,12,1841,7.95270728767e-06,
2659,triangle,534,1760,1533,,365364.99756322225,6954315.811514709,16921.47021484375,112.25122508287441,109.28716362646749,62.25122508287441,59.28716362646751,65,1681,6.32455532034e-06,
2660,triangle,581,1761,1540,,354706.73644968355,6954668.8077965705,13083.521484375,98.11011446050924,98.12117275897417,48.11011446050926,48.12117275897415,6,1721,1.189207115e-05,
2661,triangle,587,1762,1543,,355158.3378986064,6954682.520051797,10948.84814453125,95.17406634816743,95.00535975910509,45.17406634816743,45.00535975910509,6,1721,1.189207115e-05,
2662,triangle,1541,1762,586,,355028.16043495474,6954681.8487667665,9087.89111328125,97.31047839693792,96.22107749992101,47.310478396937924,46.221077499921,6,1721,1.189207115e-05,
2663,triangle,1562,1763,677,,354930.69754034514,6955945.038508545,12221.77001953125,96.30656011219618,96.28026082736149,46.30656011219618,46.28026082736148,6,1721,1.189207115e-05,
2664,triangle,1576,1764,719,,358827.7179603514,6956469.782584189,12830.7626953125,123.81920291427522,122.21028149275969,73.81920291427522,72.21028149275969,65,1681,6.32455532034e-06,
2665,triangle,77,1757,1424,,358345.1853244556,6948042.443854973,12469.12939453125,79.70597060840267,78.41240647540845,29.705970608402666,28.41240647540845,12,1841,7.95270728767e-06,
2666,triangle,326,1758,1488,,359240.469211918,6951934.2634546235,10038.380859375,50.68943546345639,48.19921825249204,0.6894354634563975,-1.800781747507963,12,1841,7.95270728767e-06,
2667,triangle,417,1759,1506,,362411.7508842572,6951167.024578783,15244.625,95.03848036991582,95.36283602087006,45.03848036991583,45.362836020870056,65,1681,6.32455532034e-06,
2668,triangle,1319,1544,593,,355545.8333333333,6954966.666666667,10341.796875,88.31790208229653,88.46718744657657,38.31790208229652,38.46718744657658,6,1721,1.189207115e-05,
2669,triangle,1190,1934,1291,,358845.2106265688,6957095.379954777,46130.724609375,160.12164855745613,156.24834329203614,110.12164855745614,106.24834329203615,65,1681,6.32455532034e-06,
2670,triangle,1531,1532,1320,,365414.11788578914,6953858.057468149,51364.3232421875,122.51115287089722,125.49950820329282,72.51115287089722,75.49950820329282,65,1681,6.32455532034e-06,
2671,triangle,1827,1868,1572,,359249.8545329722,6955880.58127804,14249.78857421875,93.88728450950683,92.83290040515054,43.88728450950682,42.832900405150525,65,1681,6.32455532034e-06,
2672,triangle,118,2126,117,,355868.9204803244,6948615.504475191,7377.1923828125,58.86195375724259,59.97403644666459,8.86195375724259,9.974036446664593,12,1841,7.95270728767e-06,
2673,triangle,1302,1752,1166,,357631.7647058824,6948158.967356172,48697.1259765625,69.32533213149443,73.58069314852108,19.325332131494438,23.58069314852109,12,1841,7.95270728767e-06,
2674,triangle,1596,1985,843,,354214.49996061664,6955069.089560538,60389.501953125,106.65546431570213,105.98538634308603,56.655464315702126,55.98538634308604,6,1721,1.189207115e-05,
2675,triangle,1616,1662,302,,359588.1181502089,6949937.7257892415,19500.94384765625,68.84701263208957,60.211364169849766,18.847012632089577,10.211364169849764,12,1841,7.95270728767e-06,
2676,triangle,1897,2048,813,,363284.64324596926,6956817.784466249,40572.498046875,129.64081047441366,130.8046585476957,79.64081047441367,80.8046585476957,65,1681,6.32455532034e-06,
2677,triangle,894,2082,39,,362354.5710458982,6948590.541927196,22104.150390625,130.58871221154024,125.6845744673786,80.58871221154024,75.68457446737861,12,1841,7.95270728767e-06,
2678,triangle,1336,1345,567,,363191.4825148809,6955118.413318452,14531.28515625,32.787477705510604,32.43032879046448,-17.2125222944894,-17.569671209535517,12,1841,7.95270728767e-06,
2679,triangle,1532,1772,1261,,365066.9702000622,6953820.425895966,42922.63720703125,118.66285867028282,122.47176545922696,68.66285867028282,72.47176545922694,65,1681,6.32455532034e-06,
2680,triangle,1508,2027,1618,,362203.12486188364,6951763.408065181,15912.0380859375,102.32981839252454,100.609427426973,52.32981839252456,50.609427426973014,65,1681,6.32455532034e-06,
2681,triangle,1622,2069,856,,353730.0024368072,6950976.199242593,39758.4423828125,116.20709446313838,115.87294430016016,66.20709446313838,65.87294430016016,65,1681,6.32455532034e-06,
2682,triangle,1850,2081,883,,359227.4101937057,6945704.747492559,27146.48388671875,127.5191909091448,124.44349054582312,77.51919090914478,74.44349054582312,12,1841,6.2609254019939286e-06,
2683,triangle,1173,1903,1283,,357212.0070469516,6953517.580794015,25782.37744140625,95.96249686807477,95.07379078415897,45.96249686807477,45.07379078415897,65,1681,6.32455532034e-06,
2684,triangle,835,2034,1767,,355751.5482610291,6957722.982699293,43387.9658203125,151.1907368110488,150.21392518891253,101.1907368110488,100.21392518891253,65,1681,6.32455532034e-06,
2685,triangle,241,2005,1803,,362761.1015817859,6954970.201000988,15192.46875,23.742567776255555,24.897534219806744,-26.25743222374445,-25.102465780193256,12,1841,7.95270728767e-06,
2686,triangle,1368,1902,1769,,357573.2292006913,6956852.203272659,59609.72705078125,139.8285871135639,139.2923866332512,89.82858711356391,89.29238663325118,65,1681,6.32455532034e-06,
2687,triangle,1410,1476,1161,,359074.256325097,6950235.468194041,70750.08837890625,86.19939673108459,85.19216012072606,36.19939673108461,35.19216012072605,12,1841,7.95270728767e-06,
2688,triangle,1243,1809,1618,,362171.7710624098,6952088.63029283,52060.31201171875,104.09409328328213,102.88646981629279,54.094093283282135,52.88646981629279,65,1681,6.3827036048875e-06,
2689,triangle,123,2130,122,,355878.04846938775,6949046.951530613,7751.5947265625,56.4893587881638,57.575240857374176,6.4893587881637975,7.5752408573741725,12,1841,7.95270728767e-06,
2690,triangle,2049,2050,1190,,359138.71035885025,6957241.2354997,46047.4140625,154.84058989644325,152.49507040669934,104.84058989644326,102.49507040669933,65,1681,6.32455532034e-06,
2691,triangle,1178,1804,1671,,360988.9607551846,6949568.8898038855,44380.4384765625,91.87832711008247,88.49677327985243,41.878327110082466,38.49677327985244,12,1841,7.95270728767e-06,
2692,triangle,1613,2119,69,,358612.8286685319,6947341.629030512,15637.0751953125,85.25967892156393,89.36803317947597,35.25967892156394,39.36803317947599,12,1841,7.95270728767e-06,
2693,triangle,131,2120,1614,,356432.4404761905,6949449.702380952,14631.6962890625,69.44271650275196,68.01337000607548,19.44271650275197,18.013370006075466,12,1841,7.95270728767e-06,
2694,triangle,396,2122,1617,,356801.02678717783,6952188.178755145,18619.21484375,60.3462809885128,63.20901210095414,10.3462809885128,13.20901210095414,12,1841,7.95270728767e-06,
2695,triangle,297,2121,1615,,359788.11207787594,6949690.264290453,16203.44970703125,66.0550003233351,63.272420018095914,16.055000323335083,13.272420018095916,12,1841,7.95270728767e-06,
2696,triangle,1241,1806,1724,,356480.18801364145,6957082.122943092,50188.7548828125,131.53058253872692,128.6707018574366,81.53058253872692,78.67070185743658,65,1681,7.318754575636428e-06,
2697,triangle,1417,1980,1276,,358688.0699779677,6951602.676849715,27877.95751953125,50.705290769804414,52.278450174723254,0.705290769804416,2.2784501747232624,12,1841,7.95270728767e-06,
2698,triangle,1416,1977,1306,,357433.18258156953,6951636.968994431,31225.2890625,70.00528084917775,68.03225812850951,20.00528084917775,18.032258128509508,12,1841,7.95270728767e-06,
2699,triangle,922,2021,1963,,366971.32262022974,6954851.732189871,52383.38330078125,161.6969634829416,153.22511387161197,111.69696348294161,103.22511387161198,65,1681,6.32455532034e-06,
2700,triangle,1497,1859,1498,,355769.46209561086,6951261.452271742,28225.13330078125,76.8060907704681,76.77759482852328,26.806090770468106,26.777594828523263,12,1841,7.4293727267425005e-06,
2701,triangle,1685,2132,1860,,361665.0565475751,6952067.180758979,14484.3564453125,84.16678117760655,84.59679557942407,34.16678117760655,34.596795579424075,12,1841,7.95270728767e-06,
2702,triangle,1807,2140,761,,356561.57996605546,6956502.17588227,18439.474609375,103.21826157643129,102.52428987222204,53.21826157643129,52.524289872222035,6,1721,1.189207115e-05,
2703,triangle,1759,2125,1354,,362571.1391080465,6950891.471093468,30488.7841796875,100.48616941881043,101.11850435667138,50.48616941881043,51.11850435667139,65,1681,6.32455532034e-06,
2704,triangle,838,2000,837,,355022.4336389488,6956783.116363361,47722.662109375,125.70280038846661,124.63197286400664,75.70280038846661,74.63197286400666,65,1681,7.716434277755e-06,
2705,triangle,821,2002,9,,360985.9999895096,6956979.078274635,16262.22509765625,140.09148486112616,139.6515240342345,90.09148486112615,89.65152403423451,65,1681,6.32455532034e-06,
2706,triangle,1731,2022,1170,,364570.1682413158,6953219.485188299,68586.07177734375,135.18067264870234,135.54555124688815,85.18067264870234,85.54555124688817,65,1681,6.32455532034e-06,
2707,triangle,1977,1978,164,,357411.6961778106,6951845.8290848555,16914.6083984375,59.790987540106514,57.118981097145536,9.790987540106514,7.1189810971455385,12,1841,7.95270728767e-06,
2708,triangle,411,1980,1979,,358681.5216586564,6951386.08929441,11675.6884765625,48.417257469975965,48.15222652658442,-1.5827425300240296,-1.8477734734155724,12,1841,7.95270728767e-06,
2709,triangle,1477,1479,1204,,359165.517335526,6950961.857327263,26000.6083984375,62.01386326488035,61.27497884889405,12.013863264880351,11.274978848894051,12,1841,7.95270728767e-06,
2710,triangle,233,1981,1654,,362019.8910839025,6954495.931574556,15599.158203125,24.76473476190953,26.09970197052103,-25.235265238090474,-23.90029802947897,12,1841,7.95270728767e-06,
2711,triangle,367,1982,1673,,354910.8985390879,6951030.422837742,17369.11962890625,86.92385920728667,86.66853438116782,36.923859207286675,36.6685343811678,65,1681,6.32455532034e-06,
2712,triangle,757,1983,1721,,356860.9088203401,6956808.654273431,16460.85693359375,118.04049200288267,118.85720529429152,68.04049200288267,68.85720529429152,65,1681,6.722235022458572e-06,
2713,triangle,1436,1944,1927,,356304.752780989,6948497.606197002,12718.4091796875,65.81675875202782,64.06411577425804,15.816758752027813,14.064115774258042,12,1841,7.95270728767e-06,
2714,triangle,1491,1824,347,,361782.9504898871,6949569.009528019,13282.849609375,85.40052317010259,84.39901240228683,35.40052317010259,34.39901240228682,12,1841,7.95270728767e-06,
2715,triangle,1843,2123,550,,364159.43293525325,6954201.845554215,13528.01806640625,88.03706698576515,87.01071785811753,38.03706698576514,37.01071785811752,65,1681,6.32455532034e-06,
2716,triangle,1790,1899,1185,,357195.2178398639,6950093.469664965,62223.28759765625,69.87126519368316,69.93778166536323,19.871265193683158,19.93778166536323,12,1841,7.95270728767e-06,
2717,triangle,1695,2035,1974,,357520.7825801398,6952739.027809863,26239.45947265625,47.54206870524907,48.720212845590176,-2.457931294750928,-1.2797871544098198,12,1841,7.2549278731e-06,
2718,triangle,1800,1924,465,,363385.39839653095,6953144.803951086,13418.06494140625,81.16148359866864,80.57145744880766,31.161483598668646,30.571457448807667,65,1681,6.32455532034e-06,
2719,triangle,818,2127,1935,,361740.8968648215,6956214.757211246,42392.62255859375,137.45570996908592,134.79985198263526,87.4557099690859,84.79985198263526,65,1681,6.32455532034e-06,
2720,triangle,2013,2028,1405,,362215.4741044369,6949713.960885954,37987.3837890625,92.74575283198708,96.22371927209504,42.74575283198707,46.223719272095046,65,1681,6.32455532034e-06,
2721,triangle,1346,1545,1197,,355698.87262546254,6954660.842401955,34744.4970703125,95.38039343215712,91.95443316914448,45.38039343215711,41.95443316914449,6,1721,1.189207115e-05,
2722,triangle,1346,1829,602,,355935.7895201114,6954643.725634952,18199.19921875,83.4616842188076,84.31559383583897,33.461684218807605,34.315593835838975,6,1721,1.189207115e-05,
2723,triangle,1745,2096,1294,,354721.1509791641,6950251.420487651,60184.26904296875,123.71053550476007,123.48795473214193,73.71053550476006,73.48795473214192,65,1681,6.32455532034e-06,
2724,triangle,102,2133,103,,357038.6880584105,6948479.883342683,3361.8759765625,59.18836825042564,59.23558086455049,9.18836825042564,9.235580864550494,12,1841,7.95270728767e-06,
2725,triangle,1734,2094,867,,355796.1270312066,6947552.064410333,44956.443359375,69.56971836549869,70.76763891596912,19.569718365498684,20.767638915969112,12,1841,7.95270728767e-06,
2726,triangle,726,1883,1579,,359445.2021329365,6956531.567364926,10003.26171875,107.8062488259541,108.59630748821483,57.80624882595409,58.596307488214826,65,1681,6.32455532034e-06,
2727,triangle,223,2095,1847,,361625.57503496343,6953798.8640768165,18442.1572265625,33.526089398201506,33.396474234692995,-16.473910601798494,-16.603525765307,12,1841,7.95270728767e-06,
2728,triangle,93,2134,94,,357708.797603863,6948631.233153011,3513.7294921875,65.34160396713092,65.3911817912257,15.34160396713092,15.391181791225705,12,1841,7.95270728767e-06,
2729,triangle,1804,1976,1357,,360782.69472649245,6949295.538358164,26562.134765625,80.80263557241926,80.18954297651374,30.802635572419266,30.189542976513735,12,1841,7.95270728767e-06,
2730,triangle,758,2140,1983,,356734.6253545506,6956684.668188236,15183.283203125,113.93087133553118,113.77581221689756,63.93087133553117,63.77581221689754,6,1721,1.189207115e-05,
2731,triangle,366,2142,1982,,354785.31129879085,6950907.771673191,14989.63525390625,90.16158861199828,90.53253545757302,40.16158861199828,40.53253545757303,65,1681,6.32455532034e-06,
2732,triangle,1935,2025,817,,362016.47945572063,6956318.285323811,51340.5205078125,140.23159564061285,136.72113525541522,90.23159564061285,86.72113525541522,65,1681,6.32455532034e-06,
2733,triangle,1767,2014,834,,356009.09413662436,6958008.331935459,44064.8271484375,163.85075176380883,163.53512735139176,113.85075176380883,113.53512735139174,65,1681,6.673445027625e-06,
2734,triangle,399,1679,1358,,357067.44543650793,6952081.46329365,16559.15185546875,61.77846349317156,55.39912097617997,11.778463493171555,5.399120976179975,12,1841,7.95270728767e-06,
2735,triangle,527,2035,1695,,357558.2825801398,6952865.590309863,15468.77880859375,47.28078115699584,47.527504790411854,-2.719218843004154,-2.472495209588144,65,1681,6.32455532034e-06,
2736,triangle,1692,2035,525,,357436.174285209,6952991.048979218,14545.17138671875,52.18781351065158,52.08517697318695,2.187813510651581,2.0851769731869463,65,1681,6.32455532034e-06,
2737,triangle,1301,2004,1621,,359044.49946648575,6947472.82562612,21669.80029296875,96.31217034239643,94.3392906902467,46.31217034239643,44.339290690246685,12,1841,7.95270728767e-06,
2738,triangle,1225,1466,1436,,356387.24182677415,6948297.292486805,30472.595703125,65.39296706047563,64.52296812918061,15.392967060475625,14.522968129180617,12,1841,7.95270728767e-06,
2739,triangle,1276,1856,1186,,358792.0070468577,6951911.256580543,45662.5361328125,57.91742202913536,56.20946160466059,7.917422029135357,6.209461604660587,12,1841,7.95270728767e-06,
2740,triangle,1755,2040,1184,,357159.0782723874,6947671.789658819,58355.619140625,79.65827725015556,80.02110287561611,29.658277250155567,30.021102875616105,12,1841,7.95270728767e-06,
2741,triangle,828,1970,1750,,358116.60747878207,6957905.091328663,43034.47509765625,175.55716848480608,175.68778139906104,125.5571684848061,125.68778139906105,65,1681,6.32455532034e-06,
2742,triangle,870,2030,1734,,355996.57077999477,6947211.747955489,48662.1826171875,72.47066374875845,71.26771875192482,22.47066374875846,21.26771875192482,12,1841,7.95270728767e-06,
2743,triangle,1528,2026,514,,356781.4598346531,6953372.217014584,15582.505859375,80.51176232394968,78.51980266715474,30.511762323949682,28.519802667154725,65,1681,6.32455532034e-06,
2744,triangle,513,2026,1691,,356660.8349795974,6953493.534821113,15339.92138671875,79.04405818742926,79.92319913306734,29.04405818742925,29.92319913306734,65,1681,6.32455532034e-06,
2745,triangle,1774,1927,116,,356042.7264179489,6948494.731172852,19723.359375,63.44072832432736,63.42480750094513,13.440728324327358,13.424807500945137,12,1841,7.95270728767e-06,
2746,triangle,1491,1669,1324,,361679.7038461014,6949415.86839297,26070.37744140625,84.39255049175704,85.52468969784694,34.39255049175703,35.524689697846924,12,1841,7.95270728767e-06,
2747,triangle,279,2143,278,,360462.48705245374,6948741.436955626,6069.3642578125,71.08990287434791,70.58249271355908,21.08990287434791,20.582492713559073,12,1841,7.95270728767e-06,
2748,triangle,1769,1874,1258,,357213.35434399336,6956770.19646297,33750.9775390625,140.1563767446856,135.89638433637174,90.15637674468559,85.89638433637174,65,1681,6.32455532034e-06,
2749,triangle,1467,2036,1388,,360504.411456984,6948241.276111235,39386.07666015625,84.69455966311205,84.86590233411151,34.69455966311203,34.86590233411152,12,1841,7.95270728767e-06,
2750,triangle,1600,1973,1169,,362643.49515010696,6955818.844350365,103480.05224609375,53.33426240219943,59.19773644126247,3.3342624021994247,9.19773644126247,65,1681,6.3827036048875e-06,
2751,triangle,1200,1553,1552,,359154.5095555806,6955379.092284497,28086.91259765625,95.49882049089572,94.53027926034925,45.49882049089574,44.53027926034926,65,1681,6.32455532034e-06,
2752,triangle,1215,1716,1715,,355233.5189762499,6955452.941249759,31422.060546875,94.91529224802686,94.53754320157795,44.91529224802686,44.53754320157796,6,1721,1.189207115e-05,
2753,triangle,277,1904,1468,,360298.47455533594,6948651.525444664,12999.47509765625,76.47449883516835,75.77103913551919,26.474498835168347,25.771039135519185,12,1841,7.95270728767e-06,
2754,triangle,1730,2126,119,,355718.206780697,6948661.512882271,19477.67041015625,63.20237476598689,63.14247150682781,13.202374765986885,13.142471506827812,12,1841,7.95270728767e-06,
2755,triangle,1165,1965,1801,,361614.8288418835,6955152.849972253,84076.25390625,77.2688165322872,75.73885139870121,27.2688165322872,25.738851398701218,12,1841,7.2549278731e-06,
2756,triangle,618,2010,1404,,362191.8868156744,6954961.047651111,19613.2001953125,29.905636267422384,30.872197693430376,-20.094363732577616,-19.127802306569624,12,1841,7.95270728767e-06,
2757,triangle,1197,1914,1286,,355462.2270481738,6954545.549901006,35833.7666015625,98.15915117203627,96.15857229564047,48.159151172036275,46.15857229564046,6,1721,1.189207115e-05,
2758,triangle,1239,1964,1805,,355564.1502033673,6949876.082691955,147114.70166015625,100.19188065258712,106.46177651540923,50.19188065258712,56.46177651540925,12,1841,7.371224442195001e-06,
2759,triangle,1564,1984,1237,,355432.89864886465,6955855.486253125,33113.9169921875,95.90489191942387,96.9076061735439,45.904891919423875,46.907606173543876,6,1721,1.189207115e-05,
2760,triangle,1177,1889,1248,,356494.7916666667,6951147.526041667,39263.763671875,69.11520854244885,67.83511199567603,19.11520854244886,17.835111995676034,12,1841,7.95270728767e-06,
2761,triangle,1238,1912,1166,,357933.7339807575,6948271.81902019,58397.759765625,73.53899320024759,74.53063550976124,23.53899320024758,24.530635509761243,12,1841,7.95270728767e-06,
2762,triangle,210,2079,1975,,360627.85747906513,6953487.699303466,15113.205078125,32.48664918588159,35.011502379067984,-17.51335081411841,-14.98849762093201,12,1841,7.95270728767e-06,
2763,triangle,1181,2000,1908,,355115.30089390924,6956427.937400009,72093.6044921875,113.43309971573865,110.47673980801017,63.43309971573866,60.47673980801016,6,1721,1.189207115e-05,
2764,triangle,1637,2029,136,,356654.6210988962,6949875.09269552,10471.5576171875,67.79349669083122,62.606039314521816,17.793496690831212,12.606039314521821,12,1841,7.95270728767e-06,
2765,triangle,1797,1924,1323,,363552.8122436218,6952986.448602743,38027.37158203125,101.60022866433442,100.25291920102309,51.60022866433442,50.25291920102308,65,1681,6.32455532034e-06,
2766,triangle,1323,1800,1253,,363278.95089358767,6952910.613995169,53330.61376953125,94.88238333735234,95.53109263447628,44.88238333735234,45.53109263447627,65,1681,6.32455532034e-06,
2767,triangle,1545,1914,1197,,355565.09904259554,6954644.285180463,28518.326171875,95.88149719089623,93.19479468939552,45.88149719089622,43.19479468939553,6,1721,1.189207115e-05,
2768,triangle,1154,2147,1603,,363414.9619417141,6954232.983242259,97553.98828125,91.72157946779117,86.54265006670342,41.72157946779119,36.54265006670343,12,1841,7.95270728767e-06,
2769,triangle,401,1414,402,,357294.6428571429,6952280.357142857,7232.142578125,53.93877408940981,48.672278579403915,3.938774089409812,-1.3277214205960874,12,1841,7.95270728767e-06,
2770,triangle,1875,1896,1199,,357044.79140414676,6957384.447200936,64246.0390625,141.98741656423974,139.2420931481375,91.98741656423974,89.24209314813749,65,1681,6.32455532034e-06,
2771,triangle,1226,1973,1937,,363083.4194633686,6955838.644963761,53372.21240234375,44.586671055505676,59.37135501128753,-5.413328944494327,9.371355011287518,65,1681,6.55714845853e-06,
2772,triangle,446,2149,445,,360530.06412870175,6952359.174004273,6835.7099609375,42.61940879226262,43.604932094230485,-7.380591207737381,-6.3950679057695154,12,1841,7.95270728767e-06,
2773,triangle,1166,1912,1302,,357775.57396675186,6948254.918721609,43481.9580078125,73.03967349434716,73.3831655828638,23.03967349434716,23.383165582863807,12,1841,7.95270728767e-06,
2774,triangle,573,2011,1703,,356907.29616796505,6954175.788232721,11562.00830078125,79.77242990798334,79.81788112353105,29.77242990798333,29.817881123531055,65,1681,6.32455532034e-06,
2775,triangle,1847,2137,223,,361693.4236336848,6953879.648944159,18257.1826171875,33.55186323837552,33.173864416710025,-16.448136761624482,-16.82613558328998,12,1841,7.95270728767e-06,
2776,triangle,557,1960,1344,,363881.433078265,6954621.604275282,9636.521484375,74.7133016653462,72.1957323356342,24.71330166534618,22.195732335634215,12,1841,7.95270728767e-06,
2777,triangle,1922,2076,904,,362808.780001176,6952196.901445858,42340.78515625,125.16894612191469,119.56705218830314,75.1689461219147,69.56705218830312,65,1681,6.32455532034e-06,
2778,triangle,673,1450,1329,,359788.76274231286,6953083.112257686,12946.2685546875,36.26070820107302,36.741538010935045,-13.73929179892697,-13.258461989064953,12,1841,7.95270728767e-06,
2779,triangle,624,2148,625,,356735.6438897164,6955538.635996065,4346.54931640625,91.2666282809314,91.7255440378986,41.2666282809314,41.7255440378986,6,1721,1.189207115e-05,
2780,triangle,1801,2145,1165,,361375.4092901351,6955171.930505971,111348.89453125,107.20576567931536,106.5191315508598,57.20576567931538,56.51913155085979,65,1681,6.4408518894350004e-06,
2781,triangle,1188,1858,1749,,355549.2916651631,6951802.573180298,60168.39599609375,87.55948127777361,89.5745211129764,37.55948127777361,39.57452111297639,65,1681,6.32455532034e-06,
2782,triangle,1777,1931,547,,364449.0016711861,6954030.336827487,15399.259765625,95.65478419610818,94.33784133041809,45.654784196108196,44.33784133041809,65,1681,6.32455532034e-06,
2783,triangle,1212,1672,1333,,361326.643209538,6949098.353783595,44105.48046875,86.1914229439886,84.59301242567962,36.19142294398859,34.593012425679625,12,1841,7.95270728767e-06,
2784,triangle,1427,1430,1238,,358129.92929314583,6948516.358175923,23194.9560546875,71.47605939712803,70.0722085696402,21.476059397128033,20.0722085696402,12,1841,7.95270728767e-06,
2785,triangle,1208,1843,1534,,363995.9471444737,6954293.874310862,24002.4296875,100.88366715874933,99.13678114606488,50.88366715874933,49.13678114606487,12,1841,7.836410718575001e-06,
2786,triangle,926,1916,1845,,365953.3260155297,6955655.733698224,58771.27880859375,89.72056873086095,89.16371288749268,39.72056873086095,39.163712887492665,65,1681,6.32455532034e-06,
2787,triangle,1902,2086,1769,,357429.75505262986,6956946.608352221,26929.205078125,133.11671862410608,136.66359923874987,83.11671862410608,86.66359923874984,65,1681,6.32455532034e-06,
2788,triangle,765,2003,1322,,356137.6526578365,6956444.322096247,17108.14453125,95.95808242151166,96.88874064942569,45.95808242151166,46.88874064942568,6,1721,1.189207115e-05,
2789,triangle,1329,1650,203,,359996.07305623934,6953056.577273815,19065.865234375,34.2213990092891,35.30756260999867,-15.778600990710899,-14.69243739000133,12,1841,7.95270728767e-06,
2790,triangle,1184,2040,1793,,357336.3556247016,6947723.00379359,47456.21484375,88.51928135022611,85.7895855999278,38.51928135022611,35.7895855999278,12,1841,7.95270728767e-06,
2791,triangle,1277,1740,1327,,359473.44397346146,6952524.7978150835,33555.51123046875,48.40418445083954,47.97418090065711,-1.5958155491604575,-2.0258190993428964,12,1841,7.95270728767e-06,
2792,triangle,1274,1595,1179,,360346.42365004244,6950042.013324275,59889.9560546875,78.98265095383299,78.5104235227871,28.982650953832987,28.51042352278709,12,1841,7.95270728767e-06,
2793,triangle,1784,2028,1221,,362047.97536609886,6950097.800038853,85970.30078125,98.27725640168487,100.68568697622443,48.27725640168489,50.68568697622442,65,1681,6.4990001739825e-06,
2794,triangle,1578,1872,1203,,359100.1136648443,6956336.092381567,25803.07177734375,122.95065931214508,120.02333413696304,72.95065931214508,70.02333413696304,65,1681,6.32455532034e-06,
2795,triangle,209,1975,1652,,360508.75,6953366.25,16734.375,33.02666635036469,33.843000408808415,-16.97333364963531,-16.156999591191582,12,1841,7.95270728767e-06,
2796,triangle,287,1976,1471,,360489.87364867347,6949350.770322517,16432.3994140625,72.36793848979727,66.65226446884071,22.367938489797275,16.652264468840716,12,1841,7.95270728767e-06,
2797,triangle,1347,1546,693,,355950.0,6955100.0,15468.75,83.33333587646484,82.40833346048991,33.333335876464844,32.40833346048991,6,1721,1.189207115e-05,
2798,triangle,1165,2145,2053,,361223.82664125244,6954912.199584957,106503.4951171875,133.12316527830126,116.2368150983156,83.12316527830126,66.23681509831559,65,1681,6.6152967430775e-06,
2799,triangle,1239,1732,1304,,355663.8064387466,6949333.28714712,55557.79833984375,75.50250518455175,75.9407690117449,25.50250518455175,25.940769011744905,12,1841,7.95270728767e-06,
2800,triangle,1173,1702,1619,,357233.2561527389,6953904.770532745,56510.126953125,96.6519821497792,93.2712601554149,46.651982149779194,43.2712601554149,65,1681,6.32455532034e-06,
2801,triangle,1204,1479,1311,,359066.35171837755,6951035.044720304,34357.0126953125,65.8700117025556,63.70070501779079,15.8700117025556,13.70070501779078,12,1841,7.95270728767e-06,
2802,triangle,1826,2135,1711,,359103.4869599988,6954495.404193006,31187.3603515625,83.14601272853757,79.599715088458,33.14601272853757,29.599715088458,65,1681,6.32455532034e-06,
2803,triangle,1410,1616,1475,,359366.5807720018,6949974.869331303,58311.8642578125,81.20978358123513,74.79905855481384,31.20978358123513,24.79905855481385,12,1841,7.95270728767e-06,
2804,triangle,1750,2055,827,,358414.7954071967,6957715.098360545,38556.4931640625,170.8495423061192,169.97690149253708,120.8495423061192,119.9769014925371,65,1681,6.32455532034e-06,
2805,triangle,1205,1857,1758,,359381.1936300504,6952067.247842808,39028.283203125,56.09376972887091,53.0427523816673,6.0937697288709085,3.0427523816672974,12,1841,7.95270728767e-06,
2806,triangle,1475,1476,1410,,359290.96262179286,6950137.143542062,44118.1787109375,85.36655400663966,79.75436073373932,35.366554006639674,29.754360733739315,12,1841,7.95270728767e-06,
2807,triangle,1184,1852,1247,,357101.10451722454,6948094.659100406,56064.5498046875,67.08526038611123,67.87545890418403,17.08526038611123,17.87545890418403,12,1841,7.95270728767e-06,
2808,triangle,1189,1870,1558,,359814.02770033694,6954983.156061704,52824.11865234375,96.22606635814483,104.16168454344266,46.22606635814484,54.161684543442654,65,1681,6.32455532034e-06,
2809,triangle,1653,1879,1254,,360838.88075597276,6953272.163451291,31890.60791015625,33.06943916675318,34.64436685750056,-16.930560833246826,-15.355633142499437,12,1841,7.95270728767e-06,
2810,triangle,1308,1457,1202,,362024.0664264892,6954093.592471641,36690.48876953125,36.60405152785609,37.204049959592595,-13.395948472143907,-12.795950040407405,12,1841,7.95270728767e-06,
2811,triangle,1487,1856,1276,,358935.6810789705,6951851.256017818,23355.79931640625,51.57338350609524,50.644692503387624,1.573383506095237,0.6446925033876232,12,1841,7.95270728767e-06,
2812,triangle,1202,2137,1847,,361847.9707746911,6953858.675585619,27813.9228515625,38.025237352039916,39.689409032706145,-11.974762647960086,-10.310590967293855,12,1841,7.95270728767e-06,
2813,triangle,1667,2067,339,,360956.8948412698,6948915.625,5838.6474609375,71.28094063233982,71.5502505551923,21.28094063233982,21.55025055519231,12,1841,7.95270728767e-06,
2814,triangle,428,2068,1684,,361867.012987013,6951824.870129869,5964.69189453125,88.40127787836362,89.59332962059075,38.401277878363615,39.59332962059075,12,1841,7.836410718575001e-06,
2815,triangle,1245,1970,1786,,357860.5318768826,6957671.5173665555,69936.404296875,175.23606662654768,169.18743886411292,125.2360666265477,119.18743886411289,65,1681,6.32455532034e-06,
2816,triangle,850,1890,1825,,354910.07169703714,6952968.205586761,42479.353515625,136.0090023578766,134.11015083954317,86.0090023578766,84.11015083954318,65,1681,6.32455532034e-06,
2817,triangle,1741,2038,1188,,355388.63126181904,6952199.430453795,51195.54931640625,115.94750710248009,114.0635180941941,65.94750710248009,64.0635180941941,65,1681,6.32455532034e-06,
2818,triangle,630,1991,1708,,356401.54887637496,6955311.339261883,15179.20703125,87.44019478884816,87.77214891207869,37.44019478884815,37.77214891207869,6,1721,1.189207115e-05,
2819,triangle,1552,1553,640,,359252.48726576124,6955468.92843863,10488.7490234375,81.21234781376731,81.53280095770529,31.21234781376732,31.53280095770529,65,1681,6.32455532034e-06,
2820,triangle,1281,1286,1193,,355260.21575391415,6954332.568989451,39550.1962890625,98.48142555410479,99.16202086450335,48.48142555410479,49.162020864503354,6,1721,1.189207115e-05,
2821,triangle,1208,2147,1223,,363801.637605661,6954076.403932889,67909.6533203125,102.67308338283195,103.32773711815362,52.67308338283195,53.327737118153635,12,1841,7.72011414948e-06,
2822,triangle,1292,1409,1164,,358538.1016145742,6956239.481574859,41124.70849609375,135.88067805475094,131.01748713543455,85.88067805475094,81.01748713543455,6,1721,1.1295551596822145e-05,
2823,triangle,1736,2062,1215,,354962.5,6955134.077644126,23979.564453125,101.66647380975729,99.44342853160617,51.666473809757306,49.44342853160617,6,1721,1.189207115e-05,
2824,triangle,610,1538,1326,,356588.0385487529,6954141.7233560085,16313.775390625,82.15647075158198,80.51937663122908,32.15647075158198,30.519376631229076,65,1681,6.921074873517858e-06,
2825,triangle,1457,2137,1202,,361905.8575465463,6954001.349701982,38464.2763671875,34.78613814623407,35.219301506851416,-15.213861853765923,-14.78069849314859,12,1841,7.95270728767e-06,
2826,triangle,901,1972,1846,,363015.73640370014,6951042.128629916,35058.15234375,116.429727125572,117.31217871337954,66.42972712557199,67.31217871337954,65,1681,6.32455532034e-06,
2827,triangle,1407,1908,839,,354654.34195503284,6956349.983485649,67483.30224609375,114.86503239319055,110.49710754547819,64.86503239319055,60.4971075454782,6,1721,1.189207115e-05,
2828,triangle,1887,1900,916,,367281.14615763375,6953809.6546060825,36022.59130859375,166.5850020354835,164.36929665390986,116.58500203548353,114.36929665390987,65,1681,6.32455532034e-06,
2829,triangle,1797,2058,1296,,363854.62196657405,6952915.642397785,60768.19140625,111.61869772269633,113.52323806635364,61.618697722696325,63.523238066353635,65,1681,6.32455532034e-06,
2830,triangle,1371,1987,1761,,354558.51818481094,6954395.383692406,64563.193359375,101.62053786848128,104.23419280435179,51.62053786848128,54.2341928043518,6,1721,1.189207115e-05,
2831,triangle,1253,2105,1323,,363231.97860953305,6952740.700395602,60674.8720703125,107.89995825919912,108.58941516582807,57.89995825919911,58.589415165828065,65,1681,6.32455532034e-06,
2832,triangle,1569,1816,695,,360156.4818046224,6956600.0,12343.80419921875,116.24035365348492,115.81761607283211,66.24035365348495,65.81761607283212,65,1681,6.32455532034e-06,
2833,triangle,1603,1960,1699,,363614.09390238696,6954666.88873034,38559.46923828125,70.52027033331711,66.95741052283479,20.520270333317118,16.9574105228348,12,1841,7.95270728767e-06,
2834,triangle,1822,1864,1529,,357047.64638354746,6953045.349573272,18191.8671875,77.88385627245776,73.37046274521441,27.883856272457756,23.37046274521441,65,1681,6.32455532034e-06,
2835,triangle,1565,1716,1242,,355440.1789953787,6955317.762265173,19333.03076171875,91.20514178358482,91.10878464572079,41.205141783584814,41.10878464572079,6,1721,1.189207115e-05,
2836,triangle,1846,1972,1354,,362873.96375654615,6950898.798251203,52882.04345703125,113.49961524946094,112.72997200949601,63.499615249460945,62.72997200949599,65,1681,6.32455532034e-06,
2837,triangle,216,1855,1795,,361099.59355475596,6953439.989378709,12869.97802734375,28.7512393485106,29.111019174193633,-21.248760651489402,-20.888980825806367,12,1841,7.95270728767e-06,
2838,triangle,1326,1548,609,,356549.2346938776,6954265.051020409,10274.234375,82.42041279526924,81.13235754081616,32.42041279526926,31.132357540816148,6,1721,1.189207115e-05,
2839,triangle,1464,1466,1225,,356394.1526661907,6948171.025600925,25896.052734375,64.1791178583322,64.6303435748386,14.179117858332198,14.63034357483861,12,1841,7.95270728767e-06,
2840,triangle,1341,1517,1219,,363288.92527406156,6953535.489758685,32187.033203125,84.16067923022922,80.84797345357535,34.16067923022923,30.84797345357535,12,1841,7.8945590031225e-06,
2841,triangle,1328,2129,1754,,358244.5468784182,6952902.212249351,18106.08984375,52.64272064436995,51.82943295052659,2.6427206443699496,1.8294329505265887,12,1841,7.95270728767e-06,
2842,triangle,2053,2145,1141,,360966.13433356007,6954927.584200342,103053.4345703125,152.68093907643998,139.95466528120645,102.68093907643998,89.95466528120647,65,1681,6.32455532034e-06,
2843,triangle,1259,1950,1329,,359904.5864812849,6953289.76793053,20792.03515625,43.415353653110245,43.18523858963843,-6.584646346889755,-6.814761410361565,12,1841,7.95270728767e-06,
2844,triangle,1517,1971,1219,,363426.0812350002,6953544.076584226,35022.1875,89.34475313113728,85.22214165961402,39.34475313113728,35.22214165961402,65,1681,7.138631304005e-06,
2845,triangle,698,2116,1839,,360023.85640741186,6956275.593797258,15487.56005859375,108.14251981719664,107.17811924359027,58.142519817196636,57.17811924359027,65,1681,6.32455532034e-06,
2846,triangle,1263,1828,1237,,355688.7687308348,6955879.892897098,36878.9140625,96.9147958755043,96.06506420602084,46.914795875504296,46.06506420602083,6,1721,1.189207115e-05,
2847,triangle,1769,2086,1874,,357289.11093039624,6956866.585963962,12329.78076171875,138.62621078945685,136.1408527760465,88.62621078945683,86.14085277604651,65,1681,6.32455532034e-06,
2848,triangle,1242,1716,1215,,355290.1789953787,6955317.762265173,40468.99853515625,95.24664127521999,95.41711772474098,45.246641275219986,45.41711772474097,6,1721,1.189207115e-05,
2849,triangle,1356,2039,2030,,356327.6876539031,6947379.752476461,54058.20458984375,68.36421065920517,71.11207149248308,18.36421065920517,21.112071492483075,12,1841,7.95270728767e-06,
2850,triangle,1860,2132,1198,,361586.5418728735,6952199.048897845,39700.931640625,80.70082304809907,82.98820732187245,30.700823048099075,32.98820732187247,12,1841,7.95270728767e-06,
2851,triangle,125,1925,1338,,356172.67361111107,6949165.173611111,13882.8125,71.63157160076697,67.38281118363966,21.631571600766975,17.382811183639657,12,1841,7.95270728767e-06,
2852,triangle,1192,1614,1338,,356512.56809202646,6949214.868555437,52584.90234375,86.25143908777179,79.25086724783073,36.25143908777178,29.250867247830726,12,1841,7.95270728767e-06,
2853,triangle,1498,1859,1187,,355694.20507094724,6951133.895799544,44512.3896484375,85.94140776739306,84.8250651659817,35.941407767393066,34.825065165981705,65,1681,6.789741596720001e-06,
2854,triangle,1334,1996,1225,,356198.77893793915,6947994.413737555,39948.15185546875,69.5379297265376,69.4392990681868,19.537929726537612,19.43929906818681,12,1841,7.95270728767e-06,
2855,triangle,1772,2043,538,,365121.88007386326,6954065.2319764085,13146.7197265625,103.39670976318433,102.15526631599757,53.39670976318432,52.15526631599757,65,1681,6.32455532034e-06,
2856,triangle,384,2042,1771,,356089.2170910989,6951362.320688884,14319.02880859375,70.8488713637071,69.34027254546982,20.8488713637071,19.340272545469812,12,1841,7.95270728767e-06,
2857,triangle,1516,1687,1280,,360661.95752637245,6952667.548038751,30089.5673828125,53.488605436859494,50.04203007935427,3.4886054368594923,0.04203007935426525,12,1841,7.95270728767e-06,
2858,triangle,1523,1690,1282,,355568.34086824366,6953787.88038012,21663.74609375,92.64111466871788,91.53897242591917,42.641114668717876,41.53897242591918,65,1681,6.921074873517858e-06,
2859,triangle,1416,2051,2032,,357692.5120997973,6951394.315823334,62064.6708984375,74.65429751712345,71.60644933859072,24.654297517123453,21.60644933859072,12,1841,7.95270728767e-06,
2860,triangle,1184,1793,1752,,357374.8589215179,6947928.986637362,56633.248046875,84.04381852107213,80.220503272406,34.04381852107213,30.220503272406003,12,1841,7.95270728767e-06,
2861,triangle,1830,1921,909,,364539.31485784444,6952643.09393857,29319.16162109375,146.20852794508144,146.23109283235516,96.20852794508146,96.23109283235516,65,1681,6.32455532034e-06,
2862,triangle,277,2143,1904,,360348.4616077897,6948730.46240029,15264.99365234375,76.34375944303973,74.80353261201772,26.34375944303972,24.803532612017708,12,1841,7.95270728767e-06,
2863,triangle,1501,2102,1361,,356663.5866582962,6951476.933128719,23457.16064453125,62.64864550247278,60.76049379409827,12.64864550247278,10.760493794098267,12,1841,7.95270728767e-06,
2864,triangle,1992,2008,889,,360475.4435632567,6947659.556436744,40022.77734375,101.61801299709387,103.07778862177459,51.61801299709388,53.07778862177457,12,1841,7.95270728767e-06,
2865,triangle,1261,1969,1532,,365126.658725045,6953665.126231576,49059.068359375,135.2952209635099,137.6850396076969,85.2952209635099,87.68503960769691,65,1681,6.32455532034e-06,
2866,triangle,1571,1840,702,,359815.1744923356,6956098.115649067,12240.61328125,97.07809938602392,96.97604526800235,47.078099386023936,46.976045268002345,65,1681,6.32455532034e-06,
2867,triangle,1753,2059,1152,,364806.57170810277,6955083.047058742,123995.0625,94.55003851880576,83.19752380944392,44.55003851880577,33.19752380944393,65,1681,6.3827036048875e-06,
2868,triangle,1849,1916,927,,365567.2784143306,6955601.598505986,87625.5751953125,77.60215949516616,76.55126066218247,27.60215949516616,26.551260662182468,65,1681,6.32455532034e-06,
2869,triangle,1622,2006,1391,,353914.45383268775,6950584.781306312,51005.4501953125,108.90841985494944,110.02970952576362,58.908419854949436,60.02970952576362,65,1681,6.32455532034e-06,
2870,triangle,1210,1903,1173,,357103.362477775,6953595.578645556,48566.62744140625,96.85386590417089,95.49358084771318,46.853865904170895,45.493580847713154,65,1681,6.32455532034e-06,
2871,triangle,1636,1787,128,,356137.6875985165,6949502.596878439,15244.404296875,57.82507533013079,59.29986095660195,7.825075330130785,9.299860956601945,12,1841,7.95270728767e-06,
2872,triangle,1723,1807,762,,356425.4999812339,6956395.8811649205,13761.3466796875,97.26911226288459,97.29191794205595,47.2691122628846,47.29191794205595,6,1721,1.189207115e-05,
2873,triangle,1635,2130,123,,355915.54846938775,6949134.451530613,14439.8916015625,60.39445389693539,59.44190765119742,10.394453896935385,9.441907651197415,12,1841,7.95270728767e-06,
2874,triangle,249,1948,1937,,363163.1360786955,6955565.762489225,6299.943359375,34.26349368921568,32.27747749439852,-15.736506310784321,-17.722522505601486,12,1841,7.95270728767e-06,
2875,triangle,1436,1927,1225,,356272.89496158756,6948371.090064977,38443.9990234375,69.14341908627732,67.09829031749581,19.14341908627733,17.09829031749582,12,1841,7.95270728767e-06,
2876,triangle,1241,1724,1175,,356340.52098613535,6957266.49438481,100561.00146484375,129.42370804543762,135.70666920185724,79.42370804543762,85.70666920185722,65,1681,6.722235022458572e-06,
2877,triangle,1275,1482,1398,,359434.86393512366,6951467.292203286,31127.6337890625,50.90717181333067,52.228192314002165,0.9071718133306695,2.228192314002164,12,1841,7.95270728767e-06,
2878,triangle,1399,1512,1279,,361032.19965728436,6951816.199482155,32644.52734375,63.917673794141486,59.76351805124859,13.917673794141482,9.76351805124859,12,1841,7.95270728767e-06,
2879,triangle,1165,2056,1255,,361698.07441028807,6954755.902322101,68332.4150390625,54.07277454567495,57.77206044727682,4.072774545674955,7.772060447276815,12,1841,7.95270728767e-06,
2880,triangle,1776,2148,623,,356823.1438897164,6955612.857739359,15318.130859375,96.17019996477794,96.83507496730066,46.170199964777936,46.83507496730065,6,1721,1.189207115e-05,
2881,triangle,1311,1884,1204,,358919.20712398057,6950969.162687354,38963.88818359375,71.35202166203892,68.83017603318852,21.35202166203893,18.830176033188508,12,1841,7.95270728767e-06,
2882,triangle,182,1938,1766,,358594.6937816064,6952815.022510561,12246.12841796875,40.15551427302703,40.57368977468851,-9.844485726972971,-9.426310225311495,12,1841,7.95270728767e-06,
2883,triangle,1348,1568,1201,,359811.09343540063,6956664.416345407,38261.8203125,130.00212184522914,126.34117649743462,80.00212184522914,76.34117649743462,65,1681,6.32455532034e-06,
2884,triangle,1934,2050,826,,358960.4922477037,6957414.358916269,29906.93017578125,165.35924331215435,165.35199802697534,115.35924331215433,115.35199802697537,65,1681,6.32455532034e-06,
2885,triangle,1281,1952,1197,,355538.7201542517,6954259.170808612,35823.3798828125,90.51398765840266,91.25977003056686,40.513987658402655,41.25977003056685,6,1721,1.189207115e-05,
2886,triangle,561,1893,1536,,363652.6938583702,6955039.489437914,12661.2763671875,47.858189471979124,48.094573183674065,-2.141810528020884,-1.9054268163259387,12,1841,7.95270728767e-06,
2887,triangle,1322,1373,765,,356071.1646422974,6956358.898737243,19974.37646484375,93.69602876360953,94.92565062481223,43.69602876360953,44.925650624812214,6,1721,1.189207115e-05,
2888,triangle,1266,1757,1166,,358080.478742735,6948001.365680508,38221.8994140625,87.0477630569074,83.64221831253528,37.047763056907414,33.642218312535284,12,1841,7.95270728767e-06,
2889,triangle,1265,1421,1301,,358799.9859956286,6947720.8817011835,27232.7958984375,86.22625306365316,86.18156075322456,36.22625306365316,36.18156075322455,12,1841,7.95270728767e-06,
2890,triangle,2008,2009,888,,360254.17761544883,6947465.326918662,43047.42333984375,109.82123505400631,107.8632531749741,59.82123505400631,57.86325317497409,12,1841,7.95270728767e-06,
2891,triangle,1530,1903,519,,357110.2027997878,6953318.231679507,10904.5625,78.02737058644425,75.71359067277793,28.02737058644425,25.713590672777915,65,1681,6.32455532034e-06,
2892,triangle,518,1903,1528,,356977.25622627203,6953323.643803279,12221.103515625,83.18441290331775,78.39862228949958,33.18441290331775,28.39862228949958,65,1681,6.32455532034e-06,
2893,triangle,1267,1998,1408,,358406.5779883382,6949040.54105652,23521.9443359375,79.07785901494144,78.06916484980368,29.077859014941424,28.069164849803684,12,1841,7.95270728767e-06,
2894,triangle,1294,1814,1745,,354667.6050982244,6950427.335833433,55370.58544921875,118.06538712629784,117.11423927236562,68.06538712629784,67.1142392723656,65,1681,6.32455532034e-06,
2895,triangle,1238,1940,1628,,358266.53897570976,6948366.182907023,21077.330078125,74.95795643680262,73.28011684897588,24.957956436802633,23.280116848975876,12,1841,7.95270728767e-06,
2896,triangle,1764,1872,720,,358948.91687452886,6956442.598946956,13730.1376953125,124.25117323173903,121.80854040335056,74.25117323173902,71.80854040335056,65,1681,6.32455532034e-06,
2897,triangle,1878,1950,1259,,359909.86829234584,6953406.16814592,18404.12890625,46.45452746496109,46.131932990953224,-3.545472535038911,-3.868067009046776,12,1841,7.836410718575001e-06,
2898,triangle,1888,2079,212,,360791.2860939882,6953622.669860713,12832.255859375,33.26178656083804,33.737301848897005,-16.738213439161957,-16.26269815110299,12,1841,7.603817580385e-06,
2899,triangle,1597,2007,1236,,356581.62246875506,6954558.811413729,28740.380859375,88.08541467950675,85.86115475272926,38.08541467950674,35.861154752729284,6,1721,1.189207115e-05,
2900,triangle,486,2124,485,,362437.3587527285,6954260.947666083,4234.640625,35.53347167675009,35.36504626885397,-14.46652832324991,-14.634953731146027,12,1841,7.95270728767e-06,
2901,triangle,1589,2141,1176,,359966.9435046799,6955774.987017262,63334.15625,132.96719661649107,130.04267002692941,82.96719661649107,80.04267002692943,65,1681,6.32455532034e-06,
2902,triangle,648,1756,1365,,359384.3819569412,6954860.000367522,17737.99658203125,86.7897516826009,84.0625938552843,36.78975168260091,34.06259385528431,65,1681,6.32455532034e-06,
2903,triangle,78,1940,1757,,358326.06125371467,6948175.49067613,14791.73974609375,78.69802680804054,77.21747951383372,28.698026808040545,27.217479513833723,12,1841,7.95270728767e-06,
2904,triangle,1244,1655,1600,,362637.157772692,6955370.491106026,44235.7529296875,32.61453235986989,31.121685994405272,-17.385467640130106,-18.878314005594724,12,1841,7.95270728767e-06,
2905,triangle,1203,1868,1827,,359169.15522101684,6955984.646402919,39378.5390625,109.23841773181002,106.02508029081402,59.23841773181002,56.025080290814024,65,1681,6.32455532034e-06,
2906,triangle,1611,1959,1751,,358871.2402908958,6948593.485098094,47912.16162109375,87.88640544536455,84.13394406649958,37.886405445364545,34.13394406649959,12,1841,7.95270728767e-06,
2907,triangle,1875,1988,755,,356888.79756890936,6957064.204203119,12080.0009765625,120.848620924551,121.80219875503752,70.84862092455099,71.80219875503752,65,1681,6.32455532034e-06,
2908,triangle,542,1943,1773,,364774.1353531656,6954067.743130197,11489.74853515625,96.14141268115233,96.24945851937791,46.14141268115233,46.249458519377896,65,1681,6.32455532034e-06,
2909,triangle,498,2060,1844,,355825.0,6954125.850309164,15444.22021484375,82.36061663812711,83.34035868351583,32.3606166381271,33.34035868351583,6,1721,1.189207115e-05,
2910,triangle,1296,1921,1731,,364335.0138460542,6952896.931434962,57255.29638671875,126.56708469229532,126.84956493925681,76.56708469229531,76.84956493925681,65,1681,6.32455532034e-06,
2911,triangle,1906,2037,1377,,354750.22514303477,6951466.832241048,34376.30224609375,96.58653193156341,97.35726829202929,46.5865319315634,47.35726829202929,65,1681,6.32455532034e-06,
2912,triangle,1593,1953,1399,,361353.81893571443,6951651.937536421,33183.314453125,74.0069432355654,73.77855666033734,24.006943235565405,23.778556660337333,12,1841,7.95270728767e-06,
2913,triangle,1844,1952,497,,355695.4650192815,6954117.610254082,16498.14697265625,83.58298227272891,84.24371580272121,33.58298227272892,34.24371580272122,6,1721,1.189207115e-05,
2914,triangle,1209,1973,1226,,363125.9487308694,6956059.153403339,86267.60400390625,67.90993472984802,71.68607755692547,17.90993472984801,21.68607755692547,65,1681,6.32455532034e-06,
2915,triangle,1848,1865,544,,364641.33534082025,6954245.411322276,13639.6650390625,95.1267272714815,94.31713653802454,45.1267272714815,44.31713653802453,65,1681,6.32455532034e-06,
2916,triangle,1803,2005,1220,,362883.6015817858,6954872.701000988,32830.486328125,28.373893308339206,30.119201089923944,-21.626106691660798,-19.880798910076056,12,1841,7.95270728767e-06,
2917,triangle,1350,1879,208,,360580.6515799462,6953162.310662292,19690.06982421875,35.35532688325305,32.78169941177024,-14.644673116746945,-17.218300588229756,12,1841,7.95270728767e-06,
2918,triangle,1365,1826,653,,359340.5541993682,6954616.478740032,18219.43896484375,72.19872117485072,75.02873875949598,22.19872117485071,25.02873875949598,65,1681,6.32455532034e-06,
2919,triangle,1382,1827,706,,359428.1199909411,6956040.708677215,17208.45068359375,97.20580857400597,95.32577227659635,47.20580857400597,45.32577227659636,65,1681,6.32455532034e-06,
2920,triangle,740,1828,1351,,355899.66035974055,6955990.780526012,17840.52734375,89.69486169686012,90.27331937716137,39.69486169686012,40.27331937716137,6,1721,1.189207115e-05,
2921,triangle,667,1878,1560,,359777.2375820056,6953575.0,11627.591796875,48.05068181661646,46.85632593458221,-1.9493181833835422,-3.1436740654177946,65,1681,6.32455532034e-06,
2922,triangle,1211,2029,1637,,356726.8082031988,6949754.422068381,28061.87841796875,78.56487486886266,73.9766651911822,28.564874868862653,23.976665191182217,12,1841,7.95270728767e-06,
2923,triangle,180,1645,1374,,358345.5858375312,6952568.138558215,11385.4765625,43.36623236327456,44.213600388687404,-6.633767636725439,-5.786399611312594,12,1841,7.95270728767e-06,
2924,triangle,164,1642,1358,,357262.1226615647,6951985.942814626,13672.671875,49.25026207658317,49.306371564992475,-0.7497379234168302,-0.693628435007529,12,1841,7.95270728767e-06,
2925,triangle,2017,2038,852,,355102.7147483623,6952076.844435506,47426.7607421875,115.63301222035022,115.77127286619607,65.63301222035022,65.7712728661961,65,1681,6.32455532034e-06,
2926,triangle,1477,2144,312,,359297.62960825954,6950854.90131897,12895.1640625,52.669927731640485,53.46455288202558,2.669927731640484,3.464552882025588,12,1841,7.95270728767e-06,
2927,triangle,1427,1628,84,,358341.384149323,6948560.097756304,13265.8193359375,70.45537781378125,69.84816610876987,20.455377813781254,19.848166108769874,12,1841,7.95270728767e-06,
2928,triangle,1647,1648,189,,359169.9651799057,6952613.6760061225,12381.39697265625,39.09074506595168,37.91213015167242,-10.90925493404832,-12.08786984832758,12,1841,7.95270728767e-06,
2929,triangle,286,1660,1659,,360431.95105546596,6949152.79441575,16876.2900390625,67.38086928156909,64.02034357540249,17.380869281569097,14.02034357540249,12,1841,7.95270728767e-06,
2930,triangle,1682,1683,411,,358792.1908086962,6951264.443857712,11971.05810546875,51.48552324801703,51.28619798692836,1.4855232480170377,1.2861979869283544,12,1841,7.95270728767e-06,
2931,triangle,1446,1696,531,,357900.9644047082,6952678.257289026,12220.3603515625,41.67025550100112,42.07321514113309,-8.329744498998876,-7.926784858866907,12,1841,7.95270728767e-06,
2932,triangle,1715,1716,683,,355321.0189762499,6955565.441249759,12741.7744140625,88.61990806683862,89.94587729785074,38.61990806683862,39.94587729785075,6,1721,1.189207115e-05,
2933,triangle,1321,1401,565,,363408.11989541864,6955280.994045079,12609.154296875,44.42815457217398,42.59035387281256,-5.571845427826017,-7.4096461271874405,12,1841,7.95270728767e-06,
2934,triangle,1163,1413,1250,,361843.83265966905,6951201.231606126,48614.43505859375,100.3364807146948,100.9836193422471,50.336480714694815,50.983619342247096,65,1681,6.32455532034e-06,
2935,triangle,1812,1881,1722,,356322.894026661,6956701.612873661,23971.9912109375,106.17747647267721,109.06374976864235,56.17747647267722,59.06374976864236,6,1721,1.189207115e-05,
2936,triangle,285,1470,1357,,360704.5942662779,6949127.04324587,9394.50830078125,69.72571742410722,68.35537046105439,19.72571742410721,18.355370461054395,12,1841,7.95270728767e-06,
2937,triangle,1607,2044,1269,,357193.04328160454,6950843.615843619,31790.6826171875,64.11996062806479,62.482214110388746,14.119960628064787,12.482214110388744,12,1841,7.95270728767e-06,
2938,triangle,728,1719,1382,,359466.8986083581,6956272.786255804,16188.82177734375,102.04144241197059,98.89059898366803,52.04144241197061,48.890598983668035,65,1681,6.32455532034e-06,
2939,triangle,1381,1707,619,,362377.046595847,6955058.764282922,17183.8212890625,30.096518300521176,30.228539067752234,-19.903481699478824,-19.771460932247766,12,1841,7.95270728767e-06,
2940,triangle,848,2015,1995,,354645.5709708699,6953439.379277171,30393.4833984375,109.18422802840286,109.1871821142683,59.184228028402856,59.1871821142683,65,1681,6.32455532034e-06,
2941,triangle,1198,2132,2083,,361734.1041841141,6952339.056535766,74137.86572265625,87.4877361589512,90.75609713877718,37.48773615895119,40.756097138777164,12,1841,7.95270728767e-06,
2942,triangle,58,1418,57,,359187.5,6946662.5,5625.0,90.5222231547038,91.29166666666667,40.52222315470379,41.291666666666664,12,1841,7.95270728767e-06,
2943,triangle,57,1419,58,,359237.5,6946712.5,5625.0,90.45555750528972,90.64999961853027,40.45555750528972,40.64999961853027,12,1841,7.95270728767e-06,
2944,triangle,71,1420,70,,358584.1143896775,6947557.161361505,6606.478515625,79.46935047524696,79.82054982458588,29.469350475246962,29.820549824585886,12,1841,7.95270728767e-06,
2945,triangle,70,1421,71,,358637.4979993755,6947622.625957313,6763.9453125,78.61980672695593,79.1887837370765,28.619806726955932,29.18878373707651,12,1841,7.95270728767e-06,
2946,triangle,73,1422,72,,358500.8895186754,6947702.884518783,8012.9208984375,76.05031962692374,76.85117800317812,26.05031962692375,26.851178003178116,12,1841,7.95270728767e-06,
2947,triangle,72,1423,73,,358558.41636672243,6947767.268814455,5702.08251953125,75.42302451986478,76.12679951853903,25.42302451986478,26.126799518539034,12,1841,7.95270728767e-06,
2948,triangle,77,1424,76,,358434.7045986582,6948009.044160466,6328.2646484375,75.25682242332732,75.97004765795027,25.25682242332733,25.970047657950285,12,1841,7.95270728767e-06,
2949,triangle,76,1425,77,,358487.55392336164,6948071.115651536,6600.3271484375,75.4283755672887,76.24282060241576,25.428375567288715,26.242820602415776,12,1841,7.95270728767e-06,
2950,triangle,81,1426,82,,358493.42897363775,6948379.489316042,7193.21142578125,72.80680067009295,73.23716907724024,22.806800670092958,23.237169077240235,12,1841,7.95270728767e-06,
2951,triangle,82,1628,81,,358429.1709828063,6948429.804210314,5696.23828125,69.79579688537285,70.40500587369412,19.79579688537285,20.405005873694126,12,1841,7.95270728767e-06,
2952,triangle,86,1427,85,,358287.21316651657,6948680.29354599,6467.9951171875,67.46297496666853,67.44316023507575,17.462974966668536,17.443160235075748,12,1841,7.95270728767e-06,
2953,triangle,88,1427,87,,358187.21316651657,6948680.29354599,6403.45751953125,66.78276427340398,66.94316023507575,16.782764273403977,16.943160235075748,12,1841,7.95270728767e-06,
2954,triangle,87,1429,88,,358130.16581632657,6948741.2580444105,6872.8759765625,66.84329494592853,68.36838887815536,16.843294945928537,18.368388878155354,12,1841,7.95270728767e-06,
2955,triangle,91,1430,90,,357970.92866164324,6948616.776914847,6092.07177734375,65.81528695071594,66.16238935448638,15.81528695071595,16.162389354486383,12,1841,7.95270728767e-06,
2956,triangle,90,1431,91,,357899.08322704077,6948672.578851034,8268.2578125,66.06237948728209,67.35397431967355,16.06237948728209,17.35397431967355,12,1841,7.95270728767e-06,
2957,triangle,104,1432,103,,356985.92853674927,6948387.061633588,5497.52685546875,59.007535720160206,59.26880576708573,9.007535720160202,9.268805767085736,12,1841,7.95270728767e-06,
2958,triangle,103,1433,104,,356933.9285714286,6948431.31949124,5331.478515625,58.87504926212599,59.00848578803882,8.87504926212598,9.00848578803882,12,1841,7.95270728767e-06,
2959,triangle,109,1435,110,,356544.8030153378,6948601.436425906,8014.4365234375,57.64800213613482,58.175468475011456,7.648002136134819,8.17546847501146,12,1841,7.95270728767e-06,
2960,triangle,110,1436,109,,356484.9741826774,6948524.207585995,7404.55126953125,57.067585649493445,57.884213802149965,7.067585649493442,7.884213802149969,12,1841,7.95270728767e-06,
2961,triangle,132,1437,133,,356465.74569389597,6949662.3833438335,6003.26416015625,57.03057996684469,58.56539139713618,7.030579966844689,8.565391397136183,12,1841,7.95270728767e-06,
2962,triangle,133,1438,132,,356412.5,6949712.5,5625.0,54.380555788675956,55.27500057220459,4.3805557886759505,5.27500057220459,12,1841,7.95270728767e-06,
2963,triangle,144,1439,145,,356824.4047619048,6950487.5,4151.7861328125,51.23875663898725,50.79920634012438,1.2387566389872455,0.799206340124376,12,1841,7.95270728767e-06,
2964,triangle,145,1440,144,,356786.24823029916,6950541.968691926,6268.5517578125,50.52846478920213,52.18834145287355,0.5284647892021241,2.1883414528735514,12,1841,7.95270728767e-06,
2965,triangle,148,1441,149,,356914.3104616254,6950784.234555185,6196.03955078125,53.91045712912508,52.32648735545077,3.9104571291250805,2.326487355450773,12,1841,7.95270728767e-06,
2966,triangle,149,1442,148,,356867.87970079813,6950838.840020083,5170.5361328125,50.67245061065645,51.60043749525756,0.6724506106564426,1.6004374952575573,12,1841,7.95270728767e-06,
2967,triangle,153,1443,152,,356860.87457130227,6951087.2033601105,5841.2333984375,46.530595650916936,47.98571677632342,-3.469404349083067,-2.014283223676574,12,1841,7.95270728767e-06,
2968,triangle,152,1444,153,,356910.5085621003,6951141.071428572,5802.7490234375,49.11379985811388,48.318709879117165,-0.8862001418861264,-1.6812901208828357,12,1841,7.95270728767e-06,
2969,triangle,218,1451,217,,361212.0941558441,6953607.437094156,5101.08056640625,26.782806136028306,26.634093508031345,-23.217193863971698,-23.365906491968648,12,1841,7.95270728767e-06,
2970,triangle,219,1452,220,,361337.5,6953712.5,5625.0,27.022222571902805,27.299999713897705,-22.9777774280972,-22.700000286102295,12,1841,7.95270728767e-06,
2971,triangle,225,1453,226,,361562.5,6954087.5,5625.0,25.663888719346794,25.525000254313152,-24.336111280653213,-24.474999745686848,12,1841,7.95270728767e-06,
2972,triangle,228,1454,227,,361662.5,6954212.5,5625.0,26.13888915379843,27.25000015894572,-23.86111084620157,-22.74999984105428,12,1841,7.95270728767e-06,
2973,triangle,227,1455,228,,361706.25,6954166.666666667,4453.125,25.680555555552864,25.566666656070282,-24.319444444447136,-24.433333343929718,12,1841,7.95270728767e-06,
2974,triangle,230,1456,229,,361816.2574404762,6954288.318452381,5294.3642578125,26.55648160497623,27.153846138926053,-23.443518395023766,-22.846153861073947,12,1841,7.95270728767e-06,
2975,triangle,229,1457,230,,361862.5,6954237.5,5625.0,25.038888772328693,25.641666412353516,-24.96111122767131,-24.358333587646484,12,1841,7.95270728767e-06,
2976,triangle,248,1458,247,,363008.22054180055,6955502.354648683,7777.5869140625,23.642790185887375,24.165757647582428,-26.35720981411263,-25.834242352417572,12,1841,7.95270728767e-06,
2977,triangle,253,1459,252,,363380.7022581234,6955564.873665523,6656.78369140625,22.46661424642653,24.907745397536587,-27.533385753573466,-25.092254602463413,12,1841,7.95270728767e-06,
2978,triangle,252,1460,253,,363437.5,6955512.5,5625.0,22.649999989403625,25.59166685740153,-27.350000010596375,-24.40833314259847,12,1841,7.95270728767e-06,
2979,triangle,255,1461,254,,363539.002774416,6955644.401149317,6232.3173828125,20.732382842085293,23.88421822920819,-29.267617157914707,-26.11578177079181,12,1841,7.95270728767e-06,
2980,triangle,254,1462,255,,363587.5,6955587.5,5625.0,20.497222688463,24.233334064483643,-29.502777311537002,-25.766665935516357,12,1841,7.95270728767e-06,
2981,triangle,266,1463,267,,356547.20203655114,6947936.132105277,6870.3671875,60.64909346661265,61.1581081156802,10.649093466612648,11.158108115680205,12,1841,7.95270728767e-06,
2982,triangle,267,1464,266,,356491.88502209395,6947997.940700117,6306.26416015625,60.35071540125159,60.558254897222035,10.35071540125159,10.558254897222026,12,1841,7.95270728767e-06,
2983,triangle,269,1465,270,,356608.6569553446,6948156.727018796,5842.1181640625,59.54393695021125,59.72762492593751,9.54393695021125,9.727624925937514,12,1841,7.95270728767e-06,
2984,triangle,270,1466,269,,356562.5,6948212.5,5625.0,59.711112128363716,59.791666666666664,9.711112128363714,9.791666666666666,12,1841,7.95270728767e-06,
2985,triangle,275,1467,276,,360366.28530605556,6948447.430895706,7746.12109375,76.41750047030793,74.48820419566489,26.417500470307925,24.48820419566489,12,1841,7.95270728767e-06,
2986,triangle,276,1468,275,,360312.5,6948512.5,5625.0,72.81944465637206,73.78333409627278,22.819444656372067,23.783334096272785,12,1841,7.95270728767e-06,
2987,triangle,283,1470,284,,360666.2088496112,6949030.845329203,5293.5947265625,64.05188431846715,64.32628888274452,14.05188431846715,14.326288882744516,12,1841,7.95270728767e-06,
2988,triangle,293,1472,292,,360237.5,6949587.5,5625.0,56.14166694217258,56.71666622161865,6.141666942172579,6.716666221618652,12,1841,7.95270728767e-06,
2989,triangle,295,1473,296,,360068.5441218974,6949705.908689272,5563.44140625,57.15156938964283,56.831568436497406,7.151569389642831,6.83156843649741,12,1841,7.95270728767e-06,
2990,triangle,296,1474,295,,360019.1964285714,6949660.267857143,5122.76806640625,56.764951827171345,57.74522772047732,6.764951827171346,7.745227720477317,12,1841,7.95270728767e-06,
2991,triangle,304,1475,303,,359553.7476930286,6950187.791644006,6576.82470703125,55.15526389077349,57.687683903844764,5.155263890773485,7.687683903844757,12,1841,7.95270728767e-06,
2992,triangle,315,1477,314,,359335.12960825954,6951004.90131897,6746.52099609375,47.51409716886005,48.74788697829837,-2.485902831139942,-1.2521130217016256,12,1841,7.95270728767e-06,
2993,triangle,314,1478,315,,359394.65441990225,6951062.96215877,6481.865234375,50.6084383961325,49.28843657063743,0.6084383961324946,-0.7115634293625703,12,1841,7.95270728767e-06,
2994,triangle,317,1479,316,,359259.4804694496,6951160.146775499,6229.43505859375,46.43847193710679,47.63047490084684,-3.5615280628932107,-2.369525099153153,12,1841,7.95270728767e-06,
2995,triangle,316,1480,317,,359312.5,6951212.5,5625.0,45.23611206478543,46.56666660308838,-4.763887935214571,-3.433333396911621,12,1841,7.95270728767e-06,
2996,triangle,319,1481,318,,359191.4219595906,6951312.587558038,5173.9296875,43.97578192898682,44.995736293958565,-6.024218071013178,-5.004263706041441,12,1841,7.95270728767e-06,
2997,triangle,318,1482,319,,359240.46238792175,6951363.355710772,6054.5361328125,44.319947290434264,44.09667864543135,-5.680052709565731,-5.903321354568644,12,1841,7.95270728767e-06,
2998,triangle,321,1483,320,,359112.5,6951462.5,5625.0,44.349999003940184,43.600000063578285,-5.650000996059822,-6.399999936421712,12,1841,7.95270728767e-06,
2999,triangle,320,1484,321,,359158.5519907319,6951514.970314755,5458.75927734375,42.62820019847252,42.9753696359621,-7.371799801527478,-7.024630364037892,12,1841,7.95270728767e-06,
3000,triangle,324,1486,325,,359169.24225632224,6951763.567801211,6263.3759765625,42.70815888574979,44.61372491247375,-7.291841114250213,-5.386275087526248,12,1841,7.95270728767e-06,
3001,triangle,325,1487,324,,359106.1740321128,6951802.499437275,5211.6083984375,43.37238909185065,43.851896929610824,-6.627610908149347,-6.1481030703891735,12,1841,7.95270728767e-06,
3002,triangle,327,1487,326,,359106.1740321128,6951902.499437275,7461.73486328125,43.6328471380915,44.451897946863426,-6.367152861908499,-5.54810205313657,12,1841,7.95270728767e-06,
3003,triangle,326,1488,327,,359156.5476190476,6951962.5,4955.357421875,44.20674721147608,44.47896910470422,-5.793252788523918,-5.521030895295783,12,1841,7.95270728767e-06,
3004,triangle,331,1489,330,,359030.66690962104,6952214.777696793,6137.48193359375,39.508359623247394,39.017662287175284,-10.491640376752605,-10.982337712824716,12,1841,7.95270728767e-06,
3005,triangle,330,1490,331,,359084.89888992254,6952271.388381316,6332.3173828125,41.376449527769836,39.24833754389224,-8.623550472230166,-10.75166245610776,12,1841,7.95270728767e-06,
3006,triangle,344,1428,345,,358355.3571428571,6948804.590097402,5538.70703125,66.8948211102201,67.11748766223255,16.894821110220096,17.11748766223255,12,1841,7.95270728767e-06,
3007,triangle,349,1491,348,,361642.71684369724,6949584.24317421,6578.2880859375,79.99208370531147,80.4379562082794,29.992083705311476,30.437956208279406,12,1841,7.95270728767e-06,
3008,triangle,348,1492,349,,361569.99285248714,6949642.3854990825,8144.1728515625,80.5268168712752,82.18187387769682,30.526816871275187,32.18187387769682,12,1841,7.95270728767e-06,
3009,triangle,375,1494,374,,355354.55012787227,6951455.98241834,8598.6328125,74.50229769362296,75.1998331109569,24.50229769362297,25.199833110956902,65,1681,6.32455532034e-06,
3010,triangle,374,1495,375,,355412.5,6951387.5,5625.0,71.9944445292155,72.66666666666667,21.994444529215503,22.666666666666668,65,1681,6.32455532034e-06,
3011,triangle,379,1496,378,,355662.5,6951510.873073719,5441.97119140625,67.56329683361884,67.8044985895966,17.563296833618825,17.804498589596612,65,1681,6.32455532034e-06,
3012,triangle,378,1497,379,,355723.21428571426,6951453.236607143,7872.48876953125,66.46966044243489,67.23143027672695,16.469660442434886,17.231430276726954,65,1681,6.3827036048875e-06,
3013,triangle,380,1497,381,,355823.21428571426,6951453.236607143,5461.77490234375,65.91883623735363,66.33143129397956,15.918836237353638,16.33143129397956,65,1681,6.7315933121724995e-06,
3014,triangle,381,1499,380,,355873.03037494066,6951515.266901334,7120.94384765625,65.44881871023104,66.66188087248528,15.448818710231036,16.66188087248528,65,1681,6.7315933121724995e-06,
3015,triangle,389,1500,388,,356412.5,6951662.5,5625.0,59.525000678168404,59.90833377838135,9.525000678168402,9.908333778381348,12,1841,7.95270728767e-06,
3016,triangle,388,1501,389,,356469.2702520462,6951606.308128719,7083.2392578125,61.24953933182964,61.4058037384498,11.249539331829641,11.405803738449793,12,1841,7.95270728767e-06,
3017,triangle,395,1502,394,,356788.13775510207,6951964.4132653065,5768.4951171875,55.25958965941559,56.36345603054833,5.259589659415583,6.363456030548331,12,1841,7.95270728767e-06,
3018,triangle,400,1503,399,,357081.97548981226,6952263.675739798,6378.7783203125,53.08000156696399,53.681523963167315,3.080001566963994,3.6815239631673187,12,1841,7.95270728767e-06,
3019,triangle,399,1504,400,,357147.2842261905,6952216.257440477,6303.01318359375,53.880583037445064,52.215306313648874,3.8805830374450694,2.2153063136488704,12,1841,7.95270728767e-06,
3020,triangle,405,1445,406,,357532.55739795923,6952367.442602041,5625.0,41.73075420715435,42.093502765581,-8.269245792845656,-7.906497234419002,12,1841,7.95270728767e-06,
3021,triangle,414,1483,415,,359012.5,6951462.5,5625.0,46.02500078413225,44.33333237965902,-3.97499921586775,-5.666667620340983,12,1841,7.95270728767e-06,
3022,triangle,418,1505,417,,362257.6710550582,6951150.1629744135,7556.171875,92.99880733562554,93.59018237225,42.99880733562553,43.590182372249984,65,1681,6.32455532034e-06,
3023,triangle,417,1506,418,,362317.7824130393,6951217.540577087,6786.33642578125,92.86661571680119,93.38215643870717,42.86661571680119,43.38215643870717,65,1681,6.32455532034e-06,
3024,triangle,423,1507,422,,362182.82852765336,6951528.460406254,7167.49462890625,89.82357904053768,91.22292893208505,39.82357904053769,41.22292893208505,65,1681,6.32455532034e-06,
3025,triangle,424,1508,425,,362087.5,6951662.5,5625.0,89.30555746290418,90.95833333333333,39.305557462904176,40.958333333333336,65,1681,6.32455532034e-06,
3026,triangle,435,1509,436,,361337.5,6951962.5,5625.0,58.93055470784508,59.25833257039388,8.930554707845086,9.25833257039388,12,1841,7.95270728767e-06,
3027,triangle,436,1510,435,,361287.5,6951912.5,5625.0,57.063888549804666,57.21666590372721,7.063888549804663,7.216665903727214,12,1841,7.95270728767e-06,
3028,triangle,437,1511,438,,361192.86163647706,6952039.125825482,6411.08935546875,52.80904999076225,53.40300669999502,2.809049990762247,3.403006699995023,12,1841,7.95270728767e-06,
3029,triangle,438,1512,437,,361137.5,6951987.5,5625.0,53.30833233727349,53.291666984558105,3.308332337273482,3.2916669845581055,12,1841,7.95270728767e-06,
3030,triangle,439,1513,440,,361040.7521126329,6952122.244345777,7087.1015625,51.088012065922904,53.114194303146036,1.0880120659229011,3.1141943031460357,12,1841,7.95270728767e-06,
3031,triangle,440,1514,439,,360987.5,6952062.5,5625.0,49.78889009687636,49.72500038146973,-0.2111099031236424,-0.27499961853027344,12,1841,7.95270728767e-06,
3032,triangle,449,1515,448,,360462.5,6952587.5,5625.0,41.4916672176785,42.708333333333336,-8.508332782321508,-7.291666666666667,12,1841,7.95270728767e-06,
3033,triangle,448,1516,449,,360512.5,6952637.5,5625.0,41.15833388434517,42.40833314259847,-8.841666115654835,-7.59166685740153,12,1841,7.95270728767e-06,
3034,triangle,466,1517,467,,363290.1801237786,6953323.36709312,7149.06201171875,70.16307907359476,73.21002115739863,20.16307907359474,23.21002115739864,65,1681,6.32455532034e-06,
3035,triangle,467,1518,466,,363226.02857199515,6953256.206047078,7623.60546875,69.67119315525315,69.94028997313544,19.671193155253146,19.940289973135435,65,1681,6.32455532034e-06,
3036,triangle,475,1519,476,,362763.6904761905,6953614.285714286,5959.8212890625,62.516213838746076,63.12040816413173,12.516213838746074,13.120408164131737,12,1841,7.95270728767e-06,
3037,triangle,476,1520,475,,362699.12674413115,6953543.787198263,9234.68115234375,63.80673768388516,66.74172440568567,13.806737683885165,16.741724405685677,12,1841,7.95270728767e-06,
3038,triangle,488,1521,489,,362462.5,6954512.5,5625.0,28.50833347108631,29.383333683013916,-21.491666528913694,-20.616666316986084,12,1841,7.95270728767e-06,
3039,triangle,495,1522,494,,355512.5,6953987.5,5625.0,82.83333608839244,82.78333473205566,32.83333608839244,32.783334732055664,6,1721,1.189207115e-05,
3040,triangle,494,1523,495,,355562.5,6953937.5,5625.0,80.9666673872206,81.64166831970215,30.966667387220596,31.64166831970215,6,1721,1.189207115e-05,
3041,triangle,501,1524,502,,356037.5,6953937.5,5625.0,75.25277815924751,76.27500089009602,25.2527781592475,26.275000890096027,65,1681,6.32455532034e-06,
3042,triangle,502,1525,501,,356087.5,6953987.5,5625.0,76.65277714199487,76.34166781107585,26.652777141994875,26.341667811075848,65,1681,6.32455532034e-06,
3043,triangle,504,1526,505,,356250.93420577236,6953865.9174647005,6541.68701171875,74.98882988482333,75.9829632147786,24.988829884823335,25.982963214778604,65,1681,6.32455532034e-06,
3044,triangle,518,1528,517,,356933.12485505565,6953241.18219347,6531.4501953125,69.19466349901398,69.38827083653693,19.194663499013984,19.388270836536933,65,1681,6.32455532034e-06,
3045,triangle,517,1529,518,,356987.5,6953186.181515616,5773.32958984375,65.3036325445656,66.1396581226911,15.303632544565591,16.1396581226911,65,1681,6.32455532034e-06,
3046,triangle,519,1529,520,,357087.5,6953186.181515616,5773.3291015625,64.80067564690897,64.43965608818588,14.800675646908962,14.43965608818589,65,1681,6.32455532034e-06,
3047,triangle,520,1530,519,,357141.0714285714,6953235.770069699,5832.16845703125,64.9062576751233,65.96990436060302,14.9062576751233,15.96990436060303,65,1681,6.32455532034e-06,
3048,triangle,535,1531,534,,365386.9663919262,6954147.975911766,7198.92919921875,103.18898293469768,104.21834544149112,53.18898293469767,54.21834544149112,65,1681,6.32455532034e-06,
3049,triangle,534,1533,535,,365327.49756322225,6954215.811514709,7122.8193359375,103.10740288164779,103.303830038821,53.10740288164778,53.303830038821026,65,1681,6.32455532034e-06,
3050,triangle,553,1534,552,,364137.4202158509,6954457.266642381,6222.72802734375,82.71555703015422,81.99629986868801,32.715557030154216,31.996299868688023,12,1841,7.72011414948e-06,
3051,triangle,552,1535,553,,364193.6288776885,6954512.79903857,6348.140625,83.38008223409639,85.44899945686363,33.380082234096406,35.44899945686362,12,1841,7.603817580385e-06,
3052,triangle,562,1536,563,,363514.5564584317,6955040.614197675,6206.69873046875,39.952970571865606,40.47435359914497,-10.047029428134397,-9.52564640085503,12,1841,7.95270728767e-06,
3053,triangle,577,1537,576,,356765.38977181836,6953931.224990752,6656.0380859375,75.73454996745517,77.85076964896284,25.734549967455166,27.850769648962842,65,1681,6.32455532034e-06,
3054,triangle,576,1538,577,,356701.30385487527,6953989.172335601,7072.70458984375,77.30330762101569,76.81202150638786,27.303307621015694,26.81202150638786,65,1681,6.32455532034e-06,
3055,triangle,582,1539,581,,354678.89945664274,6954828.678101439,8412.59716796875,95.62050768505759,95.73626387885577,45.62050768505759,45.73626387885576,6,1721,1.189207115e-05,
3056,triangle,581,1540,582,,354741.2005393561,6954761.20786835,6186.67578125,95.40500635562597,95.88528742677295,45.40500635562596,45.88528742677294,6,1721,1.189207115e-05,
3057,triangle,585,1541,586,,354989.5362279583,6954756.805112715,6036.59912109375,91.33277191810384,92.96542893041222,41.332771918103845,42.96542893041224,6,1721,1.189207115e-05,
3058,triangle,586,1542,585,,355037.5,6954812.5,5625.0,92.37777603997124,91.7249984741211,42.37777603997124,41.724998474121094,6,1721,1.189207115e-05,
3059,triangle,588,1542,587,,355137.5,6954812.5,5625.0,91.10555500454373,91.22500101725261,41.10555500454372,41.2250010172526,6,1721,1.189207115e-05,
3060,triangle,587,1543,588,,355194.7136916099,6954757.476397745,7001.6953125,90.66219843134614,91.28304655743487,40.66219843134614,41.28304655743487,6,1721,1.189207115e-05,
3061,triangle,593,1544,592,,355509.375,6954889.0625,6152.34375,85.62317695220312,86.33567710717519,35.62317695220312,36.335677107175194,6,1721,1.189207115e-05,
3062,triangle,592,1545,593,,355565.86783569097,6954833.212920816,6486.17822265625,86.05056586427018,86.66013143700131,36.05056586427018,36.66013143700132,6,1721,1.189207115e-05,
3063,triangle,636,1546,599,,356037.5,6954962.5,5625.0,78.91111056009929,79.20833396911621,28.91111056009928,29.20833396911621,6,1721,1.189207115e-05,
3064,triangle,599,1547,636,,356105.14235812635,6954915.298292869,7294.95703125,79.6997280390202,81.29456908815986,29.699728039020215,31.294569088159857,6,1721,1.189207115e-05,
3065,triangle,609,1548,608,,356462.5,6954287.5,5625.0,76.46666738722058,76.82500139872234,26.466667387220568,26.825001398722332,6,1721,1.189207115e-05,
3066,triangle,608,1549,609,,356425.1272784755,6954226.922491831,5394.400390625,74.19690684763177,74.16489380067998,24.196906847631766,24.164893800679977,6,1721,1.189207115e-05,
3067,triangle,633,1550,632,,356157.4370941559,6955212.094155844,5101.08056640625,80.36631934209876,80.75851480560233,30.366319342098755,30.758514805602328,6,1721,1.189207115e-05,
3068,triangle,632,1551,633,,356105.12187383906,6955261.7060950445,6365.72509765625,81.44054104454624,81.02635700889236,31.44054104454625,31.026357008892347,6,1721,1.189207115e-05,
3069,triangle,638,1552,639,,359189.98726576124,6955581.42843863,6028.2333984375,81.86961601099516,82.07447016750346,31.86961601099515,32.07447016750347,65,1681,6.32455532034e-06,
3070,triangle,640,1553,641,,359337.5,6955437.5,5625.0,75.19721942477756,76.55833180745442,25.19721942477756,26.558331807454426,65,1681,6.32455532034e-06,
3071,triangle,641,1554,640,,359386.91264403326,6955484.003069618,5165.51806640625,76.97769726206407,78.15488719519418,26.97769726206407,28.15488719519418,65,1681,6.32455532034e-06,
3072,triangle,643,1555,642,,359461.9750077824,6955341.753581221,6044.46630859375,75.33086702490436,77.14971545455474,25.33086702490436,27.14971545455474,65,1681,6.32455532034e-06,
3073,triangle,642,1556,643,,359412.5,6955287.5,5625.0,72.99721950954861,75.09999783833821,22.99721950954861,25.099997838338215,65,1681,6.32455532034e-06,
3074,triangle,649,1557,648,,359538.05199284526,6954884.7109835185,5373.3349609375,71.75070294792177,70.76731485755927,21.750702947921777,20.76731485755928,65,1681,6.32455532034e-06,
3075,triangle,659,1559,658,,359237.09705473104,6954141.704835343,6052.7119140625,57.89214581839153,59.40179967969675,7.892145818391537,9.401799679696751,65,1681,6.32455532034e-06,
3076,triangle,667,1560,666,,359687.5,6953612.5,5625.0,43.09166728125678,44.600000063578285,-6.908332718743221,-5.399999936421712,65,1681,6.32455532034e-06,
3077,triangle,677,1561,678,,354913.39087522525,6955798.524293671,7097.0439453125,94.27940512803481,95.04515942786315,44.27940512803482,45.04515942786316,6,1721,1.189207115e-05,
3078,triangle,678,1562,677,,354967.8957284389,6955859.395022611,5882.70947265625,94.21413961752506,94.3354195542563,44.214139617525056,44.335419554256305,6,1721,1.189207115e-05,
3079,triangle,680,1563,681,,355135.0398852271,6955736.073907517,6062.1982421875,93.2185840609332,93.25069238405526,43.21858406093321,43.25069238405525,6,1721,1.189207115e-05,
3080,triangle,681,1564,680,,355191.9492515226,6955799.343841766,7457.97265625,91.93539976247445,93.31219657384884,41.93539976247445,43.312196573848844,6,1721,1.189207115e-05,
3081,triangle,687,1565,688,,355587.5,6955362.5,5625.0,85.22222328186035,86.0500005086263,35.222223281860344,36.050000508626304,6,1721,1.189207115e-05,
3082,triangle,688,1566,687,,355631.66914435005,6955408.803589251,4553.1826171875,85.24142763367645,85.66663291063541,35.24142763367645,35.66663291063541,6,1721,1.189207115e-05,
3083,triangle,689,1567,690,,355737.5,6955287.5,5625.0,84.87777921888562,85.21666590372722,34.87777921888562,35.21666590372721,6,1721,1.189207115e-05,
3084,triangle,693,1551,692,,356005.12187383906,6955261.7060950445,4705.646484375,80.76650131681168,80.79302469281163,30.766501316811702,30.793024692811617,6,1721,1.189207115e-05,
3085,triangle,695,1568,696,,360005.85906040063,6956626.681970407,7967.5771484375,113.20612590307712,113.09172438015048,63.20612590307712,63.091724380150474,65,1681,6.32455532034e-06,
3086,triangle,696,1569,695,,360062.5,6956562.5,5625.0,109.87222141689728,109.19166437784831,59.872221416897276,59.191664377848305,65,1681,6.32455532034e-06,
3087,triangle,701,1570,702,,359785.7352120536,6956234.172712053,5449.21875,95.45104921282284,94.94619579439194,45.45104921282283,44.94619579439194,65,1681,6.32455532034e-06,
3088,triangle,704,1571,703,,359685.1806026862,6956110.652730647,5571.8857421875,91.80513791615961,90.19377895472508,41.80513791615961,40.19377895472508,65,1681,6.32455532034e-06,
3089,triangle,708,1572,709,,359340.30915937806,6955784.6908406215,4992.939453125,80.69756192321236,81.84855774424086,30.697561923212362,31.84855774424086,65,1681,6.32455532034e-06,
3090,triangle,709,1573,708,,359381.5555011761,6955732.217355332,5550.54150390625,80.99773973623093,81.56153675876102,30.997739736230915,31.56153675876102,65,1681,6.32455532034e-06,
3091,triangle,714,1574,715,,358510.391671024,6956633.422973339,6320.8525390625,120.28438526810912,121.30596550114122,70.28438526810913,71.30596550114122,65,1681,6.32455532034e-06,
3092,triangle,715,1575,714,,358565.6970450377,6956685.866832354,5800.9365234375,119.553304295897,120.48311488942922,69.553304295897,70.48311488942922,65,1681,6.32455532034e-06,
3093,triangle,718,1576,719,,358806.8049032442,6956562.020053297,6319.6923828125,116.80792638167365,117.21767283714978,66.80792638167365,67.21767283714978,65,1681,6.32455532034e-06,
3094,triangle,719,1577,718,,358862.5,6956599.404761906,4151.78515625,115.44722259360492,115.17142961895833,65.44722259360492,65.17142961895833,65,1681,6.32455532034e-06,
3095,triangle,724,1578,725,,359262.5,6956487.5,5625.0,107.86944664849172,106.7333329518636,57.8694466484917,56.73333295186361,65,1681,6.32455532034e-06,
3096,triangle,725,1579,724,,359320.1397746599,6956543.0956877945,7113.9892578125,103.34051039229854,106.85305164794288,53.340510392298555,56.853051647942884,65,1681,6.32455532034e-06,
3097,triangle,735,1580,734,,355787.5,6956537.5,5625.0,100.38611242506235,99.86666552225749,50.38611242506235,49.866665522257485,6,1721,1.189207115e-05,
3098,triangle,734,1581,735,,355724.3791394892,6956491.018956595,6705.2138671875,97.18795796340372,97.77311779036928,47.187957963403726,47.77311779036929,6,1721,1.189207115e-05,
3099,triangle,737,1583,736,,355860.70667787286,6956386.259142772,5283.65478515625,94.41558797570724,94.5953735201043,44.415587975707226,44.595373520104296,6,1721,1.189207115e-05,
3100,triangle,736,1584,737,,355805.330658081,6956327.976872288,7502.90234375,93.92691065994904,93.80028405655753,43.926910659949044,43.80028405655755,6,1721,1.189207115e-05,
3101,triangle,745,1585,744,,356087.5,6955737.5,5625.0,84.71666484408908,85.5166670481364,34.71666484408908,35.51666704813639,6,1721,1.189207115e-05,
3102,triangle,747,1586,748,,355968.2793224656,6955569.645824942,5778.7314453125,84.0730388898355,84.47508930101401,34.073038889835495,34.47508930101401,6,1721,1.189207115e-05,
3103,triangle,768,1587,767,,356152.5030576205,6956108.161980365,4988.37109375,89.06098085102995,89.02896850531998,39.06098085102996,39.02896850531997,6,1721,1.189207115e-05,
3104,triangle,1794,2135,1372,,358779.3874699443,6954280.279139533,49546.5595703125,78.19167362455451,85.66699230696231,28.191673624554518,35.66699230696232,65,1681,6.32455532034e-06,
3105,triangle,1361,2102,156,,356769.31640625,6951420.625,14643.6767578125,53.96351748513675,52.488023897608116,3.9635174851367436,2.48802389760811,12,1841,7.95270728767e-06,
3106,triangle,1766,1938,1402,,358676.0472160799,6952913.762666787,20584.2197265625,42.34402619410332,44.05114333603422,-7.655973805896678,-5.948856663965775,12,1841,7.95270728767e-06,
3107,triangle,611,1549,1396,,356416.1987070469,6954071.565348974,7508.279296875,78.81831878329065,75.80230788953851,28.818318783290653,25.802307889538522,65,1681,7.119914724577143e-06,
3108,triangle,1180,1822,1726,,356775.48214292194,6952829.868677922,70547.751953125,90.3232607649678,89.91029624611411,40.323260764967806,39.910296246114115,65,1681,6.32455532034e-06,
3109,triangle,1910,2027,422,,362323.4650362923,6951562.870063457,13870.42431640625,94.94594515264615,96.17433588572852,44.945945152646146,46.17433588572853,65,1681,6.32455532034e-06,
3110,triangle,2022,2041,911,,364842.02286359225,6953030.355946415,28900.3857421875,165.08552761887512,161.48000424799352,115.08552761887515,111.48000424799352,65,1681,6.32455532034e-06,
3111,triangle,1571,2141,1840,,359817.18622498744,6955993.693284571,20581.08251953125,103.086109918679,105.93862518291247,53.086109918678986,55.93862518291248,65,1681,6.32455532034e-06,
3112,triangle,1618,2027,1335,,362316.3782236537,6951801.472084552,29594.0,106.46387142235173,105.43376619922564,56.463871422351716,55.43376619922564,65,1681,6.32455532034e-06,
3113,triangle,1264,2078,1737,,359446.1130795744,6946656.875193191,17228.01171875,104.24196640543741,102.10824008575771,54.24196640543742,52.10824008575772,12,1841,7.95270728767e-06,
3114,triangle,1840,2116,702,,359888.69019286893,6956153.21681987,13813.45263671875,98.52555150953404,99.64114044425965,48.52555150953404,49.641140444259634,65,1681,6.32455532034e-06,
3115,triangle,1223,2147,2146,,363771.439483566,6953884.74008,55307.0791015625,95.48161616522566,94.84238049854196,45.48161616522564,44.84238049854196,65,1681,6.847889881267501e-06,
3116,triangle,1166,1757,1238,,358062.9054456854,6948157.344272338,55188.68603515625,78.57779687409399,78.61411293736883,28.577796874094,28.614112937368834,12,1841,7.95270728767e-06,
3117,triangle,1277,1648,1647,,359251.75740936334,6952538.394675333,23558.23974609375,46.693907965175086,43.24562506613094,-3.3060920348249243,-6.754374933869059,12,1841,7.95270728767e-06,
3118,triangle,1168,1893,1316,,363981.8873999385,6955073.875240239,40624.54541015625,78.21751797300428,72.11188796780952,28.217517973004277,22.111887967809526,12,1841,7.95270728767e-06,
3119,triangle,1312,2037,1906,,354908.13599272724,6951492.2172439145,33335.30419921875,91.54077737498368,91.95324906416401,41.54077737498369,41.953249064164005,65,1681,6.32455532034e-06,
3120,triangle,1825,2015,849,,354667.55973906885,6953193.357962534,27458.06884765625,119.12126369050432,120.53352879275828,69.12126369050432,70.53352879275828,65,1681,6.32455532034e-06,
3121,triangle,1268,2111,1270,,356648.9827591444,6950785.905933415,18651.26806640625,72.62432326883466,69.40397656013467,22.624323268834665,19.40397656013467,12,1841,7.95270728767e-06,
3122,triangle,1728,1807,1172,,356713.7942263141,6956289.562993407,51359.416015625,106.59720499499106,109.985071387784,56.59720499499107,59.985071387784025,6,1721,1.189207115e-05,
3123,triangle,1335,2027,1910,,362399.21839806234,6951663.4340828275,26034.27099609375,104.35588986233897,102.99034081602152,54.35588986233897,52.99034081602152,65,1681,6.32455532034e-06,
3124,triangle,1172,1293,1229,,356524.227611508,6956026.684439716,43409.8232421875,106.23183494867861,103.60241869968742,56.23183494867861,53.60241869968741,6,1721,1.189207115e-05,
3125,triangle,467,1517,1341,,363241.8831897809,6953402.799639556,12291.6962890625,74.52135013793148,74.33041156651859,24.52135013793149,24.330411566518592,12,1841,7.2549278731e-06,
3126,triangle,470,2166,1342,,362917.4107019669,6953425.02086475,8084.9326171875,69.14714408408679,70.23372298075948,19.147144084086783,20.233722980759495,12,1841,7.95270728767e-06,
3127,triangle,1342,2166,474,,362867.4107019669,6953475.02086475,7595.708984375,66.79268547542875,69.53372348938579,16.79268547542876,19.533723489385796,12,1841,7.95270728767e-06,
3128,triangle,475,1520,1342,,362739.0502029599,6953465.233653761,14356.10791015625,75.51799580535322,72.35120195333452,25.517995805353227,22.351201953334524,12,1841,7.95270728767e-06,
3129,triangle,1346,2171,597,,355892.2079306016,6954828.247477927,7242.490234375,84.28001096701048,83.13399037019782,34.28001096701048,33.13399037019783,6,1721,1.189207115e-05,
3130,triangle,601,2171,1346,,355942.2079306016,6954778.247477927,7952.17529296875,84.09072053836067,82.83398986157152,34.09072053836067,32.833989861571524,6,1721,1.189207115e-05,
3131,triangle,690,1567,1347,,355775.0,6955200.0,11250.0,86.13333129882811,86.15000025431316,36.13333129882811,36.15000025431315,6,1721,1.189207115e-05,
3132,triangle,1343,2167,505,,356364.89690927067,6953764.60394052,7683.4560546875,74.75674542939787,73.38095204745768,24.75674542939786,23.38095204745768,65,1681,6.32455532034e-06,
3133,triangle,509,2167,1343,,356414.89690927067,6953714.60394052,6057.4794921875,72.45022200294883,72.44762024000325,22.450222002948824,22.44762024000325,65,1681,6.32455532034e-06,
3134,triangle,696,1568,1348,,359923.59343540063,6956576.916345407,15451.369140625,117.34720915665436,115.20784265547498,67.34720915665436,65.20784265547498,65,1681,6.32455532034e-06,
3135,triangle,1357,1470,358,,360804.5942662779,6949102.04324587,11259.01953125,70.11289647025112,69.72203661909477,20.112896470251126,19.722036619094762,12,1841,7.95270728767e-06,
3136,triangle,825,2050,2049,,359209.5701392128,6957435.854442258,34371.4375,152.55169960040732,153.2853901639063,102.55169960040732,103.28539016390631,65,1681,6.673445027625e-06,
3137,triangle,1277,1857,1205,,359379.0642666377,6952245.203057396,38823.74462890625,52.521618407303336,51.155998148338,2.521618407303332,1.1559981483379975,12,1841,7.95270728767e-06,
3138,triangle,5,1932,1602,,363984.59198358393,6956041.075748415,22611.69775390625,48.53529394262946,38.888008002831775,-1.4647060573705388,-11.11199199716823,12,1841,7.95270728767e-06,
3139,triangle,1847,2095,1375,,361701.9079202681,6953647.531191513,26922.3828125,44.343165168695364,44.010917827459714,-5.656834831304634,-5.989082172540285,12,1841,7.95270728767e-06,
3140,triangle,1173,1619,1210,,357099.3555177553,6953764.987325248,48013.103515625,96.07383378674766,94.53773009637104,46.07383378674765,44.53773009637103,65,1681,6.32455532034e-06,
3141,triangle,444,2149,1818,,360560.6608879647,6952245.095439769,14131.57080078125,51.606978371304265,50.83157513922608,1.6069783713042674,0.8315751392260825,12,1841,7.95270728767e-06,
3142,triangle,248,1937,1458,,363047.3835643595,6955579.677778783,11580.55419921875,34.538235044455206,31.284103378468004,-15.461764955544794,-18.715896621531993,12,1841,7.95270728767e-06,
3143,triangle,192,1648,1327,,359354.13766038883,6952722.22630141,11113.73095703125,41.560729049557686,40.57384622297676,-8.439270950442314,-9.426153777023243,12,1841,7.95270728767e-06,
3144,triangle,1841,1957,484,,362558.18505612854,6954165.051677921,10200.5400390625,39.01749248488367,39.36354675900986,-10.982507515116328,-10.636453240990141,12,1841,7.95270728767e-06,
3145,triangle,1336,1412,243,,362961.942230017,6955190.141103316,15481.12646484375,28.682131368897576,26.78637499500188,-21.317868631102424,-23.213625004998125,12,1841,7.95270728767e-06,
3146,triangle,153,1889,1443,,356774.15582130227,6951124.7033601105,11291.98095703125,55.581207864564135,52.50498771297148,5.5812078645641385,2.504987712971477,12,1841,7.95270728767e-06,
3147,triangle,1191,1878,1259,,360047.8815213996,6953531.43939394,36880.82421875,54.29252029513891,55.89532567189689,4.2925202951389085,5.895325671896887,65,1681,6.906038165815001e-06,
3148,triangle,1332,2009,2008,,360129.92698717996,6947658.941573713,59745.78271484375,95.89388844193967,98.44116113775982,45.89388844193965,48.44116113775982,12,1841,7.95270728767e-06,
3149,triangle,1353,1449,456,,359852.54629629635,6952678.993055556,15960.28662109375,42.64042091400733,39.94839867184561,-7.359579085992672,-10.051601328154389,12,1841,7.95270728767e-06,
3150,triangle,1809,2132,429,,361849.1064153796,6952073.215475672,19612.517578125,93.04489931954146,93.46161260322981,43.04489931954146,43.4616126032298,12,1841,7.95270728767e-06,
3151,triangle,1162,1597,1236,,356688.5880074072,6954657.67910561,54573.6083984375,86.870718274902,88.8782068815372,36.87071827490202,38.8782068815372,6,1721,1.189207115e-05,
3152,triangle,200,1449,1353,,359902.54629629635,6952778.993055556,12412.109375,35.66283452729259,38.148398163219305,-14.337165472707412,-11.851601836780693,12,1841,7.95270728767e-06,
3153,triangle,1802,1901,1164,,358689.82978059904,6955753.542077872,80722.81298828125,113.38200616667723,114.55524832627661,63.38200616667723,64.55524832627658,6,1721,1.189207115e-05,
3154,triangle,1825,1890,1337,,354939.9851935589,6953144.989017156,44056.1611328125,124.55008311166426,125.7925642444389,74.55008311166426,75.79256424443892,65,1681,6.32455532034e-06,
3155,triangle,1334,2039,1996,,356236.5995524346,6947805.602829598,44014.7392578125,66.87024117920916,66.90380724625602,16.870241179209167,16.903807246256026,12,1841,7.95270728767e-06,
3156,triangle,1220,1918,1345,,363247.5437395356,6954906.665410931,33824.40234375,44.016261048076096,40.51761079467024,-5.983738951923901,-9.482389205329763,12,1841,7.95270728767e-06,
3157,triangle,647,1869,1756,,359368.9215536236,6955004.680514198,13350.0361328125,85.04034280178539,85.0584810406223,35.040342801785386,35.0584810406223,65,1681,6.32455532034e-06,
3158,triangle,1588,1990,1732,,355587.17020682787,6948949.3491656585,30829.7802734375,68.46979305210044,68.21774032406763,18.46979305210044,18.217740324067634,12,1841,7.95270728767e-06,
3159,triangle,1292,2114,1409,,358540.85261206137,6956405.619862438,19214.8271484375,128.62380105682723,129.68185341114,78.62380105682725,79.68185341113997,65,1681,6.32455532034e-06,
3160,triangle,1374,1645,176,,358245.5858375312,6952543.138558215,16146.6220703125,44.844241596090704,44.28026730966723,-5.155758403909291,-5.719732690332776,12,1841,7.95270728767e-06,
3161,triangle,1327,2064,193,,359452.08259704494,6952798.521563008,7398.564453125,43.08357150545576,39.77438042677078,-6.916428494544242,-10.225619573229212,12,1841,7.95270728767e-06,
3162,triangle,1552,2118,1200,,359034.1049466769,6955424.936296458,31903.34130859375,101.13653065302256,99.42742244075157,51.13653065302254,49.42742244075157,65,1681,6.32455532034e-06,
3163,triangle,1288,1878,1191,,359988.9350984068,6953653.75,40344.625,62.50109644601288,61.45073059779467,12.501096446012886,11.450730597794673,65,1681,6.32455532034e-06,
3164,triangle,1270,1889,1177,,356559.8677270157,6951021.880140581,39681.7861328125,62.87518786540805,67.58125347258687,12.875187865408048,17.581253472586862,12,1841,7.95270728767e-06,
3165,triangle,1306,2051,1416,,357474.20694997086,6951480.207513305,52532.1279296875,72.38278563576935,70.45588560607708,22.382785635769345,20.455885606077086,12,1841,7.95270728767e-06,
3166,triangle,1706,2010,617,,362102.15521275223,6955103.841126445,9615.77001953125,36.78182128849914,36.86476260850039,-13.218178711500874,-13.135237391499606,12,1841,7.95270728767e-06,
3167,triangle,1700,2011,572,,357016.2740179969,6954292.017467077,14367.81005859375,81.08954259803957,81.33555642027038,31.08954259803958,31.335556420270382,65,1681,7.716434277755e-06,
3168,triangle,166,1978,1643,,357516.8677069042,6952012.383993776,11509.1015625,56.823007714094025,52.09441673513959,6.823007714094027,2.0944167351395864,12,1841,7.95270728767e-06,
3169,triangle,1174,1736,1215,,354889.6688484727,6955237.150528289,31921.56494140625,103.41310919743066,103.071534608175,53.41310919743066,53.071534608175,6,1721,1.189207115e-05,
3170,triangle,1373,1951,768,,356046.5553868581,6956149.699894771,5591.23779296875,89.4397965341087,89.398424574891,39.43979653410868,39.39842457489099,6,1721,1.189207115e-05,
3171,triangle,1381,1655,1244,,362566.28641410224,6955200.54567336,36249.9990234375,31.765986231466158,29.93014828504327,-18.23401376853385,-20.06985171495673,12,1841,7.95270728767e-06,
3172,triangle,1216,2109,1265,,358746.95304905437,6948029.630753503,29356.96337890625,86.1629562537318,86.02431765523961,36.162956253731814,36.02431765523961,12,1841,7.95270728767e-06,
3173,triangle,1743,2079,1888,,360700.0023534558,6953708.895124257,30258.8330078125,48.07352766661674,47.84009530550912,-1.926472333383259,-2.1599046944908866,65,1681,6.55714845853e-06,
3174,triangle,1230,2035,1864,,357290.9602719494,6952871.461982313,37913.37158203125,58.34164571103829,62.07448905680494,8.341645711038288,12.07448905680495,65,1681,6.32455532034e-06,
3175,triangle,2131,2135,1794,,358944.13874486974,6954306.313901331,25717.82421875,71.50542592769445,75.83823687279495,21.50542592769445,25.83823687279495,65,1681,6.32455532034e-06,
3176,triangle,1464,1996,266,,356419.4924818975,6947971.3876187615,10280.8564453125,62.29300094652205,62.016242245073535,12.29300094652205,12.016242245073542,12,1841,7.95270728767e-06,
3177,triangle,1255,1981,1404,,362058.12876232766,6954763.621510443,41807.1044921875,30.08200794349876,33.332294777971384,-19.91799205650124,-16.667705222028616,12,1841,7.95270728767e-06,
3178,triangle,1992,2036,1332,,360294.683323523,6947962.623038191,71226.80859375,87.4819281112049,90.08333335334032,37.48192811120489,40.08333335334032,12,1841,7.95270728767e-06,
3179,triangle,1874,2086,752,,357199.56747844006,6956931.129415918,9920.20751953125,129.51215951749828,127.85238949366327,79.51215951749828,77.85238949366327,65,1681,6.32455532034e-06,
3180,triangle,1499,1676,1217,,356081.089532099,6951643.491114411,23701.02294921875,74.1743078131098,72.31978797887405,24.174307813109802,22.319787978874047,12,1841,7.5456692958375e-06,
3181,triangle,1425,2109,1216,,358659.5189761629,6948114.990661167,24243.7177734375,86.86044046635485,84.44936175013363,36.860440466354845,34.44936175013365,12,1841,7.95270728767e-06,
3182,triangle,2032,2051,1158,,357723.1122468317,6951150.134750996,91181.025390625,76.683113511002,74.79818495358387,26.683113511002002,24.79818495358387,12,1841,7.95270728767e-06,
3183,triangle,1299,2089,1610,,359640.2410523598,6954067.756970706,24184.6015625,76.85859121547509,75.45479152535597,26.85859121547508,25.454791525355972,65,1681,6.32455532034e-06,
3184,triangle,1218,1811,1343,,356271.36596029607,6953557.714095876,37328.5478515625,82.5437025446883,85.22306106376722,32.5437025446883,35.22306106376721,65,1681,6.32455532034e-06,
3185,triangle,1420,1422,1331,,358420.9402464176,6947509.2640493205,19982.09228515625,85.4645651408875,84.4030003635148,35.4645651408875,34.40300036351481,12,1841,7.95270728767e-06,
3186,triangle,1224,1893,1168,,363903.04274107626,6955212.887724233,55835.64697265625,63.4564177769724,60.6994346393304,13.456417776972396,10.699434639330397,12,1841,7.95270728767e-06,
3187,triangle,1169,1973,1788,,362576.5820937008,6956063.180898074,88909.50732421875,83.27304795296682,88.7473356806277,33.27304795296681,38.74733568062769,65,1681,6.32455532034e-06,
3188,triangle,1178,1595,1272,,360668.9490467894,6949761.3091734005,58341.4423828125,80.83047194266906,83.49703569549251,30.830471942669057,33.49703569549252,12,1841,7.95270728767e-06,
3189,triangle,1307,1975,1191,,360340.8057863297,6953531.763658115,38553.1484375,53.1767151524265,52.56947894386921,3.1767151524265027,2.5694789438692145,12,1841,7.6619658649325e-06,
3190,triangle,1205,1740,1277,,359500.23051310406,6952344.430900761,40432.5888671875,51.65911983042453,49.24989007171581,1.6591198304245347,-0.7501099282841993,12,1841,7.95270728767e-06,
3191,triangle,1737,1968,1264,,359551.94395864714,6946737.3884729175,38446.35546875,109.41914517236697,106.57518505640184,59.41914517236696,56.57518505640184,12,1841,7.95270728767e-06,
3192,triangle,1216,1426,1425,,358634.93178910203,6948223.414528325,23302.0400390625,84.11353038905024,83.25886906322732,34.11353038905024,33.25886906322733,12,1841,7.95270728767e-06,
3193,triangle,1498,2042,1497,,355887.5948163834,6951278.087191884,24099.27880859375,75.105178551535,74.91659913120724,25.105178551535,24.91659913120723,12,1841,7.95270728767e-06,
3194,triangle,1531,2043,1532,,365302.8241158361,6953984.791983701,26178.94189453125,111.85572254820396,112.93323912682534,61.855722548203964,62.933239126825335,65,1681,6.32455532034e-06,
3195,triangle,1557,2047,1558,,359703.946588861,6954809.277933422,21088.06396484375,81.76376012396103,90.73291193049904,31.76376012396103,40.73291193049904,65,1681,6.32455532034e-06,
3196,triangle,654,1826,1711,,359248.56903933315,6954478.474371624,11745.17919921875,69.31394862338934,70.33943166845982,19.31394862338933,20.339431668459824,65,1681,6.32455532034e-06,
3197,triangle,707,1827,1572,,359337.3545329722,6955905.58127804,9089.728515625,88.98687073593027,89.91623501004962,38.98687073593027,39.91623501004961,65,1681,6.32455532034e-06,
3198,triangle,1361,1393,392,,356766.9773582176,6951667.019675925,13234.75927734375,62.504090074517045,59.320126307516915,12.504090074517046,9.32012630751691,12,1841,7.95270728767e-06,
3199,triangle,1333,2067,1667,,361051.5376984127,6948945.982142857,14070.47216796875,78.5834646976181,76.36130562831573,28.583464697618094,26.361305628315744,12,1841,7.95270728767e-06,
3200,triangle,1268,1270,1177,,356521.75266053836,6950853.160984069,36329.24755859375,74.42656409365134,72.9491886400882,24.426564093651336,22.94918864008819,12,1841,7.95270728767e-06,
3201,triangle,1394,2107,1837,,362321.6475804567,6953522.057635435,34152.07421875,70.34713750461184,69.54459142913538,20.347137504611826,19.544591429135377,12,1841,7.95270728767e-06,
3202,triangle,2146,2147,1219,,363563.57204420475,6953822.350926984,59409.52587890625,96.06692732846405,93.80591185972291,46.06692732846405,43.80591185972292,12,1841,7.603817580385e-06,
3203,triangle,1220,2005,1240,,362835.07980577665,6954739.300703368,43181.82373046875,30.585696917973294,34.74012961070803,-19.414303082026706,-15.259870389291969,12,1841,7.95270728767e-06,
3204,triangle,1358,1378,162,,357086.18055555556,6951887.430555556,16144.53125,54.971952717058045,53.94977758666491,4.971952717058042,3.949777586664908,12,1841,7.95270728767e-06,
3205,triangle,1222,1689,1519,,362774.6062321916,6953789.905495726,22249.11865234375,66.37437467476637,64.29052078835687,16.374374674766372,14.290520788356877,12,1841,7.95270728767e-06,
3206,triangle,1413,2046,1250,,362009.6774650255,6951216.018254359,31902.73291015625,97.4497536449557,98.25707903414873,47.44975364495568,48.257079034148724,65,1681,6.32455532034e-06,
3207,triangle,910,2041,1830,,364781.9716279879,6952799.778745296,25696.7880859375,167.64597376793202,164.4075879710728,117.645973767932,114.4075879710728,65,1681,6.32455532034e-06,
3208,triangle,1260,2051,1306,,357327.38812468987,6951371.213578902,49468.08251953125,71.92128206583449,70.02188677311233,21.92128206583449,20.02188677311234,12,1841,7.95270728767e-06,
3209,triangle,1297,2060,1525,,356084.6922422815,6954130.88560034,22251.42236328125,82.46880647380874,82.05717671572258,32.46880647380874,32.05717671572258,6,1721,1.189207115e-05,
3210,triangle,1248,2102,1501,,356564.06191871286,6951391.334170386,29127.111328125,65.32944227288232,63.694040634784756,15.329442272882313,13.694040634784754,12,1841,7.95270728767e-06,
3211,triangle,457,1447,1327,,359582.9854975375,6952700.851302507,11165.0400390625,44.921464005945396,42.13845996654799,-5.078535994054608,-7.861540033452006,12,1841,7.95270728767e-06,
3212,triangle,1208,1960,1603,,363701.0572164389,6954481.508219042,50089.81396484375,91.76723498313285,87.90967059455761,41.76723498313286,37.90967059455762,12,1841,7.95270728767e-06,
3213,triangle,1725,1777,1170,,364483.07018981595,6953737.812757277,51196.6923828125,117.24043741357963,114.48244626954344,67.24043741357963,64.48244626954344,65,1681,6.32455532034e-06,
3214,triangle,568,1412,1336,,363061.942230017,6955215.141103316,16523.466796875,29.053990805033656,28.953041661668546,-20.94600919496634,-21.046958338331457,12,1841,7.95270728767e-06,
3215,triangle,1191,1975,1743,,360427.8829261342,6953669.14193021,51788.541015625,64.59935641148634,61.261997653895286,14.599356411486337,11.261997653895286,65,1681,6.6152967430775e-06,
3216,triangle,1398,1480,1478,,359469.65441990225,6951250.46215877,22145.080078125,58.17353873296119,55.471769331766176,8.173538732961193,5.471769331766173,12,1841,7.95270728767e-06,
3217,triangle,1398,1482,1480,,359415.46238792175,6951350.855710772,20882.6494140625,53.14935648822896,51.84667832753991,3.1493564882289515,1.8466783275399166,12,1841,7.95270728767e-06,
3218,triangle,1459,1461,1226,,363359.6208394035,6955739.084917943,25692.6376953125,46.25052605095256,41.84860296414642,-3.7494739490474336,-8.151397035853577,12,1841,7.95270728767e-06,
3219,triangle,1510,1512,1399,,361154.47619857546,6951818.556317329,19227.50634765625,60.27133476243083,60.30515043668455,10.271334762430822,10.305150436684544,12,1841,7.95270728767e-06,
3220,triangle,1220,1345,1336,,363138.9825148809,6954970.913318452,37728.48046875,36.86097677823357,35.38532924822817,-13.139023221766431,-14.614670751771834,12,1841,7.95270728767e-06,
3221,triangle,91,1912,1430,,357927.23792251275,6948539.651357207,11464.88671875,67.85186189343979,67.82127125296326,17.851861893439796,17.821271252963257,12,1841,7.95270728767e-06,
3222,triangle,592,1914,1545,,355521.84390762524,6954765.867823262,9224.58837890625,88.96903048944108,89.29937798803375,38.96903048944109,39.29937798803375,6,1721,1.189207115e-05,
3223,triangle,344,1998,1428,,358386.9351311953,6948872.6311539225,8782.51171875,69.87403850314053,69.86998635399586,19.874038503140532,19.869986353995866,12,1841,7.95270728767e-06,
3224,triangle,1237,1984,1263,,355583.4626116534,6955787.817109586,28386.4423828125,95.70502105976833,95.61629945684494,45.70502105976832,45.616299456844935,6,1721,1.189207115e-05,
3225,triangle,1259,1307,1191,,360179.783059057,6953492.786385387,41922.591796875,52.443535696559096,53.94927480179215,2.4435356965590955,3.9492748017921557,12,1841,7.5456692958375e-06,
3226,triangle,1168,1309,1224,,363979.31806727167,6955383.994737044,51950.583984375,56.91316639444134,56.651881949804626,6.913166394441345,6.651881949804621,12,1841,7.95270728767e-06,
3227,triangle,1263,1586,1351,,355861.2329279354,6955723.519762258,26829.26953125,91.74963013527443,89.61502312824854,41.74963013527444,39.61502312824854,6,1721,1.189207115e-05,
3228,triangle,1403,1993,453,,360303.08978608454,6952868.35932077,15993.859375,37.01242765118652,37.01194023512007,-12.987572348813481,-12.988059764879926,12,1841,7.95270728767e-06,
3229,triangle,1402,1939,1379,,358907.50277631776,6952897.792695233,24201.0400390625,41.208707870682304,40.37632022474796,-8.791292129317693,-9.623679775252043,12,1841,7.95270728767e-06,
3230,triangle,1796,1907,1377,,354576.2895119462,6951214.164787501,35917.41357421875,96.45021184330008,98.75194152146209,46.45021184330008,48.75194152146209,65,1681,6.32455532034e-06,
3231,triangle,1204,2144,1477,,359168.53686607647,6950851.710551764,18673.037109375,63.81351250563472,62.92783677275423,13.813512505634714,12.927836772754235,12,1841,7.95270728767e-06,
3232,triangle,1328,1754,1182,,358174.1194729815,6953014.745220546,34774.68896484375,56.18082411321724,56.98460356466838,6.180824113217241,6.9846035646683715,65,1681,7.02233473491e-06,
3233,triangle,1176,2141,1287,,359785.48952754476,6955666.476546735,50632.048828125,130.08010615282134,123.27558374603423,80.08010615282136,73.27558374603421,65,1681,6.32455532034e-06,
3234,triangle,1196,1866,1865,,364486.8620753102,6954417.775203999,34223.12109375,101.62848826291236,98.61974320146045,51.62848826291234,48.61974320146046,65,1681,6.32455532034e-06,
3235,triangle,1785,2075,1729,,357322.91859831306,6955437.528902224,61839.8974609375,106.96828009071768,108.7195465302565,56.96828009071767,58.719546530256515,6,1721,1.189207115e-05,
3236,triangle,1236,2007,1548,,356588.3121055719,6954435.284568522,25709.380859375,88.13198751200272,85.19413744182252,38.13198751200273,35.19413744182252,6,1721,1.189207115e-05,
3237,triangle,66,2004,1627,,358896.7598346427,6947386.1411179155,9979.921875,84.73124595973655,85.20198932710106,34.731245959736555,35.20198932710105,12,1841,7.95270728767e-06,
3238,triangle,1548,2007,607,,356463.3121055719,6954410.284568522,9515.57666015625,80.74176492919727,79.32746874065064,30.741764929197267,29.327468740650644,6,1721,1.189207115e-05,
3239,triangle,1325,1873,1585,,356226.20572858537,6955724.197805914,19923.59765625,90.20134350944568,89.51970990508114,40.201343509445685,39.51970990508116,6,1721,1.189207115e-05,
3240,triangle,1519,1861,1222,,362878.532137528,6953779.12791871,24028.84228515625,72.10182879755278,68.59552398249663,22.10182879755278,18.595523982496633,12,1841,7.95270728767e-06,
3241,triangle,690,2174,1387,,355840.8352604204,6955355.9213101575,7134.8046875,83.6926389422016,84.18352450107655,33.692638942201604,34.18352450107655,6,1721,1.189207115e-05,
3242,triangle,1550,1991,631,,356271.48597053083,6955210.933417727,8728.3759765625,83.18221591389943,83.86399832258012,33.18221591389943,33.86399832258011,6,1721,1.189207115e-05,
3243,triangle,1684,1942,425,,361967.2628917961,6951659.710206454,8534.09765625,96.22606856933862,93.98537679013141,46.226068569338615,43.98537679013142,65,1681,6.32455532034e-06,
3244,triangle,219,1941,1451,,361205.1136363636,6953745.693431847,13317.55029296875,26.836410566694042,27.575257985965475,-23.16358943330596,-22.42474201403452,12,1841,7.95270728767e-06,
3245,triangle,424,1942,1507,,362062.9972636053,6951540.36217115,9850.35888671875,95.19097931136572,94.40815968253516,45.19097931136572,44.408159682535164,65,1681,6.32455532034e-06,
3246,triangle,1760,1820,1738,,365577.5706852333,6954576.094411398,56137.54052734375,116.64827015717381,114.63290215321722,66.64827015717381,64.63290215321722,65,1681,6.32455532034e-06,
3247,triangle,1845,1916,1397,,365955.87042803905,6955382.616769432,91832.89111328125,83.55557612679814,86.10592690115583,33.55557612679815,36.10592690115582,65,1681,6.32455532034e-06,
3248,triangle,185,1961,1340,,358794.591783,6952637.518075582,10519.51123046875,38.84117087140285,38.76065285984762,-11.158829128597146,-11.239347140152384,12,1841,7.95270728767e-06,
3249,triangle,1340,1962,334,,358947.2381299459,6952482.468242399,11722.599609375,37.24938137437941,37.497585052296245,-12.750618625620582,-12.50241494770375,12,1841,7.95270728767e-06,
3250,triangle,57,1418,56,,359212.5,6946612.5,4218.75,90.875,91.45833333333333,40.875,41.458333333333336,12,1841,7.95270728767e-06,
3251,triangle,58,1419,59,,359212.5,6946762.5,4218.75,89.55000114440918,90.08333396911621,39.55000114440918,40.08333396911621,12,1841,7.95270728767e-06,
3252,triangle,60,1624,59,,359139.9791194617,6946836.028238532,3939.84912109375,88.31523822711688,88.2250887085226,38.31523822711688,38.225088708522605,12,1841,7.95270728767e-06,
3253,triangle,62,1625,63,,359062.5,6947062.5,4218.75,85.05000114440918,85.35833422342937,35.05000114440918,35.35833422342936,12,1841,7.95270728767e-06,
3254,triangle,64,1626,63,,358988.8557706407,6947145.391411078,4066.22607421875,84.78460943819155,85.21851868210798,34.78460943819155,35.21851868210799,12,1841,7.95270728767e-06,
3255,triangle,66,1627,67,,358827.2321428571,6947362.946428572,4268.97265625,80.71584392892034,81.15535581680219,30.71584392892034,31.15535581680219,12,1841,7.95270728767e-06,
3256,triangle,70,1420,69,,358609.1143896775,6947507.161361505,4599.63134765625,80.04424016911004,80.1205503332122,30.044240169110036,30.12055033321219,12,1841,7.95270728767e-06,
3257,triangle,71,1421,72,,358612.4979993755,6947672.625957313,4218.52490234375,77.74193382817039,78.38878322845021,27.741933828170392,28.388783228450208,12,1841,7.95270728767e-06,
3258,triangle,72,1422,71,,358525.8895186754,6947652.884518783,5524.92919921875,77.80443077259257,77.81784263533957,27.80443077259256,27.817842635339574,12,1841,7.95270728767e-06,
3259,triangle,73,1423,74,,358533.41636672243,6947817.268814455,3759.341796875,75.11858602310501,75.593466693832,25.118586023105017,25.593466693832003,12,1841,7.95270728767e-06,
3260,triangle,76,1424,75,,358459.7045986582,6947959.044160466,4533.232421875,75.4327604329598,76.20338251716252,25.432760432959796,26.203382517162524,12,1841,7.95270728767e-06,
3261,triangle,77,1425,78,,358462.55392336164,6948121.115651536,4224.81640625,74.44048019480607,75.40948726908243,24.440480194806074,25.409487269082444,12,1841,7.95270728767e-06,
3262,triangle,80,1426,81,,358468.42897363775,6948329.489316042,4885.75927734375,72.87997912085032,73.27050190194727,22.879979120850315,23.270501901947267,12,1841,7.95270728767e-06,
3263,triangle,83,1628,82,,358454.1709828063,6948479.804210314,5155.7646484375,69.2669692506966,70.00500689094673,19.26696925069661,20.005006890946728,12,1841,7.95270728767e-06,
3264,triangle,87,1427,86,,358237.21316651657,6948705.29354599,5029.47607421875,66.53006135042475,66.77649356840908,16.530061350424745,16.776493568409084,12,1841,7.95270728767e-06,
3265,triangle,345,1428,86,,358305.3571428571,6948779.590097402,3328.8857421875,66.15071267975738,66.48415636340442,16.15071267975738,16.484156363404423,12,1841,7.95270728767e-06,
3266,triangle,88,1429,89,,358080.16581632657,6948716.2580444105,4641.5302734375,67.41807051189812,68.3017232287413,17.41807051189812,18.30172322874129,12,1841,7.95270728767e-06,
3267,triangle,90,1430,89,,358020.92866164324,6948641.776914847,3737.59716796875,65.99049760644749,66.29572319644602,15.990497606447477,16.295723196446016,12,1841,7.95270728767e-06,
3268,triangle,91,1431,92,,357849.08322704077,6948647.578851034,5352.62060546875,66.03847145810947,67.22064047771391,16.038471458109477,17.220640477713914,12,1841,7.95270728767e-06,
3269,triangle,95,1629,94,,357638.4932544446,6948564.88662969,3950.25390625,63.25831552152587,63.4778964142076,13.258315521525882,13.477896414207592,12,1841,7.95270728767e-06,
3270,triangle,97,1630,98,,357413.7201947106,6948491.004148913,4612.96630859375,61.65072870142949,61.769313379749896,11.650728701429488,11.769313379749898,12,1841,7.95270728767e-06,
3271,triangle,103,1432,102,,357035.92853674927,6948412.061633588,4268.06640625,59.072355010251556,59.30213986335852,9.072355010251552,9.302139863358521,12,1841,7.95270728767e-06,
3272,triangle,104,1433,105,,356883.9285714286,6948406.31949124,3523.44287109375,58.95610051427494,59.00848578803882,8.956100514274935,9.00848578803882,12,1841,7.95270728767e-06,
3273,triangle,108,1435,109,,356594.8030153378,6948576.436425906,5786.59765625,57.99005800163984,58.608801554031636,7.990058001639841,8.608801554031642,12,1841,7.95270728767e-06,
3274,triangle,111,1436,110,,356434.9741826774,6948549.207585995,5714.14697265625,58.65911779962457,58.417546626856996,8.659117799624564,8.417546626857,12,1841,7.95270728767e-06,
3275,triangle,110,1631,111,,356437.5,6948637.5,4218.75,59.22499942779541,59.54999987284342,9.22499942779541,9.549999872843424,12,1841,7.95270728767e-06,
3276,triangle,113,1632,114,,356201.5773809524,6948634.43452381,3873.88427734375,58.58214183134337,59.65162633372838,8.58214183134337,9.651626333728382,12,1841,7.95270728767e-06,
3277,triangle,116,1633,117,,355998.231292517,6948633.9965986395,3824.6171875,59.241707064108056,59.574753301031514,9.24170706410806,9.574753301031523,12,1841,7.95270728767e-06,
3278,triangle,120,1634,121,,355836.58153370937,6948860.874318816,4115.42236328125,58.60542605072279,59.23880675629753,8.60542605072279,9.238806756297533,12,1841,7.95270728767e-06,
3279,triangle,126,1635,125,,356062.5,6949237.5,4218.75,57.5,57.43333371480306,7.5,7.43333371480306,12,1841,7.95270728767e-06,
3280,triangle,129,1636,128,,356223.6250985165,6949466.659378439,4686.68017578125,55.02668663449066,55.104418061507396,5.02668663449066,5.104418061507391,12,1841,7.95270728767e-06,
3281,triangle,131,1437,132,,356440.74569389597,6949612.3833438335,4583.890625,56.78518656621159,58.46539165144933,6.785186566211584,8.465391651449334,12,1841,7.95270728767e-06,
3282,triangle,134,1438,133,,356437.5,6949762.5,4218.75,54.25,54.77500057220459,4.25,4.77500057220459,12,1841,7.95270728767e-06,
3283,triangle,133,1637,134,,356517.35608587274,6949765.771007483,4765.0595703125,59.15444395102506,59.10944423732645,9.154443951025064,9.109444237326452,12,1841,7.95270728767e-06,
3284,triangle,137,1638,136,,356587.5,6949987.5,4218.75,51.72499942779541,51.92499923706055,1.7249994277954102,1.9249992370605469,12,1841,7.95270728767e-06,
3285,triangle,143,1439,144,,356799.4047619048,6950437.5,2745.53564453125,50.799206340125494,50.79920634012438,0.7992063401254961,0.799206340124376,12,1841,7.95270728767e-06,
3286,triangle,146,1440,145,,356811.24823029916,6950591.968691926,4359.57421875,51.70378007556457,52.055008882479676,1.7037800755645736,2.055008882479671,12,1841,7.95270728767e-06,
3287,triangle,147,1441,148,,356889.3104616254,6950734.234555185,4422.4267578125,52.259998779508884,52.49315402211744,2.259998779508885,2.4931540221174395,12,1841,7.95270728767e-06,
3288,triangle,150,1442,149,,356892.87970079813,6950888.840020083,3613.533203125,50.0101645323352,50.367103907611074,0.010164532335203369,0.367103907611073,12,1841,7.95270728767e-06,
3289,triangle,152,1443,151,,356885.87457130227,6951037.2033601105,4401.6103515625,49.16643969588138,48.95238395161639,-0.8335603041186196,-1.0476160483836052,12,1841,7.95270728767e-06,
3290,triangle,153,1444,154,,356885.5085621003,6951191.071428572,3994.71337890625,47.77264767935011,47.785377054410134,-2.227352320649898,-2.2146229455898667,12,1841,7.95270728767e-06,
3291,triangle,155,1639,156,,356887.1680936834,6951342.261904761,4181.41064453125,48.299896015499094,47.919085726567694,-1.7001039845009032,-2.0809142734323047,12,1841,7.95270728767e-06,
3292,triangle,159,1640,158,,356973.6628930362,6951569.503279321,2962.92431640625,47.26812493860257,47.92624684034181,-2.731875061397428,-2.0737531596581817,12,1841,7.95270728767e-06,
3293,triangle,159,1641,160,,357036.038812314,6951644.924274687,4054.3662109375,47.861406051339735,47.64845156670062,-2.1385939486602665,-2.3515484332993837,12,1841,7.95270728767e-06,
3294,triangle,167,1642,166,,357410.5601615647,6952081.255314626,4436.98193359375,44.09609837924636,43.93215313586415,-5.903901620753642,-6.067846864135858,12,1841,7.95270728767e-06,
3295,triangle,166,1643,167,,357486.5827804336,6952092.668920246,4115.56298828125,45.40218773098625,45.06620540458699,-4.597812269013745,-4.9337945954130085,12,1841,7.95270728767e-06,
3296,triangle,406,1445,169,,357557.55739795923,6952317.442602041,4774.79296875,40.87313858123845,41.42683609891433,-9.12686141876155,-8.57316390108567,12,1841,7.95270728767e-06,
3297,triangle,172,1644,173,,357862.5,6952462.5,4218.75,37.57499980926514,39.53333346048991,-12.425000190734863,-10.466666539510092,12,1841,7.95270728767e-06,
3298,triangle,175,1446,174,,358012.5,6952537.5,4218.75,38.22499942779541,38.49999968210856,-11.77500057220459,-11.50000031789144,12,1841,7.95270728767e-06,
3299,triangle,178,1645,179,,358308.6684515306,6952689.254383773,4021.3818359375,37.50716863381434,38.15047156478408,-12.492831366185662,-11.849528435215925,12,1841,7.95270728767e-06,
3300,triangle,181,1646,182,,358540.98819800006,6952684.483453493,4558.111328125,37.25919650923041,39.84571695082936,-12.740803490769594,-10.154283049170642,12,1841,7.95270728767e-06,
3301,triangle,191,1648,192,,359283.65216285136,6952758.874998904,4626.56298828125,34.826805045250985,35.71038651074192,-15.173194954749016,-14.289613489258086,12,1841,7.95270728767e-06,
3302,triangle,192,1649,191,,359288.8125269402,6952844.291859248,4982.833984375,36.36459032124613,36.779846019675894,-13.635409678753867,-13.220153980324108,12,1841,7.95270728767e-06,
3303,triangle,195,1447,196,,359587.5,6952837.5,4218.75,35.674999713897705,35.44166628519694,-14.325000286102295,-14.55833371480306,12,1841,7.95270728767e-06,
3304,triangle,196,1448,195,,359594.32214931207,6952911.11378732,4062.80126953125,32.5744362467508,32.82769919552488,-17.4255637532492,-17.172300804475125,12,1841,7.95270728767e-06,
3305,triangle,198,1449,199,,359812.5,6952837.5,4218.75,33.52499961853027,34.30000019073486,-16.475000381469727,-15.699999809265137,12,1841,7.95270728767e-06,
3306,triangle,199,1450,198,,359804.3069713681,6952912.012473077,4163.9033203125,33.201548056415085,33.3652396202661,-16.79845194358491,-16.6347603797339,12,1841,7.95270728767e-06,
3307,triangle,201,1650,200,,359961.61728529463,6952910.477489204,3991.2177734375,32.40154284953675,32.43126421932973,-17.59845715046324,-17.56873578067028,12,1841,7.95270728767e-06,
3308,triangle,207,1652,206,,360412.5,6953212.5,4218.75,28.774999618530273,29.891666412353516,-21.225000381469727,-20.108333587646484,12,1841,7.95270728767e-06,
3309,triangle,212,1653,213,,360862.5,6953512.5,4218.75,28.125,28.266666730244953,-21.875,-21.733333269755047,12,1841,7.95270728767e-06,
3310,triangle,217,1451,216,,361162.0941558441,6953582.437094156,3649.17333984375,26.84433165148722,26.834093635187923,-23.15566834851278,-23.165906364812074,12,1841,7.95270728767e-06,
3311,triangle,219,1451,218,,361237.0941558441,6953657.437094156,4264.4072265625,26.681517189300195,26.667426332738376,-23.318482810699805,-23.332573667261617,12,1841,7.95270728767e-06,
3312,triangle,218,1452,219,,361312.5,6953662.5,4218.75,27.625,27.266666253407795,-22.375,-22.733333746592205,12,1841,7.95270728767e-06,
3313,triangle,220,1452,221,,361387.5,6953737.5,4218.75,26.52500009536743,27.03333330154419,-23.47499990463257,-22.96666669845581,12,1841,7.95270728767e-06,
3314,triangle,224,1453,225,,361537.5,6954037.5,4218.75,25.800000190734863,25.825000127156574,-24.199999809265137,-24.174999872843426,12,1841,7.95270728767e-06,
3315,triangle,226,1453,227,,361612.5,6954112.5,4218.75,25.674999713897705,25.558333079020183,-24.325000286102295,-24.441666920979817,12,1841,7.95270728767e-06,
3316,triangle,227,1454,226,,361612.5,6954187.5,4218.75,26.34999990463257,27.34999990463257,-23.65000009536743,-22.65000009536743,12,1841,7.95270728767e-06,
3317,triangle,228,1455,229,,361756.25,6954191.666666667,3750.0,25.453704003928262,25.433333449893524,-24.546295996071738,-24.566666550106476,12,1841,7.95270728767e-06,
3318,triangle,229,1456,228,,361766.2574404762,6954263.318452381,4310.826171875,27.19062968212073,27.08717985372911,-22.80937031787927,-22.91282014627089,12,1841,7.95270728767e-06,
3319,triangle,230,1457,231,,361912.5,6954262.5,4218.75,25.049999713897705,25.474999745686848,-24.950000286102295,-24.525000254313152,12,1841,7.95270728767e-06,
3320,triangle,231,1654,230,,361914.27280733717,6954341.546707969,4674.00439453125,25.482409459047464,25.583006536603218,-24.517590540952536,-24.416993463396782,12,1841,7.95270728767e-06,
3321,triangle,244,1655,243,,362812.5,6955237.5,4218.75,21.949999809265137,22.116666793823242,-28.050000190734863,-27.883333206176758,12,1841,7.95270728767e-06,
3322,triangle,247,1458,246,,362958.22054180055,6955477.354648683,5889.89794921875,23.341630136154535,24.53242444140567,-26.658369863845465,-25.46757555859433,12,1841,7.95270728767e-06,
3323,triangle,252,1459,251,,363330.7022581234,6955539.873665523,4485.78759765625,24.010614434293046,25.47441168273353,-25.989385565706954,-24.52558831726647,12,1841,7.95270728767e-06,
3324,triangle,253,1460,254,,363487.5,6955537.5,4218.75,24.050000190734863,25.391667366027832,-25.949999809265137,-24.608332633972168,12,1841,7.95270728767e-06,
3325,triangle,254,1461,253,,363489.002774416,6955619.401149317,4995.12939453125,21.80782194298563,23.88421822920819,-28.192178057014374,-26.11578177079181,12,1841,7.95270728767e-06,
3326,triangle,255,1462,256,,363637.5,6955612.5,4218.75,21.450000286102295,24.266666889190674,-28.549999713897705,-25.733333110809326,12,1841,7.95270728767e-06,
3327,triangle,257,1656,256,,363713.2774259648,6955687.8715771185,4260.552734375,20.49566529970455,20.74960845822884,-29.50433470029545,-29.25039154177116,12,1841,7.95270728767e-06,
3328,triangle,259,1657,260,,363939.23812292237,6955765.759607904,3852.0439453125,21.020792556771113,22.801109450621066,-28.97920744322888,-27.198890549378934,12,1841,7.95270728767e-06,
3329,triangle,265,1463,266,,356522.20203655114,6947886.132105277,5310.2294921875,61.55106086661063,61.72477503666002,11.551060866610628,11.724775036660022,12,1841,7.95270728767e-06,
3330,triangle,268,1464,267,,356516.88502209395,6948047.940700117,3725.4345703125,59.889086538277674,60.19158873918167,9.889086538277676,10.191588739181663,12,1841,7.95270728767e-06,
3331,triangle,268,1465,269,,356583.6569553446,6948106.727018796,3786.40771484375,59.75201372352981,59.89429159260418,9.752013723529808,9.894291592604182,12,1841,7.95270728767e-06,
3332,triangle,270,1434,271,,356668.15518342896,6948261.026475144,4854.9580078125,59.14585558604725,59.21232253475633,9.14585558604724,9.21232253475633,12,1841,7.95270728767e-06,
3333,triangle,271,1466,270,,356587.5,6948262.5,4218.75,59.35000038146973,59.52500025431315,9.350000381469727,9.52500025431315,12,1841,7.95270728767e-06,
3334,triangle,274,1467,275,,360341.28530605556,6948397.430895706,4644.59716796875,75.23526289460546,75.15487086233155,25.235262894605455,25.154870862331553,12,1841,7.95270728767e-06,
3335,triangle,277,1468,276,,360337.5,6948562.5,4218.75,72.4000015258789,72.91666793823242,22.400001525878906,22.916667938232422,12,1841,7.95270728767e-06,
3336,triangle,276,1658,277,,360429.3269070244,6948563.1104311645,6111.77734375,74.34771899461896,72.54117446879557,24.34771899461895,22.54117446879557,12,1841,7.95270728767e-06,
3337,triangle,281,1469,282,,360712.5,6948862.5,4218.75,64.62500095367432,65.13333447774251,14.625000953674316,15.133334477742514,12,1841,7.95270728767e-06,
3338,triangle,341,1470,283,,360716.2088496112,6949005.845329203,3470.09912109375,64.51562388541545,64.82628888274452,14.515623885415447,14.826288882744516,12,1841,7.95270728767e-06,
3339,triangle,284,1470,285,,360641.2088496112,6949080.845329203,4635.99609375,64.06024232249747,63.559622470391,14.06024232249747,13.559622470391,12,1841,7.95270728767e-06,
3340,triangle,285,1659,284,,360551.30517597374,6949072.674693051,5478.16796875,63.09815801815476,63.968247028717315,13.09815801815476,13.96824702871732,12,1841,7.95270728767e-06,
3341,triangle,289,1660,288,,360330.64587949216,6949305.119722698,5049.03125,59.17472277001231,60.15209629237202,9.174722770012309,10.15209629237202,12,1841,7.95270728767e-06,
3342,triangle,290,1471,291,,360334.62683884776,6949462.367381019,3895.51953125,59.01537474245314,59.78099645250268,9.01537474245314,9.780996452502679,12,1841,7.95270728767e-06,
3343,triangle,292,1472,291,,360262.5,6949537.5,4218.75,57.14999961853027,57.48333263397217,7.149999618530273,7.483332633972168,12,1841,7.95270728767e-06,
3344,triangle,294,1472,293,,360187.5,6949612.5,4218.75,56.40000057220459,56.18333339691162,6.40000057220459,6.183333396911621,12,1841,7.95270728767e-06,
3345,triangle,294,1473,295,,360118.5441218974,6949680.908689272,3477.2275390625,56.231119633598006,56.69823586610352,6.231119633598004,6.69823586610353,12,1841,7.95270728767e-06,
3346,triangle,297,1474,296,,359969.1964285714,6949685.267857143,4469.8662109375,56.10373092387661,56.91189438714398,6.103730923876613,6.911894387143984,12,1841,7.95270728767e-06,
3347,triangle,296,1661,297,,359958.6922350161,6949772.884400971,5386.9951171875,57.52639105673137,57.812290100319935,7.526391056731373,7.812290100319935,12,1841,7.95270728767e-06,
3348,triangle,300,1662,299,,359737.5,6949912.5,4218.75,53.97500038146973,55.28333377838135,3.9750003814697266,5.283333778381348,12,1841,7.95270728767e-06,
3349,triangle,303,1475,302,,359578.7476930286,6950137.791644006,5203.38427734375,57.389660084765794,57.02101723717809,7.389660084765791,7.02101723717809,12,1841,7.95270728767e-06,
3350,triangle,302,1663,303,,359660.79931972787,6950134.523809523,4027.42333984375,56.5772685629521,55.74956293933951,6.577268562952102,5.749562939339519,12,1841,7.95270728767e-06,
3351,triangle,306,1664,307,,359578.3163265306,6950437.5,3185.58642578125,55.832652773172455,55.36394544199151,5.832652773172457,5.3639454419915085,12,1841,7.95270728767e-06,
3352,triangle,310,1665,309,,359512.5,6950662.5,4218.75,47.625,48.17499987284342,-2.375,-1.8250001271565754,12,1841,7.95270728767e-06,
3353,triangle,312,1666,313,,359442.1197886061,6950891.136745404,4738.4755859375,49.78308094074335,48.86994068231388,-0.2169190592566506,-1.130059317686121,12,1841,7.95270728767e-06,
3354,triangle,314,1477,313,,359360.12960825954,6950954.90131897,4485.4189453125,48.87867735915269,49.01455339065188,-1.1213226408473118,-0.9854466093481099,12,1841,7.95270728767e-06,
3355,triangle,315,1478,316,,359369.65441990225,6951112.96215877,5023.6220703125,49.6488501176318,48.92176914103131,-0.3511498823681922,-1.0782308589686902,12,1841,7.95270728767e-06,
3356,triangle,316,1479,315,,359284.4804694496,6951110.146775499,4558.447265625,46.730404273908114,47.363808488493326,-3.2695957260918878,-2.6361915115066687,12,1841,7.95270728767e-06,
3357,triangle,317,1480,318,,359287.5,6951262.5,4218.75,45.375000953674316,46.10000069936117,-4.624999046325684,-3.8999993006388345,12,1841,7.95270728767e-06,
3358,triangle,318,1481,317,,359216.4219595906,6951262.587558038,3777.52978515625,45.78102603439311,45.995736293958565,-4.218973965606888,-4.004263706041441,12,1841,7.95270728767e-06,
3359,triangle,319,1482,320,,359215.46238792175,6951413.355710772,4552.0185546875,44.8886908195176,43.59667864543135,-5.111309180482397,-6.403321354568644,12,1841,7.95270728767e-06,
3360,triangle,320,1483,319,,359137.5,6951412.5,4218.75,44.02499961853027,43.83333365122477,-5.975000381469727,-6.166666348775228,12,1841,7.95270728767e-06,
3361,triangle,321,1484,322,,359133.5519907319,6951564.970314755,3774.599609375,41.29851471252038,41.90870271498229,-8.701485287479615,-8.09129728501771,12,1841,7.95270728767e-06,
3362,triangle,415,1483,321,,359062.5,6951487.5,4218.75,43.77499961853027,43.39999930063883,-6.225000381469727,-6.600000699361165,12,1841,7.95270728767e-06,
3363,triangle,323,1485,322,,359062.5,6951637.5,4218.75,43.29999923706055,42.741665840148926,-6.700000762939453,-7.258334159851074,12,1841,7.95270728767e-06,
3364,triangle,323,1486,324,,359144.24225632224,6951713.567801211,4977.25390625,43.148068132061965,44.480391070514116,-6.8519318679380365,-5.519608929485884,12,1841,7.95270728767e-06,
3365,triangle,326,1487,325,,359131.1740321128,6951852.499437275,4930.42138671875,42.985503489369776,43.71856435921694,-7.014496510630222,-6.281435640783054,12,1841,7.95270728767e-06,
3366,triangle,327,1488,328,,359131.5476190476,6952012.5,3549.107421875,45.03849336835934,45.37896935901737,-4.961506631640662,-4.6210306409826325,12,1841,7.95270728767e-06,
3367,triangle,330,1489,329,,359055.66690962104,6952164.777696793,4987.47265625,40.480793428449296,40.017662287175284,-9.519206571550704,-9.982337712824714,12,1841,7.95270728767e-06,
3368,triangle,331,1490,332,,359059.89888992254,6952321.388381316,3926.125,38.645457934013855,38.115004973498365,-11.354542065986143,-11.88499502650164,12,1841,7.95270728767e-06,
3369,triangle,334,1647,335,,359061.3130170543,6952529.801007219,4085.21435546875,35.45550013805048,36.33507748289014,-14.544499861949522,-13.664922517109858,12,1841,7.95270728767e-06,
3370,triangle,336,1667,337,,361065.7738095238,6948788.392857143,4319.1962890625,73.05380012802567,72.4413853005163,23.053800128025653,22.441385300516302,12,1841,7.95270728767e-06,
3371,triangle,341,1469,340,,360787.5,6948937.5,4218.75,64.84999942779541,65.00000063578288,14.84999942779541,15.000000635782877,12,1841,7.95270728767e-06,
3372,triangle,348,1491,347,,361692.71684369724,6949609.24317421,4585.14306640625,80.90659760779971,80.87129055886534,30.906597607799707,30.871290558865343,12,1841,7.95270728767e-06,
3373,triangle,347,1668,348,,361676.89425302186,6949702.705969721,5929.421875,82.78757796141893,83.5146904906043,32.787577961418926,33.514690490604295,12,1841,7.95270728767e-06,
3374,triangle,349,1492,350,,361519.99285248714,6949617.3854990825,4768.3681640625,81.0554282349041,81.61520822828275,31.055428234904085,31.615208228282757,12,1841,7.95270728767e-06,
3375,triangle,350,1669,349,,361533.41958641034,6949523.432527315,5801.34033203125,78.14491286984668,79.4899900121044,28.144912869846678,29.489990012104403,12,1841,7.95270728767e-06,
3376,triangle,352,1670,353,,361316.95245723194,6949467.801718544,4815.193359375,80.27088822269562,80.24945576644082,30.270888222695614,30.249455766440814,12,1841,7.95270728767e-06,
3377,triangle,353,1672,352,,361311.48524429,6949380.48820047,5007.57763671875,77.72898858620256,79.15041810644473,27.728988586202558,29.150418106444732,12,1841,7.95270728767e-06,
3378,triangle,369,1673,370,,355012.5,6951187.5,4218.75,79.70000076293945,80.34166781107585,29.700000762939453,30.341667811075848,65,1681,6.32455532034e-06,
3379,triangle,371,1674,370,,355087.5,6951262.5,4218.75,78.67500114440918,78.74166742960612,28.67500114440918,28.74166742960612,65,1681,6.32455532034e-06,
3380,triangle,374,1494,373,,355304.55012787227,6951430.98241834,6298.021484375,75.22930050337793,76.03316644429025,25.229300503377925,26.033166444290234,65,1681,6.32455532034e-06,
3381,triangle,373,1675,374,,355315.06532300723,6951328.668590707,5212.283203125,74.57598002848042,74.87624944099703,24.575980028480423,24.876249440997025,65,1681,6.32455532034e-06,
3382,triangle,375,1495,376,,355462.5,6951412.5,4218.75,71.12499809265137,71.7999979654948,21.124998092651367,21.799997965494793,65,1681,6.32455532034e-06,
3383,triangle,378,1496,377,,355612.5,6951485.873073719,4035.720703125,68.64788379905124,68.93783243155625,18.647883799051236,18.93783243155625,65,1681,6.32455532034e-06,
3384,triangle,379,1497,380,,355773.21428571426,6951478.236607143,5260.88134765625,65.83358998688163,66.33143129397956,15.833589986881638,16.33143129397956,65,1681,6.3827036048875e-06,
3385,triangle,382,1499,381,,355923.03037494066,6951490.266901334,4530.02685546875,64.39915240611388,66.06187985523268,14.399152406113885,16.06187985523268,12,1841,7.8945590031225e-06,
3386,triangle,385,1676,384,,356142.36148273974,6951488.608580001,4343.4658203125,61.408594600955524,62.37446373290874,11.408594600955523,12.374463732908735,12,1841,7.95270728767e-06,
3387,triangle,388,1500,387,,356362.5,6951637.5,4218.75,61.05000114440918,60.90833377838135,11.05000114440918,10.908333778381348,12,1841,7.95270728767e-06,
3388,triangle,387,1677,388,,356359.27517807734,6951560.231243692,4473.9853515625,61.8158786065335,62.41666995027949,11.81587860653351,12.41666995027949,12,1841,7.95270728767e-06,
3389,triangle,389,1501,390,,356519.2702520462,6951631.308128719,4915.33544921875,61.273037238997674,60.50580348413664,11.273037238997677,10.505803484136642,12,1841,7.95270728767e-06,
3390,triangle,391,1678,390,,356587.5,6951712.5,4218.75,56.60000038146973,56.86666679382324,6.600000381469727,6.866666793823242,12,1841,7.95270728767e-06,
3391,triangle,396,1502,395,,356813.13775510207,6952014.4132653065,4147.001953125,56.0249288040215,56.296789109568515,6.0249288040214966,6.296789109568514,12,1841,7.95270728767e-06,
3392,triangle,395,1679,396,,356890.88293650793,6952026.77579365,4599.330078125,56.04986197072202,55.25823486313237,6.049861970722015,5.258234863132375,12,1841,7.95270728767e-06,
3393,triangle,399,1503,398,,357031.97548981226,6952238.675739798,4351.02099609375,53.83538400581625,54.34819062983399,3.835384005816251,4.348190629833986,12,1841,7.95270728767e-06,
3394,triangle,400,1504,401,,357197.2842261905,6952241.257440477,3796.0380859375,52.71746884761542,51.78197196306294,2.7174688476154274,1.781971963062933,12,1841,7.95270728767e-06,
3395,triangle,401,1680,400,,357182.2353144993,6952319.525664796,5009.13671875,51.657017895104005,52.570525123175535,1.6570178951040058,2.570525123175537,12,1841,7.95270728767e-06,
3396,triangle,404,1445,405,,357482.55739795923,6952392.442602041,3662.70751953125,42.986103384516824,43.093502765581,-7.0138966154831754,-6.906497234419002,12,1841,7.95270728767e-06,
3397,triangle,409,1681,408,,358623.21428571426,6951116.071428572,3013.392578125,53.198809370676514,53.32721075719454,3.198809370676509,3.3272107571945426,12,1841,7.95270728767e-06,
3398,triangle,409,1682,410,,358687.50054945477,6951178.792693849,4218.8115234375,52.49260614840239,52.83329500148719,2.4926061484023783,2.833295001487187,12,1841,7.95270728767e-06,
3399,triangle,413,1683,414,,358904.69025924144,6951410.651163864,4426.744140625,46.481706227891586,46.01956990642099,-3.518293772108415,-3.980430093579015,12,1841,7.95270728767e-06,
3400,triangle,417,1505,416,,362282.6710550582,6951100.1629744135,4762.0068359375,93.53687563515138,93.8901828808763,43.536875635151375,43.89018288087629,65,1681,6.32455532034e-06,
3401,triangle,418,1506,419,,362292.7824130393,6951267.540577087,4813.021484375,92.83101227884077,93.24882259674753,42.831012278840774,43.24882259674754,65,1681,6.32455532034e-06,
3402,triangle,422,1507,421,,362207.82852765336,6951478.460406254,4744.291015625,89.95933629278395,91.5562622654184,39.95933629278394,41.55626226541838,65,1681,6.32455532034e-06,
3403,triangle,424,1507,423,,362132.82852765336,6951553.460406254,5235.7041015625,91.38943936064763,91.12292791483246,41.389439360647614,41.122927914832445,65,1681,6.32455532034e-06,
3404,triangle,423,1508,424,,362137.5,6951637.5,4218.75,90.67500114440918,91.125,40.67500114440918,41.125,65,1681,6.32455532034e-06,
3405,triangle,425,1508,426,,362062.5,6951712.5,4218.75,90.17500114440918,90.39166768391927,40.17500114440918,40.39166768391927,65,1681,6.32455532034e-06,
3406,triangle,426,1684,425,,361987.0941558441,6951722.808441558,4264.40771484375,90.00481269713626,90.10014654830762,40.00481269713626,40.10014654830761,65,1681,6.32455532034e-06,
3407,triangle,430,1685,431,,361685.68449356366,6951927.886814024,3137.2666015625,79.73932504872475,79.67154272252797,29.739325048724744,29.671542722527963,12,1841,7.95270728767e-06,
3408,triangle,434,1509,435,,361387.5,6951937.5,4218.75,61.75,61.59166590372721,11.75,11.591665903727213,12,1841,7.95270728767e-06,
3409,triangle,437,1510,436,,361237.5,6951937.5,4218.75,54.89999961853027,55.25,4.899999618530273,5.25,12,1841,7.95270728767e-06,
3410,triangle,436,1511,437,,361242.86163647706,6952014.125825482,4401.6552734375,54.78211335939613,55.16967311234853,4.782113359396126,5.169673112348538,12,1841,7.95270728767e-06,
3411,triangle,439,1512,438,,361087.5,6952012.5,4218.75,52.42499923706055,52.15833314259847,2.424999237060547,2.15833314259847,12,1841,7.95270728767e-06,
3412,triangle,438,1513,439,,361090.7521126329,6952097.244345777,5314.98828125,51.003194520702316,53.31419379451973,1.0031945207023125,3.3141937945197335,12,1841,7.95270728767e-06,
3413,triangle,441,1514,440,,360937.5,6952087.5,4218.75,48.150001525878906,48.591667811075844,-1.8499984741210938,-1.4083321889241536,12,1841,7.95270728767e-06,
3414,triangle,441,1686,442,,360862.5,6952162.5,4218.75,47.875,47.36666742960612,-2.125,-2.6333325703938804,12,1841,7.95270728767e-06,
3415,triangle,446,1687,447,,360565.4880131453,6952464.654972367,4554.9013671875,46.07499527660607,44.29806390733351,-3.92500472339393,-5.70193609266649,12,1841,7.95270728767e-06,
3416,triangle,448,1515,447,,360487.5,6952537.5,4218.75,42.30000019073486,42.94166692097982,-7.699999809265137,-7.058333079020183,12,1841,7.95270728767e-06,
3417,triangle,449,1516,450,,360487.5,6952687.5,4218.75,40.27499961853027,41.67499955495199,-9.725000381469727,-8.325000445048014,12,1841,7.95270728767e-06,
3418,triangle,454,1651,453,,360339.1973059065,6952992.614694688,4027.802734375,31.518997061188873,31.4311274925529,-18.481002938811123,-18.5688725074471,12,1841,7.95270728767e-06,
3419,triangle,459,1447,458,,359662.5,6952762.5,4218.75,37.89999961853027,37.47499974568685,-12.100000381469727,-12.52500025431315,12,1841,7.95270728767e-06,
3420,triangle,458,1449,459,,359737.5,6952762.5,4218.75,35.75,35.73333326975504,-14.25,-14.266666730244955,12,1841,7.95270728767e-06,
3421,triangle,463,1688,464,,363487.5,6953287.5,4218.75,75.9749984741211,76.91666603088379,25.974998474121094,26.91666603088379,65,1681,6.32455532034e-06,
3422,triangle,465,1517,466,,363340.1801237786,6953298.36709312,5441.29833984375,71.64877798830032,73.97668884131791,21.648777988300324,23.97668884131791,65,1681,6.32455532034e-06,
3423,triangle,468,1518,467,,363176.02857199515,6953281.206047078,4926.81982421875,69.25794733912316,69.37362432372137,19.25794733912317,19.373624323721373,65,1681,6.32455532034e-06,
3424,triangle,474,1519,475,,362813.6904761905,6953589.285714286,4419.642578125,65.40181466477117,65.55374124315192,15.401814664771175,15.553741243151919,12,1841,7.95270728767e-06,
3425,triangle,477,1520,476,,362649.12674413115,6953568.787198263,6323.9404296875,59.77792866044735,65.04172491431198,9.777928660447353,15.04172491431198,12,1841,7.95270728767e-06,
3426,triangle,476,1689,477,,362665.0824226678,6953663.119781439,4288.47509765625,59.024475284804254,58.67011336597181,9.024475284804257,8.670113365971808,12,1841,7.95270728767e-06,
3427,triangle,489,1521,490,,362437.5,6954562.5,4218.75,27.200000286102295,27.916667143503826,-22.799999713897705,-22.083332856496174,12,1841,7.95270728767e-06,
3428,triangle,492,1690,493,,355404.00314200734,6953889.554147947,3987.658203125,84.35732040855771,85.39738408653325,34.357320408557726,35.39738408653324,6,1721,1.189207115e-05,
3429,triangle,494,1522,493,,355462.5,6953962.5,4218.75,83.05000114440918,83.38333320617676,33.05000114440918,33.38333320617676,6,1721,1.189207115e-05,
3430,triangle,495,1523,496,,355612.5,6953962.5,4218.75,80.72500038146973,81.30833498636882,30.725000381469727,31.308334986368816,6,1721,1.189207115e-05,
3431,triangle,500,1524,501,,355987.5,6953962.5,4218.75,75.77499961853027,76.6416670481364,25.774999618530273,26.641667048136394,65,1681,8.312953830932858e-06,
3432,triangle,503,1525,502,,356137.5,6953962.5,4218.75,76.2750015258789,76.14166831970215,26.275001525878906,26.14166831970215,65,1681,6.32455532034e-06,
3433,triangle,503,1526,504,,356200.93420577236,6953890.9174647005,3834.28515625,75.55285715258226,76.18296524928381,25.552857152582256,26.18296524928381,65,1681,6.32455532034e-06,
3434,triangle,509,1527,508,,356519.73320008634,6953740.602092969,5032.484375,75.34257605340844,74.9890486310346,25.34257605340844,24.989048631034603,65,1681,6.32455532034e-06,
3435,triangle,511,1691,510,,356512.5,6953587.5,4218.75,73.12500190734863,73.59166781107585,23.125001907348633,23.591667811075848,65,1681,6.32455532034e-06,
3436,triangle,517,1528,516,,356883.12485505565,6953216.18219347,4632.99658203125,68.3114464874323,69.954936485951,18.311446487432303,19.954936485950995,65,1681,6.32455532034e-06,
3437,triangle,518,1529,519,,357037.5,6953211.181515616,4367.07958984375,64.45927977738579,65.0396571054385,14.459279777385788,15.039657105438494,65,1681,6.32455532034e-06,
3438,triangle,521,1530,520,,357191.0714285714,6953210.770069699,4024.1328125,63.50262650740566,64.936571535896,13.502626507405651,14.936571535895999,65,1681,6.32455532034e-06,
3439,triangle,522,1692,523,,357337.5,6953137.5,4218.75,55.20000076293945,55.28333346048991,5.200000762939453,5.283333460489909,65,1681,6.32455532034e-06,
3440,triangle,526,1693,525,,357562.5,6953062.5,4218.75,50.80000019073486,51.79166730244955,0.8000001907348633,1.7916673024495442,65,1681,6.32455532034e-06,
3441,triangle,527,1694,526,,357651.71759791765,6952990.492811147,5818.22998046875,49.30915118752044,49.44544388784507,-0.6908488124795565,-0.554556112154924,65,1681,6.32455532034e-06,
3442,triangle,529,1695,530,,357709.60829493083,6952762.041330646,4544.06640625,43.356314333007475,43.55899461104815,-6.6436856669925275,-6.441005388951848,12,1841,7.95270728767e-06,
3443,triangle,530,1696,529,,357788.4644047082,6952765.757289026,4327.2451171875,42.917371727264005,43.03988136275174,-7.082628272735993,-6.960118637248255,12,1841,7.95270728767e-06,
3444,triangle,534,1531,533,,365436.9663919262,6954172.975911766,5852.7099609375,104.16694136311736,105.15167979207706,54.166941363117346,55.151679792077054,65,1681,6.32455532034e-06,
3445,triangle,535,1533,536,,365277.49756322225,6954190.811514709,4591.29541015625,100.93115512575584,102.17049619686138,50.931155125755836,52.17049619686139,65,1681,6.32455532034e-06,
3446,triangle,547,1697,548,,364393.75,6954177.083333333,3046.875,83.2569433141417,83.36249907811482,33.25694331414169,33.362499078114816,65,1681,6.32455532034e-06,
3447,triangle,552,1534,551,,364162.4202158509,6954407.266642381,4227.72607421875,82.26201820956709,82.42963421927395,32.26201820956709,32.42963421927396,65,1681,6.906038165815001e-06,
3448,triangle,553,1535,554,,364168.6288776885,6954562.79903857,4908.248046875,82.54594032219342,82.64899894823732,32.5459403221934,32.64899894823731,12,1841,7.95270728767e-06,
3449,triangle,556,1698,557,,363937.5,6954712.5,4218.75,68.22500038146973,69.09166653951009,18.225000381469727,19.09166653951009,12,1841,7.95270728767e-06,
3450,triangle,561,1536,562,,363564.5564584317,6955015.614197675,4569.09765625,42.51705681000281,42.507686423852,-7.482943189997191,-7.492313576147997,12,1841,7.95270728767e-06,
3451,triangle,562,1699,561,,363566.35844079097,6954931.266853516,4919.97900390625,43.995601328655155,45.04957894056563,-6.004398671344841,-4.950421059434369,12,1841,7.95270728767e-06,
3452,triangle,563,1536,564,,363489.5564584317,6955090.614197675,4450.1015625,39.22471879038352,39.64102026581164,-10.77528120961648,-10.358979734188361,12,1841,7.95270728767e-06,
3453,triangle,571,1700,572,,357099.360908017,6954280.097877051,6198.51123046875,78.88663984334023,79.74563524486787,28.886639843340248,29.74563524486787,65,1681,6.921074873517858e-06,
3454,triangle,572,1701,571,,357112.5,6954187.5,4218.75,79.19999885559082,79.67499987284343,29.19999885559082,29.674999872843426,65,1681,6.32455532034e-06,
3455,triangle,576,1537,575,,356815.38977181836,6953956.224990752,4924.6884765625,76.98387786306402,78.21743580700321,26.983877863064016,28.21743580700321,65,1681,6.32455532034e-06,
3456,triangle,575,1703,576,,356815.38305798516,6954038.868642695,4372.72265625,76.61553106044244,76.82796096538115,26.615531060442443,26.827960965381152,65,1681,6.32455532034e-06,
3457,triangle,577,1538,578,,356651.30385487527,6953964.172335601,4406.8876953125,76.20941698255935,76.3453543310949,26.209416982559347,26.345354331094892,65,1681,6.32455532034e-06,
3458,triangle,581,1539,580,,354628.89945664274,6954803.678101439,6038.7861328125,95.44942125797608,95.83626489610837,45.449421257976084,45.83626489610836,6,1721,1.189207115e-05,
3459,triangle,582,1540,583,,354791.2005393561,6954786.20786835,4364.11474609375,95.0859861905497,95.38528742677295,45.085986190549704,45.38528742677294,6,1721,1.189207115e-05,
3460,triangle,584,1541,585,,354939.5362279583,6954781.805112715,4859.4248046875,92.46522362444536,93.33209508845259,42.46522362444535,43.332095088452604,6,1721,1.189207115e-05,
3461,triangle,587,1542,586,,355087.5,6954787.5,4218.75,91.19999885559082,91.3249994913737,41.19999885559082,41.324999491373696,6,1721,1.189207115e-05,
3462,triangle,588,1543,589,,355244.7136916099,6954782.476397745,4783.9052734375,90.76091296807802,90.98304604880856,40.76091296807802,40.98304604880857,6,1721,1.189207115e-05,
3463,triangle,592,1544,591,,355459.375,6954864.0625,4394.53125,86.31701465447743,86.76901145776112,36.31701465447743,36.76901145776113,6,1721,1.189207115e-05,
3464,triangle,593,1545,594,,355615.86783569097,6954858.212920816,4701.04638671875,85.50450350366576,85.92679657778906,35.50450350366576,35.92679657778908,6,1721,1.189207115e-05,
3465,triangle,599,1546,598,,355987.5,6954937.5,4218.75,78.92499923706055,79.07500012715657,28.924999237060547,29.075000127156574,6,1721,1.189207115e-05,
3466,triangle,600,1547,599,,356080.14235812635,6954865.298292869,6203.51513671875,79.52742989932148,80.92790293011949,29.527429899321483,30.92790293011949,6,1721,1.189207115e-05,
3467,triangle,602,1704,601,,356067.9422072598,6954705.921887328,4830.99853515625,78.79238815168019,78.97102210769394,28.792388151680193,28.97102210769394,6,1721,1.189207115e-05,
3468,triangle,604,1705,605,,356226.63807281153,6954478.78576959,5199.1005859375,76.08785066573401,75.67327937558336,26.087850665734013,25.67327937558336,6,1721,1.189207115e-05,
3469,triangle,608,1548,607,,356437.5,6954337.5,4218.75,76.625,76.59166653951009,26.625,26.59166653951009,6,1721,1.189207115e-05,
3470,triangle,609,1549,610,,356450.1272784755,6954176.922491831,2798.181640625,73.7327441413149,73.7982250995081,23.732744141314885,23.7982250995081,6,1721,9.505992937288572e-06,
3471,triangle,616,1706,617,,362135.26839707774,6955167.793475334,4469.8056640625,36.552721284707054,36.99256491507002,-13.447278715292946,-13.00743508492998,12,1841,7.95270728767e-06,
3472,triangle,617,1707,616,,362216.6679544368,6955159.959715585,4687.64453125,36.24099578914735,35.99091101643715,-13.759004210852652,-14.009088983562847,12,1841,7.95270728767e-06,
3473,triangle,628,1708,627,,356512.5,6955462.5,4218.75,89.67500305175781,89.76666895548503,39.67500305175781,39.766668955485024,6,1721,1.189207115e-05,
3474,triangle,632,1550,631,,356207.4370941559,6955237.094155844,4264.4072265625,81.52517177793146,81.85851582285493,31.525171777931458,31.85851582285493,6,1721,1.189207115e-05,
3475,triangle,634,1550,633,,356132.4370941559,6955162.094155844,3649.1728515625,79.97124510649321,80.09184813893566,29.971245106493214,30.09184813893566,6,1721,1.189207115e-05,
3476,triangle,633,1551,693,,356055.12187383906,6955236.7060950445,4129.43603515625,80.4695970191906,80.49302418418533,30.4695970191906,30.493024184185316,6,1721,1.189207115e-05,
3477,triangle,635,1546,636,,356062.5,6955012.5,4218.75,79.44999885559082,79.64166577657063,29.44999885559082,29.641665776570637,6,1721,1.189207115e-05,
3478,triangle,637,1552,638,,359139.98726576124,6955606.42843863,4901.80078125,82.93181354762244,84.07447016750346,32.93181354762243,34.07447016750347,65,1681,6.32455532034e-06,
3479,triangle,640,1554,711,,359361.91264403326,6955534.003069618,4152.671875,77.54569675837983,78.52155335323455,27.54569675837984,28.521553353234548,65,1681,6.32455532034e-06,
3480,triangle,641,1553,642,,359362.5,6955387.5,4218.75,74.8499984741211,75.7249984741211,24.849998474121094,25.724998474121094,65,1681,6.32455532034e-06,
3481,triangle,642,1555,641,,359436.9750077824,6955391.753581221,4159.68798828125,77.06394158516659,78.14971545455474,27.06394158516658,28.14971545455474,65,1681,6.32455532034e-06,
3482,triangle,643,1556,644,,359437.5,6955237.5,4218.75,73.4749984741211,74.16666603088379,23.474998474121094,24.16666603088379,65,1681,6.32455532034e-06,
3483,triangle,648,1557,647,,359513.05199284526,6954934.7109835185,4280.84912109375,72.35635991019859,71.63398101559964,22.356359910198606,21.633981015599645,65,1681,6.32455532034e-06,
3484,triangle,655,1709,654,,359366.2564741806,6954417.8641485,4641.35302734375,59.95207462837219,60.44572111432236,9.952074628372193,10.445721114322359,65,1681,6.32455532034e-06,
3485,triangle,654,1711,655,,359281.82436377445,6954406.9361077845,4857.25927734375,60.32589318079602,62.45868935731002,10.325893180796026,12.458689357310021,65,1681,6.32455532034e-06,
3486,triangle,658,1559,657,,359212.09705473104,6954191.704835343,4173.4189453125,58.49636341689343,60.00180069694935,8.496363416893423,10.001800696949354,65,1681,6.32455532034e-06,
3487,triangle,660,1559,659,,359287.09705473104,6954116.704835343,4691.7939453125,57.91131044968695,57.668467363616024,7.911310449686948,7.668467363616021,65,1681,6.32455532034e-06,
3488,triangle,659,1712,660,,359292.9349732273,6954034.851582578,4516.697265625,57.58053524006927,56.51171514030937,7.580535240069268,6.511715140309367,65,1681,6.32455532034e-06,
3489,triangle,664,1714,665,,359589.6286563659,6953736.253574629,3979.2763671875,45.84102174343439,46.2473036090156,-4.158978256565613,-3.7526963909843913,65,1681,6.32455532034e-06,
3490,triangle,666,1560,665,,359662.5,6953662.5,4218.75,43.85000038146973,45.00000031789144,-6.149999618530273,-4.9999996821085615,65,1681,6.32455532034e-06,
3491,triangle,674,1448,675,,359669.32214931207,6952986.11378732,3451.25830078125,33.89817233115876,33.827699831307754,-16.10182766884124,-16.17230016869225,12,1841,7.95270728767e-06,
3492,triangle,675,1450,674,,359729.3069713681,6952987.012473077,3297.0341796875,33.7325757695328,33.76523987457925,-16.2674242304672,-16.23476012542075,12,1841,7.95270728767e-06,
3493,triangle,676,1561,677,,354863.39087522525,6955823.524293671,5791.0166015625,94.40554480829059,95.1784932698228,44.405544808290585,45.1784932698228,6,1721,1.189207115e-05,
3494,triangle,679,1562,678,,355017.8957284389,6955834.395022611,3869.439453125,93.59569464919565,93.93542057150891,43.595694649195664,43.93542057150891,6,1721,1.189207115e-05,
3495,triangle,679,1563,680,,355085.0398852271,6955761.073907517,4379.185546875,93.2790847734711,93.91735905072193,43.2790847734711,43.91735905072192,6,1721,1.189207115e-05,
3496,triangle,682,1564,681,,355241.9492515226,6955774.343841766,5551.18212890625,91.77911020560596,92.5788642577681,41.77911020560596,42.57886425776812,6,1721,1.189207115e-05,
3497,triangle,681,1715,682,,355235.00664753787,6955681.012317919,4948.6142578125,91.88569165979519,91.10746483094941,41.885691659795185,41.107464830949404,6,1721,1.189207115e-05,
3498,triangle,685,1716,686,,355461.01232871204,6955459.42893184,4386.11328125,86.41131738317799,86.47174630886097,36.41131738317799,36.47174630886098,6,1721,1.189207115e-05,
3499,triangle,686,1565,687,,355537.5,6955387.5,4218.75,86.125,86.31666564941406,36.125,36.31666564941406,6,1721,1.189207115e-05,
3500,triangle,689,1566,688,,355681.66914435005,6955383.803589251,3802.904296875,84.94672414910923,85.29996675259504,34.94672414910924,35.29996675259505,6,1721,1.189207115e-05,
3501,triangle,688,1567,689,,355687.5,6955312.5,4218.75,85.25000190734863,85.41666793823242,35.25000190734863,35.41666793823242,6,1721,1.189207115e-05,
3502,triangle,692,1551,750,,355980.12187383906,6955311.7060950445,3388.7109375,81.59301526764904,81.59302520143792,31.59301526764903,31.59302520143792,6,1721,1.189207115e-05,
3503,triangle,694,1568,695,,360030.85906040063,6956676.681970407,4965.85546875,114.34256902815292,115.05839155544345,64.34256902815292,65.05839155544344,65,1681,6.32455532034e-06,
3504,triangle,697,1569,696,,360037.5,6956512.5,4218.75,106.5999984741211,106.7916653951009,56.599998474121094,56.791665395100914,65,1681,6.32455532034e-06,
3505,triangle,700,1570,701,,359810.7352120536,6956284.172712053,4417.28857421875,97.6831853677439,96.41286296968491,47.68318536774391,46.41286296968491,65,1681,6.32455532034e-06,
3506,triangle,702,1570,703,,359735.7352120536,6956209.172712053,3844.4296875,92.89851421956031,93.11286246105861,42.89851421956031,43.112862461058604,65,1681,6.32455532034e-06,
3507,triangle,703,1571,702,,359735.1806026862,6956135.652730647,4426.56787109375,92.82004665198724,92.06044511276544,42.820046651987255,42.06044511276545,65,1681,6.32455532034e-06,
3508,triangle,707,1572,708,,359365.30915937806,6955834.6908406215,3902.71923828125,82.35649433088722,82.94855876149347,32.356494330887216,32.948558761493466,65,1681,6.32455532034e-06,
3509,triangle,708,1717,707,,359437.5,6955837.5,4218.75,83.22500038146973,84.30833435058594,33.22500038146973,34.30833435058594,65,1681,6.32455532034e-06,
3510,triangle,710,1573,709,,359356.5555011761,6955682.217355332,3549.994140625,79.94775222034633,80.52820393405399,29.947752220346324,30.528203934053987,65,1681,6.32455532034e-06,
3511,triangle,713,1574,714,,358460.391671024,6956658.422973339,4677.41552734375,123.05875635229285,122.70596448388862,73.05875635229283,72.70596448388862,65,1681,6.32455532034e-06,
3512,triangle,714,1718,713,,358475.8500613994,6956746.97753892,5284.97265625,122.76967819770755,124.34804425532298,72.76967819770755,74.34804425532299,65,1681,6.32455532034e-06,
3513,triangle,716,1575,715,,358615.6970450377,6956660.866832354,4035.01904296875,118.8332351592422,119.28311539805553,68.8332351592422,69.28311539805553,65,1681,6.32455532034e-06,
3514,triangle,717,1576,718,,358756.8049032442,6956587.020053297,4272.744140625,116.97315512823185,117.48433797793753,66.97315512823187,67.48433797793753,65,1681,6.32455532034e-06,
3515,triangle,720,1577,719,,358912.5,6956574.404761906,2745.5361328125,114.33809628564362,114.338096285625,64.33809628564362,64.33809628562499,65,1681,6.32455532034e-06,
3516,triangle,723,1578,724,,359212.5,6956512.5,4218.75,108.375,107.56666628519694,58.375,57.56666628519694,65,1681,6.32455532034e-06,
3517,triangle,726,1579,725,,359370.1397746599,6956518.0956877945,4848.26513671875,103.34318715106872,105.01971831460953,53.34318715106872,55.01971831460955,65,1681,6.32455532034e-06,
3518,triangle,725,1719,726,,359360.8239910112,6956427.968016009,5291.0986328125,101.97187135842339,102.06583578033485,51.9718713584234,52.06583578033485,65,1681,6.32455532034e-06,
3519,triangle,734,1580,733,,355762.5,6956587.5,4218.75,101.25,100.86666552225749,51.25,50.866665522257485,6,1721,1.189207115e-05,
3520,triangle,735,1581,736,,355749.3791394892,6956441.018956595,5694.8466796875,96.22725718509862,96.30645315820783,46.22725718509863,46.30645315820783,6,1721,1.189207115e-05,
3521,triangle,736,1583,735,,355835.70667787286,6956436.259142772,4017.0009765625,95.78320864827043,95.66203916951837,45.78320864827043,45.66203916951836,6,1721,1.189207115e-05,
3522,triangle,737,1584,738,,355830.330658081,6956277.976872288,5025.30078125,92.86719412014459,93.0669491973453,42.867194120144575,43.06694919734531,6,1721,1.189207115e-05,
3523,triangle,746,1585,745,,356062.5,6955687.5,4218.75,84.62499809265137,85.11666552225749,34.62499809265137,35.116665522257485,6,1721,1.189207115e-05,
3524,triangle,746,1586,747,,355993.2793224656,6955619.645824942,3568.576171875,84.2225862749991,84.47508930101401,34.2225862749991,34.47508930101401,6,1721,1.189207115e-05,
3525,triangle,752,1720,753,,357112.5,6957037.5,4218.75,117.29999923706055,117.64166641235352,67.29999923706055,67.64166641235352,65,1681,6.32455532034e-06,
3526,triangle,755,1721,754,,356962.5,6956962.5,4218.75,115.30000114440918,116.21666844685872,65.30000114440918,66.21666844685872,65,1681,6.32455532034e-06,
3527,triangle,762,1722,763,,356361.10359379207,6956517.473595147,4778.27978515625,97.18710862960563,97.597343938169,47.187108629605625,47.59734393816899,6,1721,1.189207115e-05,
3528,triangle,763,1723,762,,356350.136549389,6956432.219197456,4812.84033203125,95.65591304773562,95.56956756283383,45.65591304773563,45.56956756283382,6,1721,1.189207115e-05,
3529,triangle,769,1587,768,,356127.5030576205,6956058.161980365,3094.09375,87.99918450025987,88.09563415473404,37.99918450025989,38.095634154734036,6,1721,1.189207115e-05,
3530,triangle,1179,1295,1274,,360159.41085158894,6950137.615266834,61081.658203125,79.00168534666712,76.42537589278437,29.00168534666712,26.425375892784373,12,1841,7.95270728767e-06,
3531,triangle,1582,2000,1181,,355289.79208388575,6956507.380971233,50124.10546875,110.60769326563418,110.26403944254879,60.60769326563418,60.2640394425488,6,1721,1.189207115e-05,
3532,triangle,1974,2035,1230,,357390.9602719494,6952719.899482313,36356.79052734375,52.399109672559256,55.333864032963085,2.3991096725592604,5.333864032963093,65,1681,6.847889881267501e-06,
3533,triangle,61,1624,60,,359114.9791194617,6946886.028238532,5511.67236328125,86.86197782463837,86.99175384931037,36.861977824638366,36.99175384931036,12,1841,7.95270728767e-06,
3534,triangle,61,1625,62,,359087.5,6947012.5,5625.0,85.02777947319878,85.42499987284343,35.027779473198784,35.42499987284342,12,1841,7.95270728767e-06,
3535,triangle,65,1626,64,,358963.8557706407,6947195.391411078,4584.6923828125,84.69402952363022,84.75185150681502,34.69402952363021,34.75185150681502,12,1841,7.95270728767e-06,
3536,triangle,67,1627,68,,358777.2321428571,6947387.946428572,4520.08935546875,79.77028123699395,80.62202299209515,29.770281236993956,30.622022992095157,12,1841,7.95270728767e-06,
3537,triangle,84,1628,83,,358429.1709828063,6948529.804210314,7427.79052734375,68.8514744905662,69.5716725403608,18.851474490566222,19.57167254036079,12,1841,7.95270728767e-06,
3538,triangle,96,1629,95,,357588.4932544446,6948539.88662969,5468.2451171875,62.79569442673743,63.37789539695499,12.795694426737427,13.377895396954989,12,1841,7.95270728767e-06,
3539,triangle,96,1630,97,,357463.7201947106,6948516.004148913,5881.9443359375,62.93675943317827,62.769313379749896,12.936759433178269,12.769313379749898,12,1841,7.95270728767e-06,
3540,triangle,111,1631,112,,356387.5,6948662.5,5625.0,59.57500002119277,60.45000012715658,9.57500002119277,10.450000127156576,12,1841,7.95270728767e-06,
3541,triangle,112,1632,113,,356251.5773809524,6948659.43452381,6508.9287109375,58.606466618756926,59.98495966706171,8.606466618756931,9.984959667061716,12,1841,7.95270728767e-06,
3542,triangle,117,1633,118,,355948.231292517,6948658.9965986395,6438.1376953125,60.51311334091895,59.741419967698185,10.513113340918947,9.74141996769819,12,1841,7.95270728767e-06,
3543,triangle,121,1634,122,,355861.58153370937,6948910.874318816,5704.5615234375,58.45681452371326,59.4054734229642,8.456814523713257,9.405473422964201,12,1841,7.95270728767e-06,
3544,triangle,125,1635,124,,356037.5,6949187.5,5625.0,58.18611028459337,57.80000114440918,8.186110284593369,7.80000114440918,12,1841,7.95270728767e-06,
3545,triangle,130,1636,129,,356273.6250985165,6949491.659378439,4841.3564453125,55.366907633939555,55.30441755288109,5.366907633939565,5.304417552881088,12,1841,7.95270728767e-06,
3546,triangle,134,1637,135,,356542.35608587274,6949815.771007483,5803.32177734375,56.94343175579236,58.30944372870015,6.943431755792364,8.30944372870015,12,1841,7.95270728767e-06,
3547,triangle,136,1638,135,,356562.5,6949937.5,5625.0,52.46110979715981,52.75833257039388,2.461109797159812,2.7583325703938804,12,1841,7.95270728767e-06,
3548,triangle,156,1639,157,,356912.1680936834,6951392.261904761,5051.9462890625,49.29589718419925,48.15241931421418,-0.704102815800753,-1.8475806857858206,12,1841,7.95270728767e-06,
3549,triangle,158,1640,157,,356948.6628930362,6951519.503279321,5157.04296875,46.985821949111575,48.4595809366146,-3.014178050888428,-1.5404190633853954,12,1841,7.95270728767e-06,
3550,triangle,160,1641,161,,357061.038812314,6951694.924274687,4625.38525390625,47.758836537886936,47.94845207532692,-2.241163462113062,-2.0515479246730814,12,1841,7.95270728767e-06,
3551,triangle,166,1642,165,,357385.5601615647,6952031.255314626,5140.70458984375,43.68115090708875,43.46548596057118,-6.318849092911249,-6.534514039428827,12,1841,7.95270728767e-06,
3552,triangle,167,1643,168,,357511.5827804336,6952142.668920246,4940.30908203125,43.565180209495125,44.76620616752644,-6.434819790504871,-5.233793832473555,12,1841,7.95270728767e-06,
3553,triangle,169,1445,168,,357532.55739795923,6952267.442602041,6737.08544921875,41.62709608151604,41.49350301989415,-8.37290391848396,-8.506496980105851,12,1841,7.95270728767e-06,
3554,triangle,171,1644,172,,357812.5,6952437.5,5625.0,38.205554538302955,40.13333320617676,-11.794445461697045,-9.866666793823242,12,1841,7.95270728767e-06,
3555,triangle,176,1446,175,,358062.5,6952562.5,5625.0,38.82499885559081,39.06666660308838,-11.175001144409185,-10.933333396911621,12,1841,7.95270728767e-06,
3556,triangle,177,1645,178,,358258.6684515306,6952664.254383773,4996.58251953125,37.5147117567015,38.017138994390194,-12.485288243298495,-11.982861005609806,12,1841,7.95270728767e-06,
3557,triangle,179,1645,180,,358358.6684515306,6952664.254383773,5858.68115234375,37.85416441430108,38.483804898117405,-12.145835585698926,-11.516195101882593,12,1841,7.95270728767e-06,
3558,triangle,180,1646,181,,358490.98819800006,6952659.483453493,6356.783203125,37.314981366067755,40.77905002984954,-12.685018633932245,-9.220949970150459,12,1841,7.95270728767e-06,
3559,triangle,335,1647,189,,359086.3130170543,6952579.801007219,6357.6015625,35.2495710109088,35.80174465818311,-14.750428989091198,-14.198255341816889,12,1841,7.95270728767e-06,
3560,triangle,190,1648,191,,359233.65216285136,6952733.874998904,5599.9306640625,34.999809939808415,37.24371933544895,-15.000190060191581,-12.756280664551054,12,1841,7.95270728767e-06,
3561,triangle,193,1649,192,,359338.8125269402,6952869.291859248,6241.42529296875,34.26928154728882,36.313178844382925,-15.730718452711177,-13.686821155617077,12,1841,7.95270728767e-06,
3562,triangle,195,1448,194,,359544.32214931207,6952936.11378732,6236.54296875,32.7419285708165,33.06103214738848,-17.2580714291835,-16.93896785261152,12,1841,7.95270728767e-06,
3563,triangle,202,1650,201,,360011.61728529463,6952935.477489204,5496.77294921875,32.249989055661416,32.16459780697621,-17.750010944338584,-17.835402193023796,12,1841,7.95270728767e-06,
3564,triangle,208,1652,207,,360462.5,6953237.5,5625.0,28.574999650319423,29.558333079020183,-21.425000349680577,-20.441666920979817,12,1841,7.95270728767e-06,
3565,triangle,211,1653,212,,360812.5,6953487.5,5625.0,28.197221755981445,28.300000190734863,-21.802778244018555,-21.699999809265137,12,1841,7.95270728767e-06,
3566,triangle,223,1453,224,,361562.5,6953987.5,5625.0,26.122222635481098,26.058333079020183,-23.877777364518906,-23.941666920979817,12,1841,7.95270728767e-06,
3567,triangle,232,1654,231,,361964.27280733717,6954366.546707969,5880.8134765625,24.947708392871416,25.049673076113308,-25.052291607128588,-24.950326923886692,12,1841,7.95270728767e-06,
3568,triangle,243,1655,242,,362787.5,6955187.5,5625.0,22.308332761128742,22.349999745686848,-27.691667238871258,-27.650000254313152,12,1841,7.95270728767e-06,
3569,triangle,258,1656,257,,363763.2774259648,6955712.8715771185,5579.34228515625,20.30640487068392,20.6829421730319,-29.693595129316083,-29.3170578269681,12,1841,7.95270728767e-06,
3570,triangle,258,1657,259,,363889.23812292237,6955740.759607904,5453.83251953125,20.14974938677359,22.834442911110973,-29.850250613226414,-27.165557088889027,12,1841,7.95270728767e-06,
3571,triangle,277,1658,278,,360454.3269070244,6948613.1104311645,7449.35302734375,72.78596596267579,71.60784011820964,22.785965962675785,21.607840118209634,12,1841,7.95270728767e-06,
3572,triangle,286,1659,285,,360526.30517597374,6949122.674693051,8552.2646484375,63.00473871040557,63.13491369538398,13.004738710405567,13.134913695383986,12,1841,7.95270728767e-06,
3573,triangle,288,1660,287,,360380.64587949216,6949280.119722698,7226.36962890625,58.93708349007915,60.5854293713922,8.937083490079141,10.585429371392202,12,1841,7.95270728767e-06,
3574,triangle,297,1661,298,,359908.6922350161,6949797.884400971,6364.87158203125,55.62748548478367,57.478956766986606,5.627485484783672,7.478956766986602,12,1841,7.95270728767e-06,
3575,triangle,301,1662,300,,359712.5,6949962.5,5625.0,54.241665946112754,54.183334032694496,4.241665946112751,4.183334032694499,12,1841,7.95270728767e-06,
3576,triangle,301,1663,302,,359685.79931972787,6950084.523809523,5098.8525390625,56.86262417848241,55.449563702278965,6.862624178482414,5.449563702278972,12,1841,7.95270728767e-06,
3577,triangle,311,1665,310,,359487.5,6950712.5,5625.0,46.35000038146974,48.10833295186361,-3.6499996185302632,-1.8916670481363933,12,1841,7.95270728767e-06,
3578,triangle,311,1666,312,,359467.1197886061,6950841.136745404,6553.8603515625,48.90524723125398,48.83660658604109,-1.094752768746027,-1.1633934139589073,12,1841,7.95270728767e-06,
3579,triangle,337,1667,338,,361015.7738095238,6948813.392857143,3281.25,72.41870264744013,71.40804993267777,22.418702647440135,21.40804993267776,12,1841,7.95270728767e-06,
3580,triangle,340,1469,339,,360837.5,6948912.5,5625.0,67.18055449591743,66.46666653951009,17.18055449591744,16.46666653951009,12,1841,7.95270728767e-06,
3581,triangle,346,1668,347,,361726.89425302186,6949727.705969721,8528.81787109375,83.61906889115853,84.5146904906043,33.619068891158534,34.514690490604295,12,1841,7.95270728767e-06,
3582,triangle,351,1669,350,,361483.41958641034,6949498.432527315,6748.54443359375,77.95134433507398,79.62332385406404,27.951344335073976,29.62332385406404,12,1841,7.95270728767e-06,
3583,triangle,351,1670,352,,361366.95245723194,6949492.801718544,5720.5419921875,80.52198711451355,81.14945729231972,30.521987114513532,31.14945729231972,12,1841,7.95270728767e-06,
3584,triangle,354,1672,353,,361261.48524429,6949355.48820047,6299.6669921875,75.67045131403987,77.6170852817377,25.670451314039873,27.6170852817377,12,1841,7.95270728767e-06,
3585,triangle,368,1673,369,,354962.5,6951162.5,5625.0,80.87499978807239,81.27500216166179,30.87499978807239,31.275002161661785,65,1681,6.32455532034e-06,
3586,triangle,372,1674,371,,355137.5,6951287.5,5625.0,77.45555792914496,77.57500076293945,27.455557929144966,27.575000762939453,65,1681,6.32455532034e-06,
3587,triangle,372,1675,373,,355265.06532300723,6951303.668590707,6907.13232421875,75.02993482990915,75.77624842374442,25.029934829909152,25.77624842374442,65,1681,6.32455532034e-06,
3588,triangle,386,1676,385,,356192.36148273974,6951513.608580001,5202.79833984375,61.069788425577414,61.90779655761577,11.06978842557741,11.907796557615766,12,1841,7.95270728767e-06,
3589,triangle,386,1677,387,,356309.27517807734,6951535.231243692,5517.4423828125,60.737858064534564,62.85000302929967,10.737858064534562,12.850003029299671,12,1841,7.95270728767e-06,
3590,triangle,392,1678,391,,356637.5,6951737.5,5625.0,56.33333354526097,56.43333371480306,6.333333545260963,6.43333371480306,12,1841,7.95270728767e-06,
3591,triangle,396,1679,397,,356915.88293650793,6952076.77579365,4399.5537109375,54.32067312796483,54.12490102117274,4.320673127964836,4.1249010211727395,12,1841,7.95270728767e-06,
3592,triangle,402,1680,401,,357232.2353144993,6952344.525664796,7007.66455078125,49.284204236855466,51.33719153552905,-0.7157957631445343,1.3371915355290522,12,1841,7.95270728767e-06,
3593,triangle,408,1681,407,,358598.21428571426,6951066.071428572,4821.42822265625,56.5713714180003,55.427210502881394,6.571371418000303,5.427210502881391,12,1841,7.95270728767e-06,
3594,triangle,410,1682,411,,358712.50054945477,6951228.792693849,6604.6337890625,48.883120562206976,51.26662808050737,-1.1168794377930222,1.2666280805073693,12,1841,7.95270728767e-06,
3595,triangle,412,1683,413,,358854.69025924144,6951385.651163864,4954.39794921875,45.119170340312166,45.88623733602711,-4.88082965968783,-4.113762663972895,12,1841,7.95270728767e-06,
3596,triangle,427,1684,426,,361962.0941558441,6951772.808441558,4510.9580078125,88.06359852278864,89.06681372360059,38.06359852278864,39.06681372360058,65,1681,6.32455532034e-06,
3597,triangle,429,1685,430,,361735.68449356366,6951952.886814024,4747.7607421875,85.15899316490923,83.37154221390166,35.15899316490921,33.37154221390166,12,1841,7.95270728767e-06,
3598,triangle,442,1686,443,,360812.5,6952187.5,5625.0,44.522221777174224,46.233333587646484,-5.4777782228257745,-3.7666664123535156,12,1841,7.95270728767e-06,
3599,triangle,445,1687,446,,360590.4880131453,6952414.654972367,6203.5859375,45.59579427078336,43.598063144394054,-4.404205729216644,-6.4019368556059435,12,1841,7.95270728767e-06,
3600,triangle,462,1688,463,,363537.5,6953312.5,5625.0,77.6916656494141,76.88333320617676,27.691665649414094,26.883333206176758,65,1681,6.32455532034e-06,
3601,triangle,477,1689,478,,362615.0824226678,6953688.119781439,5985.248046875,57.87863924954394,58.27011311165865,7.878639249543942,8.270113111658658,12,1841,7.95270728767e-06,
3602,triangle,491,1690,492,,355354.00314200734,6953864.554147947,7250.51171875,85.58167089952896,86.79738561241216,35.58167089952896,36.79738561241215,6,1721,1.189207115e-05,
3603,triangle,512,1691,511,,356537.5,6953537.5,5625.0,70.73055797153049,73.62500063578288,20.730557971530494,23.62500063578288,65,1681,6.32455532034e-06,
3604,triangle,516,1528,515,,356833.12485505565,6953241.18219347,5547.04296875,69.29131700660649,70.68826880203171,19.291317006606484,20.688268802031725,65,1681,6.32455532034e-06,
3605,triangle,523,1692,524,,357387.5,6953112.5,5625.0,53.13055684831407,53.250000635782875,3.1305568483140744,3.2500006357828775,65,1681,6.32455532034e-06,
3606,triangle,525,1693,524,,357512.5,6953087.5,5625.0,50.10555585225423,52.79166730244955,0.10555585225422304,2.7916673024495444,65,1681,6.32455532034e-06,
3607,triangle,528,1694,527,,357676.71759791765,6952940.492811147,7561.1708984375,46.54749945896108,48.71211030019859,-3.4525005410389196,-1.2878896998014084,65,1681,6.32455532034e-06,
3608,triangle,528,1695,529,,357684.60829493083,6952812.041330646,6001.91748046875,43.882355680400416,44.158994356735,-6.117644319599586,-5.8410056432649995,12,1841,7.6619658649325e-06,
3609,triangle,531,1696,530,,357813.4644047082,6952715.757289026,6099.94091796875,42.57107199078973,42.50654853804471,-7.428928009210268,-7.493451461955286,12,1841,7.95270728767e-06,
3610,triangle,548,1697,549,,364343.75,6954202.083333333,5156.25,83.28263731354167,82.52916574478148,33.282637313541656,32.52916574478149,65,1681,6.32455532034e-06,
3611,triangle,557,1698,558,,363887.5,6954737.5,5625.0,66.45277998182515,66.25833320617676,16.452779981825145,16.258333206176758,12,1841,7.95270728767e-06,
3612,triangle,561,1699,560,,363616.35844079097,6954906.266853516,5892.154296875,46.50071812026607,47.782911256646365,-3.4992818797339296,-2.2170887433536395,12,1841,7.95270728767e-06,
3613,triangle,570,1700,571,,357149.360908017,6954305.097877051,9082.9091796875,78.78845490792979,80.11230140290824,28.7884549079298,30.112301402908233,65,1681,7.119914724577143e-06,
3614,triangle,573,1701,572,,357062.5,6954162.5,5625.0,78.2388867272271,78.87499936421712,28.238886727227097,28.87499936421712,65,1681,6.32455532034e-06,
3615,triangle,574,1703,575,,356865.38305798516,6954063.868642695,5454.6279296875,76.24482501728947,76.69462712342151,26.244825017289457,26.694627123421515,65,1681,6.32455532034e-06,
3616,triangle,603,1704,602,,356092.9422072598,6954655.921887328,5497.2109375,77.33044523432041,77.73768724848169,27.330445234320404,27.737687248481702,6,1721,1.189207115e-05,
3617,triangle,605,1705,606,,356276.63807281153,6954453.78576959,5014.81787109375,74.94282508678862,75.07327835833075,24.942825086788606,25.073278358330754,6,1721,1.189207115e-05,
3618,triangle,615,1706,616,,362110.26839707774,6955217.793475334,5280.53955078125,37.87795253644311,38.659231581736684,-12.122047463556893,-11.340768418263314,12,1841,7.95270728767e-06,
3619,triangle,618,1707,617,,362241.6679544368,6955109.959715585,5808.11279296875,34.04746601889034,34.42424409545733,-15.952533981109667,-15.575755904542666,12,1841,7.95270728767e-06,
3620,triangle,629,1708,628,,356462.5,6955437.5,5625.0,88.91111395094127,88.46666844685872,38.91111395094128,38.466668446858726,6,1721,1.189207115e-05,
3621,triangle,654,1709,653,,359391.2564741806,6954467.8641485,5444.13671875,58.28135094248579,60.24572035138291,8.281350942485783,10.245720351382905,65,1681,6.32455532034e-06,
3622,triangle,655,1711,656,,359256.82436377445,6954356.9361077845,5637.5712890625,58.88037941224429,62.52535627828984,8.88037941224429,12.52535627828984,65,1681,6.32455532034e-06,
3623,triangle,657,1559,656,,359237.09705473104,6954241.704835343,5106.625,60.3734239522498,60.23513428459584,10.373423952249807,10.235134284595839,65,1681,6.32455532034e-06,
3624,triangle,660,1712,661,,359342.9349732273,6954009.851582578,5311.5126953125,54.25846407164346,54.41171539462252,4.25846407164346,4.41171539462252,65,1681,6.32455532034e-06,
3625,triangle,663,1714,664,,359564.6286563659,6953786.253574629,5525.7490234375,46.69738828524396,46.98063592509633,-3.302611714756035,-3.019364074903662,65,1681,6.32455532034e-06,
3626,triangle,682,1715,683,,355285.00664753787,6955656.012317919,6635.36669921875,89.353973164785,90.27413149761607,39.353973164785,40.27413149761607,6,1721,1.189207115e-05,
3627,triangle,684,1716,685,,355436.01232871204,6955509.42893184,6137.85791015625,86.67519268915294,87.13841297552763,36.67519268915293,37.13841297552765,6,1721,1.189207115e-05,
3628,triangle,707,1717,706,,359462.5,6955887.5,5625.0,83.6972213321262,85.375,33.697221332126205,35.375,65,1681,6.32455532034e-06,
3629,triangle,713,1718,712,,358425.8500613994,6956771.97753892,8193.10546875,123.84552075258195,126.08137911453521,73.84552075258193,76.08137911453522,65,1681,6.32455532034e-06,
3630,triangle,726,1719,727,,359410.8239910112,6956402.968016009,6885.89892578125,98.66490507239948,99.83250346425412,48.66490507239946,49.832503464254124,65,1681,6.32455532034e-06,
3631,triangle,733,1580,732,,355787.5,6956637.5,5625.0,104.41111310323075,102.60000038146973,54.41111310323077,52.60000038146973,6,1721,1.189207115e-05,
3632,triangle,751,1720,752,,357162.5,6957062.5,5625.0,118.25000042385525,118.74166742960612,68.25000042385525,68.74166742960612,65,1681,6.32455532034e-06,
3633,triangle,756,1721,755,,356912.5,6956937.5,5625.0,114.28333303663463,114.68333562215169,64.28333303663464,64.68333562215169,65,1681,6.32455532034e-06,
3634,triangle,761,1722,762,,356411.10359379207,6956542.473595147,6341.625,98.22325630235287,99.06401111346197,48.223256302352844,49.06401111346196,6,1721,1.189207115e-05,
3635,triangle,764,1723,763,,356300.136549389,6956407.219197456,4828.2021484375,94.65967636082455,94.46956908871273,44.65967636082455,44.469569088712724,6,1721,1.189207115e-05,
3636,triangle,1340,1782,186,,358907.7752976191,6952649.479166667,8366.3505859375,34.81645875781485,35.792349223579514,-15.183541242185145,-14.207650776420488,12,1841,7.95270728767e-06,
3637,triangle,213,2100,1888,,360923.4945998008,6953658.546334017,14220.76123046875,30.337651588692722,31.14078696080618,-19.66234841130728,-18.85921303919382,12,1841,7.95270728767e-06,
3638,triangle,154,2102,1889,,356739.0625,6951250.0,13183.59375,48.76041566001045,50.808333694934845,-1.2395843399895543,0.808333694934845,12,1841,7.95270728767e-06,
3639,triangle,172,1945,1363,,357780.3644314869,6952533.2580174925,4506.45703125,40.38523266415724,40.08868908713861,-9.61476733584276,-9.91131091286139,12,1841,7.95270728767e-06,
3640,triangle,452,2112,1350,,360509.2514105987,6952916.086791155,9600.84716796875,34.846043677095366,35.81146813821713,-15.153956322904634,-14.188531861782868,12,1841,7.95270728767e-06,
3641,triangle,1332,2008,1992,,360281.19293498783,6947783.171091795,61803.08984375,92.10212247576158,96.1761033669225,42.10212247576158,46.17610336692249,12,1841,7.95270728767e-06,
3642,triangle,1400,1941,220,,361315.32061688305,6953869.080201328,18153.14697265625,26.843221456479554,27.219815615300792,-23.156778543520446,-22.780184384699208,12,1841,7.8945590031225e-06,
3643,triangle,1752,1926,1852,,357309.5238095238,6948270.45558608,16428.1416015625,64.36297753773694,64.97874942226888,14.362977537736937,14.978749422268871,12,1841,7.95270728767e-06,
3644,triangle,597,1546,1347,,355900.0,6955000.0,12656.25,82.35555436876083,82.50833447774251,32.355554368760835,32.508334477742515,6,1721,1.189207115e-05,
3645,triangle,1360,1448,673,,359608.2302216071,6953083.088205314,13723.9267578125,36.23132712372192,37.49345548215792,-13.768672876278083,-12.506544517842078,12,1841,7.95270728767e-06,
3646,triangle,2036,2128,1332,,360166.8974923847,6948100.604725011,45221.134765625,83.67562147315843,83.60724752095263,33.67562147315843,33.60724752095262,12,1841,7.95270728767e-06,
3647,triangle,1689,1862,478,,362597.4575485986,6953773.378594008,10433.51611328125,53.656319247772636,54.43237257396465,3.656319247772643,4.432372573964655,12,1841,7.95270728767e-06,
3648,triangle,1697,1866,549,,364338.11010588874,6954277.9341751,9829.75830078125,89.32475288471792,88.11219852246332,39.32475288471793,38.11219852246331,65,1681,6.32455532034e-06,
3649,triangle,1895,2164,361,,359648.1782452329,6950689.43665618,3421.16015625,56.35791765454328,54.04302660311956,6.35791765454328,4.043026603119558,12,1841,7.95270728767e-06,
3650,triangle,310,2164,1895,,359623.1782452329,6950714.43665618,3617.845703125,54.16568322844378,53.14302634880641,4.165683228443781,3.1430263488064067,12,1841,7.95270728767e-06,
3651,triangle,1989,2031,1755,,356788.0390518783,6947497.596483686,49518.97265625,75.66705588615032,74.81121257834464,25.667055886150322,24.81121257834464,12,1841,7.95270728767e-06,
3652,triangle,429,2132,1685,,361747.7129018432,6952040.6958396705,10943.64892578125,86.92672876252809,87.15290103982045,36.92672876252808,37.15290103982045,12,1841,7.95270728767e-06,
3653,triangle,740,1951,1373,,355996.5553868581,6956149.699894771,5591.23828125,89.52623898455964,89.49842304901209,39.52623898455965,39.49842304901208,6,1721,1.189207115e-05,
3654,triangle,1324,1824,1491,,361811.51790588093,6949452.202219467,24901.62353515625,87.73801373215957,88.22908819583067,37.73801373215958,38.22908819583066,12,1841,7.95270728767e-06,
3655,triangle,1591,2075,1955,,356988.551295115,6955293.743775003,32887.57958984375,105.9322141547888,102.83057750333968,55.93221415478879,52.830577503339704,6,1721,1.189207115e-05,
3656,triangle,1172,1807,1293,,356549.0690847487,6956191.2537128655,46746.9521484375,101.51100912753067,103.5679245932936,51.51100912753068,53.567924593293604,6,1721,1.189207115e-05,
3657,triangle,1227,1515,1271,,360240.27777777775,6952548.958333333,35234.37548828125,49.4498718864175,46.5197577772638,-0.550128113582499,-3.480242222736211,12,1841,7.95270728767e-06,
3658,triangle,1188,2038,2017,,355260.31931741425,6952010.835941219,44619.3896484375,112.59035231823052,111.30853555485196,62.590352318230515,61.30853555485195,65,1681,6.32455532034e-06,
3659,triangle,1337,2015,1825,,354809.7291579083,6953248.23064858,27988.79541015625,118.21445355155399,119.6615562199894,68.21445355155399,69.66155621998938,65,1681,6.32455532034e-06,
3660,triangle,1981,2056,1654,,361895.2627007358,6954520.481868186,24209.91845703125,32.45836803569064,32.00734684428164,-17.54163196430936,-17.992653155718358,12,1841,7.95270728767e-06,
3661,triangle,1476,1909,1310,,359285.40406975296,6950440.795338814,29425.3330078125,79.03447131693319,74.4134068021965,29.034471316933192,24.413406802196505,12,1841,7.95270728767e-06,
3662,triangle,1590,1913,1284,,365046.3083970872,6954405.661406886,22530.04345703125,111.20228667663486,108.46409199113621,61.202286676634856,58.46409199113621,65,1681,6.32455532034e-06,
3663,triangle,1591,1915,1317,,356745.5609245507,6955237.206137639,29528.484375,101.42104859659726,99.43899569379342,51.421048596597245,49.43899569379341,6,1721,1.189207115e-05,
3664,triangle,1223,2123,1843,,364089.34245889523,6954071.924826361,24467.8447265625,92.73856931274968,91.26474787536701,42.73856931274967,41.264747875367014,65,1681,6.32455532034e-06,
3665,triangle,1364,1835,234,,362262.1955207996,6954501.863766901,8951.91748046875,27.971505768858012,28.66287356907525,-22.028494231141984,-21.33712643092475,12,1841,7.95270728767e-06,
3666,triangle,1202,1911,1308,,362167.51790272986,6954045.826182809,48640.2919921875,45.906527329244255,42.96831892286539,-4.0934726707557445,-7.031681077134604,12,1841,7.95270728767e-06,
3667,triangle,1201,1883,1348,,359680.2967332766,6956601.206052132,43527.2744140625,126.3322907971895,122.95937258971757,76.3322907971895,72.95937258971755,65,1681,6.32455532034e-06,
3668,triangle,1315,1920,1593,,361609.6498599954,6951652.607330009,27504.94677734375,87.69459349172031,87.35930164776194,37.69459349172031,37.359301647761946,12,1841,7.95270728767e-06,
3669,triangle,1752,1852,1184,,357268.36304979277,6948121.651626177,42698.166015625,71.51706482288026,70.00798448078899,21.517064822880265,20.007984480789,12,1841,7.95270728767e-06,
3670,triangle,1223,2146,2016,,363925.49969178176,6953719.887865302,51021.1484375,85.39084948009756,88.44467642262255,35.39084948009754,38.444676422622564,65,1681,6.32455532034e-06,
3671,triangle,1850,2071,1369,,359084.167320828,6946059.065765202,61289.3408203125,102.56609294817412,109.04622012747541,52.5660929481741,59.04622012747539,18,2041,5.089691788833571e-06,
3672,triangle,423,2027,1508,,362203.8221791494,6951662.870063457,8400.18359375,95.94351599462715,95.32790651502991,45.94351599462715,45.327906515029916,65,1681,6.32455532034e-06,
3673,triangle,1193,1762,1285,,355011.7478951344,6954476.590080594,29679.9716796875,105.50086020338698,103.58760057167137,55.50086020338697,53.58760057167138,6,1721,1.189207115e-05,
3674,triangle,1286,1762,1193,,355161.33996091055,6954470.112643503,30649.931640625,102.27572909976449,102.0343355920525,52.27572909976449,52.034335592052486,6,1721,1.189207115e-05,
3675,triangle,1654,2056,1456,,361805.90186464676,6954429.415453979,15248.2431640625,33.84270272284964,33.577831264092936,-16.15729727715036,-16.42216873590706,12,1841,7.95270728767e-06,
3676,triangle,1206,1905,1833,,360841.5935981921,6956396.781915038,97096.9755859375,135.72214648264418,139.88795347150287,85.7221464826442,89.88795347150285,65,1681,6.32455532034e-06,
3677,triangle,495,1952,1522,,355545.4650192815,6954055.753451411,7747.0517578125,84.75656715049487,84.2643542193011,34.75656715049488,34.264354219301104,6,1721,1.189207115e-05,
3678,triangle,432,1953,1920,,361547.80712285655,6951808.567628778,9423.486328125,73.2118862591486,75.06815078588909,23.211886259148596,25.068150785889088,12,1841,7.95270728767e-06,
3679,triangle,1909,1956,306,,359478.5782363542,6950390.893760912,8459.595703125,53.72325407589269,60.182303163248015,3.7232540758926893,10.182303163248013,12,1841,7.95270728767e-06,
3680,triangle,1913,1954,539,,365003.6074489739,6954222.17649386,9692.060546875,99.83624746162576,99.71915616512048,49.83624746162575,49.71915616512049,65,1681,6.32455532034e-06,
3681,triangle,1915,1955,624,,356793.9128188331,6955417.209421486,10908.9736328125,94.11701942216207,95.08406844407675,44.11701942216207,45.08406844407674,6,1721,1.189207115e-05,
3682,triangle,1822,2073,1726,,356731.40921710036,6953015.432682839,31408.310546875,85.32181308008008,84.84066975990434,35.32181308008006,34.840669759904344,65,1681,6.32455532034e-06,
3683,triangle,262,2117,1768,,364180.37904410664,6955848.417707085,9094.52783203125,25.372203330958605,25.12431221929123,-24.627796669041395,-24.87568778070877,12,1841,7.95270728767e-06,
3684,triangle,1214,2135,1826,,359059.16259622434,6954625.968085223,40420.74267578125,94.1845007438427,91.09102585830455,44.18450074384269,41.091025858304555,65,1681,6.32455532034e-06,
3685,triangle,191,1649,1379,,359199.9428214575,6952867.505711754,14172.974609375,43.50938522437882,38.88900857848501,-6.490614775621183,-11.110991421514994,12,1841,7.95270728767e-06,
3686,triangle,1616,2121,1662,,359619.9802280849,6949821.740079694,18141.75390625,65.43621982256063,65.36503393363252,15.436219822560636,15.365033933632532,12,1841,7.95270728767e-06,
3687,triangle,1350,2159,454,,360436.314982716,6953051.457170756,5252.20751953125,31.201563910117116,31.77027431875892,-18.798436089882884,-18.22972568124108,12,1841,7.95270728767e-06,
3688,triangle,530,1695,1363,,357689.60829493083,6952673.135080646,12699.49072265625,43.53396734185062,43.375703418993396,-6.466032658149381,-6.624296581006601,12,1841,7.95270728767e-06,
3689,triangle,1441,2044,149,,356986.583844187,6950814.99889787,9043.24853515625,58.16059751055754,55.087600405820126,8.160597510557533,5.087600405820122,12,1841,7.95270728767e-06,
3690,triangle,418,2046,1505,,362195.1931860253,6951186.993178792,9327.5576171875,93.87425385938863,94.21594420113422,43.874253859388645,44.215944201134214,65,1681,6.32455532034e-06,
3691,triangle,1829,1844,1252,,355910.31413270935,6954353.478606969,28941.42529296875,90.59383806843842,88.11942938401528,40.59383806843841,38.119429384015284,6,1721,1.189207115e-05,
3692,triangle,1197,1829,1346,,355804.04465508164,6954572.142992153,39129.5361328125,92.92966369842256,90.81101155445334,42.929663698422566,40.81101155445336,6,1721,1.189207115e-05,
3693,triangle,1414,1445,402,,357377.200255102,6952297.7997448975,10894.8505859375,52.28275229002084,47.76578134498491,2.2827522900208352,-2.234218655015089,12,1841,7.95270728767e-06,
3694,triangle,1243,2076,1922,,362611.6703737513,6952263.198398047,62528.15380859375,110.38912986629634,112.08437735129947,60.38912986629635,62.08437735129948,65,1681,6.32455532034e-06,
3695,triangle,1205,2074,1740,,359670.88599826937,6952294.024931837,44657.013671875,44.25716509605728,46.86036217595458,-5.742834903942721,-3.139637824045424,12,1841,7.95270728767e-06,
3696,triangle,1707,2057,616,,362236.3257580695,6955226.566932015,9132.0595703125,41.35644279881601,41.23603713284556,-8.643557201183988,-8.763962867154435,12,1841,7.95270728767e-06,
3697,triangle,1236,1548,1326,,356649.2346938776,6954340.051020409,22069.51611328125,87.89789261714013,86.7656913827758,37.89789261714013,36.765691382775785,6,1721,1.189207115e-05,
3698,triangle,1931,1943,545,,364596.4575526197,6954081.957718626,7938.2138671875,89.05953676616727,91.78330974378338,39.05953676616726,41.78330974378337,65,1681,6.32455532034e-06,
3699,triangle,582,2061,1539,,354716.39945664274,6954905.10626886,12282.0419921875,96.56103544206542,96.49482397968545,46.56103544206542,46.494823979685464,6,1721,1.189207115e-05,
3700,triangle,1775,1776,1172,,356760.5291603376,6955862.83095709,32849.80810546875,108.06047484081141,105.78479260933443,58.060474840811416,55.78479260933443,6,1721,1.189207115e-05,
3701,triangle,1582,2098,1385,,355515.1639926387,6956686.765682946,22813.1123046875,104.20982752548014,106.09401428667645,54.20982752548014,56.094014286676476,6,1721,1.1693231298940716e-05,
3702,triangle,1217,1749,1499,,355951.2280493593,6951717.38253441,42246.7890625,79.4601856501464,77.19532488174819,29.460185650146407,27.19532488174819,65,1681,6.32455532034e-06,
3703,triangle,184,1939,1938,,358752.66864962404,6952784.7554832725,7543.9619140625,35.4640693730017,36.034810568815395,-14.535930626998296,-13.965189431184603,12,1841,7.95270728767e-06,
3704,triangle,1259,2084,1307,,360155.4200862795,6953323.572969276,22881.76318359375,40.023938845282764,40.84929073256692,-9.976061154717234,-9.150709267433072,12,1841,7.95270728767e-06,
3705,triangle,1384,1900,1798,,367257.68389592733,6954134.529753511,76810.037109375,145.84400111951396,151.34875046291802,95.84400111951396,101.34875046291803,65,1681,6.32455532034e-06,
3706,triangle,1633,1634,118,,355934.8128262264,6948744.870917455,12743.337890625,65.33949646087729,61.78022596105627,15.339496460877283,11.780225961056269,12,1841,7.95270728767e-06,
3707,triangle,1722,2003,763,,356299.1469961894,6956527.596848923,7569.3779296875,97.50307087897076,97.75885904629975,47.503070878970775,47.758859046299754,6,1721,1.189207115e-05,
3708,triangle,1216,1751,1426,,358686.13604531746,6948343.623725084,30258.8447265625,84.84513390353187,83.37293138427951,34.84513390353189,33.372931384279504,12,1841,7.95270728767e-06,
3709,triangle,1798,1900,1887,,367380.7734273567,6953968.720454161,49699.35009765625,158.5515385170067,162.2922218612764,108.55153851700669,112.29222186127642,65,1681,6.32455532034e-06,
3710,triangle,2044,2045,150,,357010.08065881237,6950946.127969243,11859.177734375,51.697014346534694,53.29904766141658,1.6970143465346996,3.2990476614165885,12,1841,7.95270728767e-06,
3711,triangle,1267,1429,1428,,358198.02295918367,6948883.348141813,20665.7763671875,74.9639758567502,74.35254396999402,24.963975856750196,24.35254396999402,12,1841,7.95270728767e-06,
3712,triangle,1562,1564,1289,,355110.1150790339,6955962.004022654,23283.8876953125,101.75017837284732,100.6377944778036,51.75017837284731,50.637794477803595,6,1721,1.189207115e-05,
3713,triangle,1500,1678,1313,,356487.5,6951812.5,19687.5,64.49166562822127,65.75000031789143,14.49166562822127,15.75000031789144,12,1841,7.95270728767e-06,
3714,triangle,1485,1487,1276,,358949.3922569027,6951732.495498199,19129.1884765625,50.70007881457289,50.58728505510197,0.7000788145728887,0.5872850551019679,12,1841,7.95270728767e-06,
3715,triangle,1342,1917,470,,362920.9150554829,6953325.581228522,18854.0576171875,72.69025385810208,72.53090715462902,22.69025385810207,22.53090715462902,12,1841,7.95270728767e-06,
3716,triangle,1345,1918,563,,363375.0437395356,6955004.165410931,12889.2861328125,40.23833984858271,40.52927751219952,-9.761660151417283,-9.470722487800478,12,1841,7.95270728767e-06,
3717,triangle,1309,2117,1657,,364034.0178629442,6955671.671598256,15907.4130859375,37.58480861420068,34.43037212986591,-12.415191385799318,-15.56962787013409,12,1841,7.95270728767e-06,
3718,triangle,1473,2104,1274,,360227.776516492,6949791.313844129,21324.01904296875,66.8350534762219,66.39758597366058,16.8350534762219,16.397585973660572,12,1841,7.95270728767e-06,
3719,triangle,1272,2104,1471,,360455.0183884773,6949582.423810181,26705.1611328125,66.45646457724595,68.99242033244785,16.45646457724595,18.992420332447857,12,1841,7.95270728767e-06,
3720,triangle,1957,1958,486,,362544.6069503751,6954320.13880469,8317.59912109375,35.809393414656284,36.22510624502443,-14.190606585343716,-13.774893754975574,12,1841,7.95270728767e-06,
3721,triangle,583,2062,2061,,354850.0,6954924.92888847,11406.6689453125,94.49762961566448,95.77057757395882,44.49762961566449,45.770577573958825,6,1721,1.189207115e-05,
3722,triangle,1338,2120,129,,356301.1904761905,6949355.952380952,10513.392578125,67.6166542506792,65.15920318046308,17.61665425067921,15.15920318046308,12,1841,7.95270728767e-06,
3723,triangle,1208,1534,1344,,363966.7474116816,6954412.603999008,25710.32568359375,99.0457128695866,94.07933910220125,49.04571286958658,44.07933910220125,12,1841,7.95270728767e-06,
3724,triangle,1363,1945,531,,357780.3644314869,6952583.2580174925,5700.5400390625,41.7326982510903,41.322022674785096,-8.267301748909706,-8.677977325214906,12,1841,7.95270728767e-06,
3725,triangle,489,1835,1364,,362337.1955207996,6954501.863766901,6268.4248046875,29.937746474433354,30.02954036289849,-20.062253525566646,-19.97045963710151,12,1841,7.95270728767e-06,
3726,triangle,375,1858,1494,,355391.23722398345,6951537.897426259,13269.9345703125,78.33730698200662,78.19364519365688,28.33730698200663,28.193645193656874,65,1681,6.32455532034e-06,
3727,triangle,378,1859,1497,,355689.5571503216,6951377.181804015,11924.908203125,69.78288365298174,70.84556248841238,19.782883652981745,20.845562488412373,65,1681,6.3827036048875e-06,
3728,triangle,1529,1864,520,,357125.0,6953111.181515616,9214.7900390625,67.16680211568874,67.10632275485256,17.166802115688743,17.106322754852556,65,1681,6.32455532034e-06,
3729,triangle,327,1856,1487,,359029.96285418054,6951933.7599568935,11476.89013671875,47.817016419363895,46.81763815627784,-2.1829835806361,-3.182361843722171,12,1841,7.95270728767e-06,
3730,triangle,330,1857,1490,,359159.89888992254,6952233.888381316,10994.1982421875,45.89098212973899,44.731671131538725,-4.109017870261016,-5.268328868461275,12,1841,7.95270728767e-06,
3731,triangle,552,1866,1535,,364262.9889835772,6954463.6498803375,9569.88525390625,93.29295328993524,91.86536556787878,43.29295328993524,41.865365567878776,65,1681,6.3827036048875e-06,
3732,triangle,1373,1583,737,,355932.262064731,6956335.959037542,8815.22314453125,93.62765219834168,93.89379707774269,43.62765219834168,43.89379707774268,6,1721,1.189207115e-05,
3733,triangle,1321,1536,1224,,363621.7697054462,6955251.27132224,27493.3134765625,48.40757199429029,47.29742122191235,-1.59242800570971,-2.702578778087655,12,1841,7.95270728767e-06,
3734,triangle,1852,1926,100,,357247.0238095238,6948368.532509158,9537.9033203125,60.75507667834867,61.08900586186193,10.755076678348667,11.089005861861926,12,1841,7.95270728767e-06,
3735,triangle,1791,1870,1189,,359749.3504003822,6955162.521784636,37979.77880859375,113.26271023281669,106.99653409320898,63.262710232816666,56.99653409320897,65,1681,6.32455532034e-06,
3736,triangle,1185,1853,1790,,357043.2700460398,6950231.82985054,26974.1708984375,71.81540101318045,66.08510493360977,21.815401013180452,16.08510493360977,12,1841,7.95270728767e-06,
3737,triangle,1190,1871,1789,,359093.9446920247,6956847.049061791,27643.6884765625,135.44609414704428,135.63632708528678,85.44609414704426,85.63632708528678,65,1681,6.32455532034e-06,
3738,triangle,335,1782,1340,,358957.7752976191,6952599.479166667,6625.279296875,35.409502824823214,36.09234973220581,-14.590497175176782,-13.907650267794187,12,1841,7.95270728767e-06,
3739,triangle,562,1918,1699,,363495.17264163605,6954905.0993031375,11015.59765625,43.24382544297862,45.82441312306426,-6.756174557021381,-4.175586876935738,12,1841,7.95270728767e-06,
3740,triangle,1946,2129,179,,358364.38688394875,6952781.155382437,5034.130859375,42.70306340865745,43.00683864154967,-7.296936591342548,-6.993161358450329,12,1841,7.95270728767e-06,
3741,triangle,1751,1959,1392,,358665.38107503584,6948639.234208363,28038.38916015625,74.35137165530116,76.13017758947409,24.351371655301165,26.130177589474084,12,1841,7.95270728767e-06,
3742,triangle,57,2078,1419,,359304.15105491056,6946678.256710558,7548.55078125,94.15528264565646,94.11636114424472,44.155282645656456,44.11636114424473,12,1841,7.95270728767e-06,
3743,triangle,1358,1504,399,,357148.8467261905,6952120.944940477,13916.015625,61.00034227452026,54.922858076110536,11.000342274520262,4.922858076110533,12,1841,7.95270728767e-06,
3744,triangle,2071,2138,1369,,359041.7868035088,6946247.20609058,51732.69384765625,98.43988252553169,102.14609905623259,48.43988252553169,52.14609905623257,12,1841,7.432159015154286e-06,
3745,triangle,1515,1993,1271,,360309.4673371049,6952663.639933013,21522.6513671875,46.668491252675764,44.976753781725414,-3.331508747324243,-5.0232462182745925,12,1841,7.95270728767e-06,
3746,triangle,1210,1619,1537,,356934.36961383844,6953823.593131792,25678.03125,89.99540369793408,89.40839374747088,39.99540369793409,39.408393747470875,65,1681,6.32455532034e-06,
3747,triangle,1766,2129,1946,,358421.4310632579,6952837.261096225,9830.953125,48.006780024334056,46.63542246064221,-1.993219975665944,-3.364577539357794,12,1841,7.95270728767e-06,
3748,triangle,1547,2103,636,,356174.0044140187,6954961.802064165,9766.18115234375,86.05303135903658,84.875679326992,36.05303135903658,34.87567932699199,6,1721,1.189207115e-05,
3749,triangle,734,2098,1581,,355650.1603894892,6956528.518956595,8967.44384765625,98.46998247871562,99.21218106125603,48.469982478715636,49.212181061256025,6,1721,1.189207115e-05,
3750,triangle,104,2099,1432,,356949.29043088993,6948319.7023886815,7526.177734375,59.92519856967385,60.00969753512562,9.925198569673853,10.009697535125623,12,1841,7.95270728767e-06,
3751,triangle,1389,1766,1402,,358625.89761378284,6953034.660855074,43065.6220703125,49.231100792772764,50.69863640139869,-0.7688992072272409,0.6986364013986881,12,1841,7.603817580385e-06,
3752,triangle,304,1956,1475,,359501.22282579757,6950232.960987565,6537.6005859375,62.13694836230027,60.45007752620677,12.136948362300268,10.45007752620676,12,1841,7.95270728767e-06,
3753,triangle,505,1526,1343,,356285.1315565758,6953778.435128004,14171.76318359375,78.57244891895803,75.63384466987746,28.572448918958035,25.633844669877462,65,1681,6.32455532034e-06,
3754,triangle,1344,1534,553,,364063.42565683875,6954491.717656791,9956.67138671875,84.6099692500862,82.34416650226632,34.6099692500862,32.34416650226632,12,1841,7.95270728767e-06,
3755,triangle,1299,1710,1709,,359547.81085729745,6954362.922995903,28396.90673828125,84.63713065619805,84.54584213734661,34.63713065619804,34.545842137346625,65,1681,6.32455532034e-06,
3756,triangle,1349,2127,2093,,361557.36191681196,6955956.975595449,43106.3525390625,133.19191762705333,129.06397111999655,83.19191762705333,79.06397111999657,65,1681,6.32455532034e-06,
3757,triangle,247,1836,248,,363062.5,6955450.0,4218.75,22.344444486829964,22.433333079020183,-27.655555513170036,-27.566666920979817,12,1841,7.95270728767e-06,
3758,triangle,639,1783,638,,359225.0,6955637.5,4218.75,78.56666946411133,78.96666844685872,28.566669464111314,28.966668446858723,65,1681,6.32455532034e-06,
3759,triangle,1195,1606,1339,,356391.5152337712,6950195.143473807,63295.42919921875,69.33935366347318,70.60446959841367,19.339353663473176,20.60446959841367,12,1841,7.95270728767e-06,
3760,triangle,1317,1991,1251,,356468.2351668435,6955128.61993922,25446.61083984375,94.81533085750445,92.75057729048736,44.81533085750445,42.75057729048734,6,1721,1.189207115e-05,
3761,triangle,1763,1908,1407,,354776.0388967939,6956191.909648955,45889.037109375,102.97898793471236,103.65628290463468,52.97898793471236,53.65628290463468,6,1721,1.189207115e-05,
3762,triangle,1364,2124,487,,362379.95491341385,6954351.830894857,12778.283203125,36.339697072628276,36.32518052224828,-13.66030292737172,-13.674819477751713,12,1841,7.95270728767e-06,
3763,triangle,1880,1959,1611,,358951.461826199,6948769.581611204,66473.01806640625,85.28829874147002,84.65871651986892,35.28829874147001,34.658716519868925,12,1841,7.95270728767e-06,
3764,triangle,152,2045,1444,,356973.3158383511,6951106.435055129,7443.28466796875,54.477397402316825,53.05664525310385,4.477397402316825,3.0566452531038575,12,1841,7.95270728767e-06,
3765,triangle,488,1958,1521,,362522.0071456915,6954474.037845879,6580.3271484375,33.07069289183363,32.81443404944374,-16.929307108166366,-17.185565950556263,12,1841,7.95270728767e-06,
3766,triangle,1592,2101,1298,,360985.45980440127,6948560.277937654,22463.63623046875,78.8810116229509,78.8761639083129,28.88101162295089,28.876163908312915,12,1841,7.95270728767e-06,
3767,triangle,1336,1803,1220,,362996.23263888893,6954950.989583333,33506.97607421875,31.038464652845732,31.367064262388677,-18.961535347154268,-18.632935737611323,12,1841,7.95270728767e-06,
3768,triangle,1542,2062,585,,355000.0,6954886.000721049,8887.62158203125,95.27648590999945,93.80368413979579,45.27648590999946,43.80368413979579,6,1721,1.189207115e-05,
3769,triangle,1178,1671,1493,,361079.78948357067,6949686.273646536,34305.6171875,92.53269325069984,92.07561545303537,42.532693250699836,42.07561545303539,12,1841,7.95270728767e-06,
3770,triangle,1263,2173,1566,,355654.0188303936,6955538.573944974,9496.3984375,91.83698551999152,90.4273439792268,41.83698551999152,40.4273439792268,6,1721,1.189207115e-05,
3771,triangle,1404,2010,1255,,362069.39730143687,6954895.284294967,31234.16796875,33.51079198135181,36.38779716464052,-16.489208018648192,-13.612202835359481,12,1841,7.95270728767e-06,
3772,triangle,1903,2026,1528,,356900.5912058695,6953404.678624391,24266.423828125,90.55890599865478,86.36348745345072,40.55890599865477,36.36348745345071,65,1681,6.32455532034e-06,
3773,triangle,203,1651,204,,360214.1973059065,6953042.614694688,5240.5439453125,31.068002927898508,30.997793777749838,-18.931997072101492,-19.002206222250162,12,1841,7.95270728767e-06,
3774,triangle,360,1664,359,,359703.3163265306,6950487.5,6658.1630859375,61.52874200522617,57.69727877532484,11.528742005226178,7.697278775324842,12,1841,7.95270728767e-06,
3775,triangle,1595,2104,1272,,360494.90434808313,6949736.954486604,36502.8134765625,72.61770635318987,73.57147112847817,22.617706353189874,23.57147112847817,12,1841,7.95270728767e-06,
3776,triangle,1274,2104,1595,,360358.7451930482,6949852.303212297,35010.2314453125,69.91051298457465,72.42606478569617,19.910512984574645,22.426064785696155,12,1841,7.95270728767e-06,
3777,triangle,1229,1775,1172,,356623.5511189418,6955912.701908111,29205.64453125,107.35658242405941,105.09877283221499,57.356582424059425,55.09877283221498,6,1721,1.189207115e-05,
3778,triangle,1452,2095,221,,361458.46180681867,6953716.538193181,8935.15625,27.805099180683726,29.484700264695604,-22.19490081931628,-20.515299735304396,12,1841,7.95270728767e-06,
3779,triangle,1409,2114,1574,,358478.609960376,6956483.47389127,14559.0283203125,126.83582352164206,127.96183845770231,76.83582352164206,77.96183845770231,65,1681,6.32455532034e-06,
3780,triangle,1606,1638,1339,,356469.08956120646,6950057.458412882,22521.3447265625,60.89581897044835,60.838635409409655,10.89581897044835,10.838635409409662,12,1841,7.95270728767e-06,
3781,triangle,1356,2031,1989,,356622.467896193,6947400.215060238,46129.16064453125,73.0124533806383,74.6982646959073,23.01245338063831,24.698264695907294,12,1841,7.95270728767e-06,
3782,triangle,1731,1921,1830,,364529.06992497185,6952813.250739825,36014.7392578125,142.757058217981,143.4385987318278,92.757058217981,93.43859873182777,65,1681,6.32455532034e-06,
3783,triangle,1739,1930,1929,,358327.57103044516,6950658.604315962,64563.1162109375,74.84070164506535,75.72164604333682,24.84070164506536,25.72164604333682,12,1841,7.95270728767e-06,
3784,triangle,1256,2097,1673,,355145.4822439772,6950975.305067867,35973.1171875,93.24548172151708,93.22321448367785,43.24548172151708,43.22321448367786,65,1681,6.32455532034e-06,
3785,triangle,223,2137,1453,,361651.31040554005,6953972.323060524,10215.458984375,27.94759998755476,28.45375689085529,-22.052400012445236,-21.54624310914471,12,1841,7.95270728767e-06,
3786,triangle,1631,2136,112,,356357.7301072509,6948762.395479575,12906.9189453125,67.33083336873679,66.69066599783471,17.33083336873678,16.69066599783471,12,1841,7.95270728767e-06,
3787,triangle,112,2136,1632,,356271.80748820334,6948759.3300033845,16117.35107421875,66.9934543413207,66.12562579205301,16.993454341320692,16.125625792053004,12,1841,7.95270728767e-06,
3788,triangle,1222,1862,1689,,362693.29088193196,6953860.878594008,22773.68994140625,56.87332428884257,56.865706182803926,6.8733242888425625,6.865706182803923,12,1841,7.95270728767e-06,
3789,triangle,477,2107,1520,,362569.95164764376,6953556.765031648,13656.76025390625,59.603597640884594,65.65798434987083,9.603597640884585,15.657984349870835,12,1841,7.95270728767e-06,
3790,triangle,1684,2068,1315,,361829.512987013,6951737.370129871,11640.82763671875,96.03349092297606,94.44333063784336,46.03349092297606,44.44333063784336,12,1841,7.2549278731e-06,
3791,triangle,1297,1705,1252,,356163.1045824923,6954305.286156721,19388.77978515625,82.4104278263474,82.75115017567195,32.4104278263474,32.75115017567196,6,1721,1.189207115e-05,
3792,triangle,1296,1819,1797,,363868.686818664,6953106.494269405,48813.78515625,94.44655353262215,95.32600374201824,44.44655353262215,45.32600374201825,65,1681,6.32455532034e-06,
3793,triangle,207,2159,1350,,360461.314982716,6953101.457170755,4773.25244140625,31.171997378657622,30.970274445915493,-18.828002621342378,-19.029725554084504,12,1841,7.95270728767e-06,
3794,triangle,1439,2110,145,,356895.8333333333,6950525.0,7801.3388671875,54.81481417903026,54.31111146533286,4.814814179030262,4.311111465332861,12,1841,7.95270728767e-06,
3795,triangle,1442,2111,148,,356807.60979940416,6950809.084969428,6316.8349609375,56.764847860902634,56.771891319031255,6.764847860902637,6.771891319031252,12,1841,7.95270728767e-06,
3796,triangle,1574,2114,715,,358536.54155478533,6956569.289100352,7060.8994140625,121.20104798575613,122.335438406513,71.20104798575615,72.335438406513,65,1681,6.32455532034e-06,
3797,triangle,1577,2115,718,,358825.0,6956670.833333333,7801.3388671875,119.96852027042306,119.76428661648562,69.96852027042307,69.76428661648562,65,1681,6.32455532034e-06,
3798,triangle,73,2108,1422,,358429.4609472468,6947740.384518783,11199.984375,76.6877904587634,77.76546411709832,26.687790458763402,27.765464117098315,12,1841,7.95270728767e-06,
3799,triangle,76,2109,1425,,358555.57008406025,6948042.181100418,9149.005859375,81.18381359972993,79.47048287518862,31.183813599729937,29.470482875188626,12,1841,7.95270728767e-06,
3800,triangle,1472,1474,1273,,360069.1964285714,6949510.267857143,20491.0712890625,65.00113837330292,62.603561943906676,15.001138373302929,12.603561943906678,12,1841,7.95270728767e-06,
3801,triangle,1363,1974,405,,357567.5,6952509.53125,14018.5546875,44.26245840920342,44.50941686312357,-5.737541590796578,-5.490583136876428,12,1841,7.95270728767e-06,
3802,triangle,303,1663,1376,,359684.01360544213,6950197.023809523,7657.8447265625,64.02150709839012,61.81980100732727,14.02150709839012,11.819801007327278,12,1841,7.95270728767e-06,
3803,triangle,1505,2046,1413,,362099.5356397662,6951123.157069649,23005.685546875,96.62217416741515,96.61776924974417,46.62217416741515,46.61776924974415,65,1681,6.32455532034e-06,
3804,triangle,1287,2141,1717,,359635.98759685137,6955762.09605321,34861.6162109375,110.52580705058874,105.95857215850856,60.52580705058874,55.95857215850856,65,1681,6.32455532034e-06,
3805,triangle,1233,1854,1644,,357970.50040313345,6952295.101821024,17675.333984375,53.830122573219455,52.28181405847571,3.830122573219453,2.2818140584757125,12,1841,7.95270728767e-06,
3806,triangle,1254,1855,1653,,360945.1228830107,6953346.932308913,20774.3515625,32.099897085111934,32.3939826029525,-17.900102914888066,-17.6060173970475,12,1841,7.95270728767e-06,
3807,triangle,1258,1874,1721,,357061.3108920372,6956797.239914927,22377.5927734375,132.19269091744883,128.75792130830163,82.19269091744881,78.75792130830165,65,1681,6.32455532034e-06,
3808,triangle,1503,2122,398,,356962.18382314563,6952258.467406464,8416.83349609375,60.35536044350937,59.26740381664552,10.355360443509372,9.267403816645519,12,1841,7.95270728767e-06,
3809,triangle,1662,2121,299,,359719.36207787594,6949846.514290453,7936.59619140625,57.69397309085886,59.93700354216411,7.693973090858867,9.937003542164113,12,1841,7.95270728767e-06,
3810,triangle,1244,1707,1381,,362420.454368539,6955173.005388946,25201.67578125,34.69810752149133,34.737725586677364,-15.301892478508664,-15.262274413322634,12,1841,7.95270728767e-06,
3811,triangle,1244,2057,1707,,362329.7335307615,6955265.80803804,18565.52880859375,44.68274593875277,42.845223397457545,-5.317254061247228,-7.154776602542452,12,1841,7.95270728767e-06,
3812,triangle,748,1586,1387,,355903.2809742545,6955528.292662219,8530.486328125,85.73286922126992,85.45641477130654,35.732869221269915,35.45641477130654,6,1721,1.189207115e-05,
3813,triangle,1387,2174,749,,355890.8352604204,6955405.9213101575,5736.16796875,83.96090811875868,83.95019218499581,33.96090811875868,33.950192184995814,6,1721,1.189207115e-05,
3814,triangle,1995,2015,1337,,354800.4844673917,6953406.996040899,29295.154296875,112.33039346342903,111.74730686100953,62.330393463429026,61.74730686100954,65,1681,6.32455532034e-06,
3815,triangle,1713,2131,1794,,358995.470824204,6954120.634079951,23367.830078125,77.55801925988693,74.5362867861301,27.55801925988693,24.536286786130105,65,1681,6.32455532034e-06,
3816,triangle,1908,2000,838,,354942.2257909542,6956583.771100994,53543.97509765625,116.68403734951207,116.55550128013265,66.68403734951207,66.55550128013265,6,1721,1.189207115e-05,
3817,triangle,1179,2054,1295,,360113.41709335794,6950322.94874834,44513.02490234375,74.64620542253886,73.1139727653823,24.646205422538863,23.1139727653823,12,1841,7.95270728767e-06,
3818,triangle,1229,1873,1325,,356339.2276871896,6955785.79050023,32959.53515625,93.52847596178991,93.92655400922736,43.528475961789916,43.92655400922737,6,1721,1.189207115e-05,
3819,triangle,1703,2011,1326,,356794.0308618426,6954203.3392531285,16218.45068359375,84.47123534938511,83.52523879150378,34.47123534938511,33.52523879150379,65,1681,7.119914724577143e-06,
3820,triangle,1228,1961,1646,,358649.64248100016,6952537.626529072,19158.931640625,52.45756085564525,48.14621407526374,2.457560855645249,-1.8537859247362605,12,1841,7.95270728767e-06,
3821,triangle,1881,2003,1722,,356241.6945613418,6956611.663933948,18975.6083984375,103.6366815271041,103.238473385036,53.6366815271041,53.238473385036,6,1721,1.189207115e-05,
3822,triangle,1536,1893,1224,,363711.3491995079,6955166.00192191,33647.04052734375,51.08394623048674,51.30712049097781,1.08394623048674,1.3071204909778107,12,1841,7.95270728767e-06,
3823,triangle,1256,1982,1780,,354977.4409777873,6950786.808660016,31376.62353515625,103.47521610761478,103.43838059983231,53.475216107614784,53.43838059983233,65,1681,6.32455532034e-06,
3824,triangle,1190,2050,1934,,358976.6180368681,6957225.926539988,35638.51171875,161.4458786282839,159.97216538355525,111.44587862828392,109.97216538355525,65,1681,6.32455532034e-06,
3825,triangle,1240,1958,1608,,362703.45736084826,6954446.201808214,29325.267578125,41.604127128287885,41.05025168385729,-8.395872871712113,-8.94974831614271,12,1841,7.95270728767e-06,
3826,triangle,1260,2045,1607,,357169.67626534466,6951101.0732412,30311.98046875,63.49513567600272,63.13703658581753,13.49513567600272,13.137036585817532,12,1841,7.95270728767e-06,
3827,triangle,1258,1983,1728,,356927.4034090472,6956584.538247351,28977.9794921875,126.27101676898668,125.29790806987562,76.27101676898668,75.29790806987559,6,1721,1.189207115e-05,
3828,triangle,103,2133,1433,,356972.616629839,6948486.2028339235,5912.33984375,59.31921568526282,59.410733319255975,9.319215685262819,9.410733319255982,12,1841,7.95270728767e-06,
3829,triangle,284,1659,1367,,360544.3912452471,6948995.213623777,11423.27490234375,65.3708151306988,66.34803614320619,15.370815130698798,16.348036143206198,12,1841,7.95270728767e-06,
3830,triangle,1388,2036,1992,,360532.75981815293,6948064.211548303,63700.599609375,91.07015107092897,91.11320552248914,41.07015107092897,41.11320552248915,12,1841,7.95270728767e-06,
3831,triangle,1252,2060,1297,,356048.9665096808,6954227.993893624,22695.92138671875,85.09048722938445,84.42220085204791,35.09048722938445,34.42220085204792,6,1721,1.189207115e-05,
3832,triangle,1630,1851,99,,357314.7024199101,6948537.587898462,12548.521484375,61.40905456745498,61.81128748807716,11.409054567454977,11.811287488077161,12,1841,7.95270728767e-06,
3833,triangle,1432,1852,101,,357123.42853674927,6948362.061633588,10925.11279296875,60.03765258475214,60.55213986335852,10.03765258475213,10.552139863358521,12,1841,7.95270728767e-06,
3834,triangle,1644,1854,174,,357952.8413395256,6952416.161223054,10408.51953125,39.41140594310307,43.64849136387252,-10.588594056896929,-6.351508636127477,12,1841,7.95270728767e-06,
3835,triangle,1646,1961,183,,358637.14248100016,6952650.126529074,9115.37744140625,41.047200028260384,41.971213248746004,-8.952799971739621,-8.028786751254001,12,1841,7.95270728767e-06,
3836,triangle,1653,1855,214,,360952.46455472085,6953473.365210953,9129.2646484375,28.747514496529767,28.988912304447723,-21.252485503470236,-21.01108769555228,12,1841,7.95270728767e-06,
3837,triangle,1496,1858,376,,355524.1870961112,6951542.7880816385,11753.494140625,73.41369578428373,73.89831168954917,23.413695784283732,23.898311689549185,65,1681,6.32455532034e-06,
3838,triangle,1495,1859,377,,355553.8428646074,6951361.445196872,11373.3564453125,72.03594804811165,73.04746401913985,22.035948048111646,23.04746401913985,65,1681,6.32455532034e-06,
3839,triangle,1685,1860,432,,361603.0281392956,6951979.371733333,9228.2607421875,78.32199428033707,77.71543573625269,28.321994280337062,27.715435736252687,12,1841,7.95270728767e-06,
3840,triangle,433,1860,1509,,361479.8436457319,6951988.984919309,11614.8203125,72.25610292059554,69.90222787293696,22.256102920595534,19.902227872936958,12,1841,7.95270728767e-06,
3841,triangle,473,1861,1519,,362907.69880419463,6953641.62791871,11912.7431640625,69.74207238771604,69.26219139090996,19.742072387716032,19.262191390909972,12,1841,7.95270728767e-06,
3842,triangle,499,1863,1524,,355892.73997369135,6953915.675831683,11236.0830078125,80.00511115490617,80.6251833650391,30.005111154906174,30.625183365039106,65,1681,6.921074873517858e-06,
3843,triangle,521,1864,1692,,357250.0,6953087.5,10546.875,61.344444910685255,61.750000635782875,11.34444491068526,11.750000635782877,65,1681,6.32455532034e-06,
3844,triangle,546,1865,1697,,364482.92636780464,6954221.741001982,8007.7294921875,88.85959136576824,88.51744638058317,38.859591365768225,38.51744638058316,65,1681,6.32455532034e-06,
3845,triangle,1544,1867,590,,355361.10339224973,6954913.306147703,11708.08935546875,90.79628841880792,90.54867553952529,40.79628841880791,40.5486755395253,6,1721,1.189207115e-05,
3846,triangle,721,1871,1577,,359000.0,6956624.404761906,9810.26806640625,113.82116150227365,115.9380947597461,63.821161502273654,65.93809475974608,65,1681,6.32455532034e-06,
3847,triangle,722,1872,1578,,359115.5038174216,6956472.336416066,10489.46044921875,117.15035853676616,114.78259701568498,67.15035853676616,64.78259701568498,65,1681,6.32455532034e-06,
3848,triangle,1721,1874,753,,357062.05979061854,6956918.637103739,11546.32861328125,120.64507657336029,122.56829689152293,70.6450765733603,72.56829689152293,65,1681,6.32455532034e-06,
3849,triangle,1720,1875,754,,357023.3097583081,6957092.480082299,11672.4921875,121.02332067041714,121.32162693375817,71.02332067041714,71.32162693375817,65,1681,6.32455532034e-06,
3850,triangle,142,1853,1439,,356849.4047619048,6950350.0,9810.267578125,52.61111036431967,55.28254056355374,2.611110364319673,5.282540563553738,12,1841,7.95270728767e-06,
3851,triangle,1489,1856,328,,359004.45573168877,6952071.038216412,12905.28857421875,45.585953047633396,45.316736847175626,-4.414046952366609,-4.683263152824378,12,1841,7.95270728767e-06,
3852,triangle,1488,1857,329,,359181.5476190476,6952100.0,10212.05322265625,48.48730114527805,46.495635517057735,-1.5126988547219473,-3.5043644829422678,12,1841,7.95270728767e-06,
3853,triangle,1556,1869,645,,359395.8491204918,6955152.120622866,8780.10546875,80.74847343930603,79.01055042750741,30.748473439306032,29.010550427507408,65,1681,6.32455532034e-06,
3854,triangle,1557,1870,646,,359563.05199284526,6955022.2109835185,11205.453125,84.16686757374728,81.68398152422594,34.16686757374727,31.683981524225945,65,1681,6.32455532034e-06,
3855,triangle,742,1873,1587,,356168.5307343464,6955957.375798452,9313.91015625,87.10159888666239,87.85203061124635,37.10159888666239,37.852030611246356,6,1721,1.189207115e-05,
3856,triangle,1235,1895,1727,,359849.762647551,6950869.799520812,39803.3642578125,68.78920763495171,68.99617661625474,18.78920763495171,18.996176616254733,12,1841,7.95270728767e-06,
3857,triangle,1197,1844,1829,,355776.7950002803,6954397.287670885,39772.7548828125,93.93613091946045,91.20815566385477,43.936130919460446,41.208155663854775,6,1721,1.189207115e-05,
3858,triangle,1297,1525,1396,,356238.26367085293,6954074.034950989,21014.794921875,82.33790095382756,80.61692843654106,32.33790095382756,30.616928436541073,65,1681,8.909473384110715e-06,
3859,triangle,1325,1585,1359,,356196.0311687328,6955581.92665314,22000.4189453125,91.20439442291277,88.92477714477813,41.20439442291278,38.92477714477813,6,1721,1.189207115e-05,
3860,triangle,194,1448,1360,,359533.2302216071,6953033.088205314,13659.703125,35.92411590648337,36.56012113157198,-14.075884093516626,-13.439878868428016,12,1841,7.95270728767e-06,
3861,triangle,401,1504,1414,,357266.9270833333,6952221.614583333,7018.69384765625,55.71164151747675,53.35425079678,5.711641517476749,3.3542507967799966,12,1841,7.95270728767e-06,
3862,triangle,1434,2099,105,,356831.5170775696,6948293.667230237,8413.5703125,59.88744511108274,59.91988020652343,9.887445111082751,9.919880206523432,12,1841,7.95270728767e-06,
3863,triangle,1451,2100,215,,361075.9101407219,6953627.262870924,9114.98095703125,27.574211957424026,27.631081098826396,-22.425788042575974,-22.3689189011736,12,1841,7.95270728767e-06,
3864,triangle,635,2103,1550,,356176.29915004823,6955083.597927139,7831.9501953125,82.92542936003788,83.10629272835374,32.925429360037896,33.10629272835374,6,1721,1.189207115e-05,
3865,triangle,157,1640,1361,,356867.1980492862,6951527.628279321,11108.60595703125,55.88734771125402,53.79187591789556,5.887347711254018,3.791875917895556,12,1841,7.95270728767e-06,
3866,triangle,1644,1894,1233,,357877.9018647933,6952235.266790174,31995.318359375,55.356522012604,51.31393720594056,5.356522012603998,1.3139372059405598,12,1841,7.95270728767e-06,
3867,triangle,1673,1982,1256,,355023.88078306505,6950930.727905609,35547.2861328125,94.03384987100122,94.36341596384467,44.033849871001216,44.36341596384468,65,1681,6.32455532034e-06,
3868,triangle,1721,1983,1258,,356960.15992175863,6956737.257084618,25730.6337890625,127.86094422129982,126.21349637773692,77.86094422129982,76.21349637773689,65,1681,6.523395171399286e-06,
3869,triangle,1366,1714,1318,,359459.3707804312,6953640.2357006995,24379.390625,52.664643538767145,51.90888803546051,2.664643538767147,1.908888035460499,65,1681,6.32455532034e-06,
3870,triangle,1193,1838,1281,,355203.16443854914,6954192.146822188,37743.0517578125,99.80587006255433,98.61515992118304,49.805870062554334,48.61515992118304,6,1721,1.189207115e-05,
3871,triangle,1271,1353,1227,,360092.8240740741,6952602.951388889,27782.2734375,48.2510792649809,46.35982317935436,-1.7489207350191007,-3.6401768206456455,12,1841,7.95270728767e-06,
3872,triangle,1214,1826,1365,,359228.0541993682,6954703.978740032,28753.46484375,94.89812211231927,91.34540631625869,44.89812211231928,41.345406316258675,65,1681,6.32455532034e-06,
3873,triangle,1726,1810,1383,,356450.9373526547,6953083.55849602,38333.541015625,91.06841991895591,94.65681912754492,41.06841991895591,44.65681912754493,65,1681,6.32455532034e-06,
3874,triangle,1343,1526,1218,,356194.97364617884,6953689.839717608,30721.4150390625,81.08388928561838,80.84205389683969,31.083889285618376,30.842053896839683,65,1681,6.32455532034e-06,
3875,triangle,1666,1895,1235,,359693.8210258504,6950906.526888683,35843.5400390625,60.998471350460285,63.04078801290981,10.998471350460289,13.0407880129098,12,1841,7.95270728767e-06,
3876,triangle,1365,1756,1214,,359246.8819569412,6954822.500367522,32100.9013671875,102.58258001404396,97.4792598861681,52.58258001404395,47.4792598861681,65,1681,6.32455532034e-06,
3877,triangle,1344,1960,1208,,363859.7548331078,6954492.490617499,34072.40380859375,101.03286813269717,88.29757109360952,51.03286813269717,38.29757109360951,12,1841,7.95270728767e-06,
3878,triangle,1261,1773,1725,,364795.6894988486,6953826.792366535,39921.0283203125,123.37707400558637,120.92957124688905,73.37707400558638,70.92957124688904,65,1681,6.32455532034e-06,
3879,triangle,1196,1848,1590,,364742.2717841247,6954456.949987938,38681.244140625,103.49963791257736,104.3095487112718,53.499637912577356,54.309548711271816,65,1681,6.32455532034e-06,
3880,triangle,522,2113,1530,,357298.75371013023,6953242.654065292,10128.7177734375,64.04671717757014,66.5851260118293,14.046717177570148,16.5851260118293,65,1681,6.32455532034e-06,
3881,triangle,716,2114,1576,,358657.9547870056,6956547.886180309,9677.138671875,120.30127910214955,120.04714370801635,70.30127910214955,70.04714370801635,65,1681,6.32455532034e-06,
3882,triangle,717,2115,1575,,358703.1970450377,6956707.295403783,9184.376953125,123.00807784236119,122.57597188695651,73.00807784236119,72.57597188695651,65,1681,6.32455532034e-06,
3883,triangle,1424,2108,74,,358413.2760272296,6947871.544160466,9379.4140625,76.49366352186485,77.28433275461788,26.49366352186486,27.28433275461788,12,1841,7.95270728767e-06,
3884,triangle,1423,2109,75,,358576.4325274211,6947913.334263337,9503.55322265625,77.55319726243381,78.68779512464522,27.553197262433795,28.687795124645223,12,1841,7.95270728767e-06,
3885,triangle,146,2110,1441,,356935.7390330539,6950646.734555185,9363.7900390625,54.824428472999415,56.03839197203295,4.824428472999403,6.038391972032955,12,1841,7.95270728767e-06,
3886,triangle,147,2111,1440,,356775.9783289051,6950687.213641274,8772.92333984375,59.712095176233355,57.0597960395867,9.712095176233353,7.0597960395867,12,1841,7.95270728767e-06,
3887,triangle,1516,2112,451,,360524.82225833536,6952777.372482193,8807.8623046875,38.07123695908842,39.74406503112952,-11.928763040911578,-10.255934968870479,12,1841,7.95270728767e-06,
3888,triangle,749,1551,1359,,356040.9749907123,6955393.648760359,11427.4326171875,83.86156132776115,84.25448889764722,33.86156132776116,34.254488897647214,6,1721,1.189207115e-05,
3889,triangle,1376,1664,305,,359626.5306122449,6950350.0,9728.95458984375,64.82244800386054,60.30085093958539,14.822448003860552,10.300850939585388,12,1841,7.95270728767e-06,
3890,triangle,1241,1881,1812,,356284.8613412106,6956840.89757898,42507.93701171875,116.82339649538596,115.44613942668487,66.82339649538596,65.44613942668487,6,1721,1.189207115e-05,
3891,triangle,1780,1814,1294,,354803.9691798109,6950551.958043243,33659.0849609375,119.75166611595631,115.55110612757984,69.75166611595633,65.55110612757984,65,1681,6.32455532034e-06,
3892,triangle,1367,2143,279,,360505.57312172715,6948813.975886352,9362.724609375,71.8434551031694,70.42894900334092,21.843455103169415,20.428949003340918,12,1841,7.95270728767e-06,
3893,triangle,1331,1613,1420,,358449.1821887072,6947385.28641378,25030.60498046875,91.61693801328275,92.33651120763659,41.61693801328274,42.33651120763657,12,1841,7.95270728767e-06,
3894,triangle,1401,1460,252,,363397.06198954186,6955434.349404507,9837.55078125,34.122150943475276,33.238165809851374,-15.87784905652472,-16.761834190148623,12,1841,7.95270728767e-06,
3895,triangle,1937,1948,1459,,363218.83833681885,6955605.636154746,9692.685546875,38.34839442382246,35.818556098111856,-11.65160557617754,-14.181443901888144,12,1841,7.95270728767e-06,
3896,triangle,1376,1663,1295,,359796.5136054422,6950209.523809523,19869.259765625,71.18370745015937,68.56146780115051,21.183707450159368,18.56146780115052,12,1841,7.95270728767e-06,
3897,triangle,168,1445,1414,,357452.20025510207,6952247.7997448975,10152.263671875,48.71862396028205,46.06578185361121,-1.2813760397179434,-3.934218146388787,12,1841,7.95270728767e-06,
3898,triangle,1431,2134,93,,357757.88083090377,6948678.812004045,6853.8896484375,68.30395051497645,68.27848893560628,18.303950514976442,18.278488935606287,12,1841,7.95270728767e-06,
3899,triangle,1255,2056,1981,,361883.500379161,6954663.171804073,44948.615234375,36.794931959206785,38.9732726035956,-13.205068040793217,-11.026727396404402,12,1841,7.95270728767e-06,
3900,triangle,1935,2127,1349,,361745.6179849547,6956026.287572101,39583.2783203125,126.32571568023134,124.35117062687839,76.32571568023134,74.3511706268784,65,1681,6.32455532034e-06,
3901,triangle,1493,1671,1670,,361226.95860573277,6949608.982041919,17665.0576171875,91.13086787673177,89.52156040981498,41.13086787673176,39.52156040981499,12,1841,7.95270728767e-06,
3902,triangle,1396,1549,1297,,356325.89094932843,6954113.45744282,17476.45849609375,80.92370487278548,78.64015391751889,30.923704872785475,28.640153917518898,65,1681,9.10831323517e-06,
3903,triangle,1521,1958,1240,,362601.9650323807,6954526.04677445,16906.947265625,37.70253758820107,35.804874120265985,-12.297462411798932,-14.195125879734015,12,1841,7.95270728767e-06,
3904,triangle,1444,2045,1260,,357060.8158383511,6951168.935055129,20200.67529296875,64.55583186875923,61.58997871359376,14.555831868759233,11.589978713593766,12,1841,7.95270728767e-06,
3905,triangle,188,1782,189,,359034.3377976191,6952677.604166667,4281.52880859375,33.71603278908909,33.623859836941506,-16.283967210910912,-16.376140163058494,12,1841,7.95270728767e-06,
3906,triangle,189,1782,335,,359034.3377976191,6952627.604166667,4867.46630859375,34.03279283333656,33.92386034556781,-15.967207166663451,-16.076139654432193,12,1841,7.95270728767e-06,
3907,triangle,204,1834,205,,360279.4495509844,6953121.685782447,3685.92431640625,29.788779073109158,29.55837020805375,-20.21122092689084,-20.44162979194625,12,1841,7.95270728767e-06,
3908,triangle,236,1835,490,,362344.59936011425,6954610.980538129,4997.26171875,24.6759397801631,25.069406109504175,-25.3240602198369,-24.930593890495825,12,1841,7.95270728767e-06,
3909,triangle,569,1836,247,,363062.5,6955400.0,4218.75,23.033333036634644,23.16666603088379,-26.966666963365356,-26.83333396911621,12,1841,7.95270728767e-06,
3910,triangle,249,1836,250,,363162.5,6955450.0,4218.75,23.244444211324055,22.900000254313152,-26.755555788675945,-27.099999745686848,12,1841,7.95270728767e-06,
3911,triangle,1695,1974,1363,,357602.10829493083,6952621.572580646,21936.38232421875,45.07358376984986,45.73507814083839,-4.926416230150137,-4.26492185916161,12,1841,7.95270728767e-06,
3912,triangle,1430,1912,1238,,357999.0253874988,6948458.939072293,26187.6328125,69.66422553056661,70.2545974083343,19.664225530566615,20.254597408334295,12,1841,7.95270728767e-06,
3913,triangle,1550,2103,1991,,356265.3480264232,6955132.437189023,10944.36669921875,85.20288678517747,85.77844189474558,35.202886785177455,35.77844189474558,6,1721,1.189207115e-05,
3914,triangle,1941,2100,1451,,361118.9296212413,6953740.519208615,17888.455078125,27.291877674835327,28.138912497740346,-22.708122325164673,-21.861087502259654,12,1841,7.8945590031225e-06,
3915,triangle,1224,1462,1321,,363644.7132470145,6955398.157124565,26961.75,48.66223755087387,43.95640194156417,-1.3377624491261266,-6.043598058435833,12,1841,7.95270728767e-06,
3916,triangle,1830,2041,1731,,364646.3837414668,6952882.4778357,30563.12060546875,153.68961652073105,152.82330622863972,103.68961652073105,102.82330622863974,65,1681,6.32455532034e-06,
3917,triangle,1339,1735,1195,,356502.25997062,6950351.747146116,40229.57666015625,65.52628958563133,66.83694581223831,15.526289585631345,16.836945812238323,12,1841,7.95270728767e-06,
3918,triangle,1326,2011,1236,,356778.6478038575,6954314.470610433,24526.58935546875,87.61406574139492,87.09727935200154,37.61406574139493,37.09727935200154,6,1721,1.1295551596822145e-05,
3919,triangle,1393,1640,160,,356922.1050950039,6951653.397955246,8129.716796875,58.62859624102988,54.34741251716372,8.628596241029884,4.347412517163716,12,1841,7.95270728767e-06,
3920,triangle,1322,2003,1881,,356130.2002229889,6956578.389181272,21192.796875,102.88813313331718,103.36835498816193,52.888133133317176,53.36835498816193,6,1721,1.189207115e-05,
3921,triangle,1876,1911,1202,,362237.7940006834,6953918.037570327,28870.29638671875,51.197085292952885,46.3827606919624,1.1970852929528824,-3.6172393080376017,12,1841,7.95270728767e-06,
3922,triangle,1799,1851,1194,,357199.38783744443,6948727.863907545,20448.8935546875,64.30541809110262,65.92403345510937,14.305418091102618,15.924033455109367,12,1841,7.95270728767e-06,
3923,triangle,1242,1544,1319,,355487.5,6955062.5,22236.328125,94.00833320617677,92.68755911676972,44.00833320617677,42.68755911676973,6,1721,1.189207115e-05,
3924,triangle,1196,1865,1848,,364619.6609424371,6954392.678015858,28693.48583984375,100.08783337524528,100.16556683462778,50.08783337524528,50.16556683462778,65,1681,6.32455532034e-06,
3925,triangle,1574,1792,1409,,358360.2416971679,6956505.389384813,24128.2216796875,136.4562776992033,134.5764589536922,86.4562776992033,84.57645895369221,65,1681,6.523395171399286e-06,
3926,triangle,71,1422,1420,,358510.00390835287,6947585.045880288,9673.41748046875,80.47662716059051,80.20506065247103,30.4766271605905,30.20506065247103,12,1841,7.95270728767e-06,
3927,triangle,1421,1423,72,,358620.91436609795,6947739.894771767,7222.39599609375,78.24786667856881,78.31558325561555,28.24786667856881,28.315583255615547,12,1841,7.95270728767e-06,
3928,triangle,1435,1631,110,,356507.3030153378,6948663.936425906,9047.55810546875,61.110224134901486,60.72546834785488,11.110224134901479,10.725468347854886,12,1841,7.95270728767e-06,
3929,triangle,111,1944,1436,,356381.5996461756,6948536.308618829,7064.4052734375,61.75366138419222,60.63045999829635,11.75366138419222,10.630459998296354,12,1841,7.95270728767e-06,
3930,triangle,1437,1637,133,,356533.1017797687,6949703.154351316,8287.2890625,67.26673742130626,64.64150153818984,17.26673742130626,14.641501538189848,12,1841,7.95270728767e-06,
3931,triangle,151,1443,1442,,356853.75427210046,6950976.043380193,8130.3759765625,56.74923615723913,53.31948785922747,6.749236157239133,3.319487859227468,12,1841,7.95270728767e-06,
3932,triangle,1444,1639,155,,356922.6766557836,6951283.333333333,8433.0263671875,53.364459026401434,51.97112919333134,3.364459026401432,1.971129193331344,12,1841,7.95270728767e-06,
3933,triangle,195,2064,1447,,359544.09709950746,6952822.670260501,3939.66259765625,38.33462683090738,37.91925328492982,-11.665373169092618,-12.080746715070177,12,1841,7.95270728767e-06,
3934,triangle,199,1650,1450,,359865.92425666266,6952947.489962281,9402.4482421875,33.22531959293504,33.46317114204537,-16.774680407064963,-16.536828857954635,12,1841,7.95270728767e-06,
3935,triangle,1453,1455,227,,361668.75,6954104.166666667,5742.1875,26.22361077202185,26.124999735090466,-23.77638922797815,-23.875000264909534,12,1841,7.95270728767e-06,
3936,triangle,228,1456,1454,,361703.7574404762,6954275.818452381,7380.7197265625,30.433962243791935,29.37051347316474,-19.566037756208065,-20.62948652683526,12,1841,7.95270728767e-06,
3937,triangle,1455,1457,229,,361818.75,6954179.166666667,6679.6875,26.22361140780101,26.241666528913708,-23.77638859219899,-23.758333471086292,12,1841,7.95270728767e-06,
3938,triangle,230,1654,1456,,361855.5302478134,6954354.86516035,7163.927734375,27.578966734372568,28.00351972366566,-22.421033265627436,-21.99648027633434,12,1841,7.95270728767e-06,
3939,triangle,1459,1948,251,,363279.6753142599,6955553.3130246475,5014.9091796875,27.887333545178862,28.40021049438286,-22.11266645482114,-21.59978950561714,12,1841,7.95270728767e-06,
3940,triangle,253,1461,1459,,363419.7050325394,6955634.2748148395,9788.14453125,27.366000950874827,28.391963372431622,-22.633999049125173,-21.608036627568378,12,1841,7.95270728767e-06,
3941,triangle,1460,1462,254,,363550.0,6955525.0,7031.25,30.111111323038855,29.42500066757202,-19.888888676961145,-20.57499933242798,12,1841,7.95270728767e-06,
3942,triangle,270,1465,1434,,356676.8121387735,6948192.7534939395,8833.0908203125,59.791277533501294,59.873280539714024,9.791277533501294,9.873280539714028,12,1841,7.95270728767e-06,
3943,triangle,1467,1658,276,,360445.6122130799,6948485.54132687,13812.40966796875,79.47932878569458,75.92937764720786,29.479328785694573,25.929377647207854,12,1841,7.95270728767e-06,
3944,triangle,1473,1661,296,,360027.2363569134,6949778.793090242,9816.4873046875,62.66681954806074,60.31052520348401,12.66681954806074,10.310525203484012,12,1841,7.95270728767e-06,
3945,triangle,315,1479,1477,,359269.61007770913,6951040.048094469,8902.1875,50.822687469435785,51.37836187914522,0.822687469435786,1.3783618791452212,12,1841,7.95270728767e-06,
3946,triangle,1478,1480,316,,359382.15441990225,6951175.46215877,8212.5625,52.13139277386036,51.088435489806535,2.131392773860358,1.0884354898065378,12,1841,7.95270728767e-06,
3947,triangle,317,1481,1479,,359200.9024290401,6951197.734333537,6900.95703125,50.297043368406726,49.459544528138736,0.29704336840672463,-0.5404554718612609,12,1841,7.95270728767e-06,
3948,triangle,1480,1482,318,,359302.96238792175,6951325.855710772,7342.28564453125,46.73262041497441,46.99667858185307,-3.2673795850255853,-3.0033214181469323,12,1841,7.95270728767e-06,
3949,triangle,319,1483,1481,,359128.9219595906,6951350.087558038,6795.8642578125,46.32782540715454,46.62906918224388,-3.672174592845453,-3.370930817756122,12,1841,7.95270728767e-06,
3950,triangle,1482,1484,320,,359224.01437865366,6951478.326025528,7725.943359375,47.56157464747836,45.1053811061005,-2.438425352521638,-4.894618893899506,12,1841,7.95270728767e-06,
3951,triangle,1484,1486,323,,359177.7942470542,6951653.538115966,9022.5859375,45.20980208192989,45.855760960789375,-4.79019791807011,-4.144239039210626,12,1841,7.95270728767e-06,
3952,triangle,348,1668,1492,,361596.887105509,6949720.091468804,13194.619140625,84.28720367808353,86.39656385967481,34.28720367808353,36.396563859674814,12,1841,7.95270728767e-06,
3953,triangle,349,1669,1491,,361601.1364301076,6949507.675701524,11088.2451171875,79.48685340359168,81.26127955371715,29.486853403591684,31.261279553717145,12,1841,7.95270728767e-06,
3954,triangle,374,1675,1495,,355377.56532300723,6951316.168590707,8377.2509765625,75.49571301287553,75.1429171249163,25.49571301287552,25.142917124916295,65,1681,6.32455532034e-06,
3955,triangle,388,1677,1501,,356428.5454301235,6951541.539372412,9245.24609375,67.08014912803011,65.42247343441613,17.080149128030115,15.422473434416128,12,1841,7.95270728767e-06,
3956,triangle,400,1680,1503,,357114.21080431156,6952333.201404595,9065.89453125,57.844382024579346,57.3520488320297,7.844382024579346,7.352048832029705,12,1841,7.95270728767e-06,
3957,triangle,414,1683,1483,,358967.19025924144,6951398.151163864,7782.5390625,49.55789833904753,46.91956920705982,-0.4421016609524664,-3.0804307929401804,12,1841,7.95270728767e-06,
3958,triangle,1509,1511,436,,361305.36163647706,6952026.625825482,7004.0166015625,58.34761490268883,58.894672858035385,8.347614902688829,8.894672858035387,12,1841,7.95270728767e-06,
3959,triangle,437,1512,1510,,361175.0,6951925.0,7031.25,54.966666327582516,55.87500031789144,4.966666327582507,5.8750003178914385,12,1841,7.95270728767e-06,
3960,triangle,1511,1513,438,,361158.61374910997,6952111.370171259,9700.2177734375,52.997712489350654,56.050533827848085,2.997712489350659,6.050533827848089,12,1841,7.95270728767e-06,
3961,triangle,439,1514,1512,,361025.0,6952000.0,7031.25,53.69999949137372,52.31666660308838,3.69999949137372,2.316666603088379,12,1841,7.95270728767e-06,
3962,triangle,465,1688,1517,,363402.6801237786,6953335.86709312,9819.05029296875,74.91926968705795,76.99335588945429,24.91926968705794,26.993355889454303,65,1681,6.32455532034e-06,
3963,triangle,1519,1689,476,,362728.77289885824,6953677.405495726,7274.4853515625,62.74758853522388,62.25718743383075,12.74758853522388,12.257187433830758,12,1841,7.95270728767e-06,
3964,triangle,509,1691,1527,,356557.23320008634,6953678.102092969,10181.58056640625,84.08585903159437,78.6473820915245,34.08585903159437,28.64738209152451,65,1681,6.32455532034e-06,
3965,triangle,576,1703,1538,,356741.68691286043,6954053.040978297,9498.451171875,79.61362380663441,78.8399819631427,29.613623806634408,28.83998196314271,65,1681,6.32455532034e-06,
3966,triangle,1540,1541,584,,354880.7367673144,6954743.012981065,9107.3486328125,96.08474527731994,95.61738404110444,46.08474527731994,45.61738404110444,6,1721,1.189207115e-05,
3967,triangle,600,1704,1547,,356123.0845653862,6954796.220180198,13893.810546875,82.85437624595617,81.96559068722749,32.85437624595617,31.96559068722749,6,1721,1.189207115e-05,
3968,triangle,641,1555,1554,,359448.8876518156,6955450.756650839,6099.751953125,82.20377231842306,82.13793852621377,32.20377231842306,32.137938526213766,65,1681,6.32455532034e-06,
3969,triangle,1553,1556,642,,359350.0,6955325.0,7031.25,76.55555555555557,77.85833168029785,26.555555555555568,27.85833168029785,65,1681,6.32455532034e-06,
3970,triangle,1563,1715,681,,355170.046532765,6955667.086225438,8536.97802734375,96.6116207782407,93.99148851383279,46.611620778240706,43.99148851383277,6,1721,1.189207115e-05,
3971,triangle,1566,2173,687,,355611.5056160823,6955456.899246746,3099.78662109375,87.44516847493111,87.40645412207691,37.44516847493111,37.406454122076894,6,1721,1.189207115e-05,
3972,triangle,1565,1567,688,,355625.0,6955300.0,7031.25,86.88889143202042,86.93333562215169,36.88889143202041,36.933335622151695,6,1721,1.189207115e-05,
3973,triangle,1573,1717,708,,359444.0555011761,6955769.717355332,7588.318359375,84.40114350857549,84.80320291680138,34.401143508575494,34.80320291680138,65,1681,6.32455532034e-06,
3974,triangle,1554,1573,711,,359393.46814520936,6955591.22042495,7623.0849609375,81.31572158169544,81.54975728728853,31.315721581695442,31.549757287288532,65,1681,6.32455532034e-06,
3975,triangle,1575,1718,714,,358541.5471064371,6956757.844371274,8561.74267578125,123.81399979932928,124.69782530279257,73.81399979932928,74.69782530279257,65,1681,6.32455532034e-06,
3976,triangle,1578,1719,725,,359298.3239910112,6956415.468016009,8545.49658203125,107.37176142782342,106.79916873219845,57.37176142782341,56.79916873219846,65,1681,6.32455532034e-06,
3977,triangle,735,1583,1580,,355848.20667787286,6956498.759142772,6798.4248046875,99.53699100351675,99.46203904236178,49.53699100351674,49.46203904236179,6,1721,1.189207115e-05,
3978,triangle,1581,1584,736,,355729.70979757025,6956368.995828882,12129.4501953125,96.39061584914086,95.77340388143203,46.39061584914086,45.77340388143204,6,1721,1.189207115e-05,
3979,triangle,1746,2057,1244,,362317.702673099,6955385.485419229,21024.287109375,53.0396036681555,50.81198265309723,3.0396036681554994,0.8119826530972265,12,1841,7.5456692958375e-06,
3980,triangle,1802,2118,1901,,358808.52628542105,6955592.158250404,39540.775390625,96.69657107923058,103.84561871897218,46.69657107923057,53.84561871897216,6,1721,1.189207115e-05,
3981,triangle,1778,2029,1211,,356843.26401831466,6949796.3024968095,33540.95068359375,72.53816435623797,70.77522855388811,22.538164356237967,20.775228553888127,12,1841,7.95270728767e-06,
3982,triangle,263,1768,264,,364237.5120302187,6955949.987969781,2110.728515625,21.40113050815953,22.259383673920954,-28.598869491840464,-27.74061632607904,12,1841,7.95270728767e-06,
3983,triangle,1772,1773,1261,,364931.92574673984,6953877.212530105,31918.31005859375,113.13399709882768,115.54047598589095,63.13399709882768,65.54047598589095,65,1681,6.32455532034e-06,
3984,triangle,1262,2133,1799,,356999.59367065533,6948636.163500678,19240.853515625,61.97016257320091,61.90097557917115,11.970162573200914,11.900975579171144,12,1841,7.95270728767e-06,
3985,triangle,1501,1677,1248,,356447.55584679014,6951439.065414079,20223.5126953125,72.60448183006021,69.55498141442393,22.604481830060212,19.55498141442393,12,1841,7.95270728767e-06,
3986,triangle,1434,1465,1247,,356772.0536062054,6948142.684045091,22211.810546875,61.97612361181302,61.73049826920285,11.976123611813017,11.730498269202853,12,1841,7.95270728767e-06,
3987,triangle,1727,2139,2054,,359955.6333158417,6950626.249699256,32281.69189453125,69.25935085637701,69.50261955935856,19.259350856377015,19.502619559358553,12,1841,7.95270728767e-06,
3988,triangle,1989,2039,1356,,356476.2821832976,6947500.373762882,47882.88720703125,67.42000074018736,69.18239388616348,17.420000740187355,19.18239388616347,12,1841,7.95270728767e-06,
3989,triangle,1226,1937,1459,,363234.78108754643,6955722.0068987245,26044.9599609375,50.57896618690675,46.14939738680363,0.5789661869067441,-3.8506026131963753,12,1841,7.95270728767e-06,
3990,triangle,1732,2130,1304,,355766.79846938775,6949183.201530613,15355.38916015625,64.62932183478065,65.18057315883189,14.629321834780658,15.18057315883189,12,1841,7.95270728767e-06,
3991,triangle,1319,1565,1242,,355515.625,6955185.9375,22001.953125,94.01406256357829,92.10188200959453,44.01406256357831,42.101882009594526,6,1721,1.189207115e-05,
3992,triangle,1325,1928,1229,,356448.2059909809,6955704.755724038,28783.453125,94.89839274794834,94.99741483824552,44.898392747948336,44.997414838245525,6,1721,1.189207115e-05,
3993,triangle,1359,1551,632,,356115.9749907123,6955343.648760359,10754.43896484375,84.90611272855696,83.62115505568758,34.90611272855698,33.62115505568758,6,1721,1.189207115e-05,
3994,triangle,264,1768,4,,364251.71357685066,6955964.189516413,287.32080078125,21.58280535873416,22.512930363034727,-28.417194641265844,-27.487069636965273,12,1841,7.95270728767e-06,
3995,triangle,1260,1639,1444,,357035.1766557836,6951270.833333333,17575.50146484375,63.42780431102369,60.6044623995081,13.4278043110237,10.604462399508101,12,1841,7.95270728767e-06,
3996,triangle,107,1823,106,,356723.3550326045,6948397.748849927,3250.81298828125,58.50463279604079,58.412220904057314,8.504632796040784,8.412220904057316,12,1841,7.95270728767e-06,
3997,triangle,173,1945,172,,357850.3644314869,6952522.1642674925,2493.47998046875,38.2148780744787,38.2053146297793,-11.785121925521302,-11.7946853702207,12,1841,7.95270728767e-06,
3998,triangle,532,1945,173,,357875.3644314869,6952547.1642674925,2771.50146484375,38.747113831501906,38.738648726052084,-11.252886168498094,-11.261351273947914,12,1841,7.95270728767e-06,
3999,triangle,271,1823,272,,356648.3550326045,6948347.748849927,2627.44140625,58.63775357264642,58.61222166699677,8.63775357264641,8.612221666996769,12,1841,7.95270728767e-06,
4000,triangle,307,1949,308,,359572.09322504513,6950522.874149661,2485.48779296875,50.090875855307615,49.41448559361928,0.090875855307611,-0.5855144063807162,12,1841,7.95270728767e-06,
4001,triangle,1975,2079,1743,,360586.57373853266,6953623.924567009,27497.0859375,52.21057749615758,48.980962629503345,2.2105774961575886,-1.0190373704966629,12,1841,7.5456692958375e-06,
4002,triangle,1665,2144,1310,,359279.3009661678,6950670.070921463,24140.9013671875,63.22767522641004,60.9018307218004,13.22767522641005,10.901830721800403,12,1841,7.95270728767e-06,
4003,triangle,188,2063,1379,,359057.6628681466,6952779.017315633,4381.083984375,35.17160094013385,35.7544556347975,-14.828399059866152,-14.245544365202498,12,1841,7.95270728767e-06,
4004,triangle,1378,1679,395,,356925.5009920635,6951959.518849206,11945.3125,62.443895751397626,58.267127099689134,12.443895751397626,8.267127099689136,12,1841,7.95270728767e-06,
4005,triangle,453,1651,1403,,360278.454675521,6952948.078130062,7962.41015625,33.22485470057714,33.5340306811169,-16.775145299422856,-16.465969318883097,12,1841,7.95270728767e-06,
4006,triangle,490,1521,1380,,362484.9158842243,6954616.124268812,7497.4892578125,28.574774403047165,29.495890439786034,-21.42522559695283,-20.504109560213966,12,1841,7.95270728767e-06,
4007,triangle,1380,2066,490,,362453.01985528035,6954654.530336016,4805.7724609375,26.599765366844277,27.40746834165545,-23.400234633155726,-22.59253165834455,12,1841,7.95270728767e-06,
4008,triangle,1404,1947,620,,362350.0,6954850.0,5625.0,24.377778159247494,24.3000005086263,-25.62222184075251,-25.6999994913737,12,1841,7.95270728767e-06,
4009,triangle,1250,2046,1507,,362063.1635389379,6951358.314769757,20242.48193359375,97.35077191981534,96.81151523370458,47.350771919815344,46.81151523370457,65,1681,6.32455532034e-06,
4010,triangle,2035,2169,525,,357504.5928565112,6952960.686224021,3353.28076171875,49.75420014861232,49.381901208151014,-0.24579985138767557,-0.6180987918489887,65,1681,6.32455532034e-06,
4011,triangle,527,2169,2035,,357529.5928565112,6952935.686224021,3490.38134765625,48.71752967112702,48.64856762050453,-1.2824703288729828,-1.3514323794954732,65,1681,6.32455532034e-06,
4012,triangle,235,1835,236,,362294.59936011425,6954610.980538129,3782.1171875,24.12346916425048,24.46940572803445,-25.876530835749517,-25.53059427196555,12,1841,7.95270728767e-06,
4013,triangle,1247,2099,1434,,356851.7585450015,6948193.59778139,11635.18212890625,61.936440800984855,61.843764856992074,11.936440800984846,11.843764856992076,12,1841,7.95270728767e-06,
4014,triangle,1265,1423,1421,,358695.9023623511,6947800.650515638,15793.1005859375,82.28892486821847,80.96669309647062,32.28892486821847,30.96669309647062,12,1841,7.95270728767e-06,
4015,triangle,1274,1661,1473,,360090.73011514446,6949843.459608737,19593.751953125,69.93983787762785,66.83192855976789,19.939837877627852,16.831928559767892,12,1841,7.95270728767e-06,
4016,triangle,1275,1484,1482,,359305.9159258556,6951532.262518041,19042.0859375,50.725191417620266,48.38689502898445,0.7251914176202672,-1.6131049710155458,12,1841,7.95270728767e-06,
4017,triangle,1277,1647,1490,,359203.0041364345,6952425.908057746,18717.3720703125,44.149359870598005,44.15024352888739,-5.850640129401991,-5.849756471112614,12,1841,7.95270728767e-06,
4018,triangle,1512,1514,1279,,360965.2234587089,6951935.143164825,14286.39892578125,56.22771327630934,54.59170113863224,6.227713276309336,4.591701138632243,12,1841,7.95270728767e-06,
4019,triangle,1554,1555,1287,,359520.3635160152,6955504.775068545,13581.66357421875,95.2640573949173,94.05893127843848,45.2640573949173,44.058931278438486,65,1681,6.32455532034e-06,
4020,triangle,1287,1717,1573,,359515.53136537556,6955698.735773038,20077.0703125,95.55931736014688,94.6241946517735,45.55931736014689,44.6241946517735,65,1681,6.32455532034e-06,
4021,triangle,1291,1718,1575,,358601.42642170074,6956849.983626328,17690.158203125,134.15636332128403,134.14469632146327,84.15636332128403,84.14469632146329,65,1681,6.32455532034e-06,
4022,triangle,1303,1633,1632,,356098.3503401361,6948759.472789116,13644.212890625,69.62912962326291,66.74005045842227,19.629129623262912,16.740050458422274,12,1841,7.95270728767e-06,
4023,triangle,1303,1634,1633,,356008.35449289304,6948810.912584122,15316.79638671875,70.5495807334029,66.96056345138531,20.54958073340291,16.960563451385305,12,1841,7.95270728767e-06,
4024,triangle,1479,1481,1311,,359111.86642015126,6951175.823045548,15890.65625,58.923536261226026,55.86648999141457,8.923536261226024,5.866489991414571,12,1841,7.95270728767e-06,
4025,triangle,1481,1483,1311,,359064.8859507017,6951278.17627005,16946.17626953125,54.846732869056524,54.03601464551971,4.846732869056525,4.0360146455197095,12,1841,7.95270728767e-06,
4026,triangle,1483,1683,1311,,358978.1542503526,6951301.239875875,18753.00146484375,54.641301594515795,53.62651517896196,4.641301594515795,3.6265151789619536,12,1841,7.95270728767e-06,
4027,triangle,1311,1683,1682,,358878.1547998074,6951217.532569724,18930.2392578125,56.81883663753501,57.59314370451734,6.818836637535009,7.593143704517337,12,1841,7.95270728767e-06,
4028,triangle,1328,1696,1446,,357992.5332350394,6952744.808212032,24409.962890625,47.27029916934367,44.168670257232996,-2.729700830656326,-5.831329742767011,12,1841,7.95270728767e-06,
4029,triangle,1268,1735,1440,,356641.2487118771,6950574.811620605,18332.6357421875,63.27738227588356,63.454992895060315,13.277382275883562,13.45499289506031,12,1841,7.95270728767e-06,
4030,triangle,1275,1758,1486,,359335.0653963946,6951739.267748348,22592.90625,54.463814325849725,52.215489000398144,4.463814325849724,2.2154890003981356,12,1841,7.95270728767e-06,
4031,triangle,1533,1760,1284,,365282.48050577845,6954394.349260532,26262.8505859375,115.31003884943584,112.85028434091042,65.31003884943586,62.85028434091041,65,1681,6.32455532034e-06,
4032,triangle,1540,1761,1285,,354770.1402251765,6954584.7628750205,21373.2060546875,101.40782433556782,101.39834779909192,51.407824335567824,51.3983477990919,6,1721,1.189207115e-05,
4033,triangle,1543,1762,1286,,355221.3337398756,6954591.997693155,21093.31298828125,99.11254324918153,98.42926931097765,49.11254324918153,48.42926931097765,6,1721,1.189207115e-05,
4034,triangle,1424,1757,1266,,358259.54608649126,6947980.752978228,20216.32470703125,83.39772324095179,82.70717133927927,33.39772324095179,32.70717133927926,12,1841,7.95270728767e-06,
4035,triangle,1506,1759,1278,,362518.875674899,6951228.922234234,31820.1689453125,99.14329439193853,99.88567609392221,49.143294391938525,49.88567609392222,65,1681,6.32455532034e-06,
4036,triangle,1285,1762,1541,,354966.56421044766,6954597.803845216,18281.02392578125,103.73488452050921,101.16491920670542,53.734884520509205,51.16491920670543,6,1721,1.189207115e-05,
4037,triangle,1289,1763,1562,,354980.96763941745,6956023.303666822,18775.12744140625,101.36074348130533,100.87044019431255,51.36074348130533,50.87044019431253,6,1721,1.189207115e-05,
4038,triangle,1292,1764,1576,,358750.3522830608,6956400.351528698,18277.69384765625,128.18171228383144,127.66959375479298,78.18171228383146,77.66959375479298,65,1681,6.32455532034e-06,
4039,triangle,1810,1811,1383,,356399.5727187102,6953246.412490841,36808.4033203125,100.49181915700386,93.6246083552627,50.49181915700387,43.62460835526269,65,1681,6.32455532034e-06,
4040,triangle,1241,1812,1806,,356429.6337027787,6956921.269275338,36449.5205078125,123.77628140046521,121.22021214291858,73.77628140046522,71.22021214291858,6,1721,1.1295551596822145e-05,
4041,triangle,1783,1868,638,,359187.5,6955712.5,6328.125,83.95278019375267,83.85000101725261,33.95278019375267,33.8500010172526,65,1681,6.32455532034e-06,
4042,triangle,1203,1872,1764,,358983.52672195155,6956306.354912459,25488.70556640625,129.41796036730946,125.74927701600234,79.41796036730945,75.74927701600232,65,1681,6.32455532034e-06,
4043,triangle,1323,1924,1800,,363419.235552974,6952990.406284011,27057.1083984375,98.00643509927795,95.80664181800023,48.00643509927796,45.80664181800022,65,1681,6.32455532034e-06,
4044,triangle,1329,2084,1259,,360018.2367375612,6953245.825762439,24368.6484375,38.72967103605973,39.84864720135687,-11.270328963940276,-10.15135279864313,12,1841,7.95270728767e-06,
4045,triangle,1197,1952,1844,,355663.7201542517,6954271.027611283,25594.7822265625,92.21189897397757,90.17246532879001,42.21189897397756,40.172465328790025,6,1721,1.189207115e-05,
4046,triangle,359,1664,1376,,359701.5306122448,6950400.0,11623.0869140625,68.27143159204793,63.23418401860557,18.271431592047932,13.23418401860557,12,1841,7.95270728767e-06,
4047,triangle,1507,1942,1250,,362005.81014392275,6951458.386330274,18181.24609375,98.34594044148048,98.17098466389676,48.34594044148048,48.17098466389675,65,1681,6.32455532034e-06,
4048,triangle,1865,1866,1697,,364427.2864736933,6954297.591843749,11897.85107421875,95.67404292579558,92.93381249159832,45.67404292579557,42.93381249159833,65,1681,6.32455532034e-06,
4049,triangle,1290,1816,1569,,360210.8516432164,6956531.061411545,17411.400390625,118.38525226863726,118.46628494051832,68.38525226863727,68.46628494051832,65,1681,6.32455532034e-06,
4050,triangle,1781,1818,1386,,360451.0532150225,6952058.001272428,33453.740234375,61.830826903199096,59.25448605144919,11.830826903199094,9.254486051449186,12,1841,7.95270728767e-06,
4051,triangle,1379,2063,190,,359107.6628681466,6952779.017315633,5161.25390625,36.009254999654985,37.12112179283786,-13.99074500034502,-12.878878207162137,12,1841,7.95270728767e-06,
4052,triangle,1403,1651,203,,360203.45467552106,6952973.078130062,7381.8828125,32.259450268617634,33.26736363298051,-17.740549731382366,-16.73263636701949,12,1841,7.95270728767e-06,
4053,triangle,237,2066,1380,,362453.01985528035,6954704.530336016,4601.90771484375,26.300106040879704,26.94080116636248,-23.699893959120296,-23.05919883363752,12,1841,7.95270728767e-06,
4054,triangle,237,1947,1404,,362350.0,6954800.0,5625.0,23.86666700575087,24.03333346048991,-26.133332994249134,-25.96666653951009,12,1841,7.95270728767e-06,
4055,triangle,1572,1783,709,,359290.30915937806,6955747.1908406215,4447.830078125,81.67657312900204,81.61522415659438,31.676573129002037,31.615224156594376,65,1681,6.32455532034e-06,
4056,triangle,1270,2111,1442,,356741.6962764198,6950855.965110011,12552.39453125,66.0199196835797,63.88387436359637,16.0199196835797,13.883874363596362,12,1841,7.95270728767e-06,
4057,triangle,1283,1903,1530,,357172.7027997878,6953380.731679507,15429.3251953125,88.7788655216471,86.1302573394446,38.778865521647106,36.13025733944458,65,1681,6.32455532034e-06,
4058,triangle,1754,1766,1389,,358457.04417930916,6953030.990402818,31847.560546875,56.59942345692728,55.065272037479794,6.599423456927287,5.065272037479791,12,1841,7.313076157647499e-06,
4059,triangle,1754,2129,1766,,358385.0222273961,6952916.7670401335,16526.6865234375,52.92411761951349,51.96256139920607,2.924117619513485,1.9625613992060764,12,1841,7.8945590031225e-06,
4060,triangle,1560,1878,1288,,359828.5184317401,6953637.083333333,14504.47314453125,53.7867387151288,53.07619341240829,3.7867387151287937,3.0761934124082875,65,1681,6.32455532034e-06,
4061,triangle,1841,1862,1222,,362676.293710709,6953979.209531677,26412.95703125,50.66377964845498,51.99846792067674,0.663779648454978,1.9984679206767286,12,1841,7.95270728767e-06,
4062,triangle,1347,1567,1319,,355711.4583333333,6955127.604166667,19335.9375,89.9896674781611,88.68151211959344,39.98966747816111,38.68151211959344,6,1721,1.189207115e-05,
4063,triangle,1848,1954,1590,,364850.5153864431,6954338.665767882,21394.91650390625,105.44806460058342,102.41156327240996,55.448064600583415,52.41156327240994,65,1681,6.32455532034e-06,
4064,triangle,1419,2078,1264,,359364.434971866,6946731.875193191,12165.51708984375,98.67407102421713,98.30390111463042,48.67407102421713,48.30390111463041,12,1841,7.95270728767e-06,
4065,triangle,1282,1863,1523,,355694.5776999277,6953801.502063858,22770.86279296875,90.29381105131252,90.15843748099569,40.293811051312524,40.15843748099567,65,1681,6.32455532034e-06,
4066,triangle,1490,1857,1277,,359241.69111938024,6952308.607050527,24163.9130859375,47.87858072573765,48.365166554623556,-2.121419274262351,-1.6348334453764528,12,1841,7.95270728767e-06,
4067,triangle,1443,1889,1270,,356708.242298318,6951046.583500692,20357.4736328125,59.46891697671144,61.08363793282956,9.46891697671144,11.083637932829555,12,1841,7.95270728767e-06,
4068,triangle,1269,2044,1441,,357087.984754136,6950754.640784159,21141.5927734375,63.630771889374515,62.07626628489246,13.630771889374515,12.07626628489247,12,1841,7.95270728767e-06,
4069,triangle,1522,1952,1281,,355482.9650192815,6954118.253451411,13689.39306640625,89.34276808535071,88.11435269342219,39.34276808535071,38.1143526934222,6,1721,1.189207115e-05,
4070,triangle,1428,1998,1267,,358324.4351311953,6948935.1311539225,16437.68310546875,74.47541546433243,74.40332045026865,24.475415464332443,24.403320450268648,12,1841,7.95270728767e-06,
4071,triangle,1983,2140,1728,,356789.3688418391,6956569.449350968,25103.28173828125,118.41977261218686,116.71022365472311,68.41977261218685,66.7102236547231,6,1721,1.189207115e-05,
4072,triangle,1982,2142,1780,,354826.37149351323,6950801.352427599,19642.3388671875,96.72785327595298,98.7491658701313,46.72785327595299,48.7491658701313,65,1681,6.32455532034e-06,
4073,triangle,1278,1910,1506,,362482.05006082397,6951366.938232538,26875.642578125,98.78095449677635,99.6430910232457,48.780954496776346,49.64309102324571,65,1681,6.32455532034e-06,
4074,triangle,1310,1909,1665,,359347.90406975296,6950565.795338814,24138.947265625,71.07715132765794,63.97174051699957,21.077151327657937,13.971740516999565,12,1841,7.95270728767e-06,
4075,triangle,1284,1913,1533,,365162.0187508172,6954337.543280866,16690.33203125,109.3466981313122,108.20232771005709,59.3466981313122,58.20232771005709,65,1681,6.32455532034e-06,
4076,triangle,1286,1914,1543,,355338.68560481345,6954624.6089415485,20139.03466796875,96.45199780704337,95.31286729250132,46.45199780704337,45.31286729250132,6,1721,1.189207115e-05,
4077,triangle,1302,1912,1629,,357708.4299662946,6948415.148488555,19062.73828125,68.1199907550814,67.62263403253178,18.119990755081403,17.622634032531767,12,1841,7.95270728767e-06,
4078,triangle,1317,1915,1708,,356610.83739934023,6955320.818122235,17732.1396484375,96.37595769275255,94.76845101954626,46.37595769275255,44.768451019546255,6,1721,1.189207115e-05,
4079,triangle,112,1944,111,,356346.6254634981,6948612.101032834,4643.26904296875,59.26058934842251,59.87958003810602,9.260589348422513,9.87958003810602,12,1841,7.95270728767e-06,
4080,triangle,113,1944,112,,356296.6254634981,6948612.101032834,3883.99853515625,59.183534914603726,59.97957978379287,9.183534914603726,9.97957978379287,12,1841,7.95270728767e-06,
4081,triangle,180,1946,179,,358398.90883586183,6952715.563760061,4440.6669921875,38.20640786086238,39.55028308356998,-11.793592139137623,-10.449716916430019,12,1841,7.95270728767e-06,
4082,triangle,181,1946,180,,358448.90883586183,6952715.563760061,4686.17919921875,37.94074248587437,39.216949750236644,-12.05925751412564,-10.78305024976335,12,1841,7.95270728767e-06,
4083,triangle,189,2063,188,,359071.53257362935,6952705.8034631265,3075.30419921875,33.6758734401106,33.711959996968204,-16.3241265598894,-16.288040003031796,12,1841,7.95270728767e-06,
4084,triangle,194,2064,195,,359506.59709950746,6952885.170260501,3738.671875,32.87514798953017,34.81091969728334,-17.12485201046983,-15.189080302716661,12,1841,7.95270728767e-06,
4085,triangle,224,2065,223,,361524.3252840909,6953951.455965909,2724.609375,26.15298503556007,26.05611261406897,-23.847014964439932,-23.94388738593103,12,1841,7.95270728767e-06,
4086,triangle,490,2066,236,,362380.603971056,6954650.906067203,3544.8798828125,24.604815441244444,24.794911584883334,-25.395184558755552,-25.205088415116666,12,1841,7.95270728767e-06,
4087,triangle,238,1947,237,,362425.0,6954800.0,2812.5,23.94444465637207,23.53333346048991,-26.05555534362793,-26.46666653951009,12,1841,7.95270728767e-06,
4088,triangle,250,1948,249,,363198.97305613646,6955488.439359125,4208.896484375,23.84369093521529,25.12579893880591,-26.156309064784715,-24.87420106119409,12,1841,7.95270728767e-06,
4089,triangle,251,1948,250,,363248.97305613646,6955488.439359125,4439.958984375,23.60826676140698,24.72579868449276,-26.39173323859302,-25.27420131550724,12,1841,7.95270728767e-06,
4090,triangle,339,2067,340,,360891.12103174604,6948952.232142857,4877.232421875,67.98134296380114,68.10886779780752,17.981342963801133,18.10886779780752,12,1841,7.95270728767e-06,
4091,triangle,340,2067,358,,360891.12103174604,6949002.232142857,4374.99951171875,67.08298560652943,67.27553446447418,17.08298560652944,17.275534464474188,12,1841,7.95270728767e-06,
4092,triangle,361,1949,360,,359647.09322504513,6950572.874149661,3378.67041015625,51.663777174262925,50.581152260285954,1.6637771742629264,0.5811522602859505,12,1841,7.95270728767e-06,
4093,triangle,430,2068,429,,361779.91883116885,6951902.061688311,5946.4287109375,85.86366530219482,85.62651691424277,35.86366530219483,35.62651691424278,12,1841,7.95270728767e-06,
4094,triangle,531,1945,532,,357850.3644314869,6952597.1642674925,3090.521484375,40.35360479945324,40.271981550759115,-9.64639520054676,-9.728018449240883,12,1841,7.95270728767e-06,
4095,triangle,670,1950,669,,359709.90343761287,6953353.895418648,6300.90234375,39.3969129963276,40.31114431370785,-10.603087003672398,-9.688855686292143,12,1841,7.95270728767e-06,
4096,triangle,671,1950,670,,359709.90343761287,6953303.895418648,7177.37109375,38.73778025294056,39.77781148900082,-11.262219747059437,-10.222188510999175,12,1841,7.95270728767e-06,
4097,triangle,741,1951,740,,356000.0,6956075.0,2812.5,88.02222018771701,87.93333180745442,38.02222018771702,37.93333180745443,6,1721,1.189207115e-05,
4098,triangle,1928,2148,1775,,356649.9917233906,6955679.304388545,15623.857421875,96.37610409828828,96.59975546713031,46.37610409828827,46.599755467130315,6,1721,1.189207115e-05,
4099,triangle,1380,1521,1240,,362589.8737709135,6954618.133197385,11836.29345703125,35.79615499259731,33.95299705011838,-14.203845007402688,-16.047002949881627,12,1841,7.95270728767e-06,
4100,triangle,1991,2103,1251,,356344.45493896445,6955073.133950352,19744.8408203125,91.03782994655509,90.18018476726927,41.03782994655508,40.18018476726926,6,1721,1.189207115e-05,
4101,triangle,1249,2100,1941,,361063.7551082543,6953812.448562744,16646.548828125,31.683313754393374,31.542533425744043,-18.316686245606626,-18.457466574255953,65,1681,7.02233473491e-06,
4102,triangle,1895,2139,1727,,359841.675912028,6950722.799024199,22435.0126953125,70.38450477043472,68.80854185417947,20.38450477043472,18.808541854179463,12,1841,7.95270728767e-06,
4103,triangle,1773,1943,1725,,364718.14538028213,6953960.330058579,21015.419921875,110.74952004459288,106.53996978218372,60.74952004459287,56.5399697821837,65,1681,6.32455532034e-06,
4104,triangle,1330,1817,1796,,354300.11725661386,6951025.846346994,33196.97265625,117.37466543939753,110.49309785723399,67.37466543939755,60.493097857234,65,1681,6.32455532034e-06,
4105,triangle,1731,2041,2022,,364680.74906977377,6953038.139615116,31305.037109375,151.94126030926964,150.7775324293548,101.94126030926962,100.77753242935482,65,1681,6.32455532034e-06,
4106,triangle,1304,2130,1635,,355878.04846938775,6949221.951530613,15811.7021484375,66.80789719268121,64.47524111168732,16.807897192681207,14.475241111687325,12,1841,7.95270728767e-06,
4107,triangle,2029,2152,136,,356677.83126627933,6949942.902110045,2537.109375,56.96195208186441,56.413822255168874,6.961952081864401,6.413822255168875,12,1841,7.95270728767e-06,
4108,triangle,138,2152,2029,,356702.83126627933,6949967.902110045,2633.10888671875,56.02375253547207,55.980489176148694,6.023752535472074,5.980489176148693,12,1841,7.95270728767e-06,
4109,triangle,1414,1642,167,,357380.2030187075,6952136.612457483,7948.4208984375,49.235215138870046,48.137765811540845,-0.7647848611299539,-1.8622341884591593,12,1841,7.95270728767e-06,
4110,triangle,1728,2140,1807,,356691.323453344,6956461.957045003,31751.3779296875,109.32853163906358,108.42536848534057,59.32853163906359,58.425368485340556,6,1721,1.189207115e-05,
4111,triangle,1911,2124,1308,,362275.3295144521,6954177.747207433,25489.72216796875,45.26336507122247,41.41782032141009,-4.736634928777527,-8.582179678589904,12,1841,7.95270728767e-06,
4112,triangle,1293,1807,1723,,356415.518326957,6956282.353047111,24380.90966796875,95.96568043752822,97.57585026931037,45.96568043752822,47.575850269310365,6,1721,1.189207115e-05,
4113,triangle,1799,2133,1851,,357125.5758958549,6948607.747250228,12738.05810546875,61.65649498433763,61.809614573973015,11.656494984337623,11.809614573973013,12,1841,7.95270728767e-06,
4114,triangle,1305,1787,1636,,356139.000788132,6949608.275027516,24935.66796875,63.589857959975376,64.59350189738085,13.589857959975376,14.593501897380845,12,1841,7.95270728767e-06,
4115,triangle,1608,1957,1841,,362672.1773845961,6954222.706711686,19919.7763671875,46.37457278536081,43.89225762414535,-3.6254272146391893,-6.107742375854646,12,1841,7.95270728767e-06,
4116,triangle,1433,2133,1262,,356922.616629839,6948561.2028339235,17870.8544921875,60.4763973271571,60.444067415528764,10.476397327157102,10.44406741552877,12,1841,7.95270728767e-06,
4117,triangle,1387,1586,1263,,355820.79418856575,6955584.967360447,22598.76953125,89.91959485067012,89.01063745316348,39.91959485067013,39.010637453163476,6,1721,1.189207115e-05,
4118,triangle,1315,1942,1684,,361879.7628917961,6951647.210206454,16464.60205078125,103.47652413142757,97.83537780738402,53.47652413142758,47.83537780738402,65,1681,6.55714845853e-06,
4119,triangle,1708,1991,1317,,356494.1911601463,6955263.329022047,21828.01171875,92.25296123288798,91.69031935804817,42.252961232887984,41.690319358048185,6,1721,1.189207115e-05,
4120,triangle,1627,2004,1301,,358909.2598346427,6947473.6411179155,17347.486328125,90.93033305691924,89.37698983572737,40.930333056919245,39.376989835727365,12,1841,7.95270728767e-06,
4121,triangle,1471,1976,1272,,360539.52656193933,6949450.088115317,26070.310546875,78.19536520851986,72.98574083457326,28.195365208519853,22.985740834573278,12,1841,7.95270728767e-06,
4122,triangle,1652,1975,1307,,360405.38911966304,6953390.096991449,17701.84912109375,41.108924118031084,39.286608615884354,-8.891075881968918,-10.713391384115639,12,1841,7.95270728767e-06,
4123,triangle,1806,1988,1724,,356660.1049159011,6957084.588763447,27846.73046875,133.31358242341435,130.41320496897904,83.31358242341435,80.41320496897904,65,1681,6.32455532034e-06,
4124,triangle,1757,1940,1238,,358222.8487187007,6948244.778391216,21852.763671875,78.60602470704836,76.91747080999252,28.606024707048363,26.917470809992523,12,1841,7.95270728767e-06,
4125,triangle,1453,2137,1455,,361707.56040554005,6954038.989727191,12183.3876953125,27.969317190506622,28.720423674082145,-22.030682809493378,-21.279576325917855,12,1841,7.95270728767e-06,
4126,triangle,1387,1566,689,,355741.67079613893,6955417.450426529,8099.80517578125,86.01857703589464,85.91462352171571,36.018577035894644,35.914623521715704,6,1721,1.189207115e-05,
4127,triangle,1400,2065,224,,361471.62642045453,6953957.279829546,2876.419921875,26.163251798829528,26.168097084768963,-23.836748201170472,-23.83190291523104,12,1841,7.95270728767e-06,
4128,triangle,1780,2142,1814,,354746.903538536,6950700.86784586,21387.81494140625,103.21404617064272,104.47413715584607,53.21404617064272,54.47413715584606,65,1681,6.32455532034e-06,
4129,triangle,1726,2073,1810,,356603.5090323735,6953091.385273057,23211.96923828125,83.46436309355346,86.30016701067716,33.46436309355345,36.300167010677164,65,1681,6.32455532034e-06,
4130,triangle,1839,1840,1589,,360073.08383517613,6956059.831702461,29069.21923828125,115.3541619665523,117.48958995037877,65.35416196655231,67.48958995037879,65,1681,6.32455532034e-06,
4131,triangle,1210,2026,1903,,356921.3217816372,6953528.994282462,31523.1259765625,94.99993371493078,91.87834153968019,44.99993371493076,41.878341539680186,65,1681,6.32455532034e-06,
4132,triangle,1303,2136,1925,,356178.9453850288,6948943.610757352,19418.8994140625,76.84694741682523,73.77047981259118,26.846947416825234,23.770479812591162,12,1841,7.95270728767e-06,
4133,triangle,1795,1855,1254,,361042.25188304594,6953313.55647667,20732.15087890625,32.1054169143539,32.94942318750147,-17.8945830856461,-17.050576812498527,12,1841,7.95270728767e-06,
4134,triangle,1225,1927,1774,,356107.49406204565,6948355.316073661,37696.201171875,74.01299981267618,68.40522900326874,24.012999812676167,18.405229003268754,12,1841,7.95270728767e-06,
4135,triangle,1358,1642,1504,,357234.4068877551,6952077.2002551025,13868.78173828125,55.21024670605266,54.55501070334838,5.210246706052659,4.555010703348373,12,1841,7.95270728767e-06,
4136,triangle,1775,2148,1776,,356762.48574287345,6955710.347089945,17144.7978515625,101.00648464827869,99.98202758512299,51.00648464827868,49.982027585123,6,1721,1.189207115e-05,
4137,triangle,1844,2060,1252,,355901.7742673993,6954235.458602451,17116.552734375,87.33346667292113,86.51371526307848,37.33346667292113,36.513715263078474,6,1721,1.189207115e-05,
4138,triangle,1321,1462,1460,,363548.5579058768,6955434.144640571,13248.97021484375,43.83940265377443,37.90218841264177,-6.160597346225569,-12.097811587358235,12,1841,7.95270728767e-06,
4139,triangle,1580,1583,1322,,355922.81593331206,6956507.957985246,11365.900390625,101.6457318305338,101.05593328482858,51.64573183053381,51.055933284828576,6,1721,1.189207115e-05,
4140,triangle,1229,1928,1775,,356564.8697922784,6955764.7610867955,20306.447265625,98.96459407778764,98.36438823092838,48.96459407778762,48.36438823092838,6,1721,1.189207115e-05,
4141,triangle,190,2063,189,,359121.53257362935,6952705.8034631265,3855.47509765625,34.81250035923404,35.07862615500857,-15.187499640765967,-14.92137384499143,12,1841,7.95270728767e-06,
4142,triangle,193,2064,194,,359456.59709950746,6952885.170260501,5223.01953125,32.96393964354189,34.644253030616674,-17.036060356458112,-15.355746969383327,12,1841,7.95270728767e-06,
4143,triangle,223,2065,222,,361524.3252840909,6953901.455965909,3052.201171875,26.316742340622035,26.12277953504879,-23.68325765937796,-23.87722046495121,12,1841,7.95270728767e-06,
4144,triangle,236,2066,237,,362380.603971056,6954700.906067203,3341.013671875,24.18156314665331,24.328244409590365,-25.81843685334669,-25.671755590409635,12,1841,7.95270728767e-06,
4145,triangle,429,2068,428,,361829.91883116885,6951902.061688311,4839.69140625,86.6453359018083,86.8598492303235,36.645335901808295,36.859849230323505,12,1841,7.95270728767e-06,
4146,triangle,1725,1931,1777,,364518.01169830264,6953922.923755869,20971.275390625,110.91498664256495,107.22835361047647,60.91498664256495,57.22835361047649,65,1681,6.32455532034e-06,
4147,triangle,187,1782,188,,358984.3377976191,6952702.604166667,2519.53125,33.89052624929311,33.89052624929502,-16.10947375070689,-16.10947375070498,12,1841,7.95270728767e-06,
4148,triangle,248,1836,249,,363112.5,6955475.0,2812.5,22.533333460489906,22.53333346048991,-27.466666539510094,-27.46666653951009,12,1841,7.95270728767e-06,
4149,triangle,455,1834,454,,360354.4495509844,6953071.685782447,2311.92529296875,30.118325339758698,30.12503712903357,-19.881674660241302,-19.87496287096643,12,1841,7.95270728767e-06,
4150,triangle,490,1835,489,,362369.59936011425,6954560.980538129,3420.07177734375,26.292550525777962,26.102739569994085,-23.707449474222038,-23.897260430005915,12,1841,7.95270728767e-06,
4151,triangle,709,1783,710,,359300.0,6955687.5,2812.5,79.16666793823242,79.16666793823242,29.166667938232415,29.166667938232422,65,1681,6.32455532034e-06,
4152,triangle,1242,1867,1544,,355377.7700589164,6955034.139481037,20400.83984375,95.79931738918133,93.9357138763851,45.79931738918132,43.9357138763851,6,1721,1.189207115e-05,
4153,triangle,1532,2043,1772,,365171.1039989176,6953954.823163887,23825.0009765625,111.77249112852519,111.64964251184897,61.7724911285252,61.64964251184896,65,1681,6.32455532034e-06,
4154,triangle,1771,2042,1498,,356019.12203638814,6951246.591156612,28216.77685546875,78.07416320176402,77.4723043769544,28.07416320176403,27.4723043769544,12,1841,7.95270728767e-06,
4155,triangle,1322,1583,1373,,355981.8713201702,6956395.157880016,14477.2744140625,95.42676552889652,96.55435696962354,45.42676552889653,46.55435696962354,6,1721,1.189207115e-05,
4156,triangle,222,2065,1400,,361471.62642045453,6953907.279829546,3204.0126953125,26.300225961421642,26.234764005748783,-23.699774038578358,-23.765235994251224,12,1841,7.95270728767e-06,
4157,triangle,1447,2064,1327,,359514.58259704494,6952761.021563008,7644.349609375,44.827425287940294,43.08271350579097,-5.172574712059701,-6.91728649420903,12,1841,7.95270728767e-06,
4158,triangle,1839,2116,1840,,360003.8502970612,6956163.056715678,13639.083984375,107.80999644234319,108.3270517149079,57.80999644234321,58.327051714907896,65,1681,6.32455532034e-06,
4159,triangle,1240,2005,1380,,362659.99569000094,6954715.42497218,21754.7763671875,35.535209327305225,32.66435295785286,-14.464790672694772,-17.33564704214714,12,1841,7.95270728767e-06,
4160,triangle,1377,1907,1906,,354700.9793542026,6951304.798309226,26832.6767578125,93.75312689776003,93.50746409835733,43.753126897760026,43.507464098357325,65,1681,6.32455532034e-06,
4161,triangle,1263,1566,1387,,355734.18401045026,6955524.125124756,17496.4443359375,90.57413838201073,89.30217953690597,40.57413838201072,39.302179536905975,6,1721,1.189207115e-05,
4162,triangle,1319,1567,1565,,355611.4583333333,6955202.604166667,16406.25,91.2119918362475,89.26484545292676,41.211991836247506,39.26484545292678,6,1721,1.189207115e-05,
4163,triangle,1768,2117,1355,,364249.2131174965,6955804.583633695,15682.1845703125,31.323761492525023,31.14712782454514,-18.676238507474977,-18.85287217545486,12,1841,7.95270728767e-06,
4164,triangle,1416,1978,1977,,357521.01500309166,6951742.3230192615,27298.515625,67.4205726509551,66.65298031158001,17.420572650955094,16.652980311580013,12,1841,7.95270728767e-06,
4165,triangle,1979,1980,1417,,358615.61304519046,6951483.149894003,17703.17578125,50.734005076849876,51.265787503595725,0.7340050768498769,1.2657875035957242,12,1841,7.95270728767e-06,
4166,triangle,1504,1642,1414,,357302.487244898,6952152.869897959,9887.994140625,53.708377969875535,53.41973777460377,3.7083779698755235,3.419737774603773,12,1841,7.95270728767e-06,
4167,triangle,1632,2136,1303,,356195.34915487,6948825.3716700515,19378.35302734375,72.7089452015812,70.83929610708907,22.708945201581205,20.83929610708907,12,1841,7.95270728767e-06,
4168,triangle,1358,1679,1378,,357027.0634920635,6951964.206349206,19472.65625,61.563049317076704,59.374679116463945,11.563049317076704,9.37467911646395,12,1841,7.95270728767e-06,
4169,triangle,1450,1650,1329,,359875.3800276074,6953043.5897468915,15446.65625,36.482212070247016,36.13946876977486,-13.51778792975299,-13.860531230225142,12,1841,7.95270728767e-06,
4170,triangle,1340,1961,1228,,358757.091783,6952525.018075582,19115.98046875,45.49865857436232,45.46898651107239,-4.501341425637685,-4.531013488927613,12,1841,7.95270728767e-06,
4171,triangle,1228,1962,1340,,358834.7381299459,6952444.968242399,23581.318359375,42.33076586533477,43.772585624500834,-7.669234134665227,-6.227414375499162,12,1841,7.95270728767e-06,
4172,triangle,699,2175,2116,,359923.3703790245,6956275.942376814,2170.92626953125,100.33196245312067,100.22057510850107,50.33196245312069,50.220575108501066,65,1681,6.32455532034e-06,
4173,triangle,2116,2175,701,,359898.3703790245,6956250.942376812,2155.46337890625,98.95735478837148,98.8539089504607,48.95735478837148,48.8539089504607,65,1681,6.32455532034e-06,
4174,triangle,1725,1943,1931,,364615.4675797362,6953974.544647008,16404.12451171875,107.9144902418991,103.9071543399225,57.9144902418991,53.9071543399225,65,1681,6.32455532034e-06,
4175,triangle,1434,1823,271,,356691.5102160335,6948308.775325071,5886.37353515625,59.0001910742269,59.091210614106615,9.00019107422689,9.091210614106615,12,1841,7.95270728767e-06,
4176,triangle,1664,1949,307,,359600.4095515757,6950485.374149661,4157.447265625,56.398279030473596,54.97843052698449,6.398279030473592,4.97843052698449,12,1841,7.95270728767e-06,
4177,triangle,1321,1460,1401,,363445.61989541864,6955368.494045079,14733.16650390625,44.90499599531148,41.51535406354743,-5.0950040046885166,-8.484645936452578,12,1841,7.95270728767e-06,
4178,triangle,1938,1939,1402,,358784.0220840976,6952883.495639498,16865.13525390625,40.17544790549438,39.9455972091813,-9.824552094505625,-10.054402790818703,12,1841,7.95270728767e-06,
4179,triangle,1308,2124,1364,,362261.9741988967,6954303.896725039,20650.59912109375,42.23148462889322,38.93868573868818,-7.768515371106775,-11.061314261311816,12,1841,7.95270728767e-06,
4180,triangle,1572,1868,1783,,359227.80915937806,6955772.1908406215,10546.87451171875,86.14359584922727,85.6318905689479,36.14359584922727,35.63189056894789,65,1681,6.32455532034e-06,
4181,triangle,1538,1703,1326,,356703.42160673795,6954130.591998704,17116.43603515625,84.59590275408605,82.8140047719032,34.59590275408606,32.81400477190319,65,1681,6.523395171399286e-06,
4182,triangle,1920,1953,1593,,361509.6498599954,6951691.028088938,14708.11083984375,78.95546010450104,78.31292936044106,28.955460104501043,28.312929360441057,12,1841,7.95270728767e-06,
4183,triangle,1476,1956,1909,,359378.5782363542,6950353.393760912,17052.9677734375,73.13299973126556,71.0656357336419,23.132999731265564,21.065635733641894,12,1841,7.95270728767e-06,
4184,triangle,1590,1954,1913,,364965.39465846616,6954331.106134589,19941.72509765625,108.28565052805608,103.58475099364694,58.28565052805608,53.58475099364693,65,1681,6.32455532034e-06,
4185,triangle,1591,1955,1915,,356841.13634404354,6955296.097436889,21408.53759765625,100.53389245288997,100.15461337263703,50.53389245288999,50.154613372637044,6,1721,1.189207115e-05,
4186,triangle,1271,1993,1403,,360236.2247067194,6952781.603368388,16168.59814453125,43.755446609763084,41.83799017646617,-6.244553390236923,-8.16200982353383,12,1841,7.95270728767e-06,
4187,triangle,1442,1443,1270,,356762.84074911615,6950947.923520775,12542.01513671875,64.86355000884933,60.93147090379258,14.863550008849321,10.93147090379258,12,1841,7.95270728767e-06,
4188,triangle,1275,1486,1484,,359284.6957942561,6951632.47460848,15368.85888671875,52.60778549959447,49.33727564661279,2.6077854995944727,-0.6627243533872121,12,1841,7.95270728767e-06,
4189,triangle,1285,1541,1540,,354869.14054280735,6954633.968059515,14840.8271484375,101.54496618881406,100.1945595898485,51.54496618881406,50.194559589848495,6,1721,1.189207115e-05,
4190,triangle,1287,1573,1554,,359489.9440094088,6955595.238842656,13405.6044921875,94.03312393683721,93.10408388147289,44.03312393683721,43.10408388147289,65,1681,6.32455532034e-06,
4191,triangle,106,1823,1434,,356741.5102160335,6948333.775325071,4603.677734375,59.107212981073644,59.124543438813646,9.107212981073644,9.124543438813646,12,1841,7.95270728767e-06,
4192,triangle,4,1768,53,,364276.68960850703,6955964.213484757,2716.2412109375,22.096069769608068,22.928956617674075,-27.903930230391932,-27.071043382325925,12,1841,7.95270728767e-06,
4193,triangle,1888,2100,1249,,360955.4142426579,6953762.912782301,13918.8173828125,34.32083216243381,34.24516831782105,-15.679167837566194,-15.754831682178951,65,1681,6.7315933121724995e-06,
4194,triangle,1889,2102,1248,,356608.0729166667,6951272.526041667,17556.15234375,58.31342950824542,60.0408414206295,8.313429508245424,10.040841420629496,12,1841,7.95270728767e-06,
4195,triangle,1530,2113,1283,,357286.25371013023,6953330.154065292,15880.7138671875,84.0232918492932,79.06845959947579,34.0232918492932,29.068459599475784,65,1681,6.32455532034e-06,
4196,triangle,1575,2115,1291,,358688.0763603014,6956824.434658837,16205.361328125,133.35739777474697,133.35617623896056,83.35739777474697,83.35617623896056,65,1681,6.32455532034e-06,
4197,triangle,1576,2114,1292,,358655.5891097149,6956453.455124818,13960.607421875,125.50011967888598,125.10645698730225,75.500119678886,75.10645698730225,65,1681,6.32455532034e-06,
4198,triangle,1265,2109,1423,,358676.4205236742,6947899.090007209,15317.365234375,80.44979021181948,81.77223677295471,30.44979021181949,31.772236772954724,12,1841,7.95270728767e-06,
4199,triangle,1266,2108,1424,,358302.63678926526,6947884.853283721,14161.1552734375,81.9085691494839,81.44576377652906,31.908569149483878,31.44576377652906,12,1841,7.95270728767e-06,
4200,triangle,1280,2112,1516,,360633.79177156254,6952792.765548577,16885.96630859375,45.57565898729037,45.44636421859218,-4.424341012709627,-4.553635781407828,12,1841,7.95270728767e-06,
4201,triangle,1440,2111,1268,,356676.1445124278,6950680.994484761,15064.1064453125,67.96986124334848,65.38033522275627,17.96986124334847,15.380335222756264,12,1841,7.95270728767e-06,
4202,triangle,1441,2110,1269,,357062.13994300296,6950661.376441474,17688.0166015625,61.95089450105431,63.027057851105305,11.950894501054302,13.027057851105305,12,1841,7.95270728767e-06,
4203,triangle,1608,1958,1957,,362658.5992788426,6954327.793838456,18857.61279296875,42.38084594489415,41.28715057064983,-7.619154055105849,-8.712849429350172,12,1841,7.95270728767e-06,
4204,triangle,1607,2045,2044,,357129.44964790624,6950969.3375838855,21143.87109375,55.794596941324045,58.698149509030294,5.7945969413240395,8.698149509030303,12,1841,7.95270728767e-06,
4205,triangle,360,1949,1664,,359650.4095515757,6950510.374149661,4501.83544921875,57.09669287098356,55.811763860317825,7.0966928709835635,5.811763860317824,12,1841,7.95270728767e-06,
4206,triangle,1446,2153,174,,357976.5943877551,6952551.594387755,2633.13134765625,38.78952581264058,38.86006629486895,-11.210474187359418,-11.139933705131051,12,1841,7.95270728767e-06,
4207,triangle,1447,2154,196,,359623.4056122449,6952823.405612245,2633.130859375,36.002223920305894,36.10078237840176,-13.997776079694102,-13.899217621598238,12,1841,7.95270728767e-06,
4208,triangle,196,2155,1448,,359630.4026866401,6952926.392234151,2191.08984375,32.79533404822708,32.90401578430538,-17.20466595177292,-17.095984215694624,12,1841,7.95270728767e-06,
4209,triangle,198,2156,1449,,359776.5943877551,6952823.405612245,2633.1318359375,33.84329789920477,34.54854476393137,-16.156702100795236,-15.451455236068634,12,1841,7.95270728767e-06,
4210,triangle,1450,2157,198,,359767.8837142102,6952927.515591346,2203.0849609375,33.25922097557938,33.41969655873103,-16.740779024420615,-16.580303441268963,12,1841,7.95270728767e-06,
4211,triangle,1834,2158,205,,360318.06193873053,6953133.357228059,1467.53125,29.397774890327224,29.33658341786395,-20.602225109672776,-20.66341658213605,12,1841,7.95270728767e-06,
4212,triangle,1469,2161,282,,360726.5943877551,6948898.405612245,2633.130859375,64.07865231957696,64.99265007835852,14.07865231957696,14.992650078358531,12,1841,7.95270728767e-06,
4213,triangle,1471,2162,288,,360374.5335485597,6949402.959226273,2372.669921875,60.106993137706084,60.654872244720345,10.106993137706084,10.65487224472034,12,1841,7.95270728767e-06,
4214,triangle,290,2162,1471,,360349.5335485597,6949427.959226273,2295.591796875,59.58818084726495,60.221539165700165,9.588180847264953,10.221539165700158,12,1841,7.95270728767e-06,
4215,triangle,1485,2165,322,,359048.4056122449,6951601.594387755,2633.13134765625,43.76595325237204,43.05191938529276,-6.234046747627955,-6.9480806147072345,12,1841,7.95270728767e-06,
4216,triangle,341,2161,1469,,360751.5943877551,6948923.405612245,2633.130859375,64.095010082418,64.99265007835852,14.095010082418,14.992650078358531,12,1841,7.95270728767e-06,
4217,triangle,415,2165,1485,,359023.4056122449,6951576.594387755,2633.13134765625,44.64284198218009,43.91858554333313,-5.357158017819913,-6.08141445666687,12,1841,7.95270728767e-06,
4218,triangle,454,1834,1651,,360318.64685689093,6953039.300477135,4176.81298828125,30.65654281821093,30.789497573450074,-19.343457181789073,-19.210502426549926,12,1841,7.95270728767e-06,
4219,triangle,459,2154,1447,,359648.4056122449,6952798.405612245,2633.130859375,36.890417508019006,37.000781996932034,-13.109582491980994,-12.999218003067964,12,1841,7.95270728767e-06,
4220,triangle,1449,2156,459,,359751.5943877551,6952798.405612245,2633.1318359375,34.32754478707441,34.98187784295155,-15.672455212925595,-15.018122157048452,12,1841,7.95270728767e-06,
4221,triangle,1527,2168,508,,356537.1665001079,6953775.752616212,2780.55859375,73.29345882771455,75.38324197561339,23.29345882771455,25.383241975613398,65,1681,6.32455532034e-06,
4222,triangle,532,2153,1446,,357951.5943877551,6952576.594387755,2633.13134765625,39.6790786476532,39.72673372447507,-10.320921352346803,-10.273266275524934,12,1841,7.95270728767e-06,
4223,triangle,1538,2170,578,,356614.1298185941,6953980.215419501,2240.1142578125,76.74903496972917,76.74002173017372,26.74903496972916,26.74002173017372,65,1681,6.32455532034e-06,
4224,triangle,579,2168,1527,,356562.1665001079,6953800.752616212,2489.87890625,74.29050027960008,75.78324095836079,24.290500279600067,25.783240958360793,65,1681,6.32455532034e-06,
4225,triangle,612,2170,1538,,356589.1298185941,6954005.215419501,1878.1884765625,76.56486955882175,76.77335455488075,26.56486955882177,26.77335455488075,65,1681,6.32455532034e-06,
4226,triangle,639,2172,1783,,359262.5,6955628.125,2109.375,77.47916905085245,78.1125013033549,27.479169050852448,28.1125013033549,65,1681,6.32455532034e-06,
4227,triangle,1448,2155,675,,359655.4026866401,6952951.392234151,2038.205078125,33.23070589353275,33.337349499108434,-16.76929410646725,-16.662650500891562,12,1841,7.95270728767e-06,
4228,triangle,675,2157,1450,,359742.88371421007,6952952.515591346,1986.36767578125,33.290719394024514,33.38636373402401,-16.709280605975483,-16.613636265975995,12,1841,7.95270728767e-06,
4229,triangle,1570,2176,703,,359700.919015067,6956223.965890068,2224.14306640625,93.21048676616269,93.1148176358564,43.21048676616268,43.11481763585638,65,1681,6.32455532034e-06,
4230,triangle,729,2176,1570,,359675.919015067,6956248.965890068,2268.087890625,93.37092999266667,93.21481865310899,43.370929992666674,43.214818653108985,65,1681,6.32455532034e-06,
4231,triangle,2061,2062,1736,,354862.5,6955023.005811547,10825.3076171875,97.42217849537157,98.04365453616309,47.422178495371575,48.043654536163096,6,1721,1.189207115e-05,
4232,triangle,1361,1640,1393,,356840.6402512539,6951611.522955246,11063.36962890625,61.306012335664335,59.479706735505225,11.306012335664338,9.479706735505212,12,1841,7.95270728767e-06,
4233,triangle,273,2151,107,,356662.2062558222,6948437.098008916,1451.4736328125,57.88722945405835,57.887229454061675,7.887229454058349,7.887229454061678,12,1841,7.95270728767e-06,
4234,triangle,136,2152,137,,356640.5662532559,6949983.580422009,1751.20361328125,50.453148111204825,50.65055949405424,0.453148111204827,0.6505594940542364,12,1841,7.95270728767e-06,
4235,triangle,137,2152,138,,356665.5662532559,6950008.580422009,1847.20263671875,50.054327271226484,50.217226415034055,0.05432727122648495,0.21722641503405407,12,1841,7.95270728767e-06,
4236,triangle,174,2153,173,,357939.0943877551,6952514.094387755,1585.619140625,37.35687059426371,37.360066612760384,-12.643129405736293,-12.639933387239614,12,1841,7.95270728767e-06,
4237,triangle,173,2153,532,,357914.0943877551,6952539.094387755,1585.619140625,38.22353802387033,38.22673404236651,-11.776461976129667,-11.773265957633493,12,1841,7.95270728767e-06,
4238,triangle,196,2154,197,,359660.9056122449,6952860.905612245,1585.61865234375,32.798616073622426,32.82578212408861,-17.20138392637757,-17.17421787591139,12,1841,7.95270728767e-06,
4239,triangle,197,2155,196,,359661.08053732803,6952890.278446831,1718.82568359375,32.241440428679375,32.242982619664296,-17.758559571320625,-17.757017380335707,12,1841,7.95270728767e-06,
4240,triangle,197,2156,198,,359739.0943877551,6952860.905612245,1585.61865234375,33.028794018387195,33.01521098555002,-16.971205981612812,-16.984789014449984,12,1841,7.95270728767e-06,
4241,triangle,198,2157,197,,359738.57674284204,6952890.503118269,1744.1005859375,32.82765213197225,32.82112335081845,-17.172347868027753,-17.178876649181547,12,1841,7.95270728767e-06,
4242,triangle,197,2154,459,,359685.9056122449,6952835.905612245,1585.61865234375,33.69861569215709,33.725781742618885,-16.301384307842913,-16.274218257381115,12,1841,7.95270728767e-06,
4243,triangle,459,2156,197,,359714.0943877551,6952835.905612245,1585.61865234375,33.462127097405165,33.4485440645702,-16.537872902594835,-16.5514559354298,12,1841,7.95270728767e-06,
4244,triangle,675,2155,197,,359686.08053732803,6952915.278446831,1565.939453125,32.67356616447563,32.67631633446735,-17.326433835524373,-17.32368366553265,12,1841,7.95270728767e-06,
4245,triangle,197,2157,675,,359713.57674284204,6952915.503118269,1527.3837890625,32.80373716228274,32.78779052611142,-17.19626283771726,-17.212209473888578,12,1841,7.95270728767e-06,
4246,triangle,205,2158,206,,360338.6123877461,6953161.671445612,1499.46240234375,28.68032147697857,28.678212828340474,-21.319678523021437,-21.321787171659526,12,1841,7.95270728767e-06,
4247,triangle,206,2159,207,,360414.38583045267,6953150.242861792,2785.17822265625,28.77793737068379,28.79453743328996,-21.222062629316206,-21.20546256671004,12,1841,7.95270728767e-06,
4248,triangle,206,2158,455,,360363.6123877461,6953136.671445612,1281.1064453125,29.076871187241807,29.078213082653622,-20.923128812758193,-20.921786917346378,12,1841,7.95270728767e-06,
4249,triangle,455,2159,206,,360389.38583045267,6953125.242861792,1618.40576171875,29.298509678449456,29.361204354269777,-20.701490321550544,-20.638795645730223,12,1841,7.95270728767e-06,
4250,triangle,621,2160,238,,362462.5,6954862.5,1406.25,23.43333355585733,23.43333355585734,-26.56666644414267,-26.56666644414266,12,1841,7.95270728767e-06,
4251,triangle,272,2151,273,,356637.2062558222,6948412.098008916,1373.203125,58.12056304170482,58.12056304170816,8.120563041704818,8.120563041708161,12,1841,7.95270728767e-06,
4252,triangle,282,2161,283,,360689.0943877551,6948935.905612245,1585.61865234375,63.7878559844326,63.79264995120195,13.787855984432602,13.792649951201957,12,1841,7.95270728767e-06,
4253,triangle,283,2161,341,,360714.0943877551,6948960.905612245,1585.61865234375,63.787855984431836,63.79264995120195,13.787855984431829,13.792649951201957,12,1841,7.95270728767e-06,
4254,triangle,288,2162,289,,360339.90670971194,6949365.591845254,1754.0830078125,58.36851615620484,58.40720861692469,8.36851615620484,8.407208616924692,12,1841,7.95270728767e-06,
4255,triangle,289,2162,290,,360314.90670971194,6949390.591845254,1677.0048828125,57.9263524482735,57.97387553790451,7.9263524482735,7.973875537904509,12,1841,7.95270728767e-06,
4256,triangle,308,2163,309,,359561.7733062613,6950586.968537415,1324.4970703125,46.69946346621157,46.69990840675863,-3.3005365337884385,-3.3000915932413726,12,1841,7.95270728767e-06,
4257,triangle,309,2164,310,,359569.63564904657,6950667.887331236,2209.0107421875,47.00571089764945,47.19377074608351,-2.994289102350549,-2.8062292539164897,12,1841,7.95270728767e-06,
4258,triangle,309,2163,361,,359586.7733062613,6950611.968537415,1466.0390625,47.033915143656316,47.03324174009197,-2.9660848563436835,-2.966758259908039,12,1841,7.95270728767e-06,
4259,triangle,361,2164,309,,359594.63564904657,6950642.887331236,2012.32470703125,47.86685967470586,48.09377100039666,-2.133140325294143,-1.9062289996033386,12,1841,7.95270728767e-06,
4260,triangle,322,2165,321,,359085.9056122449,6951564.094387755,1585.6181640625,40.45032791851437,40.51025303651754,-9.549672081485634,-9.489746963482462,12,1841,7.95270728767e-06,
4261,triangle,321,2165,415,,359060.9056122449,6951539.094387755,1585.6181640625,41.316994076545036,41.37691919455791,-8.683005923454965,-8.623080805442099,12,1841,7.95270728767e-06,
4262,triangle,472,2166,471,,362977.4872431381,6953503.57440925,2532.68505859375,67.04568001367548,67.0242456874238,17.04568001367548,17.024245687423797,12,1841,7.95270728767e-06,
4263,triangle,473,2166,472,,362952.4872431381,6953528.57440925,2410.37890625,66.88046295343464,66.85757902075713,16.88046295343466,16.857579020757132,12,1841,7.95270728767e-06,
4264,triangle,506,2167,507,,356430.6995584672,6953827.086277217,2577.7939453125,72.13016311800365,72.16340494294475,22.130163118003647,22.163404942944755,65,1681,6.32455532034e-06,
4265,triangle,507,2167,508,,356455.6995584672,6953802.086277217,2171.2998046875,71.02052683110776,71.06340392569216,21.020526831107748,21.063403925692153,65,1681,6.32455532034e-06,
4266,triangle,508,2168,507,,356492.43330002157,6953810.150523243,1961.24609375,70.8765548035164,70.92752616928583,20.876554803516402,20.927526169285827,65,1681,6.32455532034e-06,
4267,triangle,507,2168,579,,356517.43330002157,6953835.150523243,1670.56640625,71.23636097993317,71.32752515203322,21.236360979933178,21.32752515203322,65,1681,6.32455532034e-06,
4268,triangle,525,2169,526,,357555.9185713022,6953007.137244805,2009.560546875,47.7340785418621,47.78005845839343,-2.2659214581379,-2.2199415416065733,65,1681,6.32455532034e-06,
4269,triangle,526,2169,527,,357580.9185713022,6952982.137244805,2146.6611328125,47.00670290529682,47.04672487074694,-2.993297094703183,-2.9532751292530577,65,1681,6.32455532034e-06,
4270,triangle,578,2170,613,,356587.8259637188,6953941.0430839,1804.84716796875,73.8224236554645,73.82800174966476,23.82242365546451,23.828001749664764,65,1681,6.32455532034e-06,
4271,triangle,598,2171,599,,355977.4582758003,6954879.035353989,2358.52294921875,79.06154560735476,79.36843918137608,29.061545607354752,29.368439181376072,6,1721,1.189207115e-05,
4272,triangle,599,2171,600,,356002.4582758003,6954854.035353989,2535.94384765625,78.8569512032779,79.13510686529534,28.856951203277898,29.13510686529534,6,1721,1.189207115e-05,
4273,triangle,613,2170,612,,356562.8259637188,6953966.0430839,1442.9208984375,73.812861544427,73.8613345743718,23.812861544427,23.861334574371796,65,1681,6.32455532034e-06,
4274,triangle,620,2160,621,,362437.5,6954887.5,1406.25,23.900000095367428,23.90000009536743,-26.09999990463257,-26.09999990463257,12,1841,7.95270728767e-06,
4275,triangle,711,2172,639,,359287.5,6955590.625,1757.8125,76.61250003178914,76.61250003178914,26.612500031789136,26.612500031789143,65,1681,6.32455532034e-06,
4276,triangle,686,2173,685,,355529.83647173224,6955473.095657495,3356.60302734375,86.6098205269215,86.87315505340113,36.609820526921496,36.87315505340112,6,1721,1.189207115e-05,
4277,triangle,687,2173,686,,355554.83647173224,6955448.095657495,2598.26123046875,86.23829573264283,86.60648736948185,36.23829573264284,36.60648736948185,6,1721,1.189207115e-05,
4278,triangle,692,2174,691,,355905.8336086315,6955297.27447288,2505.8779296875,81.80054508490488,81.7688672233296,31.800545084904886,31.76886722332959,6,1721,1.189207115e-05,
4279,triangle,750,2174,692,,355930.8336086315,6955322.27447288,2156.21875,81.70883480707029,81.6688687492085,31.708834807070286,31.668868749208496,6,1721,1.189207115e-05,
4280,triangle,700,2175,699,,359889.6740758049,6956310.188475363,1666.29638671875,97.73193404911969,97.7617025033976,47.73193404911968,47.76170250339759,65,1681,6.32455532034e-06,
4281,triangle,701,2175,700,,359864.6740758049,6956285.188475363,1650.83349609375,96.36367958973473,96.39503634535724,46.36367958973473,46.39503634535723,65,1681,6.32455532034e-06,
4282,triangle,703,2176,730,,359665.18380301335,6956189.7931780135,1664.23291015625,89.6497245545102,89.70195466617149,39.6497245545102,39.701954666171474,65,1681,6.32455532034e-06,
4283,triangle,710,2172,711,,359312.5,6955615.625,1406.25,76.9291672706604,76.91250054041545,26.929167270660415,26.912500540415447,65,1681,6.32455532034e-06,
4284,triangle,730,2176,729,,359640.18380301335,6956214.7931780135,1708.17822265625,89.7561491775729,89.80195568342408,39.756149177572894,39.801955683424076,65,1681,6.32455532034e-06,
4285,triangle,769,2177,741,,356062.5,6956037.5,1406.25,87.08333206176758,87.08333206176758,37.083332061767585,37.08333206176758,6,1721,1.189207115e-05,
4286,triangle,768,2177,769,,356087.5,6956062.5,1406.25,87.51666641235352,87.51666641235352,37.516666412353516,37.516666412353516,6,1721,1.189207115e-05,
4287,triangle,1651,1834,204,,360268.64685689093,6953064.300477135,4080.05859375,30.597465681762767,30.622830906783406,-19.402534318237233,-19.377169093216594,12,1841,7.95270728767e-06,
4288,triangle,455,2158,1834,,360343.06193873053,6953108.357228059,1249.17578125,29.780522424390764,29.7365836721771,-20.21947757560924,-20.2634163278229,12,1841,7.95270728767e-06,
4289,triangle,1783,2172,710,,359287.5,6955653.125,1757.8125,77.93541955947877,78.4125018119812,27.935419559478774,28.4125018119812,65,1681,6.32455532034e-06,
4290,triangle,107,2151,1823,,356685.5612884267,6948409.846858843,1473.39453125,58.20904767926582,58.199450612432145,8.20904767926582,8.199450612432145,12,1841,7.95270728767e-06,
4291,triangle,238,2160,1947,,362437.5,6954837.5,1406.25,23.50000047683716,23.500000476837158,-26.49999952316284,-26.499999523162842,12,1841,7.95270728767e-06,
4292,triangle,1823,2151,272,,356660.5612884267,6948384.846858843,1395.1240234375,58.442381266912285,58.43278420007863,8.442381266912289,8.432784200078629,12,1841,7.95270728767e-06,
4293,triangle,1949,2163,308,,359583.8665313064,6950559.842687075,1302.533203125,48.762840156723755,48.94772733371125,-1.2371598432762436,-1.0522726662887552,12,1841,7.95270728767e-06,
4294,triangle,361,2163,1949,,359608.8665313064,6950584.842687075,1444.076171875,49.10176521061608,49.281060667044585,-0.898234789383921,-0.7189393329554218,12,1841,7.95270728767e-06,
4295,triangle,1947,2160,620,,362412.5,6954862.5,1406.25,23.966667016347255,23.966667016347248,-26.033332983652745,-26.033332983652752,12,1841,7.95270728767e-06,
4296,triangle,741,2177,1951,,356037.5,6956062.5,1406.25,87.58333206176758,87.58333206176758,37.58333206176758,37.58333206176758,6,1721,1.189207115e-05,
4297,triangle,1951,2177,768,,356062.5,6956087.5,1406.25,88.01666641235352,88.01666641235352,38.016666412353516,38.016666412353516,6,1721,1.189207115e-05,
4298,triangle,5,264,4,,364192.53487996524,6955994.389377251,397.0478515625,22.307452698904726,27.651736612864152,-27.69254730109527,-22.348263387135848,12,1841,7.95270728767e-06,
4299,triangle,263,264,5,,364178.3333333333,6955980.1878306195,2916.81591796875,23.979876495606383,27.39818992375038,-26.020123504393617,-22.60181007624962,12,1841,7.95270728767e-06,
4300,triangle,85,345,86,,358325.0,6948725.0,2812.5,66.29999966091582,66.16666666666667,16.299999660915816,16.166666666666668,12,1841,7.95270728767e-06,
4301,triangle,108,273,107,,356650.0,6948475.0,2812.5,57.655555725097656,57.59999974568685,7.655555725097653,7.599999745686849,12,1841,7.95270728767e-06,
4302,triangle,109,273,108,,356600.0,6948500.0,2812.5,57.31111102634007,57.233333587646484,7.311111026340069,7.233333587646484,12,1841,7.95270728767e-06,
4303,triangle,170,406,169,,357625.0,6952325.0,2812.5,39.288889143202034,39.06666692097982,-10.711110856797962,-10.933333079020182,12,1841,7.95270728767e-06,
4304,triangle,238,239,621,,362500.0,6954875.0,2812.5,23.266666412353516,23.133333206176758,-26.733333587646488,-26.866666793823242,12,1841,7.95270728767e-06,
4305,triangle,613,507,579,,356525.0,6953875.0,2812.5,71.65555402967664,71.43333180745442,21.65555402967664,21.433331807454426,65,1681,6.32455532034e-06,
4306,triangle,579,578,613,,356575.0,6953900.0,2812.5,72.83333333333333,72.5,22.83333333333332,22.5,65,1681,6.32455532034e-06,
4307,triangle,634,633,693,,356075.0,6955175.0,2812.5,79.5,79.36666615804036,29.5,29.366666158040363,6,1721,1.189207115e-05,
4308,triangle,711,639,640,,359300.0,6955550.0,2812.5,76.36666531032985,75.93333180745442,26.366665310329847,25.933331807454426,65,1681,6.32455532034e-06,
4309,triangle,704,703,730,,359650.0,6956150.0,2812.5,88.55555555555554,87.83333333333333,38.555555555555536,37.833333333333336,65,1681,6.32455532034e-06,
4310,triangle,769,741,742,,356075.0,6956000.0,2812.5,86.3999981350369,86.2999979654948,36.399998135036896,36.29999796549479,6,1721,1.189207115e-05,
4311,triangle,4,54,53,,364276.67757828836,6956001.725514975,1212.49609375,21.041492490878742,21.227905704881863,-28.958507509121258,-28.772094295118137,12,1841,7.95270728767e-06,
