$MeshFormat
2.2 0 8
$EndMeshFormat
$PhysicalNames
4
1 2 "boundary::domain"
1 3 "geology::active_interfaces"
1 4 "river::trace"
2 1 "zone::domain"
$EndPhysicalNames
$Nodes
1888
1 419287.5 6882787.5 0
2 419287.5 6899962.5 0
3 438112.5 6899962.5 0
4 438112.5 6882787.5 0
5 425100 6887100 0
6 425175 6887100 0
7 425250 6887100 0
8 425325 6887175 0
9 425400 6887250 0
10 425475 6887325 0
11 425550 6887400 0
12 425625 6887400 0
13 425700 6887475 0
14 425775 6887550 0
15 425850 6887625 0
16 425925 6887700 0
17 425925 6887775 0
18 425925 6887850 0
19 425925 6887925 0
20 425850 6888000 0
21 425775 6888075 0
22 425700 6888150 0
23 425700 6888225 0
24 425625 6888300 0
25 425625 6888375 0
26 425700 6888450 0
27 425700 6888525 0
28 425700 6888600 0
29 425700 6888675 0
30 425775 6888750 0
31 425850 6888750 0
32 425925 6888825 0
33 426000 6888900 0
34 426000 6888975 0
35 426000 6889050 0
36 426000 6889125 0
37 426075 6889200 0
38 426150 6889275 0
39 426225 6889350 0
40 426300 6889425 0
41 426375 6889500 0
42 426450 6889575 0
43 426525 6889650 0
44 426600 6889650 0
45 426675 6889725 0
46 426750 6889800 0
47 426825 6889800 0
48 426900 6889875 0
49 426900 6889950 0
50 426900 6890025 0
51 426975 6890100 0
52 426975 6890175 0
53 427050 6890250 0
54 427050 6890325 0
55 427050 6890400 0
56 427050 6890475 0
57 426975 6890550 0
58 426975 6890625 0
59 426900 6890700 0
60 426825 6890775 0
61 426825 6890850 0
62 426750 6890925 0
63 426675 6891000 0
64 426600 6891075 0
65 426600 6891150 0
66 426525 6891225 0
67 426525 6891300 0
68 426600 6891375 0
69 426600 6891450 0
70 426600 6891525 0
71 426600 6891600 0
72 426600 6891675 0
73 426675 6891750 0
74 426750 6891825 0
75 426750 6891900 0
76 426750 6891975 0
77 426750 6892050 0
78 426750 6892125 0
79 426825 6892200 0
80 426825 6892275 0
81 426825 6892350 0
82 426825 6892425 0
83 426825 6892500 0
84 426825 6892575 0
85 426825 6892650 0
86 426900 6892725 0
87 426900 6892800 0
88 426975 6892875 0
89 427050 6892950 0
90 427050 6893025 0
91 427125 6893100 0
92 427125 6893175 0
93 427125 6893250 0
94 427125 6893325 0
95 427125 6893400 0
96 427125 6893475 0
97 427125 6893550 0
98 427125 6893625 0
99 427200 6893700 0
100 427275 6893775 0
101 427350 6893850 0
102 427425 6893925 0
103 427500 6894000 0
104 427575 6894075 0
105 427650 6894150 0
106 427725 6894150 0
107 427725 6894225 0
108 427800 6894300 0
109 427875 6894300 0
110 427950 6894375 0
111 428025 6894450 0
112 428100 6894525 0
113 428175 6894600 0
114 428250 6894675 0
115 428325 6894750 0
116 428400 6894825 0
117 428400 6894900 0
118 428400 6894975 0
119 428475 6895050 0
120 428550 6895125 0
121 428625 6895200 0
122 428700 6895275 0
123 428775 6895350 0
124 428850 6895425 0
125 428925 6895500 0
126 429000 6895500 0
127 429075 6895575 0
128 429150 6895575 0
129 429225 6895575 0
130 429300 6895575 0
131 429375 6895575 0
132 429450 6895650 0
133 429525 6895650 0
134 429600 6895650 0
135 429675 6895725 0
136 429750 6895725 0
137 429825 6895725 0
138 429900 6895725 0
139 429975 6895725 0
140 430050 6895725 0
141 430125 6895725 0
142 430200 6895725 0
143 430275 6895650 0
144 430350 6895650 0
145 430425 6895725 0
146 430500 6895725 0
147 430575 6895725 0
148 430650 6895800 0
149 430725 6895800 0
150 430800 6895800 0
151 430875 6895800 0
152 430950 6895875 0
153 431025 6895875 0
154 431100 6895875 0
155 431175 6895875 0
156 431250 6895875 0
157 431325 6895875 0
158 431400 6895875 0
159 431475 6895950 0
160 431550 6895950 0
161 431625 6895950 0
162 431700 6895950 0
163 431775 6896025 0
164 431850 6896100 0
165 431925 6896100 0
166 432000 6896175 0
167 432075 6896175 0
168 432150 6896175 0
169 432225 6896250 0
170 432300 6896250 0
171 432375 6896325 0
172 432450 6896325 0
173 432525 6896325 0
174 432600 6896325 0
175 432675 6896325 0
176 432750 6896400 0
177 432825 6896400 0
178 432900 6896475 0
179 432937.5 6896512.5 0
180 426375 6887400 0
181 426300 6887400 0
182 426225 6887400 0
183 426150 6887475 0
184 426075 6887550 0
185 426000 6887625 0
186 424575 6887700 0
187 424650 6887775 0
188 424725 6887775 0
189 424800 6887775 0
190 424875 6887775 0
191 424950 6887775 0
192 425025 6887850 0
193 425100 6887850 0
194 425175 6887850 0
195 425250 6887850 0
196 425325 6887925 0
197 425400 6887925 0
198 425475 6887925 0
199 425550 6888000 0
200 425625 6888000 0
201 425700 6888075 0
202 423300 6888225 0
203 423300 6888300 0
204 423375 6888375 0
205 423450 6888450 0
206 423450 6888525 0
207 423450 6888600 0
208 423450 6888675 0
209 423450 6888750 0
210 423375 6888825 0
211 423375 6888900 0
212 423450 6888975 0
213 423450 6889050 0
214 423525 6889125 0
215 423600 6889125 0
216 423675 6889200 0
217 423750 6889200 0
218 423825 6889275 0
219 423900 6889350 0
220 423975 6889350 0
221 424050 6889425 0
222 424125 6889500 0
223 424200 6889575 0
224 424275 6889650 0
225 424350 6889650 0
226 424425 6889725 0
227 424425 6889800 0
228 424425 6889875 0
229 424500 6889950 0
230 424575 6890025 0
231 424575 6890100 0
232 424575 6890175 0
233 424575 6890250 0
234 424500 6890325 0
235 424500 6890400 0
236 424500 6890475 0
237 424500 6890550 0
238 424500 6890625 0
239 424500 6890700 0
240 424500 6890775 0
241 424575 6890850 0
242 424575 6890925 0
243 424650 6891000 0
244 424725 6891075 0
245 424800 6891075 0
246 424875 6891075 0
247 424950 6891075 0
248 425025 6891075 0
249 425100 6891150 0
250 425100 6891225 0
251 425175 6891300 0
252 425250 6891300 0
253 425325 6891375 0
254 425400 6891375 0
255 425475 6891375 0
256 425550 6891375 0
257 425625 6891375 0
258 425700 6891375 0
259 425775 6891450 0
260 425850 6891450 0
261 425925 6891525 0
262 426000 6891525 0
263 426075 6891525 0
264 426150 6891525 0
265 426225 6891600 0
266 426300 6891600 0
267 426375 6891675 0
268 426450 6891675 0
269 426525 6891675 0
270 428625 6888375 0
271 428625 6888450 0
272 428625 6888525 0
273 428700 6888600 0
274 428700 6888675 0
275 428700 6888750 0
276 428700 6888825 0
277 428700 6888900 0
278 428775 6888975 0
279 428850 6889050 0
280 428925 6889125 0
281 429000 6889200 0
282 429075 6889200 0
283 429150 6889275 0
284 429225 6889275 0
285 429300 6889350 0
286 429375 6889350 0
287 429450 6889425 0
288 429525 6889425 0
289 429600 6889500 0
290 429675 6889500 0
291 429750 6889500 0
292 429825 6889575 0
293 429900 6889650 0
294 429975 6889725 0
295 430050 6889800 0
296 430125 6889875 0
297 430200 6889875 0
298 430275 6889950 0
299 430350 6889950 0
300 430425 6890025 0
301 430500 6890100 0
302 430575 6890175 0
303 430650 6890175 0
304 430725 6890250 0
305 430725 6890325 0
306 430800 6890400 0
307 430875 6890475 0
308 430950 6890550 0
309 431025 6890625 0
310 431100 6890700 0
311 431175 6890775 0
312 431175 6890850 0
313 431250 6890925 0
314 431325 6890925 0
315 431400 6891000 0
316 431400 6891075 0
317 431475 6891150 0
318 431550 6891225 0
319 431625 6891300 0
320 431625 6891375 0
321 431700 6891450 0
322 431700 6891525 0
323 431700 6891600 0
324 431700 6891675 0
325 431775 6891750 0
326 431775 6891825 0
327 431775 6891900 0
328 431850 6891975 0
329 431850 6892050 0
330 431775 6892125 0
331 431850 6892200 0
332 431925 6892275 0
333 431925 6892350 0
334 432000 6892425 0
335 432000 6892500 0
336 431925 6892575 0
337 431925 6892650 0
338 432000 6892725 0
339 432000 6892800 0
340 432000 6892875 0
341 432000 6892950 0
342 432000 6893025 0
343 431925 6893100 0
344 431925 6893175 0
345 431925 6893250 0
346 431925 6893325 0
347 431925 6893400 0
348 431925 6893475 0
349 431925 6893550 0
350 432000 6893625 0
351 432000 6893700 0
352 432000 6893775 0
353 432000 6893850 0
354 432075 6893925 0
355 432075 6894000 0
356 432075 6894075 0
357 432075 6894150 0
358 432075 6894225 0
359 432075 6894300 0
360 432150 6894375 0
361 432150 6894450 0
362 432225 6894525 0
363 432300 6894600 0
364 432375 6894675 0
365 432375 6894750 0
366 432375 6894825 0
367 432450 6894900 0
368 432450 6894975 0
369 432450 6895050 0
370 432450 6895125 0
371 432450 6895200 0
372 432450 6895275 0
373 432525 6895350 0
374 432525 6895425 0
375 432600 6895500 0
376 432600 6895575 0
377 432600 6895650 0
378 432675 6895725 0
379 432750 6895800 0
380 432825 6895875 0
381 432900 6895875 0
382 432975 6895950 0
383 433050 6896025 0
384 433050 6896100 0
385 433050 6896175 0
386 433050 6896250 0
387 433050 6896325 0
388 433050 6896400 0
389 432975 6896400 0
390 432937.5 6896437.5 0
391 424425 6889125 0
392 424425 6889200 0
393 424500 6889275 0
394 424500 6889350 0
395 424500 6889425 0
396 424575 6889500 0
397 424575 6889575 0
398 424650 6889650 0
399 424575 6889725 0
400 424650 6889800 0
401 424725 6889875 0
402 424725 6889950 0
403 424725 6890025 0
404 424650 6890100 0
405 424650 6890175 0
406 430425 6889425 0
407 430425 6889500 0
408 430350 6889575 0
409 430350 6889650 0
410 430350 6889725 0
411 430275 6889800 0
412 430275 6889875 0
413 431250 6889650 0
414 431175 6889725 0
415 431100 6889800 0
416 431100 6889875 0
417 431025 6889950 0
418 430950 6890025 0
419 430875 6890025 0
420 430800 6890025 0
421 430725 6890025 0
422 430650 6890100 0
423 424125 6890325 0
424 424200 6890400 0
425 424275 6890475 0
426 424275 6890550 0
427 424350 6890625 0
428 424425 6890700 0
429 429000 6890700 0
430 429075 6890775 0
431 429150 6890775 0
432 429225 6890850 0
433 429300 6890850 0
434 429375 6890850 0
435 429450 6890850 0
436 429525 6890850 0
437 429600 6890850 0
438 429675 6890925 0
439 429675 6891000 0
440 429750 6891075 0
441 429825 6891150 0
442 429900 6891225 0
443 429975 6891300 0
444 430050 6891375 0
445 430125 6891375 0
446 430200 6891450 0
447 430275 6891525 0
448 430350 6891600 0
449 430350 6891675 0
450 430425 6891750 0
451 430500 6891750 0
452 430575 6891825 0
453 430650 6891825 0
454 430725 6891900 0
455 430800 6891900 0
456 430875 6891900 0
457 430950 6891900 0
458 431025 6891975 0
459 431100 6891975 0
460 431175 6891900 0
461 431250 6891900 0
462 431325 6891900 0
463 431400 6891975 0
464 431475 6892050 0
465 431550 6892050 0
466 431625 6892125 0
467 431700 6892125 0
468 431925 6891525 0
469 431850 6891525 0
470 431775 6891600 0
471 427200 6891825 0
472 427125 6891750 0
473 427050 6891750 0
474 426975 6891825 0
475 426900 6891825 0
476 426825 6891825 0
477 429375 6892500 0
478 429450 6892575 0
479 429525 6892575 0
480 429600 6892650 0
481 429675 6892650 0
482 429750 6892650 0
483 429825 6892725 0
484 429900 6892800 0
485 429975 6892875 0
486 430050 6892950 0
487 430125 6893025 0
488 430200 6893100 0
489 430275 6893175 0
490 430350 6893250 0
491 430425 6893250 0
492 430500 6893325 0
493 430575 6893400 0
494 430650 6893400 0
495 430725 6893475 0
496 430800 6893475 0
497 430875 6893475 0
498 430950 6893550 0
499 431025 6893550 0
500 431100 6893625 0
501 431175 6893625 0
502 431250 6893625 0
503 431325 6893625 0
504 431400 6893700 0
505 431475 6893700 0
506 431550 6893775 0
507 431625 6893775 0
508 431700 6893775 0
509 431775 6893850 0
510 431850 6893850 0
511 431925 6893850 0
512 426450 6893100 0
513 426525 6893175 0
514 426600 6893250 0
515 426675 6893250 0
516 426750 6893250 0
517 426825 6893325 0
518 426900 6893400 0
519 426975 6893475 0
520 427050 6893550 0
521 433125 6893175 0
522 433050 6893175 0
523 432975 6893175 0
524 432900 6893250 0
525 432825 6893325 0
526 432750 6893400 0
527 432675 6893400 0
528 432600 6893400 0
529 432525 6893400 0
530 432450 6893400 0
531 432375 6893400 0
532 432300 6893400 0
533 432225 6893325 0
534 432150 6893400 0
535 432075 6893400 0
536 432000 6893400 0
537 424500 6893175 0
538 424575 6893250 0
539 424575 6893325 0
540 424650 6893400 0
541 424725 6893400 0
542 424800 6893475 0
543 424875 6893550 0
544 424950 6893625 0
545 425025 6893700 0
546 425100 6893775 0
547 425100 6893850 0
548 425175 6893925 0
549 425250 6894000 0
550 425250 6894075 0
551 425325 6894150 0
552 425400 6894225 0
553 425400 6894300 0
554 425475 6894375 0
555 425550 6894375 0
556 425625 6894450 0
557 425700 6894525 0
558 425775 6894600 0
559 425850 6894600 0
560 425925 6894675 0
561 426000 6894675 0
562 426075 6894750 0
563 426150 6894750 0
564 426225 6894750 0
565 426300 6894750 0
566 426375 6894750 0
567 426450 6894750 0
568 426525 6894750 0
569 426600 6894750 0
570 426675 6894825 0
571 426750 6894825 0
572 426825 6894900 0
573 426900 6894900 0
574 426975 6894900 0
575 427050 6894900 0
576 427125 6894975 0
577 427200 6894975 0
578 427275 6895050 0
579 427350 6895050 0
580 427425 6895050 0
581 427500 6895125 0
582 427575 6895125 0
583 427650 6895125 0
584 427725 6895125 0
585 427800 6895125 0
586 427875 6895125 0
587 427950 6895125 0
588 428025 6895050 0
589 428100 6895050 0
590 428175 6895050 0
591 428250 6895050 0
592 428325 6895050 0
593 428400 6895050 0
594 423075 6893550 0
595 423150 6893550 0
596 423225 6893625 0
597 423300 6893700 0
598 423375 6893700 0
599 423450 6893700 0
600 423525 6893700 0
601 423600 6893700 0
602 423675 6893700 0
603 423750 6893700 0
604 423825 6893700 0
605 423900 6893700 0
606 423975 6893700 0
607 424050 6893775 0
608 424125 6893850 0
609 424200 6893850 0
610 424275 6893850 0
611 424350 6893925 0
612 424425 6893925 0
613 424500 6894000 0
614 424575 6894000 0
615 424650 6894075 0
616 424725 6894150 0
617 424800 6894150 0
618 424875 6894150 0
619 424950 6894225 0
620 425025 6894225 0
621 425100 6894300 0
622 425175 6894300 0
623 425250 6894300 0
624 425325 6894300 0
625 423900 6893625 0
626 428775 6894075 0
627 428775 6894150 0
628 428775 6894225 0
629 428700 6894300 0
630 428625 6894375 0
631 428550 6894450 0
632 428475 6894450 0
633 428400 6894525 0
634 428325 6894600 0
635 428325 6894675 0
636 430350 6894600 0
637 430425 6894675 0
638 430500 6894750 0
639 430575 6894825 0
640 430650 6894900 0
641 430725 6894900 0
642 430800 6894975 0
643 430875 6895050 0
644 430950 6895125 0
645 431025 6895200 0
646 431100 6895275 0
647 431100 6895350 0
648 431100 6895425 0
649 431175 6895500 0
650 431175 6895575 0
651 431250 6895650 0
652 431250 6895725 0
653 431325 6895800 0
654 434100 6894825 0
655 434025 6894900 0
656 433950 6894900 0
657 433875 6894900 0
658 433800 6894900 0
659 433725 6894900 0
660 433650 6894975 0
661 433575 6895050 0
662 433500 6895125 0
663 433425 6895125 0
664 433350 6895125 0
665 433275 6895200 0
666 433200 6895275 0
667 433125 6895350 0
668 433050 6895425 0
669 432975 6895425 0
670 432900 6895500 0
671 432825 6895575 0
672 432825 6895650 0
673 432750 6895725 0
674 433875 6896475 0
675 433800 6896475 0
676 433725 6896475 0
677 433650 6896475 0
678 433575 6896475 0
679 433500 6896400 0
680 433425 6896325 0
681 433350 6896325 0
682 433275 6896325 0
683 433200 6896325 0
684 433125 6896325 0
685 421796.6652598942 6888408.274708522 0
686 421819.5053292842 6888415.015912275 0
687 422038.062373407 6888474.185023152 0
688 421980.9283151941 6888672.73648182 0
689 422420.4536147738 6888780.46056083 0
690 422978.9061007436 6888778.470956642 0
691 423456.3753627764 6888578.064717703 0
692 424051.4799940309 6888098.557027396 0
693 424990.4990156236 6886891.654275351 0
694 425743.6590446171 6886211.566295221 0
695 426141.1871449043 6886000.523121281 0
696 426192.2897393819 6885890.750172445 0
697 421840.2830815716 6888519.346807267 0
698 434046.4865453179 6897726.805927747 0
699 433960.7702309095 6897331.582835495 0
700 433996.3660328854 6896616.709418049 0
701 434233.2395719559 6896168.722556312 0
702 434313.0887492849 6896168.265470962 0
703 434272.434188286 6896049.370022525 0
704 434268.7335293965 6895453.650704984 0
705 434533.8807346554 6894737.18952742 0
706 434929.8770557577 6894218.3350908 0
707 435528.6394464307 6894135.254268998 0
708 435951.6439765818 6894202.607761841 0
709 426330.8709962298 6885911.441474613 0
710 426260.3378471471 6885930.185224063 0
711 435310.395279491 6896074.696748972 0
712 435190.6214684866 6896004.237272398 0
713 434872.9121169608 6896284.088572597 0
714 434593.8436265333 6896365.138476999 0
715 435341.4033137271 6895365.9901146 0
716 435306.3910040863 6895328.481360447 0
717 435335.23663503 6895129.560866828 0
718 435454.1802425481 6895009.752036055 0
719 435536.5148129757 6895022.859021218 0
720 419287.5 6884695.833333333 0
721 419287.5 6886604.166666667 0
722 419287.5 6888512.5 0
723 419287.5 6890420.833333333 0
724 419287.5 6892329.166666667 0
725 419287.5 6894237.5 0
726 419287.5 6896145.833333333 0
727 419287.5 6898054.166666667 0
728 421170 6899962.5 0
729 423052.5 6899962.5 0
730 424935 6899962.5 0
731 426817.5 6899962.5 0
732 428700 6899962.5 0
733 430582.5 6899962.5 0
734 432465 6899962.5 0
735 434347.5 6899962.5 0
736 436230 6899962.5 0
737 438112.5 6898054.166666667 0
738 438112.5 6896145.833333333 0
739 438112.5 6894237.5 0
740 438112.5 6892329.166666667 0
741 438112.5 6890420.833333333 0
742 438112.5 6888512.5 0
743 438112.5 6886604.166666667 0
744 438112.5 6884695.833333333 0
745 436230 6882787.5 0
746 434347.5 6882787.5 0
747 432465 6882787.5 0
748 430582.5 6882787.5 0
749 428700 6882787.5 0
750 426817.5 6882787.5 0
751 424935 6882787.5 0
752 423052.5 6882787.5 0
753 421170 6882787.5 0
754 422729.4034363097 6888779.359862249 0
755 423217.64073176 6888678.267837172 0
756 423712.3996541917 6888371.772226951 0
757 424315.0483001104 6887759.797847182 0
758 424521.0524091358 6887495.024801699 0
759 424764.8197380793 6887181.715429476 0
760 425313.7006789055 6886599.809836063 0
761 433980.7589912868 6896930.146917543 0
762 434104.3485604171 6896412.487562703 0
763 434408.5700221028 6895075.794871531 0
764 422340.145617402 6886608.956185797 0
765 423112.8550209163 6896591.341106621 0
766 427529.7433106392 6897995.217104275 0
767 430061.6483338134 6897969.294476266 0
768 428131.1951927024 6886552.166890028 0
769 422561.3663815875 6891564.544020025 0
770 425983.0935683504 6896518.21576691 0
771 430033.3832278457 6888094.516328417 0
772 431662.5 6897562.5 0
773 432769.3188525755 6890175.153925668 0
774 427293.0159082887 6888420.863087183 0
775 433218.6698053359 6891797.738212627 0
776 423476.9829149277 6894739.226395659 0
777 425357.5329600071 6892563.208009374 0
778 428118.1392290721 6893365.820937533 0
779 427972.9838709678 6889694.758064516 0
780 428062.5 6896287.5 0
781 425998.7620452964 6890560.172972591 0
782 436518.6640749242 6895731.686706237 0
783 427907.0886358289 6891007.898039344 0
784 433393.9748201439 6894048.291366907 0
785 423613.8910068382 6892620.22407554 0
786 423235.7461855594 6890106.086977893 0
787 423712.5 6891337.5 0
788 431832.9545454545 6890267.045454546 0
789 429188.641954475 6893377.598243304 0
790 429314.2562851444 6894836.264304718 0
791 429115.5380914003 6896364.887283616 0
792 431148.2794713869 6896636.537528017 0
793 432412.5 6897112.5 0
794 425137.5 6895087.5 0
795 426337.5 6895537.5 0
796 431179.6647580805 6892738.484676396 0
797 426353.4460067272 6894045.267228567 0
798 424906.7649725024 6888430.398196474 0
799 430345.5084859358 6896397.319201529 0
800 431164.9390243902 6894357.62195122 0
801 425556.102425931 6889687.530459345 0
802 431760.7101070373 6895131.407916695 0
803 429139.9127012279 6891667.085386815 0
804 432657.1388696106 6892782.332024657 0
805 428896.875 6889968.75 0
806 426593.9023964064 6886690.104831605 0
807 429972.4839306612 6893967.273993958 0
808 424687.5 6891712.5 0
809 432712.5 6894037.5 0
810 427454.8109638503 6892465.268124578 0
811 429813.3601309679 6891919.638663581 0
812 428301.5138714659 6893804.569059061 0
813 429205.0945393338 6888686.163017546 0
814 426410.0620480219 6888445.838774834 0
815 430252.1435232229 6890698.079691063 0
816 430868.5497732229 6891269.7155329 0
817 429944.741026004 6895135.687670563 0
818 429545.7299595745 6890165.849152917 0
819 426469.5350212007 6890360.275885552 0
820 433676.4707818726 6895672.824002111 0
821 430475.2822321589 6892273.782649145 0
822 426217.5 6892537.5 0
823 425043.6665470932 6890545.32678089 0
824 426912.5202245082 6894221.224523391 0
825 428175.8339550557 6895697.053057309 0
826 431990.4012633797 6895661.738489587 0
827 435902.3613621768 6897754.860180711 0
828 425551.0156915344 6890837.36735314 0
829 425555.8491036216 6891837.857177183 0
830 428039.0886183372 6888779.811900879 0
831 432337.5 6892012.5 0
832 426894.6020595738 6895304.602153362 0
833 423630.4422740311 6893175.018595505 0
834 427214.1574883733 6894517.962390829 0
835 432967.7707398796 6887160.074473113 0
836 431610.281618836 6896364.085925929 0
837 423787.5 6894150 0
838 426081.7026675621 6891083.13515186 0
839 432974.93828121 6894862.721357631 0
840 427149.0386634077 6891228.43713288 0
841 433294.4939543553 6896654.737957102 0
842 431497.8487197601 6893243.649870264 0
843 431556.5926355774 6894126.418608233 0
844 432654.3989112911 6896708.806471248 0
845 433773.891646321 6894426.8956902 0
846 424162.5 6891037.5 0
847 426326.6893242967 6892070.478809617 0
848 423849.540650347 6888884.482014054 0
849 431562.6587672024 6895566.878058041 0
850 426364.1307709317 6887887.003050572 0
851 426442.0246292878 6888927.095077248 0
852 427575 6893437.5 0
853 428850 6894787.5 0
854 434948.5844731802 6895733.196214063 0
855 423718.7484412641 6889873.480213615 0
856 426991.1728973762 6889381.388371236 0
857 430793.260707683 6893085.857748806 0
858 425524.3600107945 6893618.382885762 0
859 423006.937805537 6893977.163841543 0
860 424415.847015705 6894391.199955174 0
861 431274.7303041707 6891504.696616807 0
862 432433.4669582119 6893752.356619501 0
863 430847.6249040395 6889470.762323032 0
864 425615.9441940552 6889117.530279054 0
865 430573.4064337093 6895328.306394279 0
866 430055.1142210782 6889242.663103999 0
867 432376.4145343149 6895954.180358872 0
868 432783.9766601513 6895163.699544704 0
869 427762.5 6894737.5 0
870 433393.0055469788 6895932.397750352 0
871 431549.9502537978 6892402.247446066 0
872 425764.0282453077 6887029.436885595 0
873 431287.5 6890287.5 0
874 431812.5 6890887.5 0
875 423862.5 6890662.5 0
876 424263.9442439507 6893453.304193886 0
877 426357.7803477515 6886343.827723758 0
878 423612.6170127697 6888644.93785432 0
879 432373.7938003746 6893027.788982108 0
880 425126.5867021446 6887503.78697961 0
881 426029.9367021454 6888454.266520813 0
882 426933.3033189013 6891433.608569765 0
883 424827.1509740259 6891414.645900974 0
884 429327.0119653562 6891254.71782962 0
885 422618.669605492 6888094.548394311 0
886 431985.8256765242 6894824.600387479 0
887 429490.8915390085 6893063.985213059 0
888 426545.8780411645 6893608.074164717 0
889 433125 6893550 0
890 433902.2608979815 6895288.055180538 0
891 433403.3500296441 6894655.523858629 0
892 424475.7352941177 6893636.029411765 0
893 432055.3112503547 6891756.830535663 0
894 425293.7228770516 6888213.271170924 0
895 430842.7327043879 6895507.828273146 0
896 423884.9440590653 6885246.732675884 0
897 425476.977915952 6887701.147084048 0
898 434668.0425386159 6892588.479494408 0
899 425366.2603959112 6888580.443942253 0
900 427162.5 6889912.5 0
901 426790.9642262634 6890339.587942515 0
902 426506.6580421447 6892334.663134936 0
903 427119.849446356 6892558.100242985 0
904 426720.7183702562 6892994.555596474 0
905 429137.2262570289 6895236.092146658 0
906 429332.8381942419 6895968.48835919 0
907 429609.8328851914 6895350.087233976 0
908 430067.1058608577 6895465.557422325 0
909 430462.5 6895987.5 0
910 430710.0549969414 6896111.206426855 0
911 431291.4953678837 6896184.821244517 0
912 432029.8868695326 6896465.893189984 0
913 432650.7433428297 6896031.852987992 0
914 424807.3047483559 6888073.614100827 0
915 424162.5 6889162.5 0
916 424759.3610911822 6890436.721130149 0
917 424837.5 6890812.5 0
918 426008.8899221484 6891859.288239315 0
919 428896.6521914514 6888412.122929817 0
920 429729.8729081168 6889231.769318419 0
921 431872.632857447 6891317.238673426 0
922 431658.4458737578 6892913.68909111 0
923 431662.5 6893512.5 0
924 432369.5507369615 6894203.125 0
925 432637.5 6894712.5 0
926 432147.0416782126 6894988.501384029 0
927 432337.5 6895612.5 0
928 432994.84375 6895703.59375 0
929 424786.2864693941 6889249.4528894 0
930 430612.5 6889687.5 0
931 429306.1176208134 6890539.498455758 0
932 430874.9328681991 6891591.19264073 0
933 430797.0906271085 6892211.039135498 0
934 429712.5 6892387.5 0
935 430763.478213298 6893730.568818973 0
936 431165.8659744671 6893282.584116807 0
937 431253.033956315 6893961.801673329 0
938 425270.4324901702 6894654.309478138 0
939 426202.7814204139 6894445.328761159 0
940 426519.6377574467 6895087.829431815 0
941 426879.4462854802 6894574.983533322 0
942 427467.2010697676 6894782.030341547 0
943 427307.7837072329 6895397.03387605 0
944 428184.5417910112 6895351.730153715 0
945 424153.3074297134 6894124.219811726 0
946 424711.7417081038 6894407.523399307 0
947 431355.1858141464 6895331.756660683 0
948 435435.4206378367 6895725.135317926 0
949 427086.6963909933 6892019.298453283 0
950 423554.2584902934 6887439.785665332 0
951 431341.7307159826 6892214.747446066 0
952 428048.6150568182 6894829.509943182 0
953 421892.9995482723 6889853.641345212 0
954 424313.6197916667 6890051.380208333 0
955 428958.8288888533 6888826.904389545 0
956 429561.462524173 6889791.286766067 0
957 432608.9365339971 6893087.274201353 0
958 424776.6964285714 6893910.803571428 0
959 423396.8979544993 6893429.590177502 0
960 428482.1875271631 6894108.510354778 0
961 433462.5 6895387.5 0
962 433632.9299398724 6896140.254065443 0
963 425085.2175479176 6884882.654734603 0
964 432196.9021395406 6893583.90846712 0
965 426345.9202682563 6891387.5 0
966 421952.9858610058 6887684.692280259 0
967 432837.5 6896187.5 0
968 428269.5910412731 6894349.968772626 0
969 423035.4055408951 6889164.592325862 0
970 425700.30601395 6887791.084292172 0
971 428630.3784646984 6894758.804227609 0
972 430125.7704196135 6889527.483483969 0
973 431000.2408834336 6890251.030105372 0
974 431452.5 6891794.394409938 0
975 425925 6887325 0
976 426727.9249247464 6889983.111382807 0
977 424298.6206483004 6889814.5043517 0
978 431887.5 6894037.5 0
979 433208.6879561779 6896135.864384941 0
980 427859.5029616578 6890306.210401647 0
981 434580.1466158772 6890333.605990194 0
982 430988.1540880485 6895699.576507117 0
983 424321.875 6889359.375 0
984 435023.9274909263 6894719.279792043 0
985 434922.5680201697 6897244.431478873 0
986 434811.5632651342 6895209.641220067 0
987 427687.5 6895590 0
988 421087.7627627628 6893229.617117117 0
989 429463.2134207385 6894153.739521396 0
990 428956.7128648799 6891228.661556081 0
991 424068.9328679992 6886379.018928804 0
992 433809.1530149615 6896783.589635824 0
993 423112.5 6893100 0
994 434057.1660956069 6893215.885192767 0
995 434618.6200599893 6896051.896718238 0
996 435480.6228202321 6894631.136301932 0
997 425756.0401189225 6895191.552644688 0
998 426940.0897962821 6893143.069449559 0
999 424993.7410714286 6894033.9375 0
1000 432115.451122039 6893166.549386392 0
1001 435524.2553583154 6895242.925820963 0
1002 425565.8908937678 6888148.696796769 0
1003 426462.0920268256 6891511.25 0
1004 428237.5 6894887.5 0
1005 431837.5 6893687.5 0
1006 429736.3422336638 6896282.899301213 0
1007 426379.3627549708 6884259.368569626 0
1008 425755.6712352358 6885754.272553975 0
1009 435868.4198312026 6892668.781625594 0
1010 430271.1803647162 6885403.626149597 0
1011 432199.8472018139 6889336.526827417 0
1012 431455.1301181042 6888675.768944895 0
1013 426112.5 6895146.428571428 0
1014 425082.0511005291 6892994.232976784 0
1015 424770.4549728742 6887446.01592091 0
1016 431875.5419643219 6891671.870462823 0
1017 420589.9541357973 6889339.823932015 0
1018 432750.5106809787 6891438.866583404 0
1019 430579.6875 6889962.5 0
1020 431971.6516865361 6892080.899248863 0
1021 432805.8095825189 6895425.149943088 0
1022 422892.5366668536 6888496.327760927 0
1023 428946.484274691 6887106.684579373 0
1024 426116.8926377494 6893525.628233096 0
1025 435351.1779666882 6896734.229903377 0
1026 424368.6383928572 6890370.647321428 0
1027 430828.106948593 6890153.852853712 0
1028 425081.25 6891675 0
1029 430570.9004579741 6888631.444455329 0
1030 428511.0468182179 6889570.237881795 0
1031 433152.9580785692 6897700.617615526 0
1032 428474.9505994571 6892253.619365986 0
1033 425770.5370985736 6893955.959068542 0
1034 433954.9646822687 6892522.153735246 0
1035 423488.1819310342 6889543.96022947 0
1036 428776.8292682927 6895983.841463415 0
1037 427457.8314829149 6890772.665741458 0
1038 431700 6892008.333333333 0
1039 424468.75 6889556.25 0
1040 425138.3915816327 6894170.919642857 0
1041 427125.6907878289 6887562.75560005 0
1042 428137.7865690175 6887565.736670175 0
1043 429425.2033989305 6889049.016377233 0
1044 429893.0555082268 6893421.931419694 0
1045 425968.2492605714 6890041.915558969 0
1046 434390.2198064552 6896759.012248452 0
1047 432811.103226684 6896536.246537047 0
1048 432969.387755102 6896292.602040816 0
1049 424776.3696566555 6889716.081712567 0
1050 425216.9759907548 6886957.301310236 0
1051 423701.4327010826 6887975.576664346 0
1052 423347.5322901942 6894140.508864273 0
1053 434027.2970522878 6888706.599708964 0
1054 421495.091893478 6895172.714710364 0
1055 427012.8699708974 6893293.652778508 0
1056 429022.8139895861 6892976.257428936 0
1057 433056.405130372 6892623.344862259 0
1058 431323.3006974938 6894819.093586816 0
1059 421781.1421467546 6884517.085130332 0
1060 431505.46875 6890594.53125 0
1061 431063.4688156041 6887647.108803167 0
1062 423542.0194905516 6888197.740254724 0
1063 424340.3481501948 6892373.264976816 0
1064 425812.5 6888187.5 0
1065 425718.359375 6888337.5 0
1066 425587.6814069263 6888500.777706036 0
1067 425793.8616071428 6888639.732142857 0
1068 427012.5 6889987.5 0
1069 426884.398191835 6890151.699887553 0
1070 427103.2366071428 6890142.857142857 0
1071 427366.0539895444 6890259.158728345 0
1072 426962.5517740141 6890296.96969001 0
1073 426948.5026667129 6890441.509605421 0
1074 427110.8195351118 6890601.650998423 0
1075 426487.5 6891112.5 0
1076 426619.921875 6891262.5 0
1077 426862.5 6891937.5 0
1078 426887.3660651656 6892107.383075547 0
1079 426712.8452815309 6892262.094733562 0
1080 426924.5193086631 6892604.728606141 0
1081 426763.7284383734 6892770.298985574 0
1082 427177.7901785714 6892988.69047619 0
1083 427418.327245671 6893098.522960891 0
1084 427831.2247129172 6894174.252171714 0
1085 428437.5 6894712.5 0
1086 428509.714430392 6894930.682011495 0
1087 428942.6284843205 6895643.633337481 0
1088 429126.746608147 6895464.594796461 0
1089 429337.5 6895687.5 0
1090 429515.6904121702 6895555.879808935 0
1091 429518.9768848917 6895748.607079294 0
1092 429712.5 6895612.5 0
1093 430148.8722658368 6895614.467386863 0
1094 430344.6428571428 6895778.236607143 0
1095 430489.0580619585 6895609.400913469 0
1096 430520.6632653061 6895811.431760204 0
1097 430687.5 6895687.5 0
1098 430819.2935709916 6895917.927448735 0
1099 431137.5 6895762.5 0
1100 431341.642195412 6895984.885177788 0
1101 431500.0198459003 6895827.109757255 0
1102 431884.3097840527 6896222.139873702 0
1103 432070.2514105085 6896050.528468613 0
1104 432089.5280933693 6896260.790437669 0
1105 432262.5 6896137.5 0
1106 432274.2021375574 6896374.550583172 0
1107 432412.5 6896212.5 0
1108 432637.5 6896437.5 0
1109 432350.390646317 6896641.803239615 0
1110 433027.483716951 6896505.103325463 0
1111 424886.7578211937 6887885.006096036 0
1112 425071.6552431635 6887734.190972844 0
1113 425212.5 6887962.5 0
1114 425389.5682737074 6887844.806726293 0
1115 425403.1591101171 6888014.20970967 0
1116 425574.1311000455 6887884.768416914 0
1117 423353.2974642004 6888696.89540531 0
1118 423514.2507819507 6888857.848966161 0
1119 423320.2463485152 6889023.838633152 0
1120 423579.2134114589 6889014.268467369 0
1121 423555.8847536945 6889253.894074937 0
1122 423712.5 6889087.5 0
1123 424615.2332361516 6889909.766763848 0
1124 424453.1533668155 6890200.50734747 0
1125 424612.5 6890362.5 0
1126 424399.2047991072 6890504.143415178 0
1127 424612.5 6890737.5 0
1128 424450.2704981786 6890884.111009527 0
1129 424957.0160308442 6891203.774984781 0
1130 425209.0834548105 6891190.91654519 0
1131 425204.788961039 6891436.179445555 0
1132 425352.6846541407 6891258.649165101 0
1133 425662.5 6891487.5 0
1134 425819.2984983497 6891331.220087831 0
1135 425800.2422707161 6891565.870994172 0
1136 425962.5 6891412.5 0
1137 426097.6985603069 6891630.153421943 0
1138 426263.3899197853 6891490.699621686 0
1139 426255.814708947 6891732.355719452 0
1140 428737.5 6888487.5 0
1141 428577.1269425005 6888637.5 0
1142 428277.9709154579 6888495.898154845 0
1143 429028.90625 6889339.0625 0
1144 429208.3672331551 6889187.336062872 0
1145 429168.0989583333 6889390.364583333 0
1146 429336.8451053476 6889253.975406684 0
1147 429300.0631754718 6889491.614720485 0
1148 429487.5 6889312.5 0
1149 429486.3599388436 6889560.257737899 0
1150 429634.9998658596 6889393.759081217 0
1151 430175.8928571428 6890000.892857143 0
1152 430226.3164796627 6890274.193724419 0
1153 430408.0078125 6889831.919642857 0
1154 430612.5 6890287.5 0
1155 431298.5876688932 6890801.412331107 0
1156 431281.25 6891043.75 0
1157 431737.5 6891337.5 0
1158 431587.5 6891487.5 0
1159 431655 6891815.965967909 0
1160 431882.4799525946 6891859.603150746 0
1161 432072.6334629118 6892300.346862129 0
1162 432338.9701989292 6892437.231135916 0
1163 431862.5354969755 6892452.641942133 0
1164 432041.1323635057 6892612.5 0
1165 431886.2118054948 6892794.812727301 0
1166 431890.7546684647 6892970.85740263 0
1167 432037.5 6893287.5 0
1168 432033.3164629809 6893497.921458363 0
1169 432120.481711684 6893807.340880535 0
1170 432174.4766358925 6894254.017857143 0
1171 432037.5 6894412.5 0
1172 432474.9594155844 6894762.540584415 0
1173 432337.5 6894937.5 0
1174 432556.6395228787 6895226.957077815 0
1175 432425 6895406.25 0
1176 432635.7644415421 6895373.275423081 0
1177 432511.3346474954 6895555.119434137 0
1178 432710.7865698677 6895584.388387776 0
1179 432840.8072916667 6895771.432291667 0
1180 433162.5 6896437.5 0
1181 424555.6160543366 6889178.28721992 0
1182 424586.3432176758 6889359.320015618 0
1183 424791.4765953554 6890153.502034333 0
1184 425135.5738980418 6890008.132496734 0
1185 430288.6498862412 6889396.890306447 0
1186 430446.9762436224 6889633.131377551 0
1187 430237.5 6889687.5 0
1188 429104.1765588484 6890902.385070826 0
1189 429268.7310886876 6890748.244677354 0
1190 429561.2824675325 6890947.311282467 0
1191 430459.0834548105 6891640.91654519 0
1192 430462.5 6891862.5 0
1193 430614.6809032871 6891687.622740845 0
1194 430608.3803720265 6891954.261393905 0
1195 430778.8733959266 6891794.932809613 0
1196 430896.0129467298 6892012.546407112 0
1197 431062.5 6891862.5 0
1198 431236.3186737118 6892003.892492295 0
1199 431546.5301616301 6892179.915815355 0
1200 426934.5549220154 6891707.40810583 0
1201 429499.3732555883 6892711.921595848 0
1202 429637.5 6892537.5 0
1203 430591.4189844371 6893541.755310597 0
1204 430239.7704726205 6893593.216897326 0
1205 430777.6086725261 6893376.551106973 0
1206 430820.1425711975 6893566.818788731 0
1207 430977.6986336254 6893425.525456715 0
1208 430980.7242838705 6893667.024048322 0
1209 431140.1520868703 6893516.974837034 0
1210 431282.5762794735 6893730.512483945 0
1211 431450.0983031895 6893574.151906412 0
1212 431449.45947667 6893832.268649542 0
1213 431606.6426839989 6893678.995092491 0
1214 431649.0788731782 6893881.598179682 0
1215 424693.75 6893281.25 0
1216 425525.1592892596 6894229.585217589 0
1217 425338.6332128815 6894412.605435653 0
1218 425806.2150198204 6894764.217107448 0
1219 425950.9007652263 6894538.114974998 0
1220 425967.5770549737 6894848.624547628 0
1221 426123.7403122343 6894645.594003124 0
1222 426556.3768224924 6894855.659306586 0
1223 426698.8494693543 6894687.832469046 0
1224 426574.5776294977 6894448.832002212 0
1225 426698.0857633232 6894923.914789733 0
1226 426862.9708221192 6894792.647184012 0
1227 427003.9068556541 6895014.657591353 0
1228 427180.2739473864 6894848.703135429 0
1229 427166.6029608208 6895106.909156033 0
1230 427347.8535738791 6894966.890496711 0
1231 427365.9838097219 6895161.277576012 0
1232 427537.5 6895012.5 0
1233 427878.3735795455 6894995.287134741 0
1234 428090.6488272873 6895158.600409283 0
1235 423787.5 6893587.5 0
1236 424237.5 6893962.5 0
1237 424387.5 6893812.5 0
1238 424374.1649207741 6894062.917109557 0
1239 424546.1516931846 6893876.206944148 0
1240 424841.540284684 6894236.670566551 0
1241 424969.797881473 6894354.90530865 0
1242 431212.5 6895387.5 0
1243 431044.7311320727 6895503.317463377 0
1244 431287.5 6895537.5 0
1245 431362.5255161575 6895706.283973614 0
1246 436197.6990262067 6894842.310287679 0
1247 426234.749422178 6886999.330657091 0
1248 425806.9925320281 6889378.710052907 0
1249 424646.8119395872 6886207.731934111 0
1250 429561.6114900448 6891519.915881324 0
1251 426481.1807567349 6892614.238755724 0
1252 430096.9751199333 6896078.715366434 0
1253 427832.5810195284 6893803.402907414 0
1254 433975.0267912381 6896043.365703079 0
1255 430740.4961368215 6894289.56650996 0
1256 423203.2705036222 6888433.265933016 0
1257 427946.5944802054 6891778.241871663 0
1258 427337.7380512212 6885539.08105705 0
1259 423192.941517643 6888862.5 0
1260 424475.8629110016 6891333.914266539 0
1261 424009.8439548115 6886980.717095631 0
1262 427461.9471781158 6891434.988082714 0
1263 423351.4498673044 6888522.798895459 0
1264 431407.0031659864 6889954.208262857 0
1265 430484.8486250337 6892788.981634173 0
1266 423329.4639235078 6889245.812811173 0
1267 425222.6812934473 6891023.228909112 0
1268 431076.4580009782 6891019.793560871 0
1269 430723.5675776515 6890874.2524341 0
1270 430444.1725431977 6891086.878878829 0
1271 430218.75 6891881.25 0
1272 430042.6391314567 6891683.960627452 0
1273 426066.661360157 6888112.44404946 0
1274 422565.6740386251 6889186.608682835 0
1275 428975.870623226 6895076.019209032 0
1276 435300.8294444018 6885477.548541518 0
1277 429884.1634707194 6896010.320595931 0
1278 421923.6193099975 6888197.545061073 0
1279 425211.7501606342 6893325.01604885 0
1280 426801.9414950136 6893832.750194162 0
1281 422024.2832115415 6893572.760290142 0
1282 424467.2587692774 6888103.743736231 0
1283 430011.669777745 6892392.622434077 0
1284 432586.4087425133 6894380.909797972 0
1285 427106.25 6890831.25 0
1286 426468.75 6890868.75 0
1287 428706.2558362352 6895613.539018298 0
1288 428805.201786263 6889310.093349453 0
1289 429940.2238935017 6890019.419876327 0
1290 430574.5435069419 6890487.827335033 0
1291 431269.784011196 6891200.065101511 0
1292 428876.5578436921 6890901.591039593 0
1293 428382.2391277991 6890516.071714122 0
1294 430496.5250969299 6891417.776373606 0
1295 424709.674489987 6893064.876136067 0
1296 424896.1078603053 6893284.263698674 0
1297 425568.75 6894731.25 0
1298 434287.9175520146 6896353.720872379 0
1299 432745.4587787496 6893663.080047534 0
1300 424452.2683689796 6888538.622184047 0
1301 425212.5 6887212.5 0
1302 425582.7987445606 6887275.325536118 0
1303 425593.1175252819 6887523.516965874 0
1304 425820.8784291497 6887738.098124746 0
1305 426045.6876942853 6887733.823245867 0
1306 425790.1480553875 6887931.772802114 0
1307 425779.5062010467 6888880.13361718 0
1308 426112.5 6889087.5 0
1309 426584.8613627825 6889535.004618894 0
1310 426515.625 6889284.375 0
1311 426599.4458207911 6889764.893563801 0
1312 426339.7768574091 6889795.087912017 0
1313 426781.8657408325 6889661.749284707 0
1314 427027.6201194504 6889700.234166382 0
1315 426824.5627392721 6890575.484179186 0
1316 426937.5 6890812.5 0
1317 426913.4485028847 6891070.160330594 0
1318 426706.9348991668 6890800.1171411 0
1319 426712.5 6891112.5 0
1320 426741.6543878797 6891639.279630622 0
1321 426543.75 6891756.25 0
1322 427043.3948666988 6892779.356582331 0
1323 426938.4190617804 6892975.818456295 0
1324 427237.5 6893587.5 0
1325 427687.5 6894037.5 0
1326 427841.1531890121 6894429.671467381 0
1327 427593.75 6894431.25 0
1328 428437.5 6895162.5 0
1329 428436.1752824342 6895376.889547798 0
1330 428959.5440950399 6895371.849383484 0
1331 431669.2384489174 6896067.746049811 0
1332 431870.0548596128 6895971.083597536 0
1333 432904.2729591837 6896356.058673469 0
1334 426262.5 6887512.5 0
1335 424707.7153402871 6887653.798650416 0
1336 423412.5 6888262.5 0
1337 423733.0809549612 6889326.479186344 0
1338 423909.2230794713 6889211.769826097 0
1339 423920.3973060463 6889475.012515275 0
1340 423984.375 6889715.625 0
1341 424312.5 6889537.5 0
1342 424466.5557069049 6890051.98539576 0
1343 424682.1428571428 6890925 0
1344 428805.6152363745 6888858.694522571 0
1345 429053.3297221334 6889070.390845809 0
1346 429704.6046841979 6889611.410223569 0
1347 430326.265092134 6890070.768138068 0
1348 430831.4071285737 6890298.54446931 0
1349 431047.9501676596 6890805.446912932 0
1350 431527.8615797388 6891037.756912556 0
1351 431499.3450667177 6891328.736276845 0
1352 431751.0017680448 6892248.311689284 0
1353 432275.8314515515 6894413.676965471 0
1354 432254.6477826551 6894726.262855758 0
1355 432874.6028610356 6895995.096680317 0
1356 424714.0704825458 6889514.536265383 0
1357 431212.5 6889837.5 0
1358 430979.8816169653 6889881.667331251 0
1359 424146.875 6890528.125 0
1360 424143.75 6890756.25 0
1361 429123.4707458012 6890645.528404838 0
1362 429795.3125 6890979.6875 0
1363 429825.521660533 6890762.160555211 0
1364 430053.5687015053 6891055.050905001 0
1365 430077.0806196083 6891265.148938769 0
1366 430105.2270058952 6891500.548479708 0
1367 430223.6026895586 6891644.293184527 0
1368 431508.2142857143 6891941.956244455 0
1369 427087.5 6891862.5 0
1370 429499.9892317433 6892443.71769523 0
1371 429712.5 6892762.5 0
1372 430408.8563809724 6893122.709225896 0
1373 430395.6952957039 6893377.348557428 0
1374 430589.9608230259 6893280.016868811 0
1375 426637.5 6893137.5 0
1376 426698.8010383561 6893371.667852325 0
1377 433006.5235361116 6893292.679602036 0
1378 432712.5 6893287.5 0
1379 432337.5 6893287.5 0
1380 424444.316845845 6893305.085671572 0
1381 424688.0631607482 6893520.760368664 0
1382 424974.5034620991 6893806.559115994 0
1383 425244.6270402545 6893829.336230682 0
1384 425161.4265306122 6894040.971428571 0
1385 425380.2516143806 6894027.626794943 0
1386 425503.9736718645 6894503.309273398 0
1387 425775.7374502327 6894493.265173138 0
1388 423074.8812353932 6893678.232592083 0
1389 423338.6400434454 6893595.455251104 0
1390 423940.8614714479 6893823.863097789 0
1391 424172.7894328358 6893732.388188286 0
1392 424544.537753785 6894123.624102458 0
1393 424764.6545152317 6894045.206650184 0
1394 428662.5 6894187.5 0
1395 428510.7130947394 6894320.163187901 0
1396 428524.5473249678 6894568.461080317 0
1397 430668.5130381528 6894781.486961847 0
1398 430931.25 6894768.75 0
1399 430688.309178686 6895030.001568294 0
1400 430443.75 6895031.25 0
1401 430988.9891649842 6895320.488486354 0
1402 433946.4997292996 6894726.531909865 0
1403 433762.5 6895012.5 0
1404 433462.5 6895012.5 0
1405 433387.5 6895237.5 0
1406 433009.214956665 6895310.109793828 0
1407 433035.9450585526 6895134.62521818 0
1408 432971.8080357143 6895544.486607143 0
1409 433616.7222988245 6896366.605356706 0
1410 433387.5 6896437.5 0
1411 424262.8485198178 6895334.199801048 0
1412 435120.0428396356 6896307.857149915 0
1413 424521.4770381464 6887861.348279601 0
1414 428829.3099708498 6887774.120976314 0
1415 420965.1493868855 6886146.479060442 0
1416 435196.6551974925 6893240.880650043 0
1417 428967.6874142014 6894546.274103393 0
1418 429104.0745736164 6894187.5 0
1419 422575.4905662808 6893212.662987837 0
1420 424497.722303207 6889656.833090379 0
1421 423265.4383439145 6890729.835640765 0
1422 423048.6358883118 6885848.219732372 0
1423 422051.7048277627 6889111.81493659 0
1424 421569.2429871991 6888829.525696106 0
1425 423045.6671568145 6887708.872450521 0
1426 426970.0914333546 6887137.325150461 0
1427 424030.1711683669 6892915.218920217 0
1428 421748.4573482404 6897734.628916226 0
1429 434188.6344300392 6895020.892785511 0
1430 425929.4689468947 6892985.852835284 0
1431 427049.5207696234 6892280.926735121 0
1432 430286.4917060458 6895435.583723437 0
1433 430987.5 6896100 0
1434 431760.2813342458 6893317.691645044 0
1435 432624.4820509923 6894923.423069536 0
1436 432227.3221878366 6895252.562011607 0
1437 429562.5 6890625 0
1438 427549.8239309936 6895267.169493152 0
1439 427720.8039884989 6895252.607034069 0
1440 428513.286548977 6889161.713451023 0
1441 428734.8606105149 6885167.690880657 0
1442 431627.2495132237 6889214.985329762 0
1443 434248.1061880758 6894440.977880316 0
1444 433578.0665974486 6893362.5 0
1445 423594.5064580388 6893969.884826357 0
1446 427522.5354222728 6888928.574833971 0
1447 421028.931898922 6887867.587000927 0
1448 432215.6992406807 6892719.981517836 0
1449 422405.1245963764 6895063.045580931 0
1450 425007.749758945 6896184.213622079 0
1451 424206.1977976664 6898757.04391905 0
1452 428419.9414776894 6888146.283031994 0
1453 426169.3997299092 6888725.887562149 0
1454 429979.0098113735 6886679.20329896 0
1455 429922.025862069 6888727.42816092 0
1456 421867.903566497 6892307.73445502 0
1457 421131.9933661539 6891182.212426532 0
1458 436307.1236062173 6887774.898358287 0
1459 433233.9599877032 6884878.43022261 0
1460 429810.8594228871 6894507.049559785 0
1461 431237.5 6895812.5 0
1462 424650.4555393586 6890012.044460641 0
1463 431772.2736806251 6891482.540539016 0
1464 429396.537597387 6892106.893690064 0
1465 426013.7592923321 6889600.435716121 0
1466 427065.8515996053 6895885.032036686 0
1467 425451.3677037166 6886921.763251573 0
1468 433538.1206268964 6898698.026723082 0
1469 424119.4560245895 6887405.769152248 0
1470 430194.8577127585 6893337.811979075 0
1471 427241.3646824778 6894183.635317522 0
1472 428691.6074984913 6893525.936598266 0
1473 429036.0813019886 6893866.646816359 0
1474 425346.5646774434 6891537.339437122 0
1475 425714.919476241 6891204.453765472 0
1476 430164.0625 6894860.9375 0
1477 422249.9641266447 6894236.359464065 0
1478 427453.9954947872 6894247.191151747 0
1479 428062.5 6894187.5 0
1480 433578.8060558198 6897045.725859579 0
1481 429886.5700864728 6891509.032098264 0
1482 425202.584950141 6886170.851721878 0
1483 430808.2956674702 6889843.63762163 0
1484 432543.1214608043 6888199.583202557 0
1485 427587.3911125098 6893705.195303015 0
1486 425566.9775216061 6888818.493423087 0
1487 425153.2770332405 6889008.289787965 0
1488 431687.5824061976 6891184.165930997 0
1489 430186.1191860465 6892738.880813953 0
1490 424560.2378574723 6886779.197069757 0
1491 433232.8125 6895532.8125 0
1492 429862.4388638908 6893011.827376108 0
1493 434875.1273960738 6896615.792971702 0
1494 432285.7550173061 6893976.83178572 0
1495 430085.7645835537 6893145.938682125 0
1496 431014.5494513554 6894971.682929363 0
1497 431207.7460106383 6895092.253989362 0
1498 431070.0818923182 6890463.463272483 0
1499 431208.8054730302 6890606.700979084 0
1500 428963.4906346182 6892343.127361175 0
1501 428713.4173341701 6894551.049649521 0
1502 426312.0713626901 6889171.353236776 0
1503 430723.6864553101 6889161.813626405 0
1504 433747.7255870375 6894667.675450689 0
1505 428419.7049655375 6888859.135858594 0
1506 427078.125 6893896.875 0
1507 428712.3188577474 6895011.819566032 0
1508 434452.5923950102 6893843.554855814 0
1509 433445.0109894457 6892879.955921449 0
1510 422636.7796152252 6892578.893420969 0
1511 426280.3562929078 6894922.144326787 0
1512 431774.3774450397 6891672.884759623 0
1513 423393.8389877233 6886613.805784361 0
1514 432246.4828507416 6891352.494454954 0
1515 432388.9611576757 6890737.035786623 0
1516 431187.310845194 6889219.269243733 0
1517 423817.2473560157 6892021.27421854 0
1518 423177.2801633771 6892113.562597061 0
1519 427896.8973067023 6888307.834151329 0
1520 425753.5239361702 6894246.47606383 0
1521 431487.9553018249 6890856.761185353 0
1522 428940.9757653061 6890335.427295919 0
1523 427050 6893437.5 0
1524 432891.6932397959 6896417.139668368 0
1525 424510.0853160142 6889792.999986985 0
1526 424439.4507998512 6890611.107235863 0
1527 425287.5 6894225 0
1528 423096.9456231194 6888262.5 0
1529 426446.8726581555 6893317.829682098 0
1530 433017.4721413469 6892985.62611548 0
1531 431062.5 6892162.5 0
1532 427105.2502411778 6891558.29546757 0
1533 422921.9845575156 6894576.977673938 0
1534 436240.7210022184 6889818.839884989 0
1535 427287.6578876168 6893405.952294453 0
1536 434015.1183979086 6891656.940428768 0
1537 433652.8148567441 6890663.483097711 0
1538 431736.1918604651 6896962.063953488 0
1539 434897.6709166477 6898210.034765028 0
1540 424648.0715300148 6888916.937851337 0
1541 424433.0607854395 6892891.624834524 0
1542 432274.1875984492 6898692.134928019 0
1543 429581.6735860341 6887537.889039889 0
1544 426314.7767577913 6887262.433284243 0
1545 435438.742736281 6891464.512827844 0
1546 423114.8599724732 6893405.05351038 0
1547 427467.1148683795 6889543.036245962 0
1548 426065.2959650748 6887901.65406918 0
1549 426150 6888937.5 0
1550 425870.8828397404 6889022.153950838 0
1551 426601.5783530371 6891898.653601202 0
1552 429862.5 6895575 0
1553 431489.6096051749 6896083.589733007 0
1554 431695.0160400113 6895815.096416955 0
1555 425062.5 6888000 0
1556 425227.2039042765 6887702.447427674 0
1557 424617.4087273118 6890571.317304307 0
1558 425512.5 6891225 0
1559 425502.370688222 6891505.678168369 0
1560 426147.7124050208 6891379.470464544 0
1561 426425.4720643801 6891801.289688379 0
1562 432552.5163723371 6895077.346615342 0
1563 432515.3900477674 6893270.009026209 0
1564 426834.1184044216 6895035.629588968 0
1565 427688.6535213304 6894986.045353755 0
1566 428271.2665572475 6895171.388587257 0
1567 423639.1245605394 6893537.12532714 0
1568 423775.9820170971 6893854.98042992 0
1569 433950.5658880034 6895003.574661008 0
1570 422692.351264752 6893660.408078581 0
1571 422415.0494206991 6888422.06780692 0
1572 429273.8528701103 6892699.264563378 0
1573 429097.1834296631 6886206.700727097 0
1574 426710.9664542372 6887643.75 0
1575 425868.5065510462 6898148.166338396 0
1576 431217.2903253615 6890006.731344735 0
1577 432588.75 6895886.25 0
1578 421447.686702588 6894177.147706731 0
1579 422981.0160689033 6895405.285467555 0
1580 428458.161075979 6897172.792999324 0
1581 423963.6834321525 6884138.758223093 0
1582 432571.4876228269 6893552.536133243 0
1583 424956.9080772474 6892167.292636416 0
1584 430563.9474646109 6894581.94062619 0
1585 429220.9002315141 6891013.903451088 0
1586 426404.5598416519 6894601.203133181 0
1587 427213.8971735204 6890457.854222408 0
1588 431910.9709464924 6894270.175273522 0
1589 429700.6466463722 6895907.540708821 0
1590 430005.1897651087 6895880.52635544 0
1591 431727.7725364097 6889689.755898435 0
1592 431732.5367647059 6892612.5 0
1593 428621.5016507606 6891723.656136927 0
1594 437043.0477800849 6893540.329476258 0
1595 430595.3297316463 6889474.786586546 0
1596 428856.0346459763 6898557.223783948 0
1597 426271.935193113 6885466.217941841 0
1598 434366.4124184645 6897367.00236219 0
1599 423707.6971617897 6890291.358805379 0
1600 422482.1600129047 6887391.929811148 0
1601 433736.6425390654 6889772.646529753 0
1602 426693.3494795994 6892442.642374889 0
1603 428837.9613570016 6888662.048107435 0
1604 429119.9708495507 6895715.494737155 0
1605 429325.4690559602 6895395.989786344 0
1606 424693.9711967105 6887892.673173242 0
1607 424992.3079734234 6890934.342615 0
1608 425143.9583607923 6894436.785502833 0
1609 433844.7137110294 6896325.529174028 0
1610 434039.3321586601 6896237.526249031 0
1611 423404.5595692213 6893840.725925779 0
1612 424269.777877502 6885757.790247319 0
1613 433607.1816281421 6896619.892105187 0
1614 427457.6783459596 6892090.790719697 0
1615 431396.0091853311 6886419.324021867 0
1616 432119.6194901599 6892930.542845544 0
1617 429371.3699723171 6897277.323962111 0
1618 432811.8412574924 6893094.622056915 0
1619 426613.2755102566 6892092.882667603 0
1620 431064.6155596851 6889525.304843937 0
1621 423941.0322649792 6893366.458856957 0
1622 433107.7642504509 6895879.238340756 0
1623 424908.4768719532 6887617.885258357 0
1624 430819.7395802946 6895226.937453679 0
1625 425984.6609162102 6886601.470565957 0
1626 426895.4310937768 6888807.060761997 0
1627 432879.6152415651 6893474.397075008 0
1628 433583.5720268729 6894829.589697249 0
1629 433676.7857142857 6895226.785714285 0
1630 432048.2142857143 6894626.785714285 0
1631 431208.5736858189 6891761.221994799 0
1632 424584.7578466082 6894871.349753296 0
1633 423684.9517198653 6895485.905801281 0
1634 424205.9257003964 6896036.467848346 0
1635 424543.0190584543 6891069.650932295 0
1636 425192.711080445 6893616.200982384 0
1637 431152.6703763335 6896000.051488507 0
1638 431797.4757994612 6893138.698287006 0
1639 426135.0722246469 6894861.199574308 0
1640 425037.4247497295 6891379.565581666 0
1641 428255.8256164565 6894570.660078839 0
1642 430575 6890100 0
1643 431861.662921634 6892113.974812215 0
1644 432217.9755348851 6893427.22711678 0
1645 427912.5 6895283.472711268 0
1646 428480.7764075558 6891113.431891988 0
1647 426684.1123456745 6892617.079044391 0
1648 432996.8165819134 6889574.508075356 0
1649 434018.9852377549 6895701.453122647 0
1650 432703.5936071903 6893481.668875964 0
1651 432407.4081029399 6893498.400174267 0
1652 433380.7705738382 6896197.252700122 0
1653 430354.6831437209 6894266.608290321 0
1654 423948.3351020213 6887735.897271301 0
1655 431338.916611637 6884308.54439928 0
1656 432973.3236754967 6896819.919288079 0
1657 425833.3011049724 6892233.107734807 0
1658 421753.874555424 6887139.928867714 0
1659 424031.7109902943 6893589.941873188 0
1660 430814.7671785891 6890627.622612542 0
1661 425382.6732559568 6887452.299807151 0
1662 427287.7028563604 6891662.347157655 0
1663 429813.0349356461 6889814.381731529 0
1664 424788.75 6893711.25 0
1665 430255.945432601 6891300.809879383 0
1666 429897.6262581348 6889454.485984398 0
1667 428644.4145104875 6896521.083297629 0
1668 432032.5829923875 6888715.622370398 0
1669 432759.9330578414 6888906.568036938 0
1670 422128.3050753068 6896067.783575452 0
1671 426816.6242624224 6893564.061201868 0
1672 431550 6891637.5 0
1673 429892.0725860824 6890424.117166656 0
1674 429922.8883044904 6896891.970219243 0
1675 430581.2121267315 6897077.222201984 0
1676 424992.9384430549 6893510.782961415 0
1677 425510.5925956095 6888353.031602664 0
1678 429591.4772727273 6891158.522727272 0
1679 429304.7073418392 6888138.2129619 0
1680 436515.1515215842 6884383.37819026 0
1681 429247.8326612903 6889829.33467742 0
1682 430351.0146767556 6889111.195250715 0
1683 428914.9762334331 6894129.545489089 0
1684 427557.2469188508 6887143.838794725 0
1685 432276.4331035638 6889915.280711431 0
1686 426026.1861629578 6889335.706407684 0
1687 427312.2684541158 6896768.443791176 0
1688 428697.1052567019 6890665.381567725 0
1689 432363.1308225468 6897880.218037578 0
1690 435214.9723492757 6894929.366339797 0
1691 434583.9871031973 6895699.550975976 0
1692 433901.2688697063 6893882.681817054 0
1693 424942.7668883459 6886529.848967432 0
1694 426726.010450123 6886058.469596 0
1695 424509.2118105366 6893456.199685258 0
1696 425077.456926233 6889526.756736306 0
1697 427992.0447076384 6894595.280235094 0
1698 425542.2283114114 6890280.074270278 0
1699 428063.6801589557 6889219.609748106 0
1700 424395.0819968177 6887168.484709762 0
1701 431198.2149427662 6897274.080094141 0
1702 431060.0438336267 6898089.621950069 0
1703 433026.7494531189 6890758.873544817 0
1704 433236.4684566834 6890188.933034661 0
1705 423004.6055473139 6887160.782945951 0
1706 427779.578022964 6892877.675336568 0
1707 424052.3136352339 6894728.014502598 0
1708 430242.4706986754 6892954.26194567 0
1709 430469.1041797897 6890232.548199587 0
1710 433332.7726388173 6891263.180373466 0
1711 434580.6650292621 6886938.556320242 0
1712 425305.2324652023 6895554.992240206 0
1713 425756.9827773997 6895806.875566441 0
1714 424748.7805075843 6891193.538120876 0
1715 426757.03125 6891412.5 0
1716 427221.7819195775 6893197.772013422 0
1717 428497.0696713986 6888425.653162146 0
1718 424866.11713384 6889902.804153057 0
1719 435133.7670954143 6893770.454259966 0
1720 424785.5359258321 6895494.83945984 0
1721 427219.3640737764 6886520.164386645 0
1722 428726.9187212858 6889110.011137193 0
1723 426912.4627569912 6888083.563236414 0
1724 427006.6701082051 6893663.383770862 0
1725 430376.1849385733 6894811.570163468 0
1726 422988.1404505597 6884701.347763512 0
1727 433011.0969387755 6896354.400510204 0
1728 425925 6887562.5 0
1729 424574.4305758018 6889651.708272595 0
1730 424268.7542180969 6893184.448746192 0
1731 427289.9384552978 6893972.306442661 0
1732 428437.687552268 6892800.472538154 0
1733 435168.4738240103 6895216.802783202 0
1734 434324.0133042744 6894816.042885369 0
1735 431723.5066716537 6894571.075429781 0
1736 422900.4661268433 6888954.306365518 0
1737 427332.2917873519 6892794.602287257 0
1738 424992.0127100767 6885754.660238377 0
1739 424451.5626359424 6897248.7683026 0
1740 429512.5666593465 6893660.207159414 0
1741 423134.4164662744 6887999.028628608 0
1742 423396.8261766978 6887996.661776724 0
1743 424263.7501640306 6888844.204320882 0
1744 424058.4735162325 6888498.045623411 0
1745 426253.2776149996 6889559.397536181 0
1746 423733.2259361203 6885969.113473748 0
1747 428620.5308625748 6893849.918216006 0
1748 423131.012737404 6892605.953116623 0
1749 425767.5 6887332.5 0
1750 426119.0243350314 6887333.925505215 0
1751 422207.6695097666 6885631.389491075 0
1752 430771.4945796771 6896459.620499703 0
1753 420422.689671552 6894740.871413764 0
1754 424249.8602585566 6890233.130812872 0
1755 426570.0570641891 6887247.324944531 0
1756 429951.1707640878 6892683.268784938 0
1757 432466.6416707379 6896448.237184862 0
1758 427758.75 6883910.632324863 0
1759 429613.2317533326 6883963.3208223 0
1760 425450.7870887039 6893059.355084101 0
1761 422503.1787859839 6890499.287470869 0
1762 430798.7744916774 6892543.440974003 0
1763 424199.3264028687 6891635.992243649 0
1764 427626.7173721532 6896072.235283788 0
1765 436897.9707228763 6891544.427195126 0
1766 436602.9575022721 6886221.802243298 0
1767 429784.2369784635 6891276.781529551 0
1768 433211.5953947369 6895061.595394737 0
1769 424145.2835988082 6889715.611384185 0
1770 431041.7336555359 6888264.062352872 0
1771 431785.6881382352 6887868.792024123 0
1772 430621.326609313 6888014.345606831 0
1773 430397.1468896053 6887434.596094369 0
1774 435125.4881907378 6884062.871390877 0
1775 422892.8579456056 6893388.497046513 0
1776 420635.7366365347 6896617.654054894 0
1777 430167.9593228337 6895864.898492035 0
1778 429403.66741959 6890989.207898635 0
1779 426542.164490084 6894664.64460074 0
1780 425819.8618120412 6888469.231951953 0
1781 427138.8646283679 6890305.811682268 0
1782 432111.4058776713 6892499.17658598 0
1783 426233.5645233154 6893162.659456255 0
1784 426280.067209441 6892878.604119468 0
1785 428841.6969096492 6894360.717767275 0
1786 428792.2238994761 6888141.932703667 0
1787 426061.7303701238 6886284.604295924 0
1788 422956.9288004609 6898376.130374082 0
1789 426371.7125056651 6891255.068504796 0
1790 429862.8571260286 6895814.055380028 0
1791 434631.7314904314 6893347.652715599 0
1792 434907.6845296542 6896018.354694325 0
1793 432121.542677394 6896802.325500926 0
1794 430101.5625 6889673.4375 0
1795 432993.6568827591 6894430.281625446 0
1796 427620.6439399773 6894252.62039286 0
1797 426471.1496028561 6887594.094402198 0
1798 428427.2705906581 6890065.242559667 0
1799 428994.0035213681 6889557.065387498 0
1800 435839.0440984808 6893547.78790959 0
1801 425577.4782708389 6888635.673581625 0
1802 426928.1482541071 6892453.125930708 0
1803 431802.8307154105 6893445.130438398 0
1804 432175.7970650267 6894109.829107144 0
1805 432343.6439776749 6895092.260565939 0
1806 430000.5796877824 6895638.337468198 0
1807 430647.9186388732 6895904.677605965 0
1808 432582.4511253064 6896194.433335266 0
1809 425962.5 6891664.285714285 0
1810 429414.5581182502 6890743.790522185 0
1811 430762.5 6892039.285714285 0
1812 430935.8741454034 6891781.595385277 0
1813 431133.1835085026 6893764.116847413 0
1814 431287.5 6893485.714285715 0
1815 426271.8469290501 6894657.020982911 0
1816 426413.5618121412 6894852.605510864 0
1817 427012.5 6894760.714285715 0
1818 423491.610426414 6893610.361792624 0
1819 426563.3011867467 6892829.129416939 0
1820 424059.5718661059 6890016.436676436 0
1821 420557.895405859 6884131.718235344 0
1822 423627.4816358861 6893808.938071117 0
1823 432812.8813008072 6892201.451335983 0
1824 431006.913955671 6888796.532688334 0
1825 425984.375 6888690.625 0
1826 424290.625 6890759.375 0
1827 427565.6311381099 6889943.132688094 0
1828 433802.1167793315 6896574.19852651 0
1829 422038.4439444615 6892980.333654217 0
1830 424966.4027171558 6887280.289543074 0
1831 422883.5643721471 6889629.216551501 0
1832 433417.175051023 6892280.264082722 0
1833 436925.428293887 6897133.417094946 0
1834 427470.7845721283 6891758.273566346 0
1835 424791.1768682784 6892671.573134392 0
1836 430117.6259355124 6894427.977032447 0
1837 427551.2225342349 6887828.517059215 0
1838 425466.4705300633 6887108.529469937 0
1839 437013.926653282 6898623.35035121 0
1840 435168.6394196625 6895429.874501717 0
1841 428604.5355958582 6888792.376551228 0
1842 433824.175045191 6894804.160660503 0
1843 420483.7219993767 6898666.323898966 0
1844 431083.9318550607 6890075.91567436 0
1845 430931.4161944434 6893964.565406451 0
1846 427925.2166607841 6892377.677992774 0
1847 425651.4833177514 6886672.809366882 0
1848 427413.4046052631 6893711.595394737 0
1849 427574.3127895502 6893863.782267528 0
1850 428669.0785792902 6895384.833287944 0
1851 431046.6713187568 6889671.671318756 0
1852 424969.6980478579 6894635.395573705 0
1853 435999.195867766 6896365.951424656 0
1854 430838.6773584873 6895698.980956052 0
1855 430513.3924394289 6893907.650746798 0
1856 429435.959311285 6896719.09898056 0
1857 428988.7791695927 6896818.371413506 0
1858 432439.4611603752 6894564.818342814 0
1859 428791.2889293356 6895214.114693091 0
1860 432514.8331969684 6895730.508298835 0
1861 432737.819240773 6895917.639933662 0
1862 426312.9861927133 6886088.175239273 0
1863 426539.5153378043 6891610.208333333 0
1864 426792.2831632653 6891867.283163265 0
1865 427087.5 6893503.125 0
1866 427680.1609849943 6894194.405098215 0
1867 428288.9564041141 6894630.16501971 0
1868 428335.4166666667 6894985.416666667 0
1869 431285.2678571428 6895839.732142857 0
1870 431382.5090724116 6895816.678746174 0
1871 432950.6209292377 6896482.525831366 0
1872 424612.6138848396 6890059.261115161 0
1873 424612.5 6890137.5 0
1874 424605.8035714286 6890232.589285715 0
1875 424466.1126999628 6890659.026808966 0
1876 430196.8431122449 6889809.279336735 0
1877 430612.5 6890137.5 0
1878 431736.8184201563 6891551.885134754 0
1879 431737.3443612599 6891636.971189906 0
1880 431967.2831632653 6893357.716836735 0
1881 431970.8291157452 6893443.230364591 0
1882 431935.4166666667 6893785.416666667 0
1883 433113.9479926963 6896255.97739749 0
1884 433092.2831632653 6896367.283163265 0
1885 424662.8424141639 6889722.770428142 0
1886 425353.125 6894262.5 0
1887 423857.7168367347 6893657.716836735 0
1888 423951.6777475736 6893653.735468297 0
$EndNodes
$Elements
4495
1 1 2 2 1 1 720
2 1 2 2 1 720 721
3 1 2 2 1 721 722
4 1 2 2 1 722 723
5 1 2 2 1 723 724
6 1 2 2 1 724 725
7 1 2 2 1 725 726
8 1 2 2 1 726 727
9 1 2 2 1 727 2
10 1 2 2 2 2 728
11 1 2 2 2 728 729
12 1 2 2 2 729 730
13 1 2 2 2 730 731
14 1 2 2 2 731 732
15 1 2 2 2 732 733
16 1 2 2 2 733 734
17 1 2 2 2 734 735
18 1 2 2 2 735 736
19 1 2 2 2 736 3
20 1 2 2 3 3 737
21 1 2 2 3 737 738
22 1 2 2 3 738 739
23 1 2 2 3 739 740
24 1 2 2 3 740 741
25 1 2 2 3 741 742
26 1 2 2 3 742 743
27 1 2 2 3 743 744
28 1 2 2 3 744 4
29 1 2 2 4 4 745
30 1 2 2 4 745 746
31 1 2 2 4 746 747
32 1 2 2 4 747 748
33 1 2 2 4 748 749
34 1 2 2 4 749 750
35 1 2 2 4 750 751
36 1 2 2 4 751 752
37 1 2 2 4 752 753
38 1 2 2 4 753 1
39 1 2 4 5 5 6
40 1 2 4 6 6 7
41 1 2 4 7 7 8
42 1 2 4 8 8 9
43 1 2 4 9 9 10
44 1 2 4 10 10 11
45 1 2 4 11 11 12
46 1 2 4 12 12 13
47 1 2 4 13 13 14
48 1 2 4 14 14 15
49 1 2 4 15 15 16
50 1 2 4 16 16 17
51 1 2 4 17 17 18
52 1 2 4 18 18 19
53 1 2 4 19 19 20
54 1 2 4 20 20 21
55 1 2 4 21 21 22
56 1 2 4 22 22 23
57 1 2 4 23 23 24
58 1 2 4 24 24 25
59 1 2 4 25 25 26
60 1 2 4 26 26 27
61 1 2 4 27 27 28
62 1 2 4 28 28 29
63 1 2 4 29 29 30
64 1 2 4 30 30 31
65 1 2 4 31 31 32
66 1 2 4 32 32 33
67 1 2 4 33 33 34
68 1 2 4 34 34 35
69 1 2 4 35 35 36
70 1 2 4 36 36 37
71 1 2 4 37 37 38
72 1 2 4 38 38 39
73 1 2 4 39 39 40
74 1 2 4 40 40 41
75 1 2 4 41 41 42
76 1 2 4 42 42 43
77 1 2 4 43 43 44
78 1 2 4 44 44 45
79 1 2 4 45 45 46
80 1 2 4 46 46 47
81 1 2 4 47 47 48
82 1 2 4 48 48 49
83 1 2 4 49 49 50
84 1 2 4 50 50 51
85 1 2 4 51 51 52
86 1 2 4 52 52 53
87 1 2 4 53 53 54
88 1 2 4 54 54 55
89 1 2 4 55 55 56
90 1 2 4 56 56 57
91 1 2 4 57 57 58
92 1 2 4 58 58 59
93 1 2 4 59 59 60
94 1 2 4 60 60 61
95 1 2 4 61 61 62
96 1 2 4 62 62 63
97 1 2 4 63 63 64
98 1 2 4 64 64 65
99 1 2 4 65 65 66
100 1 2 4 66 66 67
101 1 2 4 67 67 68
102 1 2 4 68 68 69
103 1 2 4 69 69 70
104 1 2 4 70 70 71
105 1 2 4 71 71 72
106 1 2 4 72 72 73
107 1 2 4 73 73 74
108 1 2 4 74 74 75
109 1 2 4 75 75 76
110 1 2 4 76 76 77
111 1 2 4 77 77 78
112 1 2 4 78 78 79
113 1 2 4 79 79 80
114 1 2 4 80 80 81
115 1 2 4 81 81 82
116 1 2 4 82 82 83
117 1 2 4 83 83 84
118 1 2 4 84 84 85
119 1 2 4 85 85 86
120 1 2 4 86 86 87
121 1 2 4 87 87 88
122 1 2 4 88 88 89
123 1 2 4 89 89 90
124 1 2 4 90 90 91
125 1 2 4 91 91 92
126 1 2 4 92 92 93
127 1 2 4 93 93 94
128 1 2 4 94 94 95
129 1 2 4 95 95 96
130 1 2 4 96 96 97
131 1 2 4 97 97 98
132 1 2 4 98 98 99
133 1 2 4 99 99 100
134 1 2 4 100 100 101
135 1 2 4 101 101 102
136 1 2 4 102 102 103
137 1 2 4 103 103 104
138 1 2 4 104 104 105
139 1 2 4 105 105 106
140 1 2 4 106 106 107
141 1 2 4 107 107 108
142 1 2 4 108 108 109
143 1 2 4 109 109 110
144 1 2 4 110 110 111
145 1 2 4 111 111 112
146 1 2 4 112 112 113
147 1 2 4 113 113 114
148 1 2 4 114 114 115
149 1 2 4 115 115 116
150 1 2 4 116 116 117
151 1 2 4 117 117 118
152 1 2 4 118 118 119
153 1 2 4 119 119 120
154 1 2 4 120 120 121
155 1 2 4 121 121 122
156 1 2 4 122 122 123
157 1 2 4 123 123 124
158 1 2 4 124 124 125
159 1 2 4 125 125 126
160 1 2 4 126 126 127
161 1 2 4 127 127 128
162 1 2 4 128 128 129
163 1 2 4 129 129 130
164 1 2 4 130 130 131
165 1 2 4 131 131 132
166 1 2 4 132 132 133
167 1 2 4 133 133 134
168 1 2 4 134 134 135
169 1 2 4 135 135 136
170 1 2 4 136 136 137
171 1 2 4 137 137 138
172 1 2 4 138 138 139
173 1 2 4 139 139 140
174 1 2 4 140 140 141
175 1 2 4 141 141 142
176 1 2 4 142 142 143
177 1 2 4 143 143 144
178 1 2 4 144 144 145
179 1 2 4 145 145 146
180 1 2 4 146 146 147
181 1 2 4 147 147 148
182 1 2 4 148 148 149
183 1 2 4 149 149 150
184 1 2 4 150 150 151
185 1 2 4 151 151 152
186 1 2 4 152 152 153
187 1 2 4 153 153 154
188 1 2 4 154 154 155
189 1 2 4 155 155 156
190 1 2 4 156 156 157
191 1 2 4 157 157 158
192 1 2 4 158 158 159
193 1 2 4 159 159 160
194 1 2 4 160 160 161
195 1 2 4 161 161 162
196 1 2 4 162 162 163
197 1 2 4 163 163 164
198 1 2 4 164 164 165
199 1 2 4 165 165 166
200 1 2 4 166 166 167
201 1 2 4 167 167 168
202 1 2 4 168 168 169
203 1 2 4 169 169 170
204 1 2 4 170 170 171
205 1 2 4 171 171 172
206 1 2 4 172 172 173
207 1 2 4 173 173 174
208 1 2 4 174 174 175
209 1 2 4 175 175 176
210 1 2 4 176 176 177
211 1 2 4 177 177 178
212 1 2 4 178 178 179
213 1 2 4 179 180 181
214 1 2 4 180 181 182
215 1 2 4 181 182 183
216 1 2 4 182 183 184
217 1 2 4 183 184 185
218 1 2 4 184 185 16
219 1 2 4 185 186 187
220 1 2 4 186 187 188
221 1 2 4 187 188 189
222 1 2 4 188 189 190
223 1 2 4 189 190 191
224 1 2 4 190 191 192
225 1 2 4 191 192 193
226 1 2 4 192 193 194
227 1 2 4 193 194 195
228 1 2 4 194 195 196
229 1 2 4 195 196 197
230 1 2 4 196 197 198
231 1 2 4 197 198 199
232 1 2 4 198 199 200
233 1 2 4 199 200 201
234 1 2 4 200 201 22
235 1 2 4 201 202 203
236 1 2 4 202 203 204
237 1 2 4 203 204 205
238 1 2 4 204 205 206
239 1 2 4 205 206 207
240 1 2 4 206 207 208
241 1 2 4 207 208 209
242 1 2 4 208 209 210
243 1 2 4 209 210 211
244 1 2 4 210 211 212
245 1 2 4 211 212 213
246 1 2 4 212 213 214
247 1 2 4 213 214 215
248 1 2 4 214 215 216
249 1 2 4 215 216 217
250 1 2 4 216 217 218
251 1 2 4 217 218 219
252 1 2 4 218 219 220
253 1 2 4 219 220 221
254 1 2 4 220 221 222
255 1 2 4 221 222 223
256 1 2 4 222 223 224
257 1 2 4 223 224 225
258 1 2 4 224 225 226
259 1 2 4 225 226 227
260 1 2 4 226 227 228
261 1 2 4 227 228 229
262 1 2 4 228 229 230
263 1 2 4 229 230 231
264 1 2 4 230 231 232
265 1 2 4 231 232 233
266 1 2 4 232 233 234
267 1 2 4 233 234 235
268 1 2 4 234 235 236
269 1 2 4 235 236 237
270 1 2 4 236 237 238
271 1 2 4 237 238 239
272 1 2 4 238 239 240
273 1 2 4 239 240 241
274 1 2 4 240 241 242
275 1 2 4 241 242 243
276 1 2 4 242 243 244
277 1 2 4 243 244 245
278 1 2 4 244 245 246
279 1 2 4 245 246 247
280 1 2 4 246 247 248
281 1 2 4 247 248 249
282 1 2 4 248 249 250
283 1 2 4 249 250 251
284 1 2 4 250 251 252
285 1 2 4 251 252 253
286 1 2 4 252 253 254
287 1 2 4 253 254 255
288 1 2 4 254 255 256
289 1 2 4 255 256 257
290 1 2 4 256 257 258
291 1 2 4 257 258 259
292 1 2 4 258 259 260
293 1 2 4 259 260 261
294 1 2 4 260 261 262
295 1 2 4 261 262 263
296 1 2 4 262 263 264
297 1 2 4 263 264 265
298 1 2 4 264 265 266
299 1 2 4 265 266 267
300 1 2 4 266 267 268
301 1 2 4 267 268 269
302 1 2 4 268 269 72
303 1 2 4 269 270 271
304 1 2 4 270 271 272
305 1 2 4 271 272 273
306 1 2 4 272 273 274
307 1 2 4 273 274 275
308 1 2 4 274 275 276
309 1 2 4 275 276 277
310 1 2 4 276 277 278
311 1 2 4 277 278 279
312 1 2 4 278 279 280
313 1 2 4 279 280 281
314 1 2 4 280 281 282
315 1 2 4 281 282 283
316 1 2 4 282 283 284
317 1 2 4 283 284 285
318 1 2 4 284 285 286
319 1 2 4 285 286 287
320 1 2 4 286 287 288
321 1 2 4 287 288 289
322 1 2 4 288 289 290
323 1 2 4 289 290 291
324 1 2 4 290 291 292
325 1 2 4 291 292 293
326 1 2 4 292 293 294
327 1 2 4 293 294 295
328 1 2 4 294 295 296
329 1 2 4 295 296 297
330 1 2 4 296 297 298
331 1 2 4 297 298 299
332 1 2 4 298 299 300
333 1 2 4 299 300 301
334 1 2 4 300 301 302
335 1 2 4 301 302 303
336 1 2 4 302 303 304
337 1 2 4 303 304 305
338 1 2 4 304 305 306
339 1 2 4 305 306 307
340 1 2 4 306 307 308
341 1 2 4 307 308 309
342 1 2 4 308 309 310
343 1 2 4 309 310 311
344 1 2 4 310 311 312
345 1 2 4 311 312 313
346 1 2 4 312 313 314
347 1 2 4 313 314 315
348 1 2 4 314 315 316
349 1 2 4 315 316 317
350 1 2 4 316 317 318
351 1 2 4 317 318 319
352 1 2 4 318 319 320
353 1 2 4 319 320 321
354 1 2 4 320 321 322
355 1 2 4 321 322 323
356 1 2 4 322 323 324
357 1 2 4 323 324 325
358 1 2 4 324 325 326
359 1 2 4 325 326 327
360 1 2 4 326 327 328
361 1 2 4 327 328 329
362 1 2 4 328 329 330
363 1 2 4 329 330 331
364 1 2 4 330 331 332
365 1 2 4 331 332 333
366 1 2 4 332 333 334
367 1 2 4 333 334 335
368 1 2 4 334 335 336
369 1 2 4 335 336 337
370 1 2 4 336 337 338
371 1 2 4 337 338 339
372 1 2 4 338 339 340
373 1 2 4 339 340 341
374 1 2 4 340 341 342
375 1 2 4 341 342 343
376 1 2 4 342 343 344
377 1 2 4 343 344 345
378 1 2 4 344 345 346
379 1 2 4 345 346 347
380 1 2 4 346 347 348
381 1 2 4 347 348 349
382 1 2 4 348 349 350
383 1 2 4 349 350 351
384 1 2 4 350 351 352
385 1 2 4 351 352 353
386 1 2 4 352 353 354
387 1 2 4 353 354 355
388 1 2 4 354 355 356
389 1 2 4 355 356 357
390 1 2 4 356 357 358
391 1 2 4 357 358 359
392 1 2 4 358 359 360
393 1 2 4 359 360 361
394 1 2 4 360 361 362
395 1 2 4 361 362 363
396 1 2 4 362 363 364
397 1 2 4 363 364 365
398 1 2 4 364 365 366
399 1 2 4 365 366 367
400 1 2 4 366 367 368
401 1 2 4 367 368 369
402 1 2 4 368 369 370
403 1 2 4 369 370 371
404 1 2 4 370 371 372
405 1 2 4 371 372 373
406 1 2 4 372 373 374
407 1 2 4 373 374 375
408 1 2 4 374 375 376
409 1 2 4 375 376 377
410 1 2 4 376 377 378
411 1 2 4 377 378 379
412 1 2 4 378 379 380
413 1 2 4 379 380 381
414 1 2 4 380 381 382
415 1 2 4 381 382 383
416 1 2 4 382 383 384
417 1 2 4 383 384 385
418 1 2 4 384 385 386
419 1 2 4 385 386 387
420 1 2 4 386 387 388
421 1 2 4 387 388 389
422 1 2 4 388 389 390
423 1 2 4 389 390 178
424 1 2 4 390 391 392
425 1 2 4 391 392 393
426 1 2 4 392 393 394
427 1 2 4 393 394 395
428 1 2 4 394 395 396
429 1 2 4 395 396 397
430 1 2 4 396 397 398
431 1 2 4 397 398 399
432 1 2 4 398 399 400
433 1 2 4 399 400 401
434 1 2 4 400 401 402
435 1 2 4 401 402 403
436 1 2 4 402 403 404
437 1 2 4 403 404 405
438 1 2 4 404 405 232
439 1 2 4 405 406 407
440 1 2 4 406 407 408
441 1 2 4 407 408 409
442 1 2 4 408 409 410
443 1 2 4 409 410 411
444 1 2 4 410 411 412
445 1 2 4 411 412 299
446 1 2 4 412 413 414
447 1 2 4 413 414 415
448 1 2 4 414 415 416
449 1 2 4 415 416 417
450 1 2 4 416 417 418
451 1 2 4 417 418 419
452 1 2 4 418 419 420
453 1 2 4 419 420 421
454 1 2 4 420 421 422
455 1 2 4 421 422 303
456 1 2 4 422 423 424
457 1 2 4 423 424 425
458 1 2 4 424 425 426
459 1 2 4 425 426 427
460 1 2 4 426 427 428
461 1 2 4 427 428 240
462 1 2 4 428 429 430
463 1 2 4 429 430 431
464 1 2 4 430 431 432
465 1 2 4 431 432 433
466 1 2 4 432 433 434
467 1 2 4 433 434 435
468 1 2 4 434 435 436
469 1 2 4 435 436 437
470 1 2 4 436 437 438
471 1 2 4 437 438 439
472 1 2 4 438 439 440
473 1 2 4 439 440 441
474 1 2 4 440 441 442
475 1 2 4 441 442 443
476 1 2 4 442 443 444
477 1 2 4 443 444 445
478 1 2 4 444 445 446
479 1 2 4 445 446 447
480 1 2 4 446 447 448
481 1 2 4 447 448 449
482 1 2 4 448 449 450
483 1 2 4 449 450 451
484 1 2 4 450 451 452
485 1 2 4 451 452 453
486 1 2 4 452 453 454
487 1 2 4 453 454 455
488 1 2 4 454 455 456
489 1 2 4 455 456 457
490 1 2 4 456 457 458
491 1 2 4 457 458 459
492 1 2 4 458 459 460
493 1 2 4 459 460 461
494 1 2 4 460 461 462
495 1 2 4 461 462 463
496 1 2 4 462 463 464
497 1 2 4 463 464 465
498 1 2 4 464 465 466
499 1 2 4 465 466 467
500 1 2 4 466 467 330
501 1 2 4 467 468 469
502 1 2 4 468 469 470
503 1 2 4 469 470 323
504 1 2 4 470 471 472
505 1 2 4 471 472 473
506 1 2 4 472 473 474
507 1 2 4 473 474 475
508 1 2 4 474 475 476
509 1 2 4 475 476 74
510 1 2 4 476 477 478
511 1 2 4 477 478 479
512 1 2 4 478 479 480
513 1 2 4 479 480 481
514 1 2 4 480 481 482
515 1 2 4 481 482 483
516 1 2 4 482 483 484
517 1 2 4 483 484 485
518 1 2 4 484 485 486
519 1 2 4 485 486 487
520 1 2 4 486 487 488
521 1 2 4 487 488 489
522 1 2 4 488 489 490
523 1 2 4 489 490 491
524 1 2 4 490 491 492
525 1 2 4 491 492 493
526 1 2 4 492 493 494
527 1 2 4 493 494 495
528 1 2 4 494 495 496
529 1 2 4 495 496 497
530 1 2 4 496 497 498
531 1 2 4 497 498 499
532 1 2 4 498 499 500
533 1 2 4 499 500 501
534 1 2 4 500 501 502
535 1 2 4 501 502 503
536 1 2 4 502 503 504
537 1 2 4 503 504 505
538 1 2 4 504 505 506
539 1 2 4 505 506 507
540 1 2 4 506 507 508
541 1 2 4 507 508 509
542 1 2 4 508 509 510
543 1 2 4 509 510 511
544 1 2 4 510 511 353
545 1 2 4 511 512 513
546 1 2 4 512 513 514
547 1 2 4 513 514 515
548 1 2 4 514 515 516
549 1 2 4 515 516 517
550 1 2 4 516 517 518
551 1 2 4 517 518 519
552 1 2 4 518 519 520
553 1 2 4 519 520 98
554 1 2 4 520 521 522
555 1 2 4 521 522 523
556 1 2 4 522 523 524
557 1 2 4 523 524 525
558 1 2 4 524 525 526
559 1 2 4 525 526 527
560 1 2 4 526 527 528
561 1 2 4 527 528 529
562 1 2 4 528 529 530
563 1 2 4 529 530 531
564 1 2 4 530 531 532
565 1 2 4 531 532 533
566 1 2 4 532 533 534
567 1 2 4 533 534 535
568 1 2 4 534 535 536
569 1 2 4 535 536 347
570 1 2 4 536 537 538
571 1 2 4 537 538 539
572 1 2 4 538 539 540
573 1 2 4 539 540 541
574 1 2 4 540 541 542
575 1 2 4 541 542 543
576 1 2 4 542 543 544
577 1 2 4 543 544 545
578 1 2 4 544 545 546
579 1 2 4 545 546 547
580 1 2 4 546 547 548
581 1 2 4 547 548 549
582 1 2 4 548 549 550
583 1 2 4 549 550 551
584 1 2 4 550 551 552
585 1 2 4 551 552 553
586 1 2 4 552 553 554
587 1 2 4 553 554 555
588 1 2 4 554 555 556
589 1 2 4 555 556 557
590 1 2 4 556 557 558
591 1 2 4 557 558 559
592 1 2 4 558 559 560
593 1 2 4 559 560 561
594 1 2 4 560 561 562
595 1 2 4 561 562 563
596 1 2 4 562 563 564
597 1 2 4 563 564 565
598 1 2 4 564 565 566
599 1 2 4 565 566 567
600 1 2 4 566 567 568
601 1 2 4 567 568 569
602 1 2 4 568 569 570
603 1 2 4 569 570 571
604 1 2 4 570 571 572
605 1 2 4 571 572 573
606 1 2 4 572 573 574
607 1 2 4 573 574 575
608 1 2 4 574 575 576
609 1 2 4 575 576 577
610 1 2 4 576 577 578
611 1 2 4 577 578 579
612 1 2 4 578 579 580
613 1 2 4 579 580 581
614 1 2 4 580 581 582
615 1 2 4 581 582 583
616 1 2 4 582 583 584
617 1 2 4 583 584 585
618 1 2 4 584 585 586
619 1 2 4 585 586 587
620 1 2 4 586 587 588
621 1 2 4 587 588 589
622 1 2 4 588 589 590
623 1 2 4 589 590 591
624 1 2 4 590 591 592
625 1 2 4 591 592 593
626 1 2 4 592 593 119
627 1 2 4 593 594 595
628 1 2 4 594 595 596
629 1 2 4 595 596 597
630 1 2 4 596 597 598
631 1 2 4 597 598 599
632 1 2 4 598 599 600
633 1 2 4 599 600 601
634 1 2 4 600 601 602
635 1 2 4 601 602 603
636 1 2 4 602 603 604
637 1 2 4 603 604 605
638 1 2 4 604 605 606
639 1 2 4 605 606 607
640 1 2 4 606 607 608
641 1 2 4 607 608 609
642 1 2 4 608 609 610
643 1 2 4 609 610 611
644 1 2 4 610 611 612
645 1 2 4 611 612 613
646 1 2 4 612 613 614
647 1 2 4 613 614 615
648 1 2 4 614 615 616
649 1 2 4 615 616 617
650 1 2 4 616 617 618
651 1 2 4 617 618 619
652 1 2 4 618 619 620
653 1 2 4 619 620 621
654 1 2 4 620 621 622
655 1 2 4 621 622 623
656 1 2 4 622 623 624
657 1 2 4 623 624 553
658 1 2 4 624 625 605
659 1 2 4 625 626 627
660 1 2 4 626 627 628
661 1 2 4 627 628 629
662 1 2 4 628 629 630
663 1 2 4 629 630 631
664 1 2 4 630 631 632
665 1 2 4 631 632 633
666 1 2 4 632 633 634
667 1 2 4 633 634 635
668 1 2 4 634 635 115
669 1 2 4 635 636 637
670 1 2 4 636 637 638
671 1 2 4 637 638 639
672 1 2 4 638 639 640
673 1 2 4 639 640 641
674 1 2 4 640 641 642
675 1 2 4 641 642 643
676 1 2 4 642 643 644
677 1 2 4 643 644 645
678 1 2 4 644 645 646
679 1 2 4 645 646 647
680 1 2 4 646 647 648
681 1 2 4 647 648 649
682 1 2 4 648 649 650
683 1 2 4 649 650 651
684 1 2 4 650 651 652
685 1 2 4 651 652 653
686 1 2 4 652 653 157
687 1 2 4 653 654 655
688 1 2 4 654 655 656
689 1 2 4 655 656 657
690 1 2 4 656 657 658
691 1 2 4 657 658 659
692 1 2 4 658 659 660
693 1 2 4 659 660 661
694 1 2 4 660 661 662
695 1 2 4 661 662 663
696 1 2 4 662 663 664
697 1 2 4 663 664 665
698 1 2 4 664 665 666
699 1 2 4 665 666 667
700 1 2 4 666 667 668
701 1 2 4 667 668 669
702 1 2 4 668 669 670
703 1 2 4 669 670 671
704 1 2 4 670 671 672
705 1 2 4 671 672 673
706 1 2 4 672 673 379
707 1 2 4 673 674 675
708 1 2 4 674 675 676
709 1 2 4 675 676 677
710 1 2 4 676 677 678
711 1 2 4 677 678 679
712 1 2 4 678 679 680
713 1 2 4 679 680 681
714 1 2 4 680 681 682
715 1 2 4 681 682 683
716 1 2 4 682 683 684
717 1 2 4 683 684 387
718 1 2 3 684 685 686
719 1 2 3 685 686 687
720 1 2 3 686 687 688
721 1 2 3 687 688 689
722 1 2 3 688 689 754
723 1 2 3 688 754 690
724 1 2 4 689 690 755
725 1 2 4 689 755 691
726 1 2 3 690 691 756
727 1 2 3 690 756 692
728 1 2 3 691 692 757
729 1 2 3 691 757 758
730 1 2 3 691 758 759
731 1 2 3 691 759 693
732 1 2 3 692 693 760
733 1 2 3 692 760 694
734 1 2 3 693 694 695
735 1 2 3 694 695 696
736 1 2 3 695 697 687
737 1 2 3 696 698 699
738 1 2 3 697 699 761
739 1 2 3 697 761 700
740 1 2 3 698 700 762
741 1 2 3 698 762 701
742 1 2 3 699 701 702
743 1 2 3 700 702 703
744 1 2 3 701 703 704
745 1 2 3 702 704 763
746 1 2 3 702 763 705
747 1 2 3 703 705 706
748 1 2 3 704 706 707
749 1 2 3 705 707 708
750 1 2 3 706 709 710
751 1 2 3 707 710 695
752 1 2 3 708 711 712
753 1 2 3 709 712 713
754 1 2 3 710 713 714
755 1 2 3 711 714 702
756 1 2 3 712 715 716
757 1 2 3 713 716 717
758 1 2 3 714 717 718
759 1 2 3 715 718 719
760 2 2 1 1 841 1656 1480
761 2 2 1 1 1536 1832 1034
762 2 2 1 1 775 1832 1536
763 2 2 1 1 795 1466 832
764 2 2 1 1 484 1492 485
765 2 2 1 1 512 1529 513
766 2 2 1 1 787 1518 1517
767 2 2 1 1 608 1390 945
768 2 2 1 1 616 1392 946
769 2 2 1 1 719 996 718
770 2 2 1 1 1035 1339 1337
771 2 2 1 1 780 1687 1580
772 2 2 1 1 699 1031 698
773 2 2 1 1 637 1584 636
774 2 2 1 1 1261 1513 950
775 2 2 1 1 703 701 702
776 2 2 1 1 921 1514 874
777 2 2 1 1 521 1530 522
778 2 2 1 1 221 915 220
779 2 2 1 1 859 1611 597
780 2 2 1 1 906 1589 1091
781 2 2 1 1 1456 1457 988
782 2 2 1 1 838 1286 781
783 2 2 1 1 329 1020 328
784 2 2 1 1 704 986 763
785 2 2 1 1 96 1535 95
786 2 2 1 1 253 1474 254
787 2 2 1 1 258 1475 257
788 2 2 1 1 1452 1717 270
789 2 2 1 1 893 1514 468
790 2 2 1 1 688 687 697
791 2 2 1 1 685 1424 697
792 2 2 1 1 201 1306 200
793 2 2 1 1 597 1388 859
794 2 2 1 1 1615 1773 1061
795 2 2 1 1 243 1635 244
796 2 2 1 1 1024 1430 858
797 2 2 1 1 1509 1530 521
798 2 2 1 1 246 917 245
799 2 2 1 1 468 921 469
800 2 2 1 1 391 915 392
801 2 2 1 1 1415 1821 720
802 2 2 1 1 582 1438 583
803 2 2 1 1 80 1431 79
804 2 2 1 1 1034 1509 994
805 2 2 1 1 700 1046 762
806 2 2 1 1 633 1641 634
807 2 2 1 1 21 1306 201
808 2 2 1 1 476 1320 74
809 2 2 1 1 245 1343 244
810 2 2 1 1 332 1352 333
811 2 2 1 1 383 1355 384
812 2 2 1 1 418 1358 419
813 2 2 1 1 672 1408 671
814 2 2 1 1 36 1686 37
815 2 2 1 1 831 1823 1018
816 2 2 1 1 898 1034 994
817 2 2 1 1 1219 1520 1387
818 2 2 1 1 583 1439 584
819 2 2 1 1 181 1544 182
820 2 2 1 1 768 1042 1023
821 2 2 1 1 771 1773 1543
822 2 2 1 1 1006 1589 906
823 2 2 1 1 731 1596 766
824 2 2 1 1 270 1786 1452
825 2 2 1 1 891 1504 845
826 2 2 1 1 6 1050 5
827 2 2 1 1 875 1599 1421
828 2 2 1 1 67 1003 68
829 2 2 1 1 929 1540 1181
830 2 2 1 1 889 1444 521
831 2 2 1 1 413 1591 1442
832 2 2 1 1 1311 1312 976
833 2 2 1 1 991 1513 1261
834 2 2 1 1 857 1207 936
835 2 2 1 1 111 1479 110
836 2 2 1 1 1042 1452 1414
837 2 2 1 1 1477 1533 859
838 2 2 1 1 1042 1414 1023
839 2 2 1 1 463 951 464
840 2 2 1 1 632 968 633
841 2 2 1 1 699 1598 761
842 2 2 1 1 382 1622 381
843 2 2 1 1 357 1588 358
844 2 2 1 1 875 1359 423
845 2 2 1 1 68 1003 69
846 2 2 1 1 590 1004 589
847 2 2 1 1 40 1502 39
848 2 2 1 1 1450 1739 770
849 2 2 1 1 769 1518 787
850 2 2 1 1 308 1498 307
851 2 2 1 1 1536 1710 775
852 2 2 1 1 1056 1732 1472
853 2 2 1 1 830 1519 1446
854 2 2 1 1 277 1722 278
855 2 2 1 1 103 1478 104
856 2 2 1 1 486 1495 487
857 2 2 1 1 488 1495 489
858 2 2 1 1 643 1496 642
859 2 2 1 1 1018 1514 831
860 2 2 1 1 594 1570 1388
861 2 2 1 1 828 1475 838
862 2 2 1 1 991 1746 1513
863 2 2 1 1 1612 1738 963
864 2 2 1 1 107 1796 108
865 2 2 1 1 1415 1658 764
866 2 2 1 1 339 1448 338
867 2 2 1 1 667 1491 666
868 2 2 1 1 721 1415 720
869 2 2 1 1 310 1499 309
870 2 2 1 1 645 1497 644
871 2 2 1 1 686 1278 685
872 2 2 1 1 831 1514 893
873 2 2 1 1 1421 1599 786
874 2 2 1 1 48 1314 47
875 2 2 1 1 213 1266 214
876 2 2 1 1 249 1267 248
877 2 2 1 1 312 1268 313
878 2 2 1 1 438 1363 437
879 2 2 1 1 449 1271 450
880 2 2 1 1 1580 1667 780
881 2 2 1 1 654 1443 1402
882 2 2 1 1 1442 1516 413
883 2 2 1 1 859 1570 1477
884 2 2 1 1 1059 1821 1415
885 2 2 1 1 1473 1747 626
886 2 2 1 1 693 1050 760
887 2 2 1 1 1305 1334 184
888 2 2 1 1 771 1679 1455
889 2 2 1 1 308 1660 309
890 2 2 1 1 306 1660 307
891 2 2 1 1 837 1052 776
892 2 2 1 1 987 1438 943
893 2 2 1 1 837 1707 945
894 2 2 1 1 483 1756 482
895 2 2 1 1 1477 1570 1281
896 2 2 1 1 690 1022 754
897 2 2 1 1 1449 1477 1054
898 2 2 1 1 725 988 724
899 2 2 1 1 669 1021 670
900 2 2 1 1 428 1128 240
901 2 2 1 1 1250 1464 811
902 2 2 1 1 945 1707 860
903 2 2 1 1 1037 1262 783
904 2 2 1 1 1056 1472 789
905 2 2 1 1 521 1377 889
906 2 2 1 1 36 1550 1248
907 2 2 1 1 1023 1543 1454
908 2 2 1 1 803 1464 1250
909 2 2 1 1 781 1286 819
910 2 2 1 1 545 1676 544
911 2 2 1 1 543 1676 542
912 2 2 1 1 790 1605 907
913 2 2 1 1 1415 1751 1059
914 2 2 1 1 747 1459 746
915 2 2 1 1 1477 1578 1054
916 2 2 1 1 1444 1509 521
917 2 2 1 1 689 1274 754
918 2 2 1 1 98 1724 99
919 2 2 1 1 519 1724 520
920 2 2 1 1 803 1593 1500
921 2 2 1 1 1018 1823 775
922 2 2 1 1 447 1665 446
923 2 2 1 1 293 1666 292
924 2 2 1 1 764 1705 1513
925 2 2 1 1 112 1697 113
926 2 2 1 1 905 1605 790
927 2 2 1 1 351 964 350
928 2 2 1 1 1584 1653 636
929 2 2 1 1 843 1212 937
930 2 2 1 1 20 1273 19
931 2 2 1 1 896 1612 963
932 2 2 1 1 939 1520 1219
933 2 2 1 1 419 1483 420
934 2 2 1 1 743 1458 742
935 2 2 1 1 1205 1207 857
936 2 2 1 1 38 1686 39
937 2 2 1 1 8 1838 7
938 2 2 1 1 1515 1685 788
939 2 2 1 1 1500 1572 477
940 2 2 1 1 898 1536 1034
941 2 2 1 1 687 1278 686
942 2 2 1 1 891 1628 1504
943 2 2 1 1 766 1575 731
944 2 2 1 1 636 1836 1476
945 2 2 1 1 626 1683 1473
946 2 2 1 1 15 1728 14
947 2 2 1 1 113 1641 112
948 2 2 1 1 184 1728 185
949 2 2 1 1 732 1596 731
950 2 2 1 1 1043 1345 1144
951 2 2 1 1 487 1708 486
952 2 2 1 1 797 1520 939
953 2 2 1 1 875 1421 787
954 2 2 1 1 702 995 703
955 2 2 1 1 179 1656 1110
956 2 2 1 1 1430 1760 858
957 2 2 1 1 803 1500 1464
958 2 2 1 1 1422 1746 896
959 2 2 1 1 988 1457 724
960 2 2 1 1 406 1595 1503
961 2 2 1 1 1053 1534 1458
962 2 2 1 1 773 1685 1515
963 2 2 1 1 840 1262 1037
964 2 2 1 1 1370 1464 477
965 2 2 1 1 33 1825 32
966 2 2 1 1 426 1826 427
967 2 2 1 1 762 1609 674
968 2 2 1 1 1410 1613 678
969 2 2 1 1 114 1004 115
970 2 2 1 1 1281 1578 1477
971 2 2 1 1 703 1254 701
972 2 2 1 1 736 1539 735
973 2 2 1 1 1052 1533 776
974 2 2 1 1 112 968 111
975 2 2 1 1 417 1844 416
976 2 2 1 1 963 1007 751
977 2 2 1 1 787 1421 769
978 2 2 1 1 885 1600 966
979 2 2 1 1 353 978 354
980 2 2 1 1 47 976 48
981 2 2 1 1 225 977 226
982 2 2 1 1 1455 1679 813
983 2 2 1 1 759 1830 5
984 2 2 1 1 852 1253 778
985 2 2 1 1 589 952 588
986 2 2 1 1 522 1530 523
987 2 2 1 1 773 1704 1648
988 2 2 1 1 1575 1687 770
989 2 2 1 1 294 1663 295
990 2 2 1 1 462 1631 461
991 2 2 1 1 513 1529 514
992 2 2 1 1 783 1262 1257
993 2 2 1 1 180 1797 1755
994 2 2 1 1 780 1036 825
995 2 2 1 1 1332 1554 162
996 2 2 1 1 858 1033 1024
997 2 2 1 1 1601 1704 1537
998 2 2 1 1 279 1722 280
999 2 2 1 1 638 1725 639
1000 2 2 1 1 636 1725 637
1001 2 2 1 1 1047 1656 179
1002 2 2 1 1 207 878 691
1003 2 2 1 1 95 1535 94
1004 2 2 1 1 392 983 393
1005 2 2 1 1 176 967 175
1006 2 2 1 1 29 1486 30
1007 2 2 1 1 511 978 353
1008 2 2 1 1 354 978 355
1009 2 2 1 1 356 978 357
1010 2 2 1 1 384 979 383
1011 2 2 1 1 509 978 510
1012 2 2 1 1 46 976 47
1013 2 2 1 1 48 976 49
1014 2 2 1 1 224 977 225
1015 2 2 1 1 226 977 227
1016 2 2 1 1 102 1731 103
1017 2 2 1 1 100 1731 101
1018 2 2 1 1 177 967 176
1019 2 2 1 1 393 983 394
1020 2 2 1 1 384 967 385
1021 2 2 1 1 981 1534 1053
1022 2 2 1 1 9 1661 10
1023 2 2 1 1 764 1513 1422
1024 2 2 1 1 442 1767 443
1025 2 2 1 1 440 1767 441
1026 2 2 1 1 62 1317 61
1027 2 2 1 1 63 1286 64
1028 2 2 1 1 42 1312 43
1029 2 2 1 1 124 1287 125
1030 2 2 1 1 280 1288 281
1031 2 2 1 1 295 1289 296
1032 2 2 1 1 305 1290 306
1033 2 2 1 1 316 1291 317
1034 2 2 1 1 429 1292 430
1035 2 2 1 1 448 1294 447
1036 2 2 1 1 489 1470 490
1037 2 2 1 1 538 1295 537
1038 2 2 1 1 542 1296 541
1039 2 2 1 1 557 1297 558
1040 2 2 1 1 639 1400 640
1041 2 2 1 1 642 1398 641
1042 2 2 1 1 1464 1500 477
1043 2 2 1 1 104 1796 105
1044 2 2 1 1 761 1046 700
1045 2 2 1 1 704 1691 986
1046 2 2 1 1 843 1214 1212
1047 2 2 1 1 976 1312 819
1048 2 2 1 1 994 1791 898
1049 2 2 1 1 1648 1685 773
1050 2 2 1 1 39 1745 40
1051 2 2 1 1 41 1745 42
1052 2 2 1 1 1278 1447 685
1053 2 2 1 1 689 1571 687
1054 2 2 1 1 1446 1519 774
1055 2 2 1 1 113 952 114
1056 2 2 1 1 739 1246 782
1057 2 2 1 1 1271 1283 821
1058 2 2 1 1 771 1455 1029
1059 2 2 1 1 706 1508 1443
1060 2 2 1 1 894 1555 798
1061 2 2 1 1 1011 1685 1648
1062 2 2 1 1 1022 1571 754
1063 2 2 1 1 1500 1593 1032
1064 2 2 1 1 1425 1600 885
1065 2 2 1 1 144 1432 143
1066 2 2 1 1 152 1433 153
1067 2 2 1 1 437 1437 436
1068 2 2 1 1 581 1438 582
1069 2 2 1 1 81 1431 80
1070 2 2 1 1 345 1434 346
1071 2 2 1 1 368 1435 367
1072 2 2 1 1 371 1436 372
1073 2 2 1 1 751 1007 750
1074 2 2 1 1 477 1572 478
1075 2 2 1 1 564 1511 565
1076 2 2 1 1 855 1340 1339
1077 2 2 1 1 556 1520 555
1078 2 2 1 1 485 1756 484
1079 2 2 1 1 1082 1322 89
1080 2 2 1 1 1216 1385 552
1081 2 2 1 1 549 1385 1383
1082 2 2 1 1 1315 1318 60
1083 2 2 1 1 44 1313 1309
1084 2 2 1 1 164 1331 1102
1085 2 2 1 1 217 1338 1122
1086 2 2 1 1 491 1374 1372
1087 2 2 1 1 493 1373 1203
1088 2 2 1 1 1337 1339 219
1089 2 2 1 1 811 1283 1271
1090 2 2 1 1 1459 1774 746
1091 2 2 1 1 846 1763 1260
1092 2 2 1 1 91 998 92
1093 2 2 1 1 620 999 619
1094 2 2 1 1 595 1546 594
1095 2 2 1 1 767 1596 733
1096 2 2 1 1 889 1299 809
1097 2 2 1 1 835 1711 1459
1098 2 2 1 1 1459 1711 1276
1099 2 2 1 1 41 1310 40
1100 2 2 1 1 442 1364 441
1101 2 2 1 1 90 998 91
1102 2 2 1 1 619 999 618
1103 2 2 1 1 811 1481 1250
1104 2 2 1 1 758 1015 759
1105 2 2 1 1 1020 1160 328
1106 2 2 1 1 1732 1846 1706
1107 2 2 1 1 922 1592 796
1108 2 2 1 1 630 1785 629
1109 2 2 1 1 21 1064 20
1110 2 2 1 1 20 1306 21
1111 2 2 1 1 45 1313 44
1112 2 2 1 1 45 1311 46
1113 2 2 1 1 59 1316 58
1114 2 2 1 1 59 1315 60
1115 2 2 1 1 74 1320 73
1116 2 2 1 1 87 1323 88
1117 2 2 1 1 89 1322 88
1118 2 2 1 1 120 1086 119
1119 2 2 1 1 163 1332 162
1120 2 2 1 1 163 1331 164
1121 2 2 1 1 205 1336 204
1122 2 2 1 1 218 1338 217
1123 2 2 1 1 218 1337 219
1124 2 2 1 1 228 1342 229
1125 2 2 1 1 244 1343 243
1126 2 2 1 1 296 1876 295
1127 2 2 1 1 300 1153 299
1128 2 2 1 1 331 1352 332
1129 2 2 1 1 382 1355 383
1130 2 2 1 1 417 1358 418
1131 2 2 1 1 463 1368 462
1132 2 2 1 1 492 1374 491
1133 2 2 1 1 492 1373 493
1134 2 2 1 1 549 1383 548
1135 2 2 1 1 552 1385 551
1136 2 2 1 1 596 1389 595
1137 2 2 1 1 596 1388 597
1138 2 2 1 1 607 1391 606
1139 2 2 1 1 607 1390 608
1140 2 2 1 1 615 1393 614
1141 2 2 1 1 615 1392 616
1142 2 2 1 1 671 1408 670
1143 2 2 1 1 679 1410 678
1144 2 2 1 1 679 1409 680
1145 2 2 1 1 584 1439 585
1146 2 2 1 1 180 1544 181
1147 2 2 1 1 1031 1656 793
1148 2 2 1 1 355 1494 354
1149 2 2 1 1 315 1521 314
1150 2 2 1 1 766 1687 1575
1151 2 2 1 1 758 1469 757
1152 2 2 1 1 122 1859 121
1153 2 2 1 1 784 891 845
1154 2 2 1 1 828 838 781
1155 2 2 1 1 793 1656 844
1156 2 2 1 1 1516 1620 413
1157 2 2 1 1 899 1677 894
1158 2 2 1 1 14 1749 13
1159 2 2 1 1 183 1750 184
1160 2 2 1 1 1053 1601 981
1161 2 2 1 1 1441 1758 1258
1162 2 2 1 1 1596 1617 1580
1163 2 2 1 1 1061 1771 1615
1164 2 2 1 1 1029 1772 771
1165 2 2 1 1 1017 1457 953
1166 2 2 1 1 768 1441 1258
1167 2 2 1 1 1013 1639 1220
1168 2 2 1 1 801 1248 864
1169 2 2 1 1 7 1050 6
1170 2 2 1 1 733 1702 767
1171 2 2 1 1 994 1509 1444
1172 2 2 1 1 413 1357 1264
1173 2 2 1 1 821 1194 1192
1174 2 2 1 1 993 1510 1419
1175 2 2 1 1 788 1591 1264
1176 2 2 1 1 694 1482 760
1177 2 2 1 1 940 1564 1225
1178 2 2 1 1 798 1555 914
1179 2 2 1 1 123 1850 124
1180 2 2 1 1 102 1848 101
1181 2 2 1 1 121 1850 122
1182 2 2 1 1 222 1769 223
1183 2 2 1 1 665 1768 666
1184 2 2 1 1 997 1220 1218
1185 2 2 1 1 753 1059 752
1186 2 2 1 1 486 1489 485
1187 2 2 1 1 468 1514 921
1188 2 2 1 1 1487 1540 929
1189 2 2 1 1 827 1539 736
1190 2 2 1 1 730 1451 729
1191 2 2 1 1 394 983 395
1192 2 2 1 1 768 1684 1042
1193 2 2 1 1 1301 1661 9
1194 2 2 1 1 1008 1738 1482
1195 2 2 1 1 692 1051 756
1196 2 2 1 1 1458 1534 742
1197 2 2 1 1 1514 1515 874
1198 2 2 1 1 1258 1758 1007
1199 2 2 1 1 128 1604 129
1200 2 2 1 1 130 1605 129
1201 2 2 1 1 188 1606 189
1202 2 2 1 1 247 1607 246
1203 2 2 1 1 622 1608 623
1204 2 2 1 1 675 1609 676
1205 2 2 1 1 81 1602 82
1206 2 2 1 1 275 1603 274
1207 2 2 1 1 222 983 221
1208 2 2 1 1 206 1263 207
1209 2 2 1 1 699 1480 1031
1210 2 2 1 1 874 1515 788
1211 2 2 1 1 714 995 702
1212 2 2 1 1 628 1683 627
1213 2 2 1 1 597 1611 598
1214 2 2 1 1 599 1611 600
1215 2 2 1 1 705 984 706
1216 2 2 1 1 1063 1517 785
1217 2 2 1 1 677 1613 676
1218 2 2 1 1 743 1766 1458
1219 2 2 1 1 209 878 208
1220 2 2 1 1 1454 1773 1615
1221 2 2 1 1 914 1282 798
1222 2 2 1 1 485 1492 486
1223 2 2 1 1 706 996 707
1224 2 2 1 1 1450 1713 1712
1225 2 2 1 1 790 1418 1417
1226 2 2 1 1 1472 1732 778
1227 2 2 1 1 358 1588 359
1228 2 2 1 1 755 1022 690
1229 2 2 1 1 413 1851 414
1230 2 2 1 1 1537 1710 1536
1231 2 2 1 1 1257 1646 783
1232 2 2 1 1 422 1027 421
1233 2 2 1 1 688 1423 689
1234 2 2 1 1 836 1538 912
1235 2 2 1 1 1371 1492 484
1236 2 2 1 1 784 1444 889
1237 2 2 1 1 1204 1470 1044
1238 2 2 1 1 754 1571 689
1239 2 2 1 1 769 1761 1457
1240 2 2 1 1 294 1794 293
1241 2 2 1 1 303 1027 422
1242 2 2 1 1 340 1616 339
1243 2 2 1 1 342 1616 341
1244 2 2 1 1 975 1750 1247
1245 2 2 1 1 443 1481 444
1246 2 2 1 1 786 1831 1761
1247 2 2 1 1 673 1178 378
1248 2 2 1 1 309 1660 1349
1249 2 2 1 1 950 1469 1261
1250 2 2 1 1 751 1581 963
1251 2 2 1 1 788 1685 1591
1252 2 2 1 1 406 1682 1185
1253 2 2 1 1 739 782 738
1254 2 2 1 1 776 1707 837
1255 2 2 1 1 1246 1594 708
1256 2 2 1 1 190 1623 189
1257 2 2 1 1 1503 1682 406
1258 2 2 1 1 1428 1788 765
1259 2 2 1 1 819 1318 1315
1260 2 2 1 1 796 1592 871
1261 2 2 1 1 912 1102 836
1262 2 2 1 1 638 1584 637
1263 2 2 1 1 1480 1656 1031
1264 2 2 1 1 654 1734 1443
1265 2 2 1 1 780 1667 1036
1266 2 2 1 1 1051 1062 756
1267 2 2 1 1 745 1680 4
1268 2 2 1 1 514 1529 1376
1269 2 2 1 1 953 1424 1017
1270 2 2 1 1 790 907 817
1271 2 2 1 1 770 1466 795
1272 2 2 1 1 756 1062 205
1273 2 2 1 1 951 1531 796
1274 2 2 1 1 4 1680 744
1275 2 2 1 1 423 1599 875
1276 2 2 1 1 791 1006 906
1277 2 2 1 1 793 1538 772
1278 2 2 1 1 1617 1857 1580
1279 2 2 1 1 723 1457 1017
1280 2 2 1 1 821 1811 1194
1281 2 2 1 1 407 1595 406
1282 2 2 1 1 1192 1271 821
1283 2 2 1 1 769 1457 1456
1284 2 2 1 1 1274 1736 754
1285 2 2 1 1 1600 1705 764
1286 2 2 1 1 711 1412 1025
1287 2 2 1 1 1218 1297 997
1288 2 2 1 1 1059 1726 752
1289 2 2 1 1 728 1788 1428
1290 2 2 1 1 823 1184 1183
1291 2 2 1 1 778 1253 812
1292 2 2 1 1 987 1764 825
1293 2 2 1 1 1272 1481 811
1294 2 2 1 1 1248 1686 36
1295 2 2 1 1 906 1604 1036
1296 2 2 1 1 960 1479 968
1297 2 2 1 1 785 1427 1063
1298 2 2 1 1 344 1638 345
1299 2 2 1 1 153 1637 154
1300 2 2 1 1 155 1637 156
1301 2 2 1 1 784 889 809
1302 2 2 1 1 563 1639 564
1303 2 2 1 1 1361 1522 429
1304 2 2 1 1 1033 1520 797
1305 2 2 1 1 1513 1746 1422
1306 2 2 1 1 761 1598 1046
1307 2 2 1 1 857 936 796
1308 2 2 1 1 829 1809 1135
1309 2 2 1 1 1084 1479 1253
1310 2 2 1 1 846 875 787
1311 2 2 1 1 1264 1591 413
1312 2 2 1 1 585 1645 586
1313 2 2 1 1 378 1178 377
1314 2 2 1 1 650 1099 651
1315 2 2 1 1 672 1178 673
1316 2 2 1 1 783 1293 980
1317 2 2 1 1 934 1464 1370
1318 2 2 1 1 818 1522 931
1319 2 2 1 1 1517 1518 785
1320 2 2 1 1 692 1282 757
1321 2 2 1 1 1201 1572 887
1322 2 2 1 1 1036 1287 825
1323 2 2 1 1 1522 1688 429
1324 2 2 1 1 1281 1829 988
1325 2 2 1 1 1428 1843 728
1326 2 2 1 1 14 1303 970
1327 2 2 1 1 245 1714 246
1328 2 2 1 1 70 1715 69
1329 2 2 1 1 92 1716 91
1330 2 2 1 1 94 1716 93
1331 2 2 1 1 271 1717 272
1332 2 2 1 1 403 1718 402
1333 2 2 1 1 1646 1688 1293
1334 2 2 1 1 763 1429 704
1335 2 2 1 1 918 1809 829
1336 2 2 1 1 899 1487 1486
1337 2 2 1 1 1028 1583 829
1338 2 2 1 1 1593 1646 1257
1339 2 2 1 1 110 1479 109
1340 2 2 1 1 1491 1622 870
1341 2 2 1 1 855 1339 1035
1342 2 2 1 1 1635 1714 244
1343 2 2 1 1 785 993 833
1344 2 2 1 1 742 1534 741
1345 2 2 1 1 1430 1657 777
1346 2 2 1 1 752 1726 1581
1347 2 2 1 1 784 1795 891
1348 2 2 1 1 669 1406 1021
1349 2 2 1 1 8 1301 9
1350 2 2 1 1 10 1302 9
1351 2 2 1 1 13 1303 14
1352 2 2 1 1 14 1304 15
1353 2 2 1 1 38 1308 37
1354 2 2 1 1 42 1309 41
1355 2 2 1 1 62 1318 63
1356 2 2 1 1 63 1319 62
1357 2 2 1 1 100 1324 99
1358 2 2 1 1 104 1325 103
1359 2 2 1 1 110 1326 111
1360 2 2 1 1 120 1328 121
1361 2 2 1 1 124 1330 123
1362 2 2 1 1 184 1334 183
1363 2 2 1 1 185 1305 184
1364 2 2 1 1 221 1339 222
1365 2 2 1 1 223 1341 222
1366 2 2 1 1 279 1344 278
1367 2 2 1 1 280 1345 279
1368 2 2 1 1 292 1346 293
1369 2 2 1 1 300 1347 301
1370 2 2 1 1 307 1348 306
1371 2 2 1 1 309 1349 310
1372 2 2 1 1 318 1350 317
1373 2 2 1 1 317 1351 318
1374 2 2 1 1 363 1353 362
1375 2 2 1 1 362 1354 363
1376 2 2 1 1 414 1357 413
1377 2 2 1 1 423 1359 424
1378 2 2 1 1 441 1362 440
1379 2 2 1 1 443 1365 442
1380 2 2 1 1 446 1366 447
1381 2 2 1 1 483 1371 484
1382 2 2 1 1 489 1372 488
1383 2 2 1 1 513 1375 512
1384 2 2 1 1 517 1376 518
1385 2 2 1 1 525 1377 524
1386 2 2 1 1 524 1378 525
1387 2 2 1 1 542 1381 543
1388 2 2 1 1 544 1382 545
1389 2 2 1 1 556 1386 557
1390 2 2 1 1 557 1387 556
1391 2 2 1 1 629 1394 630
1392 2 2 1 1 639 1397 638
1393 2 2 1 1 642 1399 643
1394 2 2 1 1 644 1401 645
1395 2 2 1 1 661 1403 660
1396 2 2 1 1 660 1404 661
1397 2 2 1 1 666 1405 665
1398 2 2 1 1 666 1406 667
1399 2 2 1 1 829 1583 777
1400 2 2 1 1 911 1433 792
1401 2 2 1 1 202 1528 203
1402 2 2 1 1 1719 1791 1508
1403 2 2 1 1 763 986 705
1404 2 2 1 1 808 1763 1063
1405 2 2 1 1 770 1739 1575
1406 2 2 1 1 733 1596 732
1407 2 2 1 1 859 1533 1052
1408 2 2 1 1 704 1429 890
1409 2 2 1 1 775 1710 1018
1410 2 2 1 1 832 1564 940
1411 2 2 1 1 746 1774 745
1412 2 2 1 1 423 1820 1599
1413 2 2 1 1 889 1627 1299
1414 2 2 1 1 774 1837 1723
1415 2 2 1 1 152 982 151
1416 2 2 1 1 343 1000 342
1417 2 2 1 1 822 1657 1430
1418 2 2 1 1 1591 1685 1011
1419 2 2 1 1 966 1658 1447
1420 2 2 1 1 1032 1846 1732
1421 2 2 1 1 1142 1519 830
1422 2 2 1 1 765 1788 1739
1423 2 2 1 1 329 1038 330
1424 2 2 1 1 864 1696 801
1425 2 2 1 1 99 1506 100
1426 2 2 1 1 207 1117 208
1427 2 2 1 1 1063 1583 808
1428 2 2 1 1 420 1483 421
1429 2 2 1 1 856 1626 1310
1430 2 2 1 1 1626 1723 814
1431 2 2 1 1 1446 1626 856
1432 2 2 1 1 988 1829 1456
1433 2 2 1 1 842 922 796
1434 2 2 1 1 254 1559 255
1435 2 2 1 1 257 1558 256
1436 2 2 1 1 528 1563 529
1437 2 2 1 1 585 1565 584
1438 2 2 1 1 590 1566 591
1439 2 2 1 1 656 1569 655
1440 2 2 1 1 681 1652 682
1441 2 2 1 1 33 1550 34
1442 2 2 1 1 35 1550 36
1443 2 2 1 1 74 1551 75
1444 2 2 1 1 237 1557 236
1445 2 2 1 1 369 1562 368
1446 2 2 1 1 725 1753 988
1447 2 2 1 1 1457 1761 953
1448 2 2 1 1 1543 1773 1454
1449 2 2 1 1 528 1650 527
1450 2 2 1 1 530 1651 529
1451 2 2 1 1 532 1651 531
1452 2 2 1 1 793 1793 1538
1453 2 2 1 1 826 1332 1103
1454 2 2 1 1 1024 1033 797
1455 2 2 1 1 1723 1837 1041
1456 2 2 1 1 1290 1709 1152
1457 2 2 1 1 121 1507 120
1458 2 2 1 1 747 1655 1459
1459 2 2 1 1 818 1681 1522
1460 2 2 1 1 1249 1612 991
1461 2 2 1 1 745 1774 1680
1462 2 2 1 1 770 1687 1466
1463 2 2 1 1 328 1038 329
1464 2 2 1 1 208 878 207
1465 2 2 1 1 304 1027 303
1466 2 2 1 1 722 1447 721
1467 2 2 1 1 731 1575 730
1468 2 2 1 1 668 1491 667
1469 2 2 1 1 319 1488 318
1470 2 2 1 1 311 1499 310
1471 2 2 1 1 646 1497 645
1472 2 2 1 1 1282 1413 757
1473 2 2 1 1 153 982 152
1474 2 2 1 1 344 1000 343
1475 2 2 1 1 655 1429 654
1476 2 2 1 1 729 1788 728
1477 2 2 1 1 594 1775 1570
1478 2 2 1 1 5 1050 693
1479 2 2 1 1 32 1550 33
1480 2 2 1 1 73 1551 74
1481 2 2 1 1 55 1781 54
1482 2 2 1 1 140 1777 141
1483 2 2 1 1 433 1778 434
1484 2 2 1 1 568 1779 567
1485 2 2 1 1 802 1497 947
1486 2 2 1 1 943 1466 987
1487 2 2 1 1 744 1766 743
1488 2 2 1 1 858 1760 1279
1489 2 2 1 1 1544 1755 1247
1490 2 2 1 1 980 1798 779
1491 2 2 1 1 1459 1655 1615
1492 2 2 1 1 83 1647 84
1493 2 2 1 1 1253 1325 1084
1494 2 2 1 1 693 1490 759
1495 2 2 1 1 825 1764 780
1496 2 2 1 1 799 910 909
1497 2 2 1 1 1513 1705 950
1498 2 2 1 1 136 1790 137
1499 2 2 1 1 138 1790 139
1500 2 2 1 1 778 1732 1706
1501 2 2 1 1 787 1763 846
1502 2 2 1 1 736 1839 827
1503 2 2 1 1 1286 1318 819
1504 2 2 1 1 702 1298 714
1505 2 2 1 1 1541 1730 537
1506 2 2 1 1 1024 1783 1430
1507 2 2 1 1 1542 1702 733
1508 2 2 1 1 953 1831 1274
1509 2 2 1 1 1282 1300 798
1510 2 2 1 1 76 1619 77
1511 2 2 1 1 1049 1718 1696
1512 2 2 1 1 794 1297 938
1513 2 2 1 1 171 1757 172
1514 2 2 1 1 1252 1277 1006
1515 2 2 1 1 1468 1539 698
1516 2 2 1 1 1459 1615 835
1517 2 2 1 1 472 1532 473
1518 2 2 1 1 856 1547 1446
1519 2 2 1 1 765 1670 1428
1520 2 2 1 1 1449 1533 1477
1521 2 2 1 1 1680 1766 744
1522 2 2 1 1 1295 1541 537
1523 2 2 1 1 706 1719 1508
1524 2 2 1 1 1255 1584 1398
1525 2 2 1 1 200 1002 201
1526 2 2 1 1 778 1706 852
1527 2 2 1 1 1181 1540 391
1528 2 2 1 1 178 1047 179
1529 2 2 1 1 1032 1593 1257
1530 2 2 1 1 871 951 796
1531 2 2 1 1 949 1614 471
1532 2 2 1 1 823 1183 916
1533 2 2 1 1 823 1267 828
1534 2 2 1 1 1031 1468 698
1535 2 2 1 1 991 1490 1249
1536 2 2 1 1 832 1466 943
1537 2 2 1 1 997 1297 794
1538 2 2 1 1 851 1626 814
1539 2 2 1 1 724 1457 723
1540 2 2 1 1 798 899 894
1541 2 2 1 1 784 1692 1444
1542 2 2 1 1 801 1698 1045
1543 2 2 1 1 1455 1682 1029
1544 2 2 1 1 852 1706 1083
1545 2 2 1 1 760 1847 694
1546 2 2 1 1 1674 1675 799
1547 2 2 1 1 1310 1626 851
1548 2 2 1 1 1458 1711 1053
1549 2 2 1 1 336 1592 337
1550 2 2 1 1 1257 1846 1032
1551 2 2 1 1 796 936 842
1552 2 2 1 1 82 1802 81
1553 2 2 1 1 346 1803 347
1554 2 2 1 1 348 1803 349
1555 2 2 1 1 356 1804 355
1556 2 2 1 1 370 1805 371
1557 2 2 1 1 139 1806 138
1558 2 2 1 1 175 1808 174
1559 2 2 1 1 436 1810 435
1560 2 2 1 1 566 1815 565
1561 2 2 1 1 565 1816 566
1562 2 2 1 1 601 1818 600
1563 2 2 1 1 1293 1798 980
1564 2 2 1 1 1687 1764 1466
1565 2 2 1 1 780 1764 1687
1566 2 2 1 1 819 1312 1045
1567 2 2 1 1 730 1575 1451
1568 2 2 1 1 989 1418 790
1569 2 2 1 1 925 1795 1284
1570 2 2 1 1 1041 1684 1426
1571 2 2 1 1 600 1822 601
1572 2 2 1 1 602 1822 603
1573 2 2 1 1 643 1624 644
1574 2 2 1 1 824 1280 797
1575 2 2 1 1 1675 1702 1701
1576 2 2 1 1 361 1630 362
1577 2 2 1 1 526 1627 525
1578 2 2 1 1 659 1628 660
1579 2 2 1 1 662 1629 661
1580 2 2 1 1 1007 1597 1258
1581 2 2 1 1 676 1828 675
1582 2 2 1 1 203 1256 204
1583 2 2 1 1 92 1055 93
1584 2 2 1 1 419 1027 418
1585 2 2 1 1 421 1027 420
1586 2 2 1 1 783 1646 1293
1587 2 2 1 1 461 1631 460
1588 2 2 1 1 712 1792 713
1589 2 2 1 1 1543 1679 771
1590 2 2 1 1 931 1522 1361
1591 2 2 1 1 786 1599 855
1592 2 2 1 1 210 1259 211
1593 2 2 1 1 797 1224 824
1594 2 2 1 1 988 1753 1578
1595 2 2 1 1 901 1069 976
1596 2 2 1 1 1508 1692 1443
1597 2 2 1 1 774 1723 1626
1598 2 2 1 1 987 1645 1439
1599 2 2 1 1 687 1571 1278
1600 2 2 1 1 817 1432 1400
1601 2 2 1 1 887 1740 1044
1602 2 2 1 1 1739 1788 1451
1603 2 2 1 1 242 1635 243
1604 2 2 1 1 546 1636 545
1605 2 2 1 1 734 1542 733
1606 2 2 1 1 739 1594 1246
1607 2 2 1 1 1684 1721 1426
1608 2 2 1 1 713 1412 712
1609 2 2 1 1 1451 1788 729
1610 2 2 1 1 471 1662 472
1611 2 2 1 1 1594 1765 1009
1612 2 2 1 1 229 1525 228
1613 2 2 1 1 462 1198 463
1614 2 2 1 1 533 1167 534
1615 2 2 1 1 634 1085 633
1616 2 2 1 1 468 1016 893
1617 2 2 1 1 333 1352 1163
1618 2 2 1 1 1276 1774 1459
1619 2 2 1 1 1487 1696 864
1620 2 2 1 1 355 978 356
1621 2 2 1 1 385 979 384
1622 2 2 1 1 458 1531 459
1623 2 2 1 1 510 978 511
1624 2 2 1 1 682 979 683
1625 2 2 1 1 49 976 50
1626 2 2 1 1 227 977 228
1627 2 2 1 1 1045 1698 781
1628 2 2 1 1 1634 1720 1411
1629 2 2 1 1 276 1841 277
1630 2 2 1 1 658 1842 659
1631 2 2 1 1 955 1345 813
1632 2 2 1 1 993 1748 1510
1633 2 2 1 1 1319 1715 1317
1634 2 2 1 1 446 1665 445
1635 2 2 1 1 39 1502 38
1636 2 2 1 1 631 1501 630
1637 2 2 1 1 529 1582 528
1638 2 2 1 1 292 1666 291
1639 2 2 1 1 1510 1518 769
1640 2 2 1 1 898 1791 1416
1641 2 2 1 1 933 1811 821
1642 2 2 1 1 727 1843 1776
1643 2 2 1 1 378 1577 379
1644 2 2 1 1 1510 1829 1419
1645 2 2 1 1 898 1416 1009
1646 2 2 1 1 1314 1547 856
1647 2 2 1 1 1684 1837 1042
1648 2 2 1 1 1460 1836 807
1649 2 2 1 1 792 1701 1538
1650 2 2 1 1 309 1498 308
1651 2 2 1 1 1540 1743 391
1652 2 2 1 1 1522 1798 1293
1653 2 2 1 1 1122 1338 848
1654 2 2 1 1 1292 1688 1646
1655 2 2 1 1 487 1495 488
1656 2 2 1 1 644 1496 643
1657 2 2 1 1 655 1569 1429
1658 2 2 1 1 764 1751 1415
1659 2 2 1 1 432 1585 433
1660 2 2 1 1 567 1586 566
1661 2 2 1 1 56 1587 55
1662 2 2 1 1 1456 1510 769
1663 2 2 1 1 186 1413 187
1664 2 2 1 1 1545 1765 1534
1665 2 2 1 1 1151 1289 1152
1666 2 2 1 1 1071 1587 1037
1667 2 2 1 1 826 1103 867
1668 2 2 1 1 1675 1752 799
1669 2 2 1 1 1443 1692 845
1670 2 2 1 1 980 1037 783
1671 2 2 1 1 848 1338 915
1672 2 2 1 1 932 1294 1193
1673 2 2 1 1 981 1545 1534
1674 2 2 1 1 1653 1836 636
1675 2 2 1 1 327 1038 328
1676 2 2 1 1 135 1589 136
1677 2 2 1 1 139 1590 140
1678 2 2 1 1 966 1447 1278
1679 2 2 1 1 740 1765 1594
1680 2 2 1 1 798 1487 899
1681 2 2 1 1 1581 1726 896
1682 2 2 1 1 201 1002 22
1683 2 2 1 1 199 1002 200
1684 2 2 1 1 700 992 761
1685 2 2 1 1 1063 1763 1517
1686 2 2 1 1 878 1744 756
1687 2 2 1 1 696 1008 695
1688 2 2 1 1 1446 1699 830
1689 2 2 1 1 920 1455 1043
1690 2 2 1 1 974 1631 462
1691 2 2 1 1 1411 1707 1633
1692 2 2 1 1 887 1572 1056
1693 2 2 1 1 1132 1558 1267
1694 2 2 1 1 1053 1669 1648
1695 2 2 1 1 1633 1707 776
1696 2 2 1 1 1257 1834 1614
1697 2 2 1 1 884 1585 990
1698 2 2 1 1 803 1250 884
1699 2 2 1 1 250 1640 251
1700 2 2 1 1 1614 1834 471
1701 2 2 1 1 701 1610 762
1702 2 2 1 1 694 1787 695
1703 2 2 1 1 1528 1741 885
1704 2 2 1 1 785 1748 993
1705 2 2 1 1 1452 1519 1142
1706 2 2 1 1 1041 1837 1684
1707 2 2 1 1 186 1335 758
1708 2 2 1 1 1675 1701 792
1709 2 2 1 1 79 1431 1078
1710 2 2 1 1 970 1304 14
1711 2 2 1 1 805 1798 1522
1712 2 2 1 1 939 1224 797
1713 2 2 1 1 959 1546 595
1714 2 2 1 1 279 1345 955
1715 2 2 1 1 1515 1703 773
1716 2 2 1 1 812 1472 778
1717 2 2 1 1 826 1554 1332
1718 2 2 1 1 405 1874 1125
1719 2 2 1 1 1533 1579 776
1720 2 2 1 1 843 937 800
1721 2 2 1 1 1633 1634 1411
1722 2 2 1 1 794 1712 997
1723 2 2 1 1 774 1626 1446
1724 2 2 1 1 944 1645 825
1725 2 2 1 1 975 1247 872
1726 2 2 1 1 1696 1718 1184
1727 2 2 1 1 989 1460 807
1728 2 2 1 1 792 1538 836
1729 2 2 1 1 1544 1750 182
1730 2 2 1 1 1419 1775 993
1731 2 2 1 1 727 1776 726
1732 2 2 1 1 1425 1742 950
1733 2 2 1 1 1404 1768 664
1734 2 2 1 1 1440 1722 277
1735 2 2 1 1 1172 1858 364
1736 2 2 1 1 1772 1773 771
1737 2 2 1 1 788 1060 874
1738 2 2 1 1 1247 1755 806
1739 2 2 1 1 1018 1710 1703
1740 2 2 1 1 932 1631 861
1741 2 2 1 1 907 1552 817
1742 2 2 1 1 1429 1569 890
1743 2 2 1 1 307 1660 308
1744 2 2 1 1 884 990 803
1745 2 2 1 1 866 1455 920
1746 2 2 1 1 801 1465 1248
1747 2 2 1 1 871 1199 951
1748 2 2 1 1 1262 1834 1257
1749 2 2 1 1 939 1586 1224
1750 2 2 1 1 1486 1801 899
1751 2 2 1 1 228 977 954
1752 2 2 1 1 916 1183 405
1753 2 2 1 1 958 1239 614
1754 2 2 1 1 817 1460 790
1755 2 2 1 1 795 1013 997
1756 2 2 1 1 757 1413 186
1757 2 2 1 1 962 1652 680
1758 2 2 1 1 957 1618 804
1759 2 2 1 1 707 1719 706
1760 2 2 1 1 690 1736 1259
1761 2 2 1 1 1416 1791 1719
1762 2 2 1 1 429 1688 1292
1763 2 2 1 1 798 1540 1487
1764 2 2 1 1 1615 1771 835
1765 2 2 1 1 813 1345 1043
1766 2 2 1 1 827 1025 985
1767 2 2 1 1 1458 1766 1711
1768 2 2 1 1 1711 1766 1276
1769 2 2 1 1 517 998 516
1770 2 2 1 1 547 999 548
1771 2 2 1 1 1281 1570 1419
1772 2 2 1 1 1594 1800 708
1773 2 2 1 1 1175 1436 927
1774 2 2 1 1 804 1618 1530
1775 2 2 1 1 832 940 795
1776 2 2 1 1 709 1597 696
1777 2 2 1 1 792 1752 1675
1778 2 2 1 1 277 1505 1440
1779 2 2 1 1 1538 1793 912
1780 2 2 1 1 979 1622 383
1781 2 2 1 1 932 1812 1631
1782 2 2 1 1 1421 1761 769
1783 2 2 1 1 685 1447 1424
1784 2 2 1 1 984 996 706
1785 2 2 1 1 518 1671 519
1786 2 2 1 1 1177 1860 377
1787 2 2 1 1 1414 1543 1023
1788 2 2 1 1 828 1698 823
1789 2 2 1 1 714 1493 713
1790 2 2 1 1 1084 1325 106
1791 2 2 1 1 116 1086 1085
1792 2 2 1 1 1089 1091 132
1793 2 2 1 1 134 1092 1090
1794 2 2 1 1 1094 1096 145
1795 2 2 1 1 147 1097 1095
1796 2 2 1 1 1102 1104 166
1797 2 2 1 1 168 1105 1103
1798 2 2 1 1 1113 1115 196
1799 2 2 1 1 198 1116 1114
1800 2 2 1 1 1149 1346 289
1801 2 2 1 1 366 1354 1173
1802 2 2 1 1 393 1182 1181
1803 2 2 1 1 1153 1186 410
1804 2 2 1 1 1199 1352 466
1805 2 2 1 1 1077 1369 474
1806 2 2 1 1 1201 1371 480
1807 2 2 1 1 1203 1206 495
1808 2 2 1 1 497 1207 1205
1809 2 2 1 1 1212 1214 506
1810 2 2 1 1 1229 1231 578
1811 2 2 1 1 580 1232 1230
1812 2 2 1 1 1237 1391 610
1813 2 2 1 1 648 1401 1243
1814 2 2 1 1 723 1017 722
1815 2 2 1 1 789 1740 887
1816 2 2 1 1 1317 1715 882
1817 2 2 1 1 986 1691 854
1818 2 2 1 1 825 1645 987
1819 2 2 1 1 866 1682 1455
1820 2 2 1 1 1776 1843 1428
1821 2 2 1 1 779 1827 980
1822 2 2 1 1 790 1275 905
1823 2 2 1 1 330 1038 467
1824 2 2 1 1 544 1676 543
1825 2 2 1 1 819 1315 901
1826 2 2 1 1 1426 1721 806
1827 2 2 1 1 906 1036 791
1828 2 2 1 1 988 1578 1281
1829 2 2 1 1 709 1694 1597
1830 2 2 1 1 721 1447 1415
1831 2 2 1 1 720 1821 1
1832 2 2 1 1 790 1460 989
1833 2 2 1 1 820 1629 961
1834 2 2 1 1 990 1593 803
1835 2 2 1 1 748 1655 747
1836 2 2 1 1 1261 1490 991
1837 2 2 1 1 1037 1285 840
1838 2 2 1 1 1 1821 753
1839 2 2 1 1 1145 1799 1147
1840 2 2 1 1 1035 1337 1121
1841 2 2 1 1 595 1389 959
1842 2 2 1 1 614 1393 958
1843 2 2 1 1 680 1409 962
1844 2 2 1 1 405 1125 916
1845 2 2 1 1 954 1342 228
1846 2 2 1 1 23 1002 24
1847 2 2 1 1 115 1004 116
1848 2 2 1 1 349 1005 350
1849 2 2 1 1 509 1005 508
1850 2 2 1 1 267 1003 266
1851 2 2 1 1 950 1742 1051
1852 2 2 1 1 1522 1681 805
1853 2 2 1 1 1018 1703 1515
1854 2 2 1 1 628 1785 1683
1855 2 2 1 1 963 1581 896
1856 2 2 1 1 810 1431 903
1857 2 2 1 1 855 1035 786
1858 2 2 1 1 509 1214 978
1859 2 2 1 1 759 1700 758
1860 2 2 1 1 898 1545 1536
1861 2 2 1 1 807 1204 1044
1862 2 2 1 1 777 1657 829
1863 2 2 1 1 1534 1765 741
1864 2 2 1 1 1597 1694 1258
1865 2 2 1 1 1505 1699 1440
1866 2 2 1 1 966 1278 885
1867 2 2 1 1 1706 1737 1083
1868 2 2 1 1 111 1697 112
1869 2 2 1 1 799 1252 1006
1870 2 2 1 1 767 1617 1596
1871 2 2 1 1 1668 1771 1012
1872 2 2 1 1 941 1224 1223
1873 2 2 1 1 1070 1071 900
1874 2 2 1 1 786 1761 1421
1875 2 2 1 1 1615 1655 1010
1876 2 2 1 1 1042 1519 1452
1877 2 2 1 1 1632 1720 794
1878 2 2 1 1 912 1109 1106
1879 2 2 1 1 1425 1705 1600
1880 2 2 1 1 421 1019 422
1881 2 2 1 1 777 1835 1014
1882 2 2 1 1 82 1602 83
1883 2 2 1 1 274 1603 273
1884 2 2 1 1 127 1604 128
1885 2 2 1 1 131 1605 130
1886 2 2 1 1 187 1606 188
1887 2 2 1 1 248 1607 247
1888 2 2 1 1 621 1608 622
1889 2 2 1 1 674 1609 675
1890 2 2 1 1 1095 1097 865
1891 2 2 1 1 383 1622 382
1892 2 2 1 1 523 1618 524
1893 2 2 1 1 209 1118 878
1894 2 2 1 1 1106 1757 171
1895 2 2 1 1 1612 1746 991
1896 2 2 1 1 781 1698 828
1897 2 2 1 1 627 1683 626
1898 2 2 1 1 1058 1497 802
1899 2 2 1 1 806 1721 1694
1900 2 2 1 1 598 1611 599
1901 2 2 1 1 1183 1718 403
1902 2 2 1 1 91 1716 1082
1903 2 2 1 1 272 1717 1141
1904 2 2 1 1 890 1649 704
1905 2 2 1 1 1531 1762 796
1906 2 2 1 1 1583 1835 777
1907 2 2 1 1 1476 1725 636
1908 2 2 1 1 1045 1465 801
1909 2 2 1 1 1162 1823 831
1910 2 2 1 1 482 1283 934
1911 2 2 1 1 678 1613 677
1912 2 2 1 1 1517 1763 787
1913 2 2 1 1 726 1776 1753
1914 2 2 1 1 1754 1820 423
1915 2 2 1 1 1053 1711 835
1916 2 2 1 1 37 1686 38
1917 2 2 1 1 1431 1614 949
1918 2 2 1 1 14 1728 975
1919 2 2 1 1 112 1641 968
1920 2 2 1 1 975 1728 184
1921 2 2 1 1 968 1641 633
1922 2 2 1 1 5 1301 6
1923 2 2 1 1 17 1304 18
1924 2 2 1 1 18 1305 17
1925 2 2 1 1 27 1066 28
1926 2 2 1 1 28 1067 27
1927 2 2 1 1 35 1308 34
1928 2 2 1 1 49 1068 48
1929 2 2 1 1 54 1072 55
1930 2 2 1 1 71 1320 70
1931 2 2 1 1 70 1863 71
1932 2 2 1 1 77 1077 76
1933 2 2 1 1 80 1079 81
1934 2 2 1 1 84 1080 83
1935 2 2 1 1 97 1324 96
1936 2 2 1 1 117 1086 116
1937 2 2 1 1 117 1868 118
1938 2 2 1 1 129 1088 128
1939 2 2 1 1 129 1089 130
1940 2 2 1 1 132 1091 133
1941 2 2 1 1 134 1090 133
1942 2 2 1 1 137 1092 136
1943 2 2 1 1 141 1093 140
1944 2 2 1 1 145 1096 146
1945 2 2 1 1 147 1095 146
1946 2 2 1 1 150 1097 149
1947 2 2 1 1 149 1098 150
1948 2 2 1 1 154 1099 153
1949 2 2 1 1 156 1100 157
1950 2 2 1 1 161 1101 160
1951 2 2 1 1 160 1331 161
1952 2 2 1 1 166 1104 167
1953 2 2 1 1 168 1103 167
1954 2 2 1 1 173 1107 172
1955 2 2 1 1 173 1108 174
1956 2 2 1 1 181 1334 180
1957 2 2 1 1 189 1335 188
1958 2 2 1 1 189 1111 190
1959 2 2 1 1 194 1112 193
1960 2 2 1 1 193 1113 194
1961 2 2 1 1 196 1115 197
1962 2 2 1 1 198 1114 197
1963 2 2 1 1 231 1124 232
1964 2 2 1 1 236 1125 235
1965 2 2 1 1 235 1126 236
1966 2 2 1 1 239 1127 238
1967 2 2 1 1 246 1129 247
1968 2 2 1 1 255 1132 254
1969 2 2 1 1 256 1133 257
1970 2 2 1 1 263 1136 262
1971 2 2 1 1 262 1137 263
1972 2 2 1 1 268 1321 269
1973 2 2 1 1 269 1863 268
1974 2 2 1 1 271 1140 270
1975 2 2 1 1 274 1141 275
1976 2 2 1 1 276 1344 275
1977 2 2 1 1 289 1346 290
1978 2 2 1 1 291 1150 290
1979 2 2 1 1 297 1876 296
1980 2 2 1 1 322 1158 323
1981 2 2 1 1 326 1160 325
1982 2 2 1 1 326 1159 327
1983 2 2 1 1 339 1165 340
1984 2 2 1 1 340 1166 341
1985 2 2 1 1 345 1167 344
1986 2 2 1 1 352 1169 351
1987 2 2 1 1 351 1882 352
1988 2 2 1 1 358 1170 357
1989 2 2 1 1 365 1172 364
1990 2 2 1 1 365 1354 366
1991 2 2 1 1 368 1173 369
1992 2 2 1 1 371 1174 370
1993 2 2 1 1 376 1177 377
1994 2 2 1 1 377 1178 376
1995 2 2 1 1 385 1048 386
1996 2 2 1 1 386 1883 385
1997 2 2 1 1 394 1182 393
1998 2 2 1 1 408 1187 409
1999 2 2 1 1 410 1186 409
2000 2 2 1 1 434 1189 433
2001 2 2 1 1 435 1190 436
2002 2 2 1 1 456 1195 455
2003 2 2 1 1 455 1196 456
2004 2 2 1 1 461 1198 462
2005 2 2 1 1 466 1352 467
2006 2 2 1 1 475 1077 474
2007 2 2 1 1 475 1200 476
2008 2 2 1 1 480 1371 481
2009 2 2 1 1 482 1202 481
2010 2 2 1 1 495 1206 496
2011 2 2 1 1 497 1205 496
2012 2 2 1 1 502 1209 501
2013 2 2 1 1 501 1210 502
2014 2 2 1 1 506 1214 507
2015 2 2 1 1 508 1213 507
2016 2 2 1 1 511 1882 510
2017 2 2 1 1 514 1376 515
2018 2 2 1 1 516 1375 515
2019 2 2 1 1 522 1377 521
2020 2 2 1 1 527 1378 528
2021 2 2 1 1 530 1379 531
2022 2 2 1 1 534 1167 535
2023 2 2 1 1 535 1168 534
2024 2 2 1 1 564 1221 563
2025 2 2 1 1 567 1222 568
2026 2 2 1 1 574 1226 573
2027 2 2 1 1 573 1227 574
2028 2 2 1 1 578 1231 579
2029 2 2 1 1 580 1230 579
2030 2 2 1 1 583 1232 582
2031 2 2 1 1 586 1233 585
2032 2 2 1 1 589 1234 590
2033 2 2 1 1 592 1868 591
2034 2 2 1 1 592 1328 593
2035 2 2 1 1 599 1389 598
2036 2 2 1 1 603 1235 602
2037 2 2 1 1 604 1390 605
2038 2 2 1 1 608 1236 609
2039 2 2 1 1 610 1391 609
2040 2 2 1 1 616 1240 617
2041 2 2 1 1 618 1393 617
2042 2 2 1 1 623 1217 624
2043 2 2 1 1 626 1394 627
2044 2 2 1 1 635 1085 634
2045 2 2 1 1 647 1242 646
2046 2 2 1 1 647 1401 648
2047 2 2 1 1 651 1099 652
2048 2 2 1 1 656 1402 657
2049 2 2 1 1 658 1403 657
2050 2 2 1 1 663 1405 662
2051 2 2 1 1 663 1404 664
2052 2 2 1 1 671 1178 672
2053 2 2 1 1 676 1409 677
2054 2 2 1 1 682 1410 681
2055 2 2 1 1 683 1180 682
2056 2 2 1 1 683 1883 684
2057 2 2 1 1 1046 1298 762
2058 2 2 1 1 846 1360 875
2059 2 2 1 1 1044 1740 807
2060 2 2 1 1 767 1675 1674
2061 2 2 1 1 1518 1748 785
2062 2 2 1 1 1614 1846 1257
2063 2 2 1 1 1761 1831 953
2064 2 2 1 1 805 1799 1030
2065 2 2 1 1 1509 1832 1057
2066 2 2 1 1 539 1695 540
2067 2 2 1 1 887 1056 789
2068 2 2 1 1 1575 1739 1451
2069 2 2 1 1 1510 1748 1518
2070 2 2 1 1 993 1546 959
2071 2 2 1 1 819 1045 781
2072 2 2 1 1 1442 1591 1011
2073 2 2 1 1 863 1516 1503
2074 2 2 1 1 829 1657 918
2075 2 2 1 1 755 1256 1022
2076 2 2 1 1 1102 1331 836
2077 2 2 1 1 760 1693 693
2078 2 2 1 1 22 1002 23
2079 2 2 1 1 116 1004 117
2080 2 2 1 1 350 1005 351
2081 2 2 1 1 69 1003 70
2082 2 2 1 1 510 1005 509
2083 2 2 1 1 591 1004 590
2084 2 2 1 1 268 1003 267
2085 2 2 1 1 708 1800 707
2086 2 2 1 1 1013 1220 997
2087 2 2 1 1 1043 1455 813
2088 2 2 1 1 814 1453 851
2089 2 2 1 1 940 1511 1013
2090 2 2 1 1 103 1731 1471
2091 2 2 1 1 512 1784 1783
2092 2 2 1 1 735 1539 1468
2093 2 2 1 1 439 1678 440
2094 2 2 1 1 943 1229 832
2095 2 2 1 1 1450 1720 1634
2096 2 2 1 1 829 1474 1028
2097 2 2 1 1 2 1843 727
2098 2 2 1 1 520 1724 98
2099 2 2 1 1 816 932 861
2100 2 2 1 1 1519 1837 774
2101 2 2 1 1 488 1708 487
2102 2 2 1 1 1414 1679 1543
2103 2 2 1 1 46 1311 976
2104 2 2 1 1 1057 1832 1823
2105 2 2 1 1 806 1755 1426
2106 2 2 1 1 908 1432 817
2107 2 2 1 1 1132 1267 1130
2108 2 2 1 1 1193 1294 1191
2109 2 2 1 1 861 1291 816
2110 2 2 1 1 341 1616 340
2111 2 2 1 1 737 1839 3
2112 2 2 1 1 728 1843 2
2113 2 2 1 1 810 1614 1431
2114 2 2 1 1 1293 1688 1522
2115 2 2 1 1 811 1464 934
2116 2 2 1 1 918 1657 847
2117 2 2 1 1 697 1424 688
2118 2 2 1 1 705 986 984
2119 2 2 1 1 391 1743 915
2120 2 2 1 1 842 1638 922
2121 2 2 1 1 1049 1696 1356
2122 2 2 1 1 3 1839 736
2123 2 2 1 1 707 996 708
2124 2 2 1 1 10 1661 11
2125 2 2 1 1 1033 1385 1216
2126 2 2 1 1 726 1753 725
2127 2 2 1 1 772 1689 793
2128 2 2 1 1 833 993 959
2129 2 2 1 1 1753 1776 1054
2130 2 2 1 1 666 1491 961
2131 2 2 1 1 1679 1786 919
2132 2 2 1 1 626 1747 960
2133 2 2 1 1 933 1762 1531
2134 2 2 1 1 1600 1658 966
2135 2 2 1 1 817 1552 908
2136 2 2 1 1 753 1821 1059
2137 2 2 1 1 856 1310 1309
2138 2 2 1 1 850 1334 1305
2139 2 2 1 1 919 1786 270
2140 2 2 1 1 512 1375 904
2141 2 2 1 1 961 1405 666
2142 2 2 1 1 955 1344 279
2143 2 2 1 1 890 1629 820
2144 2 2 1 1 1480 1613 841
2145 2 2 1 1 1278 1571 885
2146 2 2 1 1 1161 1162 831
2147 2 2 1 1 1426 1755 1574
2148 2 2 1 1 471 1369 949
2149 2 2 1 1 202 1741 1528
2150 2 2 1 1 191 1623 190
2151 2 2 1 1 1056 1572 1500
2152 2 2 1 1 777 1760 1430
2153 2 2 1 1 928 1622 1491
2154 2 2 1 1 1539 1598 698
2155 2 2 1 1 807 1740 989
2156 2 2 1 1 835 1484 1053
2157 2 2 1 1 761 1480 699
2158 2 2 1 1 1433 1752 792
2159 2 2 1 1 1703 1704 773
2160 2 2 1 1 967 1808 175
2161 2 2 1 1 767 1674 1617
2162 2 2 1 1 829 1135 1133
2163 2 2 1 1 832 1229 1227
2164 2 2 1 1 180 1755 1544
2165 2 2 1 1 809 1795 784
2166 2 2 1 1 1500 1732 1056
2167 2 2 1 1 482 1756 1283
2168 2 2 1 1 1400 1476 817
2169 2 2 1 1 1184 1698 801
2170 2 2 1 1 1142 1717 1452
2171 2 2 1 1 752 1581 751
2172 2 2 1 1 24 1677 25
2173 2 2 1 1 915 1743 848
2174 2 2 1 1 1258 1721 768
2175 2 2 1 1 1655 1759 1010
2176 2 2 1 1 692 1744 1282
2177 2 2 1 1 1018 1515 1514
2178 2 2 1 1 1012 1516 1442
2179 2 2 1 1 512 1783 1529
2180 2 2 1 1 888 1529 1024
2181 2 2 1 1 768 1721 1684
2182 2 2 1 1 833 1427 785
2183 2 2 1 1 823 1698 1184
2184 2 2 1 1 799 1752 910
2185 2 2 1 1 1023 1573 768
2186 2 2 1 1 1062 1336 205
2187 2 2 1 1 1006 1674 799
2188 2 2 1 1 1579 1633 776
2189 2 2 1 1 797 1280 888
2190 2 2 1 1 1471 1478 103
2191 2 2 1 1 1092 1552 907
2192 2 2 1 1 1232 1565 942
2193 2 2 1 1 812 1479 960
2194 2 2 1 1 817 1476 1460
2195 2 2 1 1 1365 1665 1364
2196 2 2 1 1 1255 1398 800
2197 2 2 1 1 858 1385 1033
2198 2 2 1 1 1300 1540 798
2199 2 2 1 1 1005 1213 508
2200 2 2 1 1 1309 1313 856
2201 2 2 1 1 1372 1374 857
2202 2 2 1 1 1383 1385 858
2203 2 2 1 1 748 1759 1655
2204 2 2 1 1 847 1561 1139
2205 2 2 1 1 1484 1669 1053
2206 2 2 1 1 1411 1720 1632
2207 2 2 1 1 838 1475 1134
2208 2 2 1 1 969 1736 1274
2209 2 2 1 1 470 1016 469
2210 2 2 1 1 1020 1161 831
2211 2 2 1 1 1465 1745 39
2212 2 2 1 1 1546 1775 594
2213 2 2 1 1 839 1795 925
2214 2 2 1 1 1670 1776 1428
2215 2 2 1 1 741 1765 740
2216 2 2 1 1 820 1649 890
2217 2 2 1 1 1057 1823 804
2218 2 2 1 1 900 1547 1314
2219 2 2 1 1 1083 1737 1082
2220 2 2 1 1 808 1583 1028
2221 2 2 1 1 750 1758 749
2222 2 2 1 1 740 1594 739
2223 2 2 1 1 801 1696 1184
2224 2 2 1 1 749 1759 748
2225 2 2 1 1 768 1573 1441
2226 2 2 1 1 1444 1692 994
2227 2 2 1 1 48 1068 900
2228 2 2 1 1 270 1140 919
2229 2 2 1 1 920 1150 291
2230 2 2 1 1 934 1202 482
2231 2 2 1 1 904 1375 516
2232 2 2 1 1 945 1236 608
2233 2 2 1 1 946 1240 616
2234 2 2 1 1 960 1394 626
2235 2 2 1 1 646 1242 947
2236 2 2 1 1 662 1405 961
2237 2 2 1 1 794 1720 1712
2238 2 2 1 1 39 1686 1465
2239 2 2 1 1 714 1298 1046
2240 2 2 1 1 154 1637 155
2241 2 2 1 1 343 1638 344
2242 2 2 1 1 1065 1780 1064
2243 2 2 1 1 562 1639 563
2244 2 2 1 1 625 1621 1235
2245 2 2 1 1 1022 1528 885
2246 2 2 1 1 1588 1735 1171
2247 2 2 1 1 1061 1773 1772
2248 2 2 1 1 1442 1668 1012
2249 2 2 1 1 757 1654 692
2250 2 2 1 1 879 957 804
2251 2 2 1 1 900 1314 48
2252 2 2 1 1 1011 1668 1442
2253 2 2 1 1 349 1803 1005
2254 2 2 1 1 883 1714 1260
2255 2 2 1 1 586 1645 587
2256 2 2 1 1 1741 1742 1425
2257 2 2 1 1 1542 1689 772
2258 2 2 1 1 301 1709 302
2259 2 2 1 1 1113 1555 894
2260 2 2 1 1 738 1833 737
2261 2 2 1 1 512 1819 1784
2262 2 2 1 1 834 1817 1228
2263 2 2 1 1 1402 1443 845
2264 2 2 1 1 1014 1296 1279
2265 2 2 1 1 293 1663 294
2266 2 2 1 1 543 1664 544
2267 2 2 1 1 1712 1720 1450
2268 2 2 1 1 735 1468 734
2269 2 2 1 1 836 911 792
2270 2 2 1 1 1269 1290 815
2271 2 2 1 1 1000 1616 342
2272 2 2 1 1 815 1270 1269
2273 2 2 1 1 1131 1474 253
2274 2 2 1 1 1134 1475 258
2275 2 2 1 1 1580 1687 766
2276 2 2 1 1 1456 1829 1510
2277 2 2 1 1 332 1020 331
2278 2 2 1 1 401 1049 400
2279 2 2 1 1 670 1021 671
2280 2 2 1 1 1680 1774 1276
2281 2 2 1 1 885 1741 1425
2282 2 2 1 1 762 1298 701
2283 2 2 1 1 938 1852 794
2284 2 2 1 1 69 1715 68
2285 2 2 1 1 93 1716 92
2286 2 2 1 1 270 1717 271
2287 2 2 1 1 402 1718 401
2288 2 2 1 1 244 1714 245
2289 2 2 1 1 1454 1573 1023
2290 2 2 1 1 847 1139 918
2291 2 2 1 1 940 1013 795
2292 2 2 1 1 1224 1779 1223
2293 2 2 1 1 1070 1781 1071
2294 2 2 1 1 1161 1782 1162
2295 2 2 1 1 1276 1766 1680
2296 2 2 1 1 1648 1669 1011
2297 2 2 1 1 1324 1535 96
2298 2 2 1 1 1042 1837 1519
2299 2 2 1 1 1324 1848 1535
2300 2 2 1 1 845 1692 784
2301 2 2 1 1 1449 1579 1533
2302 2 2 1 1 1284 1795 809
2303 2 2 1 1 1200 1320 476
2304 2 2 1 1 1086 1507 971
2305 2 2 1 1 713 995 714
2306 2 2 1 1 1075 1286 838
2307 2 2 1 1 1287 1329 825
2308 2 2 1 1 1398 1584 1397
2309 2 2 1 1 1036 1604 1087
2310 2 2 1 1 1012 1771 1770
2311 2 2 1 1 1235 1621 1567
2312 2 2 1 1 1845 1855 1255
2313 2 2 1 1 990 1646 1593
2314 2 2 1 1 1142 1505 1141
2315 2 2 1 1 950 1705 1425
2316 2 2 1 1 1133 1559 829
2317 2 2 1 1 1227 1564 832
2318 2 2 1 1 7 1467 1050
2319 2 2 1 1 278 1722 279
2320 2 2 1 1 1030 1798 805
2321 2 2 1 1 951 1199 464
2322 2 2 1 1 632 1395 968
2323 2 2 1 1 1452 1786 1414
2324 2 2 1 1 896 1746 1612
2325 2 2 1 1 711 948 712
2326 2 2 1 1 1034 1832 1509
2327 2 2 1 1 756 1744 692
2328 2 2 1 1 830 1699 1505
2329 2 2 1 1 709 1862 1694
2330 2 2 1 1 935 1855 1845
2331 2 2 1 1 690 1259 755
2332 2 2 1 1 637 1725 638
2333 2 2 1 1 1253 1479 812
2334 2 2 1 1 919 1603 813
2335 2 2 1 1 1289 1663 818
2336 2 2 1 1 994 1692 1508
2337 2 2 1 1 1001 1246 719
2338 2 2 1 1 1358 1483 419
2339 2 2 1 1 1476 1836 1460
2340 2 2 1 1 947 1497 646
2341 2 2 1 1 1171 1735 1630
2342 2 2 1 1 1547 1699 1446
2343 2 2 1 1 945 1390 837
2344 2 2 1 1 766 1596 1580
2345 2 2 1 1 1538 1701 772
2346 2 2 1 1 833 1621 1427
2347 2 2 1 1 1356 1696 929
2348 2 2 1 1 965 1789 1560
2349 2 2 1 1 1076 1715 1319
2350 2 2 1 1 469 1016 468
2351 2 2 1 1 770 1713 1450
2352 2 2 1 1 1249 1738 1612
2353 2 2 1 1 961 1629 662
2354 2 2 1 1 869 1327 942
2355 2 2 1 1 1426 1574 1041
2356 2 2 1 1 533 1379 1000
2357 2 2 1 1 788 1264 873
2358 2 2 1 1 291 1666 920
2359 2 2 1 1 916 1557 917
2360 2 2 1 1 1758 1759 749
2361 2 2 1 1 981 1601 1537
2362 2 2 1 1 992 1613 1480
2363 2 2 1 1 867 927 826
2364 2 2 1 1 1648 1704 1601
2365 2 2 1 1 101 1731 102
2366 2 2 1 1 850 1723 1574
2367 2 2 1 1 804 1823 1162
2368 2 2 1 1 207 1263 1117
2369 2 2 1 1 516 998 904
2370 2 2 1 1 818 1663 956
2371 2 2 1 1 901 976 819
2372 2 2 1 1 202 1742 1741
2373 2 2 1 1 705 1734 763
2374 2 2 1 1 844 1109 793
2375 2 2 1 1 1427 1541 1063
2376 2 2 1 1 888 1024 797
2377 2 2 1 1 629 1785 628
2378 2 2 1 1 1037 1587 1074
2379 2 2 1 1 754 1736 690
2380 2 2 1 1 896 1726 1422
2381 2 2 1 1 695 1008 694
2382 2 2 1 1 441 1767 442
2383 2 2 1 1 794 1852 1632
2384 2 2 1 1 425 1026 424
2385 2 2 1 1 904 1323 87
2386 2 2 1 1 1443 1734 705
2387 2 2 1 1 815 1364 1270
2388 2 2 1 1 1103 1105 867
2389 2 2 1 1 1482 1693 760
2390 2 2 1 1 221 983 915
2391 2 2 1 1 1336 1742 202
2392 2 2 1 1 860 1632 946
2393 2 2 1 1 820 1491 870
2394 2 2 1 1 981 1537 1536
2395 2 2 1 1 865 1097 895
2396 2 2 1 1 1064 1273 20
2397 2 2 1 1 1309 1310 41
2398 2 2 1 1 1328 1329 121
2399 2 2 1 1 1339 1340 222
2400 2 2 1 1 441 1364 1362
2401 2 2 1 1 442 1365 1364
2402 2 2 1 1 666 1407 1406
2403 2 2 1 1 873 1060 788
2404 2 2 1 1 1516 1824 1503
2405 2 2 1 1 1036 1667 791
2406 2 2 1 1 1052 1611 859
2407 2 2 1 1 1703 1710 1537
2408 2 2 1 1 813 1679 919
2409 2 2 1 1 1508 1791 994
2410 2 2 1 1 1362 1364 1363
2411 2 2 1 1 946 1392 860
2412 2 2 1 1 1247 1750 1544
2413 2 2 1 1 823 1607 1267
2414 2 2 1 1 826 1436 802
2415 2 2 1 1 1388 1570 859
2416 2 2 1 1 698 1598 699
2417 2 2 1 1 1029 1824 1770
2418 2 2 1 1 1621 1730 1427
2419 2 2 1 1 814 1273 881
2420 2 2 1 1 800 1735 843
2421 2 2 1 1 674 1828 700
2422 2 2 1 1 779 1699 1547
2423 2 2 1 1 1430 1784 822
2424 2 2 1 1 1419 1829 1281
2425 2 2 1 1 707 1800 1719
2426 2 2 1 1 1009 1765 1545
2427 2 2 1 1 138 1552 137
2428 2 2 1 1 159 1553 160
2429 2 2 1 1 162 1554 161
2430 2 2 1 1 192 1555 193
2431 2 2 1 1 195 1556 194
2432 2 2 1 1 256 1558 255
2433 2 2 1 1 255 1559 256
2434 2 2 1 1 264 1560 263
2435 2 2 1 1 267 1561 268
2436 2 2 1 1 529 1563 530
2437 2 2 1 1 572 1564 573
2438 2 2 1 1 584 1565 583
2439 2 2 1 1 591 1566 592
2440 2 2 1 1 602 1567 601
2441 2 2 1 1 603 1568 604
2442 2 2 1 1 657 1569 656
2443 2 2 1 1 680 1652 681
2444 2 2 1 1 19 1548 18
2445 2 2 1 1 34 1549 33
2446 2 2 1 1 34 1550 35
2447 2 2 1 1 75 1551 76
2448 2 2 1 1 238 1557 237
2449 2 2 1 1 323 1672 324
2450 2 2 1 1 370 1562 369
2451 2 2 1 1 1007 1758 750
2452 2 2 1 1 1441 1759 1758
2453 2 2 1 1 527 1650 526
2454 2 2 1 1 531 1651 530
2455 2 2 1 1 941 1817 834
2456 2 2 1 1 1438 1439 583
2457 2 2 1 1 1363 1437 437
2458 2 2 1 1 765 1633 1579
2459 2 2 1 1 1466 1764 987
2460 2 2 1 1 1358 1851 1483
2461 2 2 1 1 980 1071 1037
2462 2 2 1 1 40 1745 41
2463 2 2 1 1 800 1398 1058
2464 2 2 1 1 904 1819 512
2465 2 2 1 1 1241 1852 1608
2466 2 2 1 1 693 1693 1490
2467 2 2 1 1 700 1828 992
2468 2 2 1 1 1504 1628 659
2469 2 2 1 1 5 1830 1301
2470 2 2 1 1 1247 1625 872
2471 2 2 1 1 338 1448 1164
2472 2 2 1 1 1012 1824 1516
2473 2 2 1 1 1134 1136 838
2474 2 2 1 1 1009 1545 898
2475 2 2 1 1 1030 1799 1288
2476 2 2 1 1 917 1343 245
2477 2 2 1 1 550 1527 551
2478 2 2 1 1 837 1445 1052
2479 2 2 1 1 835 1771 1484
2480 2 2 1 1 1364 1665 1270
2481 2 2 1 1 182 1750 183
2482 2 2 1 1 13 1749 12
2483 2 2 1 1 1414 1786 1679
2484 2 2 1 1 806 1694 877
2485 2 2 1 1 1273 1548 19
2486 2 2 1 1 928 1408 672
2487 2 2 1 1 1505 1841 1141
2488 2 2 1 1 1504 1842 1402
2489 2 2 1 1 850 1273 814
2490 2 2 1 1 810 1846 1614
2491 2 2 1 1 1265 1372 857
2492 2 2 1 1 1743 1744 848
2493 2 2 1 1 87 1081 904
2494 2 2 1 1 915 1338 220
2495 2 2 1 1 921 1463 469
2496 2 2 1 1 999 1393 618
2497 2 2 1 1 27 1780 26
2498 2 2 1 1 54 1781 53
2499 2 2 1 1 335 1782 334
2500 2 2 1 1 141 1777 142
2501 2 2 1 1 434 1778 435
2502 2 2 1 1 569 1779 568
2503 2 2 1 1 956 1681 818
2504 2 2 1 1 1706 1846 810
2505 2 2 1 1 968 1479 111
2506 2 2 1 1 928 1179 381
2507 2 2 1 1 672 1179 928
2508 2 2 1 1 838 1789 1075
2509 2 2 1 1 84 1647 85
2510 2 2 1 1 1292 1646 990
2511 2 2 1 1 113 1697 952
2512 2 2 1 1 885 1571 1022
2513 2 2 1 1 277 1841 1505
2514 2 2 1 1 659 1842 1504
2515 2 2 1 1 1282 1744 1300
2516 2 2 1 1 557 1386 1297
2517 2 2 1 1 1291 1351 317
2518 2 2 1 1 62 1319 1317
2519 2 2 1 1 63 1318 1286
2520 2 2 1 1 1770 1772 1029
2521 2 2 1 1 137 1790 138
2522 2 2 1 1 1147 1681 1149
2523 2 2 1 1 772 1702 1542
2524 2 2 1 1 914 1606 1282
2525 2 2 1 1 1057 1530 1509
2526 2 2 1 1 1058 1735 800
2527 2 2 1 1 802 1436 926
2528 2 2 1 1 7 1838 1467
2529 2 2 1 1 1454 1615 1010
2530 2 2 1 1 395 1341 1039
2531 2 2 1 1 1397 1584 638
2532 2 2 1 1 484 1756 483
2533 2 2 1 1 978 1588 357
2534 2 2 1 1 814 1723 850
2535 2 2 1 1 963 1738 1008
2536 2 2 1 1 1474 1559 254
2537 2 2 1 1 1475 1558 257
2538 2 2 1 1 881 1273 1064
2539 2 2 1 1 909 1252 799
2540 2 2 1 1 1537 1704 1703
2541 2 2 1 1 94 1523 95
2542 2 2 1 1 228 1525 227
2543 2 2 1 1 623 1527 622
2544 2 2 1 1 1770 1824 1012
2545 2 2 1 1 77 1619 78
2546 2 2 1 1 384 1355 967
2547 2 2 1 1 1387 1520 556
2548 2 2 1 1 689 1423 1274
2549 2 2 1 1 172 1757 173
2550 2 2 1 1 1064 1780 881
2551 2 2 1 1 625 1659 1621
2552 2 2 1 1 1029 1682 1503
2553 2 2 1 1 301 1019 300
2554 2 2 1 1 990 1585 1188
2555 2 2 1 1 1400 1432 865
2556 2 2 1 1 1118 1120 848
2557 2 2 1 1 466 1038 465
2558 2 2 1 1 621 1040 620
2559 2 2 1 1 395 1039 396
2560 2 2 1 1 1149 1681 956
2561 2 2 1 1 765 1634 1633
2562 2 2 1 1 1310 1502 40
2563 2 2 1 1 1015 1830 759
2564 2 2 1 1 381 1622 928
2565 2 2 1 1 1608 1852 938
2566 2 2 1 1 969 1831 1266
2567 2 2 1 1 793 1689 1031
2568 2 2 1 1 1010 1759 1441
2569 2 2 1 1 806 1625 1247
2570 2 2 1 1 463 1198 951
2571 2 2 1 1 226 1420 225
2572 2 2 1 1 915 983 392
2573 2 2 1 1 934 1283 811
2574 2 2 1 1 845 1504 1402
2575 2 2 1 1 1489 1756 485
2576 2 2 1 1 1121 1266 1035
2577 2 2 1 1 816 1291 1268
2578 2 2 1 1 223 1769 224
2579 2 2 1 1 664 1768 665
2580 2 2 1 1 124 1850 1287
2581 2 2 1 1 1087 1287 1036
2582 2 2 1 1 1856 1857 1617
2583 2 2 1 1 1032 1732 1500
2584 2 2 1 1 992 1480 761
2585 2 2 1 1 841 1613 1410
2586 2 2 1 1 857 1374 1205
2587 2 2 1 1 860 1392 1238
2588 2 2 1 1 985 1598 1539
2589 2 2 1 1 1473 1683 1418
2590 2 2 1 1 1268 1349 1269
2591 2 2 1 1 827 1853 1025
2592 2 2 1 1 307 1498 973
2593 2 2 1 1 883 1260 808
2594 2 2 1 1 1492 1495 486
2595 2 2 1 1 1712 1713 997
2596 2 2 1 1 1074 1285 1037
2597 2 2 1 1 881 1453 814
2598 2 2 1 1 893 1160 1020
2599 2 2 1 1 1267 1607 248
2600 2 2 1 1 815 1290 1152
2601 2 2 1 1 1050 1467 760
2602 2 2 1 1 351 1169 964
2603 2 2 1 1 486 1708 1489
2604 2 2 1 1 489 1495 1470
2605 2 2 1 1 642 1496 1398
2606 2 2 1 1 719 1246 996
2607 2 2 1 1 874 1488 921
2608 2 2 1 1 876 1391 892
2609 2 2 1 1 1044 1492 887
2610 2 2 1 1 1784 1819 1251
2611 2 2 1 1 33 1549 1453
2612 2 2 1 1 364 1858 363
2613 2 2 1 1 972 1666 293
2614 2 2 1 1 860 1707 1632
2615 2 2 1 1 120 1507 1086
2616 2 2 1 1 791 1856 1006
2617 2 2 1 1 997 1713 795
2618 2 2 1 1 1290 1660 306
2619 2 2 1 1 1054 1776 1670
2620 2 2 1 1 841 1180 1110
2621 2 2 1 1 974 1672 1631
2622 2 2 1 1 764 1658 1600
2623 2 2 1 1 842 1814 1211
2624 2 2 1 1 978 1214 843
2625 2 2 1 1 903 1737 810
2626 2 2 1 1 870 962 820
2627 2 2 1 1 1530 1618 523
2628 2 2 1 1 542 1676 1296
2629 2 2 1 1 1147 1799 1681
2630 2 2 1 1 42 1745 1312
2631 2 2 1 1 43 1312 1311
2632 2 2 1 1 47 1314 1313
2633 2 2 1 1 58 1285 1074
2634 2 2 1 1 61 1317 1316
2635 2 2 1 1 64 1286 1075
2636 2 2 1 1 108 1327 1326
2637 2 2 1 1 125 1287 1087
2638 2 2 1 1 1119 1266 213
2639 2 2 1 1 214 1266 1121
2640 2 2 1 1 1130 1267 249
2641 2 2 1 1 281 1288 1143
2642 2 2 1 1 296 1289 1151
2643 2 2 1 1 1154 1290 305
2644 2 2 1 1 312 1349 1268
2645 2 2 1 1 313 1268 1156
2646 2 2 1 1 1156 1291 316
2647 2 2 1 1 1359 1360 426
2648 2 2 1 1 430 1292 1188
2649 2 2 1 1 1362 1363 438
2650 2 2 1 1 1191 1294 448
2651 2 2 1 1 449 1367 1271
2652 2 2 1 1 450 1271 1192
2653 2 2 1 1 490 1470 1373
2654 2 2 1 1 1215 1295 538
2655 2 2 1 1 541 1296 1215
2656 2 2 1 1 558 1297 1218
2657 2 2 1 1 640 1400 1399
2658 2 2 1 1 641 1398 1397
2659 2 2 1 1 1294 1665 447
2660 2 2 1 1 1483 1851 863
2661 2 2 1 1 129 1605 1088
2662 2 2 1 1 129 1604 1089
2663 2 2 1 1 189 1606 1111
2664 2 2 1 1 623 1608 1217
2665 2 2 1 1 676 1609 1409
2666 2 2 1 1 1079 1602 81
2667 2 2 1 1 1344 1603 275
2668 2 2 1 1 1063 1835 1583
2669 2 2 1 1 1486 1487 864
2670 2 2 1 1 639 1725 1400
2671 2 2 1 1 280 1722 1288
2672 2 2 1 1 1334 1797 180
2673 2 2 1 1 295 1663 1289
2674 2 2 1 1 1046 1493 714
2675 2 2 1 1 713 1493 1412
2676 2 2 1 1 1331 1553 836
2677 2 2 1 1 1390 1568 837
2678 2 2 1 1 1305 1548 850
2679 2 2 1 1 975 1749 14
2680 2 2 1 1 184 1750 975
2681 2 2 1 1 847 1657 822
2682 2 2 1 1 1025 1493 985
2683 2 2 1 1 848 1744 878
2684 2 2 1 1 246 1607 917
2685 2 2 1 1 1060 1521 874
2686 2 2 1 1 810 1737 1706
2687 2 2 1 1 853 1275 790
2688 2 2 1 1 189 1623 1335
2689 2 2 1 1 952 1233 588
2690 2 2 1 1 1061 1772 1770
2691 2 2 1 1 518 1055 517
2692 2 2 1 1 1611 1822 600
2693 2 2 1 1 1613 1828 676
2694 2 2 1 1 824 941 834
2695 2 2 1 1 812 1747 1472
2696 2 2 1 1 996 1690 718
2697 2 2 1 1 1453 1549 851
2698 2 2 1 1 156 1637 1100
2699 2 2 1 1 123 1859 122
2700 2 2 1 1 1363 1364 815
2701 2 2 1 1 946 1852 1241
2702 2 2 1 1 1031 1689 1542
2703 2 2 1 1 972 1187 408
2704 2 2 1 1 28 1801 29
2705 2 2 1 1 83 1802 82
2706 2 2 1 1 347 1803 348
2707 2 2 1 1 357 1804 356
2708 2 2 1 1 369 1805 370
2709 2 2 1 1 140 1806 139
2710 2 2 1 1 148 1807 149
2711 2 2 1 1 174 1808 173
2712 2 2 1 1 261 1809 262
2713 2 2 1 1 435 1810 434
2714 2 2 1 1 454 1811 455
2715 2 2 1 1 457 1812 456
2716 2 2 1 1 500 1813 501
2717 2 2 1 1 503 1814 502
2718 2 2 1 1 565 1815 564
2719 2 2 1 1 566 1816 567
2720 2 2 1 1 575 1817 574
2721 2 2 1 1 600 1818 599
2722 2 2 1 1 309 1499 1498
2723 2 2 1 1 779 1798 1030
2724 2 2 1 1 644 1497 1496
2725 2 2 1 1 246 1714 1129
2726 2 2 1 1 1320 1715 70
2727 2 2 1 1 478 1572 1201
2728 2 2 1 1 1046 1598 985
2729 2 2 1 1 887 1371 1201
2730 2 2 1 1 555 1520 1216
2731 2 2 1 1 1266 1831 1035
2732 2 2 1 1 1769 1820 977
2733 2 2 1 1 1030 1699 779
2734 2 2 1 1 1248 1550 864
2735 2 2 1 1 1265 1708 1372
2736 2 2 1 1 1378 1563 528
2737 2 2 1 1 1233 1565 585
2738 2 2 1 1 1234 1566 590
2739 2 2 1 1 236 1557 1125
2740 2 2 1 1 1203 1855 935
2741 2 2 1 1 782 1833 738
2742 2 2 1 1 1399 1624 643
2743 2 2 1 1 644 1624 1401
2744 2 2 1 1 804 1530 1057
2745 2 2 1 1 1289 1673 1152
2746 2 2 1 1 32 1825 31
2747 2 2 1 1 427 1826 428
2748 2 2 1 1 758 1700 1469
2749 2 2 1 1 860 1238 945
2750 2 2 1 1 802 1735 1058
2751 2 2 1 1 1329 1566 944
2752 2 2 1 1 601 1822 602
2753 2 2 1 1 824 1224 941
2754 2 2 1 1 99 1724 1506
2755 2 2 1 1 1204 1855 1203
2756 2 2 1 1 1755 1797 1574
2757 2 2 1 1 790 1417 853
2758 2 2 1 1 821 1762 933
2759 2 2 1 1 849 1554 826
2760 2 2 1 1 989 1473 1418
2761 2 2 1 1 121 1859 1507
2762 2 2 1 1 1006 1856 1674
2763 2 2 1 1 878 1118 848
2764 2 2 1 1 1165 1166 340
2765 2 2 1 1 1180 1410 682
2766 2 2 1 1 1578 1753 1054
2767 2 2 1 1 816 1294 932
2768 2 2 1 1 1506 1731 100
2769 2 2 1 1 1279 1760 1014
2770 2 2 1 1 1011 1669 1668
2771 2 2 1 1 1255 1855 1653
2772 2 2 1 1 408 1185 972
2773 2 2 1 1 937 1845 800
2774 2 2 1 1 912 1793 1109
2775 2 2 1 1 418 1027 973
2776 2 2 1 1 675 1828 674
2777 2 2 1 1 942 1565 869
2778 2 2 1 1 824 1506 1280
2779 2 2 1 1 420 1027 419
2780 2 2 1 1 93 1055 94
2781 2 2 1 1 234 1026 235
2782 2 2 1 1 1255 1653 1584
2783 2 2 1 1 1203 1373 1204
2784 2 2 1 1 1674 1856 1617
2785 2 2 1 1 1574 1723 1041
2786 2 2 1 1 1035 1831 786
2787 2 2 1 1 795 1713 770
2788 2 2 1 1 850 1797 1334
2789 2 2 1 1 38 1502 1308
2790 2 2 1 1 1267 1558 828
2791 2 2 1 1 813 1603 955
2792 2 2 1 1 1274 1423 953
2793 2 2 1 1 973 1844 418
2794 2 2 1 1 443 1767 1481
2795 2 2 1 1 850 1548 1273
2796 2 2 1 1 1636 1676 545
2797 2 2 1 1 1109 1793 793
2798 2 2 1 1 1071 1827 900
2799 2 2 1 1 1254 1610 701
2800 2 2 1 1 396 1039 397
2801 2 2 1 1 467 1038 466
2802 2 2 1 1 622 1040 621
2803 2 2 1 1 1028 1640 883
2804 2 2 1 1 1391 1659 606
2805 2 2 1 1 537 1730 1380
2806 2 2 1 1 870 1652 962
2807 2 2 1 1 1110 1656 841
2808 2 2 1 1 151 1854 150
2809 2 2 1 1 1363 1673 1437
2810 2 2 1 1 399 1525 400
2811 2 2 1 1 519 1523 518
2812 2 2 1 1 1300 1744 1743
2813 2 2 1 1 1239 1664 892
2814 2 2 1 1 911 1637 1433
2815 2 2 1 1 143 1432 1093
2816 2 2 1 1 1095 1432 144
2817 2 2 1 1 1098 1433 152
2818 2 2 1 1 1231 1438 581
2819 2 2 1 1 367 1435 1172
2820 2 2 1 1 372 1436 1175
2821 2 2 1 1 983 1341 395
2822 2 2 1 1 318 1488 1350
2823 2 2 1 1 1701 1702 772
2824 2 2 1 1 1422 1751 764
2825 2 2 1 1 1136 1560 838
2826 2 2 1 1 58 1316 1285
2827 2 2 1 1 985 1539 827
2828 2 2 1 1 1154 1709 1290
2829 2 2 1 1 1260 1763 808
2830 2 2 1 1 854 1691 995
2831 2 2 1 1 807 1836 1653
2832 2 2 1 1 9 1838 8
2833 2 2 1 1 1503 1595 863
2834 2 2 1 1 1398 1496 1058
2835 2 2 1 1 942 1327 834
2836 2 2 1 1 203 1528 1256
2837 2 2 1 1 711 1853 948
2838 2 2 1 1 1188 1292 990
2839 2 2 1 1 1532 1662 1262
2840 2 2 1 1 1285 1317 840
2841 2 2 1 1 840 1317 882
2842 2 2 1 1 1120 1122 848
2843 2 2 1 1 354 1494 1169
2844 2 2 1 1 892 1391 1237
2845 2 2 1 1 108 1796 1327
2846 2 2 1 1 1453 1825 33
2847 2 2 1 1 1360 1826 426
2848 2 2 1 1 965 1003 67
2849 2 2 1 1 802 947 849
2850 2 2 1 1 804 1448 879
2851 2 2 1 1 1472 1747 1473
2852 2 2 1 1 471 1834 1662
2853 2 2 1 1 802 849 826
2854 2 2 1 1 839 1768 891
2855 2 2 1 1 1014 1760 777
2856 2 2 1 1 893 1020 831
2857 2 2 1 1 1440 1699 1030
2858 2 2 1 1 1376 1671 518
2859 2 2 1 1 525 1627 1377
2860 2 2 1 1 660 1628 1404
2861 2 2 1 1 661 1629 1403
2862 2 2 1 1 362 1630 1354
2863 2 2 1 1 952 1004 114
2864 2 2 1 1 589 1004 952
2865 2 2 1 1 1719 1800 1416
2866 2 2 1 1 993 1775 1546
2867 2 2 1 1 29 1801 1486
2868 2 2 1 1 339 1616 1448
2869 2 2 1 1 1329 1850 121
2870 2 2 1 1 1340 1769 222
2871 2 2 1 1 666 1768 1407
2872 2 2 1 1 876 1659 1391
2873 2 2 1 1 931 1437 818
2874 2 2 1 1 834 1228 942
2875 2 2 1 1 1472 1473 789
2876 2 2 1 1 1560 1789 838
2877 2 2 1 1 1053 1648 1601
2878 2 2 1 1 1482 1738 1249
2879 2 2 1 1 1274 1831 969
2880 2 2 1 1 961 1491 820
2881 2 2 1 1 962 1254 820
2882 2 2 1 1 66 1789 67
2883 2 2 1 1 1441 1573 1010
2884 2 2 1 1 416 1576 1357
2885 2 2 1 1 418 1844 417
2886 2 2 1 1 275 1841 276
2887 2 2 1 1 657 1842 658
2888 2 2 1 1 891 1768 1404
2889 2 2 1 1 1326 1697 111
2890 2 2 1 1 1671 1724 519
2891 2 2 1 1 877 1625 806
2892 2 2 1 1 970 1303 897
2893 2 2 1 1 1833 1839 737
2894 2 2 1 1 947 1244 849
2895 2 2 1 1 927 1436 826
2896 2 2 1 1 842 1211 923
2897 2 2 1 1 472 1662 1532
2898 2 2 1 1 444 1481 1366
2899 2 2 1 1 863 1620 1516
2900 2 2 1 1 1447 1658 1415
2901 2 2 1 1 1501 1785 630
2902 2 2 1 1 1244 1245 849
2903 2 2 1 1 1340 1820 1769
2904 2 2 1 1 30 1486 1307
2905 2 2 1 1 101 1848 100
2906 2 2 1 1 103 1849 102
2907 2 2 1 1 122 1850 123
2908 2 2 1 1 1631 1812 1197
2909 2 2 1 1 428 1826 1128
2910 2 2 1 1 414 1851 415
2911 2 2 1 1 872 1749 975
2912 2 2 1 1 950 1654 1469
2913 2 2 1 1 1823 1832 775
2914 2 2 1 1 989 1740 1473
2915 2 2 1 1 1678 1767 440
2916 2 2 1 1 1372 1708 488
2917 2 2 1 1 1407 1768 839
2918 2 2 1 1 822 902 847
2919 2 2 1 1 924 1284 809
2920 2 2 1 1 1632 1852 946
2921 2 2 1 1 359 1588 1171
2922 2 2 1 1 973 1348 307
2923 2 2 1 1 800 1845 1255
2924 2 2 1 1 929 1696 1487
2925 2 2 1 1 293 1794 972
2926 2 2 1 1 1469 1654 757
2927 2 2 1 1 827 1839 1833
2928 2 2 1 1 1008 1482 694
2929 2 2 1 1 1667 1857 791
2930 2 2 1 1 1017 1447 722
2931 2 2 1 1 1449 1670 1579
2932 2 2 1 1 1185 1682 866
2933 2 2 1 1 1268 1269 816
2934 2 2 1 1 1623 1830 1015
2935 2 2 1 1 1326 1327 869
2936 2 2 1 1 534 1168 964
2937 2 2 1 1 1288 1799 1143
2938 2 2 1 1 1302 1749 872
2939 2 2 1 1 1349 1660 1269
2940 2 2 1 1 767 1702 1675
2941 2 2 1 1 1094 1777 909
2942 2 2 1 1 1471 1731 1506
2943 2 2 1 1 834 1471 824
2944 2 2 1 1 1143 1799 1145
2945 2 2 1 1 1632 1707 1411
2946 2 2 1 1 1346 1663 293
2947 2 2 1 1 1381 1664 543
2948 2 2 1 1 524 1618 1378
2949 2 2 1 1 544 1664 1382
2950 2 2 1 1 1025 1853 711
2951 2 2 1 1 1269 1270 816
2952 2 2 1 1 1634 1739 1450
2953 2 2 1 1 1647 1819 1081
2954 2 2 1 1 1010 1573 1454
2955 2 2 1 1 809 1494 924
2956 2 2 1 1 1770 1771 1061
2957 2 2 1 1 177 1047 178
2958 2 2 1 1 178 1524 177
2959 2 2 1 1 421 1483 1019
2960 2 2 1 1 109 1479 1084
2961 2 2 1 1 1287 1850 1329
2962 2 2 1 1 1186 1595 407
2963 2 2 1 1 1259 1736 969
2964 2 2 1 1 964 1651 532
2965 2 2 1 1 1448 1782 1164
2966 2 2 1 1 880 1661 1301
2967 2 2 1 1 1350 1521 315
2968 2 2 1 1 314 1521 1155
2969 2 2 1 1 886 1735 802
2970 2 2 1 1 102 1849 1848
2971 2 2 1 1 67 1789 965
2972 2 2 1 1 1031 1542 1468
2973 2 2 1 1 416 1844 1576
2974 2 2 1 1 1376 1529 888
2975 2 2 1 1 844 1656 1047
2976 2 2 1 1 1082 1737 1322
2977 2 2 1 1 1107 1808 867
2978 2 2 1 1 1347 1709 301
2979 2 2 1 1 718 1690 717
2980 2 2 1 1 1019 1153 300
2981 2 2 1 1 1413 1606 187
2982 2 2 1 1 1567 1621 833
2983 2 2 1 1 1173 1354 926
2984 2 2 1 1 906 1091 1089
2985 2 2 1 1 1249 1693 1482
2986 2 2 1 1 1429 1734 654
2987 2 2 1 1 1277 1589 1006
2988 2 2 1 1 1269 1660 1290
2989 2 2 1 1 900 1827 1547
2990 2 2 1 1 841 1410 1180
2991 2 2 1 1 1216 1520 1033
2992 2 2 1 1 1536 1545 981
2993 2 2 1 1 377 1860 378
2994 2 2 1 1 379 1861 380
2995 2 2 1 1 1051 1654 950
2996 2 2 1 1 1330 1859 123
2997 2 2 1 1 1574 1797 850
2998 2 2 1 1 1490 1693 1249
2999 2 2 1 1 1580 1857 1667
3000 2 2 1 1 526 1650 1627
3001 2 2 1 1 1535 1716 94
3002 2 2 1 1 1157 1488 319
3003 2 2 1 1 1408 1491 668
3004 2 2 1 1 1302 1838 9
3005 2 2 1 1 1155 1499 311
3006 2 2 1 1 1271 1272 811
3007 2 2 1 1 1503 1824 1029
3008 2 2 1 1 1296 1676 1279
3009 2 2 1 1 1043 1148 920
3010 2 2 1 1 1437 1810 436
3011 2 2 1 1 81 1802 1431
3012 2 2 1 1 371 1805 1436
3013 2 2 1 1 1434 1803 346
3014 2 2 1 1 960 1747 812
3015 2 2 1 1 100 1848 1324
3016 2 2 1 1 1325 1849 103
3017 2 2 1 1 1511 1816 565
3018 2 2 1 1 1021 1406 868
3019 2 2 1 1 1128 1826 846
3020 2 2 1 1 363 1858 1353
3021 2 2 1 1 964 1168 350
3022 2 2 1 1 1162 1448 804
3023 2 2 1 1 958 1664 1239
3024 2 2 1 1 891 1795 839
3025 2 2 1 1 1108 1757 844
3026 2 2 1 1 1260 1714 1635
3027 2 2 1 1 620 1040 999
3028 2 2 1 1 782 1001 948
3029 2 2 1 1 368 1562 1435
3030 2 2 1 1 1297 1386 938
3031 2 2 1 1 295 1876 1794
3032 2 2 1 1 694 1847 1625
3033 2 2 1 1 815 1673 1363
3034 2 2 1 1 765 1739 1634
3035 2 2 1 1 200 1306 970
3036 2 2 1 1 1631 1672 861
3037 2 2 1 1 887 1492 1371
3038 2 2 1 1 892 1664 1381
3039 2 2 1 1 424 1754 423
3040 2 2 1 1 355 1804 1494
3041 2 2 1 1 692 1654 1051
3042 2 2 1 1 1433 1637 153
3043 2 2 1 1 345 1638 1434
3044 2 2 1 1 1490 1700 759
3045 2 2 1 1 564 1639 1511
3046 2 2 1 1 1473 1740 789
3047 2 2 1 1 1295 1835 1541
3048 2 2 1 1 840 1532 1262
3049 2 2 1 1 871 1352 1199
3050 2 2 1 1 1312 1745 1465
3051 2 2 1 1 1000 1379 879
3052 2 2 1 1 1437 1673 818
3053 2 2 1 1 872 1838 1302
3054 2 2 1 1 1400 1725 1476
3055 2 2 1 1 1288 1722 1440
3056 2 2 1 1 473 1532 1200
3057 2 2 1 1 462 1368 974
3058 2 2 1 1 1268 1291 1156
3059 2 2 1 1 1215 1296 1295
3060 2 2 1 1 532 1644 964
3061 2 2 1 1 964 1644 534
3062 2 2 1 1 892 1695 876
3063 2 2 1 1 1439 1645 585
3064 2 2 1 1 1049 1356 398
3065 2 2 1 1 717 1733 716
3066 2 2 1 1 996 1246 708
3067 2 2 1 1 1833 1853 827
3068 2 2 1 1 869 1697 1326
3069 2 2 1 1 849 1245 1101
3070 2 2 1 1 897 1116 970
3071 2 2 1 1 1283 1489 821
3072 2 2 1 1 1171 1630 361
3073 2 2 1 1 1366 1367 447
3074 2 2 1 1 1394 1395 630
3075 2 2 1 1 791 1857 1856
3076 2 2 1 1 1054 1670 1449
3077 2 2 1 1 1535 1848 852
3078 2 2 1 1 696 1597 1008
3079 2 2 1 1 1484 1771 1668
3080 2 2 1 1 802 926 886
3081 2 2 1 1 876 1730 1621
3082 2 2 1 1 337 1592 1165
3083 2 2 1 1 1163 1592 336
3084 2 2 1 1 930 1483 863
3085 2 2 1 1 846 1635 1128
3086 2 2 1 1 858 1636 1383
3087 2 2 1 1 1254 1649 820
3088 2 2 1 1 762 1610 1609
3089 2 2 1 1 1128 1635 242
3090 2 2 1 1 1383 1636 546
3091 2 2 1 1 1008 1597 963
3092 2 2 1 1 948 1001 715
3093 2 2 1 1 1283 1756 1489
3094 2 2 1 1 703 1649 1254
3095 2 2 1 1 22 1064 21
3096 2 2 1 1 24 1065 23
3097 2 2 1 1 26 1065 25
3098 2 2 1 1 25 1066 26
3099 2 2 1 1 30 1067 29
3100 2 2 1 1 51 1068 50
3101 2 2 1 1 50 1069 51
3102 2 2 1 1 53 1070 52
3103 2 2 1 1 52 1072 53
3104 2 2 1 1 56 1073 57
3105 2 2 1 1 57 1074 56
3106 2 2 1 1 65 1075 66
3107 2 2 1 1 66 1076 65
3108 2 2 1 1 68 1076 67
3109 2 2 1 1 79 1078 78
3110 2 2 1 1 78 1079 79
3111 2 2 1 1 86 1080 85
3112 2 2 1 1 85 1081 86
3113 2 2 1 1 91 1082 90
3114 2 2 1 1 108 1084 107
3115 2 2 1 1 116 1085 115
3116 2 2 1 1 119 1086 118
3117 2 2 1 1 126 1087 127
3118 2 2 1 1 127 1088 126
3119 2 2 1 1 131 1089 132
3120 2 2 1 1 132 1090 131
3121 2 2 1 1 134 1091 135
3122 2 2 1 1 135 1092 134
3123 2 2 1 1 143 1093 142
3124 2 2 1 1 142 1094 143
3125 2 2 1 1 144 1094 145
3126 2 2 1 1 145 1095 144
3127 2 2 1 1 147 1096 148
3128 2 2 1 1 148 1097 147
3129 2 2 1 1 151 1098 152
3130 2 2 1 1 158 1100 159
3131 2 2 1 1 159 1101 158
3132 2 2 1 1 165 1102 166
3133 2 2 1 1 166 1103 165
3134 2 2 1 1 168 1104 169
3135 2 2 1 1 169 1105 168
3136 2 2 1 1 170 1106 171
3137 2 2 1 1 171 1107 170
3138 2 2 1 1 175 1108 176
3139 2 2 1 1 191 1111 192
3140 2 2 1 1 192 1112 191
3141 2 2 1 1 195 1113 196
3142 2 2 1 1 196 1114 195
3143 2 2 1 1 198 1115 199
3144 2 2 1 1 199 1116 198
3145 2 2 1 1 209 1117 210
3146 2 2 1 1 210 1118 209
3147 2 2 1 1 212 1118 211
3148 2 2 1 1 211 1119 212
3149 2 2 1 1 214 1120 213
3150 2 2 1 1 215 1121 216
3151 2 2 1 1 216 1122 215
3152 2 2 1 1 233 1124 234
3153 2 2 1 1 234 1125 233
3154 2 2 1 1 241 1127 240
3155 2 2 1 1 240 1128 241
3156 2 2 1 1 248 1129 249
3157 2 2 1 1 251 1130 250
3158 2 2 1 1 252 1131 253
3159 2 2 1 1 253 1132 252
3160 2 2 1 1 258 1133 259
3161 2 2 1 1 259 1134 258
3162 2 2 1 1 260 1135 261
3163 2 2 1 1 261 1136 260
3164 2 2 1 1 264 1137 265
3165 2 2 1 1 265 1138 264
3166 2 2 1 1 266 1139 267
3167 2 2 1 1 273 1140 272
3168 2 2 1 1 272 1141 273
3169 2 2 1 1 282 1143 283
3170 2 2 1 1 283 1144 282
3171 2 2 1 1 284 1145 285
3172 2 2 1 1 285 1146 284
3173 2 2 1 1 286 1147 287
3174 2 2 1 1 287 1148 286
3175 2 2 1 1 288 1149 289
3176 2 2 1 1 289 1150 288
3177 2 2 1 1 297 1151 298
3178 2 2 1 1 299 1153 412
3179 2 2 1 1 303 1154 304
3180 2 2 1 1 313 1155 312
3181 2 2 1 1 314 1156 315
3182 2 2 1 1 321 1157 320
3183 2 2 1 1 320 1158 321
3184 2 2 1 1 324 1159 325
3185 2 2 1 1 328 1160 327
3186 2 2 1 1 334 1161 333
3187 2 2 1 1 333 1163 334
3188 2 2 1 1 335 1163 336
3189 2 2 1 1 336 1164 335
3190 2 2 1 1 338 1164 337
3191 2 2 1 1 337 1165 338
3192 2 2 1 1 342 1166 343
3193 2 2 1 1 350 1168 349
3194 2 2 1 1 354 1169 353
3195 2 2 1 1 360 1170 359
3196 2 2 1 1 359 1171 360
3197 2 2 1 1 367 1172 366
3198 2 2 1 1 366 1173 367
3199 2 2 1 1 373 1174 372
3200 2 2 1 1 372 1175 373
3201 2 2 1 1 375 1176 374
3202 2 2 1 1 374 1177 375
3203 2 2 1 1 380 1179 379
3204 2 2 1 1 393 1181 392
3205 2 2 1 1 396 1182 395
3206 2 2 1 1 404 1183 403
3207 2 2 1 1 407 1185 408
3208 2 2 1 1 408 1186 407
3209 2 2 1 1 411 1153 410
3210 2 2 1 1 410 1187 411
3211 2 2 1 1 431 1188 432
3212 2 2 1 1 432 1189 431
3213 2 2 1 1 437 1190 438
3214 2 2 1 1 450 1191 449
3215 2 2 1 1 451 1192 452
3216 2 2 1 1 452 1193 451
3217 2 2 1 1 453 1194 454
3218 2 2 1 1 454 1195 453
3219 2 2 1 1 457 1196 458
3220 2 2 1 1 458 1197 457
3221 2 2 1 1 460 1197 459
3222 2 2 1 1 459 1198 460
3223 2 2 1 1 465 1199 466
3224 2 2 1 1 473 1200 474
3225 2 2 1 1 474 1369 473
3226 2 2 1 1 479 1201 480
3227 2 2 1 1 480 1202 479
3228 2 2 1 1 494 1203 495
3229 2 2 1 1 495 1205 494
3230 2 2 1 1 497 1206 498
3231 2 2 1 1 498 1207 497
3232 2 2 1 1 499 1208 500
3233 2 2 1 1 500 1209 499
3234 2 2 1 1 503 1210 504
3235 2 2 1 1 504 1211 503
3236 2 2 1 1 505 1212 506
3237 2 2 1 1 506 1213 505
3238 2 2 1 1 508 1214 509
3239 2 2 1 1 540 1215 539
3240 2 2 1 1 554 1216 553
3241 2 2 1 1 553 1217 554
3242 2 2 1 1 559 1218 560
3243 2 2 1 1 560 1219 559
3244 2 2 1 1 561 1220 562
3245 2 2 1 1 562 1221 561
3246 2 2 1 1 569 1222 570
3247 2 2 1 1 570 1223 569
3248 2 2 1 1 571 1225 572
3249 2 2 1 1 572 1226 571
3250 2 2 1 1 575 1227 576
3251 2 2 1 1 576 1228 575
3252 2 2 1 1 577 1229 578
3253 2 2 1 1 578 1230 577
3254 2 2 1 1 580 1231 581
3255 2 2 1 1 581 1232 580
3256 2 2 1 1 588 1233 587
3257 2 2 1 1 587 1234 588
3258 2 2 1 1 610 1236 611
3259 2 2 1 1 611 1237 610
3260 2 2 1 1 612 1238 613
3261 2 2 1 1 613 1239 612
3262 2 2 1 1 618 1240 619
3263 2 2 1 1 620 1241 621
3264 2 2 1 1 649 1242 648
3265 2 2 1 1 648 1243 649
3266 2 2 1 1 651 1244 650
3267 2 2 1 1 653 1245 652
3268 2 2 1 1 673 1179 672
3269 2 2 1 1 971 1507 853
3270 2 2 1 1 460 1631 1197
3271 2 2 1 1 843 1735 1588
3272 2 2 1 1 980 1827 1071
3273 2 2 1 1 327 1159 1038
3274 2 2 1 1 995 1691 703
3275 2 2 1 1 211 1259 1119
3276 2 2 1 1 1117 1259 210
3277 2 2 1 1 445 1665 1365
3278 2 2 1 1 977 1820 954
3279 2 2 1 1 1396 1501 631
3280 2 2 1 1 910 1752 1433
3281 2 2 1 1 862 1494 809
3282 2 2 1 1 1502 1549 1308
3283 2 2 1 1 1620 1851 413
3284 2 2 1 1 968 1395 960
3285 2 2 1 1 910 1807 909
3286 2 2 1 1 1468 1542 734
3287 2 2 1 1 1541 1835 1063
3288 2 2 1 1 295 1794 294
3289 2 2 1 1 1694 1721 1258
3290 2 2 1 1 874 1521 1350
3291 2 2 1 1 1467 1847 760
3292 2 2 1 1 1275 1330 905
3293 2 2 1 1 385 1883 979
3294 2 2 1 1 1196 1531 458
3295 2 2 1 1 459 1531 1198
3296 2 2 1 1 979 1883 683
3297 2 2 1 1 976 1069 50
3298 2 2 1 1 924 1353 1284
3299 2 2 1 1 857 1762 1265
3300 2 2 1 1 1163 1352 871
3301 2 2 1 1 830 1505 1142
3302 2 2 1 1 895 1624 865
3303 2 2 1 1 222 1341 983
3304 2 2 1 1 205 1263 206
3305 2 2 1 1 808 1028 883
3306 2 2 1 1 1074 1587 56
3307 2 2 1 1 1188 1585 432
3308 2 2 1 1 922 1638 1166
3309 2 2 1 1 1152 1673 815
3310 2 2 1 1 1152 1347 1151
3311 2 2 1 1 1295 1296 1014
3312 2 2 1 1 998 1055 92
3313 2 2 1 1 1250 1678 884
3314 2 2 1 1 852 1485 1253
3315 2 2 1 1 1091 1589 135
3316 2 2 1 1 869 1233 952
3317 2 2 1 1 1471 1506 824
3318 2 2 1 1 1547 1827 779
3319 2 2 1 1 854 1792 712
3320 2 2 1 1 701 1298 702
3321 2 2 1 1 1313 1314 856
3322 2 2 1 1 875 1360 1359
3323 2 2 1 1 1427 1730 1541
3324 2 2 1 1 920 1666 866
3325 2 2 1 1 1208 1845 1813
3326 2 2 1 1 1556 1661 880
3327 2 2 1 1 970 1116 200
3328 2 2 1 1 916 917 823
3329 2 2 1 1 401 1718 1049
3330 2 2 1 1 822 1251 902
3331 2 2 1 1 177 1333 967
3332 2 2 1 1 695 1862 710
3333 2 2 1 1 880 1830 1623
3334 2 2 1 1 1158 1351 861
3335 2 2 1 1 547 1382 999
3336 2 2 1 1 1683 1785 1418
3337 2 2 1 1 1117 1263 755
3338 2 2 1 1 967 1048 385
3339 2 2 1 1 1350 1488 874
3340 2 2 1 1 688 1424 1423
3341 2 2 1 1 712 948 854
3342 2 2 1 1 876 1695 1380
3343 2 2 1 1 1253 1849 1325
3344 2 2 1 1 1328 1566 1329
3345 2 2 1 1 865 1432 1095
3346 2 2 1 1 1478 1796 104
3347 2 2 1 1 758 1335 1015
3348 2 2 1 1 1599 1820 855
3349 2 2 1 1 985 1493 1046
3350 2 2 1 1 1082 1716 1083
3351 2 2 1 1 1141 1717 1142
3352 2 2 1 1 1184 1718 1183
3353 2 2 1 1 822 1784 1251
3354 2 2 1 1 1275 1859 1330
3355 2 2 1 1 917 1557 1127
3356 2 2 1 1 867 1808 913
3357 2 2 1 1 869 1565 1233
3358 2 2 1 1 825 1329 944
3359 2 2 1 1 1401 1624 895
3360 2 2 1 1 1630 1735 886
3361 2 2 1 1 909 1777 1252
3362 2 2 1 1 926 1354 886
3363 2 2 1 1 1162 1782 1448
3364 2 2 1 1 1412 1493 1025
3365 2 2 1 1 796 1762 857
3366 2 2 1 1 836 1553 911
3367 2 2 1 1 1101 1554 849
3368 2 2 1 1 930 1153 1019
3369 2 2 1 1 873 1499 1060
3370 2 2 1 1 818 1673 1289
3371 2 2 1 1 1081 1819 904
3372 2 2 1 1 1047 1108 844
3373 2 2 1 1 1105 1107 867
3374 2 2 1 1 1144 1146 1043
3375 2 2 1 1 1146 1148 1043
3376 2 2 1 1 1270 1294 816
3377 2 2 1 1 1087 1604 127
3378 2 2 1 1 1090 1605 131
3379 2 2 1 1 1241 1608 621
3380 2 2 1 1 273 1603 1140
3381 2 2 1 1 1662 1834 1262
3382 2 2 1 1 959 1567 833
3383 2 2 1 1 1260 1635 846
3384 2 2 1 1 1279 1636 858
3385 2 2 1 1 1271 1367 1272
3386 2 2 1 1 877 1787 1625
3387 2 2 1 1 1379 1563 879
3388 2 2 1 1 1418 1785 1417
3389 2 2 1 1 1129 1640 250
3390 2 2 1 1 1190 1678 439
3391 2 2 1 1 251 1640 1131
3392 2 2 1 1 851 1502 1310
3393 2 2 1 1 682 1652 979
3394 2 2 1 1 1119 1259 969
3395 2 2 1 1 6 1301 7
3396 2 2 1 1 12 1302 11
3397 2 2 1 1 11 1303 12
3398 2 2 1 1 16 1304 17
3399 2 2 1 1 17 1305 16
3400 2 2 1 1 18 1306 19
3401 2 2 1 1 23 1064 22
3402 2 2 1 1 25 1065 24
3403 2 2 1 1 26 1066 27
3404 2 2 1 1 29 1067 28
3405 2 2 1 1 31 1067 30
3406 2 2 1 1 30 1307 31
3407 2 2 1 1 36 1308 35
3408 2 2 1 1 44 1309 43
3409 2 2 1 1 43 1311 44
3410 2 2 1 1 47 1313 46
3411 2 2 1 1 50 1068 49
3412 2 2 1 1 51 1069 52
3413 2 2 1 1 52 1070 51
3414 2 2 1 1 53 1072 54
3415 2 2 1 1 55 1073 56
3416 2 2 1 1 58 1074 57
3417 2 2 1 1 57 1315 58
3418 2 2 1 1 61 1316 60
3419 2 2 1 1 60 1318 61
3420 2 2 1 1 64 1075 65
3421 2 2 1 1 65 1319 64
3422 2 2 1 1 67 1076 66
3423 2 2 1 1 72 1320 71
3424 2 2 1 1 269 1321 72
3425 2 2 1 1 76 1077 75
3426 2 2 1 1 78 1078 77
3427 2 2 1 1 79 1079 80
3428 2 2 1 1 85 1080 84
3429 2 2 1 1 86 1081 87
3430 2 2 1 1 87 1322 86
3431 2 2 1 1 90 1082 89
3432 2 2 1 1 89 1323 90
3433 2 2 1 1 98 1324 97
3434 2 2 1 1 106 1325 105
3435 2 2 1 1 107 1084 106
3436 2 2 1 1 109 1084 108
3437 2 2 1 1 108 1326 109
3438 2 2 1 1 115 1085 635
3439 2 2 1 1 118 1086 117
3440 2 2 1 1 593 1328 119
3441 2 2 1 1 125 1087 126
3442 2 2 1 1 126 1330 125
3443 2 2 1 1 128 1088 127
3444 2 2 1 1 130 1089 131
3445 2 2 1 1 133 1090 132
3446 2 2 1 1 133 1091 134
3447 2 2 1 1 136 1092 135
3448 2 2 1 1 142 1093 141
3449 2 2 1 1 143 1094 144
3450 2 2 1 1 146 1095 145
3451 2 2 1 1 146 1096 147
3452 2 2 1 1 149 1097 148
3453 2 2 1 1 150 1098 151
3454 2 2 1 1 155 1099 154
3455 2 2 1 1 157 1100 158
3456 2 2 1 1 160 1101 159
3457 2 2 1 1 161 1331 162
3458 2 2 1 1 164 1102 165
3459 2 2 1 1 165 1332 164
3460 2 2 1 1 167 1103 166
3461 2 2 1 1 167 1104 168
3462 2 2 1 1 170 1105 169
3463 2 2 1 1 169 1106 170
3464 2 2 1 1 172 1107 171
3465 2 2 1 1 174 1108 175
3466 2 2 1 1 176 1047 177
3467 2 2 1 1 182 1334 181
3468 2 2 1 1 188 1335 187
3469 2 2 1 1 190 1111 191
3470 2 2 1 1 193 1112 192
3471 2 2 1 1 194 1113 195
3472 2 2 1 1 197 1114 196
3473 2 2 1 1 197 1115 198
3474 2 2 1 1 200 1116 199
3475 2 2 1 1 203 1336 202
3476 2 2 1 1 208 1117 209
3477 2 2 1 1 211 1118 210
3478 2 2 1 1 212 1119 213
3479 2 2 1 1 213 1120 212
3480 2 2 1 1 215 1120 214
3481 2 2 1 1 214 1121 215
3482 2 2 1 1 217 1122 216
3483 2 2 1 1 216 1337 217
3484 2 2 1 1 220 1338 219
3485 2 2 1 1 219 1339 220
3486 2 2 1 1 225 1341 224
3487 2 2 1 1 230 1342 231
3488 2 2 1 1 232 1124 233
3489 2 2 1 1 235 1125 234
3490 2 2 1 1 236 1126 237
3491 2 2 1 1 240 1127 239
3492 2 2 1 1 241 1128 242
3493 2 2 1 1 242 1343 241
3494 2 2 1 1 247 1129 248
3495 2 2 1 1 249 1129 250
3496 2 2 1 1 250 1130 249
3497 2 2 1 1 252 1130 251
3498 2 2 1 1 251 1131 252
3499 2 2 1 1 254 1132 253
3500 2 2 1 1 257 1133 258
3501 2 2 1 1 260 1134 259
3502 2 2 1 1 259 1135 260
3503 2 2 1 1 262 1136 261
3504 2 2 1 1 263 1137 264
3505 2 2 1 1 266 1138 265
3506 2 2 1 1 265 1139 266
3507 2 2 1 1 272 1140 271
3508 2 2 1 1 273 1141 274
3509 2 2 1 1 277 1344 276
3510 2 2 1 1 281 1143 282
3511 2 2 1 1 282 1345 281
3512 2 2 1 1 284 1144 283
3513 2 2 1 1 283 1145 284
3514 2 2 1 1 286 1146 285
3515 2 2 1 1 285 1147 286
3516 2 2 1 1 288 1148 287
3517 2 2 1 1 287 1149 288
3518 2 2 1 1 290 1150 289
3519 2 2 1 1 290 1346 291
3520 2 2 1 1 296 1151 297
3521 2 2 1 1 298 1347 299
3522 2 2 1 1 302 1154 303
3523 2 2 1 1 304 1154 305
3524 2 2 1 1 305 1348 304
3525 2 2 1 1 312 1155 311
3526 2 2 1 1 311 1349 312
3527 2 2 1 1 314 1155 313
3528 2 2 1 1 313 1156 314
3529 2 2 1 1 315 1156 316
3530 2 2 1 1 316 1350 315
3531 2 2 1 1 320 1157 319
3532 2 2 1 1 319 1351 320
3533 2 2 1 1 321 1158 322
3534 2 2 1 1 325 1159 326
3535 2 2 1 1 327 1160 326
3536 2 2 1 1 467 1352 330
3537 2 2 1 1 333 1161 332
3538 2 2 1 1 334 1163 335
3539 2 2 1 1 337 1164 336
3540 2 2 1 1 338 1165 339
3541 2 2 1 1 341 1166 342
3542 2 2 1 1 346 1167 345
3543 2 2 1 1 349 1168 348
3544 2 2 1 1 353 1169 352
3545 2 2 1 1 359 1170 358
3546 2 2 1 1 360 1171 361
3547 2 2 1 1 361 1353 360
3548 2 2 1 1 364 1354 365
3549 2 2 1 1 366 1172 365
3550 2 2 1 1 367 1173 368
3551 2 2 1 1 372 1174 371
3552 2 2 1 1 373 1175 374
3553 2 2 1 1 374 1176 373
3554 2 2 1 1 375 1177 376
3555 2 2 1 1 376 1178 375
3556 2 2 1 1 379 1179 673
3557 2 2 1 1 381 1179 380
3558 2 2 1 1 380 1355 381
3559 2 2 1 1 386 1048 387
3560 2 2 1 1 392 1181 391
3561 2 2 1 1 395 1182 394
3562 2 2 1 1 397 1356 396
3563 2 2 1 1 401 1123 402
3564 2 2 1 1 405 1183 404
3565 2 2 1 1 406 1185 407
3566 2 2 1 1 409 1186 408
3567 2 2 1 1 409 1187 410
3568 2 2 1 1 412 1153 411
3569 2 2 1 1 416 1357 415
3570 2 2 1 1 415 1358 416
3571 2 2 1 1 426 1126 425
3572 2 2 1 1 425 1359 426
3573 2 2 1 1 430 1188 431
3574 2 2 1 1 431 1361 430
3575 2 2 1 1 433 1189 432
3576 2 2 1 1 436 1190 437
3577 2 2 1 1 438 1190 439
3578 2 2 1 1 439 1362 438
3579 2 2 1 1 445 1365 444
3580 2 2 1 1 444 1366 445
3581 2 2 1 1 449 1191 448
3582 2 2 1 1 448 1367 449
3583 2 2 1 1 451 1191 450
3584 2 2 1 1 450 1192 451
3585 2 2 1 1 453 1193 452
3586 2 2 1 1 452 1194 453
3587 2 2 1 1 455 1195 454
3588 2 2 1 1 456 1196 457
3589 2 2 1 1 459 1197 458
3590 2 2 1 1 460 1198 461
3591 2 2 1 1 464 1199 465
3592 2 2 1 1 465 1368 464
3593 2 2 1 1 473 1369 472
3594 2 2 1 1 474 1200 475
3595 2 2 1 1 476 1077 475
3596 2 2 1 1 478 1201 479
3597 2 2 1 1 479 1370 478
3598 2 2 1 1 481 1202 480
3599 2 2 1 1 481 1371 482
3600 2 2 1 1 491 1372 490
3601 2 2 1 1 490 1373 491
3602 2 2 1 1 493 1203 494
3603 2 2 1 1 494 1374 493
3604 2 2 1 1 496 1205 495
3605 2 2 1 1 496 1206 497
3606 2 2 1 1 499 1207 498
3607 2 2 1 1 498 1208 499
3608 2 2 1 1 501 1209 500
3609 2 2 1 1 502 1210 503
3610 2 2 1 1 505 1211 504
3611 2 2 1 1 504 1212 505
3612 2 2 1 1 507 1213 506
3613 2 2 1 1 507 1214 508
3614 2 2 1 1 515 1375 514
3615 2 2 1 1 515 1376 516
3616 2 2 1 1 523 1377 522
3617 2 2 1 1 526 1378 527
3618 2 2 1 1 531 1379 532
3619 2 2 1 1 535 1167 536
3620 2 2 1 1 536 1168 535
3621 2 2 1 1 539 1215 538
3622 2 2 1 1 538 1380 539
3623 2 2 1 1 541 1215 540
3624 2 2 1 1 540 1381 541
3625 2 2 1 1 546 1382 547
3626 2 2 1 1 547 1383 546
3627 2 2 1 1 549 1384 550
3628 2 2 1 1 550 1385 549
3629 2 2 1 1 553 1216 552
3630 2 2 1 1 624 1217 553
3631 2 2 1 1 555 1216 554
3632 2 2 1 1 554 1386 555
3633 2 2 1 1 558 1218 559
3634 2 2 1 1 559 1387 558
3635 2 2 1 1 561 1219 560
3636 2 2 1 1 560 1220 561
3637 2 2 1 1 563 1221 562
3638 2 2 1 1 568 1222 569
3639 2 2 1 1 571 1223 570
3640 2 2 1 1 570 1225 571
3641 2 2 1 1 573 1226 572
3642 2 2 1 1 574 1227 575
3643 2 2 1 1 577 1228 576
3644 2 2 1 1 576 1229 577
3645 2 2 1 1 579 1230 578
3646 2 2 1 1 579 1231 580
3647 2 2 1 1 582 1232 581
3648 2 2 1 1 587 1233 586
3649 2 2 1 1 588 1234 589
3650 2 2 1 1 594 1388 595
3651 2 2 1 1 598 1389 597
3652 2 2 1 1 604 1235 603
3653 2 2 1 1 605 1390 606
3654 2 2 1 1 609 1391 608
3655 2 2 1 1 609 1236 610
3656 2 2 1 1 612 1237 611
3657 2 2 1 1 611 1238 612
3658 2 2 1 1 614 1239 613
3659 2 2 1 1 613 1392 614
3660 2 2 1 1 617 1393 616
3661 2 2 1 1 617 1240 618
3662 2 2 1 1 619 1241 620
3663 2 2 1 1 627 1394 628
3664 2 2 1 1 631 1395 632
3665 2 2 1 1 632 1396 631
3666 2 2 1 1 641 1397 640
3667 2 2 1 1 640 1399 641
3668 2 2 1 1 646 1401 647
3669 2 2 1 1 648 1242 647
3670 2 2 1 1 649 1243 650
3671 2 2 1 1 650 1244 649
3672 2 2 1 1 652 1245 651
3673 2 2 1 1 655 1402 656
3674 2 2 1 1 659 1403 658
3675 2 2 1 1 662 1404 663
3676 2 2 1 1 664 1405 663
3677 2 2 1 1 668 1406 669
3678 2 2 1 1 669 1408 668
3679 2 2 1 1 677 1409 678
3680 2 2 1 1 681 1410 680
3681 2 2 1 1 684 1180 683
3682 2 2 1 1 529 1651 1582
3683 2 2 1 1 1582 1650 528
3684 2 2 1 1 1131 1640 1028
3685 2 2 1 1 982 1099 650
3686 2 2 1 1 1009 1800 1594
3687 2 2 1 1 935 1845 1208
3688 2 2 1 1 7 1301 8
3689 2 2 1 1 11 1302 10
3690 2 2 1 1 12 1303 13
3691 2 2 1 1 15 1304 16
3692 2 2 1 1 16 1305 185
3693 2 2 1 1 19 1306 20
3694 2 2 1 1 31 1307 32
3695 2 2 1 1 37 1308 36
3696 2 2 1 1 43 1309 42
3697 2 2 1 1 44 1311 45
3698 2 2 1 1 46 1313 45
3699 2 2 1 1 58 1315 59
3700 2 2 1 1 60 1316 59
3701 2 2 1 1 61 1318 62
3702 2 2 1 1 64 1319 63
3703 2 2 1 1 73 1320 72
3704 2 2 1 1 72 1321 73
3705 2 2 1 1 88 1322 87
3706 2 2 1 1 88 1323 89
3707 2 2 1 1 99 1324 98
3708 2 2 1 1 105 1325 104
3709 2 2 1 1 109 1326 110
3710 2 2 1 1 119 1328 120
3711 2 2 1 1 125 1330 124
3712 2 2 1 1 162 1331 163
3713 2 2 1 1 164 1332 163
3714 2 2 1 1 183 1334 182
3715 2 2 1 1 187 1335 186
3716 2 2 1 1 204 1336 203
3717 2 2 1 1 204 1263 205
3718 2 2 1 1 217 1337 218
3719 2 2 1 1 219 1338 218
3720 2 2 1 1 220 1339 221
3721 2 2 1 1 224 1341 223
3722 2 2 1 1 230 1123 229
3723 2 2 1 1 229 1342 230
3724 2 2 1 1 243 1343 242
3725 2 2 1 1 278 1344 277
3726 2 2 1 1 281 1345 280
3727 2 2 1 1 291 1346 292
3728 2 2 1 1 299 1347 300
3729 2 2 1 1 306 1348 305
3730 2 2 1 1 310 1349 311
3731 2 2 1 1 317 1350 316
3732 2 2 1 1 318 1351 319
3733 2 2 1 1 330 1352 331
3734 2 2 1 1 362 1353 361
3735 2 2 1 1 363 1354 364
3736 2 2 1 1 381 1355 382
3737 2 2 1 1 398 1356 397
3738 2 2 1 1 400 1123 401
3739 2 2 1 1 415 1357 414
3740 2 2 1 1 416 1358 417
3741 2 2 1 1 424 1359 425
3742 2 2 1 1 427 1126 426
3743 2 2 1 1 430 1361 429
3744 2 2 1 1 440 1362 439
3745 2 2 1 1 444 1365 443
3746 2 2 1 1 445 1366 446
3747 2 2 1 1 447 1367 448
3748 2 2 1 1 464 1368 463
3749 2 2 1 1 472 1369 471
3750 2 2 1 1 478 1370 477
3751 2 2 1 1 482 1371 483
3752 2 2 1 1 490 1372 489
3753 2 2 1 1 491 1373 492
3754 2 2 1 1 493 1374 492
3755 2 2 1 1 514 1375 513
3756 2 2 1 1 516 1376 517
3757 2 2 1 1 524 1377 523
3758 2 2 1 1 525 1378 526
3759 2 2 1 1 532 1379 533
3760 2 2 1 1 537 1380 538
3761 2 2 1 1 541 1381 542
3762 2 2 1 1 545 1382 546
3763 2 2 1 1 548 1383 547
3764 2 2 1 1 548 1384 549
3765 2 2 1 1 551 1385 550
3766 2 2 1 1 555 1386 556
3767 2 2 1 1 558 1387 557
3768 2 2 1 1 595 1388 596
3769 2 2 1 1 597 1389 596
3770 2 2 1 1 606 1390 607
3771 2 2 1 1 608 1391 607
3772 2 2 1 1 614 1392 615
3773 2 2 1 1 616 1393 615
3774 2 2 1 1 628 1394 629
3775 2 2 1 1 630 1395 631
3776 2 2 1 1 633 1396 632
3777 2 2 1 1 640 1397 639
3778 2 2 1 1 641 1399 642
3779 2 2 1 1 645 1401 646
3780 2 2 1 1 654 1402 655
3781 2 2 1 1 660 1403 659
3782 2 2 1 1 661 1404 662
3783 2 2 1 1 665 1405 664
3784 2 2 1 1 667 1406 668
3785 2 2 1 1 670 1408 669
3786 2 2 1 1 678 1409 679
3787 2 2 1 1 680 1410 679
3788 2 2 1 1 325 1160 1016
3789 2 2 1 1 1399 1400 865
3790 2 2 1 1 11 1661 1303
3791 2 2 1 1 1625 1787 694
3792 2 2 1 1 1585 1778 433
3793 2 2 1 1 567 1779 1586
3794 2 2 1 1 1587 1781 55
3795 2 2 1 1 1264 1576 873
3796 2 2 1 1 861 1672 1158
3797 2 2 1 1 1590 1777 140
3798 2 2 1 1 917 1607 823
3799 2 2 1 1 894 1115 1113
3800 2 2 1 1 1589 1790 136
3801 2 2 1 1 139 1790 1590
3802 2 2 1 1 844 1757 1109
3803 2 2 1 1 1586 1815 566
3804 2 2 1 1 982 1854 151
3805 2 2 1 1 1579 1670 765
3806 2 2 1 1 1112 1623 191
3807 2 2 1 1 1307 1550 32
3808 2 2 1 1 1321 1551 73
3809 2 2 1 1 879 1616 1000
3810 2 2 1 1 1174 1176 868
3811 2 2 1 1 1002 1677 24
3812 2 2 1 1 923 1434 842
3813 2 2 1 1 25 1677 1066
3814 2 2 1 1 1028 1474 1131
3815 2 2 1 1 949 1369 1077
3816 2 2 1 1 1322 1737 903
3817 2 2 1 1 1265 1762 821
3818 2 2 1 1 821 1489 1265
3819 2 2 1 1 1416 1800 1009
3820 2 2 1 1 1123 1525 229
3821 2 2 1 1 868 1176 1021
3822 2 2 1 1 954 1820 1754
3823 2 2 1 1 1256 1263 204
3824 2 2 1 1 1251 1602 902
3825 2 2 1 1 936 1814 842
3826 2 2 1 1 1406 1407 868
3827 2 2 1 1 1627 1650 1299
3828 2 2 1 1 1014 1835 1295
3829 2 2 1 1 1551 1561 847
3830 2 2 1 1 843 1588 978
3831 2 2 1 1 1166 1638 343
3832 2 2 1 1 1220 1639 562
3833 2 2 1 1 1353 1858 1284
3834 2 2 1 1 972 1185 866
3835 2 2 1 1 302 1709 1154
3836 2 2 1 1 1114 1116 897
3837 2 2 1 1 587 1645 1234
3838 2 2 1 1 1602 1647 83
3839 2 2 1 1 867 1860 927
3840 2 2 1 1 809 1299 862
3841 2 2 1 1 332 1161 1020
3842 2 2 1 1 851 1549 1502
3843 2 2 1 1 1552 1806 908
3844 2 2 1 1 959 1818 1567
3845 2 2 1 1 68 1715 1076
3846 2 2 1 1 782 1853 1833
3847 2 2 1 1 1109 1757 1106
3848 2 2 1 1 984 1690 996
3849 2 2 1 1 870 1622 979
3850 2 2 1 1 807 1855 1204
3851 2 2 1 1 1243 1401 895
3852 2 2 1 1 1568 1822 1445
3853 2 2 1 1 1078 1431 949
3854 2 2 1 1 1288 1440 1030
3855 2 2 1 1 540 1695 1381
3856 2 2 1 1 1380 1695 539
3857 2 2 1 1 865 1624 1399
3858 2 2 1 1 1570 1775 1419
3859 2 2 1 1 1085 1086 971
3860 2 2 1 1 995 1792 854
3861 2 2 1 1 1060 1499 1155
3862 2 2 1 1 879 1563 957
3863 2 2 1 1 834 1478 1471
3864 2 2 1 1 839 1435 868
3865 2 2 1 1 1155 1521 1060
3866 2 2 1 1 1085 1396 633
3867 2 2 1 1 1000 1167 533
3868 2 2 1 1 782 1246 1001
3869 2 2 1 1 1181 1182 929
3870 2 2 1 1 909 1096 1094
3871 2 2 1 1 912 1104 1102
3872 2 2 1 1 935 1206 1203
3873 2 2 1 1 943 1231 1229
3874 2 2 1 1 956 1346 1149
3875 2 2 1 1 1090 1092 907
3876 2 2 1 1 1230 1232 942
3877 2 2 1 1 930 1186 1153
3878 2 2 1 1 1251 1819 1647
3879 2 2 1 1 925 1858 1172
3880 2 2 1 1 927 1860 1177
3881 2 2 1 1 964 1169 862
3882 2 2 1 1 861 1351 1291
3883 2 2 1 1 224 1769 977
3884 2 2 1 1 1668 1669 1484
3885 2 2 1 1 1100 1553 159
3886 2 2 1 1 1111 1555 192
3887 2 2 1 1 1114 1556 195
3888 2 2 1 1 1138 1560 264
3889 2 2 1 1 1139 1561 267
3890 2 2 1 1 1225 1564 572
3891 2 2 1 1 324 1672 1159
3892 2 2 1 1 868 1407 839
3893 2 2 1 1 1551 1619 76
3894 2 2 1 1 828 1558 1475
3895 2 2 1 1 829 1559 1474
3896 2 2 1 1 963 1597 1007
3897 2 2 1 1 902 1619 847
3898 2 2 1 1 1787 1862 695
3899 2 2 1 1 1169 1494 862
3900 2 2 1 1 90 1323 998
3901 2 2 1 1 897 1661 1556
3902 2 2 1 1 1625 1847 872
3903 2 2 1 1 755 1263 1256
3904 2 2 1 1 12 1749 1302
3905 2 2 1 1 712 1412 711
3906 2 2 1 1 1164 1782 335
3907 2 2 1 1 26 1780 1065
3908 2 2 1 1 53 1781 1070
3909 2 2 1 1 334 1782 1161
3910 2 2 1 1 1223 1779 569
3911 2 2 1 1 142 1777 1094
3912 2 2 1 1 85 1647 1081
3913 2 2 1 1 847 1619 1551
3914 2 2 1 1 1112 1556 880
3915 2 2 1 1 403 1462 404
3916 2 2 1 1 469 1463 470
3917 2 2 1 1 652 1461 653
3918 2 2 1 1 1567 1818 601
3919 2 2 1 1 138 1806 1552
3920 2 2 1 1 962 1609 1254
3921 2 2 1 1 837 1568 1445
3922 2 2 1 1 603 1822 1568
3923 2 2 1 1 1653 1855 807
3924 2 2 1 1 880 1623 1112
3925 2 2 1 1 78 1619 1079
3926 2 2 1 1 1465 1686 1248
3927 2 2 1 1 763 1734 1429
3928 2 2 1 1 153 1099 982
3929 2 2 1 1 344 1167 1000
3930 2 2 1 1 882 1532 840
3931 2 2 1 1 710 1862 709
3932 2 2 1 1 1783 1784 1430
3933 2 2 1 1 1284 1858 925
3934 2 2 1 1 969 1266 1119
3935 2 2 1 1 1312 1465 1045
3936 2 2 1 1 1423 1424 953
3937 2 2 1 1 400 1525 1123
3938 2 2 1 1 1252 1590 1277
3939 2 2 1 1 1077 1078 949
3940 2 2 1 1 1726 1751 1422
3941 2 2 1 1 864 1550 1307
3942 2 2 1 1 1380 1730 876
3943 2 2 1 1 882 1320 1200
3944 2 2 1 1 1096 1807 148
3945 2 2 1 1 1135 1809 261
3946 2 2 1 1 1194 1811 454
3947 2 2 1 1 1197 1812 457
3948 2 2 1 1 1208 1813 500
3949 2 2 1 1 1211 1814 503
3950 2 2 1 1 1228 1817 575
3951 2 2 1 1 1357 1576 1264
3952 2 2 1 1 890 1569 1403
3953 2 2 1 1 31 1825 1067
3954 2 2 1 1 517 1055 998
3955 2 2 1 1 1659 1888 606
3956 2 2 1 1 625 1888 1659
3957 2 2 1 1 1300 1743 1540
3958 2 2 1 1 234 1124 1026
3959 2 2 1 1 852 1848 1485
3960 2 2 1 1 650 1243 982
3961 2 2 1 1 863 1595 930
3962 2 2 1 1 1067 1825 1780
3963 2 2 1 1 855 1820 1340
3964 2 2 1 1 925 1435 839
3965 2 2 1 1 913 1577 867
3966 2 2 1 1 952 1697 869
3967 2 2 1 1 1280 1671 888
3968 2 2 1 1 1075 1789 66
3969 2 2 1 1 1004 1868 117
3970 2 2 1 1 1005 1882 351
3971 2 2 1 1 510 1882 1005
3972 2 2 1 1 591 1868 1004
3973 2 2 1 1 1003 1863 70
3974 2 2 1 1 1003 1138 266
3975 2 2 1 1 268 1863 1003
3976 2 2 1 1 846 1826 1360
3977 2 2 1 1 1316 1317 1285
3978 2 2 1 1 137 1552 1092
3979 2 2 1 1 160 1553 1331
3980 2 2 1 1 161 1554 1101
3981 2 2 1 1 193 1555 1113
3982 2 2 1 1 194 1556 1112
3983 2 2 1 1 255 1558 1132
3984 2 2 1 1 256 1559 1133
3985 2 2 1 1 263 1560 1136
3986 2 2 1 1 268 1561 1321
3987 2 2 1 1 530 1563 1379
3988 2 2 1 1 573 1564 1227
3989 2 2 1 1 583 1565 1232
3990 2 2 1 1 592 1566 1328
3991 2 2 1 1 1235 1567 602
3992 2 2 1 1 604 1568 1390
3993 2 2 1 1 1403 1569 657
3994 2 2 1 1 18 1548 1305
3995 2 2 1 1 1308 1549 34
3996 2 2 1 1 1127 1557 238
3997 2 2 1 1 1158 1672 323
3998 2 2 1 1 1174 1562 370
3999 2 2 1 1 1307 1486 864
4000 2 2 1 1 873 1844 973
4001 2 2 1 1 415 1851 1358
4002 2 2 1 1 716 1840 715
4003 2 2 1 1 435 1778 1190
4004 2 2 1 1 1067 1780 27
4005 2 2 1 1 1576 1844 873
4006 2 2 1 1 1577 1861 379
4007 2 2 1 1 378 1860 1577
4008 2 2 1 1 1083 1535 852
4009 2 2 1 1 923 1213 1005
4010 2 2 1 1 999 1384 548
4011 2 2 1 1 998 1323 904
4012 2 2 1 1 888 1671 1376
4013 2 2 1 1 1354 1630 886
4014 2 2 1 1 1377 1627 889
4015 2 2 1 1 1403 1629 890
4016 2 2 1 1 1404 1628 891
4017 2 2 1 1 913 1808 967
4018 2 2 1 1 1694 1862 877
4019 2 2 1 1 871 1592 1163
4020 2 2 1 1 173 1757 1108
4021 2 2 1 1 863 1851 1620
4022 2 2 1 1 1496 1497 1058
4023 2 2 1 1 1301 1830 880
4024 2 2 1 1 1157 1463 921
4025 2 2 1 1 1417 1501 853
4026 2 2 1 1 149 1807 1098
4027 2 2 1 1 173 1808 1107
4028 2 2 1 1 262 1809 1137
4029 2 2 1 1 434 1810 1189
4030 2 2 1 1 455 1811 1196
4031 2 2 1 1 456 1812 1195
4032 2 2 1 1 501 1813 1210
4033 2 2 1 1 502 1814 1209
4034 2 2 1 1 564 1815 1221
4035 2 2 1 1 567 1816 1222
4036 2 2 1 1 574 1817 1226
4037 2 2 1 1 599 1818 1389
4038 2 2 1 1 1066 1801 28
4039 2 2 1 1 1080 1802 83
4040 2 2 1 1 1170 1804 357
4041 2 2 1 1 1173 1805 369
4042 2 2 1 1 1093 1806 140
4043 2 2 1 1 1813 1845 937
4044 2 2 1 1 1026 1126 235
4045 2 2 1 1 1019 1483 930
4046 2 2 1 1 986 1690 984
4047 2 2 1 1 150 1854 1097
4048 2 2 1 1 1005 1803 923
4049 2 2 1 1 755 1259 1117
4050 2 2 1 1 1261 1700 1490
4051 2 2 1 1 1424 1447 1017
4052 2 2 1 1 1402 1842 657
4053 2 2 1 1 1141 1841 275
4054 2 2 1 1 1373 1470 1204
4055 2 2 1 1 1237 1239 892
4056 2 2 1 1 1681 1799 805
4057 2 2 1 1 428 1526 427
4058 2 2 1 1 520 1523 519
4059 2 2 1 1 551 1527 552
4060 2 2 1 1 1498 1499 873
4061 2 2 1 1 1062 1742 1336
4062 2 2 1 1 1469 1700 1261
4063 2 2 1 1 1272 1367 1366
4064 2 2 1 1 1190 1778 1678
4065 2 2 1 1 853 1501 971
4066 2 2 1 1 1299 1582 862
4067 2 2 1 1 1040 1527 550
4068 2 2 1 1 1038 1368 465
4069 2 2 1 1 1055 1523 94
4070 2 2 1 1 380 1861 1355
4071 2 2 1 1 518 1523 1055
4072 2 2 1 1 199 1115 1002
4073 2 2 1 1 1159 1368 1038
4074 2 2 1 1 853 1507 1275
4075 2 2 1 1 872 1847 1467
4076 2 2 1 1 1467 1838 872
4077 2 2 1 1 1282 1606 1413
4078 2 2 1 1 967 1355 913
4079 2 2 1 1 1250 1767 1678
4080 2 2 1 1 1609 1610 1254
4081 2 2 1 1 1304 1306 18
4082 2 2 1 1 23 1065 1064
4083 2 2 1 1 51 1070 1068
4084 2 2 1 1 1069 1072 52
4085 2 2 1 1 1072 1073 55
4086 2 2 1 1 1073 1315 57
4087 2 2 1 1 1076 1319 65
4088 2 2 1 1 77 1078 1077
4089 2 2 1 1 86 1322 1080
4090 2 2 1 1 1088 1330 126
4091 2 2 1 1 1101 1870 158
4092 2 2 1 1 1103 1332 165
4093 2 2 1 1 1104 1106 169
4094 2 2 1 1 170 1107 1105
4095 2 2 1 1 176 1108 1047
4096 2 2 1 1 212 1120 1118
4097 2 2 1 1 215 1122 1120
4098 2 2 1 1 1121 1337 216
4099 2 2 1 1 231 1342 1124
4100 2 2 1 1 1125 1874 233
4101 2 2 1 1 241 1343 1127
4102 2 2 1 1 252 1132 1130
4103 2 2 1 1 1133 1135 259
4104 2 2 1 1 260 1136 1134
4105 2 2 1 1 1137 1139 265
4106 2 2 1 1 1144 1345 282
4107 2 2 1 1 1143 1145 283
4108 2 2 1 1 284 1146 1144
4109 2 2 1 1 1145 1147 285
4110 2 2 1 1 286 1148 1146
4111 2 2 1 1 1147 1149 287
4112 2 2 1 1 288 1150 1148
4113 2 2 1 1 1151 1347 298
4114 2 2 1 1 320 1351 1158
4115 2 2 1 1 360 1353 1170
4116 2 2 1 1 373 1176 1174
4117 2 2 1 1 1175 1177 374
4118 2 2 1 1 396 1356 1182
4119 2 2 1 1 1187 1876 411
4120 2 2 1 1 1189 1361 431
4121 2 2 1 1 451 1193 1191
4122 2 2 1 1 1192 1194 452
4123 2 2 1 1 453 1195 1193
4124 2 2 1 1 1202 1370 479
4125 2 2 1 1 1205 1374 494
4126 2 2 1 1 1206 1208 498
4127 2 2 1 1 499 1209 1207
4128 2 2 1 1 1210 1212 504
4129 2 2 1 1 505 1213 1211
4130 2 2 1 1 1217 1386 554
4131 2 2 1 1 1219 1387 559
4132 2 2 1 1 1218 1220 560
4133 2 2 1 1 561 1221 1219
4134 2 2 1 1 1222 1225 570
4135 2 2 1 1 571 1226 1223
4136 2 2 1 1 1227 1229 576
4137 2 2 1 1 577 1230 1228
4138 2 2 1 1 1236 1238 611
4139 2 2 1 1 612 1239 1237
4140 2 2 1 1 1238 1392 613
4141 2 2 1 1 1240 1241 619
4142 2 2 1 1 649 1244 1242
4143 2 2 1 1 651 1245 1244
4144 2 2 1 1 653 1870 1245
4145 2 2 1 1 715 1001 716
4146 2 2 1 1 1026 1754 424
4147 2 2 1 1 713 1792 995
4148 2 2 1 1 1434 1638 842
4149 2 2 1 1 715 1840 948
4150 2 2 1 1 854 1840 986
4151 2 2 1 1 958 1393 999
4152 2 2 1 1 982 1243 895
4153 2 2 1 1 325 1512 324
4154 2 2 1 1 330 1643 329
4155 2 2 1 1 622 1527 1040
4156 2 2 1 1 948 1853 782
4157 2 2 1 1 329 1643 1020
4158 2 2 1 1 1021 1176 375
4159 2 2 1 1 375 1178 1021
4160 2 2 1 1 1019 1642 422
4161 2 2 1 1 1021 1178 671
4162 2 2 1 1 882 1715 1320
4163 2 2 1 1 1129 1714 883
4164 2 2 1 1 718 1001 719
4165 2 2 1 1 895 1854 982
4166 2 2 1 1 986 1840 1733
4167 2 2 1 1 1485 1849 1253
4168 2 2 1 1 1051 1742 1062
4169 2 2 1 1 987 1439 1438
4170 2 2 1 1 1529 1783 1024
4171 2 2 1 1 1366 1481 1272
4172 2 2 1 1 1327 1478 834
4173 2 2 1 1 716 1001 717
4174 2 2 1 1 1355 1861 913
4175 2 2 1 1 1068 1070 900
4176 2 2 1 1 901 1072 1069
4177 2 2 1 1 901 1315 1073
4178 2 2 1 1 1080 1322 903
4179 2 2 1 1 905 1330 1088
4180 2 2 1 1 912 1106 1104
4181 2 2 1 1 1127 1343 917
4182 2 2 1 1 918 1139 1137
4183 2 2 1 1 1148 1150 920
4184 2 2 1 1 922 1166 1165
4185 2 2 1 1 1211 1213 923
4186 2 2 1 1 1170 1353 924
4187 2 2 1 1 927 1177 1175
4188 2 2 1 1 1182 1356 929
4189 2 2 1 1 931 1361 1189
4190 2 2 1 1 1193 1195 932
4191 2 2 1 1 934 1370 1202
4192 2 2 1 1 935 1208 1206
4193 2 2 1 1 1207 1209 936
4194 2 2 1 1 937 1212 1210
4195 2 2 1 1 938 1386 1217
4196 2 2 1 1 1219 1221 939
4197 2 2 1 1 940 1225 1222
4198 2 2 1 1 1223 1226 941
4199 2 2 1 1 1228 1230 942
4200 2 2 1 1 945 1238 1236
4201 2 2 1 1 946 1241 1240
4202 2 2 1 1 1242 1244 947
4203 2 2 1 1 960 1395 1394
4204 2 2 1 1 1093 1432 908
4205 2 2 1 1 1172 1435 925
4206 2 2 1 1 910 1433 1098
4207 2 2 1 1 943 1438 1231
4208 2 2 1 1 1381 1695 892
4209 2 2 1 1 425 1126 1026
4210 2 2 1 1 868 1562 1174
4211 2 2 1 1 1780 1825 881
4212 2 2 1 1 939 1815 1586
4213 2 2 1 1 1124 1754 1026
4214 2 2 1 1 1794 1876 1187
4215 2 2 1 1 986 1733 1690
4216 2 2 1 1 1200 1532 882
4217 2 2 1 1 1470 1495 1044
4218 2 2 1 1 225 1420 1039
4219 2 2 1 1 883 1640 1129
4220 2 2 1 1 897 1556 1114
4221 2 2 1 1 930 1595 1186
4222 2 2 1 1 1245 1870 1101
4223 2 2 1 1 1321 1561 1551
4224 2 2 1 1 301 1642 1019
4225 2 2 1 1 1020 1643 331
4226 2 2 1 1 398 1885 1049
4227 2 2 1 1 1049 1885 400
4228 2 2 1 1 1256 1528 1022
4229 2 2 1 1 1621 1659 876
4230 2 2 1 1 1044 1495 1492
4231 2 2 1 1 973 1498 873
4232 2 2 1 1 1110 1180 388
4233 2 2 1 1 321 1463 1157
4234 2 2 1 1 909 1807 1096
4235 2 2 1 1 1079 1619 902
4236 2 2 1 1 1165 1592 922
4237 2 2 1 1 1335 1623 1015
4238 2 2 1 1 1417 1785 1501
4239 2 2 1 1 944 1566 1234
4240 2 2 1 1 957 1563 1378
4241 2 2 1 1 1125 1557 916
4242 2 2 1 1 911 1553 1100
4243 2 2 1 1 914 1555 1111
4244 2 2 1 1 933 1531 1196
4245 2 2 1 1 717 1001 718
4246 2 2 1 1 1234 1645 944
4247 2 2 1 1 1066 1677 899
4248 2 2 1 1 1100 1637 911
4249 2 2 1 1 907 1605 1090
4250 2 2 1 1 1140 1603 919
4251 2 2 1 1 1280 1724 1671
4252 2 2 1 1 902 1602 1079
4253 2 2 1 1 955 1603 1344
4254 2 2 1 1 1088 1605 905
4255 2 2 1 1 1089 1604 906
4256 2 2 1 1 1111 1606 914
4257 2 2 1 1 1217 1608 938
4258 2 2 1 1 1409 1609 962
4259 2 2 1 1 16 1728 15
4260 2 2 1 1 185 1728 16
4261 2 2 1 1 114 1641 113
4262 2 2 1 1 302 1642 301
4263 2 2 1 1 331 1643 330
4264 2 2 1 1 397 1729 398
4265 2 2 1 1 533 1644 532
4266 2 2 1 1 534 1644 533
4267 2 2 1 1 1678 1778 884
4268 2 2 1 1 1152 1709 1347
4269 2 2 1 1 862 1651 964
4270 2 2 1 1 1445 1611 1052
4271 2 2 1 1 1059 1751 1726
4272 2 2 1 1 1270 1665 1294
4273 2 2 1 1 921 1488 1157
4274 2 2 1 1 928 1491 1408
4275 2 2 1 1 389 1110 388
4276 2 2 1 1 866 1666 972
4277 2 2 1 1 881 1825 1453
4278 2 2 1 1 1481 1767 1250
4279 2 2 1 1 1690 1733 717
4280 2 2 1 1 1097 1854 895
4281 2 2 1 1 1040 1384 999
4282 2 2 1 1 999 1382 958
4283 2 2 1 1 1198 1531 951
4284 2 2 1 1 390 1110 389
4285 2 2 1 1 389 1333 390
4286 2 2 1 1 956 1663 1346
4287 2 2 1 1 1382 1664 958
4288 2 2 1 1 1378 1618 957
4289 2 2 1 1 992 1828 1613
4290 2 2 1 1 1445 1822 1611
4291 2 2 1 1 1489 1708 1265
4292 2 2 1 1 304 1348 1027
4293 2 2 1 1 1016 1512 325
4294 2 2 1 1 470 1512 1016
4295 2 2 1 1 550 1384 1040
4296 2 2 1 1 1039 1341 225
4297 2 2 1 1 1507 1859 1275
4298 2 2 1 1 974 1368 1159
4299 2 2 1 1 1506 1724 1280
4300 2 2 1 1 1577 1860 867
4301 2 2 1 1 1448 1616 879
4302 2 2 1 1 1582 1651 862
4303 2 2 1 1 972 1794 1187
4304 2 2 1 1 1303 1661 897
4305 2 2 1 1 954 1754 1124
4306 2 2 1 1 1494 1804 924
4307 2 2 1 1 398 1729 399
4308 2 2 1 1 399 1885 398
4309 2 2 1 1 400 1885 399
4310 2 2 1 1 1016 1160 893
4311 2 2 1 1 940 1816 1511
4312 2 2 1 1 1431 1802 903
4313 2 2 1 1 1436 1805 926
4314 2 2 1 1 931 1810 1437
4315 2 2 1 1 923 1803 1434
4316 2 2 1 1 95 1523 96
4317 2 2 1 1 156 1461 155
4318 2 2 1 1 227 1525 226
4319 2 2 1 1 237 1526 238
4320 2 2 1 1 322 1463 321
4321 2 2 1 1 402 1462 403
4322 2 2 1 1 624 1527 623
4323 2 2 1 1 1511 1639 1013
4324 2 2 1 1 971 1501 1396
4325 2 2 1 1 1083 1716 1535
4326 2 2 1 1 1733 1840 716
4327 2 2 1 1 965 1560 1138
4328 2 2 1 1 1848 1849 1485
4329 2 2 1 1 1435 1562 868
4330 2 2 1 1 1039 1420 397
4331 2 2 1 1 1327 1796 1478
4332 2 2 1 1 1279 1676 1636
4333 2 2 1 1 1027 1348 973
4334 2 2 1 1 967 1333 1048
4335 2 2 1 1 1002 1115 894
4336 2 2 1 1 877 1862 1787
4337 2 2 1 1 894 1677 1002
4338 2 2 1 1 979 1652 870
4339 2 2 1 1 1796 1866 105
4340 2 2 1 1 107 1866 1796
4341 2 2 1 1 1159 1672 974
4342 2 2 1 1 948 1840 854
4343 2 2 1 1 965 1138 1003
4344 2 2 1 1 1251 1647 1602
4345 2 2 1 1 901 1073 1072
4346 2 2 1 1 1124 1342 954
4347 2 2 1 1 1299 1650 1582
4348 2 2 1 1 1252 1777 1590
4349 2 2 1 1 884 1778 1585
4350 2 2 1 1 1586 1779 1224
4351 2 2 1 1 1071 1781 1587
4352 2 2 1 1 913 1861 1577
4353 2 2 1 1 1590 1790 1277
4354 2 2 1 1 1277 1790 1589
4355 2 2 1 1 1048 1333 389
4356 2 2 1 1 389 1727 1048
4357 2 2 1 1 388 1727 389
4358 2 2 1 1 1098 1807 910
4359 2 2 1 1 1137 1809 918
4360 2 2 1 1 1189 1810 931
4361 2 2 1 1 1195 1812 932
4362 2 2 1 1 1196 1811 933
4363 2 2 1 1 1209 1814 936
4364 2 2 1 1 1210 1813 937
4365 2 2 1 1 1221 1815 939
4366 2 2 1 1 1222 1816 940
4367 2 2 1 1 1226 1817 941
4368 2 2 1 1 1389 1818 959
4369 2 2 1 1 899 1801 1066
4370 2 2 1 1 903 1802 1080
4371 2 2 1 1 924 1804 1170
4372 2 2 1 1 926 1805 1173
4373 2 2 1 1 908 1806 1093
4374 2 2 1 1 1077 1864 75
4375 2 2 1 1 155 1461 1099
4376 2 2 1 1 226 1525 1420
4377 2 2 1 1 230 1462 1123
4378 2 2 1 1 1126 1526 237
4379 2 2 1 1 346 1880 1167
4380 2 2 1 1 1168 1881 348
4381 2 2 1 1 1048 1727 387
4382 2 2 1 1 1180 1884 388
4383 2 2 1 1 1123 1462 402
4384 2 2 1 1 1462 1872 404
4385 2 2 1 1 428 1875 1526
4386 2 2 1 1 1463 1878 470
4387 2 2 1 1 476 1864 1077
4388 2 2 1 1 520 1865 1523
4389 2 2 1 1 1167 1880 536
4390 2 2 1 1 536 1881 1168
4391 2 2 1 1 1527 1886 552
4392 2 2 1 1 604 1887 1235
4393 2 2 1 1 1235 1887 625
4394 2 2 1 1 1099 1461 652
4395 2 2 1 1 1461 1869 653
4396 2 2 1 1 684 1884 1180
4397 2 2 1 1 971 1396 1085
4398 2 2 1 1 71 1863 72
4399 2 2 1 1 72 1863 269
4400 2 2 1 1 75 1864 74
4401 2 2 1 1 74 1864 476
4402 2 2 1 1 96 1865 97
4403 2 2 1 1 97 1865 520
4404 2 2 1 1 105 1866 106
4405 2 2 1 1 106 1866 107
4406 2 2 1 1 635 1867 114
4407 2 2 1 1 118 1868 593
4408 2 2 1 1 157 1869 156
4409 2 2 1 1 158 1870 157
4410 2 2 1 1 653 1869 157
4411 2 2 1 1 157 1870 653
4412 2 2 1 1 231 1872 230
4413 2 2 1 1 232 1873 231
4414 2 2 1 1 404 1872 231
4415 2 2 1 1 231 1873 404
4416 2 2 1 1 233 1874 232
4417 2 2 1 1 405 1873 232
4418 2 2 1 1 232 1874 405
4419 2 2 1 1 238 1875 239
4420 2 2 1 1 239 1875 428
4421 2 2 1 1 412 1876 297
4422 2 2 1 1 303 1877 302
4423 2 2 1 1 422 1877 303
4424 2 2 1 1 323 1878 322
4425 2 2 1 1 324 1879 323
4426 2 2 1 1 470 1878 323
4427 2 2 1 1 323 1879 470
4428 2 2 1 1 347 1880 346
4429 2 2 1 1 348 1881 347
4430 2 2 1 1 536 1880 347
4431 2 2 1 1 347 1881 536
4432 2 2 1 1 352 1882 353
4433 2 2 1 1 353 1882 511
4434 2 2 1 1 387 1883 386
4435 2 2 1 1 387 1727 388
4436 2 2 1 1 388 1884 387
4437 2 2 1 1 684 1883 387
4438 2 2 1 1 387 1884 684
4439 2 2 1 1 404 1873 405
4440 2 2 1 1 411 1876 412
4441 2 2 1 1 552 1886 553
4442 2 2 1 1 553 1886 624
4443 2 2 1 1 593 1868 592
4444 2 2 1 1 605 1887 604
4445 2 2 1 1 606 1888 605
4446 2 2 1 1 625 1887 605
4447 2 2 1 1 605 1888 625
4448 2 2 1 1 634 1867 635
4449 2 2 1 1 1420 1525 399
4450 2 2 1 1 427 1526 1126
4451 2 2 1 1 390 1524 178
4452 2 2 1 1 970 1306 1304
4453 2 2 1 1 1420 1729 397
4454 2 2 1 1 399 1729 1420
4455 2 2 1 1 179 1871 178
4456 2 2 1 1 178 1871 390
4457 2 2 1 1 1523 1865 96
4458 2 2 1 1 156 1869 1461
4459 2 2 1 1 230 1872 1462
4460 2 2 1 1 1526 1875 238
4461 2 2 1 1 322 1878 1463
4462 2 2 1 1 624 1886 1527
4463 2 2 1 1 1110 1871 179
4464 2 2 1 1 390 1871 1110
4465 2 2 1 1 1333 1524 390
4466 2 2 1 1 177 1524 1333
4467 2 2 1 1 114 1867 1641
4468 2 2 1 1 302 1877 1642
4469 2 2 1 1 1512 1879 324
4470 2 2 1 1 1642 1877 422
4471 2 2 1 1 470 1879 1512
4472 2 2 1 1 1641 1867 634
4473 2 2 1 1 205 206 756
4474 2 2 1 1 206 207 691
4475 2 2 1 1 756 206 691
4476 2 2 1 1 704 1649 703
4477 2 2 1 1 703 1691 704
4478 2 2 1 1 759 5 693
4479 2 2 1 1 201 22 21
4480 2 2 1 1 98 97 520
4481 2 2 1 1 635 114 115
4482 2 2 1 1 119 118 593
4483 2 2 1 1 757 186 758
4484 2 2 1 1 239 428 240
4485 2 2 1 1 298 412 297
4486 2 2 1 1 299 412 298
4487 2 2 1 1 378 379 673
4488 2 2 1 1 762 674 700
4489 2 2 1 1 686 685 697
4490 2 2 1 1 687 686 697
4491 2 2 1 1 689 687 688
4492 2 2 1 1 691 878 756
4493 2 2 1 1 696 695 710
4494 2 2 1 1 709 696 710
4495 2 2 1 1 706 1443 705
$EndElements
