$MeshFormat
2.2 0 8
$EndMeshFormat
$PhysicalNames
4
1 2 "boundary::domain"
1 3 "geology::active_interfaces"
1 4 "river::trace"
2 1 "zone::domain"
$EndPhysicalNames
$Nodes
1525
1 421462.5 6879562.5 0
2 421462.5 6895837.5 0
3 441112.5 6895837.5 0
4 441112.5 6879562.5 0
5 427550.1940758767 6883925.194075876 0
6 427575 6883950 0
7 427575 6884025 0
8 427650 6884100 0
9 427650 6884175 0
10 427650 6884250 0
11 427650 6884325 0
12 427575 6884400 0
13 427500 6884475 0
14 427500 6884550 0
15 427500 6884625 0
16 427425 6884700 0
17 427425 6884775 0
18 427350 6884850 0
19 427275 6884925 0
20 427200 6885000 0
21 427125 6885000 0
22 427050 6885000 0
23 426975 6885075 0
24 426900 6885150 0
25 426825 6885225 0
26 426825 6885300 0
27 426825 6885375 0
28 426825 6885450 0
29 426750 6885525 0
30 426750 6885600 0
31 426750 6885675 0
32 426825 6885750 0
33 426848.8039782877 6885773.803978287 0
34 427216.1802235959 6885676.176006397 0
35 428852.4450188524 6885656.529747512 0
36 428580.3725935766 6885299.780393172 0
37 431448.1692299322 6885273.169229932 0
38 432083.3151008252 6885267.275516885 0
39 433559.329158964 6885047.957011716 0
40 434100 6884900.184226129 0
41 435542.7832680601 6884505.851692663 0
42 436425 6884163.719516547 0
43 436425 6884175 0
44 436425 6884250 0
45 436425 6884325 0
46 436350 6884400 0
47 436275 6884475 0
48 436350 6884550 0
49 436350 6884625 0
50 436350 6884700 0
51 436350 6884775 0
52 436350 6884850 0
53 436350 6884925 0
54 436350 6885000 0
55 436275 6885075 0
56 436275 6885150 0
57 436275 6885225 0
58 436200 6885300 0
59 436200 6885375 0
60 436125 6885450 0
61 436125 6885525 0
62 436125 6885600 0
63 436125 6885675 0
64 436200 6885750 0
65 436200 6885825 0
66 436200 6885900 0
67 436200 6885975 0
68 436200 6886050 0
69 436200 6886125 0
70 436125 6886200 0
71 436050 6886275 0
72 435975 6886350 0
73 435900 6886425 0
74 435825 6886500 0
75 435750 6886575 0
76 435750 6886650 0
77 435675 6886725 0
78 435750 6886800 0
79 435750 6886875 0
80 435750 6886950 0
81 435750 6887025 0
82 435750 6887100 0
83 435750 6887175 0
84 435825 6887250 0
85 435825 6887325 0
86 435900 6887400 0
87 435900 6887475 0
88 435975 6887550 0
89 435975 6887625 0
90 436050 6887700 0
91 436050 6887775 0
92 436125 6887850 0
93 436125 6887925 0
94 436200 6888000 0
95 436200 6888075 0
96 436200 6888150 0
97 436200 6888225 0
98 436200 6888300 0
99 436200 6888375 0
100 436125 6888450 0
101 436050 6888450 0
102 435975 6888525 0
103 435900 6888600 0
104 435900 6888675 0
105 435900 6888750 0
106 435900 6888825 0
107 435900 6888900 0
108 435825 6888975 0
109 435750 6889050 0
110 435675 6889125 0
111 435675 6889200 0
112 435600 6889275 0
113 435525 6889350 0
114 435450 6889425 0
115 435375 6889425 0
116 435300 6889425 0
117 435225 6889350 0
118 435225 6889275 0
119 435150 6889200 0
120 435075 6889125 0
121 435000 6889050 0
122 434925 6888975 0
123 434850 6888900 0
124 434775 6888825 0
125 434700 6888750 0
126 434625 6888675 0
127 434625 6888600 0
128 434550 6888525 0
129 434550 6888450 0
130 434475 6888375 0
131 434475 6888300 0
132 434400 6888225 0
133 434400 6888150 0
134 434325 6888075 0
135 434325 6888000 0
136 434325 6887925 0
137 434325 6887850 0
138 434325 6887775 0
139 434325 6887700 0
140 434325 6887625 0
141 434250 6887550 0
142 434325 6887475 0
143 434325 6887400 0
144 434325 6887325 0
145 434325 6887250 0
146 434325 6887175 0
147 434325 6887100 0
148 434325 6887025 0
149 434325 6886950 0
150 434325 6886875 0
151 434250 6886800 0
152 434250 6886725 0
153 434175 6886650 0
154 434100 6886575 0
155 434100 6886500 0
156 434025 6886425 0
157 433950 6886350 0
158 433875 6886275 0
159 433875 6886200 0
160 433800 6886125 0
161 433725 6886050 0
162 433650 6886050 0
163 433575 6885975 0
164 433500 6885900 0
165 433425 6885825 0
166 433350 6885825 0
167 433275 6885750 0
168 433200 6885675 0
169 433125 6885675 0
170 433050 6885600 0
171 432975 6885600 0
172 432900 6885600 0
173 432825 6885600 0
174 432750 6885600 0
175 432675 6885600 0
176 432600 6885600 0
177 432525 6885600 0
178 432450 6885600 0
179 432375 6885600 0
180 432300 6885675 0
181 432225 6885675 0
182 432150 6885675 0
183 432075 6885750 0
184 432000 6885750 0
185 431925 6885750 0
186 431850 6885825 0
187 431775 6885825 0
188 431700 6885900 0
189 431625 6885900 0
190 431550 6885900 0
191 431475 6885900 0
192 431400 6885900 0
193 431325 6885975 0
194 431250 6885975 0
195 431175 6885975 0
196 431100 6885975 0
197 431025 6885975 0
198 430950 6885975 0
199 430875 6885975 0
200 430800 6885975 0
201 430725 6885975 0
202 430650 6885975 0
203 430575 6886050 0
204 430500 6886050 0
205 430425 6886050 0
206 430350 6886050 0
207 430275 6886050 0
208 430200 6886050 0
209 430125 6886050 0
210 430050 6886050 0
211 429975 6886125 0
212 429900 6886200 0
213 429825 6886200 0
214 429750 6886275 0
215 429675 6886275 0
216 429600 6886350 0
217 429525 6886350 0
218 429450 6886350 0
219 429375 6886350 0
220 429300 6886350 0
221 429225 6886350 0
222 429150 6886350 0
223 429075 6886350 0
224 429000 6886350 0
225 428925 6886350 0
226 428850 6886350 0
227 428775 6886350 0
228 428700 6886350 0
229 428625 6886350 0
230 428550 6886425 0
231 428475 6886425 0
232 428400 6886425 0
233 428325 6886425 0
234 428250 6886425 0
235 428175 6886500 0
236 428100 6886425 0
237 428025 6886425 0
238 427950 6886425 0
239 427875 6886425 0
240 427800 6886425 0
241 427725 6886350 0
242 427650 6886350 0
243 427575 6886350 0
244 427500 6886275 0
245 427425 6886275 0
246 427350 6886275 0
247 427275 6886200 0
248 427200 6886200 0
249 427125 6886125 0
250 427050 6886125 0
251 426975 6886050 0
252 426900 6886125 0
253 426825 6886050 0
254 426750 6886050 0
255 426675 6886050 0
256 426600 6886050 0
257 426525 6886050 0
258 426450 6886050 0
259 426375 6886050 0
260 426300 6886050 0
261 426225 6886050 0
262 426162.7776559386 6885987.777655939 0
263 426141.1871449043 6886000.523121281 0
264 426152.0940698516 6885977.094069852 0
265 426573.1985805047 6885072.52387385 0
266 426958.3930708884 6884552.566466074 0
267 426996.8303190675 6884353.1694325 0
268 427124.6445167137 6884249.644516714 0
269 427393.3527367939 6884032.000496196 0
270 427547.9945034577 6883926.691721664 0
271 427500 6883875 0
272 427500 6883800 0
273 427575 6883725 0
274 427650 6883725 0
275 427725 6883650 0
276 427800 6883650 0
277 427875 6883575 0
278 427950 6883575 0
279 428025 6883575 0
280 428100 6883500 0
281 428175 6883425 0
282 428250 6883425 0
283 428284.8224525829 6883425 0
284 428625 6883193.379769473 0
285 428625 6883200 0
286 428550 6883275 0
287 428475 6883350 0
288 428400 6883425 0
289 428325 6883425 0
290 428625 6883125 0
291 428700 6883050 0
292 428775 6883050 0
293 428835.5799576213 6883050 0
294 427125 6884250 0
295 427200 6884250 0
296 427275 6884325 0
297 427350 6884400 0
298 427425 6884475 0
299 426260.3378471471 6885930.185224063 0
300 426900 6885825 0
301 426900 6885900 0
302 426975 6885975 0
303 431850 6885675 0
304 431775 6885600 0
305 431700 6885525 0
306 431625 6885450 0
307 431550 6885375 0
308 431475 6885300 0
309 434100 6886425 0
310 434100 6886350 0
311 434025 6886275 0
312 434100 6886200 0
313 434175 6886125 0
314 434250 6886125 0
315 434325 6886050 0
316 434400 6886050 0
317 434475 6886050 0
318 434550 6885975 0
319 434550 6885900 0
320 434550 6885825 0
321 434550 6885750 0
322 434550 6885675 0
323 434550 6885600 0
324 434475 6885525 0
325 434475 6885450 0
326 434400 6885375 0
327 434325 6885300 0
328 434325 6885225 0
329 434250 6885150 0
330 434250 6885075 0
331 434175 6885000 0
332 434100 6884925 0
333 435975 6890700 0
334 435975 6890775 0
335 436050 6890850 0
336 436050 6890925 0
337 435975 6891000 0
338 435975 6891075 0
339 435975 6891150 0
340 436050 6891225 0
341 436050 6891300 0
342 436050 6891375 0
343 436050 6891450 0
344 436050 6891525 0
345 436125 6891600 0
346 436050 6891675 0
347 436050 6891750 0
348 436125 6891825 0
349 436050 6891900 0
350 436050 6891975 0
351 436050 6892050 0
352 435975 6892125 0
353 435975 6892200 0
354 435975 6892275 0
355 435900 6892350 0
356 435900 6892425 0
357 435900 6892500 0
358 435900 6892575 0
359 435975 6892650 0
360 435975 6892725 0
361 435975 6892800 0
362 435975 6892875 0
363 436050 6892950 0
364 436087.5 6892987.5 0
365 434850 6884850 0
366 434850 6884925 0
367 434925 6885000 0
368 434925 6885075 0
369 434925 6885150 0
370 434925 6885225 0
371 434925 6885300 0
372 435000 6885375 0
373 435000 6885450 0
374 435000 6885525 0
375 434925 6885600 0
376 434925 6885675 0
377 434850 6885750 0
378 434775 6885825 0
379 434700 6885900 0
380 434775 6885900 0
381 432975 6887550 0
382 433050 6887625 0
383 433125 6887700 0
384 433200 6887700 0
385 433200 6887775 0
386 433275 6887850 0
387 433350 6887850 0
388 433425 6887925 0
389 433500 6887925 0
390 433575 6887925 0
391 433650 6887925 0
392 433725 6888000 0
393 433800 6888000 0
394 433875 6888075 0
395 433950 6888075 0
396 434025 6888150 0
397 434100 6888150 0
398 434175 6888150 0
399 434250 6888150 0
400 434325 6888225 0
401 434400 6888300 0
402 430875 6887550 0
403 430950 6887550 0
404 431025 6887550 0
405 431100 6887625 0
406 431175 6887700 0
407 431250 6887700 0
408 431325 6887775 0
409 431400 6887850 0
410 431475 6887850 0
411 431550 6887925 0
412 431625 6888000 0
413 431700 6888075 0
414 431775 6888150 0
415 431850 6888150 0
416 431925 6888150 0
417 432000 6888150 0
418 432075 6888225 0
419 432150 6888300 0
420 432225 6888300 0
421 432300 6888300 0
422 432375 6888225 0
423 432450 6888150 0
424 432525 6888150 0
425 432600 6888150 0
426 432675 6888225 0
427 432750 6888300 0
428 432825 6888375 0
429 432900 6888450 0
430 432975 6888450 0
431 433050 6888525 0
432 433125 6888600 0
433 433125 6888675 0
434 433200 6888675 0
435 433275 6888750 0
436 433350 6888675 0
437 433425 6888600 0
438 433500 6888525 0
439 433575 6888525 0
440 433650 6888525 0
441 433725 6888525 0
442 433800 6888525 0
443 433875 6888525 0
444 433950 6888525 0
445 434025 6888525 0
446 434100 6888450 0
447 434175 6888450 0
448 434250 6888375 0
449 434325 6888375 0
450 433050 6888975 0
451 433125 6888900 0
452 433200 6888825 0
453 434775 6890400 0
454 434850 6890400 0
455 434925 6890400 0
456 435000 6890475 0
457 435075 6890550 0
458 435150 6890625 0
459 435225 6890625 0
460 435300 6890700 0
461 435375 6890700 0
462 435450 6890700 0
463 435525 6890775 0
464 435600 6890775 0
465 435675 6890775 0
466 435750 6890775 0
467 435825 6890775 0
468 435900 6890700 0
469 436950 6890550 0
470 436875 6890625 0
471 436800 6890625 0
472 436725 6890700 0
473 436650 6890700 0
474 436575 6890775 0
475 436500 6890775 0
476 436425 6890775 0
477 436350 6890775 0
478 436275 6890775 0
479 436200 6890850 0
480 436125 6890850 0
481 434100 6891300 0
482 434175 6891300 0
483 434250 6891300 0
484 434325 6891300 0
485 434400 6891375 0
486 434475 6891450 0
487 434475 6891525 0
488 434550 6891600 0
489 434625 6891675 0
490 434700 6891750 0
491 434775 6891750 0
492 434850 6891825 0
493 434925 6891900 0
494 435000 6891975 0
495 435075 6892050 0
496 435150 6892050 0
497 435225 6892125 0
498 435300 6892200 0
499 435375 6892200 0
500 435450 6892200 0
501 435525 6892200 0
502 435600 6892275 0
503 435675 6892350 0
504 435750 6892350 0
505 435825 6892425 0
506 437025 6891825 0
507 436950 6891750 0
508 436875 6891675 0
509 436800 6891675 0
510 436725 6891675 0
511 436650 6891675 0
512 436575 6891675 0
513 436500 6891675 0
514 436425 6891675 0
515 436350 6891675 0
516 436275 6891675 0
517 436200 6891675 0
518 436125 6891675 0
519 433595.1820008667 6882369.99255906 0
520 434112.9753062885 6882261.716544665 0
521 430318.5963675942 6882225.508979961 0
522 429298.9446722027 6882734.504039657 0
523 437455.3345047016 6883764.145836455 0
524 438727.2028054428 6883034.085218538 0
525 426206.6859509264 6882331.500895162 0
526 425815.9031732455 6882585.940302257 0
527 425415.1423896155 6882879.61520822 0
528 424840.6788813299 6887084.215158817 0
529 424990.4990156236 6886891.654275351 0
530 425743.6590446171 6886211.566295221 0
531 437441.6069949403 6893419.177016628 0
532 437120.6839074175 6893161.519560302 0
533 437080.0277772569 6893042.424703826 0
534 437077.0035724814 6892565.431357217 0
535 437426.2225024438 6892483.603445455 0
536 437556.592634886 6892562.283167531 0
537 438525.763311306 6893008.271249358 0
538 421462.5 6881596.875 0
539 421462.5 6883631.25 0
540 421462.5 6885665.625 0
541 421462.5 6887700 0
542 421462.5 6889734.375 0
543 421462.5 6891768.75 0
544 421462.5 6893803.125 0
545 423427.5 6895837.5 0
546 425392.5 6895837.5 0
547 427357.5 6895837.5 0
548 429322.5 6895837.5 0
549 431287.5 6895837.5 0
550 433252.5 6895837.5 0
551 435217.5 6895837.5 0
552 437182.5 6895837.5 0
553 439147.5 6895837.5 0
554 441112.5 6893803.125 0
555 441112.5 6891768.75 0
556 441112.5 6889734.375 0
557 441112.5 6887700 0
558 441112.5 6885665.625 0
559 441112.5 6883631.25 0
560 441112.5 6881596.875 0
561 439147.5 6879562.5 0
562 437182.5 6879562.5 0
563 435217.5 6879562.5 0
564 433252.5 6879562.5 0
565 431287.5 6879562.5 0
566 429322.5 6879562.5 0
567 427357.5 6879562.5 0
568 425392.5 6879562.5 0
569 423427.5 6879562.5 0
570 427032.4921009418 6885724.989992342 0
571 427521.7129314739 6885672.507544731 0
572 427921.0188517417 6885667.713169453 0
573 428417.2260872317 6885661.755322143 0
574 428706.3832648396 6885465.009286058 0
575 428899.0166642828 6885296.823597256 0
576 429217.660734989 6885293.866801341 0
577 429536.3048056951 6885290.910005425 0
578 429854.9488764013 6885287.95320951 0
579 430173.5929471075 6885284.996413594 0
580 430492.2370178137 6885282.039617679 0
581 430810.8810885198 6885279.082821763 0
582 431129.525159226 6885276.126025848 0
583 431765.7421653786 6885270.222373409 0
584 432400.6791666161 6885220.118911486 0
585 432821.5606089896 6885157.580829083 0
586 433242.1175806351 6885095.090959254 0
587 433829.6645794821 6884974.070618922 0
588 434388.556653612 6884821.317719436 0
589 434677.113307224 6884742.451212742 0
590 434965.6699608361 6884663.584706049 0
591 435254.2266144481 6884584.718199356 0
592 435836.85551204 6884391.807633958 0
593 436130.92775602 6884277.763575252 0
594 426292.4622400693 6885675.570671184 0
595 426432.830410287 6885374.047272517 0
596 426748.7242553336 6884835.589345552 0
597 427258.9986267538 6884140.822506455 0
598 428039.9463270142 6883591.731358625 0
599 427795.0702014454 6883758.462717251 0
600 428454.9112262914 6883309.189884737 0
601 426554.5709127174 6885851.994601175 0
602 429806.2535653199 6882481.262936343 0
603 437870.2124066173 6883526.003241615 0
604 438285.090308533 6883287.860646776 0
605 425378.4809606153 6886541.314577094 0
606 438039.1567872223 6892784.347109306 0
607 429175.0084136334 6890760.861696859 0
608 438344.0987539163 6885642.01319673 0
609 432854.9373738687 6893223.847814076 0
610 429074.8483124186 6888467.613660892 0
611 430455.625700128 6889334.075649532 0
612 426501.5890787282 6888492.361479124 0
613 437227.5 6887017.5 0
614 437199.1245701815 6889340.477992365 0
615 433727.2726591636 6890285.851422258 0
616 431915.6322105011 6886921.572853783 0
617 426437.7595995361 6887169.355878641 0
618 433597.4728595284 6892238.216926197 0
619 436278.4561162362 6889905.101755764 0
620 430069.2341433545 6887088.539236564 0
621 429386.0629921487 6883982.888618661 0
622 432787.8056058227 6886289.450996392 0
623 431189.0999644085 6886654.631096574 0
624 437187.0958012484 6884656.806167813 0
625 428933.7558961089 6887137.404241917 0
626 432144.3610083129 6889152.195509518 0
627 435217.0382848236 6892974.260869983 0
628 433654.2646509999 6887123.995598915 0
629 433836.1111731307 6889262.137097647 0
630 437475 6891150 0
631 427829.4153878286 6887105.574142872 0
632 435646.1328560759 6889997.824319876 0
633 434101.5991884459 6890662.11476173 0
634 435372.1682956973 6891445.956061506 0
635 434785.3852017235 6889770.827629427 0
636 436730.3863638919 6885618.363195247 0
637 436342.644162729 6886854.75474962 0
638 436443.6264405084 6894525.373191768 0
639 427743.9730828885 6881956.721857928 0
640 436570.3324215461 6892202.323922404 0
641 436412.9034900466 6892602.945082271 0
642 436866.5277777778 6891120.64442502 0
643 436308.7319005717 6888958.71130921 0
644 431661.416330202 6886498.617034004 0
645 434695.9146735703 6890965.144790791 0
646 432500 6888775 0
647 430171.4502354459 6886506.804460973 0
648 431819.9380128755 6888610.22336785 0
649 432466.709780224 6887656.809600808 0
650 428437.5 6886912.5 0
651 426650.9746635379 6886618.952147962 0
652 428037.4059146243 6884747.841439798 0
653 436568.9092944445 6893283.395248594 0
654 428088.4711430873 6882716.759858557 0
655 436468.3440224972 6891265.482174473 0
656 436303.4614160988 6881873.293308567 0
657 435641.5111591514 6891824.103606401 0
658 431962.5 6887700 0
659 434254.8461411982 6888854.231575652 0
660 431311.1127988952 6887261.716852861 0
661 431136.9347990646 6888157.618153891 0
662 434962.5 6892462.5 0
663 431858.9751453386 6883403.326684469 0
664 434134.1836886986 6891651.243705456 0
665 427017.7634063932 6883171.556922531 0
666 424044.502539102 6884696.925390808 0
667 433200 6888187.5 0
668 435624.5280492828 6891124.32601025 0
669 436087.4614425273 6889344.47168125 0
670 433237.5 6886237.5 0
671 434565.735903741 6892178.571054645 0
672 427895.0550404154 6883172.181663023 0
673 435395.6215522113 6892564.746120292 0
674 433828.8859225349 6887634.422223805 0
675 432842.8278901529 6887927.139560271 0
676 426975 6886462.5 0
677 433524.5932684298 6888235.23607785 0
678 437276.723431397 6888180.944641739 0
679 433650 6888900 0
680 425817.9100739371 6884018.990418704 0
681 428226.9222710264 6884141.403434287 0
682 433235.8219239011 6883621.932859628 0
683 435294.8681807025 6883134.482313963 0
684 436568.9683794893 6885290.968141237 0
685 436422.5336321713 6885574.547333783 0
686 436040.7383128358 6887071.625791604 0
687 436095.912162 6888727.753968202 0
688 434020.6951649656 6887014.048243454 0
689 432962.5509343038 6885931.872785113 0
690 432440.5770491758 6885946.432755843 0
691 432052.9877542126 6886029.302329251 0
692 430760.5382098822 6886336.535099466 0
693 428765.1791730723 6886682.442606436 0
694 427538.9483050273 6886725.431055729 0
695 435764.8960329948 6891338.161740796 0
696 436224.4729535455 6892268.129400808 0
697 435624.2081871249 6892813.271998379 0
698 433537.5 6887662.5 0
699 435412.5 6890437.5 0
700 435381.2151954277 6891005.814253339 0
701 435729.2744574941 6890436.602980183 0
702 436428.4116675208 6890398.725623315 0
703 427034.7924474325 6883726.663183523 0
704 423625.3784558521 6886169.312859676 0
705 433774.9491585537 6888360.914926398 0
706 432272.6899755804 6887997.993056542 0
707 432507.7649428126 6891308.2641093 0
708 434150.4857403169 6887860.552777976 0
709 427742.5066695485 6884563.682799979 0
710 427168.9782676821 6885239.267453421 0
711 434047.4881667246 6887376.423723739 0
712 433557.1405591225 6886357.470895868 0
713 428104.9025646381 6886698.250452383 0
714 430931.4581021629 6887826.864349473 0
715 432884.8742256993 6888757.806675521 0
716 434765.1829347141 6890633.028958159 0
717 435326.5077792641 6891874.485564803 0
718 436805.0476253072 6891952.632544739 0
719 437487.1454045498 6892969.931444066 0
720 436272.5641984373 6891062.375041613 0
721 434325.9692282397 6888605.846315131 0
722 430585.1310797288 6884029.172979833 0
723 435697.0015941645 6892059.438270302 0
724 428219.1431579298 6883034.0205949 0
725 426304.8323506094 6884214.998769836 0
726 428737.5 6882394.917807366 0
727 432527.4553571428 6888413.706588984 0
728 435631.6844434671 6893268.960106601 0
729 427707.4400133505 6885279.348987143 0
730 432164.557884882 6880935.82223756 0
731 436907.7067428781 6887712.588975488 0
732 438009.2337409812 6890092.311704773 0
733 439359.7964995258 6891434.123786771 0
734 435791.0040070404 6890942.760858607 0
735 425198.5548151728 6885032.244340277 0
736 437747.1513483277 6882004.127104465 0
737 438021.8082174729 6891933.045944207 0
738 424311.2469919901 6890035.672225666 0
739 434297.9106975636 6883901.592900504 0
740 434472.7310633751 6889342.608770213 0
741 436312.5 6891862.5 0
742 429483.6214354279 6886938.802204593 0
743 435979.1451149547 6883379.696515756 0
744 436123.0042876939 6890690.551708366 0
745 427302.6648310043 6883886.303910824 0
746 425728.5601336815 6887565.016409566 0
747 436757.3558943993 6888318.188375394 0
748 434095.3125 6888304.6875 0
749 429111.6760841015 6886737.627238948 0
750 435825 6892218.75 0
751 439284.6707808368 6884517.271652752 0
752 428776.8405577509 6883852.022821158 0
753 436521.1665194924 6884442.261904762 0
754 436941.267082116 6884217.784800423 0
755 433275 6888525 0
756 438952.5745838199 6887458.420965887 0
757 427532.6637644382 6883311.584516372 0
758 436725 6886087.5 0
759 424223.4667539818 6881150.848572792 0
760 431528.7109604109 6884453.651198208 0
761 438199.0698736273 6884536.200812892 0
762 437152.556719785 6892141.686853243 0
763 427718.6231509903 6883981.66575397 0
764 432467.5862402777 6884394.651456634 0
765 438346.0655446917 6888837.944332479 0
766 425718.2328287009 6885807.379991309 0
767 429965.1848039741 6884454.421160939 0
768 428334.2812889063 6883755.659146592 0
769 433738.8157894737 6886661.842105263 0
770 435919.3880471604 6890875.128342464 0
771 430396.6560669162 6892698.717562808 0
772 436237.5 6887325 0
773 433387.5 6889237.5 0
774 436721.2412622454 6884711.408012773 0
775 429810.300969038 6886646.665178764 0
776 426862.5 6885637.5 0
777 436077.0833333333 6892845.153061224 0
778 426375 6892501.966167421 0
779 432648.2532571543 6889631.59611318 0
780 431642.4488724179 6890408.804251487 0
781 428422.4396358144 6882847.439635814 0
782 423339.5501726452 6882383.620885642 0
783 430912.7902484808 6887054.974207329 0
784 430195.1450853737 6887759.499629942 0
785 433281.5325186757 6891497.549037136 0
786 424735.2689434502 6883834.447723409 0
787 423076.604231981 6887862.628886087 0
788 436725 6890287.5 0
789 437386.9998621622 6889898.211387155 0
790 435169.0089111542 6883874.83182839 0
791 431446.0227272727 6888403.977272728 0
792 433518.0389568322 6884365.389876369 0
793 426061.9228061032 6886286.985869039 0
794 424311.9749494169 6886523.882965251 0
795 425854.2402278415 6884982.183773889 0
796 436566.407520549 6883376.925476403 0
797 427539.072984761 6884725.891677078 0
798 436375.9240542128 6885148.709734462 0
799 436317.311852659 6885339.542128773 0
800 436221.7636406901 6885500.227066079 0
801 436237.5 6885637.5 0
802 435848.9320038745 6887128.0893988 0
803 435944.1206953722 6887283.580549272 0
804 436008.8238923062 6887437.033398723 0
805 436126.7343948614 6887578.267851837 0
806 436177.9252110975 6887744.018235996 0
807 436259.4222545788 6887896.96500001 0
808 436516.3149883996 6888016.333666245 0
809 434512.5 6888637.5 0
810 434428.24615353 6888478.855789391 0
811 434212.5 6888037.5 0
812 434224.1299215257 6886927.006891922 0
813 433005.3644191863 6885704.808357057 0
814 432412.5 6885712.5 0
815 432202.3206004236 6885790.716885637 0
816 431980.8988116976 6885841.583593355 0
817 431836.897760985 6885928.160474281 0
818 431444.1964285714 6886026.02520198 0
819 431300.7836289635 6886269.704186731 0
820 430697.9340299832 6886088.722529844 0
821 429893.8216006406 6886339.781377105 0
822 429697.3121406471 6886411.17669883 0
823 428677.1684532961 6886470.961188675 0
824 427655.5640435753 6886454.908518165 0
825 427457.3224251507 6886395.751620024 0
826 427233.2134624068 6886332.106955829 0
827 427065.4590660581 6886213.515279404 0
828 427605.2278290998 6883596.766013854 0
829 427766.8183378776 6883519.566440715 0
830 436073.1330248046 6891021.859380201 0
831 435945.23753576 6891284.023105828 0
832 436162.5 6891487.5 0
833 435937.5 6892012.5 0
834 436087.5 6892162.5 0
835 436007.9171675107 6892377.380747647 0
836 436012.5 6892537.5 0
837 435741.541217417 6892533.189764834 0
838 435860.9233843223 6892704.851680459 0
839 433318.2205339884 6887718.463656588 0
840 433297.553228022 6887977.446771978 0
841 433474.0315048555 6887827.382563186 0
842 433599.94189549 6888028.248011122 0
843 433754.8143204225 6887884.60608492 0
844 433762.5 6888112.5 0
845 433915.9883656402 6887945.110314969 0
846 433916.8087077548 6888196.772304581 0
847 434062.5 6888037.5 0
848 434211.8303571428 6888236.383928572 0
849 433962.4386237584 6888412.482104425 0
850 434147.5643153602 6888567.982860576 0
851 434275.2966161883 6888475.447494183 0
852 435201.9358617357 6890759.851873295 0
853 435358.9285714286 6890619.642857143 0
854 435412.5 6890812.5 0
855 435562.5 6890662.5 0
856 435768.467779642 6890662.45942655 0
857 436837.5 6890737.5 0
858 436681.820682399 6890575.719784637 0
859 436698.587962963 6890842.703558016 0
860 436510.3903357029 6890657.573833789 0
861 436330.8440330729 6890857.486068355 0
862 429054.7429523013 6884571.625375954 0
863 430930.8529725943 6884593.087179568 0
864 426374.8420586009 6886395.811824257 0
865 435236.1787311895 6890204.866433735 0
866 434860.4857868745 6891342.640227043 0
867 438472.3129167458 6894502.94642793 0
868 435183.7368220416 6882127.970248966 0
869 430530.8294832843 6883245.817043666 0
870 427366.873182624 6883602.553506729 0
871 434285.794888563 6893267.622832847 0
872 435176.9077981648 6889876.213478704 0
873 435162.4641618601 6891736.935603576 0
874 434883.3615817938 6893872.186783472 0
875 435882.6217913626 6889629.691259773 0
876 431314.189659266 6882541.720169334 0
877 427823.7205802046 6888437.454725448 0
878 427578.8853607728 6890483.257156722 0
879 429370.1969793088 6881059.371768226 0
880 436876.2735031381 6893623.384666239 0
881 434084.1525025504 6883056.49026115 0
882 433633.2896877631 6881090.900803871 0
883 429435.4999502311 6883347.053830456 0
884 427577.5364855892 6884921.657427405 0
885 437065.39527905 6890766.514112115 0
886 425965.7203733848 6883395.956686364 0
887 437192.5 6891432.5 0
888 436442.1875 6886442.1875 0
889 427597.8748258179 6884516.512623753 0
890 427087.5 6885112.5 0
891 426945.3180248258 6885267.537204579 0
892 435862.5 6886612.5 0
893 436104.6024731672 6886558.118271295 0
894 436050.5320945714 6888569.366638315 0
895 435802.8593275466 6889163.907340808 0
896 435104.6875 6889295.3125 0
897 435123.4079285554 6889516.664883146 0
898 434859.375 6889265.625 0
899 434188.4550846507 6887650.652931175 0
900 434230.4832851543 6887403.443300446 0
901 434105.905435354 6886743.785467914 0
902 433969.9149557953 6886530.134872491 0
903 433750.2605749803 6886216.112490018 0
904 433388.1696428572 6885958.258928572 0
905 433173.5962553001 6885808.338195642 0
906 430087.5 6886162.5 0
907 428294.6548523174 6886547.661333536 0
908 428040.762210076 6886519.009407597 0
909 426774.8159375757 6886199.242494805 0
910 427987.5 6883462.5 0
911 436128.4961362208 6892006.161342973 0
912 433174.6371632671 6887544.252230312 0
913 430987.5 6887662.5 0
914 431219.5604664825 6887567.57780881 0
915 431453.3554106918 6887561.721898524 0
916 431229.6829491049 6887841.528826874 0
917 431437.5 6887737.5 0
918 431638.2844533679 6887765.370821768 0
919 431430.4009927999 6887966.515121784 0
920 431810.4918671051 6888027.425123054 0
921 431962.5 6888262.5 0
922 432190.6679499457 6888194.397909225 0
923 432488.9858153278 6888254.177819843 0
924 432940.6057780816 6888332.999713678 0
925 432968.1516750999 6888573.659882218 0
926 433537.5 6888637.5 0
927 434887.5 6890512.5 0
928 435189.2777926361 6890497.623775827 0
929 436852.7573882078 6890478.343966938 0
930 434299.3895784682 6891440.128468687 0
931 434603.2970690142 6891491.974506345 0
932 434618.8145058918 6891298.076904836 0
933 434746.8329563909 6891621.653233173 0
934 434738.085169265 6891878.437223131 0
935 434516.902871142 6891883.844328347 0
936 435106.4953235207 6891931.07019473 0
937 435122.0663265306 6892182.999271137 0
938 434912.6267713624 6892089.643935558 0
939 435337.5 6892087.5 0
940 435481.9511787971 6892307.627155132 0
941 436837.8679027192 6891776.889085934 0
942 428939.6171092622 6883418.86732173 0
943 433529.6512348379 6890859.307248858 0
944 432732.3479634907 6892335.166096813 0
945 424973.3511211333 6885706.268467684 0
946 438611.8155456821 6892289.620826607 0
947 432618.8850159879 6886889.168849431 0
948 439685.5015586848 6889908.160735401 0
949 435798.2142857143 6891600 0
950 432745.8069449492 6882922.514406174 0
951 432167.5529501695 6888669.976411977 0
952 437327.275207218 6883060.589392631 0
953 428165.107822449 6885330.369028915 0
954 429562.8810760319 6886630.904016178 0
955 434360.1064770027 6890947.233013813 0
956 439691.461081321 6892682.110391324 0
957 433875.5762190548 6888838.65301141 0
958 424431.8535400528 6893109.062141422 0
959 434110.0528109432 6884369.64686141 0
960 434531.1073026636 6888999.068538154 0
961 431963.5961469442 6884622.286092692 0
962 434687.1661181673 6884211.913848023 0
963 438143.8333257568 6893537.177148962 0
964 433090.1635982975 6888806.28650899 0
965 437585.9109021344 6892228.634784376 0
966 435871.4967198615 6891847.648839529 0
967 436054.8896197867 6890358.652691562 0
968 426778.9573800373 6881095.722710761 0
969 434247.0225976057 6890023.728676451 0
970 436509.375 6885862.5 0
971 428718.9154292684 6882882.919869196 0
972 426782.2238844553 6884026.837458851 0
973 430455.5542797733 6886357.088505457 0
974 427136.6279901075 6887094.732687126 0
975 436554.6767732993 6885005.861648664 0
976 435936.2213328772 6886810.562351565 0
977 432712.5 6885825 0
978 430987.5 6886200 0
979 428514.2146398122 6886555.509304092 0
980 436553.6257209791 6891836.67745449 0
981 428348.0810395948 6893791.56082502 0
982 438446.098997109 6883880.098538817 0
983 436680.8119667125 6891456.815097584 0
984 432667.7183687625 6890406.702532307 0
985 432964.8056955637 6884632.055254973 0
986 433111.8063408691 6887221.27668781 0
987 436106.6625023221 6893495.887503521 0
988 439442.0358642756 6881268.233596165 0
989 429358.3112279373 6886574.796504299 0
990 427927.9593845312 6884375.585534813 0
991 436362.6449475427 6888272.119220234 0
992 436379.6434886328 6886127.081878492 0
993 426573.3046656735 6886225.204952413 0
994 437405.0405217141 6890450.269386899 0
995 438197.2927132745 6887439.855074435 0
996 428477.2499703317 6883159.189884737 0
997 424872.33348918 6886370.788274165 0
998 428431.23609288 6887860.271266985 0
999 434887.5 6890093.836915297 0
1000 434302.3660714286 6888302.276785715 0
1001 428449.5652223231 6889342.52658411 0
1002 433090.1282082049 6887981.949700199 0
1003 436133.6063757603 6883848.503525753 0
1004 424706.1390853104 6888315.890157913 0
1005 422936.7454927949 6885131.093686015 0
1006 434560.4378429448 6882757.587994319 0
1007 425870.8927293137 6886793.839498335 0
1008 436005.2834844523 6893193.364397174 0
1009 427030.2097737762 6885477.107172982 0
1010 436537.5 6891023.076923077 0
1011 430595.1611547522 6887328.579290319 0
1012 436307.8125 6888557.8125 0
1013 428735.9949506557 6883524.603069625 0
1014 436721.1094723033 6892822.12058946 0
1015 429511.1100085319 6887692.292335236 0
1016 427377.8806199695 6885094.522942155 0
1017 434386.7781845935 6891698.1284564 0
1018 430037.6603815774 6888532.484174159 0
1019 430401.0195711176 6884799.624038468 0
1020 429691.5391208181 6884848.911581319 0
1021 437860.2280395941 6889401.562108679 0
1022 438637.3058426579 6889625.662850937 0
1023 434955.9930286889 6891660.312160756 0
1024 427359.1448206745 6887810.3843155 0
1025 429279.5612424029 6882012.46658588 0
1026 428766.5417220858 6884937.780901195 0
1027 424493.3924427855 6885291.81160514 0
1028 436667.3076923077 6884212.5 0
1029 425464.2420766086 6881618.525708097 0
1030 425435.0344916463 6883521.510350238 0
1031 431175.4246229495 6883432.421575663 0
1032 429962.9770796464 6883685.556796383 0
1033 433481.5620403959 6886115.645964888 0
1034 432765.0687511346 6888520.73902096 0
1035 436644.1981530743 6882706.007843224 0
1036 437608.2247623373 6888797.896255613 0
1037 433376.3911033163 6888872.819674745 0
1038 437956.9179350127 6890706.371995701 0
1039 432562.5 6887897.317216981 0
1040 433200.0369929998 6889038.11700016 0
1041 431338.0839457499 6889424.200359849 0
1042 434773.3161951484 6889051.04318691 0
1043 435646.1039497774 6880843.662402564 0
1044 435938.4522712497 6882703.576515699 0
1045 437466.7037398519 6891781.507328472 0
1046 431662.5 6886148.076923077 0
1047 436206.3426756056 6891303.607879193 0
1048 428982.407893882 6886495.792149774 0
1049 425136.409364793 6884308.264258877 0
1050 434409.3923076472 6888373.76511277 0
1051 434325 6888150 0
1052 435905.8049027715 6890773.737585966 0
1053 436010.603343465 6891600 0
1054 435825 6892350 0
1055 425447.2116786786 6887007.434247216 0
1056 432609.519089506 6889167.423688446 0
1057 438045.2725752232 6888146.138624445 0
1058 436163.8945082406 6891747.210983519 0
1059 433178.0327196595 6888746.257301798 0
1060 439697.1928348544 6886364.272142966 0
1061 437535.3048783034 6886216.347170898 0
1062 437573.5894031667 6885497.232843485 0
1063 437893.1907510546 6886839.821755053 0
1064 425912.381290763 6890060.436536418 0
1065 434137.5 6891093.570243363 0
1066 426005.131434172 6885467.798950764 0
1067 433820.4645634039 6891573.941055764 0
1068 438813.398039077 6888198.118950698 0
1069 426306.6738475622 6882896.635479284 0
1070 433773.1041086574 6894127.004469469 0
1071 437020.9239130435 6885152.445652174 0
1072 431623.4557035871 6891721.197700404 0
1073 431285.2354241805 6884885.419133557 0
1074 437861.6996947548 6882986.015361071 0
1075 437560.3812765114 6884331.397767016 0
1076 423162.2007987775 6891162.685491613 0
1077 436873.4007909121 6893186.568953685 0
1078 435553.4953626893 6884097.306637126 0
1079 430244.0946704159 6886205.280155249 0
1080 436134.1017816029 6892667.727955124 0
1081 433424.5147319903 6888046.405143492 0
1082 431812.5 6888300 0
1083 431985.0974060979 6888003.631168514 0
1084 433687.5 6888675 0
1085 434137.5 6891450 0
1086 435304.5186273417 6892334.512971646 0
1087 436323.3983372629 6891527.684005834 0
1088 431624.2977482507 6894199.320808474 0
1089 437020.908542198 6890244.838341461 0
1090 432989.8003121561 6889247.168577053 0
1091 423819.8172838349 6885408.700413901 0
1092 426335.748390781 6884732.297918028 0
1093 432574.7964398701 6883700.459634149 0
1094 435999.246873679 6889034.098388544 0
1095 438590.2196588201 6890672.739884897 0
1096 429913.9286499422 6881753.304915649 0
1097 430527.3527915704 6881091.532581532 0
1098 432570.3690788596 6884869.342187232 0
1099 426483.6025298054 6883618.883766709 0
1100 427835.2205443589 6884137.5 0
1101 435385.2825505404 6889598.747421816 0
1102 430591.6610963009 6888151.130016508 0
1103 430920.9754636587 6888693.9630067 0
1104 426947.8005498378 6882337.44422773 0
1105 439813.8603781885 6883226.516604631 0
1106 433357.1809038696 6884734.880174961 0
1107 427537.62116451 6882777.708174357 0
1108 430944.844033688 6887382.545058418 0
1109 436625.4462580045 6883908.17050908 0
1110 426210.4536207183 6894309.182446258 0
1111 426727.0952629513 6884413.727438419 0
1112 432858.0373303167 6888116.962669684 0
1113 433806.8553132287 6886398.426727274 0
1114 436837.5 6891502.381993007 0
1115 436517.5077609246 6891564.283039698 0
1116 436017.3151560418 6888865.927277659 0
1117 434208.4829860798 6887229.487895377 0
1118 427849.3240638932 6886597.271697094 0
1119 436309.5279872435 6890632.929122433 0
1120 429875.1541685111 6883053.987144743 0
1121 426232.0255823872 6885106.176917857 0
1122 438307.678454274 6882699.605244551 0
1123 433869.6867483056 6884642.484969943 0
1124 434988.75 6890711.25 0
1125 430381.1914916982 6886151.267592644 0
1126 430542.1740016196 6886154.801961059 0
1127 433825.0960365091 6888626.481651096 0
1128 433993.2975303032 6888637.478442676 0
1129 430593.4040337282 6886761.021699526 0
1130 428804.3160021394 6883228.694674822 0
1131 429055.0745556958 6883099.467123188 0
1132 431482.7856641395 6888167.874444793 0
1133 427337.0669716413 6885406.488351138 0
1134 426426.7744540457 6886161.193902167 0
1135 429171.770743703 6886458.316556145 0
1136 432162.829137986 6886388.945963112 0
1137 426284.945156994 6886174.374228888 0
1138 435742.6388332033 6889355.514221831 0
1139 435625.5292709867 6889525.529270987 0
1140 431145.9639381606 6886085.92802622 0
1141 431273.4906659492 6886051.109569156 0
1142 434440.0872845894 6884440.421894068 0
1143 435039.9895144636 6884317.925543712 0
1144 435794.7442665754 6886719.612470313 0
1145 436004.5493439723 6891807.029767905 0
1146 436607.4609454337 6889353.351327457 0
1147 435928.6471600735 6890569.016430984 0
1148 424692.7616830987 6884761.875218006 0
1149 434284.4969128338 6891196.904709529 0
1150 434562.7836205803 6883502.393427656 0
1151 436869.6583393686 6889838.2468007 0
1152 435845.0922467258 6891121.739920953 0
1153 435637.5 6890925 0
1154 437106.8813227038 6891647.655427863 0
1155 436197.3584979833 6886321.945660023 0
1156 434519.9791420586 6890624.595675451 0
1157 430621.0010915957 6887724.059812267 0
1158 436915.8716021075 6886542.678612496 0
1159 439094.2216965157 6888907.962258872 0
1160 429337.8432284294 6884912.637826333 0
1161 429055.7637452789 6885017.850924544 0
1162 430017.2570638837 6884935.181280766 0
1163 430685.3512227351 6884982.501366177 0
1164 430968.3691734512 6885003.243305382 0
1165 433258.7095385105 6886692.443878841 0
1166 423978.4476734897 6887201.419391922 0
1167 433814.3304126732 6891146.784964496 0
1168 439882.8627329395 6888150.816486062 0
1169 424643.6214405472 6886776.333026086 0
1170 424547.2437612202 6883107.811987231 0
1171 431652.2920409926 6884922.190574171 0
1172 434241.6670037457 6892573.702455939 0
1173 424349.3746237005 6885911.794097636 0
1174 435867.5169062494 6884066.735027858 0
1175 428374.7261761834 6892047.272681766 0
1176 425142.6177589248 6887372.842049773 0
1177 427258.8662790697 6886685.755813953 0
1178 433256.3607655377 6889708.709008936 0
1179 428320.4685227181 6883518.52526217 0
1180 428694.24626092 6881544.868861162 0
1181 422586.3415789318 6886607.696118427 0
1182 432269.3183139693 6888463.583364085 0
1183 434180.4578678362 6891971.092568964 0
1184 431767.2142848952 6887386.538288891 0
1185 437591.2810356379 6887556.14151186 0
1186 428458.9226371781 6888492.071498038 0
1187 438024.0603780998 6891281.168980905 0
1188 428588.7210070829 6883012.909877949 0
1189 433112.5421908561 6888383.488981772 0
1190 433572.0340940907 6883034.538649408 0
1191 432197.2136828509 6884942.304483989 0
1192 424838.5365243167 6891373.964512508 0
1193 426016.3842240598 6885918.131281235 0
1194 428217.9602309439 6883301.510253425 0
1195 432862.9044263828 6887711.505467629 0
1196 438717.8718490431 6886626.227695043 0
1197 434758.7211531741 6881177.350000014 0
1198 435656.5669936183 6894199.981517073 0
1199 424800.9247212195 6882287.727110706 0
1200 429923.9327365143 6894317.214877667 0
1201 434555.8763280421 6888809.706457474 0
1202 433621.3740984504 6888425.137024315 0
1203 437158.8317422873 6885855.799989088 0
1204 436319.2441505266 6885764.507888963 0
1205 436286.894662737 6885929.155681065 0
1206 435330.335947831 6884295.868337527 0
1207 437361.1770355618 6892738.731712967 0
1208 425514.6095074092 6885520.90676219 0
1209 434821.8409867272 6890266.722023172 0
1210 433662.7723328461 6893018.108640805 0
1211 427077.7064793138 6884035.150709077 0
1212 426667.3945402673 6887749.62270933 0
1213 437673.151964155 6884936.851181639 0
1214 428964.5490693515 6887678.771750025 0
1215 434591.1895880801 6890263.117954504 0
1216 428545.1605265692 6884542.508228669 0
1217 437906.2194117133 6884007.569239358 0
1218 436464.6812643071 6884640.194986256 0
1219 436448.657042836 6884801.066378241 0
1220 436299.803029645 6888096.981416988 0
1221 436983.1461145178 6883665.523202999 0
1222 435930.8637022723 6893018.720750629 0
1223 430369.0046487951 6882709.65925481 0
1224 432952.209851289 6884142.897816351 0
1225 436866.4905720458 6888786.76891454 0
1226 433628.8900810956 6884770.971799641 0
1227 429498.8705863423 6886467.261703195 0
1228 435949.4001497418 6891485.585605828 0
1229 436374.0416298731 6884466.81547619 0
1230 426997.6147665145 6886128.378819851 0
1231 433275 6888670.119221157 0
1232 422885.9966999892 6880985.604713351 0
1233 428666.9555899803 6883355.132304855 0
1234 434718.0723517852 6893030.054588448 0
1235 439426.3911314122 6893788.771485209 0
1236 436322.9166666667 6892912.5 0
1237 436251.4890225302 6893188.932853779 0
1238 423741.0858834874 6883785.078209925 0
1239 431846.3389712227 6892835.649996514 0
1240 433879.4109867232 6883637.653747056 0
1241 433073.5609899198 6887801.122514798 0
1242 425366.777825276 6886026.370727944 0
1243 431929.5365393157 6885011.5814108 0
1244 431965.8388358548 6884045.872703679 0
1245 437963.0568174795 6892359.586366406 0
1246 427915.1208828319 6887730.157805874 0
1247 432030.301546169 6888434.380523985 0
1248 431340.8222694795 6883992.92205357 0
1249 433220.5925996879 6892684.915385444 0
1250 422915.7774172047 6894381.755130798 0
1251 438521.5400599202 6891522.139884678 0
1252 427253.2283065583 6889363.207296364 0
1253 428971.9556020239 6882825.17210482 0
1254 433947.0407164764 6882670.885096768 0
1255 428529.9344157159 6883540.134657771 0
1256 437008.8433428407 6880961.353188088 0
1257 438877.2837031564 6882280.899867767 0
1258 432092.6172760476 6889841.335471191 0
1259 432690.6052355454 6881972.1900352 0
1260 433030.3649855321 6890967.668739776 0
1261 427758.365030223 6884299.615277952 0
1262 435083.4116355509 6891038.442867663 0
1263 439104.4716113292 6883694.028349603 0
1264 438673.7527428154 6883493.071831879 0
1265 438496.0868955332 6887820.397038172 0
1266 435048.2924530595 6890327.281323579 0
1267 435845.9819415979 6886976.712923662 0
1268 434238.0513454285 6887078.423838459 0
1269 435835.7142857143 6892837.5 0
1270 432859.2358922483 6885710.280190362 0
1271 432560.929508196 6885713.98879264 0
1272 430845.1620399776 6886091.709604885 0
1273 428829.1259200418 6886449.865990814 0
1274 433629.7894937872 6887802.931566384 0
1275 435487.5 6892060.714285715 0
1276 436691.0902081676 6891765.199847528 0
1277 422686.966351207 6892845.075552766 0
1278 425787.6948550909 6883055.931605273 0
1279 433411.4010295659 6887395.283978911 0
1280 425659.0861890098 6884520.59056647 0
1281 424410 6894747.259489881 0
1282 432717.0020273539 6887386.385430655 0
1283 434459.375 6891240.625 0
1284 432776.9320798953 6888971.834228646 0
1285 426962.9145695235 6884180.632678096 0
1286 435666.2734752517 6883733.592641475 0
1287 430602.5251317676 6890557.198691201 0
1288 422849.1466517855 6889211.730744192 0
1289 433907.8996517626 6889724.606995101 0
1290 424438.5914531836 6884278.308279061 0
1291 432484.7132628143 6888042.734856202 0
1292 428415.9440089368 6884981.004398714 0
1293 431440.8395955173 6888854.255420239 0
1294 436265.8373865767 6883029.68223804 0
1295 427991.6772972902 6883894.403735121 0
1296 432241.3238864937 6887323.412503928 0
1297 431593.8137755102 6885991.312123155 0
1298 436462.5 6890907.541368515 0
1299 428380.6064996084 6887391.156397987 0
1300 437426.6921968482 6894240.926408588 0
1301 436684.9232299064 6887187.643983624 0
1302 435935.5658298163 6891704.235743041 0
1303 428211.2289505258 6880796.947533013 0
1304 429586.3972199407 6889552.533617473 0
1305 426284.8145172885 6886687.907377339 0
1306 436415.7895459603 6887637.259673314 0
1307 431640.2180652354 6888182.808619587 0
1308 436502.3971785372 6884268.86683587 0
1309 433244.2586472976 6890558.804069658 0
1310 438105.6061110888 6880671.742777743 0
1311 429475.2198690642 6884479.066539307 0
1312 434439.8480769118 6888337.191278192 0
1313 434362.5 6888187.5 0
1314 435938.9512256929 6890737.184396491 0
1315 436099.6266049609 6890899.37187604 0
1316 436201.8163895438 6891606.697334305 0
1317 436097.2236270601 6891711.80274588 0
1318 435862.5 6892387.5 0
1319 433149.64024748 6887744.0306287 0
1320 433181.25 6888618.75 0
1321 427720.3854213948 6883730.193444916 0
1322 427464.30918971 6884289.287469789 0
1323 427563.7769877507 6884145.214660998 0
1324 427318.3321106515 6884207.422094488 0
1325 427217.6658417724 6884574.412674532 0
1326 427161.0091052784 6884379.606997256 0
1327 427390.0236916818 6884580.273239219 0
1328 426704.0090140243 6885415.163795373 0
1329 426604.8389395854 6885588.11090575 0
1330 427305.7418540948 6884736.442415335 0
1331 427048.5812155431 6884786.936341172 0
1332 427162.5 6884887.5 0
1333 426769.8277204252 6885077.942784352 0
1334 426910.1235189777 6884968.853909427 0
1335 426688.3109542069 6885244.112954348 0
1336 429436.8542413794 6885909.959205807 0
1337 431175.5075149455 6885703.63299973 0
1338 430437.0233709523 6885793.886158932 0
1339 428436.2595992897 6886130.767671617 0
1340 427930.4781368358 6886123.550200004 0
1341 427462.5 6886012.5 0
1342 429046.3818636598 6885948.849716774 0
1343 431453.800293749 6885703.930680712 0
1344 430087.5 6885663.572901316 0
1345 430860.7014138822 6885542.491666583 0
1346 427194.5453942169 6885905.454605783 0
1347 427013.1307048781 6885869.786226144 0
1348 431655.0752850765 6885799.540120481 0
1349 431273.8296869564 6885866.896852308 0
1350 430523.1461958503 6885942.931048154 0
1351 429705.4188001407 6886134.817265899 0
1352 429835.2589858401 6885895.816852452 0
1353 429562.5 6886237.5 0
1354 428512.5 6886312.5 0
1355 427837.5 6886312.5 0
1356 427623.8135188664 6886224.600202607 0
1357 427403.9605631497 6886184.142877817 0
1358 427249.7865653381 6886091.371069086 0
1359 427083.2089520619 6886020.230271573 0
1360 428731.822924885 6885984.463751821 0
1361 429872.3365464269 6886094.356642717 0
1362 431269.111918463 6885472.938164781 0
1363 428177.6372064101 6886133.259019936 0
1364 429255.5393508399 6886156.845839065 0
1365 430258.5200322448 6885840.12803545 0
1366 431782.6446835824 6885732.300374354 0
1367 430997.7014881379 6885808.853014039 0
1368 430655.1375973357 6885783.670262383 0
1369 429072.1277905354 6885564.158839655 0
1370 429396.6489320365 6886225.717507479 0
1371 428914.7435412207 6886195.097015141 0
1372 429688.3828430639 6885600.724408461 0
1373 429095.2378222457 6886242.970367283 0
1374 428175 6886380.70668693 0
1375 430092.7131696808 6885924.919631536 0
1376 430837.6486427651 6885862.144991858 0
1377 428737.5 6886200.099525579 0
1378 428292.3621007125 6886313.625011976 0
1379 428060.9971804948 6886317.330114855 0
1380 427741.3797442529 6885898.793342884 0
1381 431423.5128328717 6885426.487167128 0
1382 429390.2660831325 6885531.923852137 0
1383 428146.8679904228 6885886.697921542 0
1384 430423.5303399052 6885598.68357942 0
1385 431665.253377068 6885635.128529258 0
1386 431124.50644834 6885884.063811013 0
1387 430378.1149331746 6885954.490873756 0
1388 426787.5 6885937.5 0
1389 426890.6887755102 6885997.066326531 0
1390 426658.8958151675 6885934.414560387 0
1391 426489.1149392903 6885988.084912232 0
1392 433988.9615677575 6885570.003011624 0
1393 434316.8290630842 6885809.167001291 0
1394 433456.3945618924 6885383.82633652 0
1395 433986.9009491823 6885984.970536867 0
1396 431998.2453286631 6885607.375851083 0
1397 433992.8167546417 6885182.689628522 0
1398 433169.5798560285 6885526.919336343 0
1399 432220.5800613555 6885562.997672456 0
1400 434212.5 6886012.5 0
1401 434437.5 6885937.5 0
1402 434467.3881771807 6885641.111166882 0
1403 434197.3969031998 6885289.670377164 0
1404 432603.1771108008 6885428.300093199 0
1405 433706.0122096895 6885912.124529773 0
1406 433640.625 6885684.375 0
1407 433373.2215319184 6885689.367395981 0
1408 434339.7835456448 6885492.852817586 0
1409 434137.5 6885112.5 0
1410 433007.0729927974 6885335.234559873 0
1411 433987.5 6886162.5 0
1412 432802.7586732269 6885454.659504366 0
1413 433950 6886237.5 0
1414 431824.5504324778 6885453.31229023 0
1415 434025 6886350 0
1416 432412.5 6885441.332339225 0
1417 433744.6319371229 6885307.153601217 0
1418 432946.189687737 6885486.818940001 0
1419 434062.5 6886387.5 0
1420 435113.1790165744 6887908.20641008 0
1421 435048.7008623615 6887117.724957123 0
1422 435450.5729166667 6885873.958333333 0
1423 435412.5 6885112.5 0
1424 435361.5233283247 6888643.277728989 0
1425 435545.5227891275 6888200.613063244 0
1426 434808.4115054249 6886271.31003509 0
1427 434599.8435800188 6885104.576000736 0
1428 434451.5729452786 6886390.901315434 0
1429 436052.1588539195 6884967.396759455 0
1430 435887.6106703182 6885833.73015873 0
1431 435863.2486574953 6888073.945521363 0
1432 434660.3010840004 6887922.600915725 0
1433 435372.8164378947 6888990.900404991 0
1434 434727.4573349507 6885388.06801027 0
1435 435415.5261814842 6886811.244496223 0
1436 435621.9007267533 6888722.565085271 0
1437 434769.6428571428 6887550 0
1438 435262.5 6886425 0
1439 434728.0508149945 6885643.118667807 0
1440 435374.6694280398 6889267.604769403 0
1441 435026.5500191466 6888387.353171759 0
1442 434205.7303272532 6886287.877923938 0
1443 435742.6319988788 6885536.710241944 0
1444 435383.8126255903 6887451.843687205 0
1445 435856.7019414406 6885204.903514601 0
1446 435048.8797893294 6884844.310105335 0
1447 436237.5 6884962.5 0
1448 436157.35759942 6885152.787534257 0
1449 436086.0972639614 6885335.122130052 0
1450 436093.0131977607 6885794.10430839 0
1451 435682.7187709317 6887296.140614534 0
1452 435752.9756394543 6887465.604017007 0
1453 435861.2759787061 6887598.60026207 0
1454 435928.150974806 6887731.4225545 0
1455 435971.2899289188 6887885.043305828 0
1456 436088.6075531612 6888042.355546742 0
1457 436098.4056122449 6888330.803571428 0
1458 434684.3418386884 6888454.32175222 0
1459 434578.6403064481 6888319.470292036 0
1460 434519.7335167872 6888176.674885868 0
1461 434431.3314735819 6888019.539400227 0
1462 434390.4711870935 6886748.862624275 0
1463 434625 6886912.5 0
1464 434387.2040389331 6886150.98631991 0
1465 434646.2296749994 6885791.899864062 0
1466 434587.5 6885487.5 0
1467 434365.5572831801 6885082.913281648 0
1468 434815.231508281 6885047.08228582 0
1469 435037.5 6885262.5 0
1470 435360.0472331091 6885454.633715055 0
1471 434917.554444637 6885431.912858365 0
1472 435057.4085884354 6885692.240646259 0
1473 435033.9821684211 6886032.293169114 0
1474 434633.6797577788 6887216.522844523 0
1475 436312.5 6884287.5 0
1476 436266.5131666549 6884593.004388885 0
1477 436087.5 6886087.5 0
1478 435855.9633239195 6886094.719126686 0
1479 435607.4639610106 6886602.295450359 0
1480 435628.3012880174 6886360.431974219 0
1481 435658.5400778664 6886858.124082704 0
1482 435777.8603346164 6888852.976885659 0
1483 435549.6159046872 6889166.046446367 0
1484 434756.7432112125 6888631.198974051 0
1485 434980.0982641666 6888708.509474747 0
1486 434212.5 6886537.5 0
1487 434464.7641248348 6885290.451543987 0
1488 434887.5 6885862.5 0
1489 434703.1377154024 6884897.547814549 0
1490 435106.2960745508 6885035.983747427 0
1491 435525 6887137.5 0
1492 434468.8418682229 6887680.950114465 0
1493 434475.4398889025 6887451.424708427 0
1494 435853.125 6888328.125 0
1495 434622.2197284985 6885937.592920121 0
1496 434764.8202451372 6886020.338890237 0
1497 435107.6430345885 6888878.140266073 0
1498 435820.2060113616 6884724.601463729 0
1499 434281.3793398177 6884959.286901407 0
1500 436187.5571289832 6884755.378618172 0
1501 434819.5887372084 6885202.454382804 0
1502 434455.3215352789 6887089.860406361 0
1503 435660.6468333777 6888500.276347231 0
1504 435588.75 6888963.75 0
1505 434368.8563514251 6887556.474964579 0
1506 436086.1765958433 6884536.259279999 0
1507 435800.7121572328 6888652.913646292 0
1508 435985.5331054289 6885448.2059811 0
1509 436011.9698531981 6885630.392955737 0
1510 434603.125 6886103.125 0
1511 435157.03125 6885487.5 0
1512 434429.6941277189 6887276.817138705 0
1513 434107.6825818133 6886278.219480984 0
1514 435444.7074847208 6884844.294069159 0
1515 434857.4546688061 6886668.220489735 0
1516 435211.4917454174 6889072.190800448 0
1517 435677.4319513341 6887789.409852662 0
1518 434407.6321203954 6886933.537171773 0
1519 436060.7142857143 6885937.5 0
1520 435641.5110432251 6886980.311429821 0
1521 436060.7142857143 6888187.5 0
1522 434422.5790709676 6887862.181738404 0
1523 435855.0255024881 6888484.084722782 0
1524 435854.8515378929 6886310.87930056 0
1525 434763.7909636075 6888194.771237948 0
$EndNodes
$Elements
3618
1 1 2 2 1 1 538
2 1 2 2 1 538 539
3 1 2 2 1 539 540
4 1 2 2 1 540 541
5 1 2 2 1 541 542
6 1 2 2 1 542 543
7 1 2 2 1 543 544
8 1 2 2 1 544 2
9 1 2 2 2 2 545
10 1 2 2 2 545 546
11 1 2 2 2 546 547
12 1 2 2 2 547 548
13 1 2 2 2 548 549
14 1 2 2 2 549 550
15 1 2 2 2 550 551
16 1 2 2 2 551 552
17 1 2 2 2 552 553
18 1 2 2 2 553 3
19 1 2 2 3 3 554
20 1 2 2 3 554 555
21 1 2 2 3 555 556
22 1 2 2 3 556 557
23 1 2 2 3 557 558
24 1 2 2 3 558 559
25 1 2 2 3 559 560
26 1 2 2 3 560 4
27 1 2 2 4 4 561
28 1 2 2 4 561 562
29 1 2 2 4 562 563
30 1 2 2 4 563 564
31 1 2 2 4 564 565
32 1 2 2 4 565 566
33 1 2 2 4 566 567
34 1 2 2 4 567 568
35 1 2 2 4 568 569
36 1 2 2 4 569 1
37 1 2 4 5 5 6
38 1 2 4 6 6 7
39 1 2 4 7 7 8
40 1 2 4 8 8 9
41 1 2 4 9 9 10
42 1 2 4 10 10 11
43 1 2 4 11 11 12
44 1 2 4 12 12 13
45 1 2 4 13 13 14
46 1 2 4 14 14 15
47 1 2 4 15 15 16
48 1 2 4 16 16 17
49 1 2 4 17 17 18
50 1 2 4 18 18 19
51 1 2 4 19 19 20
52 1 2 4 20 20 21
53 1 2 4 21 21 22
54 1 2 4 22 22 23
55 1 2 4 23 23 24
56 1 2 4 24 24 25
57 1 2 4 25 25 26
58 1 2 4 26 26 27
59 1 2 4 27 27 28
60 1 2 4 28 28 29
61 1 2 4 29 29 30
62 1 2 4 30 30 31
63 1 2 4 31 31 32
64 1 2 4 32 32 33
65 1 2 4 33 33 570
66 1 2 4 33 570 34
67 1 2 3 34 34 571
68 1 2 3 34 571 572
69 1 2 3 34 572 573
70 1 2 3 34 573 35
71 1 2 3 35 35 574
72 1 2 3 35 574 36
73 1 2 4 36 36 575
74 1 2 4 36 575 576
75 1 2 4 36 576 577
76 1 2 4 36 577 578
77 1 2 4 36 578 579
78 1 2 4 36 579 580
79 1 2 4 36 580 581
80 1 2 4 36 581 582
81 1 2 4 36 582 37
82 1 2 4 37 37 583
83 1 2 4 37 583 38
84 1 2 3 38 38 584
85 1 2 3 38 584 585
86 1 2 3 38 585 586
87 1 2 3 38 586 39
88 1 2 4 39 39 587
89 1 2 4 39 587 40
90 1 2 4 40 40 588
91 1 2 4 40 588 589
92 1 2 4 40 589 590
93 1 2 4 40 590 591
94 1 2 4 40 591 41
95 1 2 4 41 41 592
96 1 2 4 41 592 593
97 1 2 4 41 593 42
98 1 2 4 42 42 43
99 1 2 4 43 43 44
100 1 2 4 44 44 45
101 1 2 4 45 45 46
102 1 2 4 46 46 47
103 1 2 4 47 47 48
104 1 2 4 48 48 49
105 1 2 4 49 49 50
106 1 2 4 50 50 51
107 1 2 4 51 51 52
108 1 2 4 52 52 53
109 1 2 4 53 53 54
110 1 2 4 54 54 55
111 1 2 4 55 55 56
112 1 2 4 56 56 57
113 1 2 4 57 57 58
114 1 2 4 58 58 59
115 1 2 4 59 59 60
116 1 2 4 60 60 61
117 1 2 4 61 61 62
118 1 2 4 62 62 63
119 1 2 4 63 63 64
120 1 2 4 64 64 65
121 1 2 4 65 65 66
122 1 2 4 66 66 67
123 1 2 4 67 67 68
124 1 2 4 68 68 69
125 1 2 4 69 69 70
126 1 2 4 70 70 71
127 1 2 4 71 71 72
128 1 2 4 72 72 73
129 1 2 4 73 73 74
130 1 2 4 74 74 75
131 1 2 4 75 75 76
132 1 2 4 76 76 77
133 1 2 4 77 77 78
134 1 2 4 78 78 79
135 1 2 4 79 79 80
136 1 2 4 80 80 81
137 1 2 4 81 81 82
138 1 2 4 82 82 83
139 1 2 4 83 83 84
140 1 2 4 84 84 85
141 1 2 4 85 85 86
142 1 2 4 86 86 87
143 1 2 4 87 87 88
144 1 2 4 88 88 89
145 1 2 4 89 89 90
146 1 2 4 90 90 91
147 1 2 4 91 91 92
148 1 2 4 92 92 93
149 1 2 4 93 93 94
150 1 2 4 94 94 95
151 1 2 4 95 95 96
152 1 2 4 96 96 97
153 1 2 4 97 97 98
154 1 2 4 98 98 99
155 1 2 4 99 99 100
156 1 2 4 100 100 101
157 1 2 4 101 101 102
158 1 2 4 102 102 103
159 1 2 4 103 103 104
160 1 2 4 104 104 105
161 1 2 4 105 105 106
162 1 2 4 106 106 107
163 1 2 4 107 107 108
164 1 2 4 108 108 109
165 1 2 4 109 109 110
166 1 2 4 110 110 111
167 1 2 4 111 111 112
168 1 2 4 112 112 113
169 1 2 4 113 113 114
170 1 2 4 114 114 115
171 1 2 4 115 115 116
172 1 2 4 116 116 117
173 1 2 4 117 117 118
174 1 2 4 118 118 119
175 1 2 4 119 119 120
176 1 2 4 120 120 121
177 1 2 4 121 121 122
178 1 2 4 122 122 123
179 1 2 4 123 123 124
180 1 2 4 124 124 125
181 1 2 4 125 125 126
182 1 2 4 126 126 127
183 1 2 4 127 127 128
184 1 2 4 128 128 129
185 1 2 4 129 129 130
186 1 2 4 130 130 131
187 1 2 4 131 131 132
188 1 2 4 132 132 133
189 1 2 4 133 133 134
190 1 2 4 134 134 135
191 1 2 4 135 135 136
192 1 2 4 136 136 137
193 1 2 4 137 137 138
194 1 2 4 138 138 139
195 1 2 4 139 139 140
196 1 2 4 140 140 141
197 1 2 4 141 141 142
198 1 2 4 142 142 143
199 1 2 4 143 143 144
200 1 2 4 144 144 145
201 1 2 4 145 145 146
202 1 2 4 146 146 147
203 1 2 4 147 147 148
204 1 2 4 148 148 149
205 1 2 4 149 149 150
206 1 2 4 150 150 151
207 1 2 4 151 151 152
208 1 2 4 152 152 153
209 1 2 4 153 153 154
210 1 2 4 154 154 155
211 1 2 4 155 155 156
212 1 2 4 156 156 157
213 1 2 4 157 157 158
214 1 2 4 158 158 159
215 1 2 4 159 159 160
216 1 2 4 160 160 161
217 1 2 4 161 161 162
218 1 2 4 162 162 163
219 1 2 4 163 163 164
220 1 2 4 164 164 165
221 1 2 4 165 165 166
222 1 2 4 166 166 167
223 1 2 4 167 167 168
224 1 2 4 168 168 169
225 1 2 4 169 169 170
226 1 2 4 170 170 171
227 1 2 4 171 171 172
228 1 2 4 172 172 173
229 1 2 4 173 173 174
230 1 2 4 174 174 175
231 1 2 4 175 175 176
232 1 2 4 176 176 177
233 1 2 4 177 177 178
234 1 2 4 178 178 179
235 1 2 4 179 179 180
236 1 2 4 180 180 181
237 1 2 4 181 181 182
238 1 2 4 182 182 183
239 1 2 4 183 183 184
240 1 2 4 184 184 185
241 1 2 4 185 185 186
242 1 2 4 186 186 187
243 1 2 4 187 187 188
244 1 2 4 188 188 189
245 1 2 4 189 189 190
246 1 2 4 190 190 191
247 1 2 4 191 191 192
248 1 2 4 192 192 193
249 1 2 4 193 193 194
250 1 2 4 194 194 195
251 1 2 4 195 195 196
252 1 2 4 196 196 197
253 1 2 4 197 197 198
254 1 2 4 198 198 199
255 1 2 4 199 199 200
256 1 2 4 200 200 201
257 1 2 4 201 201 202
258 1 2 4 202 202 203
259 1 2 4 203 203 204
260 1 2 4 204 204 205
261 1 2 4 205 205 206
262 1 2 4 206 206 207
263 1 2 4 207 207 208
264 1 2 4 208 208 209
265 1 2 4 209 209 210
266 1 2 4 210 210 211
267 1 2 4 211 211 212
268 1 2 4 212 212 213
269 1 2 4 213 213 214
270 1 2 4 214 214 215
271 1 2 4 215 215 216
272 1 2 4 216 216 217
273 1 2 4 217 217 218
274 1 2 4 218 218 219
275 1 2 4 219 219 220
276 1 2 4 220 220 221
277 1 2 4 221 221 222
278 1 2 4 222 222 223
279 1 2 4 223 223 224
280 1 2 4 224 224 225
281 1 2 4 225 225 226
282 1 2 4 226 226 227
283 1 2 4 227 227 228
284 1 2 4 228 228 229
285 1 2 4 229 229 230
286 1 2 4 230 230 231
287 1 2 4 231 231 232
288 1 2 4 232 232 233
289 1 2 4 233 233 234
290 1 2 4 234 234 235
291 1 2 4 235 235 236
292 1 2 4 236 236 237
293 1 2 4 237 237 238
294 1 2 4 238 238 239
295 1 2 4 239 239 240
296 1 2 4 240 240 241
297 1 2 4 241 241 242
298 1 2 4 242 242 243
299 1 2 4 243 243 244
300 1 2 4 244 244 245
301 1 2 4 245 245 246
302 1 2 4 246 246 247
303 1 2 4 247 247 248
304 1 2 4 248 248 249
305 1 2 4 249 249 250
306 1 2 4 250 250 251
307 1 2 4 251 251 252
308 1 2 4 252 252 253
309 1 2 4 253 253 254
310 1 2 4 254 254 255
311 1 2 4 255 255 256
312 1 2 4 256 256 257
313 1 2 4 257 257 258
314 1 2 4 258 258 259
315 1 2 4 259 259 260
316 1 2 4 260 260 261
317 1 2 4 261 261 262
318 1 2 4 262 262 263
319 1 2 4 263 263 264
320 1 2 4 264 264 594
321 1 2 4 264 594 595
322 1 2 4 264 595 265
323 1 2 3 265 265 596
324 1 2 3 265 596 266
325 1 2 3 266 266 267
326 1 2 4 267 267 268
327 1 2 4 268 268 597
328 1 2 4 268 597 269
329 1 2 3 269 269 270
330 1 2 4 270 270 5
331 1 2 4 271 5 271
332 1 2 4 272 271 272
333 1 2 4 273 272 273
334 1 2 4 274 273 274
335 1 2 4 275 274 275
336 1 2 4 276 275 276
337 1 2 4 277 276 277
338 1 2 4 278 277 278
339 1 2 4 279 278 279
340 1 2 4 280 279 280
341 1 2 4 281 280 281
342 1 2 4 282 281 282
343 1 2 4 283 282 283
344 1 2 4 284 283 598
345 1 2 4 284 598 599
346 1 2 4 284 599 5
347 1 2 4 285 283 600
348 1 2 4 285 600 284
349 1 2 4 286 284 285
350 1 2 4 287 285 286
351 1 2 4 288 286 287
352 1 2 4 289 287 288
353 1 2 4 290 288 289
354 1 2 4 291 289 283
355 1 2 4 292 284 290
356 1 2 4 293 290 291
357 1 2 4 294 291 292
358 1 2 4 295 292 293
359 1 2 4 296 293 284
360 1 2 4 297 268 294
361 1 2 4 298 294 295
362 1 2 4 299 295 296
363 1 2 4 300 296 297
364 1 2 4 301 297 298
365 1 2 4 302 298 14
366 1 2 4 303 264 262
367 1 2 4 304 262 299
368 1 2 4 305 299 601
369 1 2 4 305 601 33
370 1 2 4 306 33 300
371 1 2 4 307 300 301
372 1 2 4 308 301 302
373 1 2 4 309 302 251
374 1 2 4 310 185 303
375 1 2 4 311 303 304
376 1 2 4 312 304 305
377 1 2 4 313 305 306
378 1 2 4 314 306 307
379 1 2 4 315 307 308
380 1 2 4 316 308 37
381 1 2 4 317 155 309
382 1 2 4 318 309 310
383 1 2 4 319 310 311
384 1 2 4 320 311 312
385 1 2 4 321 312 313
386 1 2 4 322 313 314
387 1 2 4 323 314 315
388 1 2 4 324 315 316
389 1 2 4 325 316 317
390 1 2 4 326 317 318
391 1 2 4 327 318 319
392 1 2 4 328 319 320
393 1 2 4 329 320 321
394 1 2 4 330 321 322
395 1 2 4 331 322 323
396 1 2 4 332 323 324
397 1 2 4 333 324 325
398 1 2 4 334 325 326
399 1 2 4 335 326 327
400 1 2 4 336 327 328
401 1 2 4 337 328 329
402 1 2 4 338 329 330
403 1 2 4 339 330 331
404 1 2 4 340 331 332
405 1 2 4 341 332 40
406 1 2 4 342 333 334
407 1 2 4 343 334 335
408 1 2 4 344 335 336
409 1 2 4 345 336 337
410 1 2 4 346 337 338
411 1 2 4 347 338 339
412 1 2 4 348 339 340
413 1 2 4 349 340 341
414 1 2 4 350 341 342
415 1 2 4 351 342 343
416 1 2 4 352 343 344
417 1 2 4 353 344 345
418 1 2 4 354 345 346
419 1 2 4 355 346 347
420 1 2 4 356 347 348
421 1 2 4 357 348 349
422 1 2 4 358 349 350
423 1 2 4 359 350 351
424 1 2 4 360 351 352
425 1 2 4 361 352 353
426 1 2 4 362 353 354
427 1 2 4 363 354 355
428 1 2 4 364 355 356
429 1 2 4 365 356 357
430 1 2 4 366 357 358
431 1 2 4 367 358 359
432 1 2 4 368 359 360
433 1 2 4 369 360 361
434 1 2 4 370 361 362
435 1 2 4 371 362 363
436 1 2 4 372 363 364
437 1 2 4 373 365 366
438 1 2 4 374 366 367
439 1 2 4 375 367 368
440 1 2 4 376 368 369
441 1 2 4 377 369 370
442 1 2 4 378 370 371
443 1 2 4 379 371 372
444 1 2 4 380 372 373
445 1 2 4 381 373 374
446 1 2 4 382 374 375
447 1 2 4 383 375 376
448 1 2 4 384 376 377
449 1 2 4 385 377 378
450 1 2 4 386 378 379
451 1 2 4 387 380 379
452 1 2 4 388 381 382
453 1 2 4 389 382 383
454 1 2 4 390 383 384
455 1 2 4 391 384 385
456 1 2 4 392 385 386
457 1 2 4 393 386 387
458 1 2 4 394 387 388
459 1 2 4 395 388 389
460 1 2 4 396 389 390
461 1 2 4 397 390 391
462 1 2 4 398 391 392
463 1 2 4 399 392 393
464 1 2 4 400 393 394
465 1 2 4 401 394 395
466 1 2 4 402 395 396
467 1 2 4 403 396 397
468 1 2 4 404 397 398
469 1 2 4 405 398 399
470 1 2 4 406 399 400
471 1 2 4 407 400 401
472 1 2 4 408 402 403
473 1 2 4 409 403 404
474 1 2 4 410 404 405
475 1 2 4 411 405 406
476 1 2 4 412 406 407
477 1 2 4 413 407 408
478 1 2 4 414 408 409
479 1 2 4 415 409 410
480 1 2 4 416 410 411
481 1 2 4 417 411 412
482 1 2 4 418 412 413
483 1 2 4 419 413 414
484 1 2 4 420 414 415
485 1 2 4 421 415 416
486 1 2 4 422 416 417
487 1 2 4 423 417 418
488 1 2 4 424 418 419
489 1 2 4 425 419 420
490 1 2 4 426 420 421
491 1 2 4 427 421 422
492 1 2 4 428 422 423
493 1 2 4 429 423 424
494 1 2 4 430 424 425
495 1 2 4 431 425 426
496 1 2 4 432 426 427
497 1 2 4 433 427 428
498 1 2 4 434 428 429
499 1 2 4 435 429 430
500 1 2 4 436 430 431
501 1 2 4 437 431 432
502 1 2 4 438 432 433
503 1 2 4 439 433 434
504 1 2 4 440 434 435
505 1 2 4 441 435 436
506 1 2 4 442 436 437
507 1 2 4 443 437 438
508 1 2 4 444 438 439
509 1 2 4 445 439 440
510 1 2 4 446 440 441
511 1 2 4 447 441 442
512 1 2 4 448 442 443
513 1 2 4 449 443 444
514 1 2 4 450 444 445
515 1 2 4 451 445 446
516 1 2 4 452 446 447
517 1 2 4 453 447 448
518 1 2 4 454 448 449
519 1 2 4 455 449 401
520 1 2 4 456 450 451
521 1 2 4 457 451 452
522 1 2 4 458 452 435
523 1 2 4 459 453 454
524 1 2 4 460 454 455
525 1 2 4 461 455 456
526 1 2 4 462 456 457
527 1 2 4 463 457 458
528 1 2 4 464 458 459
529 1 2 4 465 459 460
530 1 2 4 466 460 461
531 1 2 4 467 461 462
532 1 2 4 468 462 463
533 1 2 4 469 463 464
534 1 2 4 470 464 465
535 1 2 4 471 465 466
536 1 2 4 472 466 467
537 1 2 4 473 467 468
538 1 2 4 474 468 333
539 1 2 4 475 469 470
540 1 2 4 476 470 471
541 1 2 4 477 471 472
542 1 2 4 478 472 473
543 1 2 4 479 473 474
544 1 2 4 480 474 475
545 1 2 4 481 475 476
546 1 2 4 482 476 477
547 1 2 4 483 477 478
548 1 2 4 484 478 479
549 1 2 4 485 479 480
550 1 2 4 486 480 335
551 1 2 4 487 481 482
552 1 2 4 488 482 483
553 1 2 4 489 483 484
554 1 2 4 490 484 485
555 1 2 4 491 485 486
556 1 2 4 492 486 487
557 1 2 4 493 487 488
558 1 2 4 494 488 489
559 1 2 4 495 489 490
560 1 2 4 496 490 491
561 1 2 4 497 491 492
562 1 2 4 498 492 493
563 1 2 4 499 493 494
564 1 2 4 500 494 495
565 1 2 4 501 495 496
566 1 2 4 502 496 497
567 1 2 4 503 497 498
568 1 2 4 504 498 499
569 1 2 4 505 499 500
570 1 2 4 506 500 501
571 1 2 4 507 501 502
572 1 2 4 508 502 503
573 1 2 4 509 503 504
574 1 2 4 510 504 505
575 1 2 4 511 505 357
576 1 2 4 512 506 507
577 1 2 4 513 507 508
578 1 2 4 514 508 509
579 1 2 4 515 509 510
580 1 2 4 516 510 511
581 1 2 4 517 511 512
582 1 2 4 518 512 513
583 1 2 4 519 513 514
584 1 2 4 520 514 515
585 1 2 4 521 515 516
586 1 2 4 522 516 517
587 1 2 4 523 517 518
588 1 2 4 524 518 346
589 1 2 3 525 519 520
590 1 2 3 526 521 602
591 1 2 3 526 602 522
592 1 2 3 527 523 603
593 1 2 3 527 603 604
594 1 2 3 527 604 524
595 1 2 3 528 525 526
596 1 2 3 529 526 527
597 1 2 3 530 528 529
598 1 2 3 531 529 605
599 1 2 3 531 605 530
600 1 2 3 532 531 532
601 1 2 3 533 532 533
602 1 2 3 534 533 534
603 1 2 3 535 534 535
604 1 2 3 536 535 536
605 1 2 3 537 536 606
606 1 2 3 537 606 537
607 2 2 1 1 28 1009 27
608 2 2 1 1 984 1309 1178
609 2 2 1 1 435 1037 436
610 2 2 1 1 443 705 442
611 2 2 1 1 984 1178 779
612 2 2 1 1 507 1154 508
613 2 2 1 1 761 1213 608
614 2 2 1 1 785 944 618
615 2 2 1 1 70 1155 69
616 2 2 1 1 520 882 519
617 2 2 1 1 256 993 255
618 2 2 1 1 722 1019 863
619 2 2 1 1 426 1112 425
620 2 2 1 1 412 918 411
621 2 2 1 1 493 938 494
622 2 2 1 1 610 1018 1015
623 2 2 1 1 1015 1018 784
624 2 2 1 1 588 959 40
625 2 2 1 1 618 1067 785
626 2 2 1 1 746 1004 612
627 2 2 1 1 138 708 137
628 2 2 1 1 767 1019 722
629 2 2 1 1 603 952 523
630 2 2 1 1 99 991 98
631 2 2 1 1 779 1258 984
632 2 2 1 1 510 983 511
633 2 2 1 1 877 1024 612
634 2 2 1 1 266 1111 596
635 2 2 1 1 722 1031 869
636 2 2 1 1 404 914 660
637 2 2 1 1 1178 1309 615
638 2 2 1 1 707 984 780
639 2 2 1 1 42 1003 593
640 2 2 1 1 663 950 876
641 2 2 1 1 555 948 733
642 2 2 1 1 534 762 640
643 2 2 1 1 590 962 589
644 2 2 1 1 105 687 104
645 2 2 1 1 790 1150 962
646 2 2 1 1 605 1007 530
647 2 2 1 1 959 1240 792
648 2 2 1 1 504 750 503
649 2 2 1 1 232 979 231
650 2 2 1 1 514 980 513
651 2 2 1 1 224 1048 223
652 2 2 1 1 654 781 726
653 2 2 1 1 869 1032 722
654 2 2 1 1 493 1023 492
655 2 2 1 1 530 1007 793
656 2 2 1 1 104 894 103
657 2 2 1 1 162 903 161
658 2 2 1 1 432 925 433
659 2 2 1 1 486 930 487
660 2 2 1 1 503 837 504
661 2 2 1 1 1244 1248 760
662 2 2 1 1 986 1282 381
663 2 2 1 1 660 1108 404
664 2 2 1 1 751 761 608
665 2 2 1 1 612 1212 746
666 2 2 1 1 694 1177 974
667 2 2 1 1 718 762 506
668 2 2 1 1 673 837 503
669 2 2 1 1 532 719 533
670 2 2 1 1 958 1110 778
671 2 2 1 1 3 1235 553
672 2 2 1 1 594 1193 264
673 2 2 1 1 665 870 757
674 2 2 1 1 1011 1157 402
675 2 2 1 1 1057 1185 678
676 2 2 1 1 402 1108 1011
677 2 2 1 1 743 1044 683
678 2 2 1 1 1041 1258 626
679 2 2 1 1 607 1175 771
680 2 2 1 1 423 706 422
681 2 2 1 1 385 1241 386
682 2 2 1 1 1046 1136 691
683 2 2 1 1 122 1042 121
684 2 2 1 1 124 1042 123
685 2 2 1 1 912 986 381
686 2 2 1 1 72 1155 71
687 2 2 1 1 451 1040 452
688 2 2 1 1 19 1016 18
689 2 2 1 1 488 1017 489
690 2 2 1 1 1066 1193 594
691 2 2 1 1 962 1150 739
692 2 2 1 1 754 1075 523
693 2 2 1 1 551 1198 874
694 2 2 1 1 703 870 665
695 2 2 1 1 630 994 885
696 2 2 1 1 656 1035 736
697 2 2 1 1 536 719 606
698 2 2 1 1 43 1308 42
699 2 2 1 1 427 1034 428
700 2 2 1 1 771 1175 981
701 2 2 1 1 1003 1109 796
702 2 2 1 1 1030 1049 680
703 2 2 1 1 273 870 272
704 2 2 1 1 117 897 116
705 2 2 1 1 651 974 676
706 2 2 1 1 537 956 946
707 2 2 1 1 116 1101 115
708 2 2 1 1 1004 1064 612
709 2 2 1 1 663 1248 1244
710 2 2 1 1 548 981 547
711 2 2 1 1 554 1235 3
712 2 2 1 1 523 1221 754
713 2 2 1 1 6 763 599
714 2 2 1 1 944 1249 618
715 2 2 1 1 618 1183 1067
716 2 2 1 1 952 1221 523
717 2 2 1 1 1187 1251 1095
718 2 2 1 1 762 1045 506
719 2 2 1 1 691 1136 690
720 2 2 1 1 654 726 639
721 2 2 1 1 739 1240 959
722 2 2 1 1 432 755 431
723 2 2 1 1 438 755 437
724 2 2 1 1 504 837 505
725 2 2 1 1 263 1193 793
726 2 2 1 1 677 755 438
727 2 2 1 1 1180 1303 639
728 2 2 1 1 520 1006 868
729 2 2 1 1 503 750 502
730 2 2 1 1 113 1138 112
731 2 2 1 1 404 1108 403
732 2 2 1 1 767 1032 621
733 2 2 1 1 878 1064 778
734 2 2 1 1 974 1177 676
735 2 2 1 1 995 1185 1057
736 2 2 1 1 707 944 785
737 2 2 1 1 575 1026 36
738 2 2 1 1 735 1027 945
739 2 2 1 1 885 994 469
740 2 2 1 1 722 1032 767
741 2 2 1 1 1004 1176 528
742 2 2 1 1 605 997 529
743 2 2 1 1 678 1225 1036
744 2 2 1 1 631 1118 694
745 2 2 1 1 561 988 4
746 2 2 1 1 559 751 558
747 2 2 1 1 623 660 616
748 2 2 1 1 543 1076 542
749 2 2 1 1 752 862 621
750 2 2 1 1 1076 1288 542
751 2 2 1 1 1028 1308 753
752 2 2 1 1 752 1216 862
753 2 2 1 1 1008 1237 364
754 2 2 1 1 694 974 631
755 2 2 1 1 526 1199 527
756 2 2 1 1 768 1255 1179
757 2 2 1 1 713 1118 631
758 2 2 1 1 442 705 441
759 2 2 1 1 736 1035 952
760 2 2 1 1 572 729 571
761 2 2 1 1 836 1080 696
762 2 2 1 1 994 1038 732
763 2 2 1 1 623 978 692
764 2 2 1 1 797 884 709
765 2 2 1 1 1061 1158 613
766 2 2 1 1 1031 1248 663
767 2 2 1 1 683 1044 868
768 2 2 1 1 486 1283 485
769 2 2 1 1 257 993 256
770 2 2 1 1 950 1190 519
771 2 2 1 1 713 907 235
772 2 2 1 1 235 908 713
773 2 2 1 1 711 899 141
774 2 2 1 1 141 900 711
775 2 2 1 1 622 977 690
776 2 2 1 1 619 967 702
777 2 2 1 1 640 1014 534
778 2 2 1 1 958 1281 1110
779 2 2 1 1 69 992 68
780 2 2 1 1 426 727 427
781 2 2 1 1 1044 1294 1035
782 2 2 1 1 725 1099 680
783 2 2 1 1 4 988 560
784 2 2 1 1 648 1293 626
785 2 2 1 1 1073 1171 760
786 2 2 1 1 535 762 534
787 2 2 1 1 609 1088 1070
788 2 2 1 1 284 1130 293
789 2 2 1 1 1018 1103 1102
790 2 2 1 1 725 1280 1092
791 2 2 1 1 137 708 136
792 2 2 1 1 556 948 555
793 2 2 1 1 625 1015 742
794 2 2 1 1 702 788 619
795 2 2 1 1 98 991 97
796 2 2 1 1 1038 1187 1095
797 2 2 1 1 36 953 573
798 2 2 1 1 502 723 501
799 2 2 1 1 948 1095 733
800 2 2 1 1 220 989 219
801 2 2 1 1 620 1015 784
802 2 2 1 1 754 1028 753
803 2 2 1 1 537 946 606
804 2 2 1 1 1067 1085 481
805 2 2 1 1 281 1194 910
806 2 2 1 1 937 1086 498
807 2 2 1 1 621 1311 767
808 2 2 1 1 565 730 564
809 2 2 1 1 536 965 535
810 2 2 1 1 382 1241 383
811 2 2 1 1 1045 1154 506
812 2 2 1 1 671 1172 662
813 2 2 1 1 778 1192 958
814 2 2 1 1 586 985 585
815 2 2 1 1 603 982 604
816 2 2 1 1 752 768 681
817 2 2 1 1 709 884 652
818 2 2 1 1 515 741 514
819 2 2 1 1 764 1244 961
820 2 2 1 1 42 1109 1003
821 2 2 1 1 539 782 538
822 2 2 1 1 534 1014 533
823 2 2 1 1 616 644 623
824 2 2 1 1 1019 1163 863
825 2 2 1 1 740 1289 969
826 2 2 1 1 786 1049 1030
827 2 2 1 1 680 1099 886
828 2 2 1 1 615 943 633
829 2 2 1 1 18 884 17
830 2 2 1 1 470 885 469
831 2 2 1 1 411 918 410
832 2 2 1 1 489 935 490
833 2 2 1 1 494 938 495
834 2 2 1 1 533 1207 534
835 2 2 1 1 731 808 747
836 2 2 1 1 1067 1183 664
837 2 2 1 1 792 1240 682
838 2 2 1 1 789 994 732
839 2 2 1 1 732 1021 789
840 2 2 1 1 125 1201 124
841 2 2 1 1 874 1070 551
842 2 2 1 1 974 1024 631
843 2 2 1 1 690 815 691
844 2 2 1 1 272 745 271
845 2 2 1 1 789 1021 614
846 2 2 1 1 1062 1203 1061
847 2 2 1 1 981 1110 547
848 2 2 1 1 1092 1280 795
849 2 2 1 1 342 1047 341
850 2 2 1 1 580 1019 579
851 2 2 1 1 578 1020 577
852 2 2 1 1 633 969 615
853 2 2 1 1 524 1264 1263
854 2 2 1 1 625 1214 1015
855 2 2 1 1 753 774 754
856 2 2 1 1 640 762 718
857 2 2 1 1 608 1213 1062
858 2 2 1 1 747 1225 678
859 2 2 1 1 175 977 174
860 2 2 1 1 198 978 197
861 2 2 1 1 231 979 230
862 2 2 1 1 513 980 512
863 2 2 1 1 54 975 53
864 2 2 1 1 79 976 78
865 2 2 1 1 225 1048 224
866 2 2 1 1 503 940 673
867 2 2 1 1 683 1286 743
868 2 2 1 1 779 1056 626
869 2 2 1 1 742 1015 620
870 2 2 1 1 1070 1088 550
871 2 2 1 1 154 902 901
872 2 2 1 1 821 906 212
873 2 2 1 1 166 905 904
874 2 2 1 1 916 919 409
875 2 2 1 1 630 1038 994
876 2 2 1 1 363 1222 364
877 2 2 1 1 469 1089 929
878 2 2 1 1 1064 1192 778
879 2 2 1 1 961 1244 760
880 2 2 1 1 1036 1057 678
881 2 2 1 1 121 898 120
882 2 2 1 1 73 893 72
883 2 2 1 1 778 1175 878
884 2 2 1 1 743 1003 796
885 2 2 1 1 12 889 11
886 2 2 1 1 103 894 102
887 2 2 1 1 154 901 153
888 2 2 1 1 161 903 160
889 2 2 1 1 167 905 166
890 2 2 1 1 212 906 211
891 2 2 1 1 281 910 280
892 2 2 1 1 405 914 404
893 2 2 1 1 405 913 406
894 2 2 1 1 408 917 407
895 2 2 1 1 408 916 409
896 2 2 1 1 418 922 417
897 2 2 1 1 418 921 419
898 2 2 1 1 421 923 422
899 2 2 1 1 431 925 432
900 2 2 1 1 485 930 486
901 2 2 1 1 497 939 496
902 2 2 1 1 497 937 498
903 2 2 1 1 502 940 503
904 2 2 1 1 868 1006 683
905 2 2 1 1 952 1035 796
906 2 2 1 1 1005 1238 539
907 2 2 1 1 652 884 729
908 2 2 1 1 771 1287 607
909 2 2 1 1 689 977 622
910 2 2 1 1 683 1150 790
911 2 2 1 1 1091 1173 1027
912 2 2 1 1 974 1212 1024
913 2 2 1 1 659 957 629
914 2 2 1 1 521 1223 876
915 2 2 1 1 419 1182 420
916 2 2 1 1 269 745 597
917 2 2 1 1 644 1136 1046
918 2 2 1 1 1021 1036 614
919 2 2 1 1 613 1063 1061
920 2 2 1 1 598 1179 283
921 2 2 1 1 751 982 761
922 2 2 1 1 381 1282 1195
923 2 2 1 1 525 1104 968
924 2 2 1 1 969 1289 615
925 2 2 1 1 287 1233 286
926 2 2 1 1 876 1097 521
927 2 2 1 1 531 719 532
928 2 2 1 1 626 1293 1041
929 2 2 1 1 950 1093 682
930 2 2 1 1 835 836 696
931 2 2 1 1 509 1114 510
932 2 2 1 1 511 1115 512
933 2 2 1 1 513 1115 514
934 2 2 1 1 778 1110 981
935 2 2 1 1 726 1253 522
936 2 2 1 1 972 1099 725
937 2 2 1 1 69 1155 992
938 2 2 1 1 626 951 648
939 2 2 1 1 448 748 447
940 2 2 1 1 239 1118 238
941 2 2 1 1 476 1119 477
942 2 2 1 1 106 1116 105
943 2 2 1 1 145 1117 144
944 2 2 1 1 674 1279 698
945 2 2 1 1 100 1012 99
946 2 2 1 1 1018 1102 784
947 2 2 1 1 492 1023 491
948 2 2 1 1 629 1289 740
949 2 2 1 1 690 1136 622
950 2 2 1 1 452 1037 435
951 2 2 1 1 765 1036 1021
952 2 2 1 1 952 1074 736
953 2 2 1 1 621 942 752
954 2 2 1 1 412 1307 413
955 2 2 1 1 529 1055 605
956 2 2 1 1 617 974 651
957 2 2 1 1 108 1094 107
958 2 2 1 1 650 713 631
959 2 2 1 1 436 1037 926
960 2 2 1 1 626 1258 779
961 2 2 1 1 1045 1187 630
962 2 2 1 1 412 920 918
963 2 2 1 1 934 938 493
964 2 2 1 1 1072 1287 771
965 2 2 1 1 267 1111 266
966 2 2 1 1 629 740 659
967 2 2 1 1 551 1070 550
968 2 2 1 1 984 1258 780
969 2 2 1 1 481 1167 1067
970 2 2 1 1 796 1221 952
971 2 2 1 1 740 960 659
972 2 2 1 1 1061 1063 608
973 2 2 1 1 963 1235 537
974 2 2 1 1 730 882 564
975 2 2 1 1 539 1238 782
976 2 2 1 1 633 1167 1065
977 2 2 1 1 994 1089 469
978 2 2 1 1 606 1245 536
979 2 2 1 1 883 942 621
980 2 2 1 1 868 1044 656
981 2 2 1 1 550 1088 549
982 2 2 1 1 959 1123 40
983 2 2 1 1 573 953 572
984 2 2 1 1 707 1260 984
985 2 2 1 1 656 1044 1035
986 2 2 1 1 258 1134 257
987 2 2 1 1 44 1308 43
988 2 2 1 1 661 1103 791
989 2 2 1 1 610 1214 998
990 2 2 1 1 115 1101 114
991 2 2 1 1 827 1230 252
992 2 2 1 1 765 1068 1057
993 2 2 1 1 780 1258 1041
994 2 2 1 1 760 1171 961
995 2 2 1 1 643 1225 1012
996 2 2 1 1 221 1135 220
997 2 2 1 1 223 1135 222
998 2 2 1 1 726 1180 639
999 2 2 1 1 704 1166 794
1000 2 2 1 1 961 1191 764
1001 2 2 1 1 595 1066 594
1002 2 2 1 1 881 1240 1150
1003 2 2 1 1 439 1202 438
1004 2 2 1 1 441 1202 440
1005 2 2 1 1 559 1105 751
1006 2 2 1 1 592 1078 41
1007 2 2 1 1 876 1223 869
1008 2 2 1 1 455 1209 454
1009 2 2 1 1 285 1130 284
1010 2 2 1 1 37 1073 582
1011 2 2 1 1 1172 1234 662
1012 2 2 1 1 615 1309 943
1013 2 2 1 1 782 1232 538
1014 2 2 1 1 1069 1099 665
1015 2 2 1 1 995 1265 756
1016 2 2 1 1 751 1060 558
1017 2 2 1 1 197 1140 196
1018 2 2 1 1 740 969 635
1019 2 2 1 1 737 1187 1045
1020 2 2 1 1 482 1065 481
1021 2 2 1 1 1222 1269 728
1022 2 2 1 1 1150 1240 739
1023 2 2 1 1 29 776 28
1024 2 2 1 1 340 830 339
1025 2 2 1 1 682 1190 950
1026 2 2 1 1 535 965 762
1027 2 2 1 1 548 1200 981
1028 2 2 1 1 731 747 678
1029 2 2 1 1 765 1057 1036
1030 2 2 1 1 603 1074 952
1031 2 2 1 1 508 1154 1114
1032 2 2 1 1 981 1175 778
1033 2 2 1 1 613 1185 1063
1034 2 2 1 1 674 711 628
1035 2 2 1 1 49 1218 48
1036 2 2 1 1 95 1220 94
1037 2 2 1 1 97 1220 96
1038 2 2 1 1 986 1165 947
1039 2 2 1 1 757 1107 665
1040 2 2 1 1 610 1304 1018
1041 2 2 1 1 521 1097 1096
1042 2 2 1 1 596 1111 1092
1043 2 2 1 1 863 1073 760
1044 2 2 1 1 1036 1225 614
1045 2 2 1 1 403 1108 402
1046 2 2 1 1 24 890 23
1047 2 2 1 1 74 892 73
1048 2 2 1 1 109 895 108
1049 2 2 1 1 120 896 119
1050 2 2 1 1 157 902 156
1051 2 2 1 1 164 904 163
1052 2 2 1 1 382 912 381
1053 2 2 1 1 411 919 412
1054 2 2 1 1 413 920 412
1055 2 2 1 1 428 924 427
1056 2 2 1 1 436 926 437
1057 2 2 1 1 451 964 450
1058 2 2 1 1 456 927 457
1059 2 2 1 1 457 928 456
1060 2 2 1 1 489 931 488
1061 2 2 1 1 492 934 493
1062 2 2 1 1 494 936 493
1063 2 2 1 1 507 941 506
1064 2 2 1 1 621 1032 883
1065 2 2 1 1 522 1120 602
1066 2 2 1 1 217 1227 216
1067 2 2 1 1 219 1227 218
1068 2 2 1 1 886 1030 680
1069 2 2 1 1 590 1143 962
1070 2 2 1 1 588 1142 959
1071 2 2 1 1 962 1142 589
1072 2 2 1 1 483 1149 482
1073 2 2 1 1 738 1288 1076
1074 2 2 1 1 522 1131 883
1075 2 2 1 1 602 1025 522
1076 2 2 1 1 886 1099 1069
1077 2 2 1 1 729 953 652
1078 2 2 1 1 981 1200 771
1079 2 2 1 1 1027 1173 945
1080 2 2 1 1 1208 1242 766
1081 2 2 1 1 796 1294 743
1082 2 2 1 1 1061 1203 1158
1083 2 2 1 1 735 1280 1049
1084 2 2 1 1 1005 1091 666
1085 2 2 1 1 271 745 269
1086 2 2 1 1 780 1072 707
1087 2 2 1 1 450 1284 1090
1088 2 2 1 1 869 1120 1032
1089 2 2 1 1 20 1016 19
1090 2 2 1 1 487 1017 488
1091 2 2 1 1 682 1240 1190
1092 2 2 1 1 638 1198 551
1093 2 2 1 1 790 1286 683
1094 2 2 1 1 1063 1185 995
1095 2 2 1 1 447 748 446
1096 2 2 1 1 463 1153 464
1097 2 2 1 1 465 1153 466
1098 2 2 1 1 514 1087 515
1099 2 2 1 1 337 1152 338
1100 2 2 1 1 1062 1213 1071
1101 2 2 1 1 704 1091 1005
1102 2 2 1 1 681 1216 752
1103 2 2 1 1 766 1193 1066
1104 2 2 1 1 988 1105 560
1105 2 2 1 1 608 1060 751
1106 2 2 1 1 1071 1213 624
1107 2 2 1 1 596 1092 265
1108 2 2 1 1 704 1173 1091
1109 2 2 1 1 1012 1225 747
1110 2 2 1 1 163 1033 162
1111 2 2 1 1 428 1034 429
1112 2 2 1 1 342 1228 343
1113 2 2 1 1 735 1148 1027
1114 2 2 1 1 39 1106 586
1115 2 2 1 1 10 1261 9
1116 2 2 1 1 522 1025 726
1117 2 2 1 1 680 1280 725
1118 2 2 1 1 945 1208 735
1119 2 2 1 1 260 1137 259
1120 2 2 1 1 66 1205 65
1121 2 2 1 1 68 1205 67
1122 2 2 1 1 252 909 676
1123 2 2 1 1 930 1017 487
1124 2 2 1 1 819 978 623
1125 2 2 1 1 617 1212 974
1126 2 2 1 1 195 1141 194
1127 2 2 1 1 722 1248 1031
1128 2 2 1 1 883 1120 522
1129 2 2 1 1 51 1219 50
1130 2 2 1 1 53 1219 52
1131 2 2 1 1 207 1125 206
1132 2 2 1 1 441 1127 442
1133 2 2 1 1 205 1126 204
1134 2 2 1 1 443 1128 444
1135 2 2 1 1 639 1303 968
1136 2 2 1 1 1158 1203 758
1137 2 2 1 1 711 1117 688
1138 2 2 1 1 752 1255 768
1139 2 2 1 1 158 1113 157
1140 2 2 1 1 569 759 568
1141 2 2 1 1 625 1299 1214
1142 2 2 1 1 335 744 334
1143 2 2 1 1 1024 1212 612
1144 2 2 1 1 364 777 363
1145 2 2 1 1 731 1185 613
1146 2 2 1 1 728 1269 697
1147 2 2 1 1 630 885 642
1148 2 2 1 1 869 1031 876
1149 2 2 1 1 704 1181 1166
1150 2 2 1 1 1067 1167 785
1151 2 2 1 1 795 1280 735
1152 2 2 1 1 692 1129 623
1153 2 2 1 1 666 1238 1005
1154 2 2 1 1 998 1246 877
1155 2 2 1 1 614 1151 789
1156 2 2 1 1 660 1184 616
1157 2 2 1 1 572 953 729
1158 2 2 1 1 904 905 670
1159 2 2 1 1 1170 1238 786
1160 2 2 1 1 524 1263 1105
1161 2 2 1 1 1049 1148 735
1162 2 2 1 1 1071 1203 1062
1163 2 2 1 1 610 1186 1001
1164 2 2 1 1 947 1165 622
1165 2 2 1 1 670 689 622
1166 2 2 1 1 665 1099 703
1167 2 2 1 1 1032 1120 883
1168 2 2 1 1 743 1294 1044
1169 2 2 1 1 80 1267 79
1170 2 2 1 1 147 1268 146
1171 2 2 1 1 174 1270 173
1172 2 2 1 1 176 1271 175
1173 2 2 1 1 199 1272 198
1174 2 2 1 1 226 1273 225
1175 2 2 1 1 512 1276 511
1176 2 2 1 1 453 1156 716
1177 2 2 1 1 1035 1294 796
1178 2 2 1 1 402 1157 714
1179 2 2 1 1 619 875 632
1180 2 2 1 1 538 1232 1
1181 2 2 1 1 946 1245 606
1182 2 2 1 1 1 1232 569
1183 2 2 1 1 1024 1246 631
1184 2 2 1 1 627 874 728
1185 2 2 1 1 764 1191 1098
1186 2 2 1 1 998 1186 610
1187 2 2 1 1 564 882 563
1188 2 2 1 1 1093 1244 764
1189 2 2 1 1 760 1248 863
1190 2 2 1 1 696 1080 641
1191 2 2 1 1 732 1095 1022
1192 2 2 1 1 678 1185 731
1193 2 2 1 1 520 1254 1006
1194 2 2 1 1 967 1119 702
1195 2 2 1 1 897 1101 116
1196 2 2 1 1 632 1139 1101
1197 2 2 1 1 737 1245 946
1198 2 2 1 1 1102 1103 661
1199 2 2 1 1 676 827 252
1200 2 2 1 1 1064 1252 612
1201 2 2 1 1 650 907 713
1202 2 2 1 1 1025 1180 726
1203 2 2 1 1 628 1279 674
1204 2 2 1 1 950 1259 876
1205 2 2 1 1 112 1138 111
1206 2 2 1 1 114 1139 113
1207 2 2 1 1 1028 1109 42
1208 2 2 1 1 624 1075 754
1209 2 2 1 1 1038 1095 732
1210 2 2 1 1 450 964 715
1211 2 2 1 1 425 1291 424
1212 2 2 1 1 632 967 619
1213 2 2 1 1 549 1200 548
1214 2 2 1 1 560 1105 559
1215 2 2 1 1 1015 1214 610
1216 2 2 1 1 670 905 689
1217 2 2 1 1 663 1093 950
1218 2 2 1 1 422 922 421
1219 2 2 1 1 425 923 426
1220 2 2 1 1 958 1192 1076
1221 2 2 1 1 40 1123 587
1222 2 2 1 1 1049 1280 680
1223 2 2 1 1 785 1260 707
1224 2 2 1 1 641 1014 640
1225 2 2 1 1 466 734 467
1226 2 2 1 1 516 741 515
1227 2 2 1 1 666 1091 1027
1228 2 2 1 1 1214 1299 998
1229 2 2 1 1 871 1210 1070
1230 2 2 1 1 189 1297 188
1231 2 2 1 1 475 1298 474
1232 2 2 1 1 1263 1264 982
1233 2 2 1 1 1065 1167 481
1234 2 2 1 1 616 1136 644
1235 2 2 1 1 123 1042 122
1236 2 2 1 1 628 711 688
1237 2 2 1 1 333 1147 468
1238 2 2 1 1 751 1263 982
1239 2 2 1 1 763 1295 599
1240 2 2 1 1 506 1154 507
1241 2 2 1 1 71 1155 70
1242 2 2 1 1 874 1234 871
1243 2 2 1 1 627 1234 874
1244 2 2 1 1 450 1040 451
1245 2 2 1 1 653 987 880
1246 2 2 1 1 99 1012 991
1247 2 2 1 1 566 1097 565
1248 2 2 1 1 9 1100 8
1249 2 2 1 1 589 1142 588
1250 2 2 1 1 591 1143 590
1251 2 2 1 1 438 1202 677
1252 2 2 1 1 863 1248 722
1253 2 2 1 1 453 1215 1156
1254 2 2 1 1 1027 1148 666
1255 2 2 1 1 971 1188 291
1256 2 2 1 1 1190 1240 881
1257 2 2 1 1 341 1047 340
1258 2 2 1 1 265 1121 595
1259 2 2 1 1 1001 1186 877
1260 2 2 1 1 773 1178 629
1261 2 2 1 1 785 1167 943
1262 2 2 1 1 586 1106 985
1263 2 2 1 1 609 1249 944
1264 2 2 1 1 427 1112 426
1265 2 2 1 1 334 744 333
1266 2 2 1 1 480 744 335
1267 2 2 1 1 881 1150 1006
1268 2 2 1 1 425 1112 675
1269 2 2 1 1 999 1215 1209
1270 2 2 1 1 2 1250 544
1271 2 2 1 1 547 1110 546
1272 2 2 1 1 643 1094 669
1273 2 2 1 1 995 1196 1063
1274 2 2 1 1 608 1062 1061
1275 2 2 1 1 1007 1305 793
1276 2 2 1 1 877 1246 1024
1277 2 2 1 1 943 1167 633
1278 2 2 1 1 1131 1253 293
1279 2 2 1 1 545 1250 2
1280 2 2 1 1 945 1242 1208
1281 2 2 1 1 450 1090 1040
1282 2 2 1 1 975 1071 774
1283 2 2 1 1 656 1043 868
1284 2 2 1 1 1030 1278 527
1285 2 2 1 1 613 1301 731
1286 2 2 1 1 552 638 551
1287 2 2 1 1 1021 1022 765
1288 2 2 1 1 781 971 726
1289 2 2 1 1 636 1203 1071
1290 2 2 1 1 947 1136 616
1291 2 2 1 1 604 1074 603
1292 2 2 1 1 732 1022 1021
1293 2 2 1 1 542 1288 541
1294 2 2 1 1 887 1045 630
1295 2 2 1 1 611 1103 1018
1296 2 2 1 1 525 1029 526
1297 2 2 1 1 611 1287 1041
1298 2 2 1 1 784 1011 620
1299 2 2 1 1 688 901 769
1300 2 2 1 1 620 1129 647
1301 2 2 1 1 291 1188 290
1302 2 2 1 1 746 1212 617
1303 2 2 1 1 681 990 652
1304 2 2 1 1 962 1143 790
1305 2 2 1 1 991 1012 747
1306 2 2 1 1 647 775 620
1307 2 2 1 1 882 1197 563
1308 2 2 1 1 558 1060 557
1309 2 2 1 1 1105 1257 524
1310 2 2 1 1 973 1129 692
1311 2 2 1 1 700 1262 634
1312 2 2 1 1 959 1142 739
1313 2 2 1 1 739 1142 962
1314 2 2 1 1 793 1305 864
1315 2 2 1 1 946 956 733
1316 2 2 1 1 754 774 624
1317 2 2 1 1 764 1224 1093
1318 2 2 1 1 1093 1224 682
1319 2 2 1 1 627 728 697
1320 2 2 1 1 36 1292 953
1321 2 2 1 1 1006 1150 683
1322 2 2 1 1 1049 1290 1148
1323 2 2 1 1 267 1285 1111
1324 2 2 1 1 729 1133 571
1325 2 2 1 1 526 1069 525
1326 2 2 1 1 352 750 353
1327 2 2 1 1 540 1005 539
1328 2 2 1 1 714 916 406
1329 2 2 1 1 717 936 496
1330 2 2 1 1 1008 1222 728
1331 2 2 1 1 565 1097 730
1332 2 2 1 1 675 1039 425
1333 2 2 1 1 585 1098 584
1334 2 2 1 1 709 1261 11
1335 2 2 1 1 733 956 555
1336 2 2 1 1 879 1097 566
1337 2 2 1 1 563 1043 562
1338 2 2 1 1 872 999 865
1339 2 2 1 1 682 1224 792
1340 2 2 1 1 988 1257 1105
1341 2 2 1 1 581 1163 580
1342 2 2 1 1 577 1160 576
1343 2 2 1 1 579 1162 578
1344 2 2 1 1 661 1132 919
1345 2 2 1 1 943 1260 785
1346 2 2 1 1 557 1168 556
1347 2 2 1 1 877 1186 998
1348 2 2 1 1 1026 1292 36
1349 2 2 1 1 786 1290 1049
1350 2 2 1 1 528 1166 1004
1351 2 2 1 1 605 1055 1007
1352 2 2 1 1 797 889 15
1353 2 2 1 1 57 799 798
1354 2 2 1 1 180 815 814
1355 2 2 1 1 183 816 815
1356 2 2 1 1 243 825 824
1357 2 2 1 1 246 826 825
1358 2 2 1 1 277 910 829
1359 2 2 1 1 834 911 351
1360 2 2 1 1 354 835 834
1361 2 2 1 1 839 912 384
1362 2 2 1 1 852 854 460
1363 2 2 1 1 462 855 853
1364 2 2 1 1 1069 1104 525
1365 2 2 1 1 1216 1292 1026
1366 2 2 1 1 556 1168 948
1367 2 2 1 1 571 1133 34
1368 2 2 1 1 568 1029 968
1369 2 2 1 1 1088 1200 549
1370 2 2 1 1 420 1182 421
1371 2 2 1 1 612 1252 877
1372 2 2 1 1 1068 1265 1057
1373 2 2 1 1 642 885 857
1374 2 2 1 1 669 875 619
1375 2 2 1 1 1158 1301 613
1376 2 2 1 1 1178 1289 629
1377 2 2 1 1 707 1072 944
1378 2 2 1 1 603 1217 982
1379 2 2 1 1 1020 1160 577
1380 2 2 1 1 580 1163 1019
1381 2 2 1 1 1019 1162 579
1382 2 2 1 1 578 1162 1020
1383 2 2 1 1 493 936 873
1384 2 2 1 1 897 898 635
1385 2 2 1 1 784 1157 1011
1386 2 2 1 1 600 1194 283
1387 2 2 1 1 568 968 567
1388 2 2 1 1 553 867 552
1389 2 2 1 1 735 1208 795
1390 2 2 1 1 1076 1192 738
1391 2 2 1 1 406 913 714
1392 2 2 1 1 496 939 717
1393 2 2 1 1 11 889 709
1394 2 2 1 1 478 744 479
1395 2 2 1 1 725 1111 972
1396 2 2 1 1 901 902 769
1397 2 2 1 1 455 1266 1209
1398 2 2 1 1 431 1189 430
1399 2 2 1 1 817 1046 691
1400 2 2 1 1 553 1235 867
1401 2 2 1 1 1103 1293 791
1402 2 2 1 1 637 1301 1158
1403 2 2 1 1 583 1171 37
1404 2 2 1 1 508 1114 509
1405 2 2 1 1 512 1115 513
1406 2 2 1 1 1041 1287 780
1407 2 2 1 1 635 1215 999
1408 2 2 1 1 364 1237 1236
1409 2 2 1 1 982 1217 761
1410 2 2 1 1 684 799 685
1411 2 2 1 1 876 1031 663
1412 2 2 1 1 968 1029 525
1413 2 2 1 1 593 1174 592
1414 2 2 1 1 619 1146 669
1415 2 2 1 1 107 1116 106
1416 2 2 1 1 146 1117 145
1417 2 2 1 1 240 1118 239
1418 2 2 1 1 477 1119 478
1419 2 2 1 1 1110 1281 546
1420 2 2 1 1 634 1262 866
1421 2 2 1 1 1041 1293 1103
1422 2 2 1 1 622 1136 947
1423 2 2 1 1 457 1124 458
1424 2 2 1 1 965 1245 737
1425 2 2 1 1 854 1153 463
1426 2 2 1 1 216 1227 822
1427 2 2 1 1 982 1264 604
1428 2 2 1 1 94 1220 807
1429 2 2 1 1 857 859 642
1430 2 2 1 1 1006 1254 881
1431 2 2 1 1 584 1191 38
1432 2 2 1 1 756 1168 1060
1433 2 2 1 1 631 1299 650
1434 2 2 1 1 759 1029 568
1435 2 2 1 1 715 1284 450
1436 2 2 1 1 541 1288 787
1437 2 2 1 1 806 1306 805
1438 2 2 1 1 567 1303 566
1439 2 2 1 1 875 1139 632
1440 2 2 1 1 15 889 14
1441 2 2 1 1 21 890 20
1442 2 2 1 1 27 891 26
1443 2 2 1 1 30 776 29
1444 2 2 1 1 57 798 56
1445 2 2 1 1 62 800 61
1446 2 2 1 1 82 802 81
1447 2 2 1 1 136 811 135
1448 2 2 1 1 139 899 138
1449 2 2 1 1 144 900 143
1450 2 2 1 1 149 812 148
1451 2 2 1 1 172 813 171
1452 2 2 1 1 178 814 177
1453 2 2 1 1 181 815 180
1454 2 2 1 1 184 816 183
1455 2 2 1 1 191 818 190
1456 2 2 1 1 201 820 200
1457 2 2 1 1 209 906 208
1458 2 2 1 1 228 823 227
1459 2 2 1 1 233 907 232
1460 2 2 1 1 238 908 237
1461 2 2 1 1 243 824 242
1462 2 2 1 1 246 825 245
1463 2 2 1 1 255 909 254
1464 2 2 1 1 278 910 277
1465 2 2 1 1 339 830 338
1466 2 2 1 1 341 831 342
1467 2 2 1 1 343 832 342
1468 2 2 1 1 349 833 350
1469 2 2 1 1 351 911 350
1470 2 2 1 1 354 834 353
1471 2 2 1 1 357 835 356
1472 2 2 1 1 361 777 360
1473 2 2 1 1 360 838 361
1474 2 2 1 1 390 841 389
1475 2 2 1 1 389 842 390
1476 2 2 1 1 398 811 397
1477 2 2 1 1 397 848 398
1478 2 2 1 1 402 913 403
1479 2 2 1 1 416 920 415
1480 2 2 1 1 415 921 416
1481 2 2 1 1 421 922 420
1482 2 2 1 1 424 923 425
1483 2 2 1 1 439 926 440
1484 2 2 1 1 444 849 443
1485 2 2 1 1 453 927 454
1486 2 2 1 1 460 854 461
1487 2 2 1 1 462 853 461
1488 2 2 1 1 465 855 464
1489 2 2 1 1 466 856 465
1490 2 2 1 1 475 860 476
1491 2 2 1 1 477 861 476
1492 2 2 1 1 480 1315 479
1493 2 2 1 1 482 930 483
1494 2 2 1 1 500 939 499
1495 2 2 1 1 499 940 500
1496 2 2 1 1 510 941 509
1497 2 2 1 1 516 1316 517
1498 2 2 1 1 662 938 671
1499 2 2 1 1 630 1187 1038
1500 2 2 1 1 780 1287 1072
1501 2 2 1 1 282 1194 281
1502 2 2 1 1 647 906 821
1503 2 2 1 1 759 1232 782
1504 2 2 1 1 862 1311 621
1505 2 2 1 1 479 744 480
1506 2 2 1 1 878 1175 607
1507 2 2 1 1 576 1161 575
1508 2 2 1 1 582 1164 581
1509 2 2 1 1 749 1048 693
1510 2 2 1 1 532 880 531
1511 2 2 1 1 782 1199 759
1512 2 2 1 1 1209 1215 453
1513 2 2 1 1 738 1064 1004
1514 2 2 1 1 616 1296 947
1515 2 2 1 1 644 819 623
1516 2 2 1 1 1074 1122 736
1517 2 2 1 1 669 1146 643
1518 2 2 1 1 651 1305 617
1519 2 2 1 1 1156 1215 633
1520 2 2 1 1 293 1253 971
1521 2 2 1 1 741 911 696
1522 2 2 1 1 264 1193 263
1523 2 2 1 1 1092 1121 265
1524 2 2 1 1 289 1179 288
1525 2 2 1 1 364 1222 1008
1526 2 2 1 1 792 1224 985
1527 2 2 1 1 625 749 693
1528 2 2 1 1 792 1123 959
1529 2 2 1 1 1100 1295 763
1530 2 2 1 1 642 887 630
1531 2 2 1 1 625 693 650
1532 2 2 1 1 945 1173 997
1533 2 2 1 1 793 1137 261
1534 2 2 1 1 381 1195 382
1535 2 2 1 1 637 1158 888
1536 2 2 1 1 1130 1131 293
1537 2 2 1 1 1057 1265 995
1538 2 2 1 1 652 990 709
1539 2 2 1 1 506 941 718
1540 2 2 1 1 569 1232 759
1541 2 2 1 1 756 1196 995
1542 2 2 1 1 658 706 649
1543 2 2 1 1 946 1251 737
1544 2 2 1 1 968 1104 639
1545 2 2 1 1 599 1295 598
1546 2 2 1 1 41 1206 591
1547 2 2 1 1 555 956 554
1548 2 2 1 1 1003 1174 593
1549 2 2 1 1 635 898 740
1550 2 2 1 1 595 1121 1066
1551 2 2 1 1 544 1277 543
1552 2 2 1 1 985 1106 792
1553 2 2 1 1 126 1201 125
1554 2 2 1 1 362 1222 363
1555 2 2 1 1 1013 1255 752
1556 2 2 1 1 124 1201 960
1557 2 2 1 1 1043 1256 562
1558 2 2 1 1 706 1291 1039
1559 2 2 1 1 948 1168 1159
1560 2 2 1 1 788 1151 619
1561 2 2 1 1 624 1213 1075
1562 2 2 1 1 769 1113 712
1563 2 2 1 1 738 1192 1064
1564 2 2 1 1 627 697 673
1565 2 2 1 1 541 1181 540
1566 2 2 1 1 575 1161 1026
1567 2 2 1 1 794 1173 704
1568 2 2 1 1 1011 1129 620
1569 2 2 1 1 259 1134 258
1570 2 2 1 1 587 1226 39
1571 2 2 1 1 1073 1164 582
1572 2 2 1 1 688 769 628
1573 2 2 1 1 27 1009 891
1574 2 2 1 1 766 1242 530
1575 2 2 1 1 640 696 641
1576 2 2 1 1 1060 1168 557
1577 2 2 1 1 650 1299 625
1578 2 2 1 1 65 1204 64
1579 2 2 1 1 661 919 916
1580 2 2 1 1 742 749 625
1581 2 2 1 1 736 1256 656
1582 2 2 1 1 546 1281 545
1583 2 2 1 1 222 1135 221
1584 2 2 1 1 873 1023 493
1585 2 2 1 1 37 1171 1073
1586 2 2 1 1 34 1009 570
1587 2 2 1 1 971 1253 726
1588 2 2 1 1 663 1244 1093
1589 2 2 1 1 629 957 679
1590 2 2 1 1 537 1235 956
1591 2 2 1 1 354 750 355
1592 2 2 1 1 528 1169 1166
1593 2 2 1 1 597 1211 268
1594 2 2 1 1 774 1071 624
1595 2 2 1 1 440 1202 439
1596 2 2 1 1 665 1104 1069
1597 2 2 1 1 745 1211 597
1598 2 2 1 1 562 1310 561
1599 2 2 1 1 454 1209 453
1600 2 2 1 1 604 1264 524
1601 2 2 1 1 20 890 710
1602 2 2 1 1 714 913 402
1603 2 2 1 1 716 927 453
1604 2 2 1 1 1005 1181 704
1605 2 2 1 1 652 1216 681
1606 2 2 1 1 1041 1103 611
1607 2 2 1 1 531 963 719
1608 2 2 1 1 1078 1206 41
1609 2 2 1 1 443 849 705
1610 2 2 1 1 196 1140 195
1611 2 2 1 1 602 1223 521
1612 2 2 1 1 632 865 699
1613 2 2 1 1 703 1099 972
1614 2 2 1 1 712 1165 769
1615 2 2 1 1 886 1278 1030
1616 2 2 1 1 728 1198 987
1617 2 2 1 1 960 1042 124
1618 2 2 1 1 34 1133 1009
1619 2 2 1 1 697 837 673
1620 2 2 1 1 947 1282 986
1621 2 2 1 1 969 1215 635
1622 2 2 1 1 38 1243 583
1623 2 2 1 1 684 1071 975
1624 2 2 1 1 882 1259 519
1625 2 2 1 1 255 993 909
1626 2 2 1 1 866 1023 634
1627 2 2 1 1 693 979 650
1628 2 2 1 1 570 776 33
1629 2 2 1 1 592 1174 1078
1630 2 2 1 1 1095 1251 733
1631 2 2 1 1 620 775 742
1632 2 2 1 1 744 1147 333
1633 2 2 1 1 652 1292 1216
1634 2 2 1 1 635 999 872
1635 2 2 1 1 714 1102 661
1636 2 2 1 1 138 899 708
1637 2 2 1 1 805 1306 772
1638 2 2 1 1 761 1217 1075
1639 2 2 1 1 667 1189 755
1640 2 2 1 1 46 753 45
1641 2 2 1 1 714 1157 1102
1642 2 2 1 1 643 1116 1094
1643 2 2 1 1 633 1215 969
1644 2 2 1 1 791 1132 661
1645 2 2 1 1 50 1218 49
1646 2 2 1 1 96 1220 95
1647 2 2 1 1 965 1045 762
1648 2 2 1 1 521 1096 602
1649 2 2 1 1 953 1292 652
1650 2 2 1 1 627 673 662
1651 2 2 1 1 818 1141 819
1652 2 2 1 1 662 1086 937
1653 2 2 1 1 623 783 660
1654 2 2 1 1 719 963 606
1655 2 2 1 1 335 770 336
1656 2 2 1 1 819 1046 818
1657 2 2 1 1 423 1291 706
1658 2 2 1 1 1149 1283 955
1659 2 2 1 1 997 1173 794
1660 2 2 1 1 1190 1254 519
1661 2 2 1 1 872 897 635
1662 2 2 1 1 218 1227 217
1663 2 2 1 1 1146 1151 614
1664 2 2 1 1 561 1310 988
1665 2 2 1 1 710 1016 20
1666 2 2 1 1 670 1165 712
1667 2 2 1 1 907 979 232
1668 2 2 1 1 1017 1183 935
1669 2 2 1 1 672 1107 757
1670 2 2 1 1 686 772 637
1671 2 2 1 1 997 1169 529
1672 2 2 1 1 795 1208 1066
1673 2 2 1 1 706 1083 417
1674 2 2 1 1 484 1149 483
1675 2 2 1 1 757 829 672
1676 2 2 1 1 746 1176 1004
1677 2 2 1 1 1146 1225 643
1678 2 2 1 1 353 750 354
1679 2 2 1 1 647 821 775
1680 2 2 1 1 543 1277 1076
1681 2 2 1 1 1076 1277 958
1682 2 2 1 1 522 1253 1131
1683 2 2 1 1 632 1101 872
1684 2 2 1 1 421 1182 727
1685 2 2 1 1 996 1194 600
1686 2 2 1 1 888 1158 758
1687 2 2 1 1 1066 1208 766
1688 2 2 1 1 1148 1290 666
1689 2 2 1 1 283 1179 289
1690 2 2 1 1 334 770 335
1691 2 2 1 1 336 770 337
1692 2 2 1 1 286 1233 285
1693 2 2 1 1 1014 1236 653
1694 2 2 1 1 1020 1311 1160
1695 2 2 1 1 1075 1217 523
1696 2 2 1 1 839 1279 912
1697 2 2 1 1 1082 1307 791
1698 2 2 1 1 645 1156 955
1699 2 2 1 1 39 1226 1106
1700 2 2 1 1 868 1197 520
1701 2 2 1 1 618 1249 1210
1702 2 2 1 1 283 1194 282
1703 2 2 1 1 1070 1210 609
1704 2 2 1 1 1159 1168 1068
1705 2 2 1 1 772 1306 1301
1706 2 2 1 1 417 922 706
1707 2 2 1 1 727 923 421
1708 2 2 1 1 892 893 73
1709 2 2 1 1 120 898 896
1710 2 2 1 1 456 1266 455
1711 2 2 1 1 793 1193 530
1712 2 2 1 1 523 1217 603
1713 2 2 1 1 364 1236 777
1714 2 2 1 1 665 1107 1104
1715 2 2 1 1 530 1242 605
1716 2 2 1 1 985 1098 585
1717 2 2 1 1 646 951 626
1718 2 2 1 1 789 1151 1089
1719 2 2 1 1 783 1129 1011
1720 2 2 1 1 826 1177 825
1721 2 2 1 1 615 1289 1178
1722 2 2 1 1 955 1283 645
1723 2 2 1 1 896 898 897
1724 2 2 1 1 563 1197 1043
1725 2 2 1 1 602 1096 1025
1726 2 2 1 1 606 963 537
1727 2 2 1 1 1039 1291 425
1728 2 2 1 1 787 1288 1004
1729 2 2 1 1 754 1109 1028
1730 2 2 1 1 1075 1213 761
1731 2 2 1 1 639 1107 654
1732 2 2 1 1 633 1065 955
1733 2 2 1 1 1120 1223 602
1734 2 2 1 1 771 1200 1088
1735 2 2 1 1 208 1079 207
1736 2 2 1 1 388 1081 389
1737 2 2 1 1 396 748 397
1738 2 2 1 1 414 1082 415
1739 2 2 1 1 417 1083 416
1740 2 2 1 1 440 1084 441
1741 2 2 1 1 464 1153 465
1742 2 2 1 1 481 1085 482
1743 2 2 1 1 498 1086 499
1744 2 2 1 1 515 1087 516
1745 2 2 1 1 338 1152 339
1746 2 2 1 1 360 1080 359
1747 2 2 1 1 534 1207 535
1748 2 2 1 1 867 1300 552
1749 2 2 1 1 352 833 750
1750 2 2 1 1 617 1007 746
1751 2 2 1 1 1160 1311 862
1752 2 2 1 1 272 870 745
1753 2 2 1 1 1090 1178 773
1754 2 2 1 1 731 1306 808
1755 2 2 1 1 662 1234 627
1756 2 2 1 1 1048 1135 223
1757 2 2 1 1 33 776 32
1758 2 2 1 1 667 755 677
1759 2 2 1 1 1089 1151 788
1760 2 2 1 1 737 1251 1187
1761 2 2 1 1 609 1239 1088
1762 2 2 1 1 634 1023 873
1763 2 2 1 1 1210 1249 609
1764 2 2 1 1 687 894 104
1765 2 2 1 1 607 1001 878
1766 2 2 1 1 744 1119 967
1767 2 2 1 1 343 1228 344
1768 2 2 1 1 1025 1096 879
1769 2 2 1 1 188 1046 817
1770 2 2 1 1 474 1010 859
1771 2 2 1 1 741 980 514
1772 2 2 1 1 1004 1288 738
1773 2 2 1 1 712 903 162
1774 2 2 1 1 433 925 715
1775 2 2 1 1 1046 1297 818
1776 2 2 1 1 527 1278 526
1777 2 2 1 1 632 872 865
1778 2 2 1 1 699 701 632
1779 2 2 1 1 11 1261 10
1780 2 2 1 1 622 1165 670
1781 2 2 1 1 1011 1108 783
1782 2 2 1 1 668 700 634
1783 2 2 1 1 715 964 433
1784 2 2 1 1 727 1034 427
1785 2 2 1 1 1001 1304 610
1786 2 2 1 1 871 1234 1172
1787 2 2 1 1 878 1252 1064
1788 2 2 1 1 1143 1206 790
1789 2 2 1 1 188 1297 1046
1790 2 2 1 1 474 1298 1010
1791 2 2 1 1 605 1242 997
1792 2 2 1 1 795 1121 1092
1793 2 2 1 1 758 1203 636
1794 2 2 1 1 261 1137 260
1795 2 2 1 1 976 1144 78
1796 2 2 1 1 645 1283 932
1797 2 2 1 1 67 1205 66
1798 2 2 1 1 877 1252 1001
1799 2 2 1 1 701 1147 967
1800 2 2 1 1 194 1141 193
1801 2 2 1 1 52 1219 51
1802 2 2 1 1 581 1164 1163
1803 2 2 1 1 1160 1161 576
1804 2 2 1 1 419 1247 1182
1805 2 2 1 1 618 1210 1172
1806 2 2 1 1 1172 1210 871
1807 2 2 1 1 591 1206 1143
1808 2 2 1 1 517 1058 516
1809 2 2 1 1 529 1169 528
1810 2 2 1 1 206 1125 205
1811 2 2 1 1 442 1127 443
1812 2 2 1 1 520 1197 882
1813 2 2 1 1 783 1108 660
1814 2 2 1 1 733 1251 946
1815 2 2 1 1 874 1198 728
1816 2 2 1 1 653 1237 987
1817 2 2 1 1 204 1126 203
1818 2 2 1 1 444 1128 445
1819 2 2 1 1 987 1008 728
1820 2 2 1 1 649 1296 658
1821 2 2 1 1 912 1279 986
1822 2 2 1 1 437 755 436
1823 2 2 1 1 614 1225 1146
1824 2 2 1 1 519 1259 950
1825 2 2 1 1 121 1042 898
1826 2 2 1 1 519 1254 520
1827 2 2 1 1 893 1155 72
1828 2 2 1 1 1096 1097 879
1829 2 2 1 1 985 1224 764
1830 2 2 1 1 634 873 717
1831 2 2 1 1 284 996 600
1832 2 2 1 1 1098 1191 584
1833 2 2 1 1 723 1275 501
1834 2 2 1 1 1068 1168 756
1835 2 2 1 1 706 922 422
1836 2 2 1 1 426 923 727
1837 2 2 1 1 684 685 636
1838 2 2 1 1 650 979 907
1839 2 2 1 1 288 1255 287
1840 2 2 1 1 909 993 651
1841 2 2 1 1 671 1183 1172
1842 2 2 1 1 921 1247 419
1843 2 2 1 1 832 1047 342
1844 2 2 1 1 1123 1226 587
1845 2 2 1 1 583 1243 1171
1846 2 2 1 1 479 1315 830
1847 2 2 1 1 664 1183 1017
1848 2 2 1 1 452 1040 1037
1849 2 2 1 1 701 967 632
1850 2 2 1 1 636 1071 684
1851 2 2 1 1 828 829 757
1852 2 2 1 1 862 1161 1160
1853 2 2 1 1 673 1086 662
1854 2 2 1 1 736 1257 988
1855 2 2 1 1 18 1016 884
1856 2 2 1 1 489 1017 935
1857 2 2 1 1 510 1114 983
1858 2 2 1 1 983 1115 511
1859 2 2 1 1 679 1037 773
1860 2 2 1 1 988 1310 736
1861 2 2 1 1 859 1010 642
1862 2 2 1 1 712 1033 670
1863 2 2 1 1 552 1300 638
1864 2 2 1 1 524 1122 604
1865 2 2 1 1 1060 1196 756
1866 2 2 1 1 679 773 629
1867 2 2 1 1 17 884 797
1868 2 2 1 1 896 897 117
1869 2 2 1 1 828 870 273
1870 2 2 1 1 407 915 914
1871 2 2 1 1 410 918 917
1872 2 2 1 1 857 885 470
1873 2 2 1 1 931 932 486
1874 2 2 1 1 490 935 934
1875 2 2 1 1 495 938 937
1876 2 2 1 1 144 1117 900
1877 2 2 1 1 860 1119 476
1878 2 2 1 1 238 1118 908
1879 2 2 1 1 895 1094 108
1880 2 2 1 1 654 1107 672
1881 2 2 1 1 1163 1164 863
1882 2 2 1 1 619 1151 1146
1883 2 2 1 1 647 1079 906
1884 2 2 1 1 920 1083 658
1885 2 2 1 1 636 970 758
1886 2 2 1 1 929 1089 788
1887 2 2 1 1 105 1116 687
1888 2 2 1 1 623 1129 783
1889 2 2 1 1 782 1238 1170
1890 2 2 1 1 887 1154 1045
1891 2 2 1 1 617 1305 1007
1892 2 2 1 1 730 1097 876
1893 2 2 1 1 776 1009 28
1894 2 2 1 1 935 1183 671
1895 2 2 1 1 871 1070 874
1896 2 2 1 1 676 909 651
1897 2 2 1 1 1111 1285 972
1898 2 2 1 1 881 1254 1190
1899 2 2 1 1 514 1115 1087
1900 2 2 1 1 81 1267 80
1901 2 2 1 1 148 1268 147
1902 2 2 1 1 361 1269 362
1903 2 2 1 1 173 1270 172
1904 2 2 1 1 177 1271 176
1905 2 2 1 1 200 1272 199
1906 2 2 1 1 227 1273 226
1907 2 2 1 1 391 1274 390
1908 2 2 1 1 501 1275 500
1909 2 2 1 1 511 1276 510
1910 2 2 1 1 821 822 775
1911 2 2 1 1 162 1033 712
1912 2 2 1 1 919 1132 412
1913 2 2 1 1 768 1179 598
1914 2 2 1 1 829 910 672
1915 2 2 1 1 1195 1282 649
1916 2 2 1 1 716 1156 645
1917 2 2 1 1 634 717 657
1918 2 2 1 1 626 1056 646
1919 2 2 1 1 987 1237 1008
1920 2 2 1 1 831 1228 342
1921 2 2 1 1 910 1194 672
1922 2 2 1 1 485 1283 484
1923 2 2 1 1 787 1181 541
1924 2 2 1 1 386 1002 840
1925 2 2 1 1 879 1180 1025
1926 2 2 1 1 465 856 855
1927 2 2 1 1 869 1223 1120
1928 2 2 1 1 765 1159 1068
1929 2 2 1 1 767 1162 1019
1930 2 2 1 1 1020 1162 767
1931 2 2 1 1 666 1290 1238
1932 2 2 1 1 968 1303 567
1933 2 2 1 1 706 1039 649
1934 2 2 1 1 531 1300 963
1935 2 2 1 1 698 1279 839
1936 2 2 1 1 526 1278 1069
1937 2 2 1 1 113 1139 1138
1938 2 2 1 1 1250 1277 544
1939 2 2 1 1 958 1277 1250
1940 2 2 1 1 767 1311 1020
1941 2 2 1 1 756 1265 1068
1942 2 2 1 1 1094 1116 107
1943 2 2 1 1 656 1256 1043
1944 2 2 1 1 664 1085 1067
1945 2 2 1 1 648 1082 791
1946 2 2 1 1 924 1112 427
1947 2 2 1 1 798 975 54
1948 2 2 1 1 230 979 823
1949 2 2 1 1 674 899 711
1950 2 2 1 1 904 1033 163
1951 2 2 1 1 779 1178 1090
1952 2 2 1 1 640 741 696
1953 2 2 1 1 1101 1139 114
1954 2 2 1 1 598 1295 768
1955 2 2 1 1 825 1177 694
1956 2 2 1 1 502 750 723
1957 2 2 1 1 1238 1290 786
1958 2 2 1 1 407 917 915
1959 2 2 1 1 533 1077 532
1960 2 2 1 1 753 1218 774
1961 2 2 1 1 1236 1237 653
1962 2 2 1 1 918 920 658
1963 2 2 1 1 967 1147 744
1964 2 2 1 1 918 1184 915
1965 2 2 1 1 719 1207 533
1966 2 2 1 1 157 1113 902
1967 2 2 1 1 1166 1181 787
1968 2 2 1 1 424 1291 423
1969 2 2 1 1 792 1226 1123
1970 2 2 1 1 658 1083 706
1971 2 2 1 1 1063 1196 608
1972 2 2 1 1 530 1193 766
1973 2 2 1 1 932 1283 486
1974 2 2 1 1 996 1188 781
1975 2 2 1 1 676 1177 826
1976 2 2 1 1 647 1129 973
1977 2 2 1 1 772 1301 637
1978 2 2 1 1 545 1281 1250
1979 2 2 1 1 1191 1243 38
1980 2 2 1 1 491 1023 933
1981 2 2 1 1 1039 1195 649
1982 2 2 1 1 637 976 686
1983 2 2 1 1 943 1309 1260
1984 2 2 1 1 290 996 284
1985 2 2 1 1 944 1239 609
1986 2 2 1 1 1260 1309 984
1987 2 2 1 1 758 992 888
1988 2 2 1 1 190 1297 189
1989 2 2 1 1 476 1298 475
1990 2 2 1 1 527 1170 1030
1991 2 2 1 1 1040 1090 773
1992 2 2 1 1 1022 1095 948
1993 2 2 1 1 769 1165 628
1994 2 2 1 1 808 1306 807
1995 2 2 1 1 268 1285 267
1996 2 2 1 1 876 1259 730
1997 2 2 1 1 1105 1263 751
1998 2 2 1 1 667 1112 924
1999 2 2 1 1 1250 1281 958
2000 2 2 1 1 768 1295 681
2001 2 2 1 1 867 1235 963
2002 2 2 1 1 862 1216 1026
2003 2 2 1 1 1056 1284 646
2004 2 2 1 1 1003 1286 1174
2005 2 2 1 1 1029 1199 526
2006 2 2 1 1 413 1307 414
2007 2 2 1 1 1246 1299 631
2008 2 2 1 1 755 1189 431
2009 2 2 1 1 675 1195 1039
2010 2 2 1 1 608 1196 1060
2011 2 2 1 1 642 1114 887
2012 2 2 1 1 956 1235 554
2013 2 2 1 1 45 1308 44
2014 2 2 1 1 720 1298 861
2015 2 2 1 1 386 1241 1002
2016 2 2 1 1 671 938 934
2017 2 2 1 1 708 811 136
2018 2 2 1 1 730 1259 882
2019 2 2 1 1 754 1221 1109
2020 2 2 1 1 893 976 637
2021 2 2 1 1 779 1090 1056
2022 2 2 1 1 641 1236 1014
2023 2 2 1 1 998 1299 1246
2024 2 2 1 1 990 1261 709
2025 2 2 1 1 1195 1241 382
2026 2 2 1 1 658 1296 1184
2027 2 2 1 1 927 1124 457
2028 2 2 1 1 791 1293 648
2029 2 2 1 1 705 1202 441
2030 2 2 1 1 479 830 720
2031 2 2 1 1 992 1205 68
2032 2 2 1 1 527 1199 1170
2033 2 2 1 1 32 776 31
2034 2 2 1 1 363 777 362
2035 2 2 1 1 536 1245 965
2036 2 2 1 1 661 916 714
2037 2 2 1 1 1170 1199 782
2038 2 2 1 1 287 1255 1233
2039 2 2 1 1 1114 1154 887
2040 2 2 1 1 1102 1157 784
2041 2 2 1 1 997 1242 945
2042 2 2 1 1 257 1134 993
2043 2 2 1 1 724 996 781
2044 2 2 1 1 764 1098 985
2045 2 2 1 1 634 949 695
2046 2 2 1 1 1172 1183 618
2047 2 2 1 1 640 980 741
2048 2 2 1 1 536 1207 719
2049 2 2 1 1 604 1122 1074
2050 2 2 1 1 657 949 634
2051 2 2 1 1 991 1220 97
2052 2 2 1 1 628 1165 986
2053 2 2 1 1 790 1206 1078
2054 2 2 1 1 696 911 834
2055 2 2 1 1 814 815 690
2056 2 2 1 1 931 933 866
2057 2 2 1 1 989 1227 219
2058 2 2 1 1 535 1207 536
2059 2 2 1 1 928 1266 456
2060 2 2 1 1 1030 1170 786
2061 2 2 1 1 220 1135 989
2062 2 2 1 1 1092 1111 725
2063 2 2 1 1 880 987 638
2064 2 2 1 1 1022 1159 765
2065 2 2 1 1 992 1155 888
2066 2 2 1 1 708 899 674
2067 2 2 1 1 672 724 654
2068 2 2 1 1 1256 1310 562
2069 2 2 1 1 894 1012 100
2070 2 2 1 1 429 1034 925
2071 2 2 1 1 775 954 742
2072 2 2 1 1 686 803 772
2073 2 2 1 1 702 858 788
2074 2 2 1 1 977 1270 174
2075 2 2 1 1 980 1276 512
2076 2 2 1 1 79 1267 976
2077 2 2 1 1 175 1271 977
2078 2 2 1 1 198 1272 978
2079 2 2 1 1 225 1273 1048
2080 2 2 1 1 975 1219 53
2081 2 2 1 1 720 861 479
2082 2 2 1 1 883 1131 942
2083 2 2 1 1 7 763 6
2084 2 2 1 1 807 1306 806
2085 2 2 1 1 1301 1306 731
2086 2 2 1 1 903 1113 158
2087 2 2 1 1 926 1037 679
2088 2 2 1 1 346 1302 347
2089 2 2 1 1 915 1184 660
2090 2 2 1 1 1166 1169 794
2091 2 2 1 1 42 1308 1028
2092 2 2 1 1 978 1140 197
2093 2 2 1 1 742 989 749
2094 2 2 1 1 987 1198 638
2095 2 2 1 1 1018 1304 611
2096 2 2 1 1 720 830 340
2097 2 2 1 1 1010 1298 720
2098 2 2 1 1 872 1101 897
2099 2 2 1 1 1088 1239 771
2100 2 2 1 1 843 845 674
2101 2 2 1 1 681 1295 1100
2102 2 2 1 1 819 1140 978
2103 2 2 1 1 727 1182 646
2104 2 2 1 1 685 1204 970
2105 2 2 1 1 340 1047 720
2106 2 2 1 1 349 966 833
2107 2 2 1 1 24 891 890
2108 2 2 1 1 489 933 931
2109 2 2 1 1 951 1247 648
2110 2 2 1 1 1078 1286 790
2111 2 2 1 1 1026 1161 862
2112 2 2 1 1 710 1133 1016
2113 2 2 1 1 895 1138 669
2114 2 2 1 1 888 1155 893
2115 2 2 1 1 111 1138 895
2116 2 2 1 1 698 1274 674
2117 2 2 1 1 892 976 893
2118 2 2 1 1 8 763 7
2119 2 2 1 1 16 797 15
2120 2 2 1 1 55 798 54
2121 2 2 1 1 58 799 57
2122 2 2 1 1 60 800 59
2123 2 2 1 1 64 801 63
2124 2 2 1 1 84 802 83
2125 2 2 1 1 86 803 85
2126 2 2 1 1 88 804 87
2127 2 2 1 1 90 805 89
2128 2 2 1 1 92 806 91
2129 2 2 1 1 94 807 93
2130 2 2 1 1 128 809 127
2131 2 2 1 1 130 810 129
2132 2 2 1 1 134 811 399
2133 2 2 1 1 151 812 150
2134 2 2 1 1 170 813 169
2135 2 2 1 1 180 814 179
2136 2 2 1 1 183 815 182
2137 2 2 1 1 186 816 185
2138 2 2 1 1 188 817 187
2139 2 2 1 1 193 818 192
2140 2 2 1 1 203 820 202
2141 2 2 1 1 214 821 213
2142 2 2 1 1 216 822 215
2143 2 2 1 1 230 823 229
2144 2 2 1 1 241 824 240
2145 2 2 1 1 244 825 243
2146 2 2 1 1 247 826 246
2147 2 2 1 1 249 827 248
2148 2 2 1 1 275 828 274
2149 2 2 1 1 277 829 276
2150 2 2 1 1 337 830 336
2151 2 2 1 1 339 831 340
2152 2 2 1 1 345 832 344
2153 2 2 1 1 351 833 352
2154 2 2 1 1 352 834 351
2155 2 2 1 1 355 835 354
2156 2 2 1 1 505 837 357
2157 2 2 1 1 359 836 358
2158 2 2 1 1 358 838 359
2159 2 2 1 1 386 839 385
2160 2 2 1 1 387 840 388
2161 2 2 1 1 388 841 387
2162 2 2 1 1 391 842 392
2163 2 2 1 1 392 843 391
2164 2 2 1 1 393 844 394
2165 2 2 1 1 394 845 393
2166 2 2 1 1 395 846 396
2167 2 2 1 1 396 847 395
2168 2 2 1 1 399 848 400
2169 2 2 1 1 446 849 445
2170 2 2 1 1 445 850 446
2171 2 2 1 1 447 851 448
2172 2 2 1 1 459 852 460
2173 2 2 1 1 460 853 459
2174 2 2 1 1 462 854 463
2175 2 2 1 1 463 855 462
2176 2 2 1 1 468 856 467
2177 2 2 1 1 472 857 471
2178 2 2 1 1 471 858 472
2179 2 2 1 1 474 859 473
2180 2 2 1 1 473 860 474
2181 2 2 1 1 479 861 478
2182 2 2 1 1 659 1128 957
2183 2 2 1 1 863 1164 1073
2184 2 2 1 1 1043 1197 868
2185 2 2 1 1 634 695 668
2186 2 2 1 1 1066 1121 795
2187 2 2 1 1 532 1077 880
2188 2 2 1 1 658 1184 918
2189 2 2 1 1 685 970 636
2190 2 2 1 1 566 1303 879
2191 2 2 1 1 1072 1239 944
2192 2 2 1 1 1009 1133 710
2193 2 2 1 1 789 1089 994
2194 2 2 1 1 674 845 708
2195 2 2 1 1 873 936 717
2196 2 2 1 1 672 1194 724
2197 2 2 1 1 865 928 699
2198 2 2 1 1 1171 1243 961
2199 2 2 1 1 285 1233 1130
2200 2 2 1 1 1016 1133 729
2201 2 2 1 1 1002 1112 667
2202 2 2 1 1 692 1126 973
2203 2 2 1 1 777 1236 1080
2204 2 2 1 1 879 1303 1180
2205 2 2 1 1 644 1046 819
2206 2 2 1 1 1014 1077 533
2207 2 2 1 1 642 1010 655
2208 2 2 1 1 468 1147 856
2209 2 2 1 1 1132 1307 412
2210 2 2 1 1 850 1128 659
2211 2 2 1 1 888 893 637
2212 2 2 1 1 700 1153 854
2213 2 2 1 1 290 1188 996
2214 2 2 1 1 1106 1226 792
2215 2 2 1 1 8 1100 763
2216 2 2 1 1 524 1257 1122
2217 2 2 1 1 1174 1286 1078
2218 2 2 1 1 743 1286 1003
2219 2 2 1 1 48 1218 753
2220 2 2 1 1 1069 1278 886
2221 2 2 1 1 1184 1296 616
2222 2 2 1 1 1122 1257 736
2223 2 2 1 1 822 954 775
2224 2 2 1 1 808 991 747
2225 2 2 1 1 540 1181 1005
2226 2 2 1 1 914 915 660
2227 2 2 1 1 937 938 662
2228 2 2 1 1 934 935 671
2229 2 2 1 1 482 1149 1065
2230 2 2 1 1 655 983 642
2231 2 2 1 1 668 1153 700
2232 2 2 1 1 757 870 828
2233 2 2 1 1 1090 1284 1056
2234 2 2 1 1 737 1045 965
2235 2 2 1 1 954 989 742
2236 2 2 1 1 570 1009 776
2237 2 2 1 1 866 1262 645
2238 2 2 1 1 880 1300 531
2239 2 2 1 1 448 848 748
2240 2 2 1 1 736 1310 1256
2241 2 2 1 1 674 1274 843
2242 2 2 1 1 1282 1296 649
2243 2 2 1 1 645 932 866
2244 2 2 1 1 664 1017 930
2245 2 2 1 1 1004 1166 787
2246 2 2 1 1 864 1305 651
2247 2 2 1 1 670 1033 904
2248 2 2 1 1 866 932 931
2249 2 2 1 1 699 855 701
2250 2 2 1 1 955 1156 633
2251 2 2 1 1 807 1220 808
2252 2 2 1 1 865 1266 928
2253 2 2 1 1 430 1189 924
2254 2 2 1 1 646 1182 951
2255 2 2 1 1 933 1023 866
2256 2 2 1 1 1109 1221 796
2257 2 2 1 1 669 1094 895
2258 2 2 1 1 611 1304 1287
2259 2 2 1 1 1104 1107 639
2260 2 2 1 1 653 1077 1014
2261 2 2 1 1 646 1284 715
2262 2 2 1 1 822 1227 954
2263 2 2 1 1 458 1124 852
2264 2 2 1 1 681 1100 990
2265 2 2 1 1 803 804 772
2266 2 2 1 1 804 805 772
2267 2 2 1 1 826 827 676
2268 2 2 1 1 858 929 788
2269 2 2 1 1 824 1118 240
2270 2 2 1 1 669 1138 875
2271 2 2 1 1 745 870 703
2272 2 2 1 1 924 1189 667
2273 2 2 1 1 478 1119 744
2274 2 2 1 1 484 1283 1149
2275 2 2 1 1 781 1188 971
2276 2 2 1 1 1179 1255 288
2277 2 2 1 1 466 1153 734
2278 2 2 1 1 734 1152 337
2279 2 2 1 1 832 1087 1047
2280 2 2 1 1 753 1308 45
2281 2 2 1 1 14 889 13
2282 2 2 1 1 17 797 16
2283 2 2 1 1 22 890 21
2284 2 2 1 1 26 891 25
2285 2 2 1 1 31 776 30
2286 2 2 1 1 56 798 55
2287 2 2 1 1 59 799 58
2288 2 2 1 1 61 800 60
2289 2 2 1 1 63 801 62
2290 2 2 1 1 76 892 75
2291 2 2 1 1 83 802 82
2292 2 2 1 1 85 803 84
2293 2 2 1 1 87 804 86
2294 2 2 1 1 89 805 88
2295 2 2 1 1 91 806 90
2296 2 2 1 1 93 807 92
2297 2 2 1 1 101 894 100
2298 2 2 1 1 111 895 110
2299 2 2 1 1 118 896 117
2300 2 2 1 1 127 809 126
2301 2 2 1 1 129 810 128
2302 2 2 1 1 135 811 134
2303 2 2 1 1 140 899 139
2304 2 2 1 1 143 900 142
2305 2 2 1 1 150 812 149
2306 2 2 1 1 152 901 151
2307 2 2 1 1 155 902 154
2308 2 2 1 1 159 903 158
2309 2 2 1 1 166 904 165
2310 2 2 1 1 169 905 168
2311 2 2 1 1 171 813 170
2312 2 2 1 1 179 814 178
2313 2 2 1 1 182 815 181
2314 2 2 1 1 185 816 184
2315 2 2 1 1 187 817 186
2316 2 2 1 1 192 818 191
2317 2 2 1 1 202 820 201
2318 2 2 1 1 210 906 209
2319 2 2 1 1 213 821 212
2320 2 2 1 1 215 822 214
2321 2 2 1 1 229 823 228
2322 2 2 1 1 234 907 233
2323 2 2 1 1 237 908 236
2324 2 2 1 1 242 824 241
2325 2 2 1 1 245 825 244
2326 2 2 1 1 248 826 247
2327 2 2 1 1 250 827 249
2328 2 2 1 1 254 909 253
2329 2 2 1 1 274 828 273
2330 2 2 1 1 276 829 275
2331 2 2 1 1 279 910 278
2332 2 2 1 1 338 830 337
2333 2 2 1 1 340 831 341
2334 2 2 1 1 344 832 343
2335 2 2 1 1 350 911 349
2336 2 2 1 1 350 833 351
2337 2 2 1 1 353 834 352
2338 2 2 1 1 356 835 355
2339 2 2 1 1 358 836 357
2340 2 2 1 1 357 837 358
2341 2 2 1 1 359 838 360
2342 2 2 1 1 362 777 361
2343 2 2 1 1 384 912 383
2344 2 2 1 1 385 839 384
2345 2 2 1 1 387 839 386
2346 2 2 1 1 386 840 387
2347 2 2 1 1 389 841 388
2348 2 2 1 1 390 842 391
2349 2 2 1 1 393 843 392
2350 2 2 1 1 392 844 393
2351 2 2 1 1 395 845 394
2352 2 2 1 1 394 846 395
2353 2 2 1 1 397 847 396
2354 2 2 1 1 399 811 398
2355 2 2 1 1 398 848 399
2356 2 2 1 1 403 913 404
2357 2 2 1 1 407 914 406
2358 2 2 1 1 406 916 407
2359 2 2 1 1 410 917 409
2360 2 2 1 1 409 919 410
2361 2 2 1 1 415 920 414
2362 2 2 1 1 416 921 417
2363 2 2 1 1 420 922 419
2364 2 2 1 1 423 923 424
2365 2 2 1 1 430 924 429
2366 2 2 1 1 429 925 430
2367 2 2 1 1 438 926 439
2368 2 2 1 1 445 849 444
2369 2 2 1 1 446 850 447
2370 2 2 1 1 448 851 449
2371 2 2 1 1 454 927 455
2372 2 2 1 1 458 852 459
2373 2 2 1 1 459 928 458
2374 2 2 1 1 461 853 460
2375 2 2 1 1 461 854 462
2376 2 2 1 1 464 855 463
2377 2 2 1 1 467 856 466
2378 2 2 1 1 471 857 470
2379 2 2 1 1 470 929 471
2380 2 2 1 1 472 858 473
2381 2 2 1 1 473 859 472
2382 2 2 1 1 474 860 475
2383 2 2 1 1 478 861 477
2384 2 2 1 1 483 930 484
2385 2 2 1 1 487 931 486
2386 2 2 1 1 491 933 490
2387 2 2 1 1 490 934 491
2388 2 2 1 1 496 936 495
2389 2 2 1 1 495 937 496
2390 2 2 1 1 499 939 498
2391 2 2 1 1 500 940 501
2392 2 2 1 1 509 941 508
2393 2 2 1 1 715 1034 646
2394 2 2 1 1 13 889 12
2395 2 2 1 1 23 890 22
2396 2 2 1 1 25 891 24
2397 2 2 1 1 75 892 74
2398 2 2 1 1 102 894 101
2399 2 2 1 1 110 895 109
2400 2 2 1 1 119 896 118
2401 2 2 1 1 141 899 140
2402 2 2 1 1 142 900 141
2403 2 2 1 1 153 901 152
2404 2 2 1 1 156 902 155
2405 2 2 1 1 160 903 159
2406 2 2 1 1 165 904 164
2407 2 2 1 1 168 905 167
2408 2 2 1 1 211 906 210
2409 2 2 1 1 235 907 234
2410 2 2 1 1 236 908 235
2411 2 2 1 1 253 909 252
2412 2 2 1 1 280 910 279
2413 2 2 1 1 349 911 348
2414 2 2 1 1 383 912 382
2415 2 2 1 1 404 913 405
2416 2 2 1 1 406 914 405
2417 2 2 1 1 407 916 408
2418 2 2 1 1 409 917 408
2419 2 2 1 1 410 919 411
2420 2 2 1 1 414 920 413
2421 2 2 1 1 417 921 418
2422 2 2 1 1 419 922 418
2423 2 2 1 1 422 923 423
2424 2 2 1 1 429 924 428
2425 2 2 1 1 430 925 431
2426 2 2 1 1 437 926 438
2427 2 2 1 1 455 927 456
2428 2 2 1 1 458 928 457
2429 2 2 1 1 469 929 470
2430 2 2 1 1 484 930 485
2431 2 2 1 1 488 931 487
2432 2 2 1 1 490 933 489
2433 2 2 1 1 491 934 492
2434 2 2 1 1 495 936 494
2435 2 2 1 1 496 937 497
2436 2 2 1 1 498 939 497
2437 2 2 1 1 501 940 502
2438 2 2 1 1 508 941 507
2439 2 2 1 1 659 1201 809
2440 2 2 1 1 516 1058 741
2441 2 2 1 1 898 1042 740
2442 2 2 1 1 1209 1266 999
2443 2 2 1 1 9 1261 1100
2444 2 2 1 1 957 1127 1084
2445 2 2 1 1 724 1194 996
2446 2 2 1 1 973 1125 1079
2447 2 2 1 1 529 1176 1055
2448 2 2 1 1 809 1201 126
2449 2 2 1 1 414 1307 1082
2450 2 2 1 1 891 1009 710
2451 2 2 1 1 852 1262 700
2452 2 2 1 1 528 1176 529
2453 2 2 1 1 64 1204 801
2454 2 2 1 1 947 1296 1282
2455 2 2 1 1 655 1010 720
2456 2 2 1 1 930 1085 664
2457 2 2 1 1 349 1145 966
2458 2 2 1 1 999 1266 865
2459 2 2 1 1 362 1269 1222
2460 2 2 1 1 677 1081 667
2461 2 2 1 1 344 1228 1053
2462 2 2 1 1 986 1279 628
2463 2 2 1 1 1082 1247 921
2464 2 2 1 1 1007 1055 746
2465 2 2 1 1 794 1169 997
2466 2 2 1 1 645 1124 716
2467 2 2 1 1 1124 1262 852
2468 2 2 1 1 146 1268 1117
2469 2 2 1 1 1211 1285 268
2470 2 2 1 1 724 781 654
2471 2 2 1 1 1047 1087 655
2472 2 2 1 1 972 1211 703
2473 2 2 1 1 645 1262 1124
2474 2 2 1 1 864 1137 793
2475 2 2 1 1 259 1137 1134
2476 2 2 1 1 65 1205 1204
2477 2 2 1 1 1140 1141 195
2478 2 2 1 1 942 1013 752
2479 2 2 1 1 50 1219 1218
2480 2 2 1 1 638 1300 880
2481 2 2 1 1 700 854 852
2482 2 2 1 1 824 825 694
2483 2 2 1 1 853 855 699
2484 2 2 1 1 709 889 797
2485 2 2 1 1 815 816 691
2486 2 2 1 1 798 799 684
2487 2 2 1 1 834 835 696
2488 2 2 1 1 607 1304 1001
2489 2 2 1 1 1080 1236 641
2490 2 2 1 1 667 1081 840
2491 2 2 1 1 396 846 748
2492 2 2 1 1 840 1081 388
2493 2 2 1 1 339 1152 831
2494 2 2 1 1 359 1080 836
2495 2 2 1 1 1087 1316 516
2496 2 2 1 1 1079 1125 207
2497 2 2 1 1 1084 1127 441
2498 2 2 1 1 892 1144 976
2499 2 2 1 1 703 1211 745
2500 2 2 1 1 1087 1115 655
2501 2 2 1 1 1125 1126 205
2502 2 2 1 1 1127 1128 443
2503 2 2 1 1 705 849 846
2504 2 2 1 1 659 809 721
2505 2 2 1 1 400 1000 401
2506 2 2 1 1 401 1000 449
2507 2 2 1 1 1001 1252 878
2508 2 2 1 1 948 1159 1022
2509 2 2 1 1 193 1141 818
2510 2 2 1 1 963 1300 867
2511 2 2 1 1 203 1126 820
2512 2 2 1 1 445 1128 850
2513 2 2 1 1 942 1131 1130
2514 2 2 1 1 452 964 451
2515 2 2 1 1 337 770 734
2516 2 2 1 1 734 770 467
2517 2 2 1 1 833 966 723
2518 2 2 1 1 771 1239 1072
2519 2 2 1 1 843 1274 391
2520 2 2 1 1 973 1079 647
2521 2 2 1 1 940 1086 673
2522 2 2 1 1 679 1084 926
2523 2 2 1 1 657 1275 723
2524 2 2 1 1 648 1247 1082
2525 2 2 1 1 740 1042 960
2526 2 2 1 1 651 993 864
2527 2 2 1 1 741 1058 348
2528 2 2 1 1 646 1034 727
2529 2 2 1 1 721 850 659
2530 2 2 1 1 961 1243 1191
2531 2 2 1 1 917 918 915
2532 2 2 1 1 906 1079 208
2533 2 2 1 1 389 1081 842
2534 2 2 1 1 748 848 397
2535 2 2 1 1 415 1082 921
2536 2 2 1 1 416 1083 920
2537 2 2 1 1 926 1084 440
2538 2 2 1 1 482 1085 930
2539 2 2 1 1 499 1086 940
2540 2 2 1 1 777 1080 360
2541 2 2 1 1 983 1114 642
2542 2 2 1 1 348 911 741
2543 2 2 1 1 720 1047 655
2544 2 2 1 1 1287 1304 607
2545 2 2 1 1 1053 1302 346
2546 2 2 1 1 347 1302 1145
2547 2 2 1 1 172 1270 813
2548 2 2 1 1 390 1274 841
2549 2 2 1 1 500 1275 939
2550 2 2 1 1 510 1276 941
2551 2 2 1 1 802 1267 81
2552 2 2 1 1 812 1268 148
2553 2 2 1 1 838 1269 361
2554 2 2 1 1 814 1271 177
2555 2 2 1 1 820 1272 200
2556 2 2 1 1 823 1273 227
2557 2 2 1 1 718 980 640
2558 2 2 1 1 677 844 842
2559 2 2 1 1 5 271 270
2560 2 2 1 1 960 1201 659
2561 2 2 1 1 846 849 748
2562 2 2 1 1 902 1113 769
2563 2 2 1 1 818 1297 190
2564 2 2 1 1 861 1298 476
2565 2 2 1 1 348 1058 347
2566 2 2 1 1 434 1059 435
2567 2 2 1 1 840 1002 667
2568 2 2 1 1 957 1084 679
2569 2 2 1 1 791 1307 1132
2570 2 2 1 1 687 1116 643
2571 2 2 1 1 643 1012 687
2572 2 2 1 1 717 1275 657
2573 2 2 1 1 705 844 677
2574 2 2 1 1 1117 1268 688
2575 2 2 1 1 1228 1302 1053
2576 2 2 1 1 59 800 799
2577 2 2 1 1 62 801 800
2578 2 2 1 1 76 1144 892
2579 2 2 1 1 84 803 802
2580 2 2 1 1 86 804 803
2581 2 2 1 1 88 805 804
2582 2 2 1 1 90 806 805
2583 2 2 1 1 92 807 806
2584 2 2 1 1 128 810 809
2585 2 2 1 1 151 901 812
2586 2 2 1 1 813 905 169
2587 2 2 1 1 186 817 816
2588 2 2 1 1 214 822 821
2589 2 2 1 1 248 827 826
2590 2 2 1 1 250 1230 827
2591 2 2 1 1 275 829 828
2592 2 2 1 1 830 1315 336
2593 2 2 1 1 345 1316 832
2594 2 2 1 1 357 836 835
2595 2 2 1 1 837 838 358
2596 2 2 1 1 387 841 839
2597 2 2 1 1 842 844 392
2598 2 2 1 1 393 845 843
2599 2 2 1 1 844 846 394
2600 2 2 1 1 395 847 845
2601 2 2 1 1 811 847 397
2602 2 2 1 1 850 851 447
2603 2 2 1 1 449 851 810
2604 2 2 1 1 810 1050 449
2605 2 2 1 1 853 928 459
2606 2 2 1 1 471 929 858
2607 2 2 1 1 472 859 857
2608 2 2 1 1 858 860 473
2609 2 2 1 1 750 833 723
2610 2 2 1 1 970 992 758
2611 2 2 1 1 949 1228 695
2612 2 2 1 1 134 1051 133
2613 2 2 1 1 399 1051 134
2614 2 2 1 1 344 1053 345
2615 2 2 1 1 345 1053 346
2616 2 2 1 1 400 1051 399
2617 2 2 1 1 449 1050 401
2618 2 2 1 1 467 1052 468
2619 2 2 1 1 505 1054 504
2620 2 2 1 1 880 1077 653
2621 2 2 1 1 1130 1233 942
2622 2 2 1 1 753 1229 48
2623 2 2 1 1 432 1320 755
2624 2 2 1 1 434 1231 755
2625 2 2 1 1 755 1320 434
2626 2 2 1 1 989 1135 749
2627 2 2 1 1 435 1059 452
2628 2 2 1 1 695 1152 668
2629 2 2 1 1 723 966 657
2630 2 2 1 1 799 800 685
2631 2 2 1 1 802 803 686
2632 2 2 1 1 812 901 688
2633 2 2 1 1 689 905 813
2634 2 2 1 1 816 817 691
2635 2 2 1 1 697 838 837
2636 2 2 1 1 839 841 698
2637 2 2 1 1 699 928 853
2638 2 2 1 1 855 856 701
2639 2 2 1 1 702 860 858
2640 2 2 1 1 890 891 710
2641 2 2 1 1 942 1233 1013
2642 2 2 1 1 684 975 798
2643 2 2 1 1 823 979 693
2644 2 2 1 1 675 1112 1002
2645 2 2 1 1 884 1016 729
2646 2 2 1 1 749 1135 1048
2647 2 2 1 1 748 849 446
2648 2 2 1 1 46 1229 753
2649 2 2 1 1 755 1231 436
2650 2 2 1 1 1037 1040 773
2651 2 2 1 1 820 1126 692
2652 2 2 1 1 655 1115 983
2653 2 2 1 1 695 1228 831
2654 2 2 1 1 831 1152 695
2655 2 2 1 1 856 1147 701
2656 2 2 1 1 966 1302 949
2657 2 2 1 1 801 1204 685
2658 2 2 1 1 675 1241 1195
2659 2 2 1 1 694 1118 824
2660 2 2 1 1 900 1117 711
2661 2 2 1 1 908 1118 713
2662 2 2 1 1 702 1119 860
2663 2 2 1 1 48 1229 47
2664 2 2 1 1 77 1144 76
2665 2 2 1 1 78 1144 77
2666 2 2 1 1 251 1230 250
2667 2 2 1 1 347 1145 348
2668 2 2 1 1 348 1145 349
2669 2 2 1 1 435 1231 434
2670 2 2 1 1 1182 1247 951
2671 2 2 1 1 657 966 949
2672 2 2 1 1 687 1012 894
2673 2 2 1 1 925 1034 715
2674 2 2 1 1 949 1302 1228
2675 2 2 1 1 1055 1176 746
2676 2 2 1 1 712 1113 903
2677 2 2 1 1 677 1202 705
2678 2 2 1 1 716 1124 927
2679 2 2 1 1 1002 1241 675
2680 2 2 1 1 750 1054 355
2681 2 2 1 1 504 1054 750
2682 2 2 1 1 759 1199 1029
2683 2 2 1 1 774 1219 975
2684 2 2 1 1 970 1205 992
2685 2 2 1 1 47 1229 46
2686 2 2 1 1 252 1230 251
2687 2 2 1 1 436 1231 435
2688 2 2 1 1 1048 1273 693
2689 2 2 1 1 976 1267 686
2690 2 2 1 1 689 1270 977
2691 2 2 1 1 977 1271 690
2692 2 2 1 1 978 1272 692
2693 2 2 1 1 718 1276 980
2694 2 2 1 1 433 1059 434
2695 2 2 1 1 449 1000 448
2696 2 2 1 1 518 1058 517
2697 2 2 1 1 993 1134 864
2698 2 2 1 1 954 1227 989
2699 2 2 1 1 808 1220 991
2700 2 2 1 1 721 851 850
2701 2 2 1 1 1241 1319 383
2702 2 2 1 1 385 1319 1241
2703 2 2 1 1 1233 1255 1013
2704 2 2 1 1 832 1316 1087
2705 2 2 1 1 972 1285 1211
2706 2 2 1 1 1138 1139 875
2707 2 2 1 1 845 847 708
2708 2 2 1 1 705 846 844
2709 2 2 1 1 842 1081 677
2710 2 2 1 1 1145 1302 966
2711 2 2 1 1 708 847 811
2712 2 2 1 1 734 1153 668
2713 2 2 1 1 668 1152 734
2714 2 2 1 1 334 1052 770
2715 2 2 1 1 770 1052 467
2716 2 2 1 1 1065 1149 955
2717 2 2 1 1 819 1141 1140
2718 2 2 1 1 809 810 721
2719 2 2 1 1 800 801 685
2720 2 2 1 1 130 1050 810
2721 2 2 1 1 1134 1137 864
2722 2 2 1 1 1100 1261 990
2723 2 2 1 1 1204 1205 970
2724 2 2 1 1 813 1270 689
2725 2 2 1 1 841 1274 698
2726 2 2 1 1 939 1275 717
2727 2 2 1 1 941 1276 718
2728 2 2 1 1 686 1267 802
2729 2 2 1 1 688 1268 812
2730 2 2 1 1 697 1269 838
2731 2 2 1 1 690 1271 814
2732 2 2 1 1 692 1272 820
2733 2 2 1 1 693 1273 823
2734 2 2 1 1 1218 1219 774
2735 2 2 1 1 1058 1317 347
2736 2 2 1 1 848 1000 400
2737 2 2 1 1 964 1059 433
2738 2 2 1 1 448 1000 848
2739 2 2 1 1 131 1312 130
2740 2 2 1 1 401 1312 131
2741 2 2 1 1 133 1313 132
2742 2 2 1 1 132 1313 400
2743 2 2 1 1 333 1314 334
2744 2 2 1 1 468 1314 333
2745 2 2 1 1 336 1315 335
2746 2 2 1 1 335 1315 480
2747 2 2 1 1 518 1316 345
2748 2 2 1 1 347 1317 346
2749 2 2 1 1 346 1317 518
2750 2 2 1 1 355 1318 356
2751 2 2 1 1 356 1318 505
2752 2 2 1 1 383 1319 384
2753 2 2 1 1 384 1319 385
2754 2 2 1 1 433 1320 432
2755 2 2 1 1 434 1320 433
2756 2 2 1 1 517 1316 518
2757 2 2 1 1 973 1126 1125
2758 2 2 1 1 957 1128 1127
2759 2 2 1 1 452 1059 964
2760 2 2 1 1 810 851 721
2761 2 2 1 1 518 1317 1058
2762 2 2 1 1 130 1312 1050
2763 2 2 1 1 1051 1313 133
2764 2 2 1 1 334 1314 1052
2765 2 2 1 1 1054 1318 355
2766 2 2 1 1 400 1313 1051
2767 2 2 1 1 1050 1312 401
2768 2 2 1 1 1052 1314 468
2769 2 2 1 1 505 1318 1054
2770 2 2 1 1 6 599 5
2771 2 2 1 1 574 573 35
2772 2 2 1 1 36 573 574
2773 2 2 1 1 132 401 131
2774 2 2 1 1 400 401 132
2775 2 2 1 1 262 263 261
2776 2 2 1 1 263 793 261
2777 2 2 1 1 270 271 269
2778 2 2 1 1 292 971 291
2779 2 2 1 1 293 971 292
2780 2 2 1 1 346 518 345
2781 2 2 1 1 356 505 357
2782 2 2 1 2 290 284 291
2783 2 2 1 2 284 292 291
2784 2 2 1 2 284 293 292
2785 2 2 1 3 287 600 286
2786 2 2 1 3 289 283 600
2787 2 2 1 3 286 284 285
2788 2 2 1 3 286 600 284
2789 2 2 1 3 288 289 600
2790 2 2 1 3 288 600 287
2791 2 2 1 4 598 279 278
2792 2 2 1 4 280 279 598
2793 2 2 1 4 274 1321 275
2794 2 2 1 4 275 1321 276
2795 2 2 1 4 276 1321 599
2796 2 2 1 4 5 1321 274
2797 2 2 1 4 599 1321 5
2798 2 2 1 4 277 276 278
2799 2 2 1 4 278 276 599
2800 2 2 1 4 599 598 278
2801 2 2 1 4 281 280 282
2802 2 2 1 4 282 280 283
2803 2 2 1 4 280 598 283
2804 2 2 1 4 271 5 272
2805 2 2 1 4 272 5 273
2806 2 2 1 4 5 274 273
2807 2 2 1 5 13 1322 298
2808 2 2 1 5 298 1322 297
2809 2 2 1 5 12 1322 13
2810 2 2 1 5 10 1322 11
2811 2 2 1 5 597 1324 269
2812 2 2 1 5 11 1322 12
2813 2 2 1 5 297 1322 296
2814 2 2 1 5 9 1323 10
2815 2 2 1 5 269 1323 7
2816 2 2 1 5 269 1324 1322
2817 2 2 1 5 7 1323 8
2818 2 2 1 5 1322 1323 269
2819 2 2 1 5 8 1323 9
2820 2 2 1 5 1322 1324 296
2821 2 2 1 5 6 5 270
2822 2 2 1 5 10 1323 1322
2823 2 2 1 5 295 1324 597
2824 2 2 1 5 296 1324 295
2825 2 2 1 5 294 295 268
2826 2 2 1 5 268 295 597
2827 2 2 1 5 7 6 270
2828 2 2 1 5 269 7 270
2829 2 2 1 5 13 298 14
2830 2 2 1 6 29 1329 30
2831 2 2 1 6 23 1334 24
2832 2 2 1 6 596 1331 266
2833 2 2 1 6 30 1329 31
2834 2 2 1 6 266 1326 267
2835 2 2 1 6 18 1332 19
2836 2 2 1 6 296 1326 297
2837 2 2 1 6 297 1327 298
2838 2 2 1 6 31 1329 601
2839 2 2 1 6 1328 1329 29
2840 2 2 1 6 596 1334 1331
2841 2 2 1 6 594 1329 595
2842 2 2 1 6 601 1329 594
2843 2 2 1 6 21 1332 22
2844 2 2 1 6 26 1328 27
2845 2 2 1 6 595 1335 265
2846 2 2 1 6 24 1333 25
2847 2 2 1 6 22 1334 23
2848 2 2 1 6 1325 1326 266
2849 2 2 1 6 267 1326 294
2850 2 2 1 6 262 299 264
2851 2 2 1 6 25 1335 26
2852 2 2 1 6 265 1333 596
2853 2 2 1 6 595 1329 1328
2854 2 2 1 6 266 1331 1325
2855 2 2 1 6 297 1326 1325
2856 2 2 1 6 1331 1334 22
2857 2 2 1 6 24 1334 1333
2858 2 2 1 6 22 1332 1331
2859 2 2 1 6 1328 1335 595
2860 2 2 1 6 294 1326 295
2861 2 2 1 6 1330 1332 18
2862 2 2 1 6 15 1327 16
2863 2 2 1 6 28 1328 29
2864 2 2 1 6 1325 1327 297
2865 2 2 1 6 1333 1335 25
2866 2 2 1 6 14 1327 15
2867 2 2 1 6 16 1330 17
2868 2 2 1 6 20 1332 21
2869 2 2 1 6 27 1328 28
2870 2 2 1 6 298 1327 14
2871 2 2 1 6 17 1330 18
2872 2 2 1 6 19 1332 20
2873 2 2 1 6 295 1326 296
2874 2 2 1 6 1333 1334 596
2875 2 2 1 6 26 1335 1328
2876 2 2 1 6 265 1335 1333
2877 2 2 1 6 1327 1330 16
2878 2 2 1 6 1325 1331 1330
2879 2 2 1 6 1331 1332 1330
2880 2 2 1 6 1325 1330 1327
2881 2 2 1 6 33 32 601
2882 2 2 1 6 264 299 594
2883 2 2 1 6 32 31 601
2884 2 2 1 6 268 267 294
2885 2 2 1 6 594 299 601
2886 2 2 1 7 191 1343 192
2887 2 2 1 7 573 1360 35
2888 2 2 1 7 34 1346 571
2889 2 2 1 7 220 1364 221
2890 2 2 1 7 580 1345 581
2891 2 2 1 7 580 1384 1345
2892 2 2 1 7 190 1343 191
2893 2 2 1 7 35 1369 574
2894 2 2 1 7 1342 1369 35
2895 2 2 1 7 224 1371 225
2896 2 2 1 7 574 1369 575
2897 2 2 1 7 1345 1362 582
2898 2 2 1 7 210 1361 211
2899 2 2 1 7 207 1365 208
2900 2 2 1 7 581 1345 582
2901 2 2 1 7 1345 1384 1368
2902 2 2 1 7 221 1373 222
2903 2 2 1 7 223 1373 224
2904 2 2 1 7 306 1385 305
2905 2 2 1 7 307 1381 306
2906 2 2 1 7 1339 1360 573
2907 2 2 1 7 578 1344 579
2908 2 2 1 7 208 1375 209
2909 2 2 1 7 197 1367 198
2910 2 2 1 7 201 1368 202
2911 2 2 1 7 198 1376 199
2912 2 2 1 7 200 1376 201
2913 2 2 1 7 219 1370 220
2914 2 2 1 7 226 1377 227
2915 2 2 1 7 228 1377 229
2916 2 2 1 7 232 1378 233
2917 2 2 1 7 237 1379 238
2918 2 2 1 7 582 1362 37
2919 2 2 1 7 1368 1384 1338
2920 2 2 1 7 196 1386 197
2921 2 2 1 7 206 1387 207
2922 2 2 1 7 1337 1362 1345
2923 2 2 1 7 1336 1382 1369
2924 2 2 1 7 225 1371 226
2925 2 2 1 7 1343 1349 192
2926 2 2 1 7 571 1346 1341
2927 2 2 1 7 1336 1369 1342
2928 2 2 1 7 578 1372 1344
2929 2 2 1 7 1355 1356 241
2930 2 2 1 7 1356 1357 244
2931 2 2 1 7 35 1360 1342
2932 2 2 1 7 229 1377 1354
2933 2 2 1 7 572 1383 573
2934 2 2 1 7 577 1372 578
2935 2 2 1 7 189 1348 190
2936 2 2 1 7 194 1349 195
2937 2 2 1 7 204 1350 205
2938 2 2 1 7 217 1353 218
2939 2 2 1 7 231 1354 232
2940 2 2 1 7 238 1355 239
2941 2 2 1 7 241 1356 242
2942 2 2 1 7 244 1357 245
2943 2 2 1 7 1345 1367 1337
2944 2 2 1 7 1352 1361 210
2945 2 2 1 7 570 1346 34
2946 2 2 1 7 222 1373 223
2947 2 2 1 7 575 1369 576
2948 2 2 1 7 210 1375 1352
2949 2 2 1 7 576 1382 577
2950 2 2 1 7 1336 1353 1351
2951 2 2 1 7 573 1383 1339
2952 2 2 1 7 209 1375 210
2953 2 2 1 7 579 1384 580
2954 2 2 1 7 1336 1370 1353
2955 2 2 1 7 199 1376 200
2956 2 2 1 7 306 1381 1343
2957 2 2 1 7 1351 1352 1336
2958 2 2 1 7 218 1370 219
2959 2 2 1 7 227 1377 228
2960 2 2 1 7 571 1380 572
2961 2 2 1 7 233 1378 234
2962 2 2 1 7 236 1379 237
2963 2 2 1 7 1344 1384 579
2964 2 2 1 7 37 1381 308
2965 2 2 1 7 577 1382 1372
2966 2 2 1 7 224 1373 1371
2967 2 2 1 7 1369 1382 576
2968 2 2 1 7 195 1386 196
2969 2 2 1 7 205 1387 206
2970 2 2 1 7 1354 1378 232
2971 2 2 1 7 238 1379 1355
2972 2 2 1 7 1362 1381 37
2973 2 2 1 7 308 1381 307
2974 2 2 1 7 220 1370 1364
2975 2 2 1 7 1344 1372 1352
2976 2 2 1 7 304 1366 303
2977 2 2 1 7 1340 1380 1356
2978 2 2 1 7 1364 1373 221
2979 2 2 1 7 1352 1372 1336
2980 2 2 1 7 300 1347 570
2981 2 2 1 7 190 1348 1343
2982 2 2 1 7 1343 1385 306
2983 2 2 1 7 1340 1383 1380
2984 2 2 1 7 1340 1356 1355
2985 2 2 1 7 202 1368 1350
2986 2 2 1 7 1356 1380 1341
2987 2 2 1 7 1372 1382 1336
2988 2 2 1 7 1380 1383 572
2989 2 2 1 7 1341 1380 571
2990 2 2 1 7 1343 1362 1337
2991 2 2 1 7 207 1387 1365
2992 2 2 1 7 1365 1375 208
2993 2 2 1 7 1343 1381 1362
2994 2 2 1 7 187 1348 188
2995 2 2 1 7 192 1349 193
2996 2 2 1 7 202 1350 203
2997 2 2 1 7 213 1351 214
2998 2 2 1 7 215 1353 216
2999 2 2 1 7 229 1354 230
3000 2 2 1 7 240 1355 241
3001 2 2 1 7 243 1356 244
3002 2 2 1 7 246 1357 247
3003 2 2 1 7 248 1358 249
3004 2 2 1 7 250 1359 251
3005 2 2 1 7 302 1347 301
3006 2 2 1 7 305 1385 304
3007 2 2 1 7 570 1347 1346
3008 2 2 1 7 1354 1377 1339
3009 2 2 1 7 1352 1375 1344
3010 2 2 1 7 1338 1384 1365
3011 2 2 1 7 1351 1361 1352
3012 2 2 1 7 1339 1383 1363
3013 2 2 1 7 197 1386 1367
3014 2 2 1 7 1337 1349 1343
3015 2 2 1 7 1367 1376 198
3016 2 2 1 7 201 1376 1368
3017 2 2 1 7 1363 1383 1340
3018 2 2 1 7 1339 1377 1360
3019 2 2 1 7 1342 1364 1336
3020 2 2 1 7 301 1347 300
3021 2 2 1 7 188 1348 189
3022 2 2 1 7 193 1349 194
3023 2 2 1 7 203 1350 204
3024 2 2 1 7 212 1361 213
3025 2 2 1 7 214 1351 215
3026 2 2 1 7 216 1353 217
3027 2 2 1 7 230 1354 231
3028 2 2 1 7 239 1355 240
3029 2 2 1 7 242 1356 243
3030 2 2 1 7 245 1357 246
3031 2 2 1 7 247 1358 248
3032 2 2 1 7 249 1359 250
3033 2 2 1 7 251 1359 302
3034 2 2 1 7 1371 1377 226
3035 2 2 1 7 211 1361 212
3036 2 2 1 7 234 1378 1374
3037 2 2 1 7 1374 1379 236
3038 2 2 1 7 1365 1384 1344
3039 2 2 1 7 1346 1358 1341
3040 2 2 1 7 304 1385 1366
3041 2 2 1 7 1364 1370 1336
3042 2 2 1 7 1341 1357 1356
3043 2 2 1 7 1353 1370 218
3044 2 2 1 7 1349 1386 195
3045 2 2 1 7 1350 1387 205
3046 2 2 1 7 185 1366 186
3047 2 2 1 7 1360 1371 1342
3048 2 2 1 7 1378 1379 1374
3049 2 2 1 7 213 1361 1351
3050 2 2 1 7 1351 1353 215
3051 2 2 1 7 1357 1358 247
3052 2 2 1 7 1358 1359 249
3053 2 2 1 7 302 1359 1347
3054 2 2 1 7 1340 1379 1363
3055 2 2 1 7 1363 1378 1339
3056 2 2 1 7 303 1366 185
3057 2 2 1 7 1341 1358 1357
3058 2 2 1 7 1371 1373 1342
3059 2 2 1 7 1350 1368 1338
3060 2 2 1 7 187 1366 1348
3061 2 2 1 7 1339 1378 1354
3062 2 2 1 7 1355 1379 1340
3063 2 2 1 7 234 1374 235
3064 2 2 1 7 235 1374 236
3065 2 2 1 7 1367 1386 1337
3066 2 2 1 7 1363 1379 1378
3067 2 2 1 7 1342 1373 1364
3068 2 2 1 7 1365 1387 1338
3069 2 2 1 7 186 1366 187
3070 2 2 1 7 1366 1385 1348
3071 2 2 1 7 1344 1375 1365
3072 2 2 1 7 1347 1359 1346
3073 2 2 1 7 1346 1359 1358
3074 2 2 1 7 1348 1385 1343
3075 2 2 1 7 1345 1376 1367
3076 2 2 1 7 1368 1376 1345
3077 2 2 1 7 1360 1377 1371
3078 2 2 1 7 1337 1386 1349
3079 2 2 1 7 1338 1387 1350
3080 2 2 1 7 570 33 300
3081 2 2 1 7 574 575 36
3082 2 2 1 8 601 1390 33
3083 2 2 1 8 261 260 299
3084 2 2 1 8 261 299 262
3085 2 2 1 8 259 1391 299
3086 2 2 1 8 300 1388 301
3087 2 2 1 8 33 1390 1388
3088 2 2 1 8 254 1388 255
3089 2 2 1 8 256 1391 257
3090 2 2 1 8 258 1391 259
3091 2 2 1 8 33 1388 300
3092 2 2 1 8 251 1389 252
3093 2 2 1 8 252 1389 253
3094 2 2 1 8 255 1390 256
3095 2 2 1 8 253 1388 254
3096 2 2 1 8 257 1391 258
3097 2 2 1 8 301 1389 302
3098 2 2 1 8 1388 1390 255
3099 2 2 1 8 302 1389 251
3100 2 2 1 8 1390 1391 256
3101 2 2 1 8 601 1391 1390
3102 2 2 1 8 253 1389 1388
3103 2 2 1 8 1388 1389 301
3104 2 2 1 8 299 1391 601
3105 2 2 1 8 260 259 299
3106 2 2 1 9 161 1395 160
3107 2 2 1 9 320 1393 321
3108 2 2 1 9 176 1404 175
3109 2 2 1 9 175 1412 174
3110 2 2 1 9 1398 1410 586
3111 2 2 1 9 165 1406 164
3112 2 2 1 9 306 1414 305
3113 2 2 1 9 331 1409 332
3114 2 2 1 9 1394 1398 586
3115 2 2 1 9 332 1397 587
3116 2 2 1 9 327 1408 1403
3117 2 2 1 9 1398 1407 168
3118 2 2 1 9 177 1404 176
3119 2 2 1 9 160 1411 159
3120 2 2 1 9 168 1407 167
3121 2 2 1 9 312 1411 313
3122 2 2 1 9 326 1408 327
3123 2 2 1 9 174 1412 173
3124 2 2 1 9 39 1394 586
3125 2 2 1 9 1406 1417 1392
3126 2 2 1 9 1394 1417 1406
3127 2 2 1 9 178 1416 177
3128 2 2 1 9 304 1396 303
3129 2 2 1 9 164 1405 163
3130 2 2 1 9 161 1405 1395
3131 2 2 1 9 1392 1417 1397
3132 2 2 1 9 183 1396 182
3133 2 2 1 9 184 1396 183
3134 2 2 1 9 185 1396 184
3135 2 2 1 9 584 1416 38
3136 2 2 1 9 171 1418 170
3137 2 2 1 9 173 1418 172
3138 2 2 1 9 585 1404 584
3139 2 2 1 9 38 1416 1399
3140 2 2 1 9 583 1414 306
3141 2 2 1 9 303 1396 185
3142 2 2 1 9 332 1409 1397
3143 2 2 1 9 586 1410 585
3144 2 2 1 9 1397 1403 1392
3145 2 2 1 9 1403 1408 1392
3146 2 2 1 9 38 1414 583
3147 2 2 1 9 170 1418 1398
3148 2 2 1 9 38 1399 1396
3149 2 2 1 9 182 1399 181
3150 2 2 1 9 315 1401 316
3151 2 2 1 9 319 1401 320
3152 2 2 1 9 321 1402 322
3153 2 2 1 9 1393 1400 1395
3154 2 2 1 9 305 1414 304
3155 2 2 1 9 1396 1399 182
3156 2 2 1 9 39 1417 1394
3157 2 2 1 9 179 1416 178
3158 2 2 1 9 1395 1405 1392
3159 2 2 1 9 164 1406 1405
3160 2 2 1 9 1394 1407 1398
3161 2 2 1 9 1405 1406 1392
3162 2 2 1 9 587 1417 39
3163 2 2 1 9 1404 1412 175
3164 2 2 1 9 165 1407 1406
3165 2 2 1 9 315 1400 1393
3166 2 2 1 9 1393 1401 315
3167 2 2 1 9 320 1401 1393
3168 2 2 1 9 1393 1402 321
3169 2 2 1 9 172 1418 171
3170 2 2 1 9 1393 1408 1402
3171 2 2 1 9 1396 1414 38
3172 2 2 1 9 1392 1408 1393
3173 2 2 1 9 1395 1400 313
3174 2 2 1 9 1393 1395 1392
3175 2 2 1 9 585 1412 1404
3176 2 2 1 9 304 1414 1396
3177 2 2 1 9 1412 1418 173
3178 2 2 1 9 313 1411 1395
3179 2 2 1 9 177 1416 1404
3180 2 2 1 9 170 1398 169
3181 2 2 1 9 180 1399 179
3182 2 2 1 9 314 1400 315
3183 2 2 1 9 317 1401 318
3184 2 2 1 9 323 1402 324
3185 2 2 1 9 328 1403 329
3186 2 2 1 9 1397 1417 587
3187 2 2 1 9 1395 1411 160
3188 2 2 1 9 162 1405 161
3189 2 2 1 9 166 1407 165
3190 2 2 1 9 169 1398 168
3191 2 2 1 9 181 1399 180
3192 2 2 1 9 313 1400 314
3193 2 2 1 9 316 1401 317
3194 2 2 1 9 318 1401 319
3195 2 2 1 9 322 1402 323
3196 2 2 1 9 324 1408 325
3197 2 2 1 9 327 1403 328
3198 2 2 1 9 329 1409 330
3199 2 2 1 9 163 1405 162
3200 2 2 1 9 167 1407 166
3201 2 2 1 9 325 1408 326
3202 2 2 1 9 330 1409 331
3203 2 2 1 9 1399 1416 179
3204 2 2 1 9 1406 1407 1394
3205 2 2 1 9 1398 1418 1410
3206 2 2 1 9 311 1411 312
3207 2 2 1 9 158 1413 157
3208 2 2 1 9 1402 1408 324
3209 2 2 1 9 1403 1409 329
3210 2 2 1 9 1404 1416 584
3211 2 2 1 9 1410 1412 585
3212 2 2 1 9 1397 1409 1403
3213 2 2 1 9 157 1413 311
3214 2 2 1 9 157 1415 156
3215 2 2 1 9 310 1415 311
3216 2 2 1 9 1410 1418 1412
3217 2 2 1 9 311 1415 157
3218 2 2 1 9 159 1413 158
3219 2 2 1 9 1411 1413 159
3220 2 2 1 9 156 1419 309
3221 2 2 1 9 309 1419 310
3222 2 2 1 9 311 1413 1411
3223 2 2 1 9 1415 1419 156
3224 2 2 1 9 310 1419 1415
3225 2 2 1 9 308 37 583
3226 2 2 1 9 587 40 332
3227 2 2 1 9 308 583 307
3228 2 2 1 9 156 309 155
3229 2 2 1 9 307 583 306
3230 2 2 1 10 310 1442 309
3231 2 2 1 10 140 1492 139
3232 2 2 1 10 123 1497 122
3233 2 2 1 10 43 1475 42
3234 2 2 1 10 368 1490 369
3235 2 2 1 10 119 1516 118
3236 2 2 1 10 1435 1479 77
3237 2 2 1 10 77 1481 1435
3238 2 2 1 10 102 1523 101
3239 2 2 1 10 143 1493 142
3240 2 2 1 10 588 1499 40
3241 2 2 1 10 75 1480 74
3242 2 2 1 10 1445 1514 1498
3243 2 2 1 10 147 1502 146
3244 2 2 1 10 1428 1515 1462
3245 2 2 1 10 83 1491 82
3246 2 2 1 10 139 1492 138
3247 2 2 1 10 121 1516 120
3248 2 2 1 10 1472 1488 376
3249 2 2 1 10 152 1486 1462
3250 2 2 1 10 325 1487 1466
3251 2 2 1 10 1462 1515 1463
3252 2 2 1 10 124 1485 123
3253 2 2 1 10 376 1439 375
3254 2 2 1 10 153 1486 152
3255 2 2 1 10 326 1487 325
3256 2 2 1 10 376 1488 377
3257 2 2 1 10 72 1524 71
3258 2 2 1 10 74 1524 73
3259 2 2 1 10 366 1446 367
3260 2 2 1 10 1472 1511 1422
3261 2 2 1 10 365 1446 366
3262 2 2 1 10 140 1505 1492
3263 2 2 1 10 105 1507 104
3264 2 2 1 10 1425 1503 1424
3265 2 2 1 10 367 1490 368
3266 2 2 1 10 589 1489 588
3267 2 2 1 10 375 1471 374
3268 2 2 1 10 1467 1499 588
3269 2 2 1 10 372 1511 373
3270 2 2 1 10 144 1512 143
3271 2 2 1 10 146 1512 145
3272 2 2 1 10 1438 1479 1435
3273 2 2 1 10 47 1475 46
3274 2 2 1 10 71 1477 70
3275 2 2 1 10 109 1482 108
3276 2 2 1 10 113 1483 112
3277 2 2 1 10 125 1484 124
3278 2 2 1 10 1443 1470 1423
3279 2 2 1 10 377 1439 376
3280 2 2 1 10 52 1500 51
3281 2 2 1 10 371 1501 370
3282 2 2 1 10 149 1518 148
3283 2 2 1 10 62 1509 61
3284 2 2 1 10 1488 1496 380
3285 2 2 1 10 591 1514 1446
3286 2 2 1 10 1423 1514 1445
3287 2 2 1 10 1423 1445 1443
3288 2 2 1 10 1424 1441 1425
3289 2 2 1 10 117 1440 116
3290 2 2 1 10 1420 1525 1432
3291 2 2 1 10 1432 1492 1437
3292 2 2 1 10 82 1520 81
3293 2 2 1 10 138 1522 137
3294 2 2 1 10 44 1475 43
3295 2 2 1 10 591 1446 590
3296 2 2 1 10 1445 1498 1429
3297 2 2 1 10 40 1499 331
3298 2 2 1 10 122 1497 121
3299 2 2 1 10 1435 1515 1438
3300 2 2 1 10 1425 1441 1420
3301 2 2 1 10 1432 1437 1420
3302 2 2 1 10 1421 1444 1437
3303 2 2 1 10 148 1502 147
3304 2 2 1 10 118 1440 117
3305 2 2 1 10 116 1440 115
3306 2 2 1 10 1422 1473 1472
3307 2 2 1 10 1498 1506 1500
3308 2 2 1 10 1422 1511 1470
3309 2 2 1 10 593 1475 47
3310 2 2 1 10 1426 1515 1428
3311 2 2 1 10 378 1439 377
3312 2 2 1 10 47 1506 593
3313 2 2 1 10 317 1510 1464
3314 2 2 1 10 1422 1480 1438
3315 2 2 1 10 592 1498 41
3316 2 2 1 10 588 1489 1427
3317 2 2 1 10 1427 1467 588
3318 2 2 1 10 1446 1514 1490
3319 2 2 1 10 55 1448 1447
3320 2 2 1 10 590 1446 365
3321 2 2 1 10 1422 1470 1443
3322 2 2 1 10 1437 1444 1420
3323 2 2 1 10 1421 1515 1435
3324 2 2 1 10 61 1508 60
3325 2 2 1 10 110 1504 109
3326 2 2 1 10 1469 1511 372
3327 2 2 1 10 1426 1473 1438
3328 2 2 1 10 1453 1517 1452
3329 2 2 1 10 1455 1517 1454
3330 2 2 1 10 1442 1486 309
3331 2 2 1 10 593 1506 592
3332 2 2 1 10 50 1476 49
3333 2 2 1 10 53 1447 52
3334 2 2 1 10 56 1448 55
3335 2 2 1 10 66 1450 65
3336 2 2 1 10 68 1477 67
3337 2 2 1 10 80 1481 79
3338 2 2 1 10 96 1456 95
3339 2 2 1 10 98 1457 97
3340 2 2 1 10 106 1482 105
3341 2 2 1 10 136 1461 135
3342 2 2 1 10 309 1486 155
3343 2 2 1 10 317 1464 316
3344 2 2 1 10 322 1465 321
3345 2 2 1 10 369 1468 368
3346 2 2 1 10 369 1469 370
3347 2 2 1 10 374 1471 373
3348 2 2 1 10 1431 1517 1455
3349 2 2 1 10 323 1439 322
3350 2 2 1 10 380 1496 379
3351 2 2 1 10 115 1440 114
3352 2 2 1 10 41 1514 591
3353 2 2 1 10 1438 1473 1422
3354 2 2 1 10 592 1506 1498
3355 2 2 1 10 118 1516 1440
3356 2 2 1 10 104 1507 103
3357 2 2 1 10 1462 1486 1428
3358 2 2 1 10 1441 1484 1458
3359 2 2 1 10 1434 1471 375
3360 2 2 1 10 1426 1496 1473
3361 2 2 1 10 114 1440 113
3362 2 2 1 10 1452 1517 1444
3363 2 2 1 10 1435 1491 1421
3364 2 2 1 10 1437 1474 1421
3365 2 2 1 10 1498 1500 1429
3366 2 2 1 10 1473 1496 1488
3367 2 2 1 10 1478 1480 1422
3368 2 2 1 10 1421 1491 1444
3369 2 2 1 10 373 1511 374
3370 2 2 1 10 1463 1518 1462
3371 2 2 1 10 365 1489 589
3372 2 2 1 10 145 1512 144
3373 2 2 1 10 1451 1452 1444
3374 2 2 1 10 1429 1448 1445
3375 2 2 1 10 1459 1525 1458
3376 2 2 1 10 314 1442 313
3377 2 2 1 10 375 1439 1434
3378 2 2 1 10 71 1478 1477
3379 2 2 1 10 1484 1485 124
3380 2 2 1 10 1498 1514 41
3381 2 2 1 10 51 1500 50
3382 2 2 1 10 370 1501 369
3383 2 2 1 10 1493 1505 142
3384 2 2 1 10 369 1490 1469
3385 2 2 1 10 371 1471 1434
3386 2 2 1 10 1441 1485 1484
3387 2 2 1 10 150 1518 149
3388 2 2 1 10 63 1509 62
3389 2 2 1 10 313 1442 312
3390 2 2 1 10 120 1516 119
3391 2 2 1 10 1434 1501 371
3392 2 2 1 10 320 1495 319
3393 2 2 1 10 1438 1480 1479
3394 2 2 1 10 1485 1497 123
3395 2 2 1 10 1464 1510 1428
3396 2 2 1 10 1469 1490 1423
3397 2 2 1 10 318 1510 317
3398 2 2 1 10 366 1489 365
3399 2 2 1 10 1480 1524 74
3400 2 2 1 10 1479 1480 75
3401 2 2 1 10 1428 1510 1426
3402 2 2 1 10 1502 1512 146
3403 2 2 1 10 1420 1517 1425
3404 2 2 1 10 1482 1507 105
3405 2 2 1 10 1433 1516 1497
3406 2 2 1 10 1500 1506 1476
3407 2 2 1 10 67 1519 66
3408 2 2 1 10 81 1520 80
3409 2 2 1 10 97 1521 96
3410 2 2 1 10 137 1522 136
3411 2 2 1 10 331 1499 330
3412 2 2 1 10 1447 1500 52
3413 2 2 1 10 1473 1488 1472
3414 2 2 1 10 1451 1491 83
3415 2 2 1 10 1466 1487 1434
3416 2 2 1 10 1423 1470 1469
3417 2 2 1 10 1497 1516 121
3418 2 2 1 10 1424 1485 1441
3419 2 2 1 10 101 1494 1457
3420 2 2 1 10 1421 1474 1463
3421 2 2 1 10 103 1523 102
3422 2 2 1 10 1441 1525 1420
3423 2 2 1 10 71 1524 1478
3424 2 2 1 10 1438 1515 1426
3425 2 2 1 10 73 1524 72
3426 2 2 1 10 1444 1517 1420
3427 2 2 1 10 1444 1491 1451
3428 2 2 1 10 1490 1514 1423
3429 2 2 1 10 1458 1525 1441
3430 2 2 1 10 1436 1504 1424
3431 2 2 1 10 109 1504 1482
3432 2 2 1 10 1422 1443 1430
3433 2 2 1 10 101 1523 1494
3434 2 2 1 10 1492 1505 1493
3435 2 2 1 10 1478 1524 1480
3436 2 2 1 10 1430 1478 1422
3437 2 2 1 10 1424 1504 1433
3438 2 2 1 10 1425 1517 1431
3439 2 2 1 10 1447 1448 1429
3440 2 2 1 10 143 1512 1493
3441 2 2 1 10 1433 1497 1424
3442 2 2 1 10 1491 1520 82
3443 2 2 1 10 1492 1522 138
3444 2 2 1 10 1446 1490 367
3445 2 2 1 10 1454 1517 1453
3446 2 2 1 10 1434 1487 1427
3447 2 2 1 10 55 1447 54
3448 2 2 1 10 58 1448 57
3449 2 2 1 10 60 1449 59
3450 2 2 1 10 64 1450 63
3451 2 2 1 10 84 1451 83
3452 2 2 1 10 86 1452 85
3453 2 2 1 10 88 1453 87
3454 2 2 1 10 90 1454 89
3455 2 2 1 10 92 1455 91
3456 2 2 1 10 94 1456 93
3457 2 2 1 10 100 1457 99
3458 2 2 1 10 128 1458 127
3459 2 2 1 10 130 1459 129
3460 2 2 1 10 132 1460 131
3461 2 2 1 10 134 1461 133
3462 2 2 1 10 151 1462 150
3463 2 2 1 10 315 1464 314
3464 2 2 1 10 324 1466 323
3465 2 2 1 10 329 1467 328
3466 2 2 1 10 367 1468 366
3467 2 2 1 10 371 1469 372
3468 2 2 1 10 372 1471 371
3469 2 2 1 10 374 1472 375
3470 2 2 1 10 379 1465 378
3471 2 2 1 10 1463 1515 1421
3472 2 2 1 10 1478 1519 1477
3473 2 2 1 10 1440 1483 113
3474 2 2 1 10 1443 1509 1430
3475 2 2 1 10 1494 1503 1425
3476 2 2 1 10 1437 1493 1474
3477 2 2 1 10 1476 1506 47
3478 2 2 1 10 1470 1511 1469
3479 2 2 1 10 1507 1523 103
3480 2 2 1 10 1483 1504 110
3481 2 2 1 10 60 1508 1449
3482 2 2 1 10 1445 1508 1443
3483 2 2 1 10 1448 1449 1445
3484 2 2 1 10 1424 1497 1485
3485 2 2 1 10 323 1466 1439
3486 2 2 1 10 45 1475 44
3487 2 2 1 10 49 1476 48
3488 2 2 1 10 54 1447 53
3489 2 2 1 10 57 1448 56
3490 2 2 1 10 59 1449 58
3491 2 2 1 10 65 1450 64
3492 2 2 1 10 69 1477 68
3493 2 2 1 10 76 1479 75
3494 2 2 1 10 79 1481 78
3495 2 2 1 10 85 1451 84
3496 2 2 1 10 87 1452 86
3497 2 2 1 10 89 1453 88
3498 2 2 1 10 91 1454 90
3499 2 2 1 10 93 1455 92
3500 2 2 1 10 95 1456 94
3501 2 2 1 10 99 1457 98
3502 2 2 1 10 101 1457 100
3503 2 2 1 10 107 1482 106
3504 2 2 1 10 111 1483 110
3505 2 2 1 10 127 1484 126
3506 2 2 1 10 129 1458 128
3507 2 2 1 10 131 1459 130
3508 2 2 1 10 133 1460 132
3509 2 2 1 10 135 1461 134
3510 2 2 1 10 152 1462 151
3511 2 2 1 10 155 1486 154
3512 2 2 1 10 316 1464 315
3513 2 2 1 10 321 1465 320
3514 2 2 1 10 325 1466 324
3515 2 2 1 10 328 1487 327
3516 2 2 1 10 330 1467 329
3517 2 2 1 10 368 1468 367
3518 2 2 1 10 370 1469 371
3519 2 2 1 10 373 1471 372
3520 2 2 1 10 375 1472 376
3521 2 2 1 10 378 1488 380
3522 2 2 1 10 46 1475 45
3523 2 2 1 10 48 1476 47
3524 2 2 1 10 70 1477 69
3525 2 2 1 10 77 1479 76
3526 2 2 1 10 78 1481 77
3527 2 2 1 10 108 1482 107
3528 2 2 1 10 112 1483 111
3529 2 2 1 10 126 1484 125
3530 2 2 1 10 154 1486 153
3531 2 2 1 10 327 1487 326
3532 2 2 1 10 377 1488 378
3533 2 2 1 10 148 1518 1502
3534 2 2 1 10 1427 1501 1434
3535 2 2 1 10 1430 1519 1478
3536 2 2 1 10 378 1465 1439
3537 2 2 1 10 61 1509 1508
3538 2 2 1 10 374 1511 1472
3539 2 2 1 10 1462 1518 150
3540 2 2 1 10 1450 1509 63
3541 2 2 1 10 1439 1465 322
3542 2 2 1 10 1494 1523 1503
3543 2 2 1 10 1468 1489 366
3544 2 2 1 10 1460 1525 1459
3545 2 2 1 10 1428 1486 1442
3546 2 2 1 10 1474 1502 1463
3547 2 2 1 10 330 1499 1467
3548 2 2 1 10 1449 1508 1445
3549 2 2 1 10 1503 1507 1436
3550 2 2 1 10 1432 1525 1460
3551 2 2 1 10 1494 1521 1457
3552 2 2 1 10 50 1500 1476
3553 2 2 1 10 369 1501 1468
3554 2 2 1 10 1492 1493 1437
3555 2 2 1 10 1424 1503 1436
3556 2 2 1 10 66 1519 1450
3557 2 2 1 10 1477 1519 67
3558 2 2 1 10 80 1520 1481
3559 2 2 1 10 96 1521 1456
3560 2 2 1 10 1457 1521 97
3561 2 2 1 10 136 1522 1461
3562 2 2 1 10 314 1464 1442
3563 2 2 1 10 1440 1516 1433
3564 2 2 1 10 379 1496 1495
3565 2 2 1 10 1427 1487 1467
3566 2 2 1 10 1427 1489 1468
3567 2 2 1 10 58 1449 1448
3568 2 2 1 10 85 1452 1451
3569 2 2 1 10 87 1453 1452
3570 2 2 1 10 89 1454 1453
3571 2 2 1 10 91 1455 1454
3572 2 2 1 10 93 1456 1455
3573 2 2 1 10 1458 1484 127
3574 2 2 1 10 129 1459 1458
3575 2 2 1 10 131 1460 1459
3576 2 2 1 10 133 1461 1460
3577 2 2 1 10 1467 1487 328
3578 2 2 1 10 1495 1510 318
3579 2 2 1 10 1433 1483 1440
3580 2 2 1 10 1431 1494 1425
3581 2 2 1 10 1431 1521 1494
3582 2 2 1 10 1455 1456 1431
3583 2 2 1 10 1460 1461 1432
3584 2 2 1 10 1465 1495 320
3585 2 2 1 10 379 1495 1465
3586 2 2 1 10 1430 1509 1450
3587 2 2 1 10 1442 1464 1428
3588 2 2 1 10 1429 1500 1447
3589 2 2 1 10 1433 1504 1483
3590 2 2 1 10 1436 1507 1482
3591 2 2 1 10 141 1505 140
3592 2 2 1 10 142 1505 141
3593 2 2 1 10 311 1513 310
3594 2 2 1 10 1426 1510 1496
3595 2 2 1 10 1482 1504 1436
3596 2 2 1 10 310 1513 1442
3597 2 2 1 10 1439 1466 1434
3598 2 2 1 10 1503 1523 1507
3599 2 2 1 10 312 1513 311
3600 2 2 1 10 1474 1512 1502
3601 2 2 1 10 1432 1522 1492
3602 2 2 1 10 1435 1520 1491
3603 2 2 1 10 319 1495 318
3604 2 2 1 10 1493 1512 1474
3605 2 2 1 10 1442 1513 312
3606 2 2 1 10 1468 1501 1427
3607 2 2 1 10 1496 1510 1495
3608 2 2 1 10 1508 1509 1443
3609 2 2 1 10 1502 1518 1463
3610 2 2 1 10 1450 1519 1430
3611 2 2 1 10 1456 1521 1431
3612 2 2 1 10 1461 1522 1432
3613 2 2 1 10 1481 1520 1435
3614 2 2 1 10 42 1475 593
3615 2 2 1 10 331 332 40
3616 2 2 1 10 590 365 589
3617 2 2 1 10 378 380 379
3618 2 2 1 11 262 264 263
$EndElements
